t,sim_time_s,aircraft_id,type,lat,lon,alt_m,status,mission_id,dest
1,1,EVTOL-01,EC35,31.3027575,120.5990372,199.9,BUSY,M-P-001,V1
1,1,L-UAV-01,AMZN,31.2998181,120.5976417,100.0,BUSY,M-L-001,V3
1,1,M-UAV-01,M600,31.3108767,120.6039862,98.5,AVAILABLE,,
1,1,M-UAV-02,M600,31.2971716,120.5956323,98.5,AVAILABLE,,
2,2,EVTOL-01,EC35,31.3030798,120.5992336,199.9,BUSY,M-P-001,V1
2,2,L-UAV-01,AMZN,31.2999319,120.5977281,100.0,BUSY,M-L-001,V3
2,2,M-UAV-01,M600,31.3108767,120.6039862,95.4,AVAILABLE,,
2,2,M-UAV-02,M600,31.2971716,120.5956323,95.4,AVAILABLE,,
3,3,EVTOL-01,EC35,31.3034022,120.5994301,199.9,BUSY,M-P-001,V1
3,3,L-UAV-01,AMZN,31.3000458,120.5978146,100.0,BUSY,M-L-001,V3
3,3,M-UAV-01,M600,31.3108767,120.6039862,90.8,AVAILABLE,,
3,3,M-UAV-02,M600,31.2971716,120.5956323,90.8,AVAILABLE,,
4,4,EVTOL-01,EC35,31.3037245,120.5996265,199.9,BUSY,M-P-001,V1
4,4,L-UAV-01,AMZN,31.3001597,120.5979010,100.0,BUSY,M-L-001,V3
4,4,M-UAV-01,M600,31.3108767,120.6039862,84.7,AVAILABLE,,
4,4,M-UAV-02,M600,31.2971716,120.5956323,84.7,AVAILABLE,,
5,5,EVTOL-01,EC35,31.3040468,120.5998230,199.9,BUSY,M-P-001,V1
5,5,L-UAV-01,AMZN,31.3002736,120.5979875,100.0,BUSY,M-L-001,V3
5,5,M-UAV-01,M600,31.3108767,120.6039862,77.1,AVAILABLE,,
5,5,M-UAV-02,M600,31.2971716,120.5956323,77.1,AVAILABLE,,
6,6,EVTOL-01,EC35,31.3043691,120.6000194,199.9,BUSY,M-P-001,V1
6,6,L-UAV-01,AMZN,31.3003875,120.5980739,100.0,BUSY,M-L-001,V3
6,6,M-UAV-01,M600,31.3108767,120.6039862,69.5,AVAILABLE,,
6,6,M-UAV-02,M600,31.2971716,120.5956323,69.5,AVAILABLE,,
7,7,EVTOL-01,EC35,31.3046914,120.6002159,199.9,BUSY,M-P-001,V1
7,7,L-UAV-01,AMZN,31.3005013,120.5981604,100.0,BUSY,M-L-001,V3
7,7,M-UAV-01,M600,31.3108767,120.6039862,61.9,AVAILABLE,,
7,7,M-UAV-02,M600,31.2971716,120.5956323,61.9,AVAILABLE,,
8,8,EVTOL-01,EC35,31.3050138,120.6004123,199.9,BUSY,M-P-001,V1
8,8,L-UAV-01,AMZN,31.3006152,120.5982469,100.0,BUSY,M-L-001,V3
8,8,M-UAV-01,M600,31.3108767,120.6039862,54.3,AVAILABLE,,
8,8,M-UAV-02,M600,31.2971716,120.5956323,54.3,AVAILABLE,,
9,9,EVTOL-01,EC35,31.3053361,120.6006088,199.9,BUSY,M-P-001,V1
9,9,L-UAV-01,AMZN,31.3007291,120.5983333,100.0,BUSY,M-L-001,V3
9,9,M-UAV-01,M600,31.3108767,120.6039862,46.6,AVAILABLE,,
9,9,M-UAV-02,M600,31.2971716,120.5956323,46.6,AVAILABLE,,
10,10,EVTOL-01,EC35,31.3056584,120.6008053,199.9,BUSY,M-P-001,V1
10,10,L-UAV-01,AMZN,31.3008430,120.5984198,100.0,BUSY,M-L-001,V3
10,10,M-UAV-01,M600,31.3108767,120.6039862,39.0,AVAILABLE,,
10,10,M-UAV-02,M600,31.2971716,120.5956323,39.0,AVAILABLE,,
11,11,EVTOL-01,EC35,31.3059807,120.6010017,199.9,BUSY,M-P-001,V1
11,11,L-UAV-01,AMZN,31.3009569,120.5985062,100.0,BUSY,M-L-001,V3
11,11,M-UAV-01,M600,31.3108767,120.6039862,31.4,AVAILABLE,,
11,11,M-UAV-02,M600,31.2971716,120.5956323,31.4,AVAILABLE,,
12,12,EVTOL-01,EC35,31.3063030,120.6011982,199.9,BUSY,M-P-001,V1
12,12,L-UAV-01,AMZN,31.3010708,120.5985927,100.0,BUSY,M-L-001,V3
12,12,M-UAV-01,M600,31.3108767,120.6039862,30.5,AVAILABLE,,
12,12,M-UAV-02,M600,31.2971716,120.5956323,30.5,AVAILABLE,,
13,13,EVTOL-01,EC35,31.3066254,120.6013946,199.9,BUSY,M-P-001,V1
13,13,L-UAV-01,AMZN,31.3011846,120.5986792,100.0,BUSY,M-L-001,V3
13,13,M-UAV-01,M600,31.3108767,120.6039862,30.5,AVAILABLE,,
13,13,M-UAV-02,M600,31.2971716,120.5956323,30.5,AVAILABLE,,
14,14,EVTOL-01,EC35,31.3069477,120.6015911,199.9,BUSY,M-P-001,V1
14,14,L-UAV-01,AMZN,31.3012985,120.5987656,100.0,BUSY,M-L-001,V3
14,14,M-UAV-01,M600,31.3108767,120.6039862,30.5,AVAILABLE,,
14,14,M-UAV-02,M600,31.2971716,120.5956323,30.5,AVAILABLE,,
15,15,EVTOL-01,EC35,31.3072700,120.6017876,199.9,BUSY,M-P-001,V1
15,15,L-UAV-01,AMZN,31.3014124,120.5988521,100.0,BUSY,M-L-001,V3
15,15,M-UAV-01,M600,31.3108767,120.6039862,30.5,AVAILABLE,,
15,15,M-UAV-02,M600,31.2971716,120.5956323,30.5,AVAILABLE,,
16,16,EVTOL-01,EC35,31.3075923,120.6019840,199.9,BUSY,M-P-001,V1
16,16,L-UAV-01,AMZN,31.3015263,120.5989385,100.0,BUSY,M-L-001,V3
16,16,M-UAV-01,M600,31.3108767,120.6039862,30.5,AVAILABLE,,
16,16,M-UAV-02,M600,31.2971716,120.5956323,30.5,AVAILABLE,,
17,17,EVTOL-01,EC35,31.3079146,120.6021805,199.9,BUSY,M-P-001,V1
17,17,L-UAV-01,AMZN,31.3016402,120.5990250,100.0,BUSY,M-L-001,V3
17,17,M-UAV-01,M600,31.3108767,120.6039862,30.5,AVAILABLE,,
17,17,M-UAV-02,M600,31.2971716,120.5956323,30.5,AVAILABLE,,
18,18,EVTOL-01,EC35,31.3082369,120.6023770,199.9,BUSY,M-P-001,V1
18,18,L-UAV-01,AMZN,31.3017540,120.5991115,100.0,BUSY,M-L-001,V3
18,18,M-UAV-01,M600,31.3108767,120.6039862,30.5,AVAILABLE,,
18,18,M-UAV-02,M600,31.2971716,120.5956323,30.5,AVAILABLE,,
19,19,EVTOL-01,EC35,31.3085592,120.6025735,199.9,BUSY,M-P-001,V1
19,19,L-UAV-01,AMZN,31.3018679,120.5991979,100.0,BUSY,M-L-001,V3
19,19,M-UAV-01,M600,31.3108767,120.6039862,30.5,AVAILABLE,,
19,19,M-UAV-02,M600,31.2971716,120.5956323,30.5,AVAILABLE,,
20,20,EVTOL-01,EC35,31.3088816,120.6027699,199.9,BUSY,M-P-001,V1
20,20,L-UAV-01,AMZN,31.3019818,120.5992844,100.0,BUSY,M-L-001,V3
20,20,M-UAV-01,M600,31.3108767,120.6039862,30.5,AVAILABLE,,
20,20,M-UAV-02,M600,31.2971716,120.5956323,30.5,AVAILABLE,,
21,21,EVTOL-01,EC35,31.3092039,120.6029664,199.9,BUSY,M-P-001,V1
21,21,L-UAV-01,AMZN,31.3020957,120.5993708,100.0,BUSY,M-L-001,V3
21,21,M-UAV-01,M600,31.3108767,120.6039862,30.5,AVAILABLE,,
21,21,M-UAV-02,M600,31.2971716,120.5956323,30.5,AVAILABLE,,
22,22,EVTOL-01,EC35,31.3095262,120.6031629,199.9,BUSY,M-P-001,V1
22,22,L-UAV-01,AMZN,31.3022096,120.5994573,100.0,BUSY,M-L-001,V3
22,22,M-UAV-01,M600,31.3108767,120.6039862,30.5,AVAILABLE,,
22,22,M-UAV-02,M600,31.2971716,120.5956323,30.5,AVAILABLE,,
23,23,EVTOL-01,EC35,31.3098485,120.6033594,199.9,BUSY,M-P-001,V1
23,23,L-UAV-01,AMZN,31.3023235,120.5995438,100.0,BUSY,M-L-001,V3
23,23,M-UAV-01,M600,31.3108767,120.6039862,30.5,AVAILABLE,,
23,23,M-UAV-02,M600,31.2971716,120.5956323,30.5,AVAILABLE,,
24,24,EVTOL-01,EC35,31.3101708,120.6035558,199.9,BUSY,M-P-001,V2
24,24,L-UAV-01,AMZN,31.3024373,120.5996302,100.0,BUSY,M-L-001,V3
24,24,M-UAV-01,M600,31.3108767,120.6039862,30.5,AVAILABLE,,
24,24,M-UAV-02,M600,31.2971716,120.5956323,30.5,AVAILABLE,,
25,25,EVTOL-01,EC35,31.3105098,120.6037083,199.9,BUSY,M-P-001,V2
25,25,L-UAV-01,AMZN,31.3025512,120.5997167,100.0,BUSY,M-L-001,V3
25,25,M-UAV-01,M600,31.3108767,120.6039862,30.5,AVAILABLE,,
25,25,M-UAV-02,M600,31.2971716,120.5956323,30.5,AVAILABLE,,
26,26,EVTOL-01,EC35,31.3108614,120.6038150,199.9,BUSY,M-P-001,V2
26,26,L-UAV-01,AMZN,31.3026651,120.5998031,100.0,BUSY,M-L-001,V3
26,26,M-UAV-01,M600,31.3108767,120.6039862,30.5,AVAILABLE,,
26,26,M-UAV-02,M600,31.2971716,120.5956323,30.5,AVAILABLE,,
27,27,EVTOL-01,EC35,31.3112210,120.6038745,199.9,BUSY,M-P-001,V2
27,27,L-UAV-01,AMZN,31.3027790,120.5998896,100.0,BUSY,M-L-001,V3
27,27,M-UAV-01,M600,31.3108767,120.6039862,30.5,AVAILABLE,,
27,27,M-UAV-02,M600,31.2971716,120.5956323,30.5,AVAILABLE,,
28,28,EVTOL-01,EC35,31.3115841,120.6038861,199.9,BUSY,M-P-001,V2
28,28,L-UAV-01,AMZN,31.3028929,120.5999761,100.0,BUSY,M-L-001,V3
28,28,M-UAV-01,M600,31.3108767,120.6039862,30.5,AVAILABLE,,
28,28,M-UAV-02,M600,31.2971716,120.5956323,30.5,AVAILABLE,,
29,29,EVTOL-01,EC35,31.3119459,120.6038496,199.9,BUSY,M-P-001,V2
29,29,L-UAV-01,AMZN,31.3030067,120.6000625,100.0,BUSY,M-L-001,V3
29,29,M-UAV-01,M600,31.3108767,120.6039862,30.5,AVAILABLE,,
29,29,M-UAV-02,M600,31.2971716,120.5956323,30.5,AVAILABLE,,
30,30,EVTOL-01,EC35,31.3123019,120.6037655,199.9,BUSY,M-P-001,V2
30,30,L-UAV-01,AMZN,31.3031206,120.6001490,100.0,BUSY,M-L-001,V3
30,30,M-UAV-01,M600,31.3108767,120.6039862,30.5,AVAILABLE,,
30,30,M-UAV-02,M600,31.2971716,120.5956323,30.5,AVAILABLE,,
31,31,EVTOL-01,EC35,31.3126475,120.6036348,199.9,BUSY,M-P-001,V2
31,31,L-UAV-01,AMZN,31.3032345,120.6002355,100.0,BUSY,M-L-001,V3
31,31,M-UAV-01,M600,31.3108767,120.6039862,30.5,AVAILABLE,,
31,31,M-UAV-02,M600,31.2971716,120.5956323,30.5,AVAILABLE,,
32,32,EVTOL-01,EC35,31.3129783,120.6034592,199.9,BUSY,M-P-001,V2
32,32,L-UAV-01,AMZN,31.3033484,120.6003219,100.0,BUSY,M-L-001,V3
32,32,M-UAV-01,M600,31.3108767,120.6039862,30.5,AVAILABLE,,
32,32,M-UAV-02,M600,31.2971716,120.5956323,30.5,AVAILABLE,,
33,33,EVTOL-01,EC35,31.3132900,120.6032410,199.9,BUSY,M-P-001,V2
33,33,L-UAV-01,AMZN,31.3034623,120.6004084,100.0,BUSY,M-L-001,V3
33,33,M-UAV-01,M600,31.3108767,120.6039862,30.5,AVAILABLE,,
33,33,M-UAV-02,M600,31.2971716,120.5956323,30.5,AVAILABLE,,
34,34,EVTOL-01,EC35,31.3135787,120.6029830,199.9,BUSY,M-P-001,V2
34,34,L-UAV-01,AMZN,31.3035761,120.6004948,100.0,BUSY,M-L-001,V3
34,34,M-UAV-01,M600,31.3108767,120.6039862,30.5,AVAILABLE,,
34,34,M-UAV-02,M600,31.2971716,120.5956323,30.5,AVAILABLE,,
35,35,EVTOL-01,EC35,31.3138406,120.6026885,199.9,BUSY,M-P-001,V2
35,35,L-UAV-01,AMZN,31.3036900,120.6005813,100.0,BUSY,M-L-001,V3
35,35,M-UAV-01,M600,31.3108767,120.6039862,30.5,AVAILABLE,,
35,35,M-UAV-02,M600,31.2971716,120.5956323,30.5,AVAILABLE,,
36,36,EVTOL-01,EC35,31.3140723,120.6023612,199.9,BUSY,M-P-001,V2
36,36,L-UAV-01,AMZN,31.3038039,120.6006678,100.0,BUSY,M-L-001,V3
36,36,M-UAV-01,M600,31.3108767,120.6039862,30.5,AVAILABLE,,
36,36,M-UAV-02,M600,31.2971716,120.5956323,30.5,AVAILABLE,,
37,37,EVTOL-01,EC35,31.3142711,120.6020054,199.9,BUSY,M-P-001,V2
37,37,L-UAV-01,AMZN,31.3039178,120.6007542,100.0,BUSY,M-L-001,V3
37,37,M-UAV-01,M600,31.3108767,120.6039862,30.5,AVAILABLE,,
37,37,M-UAV-02,M600,31.2971716,120.5956323,30.5,AVAILABLE,,
38,38,EVTOL-01,EC35,31.3144341,120.6016255,199.9,BUSY,M-P-001,V2
38,38,L-UAV-01,AMZN,31.3040317,120.6008407,100.0,BUSY,M-L-001,V3
38,38,M-UAV-01,M600,31.3108767,120.6039862,30.5,AVAILABLE,,
38,38,M-UAV-02,M600,31.2971716,120.5956323,30.5,AVAILABLE,,
39,39,EVTOL-01,EC35,31.3145595,120.6012265,199.9,BUSY,M-P-001,V2
39,39,L-UAV-01,AMZN,31.3041455,120.6009272,100.0,BUSY,M-L-001,V3
39,39,M-UAV-01,M600,31.3108767,120.6039862,30.5,AVAILABLE,,
39,39,M-UAV-02,M600,31.2971716,120.5956323,30.5,AVAILABLE,,
40,40,EVTOL-01,EC35,31.3146456,120.6008135,199.9,BUSY,M-P-001,V2
40,40,L-UAV-01,AMZN,31.3042594,120.6010136,100.0,BUSY,M-L-001,V3
40,40,M-UAV-01,M600,31.3108767,120.6039862,30.5,AVAILABLE,,
40,40,M-UAV-02,M600,31.2971716,120.5956323,30.5,AVAILABLE,,
41,41,EVTOL-01,EC35,31.3146912,120.6003918,199.9,BUSY,M-P-001,V2
41,41,L-UAV-01,AMZN,31.3043733,120.6011001,100.0,BUSY,M-L-001,V3
41,41,M-UAV-01,M600,31.3108767,120.6039862,30.5,AVAILABLE,,
41,41,M-UAV-02,M600,31.2971716,120.5956323,30.5,AVAILABLE,,
42,42,EVTOL-01,EC35,31.3146958,120.5999667,199.9,BUSY,M-P-001,V2
42,42,L-UAV-01,AMZN,31.3044872,120.6011866,100.0,BUSY,M-L-001,V3
42,42,M-UAV-01,M600,31.3108767,120.6039862,30.5,AVAILABLE,,
42,42,M-UAV-02,M600,31.2971716,120.5956323,30.5,AVAILABLE,,
43,43,EVTOL-01,EC35,31.3146594,120.5995437,199.9,BUSY,M-P-001,V2
43,43,L-UAV-01,AMZN,31.3046011,120.6012730,100.0,BUSY,M-L-001,V3
43,43,M-UAV-01,M600,31.3108767,120.6039862,30.5,AVAILABLE,,
43,43,M-UAV-02,M600,31.2971716,120.5956323,30.5,AVAILABLE,,
44,44,EVTOL-01,EC35,31.3145824,120.5991283,199.9,BUSY,M-P-001,V2
44,44,L-UAV-01,AMZN,31.3047149,120.6013595,100.0,BUSY,M-L-001,V3
44,44,M-UAV-01,M600,31.3108767,120.6039862,30.5,AVAILABLE,,
44,44,M-UAV-02,M600,31.2971716,120.5956323,30.5,AVAILABLE,,
45,45,EVTOL-01,EC35,31.3144657,120.5987257,199.9,BUSY,M-P-001,V2
45,45,L-UAV-01,AMZN,31.3048288,120.6014460,100.0,BUSY,M-L-001,V3
45,45,M-UAV-01,M600,31.3108767,120.6039862,30.5,AVAILABLE,,
45,45,M-UAV-02,M600,31.2971716,120.5956323,30.5,AVAILABLE,,
46,46,EVTOL-01,EC35,31.3143110,120.5983411,199.9,BUSY,M-P-001,V2
46,46,L-UAV-01,AMZN,31.3049427,120.6015324,100.0,BUSY,M-L-001,V3
46,46,M-UAV-01,M600,31.3108767,120.6039862,30.5,AVAILABLE,,
46,46,M-UAV-02,M600,31.2971716,120.5956323,30.5,AVAILABLE,,
47,47,EVTOL-01,EC35,31.3141201,120.5979794,199.9,BUSY,M-P-001,V2
47,47,L-UAV-01,AMZN,31.3050566,120.6016189,100.0,BUSY,M-L-001,V3
47,47,M-UAV-01,M600,31.3108767,120.6039862,30.5,AVAILABLE,,
47,47,M-UAV-02,M600,31.2971716,120.5956323,30.5,AVAILABLE,,
48,48,EVTOL-01,EC35,31.3138955,120.5976453,199.9,BUSY,M-P-001,V2
48,48,L-UAV-01,AMZN,31.3051705,120.6017054,100.0,BUSY,M-L-001,V3
48,48,M-UAV-01,M600,31.3108767,120.6039862,30.5,AVAILABLE,,
48,48,M-UAV-02,M600,31.2971716,120.5956323,30.5,AVAILABLE,,
49,49,EVTOL-01,EC35,31.3136401,120.5973430,199.9,BUSY,M-P-001,V2
49,49,L-UAV-01,AMZN,31.3052843,120.6017918,100.0,BUSY,M-L-001,V3
49,49,M-UAV-01,M600,31.3108767,120.6039862,30.5,AVAILABLE,,
49,49,M-UAV-02,M600,31.2971716,120.5956323,30.5,AVAILABLE,,
50,50,EVTOL-01,EC35,31.3133572,120.5970765,199.9,BUSY,M-P-001,V2
50,50,L-UAV-01,AMZN,31.3053982,120.6018783,100.0,BUSY,M-L-001,V3
50,50,M-UAV-01,M600,31.3108767,120.6039862,30.5,AVAILABLE,,
50,50,M-UAV-02,M600,31.2971716,120.5956323,30.5,AVAILABLE,,
51,51,EVTOL-01,EC35,31.3130503,120.5968491,199.9,BUSY,M-P-001,V2
51,51,L-UAV-01,AMZN,31.3055121,120.6019648,100.0,BUSY,M-L-001,V3
51,51,M-UAV-01,M600,31.3108767,120.6039862,30.5,AVAILABLE,,
51,51,M-UAV-02,M600,31.2971716,120.5956323,30.5,AVAILABLE,,
52,52,EVTOL-01,EC35,31.3127235,120.5966637,199.9,BUSY,M-P-001,V2
52,52,L-UAV-01,AMZN,31.3056260,120.6020512,100.0,BUSY,M-L-001,V3
52,52,M-UAV-01,M600,31.3108767,120.6039862,30.5,AVAILABLE,,
52,52,M-UAV-02,M600,31.2971716,120.5956323,30.5,AVAILABLE,,
53,53,EVTOL-01,EC35,31.3123809,120.5965228,199.9,BUSY,M-P-001,V2
53,53,L-UAV-01,AMZN,31.3057399,120.6021377,100.0,BUSY,M-L-001,V3
53,53,M-UAV-01,M600,31.3108767,120.6039862,30.5,AVAILABLE,,
53,53,M-UAV-02,M600,31.2971716,120.5956323,30.5,AVAILABLE,,
54,54,EVTOL-01,EC35,31.3120268,120.5964280,199.9,BUSY,M-P-001,V2
54,54,L-UAV-01,AMZN,31.3058537,120.6022242,100.0,BUSY,M-L-001,V2
54,54,M-UAV-01,M600,31.3108767,120.6039862,30.5,AVAILABLE,,
54,54,M-UAV-02,M600,31.2971716,120.5956323,30.5,AVAILABLE,,
55,55,EVTOL-01,EC35,31.3116659,120.5963807,199.9,BUSY,M-P-001,V2
55,55,L-UAV-01,AMZN,31.3059843,120.6022668,100.0,BUSY,M-L-001,V2
55,55,M-UAV-01,M600,31.3108767,120.6039862,30.5,AVAILABLE,,
55,55,M-UAV-02,M600,31.2971716,120.5956323,30.5,AVAILABLE,,
56,56,EVTOL-01,EC35,31.3113030,120.5963620,199.9,BUSY,M-P-001,V2
56,56,L-UAV-01,AMZN,31.3061198,120.6022618,100.0,BUSY,M-L-001,V2
56,56,M-UAV-01,M600,31.3108767,120.6039862,30.5,AVAILABLE,,
56,56,M-UAV-02,M600,31.2971716,120.5956323,30.5,AVAILABLE,,
57,57,EVTOL-01,EC35,31.3109402,120.5963432,199.9,BUSY,M-P-001,V2
57,57,L-UAV-01,AMZN,31.3062478,120.6022097,100.0,BUSY,M-L-001,V2
57,57,M-UAV-01,M600,31.3108767,120.6039862,30.5,AVAILABLE,,
57,57,M-UAV-02,M600,31.2971716,120.5956323,30.5,AVAILABLE,,
58,58,EVTOL-01,EC35,31.3105774,120.5963245,199.9,BUSY,M-P-001,V2
58,58,L-UAV-01,AMZN,31.3063567,120.6021152,100.0,BUSY,M-L-001,V2
58,58,M-UAV-01,M600,31.3108767,120.6039862,30.5,AVAILABLE,,
58,58,M-UAV-02,M600,31.2971716,120.5956323,30.5,AVAILABLE,,
59,59,EVTOL-01,EC35,31.3102145,120.5963058,199.9,BUSY,M-P-001,V2
59,59,L-UAV-01,AMZN,31.3064365,120.6019870,100.0,BUSY,M-L-001,V2
59,59,M-UAV-01,M600,31.3108767,120.6039862,30.5,AVAILABLE,,
59,59,M-UAV-02,M600,31.2971716,120.5956323,30.5,AVAILABLE,,
60,60,EVTOL-01,EC35,31.3098517,120.5962870,199.9,BUSY,M-P-001,V2
60,60,L-UAV-01,AMZN,31.3064798,120.6018367,100.0,BUSY,M-L-001,V2
60,60,M-UAV-01,M600,31.3108767,120.6039862,30.5,AVAILABLE,,
60,60,M-UAV-02,M600,31.2971716,120.5956323,30.5,AVAILABLE,,
61,61,EVTOL-01,EC35,31.3094888,120.5962683,199.9,BUSY,M-P-001,V2
61,61,L-UAV-01,AMZN,31.3064829,120.6016781,100.0,BUSY,M-L-001,V2
61,61,M-UAV-01,M600,31.3108767,120.6039862,30.5,AVAILABLE,,
61,61,M-UAV-02,M600,31.2971716,120.5956323,30.5,AVAILABLE,,
62,62,EVTOL-01,EC35,31.3091260,120.5962495,199.9,BUSY,M-P-001,V2
62,62,L-UAV-01,AMZN,31.3064453,120.6015256,100.0,BUSY,M-L-001,V2
62,62,M-UAV-01,M600,31.3108767,120.6039862,30.5,AVAILABLE,,
62,62,M-UAV-02,M600,31.2971716,120.5956323,30.5,AVAILABLE,,
63,63,EVTOL-01,EC35,31.3087632,120.5962308,199.9,BUSY,M-P-001,V2
63,63,L-UAV-01,AMZN,31.3063705,120.6013933,100.0,BUSY,M-L-001,V2
63,63,M-UAV-01,M600,31.3108767,120.6039862,30.5,AVAILABLE,,
63,63,M-UAV-02,M600,31.2971716,120.5956323,30.5,AVAILABLE,,
64,64,EVTOL-01,EC35,31.3084003,120.5962121,199.9,BUSY,M-P-001,V2
64,64,L-UAV-01,AMZN,31.3062654,120.6012932,100.0,BUSY,M-L-001,V2
64,64,M-UAV-01,M600,31.3108767,120.6039862,30.5,AVAILABLE,,
64,64,M-UAV-02,M600,31.2971716,120.5956323,30.5,AVAILABLE,,
65,65,EVTOL-01,EC35,31.3080375,120.5961933,199.9,BUSY,M-P-001,V2
65,65,L-UAV-01,AMZN,31.3061457,120.6012187,100.0,BUSY,M-L-001,V2
65,65,M-UAV-01,M600,31.3108767,120.6039862,30.5,AVAILABLE,,
65,65,M-UAV-02,M600,31.2971716,120.5956323,30.5,AVAILABLE,,
66,66,EVTOL-01,EC35,31.3076747,120.5961746,199.9,BUSY,M-P-001,V2
66,66,L-UAV-01,AMZN,31.3060261,120.6011442,100.0,BUSY,M-L-001,V2
66,66,M-UAV-01,M600,31.3108767,120.6039862,30.5,AVAILABLE,,
66,66,M-UAV-02,M600,31.2971716,120.5956323,30.5,AVAILABLE,,
67,67,EVTOL-01,EC35,31.3073118,120.5961559,199.9,BUSY,M-P-001,V2
67,67,L-UAV-01,AMZN,31.3059064,120.6010697,100.0,BUSY,M-L-001,V2
67,67,M-UAV-01,M600,31.3108767,120.6039862,30.5,AVAILABLE,,
67,67,M-UAV-02,M600,31.2971716,120.5956323,30.5,AVAILABLE,,
68,68,EVTOL-01,EC35,31.3069490,120.5961371,199.9,BUSY,M-P-001,V2
68,68,L-UAV-01,AMZN,31.3057867,120.6009952,100.0,BUSY,M-L-001,V2
68,68,M-UAV-01,M600,31.3108767,120.6039862,30.5,AVAILABLE,,
68,68,M-UAV-02,M600,31.2971716,120.5956323,30.5,AVAILABLE,,
69,69,EVTOL-01,EC35,31.3065861,120.5961184,199.9,BUSY,M-P-001,V2
69,69,L-UAV-01,AMZN,31.3056671,120.6009207,100.0,BUSY,M-L-001,V2
69,69,M-UAV-01,M600,31.3108767,120.6039862,30.5,AVAILABLE,,
69,69,M-UAV-02,M600,31.2971716,120.5956323,30.5,AVAILABLE,,
70,70,EVTOL-01,EC35,31.3062233,120.5960997,199.9,BUSY,M-P-001,V2
70,70,L-UAV-01,AMZN,31.3055474,120.6008462,100.0,BUSY,M-L-001,V2
70,70,M-UAV-01,M600,31.3108767,120.6039862,30.5,AVAILABLE,,
70,70,M-UAV-02,M600,31.2971716,120.5956323,30.5,AVAILABLE,,
71,71,EVTOL-01,EC35,31.3058605,120.5960809,199.9,BUSY,M-P-001,V2
71,71,L-UAV-01,AMZN,31.3054277,120.6007717,100.0,BUSY,M-L-001,V2
71,71,M-UAV-01,M600,31.3108767,120.6039862,30.5,AVAILABLE,,
71,71,M-UAV-02,M600,31.2971716,120.5956323,30.5,AVAILABLE,,
72,72,EVTOL-01,EC35,31.3054976,120.5960622,199.9,BUSY,M-P-001,V2
72,72,L-UAV-01,AMZN,31.3053080,120.6006972,100.0,BUSY,M-L-001,V2
72,72,M-UAV-01,M600,31.3108767,120.6039862,30.5,AVAILABLE,,
72,72,M-UAV-02,M600,31.2971716,120.5956323,30.5,AVAILABLE,,
73,73,EVTOL-01,EC35,31.3051348,120.5960435,199.9,BUSY,M-P-001,V2
73,73,L-UAV-01,AMZN,31.3051884,120.6006227,100.0,BUSY,M-L-001,V2
73,73,M-UAV-01,M600,31.3108767,120.6039862,30.5,AVAILABLE,,
73,73,M-UAV-02,M600,31.2971716,120.5956323,30.5,AVAILABLE,,
74,74,EVTOL-01,EC35,31.3047720,120.5960247,199.9,BUSY,M-P-001,V2
74,74,L-UAV-01,AMZN,31.3050687,120.6005482,100.0,BUSY,M-L-001,V2
74,74,M-UAV-01,M600,31.3108767,120.6039862,30.5,AVAILABLE,,
74,74,M-UAV-02,M600,31.2971716,120.5956323,30.5,AVAILABLE,,
75,75,EVTOL-01,EC35,31.3044091,120.5960060,199.9,BUSY,M-P-001,V2
75,75,L-UAV-01,AMZN,31.3049490,120.6004737,100.0,BUSY,M-L-001,V2
75,75,M-UAV-01,M600,31.3108767,120.6039862,30.5,AVAILABLE,,
75,75,M-UAV-02,M600,31.2971716,120.5956323,30.5,AVAILABLE,,
76,76,EVTOL-01,EC35,31.3040463,120.5959873,199.9,BUSY,M-P-001,V2
76,76,L-UAV-01,AMZN,31.3048294,120.6003992,100.0,BUSY,M-L-001,V2
76,76,M-UAV-01,M600,31.3108767,120.6039862,30.5,AVAILABLE,,
76,76,M-UAV-02,M600,31.2971716,120.5956323,30.5,AVAILABLE,,
77,77,EVTOL-01,EC35,31.3036834,120.5959685,199.9,BUSY,M-P-001,V2
77,77,L-UAV-01,AMZN,31.3047097,120.6003247,100.0,BUSY,M-L-001,V2
77,77,M-UAV-01,M600,31.3108767,120.6039862,30.5,AVAILABLE,,
77,77,M-UAV-02,M600,31.2971716,120.5956323,30.5,AVAILABLE,,
78,78,EVTOL-01,EC35,31.3033206,120.5959498,199.9,BUSY,M-P-001,V2
78,78,L-UAV-01,AMZN,31.3045900,120.6002502,100.0,BUSY,M-L-001,V2
78,78,M-UAV-01,M600,31.3108767,120.6039862,30.5,AVAILABLE,,
78,78,M-UAV-02,M600,31.2971716,120.5956323,30.5,AVAILABLE,,
79,79,EVTOL-01,EC35,31.3029578,120.5959311,199.9,BUSY,M-P-001,V2
79,79,L-UAV-01,AMZN,31.3044703,120.6001757,100.0,BUSY,M-L-001,V2
79,79,M-UAV-01,M600,31.3108767,120.6039862,30.5,AVAILABLE,,
79,79,M-UAV-02,M600,31.2971716,120.5956323,30.5,AVAILABLE,,
80,80,EVTOL-01,EC35,31.3025949,120.5959123,199.9,BUSY,M-P-001,V2
80,80,L-UAV-01,AMZN,31.3043507,120.6001012,100.0,BUSY,M-L-001,V2
80,80,M-UAV-01,M600,31.3108767,120.6039862,30.5,AVAILABLE,,
80,80,M-UAV-02,M600,31.2971716,120.5956323,30.5,AVAILABLE,,
81,81,EVTOL-01,EC35,31.3022321,120.5958936,199.9,BUSY,M-P-001,V2
81,81,L-UAV-01,AMZN,31.3042310,120.6000267,100.0,BUSY,M-L-001,V2
81,81,M-UAV-01,M600,31.3108767,120.6039862,30.5,AVAILABLE,,
81,81,M-UAV-02,M600,31.2971716,120.5956323,30.5,AVAILABLE,,
82,82,EVTOL-01,EC35,31.3018693,120.5958749,199.9,BUSY,M-P-001,V2
82,82,L-UAV-01,AMZN,31.3041113,120.5999522,100.0,BUSY,M-L-001,V2
82,82,M-UAV-01,M600,31.3108767,120.6039862,30.5,AVAILABLE,,
82,82,M-UAV-02,M600,31.2971716,120.5956323,30.5,AVAILABLE,,
83,83,EVTOL-01,EC35,31.3015064,120.5958561,199.9,BUSY,M-P-001,V2
83,83,L-UAV-01,AMZN,31.3039917,120.5998777,100.0,BUSY,M-L-001,V2
83,83,M-UAV-01,M600,31.3108767,120.6039862,30.5,AVAILABLE,,
83,83,M-UAV-02,M600,31.2971716,120.5956323,30.5,AVAILABLE,,
84,84,EVTOL-01,EC35,31.3011436,120.5958374,199.9,BUSY,M-P-001,V2
84,84,L-UAV-01,AMZN,31.3038720,120.5998032,100.0,BUSY,M-L-001,V2
84,84,M-UAV-01,M600,31.3108767,120.6039862,30.5,AVAILABLE,,
84,84,M-UAV-02,M600,31.2971716,120.5956323,30.5,AVAILABLE,,
85,85,EVTOL-01,EC35,31.3007807,120.5958187,199.9,BUSY,M-P-001,V2
85,85,L-UAV-01,AMZN,31.3037523,120.5997287,100.0,BUSY,M-L-001,V2
85,85,M-UAV-01,M600,31.3108767,120.6039862,30.5,AVAILABLE,,
85,85,M-UAV-02,M600,31.2971716,120.5956323,30.5,AVAILABLE,,
86,86,EVTOL-01,EC35,31.3004179,120.5957999,199.9,BUSY,M-P-001,V2
86,86,L-UAV-01,AMZN,31.3036326,120.5996542,100.0,BUSY,M-L-001,V2
86,86,M-UAV-01,M600,31.3108767,120.6039862,30.5,AVAILABLE,,
86,86,M-UAV-02,M600,31.2971716,120.5956323,30.5,AVAILABLE,,
87,87,EVTOL-01,EC35,31.3000551,120.5957812,199.9,BUSY,M-P-001,V2
87,87,L-UAV-01,AMZN,31.3035130,120.5995797,100.0,BUSY,M-L-001,V2
87,87,M-UAV-01,M600,31.3108767,120.6039862,30.5,AVAILABLE,,
87,87,M-UAV-02,M600,31.2971716,120.5956323,30.5,AVAILABLE,,
88,88,EVTOL-01,EC35,31.2996922,120.5957625,199.9,BUSY,M-P-001,V2
88,88,L-UAV-01,AMZN,31.3033933,120.5995052,100.0,BUSY,M-L-001,V2
88,88,M-UAV-01,M600,31.3108767,120.6039862,30.5,AVAILABLE,,
88,88,M-UAV-02,M600,31.2971716,120.5956323,30.5,AVAILABLE,,
89,89,EVTOL-01,EC35,31.2993294,120.5957437,199.9,BUSY,M-P-001,V2
89,89,L-UAV-01,AMZN,31.3032736,120.5994307,100.0,BUSY,M-L-001,V2
89,89,M-UAV-01,M600,31.3108767,120.6039862,30.5,AVAILABLE,,
89,89,M-UAV-02,M600,31.2971716,120.5956323,30.5,AVAILABLE,,
90,90,EVTOL-01,EC35,31.2989666,120.5957250,199.9,BUSY,M-P-001,V2
90,90,L-UAV-01,AMZN,31.3031540,120.5993562,100.0,BUSY,M-L-001,V2
90,90,M-UAV-01,M600,31.3108767,120.6039862,30.5,AVAILABLE,,
90,90,M-UAV-02,M600,31.2971716,120.5956323,30.5,AVAILABLE,,
91,91,EVTOL-01,EC35,31.2986037,120.5957063,199.9,BUSY,M-P-001,V2
91,91,L-UAV-01,AMZN,31.3030343,120.5992817,100.0,BUSY,M-L-001,V2
91,91,M-UAV-01,M600,31.3108767,120.6039862,30.5,AVAILABLE,,
91,91,M-UAV-02,M600,31.2971716,120.5956323,30.5,AVAILABLE,,
92,92,EVTOL-01,EC35,31.2982409,120.5956875,199.9,BUSY,M-P-001,V2
92,92,L-UAV-01,AMZN,31.3029146,120.5992072,100.0,BUSY,M-L-001,V2
92,92,M-UAV-01,M600,31.3108767,120.6039862,30.5,AVAILABLE,,
92,92,M-UAV-02,M600,31.2971716,120.5956323,30.5,AVAILABLE,,
93,93,EVTOL-01,EC35,31.2978780,120.5956688,199.9,BUSY,M-P-001,V1
93,93,L-UAV-01,AMZN,31.3027949,120.5991327,100.0,BUSY,M-L-001,V2
93,93,M-UAV-01,M600,31.3108767,120.6039862,30.5,AVAILABLE,,
93,93,M-UAV-02,M600,31.2971716,120.5956323,30.5,AVAILABLE,,
94,94,EVTOL-01,EC35,31.2975157,120.5956982,199.9,BUSY,M-P-001,V1
94,94,L-UAV-01,AMZN,31.3026753,120.5990582,100.0,BUSY,M-L-001,V2
94,94,M-UAV-01,M600,31.3108767,120.6039862,30.5,AVAILABLE,,
94,94,M-UAV-02,M600,31.2971716,120.5956323,30.5,AVAILABLE,,
95,95,EVTOL-01,EC35,31.2971586,120.5957753,199.9,BUSY,M-P-001,V1
95,95,L-UAV-01,AMZN,31.3025556,120.5989837,100.0,BUSY,M-L-001,V2
95,95,M-UAV-01,M600,31.3108767,120.6039862,30.5,AVAILABLE,,
95,95,M-UAV-02,M600,31.2971716,120.5956323,30.5,AVAILABLE,,
96,96,EVTOL-01,EC35,31.2968111,120.5958991,199.9,BUSY,M-P-001,V1
96,96,L-UAV-01,AMZN,31.3024359,120.5989092,100.0,BUSY,M-L-001,V2
96,96,M-UAV-01,M600,31.3108767,120.6039862,30.5,AVAILABLE,,
96,96,M-UAV-02,M600,31.2971716,120.5956323,30.5,AVAILABLE,,
97,97,EVTOL-01,EC35,31.2964779,120.5960681,199.9,BUSY,M-P-001,V1
97,97,L-UAV-01,AMZN,31.3023162,120.5988347,100.0,BUSY,M-L-001,V2
97,97,M-UAV-01,M600,31.3108767,120.6039862,30.5,AVAILABLE,,
97,97,M-UAV-02,M600,31.2971716,120.5956323,30.5,AVAILABLE,,
98,98,EVTOL-01,EC35,31.2961631,120.5962800,199.9,BUSY,M-P-001,V1
98,98,L-UAV-01,AMZN,31.3021966,120.5987602,100.0,BUSY,M-L-001,V2
98,98,M-UAV-01,M600,31.3108767,120.6039862,30.5,AVAILABLE,,
98,98,M-UAV-02,M600,31.2971716,120.5956323,30.5,AVAILABLE,,
99,99,EVTOL-01,EC35,31.2958707,120.5965322,199.9,BUSY,M-P-001,V1
99,99,L-UAV-01,AMZN,31.3020769,120.5986857,100.0,BUSY,M-L-001,V2
99,99,M-UAV-01,M600,31.3108767,120.6039862,30.5,AVAILABLE,,
99,99,M-UAV-02,M600,31.2971716,120.5956323,30.5,AVAILABLE,,
100,100,EVTOL-01,EC35,31.2956046,120.5968215,199.9,BUSY,M-P-001,V1
100,100,L-UAV-01,AMZN,31.3019572,120.5986112,100.0,BUSY,M-L-001,V2
100,100,M-UAV-01,M600,31.3108767,120.6039862,30.5,AVAILABLE,,
100,100,M-UAV-02,M600,31.2971716,120.5956323,30.5,AVAILABLE,,
101,101,EVTOL-01,EC35,31.2953682,120.5971441,199.9,BUSY,M-P-001,V1
101,101,L-UAV-01,AMZN,31.3018376,120.5985367,100.0,BUSY,M-L-001,V2
101,101,M-UAV-01,M600,31.3108767,120.6039862,30.5,AVAILABLE,,
101,101,M-UAV-02,M600,31.2971716,120.5956323,30.5,AVAILABLE,,
102,102,EVTOL-01,EC35,31.2951644,120.5974959,199.9,BUSY,M-P-001,V1
102,102,L-UAV-01,AMZN,31.3017179,120.5984622,100.0,BUSY,M-L-001,V2
102,102,M-UAV-01,M600,31.3108767,120.6039862,30.5,AVAILABLE,,
102,102,M-UAV-02,M600,31.2971716,120.5956323,30.5,AVAILABLE,,
103,103,EVTOL-01,EC35,31.2949958,120.5978724,199.9,BUSY,M-P-001,V1
103,103,L-UAV-01,AMZN,31.3015982,120.5983877,100.0,BUSY,M-L-001,V2
103,103,M-UAV-01,M600,31.3108767,120.6039862,30.5,AVAILABLE,,
103,103,M-UAV-02,M600,31.2971716,120.5956323,30.5,AVAILABLE,,
104,104,EVTOL-01,EC35,31.2948647,120.5982688,199.9,BUSY,M-P-001,V1
104,104,L-UAV-01,AMZN,31.3014785,120.5983132,100.0,BUSY,M-L-001,V2
104,104,M-UAV-01,M600,31.3108767,120.6039862,30.5,AVAILABLE,,
104,104,M-UAV-02,M600,31.2971716,120.5956323,30.5,AVAILABLE,,
105,105,EVTOL-01,EC35,31.2947727,120.5986800,199.9,BUSY,M-P-001,V1
105,105,L-UAV-01,AMZN,31.3013589,120.5982387,100.0,BUSY,M-L-001,V2
105,105,M-UAV-01,M600,31.3108767,120.6039862,30.5,AVAILABLE,,
105,105,M-UAV-02,M600,31.2971716,120.5956323,30.5,AVAILABLE,,
106,106,EVTOL-01,EC35,31.2947210,120.5991007,199.9,BUSY,M-P-001,V1
106,106,L-UAV-01,AMZN,31.3012392,120.5981642,100.0,BUSY,M-L-001,V2
106,106,M-UAV-01,M600,31.3108767,120.6039862,30.5,AVAILABLE,,
106,106,M-UAV-02,M600,31.2971716,120.5956323,30.5,AVAILABLE,,
107,107,EVTOL-01,EC35,31.2947103,120.5995255,199.9,BUSY,M-P-001,V1
107,107,L-UAV-01,AMZN,31.3011195,120.5980898,100.0,BUSY,M-L-001,V2
107,107,M-UAV-01,M600,31.3108767,120.6039862,30.5,AVAILABLE,,
107,107,M-UAV-02,M600,31.2971716,120.5956323,30.5,AVAILABLE,,
108,108,EVTOL-01,EC35,31.2947406,120.5999490,199.9,BUSY,M-P-001,V1
108,108,L-UAV-01,AMZN,31.3009998,120.5980153,100.0,BUSY,M-L-001,V2
108,108,M-UAV-01,M600,31.3108767,120.6039862,30.5,AVAILABLE,,
108,108,M-UAV-02,M600,31.2971716,120.5956323,30.5,AVAILABLE,,
109,109,EVTOL-01,EC35,31.2948116,120.6003659,199.9,BUSY,M-P-001,V1
109,109,L-UAV-01,AMZN,31.3008802,120.5979408,100.0,BUSY,M-L-001,V2
109,109,M-UAV-01,M600,31.3108767,120.6039862,30.5,AVAILABLE,,
109,109,M-UAV-02,M600,31.2971716,120.5956323,30.5,AVAILABLE,,
110,110,EVTOL-01,EC35,31.2949225,120.6007706,199.9,BUSY,M-P-001,V1
110,110,L-UAV-01,AMZN,31.3007605,120.5978663,100.0,BUSY,M-L-001,V2
110,110,M-UAV-01,M600,31.3108767,120.6039862,30.5,AVAILABLE,,
110,110,M-UAV-02,M600,31.2971716,120.5956323,30.5,AVAILABLE,,
111,111,EVTOL-01,EC35,31.2950716,120.6011581,199.9,BUSY,M-P-001,V1
111,111,L-UAV-01,AMZN,31.3006408,120.5977918,100.0,BUSY,M-L-001,V2
111,111,M-UAV-01,M600,31.3108767,120.6039862,30.5,AVAILABLE,,
111,111,M-UAV-02,M600,31.2971716,120.5956323,30.5,AVAILABLE,,
112,112,EVTOL-01,EC35,31.2952573,120.6015234,199.9,BUSY,M-P-001,V1
112,112,L-UAV-01,AMZN,31.3005212,120.5977173,100.0,BUSY,M-L-001,V2
112,112,M-UAV-01,M600,31.3108767,120.6039862,30.5,AVAILABLE,,
112,112,M-UAV-02,M600,31.2971716,120.5956323,30.5,AVAILABLE,,
113,113,EVTOL-01,EC35,31.2954770,120.6018619,199.9,BUSY,M-P-001,V1
113,113,L-UAV-01,AMZN,31.3004015,120.5976428,100.0,BUSY,M-L-001,V2
113,113,M-UAV-01,M600,31.3108767,120.6039862,30.5,AVAILABLE,,
113,113,M-UAV-02,M600,31.2971716,120.5956323,30.5,AVAILABLE,,
114,114,EVTOL-01,EC35,31.2957280,120.6021691,199.9,BUSY,M-P-001,V1
114,114,L-UAV-01,AMZN,31.3002818,120.5975683,100.0,BUSY,M-L-001,V2
114,114,M-UAV-01,M600,31.3108767,120.6039862,30.5,AVAILABLE,,
114,114,M-UAV-02,M600,31.2971716,120.5956323,30.5,AVAILABLE,,
115,115,EVTOL-01,EC35,31.2960071,120.6024411,199.9,BUSY,M-P-001,V1
115,115,L-UAV-01,AMZN,31.3001621,120.5974938,100.0,BUSY,M-L-001,V2
115,115,M-UAV-01,M600,31.3108767,120.6039862,30.5,AVAILABLE,,
115,115,M-UAV-02,M600,31.2971716,120.5956323,30.5,AVAILABLE,,
116,116,EVTOL-01,EC35,31.2963106,120.6026745,199.9,BUSY,M-P-001,V1
116,116,L-UAV-01,AMZN,31.3000425,120.5974193,100.0,BUSY,M-L-001,V2
116,116,M-UAV-01,M600,31.3108767,120.6039862,30.5,AVAILABLE,,
116,116,M-UAV-02,M600,31.2971716,120.5956323,30.5,AVAILABLE,,
117,117,EVTOL-01,EC35,31.2966348,120.6028663,199.9,BUSY,M-P-001,V1
117,117,L-UAV-01,AMZN,31.2999228,120.5973448,100.0,BUSY,M-L-001,V2
117,117,M-UAV-01,M600,31.3108767,120.6039862,30.5,AVAILABLE,,
117,117,M-UAV-02,M600,31.2971716,120.5956323,30.5,AVAILABLE,,
118,118,EVTOL-01,EC35,31.2969753,120.6030139,199.9,BUSY,M-P-001,V1
118,118,L-UAV-01,AMZN,31.2998031,120.5972703,100.0,BUSY,M-L-001,V2
118,118,M-UAV-01,M600,31.3108767,120.6039862,30.5,AVAILABLE,,
118,118,M-UAV-02,M600,31.2971716,120.5956323,30.5,AVAILABLE,,
119,119,EVTOL-01,EC35,31.2973280,120.6031156,199.9,BUSY,M-P-001,V1
119,119,L-UAV-01,AMZN,31.2996834,120.5971958,100.0,BUSY,M-L-001,V2
119,119,M-UAV-01,M600,31.3108767,120.6039862,30.5,AVAILABLE,,
119,119,M-UAV-02,M600,31.2971716,120.5956323,30.5,AVAILABLE,,
120,120,EVTOL-01,EC35,31.2976882,120.6031701,199.9,BUSY,M-P-001,V1
120,120,L-UAV-01,AMZN,31.2995638,120.5971213,100.0,BUSY,M-L-001,V2
120,120,M-UAV-01,M600,31.3108767,120.6039862,30.5,AVAILABLE,,
120,120,M-UAV-02,M600,31.2971716,120.5956323,30.5,AVAILABLE,,
121,121,EVTOL-01,EC35,31.2980508,120.6031925,199.9,BUSY,M-P-001,V1
121,121,L-UAV-01,AMZN,31.2994441,120.5970469,100.0,BUSY,M-L-001,V2
121,121,M-UAV-01,M600,31.3108767,120.6039862,30.5,AVAILABLE,,
121,121,M-UAV-02,M600,31.2971716,120.5956323,30.5,AVAILABLE,,
122,122,EVTOL-01,EC35,31.2984135,120.6032149,199.9,BUSY,M-P-001,V1
122,122,L-UAV-01,AMZN,31.2993244,120.5969724,100.0,BUSY,M-L-001,V2
122,122,M-UAV-01,M600,31.3108767,120.6039862,30.5,AVAILABLE,,
122,122,M-UAV-02,M600,31.2971716,120.5956323,30.5,AVAILABLE,,
123,123,EVTOL-01,EC35,31.2987762,120.6032374,199.9,BUSY,M-P-001,V1
123,123,L-UAV-01,AMZN,31.2992048,120.5968979,100.0,BUSY,M-L-001,V2
123,123,M-UAV-01,M600,31.3108767,120.6039862,30.5,AVAILABLE,,
123,123,M-UAV-02,M600,31.2971716,120.5956323,30.5,AVAILABLE,,
124,124,EVTOL-01,EC35,31.2991389,120.6032598,199.9,BUSY,M-P-001,V1
124,124,L-UAV-01,AMZN,31.2990851,120.5968234,100.0,BUSY,M-L-001,V2
124,124,M-UAV-01,M600,31.3108767,120.6039862,30.5,AVAILABLE,,
124,124,M-UAV-02,M600,31.2971716,120.5956323,30.5,AVAILABLE,,
125,125,EVTOL-01,EC35,31.2995016,120.6032823,199.9,BUSY,M-P-001,V1
125,125,L-UAV-01,AMZN,31.2989654,120.5967489,100.0,BUSY,M-L-001,V2
125,125,M-UAV-01,M600,31.3108767,120.6039862,30.5,AVAILABLE,,
125,125,M-UAV-02,M600,31.2971716,120.5956323,30.5,AVAILABLE,,
126,126,EVTOL-01,EC35,31.2998643,120.6033047,199.9,BUSY,M-P-001,V1
126,126,L-UAV-01,AMZN,31.2988457,120.5966744,100.0,BUSY,M-L-001,V2
126,126,M-UAV-01,M600,31.3108767,120.6039862,30.5,AVAILABLE,,
126,126,M-UAV-02,M600,31.2971716,120.5956323,30.5,AVAILABLE,,
127,127,EVTOL-01,EC35,31.3002269,120.6033271,199.9,BUSY,M-P-001,V1
127,127,L-UAV-01,AMZN,31.2987261,120.5965999,100.0,BUSY,M-L-001,V2
127,127,M-UAV-01,M600,31.3108767,120.6039862,30.5,AVAILABLE,,
127,127,M-UAV-02,M600,31.2971716,120.5956323,30.5,AVAILABLE,,
128,128,EVTOL-01,EC35,31.3005896,120.6033496,199.9,BUSY,M-P-001,V1
128,128,L-UAV-01,AMZN,31.2986064,120.5965254,100.0,BUSY,M-L-001,V2
128,128,M-UAV-01,M600,31.3108767,120.6039862,30.5,AVAILABLE,,
128,128,M-UAV-02,M600,31.2971716,120.5956323,30.5,AVAILABLE,,
129,129,EVTOL-01,EC35,31.3009523,120.6033720,199.9,BUSY,M-P-001,V1
129,129,L-UAV-01,AMZN,31.2984867,120.5964509,100.0,BUSY,M-L-001,V2
129,129,M-UAV-01,M600,31.3108767,120.6039862,30.5,AVAILABLE,,
129,129,M-UAV-02,M600,31.2971716,120.5956323,30.5,AVAILABLE,,
130,130,EVTOL-01,EC35,31.3013150,120.6033945,199.9,BUSY,M-P-001,V1
130,130,L-UAV-01,AMZN,31.2983670,120.5963764,100.0,BUSY,M-L-001,V2
130,130,M-UAV-01,M600,31.3108767,120.6039862,30.5,AVAILABLE,,
130,130,M-UAV-02,M600,31.2971716,120.5956323,30.5,AVAILABLE,,
131,131,EVTOL-01,EC35,31.3016777,120.6034169,199.9,BUSY,M-P-001,V1
131,131,L-UAV-01,AMZN,31.2982474,120.5963019,100.0,BUSY,M-L-001,V2
131,131,M-UAV-01,M600,31.3108767,120.6039862,30.5,AVAILABLE,,
131,131,M-UAV-02,M600,31.2971716,120.5956323,30.5,AVAILABLE,,
132,132,EVTOL-01,EC35,31.3020404,120.6034393,199.9,BUSY,M-P-001,V1
132,132,L-UAV-01,AMZN,31.2981277,120.5962275,100.0,BUSY,M-L-001,V2
132,132,M-UAV-01,M600,31.3108767,120.6039862,30.5,AVAILABLE,,
132,132,M-UAV-02,M600,31.2971716,120.5956323,30.5,AVAILABLE,,
133,133,EVTOL-01,EC35,31.3024030,120.6034618,199.9,BUSY,M-P-001,V1
133,133,L-UAV-01,AMZN,31.2980080,120.5961530,100.0,BUSY,M-L-001,V2
133,133,M-UAV-01,M600,31.3108767,120.6039862,30.5,AVAILABLE,,
133,133,M-UAV-02,M600,31.2971716,120.5956323,30.5,AVAILABLE,,
134,134,EVTOL-01,EC35,31.3027657,120.6034842,199.9,BUSY,M-P-001,V1
134,134,L-UAV-01,AMZN,31.2978883,120.5960785,100.0,BUSY,M-L-001,V3
134,134,M-UAV-01,M600,31.3108767,120.6039862,30.5,AVAILABLE,,
134,134,M-UAV-02,M600,31.2971716,120.5956323,30.5,AVAILABLE,,
135,135,EVTOL-01,EC35,31.3031284,120.6035067,199.9,BUSY,M-P-001,V1
135,135,L-UAV-01,AMZN,31.2977551,120.5960492,100.0,BUSY,M-L-001,V3
135,135,M-UAV-01,M600,31.3108767,120.6039862,30.5,AVAILABLE,,
135,135,M-UAV-02,M600,31.2971716,120.5956323,30.5,AVAILABLE,,
136,136,EVTOL-01,EC35,31.3034911,120.6035291,199.9,BUSY,M-P-001,V1
136,136,L-UAV-01,AMZN,31.2976205,120.5960679,100.0,BUSY,M-L-001,V3
136,136,M-UAV-01,M600,31.3108767,120.6039862,30.5,AVAILABLE,,
136,136,M-UAV-02,M600,31.2971716,120.5956323,30.5,AVAILABLE,,
137,137,EVTOL-01,EC35,31.3038538,120.6035515,199.9,BUSY,M-P-001,V1
137,137,L-UAV-01,AMZN,31.2974968,120.5961328,100.0,BUSY,M-L-001,V3
137,137,M-UAV-01,M600,31.3108767,120.6039862,30.5,AVAILABLE,,
137,137,M-UAV-02,M600,31.2971716,120.5956323,30.5,AVAILABLE,,
138,138,EVTOL-01,EC35,31.3042165,120.6035740,199.9,BUSY,M-P-001,V1
138,138,L-UAV-01,AMZN,31.2973954,120.5962380,100.0,BUSY,M-L-001,V3
138,138,M-UAV-01,M600,31.3108767,120.6039862,30.5,AVAILABLE,,
138,138,M-UAV-02,M600,31.2971716,120.5956323,30.5,AVAILABLE,,
139,139,EVTOL-01,EC35,31.3045792,120.6035964,199.9,BUSY,M-P-001,V1
139,139,L-UAV-01,AMZN,31.2973254,120.5963738,100.0,BUSY,M-L-001,V3
139,139,M-UAV-01,M600,31.3108767,120.6039862,30.5,AVAILABLE,,
139,139,M-UAV-02,M600,31.2971716,120.5956323,30.5,AVAILABLE,,
140,140,EVTOL-01,EC35,31.3049418,120.6036189,199.9,BUSY,M-P-001,V1
140,140,L-UAV-01,AMZN,31.2972932,120.5965279,100.0,BUSY,M-L-001,V3
140,140,M-UAV-01,M600,31.3108767,120.6039862,30.5,AVAILABLE,,
140,140,M-UAV-02,M600,31.2971716,120.5956323,30.5,AVAILABLE,,
141,141,EVTOL-01,EC35,31.3053045,120.6036413,199.9,BUSY,M-P-001,V1
141,141,L-UAV-01,AMZN,31.2973019,120.5966862,100.0,BUSY,M-L-001,V3
141,141,M-UAV-01,M600,31.3108767,120.6039862,30.5,AVAILABLE,,
141,141,M-UAV-02,M600,31.2971716,120.5956323,30.5,AVAILABLE,,
142,142,EVTOL-01,EC35,31.3056672,120.6036638,199.9,BUSY,M-P-001,V1
142,142,L-UAV-01,AMZN,31.2973507,120.5968343,100.0,BUSY,M-L-001,V3
142,142,M-UAV-01,M600,31.3108767,120.6039862,30.5,AVAILABLE,,
142,142,M-UAV-02,M600,31.2971716,120.5956323,30.5,AVAILABLE,,
143,143,EVTOL-01,EC35,31.3060299,120.6036862,199.9,BUSY,M-P-001,V1
143,143,L-UAV-01,AMZN,31.2974349,120.5969585,100.0,BUSY,M-L-001,V3
143,143,M-UAV-01,M600,31.3108767,120.6039862,30.5,AVAILABLE,,
143,143,M-UAV-02,M600,31.2971716,120.5956323,30.5,AVAILABLE,,
144,144,EVTOL-01,EC35,31.3063926,120.6037087,199.9,BUSY,M-P-001,V1
144,144,L-UAV-01,AMZN,31.2975471,120.5970476,100.0,BUSY,M-L-001,V3
144,144,M-UAV-01,M600,31.3108767,120.6039862,30.5,AVAILABLE,,
144,144,M-UAV-02,M600,31.2971716,120.5956323,30.5,AVAILABLE,,
145,145,EVTOL-01,EC35,31.3067553,120.6037311,199.9,BUSY,M-P-001,V1
145,145,L-UAV-01,AMZN,31.2976663,120.5971231,100.0,BUSY,M-L-001,V3
145,145,M-UAV-01,M600,31.3108767,120.6039862,30.5,AVAILABLE,,
145,145,M-UAV-02,M600,31.2971716,120.5956323,30.5,AVAILABLE,,
146,146,EVTOL-01,EC35,31.3071179,120.6037535,199.9,BUSY,M-P-001,V1
146,146,L-UAV-01,AMZN,31.2977855,120.5971987,100.0,BUSY,M-L-001,V3
146,146,M-UAV-01,M600,31.3108767,120.6039862,30.5,AVAILABLE,,
146,146,M-UAV-02,M600,31.2971716,120.5956323,30.5,AVAILABLE,,
147,147,EVTOL-01,EC35,31.3074806,120.6037760,199.9,BUSY,M-P-001,V1
147,147,L-UAV-01,AMZN,31.2979047,120.5972742,100.0,BUSY,M-L-001,V3
147,147,M-UAV-01,M600,31.3108767,120.6039862,30.5,AVAILABLE,,
147,147,M-UAV-02,M600,31.2971716,120.5956323,30.5,AVAILABLE,,
148,148,EVTOL-01,EC35,31.3078433,120.6037984,199.9,BUSY,M-P-001,V1
148,148,L-UAV-01,AMZN,31.2980238,120.5973498,100.0,BUSY,M-L-001,V3
148,148,M-UAV-01,M600,31.3108767,120.6039862,30.5,AVAILABLE,,
148,148,M-UAV-02,M600,31.2971716,120.5956323,30.5,AVAILABLE,,
149,149,EVTOL-01,EC35,31.3082060,120.6038209,199.9,BUSY,M-P-001,V1
149,149,L-UAV-01,AMZN,31.2981430,120.5974253,100.0,BUSY,M-L-001,V3
149,149,M-UAV-01,M600,31.3108767,120.6039862,30.5,AVAILABLE,,
149,149,M-UAV-02,M600,31.2971716,120.5956323,30.5,AVAILABLE,,
150,150,EVTOL-01,EC35,31.3085687,120.6038433,199.9,BUSY,M-P-001,V1
150,150,L-UAV-01,AMZN,31.2982622,120.5975009,100.0,BUSY,M-L-001,V3
150,150,M-UAV-01,M600,31.3108767,120.6039862,30.5,AVAILABLE,,
150,150,M-UAV-02,M600,31.2971716,120.5956323,30.5,AVAILABLE,,
151,151,EVTOL-01,EC35,31.3089314,120.6038658,199.9,BUSY,M-P-001,V1
151,151,L-UAV-01,AMZN,31.2983814,120.5975764,100.0,BUSY,M-L-001,V3
151,151,M-UAV-01,M600,31.3108767,120.6039862,30.5,AVAILABLE,,
151,151,M-UAV-02,M600,31.2971716,120.5956323,30.5,AVAILABLE,,
152,152,EVTOL-01,EC35,31.3092940,120.6038882,199.9,BUSY,M-P-001,V1
152,152,L-UAV-01,AMZN,31.2985006,120.5976519,100.0,BUSY,M-L-001,V3
152,152,M-UAV-01,M600,31.3108767,120.6039862,30.5,AVAILABLE,,
152,152,M-UAV-02,M600,31.2971716,120.5956323,30.5,AVAILABLE,,
153,153,EVTOL-01,EC35,31.3096567,120.6039107,199.9,BUSY,M-P-001,V1
153,153,L-UAV-01,AMZN,31.2986198,120.5977275,100.0,BUSY,M-L-001,V3
153,153,M-UAV-01,M600,31.3108767,120.6039862,30.5,AVAILABLE,,
153,153,M-UAV-02,M600,31.2971716,120.5956323,30.5,AVAILABLE,,
154,154,EVTOL-01,EC35,31.3100194,120.6039331,199.9,BUSY,M-P-001,V2
154,154,L-UAV-01,AMZN,31.2987390,120.5978030,100.0,BUSY,M-L-001,V3
154,154,M-UAV-01,M600,31.3108767,120.6039862,30.5,AVAILABLE,,
154,154,M-UAV-02,M600,31.2971716,120.5956323,30.5,AVAILABLE,,
155,155,EVTOL-01,EC35,31.3103819,120.6039074,199.9,BUSY,M-P-001,V2
155,155,L-UAV-01,AMZN,31.2988582,120.5978786,100.0,BUSY,M-L-001,V3
155,155,M-UAV-01,M600,31.3108767,120.6039862,30.5,AVAILABLE,,
155,155,M-UAV-02,M600,31.2971716,120.5956323,30.5,AVAILABLE,,
156,156,EVTOL-01,EC35,31.3107397,120.6038340,199.9,BUSY,M-P-001,V2
156,156,L-UAV-01,AMZN,31.2989774,120.5979541,100.0,BUSY,M-L-001,V3
156,156,M-UAV-01,M600,31.3108767,120.6039862,30.5,AVAILABLE,,
156,156,M-UAV-02,M600,31.2971716,120.5956323,30.5,AVAILABLE,,
157,157,EVTOL-01,EC35,31.3110880,120.6037137,199.9,BUSY,M-P-001,V2
157,157,L-UAV-01,AMZN,31.2990966,120.5980297,100.0,BUSY,M-L-001,V3
157,157,M-UAV-01,M600,31.3108767,120.6039862,30.5,AVAILABLE,,
157,157,M-UAV-02,M600,31.2971716,120.5956323,30.5,AVAILABLE,,
158,158,EVTOL-01,EC35,31.3114225,120.6035481,199.9,BUSY,M-P-001,V2
158,158,L-UAV-01,AMZN,31.2992158,120.5981052,100.0,BUSY,M-L-001,V3
158,158,M-UAV-01,M600,31.3108767,120.6039862,30.5,AVAILABLE,,
158,158,M-UAV-02,M600,31.2971716,120.5956323,30.5,AVAILABLE,,
159,159,EVTOL-01,EC35,31.3117389,120.6033394,199.9,BUSY,M-P-001,V2
159,159,L-UAV-01,AMZN,31.2993349,120.5981807,100.0,BUSY,M-L-001,V3
159,159,M-UAV-01,M600,31.3108767,120.6039862,30.5,AVAILABLE,,
159,159,M-UAV-02,M600,31.2971716,120.5956323,30.5,AVAILABLE,,
160,160,EVTOL-01,EC35,31.3120331,120.6030901,199.9,BUSY,M-P-001,V2
160,160,L-UAV-01,AMZN,31.2994541,120.5982563,100.0,BUSY,M-L-001,V3
160,160,M-UAV-01,M600,31.3108767,120.6039862,30.5,AVAILABLE,,
160,160,M-UAV-02,M600,31.2971716,120.5956323,30.5,AVAILABLE,,
161,161,EVTOL-01,EC35,31.3123013,120.6028035,199.9,BUSY,M-P-001,V2
161,161,L-UAV-01,AMZN,31.2995733,120.5983318,100.0,BUSY,M-L-001,V3
161,161,M-UAV-01,M600,31.3108767,120.6039862,30.5,AVAILABLE,,
161,161,M-UAV-02,M600,31.2971716,120.5956323,30.5,AVAILABLE,,
162,162,EVTOL-01,EC35,31.3125402,120.6024833,199.9,BUSY,M-P-001,V2
162,162,L-UAV-01,AMZN,31.2996925,120.5984074,100.0,BUSY,M-L-001,V3
162,162,M-UAV-01,M600,31.3108767,120.6039862,30.5,AVAILABLE,,
162,162,M-UAV-02,M600,31.2971716,120.5956323,30.5,AVAILABLE,,
163,163,EVTOL-01,EC35,31.3127466,120.6021335,199.9,BUSY,M-P-001,V2
163,163,L-UAV-01,AMZN,31.2998117,120.5984829,100.0,BUSY,M-L-001,V3
163,163,M-UAV-01,M600,31.3108767,120.6039862,30.5,AVAILABLE,,
163,163,M-UAV-02,M600,31.2971716,120.5956323,30.5,AVAILABLE,,
164,164,EVTOL-01,EC35,31.3129180,120.6017587,199.9,BUSY,M-P-001,V2
164,164,L-UAV-01,AMZN,31.2999309,120.5985585,100.0,BUSY,M-L-001,V3
164,164,M-UAV-01,M600,31.3108767,120.6039862,30.5,AVAILABLE,,
164,164,M-UAV-02,M600,31.2971716,120.5956323,30.5,AVAILABLE,,
165,165,EVTOL-01,EC35,31.3130520,120.6013636,199.9,BUSY,M-P-001,V2
165,165,L-UAV-01,AMZN,31.3000501,120.5986340,100.0,BUSY,M-L-001,V3
165,165,M-UAV-01,M600,31.3108767,120.6039862,30.5,AVAILABLE,,
165,165,M-UAV-02,M600,31.2971716,120.5956323,30.5,AVAILABLE,,
166,166,EVTOL-01,EC35,31.3131471,120.6009533,199.9,BUSY,M-P-001,V2
166,166,L-UAV-01,AMZN,31.3001693,120.5987096,100.0,BUSY,M-L-001,V3
166,166,M-UAV-01,M600,31.3108767,120.6039862,30.5,AVAILABLE,,
166,166,M-UAV-02,M600,31.2971716,120.5956323,30.5,AVAILABLE,,
167,167,EVTOL-01,EC35,31.3132019,120.6005330,199.9,BUSY,M-P-001,V2
167,167,L-UAV-01,AMZN,31.3002885,120.5987851,100.0,BUSY,M-L-001,V3
167,167,M-UAV-01,M600,31.3108767,120.6039862,30.5,AVAILABLE,,
167,167,M-UAV-02,M600,31.2971716,120.5956323,30.5,AVAILABLE,,
168,168,EVTOL-01,EC35,31.3132159,120.6001082,199.9,BUSY,M-P-001,V2
168,168,L-UAV-01,AMZN,31.3004077,120.5988607,100.0,BUSY,M-L-001,V3
168,168,M-UAV-01,M600,31.3108767,120.6039862,30.5,AVAILABLE,,
168,168,M-UAV-02,M600,31.2971716,120.5956323,30.5,AVAILABLE,,
169,169,EVTOL-01,EC35,31.3131887,120.5996843,199.9,BUSY,M-P-001,V2
169,169,L-UAV-01,AMZN,31.3005268,120.5989362,100.0,BUSY,M-L-001,V3
169,169,M-UAV-01,M600,31.3108767,120.6039862,30.5,AVAILABLE,,
169,169,M-UAV-02,M600,31.2971716,120.5956323,30.5,AVAILABLE,,
170,170,EVTOL-01,EC35,31.3131208,120.5992667,199.9,BUSY,M-P-001,V2
170,170,L-UAV-01,AMZN,31.3006460,120.5990117,100.0,BUSY,M-L-001,V3
170,170,M-UAV-01,M600,31.3108767,120.6039862,30.5,AVAILABLE,,
170,170,M-UAV-02,M600,31.2971716,120.5956323,30.5,AVAILABLE,,
171,171,EVTOL-01,EC35,31.3130130,120.5988608,199.9,BUSY,M-P-001,V2
171,171,L-UAV-01,AMZN,31.3007652,120.5990873,100.0,BUSY,M-L-001,V3
171,171,M-UAV-01,M600,31.3108767,120.6039862,30.5,AVAILABLE,,
171,171,M-UAV-02,M600,31.2971716,120.5956323,30.5,AVAILABLE,,
172,172,EVTOL-01,EC35,31.3128667,120.5984717,199.9,BUSY,M-P-001,V2
172,172,L-UAV-01,AMZN,31.3008844,120.5991628,100.0,BUSY,M-L-001,V3
172,172,M-UAV-01,M600,31.3108767,120.6039862,30.5,AVAILABLE,,
172,172,M-UAV-02,M600,31.2971716,120.5956323,30.5,AVAILABLE,,
173,173,EVTOL-01,EC35,31.3126838,120.5981044,199.9,BUSY,M-P-001,V2
173,173,L-UAV-01,AMZN,31.3010036,120.5992384,100.0,BUSY,M-L-001,V3
173,173,M-UAV-01,M600,31.3108767,120.6039862,30.5,AVAILABLE,,
173,173,M-UAV-02,M600,31.2971716,120.5956323,30.5,AVAILABLE,,
174,174,EVTOL-01,EC35,31.3124666,120.5977637,199.9,BUSY,M-P-001,V2
174,174,L-UAV-01,AMZN,31.3011228,120.5993139,100.0,BUSY,M-L-001,V3
174,174,M-UAV-01,M600,31.3108767,120.6039862,30.5,AVAILABLE,,
174,174,M-UAV-02,M600,31.2971716,120.5956323,30.5,AVAILABLE,,
175,175,EVTOL-01,EC35,31.3122179,120.5974539,199.9,BUSY,M-P-001,V2
175,175,L-UAV-01,AMZN,31.3012420,120.5993895,100.0,BUSY,M-L-001,V3
175,175,M-UAV-01,M600,31.3108767,120.6039862,30.5,AVAILABLE,,
175,175,M-UAV-02,M600,31.2971716,120.5956323,30.5,AVAILABLE,,
176,176,EVTOL-01,EC35,31.3119409,120.5971789,199.9,BUSY,M-P-001,V2
176,176,L-UAV-01,AMZN,31.3013612,120.5994650,100.0,BUSY,M-L-001,V3
176,176,M-UAV-01,M600,31.3108767,120.6039862,30.5,AVAILABLE,,
176,176,M-UAV-02,M600,31.2971716,120.5956323,30.5,AVAILABLE,,
177,177,EVTOL-01,EC35,31.3116391,120.5969424,199.9,BUSY,M-P-001,V2
177,177,L-UAV-01,AMZN,31.3014804,120.5995406,100.0,BUSY,M-L-001,V3
177,177,M-UAV-01,M600,31.3108767,120.6039862,30.5,AVAILABLE,,
177,177,M-UAV-02,M600,31.2971716,120.5956323,30.5,AVAILABLE,,
178,178,EVTOL-01,EC35,31.3113164,120.5967473,199.9,BUSY,M-P-001,V2
178,178,L-UAV-01,AMZN,31.3015996,120.5996161,100.0,BUSY,M-L-001,V3
178,178,M-UAV-01,M600,31.3108767,120.6039862,30.5,AVAILABLE,,
178,178,M-UAV-02,M600,31.2971716,120.5956323,30.5,AVAILABLE,,
179,179,EVTOL-01,EC35,31.3109770,120.5965961,199.9,BUSY,M-P-001,V2
179,179,L-UAV-01,AMZN,31.3017187,120.5996917,100.0,BUSY,M-L-001,V3
179,179,M-UAV-01,M600,31.3108767,120.6039862,30.5,AVAILABLE,,
179,179,M-UAV-02,M600,31.2971716,120.5956323,30.5,AVAILABLE,,
180,180,EVTOL-01,EC35,31.3106251,120.5964908,199.9,BUSY,M-P-001,V2
180,180,L-UAV-01,AMZN,31.3018379,120.5997672,100.0,BUSY,M-L-001,V3
180,180,M-UAV-01,M600,31.3108767,120.6039862,30.5,AVAILABLE,,
180,180,M-UAV-02,M600,31.2971716,120.5956323,30.5,AVAILABLE,,
181,181,EVTOL-01,EC35,31.3102653,120.5964327,199.9,BUSY,M-P-001,V2
181,181,L-UAV-01,AMZN,31.3019571,120.5998428,100.0,BUSY,M-L-001,V3
181,181,M-UAV-01,M600,31.3108767,120.6039862,30.5,AVAILABLE,,
181,181,M-UAV-02,M600,31.2971716,120.5956323,30.5,AVAILABLE,,
182,182,EVTOL-01,EC35,31.3099026,120.5964105,199.9,BUSY,M-P-001,V2
182,182,L-UAV-01,AMZN,31.3020763,120.5999183,100.0,BUSY,M-L-001,V3
182,182,M-UAV-01,M600,31.3108767,120.6039862,30.5,AVAILABLE,,
182,182,M-UAV-02,M600,31.2971716,120.5956323,30.5,AVAILABLE,,
183,183,EVTOL-01,EC35,31.3095399,120.5963884,199.9,BUSY,M-P-001,V2
183,183,L-UAV-01,AMZN,31.3021955,120.5999939,100.0,BUSY,M-L-001,V3
183,183,M-UAV-01,M600,31.3108767,120.6039862,30.5,AVAILABLE,,
183,183,M-UAV-02,M600,31.2971716,120.5956323,30.5,AVAILABLE,,
184,184,EVTOL-01,EC35,31.3091772,120.5963662,199.9,BUSY,M-P-001,V2
184,184,L-UAV-01,AMZN,31.3023147,120.6000694,100.0,BUSY,M-L-001,V3
184,184,M-UAV-01,M600,31.3108767,120.6039862,30.5,AVAILABLE,,
184,184,M-UAV-02,M600,31.2971716,120.5956323,30.5,AVAILABLE,,
185,185,EVTOL-01,EC35,31.3088145,120.5963440,199.9,BUSY,M-P-001,V2
185,185,L-UAV-01,AMZN,31.3024339,120.6001450,100.0,BUSY,M-L-001,V3
185,185,M-UAV-01,M600,31.3108767,120.6039862,30.5,AVAILABLE,,
185,185,M-UAV-02,M600,31.2971716,120.5956323,30.5,AVAILABLE,,
186,186,EVTOL-01,EC35,31.3084518,120.5963218,199.9,BUSY,M-P-001,V2
186,186,L-UAV-01,AMZN,31.3025531,120.6002205,100.0,BUSY,M-L-001,V3
186,186,M-UAV-01,M600,31.3108767,120.6039862,30.5,AVAILABLE,,
186,186,M-UAV-02,M600,31.2971716,120.5956323,30.5,AVAILABLE,,
187,187,EVTOL-01,EC35,31.3080891,120.5962997,199.9,BUSY,M-P-001,V2
187,187,L-UAV-01,AMZN,31.3026723,120.6002961,100.0,BUSY,M-L-001,V3
187,187,M-UAV-01,M600,31.3108767,120.6039862,30.5,AVAILABLE,,
187,187,M-UAV-02,M600,31.2971716,120.5956323,30.5,AVAILABLE,,
188,188,EVTOL-01,EC35,31.3077264,120.5962775,199.9,BUSY,M-P-001,V2
188,188,L-UAV-01,AMZN,31.3027914,120.6003716,100.0,BUSY,M-L-001,V3
188,188,M-UAV-01,M600,31.3108767,120.6039862,30.5,AVAILABLE,,
188,188,M-UAV-02,M600,31.2971716,120.5956323,30.5,AVAILABLE,,
189,189,EVTOL-01,EC35,31.3073637,120.5962553,199.9,BUSY,M-P-001,V2
189,189,L-UAV-01,AMZN,31.3029106,120.6004472,100.0,BUSY,M-L-001,V3
189,189,M-UAV-01,M600,31.3108767,120.6039862,30.5,AVAILABLE,,
189,189,M-UAV-02,M600,31.2971716,120.5956323,30.5,AVAILABLE,,
190,190,EVTOL-01,EC35,31.3070010,120.5962332,199.9,BUSY,M-P-001,V2
190,190,L-UAV-01,AMZN,31.3030298,120.6005227,100.0,BUSY,M-L-001,V3
190,190,M-UAV-01,M600,31.3108767,120.6039862,30.5,AVAILABLE,,
190,190,M-UAV-02,M600,31.2971716,120.5956323,30.5,AVAILABLE,,
191,191,EVTOL-01,EC35,31.3066384,120.5962110,199.9,BUSY,M-P-001,V2
191,191,L-UAV-01,AMZN,31.3031490,120.6005983,100.0,BUSY,M-L-001,V3
191,191,M-UAV-01,M600,31.3108767,120.6039862,30.5,AVAILABLE,,
191,191,M-UAV-02,M600,31.2971716,120.5956323,30.5,AVAILABLE,,
192,192,EVTOL-01,EC35,31.3062757,120.5961888,199.9,BUSY,M-P-001,V2
192,192,L-UAV-01,AMZN,31.3032682,120.6006738,100.0,BUSY,M-L-001,V3
192,192,M-UAV-01,M600,31.3108767,120.6039862,30.5,AVAILABLE,,
192,192,M-UAV-02,M600,31.2971716,120.5956323,30.5,AVAILABLE,,
193,193,EVTOL-01,EC35,31.3059130,120.5961666,199.9,BUSY,M-P-001,V2
193,193,L-UAV-01,AMZN,31.3033874,120.6007494,100.0,BUSY,M-L-001,V3
193,193,M-UAV-01,M600,31.3108767,120.6039862,30.5,AVAILABLE,,
193,193,M-UAV-02,M600,31.2971716,120.5956323,30.5,AVAILABLE,,
194,194,EVTOL-01,EC35,31.3055503,120.5961445,199.9,BUSY,M-P-001,V2
194,194,L-UAV-01,AMZN,31.3035066,120.6008249,100.0,BUSY,M-L-001,V3
194,194,M-UAV-01,M600,31.3108767,120.6039862,30.5,AVAILABLE,,
194,194,M-UAV-02,M600,31.2971716,120.5956323,30.5,AVAILABLE,,
195,195,EVTOL-01,EC35,31.3051876,120.5961223,199.9,BUSY,M-P-001,V2
195,195,L-UAV-01,AMZN,31.3036258,120.6009005,100.0,BUSY,M-L-001,V3
195,195,M-UAV-01,M600,31.3108767,120.6039862,30.5,AVAILABLE,,
195,195,M-UAV-02,M600,31.2971716,120.5956323,30.5,AVAILABLE,,
196,196,EVTOL-01,EC35,31.3048249,120.5961001,199.9,BUSY,M-P-001,V2
196,196,L-UAV-01,AMZN,31.3037450,120.6009760,100.0,BUSY,M-L-001,V3
196,196,M-UAV-01,M600,31.3108767,120.6039862,30.5,AVAILABLE,,
196,196,M-UAV-02,M600,31.2971716,120.5956323,30.5,AVAILABLE,,
197,197,EVTOL-01,EC35,31.3044622,120.5960780,199.9,BUSY,M-P-001,V2
197,197,L-UAV-01,AMZN,31.3038641,120.6010516,100.0,BUSY,M-L-001,V3
197,197,M-UAV-01,M600,31.3108767,120.6039862,30.5,AVAILABLE,,
197,197,M-UAV-02,M600,31.2971716,120.5956323,30.5,AVAILABLE,,
198,198,EVTOL-01,EC35,31.3040995,120.5960558,199.9,BUSY,M-P-001,V2
198,198,L-UAV-01,AMZN,31.3039833,120.6011271,100.0,BUSY,M-L-001,V3
198,198,M-UAV-01,M600,31.3108767,120.6039862,30.5,AVAILABLE,,
198,198,M-UAV-02,M600,31.2971716,120.5956323,30.5,AVAILABLE,,
199,199,EVTOL-01,EC35,31.3037368,120.5960336,199.9,BUSY,M-P-001,V2
199,199,L-UAV-01,AMZN,31.3041025,120.6012027,100.0,BUSY,M-L-001,V3
199,199,M-UAV-01,M600,31.3108767,120.6039862,30.5,AVAILABLE,,
199,199,M-UAV-02,M600,31.2971716,120.5956323,30.5,AVAILABLE,,
200,200,EVTOL-01,EC35,31.3033741,120.5960114,199.9,BUSY,M-P-001,V2
200,200,L-UAV-01,AMZN,31.3042217,120.6012782,100.0,BUSY,M-L-001,V3
200,200,M-UAV-01,M600,31.3108767,120.6039862,30.5,AVAILABLE,,
200,200,M-UAV-02,M600,31.2971716,120.5956323,30.5,AVAILABLE,,
201,201,EVTOL-01,EC35,31.3030114,120.5959893,199.9,BUSY,M-P-001,V2
201,201,L-UAV-01,AMZN,31.3043409,120.6013538,100.0,BUSY,M-L-001,V3
201,201,M-UAV-01,M600,31.3108767,120.6039862,30.5,AVAILABLE,,
201,201,M-UAV-02,M600,31.2971716,120.5956323,30.5,AVAILABLE,,
202,202,EVTOL-01,EC35,31.3026487,120.5959671,199.9,BUSY,M-P-001,V2
202,202,L-UAV-01,AMZN,31.3044601,120.6014293,100.0,BUSY,M-L-001,V3
202,202,M-UAV-01,M600,31.3108767,120.6039862,30.5,AVAILABLE,,
202,202,M-UAV-02,M600,31.2971716,120.5956323,30.5,AVAILABLE,,
203,203,EVTOL-01,EC35,31.3022860,120.5959449,199.9,BUSY,M-P-001,V2
203,203,L-UAV-01,AMZN,31.3045793,120.6015049,100.0,BUSY,M-L-001,V3
203,203,M-UAV-01,M600,31.3108767,120.6039862,30.5,AVAILABLE,,
203,203,M-UAV-02,M600,31.2971716,120.5956323,30.5,AVAILABLE,,
204,204,EVTOL-01,EC35,31.3019233,120.5959228,199.9,BUSY,M-P-001,V2
204,204,L-UAV-01,AMZN,31.3046985,120.6015804,100.0,BUSY,M-L-001,V3
204,204,M-UAV-01,M600,31.3108767,120.6039862,30.5,AVAILABLE,,
204,204,M-UAV-02,M600,31.2971716,120.5956323,30.5,AVAILABLE,,
205,205,EVTOL-01,EC35,31.3015606,120.5959006,199.9,BUSY,M-P-001,V2
205,205,L-UAV-01,AMZN,31.3048177,120.6016560,100.0,BUSY,M-L-001,V3
205,205,M-UAV-01,M600,31.3108767,120.6039862,30.5,AVAILABLE,,
205,205,M-UAV-02,M600,31.2971716,120.5956323,30.5,AVAILABLE,,
206,206,EVTOL-01,EC35,31.3011979,120.5958784,199.9,BUSY,M-P-001,V2
206,206,L-UAV-01,AMZN,31.3049368,120.6017315,100.0,BUSY,M-L-001,V3
206,206,M-UAV-01,M600,31.3108767,120.6039862,30.5,AVAILABLE,,
206,206,M-UAV-02,M600,31.2971716,120.5956323,30.5,AVAILABLE,,
207,207,EVTOL-01,EC35,31.3008352,120.5958563,199.9,BUSY,M-P-001,V2
207,207,L-UAV-01,AMZN,31.3050560,120.6018071,100.0,BUSY,M-L-001,V3
207,207,M-UAV-01,M600,31.3108767,120.6039862,30.5,AVAILABLE,,
207,207,M-UAV-02,M600,31.2971716,120.5956323,30.5,AVAILABLE,,
208,208,EVTOL-01,EC35,31.3004725,120.5958341,199.9,BUSY,M-P-001,V2
208,208,L-UAV-01,AMZN,31.3051752,120.6018827,100.0,BUSY,M-L-001,V3
208,208,M-UAV-01,M600,31.3108767,120.6039862,30.5,AVAILABLE,,
208,208,M-UAV-02,M600,31.2971716,120.5956323,30.5,AVAILABLE,,
209,209,EVTOL-01,EC35,31.3001098,120.5958119,199.9,BUSY,M-P-001,V2
209,209,L-UAV-01,AMZN,31.3052944,120.6019582,100.0,BUSY,M-L-001,V3
209,209,M-UAV-01,M600,31.3108767,120.6039862,30.5,AVAILABLE,,
209,209,M-UAV-02,M600,31.2971716,120.5956323,30.5,AVAILABLE,,
210,210,EVTOL-01,EC35,31.2997471,120.5957897,199.9,BUSY,M-P-001,V2
210,210,L-UAV-01,AMZN,31.3054136,120.6020338,100.0,BUSY,M-L-001,V3
210,210,M-UAV-01,M600,31.3108767,120.6039862,30.5,AVAILABLE,,
210,210,M-UAV-02,M600,31.2971716,120.5956323,30.5,AVAILABLE,,
211,211,EVTOL-01,EC35,31.2993844,120.5957676,199.9,BUSY,M-P-001,V2
211,211,L-UAV-01,AMZN,31.3055328,120.6021093,100.0,BUSY,M-L-001,V3
211,211,M-UAV-01,M600,31.3108767,120.6039862,30.5,AVAILABLE,,
211,211,M-UAV-02,M600,31.2971716,120.5956323,30.5,AVAILABLE,,
212,212,EVTOL-01,EC35,31.2990217,120.5957454,199.9,BUSY,M-P-001,V2
212,212,L-UAV-01,AMZN,31.3056520,120.6021849,100.0,BUSY,M-L-001,V3
212,212,M-UAV-01,M600,31.3108767,120.6039862,30.5,AVAILABLE,,
212,212,M-UAV-02,M600,31.2971716,120.5956323,30.5,AVAILABLE,,
213,213,EVTOL-01,EC35,31.2986590,120.5957232,199.9,BUSY,M-P-001,V2
213,213,L-UAV-01,AMZN,31.3057712,120.6022604,100.0,BUSY,M-L-001,V2
213,213,M-UAV-01,M600,31.3108767,120.6039862,30.5,AVAILABLE,,
213,213,M-UAV-02,M600,31.2971716,120.5956323,30.5,AVAILABLE,,
214,214,EVTOL-01,EC35,31.2982963,120.5957011,199.9,BUSY,M-P-001,V2
214,214,L-UAV-01,AMZN,31.3059042,120.6022909,100.0,BUSY,M-L-001,V2
214,214,M-UAV-01,M600,31.3108767,120.6039862,30.5,AVAILABLE,,
214,214,M-UAV-02,M600,31.2971716,120.5956323,30.5,AVAILABLE,,
215,215,EVTOL-01,EC35,31.2979336,120.5956789,199.9,BUSY,M-P-001,V1
215,215,L-UAV-01,AMZN,31.3060389,120.6022734,100.0,BUSY,M-L-001,V2
215,215,M-UAV-01,M600,31.3108767,120.6039862,30.5,AVAILABLE,,
215,215,M-UAV-02,M600,31.2971716,120.5956323,30.5,AVAILABLE,,
216,216,EVTOL-01,EC35,31.2975711,120.5957048,199.9,BUSY,M-P-001,V1
216,216,L-UAV-01,AMZN,31.3061630,120.6022096,100.0,BUSY,M-L-001,V2
216,216,M-UAV-01,M600,31.3108767,120.6039862,30.5,AVAILABLE,,
216,216,M-UAV-02,M600,31.2971716,120.5956323,30.5,AVAILABLE,,
217,217,EVTOL-01,EC35,31.2972134,120.5957785,199.9,BUSY,M-P-001,V1
217,217,L-UAV-01,AMZN,31.3062652,120.6021053,100.0,BUSY,M-L-001,V2
217,217,M-UAV-01,M600,31.3108767,120.6039862,30.5,AVAILABLE,,
217,217,M-UAV-02,M600,31.2971716,120.5956323,30.5,AVAILABLE,,
218,218,EVTOL-01,EC35,31.2968652,120.5958991,199.9,BUSY,M-P-001,V1
218,218,L-UAV-01,AMZN,31.3063360,120.6019701,100.0,BUSY,M-L-001,V2
218,218,M-UAV-01,M600,31.3108767,120.6039862,30.5,AVAILABLE,,
218,218,M-UAV-02,M600,31.2971716,120.5956323,30.5,AVAILABLE,,
219,219,EVTOL-01,EC35,31.2965308,120.5960649,199.9,BUSY,M-P-001,V1
219,219,L-UAV-01,AMZN,31.3063692,120.6018162,100.0,BUSY,M-L-001,V2
219,219,M-UAV-01,M600,31.3108767,120.6039862,30.5,AVAILABLE,,
219,219,M-UAV-02,M600,31.2971716,120.5956323,30.5,AVAILABLE,,
220,220,EVTOL-01,EC35,31.2962145,120.5962739,199.9,BUSY,M-P-001,V1
220,220,L-UAV-01,AMZN,31.3063615,120.6016578,100.0,BUSY,M-L-001,V2
220,220,M-UAV-01,M600,31.3108767,120.6039862,30.5,AVAILABLE,,
220,220,M-UAV-02,M600,31.2971716,120.5956323,30.5,AVAILABLE,,
221,221,EVTOL-01,EC35,31.2959204,120.5965233,199.9,BUSY,M-P-001,V1
221,221,L-UAV-01,AMZN,31.3063137,120.6015094,100.0,BUSY,M-L-001,V2
221,221,M-UAV-01,M600,31.3108767,120.6039862,30.5,AVAILABLE,,
221,221,M-UAV-02,M600,31.2971716,120.5956323,30.5,AVAILABLE,,
222,222,EVTOL-01,EC35,31.2956523,120.5968101,199.9,BUSY,M-P-001,V1
222,222,L-UAV-01,AMZN,31.3062303,120.6013844,100.0,BUSY,M-L-001,V2
222,222,M-UAV-01,M600,31.3108767,120.6039862,30.5,AVAILABLE,,
222,222,M-UAV-02,M600,31.2971716,120.5956323,30.5,AVAILABLE,,
223,223,EVTOL-01,EC35,31.2954136,120.5971304,199.9,BUSY,M-P-001,V1
223,223,L-UAV-01,AMZN,31.3061187,120.6012943,100.0,BUSY,M-L-001,V2
223,223,M-UAV-01,M600,31.3108767,120.6039862,30.5,AVAILABLE,,
223,223,M-UAV-02,M600,31.2971716,120.5956323,30.5,AVAILABLE,,
224,224,EVTOL-01,EC35,31.2952074,120.5974803,199.9,BUSY,M-P-001,V1
224,224,L-UAV-01,AMZN,31.3059995,120.6012188,100.0,BUSY,M-L-001,V2
224,224,M-UAV-01,M600,31.3108767,120.6039862,30.5,AVAILABLE,,
224,224,M-UAV-02,M600,31.2971716,120.5956323,30.5,AVAILABLE,,
225,225,EVTOL-01,EC35,31.2950363,120.5978552,199.9,BUSY,M-P-001,V1
225,225,L-UAV-01,AMZN,31.3058802,120.6011433,100.0,BUSY,M-L-001,V2
225,225,M-UAV-01,M600,31.3108767,120.6039862,30.5,AVAILABLE,,
225,225,M-UAV-02,M600,31.2971716,120.5956323,30.5,AVAILABLE,,
226,226,EVTOL-01,EC35,31.2949024,120.5982503,199.9,BUSY,M-P-001,V1
226,226,L-UAV-01,AMZN,31.3057610,120.6010679,100.0,BUSY,M-L-001,V2
226,226,M-UAV-01,M600,31.3108767,120.6039862,30.5,AVAILABLE,,
226,226,M-UAV-02,M600,31.2971716,120.5956323,30.5,AVAILABLE,,
227,227,EVTOL-01,EC35,31.2948076,120.5986606,199.9,BUSY,M-P-001,V1
227,227,L-UAV-01,AMZN,31.3056418,120.6009924,100.0,BUSY,M-L-001,V2
227,227,M-UAV-01,M600,31.3108767,120.6039862,30.5,AVAILABLE,,
227,227,M-UAV-02,M600,31.2971716,120.5956323,30.5,AVAILABLE,,
228,228,EVTOL-01,EC35,31.2947530,120.5990808,199.9,BUSY,M-P-001,V1
228,228,L-UAV-01,AMZN,31.3055225,120.6009170,100.0,BUSY,M-L-001,V2
228,228,M-UAV-01,M600,31.3108767,120.6039862,30.5,AVAILABLE,,
228,228,M-UAV-02,M600,31.2971716,120.5956323,30.5,AVAILABLE,,
229,229,EVTOL-01,EC35,31.2947393,120.5995055,199.9,BUSY,M-P-001,V1
229,229,L-UAV-01,AMZN,31.3054033,120.6008415,100.0,BUSY,M-L-001,V2
229,229,M-UAV-01,M600,31.3108767,120.6039862,30.5,AVAILABLE,,
229,229,M-UAV-02,M600,31.2971716,120.5956323,30.5,AVAILABLE,,
230,230,EVTOL-01,EC35,31.2947667,120.5999293,199.9,BUSY,M-P-001,V1
230,230,L-UAV-01,AMZN,31.3052841,120.6007660,100.0,BUSY,M-L-001,V2
230,230,M-UAV-01,M600,31.3108767,120.6039862,30.5,AVAILABLE,,
230,230,M-UAV-02,M600,31.2971716,120.5956323,30.5,AVAILABLE,,
231,231,EVTOL-01,EC35,31.2948348,120.6003468,199.9,BUSY,M-P-001,V1
231,231,L-UAV-01,AMZN,31.3051648,120.6006906,100.0,BUSY,M-L-001,V2
231,231,M-UAV-01,M600,31.3108767,120.6039862,30.5,AVAILABLE,,
231,231,M-UAV-02,M600,31.2971716,120.5956323,30.5,AVAILABLE,,
232,232,EVTOL-01,EC35,31.2949429,120.6007526,199.9,BUSY,M-P-001,V1
232,232,L-UAV-01,AMZN,31.3050456,120.6006151,100.0,BUSY,M-L-001,V2
232,232,M-UAV-01,M600,31.3108767,120.6039862,30.5,AVAILABLE,,
232,232,M-UAV-02,M600,31.2971716,120.5956323,30.5,AVAILABLE,,
233,233,EVTOL-01,EC35,31.2950894,120.6011415,199.9,BUSY,M-P-001,V1
233,233,L-UAV-01,AMZN,31.3049264,120.6005397,100.0,BUSY,M-L-001,V2
233,233,M-UAV-01,M600,31.3108767,120.6039862,30.5,AVAILABLE,,
233,233,M-UAV-02,M600,31.2971716,120.5956323,30.5,AVAILABLE,,
234,234,EVTOL-01,EC35,31.2952725,120.6015085,199.9,BUSY,M-P-001,V1
234,234,L-UAV-01,AMZN,31.3048071,120.6004642,100.0,BUSY,M-L-001,V2
234,234,M-UAV-01,M600,31.3108767,120.6039862,30.5,AVAILABLE,,
234,234,M-UAV-02,M600,31.2971716,120.5956323,30.5,AVAILABLE,,
235,235,EVTOL-01,EC35,31.2954899,120.6018490,199.9,BUSY,M-P-001,V1
235,235,L-UAV-01,AMZN,31.3046879,120.6003888,100.0,BUSY,M-L-001,V2
235,235,M-UAV-01,M600,31.3108767,120.6039862,30.5,AVAILABLE,,
235,235,M-UAV-02,M600,31.2971716,120.5956323,30.5,AVAILABLE,,
236,236,EVTOL-01,EC35,31.2957388,120.6021586,199.9,BUSY,M-P-001,V1
236,236,L-UAV-01,AMZN,31.3045687,120.6003133,100.0,BUSY,M-L-001,V2
236,236,M-UAV-01,M600,31.3108767,120.6039862,30.5,AVAILABLE,,
236,236,M-UAV-02,M600,31.2971716,120.5956323,30.5,AVAILABLE,,
237,237,EVTOL-01,EC35,31.2960159,120.6024333,199.9,BUSY,M-P-001,V1
237,237,L-UAV-01,AMZN,31.3044494,120.6002378,100.0,BUSY,M-L-001,V2
237,237,M-UAV-01,M600,31.3108767,120.6039862,30.5,AVAILABLE,,
237,237,M-UAV-02,M600,31.2971716,120.5956323,30.5,AVAILABLE,,
238,238,EVTOL-01,EC35,31.2963178,120.6026695,199.9,BUSY,M-P-001,V1
238,238,L-UAV-01,AMZN,31.3043302,120.6001624,100.0,BUSY,M-L-001,V2
238,238,M-UAV-01,M600,31.3108767,120.6039862,30.5,AVAILABLE,,
238,238,M-UAV-02,M600,31.2971716,120.5956323,30.5,AVAILABLE,,
239,239,EVTOL-01,EC35,31.2966406,120.6028644,199.9,BUSY,M-P-001,V1
239,239,L-UAV-01,AMZN,31.3042110,120.6000869,100.0,BUSY,M-L-001,V2
239,239,M-UAV-01,M600,31.3108767,120.6039862,30.5,AVAILABLE,,
239,239,M-UAV-02,M600,31.2971716,120.5956323,30.5,AVAILABLE,,
240,240,EVTOL-01,EC35,31.2969802,120.6030153,199.9,BUSY,M-P-001,V1
240,240,L-UAV-01,AMZN,31.3040917,120.6000115,100.0,BUSY,M-L-001,V2
240,240,M-UAV-01,M600,31.3108767,120.6039862,30.5,AVAILABLE,,
240,240,M-UAV-02,M600,31.2971716,120.5956323,30.5,AVAILABLE,,
241,241,EVTOL-01,EC35,31.2973321,120.6031203,199.9,BUSY,M-P-001,V1
241,241,L-UAV-01,AMZN,31.3039725,120.5999360,100.0,BUSY,M-L-001,V2
241,241,M-UAV-01,M600,31.3108767,120.6039862,30.5,AVAILABLE,,
241,241,M-UAV-02,M600,31.2971716,120.5956323,30.5,AVAILABLE,,
242,242,EVTOL-01,EC35,31.2976919,120.6031781,199.9,BUSY,M-P-001,V1
242,242,L-UAV-01,AMZN,31.3038533,120.5998606,100.0,BUSY,M-L-001,V2
242,242,M-UAV-01,M600,31.3108767,120.6039862,30.5,AVAILABLE,,
242,242,M-UAV-02,M600,31.2971716,120.5956323,30.5,AVAILABLE,,
243,243,EVTOL-01,EC35,31.2980546,120.6032003,199.9,BUSY,M-P-001,V1
243,243,L-UAV-01,AMZN,31.3037340,120.5997851,100.0,BUSY,M-L-001,V2
243,243,M-UAV-01,M600,31.3108767,120.6039862,30.5,AVAILABLE,,
243,243,M-UAV-02,M600,31.2971716,120.5956323,30.5,AVAILABLE,,
244,244,EVTOL-01,EC35,31.2984173,120.6032226,199.9,BUSY,M-P-001,V1
244,244,L-UAV-01,AMZN,31.3036148,120.5997096,100.0,BUSY,M-L-001,V2
244,244,M-UAV-01,M600,31.3108767,120.6039862,30.5,AVAILABLE,,
244,244,M-UAV-02,M600,31.2971716,120.5956323,30.5,AVAILABLE,,
245,245,EVTOL-01,EC35,31.2987800,120.6032448,199.9,BUSY,M-P-001,V1
245,245,L-UAV-01,AMZN,31.3034956,120.5996342,100.0,BUSY,M-L-001,V2
245,245,M-UAV-01,M600,31.3108767,120.6039862,30.5,AVAILABLE,,
245,245,M-UAV-02,M600,31.2971716,120.5956323,30.5,AVAILABLE,,
246,246,EVTOL-01,EC35,31.2991427,120.6032670,199.9,BUSY,M-P-001,V1
246,246,L-UAV-01,AMZN,31.3033763,120.5995587,100.0,BUSY,M-L-001,V2
246,246,M-UAV-01,M600,31.3108767,120.6039862,30.5,AVAILABLE,,
246,246,M-UAV-02,M600,31.2971716,120.5956323,30.5,AVAILABLE,,
247,247,EVTOL-01,EC35,31.2995054,120.6032892,199.9,BUSY,M-P-001,V1
247,247,L-UAV-01,AMZN,31.3032571,120.5994833,100.0,BUSY,M-L-001,V2
247,247,M-UAV-01,M600,31.3108767,120.6039862,30.5,AVAILABLE,,
247,247,M-UAV-02,M600,31.2971716,120.5956323,30.5,AVAILABLE,,
248,248,EVTOL-01,EC35,31.2998681,120.6033115,199.9,BUSY,M-P-001,V1
248,248,L-UAV-01,AMZN,31.3031379,120.5994078,100.0,BUSY,M-L-001,V2
248,248,M-UAV-01,M600,31.3108767,120.6039862,30.5,AVAILABLE,,
248,248,M-UAV-02,M600,31.2971716,120.5956323,30.5,AVAILABLE,,
249,249,EVTOL-01,EC35,31.3002307,120.6033337,199.9,BUSY,M-P-001,V1
249,249,L-UAV-01,AMZN,31.3030186,120.5993324,100.0,BUSY,M-L-001,V2
249,249,M-UAV-01,M600,31.3108767,120.6039862,30.5,AVAILABLE,,
249,249,M-UAV-02,M600,31.2971716,120.5956323,30.5,AVAILABLE,,
250,250,EVTOL-01,EC35,31.3005934,120.6033559,199.9,BUSY,M-P-001,V1
250,250,L-UAV-01,AMZN,31.3028994,120.5992569,100.0,BUSY,M-L-001,V2
250,250,M-UAV-01,M600,31.3108767,120.6039862,30.5,AVAILABLE,,
250,250,M-UAV-02,M600,31.2971716,120.5956323,30.5,AVAILABLE,,
251,251,EVTOL-01,EC35,31.3009561,120.6033781,199.9,BUSY,M-P-001,V1
251,251,L-UAV-01,AMZN,31.3027802,120.5991814,100.0,BUSY,M-L-001,V2
251,251,M-UAV-01,M600,31.3108767,120.6039862,30.5,AVAILABLE,,
251,251,M-UAV-02,M600,31.2971716,120.5956323,30.5,AVAILABLE,,
252,252,EVTOL-01,EC35,31.3013188,120.6034004,199.9,BUSY,M-P-001,V1
252,252,L-UAV-01,AMZN,31.3026610,120.5991060,100.0,BUSY,M-L-001,V2
252,252,M-UAV-01,M600,31.3108767,120.6039862,30.5,AVAILABLE,,
252,252,M-UAV-02,M600,31.2971716,120.5956323,30.5,AVAILABLE,,
253,253,EVTOL-01,EC35,31.3016815,120.6034226,199.9,BUSY,M-P-001,V1
253,253,L-UAV-01,AMZN,31.3025417,120.5990305,100.0,BUSY,M-L-001,V2
253,253,M-UAV-01,M600,31.3108767,120.6039862,30.5,AVAILABLE,,
253,253,M-UAV-02,M600,31.2971716,120.5956323,30.5,AVAILABLE,,
254,254,EVTOL-01,EC35,31.3020442,120.6034448,199.9,BUSY,M-P-001,V1
254,254,L-UAV-01,AMZN,31.3024225,120.5989551,100.0,BUSY,M-L-001,V2
254,254,M-UAV-01,M600,31.3108767,120.6039862,30.5,AVAILABLE,,
254,254,M-UAV-02,M600,31.2971716,120.5956323,30.5,AVAILABLE,,
255,255,EVTOL-01,EC35,31.3024069,120.6034671,199.9,BUSY,M-P-001,V1
255,255,L-UAV-01,AMZN,31.3023033,120.5988796,100.0,BUSY,M-L-001,V2
255,255,M-UAV-01,M600,31.3108767,120.6039862,30.5,AVAILABLE,,
255,255,M-UAV-02,M600,31.2971716,120.5956323,30.5,AVAILABLE,,
256,256,EVTOL-01,EC35,31.3027696,120.6034893,199.9,BUSY,M-P-001,V1
256,256,L-UAV-01,AMZN,31.3021840,120.5988042,100.0,BUSY,M-L-001,V2
256,256,M-UAV-01,M600,31.3108767,120.6039862,30.5,AVAILABLE,,
256,256,M-UAV-02,M600,31.2971716,120.5956323,30.5,AVAILABLE,,
257,257,EVTOL-01,EC35,31.3031323,120.6035115,199.9,BUSY,M-P-001,V1
257,257,L-UAV-01,AMZN,31.3020648,120.5987287,100.0,BUSY,M-L-001,V2
257,257,M-UAV-01,M600,31.3108767,120.6039862,30.5,AVAILABLE,,
257,257,M-UAV-02,M600,31.2971716,120.5956323,30.5,AVAILABLE,,
258,258,EVTOL-01,EC35,31.3034950,120.6035337,199.9,BUSY,M-P-001,V1
258,258,L-UAV-01,AMZN,31.3019456,120.5986533,100.0,BUSY,M-L-001,V2
258,258,M-UAV-01,M600,31.3108767,120.6039862,30.5,AVAILABLE,,
258,258,M-UAV-02,M600,31.2971716,120.5956323,30.5,AVAILABLE,,
259,259,EVTOL-01,EC35,31.3038577,120.6035560,199.9,BUSY,M-P-001,V1
259,259,L-UAV-01,AMZN,31.3018263,120.5985778,100.0,BUSY,M-L-001,V2
259,259,M-UAV-01,M600,31.3108767,120.6039862,30.5,AVAILABLE,,
259,259,M-UAV-02,M600,31.2971716,120.5956323,30.5,AVAILABLE,,
260,260,EVTOL-01,EC35,31.3042204,120.6035782,199.9,BUSY,M-P-001,V1
260,260,L-UAV-01,AMZN,31.3017071,120.5985024,100.0,BUSY,M-L-001,V2
260,260,M-UAV-01,M600,31.3108767,120.6039862,30.5,AVAILABLE,,
260,260,M-UAV-02,M600,31.2971716,120.5956323,30.5,AVAILABLE,,
261,261,EVTOL-01,EC35,31.3045831,120.6036004,199.9,BUSY,M-P-001,V1
261,261,L-UAV-01,AMZN,31.3015879,120.5984269,100.0,BUSY,M-L-001,V2
261,261,M-UAV-01,M600,31.3108767,120.6039862,30.5,AVAILABLE,,
261,261,M-UAV-02,M600,31.2971716,120.5956323,30.5,AVAILABLE,,
262,262,EVTOL-01,EC35,31.3049458,120.6036226,199.9,BUSY,M-P-001,V1
262,262,L-UAV-01,AMZN,31.3014686,120.5983515,100.0,BUSY,M-L-001,V2
262,262,M-UAV-01,M600,31.3108767,120.6039862,30.5,AVAILABLE,,
262,262,M-UAV-02,M600,31.2971716,120.5956323,30.5,AVAILABLE,,
263,263,EVTOL-01,EC35,31.3053085,120.6036449,199.9,BUSY,M-P-001,V1
263,263,L-UAV-01,AMZN,31.3013494,120.5982760,100.0,BUSY,M-L-001,V2
263,263,M-UAV-01,M600,31.3108767,120.6039862,30.5,AVAILABLE,,
263,263,M-UAV-02,M600,31.2971716,120.5956323,30.5,AVAILABLE,,
264,264,EVTOL-01,EC35,31.3056711,120.6036671,199.9,BUSY,M-P-001,V1
264,264,L-UAV-01,AMZN,31.3012302,120.5982005,100.0,BUSY,M-L-001,V2
264,264,M-UAV-01,M600,31.3108767,120.6039862,30.5,AVAILABLE,,
264,264,M-UAV-02,M600,31.2971716,120.5956323,30.5,AVAILABLE,,
265,265,EVTOL-01,EC35,31.3060338,120.6036893,199.9,BUSY,M-P-001,V1
265,265,L-UAV-01,AMZN,31.3011109,120.5981251,100.0,BUSY,M-L-001,V2
265,265,M-UAV-01,M600,31.3108767,120.6039862,30.5,AVAILABLE,,
265,265,M-UAV-02,M600,31.2971716,120.5956323,30.5,AVAILABLE,,
266,266,EVTOL-01,EC35,31.3063965,120.6037116,199.9,BUSY,M-P-001,V1
266,266,L-UAV-01,AMZN,31.3009917,120.5980496,100.0,BUSY,M-L-001,V2
266,266,M-UAV-01,M600,31.3108767,120.6039862,30.5,AVAILABLE,,
266,266,M-UAV-02,M600,31.2971716,120.5956323,30.5,AVAILABLE,,
267,267,EVTOL-01,EC35,31.3067592,120.6037338,199.9,BUSY,M-P-001,V1
267,267,L-UAV-01,AMZN,31.3008725,120.5979742,100.0,BUSY,M-L-001,V2
267,267,M-UAV-01,M600,31.3108767,120.6039862,30.5,AVAILABLE,,
267,267,M-UAV-02,M600,31.2971716,120.5956323,30.5,AVAILABLE,,
268,268,EVTOL-01,EC35,31.3071219,120.6037560,199.9,BUSY,M-P-001,V1
268,268,L-UAV-01,AMZN,31.3007532,120.5978987,100.0,BUSY,M-L-001,V2
268,268,M-UAV-01,M600,31.3108767,120.6039862,30.5,AVAILABLE,,
268,268,M-UAV-02,M600,31.2971716,120.5956323,30.5,AVAILABLE,,
269,269,EVTOL-01,EC35,31.3074846,120.6037782,199.9,BUSY,M-P-001,V1
269,269,L-UAV-01,AMZN,31.3006340,120.5978233,100.0,BUSY,M-L-001,V2
269,269,M-UAV-01,M600,31.3108767,120.6039862,30.5,AVAILABLE,,
269,269,M-UAV-02,M600,31.2971716,120.5956323,30.5,AVAILABLE,,
270,270,EVTOL-01,EC35,31.3078473,120.6038005,199.9,BUSY,M-P-001,V1
270,270,L-UAV-01,AMZN,31.3005148,120.5977478,100.0,BUSY,M-L-001,V2
270,270,M-UAV-01,M600,31.3108767,120.6039862,30.5,AVAILABLE,,
270,270,M-UAV-02,M600,31.2971716,120.5956323,30.5,AVAILABLE,,
271,271,EVTOL-01,EC35,31.3082100,120.6038227,199.9,BUSY,M-P-001,V1
271,271,L-UAV-01,AMZN,31.3003955,120.5976724,100.0,BUSY,M-L-001,V2
271,271,M-UAV-01,M600,31.3108767,120.6039862,30.5,AVAILABLE,,
271,271,M-UAV-02,M600,31.2971716,120.5956323,30.5,AVAILABLE,,
272,272,EVTOL-01,EC35,31.3085727,120.6038449,199.9,BUSY,M-P-001,V1
272,272,L-UAV-01,AMZN,31.3002763,120.5975969,100.0,BUSY,M-L-001,V2
272,272,M-UAV-01,M600,31.3108767,120.6039862,30.5,AVAILABLE,,
272,272,M-UAV-02,M600,31.2971716,120.5956323,30.5,AVAILABLE,,
273,273,EVTOL-01,EC35,31.3089354,120.6038672,199.9,BUSY,M-P-001,V1
273,273,L-UAV-01,AMZN,31.3001570,120.5975215,100.0,BUSY,M-L-001,V2
273,273,M-UAV-01,M600,31.3108767,120.6039862,30.5,AVAILABLE,,
273,273,M-UAV-02,M600,31.2971716,120.5956323,30.5,AVAILABLE,,
274,274,EVTOL-01,EC35,31.3092981,120.6038894,199.9,BUSY,M-P-001,V1
274,274,L-UAV-01,AMZN,31.3000378,120.5974460,100.0,BUSY,M-L-001,V2
274,274,M-UAV-01,M600,31.3108767,120.6039862,30.5,AVAILABLE,,
274,274,M-UAV-02,M600,31.2971716,120.5956323,30.5,AVAILABLE,,
275,275,EVTOL-01,EC35,31.3096608,120.6039116,199.9,BUSY,M-P-001,V1
275,275,L-UAV-01,AMZN,31.2999186,120.5973706,100.0,BUSY,M-L-001,V2
275,275,M-UAV-01,M600,31.3108767,120.6039862,30.5,AVAILABLE,,
275,275,M-UAV-02,M600,31.2971716,120.5956323,30.5,AVAILABLE,,
276,276,EVTOL-01,EC35,31.3100235,120.6039339,199.9,BUSY,M-P-001,V2
276,276,L-UAV-01,AMZN,31.2997993,120.5972951,100.0,BUSY,M-L-001,V2
276,276,M-UAV-01,M600,31.3108767,120.6039862,30.5,AVAILABLE,,
276,276,M-UAV-02,M600,31.2971716,120.5956323,30.5,AVAILABLE,,
277,277,EVTOL-01,EC35,31.3103860,120.6039080,199.9,BUSY,M-P-001,V2
277,277,L-UAV-01,AMZN,31.2996801,120.5972197,100.0,BUSY,M-L-001,V2
277,277,M-UAV-01,M600,31.3108767,120.6039862,30.5,AVAILABLE,,
277,277,M-UAV-02,M600,31.2971716,120.5956323,30.5,AVAILABLE,,
278,278,EVTOL-01,EC35,31.3107437,120.6038343,199.9,BUSY,M-P-001,V2
278,278,L-UAV-01,AMZN,31.2995609,120.5971442,100.0,BUSY,M-L-001,V2
278,278,M-UAV-01,M600,31.3108767,120.6039862,30.5,AVAILABLE,,
278,278,M-UAV-02,M600,31.2971716,120.5956323,30.5,AVAILABLE,,
279,279,EVTOL-01,EC35,31.3110920,120.6037138,199.9,BUSY,M-P-001,V2
279,279,L-UAV-01,AMZN,31.2994416,120.5970688,100.0,BUSY,M-L-001,V2
279,279,M-UAV-01,M600,31.3108767,120.6039862,30.5,AVAILABLE,,
279,279,M-UAV-02,M600,31.2971716,120.5956323,30.5,AVAILABLE,,
280,280,EVTOL-01,EC35,31.3114264,120.6035480,199.9,BUSY,M-P-001,V2
280,280,L-UAV-01,AMZN,31.2993224,120.5969933,100.0,BUSY,M-L-001,V2
280,280,M-UAV-01,M600,31.3108767,120.6039862,30.5,AVAILABLE,,
280,280,M-UAV-02,M600,31.2971716,120.5956323,30.5,AVAILABLE,,
281,281,EVTOL-01,EC35,31.3117427,120.6033391,199.9,BUSY,M-P-001,V2
281,281,L-UAV-01,AMZN,31.2992032,120.5969179,100.0,BUSY,M-L-001,V2
281,281,M-UAV-01,M600,31.3108767,120.6039862,30.5,AVAILABLE,,
281,281,M-UAV-02,M600,31.2971716,120.5956323,30.5,AVAILABLE,,
282,282,EVTOL-01,EC35,31.3120368,120.6030896,199.9,BUSY,M-P-001,V2
282,282,L-UAV-01,AMZN,31.2990839,120.5968424,100.0,BUSY,M-L-001,V2
282,282,M-UAV-01,M600,31.3108767,120.6039862,30.5,AVAILABLE,,
282,282,M-UAV-02,M600,31.2971716,120.5956323,30.5,AVAILABLE,,
283,283,EVTOL-01,EC35,31.3123049,120.6028029,199.9,BUSY,M-P-001,V2
283,283,L-UAV-01,AMZN,31.2989647,120.5967670,100.0,BUSY,M-L-001,V2
283,283,M-UAV-01,M600,31.3108767,120.6039862,30.5,AVAILABLE,,
283,283,M-UAV-02,M600,31.2971716,120.5956323,30.5,AVAILABLE,,
284,284,EVTOL-01,EC35,31.3125436,120.6024825,199.9,BUSY,M-P-001,V2
284,284,L-UAV-01,AMZN,31.2988455,120.5966915,100.0,BUSY,M-L-001,V2
284,284,M-UAV-01,M600,31.3108767,120.6039862,30.5,AVAILABLE,,
284,284,M-UAV-02,M600,31.2971716,120.5956323,30.5,AVAILABLE,,
285,285,EVTOL-01,EC35,31.3127499,120.6021326,199.9,BUSY,M-P-001,V2
285,285,L-UAV-01,AMZN,31.2987262,120.5966161,100.0,BUSY,M-L-001,V2
285,285,M-UAV-01,M600,31.3108767,120.6039862,30.5,AVAILABLE,,
285,285,M-UAV-02,M600,31.2971716,120.5956323,30.5,AVAILABLE,,
286,286,EVTOL-01,EC35,31.3129211,120.6017577,199.9,BUSY,M-P-001,V2
286,286,L-UAV-01,AMZN,31.2986070,120.5965406,100.0,BUSY,M-L-001,V2
286,286,M-UAV-01,M600,31.3108767,120.6039862,30.5,AVAILABLE,,
286,286,M-UAV-02,M600,31.2971716,120.5956323,30.5,AVAILABLE,,
287,287,EVTOL-01,EC35,31.3130550,120.6013625,199.9,BUSY,M-P-001,V2
287,287,L-UAV-01,AMZN,31.2984878,120.5964652,100.0,BUSY,M-L-001,V2
287,287,M-UAV-01,M600,31.3108767,120.6039862,30.5,AVAILABLE,,
287,287,M-UAV-02,M600,31.2971716,120.5956323,30.5,AVAILABLE,,
288,288,EVTOL-01,EC35,31.3131499,120.6009522,199.9,BUSY,M-P-001,V2
288,288,L-UAV-01,AMZN,31.2983685,120.5963897,100.0,BUSY,M-L-001,V2
288,288,M-UAV-01,M600,31.3108767,120.6039862,30.5,AVAILABLE,,
288,288,M-UAV-02,M600,31.2971716,120.5956323,30.5,AVAILABLE,,
289,289,EVTOL-01,EC35,31.3132045,120.6005319,199.9,BUSY,M-P-001,V2
289,289,L-UAV-01,AMZN,31.2982493,120.5963143,100.0,BUSY,M-L-001,V2
289,289,M-UAV-01,M600,31.3108767,120.6039862,30.5,AVAILABLE,,
289,289,M-UAV-02,M600,31.2971716,120.5956323,30.5,AVAILABLE,,
290,290,EVTOL-01,EC35,31.3132183,120.6001071,199.9,BUSY,M-P-001,V2
290,290,L-UAV-01,AMZN,31.2981301,120.5962388,100.0,BUSY,M-L-001,V2
290,290,M-UAV-01,M600,31.3108767,120.6039862,30.5,AVAILABLE,,
290,290,M-UAV-02,M600,31.2971716,120.5956323,30.5,AVAILABLE,,
291,291,EVTOL-01,EC35,31.3131909,120.5996832,199.9,BUSY,M-P-001,V2
291,291,L-UAV-01,AMZN,31.2980108,120.5961634,100.0,BUSY,M-L-001,V2
291,291,M-UAV-01,M600,31.3108767,120.6039862,30.5,AVAILABLE,,
291,291,M-UAV-02,M600,31.2971716,120.5956323,30.5,AVAILABLE,,
292,292,EVTOL-01,EC35,31.3131228,120.5992656,199.9,BUSY,M-P-001,V2
292,292,L-UAV-01,AMZN,31.2978916,120.5960879,100.0,BUSY,M-L-001,V3
292,292,M-UAV-01,M600,31.3108767,120.6039862,30.5,AVAILABLE,,
292,292,M-UAV-02,M600,31.2971716,120.5956323,30.5,AVAILABLE,,
293,293,EVTOL-01,EC35,31.3130149,120.5988597,199.9,BUSY,M-P-001,V2
293,293,L-UAV-01,AMZN,31.2977585,120.5960576,100.0,BUSY,M-L-001,V3
293,293,M-UAV-01,M600,31.3108767,120.6039862,30.5,AVAILABLE,,
293,293,M-UAV-02,M600,31.2971716,120.5956323,30.5,AVAILABLE,,
294,294,EVTOL-01,EC35,31.3128684,120.5984707,199.9,BUSY,M-P-001,V2
294,294,L-UAV-01,AMZN,31.2976238,120.5960752,100.0,BUSY,M-L-001,V3
294,294,M-UAV-01,M600,31.3108767,120.6039862,30.5,AVAILABLE,,
294,294,M-UAV-02,M600,31.2971716,120.5956323,30.5,AVAILABLE,,
295,295,EVTOL-01,EC35,31.3126853,120.5981036,199.9,BUSY,M-P-001,V2
295,295,L-UAV-01,AMZN,31.2974998,120.5961391,100.0,BUSY,M-L-001,V3
295,295,M-UAV-01,M600,31.3108767,120.6039862,30.5,AVAILABLE,,
295,295,M-UAV-02,M600,31.2971716,120.5956323,30.5,AVAILABLE,,
296,296,EVTOL-01,EC35,31.3124680,120.5977630,199.9,BUSY,M-P-001,V2
296,296,L-UAV-01,AMZN,31.2973977,120.5962435,100.0,BUSY,M-L-001,V3
296,296,M-UAV-01,M600,31.3108767,120.6039862,30.5,AVAILABLE,,
296,296,M-UAV-02,M600,31.2971716,120.5956323,30.5,AVAILABLE,,
297,297,EVTOL-01,EC35,31.3122191,120.5974533,199.9,BUSY,M-P-001,V2
297,297,L-UAV-01,AMZN,31.2973269,120.5963788,100.0,BUSY,M-L-001,V3
297,297,M-UAV-01,M600,31.3108767,120.6039862,30.5,AVAILABLE,,
297,297,M-UAV-02,M600,31.2971716,120.5956323,30.5,AVAILABLE,,
298,298,EVTOL-01,EC35,31.3119420,120.5971786,199.9,BUSY,M-P-001,V2
298,298,L-UAV-01,AMZN,31.2972939,120.5965326,100.0,BUSY,M-L-001,V3
298,298,M-UAV-01,M600,31.3108767,120.6039862,30.5,AVAILABLE,,
298,298,M-UAV-02,M600,31.2971716,120.5956323,30.5,AVAILABLE,,
299,299,EVTOL-01,EC35,31.3116401,120.5969422,199.9,BUSY,M-P-001,V2
299,299,L-UAV-01,AMZN,31.2973017,120.5966910,100.0,BUSY,M-L-001,V3
299,299,M-UAV-01,M600,31.3108767,120.6039862,30.5,AVAILABLE,,
299,299,M-UAV-02,M600,31.2971716,120.5956323,30.5,AVAILABLE,,
300,300,EVTOL-01,EC35,31.3113174,120.5967473,199.9,BUSY,M-P-001,V2
300,300,L-UAV-01,AMZN,31.2973495,120.5968394,100.0,BUSY,M-L-001,V3
300,300,M-UAV-01,M600,31.3108767,120.6039862,30.5,AVAILABLE,,
300,300,M-UAV-02,M600,31.2971716,120.5956323,30.5,AVAILABLE,,
301,301,EVTOL-01,EC35,31.3109778,120.5965963,199.9,BUSY,M-P-001,V2
301,301,L-UAV-01,AMZN,31.2974330,120.5969643,100.0,BUSY,M-L-001,V3
301,301,M-UAV-01,M600,31.3108767,120.6039862,30.5,AVAILABLE,,
301,301,M-UAV-02,M600,31.2971716,120.5956323,30.5,AVAILABLE,,
302,302,EVTOL-01,EC35,31.3106259,120.5964912,199.9,BUSY,M-P-001,V2
302,302,L-UAV-01,AMZN,31.2975447,120.5970543,100.0,BUSY,M-L-001,V3
302,302,M-UAV-01,M600,31.3108767,120.6039862,30.5,AVAILABLE,,
302,302,M-UAV-02,M600,31.2971716,120.5956323,30.5,AVAILABLE,,
303,303,EVTOL-01,EC35,31.3102661,120.5964333,199.9,BUSY,M-P-001,V2
303,303,L-UAV-01,AMZN,31.2976639,120.5971298,100.0,BUSY,M-L-001,V3
303,303,M-UAV-01,M600,31.3108767,120.6039862,30.5,AVAILABLE,,
303,303,M-UAV-02,M600,31.2971716,120.5956323,30.5,AVAILABLE,,
304,304,EVTOL-01,EC35,31.3099034,120.5964111,199.9,BUSY,M-P-001,V2
304,304,L-UAV-01,AMZN,31.2977831,120.5972052,100.0,BUSY,M-L-001,V3
304,304,M-UAV-01,M600,31.3108767,120.6039862,30.5,AVAILABLE,,
304,304,M-UAV-02,M600,31.2971716,120.5956323,30.5,AVAILABLE,,
305,305,EVTOL-01,EC35,31.3095407,120.5963889,199.9,BUSY,M-P-001,V2
305,305,L-UAV-01,AMZN,31.2979024,120.5972807,100.0,BUSY,M-L-001,V3
305,305,M-UAV-01,M600,31.3108767,120.6039862,30.5,AVAILABLE,,
305,305,M-UAV-02,M600,31.2971716,120.5956323,30.5,AVAILABLE,,
306,306,EVTOL-01,EC35,31.3091780,120.5963668,199.9,BUSY,M-P-001,V2
306,306,L-UAV-01,AMZN,31.2980216,120.5973561,100.0,BUSY,M-L-001,V3
306,306,M-UAV-01,M600,31.3108767,120.6039862,30.5,AVAILABLE,,
306,306,M-UAV-02,M600,31.2971716,120.5956323,30.5,AVAILABLE,,
307,307,EVTOL-01,EC35,31.3088153,120.5963446,199.9,BUSY,M-P-001,V2
307,307,L-UAV-01,AMZN,31.2981408,120.5974316,100.0,BUSY,M-L-001,V3
307,307,M-UAV-01,M600,31.3108767,120.6039862,30.5,AVAILABLE,,
307,307,M-UAV-02,M600,31.2971716,120.5956323,30.5,AVAILABLE,,
308,308,EVTOL-01,EC35,31.3084527,120.5963224,199.9,BUSY,M-P-001,V2
308,308,L-UAV-01,AMZN,31.2982600,120.5975070,100.0,BUSY,M-L-001,V3
308,308,M-UAV-01,M600,31.3108767,120.6039862,30.5,AVAILABLE,,
308,308,M-UAV-02,M600,31.2971716,120.5956323,30.5,AVAILABLE,,
309,309,EVTOL-01,EC35,31.3080900,120.5963002,199.9,BUSY,M-P-001,V2
309,309,L-UAV-01,AMZN,31.2983793,120.5975825,100.0,BUSY,M-L-001,V3
309,309,M-UAV-01,M600,31.3108767,120.6039862,30.5,AVAILABLE,,
309,309,M-UAV-02,M600,31.2971716,120.5956323,30.5,AVAILABLE,,
310,310,EVTOL-01,EC35,31.3077273,120.5962780,199.9,BUSY,M-P-001,V2
310,310,L-UAV-01,AMZN,31.2984985,120.5976580,100.0,BUSY,M-L-001,V3
310,310,M-UAV-01,M600,31.3108767,120.6039862,30.5,AVAILABLE,,
310,310,M-UAV-02,M600,31.2971716,120.5956323,30.5,AVAILABLE,,
311,311,EVTOL-01,EC35,31.3073646,120.5962558,199.9,BUSY,M-P-001,V2
311,311,L-UAV-01,AMZN,31.2986177,120.5977334,100.0,BUSY,M-L-001,V3
311,311,M-UAV-01,M600,31.3108767,120.6039862,30.5,AVAILABLE,,
311,311,M-UAV-02,M600,31.2971716,120.5956323,30.5,AVAILABLE,,
312,312,EVTOL-01,EC35,31.3070019,120.5962336,199.9,BUSY,M-P-001,V2
312,312,L-UAV-01,AMZN,31.2987370,120.5978089,100.0,BUSY,M-L-001,V3
312,312,M-UAV-01,M600,31.3108767,120.6039862,30.5,AVAILABLE,,
312,312,M-UAV-02,M600,31.2971716,120.5956323,30.5,AVAILABLE,,
313,313,EVTOL-01,EC35,31.3066392,120.5962114,199.9,BUSY,M-P-001,V2
313,313,L-UAV-01,AMZN,31.2988562,120.5978843,100.0,BUSY,M-L-001,V3
313,313,M-UAV-01,M600,31.3108767,120.6039862,30.5,AVAILABLE,,
313,313,M-UAV-02,M600,31.2971716,120.5956323,30.5,AVAILABLE,,
314,314,EVTOL-01,EC35,31.3062765,120.5961893,199.9,BUSY,M-P-001,V2
314,314,L-UAV-01,AMZN,31.2989754,120.5979598,100.0,BUSY,M-L-001,V3
314,314,M-UAV-01,M600,31.3108767,120.6039862,30.5,AVAILABLE,,
314,314,M-UAV-02,M600,31.2971716,120.5956323,30.5,AVAILABLE,,
315,315,EVTOL-01,EC35,31.3059138,120.5961671,199.9,BUSY,M-P-001,V2
315,315,L-UAV-01,AMZN,31.2990947,120.5980353,100.0,BUSY,M-L-001,V3
315,315,M-UAV-01,M600,31.3108767,120.6039862,30.5,AVAILABLE,,
315,315,M-UAV-02,M600,31.2971716,120.5956323,30.5,AVAILABLE,,
316,316,EVTOL-01,EC35,31.3055511,120.5961449,199.9,BUSY,M-P-001,V2
316,316,L-UAV-01,AMZN,31.2992139,120.5981107,100.0,BUSY,M-L-001,V3
316,316,M-UAV-01,M600,31.3108767,120.6039862,30.5,AVAILABLE,,
316,316,M-UAV-02,M600,31.2971716,120.5956323,30.5,AVAILABLE,,
317,317,EVTOL-01,EC35,31.3051884,120.5961227,199.9,BUSY,M-P-001,V2
317,317,L-UAV-01,AMZN,31.2993331,120.5981862,100.0,BUSY,M-L-001,V3
317,317,M-UAV-01,M600,31.3108767,120.6039862,30.5,AVAILABLE,,
317,317,M-UAV-02,M600,31.2971716,120.5956323,30.5,AVAILABLE,,
318,318,EVTOL-01,EC35,31.3048257,120.5961005,199.9,BUSY,M-P-001,V2
318,318,L-UAV-01,AMZN,31.2994523,120.5982616,100.0,BUSY,M-L-001,V3
318,318,M-UAV-01,M600,31.3108767,120.6039862,30.5,AVAILABLE,,
318,318,M-UAV-02,M600,31.2971716,120.5956323,30.5,AVAILABLE,,
319,319,EVTOL-01,EC35,31.3044630,120.5960783,199.9,BUSY,M-P-001,V2
319,319,L-UAV-01,AMZN,31.2995716,120.5983371,100.0,BUSY,M-L-001,V3
319,319,M-UAV-01,M600,31.3108767,120.6039862,30.5,AVAILABLE,,
319,319,M-UAV-02,M600,31.2971716,120.5956323,30.5,AVAILABLE,,
320,320,EVTOL-01,EC35,31.3041003,120.5960561,199.9,BUSY,M-P-001,V2
320,320,L-UAV-01,AMZN,31.2996908,120.5984126,100.0,BUSY,M-L-001,V3
320,320,M-UAV-01,M600,31.3108767,120.6039862,30.5,AVAILABLE,,
320,320,M-UAV-02,M600,31.2971716,120.5956323,30.5,AVAILABLE,,
321,321,EVTOL-01,EC35,31.3037376,120.5960339,199.9,BUSY,M-P-001,V2
321,321,L-UAV-01,AMZN,31.2998100,120.5984880,100.0,BUSY,M-L-001,V3
321,321,M-UAV-01,M600,31.3108767,120.6039862,30.5,AVAILABLE,,
321,321,M-UAV-02,M600,31.2971716,120.5956323,30.5,AVAILABLE,,
322,322,EVTOL-01,EC35,31.3033749,120.5960118,199.9,BUSY,M-P-001,V2
322,322,L-UAV-01,AMZN,31.2999293,120.5985635,100.0,BUSY,M-L-001,V3
322,322,M-UAV-01,M600,31.3108767,120.6039862,30.5,AVAILABLE,,
322,322,M-UAV-02,M600,31.2971716,120.5956323,30.5,AVAILABLE,,
323,323,EVTOL-01,EC35,31.3030122,120.5959896,199.9,BUSY,M-P-001,V2
323,323,L-UAV-01,AMZN,31.3000485,120.5986389,100.0,BUSY,M-L-001,V3
323,323,M-UAV-01,M600,31.3108767,120.6039862,30.5,AVAILABLE,,
323,323,M-UAV-02,M600,31.2971716,120.5956323,30.5,AVAILABLE,,
324,324,EVTOL-01,EC35,31.3026495,120.5959674,199.9,BUSY,M-P-001,V2
324,324,L-UAV-01,AMZN,31.3001677,120.5987144,100.0,BUSY,M-L-001,V3
324,324,M-UAV-01,M600,31.3108767,120.6039862,30.5,AVAILABLE,,
324,324,M-UAV-02,M600,31.2971716,120.5956323,30.5,AVAILABLE,,
325,325,EVTOL-01,EC35,31.3022868,120.5959452,199.9,BUSY,M-P-001,V2
325,325,L-UAV-01,AMZN,31.3002869,120.5987899,100.0,BUSY,M-L-001,V3
325,325,M-UAV-01,M600,31.3108767,120.6039862,30.5,AVAILABLE,,
325,325,M-UAV-02,M600,31.2971716,120.5956323,30.5,AVAILABLE,,
326,326,EVTOL-01,EC35,31.3019241,120.5959230,199.9,BUSY,M-P-001,V2
326,326,L-UAV-01,AMZN,31.3004062,120.5988653,100.0,BUSY,M-L-001,V3
326,326,M-UAV-01,M600,31.3108767,120.6039862,30.5,AVAILABLE,,
326,326,M-UAV-02,M600,31.2971716,120.5956323,30.5,AVAILABLE,,
327,327,EVTOL-01,EC35,31.3015614,120.5959008,199.9,BUSY,M-P-001,V2
327,327,L-UAV-01,AMZN,31.3005254,120.5989408,100.0,BUSY,M-L-001,V3
327,327,M-UAV-01,M600,31.3108767,120.6039862,30.5,AVAILABLE,,
327,327,M-UAV-02,M600,31.2971716,120.5956323,30.5,AVAILABLE,,
328,328,EVTOL-01,EC35,31.3011987,120.5958786,199.9,BUSY,M-P-001,V2
328,328,L-UAV-01,AMZN,31.3006446,120.5990163,100.0,BUSY,M-L-001,V3
328,328,M-UAV-01,M600,31.3108767,120.6039862,30.5,AVAILABLE,,
328,328,M-UAV-02,M600,31.2971716,120.5956323,30.5,AVAILABLE,,
329,329,EVTOL-01,EC35,31.3008360,120.5958565,199.9,BUSY,M-P-001,V2
329,329,L-UAV-01,AMZN,31.3007639,120.5990917,100.0,BUSY,M-L-001,V3
329,329,M-UAV-01,M600,31.3108767,120.6039862,30.5,AVAILABLE,,
329,329,M-UAV-02,M600,31.2971716,120.5956323,30.5,AVAILABLE,,
330,330,EVTOL-01,EC35,31.3004734,120.5958343,199.9,BUSY,M-P-001,V2
330,330,L-UAV-01,AMZN,31.3008831,120.5991672,100.0,BUSY,M-L-001,V3
330,330,M-UAV-01,M600,31.3108767,120.6039862,30.5,AVAILABLE,,
330,330,M-UAV-02,M600,31.2971716,120.5956323,30.5,AVAILABLE,,
331,331,EVTOL-01,EC35,31.3001107,120.5958121,199.9,BUSY,M-P-001,V2
331,331,L-UAV-01,AMZN,31.3010023,120.5992426,100.0,BUSY,M-L-001,V3
331,331,M-UAV-01,M600,31.3108767,120.6039862,30.5,AVAILABLE,,
331,331,M-UAV-02,M600,31.2971716,120.5956323,30.5,AVAILABLE,,
332,332,EVTOL-01,EC35,31.2997480,120.5957899,199.9,BUSY,M-P-001,V2
332,332,L-UAV-01,AMZN,31.3011215,120.5993181,100.0,BUSY,M-L-001,V3
332,332,M-UAV-01,M600,31.3108767,120.6039862,30.5,AVAILABLE,,
332,332,M-UAV-02,M600,31.2971716,120.5956323,30.5,AVAILABLE,,
333,333,EVTOL-01,EC35,31.2993853,120.5957677,199.9,BUSY,M-P-001,V2
333,333,L-UAV-01,AMZN,31.3012408,120.5993936,100.0,BUSY,M-L-001,V3
333,333,M-UAV-01,M600,31.3108767,120.6039862,30.5,AVAILABLE,,
333,333,M-UAV-02,M600,31.2971716,120.5956323,30.5,AVAILABLE,,
334,334,EVTOL-01,EC35,31.2990226,120.5957455,199.9,BUSY,M-P-001,V2
334,334,L-UAV-01,AMZN,31.3013600,120.5994690,100.0,BUSY,M-L-001,V3
334,334,M-UAV-01,M600,31.3108767,120.6039862,30.5,AVAILABLE,,
334,334,M-UAV-02,M600,31.2971716,120.5956323,30.5,AVAILABLE,,
335,335,EVTOL-01,EC35,31.2986599,120.5957234,199.9,BUSY,M-P-001,V2
335,335,L-UAV-01,AMZN,31.3014792,120.5995445,100.0,BUSY,M-L-001,V3
335,335,M-UAV-01,M600,31.3108767,120.6039862,30.5,AVAILABLE,,
335,335,M-UAV-02,M600,31.2971716,120.5956323,30.5,AVAILABLE,,
336,336,EVTOL-01,EC35,31.2982972,120.5957012,199.9,BUSY,M-P-001,V2
336,336,L-UAV-01,AMZN,31.3015985,120.5996200,100.0,BUSY,M-L-001,V3
336,336,M-UAV-01,M600,31.3108767,120.6039862,30.5,AVAILABLE,,
336,336,M-UAV-02,M600,31.2971716,120.5956323,30.5,AVAILABLE,,
337,337,EVTOL-01,EC35,31.2979345,120.5956790,199.9,BUSY,M-P-001,V1
337,337,L-UAV-01,AMZN,31.3017177,120.5996954,100.0,BUSY,M-L-001,V3
337,337,M-UAV-01,M600,31.3108767,120.6039862,30.5,AVAILABLE,,
337,337,M-UAV-02,M600,31.2971716,120.5956323,30.5,AVAILABLE,,
338,338,EVTOL-01,EC35,31.2975720,120.5957049,199.9,BUSY,M-P-001,V1
338,338,L-UAV-01,AMZN,31.3018369,120.5997709,100.0,BUSY,M-L-001,V3
338,338,M-UAV-01,M600,31.3108767,120.6039862,30.5,AVAILABLE,,
338,338,M-UAV-02,M600,31.2971716,120.5956323,30.5,AVAILABLE,,
339,339,EVTOL-01,EC35,31.2972143,120.5957786,199.9,BUSY,M-P-001,V1
339,339,L-UAV-01,AMZN,31.3019561,120.5998464,100.0,BUSY,M-L-001,V3
339,339,M-UAV-01,M600,31.3108767,120.6039862,30.5,AVAILABLE,,
339,339,M-UAV-02,M600,31.2971716,120.5956323,30.5,AVAILABLE,,
340,340,EVTOL-01,EC35,31.2968660,120.5958991,199.9,BUSY,M-P-001,V1
340,340,L-UAV-01,AMZN,31.3020754,120.5999218,100.0,BUSY,M-L-001,V3
340,340,M-UAV-01,M600,31.3108767,120.6039862,30.5,AVAILABLE,,
340,340,M-UAV-02,M600,31.2971716,120.5956323,30.5,AVAILABLE,,
341,341,EVTOL-01,EC35,31.2965316,120.5960649,199.9,BUSY,M-P-001,V1
341,341,L-UAV-01,AMZN,31.3021946,120.5999973,100.0,BUSY,M-L-001,V3
341,341,M-UAV-01,M600,31.3108767,120.6039862,30.5,AVAILABLE,,
341,341,M-UAV-02,M600,31.2971716,120.5956323,30.5,AVAILABLE,,
342,342,EVTOL-01,EC35,31.2962153,120.5962739,199.9,BUSY,M-P-001,V1
342,342,L-UAV-01,AMZN,31.3023138,120.6000728,100.0,BUSY,M-L-001,V3
342,342,M-UAV-01,M600,31.3108767,120.6039862,30.5,AVAILABLE,,
342,342,M-UAV-02,M600,31.2971716,120.5956323,30.5,AVAILABLE,,
343,343,EVTOL-01,EC35,31.2959212,120.5965233,199.9,BUSY,M-P-001,V1
343,343,L-UAV-01,AMZN,31.3024331,120.6001482,100.0,BUSY,M-L-001,V3
343,343,M-UAV-01,M600,31.3108767,120.6039862,30.5,AVAILABLE,,
343,343,M-UAV-02,M600,31.2971716,120.5956323,30.5,AVAILABLE,,
344,344,EVTOL-01,EC35,31.2956531,120.5968100,199.9,BUSY,M-P-001,V1
344,344,L-UAV-01,AMZN,31.3025523,120.6002237,100.0,BUSY,M-L-001,V3
344,344,M-UAV-01,M600,31.3108767,120.6039862,30.5,AVAILABLE,,
344,344,M-UAV-02,M600,31.2971716,120.5956323,30.5,AVAILABLE,,
345,345,EVTOL-01,EC35,31.2954144,120.5971304,199.9,BUSY,M-P-001,V1
345,345,L-UAV-01,AMZN,31.3026715,120.6002991,100.0,BUSY,M-L-001,V3
345,345,M-UAV-01,M600,31.3108767,120.6039862,30.5,AVAILABLE,,
345,345,M-UAV-02,M600,31.2971716,120.5956323,30.5,AVAILABLE,,
346,346,EVTOL-01,EC35,31.2952082,120.5974802,199.9,BUSY,M-P-001,V1
346,346,L-UAV-01,AMZN,31.3027907,120.6003746,100.0,BUSY,M-L-001,V3
346,346,M-UAV-01,M600,31.3108767,120.6039862,30.5,AVAILABLE,,
346,346,M-UAV-02,M600,31.2971716,120.5956323,30.5,AVAILABLE,,
347,347,EVTOL-01,EC35,31.2950370,120.5978551,199.9,BUSY,M-P-001,V1
347,347,L-UAV-01,AMZN,31.3029100,120.6004501,100.0,BUSY,M-L-001,V3
347,347,M-UAV-01,M600,31.3108767,120.6039862,30.5,AVAILABLE,,
347,347,M-UAV-02,M600,31.2971716,120.5956323,30.5,AVAILABLE,,
348,348,EVTOL-01,EC35,31.2949032,120.5982502,199.9,BUSY,M-P-001,V1
348,348,L-UAV-01,AMZN,31.3030292,120.6005255,100.0,BUSY,M-L-001,V3
348,348,M-UAV-01,M600,31.3108767,120.6039862,30.5,AVAILABLE,,
348,348,M-UAV-02,M600,31.2971716,120.5956323,30.5,AVAILABLE,,
349,349,EVTOL-01,EC35,31.2948083,120.5986605,199.9,BUSY,M-P-001,V1
349,349,L-UAV-01,AMZN,31.3031484,120.6006010,100.0,BUSY,M-L-001,V3
349,349,M-UAV-01,M600,31.3108767,120.6039862,30.5,AVAILABLE,,
349,349,M-UAV-02,M600,31.2971716,120.5956323,30.5,AVAILABLE,,
350,350,EVTOL-01,EC35,31.2947537,120.5990807,199.9,BUSY,M-P-001,V1
350,350,L-UAV-01,AMZN,31.3032677,120.6006765,100.0,BUSY,M-L-001,V3
350,350,M-UAV-01,M600,31.3108767,120.6039862,30.5,AVAILABLE,,
350,350,M-UAV-02,M600,31.2971716,120.5956323,30.5,AVAILABLE,,
351,351,EVTOL-01,EC35,31.2947400,120.5995054,199.9,BUSY,M-P-001,V1
351,351,L-UAV-01,AMZN,31.3033869,120.6007519,100.0,BUSY,M-L-001,V3
351,351,M-UAV-01,M600,31.3108767,120.6039862,30.5,AVAILABLE,,
351,351,M-UAV-02,M600,31.2971716,120.5956323,30.5,AVAILABLE,,
352,352,EVTOL-01,EC35,31.2947674,120.5999292,199.9,BUSY,M-P-001,V1
352,352,L-UAV-01,AMZN,31.3035061,120.6008274,100.0,BUSY,M-L-001,V3
352,352,M-UAV-01,M600,31.3108767,120.6039862,30.5,AVAILABLE,,
352,352,M-UAV-02,M600,31.2971716,120.5956323,30.5,AVAILABLE,,
353,353,EVTOL-01,EC35,31.2948355,120.6003467,199.9,BUSY,M-P-001,V1
353,353,L-UAV-01,AMZN,31.3036253,120.6009029,100.0,BUSY,M-L-001,V3
353,353,M-UAV-01,M600,31.3108767,120.6039862,30.5,AVAILABLE,,
353,353,M-UAV-02,M600,31.2971716,120.5956323,30.5,AVAILABLE,,
354,354,EVTOL-01,EC35,31.2949435,120.6007525,199.9,BUSY,M-P-001,V1
354,354,L-UAV-01,AMZN,31.3037446,120.6009783,100.0,BUSY,M-L-001,V3
354,354,M-UAV-01,M600,31.3108767,120.6039862,30.5,AVAILABLE,,
354,354,M-UAV-02,M600,31.2971716,120.5956323,30.5,AVAILABLE,,
355,355,EVTOL-01,EC35,31.2950900,120.6011415,199.9,BUSY,M-P-001,V1
355,355,L-UAV-01,AMZN,31.3038638,120.6010538,100.0,BUSY,M-L-001,V3
355,355,M-UAV-01,M600,31.3108767,120.6039862,30.5,AVAILABLE,,
355,355,M-UAV-02,M600,31.2971716,120.5956323,30.5,AVAILABLE,,
356,356,EVTOL-01,EC35,31.2952732,120.6015085,199.9,BUSY,M-P-001,V1
356,356,L-UAV-01,AMZN,31.3039830,120.6011293,100.0,BUSY,M-L-001,V3
356,356,M-UAV-01,M600,31.3108767,120.6039862,30.5,AVAILABLE,,
356,356,M-UAV-02,M600,31.2971716,120.5956323,30.5,AVAILABLE,,
357,357,EVTOL-01,EC35,31.2954905,120.6018490,199.9,BUSY,M-P-001,V1
357,357,L-UAV-01,AMZN,31.3041023,120.6012047,100.0,BUSY,M-L-001,V3
357,357,M-UAV-01,M600,31.3108767,120.6039862,30.5,AVAILABLE,,
357,357,M-UAV-02,M600,31.2971716,120.5956323,30.5,AVAILABLE,,
358,358,EVTOL-01,EC35,31.2957394,120.6021586,199.9,BUSY,M-P-001,V1
358,358,L-UAV-01,AMZN,31.3042215,120.6012802,100.0,BUSY,M-L-001,V3
358,358,M-UAV-01,M600,31.3108767,120.6039862,30.5,AVAILABLE,,
358,358,M-UAV-02,M600,31.2971716,120.5956323,30.5,AVAILABLE,,
359,359,EVTOL-01,EC35,31.2960165,120.6024333,199.9,BUSY,M-P-001,V1
359,359,L-UAV-01,AMZN,31.3043407,120.6013557,100.0,BUSY,M-L-001,V3
359,359,M-UAV-01,M600,31.3108767,120.6039862,30.5,AVAILABLE,,
359,359,M-UAV-02,M600,31.2971716,120.5956323,30.5,AVAILABLE,,
360,360,EVTOL-01,EC35,31.2963185,120.6026695,199.9,BUSY,M-P-001,V1
360,360,L-UAV-01,AMZN,31.3044599,120.6014312,100.0,BUSY,M-L-001,V3
360,360,M-UAV-01,M600,31.3108767,120.6039862,30.5,AVAILABLE,,
360,360,M-UAV-02,M600,31.2971716,120.5956323,30.5,AVAILABLE,,
361,361,EVTOL-01,EC35,31.2966412,120.6028644,199.9,BUSY,M-P-001,V1
361,361,L-UAV-01,AMZN,31.3045792,120.6015066,100.0,BUSY,M-L-001,V3
361,361,M-UAV-01,M600,31.3108767,120.6039862,30.5,AVAILABLE,,
361,361,M-UAV-02,M600,31.2971866,120.5956438,32.0,CONTINGENCY,,V3
362,362,EVTOL-01,EC35,31.2969808,120.6030153,199.9,BUSY,M-P-001,V1
362,362,L-UAV-01,AMZN,31.3046984,120.6015821,100.0,BUSY,M-L-001,V3
362,362,M-UAV-01,M600,31.3108767,120.6039862,30.5,AVAILABLE,,
362,362,M-UAV-02,M600,31.2972168,120.5956667,35.1,CONTINGENCY,,V3
363,363,EVTOL-01,EC35,31.2973327,120.6031203,199.9,BUSY,M-P-001,V1
363,363,L-UAV-01,AMZN,31.3048176,120.6016576,100.0,BUSY,M-L-001,V3
363,363,M-UAV-01,M600,31.3108767,120.6039862,30.5,AVAILABLE,,
363,363,M-UAV-02,M600,31.2972621,120.5957011,39.6,CONTINGENCY,,V3
364,364,EVTOL-01,EC35,31.2976925,120.6031782,199.9,BUSY,M-P-001,V1
364,364,L-UAV-01,AMZN,31.3049368,120.6017330,100.0,BUSY,M-L-001,V3
364,364,M-UAV-01,M600,31.3108767,120.6039862,30.5,AVAILABLE,,
364,364,M-UAV-02,M600,31.2973225,120.5957469,45.7,CONTINGENCY,,V3
365,365,EVTOL-01,EC35,31.2980552,120.6032004,199.9,BUSY,M-P-001,V1
365,365,L-UAV-01,AMZN,31.3050561,120.6018085,100.0,BUSY,M-L-001,V3
365,365,M-UAV-01,M600,31.3108767,120.6039862,30.5,AVAILABLE,,
365,365,M-UAV-02,M600,31.2973979,120.5958042,53.3,CONTINGENCY,,V3
366,366,EVTOL-01,EC35,31.2984179,120.6032226,199.9,BUSY,M-P-001,V1
366,366,L-UAV-01,AMZN,31.3051753,120.6018840,100.0,BUSY,M-L-001,V3
366,366,M-UAV-01,M600,31.3108767,120.6039862,30.5,AVAILABLE,,
366,366,M-UAV-02,M600,31.2974884,120.5958729,61.0,CONTINGENCY,,V3
367,367,EVTOL-01,EC35,31.2987806,120.6032449,199.9,BUSY,M-P-001,V1
367,367,L-UAV-01,AMZN,31.3052945,120.6019594,100.0,BUSY,M-L-001,V3
367,367,M-UAV-01,M600,31.3108767,120.6039862,30.5,AVAILABLE,,
367,367,M-UAV-02,M600,31.2975941,120.5959531,68.6,CONTINGENCY,,V3
368,368,EVTOL-01,EC35,31.2991433,120.6032671,199.9,BUSY,M-P-001,V1
368,368,L-UAV-01,AMZN,31.3054138,120.6020349,100.0,BUSY,M-L-001,V3
368,368,M-UAV-01,M600,31.3108767,120.6039862,30.5,AVAILABLE,,
368,368,M-UAV-02,M600,31.2977076,120.5960393,76.2,CONTINGENCY,,V3
369,369,EVTOL-01,EC35,31.2995060,120.6032893,199.9,BUSY,M-P-001,V1
369,369,L-UAV-01,AMZN,31.3055330,120.6021104,100.0,BUSY,M-L-001,V3
369,369,M-UAV-01,M600,31.3108767,120.6039862,30.5,AVAILABLE,,
369,369,M-UAV-02,M600,31.2978212,120.5961255,83.8,CONTINGENCY,,V3
370,370,EVTOL-01,EC35,31.2998687,120.6033115,199.9,BUSY,M-P-001,V1
370,370,L-UAV-01,AMZN,31.3056522,120.6021858,100.0,BUSY,M-L-001,V3
370,370,M-UAV-01,M600,31.3108767,120.6039862,30.5,AVAILABLE,,
370,370,M-UAV-02,M600,31.2979348,120.5962118,91.4,CONTINGENCY,,V3
371,371,EVTOL-01,EC35,31.3002313,120.6033338,199.9,BUSY,M-P-001,V1
371,371,L-UAV-01,AMZN,31.3057714,120.6022613,100.0,BUSY,M-L-001,V2
371,371,M-UAV-01,M600,31.3108767,120.6039862,30.5,AVAILABLE,,
371,371,M-UAV-02,M600,31.2980485,120.5962981,99.1,CONTINGENCY,,V3
372,372,EVTOL-01,EC35,31.3005940,120.6033560,199.9,BUSY,M-P-001,V1
372,372,L-UAV-01,AMZN,31.3059045,120.6022916,100.0,BUSY,M-L-001,V2
372,372,M-UAV-01,M600,31.3108767,120.6039862,30.5,AVAILABLE,,
372,372,M-UAV-02,M600,31.2981622,120.5963844,100.0,CONTINGENCY,,V3
373,373,EVTOL-01,EC35,31.3009567,120.6033782,199.9,BUSY,M-P-001,V1
373,373,L-UAV-01,AMZN,31.3060392,120.6022741,100.0,BUSY,M-L-001,V2
373,373,M-UAV-01,M600,31.3108767,120.6039862,30.5,AVAILABLE,,
373,373,M-UAV-02,M600,31.2982759,120.5964707,100.0,CONTINGENCY,,V3
374,374,EVTOL-01,EC35,31.3013194,120.6034004,199.9,BUSY,M-P-001,V1
374,374,L-UAV-01,AMZN,31.3061633,120.6022102,100.0,BUSY,M-L-001,V2
374,374,M-UAV-01,M600,31.3108767,120.6039862,30.5,AVAILABLE,,
374,374,M-UAV-02,M600,31.2983896,120.5965571,100.0,CONTINGENCY,,V3
375,375,EVTOL-01,EC35,31.3016821,120.6034227,199.9,BUSY,M-P-001,V1
375,375,L-UAV-01,AMZN,31.3062654,120.6021058,100.0,BUSY,M-L-001,V2
375,375,M-UAV-01,M600,31.3108767,120.6039862,30.5,AVAILABLE,,
375,375,M-UAV-02,M600,31.2985034,120.5966434,100.0,CONTINGENCY,,V3
376,376,EVTOL-01,EC35,31.3020448,120.6034449,199.9,BUSY,M-P-001,V1
376,376,L-UAV-01,AMZN,31.3063362,120.6019706,100.0,BUSY,M-L-001,V2
376,376,M-UAV-01,M600,31.3108767,120.6039862,30.5,AVAILABLE,,
376,376,M-UAV-02,M600,31.2986171,120.5967297,100.0,CONTINGENCY,,V3
377,377,EVTOL-01,EC35,31.3024075,120.6034671,199.9,BUSY,M-P-001,V1
377,377,L-UAV-01,AMZN,31.3063692,120.6018167,100.0,BUSY,M-L-001,V2
377,377,M-UAV-01,M600,31.3108767,120.6039862,30.5,AVAILABLE,,
377,377,M-UAV-02,M600,31.2987308,120.5968160,100.0,CONTINGENCY,,V3
378,378,EVTOL-01,EC35,31.3027702,120.6034893,199.9,BUSY,M-P-001,V1
378,378,L-UAV-01,AMZN,31.3063614,120.6016583,100.0,BUSY,M-L-001,V2
378,378,M-UAV-01,M600,31.3108767,120.6039862,30.5,AVAILABLE,,
378,378,M-UAV-02,M600,31.2988445,120.5969024,100.0,CONTINGENCY,,V3
379,379,EVTOL-01,EC35,31.3031329,120.6035116,199.9,BUSY,M-P-001,V1
379,379,L-UAV-01,AMZN,31.3063136,120.6015099,100.0,BUSY,M-L-001,V2
379,379,M-UAV-01,M600,31.3108767,120.6039862,30.5,AVAILABLE,,
379,379,M-UAV-02,M600,31.2989582,120.5969887,100.0,CONTINGENCY,,V3
380,380,EVTOL-01,EC35,31.3034956,120.6035338,199.9,BUSY,M-P-001,V1
380,380,L-UAV-01,AMZN,31.3062301,120.6013849,100.0,BUSY,M-L-001,V2
380,380,M-UAV-01,M600,31.3108767,120.6039862,30.5,AVAILABLE,,
380,380,M-UAV-02,M600,31.2990719,120.5970750,100.0,CONTINGENCY,,V3
381,381,EVTOL-01,EC35,31.3038583,120.6035560,199.9,BUSY,M-P-001,V1
381,381,L-UAV-01,AMZN,31.3061185,120.6012949,100.0,BUSY,M-L-001,V2
381,381,M-UAV-01,M600,31.3108767,120.6039862,30.5,AVAILABLE,,
381,381,M-UAV-02,M600,31.2991857,120.5971614,100.0,CONTINGENCY,,V3
382,382,EVTOL-01,EC35,31.3042210,120.6035782,199.9,BUSY,M-P-001,V1
382,382,L-UAV-01,AMZN,31.3059992,120.6012194,100.0,BUSY,M-L-001,V2
382,382,M-UAV-01,M600,31.3108767,120.6039862,30.5,AVAILABLE,,
382,382,M-UAV-02,M600,31.2992994,120.5972477,100.0,CONTINGENCY,,V3
383,383,EVTOL-01,EC35,31.3045837,120.6036005,199.9,BUSY,M-P-001,V1
383,383,L-UAV-01,AMZN,31.3058800,120.6011440,100.0,BUSY,M-L-001,V2
383,383,M-UAV-01,M600,31.3108767,120.6039862,30.5,AVAILABLE,,
383,383,M-UAV-02,M600,31.2994131,120.5973340,100.0,CONTINGENCY,,V3
384,384,EVTOL-01,EC35,31.3049464,120.6036227,199.9,BUSY,M-P-001,V1
384,384,L-UAV-01,AMZN,31.3057608,120.6010685,100.0,BUSY,M-L-001,V2
384,384,M-UAV-01,M600,31.3108767,120.6039862,30.5,AVAILABLE,,
384,384,M-UAV-02,M600,31.2995268,120.5974204,100.0,CONTINGENCY,,V3
385,385,EVTOL-01,EC35,31.3053091,120.6036449,199.9,BUSY,M-P-001,V1
385,385,L-UAV-01,AMZN,31.3056415,120.6009930,100.0,BUSY,M-L-001,V2
385,385,M-UAV-01,M600,31.3108767,120.6039862,30.5,AVAILABLE,,
385,385,M-UAV-02,M600,31.2996405,120.5975067,100.0,CONTINGENCY,,V3
386,386,EVTOL-01,EC35,31.3056718,120.6036672,199.9,BUSY,M-P-001,V1
386,386,L-UAV-01,AMZN,31.3055223,120.6009176,100.0,BUSY,M-L-001,V2
386,386,M-UAV-01,M600,31.3108767,120.6039862,30.5,AVAILABLE,,
386,386,M-UAV-02,M600,31.2997542,120.5975930,100.0,CONTINGENCY,,V3
387,387,EVTOL-01,EC35,31.3060344,120.6036894,199.9,BUSY,M-P-001,V1
387,387,L-UAV-01,AMZN,31.3054031,120.6008421,100.0,BUSY,M-L-001,V2
387,387,M-UAV-01,M600,31.3108767,120.6039862,30.5,AVAILABLE,,
387,387,M-UAV-02,M600,31.2998680,120.5976794,100.0,CONTINGENCY,,V3
388,388,EVTOL-01,EC35,31.3063971,120.6037116,199.9,BUSY,M-P-001,V1
388,388,L-UAV-01,AMZN,31.3052839,120.6007666,100.0,BUSY,M-L-001,V2
388,388,M-UAV-01,M600,31.3108767,120.6039862,30.5,AVAILABLE,,
388,388,M-UAV-02,M600,31.2999817,120.5977657,100.0,CONTINGENCY,,V3
389,389,EVTOL-01,EC35,31.3067598,120.6037338,199.9,BUSY,M-P-001,V1
389,389,L-UAV-01,AMZN,31.3051646,120.6006912,100.0,BUSY,M-L-001,V2
389,389,M-UAV-01,M600,31.3108767,120.6039862,30.5,AVAILABLE,,
389,389,M-UAV-02,M600,31.3000954,120.5978520,100.0,CONTINGENCY,,V3
390,390,EVTOL-01,EC35,31.3071225,120.6037561,199.9,BUSY,M-P-001,V1
390,390,L-UAV-01,AMZN,31.3050454,120.6006157,100.0,BUSY,M-L-001,V2
390,390,M-UAV-01,M600,31.3108767,120.6039862,30.5,AVAILABLE,,
390,390,M-UAV-02,M600,31.3002091,120.5979384,100.0,CONTINGENCY,,V3
391,391,EVTOL-01,EC35,31.3074852,120.6037783,199.9,BUSY,M-P-001,V1
391,391,L-UAV-01,AMZN,31.3049262,120.6005402,100.0,BUSY,M-L-001,V2
391,391,M-UAV-01,M600,31.3108767,120.6039862,30.5,AVAILABLE,,
391,391,M-UAV-02,M600,31.3003228,120.5980247,100.0,CONTINGENCY,,V3
392,392,EVTOL-01,EC35,31.3078479,120.6038005,199.9,BUSY,M-P-001,V1
392,392,L-UAV-01,AMZN,31.3048070,120.6004648,100.0,BUSY,M-L-001,V2
392,392,M-UAV-01,M600,31.3108767,120.6039862,30.5,AVAILABLE,,
392,392,M-UAV-02,M600,31.3004365,120.5981110,100.0,CONTINGENCY,,V3
393,393,EVTOL-01,EC35,31.3082106,120.6038227,199.9,BUSY,M-P-001,V1
393,393,L-UAV-01,AMZN,31.3046877,120.6003893,100.0,BUSY,M-L-001,V2
393,393,M-UAV-01,M600,31.3108767,120.6039862,30.5,AVAILABLE,,
393,393,M-UAV-02,M600,31.3005502,120.5981974,100.0,CONTINGENCY,,V3
394,394,EVTOL-01,EC35,31.3085733,120.6038450,199.9,BUSY,M-P-001,V1
394,394,L-UAV-01,AMZN,31.3045685,120.6003138,100.0,BUSY,M-L-001,V2
394,394,M-UAV-01,M600,31.3108767,120.6039862,30.5,AVAILABLE,,
394,394,M-UAV-02,M600,31.3006640,120.5982837,100.0,CONTINGENCY,,V3
395,395,EVTOL-01,EC35,31.3089360,120.6038672,199.9,BUSY,M-P-001,V1
395,395,L-UAV-01,AMZN,31.3044493,120.6002384,100.0,BUSY,M-L-001,V2
395,395,M-UAV-01,M600,31.3108767,120.6039862,30.5,AVAILABLE,,
395,395,M-UAV-02,M600,31.3007777,120.5983700,100.0,CONTINGENCY,,V3
396,396,EVTOL-01,EC35,31.3092987,120.6038894,199.9,BUSY,M-P-001,V1
396,396,L-UAV-01,AMZN,31.3043300,120.6001629,100.0,BUSY,M-L-001,V2
396,396,M-UAV-01,M600,31.3108767,120.6039862,30.5,AVAILABLE,,
396,396,M-UAV-02,M600,31.3008914,120.5984564,100.0,CONTINGENCY,,V3
397,397,EVTOL-01,EC35,31.3096614,120.6039117,199.9,BUSY,M-P-001,V1
397,397,L-UAV-01,AMZN,31.3042108,120.6000874,100.0,BUSY,M-L-001,V2
397,397,M-UAV-01,M600,31.3108767,120.6039862,30.5,AVAILABLE,,
397,397,M-UAV-02,M600,31.3010051,120.5985427,100.0,CONTINGENCY,,V3
398,398,EVTOL-01,EC35,31.3100241,120.6039339,199.9,BUSY,M-P-001,V2
398,398,L-UAV-01,AMZN,31.3040916,120.6000120,100.0,BUSY,M-L-001,V2
398,398,M-UAV-01,M600,31.3108767,120.6039862,30.5,AVAILABLE,,
398,398,M-UAV-02,M600,31.3011188,120.5986291,100.0,CONTINGENCY,,V3
399,399,EVTOL-01,EC35,31.3103866,120.6039080,199.9,BUSY,M-P-001,V2
399,399,L-UAV-01,AMZN,31.3039724,120.5999365,100.0,BUSY,M-L-001,V2
399,399,M-UAV-01,M600,31.3108767,120.6039862,30.5,AVAILABLE,,
399,399,M-UAV-02,M600,31.3012325,120.5987154,100.0,CONTINGENCY,,V3
400,400,EVTOL-01,EC35,31.3107443,120.6038344,199.9,BUSY,M-P-001,V2
400,400,L-UAV-01,AMZN,31.3038531,120.5998610,100.0,BUSY,M-L-001,V2
400,400,M-UAV-01,M600,31.3108767,120.6039862,30.5,AVAILABLE,,
400,400,M-UAV-02,M600,31.3013463,120.5988017,100.0,CONTINGENCY,,V3
401,401,EVTOL-01,EC35,31.3110926,120.6037139,199.9,BUSY,M-P-001,V2
401,401,L-UAV-01,AMZN,31.3037339,120.5997856,100.0,BUSY,M-L-001,V2
401,401,M-UAV-01,M600,31.3108767,120.6039862,30.5,AVAILABLE,,
401,401,M-UAV-02,M600,31.3014600,120.5988881,100.0,CONTINGENCY,,V3
402,402,EVTOL-01,EC35,31.3114270,120.6035481,199.9,BUSY,M-P-001,V2
402,402,L-UAV-01,AMZN,31.3036147,120.5997101,100.0,BUSY,M-L-001,V2
402,402,M-UAV-01,M600,31.3108767,120.6039862,30.5,AVAILABLE,,
402,402,M-UAV-02,M600,31.3015737,120.5989744,100.0,CONTINGENCY,,V3
403,403,EVTOL-01,EC35,31.3117433,120.6033391,199.9,BUSY,M-P-001,V2
403,403,L-UAV-01,AMZN,31.3034954,120.5996346,100.0,BUSY,M-L-001,V2
403,403,M-UAV-01,M600,31.3108767,120.6039862,30.5,AVAILABLE,,
403,403,M-UAV-02,M600,31.3016874,120.5990607,100.0,CONTINGENCY,,V3
404,404,EVTOL-01,EC35,31.3120374,120.6030897,199.9,BUSY,M-P-001,V2
404,404,L-UAV-01,AMZN,31.3033762,120.5995592,100.0,BUSY,M-L-001,V2
404,404,M-UAV-01,M600,31.3108767,120.6039862,30.5,AVAILABLE,,
404,404,M-UAV-02,M600,31.3018011,120.5991471,100.0,CONTINGENCY,,V3
405,405,EVTOL-01,EC35,31.3123055,120.6028029,199.9,BUSY,M-P-001,V2
405,405,L-UAV-01,AMZN,31.3032570,120.5994837,100.0,BUSY,M-L-001,V2
405,405,M-UAV-01,M600,31.3108767,120.6039862,30.5,AVAILABLE,,
405,405,M-UAV-02,M600,31.3019148,120.5992334,100.0,CONTINGENCY,,V3
406,406,EVTOL-01,EC35,31.3125443,120.6024826,199.9,BUSY,M-P-001,V2
406,406,L-UAV-01,AMZN,31.3031377,120.5994083,100.0,BUSY,M-L-001,V2
406,406,M-UAV-01,M600,31.3108767,120.6039862,30.5,AVAILABLE,,
406,406,M-UAV-02,M600,31.3020285,120.5993197,100.0,CONTINGENCY,,V3
407,407,EVTOL-01,EC35,31.3127505,120.6021327,199.9,BUSY,M-P-001,V2
407,407,L-UAV-01,AMZN,31.3030185,120.5993328,100.0,BUSY,M-L-001,V2
407,407,M-UAV-01,M600,31.3108767,120.6039862,30.5,AVAILABLE,,
407,407,M-UAV-02,M600,31.3021423,120.5994061,100.0,CONTINGENCY,,V3
408,408,EVTOL-01,EC35,31.3129217,120.6017577,199.9,BUSY,M-P-001,V2
408,408,L-UAV-01,AMZN,31.3028993,120.5992573,100.0,BUSY,M-L-001,V2
408,408,M-UAV-01,M600,31.3108767,120.6039862,30.5,AVAILABLE,,
408,408,M-UAV-02,M600,31.3022560,120.5994924,100.0,CONTINGENCY,,V3
409,409,EVTOL-01,EC35,31.3130556,120.6013626,199.9,BUSY,M-P-001,V2
409,409,L-UAV-01,AMZN,31.3027801,120.5991819,100.0,BUSY,M-L-001,V2
409,409,M-UAV-01,M600,31.3108767,120.6039862,30.5,AVAILABLE,,
409,409,M-UAV-02,M600,31.3023697,120.5995788,100.0,CONTINGENCY,,V3
410,410,EVTOL-01,EC35,31.3131505,120.6009522,199.9,BUSY,M-P-001,V2
410,410,L-UAV-01,AMZN,31.3026608,120.5991064,100.0,BUSY,M-L-001,V2
410,410,M-UAV-01,M600,31.3108767,120.6039862,30.5,AVAILABLE,,
410,410,M-UAV-02,M600,31.3024834,120.5996651,100.0,CONTINGENCY,,V3
411,411,EVTOL-01,EC35,31.3132051,120.6005319,199.9,BUSY,M-P-001,V2
411,411,L-UAV-01,AMZN,31.3025416,120.5990309,100.0,BUSY,M-L-001,V2
411,411,M-UAV-01,M600,31.3108767,120.6039862,30.5,AVAILABLE,,
411,411,M-UAV-02,M600,31.3025971,120.5997514,100.0,CONTINGENCY,,V3
412,412,EVTOL-01,EC35,31.3132189,120.6001071,199.9,BUSY,M-P-001,V2
412,412,L-UAV-01,AMZN,31.3024224,120.5989555,100.0,BUSY,M-L-001,V2
412,412,M-UAV-01,M600,31.3108767,120.6039862,30.5,AVAILABLE,,
412,412,M-UAV-02,M600,31.3027108,120.5998378,100.0,CONTINGENCY,,V3
413,413,EVTOL-01,EC35,31.3131915,120.5996832,199.9,BUSY,M-P-001,V2
413,413,L-UAV-01,AMZN,31.3023031,120.5988800,100.0,BUSY,M-L-001,V2
413,413,M-UAV-01,M600,31.3108767,120.6039862,30.5,AVAILABLE,,
413,413,M-UAV-02,M600,31.3028245,120.5999241,100.0,CONTINGENCY,,V3
414,414,EVTOL-01,EC35,31.3131234,120.5992657,199.9,BUSY,M-P-001,V2
414,414,L-UAV-01,AMZN,31.3021839,120.5988046,100.0,BUSY,M-L-001,V2
414,414,M-UAV-01,M600,31.3108767,120.6039862,30.5,AVAILABLE,,
414,414,M-UAV-02,M600,31.3029383,120.6000104,100.0,CONTINGENCY,,V3
415,415,EVTOL-01,EC35,31.3130155,120.5988598,199.9,BUSY,M-P-001,V2
415,415,L-UAV-01,AMZN,31.3020647,120.5987291,100.0,BUSY,M-L-001,V2
415,415,M-UAV-01,M600,31.3108767,120.6039862,30.5,AVAILABLE,,
415,415,M-UAV-02,M600,31.3030520,120.6000968,100.0,CONTINGENCY,,V3
416,416,EVTOL-01,EC35,31.3128690,120.5984708,199.9,BUSY,M-P-001,V2
416,416,L-UAV-01,AMZN,31.3019455,120.5986536,100.0,BUSY,M-L-001,V2
416,416,M-UAV-01,M600,31.3108767,120.6039862,30.5,AVAILABLE,,
416,416,M-UAV-02,M600,31.3031657,120.6001831,100.0,CONTINGENCY,,V3
417,417,EVTOL-01,EC35,31.3126859,120.5981036,199.9,BUSY,M-P-001,V2
417,417,L-UAV-01,AMZN,31.3018262,120.5985782,100.0,BUSY,M-L-001,V2
417,417,M-UAV-01,M600,31.3108767,120.6039862,30.5,AVAILABLE,,
417,417,M-UAV-02,M600,31.3032794,120.6002695,100.0,CONTINGENCY,,V3
418,418,EVTOL-01,EC35,31.3124686,120.5977630,199.9,BUSY,M-P-001,V2
418,418,L-UAV-01,AMZN,31.3017070,120.5985027,100.0,BUSY,M-L-001,V2
418,418,M-UAV-01,M600,31.3108767,120.6039862,30.5,AVAILABLE,,
418,418,M-UAV-02,M600,31.3033931,120.6003558,100.0,CONTINGENCY,,V3
419,419,EVTOL-01,EC35,31.3122197,120.5974534,199.9,BUSY,M-P-001,V2
419,419,L-UAV-01,AMZN,31.3015878,120.5984272,100.0,BUSY,M-L-001,V2
419,419,M-UAV-01,M600,31.3108767,120.6039862,30.5,AVAILABLE,,
419,419,M-UAV-02,M600,31.3035068,120.6004421,100.0,CONTINGENCY,,V3
420,420,EVTOL-01,EC35,31.3119426,120.5971786,199.9,BUSY,M-P-001,V2
420,420,L-UAV-01,AMZN,31.3014685,120.5983518,100.0,BUSY,M-L-001,V2
420,420,M-UAV-01,M600,31.3108767,120.6039862,30.5,AVAILABLE,,
420,420,M-UAV-02,M600,31.3036205,120.6005285,100.0,CONTINGENCY,,V3
421,421,EVTOL-01,EC35,31.3116407,120.5969423,199.9,BUSY,M-P-001,V2
421,421,L-UAV-01,AMZN,31.3013493,120.5982763,100.0,BUSY,M-L-001,V2
421,421,M-UAV-01,M600,31.3108767,120.6039862,30.5,AVAILABLE,,
421,421,M-UAV-02,M600,31.3037343,120.6006148,100.0,CONTINGENCY,,V3
422,422,EVTOL-01,EC35,31.3113179,120.5967473,199.9,BUSY,M-P-001,V2
422,422,L-UAV-01,AMZN,31.3012301,120.5982009,100.0,BUSY,M-L-001,V2
422,422,M-UAV-01,M600,31.3108767,120.6039862,30.5,AVAILABLE,,
422,422,M-UAV-02,M600,31.3038480,120.6007012,100.0,CONTINGENCY,,V3
423,423,EVTOL-01,EC35,31.3109784,120.5965964,199.9,BUSY,M-P-001,V2
423,423,L-UAV-01,AMZN,31.3011109,120.5981254,100.0,BUSY,M-L-001,V2
423,423,M-UAV-01,M600,31.3108767,120.6039862,30.5,AVAILABLE,,
423,423,M-UAV-02,M600,31.3039617,120.6007875,100.0,CONTINGENCY,,V3
424,424,EVTOL-01,EC35,31.3106265,120.5964913,199.9,BUSY,M-P-001,V2
424,424,L-UAV-01,AMZN,31.3009916,120.5980499,100.0,BUSY,M-L-001,V2
424,424,M-UAV-01,M600,31.3108767,120.6039862,30.5,AVAILABLE,,
424,424,M-UAV-02,M600,31.3040754,120.6008739,100.0,CONTINGENCY,,V3
425,425,EVTOL-01,EC35,31.3102667,120.5964334,199.9,BUSY,M-P-001,V2
425,425,L-UAV-01,AMZN,31.3008724,120.5979745,100.0,BUSY,M-L-001,V2
425,425,M-UAV-01,M600,31.3108767,120.6039862,30.5,AVAILABLE,,
425,425,M-UAV-02,M600,31.3041891,120.6009602,100.0,CONTINGENCY,,V3
426,426,EVTOL-01,EC35,31.3099040,120.5964112,199.9,BUSY,M-P-001,V2
426,426,L-UAV-01,AMZN,31.3007532,120.5978990,100.0,BUSY,M-L-001,V2
426,426,M-UAV-01,M600,31.3108767,120.6039862,30.5,AVAILABLE,,
426,426,M-UAV-02,M600,31.3043028,120.6010465,100.0,CONTINGENCY,,V3
427,427,EVTOL-01,EC35,31.3095413,120.5963890,199.9,BUSY,M-P-001,V2
427,427,L-UAV-01,AMZN,31.3006339,120.5978236,100.0,BUSY,M-L-001,V2
427,427,M-UAV-01,M600,31.3108767,120.6039862,30.5,AVAILABLE,,
427,427,M-UAV-02,M600,31.3044165,120.6011329,100.0,CONTINGENCY,,V3
428,428,EVTOL-01,EC35,31.3091786,120.5963668,199.9,BUSY,M-P-001,V2
428,428,L-UAV-01,AMZN,31.3005147,120.5977481,100.0,BUSY,M-L-001,V2
428,428,M-UAV-01,M600,31.3108767,120.6039862,30.5,AVAILABLE,,
428,428,M-UAV-02,M600,31.3045302,120.6012192,100.0,CONTINGENCY,,V3
429,429,EVTOL-01,EC35,31.3088159,120.5963446,199.9,BUSY,M-P-001,V2
429,429,L-UAV-01,AMZN,31.3003955,120.5976726,100.0,BUSY,M-L-001,V2
429,429,M-UAV-01,M600,31.3108767,120.6039862,30.5,AVAILABLE,,
429,429,M-UAV-02,M600,31.3046440,120.6013056,100.0,CONTINGENCY,,V3
430,430,EVTOL-01,EC35,31.3084532,120.5963224,199.9,BUSY,M-P-001,V2
430,430,L-UAV-01,AMZN,31.3002762,120.5975972,100.0,BUSY,M-L-001,V2
430,430,M-UAV-01,M600,31.3108767,120.6039862,30.5,AVAILABLE,,
430,430,M-UAV-02,M600,31.3047577,120.6013919,100.0,CONTINGENCY,,V3
431,431,EVTOL-01,EC35,31.3080905,120.5963002,199.9,BUSY,M-P-001,V2
431,431,L-UAV-01,AMZN,31.3001570,120.5975217,100.0,BUSY,M-L-001,V2
431,431,M-UAV-01,M600,31.3108767,120.6039862,30.5,AVAILABLE,,
431,431,M-UAV-02,M600,31.3048714,120.6014782,100.0,CONTINGENCY,,V3
432,432,EVTOL-01,EC35,31.3077278,120.5962780,199.9,BUSY,M-P-001,V2
432,432,L-UAV-01,AMZN,31.3000378,120.5974463,100.0,BUSY,M-L-001,V2
432,432,M-UAV-01,M600,31.3108767,120.6039862,30.5,AVAILABLE,,
432,432,M-UAV-02,M600,31.3049851,120.6015646,100.0,CONTINGENCY,,V3
433,433,EVTOL-01,EC35,31.3073652,120.5962559,199.9,BUSY,M-P-001,V2
433,433,L-UAV-01,AMZN,31.2999186,120.5973708,100.0,BUSY,M-L-001,V2
433,433,M-UAV-01,M600,31.3108767,120.6039862,30.5,AVAILABLE,,
433,433,M-UAV-02,M600,31.3050988,120.6016509,100.0,CONTINGENCY,,V3
434,434,EVTOL-01,EC35,31.3070025,120.5962337,199.9,BUSY,M-P-001,V2
434,434,L-UAV-01,AMZN,31.2997993,120.5972953,100.0,BUSY,M-L-001,V2
434,434,M-UAV-01,M600,31.3108767,120.6039862,30.5,AVAILABLE,,
434,434,M-UAV-02,M600,31.3052125,120.6017373,100.0,CONTINGENCY,,V3
435,435,EVTOL-01,EC35,31.3066398,120.5962115,199.9,BUSY,M-P-001,V2
435,435,L-UAV-01,AMZN,31.2996801,120.5972199,100.0,BUSY,M-L-001,V2
435,435,M-UAV-01,M600,31.3108767,120.6039862,30.5,AVAILABLE,,
435,435,M-UAV-02,M600,31.3053262,120.6018236,100.0,CONTINGENCY,,V3
436,436,EVTOL-01,EC35,31.3062771,120.5961893,199.9,BUSY,M-P-001,V2
436,436,L-UAV-01,AMZN,31.2995609,120.5971444,100.0,BUSY,M-L-001,V2
436,436,M-UAV-01,M600,31.3108767,120.6039862,30.5,AVAILABLE,,
436,436,M-UAV-02,M600,31.3054400,120.6019100,100.0,CONTINGENCY,,V3
437,437,EVTOL-01,EC35,31.3059144,120.5961671,199.9,BUSY,M-P-001,V2
437,437,L-UAV-01,AMZN,31.2994416,120.5970690,100.0,BUSY,M-L-001,V2
437,437,M-UAV-01,M600,31.3108767,120.6039862,30.5,AVAILABLE,,
437,437,M-UAV-02,M600,31.3055537,120.6019963,100.0,CONTINGENCY,,V3
438,438,EVTOL-01,EC35,31.3055517,120.5961449,199.9,BUSY,M-P-001,V2
438,438,L-UAV-01,AMZN,31.2993224,120.5969935,100.0,BUSY,M-L-001,V2
438,438,M-UAV-01,M600,31.3108767,120.6039862,30.5,AVAILABLE,,
438,438,M-UAV-02,M600,31.3056674,120.6020826,100.0,CONTINGENCY,,V3
439,439,EVTOL-01,EC35,31.3051890,120.5961227,199.9,BUSY,M-P-001,V2
439,439,L-UAV-01,AMZN,31.2992032,120.5969181,100.0,BUSY,M-L-001,V2
439,439,M-UAV-01,M600,31.3108767,120.6039862,30.5,AVAILABLE,,
439,439,M-UAV-02,M600,31.3057811,120.6021690,100.0,CONTINGENCY,,V3
440,440,EVTOL-01,EC35,31.3048263,120.5961005,199.9,BUSY,M-P-001,V2
440,440,L-UAV-01,AMZN,31.2990839,120.5968426,100.0,BUSY,M-L-001,V2
440,440,M-UAV-01,M600,31.3108767,120.6039862,30.5,AVAILABLE,,
440,440,M-UAV-02,M600,31.3058948,120.6022553,100.0,CONTINGENCY,,
441,441,EVTOL-01,EC35,31.3044636,120.5960784,199.9,BUSY,M-P-001,V2
441,441,L-UAV-01,AMZN,31.2989647,120.5967671,100.0,BUSY,M-L-001,V2
441,441,M-UAV-01,M600,31.3108767,120.6039862,30.5,AVAILABLE,,
441,441,M-UAV-02,M600,31.3059934,120.6023302,98.5,CONTINGENCY,,
442,442,EVTOL-01,EC35,31.3041009,120.5960562,199.9,BUSY,M-P-001,V2
442,442,L-UAV-01,AMZN,31.2988455,120.5966917,100.0,BUSY,M-L-001,V2
442,442,M-UAV-01,M600,31.3108767,120.6039862,30.5,AVAILABLE,,
442,442,M-UAV-02,M600,31.3060770,120.6023937,95.4,CONTINGENCY,,
443,443,EVTOL-01,EC35,31.3037382,120.5960340,199.9,BUSY,M-P-001,V2
443,443,L-UAV-01,AMZN,31.2987262,120.5966162,100.0,BUSY,M-L-001,V2
443,443,M-UAV-01,M600,31.3108767,120.6039862,30.5,AVAILABLE,,
443,443,M-UAV-02,M600,31.3061454,120.6024456,90.8,CONTINGENCY,,
444,444,EVTOL-01,EC35,31.3033755,120.5960118,199.9,BUSY,M-P-001,V2
444,444,L-UAV-01,AMZN,31.2986070,120.5965408,100.0,BUSY,M-L-001,V2
444,444,M-UAV-01,M600,31.3108767,120.6039862,30.5,AVAILABLE,,
444,444,M-UAV-02,M600,31.3061988,120.6024861,84.7,CONTINGENCY,,
445,445,EVTOL-01,EC35,31.3030128,120.5959896,199.9,BUSY,M-P-001,V2
445,445,L-UAV-01,AMZN,31.2984878,120.5964653,100.0,BUSY,M-L-001,V2
445,445,M-UAV-01,M600,31.3108767,120.6039862,30.5,AVAILABLE,,
445,445,M-UAV-02,M600,31.3062370,120.6025152,77.1,CONTINGENCY,,
446,446,EVTOL-01,EC35,31.3026501,120.5959674,199.9,BUSY,M-P-001,V2
446,446,L-UAV-01,AMZN,31.2983686,120.5963899,100.0,BUSY,M-L-001,V2
446,446,M-UAV-01,M600,31.3108767,120.6039862,30.5,AVAILABLE,,
446,446,M-UAV-02,M600,31.3062602,120.6025328,69.5,CONTINGENCY,,
447,447,EVTOL-01,EC35,31.3022874,120.5959452,199.9,BUSY,M-P-001,V2
447,447,L-UAV-01,AMZN,31.2982493,120.5963144,100.0,BUSY,M-L-001,V2
447,447,M-UAV-01,M600,31.3108767,120.6039862,30.5,AVAILABLE,,
447,447,M-UAV-02,M600,31.3062683,120.6025389,61.9,CONTINGENCY,,
448,448,EVTOL-01,EC35,31.3019247,120.5959231,199.9,BUSY,M-P-001,V2
448,448,L-UAV-01,AMZN,31.2981301,120.5962389,100.0,BUSY,M-L-001,V2
448,448,M-UAV-01,M600,31.3108767,120.6039862,30.5,AVAILABLE,,
448,448,M-UAV-02,M600,31.3062683,120.6025389,54.3,CONTINGENCY,,
449,449,EVTOL-01,EC35,31.3015620,120.5959009,199.9,BUSY,M-P-001,V2
449,449,L-UAV-01,AMZN,31.2980109,120.5961635,100.0,BUSY,M-L-001,V2
449,449,M-UAV-01,M600,31.3108767,120.6039862,30.5,AVAILABLE,,
449,449,M-UAV-02,M600,31.3062683,120.6025389,46.6,CONTINGENCY,,
450,450,EVTOL-01,EC35,31.3011993,120.5958787,199.9,BUSY,M-P-001,V2
450,450,L-UAV-01,AMZN,31.2978916,120.5960880,100.0,BUSY,M-L-001,V3
450,450,M-UAV-01,M600,31.3108767,120.6039862,30.5,AVAILABLE,,
450,450,M-UAV-02,M600,31.3062683,120.6025389,39.0,CONTINGENCY,,
451,451,EVTOL-01,EC35,31.3008366,120.5958565,199.9,BUSY,M-P-001,V2
451,451,L-UAV-01,AMZN,31.2977586,120.5960577,100.0,BUSY,M-L-001,V3
451,451,M-UAV-01,M600,31.3108767,120.6039862,30.5,AVAILABLE,,
451,451,M-UAV-02,M600,31.3062683,120.6025389,31.4,CONTINGENCY,,
452,452,EVTOL-01,EC35,31.3004739,120.5958343,199.9,BUSY,M-P-001,V2
452,452,L-UAV-01,AMZN,31.2976239,120.5960753,100.0,BUSY,M-L-001,V3
452,452,M-UAV-01,M600,31.3108767,120.6039862,30.5,AVAILABLE,,
452,452,M-UAV-02,M600,31.3062683,120.6025389,30.5,CONTINGENCY,,
453,453,EVTOL-01,EC35,31.3001112,120.5958121,199.9,BUSY,M-P-001,V2
453,453,L-UAV-01,AMZN,31.2974998,120.5961392,100.0,BUSY,M-L-001,V3
453,453,M-UAV-01,M600,31.3108767,120.6039862,30.5,AVAILABLE,,
453,453,M-UAV-02,M600,31.3062683,120.6025389,30.5,CONTINGENCY,,
454,454,EVTOL-01,EC35,31.2997486,120.5957899,199.9,BUSY,M-P-001,V2
454,454,L-UAV-01,AMZN,31.2973977,120.5962435,100.0,BUSY,M-L-001,V3
454,454,M-UAV-01,M600,31.3108767,120.6039862,30.5,AVAILABLE,,
454,454,M-UAV-02,M600,31.3062683,120.6025389,30.5,CONTINGENCY,,
455,455,EVTOL-01,EC35,31.2993859,120.5957678,199.9,BUSY,M-P-001,V2
455,455,L-UAV-01,AMZN,31.2973269,120.5963788,100.0,BUSY,M-L-001,V3
455,455,M-UAV-01,M600,31.3108767,120.6039862,30.5,AVAILABLE,,
455,455,M-UAV-02,M600,31.3062683,120.6025389,30.5,CONTINGENCY,,
456,456,EVTOL-01,EC35,31.2990232,120.5957456,199.9,BUSY,M-P-001,V2
456,456,L-UAV-01,AMZN,31.2972939,120.5965326,100.0,BUSY,M-L-001,V3
456,456,M-UAV-01,M600,31.3108767,120.6039862,30.5,AVAILABLE,,
456,456,M-UAV-02,M600,31.3062683,120.6025389,30.5,CONTINGENCY,,
457,457,EVTOL-01,EC35,31.2986605,120.5957234,199.9,BUSY,M-P-001,V2
457,457,L-UAV-01,AMZN,31.2973017,120.5966910,100.0,BUSY,M-L-001,V3
457,457,M-UAV-01,M600,31.3108767,120.6039862,30.5,AVAILABLE,,
457,457,M-UAV-02,M600,31.3062683,120.6025389,30.5,CONTINGENCY,,
458,458,EVTOL-01,EC35,31.2982978,120.5957012,199.9,BUSY,M-P-001,V2
458,458,L-UAV-01,AMZN,31.2973495,120.5968394,100.0,BUSY,M-L-001,V3
458,458,M-UAV-01,M600,31.3108767,120.6039862,30.5,AVAILABLE,,
458,458,M-UAV-02,M600,31.3062683,120.6025389,30.5,CONTINGENCY,,
459,459,EVTOL-01,EC35,31.2979351,120.5956790,199.9,BUSY,M-P-001,V1
459,459,L-UAV-01,AMZN,31.2974330,120.5969644,100.0,BUSY,M-L-001,V3
459,459,M-UAV-01,M600,31.3108767,120.6039862,30.5,AVAILABLE,,
459,459,M-UAV-02,M600,31.3062683,120.6025389,30.5,CONTINGENCY,,
460,460,EVTOL-01,EC35,31.2975726,120.5957049,199.9,BUSY,M-P-001,V1
460,460,L-UAV-01,AMZN,31.2975447,120.5970544,100.0,BUSY,M-L-001,V3
460,460,M-UAV-01,M600,31.3108767,120.6039862,30.5,AVAILABLE,,
460,460,M-UAV-02,M600,31.3062683,120.6025389,30.5,CONTINGENCY,,
461,461,EVTOL-01,EC35,31.2972149,120.5957786,199.9,BUSY,M-P-001,V1
461,461,L-UAV-01,AMZN,31.2976639,120.5971298,100.0,BUSY,M-L-001,V3
461,461,M-UAV-01,M600,31.3108767,120.6039862,30.5,AVAILABLE,,
461,461,M-UAV-02,M600,31.3062683,120.6025389,30.5,CONTINGENCY,,
462,462,EVTOL-01,EC35,31.2968666,120.5958992,199.9,BUSY,M-P-001,V1
462,462,L-UAV-01,AMZN,31.2977831,120.5972053,100.0,BUSY,M-L-001,V3
462,462,M-UAV-01,M600,31.3108767,120.6039862,30.5,AVAILABLE,,
462,462,M-UAV-02,M600,31.3062683,120.6025389,30.5,CONTINGENCY,,
463,463,EVTOL-01,EC35,31.2965322,120.5960650,199.9,BUSY,M-P-001,V1
463,463,L-UAV-01,AMZN,31.2979023,120.5972807,100.0,BUSY,M-L-001,V3
463,463,M-UAV-01,M600,31.3108767,120.6039862,30.5,AVAILABLE,,
463,463,M-UAV-02,M600,31.3062683,120.6025389,30.5,CONTINGENCY,,
464,464,EVTOL-01,EC35,31.2962159,120.5962739,199.9,BUSY,M-P-001,V1
464,464,L-UAV-01,AMZN,31.2980216,120.5973562,100.0,BUSY,M-L-001,V3
464,464,M-UAV-01,M600,31.3108767,120.6039862,30.5,AVAILABLE,,
464,464,M-UAV-02,M600,31.3062683,120.6025389,30.5,CONTINGENCY,,
465,465,EVTOL-01,EC35,31.2959218,120.5965233,199.9,BUSY,M-P-001,V1
465,465,L-UAV-01,AMZN,31.2981408,120.5974316,100.0,BUSY,M-L-001,V3
465,465,M-UAV-01,M600,31.3108767,120.6039862,30.5,AVAILABLE,,
465,465,M-UAV-02,M600,31.3062683,120.6025389,30.5,CONTINGENCY,,
466,466,EVTOL-01,EC35,31.2956537,120.5968101,199.9,BUSY,M-P-001,V1
466,466,L-UAV-01,AMZN,31.2982600,120.5975071,100.0,BUSY,M-L-001,V3
466,466,M-UAV-01,M600,31.3108767,120.6039862,30.5,AVAILABLE,,
466,466,M-UAV-02,M600,31.3062683,120.6025389,30.5,CONTINGENCY,,
467,467,EVTOL-01,EC35,31.2954150,120.5971304,199.9,BUSY,M-P-001,V1
467,467,L-UAV-01,AMZN,31.2983793,120.5975826,100.0,BUSY,M-L-001,V3
467,467,M-UAV-01,M600,31.3108767,120.6039862,30.5,AVAILABLE,,
467,467,M-UAV-02,M600,31.3062683,120.6025389,30.5,CONTINGENCY,,
468,468,EVTOL-01,EC35,31.2952088,120.5974803,199.9,BUSY,M-P-001,V1
468,468,L-UAV-01,AMZN,31.2984985,120.5976580,100.0,BUSY,M-L-001,V3
468,468,M-UAV-01,M600,31.3108767,120.6039862,30.5,AVAILABLE,,
468,468,M-UAV-02,M600,31.3062683,120.6025389,30.5,CONTINGENCY,,
469,469,EVTOL-01,EC35,31.2950376,120.5978551,199.9,BUSY,M-P-001,V1
469,469,L-UAV-01,AMZN,31.2986177,120.5977335,100.0,BUSY,M-L-001,V3
469,469,M-UAV-01,M600,31.3108767,120.6039862,30.5,AVAILABLE,,
469,469,M-UAV-02,M600,31.3062683,120.6025389,30.5,CONTINGENCY,,
470,470,EVTOL-01,EC35,31.2949038,120.5982503,199.9,BUSY,M-P-001,V1
470,470,L-UAV-01,AMZN,31.2987370,120.5978089,100.0,BUSY,M-L-001,V3
470,470,M-UAV-01,M600,31.3108767,120.6039862,30.5,AVAILABLE,,
470,470,M-UAV-02,M600,31.3062683,120.6025389,30.5,CONTINGENCY,,
471,471,EVTOL-01,EC35,31.2948089,120.5986605,199.9,BUSY,M-P-001,V1
471,471,L-UAV-01,AMZN,31.2988562,120.5978844,100.0,BUSY,M-L-001,V3
471,471,M-UAV-01,M600,31.3108767,120.6039862,30.5,AVAILABLE,,
471,471,M-UAV-02,M600,31.3062683,120.6025389,30.5,CONTINGENCY,,
472,472,EVTOL-01,EC35,31.2947543,120.5990807,199.9,BUSY,M-P-001,V1
472,472,L-UAV-01,AMZN,31.2989754,120.5979599,100.0,BUSY,M-L-001,V3
472,472,M-UAV-01,M600,31.3108767,120.6039862,30.5,AVAILABLE,,
472,472,M-UAV-02,M600,31.3062683,120.6025389,30.5,CONTINGENCY,,
473,473,EVTOL-01,EC35,31.2947406,120.5995055,199.9,BUSY,M-P-001,V1
473,473,L-UAV-01,AMZN,31.2990946,120.5980353,100.0,BUSY,M-L-001,V3
473,473,M-UAV-01,M600,31.3108767,120.6039862,30.5,AVAILABLE,,
473,473,M-UAV-02,M600,31.3062683,120.6025389,30.5,CONTINGENCY,,
474,474,EVTOL-01,EC35,31.2947680,120.5999293,199.9,BUSY,M-P-001,V1
474,474,L-UAV-01,AMZN,31.2992139,120.5981108,100.0,BUSY,M-L-001,V3
474,474,M-UAV-01,M600,31.3108767,120.6039862,30.5,AVAILABLE,,
474,474,M-UAV-02,M600,31.3062683,120.6025389,30.5,CONTINGENCY,,
475,475,EVTOL-01,EC35,31.2948361,120.6003468,199.9,BUSY,M-P-001,V1
475,475,L-UAV-01,AMZN,31.2993331,120.5981862,100.0,BUSY,M-L-001,V3
475,475,M-UAV-01,M600,31.3108767,120.6039862,30.5,AVAILABLE,,
475,475,M-UAV-02,M600,31.3062683,120.6025389,30.5,CONTINGENCY,,
476,476,EVTOL-01,EC35,31.2949441,120.6007526,199.9,BUSY,M-P-001,V1
476,476,L-UAV-01,AMZN,31.2994523,120.5982617,100.0,BUSY,M-L-001,V3
476,476,M-UAV-01,M600,31.3108767,120.6039862,30.5,AVAILABLE,,
476,476,M-UAV-02,M600,31.3062683,120.6025389,30.5,CONTINGENCY,,
477,477,EVTOL-01,EC35,31.2950906,120.6011415,199.9,BUSY,M-P-001,V1
477,477,L-UAV-01,AMZN,31.2995716,120.5983372,100.0,BUSY,M-L-001,V3
477,477,M-UAV-01,M600,31.3108767,120.6039862,30.5,AVAILABLE,,
477,477,M-UAV-02,M600,31.3062683,120.6025389,30.5,CONTINGENCY,,
478,478,EVTOL-01,EC35,31.2952737,120.6015085,199.9,BUSY,M-P-001,V1
478,478,L-UAV-01,AMZN,31.2996908,120.5984126,100.0,BUSY,M-L-001,V3
478,478,M-UAV-01,M600,31.3108767,120.6039862,30.5,AVAILABLE,,
478,478,M-UAV-02,M600,31.3062683,120.6025389,30.5,CONTINGENCY,,
479,479,EVTOL-01,EC35,31.2954911,120.6018490,199.9,BUSY,M-P-001,V1
479,479,L-UAV-01,AMZN,31.2998100,120.5984881,100.0,BUSY,M-L-001,V3
479,479,M-UAV-01,M600,31.3108767,120.6039862,30.5,AVAILABLE,,
479,479,M-UAV-02,M600,31.3062683,120.6025389,30.5,CONTINGENCY,,
480,480,EVTOL-01,EC35,31.2957400,120.6021586,199.9,BUSY,M-P-001,V1
480,480,L-UAV-01,AMZN,31.2999293,120.5985635,100.0,BUSY,M-L-001,V3
480,480,M-UAV-01,M600,31.3108767,120.6039862,30.5,AVAILABLE,,
480,480,M-UAV-02,M600,31.3062683,120.6025389,30.5,CONTINGENCY,,
481,481,EVTOL-01,EC35,31.2960171,120.6024333,199.9,BUSY,M-P-001,V1
481,481,L-UAV-01,AMZN,31.3000485,120.5986390,100.0,BUSY,M-L-001,V3
481,481,M-UAV-01,M600,31.3108767,120.6039862,30.5,AVAILABLE,,
481,481,M-UAV-02,M600,31.3062683,120.6025389,30.5,CONTINGENCY,,
482,482,EVTOL-01,EC35,31.2963190,120.6026696,199.9,BUSY,M-P-001,V1
482,482,L-UAV-01,AMZN,31.3001677,120.5987145,100.0,BUSY,M-L-001,V3
482,482,M-UAV-01,M600,31.3108767,120.6039862,30.5,AVAILABLE,,
482,482,M-UAV-02,M600,31.3062683,120.6025389,30.5,CONTINGENCY,,
483,483,EVTOL-01,EC35,31.2966418,120.6028644,199.9,BUSY,M-P-001,V1
483,483,L-UAV-01,AMZN,31.3002869,120.5987899,100.0,BUSY,M-L-001,V3
483,483,M-UAV-01,M600,31.3108767,120.6039862,30.5,AVAILABLE,,
483,483,M-UAV-02,M600,31.3062683,120.6025389,30.5,CONTINGENCY,,
484,484,EVTOL-01,EC35,31.2969813,120.6030153,199.9,BUSY,M-P-001,V1
484,484,L-UAV-01,AMZN,31.3004062,120.5988654,100.0,BUSY,M-L-001,V3
484,484,M-UAV-01,M600,31.3108767,120.6039862,30.5,AVAILABLE,,
484,484,M-UAV-02,M600,31.3062683,120.6025389,30.5,CONTINGENCY,,
485,485,EVTOL-01,EC35,31.2973333,120.6031204,199.9,BUSY,M-P-001,V1
485,485,L-UAV-01,AMZN,31.3005254,120.5989408,100.0,BUSY,M-L-001,V3
485,485,M-UAV-01,M600,31.3108767,120.6039862,30.5,AVAILABLE,,
485,485,M-UAV-02,M600,31.3062683,120.6025389,30.5,CONTINGENCY,,
486,486,EVTOL-01,EC35,31.2976931,120.6031782,199.9,BUSY,M-P-001,V1
486,486,L-UAV-01,AMZN,31.3006446,120.5990163,100.0,BUSY,M-L-001,V3
486,486,M-UAV-01,M600,31.3108767,120.6039862,30.5,AVAILABLE,,
486,486,M-UAV-02,M600,31.3062683,120.6025389,30.5,CONTINGENCY,,
487,487,EVTOL-01,EC35,31.2980558,120.6032005,199.9,BUSY,M-P-001,V1
487,487,L-UAV-01,AMZN,31.3007639,120.5990918,100.0,BUSY,M-L-001,V3
487,487,M-UAV-01,M600,31.3108767,120.6039862,30.5,AVAILABLE,,
487,487,M-UAV-02,M600,31.3062683,120.6025389,30.5,CONTINGENCY,,
488,488,EVTOL-01,EC35,31.2984185,120.6032227,199.9,BUSY,M-P-001,V1
488,488,L-UAV-01,AMZN,31.3008831,120.5991672,100.0,BUSY,M-L-001,V3
488,488,M-UAV-01,M600,31.3108767,120.6039862,30.5,AVAILABLE,,
488,488,M-UAV-02,M600,31.3062683,120.6025389,30.5,CONTINGENCY,,
489,489,EVTOL-01,EC35,31.2987812,120.6032449,199.9,BUSY,M-P-001,V1
489,489,L-UAV-01,AMZN,31.3010023,120.5992427,100.0,BUSY,M-L-001,V3
489,489,M-UAV-01,M600,31.3108767,120.6039862,30.5,AVAILABLE,,
489,489,M-UAV-02,M600,31.3062683,120.6025389,30.5,CONTINGENCY,,
490,490,EVTOL-01,EC35,31.2991439,120.6032671,199.9,BUSY,M-P-001,V1
490,490,L-UAV-01,AMZN,31.3011215,120.5993181,100.0,BUSY,M-L-001,V3
490,490,M-UAV-01,M600,31.3108767,120.6039862,30.5,AVAILABLE,,
490,490,M-UAV-02,M600,31.3062683,120.6025389,30.5,CONTINGENCY,,
491,491,EVTOL-01,EC35,31.2995065,120.6032893,199.9,BUSY,M-P-001,V1
491,491,L-UAV-01,AMZN,31.3012408,120.5993936,100.0,BUSY,M-L-001,V3
491,491,M-UAV-01,M600,31.3108767,120.6039862,30.5,AVAILABLE,,
491,491,M-UAV-02,M600,31.3062683,120.6025389,30.5,CONTINGENCY,,
492,492,EVTOL-01,EC35,31.2998692,120.6033116,199.9,BUSY,M-P-001,V1
492,492,L-UAV-01,AMZN,31.3013600,120.5994691,100.0,BUSY,M-L-001,V3
492,492,M-UAV-01,M600,31.3108767,120.6039862,30.5,AVAILABLE,,
492,492,M-UAV-02,M600,31.3062683,120.6025389,30.5,CONTINGENCY,,
493,493,EVTOL-01,EC35,31.3002319,120.6033338,199.9,BUSY,M-P-001,V1
493,493,L-UAV-01,AMZN,31.3014792,120.5995445,100.0,BUSY,M-L-001,V3
493,493,M-UAV-01,M600,31.3108767,120.6039862,30.5,AVAILABLE,,
493,493,M-UAV-02,M600,31.3062683,120.6025389,30.5,CONTINGENCY,,
494,494,EVTOL-01,EC35,31.3005946,120.6033560,199.9,BUSY,M-P-001,V1
494,494,L-UAV-01,AMZN,31.3015985,120.5996200,100.0,BUSY,M-L-001,V3
494,494,M-UAV-01,M600,31.3108767,120.6039862,30.5,AVAILABLE,,
494,494,M-UAV-02,M600,31.3062683,120.6025389,30.5,CONTINGENCY,,
495,495,EVTOL-01,EC35,31.3009573,120.6033782,199.9,BUSY,M-P-001,V1
495,495,L-UAV-01,AMZN,31.3017177,120.5996955,100.0,BUSY,M-L-001,V3
495,495,M-UAV-01,M600,31.3108767,120.6039862,30.5,AVAILABLE,,
495,495,M-UAV-02,M600,31.3062683,120.6025389,30.5,CONTINGENCY,,
496,496,EVTOL-01,EC35,31.3013200,120.6034005,199.9,BUSY,M-P-001,V1
496,496,L-UAV-01,AMZN,31.3018369,120.5997709,100.0,BUSY,M-L-001,V3
496,496,M-UAV-01,M600,31.3108767,120.6039862,30.5,AVAILABLE,,
496,496,M-UAV-02,M600,31.3062683,120.6025389,30.5,CONTINGENCY,,
497,497,EVTOL-01,EC35,31.3016827,120.6034227,199.9,BUSY,M-P-001,V1
497,497,L-UAV-01,AMZN,31.3019561,120.5998464,100.0,BUSY,M-L-001,V3
497,497,M-UAV-01,M600,31.3108767,120.6039862,30.5,AVAILABLE,,
497,497,M-UAV-02,M600,31.3062683,120.6025389,30.5,CONTINGENCY,,
498,498,EVTOL-01,EC35,31.3020454,120.6034449,199.9,BUSY,M-P-001,V1
498,498,L-UAV-01,AMZN,31.3020754,120.5999219,100.0,BUSY,M-L-001,V3
498,498,M-UAV-01,M600,31.3108767,120.6039862,30.5,AVAILABLE,,
498,498,M-UAV-02,M600,31.3062683,120.6025389,30.5,CONTINGENCY,,
499,499,EVTOL-01,EC35,31.3024081,120.6034671,199.9,BUSY,M-P-001,V1
499,499,L-UAV-01,AMZN,31.3021946,120.5999973,100.0,BUSY,M-L-001,V3
499,499,M-UAV-01,M600,31.3108767,120.6039862,30.5,AVAILABLE,,
499,499,M-UAV-02,M600,31.3062683,120.6025389,30.5,CONTINGENCY,,
500,500,EVTOL-01,EC35,31.3027708,120.6034894,199.9,BUSY,M-P-001,V1
500,500,L-UAV-01,AMZN,31.3023138,120.6000728,100.0,BUSY,M-L-001,V3
500,500,M-UAV-01,M600,31.3108767,120.6039862,30.5,AVAILABLE,,
500,500,M-UAV-02,M600,31.3062683,120.6025389,30.5,CONTINGENCY,,
501,501,EVTOL-01,EC35,31.3031335,120.6035116,199.9,BUSY,M-P-001,V1
501,501,L-UAV-01,AMZN,31.3024331,120.6001482,100.0,BUSY,M-L-001,V3
501,501,M-UAV-01,M600,31.3108767,120.6039862,30.5,AVAILABLE,,
501,501,M-UAV-02,M600,31.3062683,120.6025389,30.5,CONTINGENCY,,
502,502,EVTOL-01,EC35,31.3034962,120.6035338,199.9,BUSY,M-P-001,V1
502,502,L-UAV-01,AMZN,31.3025523,120.6002237,100.0,BUSY,M-L-001,V3
502,502,M-UAV-01,M600,31.3108767,120.6039862,30.5,AVAILABLE,,
502,502,M-UAV-02,M600,31.3062683,120.6025389,30.5,CONTINGENCY,,
503,503,EVTOL-01,EC35,31.3038589,120.6035561,199.9,BUSY,M-P-001,V1
503,503,L-UAV-01,AMZN,31.3026715,120.6002992,100.0,BUSY,M-L-001,V3
503,503,M-UAV-01,M600,31.3108767,120.6039862,30.5,AVAILABLE,,
503,503,M-UAV-02,M600,31.3062683,120.6025389,30.5,CONTINGENCY,,
504,504,EVTOL-01,EC35,31.3042216,120.6035783,199.9,BUSY,M-P-001,V1
504,504,L-UAV-01,AMZN,31.3027907,120.6003746,100.0,BUSY,M-L-001,V3
504,504,M-UAV-01,M600,31.3108767,120.6039862,30.5,AVAILABLE,,
504,504,M-UAV-02,M600,31.3062683,120.6025389,30.5,CONTINGENCY,,
505,505,EVTOL-01,EC35,31.3045843,120.6036005,199.9,BUSY,M-P-001,V1
505,505,L-UAV-01,AMZN,31.3029100,120.6004501,100.0,BUSY,M-L-001,V3
505,505,M-UAV-01,M600,31.3108767,120.6039862,30.5,AVAILABLE,,
505,505,M-UAV-02,M600,31.3062683,120.6025389,30.5,CONTINGENCY,,
506,506,EVTOL-01,EC35,31.3049470,120.6036227,199.9,BUSY,M-P-001,V1
506,506,L-UAV-01,AMZN,31.3030292,120.6005256,100.0,BUSY,M-L-001,V3
506,506,M-UAV-01,M600,31.3108767,120.6039862,30.5,AVAILABLE,,
506,506,M-UAV-02,M600,31.3062683,120.6025389,30.5,CONTINGENCY,,
507,507,EVTOL-01,EC35,31.3053096,120.6036450,199.9,BUSY,M-P-001,V1
507,507,L-UAV-01,AMZN,31.3031484,120.6006010,100.0,BUSY,M-L-001,V3
507,507,M-UAV-01,M600,31.3108767,120.6039862,30.5,AVAILABLE,,
507,507,M-UAV-02,M600,31.3062683,120.6025389,30.5,CONTINGENCY,,
508,508,EVTOL-01,EC35,31.3056723,120.6036672,199.9,BUSY,M-P-001,V1
508,508,L-UAV-01,AMZN,31.3032677,120.6006765,100.0,BUSY,M-L-001,V3
508,508,M-UAV-01,M600,31.3108767,120.6039862,30.5,AVAILABLE,,
508,508,M-UAV-02,M600,31.3062683,120.6025389,30.5,CONTINGENCY,,
509,509,EVTOL-01,EC35,31.3060350,120.6036894,199.9,BUSY,M-P-001,V1
509,509,L-UAV-01,AMZN,31.3033869,120.6007520,100.0,BUSY,M-L-001,V3
509,509,M-UAV-01,M600,31.3108767,120.6039862,30.5,AVAILABLE,,
509,509,M-UAV-02,M600,31.3062683,120.6025389,30.5,CONTINGENCY,,
510,510,EVTOL-01,EC35,31.3063977,120.6037116,199.9,BUSY,M-P-001,V1
510,510,L-UAV-01,AMZN,31.3035061,120.6008274,100.0,BUSY,M-L-001,V3
510,510,M-UAV-01,M600,31.3108767,120.6039862,30.5,AVAILABLE,,
510,510,M-UAV-02,M600,31.3062683,120.6025389,30.5,CONTINGENCY,,
511,511,EVTOL-01,EC35,31.3067604,120.6037339,199.9,BUSY,M-P-001,V1
511,511,L-UAV-01,AMZN,31.3036253,120.6009029,100.0,BUSY,M-L-001,V3
511,511,M-UAV-01,M600,31.3108767,120.6039862,30.5,AVAILABLE,,
511,511,M-UAV-02,M600,31.3062683,120.6025389,30.5,CONTINGENCY,,
512,512,EVTOL-01,EC35,31.3071231,120.6037561,199.9,BUSY,M-P-001,V1
512,512,L-UAV-01,AMZN,31.3037446,120.6009784,100.0,BUSY,M-L-001,V3
512,512,M-UAV-01,M600,31.3108767,120.6039862,30.5,AVAILABLE,,
512,512,M-UAV-02,M600,31.3062683,120.6025389,30.5,CONTINGENCY,,
513,513,EVTOL-01,EC35,31.3074858,120.6037783,199.9,BUSY,M-P-001,V1
513,513,L-UAV-01,AMZN,31.3038638,120.6010538,100.0,BUSY,M-L-001,V3
513,513,M-UAV-01,M600,31.3108767,120.6039862,30.5,AVAILABLE,,
513,513,M-UAV-02,M600,31.3062683,120.6025389,30.5,CONTINGENCY,,
514,514,EVTOL-01,EC35,31.3078485,120.6038006,199.9,BUSY,M-P-001,V1
514,514,L-UAV-01,AMZN,31.3039830,120.6011293,100.0,BUSY,M-L-001,V3
514,514,M-UAV-01,M600,31.3108767,120.6039862,30.5,AVAILABLE,,
514,514,M-UAV-02,M600,31.3062683,120.6025389,30.5,CONTINGENCY,,
515,515,EVTOL-01,EC35,31.3082112,120.6038228,199.9,BUSY,M-P-001,V1
515,515,L-UAV-01,AMZN,31.3041023,120.6012048,100.0,BUSY,M-L-001,V3
515,515,M-UAV-01,M600,31.3108767,120.6039862,30.5,AVAILABLE,,
515,515,M-UAV-02,M600,31.3062683,120.6025389,30.5,CONTINGENCY,,
516,516,EVTOL-01,EC35,31.3085739,120.6038450,199.9,BUSY,M-P-001,V1
516,516,L-UAV-01,AMZN,31.3042215,120.6012802,100.0,BUSY,M-L-001,V3
516,516,M-UAV-01,M600,31.3108767,120.6039862,30.5,AVAILABLE,,
516,516,M-UAV-02,M600,31.3062683,120.6025389,30.5,CONTINGENCY,,
517,517,EVTOL-01,EC35,31.3089366,120.6038672,199.9,BUSY,M-P-001,V1
517,517,L-UAV-01,AMZN,31.3043407,120.6013557,100.0,BUSY,M-L-001,V3
517,517,M-UAV-01,M600,31.3108767,120.6039862,30.5,AVAILABLE,,
517,517,M-UAV-02,M600,31.3062683,120.6025389,30.5,CONTINGENCY,,
518,518,EVTOL-01,EC35,31.3092993,120.6038895,199.9,BUSY,M-P-001,V1
518,518,L-UAV-01,AMZN,31.3044599,120.6014312,100.0,BUSY,M-L-001,V3
518,518,M-UAV-01,M600,31.3108767,120.6039862,30.5,AVAILABLE,,
518,518,M-UAV-02,M600,31.3062683,120.6025389,30.5,CONTINGENCY,,
519,519,EVTOL-01,EC35,31.3096620,120.6039117,199.9,BUSY,M-P-001,V1
519,519,L-UAV-01,AMZN,31.3045792,120.6015066,100.0,BUSY,M-L-001,V3
519,519,M-UAV-01,M600,31.3108767,120.6039862,30.5,AVAILABLE,,
519,519,M-UAV-02,M600,31.3062683,120.6025389,30.5,CONTINGENCY,,
520,520,EVTOL-01,EC35,31.3100247,120.6039339,199.9,BUSY,M-P-001,V2
520,520,L-UAV-01,AMZN,31.3046984,120.6015821,100.0,BUSY,M-L-001,V3
520,520,M-UAV-01,M600,31.3108767,120.6039862,30.5,AVAILABLE,,
520,520,M-UAV-02,M600,31.3062683,120.6025389,30.5,CONTINGENCY,,
521,521,EVTOL-01,EC35,31.3103872,120.6039081,199.9,BUSY,M-P-001,V2
521,521,L-UAV-01,AMZN,31.3048176,120.6016576,100.0,BUSY,M-L-001,V3
521,521,M-UAV-01,M600,31.3108767,120.6039862,30.5,AVAILABLE,,
521,521,M-UAV-02,M600,31.3062683,120.6025389,30.5,CONTINGENCY,,
522,522,EVTOL-01,EC35,31.3107449,120.6038344,199.9,BUSY,M-P-001,V2
522,522,L-UAV-01,AMZN,31.3049368,120.6017330,100.0,BUSY,M-L-001,V3
522,522,M-UAV-01,M600,31.3108767,120.6039862,30.5,AVAILABLE,,
522,522,M-UAV-02,M600,31.3062683,120.6025389,30.5,CONTINGENCY,,
523,523,EVTOL-01,EC35,31.3110932,120.6037139,199.9,BUSY,M-P-001,V2
523,523,L-UAV-01,AMZN,31.3050561,120.6018085,100.0,BUSY,M-L-001,V3
523,523,M-UAV-01,M600,31.3108767,120.6039862,30.5,AVAILABLE,,
523,523,M-UAV-02,M600,31.3062683,120.6025389,30.5,CONTINGENCY,,
524,524,EVTOL-01,EC35,31.3114276,120.6035481,199.9,BUSY,M-P-001,V2
524,524,L-UAV-01,AMZN,31.3051753,120.6018840,100.0,BUSY,M-L-001,V3
524,524,M-UAV-01,M600,31.3108767,120.6039862,30.5,AVAILABLE,,
524,524,M-UAV-02,M600,31.3062683,120.6025389,30.5,CONTINGENCY,,
525,525,EVTOL-01,EC35,31.3117439,120.6033392,199.9,BUSY,M-P-001,V2
525,525,L-UAV-01,AMZN,31.3052945,120.6019595,100.0,BUSY,M-L-001,V3
525,525,M-UAV-01,M600,31.3108767,120.6039862,30.5,AVAILABLE,,
525,525,M-UAV-02,M600,31.3062683,120.6025389,30.5,CONTINGENCY,,
526,526,EVTOL-01,EC35,31.3120380,120.6030897,199.9,BUSY,M-P-001,V2
526,526,L-UAV-01,AMZN,31.3054138,120.6020349,100.0,BUSY,M-L-001,V3
526,526,M-UAV-01,M600,31.3108767,120.6039862,30.5,AVAILABLE,,
526,526,M-UAV-02,M600,31.3062683,120.6025389,30.5,CONTINGENCY,,
527,527,EVTOL-01,EC35,31.3123061,120.6028030,199.9,BUSY,M-P-001,V2
527,527,L-UAV-01,AMZN,31.3055330,120.6021104,100.0,BUSY,M-L-001,V3
527,527,M-UAV-01,M600,31.3108767,120.6039862,30.5,AVAILABLE,,
527,527,M-UAV-02,M600,31.3062683,120.6025389,30.5,CONTINGENCY,,
528,528,EVTOL-01,EC35,31.3125448,120.6024826,199.9,BUSY,M-P-001,V2
528,528,L-UAV-01,AMZN,31.3056522,120.6021859,100.0,BUSY,M-L-001,V3
528,528,M-UAV-01,M600,31.3108767,120.6039862,30.5,AVAILABLE,,
528,528,M-UAV-02,M600,31.3062683,120.6025389,30.5,CONTINGENCY,,
529,529,EVTOL-01,EC35,31.3127511,120.6021327,199.9,BUSY,M-P-001,V2
529,529,L-UAV-01,AMZN,31.3057714,120.6022613,100.0,BUSY,M-L-001,V2
529,529,M-UAV-01,M600,31.3108767,120.6039862,30.5,AVAILABLE,,
529,529,M-UAV-02,M600,31.3062683,120.6025389,30.5,CONTINGENCY,,
530,530,EVTOL-01,EC35,31.3129223,120.6017578,199.9,BUSY,M-P-001,V2
530,530,L-UAV-01,AMZN,31.3059045,120.6022917,100.0,BUSY,M-L-001,V2
530,530,M-UAV-01,M600,31.3108767,120.6039862,30.5,AVAILABLE,,
530,530,M-UAV-02,M600,31.3062683,120.6025389,30.5,CONTINGENCY,,
531,531,EVTOL-01,EC35,31.3130562,120.6013626,199.9,BUSY,M-P-001,V2
531,531,L-UAV-01,AMZN,31.3060392,120.6022741,100.0,BUSY,M-L-001,V2
531,531,M-UAV-01,M600,31.3108767,120.6039862,30.5,AVAILABLE,,
531,531,M-UAV-02,M600,31.3062683,120.6025389,30.5,CONTINGENCY,,
532,532,EVTOL-01,EC35,31.3131511,120.6009523,199.9,BUSY,M-P-001,V2
532,532,L-UAV-01,AMZN,31.3061633,120.6022102,100.0,BUSY,M-L-001,V2
532,532,M-UAV-01,M600,31.3108767,120.6039862,30.5,AVAILABLE,,
532,532,M-UAV-02,M600,31.3062683,120.6025389,30.5,CONTINGENCY,,
533,533,EVTOL-01,EC35,31.3132057,120.6005320,199.9,BUSY,M-P-001,V2
533,533,L-UAV-01,AMZN,31.3062654,120.6021059,100.0,BUSY,M-L-001,V2
533,533,M-UAV-01,M600,31.3108767,120.6039862,30.5,AVAILABLE,,
533,533,M-UAV-02,M600,31.3062683,120.6025389,30.5,CONTINGENCY,,
534,534,EVTOL-01,EC35,31.3132195,120.6001072,199.9,BUSY,M-P-001,V2
534,534,L-UAV-01,AMZN,31.3063362,120.6019706,100.0,BUSY,M-L-001,V2
534,534,M-UAV-01,M600,31.3108767,120.6039862,30.5,AVAILABLE,,
534,534,M-UAV-02,M600,31.3062683,120.6025389,30.5,CONTINGENCY,,
535,535,EVTOL-01,EC35,31.3131921,120.5996833,199.9,BUSY,M-P-001,V2
535,535,L-UAV-01,AMZN,31.3063692,120.6018167,100.0,BUSY,M-L-001,V2
535,535,M-UAV-01,M600,31.3108767,120.6039862,30.5,AVAILABLE,,
535,535,M-UAV-02,M600,31.3062683,120.6025389,30.5,CONTINGENCY,,
536,536,EVTOL-01,EC35,31.3131240,120.5992657,199.9,BUSY,M-P-001,V2
536,536,L-UAV-01,AMZN,31.3063614,120.6016583,100.0,BUSY,M-L-001,V2
536,536,M-UAV-01,M600,31.3108767,120.6039862,30.5,AVAILABLE,,
536,536,M-UAV-02,M600,31.3062683,120.6025389,30.5,CONTINGENCY,,
537,537,EVTOL-01,EC35,31.3130160,120.5988598,199.9,BUSY,M-P-001,V2
537,537,L-UAV-01,AMZN,31.3063136,120.6015099,100.0,BUSY,M-L-001,V2
537,537,M-UAV-01,M600,31.3108767,120.6039862,30.5,AVAILABLE,,
537,537,M-UAV-02,M600,31.3062683,120.6025389,30.5,CONTINGENCY,,
538,538,EVTOL-01,EC35,31.3128696,120.5984708,199.9,BUSY,M-P-001,V2
538,538,L-UAV-01,AMZN,31.3062301,120.6013849,100.0,BUSY,M-L-001,V2
538,538,M-UAV-01,M600,31.3108767,120.6039862,30.5,AVAILABLE,,
538,538,M-UAV-02,M600,31.3062683,120.6025389,30.5,CONTINGENCY,,
539,539,EVTOL-01,EC35,31.3126865,120.5981036,199.9,BUSY,M-P-001,V2
539,539,L-UAV-01,AMZN,31.3061185,120.6012949,100.0,BUSY,M-L-001,V2
539,539,M-UAV-01,M600,31.3108767,120.6039862,30.5,AVAILABLE,,
539,539,M-UAV-02,M600,31.3062683,120.6025389,30.5,CONTINGENCY,,
540,540,EVTOL-01,EC35,31.3124692,120.5977631,199.9,BUSY,M-P-001,V2
540,540,L-UAV-01,AMZN,31.3059992,120.6012195,100.0,BUSY,M-L-001,V2
540,540,M-UAV-01,M600,31.3108767,120.6039862,30.5,AVAILABLE,,
540,540,M-UAV-02,M600,31.3062683,120.6025389,30.5,CONTINGENCY,,
541,541,EVTOL-01,EC35,31.3122203,120.5974534,199.9,BUSY,M-P-001,V2
541,541,L-UAV-01,AMZN,31.3058800,120.6011440,100.0,BUSY,M-L-001,V2
541,541,M-UAV-01,M600,31.3108767,120.6039862,30.5,AVAILABLE,,
541,541,M-UAV-02,M600,31.3062683,120.6025389,30.5,CONTINGENCY,,
542,542,EVTOL-01,EC35,31.3119432,120.5971786,199.9,BUSY,M-P-001,V2
542,542,L-UAV-01,AMZN,31.3057608,120.6010685,100.0,BUSY,M-L-001,V2
542,542,M-UAV-01,M600,31.3108767,120.6039862,30.5,AVAILABLE,,
542,542,M-UAV-02,M600,31.3062683,120.6025389,30.5,CONTINGENCY,,
543,543,EVTOL-01,EC35,31.3116413,120.5969423,199.9,BUSY,M-P-001,V2
543,543,L-UAV-01,AMZN,31.3056416,120.6009931,100.0,BUSY,M-L-001,V2
543,543,M-UAV-01,M600,31.3108767,120.6039862,30.5,AVAILABLE,,
543,543,M-UAV-02,M600,31.3062683,120.6025389,30.5,CONTINGENCY,,
544,544,EVTOL-01,EC35,31.3113185,120.5967474,199.9,BUSY,M-P-001,V2
544,544,L-UAV-01,AMZN,31.3055223,120.6009176,100.0,BUSY,M-L-001,V2
544,544,M-UAV-01,M600,31.3108767,120.6039862,30.5,AVAILABLE,,
544,544,M-UAV-02,M600,31.3062683,120.6025389,30.5,CONTINGENCY,,
545,545,EVTOL-01,EC35,31.3109790,120.5965964,199.9,BUSY,M-P-001,V2
545,545,L-UAV-01,AMZN,31.3054031,120.6008421,100.0,BUSY,M-L-001,V2
545,545,M-UAV-01,M600,31.3108767,120.6039862,30.5,AVAILABLE,,
545,545,M-UAV-02,M600,31.3062683,120.6025389,30.5,CONTINGENCY,,
546,546,EVTOL-01,EC35,31.3106271,120.5964913,199.9,BUSY,M-P-001,V2
546,546,L-UAV-01,AMZN,31.3052839,120.6007666,100.0,BUSY,M-L-001,V2
546,546,M-UAV-01,M600,31.3108767,120.6039862,30.5,AVAILABLE,,
546,546,M-UAV-02,M600,31.3062683,120.6025389,30.5,CONTINGENCY,,
547,547,EVTOL-01,EC35,31.3102673,120.5964334,199.9,BUSY,M-P-001,V2
547,547,L-UAV-01,AMZN,31.3051646,120.6006912,100.0,BUSY,M-L-001,V2
547,547,M-UAV-01,M600,31.3108767,120.6039862,30.5,AVAILABLE,,
547,547,M-UAV-02,M600,31.3062683,120.6025389,30.5,CONTINGENCY,,
548,548,EVTOL-01,EC35,31.3099046,120.5964112,199.9,BUSY,M-P-001,V2
548,548,L-UAV-01,AMZN,31.3050454,120.6006157,100.0,BUSY,M-L-001,V2
548,548,M-UAV-01,M600,31.3108767,120.6039862,30.5,AVAILABLE,,
548,548,M-UAV-02,M600,31.3062683,120.6025389,30.5,CONTINGENCY,,
549,549,EVTOL-01,EC35,31.3095419,120.5963890,199.9,BUSY,M-P-001,V2
549,549,L-UAV-01,AMZN,31.3049262,120.6005402,100.0,BUSY,M-L-001,V2
549,549,M-UAV-01,M600,31.3108767,120.6039862,30.5,AVAILABLE,,
549,549,M-UAV-02,M600,31.3062683,120.6025389,30.5,CONTINGENCY,,
550,550,EVTOL-01,EC35,31.3091792,120.5963668,199.9,BUSY,M-P-001,V2
550,550,L-UAV-01,AMZN,31.3048070,120.6004648,100.0,BUSY,M-L-001,V2
550,550,M-UAV-01,M600,31.3108767,120.6039862,30.5,AVAILABLE,,
550,550,M-UAV-02,M600,31.3062683,120.6025389,30.5,CONTINGENCY,,
551,551,EVTOL-01,EC35,31.3088165,120.5963446,199.9,BUSY,M-P-001,V2
551,551,L-UAV-01,AMZN,31.3046877,120.6003893,100.0,BUSY,M-L-001,V2
551,551,M-UAV-01,M600,31.3108767,120.6039862,30.5,AVAILABLE,,
551,551,M-UAV-02,M600,31.3062683,120.6025389,30.5,CONTINGENCY,,
552,552,EVTOL-01,EC35,31.3084538,120.5963225,199.9,BUSY,M-P-001,V2
552,552,L-UAV-01,AMZN,31.3045685,120.6003138,100.0,BUSY,M-L-001,V2
552,552,M-UAV-01,M600,31.3108767,120.6039862,30.5,AVAILABLE,,
552,552,M-UAV-02,M600,31.3062683,120.6025389,30.5,CONTINGENCY,,
553,553,EVTOL-01,EC35,31.3080911,120.5963003,199.9,BUSY,M-P-001,V2
553,553,L-UAV-01,AMZN,31.3044493,120.6002384,100.0,BUSY,M-L-001,V2
553,553,M-UAV-01,M600,31.3108767,120.6039862,30.5,AVAILABLE,,
553,553,M-UAV-02,M600,31.3062683,120.6025389,30.5,CONTINGENCY,,
554,554,EVTOL-01,EC35,31.3077284,120.5962781,199.9,BUSY,M-P-001,V2
554,554,L-UAV-01,AMZN,31.3043300,120.6001629,100.0,BUSY,M-L-001,V2
554,554,M-UAV-01,M600,31.3108767,120.6039862,30.5,AVAILABLE,,
554,554,M-UAV-02,M600,31.3062683,120.6025389,30.5,CONTINGENCY,,
555,555,EVTOL-01,EC35,31.3073657,120.5962559,199.9,BUSY,M-P-001,V2
555,555,L-UAV-01,AMZN,31.3042108,120.6000874,100.0,BUSY,M-L-001,V2
555,555,M-UAV-01,M600,31.3108767,120.6039862,30.5,AVAILABLE,,
555,555,M-UAV-02,M600,31.3062683,120.6025389,30.5,CONTINGENCY,,
556,556,EVTOL-01,EC35,31.3070030,120.5962337,199.9,BUSY,M-P-001,V2
556,556,L-UAV-01,AMZN,31.3040916,120.6000120,100.0,BUSY,M-L-001,V2
556,556,M-UAV-01,M600,31.3108767,120.6039862,30.5,AVAILABLE,,
556,556,M-UAV-02,M600,31.3062683,120.6025389,30.5,CONTINGENCY,,
557,557,EVTOL-01,EC35,31.3066404,120.5962115,199.9,BUSY,M-P-001,V2
557,557,L-UAV-01,AMZN,31.3039724,120.5999365,100.0,BUSY,M-L-001,V2
557,557,M-UAV-01,M600,31.3108767,120.6039862,30.5,AVAILABLE,,
557,557,M-UAV-02,M600,31.3062683,120.6025389,30.5,CONTINGENCY,,
558,558,EVTOL-01,EC35,31.3062777,120.5961893,199.9,BUSY,M-P-001,V2
558,558,L-UAV-01,AMZN,31.3038531,120.5998611,100.0,BUSY,M-L-001,V2
558,558,M-UAV-01,M600,31.3108767,120.6039862,30.5,AVAILABLE,,
558,558,M-UAV-02,M600,31.3062683,120.6025389,30.5,CONTINGENCY,,
559,559,EVTOL-01,EC35,31.3059150,120.5961671,199.9,BUSY,M-P-001,V2
559,559,L-UAV-01,AMZN,31.3037339,120.5997856,100.0,BUSY,M-L-001,V2
559,559,M-UAV-01,M600,31.3108767,120.6039862,30.5,AVAILABLE,,
559,559,M-UAV-02,M600,31.3062683,120.6025389,30.5,CONTINGENCY,,
560,560,EVTOL-01,EC35,31.3055523,120.5961450,199.9,BUSY,M-P-001,V2
560,560,L-UAV-01,AMZN,31.3036147,120.5997101,100.0,BUSY,M-L-001,V2
560,560,M-UAV-01,M600,31.3108767,120.6039862,30.5,AVAILABLE,,
560,560,M-UAV-02,M600,31.3062683,120.6025389,30.5,CONTINGENCY,,
561,561,EVTOL-01,EC35,31.3051896,120.5961228,199.9,BUSY,M-P-001,V2
561,561,L-UAV-01,AMZN,31.3034954,120.5996347,100.0,BUSY,M-L-001,V2
561,561,M-UAV-01,M600,31.3108767,120.6039862,30.5,AVAILABLE,,
561,561,M-UAV-02,M600,31.3062683,120.6025389,30.5,CONTINGENCY,,
562,562,EVTOL-01,EC35,31.3048269,120.5961006,199.9,BUSY,M-P-001,V2
562,562,L-UAV-01,AMZN,31.3033762,120.5995592,100.0,BUSY,M-L-001,V2
562,562,M-UAV-01,M600,31.3108767,120.6039862,30.5,AVAILABLE,,
562,562,M-UAV-02,M600,31.3062683,120.6025389,30.5,CONTINGENCY,,
563,563,EVTOL-01,EC35,31.3044642,120.5960784,199.9,BUSY,M-P-001,V2
563,563,L-UAV-01,AMZN,31.3032570,120.5994837,100.0,BUSY,M-L-001,V2
563,563,M-UAV-01,M600,31.3108767,120.6039862,30.5,AVAILABLE,,
563,563,M-UAV-02,M600,31.3062683,120.6025389,30.5,CONTINGENCY,,
564,564,EVTOL-01,EC35,31.3041015,120.5960562,199.9,BUSY,M-P-001,V2
564,564,L-UAV-01,AMZN,31.3031378,120.5994083,100.0,BUSY,M-L-001,V2
564,564,M-UAV-01,M600,31.3108767,120.6039862,30.5,AVAILABLE,,
564,564,M-UAV-02,M600,31.3062683,120.6025389,30.5,CONTINGENCY,,
565,565,EVTOL-01,EC35,31.3037388,120.5960340,199.9,BUSY,M-P-001,V2
565,565,L-UAV-01,AMZN,31.3030185,120.5993328,100.0,BUSY,M-L-001,V2
565,565,M-UAV-01,M600,31.3108767,120.6039862,30.5,AVAILABLE,,
565,565,M-UAV-02,M600,31.3062683,120.6025389,30.5,CONTINGENCY,,
566,566,EVTOL-01,EC35,31.3033761,120.5960118,199.9,BUSY,M-P-001,V2
566,566,L-UAV-01,AMZN,31.3028993,120.5992573,100.0,BUSY,M-L-001,V2
566,566,M-UAV-01,M600,31.3108767,120.6039862,30.5,AVAILABLE,,
566,566,M-UAV-02,M600,31.3062683,120.6025389,30.5,CONTINGENCY,,
567,567,EVTOL-01,EC35,31.3030134,120.5959896,199.9,BUSY,M-P-001,V2
567,567,L-UAV-01,AMZN,31.3027801,120.5991819,100.0,BUSY,M-L-001,V2
567,567,M-UAV-01,M600,31.3108767,120.6039862,30.5,AVAILABLE,,
567,567,M-UAV-02,M600,31.3062683,120.6025389,30.5,CONTINGENCY,,
568,568,EVTOL-01,EC35,31.3026507,120.5959675,199.9,BUSY,M-P-001,V2
568,568,L-UAV-01,AMZN,31.3026608,120.5991064,100.0,BUSY,M-L-001,V2
568,568,M-UAV-01,M600,31.3108767,120.6039862,30.5,AVAILABLE,,
568,568,M-UAV-02,M600,31.3062683,120.6025389,30.5,CONTINGENCY,,
569,569,EVTOL-01,EC35,31.3022880,120.5959453,199.9,BUSY,M-P-001,V2
569,569,L-UAV-01,AMZN,31.3025416,120.5990309,100.0,BUSY,M-L-001,V2
569,569,M-UAV-01,M600,31.3108767,120.6039862,30.5,AVAILABLE,,
569,569,M-UAV-02,M600,31.3062683,120.6025389,30.5,CONTINGENCY,,
570,570,EVTOL-01,EC35,31.3019253,120.5959231,199.9,BUSY,M-P-001,V2
570,570,L-UAV-01,AMZN,31.3024224,120.5989555,100.0,BUSY,M-L-001,V2
570,570,M-UAV-01,M600,31.3108767,120.6039862,30.5,AVAILABLE,,
570,570,M-UAV-02,M600,31.3062683,120.6025389,30.5,CONTINGENCY,,
571,571,EVTOL-01,EC35,31.3015626,120.5959009,199.9,BUSY,M-P-001,V2
571,571,L-UAV-01,AMZN,31.3023032,120.5988800,100.0,BUSY,M-L-001,V2
571,571,M-UAV-01,M600,31.3108767,120.6039862,30.5,AVAILABLE,,
571,571,M-UAV-02,M600,31.3062683,120.6025389,30.5,CONTINGENCY,,
572,572,EVTOL-01,EC35,31.3011999,120.5958787,199.9,BUSY,M-P-001,V2
572,572,L-UAV-01,AMZN,31.3021839,120.5988046,100.0,BUSY,M-L-001,V2
572,572,M-UAV-01,M600,31.3108767,120.6039862,30.5,AVAILABLE,,
572,572,M-UAV-02,M600,31.3062683,120.6025389,30.5,CONTINGENCY,,
573,573,EVTOL-01,EC35,31.3008372,120.5958565,199.9,BUSY,M-P-001,V2
573,573,L-UAV-01,AMZN,31.3020647,120.5987291,100.0,BUSY,M-L-001,V2
573,573,M-UAV-01,M600,31.3108767,120.6039862,30.5,AVAILABLE,,
573,573,M-UAV-02,M600,31.3062683,120.6025389,30.5,CONTINGENCY,,
574,574,EVTOL-01,EC35,31.3004745,120.5958344,199.9,BUSY,M-P-001,V2
574,574,L-UAV-01,AMZN,31.3019455,120.5986536,100.0,BUSY,M-L-001,V2
574,574,M-UAV-01,M600,31.3108767,120.6039862,30.5,AVAILABLE,,
574,574,M-UAV-02,M600,31.3062683,120.6025389,30.5,CONTINGENCY,,
575,575,EVTOL-01,EC35,31.3001118,120.5958122,199.9,BUSY,M-P-001,V2
575,575,L-UAV-01,AMZN,31.3018262,120.5985782,100.0,BUSY,M-L-001,V2
575,575,M-UAV-01,M600,31.3108767,120.6039862,30.5,AVAILABLE,,
575,575,M-UAV-02,M600,31.3062683,120.6025389,30.5,CONTINGENCY,,
576,576,EVTOL-01,EC35,31.2997491,120.5957900,199.9,BUSY,M-P-001,V2
576,576,L-UAV-01,AMZN,31.3017070,120.5985027,100.0,BUSY,M-L-001,V2
576,576,M-UAV-01,M600,31.3108767,120.6039862,30.5,AVAILABLE,,
576,576,M-UAV-02,M600,31.3062683,120.6025389,30.5,CONTINGENCY,,
577,577,EVTOL-01,EC35,31.2993864,120.5957678,199.9,BUSY,M-P-001,V2
577,577,L-UAV-01,AMZN,31.3015878,120.5984272,100.0,BUSY,M-L-001,V2
577,577,M-UAV-01,M600,31.3108767,120.6039862,30.5,AVAILABLE,,
577,577,M-UAV-02,M600,31.3062683,120.6025389,30.5,CONTINGENCY,,
578,578,EVTOL-01,EC35,31.2990237,120.5957456,199.9,BUSY,M-P-001,V2
578,578,L-UAV-01,AMZN,31.3014685,120.5983518,100.0,BUSY,M-L-001,V2
578,578,M-UAV-01,M600,31.3108767,120.6039862,30.5,AVAILABLE,,
578,578,M-UAV-02,M600,31.3062683,120.6025389,30.5,CONTINGENCY,,
579,579,EVTOL-01,EC35,31.2986611,120.5957234,199.9,BUSY,M-P-001,V2
579,579,L-UAV-01,AMZN,31.3013493,120.5982763,100.0,BUSY,M-L-001,V2
579,579,M-UAV-01,M600,31.3108767,120.6039862,30.5,AVAILABLE,,
579,579,M-UAV-02,M600,31.3062683,120.6025389,30.5,CONTINGENCY,,
580,580,EVTOL-01,EC35,31.2982984,120.5957012,199.9,BUSY,M-P-001,V2
580,580,L-UAV-01,AMZN,31.3012301,120.5982009,100.0,BUSY,M-L-001,V2
580,580,M-UAV-01,M600,31.3108767,120.6039862,30.5,AVAILABLE,,
580,580,M-UAV-02,M600,31.3062683,120.6025389,30.5,CONTINGENCY,,
581,581,EVTOL-01,EC35,31.2979357,120.5956791,199.9,BUSY,M-P-001,V1
581,581,L-UAV-01,AMZN,31.3011109,120.5981254,100.0,BUSY,M-L-001,V2
581,581,M-UAV-01,M600,31.3108767,120.6039862,30.5,AVAILABLE,,
581,581,M-UAV-02,M600,31.3062683,120.6025389,30.5,CONTINGENCY,,
582,582,EVTOL-01,EC35,31.2975731,120.5957050,199.9,BUSY,M-P-001,V1
582,582,L-UAV-01,AMZN,31.3009916,120.5980499,100.0,BUSY,M-L-001,V2
582,582,M-UAV-01,M600,31.3108767,120.6039862,30.5,AVAILABLE,,
582,582,M-UAV-02,M600,31.3062683,120.6025389,30.5,CONTINGENCY,,
583,583,EVTOL-01,EC35,31.2972155,120.5957787,199.9,BUSY,M-P-001,V1
583,583,L-UAV-01,AMZN,31.3008724,120.5979745,100.0,BUSY,M-L-001,V2
583,583,M-UAV-01,M600,31.3108767,120.6039862,30.5,AVAILABLE,,
583,583,M-UAV-02,M600,31.3062683,120.6025389,30.5,CONTINGENCY,,
584,584,EVTOL-01,EC35,31.2968672,120.5958992,199.9,BUSY,M-P-001,V1
584,584,L-UAV-01,AMZN,31.3007532,120.5978990,100.0,BUSY,M-L-001,V2
584,584,M-UAV-01,M600,31.3108767,120.6039862,30.5,AVAILABLE,,
584,584,M-UAV-02,M600,31.3062683,120.6025389,30.5,CONTINGENCY,,
585,585,EVTOL-01,EC35,31.2965328,120.5960650,199.9,BUSY,M-P-001,V1
585,585,L-UAV-01,AMZN,31.3006339,120.5978236,100.0,BUSY,M-L-001,V2
585,585,M-UAV-01,M600,31.3108767,120.6039862,30.5,AVAILABLE,,
585,585,M-UAV-02,M600,31.3062683,120.6025389,30.5,CONTINGENCY,,
586,586,EVTOL-01,EC35,31.2962165,120.5962739,199.9,BUSY,M-P-001,V1
586,586,L-UAV-01,AMZN,31.3005147,120.5977481,100.0,BUSY,M-L-001,V2
586,586,M-UAV-01,M600,31.3108767,120.6039862,30.5,AVAILABLE,,
586,586,M-UAV-02,M600,31.3062683,120.6025389,30.5,CONTINGENCY,,
587,587,EVTOL-01,EC35,31.2959224,120.5965234,199.9,BUSY,M-P-001,V1
587,587,L-UAV-01,AMZN,31.3003955,120.5976726,100.0,BUSY,M-L-001,V2
587,587,M-UAV-01,M600,31.3108767,120.6039862,30.5,AVAILABLE,,
587,587,M-UAV-02,M600,31.3062683,120.6025389,30.5,CONTINGENCY,,
588,588,EVTOL-01,EC35,31.2956543,120.5968101,199.9,BUSY,M-P-001,V1
588,588,L-UAV-01,AMZN,31.3002762,120.5975972,100.0,BUSY,M-L-001,V2
588,588,M-UAV-01,M600,31.3108767,120.6039862,30.5,AVAILABLE,,
588,588,M-UAV-02,M600,31.3062683,120.6025389,30.5,CONTINGENCY,,
589,589,EVTOL-01,EC35,31.2954156,120.5971304,199.9,BUSY,M-P-001,V1
589,589,L-UAV-01,AMZN,31.3001570,120.5975217,100.0,BUSY,M-L-001,V2
589,589,M-UAV-01,M600,31.3108767,120.6039862,30.5,AVAILABLE,,
589,589,M-UAV-02,M600,31.3062683,120.6025389,30.5,CONTINGENCY,,
590,590,EVTOL-01,EC35,31.2952094,120.5974803,199.9,BUSY,M-P-001,V1
590,590,L-UAV-01,AMZN,31.3000378,120.5974463,100.0,BUSY,M-L-001,V2
590,590,M-UAV-01,M600,31.3108767,120.6039862,30.5,AVAILABLE,,
590,590,M-UAV-02,M600,31.3062683,120.6025389,30.5,CONTINGENCY,,
591,591,EVTOL-01,EC35,31.2950382,120.5978552,199.9,BUSY,M-P-001,V1
591,591,L-UAV-01,AMZN,31.2999186,120.5973708,100.0,BUSY,M-L-001,V2
591,591,M-UAV-01,M600,31.3108767,120.6039862,30.5,AVAILABLE,,
591,591,M-UAV-02,M600,31.3062683,120.6025389,30.5,CONTINGENCY,,
592,592,EVTOL-01,EC35,31.2949044,120.5982503,199.9,BUSY,M-P-001,V1
592,592,L-UAV-01,AMZN,31.2997993,120.5972953,100.0,BUSY,M-L-001,V2
592,592,M-UAV-01,M600,31.3108767,120.6039862,30.5,AVAILABLE,,
592,592,M-UAV-02,M600,31.3062683,120.6025389,30.5,CONTINGENCY,,
593,593,EVTOL-01,EC35,31.2948095,120.5986606,199.9,BUSY,M-P-001,V1
593,593,L-UAV-01,AMZN,31.2996801,120.5972199,100.0,BUSY,M-L-001,V2
593,593,M-UAV-01,M600,31.3108767,120.6039862,30.5,AVAILABLE,,
593,593,M-UAV-02,M600,31.3062683,120.6025389,30.5,CONTINGENCY,,
594,594,EVTOL-01,EC35,31.2947549,120.5990808,199.9,BUSY,M-P-001,V1
594,594,L-UAV-01,AMZN,31.2995609,120.5971444,100.0,BUSY,M-L-001,V2
594,594,M-UAV-01,M600,31.3108767,120.6039862,30.5,AVAILABLE,,
594,594,M-UAV-02,M600,31.3062683,120.6025389,30.5,CONTINGENCY,,
595,595,EVTOL-01,EC35,31.2947412,120.5995055,199.9,BUSY,M-P-001,V1
595,595,L-UAV-01,AMZN,31.2994416,120.5970690,100.0,BUSY,M-L-001,V2
595,595,M-UAV-01,M600,31.3108767,120.6039862,30.5,AVAILABLE,,
595,595,M-UAV-02,M600,31.3062683,120.6025389,30.5,CONTINGENCY,,
596,596,EVTOL-01,EC35,31.2947686,120.5999293,199.9,BUSY,M-P-001,V1
596,596,L-UAV-01,AMZN,31.2993224,120.5969935,100.0,BUSY,M-L-001,V2
596,596,M-UAV-01,M600,31.3108767,120.6039862,30.5,AVAILABLE,,
596,596,M-UAV-02,M600,31.3062683,120.6025389,30.5,CONTINGENCY,,
597,597,EVTOL-01,EC35,31.2948367,120.6003468,199.9,BUSY,M-P-001,V1
597,597,L-UAV-01,AMZN,31.2992032,120.5969181,100.0,BUSY,M-L-001,V2
597,597,M-UAV-01,M600,31.3108767,120.6039862,30.5,AVAILABLE,,
597,597,M-UAV-02,M600,31.3062683,120.6025389,30.5,CONTINGENCY,,
598,598,EVTOL-01,EC35,31.2949447,120.6007526,199.9,BUSY,M-P-001,V1
598,598,L-UAV-01,AMZN,31.2990839,120.5968426,100.0,BUSY,M-L-001,V2
598,598,M-UAV-01,M600,31.3108767,120.6039862,30.5,AVAILABLE,,
598,598,M-UAV-02,M600,31.3062683,120.6025389,30.5,CONTINGENCY,,
599,599,EVTOL-01,EC35,31.2950912,120.6011415,199.9,BUSY,M-P-001,V1
599,599,L-UAV-01,AMZN,31.2989647,120.5967671,100.0,BUSY,M-L-001,V2
599,599,M-UAV-01,M600,31.3108767,120.6039862,30.5,AVAILABLE,,
599,599,M-UAV-02,M600,31.3062683,120.6025389,30.5,CONTINGENCY,,
600,600,EVTOL-01,EC35,31.2952743,120.6015086,199.9,BUSY,M-P-001,V1
600,600,L-UAV-01,AMZN,31.2988455,120.5966917,100.0,BUSY,M-L-001,V2
600,600,M-UAV-01,M600,31.3108767,120.6039862,30.5,AVAILABLE,,
600,600,M-UAV-02,M600,31.3062683,120.6025389,30.5,CONTINGENCY,,
601,601,EVTOL-01,EC35,31.2954917,120.6018491,199.9,BUSY,M-P-001,V1
601,601,L-UAV-01,AMZN,31.2987263,120.5966162,100.0,BUSY,M-L-001,V2
601,601,M-UAV-01,M600,31.3108767,120.6039862,30.5,AVAILABLE,,
601,601,M-UAV-02,M600,31.3062683,120.6025389,30.5,CONTINGENCY,,
602,602,EVTOL-01,EC35,31.2957406,120.6021587,199.9,BUSY,M-P-001,V1
602,602,L-UAV-01,AMZN,31.2986070,120.5965408,100.0,BUSY,M-L-001,V2
602,602,M-UAV-01,M600,31.3108767,120.6039862,30.5,AVAILABLE,,
602,602,M-UAV-02,M600,31.3062683,120.6025389,30.5,CONTINGENCY,,
603,603,EVTOL-01,EC35,31.2960177,120.6024333,199.9,BUSY,M-P-001,V1
603,603,L-UAV-01,AMZN,31.2984878,120.5964653,100.0,BUSY,M-L-001,V2
603,603,M-UAV-01,M600,31.3108767,120.6039862,30.5,AVAILABLE,,
603,603,M-UAV-02,M600,31.3062683,120.6025389,30.5,CONTINGENCY,,
604,604,EVTOL-01,EC35,31.2963196,120.6026696,199.9,BUSY,M-P-001,V1
604,604,L-UAV-01,AMZN,31.2983686,120.5963899,100.0,BUSY,M-L-001,V2
604,604,M-UAV-01,M600,31.3108767,120.6039862,30.5,AVAILABLE,,
604,604,M-UAV-02,M600,31.3062683,120.6025389,30.5,CONTINGENCY,,
605,605,EVTOL-01,EC35,31.2966424,120.6028645,199.9,BUSY,M-P-001,V1
605,605,L-UAV-01,AMZN,31.2982493,120.5963144,100.0,BUSY,M-L-001,V2
605,605,M-UAV-01,M600,31.3108767,120.6039862,30.5,AVAILABLE,,
605,605,M-UAV-02,M600,31.3062683,120.6025389,30.5,CONTINGENCY,,
606,606,EVTOL-01,EC35,31.2969819,120.6030154,199.9,BUSY,M-P-001,V1
606,606,L-UAV-01,AMZN,31.2981301,120.5962389,100.0,BUSY,M-L-001,V2
606,606,M-UAV-01,M600,31.3108767,120.6039862,30.5,AVAILABLE,,
606,606,M-UAV-02,M600,31.3062683,120.6025389,30.5,CONTINGENCY,,
607,607,EVTOL-01,EC35,31.2973339,120.6031204,199.9,BUSY,M-P-001,V1
607,607,L-UAV-01,AMZN,31.2980109,120.5961635,100.0,BUSY,M-L-001,V2
607,607,M-UAV-01,M600,31.3108767,120.6039862,30.5,AVAILABLE,,
607,607,M-UAV-02,M600,31.3062683,120.6025389,30.5,CONTINGENCY,,
608,608,EVTOL-01,EC35,31.2976937,120.6031783,199.9,BUSY,M-P-001,V1
608,608,L-UAV-01,AMZN,31.2978916,120.5960880,100.0,BUSY,M-L-001,V3
608,608,M-UAV-01,M600,31.3108767,120.6039862,30.5,AVAILABLE,,
608,608,M-UAV-02,M600,31.3062683,120.6025389,30.5,CONTINGENCY,,
609,609,EVTOL-01,EC35,31.2980564,120.6032005,199.9,BUSY,M-P-001,V1
609,609,L-UAV-01,AMZN,31.2977586,120.5960577,100.0,BUSY,M-L-001,V3
609,609,M-UAV-01,M600,31.3108767,120.6039862,30.5,AVAILABLE,,
609,609,M-UAV-02,M600,31.3062683,120.6025389,30.5,CONTINGENCY,,
610,610,EVTOL-01,EC35,31.2984191,120.6032227,199.9,BUSY,M-P-001,V1
610,610,L-UAV-01,AMZN,31.2976239,120.5960753,100.0,BUSY,M-L-001,V3
610,610,M-UAV-01,M600,31.3108767,120.6039862,30.5,AVAILABLE,,
610,610,M-UAV-02,M600,31.3062683,120.6025389,30.5,CONTINGENCY,,
611,611,EVTOL-01,EC35,31.2987818,120.6032449,199.9,BUSY,M-P-001,V1
611,611,L-UAV-01,AMZN,31.2974998,120.5961392,100.0,BUSY,M-L-001,V3
611,611,M-UAV-01,M600,31.3108767,120.6039862,30.5,AVAILABLE,,
611,611,M-UAV-02,M600,31.3062683,120.6025389,30.5,CONTINGENCY,,
612,612,EVTOL-01,EC35,31.2991444,120.6032672,199.9,BUSY,M-P-001,V1
612,612,L-UAV-01,AMZN,31.2973977,120.5962435,100.0,BUSY,M-L-001,V3
612,612,M-UAV-01,M600,31.3108767,120.6039862,30.5,AVAILABLE,,
612,612,M-UAV-02,M600,31.3062683,120.6025389,30.5,CONTINGENCY,,
613,613,EVTOL-01,EC35,31.2995071,120.6032894,199.9,BUSY,M-P-001,V1
613,613,L-UAV-01,AMZN,31.2973269,120.5963788,100.0,BUSY,M-L-001,V3
613,613,M-UAV-01,M600,31.3108767,120.6039862,30.5,AVAILABLE,,
613,613,M-UAV-02,M600,31.3062683,120.6025389,30.5,CONTINGENCY,,
614,614,EVTOL-01,EC35,31.2998698,120.6033116,199.9,BUSY,M-P-001,V1
614,614,L-UAV-01,AMZN,31.2972939,120.5965327,100.0,BUSY,M-L-001,V3
614,614,M-UAV-01,M600,31.3108767,120.6039862,30.5,AVAILABLE,,
614,614,M-UAV-02,M600,31.3062683,120.6025389,30.5,CONTINGENCY,,
615,615,EVTOL-01,EC35,31.3002325,120.6033338,199.9,BUSY,M-P-001,V1
615,615,L-UAV-01,AMZN,31.2973017,120.5966910,100.0,BUSY,M-L-001,V3
615,615,M-UAV-01,M600,31.3108767,120.6039862,30.5,AVAILABLE,,
615,615,M-UAV-02,M600,31.3062683,120.6025389,30.5,CONTINGENCY,,
616,616,EVTOL-01,EC35,31.3005952,120.6033561,199.9,BUSY,M-P-001,V1
616,616,L-UAV-01,AMZN,31.2973495,120.5968394,100.0,BUSY,M-L-001,V3
616,616,M-UAV-01,M600,31.3108767,120.6039862,30.5,AVAILABLE,,
616,616,M-UAV-02,M600,31.3062683,120.6025389,30.5,CONTINGENCY,,
617,617,EVTOL-01,EC35,31.3009579,120.6033783,199.9,BUSY,M-P-001,V1
617,617,L-UAV-01,AMZN,31.2974330,120.5969644,100.0,BUSY,M-L-001,V3
617,617,M-UAV-01,M600,31.3108767,120.6039862,30.5,AVAILABLE,,
617,617,M-UAV-02,M600,31.3062683,120.6025389,30.5,CONTINGENCY,,
618,618,EVTOL-01,EC35,31.3013206,120.6034005,199.9,BUSY,M-P-001,V1
618,618,L-UAV-01,AMZN,31.2975447,120.5970544,100.0,BUSY,M-L-001,V3
618,618,M-UAV-01,M600,31.3108767,120.6039862,30.5,AVAILABLE,,
618,618,M-UAV-02,M600,31.3062683,120.6025389,30.5,CONTINGENCY,,
619,619,EVTOL-01,EC35,31.3016833,120.6034227,199.9,BUSY,M-P-001,V1
619,619,L-UAV-01,AMZN,31.2976639,120.5971298,100.0,BUSY,M-L-001,V3
619,619,M-UAV-01,M600,31.3108767,120.6039862,30.5,AVAILABLE,,
619,619,M-UAV-02,M600,31.3062683,120.6025389,30.5,CONTINGENCY,,
620,620,EVTOL-01,EC35,31.3020460,120.6034450,199.9,BUSY,M-P-001,V1
620,620,L-UAV-01,AMZN,31.2977831,120.5972053,100.0,BUSY,M-L-001,V3
620,620,M-UAV-01,M600,31.3108767,120.6039862,30.5,AVAILABLE,,
620,620,M-UAV-02,M600,31.3062683,120.6025389,30.5,CONTINGENCY,,
621,621,EVTOL-01,EC35,31.3024087,120.6034672,199.9,BUSY,M-P-001,V1
621,621,L-UAV-01,AMZN,31.2979024,120.5972807,100.0,BUSY,M-L-001,V3
621,621,M-UAV-01,M600,31.3108767,120.6039862,30.5,AVAILABLE,,
621,621,M-UAV-02,M600,31.3062683,120.6025389,30.5,CONTINGENCY,,
622,622,EVTOL-01,EC35,31.3027714,120.6034894,199.9,BUSY,M-P-001,V1
622,622,L-UAV-01,AMZN,31.2980216,120.5973562,100.0,BUSY,M-L-001,V3
622,622,M-UAV-01,M600,31.3108767,120.6039862,30.5,AVAILABLE,,
622,622,M-UAV-02,M600,31.3062683,120.6025389,30.5,CONTINGENCY,,
623,623,EVTOL-01,EC35,31.3031341,120.6035116,199.9,BUSY,M-P-001,V1
623,623,L-UAV-01,AMZN,31.2981408,120.5974317,100.0,BUSY,M-L-001,V3
623,623,M-UAV-01,M600,31.3108767,120.6039862,30.5,AVAILABLE,,
623,623,M-UAV-02,M600,31.3062683,120.6025389,30.5,CONTINGENCY,,
624,624,EVTOL-01,EC35,31.3034968,120.6035339,199.9,BUSY,M-P-001,V1
624,624,L-UAV-01,AMZN,31.2982600,120.5975071,100.0,BUSY,M-L-001,V3
624,624,M-UAV-01,M600,31.3108767,120.6039862,30.5,AVAILABLE,,
624,624,M-UAV-02,M600,31.3062683,120.6025389,30.5,CONTINGENCY,,
625,625,EVTOL-01,EC35,31.3038595,120.6035561,199.9,BUSY,M-P-001,V1
625,625,L-UAV-01,AMZN,31.2983793,120.5975826,100.0,BUSY,M-L-001,V3
625,625,M-UAV-01,M600,31.3108767,120.6039862,30.5,AVAILABLE,,
625,625,M-UAV-02,M600,31.3062683,120.6025389,30.5,CONTINGENCY,,
626,626,EVTOL-01,EC35,31.3042222,120.6035783,199.9,BUSY,M-P-001,V1
626,626,L-UAV-01,AMZN,31.2984985,120.5976580,100.0,BUSY,M-L-001,V3
626,626,M-UAV-01,M600,31.3108767,120.6039862,30.5,AVAILABLE,,
626,626,M-UAV-02,M600,31.3062683,120.6025389,30.5,CONTINGENCY,,
627,627,EVTOL-01,EC35,31.3045848,120.6036005,199.9,BUSY,M-P-001,V1
627,627,L-UAV-01,AMZN,31.2986177,120.5977335,100.0,BUSY,M-L-001,V3
627,627,M-UAV-01,M600,31.3108767,120.6039862,30.5,AVAILABLE,,
627,627,M-UAV-02,M600,31.3062683,120.6025389,30.5,CONTINGENCY,,
628,628,EVTOL-01,EC35,31.3049475,120.6036228,199.9,BUSY,M-P-001,V1
628,628,L-UAV-01,AMZN,31.2987370,120.5978089,100.0,BUSY,M-L-001,V3
628,628,M-UAV-01,M600,31.3108767,120.6039862,30.5,AVAILABLE,,
628,628,M-UAV-02,M600,31.3062683,120.6025389,30.5,CONTINGENCY,,
629,629,EVTOL-01,EC35,31.3053102,120.6036450,199.9,BUSY,M-P-001,V1
629,629,L-UAV-01,AMZN,31.2988562,120.5978844,100.0,BUSY,M-L-001,V3
629,629,M-UAV-01,M600,31.3108767,120.6039862,30.5,AVAILABLE,,
629,629,M-UAV-02,M600,31.3062683,120.6025389,30.5,CONTINGENCY,,
630,630,EVTOL-01,EC35,31.3056729,120.6036672,199.9,BUSY,M-P-001,V1
630,630,L-UAV-01,AMZN,31.2989754,120.5979599,100.0,BUSY,M-L-001,V3
630,630,M-UAV-01,M600,31.3108767,120.6039862,30.5,AVAILABLE,,
630,630,M-UAV-02,M600,31.3062683,120.6025389,30.5,CONTINGENCY,,
631,631,EVTOL-01,EC35,31.3060356,120.6036895,199.9,BUSY,M-P-001,V1
631,631,L-UAV-01,AMZN,31.2990947,120.5980353,100.0,BUSY,M-L-001,V3
631,631,M-UAV-01,M600,31.3108767,120.6039862,30.5,AVAILABLE,,
631,631,M-UAV-02,M600,31.3062683,120.6025389,30.5,CONTINGENCY,,
632,632,EVTOL-01,EC35,31.3063983,120.6037117,199.9,BUSY,M-P-001,V1
632,632,L-UAV-01,AMZN,31.2992139,120.5981108,100.0,BUSY,M-L-001,V3
632,632,M-UAV-01,M600,31.3108767,120.6039862,30.5,AVAILABLE,,
632,632,M-UAV-02,M600,31.3062683,120.6025389,30.5,CONTINGENCY,,
633,633,EVTOL-01,EC35,31.3067610,120.6037339,199.9,BUSY,M-P-001,V1
633,633,L-UAV-01,AMZN,31.2993331,120.5981862,100.0,BUSY,M-L-001,V3
633,633,M-UAV-01,M600,31.3108767,120.6039862,30.5,AVAILABLE,,
633,633,M-UAV-02,M600,31.3062683,120.6025389,30.5,CONTINGENCY,,
634,634,EVTOL-01,EC35,31.3071237,120.6037561,199.9,BUSY,M-P-001,V1
634,634,L-UAV-01,AMZN,31.2994523,120.5982617,100.0,BUSY,M-L-001,V3
634,634,M-UAV-01,M600,31.3108767,120.6039862,30.5,AVAILABLE,,
634,634,M-UAV-02,M600,31.3062683,120.6025389,30.5,CONTINGENCY,,
635,635,EVTOL-01,EC35,31.3074864,120.6037784,199.9,BUSY,M-P-001,V1
635,635,L-UAV-01,AMZN,31.2995716,120.5983372,100.0,BUSY,M-L-001,V3
635,635,M-UAV-01,M600,31.3108767,120.6039862,30.5,AVAILABLE,,
635,635,M-UAV-02,M600,31.3062683,120.6025389,30.5,CONTINGENCY,,
636,636,EVTOL-01,EC35,31.3078491,120.6038006,199.9,BUSY,M-P-001,V1
636,636,L-UAV-01,AMZN,31.2996908,120.5984126,100.0,BUSY,M-L-001,V3
636,636,M-UAV-01,M600,31.3108767,120.6039862,30.5,AVAILABLE,,
636,636,M-UAV-02,M600,31.3062683,120.6025389,30.5,CONTINGENCY,,
637,637,EVTOL-01,EC35,31.3082118,120.6038228,199.9,BUSY,M-P-001,V1
637,637,L-UAV-01,AMZN,31.2998100,120.5984881,100.0,BUSY,M-L-001,V3
637,637,M-UAV-01,M600,31.3108767,120.6039862,30.5,AVAILABLE,,
637,637,M-UAV-02,M600,31.3062683,120.6025389,30.5,CONTINGENCY,,
638,638,EVTOL-01,EC35,31.3085745,120.6038450,199.9,BUSY,M-P-001,V1
638,638,L-UAV-01,AMZN,31.2999293,120.5985635,100.0,BUSY,M-L-001,V3
638,638,M-UAV-01,M600,31.3108767,120.6039862,30.5,AVAILABLE,,
638,638,M-UAV-02,M600,31.3062683,120.6025389,30.5,CONTINGENCY,,
639,639,EVTOL-01,EC35,31.3089372,120.6038673,199.9,BUSY,M-P-001,V1
639,639,L-UAV-01,AMZN,31.3000485,120.5986390,100.0,BUSY,M-L-001,V3
639,639,M-UAV-01,M600,31.3108767,120.6039862,30.5,AVAILABLE,,
639,639,M-UAV-02,M600,31.3062683,120.6025389,30.5,CONTINGENCY,,
640,640,EVTOL-01,EC35,31.3092999,120.6038895,199.9,BUSY,M-P-001,V1
640,640,L-UAV-01,AMZN,31.3001677,120.5987145,100.0,BUSY,M-L-001,V3
640,640,M-UAV-01,M600,31.3108767,120.6039862,30.5,AVAILABLE,,
640,640,M-UAV-02,M600,31.3062683,120.6025389,30.5,CONTINGENCY,,
641,641,EVTOL-01,EC35,31.3096626,120.6039117,199.9,BUSY,M-P-001,V1
641,641,L-UAV-01,AMZN,31.3002869,120.5987899,100.0,BUSY,M-L-001,V3
641,641,M-UAV-01,M600,31.3108767,120.6039862,30.5,AVAILABLE,,
641,641,M-UAV-02,M600,31.3062683,120.6025389,30.5,CONTINGENCY,,
642,642,EVTOL-01,EC35,31.3100253,120.6039340,199.9,BUSY,M-P-001,V2
642,642,L-UAV-01,AMZN,31.3004062,120.5988654,100.0,BUSY,M-L-001,V3
642,642,M-UAV-01,M600,31.3108767,120.6039862,30.5,AVAILABLE,,
642,642,M-UAV-02,M600,31.3062683,120.6025389,30.5,CONTINGENCY,,
643,643,EVTOL-01,EC35,31.3103878,120.6039081,199.9,BUSY,M-P-001,V2
643,643,L-UAV-01,AMZN,31.3005254,120.5989408,100.0,BUSY,M-L-001,V3
643,643,M-UAV-01,M600,31.3108767,120.6039862,30.5,AVAILABLE,,
643,643,M-UAV-02,M600,31.3062683,120.6025389,30.5,CONTINGENCY,,
644,644,EVTOL-01,EC35,31.3107455,120.6038344,199.9,BUSY,M-P-001,V2
644,644,L-UAV-01,AMZN,31.3006446,120.5990163,100.0,BUSY,M-L-001,V3
644,644,M-UAV-01,M600,31.3108767,120.6039862,30.5,AVAILABLE,,
644,644,M-UAV-02,M600,31.3062683,120.6025389,30.5,CONTINGENCY,,
645,645,EVTOL-01,EC35,31.3110938,120.6037139,199.9,BUSY,M-P-001,V2
645,645,L-UAV-01,AMZN,31.3007639,120.5990918,100.0,BUSY,M-L-001,V3
645,645,M-UAV-01,M600,31.3108767,120.6039862,30.5,AVAILABLE,,
645,645,M-UAV-02,M600,31.3062683,120.6025389,30.5,CONTINGENCY,,
646,646,EVTOL-01,EC35,31.3114282,120.6035482,199.9,BUSY,M-P-001,V2
646,646,L-UAV-01,AMZN,31.3008831,120.5991672,100.0,BUSY,M-L-001,V3
646,646,M-UAV-01,M600,31.3108767,120.6039862,30.5,AVAILABLE,,
646,646,M-UAV-02,M600,31.3062683,120.6025389,30.5,CONTINGENCY,,
647,647,EVTOL-01,EC35,31.3117445,120.6033392,199.9,BUSY,M-P-001,V2
647,647,L-UAV-01,AMZN,31.3010023,120.5992427,100.0,BUSY,M-L-001,V3
647,647,M-UAV-01,M600,31.3108767,120.6039862,30.5,AVAILABLE,,
647,647,M-UAV-02,M600,31.3062683,120.6025389,30.5,CONTINGENCY,,
648,648,EVTOL-01,EC35,31.3120386,120.6030898,199.9,BUSY,M-P-001,V2
648,648,L-UAV-01,AMZN,31.3011216,120.5993182,100.0,BUSY,M-L-001,V3
648,648,M-UAV-01,M600,31.3108767,120.6039862,30.5,AVAILABLE,,
648,648,M-UAV-02,M600,31.3062683,120.6025389,30.5,CONTINGENCY,,
649,649,EVTOL-01,EC35,31.3123067,120.6028030,199.9,BUSY,M-P-001,V2
649,649,L-UAV-01,AMZN,31.3012408,120.5993936,100.0,BUSY,M-L-001,V3
649,649,M-UAV-01,M600,31.3108767,120.6039862,30.5,AVAILABLE,,
649,649,M-UAV-02,M600,31.3062683,120.6025389,30.5,CONTINGENCY,,
650,650,EVTOL-01,EC35,31.3125454,120.6024826,199.9,BUSY,M-P-001,V2
650,650,L-UAV-01,AMZN,31.3013600,120.5994691,100.0,BUSY,M-L-001,V3
650,650,M-UAV-01,M600,31.3108767,120.6039862,30.5,AVAILABLE,,
650,650,M-UAV-02,M600,31.3062683,120.6025389,30.5,CONTINGENCY,,
651,651,EVTOL-01,EC35,31.3127517,120.6021327,199.9,BUSY,M-P-001,V2
651,651,L-UAV-01,AMZN,31.3014792,120.5995445,100.0,BUSY,M-L-001,V3
651,651,M-UAV-01,M600,31.3108767,120.6039862,30.5,AVAILABLE,,
651,651,M-UAV-02,M600,31.3062683,120.6025389,30.5,CONTINGENCY,,
652,652,EVTOL-01,EC35,31.3129229,120.6017578,199.9,BUSY,M-P-001,V2
652,652,L-UAV-01,AMZN,31.3015985,120.5996200,100.0,BUSY,M-L-001,V3
652,652,M-UAV-01,M600,31.3108767,120.6039862,30.5,AVAILABLE,,
652,652,M-UAV-02,M600,31.3062683,120.6025389,30.5,CONTINGENCY,,
653,653,EVTOL-01,EC35,31.3130568,120.6013626,199.9,BUSY,M-P-001,V2
653,653,L-UAV-01,AMZN,31.3017177,120.5996955,100.0,BUSY,M-L-001,V3
653,653,M-UAV-01,M600,31.3108767,120.6039862,30.5,AVAILABLE,,
653,653,M-UAV-02,M600,31.3062683,120.6025389,30.5,CONTINGENCY,,
654,654,EVTOL-01,EC35,31.3131516,120.6009523,199.9,BUSY,M-P-001,V2
654,654,L-UAV-01,AMZN,31.3018369,120.5997709,100.0,BUSY,M-L-001,V3
654,654,M-UAV-01,M600,31.3108767,120.6039862,30.5,AVAILABLE,,
654,654,M-UAV-02,M600,31.3062683,120.6025389,30.5,CONTINGENCY,,
655,655,EVTOL-01,EC35,31.3132063,120.6005320,199.9,BUSY,M-P-001,V2
655,655,L-UAV-01,AMZN,31.3019562,120.5998464,100.0,BUSY,M-L-001,V3
655,655,M-UAV-01,M600,31.3108767,120.6039862,30.5,AVAILABLE,,
655,655,M-UAV-02,M600,31.3062683,120.6025389,30.5,CONTINGENCY,,
656,656,EVTOL-01,EC35,31.3132201,120.6001072,199.9,BUSY,M-P-001,V2
656,656,L-UAV-01,AMZN,31.3020754,120.5999219,100.0,BUSY,M-L-001,V3
656,656,M-UAV-01,M600,31.3108767,120.6039862,30.5,AVAILABLE,,
656,656,M-UAV-02,M600,31.3062683,120.6025389,30.5,CONTINGENCY,,
657,657,EVTOL-01,EC35,31.3131927,120.5996833,199.9,BUSY,M-P-001,V2
657,657,L-UAV-01,AMZN,31.3021946,120.5999973,100.0,BUSY,M-L-001,V3
657,657,M-UAV-01,M600,31.3108767,120.6039862,30.5,AVAILABLE,,
657,657,M-UAV-02,M600,31.3062683,120.6025389,30.5,CONTINGENCY,,
658,658,EVTOL-01,EC35,31.3131246,120.5992657,199.9,BUSY,M-P-001,V2
658,658,L-UAV-01,AMZN,31.3023138,120.6000728,100.0,BUSY,M-L-001,V3
658,658,M-UAV-01,M600,31.3108767,120.6039862,30.5,AVAILABLE,,
658,658,M-UAV-02,M600,31.3062683,120.6025389,30.5,CONTINGENCY,,
659,659,EVTOL-01,EC35,31.3130166,120.5988598,199.9,BUSY,M-P-001,V2
659,659,L-UAV-01,AMZN,31.3024331,120.6001483,100.0,BUSY,M-L-001,V3
659,659,M-UAV-01,M600,31.3108767,120.6039862,30.5,AVAILABLE,,
659,659,M-UAV-02,M600,31.3062683,120.6025389,30.5,CONTINGENCY,,
660,660,EVTOL-01,EC35,31.3128702,120.5984708,199.9,BUSY,M-P-001,V2
660,660,L-UAV-01,AMZN,31.3025523,120.6002237,100.0,BUSY,M-L-001,V3
660,660,M-UAV-01,M600,31.3108767,120.6039862,30.5,AVAILABLE,,
660,660,M-UAV-02,M600,31.3062683,120.6025389,30.5,CONTINGENCY,,
661,661,EVTOL-01,EC35,31.3126871,120.5981037,199.9,BUSY,M-P-001,V2
661,661,L-UAV-01,AMZN,31.3026715,120.6002992,100.0,BUSY,M-L-001,V3
661,661,M-UAV-01,M600,31.3108767,120.6039862,30.5,AVAILABLE,,
661,661,M-UAV-02,M600,31.3062683,120.6025389,30.5,CONTINGENCY,,
662,662,EVTOL-01,EC35,31.3124697,120.5977631,199.9,BUSY,M-P-001,V2
662,662,L-UAV-01,AMZN,31.3027908,120.6003746,100.0,BUSY,M-L-001,V3
662,662,M-UAV-01,M600,31.3108767,120.6039862,30.5,AVAILABLE,,
662,662,M-UAV-02,M600,31.3062683,120.6025389,30.5,CONTINGENCY,,
663,663,EVTOL-01,EC35,31.3122209,120.5974534,199.9,BUSY,M-P-001,V2
663,663,L-UAV-01,AMZN,31.3029100,120.6004501,100.0,BUSY,M-L-001,V3
663,663,M-UAV-01,M600,31.3108767,120.6039862,30.5,AVAILABLE,,
663,663,M-UAV-02,M600,31.3062683,120.6025389,30.5,CONTINGENCY,,
664,664,EVTOL-01,EC35,31.3119438,120.5971787,199.9,BUSY,M-P-001,V2
664,664,L-UAV-01,AMZN,31.3030292,120.6005256,100.0,BUSY,M-L-001,V3
664,664,M-UAV-01,M600,31.3108767,120.6039862,30.5,AVAILABLE,,
664,664,M-UAV-02,M600,31.3062683,120.6025389,30.5,CONTINGENCY,,
665,665,EVTOL-01,EC35,31.3116419,120.5969423,199.9,BUSY,M-P-001,V2
665,665,L-UAV-01,AMZN,31.3031484,120.6006010,100.0,BUSY,M-L-001,V3
665,665,M-UAV-01,M600,31.3108767,120.6039862,30.5,AVAILABLE,,
665,665,M-UAV-02,M600,31.3062683,120.6025389,30.5,CONTINGENCY,,
666,666,EVTOL-01,EC35,31.3113191,120.5967474,199.9,BUSY,M-P-001,V2
666,666,L-UAV-01,AMZN,31.3032677,120.6006765,100.0,BUSY,M-L-001,V3
666,666,M-UAV-01,M600,31.3108767,120.6039862,30.5,AVAILABLE,,
666,666,M-UAV-02,M600,31.3062683,120.6025389,30.5,CONTINGENCY,,
667,667,EVTOL-01,EC35,31.3109796,120.5965964,199.9,BUSY,M-P-001,V2
667,667,L-UAV-01,AMZN,31.3033869,120.6007520,100.0,BUSY,M-L-001,V3
667,667,M-UAV-01,M600,31.3108767,120.6039862,30.5,AVAILABLE,,
667,667,M-UAV-02,M600,31.3062683,120.6025389,30.5,CONTINGENCY,,
668,668,EVTOL-01,EC35,31.3106277,120.5964913,199.9,BUSY,M-P-001,V2
668,668,L-UAV-01,AMZN,31.3035061,120.6008274,100.0,BUSY,M-L-001,V3
668,668,M-UAV-01,M600,31.3108767,120.6039862,30.5,AVAILABLE,,
668,668,M-UAV-02,M600,31.3062683,120.6025389,30.5,CONTINGENCY,,
669,669,EVTOL-01,EC35,31.3102679,120.5964334,199.9,BUSY,M-P-001,V2
669,669,L-UAV-01,AMZN,31.3036253,120.6009029,100.0,BUSY,M-L-001,V3
669,669,M-UAV-01,M600,31.3108767,120.6039862,30.5,AVAILABLE,,
669,669,M-UAV-02,M600,31.3062683,120.6025389,30.5,CONTINGENCY,,
670,670,EVTOL-01,EC35,31.3099052,120.5964112,199.9,BUSY,M-P-001,V2
670,670,L-UAV-01,AMZN,31.3037446,120.6009784,100.0,BUSY,M-L-001,V3
670,670,M-UAV-01,M600,31.3108767,120.6039862,30.5,AVAILABLE,,
670,670,M-UAV-02,M600,31.3062683,120.6025389,30.5,CONTINGENCY,,
671,671,EVTOL-01,EC35,31.3095425,120.5963891,199.9,BUSY,M-P-001,V2
671,671,L-UAV-01,AMZN,31.3038638,120.6010538,100.0,BUSY,M-L-001,V3
671,671,M-UAV-01,M600,31.3108767,120.6039862,30.5,AVAILABLE,,
671,671,M-UAV-02,M600,31.3062683,120.6025389,30.5,CONTINGENCY,,
672,672,EVTOL-01,EC35,31.3091798,120.5963669,199.9,BUSY,M-P-001,V2
672,672,L-UAV-01,AMZN,31.3039830,120.6011293,100.0,BUSY,M-L-001,V3
672,672,M-UAV-01,M600,31.3108767,120.6039862,30.5,AVAILABLE,,
672,672,M-UAV-02,M600,31.3062683,120.6025389,30.5,CONTINGENCY,,
673,673,EVTOL-01,EC35,31.3088171,120.5963447,199.9,BUSY,M-P-001,V2
673,673,L-UAV-01,AMZN,31.3041023,120.6012048,100.0,BUSY,M-L-001,V3
673,673,M-UAV-01,M600,31.3108767,120.6039862,30.5,AVAILABLE,,
673,673,M-UAV-02,M600,31.3062683,120.6025389,30.5,CONTINGENCY,,
674,674,EVTOL-01,EC35,31.3084544,120.5963225,199.9,BUSY,M-P-001,V2
674,674,L-UAV-01,AMZN,31.3042215,120.6012802,100.0,BUSY,M-L-001,V3
674,674,M-UAV-01,M600,31.3108767,120.6039862,30.5,AVAILABLE,,
674,674,M-UAV-02,M600,31.3062683,120.6025389,30.5,CONTINGENCY,,
675,675,EVTOL-01,EC35,31.3080917,120.5963003,199.9,BUSY,M-P-001,V2
675,675,L-UAV-01,AMZN,31.3043407,120.6013557,100.0,BUSY,M-L-001,V3
675,675,M-UAV-01,M600,31.3108767,120.6039862,30.5,AVAILABLE,,
675,675,M-UAV-02,M600,31.3062683,120.6025389,30.5,CONTINGENCY,,
676,676,EVTOL-01,EC35,31.3077290,120.5962781,199.9,BUSY,M-P-001,V2
676,676,L-UAV-01,AMZN,31.3044599,120.6014312,100.0,BUSY,M-L-001,V3
676,676,M-UAV-01,M600,31.3108767,120.6039862,30.5,AVAILABLE,,
676,676,M-UAV-02,M600,31.3062683,120.6025389,30.5,CONTINGENCY,,
677,677,EVTOL-01,EC35,31.3073663,120.5962559,199.9,BUSY,M-P-001,V2
677,677,L-UAV-01,AMZN,31.3045792,120.6015066,100.0,BUSY,M-L-001,V3
677,677,M-UAV-01,M600,31.3108767,120.6039862,30.5,AVAILABLE,,
677,677,M-UAV-02,M600,31.3062683,120.6025389,30.5,CONTINGENCY,,
678,678,EVTOL-01,EC35,31.3070036,120.5962337,199.9,BUSY,M-P-001,V2
678,678,L-UAV-01,AMZN,31.3046984,120.6015821,100.0,BUSY,M-L-001,V3
678,678,M-UAV-01,M600,31.3108767,120.6039862,30.5,AVAILABLE,,
678,678,M-UAV-02,M600,31.3062683,120.6025389,30.5,CONTINGENCY,,
679,679,EVTOL-01,EC35,31.3066409,120.5962116,199.9,BUSY,M-P-001,V2
679,679,L-UAV-01,AMZN,31.3048176,120.6016576,100.0,BUSY,M-L-001,V3
679,679,M-UAV-01,M600,31.3108767,120.6039862,30.5,AVAILABLE,,
679,679,M-UAV-02,M600,31.3062683,120.6025389,30.5,CONTINGENCY,,
680,680,EVTOL-01,EC35,31.3062782,120.5961894,199.9,BUSY,M-P-001,V2
680,680,L-UAV-01,AMZN,31.3049369,120.6017330,100.0,BUSY,M-L-001,V3
680,680,M-UAV-01,M600,31.3108767,120.6039862,30.5,AVAILABLE,,
680,680,M-UAV-02,M600,31.3062683,120.6025389,30.5,CONTINGENCY,,
681,681,EVTOL-01,EC35,31.3059156,120.5961672,199.9,BUSY,M-P-001,V2
681,681,L-UAV-01,AMZN,31.3050561,120.6018085,100.0,BUSY,M-L-001,V3
681,681,M-UAV-01,M600,31.3108767,120.6039862,30.5,AVAILABLE,,
681,681,M-UAV-02,M600,31.3062683,120.6025389,30.5,CONTINGENCY,,
682,682,EVTOL-01,EC35,31.3055529,120.5961450,199.9,BUSY,M-P-001,V2
682,682,L-UAV-01,AMZN,31.3051753,120.6018840,100.0,BUSY,M-L-001,V3
682,682,M-UAV-01,M600,31.3108767,120.6039862,30.5,AVAILABLE,,
682,682,M-UAV-02,M600,31.3062683,120.6025389,30.5,CONTINGENCY,,
683,683,EVTOL-01,EC35,31.3051902,120.5961228,199.9,BUSY,M-P-001,V2
683,683,L-UAV-01,AMZN,31.3052945,120.6019595,100.0,BUSY,M-L-001,V3
683,683,M-UAV-01,M600,31.3108767,120.6039862,30.5,AVAILABLE,,
683,683,M-UAV-02,M600,31.3062683,120.6025389,30.5,CONTINGENCY,,
684,684,EVTOL-01,EC35,31.3048275,120.5961006,199.9,BUSY,M-P-001,V2
684,684,L-UAV-01,AMZN,31.3054138,120.6020349,100.0,BUSY,M-L-001,V3
684,684,M-UAV-01,M600,31.3108767,120.6039862,30.5,AVAILABLE,,
684,684,M-UAV-02,M600,31.3062683,120.6025389,30.5,CONTINGENCY,,
685,685,EVTOL-01,EC35,31.3044648,120.5960784,199.9,BUSY,M-P-001,V2
685,685,L-UAV-01,AMZN,31.3055330,120.6021104,100.0,BUSY,M-L-001,V3
685,685,M-UAV-01,M600,31.3108767,120.6039862,30.5,AVAILABLE,,
685,685,M-UAV-02,M600,31.3062683,120.6025389,30.5,CONTINGENCY,,
686,686,EVTOL-01,EC35,31.3041021,120.5960562,199.9,BUSY,M-P-001,V2
686,686,L-UAV-01,AMZN,31.3056522,120.6021859,100.0,BUSY,M-L-001,V3
686,686,M-UAV-01,M600,31.3108767,120.6039862,30.5,AVAILABLE,,
686,686,M-UAV-02,M600,31.3062683,120.6025389,30.5,CONTINGENCY,,
687,687,EVTOL-01,EC35,31.3037394,120.5960341,199.9,BUSY,M-P-001,V2
687,687,L-UAV-01,AMZN,31.3057714,120.6022613,100.0,BUSY,M-L-001,V2
687,687,M-UAV-01,M600,31.3108767,120.6039862,30.5,AVAILABLE,,
687,687,M-UAV-02,M600,31.3062683,120.6025389,30.5,CONTINGENCY,,
688,688,EVTOL-01,EC35,31.3033767,120.5960119,199.9,BUSY,M-P-001,V2
688,688,L-UAV-01,AMZN,31.3059045,120.6022917,100.0,BUSY,M-L-001,V2
688,688,M-UAV-01,M600,31.3108767,120.6039862,30.5,AVAILABLE,,
688,688,M-UAV-02,M600,31.3062683,120.6025389,30.5,CONTINGENCY,,
689,689,EVTOL-01,EC35,31.3030140,120.5959897,199.9,BUSY,M-P-001,V2
689,689,L-UAV-01,AMZN,31.3060392,120.6022741,100.0,BUSY,M-L-001,V2
689,689,M-UAV-01,M600,31.3108767,120.6039862,30.5,AVAILABLE,,
689,689,M-UAV-02,M600,31.3062683,120.6025389,30.5,CONTINGENCY,,
690,690,EVTOL-01,EC35,31.3026513,120.5959675,199.9,BUSY,M-P-001,V2
690,690,L-UAV-01,AMZN,31.3061633,120.6022102,100.0,BUSY,M-L-001,V2
690,690,M-UAV-01,M600,31.3108767,120.6039862,30.5,AVAILABLE,,
690,690,M-UAV-02,M600,31.3062683,120.6025389,30.5,CONTINGENCY,,
691,691,EVTOL-01,EC35,31.3022886,120.5959453,199.9,BUSY,M-P-001,V2
691,691,L-UAV-01,AMZN,31.3062654,120.6021059,100.0,BUSY,M-L-001,V2
691,691,M-UAV-01,M600,31.3108767,120.6039862,30.5,AVAILABLE,,
691,691,M-UAV-02,M600,31.3062683,120.6025389,30.5,CONTINGENCY,,
692,692,EVTOL-01,EC35,31.3019259,120.5959231,199.9,BUSY,M-P-001,V2
692,692,L-UAV-01,AMZN,31.3063362,120.6019706,100.0,BUSY,M-L-001,V2
692,692,M-UAV-01,M600,31.3108767,120.6039862,30.5,AVAILABLE,,
692,692,M-UAV-02,M600,31.3062683,120.6025389,30.5,CONTINGENCY,,
693,693,EVTOL-01,EC35,31.3015632,120.5959009,199.9,BUSY,M-P-001,V2
693,693,L-UAV-01,AMZN,31.3063692,120.6018167,100.0,BUSY,M-L-001,V2
693,693,M-UAV-01,M600,31.3108767,120.6039862,30.5,AVAILABLE,,
693,693,M-UAV-02,M600,31.3062683,120.6025389,30.5,CONTINGENCY,,
694,694,EVTOL-01,EC35,31.3012005,120.5958788,199.9,BUSY,M-P-001,V2
694,694,L-UAV-01,AMZN,31.3063615,120.6016583,100.0,BUSY,M-L-001,V2
694,694,M-UAV-01,M600,31.3108767,120.6039862,30.5,AVAILABLE,,
694,694,M-UAV-02,M600,31.3062683,120.6025389,30.5,CONTINGENCY,,
695,695,EVTOL-01,EC35,31.3008378,120.5958566,199.9,BUSY,M-P-001,V2
695,695,L-UAV-01,AMZN,31.3063136,120.6015099,100.0,BUSY,M-L-001,V2
695,695,M-UAV-01,M600,31.3108767,120.6039862,30.5,AVAILABLE,,
695,695,M-UAV-02,M600,31.3062683,120.6025389,30.5,CONTINGENCY,,
696,696,EVTOL-01,EC35,31.3004751,120.5958344,199.9,BUSY,M-P-001,V2
696,696,L-UAV-01,AMZN,31.3062301,120.6013849,100.0,BUSY,M-L-001,V2
696,696,M-UAV-01,M600,31.3108767,120.6039862,30.5,AVAILABLE,,
696,696,M-UAV-02,M600,31.3062683,120.6025389,30.5,CONTINGENCY,,
697,697,EVTOL-01,EC35,31.3001124,120.5958122,199.9,BUSY,M-P-001,V2
697,697,L-UAV-01,AMZN,31.3061185,120.6012949,100.0,BUSY,M-L-001,V2
697,697,M-UAV-01,M600,31.3108767,120.6039862,30.5,AVAILABLE,,
697,697,M-UAV-02,M600,31.3062683,120.6025389,30.5,CONTINGENCY,,
698,698,EVTOL-01,EC35,31.2997497,120.5957900,199.9,BUSY,M-P-001,V2
698,698,L-UAV-01,AMZN,31.3059992,120.6012195,100.0,BUSY,M-L-001,V2
698,698,M-UAV-01,M600,31.3108767,120.6039862,30.5,AVAILABLE,,
698,698,M-UAV-02,M600,31.3062683,120.6025389,30.5,CONTINGENCY,,
699,699,EVTOL-01,EC35,31.2993870,120.5957678,199.9,BUSY,M-P-001,V2
699,699,L-UAV-01,AMZN,31.3058800,120.6011440,100.0,BUSY,M-L-001,V2
699,699,M-UAV-01,M600,31.3108767,120.6039862,30.5,AVAILABLE,,
699,699,M-UAV-02,M600,31.3062683,120.6025389,30.5,CONTINGENCY,,
700,700,EVTOL-01,EC35,31.2990243,120.5957457,199.9,BUSY,M-P-001,V2
700,700,L-UAV-01,AMZN,31.3057608,120.6010685,100.0,BUSY,M-L-001,V2
700,700,M-UAV-01,M600,31.3108767,120.6039862,30.5,AVAILABLE,,
700,700,M-UAV-02,M600,31.3062683,120.6025389,30.5,CONTINGENCY,,
701,701,EVTOL-01,EC35,31.2986616,120.5957235,199.9,BUSY,M-P-001,V2
701,701,L-UAV-01,AMZN,31.3056416,120.6009931,100.0,BUSY,M-L-001,V2
701,701,M-UAV-01,M600,31.3108767,120.6039862,30.5,AVAILABLE,,
701,701,M-UAV-02,M600,31.3062683,120.6025389,30.5,CONTINGENCY,,
702,702,EVTOL-01,EC35,31.2982989,120.5957013,199.9,BUSY,M-P-001,V2
702,702,L-UAV-01,AMZN,31.3055223,120.6009176,100.0,BUSY,M-L-001,V2
702,702,M-UAV-01,M600,31.3108767,120.6039862,30.5,AVAILABLE,,
702,702,M-UAV-02,M600,31.3062683,120.6025389,30.5,CONTINGENCY,,
703,703,EVTOL-01,EC35,31.2979363,120.5956791,199.9,BUSY,M-P-001,V1
703,703,L-UAV-01,AMZN,31.3054031,120.6008421,100.0,BUSY,M-L-001,V2
703,703,M-UAV-01,M600,31.3108767,120.6039862,30.5,AVAILABLE,,
703,703,M-UAV-02,M600,31.3062683,120.6025389,30.5,CONTINGENCY,,
704,704,EVTOL-01,EC35,31.2975737,120.5957050,199.9,BUSY,M-P-001,V1
704,704,L-UAV-01,AMZN,31.3052839,120.6007667,100.0,BUSY,M-L-001,V2
704,704,M-UAV-01,M600,31.3108767,120.6039862,30.5,AVAILABLE,,
704,704,M-UAV-02,M600,31.3062683,120.6025389,30.5,CONTINGENCY,,
705,705,EVTOL-01,EC35,31.2972160,120.5957787,199.9,BUSY,M-P-001,V1
705,705,L-UAV-01,AMZN,31.3051646,120.6006912,100.0,BUSY,M-L-001,V2
705,705,M-UAV-01,M600,31.3108767,120.6039862,30.5,AVAILABLE,,
705,705,M-UAV-02,M600,31.3062683,120.6025389,30.5,CONTINGENCY,,
706,706,EVTOL-01,EC35,31.2968678,120.5958992,199.9,BUSY,M-P-001,V1
706,706,L-UAV-01,AMZN,31.3050454,120.6006157,100.0,BUSY,M-L-001,V2
706,706,M-UAV-01,M600,31.3108767,120.6039862,30.5,AVAILABLE,,
706,706,M-UAV-02,M600,31.3062683,120.6025389,30.5,CONTINGENCY,,
707,707,EVTOL-01,EC35,31.2965333,120.5960650,199.9,BUSY,M-P-001,V1
707,707,L-UAV-01,AMZN,31.3049262,120.6005403,100.0,BUSY,M-L-001,V2
707,707,M-UAV-01,M600,31.3108767,120.6039862,30.5,AVAILABLE,,
707,707,M-UAV-02,M600,31.3062683,120.6025389,30.5,CONTINGENCY,,
708,708,EVTOL-01,EC35,31.2962171,120.5962740,199.9,BUSY,M-P-001,V1
708,708,L-UAV-01,AMZN,31.3048070,120.6004648,100.0,BUSY,M-L-001,V2
708,708,M-UAV-01,M600,31.3108767,120.6039862,30.5,AVAILABLE,,
708,708,M-UAV-02,M600,31.3062683,120.6025389,30.5,CONTINGENCY,,
709,709,EVTOL-01,EC35,31.2959230,120.5965234,199.9,BUSY,M-P-001,V1
709,709,L-UAV-01,AMZN,31.3046877,120.6003893,100.0,BUSY,M-L-001,V2
709,709,M-UAV-01,M600,31.3108767,120.6039862,30.5,AVAILABLE,,
709,709,M-UAV-02,M600,31.3062683,120.6025389,30.5,CONTINGENCY,,
710,710,EVTOL-01,EC35,31.2956549,120.5968101,199.9,BUSY,M-P-001,V1
710,710,L-UAV-01,AMZN,31.3045685,120.6003139,100.0,BUSY,M-L-001,V2
710,710,M-UAV-01,M600,31.3108767,120.6039862,30.5,AVAILABLE,,
710,710,M-UAV-02,M600,31.3062683,120.6025389,30.5,CONTINGENCY,,
711,711,EVTOL-01,EC35,31.2954162,120.5971305,199.9,BUSY,M-P-001,V1
711,711,L-UAV-01,AMZN,31.3044493,120.6002384,100.0,BUSY,M-L-001,V2
711,711,M-UAV-01,M600,31.3108767,120.6039862,30.5,AVAILABLE,,
711,711,M-UAV-02,M600,31.3062683,120.6025389,30.5,CONTINGENCY,,
712,712,EVTOL-01,EC35,31.2952100,120.5974803,199.9,BUSY,M-P-001,V1
712,712,L-UAV-01,AMZN,31.3043300,120.6001629,100.0,BUSY,M-L-001,V2
712,712,M-UAV-01,M600,31.3108767,120.6039862,30.5,AVAILABLE,,
712,712,M-UAV-02,M600,31.3062683,120.6025389,30.5,CONTINGENCY,,
713,713,EVTOL-01,EC35,31.2950388,120.5978552,199.9,BUSY,M-P-001,V1
713,713,L-UAV-01,AMZN,31.3042108,120.6000875,100.0,BUSY,M-L-001,V2
713,713,M-UAV-01,M600,31.3108767,120.6039862,30.5,AVAILABLE,,
713,713,M-UAV-02,M600,31.3062683,120.6025389,30.5,CONTINGENCY,,
714,714,EVTOL-01,EC35,31.2949050,120.5982503,199.9,BUSY,M-P-001,V1
714,714,L-UAV-01,AMZN,31.3040916,120.6000120,100.0,BUSY,M-L-001,V2
714,714,M-UAV-01,M600,31.3108767,120.6039862,30.5,AVAILABLE,,
714,714,M-UAV-02,M600,31.3062683,120.6025389,30.5,CONTINGENCY,,
715,715,EVTOL-01,EC35,31.2948101,120.5986606,199.9,BUSY,M-P-001,V1
715,715,L-UAV-01,AMZN,31.3039724,120.5999365,100.0,BUSY,M-L-001,V2
715,715,M-UAV-01,M600,31.3108767,120.6039862,30.5,AVAILABLE,,
715,715,M-UAV-02,M600,31.3062683,120.6025389,30.5,CONTINGENCY,,
716,716,EVTOL-01,EC35,31.2947555,120.5990808,199.9,BUSY,M-P-001,V1
716,716,L-UAV-01,AMZN,31.3038531,120.5998611,100.0,BUSY,M-L-001,V2
716,716,M-UAV-01,M600,31.3108767,120.6039862,30.5,AVAILABLE,,
716,716,M-UAV-02,M600,31.3062683,120.6025389,30.5,CONTINGENCY,,
717,717,EVTOL-01,EC35,31.2947418,120.5995055,199.9,BUSY,M-P-001,V1
717,717,L-UAV-01,AMZN,31.3037339,120.5997856,100.0,BUSY,M-L-001,V2
717,717,M-UAV-01,M600,31.3108767,120.6039862,30.5,AVAILABLE,,
717,717,M-UAV-02,M600,31.3062683,120.6025389,30.5,CONTINGENCY,,
718,718,EVTOL-01,EC35,31.2947692,120.5999294,199.9,BUSY,M-P-001,V1
718,718,L-UAV-01,AMZN,31.3036147,120.5997101,100.0,BUSY,M-L-001,V2
718,718,M-UAV-01,M600,31.3108767,120.6039862,30.5,AVAILABLE,,
718,718,M-UAV-02,M600,31.3062683,120.6025389,30.5,CONTINGENCY,,
719,719,EVTOL-01,EC35,31.2948373,120.6003468,199.9,BUSY,M-P-001,V1
719,719,L-UAV-01,AMZN,31.3034954,120.5996347,100.0,BUSY,M-L-001,V2
719,719,M-UAV-01,M600,31.3108767,120.6039862,30.5,AVAILABLE,,
719,719,M-UAV-02,M600,31.3062683,120.6025389,30.5,CONTINGENCY,,
720,720,EVTOL-01,EC35,31.2949453,120.6007526,199.9,BUSY,M-P-001,V1
720,720,L-UAV-01,AMZN,31.3033762,120.5995592,100.0,BUSY,M-L-001,V2
720,720,M-UAV-01,M600,31.3108767,120.6039862,30.5,AVAILABLE,,
720,720,M-UAV-02,M600,31.3062683,120.6025389,30.5,CONTINGENCY,,
721,721,EVTOL-01,EC35,31.2950918,120.6011416,199.9,BUSY,M-P-001,V1
721,721,L-UAV-01,AMZN,31.3032570,120.5994837,100.0,BUSY,M-L-001,V2
721,721,M-UAV-01,M600,31.3108767,120.6039862,30.5,AVAILABLE,,
721,721,M-UAV-02,M600,31.3062683,120.6025389,30.5,CONTINGENCY,,
722,722,EVTOL-01,EC35,31.2952749,120.6015086,199.9,BUSY,M-P-001,V1
722,722,L-UAV-01,AMZN,31.3031378,120.5994083,100.0,BUSY,M-L-001,V2
722,722,M-UAV-01,M600,31.3108767,120.6039862,30.5,AVAILABLE,,
722,722,M-UAV-02,M600,31.3062683,120.6025389,30.5,CONTINGENCY,,
723,723,EVTOL-01,EC35,31.2954923,120.6018491,199.9,BUSY,M-P-001,V1
723,723,L-UAV-01,AMZN,31.3030185,120.5993328,100.0,BUSY,M-L-001,V2
723,723,M-UAV-01,M600,31.3108767,120.6039862,30.5,AVAILABLE,,
723,723,M-UAV-02,M600,31.3062683,120.6025389,30.5,CONTINGENCY,,
724,724,EVTOL-01,EC35,31.2957412,120.6021587,199.9,BUSY,M-P-001,V1
724,724,L-UAV-01,AMZN,31.3028993,120.5992573,100.0,BUSY,M-L-001,V2
724,724,M-UAV-01,M600,31.3108767,120.6039862,30.5,AVAILABLE,,
724,724,M-UAV-02,M600,31.3062683,120.6025389,30.5,CONTINGENCY,,
725,725,EVTOL-01,EC35,31.2960183,120.6024334,199.9,BUSY,M-P-001,V1
725,725,L-UAV-01,AMZN,31.3027801,120.5991819,100.0,BUSY,M-L-001,V2
725,725,M-UAV-01,M600,31.3108767,120.6039862,30.5,AVAILABLE,,
725,725,M-UAV-02,M600,31.3062683,120.6025389,30.5,CONTINGENCY,,
726,726,EVTOL-01,EC35,31.2963202,120.6026696,199.9,BUSY,M-P-001,V1
726,726,L-UAV-01,AMZN,31.3026608,120.5991064,100.0,BUSY,M-L-001,V2
726,726,M-UAV-01,M600,31.3108767,120.6039862,30.5,AVAILABLE,,
726,726,M-UAV-02,M600,31.3062683,120.6025389,30.5,CONTINGENCY,,
727,727,EVTOL-01,EC35,31.2966430,120.6028645,199.9,BUSY,M-P-001,V1
727,727,L-UAV-01,AMZN,31.3025416,120.5990310,100.0,BUSY,M-L-001,V2
727,727,M-UAV-01,M600,31.3108767,120.6039862,30.5,AVAILABLE,,
727,727,M-UAV-02,M600,31.3062683,120.6025389,30.5,CONTINGENCY,,
728,728,EVTOL-01,EC35,31.2969825,120.6030154,199.9,BUSY,M-P-001,V1
728,728,L-UAV-01,AMZN,31.3024224,120.5989555,100.0,BUSY,M-L-001,V2
728,728,M-UAV-01,M600,31.3108767,120.6039862,30.5,AVAILABLE,,
728,728,M-UAV-02,M600,31.3062683,120.6025389,30.5,CONTINGENCY,,
729,729,EVTOL-01,EC35,31.2973344,120.6031205,199.9,BUSY,M-P-001,V1
729,729,L-UAV-01,AMZN,31.3023032,120.5988800,100.0,BUSY,M-L-001,V2
729,729,M-UAV-01,M600,31.3108767,120.6039862,30.5,AVAILABLE,,
729,729,M-UAV-02,M600,31.3062683,120.6025389,30.5,CONTINGENCY,,
730,730,EVTOL-01,EC35,31.2976943,120.6031783,199.9,BUSY,M-P-001,V1
730,730,L-UAV-01,AMZN,31.3021839,120.5988046,100.0,BUSY,M-L-001,V2
730,730,M-UAV-01,M600,31.3108767,120.6039862,30.5,AVAILABLE,,
730,730,M-UAV-02,M600,31.3062683,120.6025389,30.5,CONTINGENCY,,
731,731,EVTOL-01,EC35,31.2980570,120.6032005,199.9,BUSY,M-P-001,V1
731,731,L-UAV-01,AMZN,31.3020647,120.5987291,100.0,BUSY,M-L-001,V2
731,731,M-UAV-01,M600,31.3108767,120.6039862,30.5,AVAILABLE,,
731,731,M-UAV-02,M600,31.3062683,120.6025389,30.5,CONTINGENCY,,
732,732,EVTOL-01,EC35,31.2984196,120.6032227,199.9,BUSY,M-P-001,V1
732,732,L-UAV-01,AMZN,31.3019455,120.5986536,100.0,BUSY,M-L-001,V2
732,732,M-UAV-01,M600,31.3108767,120.6039862,30.5,AVAILABLE,,
732,732,M-UAV-02,M600,31.3062683,120.6025389,30.5,CONTINGENCY,,
733,733,EVTOL-01,EC35,31.2987823,120.6032450,199.9,BUSY,M-P-001,V1
733,733,L-UAV-01,AMZN,31.3018262,120.5985782,100.0,BUSY,M-L-001,V2
733,733,M-UAV-01,M600,31.3108767,120.6039862,30.5,AVAILABLE,,
733,733,M-UAV-02,M600,31.3062683,120.6025389,30.5,CONTINGENCY,,
734,734,EVTOL-01,EC35,31.2991450,120.6032672,199.9,BUSY,M-P-001,V1
734,734,L-UAV-01,AMZN,31.3017070,120.5985027,100.0,BUSY,M-L-001,V2
734,734,M-UAV-01,M600,31.3108767,120.6039862,30.5,AVAILABLE,,
734,734,M-UAV-02,M600,31.3062683,120.6025389,30.5,CONTINGENCY,,
735,735,EVTOL-01,EC35,31.2995077,120.6032894,199.9,BUSY,M-P-001,V1
735,735,L-UAV-01,AMZN,31.3015878,120.5984273,100.0,BUSY,M-L-001,V2
735,735,M-UAV-01,M600,31.3108767,120.6039862,30.5,AVAILABLE,,
735,735,M-UAV-02,M600,31.3062683,120.6025389,30.5,CONTINGENCY,,
736,736,EVTOL-01,EC35,31.2998704,120.6033116,199.9,BUSY,M-P-001,V1
736,736,L-UAV-01,AMZN,31.3014686,120.5983518,100.0,BUSY,M-L-001,V2
736,736,M-UAV-01,M600,31.3108767,120.6039862,30.5,AVAILABLE,,
736,736,M-UAV-02,M600,31.3062683,120.6025389,30.5,CONTINGENCY,,
737,737,EVTOL-01,EC35,31.3002331,120.6033339,199.9,BUSY,M-P-001,V1
737,737,L-UAV-01,AMZN,31.3013493,120.5982763,100.0,BUSY,M-L-001,V2
737,737,M-UAV-01,M600,31.3108767,120.6039862,30.5,AVAILABLE,,
737,737,M-UAV-02,M600,31.3062683,120.6025389,30.5,CONTINGENCY,,
738,738,EVTOL-01,EC35,31.3005958,120.6033561,199.9,BUSY,M-P-001,V1
738,738,L-UAV-01,AMZN,31.3012301,120.5982009,100.0,BUSY,M-L-001,V2
738,738,M-UAV-01,M600,31.3108767,120.6039862,30.5,AVAILABLE,,
738,738,M-UAV-02,M600,31.3062683,120.6025389,30.5,CONTINGENCY,,
739,739,EVTOL-01,EC35,31.3009585,120.6033783,199.9,BUSY,M-P-001,V1
739,739,L-UAV-01,AMZN,31.3011109,120.5981254,100.0,BUSY,M-L-001,V2
739,739,M-UAV-01,M600,31.3108767,120.6039862,30.5,AVAILABLE,,
739,739,M-UAV-02,M600,31.3062683,120.6025389,30.5,CONTINGENCY,,
740,740,EVTOL-01,EC35,31.3013212,120.6034005,199.9,BUSY,M-P-001,V1
740,740,L-UAV-01,AMZN,31.3009916,120.5980499,100.0,BUSY,M-L-001,V2
740,740,M-UAV-01,M600,31.3108767,120.6039862,30.5,AVAILABLE,,
740,740,M-UAV-02,M600,31.3062683,120.6025389,30.5,CONTINGENCY,,
741,741,EVTOL-01,EC35,31.3016839,120.6034228,199.9,BUSY,M-P-001,V1
741,741,L-UAV-01,AMZN,31.3008724,120.5979745,100.0,BUSY,M-L-001,V2
741,741,M-UAV-01,M600,31.3108767,120.6039862,30.5,AVAILABLE,,
741,741,M-UAV-02,M600,31.3062683,120.6025389,30.5,CONTINGENCY,,
742,742,EVTOL-01,EC35,31.3020466,120.6034450,199.9,BUSY,M-P-001,V1
742,742,L-UAV-01,AMZN,31.3007532,120.5978990,100.0,BUSY,M-L-001,V2
742,742,M-UAV-01,M600,31.3108767,120.6039862,30.5,AVAILABLE,,
742,742,M-UAV-02,M600,31.3062683,120.6025389,30.5,CONTINGENCY,,
743,743,EVTOL-01,EC35,31.3024093,120.6034672,199.9,BUSY,M-P-001,V1
743,743,L-UAV-01,AMZN,31.3006339,120.5978236,100.0,BUSY,M-L-001,V2
743,743,M-UAV-01,M600,31.3108767,120.6039862,30.5,AVAILABLE,,
743,743,M-UAV-02,M600,31.3062683,120.6025389,30.5,CONTINGENCY,,
744,744,EVTOL-01,EC35,31.3027720,120.6034894,199.9,BUSY,M-P-001,V1
744,744,L-UAV-01,AMZN,31.3005147,120.5977481,100.0,BUSY,M-L-001,V2
744,744,M-UAV-01,M600,31.3108767,120.6039862,30.5,AVAILABLE,,
744,744,M-UAV-02,M600,31.3062683,120.6025389,30.5,CONTINGENCY,,
745,745,EVTOL-01,EC35,31.3031347,120.6035117,199.9,BUSY,M-P-001,V1
745,745,L-UAV-01,AMZN,31.3003955,120.5976726,100.0,BUSY,M-L-001,V2
745,745,M-UAV-01,M600,31.3108767,120.6039862,30.5,AVAILABLE,,
745,745,M-UAV-02,M600,31.3062683,120.6025389,30.5,CONTINGENCY,,
746,746,EVTOL-01,EC35,31.3034974,120.6035339,199.9,BUSY,M-P-001,V1
746,746,L-UAV-01,AMZN,31.3002763,120.5975972,100.0,BUSY,M-L-001,V2
746,746,M-UAV-01,M600,31.3108767,120.6039862,30.5,AVAILABLE,,
746,746,M-UAV-02,M600,31.3062683,120.6025389,30.5,CONTINGENCY,,
747,747,EVTOL-01,EC35,31.3038600,120.6035561,199.9,BUSY,M-P-001,V1
747,747,L-UAV-01,AMZN,31.3001570,120.5975217,100.0,BUSY,M-L-001,V2
747,747,M-UAV-01,M600,31.3108767,120.6039862,30.5,AVAILABLE,,
747,747,M-UAV-02,M600,31.3062683,120.6025389,30.5,CONTINGENCY,,
748,748,EVTOL-01,EC35,31.3042227,120.6035784,199.9,BUSY,M-P-001,V1
748,748,L-UAV-01,AMZN,31.3000378,120.5974463,100.0,BUSY,M-L-001,V2
748,748,M-UAV-01,M600,31.3108767,120.6039862,30.5,AVAILABLE,,
748,748,M-UAV-02,M600,31.3062683,120.6025389,30.5,CONTINGENCY,,
749,749,EVTOL-01,EC35,31.3045854,120.6036006,199.9,BUSY,M-P-001,V1
749,749,L-UAV-01,AMZN,31.2999186,120.5973708,100.0,BUSY,M-L-001,V2
749,749,M-UAV-01,M600,31.3108767,120.6039862,30.5,AVAILABLE,,
749,749,M-UAV-02,M600,31.3062683,120.6025389,30.5,CONTINGENCY,,
750,750,EVTOL-01,EC35,31.3049481,120.6036228,199.9,BUSY,M-P-001,V1
750,750,L-UAV-01,AMZN,31.2997993,120.5972954,100.0,BUSY,M-L-001,V2
750,750,M-UAV-01,M600,31.3108767,120.6039862,30.5,AVAILABLE,,
750,750,M-UAV-02,M600,31.3062683,120.6025389,30.5,CONTINGENCY,,
751,751,EVTOL-01,EC35,31.3053108,120.6036450,199.9,BUSY,M-P-001,V1
751,751,L-UAV-01,AMZN,31.2996801,120.5972199,100.0,BUSY,M-L-001,V2
751,751,M-UAV-01,M600,31.3108767,120.6039862,30.5,AVAILABLE,,
751,751,M-UAV-02,M600,31.3062683,120.6025389,30.5,CONTINGENCY,,
752,752,EVTOL-01,EC35,31.3056735,120.6036673,199.9,BUSY,M-P-001,V1
752,752,L-UAV-01,AMZN,31.2995609,120.5971444,100.0,BUSY,M-L-001,V2
752,752,M-UAV-01,M600,31.3108767,120.6039862,30.5,AVAILABLE,,
752,752,M-UAV-02,M600,31.3062683,120.6025389,30.5,CONTINGENCY,,
753,753,EVTOL-01,EC35,31.3060362,120.6036895,199.9,BUSY,M-P-001,V1
753,753,L-UAV-01,AMZN,31.2994416,120.5970690,100.0,BUSY,M-L-001,V2
753,753,M-UAV-01,M600,31.3108767,120.6039862,30.5,AVAILABLE,,
753,753,M-UAV-02,M600,31.3062683,120.6025389,30.5,CONTINGENCY,,
754,754,EVTOL-01,EC35,31.3063989,120.6037117,199.9,BUSY,M-P-001,V1
754,754,L-UAV-01,AMZN,31.2993224,120.5969935,100.0,BUSY,M-L-001,V2
754,754,M-UAV-01,M600,31.3108767,120.6039862,30.5,AVAILABLE,,
754,754,M-UAV-02,M600,31.3062683,120.6025389,30.5,CONTINGENCY,,
755,755,EVTOL-01,EC35,31.3067616,120.6037339,199.9,BUSY,M-P-001,V1
755,755,L-UAV-01,AMZN,31.2992032,120.5969181,100.0,BUSY,M-L-001,V2
755,755,M-UAV-01,M600,31.3108767,120.6039862,30.5,AVAILABLE,,
755,755,M-UAV-02,M600,31.3062683,120.6025389,30.5,CONTINGENCY,,
756,756,EVTOL-01,EC35,31.3071243,120.6037562,199.9,BUSY,M-P-001,V1
756,756,L-UAV-01,AMZN,31.2990840,120.5968426,100.0,BUSY,M-L-001,V2
756,756,M-UAV-01,M600,31.3108767,120.6039862,30.5,AVAILABLE,,
756,756,M-UAV-02,M600,31.3062683,120.6025389,30.5,CONTINGENCY,,
757,757,EVTOL-01,EC35,31.3074870,120.6037784,199.9,BUSY,M-P-001,V1
757,757,L-UAV-01,AMZN,31.2989647,120.5967671,100.0,BUSY,M-L-001,V2
757,757,M-UAV-01,M600,31.3108767,120.6039862,30.5,AVAILABLE,,
757,757,M-UAV-02,M600,31.3062683,120.6025389,30.5,CONTINGENCY,,
758,758,EVTOL-01,EC35,31.3078497,120.6038006,199.9,BUSY,M-P-001,V1
758,758,L-UAV-01,AMZN,31.2988455,120.5966917,100.0,BUSY,M-L-001,V2
758,758,M-UAV-01,M600,31.3108767,120.6039862,30.5,AVAILABLE,,
758,758,M-UAV-02,M600,31.3062683,120.6025389,30.5,CONTINGENCY,,
759,759,EVTOL-01,EC35,31.3082124,120.6038229,199.9,BUSY,M-P-001,V1
759,759,L-UAV-01,AMZN,31.2987263,120.5966162,100.0,BUSY,M-L-001,V2
759,759,M-UAV-01,M600,31.3108767,120.6039862,30.5,AVAILABLE,,
759,759,M-UAV-02,M600,31.3062683,120.6025389,30.5,CONTINGENCY,,
760,760,EVTOL-01,EC35,31.3085751,120.6038451,199.9,BUSY,M-P-001,V1
760,760,L-UAV-01,AMZN,31.2986070,120.5965408,100.0,BUSY,M-L-001,V2
760,760,M-UAV-01,M600,31.3108767,120.6039862,30.5,AVAILABLE,,
760,760,M-UAV-02,M600,31.3062683,120.6025389,30.5,CONTINGENCY,,
761,761,EVTOL-01,EC35,31.3089378,120.6038673,199.9,BUSY,M-P-001,V1
761,761,L-UAV-01,AMZN,31.2984878,120.5964653,100.0,BUSY,M-L-001,V2
761,761,M-UAV-01,M600,31.3108767,120.6039862,30.5,AVAILABLE,,
761,761,M-UAV-02,M600,31.3062683,120.6025389,30.5,CONTINGENCY,,
762,762,EVTOL-01,EC35,31.3093005,120.6038895,199.9,BUSY,M-P-001,V1
762,762,L-UAV-01,AMZN,31.2983686,120.5963899,100.0,BUSY,M-L-001,V2
762,762,M-UAV-01,M600,31.3108767,120.6039862,30.5,AVAILABLE,,
762,762,M-UAV-02,M600,31.3062683,120.6025389,30.5,CONTINGENCY,,
763,763,EVTOL-01,EC35,31.3096631,120.6039118,199.9,BUSY,M-P-001,V1
763,763,L-UAV-01,AMZN,31.2982493,120.5963144,100.0,BUSY,M-L-001,V2
763,763,M-UAV-01,M600,31.3108767,120.6039862,30.5,AVAILABLE,,
763,763,M-UAV-02,M600,31.3062683,120.6025389,30.5,CONTINGENCY,,
764,764,EVTOL-01,EC35,31.3100258,120.6039340,199.9,BUSY,M-P-001,V2
764,764,L-UAV-01,AMZN,31.2981301,120.5962389,100.0,BUSY,M-L-001,V2
764,764,M-UAV-01,M600,31.3108767,120.6039862,30.5,AVAILABLE,,
764,764,M-UAV-02,M600,31.3062683,120.6025389,30.5,CONTINGENCY,,
765,765,EVTOL-01,EC35,31.3103884,120.6039081,199.9,BUSY,M-P-001,V2
765,765,L-UAV-01,AMZN,31.2980109,120.5961635,100.0,BUSY,M-L-001,V2
765,765,M-UAV-01,M600,31.3108767,120.6039862,30.5,AVAILABLE,,
765,765,M-UAV-02,M600,31.3062683,120.6025389,30.5,CONTINGENCY,,
766,766,EVTOL-01,EC35,31.3107461,120.6038345,199.9,BUSY,M-P-001,V2
766,766,L-UAV-01,AMZN,31.2978916,120.5960880,100.0,BUSY,M-L-001,V3
766,766,M-UAV-01,M600,31.3108767,120.6039862,30.5,AVAILABLE,,
766,766,M-UAV-02,M600,31.3062683,120.6025389,30.5,CONTINGENCY,,
767,767,EVTOL-01,EC35,31.3110943,120.6037140,199.9,BUSY,M-P-001,V2
767,767,L-UAV-01,AMZN,31.2977586,120.5960577,100.0,BUSY,M-L-001,V3
767,767,M-UAV-01,M600,31.3108767,120.6039862,30.5,AVAILABLE,,
767,767,M-UAV-02,M600,31.3062683,120.6025389,30.5,CONTINGENCY,,
768,768,EVTOL-01,EC35,31.3114288,120.6035482,199.9,BUSY,M-P-001,V2
768,768,L-UAV-01,AMZN,31.2976239,120.5960753,100.0,BUSY,M-L-001,V3
768,768,M-UAV-01,M600,31.3108767,120.6039862,30.5,AVAILABLE,,
768,768,M-UAV-02,M600,31.3062683,120.6025389,30.5,CONTINGENCY,,
769,769,EVTOL-01,EC35,31.3117451,120.6033392,199.9,BUSY,M-P-001,V2
769,769,L-UAV-01,AMZN,31.2974998,120.5961392,100.0,BUSY,M-L-001,V3
769,769,M-UAV-01,M600,31.3108767,120.6039862,30.5,AVAILABLE,,
769,769,M-UAV-02,M600,31.3062683,120.6025389,30.5,CONTINGENCY,,
770,770,EVTOL-01,EC35,31.3120392,120.6030898,199.9,BUSY,M-P-001,V2
770,770,L-UAV-01,AMZN,31.2973977,120.5962435,100.0,BUSY,M-L-001,V3
770,770,M-UAV-01,M600,31.3108767,120.6039862,30.5,AVAILABLE,,
770,770,M-UAV-02,M600,31.3062683,120.6025389,30.5,CONTINGENCY,,
771,771,EVTOL-01,EC35,31.3123073,120.6028030,199.9,BUSY,M-P-001,V2
771,771,L-UAV-01,AMZN,31.2973269,120.5963788,100.0,BUSY,M-L-001,V3
771,771,M-UAV-01,M600,31.3108767,120.6039862,30.5,AVAILABLE,,
771,771,M-UAV-02,M600,31.3062683,120.6025389,30.5,CONTINGENCY,,
772,772,EVTOL-01,EC35,31.3125460,120.6024827,199.9,BUSY,M-P-001,V2
772,772,L-UAV-01,AMZN,31.2972939,120.5965327,100.0,BUSY,M-L-001,V3
772,772,M-UAV-01,M600,31.3108767,120.6039862,30.5,AVAILABLE,,
772,772,M-UAV-02,M600,31.3062683,120.6025389,30.5,CONTINGENCY,,
773,773,EVTOL-01,EC35,31.3127523,120.6021328,199.9,BUSY,M-P-001,V2
773,773,L-UAV-01,AMZN,31.2973017,120.5966910,100.0,BUSY,M-L-001,V3
773,773,M-UAV-01,M600,31.3108767,120.6039862,30.5,AVAILABLE,,
773,773,M-UAV-02,M600,31.3062683,120.6025389,30.5,CONTINGENCY,,
774,774,EVTOL-01,EC35,31.3129235,120.6017578,199.9,BUSY,M-P-001,V2
774,774,L-UAV-01,AMZN,31.2973495,120.5968395,100.0,BUSY,M-L-001,V3
774,774,M-UAV-01,M600,31.3108767,120.6039862,30.5,AVAILABLE,,
774,774,M-UAV-02,M600,31.3062683,120.6025389,30.5,CONTINGENCY,,
775,775,EVTOL-01,EC35,31.3130574,120.6013627,199.9,BUSY,M-P-001,V2
775,775,L-UAV-01,AMZN,31.2974331,120.5969644,100.0,BUSY,M-L-001,V3
775,775,M-UAV-01,M600,31.3108767,120.6039862,30.5,AVAILABLE,,
775,775,M-UAV-02,M600,31.3062683,120.6025389,30.5,CONTINGENCY,,
776,776,EVTOL-01,EC35,31.3131522,120.6009523,199.9,BUSY,M-P-001,V2
776,776,L-UAV-01,AMZN,31.2975447,120.5970544,100.0,BUSY,M-L-001,V3
776,776,M-UAV-01,M600,31.3108767,120.6039862,30.5,AVAILABLE,,
776,776,M-UAV-02,M600,31.3062683,120.6025389,30.5,CONTINGENCY,,
777,777,EVTOL-01,EC35,31.3132069,120.6005321,199.9,BUSY,M-P-001,V2
777,777,L-UAV-01,AMZN,31.2976639,120.5971298,100.0,BUSY,M-L-001,V3
777,777,M-UAV-01,M600,31.3108767,120.6039862,30.5,AVAILABLE,,
777,777,M-UAV-02,M600,31.3062683,120.6025389,30.5,CONTINGENCY,,
778,778,EVTOL-01,EC35,31.3132206,120.6001072,199.9,BUSY,M-P-001,V2
778,778,L-UAV-01,AMZN,31.2977831,120.5972053,100.0,BUSY,M-L-001,V3
778,778,M-UAV-01,M600,31.3108767,120.6039862,30.5,AVAILABLE,,
778,778,M-UAV-02,M600,31.3062683,120.6025389,30.5,CONTINGENCY,,
779,779,EVTOL-01,EC35,31.3131933,120.5996833,199.9,BUSY,M-P-001,V2
779,779,L-UAV-01,AMZN,31.2979024,120.5972807,100.0,BUSY,M-L-001,V3
779,779,M-UAV-01,M600,31.3108767,120.6039862,30.5,AVAILABLE,,
779,779,M-UAV-02,M600,31.3062683,120.6025389,30.5,CONTINGENCY,,
780,780,EVTOL-01,EC35,31.3131252,120.5992658,199.9,BUSY,M-P-001,V2
780,780,L-UAV-01,AMZN,31.2980216,120.5973562,100.0,BUSY,M-L-001,V3
780,780,M-UAV-01,M600,31.3108767,120.6039862,30.5,AVAILABLE,,
780,780,M-UAV-02,M600,31.3062683,120.6025389,30.5,CONTINGENCY,,
781,781,EVTOL-01,EC35,31.3130172,120.5988599,199.9,BUSY,M-P-001,V2
781,781,L-UAV-01,AMZN,31.2981408,120.5974317,100.0,BUSY,M-L-001,V3
781,781,M-UAV-01,M600,31.3108767,120.6039862,30.5,AVAILABLE,,
781,781,M-UAV-02,M600,31.3062683,120.6025389,30.5,CONTINGENCY,,
782,782,EVTOL-01,EC35,31.3128708,120.5984709,199.9,BUSY,M-P-001,V2
782,782,L-UAV-01,AMZN,31.2982600,120.5975071,100.0,BUSY,M-L-001,V3
782,782,M-UAV-01,M600,31.3108767,120.6039862,30.5,AVAILABLE,,
782,782,M-UAV-02,M600,31.3062683,120.6025389,30.5,CONTINGENCY,,
783,783,EVTOL-01,EC35,31.3126877,120.5981037,199.9,BUSY,M-P-001,V2
783,783,L-UAV-01,AMZN,31.2983793,120.5975826,100.0,BUSY,M-L-001,V3
783,783,M-UAV-01,M600,31.3108767,120.6039862,30.5,AVAILABLE,,
783,783,M-UAV-02,M600,31.3062683,120.6025389,30.5,CONTINGENCY,,
784,784,EVTOL-01,EC35,31.3124703,120.5977631,199.9,BUSY,M-P-001,V2
784,784,L-UAV-01,AMZN,31.2984985,120.5976580,100.0,BUSY,M-L-001,V3
784,784,M-UAV-01,M600,31.3108767,120.6039862,30.5,AVAILABLE,,
784,784,M-UAV-02,M600,31.3062683,120.6025389,30.5,CONTINGENCY,,
785,785,EVTOL-01,EC35,31.3122215,120.5974535,199.9,BUSY,M-P-001,V2
785,785,L-UAV-01,AMZN,31.2986177,120.5977335,100.0,BUSY,M-L-001,V3
785,785,M-UAV-01,M600,31.3108767,120.6039862,30.5,AVAILABLE,,
785,785,M-UAV-02,M600,31.3062683,120.6025389,30.5,CONTINGENCY,,
786,786,EVTOL-01,EC35,31.3119444,120.5971787,199.9,BUSY,M-P-001,V2
786,786,L-UAV-01,AMZN,31.2987370,120.5978089,100.0,BUSY,M-L-001,V3
786,786,M-UAV-01,M600,31.3108767,120.6039862,30.5,AVAILABLE,,
786,786,M-UAV-02,M600,31.3062683,120.6025389,30.5,CONTINGENCY,,
787,787,EVTOL-01,EC35,31.3116425,120.5969424,199.9,BUSY,M-P-001,V2
787,787,L-UAV-01,AMZN,31.2988562,120.5978844,100.0,BUSY,M-L-001,V3
787,787,M-UAV-01,M600,31.3108767,120.6039862,30.5,AVAILABLE,,
787,787,M-UAV-02,M600,31.3062683,120.6025389,30.5,CONTINGENCY,,
788,788,EVTOL-01,EC35,31.3113197,120.5967474,199.9,BUSY,M-P-001,V2
788,788,L-UAV-01,AMZN,31.2989754,120.5979599,100.0,BUSY,M-L-001,V3
788,788,M-UAV-01,M600,31.3108767,120.6039862,30.5,AVAILABLE,,
788,788,M-UAV-02,M600,31.3062683,120.6025389,30.5,CONTINGENCY,,
789,789,EVTOL-01,EC35,31.3109802,120.5965965,199.9,BUSY,M-P-001,V2
789,789,L-UAV-01,AMZN,31.2990947,120.5980353,100.0,BUSY,M-L-001,V3
789,789,M-UAV-01,M600,31.3108767,120.6039862,30.5,AVAILABLE,,
789,789,M-UAV-02,M600,31.3062683,120.6025389,30.5,CONTINGENCY,,
790,790,EVTOL-01,EC35,31.3106283,120.5964914,199.9,BUSY,M-P-001,V2
790,790,L-UAV-01,AMZN,31.2992139,120.5981108,100.0,BUSY,M-L-001,V3
790,790,M-UAV-01,M600,31.3108767,120.6039862,30.5,AVAILABLE,,
790,790,M-UAV-02,M600,31.3062683,120.6025389,30.5,CONTINGENCY,,
791,791,EVTOL-01,EC35,31.3102685,120.5964335,199.9,BUSY,M-P-001,V2
791,791,L-UAV-01,AMZN,31.2993331,120.5981862,100.0,BUSY,M-L-001,V3
791,791,M-UAV-01,M600,31.3108767,120.6039862,30.5,AVAILABLE,,
791,791,M-UAV-02,M600,31.3062683,120.6025389,30.5,CONTINGENCY,,
792,792,EVTOL-01,EC35,31.3099058,120.5964113,199.9,BUSY,M-P-001,V2
792,792,L-UAV-01,AMZN,31.2994523,120.5982617,100.0,BUSY,M-L-001,V3
792,792,M-UAV-01,M600,31.3108767,120.6039862,30.5,AVAILABLE,,
792,792,M-UAV-02,M600,31.3062683,120.6025389,30.5,CONTINGENCY,,
793,793,EVTOL-01,EC35,31.3095431,120.5963891,199.9,BUSY,M-P-001,V2
793,793,L-UAV-01,AMZN,31.2995716,120.5983372,100.0,BUSY,M-L-001,V3
793,793,M-UAV-01,M600,31.3108767,120.6039862,30.5,AVAILABLE,,
793,793,M-UAV-02,M600,31.3062683,120.6025389,30.5,CONTINGENCY,,
794,794,EVTOL-01,EC35,31.3091804,120.5963669,199.9,BUSY,M-P-001,V2
794,794,L-UAV-01,AMZN,31.2996908,120.5984126,100.0,BUSY,M-L-001,V3
794,794,M-UAV-01,M600,31.3108767,120.6039862,30.5,AVAILABLE,,
794,794,M-UAV-02,M600,31.3062683,120.6025389,30.5,CONTINGENCY,,
795,795,EVTOL-01,EC35,31.3088177,120.5963447,199.9,BUSY,M-P-001,V2
795,795,L-UAV-01,AMZN,31.2998100,120.5984881,100.0,BUSY,M-L-001,V3
795,795,M-UAV-01,M600,31.3108767,120.6039862,30.5,AVAILABLE,,
795,795,M-UAV-02,M600,31.3062683,120.6025389,30.5,CONTINGENCY,,
796,796,EVTOL-01,EC35,31.3084550,120.5963225,199.9,BUSY,M-P-001,V2
796,796,L-UAV-01,AMZN,31.2999293,120.5985635,100.0,BUSY,M-L-001,V3
796,796,M-UAV-01,M600,31.3108767,120.6039862,30.5,AVAILABLE,,
796,796,M-UAV-02,M600,31.3062683,120.6025389,30.5,CONTINGENCY,,
797,797,EVTOL-01,EC35,31.3080923,120.5963003,199.9,BUSY,M-P-001,V2
797,797,L-UAV-01,AMZN,31.3000485,120.5986390,100.0,BUSY,M-L-001,V3
797,797,M-UAV-01,M600,31.3108767,120.6039862,30.5,AVAILABLE,,
797,797,M-UAV-02,M600,31.3062683,120.6025389,30.5,CONTINGENCY,,
798,798,EVTOL-01,EC35,31.3077296,120.5962781,199.9,BUSY,M-P-001,V2
798,798,L-UAV-01,AMZN,31.3001677,120.5987145,100.0,BUSY,M-L-001,V3
798,798,M-UAV-01,M600,31.3108767,120.6039862,30.5,AVAILABLE,,
798,798,M-UAV-02,M600,31.3062683,120.6025389,30.5,CONTINGENCY,,
799,799,EVTOL-01,EC35,31.3073669,120.5962560,199.9,BUSY,M-P-001,V2
799,799,L-UAV-01,AMZN,31.3002870,120.5987899,100.0,BUSY,M-L-001,V3
799,799,M-UAV-01,M600,31.3108767,120.6039862,30.5,AVAILABLE,,
799,799,M-UAV-02,M600,31.3062683,120.6025389,30.5,CONTINGENCY,,
800,800,EVTOL-01,EC35,31.3070042,120.5962338,199.9,BUSY,M-P-001,V2
800,800,L-UAV-01,AMZN,31.3004062,120.5988654,100.0,BUSY,M-L-001,V3
800,800,M-UAV-01,M600,31.3108767,120.6039862,30.5,AVAILABLE,,
800,800,M-UAV-02,M600,31.3062683,120.6025389,30.5,CONTINGENCY,,
801,801,EVTOL-01,EC35,31.3066415,120.5962116,199.9,BUSY,M-P-001,V2
801,801,L-UAV-01,AMZN,31.3005254,120.5989408,100.0,BUSY,M-L-001,V3
801,801,M-UAV-01,M600,31.3108767,120.6039862,30.5,AVAILABLE,,
801,801,M-UAV-02,M600,31.3062683,120.6025389,30.5,CONTINGENCY,,
802,802,EVTOL-01,EC35,31.3062788,120.5961894,199.9,BUSY,M-P-001,V2
802,802,L-UAV-01,AMZN,31.3006446,120.5990163,100.0,BUSY,M-L-001,V3
802,802,M-UAV-01,M600,31.3108767,120.6039862,30.5,AVAILABLE,,
802,802,M-UAV-02,M600,31.3062683,120.6025389,30.5,CONTINGENCY,,
803,803,EVTOL-01,EC35,31.3059161,120.5961672,199.9,BUSY,M-P-001,V2
803,803,L-UAV-01,AMZN,31.3007639,120.5990918,100.0,BUSY,M-L-001,V3
803,803,M-UAV-01,M600,31.3108767,120.6039862,30.5,AVAILABLE,,
803,803,M-UAV-02,M600,31.3062683,120.6025389,30.5,CONTINGENCY,,
804,804,EVTOL-01,EC35,31.3055534,120.5961450,199.9,BUSY,M-P-001,V2
804,804,L-UAV-01,AMZN,31.3008831,120.5991672,100.0,BUSY,M-L-001,V3
804,804,M-UAV-01,M600,31.3108767,120.6039862,30.5,AVAILABLE,,
804,804,M-UAV-02,M600,31.3062683,120.6025389,30.5,CONTINGENCY,,
805,805,EVTOL-01,EC35,31.3051907,120.5961228,199.9,BUSY,M-P-001,V2
805,805,L-UAV-01,AMZN,31.3010023,120.5992427,100.0,BUSY,M-L-001,V3
805,805,M-UAV-01,M600,31.3108767,120.6039862,30.5,AVAILABLE,,
805,805,M-UAV-02,M600,31.3062683,120.6025389,30.5,CONTINGENCY,,
806,806,EVTOL-01,EC35,31.3048281,120.5961007,199.9,BUSY,M-P-001,V2
806,806,L-UAV-01,AMZN,31.3011216,120.5993182,100.0,BUSY,M-L-001,V3
806,806,M-UAV-01,M600,31.3108767,120.6039862,30.5,AVAILABLE,,
806,806,M-UAV-02,M600,31.3062683,120.6025389,30.5,CONTINGENCY,,
807,807,EVTOL-01,EC35,31.3044654,120.5960785,199.9,BUSY,M-P-001,V2
807,807,L-UAV-01,AMZN,31.3012408,120.5993936,100.0,BUSY,M-L-001,V3
807,807,M-UAV-01,M600,31.3108767,120.6039862,30.5,AVAILABLE,,
807,807,M-UAV-02,M600,31.3062683,120.6025389,30.5,CONTINGENCY,,
808,808,EVTOL-01,EC35,31.3041027,120.5960563,199.9,BUSY,M-P-001,V2
808,808,L-UAV-01,AMZN,31.3013600,120.5994691,100.0,BUSY,M-L-001,V3
808,808,M-UAV-01,M600,31.3108767,120.6039862,30.5,AVAILABLE,,
808,808,M-UAV-02,M600,31.3062683,120.6025389,30.5,CONTINGENCY,,
809,809,EVTOL-01,EC35,31.3037400,120.5960341,199.9,BUSY,M-P-001,V2
809,809,L-UAV-01,AMZN,31.3014792,120.5995445,100.0,BUSY,M-L-001,V3
809,809,M-UAV-01,M600,31.3108767,120.6039862,30.5,AVAILABLE,,
809,809,M-UAV-02,M600,31.3062683,120.6025389,30.5,CONTINGENCY,,
810,810,EVTOL-01,EC35,31.3033773,120.5960119,199.9,BUSY,M-P-001,V2
810,810,L-UAV-01,AMZN,31.3015985,120.5996200,100.0,BUSY,M-L-001,V3
810,810,M-UAV-01,M600,31.3108767,120.6039862,30.5,AVAILABLE,,
810,810,M-UAV-02,M600,31.3062683,120.6025389,30.5,CONTINGENCY,,
811,811,EVTOL-01,EC35,31.3030146,120.5959897,199.9,BUSY,M-P-001,V2
811,811,L-UAV-01,AMZN,31.3017177,120.5996955,100.0,BUSY,M-L-001,V3
811,811,M-UAV-01,M600,31.3108767,120.6039862,30.5,AVAILABLE,,
811,811,M-UAV-02,M600,31.3062683,120.6025389,30.5,CONTINGENCY,,
812,812,EVTOL-01,EC35,31.3026519,120.5959675,199.9,BUSY,M-P-001,V2
812,812,L-UAV-01,AMZN,31.3018369,120.5997709,100.0,BUSY,M-L-001,V3
812,812,M-UAV-01,M600,31.3108767,120.6039862,30.5,AVAILABLE,,
812,812,M-UAV-02,M600,31.3062683,120.6025389,30.5,CONTINGENCY,,
813,813,EVTOL-01,EC35,31.3022892,120.5959453,199.9,BUSY,M-P-001,V2
813,813,L-UAV-01,AMZN,31.3019562,120.5998464,100.0,BUSY,M-L-001,V3
813,813,M-UAV-01,M600,31.3108767,120.6039862,30.5,AVAILABLE,,
813,813,M-UAV-02,M600,31.3062683,120.6025389,30.5,CONTINGENCY,,
814,814,EVTOL-01,EC35,31.3019265,120.5959232,199.9,BUSY,M-P-001,V2
814,814,L-UAV-01,AMZN,31.3020754,120.5999219,100.0,BUSY,M-L-001,V3
814,814,M-UAV-01,M600,31.3108767,120.6039862,30.5,AVAILABLE,,
814,814,M-UAV-02,M600,31.3062683,120.6025389,30.5,CONTINGENCY,,
815,815,EVTOL-01,EC35,31.3015638,120.5959010,199.9,BUSY,M-P-001,V2
815,815,L-UAV-01,AMZN,31.3021946,120.5999973,100.0,BUSY,M-L-001,V3
815,815,M-UAV-01,M600,31.3108767,120.6039862,30.5,AVAILABLE,,
815,815,M-UAV-02,M600,31.3062683,120.6025389,30.5,CONTINGENCY,,
816,816,EVTOL-01,EC35,31.3012011,120.5958788,199.9,BUSY,M-P-001,V2
816,816,L-UAV-01,AMZN,31.3023138,120.6000728,100.0,BUSY,M-L-001,V3
816,816,M-UAV-01,M600,31.3108767,120.6039862,30.5,AVAILABLE,,
816,816,M-UAV-02,M600,31.3062683,120.6025389,30.5,CONTINGENCY,,
817,817,EVTOL-01,EC35,31.3008384,120.5958566,199.9,BUSY,M-P-001,V2
817,817,L-UAV-01,AMZN,31.3024331,120.6001483,100.0,BUSY,M-L-001,V3
817,817,M-UAV-01,M600,31.3108767,120.6039862,30.5,AVAILABLE,,
817,817,M-UAV-02,M600,31.3062683,120.6025389,30.5,CONTINGENCY,,
818,818,EVTOL-01,EC35,31.3004757,120.5958344,199.9,BUSY,M-P-001,V2
818,818,L-UAV-01,AMZN,31.3025523,120.6002237,100.0,BUSY,M-L-001,V3
818,818,M-UAV-01,M600,31.3108767,120.6039862,30.5,AVAILABLE,,
818,818,M-UAV-02,M600,31.3062683,120.6025389,30.5,CONTINGENCY,,
819,819,EVTOL-01,EC35,31.3001130,120.5958122,199.9,BUSY,M-P-001,V2
819,819,L-UAV-01,AMZN,31.3026715,120.6002992,100.0,BUSY,M-L-001,V3
819,819,M-UAV-01,M600,31.3108767,120.6039862,30.5,AVAILABLE,,
819,819,M-UAV-02,M600,31.3062683,120.6025389,30.5,CONTINGENCY,,
820,820,EVTOL-01,EC35,31.2997503,120.5957901,199.9,BUSY,M-P-001,V2
820,820,L-UAV-01,AMZN,31.3027908,120.6003746,100.0,BUSY,M-L-001,V3
820,820,M-UAV-01,M600,31.3108767,120.6039862,30.5,AVAILABLE,,
820,820,M-UAV-02,M600,31.3062683,120.6025389,30.5,CONTINGENCY,,
821,821,EVTOL-01,EC35,31.2993876,120.5957679,199.9,BUSY,M-P-001,V2
821,821,L-UAV-01,AMZN,31.3029100,120.6004501,100.0,BUSY,M-L-001,V3
821,821,M-UAV-01,M600,31.3108767,120.6039862,30.5,AVAILABLE,,
821,821,M-UAV-02,M600,31.3062683,120.6025389,30.5,CONTINGENCY,,
822,822,EVTOL-01,EC35,31.2990249,120.5957457,199.9,BUSY,M-P-001,V2
822,822,L-UAV-01,AMZN,31.3030292,120.6005256,100.0,BUSY,M-L-001,V3
822,822,M-UAV-01,M600,31.3108767,120.6039862,30.5,AVAILABLE,,
822,822,M-UAV-02,M600,31.3062683,120.6025389,30.5,CONTINGENCY,,
823,823,EVTOL-01,EC35,31.2986622,120.5957235,199.9,BUSY,M-P-001,V2
823,823,L-UAV-01,AMZN,31.3031484,120.6006010,100.0,BUSY,M-L-001,V3
823,823,M-UAV-01,M600,31.3108767,120.6039862,30.5,AVAILABLE,,
823,823,M-UAV-02,M600,31.3062683,120.6025389,30.5,CONTINGENCY,,
824,824,EVTOL-01,EC35,31.2982995,120.5957013,199.9,BUSY,M-P-001,V2
824,824,L-UAV-01,AMZN,31.3032677,120.6006765,100.0,BUSY,M-L-001,V3
824,824,M-UAV-01,M600,31.3108767,120.6039862,30.5,AVAILABLE,,
824,824,M-UAV-02,M600,31.3062683,120.6025389,30.5,CONTINGENCY,,
825,825,EVTOL-01,EC35,31.2979368,120.5956791,199.9,BUSY,M-P-001,V1
825,825,L-UAV-01,AMZN,31.3033869,120.6007520,100.0,BUSY,M-L-001,V3
825,825,M-UAV-01,M600,31.3108767,120.6039862,30.5,AVAILABLE,,
825,825,M-UAV-02,M600,31.3062683,120.6025389,30.5,CONTINGENCY,,
826,826,EVTOL-01,EC35,31.2975743,120.5957051,199.9,BUSY,M-P-001,V1
826,826,L-UAV-01,AMZN,31.3035061,120.6008274,100.0,BUSY,M-L-001,V3
826,826,M-UAV-01,M600,31.3108767,120.6039862,30.5,AVAILABLE,,
826,826,M-UAV-02,M600,31.3062683,120.6025389,30.5,CONTINGENCY,,
827,827,EVTOL-01,EC35,31.2972166,120.5957787,199.9,BUSY,M-P-001,V1
827,827,L-UAV-01,AMZN,31.3036254,120.6009029,100.0,BUSY,M-L-001,V3
827,827,M-UAV-01,M600,31.3108767,120.6039862,30.5,AVAILABLE,,
827,827,M-UAV-02,M600,31.3062683,120.6025389,30.5,CONTINGENCY,,
828,828,EVTOL-01,EC35,31.2968684,120.5958993,199.9,BUSY,M-P-001,V1
828,828,L-UAV-01,AMZN,31.3037446,120.6009784,100.0,BUSY,M-L-001,V3
828,828,M-UAV-01,M600,31.3108767,120.6039862,30.5,AVAILABLE,,
828,828,M-UAV-02,M600,31.3062683,120.6025389,30.5,CONTINGENCY,,
829,829,EVTOL-01,EC35,31.2965339,120.5960651,199.9,BUSY,M-P-001,V1
829,829,L-UAV-01,AMZN,31.3038638,120.6010538,100.0,BUSY,M-L-001,V3
829,829,M-UAV-01,M600,31.3108767,120.6039862,30.5,AVAILABLE,,
829,829,M-UAV-02,M600,31.3062683,120.6025389,30.5,CONTINGENCY,,
830,830,EVTOL-01,EC35,31.2962177,120.5962740,199.9,BUSY,M-P-001,V1
830,830,L-UAV-01,AMZN,31.3039830,120.6011293,100.0,BUSY,M-L-001,V3
830,830,M-UAV-01,M600,31.3108767,120.6039862,30.5,AVAILABLE,,
830,830,M-UAV-02,M600,31.3062683,120.6025389,30.5,CONTINGENCY,,
831,831,EVTOL-01,EC35,31.2959236,120.5965235,199.9,BUSY,M-P-001,V1
831,831,L-UAV-01,AMZN,31.3041023,120.6012048,100.0,BUSY,M-L-001,V3
831,831,M-UAV-01,M600,31.3108767,120.6039862,30.5,AVAILABLE,,
831,831,M-UAV-02,M600,31.3062683,120.6025389,30.5,CONTINGENCY,,
832,832,EVTOL-01,EC35,31.2956555,120.5968102,199.9,BUSY,M-P-001,V1
832,832,L-UAV-01,AMZN,31.3042215,120.6012802,100.0,BUSY,M-L-001,V3
832,832,M-UAV-01,M600,31.3108767,120.6039862,30.5,AVAILABLE,,
832,832,M-UAV-02,M600,31.3062683,120.6025389,30.5,CONTINGENCY,,
833,833,EVTOL-01,EC35,31.2954168,120.5971305,199.9,BUSY,M-P-001,V1
833,833,L-UAV-01,AMZN,31.3043407,120.6013557,100.0,BUSY,M-L-001,V3
833,833,M-UAV-01,M600,31.3108767,120.6039862,30.5,AVAILABLE,,
833,833,M-UAV-02,M600,31.3062683,120.6025389,30.5,CONTINGENCY,,
834,834,EVTOL-01,EC35,31.2952105,120.5974804,199.9,BUSY,M-P-001,V1
834,834,L-UAV-01,AMZN,31.3044600,120.6014312,100.0,BUSY,M-L-001,V3
834,834,M-UAV-01,M600,31.3108767,120.6039862,30.5,AVAILABLE,,
834,834,M-UAV-02,M600,31.3062683,120.6025389,30.5,CONTINGENCY,,
835,835,EVTOL-01,EC35,31.2950394,120.5978553,199.9,BUSY,M-P-001,V1
835,835,L-UAV-01,AMZN,31.3045792,120.6015066,100.0,BUSY,M-L-001,V3
835,835,M-UAV-01,M600,31.3108767,120.6039862,30.5,AVAILABLE,,
835,835,M-UAV-02,M600,31.3062683,120.6025389,30.5,CONTINGENCY,,
836,836,EVTOL-01,EC35,31.2949055,120.5982504,199.9,BUSY,M-P-001,V1
836,836,L-UAV-01,AMZN,31.3046984,120.6015821,100.0,BUSY,M-L-001,V3
836,836,M-UAV-01,M600,31.3108767,120.6039862,30.5,AVAILABLE,,
836,836,M-UAV-02,M600,31.3062683,120.6025389,30.5,CONTINGENCY,,
837,837,EVTOL-01,EC35,31.2948107,120.5986606,199.9,BUSY,M-P-001,V1
837,837,L-UAV-01,AMZN,31.3048176,120.6016576,100.0,BUSY,M-L-001,V3
837,837,M-UAV-01,M600,31.3108767,120.6039862,30.5,AVAILABLE,,
837,837,M-UAV-02,M600,31.3062683,120.6025389,30.5,CONTINGENCY,,
838,838,EVTOL-01,EC35,31.2947561,120.5990808,199.9,BUSY,M-P-001,V1
838,838,L-UAV-01,AMZN,31.3049369,120.6017331,100.0,BUSY,M-L-001,V3
838,838,M-UAV-01,M600,31.3108767,120.6039862,30.5,AVAILABLE,,
838,838,M-UAV-02,M600,31.3062683,120.6025389,30.5,CONTINGENCY,,
839,839,EVTOL-01,EC35,31.2947424,120.5995056,199.9,BUSY,M-P-001,V1
839,839,L-UAV-01,AMZN,31.3050561,120.6018085,100.0,BUSY,M-L-001,V3
839,839,M-UAV-01,M600,31.3108767,120.6039862,30.5,AVAILABLE,,
839,839,M-UAV-02,M600,31.3062683,120.6025389,30.5,CONTINGENCY,,
840,840,EVTOL-01,EC35,31.2947698,120.5999294,199.9,BUSY,M-P-001,V1
840,840,L-UAV-01,AMZN,31.3051753,120.6018840,100.0,BUSY,M-L-001,V3
840,840,M-UAV-01,M600,31.3108767,120.6039862,30.5,AVAILABLE,,
840,840,M-UAV-02,M600,31.3062683,120.6025389,30.5,CONTINGENCY,,
841,841,EVTOL-01,EC35,31.2948379,120.6003469,199.9,BUSY,M-P-001,V1
841,841,L-UAV-01,AMZN,31.3052945,120.6019595,100.0,BUSY,M-L-001,V3
841,841,M-UAV-01,M600,31.3108767,120.6039862,30.5,AVAILABLE,,
841,841,M-UAV-02,M600,31.3062683,120.6025389,30.5,CONTINGENCY,,
842,842,EVTOL-01,EC35,31.2949459,120.6007527,199.9,BUSY,M-P-001,V1
842,842,L-UAV-01,AMZN,31.3054138,120.6020349,100.0,BUSY,M-L-001,V3
842,842,M-UAV-01,M600,31.3108767,120.6039862,30.5,AVAILABLE,,
842,842,M-UAV-02,M600,31.3062683,120.6025389,30.5,CONTINGENCY,,
843,843,EVTOL-01,EC35,31.2950924,120.6011416,199.9,BUSY,M-P-001,V1
843,843,L-UAV-01,AMZN,31.3055330,120.6021104,100.0,BUSY,M-L-001,V3
843,843,M-UAV-01,M600,31.3108767,120.6039862,30.5,AVAILABLE,,
843,843,M-UAV-02,M600,31.3062683,120.6025389,30.5,CONTINGENCY,,
844,844,EVTOL-01,EC35,31.2952755,120.6015087,199.9,BUSY,M-P-001,V1
844,844,L-UAV-01,AMZN,31.3056522,120.6021859,100.0,BUSY,M-L-001,V3
844,844,M-UAV-01,M600,31.3108767,120.6039862,30.5,AVAILABLE,,
844,844,M-UAV-02,M600,31.3062683,120.6025389,30.5,CONTINGENCY,,
845,845,EVTOL-01,EC35,31.2954929,120.6018492,199.9,BUSY,M-P-001,V1
845,845,L-UAV-01,AMZN,31.3057715,120.6022613,100.0,BUSY,M-L-001,V2
845,845,M-UAV-01,M600,31.3108767,120.6039862,30.5,AVAILABLE,,
845,845,M-UAV-02,M600,31.3062683,120.6025389,30.5,CONTINGENCY,,
846,846,EVTOL-01,EC35,31.2957417,120.6021587,199.9,BUSY,M-P-001,V1
846,846,L-UAV-01,AMZN,31.3059045,120.6022917,100.0,BUSY,M-L-001,V2
846,846,M-UAV-01,M600,31.3108767,120.6039862,30.5,AVAILABLE,,
846,846,M-UAV-02,M600,31.3062683,120.6025389,30.5,CONTINGENCY,,
847,847,EVTOL-01,EC35,31.2960189,120.6024334,199.9,BUSY,M-P-001,V1
847,847,L-UAV-01,AMZN,31.3060392,120.6022741,100.0,BUSY,M-L-001,V2
847,847,M-UAV-01,M600,31.3108767,120.6039862,30.5,AVAILABLE,,
847,847,M-UAV-02,M600,31.3062683,120.6025389,30.5,CONTINGENCY,,
848,848,EVTOL-01,EC35,31.2963208,120.6026697,199.9,BUSY,M-P-001,V1
848,848,L-UAV-01,AMZN,31.3061633,120.6022102,100.0,BUSY,M-L-001,V2
848,848,M-UAV-01,M600,31.3108767,120.6039862,30.5,AVAILABLE,,
848,848,M-UAV-02,M600,31.3062683,120.6025389,30.5,CONTINGENCY,,
849,849,EVTOL-01,EC35,31.2966436,120.6028645,199.9,BUSY,M-P-001,V1
849,849,L-UAV-01,AMZN,31.3062654,120.6021059,100.0,BUSY,M-L-001,V2
849,849,M-UAV-01,M600,31.3108767,120.6039862,30.5,AVAILABLE,,
849,849,M-UAV-02,M600,31.3062683,120.6025389,30.5,CONTINGENCY,,
850,850,EVTOL-01,EC35,31.2969831,120.6030154,199.9,BUSY,M-P-001,V1
850,850,L-UAV-01,AMZN,31.3063362,120.6019706,100.0,BUSY,M-L-001,V2
850,850,M-UAV-01,M600,31.3108767,120.6039862,30.5,AVAILABLE,,
850,850,M-UAV-02,M600,31.3062683,120.6025389,30.5,CONTINGENCY,,
851,851,EVTOL-01,EC35,31.2973350,120.6031205,199.9,BUSY,M-P-001,V1
851,851,L-UAV-01,AMZN,31.3063692,120.6018167,100.0,BUSY,M-L-001,V2
851,851,M-UAV-01,M600,31.3108767,120.6039862,30.5,AVAILABLE,,
851,851,M-UAV-02,M600,31.3062683,120.6025389,30.5,CONTINGENCY,,
852,852,EVTOL-01,EC35,31.2976948,120.6031783,199.9,BUSY,M-P-001,V1
852,852,L-UAV-01,AMZN,31.3063615,120.6016583,100.0,BUSY,M-L-001,V2
852,852,M-UAV-01,M600,31.3108767,120.6039862,30.5,AVAILABLE,,
852,852,M-UAV-02,M600,31.3062683,120.6025389,30.5,CONTINGENCY,,
853,853,EVTOL-01,EC35,31.2980575,120.6032006,199.9,BUSY,M-P-001,V1
853,853,L-UAV-01,AMZN,31.3063136,120.6015099,100.0,BUSY,M-L-001,V2
853,853,M-UAV-01,M600,31.3108767,120.6039862,30.5,AVAILABLE,,
853,853,M-UAV-02,M600,31.3062683,120.6025389,30.5,CONTINGENCY,,
854,854,EVTOL-01,EC35,31.2984202,120.6032228,199.9,BUSY,M-P-001,V1
854,854,L-UAV-01,AMZN,31.3062301,120.6013850,100.0,BUSY,M-L-001,V2
854,854,M-UAV-01,M600,31.3108767,120.6039862,30.5,AVAILABLE,,
854,854,M-UAV-02,M600,31.3062683,120.6025389,30.5,CONTINGENCY,,
855,855,EVTOL-01,EC35,31.2987829,120.6032450,199.9,BUSY,M-P-001,V1
855,855,L-UAV-01,AMZN,31.3061185,120.6012949,100.0,BUSY,M-L-001,V2
855,855,M-UAV-01,M600,31.3108767,120.6039862,30.5,AVAILABLE,,
855,855,M-UAV-02,M600,31.3062683,120.6025389,30.5,CONTINGENCY,,
856,856,EVTOL-01,EC35,31.2991456,120.6032672,199.9,BUSY,M-P-001,V1
856,856,L-UAV-01,AMZN,31.3059992,120.6012195,100.0,BUSY,M-L-001,V2
856,856,M-UAV-01,M600,31.3108767,120.6039862,30.5,AVAILABLE,,
856,856,M-UAV-02,M600,31.3062683,120.6025389,30.5,CONTINGENCY,,
857,857,EVTOL-01,EC35,31.2995083,120.6032895,199.9,BUSY,M-P-001,V1
857,857,L-UAV-01,AMZN,31.3058800,120.6011440,100.0,BUSY,M-L-001,V2
857,857,M-UAV-01,M600,31.3108767,120.6039862,30.5,AVAILABLE,,
857,857,M-UAV-02,M600,31.3062683,120.6025389,30.5,CONTINGENCY,,
858,858,EVTOL-01,EC35,31.2998710,120.6033117,199.9,BUSY,M-P-001,V1
858,858,L-UAV-01,AMZN,31.3057608,120.6010685,100.0,BUSY,M-L-001,V2
858,858,M-UAV-01,M600,31.3108767,120.6039862,30.5,AVAILABLE,,
858,858,M-UAV-02,M600,31.3062683,120.6025389,30.5,CONTINGENCY,,
859,859,EVTOL-01,EC35,31.3002337,120.6033339,199.9,BUSY,M-P-001,V1
859,859,L-UAV-01,AMZN,31.3056416,120.6009931,100.0,BUSY,M-L-001,V2
859,859,M-UAV-01,M600,31.3108767,120.6039862,30.5,AVAILABLE,,
859,859,M-UAV-02,M600,31.3062683,120.6025389,30.5,CONTINGENCY,,
860,860,EVTOL-01,EC35,31.3005964,120.6033561,199.9,BUSY,M-P-001,V1
860,860,L-UAV-01,AMZN,31.3055223,120.6009176,100.0,BUSY,M-L-001,V2
860,860,M-UAV-01,M600,31.3108767,120.6039862,30.5,AVAILABLE,,
860,860,M-UAV-02,M600,31.3062683,120.6025389,30.5,CONTINGENCY,,
861,861,EVTOL-01,EC35,31.3009591,120.6033784,199.9,BUSY,M-P-001,V1
861,861,L-UAV-01,AMZN,31.3054031,120.6008421,100.0,BUSY,M-L-001,V2
861,861,M-UAV-01,M600,31.3108767,120.6039862,30.5,AVAILABLE,,
861,861,M-UAV-02,M600,31.3062683,120.6025389,30.5,CONTINGENCY,,
862,862,EVTOL-01,EC35,31.3013218,120.6034006,199.9,BUSY,M-P-001,V1
862,862,L-UAV-01,AMZN,31.3052839,120.6007667,100.0,BUSY,M-L-001,V2
862,862,M-UAV-01,M600,31.3108767,120.6039862,30.5,AVAILABLE,,
862,862,M-UAV-02,M600,31.3062683,120.6025389,30.5,CONTINGENCY,,
863,863,EVTOL-01,EC35,31.3016845,120.6034228,199.9,BUSY,M-P-001,V1
863,863,L-UAV-01,AMZN,31.3051647,120.6006912,100.0,BUSY,M-L-001,V2
863,863,M-UAV-01,M600,31.3108767,120.6039862,30.5,AVAILABLE,,
863,863,M-UAV-02,M600,31.3062683,120.6025389,30.5,CONTINGENCY,,
864,864,EVTOL-01,EC35,31.3020472,120.6034450,199.9,BUSY,M-P-001,V1
864,864,L-UAV-01,AMZN,31.3050454,120.6006157,100.0,BUSY,M-L-001,V2
864,864,M-UAV-01,M600,31.3108767,120.6039862,30.5,AVAILABLE,,
864,864,M-UAV-02,M600,31.3062683,120.6025389,30.5,CONTINGENCY,,
865,865,EVTOL-01,EC35,31.3024099,120.6034673,199.9,BUSY,M-P-001,V1
865,865,L-UAV-01,AMZN,31.3049262,120.6005403,100.0,BUSY,M-L-001,V2
865,865,M-UAV-01,M600,31.3108767,120.6039862,30.5,AVAILABLE,,
865,865,M-UAV-02,M600,31.3062683,120.6025389,30.5,CONTINGENCY,,
866,866,EVTOL-01,EC35,31.3027726,120.6034895,199.9,BUSY,M-P-001,V1
866,866,L-UAV-01,AMZN,31.3048070,120.6004648,100.0,BUSY,M-L-001,V2
866,866,M-UAV-01,M600,31.3108767,120.6039862,30.5,AVAILABLE,,
866,866,M-UAV-02,M600,31.3062683,120.6025389,30.5,CONTINGENCY,,
867,867,EVTOL-01,EC35,31.3031353,120.6035117,199.9,BUSY,M-P-001,V1
867,867,L-UAV-01,AMZN,31.3046877,120.6003893,100.0,BUSY,M-L-001,V2
867,867,M-UAV-01,M600,31.3108767,120.6039862,30.5,AVAILABLE,,
867,867,M-UAV-02,M600,31.3062683,120.6025389,30.5,CONTINGENCY,,
868,868,EVTOL-01,EC35,31.3034979,120.6035339,199.9,BUSY,M-P-001,V1
868,868,L-UAV-01,AMZN,31.3045685,120.6003139,100.0,BUSY,M-L-001,V2
868,868,M-UAV-01,M600,31.3108767,120.6039862,30.5,AVAILABLE,,
868,868,M-UAV-02,M600,31.3062683,120.6025389,30.5,CONTINGENCY,,
869,869,EVTOL-01,EC35,31.3038606,120.6035562,199.9,BUSY,M-P-001,V1
869,869,L-UAV-01,AMZN,31.3044493,120.6002384,100.0,BUSY,M-L-001,V2
869,869,M-UAV-01,M600,31.3108767,120.6039862,30.5,AVAILABLE,,
869,869,M-UAV-02,M600,31.3062683,120.6025389,30.5,CONTINGENCY,,
870,870,EVTOL-01,EC35,31.3042233,120.6035784,199.9,BUSY,M-P-001,V1
870,870,L-UAV-01,AMZN,31.3043301,120.6001629,100.0,BUSY,M-L-001,V2
870,870,M-UAV-01,M600,31.3108767,120.6039862,30.5,AVAILABLE,,
870,870,M-UAV-02,M600,31.3062683,120.6025389,30.5,CONTINGENCY,,
871,871,EVTOL-01,EC35,31.3045860,120.6036006,199.9,BUSY,M-P-001,V1
871,871,L-UAV-01,AMZN,31.3042108,120.6000875,100.0,BUSY,M-L-001,V2
871,871,M-UAV-01,M600,31.3108767,120.6039862,30.5,AVAILABLE,,
871,871,M-UAV-02,M600,31.3062683,120.6025389,30.5,CONTINGENCY,,
872,872,EVTOL-01,EC35,31.3049487,120.6036228,199.9,BUSY,M-P-001,V1
872,872,L-UAV-01,AMZN,31.3040916,120.6000120,100.0,BUSY,M-L-001,V2
872,872,M-UAV-01,M600,31.3108767,120.6039862,30.5,AVAILABLE,,
872,872,M-UAV-02,M600,31.3062683,120.6025389,30.5,CONTINGENCY,,
873,873,EVTOL-01,EC35,31.3053114,120.6036451,199.9,BUSY,M-P-001,V1
873,873,L-UAV-01,AMZN,31.3039724,120.5999365,100.0,BUSY,M-L-001,V2
873,873,M-UAV-01,M600,31.3108767,120.6039862,30.5,AVAILABLE,,
873,873,M-UAV-02,M600,31.3062683,120.6025389,30.5,CONTINGENCY,,
874,874,EVTOL-01,EC35,31.3056741,120.6036673,199.9,BUSY,M-P-001,V1
874,874,L-UAV-01,AMZN,31.3038531,120.5998611,100.0,BUSY,M-L-001,V2
874,874,M-UAV-01,M600,31.3108767,120.6039862,30.5,AVAILABLE,,
874,874,M-UAV-02,M600,31.3062683,120.6025389,30.5,CONTINGENCY,,
875,875,EVTOL-01,EC35,31.3060368,120.6036895,199.9,BUSY,M-P-001,V1
875,875,L-UAV-01,AMZN,31.3037339,120.5997856,100.0,BUSY,M-L-001,V2
875,875,M-UAV-01,M600,31.3108767,120.6039862,30.5,AVAILABLE,,
875,875,M-UAV-02,M600,31.3062683,120.6025389,30.5,CONTINGENCY,,
876,876,EVTOL-01,EC35,31.3063995,120.6037118,199.9,BUSY,M-P-001,V1
876,876,L-UAV-01,AMZN,31.3036147,120.5997101,100.0,BUSY,M-L-001,V2
876,876,M-UAV-01,M600,31.3108767,120.6039862,30.5,AVAILABLE,,
876,876,M-UAV-02,M600,31.3062683,120.6025389,30.5,CONTINGENCY,,
877,877,EVTOL-01,EC35,31.3067622,120.6037340,199.9,BUSY,M-P-001,V1
877,877,L-UAV-01,AMZN,31.3034955,120.5996347,100.0,BUSY,M-L-001,V2
877,877,M-UAV-01,M600,31.3108767,120.6039862,30.5,AVAILABLE,,
877,877,M-UAV-02,M600,31.3062683,120.6025389,30.5,CONTINGENCY,,
878,878,EVTOL-01,EC35,31.3071249,120.6037562,199.9,BUSY,M-P-001,V1
878,878,L-UAV-01,AMZN,31.3033762,120.5995592,100.0,BUSY,M-L-001,V2
878,878,M-UAV-01,M600,31.3108767,120.6039862,30.5,AVAILABLE,,
878,878,M-UAV-02,M600,31.3062683,120.6025389,30.5,CONTINGENCY,,
879,879,EVTOL-01,EC35,31.3074876,120.6037784,199.9,BUSY,M-P-001,V1
879,879,L-UAV-01,AMZN,31.3032570,120.5994837,100.0,BUSY,M-L-001,V2
879,879,M-UAV-01,M600,31.3108767,120.6039862,30.5,AVAILABLE,,
879,879,M-UAV-02,M600,31.3062683,120.6025389,30.5,CONTINGENCY,,
880,880,EVTOL-01,EC35,31.3078503,120.6038007,199.9,BUSY,M-P-001,V1
880,880,L-UAV-01,AMZN,31.3031378,120.5994083,100.0,BUSY,M-L-001,V2
880,880,M-UAV-01,M600,31.3108767,120.6039862,30.5,AVAILABLE,,
880,880,M-UAV-02,M600,31.3062683,120.6025389,30.5,CONTINGENCY,,
881,881,EVTOL-01,EC35,31.3082130,120.6038229,199.9,BUSY,M-P-001,V1
881,881,L-UAV-01,AMZN,31.3030185,120.5993328,100.0,BUSY,M-L-001,V2
881,881,M-UAV-01,M600,31.3108767,120.6039862,30.5,AVAILABLE,,
881,881,M-UAV-02,M600,31.3062683,120.6025389,30.5,CONTINGENCY,,
882,882,EVTOL-01,EC35,31.3085757,120.6038451,199.9,BUSY,M-P-001,V1
882,882,L-UAV-01,AMZN,31.3028993,120.5992573,100.0,BUSY,M-L-001,V2
882,882,M-UAV-01,M600,31.3108767,120.6039862,30.5,AVAILABLE,,
882,882,M-UAV-02,M600,31.3062683,120.6025389,30.5,CONTINGENCY,,
883,883,EVTOL-01,EC35,31.3089383,120.6038674,199.9,BUSY,M-P-001,V1
883,883,L-UAV-01,AMZN,31.3027801,120.5991819,100.0,BUSY,M-L-001,V2
883,883,M-UAV-01,M600,31.3108767,120.6039862,30.5,AVAILABLE,,
883,883,M-UAV-02,M600,31.3062683,120.6025389,30.5,CONTINGENCY,,
884,884,EVTOL-01,EC35,31.3093010,120.6038896,199.9,BUSY,M-P-001,V1
884,884,L-UAV-01,AMZN,31.3026609,120.5991064,100.0,BUSY,M-L-001,V2
884,884,M-UAV-01,M600,31.3108767,120.6039862,30.5,AVAILABLE,,
884,884,M-UAV-02,M600,31.3062683,120.6025389,30.5,CONTINGENCY,,
885,885,EVTOL-01,EC35,31.3096637,120.6039118,199.9,BUSY,M-P-001,V1
885,885,L-UAV-01,AMZN,31.3025416,120.5990310,100.0,BUSY,M-L-001,V2
885,885,M-UAV-01,M600,31.3108767,120.6039862,30.5,AVAILABLE,,
885,885,M-UAV-02,M600,31.3062683,120.6025389,30.5,CONTINGENCY,,
886,886,EVTOL-01,EC35,31.3100264,120.6039340,199.9,BUSY,M-P-001,V2
886,886,L-UAV-01,AMZN,31.3024224,120.5989555,100.0,BUSY,M-L-001,V2
886,886,M-UAV-01,M600,31.3108767,120.6039862,30.5,AVAILABLE,,
886,886,M-UAV-02,M600,31.3062683,120.6025389,30.5,CONTINGENCY,,
887,887,EVTOL-01,EC35,31.3103889,120.6039082,199.9,BUSY,M-P-001,V2
887,887,L-UAV-01,AMZN,31.3023032,120.5988800,100.0,BUSY,M-L-001,V2
887,887,M-UAV-01,M600,31.3108767,120.6039862,30.5,AVAILABLE,,
887,887,M-UAV-02,M600,31.3062683,120.6025389,30.5,CONTINGENCY,,
888,888,EVTOL-01,EC35,31.3107466,120.6038345,199.9,BUSY,M-P-001,V2
888,888,L-UAV-01,AMZN,31.3021839,120.5988046,100.0,BUSY,M-L-001,V2
888,888,M-UAV-01,M600,31.3108767,120.6039862,30.5,AVAILABLE,,
888,888,M-UAV-02,M600,31.3062683,120.6025389,30.5,CONTINGENCY,,
889,889,EVTOL-01,EC35,31.3110949,120.6037140,199.9,BUSY,M-P-001,V2
889,889,L-UAV-01,AMZN,31.3020647,120.5987291,100.0,BUSY,M-L-001,V2
889,889,M-UAV-01,M600,31.3108767,120.6039862,30.5,AVAILABLE,,
889,889,M-UAV-02,M600,31.3062683,120.6025389,30.5,CONTINGENCY,,
890,890,EVTOL-01,EC35,31.3114294,120.6035482,199.9,BUSY,M-P-001,V2
890,890,L-UAV-01,AMZN,31.3019455,120.5986536,100.0,BUSY,M-L-001,V2
890,890,M-UAV-01,M600,31.3108767,120.6039862,30.5,AVAILABLE,,
890,890,M-UAV-02,M600,31.3062683,120.6025389,30.5,CONTINGENCY,,
891,891,EVTOL-01,EC35,31.3117457,120.6033393,199.9,BUSY,M-P-001,V2
891,891,L-UAV-01,AMZN,31.3018262,120.5985782,100.0,BUSY,M-L-001,V2
891,891,M-UAV-01,M600,31.3108767,120.6039862,30.5,AVAILABLE,,
891,891,M-UAV-02,M600,31.3062683,120.6025389,30.5,CONTINGENCY,,
892,892,EVTOL-01,EC35,31.3120397,120.6030898,199.9,BUSY,M-P-001,V2
892,892,L-UAV-01,AMZN,31.3017070,120.5985027,100.0,BUSY,M-L-001,V2
892,892,M-UAV-01,M600,31.3108767,120.6039862,30.5,AVAILABLE,,
892,892,M-UAV-02,M600,31.3062683,120.6025389,30.5,CONTINGENCY,,
893,893,EVTOL-01,EC35,31.3123079,120.6028031,199.9,BUSY,M-P-001,V2
893,893,L-UAV-01,AMZN,31.3015878,120.5984273,100.0,BUSY,M-L-001,V2
893,893,M-UAV-01,M600,31.3108767,120.6039862,30.5,AVAILABLE,,
893,893,M-UAV-02,M600,31.3062683,120.6025389,30.5,CONTINGENCY,,
894,894,EVTOL-01,EC35,31.3125466,120.6024827,199.9,BUSY,M-P-001,V2
894,894,L-UAV-01,AMZN,31.3014686,120.5983518,100.0,BUSY,M-L-001,V2
894,894,M-UAV-01,M600,31.3108767,120.6039862,30.5,AVAILABLE,,
894,894,M-UAV-02,M600,31.3062683,120.6025389,30.5,CONTINGENCY,,
895,895,EVTOL-01,EC35,31.3127529,120.6021328,199.9,BUSY,M-P-001,V2
895,895,L-UAV-01,AMZN,31.3013493,120.5982763,100.0,BUSY,M-L-001,V2
895,895,M-UAV-01,M600,31.3108767,120.6039862,30.5,AVAILABLE,,
895,895,M-UAV-02,M600,31.3062683,120.6025389,30.5,CONTINGENCY,,
896,896,EVTOL-01,EC35,31.3129241,120.6017579,199.9,BUSY,M-P-001,V2
896,896,L-UAV-01,AMZN,31.3012301,120.5982009,100.0,BUSY,M-L-001,V2
896,896,M-UAV-01,M600,31.3108767,120.6039862,30.5,AVAILABLE,,
896,896,M-UAV-02,M600,31.3062683,120.6025389,30.5,CONTINGENCY,,
897,897,EVTOL-01,EC35,31.3130579,120.6013627,199.9,BUSY,M-P-001,V2
897,897,L-UAV-01,AMZN,31.3011109,120.5981254,100.0,BUSY,M-L-001,V2
897,897,M-UAV-01,M600,31.3108767,120.6039862,30.5,AVAILABLE,,
897,897,M-UAV-02,M600,31.3062683,120.6025389,30.5,CONTINGENCY,,
898,898,EVTOL-01,EC35,31.3131528,120.6009524,199.9,BUSY,M-P-001,V2
898,898,L-UAV-01,AMZN,31.3009916,120.5980500,100.0,BUSY,M-L-001,V2
898,898,M-UAV-01,M600,31.3108767,120.6039862,30.5,AVAILABLE,,
898,898,M-UAV-02,M600,31.3062683,120.6025389,30.5,CONTINGENCY,,
899,899,EVTOL-01,EC35,31.3132075,120.6005321,199.9,BUSY,M-P-001,V2
899,899,L-UAV-01,AMZN,31.3008724,120.5979745,100.0,BUSY,M-L-001,V2
899,899,M-UAV-01,M600,31.3108767,120.6039862,30.5,AVAILABLE,,
899,899,M-UAV-02,M600,31.3062683,120.6025389,30.5,CONTINGENCY,,
900,900,EVTOL-01,EC35,31.3132212,120.6001073,199.9,BUSY,M-P-001,V2
900,900,L-UAV-01,AMZN,31.3007532,120.5978990,100.0,BUSY,M-L-001,V2
900,900,M-UAV-01,M600,31.3108767,120.6039862,30.5,AVAILABLE,,
900,900,M-UAV-02,M600,31.3062683,120.6025389,30.5,CONTINGENCY,,
