t,sim_time_s,aircraft_id,type,lat,lon,alt_m,status,mission_id,dest
1,1,EVTOL-01,EC35,31.3011162,120.5980367,199.9,BUSY,M-P-001,V1
1,1,L-UAV-01,AMZN,31.2983944,120.5965607,100.0,BUSY,M-L-001,V3
1,1,M-UAV-01,M600,31.3108767,120.6039862,98.5,AVAILABLE,,
1,1,M-UAV-02,M600,31.2971716,120.5956323,98.5,AVAILABLE,,
2,2,EVTOL-01,EC35,31.3014386,120.5982332,199.9,BUSY,M-P-001,V1
2,2,L-UAV-01,AMZN,31.2985082,120.5966472,100.0,BUSY,M-L-001,V3
2,2,M-UAV-01,M600,31.3108767,120.6039862,95.4,AVAILABLE,,
2,2,M-UAV-02,M600,31.2971716,120.5956323,95.4,AVAILABLE,,
3,3,EVTOL-01,EC35,31.3017609,120.5984296,199.9,BUSY,M-P-001,V1
3,3,L-UAV-01,AMZN,31.2986221,120.5967336,100.0,BUSY,M-L-001,V3
3,3,M-UAV-01,M600,31.3108767,120.6039862,90.8,AVAILABLE,,
3,3,M-UAV-02,M600,31.2971716,120.5956323,90.8,AVAILABLE,,
4,4,EVTOL-01,EC35,31.3020832,120.5986261,199.9,BUSY,M-P-001,V1
4,4,L-UAV-01,AMZN,31.2987360,120.5968201,100.0,BUSY,M-L-001,V3
4,4,M-UAV-01,M600,31.3108767,120.6039862,84.7,AVAILABLE,,
4,4,M-UAV-02,M600,31.2971716,120.5956323,84.7,AVAILABLE,,
5,5,EVTOL-01,EC35,31.3024055,120.5988225,199.9,BUSY,M-P-001,V1
5,5,L-UAV-01,AMZN,31.2988499,120.5969065,100.0,BUSY,M-L-001,V3
5,5,M-UAV-01,M600,31.3108767,120.6039862,77.1,AVAILABLE,,
5,5,M-UAV-02,M600,31.2971716,120.5956323,77.1,AVAILABLE,,
6,6,EVTOL-01,EC35,31.3027278,120.5990190,199.9,BUSY,M-P-001,V1
6,6,L-UAV-01,AMZN,31.2989638,120.5969930,100.0,BUSY,M-L-001,V3
6,6,M-UAV-01,M600,31.3108767,120.6039862,69.5,AVAILABLE,,
6,6,M-UAV-02,M600,31.2971716,120.5956323,69.5,AVAILABLE,,
7,7,EVTOL-01,EC35,31.3030502,120.5992154,199.9,BUSY,M-P-001,V1
7,7,L-UAV-01,AMZN,31.2990777,120.5970795,100.0,BUSY,M-L-001,V3
7,7,M-UAV-01,M600,31.3108767,120.6039862,61.9,AVAILABLE,,
7,7,M-UAV-02,M600,31.2971716,120.5956323,61.9,AVAILABLE,,
8,8,EVTOL-01,EC35,31.3033725,120.5994119,199.9,BUSY,M-P-001,V1
8,8,L-UAV-01,AMZN,31.2991915,120.5971659,100.0,BUSY,M-L-001,V3
8,8,M-UAV-01,M600,31.3108767,120.6039862,54.3,AVAILABLE,,
8,8,M-UAV-02,M600,31.2971716,120.5956323,54.3,AVAILABLE,,
9,9,EVTOL-01,EC35,31.3036948,120.5996083,199.9,BUSY,M-P-001,V1
9,9,L-UAV-01,AMZN,31.2993054,120.5972524,100.0,BUSY,M-L-001,V3
9,9,M-UAV-01,M600,31.3108767,120.6039862,46.6,AVAILABLE,,
9,9,M-UAV-02,M600,31.2971716,120.5956323,46.6,AVAILABLE,,
10,10,EVTOL-01,EC35,31.3040171,120.5998048,199.9,BUSY,M-P-001,V1
10,10,L-UAV-01,AMZN,31.2994193,120.5973388,100.0,BUSY,M-L-001,V3
10,10,M-UAV-01,M600,31.3108767,120.6039862,39.0,AVAILABLE,,
10,10,M-UAV-02,M600,31.2971716,120.5956323,39.0,AVAILABLE,,
11,11,EVTOL-01,EC35,31.3043394,120.6000012,199.9,BUSY,M-P-001,V1
11,11,L-UAV-01,AMZN,31.2995332,120.5974253,100.0,BUSY,M-L-001,V3
11,11,M-UAV-01,M600,31.3108767,120.6039862,31.4,AVAILABLE,,
11,11,M-UAV-02,M600,31.2971716,120.5956323,31.4,AVAILABLE,,
12,12,EVTOL-01,EC35,31.3046617,120.6001977,199.9,BUSY,M-P-001,V1
12,12,L-UAV-01,AMZN,31.2996471,120.5975117,100.0,BUSY,M-L-001,V3
12,12,M-UAV-01,M600,31.3108767,120.6039862,30.5,AVAILABLE,,
12,12,M-UAV-02,M600,31.2971716,120.5956323,30.5,AVAILABLE,,
13,13,EVTOL-01,EC35,31.3049841,120.6003942,199.9,BUSY,M-P-001,V1
13,13,L-UAV-01,AMZN,31.2997609,120.5975982,100.0,BUSY,M-L-001,V3
13,13,M-UAV-01,M600,31.3108767,120.6039862,30.5,AVAILABLE,,
13,13,M-UAV-02,M600,31.2971716,120.5956323,30.5,AVAILABLE,,
14,14,EVTOL-01,EC35,31.3053064,120.6005906,199.9,BUSY,M-P-001,V1
14,14,L-UAV-01,AMZN,31.2998748,120.5976847,100.0,BUSY,M-L-001,V3
14,14,M-UAV-01,M600,31.3108767,120.6039862,30.5,AVAILABLE,,
14,14,M-UAV-02,M600,31.2971716,120.5956323,30.5,AVAILABLE,,
15,15,EVTOL-01,EC35,31.3056287,120.6007871,199.9,BUSY,M-P-001,V1
15,15,L-UAV-01,AMZN,31.2999887,120.5977711,100.0,BUSY,M-L-001,V3
15,15,M-UAV-01,M600,31.3108767,120.6039862,30.5,AVAILABLE,,
15,15,M-UAV-02,M600,31.2971716,120.5956323,30.5,AVAILABLE,,
16,16,EVTOL-01,EC35,31.3059510,120.6009836,199.9,BUSY,M-P-001,V1
16,16,L-UAV-01,AMZN,31.3001026,120.5978576,100.0,BUSY,M-L-001,V3
16,16,M-UAV-01,M600,31.3108767,120.6039862,30.5,AVAILABLE,,
16,16,M-UAV-02,M600,31.2971716,120.5956323,30.5,AVAILABLE,,
17,17,EVTOL-01,EC35,31.3062733,120.6011800,199.9,BUSY,M-P-001,V1
17,17,L-UAV-01,AMZN,31.3002165,120.5979440,100.0,BUSY,M-L-001,V3
17,17,M-UAV-01,M600,31.3108767,120.6039862,30.5,AVAILABLE,,
17,17,M-UAV-02,M600,31.2971716,120.5956323,30.5,AVAILABLE,,
18,18,EVTOL-01,EC35,31.3065956,120.6013765,199.9,BUSY,M-P-001,V1
18,18,L-UAV-01,AMZN,31.3003304,120.5980305,100.0,BUSY,M-L-001,V3
18,18,M-UAV-01,M600,31.3108767,120.6039862,30.5,AVAILABLE,,
18,18,M-UAV-02,M600,31.2971716,120.5956323,30.5,AVAILABLE,,
19,19,EVTOL-01,EC35,31.3069180,120.6015730,199.9,BUSY,M-P-001,V1
19,19,L-UAV-01,AMZN,31.3004442,120.5981170,100.0,BUSY,M-L-001,V3
19,19,M-UAV-01,M600,31.3108767,120.6039862,30.5,AVAILABLE,,
19,19,M-UAV-02,M600,31.2971716,120.5956323,30.5,AVAILABLE,,
20,20,EVTOL-01,EC35,31.3072403,120.6017694,199.9,BUSY,M-P-001,V1
20,20,L-UAV-01,AMZN,31.3005581,120.5982034,100.0,BUSY,M-L-001,V3
20,20,M-UAV-01,M600,31.3108767,120.6039862,30.5,AVAILABLE,,
20,20,M-UAV-02,M600,31.2971716,120.5956323,30.5,AVAILABLE,,
21,21,EVTOL-01,EC35,31.3075626,120.6019659,199.9,BUSY,M-P-001,V1
21,21,L-UAV-01,AMZN,31.3006720,120.5982899,100.0,BUSY,M-L-001,V3
21,21,M-UAV-01,M600,31.3108767,120.6039862,30.5,AVAILABLE,,
21,21,M-UAV-02,M600,31.2971716,120.5956323,30.5,AVAILABLE,,
22,22,EVTOL-01,EC35,31.3078849,120.6021624,199.9,BUSY,M-P-001,V1
22,22,L-UAV-01,AMZN,31.3007859,120.5983763,100.0,BUSY,M-L-001,V3
22,22,M-UAV-01,M600,31.3108767,120.6039862,30.5,AVAILABLE,,
22,22,M-UAV-02,M600,31.2971716,120.5956323,30.5,AVAILABLE,,
23,23,EVTOL-01,EC35,31.3082072,120.6023588,199.9,BUSY,M-P-001,V1
23,23,L-UAV-01,AMZN,31.3008998,120.5984628,100.0,BUSY,M-L-001,V3
23,23,M-UAV-01,M600,31.3108767,120.6039862,30.5,AVAILABLE,,
23,23,M-UAV-02,M600,31.2971716,120.5956323,30.5,AVAILABLE,,
24,24,EVTOL-01,EC35,31.3085295,120.6025553,199.9,BUSY,M-P-001,V1
24,24,L-UAV-01,AMZN,31.3010136,120.5985493,100.0,BUSY,M-L-001,V3
24,24,M-UAV-01,M600,31.3108767,120.6039862,30.5,AVAILABLE,,
24,24,M-UAV-02,M600,31.2971716,120.5956323,30.5,AVAILABLE,,
25,25,EVTOL-01,EC35,31.3088518,120.6027518,199.9,BUSY,M-P-001,V1
25,25,L-UAV-01,AMZN,31.3011275,120.5986357,100.0,BUSY,M-L-001,V3
25,25,M-UAV-01,M600,31.3108767,120.6039862,30.5,AVAILABLE,,
25,25,M-UAV-02,M600,31.2971716,120.5956323,30.5,AVAILABLE,,
26,26,EVTOL-01,EC35,31.3091742,120.6029483,199.9,BUSY,M-P-001,V1
26,26,L-UAV-01,AMZN,31.3012414,120.5987222,100.0,BUSY,M-L-001,V3
26,26,M-UAV-01,M600,31.3108767,120.6039862,30.5,AVAILABLE,,
26,26,M-UAV-02,M600,31.2971716,120.5956323,30.5,AVAILABLE,,
27,27,EVTOL-01,EC35,31.3094965,120.6031447,199.9,BUSY,M-P-001,V1
27,27,L-UAV-01,AMZN,31.3013553,120.5988086,100.0,BUSY,M-L-001,V3
27,27,M-UAV-01,M600,31.3108767,120.6039862,30.5,AVAILABLE,,
27,27,M-UAV-02,M600,31.2971716,120.5956323,30.5,AVAILABLE,,
28,28,EVTOL-01,EC35,31.3098188,120.6033412,199.9,BUSY,M-P-001,V1
28,28,L-UAV-01,AMZN,31.3014692,120.5988951,100.0,BUSY,M-L-001,V3
28,28,M-UAV-01,M600,31.3108767,120.6039862,30.5,AVAILABLE,,
28,28,M-UAV-02,M600,31.2971716,120.5956323,30.5,AVAILABLE,,
29,29,EVTOL-01,EC35,31.3101411,120.6035377,199.9,BUSY,M-P-001,V2
29,29,L-UAV-01,AMZN,31.3015830,120.5989816,100.0,BUSY,M-L-001,V3
29,29,M-UAV-01,M600,31.3108767,120.6039862,30.5,AVAILABLE,,
29,29,M-UAV-02,M600,31.2971716,120.5956323,30.5,AVAILABLE,,
30,30,EVTOL-01,EC35,31.3104801,120.6036902,199.9,BUSY,M-P-001,V2
30,30,L-UAV-01,AMZN,31.3016969,120.5990680,100.0,BUSY,M-L-001,V3
30,30,M-UAV-01,M600,31.3108767,120.6039862,30.5,AVAILABLE,,
30,30,M-UAV-02,M600,31.2971716,120.5956323,30.5,AVAILABLE,,
31,31,EVTOL-01,EC35,31.3108317,120.6037969,199.9,BUSY,M-P-001,V2
31,31,L-UAV-01,AMZN,31.3018108,120.5991545,100.0,BUSY,M-L-001,V3
31,31,M-UAV-01,M600,31.3108767,120.6039862,30.5,AVAILABLE,,
31,31,M-UAV-02,M600,31.2971716,120.5956323,30.5,AVAILABLE,,
32,32,EVTOL-01,EC35,31.3111913,120.6038564,199.9,BUSY,M-P-001,V2
32,32,L-UAV-01,AMZN,31.3019247,120.5992409,100.0,BUSY,M-L-001,V3
32,32,M-UAV-01,M600,31.3108767,120.6039862,30.5,AVAILABLE,,
32,32,M-UAV-02,M600,31.2971716,120.5956323,30.5,AVAILABLE,,
33,33,EVTOL-01,EC35,31.3115543,120.6038680,199.9,BUSY,M-P-001,V2
33,33,L-UAV-01,AMZN,31.3020386,120.5993274,100.0,BUSY,M-L-001,V3
33,33,M-UAV-01,M600,31.3108767,120.6039862,30.5,AVAILABLE,,
33,33,M-UAV-02,M600,31.2971716,120.5956323,30.5,AVAILABLE,,
34,34,EVTOL-01,EC35,31.3119162,120.6038315,199.9,BUSY,M-P-001,V2
34,34,L-UAV-01,AMZN,31.3021524,120.5994139,100.0,BUSY,M-L-001,V3
34,34,M-UAV-01,M600,31.3108767,120.6039862,30.5,AVAILABLE,,
34,34,M-UAV-02,M600,31.2971716,120.5956323,30.5,AVAILABLE,,
35,35,EVTOL-01,EC35,31.3122722,120.6037473,199.9,BUSY,M-P-001,V2
35,35,L-UAV-01,AMZN,31.3022663,120.5995003,100.0,BUSY,M-L-001,V3
35,35,M-UAV-01,M600,31.3108767,120.6039862,30.5,AVAILABLE,,
35,35,M-UAV-02,M600,31.2971716,120.5956323,30.5,AVAILABLE,,
36,36,EVTOL-01,EC35,31.3126178,120.6036167,199.9,BUSY,M-P-001,V2
36,36,L-UAV-01,AMZN,31.3023802,120.5995868,100.0,BUSY,M-L-001,V3
36,36,M-UAV-01,M600,31.3108767,120.6039862,30.5,AVAILABLE,,
36,36,M-UAV-02,M600,31.2971716,120.5956323,30.5,AVAILABLE,,
37,37,EVTOL-01,EC35,31.3129486,120.6034411,199.9,BUSY,M-P-001,V2
37,37,L-UAV-01,AMZN,31.3024941,120.5996733,100.0,BUSY,M-L-001,V3
37,37,M-UAV-01,M600,31.3108767,120.6039862,30.5,AVAILABLE,,
37,37,M-UAV-02,M600,31.2971716,120.5956323,30.5,AVAILABLE,,
38,38,EVTOL-01,EC35,31.3132603,120.6032229,199.9,BUSY,M-P-001,V2
38,38,L-UAV-01,AMZN,31.3026080,120.5997597,100.0,BUSY,M-L-001,V3
38,38,M-UAV-01,M600,31.3108767,120.6039862,30.5,AVAILABLE,,
38,38,M-UAV-02,M600,31.2971716,120.5956323,30.5,AVAILABLE,,
39,39,EVTOL-01,EC35,31.3135489,120.6029649,199.9,BUSY,M-P-001,V2
39,39,L-UAV-01,AMZN,31.3027218,120.5998462,100.0,BUSY,M-L-001,V3
39,39,M-UAV-01,M600,31.3108767,120.6039862,30.5,AVAILABLE,,
39,39,M-UAV-02,M600,31.2971716,120.5956323,30.5,AVAILABLE,,
40,40,EVTOL-01,EC35,31.3138108,120.6026704,199.9,BUSY,M-P-001,V2
40,40,L-UAV-01,AMZN,31.3028357,120.5999326,100.0,BUSY,M-L-001,V3
40,40,M-UAV-01,M600,31.3108767,120.6039862,30.5,AVAILABLE,,
40,40,M-UAV-02,M600,31.2971716,120.5956323,30.5,AVAILABLE,,
41,41,EVTOL-01,EC35,31.3140426,120.6023431,199.9,BUSY,M-P-001,V2
41,41,L-UAV-01,AMZN,31.3029496,120.6000191,100.0,BUSY,M-L-001,V3
41,41,M-UAV-01,M600,31.3108767,120.6039862,30.5,AVAILABLE,,
41,41,M-UAV-02,M600,31.2971716,120.5956323,30.5,AVAILABLE,,
42,42,EVTOL-01,EC35,31.3142413,120.6019873,199.9,BUSY,M-P-001,V2
42,42,L-UAV-01,AMZN,31.3030635,120.6001056,100.0,BUSY,M-L-001,V3
42,42,M-UAV-01,M600,31.3108767,120.6039862,30.5,AVAILABLE,,
42,42,M-UAV-02,M600,31.2971716,120.5956323,30.5,AVAILABLE,,
43,43,EVTOL-01,EC35,31.3144044,120.6016074,199.9,BUSY,M-P-001,V2
43,43,L-UAV-01,AMZN,31.3031774,120.6001920,100.0,BUSY,M-L-001,V3
43,43,M-UAV-01,M600,31.3108767,120.6039862,30.5,AVAILABLE,,
43,43,M-UAV-02,M600,31.2971716,120.5956323,30.5,AVAILABLE,,
44,44,EVTOL-01,EC35,31.3145298,120.6012084,199.9,BUSY,M-P-001,V2
44,44,L-UAV-01,AMZN,31.3032912,120.6002785,100.0,BUSY,M-L-001,V3
44,44,M-UAV-01,M600,31.3108767,120.6039862,30.5,AVAILABLE,,
44,44,M-UAV-02,M600,31.2971716,120.5956323,30.5,AVAILABLE,,
45,45,EVTOL-01,EC35,31.3146159,120.6007954,199.9,BUSY,M-P-001,V2
45,45,L-UAV-01,AMZN,31.3034051,120.6003650,100.0,BUSY,M-L-001,V3
45,45,M-UAV-01,M600,31.3108767,120.6039862,30.5,AVAILABLE,,
45,45,M-UAV-02,M600,31.2971716,120.5956323,30.5,AVAILABLE,,
46,46,EVTOL-01,EC35,31.3146615,120.6003737,199.9,BUSY,M-P-001,V2
46,46,L-UAV-01,AMZN,31.3035190,120.6004514,100.0,BUSY,M-L-001,V3
46,46,M-UAV-01,M600,31.3108767,120.6039862,30.5,AVAILABLE,,
46,46,M-UAV-02,M600,31.2971716,120.5956323,30.5,AVAILABLE,,
47,47,EVTOL-01,EC35,31.3146661,120.5999486,199.9,BUSY,M-P-001,V2
47,47,L-UAV-01,AMZN,31.3036329,120.6005379,100.0,BUSY,M-L-001,V3
47,47,M-UAV-01,M600,31.3108767,120.6039862,30.5,AVAILABLE,,
47,47,M-UAV-02,M600,31.2971716,120.5956323,30.5,AVAILABLE,,
48,48,EVTOL-01,EC35,31.3146297,120.5995256,199.9,BUSY,M-P-001,V2
48,48,L-UAV-01,AMZN,31.3037468,120.6006244,100.0,BUSY,M-L-001,V3
48,48,M-UAV-01,M600,31.3108767,120.6039862,30.5,AVAILABLE,,
48,48,M-UAV-02,M600,31.2971716,120.5956323,30.5,AVAILABLE,,
49,49,EVTOL-01,EC35,31.3145527,120.5991102,199.9,BUSY,M-P-001,V2
49,49,L-UAV-01,AMZN,31.3038606,120.6007108,100.0,BUSY,M-L-001,V3
49,49,M-UAV-01,M600,31.3108767,120.6039862,30.5,AVAILABLE,,
49,49,M-UAV-02,M600,31.2971716,120.5956323,30.5,AVAILABLE,,
50,50,EVTOL-01,EC35,31.3144361,120.5987076,199.9,BUSY,M-P-001,V2
50,50,L-UAV-01,AMZN,31.3039745,120.6007973,100.0,BUSY,M-L-001,V3
50,50,M-UAV-01,M600,31.3108767,120.6039862,30.5,AVAILABLE,,
50,50,M-UAV-02,M600,31.2971716,120.5956323,30.5,AVAILABLE,,
51,51,EVTOL-01,EC35,31.3142813,120.5983230,199.9,BUSY,M-P-001,V2
51,51,L-UAV-01,AMZN,31.3040884,120.6008838,100.0,BUSY,M-L-001,V3
51,51,M-UAV-01,M600,31.3108767,120.6039862,30.5,AVAILABLE,,
51,51,M-UAV-02,M600,31.2971716,120.5956323,30.5,AVAILABLE,,
52,52,EVTOL-01,EC35,31.3140904,120.5979613,199.9,BUSY,M-P-001,V2
52,52,L-UAV-01,AMZN,31.3042023,120.6009702,100.0,BUSY,M-L-001,V3
52,52,M-UAV-01,M600,31.3108767,120.6039862,30.5,AVAILABLE,,
52,52,M-UAV-02,M600,31.2971716,120.5956323,30.5,AVAILABLE,,
53,53,EVTOL-01,EC35,31.3138658,120.5976272,199.9,BUSY,M-P-001,V2
53,53,L-UAV-01,AMZN,31.3043162,120.6010567,100.0,BUSY,M-L-001,V3
53,53,M-UAV-01,M600,31.3108767,120.6039862,30.5,AVAILABLE,,
53,53,M-UAV-02,M600,31.2971716,120.5956323,30.5,AVAILABLE,,
54,54,EVTOL-01,EC35,31.3136104,120.5973250,199.9,BUSY,M-P-001,V2
54,54,L-UAV-01,AMZN,31.3044300,120.6011432,100.0,BUSY,M-L-001,V3
54,54,M-UAV-01,M600,31.3108767,120.6039862,30.5,AVAILABLE,,
54,54,M-UAV-02,M600,31.2971716,120.5956323,30.5,AVAILABLE,,
55,55,EVTOL-01,EC35,31.3133275,120.5970584,199.9,BUSY,M-P-001,V2
55,55,L-UAV-01,AMZN,31.3045439,120.6012296,100.0,BUSY,M-L-001,V3
55,55,M-UAV-01,M600,31.3108767,120.6039862,30.5,AVAILABLE,,
55,55,M-UAV-02,M600,31.2971716,120.5956323,30.5,AVAILABLE,,
56,56,EVTOL-01,EC35,31.3130207,120.5968310,199.9,BUSY,M-P-001,V2
56,56,L-UAV-01,AMZN,31.3046578,120.6013161,100.0,BUSY,M-L-001,V3
56,56,M-UAV-01,M600,31.3108767,120.6039862,30.5,AVAILABLE,,
56,56,M-UAV-02,M600,31.2971716,120.5956323,30.5,AVAILABLE,,
57,57,EVTOL-01,EC35,31.3126938,120.5966456,199.9,BUSY,M-P-001,V2
57,57,L-UAV-01,AMZN,31.3047717,120.6014026,100.0,BUSY,M-L-001,V3
57,57,M-UAV-01,M600,31.3108767,120.6039862,30.5,AVAILABLE,,
57,57,M-UAV-02,M600,31.2971716,120.5956323,30.5,AVAILABLE,,
58,58,EVTOL-01,EC35,31.3123512,120.5965046,199.9,BUSY,M-P-001,V2
58,58,L-UAV-01,AMZN,31.3048856,120.6014890,100.0,BUSY,M-L-001,V3
58,58,M-UAV-01,M600,31.3108767,120.6039862,30.5,AVAILABLE,,
58,58,M-UAV-02,M600,31.2971716,120.5956323,30.5,AVAILABLE,,
59,59,EVTOL-01,EC35,31.3119971,120.5964099,199.9,BUSY,M-P-001,V2
59,59,L-UAV-01,AMZN,31.3049994,120.6015755,100.0,BUSY,M-L-001,V3
59,59,M-UAV-01,M600,31.3108767,120.6039862,30.5,AVAILABLE,,
59,59,M-UAV-02,M600,31.2971716,120.5956323,30.5,AVAILABLE,,
60,60,EVTOL-01,EC35,31.3116362,120.5963626,199.9,BUSY,M-P-001,V2
60,60,L-UAV-01,AMZN,31.3051133,120.6016620,100.0,BUSY,M-L-001,V3
60,60,M-UAV-01,M600,31.3108767,120.6039862,30.5,AVAILABLE,,
60,60,M-UAV-02,M600,31.2971716,120.5956323,30.5,AVAILABLE,,
61,61,EVTOL-01,EC35,31.3112733,120.5963443,199.9,BUSY,M-P-001,V2
61,61,L-UAV-01,AMZN,31.3052272,120.6017484,100.0,BUSY,M-L-001,V3
61,61,M-UAV-01,M600,31.3108767,120.6039862,30.5,AVAILABLE,,
61,61,M-UAV-02,M600,31.2971716,120.5956323,30.5,AVAILABLE,,
62,62,EVTOL-01,EC35,31.3109105,120.5963259,199.9,BUSY,M-P-001,V2
62,62,L-UAV-01,AMZN,31.3053411,120.6018349,100.0,BUSY,M-L-001,V3
62,62,M-UAV-01,M600,31.3108767,120.6039862,30.5,AVAILABLE,,
62,62,M-UAV-02,M600,31.2971716,120.5956323,30.5,AVAILABLE,,
63,63,EVTOL-01,EC35,31.3105476,120.5963076,199.9,BUSY,M-P-001,V2
63,63,L-UAV-01,AMZN,31.3054550,120.6019214,100.0,BUSY,M-L-001,V3
63,63,M-UAV-01,M600,31.3108767,120.6039862,30.5,AVAILABLE,,
63,63,M-UAV-02,M600,31.2971716,120.5956323,30.5,AVAILABLE,,
64,64,EVTOL-01,EC35,31.3101848,120.5962893,199.9,BUSY,M-P-001,V2
64,64,L-UAV-01,AMZN,31.3055688,120.6020078,100.0,BUSY,M-L-001,V3
64,64,M-UAV-01,M600,31.3108767,120.6039862,30.5,AVAILABLE,,
64,64,M-UAV-02,M600,31.2971716,120.5956323,30.5,AVAILABLE,,
65,65,EVTOL-01,EC35,31.3098219,120.5962710,199.9,BUSY,M-P-001,V2
65,65,L-UAV-01,AMZN,31.3056827,120.6020943,100.0,BUSY,M-L-001,V3
65,65,M-UAV-01,M600,31.3108767,120.6039862,30.5,AVAILABLE,,
65,65,M-UAV-02,M600,31.2971716,120.5956323,30.5,AVAILABLE,,
66,66,EVTOL-01,EC35,31.3094591,120.5962527,199.9,BUSY,M-P-001,V2
66,66,L-UAV-01,AMZN,31.3057966,120.6021808,100.0,BUSY,M-L-001,V3
66,66,M-UAV-01,M600,31.3108767,120.6039862,30.5,AVAILABLE,,
66,66,M-UAV-02,M600,31.2971716,120.5956323,30.5,AVAILABLE,,
67,67,EVTOL-01,EC35,31.3090962,120.5962343,199.9,BUSY,M-P-001,V2
67,67,L-UAV-01,AMZN,31.3059105,120.6022672,100.0,BUSY,M-L-001,V2
67,67,M-UAV-01,M600,31.3108767,120.6039862,30.5,AVAILABLE,,
67,67,M-UAV-02,M600,31.2971716,120.5956323,30.5,AVAILABLE,,
68,68,EVTOL-01,EC35,31.3087334,120.5962160,199.9,BUSY,M-P-001,V2
68,68,L-UAV-01,AMZN,31.3060410,120.6023099,100.0,BUSY,M-L-001,V2
68,68,M-UAV-01,M600,31.3108767,120.6039862,30.5,AVAILABLE,,
68,68,M-UAV-02,M600,31.2971716,120.5956323,30.5,AVAILABLE,,
69,69,EVTOL-01,EC35,31.3083705,120.5961977,199.9,BUSY,M-P-001,V2
69,69,L-UAV-01,AMZN,31.3061765,120.6023049,100.0,BUSY,M-L-001,V2
69,69,M-UAV-01,M600,31.3108767,120.6039862,30.5,AVAILABLE,,
69,69,M-UAV-02,M600,31.2971716,120.5956323,30.5,AVAILABLE,,
70,70,EVTOL-01,EC35,31.3080077,120.5961794,199.9,BUSY,M-P-001,V2
70,70,L-UAV-01,AMZN,31.3063045,120.6022528,100.0,BUSY,M-L-001,V2
70,70,M-UAV-01,M600,31.3108767,120.6039862,30.5,AVAILABLE,,
70,70,M-UAV-02,M600,31.2971716,120.5956323,30.5,AVAILABLE,,
71,71,EVTOL-01,EC35,31.3076448,120.5961611,199.9,BUSY,M-P-001,V2
71,71,L-UAV-01,AMZN,31.3064134,120.6021583,100.0,BUSY,M-L-001,V2
71,71,M-UAV-01,M600,31.3108767,120.6039862,30.5,AVAILABLE,,
71,71,M-UAV-02,M600,31.2971716,120.5956323,30.5,AVAILABLE,,
72,72,EVTOL-01,EC35,31.3072820,120.5961427,199.9,BUSY,M-P-001,V2
72,72,L-UAV-01,AMZN,31.3064932,120.6020300,100.0,BUSY,M-L-001,V2
72,72,M-UAV-01,M600,31.3108767,120.6039862,30.5,AVAILABLE,,
72,72,M-UAV-02,M600,31.2971716,120.5956323,30.5,AVAILABLE,,
73,73,EVTOL-01,EC35,31.3069191,120.5961244,199.9,BUSY,M-P-001,V2
73,73,L-UAV-01,AMZN,31.3065366,120.6018797,100.0,BUSY,M-L-001,V2
73,73,M-UAV-01,M600,31.3108767,120.6039862,30.5,AVAILABLE,,
73,73,M-UAV-02,M600,31.2971716,120.5956323,30.5,AVAILABLE,,
74,74,EVTOL-01,EC35,31.3065563,120.5961061,199.9,BUSY,M-P-001,V2
74,74,L-UAV-01,AMZN,31.3065396,120.6017211,100.0,BUSY,M-L-001,V2
74,74,M-UAV-01,M600,31.3108767,120.6039862,30.5,AVAILABLE,,
74,74,M-UAV-02,M600,31.2971716,120.5956323,30.5,AVAILABLE,,
75,75,EVTOL-01,EC35,31.3061934,120.5960878,199.9,BUSY,M-P-001,V2
75,75,L-UAV-01,AMZN,31.3065021,120.6015687,100.0,BUSY,M-L-001,V2
75,75,M-UAV-01,M600,31.3108767,120.6039862,30.5,AVAILABLE,,
75,75,M-UAV-02,M600,31.2971716,120.5956323,30.5,AVAILABLE,,
76,76,EVTOL-01,EC35,31.3058305,120.5960695,199.9,BUSY,M-P-001,V2
76,76,L-UAV-01,AMZN,31.3064273,120.6014364,100.0,BUSY,M-L-001,V2
76,76,M-UAV-01,M600,31.3108767,120.6039862,30.5,AVAILABLE,,
76,76,M-UAV-02,M600,31.2971716,120.5956323,30.5,AVAILABLE,,
77,77,EVTOL-01,EC35,31.3054677,120.5960511,199.9,BUSY,M-P-001,V2
77,77,L-UAV-01,AMZN,31.3063221,120.6013362,100.0,BUSY,M-L-001,V2
77,77,M-UAV-01,M600,31.3108767,120.6039862,30.5,AVAILABLE,,
77,77,M-UAV-02,M600,31.2971716,120.5956323,30.5,AVAILABLE,,
78,78,EVTOL-01,EC35,31.3051048,120.5960328,199.9,BUSY,M-P-001,V2
78,78,L-UAV-01,AMZN,31.3062025,120.6012617,100.0,BUSY,M-L-001,V2
78,78,M-UAV-01,M600,31.3108767,120.6039862,30.5,AVAILABLE,,
78,78,M-UAV-02,M600,31.2971716,120.5956323,30.5,AVAILABLE,,
79,79,EVTOL-01,EC35,31.3047420,120.5960145,199.9,BUSY,M-P-001,V2
79,79,L-UAV-01,AMZN,31.3060829,120.6011871,100.0,BUSY,M-L-001,V2
79,79,M-UAV-01,M600,31.3108767,120.6039862,30.5,AVAILABLE,,
79,79,M-UAV-02,M600,31.2971716,120.5956323,30.5,AVAILABLE,,
80,80,EVTOL-01,EC35,31.3043791,120.5959962,199.9,BUSY,M-P-001,V2
80,80,L-UAV-01,AMZN,31.3059632,120.6011125,100.0,BUSY,M-L-001,V2
80,80,M-UAV-01,M600,31.3108767,120.6039862,30.5,AVAILABLE,,
80,80,M-UAV-02,M600,31.2971716,120.5956323,30.5,AVAILABLE,,
81,81,EVTOL-01,EC35,31.3040163,120.5959779,199.9,BUSY,M-P-001,V2
81,81,L-UAV-01,AMZN,31.3058436,120.6010379,100.0,BUSY,M-L-001,V2
81,81,M-UAV-01,M600,31.3108767,120.6039862,30.5,AVAILABLE,,
81,81,M-UAV-02,M600,31.2971716,120.5956323,30.5,AVAILABLE,,
82,82,EVTOL-01,EC35,31.3036534,120.5959595,199.9,BUSY,M-P-001,V2
82,82,L-UAV-01,AMZN,31.3057240,120.6009633,100.0,BUSY,M-L-001,V2
82,82,M-UAV-01,M600,31.3108767,120.6039862,30.5,AVAILABLE,,
82,82,M-UAV-02,M600,31.2971716,120.5956323,30.5,AVAILABLE,,
83,83,EVTOL-01,EC35,31.3032906,120.5959412,199.9,BUSY,M-P-001,V2
83,83,L-UAV-01,AMZN,31.3056043,120.6008888,100.0,BUSY,M-L-001,V2
83,83,M-UAV-01,M600,31.3108767,120.6039862,30.5,AVAILABLE,,
83,83,M-UAV-02,M600,31.2971716,120.5956323,30.5,AVAILABLE,,
84,84,EVTOL-01,EC35,31.3029277,120.5959229,199.9,BUSY,M-P-001,V2
84,84,L-UAV-01,AMZN,31.3054847,120.6008142,100.0,BUSY,M-L-001,V2
84,84,M-UAV-01,M600,31.3108767,120.6039862,30.5,AVAILABLE,,
84,84,M-UAV-02,M600,31.2971716,120.5956323,30.5,AVAILABLE,,
85,85,EVTOL-01,EC35,31.3025649,120.5959046,199.9,BUSY,M-P-001,V2
85,85,L-UAV-01,AMZN,31.3053651,120.6007396,100.0,BUSY,M-L-001,V2
85,85,M-UAV-01,M600,31.3108767,120.6039862,30.5,AVAILABLE,,
85,85,M-UAV-02,M600,31.2971716,120.5956323,30.5,AVAILABLE,,
86,86,EVTOL-01,EC35,31.3022020,120.5958863,199.9,BUSY,M-P-001,V2
86,86,L-UAV-01,AMZN,31.3052454,120.6006650,100.0,BUSY,M-L-001,V2
86,86,M-UAV-01,M600,31.3108767,120.6039862,30.5,AVAILABLE,,
86,86,M-UAV-02,M600,31.2971716,120.5956323,30.5,AVAILABLE,,
87,87,EVTOL-01,EC35,31.3018392,120.5958680,199.9,BUSY,M-P-001,V2
87,87,L-UAV-01,AMZN,31.3051258,120.6005904,100.0,BUSY,M-L-001,V2
87,87,M-UAV-01,M600,31.3108767,120.6039862,30.5,AVAILABLE,,
87,87,M-UAV-02,M600,31.2971716,120.5956323,30.5,AVAILABLE,,
88,88,EVTOL-01,EC35,31.3014763,120.5958496,199.9,BUSY,M-P-001,V2
88,88,L-UAV-01,AMZN,31.3050062,120.6005159,100.0,BUSY,M-L-001,V2
88,88,M-UAV-01,M600,31.3108767,120.6039862,30.5,AVAILABLE,,
88,88,M-UAV-02,M600,31.2971716,120.5956323,30.5,AVAILABLE,,
89,89,EVTOL-01,EC35,31.3011135,120.5958313,199.9,BUSY,M-P-001,V2
89,89,L-UAV-01,AMZN,31.3048865,120.6004413,100.0,BUSY,M-L-001,V2
89,89,M-UAV-01,M600,31.3108767,120.6039862,30.5,AVAILABLE,,
89,89,M-UAV-02,M600,31.2971716,120.5956323,30.5,AVAILABLE,,
90,90,EVTOL-01,EC35,31.3007506,120.5958130,199.9,BUSY,M-P-001,V2
90,90,L-UAV-01,AMZN,31.3047669,120.6003667,100.0,BUSY,M-L-001,V2
90,90,M-UAV-01,M600,31.3108767,120.6039862,30.5,AVAILABLE,,
90,90,M-UAV-02,M600,31.2971716,120.5956323,30.5,AVAILABLE,,
91,91,EVTOL-01,EC35,31.3003878,120.5957947,199.9,BUSY,M-P-001,V2
91,91,L-UAV-01,AMZN,31.3046473,120.6002921,100.0,BUSY,M-L-001,V2
91,91,M-UAV-01,M600,31.3108767,120.6039862,30.5,AVAILABLE,,
91,91,M-UAV-02,M600,31.2971716,120.5956323,30.5,AVAILABLE,,
92,92,EVTOL-01,EC35,31.3000249,120.5957764,199.9,BUSY,M-P-001,V2
92,92,L-UAV-01,AMZN,31.3045276,120.6002175,100.0,BUSY,M-L-001,V2
92,92,M-UAV-01,M600,31.3108767,120.6039862,30.5,AVAILABLE,,
92,92,M-UAV-02,M600,31.2971716,120.5956323,30.5,AVAILABLE,,
93,93,EVTOL-01,EC35,31.2996620,120.5957580,199.9,BUSY,M-P-001,V2
93,93,L-UAV-01,AMZN,31.3044080,120.6001430,100.0,BUSY,M-L-001,V2
93,93,M-UAV-01,M600,31.3108767,120.6039862,30.5,AVAILABLE,,
93,93,M-UAV-02,M600,31.2971716,120.5956323,30.5,AVAILABLE,,
94,94,EVTOL-01,EC35,31.2992992,120.5957397,199.9,BUSY,M-P-001,V2
94,94,L-UAV-01,AMZN,31.3042883,120.6000684,100.0,BUSY,M-L-001,V2
94,94,M-UAV-01,M600,31.3108767,120.6039862,30.5,AVAILABLE,,
94,94,M-UAV-02,M600,31.2971716,120.5956323,30.5,AVAILABLE,,
95,95,EVTOL-01,EC35,31.2989363,120.5957214,199.9,BUSY,M-P-001,V2
95,95,L-UAV-01,AMZN,31.3041687,120.5999938,100.0,BUSY,M-L-001,V2
95,95,M-UAV-01,M600,31.3108767,120.6039862,30.5,AVAILABLE,,
95,95,M-UAV-02,M600,31.2971716,120.5956323,30.5,AVAILABLE,,
96,96,EVTOL-01,EC35,31.2985735,120.5957031,199.9,BUSY,M-P-001,V2
96,96,L-UAV-01,AMZN,31.3040491,120.5999192,100.0,BUSY,M-L-001,V2
96,96,M-UAV-01,M600,31.3108767,120.6039862,30.5,AVAILABLE,,
96,96,M-UAV-02,M600,31.2971716,120.5956323,30.5,AVAILABLE,,
97,97,EVTOL-01,EC35,31.2982106,120.5956848,199.9,BUSY,M-P-001,V2
97,97,L-UAV-01,AMZN,31.3039294,120.5998447,100.0,BUSY,M-L-001,V2
97,97,M-UAV-01,M600,31.3108767,120.6039862,30.5,AVAILABLE,,
97,97,M-UAV-02,M600,31.2971716,120.5956323,30.5,AVAILABLE,,
98,98,EVTOL-01,EC35,31.2978478,120.5956665,199.9,BUSY,M-P-001,V1
98,98,L-UAV-01,AMZN,31.3038098,120.5997701,100.0,BUSY,M-L-001,V2
98,98,M-UAV-01,M600,31.3108767,120.6039862,30.5,AVAILABLE,,
98,98,M-UAV-02,M600,31.2971716,120.5956323,30.5,AVAILABLE,,
99,99,EVTOL-01,EC35,31.2974855,120.5956962,199.9,BUSY,M-P-001,V1
99,99,L-UAV-01,AMZN,31.3036902,120.5996955,100.0,BUSY,M-L-001,V2
99,99,M-UAV-01,M600,31.3108767,120.6039862,30.5,AVAILABLE,,
99,99,M-UAV-02,M600,31.2971716,120.5956323,30.5,AVAILABLE,,
100,100,EVTOL-01,EC35,31.2971284,120.5957737,199.9,BUSY,M-P-001,V1
100,100,L-UAV-01,AMZN,31.3035705,120.5996209,100.0,BUSY,M-L-001,V2
100,100,M-UAV-01,M600,31.3108767,120.6039862,30.5,AVAILABLE,,
100,100,M-UAV-02,M600,31.2971716,120.5956323,30.5,AVAILABLE,,
101,101,EVTOL-01,EC35,31.2967810,120.5958980,199.9,BUSY,M-P-001,V1
101,101,L-UAV-01,AMZN,31.3034509,120.5995464,100.0,BUSY,M-L-001,V2
101,101,M-UAV-01,M600,31.3108767,120.6039862,30.5,AVAILABLE,,
101,101,M-UAV-02,M600,31.2971716,120.5956323,30.5,AVAILABLE,,
102,102,EVTOL-01,EC35,31.2964479,120.5960673,199.9,BUSY,M-P-001,V1
102,102,L-UAV-01,AMZN,31.3033313,120.5994718,100.0,BUSY,M-L-001,V2
102,102,M-UAV-01,M600,31.3108767,120.6039862,30.5,AVAILABLE,,
102,102,M-UAV-02,M600,31.2971716,120.5956323,30.5,AVAILABLE,,
103,103,EVTOL-01,EC35,31.2961333,120.5962796,199.9,BUSY,M-P-001,V1
103,103,L-UAV-01,AMZN,31.3032116,120.5993972,100.0,BUSY,M-L-001,V2
103,103,M-UAV-01,M600,31.3108767,120.6039862,30.5,AVAILABLE,,
103,103,M-UAV-02,M600,31.2971716,120.5956323,30.5,AVAILABLE,,
104,104,EVTOL-01,EC35,31.2958412,120.5965322,199.9,BUSY,M-P-001,V1
104,104,L-UAV-01,AMZN,31.3030920,120.5993226,100.0,BUSY,M-L-001,V2
104,104,M-UAV-01,M600,31.3108767,120.6039862,30.5,AVAILABLE,,
104,104,M-UAV-02,M600,31.2971716,120.5956323,30.5,AVAILABLE,,
105,105,EVTOL-01,EC35,31.2955753,120.5968218,199.9,BUSY,M-P-001,V1
105,105,L-UAV-01,AMZN,31.3029724,120.5992480,100.0,BUSY,M-L-001,V2
105,105,M-UAV-01,M600,31.3108767,120.6039862,30.5,AVAILABLE,,
105,105,M-UAV-02,M600,31.2971716,120.5956323,30.5,AVAILABLE,,
106,106,EVTOL-01,EC35,31.2953391,120.5971446,199.9,BUSY,M-P-001,V1
106,106,L-UAV-01,AMZN,31.3028527,120.5991735,100.0,BUSY,M-L-001,V2
106,106,M-UAV-01,M600,31.3108767,120.6039862,30.5,AVAILABLE,,
106,106,M-UAV-02,M600,31.2971716,120.5956323,30.5,AVAILABLE,,
107,107,EVTOL-01,EC35,31.2951356,120.5974967,199.9,BUSY,M-P-001,V1
107,107,L-UAV-01,AMZN,31.3027331,120.5990989,100.0,BUSY,M-L-001,V2
107,107,M-UAV-01,M600,31.3108767,120.6039862,30.5,AVAILABLE,,
107,107,M-UAV-02,M600,31.2971716,120.5956323,30.5,AVAILABLE,,
108,108,EVTOL-01,EC35,31.2949674,120.5978734,199.9,BUSY,M-P-001,V1
108,108,L-UAV-01,AMZN,31.3026134,120.5990243,100.0,BUSY,M-L-001,V2
108,108,M-UAV-01,M600,31.3108767,120.6039862,30.5,AVAILABLE,,
108,108,M-UAV-02,M600,31.2971716,120.5956323,30.5,AVAILABLE,,
109,109,EVTOL-01,EC35,31.2948366,120.5982699,199.9,BUSY,M-P-001,V1
109,109,L-UAV-01,AMZN,31.3024938,120.5989497,100.0,BUSY,M-L-001,V2
109,109,M-UAV-01,M600,31.3108767,120.6039862,30.5,AVAILABLE,,
109,109,M-UAV-02,M600,31.2971716,120.5956323,30.5,AVAILABLE,,
110,110,EVTOL-01,EC35,31.2947450,120.5986812,199.9,BUSY,M-P-001,V1
110,110,L-UAV-01,AMZN,31.3023742,120.5988752,100.0,BUSY,M-L-001,V2
110,110,M-UAV-01,M600,31.3108767,120.6039862,30.5,AVAILABLE,,
110,110,M-UAV-02,M600,31.2971716,120.5956323,30.5,AVAILABLE,,
111,111,EVTOL-01,EC35,31.2946936,120.5991019,199.9,BUSY,M-P-001,V1
111,111,L-UAV-01,AMZN,31.3022545,120.5988006,100.0,BUSY,M-L-001,V2
111,111,M-UAV-01,M600,31.3108767,120.6039862,30.5,AVAILABLE,,
111,111,M-UAV-02,M600,31.2971716,120.5956323,30.5,AVAILABLE,,
112,112,EVTOL-01,EC35,31.2946832,120.5995268,199.9,BUSY,M-P-001,V1
112,112,L-UAV-01,AMZN,31.3021349,120.5987260,100.0,BUSY,M-L-001,V2
112,112,M-UAV-01,M600,31.3108767,120.6039862,30.5,AVAILABLE,,
112,112,M-UAV-02,M600,31.2971716,120.5956323,30.5,AVAILABLE,,
113,113,EVTOL-01,EC35,31.2947139,120.5999503,199.9,BUSY,M-P-001,V1
113,113,L-UAV-01,AMZN,31.3020153,120.5986514,100.0,BUSY,M-L-001,V2
113,113,M-UAV-01,M600,31.3108767,120.6039862,30.5,AVAILABLE,,
113,113,M-UAV-02,M600,31.2971716,120.5956323,30.5,AVAILABLE,,
114,114,EVTOL-01,EC35,31.2947853,120.6003670,199.9,BUSY,M-P-001,V1
114,114,L-UAV-01,AMZN,31.3018956,120.5985769,100.0,BUSY,M-L-001,V2
114,114,M-UAV-01,M600,31.3108767,120.6039862,30.5,AVAILABLE,,
114,114,M-UAV-02,M600,31.2971716,120.5956323,30.5,AVAILABLE,,
115,115,EVTOL-01,EC35,31.2948965,120.6007717,199.9,BUSY,M-P-001,V1
115,115,L-UAV-01,AMZN,31.3017760,120.5985023,100.0,BUSY,M-L-001,V2
115,115,M-UAV-01,M600,31.3108767,120.6039862,30.5,AVAILABLE,,
115,115,M-UAV-02,M600,31.2971716,120.5956323,30.5,AVAILABLE,,
116,116,EVTOL-01,EC35,31.2950460,120.6011590,199.9,BUSY,M-P-001,V1
116,116,L-UAV-01,AMZN,31.3016564,120.5984277,100.0,BUSY,M-L-001,V2
116,116,M-UAV-01,M600,31.3108767,120.6039862,30.5,AVAILABLE,,
116,116,M-UAV-02,M600,31.2971716,120.5956323,30.5,AVAILABLE,,
117,117,EVTOL-01,EC35,31.2952319,120.6015241,199.9,BUSY,M-P-001,V1
117,117,L-UAV-01,AMZN,31.3015367,120.5983531,100.0,BUSY,M-L-001,V2
117,117,M-UAV-01,M600,31.3108767,120.6039862,30.5,AVAILABLE,,
117,117,M-UAV-02,M600,31.2971716,120.5956323,30.5,AVAILABLE,,
118,118,EVTOL-01,EC35,31.2954519,120.6018623,199.9,BUSY,M-P-001,V1
118,118,L-UAV-01,AMZN,31.3014171,120.5982786,100.0,BUSY,M-L-001,V2
118,118,M-UAV-01,M600,31.3108767,120.6039862,30.5,AVAILABLE,,
118,118,M-UAV-02,M600,31.2971716,120.5956323,30.5,AVAILABLE,,
119,119,EVTOL-01,EC35,31.2957032,120.6021692,199.9,BUSY,M-P-001,V1
119,119,L-UAV-01,AMZN,31.3012974,120.5982040,100.0,BUSY,M-L-001,V2
119,119,M-UAV-01,M600,31.3108767,120.6039862,30.5,AVAILABLE,,
119,119,M-UAV-02,M600,31.2971716,120.5956323,30.5,AVAILABLE,,
120,120,EVTOL-01,EC35,31.2959825,120.6024409,199.9,BUSY,M-P-001,V1
120,120,L-UAV-01,AMZN,31.3011778,120.5981294,100.0,BUSY,M-L-001,V2
120,120,M-UAV-01,M600,31.3108767,120.6039862,30.5,AVAILABLE,,
120,120,M-UAV-02,M600,31.2971716,120.5956323,30.5,AVAILABLE,,
121,121,EVTOL-01,EC35,31.2962862,120.6026739,199.9,BUSY,M-P-001,V1
121,121,L-UAV-01,AMZN,31.3010582,120.5980549,100.0,BUSY,M-L-001,V2
121,121,M-UAV-01,M600,31.3108767,120.6039862,30.5,AVAILABLE,,
121,121,M-UAV-02,M600,31.2971716,120.5956323,30.5,AVAILABLE,,
122,122,EVTOL-01,EC35,31.2966105,120.6028653,199.9,BUSY,M-P-001,V1
122,122,L-UAV-01,AMZN,31.3009385,120.5979803,100.0,BUSY,M-L-001,V2
122,122,M-UAV-01,M600,31.3108767,120.6039862,30.5,AVAILABLE,,
122,122,M-UAV-02,M600,31.2971716,120.5956323,30.5,AVAILABLE,,
123,123,EVTOL-01,EC35,31.2969512,120.6030126,199.9,BUSY,M-P-001,V1
123,123,L-UAV-01,AMZN,31.3008189,120.5979057,100.0,BUSY,M-L-001,V2
123,123,M-UAV-01,M600,31.3108767,120.6039862,30.5,AVAILABLE,,
123,123,M-UAV-02,M600,31.2971716,120.5956323,30.5,AVAILABLE,,
124,124,EVTOL-01,EC35,31.2973039,120.6031139,199.9,BUSY,M-P-001,V1
124,124,L-UAV-01,AMZN,31.3006993,120.5978311,100.0,BUSY,M-L-001,V2
124,124,M-UAV-01,M600,31.3108767,120.6039862,30.5,AVAILABLE,,
124,124,M-UAV-02,M600,31.2971716,120.5956323,30.5,AVAILABLE,,
125,125,EVTOL-01,EC35,31.2976642,120.6031679,199.9,BUSY,M-P-001,V1
125,125,L-UAV-01,AMZN,31.3005796,120.5977566,100.0,BUSY,M-L-001,V2
125,125,M-UAV-01,M600,31.3108767,120.6039862,30.5,AVAILABLE,,
125,125,M-UAV-02,M600,31.2971716,120.5956323,30.5,AVAILABLE,,
126,126,EVTOL-01,EC35,31.2980268,120.6031904,199.9,BUSY,M-P-001,V1
126,126,L-UAV-01,AMZN,31.3004600,120.5976820,100.0,BUSY,M-L-001,V2
126,126,M-UAV-01,M600,31.3108767,120.6039862,30.5,AVAILABLE,,
126,126,M-UAV-02,M600,31.2971716,120.5956323,30.5,AVAILABLE,,
127,127,EVTOL-01,EC35,31.2983895,120.6032128,199.9,BUSY,M-P-001,V1
127,127,L-UAV-01,AMZN,31.3003404,120.5976074,100.0,BUSY,M-L-001,V2
127,127,M-UAV-01,M600,31.3108767,120.6039862,30.5,AVAILABLE,,
127,127,M-UAV-02,M600,31.2971716,120.5956323,30.5,AVAILABLE,,
128,128,EVTOL-01,EC35,31.2987522,120.6032353,199.9,BUSY,M-P-001,V1
128,128,L-UAV-01,AMZN,31.3002207,120.5975328,100.0,BUSY,M-L-001,V2
128,128,M-UAV-01,M600,31.3108767,120.6039862,30.5,AVAILABLE,,
128,128,M-UAV-02,M600,31.2971716,120.5956323,30.5,AVAILABLE,,
129,129,EVTOL-01,EC35,31.2991149,120.6032578,199.9,BUSY,M-P-001,V1
129,129,L-UAV-01,AMZN,31.3001011,120.5974583,100.0,BUSY,M-L-001,V2
129,129,M-UAV-01,M600,31.3108767,120.6039862,30.5,AVAILABLE,,
129,129,M-UAV-02,M600,31.2971716,120.5956323,30.5,AVAILABLE,,
130,130,EVTOL-01,EC35,31.2994776,120.6032802,199.9,BUSY,M-P-001,V1
130,130,L-UAV-01,AMZN,31.2999814,120.5973837,100.0,BUSY,M-L-001,V2
130,130,M-UAV-01,M600,31.3108767,120.6039862,30.5,AVAILABLE,,
130,130,M-UAV-02,M600,31.2971716,120.5956323,30.5,AVAILABLE,,
131,131,EVTOL-01,EC35,31.2998403,120.6033027,199.9,BUSY,M-P-001,V1
131,131,L-UAV-01,AMZN,31.2998618,120.5973091,100.0,BUSY,M-L-001,V2
131,131,M-UAV-01,M600,31.3108767,120.6039862,30.5,AVAILABLE,,
131,131,M-UAV-02,M600,31.2971716,120.5956323,30.5,AVAILABLE,,
132,132,EVTOL-01,EC35,31.3002029,120.6033251,199.9,BUSY,M-P-001,V1
132,132,L-UAV-01,AMZN,31.2997422,120.5972346,100.0,BUSY,M-L-001,V2
132,132,M-UAV-01,M600,31.3108767,120.6039862,30.5,AVAILABLE,,
132,132,M-UAV-02,M600,31.2971716,120.5956323,30.5,AVAILABLE,,
133,133,EVTOL-01,EC35,31.3005656,120.6033476,199.9,BUSY,M-P-001,V1
133,133,L-UAV-01,AMZN,31.2996225,120.5971600,100.0,BUSY,M-L-001,V2
133,133,M-UAV-01,M600,31.3108767,120.6039862,30.5,AVAILABLE,,
133,133,M-UAV-02,M600,31.2971716,120.5956323,30.5,AVAILABLE,,
134,134,EVTOL-01,EC35,31.3009283,120.6033700,199.9,BUSY,M-P-001,V1
134,134,L-UAV-01,AMZN,31.2995029,120.5970854,100.0,BUSY,M-L-001,V2
134,134,M-UAV-01,M600,31.3108767,120.6039862,30.5,AVAILABLE,,
134,134,M-UAV-02,M600,31.2971716,120.5956323,30.5,AVAILABLE,,
135,135,EVTOL-01,EC35,31.3012910,120.6033925,199.9,BUSY,M-P-001,V1
135,135,L-UAV-01,AMZN,31.2993833,120.5970109,100.0,BUSY,M-L-001,V2
135,135,M-UAV-01,M600,31.3108767,120.6039862,30.5,AVAILABLE,,
135,135,M-UAV-02,M600,31.2971716,120.5956323,30.5,AVAILABLE,,
136,136,EVTOL-01,EC35,31.3016537,120.6034150,199.9,BUSY,M-P-001,V1
136,136,L-UAV-01,AMZN,31.2992636,120.5969363,100.0,BUSY,M-L-001,V2
136,136,M-UAV-01,M600,31.3108767,120.6039862,30.5,AVAILABLE,,
136,136,M-UAV-02,M600,31.2971716,120.5956323,30.5,AVAILABLE,,
137,137,EVTOL-01,EC35,31.3020164,120.6034374,199.9,BUSY,M-P-001,V1
137,137,L-UAV-01,AMZN,31.2991440,120.5968617,100.0,BUSY,M-L-001,V2
137,137,M-UAV-01,M600,31.3108767,120.6039862,30.5,AVAILABLE,,
137,137,M-UAV-02,M600,31.2971716,120.5956323,30.5,AVAILABLE,,
138,138,EVTOL-01,EC35,31.3023790,120.6034599,199.9,BUSY,M-P-001,V1
138,138,L-UAV-01,AMZN,31.2990243,120.5967871,100.0,BUSY,M-L-001,V2
138,138,M-UAV-01,M600,31.3108767,120.6039862,30.5,AVAILABLE,,
138,138,M-UAV-02,M600,31.2971716,120.5956323,30.5,AVAILABLE,,
139,139,EVTOL-01,EC35,31.3027417,120.6034823,199.9,BUSY,M-P-001,V1
139,139,L-UAV-01,AMZN,31.2989047,120.5967126,100.0,BUSY,M-L-001,V2
139,139,M-UAV-01,M600,31.3108767,120.6039862,30.5,AVAILABLE,,
139,139,M-UAV-02,M600,31.2971716,120.5956323,30.5,AVAILABLE,,
140,140,EVTOL-01,EC35,31.3031044,120.6035048,199.9,BUSY,M-P-001,V1
140,140,L-UAV-01,AMZN,31.2987851,120.5966380,100.0,BUSY,M-L-001,V2
140,140,M-UAV-01,M600,31.3108767,120.6039862,30.5,AVAILABLE,,
140,140,M-UAV-02,M600,31.2971716,120.5956323,30.5,AVAILABLE,,
141,141,EVTOL-01,EC35,31.3034671,120.6035273,199.9,BUSY,M-P-001,V1
141,141,L-UAV-01,AMZN,31.2986654,120.5965634,100.0,BUSY,M-L-001,V2
141,141,M-UAV-01,M600,31.3108767,120.6039862,30.5,AVAILABLE,,
141,141,M-UAV-02,M600,31.2971716,120.5956323,30.5,AVAILABLE,,
142,142,EVTOL-01,EC35,31.3038298,120.6035497,199.9,BUSY,M-P-001,V1
142,142,L-UAV-01,AMZN,31.2985458,120.5964889,100.0,BUSY,M-L-001,V2
142,142,M-UAV-01,M600,31.3108767,120.6039862,30.5,AVAILABLE,,
142,142,M-UAV-02,M600,31.2971716,120.5956323,30.5,AVAILABLE,,
143,143,EVTOL-01,EC35,31.3041925,120.6035722,199.9,BUSY,M-P-001,V1
143,143,L-UAV-01,AMZN,31.2984262,120.5964143,100.0,BUSY,M-L-001,V2
143,143,M-UAV-01,M600,31.3108767,120.6039862,30.5,AVAILABLE,,
143,143,M-UAV-02,M600,31.2971716,120.5956323,30.5,AVAILABLE,,
144,144,EVTOL-01,EC35,31.3045551,120.6035946,199.9,BUSY,M-P-001,V1
144,144,L-UAV-01,AMZN,31.2983065,120.5963397,100.0,BUSY,M-L-001,V2
144,144,M-UAV-01,M600,31.3108767,120.6039862,30.5,AVAILABLE,,
144,144,M-UAV-02,M600,31.2971716,120.5956323,30.5,AVAILABLE,,
145,145,EVTOL-01,EC35,31.3049178,120.6036171,199.9,BUSY,M-P-001,V1
145,145,L-UAV-01,AMZN,31.2981869,120.5962652,100.0,BUSY,M-L-001,V2
145,145,M-UAV-01,M600,31.3108767,120.6039862,30.5,AVAILABLE,,
145,145,M-UAV-02,M600,31.2971716,120.5956323,30.5,AVAILABLE,,
146,146,EVTOL-01,EC35,31.3052805,120.6036396,199.9,BUSY,M-P-001,V1
146,146,L-UAV-01,AMZN,31.2980672,120.5961906,100.0,BUSY,M-L-001,V2
146,146,M-UAV-01,M600,31.3108767,120.6039862,30.5,AVAILABLE,,
146,146,M-UAV-02,M600,31.2971716,120.5956323,30.5,AVAILABLE,,
147,147,EVTOL-01,EC35,31.3056432,120.6036620,199.9,BUSY,M-P-001,V1
147,147,L-UAV-01,AMZN,31.2979476,120.5961160,100.0,BUSY,M-L-001,V3
147,147,M-UAV-01,M600,31.3108767,120.6039862,30.5,AVAILABLE,,
147,147,M-UAV-02,M600,31.2971716,120.5956323,30.5,AVAILABLE,,
148,148,EVTOL-01,EC35,31.3060059,120.6036845,199.9,BUSY,M-P-001,V1
148,148,L-UAV-01,AMZN,31.2978144,120.5960867,100.0,BUSY,M-L-001,V3
148,148,M-UAV-01,M600,31.3108767,120.6039862,30.5,AVAILABLE,,
148,148,M-UAV-02,M600,31.2971716,120.5956323,30.5,AVAILABLE,,
149,149,EVTOL-01,EC35,31.3063686,120.6037069,199.9,BUSY,M-P-001,V1
149,149,L-UAV-01,AMZN,31.2976798,120.5961053,100.0,BUSY,M-L-001,V3
149,149,M-UAV-01,M600,31.3108767,120.6039862,30.5,AVAILABLE,,
149,149,M-UAV-02,M600,31.2971716,120.5956323,30.5,AVAILABLE,,
150,150,EVTOL-01,EC35,31.3067312,120.6037294,199.9,BUSY,M-P-001,V1
150,150,L-UAV-01,AMZN,31.2975561,120.5961701,100.0,BUSY,M-L-001,V3
150,150,M-UAV-01,M600,31.3108767,120.6039862,30.5,AVAILABLE,,
150,150,M-UAV-02,M600,31.2971716,120.5956323,30.5,AVAILABLE,,
151,151,EVTOL-01,EC35,31.3070939,120.6037519,199.9,BUSY,M-P-001,V1
151,151,L-UAV-01,AMZN,31.2974545,120.5962752,100.0,BUSY,M-L-001,V3
151,151,M-UAV-01,M600,31.3108767,120.6039862,30.5,AVAILABLE,,
151,151,M-UAV-02,M600,31.2971716,120.5956323,30.5,AVAILABLE,,
152,152,EVTOL-01,EC35,31.3074566,120.6037743,199.9,BUSY,M-P-001,V1
152,152,L-UAV-01,AMZN,31.2973845,120.5964110,100.0,BUSY,M-L-001,V3
152,152,M-UAV-01,M600,31.3108767,120.6039862,30.5,AVAILABLE,,
152,152,M-UAV-02,M600,31.2971716,120.5956323,30.5,AVAILABLE,,
153,153,EVTOL-01,EC35,31.3078193,120.6037968,199.9,BUSY,M-P-001,V1
153,153,L-UAV-01,AMZN,31.2973523,120.5965651,100.0,BUSY,M-L-001,V3
153,153,M-UAV-01,M600,31.3108767,120.6039862,30.5,AVAILABLE,,
153,153,M-UAV-02,M600,31.2971716,120.5956323,30.5,AVAILABLE,,
154,154,EVTOL-01,EC35,31.3081820,120.6038193,199.9,BUSY,M-P-001,V1
154,154,L-UAV-01,AMZN,31.2973609,120.5967234,100.0,BUSY,M-L-001,V3
154,154,M-UAV-01,M600,31.3108767,120.6039862,30.5,AVAILABLE,,
154,154,M-UAV-02,M600,31.2971716,120.5956323,30.5,AVAILABLE,,
155,155,EVTOL-01,EC35,31.3085447,120.6038417,199.9,BUSY,M-P-001,V1
155,155,L-UAV-01,AMZN,31.2974096,120.5968714,100.0,BUSY,M-L-001,V3
155,155,M-UAV-01,M600,31.3108767,120.6039862,30.5,AVAILABLE,,
155,155,M-UAV-02,M600,31.2971716,120.5956323,30.5,AVAILABLE,,
156,156,EVTOL-01,EC35,31.3089073,120.6038642,199.9,BUSY,M-P-001,V1
156,156,L-UAV-01,AMZN,31.2974938,120.5969957,100.0,BUSY,M-L-001,V3
156,156,M-UAV-01,M600,31.3108767,120.6039862,30.5,AVAILABLE,,
156,156,M-UAV-02,M600,31.2971716,120.5956323,30.5,AVAILABLE,,
157,157,EVTOL-01,EC35,31.3092700,120.6038866,199.9,BUSY,M-P-001,V1
157,157,L-UAV-01,AMZN,31.2976059,120.5970849,100.0,BUSY,M-L-001,V3
157,157,M-UAV-01,M600,31.3108767,120.6039862,30.5,AVAILABLE,,
157,157,M-UAV-02,M600,31.2971716,120.5956323,30.5,AVAILABLE,,
158,158,EVTOL-01,EC35,31.3096327,120.6039091,199.9,BUSY,M-P-001,V1
158,158,L-UAV-01,AMZN,31.2977251,120.5971605,100.0,BUSY,M-L-001,V3
158,158,M-UAV-01,M600,31.3108767,120.6039862,30.5,AVAILABLE,,
158,158,M-UAV-02,M600,31.2971716,120.5956323,30.5,AVAILABLE,,
159,159,EVTOL-01,EC35,31.3099954,120.6039316,199.9,BUSY,M-P-001,V2
159,159,L-UAV-01,AMZN,31.2978443,120.5972360,100.0,BUSY,M-L-001,V3
159,159,M-UAV-01,M600,31.3108767,120.6039862,30.5,AVAILABLE,,
159,159,M-UAV-02,M600,31.2971716,120.5956323,30.5,AVAILABLE,,
160,160,EVTOL-01,EC35,31.3103579,120.6039059,199.9,BUSY,M-P-001,V2
160,160,L-UAV-01,AMZN,31.2979634,120.5973115,100.0,BUSY,M-L-001,V3
160,160,M-UAV-01,M600,31.3108767,120.6039862,30.5,AVAILABLE,,
160,160,M-UAV-02,M600,31.2971716,120.5956323,30.5,AVAILABLE,,
161,161,EVTOL-01,EC35,31.3107156,120.6038325,199.9,BUSY,M-P-001,V2
161,161,L-UAV-01,AMZN,31.2980826,120.5973871,100.0,BUSY,M-L-001,V3
161,161,M-UAV-01,M600,31.3108767,120.6039862,30.5,AVAILABLE,,
161,161,M-UAV-02,M600,31.2971716,120.5956323,30.5,AVAILABLE,,
162,162,EVTOL-01,EC35,31.3110640,120.6037122,199.9,BUSY,M-P-001,V2
162,162,L-UAV-01,AMZN,31.2982018,120.5974626,100.0,BUSY,M-L-001,V3
162,162,M-UAV-01,M600,31.3108767,120.6039862,30.5,AVAILABLE,,
162,162,M-UAV-02,M600,31.2971716,120.5956323,30.5,AVAILABLE,,
163,163,EVTOL-01,EC35,31.3113985,120.6035467,199.9,BUSY,M-P-001,V2
163,163,L-UAV-01,AMZN,31.2983210,120.5975382,100.0,BUSY,M-L-001,V3
163,163,M-UAV-01,M600,31.3108767,120.6039862,30.5,AVAILABLE,,
163,163,M-UAV-02,M600,31.2971716,120.5956323,30.5,AVAILABLE,,
164,164,EVTOL-01,EC35,31.3117149,120.6033379,199.9,BUSY,M-P-001,V2
164,164,L-UAV-01,AMZN,31.2984402,120.5976137,100.0,BUSY,M-L-001,V3
164,164,M-UAV-01,M600,31.3108767,120.6039862,30.5,AVAILABLE,,
164,164,M-UAV-02,M600,31.2971716,120.5956323,30.5,AVAILABLE,,
165,165,EVTOL-01,EC35,31.3120091,120.6030886,199.9,BUSY,M-P-001,V2
165,165,L-UAV-01,AMZN,31.2985594,120.5976892,100.0,BUSY,M-L-001,V3
165,165,M-UAV-01,M600,31.3108767,120.6039862,30.5,AVAILABLE,,
165,165,M-UAV-02,M600,31.2971716,120.5956323,30.5,AVAILABLE,,
166,166,EVTOL-01,EC35,31.3122774,120.6028021,199.9,BUSY,M-P-001,V2
166,166,L-UAV-01,AMZN,31.2986786,120.5977648,100.0,BUSY,M-L-001,V3
166,166,M-UAV-01,M600,31.3108767,120.6039862,30.5,AVAILABLE,,
166,166,M-UAV-02,M600,31.2971716,120.5956323,30.5,AVAILABLE,,
167,167,EVTOL-01,EC35,31.3125162,120.6024819,199.9,BUSY,M-P-001,V2
167,167,L-UAV-01,AMZN,31.2987978,120.5978403,100.0,BUSY,M-L-001,V3
167,167,M-UAV-01,M600,31.3108767,120.6039862,30.5,AVAILABLE,,
167,167,M-UAV-02,M600,31.2971716,120.5956323,30.5,AVAILABLE,,
168,168,EVTOL-01,EC35,31.3127227,120.6021321,199.9,BUSY,M-P-001,V2
168,168,L-UAV-01,AMZN,31.2989170,120.5979159,100.0,BUSY,M-L-001,V3
168,168,M-UAV-01,M600,31.3108767,120.6039862,30.5,AVAILABLE,,
168,168,M-UAV-02,M600,31.2971716,120.5956323,30.5,AVAILABLE,,
169,169,EVTOL-01,EC35,31.3128940,120.6017573,199.9,BUSY,M-P-001,V2
169,169,L-UAV-01,AMZN,31.2990362,120.5979914,100.0,BUSY,M-L-001,V3
169,169,M-UAV-01,M600,31.3108767,120.6039862,30.5,AVAILABLE,,
169,169,M-UAV-02,M600,31.2971716,120.5956323,30.5,AVAILABLE,,
170,170,EVTOL-01,EC35,31.3130281,120.6013622,199.9,BUSY,M-P-001,V2
170,170,L-UAV-01,AMZN,31.2991554,120.5980670,100.0,BUSY,M-L-001,V3
170,170,M-UAV-01,M600,31.3108767,120.6039862,30.5,AVAILABLE,,
170,170,M-UAV-02,M600,31.2971716,120.5956323,30.5,AVAILABLE,,
171,171,EVTOL-01,EC35,31.3131232,120.6009519,199.9,BUSY,M-P-001,V2
171,171,L-UAV-01,AMZN,31.2992745,120.5981425,100.0,BUSY,M-L-001,V3
171,171,M-UAV-01,M600,31.3108767,120.6039862,30.5,AVAILABLE,,
171,171,M-UAV-02,M600,31.2971716,120.5956323,30.5,AVAILABLE,,
172,172,EVTOL-01,EC35,31.3131780,120.6005317,199.9,BUSY,M-P-001,V2
172,172,L-UAV-01,AMZN,31.2993937,120.5982181,100.0,BUSY,M-L-001,V3
172,172,M-UAV-01,M600,31.3108767,120.6039862,30.5,AVAILABLE,,
172,172,M-UAV-02,M600,31.2971716,120.5956323,30.5,AVAILABLE,,
173,173,EVTOL-01,EC35,31.3131920,120.6001069,199.9,BUSY,M-P-001,V2
173,173,L-UAV-01,AMZN,31.2995129,120.5982936,100.0,BUSY,M-L-001,V3
173,173,M-UAV-01,M600,31.3108767,120.6039862,30.5,AVAILABLE,,
173,173,M-UAV-02,M600,31.2971716,120.5956323,30.5,AVAILABLE,,
174,174,EVTOL-01,EC35,31.3131648,120.5996829,199.9,BUSY,M-P-001,V2
174,174,L-UAV-01,AMZN,31.2996321,120.5983691,100.0,BUSY,M-L-001,V3
174,174,M-UAV-01,M600,31.3108767,120.6039862,30.5,AVAILABLE,,
174,174,M-UAV-02,M600,31.2971716,120.5956323,30.5,AVAILABLE,,
175,175,EVTOL-01,EC35,31.3130969,120.5992653,199.9,BUSY,M-P-001,V2
175,175,L-UAV-01,AMZN,31.2997513,120.5984447,100.0,BUSY,M-L-001,V3
175,175,M-UAV-01,M600,31.3108767,120.6039862,30.5,AVAILABLE,,
175,175,M-UAV-02,M600,31.2971716,120.5956323,30.5,AVAILABLE,,
176,176,EVTOL-01,EC35,31.3129891,120.5988594,199.9,BUSY,M-P-001,V2
176,176,L-UAV-01,AMZN,31.2998705,120.5985202,100.0,BUSY,M-L-001,V3
176,176,M-UAV-01,M600,31.3108767,120.6039862,30.5,AVAILABLE,,
176,176,M-UAV-02,M600,31.2971716,120.5956323,30.5,AVAILABLE,,
177,177,EVTOL-01,EC35,31.3128429,120.5984703,199.9,BUSY,M-P-001,V2
177,177,L-UAV-01,AMZN,31.2999897,120.5985958,100.0,BUSY,M-L-001,V3
177,177,M-UAV-01,M600,31.3108767,120.6039862,30.5,AVAILABLE,,
177,177,M-UAV-02,M600,31.2971716,120.5956323,30.5,AVAILABLE,,
178,178,EVTOL-01,EC35,31.3126600,120.5981030,199.9,BUSY,M-P-001,V2
178,178,L-UAV-01,AMZN,31.3001089,120.5986713,100.0,BUSY,M-L-001,V3
178,178,M-UAV-01,M600,31.3108767,120.6039862,30.5,AVAILABLE,,
178,178,M-UAV-02,M600,31.2971716,120.5956323,30.5,AVAILABLE,,
179,179,EVTOL-01,EC35,31.3124428,120.5977623,199.9,BUSY,M-P-001,V2
179,179,L-UAV-01,AMZN,31.3002281,120.5987469,100.0,BUSY,M-L-001,V3
179,179,M-UAV-01,M600,31.3108767,120.6039862,30.5,AVAILABLE,,
179,179,M-UAV-02,M600,31.2971716,120.5956323,30.5,AVAILABLE,,
180,180,EVTOL-01,EC35,31.3121941,120.5974525,199.9,BUSY,M-P-001,V2
180,180,L-UAV-01,AMZN,31.3003473,120.5988224,100.0,BUSY,M-L-001,V3
180,180,M-UAV-01,M600,31.3108767,120.6039862,30.5,AVAILABLE,,
180,180,M-UAV-02,M600,31.2971716,120.5956323,30.5,AVAILABLE,,
181,181,EVTOL-01,EC35,31.3119171,120.5971775,199.9,BUSY,M-P-001,V2
181,181,L-UAV-01,AMZN,31.3004665,120.5988980,100.0,BUSY,M-L-001,V3
181,181,M-UAV-01,M600,31.3108767,120.6039862,30.5,AVAILABLE,,
181,181,M-UAV-02,M600,31.2971716,120.5956323,30.5,AVAILABLE,,
182,182,EVTOL-01,EC35,31.3116153,120.5969410,199.9,BUSY,M-P-001,V2
182,182,L-UAV-01,AMZN,31.3005856,120.5989735,100.0,BUSY,M-L-001,V3
182,182,M-UAV-01,M600,31.3108767,120.6039862,30.5,AVAILABLE,,
182,182,M-UAV-02,M600,31.2971716,120.5956323,30.5,AVAILABLE,,
183,183,EVTOL-01,EC35,31.3112926,120.5967458,199.9,BUSY,M-P-001,V2
183,183,L-UAV-01,AMZN,31.3007048,120.5990490,100.0,BUSY,M-L-001,V3
183,183,M-UAV-01,M600,31.3108767,120.6039862,30.5,AVAILABLE,,
183,183,M-UAV-02,M600,31.2971716,120.5956323,30.5,AVAILABLE,,
184,184,EVTOL-01,EC35,31.3109532,120.5965947,199.9,BUSY,M-P-001,V2
184,184,L-UAV-01,AMZN,31.3008240,120.5991246,100.0,BUSY,M-L-001,V3
184,184,M-UAV-01,M600,31.3108767,120.6039862,30.5,AVAILABLE,,
184,184,M-UAV-02,M600,31.2971716,120.5956323,30.5,AVAILABLE,,
185,185,EVTOL-01,EC35,31.3106013,120.5964893,199.9,BUSY,M-P-001,V2
185,185,L-UAV-01,AMZN,31.3009432,120.5992001,100.0,BUSY,M-L-001,V3
185,185,M-UAV-01,M600,31.3108767,120.6039862,30.5,AVAILABLE,,
185,185,M-UAV-02,M600,31.2971716,120.5956323,30.5,AVAILABLE,,
186,186,EVTOL-01,EC35,31.3102416,120.5964312,199.9,BUSY,M-P-001,V2
186,186,L-UAV-01,AMZN,31.3010624,120.5992757,100.0,BUSY,M-L-001,V3
186,186,M-UAV-01,M600,31.3108767,120.6039862,30.5,AVAILABLE,,
186,186,M-UAV-02,M600,31.2971716,120.5956323,30.5,AVAILABLE,,
187,187,EVTOL-01,EC35,31.3098789,120.5964090,199.9,BUSY,M-P-001,V2
187,187,L-UAV-01,AMZN,31.3011816,120.5993512,100.0,BUSY,M-L-001,V3
187,187,M-UAV-01,M600,31.3108767,120.6039862,30.5,AVAILABLE,,
187,187,M-UAV-02,M600,31.2971716,120.5956323,30.5,AVAILABLE,,
188,188,EVTOL-01,EC35,31.3095162,120.5963869,199.9,BUSY,M-P-001,V2
188,188,L-UAV-01,AMZN,31.3013008,120.5994268,100.0,BUSY,M-L-001,V3
188,188,M-UAV-01,M600,31.3108767,120.6039862,30.5,AVAILABLE,,
188,188,M-UAV-02,M600,31.2971716,120.5956323,30.5,AVAILABLE,,
189,189,EVTOL-01,EC35,31.3091535,120.5963647,199.9,BUSY,M-P-001,V2
189,189,L-UAV-01,AMZN,31.3014200,120.5995023,100.0,BUSY,M-L-001,V3
189,189,M-UAV-01,M600,31.3108767,120.6039862,30.5,AVAILABLE,,
189,189,M-UAV-02,M600,31.2971716,120.5956323,30.5,AVAILABLE,,
190,190,EVTOL-01,EC35,31.3087908,120.5963425,199.9,BUSY,M-P-001,V2
190,190,L-UAV-01,AMZN,31.3015392,120.5995779,100.0,BUSY,M-L-001,V3
190,190,M-UAV-01,M600,31.3108767,120.6039862,30.5,AVAILABLE,,
190,190,M-UAV-02,M600,31.2971716,120.5956323,30.5,AVAILABLE,,
191,191,EVTOL-01,EC35,31.3084281,120.5963203,199.9,BUSY,M-P-001,V2
191,191,L-UAV-01,AMZN,31.3016584,120.5996534,100.0,BUSY,M-L-001,V3
191,191,M-UAV-01,M600,31.3108767,120.6039862,30.5,AVAILABLE,,
191,191,M-UAV-02,M600,31.2971716,120.5956323,30.5,AVAILABLE,,
192,192,EVTOL-01,EC35,31.3080654,120.5962982,199.9,BUSY,M-P-001,V2
192,192,L-UAV-01,AMZN,31.3017775,120.5997290,100.0,BUSY,M-L-001,V3
192,192,M-UAV-01,M600,31.3108767,120.6039862,30.5,AVAILABLE,,
192,192,M-UAV-02,M600,31.2971716,120.5956323,30.5,AVAILABLE,,
193,193,EVTOL-01,EC35,31.3077027,120.5962760,199.9,BUSY,M-P-001,V2
193,193,L-UAV-01,AMZN,31.3018967,120.5998045,100.0,BUSY,M-L-001,V3
193,193,M-UAV-01,M600,31.3108767,120.6039862,30.5,AVAILABLE,,
193,193,M-UAV-02,M600,31.2971716,120.5956323,30.5,AVAILABLE,,
194,194,EVTOL-01,EC35,31.3073400,120.5962538,199.9,BUSY,M-P-001,V2
194,194,L-UAV-01,AMZN,31.3020159,120.5998801,100.0,BUSY,M-L-001,V3
194,194,M-UAV-01,M600,31.3108767,120.6039862,30.5,AVAILABLE,,
194,194,M-UAV-02,M600,31.2971716,120.5956323,30.5,AVAILABLE,,
195,195,EVTOL-01,EC35,31.3069773,120.5962317,199.9,BUSY,M-P-001,V2
195,195,L-UAV-01,AMZN,31.3021351,120.5999556,100.0,BUSY,M-L-001,V3
195,195,M-UAV-01,M600,31.3108767,120.6039862,30.5,AVAILABLE,,
195,195,M-UAV-02,M600,31.2971716,120.5956323,30.5,AVAILABLE,,
196,196,EVTOL-01,EC35,31.3066146,120.5962095,199.9,BUSY,M-P-001,V2
196,196,L-UAV-01,AMZN,31.3022543,120.6000312,100.0,BUSY,M-L-001,V3
196,196,M-UAV-01,M600,31.3108767,120.6039862,30.5,AVAILABLE,,
196,196,M-UAV-02,M600,31.2971716,120.5956323,30.5,AVAILABLE,,
197,197,EVTOL-01,EC35,31.3062519,120.5961873,199.9,BUSY,M-P-001,V2
197,197,L-UAV-01,AMZN,31.3023735,120.6001067,100.0,BUSY,M-L-001,V3
197,197,M-UAV-01,M600,31.3108767,120.6039862,30.5,AVAILABLE,,
197,197,M-UAV-02,M600,31.2971716,120.5956323,30.5,AVAILABLE,,
198,198,EVTOL-01,EC35,31.3058892,120.5961651,199.9,BUSY,M-P-001,V2
198,198,L-UAV-01,AMZN,31.3024927,120.6001823,100.0,BUSY,M-L-001,V3
198,198,M-UAV-01,M600,31.3108767,120.6039862,30.5,AVAILABLE,,
198,198,M-UAV-02,M600,31.2971716,120.5956323,30.5,AVAILABLE,,
199,199,EVTOL-01,EC35,31.3055265,120.5961430,199.9,BUSY,M-P-001,V2
199,199,L-UAV-01,AMZN,31.3026119,120.6002578,100.0,BUSY,M-L-001,V3
199,199,M-UAV-01,M600,31.3108767,120.6039862,30.5,AVAILABLE,,
199,199,M-UAV-02,M600,31.2971716,120.5956323,30.5,AVAILABLE,,
200,200,EVTOL-01,EC35,31.3051638,120.5961208,199.9,BUSY,M-P-001,V2
200,200,L-UAV-01,AMZN,31.3027311,120.6003334,100.0,BUSY,M-L-001,V3
200,200,M-UAV-01,M600,31.3108767,120.6039862,30.5,AVAILABLE,,
200,200,M-UAV-02,M600,31.2971716,120.5956323,30.5,AVAILABLE,,
201,201,EVTOL-01,EC35,31.3048011,120.5960986,199.9,BUSY,M-P-001,V2
201,201,L-UAV-01,AMZN,31.3028502,120.6004089,100.0,BUSY,M-L-001,V3
201,201,M-UAV-01,M600,31.3108767,120.6039862,30.5,AVAILABLE,,
201,201,M-UAV-02,M600,31.2971716,120.5956323,30.5,AVAILABLE,,
202,202,EVTOL-01,EC35,31.3044384,120.5960765,199.9,BUSY,M-P-001,V2
202,202,L-UAV-01,AMZN,31.3029694,120.6004845,100.0,BUSY,M-L-001,V3
202,202,M-UAV-01,M600,31.3108767,120.6039862,30.5,AVAILABLE,,
202,202,M-UAV-02,M600,31.2971716,120.5956323,30.5,AVAILABLE,,
203,203,EVTOL-01,EC35,31.3040757,120.5960543,199.9,BUSY,M-P-001,V2
203,203,L-UAV-01,AMZN,31.3030886,120.6005600,100.0,BUSY,M-L-001,V3
203,203,M-UAV-01,M600,31.3108767,120.6039862,30.5,AVAILABLE,,
203,203,M-UAV-02,M600,31.2971716,120.5956323,30.5,AVAILABLE,,
204,204,EVTOL-01,EC35,31.3037130,120.5960321,199.9,BUSY,M-P-001,V2
204,204,L-UAV-01,AMZN,31.3032078,120.6006356,100.0,BUSY,M-L-001,V3
204,204,M-UAV-01,M600,31.3108767,120.6039862,30.5,AVAILABLE,,
204,204,M-UAV-02,M600,31.2971716,120.5956323,30.5,AVAILABLE,,
205,205,EVTOL-01,EC35,31.3033503,120.5960100,199.9,BUSY,M-P-001,V2
205,205,L-UAV-01,AMZN,31.3033270,120.6007111,100.0,BUSY,M-L-001,V3
205,205,M-UAV-01,M600,31.3108767,120.6039862,30.5,AVAILABLE,,
205,205,M-UAV-02,M600,31.2971716,120.5956323,30.5,AVAILABLE,,
206,206,EVTOL-01,EC35,31.3029876,120.5959878,199.9,BUSY,M-P-001,V2
206,206,L-UAV-01,AMZN,31.3034462,120.6007867,100.0,BUSY,M-L-001,V3
206,206,M-UAV-01,M600,31.3108767,120.6039862,30.5,AVAILABLE,,
206,206,M-UAV-02,M600,31.2971716,120.5956323,30.5,AVAILABLE,,
207,207,EVTOL-01,EC35,31.3026249,120.5959656,199.9,BUSY,M-P-001,V2
207,207,L-UAV-01,AMZN,31.3035654,120.6008622,100.0,BUSY,M-L-001,V3
207,207,M-UAV-01,M600,31.3108767,120.6039862,30.5,AVAILABLE,,
207,207,M-UAV-02,M600,31.2971716,120.5956323,30.5,AVAILABLE,,
208,208,EVTOL-01,EC35,31.3022622,120.5959435,199.9,BUSY,M-P-001,V2
208,208,L-UAV-01,AMZN,31.3036846,120.6009378,100.0,BUSY,M-L-001,V3
208,208,M-UAV-01,M600,31.3108767,120.6039862,30.5,AVAILABLE,,
208,208,M-UAV-02,M600,31.2971716,120.5956323,30.5,AVAILABLE,,
209,209,EVTOL-01,EC35,31.3018995,120.5959213,199.9,BUSY,M-P-001,V2
209,209,L-UAV-01,AMZN,31.3038038,120.6010133,100.0,BUSY,M-L-001,V3
209,209,M-UAV-01,M600,31.3108767,120.6039862,30.5,AVAILABLE,,
209,209,M-UAV-02,M600,31.2971716,120.5956323,30.5,AVAILABLE,,
210,210,EVTOL-01,EC35,31.3015368,120.5958991,199.9,BUSY,M-P-001,V2
210,210,L-UAV-01,AMZN,31.3039229,120.6010889,100.0,BUSY,M-L-001,V3
210,210,M-UAV-01,M600,31.3108767,120.6039862,30.5,AVAILABLE,,
210,210,M-UAV-02,M600,31.2971716,120.5956323,30.5,AVAILABLE,,
211,211,EVTOL-01,EC35,31.3011742,120.5958770,199.9,BUSY,M-P-001,V2
211,211,L-UAV-01,AMZN,31.3040421,120.6011644,100.0,BUSY,M-L-001,V3
211,211,M-UAV-01,M600,31.3108767,120.6039862,30.5,AVAILABLE,,
211,211,M-UAV-02,M600,31.2971716,120.5956323,30.5,AVAILABLE,,
212,212,EVTOL-01,EC35,31.3008115,120.5958548,199.9,BUSY,M-P-001,V2
212,212,L-UAV-01,AMZN,31.3041613,120.6012400,100.0,BUSY,M-L-001,V3
212,212,M-UAV-01,M600,31.3108767,120.6039862,30.5,AVAILABLE,,
212,212,M-UAV-02,M600,31.2971716,120.5956323,30.5,AVAILABLE,,
213,213,EVTOL-01,EC35,31.3004488,120.5958326,199.9,BUSY,M-P-001,V2
213,213,L-UAV-01,AMZN,31.3042805,120.6013155,100.0,BUSY,M-L-001,V3
213,213,M-UAV-01,M600,31.3108767,120.6039862,30.5,AVAILABLE,,
213,213,M-UAV-02,M600,31.2971716,120.5956323,30.5,AVAILABLE,,
214,214,EVTOL-01,EC35,31.3000861,120.5958105,199.9,BUSY,M-P-001,V2
214,214,L-UAV-01,AMZN,31.3043997,120.6013911,100.0,BUSY,M-L-001,V3
214,214,M-UAV-01,M600,31.3108767,120.6039862,30.5,AVAILABLE,,
214,214,M-UAV-02,M600,31.2971716,120.5956323,30.5,AVAILABLE,,
215,215,EVTOL-01,EC35,31.2997234,120.5957883,199.9,BUSY,M-P-001,V2
215,215,L-UAV-01,AMZN,31.3045189,120.6014666,100.0,BUSY,M-L-001,V3
215,215,M-UAV-01,M600,31.3108767,120.6039862,30.5,AVAILABLE,,
215,215,M-UAV-02,M600,31.2971716,120.5956323,30.5,AVAILABLE,,
216,216,EVTOL-01,EC35,31.2993607,120.5957661,199.9,BUSY,M-P-001,V2
216,216,L-UAV-01,AMZN,31.3046381,120.6015422,100.0,BUSY,M-L-001,V3
216,216,M-UAV-01,M600,31.3108767,120.6039862,30.5,AVAILABLE,,
216,216,M-UAV-02,M600,31.2971716,120.5956323,30.5,AVAILABLE,,
217,217,EVTOL-01,EC35,31.2989980,120.5957439,199.9,BUSY,M-P-001,V2
217,217,L-UAV-01,AMZN,31.3047573,120.6016177,100.0,BUSY,M-L-001,V3
217,217,M-UAV-01,M600,31.3108767,120.6039862,30.5,AVAILABLE,,
217,217,M-UAV-02,M600,31.2971716,120.5956323,30.5,AVAILABLE,,
218,218,EVTOL-01,EC35,31.2986353,120.5957218,199.9,BUSY,M-P-001,V2
218,218,L-UAV-01,AMZN,31.3048765,120.6016933,100.0,BUSY,M-L-001,V3
218,218,M-UAV-01,M600,31.3108767,120.6039862,30.5,AVAILABLE,,
218,218,M-UAV-02,M600,31.2971716,120.5956323,30.5,AVAILABLE,,
219,219,EVTOL-01,EC35,31.2982726,120.5956996,199.9,BUSY,M-P-001,V2
219,219,L-UAV-01,AMZN,31.3049956,120.6017688,100.0,BUSY,M-L-001,V3
219,219,M-UAV-01,M600,31.3108767,120.6039862,30.5,AVAILABLE,,
219,219,M-UAV-02,M600,31.2971716,120.5956323,30.5,AVAILABLE,,
220,220,EVTOL-01,EC35,31.2979099,120.5956775,199.9,BUSY,M-P-001,V1
220,220,L-UAV-01,AMZN,31.3051148,120.6018444,100.0,BUSY,M-L-001,V3
220,220,M-UAV-01,M600,31.3108767,120.6039862,30.5,AVAILABLE,,
220,220,M-UAV-02,M600,31.2971716,120.5956323,30.5,AVAILABLE,,
221,221,EVTOL-01,EC35,31.2975474,120.5957034,199.9,BUSY,M-P-001,V1
221,221,L-UAV-01,AMZN,31.3052340,120.6019199,100.0,BUSY,M-L-001,V3
221,221,M-UAV-01,M600,31.3108767,120.6039862,30.5,AVAILABLE,,
221,221,M-UAV-02,M600,31.2971716,120.5956323,30.5,AVAILABLE,,
222,222,EVTOL-01,EC35,31.2971897,120.5957771,199.9,BUSY,M-P-001,V1
222,222,L-UAV-01,AMZN,31.3053532,120.6019955,100.0,BUSY,M-L-001,V3
222,222,M-UAV-01,M600,31.3108767,120.6039862,30.5,AVAILABLE,,
222,222,M-UAV-02,M600,31.2971716,120.5956323,30.5,AVAILABLE,,
223,223,EVTOL-01,EC35,31.2968414,120.5958976,199.9,BUSY,M-P-001,V1
223,223,L-UAV-01,AMZN,31.3054724,120.6020710,100.0,BUSY,M-L-001,V3
223,223,M-UAV-01,M600,31.3108767,120.6039862,30.5,AVAILABLE,,
223,223,M-UAV-02,M600,31.2971716,120.5956323,30.5,AVAILABLE,,
224,224,EVTOL-01,EC35,31.2965070,120.5960634,199.9,BUSY,M-P-001,V1
224,224,L-UAV-01,AMZN,31.3055916,120.6021466,100.0,BUSY,M-L-001,V3
224,224,M-UAV-01,M600,31.3108767,120.6039862,30.5,AVAILABLE,,
224,224,M-UAV-02,M600,31.2971716,120.5956323,30.5,AVAILABLE,,
225,225,EVTOL-01,EC35,31.2961907,120.5962724,199.9,BUSY,M-P-001,V1
225,225,L-UAV-01,AMZN,31.3057108,120.6022222,100.0,BUSY,M-L-001,V3
225,225,M-UAV-01,M600,31.3108767,120.6039862,30.5,AVAILABLE,,
225,225,M-UAV-02,M600,31.2971716,120.5956323,30.5,AVAILABLE,,
226,226,EVTOL-01,EC35,31.2958967,120.5965219,199.9,BUSY,M-P-001,V1
226,226,L-UAV-01,AMZN,31.3058300,120.6022977,100.0,BUSY,M-L-001,V2
226,226,M-UAV-01,M600,31.3108767,120.6039862,30.5,AVAILABLE,,
226,226,M-UAV-02,M600,31.2971716,120.5956323,30.5,AVAILABLE,,
227,227,EVTOL-01,EC35,31.2956286,120.5968086,199.9,BUSY,M-P-001,V1
227,227,L-UAV-01,AMZN,31.3059630,120.6023281,100.0,BUSY,M-L-001,V2
227,227,M-UAV-01,M600,31.3108767,120.6039862,30.5,AVAILABLE,,
227,227,M-UAV-02,M600,31.2971716,120.5956323,30.5,AVAILABLE,,
228,228,EVTOL-01,EC35,31.2953899,120.5971290,199.9,BUSY,M-P-001,V1
228,228,L-UAV-01,AMZN,31.3060977,120.6023107,100.0,BUSY,M-L-001,V2
228,228,M-UAV-01,M600,31.3108767,120.6039862,30.5,AVAILABLE,,
228,228,M-UAV-02,M600,31.2971716,120.5956323,30.5,AVAILABLE,,
229,229,EVTOL-01,EC35,31.2951837,120.5974788,199.9,BUSY,M-P-001,V1
229,229,L-UAV-01,AMZN,31.3062218,120.6022469,100.0,BUSY,M-L-001,V2
229,229,M-UAV-01,M600,31.3108767,120.6039862,30.5,AVAILABLE,,
229,229,M-UAV-02,M600,31.2971716,120.5956323,30.5,AVAILABLE,,
230,230,EVTOL-01,EC35,31.2950125,120.5978537,199.9,BUSY,M-P-001,V1
230,230,L-UAV-01,AMZN,31.3063240,120.6021426,100.0,BUSY,M-L-001,V2
230,230,M-UAV-01,M600,31.3108767,120.6039862,30.5,AVAILABLE,,
230,230,M-UAV-02,M600,31.2971716,120.5956323,30.5,AVAILABLE,,
231,231,EVTOL-01,EC35,31.2948787,120.5982488,199.9,BUSY,M-P-001,V1
231,231,L-UAV-01,AMZN,31.3063948,120.6020073,100.0,BUSY,M-L-001,V2
231,231,M-UAV-01,M600,31.3108767,120.6039862,30.5,AVAILABLE,,
231,231,M-UAV-02,M600,31.2971716,120.5956323,30.5,AVAILABLE,,
232,232,EVTOL-01,EC35,31.2947839,120.5986591,199.9,BUSY,M-P-001,V1
232,232,L-UAV-01,AMZN,31.3064280,120.6018535,100.0,BUSY,M-L-001,V2
232,232,M-UAV-01,M600,31.3108767,120.6039862,30.5,AVAILABLE,,
232,232,M-UAV-02,M600,31.2971716,120.5956323,30.5,AVAILABLE,,
233,233,EVTOL-01,EC35,31.2947292,120.5990793,199.9,BUSY,M-P-001,V1
233,233,L-UAV-01,AMZN,31.3064203,120.6016951,100.0,BUSY,M-L-001,V2
233,233,M-UAV-01,M600,31.3108767,120.6039862,30.5,AVAILABLE,,
233,233,M-UAV-02,M600,31.2971716,120.5956323,30.5,AVAILABLE,,
234,234,EVTOL-01,EC35,31.2947155,120.5995040,199.9,BUSY,M-P-001,V1
234,234,L-UAV-01,AMZN,31.3063725,120.6015466,100.0,BUSY,M-L-001,V2
234,234,M-UAV-01,M600,31.3108767,120.6039862,30.5,AVAILABLE,,
234,234,M-UAV-02,M600,31.2971716,120.5956323,30.5,AVAILABLE,,
235,235,EVTOL-01,EC35,31.2947430,120.5999279,199.9,BUSY,M-P-001,V1
235,235,L-UAV-01,AMZN,31.3062891,120.6014216,100.0,BUSY,M-L-001,V2
235,235,M-UAV-01,M600,31.3108767,120.6039862,30.5,AVAILABLE,,
235,235,M-UAV-02,M600,31.2971716,120.5956323,30.5,AVAILABLE,,
236,236,EVTOL-01,EC35,31.2948111,120.6003453,199.9,BUSY,M-P-001,V1
236,236,L-UAV-01,AMZN,31.3061775,120.6013315,100.0,BUSY,M-L-001,V2
236,236,M-UAV-01,M600,31.3108767,120.6039862,30.5,AVAILABLE,,
236,236,M-UAV-02,M600,31.2971716,120.5956323,30.5,AVAILABLE,,
237,237,EVTOL-01,EC35,31.2949191,120.6007511,199.9,BUSY,M-P-001,V1
237,237,L-UAV-01,AMZN,31.3060583,120.6012561,100.0,BUSY,M-L-001,V2
237,237,M-UAV-01,M600,31.3108767,120.6039862,30.5,AVAILABLE,,
237,237,M-UAV-02,M600,31.2971716,120.5956323,30.5,AVAILABLE,,
238,238,EVTOL-01,EC35,31.2950656,120.6011400,199.9,BUSY,M-P-001,V1
238,238,L-UAV-01,AMZN,31.3059390,120.6011806,100.0,BUSY,M-L-001,V2
238,238,M-UAV-01,M600,31.3108767,120.6039862,30.5,AVAILABLE,,
238,238,M-UAV-02,M600,31.2971716,120.5956323,30.5,AVAILABLE,,
239,239,EVTOL-01,EC35,31.2952488,120.6015071,199.9,BUSY,M-P-001,V1
239,239,L-UAV-01,AMZN,31.3058198,120.6011052,100.0,BUSY,M-L-001,V2
239,239,M-UAV-01,M600,31.3108767,120.6039862,30.5,AVAILABLE,,
239,239,M-UAV-02,M600,31.2971716,120.5956323,30.5,AVAILABLE,,
240,240,EVTOL-01,EC35,31.2954661,120.6018476,199.9,BUSY,M-P-001,V1
240,240,L-UAV-01,AMZN,31.3057006,120.6010297,100.0,BUSY,M-L-001,V2
240,240,M-UAV-01,M600,31.3108767,120.6039862,30.5,AVAILABLE,,
240,240,M-UAV-02,M600,31.2971716,120.5956323,30.5,AVAILABLE,,
241,241,EVTOL-01,EC35,31.2957150,120.6021571,199.9,BUSY,M-P-001,V1
241,241,L-UAV-01,AMZN,31.3055813,120.6009542,100.0,BUSY,M-L-001,V2
241,241,M-UAV-01,M600,31.3108767,120.6039862,30.5,AVAILABLE,,
241,241,M-UAV-02,M600,31.2971716,120.5956323,30.5,AVAILABLE,,
242,242,EVTOL-01,EC35,31.2959922,120.6024318,199.9,BUSY,M-P-001,V1
242,242,L-UAV-01,AMZN,31.3054621,120.6008788,100.0,BUSY,M-L-001,V2
242,242,M-UAV-01,M600,31.3108767,120.6039862,30.5,AVAILABLE,,
242,242,M-UAV-02,M600,31.2971716,120.5956323,30.5,AVAILABLE,,
243,243,EVTOL-01,EC35,31.2962941,120.6026681,199.9,BUSY,M-P-001,V1
243,243,L-UAV-01,AMZN,31.3053429,120.6008033,100.0,BUSY,M-L-001,V2
243,243,M-UAV-01,M600,31.3108767,120.6039862,30.5,AVAILABLE,,
243,243,M-UAV-02,M600,31.2971716,120.5956323,30.5,AVAILABLE,,
244,244,EVTOL-01,EC35,31.2966169,120.6028629,199.9,BUSY,M-P-001,V1
244,244,L-UAV-01,AMZN,31.3052236,120.6007279,100.0,BUSY,M-L-001,V2
244,244,M-UAV-01,M600,31.3108767,120.6039862,30.5,AVAILABLE,,
244,244,M-UAV-02,M600,31.2971716,120.5956323,30.5,AVAILABLE,,
245,245,EVTOL-01,EC35,31.2969564,120.6030138,199.9,BUSY,M-P-001,V1
245,245,L-UAV-01,AMZN,31.3051044,120.6006524,100.0,BUSY,M-L-001,V2
245,245,M-UAV-01,M600,31.3108767,120.6039862,30.5,AVAILABLE,,
245,245,M-UAV-02,M600,31.2971716,120.5956323,30.5,AVAILABLE,,
246,246,EVTOL-01,EC35,31.2973083,120.6031188,199.9,BUSY,M-P-001,V1
246,246,L-UAV-01,AMZN,31.3049852,120.6005769,100.0,BUSY,M-L-001,V2
246,246,M-UAV-01,M600,31.3108767,120.6039862,30.5,AVAILABLE,,
246,246,M-UAV-02,M600,31.2971716,120.5956323,30.5,AVAILABLE,,
247,247,EVTOL-01,EC35,31.2976682,120.6031767,199.9,BUSY,M-P-001,V1
247,247,L-UAV-01,AMZN,31.3048659,120.6005015,100.0,BUSY,M-L-001,V2
247,247,M-UAV-01,M600,31.3108767,120.6039862,30.5,AVAILABLE,,
247,247,M-UAV-02,M600,31.2971716,120.5956323,30.5,AVAILABLE,,
248,248,EVTOL-01,EC35,31.2980308,120.6031989,199.9,BUSY,M-P-001,V1
248,248,L-UAV-01,AMZN,31.3047467,120.6004260,100.0,BUSY,M-L-001,V2
248,248,M-UAV-01,M600,31.3108767,120.6039862,30.5,AVAILABLE,,
248,248,M-UAV-02,M600,31.2971716,120.5956323,30.5,AVAILABLE,,
249,249,EVTOL-01,EC35,31.2983935,120.6032211,199.9,BUSY,M-P-001,V1
249,249,L-UAV-01,AMZN,31.3046275,120.6003506,100.0,BUSY,M-L-001,V2
249,249,M-UAV-01,M600,31.3108767,120.6039862,30.5,AVAILABLE,,
249,249,M-UAV-02,M600,31.2971716,120.5956323,30.5,AVAILABLE,,
250,250,EVTOL-01,EC35,31.2987562,120.6032433,199.9,BUSY,M-P-001,V1
250,250,L-UAV-01,AMZN,31.3045082,120.6002751,100.0,BUSY,M-L-001,V2
250,250,M-UAV-01,M600,31.3108767,120.6039862,30.5,AVAILABLE,,
250,250,M-UAV-02,M600,31.2971716,120.5956323,30.5,AVAILABLE,,
251,251,EVTOL-01,EC35,31.2991189,120.6032656,199.9,BUSY,M-P-001,V1
251,251,L-UAV-01,AMZN,31.3043890,120.6001997,100.0,BUSY,M-L-001,V2
251,251,M-UAV-01,M600,31.3108767,120.6039862,30.5,AVAILABLE,,
251,251,M-UAV-02,M600,31.2971716,120.5956323,30.5,AVAILABLE,,
252,252,EVTOL-01,EC35,31.2994816,120.6032878,199.9,BUSY,M-P-001,V1
252,252,L-UAV-01,AMZN,31.3042698,120.6001242,100.0,BUSY,M-L-001,V2
252,252,M-UAV-01,M600,31.3108767,120.6039862,30.5,AVAILABLE,,
252,252,M-UAV-02,M600,31.2971716,120.5956323,30.5,AVAILABLE,,
253,253,EVTOL-01,EC35,31.2998443,120.6033100,199.9,BUSY,M-P-001,V1
253,253,L-UAV-01,AMZN,31.3041506,120.6000487,100.0,BUSY,M-L-001,V2
253,253,M-UAV-01,M600,31.3108767,120.6039862,30.5,AVAILABLE,,
253,253,M-UAV-02,M600,31.2971716,120.5956323,30.5,AVAILABLE,,
254,254,EVTOL-01,EC35,31.3002070,120.6033322,199.9,BUSY,M-P-001,V1
254,254,L-UAV-01,AMZN,31.3040313,120.5999733,100.0,BUSY,M-L-001,V2
254,254,M-UAV-01,M600,31.3108767,120.6039862,30.5,AVAILABLE,,
254,254,M-UAV-02,M600,31.2971716,120.5956323,30.5,AVAILABLE,,
255,255,EVTOL-01,EC35,31.3005697,120.6033545,199.9,BUSY,M-P-001,V1
255,255,L-UAV-01,AMZN,31.3039121,120.5998978,100.0,BUSY,M-L-001,V2
255,255,M-UAV-01,M600,31.3108767,120.6039862,30.5,AVAILABLE,,
255,255,M-UAV-02,M600,31.2971716,120.5956323,30.5,AVAILABLE,,
256,256,EVTOL-01,EC35,31.3009324,120.6033767,199.9,BUSY,M-P-001,V1
256,256,L-UAV-01,AMZN,31.3037929,120.5998224,100.0,BUSY,M-L-001,V2
256,256,M-UAV-01,M600,31.3108767,120.6039862,30.5,AVAILABLE,,
256,256,M-UAV-02,M600,31.2971716,120.5956323,30.5,AVAILABLE,,
257,257,EVTOL-01,EC35,31.3012951,120.6033989,199.9,BUSY,M-P-001,V1
257,257,L-UAV-01,AMZN,31.3036736,120.5997469,100.0,BUSY,M-L-001,V2
257,257,M-UAV-01,M600,31.3108767,120.6039862,30.5,AVAILABLE,,
257,257,M-UAV-02,M600,31.2971716,120.5956323,30.5,AVAILABLE,,
258,258,EVTOL-01,EC35,31.3016578,120.6034211,199.9,BUSY,M-P-001,V1
258,258,L-UAV-01,AMZN,31.3035544,120.5996714,100.0,BUSY,M-L-001,V2
258,258,M-UAV-01,M600,31.3108767,120.6039862,30.5,AVAILABLE,,
258,258,M-UAV-02,M600,31.2971716,120.5956323,30.5,AVAILABLE,,
259,259,EVTOL-01,EC35,31.3020205,120.6034434,199.9,BUSY,M-P-001,V1
259,259,L-UAV-01,AMZN,31.3034352,120.5995960,100.0,BUSY,M-L-001,V2
259,259,M-UAV-01,M600,31.3108767,120.6039862,30.5,AVAILABLE,,
259,259,M-UAV-02,M600,31.2971716,120.5956323,30.5,AVAILABLE,,
260,260,EVTOL-01,EC35,31.3023832,120.6034656,199.9,BUSY,M-P-001,V1
260,260,L-UAV-01,AMZN,31.3033159,120.5995205,100.0,BUSY,M-L-001,V2
260,260,M-UAV-01,M600,31.3108767,120.6039862,30.5,AVAILABLE,,
260,260,M-UAV-02,M600,31.2971716,120.5956323,30.5,AVAILABLE,,
261,261,EVTOL-01,EC35,31.3027459,120.6034878,199.9,BUSY,M-P-001,V1
261,261,L-UAV-01,AMZN,31.3031967,120.5994451,100.0,BUSY,M-L-001,V2
261,261,M-UAV-01,M600,31.3108767,120.6039862,30.5,AVAILABLE,,
261,261,M-UAV-02,M600,31.2971716,120.5956323,30.5,AVAILABLE,,
262,262,EVTOL-01,EC35,31.3031086,120.6035101,199.9,BUSY,M-P-001,V1
262,262,L-UAV-01,AMZN,31.3030775,120.5993696,100.0,BUSY,M-L-001,V2
262,262,M-UAV-01,M600,31.3108767,120.6039862,30.5,AVAILABLE,,
262,262,M-UAV-02,M600,31.2971716,120.5956323,30.5,AVAILABLE,,
263,263,EVTOL-01,EC35,31.3034713,120.6035323,199.9,BUSY,M-P-001,V1
263,263,L-UAV-01,AMZN,31.3029582,120.5992942,100.0,BUSY,M-L-001,V2
263,263,M-UAV-01,M600,31.3108767,120.6039862,30.5,AVAILABLE,,
263,263,M-UAV-02,M600,31.2971716,120.5956323,30.5,AVAILABLE,,
264,264,EVTOL-01,EC35,31.3038339,120.6035545,199.9,BUSY,M-P-001,V1
264,264,L-UAV-01,AMZN,31.3028390,120.5992187,100.0,BUSY,M-L-001,V2
264,264,M-UAV-01,M600,31.3108767,120.6039862,30.5,AVAILABLE,,
264,264,M-UAV-02,M600,31.2971716,120.5956323,30.5,AVAILABLE,,
265,265,EVTOL-01,EC35,31.3041966,120.6035767,199.9,BUSY,M-P-001,V1
265,265,L-UAV-01,AMZN,31.3027198,120.5991433,100.0,BUSY,M-L-001,V2
265,265,M-UAV-01,M600,31.3108767,120.6039862,30.5,AVAILABLE,,
265,265,M-UAV-02,M600,31.2971716,120.5956323,30.5,AVAILABLE,,
266,266,EVTOL-01,EC35,31.3045593,120.6035990,199.9,BUSY,M-P-001,V1
266,266,L-UAV-01,AMZN,31.3026005,120.5990678,100.0,BUSY,M-L-001,V2
266,266,M-UAV-01,M600,31.3108767,120.6039862,30.5,AVAILABLE,,
266,266,M-UAV-02,M600,31.2971716,120.5956323,30.5,AVAILABLE,,
267,267,EVTOL-01,EC35,31.3049220,120.6036212,199.9,BUSY,M-P-001,V1
267,267,L-UAV-01,AMZN,31.3024813,120.5989923,100.0,BUSY,M-L-001,V2
267,267,M-UAV-01,M600,31.3108767,120.6039862,30.5,AVAILABLE,,
267,267,M-UAV-02,M600,31.2971716,120.5956323,30.5,AVAILABLE,,
268,268,EVTOL-01,EC35,31.3052847,120.6036434,199.9,BUSY,M-P-001,V1
268,268,L-UAV-01,AMZN,31.3023621,120.5989169,100.0,BUSY,M-L-001,V2
268,268,M-UAV-01,M600,31.3108767,120.6039862,30.5,AVAILABLE,,
268,268,M-UAV-02,M600,31.2971716,120.5956323,30.5,AVAILABLE,,
269,269,EVTOL-01,EC35,31.3056474,120.6036656,199.9,BUSY,M-P-001,V1
269,269,L-UAV-01,AMZN,31.3022428,120.5988414,100.0,BUSY,M-L-001,V2
269,269,M-UAV-01,M600,31.3108767,120.6039862,30.5,AVAILABLE,,
269,269,M-UAV-02,M600,31.2971716,120.5956323,30.5,AVAILABLE,,
270,270,EVTOL-01,EC35,31.3060101,120.6036879,199.9,BUSY,M-P-001,V1
270,270,L-UAV-01,AMZN,31.3021236,120.5987660,100.0,BUSY,M-L-001,V2
270,270,M-UAV-01,M600,31.3108767,120.6039862,30.5,AVAILABLE,,
270,270,M-UAV-02,M600,31.2971716,120.5956323,30.5,AVAILABLE,,
271,271,EVTOL-01,EC35,31.3063728,120.6037101,199.9,BUSY,M-P-001,V1
271,271,L-UAV-01,AMZN,31.3020044,120.5986905,100.0,BUSY,M-L-001,V2
271,271,M-UAV-01,M600,31.3108767,120.6039862,30.5,AVAILABLE,,
271,271,M-UAV-02,M600,31.2971716,120.5956323,30.5,AVAILABLE,,
272,272,EVTOL-01,EC35,31.3067355,120.6037323,199.9,BUSY,M-P-001,V1
272,272,L-UAV-01,AMZN,31.3018851,120.5986151,100.0,BUSY,M-L-001,V2
272,272,M-UAV-01,M600,31.3108767,120.6039862,30.5,AVAILABLE,,
272,272,M-UAV-02,M600,31.2971716,120.5956323,30.5,AVAILABLE,,
273,273,EVTOL-01,EC35,31.3070982,120.6037546,199.9,BUSY,M-P-001,V1
273,273,L-UAV-01,AMZN,31.3017659,120.5985396,100.0,BUSY,M-L-001,V2
273,273,M-UAV-01,M600,31.3108767,120.6039862,30.5,AVAILABLE,,
273,273,M-UAV-02,M600,31.2971716,120.5956323,30.5,AVAILABLE,,
274,274,EVTOL-01,EC35,31.3074609,120.6037768,199.9,BUSY,M-P-001,V1
274,274,L-UAV-01,AMZN,31.3016467,120.5984642,100.0,BUSY,M-L-001,V2
274,274,M-UAV-01,M600,31.3108767,120.6039862,30.5,AVAILABLE,,
274,274,M-UAV-02,M600,31.2971716,120.5956323,30.5,AVAILABLE,,
275,275,EVTOL-01,EC35,31.3078236,120.6037990,199.9,BUSY,M-P-001,V1
275,275,L-UAV-01,AMZN,31.3015274,120.5983887,100.0,BUSY,M-L-001,V2
275,275,M-UAV-01,M600,31.3108767,120.6039862,30.5,AVAILABLE,,
275,275,M-UAV-02,M600,31.2971716,120.5956323,30.5,AVAILABLE,,
276,276,EVTOL-01,EC35,31.3081863,120.6038212,199.9,BUSY,M-P-001,V1
276,276,L-UAV-01,AMZN,31.3014082,120.5983132,100.0,BUSY,M-L-001,V2
276,276,M-UAV-01,M600,31.3108767,120.6039862,30.5,AVAILABLE,,
276,276,M-UAV-02,M600,31.2971716,120.5956323,30.5,AVAILABLE,,
277,277,EVTOL-01,EC35,31.3085490,120.6038435,199.9,BUSY,M-P-001,V1
277,277,L-UAV-01,AMZN,31.3012890,120.5982378,100.0,BUSY,M-L-001,V2
277,277,M-UAV-01,M600,31.3108767,120.6039862,30.5,AVAILABLE,,
277,277,M-UAV-02,M600,31.2971716,120.5956323,30.5,AVAILABLE,,
278,278,EVTOL-01,EC35,31.3089117,120.6038657,199.9,BUSY,M-P-001,V1
278,278,L-UAV-01,AMZN,31.3011697,120.5981623,100.0,BUSY,M-L-001,V2
278,278,M-UAV-01,M600,31.3108767,120.6039862,30.5,AVAILABLE,,
278,278,M-UAV-02,M600,31.2971716,120.5956323,30.5,AVAILABLE,,
279,279,EVTOL-01,EC35,31.3092743,120.6038879,199.9,BUSY,M-P-001,V1
279,279,L-UAV-01,AMZN,31.3010505,120.5980869,100.0,BUSY,M-L-001,V2
279,279,M-UAV-01,M600,31.3108767,120.6039862,30.5,AVAILABLE,,
279,279,M-UAV-02,M600,31.2971716,120.5956323,30.5,AVAILABLE,,
280,280,EVTOL-01,EC35,31.3096370,120.6039102,199.9,BUSY,M-P-001,V1
280,280,L-UAV-01,AMZN,31.3009313,120.5980114,100.0,BUSY,M-L-001,V2
280,280,M-UAV-01,M600,31.3108767,120.6039862,30.5,AVAILABLE,,
280,280,M-UAV-02,M600,31.2971716,120.5956323,30.5,AVAILABLE,,
281,281,EVTOL-01,EC35,31.3099997,120.6039324,199.9,BUSY,M-P-001,V2
281,281,L-UAV-01,AMZN,31.3008120,120.5979360,100.0,BUSY,M-L-001,V2
281,281,M-UAV-01,M600,31.3108767,120.6039862,30.5,AVAILABLE,,
281,281,M-UAV-02,M600,31.2971716,120.5956323,30.5,AVAILABLE,,
282,282,EVTOL-01,EC35,31.3103623,120.6039065,199.9,BUSY,M-P-001,V2
282,282,L-UAV-01,AMZN,31.3006928,120.5978605,100.0,BUSY,M-L-001,V2
282,282,M-UAV-01,M600,31.3108767,120.6039862,30.5,AVAILABLE,,
282,282,M-UAV-02,M600,31.2971716,120.5956323,30.5,AVAILABLE,,
283,283,EVTOL-01,EC35,31.3107199,120.6038329,199.9,BUSY,M-P-001,V2
283,283,L-UAV-01,AMZN,31.3005736,120.5977851,100.0,BUSY,M-L-001,V2
283,283,M-UAV-01,M600,31.3108767,120.6039862,30.5,AVAILABLE,,
283,283,M-UAV-02,M600,31.2971716,120.5956323,30.5,AVAILABLE,,
284,284,EVTOL-01,EC35,31.3110682,120.6037124,199.9,BUSY,M-P-001,V2
284,284,L-UAV-01,AMZN,31.3004543,120.5977096,100.0,BUSY,M-L-001,V2
284,284,M-UAV-01,M600,31.3108767,120.6039862,30.5,AVAILABLE,,
284,284,M-UAV-02,M600,31.2971716,120.5956323,30.5,AVAILABLE,,
285,285,EVTOL-01,EC35,31.3114027,120.6035466,199.9,BUSY,M-P-001,V2
285,285,L-UAV-01,AMZN,31.3003351,120.5976342,100.0,BUSY,M-L-001,V2
285,285,M-UAV-01,M600,31.3108767,120.6039862,30.5,AVAILABLE,,
285,285,M-UAV-02,M600,31.2971716,120.5956323,30.5,AVAILABLE,,
286,286,EVTOL-01,EC35,31.3117190,120.6033376,199.9,BUSY,M-P-001,V2
286,286,L-UAV-01,AMZN,31.3002159,120.5975587,100.0,BUSY,M-L-001,V2
286,286,M-UAV-01,M600,31.3108767,120.6039862,30.5,AVAILABLE,,
286,286,M-UAV-02,M600,31.2971716,120.5956323,30.5,AVAILABLE,,
287,287,EVTOL-01,EC35,31.3120131,120.6030882,199.9,BUSY,M-P-001,V2
287,287,L-UAV-01,AMZN,31.3000966,120.5974833,100.0,BUSY,M-L-001,V2
287,287,M-UAV-01,M600,31.3108767,120.6039862,30.5,AVAILABLE,,
287,287,M-UAV-02,M600,31.2971716,120.5956323,30.5,AVAILABLE,,
288,288,EVTOL-01,EC35,31.3122812,120.6028014,199.9,BUSY,M-P-001,V2
288,288,L-UAV-01,AMZN,31.2999774,120.5974078,100.0,BUSY,M-L-001,V2
288,288,M-UAV-01,M600,31.3108767,120.6039862,30.5,AVAILABLE,,
288,288,M-UAV-02,M600,31.2971716,120.5956323,30.5,AVAILABLE,,
289,289,EVTOL-01,EC35,31.3125199,120.6024811,199.9,BUSY,M-P-001,V2
289,289,L-UAV-01,AMZN,31.2998582,120.5973324,100.0,BUSY,M-L-001,V2
289,289,M-UAV-01,M600,31.3108767,120.6039862,30.5,AVAILABLE,,
289,289,M-UAV-02,M600,31.2971716,120.5956323,30.5,AVAILABLE,,
290,290,EVTOL-01,EC35,31.3127262,120.6021312,199.9,BUSY,M-P-001,V2
290,290,L-UAV-01,AMZN,31.2997389,120.5972569,100.0,BUSY,M-L-001,V2
290,290,M-UAV-01,M600,31.3108767,120.6039862,30.5,AVAILABLE,,
290,290,M-UAV-02,M600,31.2971716,120.5956323,30.5,AVAILABLE,,
291,291,EVTOL-01,EC35,31.3128974,120.6017563,199.9,BUSY,M-P-001,V2
291,291,L-UAV-01,AMZN,31.2996197,120.5971815,100.0,BUSY,M-L-001,V2
291,291,M-UAV-01,M600,31.3108767,120.6039862,30.5,AVAILABLE,,
291,291,M-UAV-02,M600,31.2971716,120.5956323,30.5,AVAILABLE,,
292,292,EVTOL-01,EC35,31.3130313,120.6013611,199.9,BUSY,M-P-001,V2
292,292,L-UAV-01,AMZN,31.2995005,120.5971060,100.0,BUSY,M-L-001,V2
292,292,M-UAV-01,M600,31.3108767,120.6039862,30.5,AVAILABLE,,
292,292,M-UAV-02,M600,31.2971716,120.5956323,30.5,AVAILABLE,,
293,293,EVTOL-01,EC35,31.3131261,120.6009507,199.9,BUSY,M-P-001,V2
293,293,L-UAV-01,AMZN,31.2993812,120.5970306,100.0,BUSY,M-L-001,V2
293,293,M-UAV-01,M600,31.3108767,120.6039862,30.5,AVAILABLE,,
293,293,M-UAV-02,M600,31.2971716,120.5956323,30.5,AVAILABLE,,
294,294,EVTOL-01,EC35,31.3131808,120.6005305,199.9,BUSY,M-P-001,V2
294,294,L-UAV-01,AMZN,31.2992620,120.5969551,100.0,BUSY,M-L-001,V2
294,294,M-UAV-01,M600,31.3108767,120.6039862,30.5,AVAILABLE,,
294,294,M-UAV-02,M600,31.2971716,120.5956323,30.5,AVAILABLE,,
295,295,EVTOL-01,EC35,31.3131945,120.6001057,199.9,BUSY,M-P-001,V2
295,295,L-UAV-01,AMZN,31.2991428,120.5968797,100.0,BUSY,M-L-001,V2
295,295,M-UAV-01,M600,31.3108767,120.6039862,30.5,AVAILABLE,,
295,295,M-UAV-02,M600,31.2971716,120.5956323,30.5,AVAILABLE,,
296,296,EVTOL-01,EC35,31.3131672,120.5996817,199.9,BUSY,M-P-001,V2
296,296,L-UAV-01,AMZN,31.2990235,120.5968042,100.0,BUSY,M-L-001,V2
296,296,M-UAV-01,M600,31.3108767,120.6039862,30.5,AVAILABLE,,
296,296,M-UAV-02,M600,31.2971716,120.5956323,30.5,AVAILABLE,,
297,297,EVTOL-01,EC35,31.3130991,120.5992642,199.9,BUSY,M-P-001,V2
297,297,L-UAV-01,AMZN,31.2989043,120.5967288,100.0,BUSY,M-L-001,V2
297,297,M-UAV-01,M600,31.3108767,120.6039862,30.5,AVAILABLE,,
297,297,M-UAV-02,M600,31.2971716,120.5956323,30.5,AVAILABLE,,
298,298,EVTOL-01,EC35,31.3129911,120.5988583,199.9,BUSY,M-P-001,V2
298,298,L-UAV-01,AMZN,31.2987851,120.5966533,100.0,BUSY,M-L-001,V2
298,298,M-UAV-01,M600,31.3108767,120.6039862,30.5,AVAILABLE,,
298,298,M-UAV-02,M600,31.2971716,120.5956323,30.5,AVAILABLE,,
299,299,EVTOL-01,EC35,31.3128447,120.5984693,199.9,BUSY,M-P-001,V2
299,299,L-UAV-01,AMZN,31.2986658,120.5965779,100.0,BUSY,M-L-001,V2
299,299,M-UAV-01,M600,31.3108767,120.6039862,30.5,AVAILABLE,,
299,299,M-UAV-02,M600,31.2971716,120.5956323,30.5,AVAILABLE,,
300,300,EVTOL-01,EC35,31.3126616,120.5981021,199.9,BUSY,M-P-001,V2
300,300,L-UAV-01,AMZN,31.2985466,120.5965024,100.0,BUSY,M-L-001,V2
300,300,M-UAV-01,M600,31.3108767,120.6039862,30.5,AVAILABLE,,
300,300,M-UAV-02,M600,31.2971716,120.5956323,30.5,AVAILABLE,,
301,301,EVTOL-01,EC35,31.3124442,120.5977615,199.9,BUSY,M-P-001,V2
301,301,L-UAV-01,AMZN,31.2984274,120.5964270,100.0,BUSY,M-L-001,V2
301,301,M-UAV-01,M600,31.3108767,120.6039862,30.5,AVAILABLE,,
301,301,M-UAV-02,M600,31.2971716,120.5956323,30.5,AVAILABLE,,
302,302,EVTOL-01,EC35,31.3121954,120.5974519,199.9,BUSY,M-P-001,V2
302,302,L-UAV-01,AMZN,31.2983081,120.5963515,100.0,BUSY,M-L-001,V2
302,302,M-UAV-01,M600,31.3108767,120.6039862,30.5,AVAILABLE,,
302,302,M-UAV-02,M600,31.2971716,120.5956323,30.5,AVAILABLE,,
303,303,EVTOL-01,EC35,31.3119183,120.5971771,199.9,BUSY,M-P-001,V2
303,303,L-UAV-01,AMZN,31.2981889,120.5962761,100.0,BUSY,M-L-001,V2
303,303,M-UAV-01,M600,31.3108767,120.6039862,30.5,AVAILABLE,,
303,303,M-UAV-02,M600,31.2971716,120.5956323,30.5,AVAILABLE,,
304,304,EVTOL-01,EC35,31.3116164,120.5969408,199.9,BUSY,M-P-001,V2
304,304,L-UAV-01,AMZN,31.2980697,120.5962006,100.0,BUSY,M-L-001,V2
304,304,M-UAV-01,M600,31.3108767,120.6039862,30.5,AVAILABLE,,
304,304,M-UAV-02,M600,31.2971716,120.5956323,30.5,AVAILABLE,,
305,305,EVTOL-01,EC35,31.3112936,120.5967459,199.9,BUSY,M-P-001,V2
305,305,L-UAV-01,AMZN,31.2979504,120.5961252,100.0,BUSY,M-L-001,V3
305,305,M-UAV-01,M600,31.3108767,120.6039862,30.5,AVAILABLE,,
305,305,M-UAV-02,M600,31.2971716,120.5956323,30.5,AVAILABLE,,
306,306,EVTOL-01,EC35,31.3109541,120.5965949,199.9,BUSY,M-P-001,V2
306,306,L-UAV-01,AMZN,31.2978174,120.5960949,100.0,BUSY,M-L-001,V3
306,306,M-UAV-01,M600,31.3108767,120.6039862,30.5,AVAILABLE,,
306,306,M-UAV-02,M600,31.2971716,120.5956323,30.5,AVAILABLE,,
307,307,EVTOL-01,EC35,31.3106022,120.5964898,199.9,BUSY,M-P-001,V2
307,307,L-UAV-01,AMZN,31.2976827,120.5961125,100.0,BUSY,M-L-001,V3
307,307,M-UAV-01,M600,31.3108767,120.6039862,30.5,AVAILABLE,,
307,307,M-UAV-02,M600,31.2971716,120.5956323,30.5,AVAILABLE,,
308,308,EVTOL-01,EC35,31.3102424,120.5964319,199.9,BUSY,M-P-001,V2
308,308,L-UAV-01,AMZN,31.2975586,120.5961763,100.0,BUSY,M-L-001,V3
308,308,M-UAV-01,M600,31.3108767,120.6039862,30.5,AVAILABLE,,
308,308,M-UAV-02,M600,31.2971716,120.5956323,30.5,AVAILABLE,,
309,309,EVTOL-01,EC35,31.3098797,120.5964097,199.9,BUSY,M-P-001,V2
309,309,L-UAV-01,AMZN,31.2974565,120.5962807,100.0,BUSY,M-L-001,V3
309,309,M-UAV-01,M600,31.3108767,120.6039862,30.5,AVAILABLE,,
309,309,M-UAV-02,M600,31.2971716,120.5956323,30.5,AVAILABLE,,
310,310,EVTOL-01,EC35,31.3095170,120.5963875,199.9,BUSY,M-P-001,V2
310,310,L-UAV-01,AMZN,31.2973857,120.5964160,100.0,BUSY,M-L-001,V3
310,310,M-UAV-01,M600,31.3108767,120.6039862,30.5,AVAILABLE,,
310,310,M-UAV-02,M600,31.2971716,120.5956323,30.5,AVAILABLE,,
311,311,EVTOL-01,EC35,31.3091543,120.5963653,199.9,BUSY,M-P-001,V2
311,311,L-UAV-01,AMZN,31.2973527,120.5965698,100.0,BUSY,M-L-001,V3
311,311,M-UAV-01,M600,31.3108767,120.6039862,30.5,AVAILABLE,,
311,311,M-UAV-02,M600,31.2971716,120.5956323,30.5,AVAILABLE,,
312,312,EVTOL-01,EC35,31.3087916,120.5963431,199.9,BUSY,M-P-001,V2
312,312,L-UAV-01,AMZN,31.2973605,120.5967282,100.0,BUSY,M-L-001,V3
312,312,M-UAV-01,M600,31.3108767,120.6039862,30.5,AVAILABLE,,
312,312,M-UAV-02,M600,31.2971716,120.5956323,30.5,AVAILABLE,,
313,313,EVTOL-01,EC35,31.3084289,120.5963209,199.9,BUSY,M-P-001,V2
313,313,L-UAV-01,AMZN,31.2974083,120.5968766,100.0,BUSY,M-L-001,V3
313,313,M-UAV-01,M600,31.3108767,120.6039862,30.5,AVAILABLE,,
313,313,M-UAV-02,M600,31.2971716,120.5956323,30.5,AVAILABLE,,
314,314,EVTOL-01,EC35,31.3080662,120.5962987,199.9,BUSY,M-P-001,V2
314,314,L-UAV-01,AMZN,31.2974919,120.5970015,100.0,BUSY,M-L-001,V3
314,314,M-UAV-01,M600,31.3108767,120.6039862,30.5,AVAILABLE,,
314,314,M-UAV-02,M600,31.2971716,120.5956323,30.5,AVAILABLE,,
315,315,EVTOL-01,EC35,31.3077035,120.5962766,199.9,BUSY,M-P-001,V2
315,315,L-UAV-01,AMZN,31.2976035,120.5970915,100.0,BUSY,M-L-001,V3
315,315,M-UAV-01,M600,31.3108767,120.6039862,30.5,AVAILABLE,,
315,315,M-UAV-02,M600,31.2971716,120.5956323,30.5,AVAILABLE,,
316,316,EVTOL-01,EC35,31.3073408,120.5962544,199.9,BUSY,M-P-001,V2
316,316,L-UAV-01,AMZN,31.2977227,120.5971670,100.0,BUSY,M-L-001,V3
316,316,M-UAV-01,M600,31.3108767,120.6039862,30.5,AVAILABLE,,
316,316,M-UAV-02,M600,31.2971716,120.5956323,30.5,AVAILABLE,,
317,317,EVTOL-01,EC35,31.3069781,120.5962322,199.9,BUSY,M-P-001,V2
317,317,L-UAV-01,AMZN,31.2978420,120.5972424,100.0,BUSY,M-L-001,V3
317,317,M-UAV-01,M600,31.3108767,120.6039862,30.5,AVAILABLE,,
317,317,M-UAV-02,M600,31.2971716,120.5956323,30.5,AVAILABLE,,
318,318,EVTOL-01,EC35,31.3066154,120.5962100,199.9,BUSY,M-P-001,V2
318,318,L-UAV-01,AMZN,31.2979612,120.5973179,100.0,BUSY,M-L-001,V3
318,318,M-UAV-01,M600,31.3108767,120.6039862,30.5,AVAILABLE,,
318,318,M-UAV-02,M600,31.2971716,120.5956323,30.5,AVAILABLE,,
319,319,EVTOL-01,EC35,31.3062527,120.5961878,199.9,BUSY,M-P-001,V2
319,319,L-UAV-01,AMZN,31.2980804,120.5973934,100.0,BUSY,M-L-001,V3
319,319,M-UAV-01,M600,31.3108767,120.6039862,30.5,AVAILABLE,,
319,319,M-UAV-02,M600,31.2971716,120.5956323,30.5,AVAILABLE,,
320,320,EVTOL-01,EC35,31.3058900,120.5961656,199.9,BUSY,M-P-001,V2
320,320,L-UAV-01,AMZN,31.2981996,120.5974688,100.0,BUSY,M-L-001,V3
320,320,M-UAV-01,M600,31.3108767,120.6039862,30.5,AVAILABLE,,
320,320,M-UAV-02,M600,31.2971716,120.5956323,30.5,AVAILABLE,,
321,321,EVTOL-01,EC35,31.3055274,120.5961434,199.9,BUSY,M-P-001,V2
321,321,L-UAV-01,AMZN,31.2983189,120.5975443,100.0,BUSY,M-L-001,V3
321,321,M-UAV-01,M600,31.3108767,120.6039862,30.5,AVAILABLE,,
321,321,M-UAV-02,M600,31.2971716,120.5956323,30.5,AVAILABLE,,
322,322,EVTOL-01,EC35,31.3051647,120.5961212,199.9,BUSY,M-P-001,V2
322,322,L-UAV-01,AMZN,31.2984381,120.5976197,100.0,BUSY,M-L-001,V3
322,322,M-UAV-01,M600,31.3108767,120.6039862,30.5,AVAILABLE,,
322,322,M-UAV-02,M600,31.2971716,120.5956323,30.5,AVAILABLE,,
323,323,EVTOL-01,EC35,31.3048020,120.5960991,199.9,BUSY,M-P-001,V2
323,323,L-UAV-01,AMZN,31.2985573,120.5976952,100.0,BUSY,M-L-001,V3
323,323,M-UAV-01,M600,31.3108767,120.6039862,30.5,AVAILABLE,,
323,323,M-UAV-02,M600,31.2971716,120.5956323,30.5,AVAILABLE,,
324,324,EVTOL-01,EC35,31.3044393,120.5960769,199.9,BUSY,M-P-001,V2
324,324,L-UAV-01,AMZN,31.2986766,120.5977707,100.0,BUSY,M-L-001,V3
324,324,M-UAV-01,M600,31.3108767,120.6039862,30.5,AVAILABLE,,
324,324,M-UAV-02,M600,31.2971716,120.5956323,30.5,AVAILABLE,,
325,325,EVTOL-01,EC35,31.3040766,120.5960547,199.9,BUSY,M-P-001,V2
325,325,L-UAV-01,AMZN,31.2987958,120.5978461,100.0,BUSY,M-L-001,V3
325,325,M-UAV-01,M600,31.3108767,120.6039862,30.5,AVAILABLE,,
325,325,M-UAV-02,M600,31.2971716,120.5956323,30.5,AVAILABLE,,
326,326,EVTOL-01,EC35,31.3037139,120.5960325,199.9,BUSY,M-P-001,V2
326,326,L-UAV-01,AMZN,31.2989150,120.5979216,100.0,BUSY,M-L-001,V3
326,326,M-UAV-01,M600,31.3108767,120.6039862,30.5,AVAILABLE,,
326,326,M-UAV-02,M600,31.2971716,120.5956323,30.5,AVAILABLE,,
327,327,EVTOL-01,EC35,31.3033512,120.5960103,199.9,BUSY,M-P-001,V2
327,327,L-UAV-01,AMZN,31.2990342,120.5979970,100.0,BUSY,M-L-001,V3
327,327,M-UAV-01,M600,31.3108767,120.6039862,30.5,AVAILABLE,,
327,327,M-UAV-02,M600,31.2971716,120.5956323,30.5,AVAILABLE,,
328,328,EVTOL-01,EC35,31.3029885,120.5959881,199.9,BUSY,M-P-001,V2
328,328,L-UAV-01,AMZN,31.2991535,120.5980725,100.0,BUSY,M-L-001,V3
328,328,M-UAV-01,M600,31.3108767,120.6039862,30.5,AVAILABLE,,
328,328,M-UAV-02,M600,31.2971716,120.5956323,30.5,AVAILABLE,,
329,329,EVTOL-01,EC35,31.3026258,120.5959659,199.9,BUSY,M-P-001,V2
329,329,L-UAV-01,AMZN,31.2992727,120.5981480,100.0,BUSY,M-L-001,V3
329,329,M-UAV-01,M600,31.3108767,120.6039862,30.5,AVAILABLE,,
329,329,M-UAV-02,M600,31.2971716,120.5956323,30.5,AVAILABLE,,
330,330,EVTOL-01,EC35,31.3022631,120.5959438,199.9,BUSY,M-P-001,V2
330,330,L-UAV-01,AMZN,31.2993919,120.5982234,100.0,BUSY,M-L-001,V3
330,330,M-UAV-01,M600,31.3108767,120.6039862,30.5,AVAILABLE,,
330,330,M-UAV-02,M600,31.2971716,120.5956323,30.5,AVAILABLE,,
331,331,EVTOL-01,EC35,31.3019004,120.5959216,199.9,BUSY,M-P-001,V2
331,331,L-UAV-01,AMZN,31.2995112,120.5982989,100.0,BUSY,M-L-001,V3
331,331,M-UAV-01,M600,31.3108767,120.6039862,30.5,AVAILABLE,,
331,331,M-UAV-02,M600,31.2971716,120.5956323,30.5,AVAILABLE,,
332,332,EVTOL-01,EC35,31.3015377,120.5958994,199.9,BUSY,M-P-001,V2
332,332,L-UAV-01,AMZN,31.2996304,120.5983743,100.0,BUSY,M-L-001,V3
332,332,M-UAV-01,M600,31.3108767,120.6039862,30.5,AVAILABLE,,
332,332,M-UAV-02,M600,31.2971716,120.5956323,30.5,AVAILABLE,,
333,333,EVTOL-01,EC35,31.3011750,120.5958772,199.9,BUSY,M-P-001,V2
333,333,L-UAV-01,AMZN,31.2997496,120.5984498,100.0,BUSY,M-L-001,V3
333,333,M-UAV-01,M600,31.3108767,120.6039862,30.5,AVAILABLE,,
333,333,M-UAV-02,M600,31.2971716,120.5956323,30.5,AVAILABLE,,
334,334,EVTOL-01,EC35,31.3008123,120.5958550,199.9,BUSY,M-P-001,V2
334,334,L-UAV-01,AMZN,31.2998689,120.5985253,100.0,BUSY,M-L-001,V3
334,334,M-UAV-01,M600,31.3108767,120.6039862,30.5,AVAILABLE,,
334,334,M-UAV-02,M600,31.2971716,120.5956323,30.5,AVAILABLE,,
335,335,EVTOL-01,EC35,31.3004496,120.5958328,199.9,BUSY,M-P-001,V2
335,335,L-UAV-01,AMZN,31.2999881,120.5986007,100.0,BUSY,M-L-001,V3
335,335,M-UAV-01,M600,31.3108767,120.6039862,30.5,AVAILABLE,,
335,335,M-UAV-02,M600,31.2971716,120.5956323,30.5,AVAILABLE,,
336,336,EVTOL-01,EC35,31.3000869,120.5958106,199.9,BUSY,M-P-001,V2
336,336,L-UAV-01,AMZN,31.3001073,120.5986762,100.0,BUSY,M-L-001,V3
336,336,M-UAV-01,M600,31.3108767,120.6039862,30.5,AVAILABLE,,
336,336,M-UAV-02,M600,31.2971716,120.5956323,30.5,AVAILABLE,,
337,337,EVTOL-01,EC35,31.2997242,120.5957885,199.9,BUSY,M-P-001,V2
337,337,L-UAV-01,AMZN,31.3002265,120.5987516,100.0,BUSY,M-L-001,V3
337,337,M-UAV-01,M600,31.3108767,120.6039862,30.5,AVAILABLE,,
337,337,M-UAV-02,M600,31.2971716,120.5956323,30.5,AVAILABLE,,
338,338,EVTOL-01,EC35,31.2993615,120.5957663,199.9,BUSY,M-P-001,V2
338,338,L-UAV-01,AMZN,31.3003458,120.5988271,100.0,BUSY,M-L-001,V3
338,338,M-UAV-01,M600,31.3108767,120.6039862,30.5,AVAILABLE,,
338,338,M-UAV-02,M600,31.2971716,120.5956323,30.5,AVAILABLE,,
339,339,EVTOL-01,EC35,31.2989988,120.5957441,199.9,BUSY,M-P-001,V2
339,339,L-UAV-01,AMZN,31.3004650,120.5989026,100.0,BUSY,M-L-001,V3
339,339,M-UAV-01,M600,31.3108767,120.6039862,30.5,AVAILABLE,,
339,339,M-UAV-02,M600,31.2971716,120.5956323,30.5,AVAILABLE,,
340,340,EVTOL-01,EC35,31.2986361,120.5957219,199.9,BUSY,M-P-001,V2
340,340,L-UAV-01,AMZN,31.3005842,120.5989780,100.0,BUSY,M-L-001,V3
340,340,M-UAV-01,M600,31.3108767,120.6039862,30.5,AVAILABLE,,
340,340,M-UAV-02,M600,31.2971716,120.5956323,30.5,AVAILABLE,,
341,341,EVTOL-01,EC35,31.2982734,120.5956997,199.9,BUSY,M-P-001,V2
341,341,L-UAV-01,AMZN,31.3007035,120.5990535,100.0,BUSY,M-L-001,V3
341,341,M-UAV-01,M600,31.3108767,120.6039862,30.5,AVAILABLE,,
341,341,M-UAV-02,M600,31.2971716,120.5956323,30.5,AVAILABLE,,
342,342,EVTOL-01,EC35,31.2979108,120.5956775,199.9,BUSY,M-P-001,V1
342,342,L-UAV-01,AMZN,31.3008227,120.5991290,100.0,BUSY,M-L-001,V3
342,342,M-UAV-01,M600,31.3108767,120.6039862,30.5,AVAILABLE,,
342,342,M-UAV-02,M600,31.2971716,120.5956323,30.5,AVAILABLE,,
343,343,EVTOL-01,EC35,31.2975482,120.5957035,199.9,BUSY,M-P-001,V1
343,343,L-UAV-01,AMZN,31.3009419,120.5992044,100.0,BUSY,M-L-001,V3
343,343,M-UAV-01,M600,31.3108767,120.6039862,30.5,AVAILABLE,,
343,343,M-UAV-02,M600,31.2971716,120.5956323,30.5,AVAILABLE,,
344,344,EVTOL-01,EC35,31.2971905,120.5957771,199.9,BUSY,M-P-001,V1
344,344,L-UAV-01,AMZN,31.3010611,120.5992799,100.0,BUSY,M-L-001,V3
344,344,M-UAV-01,M600,31.3108767,120.6039862,30.5,AVAILABLE,,
344,344,M-UAV-02,M600,31.2971716,120.5956323,30.5,AVAILABLE,,
345,345,EVTOL-01,EC35,31.2968423,120.5958977,199.9,BUSY,M-P-001,V1
345,345,L-UAV-01,AMZN,31.3011804,120.5993553,100.0,BUSY,M-L-001,V3
345,345,M-UAV-01,M600,31.3108767,120.6039862,30.5,AVAILABLE,,
345,345,M-UAV-02,M600,31.2971716,120.5956323,30.5,AVAILABLE,,
346,346,EVTOL-01,EC35,31.2965078,120.5960635,199.9,BUSY,M-P-001,V1
346,346,L-UAV-01,AMZN,31.3012996,120.5994308,100.0,BUSY,M-L-001,V3
346,346,M-UAV-01,M600,31.3108767,120.6039862,30.5,AVAILABLE,,
346,346,M-UAV-02,M600,31.2971716,120.5956323,30.5,AVAILABLE,,
347,347,EVTOL-01,EC35,31.2961916,120.5962724,199.9,BUSY,M-P-001,V1
347,347,L-UAV-01,AMZN,31.3014188,120.5995063,100.0,BUSY,M-L-001,V3
347,347,M-UAV-01,M600,31.3108767,120.6039862,30.5,AVAILABLE,,
347,347,M-UAV-02,M600,31.2971716,120.5956323,30.5,AVAILABLE,,
348,348,EVTOL-01,EC35,31.2958975,120.5965219,199.9,BUSY,M-P-001,V1
348,348,L-UAV-01,AMZN,31.3015381,120.5995817,100.0,BUSY,M-L-001,V3
348,348,M-UAV-01,M600,31.3108767,120.6039862,30.5,AVAILABLE,,
348,348,M-UAV-02,M600,31.2971716,120.5956323,30.5,AVAILABLE,,
349,349,EVTOL-01,EC35,31.2956294,120.5968086,199.9,BUSY,M-P-001,V1
349,349,L-UAV-01,AMZN,31.3016573,120.5996572,100.0,BUSY,M-L-001,V3
349,349,M-UAV-01,M600,31.3108767,120.6039862,30.5,AVAILABLE,,
349,349,M-UAV-02,M600,31.2971716,120.5956323,30.5,AVAILABLE,,
350,350,EVTOL-01,EC35,31.2953907,120.5971289,199.9,BUSY,M-P-001,V1
350,350,L-UAV-01,AMZN,31.3017765,120.5997327,100.0,BUSY,M-L-001,V3
350,350,M-UAV-01,M600,31.3108767,120.6039862,30.5,AVAILABLE,,
350,350,M-UAV-02,M600,31.2971716,120.5956323,30.5,AVAILABLE,,
351,351,EVTOL-01,EC35,31.2951845,120.5974788,199.9,BUSY,M-P-001,V1
351,351,L-UAV-01,AMZN,31.3018957,120.5998081,100.0,BUSY,M-L-001,V3
351,351,M-UAV-01,M600,31.3108767,120.6039862,30.5,AVAILABLE,,
351,351,M-UAV-02,M600,31.2971716,120.5956323,30.5,AVAILABLE,,
352,352,EVTOL-01,EC35,31.2950133,120.5978537,199.9,BUSY,M-P-001,V1
352,352,L-UAV-01,AMZN,31.3020150,120.5998836,100.0,BUSY,M-L-001,V3
352,352,M-UAV-01,M600,31.3108767,120.6039862,30.5,AVAILABLE,,
352,352,M-UAV-02,M600,31.2971716,120.5956323,30.5,AVAILABLE,,
353,353,EVTOL-01,EC35,31.2948795,120.5982488,199.9,BUSY,M-P-001,V1
353,353,L-UAV-01,AMZN,31.3021342,120.5999591,100.0,BUSY,M-L-001,V3
353,353,M-UAV-01,M600,31.3108767,120.6039862,30.5,AVAILABLE,,
353,353,M-UAV-02,M600,31.2971716,120.5956323,30.5,AVAILABLE,,
354,354,EVTOL-01,EC35,31.2947846,120.5986591,199.9,BUSY,M-P-001,V1
354,354,L-UAV-01,AMZN,31.3022534,120.6000345,100.0,BUSY,M-L-001,V3
354,354,M-UAV-01,M600,31.3108767,120.6039862,30.5,AVAILABLE,,
354,354,M-UAV-02,M600,31.2971716,120.5956323,30.5,AVAILABLE,,
355,355,EVTOL-01,EC35,31.2947300,120.5990792,199.9,BUSY,M-P-001,V1
355,355,L-UAV-01,AMZN,31.3023727,120.6001100,100.0,BUSY,M-L-001,V3
355,355,M-UAV-01,M600,31.3108767,120.6039862,30.5,AVAILABLE,,
355,355,M-UAV-02,M600,31.2971716,120.5956323,30.5,AVAILABLE,,
356,356,EVTOL-01,EC35,31.2947163,120.5995040,199.9,BUSY,M-P-001,V1
356,356,L-UAV-01,AMZN,31.3024919,120.6001854,100.0,BUSY,M-L-001,V3
356,356,M-UAV-01,M600,31.3108767,120.6039862,30.5,AVAILABLE,,
356,356,M-UAV-02,M600,31.2971716,120.5956323,30.5,AVAILABLE,,
357,357,EVTOL-01,EC35,31.2947437,120.5999278,199.9,BUSY,M-P-001,V1
357,357,L-UAV-01,AMZN,31.3026111,120.6002609,100.0,BUSY,M-L-001,V3
357,357,M-UAV-01,M600,31.3108767,120.6039862,30.5,AVAILABLE,,
357,357,M-UAV-02,M600,31.2971716,120.5956323,30.5,AVAILABLE,,
358,358,EVTOL-01,EC35,31.2948118,120.6003453,199.9,BUSY,M-P-001,V1
358,358,L-UAV-01,AMZN,31.3027303,120.6003364,100.0,BUSY,M-L-001,V3
358,358,M-UAV-01,M600,31.3108767,120.6039862,30.5,AVAILABLE,,
358,358,M-UAV-02,M600,31.2971716,120.5956323,30.5,AVAILABLE,,
359,359,EVTOL-01,EC35,31.2949198,120.6007511,199.9,BUSY,M-P-001,V1
359,359,L-UAV-01,AMZN,31.3028496,120.6004118,100.0,BUSY,M-L-001,V3
359,359,M-UAV-01,M600,31.3108767,120.6039862,30.5,AVAILABLE,,
359,359,M-UAV-02,M600,31.2971716,120.5956323,30.5,AVAILABLE,,
360,360,EVTOL-01,EC35,31.2950663,120.6011400,199.9,BUSY,M-P-001,V1
360,360,L-UAV-01,AMZN,31.3029688,120.6004873,100.0,BUSY,M-L-001,V3
360,360,M-UAV-01,M600,31.3108767,120.6039862,30.5,AVAILABLE,,
360,360,M-UAV-02,M600,31.2971716,120.5956323,30.5,AVAILABLE,,
361,361,EVTOL-01,EC35,31.2952494,120.6015071,199.9,BUSY,M-P-001,V1
361,361,L-UAV-01,AMZN,31.3030880,120.6005628,100.0,BUSY,M-L-001,V3
361,361,M-UAV-01,M600,31.3108767,120.6039862,30.5,AVAILABLE,,
361,361,M-UAV-02,M600,31.2971866,120.5956438,32.0,CONTINGENCY,,V3
362,362,EVTOL-01,EC35,31.2954668,120.6018476,199.9,BUSY,M-P-001,V1
362,362,L-UAV-01,AMZN,31.3032073,120.6006382,100.0,BUSY,M-L-001,V3
362,362,M-UAV-01,M600,31.3108767,120.6039862,30.5,AVAILABLE,,
362,362,M-UAV-02,M600,31.2972168,120.5956667,35.1,CONTINGENCY,,V3
363,363,EVTOL-01,EC35,31.2957157,120.6021571,199.9,BUSY,M-P-001,V1
363,363,L-UAV-01,AMZN,31.3033265,120.6007137,100.0,BUSY,M-L-001,V3
363,363,M-UAV-01,M600,31.3108767,120.6039862,30.5,AVAILABLE,,
363,363,M-UAV-02,M600,31.2972621,120.5957011,39.6,CONTINGENCY,,V3
364,364,EVTOL-01,EC35,31.2959928,120.6024318,199.9,BUSY,M-P-001,V1
364,364,L-UAV-01,AMZN,31.3034457,120.6007892,100.0,BUSY,M-L-001,V3
364,364,M-UAV-01,M600,31.3108767,120.6039862,30.5,AVAILABLE,,
364,364,M-UAV-02,M600,31.2973225,120.5957469,45.7,CONTINGENCY,,V3
365,365,EVTOL-01,EC35,31.2962947,120.6026681,199.9,BUSY,M-P-001,V1
365,365,L-UAV-01,AMZN,31.3035649,120.6008646,100.0,BUSY,M-L-001,V3
365,365,M-UAV-01,M600,31.3108767,120.6039862,30.5,AVAILABLE,,
365,365,M-UAV-02,M600,31.2973979,120.5958042,53.3,CONTINGENCY,,V3
366,366,EVTOL-01,EC35,31.2966175,120.6028629,199.9,BUSY,M-P-001,V1
366,366,L-UAV-01,AMZN,31.3036842,120.6009401,100.0,BUSY,M-L-001,V3
366,366,M-UAV-01,M600,31.3108767,120.6039862,30.5,AVAILABLE,,
366,366,M-UAV-02,M600,31.2974884,120.5958729,61.0,CONTINGENCY,,V3
367,367,EVTOL-01,EC35,31.2969570,120.6030138,199.9,BUSY,M-P-001,V1
367,367,L-UAV-01,AMZN,31.3038034,120.6010156,100.0,BUSY,M-L-001,V3
367,367,M-UAV-01,M600,31.3108767,120.6039862,30.5,AVAILABLE,,
367,367,M-UAV-02,M600,31.2975941,120.5959531,68.6,CONTINGENCY,,V3
368,368,EVTOL-01,EC35,31.2973089,120.6031189,199.9,BUSY,M-P-001,V1
368,368,L-UAV-01,AMZN,31.3039226,120.6010910,100.0,BUSY,M-L-001,V3
368,368,M-UAV-01,M600,31.3108767,120.6039862,30.5,AVAILABLE,,
368,368,M-UAV-02,M600,31.2977076,120.5960393,76.2,CONTINGENCY,,V3
369,369,EVTOL-01,EC35,31.2976688,120.6031767,199.9,BUSY,M-P-001,V1
369,369,L-UAV-01,AMZN,31.3040418,120.6011665,100.0,BUSY,M-L-001,V3
369,369,M-UAV-01,M600,31.3108767,120.6039862,30.5,AVAILABLE,,
369,369,M-UAV-02,M600,31.2978212,120.5961255,83.8,CONTINGENCY,,V3
370,370,EVTOL-01,EC35,31.2980315,120.6031990,199.9,BUSY,M-P-001,V1
370,370,L-UAV-01,AMZN,31.3041611,120.6012420,100.0,BUSY,M-L-001,V3
370,370,M-UAV-01,M600,31.3108767,120.6039862,30.5,AVAILABLE,,
370,370,M-UAV-02,M600,31.2979348,120.5962118,91.4,CONTINGENCY,,V3
371,371,EVTOL-01,EC35,31.2983941,120.6032212,199.9,BUSY,M-P-001,V1
371,371,L-UAV-01,AMZN,31.3042803,120.6013174,100.0,BUSY,M-L-001,V3
371,371,M-UAV-01,M600,31.3108767,120.6039862,30.5,AVAILABLE,,
371,371,M-UAV-02,M600,31.2980485,120.5962981,99.1,CONTINGENCY,,V3
372,372,EVTOL-01,EC35,31.2987568,120.6032434,199.9,BUSY,M-P-001,V1
372,372,L-UAV-01,AMZN,31.3043995,120.6013929,100.0,BUSY,M-L-001,V3
372,372,M-UAV-01,M600,31.3108767,120.6039862,30.5,AVAILABLE,,
372,372,M-UAV-02,M600,31.2981622,120.5963844,100.0,CONTINGENCY,,V3
373,373,EVTOL-01,EC35,31.2991195,120.6032656,199.9,BUSY,M-P-001,V1
373,373,L-UAV-01,AMZN,31.3045188,120.6014684,100.0,BUSY,M-L-001,V3
373,373,M-UAV-01,M600,31.3108767,120.6039862,30.5,AVAILABLE,,
373,373,M-UAV-02,M600,31.2982759,120.5964707,100.0,CONTINGENCY,,V3
374,374,EVTOL-01,EC35,31.2994822,120.6032879,199.9,BUSY,M-P-001,V1
374,374,L-UAV-01,AMZN,31.3046380,120.6015439,100.0,BUSY,M-L-001,V3
374,374,M-UAV-01,M600,31.3108767,120.6039862,30.5,AVAILABLE,,
374,374,M-UAV-02,M600,31.2983896,120.5965571,100.0,CONTINGENCY,,V3
375,375,EVTOL-01,EC35,31.2998449,120.6033101,199.9,BUSY,M-P-001,V1
375,375,L-UAV-01,AMZN,31.3047572,120.6016193,100.0,BUSY,M-L-001,V3
375,375,M-UAV-01,M600,31.3108767,120.6039862,30.5,AVAILABLE,,
375,375,M-UAV-02,M600,31.2985034,120.5966434,100.0,CONTINGENCY,,V3
376,376,EVTOL-01,EC35,31.3002076,120.6033323,199.9,BUSY,M-P-001,V1
376,376,L-UAV-01,AMZN,31.3048764,120.6016948,100.0,BUSY,M-L-001,V3
376,376,M-UAV-01,M600,31.3108767,120.6039862,30.5,AVAILABLE,,
376,376,M-UAV-02,M600,31.2986171,120.5967297,100.0,CONTINGENCY,,V3
377,377,EVTOL-01,EC35,31.3005703,120.6033545,199.9,BUSY,M-P-001,V1
377,377,L-UAV-01,AMZN,31.3049957,120.6017703,100.0,BUSY,M-L-001,V3
377,377,M-UAV-01,M600,31.3108767,120.6039862,30.5,AVAILABLE,,
377,377,M-UAV-02,M600,31.2987308,120.5968160,100.0,CONTINGENCY,,V3
378,378,EVTOL-01,EC35,31.3009330,120.6033768,199.9,BUSY,M-P-001,V1
378,378,L-UAV-01,AMZN,31.3051149,120.6018457,100.0,BUSY,M-L-001,V3
378,378,M-UAV-01,M600,31.3108767,120.6039862,30.5,AVAILABLE,,
378,378,M-UAV-02,M600,31.2988445,120.5969024,100.0,CONTINGENCY,,V3
379,379,EVTOL-01,EC35,31.3012957,120.6033990,199.9,BUSY,M-P-001,V1
379,379,L-UAV-01,AMZN,31.3052341,120.6019212,100.0,BUSY,M-L-001,V3
379,379,M-UAV-01,M600,31.3108767,120.6039862,30.5,AVAILABLE,,
379,379,M-UAV-02,M600,31.2989582,120.5969887,100.0,CONTINGENCY,,V3
380,380,EVTOL-01,EC35,31.3016584,120.6034212,199.9,BUSY,M-P-001,V1
380,380,L-UAV-01,AMZN,31.3053533,120.6019967,100.0,BUSY,M-L-001,V3
380,380,M-UAV-01,M600,31.3108767,120.6039862,30.5,AVAILABLE,,
380,380,M-UAV-02,M600,31.2990719,120.5970750,100.0,CONTINGENCY,,V3
381,381,EVTOL-01,EC35,31.3020211,120.6034434,199.9,BUSY,M-P-001,V1
381,381,L-UAV-01,AMZN,31.3054726,120.6020721,100.0,BUSY,M-L-001,V3
381,381,M-UAV-01,M600,31.3108767,120.6039862,30.5,AVAILABLE,,
381,381,M-UAV-02,M600,31.2991857,120.5971614,100.0,CONTINGENCY,,V3
382,382,EVTOL-01,EC35,31.3023838,120.6034657,199.9,BUSY,M-P-001,V1
382,382,L-UAV-01,AMZN,31.3055918,120.6021476,100.0,BUSY,M-L-001,V3
382,382,M-UAV-01,M600,31.3108767,120.6039862,30.5,AVAILABLE,,
382,382,M-UAV-02,M600,31.2992994,120.5972477,100.0,CONTINGENCY,,V3
383,383,EVTOL-01,EC35,31.3027465,120.6034879,199.9,BUSY,M-P-001,V1
383,383,L-UAV-01,AMZN,31.3057110,120.6022231,100.0,BUSY,M-L-001,V3
383,383,M-UAV-01,M600,31.3108767,120.6039862,30.5,AVAILABLE,,
383,383,M-UAV-02,M600,31.2994131,120.5973340,100.0,CONTINGENCY,,V3
384,384,EVTOL-01,EC35,31.3031092,120.6035101,199.9,BUSY,M-P-001,V1
384,384,L-UAV-01,AMZN,31.3058303,120.6022986,100.0,BUSY,M-L-001,V2
384,384,M-UAV-01,M600,31.3108767,120.6039862,30.5,AVAILABLE,,
384,384,M-UAV-02,M600,31.2995268,120.5974204,100.0,CONTINGENCY,,V3
385,385,EVTOL-01,EC35,31.3034719,120.6035323,199.9,BUSY,M-P-001,V1
385,385,L-UAV-01,AMZN,31.3059633,120.6023289,100.0,BUSY,M-L-001,V2
385,385,M-UAV-01,M600,31.3108767,120.6039862,30.5,AVAILABLE,,
385,385,M-UAV-02,M600,31.2996405,120.5975067,100.0,CONTINGENCY,,V3
386,386,EVTOL-01,EC35,31.3038346,120.6035546,199.9,BUSY,M-P-001,V1
386,386,L-UAV-01,AMZN,31.3060980,120.6023113,100.0,BUSY,M-L-001,V2
386,386,M-UAV-01,M600,31.3108767,120.6039862,30.5,AVAILABLE,,
386,386,M-UAV-02,M600,31.2997542,120.5975930,100.0,CONTINGENCY,,V3
387,387,EVTOL-01,EC35,31.3041972,120.6035768,199.9,BUSY,M-P-001,V1
387,387,L-UAV-01,AMZN,31.3062221,120.6022474,100.0,BUSY,M-L-001,V2
387,387,M-UAV-01,M600,31.3108767,120.6039862,30.5,AVAILABLE,,
387,387,M-UAV-02,M600,31.2998680,120.5976794,100.0,CONTINGENCY,,V3
388,388,EVTOL-01,EC35,31.3045599,120.6035990,199.9,BUSY,M-P-001,V1
388,388,L-UAV-01,AMZN,31.3063242,120.6021431,100.0,BUSY,M-L-001,V2
388,388,M-UAV-01,M600,31.3108767,120.6039862,30.5,AVAILABLE,,
388,388,M-UAV-02,M600,31.2999817,120.5977657,100.0,CONTINGENCY,,V3
389,389,EVTOL-01,EC35,31.3049226,120.6036212,199.9,BUSY,M-P-001,V1
389,389,L-UAV-01,AMZN,31.3063950,120.6020078,100.0,BUSY,M-L-001,V2
389,389,M-UAV-01,M600,31.3108767,120.6039862,30.5,AVAILABLE,,
389,389,M-UAV-02,M600,31.3000954,120.5978520,100.0,CONTINGENCY,,V3
390,390,EVTOL-01,EC35,31.3052853,120.6036435,199.9,BUSY,M-P-001,V1
390,390,L-UAV-01,AMZN,31.3064280,120.6018539,100.0,BUSY,M-L-001,V2
390,390,M-UAV-01,M600,31.3108767,120.6039862,30.5,AVAILABLE,,
390,390,M-UAV-02,M600,31.3002091,120.5979384,100.0,CONTINGENCY,,V3
391,391,EVTOL-01,EC35,31.3056480,120.6036657,199.9,BUSY,M-P-001,V1
391,391,L-UAV-01,AMZN,31.3064203,120.6016955,100.0,BUSY,M-L-001,V2
391,391,M-UAV-01,M600,31.3108767,120.6039862,30.5,AVAILABLE,,
391,391,M-UAV-02,M600,31.3003228,120.5980247,100.0,CONTINGENCY,,V3
392,392,EVTOL-01,EC35,31.3060107,120.6036879,199.9,BUSY,M-P-001,V1
392,392,L-UAV-01,AMZN,31.3063724,120.6015471,100.0,BUSY,M-L-001,V2
392,392,M-UAV-01,M600,31.3108767,120.6039862,30.5,AVAILABLE,,
392,392,M-UAV-02,M600,31.3004365,120.5981110,100.0,CONTINGENCY,,V3
393,393,EVTOL-01,EC35,31.3063734,120.6037102,199.9,BUSY,M-P-001,V1
393,393,L-UAV-01,AMZN,31.3062889,120.6014222,100.0,BUSY,M-L-001,V2
393,393,M-UAV-01,M600,31.3108767,120.6039862,30.5,AVAILABLE,,
393,393,M-UAV-02,M600,31.3005502,120.5981974,100.0,CONTINGENCY,,V3
394,394,EVTOL-01,EC35,31.3067361,120.6037324,199.9,BUSY,M-P-001,V1
394,394,L-UAV-01,AMZN,31.3061773,120.6013321,100.0,BUSY,M-L-001,V2
394,394,M-UAV-01,M600,31.3108767,120.6039862,30.5,AVAILABLE,,
394,394,M-UAV-02,M600,31.3006640,120.5982837,100.0,CONTINGENCY,,V3
395,395,EVTOL-01,EC35,31.3070988,120.6037546,199.9,BUSY,M-P-001,V1
395,395,L-UAV-01,AMZN,31.3060581,120.6012567,100.0,BUSY,M-L-001,V2
395,395,M-UAV-01,M600,31.3108767,120.6039862,30.5,AVAILABLE,,
395,395,M-UAV-02,M600,31.3007777,120.5983700,100.0,CONTINGENCY,,V3
396,396,EVTOL-01,EC35,31.3074615,120.6037768,199.9,BUSY,M-P-001,V1
396,396,L-UAV-01,AMZN,31.3059388,120.6011812,100.0,BUSY,M-L-001,V2
396,396,M-UAV-01,M600,31.3108767,120.6039862,30.5,AVAILABLE,,
396,396,M-UAV-02,M600,31.3008914,120.5984564,100.0,CONTINGENCY,,V3
397,397,EVTOL-01,EC35,31.3078242,120.6037991,199.9,BUSY,M-P-001,V1
397,397,L-UAV-01,AMZN,31.3058196,120.6011057,100.0,BUSY,M-L-001,V2
397,397,M-UAV-01,M600,31.3108767,120.6039862,30.5,AVAILABLE,,
397,397,M-UAV-02,M600,31.3010051,120.5985427,100.0,CONTINGENCY,,V3
398,398,EVTOL-01,EC35,31.3081869,120.6038213,199.9,BUSY,M-P-001,V1
398,398,L-UAV-01,AMZN,31.3057004,120.6010303,100.0,BUSY,M-L-001,V2
398,398,M-UAV-01,M600,31.3108767,120.6039862,30.5,AVAILABLE,,
398,398,M-UAV-02,M600,31.3011188,120.5986291,100.0,CONTINGENCY,,V3
399,399,EVTOL-01,EC35,31.3085496,120.6038435,199.9,BUSY,M-P-001,V1
399,399,L-UAV-01,AMZN,31.3055811,120.6009548,100.0,BUSY,M-L-001,V2
399,399,M-UAV-01,M600,31.3108767,120.6039862,30.5,AVAILABLE,,
399,399,M-UAV-02,M600,31.3012325,120.5987154,100.0,CONTINGENCY,,V3
400,400,EVTOL-01,EC35,31.3089123,120.6038658,199.9,BUSY,M-P-001,V1
400,400,L-UAV-01,AMZN,31.3054619,120.6008793,100.0,BUSY,M-L-001,V2
400,400,M-UAV-01,M600,31.3108767,120.6039862,30.5,AVAILABLE,,
400,400,M-UAV-02,M600,31.3013463,120.5988017,100.0,CONTINGENCY,,V3
401,401,EVTOL-01,EC35,31.3092750,120.6038880,199.9,BUSY,M-P-001,V1
401,401,L-UAV-01,AMZN,31.3053427,120.6008039,100.0,BUSY,M-L-001,V2
401,401,M-UAV-01,M600,31.3108767,120.6039862,30.5,AVAILABLE,,
401,401,M-UAV-02,M600,31.3014600,120.5988881,100.0,CONTINGENCY,,V3
402,402,EVTOL-01,EC35,31.3096376,120.6039102,199.9,BUSY,M-P-001,V1
402,402,L-UAV-01,AMZN,31.3052235,120.6007284,100.0,BUSY,M-L-001,V2
402,402,M-UAV-01,M600,31.3108767,120.6039862,30.5,AVAILABLE,,
402,402,M-UAV-02,M600,31.3015737,120.5989744,100.0,CONTINGENCY,,V3
403,403,EVTOL-01,EC35,31.3100003,120.6039324,199.9,BUSY,M-P-001,V2
403,403,L-UAV-01,AMZN,31.3051042,120.6006529,100.0,BUSY,M-L-001,V2
403,403,M-UAV-01,M600,31.3108767,120.6039862,30.5,AVAILABLE,,
403,403,M-UAV-02,M600,31.3016874,120.5990607,100.0,CONTINGENCY,,V3
404,404,EVTOL-01,EC35,31.3103629,120.6039066,199.9,BUSY,M-P-001,V2
404,404,L-UAV-01,AMZN,31.3049850,120.6005775,100.0,BUSY,M-L-001,V2
404,404,M-UAV-01,M600,31.3108767,120.6039862,30.5,AVAILABLE,,
404,404,M-UAV-02,M600,31.3018011,120.5991471,100.0,CONTINGENCY,,V3
405,405,EVTOL-01,EC35,31.3107206,120.6038329,199.9,BUSY,M-P-001,V2
405,405,L-UAV-01,AMZN,31.3048658,120.6005020,100.0,BUSY,M-L-001,V2
405,405,M-UAV-01,M600,31.3108767,120.6039862,30.5,AVAILABLE,,
405,405,M-UAV-02,M600,31.3019148,120.5992334,100.0,CONTINGENCY,,V3
406,406,EVTOL-01,EC35,31.3110688,120.6037124,199.9,BUSY,M-P-001,V2
406,406,L-UAV-01,AMZN,31.3047465,120.6004265,100.0,BUSY,M-L-001,V2
406,406,M-UAV-01,M600,31.3108767,120.6039862,30.5,AVAILABLE,,
406,406,M-UAV-02,M600,31.3020285,120.5993197,100.0,CONTINGENCY,,V3
407,407,EVTOL-01,EC35,31.3114033,120.6035466,199.9,BUSY,M-P-001,V2
407,407,L-UAV-01,AMZN,31.3046273,120.6003511,100.0,BUSY,M-L-001,V2
407,407,M-UAV-01,M600,31.3108767,120.6039862,30.5,AVAILABLE,,
407,407,M-UAV-02,M600,31.3021423,120.5994061,100.0,CONTINGENCY,,V3
408,408,EVTOL-01,EC35,31.3117196,120.6033377,199.9,BUSY,M-P-001,V2
408,408,L-UAV-01,AMZN,31.3045081,120.6002756,100.0,BUSY,M-L-001,V2
408,408,M-UAV-01,M600,31.3108767,120.6039862,30.5,AVAILABLE,,
408,408,M-UAV-02,M600,31.3022560,120.5994924,100.0,CONTINGENCY,,V3
409,409,EVTOL-01,EC35,31.3120137,120.6030882,199.9,BUSY,M-P-001,V2
409,409,L-UAV-01,AMZN,31.3043889,120.6002001,100.0,BUSY,M-L-001,V2
409,409,M-UAV-01,M600,31.3108767,120.6039862,30.5,AVAILABLE,,
409,409,M-UAV-02,M600,31.3023697,120.5995788,100.0,CONTINGENCY,,V3
410,410,EVTOL-01,EC35,31.3122818,120.6028015,199.9,BUSY,M-P-001,V2
410,410,L-UAV-01,AMZN,31.3042696,120.6001247,100.0,BUSY,M-L-001,V2
410,410,M-UAV-01,M600,31.3108767,120.6039862,30.5,AVAILABLE,,
410,410,M-UAV-02,M600,31.3024834,120.5996651,100.0,CONTINGENCY,,V3
411,411,EVTOL-01,EC35,31.3125205,120.6024811,199.9,BUSY,M-P-001,V2
411,411,L-UAV-01,AMZN,31.3041504,120.6000492,100.0,BUSY,M-L-001,V2
411,411,M-UAV-01,M600,31.3108767,120.6039862,30.5,AVAILABLE,,
411,411,M-UAV-02,M600,31.3025971,120.5997514,100.0,CONTINGENCY,,V3
412,412,EVTOL-01,EC35,31.3127268,120.6021312,199.9,BUSY,M-P-001,V2
412,412,L-UAV-01,AMZN,31.3040312,120.5999737,100.0,BUSY,M-L-001,V2
412,412,M-UAV-01,M600,31.3108767,120.6039862,30.5,AVAILABLE,,
412,412,M-UAV-02,M600,31.3027108,120.5998378,100.0,CONTINGENCY,,V3
413,413,EVTOL-01,EC35,31.3128980,120.6017563,199.9,BUSY,M-P-001,V2
413,413,L-UAV-01,AMZN,31.3039119,120.5998983,100.0,BUSY,M-L-001,V2
413,413,M-UAV-01,M600,31.3108767,120.6039862,30.5,AVAILABLE,,
413,413,M-UAV-02,M600,31.3028245,120.5999241,100.0,CONTINGENCY,,V3
414,414,EVTOL-01,EC35,31.3130319,120.6013611,199.9,BUSY,M-P-001,V2
414,414,L-UAV-01,AMZN,31.3037927,120.5998228,100.0,BUSY,M-L-001,V2
414,414,M-UAV-01,M600,31.3108767,120.6039862,30.5,AVAILABLE,,
414,414,M-UAV-02,M600,31.3029383,120.6000104,100.0,CONTINGENCY,,V3
415,415,EVTOL-01,EC35,31.3131267,120.6009508,199.9,BUSY,M-P-001,V2
415,415,L-UAV-01,AMZN,31.3036735,120.5997473,100.0,BUSY,M-L-001,V2
415,415,M-UAV-01,M600,31.3108767,120.6039862,30.5,AVAILABLE,,
415,415,M-UAV-02,M600,31.3030520,120.6000968,100.0,CONTINGENCY,,V3
416,416,EVTOL-01,EC35,31.3131814,120.6005305,199.9,BUSY,M-P-001,V2
416,416,L-UAV-01,AMZN,31.3035543,120.5996719,100.0,BUSY,M-L-001,V2
416,416,M-UAV-01,M600,31.3108767,120.6039862,30.5,AVAILABLE,,
416,416,M-UAV-02,M600,31.3031657,120.6001831,100.0,CONTINGENCY,,V3
417,417,EVTOL-01,EC35,31.3131951,120.6001057,199.9,BUSY,M-P-001,V2
417,417,L-UAV-01,AMZN,31.3034350,120.5995964,100.0,BUSY,M-L-001,V2
417,417,M-UAV-01,M600,31.3108767,120.6039862,30.5,AVAILABLE,,
417,417,M-UAV-02,M600,31.3032794,120.6002695,100.0,CONTINGENCY,,V3
418,418,EVTOL-01,EC35,31.3131678,120.5996818,199.9,BUSY,M-P-001,V2
418,418,L-UAV-01,AMZN,31.3033158,120.5995210,100.0,BUSY,M-L-001,V2
418,418,M-UAV-01,M600,31.3108767,120.6039862,30.5,AVAILABLE,,
418,418,M-UAV-02,M600,31.3033931,120.6003558,100.0,CONTINGENCY,,V3
419,419,EVTOL-01,EC35,31.3130997,120.5992642,199.9,BUSY,M-P-001,V2
419,419,L-UAV-01,AMZN,31.3031966,120.5994455,100.0,BUSY,M-L-001,V2
419,419,M-UAV-01,M600,31.3108767,120.6039862,30.5,AVAILABLE,,
419,419,M-UAV-02,M600,31.3035068,120.6004421,100.0,CONTINGENCY,,V3
420,420,EVTOL-01,EC35,31.3129917,120.5988583,199.9,BUSY,M-P-001,V2
420,420,L-UAV-01,AMZN,31.3030773,120.5993700,100.0,BUSY,M-L-001,V2
420,420,M-UAV-01,M600,31.3108767,120.6039862,30.5,AVAILABLE,,
420,420,M-UAV-02,M600,31.3036205,120.6005285,100.0,CONTINGENCY,,V3
421,421,EVTOL-01,EC35,31.3128453,120.5984693,199.9,BUSY,M-P-001,V2
421,421,L-UAV-01,AMZN,31.3029581,120.5992946,100.0,BUSY,M-L-001,V2
421,421,M-UAV-01,M600,31.3108767,120.6039862,30.5,AVAILABLE,,
421,421,M-UAV-02,M600,31.3037343,120.6006148,100.0,CONTINGENCY,,V3
422,422,EVTOL-01,EC35,31.3126622,120.5981022,199.9,BUSY,M-P-001,V2
422,422,L-UAV-01,AMZN,31.3028389,120.5992191,100.0,BUSY,M-L-001,V2
422,422,M-UAV-01,M600,31.3108767,120.6039862,30.5,AVAILABLE,,
422,422,M-UAV-02,M600,31.3038480,120.6007012,100.0,CONTINGENCY,,V3
423,423,EVTOL-01,EC35,31.3124448,120.5977616,199.9,BUSY,M-P-001,V2
423,423,L-UAV-01,AMZN,31.3027197,120.5991436,100.0,BUSY,M-L-001,V2
423,423,M-UAV-01,M600,31.3108767,120.6039862,30.5,AVAILABLE,,
423,423,M-UAV-02,M600,31.3039617,120.6007875,100.0,CONTINGENCY,,V3
424,424,EVTOL-01,EC35,31.3121960,120.5974519,199.9,BUSY,M-P-001,V2
424,424,L-UAV-01,AMZN,31.3026004,120.5990682,100.0,BUSY,M-L-001,V2
424,424,M-UAV-01,M600,31.3108767,120.6039862,30.5,AVAILABLE,,
424,424,M-UAV-02,M600,31.3040754,120.6008739,100.0,CONTINGENCY,,V3
425,425,EVTOL-01,EC35,31.3119189,120.5971771,199.9,BUSY,M-P-001,V2
425,425,L-UAV-01,AMZN,31.3024812,120.5989927,100.0,BUSY,M-L-001,V2
425,425,M-UAV-01,M600,31.3108767,120.6039862,30.5,AVAILABLE,,
425,425,M-UAV-02,M600,31.3041891,120.6009602,100.0,CONTINGENCY,,V3
426,426,EVTOL-01,EC35,31.3116170,120.5969408,199.9,BUSY,M-P-001,V2
426,426,L-UAV-01,AMZN,31.3023620,120.5989172,100.0,BUSY,M-L-001,V2
426,426,M-UAV-01,M600,31.3108767,120.6039862,30.5,AVAILABLE,,
426,426,M-UAV-02,M600,31.3043028,120.6010465,100.0,CONTINGENCY,,V3
427,427,EVTOL-01,EC35,31.3112942,120.5967459,199.9,BUSY,M-P-001,V2
427,427,L-UAV-01,AMZN,31.3022427,120.5988418,100.0,BUSY,M-L-001,V2
427,427,M-UAV-01,M600,31.3108767,120.6039862,30.5,AVAILABLE,,
427,427,M-UAV-02,M600,31.3044165,120.6011329,100.0,CONTINGENCY,,V3
428,428,EVTOL-01,EC35,31.3109547,120.5965949,199.9,BUSY,M-P-001,V2
428,428,L-UAV-01,AMZN,31.3021235,120.5987663,100.0,BUSY,M-L-001,V2
428,428,M-UAV-01,M600,31.3108767,120.6039862,30.5,AVAILABLE,,
428,428,M-UAV-02,M600,31.3045302,120.6012192,100.0,CONTINGENCY,,V3
429,429,EVTOL-01,EC35,31.3106028,120.5964898,199.9,BUSY,M-P-001,V2
429,429,L-UAV-01,AMZN,31.3020043,120.5986909,100.0,BUSY,M-L-001,V2
429,429,M-UAV-01,M600,31.3108767,120.6039862,30.5,AVAILABLE,,
429,429,M-UAV-02,M600,31.3046440,120.6013056,100.0,CONTINGENCY,,V3
430,430,EVTOL-01,EC35,31.3102430,120.5964319,199.9,BUSY,M-P-001,V2
430,430,L-UAV-01,AMZN,31.3018851,120.5986154,100.0,BUSY,M-L-001,V2
430,430,M-UAV-01,M600,31.3108767,120.6039862,30.5,AVAILABLE,,
430,430,M-UAV-02,M600,31.3047577,120.6013919,100.0,CONTINGENCY,,V3
431,431,EVTOL-01,EC35,31.3098803,120.5964097,199.9,BUSY,M-P-001,V2
431,431,L-UAV-01,AMZN,31.3017658,120.5985399,100.0,BUSY,M-L-001,V2
431,431,M-UAV-01,M600,31.3108767,120.6039862,30.5,AVAILABLE,,
431,431,M-UAV-02,M600,31.3048714,120.6014782,100.0,CONTINGENCY,,V3
432,432,EVTOL-01,EC35,31.3095176,120.5963875,199.9,BUSY,M-P-001,V2
432,432,L-UAV-01,AMZN,31.3016466,120.5984645,100.0,BUSY,M-L-001,V2
432,432,M-UAV-01,M600,31.3108767,120.6039862,30.5,AVAILABLE,,
432,432,M-UAV-02,M600,31.3049851,120.6015646,100.0,CONTINGENCY,,V3
433,433,EVTOL-01,EC35,31.3091549,120.5963653,199.9,BUSY,M-P-001,V2
433,433,L-UAV-01,AMZN,31.3015274,120.5983890,100.0,BUSY,M-L-001,V2
433,433,M-UAV-01,M600,31.3108767,120.6039862,30.5,AVAILABLE,,
433,433,M-UAV-02,M600,31.3050988,120.6016509,100.0,CONTINGENCY,,V3
434,434,EVTOL-01,EC35,31.3087922,120.5963432,199.9,BUSY,M-P-001,V2
434,434,L-UAV-01,AMZN,31.3014081,120.5983135,100.0,BUSY,M-L-001,V2
434,434,M-UAV-01,M600,31.3108767,120.6039862,30.5,AVAILABLE,,
434,434,M-UAV-02,M600,31.3052125,120.6017373,100.0,CONTINGENCY,,V3
435,435,EVTOL-01,EC35,31.3084295,120.5963210,199.9,BUSY,M-P-001,V2
435,435,L-UAV-01,AMZN,31.3012889,120.5982381,100.0,BUSY,M-L-001,V2
435,435,M-UAV-01,M600,31.3108767,120.6039862,30.5,AVAILABLE,,
435,435,M-UAV-02,M600,31.3053262,120.6018236,100.0,CONTINGENCY,,V3
436,436,EVTOL-01,EC35,31.3080668,120.5962988,199.9,BUSY,M-P-001,V2
436,436,L-UAV-01,AMZN,31.3011697,120.5981626,100.0,BUSY,M-L-001,V2
436,436,M-UAV-01,M600,31.3108767,120.6039862,30.5,AVAILABLE,,
436,436,M-UAV-02,M600,31.3054400,120.6019100,100.0,CONTINGENCY,,V3
437,437,EVTOL-01,EC35,31.3077041,120.5962766,199.9,BUSY,M-P-001,V2
437,437,L-UAV-01,AMZN,31.3010504,120.5980872,100.0,BUSY,M-L-001,V2
437,437,M-UAV-01,M600,31.3108767,120.6039862,30.5,AVAILABLE,,
437,437,M-UAV-02,M600,31.3055537,120.6019963,100.0,CONTINGENCY,,V3
438,438,EVTOL-01,EC35,31.3073414,120.5962544,199.9,BUSY,M-P-001,V2
438,438,L-UAV-01,AMZN,31.3009312,120.5980117,100.0,BUSY,M-L-001,V2
438,438,M-UAV-01,M600,31.3108767,120.6039862,30.5,AVAILABLE,,
438,438,M-UAV-02,M600,31.3056674,120.6020826,100.0,CONTINGENCY,,V3
439,439,EVTOL-01,EC35,31.3069787,120.5962322,199.9,BUSY,M-P-001,V2
439,439,L-UAV-01,AMZN,31.3008120,120.5979362,100.0,BUSY,M-L-001,V2
439,439,M-UAV-01,M600,31.3108767,120.6039862,30.5,AVAILABLE,,
439,439,M-UAV-02,M600,31.3057811,120.6021690,100.0,CONTINGENCY,,V3
440,440,EVTOL-01,EC35,31.3066160,120.5962100,199.9,BUSY,M-P-001,V2
440,440,L-UAV-01,AMZN,31.3006928,120.5978608,100.0,BUSY,M-L-001,V2
440,440,M-UAV-01,M600,31.3108767,120.6039862,30.5,AVAILABLE,,
440,440,M-UAV-02,M600,31.3058948,120.6022553,100.0,CONTINGENCY,,
441,441,EVTOL-01,EC35,31.3062533,120.5961878,199.9,BUSY,M-P-001,V2
441,441,L-UAV-01,AMZN,31.3005735,120.5977853,100.0,BUSY,M-L-001,V2
441,441,M-UAV-01,M600,31.3108767,120.6039862,30.5,AVAILABLE,,
441,441,M-UAV-02,M600,31.3059934,120.6023302,98.5,CONTINGENCY,,
442,442,EVTOL-01,EC35,31.3058906,120.5961657,199.9,BUSY,M-P-001,V2
442,442,L-UAV-01,AMZN,31.3004543,120.5977099,100.0,BUSY,M-L-001,V2
442,442,M-UAV-01,M600,31.3108767,120.6039862,30.5,AVAILABLE,,
442,442,M-UAV-02,M600,31.3060770,120.6023937,95.4,CONTINGENCY,,
443,443,EVTOL-01,EC35,31.3055279,120.5961435,199.9,BUSY,M-P-001,V2
443,443,L-UAV-01,AMZN,31.3003351,120.5976344,100.0,BUSY,M-L-001,V2
443,443,M-UAV-01,M600,31.3108767,120.6039862,30.5,AVAILABLE,,
443,443,M-UAV-02,M600,31.3061454,120.6024456,90.8,CONTINGENCY,,
444,444,EVTOL-01,EC35,31.3051652,120.5961213,199.9,BUSY,M-P-001,V2
444,444,L-UAV-01,AMZN,31.3002158,120.5975589,100.0,BUSY,M-L-001,V2
444,444,M-UAV-01,M600,31.3108767,120.6039862,30.5,AVAILABLE,,
444,444,M-UAV-02,M600,31.3061988,120.6024861,84.7,CONTINGENCY,,
445,445,EVTOL-01,EC35,31.3048026,120.5960991,199.9,BUSY,M-P-001,V2
445,445,L-UAV-01,AMZN,31.3000966,120.5974835,100.0,BUSY,M-L-001,V2
445,445,M-UAV-01,M600,31.3108767,120.6039862,30.5,AVAILABLE,,
445,445,M-UAV-02,M600,31.3062370,120.6025152,77.1,CONTINGENCY,,
446,446,EVTOL-01,EC35,31.3044399,120.5960769,199.9,BUSY,M-P-001,V2
446,446,L-UAV-01,AMZN,31.2999774,120.5974080,100.0,BUSY,M-L-001,V2
446,446,M-UAV-01,M600,31.3108767,120.6039862,30.5,AVAILABLE,,
446,446,M-UAV-02,M600,31.3062602,120.6025328,69.5,CONTINGENCY,,
447,447,EVTOL-01,EC35,31.3040772,120.5960547,199.9,BUSY,M-P-001,V2
447,447,L-UAV-01,AMZN,31.2998581,120.5973326,100.0,BUSY,M-L-001,V2
447,447,M-UAV-01,M600,31.3108767,120.6039862,30.5,AVAILABLE,,
447,447,M-UAV-02,M600,31.3062683,120.6025389,61.9,CONTINGENCY,,
448,448,EVTOL-01,EC35,31.3037145,120.5960325,199.9,BUSY,M-P-001,V2
448,448,L-UAV-01,AMZN,31.2997389,120.5972571,100.0,BUSY,M-L-001,V2
448,448,M-UAV-01,M600,31.3108767,120.6039862,30.5,AVAILABLE,,
448,448,M-UAV-02,M600,31.3062683,120.6025389,54.3,CONTINGENCY,,
449,449,EVTOL-01,EC35,31.3033518,120.5960103,199.9,BUSY,M-P-001,V2
449,449,L-UAV-01,AMZN,31.2996197,120.5971817,100.0,BUSY,M-L-001,V2
449,449,M-UAV-01,M600,31.3108767,120.6039862,30.5,AVAILABLE,,
449,449,M-UAV-02,M600,31.3062683,120.6025389,46.6,CONTINGENCY,,
450,450,EVTOL-01,EC35,31.3029891,120.5959882,199.9,BUSY,M-P-001,V2
450,450,L-UAV-01,AMZN,31.2995005,120.5971062,100.0,BUSY,M-L-001,V2
450,450,M-UAV-01,M600,31.3108767,120.6039862,30.5,AVAILABLE,,
450,450,M-UAV-02,M600,31.3062683,120.6025389,39.0,CONTINGENCY,,
451,451,EVTOL-01,EC35,31.3026264,120.5959660,199.9,BUSY,M-P-001,V2
451,451,L-UAV-01,AMZN,31.2993812,120.5970307,100.0,BUSY,M-L-001,V2
451,451,M-UAV-01,M600,31.3108767,120.6039862,30.5,AVAILABLE,,
451,451,M-UAV-02,M600,31.3062683,120.6025389,31.4,CONTINGENCY,,
452,452,EVTOL-01,EC35,31.3022637,120.5959438,199.9,BUSY,M-P-001,V2
452,452,L-UAV-01,AMZN,31.2992620,120.5969553,100.0,BUSY,M-L-001,V2
452,452,M-UAV-01,M600,31.3108767,120.6039862,30.5,AVAILABLE,,
452,452,M-UAV-02,M600,31.3062683,120.6025389,30.5,CONTINGENCY,,
453,453,EVTOL-01,EC35,31.3019010,120.5959216,199.9,BUSY,M-P-001,V2
453,453,L-UAV-01,AMZN,31.2991428,120.5968798,100.0,BUSY,M-L-001,V2
453,453,M-UAV-01,M600,31.3108767,120.6039862,30.5,AVAILABLE,,
453,453,M-UAV-02,M600,31.3062683,120.6025389,30.5,CONTINGENCY,,
454,454,EVTOL-01,EC35,31.3015383,120.5958994,199.9,BUSY,M-P-001,V2
454,454,L-UAV-01,AMZN,31.2990235,120.5968044,100.0,BUSY,M-L-001,V2
454,454,M-UAV-01,M600,31.3108767,120.6039862,30.5,AVAILABLE,,
454,454,M-UAV-02,M600,31.3062683,120.6025389,30.5,CONTINGENCY,,
455,455,EVTOL-01,EC35,31.3011756,120.5958772,199.9,BUSY,M-P-001,V2
455,455,L-UAV-01,AMZN,31.2989043,120.5967289,100.0,BUSY,M-L-001,V2
455,455,M-UAV-01,M600,31.3108767,120.6039862,30.5,AVAILABLE,,
455,455,M-UAV-02,M600,31.3062683,120.6025389,30.5,CONTINGENCY,,
456,456,EVTOL-01,EC35,31.3008129,120.5958550,199.9,BUSY,M-P-001,V2
456,456,L-UAV-01,AMZN,31.2987851,120.5966534,100.0,BUSY,M-L-001,V2
456,456,M-UAV-01,M600,31.3108767,120.6039862,30.5,AVAILABLE,,
456,456,M-UAV-02,M600,31.3062683,120.6025389,30.5,CONTINGENCY,,
457,457,EVTOL-01,EC35,31.3004502,120.5958329,199.9,BUSY,M-P-001,V2
457,457,L-UAV-01,AMZN,31.2986658,120.5965780,100.0,BUSY,M-L-001,V2
457,457,M-UAV-01,M600,31.3108767,120.6039862,30.5,AVAILABLE,,
457,457,M-UAV-02,M600,31.3062683,120.6025389,30.5,CONTINGENCY,,
458,458,EVTOL-01,EC35,31.3000875,120.5958107,199.9,BUSY,M-P-001,V2
458,458,L-UAV-01,AMZN,31.2985466,120.5965025,100.0,BUSY,M-L-001,V2
458,458,M-UAV-01,M600,31.3108767,120.6039862,30.5,AVAILABLE,,
458,458,M-UAV-02,M600,31.3062683,120.6025389,30.5,CONTINGENCY,,
459,459,EVTOL-01,EC35,31.2997248,120.5957885,199.9,BUSY,M-P-001,V2
459,459,L-UAV-01,AMZN,31.2984274,120.5964271,100.0,BUSY,M-L-001,V2
459,459,M-UAV-01,M600,31.3108767,120.6039862,30.5,AVAILABLE,,
459,459,M-UAV-02,M600,31.3062683,120.6025389,30.5,CONTINGENCY,,
460,460,EVTOL-01,EC35,31.2993621,120.5957663,199.9,BUSY,M-P-001,V2
460,460,L-UAV-01,AMZN,31.2983081,120.5963516,100.0,BUSY,M-L-001,V2
460,460,M-UAV-01,M600,31.3108767,120.6039862,30.5,AVAILABLE,,
460,460,M-UAV-02,M600,31.3062683,120.6025389,30.5,CONTINGENCY,,
461,461,EVTOL-01,EC35,31.2989994,120.5957441,199.9,BUSY,M-P-001,V2
461,461,L-UAV-01,AMZN,31.2981889,120.5962762,100.0,BUSY,M-L-001,V2
461,461,M-UAV-01,M600,31.3108767,120.6039862,30.5,AVAILABLE,,
461,461,M-UAV-02,M600,31.3062683,120.6025389,30.5,CONTINGENCY,,
462,462,EVTOL-01,EC35,31.2986367,120.5957219,199.9,BUSY,M-P-001,V2
462,462,L-UAV-01,AMZN,31.2980697,120.5962007,100.0,BUSY,M-L-001,V2
462,462,M-UAV-01,M600,31.3108767,120.6039862,30.5,AVAILABLE,,
462,462,M-UAV-02,M600,31.3062683,120.6025389,30.5,CONTINGENCY,,
463,463,EVTOL-01,EC35,31.2982740,120.5956998,199.9,BUSY,M-P-001,V2
463,463,L-UAV-01,AMZN,31.2979505,120.5961253,100.0,BUSY,M-L-001,V3
463,463,M-UAV-01,M600,31.3108767,120.6039862,30.5,AVAILABLE,,
463,463,M-UAV-02,M600,31.3062683,120.6025389,30.5,CONTINGENCY,,
464,464,EVTOL-01,EC35,31.2979113,120.5956776,199.9,BUSY,M-P-001,V1
464,464,L-UAV-01,AMZN,31.2978174,120.5960949,100.0,BUSY,M-L-001,V3
464,464,M-UAV-01,M600,31.3108767,120.6039862,30.5,AVAILABLE,,
464,464,M-UAV-02,M600,31.3062683,120.6025389,30.5,CONTINGENCY,,
465,465,EVTOL-01,EC35,31.2975488,120.5957035,199.9,BUSY,M-P-001,V1
465,465,L-UAV-01,AMZN,31.2976827,120.5961125,100.0,BUSY,M-L-001,V3
465,465,M-UAV-01,M600,31.3108767,120.6039862,30.5,AVAILABLE,,
465,465,M-UAV-02,M600,31.3062683,120.6025389,30.5,CONTINGENCY,,
466,466,EVTOL-01,EC35,31.2971911,120.5957772,199.9,BUSY,M-P-001,V1
466,466,L-UAV-01,AMZN,31.2975586,120.5961764,100.0,BUSY,M-L-001,V3
466,466,M-UAV-01,M600,31.3108767,120.6039862,30.5,AVAILABLE,,
466,466,M-UAV-02,M600,31.3062683,120.6025389,30.5,CONTINGENCY,,
467,467,EVTOL-01,EC35,31.2968429,120.5958977,199.9,BUSY,M-P-001,V1
467,467,L-UAV-01,AMZN,31.2974565,120.5962807,100.0,BUSY,M-L-001,V3
467,467,M-UAV-01,M600,31.3108767,120.6039862,30.5,AVAILABLE,,
467,467,M-UAV-02,M600,31.3062683,120.6025389,30.5,CONTINGENCY,,
468,468,EVTOL-01,EC35,31.2965084,120.5960635,199.9,BUSY,M-P-001,V1
468,468,L-UAV-01,AMZN,31.2973857,120.5964160,100.0,BUSY,M-L-001,V3
468,468,M-UAV-01,M600,31.3108767,120.6039862,30.5,AVAILABLE,,
468,468,M-UAV-02,M600,31.3062683,120.6025389,30.5,CONTINGENCY,,
469,469,EVTOL-01,EC35,31.2961922,120.5962725,199.9,BUSY,M-P-001,V1
469,469,L-UAV-01,AMZN,31.2973527,120.5965699,100.0,BUSY,M-L-001,V3
469,469,M-UAV-01,M600,31.3108767,120.6039862,30.5,AVAILABLE,,
469,469,M-UAV-02,M600,31.3062683,120.6025389,30.5,CONTINGENCY,,
470,470,EVTOL-01,EC35,31.2958981,120.5965219,199.9,BUSY,M-P-001,V1
470,470,L-UAV-01,AMZN,31.2973605,120.5967282,100.0,BUSY,M-L-001,V3
470,470,M-UAV-01,M600,31.3108767,120.6039862,30.5,AVAILABLE,,
470,470,M-UAV-02,M600,31.3062683,120.6025389,30.5,CONTINGENCY,,
471,471,EVTOL-01,EC35,31.2956300,120.5968086,199.9,BUSY,M-P-001,V1
471,471,L-UAV-01,AMZN,31.2974083,120.5968767,100.0,BUSY,M-L-001,V3
471,471,M-UAV-01,M600,31.3108767,120.6039862,30.5,AVAILABLE,,
471,471,M-UAV-02,M600,31.3062683,120.6025389,30.5,CONTINGENCY,,
472,472,EVTOL-01,EC35,31.2953913,120.5971290,199.9,BUSY,M-P-001,V1
472,472,L-UAV-01,AMZN,31.2974919,120.5970016,100.0,BUSY,M-L-001,V3
472,472,M-UAV-01,M600,31.3108767,120.6039862,30.5,AVAILABLE,,
472,472,M-UAV-02,M600,31.3062683,120.6025389,30.5,CONTINGENCY,,
473,473,EVTOL-01,EC35,31.2951850,120.5974788,199.9,BUSY,M-P-001,V1
473,473,L-UAV-01,AMZN,31.2976035,120.5970916,100.0,BUSY,M-L-001,V3
473,473,M-UAV-01,M600,31.3108767,120.6039862,30.5,AVAILABLE,,
473,473,M-UAV-02,M600,31.3062683,120.6025389,30.5,CONTINGENCY,,
474,474,EVTOL-01,EC35,31.2950139,120.5978537,199.9,BUSY,M-P-001,V1
474,474,L-UAV-01,AMZN,31.2977227,120.5971670,100.0,BUSY,M-L-001,V3
474,474,M-UAV-01,M600,31.3108767,120.6039862,30.5,AVAILABLE,,
474,474,M-UAV-02,M600,31.3062683,120.6025389,30.5,CONTINGENCY,,
475,475,EVTOL-01,EC35,31.2948800,120.5982488,199.9,BUSY,M-P-001,V1
475,475,L-UAV-01,AMZN,31.2978419,120.5972425,100.0,BUSY,M-L-001,V3
475,475,M-UAV-01,M600,31.3108767,120.6039862,30.5,AVAILABLE,,
475,475,M-UAV-02,M600,31.3062683,120.6025389,30.5,CONTINGENCY,,
476,476,EVTOL-01,EC35,31.2947852,120.5986591,199.9,BUSY,M-P-001,V1
476,476,L-UAV-01,AMZN,31.2979612,120.5973180,100.0,BUSY,M-L-001,V3
476,476,M-UAV-01,M600,31.3108767,120.6039862,30.5,AVAILABLE,,
476,476,M-UAV-02,M600,31.3062683,120.6025389,30.5,CONTINGENCY,,
477,477,EVTOL-01,EC35,31.2947306,120.5990793,199.9,BUSY,M-P-001,V1
477,477,L-UAV-01,AMZN,31.2980804,120.5973934,100.0,BUSY,M-L-001,V3
477,477,M-UAV-01,M600,31.3108767,120.6039862,30.5,AVAILABLE,,
477,477,M-UAV-02,M600,31.3062683,120.6025389,30.5,CONTINGENCY,,
478,478,EVTOL-01,EC35,31.2947169,120.5995040,199.9,BUSY,M-P-001,V1
478,478,L-UAV-01,AMZN,31.2981996,120.5974689,100.0,BUSY,M-L-001,V3
478,478,M-UAV-01,M600,31.3108767,120.6039862,30.5,AVAILABLE,,
478,478,M-UAV-02,M600,31.3062683,120.6025389,30.5,CONTINGENCY,,
479,479,EVTOL-01,EC35,31.2947443,120.5999278,199.9,BUSY,M-P-001,V1
479,479,L-UAV-01,AMZN,31.2983189,120.5975443,100.0,BUSY,M-L-001,V3
479,479,M-UAV-01,M600,31.3108767,120.6039862,30.5,AVAILABLE,,
479,479,M-UAV-02,M600,31.3062683,120.6025389,30.5,CONTINGENCY,,
480,480,EVTOL-01,EC35,31.2948124,120.6003453,199.9,BUSY,M-P-001,V1
480,480,L-UAV-01,AMZN,31.2984381,120.5976198,100.0,BUSY,M-L-001,V3
480,480,M-UAV-01,M600,31.3108767,120.6039862,30.5,AVAILABLE,,
480,480,M-UAV-02,M600,31.3062683,120.6025389,30.5,CONTINGENCY,,
481,481,EVTOL-01,EC35,31.2949204,120.6007511,199.9,BUSY,M-P-001,V1
481,481,L-UAV-01,AMZN,31.2985573,120.5976952,100.0,BUSY,M-L-001,V3
481,481,M-UAV-01,M600,31.3108767,120.6039862,30.5,AVAILABLE,,
481,481,M-UAV-02,M600,31.3062683,120.6025389,30.5,CONTINGENCY,,
482,482,EVTOL-01,EC35,31.2950669,120.6011400,199.9,BUSY,M-P-001,V1
482,482,L-UAV-01,AMZN,31.2986765,120.5977707,100.0,BUSY,M-L-001,V3
482,482,M-UAV-01,M600,31.3108767,120.6039862,30.5,AVAILABLE,,
482,482,M-UAV-02,M600,31.3062683,120.6025389,30.5,CONTINGENCY,,
483,483,EVTOL-01,EC35,31.2952500,120.6015071,199.9,BUSY,M-P-001,V1
483,483,L-UAV-01,AMZN,31.2987958,120.5978462,100.0,BUSY,M-L-001,V3
483,483,M-UAV-01,M600,31.3108767,120.6039862,30.5,AVAILABLE,,
483,483,M-UAV-02,M600,31.3062683,120.6025389,30.5,CONTINGENCY,,
484,484,EVTOL-01,EC35,31.2954674,120.6018476,199.9,BUSY,M-P-001,V1
484,484,L-UAV-01,AMZN,31.2989150,120.5979216,100.0,BUSY,M-L-001,V3
484,484,M-UAV-01,M600,31.3108767,120.6039862,30.5,AVAILABLE,,
484,484,M-UAV-02,M600,31.3062683,120.6025389,30.5,CONTINGENCY,,
485,485,EVTOL-01,EC35,31.2957162,120.6021572,199.9,BUSY,M-P-001,V1
485,485,L-UAV-01,AMZN,31.2990342,120.5979971,100.0,BUSY,M-L-001,V3
485,485,M-UAV-01,M600,31.3108767,120.6039862,30.5,AVAILABLE,,
485,485,M-UAV-02,M600,31.3062683,120.6025389,30.5,CONTINGENCY,,
486,486,EVTOL-01,EC35,31.2959934,120.6024318,199.9,BUSY,M-P-001,V1
486,486,L-UAV-01,AMZN,31.2991535,120.5980725,100.0,BUSY,M-L-001,V3
486,486,M-UAV-01,M600,31.3108767,120.6039862,30.5,AVAILABLE,,
486,486,M-UAV-02,M600,31.3062683,120.6025389,30.5,CONTINGENCY,,
487,487,EVTOL-01,EC35,31.2962953,120.6026681,199.9,BUSY,M-P-001,V1
487,487,L-UAV-01,AMZN,31.2992727,120.5981480,100.0,BUSY,M-L-001,V3
487,487,M-UAV-01,M600,31.3108767,120.6039862,30.5,AVAILABLE,,
487,487,M-UAV-02,M600,31.3062683,120.6025389,30.5,CONTINGENCY,,
488,488,EVTOL-01,EC35,31.2966181,120.6028630,199.9,BUSY,M-P-001,V1
488,488,L-UAV-01,AMZN,31.2993919,120.5982235,100.0,BUSY,M-L-001,V3
488,488,M-UAV-01,M600,31.3108767,120.6039862,30.5,AVAILABLE,,
488,488,M-UAV-02,M600,31.3062683,120.6025389,30.5,CONTINGENCY,,
489,489,EVTOL-01,EC35,31.2969576,120.6030139,199.9,BUSY,M-P-001,V1
489,489,L-UAV-01,AMZN,31.2995112,120.5982989,100.0,BUSY,M-L-001,V3
489,489,M-UAV-01,M600,31.3108767,120.6039862,30.5,AVAILABLE,,
489,489,M-UAV-02,M600,31.3062683,120.6025389,30.5,CONTINGENCY,,
490,490,EVTOL-01,EC35,31.2973095,120.6031189,199.9,BUSY,M-P-001,V1
490,490,L-UAV-01,AMZN,31.2996304,120.5983744,100.0,BUSY,M-L-001,V3
490,490,M-UAV-01,M600,31.3108767,120.6039862,30.5,AVAILABLE,,
490,490,M-UAV-02,M600,31.3062683,120.6025389,30.5,CONTINGENCY,,
491,491,EVTOL-01,EC35,31.2976693,120.6031768,199.9,BUSY,M-P-001,V1
491,491,L-UAV-01,AMZN,31.2997496,120.5984498,100.0,BUSY,M-L-001,V3
491,491,M-UAV-01,M600,31.3108767,120.6039862,30.5,AVAILABLE,,
491,491,M-UAV-02,M600,31.3062683,120.6025389,30.5,CONTINGENCY,,
492,492,EVTOL-01,EC35,31.2980320,120.6031990,199.9,BUSY,M-P-001,V1
492,492,L-UAV-01,AMZN,31.2998688,120.5985253,100.0,BUSY,M-L-001,V3
492,492,M-UAV-01,M600,31.3108767,120.6039862,30.5,AVAILABLE,,
492,492,M-UAV-02,M600,31.3062683,120.6025389,30.5,CONTINGENCY,,
493,493,EVTOL-01,EC35,31.2983947,120.6032212,199.9,BUSY,M-P-001,V1
493,493,L-UAV-01,AMZN,31.2999881,120.5986008,100.0,BUSY,M-L-001,V3
493,493,M-UAV-01,M600,31.3108767,120.6039862,30.5,AVAILABLE,,
493,493,M-UAV-02,M600,31.3062683,120.6025389,30.5,CONTINGENCY,,
494,494,EVTOL-01,EC35,31.2987574,120.6032434,199.9,BUSY,M-P-001,V1
494,494,L-UAV-01,AMZN,31.3001073,120.5986762,100.0,BUSY,M-L-001,V3
494,494,M-UAV-01,M600,31.3108767,120.6039862,30.5,AVAILABLE,,
494,494,M-UAV-02,M600,31.3062683,120.6025389,30.5,CONTINGENCY,,
495,495,EVTOL-01,EC35,31.2991201,120.6032657,199.9,BUSY,M-P-001,V1
495,495,L-UAV-01,AMZN,31.3002265,120.5987517,100.0,BUSY,M-L-001,V3
495,495,M-UAV-01,M600,31.3108767,120.6039862,30.5,AVAILABLE,,
495,495,M-UAV-02,M600,31.3062683,120.6025389,30.5,CONTINGENCY,,
496,496,EVTOL-01,EC35,31.2994828,120.6032879,199.9,BUSY,M-P-001,V1
496,496,L-UAV-01,AMZN,31.3003458,120.5988271,100.0,BUSY,M-L-001,V3
496,496,M-UAV-01,M600,31.3108767,120.6039862,30.5,AVAILABLE,,
496,496,M-UAV-02,M600,31.3062683,120.6025389,30.5,CONTINGENCY,,
497,497,EVTOL-01,EC35,31.2998455,120.6033101,199.9,BUSY,M-P-001,V1
497,497,L-UAV-01,AMZN,31.3004650,120.5989026,100.0,BUSY,M-L-001,V3
497,497,M-UAV-01,M600,31.3108767,120.6039862,30.5,AVAILABLE,,
497,497,M-UAV-02,M600,31.3062683,120.6025389,30.5,CONTINGENCY,,
498,498,EVTOL-01,EC35,31.3002082,120.6033323,199.9,BUSY,M-P-001,V1
498,498,L-UAV-01,AMZN,31.3005842,120.5989781,100.0,BUSY,M-L-001,V3
498,498,M-UAV-01,M600,31.3108767,120.6039862,30.5,AVAILABLE,,
498,498,M-UAV-02,M600,31.3062683,120.6025389,30.5,CONTINGENCY,,
499,499,EVTOL-01,EC35,31.3005709,120.6033546,199.9,BUSY,M-P-001,V1
499,499,L-UAV-01,AMZN,31.3007035,120.5990535,100.0,BUSY,M-L-001,V3
499,499,M-UAV-01,M600,31.3108767,120.6039862,30.5,AVAILABLE,,
499,499,M-UAV-02,M600,31.3062683,120.6025389,30.5,CONTINGENCY,,
500,500,EVTOL-01,EC35,31.3009336,120.6033768,199.9,BUSY,M-P-001,V1
500,500,L-UAV-01,AMZN,31.3008227,120.5991290,100.0,BUSY,M-L-001,V3
500,500,M-UAV-01,M600,31.3108767,120.6039862,30.5,AVAILABLE,,
500,500,M-UAV-02,M600,31.3062683,120.6025389,30.5,CONTINGENCY,,
501,501,EVTOL-01,EC35,31.3012963,120.6033990,199.9,BUSY,M-P-001,V1
501,501,L-UAV-01,AMZN,31.3009419,120.5992045,100.0,BUSY,M-L-001,V3
501,501,M-UAV-01,M600,31.3108767,120.6039862,30.5,AVAILABLE,,
501,501,M-UAV-02,M600,31.3062683,120.6025389,30.5,CONTINGENCY,,
502,502,EVTOL-01,EC35,31.3016590,120.6034212,199.9,BUSY,M-P-001,V1
502,502,L-UAV-01,AMZN,31.3010611,120.5992799,100.0,BUSY,M-L-001,V3
502,502,M-UAV-01,M600,31.3108767,120.6039862,30.5,AVAILABLE,,
502,502,M-UAV-02,M600,31.3062683,120.6025389,30.5,CONTINGENCY,,
503,503,EVTOL-01,EC35,31.3020217,120.6034435,199.9,BUSY,M-P-001,V1
503,503,L-UAV-01,AMZN,31.3011804,120.5993554,100.0,BUSY,M-L-001,V3
503,503,M-UAV-01,M600,31.3108767,120.6039862,30.5,AVAILABLE,,
503,503,M-UAV-02,M600,31.3062683,120.6025389,30.5,CONTINGENCY,,
504,504,EVTOL-01,EC35,31.3023844,120.6034657,199.9,BUSY,M-P-001,V1
504,504,L-UAV-01,AMZN,31.3012996,120.5994308,100.0,BUSY,M-L-001,V3
504,504,M-UAV-01,M600,31.3108767,120.6039862,30.5,AVAILABLE,,
504,504,M-UAV-02,M600,31.3062683,120.6025389,30.5,CONTINGENCY,,
505,505,EVTOL-01,EC35,31.3027471,120.6034879,199.9,BUSY,M-P-001,V1
505,505,L-UAV-01,AMZN,31.3014188,120.5995063,100.0,BUSY,M-L-001,V3
505,505,M-UAV-01,M600,31.3108767,120.6039862,30.5,AVAILABLE,,
505,505,M-UAV-02,M600,31.3062683,120.6025389,30.5,CONTINGENCY,,
506,506,EVTOL-01,EC35,31.3031098,120.6035101,199.9,BUSY,M-P-001,V1
506,506,L-UAV-01,AMZN,31.3015381,120.5995818,100.0,BUSY,M-L-001,V3
506,506,M-UAV-01,M600,31.3108767,120.6039862,30.5,AVAILABLE,,
506,506,M-UAV-02,M600,31.3062683,120.6025389,30.5,CONTINGENCY,,
507,507,EVTOL-01,EC35,31.3034724,120.6035324,199.9,BUSY,M-P-001,V1
507,507,L-UAV-01,AMZN,31.3016573,120.5996572,100.0,BUSY,M-L-001,V3
507,507,M-UAV-01,M600,31.3108767,120.6039862,30.5,AVAILABLE,,
507,507,M-UAV-02,M600,31.3062683,120.6025389,30.5,CONTINGENCY,,
508,508,EVTOL-01,EC35,31.3038351,120.6035546,199.9,BUSY,M-P-001,V1
508,508,L-UAV-01,AMZN,31.3017765,120.5997327,100.0,BUSY,M-L-001,V3
508,508,M-UAV-01,M600,31.3108767,120.6039862,30.5,AVAILABLE,,
508,508,M-UAV-02,M600,31.3062683,120.6025389,30.5,CONTINGENCY,,
509,509,EVTOL-01,EC35,31.3041978,120.6035768,199.9,BUSY,M-P-001,V1
509,509,L-UAV-01,AMZN,31.3018957,120.5998082,100.0,BUSY,M-L-001,V3
509,509,M-UAV-01,M600,31.3108767,120.6039862,30.5,AVAILABLE,,
509,509,M-UAV-02,M600,31.3062683,120.6025389,30.5,CONTINGENCY,,
510,510,EVTOL-01,EC35,31.3045605,120.6035991,199.9,BUSY,M-P-001,V1
510,510,L-UAV-01,AMZN,31.3020150,120.5998836,100.0,BUSY,M-L-001,V3
510,510,M-UAV-01,M600,31.3108767,120.6039862,30.5,AVAILABLE,,
510,510,M-UAV-02,M600,31.3062683,120.6025389,30.5,CONTINGENCY,,
511,511,EVTOL-01,EC35,31.3049232,120.6036213,199.9,BUSY,M-P-001,V1
511,511,L-UAV-01,AMZN,31.3021342,120.5999591,100.0,BUSY,M-L-001,V3
511,511,M-UAV-01,M600,31.3108767,120.6039862,30.5,AVAILABLE,,
511,511,M-UAV-02,M600,31.3062683,120.6025389,30.5,CONTINGENCY,,
512,512,EVTOL-01,EC35,31.3052859,120.6036435,199.9,BUSY,M-P-001,V1
512,512,L-UAV-01,AMZN,31.3022534,120.6000345,100.0,BUSY,M-L-001,V3
512,512,M-UAV-01,M600,31.3108767,120.6039862,30.5,AVAILABLE,,
512,512,M-UAV-02,M600,31.3062683,120.6025389,30.5,CONTINGENCY,,
513,513,EVTOL-01,EC35,31.3056486,120.6036657,199.9,BUSY,M-P-001,V1
513,513,L-UAV-01,AMZN,31.3023727,120.6001100,100.0,BUSY,M-L-001,V3
513,513,M-UAV-01,M600,31.3108767,120.6039862,30.5,AVAILABLE,,
513,513,M-UAV-02,M600,31.3062683,120.6025389,30.5,CONTINGENCY,,
514,514,EVTOL-01,EC35,31.3060113,120.6036880,199.9,BUSY,M-P-001,V1
514,514,L-UAV-01,AMZN,31.3024919,120.6001855,100.0,BUSY,M-L-001,V3
514,514,M-UAV-01,M600,31.3108767,120.6039862,30.5,AVAILABLE,,
514,514,M-UAV-02,M600,31.3062683,120.6025389,30.5,CONTINGENCY,,
515,515,EVTOL-01,EC35,31.3063740,120.6037102,199.9,BUSY,M-P-001,V1
515,515,L-UAV-01,AMZN,31.3026111,120.6002609,100.0,BUSY,M-L-001,V3
515,515,M-UAV-01,M600,31.3108767,120.6039862,30.5,AVAILABLE,,
515,515,M-UAV-02,M600,31.3062683,120.6025389,30.5,CONTINGENCY,,
516,516,EVTOL-01,EC35,31.3067367,120.6037324,199.9,BUSY,M-P-001,V1
516,516,L-UAV-01,AMZN,31.3027303,120.6003364,100.0,BUSY,M-L-001,V3
516,516,M-UAV-01,M600,31.3108767,120.6039862,30.5,AVAILABLE,,
516,516,M-UAV-02,M600,31.3062683,120.6025389,30.5,CONTINGENCY,,
517,517,EVTOL-01,EC35,31.3070994,120.6037546,199.9,BUSY,M-P-001,V1
517,517,L-UAV-01,AMZN,31.3028496,120.6004119,100.0,BUSY,M-L-001,V3
517,517,M-UAV-01,M600,31.3108767,120.6039862,30.5,AVAILABLE,,
517,517,M-UAV-02,M600,31.3062683,120.6025389,30.5,CONTINGENCY,,
518,518,EVTOL-01,EC35,31.3074621,120.6037769,199.9,BUSY,M-P-001,V1
518,518,L-UAV-01,AMZN,31.3029688,120.6004873,100.0,BUSY,M-L-001,V3
518,518,M-UAV-01,M600,31.3108767,120.6039862,30.5,AVAILABLE,,
518,518,M-UAV-02,M600,31.3062683,120.6025389,30.5,CONTINGENCY,,
519,519,EVTOL-01,EC35,31.3078248,120.6037991,199.9,BUSY,M-P-001,V1
519,519,L-UAV-01,AMZN,31.3030880,120.6005628,100.0,BUSY,M-L-001,V3
519,519,M-UAV-01,M600,31.3108767,120.6039862,30.5,AVAILABLE,,
519,519,M-UAV-02,M600,31.3062683,120.6025389,30.5,CONTINGENCY,,
520,520,EVTOL-01,EC35,31.3081875,120.6038213,199.9,BUSY,M-P-001,V1
520,520,L-UAV-01,AMZN,31.3032073,120.6006383,100.0,BUSY,M-L-001,V3
520,520,M-UAV-01,M600,31.3108767,120.6039862,30.5,AVAILABLE,,
520,520,M-UAV-02,M600,31.3062683,120.6025389,30.5,CONTINGENCY,,
521,521,EVTOL-01,EC35,31.3085502,120.6038436,199.9,BUSY,M-P-001,V1
521,521,L-UAV-01,AMZN,31.3033265,120.6007137,100.0,BUSY,M-L-001,V3
521,521,M-UAV-01,M600,31.3108767,120.6039862,30.5,AVAILABLE,,
521,521,M-UAV-02,M600,31.3062683,120.6025389,30.5,CONTINGENCY,,
522,522,EVTOL-01,EC35,31.3089128,120.6038658,199.9,BUSY,M-P-001,V1
522,522,L-UAV-01,AMZN,31.3034457,120.6007892,100.0,BUSY,M-L-001,V3
522,522,M-UAV-01,M600,31.3108767,120.6039862,30.5,AVAILABLE,,
522,522,M-UAV-02,M600,31.3062683,120.6025389,30.5,CONTINGENCY,,
523,523,EVTOL-01,EC35,31.3092755,120.6038880,199.9,BUSY,M-P-001,V1
523,523,L-UAV-01,AMZN,31.3035649,120.6008647,100.0,BUSY,M-L-001,V3
523,523,M-UAV-01,M600,31.3108767,120.6039862,30.5,AVAILABLE,,
523,523,M-UAV-02,M600,31.3062683,120.6025389,30.5,CONTINGENCY,,
524,524,EVTOL-01,EC35,31.3096382,120.6039102,199.9,BUSY,M-P-001,V1
524,524,L-UAV-01,AMZN,31.3036842,120.6009401,100.0,BUSY,M-L-001,V3
524,524,M-UAV-01,M600,31.3108767,120.6039862,30.5,AVAILABLE,,
524,524,M-UAV-02,M600,31.3062683,120.6025389,30.5,CONTINGENCY,,
525,525,EVTOL-01,EC35,31.3100009,120.6039325,199.9,BUSY,M-P-001,V2
525,525,L-UAV-01,AMZN,31.3038034,120.6010156,100.0,BUSY,M-L-001,V3
525,525,M-UAV-01,M600,31.3108767,120.6039862,30.5,AVAILABLE,,
525,525,M-UAV-02,M600,31.3062683,120.6025389,30.5,CONTINGENCY,,
526,526,EVTOL-01,EC35,31.3103634,120.6039066,199.9,BUSY,M-P-001,V2
526,526,L-UAV-01,AMZN,31.3039226,120.6010911,100.0,BUSY,M-L-001,V3
526,526,M-UAV-01,M600,31.3108767,120.6039862,30.5,AVAILABLE,,
526,526,M-UAV-02,M600,31.3062683,120.6025389,30.5,CONTINGENCY,,
527,527,EVTOL-01,EC35,31.3107211,120.6038329,199.9,BUSY,M-P-001,V2
527,527,L-UAV-01,AMZN,31.3040418,120.6011665,100.0,BUSY,M-L-001,V3
527,527,M-UAV-01,M600,31.3108767,120.6039862,30.5,AVAILABLE,,
527,527,M-UAV-02,M600,31.3062683,120.6025389,30.5,CONTINGENCY,,
528,528,EVTOL-01,EC35,31.3110694,120.6037124,199.9,BUSY,M-P-001,V2
528,528,L-UAV-01,AMZN,31.3041611,120.6012420,100.0,BUSY,M-L-001,V3
528,528,M-UAV-01,M600,31.3108767,120.6039862,30.5,AVAILABLE,,
528,528,M-UAV-02,M600,31.3062683,120.6025389,30.5,CONTINGENCY,,
529,529,EVTOL-01,EC35,31.3114039,120.6035467,199.9,BUSY,M-P-001,V2
529,529,L-UAV-01,AMZN,31.3042803,120.6013175,100.0,BUSY,M-L-001,V3
529,529,M-UAV-01,M600,31.3108767,120.6039862,30.5,AVAILABLE,,
529,529,M-UAV-02,M600,31.3062683,120.6025389,30.5,CONTINGENCY,,
530,530,EVTOL-01,EC35,31.3117202,120.6033377,199.9,BUSY,M-P-001,V2
530,530,L-UAV-01,AMZN,31.3043995,120.6013929,100.0,BUSY,M-L-001,V3
530,530,M-UAV-01,M600,31.3108767,120.6039862,30.5,AVAILABLE,,
530,530,M-UAV-02,M600,31.3062683,120.6025389,30.5,CONTINGENCY,,
531,531,EVTOL-01,EC35,31.3120142,120.6030883,199.9,BUSY,M-P-001,V2
531,531,L-UAV-01,AMZN,31.3045188,120.6014684,100.0,BUSY,M-L-001,V3
531,531,M-UAV-01,M600,31.3108767,120.6039862,30.5,AVAILABLE,,
531,531,M-UAV-02,M600,31.3062683,120.6025389,30.5,CONTINGENCY,,
532,532,EVTOL-01,EC35,31.3122824,120.6028015,199.9,BUSY,M-P-001,V2
532,532,L-UAV-01,AMZN,31.3046380,120.6015439,100.0,BUSY,M-L-001,V3
532,532,M-UAV-01,M600,31.3108767,120.6039862,30.5,AVAILABLE,,
532,532,M-UAV-02,M600,31.3062683,120.6025389,30.5,CONTINGENCY,,
533,533,EVTOL-01,EC35,31.3125211,120.6024811,199.9,BUSY,M-P-001,V2
533,533,L-UAV-01,AMZN,31.3047572,120.6016193,100.0,BUSY,M-L-001,V3
533,533,M-UAV-01,M600,31.3108767,120.6039862,30.5,AVAILABLE,,
533,533,M-UAV-02,M600,31.3062683,120.6025389,30.5,CONTINGENCY,,
534,534,EVTOL-01,EC35,31.3127274,120.6021313,199.9,BUSY,M-P-001,V2
534,534,L-UAV-01,AMZN,31.3048764,120.6016948,100.0,BUSY,M-L-001,V3
534,534,M-UAV-01,M600,31.3108767,120.6039862,30.5,AVAILABLE,,
534,534,M-UAV-02,M600,31.3062683,120.6025389,30.5,CONTINGENCY,,
535,535,EVTOL-01,EC35,31.3128986,120.6017563,199.9,BUSY,M-P-001,V2
535,535,L-UAV-01,AMZN,31.3049957,120.6017703,100.0,BUSY,M-L-001,V3
535,535,M-UAV-01,M600,31.3108767,120.6039862,30.5,AVAILABLE,,
535,535,M-UAV-02,M600,31.3062683,120.6025389,30.5,CONTINGENCY,,
536,536,EVTOL-01,EC35,31.3130324,120.6013611,199.9,BUSY,M-P-001,V2
536,536,L-UAV-01,AMZN,31.3051149,120.6018457,100.0,BUSY,M-L-001,V3
536,536,M-UAV-01,M600,31.3108767,120.6039862,30.5,AVAILABLE,,
536,536,M-UAV-02,M600,31.3062683,120.6025389,30.5,CONTINGENCY,,
537,537,EVTOL-01,EC35,31.3131273,120.6009508,199.9,BUSY,M-P-001,V2
537,537,L-UAV-01,AMZN,31.3052341,120.6019212,100.0,BUSY,M-L-001,V3
537,537,M-UAV-01,M600,31.3108767,120.6039862,30.5,AVAILABLE,,
537,537,M-UAV-02,M600,31.3062683,120.6025389,30.5,CONTINGENCY,,
538,538,EVTOL-01,EC35,31.3131820,120.6005305,199.9,BUSY,M-P-001,V2
538,538,L-UAV-01,AMZN,31.3053534,120.6019967,100.0,BUSY,M-L-001,V3
538,538,M-UAV-01,M600,31.3108767,120.6039862,30.5,AVAILABLE,,
538,538,M-UAV-02,M600,31.3062683,120.6025389,30.5,CONTINGENCY,,
539,539,EVTOL-01,EC35,31.3131957,120.6001057,199.9,BUSY,M-P-001,V2
539,539,L-UAV-01,AMZN,31.3054726,120.6020722,100.0,BUSY,M-L-001,V3
539,539,M-UAV-01,M600,31.3108767,120.6039862,30.5,AVAILABLE,,
539,539,M-UAV-02,M600,31.3062683,120.6025389,30.5,CONTINGENCY,,
540,540,EVTOL-01,EC35,31.3131684,120.5996818,199.9,BUSY,M-P-001,V2
540,540,L-UAV-01,AMZN,31.3055918,120.6021476,100.0,BUSY,M-L-001,V3
540,540,M-UAV-01,M600,31.3108767,120.6039862,30.5,AVAILABLE,,
540,540,M-UAV-02,M600,31.3062683,120.6025389,30.5,CONTINGENCY,,
541,541,EVTOL-01,EC35,31.3131003,120.5992642,199.9,BUSY,M-P-001,V2
541,541,L-UAV-01,AMZN,31.3057110,120.6022231,100.0,BUSY,M-L-001,V3
541,541,M-UAV-01,M600,31.3108767,120.6039862,30.5,AVAILABLE,,
541,541,M-UAV-02,M600,31.3062683,120.6025389,30.5,CONTINGENCY,,
542,542,EVTOL-01,EC35,31.3129923,120.5988583,199.9,BUSY,M-P-001,V2
542,542,L-UAV-01,AMZN,31.3058303,120.6022986,100.0,BUSY,M-L-001,V2
542,542,M-UAV-01,M600,31.3108767,120.6039862,30.5,AVAILABLE,,
542,542,M-UAV-02,M600,31.3062683,120.6025389,30.5,CONTINGENCY,,
543,543,EVTOL-01,EC35,31.3128458,120.5984693,199.9,BUSY,M-P-001,V2
543,543,L-UAV-01,AMZN,31.3059633,120.6023289,100.0,BUSY,M-L-001,V2
543,543,M-UAV-01,M600,31.3108767,120.6039862,30.5,AVAILABLE,,
543,543,M-UAV-02,M600,31.3062683,120.6025389,30.5,CONTINGENCY,,
544,544,EVTOL-01,EC35,31.3126628,120.5981022,199.9,BUSY,M-P-001,V2
544,544,L-UAV-01,AMZN,31.3060980,120.6023113,100.0,BUSY,M-L-001,V2
544,544,M-UAV-01,M600,31.3108767,120.6039862,30.5,AVAILABLE,,
544,544,M-UAV-02,M600,31.3062683,120.6025389,30.5,CONTINGENCY,,
545,545,EVTOL-01,EC35,31.3124454,120.5977616,199.9,BUSY,M-P-001,V2
545,545,L-UAV-01,AMZN,31.3062221,120.6022474,100.0,BUSY,M-L-001,V2
545,545,M-UAV-01,M600,31.3108767,120.6039862,30.5,AVAILABLE,,
545,545,M-UAV-02,M600,31.3062683,120.6025389,30.5,CONTINGENCY,,
546,546,EVTOL-01,EC35,31.3121966,120.5974519,199.9,BUSY,M-P-001,V2
546,546,L-UAV-01,AMZN,31.3063242,120.6021431,100.0,BUSY,M-L-001,V2
546,546,M-UAV-01,M600,31.3108767,120.6039862,30.5,AVAILABLE,,
546,546,M-UAV-02,M600,31.3062683,120.6025389,30.5,CONTINGENCY,,
547,547,EVTOL-01,EC35,31.3119195,120.5971772,199.9,BUSY,M-P-001,V2
547,547,L-UAV-01,AMZN,31.3063950,120.6020078,100.0,BUSY,M-L-001,V2
547,547,M-UAV-01,M600,31.3108767,120.6039862,30.5,AVAILABLE,,
547,547,M-UAV-02,M600,31.3062683,120.6025389,30.5,CONTINGENCY,,
548,548,EVTOL-01,EC35,31.3116176,120.5969408,199.9,BUSY,M-P-001,V2
548,548,L-UAV-01,AMZN,31.3064280,120.6018539,100.0,BUSY,M-L-001,V2
548,548,M-UAV-01,M600,31.3108767,120.6039862,30.5,AVAILABLE,,
548,548,M-UAV-02,M600,31.3062683,120.6025389,30.5,CONTINGENCY,,
549,549,EVTOL-01,EC35,31.3112948,120.5967459,199.9,BUSY,M-P-001,V2
549,549,L-UAV-01,AMZN,31.3064203,120.6016956,100.0,BUSY,M-L-001,V2
549,549,M-UAV-01,M600,31.3108767,120.6039862,30.5,AVAILABLE,,
549,549,M-UAV-02,M600,31.3062683,120.6025389,30.5,CONTINGENCY,,
550,550,EVTOL-01,EC35,31.3109553,120.5965949,199.9,BUSY,M-P-001,V2
550,550,L-UAV-01,AMZN,31.3063724,120.6015471,100.0,BUSY,M-L-001,V2
550,550,M-UAV-01,M600,31.3108767,120.6039862,30.5,AVAILABLE,,
550,550,M-UAV-02,M600,31.3062683,120.6025389,30.5,CONTINGENCY,,
551,551,EVTOL-01,EC35,31.3106034,120.5964898,199.9,BUSY,M-P-001,V2
551,551,L-UAV-01,AMZN,31.3062889,120.6014222,100.0,BUSY,M-L-001,V2
551,551,M-UAV-01,M600,31.3108767,120.6039862,30.5,AVAILABLE,,
551,551,M-UAV-02,M600,31.3062683,120.6025389,30.5,CONTINGENCY,,
552,552,EVTOL-01,EC35,31.3102436,120.5964319,199.9,BUSY,M-P-001,V2
552,552,L-UAV-01,AMZN,31.3061773,120.6013322,100.0,BUSY,M-L-001,V2
552,552,M-UAV-01,M600,31.3108767,120.6039862,30.5,AVAILABLE,,
552,552,M-UAV-02,M600,31.3062683,120.6025389,30.5,CONTINGENCY,,
553,553,EVTOL-01,EC35,31.3098809,120.5964098,199.9,BUSY,M-P-001,V2
553,553,L-UAV-01,AMZN,31.3060581,120.6012567,100.0,BUSY,M-L-001,V2
553,553,M-UAV-01,M600,31.3108767,120.6039862,30.5,AVAILABLE,,
553,553,M-UAV-02,M600,31.3062683,120.6025389,30.5,CONTINGENCY,,
554,554,EVTOL-01,EC35,31.3095182,120.5963876,199.9,BUSY,M-P-001,V2
554,554,L-UAV-01,AMZN,31.3059388,120.6011812,100.0,BUSY,M-L-001,V2
554,554,M-UAV-01,M600,31.3108767,120.6039862,30.5,AVAILABLE,,
554,554,M-UAV-02,M600,31.3062683,120.6025389,30.5,CONTINGENCY,,
555,555,EVTOL-01,EC35,31.3091555,120.5963654,199.9,BUSY,M-P-001,V2
555,555,L-UAV-01,AMZN,31.3058196,120.6011058,100.0,BUSY,M-L-001,V2
555,555,M-UAV-01,M600,31.3108767,120.6039862,30.5,AVAILABLE,,
555,555,M-UAV-02,M600,31.3062683,120.6025389,30.5,CONTINGENCY,,
556,556,EVTOL-01,EC35,31.3087928,120.5963432,199.9,BUSY,M-P-001,V2
556,556,L-UAV-01,AMZN,31.3057004,120.6010303,100.0,BUSY,M-L-001,V2
556,556,M-UAV-01,M600,31.3108767,120.6039862,30.5,AVAILABLE,,
556,556,M-UAV-02,M600,31.3062683,120.6025389,30.5,CONTINGENCY,,
557,557,EVTOL-01,EC35,31.3084301,120.5963210,199.9,BUSY,M-P-001,V2
557,557,L-UAV-01,AMZN,31.3055811,120.6009548,100.0,BUSY,M-L-001,V2
557,557,M-UAV-01,M600,31.3108767,120.6039862,30.5,AVAILABLE,,
557,557,M-UAV-02,M600,31.3062683,120.6025389,30.5,CONTINGENCY,,
558,558,EVTOL-01,EC35,31.3080674,120.5962988,199.9,BUSY,M-P-001,V2
558,558,L-UAV-01,AMZN,31.3054619,120.6008793,100.0,BUSY,M-L-001,V2
558,558,M-UAV-01,M600,31.3108767,120.6039862,30.5,AVAILABLE,,
558,558,M-UAV-02,M600,31.3062683,120.6025389,30.5,CONTINGENCY,,
559,559,EVTOL-01,EC35,31.3077047,120.5962766,199.9,BUSY,M-P-001,V2
559,559,L-UAV-01,AMZN,31.3053427,120.6008039,100.0,BUSY,M-L-001,V2
559,559,M-UAV-01,M600,31.3108767,120.6039862,30.5,AVAILABLE,,
559,559,M-UAV-02,M600,31.3062683,120.6025389,30.5,CONTINGENCY,,
560,560,EVTOL-01,EC35,31.3073420,120.5962544,199.9,BUSY,M-P-001,V2
560,560,L-UAV-01,AMZN,31.3052235,120.6007284,100.0,BUSY,M-L-001,V2
560,560,M-UAV-01,M600,31.3108767,120.6039862,30.5,AVAILABLE,,
560,560,M-UAV-02,M600,31.3062683,120.6025389,30.5,CONTINGENCY,,
561,561,EVTOL-01,EC35,31.3069793,120.5962322,199.9,BUSY,M-P-001,V2
561,561,L-UAV-01,AMZN,31.3051042,120.6006529,100.0,BUSY,M-L-001,V2
561,561,M-UAV-01,M600,31.3108767,120.6039862,30.5,AVAILABLE,,
561,561,M-UAV-02,M600,31.3062683,120.6025389,30.5,CONTINGENCY,,
562,562,EVTOL-01,EC35,31.3066166,120.5962101,199.9,BUSY,M-P-001,V2
562,562,L-UAV-01,AMZN,31.3049850,120.6005775,100.0,BUSY,M-L-001,V2
562,562,M-UAV-01,M600,31.3108767,120.6039862,30.5,AVAILABLE,,
562,562,M-UAV-02,M600,31.3062683,120.6025389,30.5,CONTINGENCY,,
563,563,EVTOL-01,EC35,31.3062539,120.5961879,199.9,BUSY,M-P-001,V2
563,563,L-UAV-01,AMZN,31.3048658,120.6005020,100.0,BUSY,M-L-001,V2
563,563,M-UAV-01,M600,31.3108767,120.6039862,30.5,AVAILABLE,,
563,563,M-UAV-02,M600,31.3062683,120.6025389,30.5,CONTINGENCY,,
564,564,EVTOL-01,EC35,31.3058912,120.5961657,199.9,BUSY,M-P-001,V2
564,564,L-UAV-01,AMZN,31.3047465,120.6004265,100.0,BUSY,M-L-001,V2
564,564,M-UAV-01,M600,31.3108767,120.6039862,30.5,AVAILABLE,,
564,564,M-UAV-02,M600,31.3062683,120.6025389,30.5,CONTINGENCY,,
565,565,EVTOL-01,EC35,31.3055285,120.5961435,199.9,BUSY,M-P-001,V2
565,565,L-UAV-01,AMZN,31.3046273,120.6003511,100.0,BUSY,M-L-001,V2
565,565,M-UAV-01,M600,31.3108767,120.6039862,30.5,AVAILABLE,,
565,565,M-UAV-02,M600,31.3062683,120.6025389,30.5,CONTINGENCY,,
566,566,EVTOL-01,EC35,31.3051658,120.5961213,199.9,BUSY,M-P-001,V2
566,566,L-UAV-01,AMZN,31.3045081,120.6002756,100.0,BUSY,M-L-001,V2
566,566,M-UAV-01,M600,31.3108767,120.6039862,30.5,AVAILABLE,,
566,566,M-UAV-02,M600,31.3062683,120.6025389,30.5,CONTINGENCY,,
567,567,EVTOL-01,EC35,31.3048031,120.5960991,199.9,BUSY,M-P-001,V2
567,567,L-UAV-01,AMZN,31.3043889,120.6002001,100.0,BUSY,M-L-001,V2
567,567,M-UAV-01,M600,31.3108767,120.6039862,30.5,AVAILABLE,,
567,567,M-UAV-02,M600,31.3062683,120.6025389,30.5,CONTINGENCY,,
568,568,EVTOL-01,EC35,31.3044404,120.5960769,199.9,BUSY,M-P-001,V2
568,568,L-UAV-01,AMZN,31.3042696,120.6001247,100.0,BUSY,M-L-001,V2
568,568,M-UAV-01,M600,31.3108767,120.6039862,30.5,AVAILABLE,,
568,568,M-UAV-02,M600,31.3062683,120.6025389,30.5,CONTINGENCY,,
569,569,EVTOL-01,EC35,31.3040778,120.5960548,199.9,BUSY,M-P-001,V2
569,569,L-UAV-01,AMZN,31.3041504,120.6000492,100.0,BUSY,M-L-001,V2
569,569,M-UAV-01,M600,31.3108767,120.6039862,30.5,AVAILABLE,,
569,569,M-UAV-02,M600,31.3062683,120.6025389,30.5,CONTINGENCY,,
570,570,EVTOL-01,EC35,31.3037151,120.5960326,199.9,BUSY,M-P-001,V2
570,570,L-UAV-01,AMZN,31.3040312,120.5999737,100.0,BUSY,M-L-001,V2
570,570,M-UAV-01,M600,31.3108767,120.6039862,30.5,AVAILABLE,,
570,570,M-UAV-02,M600,31.3062683,120.6025389,30.5,CONTINGENCY,,
571,571,EVTOL-01,EC35,31.3033524,120.5960104,199.9,BUSY,M-P-001,V2
571,571,L-UAV-01,AMZN,31.3039119,120.5998983,100.0,BUSY,M-L-001,V2
571,571,M-UAV-01,M600,31.3108767,120.6039862,30.5,AVAILABLE,,
571,571,M-UAV-02,M600,31.3062683,120.6025389,30.5,CONTINGENCY,,
572,572,EVTOL-01,EC35,31.3029897,120.5959882,199.9,BUSY,M-P-001,V2
572,572,L-UAV-01,AMZN,31.3037927,120.5998228,100.0,BUSY,M-L-001,V2
572,572,M-UAV-01,M600,31.3108767,120.6039862,30.5,AVAILABLE,,
572,572,M-UAV-02,M600,31.3062683,120.6025389,30.5,CONTINGENCY,,
573,573,EVTOL-01,EC35,31.3026270,120.5959660,199.9,BUSY,M-P-001,V2
573,573,L-UAV-01,AMZN,31.3036735,120.5997474,100.0,BUSY,M-L-001,V2
573,573,M-UAV-01,M600,31.3108767,120.6039862,30.5,AVAILABLE,,
573,573,M-UAV-02,M600,31.3062683,120.6025389,30.5,CONTINGENCY,,
574,574,EVTOL-01,EC35,31.3022643,120.5959438,199.9,BUSY,M-P-001,V2
574,574,L-UAV-01,AMZN,31.3035543,120.5996719,100.0,BUSY,M-L-001,V2
574,574,M-UAV-01,M600,31.3108767,120.6039862,30.5,AVAILABLE,,
574,574,M-UAV-02,M600,31.3062683,120.6025389,30.5,CONTINGENCY,,
575,575,EVTOL-01,EC35,31.3019016,120.5959216,199.9,BUSY,M-P-001,V2
575,575,L-UAV-01,AMZN,31.3034350,120.5995964,100.0,BUSY,M-L-001,V2
575,575,M-UAV-01,M600,31.3108767,120.6039862,30.5,AVAILABLE,,
575,575,M-UAV-02,M600,31.3062683,120.6025389,30.5,CONTINGENCY,,
576,576,EVTOL-01,EC35,31.3015389,120.5958995,199.9,BUSY,M-P-001,V2
576,576,L-UAV-01,AMZN,31.3033158,120.5995210,100.0,BUSY,M-L-001,V2
576,576,M-UAV-01,M600,31.3108767,120.6039862,30.5,AVAILABLE,,
576,576,M-UAV-02,M600,31.3062683,120.6025389,30.5,CONTINGENCY,,
577,577,EVTOL-01,EC35,31.3011762,120.5958773,199.9,BUSY,M-P-001,V2
577,577,L-UAV-01,AMZN,31.3031966,120.5994455,100.0,BUSY,M-L-001,V2
577,577,M-UAV-01,M600,31.3108767,120.6039862,30.5,AVAILABLE,,
577,577,M-UAV-02,M600,31.3062683,120.6025389,30.5,CONTINGENCY,,
578,578,EVTOL-01,EC35,31.3008135,120.5958551,199.9,BUSY,M-P-001,V2
578,578,L-UAV-01,AMZN,31.3030773,120.5993700,100.0,BUSY,M-L-001,V2
578,578,M-UAV-01,M600,31.3108767,120.6039862,30.5,AVAILABLE,,
578,578,M-UAV-02,M600,31.3062683,120.6025389,30.5,CONTINGENCY,,
579,579,EVTOL-01,EC35,31.3004508,120.5958329,199.9,BUSY,M-P-001,V2
579,579,L-UAV-01,AMZN,31.3029581,120.5992946,100.0,BUSY,M-L-001,V2
579,579,M-UAV-01,M600,31.3108767,120.6039862,30.5,AVAILABLE,,
579,579,M-UAV-02,M600,31.3062683,120.6025389,30.5,CONTINGENCY,,
580,580,EVTOL-01,EC35,31.3000881,120.5958107,199.9,BUSY,M-P-001,V2
580,580,L-UAV-01,AMZN,31.3028389,120.5992191,100.0,BUSY,M-L-001,V2
580,580,M-UAV-01,M600,31.3108767,120.6039862,30.5,AVAILABLE,,
580,580,M-UAV-02,M600,31.3062683,120.6025389,30.5,CONTINGENCY,,
581,581,EVTOL-01,EC35,31.2997254,120.5957885,199.9,BUSY,M-P-001,V2
581,581,L-UAV-01,AMZN,31.3027197,120.5991436,100.0,BUSY,M-L-001,V2
581,581,M-UAV-01,M600,31.3108767,120.6039862,30.5,AVAILABLE,,
581,581,M-UAV-02,M600,31.3062683,120.6025389,30.5,CONTINGENCY,,
582,582,EVTOL-01,EC35,31.2993627,120.5957663,199.9,BUSY,M-P-001,V2
582,582,L-UAV-01,AMZN,31.3026004,120.5990682,100.0,BUSY,M-L-001,V2
582,582,M-UAV-01,M600,31.3108767,120.6039862,30.5,AVAILABLE,,
582,582,M-UAV-02,M600,31.3062683,120.6025389,30.5,CONTINGENCY,,
583,583,EVTOL-01,EC35,31.2990000,120.5957442,199.9,BUSY,M-P-001,V2
583,583,L-UAV-01,AMZN,31.3024812,120.5989927,100.0,BUSY,M-L-001,V2
583,583,M-UAV-01,M600,31.3108767,120.6039862,30.5,AVAILABLE,,
583,583,M-UAV-02,M600,31.3062683,120.6025389,30.5,CONTINGENCY,,
584,584,EVTOL-01,EC35,31.2986373,120.5957220,199.9,BUSY,M-P-001,V2
584,584,L-UAV-01,AMZN,31.3023620,120.5989173,100.0,BUSY,M-L-001,V2
584,584,M-UAV-01,M600,31.3108767,120.6039862,30.5,AVAILABLE,,
584,584,M-UAV-02,M600,31.3062683,120.6025389,30.5,CONTINGENCY,,
585,585,EVTOL-01,EC35,31.2982746,120.5956998,199.9,BUSY,M-P-001,V2
585,585,L-UAV-01,AMZN,31.3022427,120.5988418,100.0,BUSY,M-L-001,V2
585,585,M-UAV-01,M600,31.3108767,120.6039862,30.5,AVAILABLE,,
585,585,M-UAV-02,M600,31.3062683,120.6025389,30.5,CONTINGENCY,,
586,586,EVTOL-01,EC35,31.2979119,120.5956776,199.9,BUSY,M-P-001,V1
586,586,L-UAV-01,AMZN,31.3021235,120.5987663,100.0,BUSY,M-L-001,V2
586,586,M-UAV-01,M600,31.3108767,120.6039862,30.5,AVAILABLE,,
586,586,M-UAV-02,M600,31.3062683,120.6025389,30.5,CONTINGENCY,,
587,587,EVTOL-01,EC35,31.2975494,120.5957035,199.9,BUSY,M-P-001,V1
587,587,L-UAV-01,AMZN,31.3020043,120.5986909,100.0,BUSY,M-L-001,V2
587,587,M-UAV-01,M600,31.3108767,120.6039862,30.5,AVAILABLE,,
587,587,M-UAV-02,M600,31.3062683,120.6025389,30.5,CONTINGENCY,,
588,588,EVTOL-01,EC35,31.2971917,120.5957772,199.9,BUSY,M-P-001,V1
588,588,L-UAV-01,AMZN,31.3018851,120.5986154,100.0,BUSY,M-L-001,V2
588,588,M-UAV-01,M600,31.3108767,120.6039862,30.5,AVAILABLE,,
588,588,M-UAV-02,M600,31.3062683,120.6025389,30.5,CONTINGENCY,,
589,589,EVTOL-01,EC35,31.2968434,120.5958977,199.9,BUSY,M-P-001,V1
589,589,L-UAV-01,AMZN,31.3017658,120.5985399,100.0,BUSY,M-L-001,V2
589,589,M-UAV-01,M600,31.3108767,120.6039862,30.5,AVAILABLE,,
589,589,M-UAV-02,M600,31.3062683,120.6025389,30.5,CONTINGENCY,,
590,590,EVTOL-01,EC35,31.2965090,120.5960635,199.9,BUSY,M-P-001,V1
590,590,L-UAV-01,AMZN,31.3016466,120.5984645,100.0,BUSY,M-L-001,V2
590,590,M-UAV-01,M600,31.3108767,120.6039862,30.5,AVAILABLE,,
590,590,M-UAV-02,M600,31.3062683,120.6025389,30.5,CONTINGENCY,,
591,591,EVTOL-01,EC35,31.2961928,120.5962725,199.9,BUSY,M-P-001,V1
591,591,L-UAV-01,AMZN,31.3015274,120.5983890,100.0,BUSY,M-L-001,V2
591,591,M-UAV-01,M600,31.3108767,120.6039862,30.5,AVAILABLE,,
591,591,M-UAV-02,M600,31.3062683,120.6025389,30.5,CONTINGENCY,,
592,592,EVTOL-01,EC35,31.2958987,120.5965219,199.9,BUSY,M-P-001,V1
592,592,L-UAV-01,AMZN,31.3014081,120.5983136,100.0,BUSY,M-L-001,V2
592,592,M-UAV-01,M600,31.3108767,120.6039862,30.5,AVAILABLE,,
592,592,M-UAV-02,M600,31.3062683,120.6025389,30.5,CONTINGENCY,,
593,593,EVTOL-01,EC35,31.2956306,120.5968087,199.9,BUSY,M-P-001,V1
593,593,L-UAV-01,AMZN,31.3012889,120.5982381,100.0,BUSY,M-L-001,V2
593,593,M-UAV-01,M600,31.3108767,120.6039862,30.5,AVAILABLE,,
593,593,M-UAV-02,M600,31.3062683,120.6025389,30.5,CONTINGENCY,,
594,594,EVTOL-01,EC35,31.2953919,120.5971290,199.9,BUSY,M-P-001,V1
594,594,L-UAV-01,AMZN,31.3011697,120.5981626,100.0,BUSY,M-L-001,V2
594,594,M-UAV-01,M600,31.3108767,120.6039862,30.5,AVAILABLE,,
594,594,M-UAV-02,M600,31.3062683,120.6025389,30.5,CONTINGENCY,,
595,595,EVTOL-01,EC35,31.2951856,120.5974788,199.9,BUSY,M-P-001,V1
595,595,L-UAV-01,AMZN,31.3010504,120.5980872,100.0,BUSY,M-L-001,V2
595,595,M-UAV-01,M600,31.3108767,120.6039862,30.5,AVAILABLE,,
595,595,M-UAV-02,M600,31.3062683,120.6025389,30.5,CONTINGENCY,,
596,596,EVTOL-01,EC35,31.2950145,120.5978537,199.9,BUSY,M-P-001,V1
596,596,L-UAV-01,AMZN,31.3009312,120.5980117,100.0,BUSY,M-L-001,V2
596,596,M-UAV-01,M600,31.3108767,120.6039862,30.5,AVAILABLE,,
596,596,M-UAV-02,M600,31.3062683,120.6025389,30.5,CONTINGENCY,,
597,597,EVTOL-01,EC35,31.2948806,120.5982488,199.9,BUSY,M-P-001,V1
597,597,L-UAV-01,AMZN,31.3008120,120.5979363,100.0,BUSY,M-L-001,V2
597,597,M-UAV-01,M600,31.3108767,120.6039862,30.5,AVAILABLE,,
597,597,M-UAV-02,M600,31.3062683,120.6025389,30.5,CONTINGENCY,,
598,598,EVTOL-01,EC35,31.2947858,120.5986591,199.9,BUSY,M-P-001,V1
598,598,L-UAV-01,AMZN,31.3006928,120.5978608,100.0,BUSY,M-L-001,V2
598,598,M-UAV-01,M600,31.3108767,120.6039862,30.5,AVAILABLE,,
598,598,M-UAV-02,M600,31.3062683,120.6025389,30.5,CONTINGENCY,,
599,599,EVTOL-01,EC35,31.2947312,120.5990793,199.9,BUSY,M-P-001,V1
599,599,L-UAV-01,AMZN,31.3005735,120.5977853,100.0,BUSY,M-L-001,V2
599,599,M-UAV-01,M600,31.3108767,120.6039862,30.5,AVAILABLE,,
599,599,M-UAV-02,M600,31.3062683,120.6025389,30.5,CONTINGENCY,,
600,600,EVTOL-01,EC35,31.2947175,120.5995040,199.9,BUSY,M-P-001,V1
600,600,L-UAV-01,AMZN,31.3004543,120.5977099,100.0,BUSY,M-L-001,V2
600,600,M-UAV-01,M600,31.3108767,120.6039862,30.5,AVAILABLE,,
600,600,M-UAV-02,M600,31.3062683,120.6025389,30.5,CONTINGENCY,,
601,601,EVTOL-01,EC35,31.2947448,120.5999279,199.9,BUSY,M-P-001,V1
601,601,L-UAV-01,AMZN,31.3003351,120.5976344,100.0,BUSY,M-L-001,V2
601,601,M-UAV-01,M600,31.3108767,120.6039862,30.5,AVAILABLE,,
601,601,M-UAV-02,M600,31.3062683,120.6025389,30.5,CONTINGENCY,,
602,602,EVTOL-01,EC35,31.2948130,120.6003453,199.9,BUSY,M-P-001,V1
602,602,L-UAV-01,AMZN,31.3002158,120.5975590,100.0,BUSY,M-L-001,V2
602,602,M-UAV-01,M600,31.3108767,120.6039862,30.5,AVAILABLE,,
602,602,M-UAV-02,M600,31.3062683,120.6025389,30.5,CONTINGENCY,,
603,603,EVTOL-01,EC35,31.2949210,120.6007511,199.9,BUSY,M-P-001,V1
603,603,L-UAV-01,AMZN,31.3000966,120.5974835,100.0,BUSY,M-L-001,V2
603,603,M-UAV-01,M600,31.3108767,120.6039862,30.5,AVAILABLE,,
603,603,M-UAV-02,M600,31.3062683,120.6025389,30.5,CONTINGENCY,,
604,604,EVTOL-01,EC35,31.2950675,120.6011401,199.9,BUSY,M-P-001,V1
604,604,L-UAV-01,AMZN,31.2999774,120.5974080,100.0,BUSY,M-L-001,V2
604,604,M-UAV-01,M600,31.3108767,120.6039862,30.5,AVAILABLE,,
604,604,M-UAV-02,M600,31.3062683,120.6025389,30.5,CONTINGENCY,,
605,605,EVTOL-01,EC35,31.2952506,120.6015071,199.9,BUSY,M-P-001,V1
605,605,L-UAV-01,AMZN,31.2998582,120.5973326,100.0,BUSY,M-L-001,V2
605,605,M-UAV-01,M600,31.3108767,120.6039862,30.5,AVAILABLE,,
605,605,M-UAV-02,M600,31.3062683,120.6025389,30.5,CONTINGENCY,,
606,606,EVTOL-01,EC35,31.2954680,120.6018476,199.9,BUSY,M-P-001,V1
606,606,L-UAV-01,AMZN,31.2997389,120.5972571,100.0,BUSY,M-L-001,V2
606,606,M-UAV-01,M600,31.3108767,120.6039862,30.5,AVAILABLE,,
606,606,M-UAV-02,M600,31.3062683,120.6025389,30.5,CONTINGENCY,,
607,607,EVTOL-01,EC35,31.2957168,120.6021572,199.9,BUSY,M-P-001,V1
607,607,L-UAV-01,AMZN,31.2996197,120.5971817,100.0,BUSY,M-L-001,V2
607,607,M-UAV-01,M600,31.3108767,120.6039862,30.5,AVAILABLE,,
607,607,M-UAV-02,M600,31.3062683,120.6025389,30.5,CONTINGENCY,,
608,608,EVTOL-01,EC35,31.2959940,120.6024319,199.9,BUSY,M-P-001,V1
608,608,L-UAV-01,AMZN,31.2995005,120.5971062,100.0,BUSY,M-L-001,V2
608,608,M-UAV-01,M600,31.3108767,120.6039862,30.5,AVAILABLE,,
608,608,M-UAV-02,M600,31.3062683,120.6025389,30.5,CONTINGENCY,,
609,609,EVTOL-01,EC35,31.2962959,120.6026682,199.9,BUSY,M-P-001,V1
609,609,L-UAV-01,AMZN,31.2993812,120.5970307,100.0,BUSY,M-L-001,V2
609,609,M-UAV-01,M600,31.3108767,120.6039862,30.5,AVAILABLE,,
609,609,M-UAV-02,M600,31.3062683,120.6025389,30.5,CONTINGENCY,,
610,610,EVTOL-01,EC35,31.2966187,120.6028630,199.9,BUSY,M-P-001,V1
610,610,L-UAV-01,AMZN,31.2992620,120.5969553,100.0,BUSY,M-L-001,V2
610,610,M-UAV-01,M600,31.3108767,120.6039862,30.5,AVAILABLE,,
610,610,M-UAV-02,M600,31.3062683,120.6025389,30.5,CONTINGENCY,,
611,611,EVTOL-01,EC35,31.2969582,120.6030139,199.9,BUSY,M-P-001,V1
611,611,L-UAV-01,AMZN,31.2991428,120.5968798,100.0,BUSY,M-L-001,V2
611,611,M-UAV-01,M600,31.3108767,120.6039862,30.5,AVAILABLE,,
611,611,M-UAV-02,M600,31.3062683,120.6025389,30.5,CONTINGENCY,,
612,612,EVTOL-01,EC35,31.2973101,120.6031190,199.9,BUSY,M-P-001,V1
612,612,L-UAV-01,AMZN,31.2990235,120.5968044,100.0,BUSY,M-L-001,V2
612,612,M-UAV-01,M600,31.3108767,120.6039862,30.5,AVAILABLE,,
612,612,M-UAV-02,M600,31.3062683,120.6025389,30.5,CONTINGENCY,,
613,613,EVTOL-01,EC35,31.2976699,120.6031768,199.9,BUSY,M-P-001,V1
613,613,L-UAV-01,AMZN,31.2989043,120.5967289,100.0,BUSY,M-L-001,V2
613,613,M-UAV-01,M600,31.3108767,120.6039862,30.5,AVAILABLE,,
613,613,M-UAV-02,M600,31.3062683,120.6025389,30.5,CONTINGENCY,,
614,614,EVTOL-01,EC35,31.2980326,120.6031990,199.9,BUSY,M-P-001,V1
614,614,L-UAV-01,AMZN,31.2987851,120.5966535,100.0,BUSY,M-L-001,V2
614,614,M-UAV-01,M600,31.3108767,120.6039862,30.5,AVAILABLE,,
614,614,M-UAV-02,M600,31.3062683,120.6025389,30.5,CONTINGENCY,,
615,615,EVTOL-01,EC35,31.2983953,120.6032213,199.9,BUSY,M-P-001,V1
615,615,L-UAV-01,AMZN,31.2986658,120.5965780,100.0,BUSY,M-L-001,V2
615,615,M-UAV-01,M600,31.3108767,120.6039862,30.5,AVAILABLE,,
615,615,M-UAV-02,M600,31.3062683,120.6025389,30.5,CONTINGENCY,,
616,616,EVTOL-01,EC35,31.2987580,120.6032435,199.9,BUSY,M-P-001,V1
616,616,L-UAV-01,AMZN,31.2985466,120.5965025,100.0,BUSY,M-L-001,V2
616,616,M-UAV-01,M600,31.3108767,120.6039862,30.5,AVAILABLE,,
616,616,M-UAV-02,M600,31.3062683,120.6025389,30.5,CONTINGENCY,,
617,617,EVTOL-01,EC35,31.2991207,120.6032657,199.9,BUSY,M-P-001,V1
617,617,L-UAV-01,AMZN,31.2984274,120.5964271,100.0,BUSY,M-L-001,V2
617,617,M-UAV-01,M600,31.3108767,120.6039862,30.5,AVAILABLE,,
617,617,M-UAV-02,M600,31.3062683,120.6025389,30.5,CONTINGENCY,,
618,618,EVTOL-01,EC35,31.2994834,120.6032879,199.9,BUSY,M-P-001,V1
618,618,L-UAV-01,AMZN,31.2983082,120.5963516,100.0,BUSY,M-L-001,V2
618,618,M-UAV-01,M600,31.3108767,120.6039862,30.5,AVAILABLE,,
618,618,M-UAV-02,M600,31.3062683,120.6025389,30.5,CONTINGENCY,,
619,619,EVTOL-01,EC35,31.2998461,120.6033102,199.9,BUSY,M-P-001,V1
619,619,L-UAV-01,AMZN,31.2981889,120.5962762,100.0,BUSY,M-L-001,V2
619,619,M-UAV-01,M600,31.3108767,120.6039862,30.5,AVAILABLE,,
619,619,M-UAV-02,M600,31.3062683,120.6025389,30.5,CONTINGENCY,,
620,620,EVTOL-01,EC35,31.3002088,120.6033324,199.9,BUSY,M-P-001,V1
620,620,L-UAV-01,AMZN,31.2980697,120.5962007,100.0,BUSY,M-L-001,V2
620,620,M-UAV-01,M600,31.3108767,120.6039862,30.5,AVAILABLE,,
620,620,M-UAV-02,M600,31.3062683,120.6025389,30.5,CONTINGENCY,,
621,621,EVTOL-01,EC35,31.3005715,120.6033546,199.9,BUSY,M-P-001,V1
621,621,L-UAV-01,AMZN,31.2979505,120.5961253,100.0,BUSY,M-L-001,V3
621,621,M-UAV-01,M600,31.3108767,120.6039862,30.5,AVAILABLE,,
621,621,M-UAV-02,M600,31.3062683,120.6025389,30.5,CONTINGENCY,,
622,622,EVTOL-01,EC35,31.3009342,120.6033768,199.9,BUSY,M-P-001,V1
622,622,L-UAV-01,AMZN,31.2978174,120.5960949,100.0,BUSY,M-L-001,V3
622,622,M-UAV-01,M600,31.3108767,120.6039862,30.5,AVAILABLE,,
622,622,M-UAV-02,M600,31.3062683,120.6025389,30.5,CONTINGENCY,,
623,623,EVTOL-01,EC35,31.3012969,120.6033991,199.9,BUSY,M-P-001,V1
623,623,L-UAV-01,AMZN,31.2976827,120.5961125,100.0,BUSY,M-L-001,V3
623,623,M-UAV-01,M600,31.3108767,120.6039862,30.5,AVAILABLE,,
623,623,M-UAV-02,M600,31.3062683,120.6025389,30.5,CONTINGENCY,,
624,624,EVTOL-01,EC35,31.3016596,120.6034213,199.9,BUSY,M-P-001,V1
624,624,L-UAV-01,AMZN,31.2975586,120.5961764,100.0,BUSY,M-L-001,V3
624,624,M-UAV-01,M600,31.3108767,120.6039862,30.5,AVAILABLE,,
624,624,M-UAV-02,M600,31.3062683,120.6025389,30.5,CONTINGENCY,,
625,625,EVTOL-01,EC35,31.3020223,120.6034435,199.9,BUSY,M-P-001,V1
625,625,L-UAV-01,AMZN,31.2974565,120.5962808,100.0,BUSY,M-L-001,V3
625,625,M-UAV-01,M600,31.3108767,120.6039862,30.5,AVAILABLE,,
625,625,M-UAV-02,M600,31.3062683,120.6025389,30.5,CONTINGENCY,,
626,626,EVTOL-01,EC35,31.3023850,120.6034657,199.9,BUSY,M-P-001,V1
626,626,L-UAV-01,AMZN,31.2973857,120.5964160,100.0,BUSY,M-L-001,V3
626,626,M-UAV-01,M600,31.3108767,120.6039862,30.5,AVAILABLE,,
626,626,M-UAV-02,M600,31.3062683,120.6025389,30.5,CONTINGENCY,,
627,627,EVTOL-01,EC35,31.3027476,120.6034880,199.9,BUSY,M-P-001,V1
627,627,L-UAV-01,AMZN,31.2973527,120.5965699,100.0,BUSY,M-L-001,V3
627,627,M-UAV-01,M600,31.3108767,120.6039862,30.5,AVAILABLE,,
627,627,M-UAV-02,M600,31.3062683,120.6025389,30.5,CONTINGENCY,,
628,628,EVTOL-01,EC35,31.3031103,120.6035102,199.9,BUSY,M-P-001,V1
628,628,L-UAV-01,AMZN,31.2973605,120.5967283,100.0,BUSY,M-L-001,V3
628,628,M-UAV-01,M600,31.3108767,120.6039862,30.5,AVAILABLE,,
628,628,M-UAV-02,M600,31.3062683,120.6025389,30.5,CONTINGENCY,,
629,629,EVTOL-01,EC35,31.3034730,120.6035324,199.9,BUSY,M-P-001,V1
629,629,L-UAV-01,AMZN,31.2974083,120.5968767,100.0,BUSY,M-L-001,V3
629,629,M-UAV-01,M600,31.3108767,120.6039862,30.5,AVAILABLE,,
629,629,M-UAV-02,M600,31.3062683,120.6025389,30.5,CONTINGENCY,,
630,630,EVTOL-01,EC35,31.3038357,120.6035546,199.9,BUSY,M-P-001,V1
630,630,L-UAV-01,AMZN,31.2974919,120.5970016,100.0,BUSY,M-L-001,V3
630,630,M-UAV-01,M600,31.3108767,120.6039862,30.5,AVAILABLE,,
630,630,M-UAV-02,M600,31.3062683,120.6025389,30.5,CONTINGENCY,,
631,631,EVTOL-01,EC35,31.3041984,120.6035769,199.9,BUSY,M-P-001,V1
631,631,L-UAV-01,AMZN,31.2976035,120.5970916,100.0,BUSY,M-L-001,V3
631,631,M-UAV-01,M600,31.3108767,120.6039862,30.5,AVAILABLE,,
631,631,M-UAV-02,M600,31.3062683,120.6025389,30.5,CONTINGENCY,,
632,632,EVTOL-01,EC35,31.3045611,120.6035991,199.9,BUSY,M-P-001,V1
632,632,L-UAV-01,AMZN,31.2977227,120.5971671,100.0,BUSY,M-L-001,V3
632,632,M-UAV-01,M600,31.3108767,120.6039862,30.5,AVAILABLE,,
632,632,M-UAV-02,M600,31.3062683,120.6025389,30.5,CONTINGENCY,,
633,633,EVTOL-01,EC35,31.3049238,120.6036213,199.9,BUSY,M-P-001,V1
633,633,L-UAV-01,AMZN,31.2978419,120.5972425,100.0,BUSY,M-L-001,V3
633,633,M-UAV-01,M600,31.3108767,120.6039862,30.5,AVAILABLE,,
633,633,M-UAV-02,M600,31.3062683,120.6025389,30.5,CONTINGENCY,,
634,634,EVTOL-01,EC35,31.3052865,120.6036435,199.9,BUSY,M-P-001,V1
634,634,L-UAV-01,AMZN,31.2979612,120.5973180,100.0,BUSY,M-L-001,V3
634,634,M-UAV-01,M600,31.3108767,120.6039862,30.5,AVAILABLE,,
634,634,M-UAV-02,M600,31.3062683,120.6025389,30.5,CONTINGENCY,,
635,635,EVTOL-01,EC35,31.3056492,120.6036658,199.9,BUSY,M-P-001,V1
635,635,L-UAV-01,AMZN,31.2980804,120.5973934,100.0,BUSY,M-L-001,V3
635,635,M-UAV-01,M600,31.3108767,120.6039862,30.5,AVAILABLE,,
635,635,M-UAV-02,M600,31.3062683,120.6025389,30.5,CONTINGENCY,,
636,636,EVTOL-01,EC35,31.3060119,120.6036880,199.9,BUSY,M-P-001,V1
636,636,L-UAV-01,AMZN,31.2981996,120.5974689,100.0,BUSY,M-L-001,V3
636,636,M-UAV-01,M600,31.3108767,120.6039862,30.5,AVAILABLE,,
636,636,M-UAV-02,M600,31.3062683,120.6025389,30.5,CONTINGENCY,,
637,637,EVTOL-01,EC35,31.3063746,120.6037102,199.9,BUSY,M-P-001,V1
637,637,L-UAV-01,AMZN,31.2983189,120.5975443,100.0,BUSY,M-L-001,V3
637,637,M-UAV-01,M600,31.3108767,120.6039862,30.5,AVAILABLE,,
637,637,M-UAV-02,M600,31.3062683,120.6025389,30.5,CONTINGENCY,,
638,638,EVTOL-01,EC35,31.3067373,120.6037325,199.9,BUSY,M-P-001,V1
638,638,L-UAV-01,AMZN,31.2984381,120.5976198,100.0,BUSY,M-L-001,V3
638,638,M-UAV-01,M600,31.3108767,120.6039862,30.5,AVAILABLE,,
638,638,M-UAV-02,M600,31.3062683,120.6025389,30.5,CONTINGENCY,,
639,639,EVTOL-01,EC35,31.3071000,120.6037547,199.9,BUSY,M-P-001,V1
639,639,L-UAV-01,AMZN,31.2985573,120.5976953,100.0,BUSY,M-L-001,V3
639,639,M-UAV-01,M600,31.3108767,120.6039862,30.5,AVAILABLE,,
639,639,M-UAV-02,M600,31.3062683,120.6025389,30.5,CONTINGENCY,,
640,640,EVTOL-01,EC35,31.3074627,120.6037769,199.9,BUSY,M-P-001,V1
640,640,L-UAV-01,AMZN,31.2986766,120.5977707,100.0,BUSY,M-L-001,V3
640,640,M-UAV-01,M600,31.3108767,120.6039862,30.5,AVAILABLE,,
640,640,M-UAV-02,M600,31.3062683,120.6025389,30.5,CONTINGENCY,,
641,641,EVTOL-01,EC35,31.3078254,120.6037991,199.9,BUSY,M-P-001,V1
641,641,L-UAV-01,AMZN,31.2987958,120.5978462,100.0,BUSY,M-L-001,V3
641,641,M-UAV-01,M600,31.3108767,120.6039862,30.5,AVAILABLE,,
641,641,M-UAV-02,M600,31.3062683,120.6025389,30.5,CONTINGENCY,,
642,642,EVTOL-01,EC35,31.3081881,120.6038214,199.9,BUSY,M-P-001,V1
642,642,L-UAV-01,AMZN,31.2989150,120.5979216,100.0,BUSY,M-L-001,V3
642,642,M-UAV-01,M600,31.3108767,120.6039862,30.5,AVAILABLE,,
642,642,M-UAV-02,M600,31.3062683,120.6025389,30.5,CONTINGENCY,,
643,643,EVTOL-01,EC35,31.3085507,120.6038436,199.9,BUSY,M-P-001,V1
643,643,L-UAV-01,AMZN,31.2990342,120.5979971,100.0,BUSY,M-L-001,V3
643,643,M-UAV-01,M600,31.3108767,120.6039862,30.5,AVAILABLE,,
643,643,M-UAV-02,M600,31.3062683,120.6025389,30.5,CONTINGENCY,,
644,644,EVTOL-01,EC35,31.3089134,120.6038658,199.9,BUSY,M-P-001,V1
644,644,L-UAV-01,AMZN,31.2991535,120.5980725,100.0,BUSY,M-L-001,V3
644,644,M-UAV-01,M600,31.3108767,120.6039862,30.5,AVAILABLE,,
644,644,M-UAV-02,M600,31.3062683,120.6025389,30.5,CONTINGENCY,,
645,645,EVTOL-01,EC35,31.3092761,120.6038881,199.9,BUSY,M-P-001,V1
645,645,L-UAV-01,AMZN,31.2992727,120.5981480,100.0,BUSY,M-L-001,V3
645,645,M-UAV-01,M600,31.3108767,120.6039862,30.5,AVAILABLE,,
645,645,M-UAV-02,M600,31.3062683,120.6025389,30.5,CONTINGENCY,,
646,646,EVTOL-01,EC35,31.3096388,120.6039103,199.9,BUSY,M-P-001,V1
646,646,L-UAV-01,AMZN,31.2993919,120.5982235,100.0,BUSY,M-L-001,V3
646,646,M-UAV-01,M600,31.3108767,120.6039862,30.5,AVAILABLE,,
646,646,M-UAV-02,M600,31.3062683,120.6025389,30.5,CONTINGENCY,,
647,647,EVTOL-01,EC35,31.3100015,120.6039325,199.9,BUSY,M-P-001,V2
647,647,L-UAV-01,AMZN,31.2995112,120.5982989,100.0,BUSY,M-L-001,V3
647,647,M-UAV-01,M600,31.3108767,120.6039862,30.5,AVAILABLE,,
647,647,M-UAV-02,M600,31.3062683,120.6025389,30.5,CONTINGENCY,,
648,648,EVTOL-01,EC35,31.3103640,120.6039066,199.9,BUSY,M-P-001,V2
648,648,L-UAV-01,AMZN,31.2996304,120.5983744,100.0,BUSY,M-L-001,V3
648,648,M-UAV-01,M600,31.3108767,120.6039862,30.5,AVAILABLE,,
648,648,M-UAV-02,M600,31.3062683,120.6025389,30.5,CONTINGENCY,,
649,649,EVTOL-01,EC35,31.3107217,120.6038330,199.9,BUSY,M-P-001,V2
649,649,L-UAV-01,AMZN,31.2997496,120.5984498,100.0,BUSY,M-L-001,V3
649,649,M-UAV-01,M600,31.3108767,120.6039862,30.5,AVAILABLE,,
649,649,M-UAV-02,M600,31.3062683,120.6025389,30.5,CONTINGENCY,,
650,650,EVTOL-01,EC35,31.3110700,120.6037125,199.9,BUSY,M-P-001,V2
650,650,L-UAV-01,AMZN,31.2998689,120.5985253,100.0,BUSY,M-L-001,V3
650,650,M-UAV-01,M600,31.3108767,120.6039862,30.5,AVAILABLE,,
650,650,M-UAV-02,M600,31.3062683,120.6025389,30.5,CONTINGENCY,,
651,651,EVTOL-01,EC35,31.3114045,120.6035467,199.9,BUSY,M-P-001,V2
651,651,L-UAV-01,AMZN,31.2999881,120.5986008,100.0,BUSY,M-L-001,V3
651,651,M-UAV-01,M600,31.3108767,120.6039862,30.5,AVAILABLE,,
651,651,M-UAV-02,M600,31.3062683,120.6025389,30.5,CONTINGENCY,,
652,652,EVTOL-01,EC35,31.3117207,120.6033377,199.9,BUSY,M-P-001,V2
652,652,L-UAV-01,AMZN,31.3001073,120.5986762,100.0,BUSY,M-L-001,V3
652,652,M-UAV-01,M600,31.3108767,120.6039862,30.5,AVAILABLE,,
652,652,M-UAV-02,M600,31.3062683,120.6025389,30.5,CONTINGENCY,,
653,653,EVTOL-01,EC35,31.3120148,120.6030883,199.9,BUSY,M-P-001,V2
653,653,L-UAV-01,AMZN,31.3002265,120.5987517,100.0,BUSY,M-L-001,V3
653,653,M-UAV-01,M600,31.3108767,120.6039862,30.5,AVAILABLE,,
653,653,M-UAV-02,M600,31.3062683,120.6025389,30.5,CONTINGENCY,,
654,654,EVTOL-01,EC35,31.3122830,120.6028016,199.9,BUSY,M-P-001,V2
654,654,L-UAV-01,AMZN,31.3003458,120.5988272,100.0,BUSY,M-L-001,V3
654,654,M-UAV-01,M600,31.3108767,120.6039862,30.5,AVAILABLE,,
654,654,M-UAV-02,M600,31.3062683,120.6025389,30.5,CONTINGENCY,,
655,655,EVTOL-01,EC35,31.3125217,120.6024812,199.9,BUSY,M-P-001,V2
655,655,L-UAV-01,AMZN,31.3004650,120.5989026,100.0,BUSY,M-L-001,V3
655,655,M-UAV-01,M600,31.3108767,120.6039862,30.5,AVAILABLE,,
655,655,M-UAV-02,M600,31.3062683,120.6025389,30.5,CONTINGENCY,,
656,656,EVTOL-01,EC35,31.3127280,120.6021313,199.9,BUSY,M-P-001,V2
656,656,L-UAV-01,AMZN,31.3005842,120.5989781,100.0,BUSY,M-L-001,V3
656,656,M-UAV-01,M600,31.3108767,120.6039862,30.5,AVAILABLE,,
656,656,M-UAV-02,M600,31.3062683,120.6025389,30.5,CONTINGENCY,,
657,657,EVTOL-01,EC35,31.3128991,120.6017564,199.9,BUSY,M-P-001,V2
657,657,L-UAV-01,AMZN,31.3007035,120.5990535,100.0,BUSY,M-L-001,V3
657,657,M-UAV-01,M600,31.3108767,120.6039862,30.5,AVAILABLE,,
657,657,M-UAV-02,M600,31.3062683,120.6025389,30.5,CONTINGENCY,,
658,658,EVTOL-01,EC35,31.3130330,120.6013612,199.9,BUSY,M-P-001,V2
658,658,L-UAV-01,AMZN,31.3008227,120.5991290,100.0,BUSY,M-L-001,V3
658,658,M-UAV-01,M600,31.3108767,120.6039862,30.5,AVAILABLE,,
658,658,M-UAV-02,M600,31.3062683,120.6025389,30.5,CONTINGENCY,,
659,659,EVTOL-01,EC35,31.3131279,120.6009508,199.9,BUSY,M-P-001,V2
659,659,L-UAV-01,AMZN,31.3009419,120.5992045,100.0,BUSY,M-L-001,V3
659,659,M-UAV-01,M600,31.3108767,120.6039862,30.5,AVAILABLE,,
659,659,M-UAV-02,M600,31.3062683,120.6025389,30.5,CONTINGENCY,,
660,660,EVTOL-01,EC35,31.3131826,120.6005306,199.9,BUSY,M-P-001,V2
660,660,L-UAV-01,AMZN,31.3010611,120.5992799,100.0,BUSY,M-L-001,V3
660,660,M-UAV-01,M600,31.3108767,120.6039862,30.5,AVAILABLE,,
660,660,M-UAV-02,M600,31.3062683,120.6025389,30.5,CONTINGENCY,,
661,661,EVTOL-01,EC35,31.3131963,120.6001058,199.9,BUSY,M-P-001,V2
661,661,L-UAV-01,AMZN,31.3011804,120.5993554,100.0,BUSY,M-L-001,V3
661,661,M-UAV-01,M600,31.3108767,120.6039862,30.5,AVAILABLE,,
661,661,M-UAV-02,M600,31.3062683,120.6025389,30.5,CONTINGENCY,,
662,662,EVTOL-01,EC35,31.3131690,120.5996818,199.9,BUSY,M-P-001,V2
662,662,L-UAV-01,AMZN,31.3012996,120.5994308,100.0,BUSY,M-L-001,V3
662,662,M-UAV-01,M600,31.3108767,120.6039862,30.5,AVAILABLE,,
662,662,M-UAV-02,M600,31.3062683,120.6025389,30.5,CONTINGENCY,,
663,663,EVTOL-01,EC35,31.3131009,120.5992643,199.9,BUSY,M-P-001,V2
663,663,L-UAV-01,AMZN,31.3014188,120.5995063,100.0,BUSY,M-L-001,V3
663,663,M-UAV-01,M600,31.3108767,120.6039862,30.5,AVAILABLE,,
663,663,M-UAV-02,M600,31.3062683,120.6025389,30.5,CONTINGENCY,,
664,664,EVTOL-01,EC35,31.3129929,120.5988584,199.9,BUSY,M-P-001,V2
664,664,L-UAV-01,AMZN,31.3015381,120.5995818,100.0,BUSY,M-L-001,V3
664,664,M-UAV-01,M600,31.3108767,120.6039862,30.5,AVAILABLE,,
664,664,M-UAV-02,M600,31.3062683,120.6025389,30.5,CONTINGENCY,,
665,665,EVTOL-01,EC35,31.3128464,120.5984694,199.9,BUSY,M-P-001,V2
665,665,L-UAV-01,AMZN,31.3016573,120.5996572,100.0,BUSY,M-L-001,V3
665,665,M-UAV-01,M600,31.3108767,120.6039862,30.5,AVAILABLE,,
665,665,M-UAV-02,M600,31.3062683,120.6025389,30.5,CONTINGENCY,,
666,666,EVTOL-01,EC35,31.3126634,120.5981022,199.9,BUSY,M-P-001,V2
666,666,L-UAV-01,AMZN,31.3017765,120.5997327,100.0,BUSY,M-L-001,V3
666,666,M-UAV-01,M600,31.3108767,120.6039862,30.5,AVAILABLE,,
666,666,M-UAV-02,M600,31.3062683,120.6025389,30.5,CONTINGENCY,,
667,667,EVTOL-01,EC35,31.3124460,120.5977616,199.9,BUSY,M-P-001,V2
667,667,L-UAV-01,AMZN,31.3018957,120.5998082,100.0,BUSY,M-L-001,V3
667,667,M-UAV-01,M600,31.3108767,120.6039862,30.5,AVAILABLE,,
667,667,M-UAV-02,M600,31.3062683,120.6025389,30.5,CONTINGENCY,,
668,668,EVTOL-01,EC35,31.3121972,120.5974520,199.9,BUSY,M-P-001,V2
668,668,L-UAV-01,AMZN,31.3020150,120.5998836,100.0,BUSY,M-L-001,V3
668,668,M-UAV-01,M600,31.3108767,120.6039862,30.5,AVAILABLE,,
668,668,M-UAV-02,M600,31.3062683,120.6025389,30.5,CONTINGENCY,,
669,669,EVTOL-01,EC35,31.3119200,120.5971772,199.9,BUSY,M-P-001,V2
669,669,L-UAV-01,AMZN,31.3021342,120.5999591,100.0,BUSY,M-L-001,V3
669,669,M-UAV-01,M600,31.3108767,120.6039862,30.5,AVAILABLE,,
669,669,M-UAV-02,M600,31.3062683,120.6025389,30.5,CONTINGENCY,,
670,670,EVTOL-01,EC35,31.3116182,120.5969409,199.9,BUSY,M-P-001,V2
670,670,L-UAV-01,AMZN,31.3022534,120.6000346,100.0,BUSY,M-L-001,V3
670,670,M-UAV-01,M600,31.3108767,120.6039862,30.5,AVAILABLE,,
670,670,M-UAV-02,M600,31.3062683,120.6025389,30.5,CONTINGENCY,,
671,671,EVTOL-01,EC35,31.3112954,120.5967460,199.9,BUSY,M-P-001,V2
671,671,L-UAV-01,AMZN,31.3023727,120.6001100,100.0,BUSY,M-L-001,V3
671,671,M-UAV-01,M600,31.3108767,120.6039862,30.5,AVAILABLE,,
671,671,M-UAV-02,M600,31.3062683,120.6025389,30.5,CONTINGENCY,,
672,672,EVTOL-01,EC35,31.3109559,120.5965950,199.9,BUSY,M-P-001,V2
672,672,L-UAV-01,AMZN,31.3024919,120.6001855,100.0,BUSY,M-L-001,V3
672,672,M-UAV-01,M600,31.3108767,120.6039862,30.5,AVAILABLE,,
672,672,M-UAV-02,M600,31.3062683,120.6025389,30.5,CONTINGENCY,,
673,673,EVTOL-01,EC35,31.3106040,120.5964899,199.9,BUSY,M-P-001,V2
673,673,L-UAV-01,AMZN,31.3026111,120.6002609,100.0,BUSY,M-L-001,V3
673,673,M-UAV-01,M600,31.3108767,120.6039862,30.5,AVAILABLE,,
673,673,M-UAV-02,M600,31.3062683,120.6025389,30.5,CONTINGENCY,,
674,674,EVTOL-01,EC35,31.3102442,120.5964320,199.9,BUSY,M-P-001,V2
674,674,L-UAV-01,AMZN,31.3027303,120.6003364,100.0,BUSY,M-L-001,V3
674,674,M-UAV-01,M600,31.3108767,120.6039862,30.5,AVAILABLE,,
674,674,M-UAV-02,M600,31.3062683,120.6025389,30.5,CONTINGENCY,,
675,675,EVTOL-01,EC35,31.3098815,120.5964098,199.9,BUSY,M-P-001,V2
675,675,L-UAV-01,AMZN,31.3028496,120.6004119,100.0,BUSY,M-L-001,V3
675,675,M-UAV-01,M600,31.3108767,120.6039862,30.5,AVAILABLE,,
675,675,M-UAV-02,M600,31.3062683,120.6025389,30.5,CONTINGENCY,,
676,676,EVTOL-01,EC35,31.3095188,120.5963876,199.9,BUSY,M-P-001,V2
676,676,L-UAV-01,AMZN,31.3029688,120.6004873,100.0,BUSY,M-L-001,V3
676,676,M-UAV-01,M600,31.3108767,120.6039862,30.5,AVAILABLE,,
676,676,M-UAV-02,M600,31.3062683,120.6025389,30.5,CONTINGENCY,,
677,677,EVTOL-01,EC35,31.3091561,120.5963654,199.9,BUSY,M-P-001,V2
677,677,L-UAV-01,AMZN,31.3030880,120.6005628,100.0,BUSY,M-L-001,V3
677,677,M-UAV-01,M600,31.3108767,120.6039862,30.5,AVAILABLE,,
677,677,M-UAV-02,M600,31.3062683,120.6025389,30.5,CONTINGENCY,,
678,678,EVTOL-01,EC35,31.3087934,120.5963432,199.9,BUSY,M-P-001,V2
678,678,L-UAV-01,AMZN,31.3032073,120.6006383,100.0,BUSY,M-L-001,V3
678,678,M-UAV-01,M600,31.3108767,120.6039862,30.5,AVAILABLE,,
678,678,M-UAV-02,M600,31.3062683,120.6025389,30.5,CONTINGENCY,,
679,679,EVTOL-01,EC35,31.3084307,120.5963210,199.9,BUSY,M-P-001,V2
679,679,L-UAV-01,AMZN,31.3033265,120.6007137,100.0,BUSY,M-L-001,V3
679,679,M-UAV-01,M600,31.3108767,120.6039862,30.5,AVAILABLE,,
679,679,M-UAV-02,M600,31.3062683,120.6025389,30.5,CONTINGENCY,,
680,680,EVTOL-01,EC35,31.3080680,120.5962988,199.9,BUSY,M-P-001,V2
680,680,L-UAV-01,AMZN,31.3034457,120.6007892,100.0,BUSY,M-L-001,V3
680,680,M-UAV-01,M600,31.3108767,120.6039862,30.5,AVAILABLE,,
680,680,M-UAV-02,M600,31.3062683,120.6025389,30.5,CONTINGENCY,,
681,681,EVTOL-01,EC35,31.3077053,120.5962767,199.9,BUSY,M-P-001,V2
681,681,L-UAV-01,AMZN,31.3035649,120.6008647,100.0,BUSY,M-L-001,V3
681,681,M-UAV-01,M600,31.3108767,120.6039862,30.5,AVAILABLE,,
681,681,M-UAV-02,M600,31.3062683,120.6025389,30.5,CONTINGENCY,,
682,682,EVTOL-01,EC35,31.3073426,120.5962545,199.9,BUSY,M-P-001,V2
682,682,L-UAV-01,AMZN,31.3036842,120.6009401,100.0,BUSY,M-L-001,V3
682,682,M-UAV-01,M600,31.3108767,120.6039862,30.5,AVAILABLE,,
682,682,M-UAV-02,M600,31.3062683,120.6025389,30.5,CONTINGENCY,,
683,683,EVTOL-01,EC35,31.3069799,120.5962323,199.9,BUSY,M-P-001,V2
683,683,L-UAV-01,AMZN,31.3038034,120.6010156,100.0,BUSY,M-L-001,V3
683,683,M-UAV-01,M600,31.3108767,120.6039862,30.5,AVAILABLE,,
683,683,M-UAV-02,M600,31.3062683,120.6025389,30.5,CONTINGENCY,,
684,684,EVTOL-01,EC35,31.3066172,120.5962101,199.9,BUSY,M-P-001,V2
684,684,L-UAV-01,AMZN,31.3039226,120.6010911,100.0,BUSY,M-L-001,V3
684,684,M-UAV-01,M600,31.3108767,120.6039862,30.5,AVAILABLE,,
684,684,M-UAV-02,M600,31.3062683,120.6025389,30.5,CONTINGENCY,,
685,685,EVTOL-01,EC35,31.3062545,120.5961879,199.9,BUSY,M-P-001,V2
685,685,L-UAV-01,AMZN,31.3040419,120.6011665,100.0,BUSY,M-L-001,V3
685,685,M-UAV-01,M600,31.3108767,120.6039862,30.5,AVAILABLE,,
685,685,M-UAV-02,M600,31.3062683,120.6025389,30.5,CONTINGENCY,,
686,686,EVTOL-01,EC35,31.3058918,120.5961657,199.9,BUSY,M-P-001,V2
686,686,L-UAV-01,AMZN,31.3041611,120.6012420,100.0,BUSY,M-L-001,V3
686,686,M-UAV-01,M600,31.3108767,120.6039862,30.5,AVAILABLE,,
686,686,M-UAV-02,M600,31.3062683,120.6025389,30.5,CONTINGENCY,,
687,687,EVTOL-01,EC35,31.3055291,120.5961435,199.9,BUSY,M-P-001,V2
687,687,L-UAV-01,AMZN,31.3042803,120.6013175,100.0,BUSY,M-L-001,V3
687,687,M-UAV-01,M600,31.3108767,120.6039862,30.5,AVAILABLE,,
687,687,M-UAV-02,M600,31.3062683,120.6025389,30.5,CONTINGENCY,,
688,688,EVTOL-01,EC35,31.3051664,120.5961213,199.9,BUSY,M-P-001,V2
688,688,L-UAV-01,AMZN,31.3043995,120.6013929,100.0,BUSY,M-L-001,V3
688,688,M-UAV-01,M600,31.3108767,120.6039862,30.5,AVAILABLE,,
688,688,M-UAV-02,M600,31.3062683,120.6025389,30.5,CONTINGENCY,,
689,689,EVTOL-01,EC35,31.3048037,120.5960992,199.9,BUSY,M-P-001,V2
689,689,L-UAV-01,AMZN,31.3045188,120.6014684,100.0,BUSY,M-L-001,V3
689,689,M-UAV-01,M600,31.3108767,120.6039862,30.5,AVAILABLE,,
689,689,M-UAV-02,M600,31.3062683,120.6025389,30.5,CONTINGENCY,,
690,690,EVTOL-01,EC35,31.3044410,120.5960770,199.9,BUSY,M-P-001,V2
690,690,L-UAV-01,AMZN,31.3046380,120.6015439,100.0,BUSY,M-L-001,V3
690,690,M-UAV-01,M600,31.3108767,120.6039862,30.5,AVAILABLE,,
690,690,M-UAV-02,M600,31.3062683,120.6025389,30.5,CONTINGENCY,,
691,691,EVTOL-01,EC35,31.3040783,120.5960548,199.9,BUSY,M-P-001,V2
691,691,L-UAV-01,AMZN,31.3047572,120.6016193,100.0,BUSY,M-L-001,V3
691,691,M-UAV-01,M600,31.3108767,120.6039862,30.5,AVAILABLE,,
691,691,M-UAV-02,M600,31.3062683,120.6025389,30.5,CONTINGENCY,,
692,692,EVTOL-01,EC35,31.3037156,120.5960326,199.9,BUSY,M-P-001,V2
692,692,L-UAV-01,AMZN,31.3048764,120.6016948,100.0,BUSY,M-L-001,V3
692,692,M-UAV-01,M600,31.3108767,120.6039862,30.5,AVAILABLE,,
692,692,M-UAV-02,M600,31.3062683,120.6025389,30.5,CONTINGENCY,,
693,693,EVTOL-01,EC35,31.3033529,120.5960104,199.9,BUSY,M-P-001,V2
693,693,L-UAV-01,AMZN,31.3049957,120.6017703,100.0,BUSY,M-L-001,V3
693,693,M-UAV-01,M600,31.3108767,120.6039862,30.5,AVAILABLE,,
693,693,M-UAV-02,M600,31.3062683,120.6025389,30.5,CONTINGENCY,,
694,694,EVTOL-01,EC35,31.3029903,120.5959882,199.9,BUSY,M-P-001,V2
694,694,L-UAV-01,AMZN,31.3051149,120.6018457,100.0,BUSY,M-L-001,V3
694,694,M-UAV-01,M600,31.3108767,120.6039862,30.5,AVAILABLE,,
694,694,M-UAV-02,M600,31.3062683,120.6025389,30.5,CONTINGENCY,,
695,695,EVTOL-01,EC35,31.3026276,120.5959660,199.9,BUSY,M-P-001,V2
695,695,L-UAV-01,AMZN,31.3052341,120.6019212,100.0,BUSY,M-L-001,V3
695,695,M-UAV-01,M600,31.3108767,120.6039862,30.5,AVAILABLE,,
695,695,M-UAV-02,M600,31.3062683,120.6025389,30.5,CONTINGENCY,,
696,696,EVTOL-01,EC35,31.3022649,120.5959439,199.9,BUSY,M-P-001,V2
696,696,L-UAV-01,AMZN,31.3053534,120.6019967,100.0,BUSY,M-L-001,V3
696,696,M-UAV-01,M600,31.3108767,120.6039862,30.5,AVAILABLE,,
696,696,M-UAV-02,M600,31.3062683,120.6025389,30.5,CONTINGENCY,,
697,697,EVTOL-01,EC35,31.3019022,120.5959217,199.9,BUSY,M-P-001,V2
697,697,L-UAV-01,AMZN,31.3054726,120.6020722,100.0,BUSY,M-L-001,V3
697,697,M-UAV-01,M600,31.3108767,120.6039862,30.5,AVAILABLE,,
697,697,M-UAV-02,M600,31.3062683,120.6025389,30.5,CONTINGENCY,,
698,698,EVTOL-01,EC35,31.3015395,120.5958995,199.9,BUSY,M-P-001,V2
698,698,L-UAV-01,AMZN,31.3055918,120.6021476,100.0,BUSY,M-L-001,V3
698,698,M-UAV-01,M600,31.3108767,120.6039862,30.5,AVAILABLE,,
698,698,M-UAV-02,M600,31.3062683,120.6025389,30.5,CONTINGENCY,,
699,699,EVTOL-01,EC35,31.3011768,120.5958773,199.9,BUSY,M-P-001,V2
699,699,L-UAV-01,AMZN,31.3057110,120.6022231,100.0,BUSY,M-L-001,V3
699,699,M-UAV-01,M600,31.3108767,120.6039862,30.5,AVAILABLE,,
699,699,M-UAV-02,M600,31.3062683,120.6025389,30.5,CONTINGENCY,,
700,700,EVTOL-01,EC35,31.3008141,120.5958551,199.9,BUSY,M-P-001,V2
700,700,L-UAV-01,AMZN,31.3058303,120.6022986,100.0,BUSY,M-L-001,V2
700,700,M-UAV-01,M600,31.3108767,120.6039862,30.5,AVAILABLE,,
700,700,M-UAV-02,M600,31.3062683,120.6025389,30.5,CONTINGENCY,,
701,701,EVTOL-01,EC35,31.3004514,120.5958329,199.9,BUSY,M-P-001,V2
701,701,L-UAV-01,AMZN,31.3059633,120.6023289,100.0,BUSY,M-L-001,V2
701,701,M-UAV-01,M600,31.3108767,120.6039862,30.5,AVAILABLE,,
701,701,M-UAV-02,M600,31.3062683,120.6025389,30.5,CONTINGENCY,,
702,702,EVTOL-01,EC35,31.3000887,120.5958108,199.9,BUSY,M-P-001,V2
702,702,L-UAV-01,AMZN,31.3060980,120.6023113,100.0,BUSY,M-L-001,V2
702,702,M-UAV-01,M600,31.3108767,120.6039862,30.5,AVAILABLE,,
702,702,M-UAV-02,M600,31.3062683,120.6025389,30.5,CONTINGENCY,,
703,703,EVTOL-01,EC35,31.2997260,120.5957886,199.9,BUSY,M-P-001,V2
703,703,L-UAV-01,AMZN,31.3062221,120.6022474,100.0,BUSY,M-L-001,V2
703,703,M-UAV-01,M600,31.3108767,120.6039862,30.5,AVAILABLE,,
703,703,M-UAV-02,M600,31.3062683,120.6025389,30.5,CONTINGENCY,,
704,704,EVTOL-01,EC35,31.2993633,120.5957664,199.9,BUSY,M-P-001,V2
704,704,L-UAV-01,AMZN,31.3063242,120.6021431,100.0,BUSY,M-L-001,V2
704,704,M-UAV-01,M600,31.3108767,120.6039862,30.5,AVAILABLE,,
704,704,M-UAV-02,M600,31.3062683,120.6025389,30.5,CONTINGENCY,,
705,705,EVTOL-01,EC35,31.2990006,120.5957442,199.9,BUSY,M-P-001,V2
705,705,L-UAV-01,AMZN,31.3063950,120.6020078,100.0,BUSY,M-L-001,V2
705,705,M-UAV-01,M600,31.3108767,120.6039862,30.5,AVAILABLE,,
705,705,M-UAV-02,M600,31.3062683,120.6025389,30.5,CONTINGENCY,,
706,706,EVTOL-01,EC35,31.2986379,120.5957220,199.9,BUSY,M-P-001,V2
706,706,L-UAV-01,AMZN,31.3064280,120.6018539,100.0,BUSY,M-L-001,V2
706,706,M-UAV-01,M600,31.3108767,120.6039862,30.5,AVAILABLE,,
706,706,M-UAV-02,M600,31.3062683,120.6025389,30.5,CONTINGENCY,,
707,707,EVTOL-01,EC35,31.2982752,120.5956998,199.9,BUSY,M-P-001,V2
707,707,L-UAV-01,AMZN,31.3064203,120.6016956,100.0,BUSY,M-L-001,V2
707,707,M-UAV-01,M600,31.3108767,120.6039862,30.5,AVAILABLE,,
707,707,M-UAV-02,M600,31.3062683,120.6025389,30.5,CONTINGENCY,,
708,708,EVTOL-01,EC35,31.2979125,120.5956776,199.9,BUSY,M-P-001,V1
708,708,L-UAV-01,AMZN,31.3063724,120.6015471,100.0,BUSY,M-L-001,V2
708,708,M-UAV-01,M600,31.3108767,120.6039862,30.5,AVAILABLE,,
708,708,M-UAV-02,M600,31.3062683,120.6025389,30.5,CONTINGENCY,,
709,709,EVTOL-01,EC35,31.2975500,120.5957036,199.9,BUSY,M-P-001,V1
709,709,L-UAV-01,AMZN,31.3062889,120.6014222,100.0,BUSY,M-L-001,V2
709,709,M-UAV-01,M600,31.3108767,120.6039862,30.5,AVAILABLE,,
709,709,M-UAV-02,M600,31.3062683,120.6025389,30.5,CONTINGENCY,,
710,710,EVTOL-01,EC35,31.2971923,120.5957773,199.9,BUSY,M-P-001,V1
710,710,L-UAV-01,AMZN,31.3061773,120.6013322,100.0,BUSY,M-L-001,V2
710,710,M-UAV-01,M600,31.3108767,120.6039862,30.5,AVAILABLE,,
710,710,M-UAV-02,M600,31.3062683,120.6025389,30.5,CONTINGENCY,,
711,711,EVTOL-01,EC35,31.2968440,120.5958978,199.9,BUSY,M-P-001,V1
711,711,L-UAV-01,AMZN,31.3060581,120.6012567,100.0,BUSY,M-L-001,V2
711,711,M-UAV-01,M600,31.3108767,120.6039862,30.5,AVAILABLE,,
711,711,M-UAV-02,M600,31.3062683,120.6025389,30.5,CONTINGENCY,,
712,712,EVTOL-01,EC35,31.2965096,120.5960636,199.9,BUSY,M-P-001,V1
712,712,L-UAV-01,AMZN,31.3059388,120.6011812,100.0,BUSY,M-L-001,V2
712,712,M-UAV-01,M600,31.3108767,120.6039862,30.5,AVAILABLE,,
712,712,M-UAV-02,M600,31.3062683,120.6025389,30.5,CONTINGENCY,,
713,713,EVTOL-01,EC35,31.2961933,120.5962725,199.9,BUSY,M-P-001,V1
713,713,L-UAV-01,AMZN,31.3058196,120.6011058,100.0,BUSY,M-L-001,V2
713,713,M-UAV-01,M600,31.3108767,120.6039862,30.5,AVAILABLE,,
713,713,M-UAV-02,M600,31.3062683,120.6025389,30.5,CONTINGENCY,,
714,714,EVTOL-01,EC35,31.2958993,120.5965220,199.9,BUSY,M-P-001,V1
714,714,L-UAV-01,AMZN,31.3057004,120.6010303,100.0,BUSY,M-L-001,V2
714,714,M-UAV-01,M600,31.3108767,120.6039862,30.5,AVAILABLE,,
714,714,M-UAV-02,M600,31.3062683,120.6025389,30.5,CONTINGENCY,,
715,715,EVTOL-01,EC35,31.2956312,120.5968087,199.9,BUSY,M-P-001,V1
715,715,L-UAV-01,AMZN,31.3055812,120.6009548,100.0,BUSY,M-L-001,V2
715,715,M-UAV-01,M600,31.3108767,120.6039862,30.5,AVAILABLE,,
715,715,M-UAV-02,M600,31.3062683,120.6025389,30.5,CONTINGENCY,,
716,716,EVTOL-01,EC35,31.2953925,120.5971290,199.9,BUSY,M-P-001,V1
716,716,L-UAV-01,AMZN,31.3054619,120.6008794,100.0,BUSY,M-L-001,V2
716,716,M-UAV-01,M600,31.3108767,120.6039862,30.5,AVAILABLE,,
716,716,M-UAV-02,M600,31.3062683,120.6025389,30.5,CONTINGENCY,,
717,717,EVTOL-01,EC35,31.2951862,120.5974789,199.9,BUSY,M-P-001,V1
717,717,L-UAV-01,AMZN,31.3053427,120.6008039,100.0,BUSY,M-L-001,V2
717,717,M-UAV-01,M600,31.3108767,120.6039862,30.5,AVAILABLE,,
717,717,M-UAV-02,M600,31.3062683,120.6025389,30.5,CONTINGENCY,,
718,718,EVTOL-01,EC35,31.2950151,120.5978538,199.9,BUSY,M-P-001,V1
718,718,L-UAV-01,AMZN,31.3052235,120.6007284,100.0,BUSY,M-L-001,V2
718,718,M-UAV-01,M600,31.3108767,120.6039862,30.5,AVAILABLE,,
718,718,M-UAV-02,M600,31.3062683,120.6025389,30.5,CONTINGENCY,,
719,719,EVTOL-01,EC35,31.2948812,120.5982489,199.9,BUSY,M-P-001,V1
719,719,L-UAV-01,AMZN,31.3051042,120.6006529,100.0,BUSY,M-L-001,V2
719,719,M-UAV-01,M600,31.3108767,120.6039862,30.5,AVAILABLE,,
719,719,M-UAV-02,M600,31.3062683,120.6025389,30.5,CONTINGENCY,,
720,720,EVTOL-01,EC35,31.2947864,120.5986592,199.9,BUSY,M-P-001,V1
720,720,L-UAV-01,AMZN,31.3049850,120.6005775,100.0,BUSY,M-L-001,V2
720,720,M-UAV-01,M600,31.3108767,120.6039862,30.5,AVAILABLE,,
720,720,M-UAV-02,M600,31.3062683,120.6025389,30.5,CONTINGENCY,,
721,721,EVTOL-01,EC35,31.2947318,120.5990794,199.9,BUSY,M-P-001,V1
721,721,L-UAV-01,AMZN,31.3048658,120.6005020,100.0,BUSY,M-L-001,V2
721,721,M-UAV-01,M600,31.3108767,120.6039862,30.5,AVAILABLE,,
721,721,M-UAV-02,M600,31.3062683,120.6025389,30.5,CONTINGENCY,,
722,722,EVTOL-01,EC35,31.2947180,120.5995041,199.9,BUSY,M-P-001,V1
722,722,L-UAV-01,AMZN,31.3047466,120.6004265,100.0,BUSY,M-L-001,V2
722,722,M-UAV-01,M600,31.3108767,120.6039862,30.5,AVAILABLE,,
722,722,M-UAV-02,M600,31.3062683,120.6025389,30.5,CONTINGENCY,,
723,723,EVTOL-01,EC35,31.2947454,120.5999279,199.9,BUSY,M-P-001,V1
723,723,L-UAV-01,AMZN,31.3046273,120.6003511,100.0,BUSY,M-L-001,V2
723,723,M-UAV-01,M600,31.3108767,120.6039862,30.5,AVAILABLE,,
723,723,M-UAV-02,M600,31.3062683,120.6025389,30.5,CONTINGENCY,,
724,724,EVTOL-01,EC35,31.2948136,120.6003454,199.9,BUSY,M-P-001,V1
724,724,L-UAV-01,AMZN,31.3045081,120.6002756,100.0,BUSY,M-L-001,V2
724,724,M-UAV-01,M600,31.3108767,120.6039862,30.5,AVAILABLE,,
724,724,M-UAV-02,M600,31.3062683,120.6025389,30.5,CONTINGENCY,,
725,725,EVTOL-01,EC35,31.2949216,120.6007512,199.9,BUSY,M-P-001,V1
725,725,L-UAV-01,AMZN,31.3043889,120.6002002,100.0,BUSY,M-L-001,V2
725,725,M-UAV-01,M600,31.3108767,120.6039862,30.5,AVAILABLE,,
725,725,M-UAV-02,M600,31.3062683,120.6025389,30.5,CONTINGENCY,,
726,726,EVTOL-01,EC35,31.2950681,120.6011401,199.9,BUSY,M-P-001,V1
726,726,L-UAV-01,AMZN,31.3042696,120.6001247,100.0,BUSY,M-L-001,V2
726,726,M-UAV-01,M600,31.3108767,120.6039862,30.5,AVAILABLE,,
726,726,M-UAV-02,M600,31.3062683,120.6025389,30.5,CONTINGENCY,,
727,727,EVTOL-01,EC35,31.2952512,120.6015072,199.9,BUSY,M-P-001,V1
727,727,L-UAV-01,AMZN,31.3041504,120.6000492,100.0,BUSY,M-L-001,V2
727,727,M-UAV-01,M600,31.3108767,120.6039862,30.5,AVAILABLE,,
727,727,M-UAV-02,M600,31.3062683,120.6025389,30.5,CONTINGENCY,,
728,728,EVTOL-01,EC35,31.2954686,120.6018477,199.9,BUSY,M-P-001,V1
728,728,L-UAV-01,AMZN,31.3040312,120.5999738,100.0,BUSY,M-L-001,V2
728,728,M-UAV-01,M600,31.3108767,120.6039862,30.5,AVAILABLE,,
728,728,M-UAV-02,M600,31.3062683,120.6025389,30.5,CONTINGENCY,,
729,729,EVTOL-01,EC35,31.2957174,120.6021572,199.9,BUSY,M-P-001,V1
729,729,L-UAV-01,AMZN,31.3039120,120.5998983,100.0,BUSY,M-L-001,V2
729,729,M-UAV-01,M600,31.3108767,120.6039862,30.5,AVAILABLE,,
729,729,M-UAV-02,M600,31.3062683,120.6025389,30.5,CONTINGENCY,,
730,730,EVTOL-01,EC35,31.2959946,120.6024319,199.9,BUSY,M-P-001,V1
730,730,L-UAV-01,AMZN,31.3037927,120.5998228,100.0,BUSY,M-L-001,V2
730,730,M-UAV-01,M600,31.3108767,120.6039862,30.5,AVAILABLE,,
730,730,M-UAV-02,M600,31.3062683,120.6025389,30.5,CONTINGENCY,,
731,731,EVTOL-01,EC35,31.2962965,120.6026682,199.9,BUSY,M-P-001,V1
731,731,L-UAV-01,AMZN,31.3036735,120.5997474,100.0,BUSY,M-L-001,V2
731,731,M-UAV-01,M600,31.3108767,120.6039862,30.5,AVAILABLE,,
731,731,M-UAV-02,M600,31.3062683,120.6025389,30.5,CONTINGENCY,,
732,732,EVTOL-01,EC35,31.2966193,120.6028630,199.9,BUSY,M-P-001,V1
732,732,L-UAV-01,AMZN,31.3035543,120.5996719,100.0,BUSY,M-L-001,V2
732,732,M-UAV-01,M600,31.3108767,120.6039862,30.5,AVAILABLE,,
732,732,M-UAV-02,M600,31.3062683,120.6025389,30.5,CONTINGENCY,,
733,733,EVTOL-01,EC35,31.2969588,120.6030140,199.9,BUSY,M-P-001,V1
733,733,L-UAV-01,AMZN,31.3034350,120.5995964,100.0,BUSY,M-L-001,V2
733,733,M-UAV-01,M600,31.3108767,120.6039862,30.5,AVAILABLE,,
733,733,M-UAV-02,M600,31.3062683,120.6025389,30.5,CONTINGENCY,,
734,734,EVTOL-01,EC35,31.2973107,120.6031190,199.9,BUSY,M-P-001,V1
734,734,L-UAV-01,AMZN,31.3033158,120.5995210,100.0,BUSY,M-L-001,V2
734,734,M-UAV-01,M600,31.3108767,120.6039862,30.5,AVAILABLE,,
734,734,M-UAV-02,M600,31.3062683,120.6025389,30.5,CONTINGENCY,,
735,735,EVTOL-01,EC35,31.2976705,120.6031768,199.9,BUSY,M-P-001,V1
735,735,L-UAV-01,AMZN,31.3031966,120.5994455,100.0,BUSY,M-L-001,V2
735,735,M-UAV-01,M600,31.3108767,120.6039862,30.5,AVAILABLE,,
735,735,M-UAV-02,M600,31.3062683,120.6025389,30.5,CONTINGENCY,,
736,736,EVTOL-01,EC35,31.2980332,120.6031991,199.9,BUSY,M-P-001,V1
736,736,L-UAV-01,AMZN,31.3030774,120.5993700,100.0,BUSY,M-L-001,V2
736,736,M-UAV-01,M600,31.3108767,120.6039862,30.5,AVAILABLE,,
736,736,M-UAV-02,M600,31.3062683,120.6025389,30.5,CONTINGENCY,,
737,737,EVTOL-01,EC35,31.2983959,120.6032213,199.9,BUSY,M-P-001,V1
737,737,L-UAV-01,AMZN,31.3029581,120.5992946,100.0,BUSY,M-L-001,V2
737,737,M-UAV-01,M600,31.3108767,120.6039862,30.5,AVAILABLE,,
737,737,M-UAV-02,M600,31.3062683,120.6025389,30.5,CONTINGENCY,,
738,738,EVTOL-01,EC35,31.2987586,120.6032435,199.9,BUSY,M-P-001,V1
738,738,L-UAV-01,AMZN,31.3028389,120.5992191,100.0,BUSY,M-L-001,V2
738,738,M-UAV-01,M600,31.3108767,120.6039862,30.5,AVAILABLE,,
738,738,M-UAV-02,M600,31.3062683,120.6025389,30.5,CONTINGENCY,,
739,739,EVTOL-01,EC35,31.2991213,120.6032657,199.9,BUSY,M-P-001,V1
739,739,L-UAV-01,AMZN,31.3027197,120.5991436,100.0,BUSY,M-L-001,V2
739,739,M-UAV-01,M600,31.3108767,120.6039862,30.5,AVAILABLE,,
739,739,M-UAV-02,M600,31.3062683,120.6025389,30.5,CONTINGENCY,,
740,740,EVTOL-01,EC35,31.2994840,120.6032880,199.9,BUSY,M-P-001,V1
740,740,L-UAV-01,AMZN,31.3026004,120.5990682,100.0,BUSY,M-L-001,V2
740,740,M-UAV-01,M600,31.3108767,120.6039862,30.5,AVAILABLE,,
740,740,M-UAV-02,M600,31.3062683,120.6025389,30.5,CONTINGENCY,,
741,741,EVTOL-01,EC35,31.2998467,120.6033102,199.9,BUSY,M-P-001,V1
741,741,L-UAV-01,AMZN,31.3024812,120.5989927,100.0,BUSY,M-L-001,V2
741,741,M-UAV-01,M600,31.3108767,120.6039862,30.5,AVAILABLE,,
741,741,M-UAV-02,M600,31.3062683,120.6025389,30.5,CONTINGENCY,,
742,742,EVTOL-01,EC35,31.3002094,120.6033324,199.9,BUSY,M-P-001,V1
742,742,L-UAV-01,AMZN,31.3023620,120.5989173,100.0,BUSY,M-L-001,V2
742,742,M-UAV-01,M600,31.3108767,120.6039862,30.5,AVAILABLE,,
742,742,M-UAV-02,M600,31.3062683,120.6025389,30.5,CONTINGENCY,,
743,743,EVTOL-01,EC35,31.3005721,120.6033546,199.9,BUSY,M-P-001,V1
743,743,L-UAV-01,AMZN,31.3022428,120.5988418,100.0,BUSY,M-L-001,V2
743,743,M-UAV-01,M600,31.3108767,120.6039862,30.5,AVAILABLE,,
743,743,M-UAV-02,M600,31.3062683,120.6025389,30.5,CONTINGENCY,,
744,744,EVTOL-01,EC35,31.3009348,120.6033769,199.9,BUSY,M-P-001,V1
744,744,L-UAV-01,AMZN,31.3021235,120.5987663,100.0,BUSY,M-L-001,V2
744,744,M-UAV-01,M600,31.3108767,120.6039862,30.5,AVAILABLE,,
744,744,M-UAV-02,M600,31.3062683,120.6025389,30.5,CONTINGENCY,,
745,745,EVTOL-01,EC35,31.3012975,120.6033991,199.9,BUSY,M-P-001,V1
745,745,L-UAV-01,AMZN,31.3020043,120.5986909,100.0,BUSY,M-L-001,V2
745,745,M-UAV-01,M600,31.3108767,120.6039862,30.5,AVAILABLE,,
745,745,M-UAV-02,M600,31.3062683,120.6025389,30.5,CONTINGENCY,,
746,746,EVTOL-01,EC35,31.3016602,120.6034213,199.9,BUSY,M-P-001,V1
746,746,L-UAV-01,AMZN,31.3018851,120.5986154,100.0,BUSY,M-L-001,V2
746,746,M-UAV-01,M600,31.3108767,120.6039862,30.5,AVAILABLE,,
746,746,M-UAV-02,M600,31.3062683,120.6025389,30.5,CONTINGENCY,,
747,747,EVTOL-01,EC35,31.3020228,120.6034435,199.9,BUSY,M-P-001,V1
747,747,L-UAV-01,AMZN,31.3017658,120.5985399,100.0,BUSY,M-L-001,V2
747,747,M-UAV-01,M600,31.3108767,120.6039862,30.5,AVAILABLE,,
747,747,M-UAV-02,M600,31.3062683,120.6025389,30.5,CONTINGENCY,,
748,748,EVTOL-01,EC35,31.3023855,120.6034658,199.9,BUSY,M-P-001,V1
748,748,L-UAV-01,AMZN,31.3016466,120.5984645,100.0,BUSY,M-L-001,V2
748,748,M-UAV-01,M600,31.3108767,120.6039862,30.5,AVAILABLE,,
748,748,M-UAV-02,M600,31.3062683,120.6025389,30.5,CONTINGENCY,,
749,749,EVTOL-01,EC35,31.3027482,120.6034880,199.9,BUSY,M-P-001,V1
749,749,L-UAV-01,AMZN,31.3015274,120.5983890,100.0,BUSY,M-L-001,V2
749,749,M-UAV-01,M600,31.3108767,120.6039862,30.5,AVAILABLE,,
749,749,M-UAV-02,M600,31.3062683,120.6025389,30.5,CONTINGENCY,,
750,750,EVTOL-01,EC35,31.3031109,120.6035102,199.9,BUSY,M-P-001,V1
750,750,L-UAV-01,AMZN,31.3014081,120.5983136,100.0,BUSY,M-L-001,V2
750,750,M-UAV-01,M600,31.3108767,120.6039862,30.5,AVAILABLE,,
750,750,M-UAV-02,M600,31.3062683,120.6025389,30.5,CONTINGENCY,,
751,751,EVTOL-01,EC35,31.3034736,120.6035324,199.9,BUSY,M-P-001,V1
751,751,L-UAV-01,AMZN,31.3012889,120.5982381,100.0,BUSY,M-L-001,V2
751,751,M-UAV-01,M600,31.3108767,120.6039862,30.5,AVAILABLE,,
751,751,M-UAV-02,M600,31.3062683,120.6025389,30.5,CONTINGENCY,,
752,752,EVTOL-01,EC35,31.3038363,120.6035547,199.9,BUSY,M-P-001,V1
752,752,L-UAV-01,AMZN,31.3011697,120.5981626,100.0,BUSY,M-L-001,V2
752,752,M-UAV-01,M600,31.3108767,120.6039862,30.5,AVAILABLE,,
752,752,M-UAV-02,M600,31.3062683,120.6025389,30.5,CONTINGENCY,,
753,753,EVTOL-01,EC35,31.3041990,120.6035769,199.9,BUSY,M-P-001,V1
753,753,L-UAV-01,AMZN,31.3010505,120.5980872,100.0,BUSY,M-L-001,V2
753,753,M-UAV-01,M600,31.3108767,120.6039862,30.5,AVAILABLE,,
753,753,M-UAV-02,M600,31.3062683,120.6025389,30.5,CONTINGENCY,,
754,754,EVTOL-01,EC35,31.3045617,120.6035991,199.9,BUSY,M-P-001,V1
754,754,L-UAV-01,AMZN,31.3009312,120.5980117,100.0,BUSY,M-L-001,V2
754,754,M-UAV-01,M600,31.3108767,120.6039862,30.5,AVAILABLE,,
754,754,M-UAV-02,M600,31.3062683,120.6025389,30.5,CONTINGENCY,,
755,755,EVTOL-01,EC35,31.3049244,120.6036214,199.9,BUSY,M-P-001,V1
755,755,L-UAV-01,AMZN,31.3008120,120.5979363,100.0,BUSY,M-L-001,V2
755,755,M-UAV-01,M600,31.3108767,120.6039862,30.5,AVAILABLE,,
755,755,M-UAV-02,M600,31.3062683,120.6025389,30.5,CONTINGENCY,,
756,756,EVTOL-01,EC35,31.3052871,120.6036436,199.9,BUSY,M-P-001,V1
756,756,L-UAV-01,AMZN,31.3006928,120.5978608,100.0,BUSY,M-L-001,V2
756,756,M-UAV-01,M600,31.3108767,120.6039862,30.5,AVAILABLE,,
756,756,M-UAV-02,M600,31.3062683,120.6025389,30.5,CONTINGENCY,,
757,757,EVTOL-01,EC35,31.3056498,120.6036658,199.9,BUSY,M-P-001,V1
757,757,L-UAV-01,AMZN,31.3005735,120.5977853,100.0,BUSY,M-L-001,V2
757,757,M-UAV-01,M600,31.3108767,120.6039862,30.5,AVAILABLE,,
757,757,M-UAV-02,M600,31.3062683,120.6025389,30.5,CONTINGENCY,,
758,758,EVTOL-01,EC35,31.3060125,120.6036880,199.9,BUSY,M-P-001,V1
758,758,L-UAV-01,AMZN,31.3004543,120.5977099,100.0,BUSY,M-L-001,V2
758,758,M-UAV-01,M600,31.3108767,120.6039862,30.5,AVAILABLE,,
758,758,M-UAV-02,M600,31.3062683,120.6025389,30.5,CONTINGENCY,,
759,759,EVTOL-01,EC35,31.3063752,120.6037103,199.9,BUSY,M-P-001,V1
759,759,L-UAV-01,AMZN,31.3003351,120.5976344,100.0,BUSY,M-L-001,V2
759,759,M-UAV-01,M600,31.3108767,120.6039862,30.5,AVAILABLE,,
759,759,M-UAV-02,M600,31.3062683,120.6025389,30.5,CONTINGENCY,,
760,760,EVTOL-01,EC35,31.3067379,120.6037325,199.9,BUSY,M-P-001,V1
760,760,L-UAV-01,AMZN,31.3002158,120.5975590,100.0,BUSY,M-L-001,V2
760,760,M-UAV-01,M600,31.3108767,120.6039862,30.5,AVAILABLE,,
760,760,M-UAV-02,M600,31.3062683,120.6025389,30.5,CONTINGENCY,,
761,761,EVTOL-01,EC35,31.3071006,120.6037547,199.9,BUSY,M-P-001,V1
761,761,L-UAV-01,AMZN,31.3000966,120.5974835,100.0,BUSY,M-L-001,V2
761,761,M-UAV-01,M600,31.3108767,120.6039862,30.5,AVAILABLE,,
761,761,M-UAV-02,M600,31.3062683,120.6025389,30.5,CONTINGENCY,,
762,762,EVTOL-01,EC35,31.3074633,120.6037769,199.9,BUSY,M-P-001,V1
762,762,L-UAV-01,AMZN,31.2999774,120.5974080,100.0,BUSY,M-L-001,V2
762,762,M-UAV-01,M600,31.3108767,120.6039862,30.5,AVAILABLE,,
762,762,M-UAV-02,M600,31.3062683,120.6025389,30.5,CONTINGENCY,,
763,763,EVTOL-01,EC35,31.3078259,120.6037992,199.9,BUSY,M-P-001,V1
763,763,L-UAV-01,AMZN,31.2998582,120.5973326,100.0,BUSY,M-L-001,V2
763,763,M-UAV-01,M600,31.3108767,120.6039862,30.5,AVAILABLE,,
763,763,M-UAV-02,M600,31.3062683,120.6025389,30.5,CONTINGENCY,,
764,764,EVTOL-01,EC35,31.3081886,120.6038214,199.9,BUSY,M-P-001,V1
764,764,L-UAV-01,AMZN,31.2997389,120.5972571,100.0,BUSY,M-L-001,V2
764,764,M-UAV-01,M600,31.3108767,120.6039862,30.5,AVAILABLE,,
764,764,M-UAV-02,M600,31.3062683,120.6025389,30.5,CONTINGENCY,,
765,765,EVTOL-01,EC35,31.3085513,120.6038436,199.9,BUSY,M-P-001,V1
765,765,L-UAV-01,AMZN,31.2996197,120.5971817,100.0,BUSY,M-L-001,V2
765,765,M-UAV-01,M600,31.3108767,120.6039862,30.5,AVAILABLE,,
765,765,M-UAV-02,M600,31.3062683,120.6025389,30.5,CONTINGENCY,,
766,766,EVTOL-01,EC35,31.3089140,120.6038659,199.9,BUSY,M-P-001,V1
766,766,L-UAV-01,AMZN,31.2995005,120.5971062,100.0,BUSY,M-L-001,V2
766,766,M-UAV-01,M600,31.3108767,120.6039862,30.5,AVAILABLE,,
766,766,M-UAV-02,M600,31.3062683,120.6025389,30.5,CONTINGENCY,,
767,767,EVTOL-01,EC35,31.3092767,120.6038881,199.9,BUSY,M-P-001,V1
767,767,L-UAV-01,AMZN,31.2993812,120.5970307,100.0,BUSY,M-L-001,V2
767,767,M-UAV-01,M600,31.3108767,120.6039862,30.5,AVAILABLE,,
767,767,M-UAV-02,M600,31.3062683,120.6025389,30.5,CONTINGENCY,,
768,768,EVTOL-01,EC35,31.3096394,120.6039103,199.9,BUSY,M-P-001,V1
768,768,L-UAV-01,AMZN,31.2992620,120.5969553,100.0,BUSY,M-L-001,V2
768,768,M-UAV-01,M600,31.3108767,120.6039862,30.5,AVAILABLE,,
768,768,M-UAV-02,M600,31.3062683,120.6025389,30.5,CONTINGENCY,,
769,769,EVTOL-01,EC35,31.3100021,120.6039325,199.9,BUSY,M-P-001,V2
769,769,L-UAV-01,AMZN,31.2991428,120.5968798,100.0,BUSY,M-L-001,V2
769,769,M-UAV-01,M600,31.3108767,120.6039862,30.5,AVAILABLE,,
769,769,M-UAV-02,M600,31.3062683,120.6025389,30.5,CONTINGENCY,,
770,770,EVTOL-01,EC35,31.3103646,120.6039067,199.9,BUSY,M-P-001,V2
770,770,L-UAV-01,AMZN,31.2990235,120.5968044,100.0,BUSY,M-L-001,V2
770,770,M-UAV-01,M600,31.3108767,120.6039862,30.5,AVAILABLE,,
770,770,M-UAV-02,M600,31.3062683,120.6025389,30.5,CONTINGENCY,,
771,771,EVTOL-01,EC35,31.3107223,120.6038330,199.9,BUSY,M-P-001,V2
771,771,L-UAV-01,AMZN,31.2989043,120.5967289,100.0,BUSY,M-L-001,V2
771,771,M-UAV-01,M600,31.3108767,120.6039862,30.5,AVAILABLE,,
771,771,M-UAV-02,M600,31.3062683,120.6025389,30.5,CONTINGENCY,,
772,772,EVTOL-01,EC35,31.3110706,120.6037125,199.9,BUSY,M-P-001,V2
772,772,L-UAV-01,AMZN,31.2987851,120.5966535,100.0,BUSY,M-L-001,V2
772,772,M-UAV-01,M600,31.3108767,120.6039862,30.5,AVAILABLE,,
772,772,M-UAV-02,M600,31.3062683,120.6025389,30.5,CONTINGENCY,,
773,773,EVTOL-01,EC35,31.3114050,120.6035467,199.9,BUSY,M-P-001,V2
773,773,L-UAV-01,AMZN,31.2986659,120.5965780,100.0,BUSY,M-L-001,V2
773,773,M-UAV-01,M600,31.3108767,120.6039862,30.5,AVAILABLE,,
773,773,M-UAV-02,M600,31.3062683,120.6025389,30.5,CONTINGENCY,,
774,774,EVTOL-01,EC35,31.3117213,120.6033378,199.9,BUSY,M-P-001,V2
774,774,L-UAV-01,AMZN,31.2985466,120.5965025,100.0,BUSY,M-L-001,V2
774,774,M-UAV-01,M600,31.3108767,120.6039862,30.5,AVAILABLE,,
774,774,M-UAV-02,M600,31.3062683,120.6025389,30.5,CONTINGENCY,,
775,775,EVTOL-01,EC35,31.3120154,120.6030883,199.9,BUSY,M-P-001,V2
775,775,L-UAV-01,AMZN,31.2984274,120.5964271,100.0,BUSY,M-L-001,V2
775,775,M-UAV-01,M600,31.3108767,120.6039862,30.5,AVAILABLE,,
775,775,M-UAV-02,M600,31.3062683,120.6025389,30.5,CONTINGENCY,,
776,776,EVTOL-01,EC35,31.3122836,120.6028016,199.9,BUSY,M-P-001,V2
776,776,L-UAV-01,AMZN,31.2983082,120.5963516,100.0,BUSY,M-L-001,V2
776,776,M-UAV-01,M600,31.3108767,120.6039862,30.5,AVAILABLE,,
776,776,M-UAV-02,M600,31.3062683,120.6025389,30.5,CONTINGENCY,,
777,777,EVTOL-01,EC35,31.3125223,120.6024812,199.9,BUSY,M-P-001,V2
777,777,L-UAV-01,AMZN,31.2981889,120.5962762,100.0,BUSY,M-L-001,V2
777,777,M-UAV-01,M600,31.3108767,120.6039862,30.5,AVAILABLE,,
777,777,M-UAV-02,M600,31.3062683,120.6025389,30.5,CONTINGENCY,,
778,778,EVTOL-01,EC35,31.3127286,120.6021313,199.9,BUSY,M-P-001,V2
778,778,L-UAV-01,AMZN,31.2980697,120.5962007,100.0,BUSY,M-L-001,V2
778,778,M-UAV-01,M600,31.3108767,120.6039862,30.5,AVAILABLE,,
778,778,M-UAV-02,M600,31.3062683,120.6025389,30.5,CONTINGENCY,,
779,779,EVTOL-01,EC35,31.3128997,120.6017564,199.9,BUSY,M-P-001,V2
779,779,L-UAV-01,AMZN,31.2979505,120.5961253,100.0,BUSY,M-L-001,V3
779,779,M-UAV-01,M600,31.3108767,120.6039862,30.5,AVAILABLE,,
779,779,M-UAV-02,M600,31.3062683,120.6025389,30.5,CONTINGENCY,,
780,780,EVTOL-01,EC35,31.3130336,120.6013612,199.9,BUSY,M-P-001,V2
780,780,L-UAV-01,AMZN,31.2978174,120.5960949,100.0,BUSY,M-L-001,V3
780,780,M-UAV-01,M600,31.3108767,120.6039862,30.5,AVAILABLE,,
780,780,M-UAV-02,M600,31.3062683,120.6025389,30.5,CONTINGENCY,,
781,781,EVTOL-01,EC35,31.3131285,120.6009509,199.9,BUSY,M-P-001,V2
781,781,L-UAV-01,AMZN,31.2976827,120.5961125,100.0,BUSY,M-L-001,V3
781,781,M-UAV-01,M600,31.3108767,120.6039862,30.5,AVAILABLE,,
781,781,M-UAV-02,M600,31.3062683,120.6025389,30.5,CONTINGENCY,,
782,782,EVTOL-01,EC35,31.3131832,120.6005306,199.9,BUSY,M-P-001,V2
782,782,L-UAV-01,AMZN,31.2975586,120.5961764,100.0,BUSY,M-L-001,V3
782,782,M-UAV-01,M600,31.3108767,120.6039862,30.5,AVAILABLE,,
782,782,M-UAV-02,M600,31.3062683,120.6025389,30.5,CONTINGENCY,,
783,783,EVTOL-01,EC35,31.3131969,120.6001058,199.9,BUSY,M-P-001,V2
783,783,L-UAV-01,AMZN,31.2974565,120.5962808,100.0,BUSY,M-L-001,V3
783,783,M-UAV-01,M600,31.3108767,120.6039862,30.5,AVAILABLE,,
783,783,M-UAV-02,M600,31.3062683,120.6025389,30.5,CONTINGENCY,,
784,784,EVTOL-01,EC35,31.3131696,120.5996819,199.9,BUSY,M-P-001,V2
784,784,L-UAV-01,AMZN,31.2973858,120.5964160,100.0,BUSY,M-L-001,V3
784,784,M-UAV-01,M600,31.3108767,120.6039862,30.5,AVAILABLE,,
784,784,M-UAV-02,M600,31.3062683,120.6025389,30.5,CONTINGENCY,,
785,785,EVTOL-01,EC35,31.3131015,120.5992643,199.9,BUSY,M-P-001,V2
785,785,L-UAV-01,AMZN,31.2973527,120.5965699,100.0,BUSY,M-L-001,V3
785,785,M-UAV-01,M600,31.3108767,120.6039862,30.5,AVAILABLE,,
785,785,M-UAV-02,M600,31.3062683,120.6025389,30.5,CONTINGENCY,,
786,786,EVTOL-01,EC35,31.3129935,120.5988584,199.9,BUSY,M-P-001,V2
786,786,L-UAV-01,AMZN,31.2973605,120.5967283,100.0,BUSY,M-L-001,V3
786,786,M-UAV-01,M600,31.3108767,120.6039862,30.5,AVAILABLE,,
786,786,M-UAV-02,M600,31.3062683,120.6025389,30.5,CONTINGENCY,,
787,787,EVTOL-01,EC35,31.3128470,120.5984694,199.9,BUSY,M-P-001,V2
787,787,L-UAV-01,AMZN,31.2974083,120.5968767,100.0,BUSY,M-L-001,V3
787,787,M-UAV-01,M600,31.3108767,120.6039862,30.5,AVAILABLE,,
787,787,M-UAV-02,M600,31.3062683,120.6025389,30.5,CONTINGENCY,,
788,788,EVTOL-01,EC35,31.3126639,120.5981023,199.9,BUSY,M-P-001,V2
788,788,L-UAV-01,AMZN,31.2974919,120.5970016,100.0,BUSY,M-L-001,V3
788,788,M-UAV-01,M600,31.3108767,120.6039862,30.5,AVAILABLE,,
788,788,M-UAV-02,M600,31.3062683,120.6025389,30.5,CONTINGENCY,,
789,789,EVTOL-01,EC35,31.3124466,120.5977617,199.9,BUSY,M-P-001,V2
789,789,L-UAV-01,AMZN,31.2976035,120.5970916,100.0,BUSY,M-L-001,V3
789,789,M-UAV-01,M600,31.3108767,120.6039862,30.5,AVAILABLE,,
789,789,M-UAV-02,M600,31.3062683,120.6025389,30.5,CONTINGENCY,,
790,790,EVTOL-01,EC35,31.3121978,120.5974520,199.9,BUSY,M-P-001,V2
790,790,L-UAV-01,AMZN,31.2977227,120.5971671,100.0,BUSY,M-L-001,V3
790,790,M-UAV-01,M600,31.3108767,120.6039862,30.5,AVAILABLE,,
790,790,M-UAV-02,M600,31.3062683,120.6025389,30.5,CONTINGENCY,,
791,791,EVTOL-01,EC35,31.3119206,120.5971773,199.9,BUSY,M-P-001,V2
791,791,L-UAV-01,AMZN,31.2978420,120.5972425,100.0,BUSY,M-L-001,V3
791,791,M-UAV-01,M600,31.3108767,120.6039862,30.5,AVAILABLE,,
791,791,M-UAV-02,M600,31.3062683,120.6025389,30.5,CONTINGENCY,,
792,792,EVTOL-01,EC35,31.3116187,120.5969409,199.9,BUSY,M-P-001,V2
792,792,L-UAV-01,AMZN,31.2979612,120.5973180,100.0,BUSY,M-L-001,V3
792,792,M-UAV-01,M600,31.3108767,120.6039862,30.5,AVAILABLE,,
792,792,M-UAV-02,M600,31.3062683,120.6025389,30.5,CONTINGENCY,,
793,793,EVTOL-01,EC35,31.3112960,120.5967460,199.9,BUSY,M-P-001,V2
793,793,L-UAV-01,AMZN,31.2980804,120.5973934,100.0,BUSY,M-L-001,V3
793,793,M-UAV-01,M600,31.3108767,120.6039862,30.5,AVAILABLE,,
793,793,M-UAV-02,M600,31.3062683,120.6025389,30.5,CONTINGENCY,,
794,794,EVTOL-01,EC35,31.3109565,120.5965950,199.9,BUSY,M-P-001,V2
794,794,L-UAV-01,AMZN,31.2981996,120.5974689,100.0,BUSY,M-L-001,V3
794,794,M-UAV-01,M600,31.3108767,120.6039862,30.5,AVAILABLE,,
794,794,M-UAV-02,M600,31.3062683,120.6025389,30.5,CONTINGENCY,,
795,795,EVTOL-01,EC35,31.3106046,120.5964899,199.9,BUSY,M-P-001,V2
795,795,L-UAV-01,AMZN,31.2983189,120.5975443,100.0,BUSY,M-L-001,V3
795,795,M-UAV-01,M600,31.3108767,120.6039862,30.5,AVAILABLE,,
795,795,M-UAV-02,M600,31.3062683,120.6025389,30.5,CONTINGENCY,,
796,796,EVTOL-01,EC35,31.3102447,120.5964320,199.9,BUSY,M-P-001,V2
796,796,L-UAV-01,AMZN,31.2984381,120.5976198,100.0,BUSY,M-L-001,V3
796,796,M-UAV-01,M600,31.3108767,120.6039862,30.5,AVAILABLE,,
796,796,M-UAV-02,M600,31.3062683,120.6025389,30.5,CONTINGENCY,,
797,797,EVTOL-01,EC35,31.3098821,120.5964098,199.9,BUSY,M-P-001,V2
797,797,L-UAV-01,AMZN,31.2985573,120.5976953,100.0,BUSY,M-L-001,V3
797,797,M-UAV-01,M600,31.3108767,120.6039862,30.5,AVAILABLE,,
797,797,M-UAV-02,M600,31.3062683,120.6025389,30.5,CONTINGENCY,,
798,798,EVTOL-01,EC35,31.3095194,120.5963876,199.9,BUSY,M-P-001,V2
798,798,L-UAV-01,AMZN,31.2986766,120.5977707,100.0,BUSY,M-L-001,V3
798,798,M-UAV-01,M600,31.3108767,120.6039862,30.5,AVAILABLE,,
798,798,M-UAV-02,M600,31.3062683,120.6025389,30.5,CONTINGENCY,,
799,799,EVTOL-01,EC35,31.3091567,120.5963655,199.9,BUSY,M-P-001,V2
799,799,L-UAV-01,AMZN,31.2987958,120.5978462,100.0,BUSY,M-L-001,V3
799,799,M-UAV-01,M600,31.3108767,120.6039862,30.5,AVAILABLE,,
799,799,M-UAV-02,M600,31.3062683,120.6025389,30.5,CONTINGENCY,,
800,800,EVTOL-01,EC35,31.3087940,120.5963433,199.9,BUSY,M-P-001,V2
800,800,L-UAV-01,AMZN,31.2989150,120.5979216,100.0,BUSY,M-L-001,V3
800,800,M-UAV-01,M600,31.3108767,120.6039862,30.5,AVAILABLE,,
800,800,M-UAV-02,M600,31.3062683,120.6025389,30.5,CONTINGENCY,,
801,801,EVTOL-01,EC35,31.3084313,120.5963211,199.9,BUSY,M-P-001,V2
801,801,L-UAV-01,AMZN,31.2990343,120.5979971,100.0,BUSY,M-L-001,V3
801,801,M-UAV-01,M600,31.3108767,120.6039862,30.5,AVAILABLE,,
801,801,M-UAV-02,M600,31.3062683,120.6025389,30.5,CONTINGENCY,,
802,802,EVTOL-01,EC35,31.3080686,120.5962989,199.9,BUSY,M-P-001,V2
802,802,L-UAV-01,AMZN,31.2991535,120.5980726,100.0,BUSY,M-L-001,V3
802,802,M-UAV-01,M600,31.3108767,120.6039862,30.5,AVAILABLE,,
802,802,M-UAV-02,M600,31.3062683,120.6025389,30.5,CONTINGENCY,,
803,803,EVTOL-01,EC35,31.3077059,120.5962767,199.9,BUSY,M-P-001,V2
803,803,L-UAV-01,AMZN,31.2992727,120.5981480,100.0,BUSY,M-L-001,V3
803,803,M-UAV-01,M600,31.3108767,120.6039862,30.5,AVAILABLE,,
803,803,M-UAV-02,M600,31.3062683,120.6025389,30.5,CONTINGENCY,,
804,804,EVTOL-01,EC35,31.3073432,120.5962545,199.9,BUSY,M-P-001,V2
804,804,L-UAV-01,AMZN,31.2993919,120.5982235,100.0,BUSY,M-L-001,V3
804,804,M-UAV-01,M600,31.3108767,120.6039862,30.5,AVAILABLE,,
804,804,M-UAV-02,M600,31.3062683,120.6025389,30.5,CONTINGENCY,,
805,805,EVTOL-01,EC35,31.3069805,120.5962323,199.9,BUSY,M-P-001,V2
805,805,L-UAV-01,AMZN,31.2995112,120.5982989,100.0,BUSY,M-L-001,V3
805,805,M-UAV-01,M600,31.3108767,120.6039862,30.5,AVAILABLE,,
805,805,M-UAV-02,M600,31.3062683,120.6025389,30.5,CONTINGENCY,,
806,806,EVTOL-01,EC35,31.3066178,120.5962101,199.9,BUSY,M-P-001,V2
806,806,L-UAV-01,AMZN,31.2996304,120.5983744,100.0,BUSY,M-L-001,V3
806,806,M-UAV-01,M600,31.3108767,120.6039862,30.5,AVAILABLE,,
806,806,M-UAV-02,M600,31.3062683,120.6025389,30.5,CONTINGENCY,,
807,807,EVTOL-01,EC35,31.3062551,120.5961879,199.9,BUSY,M-P-001,V2
807,807,L-UAV-01,AMZN,31.2997496,120.5984499,100.0,BUSY,M-L-001,V3
807,807,M-UAV-01,M600,31.3108767,120.6039862,30.5,AVAILABLE,,
807,807,M-UAV-02,M600,31.3062683,120.6025389,30.5,CONTINGENCY,,
808,808,EVTOL-01,EC35,31.3058924,120.5961658,199.9,BUSY,M-P-001,V2
808,808,L-UAV-01,AMZN,31.2998689,120.5985253,100.0,BUSY,M-L-001,V3
808,808,M-UAV-01,M600,31.3108767,120.6039862,30.5,AVAILABLE,,
808,808,M-UAV-02,M600,31.3062683,120.6025389,30.5,CONTINGENCY,,
809,809,EVTOL-01,EC35,31.3055297,120.5961436,199.9,BUSY,M-P-001,V2
809,809,L-UAV-01,AMZN,31.2999881,120.5986008,100.0,BUSY,M-L-001,V3
809,809,M-UAV-01,M600,31.3108767,120.6039862,30.5,AVAILABLE,,
809,809,M-UAV-02,M600,31.3062683,120.6025389,30.5,CONTINGENCY,,
810,810,EVTOL-01,EC35,31.3051670,120.5961214,199.9,BUSY,M-P-001,V2
810,810,L-UAV-01,AMZN,31.3001073,120.5986762,100.0,BUSY,M-L-001,V3
810,810,M-UAV-01,M600,31.3108767,120.6039862,30.5,AVAILABLE,,
810,810,M-UAV-02,M600,31.3062683,120.6025389,30.5,CONTINGENCY,,
811,811,EVTOL-01,EC35,31.3048043,120.5960992,199.9,BUSY,M-P-001,V2
811,811,L-UAV-01,AMZN,31.3002265,120.5987517,100.0,BUSY,M-L-001,V3
811,811,M-UAV-01,M600,31.3108767,120.6039862,30.5,AVAILABLE,,
811,811,M-UAV-02,M600,31.3062683,120.6025389,30.5,CONTINGENCY,,
812,812,EVTOL-01,EC35,31.3044416,120.5960770,199.9,BUSY,M-P-001,V2
812,812,L-UAV-01,AMZN,31.3003458,120.5988272,100.0,BUSY,M-L-001,V3
812,812,M-UAV-01,M600,31.3108767,120.6039862,30.5,AVAILABLE,,
812,812,M-UAV-02,M600,31.3062683,120.6025389,30.5,CONTINGENCY,,
813,813,EVTOL-01,EC35,31.3040789,120.5960548,199.9,BUSY,M-P-001,V2
813,813,L-UAV-01,AMZN,31.3004650,120.5989026,100.0,BUSY,M-L-001,V3
813,813,M-UAV-01,M600,31.3108767,120.6039862,30.5,AVAILABLE,,
813,813,M-UAV-02,M600,31.3062683,120.6025389,30.5,CONTINGENCY,,
814,814,EVTOL-01,EC35,31.3037162,120.5960326,199.9,BUSY,M-P-001,V2
814,814,L-UAV-01,AMZN,31.3005842,120.5989781,100.0,BUSY,M-L-001,V3
814,814,M-UAV-01,M600,31.3108767,120.6039862,30.5,AVAILABLE,,
814,814,M-UAV-02,M600,31.3062683,120.6025389,30.5,CONTINGENCY,,
815,815,EVTOL-01,EC35,31.3033535,120.5960105,199.9,BUSY,M-P-001,V2
815,815,L-UAV-01,AMZN,31.3007035,120.5990535,100.0,BUSY,M-L-001,V3
815,815,M-UAV-01,M600,31.3108767,120.6039862,30.5,AVAILABLE,,
815,815,M-UAV-02,M600,31.3062683,120.6025389,30.5,CONTINGENCY,,
816,816,EVTOL-01,EC35,31.3029908,120.5959883,199.9,BUSY,M-P-001,V2
816,816,L-UAV-01,AMZN,31.3008227,120.5991290,100.0,BUSY,M-L-001,V3
816,816,M-UAV-01,M600,31.3108767,120.6039862,30.5,AVAILABLE,,
816,816,M-UAV-02,M600,31.3062683,120.6025389,30.5,CONTINGENCY,,
817,817,EVTOL-01,EC35,31.3026281,120.5959661,199.9,BUSY,M-P-001,V2
817,817,L-UAV-01,AMZN,31.3009419,120.5992045,100.0,BUSY,M-L-001,V3
817,817,M-UAV-01,M600,31.3108767,120.6039862,30.5,AVAILABLE,,
817,817,M-UAV-02,M600,31.3062683,120.6025389,30.5,CONTINGENCY,,
818,818,EVTOL-01,EC35,31.3022655,120.5959439,199.9,BUSY,M-P-001,V2
818,818,L-UAV-01,AMZN,31.3010612,120.5992799,100.0,BUSY,M-L-001,V3
818,818,M-UAV-01,M600,31.3108767,120.6039862,30.5,AVAILABLE,,
818,818,M-UAV-02,M600,31.3062683,120.6025389,30.5,CONTINGENCY,,
819,819,EVTOL-01,EC35,31.3019028,120.5959217,199.9,BUSY,M-P-001,V2
819,819,L-UAV-01,AMZN,31.3011804,120.5993554,100.0,BUSY,M-L-001,V3
819,819,M-UAV-01,M600,31.3108767,120.6039862,30.5,AVAILABLE,,
819,819,M-UAV-02,M600,31.3062683,120.6025389,30.5,CONTINGENCY,,
820,820,EVTOL-01,EC35,31.3015401,120.5958995,199.9,BUSY,M-P-001,V2
820,820,L-UAV-01,AMZN,31.3012996,120.5994308,100.0,BUSY,M-L-001,V3
820,820,M-UAV-01,M600,31.3108767,120.6039862,30.5,AVAILABLE,,
820,820,M-UAV-02,M600,31.3062683,120.6025389,30.5,CONTINGENCY,,
821,821,EVTOL-01,EC35,31.3011774,120.5958773,199.9,BUSY,M-P-001,V2
821,821,L-UAV-01,AMZN,31.3014188,120.5995063,100.0,BUSY,M-L-001,V3
821,821,M-UAV-01,M600,31.3108767,120.6039862,30.5,AVAILABLE,,
821,821,M-UAV-02,M600,31.3062683,120.6025389,30.5,CONTINGENCY,,
822,822,EVTOL-01,EC35,31.3008147,120.5958552,199.9,BUSY,M-P-001,V2
822,822,L-UAV-01,AMZN,31.3015381,120.5995818,100.0,BUSY,M-L-001,V3
822,822,M-UAV-01,M600,31.3108767,120.6039862,30.5,AVAILABLE,,
822,822,M-UAV-02,M600,31.3062683,120.6025389,30.5,CONTINGENCY,,
823,823,EVTOL-01,EC35,31.3004520,120.5958330,199.9,BUSY,M-P-001,V2
823,823,L-UAV-01,AMZN,31.3016573,120.5996572,100.0,BUSY,M-L-001,V3
823,823,M-UAV-01,M600,31.3108767,120.6039862,30.5,AVAILABLE,,
823,823,M-UAV-02,M600,31.3062683,120.6025389,30.5,CONTINGENCY,,
824,824,EVTOL-01,EC35,31.3000893,120.5958108,199.9,BUSY,M-P-001,V2
824,824,L-UAV-01,AMZN,31.3017765,120.5997327,100.0,BUSY,M-L-001,V3
824,824,M-UAV-01,M600,31.3108767,120.6039862,30.5,AVAILABLE,,
824,824,M-UAV-02,M600,31.3062683,120.6025389,30.5,CONTINGENCY,,
825,825,EVTOL-01,EC35,31.2997266,120.5957886,199.9,BUSY,M-P-001,V2
825,825,L-UAV-01,AMZN,31.3018958,120.5998082,100.0,BUSY,M-L-001,V3
825,825,M-UAV-01,M600,31.3108767,120.6039862,30.5,AVAILABLE,,
825,825,M-UAV-02,M600,31.3062683,120.6025389,30.5,CONTINGENCY,,
826,826,EVTOL-01,EC35,31.2993639,120.5957664,199.9,BUSY,M-P-001,V2
826,826,L-UAV-01,AMZN,31.3020150,120.5998836,100.0,BUSY,M-L-001,V3
826,826,M-UAV-01,M600,31.3108767,120.6039862,30.5,AVAILABLE,,
826,826,M-UAV-02,M600,31.3062683,120.6025389,30.5,CONTINGENCY,,
827,827,EVTOL-01,EC35,31.2990012,120.5957442,199.9,BUSY,M-P-001,V2
827,827,L-UAV-01,AMZN,31.3021342,120.5999591,100.0,BUSY,M-L-001,V3
827,827,M-UAV-01,M600,31.3108767,120.6039862,30.5,AVAILABLE,,
827,827,M-UAV-02,M600,31.3062683,120.6025389,30.5,CONTINGENCY,,
828,828,EVTOL-01,EC35,31.2986385,120.5957221,199.9,BUSY,M-P-001,V2
828,828,L-UAV-01,AMZN,31.3022534,120.6000346,100.0,BUSY,M-L-001,V3
828,828,M-UAV-01,M600,31.3108767,120.6039862,30.5,AVAILABLE,,
828,828,M-UAV-02,M600,31.3062683,120.6025389,30.5,CONTINGENCY,,
829,829,EVTOL-01,EC35,31.2982758,120.5956999,199.9,BUSY,M-P-001,V2
829,829,L-UAV-01,AMZN,31.3023727,120.6001100,100.0,BUSY,M-L-001,V3
829,829,M-UAV-01,M600,31.3108767,120.6039862,30.5,AVAILABLE,,
829,829,M-UAV-02,M600,31.3062683,120.6025389,30.5,CONTINGENCY,,
830,830,EVTOL-01,EC35,31.2979131,120.5956777,199.9,BUSY,M-P-001,V1
830,830,L-UAV-01,AMZN,31.3024919,120.6001855,100.0,BUSY,M-L-001,V3
830,830,M-UAV-01,M600,31.3108767,120.6039862,30.5,AVAILABLE,,
830,830,M-UAV-02,M600,31.3062683,120.6025389,30.5,CONTINGENCY,,
831,831,EVTOL-01,EC35,31.2975506,120.5957036,199.9,BUSY,M-P-001,V1
831,831,L-UAV-01,AMZN,31.3026111,120.6002610,100.0,BUSY,M-L-001,V3
831,831,M-UAV-01,M600,31.3108767,120.6039862,30.5,AVAILABLE,,
831,831,M-UAV-02,M600,31.3062683,120.6025389,30.5,CONTINGENCY,,
832,832,EVTOL-01,EC35,31.2971929,120.5957773,199.9,BUSY,M-P-001,V1
832,832,L-UAV-01,AMZN,31.3027304,120.6003364,100.0,BUSY,M-L-001,V3
832,832,M-UAV-01,M600,31.3108767,120.6039862,30.5,AVAILABLE,,
832,832,M-UAV-02,M600,31.3062683,120.6025389,30.5,CONTINGENCY,,
833,833,EVTOL-01,EC35,31.2968446,120.5958978,199.9,BUSY,M-P-001,V1
833,833,L-UAV-01,AMZN,31.3028496,120.6004119,100.0,BUSY,M-L-001,V3
833,833,M-UAV-01,M600,31.3108767,120.6039862,30.5,AVAILABLE,,
833,833,M-UAV-02,M600,31.3062683,120.6025389,30.5,CONTINGENCY,,
834,834,EVTOL-01,EC35,31.2965102,120.5960636,199.9,BUSY,M-P-001,V1
834,834,L-UAV-01,AMZN,31.3029688,120.6004873,100.0,BUSY,M-L-001,V3
834,834,M-UAV-01,M600,31.3108767,120.6039862,30.5,AVAILABLE,,
834,834,M-UAV-02,M600,31.3062683,120.6025389,30.5,CONTINGENCY,,
835,835,EVTOL-01,EC35,31.2961939,120.5962726,199.9,BUSY,M-P-001,V1
835,835,L-UAV-01,AMZN,31.3030880,120.6005628,100.0,BUSY,M-L-001,V3
835,835,M-UAV-01,M600,31.3108767,120.6039862,30.5,AVAILABLE,,
835,835,M-UAV-02,M600,31.3062683,120.6025389,30.5,CONTINGENCY,,
836,836,EVTOL-01,EC35,31.2958999,120.5965220,199.9,BUSY,M-P-001,V1
836,836,L-UAV-01,AMZN,31.3032073,120.6006383,100.0,BUSY,M-L-001,V3
836,836,M-UAV-01,M600,31.3108767,120.6039862,30.5,AVAILABLE,,
836,836,M-UAV-02,M600,31.3062683,120.6025389,30.5,CONTINGENCY,,
837,837,EVTOL-01,EC35,31.2956318,120.5968087,199.9,BUSY,M-P-001,V1
837,837,L-UAV-01,AMZN,31.3033265,120.6007137,100.0,BUSY,M-L-001,V3
837,837,M-UAV-01,M600,31.3108767,120.6039862,30.5,AVAILABLE,,
837,837,M-UAV-02,M600,31.3062683,120.6025389,30.5,CONTINGENCY,,
838,838,EVTOL-01,EC35,31.2953931,120.5971291,199.9,BUSY,M-P-001,V1
838,838,L-UAV-01,AMZN,31.3034457,120.6007892,100.0,BUSY,M-L-001,V3
838,838,M-UAV-01,M600,31.3108767,120.6039862,30.5,AVAILABLE,,
838,838,M-UAV-02,M600,31.3062683,120.6025389,30.5,CONTINGENCY,,
839,839,EVTOL-01,EC35,31.2951868,120.5974789,199.9,BUSY,M-P-001,V1
839,839,L-UAV-01,AMZN,31.3035649,120.6008647,100.0,BUSY,M-L-001,V3
839,839,M-UAV-01,M600,31.3108767,120.6039862,30.5,AVAILABLE,,
839,839,M-UAV-02,M600,31.3062683,120.6025389,30.5,CONTINGENCY,,
840,840,EVTOL-01,EC35,31.2950157,120.5978538,199.9,BUSY,M-P-001,V1
840,840,L-UAV-01,AMZN,31.3036842,120.6009401,100.0,BUSY,M-L-001,V3
840,840,M-UAV-01,M600,31.3108767,120.6039862,30.5,AVAILABLE,,
840,840,M-UAV-02,M600,31.3062683,120.6025389,30.5,CONTINGENCY,,
841,841,EVTOL-01,EC35,31.2948818,120.5982489,199.9,BUSY,M-P-001,V1
841,841,L-UAV-01,AMZN,31.3038034,120.6010156,100.0,BUSY,M-L-001,V3
841,841,M-UAV-01,M600,31.3108767,120.6039862,30.5,AVAILABLE,,
841,841,M-UAV-02,M600,31.3062683,120.6025389,30.5,CONTINGENCY,,
842,842,EVTOL-01,EC35,31.2947870,120.5986592,199.9,BUSY,M-P-001,V1
842,842,L-UAV-01,AMZN,31.3039226,120.6010911,100.0,BUSY,M-L-001,V3
842,842,M-UAV-01,M600,31.3108767,120.6039862,30.5,AVAILABLE,,
842,842,M-UAV-02,M600,31.3062683,120.6025389,30.5,CONTINGENCY,,
843,843,EVTOL-01,EC35,31.2947323,120.5990794,199.9,BUSY,M-P-001,V1
843,843,L-UAV-01,AMZN,31.3040419,120.6011665,100.0,BUSY,M-L-001,V3
843,843,M-UAV-01,M600,31.3108767,120.6039862,30.5,AVAILABLE,,
843,843,M-UAV-02,M600,31.3062683,120.6025389,30.5,CONTINGENCY,,
844,844,EVTOL-01,EC35,31.2947186,120.5995041,199.9,BUSY,M-P-001,V1
844,844,L-UAV-01,AMZN,31.3041611,120.6012420,100.0,BUSY,M-L-001,V3
844,844,M-UAV-01,M600,31.3108767,120.6039862,30.5,AVAILABLE,,
844,844,M-UAV-02,M600,31.3062683,120.6025389,30.5,CONTINGENCY,,
845,845,EVTOL-01,EC35,31.2947460,120.5999279,199.9,BUSY,M-P-001,V1
845,845,L-UAV-01,AMZN,31.3042803,120.6013175,100.0,BUSY,M-L-001,V3
845,845,M-UAV-01,M600,31.3108767,120.6039862,30.5,AVAILABLE,,
845,845,M-UAV-02,M600,31.3062683,120.6025389,30.5,CONTINGENCY,,
846,846,EVTOL-01,EC35,31.2948142,120.6003454,199.9,BUSY,M-P-001,V1
846,846,L-UAV-01,AMZN,31.3043995,120.6013929,100.0,BUSY,M-L-001,V3
846,846,M-UAV-01,M600,31.3108767,120.6039862,30.5,AVAILABLE,,
846,846,M-UAV-02,M600,31.3062683,120.6025389,30.5,CONTINGENCY,,
847,847,EVTOL-01,EC35,31.2949222,120.6007512,199.9,BUSY,M-P-001,V1
847,847,L-UAV-01,AMZN,31.3045188,120.6014684,100.0,BUSY,M-L-001,V3
847,847,M-UAV-01,M600,31.3108767,120.6039862,30.5,AVAILABLE,,
847,847,M-UAV-02,M600,31.3062683,120.6025389,30.5,CONTINGENCY,,
848,848,EVTOL-01,EC35,31.2950687,120.6011401,199.9,BUSY,M-P-001,V1
848,848,L-UAV-01,AMZN,31.3046380,120.6015439,100.0,BUSY,M-L-001,V3
848,848,M-UAV-01,M600,31.3108767,120.6039862,30.5,AVAILABLE,,
848,848,M-UAV-02,M600,31.3062683,120.6025389,30.5,CONTINGENCY,,
849,849,EVTOL-01,EC35,31.2952518,120.6015072,199.9,BUSY,M-P-001,V1
849,849,L-UAV-01,AMZN,31.3047572,120.6016193,100.0,BUSY,M-L-001,V3
849,849,M-UAV-01,M600,31.3108767,120.6039862,30.5,AVAILABLE,,
849,849,M-UAV-02,M600,31.3062683,120.6025389,30.5,CONTINGENCY,,
850,850,EVTOL-01,EC35,31.2954692,120.6018477,199.9,BUSY,M-P-001,V1
850,850,L-UAV-01,AMZN,31.3048765,120.6016948,100.0,BUSY,M-L-001,V3
850,850,M-UAV-01,M600,31.3108767,120.6039862,30.5,AVAILABLE,,
850,850,M-UAV-02,M600,31.3062683,120.6025389,30.5,CONTINGENCY,,
851,851,EVTOL-01,EC35,31.2957180,120.6021573,199.9,BUSY,M-P-001,V1
851,851,L-UAV-01,AMZN,31.3049957,120.6017703,100.0,BUSY,M-L-001,V3
851,851,M-UAV-01,M600,31.3108767,120.6039862,30.5,AVAILABLE,,
851,851,M-UAV-02,M600,31.3062683,120.6025389,30.5,CONTINGENCY,,
852,852,EVTOL-01,EC35,31.2959952,120.6024320,199.9,BUSY,M-P-001,V1
852,852,L-UAV-01,AMZN,31.3051149,120.6018458,100.0,BUSY,M-L-001,V3
852,852,M-UAV-01,M600,31.3108767,120.6039862,30.5,AVAILABLE,,
852,852,M-UAV-02,M600,31.3062683,120.6025389,30.5,CONTINGENCY,,
853,853,EVTOL-01,EC35,31.2962971,120.6026682,199.9,BUSY,M-P-001,V1
853,853,L-UAV-01,AMZN,31.3052341,120.6019212,100.0,BUSY,M-L-001,V3
853,853,M-UAV-01,M600,31.3108767,120.6039862,30.5,AVAILABLE,,
853,853,M-UAV-02,M600,31.3062683,120.6025389,30.5,CONTINGENCY,,
854,854,EVTOL-01,EC35,31.2966199,120.6028631,199.9,BUSY,M-P-001,V1
854,854,L-UAV-01,AMZN,31.3053534,120.6019967,100.0,BUSY,M-L-001,V3
854,854,M-UAV-01,M600,31.3108767,120.6039862,30.5,AVAILABLE,,
854,854,M-UAV-02,M600,31.3062683,120.6025389,30.5,CONTINGENCY,,
855,855,EVTOL-01,EC35,31.2969594,120.6030140,199.9,BUSY,M-P-001,V1
855,855,L-UAV-01,AMZN,31.3054726,120.6020722,100.0,BUSY,M-L-001,V3
855,855,M-UAV-01,M600,31.3108767,120.6039862,30.5,AVAILABLE,,
855,855,M-UAV-02,M600,31.3062683,120.6025389,30.5,CONTINGENCY,,
856,856,EVTOL-01,EC35,31.2973113,120.6031190,199.9,BUSY,M-P-001,V1
856,856,L-UAV-01,AMZN,31.3055918,120.6021476,100.0,BUSY,M-L-001,V3
856,856,M-UAV-01,M600,31.3108767,120.6039862,30.5,AVAILABLE,,
856,856,M-UAV-02,M600,31.3062683,120.6025389,30.5,CONTINGENCY,,
857,857,EVTOL-01,EC35,31.2976711,120.6031769,199.9,BUSY,M-P-001,V1
857,857,L-UAV-01,AMZN,31.3057110,120.6022231,100.0,BUSY,M-L-001,V3
857,857,M-UAV-01,M600,31.3108767,120.6039862,30.5,AVAILABLE,,
857,857,M-UAV-02,M600,31.3062683,120.6025389,30.5,CONTINGENCY,,
858,858,EVTOL-01,EC35,31.2980338,120.6031991,199.9,BUSY,M-P-001,V1
858,858,L-UAV-01,AMZN,31.3058303,120.6022986,100.0,BUSY,M-L-001,V2
858,858,M-UAV-01,M600,31.3108767,120.6039862,30.5,AVAILABLE,,
858,858,M-UAV-02,M600,31.3062683,120.6025389,30.5,CONTINGENCY,,
859,859,EVTOL-01,EC35,31.2983965,120.6032213,199.9,BUSY,M-P-001,V1
859,859,L-UAV-01,AMZN,31.3059633,120.6023289,100.0,BUSY,M-L-001,V2
859,859,M-UAV-01,M600,31.3108767,120.6039862,30.5,AVAILABLE,,
859,859,M-UAV-02,M600,31.3062683,120.6025389,30.5,CONTINGENCY,,
860,860,EVTOL-01,EC35,31.2987592,120.6032436,199.9,BUSY,M-P-001,V1
860,860,L-UAV-01,AMZN,31.3060980,120.6023113,100.0,BUSY,M-L-001,V2
860,860,M-UAV-01,M600,31.3108767,120.6039862,30.5,AVAILABLE,,
860,860,M-UAV-02,M600,31.3062683,120.6025389,30.5,CONTINGENCY,,
861,861,EVTOL-01,EC35,31.2991219,120.6032658,199.9,BUSY,M-P-001,V1
861,861,L-UAV-01,AMZN,31.3062221,120.6022474,100.0,BUSY,M-L-001,V2
861,861,M-UAV-01,M600,31.3108767,120.6039862,30.5,AVAILABLE,,
861,861,M-UAV-02,M600,31.3062683,120.6025389,30.5,CONTINGENCY,,
862,862,EVTOL-01,EC35,31.2994846,120.6032880,199.9,BUSY,M-P-001,V1
862,862,L-UAV-01,AMZN,31.3063242,120.6021431,100.0,BUSY,M-L-001,V2
862,862,M-UAV-01,M600,31.3108767,120.6039862,30.5,AVAILABLE,,
862,862,M-UAV-02,M600,31.3062683,120.6025389,30.5,CONTINGENCY,,
863,863,EVTOL-01,EC35,31.2998473,120.6033102,199.9,BUSY,M-P-001,V1
863,863,L-UAV-01,AMZN,31.3063950,120.6020078,100.0,BUSY,M-L-001,V2
863,863,M-UAV-01,M600,31.3108767,120.6039862,30.5,AVAILABLE,,
863,863,M-UAV-02,M600,31.3062683,120.6025389,30.5,CONTINGENCY,,
864,864,EVTOL-01,EC35,31.3002100,120.6033325,199.9,BUSY,M-P-001,V1
864,864,L-UAV-01,AMZN,31.3064280,120.6018539,100.0,BUSY,M-L-001,V2
864,864,M-UAV-01,M600,31.3108767,120.6039862,30.5,AVAILABLE,,
864,864,M-UAV-02,M600,31.3062683,120.6025389,30.5,CONTINGENCY,,
865,865,EVTOL-01,EC35,31.3005727,120.6033547,199.9,BUSY,M-P-001,V1
865,865,L-UAV-01,AMZN,31.3064203,120.6016956,100.0,BUSY,M-L-001,V2
865,865,M-UAV-01,M600,31.3108767,120.6039862,30.5,AVAILABLE,,
865,865,M-UAV-02,M600,31.3062683,120.6025389,30.5,CONTINGENCY,,
866,866,EVTOL-01,EC35,31.3009354,120.6033769,199.9,BUSY,M-P-001,V1
866,866,L-UAV-01,AMZN,31.3063725,120.6015471,100.0,BUSY,M-L-001,V2
866,866,M-UAV-01,M600,31.3108767,120.6039862,30.5,AVAILABLE,,
866,866,M-UAV-02,M600,31.3062683,120.6025389,30.5,CONTINGENCY,,
867,867,EVTOL-01,EC35,31.3012981,120.6033991,199.9,BUSY,M-P-001,V1
867,867,L-UAV-01,AMZN,31.3062889,120.6014222,100.0,BUSY,M-L-001,V2
867,867,M-UAV-01,M600,31.3108767,120.6039862,30.5,AVAILABLE,,
867,867,M-UAV-02,M600,31.3062683,120.6025389,30.5,CONTINGENCY,,
868,868,EVTOL-01,EC35,31.3016607,120.6034214,199.9,BUSY,M-P-001,V1
868,868,L-UAV-01,AMZN,31.3061773,120.6013322,100.0,BUSY,M-L-001,V2
868,868,M-UAV-01,M600,31.3108767,120.6039862,30.5,AVAILABLE,,
868,868,M-UAV-02,M600,31.3062683,120.6025389,30.5,CONTINGENCY,,
869,869,EVTOL-01,EC35,31.3020234,120.6034436,199.9,BUSY,M-P-001,V1
869,869,L-UAV-01,AMZN,31.3060581,120.6012567,100.0,BUSY,M-L-001,V2
869,869,M-UAV-01,M600,31.3108767,120.6039862,30.5,AVAILABLE,,
869,869,M-UAV-02,M600,31.3062683,120.6025389,30.5,CONTINGENCY,,
870,870,EVTOL-01,EC35,31.3023861,120.6034658,199.9,BUSY,M-P-001,V1
870,870,L-UAV-01,AMZN,31.3059388,120.6011812,100.0,BUSY,M-L-001,V2
870,870,M-UAV-01,M600,31.3108767,120.6039862,30.5,AVAILABLE,,
870,870,M-UAV-02,M600,31.3062683,120.6025389,30.5,CONTINGENCY,,
871,871,EVTOL-01,EC35,31.3027488,120.6034880,199.9,BUSY,M-P-001,V1
871,871,L-UAV-01,AMZN,31.3058196,120.6011058,100.0,BUSY,M-L-001,V2
871,871,M-UAV-01,M600,31.3108767,120.6039862,30.5,AVAILABLE,,
871,871,M-UAV-02,M600,31.3062683,120.6025389,30.5,CONTINGENCY,,
872,872,EVTOL-01,EC35,31.3031115,120.6035103,199.9,BUSY,M-P-001,V1
872,872,L-UAV-01,AMZN,31.3057004,120.6010303,100.0,BUSY,M-L-001,V2
872,872,M-UAV-01,M600,31.3108767,120.6039862,30.5,AVAILABLE,,
872,872,M-UAV-02,M600,31.3062683,120.6025389,30.5,CONTINGENCY,,
873,873,EVTOL-01,EC35,31.3034742,120.6035325,199.9,BUSY,M-P-001,V1
873,873,L-UAV-01,AMZN,31.3055812,120.6009548,100.0,BUSY,M-L-001,V2
873,873,M-UAV-01,M600,31.3108767,120.6039862,30.5,AVAILABLE,,
873,873,M-UAV-02,M600,31.3062683,120.6025389,30.5,CONTINGENCY,,
874,874,EVTOL-01,EC35,31.3038369,120.6035547,199.9,BUSY,M-P-001,V1
874,874,L-UAV-01,AMZN,31.3054619,120.6008794,100.0,BUSY,M-L-001,V2
874,874,M-UAV-01,M600,31.3108767,120.6039862,30.5,AVAILABLE,,
874,874,M-UAV-02,M600,31.3062683,120.6025389,30.5,CONTINGENCY,,
875,875,EVTOL-01,EC35,31.3041996,120.6035769,199.9,BUSY,M-P-001,V1
875,875,L-UAV-01,AMZN,31.3053427,120.6008039,100.0,BUSY,M-L-001,V2
875,875,M-UAV-01,M600,31.3108767,120.6039862,30.5,AVAILABLE,,
875,875,M-UAV-02,M600,31.3062683,120.6025389,30.5,CONTINGENCY,,
876,876,EVTOL-01,EC35,31.3045623,120.6035992,199.9,BUSY,M-P-001,V1
876,876,L-UAV-01,AMZN,31.3052235,120.6007284,100.0,BUSY,M-L-001,V2
876,876,M-UAV-01,M600,31.3108767,120.6039862,30.5,AVAILABLE,,
876,876,M-UAV-02,M600,31.3062683,120.6025389,30.5,CONTINGENCY,,
877,877,EVTOL-01,EC35,31.3049250,120.6036214,199.9,BUSY,M-P-001,V1
877,877,L-UAV-01,AMZN,31.3051042,120.6006530,100.0,BUSY,M-L-001,V2
877,877,M-UAV-01,M600,31.3108767,120.6039862,30.5,AVAILABLE,,
877,877,M-UAV-02,M600,31.3062683,120.6025389,30.5,CONTINGENCY,,
878,878,EVTOL-01,EC35,31.3052877,120.6036436,199.9,BUSY,M-P-001,V1
878,878,L-UAV-01,AMZN,31.3049850,120.6005775,100.0,BUSY,M-L-001,V2
878,878,M-UAV-01,M600,31.3108767,120.6039862,30.5,AVAILABLE,,
878,878,M-UAV-02,M600,31.3062683,120.6025389,30.5,CONTINGENCY,,
879,879,EVTOL-01,EC35,31.3056504,120.6036658,199.9,BUSY,M-P-001,V1
879,879,L-UAV-01,AMZN,31.3048658,120.6005020,100.0,BUSY,M-L-001,V2
879,879,M-UAV-01,M600,31.3108767,120.6039862,30.5,AVAILABLE,,
879,879,M-UAV-02,M600,31.3062683,120.6025389,30.5,CONTINGENCY,,
880,880,EVTOL-01,EC35,31.3060131,120.6036881,199.9,BUSY,M-P-001,V1
880,880,L-UAV-01,AMZN,31.3047466,120.6004266,100.0,BUSY,M-L-001,V2
880,880,M-UAV-01,M600,31.3108767,120.6039862,30.5,AVAILABLE,,
880,880,M-UAV-02,M600,31.3062683,120.6025389,30.5,CONTINGENCY,,
881,881,EVTOL-01,EC35,31.3063758,120.6037103,199.9,BUSY,M-P-001,V1
881,881,L-UAV-01,AMZN,31.3046273,120.6003511,100.0,BUSY,M-L-001,V2
881,881,M-UAV-01,M600,31.3108767,120.6039862,30.5,AVAILABLE,,
881,881,M-UAV-02,M600,31.3062683,120.6025389,30.5,CONTINGENCY,,
882,882,EVTOL-01,EC35,31.3067385,120.6037325,199.9,BUSY,M-P-001,V1
882,882,L-UAV-01,AMZN,31.3045081,120.6002756,100.0,BUSY,M-L-001,V2
882,882,M-UAV-01,M600,31.3108767,120.6039862,30.5,AVAILABLE,,
882,882,M-UAV-02,M600,31.3062683,120.6025389,30.5,CONTINGENCY,,
883,883,EVTOL-01,EC35,31.3071011,120.6037548,199.9,BUSY,M-P-001,V1
883,883,L-UAV-01,AMZN,31.3043889,120.6002002,100.0,BUSY,M-L-001,V2
883,883,M-UAV-01,M600,31.3108767,120.6039862,30.5,AVAILABLE,,
883,883,M-UAV-02,M600,31.3062683,120.6025389,30.5,CONTINGENCY,,
884,884,EVTOL-01,EC35,31.3074638,120.6037770,199.9,BUSY,M-P-001,V1
884,884,L-UAV-01,AMZN,31.3042696,120.6001247,100.0,BUSY,M-L-001,V2
884,884,M-UAV-01,M600,31.3108767,120.6039862,30.5,AVAILABLE,,
884,884,M-UAV-02,M600,31.3062683,120.6025389,30.5,CONTINGENCY,,
885,885,EVTOL-01,EC35,31.3078265,120.6037992,199.9,BUSY,M-P-001,V1
885,885,L-UAV-01,AMZN,31.3041504,120.6000492,100.0,BUSY,M-L-001,V2
885,885,M-UAV-01,M600,31.3108767,120.6039862,30.5,AVAILABLE,,
885,885,M-UAV-02,M600,31.3062683,120.6025389,30.5,CONTINGENCY,,
886,886,EVTOL-01,EC35,31.3081892,120.6038214,199.9,BUSY,M-P-001,V1
886,886,L-UAV-01,AMZN,31.3040312,120.5999738,100.0,BUSY,M-L-001,V2
886,886,M-UAV-01,M600,31.3108767,120.6039862,30.5,AVAILABLE,,
886,886,M-UAV-02,M600,31.3062683,120.6025389,30.5,CONTINGENCY,,
887,887,EVTOL-01,EC35,31.3085519,120.6038437,199.9,BUSY,M-P-001,V1
887,887,L-UAV-01,AMZN,31.3039120,120.5998983,100.0,BUSY,M-L-001,V2
887,887,M-UAV-01,M600,31.3108767,120.6039862,30.5,AVAILABLE,,
887,887,M-UAV-02,M600,31.3062683,120.6025389,30.5,CONTINGENCY,,
888,888,EVTOL-01,EC35,31.3089146,120.6038659,199.9,BUSY,M-P-001,V1
888,888,L-UAV-01,AMZN,31.3037927,120.5998228,100.0,BUSY,M-L-001,V2
888,888,M-UAV-01,M600,31.3108767,120.6039862,30.5,AVAILABLE,,
888,888,M-UAV-02,M600,31.3062683,120.6025389,30.5,CONTINGENCY,,
889,889,EVTOL-01,EC35,31.3092773,120.6038881,199.9,BUSY,M-P-001,V1
889,889,L-UAV-01,AMZN,31.3036735,120.5997474,100.0,BUSY,M-L-001,V2
889,889,M-UAV-01,M600,31.3108767,120.6039862,30.5,AVAILABLE,,
889,889,M-UAV-02,M600,31.3062683,120.6025389,30.5,CONTINGENCY,,
890,890,EVTOL-01,EC35,31.3096400,120.6039104,199.9,BUSY,M-P-001,V1
890,890,L-UAV-01,AMZN,31.3035543,120.5996719,100.0,BUSY,M-L-001,V2
890,890,M-UAV-01,M600,31.3108767,120.6039862,30.5,AVAILABLE,,
890,890,M-UAV-02,M600,31.3062683,120.6025389,30.5,CONTINGENCY,,
891,891,EVTOL-01,EC35,31.3100027,120.6039326,199.9,BUSY,M-P-001,V2
891,891,L-UAV-01,AMZN,31.3034350,120.5995964,100.0,BUSY,M-L-001,V2
891,891,M-UAV-01,M600,31.3108767,120.6039862,30.5,AVAILABLE,,
891,891,M-UAV-02,M600,31.3062683,120.6025389,30.5,CONTINGENCY,,
892,892,EVTOL-01,EC35,31.3103652,120.6039067,199.9,BUSY,M-P-001,V2
892,892,L-UAV-01,AMZN,31.3033158,120.5995210,100.0,BUSY,M-L-001,V2
892,892,M-UAV-01,M600,31.3108767,120.6039862,30.5,AVAILABLE,,
892,892,M-UAV-02,M600,31.3062683,120.6025389,30.5,CONTINGENCY,,
893,893,EVTOL-01,EC35,31.3107229,120.6038330,199.9,BUSY,M-P-001,V2
893,893,L-UAV-01,AMZN,31.3031966,120.5994455,100.0,BUSY,M-L-001,V2
893,893,M-UAV-01,M600,31.3108767,120.6039862,30.5,AVAILABLE,,
893,893,M-UAV-02,M600,31.3062683,120.6025389,30.5,CONTINGENCY,,
894,894,EVTOL-01,EC35,31.3110712,120.6037126,199.9,BUSY,M-P-001,V2
894,894,L-UAV-01,AMZN,31.3030774,120.5993700,100.0,BUSY,M-L-001,V2
894,894,M-UAV-01,M600,31.3108767,120.6039862,30.5,AVAILABLE,,
894,894,M-UAV-02,M600,31.3062683,120.6025389,30.5,CONTINGENCY,,
895,895,EVTOL-01,EC35,31.3114056,120.6035468,199.9,BUSY,M-P-001,V2
895,895,L-UAV-01,AMZN,31.3029581,120.5992946,100.0,BUSY,M-L-001,V2
895,895,M-UAV-01,M600,31.3108767,120.6039862,30.5,AVAILABLE,,
895,895,M-UAV-02,M600,31.3062683,120.6025389,30.5,CONTINGENCY,,
896,896,EVTOL-01,EC35,31.3117219,120.6033378,199.9,BUSY,M-P-001,V2
896,896,L-UAV-01,AMZN,31.3028389,120.5992191,100.0,BUSY,M-L-001,V2
896,896,M-UAV-01,M600,31.3108767,120.6039862,30.5,AVAILABLE,,
896,896,M-UAV-02,M600,31.3062683,120.6025389,30.5,CONTINGENCY,,
897,897,EVTOL-01,EC35,31.3120160,120.6030884,199.9,BUSY,M-P-001,V2
897,897,L-UAV-01,AMZN,31.3027197,120.5991436,100.0,BUSY,M-L-001,V2
897,897,M-UAV-01,M600,31.3108767,120.6039862,30.5,AVAILABLE,,
897,897,M-UAV-02,M600,31.3062683,120.6025389,30.5,CONTINGENCY,,
898,898,EVTOL-01,EC35,31.3122841,120.6028016,199.9,BUSY,M-P-001,V2
898,898,L-UAV-01,AMZN,31.3026004,120.5990682,100.0,BUSY,M-L-001,V2
898,898,M-UAV-01,M600,31.3108767,120.6039862,30.5,AVAILABLE,,
898,898,M-UAV-02,M600,31.3062683,120.6025389,30.5,CONTINGENCY,,
899,899,EVTOL-01,EC35,31.3125229,120.6024813,199.9,BUSY,M-P-001,V2
899,899,L-UAV-01,AMZN,31.3024812,120.5989927,100.0,BUSY,M-L-001,V2
899,899,M-UAV-01,M600,31.3108767,120.6039862,30.5,AVAILABLE,,
899,899,M-UAV-02,M600,31.3062683,120.6025389,30.5,CONTINGENCY,,
900,900,EVTOL-01,EC35,31.3127291,120.6021314,199.9,BUSY,M-P-001,V2
900,900,L-UAV-01,AMZN,31.3023620,120.5989173,100.0,BUSY,M-L-001,V2
900,900,M-UAV-01,M600,31.3108767,120.6039862,30.5,AVAILABLE,,
900,900,M-UAV-02,M600,31.3062683,120.6025389,30.5,CONTINGENCY,,
