t,sim_time_s,aircraft_id,type,lat,lon,alt_m,status,mission_id,dest
1,1,EVTOL-01,EC35,31.2982651,120.5962989,199.9,BUSY,M-P-001,V1
1,1,L-UAV-01,AMZN,31.2987296,120.5968153,100.0,BUSY,M-L-001,V3
1,1,M-UAV-01,M600,31.3108767,120.6039862,98.5,AVAILABLE,,
1,1,M-UAV-02,M600,31.2971716,120.5956323,98.5,AVAILABLE,,
2,2,EVTOL-01,EC35,31.2985875,120.5964953,199.9,BUSY,M-P-001,V1
2,2,L-UAV-01,AMZN,31.2988435,120.5969017,100.0,BUSY,M-L-001,V3
2,2,M-UAV-01,M600,31.3108767,120.6039862,95.4,AVAILABLE,,
2,2,M-UAV-02,M600,31.2971716,120.5956323,95.4,AVAILABLE,,
3,3,EVTOL-01,EC35,31.2989098,120.5966918,199.9,BUSY,M-P-001,V1
3,3,L-UAV-01,AMZN,31.2989574,120.5969882,100.0,BUSY,M-L-001,V3
3,3,M-UAV-01,M600,31.3108767,120.6039862,90.8,AVAILABLE,,
3,3,M-UAV-02,M600,31.2971716,120.5956323,90.8,AVAILABLE,,
4,4,EVTOL-01,EC35,31.2992321,120.5968882,199.9,BUSY,M-P-001,V1
4,4,L-UAV-01,AMZN,31.2990712,120.5970746,100.0,BUSY,M-L-001,V3
4,4,M-UAV-01,M600,31.3108767,120.6039862,84.7,AVAILABLE,,
4,4,M-UAV-02,M600,31.2971716,120.5956323,84.7,AVAILABLE,,
5,5,EVTOL-01,EC35,31.2995544,120.5970846,199.9,BUSY,M-P-001,V1
5,5,L-UAV-01,AMZN,31.2991851,120.5971611,100.0,BUSY,M-L-001,V3
5,5,M-UAV-01,M600,31.3108767,120.6039862,77.1,AVAILABLE,,
5,5,M-UAV-02,M600,31.2971716,120.5956323,77.1,AVAILABLE,,
6,6,EVTOL-01,EC35,31.2998767,120.5972811,199.9,BUSY,M-P-001,V1
6,6,L-UAV-01,AMZN,31.2992990,120.5972475,100.0,BUSY,M-L-001,V3
6,6,M-UAV-01,M600,31.3108767,120.6039862,69.5,AVAILABLE,,
6,6,M-UAV-02,M600,31.2971716,120.5956323,69.5,AVAILABLE,,
7,7,EVTOL-01,EC35,31.3001991,120.5974775,199.9,BUSY,M-P-001,V1
7,7,L-UAV-01,AMZN,31.2994129,120.5973340,100.0,BUSY,M-L-001,V3
7,7,M-UAV-01,M600,31.3108767,120.6039862,61.9,AVAILABLE,,
7,7,M-UAV-02,M600,31.2971716,120.5956323,61.9,AVAILABLE,,
8,8,EVTOL-01,EC35,31.3005214,120.5976740,199.9,BUSY,M-P-001,V1
8,8,L-UAV-01,AMZN,31.2995268,120.5974204,100.0,BUSY,M-L-001,V3
8,8,M-UAV-01,M600,31.3108767,120.6039862,54.3,AVAILABLE,,
8,8,M-UAV-02,M600,31.2971716,120.5956323,54.3,AVAILABLE,,
9,9,EVTOL-01,EC35,31.3008437,120.5978704,199.9,BUSY,M-P-001,V1
9,9,L-UAV-01,AMZN,31.2996407,120.5975069,100.0,BUSY,M-L-001,V3
9,9,M-UAV-01,M600,31.3108767,120.6039862,46.6,AVAILABLE,,
9,9,M-UAV-02,M600,31.2971716,120.5956323,46.6,AVAILABLE,,
10,10,EVTOL-01,EC35,31.3011660,120.5980669,199.9,BUSY,M-P-001,V1
10,10,L-UAV-01,AMZN,31.2997545,120.5975934,100.0,BUSY,M-L-001,V3
10,10,M-UAV-01,M600,31.3108767,120.6039862,39.0,AVAILABLE,,
10,10,M-UAV-02,M600,31.2971716,120.5956323,39.0,AVAILABLE,,
11,11,EVTOL-01,EC35,31.3014883,120.5982633,199.9,BUSY,M-P-001,V1
11,11,L-UAV-01,AMZN,31.2998684,120.5976798,100.0,BUSY,M-L-001,V3
11,11,M-UAV-01,M600,31.3108767,120.6039862,31.4,AVAILABLE,,
11,11,M-UAV-02,M600,31.2971716,120.5956323,31.4,AVAILABLE,,
12,12,EVTOL-01,EC35,31.3018106,120.5984598,199.9,BUSY,M-P-001,V1
12,12,L-UAV-01,AMZN,31.2999823,120.5977663,100.0,BUSY,M-L-001,V3
12,12,M-UAV-01,M600,31.3108767,120.6039862,30.5,AVAILABLE,,
12,12,M-UAV-02,M600,31.2971716,120.5956323,30.5,AVAILABLE,,
13,13,EVTOL-01,EC35,31.3021330,120.5986562,199.9,BUSY,M-P-001,V1
13,13,L-UAV-01,AMZN,31.3000962,120.5978527,100.0,BUSY,M-L-001,V3
13,13,M-UAV-01,M600,31.3108767,120.6039862,30.5,AVAILABLE,,
13,13,M-UAV-02,M600,31.2971716,120.5956323,30.5,AVAILABLE,,
14,14,EVTOL-01,EC35,31.3024553,120.5988527,199.9,BUSY,M-P-001,V1
14,14,L-UAV-01,AMZN,31.3002101,120.5979392,100.0,BUSY,M-L-001,V3
14,14,M-UAV-01,M600,31.3108767,120.6039862,30.5,AVAILABLE,,
14,14,M-UAV-02,M600,31.2971716,120.5956323,30.5,AVAILABLE,,
15,15,EVTOL-01,EC35,31.3027776,120.5990491,199.9,BUSY,M-P-001,V1
15,15,L-UAV-01,AMZN,31.3003239,120.5980257,100.0,BUSY,M-L-001,V3
15,15,M-UAV-01,M600,31.3108767,120.6039862,30.5,AVAILABLE,,
15,15,M-UAV-02,M600,31.2971716,120.5956323,30.5,AVAILABLE,,
16,16,EVTOL-01,EC35,31.3030999,120.5992456,199.9,BUSY,M-P-001,V1
16,16,L-UAV-01,AMZN,31.3004378,120.5981121,100.0,BUSY,M-L-001,V3
16,16,M-UAV-01,M600,31.3108767,120.6039862,30.5,AVAILABLE,,
16,16,M-UAV-02,M600,31.2971716,120.5956323,30.5,AVAILABLE,,
17,17,EVTOL-01,EC35,31.3034222,120.5994420,199.9,BUSY,M-P-001,V1
17,17,L-UAV-01,AMZN,31.3005517,120.5981986,100.0,BUSY,M-L-001,V3
17,17,M-UAV-01,M600,31.3108767,120.6039862,30.5,AVAILABLE,,
17,17,M-UAV-02,M600,31.2971716,120.5956323,30.5,AVAILABLE,,
18,18,EVTOL-01,EC35,31.3037445,120.5996385,199.9,BUSY,M-P-001,V1
18,18,L-UAV-01,AMZN,31.3006656,120.5982850,100.0,BUSY,M-L-001,V3
18,18,M-UAV-01,M600,31.3108767,120.6039862,30.5,AVAILABLE,,
18,18,M-UAV-02,M600,31.2971716,120.5956323,30.5,AVAILABLE,,
19,19,EVTOL-01,EC35,31.3040669,120.5998350,199.9,BUSY,M-P-001,V1
19,19,L-UAV-01,AMZN,31.3007795,120.5983715,100.0,BUSY,M-L-001,V3
19,19,M-UAV-01,M600,31.3108767,120.6039862,30.5,AVAILABLE,,
19,19,M-UAV-02,M600,31.2971716,120.5956323,30.5,AVAILABLE,,
20,20,EVTOL-01,EC35,31.3043892,120.6000314,199.9,BUSY,M-P-001,V1
20,20,L-UAV-01,AMZN,31.3008933,120.5984579,100.0,BUSY,M-L-001,V3
20,20,M-UAV-01,M600,31.3108767,120.6039862,30.5,AVAILABLE,,
20,20,M-UAV-02,M600,31.2971716,120.5956323,30.5,AVAILABLE,,
21,21,EVTOL-01,EC35,31.3047115,120.6002279,199.9,BUSY,M-P-001,V1
21,21,L-UAV-01,AMZN,31.3010072,120.5985444,100.0,BUSY,M-L-001,V3
21,21,M-UAV-01,M600,31.3108767,120.6039862,30.5,AVAILABLE,,
21,21,M-UAV-02,M600,31.2971716,120.5956323,30.5,AVAILABLE,,
22,22,EVTOL-01,EC35,31.3050338,120.6004244,199.9,BUSY,M-P-001,V1
22,22,L-UAV-01,AMZN,31.3011211,120.5986309,100.0,BUSY,M-L-001,V3
22,22,M-UAV-01,M600,31.3108767,120.6039862,30.5,AVAILABLE,,
22,22,M-UAV-02,M600,31.2971716,120.5956323,30.5,AVAILABLE,,
23,23,EVTOL-01,EC35,31.3053561,120.6006208,199.9,BUSY,M-P-001,V1
23,23,L-UAV-01,AMZN,31.3012350,120.5987173,100.0,BUSY,M-L-001,V3
23,23,M-UAV-01,M600,31.3108767,120.6039862,30.5,AVAILABLE,,
23,23,M-UAV-02,M600,31.2971716,120.5956323,30.5,AVAILABLE,,
24,24,EVTOL-01,EC35,31.3056784,120.6008173,199.9,BUSY,M-P-001,V1
24,24,L-UAV-01,AMZN,31.3013489,120.5988038,100.0,BUSY,M-L-001,V3
24,24,M-UAV-01,M600,31.3108767,120.6039862,30.5,AVAILABLE,,
24,24,M-UAV-02,M600,31.2971716,120.5956323,30.5,AVAILABLE,,
25,25,EVTOL-01,EC35,31.3060007,120.6010138,199.9,BUSY,M-P-001,V1
25,25,L-UAV-01,AMZN,31.3014628,120.5988902,100.0,BUSY,M-L-001,V3
25,25,M-UAV-01,M600,31.3108767,120.6039862,30.5,AVAILABLE,,
25,25,M-UAV-02,M600,31.2971716,120.5956323,30.5,AVAILABLE,,
26,26,EVTOL-01,EC35,31.3063231,120.6012102,199.9,BUSY,M-P-001,V1
26,26,L-UAV-01,AMZN,31.3015766,120.5989767,100.0,BUSY,M-L-001,V3
26,26,M-UAV-01,M600,31.3108767,120.6039862,30.5,AVAILABLE,,
26,26,M-UAV-02,M600,31.2971716,120.5956323,30.5,AVAILABLE,,
27,27,EVTOL-01,EC35,31.3066454,120.6014067,199.9,BUSY,M-P-001,V1
27,27,L-UAV-01,AMZN,31.3016905,120.5990632,100.0,BUSY,M-L-001,V3
27,27,M-UAV-01,M600,31.3108767,120.6039862,30.5,AVAILABLE,,
27,27,M-UAV-02,M600,31.2971716,120.5956323,30.5,AVAILABLE,,
28,28,EVTOL-01,EC35,31.3069677,120.6016032,199.9,BUSY,M-P-001,V1
28,28,L-UAV-01,AMZN,31.3018044,120.5991496,100.0,BUSY,M-L-001,V3
28,28,M-UAV-01,M600,31.3108767,120.6039862,30.5,AVAILABLE,,
28,28,M-UAV-02,M600,31.2971716,120.5956323,30.5,AVAILABLE,,
29,29,EVTOL-01,EC35,31.3072900,120.6017997,199.9,BUSY,M-P-001,V1
29,29,L-UAV-01,AMZN,31.3019183,120.5992361,100.0,BUSY,M-L-001,V3
29,29,M-UAV-01,M600,31.3108767,120.6039862,30.5,AVAILABLE,,
29,29,M-UAV-02,M600,31.2971716,120.5956323,30.5,AVAILABLE,,
30,30,EVTOL-01,EC35,31.3076123,120.6019961,199.9,BUSY,M-P-001,V1
30,30,L-UAV-01,AMZN,31.3020322,120.5993226,100.0,BUSY,M-L-001,V3
30,30,M-UAV-01,M600,31.3108767,120.6039862,30.5,AVAILABLE,,
30,30,M-UAV-02,M600,31.2971716,120.5956323,30.5,AVAILABLE,,
31,31,EVTOL-01,EC35,31.3079346,120.6021926,199.9,BUSY,M-P-001,V1
31,31,L-UAV-01,AMZN,31.3021460,120.5994090,100.0,BUSY,M-L-001,V3
31,31,M-UAV-01,M600,31.3108767,120.6039862,30.5,AVAILABLE,,
31,31,M-UAV-02,M600,31.2971716,120.5956323,30.5,AVAILABLE,,
32,32,EVTOL-01,EC35,31.3082569,120.6023891,199.9,BUSY,M-P-001,V1
32,32,L-UAV-01,AMZN,31.3022599,120.5994955,100.0,BUSY,M-L-001,V3
32,32,M-UAV-01,M600,31.3108767,120.6039862,30.5,AVAILABLE,,
32,32,M-UAV-02,M600,31.2971716,120.5956323,30.5,AVAILABLE,,
33,33,EVTOL-01,EC35,31.3085792,120.6025856,199.9,BUSY,M-P-001,V1
33,33,L-UAV-01,AMZN,31.3023738,120.5995819,100.0,BUSY,M-L-001,V3
33,33,M-UAV-01,M600,31.3108767,120.6039862,30.5,AVAILABLE,,
33,33,M-UAV-02,M600,31.2971716,120.5956323,30.5,AVAILABLE,,
34,34,EVTOL-01,EC35,31.3089016,120.6027821,199.9,BUSY,M-P-001,V1
34,34,L-UAV-01,AMZN,31.3024877,120.5996684,100.0,BUSY,M-L-001,V3
34,34,M-UAV-01,M600,31.3108767,120.6039862,30.5,AVAILABLE,,
34,34,M-UAV-02,M600,31.2971716,120.5956323,30.5,AVAILABLE,,
35,35,EVTOL-01,EC35,31.3092239,120.6029785,199.9,BUSY,M-P-001,V1
35,35,L-UAV-01,AMZN,31.3026016,120.5997549,100.0,BUSY,M-L-001,V3
35,35,M-UAV-01,M600,31.3108767,120.6039862,30.5,AVAILABLE,,
35,35,M-UAV-02,M600,31.2971716,120.5956323,30.5,AVAILABLE,,
36,36,EVTOL-01,EC35,31.3095462,120.6031750,199.9,BUSY,M-P-001,V1
36,36,L-UAV-01,AMZN,31.3027154,120.5998413,100.0,BUSY,M-L-001,V3
36,36,M-UAV-01,M600,31.3108767,120.6039862,30.5,AVAILABLE,,
36,36,M-UAV-02,M600,31.2971716,120.5956323,30.5,AVAILABLE,,
37,37,EVTOL-01,EC35,31.3098685,120.6033715,199.9,BUSY,M-P-001,V1
37,37,L-UAV-01,AMZN,31.3028293,120.5999278,100.0,BUSY,M-L-001,V3
37,37,M-UAV-01,M600,31.3108767,120.6039862,30.5,AVAILABLE,,
37,37,M-UAV-02,M600,31.2971716,120.5956323,30.5,AVAILABLE,,
38,38,EVTOL-01,EC35,31.3101908,120.6035680,199.9,BUSY,M-P-001,V2
38,38,L-UAV-01,AMZN,31.3029432,120.6000143,100.0,BUSY,M-L-001,V3
38,38,M-UAV-01,M600,31.3108767,120.6039862,30.5,AVAILABLE,,
38,38,M-UAV-02,M600,31.2971716,120.5956323,30.5,AVAILABLE,,
39,39,EVTOL-01,EC35,31.3105298,120.6037205,199.9,BUSY,M-P-001,V2
39,39,L-UAV-01,AMZN,31.3030571,120.6001007,100.0,BUSY,M-L-001,V3
39,39,M-UAV-01,M600,31.3108767,120.6039862,30.5,AVAILABLE,,
39,39,M-UAV-02,M600,31.2971716,120.5956323,30.5,AVAILABLE,,
40,40,EVTOL-01,EC35,31.3108814,120.6038272,199.9,BUSY,M-P-001,V2
40,40,L-UAV-01,AMZN,31.3031710,120.6001872,100.0,BUSY,M-L-001,V3
40,40,M-UAV-01,M600,31.3108767,120.6039862,30.5,AVAILABLE,,
40,40,M-UAV-02,M600,31.2971716,120.5956323,30.5,AVAILABLE,,
41,41,EVTOL-01,EC35,31.3112410,120.6038867,199.9,BUSY,M-P-001,V2
41,41,L-UAV-01,AMZN,31.3032848,120.6002736,100.0,BUSY,M-L-001,V3
41,41,M-UAV-01,M600,31.3108767,120.6039862,30.5,AVAILABLE,,
41,41,M-UAV-02,M600,31.2971716,120.5956323,30.5,AVAILABLE,,
42,42,EVTOL-01,EC35,31.3116040,120.6038983,199.9,BUSY,M-P-001,V2
42,42,L-UAV-01,AMZN,31.3033987,120.6003601,100.0,BUSY,M-L-001,V3
42,42,M-UAV-01,M600,31.3108767,120.6039862,30.5,AVAILABLE,,
42,42,M-UAV-02,M600,31.2971716,120.5956323,30.5,AVAILABLE,,
43,43,EVTOL-01,EC35,31.3119659,120.6038618,199.9,BUSY,M-P-001,V2
43,43,L-UAV-01,AMZN,31.3035126,120.6004466,100.0,BUSY,M-L-001,V3
43,43,M-UAV-01,M600,31.3108767,120.6039862,30.5,AVAILABLE,,
43,43,M-UAV-02,M600,31.2971716,120.5956323,30.5,AVAILABLE,,
44,44,EVTOL-01,EC35,31.3123219,120.6037777,199.9,BUSY,M-P-001,V2
44,44,L-UAV-01,AMZN,31.3036265,120.6005330,100.0,BUSY,M-L-001,V3
44,44,M-UAV-01,M600,31.3108767,120.6039862,30.5,AVAILABLE,,
44,44,M-UAV-02,M600,31.2971716,120.5956323,30.5,AVAILABLE,,
45,45,EVTOL-01,EC35,31.3126675,120.6036470,199.9,BUSY,M-P-001,V2
45,45,L-UAV-01,AMZN,31.3037404,120.6006195,100.0,BUSY,M-L-001,V3
45,45,M-UAV-01,M600,31.3108767,120.6039862,30.5,AVAILABLE,,
45,45,M-UAV-02,M600,31.2971716,120.5956323,30.5,AVAILABLE,,
46,46,EVTOL-01,EC35,31.3129983,120.6034714,199.9,BUSY,M-P-001,V2
46,46,L-UAV-01,AMZN,31.3038542,120.6007060,100.0,BUSY,M-L-001,V3
46,46,M-UAV-01,M600,31.3108767,120.6039862,30.5,AVAILABLE,,
46,46,M-UAV-02,M600,31.2971716,120.5956323,30.5,AVAILABLE,,
47,47,EVTOL-01,EC35,31.3133100,120.6032533,199.9,BUSY,M-P-001,V2
47,47,L-UAV-01,AMZN,31.3039681,120.6007924,100.0,BUSY,M-L-001,V3
47,47,M-UAV-01,M600,31.3108767,120.6039862,30.5,AVAILABLE,,
47,47,M-UAV-02,M600,31.2971716,120.5956323,30.5,AVAILABLE,,
48,48,EVTOL-01,EC35,31.3135987,120.6029953,199.9,BUSY,M-P-001,V2
48,48,L-UAV-01,AMZN,31.3040820,120.6008789,100.0,BUSY,M-L-001,V3
48,48,M-UAV-01,M600,31.3108767,120.6039862,30.5,AVAILABLE,,
48,48,M-UAV-02,M600,31.2971716,120.5956323,30.5,AVAILABLE,,
49,49,EVTOL-01,EC35,31.3138606,120.6027007,199.9,BUSY,M-P-001,V2
49,49,L-UAV-01,AMZN,31.3041959,120.6009654,100.0,BUSY,M-L-001,V3
49,49,M-UAV-01,M600,31.3108767,120.6039862,30.5,AVAILABLE,,
49,49,M-UAV-02,M600,31.2971716,120.5956323,30.5,AVAILABLE,,
50,50,EVTOL-01,EC35,31.3140923,120.6023735,199.9,BUSY,M-P-001,V2
50,50,L-UAV-01,AMZN,31.3043098,120.6010518,100.0,BUSY,M-L-001,V3
50,50,M-UAV-01,M600,31.3108767,120.6039862,30.5,AVAILABLE,,
50,50,M-UAV-02,M600,31.2971716,120.5956323,30.5,AVAILABLE,,
51,51,EVTOL-01,EC35,31.3142911,120.6020176,199.9,BUSY,M-P-001,V2
51,51,L-UAV-01,AMZN,31.3044236,120.6011383,100.0,BUSY,M-L-001,V3
51,51,M-UAV-01,M600,31.3108767,120.6039862,30.5,AVAILABLE,,
51,51,M-UAV-02,M600,31.2971716,120.5956323,30.5,AVAILABLE,,
52,52,EVTOL-01,EC35,31.3144542,120.6016378,199.9,BUSY,M-P-001,V2
52,52,L-UAV-01,AMZN,31.3045375,120.6012248,100.0,BUSY,M-L-001,V3
52,52,M-UAV-01,M600,31.3108767,120.6039862,30.5,AVAILABLE,,
52,52,M-UAV-02,M600,31.2971716,120.5956323,30.5,AVAILABLE,,
53,53,EVTOL-01,EC35,31.3145795,120.6012388,199.9,BUSY,M-P-001,V2
53,53,L-UAV-01,AMZN,31.3046514,120.6013112,100.0,BUSY,M-L-001,V3
53,53,M-UAV-01,M600,31.3108767,120.6039862,30.5,AVAILABLE,,
53,53,M-UAV-02,M600,31.2971716,120.5956323,30.5,AVAILABLE,,
54,54,EVTOL-01,EC35,31.3146656,120.6008258,199.9,BUSY,M-P-001,V2
54,54,L-UAV-01,AMZN,31.3047653,120.6013977,100.0,BUSY,M-L-001,V3
54,54,M-UAV-01,M600,31.3108767,120.6039862,30.5,AVAILABLE,,
54,54,M-UAV-02,M600,31.2971716,120.5956323,30.5,AVAILABLE,,
55,55,EVTOL-01,EC35,31.3147113,120.6004040,199.9,BUSY,M-P-001,V2
55,55,L-UAV-01,AMZN,31.3048792,120.6014842,100.0,BUSY,M-L-001,V3
55,55,M-UAV-01,M600,31.3108767,120.6039862,30.5,AVAILABLE,,
55,55,M-UAV-02,M600,31.2971716,120.5956323,30.5,AVAILABLE,,
56,56,EVTOL-01,EC35,31.3147159,120.5999790,199.9,BUSY,M-P-001,V2
56,56,L-UAV-01,AMZN,31.3049930,120.6015706,100.0,BUSY,M-L-001,V3
56,56,M-UAV-01,M600,31.3108767,120.6039862,30.5,AVAILABLE,,
56,56,M-UAV-02,M600,31.2971716,120.5956323,30.5,AVAILABLE,,
57,57,EVTOL-01,EC35,31.3146795,120.5995560,199.9,BUSY,M-P-001,V2
57,57,L-UAV-01,AMZN,31.3051069,120.6016571,100.0,BUSY,M-L-001,V3
57,57,M-UAV-01,M600,31.3108767,120.6039862,30.5,AVAILABLE,,
57,57,M-UAV-02,M600,31.2971716,120.5956323,30.5,AVAILABLE,,
58,58,EVTOL-01,EC35,31.3146024,120.5991405,199.9,BUSY,M-P-001,V2
58,58,L-UAV-01,AMZN,31.3052208,120.6017436,100.0,BUSY,M-L-001,V3
58,58,M-UAV-01,M600,31.3108767,120.6039862,30.5,AVAILABLE,,
58,58,M-UAV-02,M600,31.2971716,120.5956323,30.5,AVAILABLE,,
59,59,EVTOL-01,EC35,31.3144858,120.5987379,199.9,BUSY,M-P-001,V2
59,59,L-UAV-01,AMZN,31.3053347,120.6018300,100.0,BUSY,M-L-001,V3
59,59,M-UAV-01,M600,31.3108767,120.6039862,30.5,AVAILABLE,,
59,59,M-UAV-02,M600,31.2971716,120.5956323,30.5,AVAILABLE,,
60,60,EVTOL-01,EC35,31.3143311,120.5983533,199.9,BUSY,M-P-001,V2
60,60,L-UAV-01,AMZN,31.3054486,120.6019165,100.0,BUSY,M-L-001,V3
60,60,M-UAV-01,M600,31.3108767,120.6039862,30.5,AVAILABLE,,
60,60,M-UAV-02,M600,31.2971716,120.5956323,30.5,AVAILABLE,,
61,61,EVTOL-01,EC35,31.3141402,120.5979917,199.9,BUSY,M-P-001,V2
61,61,L-UAV-01,AMZN,31.3055624,120.6020030,100.0,BUSY,M-L-001,V3
61,61,M-UAV-01,M600,31.3108767,120.6039862,30.5,AVAILABLE,,
61,61,M-UAV-02,M600,31.2971716,120.5956323,30.5,AVAILABLE,,
62,62,EVTOL-01,EC35,31.3139156,120.5976576,199.9,BUSY,M-P-001,V2
62,62,L-UAV-01,AMZN,31.3056763,120.6020894,100.0,BUSY,M-L-001,V3
62,62,M-UAV-01,M600,31.3108767,120.6039862,30.5,AVAILABLE,,
62,62,M-UAV-02,M600,31.2971716,120.5956323,30.5,AVAILABLE,,
63,63,EVTOL-01,EC35,31.3136602,120.5973553,199.9,BUSY,M-P-001,V2
63,63,L-UAV-01,AMZN,31.3057902,120.6021759,100.0,BUSY,M-L-001,V3
63,63,M-UAV-01,M600,31.3108767,120.6039862,30.5,AVAILABLE,,
63,63,M-UAV-02,M600,31.2971716,120.5956323,30.5,AVAILABLE,,
64,64,EVTOL-01,EC35,31.3133773,120.5970887,199.9,BUSY,M-P-001,V2
64,64,L-UAV-01,AMZN,31.3059041,120.6022624,100.0,BUSY,M-L-001,V2
64,64,M-UAV-01,M600,31.3108767,120.6039862,30.5,AVAILABLE,,
64,64,M-UAV-02,M600,31.2971716,120.5956323,30.5,AVAILABLE,,
65,65,EVTOL-01,EC35,31.3130704,120.5968613,199.9,BUSY,M-P-001,V2
65,65,L-UAV-01,AMZN,31.3060346,120.6023050,100.0,BUSY,M-L-001,V2
65,65,M-UAV-01,M600,31.3108767,120.6039862,30.5,AVAILABLE,,
65,65,M-UAV-02,M600,31.2971716,120.5956323,30.5,AVAILABLE,,
66,66,EVTOL-01,EC35,31.3127436,120.5966759,199.9,BUSY,M-P-001,V2
66,66,L-UAV-01,AMZN,31.3061701,120.6023000,100.0,BUSY,M-L-001,V2
66,66,M-UAV-01,M600,31.3108767,120.6039862,30.5,AVAILABLE,,
66,66,M-UAV-02,M600,31.2971716,120.5956323,30.5,AVAILABLE,,
67,67,EVTOL-01,EC35,31.3124010,120.5965350,199.9,BUSY,M-P-001,V2
67,67,L-UAV-01,AMZN,31.3062981,120.6022479,100.0,BUSY,M-L-001,V2
67,67,M-UAV-01,M600,31.3108767,120.6039862,30.5,AVAILABLE,,
67,67,M-UAV-02,M600,31.2971716,120.5956323,30.5,AVAILABLE,,
68,68,EVTOL-01,EC35,31.3120469,120.5964402,199.9,BUSY,M-P-001,V2
68,68,L-UAV-01,AMZN,31.3064070,120.6021534,100.0,BUSY,M-L-001,V2
68,68,M-UAV-01,M600,31.3108767,120.6039862,30.5,AVAILABLE,,
68,68,M-UAV-02,M600,31.2971716,120.5956323,30.5,AVAILABLE,,
69,69,EVTOL-01,EC35,31.3116860,120.5963929,199.9,BUSY,M-P-001,V2
69,69,L-UAV-01,AMZN,31.3064868,120.6020252,100.0,BUSY,M-L-001,V2
69,69,M-UAV-01,M600,31.3108767,120.6039862,30.5,AVAILABLE,,
69,69,M-UAV-02,M600,31.2971716,120.5956323,30.5,AVAILABLE,,
70,70,EVTOL-01,EC35,31.3113232,120.5963739,199.9,BUSY,M-P-001,V2
70,70,L-UAV-01,AMZN,31.3065302,120.6018749,100.0,BUSY,M-L-001,V2
70,70,M-UAV-01,M600,31.3108767,120.6039862,30.5,AVAILABLE,,
70,70,M-UAV-02,M600,31.2971716,120.5956323,30.5,AVAILABLE,,
71,71,EVTOL-01,EC35,31.3109603,120.5963549,199.9,BUSY,M-P-001,V2
71,71,L-UAV-01,AMZN,31.3065332,120.6017163,100.0,BUSY,M-L-001,V2
71,71,M-UAV-01,M600,31.3108767,120.6039862,30.5,AVAILABLE,,
71,71,M-UAV-02,M600,31.2971716,120.5956323,30.5,AVAILABLE,,
72,72,EVTOL-01,EC35,31.3105975,120.5963358,199.9,BUSY,M-P-001,V2
72,72,L-UAV-01,AMZN,31.3064957,120.6015638,100.0,BUSY,M-L-001,V2
72,72,M-UAV-01,M600,31.3108767,120.6039862,30.5,AVAILABLE,,
72,72,M-UAV-02,M600,31.2971716,120.5956323,30.5,AVAILABLE,,
73,73,EVTOL-01,EC35,31.3102347,120.5963168,199.9,BUSY,M-P-001,V2
73,73,L-UAV-01,AMZN,31.3064209,120.6014315,100.0,BUSY,M-L-001,V2
73,73,M-UAV-01,M600,31.3108767,120.6039862,30.5,AVAILABLE,,
73,73,M-UAV-02,M600,31.2971716,120.5956323,30.5,AVAILABLE,,
74,74,EVTOL-01,EC35,31.3098719,120.5962978,199.9,BUSY,M-P-001,V2
74,74,L-UAV-01,AMZN,31.3063157,120.6013314,100.0,BUSY,M-L-001,V2
74,74,M-UAV-01,M600,31.3108767,120.6039862,30.5,AVAILABLE,,
74,74,M-UAV-02,M600,31.2971716,120.5956323,30.5,AVAILABLE,,
75,75,EVTOL-01,EC35,31.3095090,120.5962788,199.9,BUSY,M-P-001,V2
75,75,L-UAV-01,AMZN,31.3061961,120.6012568,100.0,BUSY,M-L-001,V2
75,75,M-UAV-01,M600,31.3108767,120.6039862,30.5,AVAILABLE,,
75,75,M-UAV-02,M600,31.2971716,120.5956323,30.5,AVAILABLE,,
76,76,EVTOL-01,EC35,31.3091462,120.5962598,199.9,BUSY,M-P-001,V2
76,76,L-UAV-01,AMZN,31.3060765,120.6011822,100.0,BUSY,M-L-001,V2
76,76,M-UAV-01,M600,31.3108767,120.6039862,30.5,AVAILABLE,,
76,76,M-UAV-02,M600,31.2971716,120.5956323,30.5,AVAILABLE,,
77,77,EVTOL-01,EC35,31.3087834,120.5962408,199.9,BUSY,M-P-001,V2
77,77,L-UAV-01,AMZN,31.3059568,120.6011077,100.0,BUSY,M-L-001,V2
77,77,M-UAV-01,M600,31.3108767,120.6039862,30.5,AVAILABLE,,
77,77,M-UAV-02,M600,31.2971716,120.5956323,30.5,AVAILABLE,,
78,78,EVTOL-01,EC35,31.3084205,120.5962218,199.9,BUSY,M-P-001,V2
78,78,L-UAV-01,AMZN,31.3058372,120.6010331,100.0,BUSY,M-L-001,V2
78,78,M-UAV-01,M600,31.3108767,120.6039862,30.5,AVAILABLE,,
78,78,M-UAV-02,M600,31.2971716,120.5956323,30.5,AVAILABLE,,
79,79,EVTOL-01,EC35,31.3080577,120.5962027,199.9,BUSY,M-P-001,V2
79,79,L-UAV-01,AMZN,31.3057175,120.6009585,100.0,BUSY,M-L-001,V2
79,79,M-UAV-01,M600,31.3108767,120.6039862,30.5,AVAILABLE,,
79,79,M-UAV-02,M600,31.2971716,120.5956323,30.5,AVAILABLE,,
80,80,EVTOL-01,EC35,31.3076949,120.5961837,199.9,BUSY,M-P-001,V2
80,80,L-UAV-01,AMZN,31.3055979,120.6008840,100.0,BUSY,M-L-001,V2
80,80,M-UAV-01,M600,31.3108767,120.6039862,30.5,AVAILABLE,,
80,80,M-UAV-02,M600,31.2971716,120.5956323,30.5,AVAILABLE,,
81,81,EVTOL-01,EC35,31.3073321,120.5961647,199.9,BUSY,M-P-001,V2
81,81,L-UAV-01,AMZN,31.3054783,120.6008094,100.0,BUSY,M-L-001,V2
81,81,M-UAV-01,M600,31.3108767,120.6039862,30.5,AVAILABLE,,
81,81,M-UAV-02,M600,31.2971716,120.5956323,30.5,AVAILABLE,,
82,82,EVTOL-01,EC35,31.3069692,120.5961457,199.9,BUSY,M-P-001,V2
82,82,L-UAV-01,AMZN,31.3053586,120.6007348,100.0,BUSY,M-L-001,V2
82,82,M-UAV-01,M600,31.3108767,120.6039862,30.5,AVAILABLE,,
82,82,M-UAV-02,M600,31.2971716,120.5956323,30.5,AVAILABLE,,
83,83,EVTOL-01,EC35,31.3066064,120.5961267,199.9,BUSY,M-P-001,V2
83,83,L-UAV-01,AMZN,31.3052390,120.6006602,100.0,BUSY,M-L-001,V2
83,83,M-UAV-01,M600,31.3108767,120.6039862,30.5,AVAILABLE,,
83,83,M-UAV-02,M600,31.2971716,120.5956323,30.5,AVAILABLE,,
84,84,EVTOL-01,EC35,31.3062436,120.5961077,199.9,BUSY,M-P-001,V2
84,84,L-UAV-01,AMZN,31.3051194,120.6005857,100.0,BUSY,M-L-001,V2
84,84,M-UAV-01,M600,31.3108767,120.6039862,30.5,AVAILABLE,,
84,84,M-UAV-02,M600,31.2971716,120.5956323,30.5,AVAILABLE,,
85,85,EVTOL-01,EC35,31.3058808,120.5960887,199.9,BUSY,M-P-001,V2
85,85,L-UAV-01,AMZN,31.3049997,120.6005111,100.0,BUSY,M-L-001,V2
85,85,M-UAV-01,M600,31.3108767,120.6039862,30.5,AVAILABLE,,
85,85,M-UAV-02,M600,31.2971716,120.5956323,30.5,AVAILABLE,,
86,86,EVTOL-01,EC35,31.3055179,120.5960697,199.9,BUSY,M-P-001,V2
86,86,L-UAV-01,AMZN,31.3048801,120.6004365,100.0,BUSY,M-L-001,V2
86,86,M-UAV-01,M600,31.3108767,120.6039862,30.5,AVAILABLE,,
86,86,M-UAV-02,M600,31.2971716,120.5956323,30.5,AVAILABLE,,
87,87,EVTOL-01,EC35,31.3051551,120.5960506,199.9,BUSY,M-P-001,V2
87,87,L-UAV-01,AMZN,31.3047604,120.6003620,100.0,BUSY,M-L-001,V2
87,87,M-UAV-01,M600,31.3108767,120.6039862,30.5,AVAILABLE,,
87,87,M-UAV-02,M600,31.2971716,120.5956323,30.5,AVAILABLE,,
88,88,EVTOL-01,EC35,31.3047923,120.5960316,199.9,BUSY,M-P-001,V2
88,88,L-UAV-01,AMZN,31.3046408,120.6002874,100.0,BUSY,M-L-001,V2
88,88,M-UAV-01,M600,31.3108767,120.6039862,30.5,AVAILABLE,,
88,88,M-UAV-02,M600,31.2971716,120.5956323,30.5,AVAILABLE,,
89,89,EVTOL-01,EC35,31.3044294,120.5960126,199.9,BUSY,M-P-001,V2
89,89,L-UAV-01,AMZN,31.3045212,120.6002128,100.0,BUSY,M-L-001,V2
89,89,M-UAV-01,M600,31.3108767,120.6039862,30.5,AVAILABLE,,
89,89,M-UAV-02,M600,31.2971716,120.5956323,30.5,AVAILABLE,,
90,90,EVTOL-01,EC35,31.3040666,120.5959936,199.9,BUSY,M-P-001,V2
90,90,L-UAV-01,AMZN,31.3044015,120.6001383,100.0,BUSY,M-L-001,V2
90,90,M-UAV-01,M600,31.3108767,120.6039862,30.5,AVAILABLE,,
90,90,M-UAV-02,M600,31.2971716,120.5956323,30.5,AVAILABLE,,
91,91,EVTOL-01,EC35,31.3037038,120.5959746,199.9,BUSY,M-P-001,V2
91,91,L-UAV-01,AMZN,31.3042819,120.6000637,100.0,BUSY,M-L-001,V2
91,91,M-UAV-01,M600,31.3108767,120.6039862,30.5,AVAILABLE,,
91,91,M-UAV-02,M600,31.2971716,120.5956323,30.5,AVAILABLE,,
92,92,EVTOL-01,EC35,31.3033410,120.5959556,199.9,BUSY,M-P-001,V2
92,92,L-UAV-01,AMZN,31.3041622,120.5999891,100.0,BUSY,M-L-001,V2
92,92,M-UAV-01,M600,31.3108767,120.6039862,30.5,AVAILABLE,,
92,92,M-UAV-02,M600,31.2971716,120.5956323,30.5,AVAILABLE,,
93,93,EVTOL-01,EC35,31.3029781,120.5959366,199.9,BUSY,M-P-001,V2
93,93,L-UAV-01,AMZN,31.3040426,120.5999145,100.0,BUSY,M-L-001,V2
93,93,M-UAV-01,M600,31.3108767,120.6039862,30.5,AVAILABLE,,
93,93,M-UAV-02,M600,31.2971716,120.5956323,30.5,AVAILABLE,,
94,94,EVTOL-01,EC35,31.3026153,120.5959176,199.9,BUSY,M-P-001,V2
94,94,L-UAV-01,AMZN,31.3039230,120.5998400,100.0,BUSY,M-L-001,V2
94,94,M-UAV-01,M600,31.3108767,120.6039862,30.5,AVAILABLE,,
94,94,M-UAV-02,M600,31.2971716,120.5956323,30.5,AVAILABLE,,
95,95,EVTOL-01,EC35,31.3022525,120.5958985,199.9,BUSY,M-P-001,V2
95,95,L-UAV-01,AMZN,31.3038033,120.5997654,100.0,BUSY,M-L-001,V2
95,95,M-UAV-01,M600,31.3108767,120.6039862,30.5,AVAILABLE,,
95,95,M-UAV-02,M600,31.2971716,120.5956323,30.5,AVAILABLE,,
96,96,EVTOL-01,EC35,31.3018897,120.5958795,199.9,BUSY,M-P-001,V2
96,96,L-UAV-01,AMZN,31.3036837,120.5996908,100.0,BUSY,M-L-001,V2
96,96,M-UAV-01,M600,31.3108767,120.6039862,30.5,AVAILABLE,,
96,96,M-UAV-02,M600,31.2971716,120.5956323,30.5,AVAILABLE,,
97,97,EVTOL-01,EC35,31.3015268,120.5958605,199.9,BUSY,M-P-001,V2
97,97,L-UAV-01,AMZN,31.3035640,120.5996163,100.0,BUSY,M-L-001,V2
97,97,M-UAV-01,M600,31.3108767,120.6039862,30.5,AVAILABLE,,
97,97,M-UAV-02,M600,31.2971716,120.5956323,30.5,AVAILABLE,,
98,98,EVTOL-01,EC35,31.3011640,120.5958415,199.9,BUSY,M-P-001,V2
98,98,L-UAV-01,AMZN,31.3034444,120.5995417,100.0,BUSY,M-L-001,V2
98,98,M-UAV-01,M600,31.3108767,120.6039862,30.5,AVAILABLE,,
98,98,M-UAV-02,M600,31.2971716,120.5956323,30.5,AVAILABLE,,
99,99,EVTOL-01,EC35,31.3008012,120.5958225,199.9,BUSY,M-P-001,V2
99,99,L-UAV-01,AMZN,31.3033248,120.5994671,100.0,BUSY,M-L-001,V2
99,99,M-UAV-01,M600,31.3108767,120.6039862,30.5,AVAILABLE,,
99,99,M-UAV-02,M600,31.2971716,120.5956323,30.5,AVAILABLE,,
100,100,EVTOL-01,EC35,31.3004384,120.5958035,199.9,BUSY,M-P-001,V2
100,100,L-UAV-01,AMZN,31.3032051,120.5993926,100.0,BUSY,M-L-001,V2
100,100,M-UAV-01,M600,31.3108767,120.6039862,30.5,AVAILABLE,,
100,100,M-UAV-02,M600,31.2971716,120.5956323,30.5,AVAILABLE,,
101,101,EVTOL-01,EC35,31.3000755,120.5957845,199.9,BUSY,M-P-001,V2
101,101,L-UAV-01,AMZN,31.3030855,120.5993180,100.0,BUSY,M-L-001,V2
101,101,M-UAV-01,M600,31.3108767,120.6039862,30.5,AVAILABLE,,
101,101,M-UAV-02,M600,31.2971716,120.5956323,30.5,AVAILABLE,,
102,102,EVTOL-01,EC35,31.2997127,120.5957655,199.9,BUSY,M-P-001,V2
102,102,L-UAV-01,AMZN,31.3029658,120.5992434,100.0,BUSY,M-L-001,V2
102,102,M-UAV-01,M600,31.3108767,120.6039862,30.5,AVAILABLE,,
102,102,M-UAV-02,M600,31.2971716,120.5956323,30.5,AVAILABLE,,
103,103,EVTOL-01,EC35,31.2993499,120.5957465,199.9,BUSY,M-P-001,V2
103,103,L-UAV-01,AMZN,31.3028462,120.5991689,100.0,BUSY,M-L-001,V2
103,103,M-UAV-01,M600,31.3108767,120.6039862,30.5,AVAILABLE,,
103,103,M-UAV-02,M600,31.2971716,120.5956323,30.5,AVAILABLE,,
104,104,EVTOL-01,EC35,31.2989870,120.5957274,199.9,BUSY,M-P-001,V2
104,104,L-UAV-01,AMZN,31.3027266,120.5990943,100.0,BUSY,M-L-001,V2
104,104,M-UAV-01,M600,31.3108767,120.6039862,30.5,AVAILABLE,,
104,104,M-UAV-02,M600,31.2971716,120.5956323,30.5,AVAILABLE,,
105,105,EVTOL-01,EC35,31.2986242,120.5957084,199.9,BUSY,M-P-001,V2
105,105,L-UAV-01,AMZN,31.3026069,120.5990197,100.0,BUSY,M-L-001,V2
105,105,M-UAV-01,M600,31.3108767,120.6039862,30.5,AVAILABLE,,
105,105,M-UAV-02,M600,31.2971716,120.5956323,30.5,AVAILABLE,,
106,106,EVTOL-01,EC35,31.2982614,120.5956894,199.9,BUSY,M-P-001,V2
106,106,L-UAV-01,AMZN,31.3024873,120.5989452,100.0,BUSY,M-L-001,V2
106,106,M-UAV-01,M600,31.3108767,120.6039862,30.5,AVAILABLE,,
106,106,M-UAV-02,M600,31.2971716,120.5956323,30.5,AVAILABLE,,
107,107,EVTOL-01,EC35,31.2978986,120.5956704,199.9,BUSY,M-P-001,V1
107,107,L-UAV-01,AMZN,31.3023676,120.5988706,100.0,BUSY,M-L-001,V2
107,107,M-UAV-01,M600,31.3108767,120.6039862,30.5,AVAILABLE,,
107,107,M-UAV-02,M600,31.2971716,120.5956323,30.5,AVAILABLE,,
108,108,EVTOL-01,EC35,31.2975362,120.5956995,199.9,BUSY,M-P-001,V1
108,108,L-UAV-01,AMZN,31.3022480,120.5987960,100.0,BUSY,M-L-001,V2
108,108,M-UAV-01,M600,31.3108767,120.6039862,30.5,AVAILABLE,,
108,108,M-UAV-02,M600,31.2971716,120.5956323,30.5,AVAILABLE,,
109,109,EVTOL-01,EC35,31.2971790,120.5957763,199.9,BUSY,M-P-001,V1
109,109,L-UAV-01,AMZN,31.3021284,120.5987215,100.0,BUSY,M-L-001,V2
109,109,M-UAV-01,M600,31.3108767,120.6039862,30.5,AVAILABLE,,
109,109,M-UAV-02,M600,31.2971716,120.5956323,30.5,AVAILABLE,,
110,110,EVTOL-01,EC35,31.2968315,120.5958999,199.9,BUSY,M-P-001,V1
110,110,L-UAV-01,AMZN,31.3020087,120.5986469,100.0,BUSY,M-L-001,V2
110,110,M-UAV-01,M600,31.3108767,120.6039862,30.5,AVAILABLE,,
110,110,M-UAV-02,M600,31.2971716,120.5956323,30.5,AVAILABLE,,
111,111,EVTOL-01,EC35,31.2964982,120.5960686,199.9,BUSY,M-P-001,V1
111,111,L-UAV-01,AMZN,31.3018891,120.5985723,100.0,BUSY,M-L-001,V2
111,111,M-UAV-01,M600,31.3108767,120.6039862,30.5,AVAILABLE,,
111,111,M-UAV-02,M600,31.2971716,120.5956323,30.5,AVAILABLE,,
112,112,EVTOL-01,EC35,31.2961832,120.5962803,199.9,BUSY,M-P-001,V1
112,112,L-UAV-01,AMZN,31.3017694,120.5984978,100.0,BUSY,M-L-001,V2
112,112,M-UAV-01,M600,31.3108767,120.6039862,30.5,AVAILABLE,,
112,112,M-UAV-02,M600,31.2971716,120.5956323,30.5,AVAILABLE,,
113,113,EVTOL-01,EC35,31.2958908,120.5965323,199.9,BUSY,M-P-001,V1
113,113,L-UAV-01,AMZN,31.3016498,120.5984232,100.0,BUSY,M-L-001,V2
113,113,M-UAV-01,M600,31.3108767,120.6039862,30.5,AVAILABLE,,
113,113,M-UAV-02,M600,31.2971716,120.5956323,30.5,AVAILABLE,,
114,114,EVTOL-01,EC35,31.2956245,120.5968214,199.9,BUSY,M-P-001,V1
114,114,L-UAV-01,AMZN,31.3015302,120.5983486,100.0,BUSY,M-L-001,V2
114,114,M-UAV-01,M600,31.3108767,120.6039862,30.5,AVAILABLE,,
114,114,M-UAV-02,M600,31.2971716,120.5956323,30.5,AVAILABLE,,
115,115,EVTOL-01,EC35,31.2953879,120.5971438,199.9,BUSY,M-P-001,V1
115,115,L-UAV-01,AMZN,31.3014105,120.5982741,100.0,BUSY,M-L-001,V2
115,115,M-UAV-01,M600,31.3108767,120.6039862,30.5,AVAILABLE,,
115,115,M-UAV-02,M600,31.2971716,120.5956323,30.5,AVAILABLE,,
116,116,EVTOL-01,EC35,31.2951838,120.5974955,199.9,BUSY,M-P-001,V1
116,116,L-UAV-01,AMZN,31.3012909,120.5981995,100.0,BUSY,M-L-001,V2
116,116,M-UAV-01,M600,31.3108767,120.6039862,30.5,AVAILABLE,,
116,116,M-UAV-02,M600,31.2971716,120.5956323,30.5,AVAILABLE,,
117,117,EVTOL-01,EC35,31.2950151,120.5978718,199.9,BUSY,M-P-001,V1
117,117,L-UAV-01,AMZN,31.3011712,120.5981249,100.0,BUSY,M-L-001,V2
117,117,M-UAV-01,M600,31.3108767,120.6039862,30.5,AVAILABLE,,
117,117,M-UAV-02,M600,31.2971716,120.5956323,30.5,AVAILABLE,,
118,118,EVTOL-01,EC35,31.2948838,120.5982681,199.9,BUSY,M-P-001,V1
118,118,L-UAV-01,AMZN,31.3010516,120.5980504,100.0,BUSY,M-L-001,V2
118,118,M-UAV-01,M600,31.3108767,120.6039862,30.5,AVAILABLE,,
118,118,M-UAV-02,M600,31.2971716,120.5956323,30.5,AVAILABLE,,
119,119,EVTOL-01,EC35,31.2947916,120.5986792,199.9,BUSY,M-P-001,V1
119,119,L-UAV-01,AMZN,31.3009320,120.5979758,100.0,BUSY,M-L-001,V2
119,119,M-UAV-01,M600,31.3108767,120.6039862,30.5,AVAILABLE,,
119,119,M-UAV-02,M600,31.2971716,120.5956323,30.5,AVAILABLE,,
120,120,EVTOL-01,EC35,31.2947396,120.5990999,199.9,BUSY,M-P-001,V1
120,120,L-UAV-01,AMZN,31.3008123,120.5979013,100.0,BUSY,M-L-001,V2
120,120,M-UAV-01,M600,31.3108767,120.6039862,30.5,AVAILABLE,,
120,120,M-UAV-02,M600,31.2971716,120.5956323,30.5,AVAILABLE,,
121,121,EVTOL-01,EC35,31.2947286,120.5995247,199.9,BUSY,M-P-001,V1
121,121,L-UAV-01,AMZN,31.3006927,120.5978267,100.0,BUSY,M-L-001,V2
121,121,M-UAV-01,M600,31.3108767,120.6039862,30.5,AVAILABLE,,
121,121,M-UAV-02,M600,31.2971716,120.5956323,30.5,AVAILABLE,,
122,122,EVTOL-01,EC35,31.2947587,120.5999483,199.9,BUSY,M-P-001,V1
122,122,L-UAV-01,AMZN,31.3005730,120.5977521,100.0,BUSY,M-L-001,V2
122,122,M-UAV-01,M600,31.3108767,120.6039862,30.5,AVAILABLE,,
122,122,M-UAV-02,M600,31.2971716,120.5956323,30.5,AVAILABLE,,
123,123,EVTOL-01,EC35,31.2948295,120.6003651,199.9,BUSY,M-P-001,V1
123,123,L-UAV-01,AMZN,31.3004534,120.5976776,100.0,BUSY,M-L-001,V2
123,123,M-UAV-01,M600,31.3108767,120.6039862,30.5,AVAILABLE,,
123,123,M-UAV-02,M600,31.2971716,120.5956323,30.5,AVAILABLE,,
124,124,EVTOL-01,EC35,31.2949401,120.6007700,199.9,BUSY,M-P-001,V1
124,124,L-UAV-01,AMZN,31.3003337,120.5976030,100.0,BUSY,M-L-001,V2
124,124,M-UAV-01,M600,31.3108767,120.6039862,30.5,AVAILABLE,,
124,124,M-UAV-02,M600,31.2971716,120.5956323,30.5,AVAILABLE,,
125,125,EVTOL-01,EC35,31.2950891,120.6011576,199.9,BUSY,M-P-001,V1
125,125,L-UAV-01,AMZN,31.3002141,120.5975284,100.0,BUSY,M-L-001,V2
125,125,M-UAV-01,M600,31.3108767,120.6039862,30.5,AVAILABLE,,
125,125,M-UAV-02,M600,31.2971716,120.5956323,30.5,AVAILABLE,,
126,126,EVTOL-01,EC35,31.2952745,120.6015231,199.9,BUSY,M-P-001,V1
126,126,L-UAV-01,AMZN,31.3000945,120.5974539,100.0,BUSY,M-L-001,V2
126,126,M-UAV-01,M600,31.3108767,120.6039862,30.5,AVAILABLE,,
126,126,M-UAV-02,M600,31.2971716,120.5956323,30.5,AVAILABLE,,
127,127,EVTOL-01,EC35,31.2954941,120.6018616,199.9,BUSY,M-P-001,V1
127,127,L-UAV-01,AMZN,31.2999748,120.5973793,100.0,BUSY,M-L-001,V2
127,127,M-UAV-01,M600,31.3108767,120.6039862,30.5,AVAILABLE,,
127,127,M-UAV-02,M600,31.2971716,120.5956323,30.5,AVAILABLE,,
128,128,EVTOL-01,EC35,31.2957449,120.6021690,199.9,BUSY,M-P-001,V1
128,128,L-UAV-01,AMZN,31.2998552,120.5973048,100.0,BUSY,M-L-001,V2
128,128,M-UAV-01,M600,31.3108767,120.6039862,30.5,AVAILABLE,,
128,128,M-UAV-02,M600,31.2971716,120.5956323,30.5,AVAILABLE,,
129,129,EVTOL-01,EC35,31.2960238,120.6024413,199.9,BUSY,M-P-001,V1
129,129,L-UAV-01,AMZN,31.2997355,120.5972302,100.0,BUSY,M-L-001,V2
129,129,M-UAV-01,M600,31.3108767,120.6039862,30.5,AVAILABLE,,
129,129,M-UAV-02,M600,31.2971716,120.5956323,30.5,AVAILABLE,,
130,130,EVTOL-01,EC35,31.2963272,120.6026749,199.9,BUSY,M-P-001,V1
130,130,L-UAV-01,AMZN,31.2996159,120.5971556,100.0,BUSY,M-L-001,V2
130,130,M-UAV-01,M600,31.3108767,120.6039862,30.5,AVAILABLE,,
130,130,M-UAV-02,M600,31.2971716,120.5956323,30.5,AVAILABLE,,
131,131,EVTOL-01,EC35,31.2966512,120.6028669,199.9,BUSY,M-P-001,V1
131,131,L-UAV-01,AMZN,31.2994963,120.5970811,100.0,BUSY,M-L-001,V2
131,131,M-UAV-01,M600,31.3108767,120.6039862,30.5,AVAILABLE,,
131,131,M-UAV-02,M600,31.2971716,120.5956323,30.5,AVAILABLE,,
132,132,EVTOL-01,EC35,31.2969917,120.6030149,199.9,BUSY,M-P-001,V1
132,132,L-UAV-01,AMZN,31.2993766,120.5970065,100.0,BUSY,M-L-001,V2
132,132,M-UAV-01,M600,31.3108767,120.6039862,30.5,AVAILABLE,,
132,132,M-UAV-02,M600,31.2971716,120.5956323,30.5,AVAILABLE,,
133,133,EVTOL-01,EC35,31.2973443,120.6031168,199.9,BUSY,M-P-001,V1
133,133,L-UAV-01,AMZN,31.2992570,120.5969319,100.0,BUSY,M-L-001,V2
133,133,M-UAV-01,M600,31.3108767,120.6039862,30.5,AVAILABLE,,
133,133,M-UAV-02,M600,31.2971716,120.5956323,30.5,AVAILABLE,,
134,134,EVTOL-01,EC35,31.2977045,120.6031715,199.9,BUSY,M-P-001,V1
134,134,L-UAV-01,AMZN,31.2991373,120.5968574,100.0,BUSY,M-L-001,V2
134,134,M-UAV-01,M600,31.3108767,120.6039862,30.5,AVAILABLE,,
134,134,M-UAV-02,M600,31.2971716,120.5956323,30.5,AVAILABLE,,
135,135,EVTOL-01,EC35,31.2980672,120.6031940,199.9,BUSY,M-P-001,V1
135,135,L-UAV-01,AMZN,31.2990177,120.5967828,100.0,BUSY,M-L-001,V2
135,135,M-UAV-01,M600,31.3108767,120.6039862,30.5,AVAILABLE,,
135,135,M-UAV-02,M600,31.2971716,120.5956323,30.5,AVAILABLE,,
136,136,EVTOL-01,EC35,31.2984298,120.6032164,199.9,BUSY,M-P-001,V1
136,136,L-UAV-01,AMZN,31.2988981,120.5967083,100.0,BUSY,M-L-001,V2
136,136,M-UAV-01,M600,31.3108767,120.6039862,30.5,AVAILABLE,,
136,136,M-UAV-02,M600,31.2971716,120.5956323,30.5,AVAILABLE,,
137,137,EVTOL-01,EC35,31.2987925,120.6032388,199.9,BUSY,M-P-001,V1
137,137,L-UAV-01,AMZN,31.2987784,120.5966337,100.0,BUSY,M-L-001,V2
137,137,M-UAV-01,M600,31.3108767,120.6039862,30.5,AVAILABLE,,
137,137,M-UAV-02,M600,31.2971716,120.5956323,30.5,AVAILABLE,,
138,138,EVTOL-01,EC35,31.2991552,120.6032612,199.9,BUSY,M-P-001,V1
138,138,L-UAV-01,AMZN,31.2986588,120.5965591,100.0,BUSY,M-L-001,V2
138,138,M-UAV-01,M600,31.3108767,120.6039862,30.5,AVAILABLE,,
138,138,M-UAV-02,M600,31.2971716,120.5956323,30.5,AVAILABLE,,
139,139,EVTOL-01,EC35,31.2995179,120.6032837,199.9,BUSY,M-P-001,V1
139,139,L-UAV-01,AMZN,31.2985391,120.5964846,100.0,BUSY,M-L-001,V2
139,139,M-UAV-01,M600,31.3108767,120.6039862,30.5,AVAILABLE,,
139,139,M-UAV-02,M600,31.2971716,120.5956323,30.5,AVAILABLE,,
140,140,EVTOL-01,EC35,31.2998806,120.6033061,199.9,BUSY,M-P-001,V1
140,140,L-UAV-01,AMZN,31.2984195,120.5964100,100.0,BUSY,M-L-001,V2
140,140,M-UAV-01,M600,31.3108767,120.6039862,30.5,AVAILABLE,,
140,140,M-UAV-02,M600,31.2971716,120.5956323,30.5,AVAILABLE,,
141,141,EVTOL-01,EC35,31.3002433,120.6033285,199.9,BUSY,M-P-001,V1
141,141,L-UAV-01,AMZN,31.2982998,120.5963355,100.0,BUSY,M-L-001,V2
141,141,M-UAV-01,M600,31.3108767,120.6039862,30.5,AVAILABLE,,
141,141,M-UAV-02,M600,31.2971716,120.5956323,30.5,AVAILABLE,,
142,142,EVTOL-01,EC35,31.3006060,120.6033509,199.9,BUSY,M-P-001,V1
142,142,L-UAV-01,AMZN,31.2981802,120.5962609,100.0,BUSY,M-L-001,V2
142,142,M-UAV-01,M600,31.3108767,120.6039862,30.5,AVAILABLE,,
142,142,M-UAV-02,M600,31.2971716,120.5956323,30.5,AVAILABLE,,
143,143,EVTOL-01,EC35,31.3009686,120.6033734,199.9,BUSY,M-P-001,V1
143,143,L-UAV-01,AMZN,31.2980606,120.5961863,100.0,BUSY,M-L-001,V2
143,143,M-UAV-01,M600,31.3108767,120.6039862,30.5,AVAILABLE,,
143,143,M-UAV-02,M600,31.2971716,120.5956323,30.5,AVAILABLE,,
144,144,EVTOL-01,EC35,31.3013313,120.6033958,199.9,BUSY,M-P-001,V1
144,144,L-UAV-01,AMZN,31.2979409,120.5961118,100.0,BUSY,M-L-001,V3
144,144,M-UAV-01,M600,31.3108767,120.6039862,30.5,AVAILABLE,,
144,144,M-UAV-02,M600,31.2971716,120.5956323,30.5,AVAILABLE,,
145,145,EVTOL-01,EC35,31.3016940,120.6034182,199.9,BUSY,M-P-001,V1
145,145,L-UAV-01,AMZN,31.2978077,120.5960825,100.0,BUSY,M-L-001,V3
145,145,M-UAV-01,M600,31.3108767,120.6039862,30.5,AVAILABLE,,
145,145,M-UAV-02,M600,31.2971716,120.5956323,30.5,AVAILABLE,,
146,146,EVTOL-01,EC35,31.3020567,120.6034407,199.9,BUSY,M-P-001,V1
146,146,L-UAV-01,AMZN,31.2976731,120.5961011,100.0,BUSY,M-L-001,V3
146,146,M-UAV-01,M600,31.3108767,120.6039862,30.5,AVAILABLE,,
146,146,M-UAV-02,M600,31.2971716,120.5956323,30.5,AVAILABLE,,
147,147,EVTOL-01,EC35,31.3024194,120.6034631,199.9,BUSY,M-P-001,V1
147,147,L-UAV-01,AMZN,31.2975494,120.5961659,100.0,BUSY,M-L-001,V3
147,147,M-UAV-01,M600,31.3108767,120.6039862,30.5,AVAILABLE,,
147,147,M-UAV-02,M600,31.2971716,120.5956323,30.5,AVAILABLE,,
148,148,EVTOL-01,EC35,31.3027821,120.6034855,199.9,BUSY,M-P-001,V1
148,148,L-UAV-01,AMZN,31.2974479,120.5962710,100.0,BUSY,M-L-001,V3
148,148,M-UAV-01,M600,31.3108767,120.6039862,30.5,AVAILABLE,,
148,148,M-UAV-02,M600,31.2971716,120.5956323,30.5,AVAILABLE,,
149,149,EVTOL-01,EC35,31.3031447,120.6035079,199.9,BUSY,M-P-001,V1
149,149,L-UAV-01,AMZN,31.2973778,120.5964068,100.0,BUSY,M-L-001,V3
149,149,M-UAV-01,M600,31.3108767,120.6039862,30.5,AVAILABLE,,
149,149,M-UAV-02,M600,31.2971716,120.5956323,30.5,AVAILABLE,,
150,150,EVTOL-01,EC35,31.3035074,120.6035304,199.9,BUSY,M-P-001,V1
150,150,L-UAV-01,AMZN,31.2973456,120.5965609,100.0,BUSY,M-L-001,V3
150,150,M-UAV-01,M600,31.3108767,120.6039862,30.5,AVAILABLE,,
150,150,M-UAV-02,M600,31.2971716,120.5956323,30.5,AVAILABLE,,
151,151,EVTOL-01,EC35,31.3038701,120.6035528,199.9,BUSY,M-P-001,V1
151,151,L-UAV-01,AMZN,31.2973543,120.5967192,100.0,BUSY,M-L-001,V3
151,151,M-UAV-01,M600,31.3108767,120.6039862,30.5,AVAILABLE,,
151,151,M-UAV-02,M600,31.2971716,120.5956323,30.5,AVAILABLE,,
152,152,EVTOL-01,EC35,31.3042328,120.6035752,199.9,BUSY,M-P-001,V1
152,152,L-UAV-01,AMZN,31.2974029,120.5968672,100.0,BUSY,M-L-001,V3
152,152,M-UAV-01,M600,31.3108767,120.6039862,30.5,AVAILABLE,,
152,152,M-UAV-02,M600,31.2971716,120.5956323,30.5,AVAILABLE,,
153,153,EVTOL-01,EC35,31.3045955,120.6035977,199.9,BUSY,M-P-001,V1
153,153,L-UAV-01,AMZN,31.2974871,120.5969915,100.0,BUSY,M-L-001,V3
153,153,M-UAV-01,M600,31.3108767,120.6039862,30.5,AVAILABLE,,
153,153,M-UAV-02,M600,31.2971716,120.5956323,30.5,AVAILABLE,,
154,154,EVTOL-01,EC35,31.3049582,120.6036201,199.9,BUSY,M-P-001,V1
154,154,L-UAV-01,AMZN,31.2975992,120.5970807,100.0,BUSY,M-L-001,V3
154,154,M-UAV-01,M600,31.3108767,120.6039862,30.5,AVAILABLE,,
154,154,M-UAV-02,M600,31.2971716,120.5956323,30.5,AVAILABLE,,
155,155,EVTOL-01,EC35,31.3053209,120.6036425,199.9,BUSY,M-P-001,V1
155,155,L-UAV-01,AMZN,31.2977184,120.5971562,100.0,BUSY,M-L-001,V3
155,155,M-UAV-01,M600,31.3108767,120.6039862,30.5,AVAILABLE,,
155,155,M-UAV-02,M600,31.2971716,120.5956323,30.5,AVAILABLE,,
156,156,EVTOL-01,EC35,31.3056835,120.6036650,199.9,BUSY,M-P-001,V1
156,156,L-UAV-01,AMZN,31.2978376,120.5972318,100.0,BUSY,M-L-001,V3
156,156,M-UAV-01,M600,31.3108767,120.6039862,30.5,AVAILABLE,,
156,156,M-UAV-02,M600,31.2971716,120.5956323,30.5,AVAILABLE,,
157,157,EVTOL-01,EC35,31.3060462,120.6036874,199.9,BUSY,M-P-001,V1
157,157,L-UAV-01,AMZN,31.2979568,120.5973073,100.0,BUSY,M-L-001,V3
157,157,M-UAV-01,M600,31.3108767,120.6039862,30.5,AVAILABLE,,
157,157,M-UAV-02,M600,31.2971716,120.5956323,30.5,AVAILABLE,,
158,158,EVTOL-01,EC35,31.3064089,120.6037098,199.9,BUSY,M-P-001,V1
158,158,L-UAV-01,AMZN,31.2980760,120.5973829,100.0,BUSY,M-L-001,V3
158,158,M-UAV-01,M600,31.3108767,120.6039862,30.5,AVAILABLE,,
158,158,M-UAV-02,M600,31.2971716,120.5956323,30.5,AVAILABLE,,
159,159,EVTOL-01,EC35,31.3067716,120.6037323,199.9,BUSY,M-P-001,V1
159,159,L-UAV-01,AMZN,31.2981952,120.5974584,100.0,BUSY,M-L-001,V3
159,159,M-UAV-01,M600,31.3108767,120.6039862,30.5,AVAILABLE,,
159,159,M-UAV-02,M600,31.2971716,120.5956323,30.5,AVAILABLE,,
160,160,EVTOL-01,EC35,31.3071343,120.6037547,199.9,BUSY,M-P-001,V1
160,160,L-UAV-01,AMZN,31.2983144,120.5975339,100.0,BUSY,M-L-001,V3
160,160,M-UAV-01,M600,31.3108767,120.6039862,30.5,AVAILABLE,,
160,160,M-UAV-02,M600,31.2971716,120.5956323,30.5,AVAILABLE,,
161,161,EVTOL-01,EC35,31.3074970,120.6037771,199.9,BUSY,M-P-001,V1
161,161,L-UAV-01,AMZN,31.2984336,120.5976095,100.0,BUSY,M-L-001,V3
161,161,M-UAV-01,M600,31.3108767,120.6039862,30.5,AVAILABLE,,
161,161,M-UAV-02,M600,31.2971716,120.5956323,30.5,AVAILABLE,,
162,162,EVTOL-01,EC35,31.3078596,120.6037995,199.9,BUSY,M-P-001,V1
162,162,L-UAV-01,AMZN,31.2985528,120.5976850,100.0,BUSY,M-L-001,V3
162,162,M-UAV-01,M600,31.3108767,120.6039862,30.5,AVAILABLE,,
162,162,M-UAV-02,M600,31.2971716,120.5956323,30.5,AVAILABLE,,
163,163,EVTOL-01,EC35,31.3082223,120.6038220,199.9,BUSY,M-P-001,V1
163,163,L-UAV-01,AMZN,31.2986720,120.5977606,100.0,BUSY,M-L-001,V3
163,163,M-UAV-01,M600,31.3108767,120.6039862,30.5,AVAILABLE,,
163,163,M-UAV-02,M600,31.2971716,120.5956323,30.5,AVAILABLE,,
164,164,EVTOL-01,EC35,31.3085850,120.6038444,199.9,BUSY,M-P-001,V1
164,164,L-UAV-01,AMZN,31.2987912,120.5978361,100.0,BUSY,M-L-001,V3
164,164,M-UAV-01,M600,31.3108767,120.6039862,30.5,AVAILABLE,,
164,164,M-UAV-02,M600,31.2971716,120.5956323,30.5,AVAILABLE,,
165,165,EVTOL-01,EC35,31.3089477,120.6038668,199.9,BUSY,M-P-001,V1
165,165,L-UAV-01,AMZN,31.2989103,120.5979117,100.0,BUSY,M-L-001,V3
165,165,M-UAV-01,M600,31.3108767,120.6039862,30.5,AVAILABLE,,
165,165,M-UAV-02,M600,31.2971716,120.5956323,30.5,AVAILABLE,,
166,166,EVTOL-01,EC35,31.3093104,120.6038893,199.9,BUSY,M-P-001,V1
166,166,L-UAV-01,AMZN,31.2990295,120.5979872,100.0,BUSY,M-L-001,V3
166,166,M-UAV-01,M600,31.3108767,120.6039862,30.5,AVAILABLE,,
166,166,M-UAV-02,M600,31.2971716,120.5956323,30.5,AVAILABLE,,
167,167,EVTOL-01,EC35,31.3096731,120.6039117,199.9,BUSY,M-P-001,V1
167,167,L-UAV-01,AMZN,31.2991487,120.5980628,100.0,BUSY,M-L-001,V3
167,167,M-UAV-01,M600,31.3108767,120.6039862,30.5,AVAILABLE,,
167,167,M-UAV-02,M600,31.2971716,120.5956323,30.5,AVAILABLE,,
168,168,EVTOL-01,EC35,31.3100357,120.6039341,199.9,BUSY,M-P-001,V2
168,168,L-UAV-01,AMZN,31.2992679,120.5981383,100.0,BUSY,M-L-001,V3
168,168,M-UAV-01,M600,31.3108767,120.6039862,30.5,AVAILABLE,,
168,168,M-UAV-02,M600,31.2971716,120.5956323,30.5,AVAILABLE,,
169,169,EVTOL-01,EC35,31.3103983,120.6039085,199.9,BUSY,M-P-001,V2
169,169,L-UAV-01,AMZN,31.2993871,120.5982138,100.0,BUSY,M-L-001,V3
169,169,M-UAV-01,M600,31.3108767,120.6039862,30.5,AVAILABLE,,
169,169,M-UAV-02,M600,31.2971716,120.5956323,30.5,AVAILABLE,,
170,170,EVTOL-01,EC35,31.3107560,120.6038350,199.9,BUSY,M-P-001,V2
170,170,L-UAV-01,AMZN,31.2995063,120.5982894,100.0,BUSY,M-L-001,V3
170,170,M-UAV-01,M600,31.3108767,120.6039862,30.5,AVAILABLE,,
170,170,M-UAV-02,M600,31.2971716,120.5956323,30.5,AVAILABLE,,
171,171,EVTOL-01,EC35,31.3111043,120.6037147,199.9,BUSY,M-P-001,V2
171,171,L-UAV-01,AMZN,31.2996255,120.5983649,100.0,BUSY,M-L-001,V3
171,171,M-UAV-01,M600,31.3108767,120.6039862,30.5,AVAILABLE,,
171,171,M-UAV-02,M600,31.2971716,120.5956323,30.5,AVAILABLE,,
172,172,EVTOL-01,EC35,31.3114388,120.6035491,199.9,BUSY,M-P-001,V2
172,172,L-UAV-01,AMZN,31.2997447,120.5984405,100.0,BUSY,M-L-001,V3
172,172,M-UAV-01,M600,31.3108767,120.6039862,30.5,AVAILABLE,,
172,172,M-UAV-02,M600,31.2971716,120.5956323,30.5,AVAILABLE,,
173,173,EVTOL-01,EC35,31.3117552,120.6033403,199.9,BUSY,M-P-001,V2
173,173,L-UAV-01,AMZN,31.2998639,120.5985160,100.0,BUSY,M-L-001,V3
173,173,M-UAV-01,M600,31.3108767,120.6039862,30.5,AVAILABLE,,
173,173,M-UAV-02,M600,31.2971716,120.5956323,30.5,AVAILABLE,,
174,174,EVTOL-01,EC35,31.3120494,120.6030910,199.9,BUSY,M-P-001,V2
174,174,L-UAV-01,AMZN,31.2999831,120.5985916,100.0,BUSY,M-L-001,V3
174,174,M-UAV-01,M600,31.3108767,120.6039862,30.5,AVAILABLE,,
174,174,M-UAV-02,M600,31.2971716,120.5956323,30.5,AVAILABLE,,
175,175,EVTOL-01,EC35,31.3123177,120.6028045,199.9,BUSY,M-P-001,V2
175,175,L-UAV-01,AMZN,31.3001022,120.5986671,100.0,BUSY,M-L-001,V3
175,175,M-UAV-01,M600,31.3108767,120.6039862,30.5,AVAILABLE,,
175,175,M-UAV-02,M600,31.2971716,120.5956323,30.5,AVAILABLE,,
176,176,EVTOL-01,EC35,31.3125565,120.6024842,199.9,BUSY,M-P-001,V2
176,176,L-UAV-01,AMZN,31.3002214,120.5987427,100.0,BUSY,M-L-001,V3
176,176,M-UAV-01,M600,31.3108767,120.6039862,30.5,AVAILABLE,,
176,176,M-UAV-02,M600,31.2971716,120.5956323,30.5,AVAILABLE,,
177,177,EVTOL-01,EC35,31.3127629,120.6021344,199.9,BUSY,M-P-001,V2
177,177,L-UAV-01,AMZN,31.3003406,120.5988182,100.0,BUSY,M-L-001,V3
177,177,M-UAV-01,M600,31.3108767,120.6039862,30.5,AVAILABLE,,
177,177,M-UAV-02,M600,31.2971716,120.5956323,30.5,AVAILABLE,,
178,178,EVTOL-01,EC35,31.3129343,120.6017596,199.9,BUSY,M-P-001,V2
178,178,L-UAV-01,AMZN,31.3004598,120.5988937,100.0,BUSY,M-L-001,V3
178,178,M-UAV-01,M600,31.3108767,120.6039862,30.5,AVAILABLE,,
178,178,M-UAV-02,M600,31.2971716,120.5956323,30.5,AVAILABLE,,
179,179,EVTOL-01,EC35,31.3130683,120.6013645,199.9,BUSY,M-P-001,V2
179,179,L-UAV-01,AMZN,31.3005790,120.5989693,100.0,BUSY,M-L-001,V3
179,179,M-UAV-01,M600,31.3108767,120.6039862,30.5,AVAILABLE,,
179,179,M-UAV-02,M600,31.2971716,120.5956323,30.5,AVAILABLE,,
180,180,EVTOL-01,EC35,31.3131634,120.6009542,199.9,BUSY,M-P-001,V2
180,180,L-UAV-01,AMZN,31.3006982,120.5990448,100.0,BUSY,M-L-001,V3
180,180,M-UAV-01,M600,31.3108767,120.6039862,30.5,AVAILABLE,,
180,180,M-UAV-02,M600,31.2971716,120.5956323,30.5,AVAILABLE,,
181,181,EVTOL-01,EC35,31.3132182,120.6005340,199.9,BUSY,M-P-001,V2
181,181,L-UAV-01,AMZN,31.3008174,120.5991204,100.0,BUSY,M-L-001,V3
181,181,M-UAV-01,M600,31.3108767,120.6039862,30.5,AVAILABLE,,
181,181,M-UAV-02,M600,31.2971716,120.5956323,30.5,AVAILABLE,,
182,182,EVTOL-01,EC35,31.3132321,120.6001092,199.9,BUSY,M-P-001,V2
182,182,L-UAV-01,AMZN,31.3009366,120.5991959,100.0,BUSY,M-L-001,V3
182,182,M-UAV-01,M600,31.3108767,120.6039862,30.5,AVAILABLE,,
182,182,M-UAV-02,M600,31.2971716,120.5956323,30.5,AVAILABLE,,
183,183,EVTOL-01,EC35,31.3132049,120.5996852,199.9,BUSY,M-P-001,V2
183,183,L-UAV-01,AMZN,31.3010558,120.5992715,100.0,BUSY,M-L-001,V3
183,183,M-UAV-01,M600,31.3108767,120.6039862,30.5,AVAILABLE,,
183,183,M-UAV-02,M600,31.2971716,120.5956323,30.5,AVAILABLE,,
184,184,EVTOL-01,EC35,31.3131370,120.5992676,199.9,BUSY,M-P-001,V2
184,184,L-UAV-01,AMZN,31.3011750,120.5993470,100.0,BUSY,M-L-001,V3
184,184,M-UAV-01,M600,31.3108767,120.6039862,30.5,AVAILABLE,,
184,184,M-UAV-02,M600,31.2971716,120.5956323,30.5,AVAILABLE,,
185,185,EVTOL-01,EC35,31.3130292,120.5988617,199.9,BUSY,M-P-001,V2
185,185,L-UAV-01,AMZN,31.3012941,120.5994226,100.0,BUSY,M-L-001,V3
185,185,M-UAV-01,M600,31.3108767,120.6039862,30.5,AVAILABLE,,
185,185,M-UAV-02,M600,31.2971716,120.5956323,30.5,AVAILABLE,,
186,186,EVTOL-01,EC35,31.3128829,120.5984726,199.9,BUSY,M-P-001,V2
186,186,L-UAV-01,AMZN,31.3014133,120.5994981,100.0,BUSY,M-L-001,V3
186,186,M-UAV-01,M600,31.3108767,120.6039862,30.5,AVAILABLE,,
186,186,M-UAV-02,M600,31.2971716,120.5956323,30.5,AVAILABLE,,
187,187,EVTOL-01,EC35,31.3127000,120.5981053,199.9,BUSY,M-P-001,V2
187,187,L-UAV-01,AMZN,31.3015325,120.5995737,100.0,BUSY,M-L-001,V3
187,187,M-UAV-01,M600,31.3108767,120.6039862,30.5,AVAILABLE,,
187,187,M-UAV-02,M600,31.2971716,120.5956323,30.5,AVAILABLE,,
188,188,EVTOL-01,EC35,31.3124828,120.5977646,199.9,BUSY,M-P-001,V2
188,188,L-UAV-01,AMZN,31.3016517,120.5996492,100.0,BUSY,M-L-001,V3
188,188,M-UAV-01,M600,31.3108767,120.6039862,30.5,AVAILABLE,,
188,188,M-UAV-02,M600,31.2971716,120.5956323,30.5,AVAILABLE,,
189,189,EVTOL-01,EC35,31.3122341,120.5974548,199.9,BUSY,M-P-001,V2
189,189,L-UAV-01,AMZN,31.3017709,120.5997248,100.0,BUSY,M-L-001,V3
189,189,M-UAV-01,M600,31.3108767,120.6039862,30.5,AVAILABLE,,
189,189,M-UAV-02,M600,31.2971716,120.5956323,30.5,AVAILABLE,,
190,190,EVTOL-01,EC35,31.3119570,120.5971799,199.9,BUSY,M-P-001,V2
190,190,L-UAV-01,AMZN,31.3018901,120.5998003,100.0,BUSY,M-L-001,V3
190,190,M-UAV-01,M600,31.3108767,120.6039862,30.5,AVAILABLE,,
190,190,M-UAV-02,M600,31.2971716,120.5956323,30.5,AVAILABLE,,
191,191,EVTOL-01,EC35,31.3116552,120.5969434,199.9,BUSY,M-P-001,V2
191,191,L-UAV-01,AMZN,31.3020093,120.5998759,100.0,BUSY,M-L-001,V3
191,191,M-UAV-01,M600,31.3108767,120.6039862,30.5,AVAILABLE,,
191,191,M-UAV-02,M600,31.2971716,120.5956323,30.5,AVAILABLE,,
192,192,EVTOL-01,EC35,31.3113326,120.5967483,199.9,BUSY,M-P-001,V2
192,192,L-UAV-01,AMZN,31.3021285,120.5999514,100.0,BUSY,M-L-001,V3
192,192,M-UAV-01,M600,31.3108767,120.6039862,30.5,AVAILABLE,,
192,192,M-UAV-02,M600,31.2971716,120.5956323,30.5,AVAILABLE,,
193,193,EVTOL-01,EC35,31.3109931,120.5965971,199.9,BUSY,M-P-001,V2
193,193,L-UAV-01,AMZN,31.3022477,120.6000270,100.0,BUSY,M-L-001,V3
193,193,M-UAV-01,M600,31.3108767,120.6039862,30.5,AVAILABLE,,
193,193,M-UAV-02,M600,31.2971716,120.5956323,30.5,AVAILABLE,,
194,194,EVTOL-01,EC35,31.3106412,120.5964918,199.9,BUSY,M-P-001,V2
194,194,L-UAV-01,AMZN,31.3023669,120.6001025,100.0,BUSY,M-L-001,V3
194,194,M-UAV-01,M600,31.3108767,120.6039862,30.5,AVAILABLE,,
194,194,M-UAV-02,M600,31.2971716,120.5956323,30.5,AVAILABLE,,
195,195,EVTOL-01,EC35,31.3102815,120.5964337,199.9,BUSY,M-P-001,V2
195,195,L-UAV-01,AMZN,31.3024860,120.6001780,100.0,BUSY,M-L-001,V3
195,195,M-UAV-01,M600,31.3108767,120.6039862,30.5,AVAILABLE,,
195,195,M-UAV-02,M600,31.2971716,120.5956323,30.5,AVAILABLE,,
196,196,EVTOL-01,EC35,31.3099188,120.5964116,199.9,BUSY,M-P-001,V2
196,196,L-UAV-01,AMZN,31.3026052,120.6002536,100.0,BUSY,M-L-001,V3
196,196,M-UAV-01,M600,31.3108767,120.6039862,30.5,AVAILABLE,,
196,196,M-UAV-02,M600,31.2971716,120.5956323,30.5,AVAILABLE,,
197,197,EVTOL-01,EC35,31.3095561,120.5963894,199.9,BUSY,M-P-001,V2
197,197,L-UAV-01,AMZN,31.3027244,120.6003291,100.0,BUSY,M-L-001,V3
197,197,M-UAV-01,M600,31.3108767,120.6039862,30.5,AVAILABLE,,
197,197,M-UAV-02,M600,31.2971716,120.5956323,30.5,AVAILABLE,,
198,198,EVTOL-01,EC35,31.3091934,120.5963672,199.9,BUSY,M-P-001,V2
198,198,L-UAV-01,AMZN,31.3028436,120.6004047,100.0,BUSY,M-L-001,V3
198,198,M-UAV-01,M600,31.3108767,120.6039862,30.5,AVAILABLE,,
198,198,M-UAV-02,M600,31.2971716,120.5956323,30.5,AVAILABLE,,
199,199,EVTOL-01,EC35,31.3088307,120.5963450,199.9,BUSY,M-P-001,V2
199,199,L-UAV-01,AMZN,31.3029628,120.6004802,100.0,BUSY,M-L-001,V3
199,199,M-UAV-01,M600,31.3108767,120.6039862,30.5,AVAILABLE,,
199,199,M-UAV-02,M600,31.2971716,120.5956323,30.5,AVAILABLE,,
200,200,EVTOL-01,EC35,31.3084680,120.5963229,199.9,BUSY,M-P-001,V2
200,200,L-UAV-01,AMZN,31.3030820,120.6005558,100.0,BUSY,M-L-001,V3
200,200,M-UAV-01,M600,31.3108767,120.6039862,30.5,AVAILABLE,,
200,200,M-UAV-02,M600,31.2971716,120.5956323,30.5,AVAILABLE,,
201,201,EVTOL-01,EC35,31.3081053,120.5963007,199.9,BUSY,M-P-001,V2
201,201,L-UAV-01,AMZN,31.3032012,120.6006313,100.0,BUSY,M-L-001,V3
201,201,M-UAV-01,M600,31.3108767,120.6039862,30.5,AVAILABLE,,
201,201,M-UAV-02,M600,31.2971716,120.5956323,30.5,AVAILABLE,,
202,202,EVTOL-01,EC35,31.3077426,120.5962785,199.9,BUSY,M-P-001,V2
202,202,L-UAV-01,AMZN,31.3033204,120.6007069,100.0,BUSY,M-L-001,V3
202,202,M-UAV-01,M600,31.3108767,120.6039862,30.5,AVAILABLE,,
202,202,M-UAV-02,M600,31.2971716,120.5956323,30.5,AVAILABLE,,
203,203,EVTOL-01,EC35,31.3073799,120.5962563,199.9,BUSY,M-P-001,V2
203,203,L-UAV-01,AMZN,31.3034396,120.6007824,100.0,BUSY,M-L-001,V3
203,203,M-UAV-01,M600,31.3108767,120.6039862,30.5,AVAILABLE,,
203,203,M-UAV-02,M600,31.2971716,120.5956323,30.5,AVAILABLE,,
204,204,EVTOL-01,EC35,31.3070172,120.5962342,199.9,BUSY,M-P-001,V2
204,204,L-UAV-01,AMZN,31.3035587,120.6008580,100.0,BUSY,M-L-001,V3
204,204,M-UAV-01,M600,31.3108767,120.6039862,30.5,AVAILABLE,,
204,204,M-UAV-02,M600,31.2971716,120.5956323,30.5,AVAILABLE,,
205,205,EVTOL-01,EC35,31.3066545,120.5962120,199.9,BUSY,M-P-001,V2
205,205,L-UAV-01,AMZN,31.3036779,120.6009336,100.0,BUSY,M-L-001,V3
205,205,M-UAV-01,M600,31.3108767,120.6039862,30.5,AVAILABLE,,
205,205,M-UAV-02,M600,31.2971716,120.5956323,30.5,AVAILABLE,,
206,206,EVTOL-01,EC35,31.3062918,120.5961898,199.9,BUSY,M-P-001,V2
206,206,L-UAV-01,AMZN,31.3037971,120.6010091,100.0,BUSY,M-L-001,V3
206,206,M-UAV-01,M600,31.3108767,120.6039862,30.5,AVAILABLE,,
206,206,M-UAV-02,M600,31.2971716,120.5956323,30.5,AVAILABLE,,
207,207,EVTOL-01,EC35,31.3059291,120.5961677,199.9,BUSY,M-P-001,V2
207,207,L-UAV-01,AMZN,31.3039163,120.6010847,100.0,BUSY,M-L-001,V3
207,207,M-UAV-01,M600,31.3108767,120.6039862,30.5,AVAILABLE,,
207,207,M-UAV-02,M600,31.2971716,120.5956323,30.5,AVAILABLE,,
208,208,EVTOL-01,EC35,31.3055664,120.5961455,199.9,BUSY,M-P-001,V2
208,208,L-UAV-01,AMZN,31.3040355,120.6011602,100.0,BUSY,M-L-001,V3
208,208,M-UAV-01,M600,31.3108767,120.6039862,30.5,AVAILABLE,,
208,208,M-UAV-02,M600,31.2971716,120.5956323,30.5,AVAILABLE,,
209,209,EVTOL-01,EC35,31.3052037,120.5961233,199.9,BUSY,M-P-001,V2
209,209,L-UAV-01,AMZN,31.3041547,120.6012358,100.0,BUSY,M-L-001,V3
209,209,M-UAV-01,M600,31.3108767,120.6039862,30.5,AVAILABLE,,
209,209,M-UAV-02,M600,31.2971716,120.5956323,30.5,AVAILABLE,,
210,210,EVTOL-01,EC35,31.3048410,120.5961011,199.9,BUSY,M-P-001,V2
210,210,L-UAV-01,AMZN,31.3042739,120.6013113,100.0,BUSY,M-L-001,V3
210,210,M-UAV-01,M600,31.3108767,120.6039862,30.5,AVAILABLE,,
210,210,M-UAV-02,M600,31.2971716,120.5956323,30.5,AVAILABLE,,
211,211,EVTOL-01,EC35,31.3044783,120.5960790,199.9,BUSY,M-P-001,V2
211,211,L-UAV-01,AMZN,31.3043931,120.6013869,100.0,BUSY,M-L-001,V3
211,211,M-UAV-01,M600,31.3108767,120.6039862,30.5,AVAILABLE,,
211,211,M-UAV-02,M600,31.2971716,120.5956323,30.5,AVAILABLE,,
212,212,EVTOL-01,EC35,31.3041156,120.5960568,199.9,BUSY,M-P-001,V2
212,212,L-UAV-01,AMZN,31.3045123,120.6014624,100.0,BUSY,M-L-001,V3
212,212,M-UAV-01,M600,31.3108767,120.6039862,30.5,AVAILABLE,,
212,212,M-UAV-02,M600,31.2971716,120.5956323,30.5,AVAILABLE,,
213,213,EVTOL-01,EC35,31.3037529,120.5960346,199.9,BUSY,M-P-001,V2
213,213,L-UAV-01,AMZN,31.3046314,120.6015380,100.0,BUSY,M-L-001,V3
213,213,M-UAV-01,M600,31.3108767,120.6039862,30.5,AVAILABLE,,
213,213,M-UAV-02,M600,31.2971716,120.5956323,30.5,AVAILABLE,,
214,214,EVTOL-01,EC35,31.3033902,120.5960125,199.9,BUSY,M-P-001,V2
214,214,L-UAV-01,AMZN,31.3047506,120.6016135,100.0,BUSY,M-L-001,V3
214,214,M-UAV-01,M600,31.3108767,120.6039862,30.5,AVAILABLE,,
214,214,M-UAV-02,M600,31.2971716,120.5956323,30.5,AVAILABLE,,
215,215,EVTOL-01,EC35,31.3030275,120.5959903,199.9,BUSY,M-P-001,V2
215,215,L-UAV-01,AMZN,31.3048698,120.6016891,100.0,BUSY,M-L-001,V3
215,215,M-UAV-01,M600,31.3108767,120.6039862,30.5,AVAILABLE,,
215,215,M-UAV-02,M600,31.2971716,120.5956323,30.5,AVAILABLE,,
216,216,EVTOL-01,EC35,31.3026648,120.5959681,199.9,BUSY,M-P-001,V2
216,216,L-UAV-01,AMZN,31.3049890,120.6017646,100.0,BUSY,M-L-001,V3
216,216,M-UAV-01,M600,31.3108767,120.6039862,30.5,AVAILABLE,,
216,216,M-UAV-02,M600,31.2971716,120.5956323,30.5,AVAILABLE,,
217,217,EVTOL-01,EC35,31.3023021,120.5959459,199.9,BUSY,M-P-001,V2
217,217,L-UAV-01,AMZN,31.3051082,120.6018402,100.0,BUSY,M-L-001,V3
217,217,M-UAV-01,M600,31.3108767,120.6039862,30.5,AVAILABLE,,
217,217,M-UAV-02,M600,31.2971716,120.5956323,30.5,AVAILABLE,,
218,218,EVTOL-01,EC35,31.3019395,120.5959238,199.9,BUSY,M-P-001,V2
218,218,L-UAV-01,AMZN,31.3052274,120.6019157,100.0,BUSY,M-L-001,V3
218,218,M-UAV-01,M600,31.3108767,120.6039862,30.5,AVAILABLE,,
218,218,M-UAV-02,M600,31.2971716,120.5956323,30.5,AVAILABLE,,
219,219,EVTOL-01,EC35,31.3015768,120.5959016,199.9,BUSY,M-P-001,V2
219,219,L-UAV-01,AMZN,31.3053466,120.6019913,100.0,BUSY,M-L-001,V3
219,219,M-UAV-01,M600,31.3108767,120.6039862,30.5,AVAILABLE,,
219,219,M-UAV-02,M600,31.2971716,120.5956323,30.5,AVAILABLE,,
220,220,EVTOL-01,EC35,31.3012141,120.5958794,199.9,BUSY,M-P-001,V2
220,220,L-UAV-01,AMZN,31.3054658,120.6020668,100.0,BUSY,M-L-001,V3
220,220,M-UAV-01,M600,31.3108767,120.6039862,30.5,AVAILABLE,,
220,220,M-UAV-02,M600,31.2971716,120.5956323,30.5,AVAILABLE,,
221,221,EVTOL-01,EC35,31.3008514,120.5958573,199.9,BUSY,M-P-001,V2
221,221,L-UAV-01,AMZN,31.3055850,120.6021424,100.0,BUSY,M-L-001,V3
221,221,M-UAV-01,M600,31.3108767,120.6039862,30.5,AVAILABLE,,
221,221,M-UAV-02,M600,31.2971716,120.5956323,30.5,AVAILABLE,,
222,222,EVTOL-01,EC35,31.3004887,120.5958351,199.9,BUSY,M-P-001,V2
222,222,L-UAV-01,AMZN,31.3057041,120.6022179,100.0,BUSY,M-L-001,V3
222,222,M-UAV-01,M600,31.3108767,120.6039862,30.5,AVAILABLE,,
222,222,M-UAV-02,M600,31.2971716,120.5956323,30.5,AVAILABLE,,
223,223,EVTOL-01,EC35,31.3001260,120.5958129,199.9,BUSY,M-P-001,V2
223,223,L-UAV-01,AMZN,31.3058233,120.6022935,100.0,BUSY,M-L-001,V2
223,223,M-UAV-01,M600,31.3108767,120.6039862,30.5,AVAILABLE,,
223,223,M-UAV-02,M600,31.2971716,120.5956323,30.5,AVAILABLE,,
224,224,EVTOL-01,EC35,31.2997633,120.5957907,199.9,BUSY,M-P-001,V2
224,224,L-UAV-01,AMZN,31.3059564,120.6023239,100.0,BUSY,M-L-001,V2
224,224,M-UAV-01,M600,31.3108767,120.6039862,30.5,AVAILABLE,,
224,224,M-UAV-02,M600,31.2971716,120.5956323,30.5,AVAILABLE,,
225,225,EVTOL-01,EC35,31.2994006,120.5957686,199.9,BUSY,M-P-001,V2
225,225,L-UAV-01,AMZN,31.3060911,120.6023064,100.0,BUSY,M-L-001,V2
225,225,M-UAV-01,M600,31.3108767,120.6039862,30.5,AVAILABLE,,
225,225,M-UAV-02,M600,31.2971716,120.5956323,30.5,AVAILABLE,,
226,226,EVTOL-01,EC35,31.2990379,120.5957464,199.9,BUSY,M-P-001,V2
226,226,L-UAV-01,AMZN,31.3062152,120.6022426,100.0,BUSY,M-L-001,V2
226,226,M-UAV-01,M600,31.3108767,120.6039862,30.5,AVAILABLE,,
226,226,M-UAV-02,M600,31.2971716,120.5956323,30.5,AVAILABLE,,
227,227,EVTOL-01,EC35,31.2986752,120.5957242,199.9,BUSY,M-P-001,V2
227,227,L-UAV-01,AMZN,31.3063173,120.6021384,100.0,BUSY,M-L-001,V2
227,227,M-UAV-01,M600,31.3108767,120.6039862,30.5,AVAILABLE,,
227,227,M-UAV-02,M600,31.2971716,120.5956323,30.5,AVAILABLE,,
228,228,EVTOL-01,EC35,31.2983125,120.5957021,199.9,BUSY,M-P-001,V2
228,228,L-UAV-01,AMZN,31.3063882,120.6020031,100.0,BUSY,M-L-001,V2
228,228,M-UAV-01,M600,31.3108767,120.6039862,30.5,AVAILABLE,,
228,228,M-UAV-02,M600,31.2971716,120.5956323,30.5,AVAILABLE,,
229,229,EVTOL-01,EC35,31.2979498,120.5956799,199.9,BUSY,M-P-001,V1
229,229,L-UAV-01,AMZN,31.3064213,120.6018493,100.0,BUSY,M-L-001,V2
229,229,M-UAV-01,M600,31.3108767,120.6039862,30.5,AVAILABLE,,
229,229,M-UAV-02,M600,31.2971716,120.5956323,30.5,AVAILABLE,,
230,230,EVTOL-01,EC35,31.2975873,120.5957058,199.9,BUSY,M-P-001,V1
230,230,L-UAV-01,AMZN,31.3064136,120.6016909,100.0,BUSY,M-L-001,V2
230,230,M-UAV-01,M600,31.3108767,120.6039862,30.5,AVAILABLE,,
230,230,M-UAV-02,M600,31.2971716,120.5956323,30.5,AVAILABLE,,
231,231,EVTOL-01,EC35,31.2972296,120.5957795,199.9,BUSY,M-P-001,V1
231,231,L-UAV-01,AMZN,31.3063659,120.6015424,100.0,BUSY,M-L-001,V2
231,231,M-UAV-01,M600,31.3108767,120.6039862,30.5,AVAILABLE,,
231,231,M-UAV-02,M600,31.2971716,120.5956323,30.5,AVAILABLE,,
232,232,EVTOL-01,EC35,31.2968813,120.5959001,199.9,BUSY,M-P-001,V1
232,232,L-UAV-01,AMZN,31.3062824,120.6014174,100.0,BUSY,M-L-001,V2
232,232,M-UAV-01,M600,31.3108767,120.6039862,30.5,AVAILABLE,,
232,232,M-UAV-02,M600,31.2971716,120.5956323,30.5,AVAILABLE,,
233,233,EVTOL-01,EC35,31.2965469,120.5960659,199.9,BUSY,M-P-001,V1
233,233,L-UAV-01,AMZN,31.3061709,120.6013273,100.0,BUSY,M-L-001,V2
233,233,M-UAV-01,M600,31.3108767,120.6039862,30.5,AVAILABLE,,
233,233,M-UAV-02,M600,31.2971716,120.5956323,30.5,AVAILABLE,,
234,234,EVTOL-01,EC35,31.2962306,120.5962748,199.9,BUSY,M-P-001,V1
234,234,L-UAV-01,AMZN,31.3060516,120.6012519,100.0,BUSY,M-L-001,V2
234,234,M-UAV-01,M600,31.3108767,120.6039862,30.5,AVAILABLE,,
234,234,M-UAV-02,M600,31.2971716,120.5956323,30.5,AVAILABLE,,
235,235,EVTOL-01,EC35,31.2959366,120.5965243,199.9,BUSY,M-P-001,V1
235,235,L-UAV-01,AMZN,31.3059324,120.6011764,100.0,BUSY,M-L-001,V2
235,235,M-UAV-01,M600,31.3108767,120.6039862,30.5,AVAILABLE,,
235,235,M-UAV-02,M600,31.2971716,120.5956323,30.5,AVAILABLE,,
236,236,EVTOL-01,EC35,31.2956685,120.5968110,199.9,BUSY,M-P-001,V1
236,236,L-UAV-01,AMZN,31.3058132,120.6011010,100.0,BUSY,M-L-001,V2
236,236,M-UAV-01,M600,31.3108767,120.6039862,30.5,AVAILABLE,,
236,236,M-UAV-02,M600,31.2971716,120.5956323,30.5,AVAILABLE,,
237,237,EVTOL-01,EC35,31.2954298,120.5971314,199.9,BUSY,M-P-001,V1
237,237,L-UAV-01,AMZN,31.3056939,120.6010255,100.0,BUSY,M-L-001,V2
237,237,M-UAV-01,M600,31.3108767,120.6039862,30.5,AVAILABLE,,
237,237,M-UAV-02,M600,31.2971716,120.5956323,30.5,AVAILABLE,,
238,238,EVTOL-01,EC35,31.2952236,120.5974812,199.9,BUSY,M-P-001,V1
238,238,L-UAV-01,AMZN,31.3055747,120.6009500,100.0,BUSY,M-L-001,V2
238,238,M-UAV-01,M600,31.3108767,120.6039862,30.5,AVAILABLE,,
238,238,M-UAV-02,M600,31.2971716,120.5956323,30.5,AVAILABLE,,
239,239,EVTOL-01,EC35,31.2950524,120.5978561,199.9,BUSY,M-P-001,V1
239,239,L-UAV-01,AMZN,31.3054555,120.6008746,100.0,BUSY,M-L-001,V2
239,239,M-UAV-01,M600,31.3108767,120.6039862,30.5,AVAILABLE,,
239,239,M-UAV-02,M600,31.2971716,120.5956323,30.5,AVAILABLE,,
240,240,EVTOL-01,EC35,31.2949186,120.5982513,199.9,BUSY,M-P-001,V1
240,240,L-UAV-01,AMZN,31.3053362,120.6007991,100.0,BUSY,M-L-001,V2
240,240,M-UAV-01,M600,31.3108767,120.6039862,30.5,AVAILABLE,,
240,240,M-UAV-02,M600,31.2971716,120.5956323,30.5,AVAILABLE,,
241,241,EVTOL-01,EC35,31.2948237,120.5986615,199.9,BUSY,M-P-001,V1
241,241,L-UAV-01,AMZN,31.3052170,120.6007237,100.0,BUSY,M-L-001,V2
241,241,M-UAV-01,M600,31.3108767,120.6039862,30.5,AVAILABLE,,
241,241,M-UAV-02,M600,31.2971716,120.5956323,30.5,AVAILABLE,,
242,242,EVTOL-01,EC35,31.2947691,120.5990817,199.9,BUSY,M-P-001,V1
242,242,L-UAV-01,AMZN,31.3050978,120.6006482,100.0,BUSY,M-L-001,V2
242,242,M-UAV-01,M600,31.3108767,120.6039862,30.5,AVAILABLE,,
242,242,M-UAV-02,M600,31.2971716,120.5956323,30.5,AVAILABLE,,
243,243,EVTOL-01,EC35,31.2947554,120.5995065,199.9,BUSY,M-P-001,V1
243,243,L-UAV-01,AMZN,31.3049785,120.6005727,100.0,BUSY,M-L-001,V2
243,243,M-UAV-01,M600,31.3108767,120.6039862,30.5,AVAILABLE,,
243,243,M-UAV-02,M600,31.2971716,120.5956323,30.5,AVAILABLE,,
244,244,EVTOL-01,EC35,31.2947828,120.5999303,199.9,BUSY,M-P-001,V1
244,244,L-UAV-01,AMZN,31.3048593,120.6004973,100.0,BUSY,M-L-001,V2
244,244,M-UAV-01,M600,31.3108767,120.6039862,30.5,AVAILABLE,,
244,244,M-UAV-02,M600,31.2971716,120.5956323,30.5,AVAILABLE,,
245,245,EVTOL-01,EC35,31.2948510,120.6003478,199.9,BUSY,M-P-001,V1
245,245,L-UAV-01,AMZN,31.3047401,120.6004218,100.0,BUSY,M-L-001,V2
245,245,M-UAV-01,M600,31.3108767,120.6039862,30.5,AVAILABLE,,
245,245,M-UAV-02,M600,31.2971716,120.5956323,30.5,AVAILABLE,,
246,246,EVTOL-01,EC35,31.2949590,120.6007536,199.9,BUSY,M-P-001,V1
246,246,L-UAV-01,AMZN,31.3046208,120.6003464,100.0,BUSY,M-L-001,V2
246,246,M-UAV-01,M600,31.3108767,120.6039862,30.5,AVAILABLE,,
246,246,M-UAV-02,M600,31.2971716,120.5956323,30.5,AVAILABLE,,
247,247,EVTOL-01,EC35,31.2951055,120.6011425,199.9,BUSY,M-P-001,V1
247,247,L-UAV-01,AMZN,31.3045016,120.6002709,100.0,BUSY,M-L-001,V2
247,247,M-UAV-01,M600,31.3108767,120.6039862,30.5,AVAILABLE,,
247,247,M-UAV-02,M600,31.2971716,120.5956323,30.5,AVAILABLE,,
248,248,EVTOL-01,EC35,31.2952886,120.6015095,199.9,BUSY,M-P-001,V1
248,248,L-UAV-01,AMZN,31.3043824,120.6001954,100.0,BUSY,M-L-001,V2
248,248,M-UAV-01,M600,31.3108767,120.6039862,30.5,AVAILABLE,,
248,248,M-UAV-02,M600,31.2971716,120.5956323,30.5,AVAILABLE,,
249,249,EVTOL-01,EC35,31.2955060,120.6018500,199.9,BUSY,M-P-001,V1
249,249,L-UAV-01,AMZN,31.3042631,120.6001200,100.0,BUSY,M-L-001,V2
249,249,M-UAV-01,M600,31.3108767,120.6039862,30.5,AVAILABLE,,
249,249,M-UAV-02,M600,31.2971716,120.5956323,30.5,AVAILABLE,,
250,250,EVTOL-01,EC35,31.2957549,120.6021596,199.9,BUSY,M-P-001,V1
250,250,L-UAV-01,AMZN,31.3041439,120.6000445,100.0,BUSY,M-L-001,V2
250,250,M-UAV-01,M600,31.3108767,120.6039862,30.5,AVAILABLE,,
250,250,M-UAV-02,M600,31.2971716,120.5956323,30.5,AVAILABLE,,
251,251,EVTOL-01,EC35,31.2960321,120.6024342,199.9,BUSY,M-P-001,V1
251,251,L-UAV-01,AMZN,31.3040247,120.5999691,100.0,BUSY,M-L-001,V2
251,251,M-UAV-01,M600,31.3108767,120.6039862,30.5,AVAILABLE,,
251,251,M-UAV-02,M600,31.2971716,120.5956323,30.5,AVAILABLE,,
252,252,EVTOL-01,EC35,31.2963340,120.6026705,199.9,BUSY,M-P-001,V1
252,252,L-UAV-01,AMZN,31.3039055,120.5998936,100.0,BUSY,M-L-001,V2
252,252,M-UAV-01,M600,31.3108767,120.6039862,30.5,AVAILABLE,,
252,252,M-UAV-02,M600,31.2971716,120.5956323,30.5,AVAILABLE,,
253,253,EVTOL-01,EC35,31.2966568,120.6028653,199.9,BUSY,M-P-001,V1
253,253,L-UAV-01,AMZN,31.3037862,120.5998182,100.0,BUSY,M-L-001,V2
253,253,M-UAV-01,M600,31.3108767,120.6039862,30.5,AVAILABLE,,
253,253,M-UAV-02,M600,31.2971716,120.5956323,30.5,AVAILABLE,,
254,254,EVTOL-01,EC35,31.2969963,120.6030162,199.9,BUSY,M-P-001,V1
254,254,L-UAV-01,AMZN,31.3036670,120.5997427,100.0,BUSY,M-L-001,V2
254,254,M-UAV-01,M600,31.3108767,120.6039862,30.5,AVAILABLE,,
254,254,M-UAV-02,M600,31.2971716,120.5956323,30.5,AVAILABLE,,
255,255,EVTOL-01,EC35,31.2973482,120.6031213,199.9,BUSY,M-P-001,V1
255,255,L-UAV-01,AMZN,31.3035478,120.5996672,100.0,BUSY,M-L-001,V2
255,255,M-UAV-01,M600,31.3108767,120.6039862,30.5,AVAILABLE,,
255,255,M-UAV-02,M600,31.2971716,120.5956323,30.5,AVAILABLE,,
256,256,EVTOL-01,EC35,31.2977080,120.6031791,199.9,BUSY,M-P-001,V1
256,256,L-UAV-01,AMZN,31.3034285,120.5995918,100.0,BUSY,M-L-001,V2
256,256,M-UAV-01,M600,31.3108767,120.6039862,30.5,AVAILABLE,,
256,256,M-UAV-02,M600,31.2971716,120.5956323,30.5,AVAILABLE,,
257,257,EVTOL-01,EC35,31.2980707,120.6032013,199.9,BUSY,M-P-001,V1
257,257,L-UAV-01,AMZN,31.3033093,120.5995163,100.0,BUSY,M-L-001,V2
257,257,M-UAV-01,M600,31.3108767,120.6039862,30.5,AVAILABLE,,
257,257,M-UAV-02,M600,31.2971716,120.5956323,30.5,AVAILABLE,,
258,258,EVTOL-01,EC35,31.2984334,120.6032236,199.9,BUSY,M-P-001,V1
258,258,L-UAV-01,AMZN,31.3031901,120.5994409,100.0,BUSY,M-L-001,V2
258,258,M-UAV-01,M600,31.3108767,120.6039862,30.5,AVAILABLE,,
258,258,M-UAV-02,M600,31.2971716,120.5956323,30.5,AVAILABLE,,
259,259,EVTOL-01,EC35,31.2987961,120.6032458,199.9,BUSY,M-P-001,V1
259,259,L-UAV-01,AMZN,31.3030708,120.5993654,100.0,BUSY,M-L-001,V2
259,259,M-UAV-01,M600,31.3108767,120.6039862,30.5,AVAILABLE,,
259,259,M-UAV-02,M600,31.2971716,120.5956323,30.5,AVAILABLE,,
260,260,EVTOL-01,EC35,31.2991588,120.6032680,199.9,BUSY,M-P-001,V1
260,260,L-UAV-01,AMZN,31.3029516,120.5992900,100.0,BUSY,M-L-001,V2
260,260,M-UAV-01,M600,31.3108767,120.6039862,30.5,AVAILABLE,,
260,260,M-UAV-02,M600,31.2971716,120.5956323,30.5,AVAILABLE,,
261,261,EVTOL-01,EC35,31.2995215,120.6032902,199.9,BUSY,M-P-001,V1
261,261,L-UAV-01,AMZN,31.3028324,120.5992145,100.0,BUSY,M-L-001,V2
261,261,M-UAV-01,M600,31.3108767,120.6039862,30.5,AVAILABLE,,
261,261,M-UAV-02,M600,31.2971716,120.5956323,30.5,AVAILABLE,,
262,262,EVTOL-01,EC35,31.2998842,120.6033125,199.9,BUSY,M-P-001,V1
262,262,L-UAV-01,AMZN,31.3027131,120.5991390,100.0,BUSY,M-L-001,V2
262,262,M-UAV-01,M600,31.3108767,120.6039862,30.5,AVAILABLE,,
262,262,M-UAV-02,M600,31.2971716,120.5956323,30.5,AVAILABLE,,
263,263,EVTOL-01,EC35,31.3002469,120.6033347,199.9,BUSY,M-P-001,V1
263,263,L-UAV-01,AMZN,31.3025939,120.5990636,100.0,BUSY,M-L-001,V2
263,263,M-UAV-01,M600,31.3108767,120.6039862,30.5,AVAILABLE,,
263,263,M-UAV-02,M600,31.2971716,120.5956323,30.5,AVAILABLE,,
264,264,EVTOL-01,EC35,31.3006096,120.6033569,199.9,BUSY,M-P-001,V1
264,264,L-UAV-01,AMZN,31.3024747,120.5989881,100.0,BUSY,M-L-001,V2
264,264,M-UAV-01,M600,31.3108767,120.6039862,30.5,AVAILABLE,,
264,264,M-UAV-02,M600,31.2971716,120.5956323,30.5,AVAILABLE,,
265,265,EVTOL-01,EC35,31.3009723,120.6033791,199.9,BUSY,M-P-001,V1
265,265,L-UAV-01,AMZN,31.3023554,120.5989127,100.0,BUSY,M-L-001,V2
265,265,M-UAV-01,M600,31.3108767,120.6039862,30.5,AVAILABLE,,
265,265,M-UAV-02,M600,31.2971716,120.5956323,30.5,AVAILABLE,,
266,266,EVTOL-01,EC35,31.3013350,120.6034014,199.9,BUSY,M-P-001,V1
266,266,L-UAV-01,AMZN,31.3022362,120.5988372,100.0,BUSY,M-L-001,V2
266,266,M-UAV-01,M600,31.3108767,120.6039862,30.5,AVAILABLE,,
266,266,M-UAV-02,M600,31.2971716,120.5956323,30.5,AVAILABLE,,
267,267,EVTOL-01,EC35,31.3016976,120.6034236,199.9,BUSY,M-P-001,V1
267,267,L-UAV-01,AMZN,31.3021170,120.5987618,100.0,BUSY,M-L-001,V2
267,267,M-UAV-01,M600,31.3108767,120.6039862,30.5,AVAILABLE,,
267,267,M-UAV-02,M600,31.2971716,120.5956323,30.5,AVAILABLE,,
268,268,EVTOL-01,EC35,31.3020603,120.6034458,199.9,BUSY,M-P-001,V1
268,268,L-UAV-01,AMZN,31.3019977,120.5986863,100.0,BUSY,M-L-001,V2
268,268,M-UAV-01,M600,31.3108767,120.6039862,30.5,AVAILABLE,,
268,268,M-UAV-02,M600,31.2971716,120.5956323,30.5,AVAILABLE,,
269,269,EVTOL-01,EC35,31.3024230,120.6034680,199.9,BUSY,M-P-001,V1
269,269,L-UAV-01,AMZN,31.3018785,120.5986109,100.0,BUSY,M-L-001,V2
269,269,M-UAV-01,M600,31.3108767,120.6039862,30.5,AVAILABLE,,
269,269,M-UAV-02,M600,31.2971716,120.5956323,30.5,AVAILABLE,,
270,270,EVTOL-01,EC35,31.3027857,120.6034903,199.9,BUSY,M-P-001,V1
270,270,L-UAV-01,AMZN,31.3017593,120.5985354,100.0,BUSY,M-L-001,V2
270,270,M-UAV-01,M600,31.3108767,120.6039862,30.5,AVAILABLE,,
270,270,M-UAV-02,M600,31.2971716,120.5956323,30.5,AVAILABLE,,
271,271,EVTOL-01,EC35,31.3031484,120.6035125,199.9,BUSY,M-P-001,V1
271,271,L-UAV-01,AMZN,31.3016400,120.5984600,100.0,BUSY,M-L-001,V2
271,271,M-UAV-01,M600,31.3108767,120.6039862,30.5,AVAILABLE,,
271,271,M-UAV-02,M600,31.2971716,120.5956323,30.5,AVAILABLE,,
272,272,EVTOL-01,EC35,31.3035111,120.6035347,199.9,BUSY,M-P-001,V1
272,272,L-UAV-01,AMZN,31.3015208,120.5983845,100.0,BUSY,M-L-001,V2
272,272,M-UAV-01,M600,31.3108767,120.6039862,30.5,AVAILABLE,,
272,272,M-UAV-02,M600,31.2971716,120.5956323,30.5,AVAILABLE,,
273,273,EVTOL-01,EC35,31.3038738,120.6035570,199.9,BUSY,M-P-001,V1
273,273,L-UAV-01,AMZN,31.3014016,120.5983090,100.0,BUSY,M-L-001,V2
273,273,M-UAV-01,M600,31.3108767,120.6039862,30.5,AVAILABLE,,
273,273,M-UAV-02,M600,31.2971716,120.5956323,30.5,AVAILABLE,,
274,274,EVTOL-01,EC35,31.3042365,120.6035792,199.9,BUSY,M-P-001,V1
274,274,L-UAV-01,AMZN,31.3012823,120.5982336,100.0,BUSY,M-L-001,V2
274,274,M-UAV-01,M600,31.3108767,120.6039862,30.5,AVAILABLE,,
274,274,M-UAV-02,M600,31.2971716,120.5956323,30.5,AVAILABLE,,
275,275,EVTOL-01,EC35,31.3045992,120.6036014,199.9,BUSY,M-P-001,V1
275,275,L-UAV-01,AMZN,31.3011631,120.5981581,100.0,BUSY,M-L-001,V2
275,275,M-UAV-01,M600,31.3108767,120.6039862,30.5,AVAILABLE,,
275,275,M-UAV-02,M600,31.2971716,120.5956323,30.5,AVAILABLE,,
276,276,EVTOL-01,EC35,31.3049619,120.6036236,199.9,BUSY,M-P-001,V1
276,276,L-UAV-01,AMZN,31.3010439,120.5980827,100.0,BUSY,M-L-001,V2
276,276,M-UAV-01,M600,31.3108767,120.6039862,30.5,AVAILABLE,,
276,276,M-UAV-02,M600,31.2971716,120.5956323,30.5,AVAILABLE,,
277,277,EVTOL-01,EC35,31.3053246,120.6036459,199.9,BUSY,M-P-001,V1
277,277,L-UAV-01,AMZN,31.3009246,120.5980072,100.0,BUSY,M-L-001,V2
277,277,M-UAV-01,M600,31.3108767,120.6039862,30.5,AVAILABLE,,
277,277,M-UAV-02,M600,31.2971716,120.5956323,30.5,AVAILABLE,,
278,278,EVTOL-01,EC35,31.3056873,120.6036681,199.9,BUSY,M-P-001,V1
278,278,L-UAV-01,AMZN,31.3008054,120.5979318,100.0,BUSY,M-L-001,V2
278,278,M-UAV-01,M600,31.3108767,120.6039862,30.5,AVAILABLE,,
278,278,M-UAV-02,M600,31.2971716,120.5956323,30.5,AVAILABLE,,
279,279,EVTOL-01,EC35,31.3060500,120.6036903,199.9,BUSY,M-P-001,V1
279,279,L-UAV-01,AMZN,31.3006862,120.5978563,100.0,BUSY,M-L-001,V2
279,279,M-UAV-01,M600,31.3108767,120.6039862,30.5,AVAILABLE,,
279,279,M-UAV-02,M600,31.2971716,120.5956323,30.5,AVAILABLE,,
280,280,EVTOL-01,EC35,31.3064127,120.6037125,199.9,BUSY,M-P-001,V1
280,280,L-UAV-01,AMZN,31.3005669,120.5977809,100.0,BUSY,M-L-001,V2
280,280,M-UAV-01,M600,31.3108767,120.6039862,30.5,AVAILABLE,,
280,280,M-UAV-02,M600,31.2971716,120.5956323,30.5,AVAILABLE,,
281,281,EVTOL-01,EC35,31.3067754,120.6037348,199.9,BUSY,M-P-001,V1
281,281,L-UAV-01,AMZN,31.3004477,120.5977054,100.0,BUSY,M-L-001,V2
281,281,M-UAV-01,M600,31.3108767,120.6039862,30.5,AVAILABLE,,
281,281,M-UAV-02,M600,31.2971716,120.5956323,30.5,AVAILABLE,,
282,282,EVTOL-01,EC35,31.3071381,120.6037570,199.9,BUSY,M-P-001,V1
282,282,L-UAV-01,AMZN,31.3003285,120.5976300,100.0,BUSY,M-L-001,V2
282,282,M-UAV-01,M600,31.3108767,120.6039862,30.5,AVAILABLE,,
282,282,M-UAV-02,M600,31.2971716,120.5956323,30.5,AVAILABLE,,
283,283,EVTOL-01,EC35,31.3075007,120.6037792,199.9,BUSY,M-P-001,V1
283,283,L-UAV-01,AMZN,31.3002092,120.5975545,100.0,BUSY,M-L-001,V2
283,283,M-UAV-01,M600,31.3108767,120.6039862,30.5,AVAILABLE,,
283,283,M-UAV-02,M600,31.2971716,120.5956323,30.5,AVAILABLE,,
284,284,EVTOL-01,EC35,31.3078634,120.6038015,199.9,BUSY,M-P-001,V1
284,284,L-UAV-01,AMZN,31.3000900,120.5974791,100.0,BUSY,M-L-001,V2
284,284,M-UAV-01,M600,31.3108767,120.6039862,30.5,AVAILABLE,,
284,284,M-UAV-02,M600,31.2971716,120.5956323,30.5,AVAILABLE,,
285,285,EVTOL-01,EC35,31.3082261,120.6038237,199.9,BUSY,M-P-001,V1
285,285,L-UAV-01,AMZN,31.2999708,120.5974036,100.0,BUSY,M-L-001,V2
285,285,M-UAV-01,M600,31.3108767,120.6039862,30.5,AVAILABLE,,
285,285,M-UAV-02,M600,31.2971716,120.5956323,30.5,AVAILABLE,,
286,286,EVTOL-01,EC35,31.3085888,120.6038459,199.9,BUSY,M-P-001,V1
286,286,L-UAV-01,AMZN,31.2998515,120.5973282,100.0,BUSY,M-L-001,V2
286,286,M-UAV-01,M600,31.3108767,120.6039862,30.5,AVAILABLE,,
286,286,M-UAV-02,M600,31.2971716,120.5956323,30.5,AVAILABLE,,
287,287,EVTOL-01,EC35,31.3089515,120.6038682,199.9,BUSY,M-P-001,V1
287,287,L-UAV-01,AMZN,31.2997323,120.5972527,100.0,BUSY,M-L-001,V2
287,287,M-UAV-01,M600,31.3108767,120.6039862,30.5,AVAILABLE,,
287,287,M-UAV-02,M600,31.2971716,120.5956323,30.5,AVAILABLE,,
288,288,EVTOL-01,EC35,31.3093142,120.6038904,199.9,BUSY,M-P-001,V1
288,288,L-UAV-01,AMZN,31.2996131,120.5971773,100.0,BUSY,M-L-001,V2
288,288,M-UAV-01,M600,31.3108767,120.6039862,30.5,AVAILABLE,,
288,288,M-UAV-02,M600,31.2971716,120.5956323,30.5,AVAILABLE,,
289,289,EVTOL-01,EC35,31.3096769,120.6039126,199.9,BUSY,M-P-001,V1
289,289,L-UAV-01,AMZN,31.2994938,120.5971018,100.0,BUSY,M-L-001,V2
289,289,M-UAV-01,M600,31.3108767,120.6039862,30.5,AVAILABLE,,
289,289,M-UAV-02,M600,31.2971716,120.5956323,30.5,AVAILABLE,,
290,290,EVTOL-01,EC35,31.3100396,120.6039348,199.9,BUSY,M-P-001,V2
290,290,L-UAV-01,AMZN,31.2993746,120.5970264,100.0,BUSY,M-L-001,V2
290,290,M-UAV-01,M600,31.3108767,120.6039862,30.5,AVAILABLE,,
290,290,M-UAV-02,M600,31.2971716,120.5956323,30.5,AVAILABLE,,
291,291,EVTOL-01,EC35,31.3104021,120.6039090,199.9,BUSY,M-P-001,V2
291,291,L-UAV-01,AMZN,31.2992554,120.5969509,100.0,BUSY,M-L-001,V2
291,291,M-UAV-01,M600,31.3108767,120.6039862,30.5,AVAILABLE,,
291,291,M-UAV-02,M600,31.2971716,120.5956323,30.5,AVAILABLE,,
292,292,EVTOL-01,EC35,31.3107598,120.6038353,199.9,BUSY,M-P-001,V2
292,292,L-UAV-01,AMZN,31.2991361,120.5968755,100.0,BUSY,M-L-001,V2
292,292,M-UAV-01,M600,31.3108767,120.6039862,30.5,AVAILABLE,,
292,292,M-UAV-02,M600,31.2971716,120.5956323,30.5,AVAILABLE,,
293,293,EVTOL-01,EC35,31.3111081,120.6037148,199.9,BUSY,M-P-001,V2
293,293,L-UAV-01,AMZN,31.2990169,120.5968000,100.0,BUSY,M-L-001,V2
293,293,M-UAV-01,M600,31.3108767,120.6039862,30.5,AVAILABLE,,
293,293,M-UAV-02,M600,31.2971716,120.5956323,30.5,AVAILABLE,,
294,294,EVTOL-01,EC35,31.3114425,120.6035490,199.9,BUSY,M-P-001,V2
294,294,L-UAV-01,AMZN,31.2988977,120.5967246,100.0,BUSY,M-L-001,V2
294,294,M-UAV-01,M600,31.3108767,120.6039862,30.5,AVAILABLE,,
294,294,M-UAV-02,M600,31.2971716,120.5956323,30.5,AVAILABLE,,
295,295,EVTOL-01,EC35,31.3117588,120.6033401,199.9,BUSY,M-P-001,V2
295,295,L-UAV-01,AMZN,31.2987784,120.5966491,100.0,BUSY,M-L-001,V2
295,295,M-UAV-01,M600,31.3108767,120.6039862,30.5,AVAILABLE,,
295,295,M-UAV-02,M600,31.2971716,120.5956323,30.5,AVAILABLE,,
296,296,EVTOL-01,EC35,31.3120529,120.6030906,199.9,BUSY,M-P-001,V2
296,296,L-UAV-01,AMZN,31.2986592,120.5965737,100.0,BUSY,M-L-001,V2
296,296,M-UAV-01,M600,31.3108767,120.6039862,30.5,AVAILABLE,,
296,296,M-UAV-02,M600,31.2971716,120.5956323,30.5,AVAILABLE,,
297,297,EVTOL-01,EC35,31.3123210,120.6028039,199.9,BUSY,M-P-001,V2
297,297,L-UAV-01,AMZN,31.2985400,120.5964982,100.0,BUSY,M-L-001,V2
297,297,M-UAV-01,M600,31.3108767,120.6039862,30.5,AVAILABLE,,
297,297,M-UAV-02,M600,31.2971716,120.5956323,30.5,AVAILABLE,,
298,298,EVTOL-01,EC35,31.3125598,120.6024835,199.9,BUSY,M-P-001,V2
298,298,L-UAV-01,AMZN,31.2984207,120.5964228,100.0,BUSY,M-L-001,V2
298,298,M-UAV-01,M600,31.3108767,120.6039862,30.5,AVAILABLE,,
298,298,M-UAV-02,M600,31.2971716,120.5956323,30.5,AVAILABLE,,
299,299,EVTOL-01,EC35,31.3127661,120.6021336,199.9,BUSY,M-P-001,V2
299,299,L-UAV-01,AMZN,31.2983015,120.5963473,100.0,BUSY,M-L-001,V2
299,299,M-UAV-01,M600,31.3108767,120.6039862,30.5,AVAILABLE,,
299,299,M-UAV-02,M600,31.2971716,120.5956323,30.5,AVAILABLE,,
300,300,EVTOL-01,EC35,31.3129372,120.6017587,199.9,BUSY,M-P-001,V2
300,300,L-UAV-01,AMZN,31.2981823,120.5962719,100.0,BUSY,M-L-001,V2
300,300,M-UAV-01,M600,31.3108767,120.6039862,30.5,AVAILABLE,,
300,300,M-UAV-02,M600,31.2971716,120.5956323,30.5,AVAILABLE,,
301,301,EVTOL-01,EC35,31.3130711,120.6013635,199.9,BUSY,M-P-001,V2
301,301,L-UAV-01,AMZN,31.2980630,120.5961964,100.0,BUSY,M-L-001,V2
301,301,M-UAV-01,M600,31.3108767,120.6039862,30.5,AVAILABLE,,
301,301,M-UAV-02,M600,31.2971716,120.5956323,30.5,AVAILABLE,,
302,302,EVTOL-01,EC35,31.3131660,120.6009532,199.9,BUSY,M-P-001,V2
302,302,L-UAV-01,AMZN,31.2979438,120.5961210,100.0,BUSY,M-L-001,V3
302,302,M-UAV-01,M600,31.3108767,120.6039862,30.5,AVAILABLE,,
302,302,M-UAV-02,M600,31.2971716,120.5956323,30.5,AVAILABLE,,
303,303,EVTOL-01,EC35,31.3132207,120.6005329,199.9,BUSY,M-P-001,V2
303,303,L-UAV-01,AMZN,31.2978107,120.5960907,100.0,BUSY,M-L-001,V3
303,303,M-UAV-01,M600,31.3108767,120.6039862,30.5,AVAILABLE,,
303,303,M-UAV-02,M600,31.2971716,120.5956323,30.5,AVAILABLE,,
304,304,EVTOL-01,EC35,31.3132344,120.6001081,199.9,BUSY,M-P-001,V2
304,304,L-UAV-01,AMZN,31.2976760,120.5961083,100.0,BUSY,M-L-001,V3
304,304,M-UAV-01,M600,31.3108767,120.6039862,30.5,AVAILABLE,,
304,304,M-UAV-02,M600,31.2971716,120.5956323,30.5,AVAILABLE,,
305,305,EVTOL-01,EC35,31.3132071,120.5996842,199.9,BUSY,M-P-001,V2
305,305,L-UAV-01,AMZN,31.2975520,120.5961721,100.0,BUSY,M-L-001,V3
305,305,M-UAV-01,M600,31.3108767,120.6039862,30.5,AVAILABLE,,
305,305,M-UAV-02,M600,31.2971716,120.5956323,30.5,AVAILABLE,,
306,306,EVTOL-01,EC35,31.3131390,120.5992666,199.9,BUSY,M-P-001,V2
306,306,L-UAV-01,AMZN,31.2974499,120.5962765,100.0,BUSY,M-L-001,V3
306,306,M-UAV-01,M600,31.3108767,120.6039862,30.5,AVAILABLE,,
306,306,M-UAV-02,M600,31.2971716,120.5956323,30.5,AVAILABLE,,
307,307,EVTOL-01,EC35,31.3130310,120.5988607,199.9,BUSY,M-P-001,V2
307,307,L-UAV-01,AMZN,31.2973791,120.5964118,100.0,BUSY,M-L-001,V3
307,307,M-UAV-01,M600,31.3108767,120.6039862,30.5,AVAILABLE,,
307,307,M-UAV-02,M600,31.2971716,120.5956323,30.5,AVAILABLE,,
308,308,EVTOL-01,EC35,31.3128845,120.5984717,199.9,BUSY,M-P-001,V2
308,308,L-UAV-01,AMZN,31.2973461,120.5965656,100.0,BUSY,M-L-001,V3
308,308,M-UAV-01,M600,31.3108767,120.6039862,30.5,AVAILABLE,,
308,308,M-UAV-02,M600,31.2971716,120.5956323,30.5,AVAILABLE,,
309,309,EVTOL-01,EC35,31.3127014,120.5981046,199.9,BUSY,M-P-001,V2
309,309,L-UAV-01,AMZN,31.2973538,120.5967240,100.0,BUSY,M-L-001,V3
309,309,M-UAV-01,M600,31.3108767,120.6039862,30.5,AVAILABLE,,
309,309,M-UAV-02,M600,31.2971716,120.5956323,30.5,AVAILABLE,,
310,310,EVTOL-01,EC35,31.3124841,120.5977640,199.9,BUSY,M-P-001,V2
310,310,L-UAV-01,AMZN,31.2974017,120.5968724,100.0,BUSY,M-L-001,V3
310,310,M-UAV-01,M600,31.3108767,120.6039862,30.5,AVAILABLE,,
310,310,M-UAV-02,M600,31.2971716,120.5956323,30.5,AVAILABLE,,
311,311,EVTOL-01,EC35,31.3122353,120.5974543,199.9,BUSY,M-P-001,V2
311,311,L-UAV-01,AMZN,31.2974852,120.5969973,100.0,BUSY,M-L-001,V3
311,311,M-UAV-01,M600,31.3108767,120.6039862,30.5,AVAILABLE,,
311,311,M-UAV-02,M600,31.2971716,120.5956323,30.5,AVAILABLE,,
312,312,EVTOL-01,EC35,31.3119581,120.5971796,199.9,BUSY,M-P-001,V2
312,312,L-UAV-01,AMZN,31.2975969,120.5970873,100.0,BUSY,M-L-001,V3
312,312,M-UAV-01,M600,31.3108767,120.6039862,30.5,AVAILABLE,,
312,312,M-UAV-02,M600,31.2971716,120.5956323,30.5,AVAILABLE,,
313,313,EVTOL-01,EC35,31.3116563,120.5969432,199.9,BUSY,M-P-001,V2
313,313,L-UAV-01,AMZN,31.2977161,120.5971628,100.0,BUSY,M-L-001,V3
313,313,M-UAV-01,M600,31.3108767,120.6039862,30.5,AVAILABLE,,
313,313,M-UAV-02,M600,31.2971716,120.5956323,30.5,AVAILABLE,,
314,314,EVTOL-01,EC35,31.3113335,120.5967483,199.9,BUSY,M-P-001,V2
314,314,L-UAV-01,AMZN,31.2978353,120.5972382,100.0,BUSY,M-L-001,V3
314,314,M-UAV-01,M600,31.3108767,120.6039862,30.5,AVAILABLE,,
314,314,M-UAV-02,M600,31.2971716,120.5956323,30.5,AVAILABLE,,
315,315,EVTOL-01,EC35,31.3109940,120.5965973,199.9,BUSY,M-P-001,V2
315,315,L-UAV-01,AMZN,31.2979545,120.5973137,100.0,BUSY,M-L-001,V3
315,315,M-UAV-01,M600,31.3108767,120.6039862,30.5,AVAILABLE,,
315,315,M-UAV-02,M600,31.2971716,120.5956323,30.5,AVAILABLE,,
316,316,EVTOL-01,EC35,31.3106421,120.5964922,199.9,BUSY,M-P-001,V2
316,316,L-UAV-01,AMZN,31.2980738,120.5973892,100.0,BUSY,M-L-001,V3
316,316,M-UAV-01,M600,31.3108767,120.6039862,30.5,AVAILABLE,,
316,316,M-UAV-02,M600,31.2971716,120.5956323,30.5,AVAILABLE,,
317,317,EVTOL-01,EC35,31.3102823,120.5964343,199.9,BUSY,M-P-001,V2
317,317,L-UAV-01,AMZN,31.2981930,120.5974646,100.0,BUSY,M-L-001,V3
317,317,M-UAV-01,M600,31.3108767,120.6039862,30.5,AVAILABLE,,
317,317,M-UAV-02,M600,31.2971716,120.5956323,30.5,AVAILABLE,,
318,318,EVTOL-01,EC35,31.3099196,120.5964121,199.9,BUSY,M-P-001,V2
318,318,L-UAV-01,AMZN,31.2983122,120.5975401,100.0,BUSY,M-L-001,V3
318,318,M-UAV-01,M600,31.3108767,120.6039862,30.5,AVAILABLE,,
318,318,M-UAV-02,M600,31.2971716,120.5956323,30.5,AVAILABLE,,
319,319,EVTOL-01,EC35,31.3095569,120.5963899,199.9,BUSY,M-P-001,V2
319,319,L-UAV-01,AMZN,31.2984315,120.5976155,100.0,BUSY,M-L-001,V3
319,319,M-UAV-01,M600,31.3108767,120.6039862,30.5,AVAILABLE,,
319,319,M-UAV-02,M600,31.2971716,120.5956323,30.5,AVAILABLE,,
320,320,EVTOL-01,EC35,31.3091942,120.5963677,199.9,BUSY,M-P-001,V2
320,320,L-UAV-01,AMZN,31.2985507,120.5976910,100.0,BUSY,M-L-001,V3
320,320,M-UAV-01,M600,31.3108767,120.6039862,30.5,AVAILABLE,,
320,320,M-UAV-02,M600,31.2971716,120.5956323,30.5,AVAILABLE,,
321,321,EVTOL-01,EC35,31.3088315,120.5963456,199.9,BUSY,M-P-001,V2
321,321,L-UAV-01,AMZN,31.2986699,120.5977665,100.0,BUSY,M-L-001,V3
321,321,M-UAV-01,M600,31.3108767,120.6039862,30.5,AVAILABLE,,
321,321,M-UAV-02,M600,31.2971716,120.5956323,30.5,AVAILABLE,,
322,322,EVTOL-01,EC35,31.3084688,120.5963234,199.9,BUSY,M-P-001,V2
322,322,L-UAV-01,AMZN,31.2987892,120.5978419,100.0,BUSY,M-L-001,V3
322,322,M-UAV-01,M600,31.3108767,120.6039862,30.5,AVAILABLE,,
322,322,M-UAV-02,M600,31.2971716,120.5956323,30.5,AVAILABLE,,
323,323,EVTOL-01,EC35,31.3081061,120.5963012,199.9,BUSY,M-P-001,V2
323,323,L-UAV-01,AMZN,31.2989084,120.5979174,100.0,BUSY,M-L-001,V3
323,323,M-UAV-01,M600,31.3108767,120.6039862,30.5,AVAILABLE,,
323,323,M-UAV-02,M600,31.2971716,120.5956323,30.5,AVAILABLE,,
324,324,EVTOL-01,EC35,31.3077434,120.5962790,199.9,BUSY,M-P-001,V2
324,324,L-UAV-01,AMZN,31.2990276,120.5979928,100.0,BUSY,M-L-001,V3
324,324,M-UAV-01,M600,31.3108767,120.6039862,30.5,AVAILABLE,,
324,324,M-UAV-02,M600,31.2971716,120.5956323,30.5,AVAILABLE,,
325,325,EVTOL-01,EC35,31.3073807,120.5962568,199.9,BUSY,M-P-001,V2
325,325,L-UAV-01,AMZN,31.2991468,120.5980683,100.0,BUSY,M-L-001,V3
325,325,M-UAV-01,M600,31.3108767,120.6039862,30.5,AVAILABLE,,
325,325,M-UAV-02,M600,31.2971716,120.5956323,30.5,AVAILABLE,,
326,326,EVTOL-01,EC35,31.3070180,120.5962346,199.9,BUSY,M-P-001,V2
326,326,L-UAV-01,AMZN,31.2992661,120.5981438,100.0,BUSY,M-L-001,V3
326,326,M-UAV-01,M600,31.3108767,120.6039862,30.5,AVAILABLE,,
326,326,M-UAV-02,M600,31.2971716,120.5956323,30.5,AVAILABLE,,
327,327,EVTOL-01,EC35,31.3066553,120.5962124,199.9,BUSY,M-P-001,V2
327,327,L-UAV-01,AMZN,31.2993853,120.5982192,100.0,BUSY,M-L-001,V3
327,327,M-UAV-01,M600,31.3108767,120.6039862,30.5,AVAILABLE,,
327,327,M-UAV-02,M600,31.2971716,120.5956323,30.5,AVAILABLE,,
328,328,EVTOL-01,EC35,31.3062926,120.5961902,199.9,BUSY,M-P-001,V2
328,328,L-UAV-01,AMZN,31.2995045,120.5982947,100.0,BUSY,M-L-001,V3
328,328,M-UAV-01,M600,31.3108767,120.6039862,30.5,AVAILABLE,,
328,328,M-UAV-02,M600,31.2971716,120.5956323,30.5,AVAILABLE,,
329,329,EVTOL-01,EC35,31.3059299,120.5961681,199.9,BUSY,M-P-001,V2
329,329,L-UAV-01,AMZN,31.2996238,120.5983701,100.0,BUSY,M-L-001,V3
329,329,M-UAV-01,M600,31.3108767,120.6039862,30.5,AVAILABLE,,
329,329,M-UAV-02,M600,31.2971716,120.5956323,30.5,AVAILABLE,,
330,330,EVTOL-01,EC35,31.3055672,120.5961459,199.9,BUSY,M-P-001,V2
330,330,L-UAV-01,AMZN,31.2997430,120.5984456,100.0,BUSY,M-L-001,V3
330,330,M-UAV-01,M600,31.3108767,120.6039862,30.5,AVAILABLE,,
330,330,M-UAV-02,M600,31.2971716,120.5956323,30.5,AVAILABLE,,
331,331,EVTOL-01,EC35,31.3052045,120.5961237,199.9,BUSY,M-P-001,V2
331,331,L-UAV-01,AMZN,31.2998622,120.5985211,100.0,BUSY,M-L-001,V3
331,331,M-UAV-01,M600,31.3108767,120.6039862,30.5,AVAILABLE,,
331,331,M-UAV-02,M600,31.2971716,120.5956323,30.5,AVAILABLE,,
332,332,EVTOL-01,EC35,31.3048418,120.5961015,199.9,BUSY,M-P-001,V2
332,332,L-UAV-01,AMZN,31.2999814,120.5985965,100.0,BUSY,M-L-001,V3
332,332,M-UAV-01,M600,31.3108767,120.6039862,30.5,AVAILABLE,,
332,332,M-UAV-02,M600,31.2971716,120.5956323,30.5,AVAILABLE,,
333,333,EVTOL-01,EC35,31.3044791,120.5960793,199.9,BUSY,M-P-001,V2
333,333,L-UAV-01,AMZN,31.3001007,120.5986720,100.0,BUSY,M-L-001,V3
333,333,M-UAV-01,M600,31.3108767,120.6039862,30.5,AVAILABLE,,
333,333,M-UAV-02,M600,31.2971716,120.5956323,30.5,AVAILABLE,,
334,334,EVTOL-01,EC35,31.3041164,120.5960571,199.9,BUSY,M-P-001,V2
334,334,L-UAV-01,AMZN,31.3002199,120.5987474,100.0,BUSY,M-L-001,V3
334,334,M-UAV-01,M600,31.3108767,120.6039862,30.5,AVAILABLE,,
334,334,M-UAV-02,M600,31.2971716,120.5956323,30.5,AVAILABLE,,
335,335,EVTOL-01,EC35,31.3037537,120.5960349,199.9,BUSY,M-P-001,V2
335,335,L-UAV-01,AMZN,31.3003391,120.5988229,100.0,BUSY,M-L-001,V3
335,335,M-UAV-01,M600,31.3108767,120.6039862,30.5,AVAILABLE,,
335,335,M-UAV-02,M600,31.2971716,120.5956323,30.5,AVAILABLE,,
336,336,EVTOL-01,EC35,31.3033910,120.5960127,199.9,BUSY,M-P-001,V2
336,336,L-UAV-01,AMZN,31.3004584,120.5988984,100.0,BUSY,M-L-001,V3
336,336,M-UAV-01,M600,31.3108767,120.6039862,30.5,AVAILABLE,,
336,336,M-UAV-02,M600,31.2971716,120.5956323,30.5,AVAILABLE,,
337,337,EVTOL-01,EC35,31.3030284,120.5959906,199.9,BUSY,M-P-001,V2
337,337,L-UAV-01,AMZN,31.3005776,120.5989738,100.0,BUSY,M-L-001,V3
337,337,M-UAV-01,M600,31.3108767,120.6039862,30.5,AVAILABLE,,
337,337,M-UAV-02,M600,31.2971716,120.5956323,30.5,AVAILABLE,,
338,338,EVTOL-01,EC35,31.3026657,120.5959684,199.9,BUSY,M-P-001,V2
338,338,L-UAV-01,AMZN,31.3006968,120.5990493,100.0,BUSY,M-L-001,V3
338,338,M-UAV-01,M600,31.3108767,120.6039862,30.5,AVAILABLE,,
338,338,M-UAV-02,M600,31.2971716,120.5956323,30.5,AVAILABLE,,
339,339,EVTOL-01,EC35,31.3023030,120.5959462,199.9,BUSY,M-P-001,V2
339,339,L-UAV-01,AMZN,31.3008160,120.5991247,100.0,BUSY,M-L-001,V3
339,339,M-UAV-01,M600,31.3108767,120.6039862,30.5,AVAILABLE,,
339,339,M-UAV-02,M600,31.2971716,120.5956323,30.5,AVAILABLE,,
340,340,EVTOL-01,EC35,31.3019403,120.5959240,199.9,BUSY,M-P-001,V2
340,340,L-UAV-01,AMZN,31.3009353,120.5992002,100.0,BUSY,M-L-001,V3
340,340,M-UAV-01,M600,31.3108767,120.6039862,30.5,AVAILABLE,,
340,340,M-UAV-02,M600,31.2971716,120.5956323,30.5,AVAILABLE,,
341,341,EVTOL-01,EC35,31.3015776,120.5959018,199.9,BUSY,M-P-001,V2
341,341,L-UAV-01,AMZN,31.3010545,120.5992757,100.0,BUSY,M-L-001,V3
341,341,M-UAV-01,M600,31.3108767,120.6039862,30.5,AVAILABLE,,
341,341,M-UAV-02,M600,31.2971716,120.5956323,30.5,AVAILABLE,,
342,342,EVTOL-01,EC35,31.3012149,120.5958796,199.9,BUSY,M-P-001,V2
342,342,L-UAV-01,AMZN,31.3011737,120.5993511,100.0,BUSY,M-L-001,V3
342,342,M-UAV-01,M600,31.3108767,120.6039862,30.5,AVAILABLE,,
342,342,M-UAV-02,M600,31.2971716,120.5956323,30.5,AVAILABLE,,
343,343,EVTOL-01,EC35,31.3008522,120.5958574,199.9,BUSY,M-P-001,V2
343,343,L-UAV-01,AMZN,31.3012930,120.5994266,100.0,BUSY,M-L-001,V3
343,343,M-UAV-01,M600,31.3108767,120.6039862,30.5,AVAILABLE,,
343,343,M-UAV-02,M600,31.2971716,120.5956323,30.5,AVAILABLE,,
344,344,EVTOL-01,EC35,31.3004895,120.5958353,199.9,BUSY,M-P-001,V2
344,344,L-UAV-01,AMZN,31.3014122,120.5995021,100.0,BUSY,M-L-001,V3
344,344,M-UAV-01,M600,31.3108767,120.6039862,30.5,AVAILABLE,,
344,344,M-UAV-02,M600,31.2971716,120.5956323,30.5,AVAILABLE,,
345,345,EVTOL-01,EC35,31.3001268,120.5958131,199.9,BUSY,M-P-001,V2
345,345,L-UAV-01,AMZN,31.3015314,120.5995775,100.0,BUSY,M-L-001,V3
345,345,M-UAV-01,M600,31.3108767,120.6039862,30.5,AVAILABLE,,
345,345,M-UAV-02,M600,31.2971716,120.5956323,30.5,AVAILABLE,,
346,346,EVTOL-01,EC35,31.2997641,120.5957909,199.9,BUSY,M-P-001,V2
346,346,L-UAV-01,AMZN,31.3016506,120.5996530,100.0,BUSY,M-L-001,V3
346,346,M-UAV-01,M600,31.3108767,120.6039862,30.5,AVAILABLE,,
346,346,M-UAV-02,M600,31.2971716,120.5956323,30.5,AVAILABLE,,
347,347,EVTOL-01,EC35,31.2994014,120.5957687,199.9,BUSY,M-P-001,V2
347,347,L-UAV-01,AMZN,31.3017699,120.5997285,100.0,BUSY,M-L-001,V3
347,347,M-UAV-01,M600,31.3108767,120.6039862,30.5,AVAILABLE,,
347,347,M-UAV-02,M600,31.2971716,120.5956323,30.5,AVAILABLE,,
348,348,EVTOL-01,EC35,31.2990387,120.5957465,199.9,BUSY,M-P-001,V2
348,348,L-UAV-01,AMZN,31.3018891,120.5998039,100.0,BUSY,M-L-001,V3
348,348,M-UAV-01,M600,31.3108767,120.6039862,30.5,AVAILABLE,,
348,348,M-UAV-02,M600,31.2971716,120.5956323,30.5,AVAILABLE,,
349,349,EVTOL-01,EC35,31.2986760,120.5957243,199.9,BUSY,M-P-001,V2
349,349,L-UAV-01,AMZN,31.3020083,120.5998794,100.0,BUSY,M-L-001,V3
349,349,M-UAV-01,M600,31.3108767,120.6039862,30.5,AVAILABLE,,
349,349,M-UAV-02,M600,31.2971716,120.5956323,30.5,AVAILABLE,,
350,350,EVTOL-01,EC35,31.2983133,120.5957022,199.9,BUSY,M-P-001,V2
350,350,L-UAV-01,AMZN,31.3021276,120.5999548,100.0,BUSY,M-L-001,V3
350,350,M-UAV-01,M600,31.3108767,120.6039862,30.5,AVAILABLE,,
350,350,M-UAV-02,M600,31.2971716,120.5956323,30.5,AVAILABLE,,
351,351,EVTOL-01,EC35,31.2979506,120.5956800,199.9,BUSY,M-P-001,V1
351,351,L-UAV-01,AMZN,31.3022468,120.6000303,100.0,BUSY,M-L-001,V3
351,351,M-UAV-01,M600,31.3108767,120.6039862,30.5,AVAILABLE,,
351,351,M-UAV-02,M600,31.2971716,120.5956323,30.5,AVAILABLE,,
352,352,EVTOL-01,EC35,31.2975881,120.5957059,199.9,BUSY,M-P-001,V1
352,352,L-UAV-01,AMZN,31.3023660,120.6001058,100.0,BUSY,M-L-001,V3
352,352,M-UAV-01,M600,31.3108767,120.6039862,30.5,AVAILABLE,,
352,352,M-UAV-02,M600,31.2971716,120.5956323,30.5,AVAILABLE,,
353,353,EVTOL-01,EC35,31.2972304,120.5957796,199.9,BUSY,M-P-001,V1
353,353,L-UAV-01,AMZN,31.3024852,120.6001812,100.0,BUSY,M-L-001,V3
353,353,M-UAV-01,M600,31.3108767,120.6039862,30.5,AVAILABLE,,
353,353,M-UAV-02,M600,31.2971716,120.5956323,30.5,AVAILABLE,,
354,354,EVTOL-01,EC35,31.2968821,120.5959001,199.9,BUSY,M-P-001,V1
354,354,L-UAV-01,AMZN,31.3026045,120.6002567,100.0,BUSY,M-L-001,V3
354,354,M-UAV-01,M600,31.3108767,120.6039862,30.5,AVAILABLE,,
354,354,M-UAV-02,M600,31.2971716,120.5956323,30.5,AVAILABLE,,
355,355,EVTOL-01,EC35,31.2965477,120.5960659,199.9,BUSY,M-P-001,V1
355,355,L-UAV-01,AMZN,31.3027237,120.6003322,100.0,BUSY,M-L-001,V3
355,355,M-UAV-01,M600,31.3108767,120.6039862,30.5,AVAILABLE,,
355,355,M-UAV-02,M600,31.2971716,120.5956323,30.5,AVAILABLE,,
356,356,EVTOL-01,EC35,31.2962314,120.5962749,199.9,BUSY,M-P-001,V1
356,356,L-UAV-01,AMZN,31.3028429,120.6004076,100.0,BUSY,M-L-001,V3
356,356,M-UAV-01,M600,31.3108767,120.6039862,30.5,AVAILABLE,,
356,356,M-UAV-02,M600,31.2971716,120.5956323,30.5,AVAILABLE,,
357,357,EVTOL-01,EC35,31.2959374,120.5965243,199.9,BUSY,M-P-001,V1
357,357,L-UAV-01,AMZN,31.3029622,120.6004831,100.0,BUSY,M-L-001,V3
357,357,M-UAV-01,M600,31.3108767,120.6039862,30.5,AVAILABLE,,
357,357,M-UAV-02,M600,31.2971716,120.5956323,30.5,AVAILABLE,,
358,358,EVTOL-01,EC35,31.2956693,120.5968110,199.9,BUSY,M-P-001,V1
358,358,L-UAV-01,AMZN,31.3030814,120.6005586,100.0,BUSY,M-L-001,V3
358,358,M-UAV-01,M600,31.3108767,120.6039862,30.5,AVAILABLE,,
358,358,M-UAV-02,M600,31.2971716,120.5956323,30.5,AVAILABLE,,
359,359,EVTOL-01,EC35,31.2954306,120.5971314,199.9,BUSY,M-P-001,V1
359,359,L-UAV-01,AMZN,31.3032006,120.6006340,100.0,BUSY,M-L-001,V3
359,359,M-UAV-01,M600,31.3108767,120.6039862,30.5,AVAILABLE,,
359,359,M-UAV-02,M600,31.2971716,120.5956323,30.5,AVAILABLE,,
360,360,EVTOL-01,EC35,31.2952243,120.5974812,199.9,BUSY,M-P-001,V1
360,360,L-UAV-01,AMZN,31.3033198,120.6007095,100.0,BUSY,M-L-001,V3
360,360,M-UAV-01,M600,31.3108767,120.6039862,30.5,AVAILABLE,,
360,360,M-UAV-02,M600,31.2971716,120.5956323,30.5,AVAILABLE,,
361,361,EVTOL-01,EC35,31.2950532,120.5978561,199.9,BUSY,M-P-001,V1
361,361,L-UAV-01,AMZN,31.3034391,120.6007850,100.0,BUSY,M-L-001,V3
361,361,M-UAV-01,M600,31.3108767,120.6039862,30.5,AVAILABLE,,
361,361,M-UAV-02,M600,31.2971866,120.5956438,32.0,CONTINGENCY,,V3
362,362,EVTOL-01,EC35,31.2949193,120.5982512,199.9,BUSY,M-P-001,V1
362,362,L-UAV-01,AMZN,31.3035583,120.6008604,100.0,BUSY,M-L-001,V3
362,362,M-UAV-01,M600,31.3108767,120.6039862,30.5,AVAILABLE,,
362,362,M-UAV-02,M600,31.2972168,120.5956667,35.1,CONTINGENCY,,V3
363,363,EVTOL-01,EC35,31.2948245,120.5986615,199.9,BUSY,M-P-001,V1
363,363,L-UAV-01,AMZN,31.3036775,120.6009359,100.0,BUSY,M-L-001,V3
363,363,M-UAV-01,M600,31.3108767,120.6039862,30.5,AVAILABLE,,
363,363,M-UAV-02,M600,31.2972621,120.5957011,39.6,CONTINGENCY,,V3
364,364,EVTOL-01,EC35,31.2947699,120.5990817,199.9,BUSY,M-P-001,V1
364,364,L-UAV-01,AMZN,31.3037968,120.6010114,100.0,BUSY,M-L-001,V3
364,364,M-UAV-01,M600,31.3108767,120.6039862,30.5,AVAILABLE,,
364,364,M-UAV-02,M600,31.2973225,120.5957469,45.7,CONTINGENCY,,V3
365,365,EVTOL-01,EC35,31.2947561,120.5995064,199.9,BUSY,M-P-001,V1
365,365,L-UAV-01,AMZN,31.3039160,120.6010868,100.0,BUSY,M-L-001,V3
365,365,M-UAV-01,M600,31.3108767,120.6039862,30.5,AVAILABLE,,
365,365,M-UAV-02,M600,31.2973979,120.5958042,53.3,CONTINGENCY,,V3
366,366,EVTOL-01,EC35,31.2947835,120.5999302,199.9,BUSY,M-P-001,V1
366,366,L-UAV-01,AMZN,31.3040352,120.6011623,100.0,BUSY,M-L-001,V3
366,366,M-UAV-01,M600,31.3108767,120.6039862,30.5,AVAILABLE,,
366,366,M-UAV-02,M600,31.2974884,120.5958729,61.0,CONTINGENCY,,V3
367,367,EVTOL-01,EC35,31.2948517,120.6003477,199.9,BUSY,M-P-001,V1
367,367,L-UAV-01,AMZN,31.3041544,120.6012378,100.0,BUSY,M-L-001,V3
367,367,M-UAV-01,M600,31.3108767,120.6039862,30.5,AVAILABLE,,
367,367,M-UAV-02,M600,31.2975941,120.5959531,68.6,CONTINGENCY,,V3
368,368,EVTOL-01,EC35,31.2949597,120.6007535,199.9,BUSY,M-P-001,V1
368,368,L-UAV-01,AMZN,31.3042737,120.6013132,100.0,BUSY,M-L-001,V3
368,368,M-UAV-01,M600,31.3108767,120.6039862,30.5,AVAILABLE,,
368,368,M-UAV-02,M600,31.2977076,120.5960393,76.2,CONTINGENCY,,V3
369,369,EVTOL-01,EC35,31.2951062,120.6011424,199.9,BUSY,M-P-001,V1
369,369,L-UAV-01,AMZN,31.3043929,120.6013887,100.0,BUSY,M-L-001,V3
369,369,M-UAV-01,M600,31.3108767,120.6039862,30.5,AVAILABLE,,
369,369,M-UAV-02,M600,31.2978212,120.5961255,83.8,CONTINGENCY,,V3
370,370,EVTOL-01,EC35,31.2952893,120.6015095,199.9,BUSY,M-P-001,V1
370,370,L-UAV-01,AMZN,31.3045121,120.6014642,100.0,BUSY,M-L-001,V3
370,370,M-UAV-01,M600,31.3108767,120.6039862,30.5,AVAILABLE,,
370,370,M-UAV-02,M600,31.2979348,120.5962118,91.4,CONTINGENCY,,V3
371,371,EVTOL-01,EC35,31.2955067,120.6018500,199.9,BUSY,M-P-001,V1
371,371,L-UAV-01,AMZN,31.3046313,120.6015397,100.0,BUSY,M-L-001,V3
371,371,M-UAV-01,M600,31.3108767,120.6039862,30.5,AVAILABLE,,
371,371,M-UAV-02,M600,31.2980485,120.5962981,99.1,CONTINGENCY,,V3
372,372,EVTOL-01,EC35,31.2957555,120.6021596,199.9,BUSY,M-P-001,V1
372,372,L-UAV-01,AMZN,31.3047506,120.6016151,100.0,BUSY,M-L-001,V3
372,372,M-UAV-01,M600,31.3108767,120.6039862,30.5,AVAILABLE,,
372,372,M-UAV-02,M600,31.2981622,120.5963844,100.0,CONTINGENCY,,V3
373,373,EVTOL-01,EC35,31.2960327,120.6024343,199.9,BUSY,M-P-001,V1
373,373,L-UAV-01,AMZN,31.3048698,120.6016906,100.0,BUSY,M-L-001,V3
373,373,M-UAV-01,M600,31.3108767,120.6039862,30.5,AVAILABLE,,
373,373,M-UAV-02,M600,31.2982759,120.5964707,100.0,CONTINGENCY,,V3
374,374,EVTOL-01,EC35,31.2963346,120.6026705,199.9,BUSY,M-P-001,V1
374,374,L-UAV-01,AMZN,31.3049890,120.6017661,100.0,BUSY,M-L-001,V3
374,374,M-UAV-01,M600,31.3108767,120.6039862,30.5,AVAILABLE,,
374,374,M-UAV-02,M600,31.2983896,120.5965571,100.0,CONTINGENCY,,V3
375,375,EVTOL-01,EC35,31.2966574,120.6028654,199.9,BUSY,M-P-001,V1
375,375,L-UAV-01,AMZN,31.3051083,120.6018415,100.0,BUSY,M-L-001,V3
375,375,M-UAV-01,M600,31.3108767,120.6039862,30.5,AVAILABLE,,
375,375,M-UAV-02,M600,31.2985034,120.5966434,100.0,CONTINGENCY,,V3
376,376,EVTOL-01,EC35,31.2969969,120.6030163,199.9,BUSY,M-P-001,V1
376,376,L-UAV-01,AMZN,31.3052275,120.6019170,100.0,BUSY,M-L-001,V3
376,376,M-UAV-01,M600,31.3108767,120.6039862,30.5,AVAILABLE,,
376,376,M-UAV-02,M600,31.2986171,120.5967297,100.0,CONTINGENCY,,V3
377,377,EVTOL-01,EC35,31.2973488,120.6031213,199.9,BUSY,M-P-001,V1
377,377,L-UAV-01,AMZN,31.3053467,120.6019925,100.0,BUSY,M-L-001,V3
377,377,M-UAV-01,M600,31.3108767,120.6039862,30.5,AVAILABLE,,
377,377,M-UAV-02,M600,31.2987308,120.5968160,100.0,CONTINGENCY,,V3
378,378,EVTOL-01,EC35,31.2977086,120.6031792,199.9,BUSY,M-P-001,V1
378,378,L-UAV-01,AMZN,31.3054659,120.6020679,100.0,BUSY,M-L-001,V3
378,378,M-UAV-01,M600,31.3108767,120.6039862,30.5,AVAILABLE,,
378,378,M-UAV-02,M600,31.2988445,120.5969024,100.0,CONTINGENCY,,V3
379,379,EVTOL-01,EC35,31.2980713,120.6032014,199.9,BUSY,M-P-001,V1
379,379,L-UAV-01,AMZN,31.3055852,120.6021434,100.0,BUSY,M-L-001,V3
379,379,M-UAV-01,M600,31.3108767,120.6039862,30.5,AVAILABLE,,
379,379,M-UAV-02,M600,31.2989582,120.5969887,100.0,CONTINGENCY,,V3
380,380,EVTOL-01,EC35,31.2984340,120.6032236,199.9,BUSY,M-P-001,V1
380,380,L-UAV-01,AMZN,31.3057044,120.6022189,100.0,BUSY,M-L-001,V3
380,380,M-UAV-01,M600,31.3108767,120.6039862,30.5,AVAILABLE,,
380,380,M-UAV-02,M600,31.2990719,120.5970750,100.0,CONTINGENCY,,V3
381,381,EVTOL-01,EC35,31.2987967,120.6032459,199.9,BUSY,M-P-001,V1
381,381,L-UAV-01,AMZN,31.3058236,120.6022943,100.0,BUSY,M-L-001,V2
381,381,M-UAV-01,M600,31.3108767,120.6039862,30.5,AVAILABLE,,
381,381,M-UAV-02,M600,31.2991857,120.5971614,100.0,CONTINGENCY,,V3
382,382,EVTOL-01,EC35,31.2991594,120.6032681,199.9,BUSY,M-P-001,V1
382,382,L-UAV-01,AMZN,31.3059567,120.6023247,100.0,BUSY,M-L-001,V2
382,382,M-UAV-01,M600,31.3108767,120.6039862,30.5,AVAILABLE,,
382,382,M-UAV-02,M600,31.2992994,120.5972477,100.0,CONTINGENCY,,V3
383,383,EVTOL-01,EC35,31.2995221,120.6032903,199.9,BUSY,M-P-001,V1
383,383,L-UAV-01,AMZN,31.3060914,120.6023071,100.0,BUSY,M-L-001,V2
383,383,M-UAV-01,M600,31.3108767,120.6039862,30.5,AVAILABLE,,
383,383,M-UAV-02,M600,31.2994131,120.5973340,100.0,CONTINGENCY,,V3
384,384,EVTOL-01,EC35,31.2998848,120.6033125,199.9,BUSY,M-P-001,V1
384,384,L-UAV-01,AMZN,31.3062154,120.6022432,100.0,BUSY,M-L-001,V2
384,384,M-UAV-01,M600,31.3108767,120.6039862,30.5,AVAILABLE,,
384,384,M-UAV-02,M600,31.2995268,120.5974204,100.0,CONTINGENCY,,V3
385,385,EVTOL-01,EC35,31.3002475,120.6033347,199.9,BUSY,M-P-001,V1
385,385,L-UAV-01,AMZN,31.3063175,120.6021389,100.0,BUSY,M-L-001,V2
385,385,M-UAV-01,M600,31.3108767,120.6039862,30.5,AVAILABLE,,
385,385,M-UAV-02,M600,31.2996405,120.5975067,100.0,CONTINGENCY,,V3
386,386,EVTOL-01,EC35,31.3006102,120.6033570,199.9,BUSY,M-P-001,V1
386,386,L-UAV-01,AMZN,31.3063883,120.6020036,100.0,BUSY,M-L-001,V2
386,386,M-UAV-01,M600,31.3108767,120.6039862,30.5,AVAILABLE,,
386,386,M-UAV-02,M600,31.2997542,120.5975930,100.0,CONTINGENCY,,V3
387,387,EVTOL-01,EC35,31.3009729,120.6033792,199.9,BUSY,M-P-001,V1
387,387,L-UAV-01,AMZN,31.3064214,120.6018497,100.0,BUSY,M-L-001,V2
387,387,M-UAV-01,M600,31.3108767,120.6039862,30.5,AVAILABLE,,
387,387,M-UAV-02,M600,31.2998680,120.5976794,100.0,CONTINGENCY,,V3
388,388,EVTOL-01,EC35,31.3013356,120.6034014,199.9,BUSY,M-P-001,V1
388,388,L-UAV-01,AMZN,31.3064136,120.6016913,100.0,BUSY,M-L-001,V2
388,388,M-UAV-01,M600,31.3108767,120.6039862,30.5,AVAILABLE,,
388,388,M-UAV-02,M600,31.2999817,120.5977657,100.0,CONTINGENCY,,V3
389,389,EVTOL-01,EC35,31.3016983,120.6034236,199.9,BUSY,M-P-001,V1
389,389,L-UAV-01,AMZN,31.3063658,120.6015429,100.0,BUSY,M-L-001,V2
389,389,M-UAV-01,M600,31.3108767,120.6039862,30.5,AVAILABLE,,
389,389,M-UAV-02,M600,31.3000954,120.5978520,100.0,CONTINGENCY,,V3
390,390,EVTOL-01,EC35,31.3020609,120.6034459,199.9,BUSY,M-P-001,V1
390,390,L-UAV-01,AMZN,31.3062823,120.6014180,100.0,BUSY,M-L-001,V2
390,390,M-UAV-01,M600,31.3108767,120.6039862,30.5,AVAILABLE,,
390,390,M-UAV-02,M600,31.3002091,120.5979384,100.0,CONTINGENCY,,V3
391,391,EVTOL-01,EC35,31.3024236,120.6034681,199.9,BUSY,M-P-001,V1
391,391,L-UAV-01,AMZN,31.3061706,120.6013279,100.0,BUSY,M-L-001,V2
391,391,M-UAV-01,M600,31.3108767,120.6039862,30.5,AVAILABLE,,
391,391,M-UAV-02,M600,31.3003228,120.5980247,100.0,CONTINGENCY,,V3
392,392,EVTOL-01,EC35,31.3027863,120.6034903,199.9,BUSY,M-P-001,V1
392,392,L-UAV-01,AMZN,31.3060514,120.6012525,100.0,BUSY,M-L-001,V2
392,392,M-UAV-01,M600,31.3108767,120.6039862,30.5,AVAILABLE,,
392,392,M-UAV-02,M600,31.3004365,120.5981110,100.0,CONTINGENCY,,V3
393,393,EVTOL-01,EC35,31.3031490,120.6035126,199.9,BUSY,M-P-001,V1
393,393,L-UAV-01,AMZN,31.3059322,120.6011770,100.0,BUSY,M-L-001,V2
393,393,M-UAV-01,M600,31.3108767,120.6039862,30.5,AVAILABLE,,
393,393,M-UAV-02,M600,31.3005502,120.5981974,100.0,CONTINGENCY,,V3
394,394,EVTOL-01,EC35,31.3035117,120.6035348,199.9,BUSY,M-P-001,V1
394,394,L-UAV-01,AMZN,31.3058130,120.6011015,100.0,BUSY,M-L-001,V2
394,394,M-UAV-01,M600,31.3108767,120.6039862,30.5,AVAILABLE,,
394,394,M-UAV-02,M600,31.3006640,120.5982837,100.0,CONTINGENCY,,V3
395,395,EVTOL-01,EC35,31.3038744,120.6035570,199.9,BUSY,M-P-001,V1
395,395,L-UAV-01,AMZN,31.3056937,120.6010261,100.0,BUSY,M-L-001,V2
395,395,M-UAV-01,M600,31.3108767,120.6039862,30.5,AVAILABLE,,
395,395,M-UAV-02,M600,31.3007777,120.5983700,100.0,CONTINGENCY,,V3
396,396,EVTOL-01,EC35,31.3042371,120.6035792,199.9,BUSY,M-P-001,V1
396,396,L-UAV-01,AMZN,31.3055745,120.6009506,100.0,BUSY,M-L-001,V2
396,396,M-UAV-01,M600,31.3108767,120.6039862,30.5,AVAILABLE,,
396,396,M-UAV-02,M600,31.3008914,120.5984564,100.0,CONTINGENCY,,V3
397,397,EVTOL-01,EC35,31.3045998,120.6036015,199.9,BUSY,M-P-001,V1
397,397,L-UAV-01,AMZN,31.3054553,120.6008751,100.0,BUSY,M-L-001,V2
397,397,M-UAV-01,M600,31.3108767,120.6039862,30.5,AVAILABLE,,
397,397,M-UAV-02,M600,31.3010051,120.5985427,100.0,CONTINGENCY,,V3
398,398,EVTOL-01,EC35,31.3049625,120.6036237,199.9,BUSY,M-P-001,V1
398,398,L-UAV-01,AMZN,31.3053360,120.6007997,100.0,BUSY,M-L-001,V2
398,398,M-UAV-01,M600,31.3108767,120.6039862,30.5,AVAILABLE,,
398,398,M-UAV-02,M600,31.3011188,120.5986291,100.0,CONTINGENCY,,V3
399,399,EVTOL-01,EC35,31.3053252,120.6036459,199.9,BUSY,M-P-001,V1
399,399,L-UAV-01,AMZN,31.3052168,120.6007242,100.0,BUSY,M-L-001,V2
399,399,M-UAV-01,M600,31.3108767,120.6039862,30.5,AVAILABLE,,
399,399,M-UAV-02,M600,31.3012325,120.5987154,100.0,CONTINGENCY,,V3
400,400,EVTOL-01,EC35,31.3056879,120.6036681,199.9,BUSY,M-P-001,V1
400,400,L-UAV-01,AMZN,31.3050976,120.6006487,100.0,BUSY,M-L-001,V2
400,400,M-UAV-01,M600,31.3108767,120.6039862,30.5,AVAILABLE,,
400,400,M-UAV-02,M600,31.3013463,120.5988017,100.0,CONTINGENCY,,V3
401,401,EVTOL-01,EC35,31.3060506,120.6036904,199.9,BUSY,M-P-001,V1
401,401,L-UAV-01,AMZN,31.3049784,120.6005733,100.0,BUSY,M-L-001,V2
401,401,M-UAV-01,M600,31.3108767,120.6039862,30.5,AVAILABLE,,
401,401,M-UAV-02,M600,31.3014600,120.5988881,100.0,CONTINGENCY,,V3
402,402,EVTOL-01,EC35,31.3064133,120.6037126,199.9,BUSY,M-P-001,V1
402,402,L-UAV-01,AMZN,31.3048591,120.6004978,100.0,BUSY,M-L-001,V2
402,402,M-UAV-01,M600,31.3108767,120.6039862,30.5,AVAILABLE,,
402,402,M-UAV-02,M600,31.3015737,120.5989744,100.0,CONTINGENCY,,V3
403,403,EVTOL-01,EC35,31.3067760,120.6037348,199.9,BUSY,M-P-001,V1
403,403,L-UAV-01,AMZN,31.3047399,120.6004223,100.0,BUSY,M-L-001,V2
403,403,M-UAV-01,M600,31.3108767,120.6039862,30.5,AVAILABLE,,
403,403,M-UAV-02,M600,31.3016874,120.5990607,100.0,CONTINGENCY,,V3
404,404,EVTOL-01,EC35,31.3071387,120.6037571,199.9,BUSY,M-P-001,V1
404,404,L-UAV-01,AMZN,31.3046207,120.6003469,100.0,BUSY,M-L-001,V2
404,404,M-UAV-01,M600,31.3108767,120.6039862,30.5,AVAILABLE,,
404,404,M-UAV-02,M600,31.3018011,120.5991471,100.0,CONTINGENCY,,V3
405,405,EVTOL-01,EC35,31.3075013,120.6037793,199.9,BUSY,M-P-001,V1
405,405,L-UAV-01,AMZN,31.3045014,120.6002714,100.0,BUSY,M-L-001,V2
405,405,M-UAV-01,M600,31.3108767,120.6039862,30.5,AVAILABLE,,
405,405,M-UAV-02,M600,31.3019148,120.5992334,100.0,CONTINGENCY,,V3
406,406,EVTOL-01,EC35,31.3078640,120.6038015,199.9,BUSY,M-P-001,V1
406,406,L-UAV-01,AMZN,31.3043822,120.6001959,100.0,BUSY,M-L-001,V2
406,406,M-UAV-01,M600,31.3108767,120.6039862,30.5,AVAILABLE,,
406,406,M-UAV-02,M600,31.3020285,120.5993197,100.0,CONTINGENCY,,V3
407,407,EVTOL-01,EC35,31.3082267,120.6038237,199.9,BUSY,M-P-001,V1
407,407,L-UAV-01,AMZN,31.3042630,120.6001205,100.0,BUSY,M-L-001,V2
407,407,M-UAV-01,M600,31.3108767,120.6039862,30.5,AVAILABLE,,
407,407,M-UAV-02,M600,31.3021423,120.5994061,100.0,CONTINGENCY,,V3
408,408,EVTOL-01,EC35,31.3085894,120.6038460,199.9,BUSY,M-P-001,V1
408,408,L-UAV-01,AMZN,31.3041438,120.6000450,100.0,BUSY,M-L-001,V2
408,408,M-UAV-01,M600,31.3108767,120.6039862,30.5,AVAILABLE,,
408,408,M-UAV-02,M600,31.3022560,120.5994924,100.0,CONTINGENCY,,V3
409,409,EVTOL-01,EC35,31.3089521,120.6038682,199.9,BUSY,M-P-001,V1
409,409,L-UAV-01,AMZN,31.3040245,120.5999695,100.0,BUSY,M-L-001,V2
409,409,M-UAV-01,M600,31.3108767,120.6039862,30.5,AVAILABLE,,
409,409,M-UAV-02,M600,31.3023697,120.5995788,100.0,CONTINGENCY,,V3
410,410,EVTOL-01,EC35,31.3093148,120.6038904,199.9,BUSY,M-P-001,V1
410,410,L-UAV-01,AMZN,31.3039053,120.5998941,100.0,BUSY,M-L-001,V2
410,410,M-UAV-01,M600,31.3108767,120.6039862,30.5,AVAILABLE,,
410,410,M-UAV-02,M600,31.3024834,120.5996651,100.0,CONTINGENCY,,V3
411,411,EVTOL-01,EC35,31.3096775,120.6039127,199.9,BUSY,M-P-001,V1
411,411,L-UAV-01,AMZN,31.3037861,120.5998186,100.0,BUSY,M-L-001,V2
411,411,M-UAV-01,M600,31.3108767,120.6039862,30.5,AVAILABLE,,
411,411,M-UAV-02,M600,31.3025971,120.5997514,100.0,CONTINGENCY,,V3
412,412,EVTOL-01,EC35,31.3100402,120.6039349,199.9,BUSY,M-P-001,V2
412,412,L-UAV-01,AMZN,31.3036668,120.5997431,100.0,BUSY,M-L-001,V2
412,412,M-UAV-01,M600,31.3108767,120.6039862,30.5,AVAILABLE,,
412,412,M-UAV-02,M600,31.3027108,120.5998378,100.0,CONTINGENCY,,V3
413,413,EVTOL-01,EC35,31.3104027,120.6039090,199.9,BUSY,M-P-001,V2
413,413,L-UAV-01,AMZN,31.3035476,120.5996677,100.0,BUSY,M-L-001,V2
413,413,M-UAV-01,M600,31.3108767,120.6039862,30.5,AVAILABLE,,
413,413,M-UAV-02,M600,31.3028245,120.5999241,100.0,CONTINGENCY,,V3
414,414,EVTOL-01,EC35,31.3107604,120.6038353,199.9,BUSY,M-P-001,V2
414,414,L-UAV-01,AMZN,31.3034284,120.5995922,100.0,BUSY,M-L-001,V2
414,414,M-UAV-01,M600,31.3108767,120.6039862,30.5,AVAILABLE,,
414,414,M-UAV-02,M600,31.3029383,120.6000104,100.0,CONTINGENCY,,V3
415,415,EVTOL-01,EC35,31.3111087,120.6037149,199.9,BUSY,M-P-001,V2
415,415,L-UAV-01,AMZN,31.3033092,120.5995168,100.0,BUSY,M-L-001,V2
415,415,M-UAV-01,M600,31.3108767,120.6039862,30.5,AVAILABLE,,
415,415,M-UAV-02,M600,31.3030520,120.6000968,100.0,CONTINGENCY,,V3
416,416,EVTOL-01,EC35,31.3114431,120.6035491,199.9,BUSY,M-P-001,V2
416,416,L-UAV-01,AMZN,31.3031899,120.5994413,100.0,BUSY,M-L-001,V2
416,416,M-UAV-01,M600,31.3108767,120.6039862,30.5,AVAILABLE,,
416,416,M-UAV-02,M600,31.3031657,120.6001831,100.0,CONTINGENCY,,V3
417,417,EVTOL-01,EC35,31.3117594,120.6033401,199.9,BUSY,M-P-001,V2
417,417,L-UAV-01,AMZN,31.3030707,120.5993658,100.0,BUSY,M-L-001,V2
417,417,M-UAV-01,M600,31.3108767,120.6039862,30.5,AVAILABLE,,
417,417,M-UAV-02,M600,31.3032794,120.6002695,100.0,CONTINGENCY,,V3
418,418,EVTOL-01,EC35,31.3120535,120.6030907,199.9,BUSY,M-P-001,V2
418,418,L-UAV-01,AMZN,31.3029515,120.5992904,100.0,BUSY,M-L-001,V2
418,418,M-UAV-01,M600,31.3108767,120.6039862,30.5,AVAILABLE,,
418,418,M-UAV-02,M600,31.3033931,120.6003558,100.0,CONTINGENCY,,V3
419,419,EVTOL-01,EC35,31.3123217,120.6028039,199.9,BUSY,M-P-001,V2
419,419,L-UAV-01,AMZN,31.3028322,120.5992149,100.0,BUSY,M-L-001,V2
419,419,M-UAV-01,M600,31.3108767,120.6039862,30.5,AVAILABLE,,
419,419,M-UAV-02,M600,31.3035068,120.6004421,100.0,CONTINGENCY,,V3
420,420,EVTOL-01,EC35,31.3125604,120.6024836,199.9,BUSY,M-P-001,V2
420,420,L-UAV-01,AMZN,31.3027130,120.5991394,100.0,BUSY,M-L-001,V2
420,420,M-UAV-01,M600,31.3108767,120.6039862,30.5,AVAILABLE,,
420,420,M-UAV-02,M600,31.3036205,120.6005285,100.0,CONTINGENCY,,V3
421,421,EVTOL-01,EC35,31.3127667,120.6021337,199.9,BUSY,M-P-001,V2
421,421,L-UAV-01,AMZN,31.3025938,120.5990640,100.0,BUSY,M-L-001,V2
421,421,M-UAV-01,M600,31.3108767,120.6039862,30.5,AVAILABLE,,
421,421,M-UAV-02,M600,31.3037343,120.6006148,100.0,CONTINGENCY,,V3
422,422,EVTOL-01,EC35,31.3129378,120.6017587,199.9,BUSY,M-P-001,V2
422,422,L-UAV-01,AMZN,31.3024746,120.5989885,100.0,BUSY,M-L-001,V2
422,422,M-UAV-01,M600,31.3108767,120.6039862,30.5,AVAILABLE,,
422,422,M-UAV-02,M600,31.3038480,120.6007012,100.0,CONTINGENCY,,V3
423,423,EVTOL-01,EC35,31.3130717,120.6013636,199.9,BUSY,M-P-001,V2
423,423,L-UAV-01,AMZN,31.3023553,120.5989130,100.0,BUSY,M-L-001,V2
423,423,M-UAV-01,M600,31.3108767,120.6039862,30.5,AVAILABLE,,
423,423,M-UAV-02,M600,31.3039617,120.6007875,100.0,CONTINGENCY,,V3
424,424,EVTOL-01,EC35,31.3131666,120.6009532,199.9,BUSY,M-P-001,V2
424,424,L-UAV-01,AMZN,31.3022361,120.5988376,100.0,BUSY,M-L-001,V2
424,424,M-UAV-01,M600,31.3108767,120.6039862,30.5,AVAILABLE,,
424,424,M-UAV-02,M600,31.3040754,120.6008739,100.0,CONTINGENCY,,V3
425,425,EVTOL-01,EC35,31.3132213,120.6005329,199.9,BUSY,M-P-001,V2
425,425,L-UAV-01,AMZN,31.3021169,120.5987621,100.0,BUSY,M-L-001,V2
425,425,M-UAV-01,M600,31.3108767,120.6039862,30.5,AVAILABLE,,
425,425,M-UAV-02,M600,31.3041891,120.6009602,100.0,CONTINGENCY,,V3
426,426,EVTOL-01,EC35,31.3132350,120.6001081,199.9,BUSY,M-P-001,V2
426,426,L-UAV-01,AMZN,31.3019976,120.5986867,100.0,BUSY,M-L-001,V2
426,426,M-UAV-01,M600,31.3108767,120.6039862,30.5,AVAILABLE,,
426,426,M-UAV-02,M600,31.3043028,120.6010465,100.0,CONTINGENCY,,V3
427,427,EVTOL-01,EC35,31.3132077,120.5996842,199.9,BUSY,M-P-001,V2
427,427,L-UAV-01,AMZN,31.3018784,120.5986112,100.0,BUSY,M-L-001,V2
427,427,M-UAV-01,M600,31.3108767,120.6039862,30.5,AVAILABLE,,
427,427,M-UAV-02,M600,31.3044165,120.6011329,100.0,CONTINGENCY,,V3
428,428,EVTOL-01,EC35,31.3131396,120.5992666,199.9,BUSY,M-P-001,V2
428,428,L-UAV-01,AMZN,31.3017592,120.5985357,100.0,BUSY,M-L-001,V2
428,428,M-UAV-01,M600,31.3108767,120.6039862,30.5,AVAILABLE,,
428,428,M-UAV-02,M600,31.3045302,120.6012192,100.0,CONTINGENCY,,V3
429,429,EVTOL-01,EC35,31.3130316,120.5988608,199.9,BUSY,M-P-001,V2
429,429,L-UAV-01,AMZN,31.3016400,120.5984603,100.0,BUSY,M-L-001,V2
429,429,M-UAV-01,M600,31.3108767,120.6039862,30.5,AVAILABLE,,
429,429,M-UAV-02,M600,31.3046440,120.6013056,100.0,CONTINGENCY,,V3
430,430,EVTOL-01,EC35,31.3128851,120.5984717,199.9,BUSY,M-P-001,V2
430,430,L-UAV-01,AMZN,31.3015207,120.5983848,100.0,BUSY,M-L-001,V2
430,430,M-UAV-01,M600,31.3108767,120.6039862,30.5,AVAILABLE,,
430,430,M-UAV-02,M600,31.3047577,120.6013919,100.0,CONTINGENCY,,V3
431,431,EVTOL-01,EC35,31.3127020,120.5981046,199.9,BUSY,M-P-001,V2
431,431,L-UAV-01,AMZN,31.3014015,120.5983093,100.0,BUSY,M-L-001,V2
431,431,M-UAV-01,M600,31.3108767,120.6039862,30.5,AVAILABLE,,
431,431,M-UAV-02,M600,31.3048714,120.6014782,100.0,CONTINGENCY,,V3
432,432,EVTOL-01,EC35,31.3124847,120.5977640,199.9,BUSY,M-P-001,V2
432,432,L-UAV-01,AMZN,31.3012823,120.5982339,100.0,BUSY,M-L-001,V2
432,432,M-UAV-01,M600,31.3108767,120.6039862,30.5,AVAILABLE,,
432,432,M-UAV-02,M600,31.3049851,120.6015646,100.0,CONTINGENCY,,V3
433,433,EVTOL-01,EC35,31.3122359,120.5974544,199.9,BUSY,M-P-001,V2
433,433,L-UAV-01,AMZN,31.3011630,120.5981584,100.0,BUSY,M-L-001,V2
433,433,M-UAV-01,M600,31.3108767,120.6039862,30.5,AVAILABLE,,
433,433,M-UAV-02,M600,31.3050988,120.6016509,100.0,CONTINGENCY,,V3
434,434,EVTOL-01,EC35,31.3119587,120.5971796,199.9,BUSY,M-P-001,V2
434,434,L-UAV-01,AMZN,31.3010438,120.5980830,100.0,BUSY,M-L-001,V2
434,434,M-UAV-01,M600,31.3108767,120.6039862,30.5,AVAILABLE,,
434,434,M-UAV-02,M600,31.3052125,120.6017373,100.0,CONTINGENCY,,V3
435,435,EVTOL-01,EC35,31.3116568,120.5969432,199.9,BUSY,M-P-001,V2
435,435,L-UAV-01,AMZN,31.3009246,120.5980075,100.0,BUSY,M-L-001,V2
435,435,M-UAV-01,M600,31.3108767,120.6039862,30.5,AVAILABLE,,
435,435,M-UAV-02,M600,31.3053262,120.6018236,100.0,CONTINGENCY,,V3
436,436,EVTOL-01,EC35,31.3113341,120.5967483,199.9,BUSY,M-P-001,V2
436,436,L-UAV-01,AMZN,31.3008053,120.5979320,100.0,BUSY,M-L-001,V2
436,436,M-UAV-01,M600,31.3108767,120.6039862,30.5,AVAILABLE,,
436,436,M-UAV-02,M600,31.3054400,120.6019100,100.0,CONTINGENCY,,V3
437,437,EVTOL-01,EC35,31.3109946,120.5965973,199.9,BUSY,M-P-001,V2
437,437,L-UAV-01,AMZN,31.3006861,120.5978566,100.0,BUSY,M-L-001,V2
437,437,M-UAV-01,M600,31.3108767,120.6039862,30.5,AVAILABLE,,
437,437,M-UAV-02,M600,31.3055537,120.6019963,100.0,CONTINGENCY,,V3
438,438,EVTOL-01,EC35,31.3106427,120.5964922,199.9,BUSY,M-P-001,V2
438,438,L-UAV-01,AMZN,31.3005669,120.5977811,100.0,BUSY,M-L-001,V2
438,438,M-UAV-01,M600,31.3108767,120.6039862,30.5,AVAILABLE,,
438,438,M-UAV-02,M600,31.3056674,120.6020826,100.0,CONTINGENCY,,V3
439,439,EVTOL-01,EC35,31.3102828,120.5964343,199.9,BUSY,M-P-001,V2
439,439,L-UAV-01,AMZN,31.3004477,120.5977057,100.0,BUSY,M-L-001,V2
439,439,M-UAV-01,M600,31.3108767,120.6039862,30.5,AVAILABLE,,
439,439,M-UAV-02,M600,31.3057811,120.6021690,100.0,CONTINGENCY,,V3
440,440,EVTOL-01,EC35,31.3099202,120.5964122,199.9,BUSY,M-P-001,V2
440,440,L-UAV-01,AMZN,31.3003284,120.5976302,100.0,BUSY,M-L-001,V2
440,440,M-UAV-01,M600,31.3108767,120.6039862,30.5,AVAILABLE,,
440,440,M-UAV-02,M600,31.3058948,120.6022553,100.0,CONTINGENCY,,
441,441,EVTOL-01,EC35,31.3095575,120.5963900,199.9,BUSY,M-P-001,V2
441,441,L-UAV-01,AMZN,31.3002092,120.5975547,100.0,BUSY,M-L-001,V2
441,441,M-UAV-01,M600,31.3108767,120.6039862,30.5,AVAILABLE,,
441,441,M-UAV-02,M600,31.3059934,120.6023302,98.5,CONTINGENCY,,
442,442,EVTOL-01,EC35,31.3091948,120.5963678,199.9,BUSY,M-P-001,V2
442,442,L-UAV-01,AMZN,31.3000900,120.5974793,100.0,BUSY,M-L-001,V2
442,442,M-UAV-01,M600,31.3108767,120.6039862,30.5,AVAILABLE,,
442,442,M-UAV-02,M600,31.3060770,120.6023937,95.4,CONTINGENCY,,
443,443,EVTOL-01,EC35,31.3088321,120.5963456,199.9,BUSY,M-P-001,V2
443,443,L-UAV-01,AMZN,31.2999707,120.5974038,100.0,BUSY,M-L-001,V2
443,443,M-UAV-01,M600,31.3108767,120.6039862,30.5,AVAILABLE,,
443,443,M-UAV-02,M600,31.3061454,120.6024456,90.8,CONTINGENCY,,
444,444,EVTOL-01,EC35,31.3084694,120.5963234,199.9,BUSY,M-P-001,V2
444,444,L-UAV-01,AMZN,31.2998515,120.5973284,100.0,BUSY,M-L-001,V2
444,444,M-UAV-01,M600,31.3108767,120.6039862,30.5,AVAILABLE,,
444,444,M-UAV-02,M600,31.3061988,120.6024861,84.7,CONTINGENCY,,
445,445,EVTOL-01,EC35,31.3081067,120.5963012,199.9,BUSY,M-P-001,V2
445,445,L-UAV-01,AMZN,31.2997323,120.5972529,100.0,BUSY,M-L-001,V2
445,445,M-UAV-01,M600,31.3108767,120.6039862,30.5,AVAILABLE,,
445,445,M-UAV-02,M600,31.3062370,120.6025152,77.1,CONTINGENCY,,
446,446,EVTOL-01,EC35,31.3077440,120.5962790,199.9,BUSY,M-P-001,V2
446,446,L-UAV-01,AMZN,31.2996130,120.5971775,100.0,BUSY,M-L-001,V2
446,446,M-UAV-01,M600,31.3108767,120.6039862,30.5,AVAILABLE,,
446,446,M-UAV-02,M600,31.3062602,120.6025328,69.5,CONTINGENCY,,
447,447,EVTOL-01,EC35,31.3073813,120.5962568,199.9,BUSY,M-P-001,V2
447,447,L-UAV-01,AMZN,31.2994938,120.5971020,100.0,BUSY,M-L-001,V2
447,447,M-UAV-01,M600,31.3108767,120.6039862,30.5,AVAILABLE,,
447,447,M-UAV-02,M600,31.3062683,120.6025389,61.9,CONTINGENCY,,
448,448,EVTOL-01,EC35,31.3070186,120.5962347,199.9,BUSY,M-P-001,V2
448,448,L-UAV-01,AMZN,31.2993746,120.5970265,100.0,BUSY,M-L-001,V2
448,448,M-UAV-01,M600,31.3108767,120.6039862,30.5,AVAILABLE,,
448,448,M-UAV-02,M600,31.3062683,120.6025389,54.3,CONTINGENCY,,
449,449,EVTOL-01,EC35,31.3066559,120.5962125,199.9,BUSY,M-P-001,V2
449,449,L-UAV-01,AMZN,31.2992554,120.5969511,100.0,BUSY,M-L-001,V2
449,449,M-UAV-01,M600,31.3108767,120.6039862,30.5,AVAILABLE,,
449,449,M-UAV-02,M600,31.3062683,120.6025389,46.6,CONTINGENCY,,
450,450,EVTOL-01,EC35,31.3062932,120.5961903,199.9,BUSY,M-P-001,V2
450,450,L-UAV-01,AMZN,31.2991361,120.5968756,100.0,BUSY,M-L-001,V2
450,450,M-UAV-01,M600,31.3108767,120.6039862,30.5,AVAILABLE,,
450,450,M-UAV-02,M600,31.3062683,120.6025389,39.0,CONTINGENCY,,
451,451,EVTOL-01,EC35,31.3059305,120.5961681,199.9,BUSY,M-P-001,V2
451,451,L-UAV-01,AMZN,31.2990169,120.5968002,100.0,BUSY,M-L-001,V2
451,451,M-UAV-01,M600,31.3108767,120.6039862,30.5,AVAILABLE,,
451,451,M-UAV-02,M600,31.3062683,120.6025389,31.4,CONTINGENCY,,
452,452,EVTOL-01,EC35,31.3055678,120.5961459,199.9,BUSY,M-P-001,V2
452,452,L-UAV-01,AMZN,31.2988977,120.5967247,100.0,BUSY,M-L-001,V2
452,452,M-UAV-01,M600,31.3108767,120.6039862,30.5,AVAILABLE,,
452,452,M-UAV-02,M600,31.3062683,120.6025389,30.5,CONTINGENCY,,
453,453,EVTOL-01,EC35,31.3052051,120.5961237,199.9,BUSY,M-P-001,V2
453,453,L-UAV-01,AMZN,31.2987784,120.5966492,100.0,BUSY,M-L-001,V2
453,453,M-UAV-01,M600,31.3108767,120.6039862,30.5,AVAILABLE,,
453,453,M-UAV-02,M600,31.3062683,120.6025389,30.5,CONTINGENCY,,
454,454,EVTOL-01,EC35,31.3048424,120.5961015,199.9,BUSY,M-P-001,V2
454,454,L-UAV-01,AMZN,31.2986592,120.5965738,100.0,BUSY,M-L-001,V2
454,454,M-UAV-01,M600,31.3108767,120.6039862,30.5,AVAILABLE,,
454,454,M-UAV-02,M600,31.3062683,120.6025389,30.5,CONTINGENCY,,
455,455,EVTOL-01,EC35,31.3044797,120.5960793,199.9,BUSY,M-P-001,V2
455,455,L-UAV-01,AMZN,31.2985400,120.5964983,100.0,BUSY,M-L-001,V2
455,455,M-UAV-01,M600,31.3108767,120.6039862,30.5,AVAILABLE,,
455,455,M-UAV-02,M600,31.3062683,120.6025389,30.5,CONTINGENCY,,
456,456,EVTOL-01,EC35,31.3041170,120.5960572,199.9,BUSY,M-P-001,V2
456,456,L-UAV-01,AMZN,31.2984207,120.5964229,100.0,BUSY,M-L-001,V2
456,456,M-UAV-01,M600,31.3108767,120.6039862,30.5,AVAILABLE,,
456,456,M-UAV-02,M600,31.3062683,120.6025389,30.5,CONTINGENCY,,
457,457,EVTOL-01,EC35,31.3037543,120.5960350,199.9,BUSY,M-P-001,V2
457,457,L-UAV-01,AMZN,31.2983015,120.5963474,100.0,BUSY,M-L-001,V2
457,457,M-UAV-01,M600,31.3108767,120.6039862,30.5,AVAILABLE,,
457,457,M-UAV-02,M600,31.3062683,120.6025389,30.5,CONTINGENCY,,
458,458,EVTOL-01,EC35,31.3033916,120.5960128,199.9,BUSY,M-P-001,V2
458,458,L-UAV-01,AMZN,31.2981823,120.5962720,100.0,BUSY,M-L-001,V2
458,458,M-UAV-01,M600,31.3108767,120.6039862,30.5,AVAILABLE,,
458,458,M-UAV-02,M600,31.3062683,120.6025389,30.5,CONTINGENCY,,
459,459,EVTOL-01,EC35,31.3030289,120.5959906,199.9,BUSY,M-P-001,V2
459,459,L-UAV-01,AMZN,31.2980630,120.5961965,100.0,BUSY,M-L-001,V2
459,459,M-UAV-01,M600,31.3108767,120.6039862,30.5,AVAILABLE,,
459,459,M-UAV-02,M600,31.3062683,120.6025389,30.5,CONTINGENCY,,
460,460,EVTOL-01,EC35,31.3026662,120.5959684,199.9,BUSY,M-P-001,V2
460,460,L-UAV-01,AMZN,31.2979438,120.5961211,100.0,BUSY,M-L-001,V3
460,460,M-UAV-01,M600,31.3108767,120.6039862,30.5,AVAILABLE,,
460,460,M-UAV-02,M600,31.3062683,120.6025389,30.5,CONTINGENCY,,
461,461,EVTOL-01,EC35,31.3023035,120.5959462,199.9,BUSY,M-P-001,V2
461,461,L-UAV-01,AMZN,31.2978108,120.5960907,100.0,BUSY,M-L-001,V3
461,461,M-UAV-01,M600,31.3108767,120.6039862,30.5,AVAILABLE,,
461,461,M-UAV-02,M600,31.3062683,120.6025389,30.5,CONTINGENCY,,
462,462,EVTOL-01,EC35,31.3019409,120.5959240,199.9,BUSY,M-P-001,V2
462,462,L-UAV-01,AMZN,31.2976761,120.5961083,100.0,BUSY,M-L-001,V3
462,462,M-UAV-01,M600,31.3108767,120.6039862,30.5,AVAILABLE,,
462,462,M-UAV-02,M600,31.3062683,120.6025389,30.5,CONTINGENCY,,
463,463,EVTOL-01,EC35,31.3015782,120.5959019,199.9,BUSY,M-P-001,V2
463,463,L-UAV-01,AMZN,31.2975520,120.5961722,100.0,BUSY,M-L-001,V3
463,463,M-UAV-01,M600,31.3108767,120.6039862,30.5,AVAILABLE,,
463,463,M-UAV-02,M600,31.3062683,120.6025389,30.5,CONTINGENCY,,
464,464,EVTOL-01,EC35,31.3012155,120.5958797,199.9,BUSY,M-P-001,V2
464,464,L-UAV-01,AMZN,31.2974499,120.5962765,100.0,BUSY,M-L-001,V3
464,464,M-UAV-01,M600,31.3108767,120.6039862,30.5,AVAILABLE,,
464,464,M-UAV-02,M600,31.3062683,120.6025389,30.5,CONTINGENCY,,
465,465,EVTOL-01,EC35,31.3008528,120.5958575,199.9,BUSY,M-P-001,V2
465,465,L-UAV-01,AMZN,31.2973791,120.5964118,100.0,BUSY,M-L-001,V3
465,465,M-UAV-01,M600,31.3108767,120.6039862,30.5,AVAILABLE,,
465,465,M-UAV-02,M600,31.3062683,120.6025389,30.5,CONTINGENCY,,
466,466,EVTOL-01,EC35,31.3004901,120.5958353,199.9,BUSY,M-P-001,V2
466,466,L-UAV-01,AMZN,31.2973461,120.5965657,100.0,BUSY,M-L-001,V3
466,466,M-UAV-01,M600,31.3108767,120.6039862,30.5,AVAILABLE,,
466,466,M-UAV-02,M600,31.3062683,120.6025389,30.5,CONTINGENCY,,
467,467,EVTOL-01,EC35,31.3001274,120.5958131,199.9,BUSY,M-P-001,V2
467,467,L-UAV-01,AMZN,31.2973538,120.5967240,100.0,BUSY,M-L-001,V3
467,467,M-UAV-01,M600,31.3108767,120.6039862,30.5,AVAILABLE,,
467,467,M-UAV-02,M600,31.3062683,120.6025389,30.5,CONTINGENCY,,
468,468,EVTOL-01,EC35,31.2997647,120.5957909,199.9,BUSY,M-P-001,V2
468,468,L-UAV-01,AMZN,31.2974017,120.5968725,100.0,BUSY,M-L-001,V3
468,468,M-UAV-01,M600,31.3108767,120.6039862,30.5,AVAILABLE,,
468,468,M-UAV-02,M600,31.3062683,120.6025389,30.5,CONTINGENCY,,
469,469,EVTOL-01,EC35,31.2994020,120.5957687,199.9,BUSY,M-P-001,V2
469,469,L-UAV-01,AMZN,31.2974852,120.5969974,100.0,BUSY,M-L-001,V3
469,469,M-UAV-01,M600,31.3108767,120.6039862,30.5,AVAILABLE,,
469,469,M-UAV-02,M600,31.3062683,120.6025389,30.5,CONTINGENCY,,
470,470,EVTOL-01,EC35,31.2990393,120.5957466,199.9,BUSY,M-P-001,V2
470,470,L-UAV-01,AMZN,31.2975968,120.5970874,100.0,BUSY,M-L-001,V3
470,470,M-UAV-01,M600,31.3108767,120.6039862,30.5,AVAILABLE,,
470,470,M-UAV-02,M600,31.3062683,120.6025389,30.5,CONTINGENCY,,
471,471,EVTOL-01,EC35,31.2986766,120.5957244,199.9,BUSY,M-P-001,V2
471,471,L-UAV-01,AMZN,31.2977161,120.5971628,100.0,BUSY,M-L-001,V3
471,471,M-UAV-01,M600,31.3108767,120.6039862,30.5,AVAILABLE,,
471,471,M-UAV-02,M600,31.3062683,120.6025389,30.5,CONTINGENCY,,
472,472,EVTOL-01,EC35,31.2983139,120.5957022,199.9,BUSY,M-P-001,V2
472,472,L-UAV-01,AMZN,31.2978353,120.5972383,100.0,BUSY,M-L-001,V3
472,472,M-UAV-01,M600,31.3108767,120.6039862,30.5,AVAILABLE,,
472,472,M-UAV-02,M600,31.3062683,120.6025389,30.5,CONTINGENCY,,
473,473,EVTOL-01,EC35,31.2979512,120.5956800,199.9,BUSY,M-P-001,V1
473,473,L-UAV-01,AMZN,31.2979545,120.5973138,100.0,BUSY,M-L-001,V3
473,473,M-UAV-01,M600,31.3108767,120.6039862,30.5,AVAILABLE,,
473,473,M-UAV-02,M600,31.3062683,120.6025389,30.5,CONTINGENCY,,
474,474,EVTOL-01,EC35,31.2975887,120.5957059,199.9,BUSY,M-P-001,V1
474,474,L-UAV-01,AMZN,31.2980738,120.5973892,100.0,BUSY,M-L-001,V3
474,474,M-UAV-01,M600,31.3108767,120.6039862,30.5,AVAILABLE,,
474,474,M-UAV-02,M600,31.3062683,120.6025389,30.5,CONTINGENCY,,
475,475,EVTOL-01,EC35,31.2972310,120.5957796,199.9,BUSY,M-P-001,V1
475,475,L-UAV-01,AMZN,31.2981930,120.5974647,100.0,BUSY,M-L-001,V3
475,475,M-UAV-01,M600,31.3108767,120.6039862,30.5,AVAILABLE,,
475,475,M-UAV-02,M600,31.3062683,120.6025389,30.5,CONTINGENCY,,
476,476,EVTOL-01,EC35,31.2968827,120.5959001,199.9,BUSY,M-P-001,V1
476,476,L-UAV-01,AMZN,31.2983122,120.5975401,100.0,BUSY,M-L-001,V3
476,476,M-UAV-01,M600,31.3108767,120.6039862,30.5,AVAILABLE,,
476,476,M-UAV-02,M600,31.3062683,120.6025389,30.5,CONTINGENCY,,
477,477,EVTOL-01,EC35,31.2965483,120.5960659,199.9,BUSY,M-P-001,V1
477,477,L-UAV-01,AMZN,31.2984315,120.5976156,100.0,BUSY,M-L-001,V3
477,477,M-UAV-01,M600,31.3108767,120.6039862,30.5,AVAILABLE,,
477,477,M-UAV-02,M600,31.3062683,120.6025389,30.5,CONTINGENCY,,
478,478,EVTOL-01,EC35,31.2962320,120.5962749,199.9,BUSY,M-P-001,V1
478,478,L-UAV-01,AMZN,31.2985507,120.5976910,100.0,BUSY,M-L-001,V3
478,478,M-UAV-01,M600,31.3108767,120.6039862,30.5,AVAILABLE,,
478,478,M-UAV-02,M600,31.3062683,120.6025389,30.5,CONTINGENCY,,
479,479,EVTOL-01,EC35,31.2959380,120.5965243,199.9,BUSY,M-P-001,V1
479,479,L-UAV-01,AMZN,31.2986699,120.5977665,100.0,BUSY,M-L-001,V3
479,479,M-UAV-01,M600,31.3108767,120.6039862,30.5,AVAILABLE,,
479,479,M-UAV-02,M600,31.3062683,120.6025389,30.5,CONTINGENCY,,
480,480,EVTOL-01,EC35,31.2956699,120.5968111,199.9,BUSY,M-P-001,V1
480,480,L-UAV-01,AMZN,31.2987891,120.5978420,100.0,BUSY,M-L-001,V3
480,480,M-UAV-01,M600,31.3108767,120.6039862,30.5,AVAILABLE,,
480,480,M-UAV-02,M600,31.3062683,120.6025389,30.5,CONTINGENCY,,
481,481,EVTOL-01,EC35,31.2954312,120.5971314,199.9,BUSY,M-P-001,V1
481,481,L-UAV-01,AMZN,31.2989084,120.5979174,100.0,BUSY,M-L-001,V3
481,481,M-UAV-01,M600,31.3108767,120.6039862,30.5,AVAILABLE,,
481,481,M-UAV-02,M600,31.3062683,120.6025389,30.5,CONTINGENCY,,
482,482,EVTOL-01,EC35,31.2952249,120.5974813,199.9,BUSY,M-P-001,V1
482,482,L-UAV-01,AMZN,31.2990276,120.5979929,100.0,BUSY,M-L-001,V3
482,482,M-UAV-01,M600,31.3108767,120.6039862,30.5,AVAILABLE,,
482,482,M-UAV-02,M600,31.3062683,120.6025389,30.5,CONTINGENCY,,
483,483,EVTOL-01,EC35,31.2950538,120.5978561,199.9,BUSY,M-P-001,V1
483,483,L-UAV-01,AMZN,31.2991468,120.5980683,100.0,BUSY,M-L-001,V3
483,483,M-UAV-01,M600,31.3108767,120.6039862,30.5,AVAILABLE,,
483,483,M-UAV-02,M600,31.3062683,120.6025389,30.5,CONTINGENCY,,
484,484,EVTOL-01,EC35,31.2949199,120.5982512,199.9,BUSY,M-P-001,V1
484,484,L-UAV-01,AMZN,31.2992661,120.5981438,100.0,BUSY,M-L-001,V3
484,484,M-UAV-01,M600,31.3108767,120.6039862,30.5,AVAILABLE,,
484,484,M-UAV-02,M600,31.3062683,120.6025389,30.5,CONTINGENCY,,
485,485,EVTOL-01,EC35,31.2948251,120.5986615,199.9,BUSY,M-P-001,V1
485,485,L-UAV-01,AMZN,31.2993853,120.5982193,100.0,BUSY,M-L-001,V3
485,485,M-UAV-01,M600,31.3108767,120.6039862,30.5,AVAILABLE,,
485,485,M-UAV-02,M600,31.3062683,120.6025389,30.5,CONTINGENCY,,
486,486,EVTOL-01,EC35,31.2947704,120.5990817,199.9,BUSY,M-P-001,V1
486,486,L-UAV-01,AMZN,31.2995045,120.5982947,100.0,BUSY,M-L-001,V3
486,486,M-UAV-01,M600,31.3108767,120.6039862,30.5,AVAILABLE,,
486,486,M-UAV-02,M600,31.3062683,120.6025389,30.5,CONTINGENCY,,
487,487,EVTOL-01,EC35,31.2947567,120.5995064,199.9,BUSY,M-P-001,V1
487,487,L-UAV-01,AMZN,31.2996237,120.5983702,100.0,BUSY,M-L-001,V3
487,487,M-UAV-01,M600,31.3108767,120.6039862,30.5,AVAILABLE,,
487,487,M-UAV-02,M600,31.3062683,120.6025389,30.5,CONTINGENCY,,
488,488,EVTOL-01,EC35,31.2947841,120.5999303,199.9,BUSY,M-P-001,V1
488,488,L-UAV-01,AMZN,31.2997430,120.5984456,100.0,BUSY,M-L-001,V3
488,488,M-UAV-01,M600,31.3108767,120.6039862,30.5,AVAILABLE,,
488,488,M-UAV-02,M600,31.3062683,120.6025389,30.5,CONTINGENCY,,
489,489,EVTOL-01,EC35,31.2948523,120.6003478,199.9,BUSY,M-P-001,V1
489,489,L-UAV-01,AMZN,31.2998622,120.5985211,100.0,BUSY,M-L-001,V3
489,489,M-UAV-01,M600,31.3108767,120.6039862,30.5,AVAILABLE,,
489,489,M-UAV-02,M600,31.3062683,120.6025389,30.5,CONTINGENCY,,
490,490,EVTOL-01,EC35,31.2949603,120.6007536,199.9,BUSY,M-P-001,V1
490,490,L-UAV-01,AMZN,31.2999814,120.5985966,100.0,BUSY,M-L-001,V3
490,490,M-UAV-01,M600,31.3108767,120.6039862,30.5,AVAILABLE,,
490,490,M-UAV-02,M600,31.3062683,120.6025389,30.5,CONTINGENCY,,
491,491,EVTOL-01,EC35,31.2951068,120.6011425,199.9,BUSY,M-P-001,V1
491,491,L-UAV-01,AMZN,31.3001007,120.5986720,100.0,BUSY,M-L-001,V3
491,491,M-UAV-01,M600,31.3108767,120.6039862,30.5,AVAILABLE,,
491,491,M-UAV-02,M600,31.3062683,120.6025389,30.5,CONTINGENCY,,
492,492,EVTOL-01,EC35,31.2952899,120.6015095,199.9,BUSY,M-P-001,V1
492,492,L-UAV-01,AMZN,31.3002199,120.5987475,100.0,BUSY,M-L-001,V3
492,492,M-UAV-01,M600,31.3108767,120.6039862,30.5,AVAILABLE,,
492,492,M-UAV-02,M600,31.3062683,120.6025389,30.5,CONTINGENCY,,
493,493,EVTOL-01,EC35,31.2955073,120.6018500,199.9,BUSY,M-P-001,V1
493,493,L-UAV-01,AMZN,31.3003391,120.5988229,100.0,BUSY,M-L-001,V3
493,493,M-UAV-01,M600,31.3108767,120.6039862,30.5,AVAILABLE,,
493,493,M-UAV-02,M600,31.3062683,120.6025389,30.5,CONTINGENCY,,
494,494,EVTOL-01,EC35,31.2957561,120.6021596,199.9,BUSY,M-P-001,V1
494,494,L-UAV-01,AMZN,31.3004584,120.5988984,100.0,BUSY,M-L-001,V3
494,494,M-UAV-01,M600,31.3108767,120.6039862,30.5,AVAILABLE,,
494,494,M-UAV-02,M600,31.3062683,120.6025389,30.5,CONTINGENCY,,
495,495,EVTOL-01,EC35,31.2960333,120.6024343,199.9,BUSY,M-P-001,V1
495,495,L-UAV-01,AMZN,31.3005776,120.5989739,100.0,BUSY,M-L-001,V3
495,495,M-UAV-01,M600,31.3108767,120.6039862,30.5,AVAILABLE,,
495,495,M-UAV-02,M600,31.3062683,120.6025389,30.5,CONTINGENCY,,
496,496,EVTOL-01,EC35,31.2963352,120.6026706,199.9,BUSY,M-P-001,V1
496,496,L-UAV-01,AMZN,31.3006968,120.5990493,100.0,BUSY,M-L-001,V3
496,496,M-UAV-01,M600,31.3108767,120.6039862,30.5,AVAILABLE,,
496,496,M-UAV-02,M600,31.3062683,120.6025389,30.5,CONTINGENCY,,
497,497,EVTOL-01,EC35,31.2966580,120.6028654,199.9,BUSY,M-P-001,V1
497,497,L-UAV-01,AMZN,31.3008160,120.5991248,100.0,BUSY,M-L-001,V3
497,497,M-UAV-01,M600,31.3108767,120.6039862,30.5,AVAILABLE,,
497,497,M-UAV-02,M600,31.3062683,120.6025389,30.5,CONTINGENCY,,
498,498,EVTOL-01,EC35,31.2969975,120.6030163,199.9,BUSY,M-P-001,V1
498,498,L-UAV-01,AMZN,31.3009353,120.5992003,100.0,BUSY,M-L-001,V3
498,498,M-UAV-01,M600,31.3108767,120.6039862,30.5,AVAILABLE,,
498,498,M-UAV-02,M600,31.3062683,120.6025389,30.5,CONTINGENCY,,
499,499,EVTOL-01,EC35,31.2973494,120.6031214,199.9,BUSY,M-P-001,V1
499,499,L-UAV-01,AMZN,31.3010545,120.5992757,100.0,BUSY,M-L-001,V3
499,499,M-UAV-01,M600,31.3108767,120.6039862,30.5,AVAILABLE,,
499,499,M-UAV-02,M600,31.3062683,120.6025389,30.5,CONTINGENCY,,
500,500,EVTOL-01,EC35,31.2977092,120.6031792,199.9,BUSY,M-P-001,V1
500,500,L-UAV-01,AMZN,31.3011737,120.5993512,100.0,BUSY,M-L-001,V3
500,500,M-UAV-01,M600,31.3108767,120.6039862,30.5,AVAILABLE,,
500,500,M-UAV-02,M600,31.3062683,120.6025389,30.5,CONTINGENCY,,
501,501,EVTOL-01,EC35,31.2980719,120.6032014,199.9,BUSY,M-P-001,V1
501,501,L-UAV-01,AMZN,31.3012930,120.5994266,100.0,BUSY,M-L-001,V3
501,501,M-UAV-01,M600,31.3108767,120.6039862,30.5,AVAILABLE,,
501,501,M-UAV-02,M600,31.3062683,120.6025389,30.5,CONTINGENCY,,
502,502,EVTOL-01,EC35,31.2984346,120.6032237,199.9,BUSY,M-P-001,V1
502,502,L-UAV-01,AMZN,31.3014122,120.5995021,100.0,BUSY,M-L-001,V3
502,502,M-UAV-01,M600,31.3108767,120.6039862,30.5,AVAILABLE,,
502,502,M-UAV-02,M600,31.3062683,120.6025389,30.5,CONTINGENCY,,
503,503,EVTOL-01,EC35,31.2987973,120.6032459,199.9,BUSY,M-P-001,V1
503,503,L-UAV-01,AMZN,31.3015314,120.5995776,100.0,BUSY,M-L-001,V3
503,503,M-UAV-01,M600,31.3108767,120.6039862,30.5,AVAILABLE,,
503,503,M-UAV-02,M600,31.3062683,120.6025389,30.5,CONTINGENCY,,
504,504,EVTOL-01,EC35,31.2991600,120.6032681,199.9,BUSY,M-P-001,V1
504,504,L-UAV-01,AMZN,31.3016506,120.5996530,100.0,BUSY,M-L-001,V3
504,504,M-UAV-01,M600,31.3108767,120.6039862,30.5,AVAILABLE,,
504,504,M-UAV-02,M600,31.3062683,120.6025389,30.5,CONTINGENCY,,
505,505,EVTOL-01,EC35,31.2995227,120.6032903,199.9,BUSY,M-P-001,V1
505,505,L-UAV-01,AMZN,31.3017699,120.5997285,100.0,BUSY,M-L-001,V3
505,505,M-UAV-01,M600,31.3108767,120.6039862,30.5,AVAILABLE,,
505,505,M-UAV-02,M600,31.3062683,120.6025389,30.5,CONTINGENCY,,
506,506,EVTOL-01,EC35,31.2998854,120.6033126,199.9,BUSY,M-P-001,V1
506,506,L-UAV-01,AMZN,31.3018891,120.5998040,100.0,BUSY,M-L-001,V3
506,506,M-UAV-01,M600,31.3108767,120.6039862,30.5,AVAILABLE,,
506,506,M-UAV-02,M600,31.3062683,120.6025389,30.5,CONTINGENCY,,
507,507,EVTOL-01,EC35,31.3002481,120.6033348,199.9,BUSY,M-P-001,V1
507,507,L-UAV-01,AMZN,31.3020083,120.5998794,100.0,BUSY,M-L-001,V3
507,507,M-UAV-01,M600,31.3108767,120.6039862,30.5,AVAILABLE,,
507,507,M-UAV-02,M600,31.3062683,120.6025389,30.5,CONTINGENCY,,
508,508,EVTOL-01,EC35,31.3006108,120.6033570,199.9,BUSY,M-P-001,V1
508,508,L-UAV-01,AMZN,31.3021276,120.5999549,100.0,BUSY,M-L-001,V3
508,508,M-UAV-01,M600,31.3108767,120.6039862,30.5,AVAILABLE,,
508,508,M-UAV-02,M600,31.3062683,120.6025389,30.5,CONTINGENCY,,
509,509,EVTOL-01,EC35,31.3009735,120.6033792,199.9,BUSY,M-P-001,V1
509,509,L-UAV-01,AMZN,31.3022468,120.6000303,100.0,BUSY,M-L-001,V3
509,509,M-UAV-01,M600,31.3108767,120.6039862,30.5,AVAILABLE,,
509,509,M-UAV-02,M600,31.3062683,120.6025389,30.5,CONTINGENCY,,
510,510,EVTOL-01,EC35,31.3013361,120.6034015,199.9,BUSY,M-P-001,V1
510,510,L-UAV-01,AMZN,31.3023660,120.6001058,100.0,BUSY,M-L-001,V3
510,510,M-UAV-01,M600,31.3108767,120.6039862,30.5,AVAILABLE,,
510,510,M-UAV-02,M600,31.3062683,120.6025389,30.5,CONTINGENCY,,
511,511,EVTOL-01,EC35,31.3016988,120.6034237,199.9,BUSY,M-P-001,V1
511,511,L-UAV-01,AMZN,31.3024852,120.6001813,100.0,BUSY,M-L-001,V3
511,511,M-UAV-01,M600,31.3108767,120.6039862,30.5,AVAILABLE,,
511,511,M-UAV-02,M600,31.3062683,120.6025389,30.5,CONTINGENCY,,
512,512,EVTOL-01,EC35,31.3020615,120.6034459,199.9,BUSY,M-P-001,V1
512,512,L-UAV-01,AMZN,31.3026045,120.6002567,100.0,BUSY,M-L-001,V3
512,512,M-UAV-01,M600,31.3108767,120.6039862,30.5,AVAILABLE,,
512,512,M-UAV-02,M600,31.3062683,120.6025389,30.5,CONTINGENCY,,
513,513,EVTOL-01,EC35,31.3024242,120.6034681,199.9,BUSY,M-P-001,V1
513,513,L-UAV-01,AMZN,31.3027237,120.6003322,100.0,BUSY,M-L-001,V3
513,513,M-UAV-01,M600,31.3108767,120.6039862,30.5,AVAILABLE,,
513,513,M-UAV-02,M600,31.3062683,120.6025389,30.5,CONTINGENCY,,
514,514,EVTOL-01,EC35,31.3027869,120.6034904,199.9,BUSY,M-P-001,V1
514,514,L-UAV-01,AMZN,31.3028429,120.6004077,100.0,BUSY,M-L-001,V3
514,514,M-UAV-01,M600,31.3108767,120.6039862,30.5,AVAILABLE,,
514,514,M-UAV-02,M600,31.3062683,120.6025389,30.5,CONTINGENCY,,
515,515,EVTOL-01,EC35,31.3031496,120.6035126,199.9,BUSY,M-P-001,V1
515,515,L-UAV-01,AMZN,31.3029622,120.6004831,100.0,BUSY,M-L-001,V3
515,515,M-UAV-01,M600,31.3108767,120.6039862,30.5,AVAILABLE,,
515,515,M-UAV-02,M600,31.3062683,120.6025389,30.5,CONTINGENCY,,
516,516,EVTOL-01,EC35,31.3035123,120.6035348,199.9,BUSY,M-P-001,V1
516,516,L-UAV-01,AMZN,31.3030814,120.6005586,100.0,BUSY,M-L-001,V3
516,516,M-UAV-01,M600,31.3108767,120.6039862,30.5,AVAILABLE,,
516,516,M-UAV-02,M600,31.3062683,120.6025389,30.5,CONTINGENCY,,
517,517,EVTOL-01,EC35,31.3038750,120.6035570,199.9,BUSY,M-P-001,V1
517,517,L-UAV-01,AMZN,31.3032006,120.6006341,100.0,BUSY,M-L-001,V3
517,517,M-UAV-01,M600,31.3108767,120.6039862,30.5,AVAILABLE,,
517,517,M-UAV-02,M600,31.3062683,120.6025389,30.5,CONTINGENCY,,
518,518,EVTOL-01,EC35,31.3042377,120.6035793,199.9,BUSY,M-P-001,V1
518,518,L-UAV-01,AMZN,31.3033198,120.6007095,100.0,BUSY,M-L-001,V3
518,518,M-UAV-01,M600,31.3108767,120.6039862,30.5,AVAILABLE,,
518,518,M-UAV-02,M600,31.3062683,120.6025389,30.5,CONTINGENCY,,
519,519,EVTOL-01,EC35,31.3046004,120.6036015,199.9,BUSY,M-P-001,V1
519,519,L-UAV-01,AMZN,31.3034391,120.6007850,100.0,BUSY,M-L-001,V3
519,519,M-UAV-01,M600,31.3108767,120.6039862,30.5,AVAILABLE,,
519,519,M-UAV-02,M600,31.3062683,120.6025389,30.5,CONTINGENCY,,
520,520,EVTOL-01,EC35,31.3049631,120.6036237,199.9,BUSY,M-P-001,V1
520,520,L-UAV-01,AMZN,31.3035583,120.6008605,100.0,BUSY,M-L-001,V3
520,520,M-UAV-01,M600,31.3108767,120.6039862,30.5,AVAILABLE,,
520,520,M-UAV-02,M600,31.3062683,120.6025389,30.5,CONTINGENCY,,
521,521,EVTOL-01,EC35,31.3053258,120.6036460,199.9,BUSY,M-P-001,V1
521,521,L-UAV-01,AMZN,31.3036775,120.6009359,100.0,BUSY,M-L-001,V3
521,521,M-UAV-01,M600,31.3108767,120.6039862,30.5,AVAILABLE,,
521,521,M-UAV-02,M600,31.3062683,120.6025389,30.5,CONTINGENCY,,
522,522,EVTOL-01,EC35,31.3056885,120.6036682,199.9,BUSY,M-P-001,V1
522,522,L-UAV-01,AMZN,31.3037968,120.6010114,100.0,BUSY,M-L-001,V3
522,522,M-UAV-01,M600,31.3108767,120.6039862,30.5,AVAILABLE,,
522,522,M-UAV-02,M600,31.3062683,120.6025389,30.5,CONTINGENCY,,
523,523,EVTOL-01,EC35,31.3060512,120.6036904,199.9,BUSY,M-P-001,V1
523,523,L-UAV-01,AMZN,31.3039160,120.6010869,100.0,BUSY,M-L-001,V3
523,523,M-UAV-01,M600,31.3108767,120.6039862,30.5,AVAILABLE,,
523,523,M-UAV-02,M600,31.3062683,120.6025389,30.5,CONTINGENCY,,
524,524,EVTOL-01,EC35,31.3064139,120.6037126,199.9,BUSY,M-P-001,V1
524,524,L-UAV-01,AMZN,31.3040352,120.6011623,100.0,BUSY,M-L-001,V3
524,524,M-UAV-01,M600,31.3108767,120.6039862,30.5,AVAILABLE,,
524,524,M-UAV-02,M600,31.3062683,120.6025389,30.5,CONTINGENCY,,
525,525,EVTOL-01,EC35,31.3067766,120.6037349,199.9,BUSY,M-P-001,V1
525,525,L-UAV-01,AMZN,31.3041544,120.6012378,100.0,BUSY,M-L-001,V3
525,525,M-UAV-01,M600,31.3108767,120.6039862,30.5,AVAILABLE,,
525,525,M-UAV-02,M600,31.3062683,120.6025389,30.5,CONTINGENCY,,
526,526,EVTOL-01,EC35,31.3071392,120.6037571,199.9,BUSY,M-P-001,V1
526,526,L-UAV-01,AMZN,31.3042737,120.6013133,100.0,BUSY,M-L-001,V3
526,526,M-UAV-01,M600,31.3108767,120.6039862,30.5,AVAILABLE,,
526,526,M-UAV-02,M600,31.3062683,120.6025389,30.5,CONTINGENCY,,
527,527,EVTOL-01,EC35,31.3075019,120.6037793,199.9,BUSY,M-P-001,V1
527,527,L-UAV-01,AMZN,31.3043929,120.6013887,100.0,BUSY,M-L-001,V3
527,527,M-UAV-01,M600,31.3108767,120.6039862,30.5,AVAILABLE,,
527,527,M-UAV-02,M600,31.3062683,120.6025389,30.5,CONTINGENCY,,
528,528,EVTOL-01,EC35,31.3078646,120.6038015,199.9,BUSY,M-P-001,V1
528,528,L-UAV-01,AMZN,31.3045121,120.6014642,100.0,BUSY,M-L-001,V3
528,528,M-UAV-01,M600,31.3108767,120.6039862,30.5,AVAILABLE,,
528,528,M-UAV-02,M600,31.3062683,120.6025389,30.5,CONTINGENCY,,
529,529,EVTOL-01,EC35,31.3082273,120.6038238,199.9,BUSY,M-P-001,V1
529,529,L-UAV-01,AMZN,31.3046313,120.6015397,100.0,BUSY,M-L-001,V3
529,529,M-UAV-01,M600,31.3108767,120.6039862,30.5,AVAILABLE,,
529,529,M-UAV-02,M600,31.3062683,120.6025389,30.5,CONTINGENCY,,
530,530,EVTOL-01,EC35,31.3085900,120.6038460,199.9,BUSY,M-P-001,V1
530,530,L-UAV-01,AMZN,31.3047506,120.6016151,100.0,BUSY,M-L-001,V3
530,530,M-UAV-01,M600,31.3108767,120.6039862,30.5,AVAILABLE,,
530,530,M-UAV-02,M600,31.3062683,120.6025389,30.5,CONTINGENCY,,
531,531,EVTOL-01,EC35,31.3089527,120.6038682,199.9,BUSY,M-P-001,V1
531,531,L-UAV-01,AMZN,31.3048698,120.6016906,100.0,BUSY,M-L-001,V3
531,531,M-UAV-01,M600,31.3108767,120.6039862,30.5,AVAILABLE,,
531,531,M-UAV-02,M600,31.3062683,120.6025389,30.5,CONTINGENCY,,
532,532,EVTOL-01,EC35,31.3093154,120.6038905,199.9,BUSY,M-P-001,V1
532,532,L-UAV-01,AMZN,31.3049890,120.6017661,100.0,BUSY,M-L-001,V3
532,532,M-UAV-01,M600,31.3108767,120.6039862,30.5,AVAILABLE,,
532,532,M-UAV-02,M600,31.3062683,120.6025389,30.5,CONTINGENCY,,
533,533,EVTOL-01,EC35,31.3096781,120.6039127,199.9,BUSY,M-P-001,V1
533,533,L-UAV-01,AMZN,31.3051083,120.6018415,100.0,BUSY,M-L-001,V3
533,533,M-UAV-01,M600,31.3108767,120.6039862,30.5,AVAILABLE,,
533,533,M-UAV-02,M600,31.3062683,120.6025389,30.5,CONTINGENCY,,
534,534,EVTOL-01,EC35,31.3100408,120.6039349,199.9,BUSY,M-P-001,V2
534,534,L-UAV-01,AMZN,31.3052275,120.6019170,100.0,BUSY,M-L-001,V3
534,534,M-UAV-01,M600,31.3108767,120.6039862,30.5,AVAILABLE,,
534,534,M-UAV-02,M600,31.3062683,120.6025389,30.5,CONTINGENCY,,
535,535,EVTOL-01,EC35,31.3104033,120.6039090,199.9,BUSY,M-P-001,V2
535,535,L-UAV-01,AMZN,31.3053467,120.6019925,100.0,BUSY,M-L-001,V3
535,535,M-UAV-01,M600,31.3108767,120.6039862,30.5,AVAILABLE,,
535,535,M-UAV-02,M600,31.3062683,120.6025389,30.5,CONTINGENCY,,
536,536,EVTOL-01,EC35,31.3107610,120.6038354,199.9,BUSY,M-P-001,V2
536,536,L-UAV-01,AMZN,31.3054659,120.6020680,100.0,BUSY,M-L-001,V3
536,536,M-UAV-01,M600,31.3108767,120.6039862,30.5,AVAILABLE,,
536,536,M-UAV-02,M600,31.3062683,120.6025389,30.5,CONTINGENCY,,
537,537,EVTOL-01,EC35,31.3111093,120.6037149,199.9,BUSY,M-P-001,V2
537,537,L-UAV-01,AMZN,31.3055852,120.6021434,100.0,BUSY,M-L-001,V3
537,537,M-UAV-01,M600,31.3108767,120.6039862,30.5,AVAILABLE,,
537,537,M-UAV-02,M600,31.3062683,120.6025389,30.5,CONTINGENCY,,
538,538,EVTOL-01,EC35,31.3114437,120.6035491,199.9,BUSY,M-P-001,V2
538,538,L-UAV-01,AMZN,31.3057044,120.6022189,100.0,BUSY,M-L-001,V3
538,538,M-UAV-01,M600,31.3108767,120.6039862,30.5,AVAILABLE,,
538,538,M-UAV-02,M600,31.3062683,120.6025389,30.5,CONTINGENCY,,
539,539,EVTOL-01,EC35,31.3117600,120.6033401,199.9,BUSY,M-P-001,V2
539,539,L-UAV-01,AMZN,31.3058236,120.6022944,100.0,BUSY,M-L-001,V2
539,539,M-UAV-01,M600,31.3108767,120.6039862,30.5,AVAILABLE,,
539,539,M-UAV-02,M600,31.3062683,120.6025389,30.5,CONTINGENCY,,
540,540,EVTOL-01,EC35,31.3120541,120.6030907,199.9,BUSY,M-P-001,V2
540,540,L-UAV-01,AMZN,31.3059567,120.6023247,100.0,BUSY,M-L-001,V2
540,540,M-UAV-01,M600,31.3108767,120.6039862,30.5,AVAILABLE,,
540,540,M-UAV-02,M600,31.3062683,120.6025389,30.5,CONTINGENCY,,
541,541,EVTOL-01,EC35,31.3123222,120.6028040,199.9,BUSY,M-P-001,V2
541,541,L-UAV-01,AMZN,31.3060914,120.6023071,100.0,BUSY,M-L-001,V2
541,541,M-UAV-01,M600,31.3108767,120.6039862,30.5,AVAILABLE,,
541,541,M-UAV-02,M600,31.3062683,120.6025389,30.5,CONTINGENCY,,
542,542,EVTOL-01,EC35,31.3125610,120.6024836,199.9,BUSY,M-P-001,V2
542,542,L-UAV-01,AMZN,31.3062155,120.6022432,100.0,BUSY,M-L-001,V2
542,542,M-UAV-01,M600,31.3108767,120.6039862,30.5,AVAILABLE,,
542,542,M-UAV-02,M600,31.3062683,120.6025389,30.5,CONTINGENCY,,
543,543,EVTOL-01,EC35,31.3127672,120.6021337,199.9,BUSY,M-P-001,V2
543,543,L-UAV-01,AMZN,31.3063176,120.6021389,100.0,BUSY,M-L-001,V2
543,543,M-UAV-01,M600,31.3108767,120.6039862,30.5,AVAILABLE,,
543,543,M-UAV-02,M600,31.3062683,120.6025389,30.5,CONTINGENCY,,
544,544,EVTOL-01,EC35,31.3129384,120.6017588,199.9,BUSY,M-P-001,V2
544,544,L-UAV-01,AMZN,31.3063884,120.6020036,100.0,BUSY,M-L-001,V2
544,544,M-UAV-01,M600,31.3108767,120.6039862,30.5,AVAILABLE,,
544,544,M-UAV-02,M600,31.3062683,120.6025389,30.5,CONTINGENCY,,
545,545,EVTOL-01,EC35,31.3130723,120.6013636,199.9,BUSY,M-P-001,V2
545,545,L-UAV-01,AMZN,31.3064214,120.6018497,100.0,BUSY,M-L-001,V2
545,545,M-UAV-01,M600,31.3108767,120.6039862,30.5,AVAILABLE,,
545,545,M-UAV-02,M600,31.3062683,120.6025389,30.5,CONTINGENCY,,
546,546,EVTOL-01,EC35,31.3131672,120.6009532,199.9,BUSY,M-P-001,V2
546,546,L-UAV-01,AMZN,31.3064136,120.6016913,100.0,BUSY,M-L-001,V2
546,546,M-UAV-01,M600,31.3108767,120.6039862,30.5,AVAILABLE,,
546,546,M-UAV-02,M600,31.3062683,120.6025389,30.5,CONTINGENCY,,
547,547,EVTOL-01,EC35,31.3132219,120.6005330,199.9,BUSY,M-P-001,V2
547,547,L-UAV-01,AMZN,31.3063658,120.6015429,100.0,BUSY,M-L-001,V2
547,547,M-UAV-01,M600,31.3108767,120.6039862,30.5,AVAILABLE,,
547,547,M-UAV-02,M600,31.3062683,120.6025389,30.5,CONTINGENCY,,
548,548,EVTOL-01,EC35,31.3132356,120.6001082,199.9,BUSY,M-P-001,V2
548,548,L-UAV-01,AMZN,31.3062823,120.6014180,100.0,BUSY,M-L-001,V2
548,548,M-UAV-01,M600,31.3108767,120.6039862,30.5,AVAILABLE,,
548,548,M-UAV-02,M600,31.3062683,120.6025389,30.5,CONTINGENCY,,
549,549,EVTOL-01,EC35,31.3132082,120.5996843,199.9,BUSY,M-P-001,V2
549,549,L-UAV-01,AMZN,31.3061706,120.6013280,100.0,BUSY,M-L-001,V2
549,549,M-UAV-01,M600,31.3108767,120.6039862,30.5,AVAILABLE,,
549,549,M-UAV-02,M600,31.3062683,120.6025389,30.5,CONTINGENCY,,
550,550,EVTOL-01,EC35,31.3131401,120.5992667,199.9,BUSY,M-P-001,V2
550,550,L-UAV-01,AMZN,31.3060514,120.6012525,100.0,BUSY,M-L-001,V2
550,550,M-UAV-01,M600,31.3108767,120.6039862,30.5,AVAILABLE,,
550,550,M-UAV-02,M600,31.3062683,120.6025389,30.5,CONTINGENCY,,
551,551,EVTOL-01,EC35,31.3130322,120.5988608,199.9,BUSY,M-P-001,V2
551,551,L-UAV-01,AMZN,31.3059322,120.6011770,100.0,BUSY,M-L-001,V2
551,551,M-UAV-01,M600,31.3108767,120.6039862,30.5,AVAILABLE,,
551,551,M-UAV-02,M600,31.3062683,120.6025389,30.5,CONTINGENCY,,
552,552,EVTOL-01,EC35,31.3128857,120.5984718,199.9,BUSY,M-P-001,V2
552,552,L-UAV-01,AMZN,31.3058130,120.6011016,100.0,BUSY,M-L-001,V2
552,552,M-UAV-01,M600,31.3108767,120.6039862,30.5,AVAILABLE,,
552,552,M-UAV-02,M600,31.3062683,120.6025389,30.5,CONTINGENCY,,
553,553,EVTOL-01,EC35,31.3127026,120.5981046,199.9,BUSY,M-P-001,V2
553,553,L-UAV-01,AMZN,31.3056937,120.6010261,100.0,BUSY,M-L-001,V2
553,553,M-UAV-01,M600,31.3108767,120.6039862,30.5,AVAILABLE,,
553,553,M-UAV-02,M600,31.3062683,120.6025389,30.5,CONTINGENCY,,
554,554,EVTOL-01,EC35,31.3124853,120.5977640,199.9,BUSY,M-P-001,V2
554,554,L-UAV-01,AMZN,31.3055745,120.6009506,100.0,BUSY,M-L-001,V2
554,554,M-UAV-01,M600,31.3108767,120.6039862,30.5,AVAILABLE,,
554,554,M-UAV-02,M600,31.3062683,120.6025389,30.5,CONTINGENCY,,
555,555,EVTOL-01,EC35,31.3122364,120.5974544,199.9,BUSY,M-P-001,V2
555,555,L-UAV-01,AMZN,31.3054553,120.6008751,100.0,BUSY,M-L-001,V2
555,555,M-UAV-01,M600,31.3108767,120.6039862,30.5,AVAILABLE,,
555,555,M-UAV-02,M600,31.3062683,120.6025389,30.5,CONTINGENCY,,
556,556,EVTOL-01,EC35,31.3119593,120.5971796,199.9,BUSY,M-P-001,V2
556,556,L-UAV-01,AMZN,31.3053361,120.6007997,100.0,BUSY,M-L-001,V2
556,556,M-UAV-01,M600,31.3108767,120.6039862,30.5,AVAILABLE,,
556,556,M-UAV-02,M600,31.3062683,120.6025389,30.5,CONTINGENCY,,
557,557,EVTOL-01,EC35,31.3116574,120.5969433,199.9,BUSY,M-P-001,V2
557,557,L-UAV-01,AMZN,31.3052168,120.6007242,100.0,BUSY,M-L-001,V2
557,557,M-UAV-01,M600,31.3108767,120.6039862,30.5,AVAILABLE,,
557,557,M-UAV-02,M600,31.3062683,120.6025389,30.5,CONTINGENCY,,
558,558,EVTOL-01,EC35,31.3113347,120.5967484,199.9,BUSY,M-P-001,V2
558,558,L-UAV-01,AMZN,31.3050976,120.6006487,100.0,BUSY,M-L-001,V2
558,558,M-UAV-01,M600,31.3108767,120.6039862,30.5,AVAILABLE,,
558,558,M-UAV-02,M600,31.3062683,120.6025389,30.5,CONTINGENCY,,
559,559,EVTOL-01,EC35,31.3109952,120.5965974,199.9,BUSY,M-P-001,V2
559,559,L-UAV-01,AMZN,31.3049784,120.6005733,100.0,BUSY,M-L-001,V2
559,559,M-UAV-01,M600,31.3108767,120.6039862,30.5,AVAILABLE,,
559,559,M-UAV-02,M600,31.3062683,120.6025389,30.5,CONTINGENCY,,
560,560,EVTOL-01,EC35,31.3106432,120.5964923,199.9,BUSY,M-P-001,V2
560,560,L-UAV-01,AMZN,31.3048591,120.6004978,100.0,BUSY,M-L-001,V2
560,560,M-UAV-01,M600,31.3108767,120.6039862,30.5,AVAILABLE,,
560,560,M-UAV-02,M600,31.3062683,120.6025389,30.5,CONTINGENCY,,
561,561,EVTOL-01,EC35,31.3102834,120.5964344,199.9,BUSY,M-P-001,V2
561,561,L-UAV-01,AMZN,31.3047399,120.6004223,100.0,BUSY,M-L-001,V2
561,561,M-UAV-01,M600,31.3108767,120.6039862,30.5,AVAILABLE,,
561,561,M-UAV-02,M600,31.3062683,120.6025389,30.5,CONTINGENCY,,
562,562,EVTOL-01,EC35,31.3099207,120.5964122,199.9,BUSY,M-P-001,V2
562,562,L-UAV-01,AMZN,31.3046207,120.6003469,100.0,BUSY,M-L-001,V2
562,562,M-UAV-01,M600,31.3108767,120.6039862,30.5,AVAILABLE,,
562,562,M-UAV-02,M600,31.3062683,120.6025389,30.5,CONTINGENCY,,
563,563,EVTOL-01,EC35,31.3095580,120.5963900,199.9,BUSY,M-P-001,V2
563,563,L-UAV-01,AMZN,31.3045015,120.6002714,100.0,BUSY,M-L-001,V2
563,563,M-UAV-01,M600,31.3108767,120.6039862,30.5,AVAILABLE,,
563,563,M-UAV-02,M600,31.3062683,120.6025389,30.5,CONTINGENCY,,
564,564,EVTOL-01,EC35,31.3091953,120.5963678,199.9,BUSY,M-P-001,V2
564,564,L-UAV-01,AMZN,31.3043822,120.6001959,100.0,BUSY,M-L-001,V2
564,564,M-UAV-01,M600,31.3108767,120.6039862,30.5,AVAILABLE,,
564,564,M-UAV-02,M600,31.3062683,120.6025389,30.5,CONTINGENCY,,
565,565,EVTOL-01,EC35,31.3088327,120.5963456,199.9,BUSY,M-P-001,V2
565,565,L-UAV-01,AMZN,31.3042630,120.6001205,100.0,BUSY,M-L-001,V2
565,565,M-UAV-01,M600,31.3108767,120.6039862,30.5,AVAILABLE,,
565,565,M-UAV-02,M600,31.3062683,120.6025389,30.5,CONTINGENCY,,
566,566,EVTOL-01,EC35,31.3084700,120.5963234,199.9,BUSY,M-P-001,V2
566,566,L-UAV-01,AMZN,31.3041438,120.6000450,100.0,BUSY,M-L-001,V2
566,566,M-UAV-01,M600,31.3108767,120.6039862,30.5,AVAILABLE,,
566,566,M-UAV-02,M600,31.3062683,120.6025389,30.5,CONTINGENCY,,
567,567,EVTOL-01,EC35,31.3081073,120.5963013,199.9,BUSY,M-P-001,V2
567,567,L-UAV-01,AMZN,31.3040245,120.5999695,100.0,BUSY,M-L-001,V2
567,567,M-UAV-01,M600,31.3108767,120.6039862,30.5,AVAILABLE,,
567,567,M-UAV-02,M600,31.3062683,120.6025389,30.5,CONTINGENCY,,
568,568,EVTOL-01,EC35,31.3077446,120.5962791,199.9,BUSY,M-P-001,V2
568,568,L-UAV-01,AMZN,31.3039053,120.5998941,100.0,BUSY,M-L-001,V2
568,568,M-UAV-01,M600,31.3108767,120.6039862,30.5,AVAILABLE,,
568,568,M-UAV-02,M600,31.3062683,120.6025389,30.5,CONTINGENCY,,
569,569,EVTOL-01,EC35,31.3073819,120.5962569,199.9,BUSY,M-P-001,V2
569,569,L-UAV-01,AMZN,31.3037861,120.5998186,100.0,BUSY,M-L-001,V2
569,569,M-UAV-01,M600,31.3108767,120.6039862,30.5,AVAILABLE,,
569,569,M-UAV-02,M600,31.3062683,120.6025389,30.5,CONTINGENCY,,
570,570,EVTOL-01,EC35,31.3070192,120.5962347,199.9,BUSY,M-P-001,V2
570,570,L-UAV-01,AMZN,31.3036669,120.5997432,100.0,BUSY,M-L-001,V2
570,570,M-UAV-01,M600,31.3108767,120.6039862,30.5,AVAILABLE,,
570,570,M-UAV-02,M600,31.3062683,120.6025389,30.5,CONTINGENCY,,
571,571,EVTOL-01,EC35,31.3066565,120.5962125,199.9,BUSY,M-P-001,V2
571,571,L-UAV-01,AMZN,31.3035476,120.5996677,100.0,BUSY,M-L-001,V2
571,571,M-UAV-01,M600,31.3108767,120.6039862,30.5,AVAILABLE,,
571,571,M-UAV-02,M600,31.3062683,120.6025389,30.5,CONTINGENCY,,
572,572,EVTOL-01,EC35,31.3062938,120.5961903,199.9,BUSY,M-P-001,V2
572,572,L-UAV-01,AMZN,31.3034284,120.5995922,100.0,BUSY,M-L-001,V2
572,572,M-UAV-01,M600,31.3108767,120.6039862,30.5,AVAILABLE,,
572,572,M-UAV-02,M600,31.3062683,120.6025389,30.5,CONTINGENCY,,
573,573,EVTOL-01,EC35,31.3059311,120.5961681,199.9,BUSY,M-P-001,V2
573,573,L-UAV-01,AMZN,31.3033092,120.5995168,100.0,BUSY,M-L-001,V2
573,573,M-UAV-01,M600,31.3108767,120.6039862,30.5,AVAILABLE,,
573,573,M-UAV-02,M600,31.3062683,120.6025389,30.5,CONTINGENCY,,
574,574,EVTOL-01,EC35,31.3055684,120.5961459,199.9,BUSY,M-P-001,V2
574,574,L-UAV-01,AMZN,31.3031899,120.5994413,100.0,BUSY,M-L-001,V2
574,574,M-UAV-01,M600,31.3108767,120.6039862,30.5,AVAILABLE,,
574,574,M-UAV-02,M600,31.3062683,120.6025389,30.5,CONTINGENCY,,
575,575,EVTOL-01,EC35,31.3052057,120.5961238,199.9,BUSY,M-P-001,V2
575,575,L-UAV-01,AMZN,31.3030707,120.5993658,100.0,BUSY,M-L-001,V2
575,575,M-UAV-01,M600,31.3108767,120.6039862,30.5,AVAILABLE,,
575,575,M-UAV-02,M600,31.3062683,120.6025389,30.5,CONTINGENCY,,
576,576,EVTOL-01,EC35,31.3048430,120.5961016,199.9,BUSY,M-P-001,V2
576,576,L-UAV-01,AMZN,31.3029515,120.5992904,100.0,BUSY,M-L-001,V2
576,576,M-UAV-01,M600,31.3108767,120.6039862,30.5,AVAILABLE,,
576,576,M-UAV-02,M600,31.3062683,120.6025389,30.5,CONTINGENCY,,
577,577,EVTOL-01,EC35,31.3044803,120.5960794,199.9,BUSY,M-P-001,V2
577,577,L-UAV-01,AMZN,31.3028323,120.5992149,100.0,BUSY,M-L-001,V2
577,577,M-UAV-01,M600,31.3108767,120.6039862,30.5,AVAILABLE,,
577,577,M-UAV-02,M600,31.3062683,120.6025389,30.5,CONTINGENCY,,
578,578,EVTOL-01,EC35,31.3041176,120.5960572,199.9,BUSY,M-P-001,V2
578,578,L-UAV-01,AMZN,31.3027130,120.5991394,100.0,BUSY,M-L-001,V2
578,578,M-UAV-01,M600,31.3108767,120.6039862,30.5,AVAILABLE,,
578,578,M-UAV-02,M600,31.3062683,120.6025389,30.5,CONTINGENCY,,
579,579,EVTOL-01,EC35,31.3037549,120.5960350,199.9,BUSY,M-P-001,V2
579,579,L-UAV-01,AMZN,31.3025938,120.5990640,100.0,BUSY,M-L-001,V2
579,579,M-UAV-01,M600,31.3108767,120.6039862,30.5,AVAILABLE,,
579,579,M-UAV-02,M600,31.3062683,120.6025389,30.5,CONTINGENCY,,
580,580,EVTOL-01,EC35,31.3033922,120.5960128,199.9,BUSY,M-P-001,V2
580,580,L-UAV-01,AMZN,31.3024746,120.5989885,100.0,BUSY,M-L-001,V2
580,580,M-UAV-01,M600,31.3108767,120.6039862,30.5,AVAILABLE,,
580,580,M-UAV-02,M600,31.3062683,120.6025389,30.5,CONTINGENCY,,
581,581,EVTOL-01,EC35,31.3030295,120.5959906,199.9,BUSY,M-P-001,V2
581,581,L-UAV-01,AMZN,31.3023553,120.5989130,100.0,BUSY,M-L-001,V2
581,581,M-UAV-01,M600,31.3108767,120.6039862,30.5,AVAILABLE,,
581,581,M-UAV-02,M600,31.3062683,120.6025389,30.5,CONTINGENCY,,
582,582,EVTOL-01,EC35,31.3026668,120.5959684,199.9,BUSY,M-P-001,V2
582,582,L-UAV-01,AMZN,31.3022361,120.5988376,100.0,BUSY,M-L-001,V2
582,582,M-UAV-01,M600,31.3108767,120.6039862,30.5,AVAILABLE,,
582,582,M-UAV-02,M600,31.3062683,120.6025389,30.5,CONTINGENCY,,
583,583,EVTOL-01,EC35,31.3023041,120.5959463,199.9,BUSY,M-P-001,V2
583,583,L-UAV-01,AMZN,31.3021169,120.5987621,100.0,BUSY,M-L-001,V2
583,583,M-UAV-01,M600,31.3108767,120.6039862,30.5,AVAILABLE,,
583,583,M-UAV-02,M600,31.3062683,120.6025389,30.5,CONTINGENCY,,
584,584,EVTOL-01,EC35,31.3019414,120.5959241,199.9,BUSY,M-P-001,V2
584,584,L-UAV-01,AMZN,31.3019976,120.5986867,100.0,BUSY,M-L-001,V2
584,584,M-UAV-01,M600,31.3108767,120.6039862,30.5,AVAILABLE,,
584,584,M-UAV-02,M600,31.3062683,120.6025389,30.5,CONTINGENCY,,
585,585,EVTOL-01,EC35,31.3015787,120.5959019,199.9,BUSY,M-P-001,V2
585,585,L-UAV-01,AMZN,31.3018784,120.5986112,100.0,BUSY,M-L-001,V2
585,585,M-UAV-01,M600,31.3108767,120.6039862,30.5,AVAILABLE,,
585,585,M-UAV-02,M600,31.3062683,120.6025389,30.5,CONTINGENCY,,
586,586,EVTOL-01,EC35,31.3012161,120.5958797,199.9,BUSY,M-P-001,V2
586,586,L-UAV-01,AMZN,31.3017592,120.5985357,100.0,BUSY,M-L-001,V2
586,586,M-UAV-01,M600,31.3108767,120.6039862,30.5,AVAILABLE,,
586,586,M-UAV-02,M600,31.3062683,120.6025389,30.5,CONTINGENCY,,
587,587,EVTOL-01,EC35,31.3008534,120.5958575,199.9,BUSY,M-P-001,V2
587,587,L-UAV-01,AMZN,31.3016400,120.5984603,100.0,BUSY,M-L-001,V2
587,587,M-UAV-01,M600,31.3108767,120.6039862,30.5,AVAILABLE,,
587,587,M-UAV-02,M600,31.3062683,120.6025389,30.5,CONTINGENCY,,
588,588,EVTOL-01,EC35,31.3004907,120.5958353,199.9,BUSY,M-P-001,V2
588,588,L-UAV-01,AMZN,31.3015207,120.5983848,100.0,BUSY,M-L-001,V2
588,588,M-UAV-01,M600,31.3108767,120.6039862,30.5,AVAILABLE,,
588,588,M-UAV-02,M600,31.3062683,120.6025389,30.5,CONTINGENCY,,
589,589,EVTOL-01,EC35,31.3001280,120.5958132,199.9,BUSY,M-P-001,V2
589,589,L-UAV-01,AMZN,31.3014015,120.5983094,100.0,BUSY,M-L-001,V2
589,589,M-UAV-01,M600,31.3108767,120.6039862,30.5,AVAILABLE,,
589,589,M-UAV-02,M600,31.3062683,120.6025389,30.5,CONTINGENCY,,
590,590,EVTOL-01,EC35,31.2997653,120.5957910,199.9,BUSY,M-P-001,V2
590,590,L-UAV-01,AMZN,31.3012823,120.5982339,100.0,BUSY,M-L-001,V2
590,590,M-UAV-01,M600,31.3108767,120.6039862,30.5,AVAILABLE,,
590,590,M-UAV-02,M600,31.3062683,120.6025389,30.5,CONTINGENCY,,
591,591,EVTOL-01,EC35,31.2994026,120.5957688,199.9,BUSY,M-P-001,V2
591,591,L-UAV-01,AMZN,31.3011630,120.5981584,100.0,BUSY,M-L-001,V2
591,591,M-UAV-01,M600,31.3108767,120.6039862,30.5,AVAILABLE,,
591,591,M-UAV-02,M600,31.3062683,120.6025389,30.5,CONTINGENCY,,
592,592,EVTOL-01,EC35,31.2990399,120.5957466,199.9,BUSY,M-P-001,V2
592,592,L-UAV-01,AMZN,31.3010438,120.5980830,100.0,BUSY,M-L-001,V2
592,592,M-UAV-01,M600,31.3108767,120.6039862,30.5,AVAILABLE,,
592,592,M-UAV-02,M600,31.3062683,120.6025389,30.5,CONTINGENCY,,
593,593,EVTOL-01,EC35,31.2986772,120.5957244,199.9,BUSY,M-P-001,V2
593,593,L-UAV-01,AMZN,31.3009246,120.5980075,100.0,BUSY,M-L-001,V2
593,593,M-UAV-01,M600,31.3108767,120.6039862,30.5,AVAILABLE,,
593,593,M-UAV-02,M600,31.3062683,120.6025389,30.5,CONTINGENCY,,
594,594,EVTOL-01,EC35,31.2983145,120.5957022,199.9,BUSY,M-P-001,V2
594,594,L-UAV-01,AMZN,31.3008054,120.5979320,100.0,BUSY,M-L-001,V2
594,594,M-UAV-01,M600,31.3108767,120.6039862,30.5,AVAILABLE,,
594,594,M-UAV-02,M600,31.3062683,120.6025389,30.5,CONTINGENCY,,
595,595,EVTOL-01,EC35,31.2979518,120.5956800,199.9,BUSY,M-P-001,V1
595,595,L-UAV-01,AMZN,31.3006861,120.5978566,100.0,BUSY,M-L-001,V2
595,595,M-UAV-01,M600,31.3108767,120.6039862,30.5,AVAILABLE,,
595,595,M-UAV-02,M600,31.3062683,120.6025389,30.5,CONTINGENCY,,
596,596,EVTOL-01,EC35,31.2975893,120.5957060,199.9,BUSY,M-P-001,V1
596,596,L-UAV-01,AMZN,31.3005669,120.5977811,100.0,BUSY,M-L-001,V2
596,596,M-UAV-01,M600,31.3108767,120.6039862,30.5,AVAILABLE,,
596,596,M-UAV-02,M600,31.3062683,120.6025389,30.5,CONTINGENCY,,
597,597,EVTOL-01,EC35,31.2972316,120.5957797,199.9,BUSY,M-P-001,V1
597,597,L-UAV-01,AMZN,31.3004477,120.5977057,100.0,BUSY,M-L-001,V2
597,597,M-UAV-01,M600,31.3108767,120.6039862,30.5,AVAILABLE,,
597,597,M-UAV-02,M600,31.3062683,120.6025389,30.5,CONTINGENCY,,
598,598,EVTOL-01,EC35,31.2968833,120.5959002,199.9,BUSY,M-P-001,V1
598,598,L-UAV-01,AMZN,31.3003284,120.5976302,100.0,BUSY,M-L-001,V2
598,598,M-UAV-01,M600,31.3108767,120.6039862,30.5,AVAILABLE,,
598,598,M-UAV-02,M600,31.3062683,120.6025389,30.5,CONTINGENCY,,
599,599,EVTOL-01,EC35,31.2965489,120.5960660,199.9,BUSY,M-P-001,V1
599,599,L-UAV-01,AMZN,31.3002092,120.5975548,100.0,BUSY,M-L-001,V2
599,599,M-UAV-01,M600,31.3108767,120.6039862,30.5,AVAILABLE,,
599,599,M-UAV-02,M600,31.3062683,120.6025389,30.5,CONTINGENCY,,
600,600,EVTOL-01,EC35,31.2962326,120.5962749,199.9,BUSY,M-P-001,V1
600,600,L-UAV-01,AMZN,31.3000900,120.5974793,100.0,BUSY,M-L-001,V2
600,600,M-UAV-01,M600,31.3108767,120.6039862,30.5,AVAILABLE,,
600,600,M-UAV-02,M600,31.3062683,120.6025389,30.5,CONTINGENCY,,
601,601,EVTOL-01,EC35,31.2959385,120.5965244,199.9,BUSY,M-P-001,V1
601,601,L-UAV-01,AMZN,31.2999707,120.5974038,100.0,BUSY,M-L-001,V2
601,601,M-UAV-01,M600,31.3108767,120.6039862,30.5,AVAILABLE,,
601,601,M-UAV-02,M600,31.3062683,120.6025389,30.5,CONTINGENCY,,
602,602,EVTOL-01,EC35,31.2956704,120.5968111,199.9,BUSY,M-P-001,V1
602,602,L-UAV-01,AMZN,31.2998515,120.5973284,100.0,BUSY,M-L-001,V2
602,602,M-UAV-01,M600,31.3108767,120.6039862,30.5,AVAILABLE,,
602,602,M-UAV-02,M600,31.3062683,120.6025389,30.5,CONTINGENCY,,
603,603,EVTOL-01,EC35,31.2954317,120.5971314,199.9,BUSY,M-P-001,V1
603,603,L-UAV-01,AMZN,31.2997323,120.5972529,100.0,BUSY,M-L-001,V2
603,603,M-UAV-01,M600,31.3108767,120.6039862,30.5,AVAILABLE,,
603,603,M-UAV-02,M600,31.3062683,120.6025389,30.5,CONTINGENCY,,
604,604,EVTOL-01,EC35,31.2952255,120.5974813,199.9,BUSY,M-P-001,V1
604,604,L-UAV-01,AMZN,31.2996131,120.5971775,100.0,BUSY,M-L-001,V2
604,604,M-UAV-01,M600,31.3108767,120.6039862,30.5,AVAILABLE,,
604,604,M-UAV-02,M600,31.3062683,120.6025389,30.5,CONTINGENCY,,
605,605,EVTOL-01,EC35,31.2950544,120.5978562,199.9,BUSY,M-P-001,V1
605,605,L-UAV-01,AMZN,31.2994938,120.5971020,100.0,BUSY,M-L-001,V2
605,605,M-UAV-01,M600,31.3108767,120.6039862,30.5,AVAILABLE,,
605,605,M-UAV-02,M600,31.3062683,120.6025389,30.5,CONTINGENCY,,
606,606,EVTOL-01,EC35,31.2949205,120.5982513,199.9,BUSY,M-P-001,V1
606,606,L-UAV-01,AMZN,31.2993746,120.5970265,100.0,BUSY,M-L-001,V2
606,606,M-UAV-01,M600,31.3108767,120.6039862,30.5,AVAILABLE,,
606,606,M-UAV-02,M600,31.3062683,120.6025389,30.5,CONTINGENCY,,
607,607,EVTOL-01,EC35,31.2948257,120.5986616,199.9,BUSY,M-P-001,V1
607,607,L-UAV-01,AMZN,31.2992554,120.5969511,100.0,BUSY,M-L-001,V2
607,607,M-UAV-01,M600,31.3108767,120.6039862,30.5,AVAILABLE,,
607,607,M-UAV-02,M600,31.3062683,120.6025389,30.5,CONTINGENCY,,
608,608,EVTOL-01,EC35,31.2947710,120.5990818,199.9,BUSY,M-P-001,V1
608,608,L-UAV-01,AMZN,31.2991361,120.5968756,100.0,BUSY,M-L-001,V2
608,608,M-UAV-01,M600,31.3108767,120.6039862,30.5,AVAILABLE,,
608,608,M-UAV-02,M600,31.3062683,120.6025389,30.5,CONTINGENCY,,
609,609,EVTOL-01,EC35,31.2947573,120.5995065,199.9,BUSY,M-P-001,V1
609,609,L-UAV-01,AMZN,31.2990169,120.5968002,100.0,BUSY,M-L-001,V2
609,609,M-UAV-01,M600,31.3108767,120.6039862,30.5,AVAILABLE,,
609,609,M-UAV-02,M600,31.3062683,120.6025389,30.5,CONTINGENCY,,
610,610,EVTOL-01,EC35,31.2947847,120.5999303,199.9,BUSY,M-P-001,V1
610,610,L-UAV-01,AMZN,31.2988977,120.5967247,100.0,BUSY,M-L-001,V2
610,610,M-UAV-01,M600,31.3108767,120.6039862,30.5,AVAILABLE,,
610,610,M-UAV-02,M600,31.3062683,120.6025389,30.5,CONTINGENCY,,
611,611,EVTOL-01,EC35,31.2948528,120.6003478,199.9,BUSY,M-P-001,V1
611,611,L-UAV-01,AMZN,31.2987784,120.5966493,100.0,BUSY,M-L-001,V2
611,611,M-UAV-01,M600,31.3108767,120.6039862,30.5,AVAILABLE,,
611,611,M-UAV-02,M600,31.3062683,120.6025389,30.5,CONTINGENCY,,
612,612,EVTOL-01,EC35,31.2949609,120.6007536,199.9,BUSY,M-P-001,V1
612,612,L-UAV-01,AMZN,31.2986592,120.5965738,100.0,BUSY,M-L-001,V2
612,612,M-UAV-01,M600,31.3108767,120.6039862,30.5,AVAILABLE,,
612,612,M-UAV-02,M600,31.3062683,120.6025389,30.5,CONTINGENCY,,
613,613,EVTOL-01,EC35,31.2951074,120.6011425,199.9,BUSY,M-P-001,V1
613,613,L-UAV-01,AMZN,31.2985400,120.5964983,100.0,BUSY,M-L-001,V2
613,613,M-UAV-01,M600,31.3108767,120.6039862,30.5,AVAILABLE,,
613,613,M-UAV-02,M600,31.3062683,120.6025389,30.5,CONTINGENCY,,
614,614,EVTOL-01,EC35,31.2952905,120.6015096,199.9,BUSY,M-P-001,V1
614,614,L-UAV-01,AMZN,31.2984207,120.5964229,100.0,BUSY,M-L-001,V2
614,614,M-UAV-01,M600,31.3108767,120.6039862,30.5,AVAILABLE,,
614,614,M-UAV-02,M600,31.3062683,120.6025389,30.5,CONTINGENCY,,
615,615,EVTOL-01,EC35,31.2955078,120.6018501,199.9,BUSY,M-P-001,V1
615,615,L-UAV-01,AMZN,31.2983015,120.5963474,100.0,BUSY,M-L-001,V2
615,615,M-UAV-01,M600,31.3108767,120.6039862,30.5,AVAILABLE,,
615,615,M-UAV-02,M600,31.3062683,120.6025389,30.5,CONTINGENCY,,
616,616,EVTOL-01,EC35,31.2957567,120.6021596,199.9,BUSY,M-P-001,V1
616,616,L-UAV-01,AMZN,31.2981823,120.5962720,100.0,BUSY,M-L-001,V2
616,616,M-UAV-01,M600,31.3108767,120.6039862,30.5,AVAILABLE,,
616,616,M-UAV-02,M600,31.3062683,120.6025389,30.5,CONTINGENCY,,
617,617,EVTOL-01,EC35,31.2960339,120.6024343,199.9,BUSY,M-P-001,V1
617,617,L-UAV-01,AMZN,31.2980631,120.5961965,100.0,BUSY,M-L-001,V2
617,617,M-UAV-01,M600,31.3108767,120.6039862,30.5,AVAILABLE,,
617,617,M-UAV-02,M600,31.3062683,120.6025389,30.5,CONTINGENCY,,
618,618,EVTOL-01,EC35,31.2963358,120.6026706,199.9,BUSY,M-P-001,V1
618,618,L-UAV-01,AMZN,31.2979438,120.5961211,100.0,BUSY,M-L-001,V3
618,618,M-UAV-01,M600,31.3108767,120.6039862,30.5,AVAILABLE,,
618,618,M-UAV-02,M600,31.3062683,120.6025389,30.5,CONTINGENCY,,
619,619,EVTOL-01,EC35,31.2966585,120.6028654,199.9,BUSY,M-P-001,V1
619,619,L-UAV-01,AMZN,31.2978108,120.5960907,100.0,BUSY,M-L-001,V3
619,619,M-UAV-01,M600,31.3108767,120.6039862,30.5,AVAILABLE,,
619,619,M-UAV-02,M600,31.3062683,120.6025389,30.5,CONTINGENCY,,
620,620,EVTOL-01,EC35,31.2969981,120.6030164,199.9,BUSY,M-P-001,V1
620,620,L-UAV-01,AMZN,31.2976761,120.5961083,100.0,BUSY,M-L-001,V3
620,620,M-UAV-01,M600,31.3108767,120.6039862,30.5,AVAILABLE,,
620,620,M-UAV-02,M600,31.3062683,120.6025389,30.5,CONTINGENCY,,
621,621,EVTOL-01,EC35,31.2973500,120.6031214,199.9,BUSY,M-P-001,V1
621,621,L-UAV-01,AMZN,31.2975520,120.5961722,100.0,BUSY,M-L-001,V3
621,621,M-UAV-01,M600,31.3108767,120.6039862,30.5,AVAILABLE,,
621,621,M-UAV-02,M600,31.3062683,120.6025389,30.5,CONTINGENCY,,
622,622,EVTOL-01,EC35,31.2977098,120.6031793,199.9,BUSY,M-P-001,V1
622,622,L-UAV-01,AMZN,31.2974499,120.5962766,100.0,BUSY,M-L-001,V3
622,622,M-UAV-01,M600,31.3108767,120.6039862,30.5,AVAILABLE,,
622,622,M-UAV-02,M600,31.3062683,120.6025389,30.5,CONTINGENCY,,
623,623,EVTOL-01,EC35,31.2980725,120.6032015,199.9,BUSY,M-P-001,V1
623,623,L-UAV-01,AMZN,31.2973791,120.5964118,100.0,BUSY,M-L-001,V3
623,623,M-UAV-01,M600,31.3108767,120.6039862,30.5,AVAILABLE,,
623,623,M-UAV-02,M600,31.3062683,120.6025389,30.5,CONTINGENCY,,
624,624,EVTOL-01,EC35,31.2984352,120.6032237,199.9,BUSY,M-P-001,V1
624,624,L-UAV-01,AMZN,31.2973461,120.5965657,100.0,BUSY,M-L-001,V3
624,624,M-UAV-01,M600,31.3108767,120.6039862,30.5,AVAILABLE,,
624,624,M-UAV-02,M600,31.3062683,120.6025389,30.5,CONTINGENCY,,
625,625,EVTOL-01,EC35,31.2987979,120.6032459,199.9,BUSY,M-P-001,V1
625,625,L-UAV-01,AMZN,31.2973538,120.5967240,100.0,BUSY,M-L-001,V3
625,625,M-UAV-01,M600,31.3108767,120.6039862,30.5,AVAILABLE,,
625,625,M-UAV-02,M600,31.3062683,120.6025389,30.5,CONTINGENCY,,
626,626,EVTOL-01,EC35,31.2991606,120.6032681,199.9,BUSY,M-P-001,V1
626,626,L-UAV-01,AMZN,31.2974017,120.5968725,100.0,BUSY,M-L-001,V3
626,626,M-UAV-01,M600,31.3108767,120.6039862,30.5,AVAILABLE,,
626,626,M-UAV-02,M600,31.3062683,120.6025389,30.5,CONTINGENCY,,
627,627,EVTOL-01,EC35,31.2995233,120.6032904,199.9,BUSY,M-P-001,V1
627,627,L-UAV-01,AMZN,31.2974852,120.5969974,100.0,BUSY,M-L-001,V3
627,627,M-UAV-01,M600,31.3108767,120.6039862,30.5,AVAILABLE,,
627,627,M-UAV-02,M600,31.3062683,120.6025389,30.5,CONTINGENCY,,
628,628,EVTOL-01,EC35,31.2998860,120.6033126,199.9,BUSY,M-P-001,V1
628,628,L-UAV-01,AMZN,31.2975968,120.5970874,100.0,BUSY,M-L-001,V3
628,628,M-UAV-01,M600,31.3108767,120.6039862,30.5,AVAILABLE,,
628,628,M-UAV-02,M600,31.3062683,120.6025389,30.5,CONTINGENCY,,
629,629,EVTOL-01,EC35,31.3002487,120.6033348,199.9,BUSY,M-P-001,V1
629,629,L-UAV-01,AMZN,31.2977161,120.5971628,100.0,BUSY,M-L-001,V3
629,629,M-UAV-01,M600,31.3108767,120.6039862,30.5,AVAILABLE,,
629,629,M-UAV-02,M600,31.3062683,120.6025389,30.5,CONTINGENCY,,
630,630,EVTOL-01,EC35,31.3006113,120.6033570,199.9,BUSY,M-P-001,V1
630,630,L-UAV-01,AMZN,31.2978353,120.5972383,100.0,BUSY,M-L-001,V3
630,630,M-UAV-01,M600,31.3108767,120.6039862,30.5,AVAILABLE,,
630,630,M-UAV-02,M600,31.3062683,120.6025389,30.5,CONTINGENCY,,
631,631,EVTOL-01,EC35,31.3009740,120.6033793,199.9,BUSY,M-P-001,V1
631,631,L-UAV-01,AMZN,31.2979545,120.5973138,100.0,BUSY,M-L-001,V3
631,631,M-UAV-01,M600,31.3108767,120.6039862,30.5,AVAILABLE,,
631,631,M-UAV-02,M600,31.3062683,120.6025389,30.5,CONTINGENCY,,
632,632,EVTOL-01,EC35,31.3013367,120.6034015,199.9,BUSY,M-P-001,V1
632,632,L-UAV-01,AMZN,31.2980738,120.5973892,100.0,BUSY,M-L-001,V3
632,632,M-UAV-01,M600,31.3108767,120.6039862,30.5,AVAILABLE,,
632,632,M-UAV-02,M600,31.3062683,120.6025389,30.5,CONTINGENCY,,
633,633,EVTOL-01,EC35,31.3016994,120.6034237,199.9,BUSY,M-P-001,V1
633,633,L-UAV-01,AMZN,31.2981930,120.5974647,100.0,BUSY,M-L-001,V3
633,633,M-UAV-01,M600,31.3108767,120.6039862,30.5,AVAILABLE,,
633,633,M-UAV-02,M600,31.3062683,120.6025389,30.5,CONTINGENCY,,
634,634,EVTOL-01,EC35,31.3020621,120.6034459,199.9,BUSY,M-P-001,V1
634,634,L-UAV-01,AMZN,31.2983122,120.5975401,100.0,BUSY,M-L-001,V3
634,634,M-UAV-01,M600,31.3108767,120.6039862,30.5,AVAILABLE,,
634,634,M-UAV-02,M600,31.3062683,120.6025389,30.5,CONTINGENCY,,
635,635,EVTOL-01,EC35,31.3024248,120.6034682,199.9,BUSY,M-P-001,V1
635,635,L-UAV-01,AMZN,31.2984315,120.5976156,100.0,BUSY,M-L-001,V3
635,635,M-UAV-01,M600,31.3108767,120.6039862,30.5,AVAILABLE,,
635,635,M-UAV-02,M600,31.3062683,120.6025389,30.5,CONTINGENCY,,
636,636,EVTOL-01,EC35,31.3027875,120.6034904,199.9,BUSY,M-P-001,V1
636,636,L-UAV-01,AMZN,31.2985507,120.5976911,100.0,BUSY,M-L-001,V3
636,636,M-UAV-01,M600,31.3108767,120.6039862,30.5,AVAILABLE,,
636,636,M-UAV-02,M600,31.3062683,120.6025389,30.5,CONTINGENCY,,
637,637,EVTOL-01,EC35,31.3031502,120.6035126,199.9,BUSY,M-P-001,V1
637,637,L-UAV-01,AMZN,31.2986699,120.5977665,100.0,BUSY,M-L-001,V3
637,637,M-UAV-01,M600,31.3108767,120.6039862,30.5,AVAILABLE,,
637,637,M-UAV-02,M600,31.3062683,120.6025389,30.5,CONTINGENCY,,
638,638,EVTOL-01,EC35,31.3035129,120.6035349,199.9,BUSY,M-P-001,V1
638,638,L-UAV-01,AMZN,31.2987891,120.5978420,100.0,BUSY,M-L-001,V3
638,638,M-UAV-01,M600,31.3108767,120.6039862,30.5,AVAILABLE,,
638,638,M-UAV-02,M600,31.3062683,120.6025389,30.5,CONTINGENCY,,
639,639,EVTOL-01,EC35,31.3038756,120.6035571,199.9,BUSY,M-P-001,V1
639,639,L-UAV-01,AMZN,31.2989084,120.5979174,100.0,BUSY,M-L-001,V3
639,639,M-UAV-01,M600,31.3108767,120.6039862,30.5,AVAILABLE,,
639,639,M-UAV-02,M600,31.3062683,120.6025389,30.5,CONTINGENCY,,
640,640,EVTOL-01,EC35,31.3042383,120.6035793,199.9,BUSY,M-P-001,V1
640,640,L-UAV-01,AMZN,31.2990276,120.5979929,100.0,BUSY,M-L-001,V3
640,640,M-UAV-01,M600,31.3108767,120.6039862,30.5,AVAILABLE,,
640,640,M-UAV-02,M600,31.3062683,120.6025389,30.5,CONTINGENCY,,
641,641,EVTOL-01,EC35,31.3046010,120.6036015,199.9,BUSY,M-P-001,V1
641,641,L-UAV-01,AMZN,31.2991468,120.5980683,100.0,BUSY,M-L-001,V3
641,641,M-UAV-01,M600,31.3108767,120.6039862,30.5,AVAILABLE,,
641,641,M-UAV-02,M600,31.3062683,120.6025389,30.5,CONTINGENCY,,
642,642,EVTOL-01,EC35,31.3049637,120.6036238,199.9,BUSY,M-P-001,V1
642,642,L-UAV-01,AMZN,31.2992661,120.5981438,100.0,BUSY,M-L-001,V3
642,642,M-UAV-01,M600,31.3108767,120.6039862,30.5,AVAILABLE,,
642,642,M-UAV-02,M600,31.3062683,120.6025389,30.5,CONTINGENCY,,
643,643,EVTOL-01,EC35,31.3053264,120.6036460,199.9,BUSY,M-P-001,V1
643,643,L-UAV-01,AMZN,31.2993853,120.5982193,100.0,BUSY,M-L-001,V3
643,643,M-UAV-01,M600,31.3108767,120.6039862,30.5,AVAILABLE,,
643,643,M-UAV-02,M600,31.3062683,120.6025389,30.5,CONTINGENCY,,
644,644,EVTOL-01,EC35,31.3056891,120.6036682,199.9,BUSY,M-P-001,V1
644,644,L-UAV-01,AMZN,31.2995045,120.5982947,100.0,BUSY,M-L-001,V3
644,644,M-UAV-01,M600,31.3108767,120.6039862,30.5,AVAILABLE,,
644,644,M-UAV-02,M600,31.3062683,120.6025389,30.5,CONTINGENCY,,
645,645,EVTOL-01,EC35,31.3060518,120.6036904,199.9,BUSY,M-P-001,V1
645,645,L-UAV-01,AMZN,31.2996238,120.5983702,100.0,BUSY,M-L-001,V3
645,645,M-UAV-01,M600,31.3108767,120.6039862,30.5,AVAILABLE,,
645,645,M-UAV-02,M600,31.3062683,120.6025389,30.5,CONTINGENCY,,
646,646,EVTOL-01,EC35,31.3064144,120.6037127,199.9,BUSY,M-P-001,V1
646,646,L-UAV-01,AMZN,31.2997430,120.5984456,100.0,BUSY,M-L-001,V3
646,646,M-UAV-01,M600,31.3108767,120.6039862,30.5,AVAILABLE,,
646,646,M-UAV-02,M600,31.3062683,120.6025389,30.5,CONTINGENCY,,
647,647,EVTOL-01,EC35,31.3067771,120.6037349,199.9,BUSY,M-P-001,V1
647,647,L-UAV-01,AMZN,31.2998622,120.5985211,100.0,BUSY,M-L-001,V3
647,647,M-UAV-01,M600,31.3108767,120.6039862,30.5,AVAILABLE,,
647,647,M-UAV-02,M600,31.3062683,120.6025389,30.5,CONTINGENCY,,
648,648,EVTOL-01,EC35,31.3071398,120.6037571,199.9,BUSY,M-P-001,V1
648,648,L-UAV-01,AMZN,31.2999814,120.5985966,100.0,BUSY,M-L-001,V3
648,648,M-UAV-01,M600,31.3108767,120.6039862,30.5,AVAILABLE,,
648,648,M-UAV-02,M600,31.3062683,120.6025389,30.5,CONTINGENCY,,
649,649,EVTOL-01,EC35,31.3075025,120.6037794,199.9,BUSY,M-P-001,V1
649,649,L-UAV-01,AMZN,31.3001007,120.5986720,100.0,BUSY,M-L-001,V3
649,649,M-UAV-01,M600,31.3108767,120.6039862,30.5,AVAILABLE,,
649,649,M-UAV-02,M600,31.3062683,120.6025389,30.5,CONTINGENCY,,
650,650,EVTOL-01,EC35,31.3078652,120.6038016,199.9,BUSY,M-P-001,V1
650,650,L-UAV-01,AMZN,31.3002199,120.5987475,100.0,BUSY,M-L-001,V3
650,650,M-UAV-01,M600,31.3108767,120.6039862,30.5,AVAILABLE,,
650,650,M-UAV-02,M600,31.3062683,120.6025389,30.5,CONTINGENCY,,
651,651,EVTOL-01,EC35,31.3082279,120.6038238,199.9,BUSY,M-P-001,V1
651,651,L-UAV-01,AMZN,31.3003391,120.5988229,100.0,BUSY,M-L-001,V3
651,651,M-UAV-01,M600,31.3108767,120.6039862,30.5,AVAILABLE,,
651,651,M-UAV-02,M600,31.3062683,120.6025389,30.5,CONTINGENCY,,
652,652,EVTOL-01,EC35,31.3085906,120.6038460,199.9,BUSY,M-P-001,V1
652,652,L-UAV-01,AMZN,31.3004584,120.5988984,100.0,BUSY,M-L-001,V3
652,652,M-UAV-01,M600,31.3108767,120.6039862,30.5,AVAILABLE,,
652,652,M-UAV-02,M600,31.3062683,120.6025389,30.5,CONTINGENCY,,
653,653,EVTOL-01,EC35,31.3089533,120.6038683,199.9,BUSY,M-P-001,V1
653,653,L-UAV-01,AMZN,31.3005776,120.5989739,100.0,BUSY,M-L-001,V3
653,653,M-UAV-01,M600,31.3108767,120.6039862,30.5,AVAILABLE,,
653,653,M-UAV-02,M600,31.3062683,120.6025389,30.5,CONTINGENCY,,
654,654,EVTOL-01,EC35,31.3093160,120.6038905,199.9,BUSY,M-P-001,V1
654,654,L-UAV-01,AMZN,31.3006968,120.5990493,100.0,BUSY,M-L-001,V3
654,654,M-UAV-01,M600,31.3108767,120.6039862,30.5,AVAILABLE,,
654,654,M-UAV-02,M600,31.3062683,120.6025389,30.5,CONTINGENCY,,
655,655,EVTOL-01,EC35,31.3096787,120.6039127,199.9,BUSY,M-P-001,V1
655,655,L-UAV-01,AMZN,31.3008160,120.5991248,100.0,BUSY,M-L-001,V3
655,655,M-UAV-01,M600,31.3108767,120.6039862,30.5,AVAILABLE,,
655,655,M-UAV-02,M600,31.3062683,120.6025389,30.5,CONTINGENCY,,
656,656,EVTOL-01,EC35,31.3100414,120.6039350,199.9,BUSY,M-P-001,V2
656,656,L-UAV-01,AMZN,31.3009353,120.5992003,100.0,BUSY,M-L-001,V3
656,656,M-UAV-01,M600,31.3108767,120.6039862,30.5,AVAILABLE,,
656,656,M-UAV-02,M600,31.3062683,120.6025389,30.5,CONTINGENCY,,
657,657,EVTOL-01,EC35,31.3104039,120.6039091,199.9,BUSY,M-P-001,V2
657,657,L-UAV-01,AMZN,31.3010545,120.5992757,100.0,BUSY,M-L-001,V3
657,657,M-UAV-01,M600,31.3108767,120.6039862,30.5,AVAILABLE,,
657,657,M-UAV-02,M600,31.3062683,120.6025389,30.5,CONTINGENCY,,
658,658,EVTOL-01,EC35,31.3107616,120.6038354,199.9,BUSY,M-P-001,V2
658,658,L-UAV-01,AMZN,31.3011737,120.5993512,100.0,BUSY,M-L-001,V3
658,658,M-UAV-01,M600,31.3108767,120.6039862,30.5,AVAILABLE,,
658,658,M-UAV-02,M600,31.3062683,120.6025389,30.5,CONTINGENCY,,
659,659,EVTOL-01,EC35,31.3111099,120.6037149,199.9,BUSY,M-P-001,V2
659,659,L-UAV-01,AMZN,31.3012930,120.5994266,100.0,BUSY,M-L-001,V3
659,659,M-UAV-01,M600,31.3108767,120.6039862,30.5,AVAILABLE,,
659,659,M-UAV-02,M600,31.3062683,120.6025389,30.5,CONTINGENCY,,
660,660,EVTOL-01,EC35,31.3114443,120.6035491,199.9,BUSY,M-P-001,V2
660,660,L-UAV-01,AMZN,31.3014122,120.5995021,100.0,BUSY,M-L-001,V3
660,660,M-UAV-01,M600,31.3108767,120.6039862,30.5,AVAILABLE,,
660,660,M-UAV-02,M600,31.3062683,120.6025389,30.5,CONTINGENCY,,
661,661,EVTOL-01,EC35,31.3117606,120.6033402,199.9,BUSY,M-P-001,V2
661,661,L-UAV-01,AMZN,31.3015314,120.5995776,100.0,BUSY,M-L-001,V3
661,661,M-UAV-01,M600,31.3108767,120.6039862,30.5,AVAILABLE,,
661,661,M-UAV-02,M600,31.3062683,120.6025389,30.5,CONTINGENCY,,
662,662,EVTOL-01,EC35,31.3120547,120.6030907,199.9,BUSY,M-P-001,V2
662,662,L-UAV-01,AMZN,31.3016507,120.5996530,100.0,BUSY,M-L-001,V3
662,662,M-UAV-01,M600,31.3108767,120.6039862,30.5,AVAILABLE,,
662,662,M-UAV-02,M600,31.3062683,120.6025389,30.5,CONTINGENCY,,
663,663,EVTOL-01,EC35,31.3123228,120.6028040,199.9,BUSY,M-P-001,V2
663,663,L-UAV-01,AMZN,31.3017699,120.5997285,100.0,BUSY,M-L-001,V3
663,663,M-UAV-01,M600,31.3108767,120.6039862,30.5,AVAILABLE,,
663,663,M-UAV-02,M600,31.3062683,120.6025389,30.5,CONTINGENCY,,
664,664,EVTOL-01,EC35,31.3125616,120.6024836,199.9,BUSY,M-P-001,V2
664,664,L-UAV-01,AMZN,31.3018891,120.5998040,100.0,BUSY,M-L-001,V3
664,664,M-UAV-01,M600,31.3108767,120.6039862,30.5,AVAILABLE,,
664,664,M-UAV-02,M600,31.3062683,120.6025389,30.5,CONTINGENCY,,
665,665,EVTOL-01,EC35,31.3127678,120.6021337,199.9,BUSY,M-P-001,V2
665,665,L-UAV-01,AMZN,31.3020083,120.5998794,100.0,BUSY,M-L-001,V3
665,665,M-UAV-01,M600,31.3108767,120.6039862,30.5,AVAILABLE,,
665,665,M-UAV-02,M600,31.3062683,120.6025389,30.5,CONTINGENCY,,
666,666,EVTOL-01,EC35,31.3129390,120.6017588,199.9,BUSY,M-P-001,V2
666,666,L-UAV-01,AMZN,31.3021276,120.5999549,100.0,BUSY,M-L-001,V3
666,666,M-UAV-01,M600,31.3108767,120.6039862,30.5,AVAILABLE,,
666,666,M-UAV-02,M600,31.3062683,120.6025389,30.5,CONTINGENCY,,
667,667,EVTOL-01,EC35,31.3130729,120.6013636,199.9,BUSY,M-P-001,V2
667,667,L-UAV-01,AMZN,31.3022468,120.6000304,100.0,BUSY,M-L-001,V3
667,667,M-UAV-01,M600,31.3108767,120.6039862,30.5,AVAILABLE,,
667,667,M-UAV-02,M600,31.3062683,120.6025389,30.5,CONTINGENCY,,
668,668,EVTOL-01,EC35,31.3131678,120.6009533,199.9,BUSY,M-P-001,V2
668,668,L-UAV-01,AMZN,31.3023660,120.6001058,100.0,BUSY,M-L-001,V3
668,668,M-UAV-01,M600,31.3108767,120.6039862,30.5,AVAILABLE,,
668,668,M-UAV-02,M600,31.3062683,120.6025389,30.5,CONTINGENCY,,
669,669,EVTOL-01,EC35,31.3132224,120.6005330,199.9,BUSY,M-P-001,V2
669,669,L-UAV-01,AMZN,31.3024853,120.6001813,100.0,BUSY,M-L-001,V3
669,669,M-UAV-01,M600,31.3108767,120.6039862,30.5,AVAILABLE,,
669,669,M-UAV-02,M600,31.3062683,120.6025389,30.5,CONTINGENCY,,
670,670,EVTOL-01,EC35,31.3132362,120.6001082,199.9,BUSY,M-P-001,V2
670,670,L-UAV-01,AMZN,31.3026045,120.6002567,100.0,BUSY,M-L-001,V3
670,670,M-UAV-01,M600,31.3108767,120.6039862,30.5,AVAILABLE,,
670,670,M-UAV-02,M600,31.3062683,120.6025389,30.5,CONTINGENCY,,
671,671,EVTOL-01,EC35,31.3132088,120.5996843,199.9,BUSY,M-P-001,V2
671,671,L-UAV-01,AMZN,31.3027237,120.6003322,100.0,BUSY,M-L-001,V3
671,671,M-UAV-01,M600,31.3108767,120.6039862,30.5,AVAILABLE,,
671,671,M-UAV-02,M600,31.3062683,120.6025389,30.5,CONTINGENCY,,
672,672,EVTOL-01,EC35,31.3131407,120.5992667,199.9,BUSY,M-P-001,V2
672,672,L-UAV-01,AMZN,31.3028429,120.6004077,100.0,BUSY,M-L-001,V3
672,672,M-UAV-01,M600,31.3108767,120.6039862,30.5,AVAILABLE,,
672,672,M-UAV-02,M600,31.3062683,120.6025389,30.5,CONTINGENCY,,
673,673,EVTOL-01,EC35,31.3130328,120.5988608,199.9,BUSY,M-P-001,V2
673,673,L-UAV-01,AMZN,31.3029622,120.6004831,100.0,BUSY,M-L-001,V3
673,673,M-UAV-01,M600,31.3108767,120.6039862,30.5,AVAILABLE,,
673,673,M-UAV-02,M600,31.3062683,120.6025389,30.5,CONTINGENCY,,
674,674,EVTOL-01,EC35,31.3128863,120.5984718,199.9,BUSY,M-P-001,V2
674,674,L-UAV-01,AMZN,31.3030814,120.6005586,100.0,BUSY,M-L-001,V3
674,674,M-UAV-01,M600,31.3108767,120.6039862,30.5,AVAILABLE,,
674,674,M-UAV-02,M600,31.3062683,120.6025389,30.5,CONTINGENCY,,
675,675,EVTOL-01,EC35,31.3127032,120.5981047,199.9,BUSY,M-P-001,V2
675,675,L-UAV-01,AMZN,31.3032006,120.6006341,100.0,BUSY,M-L-001,V3
675,675,M-UAV-01,M600,31.3108767,120.6039862,30.5,AVAILABLE,,
675,675,M-UAV-02,M600,31.3062683,120.6025389,30.5,CONTINGENCY,,
676,676,EVTOL-01,EC35,31.3124859,120.5977641,199.9,BUSY,M-P-001,V2
676,676,L-UAV-01,AMZN,31.3033198,120.6007095,100.0,BUSY,M-L-001,V3
676,676,M-UAV-01,M600,31.3108767,120.6039862,30.5,AVAILABLE,,
676,676,M-UAV-02,M600,31.3062683,120.6025389,30.5,CONTINGENCY,,
677,677,EVTOL-01,EC35,31.3122370,120.5974544,199.9,BUSY,M-P-001,V2
677,677,L-UAV-01,AMZN,31.3034391,120.6007850,100.0,BUSY,M-L-001,V3
677,677,M-UAV-01,M600,31.3108767,120.6039862,30.5,AVAILABLE,,
677,677,M-UAV-02,M600,31.3062683,120.6025389,30.5,CONTINGENCY,,
678,678,EVTOL-01,EC35,31.3119599,120.5971797,199.9,BUSY,M-P-001,V2
678,678,L-UAV-01,AMZN,31.3035583,120.6008605,100.0,BUSY,M-L-001,V3
678,678,M-UAV-01,M600,31.3108767,120.6039862,30.5,AVAILABLE,,
678,678,M-UAV-02,M600,31.3062683,120.6025389,30.5,CONTINGENCY,,
679,679,EVTOL-01,EC35,31.3116580,120.5969433,199.9,BUSY,M-P-001,V2
679,679,L-UAV-01,AMZN,31.3036775,120.6009359,100.0,BUSY,M-L-001,V3
679,679,M-UAV-01,M600,31.3108767,120.6039862,30.5,AVAILABLE,,
679,679,M-UAV-02,M600,31.3062683,120.6025389,30.5,CONTINGENCY,,
680,680,EVTOL-01,EC35,31.3113353,120.5967484,199.9,BUSY,M-P-001,V2
680,680,L-UAV-01,AMZN,31.3037968,120.6010114,100.0,BUSY,M-L-001,V3
680,680,M-UAV-01,M600,31.3108767,120.6039862,30.5,AVAILABLE,,
680,680,M-UAV-02,M600,31.3062683,120.6025389,30.5,CONTINGENCY,,
681,681,EVTOL-01,EC35,31.3109957,120.5965974,199.9,BUSY,M-P-001,V2
681,681,L-UAV-01,AMZN,31.3039160,120.6010869,100.0,BUSY,M-L-001,V3
681,681,M-UAV-01,M600,31.3108767,120.6039862,30.5,AVAILABLE,,
681,681,M-UAV-02,M600,31.3062683,120.6025389,30.5,CONTINGENCY,,
682,682,EVTOL-01,EC35,31.3106438,120.5964923,199.9,BUSY,M-P-001,V2
682,682,L-UAV-01,AMZN,31.3040352,120.6011623,100.0,BUSY,M-L-001,V3
682,682,M-UAV-01,M600,31.3108767,120.6039862,30.5,AVAILABLE,,
682,682,M-UAV-02,M600,31.3062683,120.6025389,30.5,CONTINGENCY,,
683,683,EVTOL-01,EC35,31.3102840,120.5964344,199.9,BUSY,M-P-001,V2
683,683,L-UAV-01,AMZN,31.3041544,120.6012378,100.0,BUSY,M-L-001,V3
683,683,M-UAV-01,M600,31.3108767,120.6039862,30.5,AVAILABLE,,
683,683,M-UAV-02,M600,31.3062683,120.6025389,30.5,CONTINGENCY,,
684,684,EVTOL-01,EC35,31.3099213,120.5964122,199.9,BUSY,M-P-001,V2
684,684,L-UAV-01,AMZN,31.3042737,120.6013133,100.0,BUSY,M-L-001,V3
684,684,M-UAV-01,M600,31.3108767,120.6039862,30.5,AVAILABLE,,
684,684,M-UAV-02,M600,31.3062683,120.6025389,30.5,CONTINGENCY,,
685,685,EVTOL-01,EC35,31.3095586,120.5963900,199.9,BUSY,M-P-001,V2
685,685,L-UAV-01,AMZN,31.3043929,120.6013887,100.0,BUSY,M-L-001,V3
685,685,M-UAV-01,M600,31.3108767,120.6039862,30.5,AVAILABLE,,
685,685,M-UAV-02,M600,31.3062683,120.6025389,30.5,CONTINGENCY,,
686,686,EVTOL-01,EC35,31.3091959,120.5963679,199.9,BUSY,M-P-001,V2
686,686,L-UAV-01,AMZN,31.3045121,120.6014642,100.0,BUSY,M-L-001,V3
686,686,M-UAV-01,M600,31.3108767,120.6039862,30.5,AVAILABLE,,
686,686,M-UAV-02,M600,31.3062683,120.6025389,30.5,CONTINGENCY,,
687,687,EVTOL-01,EC35,31.3088332,120.5963457,199.9,BUSY,M-P-001,V2
687,687,L-UAV-01,AMZN,31.3046314,120.6015397,100.0,BUSY,M-L-001,V3
687,687,M-UAV-01,M600,31.3108767,120.6039862,30.5,AVAILABLE,,
687,687,M-UAV-02,M600,31.3062683,120.6025389,30.5,CONTINGENCY,,
688,688,EVTOL-01,EC35,31.3084705,120.5963235,199.9,BUSY,M-P-001,V2
688,688,L-UAV-01,AMZN,31.3047506,120.6016151,100.0,BUSY,M-L-001,V3
688,688,M-UAV-01,M600,31.3108767,120.6039862,30.5,AVAILABLE,,
688,688,M-UAV-02,M600,31.3062683,120.6025389,30.5,CONTINGENCY,,
689,689,EVTOL-01,EC35,31.3081079,120.5963013,199.9,BUSY,M-P-001,V2
689,689,L-UAV-01,AMZN,31.3048698,120.6016906,100.0,BUSY,M-L-001,V3
689,689,M-UAV-01,M600,31.3108767,120.6039862,30.5,AVAILABLE,,
689,689,M-UAV-02,M600,31.3062683,120.6025389,30.5,CONTINGENCY,,
690,690,EVTOL-01,EC35,31.3077452,120.5962791,199.9,BUSY,M-P-001,V2
690,690,L-UAV-01,AMZN,31.3049890,120.6017661,100.0,BUSY,M-L-001,V3
690,690,M-UAV-01,M600,31.3108767,120.6039862,30.5,AVAILABLE,,
690,690,M-UAV-02,M600,31.3062683,120.6025389,30.5,CONTINGENCY,,
691,691,EVTOL-01,EC35,31.3073825,120.5962569,199.9,BUSY,M-P-001,V2
691,691,L-UAV-01,AMZN,31.3051083,120.6018415,100.0,BUSY,M-L-001,V3
691,691,M-UAV-01,M600,31.3108767,120.6039862,30.5,AVAILABLE,,
691,691,M-UAV-02,M600,31.3062683,120.6025389,30.5,CONTINGENCY,,
692,692,EVTOL-01,EC35,31.3070198,120.5962347,199.9,BUSY,M-P-001,V2
692,692,L-UAV-01,AMZN,31.3052275,120.6019170,100.0,BUSY,M-L-001,V3
692,692,M-UAV-01,M600,31.3108767,120.6039862,30.5,AVAILABLE,,
692,692,M-UAV-02,M600,31.3062683,120.6025389,30.5,CONTINGENCY,,
693,693,EVTOL-01,EC35,31.3066571,120.5962125,199.9,BUSY,M-P-001,V2
693,693,L-UAV-01,AMZN,31.3053467,120.6019925,100.0,BUSY,M-L-001,V3
693,693,M-UAV-01,M600,31.3108767,120.6039862,30.5,AVAILABLE,,
693,693,M-UAV-02,M600,31.3062683,120.6025389,30.5,CONTINGENCY,,
694,694,EVTOL-01,EC35,31.3062944,120.5961903,199.9,BUSY,M-P-001,V2
694,694,L-UAV-01,AMZN,31.3054659,120.6020680,100.0,BUSY,M-L-001,V3
694,694,M-UAV-01,M600,31.3108767,120.6039862,30.5,AVAILABLE,,
694,694,M-UAV-02,M600,31.3062683,120.6025389,30.5,CONTINGENCY,,
695,695,EVTOL-01,EC35,31.3059317,120.5961682,199.9,BUSY,M-P-001,V2
695,695,L-UAV-01,AMZN,31.3055852,120.6021434,100.0,BUSY,M-L-001,V3
695,695,M-UAV-01,M600,31.3108767,120.6039862,30.5,AVAILABLE,,
695,695,M-UAV-02,M600,31.3062683,120.6025389,30.5,CONTINGENCY,,
696,696,EVTOL-01,EC35,31.3055690,120.5961460,199.9,BUSY,M-P-001,V2
696,696,L-UAV-01,AMZN,31.3057044,120.6022189,100.0,BUSY,M-L-001,V3
696,696,M-UAV-01,M600,31.3108767,120.6039862,30.5,AVAILABLE,,
696,696,M-UAV-02,M600,31.3062683,120.6025389,30.5,CONTINGENCY,,
697,697,EVTOL-01,EC35,31.3052063,120.5961238,199.9,BUSY,M-P-001,V2
697,697,L-UAV-01,AMZN,31.3058236,120.6022944,100.0,BUSY,M-L-001,V2
697,697,M-UAV-01,M600,31.3108767,120.6039862,30.5,AVAILABLE,,
697,697,M-UAV-02,M600,31.3062683,120.6025389,30.5,CONTINGENCY,,
698,698,EVTOL-01,EC35,31.3048436,120.5961016,199.9,BUSY,M-P-001,V2
698,698,L-UAV-01,AMZN,31.3059567,120.6023247,100.0,BUSY,M-L-001,V2
698,698,M-UAV-01,M600,31.3108767,120.6039862,30.5,AVAILABLE,,
698,698,M-UAV-02,M600,31.3062683,120.6025389,30.5,CONTINGENCY,,
699,699,EVTOL-01,EC35,31.3044809,120.5960794,199.9,BUSY,M-P-001,V2
699,699,L-UAV-01,AMZN,31.3060914,120.6023071,100.0,BUSY,M-L-001,V2
699,699,M-UAV-01,M600,31.3108767,120.6039862,30.5,AVAILABLE,,
699,699,M-UAV-02,M600,31.3062683,120.6025389,30.5,CONTINGENCY,,
700,700,EVTOL-01,EC35,31.3041182,120.5960572,199.9,BUSY,M-P-001,V2
700,700,L-UAV-01,AMZN,31.3062155,120.6022432,100.0,BUSY,M-L-001,V2
700,700,M-UAV-01,M600,31.3108767,120.6039862,30.5,AVAILABLE,,
700,700,M-UAV-02,M600,31.3062683,120.6025389,30.5,CONTINGENCY,,
701,701,EVTOL-01,EC35,31.3037555,120.5960350,199.9,BUSY,M-P-001,V2
701,701,L-UAV-01,AMZN,31.3063176,120.6021389,100.0,BUSY,M-L-001,V2
701,701,M-UAV-01,M600,31.3108767,120.6039862,30.5,AVAILABLE,,
701,701,M-UAV-02,M600,31.3062683,120.6025389,30.5,CONTINGENCY,,
702,702,EVTOL-01,EC35,31.3033928,120.5960129,199.9,BUSY,M-P-001,V2
702,702,L-UAV-01,AMZN,31.3063884,120.6020036,100.0,BUSY,M-L-001,V2
702,702,M-UAV-01,M600,31.3108767,120.6039862,30.5,AVAILABLE,,
702,702,M-UAV-02,M600,31.3062683,120.6025389,30.5,CONTINGENCY,,
703,703,EVTOL-01,EC35,31.3030301,120.5959907,199.9,BUSY,M-P-001,V2
703,703,L-UAV-01,AMZN,31.3064214,120.6018497,100.0,BUSY,M-L-001,V2
703,703,M-UAV-01,M600,31.3108767,120.6039862,30.5,AVAILABLE,,
703,703,M-UAV-02,M600,31.3062683,120.6025389,30.5,CONTINGENCY,,
704,704,EVTOL-01,EC35,31.3026674,120.5959685,199.9,BUSY,M-P-001,V2
704,704,L-UAV-01,AMZN,31.3064136,120.6016914,100.0,BUSY,M-L-001,V2
704,704,M-UAV-01,M600,31.3108767,120.6039862,30.5,AVAILABLE,,
704,704,M-UAV-02,M600,31.3062683,120.6025389,30.5,CONTINGENCY,,
705,705,EVTOL-01,EC35,31.3023047,120.5959463,199.9,BUSY,M-P-001,V2
705,705,L-UAV-01,AMZN,31.3063658,120.6015429,100.0,BUSY,M-L-001,V2
705,705,M-UAV-01,M600,31.3108767,120.6039862,30.5,AVAILABLE,,
705,705,M-UAV-02,M600,31.3062683,120.6025389,30.5,CONTINGENCY,,
706,706,EVTOL-01,EC35,31.3019420,120.5959241,199.9,BUSY,M-P-001,V2
706,706,L-UAV-01,AMZN,31.3062823,120.6014180,100.0,BUSY,M-L-001,V2
706,706,M-UAV-01,M600,31.3108767,120.6039862,30.5,AVAILABLE,,
706,706,M-UAV-02,M600,31.3062683,120.6025389,30.5,CONTINGENCY,,
707,707,EVTOL-01,EC35,31.3015793,120.5959019,199.9,BUSY,M-P-001,V2
707,707,L-UAV-01,AMZN,31.3061707,120.6013280,100.0,BUSY,M-L-001,V2
707,707,M-UAV-01,M600,31.3108767,120.6039862,30.5,AVAILABLE,,
707,707,M-UAV-02,M600,31.3062683,120.6025389,30.5,CONTINGENCY,,
708,708,EVTOL-01,EC35,31.3012166,120.5958797,199.9,BUSY,M-P-001,V2
708,708,L-UAV-01,AMZN,31.3060514,120.6012525,100.0,BUSY,M-L-001,V2
708,708,M-UAV-01,M600,31.3108767,120.6039862,30.5,AVAILABLE,,
708,708,M-UAV-02,M600,31.3062683,120.6025389,30.5,CONTINGENCY,,
709,709,EVTOL-01,EC35,31.3008539,120.5958576,199.9,BUSY,M-P-001,V2
709,709,L-UAV-01,AMZN,31.3059322,120.6011770,100.0,BUSY,M-L-001,V2
709,709,M-UAV-01,M600,31.3108767,120.6039862,30.5,AVAILABLE,,
709,709,M-UAV-02,M600,31.3062683,120.6025389,30.5,CONTINGENCY,,
710,710,EVTOL-01,EC35,31.3004913,120.5958354,199.9,BUSY,M-P-001,V2
710,710,L-UAV-01,AMZN,31.3058130,120.6011016,100.0,BUSY,M-L-001,V2
710,710,M-UAV-01,M600,31.3108767,120.6039862,30.5,AVAILABLE,,
710,710,M-UAV-02,M600,31.3062683,120.6025389,30.5,CONTINGENCY,,
711,711,EVTOL-01,EC35,31.3001286,120.5958132,199.9,BUSY,M-P-001,V2
711,711,L-UAV-01,AMZN,31.3056937,120.6010261,100.0,BUSY,M-L-001,V2
711,711,M-UAV-01,M600,31.3108767,120.6039862,30.5,AVAILABLE,,
711,711,M-UAV-02,M600,31.3062683,120.6025389,30.5,CONTINGENCY,,
712,712,EVTOL-01,EC35,31.2997659,120.5957910,199.9,BUSY,M-P-001,V2
712,712,L-UAV-01,AMZN,31.3055745,120.6009506,100.0,BUSY,M-L-001,V2
712,712,M-UAV-01,M600,31.3108767,120.6039862,30.5,AVAILABLE,,
712,712,M-UAV-02,M600,31.3062683,120.6025389,30.5,CONTINGENCY,,
713,713,EVTOL-01,EC35,31.2994032,120.5957688,199.9,BUSY,M-P-001,V2
713,713,L-UAV-01,AMZN,31.3054553,120.6008752,100.0,BUSY,M-L-001,V2
713,713,M-UAV-01,M600,31.3108767,120.6039862,30.5,AVAILABLE,,
713,713,M-UAV-02,M600,31.3062683,120.6025389,30.5,CONTINGENCY,,
714,714,EVTOL-01,EC35,31.2990405,120.5957466,199.9,BUSY,M-P-001,V2
714,714,L-UAV-01,AMZN,31.3053361,120.6007997,100.0,BUSY,M-L-001,V2
714,714,M-UAV-01,M600,31.3108767,120.6039862,30.5,AVAILABLE,,
714,714,M-UAV-02,M600,31.3062683,120.6025389,30.5,CONTINGENCY,,
715,715,EVTOL-01,EC35,31.2986778,120.5957245,199.9,BUSY,M-P-001,V2
715,715,L-UAV-01,AMZN,31.3052168,120.6007242,100.0,BUSY,M-L-001,V2
715,715,M-UAV-01,M600,31.3108767,120.6039862,30.5,AVAILABLE,,
715,715,M-UAV-02,M600,31.3062683,120.6025389,30.5,CONTINGENCY,,
716,716,EVTOL-01,EC35,31.2983151,120.5957023,199.9,BUSY,M-P-001,V2
716,716,L-UAV-01,AMZN,31.3050976,120.6006487,100.0,BUSY,M-L-001,V2
716,716,M-UAV-01,M600,31.3108767,120.6039862,30.5,AVAILABLE,,
716,716,M-UAV-02,M600,31.3062683,120.6025389,30.5,CONTINGENCY,,
717,717,EVTOL-01,EC35,31.2979524,120.5956801,199.9,BUSY,M-P-001,V1
717,717,L-UAV-01,AMZN,31.3049784,120.6005733,100.0,BUSY,M-L-001,V2
717,717,M-UAV-01,M600,31.3108767,120.6039862,30.5,AVAILABLE,,
717,717,M-UAV-02,M600,31.3062683,120.6025389,30.5,CONTINGENCY,,
718,718,EVTOL-01,EC35,31.2975899,120.5957060,199.9,BUSY,M-P-001,V1
718,718,L-UAV-01,AMZN,31.3048591,120.6004978,100.0,BUSY,M-L-001,V2
718,718,M-UAV-01,M600,31.3108767,120.6039862,30.5,AVAILABLE,,
718,718,M-UAV-02,M600,31.3062683,120.6025389,30.5,CONTINGENCY,,
719,719,EVTOL-01,EC35,31.2972322,120.5957797,199.9,BUSY,M-P-001,V1
719,719,L-UAV-01,AMZN,31.3047399,120.6004223,100.0,BUSY,M-L-001,V2
719,719,M-UAV-01,M600,31.3108767,120.6039862,30.5,AVAILABLE,,
719,719,M-UAV-02,M600,31.3062683,120.6025389,30.5,CONTINGENCY,,
720,720,EVTOL-01,EC35,31.2968839,120.5959002,199.9,BUSY,M-P-001,V1
720,720,L-UAV-01,AMZN,31.3046207,120.6003469,100.0,BUSY,M-L-001,V2
720,720,M-UAV-01,M600,31.3108767,120.6039862,30.5,AVAILABLE,,
720,720,M-UAV-02,M600,31.3062683,120.6025389,30.5,CONTINGENCY,,
721,721,EVTOL-01,EC35,31.2965495,120.5960660,199.9,BUSY,M-P-001,V1
721,721,L-UAV-01,AMZN,31.3045015,120.6002714,100.0,BUSY,M-L-001,V2
721,721,M-UAV-01,M600,31.3108767,120.6039862,30.5,AVAILABLE,,
721,721,M-UAV-02,M600,31.3062683,120.6025389,30.5,CONTINGENCY,,
722,722,EVTOL-01,EC35,31.2962332,120.5962750,199.9,BUSY,M-P-001,V1
722,722,L-UAV-01,AMZN,31.3043822,120.6001959,100.0,BUSY,M-L-001,V2
722,722,M-UAV-01,M600,31.3108767,120.6039862,30.5,AVAILABLE,,
722,722,M-UAV-02,M600,31.3062683,120.6025389,30.5,CONTINGENCY,,
723,723,EVTOL-01,EC35,31.2959391,120.5965244,199.9,BUSY,M-P-001,V1
723,723,L-UAV-01,AMZN,31.3042630,120.6001205,100.0,BUSY,M-L-001,V2
723,723,M-UAV-01,M600,31.3108767,120.6039862,30.5,AVAILABLE,,
723,723,M-UAV-02,M600,31.3062683,120.6025389,30.5,CONTINGENCY,,
724,724,EVTOL-01,EC35,31.2956710,120.5968111,199.9,BUSY,M-P-001,V1
724,724,L-UAV-01,AMZN,31.3041438,120.6000450,100.0,BUSY,M-L-001,V2
724,724,M-UAV-01,M600,31.3108767,120.6039862,30.5,AVAILABLE,,
724,724,M-UAV-02,M600,31.3062683,120.6025389,30.5,CONTINGENCY,,
725,725,EVTOL-01,EC35,31.2954323,120.5971315,199.9,BUSY,M-P-001,V1
725,725,L-UAV-01,AMZN,31.3040245,120.5999696,100.0,BUSY,M-L-001,V2
725,725,M-UAV-01,M600,31.3108767,120.6039862,30.5,AVAILABLE,,
725,725,M-UAV-02,M600,31.3062683,120.6025389,30.5,CONTINGENCY,,
726,726,EVTOL-01,EC35,31.2952261,120.5974813,199.9,BUSY,M-P-001,V1
726,726,L-UAV-01,AMZN,31.3039053,120.5998941,100.0,BUSY,M-L-001,V2
726,726,M-UAV-01,M600,31.3108767,120.6039862,30.5,AVAILABLE,,
726,726,M-UAV-02,M600,31.3062683,120.6025389,30.5,CONTINGENCY,,
727,727,EVTOL-01,EC35,31.2950549,120.5978562,199.9,BUSY,M-P-001,V1
727,727,L-UAV-01,AMZN,31.3037861,120.5998186,100.0,BUSY,M-L-001,V2
727,727,M-UAV-01,M600,31.3108767,120.6039862,30.5,AVAILABLE,,
727,727,M-UAV-02,M600,31.3062683,120.6025389,30.5,CONTINGENCY,,
728,728,EVTOL-01,EC35,31.2949211,120.5982513,199.9,BUSY,M-P-001,V1
728,728,L-UAV-01,AMZN,31.3036669,120.5997432,100.0,BUSY,M-L-001,V2
728,728,M-UAV-01,M600,31.3108767,120.6039862,30.5,AVAILABLE,,
728,728,M-UAV-02,M600,31.3062683,120.6025389,30.5,CONTINGENCY,,
729,729,EVTOL-01,EC35,31.2948262,120.5986616,199.9,BUSY,M-P-001,V1
729,729,L-UAV-01,AMZN,31.3035476,120.5996677,100.0,BUSY,M-L-001,V2
729,729,M-UAV-01,M600,31.3108767,120.6039862,30.5,AVAILABLE,,
729,729,M-UAV-02,M600,31.3062683,120.6025389,30.5,CONTINGENCY,,
730,730,EVTOL-01,EC35,31.2947716,120.5990818,199.9,BUSY,M-P-001,V1
730,730,L-UAV-01,AMZN,31.3034284,120.5995922,100.0,BUSY,M-L-001,V2
730,730,M-UAV-01,M600,31.3108767,120.6039862,30.5,AVAILABLE,,
730,730,M-UAV-02,M600,31.3062683,120.6025389,30.5,CONTINGENCY,,
731,731,EVTOL-01,EC35,31.2947579,120.5995065,199.9,BUSY,M-P-001,V1
731,731,L-UAV-01,AMZN,31.3033092,120.5995168,100.0,BUSY,M-L-001,V2
731,731,M-UAV-01,M600,31.3108767,120.6039862,30.5,AVAILABLE,,
731,731,M-UAV-02,M600,31.3062683,120.6025389,30.5,CONTINGENCY,,
732,732,EVTOL-01,EC35,31.2947853,120.5999303,199.9,BUSY,M-P-001,V1
732,732,L-UAV-01,AMZN,31.3031899,120.5994413,100.0,BUSY,M-L-001,V2
732,732,M-UAV-01,M600,31.3108767,120.6039862,30.5,AVAILABLE,,
732,732,M-UAV-02,M600,31.3062683,120.6025389,30.5,CONTINGENCY,,
733,733,EVTOL-01,EC35,31.2948534,120.6003478,199.9,BUSY,M-P-001,V1
733,733,L-UAV-01,AMZN,31.3030707,120.5993658,100.0,BUSY,M-L-001,V2
733,733,M-UAV-01,M600,31.3108767,120.6039862,30.5,AVAILABLE,,
733,733,M-UAV-02,M600,31.3062683,120.6025389,30.5,CONTINGENCY,,
734,734,EVTOL-01,EC35,31.2949614,120.6007536,199.9,BUSY,M-P-001,V1
734,734,L-UAV-01,AMZN,31.3029515,120.5992904,100.0,BUSY,M-L-001,V2
734,734,M-UAV-01,M600,31.3108767,120.6039862,30.5,AVAILABLE,,
734,734,M-UAV-02,M600,31.3062683,120.6025389,30.5,CONTINGENCY,,
735,735,EVTOL-01,EC35,31.2951079,120.6011425,199.9,BUSY,M-P-001,V1
735,735,L-UAV-01,AMZN,31.3028323,120.5992149,100.0,BUSY,M-L-001,V2
735,735,M-UAV-01,M600,31.3108767,120.6039862,30.5,AVAILABLE,,
735,735,M-UAV-02,M600,31.3062683,120.6025389,30.5,CONTINGENCY,,
736,736,EVTOL-01,EC35,31.2952911,120.6015096,199.9,BUSY,M-P-001,V1
736,736,L-UAV-01,AMZN,31.3027130,120.5991394,100.0,BUSY,M-L-001,V2
736,736,M-UAV-01,M600,31.3108767,120.6039862,30.5,AVAILABLE,,
736,736,M-UAV-02,M600,31.3062683,120.6025389,30.5,CONTINGENCY,,
737,737,EVTOL-01,EC35,31.2955084,120.6018501,199.9,BUSY,M-P-001,V1
737,737,L-UAV-01,AMZN,31.3025938,120.5990640,100.0,BUSY,M-L-001,V2
737,737,M-UAV-01,M600,31.3108767,120.6039862,30.5,AVAILABLE,,
737,737,M-UAV-02,M600,31.3062683,120.6025389,30.5,CONTINGENCY,,
738,738,EVTOL-01,EC35,31.2957573,120.6021597,199.9,BUSY,M-P-001,V1
738,738,L-UAV-01,AMZN,31.3024746,120.5989885,100.0,BUSY,M-L-001,V2
738,738,M-UAV-01,M600,31.3108767,120.6039862,30.5,AVAILABLE,,
738,738,M-UAV-02,M600,31.3062683,120.6025389,30.5,CONTINGENCY,,
739,739,EVTOL-01,EC35,31.2960344,120.6024344,199.9,BUSY,M-P-001,V1
739,739,L-UAV-01,AMZN,31.3023553,120.5989131,100.0,BUSY,M-L-001,V2
739,739,M-UAV-01,M600,31.3108767,120.6039862,30.5,AVAILABLE,,
739,739,M-UAV-02,M600,31.3062683,120.6025389,30.5,CONTINGENCY,,
740,740,EVTOL-01,EC35,31.2963363,120.6026706,199.9,BUSY,M-P-001,V1
740,740,L-UAV-01,AMZN,31.3022361,120.5988376,100.0,BUSY,M-L-001,V2
740,740,M-UAV-01,M600,31.3108767,120.6039862,30.5,AVAILABLE,,
740,740,M-UAV-02,M600,31.3062683,120.6025389,30.5,CONTINGENCY,,
741,741,EVTOL-01,EC35,31.2966591,120.6028655,199.9,BUSY,M-P-001,V1
741,741,L-UAV-01,AMZN,31.3021169,120.5987621,100.0,BUSY,M-L-001,V2
741,741,M-UAV-01,M600,31.3108767,120.6039862,30.5,AVAILABLE,,
741,741,M-UAV-02,M600,31.3062683,120.6025389,30.5,CONTINGENCY,,
742,742,EVTOL-01,EC35,31.2969987,120.6030164,199.9,BUSY,M-P-001,V1
742,742,L-UAV-01,AMZN,31.3019977,120.5986867,100.0,BUSY,M-L-001,V2
742,742,M-UAV-01,M600,31.3108767,120.6039862,30.5,AVAILABLE,,
742,742,M-UAV-02,M600,31.3062683,120.6025389,30.5,CONTINGENCY,,
743,743,EVTOL-01,EC35,31.2973506,120.6031214,199.9,BUSY,M-P-001,V1
743,743,L-UAV-01,AMZN,31.3018784,120.5986112,100.0,BUSY,M-L-001,V2
743,743,M-UAV-01,M600,31.3108767,120.6039862,30.5,AVAILABLE,,
743,743,M-UAV-02,M600,31.3062683,120.6025389,30.5,CONTINGENCY,,
744,744,EVTOL-01,EC35,31.2977104,120.6031793,199.9,BUSY,M-P-001,V1
744,744,L-UAV-01,AMZN,31.3017592,120.5985357,100.0,BUSY,M-L-001,V2
744,744,M-UAV-01,M600,31.3108767,120.6039862,30.5,AVAILABLE,,
744,744,M-UAV-02,M600,31.3062683,120.6025389,30.5,CONTINGENCY,,
745,745,EVTOL-01,EC35,31.2980731,120.6032015,199.9,BUSY,M-P-001,V1
745,745,L-UAV-01,AMZN,31.3016400,120.5984603,100.0,BUSY,M-L-001,V2
745,745,M-UAV-01,M600,31.3108767,120.6039862,30.5,AVAILABLE,,
745,745,M-UAV-02,M600,31.3062683,120.6025389,30.5,CONTINGENCY,,
746,746,EVTOL-01,EC35,31.2984358,120.6032237,199.9,BUSY,M-P-001,V1
746,746,L-UAV-01,AMZN,31.3015207,120.5983848,100.0,BUSY,M-L-001,V2
746,746,M-UAV-01,M600,31.3108767,120.6039862,30.5,AVAILABLE,,
746,746,M-UAV-02,M600,31.3062683,120.6025389,30.5,CONTINGENCY,,
747,747,EVTOL-01,EC35,31.2987985,120.6032460,199.9,BUSY,M-P-001,V1
747,747,L-UAV-01,AMZN,31.3014015,120.5983094,100.0,BUSY,M-L-001,V2
747,747,M-UAV-01,M600,31.3108767,120.6039862,30.5,AVAILABLE,,
747,747,M-UAV-02,M600,31.3062683,120.6025389,30.5,CONTINGENCY,,
748,748,EVTOL-01,EC35,31.2991612,120.6032682,199.9,BUSY,M-P-001,V1
748,748,L-UAV-01,AMZN,31.3012823,120.5982339,100.0,BUSY,M-L-001,V2
748,748,M-UAV-01,M600,31.3108767,120.6039862,30.5,AVAILABLE,,
748,748,M-UAV-02,M600,31.3062683,120.6025389,30.5,CONTINGENCY,,
749,749,EVTOL-01,EC35,31.2995239,120.6032904,199.9,BUSY,M-P-001,V1
749,749,L-UAV-01,AMZN,31.3011630,120.5981584,100.0,BUSY,M-L-001,V2
749,749,M-UAV-01,M600,31.3108767,120.6039862,30.5,AVAILABLE,,
749,749,M-UAV-02,M600,31.3062683,120.6025389,30.5,CONTINGENCY,,
750,750,EVTOL-01,EC35,31.2998866,120.6033126,199.9,BUSY,M-P-001,V1
750,750,L-UAV-01,AMZN,31.3010438,120.5980830,100.0,BUSY,M-L-001,V2
750,750,M-UAV-01,M600,31.3108767,120.6039862,30.5,AVAILABLE,,
750,750,M-UAV-02,M600,31.3062683,120.6025389,30.5,CONTINGENCY,,
751,751,EVTOL-01,EC35,31.3002492,120.6033349,199.9,BUSY,M-P-001,V1
751,751,L-UAV-01,AMZN,31.3009246,120.5980075,100.0,BUSY,M-L-001,V2
751,751,M-UAV-01,M600,31.3108767,120.6039862,30.5,AVAILABLE,,
751,751,M-UAV-02,M600,31.3062683,120.6025389,30.5,CONTINGENCY,,
752,752,EVTOL-01,EC35,31.3006119,120.6033571,199.9,BUSY,M-P-001,V1
752,752,L-UAV-01,AMZN,31.3008054,120.5979321,100.0,BUSY,M-L-001,V2
752,752,M-UAV-01,M600,31.3108767,120.6039862,30.5,AVAILABLE,,
752,752,M-UAV-02,M600,31.3062683,120.6025389,30.5,CONTINGENCY,,
753,753,EVTOL-01,EC35,31.3009746,120.6033793,199.9,BUSY,M-P-001,V1
753,753,L-UAV-01,AMZN,31.3006861,120.5978566,100.0,BUSY,M-L-001,V2
753,753,M-UAV-01,M600,31.3108767,120.6039862,30.5,AVAILABLE,,
753,753,M-UAV-02,M600,31.3062683,120.6025389,30.5,CONTINGENCY,,
754,754,EVTOL-01,EC35,31.3013373,120.6034015,199.9,BUSY,M-P-001,V1
754,754,L-UAV-01,AMZN,31.3005669,120.5977811,100.0,BUSY,M-L-001,V2
754,754,M-UAV-01,M600,31.3108767,120.6039862,30.5,AVAILABLE,,
754,754,M-UAV-02,M600,31.3062683,120.6025389,30.5,CONTINGENCY,,
755,755,EVTOL-01,EC35,31.3017000,120.6034238,199.9,BUSY,M-P-001,V1
755,755,L-UAV-01,AMZN,31.3004477,120.5977057,100.0,BUSY,M-L-001,V2
755,755,M-UAV-01,M600,31.3108767,120.6039862,30.5,AVAILABLE,,
755,755,M-UAV-02,M600,31.3062683,120.6025389,30.5,CONTINGENCY,,
756,756,EVTOL-01,EC35,31.3020627,120.6034460,199.9,BUSY,M-P-001,V1
756,756,L-UAV-01,AMZN,31.3003284,120.5976302,100.0,BUSY,M-L-001,V2
756,756,M-UAV-01,M600,31.3108767,120.6039862,30.5,AVAILABLE,,
756,756,M-UAV-02,M600,31.3062683,120.6025389,30.5,CONTINGENCY,,
757,757,EVTOL-01,EC35,31.3024254,120.6034682,199.9,BUSY,M-P-001,V1
757,757,L-UAV-01,AMZN,31.3002092,120.5975548,100.0,BUSY,M-L-001,V2
757,757,M-UAV-01,M600,31.3108767,120.6039862,30.5,AVAILABLE,,
757,757,M-UAV-02,M600,31.3062683,120.6025389,30.5,CONTINGENCY,,
758,758,EVTOL-01,EC35,31.3027881,120.6034904,199.9,BUSY,M-P-001,V1
758,758,L-UAV-01,AMZN,31.3000900,120.5974793,100.0,BUSY,M-L-001,V2
758,758,M-UAV-01,M600,31.3108767,120.6039862,30.5,AVAILABLE,,
758,758,M-UAV-02,M600,31.3062683,120.6025389,30.5,CONTINGENCY,,
759,759,EVTOL-01,EC35,31.3031508,120.6035127,199.9,BUSY,M-P-001,V1
759,759,L-UAV-01,AMZN,31.2999707,120.5974038,100.0,BUSY,M-L-001,V2
759,759,M-UAV-01,M600,31.3108767,120.6039862,30.5,AVAILABLE,,
759,759,M-UAV-02,M600,31.3062683,120.6025389,30.5,CONTINGENCY,,
760,760,EVTOL-01,EC35,31.3035135,120.6035349,199.9,BUSY,M-P-001,V1
760,760,L-UAV-01,AMZN,31.2998515,120.5973284,100.0,BUSY,M-L-001,V2
760,760,M-UAV-01,M600,31.3108767,120.6039862,30.5,AVAILABLE,,
760,760,M-UAV-02,M600,31.3062683,120.6025389,30.5,CONTINGENCY,,
761,761,EVTOL-01,EC35,31.3038762,120.6035571,199.9,BUSY,M-P-001,V1
761,761,L-UAV-01,AMZN,31.2997323,120.5972529,100.0,BUSY,M-L-001,V2
761,761,M-UAV-01,M600,31.3108767,120.6039862,30.5,AVAILABLE,,
761,761,M-UAV-02,M600,31.3062683,120.6025389,30.5,CONTINGENCY,,
762,762,EVTOL-01,EC35,31.3042389,120.6035793,199.9,BUSY,M-P-001,V1
762,762,L-UAV-01,AMZN,31.2996131,120.5971775,100.0,BUSY,M-L-001,V2
762,762,M-UAV-01,M600,31.3108767,120.6039862,30.5,AVAILABLE,,
762,762,M-UAV-02,M600,31.3062683,120.6025389,30.5,CONTINGENCY,,
763,763,EVTOL-01,EC35,31.3046016,120.6036016,199.9,BUSY,M-P-001,V1
763,763,L-UAV-01,AMZN,31.2994938,120.5971020,100.0,BUSY,M-L-001,V2
763,763,M-UAV-01,M600,31.3108767,120.6039862,30.5,AVAILABLE,,
763,763,M-UAV-02,M600,31.3062683,120.6025389,30.5,CONTINGENCY,,
764,764,EVTOL-01,EC35,31.3049643,120.6036238,199.9,BUSY,M-P-001,V1
764,764,L-UAV-01,AMZN,31.2993746,120.5970265,100.0,BUSY,M-L-001,V2
764,764,M-UAV-01,M600,31.3108767,120.6039862,30.5,AVAILABLE,,
764,764,M-UAV-02,M600,31.3062683,120.6025389,30.5,CONTINGENCY,,
765,765,EVTOL-01,EC35,31.3053270,120.6036460,199.9,BUSY,M-P-001,V1
765,765,L-UAV-01,AMZN,31.2992554,120.5969511,100.0,BUSY,M-L-001,V2
765,765,M-UAV-01,M600,31.3108767,120.6039862,30.5,AVAILABLE,,
765,765,M-UAV-02,M600,31.3062683,120.6025389,30.5,CONTINGENCY,,
766,766,EVTOL-01,EC35,31.3056896,120.6036682,199.9,BUSY,M-P-001,V1
766,766,L-UAV-01,AMZN,31.2991361,120.5968756,100.0,BUSY,M-L-001,V2
766,766,M-UAV-01,M600,31.3108767,120.6039862,30.5,AVAILABLE,,
766,766,M-UAV-02,M600,31.3062683,120.6025389,30.5,CONTINGENCY,,
767,767,EVTOL-01,EC35,31.3060523,120.6036905,199.9,BUSY,M-P-001,V1
767,767,L-UAV-01,AMZN,31.2990169,120.5968002,100.0,BUSY,M-L-001,V2
767,767,M-UAV-01,M600,31.3108767,120.6039862,30.5,AVAILABLE,,
767,767,M-UAV-02,M600,31.3062683,120.6025389,30.5,CONTINGENCY,,
768,768,EVTOL-01,EC35,31.3064150,120.6037127,199.9,BUSY,M-P-001,V1
768,768,L-UAV-01,AMZN,31.2988977,120.5967247,100.0,BUSY,M-L-001,V2
768,768,M-UAV-01,M600,31.3108767,120.6039862,30.5,AVAILABLE,,
768,768,M-UAV-02,M600,31.3062683,120.6025389,30.5,CONTINGENCY,,
769,769,EVTOL-01,EC35,31.3067777,120.6037349,199.9,BUSY,M-P-001,V1
769,769,L-UAV-01,AMZN,31.2987784,120.5966493,100.0,BUSY,M-L-001,V2
769,769,M-UAV-01,M600,31.3108767,120.6039862,30.5,AVAILABLE,,
769,769,M-UAV-02,M600,31.3062683,120.6025389,30.5,CONTINGENCY,,
770,770,EVTOL-01,EC35,31.3071404,120.6037572,199.9,BUSY,M-P-001,V1
770,770,L-UAV-01,AMZN,31.2986592,120.5965738,100.0,BUSY,M-L-001,V2
770,770,M-UAV-01,M600,31.3108767,120.6039862,30.5,AVAILABLE,,
770,770,M-UAV-02,M600,31.3062683,120.6025389,30.5,CONTINGENCY,,
771,771,EVTOL-01,EC35,31.3075031,120.6037794,199.9,BUSY,M-P-001,V1
771,771,L-UAV-01,AMZN,31.2985400,120.5964983,100.0,BUSY,M-L-001,V2
771,771,M-UAV-01,M600,31.3108767,120.6039862,30.5,AVAILABLE,,
771,771,M-UAV-02,M600,31.3062683,120.6025389,30.5,CONTINGENCY,,
772,772,EVTOL-01,EC35,31.3078658,120.6038016,199.9,BUSY,M-P-001,V1
772,772,L-UAV-01,AMZN,31.2984208,120.5964229,100.0,BUSY,M-L-001,V2
772,772,M-UAV-01,M600,31.3108767,120.6039862,30.5,AVAILABLE,,
772,772,M-UAV-02,M600,31.3062683,120.6025389,30.5,CONTINGENCY,,
773,773,EVTOL-01,EC35,31.3082285,120.6038238,199.9,BUSY,M-P-001,V1
773,773,L-UAV-01,AMZN,31.2983015,120.5963474,100.0,BUSY,M-L-001,V2
773,773,M-UAV-01,M600,31.3108767,120.6039862,30.5,AVAILABLE,,
773,773,M-UAV-02,M600,31.3062683,120.6025389,30.5,CONTINGENCY,,
774,774,EVTOL-01,EC35,31.3085912,120.6038461,199.9,BUSY,M-P-001,V1
774,774,L-UAV-01,AMZN,31.2981823,120.5962720,100.0,BUSY,M-L-001,V2
774,774,M-UAV-01,M600,31.3108767,120.6039862,30.5,AVAILABLE,,
774,774,M-UAV-02,M600,31.3062683,120.6025389,30.5,CONTINGENCY,,
775,775,EVTOL-01,EC35,31.3089539,120.6038683,199.9,BUSY,M-P-001,V1
775,775,L-UAV-01,AMZN,31.2980631,120.5961965,100.0,BUSY,M-L-001,V2
775,775,M-UAV-01,M600,31.3108767,120.6039862,30.5,AVAILABLE,,
775,775,M-UAV-02,M600,31.3062683,120.6025389,30.5,CONTINGENCY,,
776,776,EVTOL-01,EC35,31.3093166,120.6038905,199.9,BUSY,M-P-001,V1
776,776,L-UAV-01,AMZN,31.2979438,120.5961211,100.0,BUSY,M-L-001,V3
776,776,M-UAV-01,M600,31.3108767,120.6039862,30.5,AVAILABLE,,
776,776,M-UAV-02,M600,31.3062683,120.6025389,30.5,CONTINGENCY,,
777,777,EVTOL-01,EC35,31.3096793,120.6039128,199.9,BUSY,M-P-001,V1
777,777,L-UAV-01,AMZN,31.2978108,120.5960907,100.0,BUSY,M-L-001,V3
777,777,M-UAV-01,M600,31.3108767,120.6039862,30.5,AVAILABLE,,
777,777,M-UAV-02,M600,31.3062683,120.6025389,30.5,CONTINGENCY,,
778,778,EVTOL-01,EC35,31.3100420,120.6039350,199.9,BUSY,M-P-001,V2
778,778,L-UAV-01,AMZN,31.2976761,120.5961083,100.0,BUSY,M-L-001,V3
778,778,M-UAV-01,M600,31.3108767,120.6039862,30.5,AVAILABLE,,
778,778,M-UAV-02,M600,31.3062683,120.6025389,30.5,CONTINGENCY,,
779,779,EVTOL-01,EC35,31.3104045,120.6039091,199.9,BUSY,M-P-001,V2
779,779,L-UAV-01,AMZN,31.2975520,120.5961722,100.0,BUSY,M-L-001,V3
779,779,M-UAV-01,M600,31.3108767,120.6039862,30.5,AVAILABLE,,
779,779,M-UAV-02,M600,31.3062683,120.6025389,30.5,CONTINGENCY,,
780,780,EVTOL-01,EC35,31.3107622,120.6038355,199.9,BUSY,M-P-001,V2
780,780,L-UAV-01,AMZN,31.2974499,120.5962766,100.0,BUSY,M-L-001,V3
780,780,M-UAV-01,M600,31.3108767,120.6039862,30.5,AVAILABLE,,
780,780,M-UAV-02,M600,31.3062683,120.6025389,30.5,CONTINGENCY,,
781,781,EVTOL-01,EC35,31.3111105,120.6037150,199.9,BUSY,M-P-001,V2
781,781,L-UAV-01,AMZN,31.2973791,120.5964118,100.0,BUSY,M-L-001,V3
781,781,M-UAV-01,M600,31.3108767,120.6039862,30.5,AVAILABLE,,
781,781,M-UAV-02,M600,31.3062683,120.6025389,30.5,CONTINGENCY,,
782,782,EVTOL-01,EC35,31.3114449,120.6035492,199.9,BUSY,M-P-001,V2
782,782,L-UAV-01,AMZN,31.2973461,120.5965657,100.0,BUSY,M-L-001,V3
782,782,M-UAV-01,M600,31.3108767,120.6039862,30.5,AVAILABLE,,
782,782,M-UAV-02,M600,31.3062683,120.6025389,30.5,CONTINGENCY,,
783,783,EVTOL-01,EC35,31.3117612,120.6033402,199.9,BUSY,M-P-001,V2
783,783,L-UAV-01,AMZN,31.2973539,120.5967241,100.0,BUSY,M-L-001,V3
783,783,M-UAV-01,M600,31.3108767,120.6039862,30.5,AVAILABLE,,
783,783,M-UAV-02,M600,31.3062683,120.6025389,30.5,CONTINGENCY,,
784,784,EVTOL-01,EC35,31.3120553,120.6030908,199.9,BUSY,M-P-001,V2
784,784,L-UAV-01,AMZN,31.2974017,120.5968725,100.0,BUSY,M-L-001,V3
784,784,M-UAV-01,M600,31.3108767,120.6039862,30.5,AVAILABLE,,
784,784,M-UAV-02,M600,31.3062683,120.6025389,30.5,CONTINGENCY,,
785,785,EVTOL-01,EC35,31.3123234,120.6028040,199.9,BUSY,M-P-001,V2
785,785,L-UAV-01,AMZN,31.2974852,120.5969974,100.0,BUSY,M-L-001,V3
785,785,M-UAV-01,M600,31.3108767,120.6039862,30.5,AVAILABLE,,
785,785,M-UAV-02,M600,31.3062683,120.6025389,30.5,CONTINGENCY,,
786,786,EVTOL-01,EC35,31.3125621,120.6024837,199.9,BUSY,M-P-001,V2
786,786,L-UAV-01,AMZN,31.2975969,120.5970874,100.0,BUSY,M-L-001,V3
786,786,M-UAV-01,M600,31.3108767,120.6039862,30.5,AVAILABLE,,
786,786,M-UAV-02,M600,31.3062683,120.6025389,30.5,CONTINGENCY,,
787,787,EVTOL-01,EC35,31.3127684,120.6021338,199.9,BUSY,M-P-001,V2
787,787,L-UAV-01,AMZN,31.2977161,120.5971629,100.0,BUSY,M-L-001,V3
787,787,M-UAV-01,M600,31.3108767,120.6039862,30.5,AVAILABLE,,
787,787,M-UAV-02,M600,31.3062683,120.6025389,30.5,CONTINGENCY,,
788,788,EVTOL-01,EC35,31.3129396,120.6017588,199.9,BUSY,M-P-001,V2
788,788,L-UAV-01,AMZN,31.2978353,120.5972383,100.0,BUSY,M-L-001,V3
788,788,M-UAV-01,M600,31.3108767,120.6039862,30.5,AVAILABLE,,
788,788,M-UAV-02,M600,31.3062683,120.6025389,30.5,CONTINGENCY,,
789,789,EVTOL-01,EC35,31.3130735,120.6013637,199.9,BUSY,M-P-001,V2
789,789,L-UAV-01,AMZN,31.2979545,120.5973138,100.0,BUSY,M-L-001,V3
789,789,M-UAV-01,M600,31.3108767,120.6039862,30.5,AVAILABLE,,
789,789,M-UAV-02,M600,31.3062683,120.6025389,30.5,CONTINGENCY,,
790,790,EVTOL-01,EC35,31.3131684,120.6009533,199.9,BUSY,M-P-001,V2
790,790,L-UAV-01,AMZN,31.2980738,120.5973892,100.0,BUSY,M-L-001,V3
790,790,M-UAV-01,M600,31.3108767,120.6039862,30.5,AVAILABLE,,
790,790,M-UAV-02,M600,31.3062683,120.6025389,30.5,CONTINGENCY,,
791,791,EVTOL-01,EC35,31.3132230,120.6005330,199.9,BUSY,M-P-001,V2
791,791,L-UAV-01,AMZN,31.2981930,120.5974647,100.0,BUSY,M-L-001,V3
791,791,M-UAV-01,M600,31.3108767,120.6039862,30.5,AVAILABLE,,
791,791,M-UAV-02,M600,31.3062683,120.6025389,30.5,CONTINGENCY,,
792,792,EVTOL-01,EC35,31.3132368,120.6001082,199.9,BUSY,M-P-001,V2
792,792,L-UAV-01,AMZN,31.2983122,120.5975401,100.0,BUSY,M-L-001,V3
792,792,M-UAV-01,M600,31.3108767,120.6039862,30.5,AVAILABLE,,
792,792,M-UAV-02,M600,31.3062683,120.6025389,30.5,CONTINGENCY,,
793,793,EVTOL-01,EC35,31.3132094,120.5996843,199.9,BUSY,M-P-001,V2
793,793,L-UAV-01,AMZN,31.2984315,120.5976156,100.0,BUSY,M-L-001,V3
793,793,M-UAV-01,M600,31.3108767,120.6039862,30.5,AVAILABLE,,
793,793,M-UAV-02,M600,31.3062683,120.6025389,30.5,CONTINGENCY,,
794,794,EVTOL-01,EC35,31.3131413,120.5992668,199.9,BUSY,M-P-001,V2
794,794,L-UAV-01,AMZN,31.2985507,120.5976911,100.0,BUSY,M-L-001,V3
794,794,M-UAV-01,M600,31.3108767,120.6039862,30.5,AVAILABLE,,
794,794,M-UAV-02,M600,31.3062683,120.6025389,30.5,CONTINGENCY,,
795,795,EVTOL-01,EC35,31.3130333,120.5988609,199.9,BUSY,M-P-001,V2
795,795,L-UAV-01,AMZN,31.2986699,120.5977665,100.0,BUSY,M-L-001,V3
795,795,M-UAV-01,M600,31.3108767,120.6039862,30.5,AVAILABLE,,
795,795,M-UAV-02,M600,31.3062683,120.6025389,30.5,CONTINGENCY,,
796,796,EVTOL-01,EC35,31.3128869,120.5984719,199.9,BUSY,M-P-001,V2
796,796,L-UAV-01,AMZN,31.2987892,120.5978420,100.0,BUSY,M-L-001,V3
796,796,M-UAV-01,M600,31.3108767,120.6039862,30.5,AVAILABLE,,
796,796,M-UAV-02,M600,31.3062683,120.6025389,30.5,CONTINGENCY,,
797,797,EVTOL-01,EC35,31.3127038,120.5981047,199.9,BUSY,M-P-001,V2
797,797,L-UAV-01,AMZN,31.2989084,120.5979174,100.0,BUSY,M-L-001,V3
797,797,M-UAV-01,M600,31.3108767,120.6039862,30.5,AVAILABLE,,
797,797,M-UAV-02,M600,31.3062683,120.6025389,30.5,CONTINGENCY,,
798,798,EVTOL-01,EC35,31.3124865,120.5977641,199.9,BUSY,M-P-001,V2
798,798,L-UAV-01,AMZN,31.2990276,120.5979929,100.0,BUSY,M-L-001,V3
798,798,M-UAV-01,M600,31.3108767,120.6039862,30.5,AVAILABLE,,
798,798,M-UAV-02,M600,31.3062683,120.6025389,30.5,CONTINGENCY,,
799,799,EVTOL-01,EC35,31.3122376,120.5974545,199.9,BUSY,M-P-001,V2
799,799,L-UAV-01,AMZN,31.2991468,120.5980684,100.0,BUSY,M-L-001,V3
799,799,M-UAV-01,M600,31.3108767,120.6039862,30.5,AVAILABLE,,
799,799,M-UAV-02,M600,31.3062683,120.6025389,30.5,CONTINGENCY,,
800,800,EVTOL-01,EC35,31.3119605,120.5971797,199.9,BUSY,M-P-001,V2
800,800,L-UAV-01,AMZN,31.2992661,120.5981438,100.0,BUSY,M-L-001,V3
800,800,M-UAV-01,M600,31.3108767,120.6039862,30.5,AVAILABLE,,
800,800,M-UAV-02,M600,31.3062683,120.6025389,30.5,CONTINGENCY,,
801,801,EVTOL-01,EC35,31.3116586,120.5969433,199.9,BUSY,M-P-001,V2
801,801,L-UAV-01,AMZN,31.2993853,120.5982193,100.0,BUSY,M-L-001,V3
801,801,M-UAV-01,M600,31.3108767,120.6039862,30.5,AVAILABLE,,
801,801,M-UAV-02,M600,31.3062683,120.6025389,30.5,CONTINGENCY,,
802,802,EVTOL-01,EC35,31.3113358,120.5967484,199.9,BUSY,M-P-001,V2
802,802,L-UAV-01,AMZN,31.2995045,120.5982947,100.0,BUSY,M-L-001,V3
802,802,M-UAV-01,M600,31.3108767,120.6039862,30.5,AVAILABLE,,
802,802,M-UAV-02,M600,31.3062683,120.6025389,30.5,CONTINGENCY,,
803,803,EVTOL-01,EC35,31.3109963,120.5965975,199.9,BUSY,M-P-001,V2
803,803,L-UAV-01,AMZN,31.2996238,120.5983702,100.0,BUSY,M-L-001,V3
803,803,M-UAV-01,M600,31.3108767,120.6039862,30.5,AVAILABLE,,
803,803,M-UAV-02,M600,31.3062683,120.6025389,30.5,CONTINGENCY,,
804,804,EVTOL-01,EC35,31.3106444,120.5964924,199.9,BUSY,M-P-001,V2
804,804,L-UAV-01,AMZN,31.2997430,120.5984456,100.0,BUSY,M-L-001,V3
804,804,M-UAV-01,M600,31.3108767,120.6039862,30.5,AVAILABLE,,
804,804,M-UAV-02,M600,31.3062683,120.6025389,30.5,CONTINGENCY,,
805,805,EVTOL-01,EC35,31.3102846,120.5964345,199.9,BUSY,M-P-001,V2
805,805,L-UAV-01,AMZN,31.2998622,120.5985211,100.0,BUSY,M-L-001,V3
805,805,M-UAV-01,M600,31.3108767,120.6039862,30.5,AVAILABLE,,
805,805,M-UAV-02,M600,31.3062683,120.6025389,30.5,CONTINGENCY,,
806,806,EVTOL-01,EC35,31.3099219,120.5964123,199.9,BUSY,M-P-001,V2
806,806,L-UAV-01,AMZN,31.2999814,120.5985966,100.0,BUSY,M-L-001,V3
806,806,M-UAV-01,M600,31.3108767,120.6039862,30.5,AVAILABLE,,
806,806,M-UAV-02,M600,31.3062683,120.6025389,30.5,CONTINGENCY,,
807,807,EVTOL-01,EC35,31.3095592,120.5963901,199.9,BUSY,M-P-001,V2
807,807,L-UAV-01,AMZN,31.3001007,120.5986720,100.0,BUSY,M-L-001,V3
807,807,M-UAV-01,M600,31.3108767,120.6039862,30.5,AVAILABLE,,
807,807,M-UAV-02,M600,31.3062683,120.6025389,30.5,CONTINGENCY,,
808,808,EVTOL-01,EC35,31.3091965,120.5963679,199.9,BUSY,M-P-001,V2
808,808,L-UAV-01,AMZN,31.3002199,120.5987475,100.0,BUSY,M-L-001,V3
808,808,M-UAV-01,M600,31.3108767,120.6039862,30.5,AVAILABLE,,
808,808,M-UAV-02,M600,31.3062683,120.6025389,30.5,CONTINGENCY,,
809,809,EVTOL-01,EC35,31.3088338,120.5963457,199.9,BUSY,M-P-001,V2
809,809,L-UAV-01,AMZN,31.3003391,120.5988230,100.0,BUSY,M-L-001,V3
809,809,M-UAV-01,M600,31.3108767,120.6039862,30.5,AVAILABLE,,
809,809,M-UAV-02,M600,31.3062683,120.6025389,30.5,CONTINGENCY,,
810,810,EVTOL-01,EC35,31.3084711,120.5963235,199.9,BUSY,M-P-001,V2
810,810,L-UAV-01,AMZN,31.3004584,120.5988984,100.0,BUSY,M-L-001,V3
810,810,M-UAV-01,M600,31.3108767,120.6039862,30.5,AVAILABLE,,
810,810,M-UAV-02,M600,31.3062683,120.6025389,30.5,CONTINGENCY,,
811,811,EVTOL-01,EC35,31.3081084,120.5963013,199.9,BUSY,M-P-001,V2
811,811,L-UAV-01,AMZN,31.3005776,120.5989739,100.0,BUSY,M-L-001,V3
811,811,M-UAV-01,M600,31.3108767,120.6039862,30.5,AVAILABLE,,
811,811,M-UAV-02,M600,31.3062683,120.6025389,30.5,CONTINGENCY,,
812,812,EVTOL-01,EC35,31.3077457,120.5962791,199.9,BUSY,M-P-001,V2
812,812,L-UAV-01,AMZN,31.3006968,120.5990493,100.0,BUSY,M-L-001,V3
812,812,M-UAV-01,M600,31.3108767,120.6039862,30.5,AVAILABLE,,
812,812,M-UAV-02,M600,31.3062683,120.6025389,30.5,CONTINGENCY,,
813,813,EVTOL-01,EC35,31.3073831,120.5962569,199.9,BUSY,M-P-001,V2
813,813,L-UAV-01,AMZN,31.3008161,120.5991248,100.0,BUSY,M-L-001,V3
813,813,M-UAV-01,M600,31.3108767,120.6039862,30.5,AVAILABLE,,
813,813,M-UAV-02,M600,31.3062683,120.6025389,30.5,CONTINGENCY,,
814,814,EVTOL-01,EC35,31.3070204,120.5962348,199.9,BUSY,M-P-001,V2
814,814,L-UAV-01,AMZN,31.3009353,120.5992003,100.0,BUSY,M-L-001,V3
814,814,M-UAV-01,M600,31.3108767,120.6039862,30.5,AVAILABLE,,
814,814,M-UAV-02,M600,31.3062683,120.6025389,30.5,CONTINGENCY,,
815,815,EVTOL-01,EC35,31.3066577,120.5962126,199.9,BUSY,M-P-001,V2
815,815,L-UAV-01,AMZN,31.3010545,120.5992757,100.0,BUSY,M-L-001,V3
815,815,M-UAV-01,M600,31.3108767,120.6039862,30.5,AVAILABLE,,
815,815,M-UAV-02,M600,31.3062683,120.6025389,30.5,CONTINGENCY,,
816,816,EVTOL-01,EC35,31.3062950,120.5961904,199.9,BUSY,M-P-001,V2
816,816,L-UAV-01,AMZN,31.3011737,120.5993512,100.0,BUSY,M-L-001,V3
816,816,M-UAV-01,M600,31.3108767,120.6039862,30.5,AVAILABLE,,
816,816,M-UAV-02,M600,31.3062683,120.6025389,30.5,CONTINGENCY,,
817,817,EVTOL-01,EC35,31.3059323,120.5961682,199.9,BUSY,M-P-001,V2
817,817,L-UAV-01,AMZN,31.3012930,120.5994266,100.0,BUSY,M-L-001,V3
817,817,M-UAV-01,M600,31.3108767,120.6039862,30.5,AVAILABLE,,
817,817,M-UAV-02,M600,31.3062683,120.6025389,30.5,CONTINGENCY,,
818,818,EVTOL-01,EC35,31.3055696,120.5961460,199.9,BUSY,M-P-001,V2
818,818,L-UAV-01,AMZN,31.3014122,120.5995021,100.0,BUSY,M-L-001,V3
818,818,M-UAV-01,M600,31.3108767,120.6039862,30.5,AVAILABLE,,
818,818,M-UAV-02,M600,31.3062683,120.6025389,30.5,CONTINGENCY,,
819,819,EVTOL-01,EC35,31.3052069,120.5961238,199.9,BUSY,M-P-001,V2
819,819,L-UAV-01,AMZN,31.3015314,120.5995776,100.0,BUSY,M-L-001,V3
819,819,M-UAV-01,M600,31.3108767,120.6039862,30.5,AVAILABLE,,
819,819,M-UAV-02,M600,31.3062683,120.6025389,30.5,CONTINGENCY,,
820,820,EVTOL-01,EC35,31.3048442,120.5961016,199.9,BUSY,M-P-001,V2
820,820,L-UAV-01,AMZN,31.3016507,120.5996530,100.0,BUSY,M-L-001,V3
820,820,M-UAV-01,M600,31.3108767,120.6039862,30.5,AVAILABLE,,
820,820,M-UAV-02,M600,31.3062683,120.6025389,30.5,CONTINGENCY,,
821,821,EVTOL-01,EC35,31.3044815,120.5960795,199.9,BUSY,M-P-001,V2
821,821,L-UAV-01,AMZN,31.3017699,120.5997285,100.0,BUSY,M-L-001,V3
821,821,M-UAV-01,M600,31.3108767,120.6039862,30.5,AVAILABLE,,
821,821,M-UAV-02,M600,31.3062683,120.6025389,30.5,CONTINGENCY,,
822,822,EVTOL-01,EC35,31.3041188,120.5960573,199.9,BUSY,M-P-001,V2
822,822,L-UAV-01,AMZN,31.3018891,120.5998040,100.0,BUSY,M-L-001,V3
822,822,M-UAV-01,M600,31.3108767,120.6039862,30.5,AVAILABLE,,
822,822,M-UAV-02,M600,31.3062683,120.6025389,30.5,CONTINGENCY,,
823,823,EVTOL-01,EC35,31.3037561,120.5960351,199.9,BUSY,M-P-001,V2
823,823,L-UAV-01,AMZN,31.3020083,120.5998794,100.0,BUSY,M-L-001,V3
823,823,M-UAV-01,M600,31.3108767,120.6039862,30.5,AVAILABLE,,
823,823,M-UAV-02,M600,31.3062683,120.6025389,30.5,CONTINGENCY,,
824,824,EVTOL-01,EC35,31.3033934,120.5960129,199.9,BUSY,M-P-001,V2
824,824,L-UAV-01,AMZN,31.3021276,120.5999549,100.0,BUSY,M-L-001,V3
824,824,M-UAV-01,M600,31.3108767,120.6039862,30.5,AVAILABLE,,
824,824,M-UAV-02,M600,31.3062683,120.6025389,30.5,CONTINGENCY,,
825,825,EVTOL-01,EC35,31.3030307,120.5959907,199.9,BUSY,M-P-001,V2
825,825,L-UAV-01,AMZN,31.3022468,120.6000304,100.0,BUSY,M-L-001,V3
825,825,M-UAV-01,M600,31.3108767,120.6039862,30.5,AVAILABLE,,
825,825,M-UAV-02,M600,31.3062683,120.6025389,30.5,CONTINGENCY,,
826,826,EVTOL-01,EC35,31.3026680,120.5959685,199.9,BUSY,M-P-001,V2
826,826,L-UAV-01,AMZN,31.3023660,120.6001058,100.0,BUSY,M-L-001,V3
826,826,M-UAV-01,M600,31.3108767,120.6039862,30.5,AVAILABLE,,
826,826,M-UAV-02,M600,31.3062683,120.6025389,30.5,CONTINGENCY,,
827,827,EVTOL-01,EC35,31.3023053,120.5959463,199.9,BUSY,M-P-001,V2
827,827,L-UAV-01,AMZN,31.3024853,120.6001813,100.0,BUSY,M-L-001,V3
827,827,M-UAV-01,M600,31.3108767,120.6039862,30.5,AVAILABLE,,
827,827,M-UAV-02,M600,31.3062683,120.6025389,30.5,CONTINGENCY,,
828,828,EVTOL-01,EC35,31.3019426,120.5959241,199.9,BUSY,M-P-001,V2
828,828,L-UAV-01,AMZN,31.3026045,120.6002567,100.0,BUSY,M-L-001,V3
828,828,M-UAV-01,M600,31.3108767,120.6039862,30.5,AVAILABLE,,
828,828,M-UAV-02,M600,31.3062683,120.6025389,30.5,CONTINGENCY,,
829,829,EVTOL-01,EC35,31.3015799,120.5959020,199.9,BUSY,M-P-001,V2
829,829,L-UAV-01,AMZN,31.3027237,120.6003322,100.0,BUSY,M-L-001,V3
829,829,M-UAV-01,M600,31.3108767,120.6039862,30.5,AVAILABLE,,
829,829,M-UAV-02,M600,31.3062683,120.6025389,30.5,CONTINGENCY,,
830,830,EVTOL-01,EC35,31.3012172,120.5958798,199.9,BUSY,M-P-001,V2
830,830,L-UAV-01,AMZN,31.3028429,120.6004077,100.0,BUSY,M-L-001,V3
830,830,M-UAV-01,M600,31.3108767,120.6039862,30.5,AVAILABLE,,
830,830,M-UAV-02,M600,31.3062683,120.6025389,30.5,CONTINGENCY,,
831,831,EVTOL-01,EC35,31.3008545,120.5958576,199.9,BUSY,M-P-001,V2
831,831,L-UAV-01,AMZN,31.3029622,120.6004831,100.0,BUSY,M-L-001,V3
831,831,M-UAV-01,M600,31.3108767,120.6039862,30.5,AVAILABLE,,
831,831,M-UAV-02,M600,31.3062683,120.6025389,30.5,CONTINGENCY,,
832,832,EVTOL-01,EC35,31.3004918,120.5958354,199.9,BUSY,M-P-001,V2
832,832,L-UAV-01,AMZN,31.3030814,120.6005586,100.0,BUSY,M-L-001,V3
832,832,M-UAV-01,M600,31.3108767,120.6039862,30.5,AVAILABLE,,
832,832,M-UAV-02,M600,31.3062683,120.6025389,30.5,CONTINGENCY,,
833,833,EVTOL-01,EC35,31.3001291,120.5958132,199.9,BUSY,M-P-001,V2
833,833,L-UAV-01,AMZN,31.3032006,120.6006341,100.0,BUSY,M-L-001,V3
833,833,M-UAV-01,M600,31.3108767,120.6039862,30.5,AVAILABLE,,
833,833,M-UAV-02,M600,31.3062683,120.6025389,30.5,CONTINGENCY,,
834,834,EVTOL-01,EC35,31.2997664,120.5957910,199.9,BUSY,M-P-001,V2
834,834,L-UAV-01,AMZN,31.3033199,120.6007095,100.0,BUSY,M-L-001,V3
834,834,M-UAV-01,M600,31.3108767,120.6039862,30.5,AVAILABLE,,
834,834,M-UAV-02,M600,31.3062683,120.6025389,30.5,CONTINGENCY,,
835,835,EVTOL-01,EC35,31.2994038,120.5957689,199.9,BUSY,M-P-001,V2
835,835,L-UAV-01,AMZN,31.3034391,120.6007850,100.0,BUSY,M-L-001,V3
835,835,M-UAV-01,M600,31.3108767,120.6039862,30.5,AVAILABLE,,
835,835,M-UAV-02,M600,31.3062683,120.6025389,30.5,CONTINGENCY,,
836,836,EVTOL-01,EC35,31.2990411,120.5957467,199.9,BUSY,M-P-001,V2
836,836,L-UAV-01,AMZN,31.3035583,120.6008605,100.0,BUSY,M-L-001,V3
836,836,M-UAV-01,M600,31.3108767,120.6039862,30.5,AVAILABLE,,
836,836,M-UAV-02,M600,31.3062683,120.6025389,30.5,CONTINGENCY,,
837,837,EVTOL-01,EC35,31.2986784,120.5957245,199.9,BUSY,M-P-001,V2
837,837,L-UAV-01,AMZN,31.3036775,120.6009359,100.0,BUSY,M-L-001,V3
837,837,M-UAV-01,M600,31.3108767,120.6039862,30.5,AVAILABLE,,
837,837,M-UAV-02,M600,31.3062683,120.6025389,30.5,CONTINGENCY,,
838,838,EVTOL-01,EC35,31.2983157,120.5957023,199.9,BUSY,M-P-001,V2
838,838,L-UAV-01,AMZN,31.3037968,120.6010114,100.0,BUSY,M-L-001,V3
838,838,M-UAV-01,M600,31.3108767,120.6039862,30.5,AVAILABLE,,
838,838,M-UAV-02,M600,31.3062683,120.6025389,30.5,CONTINGENCY,,
839,839,EVTOL-01,EC35,31.2979530,120.5956801,199.9,BUSY,M-P-001,V1
839,839,L-UAV-01,AMZN,31.3039160,120.6010869,100.0,BUSY,M-L-001,V3
839,839,M-UAV-01,M600,31.3108767,120.6039862,30.5,AVAILABLE,,
839,839,M-UAV-02,M600,31.3062683,120.6025389,30.5,CONTINGENCY,,
840,840,EVTOL-01,EC35,31.2975905,120.5957060,199.9,BUSY,M-P-001,V1
840,840,L-UAV-01,AMZN,31.3040352,120.6011623,100.0,BUSY,M-L-001,V3
840,840,M-UAV-01,M600,31.3108767,120.6039862,30.5,AVAILABLE,,
840,840,M-UAV-02,M600,31.3062683,120.6025389,30.5,CONTINGENCY,,
841,841,EVTOL-01,EC35,31.2972328,120.5957797,199.9,BUSY,M-P-001,V1
841,841,L-UAV-01,AMZN,31.3041545,120.6012378,100.0,BUSY,M-L-001,V3
841,841,M-UAV-01,M600,31.3108767,120.6039862,30.5,AVAILABLE,,
841,841,M-UAV-02,M600,31.3062683,120.6025389,30.5,CONTINGENCY,,
842,842,EVTOL-01,EC35,31.2968845,120.5959002,199.9,BUSY,M-P-001,V1
842,842,L-UAV-01,AMZN,31.3042737,120.6013133,100.0,BUSY,M-L-001,V3
842,842,M-UAV-01,M600,31.3108767,120.6039862,30.5,AVAILABLE,,
842,842,M-UAV-02,M600,31.3062683,120.6025389,30.5,CONTINGENCY,,
843,843,EVTOL-01,EC35,31.2965501,120.5960660,199.9,BUSY,M-P-001,V1
843,843,L-UAV-01,AMZN,31.3043929,120.6013887,100.0,BUSY,M-L-001,V3
843,843,M-UAV-01,M600,31.3108767,120.6039862,30.5,AVAILABLE,,
843,843,M-UAV-02,M600,31.3062683,120.6025389,30.5,CONTINGENCY,,
844,844,EVTOL-01,EC35,31.2962338,120.5962750,199.9,BUSY,M-P-001,V1
844,844,L-UAV-01,AMZN,31.3045121,120.6014642,100.0,BUSY,M-L-001,V3
844,844,M-UAV-01,M600,31.3108767,120.6039862,30.5,AVAILABLE,,
844,844,M-UAV-02,M600,31.3062683,120.6025389,30.5,CONTINGENCY,,
845,845,EVTOL-01,EC35,31.2959397,120.5965244,199.9,BUSY,M-P-001,V1
845,845,L-UAV-01,AMZN,31.3046314,120.6015397,100.0,BUSY,M-L-001,V3
845,845,M-UAV-01,M600,31.3108767,120.6039862,30.5,AVAILABLE,,
845,845,M-UAV-02,M600,31.3062683,120.6025389,30.5,CONTINGENCY,,
846,846,EVTOL-01,EC35,31.2956716,120.5968112,199.9,BUSY,M-P-001,V1
846,846,L-UAV-01,AMZN,31.3047506,120.6016151,100.0,BUSY,M-L-001,V3
846,846,M-UAV-01,M600,31.3108767,120.6039862,30.5,AVAILABLE,,
846,846,M-UAV-02,M600,31.3062683,120.6025389,30.5,CONTINGENCY,,
847,847,EVTOL-01,EC35,31.2954329,120.5971315,199.9,BUSY,M-P-001,V1
847,847,L-UAV-01,AMZN,31.3048698,120.6016906,100.0,BUSY,M-L-001,V3
847,847,M-UAV-01,M600,31.3108767,120.6039862,30.5,AVAILABLE,,
847,847,M-UAV-02,M600,31.3062683,120.6025389,30.5,CONTINGENCY,,
848,848,EVTOL-01,EC35,31.2952267,120.5974814,199.9,BUSY,M-P-001,V1
848,848,L-UAV-01,AMZN,31.3049890,120.6017661,100.0,BUSY,M-L-001,V3
848,848,M-UAV-01,M600,31.3108767,120.6039862,30.5,AVAILABLE,,
848,848,M-UAV-02,M600,31.3062683,120.6025389,30.5,CONTINGENCY,,
849,849,EVTOL-01,EC35,31.2950555,120.5978562,199.9,BUSY,M-P-001,V1
849,849,L-UAV-01,AMZN,31.3051083,120.6018416,100.0,BUSY,M-L-001,V3
849,849,M-UAV-01,M600,31.3108767,120.6039862,30.5,AVAILABLE,,
849,849,M-UAV-02,M600,31.3062683,120.6025389,30.5,CONTINGENCY,,
850,850,EVTOL-01,EC35,31.2949217,120.5982514,199.9,BUSY,M-P-001,V1
850,850,L-UAV-01,AMZN,31.3052275,120.6019170,100.0,BUSY,M-L-001,V3
850,850,M-UAV-01,M600,31.3108767,120.6039862,30.5,AVAILABLE,,
850,850,M-UAV-02,M600,31.3062683,120.6025389,30.5,CONTINGENCY,,
851,851,EVTOL-01,EC35,31.2948268,120.5986616,199.9,BUSY,M-P-001,V1
851,851,L-UAV-01,AMZN,31.3053467,120.6019925,100.0,BUSY,M-L-001,V3
851,851,M-UAV-01,M600,31.3108767,120.6039862,30.5,AVAILABLE,,
851,851,M-UAV-02,M600,31.3062683,120.6025389,30.5,CONTINGENCY,,
852,852,EVTOL-01,EC35,31.2947722,120.5990818,199.9,BUSY,M-P-001,V1
852,852,L-UAV-01,AMZN,31.3054660,120.6020680,100.0,BUSY,M-L-001,V3
852,852,M-UAV-01,M600,31.3108767,120.6039862,30.5,AVAILABLE,,
852,852,M-UAV-02,M600,31.3062683,120.6025389,30.5,CONTINGENCY,,
853,853,EVTOL-01,EC35,31.2947585,120.5995066,199.9,BUSY,M-P-001,V1
853,853,L-UAV-01,AMZN,31.3055852,120.6021434,100.0,BUSY,M-L-001,V3
853,853,M-UAV-01,M600,31.3108767,120.6039862,30.5,AVAILABLE,,
853,853,M-UAV-02,M600,31.3062683,120.6025389,30.5,CONTINGENCY,,
854,854,EVTOL-01,EC35,31.2947859,120.5999304,199.9,BUSY,M-P-001,V1
854,854,L-UAV-01,AMZN,31.3057044,120.6022189,100.0,BUSY,M-L-001,V3
854,854,M-UAV-01,M600,31.3108767,120.6039862,30.5,AVAILABLE,,
854,854,M-UAV-02,M600,31.3062683,120.6025389,30.5,CONTINGENCY,,
855,855,EVTOL-01,EC35,31.2948540,120.6003479,199.9,BUSY,M-P-001,V1
855,855,L-UAV-01,AMZN,31.3058236,120.6022944,100.0,BUSY,M-L-001,V2
855,855,M-UAV-01,M600,31.3108767,120.6039862,30.5,AVAILABLE,,
855,855,M-UAV-02,M600,31.3062683,120.6025389,30.5,CONTINGENCY,,
856,856,EVTOL-01,EC35,31.2949620,120.6007537,199.9,BUSY,M-P-001,V1
856,856,L-UAV-01,AMZN,31.3059567,120.6023247,100.0,BUSY,M-L-001,V2
856,856,M-UAV-01,M600,31.3108767,120.6039862,30.5,AVAILABLE,,
856,856,M-UAV-02,M600,31.3062683,120.6025389,30.5,CONTINGENCY,,
857,857,EVTOL-01,EC35,31.2951085,120.6011426,199.9,BUSY,M-P-001,V1
857,857,L-UAV-01,AMZN,31.3060914,120.6023071,100.0,BUSY,M-L-001,V2
857,857,M-UAV-01,M600,31.3108767,120.6039862,30.5,AVAILABLE,,
857,857,M-UAV-02,M600,31.3062683,120.6025389,30.5,CONTINGENCY,,
858,858,EVTOL-01,EC35,31.2952916,120.6015096,199.9,BUSY,M-P-001,V1
858,858,L-UAV-01,AMZN,31.3062155,120.6022432,100.0,BUSY,M-L-001,V2
858,858,M-UAV-01,M600,31.3108767,120.6039862,30.5,AVAILABLE,,
858,858,M-UAV-02,M600,31.3062683,120.6025389,30.5,CONTINGENCY,,
859,859,EVTOL-01,EC35,31.2955090,120.6018501,199.9,BUSY,M-P-001,V1
859,859,L-UAV-01,AMZN,31.3063176,120.6021389,100.0,BUSY,M-L-001,V2
859,859,M-UAV-01,M600,31.3108767,120.6039862,30.5,AVAILABLE,,
859,859,M-UAV-02,M600,31.3062683,120.6025389,30.5,CONTINGENCY,,
860,860,EVTOL-01,EC35,31.2957579,120.6021597,199.9,BUSY,M-P-001,V1
860,860,L-UAV-01,AMZN,31.3063884,120.6020036,100.0,BUSY,M-L-001,V2
860,860,M-UAV-01,M600,31.3108767,120.6039862,30.5,AVAILABLE,,
860,860,M-UAV-02,M600,31.3062683,120.6025389,30.5,CONTINGENCY,,
861,861,EVTOL-01,EC35,31.2960350,120.6024344,199.9,BUSY,M-P-001,V1
861,861,L-UAV-01,AMZN,31.3064214,120.6018497,100.0,BUSY,M-L-001,V2
861,861,M-UAV-01,M600,31.3108767,120.6039862,30.5,AVAILABLE,,
861,861,M-UAV-02,M600,31.3062683,120.6025389,30.5,CONTINGENCY,,
862,862,EVTOL-01,EC35,31.2963369,120.6026707,199.9,BUSY,M-P-001,V1
862,862,L-UAV-01,AMZN,31.3064136,120.6016914,100.0,BUSY,M-L-001,V2
862,862,M-UAV-01,M600,31.3108767,120.6039862,30.5,AVAILABLE,,
862,862,M-UAV-02,M600,31.3062683,120.6025389,30.5,CONTINGENCY,,
863,863,EVTOL-01,EC35,31.2966597,120.6028655,199.9,BUSY,M-P-001,V1
863,863,L-UAV-01,AMZN,31.3063658,120.6015429,100.0,BUSY,M-L-001,V2
863,863,M-UAV-01,M600,31.3108767,120.6039862,30.5,AVAILABLE,,
863,863,M-UAV-02,M600,31.3062683,120.6025389,30.5,CONTINGENCY,,
864,864,EVTOL-01,EC35,31.2969992,120.6030164,199.9,BUSY,M-P-001,V1
864,864,L-UAV-01,AMZN,31.3062823,120.6014180,100.0,BUSY,M-L-001,V2
864,864,M-UAV-01,M600,31.3108767,120.6039862,30.5,AVAILABLE,,
864,864,M-UAV-02,M600,31.3062683,120.6025389,30.5,CONTINGENCY,,
865,865,EVTOL-01,EC35,31.2973512,120.6031215,199.9,BUSY,M-P-001,V1
865,865,L-UAV-01,AMZN,31.3061707,120.6013280,100.0,BUSY,M-L-001,V2
865,865,M-UAV-01,M600,31.3108767,120.6039862,30.5,AVAILABLE,,
865,865,M-UAV-02,M600,31.3062683,120.6025389,30.5,CONTINGENCY,,
866,866,EVTOL-01,EC35,31.2977110,120.6031793,199.9,BUSY,M-P-001,V1
866,866,L-UAV-01,AMZN,31.3060514,120.6012525,100.0,BUSY,M-L-001,V2
866,866,M-UAV-01,M600,31.3108767,120.6039862,30.5,AVAILABLE,,
866,866,M-UAV-02,M600,31.3062683,120.6025389,30.5,CONTINGENCY,,
867,867,EVTOL-01,EC35,31.2980737,120.6032015,199.9,BUSY,M-P-001,V1
867,867,L-UAV-01,AMZN,31.3059322,120.6011770,100.0,BUSY,M-L-001,V2
867,867,M-UAV-01,M600,31.3108767,120.6039862,30.5,AVAILABLE,,
867,867,M-UAV-02,M600,31.3062683,120.6025389,30.5,CONTINGENCY,,
868,868,EVTOL-01,EC35,31.2984364,120.6032238,199.9,BUSY,M-P-001,V1
868,868,L-UAV-01,AMZN,31.3058130,120.6011016,100.0,BUSY,M-L-001,V2
868,868,M-UAV-01,M600,31.3108767,120.6039862,30.5,AVAILABLE,,
868,868,M-UAV-02,M600,31.3062683,120.6025389,30.5,CONTINGENCY,,
869,869,EVTOL-01,EC35,31.2987991,120.6032460,199.9,BUSY,M-P-001,V1
869,869,L-UAV-01,AMZN,31.3056937,120.6010261,100.0,BUSY,M-L-001,V2
869,869,M-UAV-01,M600,31.3108767,120.6039862,30.5,AVAILABLE,,
869,869,M-UAV-02,M600,31.3062683,120.6025389,30.5,CONTINGENCY,,
870,870,EVTOL-01,EC35,31.2991618,120.6032682,199.9,BUSY,M-P-001,V1
870,870,L-UAV-01,AMZN,31.3055745,120.6009506,100.0,BUSY,M-L-001,V2
870,870,M-UAV-01,M600,31.3108767,120.6039862,30.5,AVAILABLE,,
870,870,M-UAV-02,M600,31.3062683,120.6025389,30.5,CONTINGENCY,,
871,871,EVTOL-01,EC35,31.2995244,120.6032904,199.9,BUSY,M-P-001,V1
871,871,L-UAV-01,AMZN,31.3054553,120.6008752,100.0,BUSY,M-L-001,V2
871,871,M-UAV-01,M600,31.3108767,120.6039862,30.5,AVAILABLE,,
871,871,M-UAV-02,M600,31.3062683,120.6025389,30.5,CONTINGENCY,,
872,872,EVTOL-01,EC35,31.2998871,120.6033127,199.9,BUSY,M-P-001,V1
872,872,L-UAV-01,AMZN,31.3053361,120.6007997,100.0,BUSY,M-L-001,V2
872,872,M-UAV-01,M600,31.3108767,120.6039862,30.5,AVAILABLE,,
872,872,M-UAV-02,M600,31.3062683,120.6025389,30.5,CONTINGENCY,,
873,873,EVTOL-01,EC35,31.3002498,120.6033349,199.9,BUSY,M-P-001,V1
873,873,L-UAV-01,AMZN,31.3052168,120.6007242,100.0,BUSY,M-L-001,V2
873,873,M-UAV-01,M600,31.3108767,120.6039862,30.5,AVAILABLE,,
873,873,M-UAV-02,M600,31.3062683,120.6025389,30.5,CONTINGENCY,,
874,874,EVTOL-01,EC35,31.3006125,120.6033571,199.9,BUSY,M-P-001,V1
874,874,L-UAV-01,AMZN,31.3050976,120.6006488,100.0,BUSY,M-L-001,V2
874,874,M-UAV-01,M600,31.3108767,120.6039862,30.5,AVAILABLE,,
874,874,M-UAV-02,M600,31.3062683,120.6025389,30.5,CONTINGENCY,,
875,875,EVTOL-01,EC35,31.3009752,120.6033793,199.9,BUSY,M-P-001,V1
875,875,L-UAV-01,AMZN,31.3049784,120.6005733,100.0,BUSY,M-L-001,V2
875,875,M-UAV-01,M600,31.3108767,120.6039862,30.5,AVAILABLE,,
875,875,M-UAV-02,M600,31.3062683,120.6025389,30.5,CONTINGENCY,,
876,876,EVTOL-01,EC35,31.3013379,120.6034016,199.9,BUSY,M-P-001,V1
876,876,L-UAV-01,AMZN,31.3048592,120.6004978,100.0,BUSY,M-L-001,V2
876,876,M-UAV-01,M600,31.3108767,120.6039862,30.5,AVAILABLE,,
876,876,M-UAV-02,M600,31.3062683,120.6025389,30.5,CONTINGENCY,,
877,877,EVTOL-01,EC35,31.3017006,120.6034238,199.9,BUSY,M-P-001,V1
877,877,L-UAV-01,AMZN,31.3047399,120.6004224,100.0,BUSY,M-L-001,V2
877,877,M-UAV-01,M600,31.3108767,120.6039862,30.5,AVAILABLE,,
877,877,M-UAV-02,M600,31.3062683,120.6025389,30.5,CONTINGENCY,,
878,878,EVTOL-01,EC35,31.3020633,120.6034460,199.9,BUSY,M-P-001,V1
878,878,L-UAV-01,AMZN,31.3046207,120.6003469,100.0,BUSY,M-L-001,V2
878,878,M-UAV-01,M600,31.3108767,120.6039862,30.5,AVAILABLE,,
878,878,M-UAV-02,M600,31.3062683,120.6025389,30.5,CONTINGENCY,,
879,879,EVTOL-01,EC35,31.3024260,120.6034682,199.9,BUSY,M-P-001,V1
879,879,L-UAV-01,AMZN,31.3045015,120.6002714,100.0,BUSY,M-L-001,V2
879,879,M-UAV-01,M600,31.3108767,120.6039862,30.5,AVAILABLE,,
879,879,M-UAV-02,M600,31.3062683,120.6025389,30.5,CONTINGENCY,,
880,880,EVTOL-01,EC35,31.3027887,120.6034905,199.9,BUSY,M-P-001,V1
880,880,L-UAV-01,AMZN,31.3043822,120.6001960,100.0,BUSY,M-L-001,V2
880,880,M-UAV-01,M600,31.3108767,120.6039862,30.5,AVAILABLE,,
880,880,M-UAV-02,M600,31.3062683,120.6025389,30.5,CONTINGENCY,,
881,881,EVTOL-01,EC35,31.3031514,120.6035127,199.9,BUSY,M-P-001,V1
881,881,L-UAV-01,AMZN,31.3042630,120.6001205,100.0,BUSY,M-L-001,V2
881,881,M-UAV-01,M600,31.3108767,120.6039862,30.5,AVAILABLE,,
881,881,M-UAV-02,M600,31.3062683,120.6025389,30.5,CONTINGENCY,,
882,882,EVTOL-01,EC35,31.3035141,120.6035349,199.9,BUSY,M-P-001,V1
882,882,L-UAV-01,AMZN,31.3041438,120.6000450,100.0,BUSY,M-L-001,V2
882,882,M-UAV-01,M600,31.3108767,120.6039862,30.5,AVAILABLE,,
882,882,M-UAV-02,M600,31.3062683,120.6025389,30.5,CONTINGENCY,,
883,883,EVTOL-01,EC35,31.3038768,120.6035572,199.9,BUSY,M-P-001,V1
883,883,L-UAV-01,AMZN,31.3040246,120.5999696,100.0,BUSY,M-L-001,V2
883,883,M-UAV-01,M600,31.3108767,120.6039862,30.5,AVAILABLE,,
883,883,M-UAV-02,M600,31.3062683,120.6025389,30.5,CONTINGENCY,,
884,884,EVTOL-01,EC35,31.3042395,120.6035794,199.9,BUSY,M-P-001,V1
884,884,L-UAV-01,AMZN,31.3039053,120.5998941,100.0,BUSY,M-L-001,V2
884,884,M-UAV-01,M600,31.3108767,120.6039862,30.5,AVAILABLE,,
884,884,M-UAV-02,M600,31.3062683,120.6025389,30.5,CONTINGENCY,,
885,885,EVTOL-01,EC35,31.3046022,120.6036016,199.9,BUSY,M-P-001,V1
885,885,L-UAV-01,AMZN,31.3037861,120.5998186,100.0,BUSY,M-L-001,V2
885,885,M-UAV-01,M600,31.3108767,120.6039862,30.5,AVAILABLE,,
885,885,M-UAV-02,M600,31.3062683,120.6025389,30.5,CONTINGENCY,,
886,886,EVTOL-01,EC35,31.3049648,120.6036238,199.9,BUSY,M-P-001,V1
886,886,L-UAV-01,AMZN,31.3036669,120.5997432,100.0,BUSY,M-L-001,V2
886,886,M-UAV-01,M600,31.3108767,120.6039862,30.5,AVAILABLE,,
886,886,M-UAV-02,M600,31.3062683,120.6025389,30.5,CONTINGENCY,,
887,887,EVTOL-01,EC35,31.3053275,120.6036461,199.9,BUSY,M-P-001,V1
887,887,L-UAV-01,AMZN,31.3035476,120.5996677,100.0,BUSY,M-L-001,V2
887,887,M-UAV-01,M600,31.3108767,120.6039862,30.5,AVAILABLE,,
887,887,M-UAV-02,M600,31.3062683,120.6025389,30.5,CONTINGENCY,,
888,888,EVTOL-01,EC35,31.3056902,120.6036683,199.9,BUSY,M-P-001,V1
888,888,L-UAV-01,AMZN,31.3034284,120.5995922,100.0,BUSY,M-L-001,V2
888,888,M-UAV-01,M600,31.3108767,120.6039862,30.5,AVAILABLE,,
888,888,M-UAV-02,M600,31.3062683,120.6025389,30.5,CONTINGENCY,,
889,889,EVTOL-01,EC35,31.3060529,120.6036905,199.9,BUSY,M-P-001,V1
889,889,L-UAV-01,AMZN,31.3033092,120.5995168,100.0,BUSY,M-L-001,V2
889,889,M-UAV-01,M600,31.3108767,120.6039862,30.5,AVAILABLE,,
889,889,M-UAV-02,M600,31.3062683,120.6025389,30.5,CONTINGENCY,,
890,890,EVTOL-01,EC35,31.3064156,120.6037127,199.9,BUSY,M-P-001,V1
890,890,L-UAV-01,AMZN,31.3031900,120.5994413,100.0,BUSY,M-L-001,V2
890,890,M-UAV-01,M600,31.3108767,120.6039862,30.5,AVAILABLE,,
890,890,M-UAV-02,M600,31.3062683,120.6025389,30.5,CONTINGENCY,,
891,891,EVTOL-01,EC35,31.3067783,120.6037350,199.9,BUSY,M-P-001,V1
891,891,L-UAV-01,AMZN,31.3030707,120.5993658,100.0,BUSY,M-L-001,V2
891,891,M-UAV-01,M600,31.3108767,120.6039862,30.5,AVAILABLE,,
891,891,M-UAV-02,M600,31.3062683,120.6025389,30.5,CONTINGENCY,,
892,892,EVTOL-01,EC35,31.3071410,120.6037572,199.9,BUSY,M-P-001,V1
892,892,L-UAV-01,AMZN,31.3029515,120.5992904,100.0,BUSY,M-L-001,V2
892,892,M-UAV-01,M600,31.3108767,120.6039862,30.5,AVAILABLE,,
892,892,M-UAV-02,M600,31.3062683,120.6025389,30.5,CONTINGENCY,,
893,893,EVTOL-01,EC35,31.3075037,120.6037794,199.9,BUSY,M-P-001,V1
893,893,L-UAV-01,AMZN,31.3028323,120.5992149,100.0,BUSY,M-L-001,V2
893,893,M-UAV-01,M600,31.3108767,120.6039862,30.5,AVAILABLE,,
893,893,M-UAV-02,M600,31.3062683,120.6025389,30.5,CONTINGENCY,,
894,894,EVTOL-01,EC35,31.3078664,120.6038017,199.9,BUSY,M-P-001,V1
894,894,L-UAV-01,AMZN,31.3027130,120.5991394,100.0,BUSY,M-L-001,V2
894,894,M-UAV-01,M600,31.3108767,120.6039862,30.5,AVAILABLE,,
894,894,M-UAV-02,M600,31.3062683,120.6025389,30.5,CONTINGENCY,,
895,895,EVTOL-01,EC35,31.3082291,120.6038239,199.9,BUSY,M-P-001,V1
895,895,L-UAV-01,AMZN,31.3025938,120.5990640,100.0,BUSY,M-L-001,V2
895,895,M-UAV-01,M600,31.3108767,120.6039862,30.5,AVAILABLE,,
895,895,M-UAV-02,M600,31.3062683,120.6025389,30.5,CONTINGENCY,,
896,896,EVTOL-01,EC35,31.3085918,120.6038461,199.9,BUSY,M-P-001,V1
896,896,L-UAV-01,AMZN,31.3024746,120.5989885,100.0,BUSY,M-L-001,V2
896,896,M-UAV-01,M600,31.3108767,120.6039862,30.5,AVAILABLE,,
896,896,M-UAV-02,M600,31.3062683,120.6025389,30.5,CONTINGENCY,,
897,897,EVTOL-01,EC35,31.3089545,120.6038683,199.9,BUSY,M-P-001,V1
897,897,L-UAV-01,AMZN,31.3023553,120.5989131,100.0,BUSY,M-L-001,V2
897,897,M-UAV-01,M600,31.3108767,120.6039862,30.5,AVAILABLE,,
897,897,M-UAV-02,M600,31.3062683,120.6025389,30.5,CONTINGENCY,,
898,898,EVTOL-01,EC35,31.3093172,120.6038906,199.9,BUSY,M-P-001,V1
898,898,L-UAV-01,AMZN,31.3022361,120.5988376,100.0,BUSY,M-L-001,V2
898,898,M-UAV-01,M600,31.3108767,120.6039862,30.5,AVAILABLE,,
898,898,M-UAV-02,M600,31.3062683,120.6025389,30.5,CONTINGENCY,,
899,899,EVTOL-01,EC35,31.3096799,120.6039128,199.9,BUSY,M-P-001,V1
899,899,L-UAV-01,AMZN,31.3021169,120.5987621,100.0,BUSY,M-L-001,V2
899,899,M-UAV-01,M600,31.3108767,120.6039862,30.5,AVAILABLE,,
899,899,M-UAV-02,M600,31.3062683,120.6025389,30.5,CONTINGENCY,,
900,900,EVTOL-01,EC35,31.3100426,120.6039350,199.9,BUSY,M-P-001,V2
900,900,L-UAV-01,AMZN,31.3019977,120.5986867,100.0,BUSY,M-L-001,V2
900,900,M-UAV-01,M600,31.3108767,120.6039862,30.5,AVAILABLE,,
900,900,M-UAV-02,M600,31.3062683,120.6025389,30.5,CONTINGENCY,,
