t,sim_time_s,aircraft_id,type,lat,lon,alt_m,status,mission_id,dest
1,1,EVTOL-01,EC35,31.3020813,120.5986250,199.9,BUSY,M-P-001,V1
1,1,L-UAV-01,AMZN,31.3005153,120.5981710,100.0,BUSY,M-L-001,V3
1,1,M-UAV-01,M600,31.3108767,120.6039862,98.5,AVAILABLE,,
1,1,M-UAV-02,M600,31.2971716,120.5956323,98.5,AVAILABLE,,
2,2,EVTOL-01,EC35,31.3024036,120.5988214,199.9,BUSY,M-P-001,V1
2,2,L-UAV-01,AMZN,31.3006292,120.5982575,100.0,BUSY,M-L-001,V3
2,2,M-UAV-01,M600,31.3108767,120.6039862,95.4,AVAILABLE,,
2,2,M-UAV-02,M600,31.2971716,120.5956323,95.4,AVAILABLE,,
3,3,EVTOL-01,EC35,31.3027259,120.5990179,199.9,BUSY,M-P-001,V1
3,3,L-UAV-01,AMZN,31.3007430,120.5983439,100.0,BUSY,M-L-001,V3
3,3,M-UAV-01,M600,31.3108767,120.6039862,90.8,AVAILABLE,,
3,3,M-UAV-02,M600,31.2971716,120.5956323,90.8,AVAILABLE,,
4,4,EVTOL-01,EC35,31.3030482,120.5992143,199.9,BUSY,M-P-001,V1
4,4,L-UAV-01,AMZN,31.3008569,120.5984304,100.0,BUSY,M-L-001,V3
4,4,M-UAV-01,M600,31.3108767,120.6039862,84.7,AVAILABLE,,
4,4,M-UAV-02,M600,31.2971716,120.5956323,84.7,AVAILABLE,,
5,5,EVTOL-01,EC35,31.3033705,120.5994108,199.9,BUSY,M-P-001,V1
5,5,L-UAV-01,AMZN,31.3009708,120.5985169,100.0,BUSY,M-L-001,V3
5,5,M-UAV-01,M600,31.3108767,120.6039862,77.1,AVAILABLE,,
5,5,M-UAV-02,M600,31.2971716,120.5956323,77.1,AVAILABLE,,
6,6,EVTOL-01,EC35,31.3036929,120.5996072,199.9,BUSY,M-P-001,V1
6,6,L-UAV-01,AMZN,31.3010847,120.5986033,100.0,BUSY,M-L-001,V3
6,6,M-UAV-01,M600,31.3108767,120.6039862,69.5,AVAILABLE,,
6,6,M-UAV-02,M600,31.2971716,120.5956323,69.5,AVAILABLE,,
7,7,EVTOL-01,EC35,31.3040152,120.5998037,199.9,BUSY,M-P-001,V1
7,7,L-UAV-01,AMZN,31.3011986,120.5986898,100.0,BUSY,M-L-001,V3
7,7,M-UAV-01,M600,31.3108767,120.6039862,61.9,AVAILABLE,,
7,7,M-UAV-02,M600,31.2971716,120.5956323,61.9,AVAILABLE,,
8,8,EVTOL-01,EC35,31.3043375,120.6000001,199.9,BUSY,M-P-001,V1
8,8,L-UAV-01,AMZN,31.3013125,120.5987762,100.0,BUSY,M-L-001,V3
8,8,M-UAV-01,M600,31.3108767,120.6039862,54.3,AVAILABLE,,
8,8,M-UAV-02,M600,31.2971716,120.5956323,54.3,AVAILABLE,,
9,9,EVTOL-01,EC35,31.3046598,120.6001966,199.9,BUSY,M-P-001,V1
9,9,L-UAV-01,AMZN,31.3014263,120.5988627,100.0,BUSY,M-L-001,V3
9,9,M-UAV-01,M600,31.3108767,120.6039862,46.6,AVAILABLE,,
9,9,M-UAV-02,M600,31.2971716,120.5956323,46.6,AVAILABLE,,
10,10,EVTOL-01,EC35,31.3049821,120.6003930,199.9,BUSY,M-P-001,V1
10,10,L-UAV-01,AMZN,31.3015402,120.5989491,100.0,BUSY,M-L-001,V3
10,10,M-UAV-01,M600,31.3108767,120.6039862,39.0,AVAILABLE,,
10,10,M-UAV-02,M600,31.2971716,120.5956323,39.0,AVAILABLE,,
11,11,EVTOL-01,EC35,31.3053045,120.6005895,199.9,BUSY,M-P-001,V1
11,11,L-UAV-01,AMZN,31.3016541,120.5990356,100.0,BUSY,M-L-001,V3
11,11,M-UAV-01,M600,31.3108767,120.6039862,31.4,AVAILABLE,,
11,11,M-UAV-02,M600,31.2971716,120.5956323,31.4,AVAILABLE,,
12,12,EVTOL-01,EC35,31.3056268,120.6007860,199.9,BUSY,M-P-001,V1
12,12,L-UAV-01,AMZN,31.3017680,120.5991221,100.0,BUSY,M-L-001,V3
12,12,M-UAV-01,M600,31.3108767,120.6039862,30.5,AVAILABLE,,
12,12,M-UAV-02,M600,31.2971716,120.5956323,30.5,AVAILABLE,,
13,13,EVTOL-01,EC35,31.3059491,120.6009824,199.9,BUSY,M-P-001,V1
13,13,L-UAV-01,AMZN,31.3018819,120.5992085,100.0,BUSY,M-L-001,V3
13,13,M-UAV-01,M600,31.3108767,120.6039862,30.5,AVAILABLE,,
13,13,M-UAV-02,M600,31.2971716,120.5956323,30.5,AVAILABLE,,
14,14,EVTOL-01,EC35,31.3062714,120.6011789,199.9,BUSY,M-P-001,V1
14,14,L-UAV-01,AMZN,31.3019957,120.5992950,100.0,BUSY,M-L-001,V3
14,14,M-UAV-01,M600,31.3108767,120.6039862,30.5,AVAILABLE,,
14,14,M-UAV-02,M600,31.2971716,120.5956323,30.5,AVAILABLE,,
15,15,EVTOL-01,EC35,31.3065937,120.6013753,199.9,BUSY,M-P-001,V1
15,15,L-UAV-01,AMZN,31.3021096,120.5993814,100.0,BUSY,M-L-001,V3
15,15,M-UAV-01,M600,31.3108767,120.6039862,30.5,AVAILABLE,,
15,15,M-UAV-02,M600,31.2971716,120.5956323,30.5,AVAILABLE,,
16,16,EVTOL-01,EC35,31.3069160,120.6015718,199.9,BUSY,M-P-001,V1
16,16,L-UAV-01,AMZN,31.3022235,120.5994679,100.0,BUSY,M-L-001,V3
16,16,M-UAV-01,M600,31.3108767,120.6039862,30.5,AVAILABLE,,
16,16,M-UAV-02,M600,31.2971716,120.5956323,30.5,AVAILABLE,,
17,17,EVTOL-01,EC35,31.3072384,120.6017683,199.9,BUSY,M-P-001,V1
17,17,L-UAV-01,AMZN,31.3023374,120.5995544,100.0,BUSY,M-L-001,V3
17,17,M-UAV-01,M600,31.3108767,120.6039862,30.5,AVAILABLE,,
17,17,M-UAV-02,M600,31.2971716,120.5956323,30.5,AVAILABLE,,
18,18,EVTOL-01,EC35,31.3075607,120.6019647,199.9,BUSY,M-P-001,V1
18,18,L-UAV-01,AMZN,31.3024513,120.5996408,100.0,BUSY,M-L-001,V3
18,18,M-UAV-01,M600,31.3108767,120.6039862,30.5,AVAILABLE,,
18,18,M-UAV-02,M600,31.2971716,120.5956323,30.5,AVAILABLE,,
19,19,EVTOL-01,EC35,31.3078830,120.6021612,199.9,BUSY,M-P-001,V1
19,19,L-UAV-01,AMZN,31.3025651,120.5997273,100.0,BUSY,M-L-001,V3
19,19,M-UAV-01,M600,31.3108767,120.6039862,30.5,AVAILABLE,,
19,19,M-UAV-02,M600,31.2971716,120.5956323,30.5,AVAILABLE,,
20,20,EVTOL-01,EC35,31.3082053,120.6023577,199.9,BUSY,M-P-001,V1
20,20,L-UAV-01,AMZN,31.3026790,120.5998138,100.0,BUSY,M-L-001,V3
20,20,M-UAV-01,M600,31.3108767,120.6039862,30.5,AVAILABLE,,
20,20,M-UAV-02,M600,31.2971716,120.5956323,30.5,AVAILABLE,,
21,21,EVTOL-01,EC35,31.3085276,120.6025542,199.9,BUSY,M-P-001,V1
21,21,L-UAV-01,AMZN,31.3027929,120.5999002,100.0,BUSY,M-L-001,V3
21,21,M-UAV-01,M600,31.3108767,120.6039862,30.5,AVAILABLE,,
21,21,M-UAV-02,M600,31.2971716,120.5956323,30.5,AVAILABLE,,
22,22,EVTOL-01,EC35,31.3088499,120.6027506,199.9,BUSY,M-P-001,V1
22,22,L-UAV-01,AMZN,31.3029068,120.5999867,100.0,BUSY,M-L-001,V3
22,22,M-UAV-01,M600,31.3108767,120.6039862,30.5,AVAILABLE,,
22,22,M-UAV-02,M600,31.2971716,120.5956323,30.5,AVAILABLE,,
23,23,EVTOL-01,EC35,31.3091722,120.6029471,199.9,BUSY,M-P-001,V1
23,23,L-UAV-01,AMZN,31.3030207,120.6000731,100.0,BUSY,M-L-001,V3
23,23,M-UAV-01,M600,31.3108767,120.6039862,30.5,AVAILABLE,,
23,23,M-UAV-02,M600,31.2971716,120.5956323,30.5,AVAILABLE,,
24,24,EVTOL-01,EC35,31.3094946,120.6031436,199.9,BUSY,M-P-001,V1
24,24,L-UAV-01,AMZN,31.3031346,120.6001596,100.0,BUSY,M-L-001,V3
24,24,M-UAV-01,M600,31.3108767,120.6039862,30.5,AVAILABLE,,
24,24,M-UAV-02,M600,31.2971716,120.5956323,30.5,AVAILABLE,,
25,25,EVTOL-01,EC35,31.3098169,120.6033401,199.9,BUSY,M-P-001,V1
25,25,L-UAV-01,AMZN,31.3032484,120.6002461,100.0,BUSY,M-L-001,V3
25,25,M-UAV-01,M600,31.3108767,120.6039862,30.5,AVAILABLE,,
25,25,M-UAV-02,M600,31.2971716,120.5956323,30.5,AVAILABLE,,
26,26,EVTOL-01,EC35,31.3101392,120.6035365,199.9,BUSY,M-P-001,V2
26,26,L-UAV-01,AMZN,31.3033623,120.6003325,100.0,BUSY,M-L-001,V3
26,26,M-UAV-01,M600,31.3108767,120.6039862,30.5,AVAILABLE,,
26,26,M-UAV-02,M600,31.2971716,120.5956323,30.5,AVAILABLE,,
27,27,EVTOL-01,EC35,31.3104782,120.6036891,199.9,BUSY,M-P-001,V2
27,27,L-UAV-01,AMZN,31.3034762,120.6004190,100.0,BUSY,M-L-001,V3
27,27,M-UAV-01,M600,31.3108767,120.6039862,30.5,AVAILABLE,,
27,27,M-UAV-02,M600,31.2971716,120.5956323,30.5,AVAILABLE,,
28,28,EVTOL-01,EC35,31.3108298,120.6037957,199.9,BUSY,M-P-001,V2
28,28,L-UAV-01,AMZN,31.3035901,120.6005055,100.0,BUSY,M-L-001,V3
28,28,M-UAV-01,M600,31.3108767,120.6039862,30.5,AVAILABLE,,
28,28,M-UAV-02,M600,31.2971716,120.5956323,30.5,AVAILABLE,,
29,29,EVTOL-01,EC35,31.3111894,120.6038553,199.9,BUSY,M-P-001,V2
29,29,L-UAV-01,AMZN,31.3037040,120.6005919,100.0,BUSY,M-L-001,V3
29,29,M-UAV-01,M600,31.3108767,120.6039862,30.5,AVAILABLE,,
29,29,M-UAV-02,M600,31.2971716,120.5956323,30.5,AVAILABLE,,
30,30,EVTOL-01,EC35,31.3115524,120.6038668,199.9,BUSY,M-P-001,V2
30,30,L-UAV-01,AMZN,31.3038178,120.6006784,100.0,BUSY,M-L-001,V3
30,30,M-UAV-01,M600,31.3108767,120.6039862,30.5,AVAILABLE,,
30,30,M-UAV-02,M600,31.2971716,120.5956323,30.5,AVAILABLE,,
31,31,EVTOL-01,EC35,31.3119143,120.6038303,199.9,BUSY,M-P-001,V2
31,31,L-UAV-01,AMZN,31.3039317,120.6007648,100.0,BUSY,M-L-001,V3
31,31,M-UAV-01,M600,31.3108767,120.6039862,30.5,AVAILABLE,,
31,31,M-UAV-02,M600,31.2971716,120.5956323,30.5,AVAILABLE,,
32,32,EVTOL-01,EC35,31.3122703,120.6037462,199.9,BUSY,M-P-001,V2
32,32,L-UAV-01,AMZN,31.3040456,120.6008513,100.0,BUSY,M-L-001,V3
32,32,M-UAV-01,M600,31.3108767,120.6039862,30.5,AVAILABLE,,
32,32,M-UAV-02,M600,31.2971716,120.5956323,30.5,AVAILABLE,,
33,33,EVTOL-01,EC35,31.3126159,120.6036155,199.9,BUSY,M-P-001,V2
33,33,L-UAV-01,AMZN,31.3041595,120.6009378,100.0,BUSY,M-L-001,V3
33,33,M-UAV-01,M600,31.3108767,120.6039862,30.5,AVAILABLE,,
33,33,M-UAV-02,M600,31.2971716,120.5956323,30.5,AVAILABLE,,
34,34,EVTOL-01,EC35,31.3129467,120.6034399,199.9,BUSY,M-P-001,V2
34,34,L-UAV-01,AMZN,31.3042734,120.6010242,100.0,BUSY,M-L-001,V3
34,34,M-UAV-01,M600,31.3108767,120.6039862,30.5,AVAILABLE,,
34,34,M-UAV-02,M600,31.2971716,120.5956323,30.5,AVAILABLE,,
35,35,EVTOL-01,EC35,31.3132584,120.6032218,199.9,BUSY,M-P-001,V2
35,35,L-UAV-01,AMZN,31.3043872,120.6011107,100.0,BUSY,M-L-001,V3
35,35,M-UAV-01,M600,31.3108767,120.6039862,30.5,AVAILABLE,,
35,35,M-UAV-02,M600,31.2971716,120.5956323,30.5,AVAILABLE,,
36,36,EVTOL-01,EC35,31.3135470,120.6029638,199.9,BUSY,M-P-001,V2
36,36,L-UAV-01,AMZN,31.3045011,120.6011972,100.0,BUSY,M-L-001,V3
36,36,M-UAV-01,M600,31.3108767,120.6039862,30.5,AVAILABLE,,
36,36,M-UAV-02,M600,31.2971716,120.5956323,30.5,AVAILABLE,,
37,37,EVTOL-01,EC35,31.3138089,120.6026692,199.9,BUSY,M-P-001,V2
37,37,L-UAV-01,AMZN,31.3046150,120.6012836,100.0,BUSY,M-L-001,V3
37,37,M-UAV-01,M600,31.3108767,120.6039862,30.5,AVAILABLE,,
37,37,M-UAV-02,M600,31.2971716,120.5956323,30.5,AVAILABLE,,
38,38,EVTOL-01,EC35,31.3140407,120.6023419,199.9,BUSY,M-P-001,V2
38,38,L-UAV-01,AMZN,31.3047289,120.6013701,100.0,BUSY,M-L-001,V3
38,38,M-UAV-01,M600,31.3108767,120.6039862,30.5,AVAILABLE,,
38,38,M-UAV-02,M600,31.2971716,120.5956323,30.5,AVAILABLE,,
39,39,EVTOL-01,EC35,31.3142394,120.6019861,199.9,BUSY,M-P-001,V2
39,39,L-UAV-01,AMZN,31.3048428,120.6014566,100.0,BUSY,M-L-001,V3
39,39,M-UAV-01,M600,31.3108767,120.6039862,30.5,AVAILABLE,,
39,39,M-UAV-02,M600,31.2971716,120.5956323,30.5,AVAILABLE,,
40,40,EVTOL-01,EC35,31.3144025,120.6016062,199.9,BUSY,M-P-001,V2
40,40,L-UAV-01,AMZN,31.3049566,120.6015430,100.0,BUSY,M-L-001,V3
40,40,M-UAV-01,M600,31.3108767,120.6039862,30.5,AVAILABLE,,
40,40,M-UAV-02,M600,31.2971716,120.5956323,30.5,AVAILABLE,,
41,41,EVTOL-01,EC35,31.3145279,120.6012073,199.9,BUSY,M-P-001,V2
41,41,L-UAV-01,AMZN,31.3050705,120.6016295,100.0,BUSY,M-L-001,V3
41,41,M-UAV-01,M600,31.3108767,120.6039862,30.5,AVAILABLE,,
41,41,M-UAV-02,M600,31.2971716,120.5956323,30.5,AVAILABLE,,
42,42,EVTOL-01,EC35,31.3146139,120.6007942,199.9,BUSY,M-P-001,V2
42,42,L-UAV-01,AMZN,31.3051844,120.6017160,100.0,BUSY,M-L-001,V3
42,42,M-UAV-01,M600,31.3108767,120.6039862,30.5,AVAILABLE,,
42,42,M-UAV-02,M600,31.2971716,120.5956323,30.5,AVAILABLE,,
43,43,EVTOL-01,EC35,31.3146596,120.6003725,199.9,BUSY,M-P-001,V2
43,43,L-UAV-01,AMZN,31.3052983,120.6018024,100.0,BUSY,M-L-001,V3
43,43,M-UAV-01,M600,31.3108767,120.6039862,30.5,AVAILABLE,,
43,43,M-UAV-02,M600,31.2971716,120.5956323,30.5,AVAILABLE,,
44,44,EVTOL-01,EC35,31.3146642,120.5999474,199.9,BUSY,M-P-001,V2
44,44,L-UAV-01,AMZN,31.3054122,120.6018889,100.0,BUSY,M-L-001,V3
44,44,M-UAV-01,M600,31.3108767,120.6039862,30.5,AVAILABLE,,
44,44,M-UAV-02,M600,31.2971716,120.5956323,30.5,AVAILABLE,,
45,45,EVTOL-01,EC35,31.3146278,120.5995244,199.9,BUSY,M-P-001,V2
45,45,L-UAV-01,AMZN,31.3055260,120.6019754,100.0,BUSY,M-L-001,V3
45,45,M-UAV-01,M600,31.3108767,120.6039862,30.5,AVAILABLE,,
45,45,M-UAV-02,M600,31.2971716,120.5956323,30.5,AVAILABLE,,
46,46,EVTOL-01,EC35,31.3145508,120.5991090,199.9,BUSY,M-P-001,V2
46,46,L-UAV-01,AMZN,31.3056399,120.6020618,100.0,BUSY,M-L-001,V3
46,46,M-UAV-01,M600,31.3108767,120.6039862,30.5,AVAILABLE,,
46,46,M-UAV-02,M600,31.2971716,120.5956323,30.5,AVAILABLE,,
47,47,EVTOL-01,EC35,31.3144341,120.5987064,199.9,BUSY,M-P-001,V2
47,47,L-UAV-01,AMZN,31.3057538,120.6021483,100.0,BUSY,M-L-001,V3
47,47,M-UAV-01,M600,31.3108767,120.6039862,30.5,AVAILABLE,,
47,47,M-UAV-02,M600,31.2971716,120.5956323,30.5,AVAILABLE,,
48,48,EVTOL-01,EC35,31.3142794,120.5983218,199.9,BUSY,M-P-001,V2
48,48,L-UAV-01,AMZN,31.3058677,120.6022348,100.0,BUSY,M-L-001,V2
48,48,M-UAV-01,M600,31.3108767,120.6039862,30.5,AVAILABLE,,
48,48,M-UAV-02,M600,31.2971716,120.5956323,30.5,AVAILABLE,,
49,49,EVTOL-01,EC35,31.3140885,120.5979601,199.9,BUSY,M-P-001,V2
49,49,L-UAV-01,AMZN,31.3059982,120.6022774,100.0,BUSY,M-L-001,V2
49,49,M-UAV-01,M600,31.3108767,120.6039862,30.5,AVAILABLE,,
49,49,M-UAV-02,M600,31.2971716,120.5956323,30.5,AVAILABLE,,
50,50,EVTOL-01,EC35,31.3138639,120.5976260,199.9,BUSY,M-P-001,V2
50,50,L-UAV-01,AMZN,31.3061337,120.6022724,100.0,BUSY,M-L-001,V2
50,50,M-UAV-01,M600,31.3108767,120.6039862,30.5,AVAILABLE,,
50,50,M-UAV-02,M600,31.2971716,120.5956323,30.5,AVAILABLE,,
51,51,EVTOL-01,EC35,31.3136085,120.5973238,199.9,BUSY,M-P-001,V2
51,51,L-UAV-01,AMZN,31.3062617,120.6022203,100.0,BUSY,M-L-001,V2
51,51,M-UAV-01,M600,31.3108767,120.6039862,30.5,AVAILABLE,,
51,51,M-UAV-02,M600,31.2971716,120.5956323,30.5,AVAILABLE,,
52,52,EVTOL-01,EC35,31.3133256,120.5970572,199.9,BUSY,M-P-001,V2
52,52,L-UAV-01,AMZN,31.3063706,120.6021258,100.0,BUSY,M-L-001,V2
52,52,M-UAV-01,M600,31.3108767,120.6039862,30.5,AVAILABLE,,
52,52,M-UAV-02,M600,31.2971716,120.5956323,30.5,AVAILABLE,,
53,53,EVTOL-01,EC35,31.3130187,120.5968298,199.9,BUSY,M-P-001,V2
53,53,L-UAV-01,AMZN,31.3064504,120.6019976,100.0,BUSY,M-L-001,V2
53,53,M-UAV-01,M600,31.3108767,120.6039862,30.5,AVAILABLE,,
53,53,M-UAV-02,M600,31.2971716,120.5956323,30.5,AVAILABLE,,
54,54,EVTOL-01,EC35,31.3126919,120.5966444,199.9,BUSY,M-P-001,V2
54,54,L-UAV-01,AMZN,31.3064938,120.6018473,100.0,BUSY,M-L-001,V2
54,54,M-UAV-01,M600,31.3108767,120.6039862,30.5,AVAILABLE,,
54,54,M-UAV-02,M600,31.2971716,120.5956323,30.5,AVAILABLE,,
55,55,EVTOL-01,EC35,31.3123492,120.5965035,199.9,BUSY,M-P-001,V2
55,55,L-UAV-01,AMZN,31.3064968,120.6016886,100.0,BUSY,M-L-001,V2
55,55,M-UAV-01,M600,31.3108767,120.6039862,30.5,AVAILABLE,,
55,55,M-UAV-02,M600,31.2971716,120.5956323,30.5,AVAILABLE,,
56,56,EVTOL-01,EC35,31.3119952,120.5964087,199.9,BUSY,M-P-001,V2
56,56,L-UAV-01,AMZN,31.3064593,120.6015362,100.0,BUSY,M-L-001,V2
56,56,M-UAV-01,M600,31.3108767,120.6039862,30.5,AVAILABLE,,
56,56,M-UAV-02,M600,31.2971716,120.5956323,30.5,AVAILABLE,,
57,57,EVTOL-01,EC35,31.3116343,120.5963614,199.9,BUSY,M-P-001,V2
57,57,L-UAV-01,AMZN,31.3063845,120.6014039,100.0,BUSY,M-L-001,V2
57,57,M-UAV-01,M600,31.3108767,120.6039862,30.5,AVAILABLE,,
57,57,M-UAV-02,M600,31.2971716,120.5956323,30.5,AVAILABLE,,
58,58,EVTOL-01,EC35,31.3112714,120.5963431,199.9,BUSY,M-P-001,V2
58,58,L-UAV-01,AMZN,31.3062793,120.6013038,100.0,BUSY,M-L-001,V2
58,58,M-UAV-01,M600,31.3108767,120.6039862,30.5,AVAILABLE,,
58,58,M-UAV-02,M600,31.2971716,120.5956323,30.5,AVAILABLE,,
59,59,EVTOL-01,EC35,31.3109085,120.5963248,199.9,BUSY,M-P-001,V2
59,59,L-UAV-01,AMZN,31.3061597,120.6012292,100.0,BUSY,M-L-001,V2
59,59,M-UAV-01,M600,31.3108767,120.6039862,30.5,AVAILABLE,,
59,59,M-UAV-02,M600,31.2971716,120.5956323,30.5,AVAILABLE,,
60,60,EVTOL-01,EC35,31.3105457,120.5963065,199.9,BUSY,M-P-001,V2
60,60,L-UAV-01,AMZN,31.3060400,120.6011547,100.0,BUSY,M-L-001,V2
60,60,M-UAV-01,M600,31.3108767,120.6039862,30.5,AVAILABLE,,
60,60,M-UAV-02,M600,31.2971716,120.5956323,30.5,AVAILABLE,,
61,61,EVTOL-01,EC35,31.3101828,120.5962882,199.9,BUSY,M-P-001,V2
61,61,L-UAV-01,AMZN,31.3059204,120.6010802,100.0,BUSY,M-L-001,V2
61,61,M-UAV-01,M600,31.3108767,120.6039862,30.5,AVAILABLE,,
61,61,M-UAV-02,M600,31.2971716,120.5956323,30.5,AVAILABLE,,
62,62,EVTOL-01,EC35,31.3098200,120.5962699,199.9,BUSY,M-P-001,V2
62,62,L-UAV-01,AMZN,31.3058007,120.6010057,100.0,BUSY,M-L-001,V2
62,62,M-UAV-01,M600,31.3108767,120.6039862,30.5,AVAILABLE,,
62,62,M-UAV-02,M600,31.2971716,120.5956323,30.5,AVAILABLE,,
63,63,EVTOL-01,EC35,31.3094571,120.5962517,199.9,BUSY,M-P-001,V2
63,63,L-UAV-01,AMZN,31.3056810,120.6009312,100.0,BUSY,M-L-001,V2
63,63,M-UAV-01,M600,31.3108767,120.6039862,30.5,AVAILABLE,,
63,63,M-UAV-02,M600,31.2971716,120.5956323,30.5,AVAILABLE,,
64,64,EVTOL-01,EC35,31.3090943,120.5962334,199.9,BUSY,M-P-001,V2
64,64,L-UAV-01,AMZN,31.3055614,120.6008566,100.0,BUSY,M-L-001,V2
64,64,M-UAV-01,M600,31.3108767,120.6039862,30.5,AVAILABLE,,
64,64,M-UAV-02,M600,31.2971716,120.5956323,30.5,AVAILABLE,,
65,65,EVTOL-01,EC35,31.3087314,120.5962151,199.9,BUSY,M-P-001,V2
65,65,L-UAV-01,AMZN,31.3054417,120.6007821,100.0,BUSY,M-L-001,V2
65,65,M-UAV-01,M600,31.3108767,120.6039862,30.5,AVAILABLE,,
65,65,M-UAV-02,M600,31.2971716,120.5956323,30.5,AVAILABLE,,
66,66,EVTOL-01,EC35,31.3083686,120.5961968,199.9,BUSY,M-P-001,V2
66,66,L-UAV-01,AMZN,31.3053220,120.6007076,100.0,BUSY,M-L-001,V2
66,66,M-UAV-01,M600,31.3108767,120.6039862,30.5,AVAILABLE,,
66,66,M-UAV-02,M600,31.2971716,120.5956323,30.5,AVAILABLE,,
67,67,EVTOL-01,EC35,31.3080057,120.5961785,199.9,BUSY,M-P-001,V2
67,67,L-UAV-01,AMZN,31.3052024,120.6006331,100.0,BUSY,M-L-001,V2
67,67,M-UAV-01,M600,31.3108767,120.6039862,30.5,AVAILABLE,,
67,67,M-UAV-02,M600,31.2971716,120.5956323,30.5,AVAILABLE,,
68,68,EVTOL-01,EC35,31.3076429,120.5961602,199.9,BUSY,M-P-001,V2
68,68,L-UAV-01,AMZN,31.3050827,120.6005586,100.0,BUSY,M-L-001,V2
68,68,M-UAV-01,M600,31.3108767,120.6039862,30.5,AVAILABLE,,
68,68,M-UAV-02,M600,31.2971716,120.5956323,30.5,AVAILABLE,,
69,69,EVTOL-01,EC35,31.3072800,120.5961419,199.9,BUSY,M-P-001,V2
69,69,L-UAV-01,AMZN,31.3049631,120.6004840,100.0,BUSY,M-L-001,V2
69,69,M-UAV-01,M600,31.3108767,120.6039862,30.5,AVAILABLE,,
69,69,M-UAV-02,M600,31.2971716,120.5956323,30.5,AVAILABLE,,
70,70,EVTOL-01,EC35,31.3069172,120.5961236,199.9,BUSY,M-P-001,V2
70,70,L-UAV-01,AMZN,31.3048434,120.6004095,100.0,BUSY,M-L-001,V2
70,70,M-UAV-01,M600,31.3108767,120.6039862,30.5,AVAILABLE,,
70,70,M-UAV-02,M600,31.2971716,120.5956323,30.5,AVAILABLE,,
71,71,EVTOL-01,EC35,31.3065543,120.5961053,199.9,BUSY,M-P-001,V2
71,71,L-UAV-01,AMZN,31.3047237,120.6003350,100.0,BUSY,M-L-001,V2
71,71,M-UAV-01,M600,31.3108767,120.6039862,30.5,AVAILABLE,,
71,71,M-UAV-02,M600,31.2971716,120.5956323,30.5,AVAILABLE,,
72,72,EVTOL-01,EC35,31.3061914,120.5960870,199.9,BUSY,M-P-001,V2
72,72,L-UAV-01,AMZN,31.3046041,120.6002605,100.0,BUSY,M-L-001,V2
72,72,M-UAV-01,M600,31.3108767,120.6039862,30.5,AVAILABLE,,
72,72,M-UAV-02,M600,31.2971716,120.5956323,30.5,AVAILABLE,,
73,73,EVTOL-01,EC35,31.3058286,120.5960687,199.9,BUSY,M-P-001,V2
73,73,L-UAV-01,AMZN,31.3044844,120.6001860,100.0,BUSY,M-L-001,V2
73,73,M-UAV-01,M600,31.3108767,120.6039862,30.5,AVAILABLE,,
73,73,M-UAV-02,M600,31.2971716,120.5956323,30.5,AVAILABLE,,
74,74,EVTOL-01,EC35,31.3054657,120.5960504,199.9,BUSY,M-P-001,V2
74,74,L-UAV-01,AMZN,31.3043647,120.6001114,100.0,BUSY,M-L-001,V2
74,74,M-UAV-01,M600,31.3108767,120.6039862,30.5,AVAILABLE,,
74,74,M-UAV-02,M600,31.2971716,120.5956323,30.5,AVAILABLE,,
75,75,EVTOL-01,EC35,31.3051029,120.5960321,199.9,BUSY,M-P-001,V2
75,75,L-UAV-01,AMZN,31.3042451,120.6000369,100.0,BUSY,M-L-001,V2
75,75,M-UAV-01,M600,31.3108767,120.6039862,30.5,AVAILABLE,,
75,75,M-UAV-02,M600,31.2971716,120.5956323,30.5,AVAILABLE,,
76,76,EVTOL-01,EC35,31.3047400,120.5960138,199.9,BUSY,M-P-001,V2
76,76,L-UAV-01,AMZN,31.3041254,120.5999624,100.0,BUSY,M-L-001,V2
76,76,M-UAV-01,M600,31.3108767,120.6039862,30.5,AVAILABLE,,
76,76,M-UAV-02,M600,31.2971716,120.5956323,30.5,AVAILABLE,,
77,77,EVTOL-01,EC35,31.3043772,120.5959955,199.9,BUSY,M-P-001,V2
77,77,L-UAV-01,AMZN,31.3040058,120.5998879,100.0,BUSY,M-L-001,V2
77,77,M-UAV-01,M600,31.3108767,120.6039862,30.5,AVAILABLE,,
77,77,M-UAV-02,M600,31.2971716,120.5956323,30.5,AVAILABLE,,
78,78,EVTOL-01,EC35,31.3040143,120.5959773,199.9,BUSY,M-P-001,V2
78,78,L-UAV-01,AMZN,31.3038861,120.5998134,100.0,BUSY,M-L-001,V2
78,78,M-UAV-01,M600,31.3108767,120.6039862,30.5,AVAILABLE,,
78,78,M-UAV-02,M600,31.2971716,120.5956323,30.5,AVAILABLE,,
79,79,EVTOL-01,EC35,31.3036515,120.5959590,199.9,BUSY,M-P-001,V2
79,79,L-UAV-01,AMZN,31.3037664,120.5997388,100.0,BUSY,M-L-001,V2
79,79,M-UAV-01,M600,31.3108767,120.6039862,30.5,AVAILABLE,,
79,79,M-UAV-02,M600,31.2971716,120.5956323,30.5,AVAILABLE,,
80,80,EVTOL-01,EC35,31.3032886,120.5959407,199.9,BUSY,M-P-001,V2
80,80,L-UAV-01,AMZN,31.3036468,120.5996643,100.0,BUSY,M-L-001,V2
80,80,M-UAV-01,M600,31.3108767,120.6039862,30.5,AVAILABLE,,
80,80,M-UAV-02,M600,31.2971716,120.5956323,30.5,AVAILABLE,,
81,81,EVTOL-01,EC35,31.3029258,120.5959224,199.9,BUSY,M-P-001,V2
81,81,L-UAV-01,AMZN,31.3035271,120.5995898,100.0,BUSY,M-L-001,V2
81,81,M-UAV-01,M600,31.3108767,120.6039862,30.5,AVAILABLE,,
81,81,M-UAV-02,M600,31.2971716,120.5956323,30.5,AVAILABLE,,
82,82,EVTOL-01,EC35,31.3025629,120.5959041,199.9,BUSY,M-P-001,V2
82,82,L-UAV-01,AMZN,31.3034074,120.5995153,100.0,BUSY,M-L-001,V2
82,82,M-UAV-01,M600,31.3108767,120.6039862,30.5,AVAILABLE,,
82,82,M-UAV-02,M600,31.2971716,120.5956323,30.5,AVAILABLE,,
83,83,EVTOL-01,EC35,31.3022001,120.5958858,199.9,BUSY,M-P-001,V2
83,83,L-UAV-01,AMZN,31.3032878,120.5994408,100.0,BUSY,M-L-001,V2
83,83,M-UAV-01,M600,31.3108767,120.6039862,30.5,AVAILABLE,,
83,83,M-UAV-02,M600,31.2971716,120.5956323,30.5,AVAILABLE,,
84,84,EVTOL-01,EC35,31.3018372,120.5958675,199.9,BUSY,M-P-001,V2
84,84,L-UAV-01,AMZN,31.3031681,120.5993663,100.0,BUSY,M-L-001,V2
84,84,M-UAV-01,M600,31.3108767,120.6039862,30.5,AVAILABLE,,
84,84,M-UAV-02,M600,31.2971716,120.5956323,30.5,AVAILABLE,,
85,85,EVTOL-01,EC35,31.3014743,120.5958492,199.9,BUSY,M-P-001,V2
85,85,L-UAV-01,AMZN,31.3030485,120.5992917,100.0,BUSY,M-L-001,V2
85,85,M-UAV-01,M600,31.3108767,120.6039862,30.5,AVAILABLE,,
85,85,M-UAV-02,M600,31.2971716,120.5956323,30.5,AVAILABLE,,
86,86,EVTOL-01,EC35,31.3011115,120.5958309,199.9,BUSY,M-P-001,V2
86,86,L-UAV-01,AMZN,31.3029288,120.5992172,100.0,BUSY,M-L-001,V2
86,86,M-UAV-01,M600,31.3108767,120.6039862,30.5,AVAILABLE,,
86,86,M-UAV-02,M600,31.2971716,120.5956323,30.5,AVAILABLE,,
87,87,EVTOL-01,EC35,31.3007486,120.5958126,199.9,BUSY,M-P-001,V2
87,87,L-UAV-01,AMZN,31.3028091,120.5991427,100.0,BUSY,M-L-001,V2
87,87,M-UAV-01,M600,31.3108767,120.6039862,30.5,AVAILABLE,,
87,87,M-UAV-02,M600,31.2971716,120.5956323,30.5,AVAILABLE,,
88,88,EVTOL-01,EC35,31.3003858,120.5957943,199.9,BUSY,M-P-001,V2
88,88,L-UAV-01,AMZN,31.3026895,120.5990682,100.0,BUSY,M-L-001,V2
88,88,M-UAV-01,M600,31.3108767,120.6039862,30.5,AVAILABLE,,
88,88,M-UAV-02,M600,31.2971716,120.5956323,30.5,AVAILABLE,,
89,89,EVTOL-01,EC35,31.3000229,120.5957761,199.9,BUSY,M-P-001,V2
89,89,L-UAV-01,AMZN,31.3025698,120.5989937,100.0,BUSY,M-L-001,V2
89,89,M-UAV-01,M600,31.3108767,120.6039862,30.5,AVAILABLE,,
89,89,M-UAV-02,M600,31.2971716,120.5956323,30.5,AVAILABLE,,
90,90,EVTOL-01,EC35,31.2996601,120.5957578,199.9,BUSY,M-P-001,V2
90,90,L-UAV-01,AMZN,31.3024501,120.5989192,100.0,BUSY,M-L-001,V2
90,90,M-UAV-01,M600,31.3108767,120.6039862,30.5,AVAILABLE,,
90,90,M-UAV-02,M600,31.2971716,120.5956323,30.5,AVAILABLE,,
91,91,EVTOL-01,EC35,31.2992972,120.5957395,199.9,BUSY,M-P-001,V2
91,91,L-UAV-01,AMZN,31.3023305,120.5988446,100.0,BUSY,M-L-001,V2
91,91,M-UAV-01,M600,31.3108767,120.6039862,30.5,AVAILABLE,,
91,91,M-UAV-02,M600,31.2971716,120.5956323,30.5,AVAILABLE,,
92,92,EVTOL-01,EC35,31.2989344,120.5957212,199.9,BUSY,M-P-001,V2
92,92,L-UAV-01,AMZN,31.3022108,120.5987701,100.0,BUSY,M-L-001,V2
92,92,M-UAV-01,M600,31.3108767,120.6039862,30.5,AVAILABLE,,
92,92,M-UAV-02,M600,31.2971716,120.5956323,30.5,AVAILABLE,,
93,93,EVTOL-01,EC35,31.2985715,120.5957029,199.9,BUSY,M-P-001,V2
93,93,L-UAV-01,AMZN,31.3020912,120.5986956,100.0,BUSY,M-L-001,V2
93,93,M-UAV-01,M600,31.3108767,120.6039862,30.5,AVAILABLE,,
93,93,M-UAV-02,M600,31.2971716,120.5956323,30.5,AVAILABLE,,
94,94,EVTOL-01,EC35,31.2982087,120.5956846,199.9,BUSY,M-P-001,V2
94,94,L-UAV-01,AMZN,31.3019715,120.5986211,100.0,BUSY,M-L-001,V2
94,94,M-UAV-01,M600,31.3108767,120.6039862,30.5,AVAILABLE,,
94,94,M-UAV-02,M600,31.2971716,120.5956323,30.5,AVAILABLE,,
95,95,EVTOL-01,EC35,31.2978458,120.5956663,199.9,BUSY,M-P-001,V1
95,95,L-UAV-01,AMZN,31.3018518,120.5985466,100.0,BUSY,M-L-001,V2
95,95,M-UAV-01,M600,31.3108767,120.6039862,30.5,AVAILABLE,,
95,95,M-UAV-02,M600,31.2971716,120.5956323,30.5,AVAILABLE,,
96,96,EVTOL-01,EC35,31.2974835,120.5956961,199.9,BUSY,M-P-001,V1
96,96,L-UAV-01,AMZN,31.3017322,120.5984721,100.0,BUSY,M-L-001,V2
96,96,M-UAV-01,M600,31.3108767,120.6039862,30.5,AVAILABLE,,
96,96,M-UAV-02,M600,31.2971716,120.5956323,30.5,AVAILABLE,,
97,97,EVTOL-01,EC35,31.2971264,120.5957736,199.9,BUSY,M-P-001,V1
97,97,L-UAV-01,AMZN,31.3016125,120.5983976,100.0,BUSY,M-L-001,V2
97,97,M-UAV-01,M600,31.3108767,120.6039862,30.5,AVAILABLE,,
97,97,M-UAV-02,M600,31.2971716,120.5956323,30.5,AVAILABLE,,
98,98,EVTOL-01,EC35,31.2967791,120.5958979,199.9,BUSY,M-P-001,V1
98,98,L-UAV-01,AMZN,31.3014928,120.5983230,100.0,BUSY,M-L-001,V2
98,98,M-UAV-01,M600,31.3108767,120.6039862,30.5,AVAILABLE,,
98,98,M-UAV-02,M600,31.2971716,120.5956323,30.5,AVAILABLE,,
99,99,EVTOL-01,EC35,31.2964460,120.5960673,199.9,BUSY,M-P-001,V1
99,99,L-UAV-01,AMZN,31.3013732,120.5982485,100.0,BUSY,M-L-001,V2
99,99,M-UAV-01,M600,31.3108767,120.6039862,30.5,AVAILABLE,,
99,99,M-UAV-02,M600,31.2971716,120.5956323,30.5,AVAILABLE,,
100,100,EVTOL-01,EC35,31.2961314,120.5962796,199.9,BUSY,M-P-001,V1
100,100,L-UAV-01,AMZN,31.3012535,120.5981740,100.0,BUSY,M-L-001,V2
100,100,M-UAV-01,M600,31.3108767,120.6039862,30.5,AVAILABLE,,
100,100,M-UAV-02,M600,31.2971716,120.5956323,30.5,AVAILABLE,,
101,101,EVTOL-01,EC35,31.2958393,120.5965322,199.9,BUSY,M-P-001,V1
101,101,L-UAV-01,AMZN,31.3011338,120.5980995,100.0,BUSY,M-L-001,V2
101,101,M-UAV-01,M600,31.3108767,120.6039862,30.5,AVAILABLE,,
101,101,M-UAV-02,M600,31.2971716,120.5956323,30.5,AVAILABLE,,
102,102,EVTOL-01,EC35,31.2955734,120.5968218,199.9,BUSY,M-P-001,V1
102,102,L-UAV-01,AMZN,31.3010142,120.5980250,100.0,BUSY,M-L-001,V2
102,102,M-UAV-01,M600,31.3108767,120.6039862,30.5,AVAILABLE,,
102,102,M-UAV-02,M600,31.2971716,120.5956323,30.5,AVAILABLE,,
103,103,EVTOL-01,EC35,31.2953372,120.5971447,199.9,BUSY,M-P-001,V1
103,103,L-UAV-01,AMZN,31.3008945,120.5979505,100.0,BUSY,M-L-001,V2
103,103,M-UAV-01,M600,31.3108767,120.6039862,30.5,AVAILABLE,,
103,103,M-UAV-02,M600,31.2971716,120.5956323,30.5,AVAILABLE,,
104,104,EVTOL-01,EC35,31.2951337,120.5974967,199.9,BUSY,M-P-001,V1
104,104,L-UAV-01,AMZN,31.3007749,120.5978760,100.0,BUSY,M-L-001,V2
104,104,M-UAV-01,M600,31.3108767,120.6039862,30.5,AVAILABLE,,
104,104,M-UAV-02,M600,31.2971716,120.5956323,30.5,AVAILABLE,,
105,105,EVTOL-01,EC35,31.2949655,120.5978734,199.9,BUSY,M-P-001,V1
105,105,L-UAV-01,AMZN,31.3006552,120.5978014,100.0,BUSY,M-L-001,V2
105,105,M-UAV-01,M600,31.3108767,120.6039862,30.5,AVAILABLE,,
105,105,M-UAV-02,M600,31.2971716,120.5956323,30.5,AVAILABLE,,
106,106,EVTOL-01,EC35,31.2948348,120.5982700,199.9,BUSY,M-P-001,V1
106,106,L-UAV-01,AMZN,31.3005355,120.5977269,100.0,BUSY,M-L-001,V2
106,106,M-UAV-01,M600,31.3108767,120.6039862,30.5,AVAILABLE,,
106,106,M-UAV-02,M600,31.2971716,120.5956323,30.5,AVAILABLE,,
107,107,EVTOL-01,EC35,31.2947432,120.5986813,199.9,BUSY,M-P-001,V1
107,107,L-UAV-01,AMZN,31.3004159,120.5976524,100.0,BUSY,M-L-001,V2
107,107,M-UAV-01,M600,31.3108767,120.6039862,30.5,AVAILABLE,,
107,107,M-UAV-02,M600,31.2971716,120.5956323,30.5,AVAILABLE,,
108,108,EVTOL-01,EC35,31.2946918,120.5991020,199.9,BUSY,M-P-001,V1
108,108,L-UAV-01,AMZN,31.3002962,120.5975779,100.0,BUSY,M-L-001,V2
108,108,M-UAV-01,M600,31.3108767,120.6039862,30.5,AVAILABLE,,
108,108,M-UAV-02,M600,31.2971716,120.5956323,30.5,AVAILABLE,,
109,109,EVTOL-01,EC35,31.2946815,120.5995269,199.9,BUSY,M-P-001,V1
109,109,L-UAV-01,AMZN,31.3001765,120.5975034,100.0,BUSY,M-L-001,V2
109,109,M-UAV-01,M600,31.3108767,120.6039862,30.5,AVAILABLE,,
109,109,M-UAV-02,M600,31.2971716,120.5956323,30.5,AVAILABLE,,
110,110,EVTOL-01,EC35,31.2947122,120.5999504,199.9,BUSY,M-P-001,V1
110,110,L-UAV-01,AMZN,31.3000569,120.5974289,100.0,BUSY,M-L-001,V2
110,110,M-UAV-01,M600,31.3108767,120.6039862,30.5,AVAILABLE,,
110,110,M-UAV-02,M600,31.2971716,120.5956323,30.5,AVAILABLE,,
111,111,EVTOL-01,EC35,31.2947836,120.6003671,199.9,BUSY,M-P-001,V1
111,111,L-UAV-01,AMZN,31.2999372,120.5973544,100.0,BUSY,M-L-001,V2
111,111,M-UAV-01,M600,31.3108767,120.6039862,30.5,AVAILABLE,,
111,111,M-UAV-02,M600,31.2971716,120.5956323,30.5,AVAILABLE,,
112,112,EVTOL-01,EC35,31.2948948,120.6007717,199.9,BUSY,M-P-001,V1
112,112,L-UAV-01,AMZN,31.2998175,120.5972799,100.0,BUSY,M-L-001,V2
112,112,M-UAV-01,M600,31.3108767,120.6039862,30.5,AVAILABLE,,
112,112,M-UAV-02,M600,31.2971716,120.5956323,30.5,AVAILABLE,,
113,113,EVTOL-01,EC35,31.2950443,120.6011591,199.9,BUSY,M-P-001,V1
113,113,L-UAV-01,AMZN,31.2996979,120.5972053,100.0,BUSY,M-L-001,V2
113,113,M-UAV-01,M600,31.3108767,120.6039862,30.5,AVAILABLE,,
113,113,M-UAV-02,M600,31.2971716,120.5956323,30.5,AVAILABLE,,
114,114,EVTOL-01,EC35,31.2952303,120.6015241,199.9,BUSY,M-P-001,V1
114,114,L-UAV-01,AMZN,31.2995782,120.5971308,100.0,BUSY,M-L-001,V2
114,114,M-UAV-01,M600,31.3108767,120.6039862,30.5,AVAILABLE,,
114,114,M-UAV-02,M600,31.2971716,120.5956323,30.5,AVAILABLE,,
115,115,EVTOL-01,EC35,31.2954503,120.6018623,199.9,BUSY,M-P-001,V1
115,115,L-UAV-01,AMZN,31.2994585,120.5970563,100.0,BUSY,M-L-001,V2
115,115,M-UAV-01,M600,31.3108767,120.6039862,30.5,AVAILABLE,,
115,115,M-UAV-02,M600,31.2971716,120.5956323,30.5,AVAILABLE,,
116,116,EVTOL-01,EC35,31.2957016,120.6021692,199.9,BUSY,M-P-001,V1
116,116,L-UAV-01,AMZN,31.2993389,120.5969818,100.0,BUSY,M-L-001,V2
116,116,M-UAV-01,M600,31.3108767,120.6039862,30.5,AVAILABLE,,
116,116,M-UAV-02,M600,31.2971716,120.5956323,30.5,AVAILABLE,,
117,117,EVTOL-01,EC35,31.2959809,120.6024409,199.9,BUSY,M-P-001,V1
117,117,L-UAV-01,AMZN,31.2992192,120.5969073,100.0,BUSY,M-L-001,V2
117,117,M-UAV-01,M600,31.3108767,120.6039862,30.5,AVAILABLE,,
117,117,M-UAV-02,M600,31.2971716,120.5956323,30.5,AVAILABLE,,
118,118,EVTOL-01,EC35,31.2962846,120.6026739,199.9,BUSY,M-P-001,V1
118,118,L-UAV-01,AMZN,31.2990996,120.5968328,100.0,BUSY,M-L-001,V2
118,118,M-UAV-01,M600,31.3108767,120.6039862,30.5,AVAILABLE,,
118,118,M-UAV-02,M600,31.2971716,120.5956323,30.5,AVAILABLE,,
119,119,EVTOL-01,EC35,31.2966089,120.6028653,199.9,BUSY,M-P-001,V1
119,119,L-UAV-01,AMZN,31.2989799,120.5967583,100.0,BUSY,M-L-001,V2
119,119,M-UAV-01,M600,31.3108767,120.6039862,30.5,AVAILABLE,,
119,119,M-UAV-02,M600,31.2971716,120.5956323,30.5,AVAILABLE,,
120,120,EVTOL-01,EC35,31.2969496,120.6030125,199.9,BUSY,M-P-001,V1
120,120,L-UAV-01,AMZN,31.2988602,120.5966838,100.0,BUSY,M-L-001,V2
120,120,M-UAV-01,M600,31.3108767,120.6039862,30.5,AVAILABLE,,
120,120,M-UAV-02,M600,31.2971716,120.5956323,30.5,AVAILABLE,,
121,121,EVTOL-01,EC35,31.2973023,120.6031138,199.9,BUSY,M-P-001,V1
121,121,L-UAV-01,AMZN,31.2987406,120.5966093,100.0,BUSY,M-L-001,V2
121,121,M-UAV-01,M600,31.3108767,120.6039862,30.5,AVAILABLE,,
121,121,M-UAV-02,M600,31.2971716,120.5956323,30.5,AVAILABLE,,
122,122,EVTOL-01,EC35,31.2976626,120.6031678,199.9,BUSY,M-P-001,V1
122,122,L-UAV-01,AMZN,31.2986209,120.5965348,100.0,BUSY,M-L-001,V2
122,122,M-UAV-01,M600,31.3108767,120.6039862,30.5,AVAILABLE,,
122,122,M-UAV-02,M600,31.2971716,120.5956323,30.5,AVAILABLE,,
123,123,EVTOL-01,EC35,31.2980253,120.6031902,199.9,BUSY,M-P-001,V1
123,123,L-UAV-01,AMZN,31.2985012,120.5964602,100.0,BUSY,M-L-001,V2
123,123,M-UAV-01,M600,31.3108767,120.6039862,30.5,AVAILABLE,,
123,123,M-UAV-02,M600,31.2971716,120.5956323,30.5,AVAILABLE,,
124,124,EVTOL-01,EC35,31.2983880,120.6032127,199.9,BUSY,M-P-001,V1
124,124,L-UAV-01,AMZN,31.2983816,120.5963857,100.0,BUSY,M-L-001,V2
124,124,M-UAV-01,M600,31.3108767,120.6039862,30.5,AVAILABLE,,
124,124,M-UAV-02,M600,31.2971716,120.5956323,30.5,AVAILABLE,,
125,125,EVTOL-01,EC35,31.2987506,120.6032352,199.9,BUSY,M-P-001,V1
125,125,L-UAV-01,AMZN,31.2982619,120.5963112,100.0,BUSY,M-L-001,V2
125,125,M-UAV-01,M600,31.3108767,120.6039862,30.5,AVAILABLE,,
125,125,M-UAV-02,M600,31.2971716,120.5956323,30.5,AVAILABLE,,
126,126,EVTOL-01,EC35,31.2991133,120.6032576,199.9,BUSY,M-P-001,V1
126,126,L-UAV-01,AMZN,31.2981422,120.5962367,100.0,BUSY,M-L-001,V2
126,126,M-UAV-01,M600,31.3108767,120.6039862,30.5,AVAILABLE,,
126,126,M-UAV-02,M600,31.2971716,120.5956323,30.5,AVAILABLE,,
127,127,EVTOL-01,EC35,31.2994760,120.6032801,199.9,BUSY,M-P-001,V1
127,127,L-UAV-01,AMZN,31.2980226,120.5961622,100.0,BUSY,M-L-001,V2
127,127,M-UAV-01,M600,31.3108767,120.6039862,30.5,AVAILABLE,,
127,127,M-UAV-02,M600,31.2971716,120.5956323,30.5,AVAILABLE,,
128,128,EVTOL-01,EC35,31.2998387,120.6033025,199.9,BUSY,M-P-001,V1
128,128,L-UAV-01,AMZN,31.2979029,120.5960877,100.0,BUSY,M-L-001,V3
128,128,M-UAV-01,M600,31.3108767,120.6039862,30.5,AVAILABLE,,
128,128,M-UAV-02,M600,31.2971716,120.5956323,30.5,AVAILABLE,,
129,129,EVTOL-01,EC35,31.3002014,120.6033250,199.9,BUSY,M-P-001,V1
129,129,L-UAV-01,AMZN,31.2977697,120.5960584,100.0,BUSY,M-L-001,V3
129,129,M-UAV-01,M600,31.3108767,120.6039862,30.5,AVAILABLE,,
129,129,M-UAV-02,M600,31.2971716,120.5956323,30.5,AVAILABLE,,
130,130,EVTOL-01,EC35,31.3005641,120.6033475,199.9,BUSY,M-P-001,V1
130,130,L-UAV-01,AMZN,31.2976351,120.5960771,100.0,BUSY,M-L-001,V3
130,130,M-UAV-01,M600,31.3108767,120.6039862,30.5,AVAILABLE,,
130,130,M-UAV-02,M600,31.2971716,120.5956323,30.5,AVAILABLE,,
131,131,EVTOL-01,EC35,31.3009267,120.6033699,199.9,BUSY,M-P-001,V1
131,131,L-UAV-01,AMZN,31.2975114,120.5961419,100.0,BUSY,M-L-001,V3
131,131,M-UAV-01,M600,31.3108767,120.6039862,30.5,AVAILABLE,,
131,131,M-UAV-02,M600,31.2971716,120.5956323,30.5,AVAILABLE,,
132,132,EVTOL-01,EC35,31.3012894,120.6033924,199.9,BUSY,M-P-001,V1
132,132,L-UAV-01,AMZN,31.2974099,120.5962471,100.0,BUSY,M-L-001,V3
132,132,M-UAV-01,M600,31.3108767,120.6039862,30.5,AVAILABLE,,
132,132,M-UAV-02,M600,31.2971716,120.5956323,30.5,AVAILABLE,,
133,133,EVTOL-01,EC35,31.3016521,120.6034148,199.9,BUSY,M-P-001,V1
133,133,L-UAV-01,AMZN,31.2973399,120.5963829,100.0,BUSY,M-L-001,V3
133,133,M-UAV-01,M600,31.3108767,120.6039862,30.5,AVAILABLE,,
133,133,M-UAV-02,M600,31.2971716,120.5956323,30.5,AVAILABLE,,
134,134,EVTOL-01,EC35,31.3020148,120.6034373,199.9,BUSY,M-P-001,V1
134,134,L-UAV-01,AMZN,31.2973078,120.5965370,100.0,BUSY,M-L-001,V3
134,134,M-UAV-01,M600,31.3108767,120.6039862,30.5,AVAILABLE,,
134,134,M-UAV-02,M600,31.2971716,120.5956323,30.5,AVAILABLE,,
135,135,EVTOL-01,EC35,31.3023775,120.6034598,199.9,BUSY,M-P-001,V1
135,135,L-UAV-01,AMZN,31.2973164,120.5966954,100.0,BUSY,M-L-001,V3
135,135,M-UAV-01,M600,31.3108767,120.6039862,30.5,AVAILABLE,,
135,135,M-UAV-02,M600,31.2971716,120.5956323,30.5,AVAILABLE,,
136,136,EVTOL-01,EC35,31.3027402,120.6034822,199.9,BUSY,M-P-001,V1
136,136,L-UAV-01,AMZN,31.2973651,120.5968434,100.0,BUSY,M-L-001,V3
136,136,M-UAV-01,M600,31.3108767,120.6039862,30.5,AVAILABLE,,
136,136,M-UAV-02,M600,31.2971716,120.5956323,30.5,AVAILABLE,,
137,137,EVTOL-01,EC35,31.3031028,120.6035047,199.9,BUSY,M-P-001,V1
137,137,L-UAV-01,AMZN,31.2974494,120.5969676,100.0,BUSY,M-L-001,V3
137,137,M-UAV-01,M600,31.3108767,120.6039862,30.5,AVAILABLE,,
137,137,M-UAV-02,M600,31.2971716,120.5956323,30.5,AVAILABLE,,
138,138,EVTOL-01,EC35,31.3034655,120.6035271,199.9,BUSY,M-P-001,V1
138,138,L-UAV-01,AMZN,31.2975615,120.5970568,100.0,BUSY,M-L-001,V3
138,138,M-UAV-01,M600,31.3108767,120.6039862,30.5,AVAILABLE,,
138,138,M-UAV-02,M600,31.2971716,120.5956323,30.5,AVAILABLE,,
139,139,EVTOL-01,EC35,31.3038282,120.6035496,199.9,BUSY,M-P-001,V1
139,139,L-UAV-01,AMZN,31.2976807,120.5971323,100.0,BUSY,M-L-001,V3
139,139,M-UAV-01,M600,31.3108767,120.6039862,30.5,AVAILABLE,,
139,139,M-UAV-02,M600,31.2971716,120.5956323,30.5,AVAILABLE,,
140,140,EVTOL-01,EC35,31.3041909,120.6035721,199.9,BUSY,M-P-001,V1
140,140,L-UAV-01,AMZN,31.2977999,120.5972078,100.0,BUSY,M-L-001,V3
140,140,M-UAV-01,M600,31.3108767,120.6039862,30.5,AVAILABLE,,
140,140,M-UAV-02,M600,31.2971716,120.5956323,30.5,AVAILABLE,,
141,141,EVTOL-01,EC35,31.3045536,120.6035945,199.9,BUSY,M-P-001,V1
141,141,L-UAV-01,AMZN,31.2979191,120.5972834,100.0,BUSY,M-L-001,V3
141,141,M-UAV-01,M600,31.3108767,120.6039862,30.5,AVAILABLE,,
141,141,M-UAV-02,M600,31.2971716,120.5956323,30.5,AVAILABLE,,
142,142,EVTOL-01,EC35,31.3049162,120.6036170,199.9,BUSY,M-P-001,V1
142,142,L-UAV-01,AMZN,31.2980383,120.5973589,100.0,BUSY,M-L-001,V3
142,142,M-UAV-01,M600,31.3108767,120.6039862,30.5,AVAILABLE,,
142,142,M-UAV-02,M600,31.2971716,120.5956323,30.5,AVAILABLE,,
143,143,EVTOL-01,EC35,31.3052789,120.6036394,199.9,BUSY,M-P-001,V1
143,143,L-UAV-01,AMZN,31.2981575,120.5974345,100.0,BUSY,M-L-001,V3
143,143,M-UAV-01,M600,31.3108767,120.6039862,30.5,AVAILABLE,,
143,143,M-UAV-02,M600,31.2971716,120.5956323,30.5,AVAILABLE,,
144,144,EVTOL-01,EC35,31.3056416,120.6036619,199.9,BUSY,M-P-001,V1
144,144,L-UAV-01,AMZN,31.2982767,120.5975100,100.0,BUSY,M-L-001,V3
144,144,M-UAV-01,M600,31.3108767,120.6039862,30.5,AVAILABLE,,
144,144,M-UAV-02,M600,31.2971716,120.5956323,30.5,AVAILABLE,,
145,145,EVTOL-01,EC35,31.3060043,120.6036844,199.9,BUSY,M-P-001,V1
145,145,L-UAV-01,AMZN,31.2983959,120.5975856,100.0,BUSY,M-L-001,V3
145,145,M-UAV-01,M600,31.3108767,120.6039862,30.5,AVAILABLE,,
145,145,M-UAV-02,M600,31.2971716,120.5956323,30.5,AVAILABLE,,
146,146,EVTOL-01,EC35,31.3063670,120.6037068,199.9,BUSY,M-P-001,V1
146,146,L-UAV-01,AMZN,31.2985151,120.5976611,100.0,BUSY,M-L-001,V3
146,146,M-UAV-01,M600,31.3108767,120.6039862,30.5,AVAILABLE,,
146,146,M-UAV-02,M600,31.2971716,120.5956323,30.5,AVAILABLE,,
147,147,EVTOL-01,EC35,31.3067297,120.6037293,199.9,BUSY,M-P-001,V1
147,147,L-UAV-01,AMZN,31.2986342,120.5977366,100.0,BUSY,M-L-001,V3
147,147,M-UAV-01,M600,31.3108767,120.6039862,30.5,AVAILABLE,,
147,147,M-UAV-02,M600,31.2971716,120.5956323,30.5,AVAILABLE,,
148,148,EVTOL-01,EC35,31.3070923,120.6037518,199.9,BUSY,M-P-001,V1
148,148,L-UAV-01,AMZN,31.2987534,120.5978122,100.0,BUSY,M-L-001,V3
148,148,M-UAV-01,M600,31.3108767,120.6039862,30.5,AVAILABLE,,
148,148,M-UAV-02,M600,31.2971716,120.5956323,30.5,AVAILABLE,,
149,149,EVTOL-01,EC35,31.3074550,120.6037742,199.9,BUSY,M-P-001,V1
149,149,L-UAV-01,AMZN,31.2988726,120.5978877,100.0,BUSY,M-L-001,V3
149,149,M-UAV-01,M600,31.3108767,120.6039862,30.5,AVAILABLE,,
149,149,M-UAV-02,M600,31.2971716,120.5956323,30.5,AVAILABLE,,
150,150,EVTOL-01,EC35,31.3078177,120.6037967,199.9,BUSY,M-P-001,V1
150,150,L-UAV-01,AMZN,31.2989918,120.5979633,100.0,BUSY,M-L-001,V3
150,150,M-UAV-01,M600,31.3108767,120.6039862,30.5,AVAILABLE,,
150,150,M-UAV-02,M600,31.2971716,120.5956323,30.5,AVAILABLE,,
151,151,EVTOL-01,EC35,31.3081804,120.6038191,199.9,BUSY,M-P-001,V1
151,151,L-UAV-01,AMZN,31.2991110,120.5980388,100.0,BUSY,M-L-001,V3
151,151,M-UAV-01,M600,31.3108767,120.6039862,30.5,AVAILABLE,,
151,151,M-UAV-02,M600,31.2971716,120.5956323,30.5,AVAILABLE,,
152,152,EVTOL-01,EC35,31.3085431,120.6038416,199.9,BUSY,M-P-001,V1
152,152,L-UAV-01,AMZN,31.2992302,120.5981144,100.0,BUSY,M-L-001,V3
152,152,M-UAV-01,M600,31.3108767,120.6039862,30.5,AVAILABLE,,
152,152,M-UAV-02,M600,31.2971716,120.5956323,30.5,AVAILABLE,,
153,153,EVTOL-01,EC35,31.3089058,120.6038641,199.9,BUSY,M-P-001,V1
153,153,L-UAV-01,AMZN,31.2993494,120.5981899,100.0,BUSY,M-L-001,V3
153,153,M-UAV-01,M600,31.3108767,120.6039862,30.5,AVAILABLE,,
153,153,M-UAV-02,M600,31.2971716,120.5956323,30.5,AVAILABLE,,
154,154,EVTOL-01,EC35,31.3092684,120.6038865,199.9,BUSY,M-P-001,V1
154,154,L-UAV-01,AMZN,31.2994686,120.5982654,100.0,BUSY,M-L-001,V3
154,154,M-UAV-01,M600,31.3108767,120.6039862,30.5,AVAILABLE,,
154,154,M-UAV-02,M600,31.2971716,120.5956323,30.5,AVAILABLE,,
155,155,EVTOL-01,EC35,31.3096311,120.6039090,199.9,BUSY,M-P-001,V1
155,155,L-UAV-01,AMZN,31.2995878,120.5983410,100.0,BUSY,M-L-001,V3
155,155,M-UAV-01,M600,31.3108767,120.6039862,30.5,AVAILABLE,,
155,155,M-UAV-02,M600,31.2971716,120.5956323,30.5,AVAILABLE,,
156,156,EVTOL-01,EC35,31.3099938,120.6039315,199.9,BUSY,M-P-001,V2
156,156,L-UAV-01,AMZN,31.2997070,120.5984165,100.0,BUSY,M-L-001,V3
156,156,M-UAV-01,M600,31.3108767,120.6039862,30.5,AVAILABLE,,
156,156,M-UAV-02,M600,31.2971716,120.5956323,30.5,AVAILABLE,,
157,157,EVTOL-01,EC35,31.3103563,120.6039058,199.9,BUSY,M-P-001,V2
157,157,L-UAV-01,AMZN,31.2998262,120.5984921,100.0,BUSY,M-L-001,V3
157,157,M-UAV-01,M600,31.3108767,120.6039862,30.5,AVAILABLE,,
157,157,M-UAV-02,M600,31.2971716,120.5956323,30.5,AVAILABLE,,
158,158,EVTOL-01,EC35,31.3107141,120.6038324,199.9,BUSY,M-P-001,V2
158,158,L-UAV-01,AMZN,31.2999453,120.5985676,100.0,BUSY,M-L-001,V3
158,158,M-UAV-01,M600,31.3108767,120.6039862,30.5,AVAILABLE,,
158,158,M-UAV-02,M600,31.2971716,120.5956323,30.5,AVAILABLE,,
159,159,EVTOL-01,EC35,31.3110624,120.6037121,199.9,BUSY,M-P-001,V2
159,159,L-UAV-01,AMZN,31.3000645,120.5986432,100.0,BUSY,M-L-001,V3
159,159,M-UAV-01,M600,31.3108767,120.6039862,30.5,AVAILABLE,,
159,159,M-UAV-02,M600,31.2971716,120.5956323,30.5,AVAILABLE,,
160,160,EVTOL-01,EC35,31.3113969,120.6035466,199.9,BUSY,M-P-001,V2
160,160,L-UAV-01,AMZN,31.3001837,120.5987187,100.0,BUSY,M-L-001,V3
160,160,M-UAV-01,M600,31.3108767,120.6039862,30.5,AVAILABLE,,
160,160,M-UAV-02,M600,31.2971716,120.5956323,30.5,AVAILABLE,,
161,161,EVTOL-01,EC35,31.3117133,120.6033378,199.9,BUSY,M-P-001,V2
161,161,L-UAV-01,AMZN,31.3003029,120.5987943,100.0,BUSY,M-L-001,V3
161,161,M-UAV-01,M600,31.3108767,120.6039862,30.5,AVAILABLE,,
161,161,M-UAV-02,M600,31.2971716,120.5956323,30.5,AVAILABLE,,
162,162,EVTOL-01,EC35,31.3120075,120.6030886,199.9,BUSY,M-P-001,V2
162,162,L-UAV-01,AMZN,31.3004221,120.5988698,100.0,BUSY,M-L-001,V3
162,162,M-UAV-01,M600,31.3108767,120.6039862,30.5,AVAILABLE,,
162,162,M-UAV-02,M600,31.2971716,120.5956323,30.5,AVAILABLE,,
163,163,EVTOL-01,EC35,31.3122758,120.6028020,199.9,BUSY,M-P-001,V2
163,163,L-UAV-01,AMZN,31.3005413,120.5989454,100.0,BUSY,M-L-001,V3
163,163,M-UAV-01,M600,31.3108767,120.6039862,30.5,AVAILABLE,,
163,163,M-UAV-02,M600,31.2971716,120.5956323,30.5,AVAILABLE,,
164,164,EVTOL-01,EC35,31.3125147,120.6024818,199.9,BUSY,M-P-001,V2
164,164,L-UAV-01,AMZN,31.3006605,120.5990209,100.0,BUSY,M-L-001,V3
164,164,M-UAV-01,M600,31.3108767,120.6039862,30.5,AVAILABLE,,
164,164,M-UAV-02,M600,31.2971716,120.5956323,30.5,AVAILABLE,,
165,165,EVTOL-01,EC35,31.3127211,120.6021320,199.9,BUSY,M-P-001,V2
165,165,L-UAV-01,AMZN,31.3007797,120.5990965,100.0,BUSY,M-L-001,V3
165,165,M-UAV-01,M600,31.3108767,120.6039862,30.5,AVAILABLE,,
165,165,M-UAV-02,M600,31.2971716,120.5956323,30.5,AVAILABLE,,
166,166,EVTOL-01,EC35,31.3128925,120.6017572,199.9,BUSY,M-P-001,V2
166,166,L-UAV-01,AMZN,31.3008989,120.5991720,100.0,BUSY,M-L-001,V3
166,166,M-UAV-01,M600,31.3108767,120.6039862,30.5,AVAILABLE,,
166,166,M-UAV-02,M600,31.2971716,120.5956323,30.5,AVAILABLE,,
167,167,EVTOL-01,EC35,31.3130265,120.6013621,199.9,BUSY,M-P-001,V2
167,167,L-UAV-01,AMZN,31.3010181,120.5992475,100.0,BUSY,M-L-001,V3
167,167,M-UAV-01,M600,31.3108767,120.6039862,30.5,AVAILABLE,,
167,167,M-UAV-02,M600,31.2971716,120.5956323,30.5,AVAILABLE,,
168,168,EVTOL-01,EC35,31.3131216,120.6009518,199.9,BUSY,M-P-001,V2
168,168,L-UAV-01,AMZN,31.3011372,120.5993231,100.0,BUSY,M-L-001,V3
168,168,M-UAV-01,M600,31.3108767,120.6039862,30.5,AVAILABLE,,
168,168,M-UAV-02,M600,31.2971716,120.5956323,30.5,AVAILABLE,,
169,169,EVTOL-01,EC35,31.3131765,120.6005316,199.9,BUSY,M-P-001,V2
169,169,L-UAV-01,AMZN,31.3012564,120.5993986,100.0,BUSY,M-L-001,V3
169,169,M-UAV-01,M600,31.3108767,120.6039862,30.5,AVAILABLE,,
169,169,M-UAV-02,M600,31.2971716,120.5956323,30.5,AVAILABLE,,
170,170,EVTOL-01,EC35,31.3131904,120.6001068,199.9,BUSY,M-P-001,V2
170,170,L-UAV-01,AMZN,31.3013756,120.5994742,100.0,BUSY,M-L-001,V3
170,170,M-UAV-01,M600,31.3108767,120.6039862,30.5,AVAILABLE,,
170,170,M-UAV-02,M600,31.2971716,120.5956323,30.5,AVAILABLE,,
171,171,EVTOL-01,EC35,31.3131633,120.5996829,199.9,BUSY,M-P-001,V2
171,171,L-UAV-01,AMZN,31.3014948,120.5995497,100.0,BUSY,M-L-001,V3
171,171,M-UAV-01,M600,31.3108767,120.6039862,30.5,AVAILABLE,,
171,171,M-UAV-02,M600,31.2971716,120.5956323,30.5,AVAILABLE,,
172,172,EVTOL-01,EC35,31.3130954,120.5992652,199.9,BUSY,M-P-001,V2
172,172,L-UAV-01,AMZN,31.3016140,120.5996253,100.0,BUSY,M-L-001,V3
172,172,M-UAV-01,M600,31.3108767,120.6039862,30.5,AVAILABLE,,
172,172,M-UAV-02,M600,31.2971716,120.5956323,30.5,AVAILABLE,,
173,173,EVTOL-01,EC35,31.3129876,120.5988593,199.9,BUSY,M-P-001,V2
173,173,L-UAV-01,AMZN,31.3017332,120.5997008,100.0,BUSY,M-L-001,V3
173,173,M-UAV-01,M600,31.3108767,120.6039862,30.5,AVAILABLE,,
173,173,M-UAV-02,M600,31.2971716,120.5956323,30.5,AVAILABLE,,
174,174,EVTOL-01,EC35,31.3128413,120.5984702,199.9,BUSY,M-P-001,V2
174,174,L-UAV-01,AMZN,31.3018524,120.5997764,100.0,BUSY,M-L-001,V3
174,174,M-UAV-01,M600,31.3108767,120.6039862,30.5,AVAILABLE,,
174,174,M-UAV-02,M600,31.2971716,120.5956323,30.5,AVAILABLE,,
175,175,EVTOL-01,EC35,31.3126584,120.5981029,199.9,BUSY,M-P-001,V2
175,175,L-UAV-01,AMZN,31.3019716,120.5998519,100.0,BUSY,M-L-001,V3
175,175,M-UAV-01,M600,31.3108767,120.6039862,30.5,AVAILABLE,,
175,175,M-UAV-02,M600,31.2971716,120.5956323,30.5,AVAILABLE,,
176,176,EVTOL-01,EC35,31.3124412,120.5977622,199.9,BUSY,M-P-001,V2
176,176,L-UAV-01,AMZN,31.3020908,120.5999275,100.0,BUSY,M-L-001,V3
176,176,M-UAV-01,M600,31.3108767,120.6039862,30.5,AVAILABLE,,
176,176,M-UAV-02,M600,31.2971716,120.5956323,30.5,AVAILABLE,,
177,177,EVTOL-01,EC35,31.3121925,120.5974524,199.9,BUSY,M-P-001,V2
177,177,L-UAV-01,AMZN,31.3022099,120.6000030,100.0,BUSY,M-L-001,V3
177,177,M-UAV-01,M600,31.3108767,120.6039862,30.5,AVAILABLE,,
177,177,M-UAV-02,M600,31.2971716,120.5956323,30.5,AVAILABLE,,
178,178,EVTOL-01,EC35,31.3119155,120.5971774,199.9,BUSY,M-P-001,V2
178,178,L-UAV-01,AMZN,31.3023291,120.6000786,100.0,BUSY,M-L-001,V3
178,178,M-UAV-01,M600,31.3108767,120.6039862,30.5,AVAILABLE,,
178,178,M-UAV-02,M600,31.2971716,120.5956323,30.5,AVAILABLE,,
179,179,EVTOL-01,EC35,31.3116138,120.5969409,199.9,BUSY,M-P-001,V2
179,179,L-UAV-01,AMZN,31.3024483,120.6001541,100.0,BUSY,M-L-001,V3
179,179,M-UAV-01,M600,31.3108767,120.6039862,30.5,AVAILABLE,,
179,179,M-UAV-02,M600,31.2971716,120.5956323,30.5,AVAILABLE,,
180,180,EVTOL-01,EC35,31.3112911,120.5967458,199.9,BUSY,M-P-001,V2
180,180,L-UAV-01,AMZN,31.3025675,120.6002297,100.0,BUSY,M-L-001,V3
180,180,M-UAV-01,M600,31.3108767,120.6039862,30.5,AVAILABLE,,
180,180,M-UAV-02,M600,31.2971716,120.5956323,30.5,AVAILABLE,,
181,181,EVTOL-01,EC35,31.3109516,120.5965946,199.9,BUSY,M-P-001,V2
181,181,L-UAV-01,AMZN,31.3026867,120.6003052,100.0,BUSY,M-L-001,V3
181,181,M-UAV-01,M600,31.3108767,120.6039862,30.5,AVAILABLE,,
181,181,M-UAV-02,M600,31.2971716,120.5956323,30.5,AVAILABLE,,
182,182,EVTOL-01,EC35,31.3105998,120.5964892,199.9,BUSY,M-P-001,V2
182,182,L-UAV-01,AMZN,31.3028059,120.6003808,100.0,BUSY,M-L-001,V3
182,182,M-UAV-01,M600,31.3108767,120.6039862,30.5,AVAILABLE,,
182,182,M-UAV-02,M600,31.2971716,120.5956323,30.5,AVAILABLE,,
183,183,EVTOL-01,EC35,31.3102400,120.5964311,199.9,BUSY,M-P-001,V2
183,183,L-UAV-01,AMZN,31.3029251,120.6004563,100.0,BUSY,M-L-001,V3
183,183,M-UAV-01,M600,31.3108767,120.6039862,30.5,AVAILABLE,,
183,183,M-UAV-02,M600,31.2971716,120.5956323,30.5,AVAILABLE,,
184,184,EVTOL-01,EC35,31.3098773,120.5964089,199.9,BUSY,M-P-001,V2
184,184,L-UAV-01,AMZN,31.3030443,120.6005319,100.0,BUSY,M-L-001,V3
184,184,M-UAV-01,M600,31.3108767,120.6039862,30.5,AVAILABLE,,
184,184,M-UAV-02,M600,31.2971716,120.5956323,30.5,AVAILABLE,,
185,185,EVTOL-01,EC35,31.3095146,120.5963868,199.9,BUSY,M-P-001,V2
185,185,L-UAV-01,AMZN,31.3031635,120.6006074,100.0,BUSY,M-L-001,V3
185,185,M-UAV-01,M600,31.3108767,120.6039862,30.5,AVAILABLE,,
185,185,M-UAV-02,M600,31.2971716,120.5956323,30.5,AVAILABLE,,
186,186,EVTOL-01,EC35,31.3091519,120.5963646,199.9,BUSY,M-P-001,V2
186,186,L-UAV-01,AMZN,31.3032827,120.6006830,100.0,BUSY,M-L-001,V3
186,186,M-UAV-01,M600,31.3108767,120.6039862,30.5,AVAILABLE,,
186,186,M-UAV-02,M600,31.2971716,120.5956323,30.5,AVAILABLE,,
187,187,EVTOL-01,EC35,31.3087892,120.5963424,199.9,BUSY,M-P-001,V2
187,187,L-UAV-01,AMZN,31.3034018,120.6007585,100.0,BUSY,M-L-001,V3
187,187,M-UAV-01,M600,31.3108767,120.6039862,30.5,AVAILABLE,,
187,187,M-UAV-02,M600,31.2971716,120.5956323,30.5,AVAILABLE,,
188,188,EVTOL-01,EC35,31.3084265,120.5963202,199.9,BUSY,M-P-001,V2
188,188,L-UAV-01,AMZN,31.3035210,120.6008341,100.0,BUSY,M-L-001,V3
188,188,M-UAV-01,M600,31.3108767,120.6039862,30.5,AVAILABLE,,
188,188,M-UAV-02,M600,31.2971716,120.5956323,30.5,AVAILABLE,,
189,189,EVTOL-01,EC35,31.3080638,120.5962981,199.9,BUSY,M-P-001,V2
189,189,L-UAV-01,AMZN,31.3036402,120.6009096,100.0,BUSY,M-L-001,V3
189,189,M-UAV-01,M600,31.3108767,120.6039862,30.5,AVAILABLE,,
189,189,M-UAV-02,M600,31.2971716,120.5956323,30.5,AVAILABLE,,
190,190,EVTOL-01,EC35,31.3077011,120.5962759,199.9,BUSY,M-P-001,V2
190,190,L-UAV-01,AMZN,31.3037594,120.6009852,100.0,BUSY,M-L-001,V3
190,190,M-UAV-01,M600,31.3108767,120.6039862,30.5,AVAILABLE,,
190,190,M-UAV-02,M600,31.2971716,120.5956323,30.5,AVAILABLE,,
191,191,EVTOL-01,EC35,31.3073384,120.5962537,199.9,BUSY,M-P-001,V2
191,191,L-UAV-01,AMZN,31.3038786,120.6010607,100.0,BUSY,M-L-001,V3
191,191,M-UAV-01,M600,31.3108767,120.6039862,30.5,AVAILABLE,,
191,191,M-UAV-02,M600,31.2971716,120.5956323,30.5,AVAILABLE,,
192,192,EVTOL-01,EC35,31.3069757,120.5962316,199.9,BUSY,M-P-001,V2
192,192,L-UAV-01,AMZN,31.3039978,120.6011363,100.0,BUSY,M-L-001,V3
192,192,M-UAV-01,M600,31.3108767,120.6039862,30.5,AVAILABLE,,
192,192,M-UAV-02,M600,31.2971716,120.5956323,30.5,AVAILABLE,,
193,193,EVTOL-01,EC35,31.3066130,120.5962094,199.9,BUSY,M-P-001,V2
193,193,L-UAV-01,AMZN,31.3041170,120.6012118,100.0,BUSY,M-L-001,V3
193,193,M-UAV-01,M600,31.3108767,120.6039862,30.5,AVAILABLE,,
193,193,M-UAV-02,M600,31.2971716,120.5956323,30.5,AVAILABLE,,
194,194,EVTOL-01,EC35,31.3062503,120.5961872,199.9,BUSY,M-P-001,V2
194,194,L-UAV-01,AMZN,31.3042362,120.6012874,100.0,BUSY,M-L-001,V3
194,194,M-UAV-01,M600,31.3108767,120.6039862,30.5,AVAILABLE,,
194,194,M-UAV-02,M600,31.2971716,120.5956323,30.5,AVAILABLE,,
195,195,EVTOL-01,EC35,31.3058876,120.5961650,199.9,BUSY,M-P-001,V2
195,195,L-UAV-01,AMZN,31.3043553,120.6013629,100.0,BUSY,M-L-001,V3
195,195,M-UAV-01,M600,31.3108767,120.6039862,30.5,AVAILABLE,,
195,195,M-UAV-02,M600,31.2971716,120.5956323,30.5,AVAILABLE,,
196,196,EVTOL-01,EC35,31.3055249,120.5961429,199.9,BUSY,M-P-001,V2
196,196,L-UAV-01,AMZN,31.3044745,120.6014385,100.0,BUSY,M-L-001,V3
196,196,M-UAV-01,M600,31.3108767,120.6039862,30.5,AVAILABLE,,
196,196,M-UAV-02,M600,31.2971716,120.5956323,30.5,AVAILABLE,,
197,197,EVTOL-01,EC35,31.3051622,120.5961207,199.9,BUSY,M-P-001,V2
197,197,L-UAV-01,AMZN,31.3045937,120.6015140,100.0,BUSY,M-L-001,V3
197,197,M-UAV-01,M600,31.3108767,120.6039862,30.5,AVAILABLE,,
197,197,M-UAV-02,M600,31.2971716,120.5956323,30.5,AVAILABLE,,
198,198,EVTOL-01,EC35,31.3047996,120.5960985,199.9,BUSY,M-P-001,V2
198,198,L-UAV-01,AMZN,31.3047129,120.6015896,100.0,BUSY,M-L-001,V3
198,198,M-UAV-01,M600,31.3108767,120.6039862,30.5,AVAILABLE,,
198,198,M-UAV-02,M600,31.2971716,120.5956323,30.5,AVAILABLE,,
199,199,EVTOL-01,EC35,31.3044369,120.5960764,199.9,BUSY,M-P-001,V2
199,199,L-UAV-01,AMZN,31.3048321,120.6016652,100.0,BUSY,M-L-001,V3
199,199,M-UAV-01,M600,31.3108767,120.6039862,30.5,AVAILABLE,,
199,199,M-UAV-02,M600,31.2971716,120.5956323,30.5,AVAILABLE,,
200,200,EVTOL-01,EC35,31.3040742,120.5960542,199.9,BUSY,M-P-001,V2
200,200,L-UAV-01,AMZN,31.3049513,120.6017407,100.0,BUSY,M-L-001,V3
200,200,M-UAV-01,M600,31.3108767,120.6039862,30.5,AVAILABLE,,
200,200,M-UAV-02,M600,31.2971716,120.5956323,30.5,AVAILABLE,,
201,201,EVTOL-01,EC35,31.3037115,120.5960320,199.9,BUSY,M-P-001,V2
201,201,L-UAV-01,AMZN,31.3050705,120.6018163,100.0,BUSY,M-L-001,V3
201,201,M-UAV-01,M600,31.3108767,120.6039862,30.5,AVAILABLE,,
201,201,M-UAV-02,M600,31.2971716,120.5956323,30.5,AVAILABLE,,
202,202,EVTOL-01,EC35,31.3033488,120.5960099,199.9,BUSY,M-P-001,V2
202,202,L-UAV-01,AMZN,31.3051897,120.6018918,100.0,BUSY,M-L-001,V3
202,202,M-UAV-01,M600,31.3108767,120.6039862,30.5,AVAILABLE,,
202,202,M-UAV-02,M600,31.2971716,120.5956323,30.5,AVAILABLE,,
203,203,EVTOL-01,EC35,31.3029861,120.5959877,199.9,BUSY,M-P-001,V2
203,203,L-UAV-01,AMZN,31.3053089,120.6019674,100.0,BUSY,M-L-001,V3
203,203,M-UAV-01,M600,31.3108767,120.6039862,30.5,AVAILABLE,,
203,203,M-UAV-02,M600,31.2971716,120.5956323,30.5,AVAILABLE,,
204,204,EVTOL-01,EC35,31.3026234,120.5959655,199.9,BUSY,M-P-001,V2
204,204,L-UAV-01,AMZN,31.3054280,120.6020429,100.0,BUSY,M-L-001,V3
204,204,M-UAV-01,M600,31.3108767,120.6039862,30.5,AVAILABLE,,
204,204,M-UAV-02,M600,31.2971716,120.5956323,30.5,AVAILABLE,,
205,205,EVTOL-01,EC35,31.3022607,120.5959434,199.9,BUSY,M-P-001,V2
205,205,L-UAV-01,AMZN,31.3055472,120.6021185,100.0,BUSY,M-L-001,V3
205,205,M-UAV-01,M600,31.3108767,120.6039862,30.5,AVAILABLE,,
205,205,M-UAV-02,M600,31.2971716,120.5956323,30.5,AVAILABLE,,
206,206,EVTOL-01,EC35,31.3018980,120.5959212,199.9,BUSY,M-P-001,V2
206,206,L-UAV-01,AMZN,31.3056664,120.6021940,100.0,BUSY,M-L-001,V3
206,206,M-UAV-01,M600,31.3108767,120.6039862,30.5,AVAILABLE,,
206,206,M-UAV-02,M600,31.2971716,120.5956323,30.5,AVAILABLE,,
207,207,EVTOL-01,EC35,31.3015353,120.5958990,199.9,BUSY,M-P-001,V2
207,207,L-UAV-01,AMZN,31.3057856,120.6022696,100.0,BUSY,M-L-001,V2
207,207,M-UAV-01,M600,31.3108767,120.6039862,30.5,AVAILABLE,,
207,207,M-UAV-02,M600,31.2971716,120.5956323,30.5,AVAILABLE,,
208,208,EVTOL-01,EC35,31.3011726,120.5958769,199.9,BUSY,M-P-001,V2
208,208,L-UAV-01,AMZN,31.3059186,120.6023000,100.0,BUSY,M-L-001,V2
208,208,M-UAV-01,M600,31.3108767,120.6039862,30.5,AVAILABLE,,
208,208,M-UAV-02,M600,31.2971716,120.5956323,30.5,AVAILABLE,,
209,209,EVTOL-01,EC35,31.3008099,120.5958547,199.9,BUSY,M-P-001,V2
209,209,L-UAV-01,AMZN,31.3060534,120.6022825,100.0,BUSY,M-L-001,V2
209,209,M-UAV-01,M600,31.3108767,120.6039862,30.5,AVAILABLE,,
209,209,M-UAV-02,M600,31.2971716,120.5956323,30.5,AVAILABLE,,
210,210,EVTOL-01,EC35,31.3004472,120.5958325,199.9,BUSY,M-P-001,V2
210,210,L-UAV-01,AMZN,31.3061775,120.6022187,100.0,BUSY,M-L-001,V2
210,210,M-UAV-01,M600,31.3108767,120.6039862,30.5,AVAILABLE,,
210,210,M-UAV-02,M600,31.2971716,120.5956323,30.5,AVAILABLE,,
211,211,EVTOL-01,EC35,31.3000845,120.5958104,199.9,BUSY,M-P-001,V2
211,211,L-UAV-01,AMZN,31.3062796,120.6021145,100.0,BUSY,M-L-001,V2
211,211,M-UAV-01,M600,31.3108767,120.6039862,30.5,AVAILABLE,,
211,211,M-UAV-02,M600,31.2971716,120.5956323,30.5,AVAILABLE,,
212,212,EVTOL-01,EC35,31.2997218,120.5957882,199.9,BUSY,M-P-001,V2
212,212,L-UAV-01,AMZN,31.3063505,120.6019792,100.0,BUSY,M-L-001,V2
212,212,M-UAV-01,M600,31.3108767,120.6039862,30.5,AVAILABLE,,
212,212,M-UAV-02,M600,31.2971716,120.5956323,30.5,AVAILABLE,,
213,213,EVTOL-01,EC35,31.2993591,120.5957660,199.9,BUSY,M-P-001,V2
213,213,L-UAV-01,AMZN,31.3063836,120.6018254,100.0,BUSY,M-L-001,V2
213,213,M-UAV-01,M600,31.3108767,120.6039862,30.5,AVAILABLE,,
213,213,M-UAV-02,M600,31.2971716,120.5956323,30.5,AVAILABLE,,
214,214,EVTOL-01,EC35,31.2989964,120.5957439,199.9,BUSY,M-P-001,V2
214,214,L-UAV-01,AMZN,31.3063759,120.6016670,100.0,BUSY,M-L-001,V2
214,214,M-UAV-01,M600,31.3108767,120.6039862,30.5,AVAILABLE,,
214,214,M-UAV-02,M600,31.2971716,120.5956323,30.5,AVAILABLE,,
215,215,EVTOL-01,EC35,31.2986337,120.5957217,199.9,BUSY,M-P-001,V2
215,215,L-UAV-01,AMZN,31.3063282,120.6015185,100.0,BUSY,M-L-001,V2
215,215,M-UAV-01,M600,31.3108767,120.6039862,30.5,AVAILABLE,,
215,215,M-UAV-02,M600,31.2971716,120.5956323,30.5,AVAILABLE,,
216,216,EVTOL-01,EC35,31.2982710,120.5956995,199.9,BUSY,M-P-001,V2
216,216,L-UAV-01,AMZN,31.3062447,120.6013935,100.0,BUSY,M-L-001,V2
216,216,M-UAV-01,M600,31.3108767,120.6039862,30.5,AVAILABLE,,
216,216,M-UAV-02,M600,31.2971716,120.5956323,30.5,AVAILABLE,,
217,217,EVTOL-01,EC35,31.2979083,120.5956774,199.9,BUSY,M-P-001,V1
217,217,L-UAV-01,AMZN,31.3061331,120.6013034,100.0,BUSY,M-L-001,V2
217,217,M-UAV-01,M600,31.3108767,120.6039862,30.5,AVAILABLE,,
217,217,M-UAV-02,M600,31.2971716,120.5956323,30.5,AVAILABLE,,
218,218,EVTOL-01,EC35,31.2975458,120.5957033,199.9,BUSY,M-P-001,V1
218,218,L-UAV-01,AMZN,31.3060139,120.6012280,100.0,BUSY,M-L-001,V2
218,218,M-UAV-01,M600,31.3108767,120.6039862,30.5,AVAILABLE,,
218,218,M-UAV-02,M600,31.2971716,120.5956323,30.5,AVAILABLE,,
219,219,EVTOL-01,EC35,31.2971881,120.5957770,199.9,BUSY,M-P-001,V1
219,219,L-UAV-01,AMZN,31.3058947,120.6011525,100.0,BUSY,M-L-001,V2
219,219,M-UAV-01,M600,31.3108767,120.6039862,30.5,AVAILABLE,,
219,219,M-UAV-02,M600,31.2971716,120.5956323,30.5,AVAILABLE,,
220,220,EVTOL-01,EC35,31.2968398,120.5958975,199.9,BUSY,M-P-001,V1
220,220,L-UAV-01,AMZN,31.3057754,120.6010770,100.0,BUSY,M-L-001,V2
220,220,M-UAV-01,M600,31.3108767,120.6039862,30.5,AVAILABLE,,
220,220,M-UAV-02,M600,31.2971716,120.5956323,30.5,AVAILABLE,,
221,221,EVTOL-01,EC35,31.2965054,120.5960633,199.9,BUSY,M-P-001,V1
221,221,L-UAV-01,AMZN,31.3056562,120.6010016,100.0,BUSY,M-L-001,V2
221,221,M-UAV-01,M600,31.3108767,120.6039862,30.5,AVAILABLE,,
221,221,M-UAV-02,M600,31.2971716,120.5956323,30.5,AVAILABLE,,
222,222,EVTOL-01,EC35,31.2961892,120.5962723,199.9,BUSY,M-P-001,V1
222,222,L-UAV-01,AMZN,31.3055370,120.6009261,100.0,BUSY,M-L-001,V2
222,222,M-UAV-01,M600,31.3108767,120.6039862,30.5,AVAILABLE,,
222,222,M-UAV-02,M600,31.2971716,120.5956323,30.5,AVAILABLE,,
223,223,EVTOL-01,EC35,31.2958951,120.5965218,199.9,BUSY,M-P-001,V1
223,223,L-UAV-01,AMZN,31.3054177,120.6008507,100.0,BUSY,M-L-001,V2
223,223,M-UAV-01,M600,31.3108767,120.6039862,30.5,AVAILABLE,,
223,223,M-UAV-02,M600,31.2971716,120.5956323,30.5,AVAILABLE,,
224,224,EVTOL-01,EC35,31.2956270,120.5968085,199.9,BUSY,M-P-001,V1
224,224,L-UAV-01,AMZN,31.3052985,120.6007752,100.0,BUSY,M-L-001,V2
224,224,M-UAV-01,M600,31.3108767,120.6039862,30.5,AVAILABLE,,
224,224,M-UAV-02,M600,31.2971716,120.5956323,30.5,AVAILABLE,,
225,225,EVTOL-01,EC35,31.2953883,120.5971289,199.9,BUSY,M-P-001,V1
225,225,L-UAV-01,AMZN,31.3051793,120.6006997,100.0,BUSY,M-L-001,V2
225,225,M-UAV-01,M600,31.3108767,120.6039862,30.5,AVAILABLE,,
225,225,M-UAV-02,M600,31.2971716,120.5956323,30.5,AVAILABLE,,
226,226,EVTOL-01,EC35,31.2951821,120.5974787,199.9,BUSY,M-P-001,V1
226,226,L-UAV-01,AMZN,31.3050600,120.6006243,100.0,BUSY,M-L-001,V2
226,226,M-UAV-01,M600,31.3108767,120.6039862,30.5,AVAILABLE,,
226,226,M-UAV-02,M600,31.2971716,120.5956323,30.5,AVAILABLE,,
227,227,EVTOL-01,EC35,31.2950110,120.5978536,199.9,BUSY,M-P-001,V1
227,227,L-UAV-01,AMZN,31.3049408,120.6005488,100.0,BUSY,M-L-001,V2
227,227,M-UAV-01,M600,31.3108767,120.6039862,30.5,AVAILABLE,,
227,227,M-UAV-02,M600,31.2971716,120.5956323,30.5,AVAILABLE,,
228,228,EVTOL-01,EC35,31.2948771,120.5982487,199.9,BUSY,M-P-001,V1
228,228,L-UAV-01,AMZN,31.3048216,120.6004734,100.0,BUSY,M-L-001,V2
228,228,M-UAV-01,M600,31.3108767,120.6039862,30.5,AVAILABLE,,
228,228,M-UAV-02,M600,31.2971716,120.5956323,30.5,AVAILABLE,,
229,229,EVTOL-01,EC35,31.2947823,120.5986590,199.9,BUSY,M-P-001,V1
229,229,L-UAV-01,AMZN,31.3047024,120.6003979,100.0,BUSY,M-L-001,V2
229,229,M-UAV-01,M600,31.3108767,120.6039862,30.5,AVAILABLE,,
229,229,M-UAV-02,M600,31.2971716,120.5956323,30.5,AVAILABLE,,
230,230,EVTOL-01,EC35,31.2947277,120.5990792,199.9,BUSY,M-P-001,V1
230,230,L-UAV-01,AMZN,31.3045831,120.6003225,100.0,BUSY,M-L-001,V2
230,230,M-UAV-01,M600,31.3108767,120.6039862,30.5,AVAILABLE,,
230,230,M-UAV-02,M600,31.2971716,120.5956323,30.5,AVAILABLE,,
231,231,EVTOL-01,EC35,31.2947140,120.5995039,199.9,BUSY,M-P-001,V1
231,231,L-UAV-01,AMZN,31.3044639,120.6002470,100.0,BUSY,M-L-001,V2
231,231,M-UAV-01,M600,31.3108767,120.6039862,30.5,AVAILABLE,,
231,231,M-UAV-02,M600,31.2971716,120.5956323,30.5,AVAILABLE,,
232,232,EVTOL-01,EC35,31.2947414,120.5999278,199.9,BUSY,M-P-001,V1
232,232,L-UAV-01,AMZN,31.3043447,120.6001715,100.0,BUSY,M-L-001,V2
232,232,M-UAV-01,M600,31.3108767,120.6039862,30.5,AVAILABLE,,
232,232,M-UAV-02,M600,31.2971716,120.5956323,30.5,AVAILABLE,,
233,233,EVTOL-01,EC35,31.2948095,120.6003452,199.9,BUSY,M-P-001,V1
233,233,L-UAV-01,AMZN,31.3042254,120.6000961,100.0,BUSY,M-L-001,V2
233,233,M-UAV-01,M600,31.3108767,120.6039862,30.5,AVAILABLE,,
233,233,M-UAV-02,M600,31.2971716,120.5956323,30.5,AVAILABLE,,
234,234,EVTOL-01,EC35,31.2949176,120.6007510,199.9,BUSY,M-P-001,V1
234,234,L-UAV-01,AMZN,31.3041062,120.6000206,100.0,BUSY,M-L-001,V2
234,234,M-UAV-01,M600,31.3108767,120.6039862,30.5,AVAILABLE,,
234,234,M-UAV-02,M600,31.2971716,120.5956323,30.5,AVAILABLE,,
235,235,EVTOL-01,EC35,31.2950641,120.6011399,199.9,BUSY,M-P-001,V1
235,235,L-UAV-01,AMZN,31.3039870,120.5999452,100.0,BUSY,M-L-001,V2
235,235,M-UAV-01,M600,31.3108767,120.6039862,30.5,AVAILABLE,,
235,235,M-UAV-02,M600,31.2971716,120.5956323,30.5,AVAILABLE,,
236,236,EVTOL-01,EC35,31.2952472,120.6015070,199.9,BUSY,M-P-001,V1
236,236,L-UAV-01,AMZN,31.3038677,120.5998697,100.0,BUSY,M-L-001,V2
236,236,M-UAV-01,M600,31.3108767,120.6039862,30.5,AVAILABLE,,
236,236,M-UAV-02,M600,31.2971716,120.5956323,30.5,AVAILABLE,,
237,237,EVTOL-01,EC35,31.2954646,120.6018475,199.9,BUSY,M-P-001,V1
237,237,L-UAV-01,AMZN,31.3037485,120.5997943,100.0,BUSY,M-L-001,V2
237,237,M-UAV-01,M600,31.3108767,120.6039862,30.5,AVAILABLE,,
237,237,M-UAV-02,M600,31.2971716,120.5956323,30.5,AVAILABLE,,
238,238,EVTOL-01,EC35,31.2957135,120.6021570,199.9,BUSY,M-P-001,V1
238,238,L-UAV-01,AMZN,31.3036293,120.5997188,100.0,BUSY,M-L-001,V2
238,238,M-UAV-01,M600,31.3108767,120.6039862,30.5,AVAILABLE,,
238,238,M-UAV-02,M600,31.2971716,120.5956323,30.5,AVAILABLE,,
239,239,EVTOL-01,EC35,31.2959906,120.6024317,199.9,BUSY,M-P-001,V1
239,239,L-UAV-01,AMZN,31.3035100,120.5996433,100.0,BUSY,M-L-001,V2
239,239,M-UAV-01,M600,31.3108767,120.6039862,30.5,AVAILABLE,,
239,239,M-UAV-02,M600,31.2971716,120.5956323,30.5,AVAILABLE,,
240,240,EVTOL-01,EC35,31.2962925,120.6026680,199.9,BUSY,M-P-001,V1
240,240,L-UAV-01,AMZN,31.3033908,120.5995679,100.0,BUSY,M-L-001,V2
240,240,M-UAV-01,M600,31.3108767,120.6039862,30.5,AVAILABLE,,
240,240,M-UAV-02,M600,31.2971716,120.5956323,30.5,AVAILABLE,,
241,241,EVTOL-01,EC35,31.2966153,120.6028628,199.9,BUSY,M-P-001,V1
241,241,L-UAV-01,AMZN,31.3032716,120.5994924,100.0,BUSY,M-L-001,V2
241,241,M-UAV-01,M600,31.3108767,120.6039862,30.5,AVAILABLE,,
241,241,M-UAV-02,M600,31.2971716,120.5956323,30.5,AVAILABLE,,
242,242,EVTOL-01,EC35,31.2969549,120.6030137,199.9,BUSY,M-P-001,V1
242,242,L-UAV-01,AMZN,31.3031523,120.5994170,100.0,BUSY,M-L-001,V2
242,242,M-UAV-01,M600,31.3108767,120.6039862,30.5,AVAILABLE,,
242,242,M-UAV-02,M600,31.2971716,120.5956323,30.5,AVAILABLE,,
243,243,EVTOL-01,EC35,31.2973068,120.6031187,199.9,BUSY,M-P-001,V1
243,243,L-UAV-01,AMZN,31.3030331,120.5993415,100.0,BUSY,M-L-001,V2
243,243,M-UAV-01,M600,31.3108767,120.6039862,30.5,AVAILABLE,,
243,243,M-UAV-02,M600,31.2971716,120.5956323,30.5,AVAILABLE,,
244,244,EVTOL-01,EC35,31.2976666,120.6031766,199.9,BUSY,M-P-001,V1
244,244,L-UAV-01,AMZN,31.3029139,120.5992661,100.0,BUSY,M-L-001,V2
244,244,M-UAV-01,M600,31.3108767,120.6039862,30.5,AVAILABLE,,
244,244,M-UAV-02,M600,31.2971716,120.5956323,30.5,AVAILABLE,,
245,245,EVTOL-01,EC35,31.2980293,120.6031988,199.9,BUSY,M-P-001,V1
245,245,L-UAV-01,AMZN,31.3027946,120.5991906,100.0,BUSY,M-L-001,V2
245,245,M-UAV-01,M600,31.3108767,120.6039862,30.5,AVAILABLE,,
245,245,M-UAV-02,M600,31.2971716,120.5956323,30.5,AVAILABLE,,
246,246,EVTOL-01,EC35,31.2983920,120.6032210,199.9,BUSY,M-P-001,V1
246,246,L-UAV-01,AMZN,31.3026754,120.5991151,100.0,BUSY,M-L-001,V2
246,246,M-UAV-01,M600,31.3108767,120.6039862,30.5,AVAILABLE,,
246,246,M-UAV-02,M600,31.2971716,120.5956323,30.5,AVAILABLE,,
247,247,EVTOL-01,EC35,31.2987547,120.6032432,199.9,BUSY,M-P-001,V1
247,247,L-UAV-01,AMZN,31.3025562,120.5990397,100.0,BUSY,M-L-001,V2
247,247,M-UAV-01,M600,31.3108767,120.6039862,30.5,AVAILABLE,,
247,247,M-UAV-02,M600,31.2971716,120.5956323,30.5,AVAILABLE,,
248,248,EVTOL-01,EC35,31.2991174,120.6032655,199.9,BUSY,M-P-001,V1
248,248,L-UAV-01,AMZN,31.3024369,120.5989642,100.0,BUSY,M-L-001,V2
248,248,M-UAV-01,M600,31.3108767,120.6039862,30.5,AVAILABLE,,
248,248,M-UAV-02,M600,31.2971716,120.5956323,30.5,AVAILABLE,,
249,249,EVTOL-01,EC35,31.2994801,120.6032877,199.9,BUSY,M-P-001,V1
249,249,L-UAV-01,AMZN,31.3023177,120.5988888,100.0,BUSY,M-L-001,V2
249,249,M-UAV-01,M600,31.3108767,120.6039862,30.5,AVAILABLE,,
249,249,M-UAV-02,M600,31.2971716,120.5956323,30.5,AVAILABLE,,
250,250,EVTOL-01,EC35,31.2998428,120.6033099,199.9,BUSY,M-P-001,V1
250,250,L-UAV-01,AMZN,31.3021985,120.5988133,100.0,BUSY,M-L-001,V2
250,250,M-UAV-01,M600,31.3108767,120.6039862,30.5,AVAILABLE,,
250,250,M-UAV-02,M600,31.2971716,120.5956323,30.5,AVAILABLE,,
251,251,EVTOL-01,EC35,31.3002055,120.6033321,199.9,BUSY,M-P-001,V1
251,251,L-UAV-01,AMZN,31.3020792,120.5987379,100.0,BUSY,M-L-001,V2
251,251,M-UAV-01,M600,31.3108767,120.6039862,30.5,AVAILABLE,,
251,251,M-UAV-02,M600,31.2971716,120.5956323,30.5,AVAILABLE,,
252,252,EVTOL-01,EC35,31.3005681,120.6033544,199.9,BUSY,M-P-001,V1
252,252,L-UAV-01,AMZN,31.3019600,120.5986624,100.0,BUSY,M-L-001,V2
252,252,M-UAV-01,M600,31.3108767,120.6039862,30.5,AVAILABLE,,
252,252,M-UAV-02,M600,31.2971716,120.5956323,30.5,AVAILABLE,,
253,253,EVTOL-01,EC35,31.3009308,120.6033766,199.9,BUSY,M-P-001,V1
253,253,L-UAV-01,AMZN,31.3018408,120.5985870,100.0,BUSY,M-L-001,V2
253,253,M-UAV-01,M600,31.3108767,120.6039862,30.5,AVAILABLE,,
253,253,M-UAV-02,M600,31.2971716,120.5956323,30.5,AVAILABLE,,
254,254,EVTOL-01,EC35,31.3012935,120.6033988,199.9,BUSY,M-P-001,V1
254,254,L-UAV-01,AMZN,31.3017215,120.5985115,100.0,BUSY,M-L-001,V2
254,254,M-UAV-01,M600,31.3108767,120.6039862,30.5,AVAILABLE,,
254,254,M-UAV-02,M600,31.2971716,120.5956323,30.5,AVAILABLE,,
255,255,EVTOL-01,EC35,31.3016562,120.6034210,199.9,BUSY,M-P-001,V1
255,255,L-UAV-01,AMZN,31.3016023,120.5984361,100.0,BUSY,M-L-001,V2
255,255,M-UAV-01,M600,31.3108767,120.6039862,30.5,AVAILABLE,,
255,255,M-UAV-02,M600,31.2971716,120.5956323,30.5,AVAILABLE,,
256,256,EVTOL-01,EC35,31.3020189,120.6034433,199.9,BUSY,M-P-001,V1
256,256,L-UAV-01,AMZN,31.3014831,120.5983606,100.0,BUSY,M-L-001,V2
256,256,M-UAV-01,M600,31.3108767,120.6039862,30.5,AVAILABLE,,
256,256,M-UAV-02,M600,31.2971716,120.5956323,30.5,AVAILABLE,,
257,257,EVTOL-01,EC35,31.3023816,120.6034655,199.9,BUSY,M-P-001,V1
257,257,L-UAV-01,AMZN,31.3013638,120.5982851,100.0,BUSY,M-L-001,V2
257,257,M-UAV-01,M600,31.3108767,120.6039862,30.5,AVAILABLE,,
257,257,M-UAV-02,M600,31.2971716,120.5956323,30.5,AVAILABLE,,
258,258,EVTOL-01,EC35,31.3027443,120.6034877,199.9,BUSY,M-P-001,V1
258,258,L-UAV-01,AMZN,31.3012446,120.5982097,100.0,BUSY,M-L-001,V2
258,258,M-UAV-01,M600,31.3108767,120.6039862,30.5,AVAILABLE,,
258,258,M-UAV-02,M600,31.2971716,120.5956323,30.5,AVAILABLE,,
259,259,EVTOL-01,EC35,31.3031070,120.6035100,199.9,BUSY,M-P-001,V1
259,259,L-UAV-01,AMZN,31.3011254,120.5981342,100.0,BUSY,M-L-001,V2
259,259,M-UAV-01,M600,31.3108767,120.6039862,30.5,AVAILABLE,,
259,259,M-UAV-02,M600,31.2971716,120.5956323,30.5,AVAILABLE,,
260,260,EVTOL-01,EC35,31.3034697,120.6035322,199.9,BUSY,M-P-001,V1
260,260,L-UAV-01,AMZN,31.3010061,120.5980588,100.0,BUSY,M-L-001,V2
260,260,M-UAV-01,M600,31.3108767,120.6039862,30.5,AVAILABLE,,
260,260,M-UAV-02,M600,31.2971716,120.5956323,30.5,AVAILABLE,,
261,261,EVTOL-01,EC35,31.3038324,120.6035544,199.9,BUSY,M-P-001,V1
261,261,L-UAV-01,AMZN,31.3008869,120.5979833,100.0,BUSY,M-L-001,V2
261,261,M-UAV-01,M600,31.3108767,120.6039862,30.5,AVAILABLE,,
261,261,M-UAV-02,M600,31.2971716,120.5956323,30.5,AVAILABLE,,
262,262,EVTOL-01,EC35,31.3041951,120.6035766,199.9,BUSY,M-P-001,V1
262,262,L-UAV-01,AMZN,31.3007677,120.5979079,100.0,BUSY,M-L-001,V2
262,262,M-UAV-01,M600,31.3108767,120.6039862,30.5,AVAILABLE,,
262,262,M-UAV-02,M600,31.2971716,120.5956323,30.5,AVAILABLE,,
263,263,EVTOL-01,EC35,31.3045578,120.6035989,199.9,BUSY,M-P-001,V1
263,263,L-UAV-01,AMZN,31.3006484,120.5978324,100.0,BUSY,M-L-001,V2
263,263,M-UAV-01,M600,31.3108767,120.6039862,30.5,AVAILABLE,,
263,263,M-UAV-02,M600,31.2971716,120.5956323,30.5,AVAILABLE,,
264,264,EVTOL-01,EC35,31.3049205,120.6036211,199.9,BUSY,M-P-001,V1
264,264,L-UAV-01,AMZN,31.3005292,120.5977570,100.0,BUSY,M-L-001,V2
264,264,M-UAV-01,M600,31.3108767,120.6039862,30.5,AVAILABLE,,
264,264,M-UAV-02,M600,31.2971716,120.5956323,30.5,AVAILABLE,,
265,265,EVTOL-01,EC35,31.3052832,120.6036433,199.9,BUSY,M-P-001,V1
265,265,L-UAV-01,AMZN,31.3004100,120.5976815,100.0,BUSY,M-L-001,V2
265,265,M-UAV-01,M600,31.3108767,120.6039862,30.5,AVAILABLE,,
265,265,M-UAV-02,M600,31.2971716,120.5956323,30.5,AVAILABLE,,
266,266,EVTOL-01,EC35,31.3056459,120.6036656,199.9,BUSY,M-P-001,V1
266,266,L-UAV-01,AMZN,31.3002907,120.5976061,100.0,BUSY,M-L-001,V2
266,266,M-UAV-01,M600,31.3108767,120.6039862,30.5,AVAILABLE,,
266,266,M-UAV-02,M600,31.2971716,120.5956323,30.5,AVAILABLE,,
267,267,EVTOL-01,EC35,31.3060085,120.6036878,199.9,BUSY,M-P-001,V1
267,267,L-UAV-01,AMZN,31.3001715,120.5975306,100.0,BUSY,M-L-001,V2
267,267,M-UAV-01,M600,31.3108767,120.6039862,30.5,AVAILABLE,,
267,267,M-UAV-02,M600,31.2971716,120.5956323,30.5,AVAILABLE,,
268,268,EVTOL-01,EC35,31.3063712,120.6037100,199.9,BUSY,M-P-001,V1
268,268,L-UAV-01,AMZN,31.3000523,120.5974552,100.0,BUSY,M-L-001,V2
268,268,M-UAV-01,M600,31.3108767,120.6039862,30.5,AVAILABLE,,
268,268,M-UAV-02,M600,31.2971716,120.5956323,30.5,AVAILABLE,,
269,269,EVTOL-01,EC35,31.3067339,120.6037322,199.9,BUSY,M-P-001,V1
269,269,L-UAV-01,AMZN,31.2999330,120.5973797,100.0,BUSY,M-L-001,V2
269,269,M-UAV-01,M600,31.3108767,120.6039862,30.5,AVAILABLE,,
269,269,M-UAV-02,M600,31.2971716,120.5956323,30.5,AVAILABLE,,
270,270,EVTOL-01,EC35,31.3070966,120.6037545,199.9,BUSY,M-P-001,V1
270,270,L-UAV-01,AMZN,31.2998138,120.5973043,100.0,BUSY,M-L-001,V2
270,270,M-UAV-01,M600,31.3108767,120.6039862,30.5,AVAILABLE,,
270,270,M-UAV-02,M600,31.2971716,120.5956323,30.5,AVAILABLE,,
271,271,EVTOL-01,EC35,31.3074593,120.6037767,199.9,BUSY,M-P-001,V1
271,271,L-UAV-01,AMZN,31.2996946,120.5972288,100.0,BUSY,M-L-001,V2
271,271,M-UAV-01,M600,31.3108767,120.6039862,30.5,AVAILABLE,,
271,271,M-UAV-02,M600,31.2971716,120.5956323,30.5,AVAILABLE,,
272,272,EVTOL-01,EC35,31.3078220,120.6037989,199.9,BUSY,M-P-001,V1
272,272,L-UAV-01,AMZN,31.2995753,120.5971534,100.0,BUSY,M-L-001,V2
272,272,M-UAV-01,M600,31.3108767,120.6039862,30.5,AVAILABLE,,
272,272,M-UAV-02,M600,31.2971716,120.5956323,30.5,AVAILABLE,,
273,273,EVTOL-01,EC35,31.3081847,120.6038212,199.9,BUSY,M-P-001,V1
273,273,L-UAV-01,AMZN,31.2994561,120.5970779,100.0,BUSY,M-L-001,V2
273,273,M-UAV-01,M600,31.3108767,120.6039862,30.5,AVAILABLE,,
273,273,M-UAV-02,M600,31.2971716,120.5956323,30.5,AVAILABLE,,
274,274,EVTOL-01,EC35,31.3085474,120.6038434,199.9,BUSY,M-P-001,V1
274,274,L-UAV-01,AMZN,31.2993369,120.5970025,100.0,BUSY,M-L-001,V2
274,274,M-UAV-01,M600,31.3108767,120.6039862,30.5,AVAILABLE,,
274,274,M-UAV-02,M600,31.2971716,120.5956323,30.5,AVAILABLE,,
275,275,EVTOL-01,EC35,31.3089101,120.6038656,199.9,BUSY,M-P-001,V1
275,275,L-UAV-01,AMZN,31.2992176,120.5969270,100.0,BUSY,M-L-001,V2
275,275,M-UAV-01,M600,31.3108767,120.6039862,30.5,AVAILABLE,,
275,275,M-UAV-02,M600,31.2971716,120.5956323,30.5,AVAILABLE,,
276,276,EVTOL-01,EC35,31.3092728,120.6038878,199.9,BUSY,M-P-001,V1
276,276,L-UAV-01,AMZN,31.2990984,120.5968516,100.0,BUSY,M-L-001,V2
276,276,M-UAV-01,M600,31.3108767,120.6039862,30.5,AVAILABLE,,
276,276,M-UAV-02,M600,31.2971716,120.5956323,30.5,AVAILABLE,,
277,277,EVTOL-01,EC35,31.3096355,120.6039101,199.9,BUSY,M-P-001,V1
277,277,L-UAV-01,AMZN,31.2989792,120.5967761,100.0,BUSY,M-L-001,V2
277,277,M-UAV-01,M600,31.3108767,120.6039862,30.5,AVAILABLE,,
277,277,M-UAV-02,M600,31.2971716,120.5956323,30.5,AVAILABLE,,
278,278,EVTOL-01,EC35,31.3099982,120.6039323,199.9,BUSY,M-P-001,V2
278,278,L-UAV-01,AMZN,31.2988599,120.5967007,100.0,BUSY,M-L-001,V2
278,278,M-UAV-01,M600,31.3108767,120.6039862,30.5,AVAILABLE,,
278,278,M-UAV-02,M600,31.2971716,120.5956323,30.5,AVAILABLE,,
279,279,EVTOL-01,EC35,31.3103607,120.6039064,199.9,BUSY,M-P-001,V2
279,279,L-UAV-01,AMZN,31.2987407,120.5966252,100.0,BUSY,M-L-001,V2
279,279,M-UAV-01,M600,31.3108767,120.6039862,30.5,AVAILABLE,,
279,279,M-UAV-02,M600,31.2971716,120.5956323,30.5,AVAILABLE,,
280,280,EVTOL-01,EC35,31.3107184,120.6038328,199.9,BUSY,M-P-001,V2
280,280,L-UAV-01,AMZN,31.2986215,120.5965498,100.0,BUSY,M-L-001,V2
280,280,M-UAV-01,M600,31.3108767,120.6039862,30.5,AVAILABLE,,
280,280,M-UAV-02,M600,31.2971716,120.5956323,30.5,AVAILABLE,,
281,281,EVTOL-01,EC35,31.3110667,120.6037123,199.9,BUSY,M-P-001,V2
281,281,L-UAV-01,AMZN,31.2985022,120.5964743,100.0,BUSY,M-L-001,V2
281,281,M-UAV-01,M600,31.3108767,120.6039862,30.5,AVAILABLE,,
281,281,M-UAV-02,M600,31.2971716,120.5956323,30.5,AVAILABLE,,
282,282,EVTOL-01,EC35,31.3114011,120.6035465,199.9,BUSY,M-P-001,V2
282,282,L-UAV-01,AMZN,31.2983830,120.5963989,100.0,BUSY,M-L-001,V2
282,282,M-UAV-01,M600,31.3108767,120.6039862,30.5,AVAILABLE,,
282,282,M-UAV-02,M600,31.2971716,120.5956323,30.5,AVAILABLE,,
283,283,EVTOL-01,EC35,31.3117174,120.6033375,199.9,BUSY,M-P-001,V2
283,283,L-UAV-01,AMZN,31.2982638,120.5963234,100.0,BUSY,M-L-001,V2
283,283,M-UAV-01,M600,31.3108767,120.6039862,30.5,AVAILABLE,,
283,283,M-UAV-02,M600,31.2971716,120.5956323,30.5,AVAILABLE,,
284,284,EVTOL-01,EC35,31.3120115,120.6030881,199.9,BUSY,M-P-001,V2
284,284,L-UAV-01,AMZN,31.2981445,120.5962480,100.0,BUSY,M-L-001,V2
284,284,M-UAV-01,M600,31.3108767,120.6039862,30.5,AVAILABLE,,
284,284,M-UAV-02,M600,31.2971716,120.5956323,30.5,AVAILABLE,,
285,285,EVTOL-01,EC35,31.3122796,120.6028014,199.9,BUSY,M-P-001,V2
285,285,L-UAV-01,AMZN,31.2980253,120.5961725,100.0,BUSY,M-L-001,V2
285,285,M-UAV-01,M600,31.3108767,120.6039862,30.5,AVAILABLE,,
285,285,M-UAV-02,M600,31.2971716,120.5956323,30.5,AVAILABLE,,
286,286,EVTOL-01,EC35,31.3125184,120.6024810,199.9,BUSY,M-P-001,V2
286,286,L-UAV-01,AMZN,31.2979061,120.5960971,100.0,BUSY,M-L-001,V3
286,286,M-UAV-01,M600,31.3108767,120.6039862,30.5,AVAILABLE,,
286,286,M-UAV-02,M600,31.2971716,120.5956323,30.5,AVAILABLE,,
287,287,EVTOL-01,EC35,31.3127246,120.6021311,199.9,BUSY,M-P-001,V2
287,287,L-UAV-01,AMZN,31.2977730,120.5960668,100.0,BUSY,M-L-001,V3
287,287,M-UAV-01,M600,31.3108767,120.6039862,30.5,AVAILABLE,,
287,287,M-UAV-02,M600,31.2971716,120.5956323,30.5,AVAILABLE,,
288,288,EVTOL-01,EC35,31.3128958,120.6017562,199.9,BUSY,M-P-001,V2
288,288,L-UAV-01,AMZN,31.2976383,120.5960844,100.0,BUSY,M-L-001,V3
288,288,M-UAV-01,M600,31.3108767,120.6039862,30.5,AVAILABLE,,
288,288,M-UAV-02,M600,31.2971716,120.5956323,30.5,AVAILABLE,,
289,289,EVTOL-01,EC35,31.3130297,120.6013610,199.9,BUSY,M-P-001,V2
289,289,L-UAV-01,AMZN,31.2975142,120.5961483,100.0,BUSY,M-L-001,V3
289,289,M-UAV-01,M600,31.3108767,120.6039862,30.5,AVAILABLE,,
289,289,M-UAV-02,M600,31.2971716,120.5956323,30.5,AVAILABLE,,
290,290,EVTOL-01,EC35,31.3131246,120.6009506,199.9,BUSY,M-P-001,V2
290,290,L-UAV-01,AMZN,31.2974121,120.5962526,100.0,BUSY,M-L-001,V3
290,290,M-UAV-01,M600,31.3108767,120.6039862,30.5,AVAILABLE,,
290,290,M-UAV-02,M600,31.2971716,120.5956323,30.5,AVAILABLE,,
291,291,EVTOL-01,EC35,31.3131792,120.6005304,199.9,BUSY,M-P-001,V2
291,291,L-UAV-01,AMZN,31.2973414,120.5963879,100.0,BUSY,M-L-001,V3
291,291,M-UAV-01,M600,31.3108767,120.6039862,30.5,AVAILABLE,,
291,291,M-UAV-02,M600,31.2971716,120.5956323,30.5,AVAILABLE,,
292,292,EVTOL-01,EC35,31.3131930,120.6001056,199.9,BUSY,M-P-001,V2
292,292,L-UAV-01,AMZN,31.2973083,120.5965418,100.0,BUSY,M-L-001,V3
292,292,M-UAV-01,M600,31.3108767,120.6039862,30.5,AVAILABLE,,
292,292,M-UAV-02,M600,31.2971716,120.5956323,30.5,AVAILABLE,,
293,293,EVTOL-01,EC35,31.3131656,120.5996817,199.9,BUSY,M-P-001,V2
293,293,L-UAV-01,AMZN,31.2973161,120.5967001,100.0,BUSY,M-L-001,V3
293,293,M-UAV-01,M600,31.3108767,120.6039862,30.5,AVAILABLE,,
293,293,M-UAV-02,M600,31.2971716,120.5956323,30.5,AVAILABLE,,
294,294,EVTOL-01,EC35,31.3130975,120.5992641,199.9,BUSY,M-P-001,V2
294,294,L-UAV-01,AMZN,31.2973639,120.5968485,100.0,BUSY,M-L-001,V3
294,294,M-UAV-01,M600,31.3108767,120.6039862,30.5,AVAILABLE,,
294,294,M-UAV-02,M600,31.2971716,120.5956323,30.5,AVAILABLE,,
295,295,EVTOL-01,EC35,31.3129896,120.5988582,199.9,BUSY,M-P-001,V2
295,295,L-UAV-01,AMZN,31.2974475,120.5969735,100.0,BUSY,M-L-001,V3
295,295,M-UAV-01,M600,31.3108767,120.6039862,30.5,AVAILABLE,,
295,295,M-UAV-02,M600,31.2971716,120.5956323,30.5,AVAILABLE,,
296,296,EVTOL-01,EC35,31.3128431,120.5984692,199.9,BUSY,M-P-001,V2
296,296,L-UAV-01,AMZN,31.2975591,120.5970634,100.0,BUSY,M-L-001,V3
296,296,M-UAV-01,M600,31.3108767,120.6039862,30.5,AVAILABLE,,
296,296,M-UAV-02,M600,31.2971716,120.5956323,30.5,AVAILABLE,,
297,297,EVTOL-01,EC35,31.3126600,120.5981020,199.9,BUSY,M-P-001,V2
297,297,L-UAV-01,AMZN,31.2976784,120.5971389,100.0,BUSY,M-L-001,V3
297,297,M-UAV-01,M600,31.3108767,120.6039862,30.5,AVAILABLE,,
297,297,M-UAV-02,M600,31.2971716,120.5956323,30.5,AVAILABLE,,
298,298,EVTOL-01,EC35,31.3124427,120.5977614,199.9,BUSY,M-P-001,V2
298,298,L-UAV-01,AMZN,31.2977976,120.5972144,100.0,BUSY,M-L-001,V3
298,298,M-UAV-01,M600,31.3108767,120.6039862,30.5,AVAILABLE,,
298,298,M-UAV-02,M600,31.2971716,120.5956323,30.5,AVAILABLE,,
299,299,EVTOL-01,EC35,31.3121938,120.5974518,199.9,BUSY,M-P-001,V2
299,299,L-UAV-01,AMZN,31.2979168,120.5972898,100.0,BUSY,M-L-001,V3
299,299,M-UAV-01,M600,31.3108767,120.6039862,30.5,AVAILABLE,,
299,299,M-UAV-02,M600,31.2971716,120.5956323,30.5,AVAILABLE,,
300,300,EVTOL-01,EC35,31.3119167,120.5971770,199.9,BUSY,M-P-001,V2
300,300,L-UAV-01,AMZN,31.2980360,120.5973653,100.0,BUSY,M-L-001,V3
300,300,M-UAV-01,M600,31.3108767,120.6039862,30.5,AVAILABLE,,
300,300,M-UAV-02,M600,31.2971716,120.5956323,30.5,AVAILABLE,,
301,301,EVTOL-01,EC35,31.3116148,120.5969407,199.9,BUSY,M-P-001,V2
301,301,L-UAV-01,AMZN,31.2981553,120.5974407,100.0,BUSY,M-L-001,V3
301,301,M-UAV-01,M600,31.3108767,120.6039862,30.5,AVAILABLE,,
301,301,M-UAV-02,M600,31.2971716,120.5956323,30.5,AVAILABLE,,
302,302,EVTOL-01,EC35,31.3112921,120.5967458,199.9,BUSY,M-P-001,V2
302,302,L-UAV-01,AMZN,31.2982745,120.5975162,100.0,BUSY,M-L-001,V3
302,302,M-UAV-01,M600,31.3108767,120.6039862,30.5,AVAILABLE,,
302,302,M-UAV-02,M600,31.2971716,120.5956323,30.5,AVAILABLE,,
303,303,EVTOL-01,EC35,31.3109526,120.5965948,199.9,BUSY,M-P-001,V2
303,303,L-UAV-01,AMZN,31.2983937,120.5975917,100.0,BUSY,M-L-001,V3
303,303,M-UAV-01,M600,31.3108767,120.6039862,30.5,AVAILABLE,,
303,303,M-UAV-02,M600,31.2971716,120.5956323,30.5,AVAILABLE,,
304,304,EVTOL-01,EC35,31.3106006,120.5964897,199.9,BUSY,M-P-001,V2
304,304,L-UAV-01,AMZN,31.2985130,120.5976671,100.0,BUSY,M-L-001,V3
304,304,M-UAV-01,M600,31.3108767,120.6039862,30.5,AVAILABLE,,
304,304,M-UAV-02,M600,31.2971716,120.5956323,30.5,AVAILABLE,,
305,305,EVTOL-01,EC35,31.3102408,120.5964318,199.9,BUSY,M-P-001,V2
305,305,L-UAV-01,AMZN,31.2986322,120.5977426,100.0,BUSY,M-L-001,V3
305,305,M-UAV-01,M600,31.3108767,120.6039862,30.5,AVAILABLE,,
305,305,M-UAV-02,M600,31.2971716,120.5956323,30.5,AVAILABLE,,
306,306,EVTOL-01,EC35,31.3098781,120.5964096,199.9,BUSY,M-P-001,V2
306,306,L-UAV-01,AMZN,31.2987514,120.5978180,100.0,BUSY,M-L-001,V3
306,306,M-UAV-01,M600,31.3108767,120.6039862,30.5,AVAILABLE,,
306,306,M-UAV-02,M600,31.2971716,120.5956323,30.5,AVAILABLE,,
307,307,EVTOL-01,EC35,31.3095154,120.5963874,199.9,BUSY,M-P-001,V2
307,307,L-UAV-01,AMZN,31.2988707,120.5978935,100.0,BUSY,M-L-001,V3
307,307,M-UAV-01,M600,31.3108767,120.6039862,30.5,AVAILABLE,,
307,307,M-UAV-02,M600,31.2971716,120.5956323,30.5,AVAILABLE,,
308,308,EVTOL-01,EC35,31.3091527,120.5963652,199.9,BUSY,M-P-001,V2
308,308,L-UAV-01,AMZN,31.2989899,120.5979690,100.0,BUSY,M-L-001,V3
308,308,M-UAV-01,M600,31.3108767,120.6039862,30.5,AVAILABLE,,
308,308,M-UAV-02,M600,31.2971716,120.5956323,30.5,AVAILABLE,,
309,309,EVTOL-01,EC35,31.3087901,120.5963430,199.9,BUSY,M-P-001,V2
309,309,L-UAV-01,AMZN,31.2991091,120.5980444,100.0,BUSY,M-L-001,V3
309,309,M-UAV-01,M600,31.3108767,120.6039862,30.5,AVAILABLE,,
309,309,M-UAV-02,M600,31.2971716,120.5956323,30.5,AVAILABLE,,
310,310,EVTOL-01,EC35,31.3084274,120.5963208,199.9,BUSY,M-P-001,V2
310,310,L-UAV-01,AMZN,31.2992283,120.5981199,100.0,BUSY,M-L-001,V3
310,310,M-UAV-01,M600,31.3108767,120.6039862,30.5,AVAILABLE,,
310,310,M-UAV-02,M600,31.2971716,120.5956323,30.5,AVAILABLE,,
311,311,EVTOL-01,EC35,31.3080647,120.5962986,199.9,BUSY,M-P-001,V2
311,311,L-UAV-01,AMZN,31.2993476,120.5981953,100.0,BUSY,M-L-001,V3
311,311,M-UAV-01,M600,31.3108767,120.6039862,30.5,AVAILABLE,,
311,311,M-UAV-02,M600,31.2971716,120.5956323,30.5,AVAILABLE,,
312,312,EVTOL-01,EC35,31.3077020,120.5962765,199.9,BUSY,M-P-001,V2
312,312,L-UAV-01,AMZN,31.2994668,120.5982708,100.0,BUSY,M-L-001,V3
312,312,M-UAV-01,M600,31.3108767,120.6039862,30.5,AVAILABLE,,
312,312,M-UAV-02,M600,31.2971716,120.5956323,30.5,AVAILABLE,,
313,313,EVTOL-01,EC35,31.3073393,120.5962543,199.9,BUSY,M-P-001,V2
313,313,L-UAV-01,AMZN,31.2995860,120.5983463,100.0,BUSY,M-L-001,V3
313,313,M-UAV-01,M600,31.3108767,120.6039862,30.5,AVAILABLE,,
313,313,M-UAV-02,M600,31.2971716,120.5956323,30.5,AVAILABLE,,
314,314,EVTOL-01,EC35,31.3069766,120.5962321,199.9,BUSY,M-P-001,V2
314,314,L-UAV-01,AMZN,31.2997053,120.5984217,100.0,BUSY,M-L-001,V3
314,314,M-UAV-01,M600,31.3108767,120.6039862,30.5,AVAILABLE,,
314,314,M-UAV-02,M600,31.2971716,120.5956323,30.5,AVAILABLE,,
315,315,EVTOL-01,EC35,31.3066139,120.5962099,199.9,BUSY,M-P-001,V2
315,315,L-UAV-01,AMZN,31.2998245,120.5984972,100.0,BUSY,M-L-001,V3
315,315,M-UAV-01,M600,31.3108767,120.6039862,30.5,AVAILABLE,,
315,315,M-UAV-02,M600,31.2971716,120.5956323,30.5,AVAILABLE,,
316,316,EVTOL-01,EC35,31.3062512,120.5961877,199.9,BUSY,M-P-001,V2
316,316,L-UAV-01,AMZN,31.2999437,120.5985726,100.0,BUSY,M-L-001,V3
316,316,M-UAV-01,M600,31.3108767,120.6039862,30.5,AVAILABLE,,
316,316,M-UAV-02,M600,31.2971716,120.5956323,30.5,AVAILABLE,,
317,317,EVTOL-01,EC35,31.3058885,120.5961655,199.9,BUSY,M-P-001,V2
317,317,L-UAV-01,AMZN,31.3000629,120.5986481,100.0,BUSY,M-L-001,V3
317,317,M-UAV-01,M600,31.3108767,120.6039862,30.5,AVAILABLE,,
317,317,M-UAV-02,M600,31.2971716,120.5956323,30.5,AVAILABLE,,
318,318,EVTOL-01,EC35,31.3055258,120.5961433,199.9,BUSY,M-P-001,V2
318,318,L-UAV-01,AMZN,31.3001822,120.5987236,100.0,BUSY,M-L-001,V3
318,318,M-UAV-01,M600,31.3108767,120.6039862,30.5,AVAILABLE,,
318,318,M-UAV-02,M600,31.2971716,120.5956323,30.5,AVAILABLE,,
319,319,EVTOL-01,EC35,31.3051631,120.5961211,199.9,BUSY,M-P-001,V2
319,319,L-UAV-01,AMZN,31.3003014,120.5987990,100.0,BUSY,M-L-001,V3
319,319,M-UAV-01,M600,31.3108767,120.6039862,30.5,AVAILABLE,,
319,319,M-UAV-02,M600,31.2971716,120.5956323,30.5,AVAILABLE,,
320,320,EVTOL-01,EC35,31.3048004,120.5960990,199.9,BUSY,M-P-001,V2
320,320,L-UAV-01,AMZN,31.3004206,120.5988745,100.0,BUSY,M-L-001,V3
320,320,M-UAV-01,M600,31.3108767,120.6039862,30.5,AVAILABLE,,
320,320,M-UAV-02,M600,31.2971716,120.5956323,30.5,AVAILABLE,,
321,321,EVTOL-01,EC35,31.3044377,120.5960768,199.9,BUSY,M-P-001,V2
321,321,L-UAV-01,AMZN,31.3005399,120.5989499,100.0,BUSY,M-L-001,V3
321,321,M-UAV-01,M600,31.3108767,120.6039862,30.5,AVAILABLE,,
321,321,M-UAV-02,M600,31.2971716,120.5956323,30.5,AVAILABLE,,
322,322,EVTOL-01,EC35,31.3040750,120.5960546,199.9,BUSY,M-P-001,V2
322,322,L-UAV-01,AMZN,31.3006591,120.5990254,100.0,BUSY,M-L-001,V3
322,322,M-UAV-01,M600,31.3108767,120.6039862,30.5,AVAILABLE,,
322,322,M-UAV-02,M600,31.2971716,120.5956323,30.5,AVAILABLE,,
323,323,EVTOL-01,EC35,31.3037123,120.5960324,199.9,BUSY,M-P-001,V2
323,323,L-UAV-01,AMZN,31.3007783,120.5991009,100.0,BUSY,M-L-001,V3
323,323,M-UAV-01,M600,31.3108767,120.6039862,30.5,AVAILABLE,,
323,323,M-UAV-02,M600,31.2971716,120.5956323,30.5,AVAILABLE,,
324,324,EVTOL-01,EC35,31.3033496,120.5960102,199.9,BUSY,M-P-001,V2
324,324,L-UAV-01,AMZN,31.3008975,120.5991763,100.0,BUSY,M-L-001,V3
324,324,M-UAV-01,M600,31.3108767,120.6039862,30.5,AVAILABLE,,
324,324,M-UAV-02,M600,31.2971716,120.5956323,30.5,AVAILABLE,,
325,325,EVTOL-01,EC35,31.3029869,120.5959880,199.9,BUSY,M-P-001,V2
325,325,L-UAV-01,AMZN,31.3010168,120.5992518,100.0,BUSY,M-L-001,V3
325,325,M-UAV-01,M600,31.3108767,120.6039862,30.5,AVAILABLE,,
325,325,M-UAV-02,M600,31.2971716,120.5956323,30.5,AVAILABLE,,
326,326,EVTOL-01,EC35,31.3026242,120.5959658,199.9,BUSY,M-P-001,V2
326,326,L-UAV-01,AMZN,31.3011360,120.5993273,100.0,BUSY,M-L-001,V3
326,326,M-UAV-01,M600,31.3108767,120.6039862,30.5,AVAILABLE,,
326,326,M-UAV-02,M600,31.2971716,120.5956323,30.5,AVAILABLE,,
327,327,EVTOL-01,EC35,31.3022615,120.5959437,199.9,BUSY,M-P-001,V2
327,327,L-UAV-01,AMZN,31.3012552,120.5994027,100.0,BUSY,M-L-001,V3
327,327,M-UAV-01,M600,31.3108767,120.6039862,30.5,AVAILABLE,,
327,327,M-UAV-02,M600,31.2971716,120.5956323,30.5,AVAILABLE,,
328,328,EVTOL-01,EC35,31.3018988,120.5959215,199.9,BUSY,M-P-001,V2
328,328,L-UAV-01,AMZN,31.3013745,120.5994782,100.0,BUSY,M-L-001,V3
328,328,M-UAV-01,M600,31.3108767,120.6039862,30.5,AVAILABLE,,
328,328,M-UAV-02,M600,31.2971716,120.5956323,30.5,AVAILABLE,,
329,329,EVTOL-01,EC35,31.3015361,120.5958993,199.9,BUSY,M-P-001,V2
329,329,L-UAV-01,AMZN,31.3014937,120.5995536,100.0,BUSY,M-L-001,V3
329,329,M-UAV-01,M600,31.3108767,120.6039862,30.5,AVAILABLE,,
329,329,M-UAV-02,M600,31.2971716,120.5956323,30.5,AVAILABLE,,
330,330,EVTOL-01,EC35,31.3011735,120.5958771,199.9,BUSY,M-P-001,V2
330,330,L-UAV-01,AMZN,31.3016129,120.5996291,100.0,BUSY,M-L-001,V3
330,330,M-UAV-01,M600,31.3108767,120.6039862,30.5,AVAILABLE,,
330,330,M-UAV-02,M600,31.2971716,120.5956323,30.5,AVAILABLE,,
331,331,EVTOL-01,EC35,31.3008108,120.5958549,199.9,BUSY,M-P-001,V2
331,331,L-UAV-01,AMZN,31.3017321,120.5997046,100.0,BUSY,M-L-001,V3
331,331,M-UAV-01,M600,31.3108767,120.6039862,30.5,AVAILABLE,,
331,331,M-UAV-02,M600,31.2971716,120.5956323,30.5,AVAILABLE,,
332,332,EVTOL-01,EC35,31.3004481,120.5958327,199.9,BUSY,M-P-001,V2
332,332,L-UAV-01,AMZN,31.3018514,120.5997800,100.0,BUSY,M-L-001,V3
332,332,M-UAV-01,M600,31.3108767,120.6039862,30.5,AVAILABLE,,
332,332,M-UAV-02,M600,31.2971716,120.5956323,30.5,AVAILABLE,,
333,333,EVTOL-01,EC35,31.3000854,120.5958105,199.9,BUSY,M-P-001,V2
333,333,L-UAV-01,AMZN,31.3019706,120.5998555,100.0,BUSY,M-L-001,V3
333,333,M-UAV-01,M600,31.3108767,120.6039862,30.5,AVAILABLE,,
333,333,M-UAV-02,M600,31.2971716,120.5956323,30.5,AVAILABLE,,
334,334,EVTOL-01,EC35,31.2997227,120.5957884,199.9,BUSY,M-P-001,V2
334,334,L-UAV-01,AMZN,31.3020898,120.5999310,100.0,BUSY,M-L-001,V3
334,334,M-UAV-01,M600,31.3108767,120.6039862,30.5,AVAILABLE,,
334,334,M-UAV-02,M600,31.2971716,120.5956323,30.5,AVAILABLE,,
335,335,EVTOL-01,EC35,31.2993600,120.5957662,199.9,BUSY,M-P-001,V2
335,335,L-UAV-01,AMZN,31.3022091,120.6000064,100.0,BUSY,M-L-001,V3
335,335,M-UAV-01,M600,31.3108767,120.6039862,30.5,AVAILABLE,,
335,335,M-UAV-02,M600,31.2971716,120.5956323,30.5,AVAILABLE,,
336,336,EVTOL-01,EC35,31.2989973,120.5957440,199.9,BUSY,M-P-001,V2
336,336,L-UAV-01,AMZN,31.3023283,120.6000819,100.0,BUSY,M-L-001,V3
336,336,M-UAV-01,M600,31.3108767,120.6039862,30.5,AVAILABLE,,
336,336,M-UAV-02,M600,31.2971716,120.5956323,30.5,AVAILABLE,,
337,337,EVTOL-01,EC35,31.2986346,120.5957218,199.9,BUSY,M-P-001,V2
337,337,L-UAV-01,AMZN,31.3024475,120.6001574,100.0,BUSY,M-L-001,V3
337,337,M-UAV-01,M600,31.3108767,120.6039862,30.5,AVAILABLE,,
337,337,M-UAV-02,M600,31.2971716,120.5956323,30.5,AVAILABLE,,
338,338,EVTOL-01,EC35,31.2982719,120.5956996,199.9,BUSY,M-P-001,V2
338,338,L-UAV-01,AMZN,31.3025667,120.6002328,100.0,BUSY,M-L-001,V3
338,338,M-UAV-01,M600,31.3108767,120.6039862,30.5,AVAILABLE,,
338,338,M-UAV-02,M600,31.2971716,120.5956323,30.5,AVAILABLE,,
339,339,EVTOL-01,EC35,31.2979092,120.5956774,199.9,BUSY,M-P-001,V1
339,339,L-UAV-01,AMZN,31.3026860,120.6003083,100.0,BUSY,M-L-001,V3
339,339,M-UAV-01,M600,31.3108767,120.6039862,30.5,AVAILABLE,,
339,339,M-UAV-02,M600,31.2971716,120.5956323,30.5,AVAILABLE,,
340,340,EVTOL-01,EC35,31.2975467,120.5957034,199.9,BUSY,M-P-001,V1
340,340,L-UAV-01,AMZN,31.3028052,120.6003838,100.0,BUSY,M-L-001,V3
340,340,M-UAV-01,M600,31.3108767,120.6039862,30.5,AVAILABLE,,
340,340,M-UAV-02,M600,31.2971716,120.5956323,30.5,AVAILABLE,,
341,341,EVTOL-01,EC35,31.2971890,120.5957771,199.9,BUSY,M-P-001,V1
341,341,L-UAV-01,AMZN,31.3029244,120.6004592,100.0,BUSY,M-L-001,V3
341,341,M-UAV-01,M600,31.3108767,120.6039862,30.5,AVAILABLE,,
341,341,M-UAV-02,M600,31.2971716,120.5956323,30.5,AVAILABLE,,
342,342,EVTOL-01,EC35,31.2968407,120.5958976,199.9,BUSY,M-P-001,V1
342,342,L-UAV-01,AMZN,31.3030437,120.6005347,100.0,BUSY,M-L-001,V3
342,342,M-UAV-01,M600,31.3108767,120.6039862,30.5,AVAILABLE,,
342,342,M-UAV-02,M600,31.2971716,120.5956323,30.5,AVAILABLE,,
343,343,EVTOL-01,EC35,31.2965063,120.5960634,199.9,BUSY,M-P-001,V1
343,343,L-UAV-01,AMZN,31.3031629,120.6006102,100.0,BUSY,M-L-001,V3
343,343,M-UAV-01,M600,31.3108767,120.6039862,30.5,AVAILABLE,,
343,343,M-UAV-02,M600,31.2971716,120.5956323,30.5,AVAILABLE,,
344,344,EVTOL-01,EC35,31.2961900,120.5962723,199.9,BUSY,M-P-001,V1
344,344,L-UAV-01,AMZN,31.3032821,120.6006856,100.0,BUSY,M-L-001,V3
344,344,M-UAV-01,M600,31.3108767,120.6039862,30.5,AVAILABLE,,
344,344,M-UAV-02,M600,31.2971716,120.5956323,30.5,AVAILABLE,,
345,345,EVTOL-01,EC35,31.2958959,120.5965218,199.9,BUSY,M-P-001,V1
345,345,L-UAV-01,AMZN,31.3034013,120.6007611,100.0,BUSY,M-L-001,V3
345,345,M-UAV-01,M600,31.3108767,120.6039862,30.5,AVAILABLE,,
345,345,M-UAV-02,M600,31.2971716,120.5956323,30.5,AVAILABLE,,
346,346,EVTOL-01,EC35,31.2956278,120.5968085,199.9,BUSY,M-P-001,V1
346,346,L-UAV-01,AMZN,31.3035206,120.6008366,100.0,BUSY,M-L-001,V3
346,346,M-UAV-01,M600,31.3108767,120.6039862,30.5,AVAILABLE,,
346,346,M-UAV-02,M600,31.2971716,120.5956323,30.5,AVAILABLE,,
347,347,EVTOL-01,EC35,31.2953891,120.5971288,199.9,BUSY,M-P-001,V1
347,347,L-UAV-01,AMZN,31.3036398,120.6009120,100.0,BUSY,M-L-001,V3
347,347,M-UAV-01,M600,31.3108767,120.6039862,30.5,AVAILABLE,,
347,347,M-UAV-02,M600,31.2971716,120.5956323,30.5,AVAILABLE,,
348,348,EVTOL-01,EC35,31.2951829,120.5974787,199.9,BUSY,M-P-001,V1
348,348,L-UAV-01,AMZN,31.3037590,120.6009875,100.0,BUSY,M-L-001,V3
348,348,M-UAV-01,M600,31.3108767,120.6039862,30.5,AVAILABLE,,
348,348,M-UAV-02,M600,31.2971716,120.5956323,30.5,AVAILABLE,,
349,349,EVTOL-01,EC35,31.2950118,120.5978536,199.9,BUSY,M-P-001,V1
349,349,L-UAV-01,AMZN,31.3038782,120.6010630,100.0,BUSY,M-L-001,V3
349,349,M-UAV-01,M600,31.3108767,120.6039862,30.5,AVAILABLE,,
349,349,M-UAV-02,M600,31.2971716,120.5956323,30.5,AVAILABLE,,
350,350,EVTOL-01,EC35,31.2948779,120.5982487,199.9,BUSY,M-P-001,V1
350,350,L-UAV-01,AMZN,31.3039975,120.6011384,100.0,BUSY,M-L-001,V3
350,350,M-UAV-01,M600,31.3108767,120.6039862,30.5,AVAILABLE,,
350,350,M-UAV-02,M600,31.2971716,120.5956323,30.5,AVAILABLE,,
351,351,EVTOL-01,EC35,31.2947831,120.5986590,199.9,BUSY,M-P-001,V1
351,351,L-UAV-01,AMZN,31.3041167,120.6012139,100.0,BUSY,M-L-001,V3
351,351,M-UAV-01,M600,31.3108767,120.6039862,30.5,AVAILABLE,,
351,351,M-UAV-02,M600,31.2971716,120.5956323,30.5,AVAILABLE,,
352,352,EVTOL-01,EC35,31.2947284,120.5990792,199.9,BUSY,M-P-001,V1
352,352,L-UAV-01,AMZN,31.3042359,120.6012894,100.0,BUSY,M-L-001,V3
352,352,M-UAV-01,M600,31.3108767,120.6039862,30.5,AVAILABLE,,
352,352,M-UAV-02,M600,31.2971716,120.5956323,30.5,AVAILABLE,,
353,353,EVTOL-01,EC35,31.2947147,120.5995039,199.9,BUSY,M-P-001,V1
353,353,L-UAV-01,AMZN,31.3043552,120.6013648,100.0,BUSY,M-L-001,V3
353,353,M-UAV-01,M600,31.3108767,120.6039862,30.5,AVAILABLE,,
353,353,M-UAV-02,M600,31.2971716,120.5956323,30.5,AVAILABLE,,
354,354,EVTOL-01,EC35,31.2947421,120.5999277,199.9,BUSY,M-P-001,V1
354,354,L-UAV-01,AMZN,31.3044744,120.6014403,100.0,BUSY,M-L-001,V3
354,354,M-UAV-01,M600,31.3108767,120.6039862,30.5,AVAILABLE,,
354,354,M-UAV-02,M600,31.2971716,120.5956323,30.5,AVAILABLE,,
355,355,EVTOL-01,EC35,31.2948102,120.6003452,199.9,BUSY,M-P-001,V1
355,355,L-UAV-01,AMZN,31.3045936,120.6015158,100.0,BUSY,M-L-001,V3
355,355,M-UAV-01,M600,31.3108767,120.6039862,30.5,AVAILABLE,,
355,355,M-UAV-02,M600,31.2971716,120.5956323,30.5,AVAILABLE,,
356,356,EVTOL-01,EC35,31.2949183,120.6007510,199.9,BUSY,M-P-001,V1
356,356,L-UAV-01,AMZN,31.3047128,120.6015912,100.0,BUSY,M-L-001,V3
356,356,M-UAV-01,M600,31.3108767,120.6039862,30.5,AVAILABLE,,
356,356,M-UAV-02,M600,31.2971716,120.5956323,30.5,AVAILABLE,,
357,357,EVTOL-01,EC35,31.2950648,120.6011399,199.9,BUSY,M-P-001,V1
357,357,L-UAV-01,AMZN,31.3048321,120.6016667,100.0,BUSY,M-L-001,V3
357,357,M-UAV-01,M600,31.3108767,120.6039862,30.5,AVAILABLE,,
357,357,M-UAV-02,M600,31.2971716,120.5956323,30.5,AVAILABLE,,
358,358,EVTOL-01,EC35,31.2952479,120.6015070,199.9,BUSY,M-P-001,V1
358,358,L-UAV-01,AMZN,31.3049513,120.6017422,100.0,BUSY,M-L-001,V3
358,358,M-UAV-01,M600,31.3108767,120.6039862,30.5,AVAILABLE,,
358,358,M-UAV-02,M600,31.2971716,120.5956323,30.5,AVAILABLE,,
359,359,EVTOL-01,EC35,31.2954652,120.6018475,199.9,BUSY,M-P-001,V1
359,359,L-UAV-01,AMZN,31.3050705,120.6018176,100.0,BUSY,M-L-001,V3
359,359,M-UAV-01,M600,31.3108767,120.6039862,30.5,AVAILABLE,,
359,359,M-UAV-02,M600,31.2971716,120.5956323,30.5,AVAILABLE,,
360,360,EVTOL-01,EC35,31.2957141,120.6021570,199.9,BUSY,M-P-001,V1
360,360,L-UAV-01,AMZN,31.3051897,120.6018931,100.0,BUSY,M-L-001,V3
360,360,M-UAV-01,M600,31.3108767,120.6039862,30.5,AVAILABLE,,
360,360,M-UAV-02,M600,31.2971716,120.5956323,30.5,AVAILABLE,,
361,361,EVTOL-01,EC35,31.2959913,120.6024317,199.9,BUSY,M-P-001,V1
361,361,L-UAV-01,AMZN,31.3053090,120.6019686,100.0,BUSY,M-L-001,V3
361,361,M-UAV-01,M600,31.3108767,120.6039862,30.5,AVAILABLE,,
361,361,M-UAV-02,M600,31.2971866,120.5956438,32.0,CONTINGENCY,,V3
362,362,EVTOL-01,EC35,31.2962932,120.6026680,199.9,BUSY,M-P-001,V1
362,362,L-UAV-01,AMZN,31.3054282,120.6020441,100.0,BUSY,M-L-001,V3
362,362,M-UAV-01,M600,31.3108767,120.6039862,30.5,AVAILABLE,,
362,362,M-UAV-02,M600,31.2972168,120.5956667,35.1,CONTINGENCY,,V3
363,363,EVTOL-01,EC35,31.2966159,120.6028628,199.9,BUSY,M-P-001,V1
363,363,L-UAV-01,AMZN,31.3055474,120.6021195,100.0,BUSY,M-L-001,V3
363,363,M-UAV-01,M600,31.3108767,120.6039862,30.5,AVAILABLE,,
363,363,M-UAV-02,M600,31.2972621,120.5957011,39.6,CONTINGENCY,,V3
364,364,EVTOL-01,EC35,31.2969555,120.6030137,199.9,BUSY,M-P-001,V1
364,364,L-UAV-01,AMZN,31.3056667,120.6021950,100.0,BUSY,M-L-001,V3
364,364,M-UAV-01,M600,31.3108767,120.6039862,30.5,AVAILABLE,,
364,364,M-UAV-02,M600,31.2973225,120.5957469,45.7,CONTINGENCY,,V3
365,365,EVTOL-01,EC35,31.2973074,120.6031188,199.9,BUSY,M-P-001,V1
365,365,L-UAV-01,AMZN,31.3057859,120.6022705,100.0,BUSY,M-L-001,V2
365,365,M-UAV-01,M600,31.3108767,120.6039862,30.5,AVAILABLE,,
365,365,M-UAV-02,M600,31.2973979,120.5958042,53.3,CONTINGENCY,,V3
366,366,EVTOL-01,EC35,31.2976672,120.6031766,199.9,BUSY,M-P-001,V1
366,366,L-UAV-01,AMZN,31.3059189,120.6023008,100.0,BUSY,M-L-001,V2
366,366,M-UAV-01,M600,31.3108767,120.6039862,30.5,AVAILABLE,,
366,366,M-UAV-02,M600,31.2974884,120.5958729,61.0,CONTINGENCY,,V3
367,367,EVTOL-01,EC35,31.2980299,120.6031989,199.9,BUSY,M-P-001,V1
367,367,L-UAV-01,AMZN,31.3060536,120.6022832,100.0,BUSY,M-L-001,V2
367,367,M-UAV-01,M600,31.3108767,120.6039862,30.5,AVAILABLE,,
367,367,M-UAV-02,M600,31.2975941,120.5959531,68.6,CONTINGENCY,,V3
368,368,EVTOL-01,EC35,31.2983926,120.6032211,199.9,BUSY,M-P-001,V1
368,368,L-UAV-01,AMZN,31.3061777,120.6022193,100.0,BUSY,M-L-001,V2
368,368,M-UAV-01,M600,31.3108767,120.6039862,30.5,AVAILABLE,,
368,368,M-UAV-02,M600,31.2977076,120.5960393,76.2,CONTINGENCY,,V3
369,369,EVTOL-01,EC35,31.2987553,120.6032433,199.9,BUSY,M-P-001,V1
369,369,L-UAV-01,AMZN,31.3062798,120.6021150,100.0,BUSY,M-L-001,V2
369,369,M-UAV-01,M600,31.3108767,120.6039862,30.5,AVAILABLE,,
369,369,M-UAV-02,M600,31.2978212,120.5961255,83.8,CONTINGENCY,,V3
370,370,EVTOL-01,EC35,31.2991180,120.6032655,199.9,BUSY,M-P-001,V1
370,370,L-UAV-01,AMZN,31.3063506,120.6019797,100.0,BUSY,M-L-001,V2
370,370,M-UAV-01,M600,31.3108767,120.6039862,30.5,AVAILABLE,,
370,370,M-UAV-02,M600,31.2979348,120.5962118,91.4,CONTINGENCY,,V3
371,371,EVTOL-01,EC35,31.2994807,120.6032878,199.9,BUSY,M-P-001,V1
371,371,L-UAV-01,AMZN,31.3063836,120.6018258,100.0,BUSY,M-L-001,V2
371,371,M-UAV-01,M600,31.3108767,120.6039862,30.5,AVAILABLE,,
371,371,M-UAV-02,M600,31.2980485,120.5962981,99.1,CONTINGENCY,,V3
372,372,EVTOL-01,EC35,31.2998434,120.6033100,199.9,BUSY,M-P-001,V1
372,372,L-UAV-01,AMZN,31.3063759,120.6016675,100.0,BUSY,M-L-001,V2
372,372,M-UAV-01,M600,31.3108767,120.6039862,30.5,AVAILABLE,,
372,372,M-UAV-02,M600,31.2981622,120.5963844,100.0,CONTINGENCY,,V3
373,373,EVTOL-01,EC35,31.3002061,120.6033322,199.9,BUSY,M-P-001,V1
373,373,L-UAV-01,AMZN,31.3063281,120.6015190,100.0,BUSY,M-L-001,V2
373,373,M-UAV-01,M600,31.3108767,120.6039862,30.5,AVAILABLE,,
373,373,M-UAV-02,M600,31.2982759,120.5964707,100.0,CONTINGENCY,,V3
374,374,EVTOL-01,EC35,31.3005688,120.6033544,199.9,BUSY,M-P-001,V1
374,374,L-UAV-01,AMZN,31.3062445,120.6013941,100.0,BUSY,M-L-001,V2
374,374,M-UAV-01,M600,31.3108767,120.6039862,30.5,AVAILABLE,,
374,374,M-UAV-02,M600,31.2983896,120.5965571,100.0,CONTINGENCY,,V3
375,375,EVTOL-01,EC35,31.3009314,120.6033767,199.9,BUSY,M-P-001,V1
375,375,L-UAV-01,AMZN,31.3061329,120.6013041,100.0,BUSY,M-L-001,V2
375,375,M-UAV-01,M600,31.3108767,120.6039862,30.5,AVAILABLE,,
375,375,M-UAV-02,M600,31.2985034,120.5966434,100.0,CONTINGENCY,,V3
376,376,EVTOL-01,EC35,31.3012941,120.6033989,199.9,BUSY,M-P-001,V1
376,376,L-UAV-01,AMZN,31.3060137,120.6012286,100.0,BUSY,M-L-001,V2
376,376,M-UAV-01,M600,31.3108767,120.6039862,30.5,AVAILABLE,,
376,376,M-UAV-02,M600,31.2986171,120.5967297,100.0,CONTINGENCY,,V3
377,377,EVTOL-01,EC35,31.3016568,120.6034211,199.9,BUSY,M-P-001,V1
377,377,L-UAV-01,AMZN,31.3058945,120.6011531,100.0,BUSY,M-L-001,V2
377,377,M-UAV-01,M600,31.3108767,120.6039862,30.5,AVAILABLE,,
377,377,M-UAV-02,M600,31.2987308,120.5968160,100.0,CONTINGENCY,,V3
378,378,EVTOL-01,EC35,31.3020195,120.6034433,199.9,BUSY,M-P-001,V1
378,378,L-UAV-01,AMZN,31.3057752,120.6010777,100.0,BUSY,M-L-001,V2
378,378,M-UAV-01,M600,31.3108767,120.6039862,30.5,AVAILABLE,,
378,378,M-UAV-02,M600,31.2988445,120.5969024,100.0,CONTINGENCY,,V3
379,379,EVTOL-01,EC35,31.3023822,120.6034656,199.9,BUSY,M-P-001,V1
379,379,L-UAV-01,AMZN,31.3056560,120.6010022,100.0,BUSY,M-L-001,V2
379,379,M-UAV-01,M600,31.3108767,120.6039862,30.5,AVAILABLE,,
379,379,M-UAV-02,M600,31.2989582,120.5969887,100.0,CONTINGENCY,,V3
380,380,EVTOL-01,EC35,31.3027449,120.6034878,199.9,BUSY,M-P-001,V1
380,380,L-UAV-01,AMZN,31.3055368,120.6009267,100.0,BUSY,M-L-001,V2
380,380,M-UAV-01,M600,31.3108767,120.6039862,30.5,AVAILABLE,,
380,380,M-UAV-02,M600,31.2990719,120.5970750,100.0,CONTINGENCY,,V3
381,381,EVTOL-01,EC35,31.3031076,120.6035100,199.9,BUSY,M-P-001,V1
381,381,L-UAV-01,AMZN,31.3054175,120.6008513,100.0,BUSY,M-L-001,V2
381,381,M-UAV-01,M600,31.3108767,120.6039862,30.5,AVAILABLE,,
381,381,M-UAV-02,M600,31.2991857,120.5971614,100.0,CONTINGENCY,,V3
382,382,EVTOL-01,EC35,31.3034703,120.6035322,199.9,BUSY,M-P-001,V1
382,382,L-UAV-01,AMZN,31.3052983,120.6007758,100.0,BUSY,M-L-001,V2
382,382,M-UAV-01,M600,31.3108767,120.6039862,30.5,AVAILABLE,,
382,382,M-UAV-02,M600,31.2992994,120.5972477,100.0,CONTINGENCY,,V3
383,383,EVTOL-01,EC35,31.3038330,120.6035545,199.9,BUSY,M-P-001,V1
383,383,L-UAV-01,AMZN,31.3051791,120.6007003,100.0,BUSY,M-L-001,V2
383,383,M-UAV-01,M600,31.3108767,120.6039862,30.5,AVAILABLE,,
383,383,M-UAV-02,M600,31.2994131,120.5973340,100.0,CONTINGENCY,,V3
384,384,EVTOL-01,EC35,31.3041957,120.6035767,199.9,BUSY,M-P-001,V1
384,384,L-UAV-01,AMZN,31.3050599,120.6006249,100.0,BUSY,M-L-001,V2
384,384,M-UAV-01,M600,31.3108767,120.6039862,30.5,AVAILABLE,,
384,384,M-UAV-02,M600,31.2995268,120.5974204,100.0,CONTINGENCY,,V3
385,385,EVTOL-01,EC35,31.3045584,120.6035989,199.9,BUSY,M-P-001,V1
385,385,L-UAV-01,AMZN,31.3049406,120.6005494,100.0,BUSY,M-L-001,V2
385,385,M-UAV-01,M600,31.3108767,120.6039862,30.5,AVAILABLE,,
385,385,M-UAV-02,M600,31.2996405,120.5975067,100.0,CONTINGENCY,,V3
386,386,EVTOL-01,EC35,31.3049211,120.6036211,199.9,BUSY,M-P-001,V1
386,386,L-UAV-01,AMZN,31.3048214,120.6004739,100.0,BUSY,M-L-001,V2
386,386,M-UAV-01,M600,31.3108767,120.6039862,30.5,AVAILABLE,,
386,386,M-UAV-02,M600,31.2997542,120.5975930,100.0,CONTINGENCY,,V3
387,387,EVTOL-01,EC35,31.3052838,120.6036434,199.9,BUSY,M-P-001,V1
387,387,L-UAV-01,AMZN,31.3047022,120.6003985,100.0,BUSY,M-L-001,V2
387,387,M-UAV-01,M600,31.3108767,120.6039862,30.5,AVAILABLE,,
387,387,M-UAV-02,M600,31.2998680,120.5976794,100.0,CONTINGENCY,,V3
388,388,EVTOL-01,EC35,31.3056465,120.6036656,199.9,BUSY,M-P-001,V1
388,388,L-UAV-01,AMZN,31.3045829,120.6003230,100.0,BUSY,M-L-001,V2
388,388,M-UAV-01,M600,31.3108767,120.6039862,30.5,AVAILABLE,,
388,388,M-UAV-02,M600,31.2999817,120.5977657,100.0,CONTINGENCY,,V3
389,389,EVTOL-01,EC35,31.3060092,120.6036878,199.9,BUSY,M-P-001,V1
389,389,L-UAV-01,AMZN,31.3044637,120.6002475,100.0,BUSY,M-L-001,V2
389,389,M-UAV-01,M600,31.3108767,120.6039862,30.5,AVAILABLE,,
389,389,M-UAV-02,M600,31.3000954,120.5978520,100.0,CONTINGENCY,,V3
390,390,EVTOL-01,EC35,31.3063718,120.6037101,199.9,BUSY,M-P-001,V1
390,390,L-UAV-01,AMZN,31.3043445,120.6001721,100.0,BUSY,M-L-001,V2
390,390,M-UAV-01,M600,31.3108767,120.6039862,30.5,AVAILABLE,,
390,390,M-UAV-02,M600,31.3002091,120.5979384,100.0,CONTINGENCY,,V3
391,391,EVTOL-01,EC35,31.3067345,120.6037323,199.9,BUSY,M-P-001,V1
391,391,L-UAV-01,AMZN,31.3042253,120.6000966,100.0,BUSY,M-L-001,V2
391,391,M-UAV-01,M600,31.3108767,120.6039862,30.5,AVAILABLE,,
391,391,M-UAV-02,M600,31.3003228,120.5980247,100.0,CONTINGENCY,,V3
392,392,EVTOL-01,EC35,31.3070972,120.6037545,199.9,BUSY,M-P-001,V1
392,392,L-UAV-01,AMZN,31.3041060,120.6000211,100.0,BUSY,M-L-001,V2
392,392,M-UAV-01,M600,31.3108767,120.6039862,30.5,AVAILABLE,,
392,392,M-UAV-02,M600,31.3004365,120.5981110,100.0,CONTINGENCY,,V3
393,393,EVTOL-01,EC35,31.3074599,120.6037767,199.9,BUSY,M-P-001,V1
393,393,L-UAV-01,AMZN,31.3039868,120.5999457,100.0,BUSY,M-L-001,V2
393,393,M-UAV-01,M600,31.3108767,120.6039862,30.5,AVAILABLE,,
393,393,M-UAV-02,M600,31.3005502,120.5981974,100.0,CONTINGENCY,,V3
394,394,EVTOL-01,EC35,31.3078226,120.6037990,199.9,BUSY,M-P-001,V1
394,394,L-UAV-01,AMZN,31.3038676,120.5998702,100.0,BUSY,M-L-001,V2
394,394,M-UAV-01,M600,31.3108767,120.6039862,30.5,AVAILABLE,,
394,394,M-UAV-02,M600,31.3006640,120.5982837,100.0,CONTINGENCY,,V3
395,395,EVTOL-01,EC35,31.3081853,120.6038212,199.9,BUSY,M-P-001,V1
395,395,L-UAV-01,AMZN,31.3037483,120.5997947,100.0,BUSY,M-L-001,V2
395,395,M-UAV-01,M600,31.3108767,120.6039862,30.5,AVAILABLE,,
395,395,M-UAV-02,M600,31.3007777,120.5983700,100.0,CONTINGENCY,,V3
396,396,EVTOL-01,EC35,31.3085480,120.6038434,199.9,BUSY,M-P-001,V1
396,396,L-UAV-01,AMZN,31.3036291,120.5997193,100.0,BUSY,M-L-001,V2
396,396,M-UAV-01,M600,31.3108767,120.6039862,30.5,AVAILABLE,,
396,396,M-UAV-02,M600,31.3008914,120.5984564,100.0,CONTINGENCY,,V3
397,397,EVTOL-01,EC35,31.3089107,120.6038657,199.9,BUSY,M-P-001,V1
397,397,L-UAV-01,AMZN,31.3035099,120.5996438,100.0,BUSY,M-L-001,V2
397,397,M-UAV-01,M600,31.3108767,120.6039862,30.5,AVAILABLE,,
397,397,M-UAV-02,M600,31.3010051,120.5985427,100.0,CONTINGENCY,,V3
398,398,EVTOL-01,EC35,31.3092734,120.6038879,199.9,BUSY,M-P-001,V1
398,398,L-UAV-01,AMZN,31.3033907,120.5995683,100.0,BUSY,M-L-001,V2
398,398,M-UAV-01,M600,31.3108767,120.6039862,30.5,AVAILABLE,,
398,398,M-UAV-02,M600,31.3011188,120.5986291,100.0,CONTINGENCY,,V3
399,399,EVTOL-01,EC35,31.3096361,120.6039101,199.9,BUSY,M-P-001,V1
399,399,L-UAV-01,AMZN,31.3032714,120.5994929,100.0,BUSY,M-L-001,V2
399,399,M-UAV-01,M600,31.3108767,120.6039862,30.5,AVAILABLE,,
399,399,M-UAV-02,M600,31.3012325,120.5987154,100.0,CONTINGENCY,,V3
400,400,EVTOL-01,EC35,31.3099988,120.6039323,199.9,BUSY,M-P-001,V2
400,400,L-UAV-01,AMZN,31.3031522,120.5994174,100.0,BUSY,M-L-001,V2
400,400,M-UAV-01,M600,31.3108767,120.6039862,30.5,AVAILABLE,,
400,400,M-UAV-02,M600,31.3013463,120.5988017,100.0,CONTINGENCY,,V3
401,401,EVTOL-01,EC35,31.3103613,120.6039065,199.9,BUSY,M-P-001,V2
401,401,L-UAV-01,AMZN,31.3030330,120.5993419,100.0,BUSY,M-L-001,V2
401,401,M-UAV-01,M600,31.3108767,120.6039862,30.5,AVAILABLE,,
401,401,M-UAV-02,M600,31.3014600,120.5988881,100.0,CONTINGENCY,,V3
402,402,EVTOL-01,EC35,31.3107190,120.6038328,199.9,BUSY,M-P-001,V2
402,402,L-UAV-01,AMZN,31.3029137,120.5992665,100.0,BUSY,M-L-001,V2
402,402,M-UAV-01,M600,31.3108767,120.6039862,30.5,AVAILABLE,,
402,402,M-UAV-02,M600,31.3015737,120.5989744,100.0,CONTINGENCY,,V3
403,403,EVTOL-01,EC35,31.3110673,120.6037123,199.9,BUSY,M-P-001,V2
403,403,L-UAV-01,AMZN,31.3027945,120.5991910,100.0,BUSY,M-L-001,V2
403,403,M-UAV-01,M600,31.3108767,120.6039862,30.5,AVAILABLE,,
403,403,M-UAV-02,M600,31.3016874,120.5990607,100.0,CONTINGENCY,,V3
404,404,EVTOL-01,EC35,31.3114017,120.6035465,199.9,BUSY,M-P-001,V2
404,404,L-UAV-01,AMZN,31.3026753,120.5991156,100.0,BUSY,M-L-001,V2
404,404,M-UAV-01,M600,31.3108767,120.6039862,30.5,AVAILABLE,,
404,404,M-UAV-02,M600,31.3018011,120.5991471,100.0,CONTINGENCY,,V3
405,405,EVTOL-01,EC35,31.3117180,120.6033376,199.9,BUSY,M-P-001,V2
405,405,L-UAV-01,AMZN,31.3025561,120.5990401,100.0,BUSY,M-L-001,V2
405,405,M-UAV-01,M600,31.3108767,120.6039862,30.5,AVAILABLE,,
405,405,M-UAV-02,M600,31.3019148,120.5992334,100.0,CONTINGENCY,,V3
406,406,EVTOL-01,EC35,31.3120121,120.6030881,199.9,BUSY,M-P-001,V2
406,406,L-UAV-01,AMZN,31.3024368,120.5989646,100.0,BUSY,M-L-001,V2
406,406,M-UAV-01,M600,31.3108767,120.6039862,30.5,AVAILABLE,,
406,406,M-UAV-02,M600,31.3020285,120.5993197,100.0,CONTINGENCY,,V3
407,407,EVTOL-01,EC35,31.3122802,120.6028014,199.9,BUSY,M-P-001,V2
407,407,L-UAV-01,AMZN,31.3023176,120.5988892,100.0,BUSY,M-L-001,V2
407,407,M-UAV-01,M600,31.3108767,120.6039862,30.5,AVAILABLE,,
407,407,M-UAV-02,M600,31.3021423,120.5994061,100.0,CONTINGENCY,,V3
408,408,EVTOL-01,EC35,31.3125190,120.6024810,199.9,BUSY,M-P-001,V2
408,408,L-UAV-01,AMZN,31.3021984,120.5988137,100.0,BUSY,M-L-001,V2
408,408,M-UAV-01,M600,31.3108767,120.6039862,30.5,AVAILABLE,,
408,408,M-UAV-02,M600,31.3022560,120.5994924,100.0,CONTINGENCY,,V3
409,409,EVTOL-01,EC35,31.3127252,120.6021311,199.9,BUSY,M-P-001,V2
409,409,L-UAV-01,AMZN,31.3020791,120.5987382,100.0,BUSY,M-L-001,V2
409,409,M-UAV-01,M600,31.3108767,120.6039862,30.5,AVAILABLE,,
409,409,M-UAV-02,M600,31.3023697,120.5995788,100.0,CONTINGENCY,,V3
410,410,EVTOL-01,EC35,31.3128964,120.6017562,199.9,BUSY,M-P-001,V2
410,410,L-UAV-01,AMZN,31.3019599,120.5986628,100.0,BUSY,M-L-001,V2
410,410,M-UAV-01,M600,31.3108767,120.6039862,30.5,AVAILABLE,,
410,410,M-UAV-02,M600,31.3024834,120.5996651,100.0,CONTINGENCY,,V3
411,411,EVTOL-01,EC35,31.3130303,120.6013610,199.9,BUSY,M-P-001,V2
411,411,L-UAV-01,AMZN,31.3018407,120.5985873,100.0,BUSY,M-L-001,V2
411,411,M-UAV-01,M600,31.3108767,120.6039862,30.5,AVAILABLE,,
411,411,M-UAV-02,M600,31.3025971,120.5997514,100.0,CONTINGENCY,,V3
412,412,EVTOL-01,EC35,31.3131252,120.6009507,199.9,BUSY,M-P-001,V2
412,412,L-UAV-01,AMZN,31.3017215,120.5985119,100.0,BUSY,M-L-001,V2
412,412,M-UAV-01,M600,31.3108767,120.6039862,30.5,AVAILABLE,,
412,412,M-UAV-02,M600,31.3027108,120.5998378,100.0,CONTINGENCY,,V3
413,413,EVTOL-01,EC35,31.3131798,120.6005304,199.9,BUSY,M-P-001,V2
413,413,L-UAV-01,AMZN,31.3016022,120.5984364,100.0,BUSY,M-L-001,V2
413,413,M-UAV-01,M600,31.3108767,120.6039862,30.5,AVAILABLE,,
413,413,M-UAV-02,M600,31.3028245,120.5999241,100.0,CONTINGENCY,,V3
414,414,EVTOL-01,EC35,31.3131936,120.6001056,199.9,BUSY,M-P-001,V2
414,414,L-UAV-01,AMZN,31.3014830,120.5983609,100.0,BUSY,M-L-001,V2
414,414,M-UAV-01,M600,31.3108767,120.6039862,30.5,AVAILABLE,,
414,414,M-UAV-02,M600,31.3029383,120.6000104,100.0,CONTINGENCY,,V3
415,415,EVTOL-01,EC35,31.3131662,120.5996817,199.9,BUSY,M-P-001,V2
415,415,L-UAV-01,AMZN,31.3013638,120.5982855,100.0,BUSY,M-L-001,V2
415,415,M-UAV-01,M600,31.3108767,120.6039862,30.5,AVAILABLE,,
415,415,M-UAV-02,M600,31.3030520,120.6000968,100.0,CONTINGENCY,,V3
416,416,EVTOL-01,EC35,31.3130981,120.5992641,199.9,BUSY,M-P-001,V2
416,416,L-UAV-01,AMZN,31.3012445,120.5982100,100.0,BUSY,M-L-001,V2
416,416,M-UAV-01,M600,31.3108767,120.6039862,30.5,AVAILABLE,,
416,416,M-UAV-02,M600,31.3031657,120.6001831,100.0,CONTINGENCY,,V3
417,417,EVTOL-01,EC35,31.3129902,120.5988582,199.9,BUSY,M-P-001,V2
417,417,L-UAV-01,AMZN,31.3011253,120.5981345,100.0,BUSY,M-L-001,V2
417,417,M-UAV-01,M600,31.3108767,120.6039862,30.5,AVAILABLE,,
417,417,M-UAV-02,M600,31.3032794,120.6002695,100.0,CONTINGENCY,,V3
418,418,EVTOL-01,EC35,31.3128437,120.5984692,199.9,BUSY,M-P-001,V2
418,418,L-UAV-01,AMZN,31.3010061,120.5980591,100.0,BUSY,M-L-001,V2
418,418,M-UAV-01,M600,31.3108767,120.6039862,30.5,AVAILABLE,,
418,418,M-UAV-02,M600,31.3033931,120.6003558,100.0,CONTINGENCY,,V3
419,419,EVTOL-01,EC35,31.3126606,120.5981021,199.9,BUSY,M-P-001,V2
419,419,L-UAV-01,AMZN,31.3008868,120.5979836,100.0,BUSY,M-L-001,V2
419,419,M-UAV-01,M600,31.3108767,120.6039862,30.5,AVAILABLE,,
419,419,M-UAV-02,M600,31.3035068,120.6004421,100.0,CONTINGENCY,,V3
420,420,EVTOL-01,EC35,31.3124433,120.5977615,199.9,BUSY,M-P-001,V2
420,420,L-UAV-01,AMZN,31.3007676,120.5979082,100.0,BUSY,M-L-001,V2
420,420,M-UAV-01,M600,31.3108767,120.6039862,30.5,AVAILABLE,,
420,420,M-UAV-02,M600,31.3036205,120.6005285,100.0,CONTINGENCY,,V3
421,421,EVTOL-01,EC35,31.3121944,120.5974518,199.9,BUSY,M-P-001,V2
421,421,L-UAV-01,AMZN,31.3006484,120.5978327,100.0,BUSY,M-L-001,V2
421,421,M-UAV-01,M600,31.3108767,120.6039862,30.5,AVAILABLE,,
421,421,M-UAV-02,M600,31.3037343,120.6006148,100.0,CONTINGENCY,,V3
422,422,EVTOL-01,EC35,31.3119173,120.5971771,199.9,BUSY,M-P-001,V2
422,422,L-UAV-01,AMZN,31.3005292,120.5977572,100.0,BUSY,M-L-001,V2
422,422,M-UAV-01,M600,31.3108767,120.6039862,30.5,AVAILABLE,,
422,422,M-UAV-02,M600,31.3038480,120.6007012,100.0,CONTINGENCY,,V3
423,423,EVTOL-01,EC35,31.3116154,120.5969407,199.9,BUSY,M-P-001,V2
423,423,L-UAV-01,AMZN,31.3004099,120.5976818,100.0,BUSY,M-L-001,V2
423,423,M-UAV-01,M600,31.3108767,120.6039862,30.5,AVAILABLE,,
423,423,M-UAV-02,M600,31.3039617,120.6007875,100.0,CONTINGENCY,,V3
424,424,EVTOL-01,EC35,31.3112927,120.5967458,199.9,BUSY,M-P-001,V2
424,424,L-UAV-01,AMZN,31.3002907,120.5976063,100.0,BUSY,M-L-001,V2
424,424,M-UAV-01,M600,31.3108767,120.6039862,30.5,AVAILABLE,,
424,424,M-UAV-02,M600,31.3040754,120.6008739,100.0,CONTINGENCY,,V3
425,425,EVTOL-01,EC35,31.3109531,120.5965948,199.9,BUSY,M-P-001,V2
425,425,L-UAV-01,AMZN,31.3001715,120.5975309,100.0,BUSY,M-L-001,V2
425,425,M-UAV-01,M600,31.3108767,120.6039862,30.5,AVAILABLE,,
425,425,M-UAV-02,M600,31.3041891,120.6009602,100.0,CONTINGENCY,,V3
426,426,EVTOL-01,EC35,31.3106012,120.5964897,199.9,BUSY,M-P-001,V2
426,426,L-UAV-01,AMZN,31.3000522,120.5974554,100.0,BUSY,M-L-001,V2
426,426,M-UAV-01,M600,31.3108767,120.6039862,30.5,AVAILABLE,,
426,426,M-UAV-02,M600,31.3043028,120.6010465,100.0,CONTINGENCY,,V3
427,427,EVTOL-01,EC35,31.3102414,120.5964318,199.9,BUSY,M-P-001,V2
427,427,L-UAV-01,AMZN,31.2999330,120.5973799,100.0,BUSY,M-L-001,V2
427,427,M-UAV-01,M600,31.3108767,120.6039862,30.5,AVAILABLE,,
427,427,M-UAV-02,M600,31.3044165,120.6011329,100.0,CONTINGENCY,,V3
428,428,EVTOL-01,EC35,31.3098787,120.5964096,199.9,BUSY,M-P-001,V2
428,428,L-UAV-01,AMZN,31.2998138,120.5973045,100.0,BUSY,M-L-001,V2
428,428,M-UAV-01,M600,31.3108767,120.6039862,30.5,AVAILABLE,,
428,428,M-UAV-02,M600,31.3045302,120.6012192,100.0,CONTINGENCY,,V3
429,429,EVTOL-01,EC35,31.3095160,120.5963874,199.9,BUSY,M-P-001,V2
429,429,L-UAV-01,AMZN,31.2996945,120.5972290,100.0,BUSY,M-L-001,V2
429,429,M-UAV-01,M600,31.3108767,120.6039862,30.5,AVAILABLE,,
429,429,M-UAV-02,M600,31.3046440,120.6013056,100.0,CONTINGENCY,,V3
430,430,EVTOL-01,EC35,31.3091533,120.5963652,199.9,BUSY,M-P-001,V2
430,430,L-UAV-01,AMZN,31.2995753,120.5971536,100.0,BUSY,M-L-001,V2
430,430,M-UAV-01,M600,31.3108767,120.6039862,30.5,AVAILABLE,,
430,430,M-UAV-02,M600,31.3047577,120.6013919,100.0,CONTINGENCY,,V3
431,431,EVTOL-01,EC35,31.3087906,120.5963431,199.9,BUSY,M-P-001,V2
431,431,L-UAV-01,AMZN,31.2994561,120.5970781,100.0,BUSY,M-L-001,V2
431,431,M-UAV-01,M600,31.3108767,120.6039862,30.5,AVAILABLE,,
431,431,M-UAV-02,M600,31.3048714,120.6014782,100.0,CONTINGENCY,,V3
432,432,EVTOL-01,EC35,31.3084279,120.5963209,199.9,BUSY,M-P-001,V2
432,432,L-UAV-01,AMZN,31.2993369,120.5970027,100.0,BUSY,M-L-001,V2
432,432,M-UAV-01,M600,31.3108767,120.6039862,30.5,AVAILABLE,,
432,432,M-UAV-02,M600,31.3049851,120.6015646,100.0,CONTINGENCY,,V3
433,433,EVTOL-01,EC35,31.3080653,120.5962987,199.9,BUSY,M-P-001,V2
433,433,L-UAV-01,AMZN,31.2992176,120.5969272,100.0,BUSY,M-L-001,V2
433,433,M-UAV-01,M600,31.3108767,120.6039862,30.5,AVAILABLE,,
433,433,M-UAV-02,M600,31.3050988,120.6016509,100.0,CONTINGENCY,,V3
434,434,EVTOL-01,EC35,31.3077026,120.5962765,199.9,BUSY,M-P-001,V2
434,434,L-UAV-01,AMZN,31.2990984,120.5968517,100.0,BUSY,M-L-001,V2
434,434,M-UAV-01,M600,31.3108767,120.6039862,30.5,AVAILABLE,,
434,434,M-UAV-02,M600,31.3052125,120.6017373,100.0,CONTINGENCY,,V3
435,435,EVTOL-01,EC35,31.3073399,120.5962543,199.9,BUSY,M-P-001,V2
435,435,L-UAV-01,AMZN,31.2989792,120.5967763,100.0,BUSY,M-L-001,V2
435,435,M-UAV-01,M600,31.3108767,120.6039862,30.5,AVAILABLE,,
435,435,M-UAV-02,M600,31.3053262,120.6018236,100.0,CONTINGENCY,,V3
436,436,EVTOL-01,EC35,31.3069772,120.5962321,199.9,BUSY,M-P-001,V2
436,436,L-UAV-01,AMZN,31.2988599,120.5967008,100.0,BUSY,M-L-001,V2
436,436,M-UAV-01,M600,31.3108767,120.6039862,30.5,AVAILABLE,,
436,436,M-UAV-02,M600,31.3054400,120.6019100,100.0,CONTINGENCY,,V3
437,437,EVTOL-01,EC35,31.3066145,120.5962099,199.9,BUSY,M-P-001,V2
437,437,L-UAV-01,AMZN,31.2987407,120.5966254,100.0,BUSY,M-L-001,V2
437,437,M-UAV-01,M600,31.3108767,120.6039862,30.5,AVAILABLE,,
437,437,M-UAV-02,M600,31.3055537,120.6019963,100.0,CONTINGENCY,,V3
438,438,EVTOL-01,EC35,31.3062518,120.5961877,199.9,BUSY,M-P-001,V2
438,438,L-UAV-01,AMZN,31.2986215,120.5965499,100.0,BUSY,M-L-001,V2
438,438,M-UAV-01,M600,31.3108767,120.6039862,30.5,AVAILABLE,,
438,438,M-UAV-02,M600,31.3056674,120.6020826,100.0,CONTINGENCY,,V3
439,439,EVTOL-01,EC35,31.3058891,120.5961656,199.9,BUSY,M-P-001,V2
439,439,L-UAV-01,AMZN,31.2985022,120.5964745,100.0,BUSY,M-L-001,V2
439,439,M-UAV-01,M600,31.3108767,120.6039862,30.5,AVAILABLE,,
439,439,M-UAV-02,M600,31.3057811,120.6021690,100.0,CONTINGENCY,,V3
440,440,EVTOL-01,EC35,31.3055264,120.5961434,199.9,BUSY,M-P-001,V2
440,440,L-UAV-01,AMZN,31.2983830,120.5963990,100.0,BUSY,M-L-001,V2
440,440,M-UAV-01,M600,31.3108767,120.6039862,30.5,AVAILABLE,,
440,440,M-UAV-02,M600,31.3058948,120.6022553,100.0,CONTINGENCY,,
441,441,EVTOL-01,EC35,31.3051637,120.5961212,199.9,BUSY,M-P-001,V2
441,441,L-UAV-01,AMZN,31.2982638,120.5963235,100.0,BUSY,M-L-001,V2
441,441,M-UAV-01,M600,31.3108767,120.6039862,30.5,AVAILABLE,,
441,441,M-UAV-02,M600,31.3059934,120.6023302,98.5,CONTINGENCY,,
442,442,EVTOL-01,EC35,31.3048010,120.5960990,199.9,BUSY,M-P-001,V2
442,442,L-UAV-01,AMZN,31.2981445,120.5962481,100.0,BUSY,M-L-001,V2
442,442,M-UAV-01,M600,31.3108767,120.6039862,30.5,AVAILABLE,,
442,442,M-UAV-02,M600,31.3060770,120.6023937,95.4,CONTINGENCY,,
443,443,EVTOL-01,EC35,31.3044383,120.5960768,199.9,BUSY,M-P-001,V2
443,443,L-UAV-01,AMZN,31.2980253,120.5961726,100.0,BUSY,M-L-001,V2
443,443,M-UAV-01,M600,31.3108767,120.6039862,30.5,AVAILABLE,,
443,443,M-UAV-02,M600,31.3061454,120.6024456,90.8,CONTINGENCY,,
444,444,EVTOL-01,EC35,31.3040756,120.5960546,199.9,BUSY,M-P-001,V2
444,444,L-UAV-01,AMZN,31.2979061,120.5960972,100.0,BUSY,M-L-001,V3
444,444,M-UAV-01,M600,31.3108767,120.6039862,30.5,AVAILABLE,,
444,444,M-UAV-02,M600,31.3061988,120.6024861,84.7,CONTINGENCY,,
445,445,EVTOL-01,EC35,31.3037129,120.5960324,199.9,BUSY,M-P-001,V2
445,445,L-UAV-01,AMZN,31.2977730,120.5960669,100.0,BUSY,M-L-001,V3
445,445,M-UAV-01,M600,31.3108767,120.6039862,30.5,AVAILABLE,,
445,445,M-UAV-02,M600,31.3062370,120.6025152,77.1,CONTINGENCY,,
446,446,EVTOL-01,EC35,31.3033502,120.5960102,199.9,BUSY,M-P-001,V2
446,446,L-UAV-01,AMZN,31.2976383,120.5960844,100.0,BUSY,M-L-001,V3
446,446,M-UAV-01,M600,31.3108767,120.6039862,30.5,AVAILABLE,,
446,446,M-UAV-02,M600,31.3062602,120.6025328,69.5,CONTINGENCY,,
447,447,EVTOL-01,EC35,31.3029875,120.5959881,199.9,BUSY,M-P-001,V2
447,447,L-UAV-01,AMZN,31.2975143,120.5961483,100.0,BUSY,M-L-001,V3
447,447,M-UAV-01,M600,31.3108767,120.6039862,30.5,AVAILABLE,,
447,447,M-UAV-02,M600,31.3062683,120.6025389,61.9,CONTINGENCY,,
448,448,EVTOL-01,EC35,31.3026248,120.5959659,199.9,BUSY,M-P-001,V2
448,448,L-UAV-01,AMZN,31.2974122,120.5962527,100.0,BUSY,M-L-001,V3
448,448,M-UAV-01,M600,31.3108767,120.6039862,30.5,AVAILABLE,,
448,448,M-UAV-02,M600,31.3062683,120.6025389,54.3,CONTINGENCY,,
449,449,EVTOL-01,EC35,31.3022621,120.5959437,199.9,BUSY,M-P-001,V2
449,449,L-UAV-01,AMZN,31.2973414,120.5963879,100.0,BUSY,M-L-001,V3
449,449,M-UAV-01,M600,31.3108767,120.6039862,30.5,AVAILABLE,,
449,449,M-UAV-02,M600,31.3062683,120.6025389,46.6,CONTINGENCY,,
450,450,EVTOL-01,EC35,31.3018994,120.5959215,199.9,BUSY,M-P-001,V2
450,450,L-UAV-01,AMZN,31.2973083,120.5965418,100.0,BUSY,M-L-001,V3
450,450,M-UAV-01,M600,31.3108767,120.6039862,30.5,AVAILABLE,,
450,450,M-UAV-02,M600,31.3062683,120.6025389,39.0,CONTINGENCY,,
451,451,EVTOL-01,EC35,31.3015367,120.5958993,199.9,BUSY,M-P-001,V2
451,451,L-UAV-01,AMZN,31.2973161,120.5967002,100.0,BUSY,M-L-001,V3
451,451,M-UAV-01,M600,31.3108767,120.6039862,30.5,AVAILABLE,,
451,451,M-UAV-02,M600,31.3062683,120.6025389,31.4,CONTINGENCY,,
452,452,EVTOL-01,EC35,31.3011740,120.5958771,199.9,BUSY,M-P-001,V2
452,452,L-UAV-01,AMZN,31.2973639,120.5968486,100.0,BUSY,M-L-001,V3
452,452,M-UAV-01,M600,31.3108767,120.6039862,30.5,AVAILABLE,,
452,452,M-UAV-02,M600,31.3062683,120.6025389,30.5,CONTINGENCY,,
453,453,EVTOL-01,EC35,31.3008113,120.5958550,199.9,BUSY,M-P-001,V2
453,453,L-UAV-01,AMZN,31.2974475,120.5969735,100.0,BUSY,M-L-001,V3
453,453,M-UAV-01,M600,31.3108767,120.6039862,30.5,AVAILABLE,,
453,453,M-UAV-02,M600,31.3062683,120.6025389,30.5,CONTINGENCY,,
454,454,EVTOL-01,EC35,31.3004487,120.5958328,199.9,BUSY,M-P-001,V2
454,454,L-UAV-01,AMZN,31.2975591,120.5970635,100.0,BUSY,M-L-001,V3
454,454,M-UAV-01,M600,31.3108767,120.6039862,30.5,AVAILABLE,,
454,454,M-UAV-02,M600,31.3062683,120.6025389,30.5,CONTINGENCY,,
455,455,EVTOL-01,EC35,31.3000860,120.5958106,199.9,BUSY,M-P-001,V2
455,455,L-UAV-01,AMZN,31.2976783,120.5971390,100.0,BUSY,M-L-001,V3
455,455,M-UAV-01,M600,31.3108767,120.6039862,30.5,AVAILABLE,,
455,455,M-UAV-02,M600,31.3062683,120.6025389,30.5,CONTINGENCY,,
456,456,EVTOL-01,EC35,31.2997233,120.5957884,199.9,BUSY,M-P-001,V2
456,456,L-UAV-01,AMZN,31.2977976,120.5972144,100.0,BUSY,M-L-001,V3
456,456,M-UAV-01,M600,31.3108767,120.6039862,30.5,AVAILABLE,,
456,456,M-UAV-02,M600,31.3062683,120.6025389,30.5,CONTINGENCY,,
457,457,EVTOL-01,EC35,31.2993606,120.5957662,199.9,BUSY,M-P-001,V2
457,457,L-UAV-01,AMZN,31.2979168,120.5972899,100.0,BUSY,M-L-001,V3
457,457,M-UAV-01,M600,31.3108767,120.6039862,30.5,AVAILABLE,,
457,457,M-UAV-02,M600,31.3062683,120.6025389,30.5,CONTINGENCY,,
458,458,EVTOL-01,EC35,31.2989979,120.5957440,199.9,BUSY,M-P-001,V2
458,458,L-UAV-01,AMZN,31.2980360,120.5973653,100.0,BUSY,M-L-001,V3
458,458,M-UAV-01,M600,31.3108767,120.6039862,30.5,AVAILABLE,,
458,458,M-UAV-02,M600,31.3062683,120.6025389,30.5,CONTINGENCY,,
459,459,EVTOL-01,EC35,31.2986352,120.5957218,199.9,BUSY,M-P-001,V2
459,459,L-UAV-01,AMZN,31.2981553,120.5974408,100.0,BUSY,M-L-001,V3
459,459,M-UAV-01,M600,31.3108767,120.6039862,30.5,AVAILABLE,,
459,459,M-UAV-02,M600,31.3062683,120.6025389,30.5,CONTINGENCY,,
460,460,EVTOL-01,EC35,31.2982725,120.5956997,199.9,BUSY,M-P-001,V2
460,460,L-UAV-01,AMZN,31.2982745,120.5975163,100.0,BUSY,M-L-001,V3
460,460,M-UAV-01,M600,31.3108767,120.6039862,30.5,AVAILABLE,,
460,460,M-UAV-02,M600,31.3062683,120.6025389,30.5,CONTINGENCY,,
461,461,EVTOL-01,EC35,31.2979098,120.5956775,199.9,BUSY,M-P-001,V1
461,461,L-UAV-01,AMZN,31.2983937,120.5975917,100.0,BUSY,M-L-001,V3
461,461,M-UAV-01,M600,31.3108767,120.6039862,30.5,AVAILABLE,,
461,461,M-UAV-02,M600,31.3062683,120.6025389,30.5,CONTINGENCY,,
462,462,EVTOL-01,EC35,31.2975473,120.5957034,199.9,BUSY,M-P-001,V1
462,462,L-UAV-01,AMZN,31.2985129,120.5976672,100.0,BUSY,M-L-001,V3
462,462,M-UAV-01,M600,31.3108767,120.6039862,30.5,AVAILABLE,,
462,462,M-UAV-02,M600,31.3062683,120.6025389,30.5,CONTINGENCY,,
463,463,EVTOL-01,EC35,31.2971896,120.5957771,199.9,BUSY,M-P-001,V1
463,463,L-UAV-01,AMZN,31.2986322,120.5977426,100.0,BUSY,M-L-001,V3
463,463,M-UAV-01,M600,31.3108767,120.6039862,30.5,AVAILABLE,,
463,463,M-UAV-02,M600,31.3062683,120.6025389,30.5,CONTINGENCY,,
464,464,EVTOL-01,EC35,31.2968413,120.5958976,199.9,BUSY,M-P-001,V1
464,464,L-UAV-01,AMZN,31.2987514,120.5978181,100.0,BUSY,M-L-001,V3
464,464,M-UAV-01,M600,31.3108767,120.6039862,30.5,AVAILABLE,,
464,464,M-UAV-02,M600,31.3062683,120.6025389,30.5,CONTINGENCY,,
465,465,EVTOL-01,EC35,31.2965069,120.5960634,199.9,BUSY,M-P-001,V1
465,465,L-UAV-01,AMZN,31.2988706,120.5978935,100.0,BUSY,M-L-001,V3
465,465,M-UAV-01,M600,31.3108767,120.6039862,30.5,AVAILABLE,,
465,465,M-UAV-02,M600,31.3062683,120.6025389,30.5,CONTINGENCY,,
466,466,EVTOL-01,EC35,31.2961906,120.5962724,199.9,BUSY,M-P-001,V1
466,466,L-UAV-01,AMZN,31.2989899,120.5979690,100.0,BUSY,M-L-001,V3
466,466,M-UAV-01,M600,31.3108767,120.6039862,30.5,AVAILABLE,,
466,466,M-UAV-02,M600,31.3062683,120.6025389,30.5,CONTINGENCY,,
467,467,EVTOL-01,EC35,31.2958965,120.5965218,199.9,BUSY,M-P-001,V1
467,467,L-UAV-01,AMZN,31.2991091,120.5980445,100.0,BUSY,M-L-001,V3
467,467,M-UAV-01,M600,31.3108767,120.6039862,30.5,AVAILABLE,,
467,467,M-UAV-02,M600,31.3062683,120.6025389,30.5,CONTINGENCY,,
468,468,EVTOL-01,EC35,31.2956284,120.5968085,199.9,BUSY,M-P-001,V1
468,468,L-UAV-01,AMZN,31.2992283,120.5981199,100.0,BUSY,M-L-001,V3
468,468,M-UAV-01,M600,31.3108767,120.6039862,30.5,AVAILABLE,,
468,468,M-UAV-02,M600,31.3062683,120.6025389,30.5,CONTINGENCY,,
469,469,EVTOL-01,EC35,31.2953897,120.5971289,199.9,BUSY,M-P-001,V1
469,469,L-UAV-01,AMZN,31.2993476,120.5981954,100.0,BUSY,M-L-001,V3
469,469,M-UAV-01,M600,31.3108767,120.6039862,30.5,AVAILABLE,,
469,469,M-UAV-02,M600,31.3062683,120.6025389,30.5,CONTINGENCY,,
470,470,EVTOL-01,EC35,31.2951835,120.5974787,199.9,BUSY,M-P-001,V1
470,470,L-UAV-01,AMZN,31.2994668,120.5982708,100.0,BUSY,M-L-001,V3
470,470,M-UAV-01,M600,31.3108767,120.6039862,30.5,AVAILABLE,,
470,470,M-UAV-02,M600,31.3062683,120.6025389,30.5,CONTINGENCY,,
471,471,EVTOL-01,EC35,31.2950123,120.5978536,199.9,BUSY,M-P-001,V1
471,471,L-UAV-01,AMZN,31.2995860,120.5983463,100.0,BUSY,M-L-001,V3
471,471,M-UAV-01,M600,31.3108767,120.6039862,30.5,AVAILABLE,,
471,471,M-UAV-02,M600,31.3062683,120.6025389,30.5,CONTINGENCY,,
472,472,EVTOL-01,EC35,31.2948785,120.5982487,199.9,BUSY,M-P-001,V1
472,472,L-UAV-01,AMZN,31.2997052,120.5984218,100.0,BUSY,M-L-001,V3
472,472,M-UAV-01,M600,31.3108767,120.6039862,30.5,AVAILABLE,,
472,472,M-UAV-02,M600,31.3062683,120.6025389,30.5,CONTINGENCY,,
473,473,EVTOL-01,EC35,31.2947836,120.5986590,199.9,BUSY,M-P-001,V1
473,473,L-UAV-01,AMZN,31.2998245,120.5984972,100.0,BUSY,M-L-001,V3
473,473,M-UAV-01,M600,31.3108767,120.6039862,30.5,AVAILABLE,,
473,473,M-UAV-02,M600,31.3062683,120.6025389,30.5,CONTINGENCY,,
474,474,EVTOL-01,EC35,31.2947290,120.5990792,199.9,BUSY,M-P-001,V1
474,474,L-UAV-01,AMZN,31.2999437,120.5985727,100.0,BUSY,M-L-001,V3
474,474,M-UAV-01,M600,31.3108767,120.6039862,30.5,AVAILABLE,,
474,474,M-UAV-02,M600,31.3062683,120.6025389,30.5,CONTINGENCY,,
475,475,EVTOL-01,EC35,31.2947153,120.5995039,199.9,BUSY,M-P-001,V1
475,475,L-UAV-01,AMZN,31.3000629,120.5986481,100.0,BUSY,M-L-001,V3
475,475,M-UAV-01,M600,31.3108767,120.6039862,30.5,AVAILABLE,,
475,475,M-UAV-02,M600,31.3062683,120.6025389,30.5,CONTINGENCY,,
476,476,EVTOL-01,EC35,31.2947427,120.5999277,199.9,BUSY,M-P-001,V1
476,476,L-UAV-01,AMZN,31.3001822,120.5987236,100.0,BUSY,M-L-001,V3
476,476,M-UAV-01,M600,31.3108767,120.6039862,30.5,AVAILABLE,,
476,476,M-UAV-02,M600,31.3062683,120.6025389,30.5,CONTINGENCY,,
477,477,EVTOL-01,EC35,31.2948108,120.6003452,199.9,BUSY,M-P-001,V1
477,477,L-UAV-01,AMZN,31.3003014,120.5987991,100.0,BUSY,M-L-001,V3
477,477,M-UAV-01,M600,31.3108767,120.6039862,30.5,AVAILABLE,,
477,477,M-UAV-02,M600,31.3062683,120.6025389,30.5,CONTINGENCY,,
478,478,EVTOL-01,EC35,31.2949188,120.6007510,199.9,BUSY,M-P-001,V1
478,478,L-UAV-01,AMZN,31.3004206,120.5988745,100.0,BUSY,M-L-001,V3
478,478,M-UAV-01,M600,31.3108767,120.6039862,30.5,AVAILABLE,,
478,478,M-UAV-02,M600,31.3062683,120.6025389,30.5,CONTINGENCY,,
479,479,EVTOL-01,EC35,31.2950653,120.6011399,199.9,BUSY,M-P-001,V1
479,479,L-UAV-01,AMZN,31.3005399,120.5989500,100.0,BUSY,M-L-001,V3
479,479,M-UAV-01,M600,31.3108767,120.6039862,30.5,AVAILABLE,,
479,479,M-UAV-02,M600,31.3062683,120.6025389,30.5,CONTINGENCY,,
480,480,EVTOL-01,EC35,31.2952485,120.6015070,199.9,BUSY,M-P-001,V1
480,480,L-UAV-01,AMZN,31.3006591,120.5990254,100.0,BUSY,M-L-001,V3
480,480,M-UAV-01,M600,31.3108767,120.6039862,30.5,AVAILABLE,,
480,480,M-UAV-02,M600,31.3062683,120.6025389,30.5,CONTINGENCY,,
481,481,EVTOL-01,EC35,31.2954658,120.6018475,199.9,BUSY,M-P-001,V1
481,481,L-UAV-01,AMZN,31.3007783,120.5991009,100.0,BUSY,M-L-001,V3
481,481,M-UAV-01,M600,31.3108767,120.6039862,30.5,AVAILABLE,,
481,481,M-UAV-02,M600,31.3062683,120.6025389,30.5,CONTINGENCY,,
482,482,EVTOL-01,EC35,31.2957147,120.6021571,199.9,BUSY,M-P-001,V1
482,482,L-UAV-01,AMZN,31.3008975,120.5991764,100.0,BUSY,M-L-001,V3
482,482,M-UAV-01,M600,31.3108767,120.6039862,30.5,AVAILABLE,,
482,482,M-UAV-02,M600,31.3062683,120.6025389,30.5,CONTINGENCY,,
483,483,EVTOL-01,EC35,31.2959918,120.6024318,199.9,BUSY,M-P-001,V1
483,483,L-UAV-01,AMZN,31.3010168,120.5992518,100.0,BUSY,M-L-001,V3
483,483,M-UAV-01,M600,31.3108767,120.6039862,30.5,AVAILABLE,,
483,483,M-UAV-02,M600,31.3062683,120.6025389,30.5,CONTINGENCY,,
484,484,EVTOL-01,EC35,31.2962937,120.6026680,199.9,BUSY,M-P-001,V1
484,484,L-UAV-01,AMZN,31.3011360,120.5993273,100.0,BUSY,M-L-001,V3
484,484,M-UAV-01,M600,31.3108767,120.6039862,30.5,AVAILABLE,,
484,484,M-UAV-02,M600,31.3062683,120.6025389,30.5,CONTINGENCY,,
485,485,EVTOL-01,EC35,31.2966165,120.6028629,199.9,BUSY,M-P-001,V1
485,485,L-UAV-01,AMZN,31.3012552,120.5994028,100.0,BUSY,M-L-001,V3
485,485,M-UAV-01,M600,31.3108767,120.6039862,30.5,AVAILABLE,,
485,485,M-UAV-02,M600,31.3062683,120.6025389,30.5,CONTINGENCY,,
486,486,EVTOL-01,EC35,31.2969561,120.6030138,199.9,BUSY,M-P-001,V1
486,486,L-UAV-01,AMZN,31.3013745,120.5994782,100.0,BUSY,M-L-001,V3
486,486,M-UAV-01,M600,31.3108767,120.6039862,30.5,AVAILABLE,,
486,486,M-UAV-02,M600,31.3062683,120.6025389,30.5,CONTINGENCY,,
487,487,EVTOL-01,EC35,31.2973080,120.6031188,199.9,BUSY,M-P-001,V1
487,487,L-UAV-01,AMZN,31.3014937,120.5995537,100.0,BUSY,M-L-001,V3
487,487,M-UAV-01,M600,31.3108767,120.6039862,30.5,AVAILABLE,,
487,487,M-UAV-02,M600,31.3062683,120.6025389,30.5,CONTINGENCY,,
488,488,EVTOL-01,EC35,31.2976678,120.6031767,199.9,BUSY,M-P-001,V1
488,488,L-UAV-01,AMZN,31.3016129,120.5996291,100.0,BUSY,M-L-001,V3
488,488,M-UAV-01,M600,31.3108767,120.6039862,30.5,AVAILABLE,,
488,488,M-UAV-02,M600,31.3062683,120.6025389,30.5,CONTINGENCY,,
489,489,EVTOL-01,EC35,31.2980305,120.6031989,199.9,BUSY,M-P-001,V1
489,489,L-UAV-01,AMZN,31.3017321,120.5997046,100.0,BUSY,M-L-001,V3
489,489,M-UAV-01,M600,31.3108767,120.6039862,30.5,AVAILABLE,,
489,489,M-UAV-02,M600,31.3062683,120.6025389,30.5,CONTINGENCY,,
490,490,EVTOL-01,EC35,31.2983932,120.6032211,199.9,BUSY,M-P-001,V1
490,490,L-UAV-01,AMZN,31.3018514,120.5997801,100.0,BUSY,M-L-001,V3
490,490,M-UAV-01,M600,31.3108767,120.6039862,30.5,AVAILABLE,,
490,490,M-UAV-02,M600,31.3062683,120.6025389,30.5,CONTINGENCY,,
491,491,EVTOL-01,EC35,31.2987559,120.6032434,199.9,BUSY,M-P-001,V1
491,491,L-UAV-01,AMZN,31.3019706,120.5998555,100.0,BUSY,M-L-001,V3
491,491,M-UAV-01,M600,31.3108767,120.6039862,30.5,AVAILABLE,,
491,491,M-UAV-02,M600,31.3062683,120.6025389,30.5,CONTINGENCY,,
492,492,EVTOL-01,EC35,31.2991186,120.6032656,199.9,BUSY,M-P-001,V1
492,492,L-UAV-01,AMZN,31.3020898,120.5999310,100.0,BUSY,M-L-001,V3
492,492,M-UAV-01,M600,31.3108767,120.6039862,30.5,AVAILABLE,,
492,492,M-UAV-02,M600,31.3062683,120.6025389,30.5,CONTINGENCY,,
493,493,EVTOL-01,EC35,31.2994813,120.6032878,199.9,BUSY,M-P-001,V1
493,493,L-UAV-01,AMZN,31.3022091,120.6000065,100.0,BUSY,M-L-001,V3
493,493,M-UAV-01,M600,31.3108767,120.6039862,30.5,AVAILABLE,,
493,493,M-UAV-02,M600,31.3062683,120.6025389,30.5,CONTINGENCY,,
494,494,EVTOL-01,EC35,31.2998440,120.6033100,199.9,BUSY,M-P-001,V1
494,494,L-UAV-01,AMZN,31.3023283,120.6000819,100.0,BUSY,M-L-001,V3
494,494,M-UAV-01,M600,31.3108767,120.6039862,30.5,AVAILABLE,,
494,494,M-UAV-02,M600,31.3062683,120.6025389,30.5,CONTINGENCY,,
495,495,EVTOL-01,EC35,31.3002066,120.6033322,199.9,BUSY,M-P-001,V1
495,495,L-UAV-01,AMZN,31.3024475,120.6001574,100.0,BUSY,M-L-001,V3
495,495,M-UAV-01,M600,31.3108767,120.6039862,30.5,AVAILABLE,,
495,495,M-UAV-02,M600,31.3062683,120.6025389,30.5,CONTINGENCY,,
496,496,EVTOL-01,EC35,31.3005693,120.6033545,199.9,BUSY,M-P-001,V1
496,496,L-UAV-01,AMZN,31.3025667,120.6002329,100.0,BUSY,M-L-001,V3
496,496,M-UAV-01,M600,31.3108767,120.6039862,30.5,AVAILABLE,,
496,496,M-UAV-02,M600,31.3062683,120.6025389,30.5,CONTINGENCY,,
497,497,EVTOL-01,EC35,31.3009320,120.6033767,199.9,BUSY,M-P-001,V1
497,497,L-UAV-01,AMZN,31.3026860,120.6003083,100.0,BUSY,M-L-001,V3
497,497,M-UAV-01,M600,31.3108767,120.6039862,30.5,AVAILABLE,,
497,497,M-UAV-02,M600,31.3062683,120.6025389,30.5,CONTINGENCY,,
498,498,EVTOL-01,EC35,31.3012947,120.6033989,199.9,BUSY,M-P-001,V1
498,498,L-UAV-01,AMZN,31.3028052,120.6003838,100.0,BUSY,M-L-001,V3
498,498,M-UAV-01,M600,31.3108767,120.6039862,30.5,AVAILABLE,,
498,498,M-UAV-02,M600,31.3062683,120.6025389,30.5,CONTINGENCY,,
499,499,EVTOL-01,EC35,31.3016574,120.6034211,199.9,BUSY,M-P-001,V1
499,499,L-UAV-01,AMZN,31.3029244,120.6004593,100.0,BUSY,M-L-001,V3
499,499,M-UAV-01,M600,31.3108767,120.6039862,30.5,AVAILABLE,,
499,499,M-UAV-02,M600,31.3062683,120.6025389,30.5,CONTINGENCY,,
500,500,EVTOL-01,EC35,31.3020201,120.6034434,199.9,BUSY,M-P-001,V1
500,500,L-UAV-01,AMZN,31.3030437,120.6005347,100.0,BUSY,M-L-001,V3
500,500,M-UAV-01,M600,31.3108767,120.6039862,30.5,AVAILABLE,,
500,500,M-UAV-02,M600,31.3062683,120.6025389,30.5,CONTINGENCY,,
501,501,EVTOL-01,EC35,31.3023828,120.6034656,199.9,BUSY,M-P-001,V1
501,501,L-UAV-01,AMZN,31.3031629,120.6006102,100.0,BUSY,M-L-001,V3
501,501,M-UAV-01,M600,31.3108767,120.6039862,30.5,AVAILABLE,,
501,501,M-UAV-02,M600,31.3062683,120.6025389,30.5,CONTINGENCY,,
502,502,EVTOL-01,EC35,31.3027455,120.6034878,199.9,BUSY,M-P-001,V1
502,502,L-UAV-01,AMZN,31.3032821,120.6006857,100.0,BUSY,M-L-001,V3
502,502,M-UAV-01,M600,31.3108767,120.6039862,30.5,AVAILABLE,,
502,502,M-UAV-02,M600,31.3062683,120.6025389,30.5,CONTINGENCY,,
503,503,EVTOL-01,EC35,31.3031082,120.6035101,199.9,BUSY,M-P-001,V1
503,503,L-UAV-01,AMZN,31.3034013,120.6007611,100.0,BUSY,M-L-001,V3
503,503,M-UAV-01,M600,31.3108767,120.6039862,30.5,AVAILABLE,,
503,503,M-UAV-02,M600,31.3062683,120.6025389,30.5,CONTINGENCY,,
504,504,EVTOL-01,EC35,31.3034709,120.6035323,199.9,BUSY,M-P-001,V1
504,504,L-UAV-01,AMZN,31.3035206,120.6008366,100.0,BUSY,M-L-001,V3
504,504,M-UAV-01,M600,31.3108767,120.6039862,30.5,AVAILABLE,,
504,504,M-UAV-02,M600,31.3062683,120.6025389,30.5,CONTINGENCY,,
505,505,EVTOL-01,EC35,31.3038336,120.6035545,199.9,BUSY,M-P-001,V1
505,505,L-UAV-01,AMZN,31.3036398,120.6009120,100.0,BUSY,M-L-001,V3
505,505,M-UAV-01,M600,31.3108767,120.6039862,30.5,AVAILABLE,,
505,505,M-UAV-02,M600,31.3062683,120.6025389,30.5,CONTINGENCY,,
506,506,EVTOL-01,EC35,31.3041963,120.6035767,199.9,BUSY,M-P-001,V1
506,506,L-UAV-01,AMZN,31.3037590,120.6009875,100.0,BUSY,M-L-001,V3
506,506,M-UAV-01,M600,31.3108767,120.6039862,30.5,AVAILABLE,,
506,506,M-UAV-02,M600,31.3062683,120.6025389,30.5,CONTINGENCY,,
507,507,EVTOL-01,EC35,31.3045590,120.6035990,199.9,BUSY,M-P-001,V1
507,507,L-UAV-01,AMZN,31.3038783,120.6010630,100.0,BUSY,M-L-001,V3
507,507,M-UAV-01,M600,31.3108767,120.6039862,30.5,AVAILABLE,,
507,507,M-UAV-02,M600,31.3062683,120.6025389,30.5,CONTINGENCY,,
508,508,EVTOL-01,EC35,31.3049217,120.6036212,199.9,BUSY,M-P-001,V1
508,508,L-UAV-01,AMZN,31.3039975,120.6011384,100.0,BUSY,M-L-001,V3
508,508,M-UAV-01,M600,31.3108767,120.6039862,30.5,AVAILABLE,,
508,508,M-UAV-02,M600,31.3062683,120.6025389,30.5,CONTINGENCY,,
509,509,EVTOL-01,EC35,31.3052844,120.6036434,199.9,BUSY,M-P-001,V1
509,509,L-UAV-01,AMZN,31.3041167,120.6012139,100.0,BUSY,M-L-001,V3
509,509,M-UAV-01,M600,31.3108767,120.6039862,30.5,AVAILABLE,,
509,509,M-UAV-02,M600,31.3062683,120.6025389,30.5,CONTINGENCY,,
510,510,EVTOL-01,EC35,31.3056470,120.6036656,199.9,BUSY,M-P-001,V1
510,510,L-UAV-01,AMZN,31.3042359,120.6012894,100.0,BUSY,M-L-001,V3
510,510,M-UAV-01,M600,31.3108767,120.6039862,30.5,AVAILABLE,,
510,510,M-UAV-02,M600,31.3062683,120.6025389,30.5,CONTINGENCY,,
511,511,EVTOL-01,EC35,31.3060097,120.6036879,199.9,BUSY,M-P-001,V1
511,511,L-UAV-01,AMZN,31.3043552,120.6013649,100.0,BUSY,M-L-001,V3
511,511,M-UAV-01,M600,31.3108767,120.6039862,30.5,AVAILABLE,,
511,511,M-UAV-02,M600,31.3062683,120.6025389,30.5,CONTINGENCY,,
512,512,EVTOL-01,EC35,31.3063724,120.6037101,199.9,BUSY,M-P-001,V1
512,512,L-UAV-01,AMZN,31.3044744,120.6014403,100.0,BUSY,M-L-001,V3
512,512,M-UAV-01,M600,31.3108767,120.6039862,30.5,AVAILABLE,,
512,512,M-UAV-02,M600,31.3062683,120.6025389,30.5,CONTINGENCY,,
513,513,EVTOL-01,EC35,31.3067351,120.6037323,199.9,BUSY,M-P-001,V1
513,513,L-UAV-01,AMZN,31.3045936,120.6015158,100.0,BUSY,M-L-001,V3
513,513,M-UAV-01,M600,31.3108767,120.6039862,30.5,AVAILABLE,,
513,513,M-UAV-02,M600,31.3062683,120.6025389,30.5,CONTINGENCY,,
514,514,EVTOL-01,EC35,31.3070978,120.6037546,199.9,BUSY,M-P-001,V1
514,514,L-UAV-01,AMZN,31.3047128,120.6015913,100.0,BUSY,M-L-001,V3
514,514,M-UAV-01,M600,31.3108767,120.6039862,30.5,AVAILABLE,,
514,514,M-UAV-02,M600,31.3062683,120.6025389,30.5,CONTINGENCY,,
515,515,EVTOL-01,EC35,31.3074605,120.6037768,199.9,BUSY,M-P-001,V1
515,515,L-UAV-01,AMZN,31.3048321,120.6016667,100.0,BUSY,M-L-001,V3
515,515,M-UAV-01,M600,31.3108767,120.6039862,30.5,AVAILABLE,,
515,515,M-UAV-02,M600,31.3062683,120.6025389,30.5,CONTINGENCY,,
516,516,EVTOL-01,EC35,31.3078232,120.6037990,199.9,BUSY,M-P-001,V1
516,516,L-UAV-01,AMZN,31.3049513,120.6017422,100.0,BUSY,M-L-001,V3
516,516,M-UAV-01,M600,31.3108767,120.6039862,30.5,AVAILABLE,,
516,516,M-UAV-02,M600,31.3062683,120.6025389,30.5,CONTINGENCY,,
517,517,EVTOL-01,EC35,31.3081859,120.6038212,199.9,BUSY,M-P-001,V1
517,517,L-UAV-01,AMZN,31.3050705,120.6018177,100.0,BUSY,M-L-001,V3
517,517,M-UAV-01,M600,31.3108767,120.6039862,30.5,AVAILABLE,,
517,517,M-UAV-02,M600,31.3062683,120.6025389,30.5,CONTINGENCY,,
518,518,EVTOL-01,EC35,31.3085486,120.6038435,199.9,BUSY,M-P-001,V1
518,518,L-UAV-01,AMZN,31.3051898,120.6018931,100.0,BUSY,M-L-001,V3
518,518,M-UAV-01,M600,31.3108767,120.6039862,30.5,AVAILABLE,,
518,518,M-UAV-02,M600,31.3062683,120.6025389,30.5,CONTINGENCY,,
519,519,EVTOL-01,EC35,31.3089113,120.6038657,199.9,BUSY,M-P-001,V1
519,519,L-UAV-01,AMZN,31.3053090,120.6019686,100.0,BUSY,M-L-001,V3
519,519,M-UAV-01,M600,31.3108767,120.6039862,30.5,AVAILABLE,,
519,519,M-UAV-02,M600,31.3062683,120.6025389,30.5,CONTINGENCY,,
520,520,EVTOL-01,EC35,31.3092740,120.6038879,199.9,BUSY,M-P-001,V1
520,520,L-UAV-01,AMZN,31.3054282,120.6020441,100.0,BUSY,M-L-001,V3
520,520,M-UAV-01,M600,31.3108767,120.6039862,30.5,AVAILABLE,,
520,520,M-UAV-02,M600,31.3062683,120.6025389,30.5,CONTINGENCY,,
521,521,EVTOL-01,EC35,31.3096367,120.6039102,199.9,BUSY,M-P-001,V1
521,521,L-UAV-01,AMZN,31.3055474,120.6021195,100.0,BUSY,M-L-001,V3
521,521,M-UAV-01,M600,31.3108767,120.6039862,30.5,AVAILABLE,,
521,521,M-UAV-02,M600,31.3062683,120.6025389,30.5,CONTINGENCY,,
522,522,EVTOL-01,EC35,31.3099994,120.6039324,199.9,BUSY,M-P-001,V2
522,522,L-UAV-01,AMZN,31.3056667,120.6021950,100.0,BUSY,M-L-001,V3
522,522,M-UAV-01,M600,31.3108767,120.6039862,30.5,AVAILABLE,,
522,522,M-UAV-02,M600,31.3062683,120.6025389,30.5,CONTINGENCY,,
523,523,EVTOL-01,EC35,31.3103619,120.6039065,199.9,BUSY,M-P-001,V2
523,523,L-UAV-01,AMZN,31.3057859,120.6022705,100.0,BUSY,M-L-001,V2
523,523,M-UAV-01,M600,31.3108767,120.6039862,30.5,AVAILABLE,,
523,523,M-UAV-02,M600,31.3062683,120.6025389,30.5,CONTINGENCY,,
524,524,EVTOL-01,EC35,31.3107196,120.6038328,199.9,BUSY,M-P-001,V2
524,524,L-UAV-01,AMZN,31.3059189,120.6023008,100.0,BUSY,M-L-001,V2
524,524,M-UAV-01,M600,31.3108767,120.6039862,30.5,AVAILABLE,,
524,524,M-UAV-02,M600,31.3062683,120.6025389,30.5,CONTINGENCY,,
525,525,EVTOL-01,EC35,31.3110679,120.6037123,199.9,BUSY,M-P-001,V2
525,525,L-UAV-01,AMZN,31.3060537,120.6022832,100.0,BUSY,M-L-001,V2
525,525,M-UAV-01,M600,31.3108767,120.6039862,30.5,AVAILABLE,,
525,525,M-UAV-02,M600,31.3062683,120.6025389,30.5,CONTINGENCY,,
526,526,EVTOL-01,EC35,31.3114023,120.6035466,199.9,BUSY,M-P-001,V2
526,526,L-UAV-01,AMZN,31.3061777,120.6022193,100.0,BUSY,M-L-001,V2
526,526,M-UAV-01,M600,31.3108767,120.6039862,30.5,AVAILABLE,,
526,526,M-UAV-02,M600,31.3062683,120.6025389,30.5,CONTINGENCY,,
527,527,EVTOL-01,EC35,31.3117186,120.6033376,199.9,BUSY,M-P-001,V2
527,527,L-UAV-01,AMZN,31.3062798,120.6021150,100.0,BUSY,M-L-001,V2
527,527,M-UAV-01,M600,31.3108767,120.6039862,30.5,AVAILABLE,,
527,527,M-UAV-02,M600,31.3062683,120.6025389,30.5,CONTINGENCY,,
528,528,EVTOL-01,EC35,31.3120127,120.6030882,199.9,BUSY,M-P-001,V2
528,528,L-UAV-01,AMZN,31.3063506,120.6019797,100.0,BUSY,M-L-001,V2
528,528,M-UAV-01,M600,31.3108767,120.6039862,30.5,AVAILABLE,,
528,528,M-UAV-02,M600,31.3062683,120.6025389,30.5,CONTINGENCY,,
529,529,EVTOL-01,EC35,31.3122808,120.6028014,199.9,BUSY,M-P-001,V2
529,529,L-UAV-01,AMZN,31.3063837,120.6018259,100.0,BUSY,M-L-001,V2
529,529,M-UAV-01,M600,31.3108767,120.6039862,30.5,AVAILABLE,,
529,529,M-UAV-02,M600,31.3062683,120.6025389,30.5,CONTINGENCY,,
530,530,EVTOL-01,EC35,31.3125195,120.6024810,199.9,BUSY,M-P-001,V2
530,530,L-UAV-01,AMZN,31.3063759,120.6016675,100.0,BUSY,M-L-001,V2
530,530,M-UAV-01,M600,31.3108767,120.6039862,30.5,AVAILABLE,,
530,530,M-UAV-02,M600,31.3062683,120.6025389,30.5,CONTINGENCY,,
531,531,EVTOL-01,EC35,31.3127258,120.6021312,199.9,BUSY,M-P-001,V2
531,531,L-UAV-01,AMZN,31.3063281,120.6015190,100.0,BUSY,M-L-001,V2
531,531,M-UAV-01,M600,31.3108767,120.6039862,30.5,AVAILABLE,,
531,531,M-UAV-02,M600,31.3062683,120.6025389,30.5,CONTINGENCY,,
532,532,EVTOL-01,EC35,31.3128970,120.6017562,199.9,BUSY,M-P-001,V2
532,532,L-UAV-01,AMZN,31.3062445,120.6013941,100.0,BUSY,M-L-001,V2
532,532,M-UAV-01,M600,31.3108767,120.6039862,30.5,AVAILABLE,,
532,532,M-UAV-02,M600,31.3062683,120.6025389,30.5,CONTINGENCY,,
533,533,EVTOL-01,EC35,31.3130309,120.6013611,199.9,BUSY,M-P-001,V2
533,533,L-UAV-01,AMZN,31.3061329,120.6013041,100.0,BUSY,M-L-001,V2
533,533,M-UAV-01,M600,31.3108767,120.6039862,30.5,AVAILABLE,,
533,533,M-UAV-02,M600,31.3062683,120.6025389,30.5,CONTINGENCY,,
534,534,EVTOL-01,EC35,31.3131258,120.6009507,199.9,BUSY,M-P-001,V2
534,534,L-UAV-01,AMZN,31.3060137,120.6012286,100.0,BUSY,M-L-001,V2
534,534,M-UAV-01,M600,31.3108767,120.6039862,30.5,AVAILABLE,,
534,534,M-UAV-02,M600,31.3062683,120.6025389,30.5,CONTINGENCY,,
535,535,EVTOL-01,EC35,31.3131804,120.6005304,199.9,BUSY,M-P-001,V2
535,535,L-UAV-01,AMZN,31.3058945,120.6011531,100.0,BUSY,M-L-001,V2
535,535,M-UAV-01,M600,31.3108767,120.6039862,30.5,AVAILABLE,,
535,535,M-UAV-02,M600,31.3062683,120.6025389,30.5,CONTINGENCY,,
536,536,EVTOL-01,EC35,31.3131942,120.6001056,199.9,BUSY,M-P-001,V2
536,536,L-UAV-01,AMZN,31.3057752,120.6010777,100.0,BUSY,M-L-001,V2
536,536,M-UAV-01,M600,31.3108767,120.6039862,30.5,AVAILABLE,,
536,536,M-UAV-02,M600,31.3062683,120.6025389,30.5,CONTINGENCY,,
537,537,EVTOL-01,EC35,31.3131668,120.5996817,199.9,BUSY,M-P-001,V2
537,537,L-UAV-01,AMZN,31.3056560,120.6010022,100.0,BUSY,M-L-001,V2
537,537,M-UAV-01,M600,31.3108767,120.6039862,30.5,AVAILABLE,,
537,537,M-UAV-02,M600,31.3062683,120.6025389,30.5,CONTINGENCY,,
538,538,EVTOL-01,EC35,31.3130987,120.5992641,199.9,BUSY,M-P-001,V2
538,538,L-UAV-01,AMZN,31.3055368,120.6009267,100.0,BUSY,M-L-001,V2
538,538,M-UAV-01,M600,31.3108767,120.6039862,30.5,AVAILABLE,,
538,538,M-UAV-02,M600,31.3062683,120.6025389,30.5,CONTINGENCY,,
539,539,EVTOL-01,EC35,31.3129907,120.5988583,199.9,BUSY,M-P-001,V2
539,539,L-UAV-01,AMZN,31.3054175,120.6008513,100.0,BUSY,M-L-001,V2
539,539,M-UAV-01,M600,31.3108767,120.6039862,30.5,AVAILABLE,,
539,539,M-UAV-02,M600,31.3062683,120.6025389,30.5,CONTINGENCY,,
540,540,EVTOL-01,EC35,31.3128443,120.5984692,199.9,BUSY,M-P-001,V2
540,540,L-UAV-01,AMZN,31.3052983,120.6007758,100.0,BUSY,M-L-001,V2
540,540,M-UAV-01,M600,31.3108767,120.6039862,30.5,AVAILABLE,,
540,540,M-UAV-02,M600,31.3062683,120.6025389,30.5,CONTINGENCY,,
541,541,EVTOL-01,EC35,31.3126612,120.5981021,199.9,BUSY,M-P-001,V2
541,541,L-UAV-01,AMZN,31.3051791,120.6007003,100.0,BUSY,M-L-001,V2
541,541,M-UAV-01,M600,31.3108767,120.6039862,30.5,AVAILABLE,,
541,541,M-UAV-02,M600,31.3062683,120.6025389,30.5,CONTINGENCY,,
542,542,EVTOL-01,EC35,31.3124439,120.5977615,199.9,BUSY,M-P-001,V2
542,542,L-UAV-01,AMZN,31.3050599,120.6006249,100.0,BUSY,M-L-001,V2
542,542,M-UAV-01,M600,31.3108767,120.6039862,30.5,AVAILABLE,,
542,542,M-UAV-02,M600,31.3062683,120.6025389,30.5,CONTINGENCY,,
543,543,EVTOL-01,EC35,31.3121950,120.5974519,199.9,BUSY,M-P-001,V2
543,543,L-UAV-01,AMZN,31.3049406,120.6005494,100.0,BUSY,M-L-001,V2
543,543,M-UAV-01,M600,31.3108767,120.6039862,30.5,AVAILABLE,,
543,543,M-UAV-02,M600,31.3062683,120.6025389,30.5,CONTINGENCY,,
544,544,EVTOL-01,EC35,31.3119179,120.5971771,199.9,BUSY,M-P-001,V2
544,544,L-UAV-01,AMZN,31.3048214,120.6004739,100.0,BUSY,M-L-001,V2
544,544,M-UAV-01,M600,31.3108767,120.6039862,30.5,AVAILABLE,,
544,544,M-UAV-02,M600,31.3062683,120.6025389,30.5,CONTINGENCY,,
545,545,EVTOL-01,EC35,31.3116160,120.5969407,199.9,BUSY,M-P-001,V2
545,545,L-UAV-01,AMZN,31.3047022,120.6003985,100.0,BUSY,M-L-001,V2
545,545,M-UAV-01,M600,31.3108767,120.6039862,30.5,AVAILABLE,,
545,545,M-UAV-02,M600,31.3062683,120.6025389,30.5,CONTINGENCY,,
546,546,EVTOL-01,EC35,31.3112932,120.5967458,199.9,BUSY,M-P-001,V2
546,546,L-UAV-01,AMZN,31.3045830,120.6003230,100.0,BUSY,M-L-001,V2
546,546,M-UAV-01,M600,31.3108767,120.6039862,30.5,AVAILABLE,,
546,546,M-UAV-02,M600,31.3062683,120.6025389,30.5,CONTINGENCY,,
547,547,EVTOL-01,EC35,31.3109537,120.5965949,199.9,BUSY,M-P-001,V2
547,547,L-UAV-01,AMZN,31.3044637,120.6002475,100.0,BUSY,M-L-001,V2
547,547,M-UAV-01,M600,31.3108767,120.6039862,30.5,AVAILABLE,,
547,547,M-UAV-02,M600,31.3062683,120.6025389,30.5,CONTINGENCY,,
548,548,EVTOL-01,EC35,31.3106018,120.5964897,199.9,BUSY,M-P-001,V2
548,548,L-UAV-01,AMZN,31.3043445,120.6001721,100.0,BUSY,M-L-001,V2
548,548,M-UAV-01,M600,31.3108767,120.6039862,30.5,AVAILABLE,,
548,548,M-UAV-02,M600,31.3062683,120.6025389,30.5,CONTINGENCY,,
549,549,EVTOL-01,EC35,31.3102420,120.5964318,199.9,BUSY,M-P-001,V2
549,549,L-UAV-01,AMZN,31.3042253,120.6000966,100.0,BUSY,M-L-001,V2
549,549,M-UAV-01,M600,31.3108767,120.6039862,30.5,AVAILABLE,,
549,549,M-UAV-02,M600,31.3062683,120.6025389,30.5,CONTINGENCY,,
550,550,EVTOL-01,EC35,31.3098793,120.5964097,199.9,BUSY,M-P-001,V2
550,550,L-UAV-01,AMZN,31.3041060,120.6000211,100.0,BUSY,M-L-001,V2
550,550,M-UAV-01,M600,31.3108767,120.6039862,30.5,AVAILABLE,,
550,550,M-UAV-02,M600,31.3062683,120.6025389,30.5,CONTINGENCY,,
551,551,EVTOL-01,EC35,31.3095166,120.5963875,199.9,BUSY,M-P-001,V2
551,551,L-UAV-01,AMZN,31.3039868,120.5999457,100.0,BUSY,M-L-001,V2
551,551,M-UAV-01,M600,31.3108767,120.6039862,30.5,AVAILABLE,,
551,551,M-UAV-02,M600,31.3062683,120.6025389,30.5,CONTINGENCY,,
552,552,EVTOL-01,EC35,31.3091539,120.5963653,199.9,BUSY,M-P-001,V2
552,552,L-UAV-01,AMZN,31.3038676,120.5998702,100.0,BUSY,M-L-001,V2
552,552,M-UAV-01,M600,31.3108767,120.6039862,30.5,AVAILABLE,,
552,552,M-UAV-02,M600,31.3062683,120.6025389,30.5,CONTINGENCY,,
553,553,EVTOL-01,EC35,31.3087912,120.5963431,199.9,BUSY,M-P-001,V2
553,553,L-UAV-01,AMZN,31.3037484,120.5997947,100.0,BUSY,M-L-001,V2
553,553,M-UAV-01,M600,31.3108767,120.6039862,30.5,AVAILABLE,,
553,553,M-UAV-02,M600,31.3062683,120.6025389,30.5,CONTINGENCY,,
554,554,EVTOL-01,EC35,31.3084285,120.5963209,199.9,BUSY,M-P-001,V2
554,554,L-UAV-01,AMZN,31.3036291,120.5997193,100.0,BUSY,M-L-001,V2
554,554,M-UAV-01,M600,31.3108767,120.6039862,30.5,AVAILABLE,,
554,554,M-UAV-02,M600,31.3062683,120.6025389,30.5,CONTINGENCY,,
555,555,EVTOL-01,EC35,31.3080658,120.5962987,199.9,BUSY,M-P-001,V2
555,555,L-UAV-01,AMZN,31.3035099,120.5996438,100.0,BUSY,M-L-001,V2
555,555,M-UAV-01,M600,31.3108767,120.6039862,30.5,AVAILABLE,,
555,555,M-UAV-02,M600,31.3062683,120.6025389,30.5,CONTINGENCY,,
556,556,EVTOL-01,EC35,31.3077031,120.5962765,199.9,BUSY,M-P-001,V2
556,556,L-UAV-01,AMZN,31.3033907,120.5995683,100.0,BUSY,M-L-001,V2
556,556,M-UAV-01,M600,31.3108767,120.6039862,30.5,AVAILABLE,,
556,556,M-UAV-02,M600,31.3062683,120.6025389,30.5,CONTINGENCY,,
557,557,EVTOL-01,EC35,31.3073405,120.5962543,199.9,BUSY,M-P-001,V2
557,557,L-UAV-01,AMZN,31.3032714,120.5994929,100.0,BUSY,M-L-001,V2
557,557,M-UAV-01,M600,31.3108767,120.6039862,30.5,AVAILABLE,,
557,557,M-UAV-02,M600,31.3062683,120.6025389,30.5,CONTINGENCY,,
558,558,EVTOL-01,EC35,31.3069778,120.5962322,199.9,BUSY,M-P-001,V2
558,558,L-UAV-01,AMZN,31.3031522,120.5994174,100.0,BUSY,M-L-001,V2
558,558,M-UAV-01,M600,31.3108767,120.6039862,30.5,AVAILABLE,,
558,558,M-UAV-02,M600,31.3062683,120.6025389,30.5,CONTINGENCY,,
559,559,EVTOL-01,EC35,31.3066151,120.5962100,199.9,BUSY,M-P-001,V2
559,559,L-UAV-01,AMZN,31.3030330,120.5993419,100.0,BUSY,M-L-001,V2
559,559,M-UAV-01,M600,31.3108767,120.6039862,30.5,AVAILABLE,,
559,559,M-UAV-02,M600,31.3062683,120.6025389,30.5,CONTINGENCY,,
560,560,EVTOL-01,EC35,31.3062524,120.5961878,199.9,BUSY,M-P-001,V2
560,560,L-UAV-01,AMZN,31.3029137,120.5992665,100.0,BUSY,M-L-001,V2
560,560,M-UAV-01,M600,31.3108767,120.6039862,30.5,AVAILABLE,,
560,560,M-UAV-02,M600,31.3062683,120.6025389,30.5,CONTINGENCY,,
561,561,EVTOL-01,EC35,31.3058897,120.5961656,199.9,BUSY,M-P-001,V2
561,561,L-UAV-01,AMZN,31.3027945,120.5991910,100.0,BUSY,M-L-001,V2
561,561,M-UAV-01,M600,31.3108767,120.6039862,30.5,AVAILABLE,,
561,561,M-UAV-02,M600,31.3062683,120.6025389,30.5,CONTINGENCY,,
562,562,EVTOL-01,EC35,31.3055270,120.5961434,199.9,BUSY,M-P-001,V2
562,562,L-UAV-01,AMZN,31.3026753,120.5991156,100.0,BUSY,M-L-001,V2
562,562,M-UAV-01,M600,31.3108767,120.6039862,30.5,AVAILABLE,,
562,562,M-UAV-02,M600,31.3062683,120.6025389,30.5,CONTINGENCY,,
563,563,EVTOL-01,EC35,31.3051643,120.5961212,199.9,BUSY,M-P-001,V2
563,563,L-UAV-01,AMZN,31.3025561,120.5990401,100.0,BUSY,M-L-001,V2
563,563,M-UAV-01,M600,31.3108767,120.6039862,30.5,AVAILABLE,,
563,563,M-UAV-02,M600,31.3062683,120.6025389,30.5,CONTINGENCY,,
564,564,EVTOL-01,EC35,31.3048016,120.5960990,199.9,BUSY,M-P-001,V2
564,564,L-UAV-01,AMZN,31.3024368,120.5989646,100.0,BUSY,M-L-001,V2
564,564,M-UAV-01,M600,31.3108767,120.6039862,30.5,AVAILABLE,,
564,564,M-UAV-02,M600,31.3062683,120.6025389,30.5,CONTINGENCY,,
565,565,EVTOL-01,EC35,31.3044389,120.5960768,199.9,BUSY,M-P-001,V2
565,565,L-UAV-01,AMZN,31.3023176,120.5988892,100.0,BUSY,M-L-001,V2
565,565,M-UAV-01,M600,31.3108767,120.6039862,30.5,AVAILABLE,,
565,565,M-UAV-02,M600,31.3062683,120.6025389,30.5,CONTINGENCY,,
566,566,EVTOL-01,EC35,31.3040762,120.5960547,199.9,BUSY,M-P-001,V2
566,566,L-UAV-01,AMZN,31.3021984,120.5988137,100.0,BUSY,M-L-001,V2
566,566,M-UAV-01,M600,31.3108767,120.6039862,30.5,AVAILABLE,,
566,566,M-UAV-02,M600,31.3062683,120.6025389,30.5,CONTINGENCY,,
567,567,EVTOL-01,EC35,31.3037135,120.5960325,199.9,BUSY,M-P-001,V2
567,567,L-UAV-01,AMZN,31.3020791,120.5987382,100.0,BUSY,M-L-001,V2
567,567,M-UAV-01,M600,31.3108767,120.6039862,30.5,AVAILABLE,,
567,567,M-UAV-02,M600,31.3062683,120.6025389,30.5,CONTINGENCY,,
568,568,EVTOL-01,EC35,31.3033508,120.5960103,199.9,BUSY,M-P-001,V2
568,568,L-UAV-01,AMZN,31.3019599,120.5986628,100.0,BUSY,M-L-001,V2
568,568,M-UAV-01,M600,31.3108767,120.6039862,30.5,AVAILABLE,,
568,568,M-UAV-02,M600,31.3062683,120.6025389,30.5,CONTINGENCY,,
569,569,EVTOL-01,EC35,31.3029881,120.5959881,199.9,BUSY,M-P-001,V2
569,569,L-UAV-01,AMZN,31.3018407,120.5985873,100.0,BUSY,M-L-001,V2
569,569,M-UAV-01,M600,31.3108767,120.6039862,30.5,AVAILABLE,,
569,569,M-UAV-02,M600,31.3062683,120.6025389,30.5,CONTINGENCY,,
570,570,EVTOL-01,EC35,31.3026254,120.5959659,199.9,BUSY,M-P-001,V2
570,570,L-UAV-01,AMZN,31.3017215,120.5985119,100.0,BUSY,M-L-001,V2
570,570,M-UAV-01,M600,31.3108767,120.6039862,30.5,AVAILABLE,,
570,570,M-UAV-02,M600,31.3062683,120.6025389,30.5,CONTINGENCY,,
571,571,EVTOL-01,EC35,31.3022627,120.5959437,199.9,BUSY,M-P-001,V2
571,571,L-UAV-01,AMZN,31.3016022,120.5984364,100.0,BUSY,M-L-001,V2
571,571,M-UAV-01,M600,31.3108767,120.6039862,30.5,AVAILABLE,,
571,571,M-UAV-02,M600,31.3062683,120.6025389,30.5,CONTINGENCY,,
572,572,EVTOL-01,EC35,31.3019000,120.5959215,199.9,BUSY,M-P-001,V2
572,572,L-UAV-01,AMZN,31.3014830,120.5983609,100.0,BUSY,M-L-001,V2
572,572,M-UAV-01,M600,31.3108767,120.6039862,30.5,AVAILABLE,,
572,572,M-UAV-02,M600,31.3062683,120.6025389,30.5,CONTINGENCY,,
573,573,EVTOL-01,EC35,31.3015373,120.5958994,199.9,BUSY,M-P-001,V2
573,573,L-UAV-01,AMZN,31.3013638,120.5982855,100.0,BUSY,M-L-001,V2
573,573,M-UAV-01,M600,31.3108767,120.6039862,30.5,AVAILABLE,,
573,573,M-UAV-02,M600,31.3062683,120.6025389,30.5,CONTINGENCY,,
574,574,EVTOL-01,EC35,31.3011746,120.5958772,199.9,BUSY,M-P-001,V2
574,574,L-UAV-01,AMZN,31.3012445,120.5982100,100.0,BUSY,M-L-001,V2
574,574,M-UAV-01,M600,31.3108767,120.6039862,30.5,AVAILABLE,,
574,574,M-UAV-02,M600,31.3062683,120.6025389,30.5,CONTINGENCY,,
575,575,EVTOL-01,EC35,31.3008119,120.5958550,199.9,BUSY,M-P-001,V2
575,575,L-UAV-01,AMZN,31.3011253,120.5981346,100.0,BUSY,M-L-001,V2
575,575,M-UAV-01,M600,31.3108767,120.6039862,30.5,AVAILABLE,,
575,575,M-UAV-02,M600,31.3062683,120.6025389,30.5,CONTINGENCY,,
576,576,EVTOL-01,EC35,31.3004492,120.5958328,199.9,BUSY,M-P-001,V2
576,576,L-UAV-01,AMZN,31.3010061,120.5980591,100.0,BUSY,M-L-001,V2
576,576,M-UAV-01,M600,31.3108767,120.6039862,30.5,AVAILABLE,,
576,576,M-UAV-02,M600,31.3062683,120.6025389,30.5,CONTINGENCY,,
577,577,EVTOL-01,EC35,31.3000865,120.5958106,199.9,BUSY,M-P-001,V2
577,577,L-UAV-01,AMZN,31.3008869,120.5979836,100.0,BUSY,M-L-001,V2
577,577,M-UAV-01,M600,31.3108767,120.6039862,30.5,AVAILABLE,,
577,577,M-UAV-02,M600,31.3062683,120.6025389,30.5,CONTINGENCY,,
578,578,EVTOL-01,EC35,31.2997238,120.5957884,199.9,BUSY,M-P-001,V2
578,578,L-UAV-01,AMZN,31.3007676,120.5979082,100.0,BUSY,M-L-001,V2
578,578,M-UAV-01,M600,31.3108767,120.6039862,30.5,AVAILABLE,,
578,578,M-UAV-02,M600,31.3062683,120.6025389,30.5,CONTINGENCY,,
579,579,EVTOL-01,EC35,31.2993612,120.5957663,199.9,BUSY,M-P-001,V2
579,579,L-UAV-01,AMZN,31.3006484,120.5978327,100.0,BUSY,M-L-001,V2
579,579,M-UAV-01,M600,31.3108767,120.6039862,30.5,AVAILABLE,,
579,579,M-UAV-02,M600,31.3062683,120.6025389,30.5,CONTINGENCY,,
580,580,EVTOL-01,EC35,31.2989985,120.5957441,199.9,BUSY,M-P-001,V2
580,580,L-UAV-01,AMZN,31.3005292,120.5977572,100.0,BUSY,M-L-001,V2
580,580,M-UAV-01,M600,31.3108767,120.6039862,30.5,AVAILABLE,,
580,580,M-UAV-02,M600,31.3062683,120.6025389,30.5,CONTINGENCY,,
581,581,EVTOL-01,EC35,31.2986358,120.5957219,199.9,BUSY,M-P-001,V2
581,581,L-UAV-01,AMZN,31.3004099,120.5976818,100.0,BUSY,M-L-001,V2
581,581,M-UAV-01,M600,31.3108767,120.6039862,30.5,AVAILABLE,,
581,581,M-UAV-02,M600,31.3062683,120.6025389,30.5,CONTINGENCY,,
582,582,EVTOL-01,EC35,31.2982731,120.5956997,199.9,BUSY,M-P-001,V2
582,582,L-UAV-01,AMZN,31.3002907,120.5976063,100.0,BUSY,M-L-001,V2
582,582,M-UAV-01,M600,31.3108767,120.6039862,30.5,AVAILABLE,,
582,582,M-UAV-02,M600,31.3062683,120.6025389,30.5,CONTINGENCY,,
583,583,EVTOL-01,EC35,31.2979104,120.5956775,199.9,BUSY,M-P-001,V1
583,583,L-UAV-01,AMZN,31.3001715,120.5975309,100.0,BUSY,M-L-001,V2
583,583,M-UAV-01,M600,31.3108767,120.6039862,30.5,AVAILABLE,,
583,583,M-UAV-02,M600,31.3062683,120.6025389,30.5,CONTINGENCY,,
584,584,EVTOL-01,EC35,31.2975479,120.5957034,199.9,BUSY,M-P-001,V1
584,584,L-UAV-01,AMZN,31.3000522,120.5974554,100.0,BUSY,M-L-001,V2
584,584,M-UAV-01,M600,31.3108767,120.6039862,30.5,AVAILABLE,,
584,584,M-UAV-02,M600,31.3062683,120.6025389,30.5,CONTINGENCY,,
585,585,EVTOL-01,EC35,31.2971902,120.5957771,199.9,BUSY,M-P-001,V1
585,585,L-UAV-01,AMZN,31.2999330,120.5973800,100.0,BUSY,M-L-001,V2
585,585,M-UAV-01,M600,31.3108767,120.6039862,30.5,AVAILABLE,,
585,585,M-UAV-02,M600,31.3062683,120.6025389,30.5,CONTINGENCY,,
586,586,EVTOL-01,EC35,31.2968419,120.5958976,199.9,BUSY,M-P-001,V1
586,586,L-UAV-01,AMZN,31.2998138,120.5973045,100.0,BUSY,M-L-001,V2
586,586,M-UAV-01,M600,31.3108767,120.6039862,30.5,AVAILABLE,,
586,586,M-UAV-02,M600,31.3062683,120.6025389,30.5,CONTINGENCY,,
587,587,EVTOL-01,EC35,31.2965075,120.5960634,199.9,BUSY,M-P-001,V1
587,587,L-UAV-01,AMZN,31.2996946,120.5972290,100.0,BUSY,M-L-001,V2
587,587,M-UAV-01,M600,31.3108767,120.6039862,30.5,AVAILABLE,,
587,587,M-UAV-02,M600,31.3062683,120.6025389,30.5,CONTINGENCY,,
588,588,EVTOL-01,EC35,31.2961912,120.5962724,199.9,BUSY,M-P-001,V1
588,588,L-UAV-01,AMZN,31.2995753,120.5971536,100.0,BUSY,M-L-001,V2
588,588,M-UAV-01,M600,31.3108767,120.6039862,30.5,AVAILABLE,,
588,588,M-UAV-02,M600,31.3062683,120.6025389,30.5,CONTINGENCY,,
589,589,EVTOL-01,EC35,31.2958971,120.5965218,199.9,BUSY,M-P-001,V1
589,589,L-UAV-01,AMZN,31.2994561,120.5970781,100.0,BUSY,M-L-001,V2
589,589,M-UAV-01,M600,31.3108767,120.6039862,30.5,AVAILABLE,,
589,589,M-UAV-02,M600,31.3062683,120.6025389,30.5,CONTINGENCY,,
590,590,EVTOL-01,EC35,31.2956290,120.5968086,199.9,BUSY,M-P-001,V1
590,590,L-UAV-01,AMZN,31.2993369,120.5970027,100.0,BUSY,M-L-001,V2
590,590,M-UAV-01,M600,31.3108767,120.6039862,30.5,AVAILABLE,,
590,590,M-UAV-02,M600,31.3062683,120.6025389,30.5,CONTINGENCY,,
591,591,EVTOL-01,EC35,31.2953903,120.5971289,199.9,BUSY,M-P-001,V1
591,591,L-UAV-01,AMZN,31.2992176,120.5969272,100.0,BUSY,M-L-001,V2
591,591,M-UAV-01,M600,31.3108767,120.6039862,30.5,AVAILABLE,,
591,591,M-UAV-02,M600,31.3062683,120.6025389,30.5,CONTINGENCY,,
592,592,EVTOL-01,EC35,31.2951841,120.5974788,199.9,BUSY,M-P-001,V1
592,592,L-UAV-01,AMZN,31.2990984,120.5968517,100.0,BUSY,M-L-001,V2
592,592,M-UAV-01,M600,31.3108767,120.6039862,30.5,AVAILABLE,,
592,592,M-UAV-02,M600,31.3062683,120.6025389,30.5,CONTINGENCY,,
593,593,EVTOL-01,EC35,31.2950129,120.5978536,199.9,BUSY,M-P-001,V1
593,593,L-UAV-01,AMZN,31.2989792,120.5967763,100.0,BUSY,M-L-001,V2
593,593,M-UAV-01,M600,31.3108767,120.6039862,30.5,AVAILABLE,,
593,593,M-UAV-02,M600,31.3062683,120.6025389,30.5,CONTINGENCY,,
594,594,EVTOL-01,EC35,31.2948791,120.5982487,199.9,BUSY,M-P-001,V1
594,594,L-UAV-01,AMZN,31.2988599,120.5967008,100.0,BUSY,M-L-001,V2
594,594,M-UAV-01,M600,31.3108767,120.6039862,30.5,AVAILABLE,,
594,594,M-UAV-02,M600,31.3062683,120.6025389,30.5,CONTINGENCY,,
595,595,EVTOL-01,EC35,31.2947842,120.5986590,199.9,BUSY,M-P-001,V1
595,595,L-UAV-01,AMZN,31.2987407,120.5966254,100.0,BUSY,M-L-001,V2
595,595,M-UAV-01,M600,31.3108767,120.6039862,30.5,AVAILABLE,,
595,595,M-UAV-02,M600,31.3062683,120.6025389,30.5,CONTINGENCY,,
596,596,EVTOL-01,EC35,31.2947296,120.5990792,199.9,BUSY,M-P-001,V1
596,596,L-UAV-01,AMZN,31.2986215,120.5965499,100.0,BUSY,M-L-001,V2
596,596,M-UAV-01,M600,31.3108767,120.6039862,30.5,AVAILABLE,,
596,596,M-UAV-02,M600,31.3062683,120.6025389,30.5,CONTINGENCY,,
597,597,EVTOL-01,EC35,31.2947159,120.5995040,199.9,BUSY,M-P-001,V1
597,597,L-UAV-01,AMZN,31.2985022,120.5964745,100.0,BUSY,M-L-001,V2
597,597,M-UAV-01,M600,31.3108767,120.6039862,30.5,AVAILABLE,,
597,597,M-UAV-02,M600,31.3062683,120.6025389,30.5,CONTINGENCY,,
598,598,EVTOL-01,EC35,31.2947433,120.5999278,199.9,BUSY,M-P-001,V1
598,598,L-UAV-01,AMZN,31.2983830,120.5963990,100.0,BUSY,M-L-001,V2
598,598,M-UAV-01,M600,31.3108767,120.6039862,30.5,AVAILABLE,,
598,598,M-UAV-02,M600,31.3062683,120.6025389,30.5,CONTINGENCY,,
599,599,EVTOL-01,EC35,31.2948114,120.6003453,199.9,BUSY,M-P-001,V1
599,599,L-UAV-01,AMZN,31.2982638,120.5963235,100.0,BUSY,M-L-001,V2
599,599,M-UAV-01,M600,31.3108767,120.6039862,30.5,AVAILABLE,,
599,599,M-UAV-02,M600,31.3062683,120.6025389,30.5,CONTINGENCY,,
600,600,EVTOL-01,EC35,31.2949194,120.6007511,199.9,BUSY,M-P-001,V1
600,600,L-UAV-01,AMZN,31.2981446,120.5962481,100.0,BUSY,M-L-001,V2
600,600,M-UAV-01,M600,31.3108767,120.6039862,30.5,AVAILABLE,,
600,600,M-UAV-02,M600,31.3062683,120.6025389,30.5,CONTINGENCY,,
601,601,EVTOL-01,EC35,31.2950659,120.6011400,199.9,BUSY,M-P-001,V1
601,601,L-UAV-01,AMZN,31.2980253,120.5961726,100.0,BUSY,M-L-001,V2
601,601,M-UAV-01,M600,31.3108767,120.6039862,30.5,AVAILABLE,,
601,601,M-UAV-02,M600,31.3062683,120.6025389,30.5,CONTINGENCY,,
602,602,EVTOL-01,EC35,31.2952490,120.6015070,199.9,BUSY,M-P-001,V1
602,602,L-UAV-01,AMZN,31.2979061,120.5960972,100.0,BUSY,M-L-001,V3
602,602,M-UAV-01,M600,31.3108767,120.6039862,30.5,AVAILABLE,,
602,602,M-UAV-02,M600,31.3062683,120.6025389,30.5,CONTINGENCY,,
603,603,EVTOL-01,EC35,31.2954664,120.6018475,199.9,BUSY,M-P-001,V1
603,603,L-UAV-01,AMZN,31.2977730,120.5960669,100.0,BUSY,M-L-001,V3
603,603,M-UAV-01,M600,31.3108767,120.6039862,30.5,AVAILABLE,,
603,603,M-UAV-02,M600,31.3062683,120.6025389,30.5,CONTINGENCY,,
604,604,EVTOL-01,EC35,31.2957153,120.6021571,199.9,BUSY,M-P-001,V1
604,604,L-UAV-01,AMZN,31.2976383,120.5960844,100.0,BUSY,M-L-001,V3
604,604,M-UAV-01,M600,31.3108767,120.6039862,30.5,AVAILABLE,,
604,604,M-UAV-02,M600,31.3062683,120.6025389,30.5,CONTINGENCY,,
605,605,EVTOL-01,EC35,31.2959924,120.6024318,199.9,BUSY,M-P-001,V1
605,605,L-UAV-01,AMZN,31.2975143,120.5961483,100.0,BUSY,M-L-001,V3
605,605,M-UAV-01,M600,31.3108767,120.6039862,30.5,AVAILABLE,,
605,605,M-UAV-02,M600,31.3062683,120.6025389,30.5,CONTINGENCY,,
606,606,EVTOL-01,EC35,31.2962943,120.6026681,199.9,BUSY,M-P-001,V1
606,606,L-UAV-01,AMZN,31.2974122,120.5962527,100.0,BUSY,M-L-001,V3
606,606,M-UAV-01,M600,31.3108767,120.6039862,30.5,AVAILABLE,,
606,606,M-UAV-02,M600,31.3062683,120.6025389,30.5,CONTINGENCY,,
607,607,EVTOL-01,EC35,31.2966171,120.6028629,199.9,BUSY,M-P-001,V1
607,607,L-UAV-01,AMZN,31.2973414,120.5963880,100.0,BUSY,M-L-001,V3
607,607,M-UAV-01,M600,31.3108767,120.6039862,30.5,AVAILABLE,,
607,607,M-UAV-02,M600,31.3062683,120.6025389,30.5,CONTINGENCY,,
608,608,EVTOL-01,EC35,31.2969566,120.6030138,199.9,BUSY,M-P-001,V1
608,608,L-UAV-01,AMZN,31.2973084,120.5965418,100.0,BUSY,M-L-001,V3
608,608,M-UAV-01,M600,31.3108767,120.6039862,30.5,AVAILABLE,,
608,608,M-UAV-02,M600,31.3062683,120.6025389,30.5,CONTINGENCY,,
609,609,EVTOL-01,EC35,31.2973086,120.6031189,199.9,BUSY,M-P-001,V1
609,609,L-UAV-01,AMZN,31.2973161,120.5967002,100.0,BUSY,M-L-001,V3
609,609,M-UAV-01,M600,31.3108767,120.6039862,30.5,AVAILABLE,,
609,609,M-UAV-02,M600,31.3062683,120.6025389,30.5,CONTINGENCY,,
610,610,EVTOL-01,EC35,31.2976684,120.6031767,199.9,BUSY,M-P-001,V1
610,610,L-UAV-01,AMZN,31.2973640,120.5968486,100.0,BUSY,M-L-001,V3
610,610,M-UAV-01,M600,31.3108767,120.6039862,30.5,AVAILABLE,,
610,610,M-UAV-02,M600,31.3062683,120.6025389,30.5,CONTINGENCY,,
611,611,EVTOL-01,EC35,31.2980311,120.6031989,199.9,BUSY,M-P-001,V1
611,611,L-UAV-01,AMZN,31.2974475,120.5969735,100.0,BUSY,M-L-001,V3
611,611,M-UAV-01,M600,31.3108767,120.6039862,30.5,AVAILABLE,,
611,611,M-UAV-02,M600,31.3062683,120.6025389,30.5,CONTINGENCY,,
612,612,EVTOL-01,EC35,31.2983938,120.6032212,199.9,BUSY,M-P-001,V1
612,612,L-UAV-01,AMZN,31.2975591,120.5970635,100.0,BUSY,M-L-001,V3
612,612,M-UAV-01,M600,31.3108767,120.6039862,30.5,AVAILABLE,,
612,612,M-UAV-02,M600,31.3062683,120.6025389,30.5,CONTINGENCY,,
613,613,EVTOL-01,EC35,31.2987565,120.6032434,199.9,BUSY,M-P-001,V1
613,613,L-UAV-01,AMZN,31.2976783,120.5971390,100.0,BUSY,M-L-001,V3
613,613,M-UAV-01,M600,31.3108767,120.6039862,30.5,AVAILABLE,,
613,613,M-UAV-02,M600,31.3062683,120.6025389,30.5,CONTINGENCY,,
614,614,EVTOL-01,EC35,31.2991192,120.6032656,199.9,BUSY,M-P-001,V1
614,614,L-UAV-01,AMZN,31.2977976,120.5972144,100.0,BUSY,M-L-001,V3
614,614,M-UAV-01,M600,31.3108767,120.6039862,30.5,AVAILABLE,,
614,614,M-UAV-02,M600,31.3062683,120.6025389,30.5,CONTINGENCY,,
615,615,EVTOL-01,EC35,31.2994818,120.6032878,199.9,BUSY,M-P-001,V1
615,615,L-UAV-01,AMZN,31.2979168,120.5972899,100.0,BUSY,M-L-001,V3
615,615,M-UAV-01,M600,31.3108767,120.6039862,30.5,AVAILABLE,,
615,615,M-UAV-02,M600,31.3062683,120.6025389,30.5,CONTINGENCY,,
616,616,EVTOL-01,EC35,31.2998445,120.6033101,199.9,BUSY,M-P-001,V1
616,616,L-UAV-01,AMZN,31.2980360,120.5973653,100.0,BUSY,M-L-001,V3
616,616,M-UAV-01,M600,31.3108767,120.6039862,30.5,AVAILABLE,,
616,616,M-UAV-02,M600,31.3062683,120.6025389,30.5,CONTINGENCY,,
617,617,EVTOL-01,EC35,31.3002072,120.6033323,199.9,BUSY,M-P-001,V1
617,617,L-UAV-01,AMZN,31.2981553,120.5974408,100.0,BUSY,M-L-001,V3
617,617,M-UAV-01,M600,31.3108767,120.6039862,30.5,AVAILABLE,,
617,617,M-UAV-02,M600,31.3062683,120.6025389,30.5,CONTINGENCY,,
618,618,EVTOL-01,EC35,31.3005699,120.6033545,199.9,BUSY,M-P-001,V1
618,618,L-UAV-01,AMZN,31.2982745,120.5975163,100.0,BUSY,M-L-001,V3
618,618,M-UAV-01,M600,31.3108767,120.6039862,30.5,AVAILABLE,,
618,618,M-UAV-02,M600,31.3062683,120.6025389,30.5,CONTINGENCY,,
619,619,EVTOL-01,EC35,31.3009326,120.6033767,199.9,BUSY,M-P-001,V1
619,619,L-UAV-01,AMZN,31.2983937,120.5975917,100.0,BUSY,M-L-001,V3
619,619,M-UAV-01,M600,31.3108767,120.6039862,30.5,AVAILABLE,,
619,619,M-UAV-02,M600,31.3062683,120.6025389,30.5,CONTINGENCY,,
620,620,EVTOL-01,EC35,31.3012953,120.6033990,199.9,BUSY,M-P-001,V1
620,620,L-UAV-01,AMZN,31.2985130,120.5976672,100.0,BUSY,M-L-001,V3
620,620,M-UAV-01,M600,31.3108767,120.6039862,30.5,AVAILABLE,,
620,620,M-UAV-02,M600,31.3062683,120.6025389,30.5,CONTINGENCY,,
621,621,EVTOL-01,EC35,31.3016580,120.6034212,199.9,BUSY,M-P-001,V1
621,621,L-UAV-01,AMZN,31.2986322,120.5977426,100.0,BUSY,M-L-001,V3
621,621,M-UAV-01,M600,31.3108767,120.6039862,30.5,AVAILABLE,,
621,621,M-UAV-02,M600,31.3062683,120.6025389,30.5,CONTINGENCY,,
622,622,EVTOL-01,EC35,31.3020207,120.6034434,199.9,BUSY,M-P-001,V1
622,622,L-UAV-01,AMZN,31.2987514,120.5978181,100.0,BUSY,M-L-001,V3
622,622,M-UAV-01,M600,31.3108767,120.6039862,30.5,AVAILABLE,,
622,622,M-UAV-02,M600,31.3062683,120.6025389,30.5,CONTINGENCY,,
623,623,EVTOL-01,EC35,31.3023834,120.6034656,199.9,BUSY,M-P-001,V1
623,623,L-UAV-01,AMZN,31.2988706,120.5978935,100.0,BUSY,M-L-001,V3
623,623,M-UAV-01,M600,31.3108767,120.6039862,30.5,AVAILABLE,,
623,623,M-UAV-02,M600,31.3062683,120.6025389,30.5,CONTINGENCY,,
624,624,EVTOL-01,EC35,31.3027461,120.6034879,199.9,BUSY,M-P-001,V1
624,624,L-UAV-01,AMZN,31.2989899,120.5979690,100.0,BUSY,M-L-001,V3
624,624,M-UAV-01,M600,31.3108767,120.6039862,30.5,AVAILABLE,,
624,624,M-UAV-02,M600,31.3062683,120.6025389,30.5,CONTINGENCY,,
625,625,EVTOL-01,EC35,31.3031088,120.6035101,199.9,BUSY,M-P-001,V1
625,625,L-UAV-01,AMZN,31.2991091,120.5980445,100.0,BUSY,M-L-001,V3
625,625,M-UAV-01,M600,31.3108767,120.6039862,30.5,AVAILABLE,,
625,625,M-UAV-02,M600,31.3062683,120.6025389,30.5,CONTINGENCY,,
626,626,EVTOL-01,EC35,31.3034715,120.6035323,199.9,BUSY,M-P-001,V1
626,626,L-UAV-01,AMZN,31.2992283,120.5981199,100.0,BUSY,M-L-001,V3
626,626,M-UAV-01,M600,31.3108767,120.6039862,30.5,AVAILABLE,,
626,626,M-UAV-02,M600,31.3062683,120.6025389,30.5,CONTINGENCY,,
627,627,EVTOL-01,EC35,31.3038342,120.6035545,199.9,BUSY,M-P-001,V1
627,627,L-UAV-01,AMZN,31.2993476,120.5981954,100.0,BUSY,M-L-001,V3
627,627,M-UAV-01,M600,31.3108767,120.6039862,30.5,AVAILABLE,,
627,627,M-UAV-02,M600,31.3062683,120.6025389,30.5,CONTINGENCY,,
628,628,EVTOL-01,EC35,31.3041969,120.6035768,199.9,BUSY,M-P-001,V1
628,628,L-UAV-01,AMZN,31.2994668,120.5982708,100.0,BUSY,M-L-001,V3
628,628,M-UAV-01,M600,31.3108767,120.6039862,30.5,AVAILABLE,,
628,628,M-UAV-02,M600,31.3062683,120.6025389,30.5,CONTINGENCY,,
629,629,EVTOL-01,EC35,31.3045596,120.6035990,199.9,BUSY,M-P-001,V1
629,629,L-UAV-01,AMZN,31.2995860,120.5983463,100.0,BUSY,M-L-001,V3
629,629,M-UAV-01,M600,31.3108767,120.6039862,30.5,AVAILABLE,,
629,629,M-UAV-02,M600,31.3062683,120.6025389,30.5,CONTINGENCY,,
630,630,EVTOL-01,EC35,31.3049223,120.6036212,199.9,BUSY,M-P-001,V1
630,630,L-UAV-01,AMZN,31.2997053,120.5984218,100.0,BUSY,M-L-001,V3
630,630,M-UAV-01,M600,31.3108767,120.6039862,30.5,AVAILABLE,,
630,630,M-UAV-02,M600,31.3062683,120.6025389,30.5,CONTINGENCY,,
631,631,EVTOL-01,EC35,31.3052849,120.6036434,199.9,BUSY,M-P-001,V1
631,631,L-UAV-01,AMZN,31.2998245,120.5984972,100.0,BUSY,M-L-001,V3
631,631,M-UAV-01,M600,31.3108767,120.6039862,30.5,AVAILABLE,,
631,631,M-UAV-02,M600,31.3062683,120.6025389,30.5,CONTINGENCY,,
632,632,EVTOL-01,EC35,31.3056476,120.6036657,199.9,BUSY,M-P-001,V1
632,632,L-UAV-01,AMZN,31.2999437,120.5985727,100.0,BUSY,M-L-001,V3
632,632,M-UAV-01,M600,31.3108767,120.6039862,30.5,AVAILABLE,,
632,632,M-UAV-02,M600,31.3062683,120.6025389,30.5,CONTINGENCY,,
633,633,EVTOL-01,EC35,31.3060103,120.6036879,199.9,BUSY,M-P-001,V1
633,633,L-UAV-01,AMZN,31.3000629,120.5986481,100.0,BUSY,M-L-001,V3
633,633,M-UAV-01,M600,31.3108767,120.6039862,30.5,AVAILABLE,,
633,633,M-UAV-02,M600,31.3062683,120.6025389,30.5,CONTINGENCY,,
634,634,EVTOL-01,EC35,31.3063730,120.6037101,199.9,BUSY,M-P-001,V1
634,634,L-UAV-01,AMZN,31.3001822,120.5987236,100.0,BUSY,M-L-001,V3
634,634,M-UAV-01,M600,31.3108767,120.6039862,30.5,AVAILABLE,,
634,634,M-UAV-02,M600,31.3062683,120.6025389,30.5,CONTINGENCY,,
635,635,EVTOL-01,EC35,31.3067357,120.6037324,199.9,BUSY,M-P-001,V1
635,635,L-UAV-01,AMZN,31.3003014,120.5987991,100.0,BUSY,M-L-001,V3
635,635,M-UAV-01,M600,31.3108767,120.6039862,30.5,AVAILABLE,,
635,635,M-UAV-02,M600,31.3062683,120.6025389,30.5,CONTINGENCY,,
636,636,EVTOL-01,EC35,31.3070984,120.6037546,199.9,BUSY,M-P-001,V1
636,636,L-UAV-01,AMZN,31.3004206,120.5988745,100.0,BUSY,M-L-001,V3
636,636,M-UAV-01,M600,31.3108767,120.6039862,30.5,AVAILABLE,,
636,636,M-UAV-02,M600,31.3062683,120.6025389,30.5,CONTINGENCY,,
637,637,EVTOL-01,EC35,31.3074611,120.6037768,199.9,BUSY,M-P-001,V1
637,637,L-UAV-01,AMZN,31.3005399,120.5989500,100.0,BUSY,M-L-001,V3
637,637,M-UAV-01,M600,31.3108767,120.6039862,30.5,AVAILABLE,,
637,637,M-UAV-02,M600,31.3062683,120.6025389,30.5,CONTINGENCY,,
638,638,EVTOL-01,EC35,31.3078238,120.6037990,199.9,BUSY,M-P-001,V1
638,638,L-UAV-01,AMZN,31.3006591,120.5990255,100.0,BUSY,M-L-001,V3
638,638,M-UAV-01,M600,31.3108767,120.6039862,30.5,AVAILABLE,,
638,638,M-UAV-02,M600,31.3062683,120.6025389,30.5,CONTINGENCY,,
639,639,EVTOL-01,EC35,31.3081865,120.6038213,199.9,BUSY,M-P-001,V1
639,639,L-UAV-01,AMZN,31.3007783,120.5991009,100.0,BUSY,M-L-001,V3
639,639,M-UAV-01,M600,31.3108767,120.6039862,30.5,AVAILABLE,,
639,639,M-UAV-02,M600,31.3062683,120.6025389,30.5,CONTINGENCY,,
640,640,EVTOL-01,EC35,31.3085492,120.6038435,199.9,BUSY,M-P-001,V1
640,640,L-UAV-01,AMZN,31.3008975,120.5991764,100.0,BUSY,M-L-001,V3
640,640,M-UAV-01,M600,31.3108767,120.6039862,30.5,AVAILABLE,,
640,640,M-UAV-02,M600,31.3062683,120.6025389,30.5,CONTINGENCY,,
641,641,EVTOL-01,EC35,31.3089119,120.6038657,199.9,BUSY,M-P-001,V1
641,641,L-UAV-01,AMZN,31.3010168,120.5992518,100.0,BUSY,M-L-001,V3
641,641,M-UAV-01,M600,31.3108767,120.6039862,30.5,AVAILABLE,,
641,641,M-UAV-02,M600,31.3062683,120.6025389,30.5,CONTINGENCY,,
642,642,EVTOL-01,EC35,31.3092746,120.6038880,199.9,BUSY,M-P-001,V1
642,642,L-UAV-01,AMZN,31.3011360,120.5993273,100.0,BUSY,M-L-001,V3
642,642,M-UAV-01,M600,31.3108767,120.6039862,30.5,AVAILABLE,,
642,642,M-UAV-02,M600,31.3062683,120.6025389,30.5,CONTINGENCY,,
643,643,EVTOL-01,EC35,31.3096373,120.6039102,199.9,BUSY,M-P-001,V1
643,643,L-UAV-01,AMZN,31.3012552,120.5994028,100.0,BUSY,M-L-001,V3
643,643,M-UAV-01,M600,31.3108767,120.6039862,30.5,AVAILABLE,,
643,643,M-UAV-02,M600,31.3062683,120.6025389,30.5,CONTINGENCY,,
644,644,EVTOL-01,EC35,31.3100000,120.6039324,199.9,BUSY,M-P-001,V2
644,644,L-UAV-01,AMZN,31.3013745,120.5994782,100.0,BUSY,M-L-001,V3
644,644,M-UAV-01,M600,31.3108767,120.6039862,30.5,AVAILABLE,,
644,644,M-UAV-02,M600,31.3062683,120.6025389,30.5,CONTINGENCY,,
645,645,EVTOL-01,EC35,31.3103625,120.6039065,199.9,BUSY,M-P-001,V2
645,645,L-UAV-01,AMZN,31.3014937,120.5995537,100.0,BUSY,M-L-001,V3
645,645,M-UAV-01,M600,31.3108767,120.6039862,30.5,AVAILABLE,,
645,645,M-UAV-02,M600,31.3062683,120.6025389,30.5,CONTINGENCY,,
646,646,EVTOL-01,EC35,31.3107202,120.6038329,199.9,BUSY,M-P-001,V2
646,646,L-UAV-01,AMZN,31.3016129,120.5996292,100.0,BUSY,M-L-001,V3
646,646,M-UAV-01,M600,31.3108767,120.6039862,30.5,AVAILABLE,,
646,646,M-UAV-02,M600,31.3062683,120.6025389,30.5,CONTINGENCY,,
647,647,EVTOL-01,EC35,31.3110685,120.6037124,199.9,BUSY,M-P-001,V2
647,647,L-UAV-01,AMZN,31.3017321,120.5997046,100.0,BUSY,M-L-001,V3
647,647,M-UAV-01,M600,31.3108767,120.6039862,30.5,AVAILABLE,,
647,647,M-UAV-02,M600,31.3062683,120.6025389,30.5,CONTINGENCY,,
648,648,EVTOL-01,EC35,31.3114029,120.6035466,199.9,BUSY,M-P-001,V2
648,648,L-UAV-01,AMZN,31.3018514,120.5997801,100.0,BUSY,M-L-001,V3
648,648,M-UAV-01,M600,31.3108767,120.6039862,30.5,AVAILABLE,,
648,648,M-UAV-02,M600,31.3062683,120.6025389,30.5,CONTINGENCY,,
649,649,EVTOL-01,EC35,31.3117192,120.6033376,199.9,BUSY,M-P-001,V2
649,649,L-UAV-01,AMZN,31.3019706,120.5998555,100.0,BUSY,M-L-001,V3
649,649,M-UAV-01,M600,31.3108767,120.6039862,30.5,AVAILABLE,,
649,649,M-UAV-02,M600,31.3062683,120.6025389,30.5,CONTINGENCY,,
650,650,EVTOL-01,EC35,31.3120133,120.6030882,199.9,BUSY,M-P-001,V2
650,650,L-UAV-01,AMZN,31.3020898,120.5999310,100.0,BUSY,M-L-001,V3
650,650,M-UAV-01,M600,31.3108767,120.6039862,30.5,AVAILABLE,,
650,650,M-UAV-02,M600,31.3062683,120.6025389,30.5,CONTINGENCY,,
651,651,EVTOL-01,EC35,31.3122814,120.6028015,199.9,BUSY,M-P-001,V2
651,651,L-UAV-01,AMZN,31.3022091,120.6000065,100.0,BUSY,M-L-001,V3
651,651,M-UAV-01,M600,31.3108767,120.6039862,30.5,AVAILABLE,,
651,651,M-UAV-02,M600,31.3062683,120.6025389,30.5,CONTINGENCY,,
652,652,EVTOL-01,EC35,31.3125201,120.6024811,199.9,BUSY,M-P-001,V2
652,652,L-UAV-01,AMZN,31.3023283,120.6000819,100.0,BUSY,M-L-001,V3
652,652,M-UAV-01,M600,31.3108767,120.6039862,30.5,AVAILABLE,,
652,652,M-UAV-02,M600,31.3062683,120.6025389,30.5,CONTINGENCY,,
653,653,EVTOL-01,EC35,31.3127264,120.6021312,199.9,BUSY,M-P-001,V2
653,653,L-UAV-01,AMZN,31.3024475,120.6001574,100.0,BUSY,M-L-001,V3
653,653,M-UAV-01,M600,31.3108767,120.6039862,30.5,AVAILABLE,,
653,653,M-UAV-02,M600,31.3062683,120.6025389,30.5,CONTINGENCY,,
654,654,EVTOL-01,EC35,31.3128976,120.6017563,199.9,BUSY,M-P-001,V2
654,654,L-UAV-01,AMZN,31.3025667,120.6002329,100.0,BUSY,M-L-001,V3
654,654,M-UAV-01,M600,31.3108767,120.6039862,30.5,AVAILABLE,,
654,654,M-UAV-02,M600,31.3062683,120.6025389,30.5,CONTINGENCY,,
655,655,EVTOL-01,EC35,31.3130315,120.6013611,199.9,BUSY,M-P-001,V2
655,655,L-UAV-01,AMZN,31.3026860,120.6003083,100.0,BUSY,M-L-001,V3
655,655,M-UAV-01,M600,31.3108767,120.6039862,30.5,AVAILABLE,,
655,655,M-UAV-02,M600,31.3062683,120.6025389,30.5,CONTINGENCY,,
656,656,EVTOL-01,EC35,31.3131264,120.6009507,199.9,BUSY,M-P-001,V2
656,656,L-UAV-01,AMZN,31.3028052,120.6003838,100.0,BUSY,M-L-001,V3
656,656,M-UAV-01,M600,31.3108767,120.6039862,30.5,AVAILABLE,,
656,656,M-UAV-02,M600,31.3062683,120.6025389,30.5,CONTINGENCY,,
657,657,EVTOL-01,EC35,31.3131810,120.6005305,199.9,BUSY,M-P-001,V2
657,657,L-UAV-01,AMZN,31.3029244,120.6004593,100.0,BUSY,M-L-001,V3
657,657,M-UAV-01,M600,31.3108767,120.6039862,30.5,AVAILABLE,,
657,657,M-UAV-02,M600,31.3062683,120.6025389,30.5,CONTINGENCY,,
658,658,EVTOL-01,EC35,31.3131948,120.6001057,199.9,BUSY,M-P-001,V2
658,658,L-UAV-01,AMZN,31.3030437,120.6005347,100.0,BUSY,M-L-001,V3
658,658,M-UAV-01,M600,31.3108767,120.6039862,30.5,AVAILABLE,,
658,658,M-UAV-02,M600,31.3062683,120.6025389,30.5,CONTINGENCY,,
659,659,EVTOL-01,EC35,31.3131674,120.5996818,199.9,BUSY,M-P-001,V2
659,659,L-UAV-01,AMZN,31.3031629,120.6006102,100.0,BUSY,M-L-001,V3
659,659,M-UAV-01,M600,31.3108767,120.6039862,30.5,AVAILABLE,,
659,659,M-UAV-02,M600,31.3062683,120.6025389,30.5,CONTINGENCY,,
660,660,EVTOL-01,EC35,31.3130993,120.5992642,199.9,BUSY,M-P-001,V2
660,660,L-UAV-01,AMZN,31.3032821,120.6006857,100.0,BUSY,M-L-001,V3
660,660,M-UAV-01,M600,31.3108767,120.6039862,30.5,AVAILABLE,,
660,660,M-UAV-02,M600,31.3062683,120.6025389,30.5,CONTINGENCY,,
661,661,EVTOL-01,EC35,31.3129913,120.5988583,199.9,BUSY,M-P-001,V2
661,661,L-UAV-01,AMZN,31.3034013,120.6007611,100.0,BUSY,M-L-001,V3
661,661,M-UAV-01,M600,31.3108767,120.6039862,30.5,AVAILABLE,,
661,661,M-UAV-02,M600,31.3062683,120.6025389,30.5,CONTINGENCY,,
662,662,EVTOL-01,EC35,31.3128449,120.5984693,199.9,BUSY,M-P-001,V2
662,662,L-UAV-01,AMZN,31.3035206,120.6008366,100.0,BUSY,M-L-001,V3
662,662,M-UAV-01,M600,31.3108767,120.6039862,30.5,AVAILABLE,,
662,662,M-UAV-02,M600,31.3062683,120.6025389,30.5,CONTINGENCY,,
663,663,EVTOL-01,EC35,31.3126618,120.5981021,199.9,BUSY,M-P-001,V2
663,663,L-UAV-01,AMZN,31.3036398,120.6009121,100.0,BUSY,M-L-001,V3
663,663,M-UAV-01,M600,31.3108767,120.6039862,30.5,AVAILABLE,,
663,663,M-UAV-02,M600,31.3062683,120.6025389,30.5,CONTINGENCY,,
664,664,EVTOL-01,EC35,31.3124444,120.5977615,199.9,BUSY,M-P-001,V2
664,664,L-UAV-01,AMZN,31.3037590,120.6009875,100.0,BUSY,M-L-001,V3
664,664,M-UAV-01,M600,31.3108767,120.6039862,30.5,AVAILABLE,,
664,664,M-UAV-02,M600,31.3062683,120.6025389,30.5,CONTINGENCY,,
665,665,EVTOL-01,EC35,31.3121956,120.5974519,199.9,BUSY,M-P-001,V2
665,665,L-UAV-01,AMZN,31.3038783,120.6010630,100.0,BUSY,M-L-001,V3
665,665,M-UAV-01,M600,31.3108767,120.6039862,30.5,AVAILABLE,,
665,665,M-UAV-02,M600,31.3062683,120.6025389,30.5,CONTINGENCY,,
666,666,EVTOL-01,EC35,31.3119185,120.5971771,199.9,BUSY,M-P-001,V2
666,666,L-UAV-01,AMZN,31.3039975,120.6011385,100.0,BUSY,M-L-001,V3
666,666,M-UAV-01,M600,31.3108767,120.6039862,30.5,AVAILABLE,,
666,666,M-UAV-02,M600,31.3062683,120.6025389,30.5,CONTINGENCY,,
667,667,EVTOL-01,EC35,31.3116166,120.5969408,199.9,BUSY,M-P-001,V2
667,667,L-UAV-01,AMZN,31.3041167,120.6012139,100.0,BUSY,M-L-001,V3
667,667,M-UAV-01,M600,31.3108767,120.6039862,30.5,AVAILABLE,,
667,667,M-UAV-02,M600,31.3062683,120.6025389,30.5,CONTINGENCY,,
668,668,EVTOL-01,EC35,31.3112938,120.5967459,199.9,BUSY,M-P-001,V2
668,668,L-UAV-01,AMZN,31.3042359,120.6012894,100.0,BUSY,M-L-001,V3
668,668,M-UAV-01,M600,31.3108767,120.6039862,30.5,AVAILABLE,,
668,668,M-UAV-02,M600,31.3062683,120.6025389,30.5,CONTINGENCY,,
669,669,EVTOL-01,EC35,31.3109543,120.5965949,199.9,BUSY,M-P-001,V2
669,669,L-UAV-01,AMZN,31.3043552,120.6013649,100.0,BUSY,M-L-001,V3
669,669,M-UAV-01,M600,31.3108767,120.6039862,30.5,AVAILABLE,,
669,669,M-UAV-02,M600,31.3062683,120.6025389,30.5,CONTINGENCY,,
670,670,EVTOL-01,EC35,31.3106024,120.5964898,199.9,BUSY,M-P-001,V2
670,670,L-UAV-01,AMZN,31.3044744,120.6014403,100.0,BUSY,M-L-001,V3
670,670,M-UAV-01,M600,31.3108767,120.6039862,30.5,AVAILABLE,,
670,670,M-UAV-02,M600,31.3062683,120.6025389,30.5,CONTINGENCY,,
671,671,EVTOL-01,EC35,31.3102426,120.5964319,199.9,BUSY,M-P-001,V2
671,671,L-UAV-01,AMZN,31.3045936,120.6015158,100.0,BUSY,M-L-001,V3
671,671,M-UAV-01,M600,31.3108767,120.6039862,30.5,AVAILABLE,,
671,671,M-UAV-02,M600,31.3062683,120.6025389,30.5,CONTINGENCY,,
672,672,EVTOL-01,EC35,31.3098799,120.5964097,199.9,BUSY,M-P-001,V2
672,672,L-UAV-01,AMZN,31.3047129,120.6015913,100.0,BUSY,M-L-001,V3
672,672,M-UAV-01,M600,31.3108767,120.6039862,30.5,AVAILABLE,,
672,672,M-UAV-02,M600,31.3062683,120.6025389,30.5,CONTINGENCY,,
673,673,EVTOL-01,EC35,31.3095172,120.5963875,199.9,BUSY,M-P-001,V2
673,673,L-UAV-01,AMZN,31.3048321,120.6016667,100.0,BUSY,M-L-001,V3
673,673,M-UAV-01,M600,31.3108767,120.6039862,30.5,AVAILABLE,,
673,673,M-UAV-02,M600,31.3062683,120.6025389,30.5,CONTINGENCY,,
674,674,EVTOL-01,EC35,31.3091545,120.5963653,199.9,BUSY,M-P-001,V2
674,674,L-UAV-01,AMZN,31.3049513,120.6017422,100.0,BUSY,M-L-001,V3
674,674,M-UAV-01,M600,31.3108767,120.6039862,30.5,AVAILABLE,,
674,674,M-UAV-02,M600,31.3062683,120.6025389,30.5,CONTINGENCY,,
675,675,EVTOL-01,EC35,31.3087918,120.5963431,199.9,BUSY,M-P-001,V2
675,675,L-UAV-01,AMZN,31.3050705,120.6018177,100.0,BUSY,M-L-001,V3
675,675,M-UAV-01,M600,31.3108767,120.6039862,30.5,AVAILABLE,,
675,675,M-UAV-02,M600,31.3062683,120.6025389,30.5,CONTINGENCY,,
676,676,EVTOL-01,EC35,31.3084291,120.5963209,199.9,BUSY,M-P-001,V2
676,676,L-UAV-01,AMZN,31.3051898,120.6018931,100.0,BUSY,M-L-001,V3
676,676,M-UAV-01,M600,31.3108767,120.6039862,30.5,AVAILABLE,,
676,676,M-UAV-02,M600,31.3062683,120.6025389,30.5,CONTINGENCY,,
677,677,EVTOL-01,EC35,31.3080664,120.5962988,199.9,BUSY,M-P-001,V2
677,677,L-UAV-01,AMZN,31.3053090,120.6019686,100.0,BUSY,M-L-001,V3
677,677,M-UAV-01,M600,31.3108767,120.6039862,30.5,AVAILABLE,,
677,677,M-UAV-02,M600,31.3062683,120.6025389,30.5,CONTINGENCY,,
678,678,EVTOL-01,EC35,31.3077037,120.5962766,199.9,BUSY,M-P-001,V2
678,678,L-UAV-01,AMZN,31.3054282,120.6020441,100.0,BUSY,M-L-001,V3
678,678,M-UAV-01,M600,31.3108767,120.6039862,30.5,AVAILABLE,,
678,678,M-UAV-02,M600,31.3062683,120.6025389,30.5,CONTINGENCY,,
679,679,EVTOL-01,EC35,31.3073410,120.5962544,199.9,BUSY,M-P-001,V2
679,679,L-UAV-01,AMZN,31.3055474,120.6021195,100.0,BUSY,M-L-001,V3
679,679,M-UAV-01,M600,31.3108767,120.6039862,30.5,AVAILABLE,,
679,679,M-UAV-02,M600,31.3062683,120.6025389,30.5,CONTINGENCY,,
680,680,EVTOL-01,EC35,31.3069783,120.5962322,199.9,BUSY,M-P-001,V2
680,680,L-UAV-01,AMZN,31.3056667,120.6021950,100.0,BUSY,M-L-001,V3
680,680,M-UAV-01,M600,31.3108767,120.6039862,30.5,AVAILABLE,,
680,680,M-UAV-02,M600,31.3062683,120.6025389,30.5,CONTINGENCY,,
681,681,EVTOL-01,EC35,31.3066156,120.5962100,199.9,BUSY,M-P-001,V2
681,681,L-UAV-01,AMZN,31.3057859,120.6022705,100.0,BUSY,M-L-001,V2
681,681,M-UAV-01,M600,31.3108767,120.6039862,30.5,AVAILABLE,,
681,681,M-UAV-02,M600,31.3062683,120.6025389,30.5,CONTINGENCY,,
682,682,EVTOL-01,EC35,31.3062530,120.5961878,199.9,BUSY,M-P-001,V2
682,682,L-UAV-01,AMZN,31.3059189,120.6023008,100.0,BUSY,M-L-001,V2
682,682,M-UAV-01,M600,31.3108767,120.6039862,30.5,AVAILABLE,,
682,682,M-UAV-02,M600,31.3062683,120.6025389,30.5,CONTINGENCY,,
683,683,EVTOL-01,EC35,31.3058903,120.5961656,199.9,BUSY,M-P-001,V2
683,683,L-UAV-01,AMZN,31.3060537,120.6022832,100.0,BUSY,M-L-001,V2
683,683,M-UAV-01,M600,31.3108767,120.6039862,30.5,AVAILABLE,,
683,683,M-UAV-02,M600,31.3062683,120.6025389,30.5,CONTINGENCY,,
684,684,EVTOL-01,EC35,31.3055276,120.5961434,199.9,BUSY,M-P-001,V2
684,684,L-UAV-01,AMZN,31.3061777,120.6022194,100.0,BUSY,M-L-001,V2
684,684,M-UAV-01,M600,31.3108767,120.6039862,30.5,AVAILABLE,,
684,684,M-UAV-02,M600,31.3062683,120.6025389,30.5,CONTINGENCY,,
685,685,EVTOL-01,EC35,31.3051649,120.5961213,199.9,BUSY,M-P-001,V2
685,685,L-UAV-01,AMZN,31.3062798,120.6021150,100.0,BUSY,M-L-001,V2
685,685,M-UAV-01,M600,31.3108767,120.6039862,30.5,AVAILABLE,,
685,685,M-UAV-02,M600,31.3062683,120.6025389,30.5,CONTINGENCY,,
686,686,EVTOL-01,EC35,31.3048022,120.5960991,199.9,BUSY,M-P-001,V2
686,686,L-UAV-01,AMZN,31.3063506,120.6019797,100.0,BUSY,M-L-001,V2
686,686,M-UAV-01,M600,31.3108767,120.6039862,30.5,AVAILABLE,,
686,686,M-UAV-02,M600,31.3062683,120.6025389,30.5,CONTINGENCY,,
687,687,EVTOL-01,EC35,31.3044395,120.5960769,199.9,BUSY,M-P-001,V2
687,687,L-UAV-01,AMZN,31.3063837,120.6018259,100.0,BUSY,M-L-001,V2
687,687,M-UAV-01,M600,31.3108767,120.6039862,30.5,AVAILABLE,,
687,687,M-UAV-02,M600,31.3062683,120.6025389,30.5,CONTINGENCY,,
688,688,EVTOL-01,EC35,31.3040768,120.5960547,199.9,BUSY,M-P-001,V2
688,688,L-UAV-01,AMZN,31.3063759,120.6016675,100.0,BUSY,M-L-001,V2
688,688,M-UAV-01,M600,31.3108767,120.6039862,30.5,AVAILABLE,,
688,688,M-UAV-02,M600,31.3062683,120.6025389,30.5,CONTINGENCY,,
689,689,EVTOL-01,EC35,31.3037141,120.5960325,199.9,BUSY,M-P-001,V2
689,689,L-UAV-01,AMZN,31.3063281,120.6015190,100.0,BUSY,M-L-001,V2
689,689,M-UAV-01,M600,31.3108767,120.6039862,30.5,AVAILABLE,,
689,689,M-UAV-02,M600,31.3062683,120.6025389,30.5,CONTINGENCY,,
690,690,EVTOL-01,EC35,31.3033514,120.5960103,199.9,BUSY,M-P-001,V2
690,690,L-UAV-01,AMZN,31.3062445,120.6013941,100.0,BUSY,M-L-001,V2
690,690,M-UAV-01,M600,31.3108767,120.6039862,30.5,AVAILABLE,,
690,690,M-UAV-02,M600,31.3062683,120.6025389,30.5,CONTINGENCY,,
691,691,EVTOL-01,EC35,31.3029887,120.5959881,199.9,BUSY,M-P-001,V2
691,691,L-UAV-01,AMZN,31.3061329,120.6013041,100.0,BUSY,M-L-001,V2
691,691,M-UAV-01,M600,31.3108767,120.6039862,30.5,AVAILABLE,,
691,691,M-UAV-02,M600,31.3062683,120.6025389,30.5,CONTINGENCY,,
692,692,EVTOL-01,EC35,31.3026260,120.5959660,199.9,BUSY,M-P-001,V2
692,692,L-UAV-01,AMZN,31.3060137,120.6012286,100.0,BUSY,M-L-001,V2
692,692,M-UAV-01,M600,31.3108767,120.6039862,30.5,AVAILABLE,,
692,692,M-UAV-02,M600,31.3062683,120.6025389,30.5,CONTINGENCY,,
693,693,EVTOL-01,EC35,31.3022633,120.5959438,199.9,BUSY,M-P-001,V2
693,693,L-UAV-01,AMZN,31.3058945,120.6011531,100.0,BUSY,M-L-001,V2
693,693,M-UAV-01,M600,31.3108767,120.6039862,30.5,AVAILABLE,,
693,693,M-UAV-02,M600,31.3062683,120.6025389,30.5,CONTINGENCY,,
694,694,EVTOL-01,EC35,31.3019006,120.5959216,199.9,BUSY,M-P-001,V2
694,694,L-UAV-01,AMZN,31.3057752,120.6010777,100.0,BUSY,M-L-001,V2
694,694,M-UAV-01,M600,31.3108767,120.6039862,30.5,AVAILABLE,,
694,694,M-UAV-02,M600,31.3062683,120.6025389,30.5,CONTINGENCY,,
695,695,EVTOL-01,EC35,31.3015379,120.5958994,199.9,BUSY,M-P-001,V2
695,695,L-UAV-01,AMZN,31.3056560,120.6010022,100.0,BUSY,M-L-001,V2
695,695,M-UAV-01,M600,31.3108767,120.6039862,30.5,AVAILABLE,,
695,695,M-UAV-02,M600,31.3062683,120.6025389,30.5,CONTINGENCY,,
696,696,EVTOL-01,EC35,31.3011752,120.5958772,199.9,BUSY,M-P-001,V2
696,696,L-UAV-01,AMZN,31.3055368,120.6009267,100.0,BUSY,M-L-001,V2
696,696,M-UAV-01,M600,31.3108767,120.6039862,30.5,AVAILABLE,,
696,696,M-UAV-02,M600,31.3062683,120.6025389,30.5,CONTINGENCY,,
697,697,EVTOL-01,EC35,31.3008125,120.5958550,199.9,BUSY,M-P-001,V2
697,697,L-UAV-01,AMZN,31.3054176,120.6008513,100.0,BUSY,M-L-001,V2
697,697,M-UAV-01,M600,31.3108767,120.6039862,30.5,AVAILABLE,,
697,697,M-UAV-02,M600,31.3062683,120.6025389,30.5,CONTINGENCY,,
698,698,EVTOL-01,EC35,31.3004498,120.5958328,199.9,BUSY,M-P-001,V2
698,698,L-UAV-01,AMZN,31.3052983,120.6007758,100.0,BUSY,M-L-001,V2
698,698,M-UAV-01,M600,31.3108767,120.6039862,30.5,AVAILABLE,,
698,698,M-UAV-02,M600,31.3062683,120.6025389,30.5,CONTINGENCY,,
699,699,EVTOL-01,EC35,31.3000871,120.5958107,199.9,BUSY,M-P-001,V2
699,699,L-UAV-01,AMZN,31.3051791,120.6007003,100.0,BUSY,M-L-001,V2
699,699,M-UAV-01,M600,31.3108767,120.6039862,30.5,AVAILABLE,,
699,699,M-UAV-02,M600,31.3062683,120.6025389,30.5,CONTINGENCY,,
700,700,EVTOL-01,EC35,31.2997244,120.5957885,199.9,BUSY,M-P-001,V2
700,700,L-UAV-01,AMZN,31.3050599,120.6006249,100.0,BUSY,M-L-001,V2
700,700,M-UAV-01,M600,31.3108767,120.6039862,30.5,AVAILABLE,,
700,700,M-UAV-02,M600,31.3062683,120.6025389,30.5,CONTINGENCY,,
701,701,EVTOL-01,EC35,31.2993617,120.5957663,199.9,BUSY,M-P-001,V2
701,701,L-UAV-01,AMZN,31.3049406,120.6005494,100.0,BUSY,M-L-001,V2
701,701,M-UAV-01,M600,31.3108767,120.6039862,30.5,AVAILABLE,,
701,701,M-UAV-02,M600,31.3062683,120.6025389,30.5,CONTINGENCY,,
702,702,EVTOL-01,EC35,31.2989990,120.5957441,199.9,BUSY,M-P-001,V2
702,702,L-UAV-01,AMZN,31.3048214,120.6004739,100.0,BUSY,M-L-001,V2
702,702,M-UAV-01,M600,31.3108767,120.6039862,30.5,AVAILABLE,,
702,702,M-UAV-02,M600,31.3062683,120.6025389,30.5,CONTINGENCY,,
703,703,EVTOL-01,EC35,31.2986364,120.5957219,199.9,BUSY,M-P-001,V2
703,703,L-UAV-01,AMZN,31.3047022,120.6003985,100.0,BUSY,M-L-001,V2
703,703,M-UAV-01,M600,31.3108767,120.6039862,30.5,AVAILABLE,,
703,703,M-UAV-02,M600,31.3062683,120.6025389,30.5,CONTINGENCY,,
704,704,EVTOL-01,EC35,31.2982737,120.5956997,199.9,BUSY,M-P-001,V2
704,704,L-UAV-01,AMZN,31.3045830,120.6003230,100.0,BUSY,M-L-001,V2
704,704,M-UAV-01,M600,31.3108767,120.6039862,30.5,AVAILABLE,,
704,704,M-UAV-02,M600,31.3062683,120.6025389,30.5,CONTINGENCY,,
705,705,EVTOL-01,EC35,31.2979110,120.5956776,199.9,BUSY,M-P-001,V1
705,705,L-UAV-01,AMZN,31.3044637,120.6002475,100.0,BUSY,M-L-001,V2
705,705,M-UAV-01,M600,31.3108767,120.6039862,30.5,AVAILABLE,,
705,705,M-UAV-02,M600,31.3062683,120.6025389,30.5,CONTINGENCY,,
706,706,EVTOL-01,EC35,31.2975484,120.5957035,199.9,BUSY,M-P-001,V1
706,706,L-UAV-01,AMZN,31.3043445,120.6001721,100.0,BUSY,M-L-001,V2
706,706,M-UAV-01,M600,31.3108767,120.6039862,30.5,AVAILABLE,,
706,706,M-UAV-02,M600,31.3062683,120.6025389,30.5,CONTINGENCY,,
707,707,EVTOL-01,EC35,31.2971908,120.5957772,199.9,BUSY,M-P-001,V1
707,707,L-UAV-01,AMZN,31.3042253,120.6000966,100.0,BUSY,M-L-001,V2
707,707,M-UAV-01,M600,31.3108767,120.6039862,30.5,AVAILABLE,,
707,707,M-UAV-02,M600,31.3062683,120.6025389,30.5,CONTINGENCY,,
708,708,EVTOL-01,EC35,31.2968425,120.5958977,199.9,BUSY,M-P-001,V1
708,708,L-UAV-01,AMZN,31.3041060,120.6000211,100.0,BUSY,M-L-001,V2
708,708,M-UAV-01,M600,31.3108767,120.6039862,30.5,AVAILABLE,,
708,708,M-UAV-02,M600,31.3062683,120.6025389,30.5,CONTINGENCY,,
709,709,EVTOL-01,EC35,31.2965081,120.5960635,199.9,BUSY,M-P-001,V1
709,709,L-UAV-01,AMZN,31.3039868,120.5999457,100.0,BUSY,M-L-001,V2
709,709,M-UAV-01,M600,31.3108767,120.6039862,30.5,AVAILABLE,,
709,709,M-UAV-02,M600,31.3062683,120.6025389,30.5,CONTINGENCY,,
710,710,EVTOL-01,EC35,31.2961918,120.5962724,199.9,BUSY,M-P-001,V1
710,710,L-UAV-01,AMZN,31.3038676,120.5998702,100.0,BUSY,M-L-001,V2
710,710,M-UAV-01,M600,31.3108767,120.6039862,30.5,AVAILABLE,,
710,710,M-UAV-02,M600,31.3062683,120.6025389,30.5,CONTINGENCY,,
711,711,EVTOL-01,EC35,31.2958977,120.5965219,199.9,BUSY,M-P-001,V1
711,711,L-UAV-01,AMZN,31.3037484,120.5997947,100.0,BUSY,M-L-001,V2
711,711,M-UAV-01,M600,31.3108767,120.6039862,30.5,AVAILABLE,,
711,711,M-UAV-02,M600,31.3062683,120.6025389,30.5,CONTINGENCY,,
712,712,EVTOL-01,EC35,31.2956296,120.5968086,199.9,BUSY,M-P-001,V1
712,712,L-UAV-01,AMZN,31.3036291,120.5997193,100.0,BUSY,M-L-001,V2
712,712,M-UAV-01,M600,31.3108767,120.6039862,30.5,AVAILABLE,,
712,712,M-UAV-02,M600,31.3062683,120.6025389,30.5,CONTINGENCY,,
713,713,EVTOL-01,EC35,31.2953909,120.5971289,199.9,BUSY,M-P-001,V1
713,713,L-UAV-01,AMZN,31.3035099,120.5996438,100.0,BUSY,M-L-001,V2
713,713,M-UAV-01,M600,31.3108767,120.6039862,30.5,AVAILABLE,,
713,713,M-UAV-02,M600,31.3062683,120.6025389,30.5,CONTINGENCY,,
714,714,EVTOL-01,EC35,31.2951847,120.5974788,199.9,BUSY,M-P-001,V1
714,714,L-UAV-01,AMZN,31.3033907,120.5995683,100.0,BUSY,M-L-001,V2
714,714,M-UAV-01,M600,31.3108767,120.6039862,30.5,AVAILABLE,,
714,714,M-UAV-02,M600,31.3062683,120.6025389,30.5,CONTINGENCY,,
715,715,EVTOL-01,EC35,31.2950135,120.5978537,199.9,BUSY,M-P-001,V1
715,715,L-UAV-01,AMZN,31.3032714,120.5994929,100.0,BUSY,M-L-001,V2
715,715,M-UAV-01,M600,31.3108767,120.6039862,30.5,AVAILABLE,,
715,715,M-UAV-02,M600,31.3062683,120.6025389,30.5,CONTINGENCY,,
716,716,EVTOL-01,EC35,31.2948797,120.5982488,199.9,BUSY,M-P-001,V1
716,716,L-UAV-01,AMZN,31.3031522,120.5994174,100.0,BUSY,M-L-001,V2
716,716,M-UAV-01,M600,31.3108767,120.6039862,30.5,AVAILABLE,,
716,716,M-UAV-02,M600,31.3062683,120.6025389,30.5,CONTINGENCY,,
717,717,EVTOL-01,EC35,31.2947848,120.5986591,199.9,BUSY,M-P-001,V1
717,717,L-UAV-01,AMZN,31.3030330,120.5993420,100.0,BUSY,M-L-001,V2
717,717,M-UAV-01,M600,31.3108767,120.6039862,30.5,AVAILABLE,,
717,717,M-UAV-02,M600,31.3062683,120.6025389,30.5,CONTINGENCY,,
718,718,EVTOL-01,EC35,31.2947302,120.5990793,199.9,BUSY,M-P-001,V1
718,718,L-UAV-01,AMZN,31.3029138,120.5992665,100.0,BUSY,M-L-001,V2
718,718,M-UAV-01,M600,31.3108767,120.6039862,30.5,AVAILABLE,,
718,718,M-UAV-02,M600,31.3062683,120.6025389,30.5,CONTINGENCY,,
719,719,EVTOL-01,EC35,31.2947165,120.5995040,199.9,BUSY,M-P-001,V1
719,719,L-UAV-01,AMZN,31.3027945,120.5991910,100.0,BUSY,M-L-001,V2
719,719,M-UAV-01,M600,31.3108767,120.6039862,30.5,AVAILABLE,,
719,719,M-UAV-02,M600,31.3062683,120.6025389,30.5,CONTINGENCY,,
720,720,EVTOL-01,EC35,31.2947439,120.5999278,199.9,BUSY,M-P-001,V1
720,720,L-UAV-01,AMZN,31.3026753,120.5991156,100.0,BUSY,M-L-001,V2
720,720,M-UAV-01,M600,31.3108767,120.6039862,30.5,AVAILABLE,,
720,720,M-UAV-02,M600,31.3062683,120.6025389,30.5,CONTINGENCY,,
721,721,EVTOL-01,EC35,31.2948120,120.6003453,199.9,BUSY,M-P-001,V1
721,721,L-UAV-01,AMZN,31.3025561,120.5990401,100.0,BUSY,M-L-001,V2
721,721,M-UAV-01,M600,31.3108767,120.6039862,30.5,AVAILABLE,,
721,721,M-UAV-02,M600,31.3062683,120.6025389,30.5,CONTINGENCY,,
722,722,EVTOL-01,EC35,31.2949200,120.6007511,199.9,BUSY,M-P-001,V1
722,722,L-UAV-01,AMZN,31.3024368,120.5989646,100.0,BUSY,M-L-001,V2
722,722,M-UAV-01,M600,31.3108767,120.6039862,30.5,AVAILABLE,,
722,722,M-UAV-02,M600,31.3062683,120.6025389,30.5,CONTINGENCY,,
723,723,EVTOL-01,EC35,31.2950665,120.6011400,199.9,BUSY,M-P-001,V1
723,723,L-UAV-01,AMZN,31.3023176,120.5988892,100.0,BUSY,M-L-001,V2
723,723,M-UAV-01,M600,31.3108767,120.6039862,30.5,AVAILABLE,,
723,723,M-UAV-02,M600,31.3062683,120.6025389,30.5,CONTINGENCY,,
724,724,EVTOL-01,EC35,31.2952496,120.6015071,199.9,BUSY,M-P-001,V1
724,724,L-UAV-01,AMZN,31.3021984,120.5988137,100.0,BUSY,M-L-001,V2
724,724,M-UAV-01,M600,31.3108767,120.6039862,30.5,AVAILABLE,,
724,724,M-UAV-02,M600,31.3062683,120.6025389,30.5,CONTINGENCY,,
725,725,EVTOL-01,EC35,31.2954670,120.6018476,199.9,BUSY,M-P-001,V1
725,725,L-UAV-01,AMZN,31.3020792,120.5987382,100.0,BUSY,M-L-001,V2
725,725,M-UAV-01,M600,31.3108767,120.6039862,30.5,AVAILABLE,,
725,725,M-UAV-02,M600,31.3062683,120.6025389,30.5,CONTINGENCY,,
726,726,EVTOL-01,EC35,31.2957159,120.6021571,199.9,BUSY,M-P-001,V1
726,726,L-UAV-01,AMZN,31.3019599,120.5986628,100.0,BUSY,M-L-001,V2
726,726,M-UAV-01,M600,31.3108767,120.6039862,30.5,AVAILABLE,,
726,726,M-UAV-02,M600,31.3062683,120.6025389,30.5,CONTINGENCY,,
727,727,EVTOL-01,EC35,31.2959930,120.6024318,199.9,BUSY,M-P-001,V1
727,727,L-UAV-01,AMZN,31.3018407,120.5985873,100.0,BUSY,M-L-001,V2
727,727,M-UAV-01,M600,31.3108767,120.6039862,30.5,AVAILABLE,,
727,727,M-UAV-02,M600,31.3062683,120.6025389,30.5,CONTINGENCY,,
728,728,EVTOL-01,EC35,31.2962949,120.6026681,199.9,BUSY,M-P-001,V1
728,728,L-UAV-01,AMZN,31.3017215,120.5985119,100.0,BUSY,M-L-001,V2
728,728,M-UAV-01,M600,31.3108767,120.6039862,30.5,AVAILABLE,,
728,728,M-UAV-02,M600,31.3062683,120.6025389,30.5,CONTINGENCY,,
729,729,EVTOL-01,EC35,31.2966177,120.6028629,199.9,BUSY,M-P-001,V1
729,729,L-UAV-01,AMZN,31.3016022,120.5984364,100.0,BUSY,M-L-001,V2
729,729,M-UAV-01,M600,31.3108767,120.6039862,30.5,AVAILABLE,,
729,729,M-UAV-02,M600,31.3062683,120.6025389,30.5,CONTINGENCY,,
730,730,EVTOL-01,EC35,31.2969572,120.6030139,199.9,BUSY,M-P-001,V1
730,730,L-UAV-01,AMZN,31.3014830,120.5983609,100.0,BUSY,M-L-001,V2
730,730,M-UAV-01,M600,31.3108767,120.6039862,30.5,AVAILABLE,,
730,730,M-UAV-02,M600,31.3062683,120.6025389,30.5,CONTINGENCY,,
731,731,EVTOL-01,EC35,31.2973092,120.6031189,199.9,BUSY,M-P-001,V1
731,731,L-UAV-01,AMZN,31.3013638,120.5982855,100.0,BUSY,M-L-001,V2
731,731,M-UAV-01,M600,31.3108767,120.6039862,30.5,AVAILABLE,,
731,731,M-UAV-02,M600,31.3062683,120.6025389,30.5,CONTINGENCY,,
732,732,EVTOL-01,EC35,31.2976690,120.6031768,199.9,BUSY,M-P-001,V1
732,732,L-UAV-01,AMZN,31.3012445,120.5982100,100.0,BUSY,M-L-001,V2
732,732,M-UAV-01,M600,31.3108767,120.6039862,30.5,AVAILABLE,,
732,732,M-UAV-02,M600,31.3062683,120.6025389,30.5,CONTINGENCY,,
733,733,EVTOL-01,EC35,31.2980317,120.6031990,199.9,BUSY,M-P-001,V1
733,733,L-UAV-01,AMZN,31.3011253,120.5981346,100.0,BUSY,M-L-001,V2
733,733,M-UAV-01,M600,31.3108767,120.6039862,30.5,AVAILABLE,,
733,733,M-UAV-02,M600,31.3062683,120.6025389,30.5,CONTINGENCY,,
734,734,EVTOL-01,EC35,31.2983944,120.6032212,199.9,BUSY,M-P-001,V1
734,734,L-UAV-01,AMZN,31.3010061,120.5980591,100.0,BUSY,M-L-001,V2
734,734,M-UAV-01,M600,31.3108767,120.6039862,30.5,AVAILABLE,,
734,734,M-UAV-02,M600,31.3062683,120.6025389,30.5,CONTINGENCY,,
735,735,EVTOL-01,EC35,31.2987570,120.6032434,199.9,BUSY,M-P-001,V1
735,735,L-UAV-01,AMZN,31.3008869,120.5979836,100.0,BUSY,M-L-001,V2
735,735,M-UAV-01,M600,31.3108767,120.6039862,30.5,AVAILABLE,,
735,735,M-UAV-02,M600,31.3062683,120.6025389,30.5,CONTINGENCY,,
736,736,EVTOL-01,EC35,31.2991197,120.6032656,199.9,BUSY,M-P-001,V1
736,736,L-UAV-01,AMZN,31.3007676,120.5979082,100.0,BUSY,M-L-001,V2
736,736,M-UAV-01,M600,31.3108767,120.6039862,30.5,AVAILABLE,,
736,736,M-UAV-02,M600,31.3062683,120.6025389,30.5,CONTINGENCY,,
737,737,EVTOL-01,EC35,31.2994824,120.6032879,199.9,BUSY,M-P-001,V1
737,737,L-UAV-01,AMZN,31.3006484,120.5978327,100.0,BUSY,M-L-001,V2
737,737,M-UAV-01,M600,31.3108767,120.6039862,30.5,AVAILABLE,,
737,737,M-UAV-02,M600,31.3062683,120.6025389,30.5,CONTINGENCY,,
738,738,EVTOL-01,EC35,31.2998451,120.6033101,199.9,BUSY,M-P-001,V1
738,738,L-UAV-01,AMZN,31.3005292,120.5977573,100.0,BUSY,M-L-001,V2
738,738,M-UAV-01,M600,31.3108767,120.6039862,30.5,AVAILABLE,,
738,738,M-UAV-02,M600,31.3062683,120.6025389,30.5,CONTINGENCY,,
739,739,EVTOL-01,EC35,31.3002078,120.6033323,199.9,BUSY,M-P-001,V1
739,739,L-UAV-01,AMZN,31.3004099,120.5976818,100.0,BUSY,M-L-001,V2
739,739,M-UAV-01,M600,31.3108767,120.6039862,30.5,AVAILABLE,,
739,739,M-UAV-02,M600,31.3062683,120.6025389,30.5,CONTINGENCY,,
740,740,EVTOL-01,EC35,31.3005705,120.6033545,199.9,BUSY,M-P-001,V1
740,740,L-UAV-01,AMZN,31.3002907,120.5976063,100.0,BUSY,M-L-001,V2
740,740,M-UAV-01,M600,31.3108767,120.6039862,30.5,AVAILABLE,,
740,740,M-UAV-02,M600,31.3062683,120.6025389,30.5,CONTINGENCY,,
741,741,EVTOL-01,EC35,31.3009332,120.6033768,199.9,BUSY,M-P-001,V1
741,741,L-UAV-01,AMZN,31.3001715,120.5975309,100.0,BUSY,M-L-001,V2
741,741,M-UAV-01,M600,31.3108767,120.6039862,30.5,AVAILABLE,,
741,741,M-UAV-02,M600,31.3062683,120.6025389,30.5,CONTINGENCY,,
742,742,EVTOL-01,EC35,31.3012959,120.6033990,199.9,BUSY,M-P-001,V1
742,742,L-UAV-01,AMZN,31.3000522,120.5974554,100.0,BUSY,M-L-001,V2
742,742,M-UAV-01,M600,31.3108767,120.6039862,30.5,AVAILABLE,,
742,742,M-UAV-02,M600,31.3062683,120.6025389,30.5,CONTINGENCY,,
743,743,EVTOL-01,EC35,31.3016586,120.6034212,199.9,BUSY,M-P-001,V1
743,743,L-UAV-01,AMZN,31.2999330,120.5973800,100.0,BUSY,M-L-001,V2
743,743,M-UAV-01,M600,31.3108767,120.6039862,30.5,AVAILABLE,,
743,743,M-UAV-02,M600,31.3062683,120.6025389,30.5,CONTINGENCY,,
744,744,EVTOL-01,EC35,31.3020213,120.6034434,199.9,BUSY,M-P-001,V1
744,744,L-UAV-01,AMZN,31.2998138,120.5973045,100.0,BUSY,M-L-001,V2
744,744,M-UAV-01,M600,31.3108767,120.6039862,30.5,AVAILABLE,,
744,744,M-UAV-02,M600,31.3062683,120.6025389,30.5,CONTINGENCY,,
745,745,EVTOL-01,EC35,31.3023840,120.6034657,199.9,BUSY,M-P-001,V1
745,745,L-UAV-01,AMZN,31.2996946,120.5972290,100.0,BUSY,M-L-001,V2
745,745,M-UAV-01,M600,31.3108767,120.6039862,30.5,AVAILABLE,,
745,745,M-UAV-02,M600,31.3062683,120.6025389,30.5,CONTINGENCY,,
746,746,EVTOL-01,EC35,31.3027467,120.6034879,199.9,BUSY,M-P-001,V1
746,746,L-UAV-01,AMZN,31.2995753,120.5971536,100.0,BUSY,M-L-001,V2
746,746,M-UAV-01,M600,31.3108767,120.6039862,30.5,AVAILABLE,,
746,746,M-UAV-02,M600,31.3062683,120.6025389,30.5,CONTINGENCY,,
747,747,EVTOL-01,EC35,31.3031094,120.6035101,199.9,BUSY,M-P-001,V1
747,747,L-UAV-01,AMZN,31.2994561,120.5970781,100.0,BUSY,M-L-001,V2
747,747,M-UAV-01,M600,31.3108767,120.6039862,30.5,AVAILABLE,,
747,747,M-UAV-02,M600,31.3062683,120.6025389,30.5,CONTINGENCY,,
748,748,EVTOL-01,EC35,31.3034721,120.6035324,199.9,BUSY,M-P-001,V1
748,748,L-UAV-01,AMZN,31.2993369,120.5970027,100.0,BUSY,M-L-001,V2
748,748,M-UAV-01,M600,31.3108767,120.6039862,30.5,AVAILABLE,,
748,748,M-UAV-02,M600,31.3062683,120.6025389,30.5,CONTINGENCY,,
749,749,EVTOL-01,EC35,31.3038348,120.6035546,199.9,BUSY,M-P-001,V1
749,749,L-UAV-01,AMZN,31.2992176,120.5969272,100.0,BUSY,M-L-001,V2
749,749,M-UAV-01,M600,31.3108767,120.6039862,30.5,AVAILABLE,,
749,749,M-UAV-02,M600,31.3062683,120.6025389,30.5,CONTINGENCY,,
750,750,EVTOL-01,EC35,31.3041975,120.6035768,199.9,BUSY,M-P-001,V1
750,750,L-UAV-01,AMZN,31.2990984,120.5968517,100.0,BUSY,M-L-001,V2
750,750,M-UAV-01,M600,31.3108767,120.6039862,30.5,AVAILABLE,,
750,750,M-UAV-02,M600,31.3062683,120.6025389,30.5,CONTINGENCY,,
751,751,EVTOL-01,EC35,31.3045601,120.6035990,199.9,BUSY,M-P-001,V1
751,751,L-UAV-01,AMZN,31.2989792,120.5967763,100.0,BUSY,M-L-001,V2
751,751,M-UAV-01,M600,31.3108767,120.6039862,30.5,AVAILABLE,,
751,751,M-UAV-02,M600,31.3062683,120.6025389,30.5,CONTINGENCY,,
752,752,EVTOL-01,EC35,31.3049228,120.6036213,199.9,BUSY,M-P-001,V1
752,752,L-UAV-01,AMZN,31.2988599,120.5967008,100.0,BUSY,M-L-001,V2
752,752,M-UAV-01,M600,31.3108767,120.6039862,30.5,AVAILABLE,,
752,752,M-UAV-02,M600,31.3062683,120.6025389,30.5,CONTINGENCY,,
753,753,EVTOL-01,EC35,31.3052855,120.6036435,199.9,BUSY,M-P-001,V1
753,753,L-UAV-01,AMZN,31.2987407,120.5966254,100.0,BUSY,M-L-001,V2
753,753,M-UAV-01,M600,31.3108767,120.6039862,30.5,AVAILABLE,,
753,753,M-UAV-02,M600,31.3062683,120.6025389,30.5,CONTINGENCY,,
754,754,EVTOL-01,EC35,31.3056482,120.6036657,199.9,BUSY,M-P-001,V1
754,754,L-UAV-01,AMZN,31.2986215,120.5965499,100.0,BUSY,M-L-001,V2
754,754,M-UAV-01,M600,31.3108767,120.6039862,30.5,AVAILABLE,,
754,754,M-UAV-02,M600,31.3062683,120.6025389,30.5,CONTINGENCY,,
755,755,EVTOL-01,EC35,31.3060109,120.6036879,199.9,BUSY,M-P-001,V1
755,755,L-UAV-01,AMZN,31.2985023,120.5964745,100.0,BUSY,M-L-001,V2
755,755,M-UAV-01,M600,31.3108767,120.6039862,30.5,AVAILABLE,,
755,755,M-UAV-02,M600,31.3062683,120.6025389,30.5,CONTINGENCY,,
756,756,EVTOL-01,EC35,31.3063736,120.6037102,199.9,BUSY,M-P-001,V1
756,756,L-UAV-01,AMZN,31.2983830,120.5963990,100.0,BUSY,M-L-001,V2
756,756,M-UAV-01,M600,31.3108767,120.6039862,30.5,AVAILABLE,,
756,756,M-UAV-02,M600,31.3062683,120.6025389,30.5,CONTINGENCY,,
757,757,EVTOL-01,EC35,31.3067363,120.6037324,199.9,BUSY,M-P-001,V1
757,757,L-UAV-01,AMZN,31.2982638,120.5963236,100.0,BUSY,M-L-001,V2
757,757,M-UAV-01,M600,31.3108767,120.6039862,30.5,AVAILABLE,,
757,757,M-UAV-02,M600,31.3062683,120.6025389,30.5,CONTINGENCY,,
758,758,EVTOL-01,EC35,31.3070990,120.6037546,199.9,BUSY,M-P-001,V1
758,758,L-UAV-01,AMZN,31.2981446,120.5962481,100.0,BUSY,M-L-001,V2
758,758,M-UAV-01,M600,31.3108767,120.6039862,30.5,AVAILABLE,,
758,758,M-UAV-02,M600,31.3062683,120.6025389,30.5,CONTINGENCY,,
759,759,EVTOL-01,EC35,31.3074617,120.6037769,199.9,BUSY,M-P-001,V1
759,759,L-UAV-01,AMZN,31.2980253,120.5961726,100.0,BUSY,M-L-001,V2
759,759,M-UAV-01,M600,31.3108767,120.6039862,30.5,AVAILABLE,,
759,759,M-UAV-02,M600,31.3062683,120.6025389,30.5,CONTINGENCY,,
760,760,EVTOL-01,EC35,31.3078244,120.6037991,199.9,BUSY,M-P-001,V1
760,760,L-UAV-01,AMZN,31.2979061,120.5960972,100.0,BUSY,M-L-001,V3
760,760,M-UAV-01,M600,31.3108767,120.6039862,30.5,AVAILABLE,,
760,760,M-UAV-02,M600,31.3062683,120.6025389,30.5,CONTINGENCY,,
761,761,EVTOL-01,EC35,31.3081871,120.6038213,199.9,BUSY,M-P-001,V1
761,761,L-UAV-01,AMZN,31.2977731,120.5960669,100.0,BUSY,M-L-001,V3
761,761,M-UAV-01,M600,31.3108767,120.6039862,30.5,AVAILABLE,,
761,761,M-UAV-02,M600,31.3062683,120.6025389,30.5,CONTINGENCY,,
762,762,EVTOL-01,EC35,31.3085498,120.6038435,199.9,BUSY,M-P-001,V1
762,762,L-UAV-01,AMZN,31.2976383,120.5960844,100.0,BUSY,M-L-001,V3
762,762,M-UAV-01,M600,31.3108767,120.6039862,30.5,AVAILABLE,,
762,762,M-UAV-02,M600,31.3062683,120.6025389,30.5,CONTINGENCY,,
763,763,EVTOL-01,EC35,31.3089125,120.6038658,199.9,BUSY,M-P-001,V1
763,763,L-UAV-01,AMZN,31.2975143,120.5961483,100.0,BUSY,M-L-001,V3
763,763,M-UAV-01,M600,31.3108767,120.6039862,30.5,AVAILABLE,,
763,763,M-UAV-02,M600,31.3062683,120.6025389,30.5,CONTINGENCY,,
764,764,EVTOL-01,EC35,31.3092752,120.6038880,199.9,BUSY,M-P-001,V1
764,764,L-UAV-01,AMZN,31.2974122,120.5962527,100.0,BUSY,M-L-001,V3
764,764,M-UAV-01,M600,31.3108767,120.6039862,30.5,AVAILABLE,,
764,764,M-UAV-02,M600,31.3062683,120.6025389,30.5,CONTINGENCY,,
765,765,EVTOL-01,EC35,31.3096379,120.6039102,199.9,BUSY,M-P-001,V1
765,765,L-UAV-01,AMZN,31.2973414,120.5963880,100.0,BUSY,M-L-001,V3
765,765,M-UAV-01,M600,31.3108767,120.6039862,30.5,AVAILABLE,,
765,765,M-UAV-02,M600,31.3062683,120.6025389,30.5,CONTINGENCY,,
766,766,EVTOL-01,EC35,31.3100005,120.6039325,199.9,BUSY,M-P-001,V2
766,766,L-UAV-01,AMZN,31.2973084,120.5965418,100.0,BUSY,M-L-001,V3
766,766,M-UAV-01,M600,31.3108767,120.6039862,30.5,AVAILABLE,,
766,766,M-UAV-02,M600,31.3062683,120.6025389,30.5,CONTINGENCY,,
767,767,EVTOL-01,EC35,31.3103631,120.6039066,199.9,BUSY,M-P-001,V2
767,767,L-UAV-01,AMZN,31.2973161,120.5967002,100.0,BUSY,M-L-001,V3
767,767,M-UAV-01,M600,31.3108767,120.6039862,30.5,AVAILABLE,,
767,767,M-UAV-02,M600,31.3062683,120.6025389,30.5,CONTINGENCY,,
768,768,EVTOL-01,EC35,31.3107208,120.6038329,199.9,BUSY,M-P-001,V2
768,768,L-UAV-01,AMZN,31.2973640,120.5968486,100.0,BUSY,M-L-001,V3
768,768,M-UAV-01,M600,31.3108767,120.6039862,30.5,AVAILABLE,,
768,768,M-UAV-02,M600,31.3062683,120.6025389,30.5,CONTINGENCY,,
769,769,EVTOL-01,EC35,31.3110691,120.6037124,199.9,BUSY,M-P-001,V2
769,769,L-UAV-01,AMZN,31.2974475,120.5969735,100.0,BUSY,M-L-001,V3
769,769,M-UAV-01,M600,31.3108767,120.6039862,30.5,AVAILABLE,,
769,769,M-UAV-02,M600,31.3062683,120.6025389,30.5,CONTINGENCY,,
770,770,EVTOL-01,EC35,31.3114035,120.6035466,199.9,BUSY,M-P-001,V2
770,770,L-UAV-01,AMZN,31.2975591,120.5970635,100.0,BUSY,M-L-001,V3
770,770,M-UAV-01,M600,31.3108767,120.6039862,30.5,AVAILABLE,,
770,770,M-UAV-02,M600,31.3062683,120.6025389,30.5,CONTINGENCY,,
771,771,EVTOL-01,EC35,31.3117198,120.6033377,199.9,BUSY,M-P-001,V2
771,771,L-UAV-01,AMZN,31.2976784,120.5971390,100.0,BUSY,M-L-001,V3
771,771,M-UAV-01,M600,31.3108767,120.6039862,30.5,AVAILABLE,,
771,771,M-UAV-02,M600,31.3062683,120.6025389,30.5,CONTINGENCY,,
772,772,EVTOL-01,EC35,31.3120139,120.6030882,199.9,BUSY,M-P-001,V2
772,772,L-UAV-01,AMZN,31.2977976,120.5972144,100.0,BUSY,M-L-001,V3
772,772,M-UAV-01,M600,31.3108767,120.6039862,30.5,AVAILABLE,,
772,772,M-UAV-02,M600,31.3062683,120.6025389,30.5,CONTINGENCY,,
773,773,EVTOL-01,EC35,31.3122820,120.6028015,199.9,BUSY,M-P-001,V2
773,773,L-UAV-01,AMZN,31.2979168,120.5972899,100.0,BUSY,M-L-001,V3
773,773,M-UAV-01,M600,31.3108767,120.6039862,30.5,AVAILABLE,,
773,773,M-UAV-02,M600,31.3062683,120.6025389,30.5,CONTINGENCY,,
774,774,EVTOL-01,EC35,31.3125207,120.6024811,199.9,BUSY,M-P-001,V2
774,774,L-UAV-01,AMZN,31.2980360,120.5973653,100.0,BUSY,M-L-001,V3
774,774,M-UAV-01,M600,31.3108767,120.6039862,30.5,AVAILABLE,,
774,774,M-UAV-02,M600,31.3062683,120.6025389,30.5,CONTINGENCY,,
775,775,EVTOL-01,EC35,31.3127270,120.6021312,199.9,BUSY,M-P-001,V2
775,775,L-UAV-01,AMZN,31.2981553,120.5974408,100.0,BUSY,M-L-001,V3
775,775,M-UAV-01,M600,31.3108767,120.6039862,30.5,AVAILABLE,,
775,775,M-UAV-02,M600,31.3062683,120.6025389,30.5,CONTINGENCY,,
776,776,EVTOL-01,EC35,31.3128982,120.6017563,199.9,BUSY,M-P-001,V2
776,776,L-UAV-01,AMZN,31.2982745,120.5975163,100.0,BUSY,M-L-001,V3
776,776,M-UAV-01,M600,31.3108767,120.6039862,30.5,AVAILABLE,,
776,776,M-UAV-02,M600,31.3062683,120.6025389,30.5,CONTINGENCY,,
777,777,EVTOL-01,EC35,31.3130321,120.6013611,199.9,BUSY,M-P-001,V2
777,777,L-UAV-01,AMZN,31.2983937,120.5975917,100.0,BUSY,M-L-001,V3
777,777,M-UAV-01,M600,31.3108767,120.6039862,30.5,AVAILABLE,,
777,777,M-UAV-02,M600,31.3062683,120.6025389,30.5,CONTINGENCY,,
778,778,EVTOL-01,EC35,31.3131269,120.6009508,199.9,BUSY,M-P-001,V2
778,778,L-UAV-01,AMZN,31.2985130,120.5976672,100.0,BUSY,M-L-001,V3
778,778,M-UAV-01,M600,31.3108767,120.6039862,30.5,AVAILABLE,,
778,778,M-UAV-02,M600,31.3062683,120.6025389,30.5,CONTINGENCY,,
779,779,EVTOL-01,EC35,31.3131816,120.6005305,199.9,BUSY,M-P-001,V2
779,779,L-UAV-01,AMZN,31.2986322,120.5977426,100.0,BUSY,M-L-001,V3
779,779,M-UAV-01,M600,31.3108767,120.6039862,30.5,AVAILABLE,,
779,779,M-UAV-02,M600,31.3062683,120.6025389,30.5,CONTINGENCY,,
780,780,EVTOL-01,EC35,31.3131954,120.6001057,199.9,BUSY,M-P-001,V2
780,780,L-UAV-01,AMZN,31.2987514,120.5978181,100.0,BUSY,M-L-001,V3
780,780,M-UAV-01,M600,31.3108767,120.6039862,30.5,AVAILABLE,,
780,780,M-UAV-02,M600,31.3062683,120.6025389,30.5,CONTINGENCY,,
781,781,EVTOL-01,EC35,31.3131680,120.5996818,199.9,BUSY,M-P-001,V2
781,781,L-UAV-01,AMZN,31.2988707,120.5978936,100.0,BUSY,M-L-001,V3
781,781,M-UAV-01,M600,31.3108767,120.6039862,30.5,AVAILABLE,,
781,781,M-UAV-02,M600,31.3062683,120.6025389,30.5,CONTINGENCY,,
782,782,EVTOL-01,EC35,31.3130999,120.5992642,199.9,BUSY,M-P-001,V2
782,782,L-UAV-01,AMZN,31.2989899,120.5979690,100.0,BUSY,M-L-001,V3
782,782,M-UAV-01,M600,31.3108767,120.6039862,30.5,AVAILABLE,,
782,782,M-UAV-02,M600,31.3062683,120.6025389,30.5,CONTINGENCY,,
783,783,EVTOL-01,EC35,31.3129919,120.5988583,199.9,BUSY,M-P-001,V2
783,783,L-UAV-01,AMZN,31.2991091,120.5980445,100.0,BUSY,M-L-001,V3
783,783,M-UAV-01,M600,31.3108767,120.6039862,30.5,AVAILABLE,,
783,783,M-UAV-02,M600,31.3062683,120.6025389,30.5,CONTINGENCY,,
784,784,EVTOL-01,EC35,31.3128455,120.5984693,199.9,BUSY,M-P-001,V2
784,784,L-UAV-01,AMZN,31.2992283,120.5981199,100.0,BUSY,M-L-001,V3
784,784,M-UAV-01,M600,31.3108767,120.6039862,30.5,AVAILABLE,,
784,784,M-UAV-02,M600,31.3062683,120.6025389,30.5,CONTINGENCY,,
785,785,EVTOL-01,EC35,31.3126624,120.5981022,199.9,BUSY,M-P-001,V2
785,785,L-UAV-01,AMZN,31.2993476,120.5981954,100.0,BUSY,M-L-001,V3
785,785,M-UAV-01,M600,31.3108767,120.6039862,30.5,AVAILABLE,,
785,785,M-UAV-02,M600,31.3062683,120.6025389,30.5,CONTINGENCY,,
786,786,EVTOL-01,EC35,31.3124450,120.5977616,199.9,BUSY,M-P-001,V2
786,786,L-UAV-01,AMZN,31.2994668,120.5982708,100.0,BUSY,M-L-001,V3
786,786,M-UAV-01,M600,31.3108767,120.6039862,30.5,AVAILABLE,,
786,786,M-UAV-02,M600,31.3062683,120.6025389,30.5,CONTINGENCY,,
787,787,EVTOL-01,EC35,31.3121962,120.5974519,199.9,BUSY,M-P-001,V2
787,787,L-UAV-01,AMZN,31.2995860,120.5983463,100.0,BUSY,M-L-001,V3
787,787,M-UAV-01,M600,31.3108767,120.6039862,30.5,AVAILABLE,,
787,787,M-UAV-02,M600,31.3062683,120.6025389,30.5,CONTINGENCY,,
788,788,EVTOL-01,EC35,31.3119191,120.5971772,199.9,BUSY,M-P-001,V2
788,788,L-UAV-01,AMZN,31.2997053,120.5984218,100.0,BUSY,M-L-001,V3
788,788,M-UAV-01,M600,31.3108767,120.6039862,30.5,AVAILABLE,,
788,788,M-UAV-02,M600,31.3062683,120.6025389,30.5,CONTINGENCY,,
789,789,EVTOL-01,EC35,31.3116172,120.5969408,199.9,BUSY,M-P-001,V2
789,789,L-UAV-01,AMZN,31.2998245,120.5984972,100.0,BUSY,M-L-001,V3
789,789,M-UAV-01,M600,31.3108767,120.6039862,30.5,AVAILABLE,,
789,789,M-UAV-02,M600,31.3062683,120.6025389,30.5,CONTINGENCY,,
790,790,EVTOL-01,EC35,31.3112944,120.5967459,199.9,BUSY,M-P-001,V2
790,790,L-UAV-01,AMZN,31.2999437,120.5985727,100.0,BUSY,M-L-001,V3
790,790,M-UAV-01,M600,31.3108767,120.6039862,30.5,AVAILABLE,,
790,790,M-UAV-02,M600,31.3062683,120.6025389,30.5,CONTINGENCY,,
791,791,EVTOL-01,EC35,31.3109549,120.5965949,199.9,BUSY,M-P-001,V2
791,791,L-UAV-01,AMZN,31.3000629,120.5986482,100.0,BUSY,M-L-001,V3
791,791,M-UAV-01,M600,31.3108767,120.6039862,30.5,AVAILABLE,,
791,791,M-UAV-02,M600,31.3062683,120.6025389,30.5,CONTINGENCY,,
792,792,EVTOL-01,EC35,31.3106030,120.5964898,199.9,BUSY,M-P-001,V2
792,792,L-UAV-01,AMZN,31.3001822,120.5987236,100.0,BUSY,M-L-001,V3
792,792,M-UAV-01,M600,31.3108767,120.6039862,30.5,AVAILABLE,,
792,792,M-UAV-02,M600,31.3062683,120.6025389,30.5,CONTINGENCY,,
793,793,EVTOL-01,EC35,31.3102432,120.5964319,199.9,BUSY,M-P-001,V2
793,793,L-UAV-01,AMZN,31.3003014,120.5987991,100.0,BUSY,M-L-001,V3
793,793,M-UAV-01,M600,31.3108767,120.6039862,30.5,AVAILABLE,,
793,793,M-UAV-02,M600,31.3062683,120.6025389,30.5,CONTINGENCY,,
794,794,EVTOL-01,EC35,31.3098805,120.5964097,199.9,BUSY,M-P-001,V2
794,794,L-UAV-01,AMZN,31.3004206,120.5988745,100.0,BUSY,M-L-001,V3
794,794,M-UAV-01,M600,31.3108767,120.6039862,30.5,AVAILABLE,,
794,794,M-UAV-02,M600,31.3062683,120.6025389,30.5,CONTINGENCY,,
795,795,EVTOL-01,EC35,31.3095178,120.5963875,199.9,BUSY,M-P-001,V2
795,795,L-UAV-01,AMZN,31.3005399,120.5989500,100.0,BUSY,M-L-001,V3
795,795,M-UAV-01,M600,31.3108767,120.6039862,30.5,AVAILABLE,,
795,795,M-UAV-02,M600,31.3062683,120.6025389,30.5,CONTINGENCY,,
796,796,EVTOL-01,EC35,31.3091551,120.5963654,199.9,BUSY,M-P-001,V2
796,796,L-UAV-01,AMZN,31.3006591,120.5990255,100.0,BUSY,M-L-001,V3
796,796,M-UAV-01,M600,31.3108767,120.6039862,30.5,AVAILABLE,,
796,796,M-UAV-02,M600,31.3062683,120.6025389,30.5,CONTINGENCY,,
797,797,EVTOL-01,EC35,31.3087924,120.5963432,199.9,BUSY,M-P-001,V2
797,797,L-UAV-01,AMZN,31.3007783,120.5991009,100.0,BUSY,M-L-001,V3
797,797,M-UAV-01,M600,31.3108767,120.6039862,30.5,AVAILABLE,,
797,797,M-UAV-02,M600,31.3062683,120.6025389,30.5,CONTINGENCY,,
798,798,EVTOL-01,EC35,31.3084297,120.5963210,199.9,BUSY,M-P-001,V2
798,798,L-UAV-01,AMZN,31.3008976,120.5991764,100.0,BUSY,M-L-001,V3
798,798,M-UAV-01,M600,31.3108767,120.6039862,30.5,AVAILABLE,,
798,798,M-UAV-02,M600,31.3062683,120.6025389,30.5,CONTINGENCY,,
799,799,EVTOL-01,EC35,31.3080670,120.5962988,199.9,BUSY,M-P-001,V2
799,799,L-UAV-01,AMZN,31.3010168,120.5992518,100.0,BUSY,M-L-001,V3
799,799,M-UAV-01,M600,31.3108767,120.6039862,30.5,AVAILABLE,,
799,799,M-UAV-02,M600,31.3062683,120.6025389,30.5,CONTINGENCY,,
800,800,EVTOL-01,EC35,31.3077043,120.5962766,199.9,BUSY,M-P-001,V2
800,800,L-UAV-01,AMZN,31.3011360,120.5993273,100.0,BUSY,M-L-001,V3
800,800,M-UAV-01,M600,31.3108767,120.6039862,30.5,AVAILABLE,,
800,800,M-UAV-02,M600,31.3062683,120.6025389,30.5,CONTINGENCY,,
801,801,EVTOL-01,EC35,31.3073416,120.5962544,199.9,BUSY,M-P-001,V2
801,801,L-UAV-01,AMZN,31.3012552,120.5994028,100.0,BUSY,M-L-001,V3
801,801,M-UAV-01,M600,31.3108767,120.6039862,30.5,AVAILABLE,,
801,801,M-UAV-02,M600,31.3062683,120.6025389,30.5,CONTINGENCY,,
802,802,EVTOL-01,EC35,31.3069789,120.5962322,199.9,BUSY,M-P-001,V2
802,802,L-UAV-01,AMZN,31.3013745,120.5994782,100.0,BUSY,M-L-001,V3
802,802,M-UAV-01,M600,31.3108767,120.6039862,30.5,AVAILABLE,,
802,802,M-UAV-02,M600,31.3062683,120.6025389,30.5,CONTINGENCY,,
803,803,EVTOL-01,EC35,31.3066162,120.5962100,199.9,BUSY,M-P-001,V2
803,803,L-UAV-01,AMZN,31.3014937,120.5995537,100.0,BUSY,M-L-001,V3
803,803,M-UAV-01,M600,31.3108767,120.6039862,30.5,AVAILABLE,,
803,803,M-UAV-02,M600,31.3062683,120.6025389,30.5,CONTINGENCY,,
804,804,EVTOL-01,EC35,31.3062535,120.5961879,199.9,BUSY,M-P-001,V2
804,804,L-UAV-01,AMZN,31.3016129,120.5996292,100.0,BUSY,M-L-001,V3
804,804,M-UAV-01,M600,31.3108767,120.6039862,30.5,AVAILABLE,,
804,804,M-UAV-02,M600,31.3062683,120.6025389,30.5,CONTINGENCY,,
805,805,EVTOL-01,EC35,31.3058908,120.5961657,199.9,BUSY,M-P-001,V2
805,805,L-UAV-01,AMZN,31.3017322,120.5997046,100.0,BUSY,M-L-001,V3
805,805,M-UAV-01,M600,31.3108767,120.6039862,30.5,AVAILABLE,,
805,805,M-UAV-02,M600,31.3062683,120.6025389,30.5,CONTINGENCY,,
806,806,EVTOL-01,EC35,31.3055282,120.5961435,199.9,BUSY,M-P-001,V2
806,806,L-UAV-01,AMZN,31.3018514,120.5997801,100.0,BUSY,M-L-001,V3
806,806,M-UAV-01,M600,31.3108767,120.6039862,30.5,AVAILABLE,,
806,806,M-UAV-02,M600,31.3062683,120.6025389,30.5,CONTINGENCY,,
807,807,EVTOL-01,EC35,31.3051655,120.5961213,199.9,BUSY,M-P-001,V2
807,807,L-UAV-01,AMZN,31.3019706,120.5998555,100.0,BUSY,M-L-001,V3
807,807,M-UAV-01,M600,31.3108767,120.6039862,30.5,AVAILABLE,,
807,807,M-UAV-02,M600,31.3062683,120.6025389,30.5,CONTINGENCY,,
808,808,EVTOL-01,EC35,31.3048028,120.5960991,199.9,BUSY,M-P-001,V2
808,808,L-UAV-01,AMZN,31.3020898,120.5999310,100.0,BUSY,M-L-001,V3
808,808,M-UAV-01,M600,31.3108767,120.6039862,30.5,AVAILABLE,,
808,808,M-UAV-02,M600,31.3062683,120.6025389,30.5,CONTINGENCY,,
809,809,EVTOL-01,EC35,31.3044401,120.5960769,199.9,BUSY,M-P-001,V2
809,809,L-UAV-01,AMZN,31.3022091,120.6000065,100.0,BUSY,M-L-001,V3
809,809,M-UAV-01,M600,31.3108767,120.6039862,30.5,AVAILABLE,,
809,809,M-UAV-02,M600,31.3062683,120.6025389,30.5,CONTINGENCY,,
810,810,EVTOL-01,EC35,31.3040774,120.5960547,199.9,BUSY,M-P-001,V2
810,810,L-UAV-01,AMZN,31.3023283,120.6000819,100.0,BUSY,M-L-001,V3
810,810,M-UAV-01,M600,31.3108767,120.6039862,30.5,AVAILABLE,,
810,810,M-UAV-02,M600,31.3062683,120.6025389,30.5,CONTINGENCY,,
811,811,EVTOL-01,EC35,31.3037147,120.5960325,199.9,BUSY,M-P-001,V2
811,811,L-UAV-01,AMZN,31.3024475,120.6001574,100.0,BUSY,M-L-001,V3
811,811,M-UAV-01,M600,31.3108767,120.6039862,30.5,AVAILABLE,,
811,811,M-UAV-02,M600,31.3062683,120.6025389,30.5,CONTINGENCY,,
812,812,EVTOL-01,EC35,31.3033520,120.5960104,199.9,BUSY,M-P-001,V2
812,812,L-UAV-01,AMZN,31.3025668,120.6002329,100.0,BUSY,M-L-001,V3
812,812,M-UAV-01,M600,31.3108767,120.6039862,30.5,AVAILABLE,,
812,812,M-UAV-02,M600,31.3062683,120.6025389,30.5,CONTINGENCY,,
813,813,EVTOL-01,EC35,31.3029893,120.5959882,199.9,BUSY,M-P-001,V2
813,813,L-UAV-01,AMZN,31.3026860,120.6003083,100.0,BUSY,M-L-001,V3
813,813,M-UAV-01,M600,31.3108767,120.6039862,30.5,AVAILABLE,,
813,813,M-UAV-02,M600,31.3062683,120.6025389,30.5,CONTINGENCY,,
814,814,EVTOL-01,EC35,31.3026266,120.5959660,199.9,BUSY,M-P-001,V2
814,814,L-UAV-01,AMZN,31.3028052,120.6003838,100.0,BUSY,M-L-001,V3
814,814,M-UAV-01,M600,31.3108767,120.6039862,30.5,AVAILABLE,,
814,814,M-UAV-02,M600,31.3062683,120.6025389,30.5,CONTINGENCY,,
815,815,EVTOL-01,EC35,31.3022639,120.5959438,199.9,BUSY,M-P-001,V2
815,815,L-UAV-01,AMZN,31.3029244,120.6004593,100.0,BUSY,M-L-001,V3
815,815,M-UAV-01,M600,31.3108767,120.6039862,30.5,AVAILABLE,,
815,815,M-UAV-02,M600,31.3062683,120.6025389,30.5,CONTINGENCY,,
816,816,EVTOL-01,EC35,31.3019012,120.5959216,199.9,BUSY,M-P-001,V2
816,816,L-UAV-01,AMZN,31.3030437,120.6005347,100.0,BUSY,M-L-001,V3
816,816,M-UAV-01,M600,31.3108767,120.6039862,30.5,AVAILABLE,,
816,816,M-UAV-02,M600,31.3062683,120.6025389,30.5,CONTINGENCY,,
817,817,EVTOL-01,EC35,31.3015385,120.5958994,199.9,BUSY,M-P-001,V2
817,817,L-UAV-01,AMZN,31.3031629,120.6006102,100.0,BUSY,M-L-001,V3
817,817,M-UAV-01,M600,31.3108767,120.6039862,30.5,AVAILABLE,,
817,817,M-UAV-02,M600,31.3062683,120.6025389,30.5,CONTINGENCY,,
818,818,EVTOL-01,EC35,31.3011758,120.5958772,199.9,BUSY,M-P-001,V2
818,818,L-UAV-01,AMZN,31.3032821,120.6006857,100.0,BUSY,M-L-001,V3
818,818,M-UAV-01,M600,31.3108767,120.6039862,30.5,AVAILABLE,,
818,818,M-UAV-02,M600,31.3062683,120.6025389,30.5,CONTINGENCY,,
819,819,EVTOL-01,EC35,31.3008131,120.5958551,199.9,BUSY,M-P-001,V2
819,819,L-UAV-01,AMZN,31.3034014,120.6007611,100.0,BUSY,M-L-001,V3
819,819,M-UAV-01,M600,31.3108767,120.6039862,30.5,AVAILABLE,,
819,819,M-UAV-02,M600,31.3062683,120.6025389,30.5,CONTINGENCY,,
820,820,EVTOL-01,EC35,31.3004504,120.5958329,199.9,BUSY,M-P-001,V2
820,820,L-UAV-01,AMZN,31.3035206,120.6008366,100.0,BUSY,M-L-001,V3
820,820,M-UAV-01,M600,31.3108767,120.6039862,30.5,AVAILABLE,,
820,820,M-UAV-02,M600,31.3062683,120.6025389,30.5,CONTINGENCY,,
821,821,EVTOL-01,EC35,31.3000877,120.5958107,199.9,BUSY,M-P-001,V2
821,821,L-UAV-01,AMZN,31.3036398,120.6009121,100.0,BUSY,M-L-001,V3
821,821,M-UAV-01,M600,31.3108767,120.6039862,30.5,AVAILABLE,,
821,821,M-UAV-02,M600,31.3062683,120.6025389,30.5,CONTINGENCY,,
822,822,EVTOL-01,EC35,31.2997250,120.5957885,199.9,BUSY,M-P-001,V2
822,822,L-UAV-01,AMZN,31.3037590,120.6009875,100.0,BUSY,M-L-001,V3
822,822,M-UAV-01,M600,31.3108767,120.6039862,30.5,AVAILABLE,,
822,822,M-UAV-02,M600,31.3062683,120.6025389,30.5,CONTINGENCY,,
823,823,EVTOL-01,EC35,31.2993623,120.5957663,199.9,BUSY,M-P-001,V2
823,823,L-UAV-01,AMZN,31.3038783,120.6010630,100.0,BUSY,M-L-001,V3
823,823,M-UAV-01,M600,31.3108767,120.6039862,30.5,AVAILABLE,,
823,823,M-UAV-02,M600,31.3062683,120.6025389,30.5,CONTINGENCY,,
824,824,EVTOL-01,EC35,31.2989996,120.5957441,199.9,BUSY,M-P-001,V2
824,824,L-UAV-01,AMZN,31.3039975,120.6011385,100.0,BUSY,M-L-001,V3
824,824,M-UAV-01,M600,31.3108767,120.6039862,30.5,AVAILABLE,,
824,824,M-UAV-02,M600,31.3062683,120.6025389,30.5,CONTINGENCY,,
825,825,EVTOL-01,EC35,31.2986369,120.5957220,199.9,BUSY,M-P-001,V2
825,825,L-UAV-01,AMZN,31.3041167,120.6012139,100.0,BUSY,M-L-001,V3
825,825,M-UAV-01,M600,31.3108767,120.6039862,30.5,AVAILABLE,,
825,825,M-UAV-02,M600,31.3062683,120.6025389,30.5,CONTINGENCY,,
826,826,EVTOL-01,EC35,31.2982742,120.5956998,199.9,BUSY,M-P-001,V2
826,826,L-UAV-01,AMZN,31.3042359,120.6012894,100.0,BUSY,M-L-001,V3
826,826,M-UAV-01,M600,31.3108767,120.6039862,30.5,AVAILABLE,,
826,826,M-UAV-02,M600,31.3062683,120.6025389,30.5,CONTINGENCY,,
827,827,EVTOL-01,EC35,31.2979115,120.5956776,199.9,BUSY,M-P-001,V1
827,827,L-UAV-01,AMZN,31.3043552,120.6013649,100.0,BUSY,M-L-001,V3
827,827,M-UAV-01,M600,31.3108767,120.6039862,30.5,AVAILABLE,,
827,827,M-UAV-02,M600,31.3062683,120.6025389,30.5,CONTINGENCY,,
828,828,EVTOL-01,EC35,31.2975490,120.5957035,199.9,BUSY,M-P-001,V1
828,828,L-UAV-01,AMZN,31.3044744,120.6014403,100.0,BUSY,M-L-001,V3
828,828,M-UAV-01,M600,31.3108767,120.6039862,30.5,AVAILABLE,,
828,828,M-UAV-02,M600,31.3062683,120.6025389,30.5,CONTINGENCY,,
829,829,EVTOL-01,EC35,31.2971913,120.5957772,199.9,BUSY,M-P-001,V1
829,829,L-UAV-01,AMZN,31.3045936,120.6015158,100.0,BUSY,M-L-001,V3
829,829,M-UAV-01,M600,31.3108767,120.6039862,30.5,AVAILABLE,,
829,829,M-UAV-02,M600,31.3062683,120.6025389,30.5,CONTINGENCY,,
830,830,EVTOL-01,EC35,31.2968431,120.5958977,199.9,BUSY,M-P-001,V1
830,830,L-UAV-01,AMZN,31.3047129,120.6015913,100.0,BUSY,M-L-001,V3
830,830,M-UAV-01,M600,31.3108767,120.6039862,30.5,AVAILABLE,,
830,830,M-UAV-02,M600,31.3062683,120.6025389,30.5,CONTINGENCY,,
831,831,EVTOL-01,EC35,31.2965086,120.5960635,199.9,BUSY,M-P-001,V1
831,831,L-UAV-01,AMZN,31.3048321,120.6016667,100.0,BUSY,M-L-001,V3
831,831,M-UAV-01,M600,31.3108767,120.6039862,30.5,AVAILABLE,,
831,831,M-UAV-02,M600,31.3062683,120.6025389,30.5,CONTINGENCY,,
832,832,EVTOL-01,EC35,31.2961924,120.5962725,199.9,BUSY,M-P-001,V1
832,832,L-UAV-01,AMZN,31.3049513,120.6017422,100.0,BUSY,M-L-001,V3
832,832,M-UAV-01,M600,31.3108767,120.6039862,30.5,AVAILABLE,,
832,832,M-UAV-02,M600,31.3062683,120.6025389,30.5,CONTINGENCY,,
833,833,EVTOL-01,EC35,31.2958983,120.5965219,199.9,BUSY,M-P-001,V1
833,833,L-UAV-01,AMZN,31.3050705,120.6018177,100.0,BUSY,M-L-001,V3
833,833,M-UAV-01,M600,31.3108767,120.6039862,30.5,AVAILABLE,,
833,833,M-UAV-02,M600,31.3062683,120.6025389,30.5,CONTINGENCY,,
834,834,EVTOL-01,EC35,31.2956302,120.5968086,199.9,BUSY,M-P-001,V1
834,834,L-UAV-01,AMZN,31.3051898,120.6018931,100.0,BUSY,M-L-001,V3
834,834,M-UAV-01,M600,31.3108767,120.6039862,30.5,AVAILABLE,,
834,834,M-UAV-02,M600,31.3062683,120.6025389,30.5,CONTINGENCY,,
835,835,EVTOL-01,EC35,31.2953915,120.5971290,199.9,BUSY,M-P-001,V1
835,835,L-UAV-01,AMZN,31.3053090,120.6019686,100.0,BUSY,M-L-001,V3
835,835,M-UAV-01,M600,31.3108767,120.6039862,30.5,AVAILABLE,,
835,835,M-UAV-02,M600,31.3062683,120.6025389,30.5,CONTINGENCY,,
836,836,EVTOL-01,EC35,31.2951853,120.5974788,199.9,BUSY,M-P-001,V1
836,836,L-UAV-01,AMZN,31.3054282,120.6020441,100.0,BUSY,M-L-001,V3
836,836,M-UAV-01,M600,31.3108767,120.6039862,30.5,AVAILABLE,,
836,836,M-UAV-02,M600,31.3062683,120.6025389,30.5,CONTINGENCY,,
837,837,EVTOL-01,EC35,31.2950141,120.5978537,199.9,BUSY,M-P-001,V1
837,837,L-UAV-01,AMZN,31.3055475,120.6021195,100.0,BUSY,M-L-001,V3
837,837,M-UAV-01,M600,31.3108767,120.6039862,30.5,AVAILABLE,,
837,837,M-UAV-02,M600,31.3062683,120.6025389,30.5,CONTINGENCY,,
838,838,EVTOL-01,EC35,31.2948803,120.5982488,199.9,BUSY,M-P-001,V1
838,838,L-UAV-01,AMZN,31.3056667,120.6021950,100.0,BUSY,M-L-001,V3
838,838,M-UAV-01,M600,31.3108767,120.6039862,30.5,AVAILABLE,,
838,838,M-UAV-02,M600,31.3062683,120.6025389,30.5,CONTINGENCY,,
839,839,EVTOL-01,EC35,31.2947854,120.5986591,199.9,BUSY,M-P-001,V1
839,839,L-UAV-01,AMZN,31.3057859,120.6022705,100.0,BUSY,M-L-001,V2
839,839,M-UAV-01,M600,31.3108767,120.6039862,30.5,AVAILABLE,,
839,839,M-UAV-02,M600,31.3062683,120.6025389,30.5,CONTINGENCY,,
840,840,EVTOL-01,EC35,31.2947308,120.5990793,199.9,BUSY,M-P-001,V1
840,840,L-UAV-01,AMZN,31.3059190,120.6023008,100.0,BUSY,M-L-001,V2
840,840,M-UAV-01,M600,31.3108767,120.6039862,30.5,AVAILABLE,,
840,840,M-UAV-02,M600,31.3062683,120.6025389,30.5,CONTINGENCY,,
841,841,EVTOL-01,EC35,31.2947171,120.5995040,199.9,BUSY,M-P-001,V1
841,841,L-UAV-01,AMZN,31.3060537,120.6022832,100.0,BUSY,M-L-001,V2
841,841,M-UAV-01,M600,31.3108767,120.6039862,30.5,AVAILABLE,,
841,841,M-UAV-02,M600,31.3062683,120.6025389,30.5,CONTINGENCY,,
842,842,EVTOL-01,EC35,31.2947445,120.5999278,199.9,BUSY,M-P-001,V1
842,842,L-UAV-01,AMZN,31.3061777,120.6022194,100.0,BUSY,M-L-001,V2
842,842,M-UAV-01,M600,31.3108767,120.6039862,30.5,AVAILABLE,,
842,842,M-UAV-02,M600,31.3062683,120.6025389,30.5,CONTINGENCY,,
843,843,EVTOL-01,EC35,31.2948126,120.6003453,199.9,BUSY,M-P-001,V1
843,843,L-UAV-01,AMZN,31.3062798,120.6021150,100.0,BUSY,M-L-001,V2
843,843,M-UAV-01,M600,31.3108767,120.6039862,30.5,AVAILABLE,,
843,843,M-UAV-02,M600,31.3062683,120.6025389,30.5,CONTINGENCY,,
844,844,EVTOL-01,EC35,31.2949206,120.6007511,199.9,BUSY,M-P-001,V1
844,844,L-UAV-01,AMZN,31.3063506,120.6019797,100.0,BUSY,M-L-001,V2
844,844,M-UAV-01,M600,31.3108767,120.6039862,30.5,AVAILABLE,,
844,844,M-UAV-02,M600,31.3062683,120.6025389,30.5,CONTINGENCY,,
845,845,EVTOL-01,EC35,31.2950671,120.6011400,199.9,BUSY,M-P-001,V1
845,845,L-UAV-01,AMZN,31.3063837,120.6018259,100.0,BUSY,M-L-001,V2
845,845,M-UAV-01,M600,31.3108767,120.6039862,30.5,AVAILABLE,,
845,845,M-UAV-02,M600,31.3062683,120.6025389,30.5,CONTINGENCY,,
846,846,EVTOL-01,EC35,31.2952502,120.6015071,199.9,BUSY,M-P-001,V1
846,846,L-UAV-01,AMZN,31.3063759,120.6016675,100.0,BUSY,M-L-001,V2
846,846,M-UAV-01,M600,31.3108767,120.6039862,30.5,AVAILABLE,,
846,846,M-UAV-02,M600,31.3062683,120.6025389,30.5,CONTINGENCY,,
847,847,EVTOL-01,EC35,31.2954676,120.6018476,199.9,BUSY,M-P-001,V1
847,847,L-UAV-01,AMZN,31.3063281,120.6015190,100.0,BUSY,M-L-001,V2
847,847,M-UAV-01,M600,31.3108767,120.6039862,30.5,AVAILABLE,,
847,847,M-UAV-02,M600,31.3062683,120.6025389,30.5,CONTINGENCY,,
848,848,EVTOL-01,EC35,31.2957165,120.6021572,199.9,BUSY,M-P-001,V1
848,848,L-UAV-01,AMZN,31.3062445,120.6013941,100.0,BUSY,M-L-001,V2
848,848,M-UAV-01,M600,31.3108767,120.6039862,30.5,AVAILABLE,,
848,848,M-UAV-02,M600,31.3062683,120.6025389,30.5,CONTINGENCY,,
849,849,EVTOL-01,EC35,31.2959936,120.6024319,199.9,BUSY,M-P-001,V1
849,849,L-UAV-01,AMZN,31.3061329,120.6013041,100.0,BUSY,M-L-001,V2
849,849,M-UAV-01,M600,31.3108767,120.6039862,30.5,AVAILABLE,,
849,849,M-UAV-02,M600,31.3062683,120.6025389,30.5,CONTINGENCY,,
850,850,EVTOL-01,EC35,31.2962955,120.6026681,199.9,BUSY,M-P-001,V1
850,850,L-UAV-01,AMZN,31.3060137,120.6012286,100.0,BUSY,M-L-001,V2
850,850,M-UAV-01,M600,31.3108767,120.6039862,30.5,AVAILABLE,,
850,850,M-UAV-02,M600,31.3062683,120.6025389,30.5,CONTINGENCY,,
851,851,EVTOL-01,EC35,31.2966183,120.6028630,199.9,BUSY,M-P-001,V1
851,851,L-UAV-01,AMZN,31.3058945,120.6011531,100.0,BUSY,M-L-001,V2
851,851,M-UAV-01,M600,31.3108767,120.6039862,30.5,AVAILABLE,,
851,851,M-UAV-02,M600,31.3062683,120.6025389,30.5,CONTINGENCY,,
852,852,EVTOL-01,EC35,31.2969578,120.6030139,199.9,BUSY,M-P-001,V1
852,852,L-UAV-01,AMZN,31.3057752,120.6010777,100.0,BUSY,M-L-001,V2
852,852,M-UAV-01,M600,31.3108767,120.6039862,30.5,AVAILABLE,,
852,852,M-UAV-02,M600,31.3062683,120.6025389,30.5,CONTINGENCY,,
853,853,EVTOL-01,EC35,31.2973097,120.6031189,199.9,BUSY,M-P-001,V1
853,853,L-UAV-01,AMZN,31.3056560,120.6010022,100.0,BUSY,M-L-001,V2
853,853,M-UAV-01,M600,31.3108767,120.6039862,30.5,AVAILABLE,,
853,853,M-UAV-02,M600,31.3062683,120.6025389,30.5,CONTINGENCY,,
854,854,EVTOL-01,EC35,31.2976696,120.6031768,199.9,BUSY,M-P-001,V1
854,854,L-UAV-01,AMZN,31.3055368,120.6009267,100.0,BUSY,M-L-001,V2
854,854,M-UAV-01,M600,31.3108767,120.6039862,30.5,AVAILABLE,,
854,854,M-UAV-02,M600,31.3062683,120.6025389,30.5,CONTINGENCY,,
855,855,EVTOL-01,EC35,31.2980323,120.6031990,199.9,BUSY,M-P-001,V1
855,855,L-UAV-01,AMZN,31.3054176,120.6008513,100.0,BUSY,M-L-001,V2
855,855,M-UAV-01,M600,31.3108767,120.6039862,30.5,AVAILABLE,,
855,855,M-UAV-02,M600,31.3062683,120.6025389,30.5,CONTINGENCY,,
856,856,EVTOL-01,EC35,31.2983949,120.6032212,199.9,BUSY,M-P-001,V1
856,856,L-UAV-01,AMZN,31.3052983,120.6007758,100.0,BUSY,M-L-001,V2
856,856,M-UAV-01,M600,31.3108767,120.6039862,30.5,AVAILABLE,,
856,856,M-UAV-02,M600,31.3062683,120.6025389,30.5,CONTINGENCY,,
857,857,EVTOL-01,EC35,31.2987576,120.6032435,199.9,BUSY,M-P-001,V1
857,857,L-UAV-01,AMZN,31.3051791,120.6007003,100.0,BUSY,M-L-001,V2
857,857,M-UAV-01,M600,31.3108767,120.6039862,30.5,AVAILABLE,,
857,857,M-UAV-02,M600,31.3062683,120.6025389,30.5,CONTINGENCY,,
858,858,EVTOL-01,EC35,31.2991203,120.6032657,199.9,BUSY,M-P-001,V1
858,858,L-UAV-01,AMZN,31.3050599,120.6006249,100.0,BUSY,M-L-001,V2
858,858,M-UAV-01,M600,31.3108767,120.6039862,30.5,AVAILABLE,,
858,858,M-UAV-02,M600,31.3062683,120.6025389,30.5,CONTINGENCY,,
859,859,EVTOL-01,EC35,31.2994830,120.6032879,199.9,BUSY,M-P-001,V1
859,859,L-UAV-01,AMZN,31.3049406,120.6005494,100.0,BUSY,M-L-001,V2
859,859,M-UAV-01,M600,31.3108767,120.6039862,30.5,AVAILABLE,,
859,859,M-UAV-02,M600,31.3062683,120.6025389,30.5,CONTINGENCY,,
860,860,EVTOL-01,EC35,31.2998457,120.6033101,199.9,BUSY,M-P-001,V1
860,860,L-UAV-01,AMZN,31.3048214,120.6004739,100.0,BUSY,M-L-001,V2
860,860,M-UAV-01,M600,31.3108767,120.6039862,30.5,AVAILABLE,,
860,860,M-UAV-02,M600,31.3062683,120.6025389,30.5,CONTINGENCY,,
861,861,EVTOL-01,EC35,31.3002084,120.6033324,199.9,BUSY,M-P-001,V1
861,861,L-UAV-01,AMZN,31.3047022,120.6003985,100.0,BUSY,M-L-001,V2
861,861,M-UAV-01,M600,31.3108767,120.6039862,30.5,AVAILABLE,,
861,861,M-UAV-02,M600,31.3062683,120.6025389,30.5,CONTINGENCY,,
862,862,EVTOL-01,EC35,31.3005711,120.6033546,199.9,BUSY,M-P-001,V1
862,862,L-UAV-01,AMZN,31.3045830,120.6003230,100.0,BUSY,M-L-001,V2
862,862,M-UAV-01,M600,31.3108767,120.6039862,30.5,AVAILABLE,,
862,862,M-UAV-02,M600,31.3062683,120.6025389,30.5,CONTINGENCY,,
863,863,EVTOL-01,EC35,31.3009338,120.6033768,199.9,BUSY,M-P-001,V1
863,863,L-UAV-01,AMZN,31.3044637,120.6002475,100.0,BUSY,M-L-001,V2
863,863,M-UAV-01,M600,31.3108767,120.6039862,30.5,AVAILABLE,,
863,863,M-UAV-02,M600,31.3062683,120.6025389,30.5,CONTINGENCY,,
864,864,EVTOL-01,EC35,31.3012965,120.6033990,199.9,BUSY,M-P-001,V1
864,864,L-UAV-01,AMZN,31.3043445,120.6001721,100.0,BUSY,M-L-001,V2
864,864,M-UAV-01,M600,31.3108767,120.6039862,30.5,AVAILABLE,,
864,864,M-UAV-02,M600,31.3062683,120.6025389,30.5,CONTINGENCY,,
865,865,EVTOL-01,EC35,31.3016592,120.6034213,199.9,BUSY,M-P-001,V1
865,865,L-UAV-01,AMZN,31.3042253,120.6000966,100.0,BUSY,M-L-001,V2
865,865,M-UAV-01,M600,31.3108767,120.6039862,30.5,AVAILABLE,,
865,865,M-UAV-02,M600,31.3062683,120.6025389,30.5,CONTINGENCY,,
866,866,EVTOL-01,EC35,31.3020219,120.6034435,199.9,BUSY,M-P-001,V1
866,866,L-UAV-01,AMZN,31.3041060,120.6000211,100.0,BUSY,M-L-001,V2
866,866,M-UAV-01,M600,31.3108767,120.6039862,30.5,AVAILABLE,,
866,866,M-UAV-02,M600,31.3062683,120.6025389,30.5,CONTINGENCY,,
867,867,EVTOL-01,EC35,31.3023846,120.6034657,199.9,BUSY,M-P-001,V1
867,867,L-UAV-01,AMZN,31.3039868,120.5999457,100.0,BUSY,M-L-001,V2
867,867,M-UAV-01,M600,31.3108767,120.6039862,30.5,AVAILABLE,,
867,867,M-UAV-02,M600,31.3062683,120.6025389,30.5,CONTINGENCY,,
868,868,EVTOL-01,EC35,31.3027473,120.6034879,199.9,BUSY,M-P-001,V1
868,868,L-UAV-01,AMZN,31.3038676,120.5998702,100.0,BUSY,M-L-001,V2
868,868,M-UAV-01,M600,31.3108767,120.6039862,30.5,AVAILABLE,,
868,868,M-UAV-02,M600,31.3062683,120.6025389,30.5,CONTINGENCY,,
869,869,EVTOL-01,EC35,31.3031100,120.6035102,199.9,BUSY,M-P-001,V1
869,869,L-UAV-01,AMZN,31.3037484,120.5997947,100.0,BUSY,M-L-001,V2
869,869,M-UAV-01,M600,31.3108767,120.6039862,30.5,AVAILABLE,,
869,869,M-UAV-02,M600,31.3062683,120.6025389,30.5,CONTINGENCY,,
870,870,EVTOL-01,EC35,31.3034727,120.6035324,199.9,BUSY,M-P-001,V1
870,870,L-UAV-01,AMZN,31.3036291,120.5997193,100.0,BUSY,M-L-001,V2
870,870,M-UAV-01,M600,31.3108767,120.6039862,30.5,AVAILABLE,,
870,870,M-UAV-02,M600,31.3062683,120.6025389,30.5,CONTINGENCY,,
871,871,EVTOL-01,EC35,31.3038353,120.6035546,199.9,BUSY,M-P-001,V1
871,871,L-UAV-01,AMZN,31.3035099,120.5996438,100.0,BUSY,M-L-001,V2
871,871,M-UAV-01,M600,31.3108767,120.6039862,30.5,AVAILABLE,,
871,871,M-UAV-02,M600,31.3062683,120.6025389,30.5,CONTINGENCY,,
872,872,EVTOL-01,EC35,31.3041980,120.6035768,199.9,BUSY,M-P-001,V1
872,872,L-UAV-01,AMZN,31.3033907,120.5995683,100.0,BUSY,M-L-001,V2
872,872,M-UAV-01,M600,31.3108767,120.6039862,30.5,AVAILABLE,,
872,872,M-UAV-02,M600,31.3062683,120.6025389,30.5,CONTINGENCY,,
873,873,EVTOL-01,EC35,31.3045607,120.6035991,199.9,BUSY,M-P-001,V1
873,873,L-UAV-01,AMZN,31.3032714,120.5994929,100.0,BUSY,M-L-001,V2
873,873,M-UAV-01,M600,31.3108767,120.6039862,30.5,AVAILABLE,,
873,873,M-UAV-02,M600,31.3062683,120.6025389,30.5,CONTINGENCY,,
874,874,EVTOL-01,EC35,31.3049234,120.6036213,199.9,BUSY,M-P-001,V1
874,874,L-UAV-01,AMZN,31.3031522,120.5994174,100.0,BUSY,M-L-001,V2
874,874,M-UAV-01,M600,31.3108767,120.6039862,30.5,AVAILABLE,,
874,874,M-UAV-02,M600,31.3062683,120.6025389,30.5,CONTINGENCY,,
875,875,EVTOL-01,EC35,31.3052861,120.6036435,199.9,BUSY,M-P-001,V1
875,875,L-UAV-01,AMZN,31.3030330,120.5993420,100.0,BUSY,M-L-001,V2
875,875,M-UAV-01,M600,31.3108767,120.6039862,30.5,AVAILABLE,,
875,875,M-UAV-02,M600,31.3062683,120.6025389,30.5,CONTINGENCY,,
876,876,EVTOL-01,EC35,31.3056488,120.6036657,199.9,BUSY,M-P-001,V1
876,876,L-UAV-01,AMZN,31.3029138,120.5992665,100.0,BUSY,M-L-001,V2
876,876,M-UAV-01,M600,31.3108767,120.6039862,30.5,AVAILABLE,,
876,876,M-UAV-02,M600,31.3062683,120.6025389,30.5,CONTINGENCY,,
877,877,EVTOL-01,EC35,31.3060115,120.6036880,199.9,BUSY,M-P-001,V1
877,877,L-UAV-01,AMZN,31.3027945,120.5991910,100.0,BUSY,M-L-001,V2
877,877,M-UAV-01,M600,31.3108767,120.6039862,30.5,AVAILABLE,,
877,877,M-UAV-02,M600,31.3062683,120.6025389,30.5,CONTINGENCY,,
878,878,EVTOL-01,EC35,31.3063742,120.6037102,199.9,BUSY,M-P-001,V1
878,878,L-UAV-01,AMZN,31.3026753,120.5991156,100.0,BUSY,M-L-001,V2
878,878,M-UAV-01,M600,31.3108767,120.6039862,30.5,AVAILABLE,,
878,878,M-UAV-02,M600,31.3062683,120.6025389,30.5,CONTINGENCY,,
879,879,EVTOL-01,EC35,31.3067369,120.6037324,199.9,BUSY,M-P-001,V1
879,879,L-UAV-01,AMZN,31.3025561,120.5990401,100.0,BUSY,M-L-001,V2
879,879,M-UAV-01,M600,31.3108767,120.6039862,30.5,AVAILABLE,,
879,879,M-UAV-02,M600,31.3062683,120.6025389,30.5,CONTINGENCY,,
880,880,EVTOL-01,EC35,31.3070996,120.6037547,199.9,BUSY,M-P-001,V1
880,880,L-UAV-01,AMZN,31.3024368,120.5989646,100.0,BUSY,M-L-001,V2
880,880,M-UAV-01,M600,31.3108767,120.6039862,30.5,AVAILABLE,,
880,880,M-UAV-02,M600,31.3062683,120.6025389,30.5,CONTINGENCY,,
881,881,EVTOL-01,EC35,31.3074623,120.6037769,199.9,BUSY,M-P-001,V1
881,881,L-UAV-01,AMZN,31.3023176,120.5988892,100.0,BUSY,M-L-001,V2
881,881,M-UAV-01,M600,31.3108767,120.6039862,30.5,AVAILABLE,,
881,881,M-UAV-02,M600,31.3062683,120.6025389,30.5,CONTINGENCY,,
882,882,EVTOL-01,EC35,31.3078250,120.6037991,199.9,BUSY,M-P-001,V1
882,882,L-UAV-01,AMZN,31.3021984,120.5988137,100.0,BUSY,M-L-001,V2
882,882,M-UAV-01,M600,31.3108767,120.6039862,30.5,AVAILABLE,,
882,882,M-UAV-02,M600,31.3062683,120.6025389,30.5,CONTINGENCY,,
883,883,EVTOL-01,EC35,31.3081877,120.6038213,199.9,BUSY,M-P-001,V1
883,883,L-UAV-01,AMZN,31.3020792,120.5987383,100.0,BUSY,M-L-001,V2
883,883,M-UAV-01,M600,31.3108767,120.6039862,30.5,AVAILABLE,,
883,883,M-UAV-02,M600,31.3062683,120.6025389,30.5,CONTINGENCY,,
884,884,EVTOL-01,EC35,31.3085504,120.6038436,199.9,BUSY,M-P-001,V1
884,884,L-UAV-01,AMZN,31.3019599,120.5986628,100.0,BUSY,M-L-001,V2
884,884,M-UAV-01,M600,31.3108767,120.6039862,30.5,AVAILABLE,,
884,884,M-UAV-02,M600,31.3062683,120.6025389,30.5,CONTINGENCY,,
885,885,EVTOL-01,EC35,31.3089131,120.6038658,199.9,BUSY,M-P-001,V1
885,885,L-UAV-01,AMZN,31.3018407,120.5985873,100.0,BUSY,M-L-001,V2
885,885,M-UAV-01,M600,31.3108767,120.6039862,30.5,AVAILABLE,,
885,885,M-UAV-02,M600,31.3062683,120.6025389,30.5,CONTINGENCY,,
886,886,EVTOL-01,EC35,31.3092758,120.6038880,199.9,BUSY,M-P-001,V1
886,886,L-UAV-01,AMZN,31.3017215,120.5985119,100.0,BUSY,M-L-001,V2
886,886,M-UAV-01,M600,31.3108767,120.6039862,30.5,AVAILABLE,,
886,886,M-UAV-02,M600,31.3062683,120.6025389,30.5,CONTINGENCY,,
887,887,EVTOL-01,EC35,31.3096384,120.6039103,199.9,BUSY,M-P-001,V1
887,887,L-UAV-01,AMZN,31.3016022,120.5984364,100.0,BUSY,M-L-001,V2
887,887,M-UAV-01,M600,31.3108767,120.6039862,30.5,AVAILABLE,,
887,887,M-UAV-02,M600,31.3062683,120.6025389,30.5,CONTINGENCY,,
888,888,EVTOL-01,EC35,31.3100011,120.6039325,199.9,BUSY,M-P-001,V2
888,888,L-UAV-01,AMZN,31.3014830,120.5983609,100.0,BUSY,M-L-001,V2
888,888,M-UAV-01,M600,31.3108767,120.6039862,30.5,AVAILABLE,,
888,888,M-UAV-02,M600,31.3062683,120.6025389,30.5,CONTINGENCY,,
889,889,EVTOL-01,EC35,31.3103637,120.6039066,199.9,BUSY,M-P-001,V2
889,889,L-UAV-01,AMZN,31.3013638,120.5982855,100.0,BUSY,M-L-001,V2
889,889,M-UAV-01,M600,31.3108767,120.6039862,30.5,AVAILABLE,,
889,889,M-UAV-02,M600,31.3062683,120.6025389,30.5,CONTINGENCY,,
890,890,EVTOL-01,EC35,31.3107214,120.6038330,199.9,BUSY,M-P-001,V2
890,890,L-UAV-01,AMZN,31.3012446,120.5982100,100.0,BUSY,M-L-001,V2
890,890,M-UAV-01,M600,31.3108767,120.6039862,30.5,AVAILABLE,,
890,890,M-UAV-02,M600,31.3062683,120.6025389,30.5,CONTINGENCY,,
891,891,EVTOL-01,EC35,31.3110696,120.6037125,199.9,BUSY,M-P-001,V2
891,891,L-UAV-01,AMZN,31.3011253,120.5981346,100.0,BUSY,M-L-001,V2
891,891,M-UAV-01,M600,31.3108767,120.6039862,30.5,AVAILABLE,,
891,891,M-UAV-02,M600,31.3062683,120.6025389,30.5,CONTINGENCY,,
892,892,EVTOL-01,EC35,31.3114041,120.6035467,199.9,BUSY,M-P-001,V2
892,892,L-UAV-01,AMZN,31.3010061,120.5980591,100.0,BUSY,M-L-001,V2
892,892,M-UAV-01,M600,31.3108767,120.6039862,30.5,AVAILABLE,,
892,892,M-UAV-02,M600,31.3062683,120.6025389,30.5,CONTINGENCY,,
893,893,EVTOL-01,EC35,31.3117204,120.6033377,199.9,BUSY,M-P-001,V2
893,893,L-UAV-01,AMZN,31.3008869,120.5979836,100.0,BUSY,M-L-001,V2
893,893,M-UAV-01,M600,31.3108767,120.6039862,30.5,AVAILABLE,,
893,893,M-UAV-02,M600,31.3062683,120.6025389,30.5,CONTINGENCY,,
894,894,EVTOL-01,EC35,31.3120145,120.6030883,199.9,BUSY,M-P-001,V2
894,894,L-UAV-01,AMZN,31.3007676,120.5979082,100.0,BUSY,M-L-001,V2
894,894,M-UAV-01,M600,31.3108767,120.6039862,30.5,AVAILABLE,,
894,894,M-UAV-02,M600,31.3062683,120.6025389,30.5,CONTINGENCY,,
895,895,EVTOL-01,EC35,31.3122826,120.6028015,199.9,BUSY,M-P-001,V2
895,895,L-UAV-01,AMZN,31.3006484,120.5978327,100.0,BUSY,M-L-001,V2
895,895,M-UAV-01,M600,31.3108767,120.6039862,30.5,AVAILABLE,,
895,895,M-UAV-02,M600,31.3062683,120.6025389,30.5,CONTINGENCY,,
896,896,EVTOL-01,EC35,31.3125213,120.6024812,199.9,BUSY,M-P-001,V2
896,896,L-UAV-01,AMZN,31.3005292,120.5977573,100.0,BUSY,M-L-001,V2
896,896,M-UAV-01,M600,31.3108767,120.6039862,30.5,AVAILABLE,,
896,896,M-UAV-02,M600,31.3062683,120.6025389,30.5,CONTINGENCY,,
897,897,EVTOL-01,EC35,31.3127276,120.6021313,199.9,BUSY,M-P-001,V2
897,897,L-UAV-01,AMZN,31.3004099,120.5976818,100.0,BUSY,M-L-001,V2
897,897,M-UAV-01,M600,31.3108767,120.6039862,30.5,AVAILABLE,,
897,897,M-UAV-02,M600,31.3062683,120.6025389,30.5,CONTINGENCY,,
898,898,EVTOL-01,EC35,31.3128988,120.6017563,199.9,BUSY,M-P-001,V2
898,898,L-UAV-01,AMZN,31.3002907,120.5976063,100.0,BUSY,M-L-001,V2
898,898,M-UAV-01,M600,31.3108767,120.6039862,30.5,AVAILABLE,,
898,898,M-UAV-02,M600,31.3062683,120.6025389,30.5,CONTINGENCY,,
899,899,EVTOL-01,EC35,31.3130327,120.6013612,199.9,BUSY,M-P-001,V2
899,899,L-UAV-01,AMZN,31.3001715,120.5975309,100.0,BUSY,M-L-001,V2
899,899,M-UAV-01,M600,31.3108767,120.6039862,30.5,AVAILABLE,,
899,899,M-UAV-02,M600,31.3062683,120.6025389,30.5,CONTINGENCY,,
900,900,EVTOL-01,EC35,31.3131275,120.6009508,199.9,BUSY,M-P-001,V2
900,900,L-UAV-01,AMZN,31.3000523,120.5974554,100.0,BUSY,M-L-001,V2
900,900,M-UAV-01,M600,31.3108767,120.6039862,30.5,AVAILABLE,,
900,900,M-UAV-02,M600,31.3062683,120.6025389,30.5,CONTINGENCY,,
