t,sim_time_s,aircraft_id,type,lat,lon,alt_m,status,mission_id,dest
1,1,EVTOL-01,EC35,31.3001949,120.5974752,199.9,BUSY,M-P-001,V1
1,1,L-UAV-01,AMZN,31.2996743,120.5975325,100.0,BUSY,M-L-001,V3
1,1,M-UAV-01,M600,31.3108767,120.6039862,98.5,AVAILABLE,,
1,1,M-UAV-02,M600,31.2971716,120.5956323,98.5,AVAILABLE,,
2,2,EVTOL-01,EC35,31.3005173,120.5976716,199.9,BUSY,M-P-001,V1
2,2,L-UAV-01,AMZN,31.2997882,120.5976190,100.0,BUSY,M-L-001,V3
2,2,M-UAV-01,M600,31.3108767,120.6039862,95.4,AVAILABLE,,
2,2,M-UAV-02,M600,31.2971716,120.5956323,95.4,AVAILABLE,,
3,3,EVTOL-01,EC35,31.3008396,120.5978681,199.9,BUSY,M-P-001,V1
3,3,L-UAV-01,AMZN,31.2999021,120.5977054,100.0,BUSY,M-L-001,V3
3,3,M-UAV-01,M600,31.3108767,120.6039862,90.8,AVAILABLE,,
3,3,M-UAV-02,M600,31.2971716,120.5956323,90.8,AVAILABLE,,
4,4,EVTOL-01,EC35,31.3011619,120.5980645,199.9,BUSY,M-P-001,V1
4,4,L-UAV-01,AMZN,31.3000160,120.5977919,100.0,BUSY,M-L-001,V3
4,4,M-UAV-01,M600,31.3108767,120.6039862,84.7,AVAILABLE,,
4,4,M-UAV-02,M600,31.2971716,120.5956323,84.7,AVAILABLE,,
5,5,EVTOL-01,EC35,31.3014842,120.5982609,199.9,BUSY,M-P-001,V1
5,5,L-UAV-01,AMZN,31.3001298,120.5978784,100.0,BUSY,M-L-001,V3
5,5,M-UAV-01,M600,31.3108767,120.6039862,77.1,AVAILABLE,,
5,5,M-UAV-02,M600,31.2971716,120.5956323,77.1,AVAILABLE,,
6,6,EVTOL-01,EC35,31.3018065,120.5984574,199.9,BUSY,M-P-001,V1
6,6,L-UAV-01,AMZN,31.3002437,120.5979648,100.0,BUSY,M-L-001,V3
6,6,M-UAV-01,M600,31.3108767,120.6039862,69.5,AVAILABLE,,
6,6,M-UAV-02,M600,31.2971716,120.5956323,69.5,AVAILABLE,,
7,7,EVTOL-01,EC35,31.3021289,120.5986538,199.9,BUSY,M-P-001,V1
7,7,L-UAV-01,AMZN,31.3003576,120.5980513,100.0,BUSY,M-L-001,V3
7,7,M-UAV-01,M600,31.3108767,120.6039862,61.9,AVAILABLE,,
7,7,M-UAV-02,M600,31.2971716,120.5956323,61.9,AVAILABLE,,
8,8,EVTOL-01,EC35,31.3024512,120.5988503,199.9,BUSY,M-P-001,V1
8,8,L-UAV-01,AMZN,31.3004715,120.5981377,100.0,BUSY,M-L-001,V3
8,8,M-UAV-01,M600,31.3108767,120.6039862,54.3,AVAILABLE,,
8,8,M-UAV-02,M600,31.2971716,120.5956323,54.3,AVAILABLE,,
9,9,EVTOL-01,EC35,31.3027735,120.5990467,199.9,BUSY,M-P-001,V1
9,9,L-UAV-01,AMZN,31.3005854,120.5982242,100.0,BUSY,M-L-001,V3
9,9,M-UAV-01,M600,31.3108767,120.6039862,46.6,AVAILABLE,,
9,9,M-UAV-02,M600,31.2971716,120.5956323,46.6,AVAILABLE,,
10,10,EVTOL-01,EC35,31.3030958,120.5992432,199.9,BUSY,M-P-001,V1
10,10,L-UAV-01,AMZN,31.3006993,120.5983106,100.0,BUSY,M-L-001,V3
10,10,M-UAV-01,M600,31.3108767,120.6039862,39.0,AVAILABLE,,
10,10,M-UAV-02,M600,31.2971716,120.5956323,39.0,AVAILABLE,,
11,11,EVTOL-01,EC35,31.3034181,120.5994397,199.9,BUSY,M-P-001,V1
11,11,L-UAV-01,AMZN,31.3008131,120.5983971,100.0,BUSY,M-L-001,V3
11,11,M-UAV-01,M600,31.3108767,120.6039862,31.4,AVAILABLE,,
11,11,M-UAV-02,M600,31.2971716,120.5956323,31.4,AVAILABLE,,
12,12,EVTOL-01,EC35,31.3037404,120.5996361,199.9,BUSY,M-P-001,V1
12,12,L-UAV-01,AMZN,31.3009270,120.5984836,100.0,BUSY,M-L-001,V3
12,12,M-UAV-01,M600,31.3108767,120.6039862,30.5,AVAILABLE,,
12,12,M-UAV-02,M600,31.2971716,120.5956323,30.5,AVAILABLE,,
13,13,EVTOL-01,EC35,31.3040628,120.5998326,199.9,BUSY,M-P-001,V1
13,13,L-UAV-01,AMZN,31.3010409,120.5985700,100.0,BUSY,M-L-001,V3
13,13,M-UAV-01,M600,31.3108767,120.6039862,30.5,AVAILABLE,,
13,13,M-UAV-02,M600,31.2971716,120.5956323,30.5,AVAILABLE,,
14,14,EVTOL-01,EC35,31.3043851,120.6000290,199.9,BUSY,M-P-001,V1
14,14,L-UAV-01,AMZN,31.3011548,120.5986565,100.0,BUSY,M-L-001,V3
14,14,M-UAV-01,M600,31.3108767,120.6039862,30.5,AVAILABLE,,
14,14,M-UAV-02,M600,31.2971716,120.5956323,30.5,AVAILABLE,,
15,15,EVTOL-01,EC35,31.3047074,120.6002255,199.9,BUSY,M-P-001,V1
15,15,L-UAV-01,AMZN,31.3012687,120.5987429,100.0,BUSY,M-L-001,V3
15,15,M-UAV-01,M600,31.3108767,120.6039862,30.5,AVAILABLE,,
15,15,M-UAV-02,M600,31.2971716,120.5956323,30.5,AVAILABLE,,
16,16,EVTOL-01,EC35,31.3050297,120.6004220,199.9,BUSY,M-P-001,V1
16,16,L-UAV-01,AMZN,31.3013825,120.5988294,100.0,BUSY,M-L-001,V3
16,16,M-UAV-01,M600,31.3108767,120.6039862,30.5,AVAILABLE,,
16,16,M-UAV-02,M600,31.2971716,120.5956323,30.5,AVAILABLE,,
17,17,EVTOL-01,EC35,31.3053520,120.6006184,199.9,BUSY,M-P-001,V1
17,17,L-UAV-01,AMZN,31.3014964,120.5989159,100.0,BUSY,M-L-001,V3
17,17,M-UAV-01,M600,31.3108767,120.6039862,30.5,AVAILABLE,,
17,17,M-UAV-02,M600,31.2971716,120.5956323,30.5,AVAILABLE,,
18,18,EVTOL-01,EC35,31.3056743,120.6008149,199.9,BUSY,M-P-001,V1
18,18,L-UAV-01,AMZN,31.3016103,120.5990023,100.0,BUSY,M-L-001,V3
18,18,M-UAV-01,M600,31.3108767,120.6039862,30.5,AVAILABLE,,
18,18,M-UAV-02,M600,31.2971716,120.5956323,30.5,AVAILABLE,,
19,19,EVTOL-01,EC35,31.3059967,120.6010113,199.9,BUSY,M-P-001,V1
19,19,L-UAV-01,AMZN,31.3017242,120.5990888,100.0,BUSY,M-L-001,V3
19,19,M-UAV-01,M600,31.3108767,120.6039862,30.5,AVAILABLE,,
19,19,M-UAV-02,M600,31.2971716,120.5956323,30.5,AVAILABLE,,
20,20,EVTOL-01,EC35,31.3063190,120.6012078,199.9,BUSY,M-P-001,V1
20,20,L-UAV-01,AMZN,31.3018381,120.5991752,100.0,BUSY,M-L-001,V3
20,20,M-UAV-01,M600,31.3108767,120.6039862,30.5,AVAILABLE,,
20,20,M-UAV-02,M600,31.2971716,120.5956323,30.5,AVAILABLE,,
21,21,EVTOL-01,EC35,31.3066413,120.6014043,199.9,BUSY,M-P-001,V1
21,21,L-UAV-01,AMZN,31.3019520,120.5992617,100.0,BUSY,M-L-001,V3
21,21,M-UAV-01,M600,31.3108767,120.6039862,30.5,AVAILABLE,,
21,21,M-UAV-02,M600,31.2971716,120.5956323,30.5,AVAILABLE,,
22,22,EVTOL-01,EC35,31.3069636,120.6016008,199.9,BUSY,M-P-001,V1
22,22,L-UAV-01,AMZN,31.3020658,120.5993482,100.0,BUSY,M-L-001,V3
22,22,M-UAV-01,M600,31.3108767,120.6039862,30.5,AVAILABLE,,
22,22,M-UAV-02,M600,31.2971716,120.5956323,30.5,AVAILABLE,,
23,23,EVTOL-01,EC35,31.3072859,120.6017972,199.9,BUSY,M-P-001,V1
23,23,L-UAV-01,AMZN,31.3021797,120.5994346,100.0,BUSY,M-L-001,V3
23,23,M-UAV-01,M600,31.3108767,120.6039862,30.5,AVAILABLE,,
23,23,M-UAV-02,M600,31.2971716,120.5956323,30.5,AVAILABLE,,
24,24,EVTOL-01,EC35,31.3076082,120.6019937,199.9,BUSY,M-P-001,V1
24,24,L-UAV-01,AMZN,31.3022936,120.5995211,100.0,BUSY,M-L-001,V3
24,24,M-UAV-01,M600,31.3108767,120.6039862,30.5,AVAILABLE,,
24,24,M-UAV-02,M600,31.2971716,120.5956323,30.5,AVAILABLE,,
25,25,EVTOL-01,EC35,31.3079306,120.6021902,199.9,BUSY,M-P-001,V1
25,25,L-UAV-01,AMZN,31.3024075,120.5996075,100.0,BUSY,M-L-001,V3
25,25,M-UAV-01,M600,31.3108767,120.6039862,30.5,AVAILABLE,,
25,25,M-UAV-02,M600,31.2971716,120.5956323,30.5,AVAILABLE,,
26,26,EVTOL-01,EC35,31.3082529,120.6023866,199.9,BUSY,M-P-001,V1
26,26,L-UAV-01,AMZN,31.3025214,120.5996940,100.0,BUSY,M-L-001,V3
26,26,M-UAV-01,M600,31.3108767,120.6039862,30.5,AVAILABLE,,
26,26,M-UAV-02,M600,31.2971716,120.5956323,30.5,AVAILABLE,,
27,27,EVTOL-01,EC35,31.3085752,120.6025831,199.9,BUSY,M-P-001,V1
27,27,L-UAV-01,AMZN,31.3026352,120.5997805,100.0,BUSY,M-L-001,V3
27,27,M-UAV-01,M600,31.3108767,120.6039862,30.5,AVAILABLE,,
27,27,M-UAV-02,M600,31.2971716,120.5956323,30.5,AVAILABLE,,
28,28,EVTOL-01,EC35,31.3088975,120.6027796,199.9,BUSY,M-P-001,V1
28,28,L-UAV-01,AMZN,31.3027491,120.5998669,100.0,BUSY,M-L-001,V3
28,28,M-UAV-01,M600,31.3108767,120.6039862,30.5,AVAILABLE,,
28,28,M-UAV-02,M600,31.2971716,120.5956323,30.5,AVAILABLE,,
29,29,EVTOL-01,EC35,31.3092198,120.6029761,199.9,BUSY,M-P-001,V1
29,29,L-UAV-01,AMZN,31.3028630,120.5999534,100.0,BUSY,M-L-001,V3
29,29,M-UAV-01,M600,31.3108767,120.6039862,30.5,AVAILABLE,,
29,29,M-UAV-02,M600,31.2971716,120.5956323,30.5,AVAILABLE,,
30,30,EVTOL-01,EC35,31.3095421,120.6031726,199.9,BUSY,M-P-001,V1
30,30,L-UAV-01,AMZN,31.3029769,120.6000399,100.0,BUSY,M-L-001,V3
30,30,M-UAV-01,M600,31.3108767,120.6039862,30.5,AVAILABLE,,
30,30,M-UAV-02,M600,31.2971716,120.5956323,30.5,AVAILABLE,,
31,31,EVTOL-01,EC35,31.3098644,120.6033690,199.9,BUSY,M-P-001,V1
31,31,L-UAV-01,AMZN,31.3030908,120.6001263,100.0,BUSY,M-L-001,V3
31,31,M-UAV-01,M600,31.3108767,120.6039862,30.5,AVAILABLE,,
31,31,M-UAV-02,M600,31.2971716,120.5956323,30.5,AVAILABLE,,
32,32,EVTOL-01,EC35,31.3101867,120.6035655,199.9,BUSY,M-P-001,V2
32,32,L-UAV-01,AMZN,31.3032046,120.6002128,100.0,BUSY,M-L-001,V3
32,32,M-UAV-01,M600,31.3108767,120.6039862,30.5,AVAILABLE,,
32,32,M-UAV-02,M600,31.2971716,120.5956323,30.5,AVAILABLE,,
33,33,EVTOL-01,EC35,31.3105258,120.6037180,199.9,BUSY,M-P-001,V2
33,33,L-UAV-01,AMZN,31.3033185,120.6002992,100.0,BUSY,M-L-001,V3
33,33,M-UAV-01,M600,31.3108767,120.6039862,30.5,AVAILABLE,,
33,33,M-UAV-02,M600,31.2971716,120.5956323,30.5,AVAILABLE,,
34,34,EVTOL-01,EC35,31.3108773,120.6038247,199.9,BUSY,M-P-001,V2
34,34,L-UAV-01,AMZN,31.3034324,120.6003857,100.0,BUSY,M-L-001,V3
34,34,M-UAV-01,M600,31.3108767,120.6039862,30.5,AVAILABLE,,
34,34,M-UAV-02,M600,31.2971716,120.5956323,30.5,AVAILABLE,,
35,35,EVTOL-01,EC35,31.3112369,120.6038842,199.9,BUSY,M-P-001,V2
35,35,L-UAV-01,AMZN,31.3035463,120.6004722,100.0,BUSY,M-L-001,V3
35,35,M-UAV-01,M600,31.3108767,120.6039862,30.5,AVAILABLE,,
35,35,M-UAV-02,M600,31.2971716,120.5956323,30.5,AVAILABLE,,
36,36,EVTOL-01,EC35,31.3116000,120.6038958,199.9,BUSY,M-P-001,V2
36,36,L-UAV-01,AMZN,31.3036602,120.6005586,100.0,BUSY,M-L-001,V3
36,36,M-UAV-01,M600,31.3108767,120.6039862,30.5,AVAILABLE,,
36,36,M-UAV-02,M600,31.2971716,120.5956323,30.5,AVAILABLE,,
37,37,EVTOL-01,EC35,31.3119618,120.6038593,199.9,BUSY,M-P-001,V2
37,37,L-UAV-01,AMZN,31.3037740,120.6006451,100.0,BUSY,M-L-001,V3
37,37,M-UAV-01,M600,31.3108767,120.6039862,30.5,AVAILABLE,,
37,37,M-UAV-02,M600,31.2971716,120.5956323,30.5,AVAILABLE,,
38,38,EVTOL-01,EC35,31.3123178,120.6037752,199.9,BUSY,M-P-001,V2
38,38,L-UAV-01,AMZN,31.3038879,120.6007316,100.0,BUSY,M-L-001,V3
38,38,M-UAV-01,M600,31.3108767,120.6039862,30.5,AVAILABLE,,
38,38,M-UAV-02,M600,31.2971716,120.5956323,30.5,AVAILABLE,,
39,39,EVTOL-01,EC35,31.3126634,120.6036445,199.9,BUSY,M-P-001,V2
39,39,L-UAV-01,AMZN,31.3040018,120.6008180,100.0,BUSY,M-L-001,V3
39,39,M-UAV-01,M600,31.3108767,120.6039862,30.5,AVAILABLE,,
39,39,M-UAV-02,M600,31.2971716,120.5956323,30.5,AVAILABLE,,
40,40,EVTOL-01,EC35,31.3129942,120.6034689,199.9,BUSY,M-P-001,V2
40,40,L-UAV-01,AMZN,31.3041157,120.6009045,100.0,BUSY,M-L-001,V3
40,40,M-UAV-01,M600,31.3108767,120.6039862,30.5,AVAILABLE,,
40,40,M-UAV-02,M600,31.2971716,120.5956323,30.5,AVAILABLE,,
41,41,EVTOL-01,EC35,31.3133059,120.6032508,199.9,BUSY,M-P-001,V2
41,41,L-UAV-01,AMZN,31.3042296,120.6009910,100.0,BUSY,M-L-001,V3
41,41,M-UAV-01,M600,31.3108767,120.6039862,30.5,AVAILABLE,,
41,41,M-UAV-02,M600,31.2971716,120.5956323,30.5,AVAILABLE,,
42,42,EVTOL-01,EC35,31.3135946,120.6029928,199.9,BUSY,M-P-001,V2
42,42,L-UAV-01,AMZN,31.3043434,120.6010774,100.0,BUSY,M-L-001,V3
42,42,M-UAV-01,M600,31.3108767,120.6039862,30.5,AVAILABLE,,
42,42,M-UAV-02,M600,31.2971716,120.5956323,30.5,AVAILABLE,,
43,43,EVTOL-01,EC35,31.3138565,120.6026982,199.9,BUSY,M-P-001,V2
43,43,L-UAV-01,AMZN,31.3044573,120.6011639,100.0,BUSY,M-L-001,V3
43,43,M-UAV-01,M600,31.3108767,120.6039862,30.5,AVAILABLE,,
43,43,M-UAV-02,M600,31.2971716,120.5956323,30.5,AVAILABLE,,
44,44,EVTOL-01,EC35,31.3140883,120.6023710,199.9,BUSY,M-P-001,V2
44,44,L-UAV-01,AMZN,31.3045712,120.6012504,100.0,BUSY,M-L-001,V3
44,44,M-UAV-01,M600,31.3108767,120.6039862,30.5,AVAILABLE,,
44,44,M-UAV-02,M600,31.2971716,120.5956323,30.5,AVAILABLE,,
45,45,EVTOL-01,EC35,31.3142870,120.6020151,199.9,BUSY,M-P-001,V2
45,45,L-UAV-01,AMZN,31.3046851,120.6013368,100.0,BUSY,M-L-001,V3
45,45,M-UAV-01,M600,31.3108767,120.6039862,30.5,AVAILABLE,,
45,45,M-UAV-02,M600,31.2971716,120.5956323,30.5,AVAILABLE,,
46,46,EVTOL-01,EC35,31.3144501,120.6016353,199.9,BUSY,M-P-001,V2
46,46,L-UAV-01,AMZN,31.3047990,120.6014233,100.0,BUSY,M-L-001,V3
46,46,M-UAV-01,M600,31.3108767,120.6039862,30.5,AVAILABLE,,
46,46,M-UAV-02,M600,31.2971716,120.5956323,30.5,AVAILABLE,,
47,47,EVTOL-01,EC35,31.3145755,120.6012363,199.9,BUSY,M-P-001,V2
47,47,L-UAV-01,AMZN,31.3049128,120.6015098,100.0,BUSY,M-L-001,V3
47,47,M-UAV-01,M600,31.3108767,120.6039862,30.5,AVAILABLE,,
47,47,M-UAV-02,M600,31.2971716,120.5956323,30.5,AVAILABLE,,
48,48,EVTOL-01,EC35,31.3146615,120.6008233,199.9,BUSY,M-P-001,V2
48,48,L-UAV-01,AMZN,31.3050267,120.6015962,100.0,BUSY,M-L-001,V3
48,48,M-UAV-01,M600,31.3108767,120.6039862,30.5,AVAILABLE,,
48,48,M-UAV-02,M600,31.2971716,120.5956323,30.5,AVAILABLE,,
49,49,EVTOL-01,EC35,31.3147072,120.6004015,199.9,BUSY,M-P-001,V2
49,49,L-UAV-01,AMZN,31.3051406,120.6016827,100.0,BUSY,M-L-001,V3
49,49,M-UAV-01,M600,31.3108767,120.6039862,30.5,AVAILABLE,,
49,49,M-UAV-02,M600,31.2971716,120.5956323,30.5,AVAILABLE,,
50,50,EVTOL-01,EC35,31.3147118,120.5999764,199.9,BUSY,M-P-001,V2
50,50,L-UAV-01,AMZN,31.3052545,120.6017692,100.0,BUSY,M-L-001,V3
50,50,M-UAV-01,M600,31.3108767,120.6039862,30.5,AVAILABLE,,
50,50,M-UAV-02,M600,31.2971716,120.5956323,30.5,AVAILABLE,,
51,51,EVTOL-01,EC35,31.3146754,120.5995535,199.9,BUSY,M-P-001,V2
51,51,L-UAV-01,AMZN,31.3053684,120.6018556,100.0,BUSY,M-L-001,V3
51,51,M-UAV-01,M600,31.3108767,120.6039862,30.5,AVAILABLE,,
51,51,M-UAV-02,M600,31.2971716,120.5956323,30.5,AVAILABLE,,
52,52,EVTOL-01,EC35,31.3145983,120.5991380,199.9,BUSY,M-P-001,V2
52,52,L-UAV-01,AMZN,31.3054822,120.6019421,100.0,BUSY,M-L-001,V3
52,52,M-UAV-01,M600,31.3108767,120.6039862,30.5,AVAILABLE,,
52,52,M-UAV-02,M600,31.2971716,120.5956323,30.5,AVAILABLE,,
53,53,EVTOL-01,EC35,31.3144817,120.5987354,199.9,BUSY,M-P-001,V2
53,53,L-UAV-01,AMZN,31.3055961,120.6020286,100.0,BUSY,M-L-001,V3
53,53,M-UAV-01,M600,31.3108767,120.6039862,30.5,AVAILABLE,,
53,53,M-UAV-02,M600,31.2971716,120.5956323,30.5,AVAILABLE,,
54,54,EVTOL-01,EC35,31.3143270,120.5983508,199.9,BUSY,M-P-001,V2
54,54,L-UAV-01,AMZN,31.3057100,120.6021150,100.0,BUSY,M-L-001,V3
54,54,M-UAV-01,M600,31.3108767,120.6039862,30.5,AVAILABLE,,
54,54,M-UAV-02,M600,31.2971716,120.5956323,30.5,AVAILABLE,,
55,55,EVTOL-01,EC35,31.3141361,120.5979891,199.9,BUSY,M-P-001,V2
55,55,L-UAV-01,AMZN,31.3058239,120.6022015,100.0,BUSY,M-L-001,V2
55,55,M-UAV-01,M600,31.3108767,120.6039862,30.5,AVAILABLE,,
55,55,M-UAV-02,M600,31.2971716,120.5956323,30.5,AVAILABLE,,
56,56,EVTOL-01,EC35,31.3139115,120.5976550,199.9,BUSY,M-P-001,V2
56,56,L-UAV-01,AMZN,31.3059544,120.6022441,100.0,BUSY,M-L-001,V2
56,56,M-UAV-01,M600,31.3108767,120.6039862,30.5,AVAILABLE,,
56,56,M-UAV-02,M600,31.2971716,120.5956323,30.5,AVAILABLE,,
57,57,EVTOL-01,EC35,31.3136561,120.5973528,199.9,BUSY,M-P-001,V2
57,57,L-UAV-01,AMZN,31.3060899,120.6022392,100.0,BUSY,M-L-001,V2
57,57,M-UAV-01,M600,31.3108767,120.6039862,30.5,AVAILABLE,,
57,57,M-UAV-02,M600,31.2971716,120.5956323,30.5,AVAILABLE,,
58,58,EVTOL-01,EC35,31.3133732,120.5970862,199.9,BUSY,M-P-001,V2
58,58,L-UAV-01,AMZN,31.3062179,120.6021871,100.0,BUSY,M-L-001,V2
58,58,M-UAV-01,M600,31.3108767,120.6039862,30.5,AVAILABLE,,
58,58,M-UAV-02,M600,31.2971716,120.5956323,30.5,AVAILABLE,,
59,59,EVTOL-01,EC35,31.3130663,120.5968588,199.9,BUSY,M-P-001,V2
59,59,L-UAV-01,AMZN,31.3063268,120.6020925,100.0,BUSY,M-L-001,V2
59,59,M-UAV-01,M600,31.3108767,120.6039862,30.5,AVAILABLE,,
59,59,M-UAV-02,M600,31.2971716,120.5956323,30.5,AVAILABLE,,
60,60,EVTOL-01,EC35,31.3127395,120.5966734,199.9,BUSY,M-P-001,V2
60,60,L-UAV-01,AMZN,31.3064066,120.6019643,100.0,BUSY,M-L-001,V2
60,60,M-UAV-01,M600,31.3108767,120.6039862,30.5,AVAILABLE,,
60,60,M-UAV-02,M600,31.2971716,120.5956323,30.5,AVAILABLE,,
61,61,EVTOL-01,EC35,31.3123969,120.5965325,199.9,BUSY,M-P-001,V2
61,61,L-UAV-01,AMZN,31.3064500,120.6018140,100.0,BUSY,M-L-001,V2
61,61,M-UAV-01,M600,31.3108767,120.6039862,30.5,AVAILABLE,,
61,61,M-UAV-02,M600,31.2971716,120.5956323,30.5,AVAILABLE,,
62,62,EVTOL-01,EC35,31.3120428,120.5964377,199.9,BUSY,M-P-001,V2
62,62,L-UAV-01,AMZN,31.3064530,120.6016554,100.0,BUSY,M-L-001,V2
62,62,M-UAV-01,M600,31.3108767,120.6039862,30.5,AVAILABLE,,
62,62,M-UAV-02,M600,31.2971716,120.5956323,30.5,AVAILABLE,,
63,63,EVTOL-01,EC35,31.3116819,120.5963904,199.9,BUSY,M-P-001,V2
63,63,L-UAV-01,AMZN,31.3064155,120.6015030,100.0,BUSY,M-L-001,V2
63,63,M-UAV-01,M600,31.3108767,120.6039862,30.5,AVAILABLE,,
63,63,M-UAV-02,M600,31.2971716,120.5956323,30.5,AVAILABLE,,
64,64,EVTOL-01,EC35,31.3113190,120.5963715,199.9,BUSY,M-P-001,V2
64,64,L-UAV-01,AMZN,31.3063407,120.6013706,100.0,BUSY,M-L-001,V2
64,64,M-UAV-01,M600,31.3108767,120.6039862,30.5,AVAILABLE,,
64,64,M-UAV-02,M600,31.2971716,120.5956323,30.5,AVAILABLE,,
65,65,EVTOL-01,EC35,31.3109562,120.5963525,199.9,BUSY,M-P-001,V2
65,65,L-UAV-01,AMZN,31.3062355,120.6012705,100.0,BUSY,M-L-001,V2
65,65,M-UAV-01,M600,31.3108767,120.6039862,30.5,AVAILABLE,,
65,65,M-UAV-02,M600,31.2971716,120.5956323,30.5,AVAILABLE,,
66,66,EVTOL-01,EC35,31.3105934,120.5963335,199.9,BUSY,M-P-001,V2
66,66,L-UAV-01,AMZN,31.3061159,120.6011960,100.0,BUSY,M-L-001,V2
66,66,M-UAV-01,M600,31.3108767,120.6039862,30.5,AVAILABLE,,
66,66,M-UAV-02,M600,31.2971716,120.5956323,30.5,AVAILABLE,,
67,67,EVTOL-01,EC35,31.3102305,120.5963146,199.9,BUSY,M-P-001,V2
67,67,L-UAV-01,AMZN,31.3059962,120.6011216,100.0,BUSY,M-L-001,V2
67,67,M-UAV-01,M600,31.3108767,120.6039862,30.5,AVAILABLE,,
67,67,M-UAV-02,M600,31.2971716,120.5956323,30.5,AVAILABLE,,
68,68,EVTOL-01,EC35,31.3098677,120.5962956,199.9,BUSY,M-P-001,V2
68,68,L-UAV-01,AMZN,31.3058765,120.6010471,100.0,BUSY,M-L-001,V2
68,68,M-UAV-01,M600,31.3108767,120.6039862,30.5,AVAILABLE,,
68,68,M-UAV-02,M600,31.2971716,120.5956323,30.5,AVAILABLE,,
69,69,EVTOL-01,EC35,31.3095049,120.5962767,199.9,BUSY,M-P-001,V2
69,69,L-UAV-01,AMZN,31.3057568,120.6009727,100.0,BUSY,M-L-001,V2
69,69,M-UAV-01,M600,31.3108767,120.6039862,30.5,AVAILABLE,,
69,69,M-UAV-02,M600,31.2971716,120.5956323,30.5,AVAILABLE,,
70,70,EVTOL-01,EC35,31.3091421,120.5962577,199.9,BUSY,M-P-001,V2
70,70,L-UAV-01,AMZN,31.3056371,120.6008982,100.0,BUSY,M-L-001,V2
70,70,M-UAV-01,M600,31.3108767,120.6039862,30.5,AVAILABLE,,
70,70,M-UAV-02,M600,31.2971716,120.5956323,30.5,AVAILABLE,,
71,71,EVTOL-01,EC35,31.3087792,120.5962387,199.9,BUSY,M-P-001,V2
71,71,L-UAV-01,AMZN,31.3055174,120.6008237,100.0,BUSY,M-L-001,V2
71,71,M-UAV-01,M600,31.3108767,120.6039862,30.5,AVAILABLE,,
71,71,M-UAV-02,M600,31.2971716,120.5956323,30.5,AVAILABLE,,
72,72,EVTOL-01,EC35,31.3084164,120.5962198,199.9,BUSY,M-P-001,V2
72,72,L-UAV-01,AMZN,31.3053977,120.6007493,100.0,BUSY,M-L-001,V2
72,72,M-UAV-01,M600,31.3108767,120.6039862,30.5,AVAILABLE,,
72,72,M-UAV-02,M600,31.2971716,120.5956323,30.5,AVAILABLE,,
73,73,EVTOL-01,EC35,31.3080536,120.5962008,199.9,BUSY,M-P-001,V2
73,73,L-UAV-01,AMZN,31.3052780,120.6006748,100.0,BUSY,M-L-001,V2
73,73,M-UAV-01,M600,31.3108767,120.6039862,30.5,AVAILABLE,,
73,73,M-UAV-02,M600,31.2971716,120.5956323,30.5,AVAILABLE,,
74,74,EVTOL-01,EC35,31.3076907,120.5961819,199.9,BUSY,M-P-001,V2
74,74,L-UAV-01,AMZN,31.3051583,120.6006004,100.0,BUSY,M-L-001,V2
74,74,M-UAV-01,M600,31.3108767,120.6039862,30.5,AVAILABLE,,
74,74,M-UAV-02,M600,31.2971716,120.5956323,30.5,AVAILABLE,,
75,75,EVTOL-01,EC35,31.3073279,120.5961629,199.9,BUSY,M-P-001,V2
75,75,L-UAV-01,AMZN,31.3050386,120.6005259,100.0,BUSY,M-L-001,V2
75,75,M-UAV-01,M600,31.3108767,120.6039862,30.5,AVAILABLE,,
75,75,M-UAV-02,M600,31.2971716,120.5956323,30.5,AVAILABLE,,
76,76,EVTOL-01,EC35,31.3069651,120.5961440,199.9,BUSY,M-P-001,V2
76,76,L-UAV-01,AMZN,31.3049190,120.6004515,100.0,BUSY,M-L-001,V2
76,76,M-UAV-01,M600,31.3108767,120.6039862,30.5,AVAILABLE,,
76,76,M-UAV-02,M600,31.2971716,120.5956323,30.5,AVAILABLE,,
77,77,EVTOL-01,EC35,31.3066023,120.5961250,199.9,BUSY,M-P-001,V2
77,77,L-UAV-01,AMZN,31.3047993,120.6003770,100.0,BUSY,M-L-001,V2
77,77,M-UAV-01,M600,31.3108767,120.6039862,30.5,AVAILABLE,,
77,77,M-UAV-02,M600,31.2971716,120.5956323,30.5,AVAILABLE,,
78,78,EVTOL-01,EC35,31.3062394,120.5961060,199.9,BUSY,M-P-001,V2
78,78,L-UAV-01,AMZN,31.3046796,120.6003025,100.0,BUSY,M-L-001,V2
78,78,M-UAV-01,M600,31.3108767,120.6039862,30.5,AVAILABLE,,
78,78,M-UAV-02,M600,31.2971716,120.5956323,30.5,AVAILABLE,,
79,79,EVTOL-01,EC35,31.3058766,120.5960871,199.9,BUSY,M-P-001,V2
79,79,L-UAV-01,AMZN,31.3045599,120.6002281,100.0,BUSY,M-L-001,V2
79,79,M-UAV-01,M600,31.3108767,120.6039862,30.5,AVAILABLE,,
79,79,M-UAV-02,M600,31.2971716,120.5956323,30.5,AVAILABLE,,
80,80,EVTOL-01,EC35,31.3055138,120.5960681,199.9,BUSY,M-P-001,V2
80,80,L-UAV-01,AMZN,31.3044402,120.6001536,100.0,BUSY,M-L-001,V2
80,80,M-UAV-01,M600,31.3108767,120.6039862,30.5,AVAILABLE,,
80,80,M-UAV-02,M600,31.2971716,120.5956323,30.5,AVAILABLE,,
81,81,EVTOL-01,EC35,31.3051509,120.5960492,199.9,BUSY,M-P-001,V2
81,81,L-UAV-01,AMZN,31.3043205,120.6000792,100.0,BUSY,M-L-001,V2
81,81,M-UAV-01,M600,31.3108767,120.6039862,30.5,AVAILABLE,,
81,81,M-UAV-02,M600,31.2971716,120.5956323,30.5,AVAILABLE,,
82,82,EVTOL-01,EC35,31.3047881,120.5960302,199.9,BUSY,M-P-001,V2
82,82,L-UAV-01,AMZN,31.3042008,120.6000047,100.0,BUSY,M-L-001,V2
82,82,M-UAV-01,M600,31.3108767,120.6039862,30.5,AVAILABLE,,
82,82,M-UAV-02,M600,31.2971716,120.5956323,30.5,AVAILABLE,,
83,83,EVTOL-01,EC35,31.3044253,120.5960113,199.9,BUSY,M-P-001,V2
83,83,L-UAV-01,AMZN,31.3040811,120.5999303,100.0,BUSY,M-L-001,V2
83,83,M-UAV-01,M600,31.3108767,120.6039862,30.5,AVAILABLE,,
83,83,M-UAV-02,M600,31.2971716,120.5956323,30.5,AVAILABLE,,
84,84,EVTOL-01,EC35,31.3040625,120.5959923,199.9,BUSY,M-P-001,V2
84,84,L-UAV-01,AMZN,31.3039614,120.5998558,100.0,BUSY,M-L-001,V2
84,84,M-UAV-01,M600,31.3108767,120.6039862,30.5,AVAILABLE,,
84,84,M-UAV-02,M600,31.2971716,120.5956323,30.5,AVAILABLE,,
85,85,EVTOL-01,EC35,31.3036996,120.5959734,199.9,BUSY,M-P-001,V2
85,85,L-UAV-01,AMZN,31.3038417,120.5997813,100.0,BUSY,M-L-001,V2
85,85,M-UAV-01,M600,31.3108767,120.6039862,30.5,AVAILABLE,,
85,85,M-UAV-02,M600,31.2971716,120.5956323,30.5,AVAILABLE,,
86,86,EVTOL-01,EC35,31.3033368,120.5959544,199.9,BUSY,M-P-001,V2
86,86,L-UAV-01,AMZN,31.3037221,120.5997069,100.0,BUSY,M-L-001,V2
86,86,M-UAV-01,M600,31.3108767,120.6039862,30.5,AVAILABLE,,
86,86,M-UAV-02,M600,31.2971716,120.5956323,30.5,AVAILABLE,,
87,87,EVTOL-01,EC35,31.3029740,120.5959354,199.9,BUSY,M-P-001,V2
87,87,L-UAV-01,AMZN,31.3036024,120.5996324,100.0,BUSY,M-L-001,V2
87,87,M-UAV-01,M600,31.3108767,120.6039862,30.5,AVAILABLE,,
87,87,M-UAV-02,M600,31.2971716,120.5956323,30.5,AVAILABLE,,
88,88,EVTOL-01,EC35,31.3026111,120.5959165,199.9,BUSY,M-P-001,V2
88,88,L-UAV-01,AMZN,31.3034827,120.5995580,100.0,BUSY,M-L-001,V2
88,88,M-UAV-01,M600,31.3108767,120.6039862,30.5,AVAILABLE,,
88,88,M-UAV-02,M600,31.2971716,120.5956323,30.5,AVAILABLE,,
89,89,EVTOL-01,EC35,31.3022483,120.5958975,199.9,BUSY,M-P-001,V2
89,89,L-UAV-01,AMZN,31.3033630,120.5994835,100.0,BUSY,M-L-001,V2
89,89,M-UAV-01,M600,31.3108767,120.6039862,30.5,AVAILABLE,,
89,89,M-UAV-02,M600,31.2971716,120.5956323,30.5,AVAILABLE,,
90,90,EVTOL-01,EC35,31.3018855,120.5958786,199.9,BUSY,M-P-001,V2
90,90,L-UAV-01,AMZN,31.3032433,120.5994091,100.0,BUSY,M-L-001,V2
90,90,M-UAV-01,M600,31.3108767,120.6039862,30.5,AVAILABLE,,
90,90,M-UAV-02,M600,31.2971716,120.5956323,30.5,AVAILABLE,,
91,91,EVTOL-01,EC35,31.3015226,120.5958596,199.9,BUSY,M-P-001,V2
91,91,L-UAV-01,AMZN,31.3031236,120.5993346,100.0,BUSY,M-L-001,V2
91,91,M-UAV-01,M600,31.3108767,120.6039862,30.5,AVAILABLE,,
91,91,M-UAV-02,M600,31.2971716,120.5956323,30.5,AVAILABLE,,
92,92,EVTOL-01,EC35,31.3011598,120.5958407,199.9,BUSY,M-P-001,V2
92,92,L-UAV-01,AMZN,31.3030039,120.5992601,100.0,BUSY,M-L-001,V2
92,92,M-UAV-01,M600,31.3108767,120.6039862,30.5,AVAILABLE,,
92,92,M-UAV-02,M600,31.2971716,120.5956323,30.5,AVAILABLE,,
93,93,EVTOL-01,EC35,31.3007970,120.5958217,199.9,BUSY,M-P-001,V2
93,93,L-UAV-01,AMZN,31.3028842,120.5991857,100.0,BUSY,M-L-001,V2
93,93,M-UAV-01,M600,31.3108767,120.6039862,30.5,AVAILABLE,,
93,93,M-UAV-02,M600,31.2971716,120.5956323,30.5,AVAILABLE,,
94,94,EVTOL-01,EC35,31.3004342,120.5958028,199.9,BUSY,M-P-001,V2
94,94,L-UAV-01,AMZN,31.3027645,120.5991112,100.0,BUSY,M-L-001,V2
94,94,M-UAV-01,M600,31.3108767,120.6039862,30.5,AVAILABLE,,
94,94,M-UAV-02,M600,31.2971716,120.5956323,30.5,AVAILABLE,,
95,95,EVTOL-01,EC35,31.3000713,120.5957838,199.9,BUSY,M-P-001,V2
95,95,L-UAV-01,AMZN,31.3026448,120.5990368,100.0,BUSY,M-L-001,V2
95,95,M-UAV-01,M600,31.3108767,120.6039862,30.5,AVAILABLE,,
95,95,M-UAV-02,M600,31.2971716,120.5956323,30.5,AVAILABLE,,
96,96,EVTOL-01,EC35,31.2997085,120.5957649,199.9,BUSY,M-P-001,V2
96,96,L-UAV-01,AMZN,31.3025251,120.5989623,100.0,BUSY,M-L-001,V2
96,96,M-UAV-01,M600,31.3108767,120.6039862,30.5,AVAILABLE,,
96,96,M-UAV-02,M600,31.2971716,120.5956323,30.5,AVAILABLE,,
97,97,EVTOL-01,EC35,31.2993457,120.5957459,199.9,BUSY,M-P-001,V2
97,97,L-UAV-01,AMZN,31.3024054,120.5988879,100.0,BUSY,M-L-001,V2
97,97,M-UAV-01,M600,31.3108767,120.6039862,30.5,AVAILABLE,,
97,97,M-UAV-02,M600,31.2971716,120.5956323,30.5,AVAILABLE,,
98,98,EVTOL-01,EC35,31.2989828,120.5957269,199.9,BUSY,M-P-001,V2
98,98,L-UAV-01,AMZN,31.3022858,120.5988134,100.0,BUSY,M-L-001,V2
98,98,M-UAV-01,M600,31.3108767,120.6039862,30.5,AVAILABLE,,
98,98,M-UAV-02,M600,31.2971716,120.5956323,30.5,AVAILABLE,,
99,99,EVTOL-01,EC35,31.2986200,120.5957080,199.9,BUSY,M-P-001,V2
99,99,L-UAV-01,AMZN,31.3021661,120.5987390,100.0,BUSY,M-L-001,V2
99,99,M-UAV-01,M600,31.3108767,120.6039862,30.5,AVAILABLE,,
99,99,M-UAV-02,M600,31.2971716,120.5956323,30.5,AVAILABLE,,
100,100,EVTOL-01,EC35,31.2982572,120.5956890,199.9,BUSY,M-P-001,V2
100,100,L-UAV-01,AMZN,31.3020464,120.5986645,100.0,BUSY,M-L-001,V2
100,100,M-UAV-01,M600,31.3108767,120.6039862,30.5,AVAILABLE,,
100,100,M-UAV-02,M600,31.2971716,120.5956323,30.5,AVAILABLE,,
101,101,EVTOL-01,EC35,31.2978944,120.5956701,199.9,BUSY,M-P-001,V1
101,101,L-UAV-01,AMZN,31.3019267,120.5985901,100.0,BUSY,M-L-001,V2
101,101,M-UAV-01,M600,31.3108767,120.6039862,30.5,AVAILABLE,,
101,101,M-UAV-02,M600,31.2971716,120.5956323,30.5,AVAILABLE,,
102,102,EVTOL-01,EC35,31.2975320,120.5956992,199.9,BUSY,M-P-001,V1
102,102,L-UAV-01,AMZN,31.3018070,120.5985156,100.0,BUSY,M-L-001,V2
102,102,M-UAV-01,M600,31.3108767,120.6039862,30.5,AVAILABLE,,
102,102,M-UAV-02,M600,31.2971716,120.5956323,30.5,AVAILABLE,,
103,103,EVTOL-01,EC35,31.2971748,120.5957761,199.9,BUSY,M-P-001,V1
103,103,L-UAV-01,AMZN,31.3016873,120.5984412,100.0,BUSY,M-L-001,V2
103,103,M-UAV-01,M600,31.3108767,120.6039862,30.5,AVAILABLE,,
103,103,M-UAV-02,M600,31.2971716,120.5956323,30.5,AVAILABLE,,
104,104,EVTOL-01,EC35,31.2968273,120.5958997,199.9,BUSY,M-P-001,V1
104,104,L-UAV-01,AMZN,31.3015676,120.5983667,100.0,BUSY,M-L-001,V2
104,104,M-UAV-01,M600,31.3108767,120.6039862,30.5,AVAILABLE,,
104,104,M-UAV-02,M600,31.2971716,120.5956323,30.5,AVAILABLE,,
105,105,EVTOL-01,EC35,31.2964940,120.5960685,199.9,BUSY,M-P-001,V1
105,105,L-UAV-01,AMZN,31.3014479,120.5982922,100.0,BUSY,M-L-001,V2
105,105,M-UAV-01,M600,31.3108767,120.6039862,30.5,AVAILABLE,,
105,105,M-UAV-02,M600,31.2971716,120.5956323,30.5,AVAILABLE,,
106,106,EVTOL-01,EC35,31.2961791,120.5962803,199.9,BUSY,M-P-001,V1
106,106,L-UAV-01,AMZN,31.3013282,120.5982178,100.0,BUSY,M-L-001,V2
106,106,M-UAV-01,M600,31.3108767,120.6039862,30.5,AVAILABLE,,
106,106,M-UAV-02,M600,31.2971716,120.5956323,30.5,AVAILABLE,,
107,107,EVTOL-01,EC35,31.2958867,120.5965323,199.9,BUSY,M-P-001,V1
107,107,L-UAV-01,AMZN,31.3012085,120.5981433,100.0,BUSY,M-L-001,V2
107,107,M-UAV-01,M600,31.3108767,120.6039862,30.5,AVAILABLE,,
107,107,M-UAV-02,M600,31.2971716,120.5956323,30.5,AVAILABLE,,
108,108,EVTOL-01,EC35,31.2956204,120.5968214,199.9,BUSY,M-P-001,V1
108,108,L-UAV-01,AMZN,31.3010888,120.5980689,100.0,BUSY,M-L-001,V2
108,108,M-UAV-01,M600,31.3108767,120.6039862,30.5,AVAILABLE,,
108,108,M-UAV-02,M600,31.2971716,120.5956323,30.5,AVAILABLE,,
109,109,EVTOL-01,EC35,31.2953838,120.5971439,199.9,BUSY,M-P-001,V1
109,109,L-UAV-01,AMZN,31.3009692,120.5979944,100.0,BUSY,M-L-001,V2
109,109,M-UAV-01,M600,31.3108767,120.6039862,30.5,AVAILABLE,,
109,109,M-UAV-02,M600,31.2971716,120.5956323,30.5,AVAILABLE,,
110,110,EVTOL-01,EC35,31.2951799,120.5974955,199.9,BUSY,M-P-001,V1
110,110,L-UAV-01,AMZN,31.3008495,120.5979200,100.0,BUSY,M-L-001,V2
110,110,M-UAV-01,M600,31.3108767,120.6039862,30.5,AVAILABLE,,
110,110,M-UAV-02,M600,31.2971716,120.5956323,30.5,AVAILABLE,,
111,111,EVTOL-01,EC35,31.2950112,120.5978719,199.9,BUSY,M-P-001,V1
111,111,L-UAV-01,AMZN,31.3007298,120.5978455,100.0,BUSY,M-L-001,V2
111,111,M-UAV-01,M600,31.3108767,120.6039862,30.5,AVAILABLE,,
111,111,M-UAV-02,M600,31.2971716,120.5956323,30.5,AVAILABLE,,
112,112,EVTOL-01,EC35,31.2948799,120.5982682,199.9,BUSY,M-P-001,V1
112,112,L-UAV-01,AMZN,31.3006101,120.5977711,100.0,BUSY,M-L-001,V2
112,112,M-UAV-01,M600,31.3108767,120.6039862,30.5,AVAILABLE,,
112,112,M-UAV-02,M600,31.2971716,120.5956323,30.5,AVAILABLE,,
113,113,EVTOL-01,EC35,31.2947877,120.5986793,199.9,BUSY,M-P-001,V1
113,113,L-UAV-01,AMZN,31.3004904,120.5976966,100.0,BUSY,M-L-001,V2
113,113,M-UAV-01,M600,31.3108767,120.6039862,30.5,AVAILABLE,,
113,113,M-UAV-02,M600,31.2971716,120.5956323,30.5,AVAILABLE,,
114,114,EVTOL-01,EC35,31.2947358,120.5991000,199.9,BUSY,M-P-001,V1
114,114,L-UAV-01,AMZN,31.3003707,120.5976222,100.0,BUSY,M-L-001,V2
114,114,M-UAV-01,M600,31.3108767,120.6039862,30.5,AVAILABLE,,
114,114,M-UAV-02,M600,31.2971716,120.5956323,30.5,AVAILABLE,,
115,115,EVTOL-01,EC35,31.2947249,120.5995249,199.9,BUSY,M-P-001,V1
115,115,L-UAV-01,AMZN,31.3002510,120.5975477,100.0,BUSY,M-L-001,V2
115,115,M-UAV-01,M600,31.3108767,120.6039862,30.5,AVAILABLE,,
115,115,M-UAV-02,M600,31.2971716,120.5956323,30.5,AVAILABLE,,
116,116,EVTOL-01,EC35,31.2947550,120.5999484,199.9,BUSY,M-P-001,V1
116,116,L-UAV-01,AMZN,31.3001313,120.5974733,100.0,BUSY,M-L-001,V2
116,116,M-UAV-01,M600,31.3108767,120.6039862,30.5,AVAILABLE,,
116,116,M-UAV-02,M600,31.2971716,120.5956323,30.5,AVAILABLE,,
117,117,EVTOL-01,EC35,31.2948259,120.6003653,199.9,BUSY,M-P-001,V1
117,117,L-UAV-01,AMZN,31.3000116,120.5973988,100.0,BUSY,M-L-001,V2
117,117,M-UAV-01,M600,31.3108767,120.6039862,30.5,AVAILABLE,,
117,117,M-UAV-02,M600,31.2971716,120.5956323,30.5,AVAILABLE,,
118,118,EVTOL-01,EC35,31.2949365,120.6007701,199.9,BUSY,M-P-001,V1
118,118,L-UAV-01,AMZN,31.2998919,120.5973244,100.0,BUSY,M-L-001,V2
118,118,M-UAV-01,M600,31.3108767,120.6039862,30.5,AVAILABLE,,
118,118,M-UAV-02,M600,31.2971716,120.5956323,30.5,AVAILABLE,,
119,119,EVTOL-01,EC35,31.2950855,120.6011577,199.9,BUSY,M-P-001,V1
119,119,L-UAV-01,AMZN,31.2997722,120.5972499,100.0,BUSY,M-L-001,V2
119,119,M-UAV-01,M600,31.3108767,120.6039862,30.5,AVAILABLE,,
119,119,M-UAV-02,M600,31.2971716,120.5956323,30.5,AVAILABLE,,
120,120,EVTOL-01,EC35,31.2952710,120.6015231,199.9,BUSY,M-P-001,V1
120,120,L-UAV-01,AMZN,31.2996525,120.5971755,100.0,BUSY,M-L-001,V2
120,120,M-UAV-01,M600,31.3108767,120.6039862,30.5,AVAILABLE,,
120,120,M-UAV-02,M600,31.2971716,120.5956323,30.5,AVAILABLE,,
121,121,EVTOL-01,EC35,31.2954906,120.6018617,199.9,BUSY,M-P-001,V1
121,121,L-UAV-01,AMZN,31.2995328,120.5971010,100.0,BUSY,M-L-001,V2
121,121,M-UAV-01,M600,31.3108767,120.6039862,30.5,AVAILABLE,,
121,121,M-UAV-02,M600,31.2971716,120.5956323,30.5,AVAILABLE,,
122,122,EVTOL-01,EC35,31.2957415,120.6021690,199.9,BUSY,M-P-001,V1
122,122,L-UAV-01,AMZN,31.2994132,120.5970266,100.0,BUSY,M-L-001,V2
122,122,M-UAV-01,M600,31.3108767,120.6039862,30.5,AVAILABLE,,
122,122,M-UAV-02,M600,31.2971716,120.5956323,30.5,AVAILABLE,,
123,123,EVTOL-01,EC35,31.2960204,120.6024412,199.9,BUSY,M-P-001,V1
123,123,L-UAV-01,AMZN,31.2992935,120.5969521,100.0,BUSY,M-L-001,V2
123,123,M-UAV-01,M600,31.3108767,120.6039862,30.5,AVAILABLE,,
123,123,M-UAV-02,M600,31.2971716,120.5956323,30.5,AVAILABLE,,
124,124,EVTOL-01,EC35,31.2963238,120.6026748,199.9,BUSY,M-P-001,V1
124,124,L-UAV-01,AMZN,31.2991738,120.5968777,100.0,BUSY,M-L-001,V2
124,124,M-UAV-01,M600,31.3108767,120.6039862,30.5,AVAILABLE,,
124,124,M-UAV-02,M600,31.2971716,120.5956323,30.5,AVAILABLE,,
125,125,EVTOL-01,EC35,31.2966479,120.6028668,199.9,BUSY,M-P-001,V1
125,125,L-UAV-01,AMZN,31.2990541,120.5968032,100.0,BUSY,M-L-001,V2
125,125,M-UAV-01,M600,31.3108767,120.6039862,30.5,AVAILABLE,,
125,125,M-UAV-02,M600,31.2971716,120.5956323,30.5,AVAILABLE,,
126,126,EVTOL-01,EC35,31.2969884,120.6030147,199.9,BUSY,M-P-001,V1
126,126,L-UAV-01,AMZN,31.2989344,120.5967288,100.0,BUSY,M-L-001,V2
126,126,M-UAV-01,M600,31.3108767,120.6039862,30.5,AVAILABLE,,
126,126,M-UAV-02,M600,31.2971716,120.5956323,30.5,AVAILABLE,,
127,127,EVTOL-01,EC35,31.2973410,120.6031166,199.9,BUSY,M-P-001,V1
127,127,L-UAV-01,AMZN,31.2988147,120.5966543,100.0,BUSY,M-L-001,V2
127,127,M-UAV-01,M600,31.3108767,120.6039862,30.5,AVAILABLE,,
127,127,M-UAV-02,M600,31.2971716,120.5956323,30.5,AVAILABLE,,
128,128,EVTOL-01,EC35,31.2977011,120.6031712,199.9,BUSY,M-P-001,V1
128,128,L-UAV-01,AMZN,31.2986950,120.5965799,100.0,BUSY,M-L-001,V2
128,128,M-UAV-01,M600,31.3108767,120.6039862,30.5,AVAILABLE,,
128,128,M-UAV-02,M600,31.2971716,120.5956323,30.5,AVAILABLE,,
129,129,EVTOL-01,EC35,31.2980638,120.6031937,199.9,BUSY,M-P-001,V1
129,129,L-UAV-01,AMZN,31.2985753,120.5965054,100.0,BUSY,M-L-001,V2
129,129,M-UAV-01,M600,31.3108767,120.6039862,30.5,AVAILABLE,,
129,129,M-UAV-02,M600,31.2971716,120.5956323,30.5,AVAILABLE,,
130,130,EVTOL-01,EC35,31.2984265,120.6032161,199.9,BUSY,M-P-001,V1
130,130,L-UAV-01,AMZN,31.2984556,120.5964310,100.0,BUSY,M-L-001,V2
130,130,M-UAV-01,M600,31.3108767,120.6039862,30.5,AVAILABLE,,
130,130,M-UAV-02,M600,31.2971716,120.5956323,30.5,AVAILABLE,,
131,131,EVTOL-01,EC35,31.2987892,120.6032385,199.9,BUSY,M-P-001,V1
131,131,L-UAV-01,AMZN,31.2983359,120.5963565,100.0,BUSY,M-L-001,V2
131,131,M-UAV-01,M600,31.3108767,120.6039862,30.5,AVAILABLE,,
131,131,M-UAV-02,M600,31.2971716,120.5956323,30.5,AVAILABLE,,
132,132,EVTOL-01,EC35,31.2991519,120.6032609,199.9,BUSY,M-P-001,V1
132,132,L-UAV-01,AMZN,31.2982162,120.5962821,100.0,BUSY,M-L-001,V2
132,132,M-UAV-01,M600,31.3108767,120.6039862,30.5,AVAILABLE,,
132,132,M-UAV-02,M600,31.2971716,120.5956323,30.5,AVAILABLE,,
133,133,EVTOL-01,EC35,31.2995146,120.6032834,199.9,BUSY,M-P-001,V1
133,133,L-UAV-01,AMZN,31.2980965,120.5962076,100.0,BUSY,M-L-001,V2
133,133,M-UAV-01,M600,31.3108767,120.6039862,30.5,AVAILABLE,,
133,133,M-UAV-02,M600,31.2971716,120.5956323,30.5,AVAILABLE,,
134,134,EVTOL-01,EC35,31.2998772,120.6033058,199.9,BUSY,M-P-001,V1
134,134,L-UAV-01,AMZN,31.2979768,120.5961332,100.0,BUSY,M-L-001,V2
134,134,M-UAV-01,M600,31.3108767,120.6039862,30.5,AVAILABLE,,
134,134,M-UAV-02,M600,31.2971716,120.5956323,30.5,AVAILABLE,,
135,135,EVTOL-01,EC35,31.3002399,120.6033282,199.9,BUSY,M-P-001,V1
135,135,L-UAV-01,AMZN,31.2978572,120.5960588,100.0,BUSY,M-L-001,V3
135,135,M-UAV-01,M600,31.3108767,120.6039862,30.5,AVAILABLE,,
135,135,M-UAV-02,M600,31.2971716,120.5956323,30.5,AVAILABLE,,
136,136,EVTOL-01,EC35,31.3006026,120.6033507,199.9,BUSY,M-P-001,V1
136,136,L-UAV-01,AMZN,31.2977239,120.5960296,100.0,BUSY,M-L-001,V3
136,136,M-UAV-01,M600,31.3108767,120.6039862,30.5,AVAILABLE,,
136,136,M-UAV-02,M600,31.2971716,120.5956323,30.5,AVAILABLE,,
137,137,EVTOL-01,EC35,31.3009653,120.6033731,199.9,BUSY,M-P-001,V1
137,137,L-UAV-01,AMZN,31.2975893,120.5960483,100.0,BUSY,M-L-001,V3
137,137,M-UAV-01,M600,31.3108767,120.6039862,30.5,AVAILABLE,,
137,137,M-UAV-02,M600,31.2971716,120.5956323,30.5,AVAILABLE,,
138,138,EVTOL-01,EC35,31.3013280,120.6033955,199.9,BUSY,M-P-001,V1
138,138,L-UAV-01,AMZN,31.2974656,120.5961132,100.0,BUSY,M-L-001,V3
138,138,M-UAV-01,M600,31.3108767,120.6039862,30.5,AVAILABLE,,
138,138,M-UAV-02,M600,31.2971716,120.5956323,30.5,AVAILABLE,,
139,139,EVTOL-01,EC35,31.3016907,120.6034180,199.9,BUSY,M-P-001,V1
139,139,L-UAV-01,AMZN,31.2973642,120.5962184,100.0,BUSY,M-L-001,V3
139,139,M-UAV-01,M600,31.3108767,120.6039862,30.5,AVAILABLE,,
139,139,M-UAV-02,M600,31.2971716,120.5956323,30.5,AVAILABLE,,
140,140,EVTOL-01,EC35,31.3020533,120.6034404,199.9,BUSY,M-P-001,V1
140,140,L-UAV-01,AMZN,31.2972942,120.5963543,100.0,BUSY,M-L-001,V3
140,140,M-UAV-01,M600,31.3108767,120.6039862,30.5,AVAILABLE,,
140,140,M-UAV-02,M600,31.2971716,120.5956323,30.5,AVAILABLE,,
141,141,EVTOL-01,EC35,31.3024160,120.6034628,199.9,BUSY,M-P-001,V1
141,141,L-UAV-01,AMZN,31.2972622,120.5965084,100.0,BUSY,M-L-001,V3
141,141,M-UAV-01,M600,31.3108767,120.6039862,30.5,AVAILABLE,,
141,141,M-UAV-02,M600,31.2971716,120.5956323,30.5,AVAILABLE,,
142,142,EVTOL-01,EC35,31.3027787,120.6034853,199.9,BUSY,M-P-001,V1
142,142,L-UAV-01,AMZN,31.2972709,120.5966667,100.0,BUSY,M-L-001,V3
142,142,M-UAV-01,M600,31.3108767,120.6039862,30.5,AVAILABLE,,
142,142,M-UAV-02,M600,31.2971716,120.5956323,30.5,AVAILABLE,,
143,143,EVTOL-01,EC35,31.3031414,120.6035077,199.9,BUSY,M-P-001,V1
143,143,L-UAV-01,AMZN,31.2973197,120.5968147,100.0,BUSY,M-L-001,V3
143,143,M-UAV-01,M600,31.3108767,120.6039862,30.5,AVAILABLE,,
143,143,M-UAV-02,M600,31.2971716,120.5956323,30.5,AVAILABLE,,
144,144,EVTOL-01,EC35,31.3035041,120.6035301,199.9,BUSY,M-P-001,V1
144,144,L-UAV-01,AMZN,31.2974040,120.5969389,100.0,BUSY,M-L-001,V3
144,144,M-UAV-01,M600,31.3108767,120.6039862,30.5,AVAILABLE,,
144,144,M-UAV-02,M600,31.2971716,120.5956323,30.5,AVAILABLE,,
145,145,EVTOL-01,EC35,31.3038668,120.6035525,199.9,BUSY,M-P-001,V1
145,145,L-UAV-01,AMZN,31.2975161,120.5970280,100.0,BUSY,M-L-001,V3
145,145,M-UAV-01,M600,31.3108767,120.6039862,30.5,AVAILABLE,,
145,145,M-UAV-02,M600,31.2971716,120.5956323,30.5,AVAILABLE,,
146,146,EVTOL-01,EC35,31.3042294,120.6035750,199.9,BUSY,M-P-001,V1
146,146,L-UAV-01,AMZN,31.2976353,120.5971035,100.0,BUSY,M-L-001,V3
146,146,M-UAV-01,M600,31.3108767,120.6039862,30.5,AVAILABLE,,
146,146,M-UAV-02,M600,31.2971716,120.5956323,30.5,AVAILABLE,,
147,147,EVTOL-01,EC35,31.3045921,120.6035974,199.9,BUSY,M-P-001,V1
147,147,L-UAV-01,AMZN,31.2977545,120.5971791,100.0,BUSY,M-L-001,V3
147,147,M-UAV-01,M600,31.3108767,120.6039862,30.5,AVAILABLE,,
147,147,M-UAV-02,M600,31.2971716,120.5956323,30.5,AVAILABLE,,
148,148,EVTOL-01,EC35,31.3049548,120.6036198,199.9,BUSY,M-P-001,V1
148,148,L-UAV-01,AMZN,31.2978737,120.5972546,100.0,BUSY,M-L-001,V3
148,148,M-UAV-01,M600,31.3108767,120.6039862,30.5,AVAILABLE,,
148,148,M-UAV-02,M600,31.2971716,120.5956323,30.5,AVAILABLE,,
149,149,EVTOL-01,EC35,31.3053175,120.6036423,199.9,BUSY,M-P-001,V1
149,149,L-UAV-01,AMZN,31.2979929,120.5973302,100.0,BUSY,M-L-001,V3
149,149,M-UAV-01,M600,31.3108767,120.6039862,30.5,AVAILABLE,,
149,149,M-UAV-02,M600,31.2971716,120.5956323,30.5,AVAILABLE,,
150,150,EVTOL-01,EC35,31.3056802,120.6036647,199.9,BUSY,M-P-001,V1
150,150,L-UAV-01,AMZN,31.2981121,120.5974057,100.0,BUSY,M-L-001,V3
150,150,M-UAV-01,M600,31.3108767,120.6039862,30.5,AVAILABLE,,
150,150,M-UAV-02,M600,31.2971716,120.5956323,30.5,AVAILABLE,,
151,151,EVTOL-01,EC35,31.3060429,120.6036871,199.9,BUSY,M-P-001,V1
151,151,L-UAV-01,AMZN,31.2982313,120.5974812,100.0,BUSY,M-L-001,V3
151,151,M-UAV-01,M600,31.3108767,120.6039862,30.5,AVAILABLE,,
151,151,M-UAV-02,M600,31.2971716,120.5956323,30.5,AVAILABLE,,
152,152,EVTOL-01,EC35,31.3064056,120.6037096,199.9,BUSY,M-P-001,V1
152,152,L-UAV-01,AMZN,31.2983505,120.5975568,100.0,BUSY,M-L-001,V3
152,152,M-UAV-01,M600,31.3108767,120.6039862,30.5,AVAILABLE,,
152,152,M-UAV-02,M600,31.2971716,120.5956323,30.5,AVAILABLE,,
153,153,EVTOL-01,EC35,31.3067682,120.6037320,199.9,BUSY,M-P-001,V1
153,153,L-UAV-01,AMZN,31.2984697,120.5976323,100.0,BUSY,M-L-001,V3
153,153,M-UAV-01,M600,31.3108767,120.6039862,30.5,AVAILABLE,,
153,153,M-UAV-02,M600,31.2971716,120.5956323,30.5,AVAILABLE,,
154,154,EVTOL-01,EC35,31.3071309,120.6037544,199.9,BUSY,M-P-001,V1
154,154,L-UAV-01,AMZN,31.2985889,120.5977079,100.0,BUSY,M-L-001,V3
154,154,M-UAV-01,M600,31.3108767,120.6039862,30.5,AVAILABLE,,
154,154,M-UAV-02,M600,31.2971716,120.5956323,30.5,AVAILABLE,,
155,155,EVTOL-01,EC35,31.3074936,120.6037769,199.9,BUSY,M-P-001,V1
155,155,L-UAV-01,AMZN,31.2987080,120.5977834,100.0,BUSY,M-L-001,V3
155,155,M-UAV-01,M600,31.3108767,120.6039862,30.5,AVAILABLE,,
155,155,M-UAV-02,M600,31.2971716,120.5956323,30.5,AVAILABLE,,
156,156,EVTOL-01,EC35,31.3078563,120.6037993,199.9,BUSY,M-P-001,V1
156,156,L-UAV-01,AMZN,31.2988272,120.5978590,100.0,BUSY,M-L-001,V3
156,156,M-UAV-01,M600,31.3108767,120.6039862,30.5,AVAILABLE,,
156,156,M-UAV-02,M600,31.2971716,120.5956323,30.5,AVAILABLE,,
157,157,EVTOL-01,EC35,31.3082190,120.6038217,199.9,BUSY,M-P-001,V1
157,157,L-UAV-01,AMZN,31.2989464,120.5979345,100.0,BUSY,M-L-001,V3
157,157,M-UAV-01,M600,31.3108767,120.6039862,30.5,AVAILABLE,,
157,157,M-UAV-02,M600,31.2971716,120.5956323,30.5,AVAILABLE,,
158,158,EVTOL-01,EC35,31.3085817,120.6038442,199.9,BUSY,M-P-001,V1
158,158,L-UAV-01,AMZN,31.2990656,120.5980100,100.0,BUSY,M-L-001,V3
158,158,M-UAV-01,M600,31.3108767,120.6039862,30.5,AVAILABLE,,
158,158,M-UAV-02,M600,31.2971716,120.5956323,30.5,AVAILABLE,,
159,159,EVTOL-01,EC35,31.3089443,120.6038666,199.9,BUSY,M-P-001,V1
159,159,L-UAV-01,AMZN,31.2991848,120.5980856,100.0,BUSY,M-L-001,V3
159,159,M-UAV-01,M600,31.3108767,120.6039862,30.5,AVAILABLE,,
159,159,M-UAV-02,M600,31.2971716,120.5956323,30.5,AVAILABLE,,
160,160,EVTOL-01,EC35,31.3093070,120.6038891,199.9,BUSY,M-P-001,V1
160,160,L-UAV-01,AMZN,31.2993040,120.5981611,100.0,BUSY,M-L-001,V3
160,160,M-UAV-01,M600,31.3108767,120.6039862,30.5,AVAILABLE,,
160,160,M-UAV-02,M600,31.2971716,120.5956323,30.5,AVAILABLE,,
161,161,EVTOL-01,EC35,31.3096697,120.6039115,199.9,BUSY,M-P-001,V1
161,161,L-UAV-01,AMZN,31.2994232,120.5982367,100.0,BUSY,M-L-001,V3
161,161,M-UAV-01,M600,31.3108767,120.6039862,30.5,AVAILABLE,,
161,161,M-UAV-02,M600,31.2971716,120.5956323,30.5,AVAILABLE,,
162,162,EVTOL-01,EC35,31.3100324,120.6039339,199.9,BUSY,M-P-001,V2
162,162,L-UAV-01,AMZN,31.2995424,120.5983122,100.0,BUSY,M-L-001,V3
162,162,M-UAV-01,M600,31.3108767,120.6039862,30.5,AVAILABLE,,
162,162,M-UAV-02,M600,31.2971716,120.5956323,30.5,AVAILABLE,,
163,163,EVTOL-01,EC35,31.3103949,120.6039082,199.9,BUSY,M-P-001,V2
163,163,L-UAV-01,AMZN,31.2996616,120.5983878,100.0,BUSY,M-L-001,V3
163,163,M-UAV-01,M600,31.3108767,120.6039862,30.5,AVAILABLE,,
163,163,M-UAV-02,M600,31.2971716,120.5956323,30.5,AVAILABLE,,
164,164,EVTOL-01,EC35,31.3107526,120.6038348,199.9,BUSY,M-P-001,V2
164,164,L-UAV-01,AMZN,31.2997808,120.5984633,100.0,BUSY,M-L-001,V3
164,164,M-UAV-01,M600,31.3108767,120.6039862,30.5,AVAILABLE,,
164,164,M-UAV-02,M600,31.2971716,120.5956323,30.5,AVAILABLE,,
165,165,EVTOL-01,EC35,31.3111010,120.6037145,199.9,BUSY,M-P-001,V2
165,165,L-UAV-01,AMZN,31.2999000,120.5985389,100.0,BUSY,M-L-001,V3
165,165,M-UAV-01,M600,31.3108767,120.6039862,30.5,AVAILABLE,,
165,165,M-UAV-02,M600,31.2971716,120.5956323,30.5,AVAILABLE,,
166,166,EVTOL-01,EC35,31.3114355,120.6035489,199.9,BUSY,M-P-001,V2
166,166,L-UAV-01,AMZN,31.3000191,120.5986144,100.0,BUSY,M-L-001,V3
166,166,M-UAV-01,M600,31.3108767,120.6039862,30.5,AVAILABLE,,
166,166,M-UAV-02,M600,31.2971716,120.5956323,30.5,AVAILABLE,,
167,167,EVTOL-01,EC35,31.3117519,120.6033401,199.9,BUSY,M-P-001,V2
167,167,L-UAV-01,AMZN,31.3001383,120.5986900,100.0,BUSY,M-L-001,V3
167,167,M-UAV-01,M600,31.3108767,120.6039862,30.5,AVAILABLE,,
167,167,M-UAV-02,M600,31.2971716,120.5956323,30.5,AVAILABLE,,
168,168,EVTOL-01,EC35,31.3120461,120.6030909,199.9,BUSY,M-P-001,V2
168,168,L-UAV-01,AMZN,31.3002575,120.5987655,100.0,BUSY,M-L-001,V3
168,168,M-UAV-01,M600,31.3108767,120.6039862,30.5,AVAILABLE,,
168,168,M-UAV-02,M600,31.2971716,120.5956323,30.5,AVAILABLE,,
169,169,EVTOL-01,EC35,31.3123143,120.6028043,199.9,BUSY,M-P-001,V2
169,169,L-UAV-01,AMZN,31.3003767,120.5988410,100.0,BUSY,M-L-001,V3
169,169,M-UAV-01,M600,31.3108767,120.6039862,30.5,AVAILABLE,,
169,169,M-UAV-02,M600,31.2971716,120.5956323,30.5,AVAILABLE,,
170,170,EVTOL-01,EC35,31.3125532,120.6024840,199.9,BUSY,M-P-001,V2
170,170,L-UAV-01,AMZN,31.3004959,120.5989166,100.0,BUSY,M-L-001,V3
170,170,M-UAV-01,M600,31.3108767,120.6039862,30.5,AVAILABLE,,
170,170,M-UAV-02,M600,31.2971716,120.5956323,30.5,AVAILABLE,,
171,171,EVTOL-01,EC35,31.3127596,120.6021342,199.9,BUSY,M-P-001,V2
171,171,L-UAV-01,AMZN,31.3006151,120.5989921,100.0,BUSY,M-L-001,V3
171,171,M-UAV-01,M600,31.3108767,120.6039862,30.5,AVAILABLE,,
171,171,M-UAV-02,M600,31.2971716,120.5956323,30.5,AVAILABLE,,
172,172,EVTOL-01,EC35,31.3129309,120.6017594,199.9,BUSY,M-P-001,V2
172,172,L-UAV-01,AMZN,31.3007343,120.5990677,100.0,BUSY,M-L-001,V3
172,172,M-UAV-01,M600,31.3108767,120.6039862,30.5,AVAILABLE,,
172,172,M-UAV-02,M600,31.2971716,120.5956323,30.5,AVAILABLE,,
173,173,EVTOL-01,EC35,31.3130650,120.6013643,199.9,BUSY,M-P-001,V2
173,173,L-UAV-01,AMZN,31.3008535,120.5991432,100.0,BUSY,M-L-001,V3
173,173,M-UAV-01,M600,31.3108767,120.6039862,30.5,AVAILABLE,,
173,173,M-UAV-02,M600,31.2971716,120.5956323,30.5,AVAILABLE,,
174,174,EVTOL-01,EC35,31.3131600,120.6009540,199.9,BUSY,M-P-001,V2
174,174,L-UAV-01,AMZN,31.3009727,120.5992188,100.0,BUSY,M-L-001,V3
174,174,M-UAV-01,M600,31.3108767,120.6039862,30.5,AVAILABLE,,
174,174,M-UAV-02,M600,31.2971716,120.5956323,30.5,AVAILABLE,,
175,175,EVTOL-01,EC35,31.3132149,120.6005338,199.9,BUSY,M-P-001,V2
175,175,L-UAV-01,AMZN,31.3010919,120.5992943,100.0,BUSY,M-L-001,V3
175,175,M-UAV-01,M600,31.3108767,120.6039862,30.5,AVAILABLE,,
175,175,M-UAV-02,M600,31.2971716,120.5956323,30.5,AVAILABLE,,
176,176,EVTOL-01,EC35,31.3132288,120.6001090,199.9,BUSY,M-P-001,V2
176,176,L-UAV-01,AMZN,31.3012110,120.5993699,100.0,BUSY,M-L-001,V3
176,176,M-UAV-01,M600,31.3108767,120.6039862,30.5,AVAILABLE,,
176,176,M-UAV-02,M600,31.2971716,120.5956323,30.5,AVAILABLE,,
177,177,EVTOL-01,EC35,31.3132016,120.5996851,199.9,BUSY,M-P-001,V2
177,177,L-UAV-01,AMZN,31.3013302,120.5994454,100.0,BUSY,M-L-001,V3
177,177,M-UAV-01,M600,31.3108767,120.6039862,30.5,AVAILABLE,,
177,177,M-UAV-02,M600,31.2971716,120.5956323,30.5,AVAILABLE,,
178,178,EVTOL-01,EC35,31.3131337,120.5992674,199.9,BUSY,M-P-001,V2
178,178,L-UAV-01,AMZN,31.3014494,120.5995210,100.0,BUSY,M-L-001,V3
178,178,M-UAV-01,M600,31.3108767,120.6039862,30.5,AVAILABLE,,
178,178,M-UAV-02,M600,31.2971716,120.5956323,30.5,AVAILABLE,,
179,179,EVTOL-01,EC35,31.3130259,120.5988615,199.9,BUSY,M-P-001,V2
179,179,L-UAV-01,AMZN,31.3015686,120.5995965,100.0,BUSY,M-L-001,V3
179,179,M-UAV-01,M600,31.3108767,120.6039862,30.5,AVAILABLE,,
179,179,M-UAV-02,M600,31.2971716,120.5956323,30.5,AVAILABLE,,
180,180,EVTOL-01,EC35,31.3128796,120.5984724,199.9,BUSY,M-P-001,V2
180,180,L-UAV-01,AMZN,31.3016878,120.5996721,100.0,BUSY,M-L-001,V3
180,180,M-UAV-01,M600,31.3108767,120.6039862,30.5,AVAILABLE,,
180,180,M-UAV-02,M600,31.2971716,120.5956323,30.5,AVAILABLE,,
181,181,EVTOL-01,EC35,31.3126966,120.5981051,199.9,BUSY,M-P-001,V2
181,181,L-UAV-01,AMZN,31.3018070,120.5997476,100.0,BUSY,M-L-001,V3
181,181,M-UAV-01,M600,31.3108767,120.6039862,30.5,AVAILABLE,,
181,181,M-UAV-02,M600,31.2971716,120.5956323,30.5,AVAILABLE,,
182,182,EVTOL-01,EC35,31.3124794,120.5977644,199.9,BUSY,M-P-001,V2
182,182,L-UAV-01,AMZN,31.3019262,120.5998232,100.0,BUSY,M-L-001,V3
182,182,M-UAV-01,M600,31.3108767,120.6039862,30.5,AVAILABLE,,
182,182,M-UAV-02,M600,31.2971716,120.5956323,30.5,AVAILABLE,,
183,183,EVTOL-01,EC35,31.3122307,120.5974546,199.9,BUSY,M-P-001,V2
183,183,L-UAV-01,AMZN,31.3020454,120.5998987,100.0,BUSY,M-L-001,V3
183,183,M-UAV-01,M600,31.3108767,120.6039862,30.5,AVAILABLE,,
183,183,M-UAV-02,M600,31.2971716,120.5956323,30.5,AVAILABLE,,
184,184,EVTOL-01,EC35,31.3119537,120.5971797,199.9,BUSY,M-P-001,V2
184,184,L-UAV-01,AMZN,31.3021646,120.5999743,100.0,BUSY,M-L-001,V3
184,184,M-UAV-01,M600,31.3108767,120.6039862,30.5,AVAILABLE,,
184,184,M-UAV-02,M600,31.2971716,120.5956323,30.5,AVAILABLE,,
185,185,EVTOL-01,EC35,31.3116519,120.5969432,199.9,BUSY,M-P-001,V2
185,185,L-UAV-01,AMZN,31.3022837,120.6000498,100.0,BUSY,M-L-001,V3
185,185,M-UAV-01,M600,31.3108767,120.6039862,30.5,AVAILABLE,,
185,185,M-UAV-02,M600,31.2971716,120.5956323,30.5,AVAILABLE,,
186,186,EVTOL-01,EC35,31.3113292,120.5967481,199.9,BUSY,M-P-001,V2
186,186,L-UAV-01,AMZN,31.3024029,120.6001254,100.0,BUSY,M-L-001,V3
186,186,M-UAV-01,M600,31.3108767,120.6039862,30.5,AVAILABLE,,
186,186,M-UAV-02,M600,31.2971716,120.5956323,30.5,AVAILABLE,,
187,187,EVTOL-01,EC35,31.3109898,120.5965969,199.9,BUSY,M-P-001,V2
187,187,L-UAV-01,AMZN,31.3025221,120.6002009,100.0,BUSY,M-L-001,V3
187,187,M-UAV-01,M600,31.3108767,120.6039862,30.5,AVAILABLE,,
187,187,M-UAV-02,M600,31.2971716,120.5956323,30.5,AVAILABLE,,
188,188,EVTOL-01,EC35,31.3106379,120.5964916,199.9,BUSY,M-P-001,V2
188,188,L-UAV-01,AMZN,31.3026413,120.6002765,100.0,BUSY,M-L-001,V3
188,188,M-UAV-01,M600,31.3108767,120.6039862,30.5,AVAILABLE,,
188,188,M-UAV-02,M600,31.2971716,120.5956323,30.5,AVAILABLE,,
189,189,EVTOL-01,EC35,31.3102781,120.5964335,199.9,BUSY,M-P-001,V2
189,189,L-UAV-01,AMZN,31.3027605,120.6003520,100.0,BUSY,M-L-001,V3
189,189,M-UAV-01,M600,31.3108767,120.6039862,30.5,AVAILABLE,,
189,189,M-UAV-02,M600,31.2971716,120.5956323,30.5,AVAILABLE,,
190,190,EVTOL-01,EC35,31.3099154,120.5964114,199.9,BUSY,M-P-001,V2
190,190,L-UAV-01,AMZN,31.3028797,120.6004276,100.0,BUSY,M-L-001,V3
190,190,M-UAV-01,M600,31.3108767,120.6039862,30.5,AVAILABLE,,
190,190,M-UAV-02,M600,31.2971716,120.5956323,30.5,AVAILABLE,,
191,191,EVTOL-01,EC35,31.3095528,120.5963892,199.9,BUSY,M-P-001,V2
191,191,L-UAV-01,AMZN,31.3029989,120.6005031,100.0,BUSY,M-L-001,V3
191,191,M-UAV-01,M600,31.3108767,120.6039862,30.5,AVAILABLE,,
191,191,M-UAV-02,M600,31.2971716,120.5956323,30.5,AVAILABLE,,
192,192,EVTOL-01,EC35,31.3091901,120.5963670,199.9,BUSY,M-P-001,V2
192,192,L-UAV-01,AMZN,31.3031181,120.6005787,100.0,BUSY,M-L-001,V3
192,192,M-UAV-01,M600,31.3108767,120.6039862,30.5,AVAILABLE,,
192,192,M-UAV-02,M600,31.2971716,120.5956323,30.5,AVAILABLE,,
193,193,EVTOL-01,EC35,31.3088274,120.5963448,199.9,BUSY,M-P-001,V2
193,193,L-UAV-01,AMZN,31.3032373,120.6006542,100.0,BUSY,M-L-001,V3
193,193,M-UAV-01,M600,31.3108767,120.6039862,30.5,AVAILABLE,,
193,193,M-UAV-02,M600,31.2971716,120.5956323,30.5,AVAILABLE,,
194,194,EVTOL-01,EC35,31.3084647,120.5963227,199.9,BUSY,M-P-001,V2
194,194,L-UAV-01,AMZN,31.3033564,120.6007298,100.0,BUSY,M-L-001,V3
194,194,M-UAV-01,M600,31.3108767,120.6039862,30.5,AVAILABLE,,
194,194,M-UAV-02,M600,31.2971716,120.5956323,30.5,AVAILABLE,,
195,195,EVTOL-01,EC35,31.3081020,120.5963005,199.9,BUSY,M-P-001,V2
195,195,L-UAV-01,AMZN,31.3034756,120.6008053,100.0,BUSY,M-L-001,V3
195,195,M-UAV-01,M600,31.3108767,120.6039862,30.5,AVAILABLE,,
195,195,M-UAV-02,M600,31.2971716,120.5956323,30.5,AVAILABLE,,
196,196,EVTOL-01,EC35,31.3077393,120.5962783,199.9,BUSY,M-P-001,V2
196,196,L-UAV-01,AMZN,31.3035948,120.6008809,100.0,BUSY,M-L-001,V3
196,196,M-UAV-01,M600,31.3108767,120.6039862,30.5,AVAILABLE,,
196,196,M-UAV-02,M600,31.2971716,120.5956323,30.5,AVAILABLE,,
197,197,EVTOL-01,EC35,31.3073766,120.5962561,199.9,BUSY,M-P-001,V2
197,197,L-UAV-01,AMZN,31.3037140,120.6009564,100.0,BUSY,M-L-001,V3
197,197,M-UAV-01,M600,31.3108767,120.6039862,30.5,AVAILABLE,,
197,197,M-UAV-02,M600,31.2971716,120.5956323,30.5,AVAILABLE,,
198,198,EVTOL-01,EC35,31.3070139,120.5962340,199.9,BUSY,M-P-001,V2
198,198,L-UAV-01,AMZN,31.3038332,120.6010320,100.0,BUSY,M-L-001,V3
198,198,M-UAV-01,M600,31.3108767,120.6039862,30.5,AVAILABLE,,
198,198,M-UAV-02,M600,31.2971716,120.5956323,30.5,AVAILABLE,,
199,199,EVTOL-01,EC35,31.3066512,120.5962118,199.9,BUSY,M-P-001,V2
199,199,L-UAV-01,AMZN,31.3039524,120.6011075,100.0,BUSY,M-L-001,V3
199,199,M-UAV-01,M600,31.3108767,120.6039862,30.5,AVAILABLE,,
199,199,M-UAV-02,M600,31.2971716,120.5956323,30.5,AVAILABLE,,
200,200,EVTOL-01,EC35,31.3062885,120.5961896,199.9,BUSY,M-P-001,V2
200,200,L-UAV-01,AMZN,31.3040716,120.6011831,100.0,BUSY,M-L-001,V3
200,200,M-UAV-01,M600,31.3108767,120.6039862,30.5,AVAILABLE,,
200,200,M-UAV-02,M600,31.2971716,120.5956323,30.5,AVAILABLE,,
201,201,EVTOL-01,EC35,31.3059258,120.5961674,199.9,BUSY,M-P-001,V2
201,201,L-UAV-01,AMZN,31.3041908,120.6012586,100.0,BUSY,M-L-001,V3
201,201,M-UAV-01,M600,31.3108767,120.6039862,30.5,AVAILABLE,,
201,201,M-UAV-02,M600,31.2971716,120.5956323,30.5,AVAILABLE,,
202,202,EVTOL-01,EC35,31.3055631,120.5961453,199.9,BUSY,M-P-001,V2
202,202,L-UAV-01,AMZN,31.3043100,120.6013342,100.0,BUSY,M-L-001,V3
202,202,M-UAV-01,M600,31.3108767,120.6039862,30.5,AVAILABLE,,
202,202,M-UAV-02,M600,31.2971716,120.5956323,30.5,AVAILABLE,,
203,203,EVTOL-01,EC35,31.3052004,120.5961231,199.9,BUSY,M-P-001,V2
203,203,L-UAV-01,AMZN,31.3044291,120.6014097,100.0,BUSY,M-L-001,V3
203,203,M-UAV-01,M600,31.3108767,120.6039862,30.5,AVAILABLE,,
203,203,M-UAV-02,M600,31.2971716,120.5956323,30.5,AVAILABLE,,
204,204,EVTOL-01,EC35,31.3048377,120.5961009,199.9,BUSY,M-P-001,V2
204,204,L-UAV-01,AMZN,31.3045483,120.6014853,100.0,BUSY,M-L-001,V3
204,204,M-UAV-01,M600,31.3108767,120.6039862,30.5,AVAILABLE,,
204,204,M-UAV-02,M600,31.2971716,120.5956323,30.5,AVAILABLE,,
205,205,EVTOL-01,EC35,31.3044750,120.5960788,199.9,BUSY,M-P-001,V2
205,205,L-UAV-01,AMZN,31.3046675,120.6015608,100.0,BUSY,M-L-001,V3
205,205,M-UAV-01,M600,31.3108767,120.6039862,30.5,AVAILABLE,,
205,205,M-UAV-02,M600,31.2971716,120.5956323,30.5,AVAILABLE,,
206,206,EVTOL-01,EC35,31.3041123,120.5960566,199.9,BUSY,M-P-001,V2
206,206,L-UAV-01,AMZN,31.3047867,120.6016364,100.0,BUSY,M-L-001,V3
206,206,M-UAV-01,M600,31.3108767,120.6039862,30.5,AVAILABLE,,
206,206,M-UAV-02,M600,31.2971716,120.5956323,30.5,AVAILABLE,,
207,207,EVTOL-01,EC35,31.3037496,120.5960344,199.9,BUSY,M-P-001,V2
207,207,L-UAV-01,AMZN,31.3049059,120.6017119,100.0,BUSY,M-L-001,V3
207,207,M-UAV-01,M600,31.3108767,120.6039862,30.5,AVAILABLE,,
207,207,M-UAV-02,M600,31.2971716,120.5956323,30.5,AVAILABLE,,
208,208,EVTOL-01,EC35,31.3033869,120.5960122,199.9,BUSY,M-P-001,V2
208,208,L-UAV-01,AMZN,31.3050251,120.6017875,100.0,BUSY,M-L-001,V3
208,208,M-UAV-01,M600,31.3108767,120.6039862,30.5,AVAILABLE,,
208,208,M-UAV-02,M600,31.2971716,120.5956323,30.5,AVAILABLE,,
209,209,EVTOL-01,EC35,31.3030242,120.5959901,199.9,BUSY,M-P-001,V2
209,209,L-UAV-01,AMZN,31.3051443,120.6018630,100.0,BUSY,M-L-001,V3
209,209,M-UAV-01,M600,31.3108767,120.6039862,30.5,AVAILABLE,,
209,209,M-UAV-02,M600,31.2971716,120.5956323,30.5,AVAILABLE,,
210,210,EVTOL-01,EC35,31.3026615,120.5959679,199.9,BUSY,M-P-001,V2
210,210,L-UAV-01,AMZN,31.3052635,120.6019386,100.0,BUSY,M-L-001,V3
210,210,M-UAV-01,M600,31.3108767,120.6039862,30.5,AVAILABLE,,
210,210,M-UAV-02,M600,31.2971716,120.5956323,30.5,AVAILABLE,,
211,211,EVTOL-01,EC35,31.3022988,120.5959457,199.9,BUSY,M-P-001,V2
211,211,L-UAV-01,AMZN,31.3053827,120.6020141,100.0,BUSY,M-L-001,V3
211,211,M-UAV-01,M600,31.3108767,120.6039862,30.5,AVAILABLE,,
211,211,M-UAV-02,M600,31.2971716,120.5956323,30.5,AVAILABLE,,
212,212,EVTOL-01,EC35,31.3019361,120.5959236,199.9,BUSY,M-P-001,V2
212,212,L-UAV-01,AMZN,31.3055018,120.6020897,100.0,BUSY,M-L-001,V3
212,212,M-UAV-01,M600,31.3108767,120.6039862,30.5,AVAILABLE,,
212,212,M-UAV-02,M600,31.2971716,120.5956323,30.5,AVAILABLE,,
213,213,EVTOL-01,EC35,31.3015734,120.5959014,199.9,BUSY,M-P-001,V2
213,213,L-UAV-01,AMZN,31.3056210,120.6021653,100.0,BUSY,M-L-001,V3
213,213,M-UAV-01,M600,31.3108767,120.6039862,30.5,AVAILABLE,,
213,213,M-UAV-02,M600,31.2971716,120.5956323,30.5,AVAILABLE,,
214,214,EVTOL-01,EC35,31.3012107,120.5958792,199.9,BUSY,M-P-001,V2
214,214,L-UAV-01,AMZN,31.3057402,120.6022408,100.0,BUSY,M-L-001,V3
214,214,M-UAV-01,M600,31.3108767,120.6039862,30.5,AVAILABLE,,
214,214,M-UAV-02,M600,31.2971716,120.5956323,30.5,AVAILABLE,,
215,215,EVTOL-01,EC35,31.3008480,120.5958570,199.9,BUSY,M-P-001,V2
215,215,L-UAV-01,AMZN,31.3058594,120.6023164,100.0,BUSY,M-L-001,V2
215,215,M-UAV-01,M600,31.3108767,120.6039862,30.5,AVAILABLE,,
215,215,M-UAV-02,M600,31.2971716,120.5956323,30.5,AVAILABLE,,
216,216,EVTOL-01,EC35,31.3004854,120.5958349,199.9,BUSY,M-P-001,V2
216,216,L-UAV-01,AMZN,31.3059924,120.6023468,100.0,BUSY,M-L-001,V2
216,216,M-UAV-01,M600,31.3108767,120.6039862,30.5,AVAILABLE,,
216,216,M-UAV-02,M600,31.2971716,120.5956323,30.5,AVAILABLE,,
217,217,EVTOL-01,EC35,31.3001227,120.5958127,199.9,BUSY,M-P-001,V2
217,217,L-UAV-01,AMZN,31.3061272,120.6023293,100.0,BUSY,M-L-001,V2
217,217,M-UAV-01,M600,31.3108767,120.6039862,30.5,AVAILABLE,,
217,217,M-UAV-02,M600,31.2971716,120.5956323,30.5,AVAILABLE,,
218,218,EVTOL-01,EC35,31.2997600,120.5957905,199.9,BUSY,M-P-001,V2
218,218,L-UAV-01,AMZN,31.3062513,120.6022655,100.0,BUSY,M-L-001,V2
218,218,M-UAV-01,M600,31.3108767,120.6039862,30.5,AVAILABLE,,
218,218,M-UAV-02,M600,31.2971716,120.5956323,30.5,AVAILABLE,,
219,219,EVTOL-01,EC35,31.2993973,120.5957684,199.9,BUSY,M-P-001,V2
219,219,L-UAV-01,AMZN,31.3063534,120.6021612,100.0,BUSY,M-L-001,V2
219,219,M-UAV-01,M600,31.3108767,120.6039862,30.5,AVAILABLE,,
219,219,M-UAV-02,M600,31.2971716,120.5956323,30.5,AVAILABLE,,
220,220,EVTOL-01,EC35,31.2990346,120.5957462,199.9,BUSY,M-P-001,V2
220,220,L-UAV-01,AMZN,31.3064243,120.6020260,100.0,BUSY,M-L-001,V2
220,220,M-UAV-01,M600,31.3108767,120.6039862,30.5,AVAILABLE,,
220,220,M-UAV-02,M600,31.2971716,120.5956323,30.5,AVAILABLE,,
221,221,EVTOL-01,EC35,31.2986719,120.5957240,199.9,BUSY,M-P-001,V2
221,221,L-UAV-01,AMZN,31.3064574,120.6018722,100.0,BUSY,M-L-001,V2
221,221,M-UAV-01,M600,31.3108767,120.6039862,30.5,AVAILABLE,,
221,221,M-UAV-02,M600,31.2971716,120.5956323,30.5,AVAILABLE,,
222,222,EVTOL-01,EC35,31.2983092,120.5957019,199.9,BUSY,M-P-001,V2
222,222,L-UAV-01,AMZN,31.3064497,120.6017138,100.0,BUSY,M-L-001,V2
222,222,M-UAV-01,M600,31.3108767,120.6039862,30.5,AVAILABLE,,
222,222,M-UAV-02,M600,31.2971716,120.5956323,30.5,AVAILABLE,,
223,223,EVTOL-01,EC35,31.2979465,120.5956797,199.9,BUSY,M-P-001,V1
223,223,L-UAV-01,AMZN,31.3064020,120.6015653,100.0,BUSY,M-L-001,V2
223,223,M-UAV-01,M600,31.3108767,120.6039862,30.5,AVAILABLE,,
223,223,M-UAV-02,M600,31.2971716,120.5956323,30.5,AVAILABLE,,
224,224,EVTOL-01,EC35,31.2975840,120.5957056,199.9,BUSY,M-P-001,V1
224,224,L-UAV-01,AMZN,31.3063185,120.6014403,100.0,BUSY,M-L-001,V2
224,224,M-UAV-01,M600,31.3108767,120.6039862,30.5,AVAILABLE,,
224,224,M-UAV-02,M600,31.2971716,120.5956323,30.5,AVAILABLE,,
225,225,EVTOL-01,EC35,31.2972263,120.5957793,199.9,BUSY,M-P-001,V1
225,225,L-UAV-01,AMZN,31.3062069,120.6013502,100.0,BUSY,M-L-001,V2
225,225,M-UAV-01,M600,31.3108767,120.6039862,30.5,AVAILABLE,,
225,225,M-UAV-02,M600,31.2971716,120.5956323,30.5,AVAILABLE,,
226,226,EVTOL-01,EC35,31.2968780,120.5958999,199.9,BUSY,M-P-001,V1
226,226,L-UAV-01,AMZN,31.3060877,120.6012747,100.0,BUSY,M-L-001,V2
226,226,M-UAV-01,M600,31.3108767,120.6039862,30.5,AVAILABLE,,
226,226,M-UAV-02,M600,31.2971716,120.5956323,30.5,AVAILABLE,,
227,227,EVTOL-01,EC35,31.2965436,120.5960657,199.9,BUSY,M-P-001,V1
227,227,L-UAV-01,AMZN,31.3059685,120.6011993,100.0,BUSY,M-L-001,V2
227,227,M-UAV-01,M600,31.3108767,120.6039862,30.5,AVAILABLE,,
227,227,M-UAV-02,M600,31.2971716,120.5956323,30.5,AVAILABLE,,
228,228,EVTOL-01,EC35,31.2962273,120.5962746,199.9,BUSY,M-P-001,V1
228,228,L-UAV-01,AMZN,31.3058492,120.6011238,100.0,BUSY,M-L-001,V2
228,228,M-UAV-01,M600,31.3108767,120.6039862,30.5,AVAILABLE,,
228,228,M-UAV-02,M600,31.2971716,120.5956323,30.5,AVAILABLE,,
229,229,EVTOL-01,EC35,31.2959333,120.5965241,199.9,BUSY,M-P-001,V1
229,229,L-UAV-01,AMZN,31.3057300,120.6010484,100.0,BUSY,M-L-001,V2
229,229,M-UAV-01,M600,31.3108767,120.6039862,30.5,AVAILABLE,,
229,229,M-UAV-02,M600,31.2971716,120.5956323,30.5,AVAILABLE,,
230,230,EVTOL-01,EC35,31.2956652,120.5968108,199.9,BUSY,M-P-001,V1
230,230,L-UAV-01,AMZN,31.3056108,120.6009729,100.0,BUSY,M-L-001,V2
230,230,M-UAV-01,M600,31.3108767,120.6039862,30.5,AVAILABLE,,
230,230,M-UAV-02,M600,31.2971716,120.5956323,30.5,AVAILABLE,,
231,231,EVTOL-01,EC35,31.2954265,120.5971312,199.9,BUSY,M-P-001,V1
231,231,L-UAV-01,AMZN,31.3054915,120.6008974,100.0,BUSY,M-L-001,V2
231,231,M-UAV-01,M600,31.3108767,120.6039862,30.5,AVAILABLE,,
231,231,M-UAV-02,M600,31.2971716,120.5956323,30.5,AVAILABLE,,
232,232,EVTOL-01,EC35,31.2952202,120.5974810,199.9,BUSY,M-P-001,V1
232,232,L-UAV-01,AMZN,31.3053723,120.6008220,100.0,BUSY,M-L-001,V2
232,232,M-UAV-01,M600,31.3108767,120.6039862,30.5,AVAILABLE,,
232,232,M-UAV-02,M600,31.2971716,120.5956323,30.5,AVAILABLE,,
233,233,EVTOL-01,EC35,31.2950491,120.5978559,199.9,BUSY,M-P-001,V1
233,233,L-UAV-01,AMZN,31.3052531,120.6007465,100.0,BUSY,M-L-001,V2
233,233,M-UAV-01,M600,31.3108767,120.6039862,30.5,AVAILABLE,,
233,233,M-UAV-02,M600,31.2971716,120.5956323,30.5,AVAILABLE,,
234,234,EVTOL-01,EC35,31.2949153,120.5982510,199.9,BUSY,M-P-001,V1
234,234,L-UAV-01,AMZN,31.3051338,120.6006711,100.0,BUSY,M-L-001,V2
234,234,M-UAV-01,M600,31.3108767,120.6039862,30.5,AVAILABLE,,
234,234,M-UAV-02,M600,31.2971716,120.5956323,30.5,AVAILABLE,,
235,235,EVTOL-01,EC35,31.2948204,120.5986613,199.9,BUSY,M-P-001,V1
235,235,L-UAV-01,AMZN,31.3050146,120.6005956,100.0,BUSY,M-L-001,V2
235,235,M-UAV-01,M600,31.3108767,120.6039862,30.5,AVAILABLE,,
235,235,M-UAV-02,M600,31.2971716,120.5956323,30.5,AVAILABLE,,
236,236,EVTOL-01,EC35,31.2947658,120.5990815,199.9,BUSY,M-P-001,V1
236,236,L-UAV-01,AMZN,31.3048954,120.6005201,100.0,BUSY,M-L-001,V2
236,236,M-UAV-01,M600,31.3108767,120.6039862,30.5,AVAILABLE,,
236,236,M-UAV-02,M600,31.2971716,120.5956323,30.5,AVAILABLE,,
237,237,EVTOL-01,EC35,31.2947521,120.5995063,199.9,BUSY,M-P-001,V1
237,237,L-UAV-01,AMZN,31.3047762,120.6004447,100.0,BUSY,M-L-001,V2
237,237,M-UAV-01,M600,31.3108767,120.6039862,30.5,AVAILABLE,,
237,237,M-UAV-02,M600,31.2971716,120.5956323,30.5,AVAILABLE,,
238,238,EVTOL-01,EC35,31.2947795,120.5999301,199.9,BUSY,M-P-001,V1
238,238,L-UAV-01,AMZN,31.3046569,120.6003692,100.0,BUSY,M-L-001,V2
238,238,M-UAV-01,M600,31.3108767,120.6039862,30.5,AVAILABLE,,
238,238,M-UAV-02,M600,31.2971716,120.5956323,30.5,AVAILABLE,,
239,239,EVTOL-01,EC35,31.2948477,120.6003476,199.9,BUSY,M-P-001,V1
239,239,L-UAV-01,AMZN,31.3045377,120.6002938,100.0,BUSY,M-L-001,V2
239,239,M-UAV-01,M600,31.3108767,120.6039862,30.5,AVAILABLE,,
239,239,M-UAV-02,M600,31.2971716,120.5956323,30.5,AVAILABLE,,
240,240,EVTOL-01,EC35,31.2949557,120.6007534,199.9,BUSY,M-P-001,V1
240,240,L-UAV-01,AMZN,31.3044185,120.6002183,100.0,BUSY,M-L-001,V2
240,240,M-UAV-01,M600,31.3108767,120.6039862,30.5,AVAILABLE,,
240,240,M-UAV-02,M600,31.2971716,120.5956323,30.5,AVAILABLE,,
241,241,EVTOL-01,EC35,31.2951022,120.6011423,199.9,BUSY,M-P-001,V1
241,241,L-UAV-01,AMZN,31.3042992,120.6001428,100.0,BUSY,M-L-001,V2
241,241,M-UAV-01,M600,31.3108767,120.6039862,30.5,AVAILABLE,,
241,241,M-UAV-02,M600,31.2971716,120.5956323,30.5,AVAILABLE,,
242,242,EVTOL-01,EC35,31.2952853,120.6015093,199.9,BUSY,M-P-001,V1
242,242,L-UAV-01,AMZN,31.3041800,120.6000674,100.0,BUSY,M-L-001,V2
242,242,M-UAV-01,M600,31.3108767,120.6039862,30.5,AVAILABLE,,
242,242,M-UAV-02,M600,31.2971716,120.5956323,30.5,AVAILABLE,,
243,243,EVTOL-01,EC35,31.2955027,120.6018498,199.9,BUSY,M-P-001,V1
243,243,L-UAV-01,AMZN,31.3040608,120.5999919,100.0,BUSY,M-L-001,V2
243,243,M-UAV-01,M600,31.3108767,120.6039862,30.5,AVAILABLE,,
243,243,M-UAV-02,M600,31.2971716,120.5956323,30.5,AVAILABLE,,
244,244,EVTOL-01,EC35,31.2957516,120.6021594,199.9,BUSY,M-P-001,V1
244,244,L-UAV-01,AMZN,31.3039415,120.5999165,100.0,BUSY,M-L-001,V2
244,244,M-UAV-01,M600,31.3108767,120.6039862,30.5,AVAILABLE,,
244,244,M-UAV-02,M600,31.2971716,120.5956323,30.5,AVAILABLE,,
245,245,EVTOL-01,EC35,31.2960287,120.6024340,199.9,BUSY,M-P-001,V1
245,245,L-UAV-01,AMZN,31.3038223,120.5998410,100.0,BUSY,M-L-001,V2
245,245,M-UAV-01,M600,31.3108767,120.6039862,30.5,AVAILABLE,,
245,245,M-UAV-02,M600,31.2971716,120.5956323,30.5,AVAILABLE,,
246,246,EVTOL-01,EC35,31.2963307,120.6026703,199.9,BUSY,M-P-001,V1
246,246,L-UAV-01,AMZN,31.3037031,120.5997656,100.0,BUSY,M-L-001,V2
246,246,M-UAV-01,M600,31.3108767,120.6039862,30.5,AVAILABLE,,
246,246,M-UAV-02,M600,31.2971716,120.5956323,30.5,AVAILABLE,,
247,247,EVTOL-01,EC35,31.2966534,120.6028651,199.9,BUSY,M-P-001,V1
247,247,L-UAV-01,AMZN,31.3035838,120.5996901,100.0,BUSY,M-L-001,V2
247,247,M-UAV-01,M600,31.3108767,120.6039862,30.5,AVAILABLE,,
247,247,M-UAV-02,M600,31.2971716,120.5956323,30.5,AVAILABLE,,
248,248,EVTOL-01,EC35,31.2969930,120.6030160,199.9,BUSY,M-P-001,V1
248,248,L-UAV-01,AMZN,31.3034646,120.5996146,100.0,BUSY,M-L-001,V2
248,248,M-UAV-01,M600,31.3108767,120.6039862,30.5,AVAILABLE,,
248,248,M-UAV-02,M600,31.2971716,120.5956323,30.5,AVAILABLE,,
249,249,EVTOL-01,EC35,31.2973449,120.6031211,199.9,BUSY,M-P-001,V1
249,249,L-UAV-01,AMZN,31.3033454,120.5995392,100.0,BUSY,M-L-001,V2
249,249,M-UAV-01,M600,31.3108767,120.6039862,30.5,AVAILABLE,,
249,249,M-UAV-02,M600,31.2971716,120.5956323,30.5,AVAILABLE,,
250,250,EVTOL-01,EC35,31.2977047,120.6031789,199.9,BUSY,M-P-001,V1
250,250,L-UAV-01,AMZN,31.3032261,120.5994637,100.0,BUSY,M-L-001,V2
250,250,M-UAV-01,M600,31.3108767,120.6039862,30.5,AVAILABLE,,
250,250,M-UAV-02,M600,31.2971716,120.5956323,30.5,AVAILABLE,,
251,251,EVTOL-01,EC35,31.2980674,120.6032011,199.9,BUSY,M-P-001,V1
251,251,L-UAV-01,AMZN,31.3031069,120.5993883,100.0,BUSY,M-L-001,V2
251,251,M-UAV-01,M600,31.3108767,120.6039862,30.5,AVAILABLE,,
251,251,M-UAV-02,M600,31.2971716,120.5956323,30.5,AVAILABLE,,
252,252,EVTOL-01,EC35,31.2984301,120.6032234,199.9,BUSY,M-P-001,V1
252,252,L-UAV-01,AMZN,31.3029877,120.5993128,100.0,BUSY,M-L-001,V2
252,252,M-UAV-01,M600,31.3108767,120.6039862,30.5,AVAILABLE,,
252,252,M-UAV-02,M600,31.2971716,120.5956323,30.5,AVAILABLE,,
253,253,EVTOL-01,EC35,31.2987928,120.6032456,199.9,BUSY,M-P-001,V1
253,253,L-UAV-01,AMZN,31.3028684,120.5992374,100.0,BUSY,M-L-001,V2
253,253,M-UAV-01,M600,31.3108767,120.6039862,30.5,AVAILABLE,,
253,253,M-UAV-02,M600,31.2971716,120.5956323,30.5,AVAILABLE,,
254,254,EVTOL-01,EC35,31.2991555,120.6032678,199.9,BUSY,M-P-001,V1
254,254,L-UAV-01,AMZN,31.3027492,120.5991619,100.0,BUSY,M-L-001,V2
254,254,M-UAV-01,M600,31.3108767,120.6039862,30.5,AVAILABLE,,
254,254,M-UAV-02,M600,31.2971716,120.5956323,30.5,AVAILABLE,,
255,255,EVTOL-01,EC35,31.2995182,120.6032900,199.9,BUSY,M-P-001,V1
255,255,L-UAV-01,AMZN,31.3026300,120.5990864,100.0,BUSY,M-L-001,V2
255,255,M-UAV-01,M600,31.3108767,120.6039862,30.5,AVAILABLE,,
255,255,M-UAV-02,M600,31.2971716,120.5956323,30.5,AVAILABLE,,
256,256,EVTOL-01,EC35,31.2998809,120.6033123,199.9,BUSY,M-P-001,V1
256,256,L-UAV-01,AMZN,31.3025107,120.5990110,100.0,BUSY,M-L-001,V2
256,256,M-UAV-01,M600,31.3108767,120.6039862,30.5,AVAILABLE,,
256,256,M-UAV-02,M600,31.2971716,120.5956323,30.5,AVAILABLE,,
257,257,EVTOL-01,EC35,31.3002436,120.6033345,199.9,BUSY,M-P-001,V1
257,257,L-UAV-01,AMZN,31.3023915,120.5989355,100.0,BUSY,M-L-001,V2
257,257,M-UAV-01,M600,31.3108767,120.6039862,30.5,AVAILABLE,,
257,257,M-UAV-02,M600,31.2971716,120.5956323,30.5,AVAILABLE,,
258,258,EVTOL-01,EC35,31.3006063,120.6033567,199.9,BUSY,M-P-001,V1
258,258,L-UAV-01,AMZN,31.3022723,120.5988601,100.0,BUSY,M-L-001,V2
258,258,M-UAV-01,M600,31.3108767,120.6039862,30.5,AVAILABLE,,
258,258,M-UAV-02,M600,31.2971716,120.5956323,30.5,AVAILABLE,,
259,259,EVTOL-01,EC35,31.3009690,120.6033789,199.9,BUSY,M-P-001,V1
259,259,L-UAV-01,AMZN,31.3021530,120.5987846,100.0,BUSY,M-L-001,V2
259,259,M-UAV-01,M600,31.3108767,120.6039862,30.5,AVAILABLE,,
259,259,M-UAV-02,M600,31.2971716,120.5956323,30.5,AVAILABLE,,
260,260,EVTOL-01,EC35,31.3013316,120.6034012,199.9,BUSY,M-P-001,V1
260,260,L-UAV-01,AMZN,31.3020338,120.5987092,100.0,BUSY,M-L-001,V2
260,260,M-UAV-01,M600,31.3108767,120.6039862,30.5,AVAILABLE,,
260,260,M-UAV-02,M600,31.2971716,120.5956323,30.5,AVAILABLE,,
261,261,EVTOL-01,EC35,31.3016943,120.6034234,199.9,BUSY,M-P-001,V1
261,261,L-UAV-01,AMZN,31.3019146,120.5986337,100.0,BUSY,M-L-001,V2
261,261,M-UAV-01,M600,31.3108767,120.6039862,30.5,AVAILABLE,,
261,261,M-UAV-02,M600,31.2971716,120.5956323,30.5,AVAILABLE,,
262,262,EVTOL-01,EC35,31.3020570,120.6034456,199.9,BUSY,M-P-001,V1
262,262,L-UAV-01,AMZN,31.3017953,120.5985583,100.0,BUSY,M-L-001,V2
262,262,M-UAV-01,M600,31.3108767,120.6039862,30.5,AVAILABLE,,
262,262,M-UAV-02,M600,31.2971716,120.5956323,30.5,AVAILABLE,,
263,263,EVTOL-01,EC35,31.3024197,120.6034678,199.9,BUSY,M-P-001,V1
263,263,L-UAV-01,AMZN,31.3016761,120.5984828,100.0,BUSY,M-L-001,V2
263,263,M-UAV-01,M600,31.3108767,120.6039862,30.5,AVAILABLE,,
263,263,M-UAV-02,M600,31.2971716,120.5956323,30.5,AVAILABLE,,
264,264,EVTOL-01,EC35,31.3027824,120.6034901,199.9,BUSY,M-P-001,V1
264,264,L-UAV-01,AMZN,31.3015569,120.5984073,100.0,BUSY,M-L-001,V2
264,264,M-UAV-01,M600,31.3108767,120.6039862,30.5,AVAILABLE,,
264,264,M-UAV-02,M600,31.2971716,120.5956323,30.5,AVAILABLE,,
265,265,EVTOL-01,EC35,31.3031451,120.6035123,199.9,BUSY,M-P-001,V1
265,265,L-UAV-01,AMZN,31.3014376,120.5983319,100.0,BUSY,M-L-001,V2
265,265,M-UAV-01,M600,31.3108767,120.6039862,30.5,AVAILABLE,,
265,265,M-UAV-02,M600,31.2971716,120.5956323,30.5,AVAILABLE,,
266,266,EVTOL-01,EC35,31.3035078,120.6035345,199.9,BUSY,M-P-001,V1
266,266,L-UAV-01,AMZN,31.3013184,120.5982564,100.0,BUSY,M-L-001,V2
266,266,M-UAV-01,M600,31.3108767,120.6039862,30.5,AVAILABLE,,
266,266,M-UAV-02,M600,31.2971716,120.5956323,30.5,AVAILABLE,,
267,267,EVTOL-01,EC35,31.3038705,120.6035567,199.9,BUSY,M-P-001,V1
267,267,L-UAV-01,AMZN,31.3011992,120.5981810,100.0,BUSY,M-L-001,V2
267,267,M-UAV-01,M600,31.3108767,120.6039862,30.5,AVAILABLE,,
267,267,M-UAV-02,M600,31.2971716,120.5956323,30.5,AVAILABLE,,
268,268,EVTOL-01,EC35,31.3042332,120.6035790,199.9,BUSY,M-P-001,V1
268,268,L-UAV-01,AMZN,31.3010800,120.5981055,100.0,BUSY,M-L-001,V2
268,268,M-UAV-01,M600,31.3108767,120.6039862,30.5,AVAILABLE,,
268,268,M-UAV-02,M600,31.2971716,120.5956323,30.5,AVAILABLE,,
269,269,EVTOL-01,EC35,31.3045959,120.6036012,199.9,BUSY,M-P-001,V1
269,269,L-UAV-01,AMZN,31.3009607,120.5980301,100.0,BUSY,M-L-001,V2
269,269,M-UAV-01,M600,31.3108767,120.6039862,30.5,AVAILABLE,,
269,269,M-UAV-02,M600,31.2971716,120.5956323,30.5,AVAILABLE,,
270,270,EVTOL-01,EC35,31.3049586,120.6036234,199.9,BUSY,M-P-001,V1
270,270,L-UAV-01,AMZN,31.3008415,120.5979546,100.0,BUSY,M-L-001,V2
270,270,M-UAV-01,M600,31.3108767,120.6039862,30.5,AVAILABLE,,
270,270,M-UAV-02,M600,31.2971716,120.5956323,30.5,AVAILABLE,,
271,271,EVTOL-01,EC35,31.3053213,120.6036457,199.9,BUSY,M-P-001,V1
271,271,L-UAV-01,AMZN,31.3007223,120.5978792,100.0,BUSY,M-L-001,V2
271,271,M-UAV-01,M600,31.3108767,120.6039862,30.5,AVAILABLE,,
271,271,M-UAV-02,M600,31.2971716,120.5956323,30.5,AVAILABLE,,
272,272,EVTOL-01,EC35,31.3056840,120.6036679,199.9,BUSY,M-P-001,V1
272,272,L-UAV-01,AMZN,31.3006030,120.5978037,100.0,BUSY,M-L-001,V2
272,272,M-UAV-01,M600,31.3108767,120.6039862,30.5,AVAILABLE,,
272,272,M-UAV-02,M600,31.2971716,120.5956323,30.5,AVAILABLE,,
273,273,EVTOL-01,EC35,31.3060467,120.6036901,199.9,BUSY,M-P-001,V1
273,273,L-UAV-01,AMZN,31.3004838,120.5977283,100.0,BUSY,M-L-001,V2
273,273,M-UAV-01,M600,31.3108767,120.6039862,30.5,AVAILABLE,,
273,273,M-UAV-02,M600,31.2971716,120.5956323,30.5,AVAILABLE,,
274,274,EVTOL-01,EC35,31.3064094,120.6037123,199.9,BUSY,M-P-001,V1
274,274,L-UAV-01,AMZN,31.3003646,120.5976528,100.0,BUSY,M-L-001,V2
274,274,M-UAV-01,M600,31.3108767,120.6039862,30.5,AVAILABLE,,
274,274,M-UAV-02,M600,31.2971716,120.5956323,30.5,AVAILABLE,,
275,275,EVTOL-01,EC35,31.3067720,120.6037346,199.9,BUSY,M-P-001,V1
275,275,L-UAV-01,AMZN,31.3002453,120.5975774,100.0,BUSY,M-L-001,V2
275,275,M-UAV-01,M600,31.3108767,120.6039862,30.5,AVAILABLE,,
275,275,M-UAV-02,M600,31.2971716,120.5956323,30.5,AVAILABLE,,
276,276,EVTOL-01,EC35,31.3071347,120.6037568,199.9,BUSY,M-P-001,V1
276,276,L-UAV-01,AMZN,31.3001261,120.5975019,100.0,BUSY,M-L-001,V2
276,276,M-UAV-01,M600,31.3108767,120.6039862,30.5,AVAILABLE,,
276,276,M-UAV-02,M600,31.2971716,120.5956323,30.5,AVAILABLE,,
277,277,EVTOL-01,EC35,31.3074974,120.6037790,199.9,BUSY,M-P-001,V1
277,277,L-UAV-01,AMZN,31.3000069,120.5974265,100.0,BUSY,M-L-001,V2
277,277,M-UAV-01,M600,31.3108767,120.6039862,30.5,AVAILABLE,,
277,277,M-UAV-02,M600,31.2971716,120.5956323,30.5,AVAILABLE,,
278,278,EVTOL-01,EC35,31.3078601,120.6038013,199.9,BUSY,M-P-001,V1
278,278,L-UAV-01,AMZN,31.2998876,120.5973510,100.0,BUSY,M-L-001,V2
278,278,M-UAV-01,M600,31.3108767,120.6039862,30.5,AVAILABLE,,
278,278,M-UAV-02,M600,31.2971716,120.5956323,30.5,AVAILABLE,,
279,279,EVTOL-01,EC35,31.3082228,120.6038235,199.9,BUSY,M-P-001,V1
279,279,L-UAV-01,AMZN,31.2997684,120.5972756,100.0,BUSY,M-L-001,V2
279,279,M-UAV-01,M600,31.3108767,120.6039862,30.5,AVAILABLE,,
279,279,M-UAV-02,M600,31.2971716,120.5956323,30.5,AVAILABLE,,
280,280,EVTOL-01,EC35,31.3085855,120.6038457,199.9,BUSY,M-P-001,V1
280,280,L-UAV-01,AMZN,31.2996492,120.5972001,100.0,BUSY,M-L-001,V2
280,280,M-UAV-01,M600,31.3108767,120.6039862,30.5,AVAILABLE,,
280,280,M-UAV-02,M600,31.2971716,120.5956323,30.5,AVAILABLE,,
281,281,EVTOL-01,EC35,31.3089482,120.6038680,199.9,BUSY,M-P-001,V1
281,281,L-UAV-01,AMZN,31.2995299,120.5971247,100.0,BUSY,M-L-001,V2
281,281,M-UAV-01,M600,31.3108767,120.6039862,30.5,AVAILABLE,,
281,281,M-UAV-02,M600,31.2971716,120.5956323,30.5,AVAILABLE,,
282,282,EVTOL-01,EC35,31.3093109,120.6038902,199.9,BUSY,M-P-001,V1
282,282,L-UAV-01,AMZN,31.2994107,120.5970492,100.0,BUSY,M-L-001,V2
282,282,M-UAV-01,M600,31.3108767,120.6039862,30.5,AVAILABLE,,
282,282,M-UAV-02,M600,31.2971716,120.5956323,30.5,AVAILABLE,,
283,283,EVTOL-01,EC35,31.3096736,120.6039124,199.9,BUSY,M-P-001,V1
283,283,L-UAV-01,AMZN,31.2992914,120.5969738,100.0,BUSY,M-L-001,V2
283,283,M-UAV-01,M600,31.3108767,120.6039862,30.5,AVAILABLE,,
283,283,M-UAV-02,M600,31.2971716,120.5956323,30.5,AVAILABLE,,
284,284,EVTOL-01,EC35,31.3100363,120.6039346,199.9,BUSY,M-P-001,V2
284,284,L-UAV-01,AMZN,31.2991722,120.5968983,100.0,BUSY,M-L-001,V2
284,284,M-UAV-01,M600,31.3108767,120.6039862,30.5,AVAILABLE,,
284,284,M-UAV-02,M600,31.2971716,120.5956323,30.5,AVAILABLE,,
285,285,EVTOL-01,EC35,31.3103988,120.6039088,199.9,BUSY,M-P-001,V2
285,285,L-UAV-01,AMZN,31.2990530,120.5968229,100.0,BUSY,M-L-001,V2
285,285,M-UAV-01,M600,31.3108767,120.6039862,30.5,AVAILABLE,,
285,285,M-UAV-02,M600,31.2971716,120.5956323,30.5,AVAILABLE,,
286,286,EVTOL-01,EC35,31.3107565,120.6038351,199.9,BUSY,M-P-001,V2
286,286,L-UAV-01,AMZN,31.2989337,120.5967474,100.0,BUSY,M-L-001,V2
286,286,M-UAV-01,M600,31.3108767,120.6039862,30.5,AVAILABLE,,
286,286,M-UAV-02,M600,31.2971716,120.5956323,30.5,AVAILABLE,,
287,287,EVTOL-01,EC35,31.3111048,120.6037146,199.9,BUSY,M-P-001,V2
287,287,L-UAV-01,AMZN,31.2988145,120.5966720,100.0,BUSY,M-L-001,V2
287,287,M-UAV-01,M600,31.3108767,120.6039862,30.5,AVAILABLE,,
287,287,M-UAV-02,M600,31.2971716,120.5956323,30.5,AVAILABLE,,
288,288,EVTOL-01,EC35,31.3114392,120.6035488,199.9,BUSY,M-P-001,V2
288,288,L-UAV-01,AMZN,31.2986953,120.5965965,100.0,BUSY,M-L-001,V2
288,288,M-UAV-01,M600,31.3108767,120.6039862,30.5,AVAILABLE,,
288,288,M-UAV-02,M600,31.2971716,120.5956323,30.5,AVAILABLE,,
289,289,EVTOL-01,EC35,31.3117555,120.6033399,199.9,BUSY,M-P-001,V2
289,289,L-UAV-01,AMZN,31.2985760,120.5965211,100.0,BUSY,M-L-001,V2
289,289,M-UAV-01,M600,31.3108767,120.6039862,30.5,AVAILABLE,,
289,289,M-UAV-02,M600,31.2971716,120.5956323,30.5,AVAILABLE,,
290,290,EVTOL-01,EC35,31.3120496,120.6030904,199.9,BUSY,M-P-001,V2
290,290,L-UAV-01,AMZN,31.2984568,120.5964456,100.0,BUSY,M-L-001,V2
290,290,M-UAV-01,M600,31.3108767,120.6039862,30.5,AVAILABLE,,
290,290,M-UAV-02,M600,31.2971716,120.5956323,30.5,AVAILABLE,,
291,291,EVTOL-01,EC35,31.3123177,120.6028037,199.9,BUSY,M-P-001,V2
291,291,L-UAV-01,AMZN,31.2983376,120.5963702,100.0,BUSY,M-L-001,V2
291,291,M-UAV-01,M600,31.3108767,120.6039862,30.5,AVAILABLE,,
291,291,M-UAV-02,M600,31.2971716,120.5956323,30.5,AVAILABLE,,
292,292,EVTOL-01,EC35,31.3125565,120.6024833,199.9,BUSY,M-P-001,V2
292,292,L-UAV-01,AMZN,31.2982183,120.5962947,100.0,BUSY,M-L-001,V2
292,292,M-UAV-01,M600,31.3108767,120.6039862,30.5,AVAILABLE,,
292,292,M-UAV-02,M600,31.2971716,120.5956323,30.5,AVAILABLE,,
293,293,EVTOL-01,EC35,31.3127627,120.6021334,199.9,BUSY,M-P-001,V2
293,293,L-UAV-01,AMZN,31.2980991,120.5962193,100.0,BUSY,M-L-001,V2
293,293,M-UAV-01,M600,31.3108767,120.6039862,30.5,AVAILABLE,,
293,293,M-UAV-02,M600,31.2971716,120.5956323,30.5,AVAILABLE,,
294,294,EVTOL-01,EC35,31.3129339,120.6017585,199.9,BUSY,M-P-001,V2
294,294,L-UAV-01,AMZN,31.2979799,120.5961438,100.0,BUSY,M-L-001,V2
294,294,M-UAV-01,M600,31.3108767,120.6039862,30.5,AVAILABLE,,
294,294,M-UAV-02,M600,31.2971716,120.5956323,30.5,AVAILABLE,,
295,295,EVTOL-01,EC35,31.3130678,120.6013633,199.9,BUSY,M-P-001,V2
295,295,L-UAV-01,AMZN,31.2978606,120.5960684,100.0,BUSY,M-L-001,V3
295,295,M-UAV-01,M600,31.3108767,120.6039862,30.5,AVAILABLE,,
295,295,M-UAV-02,M600,31.2971716,120.5956323,30.5,AVAILABLE,,
296,296,EVTOL-01,EC35,31.3131627,120.6009530,199.9,BUSY,M-P-001,V2
296,296,L-UAV-01,AMZN,31.2977276,120.5960380,100.0,BUSY,M-L-001,V3
296,296,M-UAV-01,M600,31.3108767,120.6039862,30.5,AVAILABLE,,
296,296,M-UAV-02,M600,31.2971716,120.5956323,30.5,AVAILABLE,,
297,297,EVTOL-01,EC35,31.3132174,120.6005327,199.9,BUSY,M-P-001,V2
297,297,L-UAV-01,AMZN,31.2975929,120.5960556,100.0,BUSY,M-L-001,V3
297,297,M-UAV-01,M600,31.3108767,120.6039862,30.5,AVAILABLE,,
297,297,M-UAV-02,M600,31.2971716,120.5956323,30.5,AVAILABLE,,
298,298,EVTOL-01,EC35,31.3132311,120.6001079,199.9,BUSY,M-P-001,V2
298,298,L-UAV-01,AMZN,31.2974688,120.5961195,100.0,BUSY,M-L-001,V3
298,298,M-UAV-01,M600,31.3108767,120.6039862,30.5,AVAILABLE,,
298,298,M-UAV-02,M600,31.2971716,120.5956323,30.5,AVAILABLE,,
299,299,EVTOL-01,EC35,31.3132037,120.5996840,199.9,BUSY,M-P-001,V2
299,299,L-UAV-01,AMZN,31.2973667,120.5962239,100.0,BUSY,M-L-001,V3
299,299,M-UAV-01,M600,31.3108767,120.6039862,30.5,AVAILABLE,,
299,299,M-UAV-02,M600,31.2971716,120.5956323,30.5,AVAILABLE,,
300,300,EVTOL-01,EC35,31.3131356,120.5992664,199.9,BUSY,M-P-001,V2
300,300,L-UAV-01,AMZN,31.2972959,120.5963592,100.0,BUSY,M-L-001,V3
300,300,M-UAV-01,M600,31.3108767,120.6039862,30.5,AVAILABLE,,
300,300,M-UAV-02,M600,31.2971716,120.5956323,30.5,AVAILABLE,,
301,301,EVTOL-01,EC35,31.3130277,120.5988605,199.9,BUSY,M-P-001,V2
301,301,L-UAV-01,AMZN,31.2972629,120.5965130,100.0,BUSY,M-L-001,V3
301,301,M-UAV-01,M600,31.3108767,120.6039862,30.5,AVAILABLE,,
301,301,M-UAV-02,M600,31.2971716,120.5956323,30.5,AVAILABLE,,
302,302,EVTOL-01,EC35,31.3128812,120.5984715,199.9,BUSY,M-P-001,V2
302,302,L-UAV-01,AMZN,31.2972707,120.5966714,100.0,BUSY,M-L-001,V3
302,302,M-UAV-01,M600,31.3108767,120.6039862,30.5,AVAILABLE,,
302,302,M-UAV-02,M600,31.2971716,120.5956323,30.5,AVAILABLE,,
303,303,EVTOL-01,EC35,31.3126981,120.5981044,199.9,BUSY,M-P-001,V2
303,303,L-UAV-01,AMZN,31.2973185,120.5968198,100.0,BUSY,M-L-001,V3
303,303,M-UAV-01,M600,31.3108767,120.6039862,30.5,AVAILABLE,,
303,303,M-UAV-02,M600,31.2971716,120.5956323,30.5,AVAILABLE,,
304,304,EVTOL-01,EC35,31.3124808,120.5977638,199.9,BUSY,M-P-001,V2
304,304,L-UAV-01,AMZN,31.2974021,120.5969447,100.0,BUSY,M-L-001,V3
304,304,M-UAV-01,M600,31.3108767,120.6039862,30.5,AVAILABLE,,
304,304,M-UAV-02,M600,31.2971716,120.5956323,30.5,AVAILABLE,,
305,305,EVTOL-01,EC35,31.3122320,120.5974541,199.9,BUSY,M-P-001,V2
305,305,L-UAV-01,AMZN,31.2975137,120.5970347,100.0,BUSY,M-L-001,V3
305,305,M-UAV-01,M600,31.3108767,120.6039862,30.5,AVAILABLE,,
305,305,M-UAV-02,M600,31.2971716,120.5956323,30.5,AVAILABLE,,
306,306,EVTOL-01,EC35,31.3119548,120.5971794,199.9,BUSY,M-P-001,V2
306,306,L-UAV-01,AMZN,31.2976329,120.5971102,100.0,BUSY,M-L-001,V3
306,306,M-UAV-01,M600,31.3108767,120.6039862,30.5,AVAILABLE,,
306,306,M-UAV-02,M600,31.2971716,120.5956323,30.5,AVAILABLE,,
307,307,EVTOL-01,EC35,31.3116529,120.5969430,199.9,BUSY,M-P-001,V2
307,307,L-UAV-01,AMZN,31.2977522,120.5971856,100.0,BUSY,M-L-001,V3
307,307,M-UAV-01,M600,31.3108767,120.6039862,30.5,AVAILABLE,,
307,307,M-UAV-02,M600,31.2971716,120.5956323,30.5,AVAILABLE,,
308,308,EVTOL-01,EC35,31.3113302,120.5967481,199.9,BUSY,M-P-001,V2
308,308,L-UAV-01,AMZN,31.2978714,120.5972611,100.0,BUSY,M-L-001,V3
308,308,M-UAV-01,M600,31.3108767,120.6039862,30.5,AVAILABLE,,
308,308,M-UAV-02,M600,31.2971716,120.5956323,30.5,AVAILABLE,,
309,309,EVTOL-01,EC35,31.3109907,120.5965971,199.9,BUSY,M-P-001,V2
309,309,L-UAV-01,AMZN,31.2979906,120.5973365,100.0,BUSY,M-L-001,V3
309,309,M-UAV-01,M600,31.3108767,120.6039862,30.5,AVAILABLE,,
309,309,M-UAV-02,M600,31.2971716,120.5956323,30.5,AVAILABLE,,
310,310,EVTOL-01,EC35,31.3106388,120.5964920,199.9,BUSY,M-P-001,V2
310,310,L-UAV-01,AMZN,31.2981099,120.5974120,100.0,BUSY,M-L-001,V3
310,310,M-UAV-01,M600,31.3108767,120.6039862,30.5,AVAILABLE,,
310,310,M-UAV-02,M600,31.2971716,120.5956323,30.5,AVAILABLE,,
311,311,EVTOL-01,EC35,31.3102789,120.5964341,199.9,BUSY,M-P-001,V2
311,311,L-UAV-01,AMZN,31.2982291,120.5974875,100.0,BUSY,M-L-001,V3
311,311,M-UAV-01,M600,31.3108767,120.6039862,30.5,AVAILABLE,,
311,311,M-UAV-02,M600,31.2971716,120.5956323,30.5,AVAILABLE,,
312,312,EVTOL-01,EC35,31.3099163,120.5964119,199.9,BUSY,M-P-001,V2
312,312,L-UAV-01,AMZN,31.2983483,120.5975629,100.0,BUSY,M-L-001,V3
312,312,M-UAV-01,M600,31.3108767,120.6039862,30.5,AVAILABLE,,
312,312,M-UAV-02,M600,31.2971716,120.5956323,30.5,AVAILABLE,,
313,313,EVTOL-01,EC35,31.3095536,120.5963897,199.9,BUSY,M-P-001,V2
313,313,L-UAV-01,AMZN,31.2984675,120.5976384,100.0,BUSY,M-L-001,V3
313,313,M-UAV-01,M600,31.3108767,120.6039862,30.5,AVAILABLE,,
313,313,M-UAV-02,M600,31.2971716,120.5956323,30.5,AVAILABLE,,
314,314,EVTOL-01,EC35,31.3091909,120.5963675,199.9,BUSY,M-P-001,V2
314,314,L-UAV-01,AMZN,31.2985868,120.5977138,100.0,BUSY,M-L-001,V3
314,314,M-UAV-01,M600,31.3108767,120.6039862,30.5,AVAILABLE,,
314,314,M-UAV-02,M600,31.2971716,120.5956323,30.5,AVAILABLE,,
315,315,EVTOL-01,EC35,31.3088282,120.5963454,199.9,BUSY,M-P-001,V2
315,315,L-UAV-01,AMZN,31.2987060,120.5977893,100.0,BUSY,M-L-001,V3
315,315,M-UAV-01,M600,31.3108767,120.6039862,30.5,AVAILABLE,,
315,315,M-UAV-02,M600,31.2971716,120.5956323,30.5,AVAILABLE,,
316,316,EVTOL-01,EC35,31.3084655,120.5963232,199.9,BUSY,M-P-001,V2
316,316,L-UAV-01,AMZN,31.2988252,120.5978648,100.0,BUSY,M-L-001,V3
316,316,M-UAV-01,M600,31.3108767,120.6039862,30.5,AVAILABLE,,
316,316,M-UAV-02,M600,31.2971716,120.5956323,30.5,AVAILABLE,,
317,317,EVTOL-01,EC35,31.3081028,120.5963010,199.9,BUSY,M-P-001,V2
317,317,L-UAV-01,AMZN,31.2989445,120.5979402,100.0,BUSY,M-L-001,V3
317,317,M-UAV-01,M600,31.3108767,120.6039862,30.5,AVAILABLE,,
317,317,M-UAV-02,M600,31.2971716,120.5956323,30.5,AVAILABLE,,
318,318,EVTOL-01,EC35,31.3077401,120.5962788,199.9,BUSY,M-P-001,V2
318,318,L-UAV-01,AMZN,31.2990637,120.5980157,100.0,BUSY,M-L-001,V3
318,318,M-UAV-01,M600,31.3108767,120.6039862,30.5,AVAILABLE,,
318,318,M-UAV-02,M600,31.2971716,120.5956323,30.5,AVAILABLE,,
319,319,EVTOL-01,EC35,31.3073774,120.5962566,199.9,BUSY,M-P-001,V2
319,319,L-UAV-01,AMZN,31.2991829,120.5980911,100.0,BUSY,M-L-001,V3
319,319,M-UAV-01,M600,31.3108767,120.6039862,30.5,AVAILABLE,,
319,319,M-UAV-02,M600,31.2971716,120.5956323,30.5,AVAILABLE,,
320,320,EVTOL-01,EC35,31.3070147,120.5962344,199.9,BUSY,M-P-001,V2
320,320,L-UAV-01,AMZN,31.2993022,120.5981666,100.0,BUSY,M-L-001,V3
320,320,M-UAV-01,M600,31.3108767,120.6039862,30.5,AVAILABLE,,
320,320,M-UAV-02,M600,31.2971716,120.5956323,30.5,AVAILABLE,,
321,321,EVTOL-01,EC35,31.3066520,120.5962122,199.9,BUSY,M-P-001,V2
321,321,L-UAV-01,AMZN,31.2994214,120.5982421,100.0,BUSY,M-L-001,V3
321,321,M-UAV-01,M600,31.3108767,120.6039862,30.5,AVAILABLE,,
321,321,M-UAV-02,M600,31.2971716,120.5956323,30.5,AVAILABLE,,
322,322,EVTOL-01,EC35,31.3062893,120.5961900,199.9,BUSY,M-P-001,V2
322,322,L-UAV-01,AMZN,31.2995406,120.5983175,100.0,BUSY,M-L-001,V3
322,322,M-UAV-01,M600,31.3108767,120.6039862,30.5,AVAILABLE,,
322,322,M-UAV-02,M600,31.2971716,120.5956323,30.5,AVAILABLE,,
323,323,EVTOL-01,EC35,31.3059266,120.5961679,199.9,BUSY,M-P-001,V2
323,323,L-UAV-01,AMZN,31.2996598,120.5983930,100.0,BUSY,M-L-001,V3
323,323,M-UAV-01,M600,31.3108767,120.6039862,30.5,AVAILABLE,,
323,323,M-UAV-02,M600,31.2971716,120.5956323,30.5,AVAILABLE,,
324,324,EVTOL-01,EC35,31.3055639,120.5961457,199.9,BUSY,M-P-001,V2
324,324,L-UAV-01,AMZN,31.2997791,120.5984684,100.0,BUSY,M-L-001,V3
324,324,M-UAV-01,M600,31.3108767,120.6039862,30.5,AVAILABLE,,
324,324,M-UAV-02,M600,31.2971716,120.5956323,30.5,AVAILABLE,,
325,325,EVTOL-01,EC35,31.3052012,120.5961235,199.9,BUSY,M-P-001,V2
325,325,L-UAV-01,AMZN,31.2998983,120.5985439,100.0,BUSY,M-L-001,V3
325,325,M-UAV-01,M600,31.3108767,120.6039862,30.5,AVAILABLE,,
325,325,M-UAV-02,M600,31.2971716,120.5956323,30.5,AVAILABLE,,
326,326,EVTOL-01,EC35,31.3048385,120.5961013,199.9,BUSY,M-P-001,V2
326,326,L-UAV-01,AMZN,31.3000175,120.5986194,100.0,BUSY,M-L-001,V3
326,326,M-UAV-01,M600,31.3108767,120.6039862,30.5,AVAILABLE,,
326,326,M-UAV-02,M600,31.2971716,120.5956323,30.5,AVAILABLE,,
327,327,EVTOL-01,EC35,31.3044758,120.5960791,199.9,BUSY,M-P-001,V2
327,327,L-UAV-01,AMZN,31.3001368,120.5986948,100.0,BUSY,M-L-001,V3
327,327,M-UAV-01,M600,31.3108767,120.6039862,30.5,AVAILABLE,,
327,327,M-UAV-02,M600,31.2971716,120.5956323,30.5,AVAILABLE,,
328,328,EVTOL-01,EC35,31.3041131,120.5960569,199.9,BUSY,M-P-001,V2
328,328,L-UAV-01,AMZN,31.3002560,120.5987703,100.0,BUSY,M-L-001,V3
328,328,M-UAV-01,M600,31.3108767,120.6039862,30.5,AVAILABLE,,
328,328,M-UAV-02,M600,31.2971716,120.5956323,30.5,AVAILABLE,,
329,329,EVTOL-01,EC35,31.3037504,120.5960347,199.9,BUSY,M-P-001,V2
329,329,L-UAV-01,AMZN,31.3003752,120.5988457,100.0,BUSY,M-L-001,V3
329,329,M-UAV-01,M600,31.3108767,120.6039862,30.5,AVAILABLE,,
329,329,M-UAV-02,M600,31.2971716,120.5956323,30.5,AVAILABLE,,
330,330,EVTOL-01,EC35,31.3033877,120.5960125,199.9,BUSY,M-P-001,V2
330,330,L-UAV-01,AMZN,31.3004944,120.5989212,100.0,BUSY,M-L-001,V3
330,330,M-UAV-01,M600,31.3108767,120.6039862,30.5,AVAILABLE,,
330,330,M-UAV-02,M600,31.2971716,120.5956323,30.5,AVAILABLE,,
331,331,EVTOL-01,EC35,31.3030250,120.5959904,199.9,BUSY,M-P-001,V2
331,331,L-UAV-01,AMZN,31.3006137,120.5989967,100.0,BUSY,M-L-001,V3
331,331,M-UAV-01,M600,31.3108767,120.6039862,30.5,AVAILABLE,,
331,331,M-UAV-02,M600,31.2971716,120.5956323,30.5,AVAILABLE,,
332,332,EVTOL-01,EC35,31.3026623,120.5959682,199.9,BUSY,M-P-001,V2
332,332,L-UAV-01,AMZN,31.3007329,120.5990721,100.0,BUSY,M-L-001,V3
332,332,M-UAV-01,M600,31.3108767,120.6039862,30.5,AVAILABLE,,
332,332,M-UAV-02,M600,31.2971716,120.5956323,30.5,AVAILABLE,,
333,333,EVTOL-01,EC35,31.3022996,120.5959460,199.9,BUSY,M-P-001,V2
333,333,L-UAV-01,AMZN,31.3008521,120.5991476,100.0,BUSY,M-L-001,V3
333,333,M-UAV-01,M600,31.3108767,120.6039862,30.5,AVAILABLE,,
333,333,M-UAV-02,M600,31.2971716,120.5956323,30.5,AVAILABLE,,
334,334,EVTOL-01,EC35,31.3019370,120.5959238,199.9,BUSY,M-P-001,V2
334,334,L-UAV-01,AMZN,31.3009714,120.5992231,100.0,BUSY,M-L-001,V3
334,334,M-UAV-01,M600,31.3108767,120.6039862,30.5,AVAILABLE,,
334,334,M-UAV-02,M600,31.2971716,120.5956323,30.5,AVAILABLE,,
335,335,EVTOL-01,EC35,31.3015743,120.5959016,199.9,BUSY,M-P-001,V2
335,335,L-UAV-01,AMZN,31.3010906,120.5992985,100.0,BUSY,M-L-001,V3
335,335,M-UAV-01,M600,31.3108767,120.6039862,30.5,AVAILABLE,,
335,335,M-UAV-02,M600,31.2971716,120.5956323,30.5,AVAILABLE,,
336,336,EVTOL-01,EC35,31.3012116,120.5958794,199.9,BUSY,M-P-001,V2
336,336,L-UAV-01,AMZN,31.3012098,120.5993740,100.0,BUSY,M-L-001,V3
336,336,M-UAV-01,M600,31.3108767,120.6039862,30.5,AVAILABLE,,
336,336,M-UAV-02,M600,31.2971716,120.5956323,30.5,AVAILABLE,,
337,337,EVTOL-01,EC35,31.3008489,120.5958572,199.9,BUSY,M-P-001,V2
337,337,L-UAV-01,AMZN,31.3013290,120.5994494,100.0,BUSY,M-L-001,V3
337,337,M-UAV-01,M600,31.3108767,120.6039862,30.5,AVAILABLE,,
337,337,M-UAV-02,M600,31.2971716,120.5956323,30.5,AVAILABLE,,
338,338,EVTOL-01,EC35,31.3004862,120.5958351,199.9,BUSY,M-P-001,V2
338,338,L-UAV-01,AMZN,31.3014483,120.5995249,100.0,BUSY,M-L-001,V3
338,338,M-UAV-01,M600,31.3108767,120.6039862,30.5,AVAILABLE,,
338,338,M-UAV-02,M600,31.2971716,120.5956323,30.5,AVAILABLE,,
339,339,EVTOL-01,EC35,31.3001235,120.5958129,199.9,BUSY,M-P-001,V2
339,339,L-UAV-01,AMZN,31.3015675,120.5996004,100.0,BUSY,M-L-001,V3
339,339,M-UAV-01,M600,31.3108767,120.6039862,30.5,AVAILABLE,,
339,339,M-UAV-02,M600,31.2971716,120.5956323,30.5,AVAILABLE,,
340,340,EVTOL-01,EC35,31.2997608,120.5957907,199.9,BUSY,M-P-001,V2
340,340,L-UAV-01,AMZN,31.3016867,120.5996758,100.0,BUSY,M-L-001,V3
340,340,M-UAV-01,M600,31.3108767,120.6039862,30.5,AVAILABLE,,
340,340,M-UAV-02,M600,31.2971716,120.5956323,30.5,AVAILABLE,,
341,341,EVTOL-01,EC35,31.2993981,120.5957685,199.9,BUSY,M-P-001,V2
341,341,L-UAV-01,AMZN,31.3018060,120.5997513,100.0,BUSY,M-L-001,V3
341,341,M-UAV-01,M600,31.3108767,120.6039862,30.5,AVAILABLE,,
341,341,M-UAV-02,M600,31.2971716,120.5956323,30.5,AVAILABLE,,
342,342,EVTOL-01,EC35,31.2990354,120.5957463,199.9,BUSY,M-P-001,V2
342,342,L-UAV-01,AMZN,31.3019252,120.5998268,100.0,BUSY,M-L-001,V3
342,342,M-UAV-01,M600,31.3108767,120.6039862,30.5,AVAILABLE,,
342,342,M-UAV-02,M600,31.2971716,120.5956323,30.5,AVAILABLE,,
343,343,EVTOL-01,EC35,31.2986727,120.5957241,199.9,BUSY,M-P-001,V2
343,343,L-UAV-01,AMZN,31.3020444,120.5999022,100.0,BUSY,M-L-001,V3
343,343,M-UAV-01,M600,31.3108767,120.6039862,30.5,AVAILABLE,,
343,343,M-UAV-02,M600,31.2971716,120.5956323,30.5,AVAILABLE,,
344,344,EVTOL-01,EC35,31.2983100,120.5957020,199.9,BUSY,M-P-001,V2
344,344,L-UAV-01,AMZN,31.3021636,120.5999777,100.0,BUSY,M-L-001,V3
344,344,M-UAV-01,M600,31.3108767,120.6039862,30.5,AVAILABLE,,
344,344,M-UAV-02,M600,31.2971716,120.5956323,30.5,AVAILABLE,,
345,345,EVTOL-01,EC35,31.2979473,120.5956798,199.9,BUSY,M-P-001,V1
345,345,L-UAV-01,AMZN,31.3022829,120.6000532,100.0,BUSY,M-L-001,V3
345,345,M-UAV-01,M600,31.3108767,120.6039862,30.5,AVAILABLE,,
345,345,M-UAV-02,M600,31.2971716,120.5956323,30.5,AVAILABLE,,
346,346,EVTOL-01,EC35,31.2975848,120.5957057,199.9,BUSY,M-P-001,V1
346,346,L-UAV-01,AMZN,31.3024021,120.6001286,100.0,BUSY,M-L-001,V3
346,346,M-UAV-01,M600,31.3108767,120.6039862,30.5,AVAILABLE,,
346,346,M-UAV-02,M600,31.2971716,120.5956323,30.5,AVAILABLE,,
347,347,EVTOL-01,EC35,31.2972271,120.5957794,199.9,BUSY,M-P-001,V1
347,347,L-UAV-01,AMZN,31.3025213,120.6002041,100.0,BUSY,M-L-001,V3
347,347,M-UAV-01,M600,31.3108767,120.6039862,30.5,AVAILABLE,,
347,347,M-UAV-02,M600,31.2971716,120.5956323,30.5,AVAILABLE,,
348,348,EVTOL-01,EC35,31.2968788,120.5958999,199.9,BUSY,M-P-001,V1
348,348,L-UAV-01,AMZN,31.3026406,120.6002796,100.0,BUSY,M-L-001,V3
348,348,M-UAV-01,M600,31.3108767,120.6039862,30.5,AVAILABLE,,
348,348,M-UAV-02,M600,31.2971716,120.5956323,30.5,AVAILABLE,,
349,349,EVTOL-01,EC35,31.2965444,120.5960657,199.9,BUSY,M-P-001,V1
349,349,L-UAV-01,AMZN,31.3027598,120.6003550,100.0,BUSY,M-L-001,V3
349,349,M-UAV-01,M600,31.3108767,120.6039862,30.5,AVAILABLE,,
349,349,M-UAV-02,M600,31.2971716,120.5956323,30.5,AVAILABLE,,
350,350,EVTOL-01,EC35,31.2962281,120.5962747,199.9,BUSY,M-P-001,V1
350,350,L-UAV-01,AMZN,31.3028790,120.6004305,100.0,BUSY,M-L-001,V3
350,350,M-UAV-01,M600,31.3108767,120.6039862,30.5,AVAILABLE,,
350,350,M-UAV-02,M600,31.2971716,120.5956323,30.5,AVAILABLE,,
351,351,EVTOL-01,EC35,31.2959341,120.5965241,199.9,BUSY,M-P-001,V1
351,351,L-UAV-01,AMZN,31.3029982,120.6005060,100.0,BUSY,M-L-001,V3
351,351,M-UAV-01,M600,31.3108767,120.6039862,30.5,AVAILABLE,,
351,351,M-UAV-02,M600,31.2971716,120.5956323,30.5,AVAILABLE,,
352,352,EVTOL-01,EC35,31.2956660,120.5968108,199.9,BUSY,M-P-001,V1
352,352,L-UAV-01,AMZN,31.3031175,120.6005814,100.0,BUSY,M-L-001,V3
352,352,M-UAV-01,M600,31.3108767,120.6039862,30.5,AVAILABLE,,
352,352,M-UAV-02,M600,31.2971716,120.5956323,30.5,AVAILABLE,,
353,353,EVTOL-01,EC35,31.2954273,120.5971312,199.9,BUSY,M-P-001,V1
353,353,L-UAV-01,AMZN,31.3032367,120.6006569,100.0,BUSY,M-L-001,V3
353,353,M-UAV-01,M600,31.3108767,120.6039862,30.5,AVAILABLE,,
353,353,M-UAV-02,M600,31.2971716,120.5956323,30.5,AVAILABLE,,
354,354,EVTOL-01,EC35,31.2952210,120.5974810,199.9,BUSY,M-P-001,V1
354,354,L-UAV-01,AMZN,31.3033559,120.6007324,100.0,BUSY,M-L-001,V3
354,354,M-UAV-01,M600,31.3108767,120.6039862,30.5,AVAILABLE,,
354,354,M-UAV-02,M600,31.2971716,120.5956323,30.5,AVAILABLE,,
355,355,EVTOL-01,EC35,31.2950499,120.5978559,199.9,BUSY,M-P-001,V1
355,355,L-UAV-01,AMZN,31.3034752,120.6008078,100.0,BUSY,M-L-001,V3
355,355,M-UAV-01,M600,31.3108767,120.6039862,30.5,AVAILABLE,,
355,355,M-UAV-02,M600,31.2971716,120.5956323,30.5,AVAILABLE,,
356,356,EVTOL-01,EC35,31.2949160,120.5982510,199.9,BUSY,M-P-001,V1
356,356,L-UAV-01,AMZN,31.3035944,120.6008833,100.0,BUSY,M-L-001,V3
356,356,M-UAV-01,M600,31.3108767,120.6039862,30.5,AVAILABLE,,
356,356,M-UAV-02,M600,31.2971716,120.5956323,30.5,AVAILABLE,,
357,357,EVTOL-01,EC35,31.2948212,120.5986613,199.9,BUSY,M-P-001,V1
357,357,L-UAV-01,AMZN,31.3037136,120.6009588,100.0,BUSY,M-L-001,V3
357,357,M-UAV-01,M600,31.3108767,120.6039862,30.5,AVAILABLE,,
357,357,M-UAV-02,M600,31.2971716,120.5956323,30.5,AVAILABLE,,
358,358,EVTOL-01,EC35,31.2947665,120.5990815,199.9,BUSY,M-P-001,V1
358,358,L-UAV-01,AMZN,31.3038328,120.6010342,100.0,BUSY,M-L-001,V3
358,358,M-UAV-01,M600,31.3108767,120.6039862,30.5,AVAILABLE,,
358,358,M-UAV-02,M600,31.2971716,120.5956323,30.5,AVAILABLE,,
359,359,EVTOL-01,EC35,31.2947528,120.5995062,199.9,BUSY,M-P-001,V1
359,359,L-UAV-01,AMZN,31.3039521,120.6011097,100.0,BUSY,M-L-001,V3
359,359,M-UAV-01,M600,31.3108767,120.6039862,30.5,AVAILABLE,,
359,359,M-UAV-02,M600,31.2971716,120.5956323,30.5,AVAILABLE,,
360,360,EVTOL-01,EC35,31.2947802,120.5999300,199.9,BUSY,M-P-001,V1
360,360,L-UAV-01,AMZN,31.3040713,120.6011852,100.0,BUSY,M-L-001,V3
360,360,M-UAV-01,M600,31.3108767,120.6039862,30.5,AVAILABLE,,
360,360,M-UAV-02,M600,31.2971716,120.5956323,30.5,AVAILABLE,,
361,361,EVTOL-01,EC35,31.2948484,120.6003475,199.9,BUSY,M-P-001,V1
361,361,L-UAV-01,AMZN,31.3041905,120.6012606,100.0,BUSY,M-L-001,V3
361,361,M-UAV-01,M600,31.3108767,120.6039862,30.5,AVAILABLE,,
361,361,M-UAV-02,M600,31.2971866,120.5956438,32.0,CONTINGENCY,,V3
362,362,EVTOL-01,EC35,31.2949564,120.6007533,199.9,BUSY,M-P-001,V1
362,362,L-UAV-01,AMZN,31.3043097,120.6013361,100.0,BUSY,M-L-001,V3
362,362,M-UAV-01,M600,31.3108767,120.6039862,30.5,AVAILABLE,,
362,362,M-UAV-02,M600,31.2972168,120.5956667,35.1,CONTINGENCY,,V3
363,363,EVTOL-01,EC35,31.2951029,120.6011422,199.9,BUSY,M-P-001,V1
363,363,L-UAV-01,AMZN,31.3044290,120.6014116,100.0,BUSY,M-L-001,V3
363,363,M-UAV-01,M600,31.3108767,120.6039862,30.5,AVAILABLE,,
363,363,M-UAV-02,M600,31.2972621,120.5957011,39.6,CONTINGENCY,,V3
364,364,EVTOL-01,EC35,31.2952860,120.6015093,199.9,BUSY,M-P-001,V1
364,364,L-UAV-01,AMZN,31.3045482,120.6014870,100.0,BUSY,M-L-001,V3
364,364,M-UAV-01,M600,31.3108767,120.6039862,30.5,AVAILABLE,,
364,364,M-UAV-02,M600,31.2973225,120.5957469,45.7,CONTINGENCY,,V3
365,365,EVTOL-01,EC35,31.2955034,120.6018498,199.9,BUSY,M-P-001,V1
365,365,L-UAV-01,AMZN,31.3046674,120.6015625,100.0,BUSY,M-L-001,V3
365,365,M-UAV-01,M600,31.3108767,120.6039862,30.5,AVAILABLE,,
365,365,M-UAV-02,M600,31.2973979,120.5958042,53.3,CONTINGENCY,,V3
366,366,EVTOL-01,EC35,31.2957522,120.6021594,199.9,BUSY,M-P-001,V1
366,366,L-UAV-01,AMZN,31.3047867,120.6016380,100.0,BUSY,M-L-001,V3
366,366,M-UAV-01,M600,31.3108767,120.6039862,30.5,AVAILABLE,,
366,366,M-UAV-02,M600,31.2974884,120.5958729,61.0,CONTINGENCY,,V3
367,367,EVTOL-01,EC35,31.2960294,120.6024340,199.9,BUSY,M-P-001,V1
367,367,L-UAV-01,AMZN,31.3049059,120.6017134,100.0,BUSY,M-L-001,V3
367,367,M-UAV-01,M600,31.3108767,120.6039862,30.5,AVAILABLE,,
367,367,M-UAV-02,M600,31.2975941,120.5959531,68.6,CONTINGENCY,,V3
368,368,EVTOL-01,EC35,31.2963313,120.6026703,199.9,BUSY,M-P-001,V1
368,368,L-UAV-01,AMZN,31.3050251,120.6017889,100.0,BUSY,M-L-001,V3
368,368,M-UAV-01,M600,31.3108767,120.6039862,30.5,AVAILABLE,,
368,368,M-UAV-02,M600,31.2977076,120.5960393,76.2,CONTINGENCY,,V3
369,369,EVTOL-01,EC35,31.2966541,120.6028652,199.9,BUSY,M-P-001,V1
369,369,L-UAV-01,AMZN,31.3051443,120.6018644,100.0,BUSY,M-L-001,V3
369,369,M-UAV-01,M600,31.3108767,120.6039862,30.5,AVAILABLE,,
369,369,M-UAV-02,M600,31.2978212,120.5961255,83.8,CONTINGENCY,,V3
370,370,EVTOL-01,EC35,31.2969936,120.6030161,199.9,BUSY,M-P-001,V1
370,370,L-UAV-01,AMZN,31.3052636,120.6019398,100.0,BUSY,M-L-001,V3
370,370,M-UAV-01,M600,31.3108767,120.6039862,30.5,AVAILABLE,,
370,370,M-UAV-02,M600,31.2979348,120.5962118,91.4,CONTINGENCY,,V3
371,371,EVTOL-01,EC35,31.2973455,120.6031211,199.9,BUSY,M-P-001,V1
371,371,L-UAV-01,AMZN,31.3053828,120.6020153,100.0,BUSY,M-L-001,V3
371,371,M-UAV-01,M600,31.3108767,120.6039862,30.5,AVAILABLE,,
371,371,M-UAV-02,M600,31.2980485,120.5962981,99.1,CONTINGENCY,,V3
372,372,EVTOL-01,EC35,31.2977053,120.6031790,199.9,BUSY,M-P-001,V1
372,372,L-UAV-01,AMZN,31.3055020,120.6020908,100.0,BUSY,M-L-001,V3
372,372,M-UAV-01,M600,31.3108767,120.6039862,30.5,AVAILABLE,,
372,372,M-UAV-02,M600,31.2981622,120.5963844,100.0,CONTINGENCY,,V3
373,373,EVTOL-01,EC35,31.2980680,120.6032012,199.9,BUSY,M-P-001,V1
373,373,L-UAV-01,AMZN,31.3056212,120.6021663,100.0,BUSY,M-L-001,V3
373,373,M-UAV-01,M600,31.3108767,120.6039862,30.5,AVAILABLE,,
373,373,M-UAV-02,M600,31.2982759,120.5964707,100.0,CONTINGENCY,,V3
374,374,EVTOL-01,EC35,31.2984307,120.6032234,199.9,BUSY,M-P-001,V1
374,374,L-UAV-01,AMZN,31.3057405,120.6022417,100.0,BUSY,M-L-001,V3
374,374,M-UAV-01,M600,31.3108767,120.6039862,30.5,AVAILABLE,,
374,374,M-UAV-02,M600,31.2983896,120.5965571,100.0,CONTINGENCY,,V3
375,375,EVTOL-01,EC35,31.2987934,120.6032456,199.9,BUSY,M-P-001,V1
375,375,L-UAV-01,AMZN,31.3058597,120.6023172,100.0,BUSY,M-L-001,V2
375,375,M-UAV-01,M600,31.3108767,120.6039862,30.5,AVAILABLE,,
375,375,M-UAV-02,M600,31.2985034,120.5966434,100.0,CONTINGENCY,,V3
376,376,EVTOL-01,EC35,31.2991561,120.6032679,199.9,BUSY,M-P-001,V1
376,376,L-UAV-01,AMZN,31.3059927,120.6023475,100.0,BUSY,M-L-001,V2
376,376,M-UAV-01,M600,31.3108767,120.6039862,30.5,AVAILABLE,,
376,376,M-UAV-02,M600,31.2986171,120.5967297,100.0,CONTINGENCY,,V3
377,377,EVTOL-01,EC35,31.2995188,120.6032901,199.9,BUSY,M-P-001,V1
377,377,L-UAV-01,AMZN,31.3061275,120.6023299,100.0,BUSY,M-L-001,V2
377,377,M-UAV-01,M600,31.3108767,120.6039862,30.5,AVAILABLE,,
377,377,M-UAV-02,M600,31.2987308,120.5968160,100.0,CONTINGENCY,,V3
378,378,EVTOL-01,EC35,31.2998815,120.6033123,199.9,BUSY,M-P-001,V1
378,378,L-UAV-01,AMZN,31.3062515,120.6022661,100.0,BUSY,M-L-001,V2
378,378,M-UAV-01,M600,31.3108767,120.6039862,30.5,AVAILABLE,,
378,378,M-UAV-02,M600,31.2988445,120.5969024,100.0,CONTINGENCY,,V3
379,379,EVTOL-01,EC35,31.3002442,120.6033345,199.9,BUSY,M-P-001,V1
379,379,L-UAV-01,AMZN,31.3063536,120.6021617,100.0,BUSY,M-L-001,V2
379,379,M-UAV-01,M600,31.3108767,120.6039862,30.5,AVAILABLE,,
379,379,M-UAV-02,M600,31.2989582,120.5969887,100.0,CONTINGENCY,,V3
380,380,EVTOL-01,EC35,31.3006069,120.6033568,199.9,BUSY,M-P-001,V1
380,380,L-UAV-01,AMZN,31.3064244,120.6020264,100.0,BUSY,M-L-001,V2
380,380,M-UAV-01,M600,31.3108767,120.6039862,30.5,AVAILABLE,,
380,380,M-UAV-02,M600,31.2990719,120.5970750,100.0,CONTINGENCY,,V3
381,381,EVTOL-01,EC35,31.3009696,120.6033790,199.9,BUSY,M-P-001,V1
381,381,L-UAV-01,AMZN,31.3064575,120.6018726,100.0,BUSY,M-L-001,V2
381,381,M-UAV-01,M600,31.3108767,120.6039862,30.5,AVAILABLE,,
381,381,M-UAV-02,M600,31.2991857,120.5971614,100.0,CONTINGENCY,,V3
382,382,EVTOL-01,EC35,31.3013322,120.6034012,199.9,BUSY,M-P-001,V1
382,382,L-UAV-01,AMZN,31.3064497,120.6017142,100.0,BUSY,M-L-001,V2
382,382,M-UAV-01,M600,31.3108767,120.6039862,30.5,AVAILABLE,,
382,382,M-UAV-02,M600,31.2992994,120.5972477,100.0,CONTINGENCY,,V3
383,383,EVTOL-01,EC35,31.3016949,120.6034234,199.9,BUSY,M-P-001,V1
383,383,L-UAV-01,AMZN,31.3064019,120.6015657,100.0,BUSY,M-L-001,V2
383,383,M-UAV-01,M600,31.3108767,120.6039862,30.5,AVAILABLE,,
383,383,M-UAV-02,M600,31.2994131,120.5973340,100.0,CONTINGENCY,,V3
384,384,EVTOL-01,EC35,31.3020576,120.6034457,199.9,BUSY,M-P-001,V1
384,384,L-UAV-01,AMZN,31.3063183,120.6014408,100.0,BUSY,M-L-001,V2
384,384,M-UAV-01,M600,31.3108767,120.6039862,30.5,AVAILABLE,,
384,384,M-UAV-02,M600,31.2995268,120.5974204,100.0,CONTINGENCY,,V3
385,385,EVTOL-01,EC35,31.3024203,120.6034679,199.9,BUSY,M-P-001,V1
385,385,L-UAV-01,AMZN,31.3062067,120.6013508,100.0,BUSY,M-L-001,V2
385,385,M-UAV-01,M600,31.3108767,120.6039862,30.5,AVAILABLE,,
385,385,M-UAV-02,M600,31.2996405,120.5975067,100.0,CONTINGENCY,,V3
386,386,EVTOL-01,EC35,31.3027830,120.6034901,199.9,BUSY,M-P-001,V1
386,386,L-UAV-01,AMZN,31.3060875,120.6012753,100.0,BUSY,M-L-001,V2
386,386,M-UAV-01,M600,31.3108767,120.6039862,30.5,AVAILABLE,,
386,386,M-UAV-02,M600,31.2997542,120.5975930,100.0,CONTINGENCY,,V3
387,387,EVTOL-01,EC35,31.3031457,120.6035124,199.9,BUSY,M-P-001,V1
387,387,L-UAV-01,AMZN,31.3059683,120.6011999,100.0,BUSY,M-L-001,V2
387,387,M-UAV-01,M600,31.3108767,120.6039862,30.5,AVAILABLE,,
387,387,M-UAV-02,M600,31.2998680,120.5976794,100.0,CONTINGENCY,,V3
388,388,EVTOL-01,EC35,31.3035084,120.6035346,199.9,BUSY,M-P-001,V1
388,388,L-UAV-01,AMZN,31.3058490,120.6011244,100.0,BUSY,M-L-001,V2
388,388,M-UAV-01,M600,31.3108767,120.6039862,30.5,AVAILABLE,,
388,388,M-UAV-02,M600,31.2999817,120.5977657,100.0,CONTINGENCY,,V3
389,389,EVTOL-01,EC35,31.3038711,120.6035568,199.9,BUSY,M-P-001,V1
389,389,L-UAV-01,AMZN,31.3057298,120.6010489,100.0,BUSY,M-L-001,V2
389,389,M-UAV-01,M600,31.3108767,120.6039862,30.5,AVAILABLE,,
389,389,M-UAV-02,M600,31.3000954,120.5978520,100.0,CONTINGENCY,,V3
390,390,EVTOL-01,EC35,31.3042338,120.6035790,199.9,BUSY,M-P-001,V1
390,390,L-UAV-01,AMZN,31.3056106,120.6009734,100.0,BUSY,M-L-001,V2
390,390,M-UAV-01,M600,31.3108767,120.6039862,30.5,AVAILABLE,,
390,390,M-UAV-02,M600,31.3002091,120.5979384,100.0,CONTINGENCY,,V3
391,391,EVTOL-01,EC35,31.3045965,120.6036013,199.9,BUSY,M-P-001,V1
391,391,L-UAV-01,AMZN,31.3054914,120.6008980,100.0,BUSY,M-L-001,V2
391,391,M-UAV-01,M600,31.3108767,120.6039862,30.5,AVAILABLE,,
391,391,M-UAV-02,M600,31.3003228,120.5980247,100.0,CONTINGENCY,,V3
392,392,EVTOL-01,EC35,31.3049592,120.6036235,199.9,BUSY,M-P-001,V1
392,392,L-UAV-01,AMZN,31.3053721,120.6008225,100.0,BUSY,M-L-001,V2
392,392,M-UAV-01,M600,31.3108767,120.6039862,30.5,AVAILABLE,,
392,392,M-UAV-02,M600,31.3004365,120.5981110,100.0,CONTINGENCY,,V3
393,393,EVTOL-01,EC35,31.3053219,120.6036457,199.9,BUSY,M-P-001,V1
393,393,L-UAV-01,AMZN,31.3052529,120.6007470,100.0,BUSY,M-L-001,V2
393,393,M-UAV-01,M600,31.3108767,120.6039862,30.5,AVAILABLE,,
393,393,M-UAV-02,M600,31.3005502,120.5981974,100.0,CONTINGENCY,,V3
394,394,EVTOL-01,EC35,31.3056846,120.6036679,199.9,BUSY,M-P-001,V1
394,394,L-UAV-01,AMZN,31.3051337,120.6006716,100.0,BUSY,M-L-001,V2
394,394,M-UAV-01,M600,31.3108767,120.6039862,30.5,AVAILABLE,,
394,394,M-UAV-02,M600,31.3006640,120.5982837,100.0,CONTINGENCY,,V3
395,395,EVTOL-01,EC35,31.3060473,120.6036902,199.9,BUSY,M-P-001,V1
395,395,L-UAV-01,AMZN,31.3050144,120.6005961,100.0,BUSY,M-L-001,V2
395,395,M-UAV-01,M600,31.3108767,120.6039862,30.5,AVAILABLE,,
395,395,M-UAV-02,M600,31.3007777,120.5983700,100.0,CONTINGENCY,,V3
396,396,EVTOL-01,EC35,31.3064100,120.6037124,199.9,BUSY,M-P-001,V1
396,396,L-UAV-01,AMZN,31.3048952,120.6005206,100.0,BUSY,M-L-001,V2
396,396,M-UAV-01,M600,31.3108767,120.6039862,30.5,AVAILABLE,,
396,396,M-UAV-02,M600,31.3008914,120.5984564,100.0,CONTINGENCY,,V3
397,397,EVTOL-01,EC35,31.3067727,120.6037346,199.9,BUSY,M-P-001,V1
397,397,L-UAV-01,AMZN,31.3047760,120.6004452,100.0,BUSY,M-L-001,V2
397,397,M-UAV-01,M600,31.3108767,120.6039862,30.5,AVAILABLE,,
397,397,M-UAV-02,M600,31.3010051,120.5985427,100.0,CONTINGENCY,,V3
398,398,EVTOL-01,EC35,31.3071353,120.6037568,199.9,BUSY,M-P-001,V1
398,398,L-UAV-01,AMZN,31.3046568,120.6003697,100.0,BUSY,M-L-001,V2
398,398,M-UAV-01,M600,31.3108767,120.6039862,30.5,AVAILABLE,,
398,398,M-UAV-02,M600,31.3011188,120.5986291,100.0,CONTINGENCY,,V3
399,399,EVTOL-01,EC35,31.3074980,120.6037791,199.9,BUSY,M-P-001,V1
399,399,L-UAV-01,AMZN,31.3045375,120.6002942,100.0,BUSY,M-L-001,V2
399,399,M-UAV-01,M600,31.3108767,120.6039862,30.5,AVAILABLE,,
399,399,M-UAV-02,M600,31.3012325,120.5987154,100.0,CONTINGENCY,,V3
400,400,EVTOL-01,EC35,31.3078607,120.6038013,199.9,BUSY,M-P-001,V1
400,400,L-UAV-01,AMZN,31.3044183,120.6002188,100.0,BUSY,M-L-001,V2
400,400,M-UAV-01,M600,31.3108767,120.6039862,30.5,AVAILABLE,,
400,400,M-UAV-02,M600,31.3013463,120.5988017,100.0,CONTINGENCY,,V3
401,401,EVTOL-01,EC35,31.3082234,120.6038235,199.9,BUSY,M-P-001,V1
401,401,L-UAV-01,AMZN,31.3042991,120.6001433,100.0,BUSY,M-L-001,V2
401,401,M-UAV-01,M600,31.3108767,120.6039862,30.5,AVAILABLE,,
401,401,M-UAV-02,M600,31.3014600,120.5988881,100.0,CONTINGENCY,,V3
402,402,EVTOL-01,EC35,31.3085861,120.6038458,199.9,BUSY,M-P-001,V1
402,402,L-UAV-01,AMZN,31.3041798,120.6000678,100.0,BUSY,M-L-001,V2
402,402,M-UAV-01,M600,31.3108767,120.6039862,30.5,AVAILABLE,,
402,402,M-UAV-02,M600,31.3015737,120.5989744,100.0,CONTINGENCY,,V3
403,403,EVTOL-01,EC35,31.3089488,120.6038680,199.9,BUSY,M-P-001,V1
403,403,L-UAV-01,AMZN,31.3040606,120.5999924,100.0,BUSY,M-L-001,V2
403,403,M-UAV-01,M600,31.3108767,120.6039862,30.5,AVAILABLE,,
403,403,M-UAV-02,M600,31.3016874,120.5990607,100.0,CONTINGENCY,,V3
404,404,EVTOL-01,EC35,31.3093115,120.6038902,199.9,BUSY,M-P-001,V1
404,404,L-UAV-01,AMZN,31.3039414,120.5999169,100.0,BUSY,M-L-001,V2
404,404,M-UAV-01,M600,31.3108767,120.6039862,30.5,AVAILABLE,,
404,404,M-UAV-02,M600,31.3018011,120.5991471,100.0,CONTINGENCY,,V3
405,405,EVTOL-01,EC35,31.3096742,120.6039125,199.9,BUSY,M-P-001,V1
405,405,L-UAV-01,AMZN,31.3038222,120.5998414,100.0,BUSY,M-L-001,V2
405,405,M-UAV-01,M600,31.3108767,120.6039862,30.5,AVAILABLE,,
405,405,M-UAV-02,M600,31.3019148,120.5992334,100.0,CONTINGENCY,,V3
406,406,EVTOL-01,EC35,31.3100369,120.6039347,199.9,BUSY,M-P-001,V2
406,406,L-UAV-01,AMZN,31.3037029,120.5997660,100.0,BUSY,M-L-001,V2
406,406,M-UAV-01,M600,31.3108767,120.6039862,30.5,AVAILABLE,,
406,406,M-UAV-02,M600,31.3020285,120.5993197,100.0,CONTINGENCY,,V3
407,407,EVTOL-01,EC35,31.3103994,120.6039088,199.9,BUSY,M-P-001,V2
407,407,L-UAV-01,AMZN,31.3035837,120.5996905,100.0,BUSY,M-L-001,V2
407,407,M-UAV-01,M600,31.3108767,120.6039862,30.5,AVAILABLE,,
407,407,M-UAV-02,M600,31.3021423,120.5994061,100.0,CONTINGENCY,,V3
408,408,EVTOL-01,EC35,31.3107571,120.6038351,199.9,BUSY,M-P-001,V2
408,408,L-UAV-01,AMZN,31.3034645,120.5996151,100.0,BUSY,M-L-001,V2
408,408,M-UAV-01,M600,31.3108767,120.6039862,30.5,AVAILABLE,,
408,408,M-UAV-02,M600,31.3022560,120.5994924,100.0,CONTINGENCY,,V3
409,409,EVTOL-01,EC35,31.3111054,120.6037146,199.9,BUSY,M-P-001,V2
409,409,L-UAV-01,AMZN,31.3033452,120.5995396,100.0,BUSY,M-L-001,V2
409,409,M-UAV-01,M600,31.3108767,120.6039862,30.5,AVAILABLE,,
409,409,M-UAV-02,M600,31.3023697,120.5995788,100.0,CONTINGENCY,,V3
410,410,EVTOL-01,EC35,31.3114398,120.6035489,199.9,BUSY,M-P-001,V2
410,410,L-UAV-01,AMZN,31.3032260,120.5994641,100.0,BUSY,M-L-001,V2
410,410,M-UAV-01,M600,31.3108767,120.6039862,30.5,AVAILABLE,,
410,410,M-UAV-02,M600,31.3024834,120.5996651,100.0,CONTINGENCY,,V3
411,411,EVTOL-01,EC35,31.3117561,120.6033399,199.9,BUSY,M-P-001,V2
411,411,L-UAV-01,AMZN,31.3031068,120.5993887,100.0,BUSY,M-L-001,V2
411,411,M-UAV-01,M600,31.3108767,120.6039862,30.5,AVAILABLE,,
411,411,M-UAV-02,M600,31.3025971,120.5997514,100.0,CONTINGENCY,,V3
412,412,EVTOL-01,EC35,31.3120502,120.6030905,199.9,BUSY,M-P-001,V2
412,412,L-UAV-01,AMZN,31.3029876,120.5993132,100.0,BUSY,M-L-001,V2
412,412,M-UAV-01,M600,31.3108767,120.6039862,30.5,AVAILABLE,,
412,412,M-UAV-02,M600,31.3027108,120.5998378,100.0,CONTINGENCY,,V3
413,413,EVTOL-01,EC35,31.3123183,120.6028037,199.9,BUSY,M-P-001,V2
413,413,L-UAV-01,AMZN,31.3028683,120.5992377,100.0,BUSY,M-L-001,V2
413,413,M-UAV-01,M600,31.3108767,120.6039862,30.5,AVAILABLE,,
413,413,M-UAV-02,M600,31.3028245,120.5999241,100.0,CONTINGENCY,,V3
414,414,EVTOL-01,EC35,31.3125571,120.6024833,199.9,BUSY,M-P-001,V2
414,414,L-UAV-01,AMZN,31.3027491,120.5991623,100.0,BUSY,M-L-001,V2
414,414,M-UAV-01,M600,31.3108767,120.6039862,30.5,AVAILABLE,,
414,414,M-UAV-02,M600,31.3029383,120.6000104,100.0,CONTINGENCY,,V3
415,415,EVTOL-01,EC35,31.3127633,120.6021335,199.9,BUSY,M-P-001,V2
415,415,L-UAV-01,AMZN,31.3026299,120.5990868,100.0,BUSY,M-L-001,V2
415,415,M-UAV-01,M600,31.3108767,120.6039862,30.5,AVAILABLE,,
415,415,M-UAV-02,M600,31.3030520,120.6000968,100.0,CONTINGENCY,,V3
416,416,EVTOL-01,EC35,31.3129345,120.6017585,199.9,BUSY,M-P-001,V2
416,416,L-UAV-01,AMZN,31.3025106,120.5990113,100.0,BUSY,M-L-001,V2
416,416,M-UAV-01,M600,31.3108767,120.6039862,30.5,AVAILABLE,,
416,416,M-UAV-02,M600,31.3031657,120.6001831,100.0,CONTINGENCY,,V3
417,417,EVTOL-01,EC35,31.3130684,120.6013633,199.9,BUSY,M-P-001,V2
417,417,L-UAV-01,AMZN,31.3023914,120.5989359,100.0,BUSY,M-L-001,V2
417,417,M-UAV-01,M600,31.3108767,120.6039862,30.5,AVAILABLE,,
417,417,M-UAV-02,M600,31.3032794,120.6002695,100.0,CONTINGENCY,,V3
418,418,EVTOL-01,EC35,31.3131633,120.6009530,199.9,BUSY,M-P-001,V2
418,418,L-UAV-01,AMZN,31.3022722,120.5988604,100.0,BUSY,M-L-001,V2
418,418,M-UAV-01,M600,31.3108767,120.6039862,30.5,AVAILABLE,,
418,418,M-UAV-02,M600,31.3033931,120.6003558,100.0,CONTINGENCY,,V3
419,419,EVTOL-01,EC35,31.3132180,120.6005327,199.9,BUSY,M-P-001,V2
419,419,L-UAV-01,AMZN,31.3021530,120.5987850,100.0,BUSY,M-L-001,V2
419,419,M-UAV-01,M600,31.3108767,120.6039862,30.5,AVAILABLE,,
419,419,M-UAV-02,M600,31.3035068,120.6004421,100.0,CONTINGENCY,,V3
420,420,EVTOL-01,EC35,31.3132317,120.6001079,199.9,BUSY,M-P-001,V2
420,420,L-UAV-01,AMZN,31.3020337,120.5987095,100.0,BUSY,M-L-001,V2
420,420,M-UAV-01,M600,31.3108767,120.6039862,30.5,AVAILABLE,,
420,420,M-UAV-02,M600,31.3036205,120.6005285,100.0,CONTINGENCY,,V3
421,421,EVTOL-01,EC35,31.3132043,120.5996840,199.9,BUSY,M-P-001,V2
421,421,L-UAV-01,AMZN,31.3019145,120.5986340,100.0,BUSY,M-L-001,V2
421,421,M-UAV-01,M600,31.3108649,120.6039703,32.0,BUSY,M-CRITICAL-001,V2
421,421,M-UAV-02,M600,31.3037343,120.6006148,100.0,CONTINGENCY,,V3
422,422,EVTOL-01,EC35,31.3131362,120.5992664,199.9,BUSY,M-P-001,V2
422,422,L-UAV-01,AMZN,31.3017953,120.5985586,100.0,BUSY,M-L-001,V2
422,422,M-UAV-01,M600,31.3108330,120.6039508,35.1,BUSY,M-CRITICAL-001,V2
422,422,M-UAV-02,M600,31.3038480,120.6007012,100.0,CONTINGENCY,,V3
423,423,EVTOL-01,EC35,31.3130283,120.5988606,199.9,BUSY,M-P-001,V2
423,423,L-UAV-01,AMZN,31.3016760,120.5984831,100.0,BUSY,M-L-001,V2
423,423,M-UAV-01,M600,31.3107851,120.6039217,39.6,BUSY,M-CRITICAL-001,V2
423,423,M-UAV-02,M600,31.3039617,120.6007875,100.0,CONTINGENCY,,V3
424,424,EVTOL-01,EC35,31.3128818,120.5984715,199.9,BUSY,M-P-001,V2
424,424,L-UAV-01,AMZN,31.3015568,120.5984076,100.0,BUSY,M-L-001,V2
424,424,M-UAV-01,M600,31.3107213,120.6038828,45.7,BUSY,M-CRITICAL-001,V2
424,424,M-UAV-02,M600,31.3040754,120.6008739,100.0,CONTINGENCY,,V3
425,425,EVTOL-01,EC35,31.3126987,120.5981044,199.9,BUSY,M-P-001,V2
425,425,L-UAV-01,AMZN,31.3014376,120.5983322,100.0,BUSY,M-L-001,V2
425,425,M-UAV-01,M600,31.3106415,120.6038342,53.3,BUSY,M-CRITICAL-001,V2
425,425,M-UAV-02,M600,31.3041891,120.6009602,100.0,CONTINGENCY,,V3
426,426,EVTOL-01,EC35,31.3124814,120.5977638,199.9,BUSY,M-P-001,V2
426,426,L-UAV-01,AMZN,31.3013184,120.5982567,100.0,BUSY,M-L-001,V2
426,426,M-UAV-01,M600,31.3105458,120.6037759,61.0,BUSY,M-CRITICAL-001,V2
426,426,M-UAV-02,M600,31.3043028,120.6010465,100.0,CONTINGENCY,,V3
427,427,EVTOL-01,EC35,31.3122325,120.5974542,199.9,BUSY,M-P-001,V2
427,427,L-UAV-01,AMZN,31.3011991,120.5981813,100.0,BUSY,M-L-001,V2
427,427,M-UAV-01,M600,31.3104341,120.6037079,68.6,BUSY,M-CRITICAL-001,V2
427,427,M-UAV-02,M600,31.3044165,120.6011329,100.0,CONTINGENCY,,V3
428,428,EVTOL-01,EC35,31.3119554,120.5971794,199.9,BUSY,M-P-001,V2
428,428,L-UAV-01,AMZN,31.3010799,120.5981058,100.0,BUSY,M-L-001,V2
428,428,M-UAV-01,M600,31.3103141,120.6036348,76.2,BUSY,M-CRITICAL-001,V2
428,428,M-UAV-02,M600,31.3045302,120.6012192,100.0,CONTINGENCY,,V3
429,429,EVTOL-01,EC35,31.3116535,120.5969430,199.9,BUSY,M-P-001,V2
429,429,L-UAV-01,AMZN,31.3009607,120.5980303,100.0,BUSY,M-L-001,V2
429,429,M-UAV-01,M600,31.3101940,120.6035616,83.8,BUSY,M-CRITICAL-001,V2
429,429,M-UAV-02,M600,31.3046440,120.6013056,100.0,CONTINGENCY,,V3
430,430,EVTOL-01,EC35,31.3113308,120.5967481,199.9,BUSY,M-P-001,V2
430,430,L-UAV-01,AMZN,31.3008414,120.5979549,100.0,BUSY,M-L-001,V2
430,430,M-UAV-01,M600,31.3100738,120.6034885,91.4,BUSY,M-CRITICAL-001,V2
430,430,M-UAV-02,M600,31.3047577,120.6013919,100.0,CONTINGENCY,,V3
431,431,EVTOL-01,EC35,31.3109913,120.5965971,199.9,BUSY,M-P-001,V2
431,431,L-UAV-01,AMZN,31.3007222,120.5978794,100.0,BUSY,M-L-001,V2
431,431,M-UAV-01,M600,31.3099536,120.6034153,99.1,BUSY,M-CRITICAL-001,V2
431,431,M-UAV-02,M600,31.3048714,120.6014782,100.0,CONTINGENCY,,V3
432,432,EVTOL-01,EC35,31.3106393,120.5964920,199.9,BUSY,M-P-001,V2
432,432,L-UAV-01,AMZN,31.3006030,120.5978040,100.0,BUSY,M-L-001,V2
432,432,M-UAV-01,M600,31.3098334,120.6033420,100.0,BUSY,M-CRITICAL-001,V2
432,432,M-UAV-02,M600,31.3049851,120.6015646,100.0,CONTINGENCY,,V3
433,433,EVTOL-01,EC35,31.3102795,120.5964341,199.9,BUSY,M-P-001,V2
433,433,L-UAV-01,AMZN,31.3004837,120.5977285,100.0,BUSY,M-L-001,V2
433,433,M-UAV-01,M600,31.3097131,120.6032688,100.0,BUSY,M-CRITICAL-001,V2
433,433,M-UAV-02,M600,31.3050988,120.6016509,100.0,CONTINGENCY,,V3
434,434,EVTOL-01,EC35,31.3099168,120.5964120,199.9,BUSY,M-P-001,V2
434,434,L-UAV-01,AMZN,31.3003645,120.5976530,100.0,BUSY,M-L-001,V2
434,434,M-UAV-01,M600,31.3095929,120.6031956,100.0,BUSY,M-CRITICAL-001,V2
434,434,M-UAV-02,M600,31.3052125,120.6017373,100.0,CONTINGENCY,,V3
435,435,EVTOL-01,EC35,31.3095541,120.5963898,199.9,BUSY,M-P-001,V2
435,435,L-UAV-01,AMZN,31.3002453,120.5975776,100.0,BUSY,M-L-001,V2
435,435,M-UAV-01,M600,31.3094726,120.6031224,100.0,BUSY,M-CRITICAL-001,V2
435,435,M-UAV-02,M600,31.3053262,120.6018236,100.0,CONTINGENCY,,V3
436,436,EVTOL-01,EC35,31.3091914,120.5963676,199.9,BUSY,M-P-001,V2
436,436,L-UAV-01,AMZN,31.3001261,120.5975021,100.0,BUSY,M-L-001,V2
436,436,M-UAV-01,M600,31.3093524,120.6030491,100.0,BUSY,M-CRITICAL-001,V2
436,436,M-UAV-02,M600,31.3054400,120.6019100,100.0,CONTINGENCY,,V3
437,437,EVTOL-01,EC35,31.3088288,120.5963454,199.9,BUSY,M-P-001,V2
437,437,L-UAV-01,AMZN,31.3000068,120.5974267,100.0,BUSY,M-L-001,V2
437,437,M-UAV-01,M600,31.3092321,120.6029759,100.0,BUSY,M-CRITICAL-001,V2
437,437,M-UAV-02,M600,31.3055537,120.6019963,100.0,CONTINGENCY,,V3
438,438,EVTOL-01,EC35,31.3084661,120.5963232,199.9,BUSY,M-P-001,V2
438,438,L-UAV-01,AMZN,31.2998876,120.5973512,100.0,BUSY,M-L-001,V2
438,438,M-UAV-01,M600,31.3091119,120.6029027,100.0,BUSY,M-CRITICAL-001,V2
438,438,M-UAV-02,M600,31.3056674,120.6020826,100.0,CONTINGENCY,,V3
439,439,EVTOL-01,EC35,31.3081034,120.5963010,199.9,BUSY,M-P-001,V2
439,439,L-UAV-01,AMZN,31.2997684,120.5972757,100.0,BUSY,M-L-001,V2
439,439,M-UAV-01,M600,31.3089916,120.6028295,100.0,BUSY,M-CRITICAL-001,V2
439,439,M-UAV-02,M600,31.3057811,120.6021690,100.0,CONTINGENCY,,V3
440,440,EVTOL-01,EC35,31.3077407,120.5962788,199.9,BUSY,M-P-001,V2
440,440,L-UAV-01,AMZN,31.2996491,120.5972003,100.0,BUSY,M-L-001,V2
440,440,M-UAV-01,M600,31.3088714,120.6027562,100.0,BUSY,M-CRITICAL-001,V2
440,440,M-UAV-02,M600,31.3058948,120.6022553,100.0,CONTINGENCY,,
441,441,EVTOL-01,EC35,31.3073780,120.5962566,199.9,BUSY,M-P-001,V2
441,441,L-UAV-01,AMZN,31.2995299,120.5971248,100.0,BUSY,M-L-001,V2
441,441,M-UAV-01,M600,31.3087512,120.6026830,100.0,BUSY,M-CRITICAL-001,V2
441,441,M-UAV-02,M600,31.3059934,120.6023302,98.5,CONTINGENCY,,
442,442,EVTOL-01,EC35,31.3070153,120.5962345,199.9,BUSY,M-P-001,V2
442,442,L-UAV-01,AMZN,31.2994107,120.5970494,100.0,BUSY,M-L-001,V2
442,442,M-UAV-01,M600,31.3086309,120.6026098,100.0,BUSY,M-CRITICAL-001,V2
442,442,M-UAV-02,M600,31.3060770,120.6023937,95.4,CONTINGENCY,,
443,443,EVTOL-01,EC35,31.3066526,120.5962123,199.9,BUSY,M-P-001,V2
443,443,L-UAV-01,AMZN,31.2992914,120.5969739,100.0,BUSY,M-L-001,V2
443,443,M-UAV-01,M600,31.3085107,120.6025366,100.0,BUSY,M-CRITICAL-001,V2
443,443,M-UAV-02,M600,31.3061454,120.6024456,90.8,CONTINGENCY,,
444,444,EVTOL-01,EC35,31.3062899,120.5961901,199.9,BUSY,M-P-001,V2
444,444,L-UAV-01,AMZN,31.2991722,120.5968985,100.0,BUSY,M-L-001,V2
444,444,M-UAV-01,M600,31.3083904,120.6024633,100.0,BUSY,M-CRITICAL-001,V2
444,444,M-UAV-02,M600,31.3061988,120.6024861,84.7,CONTINGENCY,,
445,445,EVTOL-01,EC35,31.3059272,120.5961679,199.9,BUSY,M-P-001,V2
445,445,L-UAV-01,AMZN,31.2990530,120.5968230,100.0,BUSY,M-L-001,V2
445,445,M-UAV-01,M600,31.3082702,120.6023901,100.0,BUSY,M-CRITICAL-001,V2
445,445,M-UAV-02,M600,31.3062370,120.6025152,77.1,CONTINGENCY,,
446,446,EVTOL-01,EC35,31.3055645,120.5961457,199.9,BUSY,M-P-001,V2
446,446,L-UAV-01,AMZN,31.2989337,120.5967475,100.0,BUSY,M-L-001,V2
446,446,M-UAV-01,M600,31.3081499,120.6023169,100.0,BUSY,M-CRITICAL-001,V2
446,446,M-UAV-02,M600,31.3062602,120.6025328,69.5,CONTINGENCY,,
447,447,EVTOL-01,EC35,31.3052018,120.5961235,199.9,BUSY,M-P-001,V2
447,447,L-UAV-01,AMZN,31.2988145,120.5966721,100.0,BUSY,M-L-001,V2
447,447,M-UAV-01,M600,31.3080297,120.6022437,100.0,BUSY,M-CRITICAL-001,V2
447,447,M-UAV-02,M600,31.3062683,120.6025389,61.9,CONTINGENCY,,
448,448,EVTOL-01,EC35,31.3048391,120.5961013,199.9,BUSY,M-P-001,V2
448,448,L-UAV-01,AMZN,31.2986953,120.5965966,100.0,BUSY,M-L-001,V2
448,448,M-UAV-01,M600,31.3079094,120.6021704,100.0,BUSY,M-CRITICAL-001,V2
448,448,M-UAV-02,M600,31.3062683,120.6025389,54.3,CONTINGENCY,,
449,449,EVTOL-01,EC35,31.3044764,120.5960791,199.9,BUSY,M-P-001,V2
449,449,L-UAV-01,AMZN,31.2985761,120.5965212,100.0,BUSY,M-L-001,V2
449,449,M-UAV-01,M600,31.3077892,120.6020972,100.0,BUSY,M-CRITICAL-001,V2
449,449,M-UAV-02,M600,31.3062683,120.6025389,46.6,CONTINGENCY,,
450,450,EVTOL-01,EC35,31.3041137,120.5960570,199.9,BUSY,M-P-001,V2
450,450,L-UAV-01,AMZN,31.2984568,120.5964457,100.0,BUSY,M-L-001,V2
450,450,M-UAV-01,M600,31.3076689,120.6020240,100.0,BUSY,M-CRITICAL-001,V2
450,450,M-UAV-02,M600,31.3062683,120.6025389,39.0,CONTINGENCY,,
451,451,EVTOL-01,EC35,31.3037510,120.5960348,199.9,BUSY,M-P-001,V2
451,451,L-UAV-01,AMZN,31.2983376,120.5963703,100.0,BUSY,M-L-001,V2
451,451,M-UAV-01,M600,31.3075487,120.6019508,100.0,BUSY,M-CRITICAL-001,V2
451,451,M-UAV-02,M600,31.3062683,120.6025389,31.4,CONTINGENCY,,
452,452,EVTOL-01,EC35,31.3033883,120.5960126,199.9,BUSY,M-P-001,V2
452,452,L-UAV-01,AMZN,31.2982184,120.5962948,100.0,BUSY,M-L-001,V2
452,452,M-UAV-01,M600,31.3074285,120.6018775,100.0,BUSY,M-CRITICAL-001,V2
452,452,M-UAV-02,M600,31.3062683,120.6025389,30.5,CONTINGENCY,,
453,453,EVTOL-01,EC35,31.3030256,120.5959904,199.9,BUSY,M-P-001,V2
453,453,L-UAV-01,AMZN,31.2980991,120.5962193,100.0,BUSY,M-L-001,V2
453,453,M-UAV-01,M600,31.3073082,120.6018043,100.0,BUSY,M-CRITICAL-001,V2
453,453,M-UAV-02,M600,31.3062683,120.6025389,30.5,CONTINGENCY,,
454,454,EVTOL-01,EC35,31.3026629,120.5959682,199.9,BUSY,M-P-001,V2
454,454,L-UAV-01,AMZN,31.2979799,120.5961439,100.0,BUSY,M-L-001,V2
454,454,M-UAV-01,M600,31.3071880,120.6017311,100.0,BUSY,M-CRITICAL-001,V2
454,454,M-UAV-02,M600,31.3062683,120.6025389,30.5,CONTINGENCY,,
455,455,EVTOL-01,EC35,31.3023002,120.5959460,199.9,BUSY,M-P-001,V2
455,455,L-UAV-01,AMZN,31.2978607,120.5960684,100.0,BUSY,M-L-001,V3
455,455,M-UAV-01,M600,31.3070677,120.6016579,100.0,BUSY,M-CRITICAL-001,V2
455,455,M-UAV-02,M600,31.3062683,120.6025389,30.5,CONTINGENCY,,
456,456,EVTOL-01,EC35,31.3019375,120.5959238,199.9,BUSY,M-P-001,V2
456,456,L-UAV-01,AMZN,31.2977276,120.5960381,100.0,BUSY,M-L-001,V3
456,456,M-UAV-01,M600,31.3069475,120.6015846,100.0,BUSY,M-CRITICAL-001,V2
456,456,M-UAV-02,M600,31.3062683,120.6025389,30.5,CONTINGENCY,,
457,457,EVTOL-01,EC35,31.3015748,120.5959017,199.9,BUSY,M-P-001,V2
457,457,L-UAV-01,AMZN,31.2975929,120.5960557,100.0,BUSY,M-L-001,V3
457,457,M-UAV-01,M600,31.3068272,120.6015114,100.0,BUSY,M-CRITICAL-001,V2
457,457,M-UAV-02,M600,31.3062683,120.6025389,30.5,CONTINGENCY,,
458,458,EVTOL-01,EC35,31.3012122,120.5958795,199.9,BUSY,M-P-001,V2
458,458,L-UAV-01,AMZN,31.2974688,120.5961196,100.0,BUSY,M-L-001,V3
458,458,M-UAV-01,M600,31.3067070,120.6014382,100.0,BUSY,M-CRITICAL-001,V2
458,458,M-UAV-02,M600,31.3062683,120.6025389,30.5,CONTINGENCY,,
459,459,EVTOL-01,EC35,31.3008495,120.5958573,199.9,BUSY,M-P-001,V2
459,459,L-UAV-01,AMZN,31.2973667,120.5962239,100.0,BUSY,M-L-001,V3
459,459,M-UAV-01,M600,31.3065867,120.6013650,100.0,BUSY,M-CRITICAL-001,V2
459,459,M-UAV-02,M600,31.3062683,120.6025389,30.5,CONTINGENCY,,
460,460,EVTOL-01,EC35,31.3004868,120.5958351,199.9,BUSY,M-P-001,V2
460,460,L-UAV-01,AMZN,31.2972960,120.5963592,100.0,BUSY,M-L-001,V3
460,460,M-UAV-01,M600,31.3064665,120.6012917,100.0,BUSY,M-CRITICAL-001,V2
460,460,M-UAV-02,M600,31.3062683,120.6025389,30.5,CONTINGENCY,,
461,461,EVTOL-01,EC35,31.3001241,120.5958129,199.9,BUSY,M-P-001,V2
461,461,L-UAV-01,AMZN,31.2972629,120.5965131,100.0,BUSY,M-L-001,V3
461,461,M-UAV-01,M600,31.3063462,120.6012185,100.0,BUSY,M-CRITICAL-001,V2
461,461,M-UAV-02,M600,31.3062683,120.6025389,30.5,CONTINGENCY,,
462,462,EVTOL-01,EC35,31.2997614,120.5957907,199.9,BUSY,M-P-001,V2
462,462,L-UAV-01,AMZN,31.2972707,120.5966714,100.0,BUSY,M-L-001,V3
462,462,M-UAV-01,M600,31.3062260,120.6011453,100.0,BUSY,M-CRITICAL-001,V2
462,462,M-UAV-02,M600,31.3062683,120.6025389,30.5,CONTINGENCY,,
463,463,EVTOL-01,EC35,31.2993987,120.5957685,199.9,BUSY,M-P-001,V2
463,463,L-UAV-01,AMZN,31.2973185,120.5968199,100.0,BUSY,M-L-001,V3
463,463,M-UAV-01,M600,31.3061058,120.6010721,100.0,BUSY,M-CRITICAL-001,V2
463,463,M-UAV-02,M600,31.3062683,120.6025389,30.5,CONTINGENCY,,
464,464,EVTOL-01,EC35,31.2990360,120.5957464,199.9,BUSY,M-P-001,V2
464,464,L-UAV-01,AMZN,31.2974021,120.5969448,100.0,BUSY,M-L-001,V3
464,464,M-UAV-01,M600,31.3059855,120.6009989,100.0,BUSY,M-CRITICAL-001,V2
464,464,M-UAV-02,M600,31.3062683,120.6025389,30.5,CONTINGENCY,,
465,465,EVTOL-01,EC35,31.2986733,120.5957242,199.9,BUSY,M-P-001,V2
465,465,L-UAV-01,AMZN,31.2975137,120.5970348,100.0,BUSY,M-L-001,V3
465,465,M-UAV-01,M600,31.3058653,120.6009256,100.0,BUSY,M-CRITICAL-001,V2
465,465,M-UAV-02,M600,31.3062683,120.6025389,30.5,CONTINGENCY,,
466,466,EVTOL-01,EC35,31.2983106,120.5957020,199.9,BUSY,M-P-001,V2
466,466,L-UAV-01,AMZN,31.2976329,120.5971102,100.0,BUSY,M-L-001,V3
466,466,M-UAV-01,M600,31.3057450,120.6008524,100.0,BUSY,M-CRITICAL-001,V2
466,466,M-UAV-02,M600,31.3062683,120.6025389,30.5,CONTINGENCY,,
467,467,EVTOL-01,EC35,31.2979479,120.5956798,199.9,BUSY,M-P-001,V1
467,467,L-UAV-01,AMZN,31.2977522,120.5971857,100.0,BUSY,M-L-001,V3
467,467,M-UAV-01,M600,31.3056248,120.6007792,100.0,BUSY,M-CRITICAL-001,V2
467,467,M-UAV-02,M600,31.3062683,120.6025389,30.5,CONTINGENCY,,
468,468,EVTOL-01,EC35,31.2975854,120.5957057,199.9,BUSY,M-P-001,V1
468,468,L-UAV-01,AMZN,31.2978714,120.5972611,100.0,BUSY,M-L-001,V3
468,468,M-UAV-01,M600,31.3055045,120.6007060,100.0,BUSY,M-CRITICAL-001,V2
468,468,M-UAV-02,M600,31.3062683,120.6025389,30.5,CONTINGENCY,,
469,469,EVTOL-01,EC35,31.2972277,120.5957794,199.9,BUSY,M-P-001,V1
469,469,L-UAV-01,AMZN,31.2979906,120.5973366,100.0,BUSY,M-L-001,V3
469,469,M-UAV-01,M600,31.3053843,120.6006327,100.0,BUSY,M-CRITICAL-001,V2
469,469,M-UAV-02,M600,31.3062683,120.6025389,30.5,CONTINGENCY,,
470,470,EVTOL-01,EC35,31.2968794,120.5958999,199.9,BUSY,M-P-001,V1
470,470,L-UAV-01,AMZN,31.2981098,120.5974121,100.0,BUSY,M-L-001,V3
470,470,M-UAV-01,M600,31.3052640,120.6005595,100.0,BUSY,M-CRITICAL-001,V2
470,470,M-UAV-02,M600,31.3062683,120.6025389,30.5,CONTINGENCY,,
471,471,EVTOL-01,EC35,31.2965450,120.5960657,199.9,BUSY,M-P-001,V1
471,471,L-UAV-01,AMZN,31.2982291,120.5974875,100.0,BUSY,M-L-001,V3
471,471,M-UAV-01,M600,31.3051438,120.6004863,100.0,BUSY,M-CRITICAL-001,V2
471,471,M-UAV-02,M600,31.3062683,120.6025389,30.5,CONTINGENCY,,
472,472,EVTOL-01,EC35,31.2962287,120.5962747,199.9,BUSY,M-P-001,V1
472,472,L-UAV-01,AMZN,31.2983483,120.5975630,100.0,BUSY,M-L-001,V3
472,472,M-UAV-01,M600,31.3050235,120.6004131,100.0,BUSY,M-CRITICAL-001,V2
472,472,M-UAV-02,M600,31.3062683,120.6025389,30.5,CONTINGENCY,,
473,473,EVTOL-01,EC35,31.2959346,120.5965241,199.9,BUSY,M-P-001,V1
473,473,L-UAV-01,AMZN,31.2984675,120.5976384,100.0,BUSY,M-L-001,V3
473,473,M-UAV-01,M600,31.3049033,120.6003399,100.0,BUSY,M-CRITICAL-001,V2
473,473,M-UAV-02,M600,31.3062683,120.6025389,30.5,CONTINGENCY,,
474,474,EVTOL-01,EC35,31.2956665,120.5968109,199.9,BUSY,M-P-001,V1
474,474,L-UAV-01,AMZN,31.2985868,120.5977139,100.0,BUSY,M-L-001,V3
474,474,M-UAV-01,M600,31.3047830,120.6002666,100.0,BUSY,M-CRITICAL-001,V2
474,474,M-UAV-02,M600,31.3062683,120.6025389,30.5,CONTINGENCY,,
475,475,EVTOL-01,EC35,31.2954278,120.5971312,199.9,BUSY,M-P-001,V1
475,475,L-UAV-01,AMZN,31.2987060,120.5977893,100.0,BUSY,M-L-001,V3
475,475,M-UAV-01,M600,31.3046628,120.6001934,100.0,BUSY,M-CRITICAL-001,V2
475,475,M-UAV-02,M600,31.3062683,120.6025389,30.5,CONTINGENCY,,
476,476,EVTOL-01,EC35,31.2952216,120.5974810,199.9,BUSY,M-P-001,V1
476,476,L-UAV-01,AMZN,31.2988252,120.5978648,100.0,BUSY,M-L-001,V3
476,476,M-UAV-01,M600,31.3045425,120.6001202,100.0,BUSY,M-CRITICAL-001,V2
476,476,M-UAV-02,M600,31.3062683,120.6025389,30.5,CONTINGENCY,,
477,477,EVTOL-01,EC35,31.2950505,120.5978559,199.9,BUSY,M-P-001,V1
477,477,L-UAV-01,AMZN,31.2989445,120.5979403,100.0,BUSY,M-L-001,V3
477,477,M-UAV-01,M600,31.3044223,120.6000470,100.0,BUSY,M-CRITICAL-001,V2
477,477,M-UAV-02,M600,31.3062683,120.6025389,30.5,CONTINGENCY,,
478,478,EVTOL-01,EC35,31.2949166,120.5982510,199.9,BUSY,M-P-001,V1
478,478,L-UAV-01,AMZN,31.2990637,120.5980157,100.0,BUSY,M-L-001,V3
478,478,M-UAV-01,M600,31.3043021,120.5999738,100.0,BUSY,M-CRITICAL-001,V2
478,478,M-UAV-02,M600,31.3062683,120.6025389,30.5,CONTINGENCY,,
479,479,EVTOL-01,EC35,31.2948218,120.5986613,199.9,BUSY,M-P-001,V1
479,479,L-UAV-01,AMZN,31.2991829,120.5980912,100.0,BUSY,M-L-001,V3
479,479,M-UAV-01,M600,31.3041818,120.5999005,100.0,BUSY,M-CRITICAL-001,V2
479,479,M-UAV-02,M600,31.3062683,120.6025389,30.5,CONTINGENCY,,
480,480,EVTOL-01,EC35,31.2947671,120.5990815,199.9,BUSY,M-P-001,V1
480,480,L-UAV-01,AMZN,31.2993021,120.5981666,100.0,BUSY,M-L-001,V3
480,480,M-UAV-01,M600,31.3040616,120.5998273,100.0,BUSY,M-CRITICAL-001,V2
480,480,M-UAV-02,M600,31.3062683,120.6025389,30.5,CONTINGENCY,,
481,481,EVTOL-01,EC35,31.2947534,120.5995062,199.9,BUSY,M-P-001,V1
481,481,L-UAV-01,AMZN,31.2994214,120.5982421,100.0,BUSY,M-L-001,V3
481,481,M-UAV-01,M600,31.3039413,120.5997541,100.0,BUSY,M-CRITICAL-001,V2
481,481,M-UAV-02,M600,31.3062683,120.6025389,30.5,CONTINGENCY,,
482,482,EVTOL-01,EC35,31.2947808,120.5999301,199.9,BUSY,M-P-001,V1
482,482,L-UAV-01,AMZN,31.2995406,120.5983176,100.0,BUSY,M-L-001,V3
482,482,M-UAV-01,M600,31.3038211,120.5996809,100.0,BUSY,M-CRITICAL-001,V2
482,482,M-UAV-02,M600,31.3062683,120.6025389,30.5,CONTINGENCY,,
483,483,EVTOL-01,EC35,31.2948489,120.6003475,199.9,BUSY,M-P-001,V1
483,483,L-UAV-01,AMZN,31.2996598,120.5983930,100.0,BUSY,M-L-001,V3
483,483,M-UAV-01,M600,31.3037008,120.5996077,100.0,BUSY,M-CRITICAL-001,V2
483,483,M-UAV-02,M600,31.3062683,120.6025389,30.5,CONTINGENCY,,
484,484,EVTOL-01,EC35,31.2949570,120.6007533,199.9,BUSY,M-P-001,V1
484,484,L-UAV-01,AMZN,31.2997791,120.5984685,100.0,BUSY,M-L-001,V3
484,484,M-UAV-01,M600,31.3035806,120.5995345,100.0,BUSY,M-CRITICAL-001,V2
484,484,M-UAV-02,M600,31.3062683,120.6025389,30.5,CONTINGENCY,,
485,485,EVTOL-01,EC35,31.2951035,120.6011423,199.9,BUSY,M-P-001,V1
485,485,L-UAV-01,AMZN,31.2998983,120.5985439,100.0,BUSY,M-L-001,V3
485,485,M-UAV-01,M600,31.3034603,120.5994612,100.0,BUSY,M-CRITICAL-001,V2
485,485,M-UAV-02,M600,31.3062683,120.6025389,30.5,CONTINGENCY,,
486,486,EVTOL-01,EC35,31.2952866,120.6015093,199.9,BUSY,M-P-001,V1
486,486,L-UAV-01,AMZN,31.3000175,120.5986194,100.0,BUSY,M-L-001,V3
486,486,M-UAV-01,M600,31.3033401,120.5993880,100.0,BUSY,M-CRITICAL-001,V2
486,486,M-UAV-02,M600,31.3062683,120.6025389,30.5,CONTINGENCY,,
487,487,EVTOL-01,EC35,31.2955039,120.6018498,199.9,BUSY,M-P-001,V1
487,487,L-UAV-01,AMZN,31.3001368,120.5986949,100.0,BUSY,M-L-001,V3
487,487,M-UAV-01,M600,31.3032198,120.5993148,100.0,BUSY,M-CRITICAL-001,V2
487,487,M-UAV-02,M600,31.3062683,120.6025389,30.5,CONTINGENCY,,
488,488,EVTOL-01,EC35,31.2957528,120.6021594,199.9,BUSY,M-P-001,V1
488,488,L-UAV-01,AMZN,31.3002560,120.5987703,100.0,BUSY,M-L-001,V3
488,488,M-UAV-01,M600,31.3030996,120.5992416,100.0,BUSY,M-CRITICAL-001,V2
488,488,M-UAV-02,M600,31.3062683,120.6025389,30.5,CONTINGENCY,,
489,489,EVTOL-01,EC35,31.2960300,120.6024341,199.9,BUSY,M-P-001,V1
489,489,L-UAV-01,AMZN,31.3003752,120.5988458,100.0,BUSY,M-L-001,V3
489,489,M-UAV-01,M600,31.3029793,120.5991684,100.0,BUSY,M-CRITICAL-001,V2
489,489,M-UAV-02,M600,31.3062683,120.6025389,30.5,CONTINGENCY,,
490,490,EVTOL-01,EC35,31.2963319,120.6026704,199.9,BUSY,M-P-001,V1
490,490,L-UAV-01,AMZN,31.3004944,120.5989212,100.0,BUSY,M-L-001,V3
490,490,M-UAV-01,M600,31.3028591,120.5990952,100.0,BUSY,M-CRITICAL-001,V2
490,490,M-UAV-02,M600,31.3062683,120.6025389,30.5,CONTINGENCY,,
491,491,EVTOL-01,EC35,31.2966546,120.6028652,199.9,BUSY,M-P-001,V1
491,491,L-UAV-01,AMZN,31.3006137,120.5989967,100.0,BUSY,M-L-001,V3
491,491,M-UAV-01,M600,31.3027388,120.5990219,100.0,BUSY,M-CRITICAL-001,V2
491,491,M-UAV-02,M600,31.3062683,120.6025389,30.5,CONTINGENCY,,
492,492,EVTOL-01,EC35,31.2969942,120.6030161,199.9,BUSY,M-P-001,V1
492,492,L-UAV-01,AMZN,31.3007329,120.5990722,100.0,BUSY,M-L-001,V3
492,492,M-UAV-01,M600,31.3026186,120.5989487,100.0,BUSY,M-CRITICAL-001,V2
492,492,M-UAV-02,M600,31.3062683,120.6025389,30.5,CONTINGENCY,,
493,493,EVTOL-01,EC35,31.2973461,120.6031212,199.9,BUSY,M-P-001,V1
493,493,L-UAV-01,AMZN,31.3008521,120.5991476,100.0,BUSY,M-L-001,V3
493,493,M-UAV-01,M600,31.3024983,120.5988755,100.0,BUSY,M-CRITICAL-001,V2
493,493,M-UAV-02,M600,31.3062683,120.6025389,30.5,CONTINGENCY,,
494,494,EVTOL-01,EC35,31.2977059,120.6031790,199.9,BUSY,M-P-001,V1
494,494,L-UAV-01,AMZN,31.3009714,120.5992231,100.0,BUSY,M-L-001,V3
494,494,M-UAV-01,M600,31.3023781,120.5988023,100.0,BUSY,M-CRITICAL-001,V2
494,494,M-UAV-02,M600,31.3062683,120.6025389,30.5,CONTINGENCY,,
495,495,EVTOL-01,EC35,31.2980686,120.6032012,199.9,BUSY,M-P-001,V1
495,495,L-UAV-01,AMZN,31.3010906,120.5992986,100.0,BUSY,M-L-001,V3
495,495,M-UAV-01,M600,31.3022579,120.5987291,100.0,BUSY,M-CRITICAL-001,V2
495,495,M-UAV-02,M600,31.3062683,120.6025389,30.5,CONTINGENCY,,
496,496,EVTOL-01,EC35,31.2984313,120.6032235,199.9,BUSY,M-P-001,V1
496,496,L-UAV-01,AMZN,31.3012098,120.5993740,100.0,BUSY,M-L-001,V3
496,496,M-UAV-01,M600,31.3021376,120.5986559,100.0,BUSY,M-CRITICAL-001,V2
496,496,M-UAV-02,M600,31.3062683,120.6025389,30.5,CONTINGENCY,,
497,497,EVTOL-01,EC35,31.2987940,120.6032457,199.9,BUSY,M-P-001,V1
497,497,L-UAV-01,AMZN,31.3013290,120.5994495,100.0,BUSY,M-L-001,V3
497,497,M-UAV-01,M600,31.3020174,120.5985826,100.0,BUSY,M-CRITICAL-001,V2
497,497,M-UAV-02,M600,31.3062683,120.6025389,30.5,CONTINGENCY,,
498,498,EVTOL-01,EC35,31.2991567,120.6032679,199.9,BUSY,M-P-001,V1
498,498,L-UAV-01,AMZN,31.3014483,120.5995249,100.0,BUSY,M-L-001,V3
498,498,M-UAV-01,M600,31.3018971,120.5985094,100.0,BUSY,M-CRITICAL-001,V2
498,498,M-UAV-02,M600,31.3062683,120.6025389,30.5,CONTINGENCY,,
499,499,EVTOL-01,EC35,31.2995194,120.6032901,199.9,BUSY,M-P-001,V1
499,499,L-UAV-01,AMZN,31.3015675,120.5996004,100.0,BUSY,M-L-001,V3
499,499,M-UAV-01,M600,31.3017769,120.5984362,100.0,BUSY,M-CRITICAL-001,V2
499,499,M-UAV-02,M600,31.3062683,120.6025389,30.5,CONTINGENCY,,
500,500,EVTOL-01,EC35,31.2998821,120.6033124,199.9,BUSY,M-P-001,V1
500,500,L-UAV-01,AMZN,31.3016867,120.5996759,100.0,BUSY,M-L-001,V3
500,500,M-UAV-01,M600,31.3016566,120.5983630,100.0,BUSY,M-CRITICAL-001,V2
500,500,M-UAV-02,M600,31.3062683,120.6025389,30.5,CONTINGENCY,,
501,501,EVTOL-01,EC35,31.3002448,120.6033346,199.9,BUSY,M-P-001,V1
501,501,L-UAV-01,AMZN,31.3018060,120.5997513,100.0,BUSY,M-L-001,V3
501,501,M-UAV-01,M600,31.3015364,120.5982898,100.0,BUSY,M-CRITICAL-001,V2
501,501,M-UAV-02,M600,31.3062683,120.6025389,30.5,CONTINGENCY,,
502,502,EVTOL-01,EC35,31.3006074,120.6033568,199.9,BUSY,M-P-001,V1
502,502,L-UAV-01,AMZN,31.3019252,120.5998268,100.0,BUSY,M-L-001,V3
502,502,M-UAV-01,M600,31.3014161,120.5982166,100.0,BUSY,M-CRITICAL-001,V2
502,502,M-UAV-02,M600,31.3062683,120.6025389,30.5,CONTINGENCY,,
503,503,EVTOL-01,EC35,31.3009701,120.6033790,199.9,BUSY,M-P-001,V1
503,503,L-UAV-01,AMZN,31.3020444,120.5999023,100.0,BUSY,M-L-001,V3
503,503,M-UAV-01,M600,31.3012959,120.5981433,100.0,BUSY,M-CRITICAL-001,V2
503,503,M-UAV-02,M600,31.3062683,120.6025389,30.5,CONTINGENCY,,
504,504,EVTOL-01,EC35,31.3013328,120.6034013,199.9,BUSY,M-P-001,V1
504,504,L-UAV-01,AMZN,31.3021636,120.5999777,100.0,BUSY,M-L-001,V3
504,504,M-UAV-01,M600,31.3011756,120.5980701,100.0,BUSY,M-CRITICAL-001,V2
504,504,M-UAV-02,M600,31.3062683,120.6025389,30.5,CONTINGENCY,,
505,505,EVTOL-01,EC35,31.3016955,120.6034235,199.9,BUSY,M-P-001,V1
505,505,L-UAV-01,AMZN,31.3022829,120.6000532,100.0,BUSY,M-L-001,V3
505,505,M-UAV-01,M600,31.3010554,120.5979969,100.0,BUSY,M-CRITICAL-001,V2
505,505,M-UAV-02,M600,31.3062683,120.6025389,30.5,CONTINGENCY,,
506,506,EVTOL-01,EC35,31.3020582,120.6034457,199.9,BUSY,M-P-001,V1
506,506,L-UAV-01,AMZN,31.3024021,120.6001287,100.0,BUSY,M-L-001,V3
506,506,M-UAV-01,M600,31.3009351,120.5979237,100.0,BUSY,M-CRITICAL-001,V2
506,506,M-UAV-02,M600,31.3062683,120.6025389,30.5,CONTINGENCY,,
507,507,EVTOL-01,EC35,31.3024209,120.6034679,199.9,BUSY,M-P-001,V1
507,507,L-UAV-01,AMZN,31.3025213,120.6002041,100.0,BUSY,M-L-001,V3
507,507,M-UAV-01,M600,31.3008149,120.5978505,100.0,BUSY,M-CRITICAL-001,V2
507,507,M-UAV-02,M600,31.3062683,120.6025389,30.5,CONTINGENCY,,
508,508,EVTOL-01,EC35,31.3027836,120.6034902,199.9,BUSY,M-P-001,V1
508,508,L-UAV-01,AMZN,31.3026406,120.6002796,100.0,BUSY,M-L-001,V3
508,508,M-UAV-01,M600,31.3006946,120.5977773,100.0,BUSY,M-CRITICAL-001,V2
508,508,M-UAV-02,M600,31.3062683,120.6025389,30.5,CONTINGENCY,,
509,509,EVTOL-01,EC35,31.3031463,120.6035124,199.9,BUSY,M-P-001,V1
509,509,L-UAV-01,AMZN,31.3027598,120.6003550,100.0,BUSY,M-L-001,V3
509,509,M-UAV-01,M600,31.3005744,120.5977041,100.0,BUSY,M-CRITICAL-001,V2
509,509,M-UAV-02,M600,31.3062683,120.6025389,30.5,CONTINGENCY,,
510,510,EVTOL-01,EC35,31.3035090,120.6035346,199.9,BUSY,M-P-001,V1
510,510,L-UAV-01,AMZN,31.3028790,120.6004305,100.0,BUSY,M-L-001,V3
510,510,M-UAV-01,M600,31.3004541,120.5976308,100.0,BUSY,M-CRITICAL-001,V2
510,510,M-UAV-02,M600,31.3062683,120.6025389,30.5,CONTINGENCY,,
511,511,EVTOL-01,EC35,31.3038717,120.6035568,199.9,BUSY,M-P-001,V1
511,511,L-UAV-01,AMZN,31.3029982,120.6005060,100.0,BUSY,M-L-001,V3
511,511,M-UAV-01,M600,31.3003339,120.5975576,100.0,BUSY,M-CRITICAL-001,V2
511,511,M-UAV-02,M600,31.3062683,120.6025389,30.5,CONTINGENCY,,
512,512,EVTOL-01,EC35,31.3042344,120.6035791,199.9,BUSY,M-P-001,V1
512,512,L-UAV-01,AMZN,31.3031175,120.6005814,100.0,BUSY,M-L-001,V3
512,512,M-UAV-01,M600,31.3002136,120.5974844,100.0,BUSY,M-CRITICAL-001,V2
512,512,M-UAV-02,M600,31.3062683,120.6025389,30.5,CONTINGENCY,,
513,513,EVTOL-01,EC35,31.3045971,120.6036013,199.9,BUSY,M-P-001,V1
513,513,L-UAV-01,AMZN,31.3032367,120.6006569,100.0,BUSY,M-L-001,V3
513,513,M-UAV-01,M600,31.3000934,120.5974112,100.0,BUSY,M-CRITICAL-001,V2
513,513,M-UAV-02,M600,31.3062683,120.6025389,30.5,CONTINGENCY,,
514,514,EVTOL-01,EC35,31.3049598,120.6036235,199.9,BUSY,M-P-001,V1
514,514,L-UAV-01,AMZN,31.3033559,120.6007324,100.0,BUSY,M-L-001,V3
514,514,M-UAV-01,M600,31.2999731,120.5973380,100.0,BUSY,M-CRITICAL-001,V2
514,514,M-UAV-02,M600,31.3062683,120.6025389,30.5,CONTINGENCY,,
515,515,EVTOL-01,EC35,31.3053225,120.6036457,199.9,BUSY,M-P-001,V1
515,515,L-UAV-01,AMZN,31.3034752,120.6008078,100.0,BUSY,M-L-001,V3
515,515,M-UAV-01,M600,31.2998529,120.5972648,100.0,BUSY,M-CRITICAL-001,V2
515,515,M-UAV-02,M600,31.3062683,120.6025389,30.5,CONTINGENCY,,
516,516,EVTOL-01,EC35,31.3056852,120.6036680,199.9,BUSY,M-P-001,V1
516,516,L-UAV-01,AMZN,31.3035944,120.6008833,100.0,BUSY,M-L-001,V3
516,516,M-UAV-01,M600,31.2997326,120.5971916,100.0,BUSY,M-CRITICAL-001,V2
516,516,M-UAV-02,M600,31.3062683,120.6025389,30.5,CONTINGENCY,,
517,517,EVTOL-01,EC35,31.3060479,120.6036902,199.9,BUSY,M-P-001,V1
517,517,L-UAV-01,AMZN,31.3037136,120.6009588,100.0,BUSY,M-L-001,V3
517,517,M-UAV-01,M600,31.2996124,120.5971184,100.0,BUSY,M-CRITICAL-001,V2
517,517,M-UAV-02,M600,31.3062683,120.6025389,30.5,CONTINGENCY,,
518,518,EVTOL-01,EC35,31.3064105,120.6037124,199.9,BUSY,M-P-001,V1
518,518,L-UAV-01,AMZN,31.3038328,120.6010342,100.0,BUSY,M-L-001,V3
518,518,M-UAV-01,M600,31.2994921,120.5970451,100.0,BUSY,M-CRITICAL-001,V2
518,518,M-UAV-02,M600,31.3062683,120.6025389,30.5,CONTINGENCY,,
519,519,EVTOL-01,EC35,31.3067732,120.6037347,199.9,BUSY,M-P-001,V1
519,519,L-UAV-01,AMZN,31.3039521,120.6011097,100.0,BUSY,M-L-001,V3
519,519,M-UAV-01,M600,31.2993719,120.5969719,100.0,BUSY,M-CRITICAL-001,V2
519,519,M-UAV-02,M600,31.3062683,120.6025389,30.5,CONTINGENCY,,
520,520,EVTOL-01,EC35,31.3071359,120.6037569,199.9,BUSY,M-P-001,V1
520,520,L-UAV-01,AMZN,31.3040713,120.6011852,100.0,BUSY,M-L-001,V3
520,520,M-UAV-01,M600,31.2992516,120.5968987,100.0,BUSY,M-CRITICAL-001,V2
520,520,M-UAV-02,M600,31.3062683,120.6025389,30.5,CONTINGENCY,,
521,521,EVTOL-01,EC35,31.3074986,120.6037791,199.9,BUSY,M-P-001,V1
521,521,L-UAV-01,AMZN,31.3041905,120.6012606,100.0,BUSY,M-L-001,V3
521,521,M-UAV-01,M600,31.2991314,120.5968255,100.0,BUSY,M-CRITICAL-001,V2
521,521,M-UAV-02,M600,31.3062683,120.6025389,30.5,CONTINGENCY,,
522,522,EVTOL-01,EC35,31.3078613,120.6038013,199.9,BUSY,M-P-001,V1
522,522,L-UAV-01,AMZN,31.3043098,120.6013361,100.0,BUSY,M-L-001,V3
522,522,M-UAV-01,M600,31.2990112,120.5967523,100.0,BUSY,M-CRITICAL-001,V2
522,522,M-UAV-02,M600,31.3062683,120.6025389,30.5,CONTINGENCY,,
523,523,EVTOL-01,EC35,31.3082240,120.6038236,199.9,BUSY,M-P-001,V1
523,523,L-UAV-01,AMZN,31.3044290,120.6014116,100.0,BUSY,M-L-001,V3
523,523,M-UAV-01,M600,31.2988909,120.5966791,100.0,BUSY,M-CRITICAL-001,V2
523,523,M-UAV-02,M600,31.3062683,120.6025389,30.5,CONTINGENCY,,
524,524,EVTOL-01,EC35,31.3085867,120.6038458,199.9,BUSY,M-P-001,V1
524,524,L-UAV-01,AMZN,31.3045482,120.6014870,100.0,BUSY,M-L-001,V3
524,524,M-UAV-01,M600,31.2987707,120.5966059,100.0,BUSY,M-CRITICAL-001,V2
524,524,M-UAV-02,M600,31.3062683,120.6025389,30.5,CONTINGENCY,,
525,525,EVTOL-01,EC35,31.3089494,120.6038680,199.9,BUSY,M-P-001,V1
525,525,L-UAV-01,AMZN,31.3046674,120.6015625,100.0,BUSY,M-L-001,V3
525,525,M-UAV-01,M600,31.2986504,120.5965327,100.0,BUSY,M-CRITICAL-001,V2
525,525,M-UAV-02,M600,31.3062683,120.6025389,30.5,CONTINGENCY,,
526,526,EVTOL-01,EC35,31.3093121,120.6038903,199.9,BUSY,M-P-001,V1
526,526,L-UAV-01,AMZN,31.3047867,120.6016380,100.0,BUSY,M-L-001,V3
526,526,M-UAV-01,M600,31.2985302,120.5964595,100.0,BUSY,M-CRITICAL-001,V2
526,526,M-UAV-02,M600,31.3062683,120.6025389,30.5,CONTINGENCY,,
527,527,EVTOL-01,EC35,31.3096748,120.6039125,199.9,BUSY,M-P-001,V1
527,527,L-UAV-01,AMZN,31.3049059,120.6017134,100.0,BUSY,M-L-001,V3
527,527,M-UAV-01,M600,31.2984099,120.5963863,100.0,BUSY,M-CRITICAL-001,V2
527,527,M-UAV-02,M600,31.3062683,120.6025389,30.5,CONTINGENCY,,
528,528,EVTOL-01,EC35,31.3100375,120.6039347,199.9,BUSY,M-P-001,V2
528,528,L-UAV-01,AMZN,31.3050251,120.6017889,100.0,BUSY,M-L-001,V3
528,528,M-UAV-01,M600,31.2982897,120.5963130,100.0,BUSY,M-CRITICAL-001,V2
528,528,M-UAV-02,M600,31.3062683,120.6025389,30.5,CONTINGENCY,,
529,529,EVTOL-01,EC35,31.3104000,120.6039088,199.9,BUSY,M-P-001,V2
529,529,L-UAV-01,AMZN,31.3051443,120.6018644,100.0,BUSY,M-L-001,V3
529,529,M-UAV-01,M600,31.2981694,120.5962398,100.0,BUSY,M-CRITICAL-001,V2
529,529,M-UAV-02,M600,31.3062683,120.6025389,30.5,CONTINGENCY,,
530,530,EVTOL-01,EC35,31.3107577,120.6038352,199.9,BUSY,M-P-001,V2
530,530,L-UAV-01,AMZN,31.3052636,120.6019399,100.0,BUSY,M-L-001,V3
530,530,M-UAV-01,M600,31.2980492,120.5961666,100.0,BUSY,M-CRITICAL-001,V2
530,530,M-UAV-02,M600,31.3062683,120.6025389,30.5,CONTINGENCY,,
531,531,EVTOL-01,EC35,31.3111060,120.6037147,199.9,BUSY,M-P-001,V2
531,531,L-UAV-01,AMZN,31.3053828,120.6020153,100.0,BUSY,M-L-001,V3
531,531,M-UAV-01,M600,31.2979289,120.5960934,100.0,BUSY,M-CRITICAL-001,V1
531,531,M-UAV-02,M600,31.3062683,120.6025389,30.5,CONTINGENCY,,
532,532,EVTOL-01,EC35,31.3114404,120.6035489,199.9,BUSY,M-P-001,V2
532,532,L-UAV-01,AMZN,31.3055020,120.6020908,100.0,BUSY,M-L-001,V3
532,532,M-UAV-01,M600,31.2977955,120.5960656,100.0,BUSY,M-CRITICAL-001,V1
532,532,M-UAV-02,M600,31.3062683,120.6025389,30.5,CONTINGENCY,,
533,533,EVTOL-01,EC35,31.3117567,120.6033399,199.9,BUSY,M-P-001,V2
533,533,L-UAV-01,AMZN,31.3056213,120.6021663,100.0,BUSY,M-L-001,V3
533,533,M-UAV-01,M600,31.2976610,120.5960857,100.0,BUSY,M-CRITICAL-001,V1
533,533,M-UAV-02,M600,31.3062683,120.6025389,30.5,CONTINGENCY,,
534,534,EVTOL-01,EC35,31.3120508,120.6030905,199.9,BUSY,M-P-001,V2
534,534,L-UAV-01,AMZN,31.3057405,120.6022417,100.0,BUSY,M-L-001,V3
534,534,M-UAV-01,M600,31.2975378,120.5961519,100.0,BUSY,M-CRITICAL-001,V1
534,534,M-UAV-02,M600,31.3062683,120.6025389,30.5,CONTINGENCY,,
535,535,EVTOL-01,EC35,31.3123189,120.6028038,199.9,BUSY,M-P-001,V2
535,535,L-UAV-01,AMZN,31.3058597,120.6023172,100.0,BUSY,M-L-001,V2
535,535,M-UAV-01,M600,31.2974372,120.5962582,100.0,BUSY,M-CRITICAL-001,V1
535,535,M-UAV-02,M600,31.3062683,120.6025389,30.5,CONTINGENCY,,
536,536,EVTOL-01,EC35,31.3125577,120.6024834,199.9,BUSY,M-P-001,V2
536,536,L-UAV-01,AMZN,31.3059928,120.6023475,100.0,BUSY,M-L-001,V2
536,536,M-UAV-01,M600,31.2973683,120.5963947,100.0,BUSY,M-CRITICAL-001,V1
536,536,M-UAV-02,M600,31.3062683,120.6025389,30.5,CONTINGENCY,,
537,537,EVTOL-01,EC35,31.3127639,120.6021335,199.9,BUSY,M-P-001,V2
537,537,L-UAV-01,AMZN,31.3061275,120.6023300,100.0,BUSY,M-L-001,V2
537,537,M-UAV-01,M600,31.2973373,120.5965492,100.0,BUSY,M-CRITICAL-001,V1
537,537,M-UAV-02,M600,31.3062683,120.6025389,30.5,CONTINGENCY,,
538,538,EVTOL-01,EC35,31.3129351,120.6017586,199.9,BUSY,M-P-001,V2
538,538,L-UAV-01,AMZN,31.3062515,120.6022661,100.0,BUSY,M-L-001,V2
538,538,M-UAV-01,M600,31.2973473,120.5967074,100.0,BUSY,M-CRITICAL-001,V1
538,538,M-UAV-02,M600,31.3062683,120.6025389,30.5,CONTINGENCY,,
539,539,EVTOL-01,EC35,31.3130690,120.6013634,199.9,BUSY,M-P-001,V2
539,539,L-UAV-01,AMZN,31.3063536,120.6021617,100.0,BUSY,M-L-001,V2
539,539,M-UAV-01,M600,31.2973971,120.5968549,100.0,BUSY,M-CRITICAL-001,V1
539,539,M-UAV-02,M600,31.3062683,120.6025389,30.5,CONTINGENCY,,
540,540,EVTOL-01,EC35,31.3131639,120.6009530,199.9,BUSY,M-P-001,V2
540,540,L-UAV-01,AMZN,31.3064244,120.6020264,100.0,BUSY,M-L-001,V2
540,540,M-UAV-01,M600,31.2974824,120.5969782,100.0,BUSY,M-CRITICAL-001,V1
540,540,M-UAV-02,M600,31.3062683,120.6025389,30.5,CONTINGENCY,,
541,541,EVTOL-01,EC35,31.3132185,120.6005328,199.9,BUSY,M-P-001,V2
541,541,L-UAV-01,AMZN,31.3064575,120.6018726,100.0,BUSY,M-L-001,V2
541,541,M-UAV-01,M600,31.2975952,120.5970661,100.0,BUSY,M-CRITICAL-001,V1
541,541,M-UAV-02,M600,31.3062683,120.6025389,30.5,CONTINGENCY,,
542,542,EVTOL-01,EC35,31.3132323,120.6001080,199.9,BUSY,M-P-001,V2
542,542,L-UAV-01,AMZN,31.3064497,120.6017142,100.0,BUSY,M-L-001,V2
542,542,M-UAV-01,M600,31.2977190,120.5971306,100.0,BUSY,M-CRITICAL-001,V1
542,542,M-UAV-02,M600,31.3062683,120.6025389,30.5,CONTINGENCY,,
543,543,EVTOL-01,EC35,31.3132049,120.5996841,199.9,BUSY,M-P-001,V2
543,543,L-UAV-01,AMZN,31.3064019,120.6015657,100.0,BUSY,M-L-001,V2
543,543,M-UAV-01,M600,31.2978429,120.5971952,100.0,BUSY,M-CRITICAL-001,V1
543,543,M-UAV-02,M600,31.3062683,120.6025389,30.5,CONTINGENCY,,
544,544,EVTOL-01,EC35,31.3131368,120.5992665,199.9,BUSY,M-P-001,V2
544,544,L-UAV-01,AMZN,31.3063183,120.6014408,100.0,BUSY,M-L-001,V2
544,544,M-UAV-01,M600,31.2979667,120.5972597,100.0,BUSY,M-CRITICAL-001,V1
544,544,M-UAV-02,M600,31.3062683,120.6025389,30.5,CONTINGENCY,,
545,545,EVTOL-01,EC35,31.3130289,120.5988606,199.9,BUSY,M-P-001,V2
545,545,L-UAV-01,AMZN,31.3062067,120.6013508,100.0,BUSY,M-L-001,V2
545,545,M-UAV-01,M600,31.2980905,120.5973242,100.0,BUSY,M-CRITICAL-001,V1
545,545,M-UAV-02,M600,31.3062683,120.6025389,30.5,CONTINGENCY,,
546,546,EVTOL-01,EC35,31.3128824,120.5984716,199.9,BUSY,M-P-001,V2
546,546,L-UAV-01,AMZN,31.3060875,120.6012753,100.0,BUSY,M-L-001,V2
546,546,M-UAV-01,M600,31.2982144,120.5973887,100.0,BUSY,M-CRITICAL-001,V1
546,546,M-UAV-02,M600,31.3062683,120.6025389,30.5,CONTINGENCY,,
547,547,EVTOL-01,EC35,31.3126993,120.5981044,199.9,BUSY,M-P-001,V2
547,547,L-UAV-01,AMZN,31.3059683,120.6011999,100.0,BUSY,M-L-001,V2
547,547,M-UAV-01,M600,31.2983382,120.5974532,100.0,BUSY,M-CRITICAL-001,V1
547,547,M-UAV-02,M600,31.3062683,120.6025389,30.5,CONTINGENCY,,
548,548,EVTOL-01,EC35,31.3124820,120.5977638,199.9,BUSY,M-P-001,V2
548,548,L-UAV-01,AMZN,31.3058490,120.6011244,100.0,BUSY,M-L-001,V2
548,548,M-UAV-01,M600,31.2984620,120.5975177,100.0,BUSY,M-CRITICAL-001,V1
548,548,M-UAV-02,M600,31.3062683,120.6025389,30.5,CONTINGENCY,,
549,549,EVTOL-01,EC35,31.3122331,120.5974542,199.9,BUSY,M-P-001,V2
549,549,L-UAV-01,AMZN,31.3057298,120.6010489,100.0,BUSY,M-L-001,V2
549,549,M-UAV-01,M600,31.2985859,120.5975822,100.0,BUSY,M-CRITICAL-001,V1
549,549,M-UAV-02,M600,31.3062683,120.6025389,30.5,CONTINGENCY,,
550,550,EVTOL-01,EC35,31.3119560,120.5971794,199.9,BUSY,M-P-001,V2
550,550,L-UAV-01,AMZN,31.3056106,120.6009735,100.0,BUSY,M-L-001,V2
550,550,M-UAV-01,M600,31.2987097,120.5976467,100.0,BUSY,M-CRITICAL-001,V1
550,550,M-UAV-02,M600,31.3062683,120.6025389,30.5,CONTINGENCY,,
551,551,EVTOL-01,EC35,31.3116541,120.5969431,199.9,BUSY,M-P-001,V2
551,551,L-UAV-01,AMZN,31.3054914,120.6008980,100.0,BUSY,M-L-001,V2
551,551,M-UAV-01,M600,31.2988335,120.5977112,100.0,BUSY,M-CRITICAL-001,V1
551,551,M-UAV-02,M600,31.3062683,120.6025389,30.5,CONTINGENCY,,
552,552,EVTOL-01,EC35,31.3113314,120.5967482,199.9,BUSY,M-P-001,V2
552,552,L-UAV-01,AMZN,31.3053721,120.6008225,100.0,BUSY,M-L-001,V2
552,552,M-UAV-01,M600,31.2989574,120.5977758,100.0,BUSY,M-CRITICAL-001,V1
552,552,M-UAV-02,M600,31.3062683,120.6025389,30.5,CONTINGENCY,,
553,553,EVTOL-01,EC35,31.3109918,120.5965972,199.9,BUSY,M-P-001,V2
553,553,L-UAV-01,AMZN,31.3052529,120.6007471,100.0,BUSY,M-L-001,V2
553,553,M-UAV-01,M600,31.2990812,120.5978403,100.0,BUSY,M-CRITICAL-001,V1
553,553,M-UAV-02,M600,31.3062683,120.6025389,30.5,CONTINGENCY,,
554,554,EVTOL-01,EC35,31.3106399,120.5964921,199.9,BUSY,M-P-001,V2
554,554,L-UAV-01,AMZN,31.3051337,120.6006716,100.0,BUSY,M-L-001,V2
554,554,M-UAV-01,M600,31.2992050,120.5979048,100.0,BUSY,M-CRITICAL-001,V1
554,554,M-UAV-02,M600,31.3062683,120.6025389,30.5,CONTINGENCY,,
555,555,EVTOL-01,EC35,31.3102801,120.5964342,199.9,BUSY,M-P-001,V2
555,555,L-UAV-01,AMZN,31.3050145,120.6005961,100.0,BUSY,M-L-001,V2
555,555,M-UAV-01,M600,31.2993289,120.5979693,100.0,BUSY,M-CRITICAL-001,V1
555,555,M-UAV-02,M600,31.3062683,120.6025389,30.5,CONTINGENCY,,
556,556,EVTOL-01,EC35,31.3099174,120.5964120,199.9,BUSY,M-P-001,V2
556,556,L-UAV-01,AMZN,31.3048952,120.6005207,100.0,BUSY,M-L-001,V2
556,556,M-UAV-01,M600,31.2994527,120.5980338,100.0,BUSY,M-CRITICAL-001,V1
556,556,M-UAV-02,M600,31.3062683,120.6025389,30.5,CONTINGENCY,,
557,557,EVTOL-01,EC35,31.3095547,120.5963898,199.9,BUSY,M-P-001,V2
557,557,L-UAV-01,AMZN,31.3047760,120.6004452,100.0,BUSY,M-L-001,V2
557,557,M-UAV-01,M600,31.2995765,120.5980983,100.0,BUSY,M-CRITICAL-001,V1
557,557,M-UAV-02,M600,31.3062683,120.6025389,30.5,CONTINGENCY,,
558,558,EVTOL-01,EC35,31.3091920,120.5963676,199.9,BUSY,M-P-001,V2
558,558,L-UAV-01,AMZN,31.3046568,120.6003697,100.0,BUSY,M-L-001,V2
558,558,M-UAV-01,M600,31.2997004,120.5981628,100.0,BUSY,M-CRITICAL-001,V1
558,558,M-UAV-02,M600,31.3062683,120.6025389,30.5,CONTINGENCY,,
559,559,EVTOL-01,EC35,31.3088293,120.5963454,199.9,BUSY,M-P-001,V2
559,559,L-UAV-01,AMZN,31.3045375,120.6002943,100.0,BUSY,M-L-001,V2
559,559,M-UAV-01,M600,31.2998242,120.5982273,100.0,BUSY,M-CRITICAL-001,V1
559,559,M-UAV-02,M600,31.3062683,120.6025389,30.5,CONTINGENCY,,
560,560,EVTOL-01,EC35,31.3084666,120.5963232,199.9,BUSY,M-P-001,V2
560,560,L-UAV-01,AMZN,31.3044183,120.6002188,100.0,BUSY,M-L-001,V2
560,560,M-UAV-01,M600,31.2999480,120.5982919,100.0,BUSY,M-CRITICAL-001,V1
560,560,M-UAV-02,M600,31.3062683,120.6025389,30.5,CONTINGENCY,,
561,561,EVTOL-01,EC35,31.3081040,120.5963011,199.9,BUSY,M-P-001,V2
561,561,L-UAV-01,AMZN,31.3042991,120.6001433,100.0,BUSY,M-L-001,V2
561,561,M-UAV-01,M600,31.3000719,120.5983564,100.0,BUSY,M-CRITICAL-001,V1
561,561,M-UAV-02,M600,31.3062683,120.6025389,30.5,CONTINGENCY,,
562,562,EVTOL-01,EC35,31.3077413,120.5962789,199.9,BUSY,M-P-001,V2
562,562,L-UAV-01,AMZN,31.3041799,120.6000679,100.0,BUSY,M-L-001,V2
562,562,M-UAV-01,M600,31.3001957,120.5984209,100.0,BUSY,M-CRITICAL-001,V1
562,562,M-UAV-02,M600,31.3062683,120.6025389,30.5,CONTINGENCY,,
563,563,EVTOL-01,EC35,31.3073786,120.5962567,199.9,BUSY,M-P-001,V2
563,563,L-UAV-01,AMZN,31.3040606,120.5999924,100.0,BUSY,M-L-001,V2
563,563,M-UAV-01,M600,31.3003195,120.5984854,100.0,BUSY,M-CRITICAL-001,V1
563,563,M-UAV-02,M600,31.3062683,120.6025389,30.5,CONTINGENCY,,
564,564,EVTOL-01,EC35,31.3070159,120.5962345,199.9,BUSY,M-P-001,V2
564,564,L-UAV-01,AMZN,31.3039414,120.5999169,100.0,BUSY,M-L-001,V2
564,564,M-UAV-01,M600,31.3004434,120.5985499,100.0,BUSY,M-CRITICAL-001,V1
564,564,M-UAV-02,M600,31.3062683,120.6025389,30.5,CONTINGENCY,,
565,565,EVTOL-01,EC35,31.3066532,120.5962123,199.9,BUSY,M-P-001,V2
565,565,L-UAV-01,AMZN,31.3038222,120.5998415,100.0,BUSY,M-L-001,V2
565,565,M-UAV-01,M600,31.3005672,120.5986144,100.0,BUSY,M-CRITICAL-001,V1
565,565,M-UAV-02,M600,31.3062683,120.6025389,30.5,CONTINGENCY,,
566,566,EVTOL-01,EC35,31.3062905,120.5961901,199.9,BUSY,M-P-001,V2
566,566,L-UAV-01,AMZN,31.3037029,120.5997660,100.0,BUSY,M-L-001,V2
566,566,M-UAV-01,M600,31.3006910,120.5986789,100.0,BUSY,M-CRITICAL-001,V1
566,566,M-UAV-02,M600,31.3062683,120.6025389,30.5,CONTINGENCY,,
567,567,EVTOL-01,EC35,31.3059278,120.5961679,199.9,BUSY,M-P-001,V2
567,567,L-UAV-01,AMZN,31.3035837,120.5996905,100.0,BUSY,M-L-001,V2
567,567,M-UAV-01,M600,31.3008149,120.5987435,100.0,BUSY,M-CRITICAL-001,V1
567,567,M-UAV-02,M600,31.3062683,120.6025389,30.5,CONTINGENCY,,
568,568,EVTOL-01,EC35,31.3055651,120.5961457,199.9,BUSY,M-P-001,V2
568,568,L-UAV-01,AMZN,31.3034645,120.5996151,100.0,BUSY,M-L-001,V2
568,568,M-UAV-01,M600,31.3009387,120.5988080,100.0,BUSY,M-CRITICAL-001,V1
568,568,M-UAV-02,M600,31.3062683,120.6025389,30.5,CONTINGENCY,,
569,569,EVTOL-01,EC35,31.3052024,120.5961235,199.9,BUSY,M-P-001,V2
569,569,L-UAV-01,AMZN,31.3033453,120.5995396,100.0,BUSY,M-L-001,V2
569,569,M-UAV-01,M600,31.3010625,120.5988725,100.0,BUSY,M-CRITICAL-001,V1
569,569,M-UAV-02,M600,31.3062683,120.6025389,30.5,CONTINGENCY,,
570,570,EVTOL-01,EC35,31.3048397,120.5961014,199.9,BUSY,M-P-001,V2
570,570,L-UAV-01,AMZN,31.3032260,120.5994641,100.0,BUSY,M-L-001,V2
570,570,M-UAV-01,M600,31.3011864,120.5989370,100.0,BUSY,M-CRITICAL-001,V1
570,570,M-UAV-02,M600,31.3062683,120.6025389,30.5,CONTINGENCY,,
571,571,EVTOL-01,EC35,31.3044770,120.5960792,199.9,BUSY,M-P-001,V2
571,571,L-UAV-01,AMZN,31.3031068,120.5993887,100.0,BUSY,M-L-001,V2
571,571,M-UAV-01,M600,31.3013102,120.5990015,100.0,BUSY,M-CRITICAL-001,V1
571,571,M-UAV-02,M600,31.3062683,120.6025389,30.5,CONTINGENCY,,
572,572,EVTOL-01,EC35,31.3041143,120.5960570,199.9,BUSY,M-P-001,V2
572,572,L-UAV-01,AMZN,31.3029876,120.5993132,100.0,BUSY,M-L-001,V2
572,572,M-UAV-01,M600,31.3014340,120.5990660,100.0,BUSY,M-CRITICAL-001,V1
572,572,M-UAV-02,M600,31.3062683,120.6025389,30.5,CONTINGENCY,,
573,573,EVTOL-01,EC35,31.3037516,120.5960348,199.9,BUSY,M-P-001,V2
573,573,L-UAV-01,AMZN,31.3028683,120.5992377,100.0,BUSY,M-L-001,V2
573,573,M-UAV-01,M600,31.3015578,120.5991305,100.0,BUSY,M-CRITICAL-001,V1
573,573,M-UAV-02,M600,31.3062683,120.6025389,30.5,CONTINGENCY,,
574,574,EVTOL-01,EC35,31.3033889,120.5960126,199.9,BUSY,M-P-001,V2
574,574,L-UAV-01,AMZN,31.3027491,120.5991623,100.0,BUSY,M-L-001,V2
574,574,M-UAV-01,M600,31.3016817,120.5991951,100.0,BUSY,M-CRITICAL-001,V1
574,574,M-UAV-02,M600,31.3062683,120.6025389,30.5,CONTINGENCY,,
575,575,EVTOL-01,EC35,31.3030262,120.5959904,199.9,BUSY,M-P-001,V2
575,575,L-UAV-01,AMZN,31.3026299,120.5990868,100.0,BUSY,M-L-001,V2
575,575,M-UAV-01,M600,31.3018055,120.5992596,100.0,BUSY,M-CRITICAL-001,V1
575,575,M-UAV-02,M600,31.3062683,120.6025389,30.5,CONTINGENCY,,
576,576,EVTOL-01,EC35,31.3026635,120.5959682,199.9,BUSY,M-P-001,V2
576,576,L-UAV-01,AMZN,31.3025107,120.5990114,100.0,BUSY,M-L-001,V2
576,576,M-UAV-01,M600,31.3019293,120.5993241,100.0,BUSY,M-CRITICAL-001,V1
576,576,M-UAV-02,M600,31.3062683,120.6025389,30.5,CONTINGENCY,,
577,577,EVTOL-01,EC35,31.3023008,120.5959461,199.9,BUSY,M-P-001,V2
577,577,L-UAV-01,AMZN,31.3023914,120.5989359,100.0,BUSY,M-L-001,V2
577,577,M-UAV-01,M600,31.3020532,120.5993886,100.0,BUSY,M-CRITICAL-001,V1
577,577,M-UAV-02,M600,31.3062683,120.6025389,30.5,CONTINGENCY,,
578,578,EVTOL-01,EC35,31.3019381,120.5959239,199.9,BUSY,M-P-001,V2
578,578,L-UAV-01,AMZN,31.3022722,120.5988604,100.0,BUSY,M-L-001,V2
578,578,M-UAV-01,M600,31.3021770,120.5994531,100.0,BUSY,M-CRITICAL-001,V1
578,578,M-UAV-02,M600,31.3062683,120.6025389,30.5,CONTINGENCY,,
579,579,EVTOL-01,EC35,31.3015754,120.5959017,199.9,BUSY,M-P-001,V2
579,579,L-UAV-01,AMZN,31.3021530,120.5987850,100.0,BUSY,M-L-001,V2
579,579,M-UAV-01,M600,31.3023008,120.5995176,100.0,BUSY,M-CRITICAL-001,V1
579,579,M-UAV-02,M600,31.3062683,120.6025389,30.5,CONTINGENCY,,
580,580,EVTOL-01,EC35,31.3012127,120.5958795,199.9,BUSY,M-P-001,V2
580,580,L-UAV-01,AMZN,31.3020337,120.5987095,100.0,BUSY,M-L-001,V2
580,580,M-UAV-01,M600,31.3024247,120.5995822,100.0,BUSY,M-CRITICAL-001,V1
580,580,M-UAV-02,M600,31.3062683,120.6025389,30.5,CONTINGENCY,,
581,581,EVTOL-01,EC35,31.3008500,120.5958573,199.9,BUSY,M-P-001,V2
581,581,L-UAV-01,AMZN,31.3019145,120.5986340,100.0,BUSY,M-L-001,V2
581,581,M-UAV-01,M600,31.3025485,120.5996467,100.0,BUSY,M-CRITICAL-001,V1
581,581,M-UAV-02,M600,31.3062683,120.6025389,30.5,CONTINGENCY,,
582,582,EVTOL-01,EC35,31.3004874,120.5958351,199.9,BUSY,M-P-001,V2
582,582,L-UAV-01,AMZN,31.3017953,120.5985586,100.0,BUSY,M-L-001,V2
582,582,M-UAV-01,M600,31.3026723,120.5997112,100.0,BUSY,M-CRITICAL-001,V1
582,582,M-UAV-02,M600,31.3062683,120.6025389,30.5,CONTINGENCY,,
583,583,EVTOL-01,EC35,31.3001247,120.5958130,199.9,BUSY,M-P-001,V2
583,583,L-UAV-01,AMZN,31.3016760,120.5984831,100.0,BUSY,M-L-001,V2
583,583,M-UAV-01,M600,31.3027962,120.5997757,100.0,BUSY,M-CRITICAL-001,V1
583,583,M-UAV-02,M600,31.3062683,120.6025389,30.5,CONTINGENCY,,
584,584,EVTOL-01,EC35,31.2997620,120.5957908,199.9,BUSY,M-P-001,V2
584,584,L-UAV-01,AMZN,31.3015568,120.5984077,100.0,BUSY,M-L-001,V2
584,584,M-UAV-01,M600,31.3029200,120.5998402,100.0,BUSY,M-CRITICAL-001,V1
584,584,M-UAV-02,M600,31.3062683,120.6025389,30.5,CONTINGENCY,,
585,585,EVTOL-01,EC35,31.2993993,120.5957686,199.9,BUSY,M-P-001,V2
585,585,L-UAV-01,AMZN,31.3014376,120.5983322,100.0,BUSY,M-L-001,V2
585,585,M-UAV-01,M600,31.3030438,120.5999047,100.0,BUSY,M-CRITICAL-001,V1
585,585,M-UAV-02,M600,31.3062683,120.6025389,30.5,CONTINGENCY,,
586,586,EVTOL-01,EC35,31.2990366,120.5957464,199.9,BUSY,M-P-001,V2
586,586,L-UAV-01,AMZN,31.3013184,120.5982567,100.0,BUSY,M-L-001,V2
586,586,M-UAV-01,M600,31.3031677,120.5999693,100.0,BUSY,M-CRITICAL-001,V1
586,586,M-UAV-02,M600,31.3062683,120.6025389,30.5,CONTINGENCY,,
587,587,EVTOL-01,EC35,31.2986739,120.5957242,199.9,BUSY,M-P-001,V2
587,587,L-UAV-01,AMZN,31.3011991,120.5981813,100.0,BUSY,M-L-001,V2
587,587,M-UAV-01,M600,31.3032915,120.6000338,100.0,BUSY,M-CRITICAL-001,V1
587,587,M-UAV-02,M600,31.3062683,120.6025389,30.5,CONTINGENCY,,
588,588,EVTOL-01,EC35,31.2983112,120.5957020,199.9,BUSY,M-P-001,V2
588,588,L-UAV-01,AMZN,31.3010799,120.5981058,100.0,BUSY,M-L-001,V2
588,588,M-UAV-01,M600,31.3034153,120.6000983,100.0,BUSY,M-CRITICAL-001,V1
588,588,M-UAV-02,M600,31.3062683,120.6025389,30.5,CONTINGENCY,,
589,589,EVTOL-01,EC35,31.2979485,120.5956798,199.9,BUSY,M-P-001,V1
589,589,L-UAV-01,AMZN,31.3009607,120.5980303,100.0,BUSY,M-L-001,V2
589,589,M-UAV-01,M600,31.3035391,120.6001628,100.0,BUSY,M-CRITICAL-001,V1
589,589,M-UAV-02,M600,31.3062683,120.6025389,30.5,CONTINGENCY,,
590,590,EVTOL-01,EC35,31.2975860,120.5957058,199.9,BUSY,M-P-001,V1
590,590,L-UAV-01,AMZN,31.3008414,120.5979549,100.0,BUSY,M-L-001,V2
590,590,M-UAV-01,M600,31.3036630,120.6002273,100.0,BUSY,M-CRITICAL-001,V1
590,590,M-UAV-02,M600,31.3062683,120.6025389,30.5,CONTINGENCY,,
591,591,EVTOL-01,EC35,31.2972283,120.5957795,199.9,BUSY,M-P-001,V1
591,591,L-UAV-01,AMZN,31.3007222,120.5978794,100.0,BUSY,M-L-001,V2
591,591,M-UAV-01,M600,31.3037868,120.6002919,100.0,BUSY,M-CRITICAL-001,V1
591,591,M-UAV-02,M600,31.3062683,120.6025389,30.5,CONTINGENCY,,
592,592,EVTOL-01,EC35,31.2968800,120.5959000,199.9,BUSY,M-P-001,V1
592,592,L-UAV-01,AMZN,31.3006030,120.5978040,100.0,BUSY,M-L-001,V2
592,592,M-UAV-01,M600,31.3039106,120.6003564,100.0,BUSY,M-CRITICAL-001,V1
592,592,M-UAV-02,M600,31.3062683,120.6025389,30.5,CONTINGENCY,,
593,593,EVTOL-01,EC35,31.2965456,120.5960658,199.9,BUSY,M-P-001,V1
593,593,L-UAV-01,AMZN,31.3004837,120.5977285,100.0,BUSY,M-L-001,V2
593,593,M-UAV-01,M600,31.3040345,120.6004209,100.0,BUSY,M-CRITICAL-001,V1
593,593,M-UAV-02,M600,31.3062683,120.6025389,30.5,CONTINGENCY,,
594,594,EVTOL-01,EC35,31.2962293,120.5962747,199.9,BUSY,M-P-001,V1
594,594,L-UAV-01,AMZN,31.3003645,120.5976530,100.0,BUSY,M-L-001,V2
594,594,M-UAV-01,M600,31.3041583,120.6004854,100.0,BUSY,M-CRITICAL-001,V1
594,594,M-UAV-02,M600,31.3062683,120.6025389,30.5,CONTINGENCY,,
595,595,EVTOL-01,EC35,31.2959352,120.5965242,199.9,BUSY,M-P-001,V1
595,595,L-UAV-01,AMZN,31.3002453,120.5975776,100.0,BUSY,M-L-001,V2
595,595,M-UAV-01,M600,31.3042821,120.6005499,100.0,BUSY,M-CRITICAL-001,V1
595,595,M-UAV-02,M600,31.3062683,120.6025389,30.5,CONTINGENCY,,
596,596,EVTOL-01,EC35,31.2956671,120.5968109,199.9,BUSY,M-P-001,V1
596,596,L-UAV-01,AMZN,31.3001261,120.5975021,100.0,BUSY,M-L-001,V2
596,596,M-UAV-01,M600,31.3044060,120.6006144,100.0,BUSY,M-CRITICAL-001,V1
596,596,M-UAV-02,M600,31.3062683,120.6025389,30.5,CONTINGENCY,,
597,597,EVTOL-01,EC35,31.2954284,120.5971312,199.9,BUSY,M-P-001,V1
597,597,L-UAV-01,AMZN,31.3000068,120.5974267,100.0,BUSY,M-L-001,V2
597,597,M-UAV-01,M600,31.3045298,120.6006790,100.0,BUSY,M-CRITICAL-001,V1
597,597,M-UAV-02,M600,31.3062683,120.6025389,30.5,CONTINGENCY,,
598,598,EVTOL-01,EC35,31.2952222,120.5974811,199.9,BUSY,M-P-001,V1
598,598,L-UAV-01,AMZN,31.2998876,120.5973512,100.0,BUSY,M-L-001,V2
598,598,M-UAV-01,M600,31.3046536,120.6007435,100.0,BUSY,M-CRITICAL-001,V1
598,598,M-UAV-02,M600,31.3062683,120.6025389,30.5,CONTINGENCY,,
599,599,EVTOL-01,EC35,31.2950510,120.5978560,199.9,BUSY,M-P-001,V1
599,599,L-UAV-01,AMZN,31.2997684,120.5972758,100.0,BUSY,M-L-001,V2
599,599,M-UAV-01,M600,31.3047775,120.6008080,100.0,BUSY,M-CRITICAL-001,V1
599,599,M-UAV-02,M600,31.3062683,120.6025389,30.5,CONTINGENCY,,
600,600,EVTOL-01,EC35,31.2949172,120.5982511,199.9,BUSY,M-P-001,V1
600,600,L-UAV-01,AMZN,31.2996491,120.5972003,100.0,BUSY,M-L-001,V2
600,600,M-UAV-01,M600,31.3049013,120.6008725,100.0,BUSY,M-CRITICAL-001,V1
600,600,M-UAV-02,M600,31.3062683,120.6025389,30.5,CONTINGENCY,,
601,601,EVTOL-01,EC35,31.2948223,120.5986614,199.9,BUSY,M-P-001,V1
601,601,L-UAV-01,AMZN,31.2995299,120.5971248,100.0,BUSY,M-L-001,V2
601,601,M-UAV-01,M600,31.3050251,120.6009370,100.0,BUSY,M-CRITICAL-001,V1
601,601,M-UAV-02,M600,31.3062683,120.6025389,30.5,CONTINGENCY,,
602,602,EVTOL-01,EC35,31.2947677,120.5990816,199.9,BUSY,M-P-001,V1
602,602,L-UAV-01,AMZN,31.2994107,120.5970494,100.0,BUSY,M-L-001,V2
602,602,M-UAV-01,M600,31.3051490,120.6010016,100.0,BUSY,M-CRITICAL-001,V1
602,602,M-UAV-02,M600,31.3062683,120.6025389,30.5,CONTINGENCY,,
603,603,EVTOL-01,EC35,31.2947540,120.5995063,199.9,BUSY,M-P-001,V1
603,603,L-UAV-01,AMZN,31.2992914,120.5969739,100.0,BUSY,M-L-001,V2
603,603,M-UAV-01,M600,31.3052728,120.6010661,100.0,BUSY,M-CRITICAL-001,V1
603,603,M-UAV-02,M600,31.3062683,120.6025389,30.5,CONTINGENCY,,
604,604,EVTOL-01,EC35,31.2947814,120.5999301,199.9,BUSY,M-P-001,V1
604,604,L-UAV-01,AMZN,31.2991722,120.5968985,100.0,BUSY,M-L-001,V2
604,604,M-UAV-01,M600,31.3053966,120.6011306,100.0,BUSY,M-CRITICAL-001,V1
604,604,M-UAV-02,M600,31.3062683,120.6025389,30.5,CONTINGENCY,,
605,605,EVTOL-01,EC35,31.2948495,120.6003476,199.9,BUSY,M-P-001,V1
605,605,L-UAV-01,AMZN,31.2990530,120.5968230,100.0,BUSY,M-L-001,V2
605,605,M-UAV-01,M600,31.3055204,120.6011951,100.0,BUSY,M-CRITICAL-001,V1
605,605,M-UAV-02,M600,31.3062683,120.6025389,30.5,CONTINGENCY,,
606,606,EVTOL-01,EC35,31.2949575,120.6007534,199.9,BUSY,M-P-001,V1
606,606,L-UAV-01,AMZN,31.2989338,120.5967475,100.0,BUSY,M-L-001,V2
606,606,M-UAV-01,M600,31.3056443,120.6012597,100.0,BUSY,M-CRITICAL-001,V1
606,606,M-UAV-02,M600,31.3062683,120.6025389,30.5,CONTINGENCY,,
607,607,EVTOL-01,EC35,31.2951040,120.6011423,199.9,BUSY,M-P-001,V1
607,607,L-UAV-01,AMZN,31.2988145,120.5966721,100.0,BUSY,M-L-001,V2
607,607,M-UAV-01,M600,31.3057681,120.6013242,100.0,BUSY,M-CRITICAL-001,V1
607,607,M-UAV-02,M600,31.3062683,120.6025389,30.5,CONTINGENCY,,
608,608,EVTOL-01,EC35,31.2952872,120.6015094,199.9,BUSY,M-P-001,V1
608,608,L-UAV-01,AMZN,31.2986953,120.5965966,100.0,BUSY,M-L-001,V2
608,608,M-UAV-01,M600,31.3058919,120.6013887,100.0,BUSY,M-CRITICAL-001,V1
608,608,M-UAV-02,M600,31.3062683,120.6025389,30.5,CONTINGENCY,,
609,609,EVTOL-01,EC35,31.2955045,120.6018499,199.9,BUSY,M-P-001,V1
609,609,L-UAV-01,AMZN,31.2985761,120.5965212,100.0,BUSY,M-L-001,V2
609,609,M-UAV-01,M600,31.3060158,120.6014532,100.0,BUSY,M-CRITICAL-001,V1
609,609,M-UAV-02,M600,31.3062683,120.6025389,30.5,CONTINGENCY,,
610,610,EVTOL-01,EC35,31.2957534,120.6021594,199.9,BUSY,M-P-001,V1
610,610,L-UAV-01,AMZN,31.2984568,120.5964457,100.0,BUSY,M-L-001,V2
610,610,M-UAV-01,M600,31.3061396,120.6015177,100.0,BUSY,M-CRITICAL-001,V1
610,610,M-UAV-02,M600,31.3062683,120.6025389,30.5,CONTINGENCY,,
611,611,EVTOL-01,EC35,31.2960305,120.6024341,199.9,BUSY,M-P-001,V1
611,611,L-UAV-01,AMZN,31.2983376,120.5963703,100.0,BUSY,M-L-001,V2
611,611,M-UAV-01,M600,31.3062634,120.6015823,100.0,BUSY,M-CRITICAL-001,V1
611,611,M-UAV-02,M600,31.3062683,120.6025389,30.5,CONTINGENCY,,
612,612,EVTOL-01,EC35,31.2963324,120.6026704,199.9,BUSY,M-P-001,V1
612,612,L-UAV-01,AMZN,31.2982184,120.5962948,100.0,BUSY,M-L-001,V2
612,612,M-UAV-01,M600,31.3063873,120.6016468,100.0,BUSY,M-CRITICAL-001,V1
612,612,M-UAV-02,M600,31.3062683,120.6025389,30.5,CONTINGENCY,,
613,613,EVTOL-01,EC35,31.2966552,120.6028652,199.9,BUSY,M-P-001,V1
613,613,L-UAV-01,AMZN,31.2980991,120.5962194,100.0,BUSY,M-L-001,V2
613,613,M-UAV-01,M600,31.3065111,120.6017113,100.0,BUSY,M-CRITICAL-001,V1
613,613,M-UAV-02,M600,31.3062683,120.6025389,30.5,CONTINGENCY,,
614,614,EVTOL-01,EC35,31.2969948,120.6030162,199.9,BUSY,M-P-001,V1
614,614,L-UAV-01,AMZN,31.2979799,120.5961439,100.0,BUSY,M-L-001,V2
614,614,M-UAV-01,M600,31.3066349,120.6017758,100.0,BUSY,M-CRITICAL-001,V1
614,614,M-UAV-02,M600,31.3062683,120.6025389,30.5,CONTINGENCY,,
615,615,EVTOL-01,EC35,31.2973467,120.6031212,199.9,BUSY,M-P-001,V1
615,615,L-UAV-01,AMZN,31.2978607,120.5960684,100.0,BUSY,M-L-001,V3
615,615,M-UAV-01,M600,31.3067587,120.6018403,100.0,BUSY,M-CRITICAL-001,V1
615,615,M-UAV-02,M600,31.3062683,120.6025389,30.5,CONTINGENCY,,
616,616,EVTOL-01,EC35,31.2977065,120.6031790,199.9,BUSY,M-P-001,V1
616,616,L-UAV-01,AMZN,31.2977276,120.5960381,100.0,BUSY,M-L-001,V3
616,616,M-UAV-01,M600,31.3068826,120.6019049,100.0,BUSY,M-CRITICAL-001,V1
616,616,M-UAV-02,M600,31.3062683,120.6025389,30.5,CONTINGENCY,,
617,617,EVTOL-01,EC35,31.2980692,120.6032013,199.9,BUSY,M-P-001,V1
617,617,L-UAV-01,AMZN,31.2975929,120.5960557,100.0,BUSY,M-L-001,V3
617,617,M-UAV-01,M600,31.3070064,120.6019694,100.0,BUSY,M-CRITICAL-001,V1
617,617,M-UAV-02,M600,31.3062683,120.6025389,30.5,CONTINGENCY,,
618,618,EVTOL-01,EC35,31.2984319,120.6032235,199.9,BUSY,M-P-001,V1
618,618,L-UAV-01,AMZN,31.2974689,120.5961196,100.0,BUSY,M-L-001,V3
618,618,M-UAV-01,M600,31.3071302,120.6020339,100.0,BUSY,M-CRITICAL-001,V1
618,618,M-UAV-02,M600,31.3062683,120.6025389,30.5,CONTINGENCY,,
619,619,EVTOL-01,EC35,31.2987946,120.6032457,199.9,BUSY,M-P-001,V1
619,619,L-UAV-01,AMZN,31.2973668,120.5962239,100.0,BUSY,M-L-001,V3
619,619,M-UAV-01,M600,31.3072541,120.6020984,100.0,BUSY,M-CRITICAL-001,V1
619,619,M-UAV-02,M600,31.3062683,120.6025389,30.5,CONTINGENCY,,
620,620,EVTOL-01,EC35,31.2991573,120.6032679,199.9,BUSY,M-P-001,V1
620,620,L-UAV-01,AMZN,31.2972960,120.5963592,100.0,BUSY,M-L-001,V3
620,620,M-UAV-01,M600,31.3073779,120.6021630,100.0,BUSY,M-CRITICAL-001,V1
620,620,M-UAV-02,M600,31.3062683,120.6025389,30.5,CONTINGENCY,,
621,621,EVTOL-01,EC35,31.2995200,120.6032902,199.9,BUSY,M-P-001,V1
621,621,L-UAV-01,AMZN,31.2972629,120.5965131,100.0,BUSY,M-L-001,V3
621,621,M-UAV-01,M600,31.3075017,120.6022275,100.0,BUSY,M-CRITICAL-001,V1
621,621,M-UAV-02,M600,31.3062683,120.6025389,30.5,CONTINGENCY,,
622,622,EVTOL-01,EC35,31.2998827,120.6033124,199.9,BUSY,M-P-001,V1
622,622,L-UAV-01,AMZN,31.2972707,120.5966714,100.0,BUSY,M-L-001,V3
622,622,M-UAV-01,M600,31.3076256,120.6022920,100.0,BUSY,M-CRITICAL-001,V1
622,622,M-UAV-02,M600,31.3062683,120.6025389,30.5,CONTINGENCY,,
623,623,EVTOL-01,EC35,31.3002453,120.6033346,199.9,BUSY,M-P-001,V1
623,623,L-UAV-01,AMZN,31.2973185,120.5968199,100.0,BUSY,M-L-001,V3
623,623,M-UAV-01,M600,31.3077494,120.6023565,100.0,BUSY,M-CRITICAL-001,V1
623,623,M-UAV-02,M600,31.3062683,120.6025389,30.5,CONTINGENCY,,
624,624,EVTOL-01,EC35,31.3006080,120.6033568,199.9,BUSY,M-P-001,V1
624,624,L-UAV-01,AMZN,31.2974021,120.5969448,100.0,BUSY,M-L-001,V3
624,624,M-UAV-01,M600,31.3078732,120.6024211,100.0,BUSY,M-CRITICAL-001,V1
624,624,M-UAV-02,M600,31.3062683,120.6025389,30.5,CONTINGENCY,,
625,625,EVTOL-01,EC35,31.3009707,120.6033791,199.9,BUSY,M-P-001,V1
625,625,L-UAV-01,AMZN,31.2975137,120.5970348,100.0,BUSY,M-L-001,V3
625,625,M-UAV-01,M600,31.3079971,120.6024856,100.0,BUSY,M-CRITICAL-001,V1
625,625,M-UAV-02,M600,31.3062683,120.6025389,30.5,CONTINGENCY,,
626,626,EVTOL-01,EC35,31.3013334,120.6034013,199.9,BUSY,M-P-001,V1
626,626,L-UAV-01,AMZN,31.2976329,120.5971102,100.0,BUSY,M-L-001,V3
626,626,M-UAV-01,M600,31.3081209,120.6025501,100.0,BUSY,M-CRITICAL-001,V1
626,626,M-UAV-02,M600,31.3062683,120.6025389,30.5,CONTINGENCY,,
627,627,EVTOL-01,EC35,31.3016961,120.6034235,199.9,BUSY,M-P-001,V1
627,627,L-UAV-01,AMZN,31.2977522,120.5971857,100.0,BUSY,M-L-001,V3
627,627,M-UAV-01,M600,31.3082447,120.6026146,100.0,BUSY,M-CRITICAL-001,V1
627,627,M-UAV-02,M600,31.3062683,120.6025389,30.5,CONTINGENCY,,
628,628,EVTOL-01,EC35,31.3020588,120.6034457,199.9,BUSY,M-P-001,V1
628,628,L-UAV-01,AMZN,31.2978714,120.5972611,100.0,BUSY,M-L-001,V3
628,628,M-UAV-01,M600,31.3083685,120.6026792,100.0,BUSY,M-CRITICAL-001,V1
628,628,M-UAV-02,M600,31.3062683,120.6025389,30.5,CONTINGENCY,,
629,629,EVTOL-01,EC35,31.3024215,120.6034680,199.9,BUSY,M-P-001,V1
629,629,L-UAV-01,AMZN,31.2979906,120.5973366,100.0,BUSY,M-L-001,V3
629,629,M-UAV-01,M600,31.3084924,120.6027437,100.0,BUSY,M-CRITICAL-001,V1
629,629,M-UAV-02,M600,31.3062683,120.6025389,30.5,CONTINGENCY,,
630,630,EVTOL-01,EC35,31.3027842,120.6034902,199.9,BUSY,M-P-001,V1
630,630,L-UAV-01,AMZN,31.2981099,120.5974121,100.0,BUSY,M-L-001,V3
630,630,M-UAV-01,M600,31.3086162,120.6028082,100.0,BUSY,M-CRITICAL-001,V1
630,630,M-UAV-02,M600,31.3062683,120.6025389,30.5,CONTINGENCY,,
631,631,EVTOL-01,EC35,31.3031469,120.6035124,199.9,BUSY,M-P-001,V1
631,631,L-UAV-01,AMZN,31.2982291,120.5974875,100.0,BUSY,M-L-001,V3
631,631,M-UAV-01,M600,31.3087400,120.6028727,100.0,BUSY,M-CRITICAL-001,V1
631,631,M-UAV-02,M600,31.3062683,120.6025389,30.5,CONTINGENCY,,
632,632,EVTOL-01,EC35,31.3035096,120.6035346,199.9,BUSY,M-P-001,V1
632,632,L-UAV-01,AMZN,31.2983483,120.5975630,100.0,BUSY,M-L-001,V3
632,632,M-UAV-01,M600,31.3088639,120.6029373,100.0,BUSY,M-CRITICAL-001,V1
632,632,M-UAV-02,M600,31.3062683,120.6025389,30.5,CONTINGENCY,,
633,633,EVTOL-01,EC35,31.3038723,120.6035569,199.9,BUSY,M-P-001,V1
633,633,L-UAV-01,AMZN,31.2984675,120.5976384,100.0,BUSY,M-L-001,V3
633,633,M-UAV-01,M600,31.3089877,120.6030018,100.0,BUSY,M-CRITICAL-001,V1
633,633,M-UAV-02,M600,31.3062683,120.6025389,30.5,CONTINGENCY,,
634,634,EVTOL-01,EC35,31.3042350,120.6035791,199.9,BUSY,M-P-001,V1
634,634,L-UAV-01,AMZN,31.2985868,120.5977139,100.0,BUSY,M-L-001,V3
634,634,M-UAV-01,M600,31.3091115,120.6030663,100.0,BUSY,M-CRITICAL-001,V1
634,634,M-UAV-02,M600,31.3062683,120.6025389,30.5,CONTINGENCY,,
635,635,EVTOL-01,EC35,31.3045977,120.6036013,199.9,BUSY,M-P-001,V1
635,635,L-UAV-01,AMZN,31.2987060,120.5977893,100.0,BUSY,M-L-001,V3
635,635,M-UAV-01,M600,31.3092353,120.6031308,100.0,BUSY,M-CRITICAL-001,V1
635,635,M-UAV-02,M600,31.3062683,120.6025389,30.5,CONTINGENCY,,
636,636,EVTOL-01,EC35,31.3049604,120.6036236,199.9,BUSY,M-P-001,V1
636,636,L-UAV-01,AMZN,31.2988252,120.5978648,100.0,BUSY,M-L-001,V3
636,636,M-UAV-01,M600,31.3093592,120.6031954,100.0,BUSY,M-CRITICAL-001,V1
636,636,M-UAV-02,M600,31.3062683,120.6025389,30.5,CONTINGENCY,,
637,637,EVTOL-01,EC35,31.3053231,120.6036458,199.9,BUSY,M-P-001,V1
637,637,L-UAV-01,AMZN,31.2989445,120.5979403,100.0,BUSY,M-L-001,V3
637,637,M-UAV-01,M600,31.3094830,120.6032599,100.0,BUSY,M-CRITICAL-001,V1
637,637,M-UAV-02,M600,31.3062683,120.6025389,30.5,CONTINGENCY,,
638,638,EVTOL-01,EC35,31.3056857,120.6036680,199.9,BUSY,M-P-001,V1
638,638,L-UAV-01,AMZN,31.2990637,120.5980157,100.0,BUSY,M-L-001,V3
638,638,M-UAV-01,M600,31.3096068,120.6033244,100.0,BUSY,M-CRITICAL-001,V1
638,638,M-UAV-02,M600,31.3062683,120.6025389,30.5,CONTINGENCY,,
639,639,EVTOL-01,EC35,31.3060484,120.6036902,199.9,BUSY,M-P-001,V1
639,639,L-UAV-01,AMZN,31.2991829,120.5980912,100.0,BUSY,M-L-001,V3
639,639,M-UAV-01,M600,31.3097307,120.6033889,100.0,BUSY,M-CRITICAL-001,V1
639,639,M-UAV-02,M600,31.3062683,120.6025389,30.5,CONTINGENCY,,
640,640,EVTOL-01,EC35,31.3064111,120.6037125,199.9,BUSY,M-P-001,V1
640,640,L-UAV-01,AMZN,31.2993022,120.5981666,100.0,BUSY,M-L-001,V3
640,640,M-UAV-01,M600,31.3098545,120.6034535,100.0,BUSY,M-CRITICAL-001,V1
640,640,M-UAV-02,M600,31.3062683,120.6025389,30.5,CONTINGENCY,,
641,641,EVTOL-01,EC35,31.3067738,120.6037347,199.9,BUSY,M-P-001,V1
641,641,L-UAV-01,AMZN,31.2994214,120.5982421,100.0,BUSY,M-L-001,V3
641,641,M-UAV-01,M600,31.3099783,120.6035180,100.0,BUSY,M-CRITICAL-001,V1
641,641,M-UAV-02,M600,31.3062683,120.6025389,30.5,CONTINGENCY,,
642,642,EVTOL-01,EC35,31.3071365,120.6037569,199.9,BUSY,M-P-001,V1
642,642,L-UAV-01,AMZN,31.2995406,120.5983176,100.0,BUSY,M-L-001,V3
642,642,M-UAV-01,M600,31.3101022,120.6035825,100.0,AVAILABLE,,
642,642,M-UAV-02,M600,31.3062683,120.6025389,30.5,CONTINGENCY,,
643,643,EVTOL-01,EC35,31.3074992,120.6037791,199.9,BUSY,M-P-001,V1
643,643,L-UAV-01,AMZN,31.2996598,120.5983930,100.0,BUSY,M-L-001,V3
643,643,M-UAV-01,M600,31.3102096,120.6036385,98.5,AVAILABLE,,
643,643,M-UAV-02,M600,31.3062683,120.6025389,30.5,CONTINGENCY,,
644,644,EVTOL-01,EC35,31.3078619,120.6038014,199.9,BUSY,M-P-001,V1
644,644,L-UAV-01,AMZN,31.2997791,120.5984685,100.0,BUSY,M-L-001,V3
644,644,M-UAV-01,M600,31.3103005,120.6036859,95.4,AVAILABLE,,
644,644,M-UAV-02,M600,31.3062683,120.6025389,30.5,CONTINGENCY,,
645,645,EVTOL-01,EC35,31.3082246,120.6038236,199.9,BUSY,M-P-001,V1
645,645,L-UAV-01,AMZN,31.2998983,120.5985439,100.0,BUSY,M-L-001,V3
645,645,M-UAV-01,M600,31.3103751,120.6037247,90.8,AVAILABLE,,
645,645,M-UAV-02,M600,31.3062683,120.6025389,30.5,CONTINGENCY,,
646,646,EVTOL-01,EC35,31.3085873,120.6038458,199.9,BUSY,M-P-001,V1
646,646,L-UAV-01,AMZN,31.3000175,120.5986194,100.0,BUSY,M-L-001,V3
646,646,M-UAV-01,M600,31.3104332,120.6037550,84.7,AVAILABLE,,
646,646,M-UAV-02,M600,31.3062683,120.6025389,30.5,CONTINGENCY,,
647,647,EVTOL-01,EC35,31.3089500,120.6038681,199.9,BUSY,M-P-001,V1
647,647,L-UAV-01,AMZN,31.3001368,120.5986949,100.0,BUSY,M-L-001,V3
647,647,M-UAV-01,M600,31.3104748,120.6037767,77.1,AVAILABLE,,
647,647,M-UAV-02,M600,31.3062683,120.6025389,30.5,CONTINGENCY,,
648,648,EVTOL-01,EC35,31.3093127,120.6038903,199.9,BUSY,M-P-001,V1
648,648,L-UAV-01,AMZN,31.3002560,120.5987703,100.0,BUSY,M-L-001,V3
648,648,M-UAV-01,M600,31.3105001,120.6037899,69.5,AVAILABLE,,
648,648,M-UAV-02,M600,31.3062683,120.6025389,30.5,CONTINGENCY,,
649,649,EVTOL-01,EC35,31.3096754,120.6039125,199.9,BUSY,M-P-001,V1
649,649,L-UAV-01,AMZN,31.3003752,120.5988458,100.0,BUSY,M-L-001,V3
649,649,M-UAV-01,M600,31.3105089,120.6037945,61.9,AVAILABLE,,
649,649,M-UAV-02,M600,31.3062683,120.6025389,30.5,CONTINGENCY,,
650,650,EVTOL-01,EC35,31.3100381,120.6039348,199.9,BUSY,M-P-001,V2
650,650,L-UAV-01,AMZN,31.3004944,120.5989212,100.0,BUSY,M-L-001,V3
650,650,M-UAV-01,M600,31.3105089,120.6037945,54.3,AVAILABLE,,
650,650,M-UAV-02,M600,31.3062683,120.6025389,30.5,CONTINGENCY,,
651,651,EVTOL-01,EC35,31.3104006,120.6039089,199.9,BUSY,M-P-001,V2
651,651,L-UAV-01,AMZN,31.3006137,120.5989967,100.0,BUSY,M-L-001,V3
651,651,M-UAV-01,M600,31.3105089,120.6037945,46.6,AVAILABLE,,
651,651,M-UAV-02,M600,31.3062683,120.6025389,30.5,CONTINGENCY,,
652,652,EVTOL-01,EC35,31.3107583,120.6038352,199.9,BUSY,M-P-001,V2
652,652,L-UAV-01,AMZN,31.3007329,120.5990722,100.0,BUSY,M-L-001,V3
652,652,M-UAV-01,M600,31.3105089,120.6037945,39.0,AVAILABLE,,
652,652,M-UAV-02,M600,31.3062683,120.6025389,30.5,CONTINGENCY,,
653,653,EVTOL-01,EC35,31.3111066,120.6037147,199.9,BUSY,M-P-001,V2
653,653,L-UAV-01,AMZN,31.3008521,120.5991476,100.0,BUSY,M-L-001,V3
653,653,M-UAV-01,M600,31.3105089,120.6037945,31.4,AVAILABLE,,
653,653,M-UAV-02,M600,31.3062683,120.6025389,30.5,CONTINGENCY,,
654,654,EVTOL-01,EC35,31.3114410,120.6035489,199.9,BUSY,M-P-001,V2
654,654,L-UAV-01,AMZN,31.3009714,120.5992231,100.0,BUSY,M-L-001,V3
654,654,M-UAV-01,M600,31.3105089,120.6037945,30.5,AVAILABLE,,
654,654,M-UAV-02,M600,31.3062683,120.6025389,30.5,CONTINGENCY,,
655,655,EVTOL-01,EC35,31.3117573,120.6033400,199.9,BUSY,M-P-001,V2
655,655,L-UAV-01,AMZN,31.3010906,120.5992986,100.0,BUSY,M-L-001,V3
655,655,M-UAV-01,M600,31.3105089,120.6037945,30.5,AVAILABLE,,
655,655,M-UAV-02,M600,31.3062683,120.6025389,30.5,CONTINGENCY,,
656,656,EVTOL-01,EC35,31.3120514,120.6030905,199.9,BUSY,M-P-001,V2
656,656,L-UAV-01,AMZN,31.3012098,120.5993740,100.0,BUSY,M-L-001,V3
656,656,M-UAV-01,M600,31.3105089,120.6037945,30.5,AVAILABLE,,
656,656,M-UAV-02,M600,31.3062683,120.6025389,30.5,CONTINGENCY,,
657,657,EVTOL-01,EC35,31.3123195,120.6028038,199.9,BUSY,M-P-001,V2
657,657,L-UAV-01,AMZN,31.3013290,120.5994495,100.0,BUSY,M-L-001,V3
657,657,M-UAV-01,M600,31.3105089,120.6037945,30.5,AVAILABLE,,
657,657,M-UAV-02,M600,31.3062683,120.6025389,30.5,CONTINGENCY,,
658,658,EVTOL-01,EC35,31.3125582,120.6024834,199.9,BUSY,M-P-001,V2
658,658,L-UAV-01,AMZN,31.3014483,120.5995249,100.0,BUSY,M-L-001,V3
658,658,M-UAV-01,M600,31.3105089,120.6037945,30.5,AVAILABLE,,
658,658,M-UAV-02,M600,31.3062683,120.6025389,30.5,CONTINGENCY,,
659,659,EVTOL-01,EC35,31.3127645,120.6021335,199.9,BUSY,M-P-001,V2
659,659,L-UAV-01,AMZN,31.3015675,120.5996004,100.0,BUSY,M-L-001,V3
659,659,M-UAV-01,M600,31.3105089,120.6037945,30.5,AVAILABLE,,
659,659,M-UAV-02,M600,31.3062683,120.6025389,30.5,CONTINGENCY,,
660,660,EVTOL-01,EC35,31.3129357,120.6017586,199.9,BUSY,M-P-001,V2
660,660,L-UAV-01,AMZN,31.3016867,120.5996759,100.0,BUSY,M-L-001,V3
660,660,M-UAV-01,M600,31.3105089,120.6037945,30.5,AVAILABLE,,
660,660,M-UAV-02,M600,31.3062683,120.6025389,30.5,CONTINGENCY,,
661,661,EVTOL-01,EC35,31.3130696,120.6013634,199.9,BUSY,M-P-001,V2
661,661,L-UAV-01,AMZN,31.3018060,120.5997513,100.0,BUSY,M-L-001,V3
661,661,M-UAV-01,M600,31.3105089,120.6037945,30.5,AVAILABLE,,
661,661,M-UAV-02,M600,31.3062683,120.6025389,30.5,CONTINGENCY,,
662,662,EVTOL-01,EC35,31.3131645,120.6009531,199.9,BUSY,M-P-001,V2
662,662,L-UAV-01,AMZN,31.3019252,120.5998268,100.0,BUSY,M-L-001,V3
662,662,M-UAV-01,M600,31.3105089,120.6037945,30.5,AVAILABLE,,
662,662,M-UAV-02,M600,31.3062683,120.6025389,30.5,CONTINGENCY,,
663,663,EVTOL-01,EC35,31.3132191,120.6005328,199.9,BUSY,M-P-001,V2
663,663,L-UAV-01,AMZN,31.3020444,120.5999023,100.0,BUSY,M-L-001,V3
663,663,M-UAV-01,M600,31.3105089,120.6037945,30.5,AVAILABLE,,
663,663,M-UAV-02,M600,31.3062683,120.6025389,30.5,CONTINGENCY,,
664,664,EVTOL-01,EC35,31.3132329,120.6001080,199.9,BUSY,M-P-001,V2
664,664,L-UAV-01,AMZN,31.3021637,120.5999777,100.0,BUSY,M-L-001,V3
664,664,M-UAV-01,M600,31.3105089,120.6037945,30.5,AVAILABLE,,
664,664,M-UAV-02,M600,31.3062683,120.6025389,30.5,CONTINGENCY,,
665,665,EVTOL-01,EC35,31.3132055,120.5996841,199.9,BUSY,M-P-001,V2
665,665,L-UAV-01,AMZN,31.3022829,120.6000532,100.0,BUSY,M-L-001,V3
665,665,M-UAV-01,M600,31.3105089,120.6037945,30.5,AVAILABLE,,
665,665,M-UAV-02,M600,31.3062683,120.6025389,30.5,CONTINGENCY,,
666,666,EVTOL-01,EC35,31.3131374,120.5992665,199.9,BUSY,M-P-001,V2
666,666,L-UAV-01,AMZN,31.3024021,120.6001287,100.0,BUSY,M-L-001,V3
666,666,M-UAV-01,M600,31.3105089,120.6037945,30.5,AVAILABLE,,
666,666,M-UAV-02,M600,31.3062683,120.6025389,30.5,CONTINGENCY,,
667,667,EVTOL-01,EC35,31.3130294,120.5988606,199.9,BUSY,M-P-001,V2
667,667,L-UAV-01,AMZN,31.3025213,120.6002041,100.0,BUSY,M-L-001,V3
667,667,M-UAV-01,M600,31.3105089,120.6037945,30.5,AVAILABLE,,
667,667,M-UAV-02,M600,31.3062683,120.6025389,30.5,CONTINGENCY,,
668,668,EVTOL-01,EC35,31.3128830,120.5984716,199.9,BUSY,M-P-001,V2
668,668,L-UAV-01,AMZN,31.3026406,120.6002796,100.0,BUSY,M-L-001,V3
668,668,M-UAV-01,M600,31.3105089,120.6037945,30.5,AVAILABLE,,
668,668,M-UAV-02,M600,31.3062683,120.6025389,30.5,CONTINGENCY,,
669,669,EVTOL-01,EC35,31.3126999,120.5981045,199.9,BUSY,M-P-001,V2
669,669,L-UAV-01,AMZN,31.3027598,120.6003551,100.0,BUSY,M-L-001,V3
669,669,M-UAV-01,M600,31.3105089,120.6037945,30.5,AVAILABLE,,
669,669,M-UAV-02,M600,31.3062683,120.6025389,30.5,CONTINGENCY,,
670,670,EVTOL-01,EC35,31.3124826,120.5977639,199.9,BUSY,M-P-001,V2
670,670,L-UAV-01,AMZN,31.3028790,120.6004305,100.0,BUSY,M-L-001,V3
670,670,M-UAV-01,M600,31.3105089,120.6037945,30.5,AVAILABLE,,
670,670,M-UAV-02,M600,31.3062683,120.6025389,30.5,CONTINGENCY,,
671,671,EVTOL-01,EC35,31.3122337,120.5974542,199.9,BUSY,M-P-001,V2
671,671,L-UAV-01,AMZN,31.3029982,120.6005060,100.0,BUSY,M-L-001,V3
671,671,M-UAV-01,M600,31.3105089,120.6037945,30.5,AVAILABLE,,
671,671,M-UAV-02,M600,31.3062683,120.6025389,30.5,CONTINGENCY,,
672,672,EVTOL-01,EC35,31.3119566,120.5971795,199.9,BUSY,M-P-001,V2
672,672,L-UAV-01,AMZN,31.3031175,120.6005814,100.0,BUSY,M-L-001,V3
672,672,M-UAV-01,M600,31.3105089,120.6037945,30.5,AVAILABLE,,
672,672,M-UAV-02,M600,31.3062683,120.6025389,30.5,CONTINGENCY,,
673,673,EVTOL-01,EC35,31.3116547,120.5969431,199.9,BUSY,M-P-001,V2
673,673,L-UAV-01,AMZN,31.3032367,120.6006569,100.0,BUSY,M-L-001,V3
673,673,M-UAV-01,M600,31.3105089,120.6037945,30.5,AVAILABLE,,
673,673,M-UAV-02,M600,31.3062683,120.6025389,30.5,CONTINGENCY,,
674,674,EVTOL-01,EC35,31.3113319,120.5967482,199.9,BUSY,M-P-001,V2
674,674,L-UAV-01,AMZN,31.3033559,120.6007324,100.0,BUSY,M-L-001,V3
674,674,M-UAV-01,M600,31.3105089,120.6037945,30.5,AVAILABLE,,
674,674,M-UAV-02,M600,31.3062683,120.6025389,30.5,CONTINGENCY,,
675,675,EVTOL-01,EC35,31.3109924,120.5965972,199.9,BUSY,M-P-001,V2
675,675,L-UAV-01,AMZN,31.3034752,120.6008078,100.0,BUSY,M-L-001,V3
675,675,M-UAV-01,M600,31.3105089,120.6037945,30.5,AVAILABLE,,
675,675,M-UAV-02,M600,31.3062683,120.6025389,30.5,CONTINGENCY,,
676,676,EVTOL-01,EC35,31.3106405,120.5964921,199.9,BUSY,M-P-001,V2
676,676,L-UAV-01,AMZN,31.3035944,120.6008833,100.0,BUSY,M-L-001,V3
676,676,M-UAV-01,M600,31.3105089,120.6037945,30.5,AVAILABLE,,
676,676,M-UAV-02,M600,31.3062683,120.6025389,30.5,CONTINGENCY,,
677,677,EVTOL-01,EC35,31.3102807,120.5964342,199.9,BUSY,M-P-001,V2
677,677,L-UAV-01,AMZN,31.3037136,120.6009588,100.0,BUSY,M-L-001,V3
677,677,M-UAV-01,M600,31.3105089,120.6037945,30.5,AVAILABLE,,
677,677,M-UAV-02,M600,31.3062683,120.6025389,30.5,CONTINGENCY,,
678,678,EVTOL-01,EC35,31.3099180,120.5964120,199.9,BUSY,M-P-001,V2
678,678,L-UAV-01,AMZN,31.3038328,120.6010342,100.0,BUSY,M-L-001,V3
678,678,M-UAV-01,M600,31.3105089,120.6037945,30.5,AVAILABLE,,
678,678,M-UAV-02,M600,31.3062683,120.6025389,30.5,CONTINGENCY,,
679,679,EVTOL-01,EC35,31.3095553,120.5963898,199.9,BUSY,M-P-001,V2
679,679,L-UAV-01,AMZN,31.3039521,120.6011097,100.0,BUSY,M-L-001,V3
679,679,M-UAV-01,M600,31.3105089,120.6037945,30.5,AVAILABLE,,
679,679,M-UAV-02,M600,31.3062683,120.6025389,30.5,CONTINGENCY,,
680,680,EVTOL-01,EC35,31.3091926,120.5963677,199.9,BUSY,M-P-001,V2
680,680,L-UAV-01,AMZN,31.3040713,120.6011852,100.0,BUSY,M-L-001,V3
680,680,M-UAV-01,M600,31.3105089,120.6037945,30.5,AVAILABLE,,
680,680,M-UAV-02,M600,31.3062683,120.6025389,30.5,CONTINGENCY,,
681,681,EVTOL-01,EC35,31.3088299,120.5963455,199.9,BUSY,M-P-001,V2
681,681,L-UAV-01,AMZN,31.3041905,120.6012606,100.0,BUSY,M-L-001,V3
681,681,M-UAV-01,M600,31.3105089,120.6037945,30.5,AVAILABLE,,
681,681,M-UAV-02,M600,31.3062683,120.6025389,30.5,CONTINGENCY,,
682,682,EVTOL-01,EC35,31.3084672,120.5963233,199.9,BUSY,M-P-001,V2
682,682,L-UAV-01,AMZN,31.3043098,120.6013361,100.0,BUSY,M-L-001,V3
682,682,M-UAV-01,M600,31.3105089,120.6037945,30.5,AVAILABLE,,
682,682,M-UAV-02,M600,31.3062683,120.6025389,30.5,CONTINGENCY,,
683,683,EVTOL-01,EC35,31.3081045,120.5963011,199.9,BUSY,M-P-001,V2
683,683,L-UAV-01,AMZN,31.3044290,120.6014116,100.0,BUSY,M-L-001,V3
683,683,M-UAV-01,M600,31.3105089,120.6037945,30.5,AVAILABLE,,
683,683,M-UAV-02,M600,31.3062683,120.6025389,30.5,CONTINGENCY,,
684,684,EVTOL-01,EC35,31.3077418,120.5962789,199.9,BUSY,M-P-001,V2
684,684,L-UAV-01,AMZN,31.3045482,120.6014870,100.0,BUSY,M-L-001,V3
684,684,M-UAV-01,M600,31.3105089,120.6037945,30.5,AVAILABLE,,
684,684,M-UAV-02,M600,31.3062683,120.6025389,30.5,CONTINGENCY,,
685,685,EVTOL-01,EC35,31.3073792,120.5962567,199.9,BUSY,M-P-001,V2
685,685,L-UAV-01,AMZN,31.3046674,120.6015625,100.0,BUSY,M-L-001,V3
685,685,M-UAV-01,M600,31.3105089,120.6037945,30.5,AVAILABLE,,
685,685,M-UAV-02,M600,31.3062683,120.6025389,30.5,CONTINGENCY,,
686,686,EVTOL-01,EC35,31.3070165,120.5962345,199.9,BUSY,M-P-001,V2
686,686,L-UAV-01,AMZN,31.3047867,120.6016380,100.0,BUSY,M-L-001,V3
686,686,M-UAV-01,M600,31.3105089,120.6037945,30.5,AVAILABLE,,
686,686,M-UAV-02,M600,31.3062683,120.6025389,30.5,CONTINGENCY,,
687,687,EVTOL-01,EC35,31.3066538,120.5962123,199.9,BUSY,M-P-001,V2
687,687,L-UAV-01,AMZN,31.3049059,120.6017135,100.0,BUSY,M-L-001,V3
687,687,M-UAV-01,M600,31.3105089,120.6037945,30.5,AVAILABLE,,
687,687,M-UAV-02,M600,31.3062683,120.6025389,30.5,CONTINGENCY,,
688,688,EVTOL-01,EC35,31.3062911,120.5961901,199.9,BUSY,M-P-001,V2
688,688,L-UAV-01,AMZN,31.3050251,120.6017889,100.0,BUSY,M-L-001,V3
688,688,M-UAV-01,M600,31.3105089,120.6037945,30.5,AVAILABLE,,
688,688,M-UAV-02,M600,31.3062683,120.6025389,30.5,CONTINGENCY,,
689,689,EVTOL-01,EC35,31.3059284,120.5961680,199.9,BUSY,M-P-001,V2
689,689,L-UAV-01,AMZN,31.3051444,120.6018644,100.0,BUSY,M-L-001,V3
689,689,M-UAV-01,M600,31.3105089,120.6037945,30.5,AVAILABLE,,
689,689,M-UAV-02,M600,31.3062683,120.6025389,30.5,CONTINGENCY,,
690,690,EVTOL-01,EC35,31.3055657,120.5961458,199.9,BUSY,M-P-001,V2
690,690,L-UAV-01,AMZN,31.3052636,120.6019399,100.0,BUSY,M-L-001,V3
690,690,M-UAV-01,M600,31.3105089,120.6037945,30.5,AVAILABLE,,
690,690,M-UAV-02,M600,31.3062683,120.6025389,30.5,CONTINGENCY,,
691,691,EVTOL-01,EC35,31.3052030,120.5961236,199.9,BUSY,M-P-001,V2
691,691,L-UAV-01,AMZN,31.3053828,120.6020153,100.0,BUSY,M-L-001,V3
691,691,M-UAV-01,M600,31.3105089,120.6037945,30.5,AVAILABLE,,
691,691,M-UAV-02,M600,31.3062683,120.6025389,30.5,CONTINGENCY,,
692,692,EVTOL-01,EC35,31.3048403,120.5961014,199.9,BUSY,M-P-001,V2
692,692,L-UAV-01,AMZN,31.3055020,120.6020908,100.0,BUSY,M-L-001,V3
692,692,M-UAV-01,M600,31.3105089,120.6037945,30.5,AVAILABLE,,
692,692,M-UAV-02,M600,31.3062683,120.6025389,30.5,CONTINGENCY,,
693,693,EVTOL-01,EC35,31.3044776,120.5960792,199.9,BUSY,M-P-001,V2
693,693,L-UAV-01,AMZN,31.3056213,120.6021663,100.0,BUSY,M-L-001,V3
693,693,M-UAV-01,M600,31.3105089,120.6037945,30.5,AVAILABLE,,
693,693,M-UAV-02,M600,31.3062683,120.6025389,30.5,CONTINGENCY,,
694,694,EVTOL-01,EC35,31.3041149,120.5960570,199.9,BUSY,M-P-001,V2
694,694,L-UAV-01,AMZN,31.3057405,120.6022417,100.0,BUSY,M-L-001,V3
694,694,M-UAV-01,M600,31.3105089,120.6037945,30.5,AVAILABLE,,
694,694,M-UAV-02,M600,31.3062683,120.6025389,30.5,CONTINGENCY,,
695,695,EVTOL-01,EC35,31.3037522,120.5960348,199.9,BUSY,M-P-001,V2
695,695,L-UAV-01,AMZN,31.3058597,120.6023172,100.0,BUSY,M-L-001,V2
695,695,M-UAV-01,M600,31.3105089,120.6037945,30.5,AVAILABLE,,
695,695,M-UAV-02,M600,31.3062683,120.6025389,30.5,CONTINGENCY,,
696,696,EVTOL-01,EC35,31.3033895,120.5960127,199.9,BUSY,M-P-001,V2
696,696,L-UAV-01,AMZN,31.3059928,120.6023475,100.0,BUSY,M-L-001,V2
696,696,M-UAV-01,M600,31.3105089,120.6037945,30.5,AVAILABLE,,
696,696,M-UAV-02,M600,31.3062683,120.6025389,30.5,CONTINGENCY,,
697,697,EVTOL-01,EC35,31.3030268,120.5959905,199.9,BUSY,M-P-001,V2
697,697,L-UAV-01,AMZN,31.3061275,120.6023300,100.0,BUSY,M-L-001,V2
697,697,M-UAV-01,M600,31.3105089,120.6037945,30.5,AVAILABLE,,
697,697,M-UAV-02,M600,31.3062683,120.6025389,30.5,CONTINGENCY,,
698,698,EVTOL-01,EC35,31.3026641,120.5959683,199.9,BUSY,M-P-001,V2
698,698,L-UAV-01,AMZN,31.3062515,120.6022661,100.0,BUSY,M-L-001,V2
698,698,M-UAV-01,M600,31.3105089,120.6037945,30.5,AVAILABLE,,
698,698,M-UAV-02,M600,31.3062683,120.6025389,30.5,CONTINGENCY,,
699,699,EVTOL-01,EC35,31.3023014,120.5959461,199.9,BUSY,M-P-001,V2
699,699,L-UAV-01,AMZN,31.3063536,120.6021617,100.0,BUSY,M-L-001,V2
699,699,M-UAV-01,M600,31.3105089,120.6037945,30.5,AVAILABLE,,
699,699,M-UAV-02,M600,31.3062683,120.6025389,30.5,CONTINGENCY,,
700,700,EVTOL-01,EC35,31.3019387,120.5959239,199.9,BUSY,M-P-001,V2
700,700,L-UAV-01,AMZN,31.3064244,120.6020264,100.0,BUSY,M-L-001,V2
700,700,M-UAV-01,M600,31.3105089,120.6037945,30.5,AVAILABLE,,
700,700,M-UAV-02,M600,31.3062683,120.6025389,30.5,CONTINGENCY,,
701,701,EVTOL-01,EC35,31.3015760,120.5959017,199.9,BUSY,M-P-001,V2
701,701,L-UAV-01,AMZN,31.3064575,120.6018726,100.0,BUSY,M-L-001,V2
701,701,M-UAV-01,M600,31.3105089,120.6037945,30.5,AVAILABLE,,
701,701,M-UAV-02,M600,31.3062683,120.6025389,30.5,CONTINGENCY,,
702,702,EVTOL-01,EC35,31.3012133,120.5958795,199.9,BUSY,M-P-001,V2
702,702,L-UAV-01,AMZN,31.3064497,120.6017142,100.0,BUSY,M-L-001,V2
702,702,M-UAV-01,M600,31.3105089,120.6037945,30.5,AVAILABLE,,
702,702,M-UAV-02,M600,31.3062683,120.6025389,30.5,CONTINGENCY,,
703,703,EVTOL-01,EC35,31.3008506,120.5958574,199.9,BUSY,M-P-001,V2
703,703,L-UAV-01,AMZN,31.3064019,120.6015658,100.0,BUSY,M-L-001,V2
703,703,M-UAV-01,M600,31.3105089,120.6037945,30.5,AVAILABLE,,
703,703,M-UAV-02,M600,31.3062683,120.6025389,30.5,CONTINGENCY,,
704,704,EVTOL-01,EC35,31.3004879,120.5958352,199.9,BUSY,M-P-001,V2
704,704,L-UAV-01,AMZN,31.3063184,120.6014408,100.0,BUSY,M-L-001,V2
704,704,M-UAV-01,M600,31.3105089,120.6037945,30.5,AVAILABLE,,
704,704,M-UAV-02,M600,31.3062683,120.6025389,30.5,CONTINGENCY,,
705,705,EVTOL-01,EC35,31.3001252,120.5958130,199.9,BUSY,M-P-001,V2
705,705,L-UAV-01,AMZN,31.3062067,120.6013508,100.0,BUSY,M-L-001,V2
705,705,M-UAV-01,M600,31.3105089,120.6037945,30.5,AVAILABLE,,
705,705,M-UAV-02,M600,31.3062683,120.6025389,30.5,CONTINGENCY,,
706,706,EVTOL-01,EC35,31.2997625,120.5957908,199.9,BUSY,M-P-001,V2
706,706,L-UAV-01,AMZN,31.3060875,120.6012753,100.0,BUSY,M-L-001,V2
706,706,M-UAV-01,M600,31.3105089,120.6037945,30.5,AVAILABLE,,
706,706,M-UAV-02,M600,31.3062683,120.6025389,30.5,CONTINGENCY,,
707,707,EVTOL-01,EC35,31.2993999,120.5957686,199.9,BUSY,M-P-001,V2
707,707,L-UAV-01,AMZN,31.3059683,120.6011999,100.0,BUSY,M-L-001,V2
707,707,M-UAV-01,M600,31.3105089,120.6037945,30.5,AVAILABLE,,
707,707,M-UAV-02,M600,31.3062683,120.6025389,30.5,CONTINGENCY,,
708,708,EVTOL-01,EC35,31.2990372,120.5957464,199.9,BUSY,M-P-001,V2
708,708,L-UAV-01,AMZN,31.3058491,120.6011244,100.0,BUSY,M-L-001,V2
708,708,M-UAV-01,M600,31.3105089,120.6037945,30.5,AVAILABLE,,
708,708,M-UAV-02,M600,31.3062683,120.6025389,30.5,CONTINGENCY,,
709,709,EVTOL-01,EC35,31.2986745,120.5957243,199.9,BUSY,M-P-001,V2
709,709,L-UAV-01,AMZN,31.3057298,120.6010489,100.0,BUSY,M-L-001,V2
709,709,M-UAV-01,M600,31.3105089,120.6037945,30.5,AVAILABLE,,
709,709,M-UAV-02,M600,31.3062683,120.6025389,30.5,CONTINGENCY,,
710,710,EVTOL-01,EC35,31.2983118,120.5957021,199.9,BUSY,M-P-001,V2
710,710,L-UAV-01,AMZN,31.3056106,120.6009735,100.0,BUSY,M-L-001,V2
710,710,M-UAV-01,M600,31.3105089,120.6037945,30.5,AVAILABLE,,
710,710,M-UAV-02,M600,31.3062683,120.6025389,30.5,CONTINGENCY,,
711,711,EVTOL-01,EC35,31.2979491,120.5956799,199.9,BUSY,M-P-001,V1
711,711,L-UAV-01,AMZN,31.3054914,120.6008980,100.0,BUSY,M-L-001,V2
711,711,M-UAV-01,M600,31.3105089,120.6037945,30.5,AVAILABLE,,
711,711,M-UAV-02,M600,31.3062683,120.6025389,30.5,CONTINGENCY,,
712,712,EVTOL-01,EC35,31.2975866,120.5957058,199.9,BUSY,M-P-001,V1
712,712,L-UAV-01,AMZN,31.3053721,120.6008225,100.0,BUSY,M-L-001,V2
712,712,M-UAV-01,M600,31.3105089,120.6037945,30.5,AVAILABLE,,
712,712,M-UAV-02,M600,31.3062683,120.6025389,30.5,CONTINGENCY,,
713,713,EVTOL-01,EC35,31.2972289,120.5957795,199.9,BUSY,M-P-001,V1
713,713,L-UAV-01,AMZN,31.3052529,120.6007471,100.0,BUSY,M-L-001,V2
713,713,M-UAV-01,M600,31.3105089,120.6037945,30.5,AVAILABLE,,
713,713,M-UAV-02,M600,31.3062683,120.6025389,30.5,CONTINGENCY,,
714,714,EVTOL-01,EC35,31.2968806,120.5959000,199.9,BUSY,M-P-001,V1
714,714,L-UAV-01,AMZN,31.3051337,120.6006716,100.0,BUSY,M-L-001,V2
714,714,M-UAV-01,M600,31.3105089,120.6037945,30.5,AVAILABLE,,
714,714,M-UAV-02,M600,31.3062683,120.6025389,30.5,CONTINGENCY,,
715,715,EVTOL-01,EC35,31.2965462,120.5960658,199.9,BUSY,M-P-001,V1
715,715,L-UAV-01,AMZN,31.3050145,120.6005961,100.0,BUSY,M-L-001,V2
715,715,M-UAV-01,M600,31.3105089,120.6037945,30.5,AVAILABLE,,
715,715,M-UAV-02,M600,31.3062683,120.6025389,30.5,CONTINGENCY,,
716,716,EVTOL-01,EC35,31.2962299,120.5962748,199.9,BUSY,M-P-001,V1
716,716,L-UAV-01,AMZN,31.3048952,120.6005207,100.0,BUSY,M-L-001,V2
716,716,M-UAV-01,M600,31.3105089,120.6037945,30.5,AVAILABLE,,
716,716,M-UAV-02,M600,31.3062683,120.6025389,30.5,CONTINGENCY,,
717,717,EVTOL-01,EC35,31.2959358,120.5965242,199.9,BUSY,M-P-001,V1
717,717,L-UAV-01,AMZN,31.3047760,120.6004452,100.0,BUSY,M-L-001,V2
717,717,M-UAV-01,M600,31.3105089,120.6037945,30.5,AVAILABLE,,
717,717,M-UAV-02,M600,31.3062683,120.6025389,30.5,CONTINGENCY,,
718,718,EVTOL-01,EC35,31.2956677,120.5968109,199.9,BUSY,M-P-001,V1
718,718,L-UAV-01,AMZN,31.3046568,120.6003697,100.0,BUSY,M-L-001,V2
718,718,M-UAV-01,M600,31.3105089,120.6037945,30.5,AVAILABLE,,
718,718,M-UAV-02,M600,31.3062683,120.6025389,30.5,CONTINGENCY,,
719,719,EVTOL-01,EC35,31.2954290,120.5971313,199.9,BUSY,M-P-001,V1
719,719,L-UAV-01,AMZN,31.3045375,120.6002943,100.0,BUSY,M-L-001,V2
719,719,M-UAV-01,M600,31.3105089,120.6037945,30.5,AVAILABLE,,
719,719,M-UAV-02,M600,31.3062683,120.6025389,30.5,CONTINGENCY,,
720,720,EVTOL-01,EC35,31.2952228,120.5974811,199.9,BUSY,M-P-001,V1
720,720,L-UAV-01,AMZN,31.3044183,120.6002188,100.0,BUSY,M-L-001,V2
720,720,M-UAV-01,M600,31.3105089,120.6037945,30.5,AVAILABLE,,
720,720,M-UAV-02,M600,31.3062683,120.6025389,30.5,CONTINGENCY,,
721,721,EVTOL-01,EC35,31.2950516,120.5978560,199.9,BUSY,M-P-001,V1
721,721,L-UAV-01,AMZN,31.3042991,120.6001433,100.0,BUSY,M-L-001,V2
721,721,M-UAV-01,M600,31.3105089,120.6037945,30.5,AVAILABLE,,
721,721,M-UAV-02,M600,31.3062683,120.6025389,30.5,CONTINGENCY,,
722,722,EVTOL-01,EC35,31.2949178,120.5982511,199.9,BUSY,M-P-001,V1
722,722,L-UAV-01,AMZN,31.3041799,120.6000679,100.0,BUSY,M-L-001,V2
722,722,M-UAV-01,M600,31.3105089,120.6037945,30.5,AVAILABLE,,
722,722,M-UAV-02,M600,31.3062683,120.6025389,30.5,CONTINGENCY,,
723,723,EVTOL-01,EC35,31.2948229,120.5986614,199.9,BUSY,M-P-001,V1
723,723,L-UAV-01,AMZN,31.3040606,120.5999924,100.0,BUSY,M-L-001,V2
723,723,M-UAV-01,M600,31.3105089,120.6037945,30.5,AVAILABLE,,
723,723,M-UAV-02,M600,31.3062683,120.6025389,30.5,CONTINGENCY,,
724,724,EVTOL-01,EC35,31.2947683,120.5990816,199.9,BUSY,M-P-001,V1
724,724,L-UAV-01,AMZN,31.3039414,120.5999169,100.0,BUSY,M-L-001,V2
724,724,M-UAV-01,M600,31.3105089,120.6037945,30.5,AVAILABLE,,
724,724,M-UAV-02,M600,31.3062683,120.6025389,30.5,CONTINGENCY,,
725,725,EVTOL-01,EC35,31.2947546,120.5995063,199.9,BUSY,M-P-001,V1
725,725,L-UAV-01,AMZN,31.3038222,120.5998415,100.0,BUSY,M-L-001,V2
725,725,M-UAV-01,M600,31.3105089,120.6037945,30.5,AVAILABLE,,
725,725,M-UAV-02,M600,31.3062683,120.6025389,30.5,CONTINGENCY,,
726,726,EVTOL-01,EC35,31.2947820,120.5999301,199.9,BUSY,M-P-001,V1
726,726,L-UAV-01,AMZN,31.3037029,120.5997660,100.0,BUSY,M-L-001,V2
726,726,M-UAV-01,M600,31.3105089,120.6037945,30.5,AVAILABLE,,
726,726,M-UAV-02,M600,31.3062683,120.6025389,30.5,CONTINGENCY,,
727,727,EVTOL-01,EC35,31.2948501,120.6003476,199.9,BUSY,M-P-001,V1
727,727,L-UAV-01,AMZN,31.3035837,120.5996905,100.0,BUSY,M-L-001,V2
727,727,M-UAV-01,M600,31.3105089,120.6037945,30.5,AVAILABLE,,
727,727,M-UAV-02,M600,31.3062683,120.6025389,30.5,CONTINGENCY,,
728,728,EVTOL-01,EC35,31.2949581,120.6007534,199.9,BUSY,M-P-001,V1
728,728,L-UAV-01,AMZN,31.3034645,120.5996151,100.0,BUSY,M-L-001,V2
728,728,M-UAV-01,M600,31.3105089,120.6037945,30.5,AVAILABLE,,
728,728,M-UAV-02,M600,31.3062683,120.6025389,30.5,CONTINGENCY,,
729,729,EVTOL-01,EC35,31.2951046,120.6011423,199.9,BUSY,M-P-001,V1
729,729,L-UAV-01,AMZN,31.3033453,120.5995396,100.0,BUSY,M-L-001,V2
729,729,M-UAV-01,M600,31.3105089,120.6037945,30.5,AVAILABLE,,
729,729,M-UAV-02,M600,31.3062683,120.6025389,30.5,CONTINGENCY,,
730,730,EVTOL-01,EC35,31.2952877,120.6015094,199.9,BUSY,M-P-001,V1
730,730,L-UAV-01,AMZN,31.3032260,120.5994641,100.0,BUSY,M-L-001,V2
730,730,M-UAV-01,M600,31.3105089,120.6037945,30.5,AVAILABLE,,
730,730,M-UAV-02,M600,31.3062683,120.6025389,30.5,CONTINGENCY,,
731,731,EVTOL-01,EC35,31.2955051,120.6018499,199.9,BUSY,M-P-001,V1
731,731,L-UAV-01,AMZN,31.3031068,120.5993887,100.0,BUSY,M-L-001,V2
731,731,M-UAV-01,M600,31.3105089,120.6037945,30.5,AVAILABLE,,
731,731,M-UAV-02,M600,31.3062683,120.6025389,30.5,CONTINGENCY,,
732,732,EVTOL-01,EC35,31.2957540,120.6021595,199.9,BUSY,M-P-001,V1
732,732,L-UAV-01,AMZN,31.3029876,120.5993132,100.0,BUSY,M-L-001,V2
732,732,M-UAV-01,M600,31.3105089,120.6037945,30.5,AVAILABLE,,
732,732,M-UAV-02,M600,31.3062683,120.6025389,30.5,CONTINGENCY,,
733,733,EVTOL-01,EC35,31.2960311,120.6024342,199.9,BUSY,M-P-001,V1
733,733,L-UAV-01,AMZN,31.3028683,120.5992377,100.0,BUSY,M-L-001,V2
733,733,M-UAV-01,M600,31.3105089,120.6037945,30.5,AVAILABLE,,
733,733,M-UAV-02,M600,31.3062683,120.6025389,30.5,CONTINGENCY,,
734,734,EVTOL-01,EC35,31.2963330,120.6026704,199.9,BUSY,M-P-001,V1
734,734,L-UAV-01,AMZN,31.3027491,120.5991623,100.0,BUSY,M-L-001,V2
734,734,M-UAV-01,M600,31.3105089,120.6037945,30.5,AVAILABLE,,
734,734,M-UAV-02,M600,31.3062683,120.6025389,30.5,CONTINGENCY,,
735,735,EVTOL-01,EC35,31.2966558,120.6028653,199.9,BUSY,M-P-001,V1
735,735,L-UAV-01,AMZN,31.3026299,120.5990868,100.0,BUSY,M-L-001,V2
735,735,M-UAV-01,M600,31.3105089,120.6037945,30.5,AVAILABLE,,
735,735,M-UAV-02,M600,31.3062683,120.6025389,30.5,CONTINGENCY,,
736,736,EVTOL-01,EC35,31.2969953,120.6030162,199.9,BUSY,M-P-001,V1
736,736,L-UAV-01,AMZN,31.3025107,120.5990114,100.0,BUSY,M-L-001,V2
736,736,M-UAV-01,M600,31.3105089,120.6037945,30.5,AVAILABLE,,
736,736,M-UAV-02,M600,31.3062683,120.6025389,30.5,CONTINGENCY,,
737,737,EVTOL-01,EC35,31.2973473,120.6031212,199.9,BUSY,M-P-001,V1
737,737,L-UAV-01,AMZN,31.3023914,120.5989359,100.0,BUSY,M-L-001,V2
737,737,M-UAV-01,M600,31.3105089,120.6037945,30.5,AVAILABLE,,
737,737,M-UAV-02,M600,31.3062683,120.6025389,30.5,CONTINGENCY,,
738,738,EVTOL-01,EC35,31.2977071,120.6031791,199.9,BUSY,M-P-001,V1
738,738,L-UAV-01,AMZN,31.3022722,120.5988604,100.0,BUSY,M-L-001,V2
738,738,M-UAV-01,M600,31.3105089,120.6037945,30.5,AVAILABLE,,
738,738,M-UAV-02,M600,31.3062683,120.6025389,30.5,CONTINGENCY,,
739,739,EVTOL-01,EC35,31.2980698,120.6032013,199.9,BUSY,M-P-001,V1
739,739,L-UAV-01,AMZN,31.3021530,120.5987850,100.0,BUSY,M-L-001,V2
739,739,M-UAV-01,M600,31.3105089,120.6037945,30.5,AVAILABLE,,
739,739,M-UAV-02,M600,31.3062683,120.6025389,30.5,CONTINGENCY,,
740,740,EVTOL-01,EC35,31.2984325,120.6032235,199.9,BUSY,M-P-001,V1
740,740,L-UAV-01,AMZN,31.3020337,120.5987095,100.0,BUSY,M-L-001,V2
740,740,M-UAV-01,M600,31.3105089,120.6037945,30.5,AVAILABLE,,
740,740,M-UAV-02,M600,31.3062683,120.6025389,30.5,CONTINGENCY,,
741,741,EVTOL-01,EC35,31.2987952,120.6032458,199.9,BUSY,M-P-001,V1
741,741,L-UAV-01,AMZN,31.3019145,120.5986340,100.0,BUSY,M-L-001,V2
741,741,M-UAV-01,M600,31.3105089,120.6037945,30.5,AVAILABLE,,
741,741,M-UAV-02,M600,31.3062683,120.6025389,30.5,CONTINGENCY,,
742,742,EVTOL-01,EC35,31.2991579,120.6032680,199.9,BUSY,M-P-001,V1
742,742,L-UAV-01,AMZN,31.3017953,120.5985586,100.0,BUSY,M-L-001,V2
742,742,M-UAV-01,M600,31.3105089,120.6037945,30.5,AVAILABLE,,
742,742,M-UAV-02,M600,31.3062683,120.6025389,30.5,CONTINGENCY,,
743,743,EVTOL-01,EC35,31.2995205,120.6032902,199.9,BUSY,M-P-001,V1
743,743,L-UAV-01,AMZN,31.3016761,120.5984831,100.0,BUSY,M-L-001,V2
743,743,M-UAV-01,M600,31.3105089,120.6037945,30.5,AVAILABLE,,
743,743,M-UAV-02,M600,31.3062683,120.6025389,30.5,CONTINGENCY,,
744,744,EVTOL-01,EC35,31.2998832,120.6033124,199.9,BUSY,M-P-001,V1
744,744,L-UAV-01,AMZN,31.3015568,120.5984077,100.0,BUSY,M-L-001,V2
744,744,M-UAV-01,M600,31.3105089,120.6037945,30.5,AVAILABLE,,
744,744,M-UAV-02,M600,31.3062683,120.6025389,30.5,CONTINGENCY,,
745,745,EVTOL-01,EC35,31.3002459,120.6033347,199.9,BUSY,M-P-001,V1
745,745,L-UAV-01,AMZN,31.3014376,120.5983322,100.0,BUSY,M-L-001,V2
745,745,M-UAV-01,M600,31.3105089,120.6037945,30.5,AVAILABLE,,
745,745,M-UAV-02,M600,31.3062683,120.6025389,30.5,CONTINGENCY,,
746,746,EVTOL-01,EC35,31.3006086,120.6033569,199.9,BUSY,M-P-001,V1
746,746,L-UAV-01,AMZN,31.3013184,120.5982567,100.0,BUSY,M-L-001,V2
746,746,M-UAV-01,M600,31.3105089,120.6037945,30.5,AVAILABLE,,
746,746,M-UAV-02,M600,31.3062683,120.6025389,30.5,CONTINGENCY,,
747,747,EVTOL-01,EC35,31.3009713,120.6033791,199.9,BUSY,M-P-001,V1
747,747,L-UAV-01,AMZN,31.3011991,120.5981813,100.0,BUSY,M-L-001,V2
747,747,M-UAV-01,M600,31.3105089,120.6037945,30.5,AVAILABLE,,
747,747,M-UAV-02,M600,31.3062683,120.6025389,30.5,CONTINGENCY,,
748,748,EVTOL-01,EC35,31.3013340,120.6034013,199.9,BUSY,M-P-001,V1
748,748,L-UAV-01,AMZN,31.3010799,120.5981058,100.0,BUSY,M-L-001,V2
748,748,M-UAV-01,M600,31.3105089,120.6037945,30.5,AVAILABLE,,
748,748,M-UAV-02,M600,31.3062683,120.6025389,30.5,CONTINGENCY,,
749,749,EVTOL-01,EC35,31.3016967,120.6034236,199.9,BUSY,M-P-001,V1
749,749,L-UAV-01,AMZN,31.3009607,120.5980304,100.0,BUSY,M-L-001,V2
749,749,M-UAV-01,M600,31.3105089,120.6037945,30.5,AVAILABLE,,
749,749,M-UAV-02,M600,31.3062683,120.6025389,30.5,CONTINGENCY,,
750,750,EVTOL-01,EC35,31.3020594,120.6034458,199.9,BUSY,M-P-001,V1
750,750,L-UAV-01,AMZN,31.3008414,120.5979549,100.0,BUSY,M-L-001,V2
750,750,M-UAV-01,M600,31.3105089,120.6037945,30.5,AVAILABLE,,
750,750,M-UAV-02,M600,31.3062683,120.6025389,30.5,CONTINGENCY,,
751,751,EVTOL-01,EC35,31.3024221,120.6034680,199.9,BUSY,M-P-001,V1
751,751,L-UAV-01,AMZN,31.3007222,120.5978794,100.0,BUSY,M-L-001,V2
751,751,M-UAV-01,M600,31.3105089,120.6037945,30.5,AVAILABLE,,
751,751,M-UAV-02,M600,31.3062683,120.6025389,30.5,CONTINGENCY,,
752,752,EVTOL-01,EC35,31.3027848,120.6034902,199.9,BUSY,M-P-001,V1
752,752,L-UAV-01,AMZN,31.3006030,120.5978040,100.0,BUSY,M-L-001,V2
752,752,M-UAV-01,M600,31.3105089,120.6037945,30.5,AVAILABLE,,
752,752,M-UAV-02,M600,31.3062683,120.6025389,30.5,CONTINGENCY,,
753,753,EVTOL-01,EC35,31.3031475,120.6035125,199.9,BUSY,M-P-001,V1
753,753,L-UAV-01,AMZN,31.3004838,120.5977285,100.0,BUSY,M-L-001,V2
753,753,M-UAV-01,M600,31.3105089,120.6037945,30.5,AVAILABLE,,
753,753,M-UAV-02,M600,31.3062683,120.6025389,30.5,CONTINGENCY,,
754,754,EVTOL-01,EC35,31.3035102,120.6035347,199.9,BUSY,M-P-001,V1
754,754,L-UAV-01,AMZN,31.3003645,120.5976531,100.0,BUSY,M-L-001,V2
754,754,M-UAV-01,M600,31.3105089,120.6037945,30.5,AVAILABLE,,
754,754,M-UAV-02,M600,31.3062683,120.6025389,30.5,CONTINGENCY,,
755,755,EVTOL-01,EC35,31.3038729,120.6035569,199.9,BUSY,M-P-001,V1
755,755,L-UAV-01,AMZN,31.3002453,120.5975776,100.0,BUSY,M-L-001,V2
755,755,M-UAV-01,M600,31.3105089,120.6037945,30.5,AVAILABLE,,
755,755,M-UAV-02,M600,31.3062683,120.6025389,30.5,CONTINGENCY,,
756,756,EVTOL-01,EC35,31.3042356,120.6035791,199.9,BUSY,M-P-001,V1
756,756,L-UAV-01,AMZN,31.3001261,120.5975021,100.0,BUSY,M-L-001,V2
756,756,M-UAV-01,M600,31.3105089,120.6037945,30.5,AVAILABLE,,
756,756,M-UAV-02,M600,31.3062683,120.6025389,30.5,CONTINGENCY,,
757,757,EVTOL-01,EC35,31.3045983,120.6036014,199.9,BUSY,M-P-001,V1
757,757,L-UAV-01,AMZN,31.3000068,120.5974267,100.0,BUSY,M-L-001,V2
757,757,M-UAV-01,M600,31.3105089,120.6037945,30.5,AVAILABLE,,
757,757,M-UAV-02,M600,31.3062683,120.6025389,30.5,CONTINGENCY,,
758,758,EVTOL-01,EC35,31.3049609,120.6036236,199.9,BUSY,M-P-001,V1
758,758,L-UAV-01,AMZN,31.2998876,120.5973512,100.0,BUSY,M-L-001,V2
758,758,M-UAV-01,M600,31.3105089,120.6037945,30.5,AVAILABLE,,
758,758,M-UAV-02,M600,31.3062683,120.6025389,30.5,CONTINGENCY,,
759,759,EVTOL-01,EC35,31.3053236,120.6036458,199.9,BUSY,M-P-001,V1
759,759,L-UAV-01,AMZN,31.2997684,120.5972758,100.0,BUSY,M-L-001,V2
759,759,M-UAV-01,M600,31.3105089,120.6037945,30.5,AVAILABLE,,
759,759,M-UAV-02,M600,31.3062683,120.6025389,30.5,CONTINGENCY,,
760,760,EVTOL-01,EC35,31.3056863,120.6036680,199.9,BUSY,M-P-001,V1
760,760,L-UAV-01,AMZN,31.2996491,120.5972003,100.0,BUSY,M-L-001,V2
760,760,M-UAV-01,M600,31.3105089,120.6037945,30.5,AVAILABLE,,
760,760,M-UAV-02,M600,31.3062683,120.6025389,30.5,CONTINGENCY,,
761,761,EVTOL-01,EC35,31.3060490,120.6036903,199.9,BUSY,M-P-001,V1
761,761,L-UAV-01,AMZN,31.2995299,120.5971248,100.0,BUSY,M-L-001,V2
761,761,M-UAV-01,M600,31.3105089,120.6037945,30.5,AVAILABLE,,
761,761,M-UAV-02,M600,31.3062683,120.6025389,30.5,CONTINGENCY,,
762,762,EVTOL-01,EC35,31.3064117,120.6037125,199.9,BUSY,M-P-001,V1
762,762,L-UAV-01,AMZN,31.2994107,120.5970494,100.0,BUSY,M-L-001,V2
762,762,M-UAV-01,M600,31.3105089,120.6037945,30.5,AVAILABLE,,
762,762,M-UAV-02,M600,31.3062683,120.6025389,30.5,CONTINGENCY,,
763,763,EVTOL-01,EC35,31.3067744,120.6037347,199.9,BUSY,M-P-001,V1
763,763,L-UAV-01,AMZN,31.2992915,120.5969739,100.0,BUSY,M-L-001,V2
763,763,M-UAV-01,M600,31.3105089,120.6037945,30.5,AVAILABLE,,
763,763,M-UAV-02,M600,31.3062683,120.6025389,30.5,CONTINGENCY,,
764,764,EVTOL-01,EC35,31.3071371,120.6037570,199.9,BUSY,M-P-001,V1
764,764,L-UAV-01,AMZN,31.2991722,120.5968985,100.0,BUSY,M-L-001,V2
764,764,M-UAV-01,M600,31.3105089,120.6037945,30.5,AVAILABLE,,
764,764,M-UAV-02,M600,31.3062683,120.6025389,30.5,CONTINGENCY,,
765,765,EVTOL-01,EC35,31.3074998,120.6037792,199.9,BUSY,M-P-001,V1
765,765,L-UAV-01,AMZN,31.2990530,120.5968230,100.0,BUSY,M-L-001,V2
765,765,M-UAV-01,M600,31.3105089,120.6037945,30.5,AVAILABLE,,
765,765,M-UAV-02,M600,31.3062683,120.6025389,30.5,CONTINGENCY,,
766,766,EVTOL-01,EC35,31.3078625,120.6038014,199.9,BUSY,M-P-001,V1
766,766,L-UAV-01,AMZN,31.2989338,120.5967476,100.0,BUSY,M-L-001,V2
766,766,M-UAV-01,M600,31.3105089,120.6037945,30.5,AVAILABLE,,
766,766,M-UAV-02,M600,31.3062683,120.6025389,30.5,CONTINGENCY,,
767,767,EVTOL-01,EC35,31.3082252,120.6038236,199.9,BUSY,M-P-001,V1
767,767,L-UAV-01,AMZN,31.2988145,120.5966721,100.0,BUSY,M-L-001,V2
767,767,M-UAV-01,M600,31.3105089,120.6037945,30.5,AVAILABLE,,
767,767,M-UAV-02,M600,31.3062683,120.6025389,30.5,CONTINGENCY,,
768,768,EVTOL-01,EC35,31.3085879,120.6038459,199.9,BUSY,M-P-001,V1
768,768,L-UAV-01,AMZN,31.2986953,120.5965966,100.0,BUSY,M-L-001,V2
768,768,M-UAV-01,M600,31.3105089,120.6037945,30.5,AVAILABLE,,
768,768,M-UAV-02,M600,31.3062683,120.6025389,30.5,CONTINGENCY,,
769,769,EVTOL-01,EC35,31.3089506,120.6038681,199.9,BUSY,M-P-001,V1
769,769,L-UAV-01,AMZN,31.2985761,120.5965212,100.0,BUSY,M-L-001,V2
769,769,M-UAV-01,M600,31.3105089,120.6037945,30.5,AVAILABLE,,
769,769,M-UAV-02,M600,31.3062683,120.6025389,30.5,CONTINGENCY,,
770,770,EVTOL-01,EC35,31.3093133,120.6038903,199.9,BUSY,M-P-001,V1
770,770,L-UAV-01,AMZN,31.2984568,120.5964457,100.0,BUSY,M-L-001,V2
770,770,M-UAV-01,M600,31.3105089,120.6037945,30.5,AVAILABLE,,
770,770,M-UAV-02,M600,31.3062683,120.6025389,30.5,CONTINGENCY,,
771,771,EVTOL-01,EC35,31.3096760,120.6039126,199.9,BUSY,M-P-001,V1
771,771,L-UAV-01,AMZN,31.2983376,120.5963703,100.0,BUSY,M-L-001,V2
771,771,M-UAV-01,M600,31.3105089,120.6037945,30.5,AVAILABLE,,
771,771,M-UAV-02,M600,31.3062683,120.6025389,30.5,CONTINGENCY,,
772,772,EVTOL-01,EC35,31.3100387,120.6039348,199.9,BUSY,M-P-001,V2
772,772,L-UAV-01,AMZN,31.2982184,120.5962948,100.0,BUSY,M-L-001,V2
772,772,M-UAV-01,M600,31.3105089,120.6037945,30.5,AVAILABLE,,
772,772,M-UAV-02,M600,31.3062683,120.6025389,30.5,CONTINGENCY,,
773,773,EVTOL-01,EC35,31.3104012,120.6039089,199.9,BUSY,M-P-001,V2
773,773,L-UAV-01,AMZN,31.2980991,120.5962194,100.0,BUSY,M-L-001,V2
773,773,M-UAV-01,M600,31.3105089,120.6037945,30.5,AVAILABLE,,
773,773,M-UAV-02,M600,31.3062683,120.6025389,30.5,CONTINGENCY,,
774,774,EVTOL-01,EC35,31.3107589,120.6038353,199.9,BUSY,M-P-001,V2
774,774,L-UAV-01,AMZN,31.2979799,120.5961439,100.0,BUSY,M-L-001,V2
774,774,M-UAV-01,M600,31.3105089,120.6037945,30.5,AVAILABLE,,
774,774,M-UAV-02,M600,31.3062683,120.6025389,30.5,CONTINGENCY,,
775,775,EVTOL-01,EC35,31.3111072,120.6037148,199.9,BUSY,M-P-001,V2
775,775,L-UAV-01,AMZN,31.2978607,120.5960684,100.0,BUSY,M-L-001,V3
775,775,M-UAV-01,M600,31.3105089,120.6037945,30.5,AVAILABLE,,
775,775,M-UAV-02,M600,31.3062683,120.6025389,30.5,CONTINGENCY,,
776,776,EVTOL-01,EC35,31.3114416,120.6035490,199.9,BUSY,M-P-001,V2
776,776,L-UAV-01,AMZN,31.2977276,120.5960381,100.0,BUSY,M-L-001,V3
776,776,M-UAV-01,M600,31.3105089,120.6037945,30.5,AVAILABLE,,
776,776,M-UAV-02,M600,31.3062683,120.6025389,30.5,CONTINGENCY,,
777,777,EVTOL-01,EC35,31.3117579,120.6033400,199.9,BUSY,M-P-001,V2
777,777,L-UAV-01,AMZN,31.2975929,120.5960557,100.0,BUSY,M-L-001,V3
777,777,M-UAV-01,M600,31.3105089,120.6037945,30.5,AVAILABLE,,
777,777,M-UAV-02,M600,31.3062683,120.6025389,30.5,CONTINGENCY,,
778,778,EVTOL-01,EC35,31.3120520,120.6030906,199.9,BUSY,M-P-001,V2
778,778,L-UAV-01,AMZN,31.2974689,120.5961196,100.0,BUSY,M-L-001,V3
778,778,M-UAV-01,M600,31.3105089,120.6037945,30.5,AVAILABLE,,
778,778,M-UAV-02,M600,31.3062683,120.6025389,30.5,CONTINGENCY,,
779,779,EVTOL-01,EC35,31.3123201,120.6028038,199.9,BUSY,M-P-001,V2
779,779,L-UAV-01,AMZN,31.2973668,120.5962239,100.0,BUSY,M-L-001,V3
779,779,M-UAV-01,M600,31.3105089,120.6037945,30.5,AVAILABLE,,
779,779,M-UAV-02,M600,31.3062683,120.6025389,30.5,CONTINGENCY,,
780,780,EVTOL-01,EC35,31.3125588,120.6024835,199.9,BUSY,M-P-001,V2
780,780,L-UAV-01,AMZN,31.2972960,120.5963592,100.0,BUSY,M-L-001,V3
780,780,M-UAV-01,M600,31.3105089,120.6037945,30.5,AVAILABLE,,
780,780,M-UAV-02,M600,31.3062683,120.6025389,30.5,CONTINGENCY,,
781,781,EVTOL-01,EC35,31.3127651,120.6021336,199.9,BUSY,M-P-001,V2
781,781,L-UAV-01,AMZN,31.2972629,120.5965131,100.0,BUSY,M-L-001,V3
781,781,M-UAV-01,M600,31.3105089,120.6037945,30.5,AVAILABLE,,
781,781,M-UAV-02,M600,31.3062683,120.6025389,30.5,CONTINGENCY,,
782,782,EVTOL-01,EC35,31.3129363,120.6017586,199.9,BUSY,M-P-001,V2
782,782,L-UAV-01,AMZN,31.2972707,120.5966714,100.0,BUSY,M-L-001,V3
782,782,M-UAV-01,M600,31.3105089,120.6037945,30.5,AVAILABLE,,
782,782,M-UAV-02,M600,31.3062683,120.6025389,30.5,CONTINGENCY,,
783,783,EVTOL-01,EC35,31.3130702,120.6013635,199.9,BUSY,M-P-001,V2
783,783,L-UAV-01,AMZN,31.2973185,120.5968199,100.0,BUSY,M-L-001,V3
783,783,M-UAV-01,M600,31.3105089,120.6037945,30.5,AVAILABLE,,
783,783,M-UAV-02,M600,31.3062683,120.6025389,30.5,CONTINGENCY,,
784,784,EVTOL-01,EC35,31.3131651,120.6009531,199.9,BUSY,M-P-001,V2
784,784,L-UAV-01,AMZN,31.2974021,120.5969448,100.0,BUSY,M-L-001,V3
784,784,M-UAV-01,M600,31.3105089,120.6037945,30.5,AVAILABLE,,
784,784,M-UAV-02,M600,31.3062683,120.6025389,30.5,CONTINGENCY,,
785,785,EVTOL-01,EC35,31.3132197,120.6005328,199.9,BUSY,M-P-001,V2
785,785,L-UAV-01,AMZN,31.2975137,120.5970348,100.0,BUSY,M-L-001,V3
785,785,M-UAV-01,M600,31.3105089,120.6037945,30.5,AVAILABLE,,
785,785,M-UAV-02,M600,31.3062683,120.6025389,30.5,CONTINGENCY,,
786,786,EVTOL-01,EC35,31.3132335,120.6001080,199.9,BUSY,M-P-001,V2
786,786,L-UAV-01,AMZN,31.2976329,120.5971102,100.0,BUSY,M-L-001,V3
786,786,M-UAV-01,M600,31.3105089,120.6037945,30.5,AVAILABLE,,
786,786,M-UAV-02,M600,31.3062683,120.6025389,30.5,CONTINGENCY,,
787,787,EVTOL-01,EC35,31.3132061,120.5996841,199.9,BUSY,M-P-001,V2
787,787,L-UAV-01,AMZN,31.2977522,120.5971857,100.0,BUSY,M-L-001,V3
787,787,M-UAV-01,M600,31.3105089,120.6037945,30.5,AVAILABLE,,
787,787,M-UAV-02,M600,31.3062683,120.6025389,30.5,CONTINGENCY,,
788,788,EVTOL-01,EC35,31.3131380,120.5992666,199.9,BUSY,M-P-001,V2
788,788,L-UAV-01,AMZN,31.2978714,120.5972611,100.0,BUSY,M-L-001,V3
788,788,M-UAV-01,M600,31.3105089,120.6037945,30.5,AVAILABLE,,
788,788,M-UAV-02,M600,31.3062683,120.6025389,30.5,CONTINGENCY,,
789,789,EVTOL-01,EC35,31.3130300,120.5988607,199.9,BUSY,M-P-001,V2
789,789,L-UAV-01,AMZN,31.2979906,120.5973366,100.0,BUSY,M-L-001,V3
789,789,M-UAV-01,M600,31.3105089,120.6037945,30.5,AVAILABLE,,
789,789,M-UAV-02,M600,31.3062683,120.6025389,30.5,CONTINGENCY,,
790,790,EVTOL-01,EC35,31.3128836,120.5984716,199.9,BUSY,M-P-001,V2
790,790,L-UAV-01,AMZN,31.2981099,120.5974121,100.0,BUSY,M-L-001,V3
790,790,M-UAV-01,M600,31.3105089,120.6037945,30.5,AVAILABLE,,
790,790,M-UAV-02,M600,31.3062683,120.6025389,30.5,CONTINGENCY,,
791,791,EVTOL-01,EC35,31.3127005,120.5981045,199.9,BUSY,M-P-001,V2
791,791,L-UAV-01,AMZN,31.2982291,120.5974875,100.0,BUSY,M-L-001,V3
791,791,M-UAV-01,M600,31.3105089,120.6037945,30.5,AVAILABLE,,
791,791,M-UAV-02,M600,31.3062683,120.6025389,30.5,CONTINGENCY,,
792,792,EVTOL-01,EC35,31.3124831,120.5977639,199.9,BUSY,M-P-001,V2
792,792,L-UAV-01,AMZN,31.2983483,120.5975630,100.0,BUSY,M-L-001,V3
792,792,M-UAV-01,M600,31.3105089,120.6037945,30.5,AVAILABLE,,
792,792,M-UAV-02,M600,31.3062683,120.6025389,30.5,CONTINGENCY,,
793,793,EVTOL-01,EC35,31.3122343,120.5974543,199.9,BUSY,M-P-001,V2
793,793,L-UAV-01,AMZN,31.2984676,120.5976384,100.0,BUSY,M-L-001,V3
793,793,M-UAV-01,M600,31.3105089,120.6037945,30.5,AVAILABLE,,
793,793,M-UAV-02,M600,31.3062683,120.6025389,30.5,CONTINGENCY,,
794,794,EVTOL-01,EC35,31.3119572,120.5971795,199.9,BUSY,M-P-001,V2
794,794,L-UAV-01,AMZN,31.2985868,120.5977139,100.0,BUSY,M-L-001,V3
794,794,M-UAV-01,M600,31.3105089,120.6037945,30.5,AVAILABLE,,
794,794,M-UAV-02,M600,31.3062683,120.6025389,30.5,CONTINGENCY,,
795,795,EVTOL-01,EC35,31.3116553,120.5969431,199.9,BUSY,M-P-001,V2
795,795,L-UAV-01,AMZN,31.2987060,120.5977894,100.0,BUSY,M-L-001,V3
795,795,M-UAV-01,M600,31.3105089,120.6037945,30.5,AVAILABLE,,
795,795,M-UAV-02,M600,31.3062683,120.6025389,30.5,CONTINGENCY,,
796,796,EVTOL-01,EC35,31.3113325,120.5967482,199.9,BUSY,M-P-001,V2
796,796,L-UAV-01,AMZN,31.2988252,120.5978648,100.0,BUSY,M-L-001,V3
796,796,M-UAV-01,M600,31.3105089,120.6037945,30.5,AVAILABLE,,
796,796,M-UAV-02,M600,31.3062683,120.6025389,30.5,CONTINGENCY,,
797,797,EVTOL-01,EC35,31.3109930,120.5965973,199.9,BUSY,M-P-001,V2
797,797,L-UAV-01,AMZN,31.2989445,120.5979403,100.0,BUSY,M-L-001,V3
797,797,M-UAV-01,M600,31.3105089,120.6037945,30.5,AVAILABLE,,
797,797,M-UAV-02,M600,31.3062683,120.6025389,30.5,CONTINGENCY,,
798,798,EVTOL-01,EC35,31.3106411,120.5964921,199.9,BUSY,M-P-001,V2
798,798,L-UAV-01,AMZN,31.2990637,120.5980157,100.0,BUSY,M-L-001,V3
798,798,M-UAV-01,M600,31.3105089,120.6037945,30.5,AVAILABLE,,
798,798,M-UAV-02,M600,31.3062683,120.6025389,30.5,CONTINGENCY,,
799,799,EVTOL-01,EC35,31.3102813,120.5964343,199.9,BUSY,M-P-001,V2
799,799,L-UAV-01,AMZN,31.2991829,120.5980912,100.0,BUSY,M-L-001,V3
799,799,M-UAV-01,M600,31.3105089,120.6037945,30.5,AVAILABLE,,
799,799,M-UAV-02,M600,31.3062683,120.6025389,30.5,CONTINGENCY,,
800,800,EVTOL-01,EC35,31.3099186,120.5964121,199.9,BUSY,M-P-001,V2
800,800,L-UAV-01,AMZN,31.2993022,120.5981666,100.0,BUSY,M-L-001,V3
800,800,M-UAV-01,M600,31.3105089,120.6037945,30.5,AVAILABLE,,
800,800,M-UAV-02,M600,31.3062683,120.6025389,30.5,CONTINGENCY,,
801,801,EVTOL-01,EC35,31.3095559,120.5963899,199.9,BUSY,M-P-001,V2
801,801,L-UAV-01,AMZN,31.2994214,120.5982421,100.0,BUSY,M-L-001,V3
801,801,M-UAV-01,M600,31.3105089,120.6037945,30.5,AVAILABLE,,
801,801,M-UAV-02,M600,31.3062683,120.6025389,30.5,CONTINGENCY,,
802,802,EVTOL-01,EC35,31.3091932,120.5963677,199.9,BUSY,M-P-001,V2
802,802,L-UAV-01,AMZN,31.2995406,120.5983176,100.0,BUSY,M-L-001,V3
802,802,M-UAV-01,M600,31.3105089,120.6037945,30.5,AVAILABLE,,
802,802,M-UAV-02,M600,31.3062683,120.6025389,30.5,CONTINGENCY,,
803,803,EVTOL-01,EC35,31.3088305,120.5963455,199.9,BUSY,M-P-001,V2
803,803,L-UAV-01,AMZN,31.2996598,120.5983930,100.0,BUSY,M-L-001,V3
803,803,M-UAV-01,M600,31.3105089,120.6037945,30.5,AVAILABLE,,
803,803,M-UAV-02,M600,31.3062683,120.6025389,30.5,CONTINGENCY,,
804,804,EVTOL-01,EC35,31.3084678,120.5963233,199.9,BUSY,M-P-001,V2
804,804,L-UAV-01,AMZN,31.2997791,120.5984685,100.0,BUSY,M-L-001,V3
804,804,M-UAV-01,M600,31.3105089,120.6037945,30.5,AVAILABLE,,
804,804,M-UAV-02,M600,31.3062683,120.6025389,30.5,CONTINGENCY,,
805,805,EVTOL-01,EC35,31.3081051,120.5963011,199.9,BUSY,M-P-001,V2
805,805,L-UAV-01,AMZN,31.2998983,120.5985439,100.0,BUSY,M-L-001,V3
805,805,M-UAV-01,M600,31.3105089,120.6037945,30.5,AVAILABLE,,
805,805,M-UAV-02,M600,31.3062683,120.6025389,30.5,CONTINGENCY,,
806,806,EVTOL-01,EC35,31.3077424,120.5962789,199.9,BUSY,M-P-001,V2
806,806,L-UAV-01,AMZN,31.3000175,120.5986194,100.0,BUSY,M-L-001,V3
806,806,M-UAV-01,M600,31.3105089,120.6037945,30.5,AVAILABLE,,
806,806,M-UAV-02,M600,31.3062683,120.6025389,30.5,CONTINGENCY,,
807,807,EVTOL-01,EC35,31.3073797,120.5962567,199.9,BUSY,M-P-001,V2
807,807,L-UAV-01,AMZN,31.3001368,120.5986949,100.0,BUSY,M-L-001,V3
807,807,M-UAV-01,M600,31.3105089,120.6037945,30.5,AVAILABLE,,
807,807,M-UAV-02,M600,31.3062683,120.6025389,30.5,CONTINGENCY,,
808,808,EVTOL-01,EC35,31.3070170,120.5962346,199.9,BUSY,M-P-001,V2
808,808,L-UAV-01,AMZN,31.3002560,120.5987703,100.0,BUSY,M-L-001,V3
808,808,M-UAV-01,M600,31.3105089,120.6037945,30.5,AVAILABLE,,
808,808,M-UAV-02,M600,31.3062683,120.6025389,30.5,CONTINGENCY,,
809,809,EVTOL-01,EC35,31.3066543,120.5962124,199.9,BUSY,M-P-001,V2
809,809,L-UAV-01,AMZN,31.3003752,120.5988458,100.0,BUSY,M-L-001,V3
809,809,M-UAV-01,M600,31.3105089,120.6037945,30.5,AVAILABLE,,
809,809,M-UAV-02,M600,31.3062683,120.6025389,30.5,CONTINGENCY,,
810,810,EVTOL-01,EC35,31.3062917,120.5961902,199.9,BUSY,M-P-001,V2
810,810,L-UAV-01,AMZN,31.3004945,120.5989213,100.0,BUSY,M-L-001,V3
810,810,M-UAV-01,M600,31.3105089,120.6037945,30.5,AVAILABLE,,
810,810,M-UAV-02,M600,31.3062683,120.6025389,30.5,CONTINGENCY,,
811,811,EVTOL-01,EC35,31.3059290,120.5961680,199.9,BUSY,M-P-001,V2
811,811,L-UAV-01,AMZN,31.3006137,120.5989967,100.0,BUSY,M-L-001,V3
811,811,M-UAV-01,M600,31.3105089,120.6037945,30.5,AVAILABLE,,
811,811,M-UAV-02,M600,31.3062683,120.6025389,30.5,CONTINGENCY,,
812,812,EVTOL-01,EC35,31.3055663,120.5961458,199.9,BUSY,M-P-001,V2
812,812,L-UAV-01,AMZN,31.3007329,120.5990722,100.0,BUSY,M-L-001,V3
812,812,M-UAV-01,M600,31.3105089,120.6037945,30.5,AVAILABLE,,
812,812,M-UAV-02,M600,31.3062683,120.6025389,30.5,CONTINGENCY,,
813,813,EVTOL-01,EC35,31.3052036,120.5961236,199.9,BUSY,M-P-001,V2
813,813,L-UAV-01,AMZN,31.3008521,120.5991476,100.0,BUSY,M-L-001,V3
813,813,M-UAV-01,M600,31.3105089,120.6037945,30.5,AVAILABLE,,
813,813,M-UAV-02,M600,31.3062683,120.6025389,30.5,CONTINGENCY,,
814,814,EVTOL-01,EC35,31.3048409,120.5961014,199.9,BUSY,M-P-001,V2
814,814,L-UAV-01,AMZN,31.3009714,120.5992231,100.0,BUSY,M-L-001,V3
814,814,M-UAV-01,M600,31.3105089,120.6037945,30.5,AVAILABLE,,
814,814,M-UAV-02,M600,31.3062683,120.6025389,30.5,CONTINGENCY,,
815,815,EVTOL-01,EC35,31.3044782,120.5960792,199.9,BUSY,M-P-001,V2
815,815,L-UAV-01,AMZN,31.3010906,120.5992986,100.0,BUSY,M-L-001,V3
815,815,M-UAV-01,M600,31.3105089,120.6037945,30.5,AVAILABLE,,
815,815,M-UAV-02,M600,31.3062683,120.6025389,30.5,CONTINGENCY,,
816,816,EVTOL-01,EC35,31.3041155,120.5960571,199.9,BUSY,M-P-001,V2
816,816,L-UAV-01,AMZN,31.3012098,120.5993740,100.0,BUSY,M-L-001,V3
816,816,M-UAV-01,M600,31.3105089,120.6037945,30.5,AVAILABLE,,
816,816,M-UAV-02,M600,31.3062683,120.6025389,30.5,CONTINGENCY,,
817,817,EVTOL-01,EC35,31.3037528,120.5960349,199.9,BUSY,M-P-001,V2
817,817,L-UAV-01,AMZN,31.3013291,120.5994495,100.0,BUSY,M-L-001,V3
817,817,M-UAV-01,M600,31.3105089,120.6037945,30.5,AVAILABLE,,
817,817,M-UAV-02,M600,31.3062683,120.6025389,30.5,CONTINGENCY,,
818,818,EVTOL-01,EC35,31.3033901,120.5960127,199.9,BUSY,M-P-001,V2
818,818,L-UAV-01,AMZN,31.3014483,120.5995250,100.0,BUSY,M-L-001,V3
818,818,M-UAV-01,M600,31.3105089,120.6037945,30.5,AVAILABLE,,
818,818,M-UAV-02,M600,31.3062683,120.6025389,30.5,CONTINGENCY,,
819,819,EVTOL-01,EC35,31.3030274,120.5959905,199.9,BUSY,M-P-001,V2
819,819,L-UAV-01,AMZN,31.3015675,120.5996004,100.0,BUSY,M-L-001,V3
819,819,M-UAV-01,M600,31.3105089,120.6037945,30.5,AVAILABLE,,
819,819,M-UAV-02,M600,31.3062683,120.6025389,30.5,CONTINGENCY,,
820,820,EVTOL-01,EC35,31.3026647,120.5959683,199.9,BUSY,M-P-001,V2
820,820,L-UAV-01,AMZN,31.3016867,120.5996759,100.0,BUSY,M-L-001,V3
820,820,M-UAV-01,M600,31.3105089,120.6037945,30.5,AVAILABLE,,
820,820,M-UAV-02,M600,31.3062683,120.6025389,30.5,CONTINGENCY,,
821,821,EVTOL-01,EC35,31.3023020,120.5959461,199.9,BUSY,M-P-001,V2
821,821,L-UAV-01,AMZN,31.3018060,120.5997513,100.0,BUSY,M-L-001,V3
821,821,M-UAV-01,M600,31.3105089,120.6037945,30.5,AVAILABLE,,
821,821,M-UAV-02,M600,31.3062683,120.6025389,30.5,CONTINGENCY,,
822,822,EVTOL-01,EC35,31.3019393,120.5959239,199.9,BUSY,M-P-001,V2
822,822,L-UAV-01,AMZN,31.3019252,120.5998268,100.0,BUSY,M-L-001,V3
822,822,M-UAV-01,M600,31.3105089,120.6037945,30.5,AVAILABLE,,
822,822,M-UAV-02,M600,31.3062683,120.6025389,30.5,CONTINGENCY,,
823,823,EVTOL-01,EC35,31.3015766,120.5959018,199.9,BUSY,M-P-001,V2
823,823,L-UAV-01,AMZN,31.3020444,120.5999023,100.0,BUSY,M-L-001,V3
823,823,M-UAV-01,M600,31.3105089,120.6037945,30.5,AVAILABLE,,
823,823,M-UAV-02,M600,31.3062683,120.6025389,30.5,CONTINGENCY,,
824,824,EVTOL-01,EC35,31.3012139,120.5958796,199.9,BUSY,M-P-001,V2
824,824,L-UAV-01,AMZN,31.3021637,120.5999777,100.0,BUSY,M-L-001,V3
824,824,M-UAV-01,M600,31.3105089,120.6037945,30.5,AVAILABLE,,
824,824,M-UAV-02,M600,31.3062683,120.6025389,30.5,CONTINGENCY,,
825,825,EVTOL-01,EC35,31.3008512,120.5958574,199.9,BUSY,M-P-001,V2
825,825,L-UAV-01,AMZN,31.3022829,120.6000532,100.0,BUSY,M-L-001,V3
825,825,M-UAV-01,M600,31.3105089,120.6037945,30.5,AVAILABLE,,
825,825,M-UAV-02,M600,31.3062683,120.6025389,30.5,CONTINGENCY,,
826,826,EVTOL-01,EC35,31.3004885,120.5958352,199.9,BUSY,M-P-001,V2
826,826,L-UAV-01,AMZN,31.3024021,120.6001287,100.0,BUSY,M-L-001,V3
826,826,M-UAV-01,M600,31.3105089,120.6037945,30.5,AVAILABLE,,
826,826,M-UAV-02,M600,31.3062683,120.6025389,30.5,CONTINGENCY,,
827,827,EVTOL-01,EC35,31.3001258,120.5958130,199.9,BUSY,M-P-001,V2
827,827,L-UAV-01,AMZN,31.3025213,120.6002041,100.0,BUSY,M-L-001,V3
827,827,M-UAV-01,M600,31.3105089,120.6037945,30.5,AVAILABLE,,
827,827,M-UAV-02,M600,31.3062683,120.6025389,30.5,CONTINGENCY,,
828,828,EVTOL-01,EC35,31.2997631,120.5957908,199.9,BUSY,M-P-001,V2
828,828,L-UAV-01,AMZN,31.3026406,120.6002796,100.0,BUSY,M-L-001,V3
828,828,M-UAV-01,M600,31.3105089,120.6037945,30.5,AVAILABLE,,
828,828,M-UAV-02,M600,31.3062683,120.6025389,30.5,CONTINGENCY,,
829,829,EVTOL-01,EC35,31.2994004,120.5957687,199.9,BUSY,M-P-001,V2
829,829,L-UAV-01,AMZN,31.3027598,120.6003551,100.0,BUSY,M-L-001,V3
829,829,M-UAV-01,M600,31.3105089,120.6037945,30.5,AVAILABLE,,
829,829,M-UAV-02,M600,31.3062683,120.6025389,30.5,CONTINGENCY,,
830,830,EVTOL-01,EC35,31.2990377,120.5957465,199.9,BUSY,M-P-001,V2
830,830,L-UAV-01,AMZN,31.3028790,120.6004305,100.0,BUSY,M-L-001,V3
830,830,M-UAV-01,M600,31.3105089,120.6037945,30.5,AVAILABLE,,
830,830,M-UAV-02,M600,31.3062683,120.6025389,30.5,CONTINGENCY,,
831,831,EVTOL-01,EC35,31.2986751,120.5957243,199.9,BUSY,M-P-001,V2
831,831,L-UAV-01,AMZN,31.3029983,120.6005060,100.0,BUSY,M-L-001,V3
831,831,M-UAV-01,M600,31.3105089,120.6037945,30.5,AVAILABLE,,
831,831,M-UAV-02,M600,31.3062683,120.6025389,30.5,CONTINGENCY,,
832,832,EVTOL-01,EC35,31.2983124,120.5957021,199.9,BUSY,M-P-001,V2
832,832,L-UAV-01,AMZN,31.3031175,120.6005815,100.0,BUSY,M-L-001,V3
832,832,M-UAV-01,M600,31.3105089,120.6037945,30.5,AVAILABLE,,
832,832,M-UAV-02,M600,31.3062683,120.6025389,30.5,CONTINGENCY,,
833,833,EVTOL-01,EC35,31.2979497,120.5956799,199.9,BUSY,M-P-001,V1
833,833,L-UAV-01,AMZN,31.3032367,120.6006569,100.0,BUSY,M-L-001,V3
833,833,M-UAV-01,M600,31.3105089,120.6037945,30.5,AVAILABLE,,
833,833,M-UAV-02,M600,31.3062683,120.6025389,30.5,CONTINGENCY,,
834,834,EVTOL-01,EC35,31.2975871,120.5957058,199.9,BUSY,M-P-001,V1
834,834,L-UAV-01,AMZN,31.3033559,120.6007324,100.0,BUSY,M-L-001,V3
834,834,M-UAV-01,M600,31.3105089,120.6037945,30.5,AVAILABLE,,
834,834,M-UAV-02,M600,31.3062683,120.6025389,30.5,CONTINGENCY,,
835,835,EVTOL-01,EC35,31.2972295,120.5957795,199.9,BUSY,M-P-001,V1
835,835,L-UAV-01,AMZN,31.3034752,120.6008078,100.0,BUSY,M-L-001,V3
835,835,M-UAV-01,M600,31.3105089,120.6037945,30.5,AVAILABLE,,
835,835,M-UAV-02,M600,31.3062683,120.6025389,30.5,CONTINGENCY,,
836,836,EVTOL-01,EC35,31.2968812,120.5959000,199.9,BUSY,M-P-001,V1
836,836,L-UAV-01,AMZN,31.3035944,120.6008833,100.0,BUSY,M-L-001,V3
836,836,M-UAV-01,M600,31.3105089,120.6037945,30.5,AVAILABLE,,
836,836,M-UAV-02,M600,31.3062683,120.6025389,30.5,CONTINGENCY,,
837,837,EVTOL-01,EC35,31.2965468,120.5960658,199.9,BUSY,M-P-001,V1
837,837,L-UAV-01,AMZN,31.3037136,120.6009588,100.0,BUSY,M-L-001,V3
837,837,M-UAV-01,M600,31.3105089,120.6037945,30.5,AVAILABLE,,
837,837,M-UAV-02,M600,31.3062683,120.6025389,30.5,CONTINGENCY,,
838,838,EVTOL-01,EC35,31.2962305,120.5962748,199.9,BUSY,M-P-001,V1
838,838,L-UAV-01,AMZN,31.3038329,120.6010342,100.0,BUSY,M-L-001,V3
838,838,M-UAV-01,M600,31.3105089,120.6037945,30.5,AVAILABLE,,
838,838,M-UAV-02,M600,31.3062683,120.6025389,30.5,CONTINGENCY,,
839,839,EVTOL-01,EC35,31.2959364,120.5965242,199.9,BUSY,M-P-001,V1
839,839,L-UAV-01,AMZN,31.3039521,120.6011097,100.0,BUSY,M-L-001,V3
839,839,M-UAV-01,M600,31.3105089,120.6037945,30.5,AVAILABLE,,
839,839,M-UAV-02,M600,31.3062683,120.6025389,30.5,CONTINGENCY,,
840,840,EVTOL-01,EC35,31.2956683,120.5968110,199.9,BUSY,M-P-001,V1
840,840,L-UAV-01,AMZN,31.3040713,120.6011852,100.0,BUSY,M-L-001,V3
840,840,M-UAV-01,M600,31.3105089,120.6037945,30.5,AVAILABLE,,
840,840,M-UAV-02,M600,31.3062683,120.6025389,30.5,CONTINGENCY,,
841,841,EVTOL-01,EC35,31.2954296,120.5971313,199.9,BUSY,M-P-001,V1
841,841,L-UAV-01,AMZN,31.3041905,120.6012606,100.0,BUSY,M-L-001,V3
841,841,M-UAV-01,M600,31.3105089,120.6037945,30.5,AVAILABLE,,
841,841,M-UAV-02,M600,31.3062683,120.6025389,30.5,CONTINGENCY,,
842,842,EVTOL-01,EC35,31.2952234,120.5974812,199.9,BUSY,M-P-001,V1
842,842,L-UAV-01,AMZN,31.3043098,120.6013361,100.0,BUSY,M-L-001,V3
842,842,M-UAV-01,M600,31.3105089,120.6037945,30.5,AVAILABLE,,
842,842,M-UAV-02,M600,31.3062683,120.6025389,30.5,CONTINGENCY,,
843,843,EVTOL-01,EC35,31.2950522,120.5978560,199.9,BUSY,M-P-001,V1
843,843,L-UAV-01,AMZN,31.3044290,120.6014116,100.0,BUSY,M-L-001,V3
843,843,M-UAV-01,M600,31.3105089,120.6037945,30.5,AVAILABLE,,
843,843,M-UAV-02,M600,31.3062683,120.6025389,30.5,CONTINGENCY,,
844,844,EVTOL-01,EC35,31.2949184,120.5982512,199.9,BUSY,M-P-001,V1
844,844,L-UAV-01,AMZN,31.3045482,120.6014871,100.0,BUSY,M-L-001,V3
844,844,M-UAV-01,M600,31.3105089,120.6037945,30.5,AVAILABLE,,
844,844,M-UAV-02,M600,31.3062683,120.6025389,30.5,CONTINGENCY,,
845,845,EVTOL-01,EC35,31.2948235,120.5986614,199.9,BUSY,M-P-001,V1
845,845,L-UAV-01,AMZN,31.3046674,120.6015625,100.0,BUSY,M-L-001,V3
845,845,M-UAV-01,M600,31.3105089,120.6037945,30.5,AVAILABLE,,
845,845,M-UAV-02,M600,31.3062683,120.6025389,30.5,CONTINGENCY,,
846,846,EVTOL-01,EC35,31.2947689,120.5990816,199.9,BUSY,M-P-001,V1
846,846,L-UAV-01,AMZN,31.3047867,120.6016380,100.0,BUSY,M-L-001,V3
846,846,M-UAV-01,M600,31.3105089,120.6037945,30.5,AVAILABLE,,
846,846,M-UAV-02,M600,31.3062683,120.6025389,30.5,CONTINGENCY,,
847,847,EVTOL-01,EC35,31.2947552,120.5995064,199.9,BUSY,M-P-001,V1
847,847,L-UAV-01,AMZN,31.3049059,120.6017135,100.0,BUSY,M-L-001,V3
847,847,M-UAV-01,M600,31.3105089,120.6037945,30.5,AVAILABLE,,
847,847,M-UAV-02,M600,31.3062683,120.6025389,30.5,CONTINGENCY,,
848,848,EVTOL-01,EC35,31.2947826,120.5999302,199.9,BUSY,M-P-001,V1
848,848,L-UAV-01,AMZN,31.3050251,120.6017889,100.0,BUSY,M-L-001,V3
848,848,M-UAV-01,M600,31.3105089,120.6037945,30.5,AVAILABLE,,
848,848,M-UAV-02,M600,31.3062683,120.6025389,30.5,CONTINGENCY,,
849,849,EVTOL-01,EC35,31.2948507,120.6003477,199.9,BUSY,M-P-001,V1
849,849,L-UAV-01,AMZN,31.3051444,120.6018644,100.0,BUSY,M-L-001,V3
849,849,M-UAV-01,M600,31.3105089,120.6037945,30.5,AVAILABLE,,
849,849,M-UAV-02,M600,31.3062683,120.6025389,30.5,CONTINGENCY,,
850,850,EVTOL-01,EC35,31.2949587,120.6007535,199.9,BUSY,M-P-001,V1
850,850,L-UAV-01,AMZN,31.3052636,120.6019399,100.0,BUSY,M-L-001,V3
850,850,M-UAV-01,M600,31.3105089,120.6037945,30.5,AVAILABLE,,
850,850,M-UAV-02,M600,31.3062683,120.6025389,30.5,CONTINGENCY,,
851,851,EVTOL-01,EC35,31.2951052,120.6011424,199.9,BUSY,M-P-001,V1
851,851,L-UAV-01,AMZN,31.3053828,120.6020153,100.0,BUSY,M-L-001,V3
851,851,M-UAV-01,M600,31.3105089,120.6037945,30.5,AVAILABLE,,
851,851,M-UAV-02,M600,31.3062683,120.6025389,30.5,CONTINGENCY,,
852,852,EVTOL-01,EC35,31.2952883,120.6015094,199.9,BUSY,M-P-001,V1
852,852,L-UAV-01,AMZN,31.3055020,120.6020908,100.0,BUSY,M-L-001,V3
852,852,M-UAV-01,M600,31.3105089,120.6037945,30.5,AVAILABLE,,
852,852,M-UAV-02,M600,31.3062683,120.6025389,30.5,CONTINGENCY,,
853,853,EVTOL-01,EC35,31.2955057,120.6018499,199.9,BUSY,M-P-001,V1
853,853,L-UAV-01,AMZN,31.3056213,120.6021663,100.0,BUSY,M-L-001,V3
853,853,M-UAV-01,M600,31.3105089,120.6037945,30.5,AVAILABLE,,
853,853,M-UAV-02,M600,31.3062683,120.6025389,30.5,CONTINGENCY,,
854,854,EVTOL-01,EC35,31.2957546,120.6021595,199.9,BUSY,M-P-001,V1
854,854,L-UAV-01,AMZN,31.3057405,120.6022417,100.0,BUSY,M-L-001,V3
854,854,M-UAV-01,M600,31.3105089,120.6037945,30.5,AVAILABLE,,
854,854,M-UAV-02,M600,31.3062683,120.6025389,30.5,CONTINGENCY,,
855,855,EVTOL-01,EC35,31.2960317,120.6024342,199.9,BUSY,M-P-001,V1
855,855,L-UAV-01,AMZN,31.3058597,120.6023172,100.0,BUSY,M-L-001,V2
855,855,M-UAV-01,M600,31.3105089,120.6037945,30.5,AVAILABLE,,
855,855,M-UAV-02,M600,31.3062683,120.6025389,30.5,CONTINGENCY,,
856,856,EVTOL-01,EC35,31.2963336,120.6026705,199.9,BUSY,M-P-001,V1
856,856,L-UAV-01,AMZN,31.3059928,120.6023475,100.0,BUSY,M-L-001,V2
856,856,M-UAV-01,M600,31.3105089,120.6037945,30.5,AVAILABLE,,
856,856,M-UAV-02,M600,31.3062683,120.6025389,30.5,CONTINGENCY,,
857,857,EVTOL-01,EC35,31.2966564,120.6028653,199.9,BUSY,M-P-001,V1
857,857,L-UAV-01,AMZN,31.3061275,120.6023300,100.0,BUSY,M-L-001,V2
857,857,M-UAV-01,M600,31.3105089,120.6037945,30.5,AVAILABLE,,
857,857,M-UAV-02,M600,31.3062683,120.6025389,30.5,CONTINGENCY,,
858,858,EVTOL-01,EC35,31.2969959,120.6030162,199.9,BUSY,M-P-001,V1
858,858,L-UAV-01,AMZN,31.3062516,120.6022661,100.0,BUSY,M-L-001,V2
858,858,M-UAV-01,M600,31.3105089,120.6037945,30.5,AVAILABLE,,
858,858,M-UAV-02,M600,31.3062683,120.6025389,30.5,CONTINGENCY,,
859,859,EVTOL-01,EC35,31.2973479,120.6031213,199.9,BUSY,M-P-001,V1
859,859,L-UAV-01,AMZN,31.3063537,120.6021617,100.0,BUSY,M-L-001,V2
859,859,M-UAV-01,M600,31.3105089,120.6037945,30.5,AVAILABLE,,
859,859,M-UAV-02,M600,31.3062683,120.6025389,30.5,CONTINGENCY,,
860,860,EVTOL-01,EC35,31.2977077,120.6031791,199.9,BUSY,M-P-001,V1
860,860,L-UAV-01,AMZN,31.3064245,120.6020264,100.0,BUSY,M-L-001,V2
860,860,M-UAV-01,M600,31.3105089,120.6037945,30.5,AVAILABLE,,
860,860,M-UAV-02,M600,31.3062683,120.6025389,30.5,CONTINGENCY,,
861,861,EVTOL-01,EC35,31.2980704,120.6032013,199.9,BUSY,M-P-001,V1
861,861,L-UAV-01,AMZN,31.3064575,120.6018726,100.0,BUSY,M-L-001,V2
861,861,M-UAV-01,M600,31.3105089,120.6037945,30.5,AVAILABLE,,
861,861,M-UAV-02,M600,31.3062683,120.6025389,30.5,CONTINGENCY,,
862,862,EVTOL-01,EC35,31.2984331,120.6032236,199.9,BUSY,M-P-001,V1
862,862,L-UAV-01,AMZN,31.3064497,120.6017142,100.0,BUSY,M-L-001,V2
862,862,M-UAV-01,M600,31.3105089,120.6037945,30.5,AVAILABLE,,
862,862,M-UAV-02,M600,31.3062683,120.6025389,30.5,CONTINGENCY,,
863,863,EVTOL-01,EC35,31.2987957,120.6032458,199.9,BUSY,M-P-001,V1
863,863,L-UAV-01,AMZN,31.3064019,120.6015658,100.0,BUSY,M-L-001,V2
863,863,M-UAV-01,M600,31.3105089,120.6037945,30.5,AVAILABLE,,
863,863,M-UAV-02,M600,31.3062683,120.6025389,30.5,CONTINGENCY,,
864,864,EVTOL-01,EC35,31.2991584,120.6032680,199.9,BUSY,M-P-001,V1
864,864,L-UAV-01,AMZN,31.3063184,120.6014408,100.0,BUSY,M-L-001,V2
864,864,M-UAV-01,M600,31.3105089,120.6037945,30.5,AVAILABLE,,
864,864,M-UAV-02,M600,31.3062683,120.6025389,30.5,CONTINGENCY,,
865,865,EVTOL-01,EC35,31.2995211,120.6032902,199.9,BUSY,M-P-001,V1
865,865,L-UAV-01,AMZN,31.3062067,120.6013508,100.0,BUSY,M-L-001,V2
865,865,M-UAV-01,M600,31.3105089,120.6037945,30.5,AVAILABLE,,
865,865,M-UAV-02,M600,31.3062683,120.6025389,30.5,CONTINGENCY,,
866,866,EVTOL-01,EC35,31.2998838,120.6033125,199.9,BUSY,M-P-001,V1
866,866,L-UAV-01,AMZN,31.3060875,120.6012753,100.0,BUSY,M-L-001,V2
866,866,M-UAV-01,M600,31.3105089,120.6037945,30.5,AVAILABLE,,
866,866,M-UAV-02,M600,31.3062683,120.6025389,30.5,CONTINGENCY,,
867,867,EVTOL-01,EC35,31.3002465,120.6033347,199.9,BUSY,M-P-001,V1
867,867,L-UAV-01,AMZN,31.3059683,120.6011999,100.0,BUSY,M-L-001,V2
867,867,M-UAV-01,M600,31.3105089,120.6037945,30.5,AVAILABLE,,
867,867,M-UAV-02,M600,31.3062683,120.6025389,30.5,CONTINGENCY,,
868,868,EVTOL-01,EC35,31.3006092,120.6033569,199.9,BUSY,M-P-001,V1
868,868,L-UAV-01,AMZN,31.3058491,120.6011244,100.0,BUSY,M-L-001,V2
868,868,M-UAV-01,M600,31.3105089,120.6037945,30.5,AVAILABLE,,
868,868,M-UAV-02,M600,31.3062683,120.6025389,30.5,CONTINGENCY,,
869,869,EVTOL-01,EC35,31.3009719,120.6033791,199.9,BUSY,M-P-001,V1
869,869,L-UAV-01,AMZN,31.3057298,120.6010489,100.0,BUSY,M-L-001,V2
869,869,M-UAV-01,M600,31.3105089,120.6037945,30.5,AVAILABLE,,
869,869,M-UAV-02,M600,31.3062683,120.6025389,30.5,CONTINGENCY,,
870,870,EVTOL-01,EC35,31.3013346,120.6034014,199.9,BUSY,M-P-001,V1
870,870,L-UAV-01,AMZN,31.3056106,120.6009735,100.0,BUSY,M-L-001,V2
870,870,M-UAV-01,M600,31.3105089,120.6037945,30.5,AVAILABLE,,
870,870,M-UAV-02,M600,31.3062683,120.6025389,30.5,CONTINGENCY,,
871,871,EVTOL-01,EC35,31.3016973,120.6034236,199.9,BUSY,M-P-001,V1
871,871,L-UAV-01,AMZN,31.3054914,120.6008980,100.0,BUSY,M-L-001,V2
871,871,M-UAV-01,M600,31.3105089,120.6037945,30.5,AVAILABLE,,
871,871,M-UAV-02,M600,31.3062683,120.6025389,30.5,CONTINGENCY,,
872,872,EVTOL-01,EC35,31.3020600,120.6034458,199.9,BUSY,M-P-001,V1
872,872,L-UAV-01,AMZN,31.3053721,120.6008225,100.0,BUSY,M-L-001,V2
872,872,M-UAV-01,M600,31.3105089,120.6037945,30.5,AVAILABLE,,
872,872,M-UAV-02,M600,31.3062683,120.6025389,30.5,CONTINGENCY,,
873,873,EVTOL-01,EC35,31.3024227,120.6034680,199.9,BUSY,M-P-001,V1
873,873,L-UAV-01,AMZN,31.3052529,120.6007471,100.0,BUSY,M-L-001,V2
873,873,M-UAV-01,M600,31.3105089,120.6037945,30.5,AVAILABLE,,
873,873,M-UAV-02,M600,31.3062683,120.6025389,30.5,CONTINGENCY,,
874,874,EVTOL-01,EC35,31.3027854,120.6034903,199.9,BUSY,M-P-001,V1
874,874,L-UAV-01,AMZN,31.3051337,120.6006716,100.0,BUSY,M-L-001,V2
874,874,M-UAV-01,M600,31.3105089,120.6037945,30.5,AVAILABLE,,
874,874,M-UAV-02,M600,31.3062683,120.6025389,30.5,CONTINGENCY,,
875,875,EVTOL-01,EC35,31.3031481,120.6035125,199.9,BUSY,M-P-001,V1
875,875,L-UAV-01,AMZN,31.3050145,120.6005961,100.0,BUSY,M-L-001,V2
875,875,M-UAV-01,M600,31.3105089,120.6037945,30.5,AVAILABLE,,
875,875,M-UAV-02,M600,31.3062683,120.6025389,30.5,CONTINGENCY,,
876,876,EVTOL-01,EC35,31.3035108,120.6035347,199.9,BUSY,M-P-001,V1
876,876,L-UAV-01,AMZN,31.3048952,120.6005207,100.0,BUSY,M-L-001,V2
876,876,M-UAV-01,M600,31.3105089,120.6037945,30.5,AVAILABLE,,
876,876,M-UAV-02,M600,31.3062683,120.6025389,30.5,CONTINGENCY,,
877,877,EVTOL-01,EC35,31.3038735,120.6035569,199.9,BUSY,M-P-001,V1
877,877,L-UAV-01,AMZN,31.3047760,120.6004452,100.0,BUSY,M-L-001,V2
877,877,M-UAV-01,M600,31.3105089,120.6037945,30.5,AVAILABLE,,
877,877,M-UAV-02,M600,31.3062683,120.6025389,30.5,CONTINGENCY,,
878,878,EVTOL-01,EC35,31.3042362,120.6035792,199.9,BUSY,M-P-001,V1
878,878,L-UAV-01,AMZN,31.3046568,120.6003697,100.0,BUSY,M-L-001,V2
878,878,M-UAV-01,M600,31.3105089,120.6037945,30.5,AVAILABLE,,
878,878,M-UAV-02,M600,31.3062683,120.6025389,30.5,CONTINGENCY,,
879,879,EVTOL-01,EC35,31.3045988,120.6036014,199.9,BUSY,M-P-001,V1
879,879,L-UAV-01,AMZN,31.3045376,120.6002943,100.0,BUSY,M-L-001,V2
879,879,M-UAV-01,M600,31.3105089,120.6037945,30.5,AVAILABLE,,
879,879,M-UAV-02,M600,31.3062683,120.6025389,30.5,CONTINGENCY,,
880,880,EVTOL-01,EC35,31.3049615,120.6036236,199.9,BUSY,M-P-001,V1
880,880,L-UAV-01,AMZN,31.3044183,120.6002188,100.0,BUSY,M-L-001,V2
880,880,M-UAV-01,M600,31.3105089,120.6037945,30.5,AVAILABLE,,
880,880,M-UAV-02,M600,31.3062683,120.6025389,30.5,CONTINGENCY,,
881,881,EVTOL-01,EC35,31.3053242,120.6036459,199.9,BUSY,M-P-001,V1
881,881,L-UAV-01,AMZN,31.3042991,120.6001433,100.0,BUSY,M-L-001,V2
881,881,M-UAV-01,M600,31.3105089,120.6037945,30.5,AVAILABLE,,
881,881,M-UAV-02,M600,31.3062683,120.6025389,30.5,CONTINGENCY,,
882,882,EVTOL-01,EC35,31.3056869,120.6036681,199.9,BUSY,M-P-001,V1
882,882,L-UAV-01,AMZN,31.3041799,120.6000679,100.0,BUSY,M-L-001,V2
882,882,M-UAV-01,M600,31.3105089,120.6037945,30.5,AVAILABLE,,
882,882,M-UAV-02,M600,31.3062683,120.6025389,30.5,CONTINGENCY,,
883,883,EVTOL-01,EC35,31.3060496,120.6036903,199.9,BUSY,M-P-001,V1
883,883,L-UAV-01,AMZN,31.3040606,120.5999924,100.0,BUSY,M-L-001,V2
883,883,M-UAV-01,M600,31.3105089,120.6037945,30.5,AVAILABLE,,
883,883,M-UAV-02,M600,31.3062683,120.6025389,30.5,CONTINGENCY,,
884,884,EVTOL-01,EC35,31.3064123,120.6037125,199.9,BUSY,M-P-001,V1
884,884,L-UAV-01,AMZN,31.3039414,120.5999169,100.0,BUSY,M-L-001,V2
884,884,M-UAV-01,M600,31.3105089,120.6037945,30.5,AVAILABLE,,
884,884,M-UAV-02,M600,31.3062683,120.6025389,30.5,CONTINGENCY,,
885,885,EVTOL-01,EC35,31.3067750,120.6037348,199.9,BUSY,M-P-001,V1
885,885,L-UAV-01,AMZN,31.3038222,120.5998415,100.0,BUSY,M-L-001,V2
885,885,M-UAV-01,M600,31.3105089,120.6037945,30.5,AVAILABLE,,
885,885,M-UAV-02,M600,31.3062683,120.6025389,30.5,CONTINGENCY,,
886,886,EVTOL-01,EC35,31.3071377,120.6037570,199.9,BUSY,M-P-001,V1
886,886,L-UAV-01,AMZN,31.3037030,120.5997660,100.0,BUSY,M-L-001,V2
886,886,M-UAV-01,M600,31.3105089,120.6037945,30.5,AVAILABLE,,
886,886,M-UAV-02,M600,31.3062683,120.6025389,30.5,CONTINGENCY,,
887,887,EVTOL-01,EC35,31.3075004,120.6037792,199.9,BUSY,M-P-001,V1
887,887,L-UAV-01,AMZN,31.3035837,120.5996905,100.0,BUSY,M-L-001,V2
887,887,M-UAV-01,M600,31.3105089,120.6037945,30.5,AVAILABLE,,
887,887,M-UAV-02,M600,31.3062683,120.6025389,30.5,CONTINGENCY,,
888,888,EVTOL-01,EC35,31.3078631,120.6038015,199.9,BUSY,M-P-001,V1
888,888,L-UAV-01,AMZN,31.3034645,120.5996151,100.0,BUSY,M-L-001,V2
888,888,M-UAV-01,M600,31.3105089,120.6037945,30.5,AVAILABLE,,
888,888,M-UAV-02,M600,31.3062683,120.6025389,30.5,CONTINGENCY,,
889,889,EVTOL-01,EC35,31.3082258,120.6038237,199.9,BUSY,M-P-001,V1
889,889,L-UAV-01,AMZN,31.3033453,120.5995396,100.0,BUSY,M-L-001,V2
889,889,M-UAV-01,M600,31.3105089,120.6037945,30.5,AVAILABLE,,
889,889,M-UAV-02,M600,31.3062683,120.6025389,30.5,CONTINGENCY,,
890,890,EVTOL-01,EC35,31.3085885,120.6038459,199.9,BUSY,M-P-001,V1
890,890,L-UAV-01,AMZN,31.3032260,120.5994641,100.0,BUSY,M-L-001,V2
890,890,M-UAV-01,M600,31.3105089,120.6037945,30.5,AVAILABLE,,
890,890,M-UAV-02,M600,31.3062683,120.6025389,30.5,CONTINGENCY,,
891,891,EVTOL-01,EC35,31.3089512,120.6038681,199.9,BUSY,M-P-001,V1
891,891,L-UAV-01,AMZN,31.3031068,120.5993887,100.0,BUSY,M-L-001,V2
891,891,M-UAV-01,M600,31.3105089,120.6037945,30.5,AVAILABLE,,
891,891,M-UAV-02,M600,31.3062683,120.6025389,30.5,CONTINGENCY,,
892,892,EVTOL-01,EC35,31.3093139,120.6038904,199.9,BUSY,M-P-001,V1
892,892,L-UAV-01,AMZN,31.3029876,120.5993132,100.0,BUSY,M-L-001,V2
892,892,M-UAV-01,M600,31.3105089,120.6037945,30.5,AVAILABLE,,
892,892,M-UAV-02,M600,31.3062683,120.6025389,30.5,CONTINGENCY,,
893,893,EVTOL-01,EC35,31.3096766,120.6039126,199.9,BUSY,M-P-001,V1
893,893,L-UAV-01,AMZN,31.3028684,120.5992378,100.0,BUSY,M-L-001,V2
893,893,M-UAV-01,M600,31.3105089,120.6037945,30.5,AVAILABLE,,
893,893,M-UAV-02,M600,31.3062683,120.6025389,30.5,CONTINGENCY,,
894,894,EVTOL-01,EC35,31.3100392,120.6039348,199.9,BUSY,M-P-001,V2
894,894,L-UAV-01,AMZN,31.3027491,120.5991623,100.0,BUSY,M-L-001,V2
894,894,M-UAV-01,M600,31.3105089,120.6037945,30.5,AVAILABLE,,
894,894,M-UAV-02,M600,31.3062683,120.6025389,30.5,CONTINGENCY,,
895,895,EVTOL-01,EC35,31.3104018,120.6039089,199.9,BUSY,M-P-001,V2
895,895,L-UAV-01,AMZN,31.3026299,120.5990868,100.0,BUSY,M-L-001,V2
895,895,M-UAV-01,M600,31.3105089,120.6037945,30.5,AVAILABLE,,
895,895,M-UAV-02,M600,31.3062683,120.6025389,30.5,CONTINGENCY,,
896,896,EVTOL-01,EC35,31.3107595,120.6038353,199.9,BUSY,M-P-001,V2
896,896,L-UAV-01,AMZN,31.3025107,120.5990114,100.0,BUSY,M-L-001,V2
896,896,M-UAV-01,M600,31.3105089,120.6037945,30.5,AVAILABLE,,
896,896,M-UAV-02,M600,31.3062683,120.6025389,30.5,CONTINGENCY,,
897,897,EVTOL-01,EC35,31.3111078,120.6037148,199.9,BUSY,M-P-001,V2
897,897,L-UAV-01,AMZN,31.3023914,120.5989359,100.0,BUSY,M-L-001,V2
897,897,M-UAV-01,M600,31.3105089,120.6037945,30.5,AVAILABLE,,
897,897,M-UAV-02,M600,31.3062683,120.6025389,30.5,CONTINGENCY,,
898,898,EVTOL-01,EC35,31.3114422,120.6035490,199.9,BUSY,M-P-001,V2
898,898,L-UAV-01,AMZN,31.3022722,120.5988604,100.0,BUSY,M-L-001,V2
898,898,M-UAV-01,M600,31.3105089,120.6037945,30.5,AVAILABLE,,
898,898,M-UAV-02,M600,31.3062683,120.6025389,30.5,CONTINGENCY,,
899,899,EVTOL-01,EC35,31.3117585,120.6033401,199.9,BUSY,M-P-001,V2
899,899,L-UAV-01,AMZN,31.3021530,120.5987850,100.0,BUSY,M-L-001,V2
899,899,M-UAV-01,M600,31.3105089,120.6037945,30.5,AVAILABLE,,
899,899,M-UAV-02,M600,31.3062683,120.6025389,30.5,CONTINGENCY,,
900,900,EVTOL-01,EC35,31.3120526,120.6030906,199.9,BUSY,M-P-001,V2
900,900,L-UAV-01,AMZN,31.3020337,120.5987095,100.0,BUSY,M-L-001,V2
900,900,M-UAV-01,M600,31.3105089,120.6037945,30.5,AVAILABLE,,
900,900,M-UAV-02,M600,31.3062683,120.6025389,30.5,CONTINGENCY,,
