t,sim_time_s,aircraft_id,type,lat,lon,alt_m,status,mission_id,dest
1,1,EVTOL-01,EC35,31.3019027,120.5985161,199.9,BUSY,M-P-001,V1
1,1,L-UAV-01,AMZN,31.3008083,120.5983935,100.0,BUSY,M-L-001,V3
1,1,M-UAV-01,M600,31.3108767,120.6039862,98.5,AVAILABLE,,
1,1,M-UAV-02,M600,31.2971716,120.5956323,98.5,AVAILABLE,,
2,2,EVTOL-01,EC35,31.3022250,120.5987125,199.9,BUSY,M-P-001,V1
2,2,L-UAV-01,AMZN,31.3009222,120.5984799,100.0,BUSY,M-L-001,V3
2,2,M-UAV-01,M600,31.3108767,120.6039862,95.4,AVAILABLE,,
2,2,M-UAV-02,M600,31.2971716,120.5956323,95.4,AVAILABLE,,
3,3,EVTOL-01,EC35,31.3025473,120.5989090,199.9,BUSY,M-P-001,V1
3,3,L-UAV-01,AMZN,31.3010360,120.5985664,100.0,BUSY,M-L-001,V3
3,3,M-UAV-01,M600,31.3108767,120.6039862,90.8,AVAILABLE,,
3,3,M-UAV-02,M600,31.2971716,120.5956323,90.8,AVAILABLE,,
4,4,EVTOL-01,EC35,31.3028696,120.5991054,199.9,BUSY,M-P-001,V1
4,4,L-UAV-01,AMZN,31.3011499,120.5986528,100.0,BUSY,M-L-001,V3
4,4,M-UAV-01,M600,31.3108767,120.6039862,84.7,AVAILABLE,,
4,4,M-UAV-02,M600,31.2971716,120.5956323,84.7,AVAILABLE,,
5,5,EVTOL-01,EC35,31.3031919,120.5993019,199.9,BUSY,M-P-001,V1
5,5,L-UAV-01,AMZN,31.3012638,120.5987393,100.0,BUSY,M-L-001,V3
5,5,M-UAV-01,M600,31.3108767,120.6039862,77.1,AVAILABLE,,
5,5,M-UAV-02,M600,31.2971716,120.5956323,77.1,AVAILABLE,,
6,6,EVTOL-01,EC35,31.3035143,120.5994983,199.9,BUSY,M-P-001,V1
6,6,L-UAV-01,AMZN,31.3013777,120.5988258,100.0,BUSY,M-L-001,V3
6,6,M-UAV-01,M600,31.3108767,120.6039862,69.5,AVAILABLE,,
6,6,M-UAV-02,M600,31.2971716,120.5956323,69.5,AVAILABLE,,
7,7,EVTOL-01,EC35,31.3038366,120.5996948,199.9,BUSY,M-P-001,V1
7,7,L-UAV-01,AMZN,31.3014916,120.5989122,100.0,BUSY,M-L-001,V3
7,7,M-UAV-01,M600,31.3108767,120.6039862,61.9,AVAILABLE,,
7,7,M-UAV-02,M600,31.2971716,120.5956323,61.9,AVAILABLE,,
8,8,EVTOL-01,EC35,31.3041589,120.5998913,199.9,BUSY,M-P-001,V1
8,8,L-UAV-01,AMZN,31.3016054,120.5989987,100.0,BUSY,M-L-001,V3
8,8,M-UAV-01,M600,31.3108767,120.6039862,54.3,AVAILABLE,,
8,8,M-UAV-02,M600,31.2971716,120.5956323,54.3,AVAILABLE,,
9,9,EVTOL-01,EC35,31.3044812,120.6000877,199.9,BUSY,M-P-001,V1
9,9,L-UAV-01,AMZN,31.3017193,120.5990851,100.0,BUSY,M-L-001,V3
9,9,M-UAV-01,M600,31.3108767,120.6039862,46.6,AVAILABLE,,
9,9,M-UAV-02,M600,31.2971716,120.5956323,46.6,AVAILABLE,,
10,10,EVTOL-01,EC35,31.3048035,120.6002842,199.9,BUSY,M-P-001,V1
10,10,L-UAV-01,AMZN,31.3018332,120.5991716,100.0,BUSY,M-L-001,V3
10,10,M-UAV-01,M600,31.3108767,120.6039862,39.0,AVAILABLE,,
10,10,M-UAV-02,M600,31.2971716,120.5956323,39.0,AVAILABLE,,
11,11,EVTOL-01,EC35,31.3051259,120.6004806,199.9,BUSY,M-P-001,V1
11,11,L-UAV-01,AMZN,31.3019471,120.5992581,100.0,BUSY,M-L-001,V3
11,11,M-UAV-01,M600,31.3108767,120.6039862,31.4,AVAILABLE,,
11,11,M-UAV-02,M600,31.2971716,120.5956323,31.4,AVAILABLE,,
12,12,EVTOL-01,EC35,31.3054482,120.6006771,199.9,BUSY,M-P-001,V1
12,12,L-UAV-01,AMZN,31.3020610,120.5993445,100.0,BUSY,M-L-001,V3
12,12,M-UAV-01,M600,31.3108767,120.6039862,30.5,AVAILABLE,,
12,12,M-UAV-02,M600,31.2971716,120.5956323,30.5,AVAILABLE,,
13,13,EVTOL-01,EC35,31.3057705,120.6008735,199.9,BUSY,M-P-001,V1
13,13,L-UAV-01,AMZN,31.3021749,120.5994310,100.0,BUSY,M-L-001,V3
13,13,M-UAV-01,M600,31.3108767,120.6039862,30.5,AVAILABLE,,
13,13,M-UAV-02,M600,31.2971716,120.5956323,30.5,AVAILABLE,,
14,14,EVTOL-01,EC35,31.3060928,120.6010700,199.9,BUSY,M-P-001,V1
14,14,L-UAV-01,AMZN,31.3022887,120.5995174,100.0,BUSY,M-L-001,V3
14,14,M-UAV-01,M600,31.3108767,120.6039862,30.5,AVAILABLE,,
14,14,M-UAV-02,M600,31.2971716,120.5956323,30.5,AVAILABLE,,
15,15,EVTOL-01,EC35,31.3064151,120.6012665,199.9,BUSY,M-P-001,V1
15,15,L-UAV-01,AMZN,31.3024026,120.5996039,100.0,BUSY,M-L-001,V3
15,15,M-UAV-01,M600,31.3108767,120.6039862,30.5,AVAILABLE,,
15,15,M-UAV-02,M600,31.2971716,120.5956323,30.5,AVAILABLE,,
16,16,EVTOL-01,EC35,31.3067374,120.6014629,199.9,BUSY,M-P-001,V1
16,16,L-UAV-01,AMZN,31.3025165,120.5996904,100.0,BUSY,M-L-001,V3
16,16,M-UAV-01,M600,31.3108767,120.6039862,30.5,AVAILABLE,,
16,16,M-UAV-02,M600,31.2971716,120.5956323,30.5,AVAILABLE,,
17,17,EVTOL-01,EC35,31.3070598,120.6016594,199.9,BUSY,M-P-001,V1
17,17,L-UAV-01,AMZN,31.3026304,120.5997768,100.0,BUSY,M-L-001,V3
17,17,M-UAV-01,M600,31.3108767,120.6039862,30.5,AVAILABLE,,
17,17,M-UAV-02,M600,31.2971716,120.5956323,30.5,AVAILABLE,,
18,18,EVTOL-01,EC35,31.3073821,120.6018559,199.9,BUSY,M-P-001,V1
18,18,L-UAV-01,AMZN,31.3027443,120.5998633,100.0,BUSY,M-L-001,V3
18,18,M-UAV-01,M600,31.3108767,120.6039862,30.5,AVAILABLE,,
18,18,M-UAV-02,M600,31.2971716,120.5956323,30.5,AVAILABLE,,
19,19,EVTOL-01,EC35,31.3077044,120.6020523,199.9,BUSY,M-P-001,V1
19,19,L-UAV-01,AMZN,31.3028581,120.5999498,100.0,BUSY,M-L-001,V3
19,19,M-UAV-01,M600,31.3108767,120.6039862,30.5,AVAILABLE,,
19,19,M-UAV-02,M600,31.2971716,120.5956323,30.5,AVAILABLE,,
20,20,EVTOL-01,EC35,31.3080267,120.6022488,199.9,BUSY,M-P-001,V1
20,20,L-UAV-01,AMZN,31.3029720,120.6000362,100.0,BUSY,M-L-001,V3
20,20,M-UAV-01,M600,31.3108767,120.6039862,30.5,AVAILABLE,,
20,20,M-UAV-02,M600,31.2971716,120.5956323,30.5,AVAILABLE,,
21,21,EVTOL-01,EC35,31.3083490,120.6024453,199.9,BUSY,M-P-001,V1
21,21,L-UAV-01,AMZN,31.3030859,120.6001227,100.0,BUSY,M-L-001,V3
21,21,M-UAV-01,M600,31.3108767,120.6039862,30.5,AVAILABLE,,
21,21,M-UAV-02,M600,31.2971716,120.5956323,30.5,AVAILABLE,,
22,22,EVTOL-01,EC35,31.3086713,120.6026418,199.9,BUSY,M-P-001,V1
22,22,L-UAV-01,AMZN,31.3031998,120.6002091,100.0,BUSY,M-L-001,V3
22,22,M-UAV-01,M600,31.3108767,120.6039862,30.5,AVAILABLE,,
22,22,M-UAV-02,M600,31.2971716,120.5956323,30.5,AVAILABLE,,
23,23,EVTOL-01,EC35,31.3089936,120.6028382,199.9,BUSY,M-P-001,V1
23,23,L-UAV-01,AMZN,31.3033137,120.6002956,100.0,BUSY,M-L-001,V3
23,23,M-UAV-01,M600,31.3108767,120.6039862,30.5,AVAILABLE,,
23,23,M-UAV-02,M600,31.2971716,120.5956323,30.5,AVAILABLE,,
24,24,EVTOL-01,EC35,31.3093160,120.6030347,199.9,BUSY,M-P-001,V1
24,24,L-UAV-01,AMZN,31.3034275,120.6003821,100.0,BUSY,M-L-001,V3
24,24,M-UAV-01,M600,31.3108767,120.6039862,30.5,AVAILABLE,,
24,24,M-UAV-02,M600,31.2971716,120.5956323,30.5,AVAILABLE,,
25,25,EVTOL-01,EC35,31.3096383,120.6032312,199.9,BUSY,M-P-001,V1
25,25,L-UAV-01,AMZN,31.3035414,120.6004685,100.0,BUSY,M-L-001,V3
25,25,M-UAV-01,M600,31.3108767,120.6039862,30.5,AVAILABLE,,
25,25,M-UAV-02,M600,31.2971716,120.5956323,30.5,AVAILABLE,,
26,26,EVTOL-01,EC35,31.3099606,120.6034277,199.9,BUSY,M-P-001,V1
26,26,L-UAV-01,AMZN,31.3036553,120.6005550,100.0,BUSY,M-L-001,V3
26,26,M-UAV-01,M600,31.3108767,120.6039862,30.5,AVAILABLE,,
26,26,M-UAV-02,M600,31.2971716,120.5956323,30.5,AVAILABLE,,
27,27,EVTOL-01,EC35,31.3102829,120.6036242,199.9,BUSY,M-P-001,V2
27,27,L-UAV-01,AMZN,31.3037692,120.6006415,100.0,BUSY,M-L-001,V3
27,27,M-UAV-01,M600,31.3108767,120.6039862,30.5,AVAILABLE,,
27,27,M-UAV-02,M600,31.2971716,120.5956323,30.5,AVAILABLE,,
28,28,EVTOL-01,EC35,31.3106219,120.6037767,199.9,BUSY,M-P-001,V2
28,28,L-UAV-01,AMZN,31.3038831,120.6007279,100.0,BUSY,M-L-001,V3
28,28,M-UAV-01,M600,31.3108767,120.6039862,30.5,AVAILABLE,,
28,28,M-UAV-02,M600,31.2971716,120.5956323,30.5,AVAILABLE,,
29,29,EVTOL-01,EC35,31.3109735,120.6038834,199.9,BUSY,M-P-001,V2
29,29,L-UAV-01,AMZN,31.3039969,120.6008144,100.0,BUSY,M-L-001,V3
29,29,M-UAV-01,M600,31.3108767,120.6039862,30.5,AVAILABLE,,
29,29,M-UAV-02,M600,31.2971716,120.5956323,30.5,AVAILABLE,,
30,30,EVTOL-01,EC35,31.3113331,120.6039429,199.9,BUSY,M-P-001,V2
30,30,L-UAV-01,AMZN,31.3041108,120.6009008,100.0,BUSY,M-L-001,V3
30,30,M-UAV-01,M600,31.3108767,120.6039862,30.5,AVAILABLE,,
30,30,M-UAV-02,M600,31.2971716,120.5956323,30.5,AVAILABLE,,
31,31,EVTOL-01,EC35,31.3116961,120.6039544,199.9,BUSY,M-P-001,V2
31,31,L-UAV-01,AMZN,31.3042247,120.6009873,100.0,BUSY,M-L-001,V3
31,31,M-UAV-01,M600,31.3108767,120.6039862,30.5,AVAILABLE,,
31,31,M-UAV-02,M600,31.2971716,120.5956323,30.5,AVAILABLE,,
32,32,EVTOL-01,EC35,31.3120580,120.6039179,199.9,BUSY,M-P-001,V2
32,32,L-UAV-01,AMZN,31.3043386,120.6010738,100.0,BUSY,M-L-001,V3
32,32,M-UAV-01,M600,31.3108767,120.6039862,30.5,AVAILABLE,,
32,32,M-UAV-02,M600,31.2971716,120.5956323,30.5,AVAILABLE,,
33,33,EVTOL-01,EC35,31.3124140,120.6038338,199.9,BUSY,M-P-001,V2
33,33,L-UAV-01,AMZN,31.3044525,120.6011602,100.0,BUSY,M-L-001,V3
33,33,M-UAV-01,M600,31.3108767,120.6039862,30.5,AVAILABLE,,
33,33,M-UAV-02,M600,31.2971716,120.5956323,30.5,AVAILABLE,,
34,34,EVTOL-01,EC35,31.3127596,120.6037031,199.9,BUSY,M-P-001,V2
34,34,L-UAV-01,AMZN,31.3045664,120.6012467,100.0,BUSY,M-L-001,V3
34,34,M-UAV-01,M600,31.3108767,120.6039862,30.5,AVAILABLE,,
34,34,M-UAV-02,M600,31.2971716,120.5956323,30.5,AVAILABLE,,
35,35,EVTOL-01,EC35,31.3130904,120.6035276,199.9,BUSY,M-P-001,V2
35,35,L-UAV-01,AMZN,31.3046802,120.6013332,100.0,BUSY,M-L-001,V3
35,35,M-UAV-01,M600,31.3108767,120.6039862,30.5,AVAILABLE,,
35,35,M-UAV-02,M600,31.2971716,120.5956323,30.5,AVAILABLE,,
36,36,EVTOL-01,EC35,31.3134021,120.6033094,199.9,BUSY,M-P-001,V2
36,36,L-UAV-01,AMZN,31.3047941,120.6014196,100.0,BUSY,M-L-001,V3
36,36,M-UAV-01,M600,31.3108767,120.6039862,30.5,AVAILABLE,,
36,36,M-UAV-02,M600,31.2971716,120.5956323,30.5,AVAILABLE,,
37,37,EVTOL-01,EC35,31.3136907,120.6030514,199.9,BUSY,M-P-001,V2
37,37,L-UAV-01,AMZN,31.3049080,120.6015061,100.0,BUSY,M-L-001,V3
37,37,M-UAV-01,M600,31.3108767,120.6039862,30.5,AVAILABLE,,
37,37,M-UAV-02,M600,31.2971716,120.5956323,30.5,AVAILABLE,,
38,38,EVTOL-01,EC35,31.3139526,120.6027568,199.9,BUSY,M-P-001,V2
38,38,L-UAV-01,AMZN,31.3050219,120.6015926,100.0,BUSY,M-L-001,V3
38,38,M-UAV-01,M600,31.3108767,120.6039862,30.5,AVAILABLE,,
38,38,M-UAV-02,M600,31.2971716,120.5956323,30.5,AVAILABLE,,
39,39,EVTOL-01,EC35,31.3141844,120.6024295,199.9,BUSY,M-P-001,V2
39,39,L-UAV-01,AMZN,31.3051358,120.6016790,100.0,BUSY,M-L-001,V3
39,39,M-UAV-01,M600,31.3108767,120.6039862,30.5,AVAILABLE,,
39,39,M-UAV-02,M600,31.2971716,120.5956323,30.5,AVAILABLE,,
40,40,EVTOL-01,EC35,31.3143831,120.6020737,199.9,BUSY,M-P-001,V2
40,40,L-UAV-01,AMZN,31.3052496,120.6017655,100.0,BUSY,M-L-001,V3
40,40,M-UAV-01,M600,31.3108767,120.6039862,30.5,AVAILABLE,,
40,40,M-UAV-02,M600,31.2971716,120.5956323,30.5,AVAILABLE,,
41,41,EVTOL-01,EC35,31.3145462,120.6016939,199.9,BUSY,M-P-001,V2
41,41,L-UAV-01,AMZN,31.3053635,120.6018520,100.0,BUSY,M-L-001,V3
41,41,M-UAV-01,M600,31.3108767,120.6039862,30.5,AVAILABLE,,
41,41,M-UAV-02,M600,31.2971716,120.5956323,30.5,AVAILABLE,,
42,42,EVTOL-01,EC35,31.3146716,120.6012949,199.9,BUSY,M-P-001,V2
42,42,L-UAV-01,AMZN,31.3054774,120.6019384,100.0,BUSY,M-L-001,V3
42,42,M-UAV-01,M600,31.3108767,120.6039862,30.5,AVAILABLE,,
42,42,M-UAV-02,M600,31.2971716,120.5956323,30.5,AVAILABLE,,
43,43,EVTOL-01,EC35,31.3147577,120.6008819,199.9,BUSY,M-P-001,V2
43,43,L-UAV-01,AMZN,31.3055913,120.6020249,100.0,BUSY,M-L-001,V3
43,43,M-UAV-01,M600,31.3108767,120.6039862,30.5,AVAILABLE,,
43,43,M-UAV-02,M600,31.2971716,120.5956323,30.5,AVAILABLE,,
44,44,EVTOL-01,EC35,31.3148033,120.6004601,199.9,BUSY,M-P-001,V2
44,44,L-UAV-01,AMZN,31.3057052,120.6021114,100.0,BUSY,M-L-001,V3
44,44,M-UAV-01,M600,31.3108767,120.6039862,30.5,AVAILABLE,,
44,44,M-UAV-02,M600,31.2971716,120.5956323,30.5,AVAILABLE,,
45,45,EVTOL-01,EC35,31.3148079,120.6000350,199.9,BUSY,M-P-001,V2
45,45,L-UAV-01,AMZN,31.3058190,120.6021978,100.0,BUSY,M-L-001,V2
45,45,M-UAV-01,M600,31.3108767,120.6039862,30.5,AVAILABLE,,
45,45,M-UAV-02,M600,31.2971716,120.5956323,30.5,AVAILABLE,,
46,46,EVTOL-01,EC35,31.3147715,120.5996120,199.9,BUSY,M-P-001,V2
46,46,L-UAV-01,AMZN,31.3059496,120.6022405,100.0,BUSY,M-L-001,V2
46,46,M-UAV-01,M600,31.3108767,120.6039862,30.5,AVAILABLE,,
46,46,M-UAV-02,M600,31.2971716,120.5956323,30.5,AVAILABLE,,
47,47,EVTOL-01,EC35,31.3146945,120.5991966,199.9,BUSY,M-P-001,V2
47,47,L-UAV-01,AMZN,31.3060851,120.6022355,100.0,BUSY,M-L-001,V2
47,47,M-UAV-01,M600,31.3108767,120.6039862,30.5,AVAILABLE,,
47,47,M-UAV-02,M600,31.2971716,120.5956323,30.5,AVAILABLE,,
48,48,EVTOL-01,EC35,31.3145778,120.5987940,199.9,BUSY,M-P-001,V2
48,48,L-UAV-01,AMZN,31.3062131,120.6021834,100.0,BUSY,M-L-001,V2
48,48,M-UAV-01,M600,31.3108767,120.6039862,30.5,AVAILABLE,,
48,48,M-UAV-02,M600,31.2971716,120.5956323,30.5,AVAILABLE,,
49,49,EVTOL-01,EC35,31.3144231,120.5984094,199.9,BUSY,M-P-001,V2
49,49,L-UAV-01,AMZN,31.3063220,120.6020889,100.0,BUSY,M-L-001,V2
49,49,M-UAV-01,M600,31.3108767,120.6039862,30.5,AVAILABLE,,
49,49,M-UAV-02,M600,31.2971716,120.5956323,30.5,AVAILABLE,,
50,50,EVTOL-01,EC35,31.3142322,120.5980477,199.9,BUSY,M-P-001,V2
50,50,L-UAV-01,AMZN,31.3064017,120.6019606,100.0,BUSY,M-L-001,V2
50,50,M-UAV-01,M600,31.3108767,120.6039862,30.5,AVAILABLE,,
50,50,M-UAV-02,M600,31.2971716,120.5956323,30.5,AVAILABLE,,
51,51,EVTOL-01,EC35,31.3140076,120.5977136,199.9,BUSY,M-P-001,V2
51,51,L-UAV-01,AMZN,31.3064451,120.6018103,100.0,BUSY,M-L-001,V2
51,51,M-UAV-01,M600,31.3108767,120.6039862,30.5,AVAILABLE,,
51,51,M-UAV-02,M600,31.2971716,120.5956323,30.5,AVAILABLE,,
52,52,EVTOL-01,EC35,31.3137522,120.5974114,199.9,BUSY,M-P-001,V2
52,52,L-UAV-01,AMZN,31.3064482,120.6016517,100.0,BUSY,M-L-001,V2
52,52,M-UAV-01,M600,31.3108767,120.6039862,30.5,AVAILABLE,,
52,52,M-UAV-02,M600,31.2971716,120.5956323,30.5,AVAILABLE,,
53,53,EVTOL-01,EC35,31.3134693,120.5971448,199.9,BUSY,M-P-001,V2
53,53,L-UAV-01,AMZN,31.3064106,120.6014993,100.0,BUSY,M-L-001,V2
53,53,M-UAV-01,M600,31.3108767,120.6039862,30.5,AVAILABLE,,
53,53,M-UAV-02,M600,31.2971716,120.5956323,30.5,AVAILABLE,,
54,54,EVTOL-01,EC35,31.3131624,120.5969174,199.9,BUSY,M-P-001,V2
54,54,L-UAV-01,AMZN,31.3063358,120.6013670,100.0,BUSY,M-L-001,V2
54,54,M-UAV-01,M600,31.3108767,120.6039862,30.5,AVAILABLE,,
54,54,M-UAV-02,M600,31.2971716,120.5956323,30.5,AVAILABLE,,
55,55,EVTOL-01,EC35,31.3128356,120.5967320,199.9,BUSY,M-P-001,V2
55,55,L-UAV-01,AMZN,31.3062307,120.6012668,100.0,BUSY,M-L-001,V2
55,55,M-UAV-01,M600,31.3108767,120.6039862,30.5,AVAILABLE,,
55,55,M-UAV-02,M600,31.2971716,120.5956323,30.5,AVAILABLE,,
56,56,EVTOL-01,EC35,31.3124930,120.5965911,199.9,BUSY,M-P-001,V2
56,56,L-UAV-01,AMZN,31.3061110,120.6011924,100.0,BUSY,M-L-001,V2
56,56,M-UAV-01,M600,31.3108767,120.6039862,30.5,AVAILABLE,,
56,56,M-UAV-02,M600,31.2971716,120.5956323,30.5,AVAILABLE,,
57,57,EVTOL-01,EC35,31.3121389,120.5964963,199.9,BUSY,M-P-001,V2
57,57,L-UAV-01,AMZN,31.3059913,120.6011179,100.0,BUSY,M-L-001,V2
57,57,M-UAV-01,M600,31.3108767,120.6039862,30.5,AVAILABLE,,
57,57,M-UAV-02,M600,31.2971716,120.5956323,30.5,AVAILABLE,,
58,58,EVTOL-01,EC35,31.3117780,120.5964490,199.9,BUSY,M-P-001,V2
58,58,L-UAV-01,AMZN,31.3058716,120.6010435,100.0,BUSY,M-L-001,V2
58,58,M-UAV-01,M600,31.3108767,120.6039862,30.5,AVAILABLE,,
58,58,M-UAV-02,M600,31.2971716,120.5956323,30.5,AVAILABLE,,
59,59,EVTOL-01,EC35,31.3114152,120.5964287,199.9,BUSY,M-P-001,V2
59,59,L-UAV-01,AMZN,31.3057519,120.6009690,100.0,BUSY,M-L-001,V2
59,59,M-UAV-01,M600,31.3108767,120.6039862,30.5,AVAILABLE,,
59,59,M-UAV-02,M600,31.2971716,120.5956323,30.5,AVAILABLE,,
60,60,EVTOL-01,EC35,31.3110524,120.5964084,199.9,BUSY,M-P-001,V2
60,60,L-UAV-01,AMZN,31.3056322,120.6008946,100.0,BUSY,M-L-001,V2
60,60,M-UAV-01,M600,31.3108767,120.6039862,30.5,AVAILABLE,,
60,60,M-UAV-02,M600,31.2971716,120.5956323,30.5,AVAILABLE,,
61,61,EVTOL-01,EC35,31.3106896,120.5963882,199.9,BUSY,M-P-001,V2
61,61,L-UAV-01,AMZN,31.3055125,120.6008201,100.0,BUSY,M-L-001,V2
61,61,M-UAV-01,M600,31.3108767,120.6039862,30.5,AVAILABLE,,
61,61,M-UAV-02,M600,31.2971716,120.5956323,30.5,AVAILABLE,,
62,62,EVTOL-01,EC35,31.3103269,120.5963679,199.9,BUSY,M-P-001,V2
62,62,L-UAV-01,AMZN,31.3053928,120.6007457,100.0,BUSY,M-L-001,V2
62,62,M-UAV-01,M600,31.3108767,120.6039862,30.5,AVAILABLE,,
62,62,M-UAV-02,M600,31.2971716,120.5956323,30.5,AVAILABLE,,
63,63,EVTOL-01,EC35,31.3099641,120.5963476,199.9,BUSY,M-P-001,V2
63,63,L-UAV-01,AMZN,31.3052732,120.6006712,100.0,BUSY,M-L-001,V2
63,63,M-UAV-01,M600,31.3108767,120.6039862,30.5,AVAILABLE,,
63,63,M-UAV-02,M600,31.2971716,120.5956323,30.5,AVAILABLE,,
64,64,EVTOL-01,EC35,31.3096013,120.5963273,199.9,BUSY,M-P-001,V2
64,64,L-UAV-01,AMZN,31.3051535,120.6005968,100.0,BUSY,M-L-001,V2
64,64,M-UAV-01,M600,31.3108767,120.6039862,30.5,AVAILABLE,,
64,64,M-UAV-02,M600,31.2971716,120.5956323,30.5,AVAILABLE,,
65,65,EVTOL-01,EC35,31.3092385,120.5963070,199.9,BUSY,M-P-001,V2
65,65,L-UAV-01,AMZN,31.3050338,120.6005223,100.0,BUSY,M-L-001,V2
65,65,M-UAV-01,M600,31.3108767,120.6039862,30.5,AVAILABLE,,
65,65,M-UAV-02,M600,31.2971716,120.5956323,30.5,AVAILABLE,,
66,66,EVTOL-01,EC35,31.3088758,120.5962867,199.9,BUSY,M-P-001,V2
66,66,L-UAV-01,AMZN,31.3049141,120.6004479,100.0,BUSY,M-L-001,V2
66,66,M-UAV-01,M600,31.3108767,120.6039862,30.5,AVAILABLE,,
66,66,M-UAV-02,M600,31.2971716,120.5956323,30.5,AVAILABLE,,
67,67,EVTOL-01,EC35,31.3085130,120.5962664,199.9,BUSY,M-P-001,V2
67,67,L-UAV-01,AMZN,31.3047944,120.6003734,100.0,BUSY,M-L-001,V2
67,67,M-UAV-01,M600,31.3108767,120.6039862,30.5,AVAILABLE,,
67,67,M-UAV-02,M600,31.2971716,120.5956323,30.5,AVAILABLE,,
68,68,EVTOL-01,EC35,31.3081502,120.5962462,199.9,BUSY,M-P-001,V2
68,68,L-UAV-01,AMZN,31.3046747,120.6002990,100.0,BUSY,M-L-001,V2
68,68,M-UAV-01,M600,31.3108767,120.6039862,30.5,AVAILABLE,,
68,68,M-UAV-02,M600,31.2971716,120.5956323,30.5,AVAILABLE,,
69,69,EVTOL-01,EC35,31.3077874,120.5962259,199.9,BUSY,M-P-001,V2
69,69,L-UAV-01,AMZN,31.3045550,120.6002245,100.0,BUSY,M-L-001,V2
69,69,M-UAV-01,M600,31.3108767,120.6039862,30.5,AVAILABLE,,
69,69,M-UAV-02,M600,31.2971716,120.5956323,30.5,AVAILABLE,,
70,70,EVTOL-01,EC35,31.3074247,120.5962056,199.9,BUSY,M-P-001,V2
70,70,L-UAV-01,AMZN,31.3044353,120.6001500,100.0,BUSY,M-L-001,V2
70,70,M-UAV-01,M600,31.3108767,120.6039862,30.5,AVAILABLE,,
70,70,M-UAV-02,M600,31.2971716,120.5956323,30.5,AVAILABLE,,
71,71,EVTOL-01,EC35,31.3070619,120.5961853,199.9,BUSY,M-P-001,V2
71,71,L-UAV-01,AMZN,31.3043156,120.6000756,100.0,BUSY,M-L-001,V2
71,71,M-UAV-01,M600,31.3108767,120.6039862,30.5,AVAILABLE,,
71,71,M-UAV-02,M600,31.2971716,120.5956323,30.5,AVAILABLE,,
72,72,EVTOL-01,EC35,31.3066991,120.5961650,199.9,BUSY,M-P-001,V2
72,72,L-UAV-01,AMZN,31.3041959,120.6000011,100.0,BUSY,M-L-001,V2
72,72,M-UAV-01,M600,31.3108767,120.6039862,30.5,AVAILABLE,,
72,72,M-UAV-02,M600,31.2971716,120.5956323,30.5,AVAILABLE,,
73,73,EVTOL-01,EC35,31.3063363,120.5961447,199.9,BUSY,M-P-001,V2
73,73,L-UAV-01,AMZN,31.3040762,120.5999267,100.0,BUSY,M-L-001,V2
73,73,M-UAV-01,M600,31.3108767,120.6039862,30.5,AVAILABLE,,
73,73,M-UAV-02,M600,31.2971716,120.5956323,30.5,AVAILABLE,,
74,74,EVTOL-01,EC35,31.3059736,120.5961244,199.9,BUSY,M-P-001,V2
74,74,L-UAV-01,AMZN,31.3039565,120.5998522,100.0,BUSY,M-L-001,V2
74,74,M-UAV-01,M600,31.3108767,120.6039862,30.5,AVAILABLE,,
74,74,M-UAV-02,M600,31.2971716,120.5956323,30.5,AVAILABLE,,
75,75,EVTOL-01,EC35,31.3056108,120.5961042,199.9,BUSY,M-P-001,V2
75,75,L-UAV-01,AMZN,31.3038368,120.5997778,100.0,BUSY,M-L-001,V2
75,75,M-UAV-01,M600,31.3108767,120.6039862,30.5,AVAILABLE,,
75,75,M-UAV-02,M600,31.2971716,120.5956323,30.5,AVAILABLE,,
76,76,EVTOL-01,EC35,31.3052480,120.5960839,199.9,BUSY,M-P-001,V2
76,76,L-UAV-01,AMZN,31.3037171,120.5997033,100.0,BUSY,M-L-001,V2
76,76,M-UAV-01,M600,31.3108767,120.6039862,30.5,AVAILABLE,,
76,76,M-UAV-02,M600,31.2971716,120.5956323,30.5,AVAILABLE,,
77,77,EVTOL-01,EC35,31.3048852,120.5960636,199.9,BUSY,M-P-001,V2
77,77,L-UAV-01,AMZN,31.3035974,120.5996289,100.0,BUSY,M-L-001,V2
77,77,M-UAV-01,M600,31.3108767,120.6039862,30.5,AVAILABLE,,
77,77,M-UAV-02,M600,31.2971716,120.5956323,30.5,AVAILABLE,,
78,78,EVTOL-01,EC35,31.3045224,120.5960433,199.9,BUSY,M-P-001,V2
78,78,L-UAV-01,AMZN,31.3034777,120.5995545,100.0,BUSY,M-L-001,V2
78,78,M-UAV-01,M600,31.3108767,120.6039862,30.5,AVAILABLE,,
78,78,M-UAV-02,M600,31.2971716,120.5956323,30.5,AVAILABLE,,
79,79,EVTOL-01,EC35,31.3041597,120.5960230,199.9,BUSY,M-P-001,V2
79,79,L-UAV-01,AMZN,31.3033581,120.5994800,100.0,BUSY,M-L-001,V2
79,79,M-UAV-01,M600,31.3108767,120.6039862,30.5,AVAILABLE,,
79,79,M-UAV-02,M600,31.2971716,120.5956323,30.5,AVAILABLE,,
80,80,EVTOL-01,EC35,31.3037969,120.5960027,199.9,BUSY,M-P-001,V2
80,80,L-UAV-01,AMZN,31.3032384,120.5994056,100.0,BUSY,M-L-001,V2
80,80,M-UAV-01,M600,31.3108767,120.6039862,30.5,AVAILABLE,,
80,80,M-UAV-02,M600,31.2971716,120.5956323,30.5,AVAILABLE,,
81,81,EVTOL-01,EC35,31.3034341,120.5959825,199.9,BUSY,M-P-001,V2
81,81,L-UAV-01,AMZN,31.3031187,120.5993311,100.0,BUSY,M-L-001,V2
81,81,M-UAV-01,M600,31.3108767,120.6039862,30.5,AVAILABLE,,
81,81,M-UAV-02,M600,31.2971716,120.5956323,30.5,AVAILABLE,,
82,82,EVTOL-01,EC35,31.3030713,120.5959622,199.9,BUSY,M-P-001,V2
82,82,L-UAV-01,AMZN,31.3029990,120.5992567,100.0,BUSY,M-L-001,V2
82,82,M-UAV-01,M600,31.3108767,120.6039862,30.5,AVAILABLE,,
82,82,M-UAV-02,M600,31.2971716,120.5956323,30.5,AVAILABLE,,
83,83,EVTOL-01,EC35,31.3027086,120.5959419,199.9,BUSY,M-P-001,V2
83,83,L-UAV-01,AMZN,31.3028793,120.5991822,100.0,BUSY,M-L-001,V2
83,83,M-UAV-01,M600,31.3108767,120.6039862,30.5,AVAILABLE,,
83,83,M-UAV-02,M600,31.2971716,120.5956323,30.5,AVAILABLE,,
84,84,EVTOL-01,EC35,31.3023458,120.5959216,199.9,BUSY,M-P-001,V2
84,84,L-UAV-01,AMZN,31.3027596,120.5991078,100.0,BUSY,M-L-001,V2
84,84,M-UAV-01,M600,31.3108767,120.6039862,30.5,AVAILABLE,,
84,84,M-UAV-02,M600,31.2971716,120.5956323,30.5,AVAILABLE,,
85,85,EVTOL-01,EC35,31.3019830,120.5959013,199.9,BUSY,M-P-001,V2
85,85,L-UAV-01,AMZN,31.3026399,120.5990333,100.0,BUSY,M-L-001,V2
85,85,M-UAV-01,M600,31.3108767,120.6039862,30.5,AVAILABLE,,
85,85,M-UAV-02,M600,31.2971716,120.5956323,30.5,AVAILABLE,,
86,86,EVTOL-01,EC35,31.3016202,120.5958810,199.9,BUSY,M-P-001,V2
86,86,L-UAV-01,AMZN,31.3025202,120.5989589,100.0,BUSY,M-L-001,V2
86,86,M-UAV-01,M600,31.3108767,120.6039862,30.5,AVAILABLE,,
86,86,M-UAV-02,M600,31.2971716,120.5956323,30.5,AVAILABLE,,
87,87,EVTOL-01,EC35,31.3012575,120.5958608,199.9,BUSY,M-P-001,V2
87,87,L-UAV-01,AMZN,31.3024005,120.5988844,100.0,BUSY,M-L-001,V2
87,87,M-UAV-01,M600,31.3108767,120.6039862,30.5,AVAILABLE,,
87,87,M-UAV-02,M600,31.2971716,120.5956323,30.5,AVAILABLE,,
88,88,EVTOL-01,EC35,31.3008947,120.5958405,199.9,BUSY,M-P-001,V2
88,88,L-UAV-01,AMZN,31.3022808,120.5988100,100.0,BUSY,M-L-001,V2
88,88,M-UAV-01,M600,31.3108767,120.6039862,30.5,AVAILABLE,,
88,88,M-UAV-02,M600,31.2971716,120.5956323,30.5,AVAILABLE,,
89,89,EVTOL-01,EC35,31.3005319,120.5958202,199.9,BUSY,M-P-001,V2
89,89,L-UAV-01,AMZN,31.3021611,120.5987355,100.0,BUSY,M-L-001,V2
89,89,M-UAV-01,M600,31.3108767,120.6039862,30.5,AVAILABLE,,
89,89,M-UAV-02,M600,31.2971716,120.5956323,30.5,AVAILABLE,,
90,90,EVTOL-01,EC35,31.3001691,120.5957999,199.9,BUSY,M-P-001,V2
90,90,L-UAV-01,AMZN,31.3020414,120.5986611,100.0,BUSY,M-L-001,V2
90,90,M-UAV-01,M600,31.3108767,120.6039862,30.5,AVAILABLE,,
90,90,M-UAV-02,M600,31.2971716,120.5956323,30.5,AVAILABLE,,
91,91,EVTOL-01,EC35,31.2998063,120.5957796,199.9,BUSY,M-P-001,V2
91,91,L-UAV-01,AMZN,31.3019217,120.5985866,100.0,BUSY,M-L-001,V2
91,91,M-UAV-01,M600,31.3108767,120.6039862,30.5,AVAILABLE,,
91,91,M-UAV-02,M600,31.2971716,120.5956323,30.5,AVAILABLE,,
92,92,EVTOL-01,EC35,31.2994436,120.5957593,199.9,BUSY,M-P-001,V2
92,92,L-UAV-01,AMZN,31.3018020,120.5985122,100.0,BUSY,M-L-001,V2
92,92,M-UAV-01,M600,31.3108767,120.6039862,30.5,AVAILABLE,,
92,92,M-UAV-02,M600,31.2971716,120.5956323,30.5,AVAILABLE,,
93,93,EVTOL-01,EC35,31.2990808,120.5957391,199.9,BUSY,M-P-001,V2
93,93,L-UAV-01,AMZN,31.3016823,120.5984377,100.0,BUSY,M-L-001,V2
93,93,M-UAV-01,M600,31.3108767,120.6039862,30.5,AVAILABLE,,
93,93,M-UAV-02,M600,31.2971716,120.5956323,30.5,AVAILABLE,,
94,94,EVTOL-01,EC35,31.2987180,120.5957188,199.9,BUSY,M-P-001,V2
94,94,L-UAV-01,AMZN,31.3015626,120.5983633,100.0,BUSY,M-L-001,V2
94,94,M-UAV-01,M600,31.3108767,120.6039862,30.5,AVAILABLE,,
94,94,M-UAV-02,M600,31.2971716,120.5956323,30.5,AVAILABLE,,
95,95,EVTOL-01,EC35,31.2983552,120.5956985,199.9,BUSY,M-P-001,V2
95,95,L-UAV-01,AMZN,31.3014429,120.5982888,100.0,BUSY,M-L-001,V2
95,95,M-UAV-01,M600,31.3108767,120.6039862,30.5,AVAILABLE,,
95,95,M-UAV-02,M600,31.2971716,120.5956323,30.5,AVAILABLE,,
96,96,EVTOL-01,EC35,31.2979925,120.5956782,199.9,BUSY,M-P-001,V1
96,96,L-UAV-01,AMZN,31.3013233,120.5982144,100.0,BUSY,M-L-001,V2
96,96,M-UAV-01,M600,31.3108767,120.6039862,30.5,AVAILABLE,,
96,96,M-UAV-02,M600,31.2971716,120.5956323,30.5,AVAILABLE,,
97,97,EVTOL-01,EC35,31.2976301,120.5957060,199.9,BUSY,M-P-001,V1
97,97,L-UAV-01,AMZN,31.3012036,120.5981400,100.0,BUSY,M-L-001,V2
97,97,M-UAV-01,M600,31.3108767,120.6039862,30.5,AVAILABLE,,
97,97,M-UAV-02,M600,31.2971716,120.5956323,30.5,AVAILABLE,,
98,98,EVTOL-01,EC35,31.2972726,120.5957816,199.9,BUSY,M-P-001,V1
98,98,L-UAV-01,AMZN,31.3010839,120.5980655,100.0,BUSY,M-L-001,V2
98,98,M-UAV-01,M600,31.3108767,120.6039862,30.5,AVAILABLE,,
98,98,M-UAV-02,M600,31.2971716,120.5956323,30.5,AVAILABLE,,
99,99,EVTOL-01,EC35,31.2969248,120.5959039,199.9,BUSY,M-P-001,V1
99,99,L-UAV-01,AMZN,31.3009642,120.5979911,100.0,BUSY,M-L-001,V2
99,99,M-UAV-01,M600,31.3108767,120.6039862,30.5,AVAILABLE,,
99,99,M-UAV-02,M600,31.2971716,120.5956323,30.5,AVAILABLE,,
100,100,EVTOL-01,EC35,31.2965910,120.5960715,199.9,BUSY,M-P-001,V1
100,100,L-UAV-01,AMZN,31.3008445,120.5979166,100.0,BUSY,M-L-001,V2
100,100,M-UAV-01,M600,31.3108767,120.6039862,30.5,AVAILABLE,,
100,100,M-UAV-02,M600,31.2971716,120.5956323,30.5,AVAILABLE,,
101,101,EVTOL-01,EC35,31.2962756,120.5962821,199.9,BUSY,M-P-001,V1
101,101,L-UAV-01,AMZN,31.3007248,120.5978422,100.0,BUSY,M-L-001,V2
101,101,M-UAV-01,M600,31.3108767,120.6039862,30.5,AVAILABLE,,
101,101,M-UAV-02,M600,31.2971716,120.5956323,30.5,AVAILABLE,,
102,102,EVTOL-01,EC35,31.2959825,120.5965331,199.9,BUSY,M-P-001,V1
102,102,L-UAV-01,AMZN,31.3006051,120.5977677,100.0,BUSY,M-L-001,V2
102,102,M-UAV-01,M600,31.3108767,120.6039862,30.5,AVAILABLE,,
102,102,M-UAV-02,M600,31.2971716,120.5956323,30.5,AVAILABLE,,
103,103,EVTOL-01,EC35,31.2957155,120.5968212,199.9,BUSY,M-P-001,V1
103,103,L-UAV-01,AMZN,31.3004854,120.5976933,100.0,BUSY,M-L-001,V2
103,103,M-UAV-01,M600,31.3108767,120.6039862,30.5,AVAILABLE,,
103,103,M-UAV-02,M600,31.2971716,120.5956323,30.5,AVAILABLE,,
104,104,EVTOL-01,EC35,31.2954780,120.5971428,199.9,BUSY,M-P-001,V1
104,104,L-UAV-01,AMZN,31.3003657,120.5976188,100.0,BUSY,M-L-001,V2
104,104,M-UAV-01,M600,31.3108767,120.6039862,30.5,AVAILABLE,,
104,104,M-UAV-02,M600,31.2971716,120.5956323,30.5,AVAILABLE,,
105,105,EVTOL-01,EC35,31.2952731,120.5974937,199.9,BUSY,M-P-001,V1
105,105,L-UAV-01,AMZN,31.3002460,120.5975444,100.0,BUSY,M-L-001,V2
105,105,M-UAV-01,M600,31.3108767,120.6039862,30.5,AVAILABLE,,
105,105,M-UAV-02,M600,31.2971716,120.5956323,30.5,AVAILABLE,,
106,106,EVTOL-01,EC35,31.2951034,120.5978695,199.9,BUSY,M-P-001,V1
106,106,L-UAV-01,AMZN,31.3001263,120.5974700,100.0,BUSY,M-L-001,V2
106,106,M-UAV-01,M600,31.3108767,120.6039862,30.5,AVAILABLE,,
106,106,M-UAV-02,M600,31.2971716,120.5956323,30.5,AVAILABLE,,
107,107,EVTOL-01,EC35,31.2949710,120.5982653,199.9,BUSY,M-P-001,V1
107,107,L-UAV-01,AMZN,31.3000066,120.5973955,100.0,BUSY,M-L-001,V2
107,107,M-UAV-01,M600,31.3108767,120.6039862,30.5,AVAILABLE,,
107,107,M-UAV-02,M600,31.2971716,120.5956323,30.5,AVAILABLE,,
108,108,EVTOL-01,EC35,31.2948778,120.5986761,199.9,BUSY,M-P-001,V1
108,108,L-UAV-01,AMZN,31.2998869,120.5973211,100.0,BUSY,M-L-001,V2
108,108,M-UAV-01,M600,31.3108767,120.6039862,30.5,AVAILABLE,,
108,108,M-UAV-02,M600,31.2971716,120.5956323,30.5,AVAILABLE,,
109,109,EVTOL-01,EC35,31.2948248,120.5990966,199.9,BUSY,M-P-001,V1
109,109,L-UAV-01,AMZN,31.2997672,120.5972466,100.0,BUSY,M-L-001,V2
109,109,M-UAV-01,M600,31.3108767,120.6039862,30.5,AVAILABLE,,
109,109,M-UAV-02,M600,31.2971716,120.5956323,30.5,AVAILABLE,,
110,110,EVTOL-01,EC35,31.2948127,120.5995214,199.9,BUSY,M-P-001,V1
110,110,L-UAV-01,AMZN,31.2996475,120.5971722,100.0,BUSY,M-L-001,V2
110,110,M-UAV-01,M600,31.3108767,120.6039862,30.5,AVAILABLE,,
110,110,M-UAV-02,M600,31.2971716,120.5956323,30.5,AVAILABLE,,
111,111,EVTOL-01,EC35,31.2948417,120.5999450,199.9,BUSY,M-P-001,V1
111,111,L-UAV-01,AMZN,31.2995278,120.5970977,100.0,BUSY,M-L-001,V2
111,111,M-UAV-01,M600,31.3108767,120.6039862,30.5,AVAILABLE,,
111,111,M-UAV-02,M600,31.2971716,120.5956323,30.5,AVAILABLE,,
112,112,EVTOL-01,EC35,31.2949114,120.6003622,199.9,BUSY,M-P-001,V1
112,112,L-UAV-01,AMZN,31.2994081,120.5970233,100.0,BUSY,M-L-001,V2
112,112,M-UAV-01,M600,31.3108767,120.6039862,30.5,AVAILABLE,,
112,112,M-UAV-02,M600,31.2971716,120.5956323,30.5,AVAILABLE,,
113,113,EVTOL-01,EC35,31.2950210,120.6007674,199.9,BUSY,M-P-001,V1
113,113,L-UAV-01,AMZN,31.2992884,120.5969488,100.0,BUSY,M-L-001,V2
113,113,M-UAV-01,M600,31.3108767,120.6039862,30.5,AVAILABLE,,
113,113,M-UAV-02,M600,31.2971716,120.5956323,30.5,AVAILABLE,,
114,114,EVTOL-01,EC35,31.2951690,120.6011555,199.9,BUSY,M-P-001,V1
114,114,L-UAV-01,AMZN,31.2991687,120.5968744,100.0,BUSY,M-L-001,V2
114,114,M-UAV-01,M600,31.3108767,120.6039862,30.5,AVAILABLE,,
114,114,M-UAV-02,M600,31.2971716,120.5956323,30.5,AVAILABLE,,
115,115,EVTOL-01,EC35,31.2953535,120.6015216,199.9,BUSY,M-P-001,V1
115,115,L-UAV-01,AMZN,31.2990490,120.5968000,100.0,BUSY,M-L-001,V2
115,115,M-UAV-01,M600,31.3108767,120.6039862,30.5,AVAILABLE,,
115,115,M-UAV-02,M600,31.2971716,120.5956323,30.5,AVAILABLE,,
116,116,EVTOL-01,EC35,31.2955722,120.6018610,199.9,BUSY,M-P-001,V1
116,116,L-UAV-01,AMZN,31.2989293,120.5967255,100.0,BUSY,M-L-001,V2
116,116,M-UAV-01,M600,31.3108767,120.6039862,30.5,AVAILABLE,,
116,116,M-UAV-02,M600,31.2971716,120.5956323,30.5,AVAILABLE,,
117,117,EVTOL-01,EC35,31.2958222,120.6021693,199.9,BUSY,M-P-001,V1
117,117,L-UAV-01,AMZN,31.2988097,120.5966511,100.0,BUSY,M-L-001,V2
117,117,M-UAV-01,M600,31.3108767,120.6039862,30.5,AVAILABLE,,
117,117,M-UAV-02,M600,31.2971716,120.5956323,30.5,AVAILABLE,,
118,118,EVTOL-01,EC35,31.2961004,120.6024425,199.9,BUSY,M-P-001,V1
118,118,L-UAV-01,AMZN,31.2986900,120.5965766,100.0,BUSY,M-L-001,V2
118,118,M-UAV-01,M600,31.3108767,120.6039862,30.5,AVAILABLE,,
118,118,M-UAV-02,M600,31.2971716,120.5956323,30.5,AVAILABLE,,
119,119,EVTOL-01,EC35,31.2964032,120.6026772,199.9,BUSY,M-P-001,V1
119,119,L-UAV-01,AMZN,31.2985703,120.5965022,100.0,BUSY,M-L-001,V2
119,119,M-UAV-01,M600,31.3108767,120.6039862,30.5,AVAILABLE,,
119,119,M-UAV-02,M600,31.2971716,120.5956323,30.5,AVAILABLE,,
120,120,EVTOL-01,EC35,31.2967267,120.6028703,199.9,BUSY,M-P-001,V1
120,120,L-UAV-01,AMZN,31.2984506,120.5964278,100.0,BUSY,M-L-001,V2
120,120,M-UAV-01,M600,31.3108767,120.6039862,30.5,AVAILABLE,,
120,120,M-UAV-02,M600,31.2971716,120.5956323,30.5,AVAILABLE,,
121,121,EVTOL-01,EC35,31.2970668,120.6030195,199.9,BUSY,M-P-001,V1
121,121,L-UAV-01,AMZN,31.2983309,120.5963533,100.0,BUSY,M-L-001,V2
121,121,M-UAV-01,M600,31.3108767,120.6039862,30.5,AVAILABLE,,
121,121,M-UAV-02,M600,31.2971716,120.5956323,30.5,AVAILABLE,,
122,122,EVTOL-01,EC35,31.2974192,120.6031227,199.9,BUSY,M-P-001,V1
122,122,L-UAV-01,AMZN,31.2982112,120.5962789,100.0,BUSY,M-L-001,V2
122,122,M-UAV-01,M600,31.3108767,120.6039862,30.5,AVAILABLE,,
122,122,M-UAV-02,M600,31.2971716,120.5956323,30.5,AVAILABLE,,
123,123,EVTOL-01,EC35,31.2977792,120.6031786,199.9,BUSY,M-P-001,V1
123,123,L-UAV-01,AMZN,31.2980915,120.5962044,100.0,BUSY,M-L-001,V2
123,123,M-UAV-01,M600,31.3108767,120.6039862,30.5,AVAILABLE,,
123,123,M-UAV-02,M600,31.2971716,120.5956323,30.5,AVAILABLE,,
124,124,EVTOL-01,EC35,31.2981419,120.6032010,199.9,BUSY,M-P-001,V1
124,124,L-UAV-01,AMZN,31.2979718,120.5961300,100.0,BUSY,M-L-001,V2
124,124,M-UAV-01,M600,31.3108767,120.6039862,30.5,AVAILABLE,,
124,124,M-UAV-02,M600,31.2971716,120.5956323,30.5,AVAILABLE,,
125,125,EVTOL-01,EC35,31.2985046,120.6032233,199.9,BUSY,M-P-001,V1
125,125,L-UAV-01,AMZN,31.2978521,120.5960556,100.0,BUSY,M-L-001,V3
125,125,M-UAV-01,M600,31.3108767,120.6039862,30.5,AVAILABLE,,
125,125,M-UAV-02,M600,31.2971716,120.5956323,30.5,AVAILABLE,,
126,126,EVTOL-01,EC35,31.2988673,120.6032457,199.9,BUSY,M-P-001,V1
126,126,L-UAV-01,AMZN,31.2977189,120.5960264,100.0,BUSY,M-L-001,V3
126,126,M-UAV-01,M600,31.3108767,120.6039862,30.5,AVAILABLE,,
126,126,M-UAV-02,M600,31.2971716,120.5956323,30.5,AVAILABLE,,
127,127,EVTOL-01,EC35,31.2992299,120.6032681,199.9,BUSY,M-P-001,V1
127,127,L-UAV-01,AMZN,31.2975843,120.5960451,100.0,BUSY,M-L-001,V3
127,127,M-UAV-01,M600,31.3108767,120.6039862,30.5,AVAILABLE,,
127,127,M-UAV-02,M600,31.2971716,120.5956323,30.5,AVAILABLE,,
128,128,EVTOL-01,EC35,31.2995926,120.6032904,199.9,BUSY,M-P-001,V1
128,128,L-UAV-01,AMZN,31.2974606,120.5961100,100.0,BUSY,M-L-001,V3
128,128,M-UAV-01,M600,31.3108767,120.6039862,30.5,AVAILABLE,,
128,128,M-UAV-02,M600,31.2971716,120.5956323,30.5,AVAILABLE,,
129,129,EVTOL-01,EC35,31.2999553,120.6033128,199.9,BUSY,M-P-001,V1
129,129,L-UAV-01,AMZN,31.2973591,120.5962152,100.0,BUSY,M-L-001,V3
129,129,M-UAV-01,M600,31.3108767,120.6039862,30.5,AVAILABLE,,
129,129,M-UAV-02,M600,31.2971716,120.5956323,30.5,AVAILABLE,,
130,130,EVTOL-01,EC35,31.3003180,120.6033351,199.9,BUSY,M-P-001,V1
130,130,L-UAV-01,AMZN,31.2972892,120.5963511,100.0,BUSY,M-L-001,V3
130,130,M-UAV-01,M600,31.3108767,120.6039862,30.5,AVAILABLE,,
130,130,M-UAV-02,M600,31.2971716,120.5956323,30.5,AVAILABLE,,
131,131,EVTOL-01,EC35,31.3006807,120.6033575,199.9,BUSY,M-P-001,V1
131,131,L-UAV-01,AMZN,31.2972571,120.5965052,100.0,BUSY,M-L-001,V3
131,131,M-UAV-01,M600,31.3108767,120.6039862,30.5,AVAILABLE,,
131,131,M-UAV-02,M600,31.2971716,120.5956323,30.5,AVAILABLE,,
132,132,EVTOL-01,EC35,31.3010434,120.6033799,199.9,BUSY,M-P-001,V1
132,132,L-UAV-01,AMZN,31.2972659,120.5966635,100.0,BUSY,M-L-001,V3
132,132,M-UAV-01,M600,31.3108767,120.6039862,30.5,AVAILABLE,,
132,132,M-UAV-02,M600,31.2971716,120.5956323,30.5,AVAILABLE,,
133,133,EVTOL-01,EC35,31.3014061,120.6034022,199.9,BUSY,M-P-001,V1
133,133,L-UAV-01,AMZN,31.2973146,120.5968116,100.0,BUSY,M-L-001,V3
133,133,M-UAV-01,M600,31.3108767,120.6039862,30.5,AVAILABLE,,
133,133,M-UAV-02,M600,31.2971716,120.5956323,30.5,AVAILABLE,,
134,134,EVTOL-01,EC35,31.3017688,120.6034246,199.9,BUSY,M-P-001,V1
134,134,L-UAV-01,AMZN,31.2973989,120.5969358,100.0,BUSY,M-L-001,V3
134,134,M-UAV-01,M600,31.3108767,120.6039862,30.5,AVAILABLE,,
134,134,M-UAV-02,M600,31.2971716,120.5956323,30.5,AVAILABLE,,
135,135,EVTOL-01,EC35,31.3021314,120.6034469,199.9,BUSY,M-P-001,V1
135,135,L-UAV-01,AMZN,31.2975111,120.5970248,100.0,BUSY,M-L-001,V3
135,135,M-UAV-01,M600,31.3108767,120.6039862,30.5,AVAILABLE,,
135,135,M-UAV-02,M600,31.2971716,120.5956323,30.5,AVAILABLE,,
136,136,EVTOL-01,EC35,31.3024941,120.6034693,199.9,BUSY,M-P-001,V1
136,136,L-UAV-01,AMZN,31.2976303,120.5971004,100.0,BUSY,M-L-001,V3
136,136,M-UAV-01,M600,31.3108767,120.6039862,30.5,AVAILABLE,,
136,136,M-UAV-02,M600,31.2971716,120.5956323,30.5,AVAILABLE,,
137,137,EVTOL-01,EC35,31.3028568,120.6034917,199.9,BUSY,M-P-001,V1
137,137,L-UAV-01,AMZN,31.2977495,120.5971759,100.0,BUSY,M-L-001,V3
137,137,M-UAV-01,M600,31.3108767,120.6039862,30.5,AVAILABLE,,
137,137,M-UAV-02,M600,31.2971716,120.5956323,30.5,AVAILABLE,,
138,138,EVTOL-01,EC35,31.3032195,120.6035140,199.9,BUSY,M-P-001,V1
138,138,L-UAV-01,AMZN,31.2978687,120.5972514,100.0,BUSY,M-L-001,V3
138,138,M-UAV-01,M600,31.3108767,120.6039862,30.5,AVAILABLE,,
138,138,M-UAV-02,M600,31.2971716,120.5956323,30.5,AVAILABLE,,
139,139,EVTOL-01,EC35,31.3035822,120.6035364,199.9,BUSY,M-P-001,V1
139,139,L-UAV-01,AMZN,31.2979879,120.5973270,100.0,BUSY,M-L-001,V3
139,139,M-UAV-01,M600,31.3108767,120.6039862,30.5,AVAILABLE,,
139,139,M-UAV-02,M600,31.2971716,120.5956323,30.5,AVAILABLE,,
140,140,EVTOL-01,EC35,31.3039449,120.6035587,199.9,BUSY,M-P-001,V1
140,140,L-UAV-01,AMZN,31.2981071,120.5974025,100.0,BUSY,M-L-001,V3
140,140,M-UAV-01,M600,31.3108767,120.6039862,30.5,AVAILABLE,,
140,140,M-UAV-02,M600,31.2971716,120.5956323,30.5,AVAILABLE,,
141,141,EVTOL-01,EC35,31.3043076,120.6035811,199.9,BUSY,M-P-001,V1
141,141,L-UAV-01,AMZN,31.2982263,120.5974781,100.0,BUSY,M-L-001,V3
141,141,M-UAV-01,M600,31.3108767,120.6039862,30.5,AVAILABLE,,
141,141,M-UAV-02,M600,31.2971716,120.5956323,30.5,AVAILABLE,,
142,142,EVTOL-01,EC35,31.3046703,120.6036035,199.9,BUSY,M-P-001,V1
142,142,L-UAV-01,AMZN,31.2983455,120.5975536,100.0,BUSY,M-L-001,V3
142,142,M-UAV-01,M600,31.3108767,120.6039862,30.5,AVAILABLE,,
142,142,M-UAV-02,M600,31.2971716,120.5956323,30.5,AVAILABLE,,
143,143,EVTOL-01,EC35,31.3050329,120.6036258,199.9,BUSY,M-P-001,V1
143,143,L-UAV-01,AMZN,31.2984646,120.5976291,100.0,BUSY,M-L-001,V3
143,143,M-UAV-01,M600,31.3108767,120.6039862,30.5,AVAILABLE,,
143,143,M-UAV-02,M600,31.2971716,120.5956323,30.5,AVAILABLE,,
144,144,EVTOL-01,EC35,31.3053956,120.6036482,199.9,BUSY,M-P-001,V1
144,144,L-UAV-01,AMZN,31.2985838,120.5977047,100.0,BUSY,M-L-001,V3
144,144,M-UAV-01,M600,31.3108767,120.6039862,30.5,AVAILABLE,,
144,144,M-UAV-02,M600,31.2971716,120.5956323,30.5,AVAILABLE,,
145,145,EVTOL-01,EC35,31.3057583,120.6036705,199.9,BUSY,M-P-001,V1
145,145,L-UAV-01,AMZN,31.2987030,120.5977802,100.0,BUSY,M-L-001,V3
145,145,M-UAV-01,M600,31.3108767,120.6039862,30.5,AVAILABLE,,
145,145,M-UAV-02,M600,31.2971716,120.5956323,30.5,AVAILABLE,,
146,146,EVTOL-01,EC35,31.3061210,120.6036929,199.9,BUSY,M-P-001,V1
146,146,L-UAV-01,AMZN,31.2988222,120.5978558,100.0,BUSY,M-L-001,V3
146,146,M-UAV-01,M600,31.3108767,120.6039862,30.5,AVAILABLE,,
146,146,M-UAV-02,M600,31.2971716,120.5956323,30.5,AVAILABLE,,
147,147,EVTOL-01,EC35,31.3064837,120.6037153,199.9,BUSY,M-P-001,V1
147,147,L-UAV-01,AMZN,31.2989414,120.5979313,100.0,BUSY,M-L-001,V3
147,147,M-UAV-01,M600,31.3108767,120.6039862,30.5,AVAILABLE,,
147,147,M-UAV-02,M600,31.2971716,120.5956323,30.5,AVAILABLE,,
148,148,EVTOL-01,EC35,31.3068464,120.6037376,199.9,BUSY,M-P-001,V1
148,148,L-UAV-01,AMZN,31.2990606,120.5980069,100.0,BUSY,M-L-001,V3
148,148,M-UAV-01,M600,31.3108767,120.6039862,30.5,AVAILABLE,,
148,148,M-UAV-02,M600,31.2971716,120.5956323,30.5,AVAILABLE,,
149,149,EVTOL-01,EC35,31.3072091,120.6037600,199.9,BUSY,M-P-001,V1
149,149,L-UAV-01,AMZN,31.2991798,120.5980824,100.0,BUSY,M-L-001,V3
149,149,M-UAV-01,M600,31.3108767,120.6039862,30.5,AVAILABLE,,
149,149,M-UAV-02,M600,31.2971716,120.5956323,30.5,AVAILABLE,,
150,150,EVTOL-01,EC35,31.3075718,120.6037824,199.9,BUSY,M-P-001,V1
150,150,L-UAV-01,AMZN,31.2992990,120.5981580,100.0,BUSY,M-L-001,V3
150,150,M-UAV-01,M600,31.3108767,120.6039862,30.5,AVAILABLE,,
150,150,M-UAV-02,M600,31.2971716,120.5956323,30.5,AVAILABLE,,
151,151,EVTOL-01,EC35,31.3079344,120.6038047,199.9,BUSY,M-P-001,V1
151,151,L-UAV-01,AMZN,31.2994182,120.5982335,100.0,BUSY,M-L-001,V3
151,151,M-UAV-01,M600,31.3108767,120.6039862,30.5,AVAILABLE,,
151,151,M-UAV-02,M600,31.2971716,120.5956323,30.5,AVAILABLE,,
152,152,EVTOL-01,EC35,31.3082971,120.6038271,199.9,BUSY,M-P-001,V1
152,152,L-UAV-01,AMZN,31.2995374,120.5983090,100.0,BUSY,M-L-001,V3
152,152,M-UAV-01,M600,31.3108767,120.6039862,30.5,AVAILABLE,,
152,152,M-UAV-02,M600,31.2971716,120.5956323,30.5,AVAILABLE,,
153,153,EVTOL-01,EC35,31.3086598,120.6038495,199.9,BUSY,M-P-001,V1
153,153,L-UAV-01,AMZN,31.2996565,120.5983846,100.0,BUSY,M-L-001,V3
153,153,M-UAV-01,M600,31.3108767,120.6039862,30.5,AVAILABLE,,
153,153,M-UAV-02,M600,31.2971716,120.5956323,30.5,AVAILABLE,,
154,154,EVTOL-01,EC35,31.3090225,120.6038718,199.9,BUSY,M-P-001,V1
154,154,L-UAV-01,AMZN,31.2997757,120.5984601,100.0,BUSY,M-L-001,V3
154,154,M-UAV-01,M600,31.3108767,120.6039862,30.5,AVAILABLE,,
154,154,M-UAV-02,M600,31.2971716,120.5956323,30.5,AVAILABLE,,
155,155,EVTOL-01,EC35,31.3093852,120.6038942,199.9,BUSY,M-P-001,V1
155,155,L-UAV-01,AMZN,31.2998949,120.5985357,100.0,BUSY,M-L-001,V3
155,155,M-UAV-01,M600,31.3108767,120.6039862,30.5,AVAILABLE,,
155,155,M-UAV-02,M600,31.2971716,120.5956323,30.5,AVAILABLE,,
156,156,EVTOL-01,EC35,31.3097479,120.6039165,199.9,BUSY,M-P-001,V1
156,156,L-UAV-01,AMZN,31.3000141,120.5986112,100.0,BUSY,M-L-001,V3
156,156,M-UAV-01,M600,31.3108767,120.6039862,30.5,AVAILABLE,,
156,156,M-UAV-02,M600,31.2971716,120.5956323,30.5,AVAILABLE,,
157,157,EVTOL-01,EC35,31.3101106,120.6039389,199.9,BUSY,M-P-001,V2
157,157,L-UAV-01,AMZN,31.3001333,120.5986868,100.0,BUSY,M-L-001,V3
157,157,M-UAV-01,M600,31.3108767,120.6039862,30.5,AVAILABLE,,
157,157,M-UAV-02,M600,31.2971716,120.5956323,30.5,AVAILABLE,,
158,158,EVTOL-01,EC35,31.3104731,120.6039132,199.9,BUSY,M-P-001,V2
158,158,L-UAV-01,AMZN,31.3002525,120.5987623,100.0,BUSY,M-L-001,V3
158,158,M-UAV-01,M600,31.3108767,120.6039862,30.5,AVAILABLE,,
158,158,M-UAV-02,M600,31.2971716,120.5956323,30.5,AVAILABLE,,
159,159,EVTOL-01,EC35,31.3108308,120.6038396,199.9,BUSY,M-P-001,V2
159,159,L-UAV-01,AMZN,31.3003717,120.5988379,100.0,BUSY,M-L-001,V3
159,159,M-UAV-01,M600,31.3108767,120.6039862,30.5,AVAILABLE,,
159,159,M-UAV-02,M600,31.2971716,120.5956323,30.5,AVAILABLE,,
160,160,EVTOL-01,EC35,31.3111791,120.6037193,199.9,BUSY,M-P-001,V2
160,160,L-UAV-01,AMZN,31.3004909,120.5989134,100.0,BUSY,M-L-001,V3
160,160,M-UAV-01,M600,31.3108767,120.6039862,30.5,AVAILABLE,,
160,160,M-UAV-02,M600,31.2971716,120.5956323,30.5,AVAILABLE,,
161,161,EVTOL-01,EC35,31.3115136,120.6035536,199.9,BUSY,M-P-001,V2
161,161,L-UAV-01,AMZN,31.3006101,120.5989890,100.0,BUSY,M-L-001,V3
161,161,M-UAV-01,M600,31.3108767,120.6039862,30.5,AVAILABLE,,
161,161,M-UAV-02,M600,31.2971716,120.5956323,30.5,AVAILABLE,,
162,162,EVTOL-01,EC35,31.3118300,120.6033448,199.9,BUSY,M-P-001,V2
162,162,L-UAV-01,AMZN,31.3007293,120.5990645,100.0,BUSY,M-L-001,V3
162,162,M-UAV-01,M600,31.3108767,120.6039862,30.5,AVAILABLE,,
162,162,M-UAV-02,M600,31.2971716,120.5956323,30.5,AVAILABLE,,
163,163,EVTOL-01,EC35,31.3121241,120.6030954,199.9,BUSY,M-P-001,V2
163,163,L-UAV-01,AMZN,31.3008484,120.5991400,100.0,BUSY,M-L-001,V3
163,163,M-UAV-01,M600,31.3108767,120.6039862,30.5,AVAILABLE,,
163,163,M-UAV-02,M600,31.2971716,120.5956323,30.5,AVAILABLE,,
164,164,EVTOL-01,EC35,31.3123923,120.6028088,199.9,BUSY,M-P-001,V2
164,164,L-UAV-01,AMZN,31.3009676,120.5992156,100.0,BUSY,M-L-001,V3
164,164,M-UAV-01,M600,31.3108767,120.6039862,30.5,AVAILABLE,,
164,164,M-UAV-02,M600,31.2971716,120.5956323,30.5,AVAILABLE,,
165,165,EVTOL-01,EC35,31.3126311,120.6024885,199.9,BUSY,M-P-001,V2
165,165,L-UAV-01,AMZN,31.3010868,120.5992911,100.0,BUSY,M-L-001,V3
165,165,M-UAV-01,M600,31.3108767,120.6039862,30.5,AVAILABLE,,
165,165,M-UAV-02,M600,31.2971716,120.5956323,30.5,AVAILABLE,,
166,166,EVTOL-01,EC35,31.3128375,120.6021387,199.9,BUSY,M-P-001,V2
166,166,L-UAV-01,AMZN,31.3012060,120.5993667,100.0,BUSY,M-L-001,V3
166,166,M-UAV-01,M600,31.3108767,120.6039862,30.5,AVAILABLE,,
166,166,M-UAV-02,M600,31.2971716,120.5956323,30.5,AVAILABLE,,
167,167,EVTOL-01,EC35,31.3130088,120.6017638,199.9,BUSY,M-P-001,V2
167,167,L-UAV-01,AMZN,31.3013252,120.5994422,100.0,BUSY,M-L-001,V3
167,167,M-UAV-01,M600,31.3108767,120.6039862,30.5,AVAILABLE,,
167,167,M-UAV-02,M600,31.2971716,120.5956323,30.5,AVAILABLE,,
168,168,EVTOL-01,EC35,31.3131428,120.6013687,199.9,BUSY,M-P-001,V2
168,168,L-UAV-01,AMZN,31.3014444,120.5995178,100.0,BUSY,M-L-001,V3
168,168,M-UAV-01,M600,31.3108767,120.6039862,30.5,AVAILABLE,,
168,168,M-UAV-02,M600,31.2971716,120.5956323,30.5,AVAILABLE,,
169,169,EVTOL-01,EC35,31.3132378,120.6009584,199.9,BUSY,M-P-001,V2
169,169,L-UAV-01,AMZN,31.3015636,120.5995933,100.0,BUSY,M-L-001,V3
169,169,M-UAV-01,M600,31.3108767,120.6039862,30.5,AVAILABLE,,
169,169,M-UAV-02,M600,31.2971716,120.5956323,30.5,AVAILABLE,,
170,170,EVTOL-01,EC35,31.3132925,120.6005381,199.9,BUSY,M-P-001,V2
170,170,L-UAV-01,AMZN,31.3016828,120.5996689,100.0,BUSY,M-L-001,V3
170,170,M-UAV-01,M600,31.3108767,120.6039862,30.5,AVAILABLE,,
170,170,M-UAV-02,M600,31.2971716,120.5956323,30.5,AVAILABLE,,
171,171,EVTOL-01,EC35,31.3133064,120.6001133,199.9,BUSY,M-P-001,V2
171,171,L-UAV-01,AMZN,31.3018020,120.5997444,100.0,BUSY,M-L-001,V3
171,171,M-UAV-01,M600,31.3108767,120.6039862,30.5,AVAILABLE,,
171,171,M-UAV-02,M600,31.2971716,120.5956323,30.5,AVAILABLE,,
172,172,EVTOL-01,EC35,31.3132792,120.5996894,199.9,BUSY,M-P-001,V2
172,172,L-UAV-01,AMZN,31.3019212,120.5998200,100.0,BUSY,M-L-001,V3
172,172,M-UAV-01,M600,31.3108767,120.6039862,30.5,AVAILABLE,,
172,172,M-UAV-02,M600,31.2971716,120.5956323,30.5,AVAILABLE,,
173,173,EVTOL-01,EC35,31.3132112,120.5992718,199.9,BUSY,M-P-001,V2
173,173,L-UAV-01,AMZN,31.3020403,120.5998955,100.0,BUSY,M-L-001,V3
173,173,M-UAV-01,M600,31.3108767,120.6039862,30.5,AVAILABLE,,
173,173,M-UAV-02,M600,31.2971716,120.5956323,30.5,AVAILABLE,,
174,174,EVTOL-01,EC35,31.3131033,120.5988659,199.9,BUSY,M-P-001,V2
174,174,L-UAV-01,AMZN,31.3021595,120.5999711,100.0,BUSY,M-L-001,V3
174,174,M-UAV-01,M600,31.3108767,120.6039862,30.5,AVAILABLE,,
174,174,M-UAV-02,M600,31.2971716,120.5956323,30.5,AVAILABLE,,
175,175,EVTOL-01,EC35,31.3129570,120.5984768,199.9,BUSY,M-P-001,V2
175,175,L-UAV-01,AMZN,31.3022787,120.6000466,100.0,BUSY,M-L-001,V3
175,175,M-UAV-01,M600,31.3108767,120.6039862,30.5,AVAILABLE,,
175,175,M-UAV-02,M600,31.2971716,120.5956323,30.5,AVAILABLE,,
176,176,EVTOL-01,EC35,31.3127740,120.5981096,199.9,BUSY,M-P-001,V2
176,176,L-UAV-01,AMZN,31.3023979,120.6001222,100.0,BUSY,M-L-001,V3
176,176,M-UAV-01,M600,31.3108767,120.6039862,30.5,AVAILABLE,,
176,176,M-UAV-02,M600,31.2971716,120.5956323,30.5,AVAILABLE,,
177,177,EVTOL-01,EC35,31.3125567,120.5977689,199.9,BUSY,M-P-001,V2
177,177,L-UAV-01,AMZN,31.3025171,120.6001977,100.0,BUSY,M-L-001,V3
177,177,M-UAV-01,M600,31.3108767,120.6039862,30.5,AVAILABLE,,
177,177,M-UAV-02,M600,31.2971716,120.5956323,30.5,AVAILABLE,,
178,178,EVTOL-01,EC35,31.3123080,120.5974592,199.9,BUSY,M-P-001,V2
178,178,L-UAV-01,AMZN,31.3026363,120.6002733,100.0,BUSY,M-L-001,V3
178,178,M-UAV-01,M600,31.3108767,120.6039862,30.5,AVAILABLE,,
178,178,M-UAV-02,M600,31.2971716,120.5956323,30.5,AVAILABLE,,
179,179,EVTOL-01,EC35,31.3120309,120.5971843,199.9,BUSY,M-P-001,V2
179,179,L-UAV-01,AMZN,31.3027555,120.6003488,100.0,BUSY,M-L-001,V3
179,179,M-UAV-01,M600,31.3108767,120.6039862,30.5,AVAILABLE,,
179,179,M-UAV-02,M600,31.2971716,120.5956323,30.5,AVAILABLE,,
180,180,EVTOL-01,EC35,31.3117291,120.5969479,199.9,BUSY,M-P-001,V2
180,180,L-UAV-01,AMZN,31.3028747,120.6004244,100.0,BUSY,M-L-001,V3
180,180,M-UAV-01,M600,31.3108767,120.6039862,30.5,AVAILABLE,,
180,180,M-UAV-02,M600,31.2971716,120.5956323,30.5,AVAILABLE,,
181,181,EVTOL-01,EC35,31.3114064,120.5967528,199.9,BUSY,M-P-001,V2
181,181,L-UAV-01,AMZN,31.3029939,120.6004999,100.0,BUSY,M-L-001,V3
181,181,M-UAV-01,M600,31.3108767,120.6039862,30.5,AVAILABLE,,
181,181,M-UAV-02,M600,31.2971716,120.5956323,30.5,AVAILABLE,,
182,182,EVTOL-01,EC35,31.3110669,120.5966017,199.9,BUSY,M-P-001,V2
182,182,L-UAV-01,AMZN,31.3031130,120.6005755,100.0,BUSY,M-L-001,V3
182,182,M-UAV-01,M600,31.3108767,120.6039862,30.5,AVAILABLE,,
182,182,M-UAV-02,M600,31.2971716,120.5956323,30.5,AVAILABLE,,
183,183,EVTOL-01,EC35,31.3107150,120.5964965,199.9,BUSY,M-P-001,V2
183,183,L-UAV-01,AMZN,31.3032322,120.6006510,100.0,BUSY,M-L-001,V3
183,183,M-UAV-01,M600,31.3108767,120.6039862,30.5,AVAILABLE,,
183,183,M-UAV-02,M600,31.2971716,120.5956323,30.5,AVAILABLE,,
184,184,EVTOL-01,EC35,31.3103552,120.5964385,199.9,BUSY,M-P-001,V2
184,184,L-UAV-01,AMZN,31.3033514,120.6007266,100.0,BUSY,M-L-001,V3
184,184,M-UAV-01,M600,31.3108767,120.6039862,30.5,AVAILABLE,,
184,184,M-UAV-02,M600,31.2971716,120.5956323,30.5,AVAILABLE,,
185,185,EVTOL-01,EC35,31.3099925,120.5964163,199.9,BUSY,M-P-001,V2
185,185,L-UAV-01,AMZN,31.3034706,120.6008021,100.0,BUSY,M-L-001,V3
185,185,M-UAV-01,M600,31.3108767,120.6039862,30.5,AVAILABLE,,
185,185,M-UAV-02,M600,31.2971716,120.5956323,30.5,AVAILABLE,,
186,186,EVTOL-01,EC35,31.3096299,120.5963941,199.9,BUSY,M-P-001,V2
186,186,L-UAV-01,AMZN,31.3035898,120.6008777,100.0,BUSY,M-L-001,V3
186,186,M-UAV-01,M600,31.3108767,120.6039862,30.5,AVAILABLE,,
186,186,M-UAV-02,M600,31.2971716,120.5956323,30.5,AVAILABLE,,
187,187,EVTOL-01,EC35,31.3092672,120.5963719,199.9,BUSY,M-P-001,V2
187,187,L-UAV-01,AMZN,31.3037090,120.6009532,100.0,BUSY,M-L-001,V3
187,187,M-UAV-01,M600,31.3108767,120.6039862,30.5,AVAILABLE,,
187,187,M-UAV-02,M600,31.2971716,120.5956323,30.5,AVAILABLE,,
188,188,EVTOL-01,EC35,31.3089045,120.5963497,199.9,BUSY,M-P-001,V2
188,188,L-UAV-01,AMZN,31.3038282,120.6010288,100.0,BUSY,M-L-001,V3
188,188,M-UAV-01,M600,31.3108767,120.6039862,30.5,AVAILABLE,,
188,188,M-UAV-02,M600,31.2971716,120.5956323,30.5,AVAILABLE,,
189,189,EVTOL-01,EC35,31.3085418,120.5963276,199.9,BUSY,M-P-001,V2
189,189,L-UAV-01,AMZN,31.3039474,120.6011043,100.0,BUSY,M-L-001,V3
189,189,M-UAV-01,M600,31.3108767,120.6039862,30.5,AVAILABLE,,
189,189,M-UAV-02,M600,31.2971716,120.5956323,30.5,AVAILABLE,,
190,190,EVTOL-01,EC35,31.3081791,120.5963054,199.9,BUSY,M-P-001,V2
190,190,L-UAV-01,AMZN,31.3040666,120.6011799,100.0,BUSY,M-L-001,V3
190,190,M-UAV-01,M600,31.3108767,120.6039862,30.5,AVAILABLE,,
190,190,M-UAV-02,M600,31.2971716,120.5956323,30.5,AVAILABLE,,
191,191,EVTOL-01,EC35,31.3078164,120.5962832,199.9,BUSY,M-P-001,V2
191,191,L-UAV-01,AMZN,31.3041857,120.6012554,100.0,BUSY,M-L-001,V3
191,191,M-UAV-01,M600,31.3108767,120.6039862,30.5,AVAILABLE,,
191,191,M-UAV-02,M600,31.2971716,120.5956323,30.5,AVAILABLE,,
192,192,EVTOL-01,EC35,31.3074537,120.5962610,199.9,BUSY,M-P-001,V2
192,192,L-UAV-01,AMZN,31.3043049,120.6013310,100.0,BUSY,M-L-001,V3
192,192,M-UAV-01,M600,31.3108767,120.6039862,30.5,AVAILABLE,,
192,192,M-UAV-02,M600,31.2971716,120.5956323,30.5,AVAILABLE,,
193,193,EVTOL-01,EC35,31.3070910,120.5962388,199.9,BUSY,M-P-001,V2
193,193,L-UAV-01,AMZN,31.3044241,120.6014065,100.0,BUSY,M-L-001,V3
193,193,M-UAV-01,M600,31.3108767,120.6039862,30.5,AVAILABLE,,
193,193,M-UAV-02,M600,31.2971716,120.5956323,30.5,AVAILABLE,,
194,194,EVTOL-01,EC35,31.3067283,120.5962167,199.9,BUSY,M-P-001,V2
194,194,L-UAV-01,AMZN,31.3045433,120.6014821,100.0,BUSY,M-L-001,V3
194,194,M-UAV-01,M600,31.3108767,120.6039862,30.5,AVAILABLE,,
194,194,M-UAV-02,M600,31.2971716,120.5956323,30.5,AVAILABLE,,
195,195,EVTOL-01,EC35,31.3063656,120.5961945,199.9,BUSY,M-P-001,V2
195,195,L-UAV-01,AMZN,31.3046625,120.6015576,100.0,BUSY,M-L-001,V3
195,195,M-UAV-01,M600,31.3108767,120.6039862,30.5,AVAILABLE,,
195,195,M-UAV-02,M600,31.2971716,120.5956323,30.5,AVAILABLE,,
196,196,EVTOL-01,EC35,31.3060029,120.5961723,199.9,BUSY,M-P-001,V2
196,196,L-UAV-01,AMZN,31.3047817,120.6016332,100.0,BUSY,M-L-001,V3
196,196,M-UAV-01,M600,31.3108767,120.6039862,30.5,AVAILABLE,,
196,196,M-UAV-02,M600,31.2971716,120.5956323,30.5,AVAILABLE,,
197,197,EVTOL-01,EC35,31.3056402,120.5961501,199.9,BUSY,M-P-001,V2
197,197,L-UAV-01,AMZN,31.3049009,120.6017087,100.0,BUSY,M-L-001,V3
197,197,M-UAV-01,M600,31.3108767,120.6039862,30.5,AVAILABLE,,
197,197,M-UAV-02,M600,31.2971716,120.5956323,30.5,AVAILABLE,,
198,198,EVTOL-01,EC35,31.3052775,120.5961279,199.9,BUSY,M-P-001,V2
198,198,L-UAV-01,AMZN,31.3050201,120.6017843,100.0,BUSY,M-L-001,V3
198,198,M-UAV-01,M600,31.3108767,120.6039862,30.5,AVAILABLE,,
198,198,M-UAV-02,M600,31.2971716,120.5956323,30.5,AVAILABLE,,
199,199,EVTOL-01,EC35,31.3049148,120.5961058,199.9,BUSY,M-P-001,V2
199,199,L-UAV-01,AMZN,31.3051393,120.6018599,100.0,BUSY,M-L-001,V3
199,199,M-UAV-01,M600,31.3108767,120.6039862,30.5,AVAILABLE,,
199,199,M-UAV-02,M600,31.2971716,120.5956323,30.5,AVAILABLE,,
200,200,EVTOL-01,EC35,31.3045521,120.5960836,199.9,BUSY,M-P-001,V2
200,200,L-UAV-01,AMZN,31.3052584,120.6019354,100.0,BUSY,M-L-001,V3
200,200,M-UAV-01,M600,31.3108767,120.6039862,30.5,AVAILABLE,,
200,200,M-UAV-02,M600,31.2971716,120.5956323,30.5,AVAILABLE,,
201,201,EVTOL-01,EC35,31.3041894,120.5960614,199.9,BUSY,M-P-001,V2
201,201,L-UAV-01,AMZN,31.3053776,120.6020110,100.0,BUSY,M-L-001,V3
201,201,M-UAV-01,M600,31.3108767,120.6039862,30.5,AVAILABLE,,
201,201,M-UAV-02,M600,31.2971716,120.5956323,30.5,AVAILABLE,,
202,202,EVTOL-01,EC35,31.3038267,120.5960392,199.9,BUSY,M-P-001,V2
202,202,L-UAV-01,AMZN,31.3054968,120.6020865,100.0,BUSY,M-L-001,V3
202,202,M-UAV-01,M600,31.3108767,120.6039862,30.5,AVAILABLE,,
202,202,M-UAV-02,M600,31.2971716,120.5956323,30.5,AVAILABLE,,
203,203,EVTOL-01,EC35,31.3034640,120.5960171,199.9,BUSY,M-P-001,V2
203,203,L-UAV-01,AMZN,31.3056160,120.6021621,100.0,BUSY,M-L-001,V3
203,203,M-UAV-01,M600,31.3108767,120.6039862,30.5,AVAILABLE,,
203,203,M-UAV-02,M600,31.2971716,120.5956323,30.5,AVAILABLE,,
204,204,EVTOL-01,EC35,31.3031013,120.5959949,199.9,BUSY,M-P-001,V2
204,204,L-UAV-01,AMZN,31.3057352,120.6022376,100.0,BUSY,M-L-001,V3
204,204,M-UAV-01,M600,31.3108767,120.6039862,30.5,AVAILABLE,,
204,204,M-UAV-02,M600,31.2971716,120.5956323,30.5,AVAILABLE,,
205,205,EVTOL-01,EC35,31.3027386,120.5959727,199.9,BUSY,M-P-001,V2
205,205,L-UAV-01,AMZN,31.3058544,120.6023132,100.0,BUSY,M-L-001,V2
205,205,M-UAV-01,M600,31.3108767,120.6039862,30.5,AVAILABLE,,
205,205,M-UAV-02,M600,31.2971716,120.5956323,30.5,AVAILABLE,,
206,206,EVTOL-01,EC35,31.3023759,120.5959505,199.9,BUSY,M-P-001,V2
206,206,L-UAV-01,AMZN,31.3059874,120.6023436,100.0,BUSY,M-L-001,V2
206,206,M-UAV-01,M600,31.3108767,120.6039862,30.5,AVAILABLE,,
206,206,M-UAV-02,M600,31.2971716,120.5956323,30.5,AVAILABLE,,
207,207,EVTOL-01,EC35,31.3020132,120.5959284,199.9,BUSY,M-P-001,V2
207,207,L-UAV-01,AMZN,31.3061221,120.6023261,100.0,BUSY,M-L-001,V2
207,207,M-UAV-01,M600,31.3108767,120.6039862,30.5,AVAILABLE,,
207,207,M-UAV-02,M600,31.2971716,120.5956323,30.5,AVAILABLE,,
208,208,EVTOL-01,EC35,31.3016505,120.5959062,199.9,BUSY,M-P-001,V2
208,208,L-UAV-01,AMZN,31.3062462,120.6022623,100.0,BUSY,M-L-001,V2
208,208,M-UAV-01,M600,31.3108767,120.6039862,30.5,AVAILABLE,,
208,208,M-UAV-02,M600,31.2971716,120.5956323,30.5,AVAILABLE,,
209,209,EVTOL-01,EC35,31.3012878,120.5958840,199.9,BUSY,M-P-001,V2
209,209,L-UAV-01,AMZN,31.3063484,120.6021581,100.0,BUSY,M-L-001,V2
209,209,M-UAV-01,M600,31.3108767,120.6039862,30.5,AVAILABLE,,
209,209,M-UAV-02,M600,31.2971716,120.5956323,30.5,AVAILABLE,,
210,210,EVTOL-01,EC35,31.3009252,120.5958618,199.9,BUSY,M-P-001,V2
210,210,L-UAV-01,AMZN,31.3064193,120.6020228,100.0,BUSY,M-L-001,V2
210,210,M-UAV-01,M600,31.3108767,120.6039862,30.5,AVAILABLE,,
210,210,M-UAV-02,M600,31.2971716,120.5956323,30.5,AVAILABLE,,
211,211,EVTOL-01,EC35,31.3005625,120.5958396,199.9,BUSY,M-P-001,V2
211,211,L-UAV-01,AMZN,31.3064524,120.6018690,100.0,BUSY,M-L-001,V2
211,211,M-UAV-01,M600,31.3108767,120.6039862,30.5,AVAILABLE,,
211,211,M-UAV-02,M600,31.2971716,120.5956323,30.5,AVAILABLE,,
212,212,EVTOL-01,EC35,31.3001998,120.5958175,199.9,BUSY,M-P-001,V2
212,212,L-UAV-01,AMZN,31.3064447,120.6017106,100.0,BUSY,M-L-001,V2
212,212,M-UAV-01,M600,31.3108767,120.6039862,30.5,AVAILABLE,,
212,212,M-UAV-02,M600,31.2971716,120.5956323,30.5,AVAILABLE,,
213,213,EVTOL-01,EC35,31.2998371,120.5957953,199.9,BUSY,M-P-001,V2
213,213,L-UAV-01,AMZN,31.3063969,120.6015621,100.0,BUSY,M-L-001,V2
213,213,M-UAV-01,M600,31.3108767,120.6039862,30.5,AVAILABLE,,
213,213,M-UAV-02,M600,31.2971716,120.5956323,30.5,AVAILABLE,,
214,214,EVTOL-01,EC35,31.2994744,120.5957731,199.9,BUSY,M-P-001,V2
214,214,L-UAV-01,AMZN,31.3063135,120.6014371,100.0,BUSY,M-L-001,V2
214,214,M-UAV-01,M600,31.3108767,120.6039862,30.5,AVAILABLE,,
214,214,M-UAV-02,M600,31.2971716,120.5956323,30.5,AVAILABLE,,
215,215,EVTOL-01,EC35,31.2991117,120.5957509,199.9,BUSY,M-P-001,V2
215,215,L-UAV-01,AMZN,31.3062019,120.6013470,100.0,BUSY,M-L-001,V2
215,215,M-UAV-01,M600,31.3108767,120.6039862,30.5,AVAILABLE,,
215,215,M-UAV-02,M600,31.2971716,120.5956323,30.5,AVAILABLE,,
216,216,EVTOL-01,EC35,31.2987490,120.5957288,199.9,BUSY,M-P-001,V2
216,216,L-UAV-01,AMZN,31.3060827,120.6012716,100.0,BUSY,M-L-001,V2
216,216,M-UAV-01,M600,31.3108767,120.6039862,30.5,AVAILABLE,,
216,216,M-UAV-02,M600,31.2971716,120.5956323,30.5,AVAILABLE,,
217,217,EVTOL-01,EC35,31.2983863,120.5957066,199.9,BUSY,M-P-001,V2
217,217,L-UAV-01,AMZN,31.3059634,120.6011961,100.0,BUSY,M-L-001,V2
217,217,M-UAV-01,M600,31.3108767,120.6039862,30.5,AVAILABLE,,
217,217,M-UAV-02,M600,31.2971716,120.5956323,30.5,AVAILABLE,,
218,218,EVTOL-01,EC35,31.2980236,120.5956844,199.9,BUSY,M-P-001,V1
218,218,L-UAV-01,AMZN,31.3058442,120.6011206,100.0,BUSY,M-L-001,V2
218,218,M-UAV-01,M600,31.3108767,120.6039862,30.5,AVAILABLE,,
218,218,M-UAV-02,M600,31.2971716,120.5956323,30.5,AVAILABLE,,
219,219,EVTOL-01,EC35,31.2976611,120.5957103,199.9,BUSY,M-P-001,V1
219,219,L-UAV-01,AMZN,31.3057250,120.6010452,100.0,BUSY,M-L-001,V2
219,219,M-UAV-01,M600,31.3108767,120.6039862,30.5,AVAILABLE,,
219,219,M-UAV-02,M600,31.2971716,120.5956323,30.5,AVAILABLE,,
220,220,EVTOL-01,EC35,31.2973034,120.5957840,199.9,BUSY,M-P-001,V1
220,220,L-UAV-01,AMZN,31.3056058,120.6009697,100.0,BUSY,M-L-001,V2
220,220,M-UAV-01,M600,31.3108767,120.6039862,30.5,AVAILABLE,,
220,220,M-UAV-02,M600,31.2971716,120.5956323,30.5,AVAILABLE,,
221,221,EVTOL-01,EC35,31.2969551,120.5959046,199.9,BUSY,M-P-001,V1
221,221,L-UAV-01,AMZN,31.3054865,120.6008943,100.0,BUSY,M-L-001,V2
221,221,M-UAV-01,M600,31.3108767,120.6039862,30.5,AVAILABLE,,
221,221,M-UAV-02,M600,31.2971716,120.5956323,30.5,AVAILABLE,,
222,222,EVTOL-01,EC35,31.2966207,120.5960704,199.9,BUSY,M-P-001,V1
222,222,L-UAV-01,AMZN,31.3053673,120.6008188,100.0,BUSY,M-L-001,V2
222,222,M-UAV-01,M600,31.3108767,120.6039862,30.5,AVAILABLE,,
222,222,M-UAV-02,M600,31.2971716,120.5956323,30.5,AVAILABLE,,
223,223,EVTOL-01,EC35,31.2963044,120.5962793,199.9,BUSY,M-P-001,V1
223,223,L-UAV-01,AMZN,31.3052481,120.6007433,100.0,BUSY,M-L-001,V2
223,223,M-UAV-01,M600,31.3108767,120.6039862,30.5,AVAILABLE,,
223,223,M-UAV-02,M600,31.2971716,120.5956323,30.5,AVAILABLE,,
224,224,EVTOL-01,EC35,31.2960104,120.5965288,199.9,BUSY,M-P-001,V1
224,224,L-UAV-01,AMZN,31.3051288,120.6006679,100.0,BUSY,M-L-001,V2
224,224,M-UAV-01,M600,31.3108767,120.6039862,30.5,AVAILABLE,,
224,224,M-UAV-02,M600,31.2971716,120.5956323,30.5,AVAILABLE,,
225,225,EVTOL-01,EC35,31.2957423,120.5968155,199.9,BUSY,M-P-001,V1
225,225,L-UAV-01,AMZN,31.3050096,120.6005924,100.0,BUSY,M-L-001,V2
225,225,M-UAV-01,M600,31.3108767,120.6039862,30.5,AVAILABLE,,
225,225,M-UAV-02,M600,31.2971716,120.5956323,30.5,AVAILABLE,,
226,226,EVTOL-01,EC35,31.2955036,120.5971359,199.9,BUSY,M-P-001,V1
226,226,L-UAV-01,AMZN,31.3048904,120.6005170,100.0,BUSY,M-L-001,V2
226,226,M-UAV-01,M600,31.3108767,120.6039862,30.5,AVAILABLE,,
226,226,M-UAV-02,M600,31.2971716,120.5956323,30.5,AVAILABLE,,
227,227,EVTOL-01,EC35,31.2952973,120.5974857,199.9,BUSY,M-P-001,V1
227,227,L-UAV-01,AMZN,31.3047711,120.6004415,100.0,BUSY,M-L-001,V2
227,227,M-UAV-01,M600,31.3108767,120.6039862,30.5,AVAILABLE,,
227,227,M-UAV-02,M600,31.2971716,120.5956323,30.5,AVAILABLE,,
228,228,EVTOL-01,EC35,31.2951262,120.5978606,199.9,BUSY,M-P-001,V1
228,228,L-UAV-01,AMZN,31.3046519,120.6003660,100.0,BUSY,M-L-001,V2
228,228,M-UAV-01,M600,31.3108767,120.6039862,30.5,AVAILABLE,,
228,228,M-UAV-02,M600,31.2971716,120.5956323,30.5,AVAILABLE,,
229,229,EVTOL-01,EC35,31.2949923,120.5982557,199.9,BUSY,M-P-001,V1
229,229,L-UAV-01,AMZN,31.3045327,120.6002906,100.0,BUSY,M-L-001,V2
229,229,M-UAV-01,M600,31.3108767,120.6039862,30.5,AVAILABLE,,
229,229,M-UAV-02,M600,31.2971716,120.5956323,30.5,AVAILABLE,,
230,230,EVTOL-01,EC35,31.2948975,120.5986660,199.9,BUSY,M-P-001,V1
230,230,L-UAV-01,AMZN,31.3044134,120.6002151,100.0,BUSY,M-L-001,V2
230,230,M-UAV-01,M600,31.3108767,120.6039862,30.5,AVAILABLE,,
230,230,M-UAV-02,M600,31.2971716,120.5956323,30.5,AVAILABLE,,
231,231,EVTOL-01,EC35,31.2948429,120.5990862,199.9,BUSY,M-P-001,V1
231,231,L-UAV-01,AMZN,31.3042942,120.6001397,100.0,BUSY,M-L-001,V2
231,231,M-UAV-01,M600,31.3108767,120.6039862,30.5,AVAILABLE,,
231,231,M-UAV-02,M600,31.2971716,120.5956323,30.5,AVAILABLE,,
232,232,EVTOL-01,EC35,31.2948292,120.5995109,199.9,BUSY,M-P-001,V1
232,232,L-UAV-01,AMZN,31.3041750,120.6000642,100.0,BUSY,M-L-001,V2
232,232,M-UAV-01,M600,31.3108767,120.6039862,30.5,AVAILABLE,,
232,232,M-UAV-02,M600,31.2971716,120.5956323,30.5,AVAILABLE,,
233,233,EVTOL-01,EC35,31.2948566,120.5999348,199.9,BUSY,M-P-001,V1
233,233,L-UAV-01,AMZN,31.3040557,120.5999887,100.0,BUSY,M-L-001,V2
233,233,M-UAV-01,M600,31.3108767,120.6039862,30.5,AVAILABLE,,
233,233,M-UAV-02,M600,31.2971716,120.5956323,30.5,AVAILABLE,,
234,234,EVTOL-01,EC35,31.2949247,120.6003522,199.9,BUSY,M-P-001,V1
234,234,L-UAV-01,AMZN,31.3039365,120.5999133,100.0,BUSY,M-L-001,V2
234,234,M-UAV-01,M600,31.3108767,120.6039862,30.5,AVAILABLE,,
234,234,M-UAV-02,M600,31.2971716,120.5956323,30.5,AVAILABLE,,
235,235,EVTOL-01,EC35,31.2950327,120.6007580,199.9,BUSY,M-P-001,V1
235,235,L-UAV-01,AMZN,31.3038173,120.5998378,100.0,BUSY,M-L-001,V2
235,235,M-UAV-01,M600,31.3108767,120.6039862,30.5,AVAILABLE,,
235,235,M-UAV-02,M600,31.2971716,120.5956323,30.5,AVAILABLE,,
236,236,EVTOL-01,EC35,31.2951792,120.6011470,199.9,BUSY,M-P-001,V1
236,236,L-UAV-01,AMZN,31.3036980,120.5997624,100.0,BUSY,M-L-001,V2
236,236,M-UAV-01,M600,31.3108767,120.6039862,30.5,AVAILABLE,,
236,236,M-UAV-02,M600,31.2971716,120.5956323,30.5,AVAILABLE,,
237,237,EVTOL-01,EC35,31.2953624,120.6015140,199.9,BUSY,M-P-001,V1
237,237,L-UAV-01,AMZN,31.3035788,120.5996869,100.0,BUSY,M-L-001,V2
237,237,M-UAV-01,M600,31.3108767,120.6039862,30.5,AVAILABLE,,
237,237,M-UAV-02,M600,31.2971716,120.5956323,30.5,AVAILABLE,,
238,238,EVTOL-01,EC35,31.2955797,120.6018545,199.9,BUSY,M-P-001,V1
238,238,L-UAV-01,AMZN,31.3034596,120.5996115,100.0,BUSY,M-L-001,V2
238,238,M-UAV-01,M600,31.3108767,120.6039862,30.5,AVAILABLE,,
238,238,M-UAV-02,M600,31.2971716,120.5956323,30.5,AVAILABLE,,
239,239,EVTOL-01,EC35,31.2958286,120.6021641,199.9,BUSY,M-P-001,V1
239,239,L-UAV-01,AMZN,31.3033403,120.5995360,100.0,BUSY,M-L-001,V2
239,239,M-UAV-01,M600,31.3108767,120.6039862,30.5,AVAILABLE,,
239,239,M-UAV-02,M600,31.2971716,120.5956323,30.5,AVAILABLE,,
240,240,EVTOL-01,EC35,31.2961058,120.6024387,199.9,BUSY,M-P-001,V1
240,240,L-UAV-01,AMZN,31.3032211,120.5994605,100.0,BUSY,M-L-001,V2
240,240,M-UAV-01,M600,31.3108767,120.6039862,30.5,AVAILABLE,,
240,240,M-UAV-02,M600,31.2971716,120.5956323,30.5,AVAILABLE,,
241,241,EVTOL-01,EC35,31.2964077,120.6026750,199.9,BUSY,M-P-001,V1
241,241,L-UAV-01,AMZN,31.3031019,120.5993851,100.0,BUSY,M-L-001,V2
241,241,M-UAV-01,M600,31.3108767,120.6039862,30.5,AVAILABLE,,
241,241,M-UAV-02,M600,31.2971716,120.5956323,30.5,AVAILABLE,,
242,242,EVTOL-01,EC35,31.2967305,120.6028699,199.9,BUSY,M-P-001,V1
242,242,L-UAV-01,AMZN,31.3029826,120.5993096,100.0,BUSY,M-L-001,V2
242,242,M-UAV-01,M600,31.3108767,120.6039862,30.5,AVAILABLE,,
242,242,M-UAV-02,M600,31.2971716,120.5956323,30.5,AVAILABLE,,
243,243,EVTOL-01,EC35,31.2970700,120.6030208,199.9,BUSY,M-P-001,V1
243,243,L-UAV-01,AMZN,31.3028634,120.5992342,100.0,BUSY,M-L-001,V2
243,243,M-UAV-01,M600,31.3108767,120.6039862,30.5,AVAILABLE,,
243,243,M-UAV-02,M600,31.2971716,120.5956323,30.5,AVAILABLE,,
244,244,EVTOL-01,EC35,31.2974219,120.6031258,199.9,BUSY,M-P-001,V1
244,244,L-UAV-01,AMZN,31.3027442,120.5991587,100.0,BUSY,M-L-001,V2
244,244,M-UAV-01,M600,31.3108767,120.6039862,30.5,AVAILABLE,,
244,244,M-UAV-02,M600,31.2971716,120.5956323,30.5,AVAILABLE,,
245,245,EVTOL-01,EC35,31.2977817,120.6031836,199.9,BUSY,M-P-001,V1
245,245,L-UAV-01,AMZN,31.3026250,120.5990833,100.0,BUSY,M-L-001,V2
245,245,M-UAV-01,M600,31.3108767,120.6039862,30.5,AVAILABLE,,
245,245,M-UAV-02,M600,31.2971716,120.5956323,30.5,AVAILABLE,,
246,246,EVTOL-01,EC35,31.2981444,120.6032059,199.9,BUSY,M-P-001,V1
246,246,L-UAV-01,AMZN,31.3025057,120.5990078,100.0,BUSY,M-L-001,V2
246,246,M-UAV-01,M600,31.3108767,120.6039862,30.5,AVAILABLE,,
246,246,M-UAV-02,M600,31.2971716,120.5956323,30.5,AVAILABLE,,
247,247,EVTOL-01,EC35,31.2985071,120.6032281,199.9,BUSY,M-P-001,V1
247,247,L-UAV-01,AMZN,31.3023865,120.5989324,100.0,BUSY,M-L-001,V2
247,247,M-UAV-01,M600,31.3108767,120.6039862,30.5,AVAILABLE,,
247,247,M-UAV-02,M600,31.2971716,120.5956323,30.5,AVAILABLE,,
248,248,EVTOL-01,EC35,31.2988698,120.6032503,199.9,BUSY,M-P-001,V1
248,248,L-UAV-01,AMZN,31.3022673,120.5988569,100.0,BUSY,M-L-001,V2
248,248,M-UAV-01,M600,31.3108767,120.6039862,30.5,AVAILABLE,,
248,248,M-UAV-02,M600,31.2971716,120.5956323,30.5,AVAILABLE,,
249,249,EVTOL-01,EC35,31.2992325,120.6032725,199.9,BUSY,M-P-001,V1
249,249,L-UAV-01,AMZN,31.3021480,120.5987814,100.0,BUSY,M-L-001,V2
249,249,M-UAV-01,M600,31.3108767,120.6039862,30.5,AVAILABLE,,
249,249,M-UAV-02,M600,31.2971716,120.5956323,30.5,AVAILABLE,,
250,250,EVTOL-01,EC35,31.2995952,120.6032948,199.9,BUSY,M-P-001,V1
250,250,L-UAV-01,AMZN,31.3020288,120.5987060,100.0,BUSY,M-L-001,V2
250,250,M-UAV-01,M600,31.3108767,120.6039862,30.5,AVAILABLE,,
250,250,M-UAV-02,M600,31.2971716,120.5956323,30.5,AVAILABLE,,
251,251,EVTOL-01,EC35,31.2999579,120.6033170,199.9,BUSY,M-P-001,V1
251,251,L-UAV-01,AMZN,31.3019096,120.5986305,100.0,BUSY,M-L-001,V2
251,251,M-UAV-01,M600,31.3108767,120.6039862,30.5,AVAILABLE,,
251,251,M-UAV-02,M600,31.2971716,120.5956323,30.5,AVAILABLE,,
252,252,EVTOL-01,EC35,31.3003206,120.6033392,199.9,BUSY,M-P-001,V1
252,252,L-UAV-01,AMZN,31.3017903,120.5985551,100.0,BUSY,M-L-001,V2
252,252,M-UAV-01,M600,31.3108767,120.6039862,30.5,AVAILABLE,,
252,252,M-UAV-02,M600,31.2971716,120.5956323,30.5,AVAILABLE,,
253,253,EVTOL-01,EC35,31.3006833,120.6033614,199.9,BUSY,M-P-001,V1
253,253,L-UAV-01,AMZN,31.3016711,120.5984796,100.0,BUSY,M-L-001,V2
253,253,M-UAV-01,M600,31.3108767,120.6039862,30.5,AVAILABLE,,
253,253,M-UAV-02,M600,31.2971716,120.5956323,30.5,AVAILABLE,,
254,254,EVTOL-01,EC35,31.3010460,120.6033837,199.9,BUSY,M-P-001,V1
254,254,L-UAV-01,AMZN,31.3015519,120.5984042,100.0,BUSY,M-L-001,V2
254,254,M-UAV-01,M600,31.3108767,120.6039862,30.5,AVAILABLE,,
254,254,M-UAV-02,M600,31.2971716,120.5956323,30.5,AVAILABLE,,
255,255,EVTOL-01,EC35,31.3014087,120.6034059,199.9,BUSY,M-P-001,V1
255,255,L-UAV-01,AMZN,31.3014326,120.5983287,100.0,BUSY,M-L-001,V2
255,255,M-UAV-01,M600,31.3108767,120.6039862,30.5,AVAILABLE,,
255,255,M-UAV-02,M600,31.2971716,120.5956323,30.5,AVAILABLE,,
256,256,EVTOL-01,EC35,31.3017714,120.6034281,199.9,BUSY,M-P-001,V1
256,256,L-UAV-01,AMZN,31.3013134,120.5982533,100.0,BUSY,M-L-001,V2
256,256,M-UAV-01,M600,31.3108767,120.6039862,30.5,AVAILABLE,,
256,256,M-UAV-02,M600,31.2971716,120.5956323,30.5,AVAILABLE,,
257,257,EVTOL-01,EC35,31.3021340,120.6034503,199.9,BUSY,M-P-001,V1
257,257,L-UAV-01,AMZN,31.3011942,120.5981778,100.0,BUSY,M-L-001,V2
257,257,M-UAV-01,M600,31.3108767,120.6039862,30.5,AVAILABLE,,
257,257,M-UAV-02,M600,31.2971716,120.5956323,30.5,AVAILABLE,,
258,258,EVTOL-01,EC35,31.3024967,120.6034726,199.9,BUSY,M-P-001,V1
258,258,L-UAV-01,AMZN,31.3010749,120.5981024,100.0,BUSY,M-L-001,V2
258,258,M-UAV-01,M600,31.3108767,120.6039862,30.5,AVAILABLE,,
258,258,M-UAV-02,M600,31.2971716,120.5956323,30.5,AVAILABLE,,
259,259,EVTOL-01,EC35,31.3028594,120.6034948,199.9,BUSY,M-P-001,V1
259,259,L-UAV-01,AMZN,31.3009557,120.5980269,100.0,BUSY,M-L-001,V2
259,259,M-UAV-01,M600,31.3108767,120.6039862,30.5,AVAILABLE,,
259,259,M-UAV-02,M600,31.2971716,120.5956323,30.5,AVAILABLE,,
260,260,EVTOL-01,EC35,31.3032221,120.6035170,199.9,BUSY,M-P-001,V1
260,260,L-UAV-01,AMZN,31.3008365,120.5979514,100.0,BUSY,M-L-001,V2
260,260,M-UAV-01,M600,31.3108767,120.6039862,30.5,AVAILABLE,,
260,260,M-UAV-02,M600,31.2971716,120.5956323,30.5,AVAILABLE,,
261,261,EVTOL-01,EC35,31.3035848,120.6035392,199.9,BUSY,M-P-001,V1
261,261,L-UAV-01,AMZN,31.3007172,120.5978760,100.0,BUSY,M-L-001,V2
261,261,M-UAV-01,M600,31.3108767,120.6039862,30.5,AVAILABLE,,
261,261,M-UAV-02,M600,31.2971716,120.5956323,30.5,AVAILABLE,,
262,262,EVTOL-01,EC35,31.3039475,120.6035615,199.9,BUSY,M-P-001,V1
262,262,L-UAV-01,AMZN,31.3005980,120.5978005,100.0,BUSY,M-L-001,V2
262,262,M-UAV-01,M600,31.3108767,120.6039862,30.5,AVAILABLE,,
262,262,M-UAV-02,M600,31.2971716,120.5956323,30.5,AVAILABLE,,
263,263,EVTOL-01,EC35,31.3043102,120.6035837,199.9,BUSY,M-P-001,V1
263,263,L-UAV-01,AMZN,31.3004788,120.5977251,100.0,BUSY,M-L-001,V2
263,263,M-UAV-01,M600,31.3108767,120.6039862,30.5,AVAILABLE,,
263,263,M-UAV-02,M600,31.2971716,120.5956323,30.5,AVAILABLE,,
264,264,EVTOL-01,EC35,31.3046729,120.6036059,199.9,BUSY,M-P-001,V1
264,264,L-UAV-01,AMZN,31.3003595,120.5976496,100.0,BUSY,M-L-001,V2
264,264,M-UAV-01,M600,31.3108767,120.6039862,30.5,AVAILABLE,,
264,264,M-UAV-02,M600,31.2971716,120.5956323,30.5,AVAILABLE,,
265,265,EVTOL-01,EC35,31.3050356,120.6036282,199.9,BUSY,M-P-001,V1
265,265,L-UAV-01,AMZN,31.3002403,120.5975742,100.0,BUSY,M-L-001,V2
265,265,M-UAV-01,M600,31.3108767,120.6039862,30.5,AVAILABLE,,
265,265,M-UAV-02,M600,31.2971716,120.5956323,30.5,AVAILABLE,,
266,266,EVTOL-01,EC35,31.3053983,120.6036504,199.9,BUSY,M-P-001,V1
266,266,L-UAV-01,AMZN,31.3001211,120.5974987,100.0,BUSY,M-L-001,V2
266,266,M-UAV-01,M600,31.3108767,120.6039862,30.5,AVAILABLE,,
266,266,M-UAV-02,M600,31.2971716,120.5956323,30.5,AVAILABLE,,
267,267,EVTOL-01,EC35,31.3057610,120.6036726,199.9,BUSY,M-P-001,V1
267,267,L-UAV-01,AMZN,31.3000018,120.5974233,100.0,BUSY,M-L-001,V2
267,267,M-UAV-01,M600,31.3108767,120.6039862,30.5,AVAILABLE,,
267,267,M-UAV-02,M600,31.2971716,120.5956323,30.5,AVAILABLE,,
268,268,EVTOL-01,EC35,31.3061237,120.6036948,199.9,BUSY,M-P-001,V1
268,268,L-UAV-01,AMZN,31.2998826,120.5973478,100.0,BUSY,M-L-001,V2
268,268,M-UAV-01,M600,31.3108767,120.6039862,30.5,AVAILABLE,,
268,268,M-UAV-02,M600,31.2971716,120.5956323,30.5,AVAILABLE,,
269,269,EVTOL-01,EC35,31.3064864,120.6037171,199.9,BUSY,M-P-001,V1
269,269,L-UAV-01,AMZN,31.2997634,120.5972724,100.0,BUSY,M-L-001,V2
269,269,M-UAV-01,M600,31.3108767,120.6039862,30.5,AVAILABLE,,
269,269,M-UAV-02,M600,31.2971716,120.5956323,30.5,AVAILABLE,,
270,270,EVTOL-01,EC35,31.3068491,120.6037393,199.9,BUSY,M-P-001,V1
270,270,L-UAV-01,AMZN,31.2996441,120.5971969,100.0,BUSY,M-L-001,V2
270,270,M-UAV-01,M600,31.3108767,120.6039862,30.5,AVAILABLE,,
270,270,M-UAV-02,M600,31.2971716,120.5956323,30.5,AVAILABLE,,
271,271,EVTOL-01,EC35,31.3072118,120.6037615,199.9,BUSY,M-P-001,V1
271,271,L-UAV-01,AMZN,31.2995249,120.5971215,100.0,BUSY,M-L-001,V2
271,271,M-UAV-01,M600,31.3108767,120.6039862,30.5,AVAILABLE,,
271,271,M-UAV-02,M600,31.2971716,120.5956323,30.5,AVAILABLE,,
272,272,EVTOL-01,EC35,31.3075745,120.6037838,199.9,BUSY,M-P-001,V1
272,272,L-UAV-01,AMZN,31.2994057,120.5970460,100.0,BUSY,M-L-001,V2
272,272,M-UAV-01,M600,31.3108767,120.6039862,30.5,AVAILABLE,,
272,272,M-UAV-02,M600,31.2971716,120.5956323,30.5,AVAILABLE,,
273,273,EVTOL-01,EC35,31.3079371,120.6038060,199.9,BUSY,M-P-001,V1
273,273,L-UAV-01,AMZN,31.2992864,120.5969706,100.0,BUSY,M-L-001,V2
273,273,M-UAV-01,M600,31.3108767,120.6039862,30.5,AVAILABLE,,
273,273,M-UAV-02,M600,31.2971716,120.5956323,30.5,AVAILABLE,,
274,274,EVTOL-01,EC35,31.3082998,120.6038282,199.9,BUSY,M-P-001,V1
274,274,L-UAV-01,AMZN,31.2991672,120.5968951,100.0,BUSY,M-L-001,V2
274,274,M-UAV-01,M600,31.3108767,120.6039862,30.5,AVAILABLE,,
274,274,M-UAV-02,M600,31.2971716,120.5956323,30.5,AVAILABLE,,
275,275,EVTOL-01,EC35,31.3086625,120.6038504,199.9,BUSY,M-P-001,V1
275,275,L-UAV-01,AMZN,31.2990480,120.5968197,100.0,BUSY,M-L-001,V2
275,275,M-UAV-01,M600,31.3108767,120.6039862,30.5,AVAILABLE,,
275,275,M-UAV-02,M600,31.2971716,120.5956323,30.5,AVAILABLE,,
276,276,EVTOL-01,EC35,31.3090252,120.6038727,199.9,BUSY,M-P-001,V1
276,276,L-UAV-01,AMZN,31.2989287,120.5967442,100.0,BUSY,M-L-001,V2
276,276,M-UAV-01,M600,31.3108767,120.6039862,30.5,AVAILABLE,,
276,276,M-UAV-02,M600,31.2971716,120.5956323,30.5,AVAILABLE,,
277,277,EVTOL-01,EC35,31.3093879,120.6038949,199.9,BUSY,M-P-001,V1
277,277,L-UAV-01,AMZN,31.2988095,120.5966688,100.0,BUSY,M-L-001,V2
277,277,M-UAV-01,M600,31.3108767,120.6039862,30.5,AVAILABLE,,
277,277,M-UAV-02,M600,31.2971716,120.5956323,30.5,AVAILABLE,,
278,278,EVTOL-01,EC35,31.3097506,120.6039171,199.9,BUSY,M-P-001,V1
278,278,L-UAV-01,AMZN,31.2986903,120.5965933,100.0,BUSY,M-L-001,V2
278,278,M-UAV-01,M600,31.3108767,120.6039862,30.5,AVAILABLE,,
278,278,M-UAV-02,M600,31.2971716,120.5956323,30.5,AVAILABLE,,
279,279,EVTOL-01,EC35,31.3101133,120.6039394,199.9,BUSY,M-P-001,V2
279,279,L-UAV-01,AMZN,31.2985710,120.5965179,100.0,BUSY,M-L-001,V2
279,279,M-UAV-01,M600,31.3108767,120.6039862,30.5,AVAILABLE,,
279,279,M-UAV-02,M600,31.2971716,120.5956323,30.5,AVAILABLE,,
280,280,EVTOL-01,EC35,31.3104758,120.6039135,199.9,BUSY,M-P-001,V2
280,280,L-UAV-01,AMZN,31.2984518,120.5964424,100.0,BUSY,M-L-001,V2
280,280,M-UAV-01,M600,31.3108767,120.6039862,30.5,AVAILABLE,,
280,280,M-UAV-02,M600,31.2971716,120.5956323,30.5,AVAILABLE,,
281,281,EVTOL-01,EC35,31.3108335,120.6038398,199.9,BUSY,M-P-001,V2
281,281,L-UAV-01,AMZN,31.2983326,120.5963670,100.0,BUSY,M-L-001,V2
281,281,M-UAV-01,M600,31.3108767,120.6039862,30.5,AVAILABLE,,
281,281,M-UAV-02,M600,31.2971716,120.5956323,30.5,AVAILABLE,,
282,282,EVTOL-01,EC35,31.3111818,120.6037193,199.9,BUSY,M-P-001,V2
282,282,L-UAV-01,AMZN,31.2982133,120.5962915,100.0,BUSY,M-L-001,V2
282,282,M-UAV-01,M600,31.3108767,120.6039862,30.5,AVAILABLE,,
282,282,M-UAV-02,M600,31.2971716,120.5956323,30.5,AVAILABLE,,
283,283,EVTOL-01,EC35,31.3115162,120.6035535,199.9,BUSY,M-P-001,V2
283,283,L-UAV-01,AMZN,31.2980941,120.5962161,100.0,BUSY,M-L-001,V2
283,283,M-UAV-01,M600,31.3108767,120.6039862,30.5,AVAILABLE,,
283,283,M-UAV-02,M600,31.2971716,120.5956323,30.5,AVAILABLE,,
284,284,EVTOL-01,EC35,31.3118325,120.6033446,199.9,BUSY,M-P-001,V2
284,284,L-UAV-01,AMZN,31.2979749,120.5961406,100.0,BUSY,M-L-001,V2
284,284,M-UAV-01,M600,31.3108767,120.6039862,30.5,AVAILABLE,,
284,284,M-UAV-02,M600,31.2971716,120.5956323,30.5,AVAILABLE,,
285,285,EVTOL-01,EC35,31.3121266,120.6030951,199.9,BUSY,M-P-001,V2
285,285,L-UAV-01,AMZN,31.2978556,120.5960652,100.0,BUSY,M-L-001,V3
285,285,M-UAV-01,M600,31.3108767,120.6039862,30.5,AVAILABLE,,
285,285,M-UAV-02,M600,31.2971716,120.5956323,30.5,AVAILABLE,,
286,286,EVTOL-01,EC35,31.3123948,120.6028084,199.9,BUSY,M-P-001,V2
286,286,L-UAV-01,AMZN,31.2977226,120.5960349,100.0,BUSY,M-L-001,V3
286,286,M-UAV-01,M600,31.3108767,120.6039862,30.5,AVAILABLE,,
286,286,M-UAV-02,M600,31.2971716,120.5956323,30.5,AVAILABLE,,
287,287,EVTOL-01,EC35,31.3126335,120.6024880,199.9,BUSY,M-P-001,V2
287,287,L-UAV-01,AMZN,31.2975879,120.5960525,100.0,BUSY,M-L-001,V3
287,287,M-UAV-01,M600,31.3108767,120.6039862,30.5,AVAILABLE,,
287,287,M-UAV-02,M600,31.2971716,120.5956323,30.5,AVAILABLE,,
288,288,EVTOL-01,EC35,31.3128398,120.6021381,199.9,BUSY,M-P-001,V2
288,288,L-UAV-01,AMZN,31.2974638,120.5961164,100.0,BUSY,M-L-001,V3
288,288,M-UAV-01,M600,31.3108767,120.6039862,30.5,AVAILABLE,,
288,288,M-UAV-02,M600,31.2971716,120.5956323,30.5,AVAILABLE,,
289,289,EVTOL-01,EC35,31.3130109,120.6017632,199.9,BUSY,M-P-001,V2
289,289,L-UAV-01,AMZN,31.2973617,120.5962207,100.0,BUSY,M-L-001,V3
289,289,M-UAV-01,M600,31.3108767,120.6039862,30.5,AVAILABLE,,
289,289,M-UAV-02,M600,31.2971716,120.5956323,30.5,AVAILABLE,,
290,290,EVTOL-01,EC35,31.3131448,120.6013680,199.9,BUSY,M-P-001,V2
290,290,L-UAV-01,AMZN,31.2972909,120.5963560,100.0,BUSY,M-L-001,V3
290,290,M-UAV-01,M600,31.3108767,120.6039862,30.5,AVAILABLE,,
290,290,M-UAV-02,M600,31.2971716,120.5956323,30.5,AVAILABLE,,
291,291,EVTOL-01,EC35,31.3132397,120.6009577,199.9,BUSY,M-P-001,V2
291,291,L-UAV-01,AMZN,31.2972579,120.5965098,100.0,BUSY,M-L-001,V3
291,291,M-UAV-01,M600,31.3108767,120.6039862,30.5,AVAILABLE,,
291,291,M-UAV-02,M600,31.2971716,120.5956323,30.5,AVAILABLE,,
292,292,EVTOL-01,EC35,31.3132944,120.6005374,199.9,BUSY,M-P-001,V2
292,292,L-UAV-01,AMZN,31.2972657,120.5966682,100.0,BUSY,M-L-001,V3
292,292,M-UAV-01,M600,31.3108767,120.6039862,30.5,AVAILABLE,,
292,292,M-UAV-02,M600,31.2971716,120.5956323,30.5,AVAILABLE,,
293,293,EVTOL-01,EC35,31.3133081,120.6001126,199.9,BUSY,M-P-001,V2
293,293,L-UAV-01,AMZN,31.2973135,120.5968166,100.0,BUSY,M-L-001,V3
293,293,M-UAV-01,M600,31.3108767,120.6039862,30.5,AVAILABLE,,
293,293,M-UAV-02,M600,31.2971716,120.5956323,30.5,AVAILABLE,,
294,294,EVTOL-01,EC35,31.3132808,120.5996887,199.9,BUSY,M-P-001,V2
294,294,L-UAV-01,AMZN,31.2973971,120.5969415,100.0,BUSY,M-L-001,V3
294,294,M-UAV-01,M600,31.3108767,120.6039862,30.5,AVAILABLE,,
294,294,M-UAV-02,M600,31.2971716,120.5956323,30.5,AVAILABLE,,
295,295,EVTOL-01,EC35,31.3132127,120.5992711,199.9,BUSY,M-P-001,V2
295,295,L-UAV-01,AMZN,31.2975087,120.5970315,100.0,BUSY,M-L-001,V3
295,295,M-UAV-01,M600,31.3108767,120.6039862,30.5,AVAILABLE,,
295,295,M-UAV-02,M600,31.2971716,120.5956323,30.5,AVAILABLE,,
296,296,EVTOL-01,EC35,31.3131047,120.5988652,199.9,BUSY,M-P-001,V2
296,296,L-UAV-01,AMZN,31.2976279,120.5971070,100.0,BUSY,M-L-001,V3
296,296,M-UAV-01,M600,31.3108767,120.6039862,30.5,AVAILABLE,,
296,296,M-UAV-02,M600,31.2971716,120.5956323,30.5,AVAILABLE,,
297,297,EVTOL-01,EC35,31.3129582,120.5984762,199.9,BUSY,M-P-001,V2
297,297,L-UAV-01,AMZN,31.2977471,120.5971825,100.0,BUSY,M-L-001,V3
297,297,M-UAV-01,M600,31.3108767,120.6039862,30.5,AVAILABLE,,
297,297,M-UAV-02,M600,31.2971716,120.5956323,30.5,AVAILABLE,,
298,298,EVTOL-01,EC35,31.3127751,120.5981091,199.9,BUSY,M-P-001,V2
298,298,L-UAV-01,AMZN,31.2978664,120.5972579,100.0,BUSY,M-L-001,V3
298,298,M-UAV-01,M600,31.3108767,120.6039862,30.5,AVAILABLE,,
298,298,M-UAV-02,M600,31.2971716,120.5956323,30.5,AVAILABLE,,
299,299,EVTOL-01,EC35,31.3125578,120.5977685,199.9,BUSY,M-P-001,V2
299,299,L-UAV-01,AMZN,31.2979856,120.5973334,100.0,BUSY,M-L-001,V3
299,299,M-UAV-01,M600,31.3108767,120.6039862,30.5,AVAILABLE,,
299,299,M-UAV-02,M600,31.2971716,120.5956323,30.5,AVAILABLE,,
300,300,EVTOL-01,EC35,31.3123090,120.5974588,199.9,BUSY,M-P-001,V2
300,300,L-UAV-01,AMZN,31.2981048,120.5974088,100.0,BUSY,M-L-001,V3
300,300,M-UAV-01,M600,31.3108767,120.6039862,30.5,AVAILABLE,,
300,300,M-UAV-02,M600,31.2971716,120.5956323,30.5,AVAILABLE,,
301,301,EVTOL-01,EC35,31.3120318,120.5971841,199.9,BUSY,M-P-001,V2
301,301,L-UAV-01,AMZN,31.2982241,120.5974843,100.0,BUSY,M-L-001,V3
301,301,M-UAV-01,M600,31.3108767,120.6039862,30.5,AVAILABLE,,
301,301,M-UAV-02,M600,31.2971716,120.5956323,30.5,AVAILABLE,,
302,302,EVTOL-01,EC35,31.3117300,120.5969477,199.9,BUSY,M-P-001,V2
302,302,L-UAV-01,AMZN,31.2983433,120.5975597,100.0,BUSY,M-L-001,V3
302,302,M-UAV-01,M600,31.3108767,120.6039862,30.5,AVAILABLE,,
302,302,M-UAV-02,M600,31.2971716,120.5956323,30.5,AVAILABLE,,
303,303,EVTOL-01,EC35,31.3114072,120.5967528,199.9,BUSY,M-P-001,V2
303,303,L-UAV-01,AMZN,31.2984625,120.5976352,100.0,BUSY,M-L-001,V3
303,303,M-UAV-01,M600,31.3108767,120.6039862,30.5,AVAILABLE,,
303,303,M-UAV-02,M600,31.2971716,120.5956323,30.5,AVAILABLE,,
304,304,EVTOL-01,EC35,31.3110677,120.5966018,199.9,BUSY,M-P-001,V2
304,304,L-UAV-01,AMZN,31.2985818,120.5977107,100.0,BUSY,M-L-001,V3
304,304,M-UAV-01,M600,31.3108767,120.6039862,30.5,AVAILABLE,,
304,304,M-UAV-02,M600,31.2971716,120.5956323,30.5,AVAILABLE,,
305,305,EVTOL-01,EC35,31.3107158,120.5964967,199.9,BUSY,M-P-001,V2
305,305,L-UAV-01,AMZN,31.2987010,120.5977861,100.0,BUSY,M-L-001,V3
305,305,M-UAV-01,M600,31.3108767,120.6039862,30.5,AVAILABLE,,
305,305,M-UAV-02,M600,31.2971716,120.5956323,30.5,AVAILABLE,,
306,306,EVTOL-01,EC35,31.3103560,120.5964388,199.9,BUSY,M-P-001,V2
306,306,L-UAV-01,AMZN,31.2988202,120.5978616,100.0,BUSY,M-L-001,V3
306,306,M-UAV-01,M600,31.3108767,120.6039862,30.5,AVAILABLE,,
306,306,M-UAV-02,M600,31.2971716,120.5956323,30.5,AVAILABLE,,
307,307,EVTOL-01,EC35,31.3099933,120.5964166,199.9,BUSY,M-P-001,V2
307,307,L-UAV-01,AMZN,31.2989394,120.5979370,100.0,BUSY,M-L-001,V3
307,307,M-UAV-01,M600,31.3108767,120.6039862,30.5,AVAILABLE,,
307,307,M-UAV-02,M600,31.2971716,120.5956323,30.5,AVAILABLE,,
308,308,EVTOL-01,EC35,31.3096306,120.5963944,199.9,BUSY,M-P-001,V2
308,308,L-UAV-01,AMZN,31.2990587,120.5980125,100.0,BUSY,M-L-001,V3
308,308,M-UAV-01,M600,31.3108767,120.6039862,30.5,AVAILABLE,,
308,308,M-UAV-02,M600,31.2971716,120.5956323,30.5,AVAILABLE,,
309,309,EVTOL-01,EC35,31.3092679,120.5963723,199.9,BUSY,M-P-001,V2
309,309,L-UAV-01,AMZN,31.2991779,120.5980880,100.0,BUSY,M-L-001,V3
309,309,M-UAV-01,M600,31.3108767,120.6039862,30.5,AVAILABLE,,
309,309,M-UAV-02,M600,31.2971716,120.5956323,30.5,AVAILABLE,,
310,310,EVTOL-01,EC35,31.3089052,120.5963501,199.9,BUSY,M-P-001,V2
310,310,L-UAV-01,AMZN,31.2992971,120.5981634,100.0,BUSY,M-L-001,V3
310,310,M-UAV-01,M600,31.3108767,120.6039862,30.5,AVAILABLE,,
310,310,M-UAV-02,M600,31.2971716,120.5956323,30.5,AVAILABLE,,
311,311,EVTOL-01,EC35,31.3085425,120.5963279,199.9,BUSY,M-P-001,V2
311,311,L-UAV-01,AMZN,31.2994164,120.5982389,100.0,BUSY,M-L-001,V3
311,311,M-UAV-01,M600,31.3108767,120.6039862,30.5,AVAILABLE,,
311,311,M-UAV-02,M600,31.2971716,120.5956323,30.5,AVAILABLE,,
312,312,EVTOL-01,EC35,31.3081798,120.5963057,199.9,BUSY,M-P-001,V2
312,312,L-UAV-01,AMZN,31.2995356,120.5983143,100.0,BUSY,M-L-001,V3
312,312,M-UAV-01,M600,31.3108767,120.6039862,30.5,AVAILABLE,,
312,312,M-UAV-02,M600,31.2971716,120.5956323,30.5,AVAILABLE,,
313,313,EVTOL-01,EC35,31.3078171,120.5962835,199.9,BUSY,M-P-001,V2
313,313,L-UAV-01,AMZN,31.2996548,120.5983898,100.0,BUSY,M-L-001,V3
313,313,M-UAV-01,M600,31.3108767,120.6039862,30.5,AVAILABLE,,
313,313,M-UAV-02,M600,31.2971716,120.5956323,30.5,AVAILABLE,,
314,314,EVTOL-01,EC35,31.3074544,120.5962613,199.9,BUSY,M-P-001,V2
314,314,L-UAV-01,AMZN,31.2997740,120.5984653,100.0,BUSY,M-L-001,V3
314,314,M-UAV-01,M600,31.3108767,120.6039862,30.5,AVAILABLE,,
314,314,M-UAV-02,M600,31.2971716,120.5956323,30.5,AVAILABLE,,
315,315,EVTOL-01,EC35,31.3070917,120.5962391,199.9,BUSY,M-P-001,V2
315,315,L-UAV-01,AMZN,31.2998933,120.5985407,100.0,BUSY,M-L-001,V3
315,315,M-UAV-01,M600,31.3108767,120.6039862,30.5,AVAILABLE,,
315,315,M-UAV-02,M600,31.2971716,120.5956323,30.5,AVAILABLE,,
316,316,EVTOL-01,EC35,31.3067290,120.5962169,199.9,BUSY,M-P-001,V2
316,316,L-UAV-01,AMZN,31.3000125,120.5986162,100.0,BUSY,M-L-001,V3
316,316,M-UAV-01,M600,31.3108767,120.6039862,30.5,AVAILABLE,,
316,316,M-UAV-02,M600,31.2971716,120.5956323,30.5,AVAILABLE,,
317,317,EVTOL-01,EC35,31.3063663,120.5961948,199.9,BUSY,M-P-001,V2
317,317,L-UAV-01,AMZN,31.3001317,120.5986916,100.0,BUSY,M-L-001,V3
317,317,M-UAV-01,M600,31.3108767,120.6039862,30.5,AVAILABLE,,
317,317,M-UAV-02,M600,31.2971716,120.5956323,30.5,AVAILABLE,,
318,318,EVTOL-01,EC35,31.3060036,120.5961726,199.9,BUSY,M-P-001,V2
318,318,L-UAV-01,AMZN,31.3002510,120.5987671,100.0,BUSY,M-L-001,V3
318,318,M-UAV-01,M600,31.3108767,120.6039862,30.5,AVAILABLE,,
318,318,M-UAV-02,M600,31.2971716,120.5956323,30.5,AVAILABLE,,
319,319,EVTOL-01,EC35,31.3056409,120.5961504,199.9,BUSY,M-P-001,V2
319,319,L-UAV-01,AMZN,31.3003702,120.5988426,100.0,BUSY,M-L-001,V3
319,319,M-UAV-01,M600,31.3108767,120.6039862,30.5,AVAILABLE,,
319,319,M-UAV-02,M600,31.2971716,120.5956323,30.5,AVAILABLE,,
320,320,EVTOL-01,EC35,31.3052782,120.5961282,199.9,BUSY,M-P-001,V2
320,320,L-UAV-01,AMZN,31.3004894,120.5989180,100.0,BUSY,M-L-001,V3
320,320,M-UAV-01,M600,31.3108767,120.6039862,30.5,AVAILABLE,,
320,320,M-UAV-02,M600,31.2971716,120.5956323,30.5,AVAILABLE,,
321,321,EVTOL-01,EC35,31.3049155,120.5961060,199.9,BUSY,M-P-001,V2
321,321,L-UAV-01,AMZN,31.3006086,120.5989935,100.0,BUSY,M-L-001,V3
321,321,M-UAV-01,M600,31.3108767,120.6039862,30.5,AVAILABLE,,
321,321,M-UAV-02,M600,31.2971716,120.5956323,30.5,AVAILABLE,,
322,322,EVTOL-01,EC35,31.3045528,120.5960838,199.9,BUSY,M-P-001,V2
322,322,L-UAV-01,AMZN,31.3007279,120.5990690,100.0,BUSY,M-L-001,V3
322,322,M-UAV-01,M600,31.3108767,120.6039862,30.5,AVAILABLE,,
322,322,M-UAV-02,M600,31.2971716,120.5956323,30.5,AVAILABLE,,
323,323,EVTOL-01,EC35,31.3041901,120.5960616,199.9,BUSY,M-P-001,V2
323,323,L-UAV-01,AMZN,31.3008471,120.5991444,100.0,BUSY,M-L-001,V3
323,323,M-UAV-01,M600,31.3108767,120.6039862,30.5,AVAILABLE,,
323,323,M-UAV-02,M600,31.2971716,120.5956323,30.5,AVAILABLE,,
324,324,EVTOL-01,EC35,31.3038274,120.5960394,199.9,BUSY,M-P-001,V2
324,324,L-UAV-01,AMZN,31.3009663,120.5992199,100.0,BUSY,M-L-001,V3
324,324,M-UAV-01,M600,31.3108767,120.6039862,30.5,AVAILABLE,,
324,324,M-UAV-02,M600,31.2971716,120.5956323,30.5,AVAILABLE,,
325,325,EVTOL-01,EC35,31.3034647,120.5960173,199.9,BUSY,M-P-001,V2
325,325,L-UAV-01,AMZN,31.3010856,120.5992953,100.0,BUSY,M-L-001,V3
325,325,M-UAV-01,M600,31.3108767,120.6039862,30.5,AVAILABLE,,
325,325,M-UAV-02,M600,31.2971716,120.5956323,30.5,AVAILABLE,,
326,326,EVTOL-01,EC35,31.3031021,120.5959951,199.9,BUSY,M-P-001,V2
326,326,L-UAV-01,AMZN,31.3012048,120.5993708,100.0,BUSY,M-L-001,V3
326,326,M-UAV-01,M600,31.3108767,120.6039862,30.5,AVAILABLE,,
326,326,M-UAV-02,M600,31.2971716,120.5956323,30.5,AVAILABLE,,
327,327,EVTOL-01,EC35,31.3027394,120.5959729,199.9,BUSY,M-P-001,V2
327,327,L-UAV-01,AMZN,31.3013240,120.5994463,100.0,BUSY,M-L-001,V3
327,327,M-UAV-01,M600,31.3108767,120.6039862,30.5,AVAILABLE,,
327,327,M-UAV-02,M600,31.2971716,120.5956323,30.5,AVAILABLE,,
328,328,EVTOL-01,EC35,31.3023767,120.5959507,199.9,BUSY,M-P-001,V2
328,328,L-UAV-01,AMZN,31.3014432,120.5995217,100.0,BUSY,M-L-001,V3
328,328,M-UAV-01,M600,31.3108767,120.6039862,30.5,AVAILABLE,,
328,328,M-UAV-02,M600,31.2971716,120.5956323,30.5,AVAILABLE,,
329,329,EVTOL-01,EC35,31.3020140,120.5959285,199.9,BUSY,M-P-001,V2
329,329,L-UAV-01,AMZN,31.3015625,120.5995972,100.0,BUSY,M-L-001,V3
329,329,M-UAV-01,M600,31.3108767,120.6039862,30.5,AVAILABLE,,
329,329,M-UAV-02,M600,31.2971716,120.5956323,30.5,AVAILABLE,,
330,330,EVTOL-01,EC35,31.3016513,120.5959063,199.9,BUSY,M-P-001,V2
330,330,L-UAV-01,AMZN,31.3016817,120.5996727,100.0,BUSY,M-L-001,V3
330,330,M-UAV-01,M600,31.3108767,120.6039862,30.5,AVAILABLE,,
330,330,M-UAV-02,M600,31.2971716,120.5956323,30.5,AVAILABLE,,
331,331,EVTOL-01,EC35,31.3012886,120.5958841,199.9,BUSY,M-P-001,V2
331,331,L-UAV-01,AMZN,31.3018009,120.5997481,100.0,BUSY,M-L-001,V3
331,331,M-UAV-01,M600,31.3108767,120.6039862,30.5,AVAILABLE,,
331,331,M-UAV-02,M600,31.2971716,120.5956323,30.5,AVAILABLE,,
332,332,EVTOL-01,EC35,31.3009259,120.5958620,199.9,BUSY,M-P-001,V2
332,332,L-UAV-01,AMZN,31.3019202,120.5998236,100.0,BUSY,M-L-001,V3
332,332,M-UAV-01,M600,31.3108767,120.6039862,30.5,AVAILABLE,,
332,332,M-UAV-02,M600,31.2971716,120.5956323,30.5,AVAILABLE,,
333,333,EVTOL-01,EC35,31.3005632,120.5958398,199.9,BUSY,M-P-001,V2
333,333,L-UAV-01,AMZN,31.3020394,120.5998990,100.0,BUSY,M-L-001,V3
333,333,M-UAV-01,M600,31.3108767,120.6039862,30.5,AVAILABLE,,
333,333,M-UAV-02,M600,31.2971716,120.5956323,30.5,AVAILABLE,,
334,334,EVTOL-01,EC35,31.3002005,120.5958176,199.9,BUSY,M-P-001,V2
334,334,L-UAV-01,AMZN,31.3021586,120.5999745,100.0,BUSY,M-L-001,V3
334,334,M-UAV-01,M600,31.3108767,120.6039862,30.5,AVAILABLE,,
334,334,M-UAV-02,M600,31.2971716,120.5956323,30.5,AVAILABLE,,
335,335,EVTOL-01,EC35,31.2998378,120.5957954,199.9,BUSY,M-P-001,V2
335,335,L-UAV-01,AMZN,31.3022778,120.6000500,100.0,BUSY,M-L-001,V3
335,335,M-UAV-01,M600,31.3108767,120.6039862,30.5,AVAILABLE,,
335,335,M-UAV-02,M600,31.2971716,120.5956323,30.5,AVAILABLE,,
336,336,EVTOL-01,EC35,31.2994751,120.5957732,199.9,BUSY,M-P-001,V2
336,336,L-UAV-01,AMZN,31.3023971,120.6001254,100.0,BUSY,M-L-001,V3
336,336,M-UAV-01,M600,31.3108767,120.6039862,30.5,AVAILABLE,,
336,336,M-UAV-02,M600,31.2971716,120.5956323,30.5,AVAILABLE,,
337,337,EVTOL-01,EC35,31.2991124,120.5957510,199.9,BUSY,M-P-001,V2
337,337,L-UAV-01,AMZN,31.3025163,120.6002009,100.0,BUSY,M-L-001,V3
337,337,M-UAV-01,M600,31.3108767,120.6039862,30.5,AVAILABLE,,
337,337,M-UAV-02,M600,31.2971716,120.5956323,30.5,AVAILABLE,,
338,338,EVTOL-01,EC35,31.2987497,120.5957289,199.9,BUSY,M-P-001,V2
338,338,L-UAV-01,AMZN,31.3026355,120.6002764,100.0,BUSY,M-L-001,V3
338,338,M-UAV-01,M600,31.3108767,120.6039862,30.5,AVAILABLE,,
338,338,M-UAV-02,M600,31.2971716,120.5956323,30.5,AVAILABLE,,
339,339,EVTOL-01,EC35,31.2983870,120.5957067,199.9,BUSY,M-P-001,V2
339,339,L-UAV-01,AMZN,31.3027548,120.6003518,100.0,BUSY,M-L-001,V3
339,339,M-UAV-01,M600,31.3108767,120.6039862,30.5,AVAILABLE,,
339,339,M-UAV-02,M600,31.2971716,120.5956323,30.5,AVAILABLE,,
340,340,EVTOL-01,EC35,31.2980243,120.5956845,199.9,BUSY,M-P-001,V1
340,340,L-UAV-01,AMZN,31.3028740,120.6004273,100.0,BUSY,M-L-001,V3
340,340,M-UAV-01,M600,31.3108767,120.6039862,30.5,AVAILABLE,,
340,340,M-UAV-02,M600,31.2971716,120.5956323,30.5,AVAILABLE,,
341,341,EVTOL-01,EC35,31.2976618,120.5957104,199.9,BUSY,M-P-001,V1
341,341,L-UAV-01,AMZN,31.3029932,120.6005028,100.0,BUSY,M-L-001,V3
341,341,M-UAV-01,M600,31.3108767,120.6039862,30.5,AVAILABLE,,
341,341,M-UAV-02,M600,31.2971716,120.5956323,30.5,AVAILABLE,,
342,342,EVTOL-01,EC35,31.2973041,120.5957841,199.9,BUSY,M-P-001,V1
342,342,L-UAV-01,AMZN,31.3031124,120.6005782,100.0,BUSY,M-L-001,V3
342,342,M-UAV-01,M600,31.3108767,120.6039862,30.5,AVAILABLE,,
342,342,M-UAV-02,M600,31.2971716,120.5956323,30.5,AVAILABLE,,
343,343,EVTOL-01,EC35,31.2969558,120.5959046,199.9,BUSY,M-P-001,V1
343,343,L-UAV-01,AMZN,31.3032317,120.6006537,100.0,BUSY,M-L-001,V3
343,343,M-UAV-01,M600,31.3108767,120.6039862,30.5,AVAILABLE,,
343,343,M-UAV-02,M600,31.2971716,120.5956323,30.5,AVAILABLE,,
344,344,EVTOL-01,EC35,31.2966214,120.5960704,199.9,BUSY,M-P-001,V1
344,344,L-UAV-01,AMZN,31.3033509,120.6007292,100.0,BUSY,M-L-001,V3
344,344,M-UAV-01,M600,31.3108767,120.6039862,30.5,AVAILABLE,,
344,344,M-UAV-02,M600,31.2971716,120.5956323,30.5,AVAILABLE,,
345,345,EVTOL-01,EC35,31.2963051,120.5962794,199.9,BUSY,M-P-001,V1
345,345,L-UAV-01,AMZN,31.3034701,120.6008046,100.0,BUSY,M-L-001,V3
345,345,M-UAV-01,M600,31.3108767,120.6039862,30.5,AVAILABLE,,
345,345,M-UAV-02,M600,31.2971716,120.5956323,30.5,AVAILABLE,,
346,346,EVTOL-01,EC35,31.2960111,120.5965288,199.9,BUSY,M-P-001,V1
346,346,L-UAV-01,AMZN,31.3035894,120.6008801,100.0,BUSY,M-L-001,V3
346,346,M-UAV-01,M600,31.3108767,120.6039862,30.5,AVAILABLE,,
346,346,M-UAV-02,M600,31.2971716,120.5956323,30.5,AVAILABLE,,
347,347,EVTOL-01,EC35,31.2957430,120.5968155,199.9,BUSY,M-P-001,V1
347,347,L-UAV-01,AMZN,31.3037086,120.6009556,100.0,BUSY,M-L-001,V3
347,347,M-UAV-01,M600,31.3108767,120.6039862,30.5,AVAILABLE,,
347,347,M-UAV-02,M600,31.2971716,120.5956323,30.5,AVAILABLE,,
348,348,EVTOL-01,EC35,31.2955043,120.5971359,199.9,BUSY,M-P-001,V1
348,348,L-UAV-01,AMZN,31.3038278,120.6010310,100.0,BUSY,M-L-001,V3
348,348,M-UAV-01,M600,31.3108767,120.6039862,30.5,AVAILABLE,,
348,348,M-UAV-02,M600,31.2971716,120.5956323,30.5,AVAILABLE,,
349,349,EVTOL-01,EC35,31.2952980,120.5974857,199.9,BUSY,M-P-001,V1
349,349,L-UAV-01,AMZN,31.3039470,120.6011065,100.0,BUSY,M-L-001,V3
349,349,M-UAV-01,M600,31.3108767,120.6039862,30.5,AVAILABLE,,
349,349,M-UAV-02,M600,31.2971716,120.5956323,30.5,AVAILABLE,,
350,350,EVTOL-01,EC35,31.2951269,120.5978606,199.9,BUSY,M-P-001,V1
350,350,L-UAV-01,AMZN,31.3040663,120.6011820,100.0,BUSY,M-L-001,V3
350,350,M-UAV-01,M600,31.3108767,120.6039862,30.5,AVAILABLE,,
350,350,M-UAV-02,M600,31.2971716,120.5956323,30.5,AVAILABLE,,
351,351,EVTOL-01,EC35,31.2949930,120.5982557,199.9,BUSY,M-P-001,V1
351,351,L-UAV-01,AMZN,31.3041855,120.6012574,100.0,BUSY,M-L-001,V3
351,351,M-UAV-01,M600,31.3108767,120.6039862,30.5,AVAILABLE,,
351,351,M-UAV-02,M600,31.2971716,120.5956323,30.5,AVAILABLE,,
352,352,EVTOL-01,EC35,31.2948982,120.5986660,199.9,BUSY,M-P-001,V1
352,352,L-UAV-01,AMZN,31.3043047,120.6013329,100.0,BUSY,M-L-001,V3
352,352,M-UAV-01,M600,31.3108767,120.6039862,30.5,AVAILABLE,,
352,352,M-UAV-02,M600,31.2971716,120.5956323,30.5,AVAILABLE,,
353,353,EVTOL-01,EC35,31.2948436,120.5990862,199.9,BUSY,M-P-001,V1
353,353,L-UAV-01,AMZN,31.3044239,120.6014084,100.0,BUSY,M-L-001,V3
353,353,M-UAV-01,M600,31.3108767,120.6039862,30.5,AVAILABLE,,
353,353,M-UAV-02,M600,31.2971716,120.5956323,30.5,AVAILABLE,,
354,354,EVTOL-01,EC35,31.2948298,120.5995109,199.9,BUSY,M-P-001,V1
354,354,L-UAV-01,AMZN,31.3045432,120.6014838,100.0,BUSY,M-L-001,V3
354,354,M-UAV-01,M600,31.3108767,120.6039862,30.5,AVAILABLE,,
354,354,M-UAV-02,M600,31.2971716,120.5956323,30.5,AVAILABLE,,
355,355,EVTOL-01,EC35,31.2948572,120.5999347,199.9,BUSY,M-P-001,V1
355,355,L-UAV-01,AMZN,31.3046624,120.6015593,100.0,BUSY,M-L-001,V3
355,355,M-UAV-01,M600,31.3108767,120.6039862,30.5,AVAILABLE,,
355,355,M-UAV-02,M600,31.2971716,120.5956323,30.5,AVAILABLE,,
356,356,EVTOL-01,EC35,31.2949254,120.6003522,199.9,BUSY,M-P-001,V1
356,356,L-UAV-01,AMZN,31.3047816,120.6016348,100.0,BUSY,M-L-001,V3
356,356,M-UAV-01,M600,31.3108767,120.6039862,30.5,AVAILABLE,,
356,356,M-UAV-02,M600,31.2971716,120.5956323,30.5,AVAILABLE,,
357,357,EVTOL-01,EC35,31.2950334,120.6007580,199.9,BUSY,M-P-001,V1
357,357,L-UAV-01,AMZN,31.3049009,120.6017103,100.0,BUSY,M-L-001,V3
357,357,M-UAV-01,M600,31.3108767,120.6039862,30.5,AVAILABLE,,
357,357,M-UAV-02,M600,31.2971716,120.5956323,30.5,AVAILABLE,,
358,358,EVTOL-01,EC35,31.2951799,120.6011469,199.9,BUSY,M-P-001,V1
358,358,L-UAV-01,AMZN,31.3050201,120.6017857,100.0,BUSY,M-L-001,V3
358,358,M-UAV-01,M600,31.3108767,120.6039862,30.5,AVAILABLE,,
358,358,M-UAV-02,M600,31.2971716,120.5956323,30.5,AVAILABLE,,
359,359,EVTOL-01,EC35,31.2953630,120.6015140,199.9,BUSY,M-P-001,V1
359,359,L-UAV-01,AMZN,31.3051393,120.6018612,100.0,BUSY,M-L-001,V3
359,359,M-UAV-01,M600,31.3108767,120.6039862,30.5,AVAILABLE,,
359,359,M-UAV-02,M600,31.2971716,120.5956323,30.5,AVAILABLE,,
360,360,EVTOL-01,EC35,31.2955804,120.6018545,199.9,BUSY,M-P-001,V1
360,360,L-UAV-01,AMZN,31.3052585,120.6019367,100.0,BUSY,M-L-001,V3
360,360,M-UAV-01,M600,31.3108767,120.6039862,30.5,AVAILABLE,,
360,360,M-UAV-02,M600,31.2971716,120.5956323,30.5,AVAILABLE,,
361,361,EVTOL-01,EC35,31.2958292,120.6021641,199.9,BUSY,M-P-001,V1
361,361,L-UAV-01,AMZN,31.3053778,120.6020121,100.0,BUSY,M-L-001,V3
361,361,M-UAV-01,M600,31.3108767,120.6039862,30.5,AVAILABLE,,
361,361,M-UAV-02,M600,31.2971866,120.5956438,32.0,CONTINGENCY,,V3
362,362,EVTOL-01,EC35,31.2961064,120.6024388,199.9,BUSY,M-P-001,V1
362,362,L-UAV-01,AMZN,31.3054970,120.6020876,100.0,BUSY,M-L-001,V3
362,362,M-UAV-01,M600,31.3108767,120.6039862,30.5,AVAILABLE,,
362,362,M-UAV-02,M600,31.2972168,120.5956667,35.1,CONTINGENCY,,V3
363,363,EVTOL-01,EC35,31.2964083,120.6026750,199.9,BUSY,M-P-001,V1
363,363,L-UAV-01,AMZN,31.3056162,120.6021631,100.0,BUSY,M-L-001,V3
363,363,M-UAV-01,M600,31.3108767,120.6039862,30.5,AVAILABLE,,
363,363,M-UAV-02,M600,31.2972621,120.5957011,39.6,CONTINGENCY,,V3
364,364,EVTOL-01,EC35,31.2967311,120.6028699,199.9,BUSY,M-P-001,V1
364,364,L-UAV-01,AMZN,31.3057354,120.6022385,100.0,BUSY,M-L-001,V3
364,364,M-UAV-01,M600,31.3108767,120.6039862,30.5,AVAILABLE,,
364,364,M-UAV-02,M600,31.2973225,120.5957469,45.7,CONTINGENCY,,V3
365,365,EVTOL-01,EC35,31.2970706,120.6030208,199.9,BUSY,M-P-001,V1
365,365,L-UAV-01,AMZN,31.3058547,120.6023140,100.0,BUSY,M-L-001,V2
365,365,M-UAV-01,M600,31.3108767,120.6039862,30.5,AVAILABLE,,
365,365,M-UAV-02,M600,31.2973979,120.5958042,53.3,CONTINGENCY,,V3
366,366,EVTOL-01,EC35,31.2974225,120.6031259,199.9,BUSY,M-P-001,V1
366,366,L-UAV-01,AMZN,31.3059877,120.6023443,100.0,BUSY,M-L-001,V2
366,366,M-UAV-01,M600,31.3108767,120.6039862,30.5,AVAILABLE,,
366,366,M-UAV-02,M600,31.2974884,120.5958729,61.0,CONTINGENCY,,V3
367,367,EVTOL-01,EC35,31.2977823,120.6031837,199.9,BUSY,M-P-001,V1
367,367,L-UAV-01,AMZN,31.3061224,120.6023268,100.0,BUSY,M-L-001,V2
367,367,M-UAV-01,M600,31.3108767,120.6039862,30.5,AVAILABLE,,
367,367,M-UAV-02,M600,31.2975941,120.5959531,68.6,CONTINGENCY,,V3
368,368,EVTOL-01,EC35,31.2981450,120.6032059,199.9,BUSY,M-P-001,V1
368,368,L-UAV-01,AMZN,31.3062465,120.6022629,100.0,BUSY,M-L-001,V2
368,368,M-UAV-01,M600,31.3108767,120.6039862,30.5,AVAILABLE,,
368,368,M-UAV-02,M600,31.2977076,120.5960393,76.2,CONTINGENCY,,V3
369,369,EVTOL-01,EC35,31.2985077,120.6032281,199.9,BUSY,M-P-001,V1
369,369,L-UAV-01,AMZN,31.3063486,120.6021585,100.0,BUSY,M-L-001,V2
369,369,M-UAV-01,M600,31.3108767,120.6039862,30.5,AVAILABLE,,
369,369,M-UAV-02,M600,31.2978212,120.5961255,83.8,CONTINGENCY,,V3
370,370,EVTOL-01,EC35,31.2988704,120.6032504,199.9,BUSY,M-P-001,V1
370,370,L-UAV-01,AMZN,31.3064194,120.6020233,100.0,BUSY,M-L-001,V2
370,370,M-UAV-01,M600,31.3108767,120.6039862,30.5,AVAILABLE,,
370,370,M-UAV-02,M600,31.2979348,120.5962118,91.4,CONTINGENCY,,V3
371,371,EVTOL-01,EC35,31.2992331,120.6032726,199.9,BUSY,M-P-001,V1
371,371,L-UAV-01,AMZN,31.3064524,120.6018694,100.0,BUSY,M-L-001,V2
371,371,M-UAV-01,M600,31.3108767,120.6039862,30.5,AVAILABLE,,
371,371,M-UAV-02,M600,31.2980485,120.5962981,99.1,CONTINGENCY,,V3
372,372,EVTOL-01,EC35,31.2995958,120.6032948,199.9,BUSY,M-P-001,V1
372,372,L-UAV-01,AMZN,31.3064447,120.6017110,100.0,BUSY,M-L-001,V2
372,372,M-UAV-01,M600,31.3108767,120.6039862,30.5,AVAILABLE,,
372,372,M-UAV-02,M600,31.2981622,120.5963844,100.0,CONTINGENCY,,V3
373,373,EVTOL-01,EC35,31.2999585,120.6033170,199.9,BUSY,M-P-001,V1
373,373,L-UAV-01,AMZN,31.3063969,120.6015626,100.0,BUSY,M-L-001,V2
373,373,M-UAV-01,M600,31.3108767,120.6039862,30.5,AVAILABLE,,
373,373,M-UAV-02,M600,31.2982759,120.5964707,100.0,CONTINGENCY,,V3
374,374,EVTOL-01,EC35,31.3003212,120.6033393,199.9,BUSY,M-P-001,V1
374,374,L-UAV-01,AMZN,31.3063133,120.6014376,100.0,BUSY,M-L-001,V2
374,374,M-UAV-01,M600,31.3108767,120.6039862,30.5,AVAILABLE,,
374,374,M-UAV-02,M600,31.2983896,120.5965571,100.0,CONTINGENCY,,V3
375,375,EVTOL-01,EC35,31.3006839,120.6033615,199.9,BUSY,M-P-001,V1
375,375,L-UAV-01,AMZN,31.3062017,120.6013476,100.0,BUSY,M-L-001,V2
375,375,M-UAV-01,M600,31.3108767,120.6039862,30.5,AVAILABLE,,
375,375,M-UAV-02,M600,31.2985034,120.5966434,100.0,CONTINGENCY,,V3
376,376,EVTOL-01,EC35,31.3010466,120.6033837,199.9,BUSY,M-P-001,V1
376,376,L-UAV-01,AMZN,31.3060825,120.6012721,100.0,BUSY,M-L-001,V2
376,376,M-UAV-01,M600,31.3108767,120.6039862,30.5,AVAILABLE,,
376,376,M-UAV-02,M600,31.2986171,120.5967297,100.0,CONTINGENCY,,V3
377,377,EVTOL-01,EC35,31.3014093,120.6034059,199.9,BUSY,M-P-001,V1
377,377,L-UAV-01,AMZN,31.3059632,120.6011967,100.0,BUSY,M-L-001,V2
377,377,M-UAV-01,M600,31.3108767,120.6039862,30.5,AVAILABLE,,
377,377,M-UAV-02,M600,31.2987308,120.5968160,100.0,CONTINGENCY,,V3
378,378,EVTOL-01,EC35,31.3017720,120.6034282,199.9,BUSY,M-P-001,V1
378,378,L-UAV-01,AMZN,31.3058440,120.6011212,100.0,BUSY,M-L-001,V2
378,378,M-UAV-01,M600,31.3108767,120.6039862,30.5,AVAILABLE,,
378,378,M-UAV-02,M600,31.2988445,120.5969024,100.0,CONTINGENCY,,V3
379,379,EVTOL-01,EC35,31.3021346,120.6034504,199.9,BUSY,M-P-001,V1
379,379,L-UAV-01,AMZN,31.3057248,120.6010457,100.0,BUSY,M-L-001,V2
379,379,M-UAV-01,M600,31.3108767,120.6039862,30.5,AVAILABLE,,
379,379,M-UAV-02,M600,31.2989582,120.5969887,100.0,CONTINGENCY,,V3
380,380,EVTOL-01,EC35,31.3024973,120.6034726,199.9,BUSY,M-P-001,V1
380,380,L-UAV-01,AMZN,31.3056056,120.6009703,100.0,BUSY,M-L-001,V2
380,380,M-UAV-01,M600,31.3108767,120.6039862,30.5,AVAILABLE,,
380,380,M-UAV-02,M600,31.2990719,120.5970750,100.0,CONTINGENCY,,V3
381,381,EVTOL-01,EC35,31.3028600,120.6034948,199.9,BUSY,M-P-001,V1
381,381,L-UAV-01,AMZN,31.3054863,120.6008948,100.0,BUSY,M-L-001,V2
381,381,M-UAV-01,M600,31.3108767,120.6039862,30.5,AVAILABLE,,
381,381,M-UAV-02,M600,31.2991857,120.5971614,100.0,CONTINGENCY,,V3
382,382,EVTOL-01,EC35,31.3032227,120.6035171,199.9,BUSY,M-P-001,V1
382,382,L-UAV-01,AMZN,31.3053671,120.6008193,100.0,BUSY,M-L-001,V2
382,382,M-UAV-01,M600,31.3108767,120.6039862,30.5,AVAILABLE,,
382,382,M-UAV-02,M600,31.2992994,120.5972477,100.0,CONTINGENCY,,V3
383,383,EVTOL-01,EC35,31.3035854,120.6035393,199.9,BUSY,M-P-001,V1
383,383,L-UAV-01,AMZN,31.3052479,120.6007439,100.0,BUSY,M-L-001,V2
383,383,M-UAV-01,M600,31.3108767,120.6039862,30.5,AVAILABLE,,
383,383,M-UAV-02,M600,31.2994131,120.5973340,100.0,CONTINGENCY,,V3
384,384,EVTOL-01,EC35,31.3039481,120.6035615,199.9,BUSY,M-P-001,V1
384,384,L-UAV-01,AMZN,31.3051287,120.6006684,100.0,BUSY,M-L-001,V2
384,384,M-UAV-01,M600,31.3108767,120.6039862,30.5,AVAILABLE,,
384,384,M-UAV-02,M600,31.2995268,120.5974204,100.0,CONTINGENCY,,V3
385,385,EVTOL-01,EC35,31.3043108,120.6035837,199.9,BUSY,M-P-001,V1
385,385,L-UAV-01,AMZN,31.3050094,120.6005929,100.0,BUSY,M-L-001,V2
385,385,M-UAV-01,M600,31.3108767,120.6039862,30.5,AVAILABLE,,
385,385,M-UAV-02,M600,31.2996405,120.5975067,100.0,CONTINGENCY,,V3
386,386,EVTOL-01,EC35,31.3046735,120.6036060,199.9,BUSY,M-P-001,V1
386,386,L-UAV-01,AMZN,31.3048902,120.6005175,100.0,BUSY,M-L-001,V2
386,386,M-UAV-01,M600,31.3108767,120.6039862,30.5,AVAILABLE,,
386,386,M-UAV-02,M600,31.2997542,120.5975930,100.0,CONTINGENCY,,V3
387,387,EVTOL-01,EC35,31.3050362,120.6036282,199.9,BUSY,M-P-001,V1
387,387,L-UAV-01,AMZN,31.3047710,120.6004420,100.0,BUSY,M-L-001,V2
387,387,M-UAV-01,M600,31.3108767,120.6039862,30.5,AVAILABLE,,
387,387,M-UAV-02,M600,31.2998680,120.5976794,100.0,CONTINGENCY,,V3
388,388,EVTOL-01,EC35,31.3053989,120.6036504,199.9,BUSY,M-P-001,V1
388,388,L-UAV-01,AMZN,31.3046517,120.6003665,100.0,BUSY,M-L-001,V2
388,388,M-UAV-01,M600,31.3108767,120.6039862,30.5,AVAILABLE,,
388,388,M-UAV-02,M600,31.2999817,120.5977657,100.0,CONTINGENCY,,V3
389,389,EVTOL-01,EC35,31.3057616,120.6036727,199.9,BUSY,M-P-001,V1
389,389,L-UAV-01,AMZN,31.3045325,120.6002911,100.0,BUSY,M-L-001,V2
389,389,M-UAV-01,M600,31.3108767,120.6039862,30.5,AVAILABLE,,
389,389,M-UAV-02,M600,31.3000954,120.5978520,100.0,CONTINGENCY,,V3
390,390,EVTOL-01,EC35,31.3061243,120.6036949,199.9,BUSY,M-P-001,V1
390,390,L-UAV-01,AMZN,31.3044133,120.6002156,100.0,BUSY,M-L-001,V2
390,390,M-UAV-01,M600,31.3108767,120.6039862,30.5,AVAILABLE,,
390,390,M-UAV-02,M600,31.3002091,120.5979384,100.0,CONTINGENCY,,V3
391,391,EVTOL-01,EC35,31.3064870,120.6037171,199.9,BUSY,M-P-001,V1
391,391,L-UAV-01,AMZN,31.3042941,120.6001401,100.0,BUSY,M-L-001,V2
391,391,M-UAV-01,M600,31.3108767,120.6039862,30.5,AVAILABLE,,
391,391,M-UAV-02,M600,31.3003228,120.5980247,100.0,CONTINGENCY,,V3
392,392,EVTOL-01,EC35,31.3068497,120.6037393,199.9,BUSY,M-P-001,V1
392,392,L-UAV-01,AMZN,31.3041748,120.6000647,100.0,BUSY,M-L-001,V2
392,392,M-UAV-01,M600,31.3108767,120.6039862,30.5,AVAILABLE,,
392,392,M-UAV-02,M600,31.3004365,120.5981110,100.0,CONTINGENCY,,V3
393,393,EVTOL-01,EC35,31.3072124,120.6037616,199.9,BUSY,M-P-001,V1
393,393,L-UAV-01,AMZN,31.3040556,120.5999892,100.0,BUSY,M-L-001,V2
393,393,M-UAV-01,M600,31.3108767,120.6039862,30.5,AVAILABLE,,
393,393,M-UAV-02,M600,31.3005502,120.5981974,100.0,CONTINGENCY,,V3
394,394,EVTOL-01,EC35,31.3075750,120.6037838,199.9,BUSY,M-P-001,V1
394,394,L-UAV-01,AMZN,31.3039364,120.5999137,100.0,BUSY,M-L-001,V2
394,394,M-UAV-01,M600,31.3108767,120.6039862,30.5,AVAILABLE,,
394,394,M-UAV-02,M600,31.3006640,120.5982837,100.0,CONTINGENCY,,V3
395,395,EVTOL-01,EC35,31.3079377,120.6038060,199.9,BUSY,M-P-001,V1
395,395,L-UAV-01,AMZN,31.3038171,120.5998383,100.0,BUSY,M-L-001,V2
395,395,M-UAV-01,M600,31.3108767,120.6039862,30.5,AVAILABLE,,
395,395,M-UAV-02,M600,31.3007777,120.5983700,100.0,CONTINGENCY,,V3
396,396,EVTOL-01,EC35,31.3083004,120.6038283,199.9,BUSY,M-P-001,V1
396,396,L-UAV-01,AMZN,31.3036979,120.5997628,100.0,BUSY,M-L-001,V2
396,396,M-UAV-01,M600,31.3108767,120.6039862,30.5,AVAILABLE,,
396,396,M-UAV-02,M600,31.3008914,120.5984564,100.0,CONTINGENCY,,V3
397,397,EVTOL-01,EC35,31.3086631,120.6038505,199.9,BUSY,M-P-001,V1
397,397,L-UAV-01,AMZN,31.3035787,120.5996873,100.0,BUSY,M-L-001,V2
397,397,M-UAV-01,M600,31.3108767,120.6039862,30.5,AVAILABLE,,
397,397,M-UAV-02,M600,31.3010051,120.5985427,100.0,CONTINGENCY,,V3
398,398,EVTOL-01,EC35,31.3090258,120.6038727,199.9,BUSY,M-P-001,V1
398,398,L-UAV-01,AMZN,31.3034595,120.5996119,100.0,BUSY,M-L-001,V2
398,398,M-UAV-01,M600,31.3108767,120.6039862,30.5,AVAILABLE,,
398,398,M-UAV-02,M600,31.3011188,120.5986291,100.0,CONTINGENCY,,V3
399,399,EVTOL-01,EC35,31.3093885,120.6038949,199.9,BUSY,M-P-001,V1
399,399,L-UAV-01,AMZN,31.3033402,120.5995364,100.0,BUSY,M-L-001,V2
399,399,M-UAV-01,M600,31.3108767,120.6039862,30.5,AVAILABLE,,
399,399,M-UAV-02,M600,31.3012325,120.5987154,100.0,CONTINGENCY,,V3
400,400,EVTOL-01,EC35,31.3097512,120.6039172,199.9,BUSY,M-P-001,V1
400,400,L-UAV-01,AMZN,31.3032210,120.5994609,100.0,BUSY,M-L-001,V2
400,400,M-UAV-01,M600,31.3108767,120.6039862,30.5,AVAILABLE,,
400,400,M-UAV-02,M600,31.3013463,120.5988017,100.0,CONTINGENCY,,V3
401,401,EVTOL-01,EC35,31.3101139,120.6039394,199.9,BUSY,M-P-001,V2
401,401,L-UAV-01,AMZN,31.3031018,120.5993855,100.0,BUSY,M-L-001,V2
401,401,M-UAV-01,M600,31.3108767,120.6039862,30.5,AVAILABLE,,
401,401,M-UAV-02,M600,31.3014600,120.5988881,100.0,CONTINGENCY,,V3
402,402,EVTOL-01,EC35,31.3104764,120.6039135,199.9,BUSY,M-P-001,V2
402,402,L-UAV-01,AMZN,31.3029825,120.5993100,100.0,BUSY,M-L-001,V2
402,402,M-UAV-01,M600,31.3108767,120.6039862,30.5,AVAILABLE,,
402,402,M-UAV-02,M600,31.3015737,120.5989744,100.0,CONTINGENCY,,V3
403,403,EVTOL-01,EC35,31.3108341,120.6038399,199.9,BUSY,M-P-001,V2
403,403,L-UAV-01,AMZN,31.3028633,120.5992346,100.0,BUSY,M-L-001,V2
403,403,M-UAV-01,M600,31.3108767,120.6039862,30.5,AVAILABLE,,
403,403,M-UAV-02,M600,31.3016874,120.5990607,100.0,CONTINGENCY,,V3
404,404,EVTOL-01,EC35,31.3111824,120.6037194,199.9,BUSY,M-P-001,V2
404,404,L-UAV-01,AMZN,31.3027441,120.5991591,100.0,BUSY,M-L-001,V2
404,404,M-UAV-01,M600,31.3108767,120.6039862,30.5,AVAILABLE,,
404,404,M-UAV-02,M600,31.3018011,120.5991471,100.0,CONTINGENCY,,V3
405,405,EVTOL-01,EC35,31.3115168,120.6035536,199.9,BUSY,M-P-001,V2
405,405,L-UAV-01,AMZN,31.3026248,120.5990836,100.0,BUSY,M-L-001,V2
405,405,M-UAV-01,M600,31.3108767,120.6039862,30.5,AVAILABLE,,
405,405,M-UAV-02,M600,31.3019148,120.5992334,100.0,CONTINGENCY,,V3
406,406,EVTOL-01,EC35,31.3118331,120.6033446,199.9,BUSY,M-P-001,V2
406,406,L-UAV-01,AMZN,31.3025056,120.5990082,100.0,BUSY,M-L-001,V2
406,406,M-UAV-01,M600,31.3108767,120.6039862,30.5,AVAILABLE,,
406,406,M-UAV-02,M600,31.3020285,120.5993197,100.0,CONTINGENCY,,V3
407,407,EVTOL-01,EC35,31.3121272,120.6030952,199.9,BUSY,M-P-001,V2
407,407,L-UAV-01,AMZN,31.3023864,120.5989327,100.0,BUSY,M-L-001,V2
407,407,M-UAV-01,M600,31.3108767,120.6039862,30.5,AVAILABLE,,
407,407,M-UAV-02,M600,31.3021423,120.5994061,100.0,CONTINGENCY,,V3
408,408,EVTOL-01,EC35,31.3123954,120.6028084,199.9,BUSY,M-P-001,V2
408,408,L-UAV-01,AMZN,31.3022672,120.5988572,100.0,BUSY,M-L-001,V2
408,408,M-UAV-01,M600,31.3108767,120.6039862,30.5,AVAILABLE,,
408,408,M-UAV-02,M600,31.3022560,120.5994924,100.0,CONTINGENCY,,V3
409,409,EVTOL-01,EC35,31.3126341,120.6024881,199.9,BUSY,M-P-001,V2
409,409,L-UAV-01,AMZN,31.3021479,120.5987818,100.0,BUSY,M-L-001,V2
409,409,M-UAV-01,M600,31.3108767,120.6039862,30.5,AVAILABLE,,
409,409,M-UAV-02,M600,31.3023697,120.5995788,100.0,CONTINGENCY,,V3
410,410,EVTOL-01,EC35,31.3128404,120.6021382,199.9,BUSY,M-P-001,V2
410,410,L-UAV-01,AMZN,31.3020287,120.5987063,100.0,BUSY,M-L-001,V2
410,410,M-UAV-01,M600,31.3108767,120.6039862,30.5,AVAILABLE,,
410,410,M-UAV-02,M600,31.3024834,120.5996651,100.0,CONTINGENCY,,V3
411,411,EVTOL-01,EC35,31.3130115,120.6017632,199.9,BUSY,M-P-001,V2
411,411,L-UAV-01,AMZN,31.3019095,120.5986309,100.0,BUSY,M-L-001,V2
411,411,M-UAV-01,M600,31.3108767,120.6039862,30.5,AVAILABLE,,
411,411,M-UAV-02,M600,31.3025971,120.5997514,100.0,CONTINGENCY,,V3
412,412,EVTOL-01,EC35,31.3131454,120.6013681,199.9,BUSY,M-P-001,V2
412,412,L-UAV-01,AMZN,31.3017902,120.5985554,100.0,BUSY,M-L-001,V2
412,412,M-UAV-01,M600,31.3108767,120.6039862,30.5,AVAILABLE,,
412,412,M-UAV-02,M600,31.3027108,120.5998378,100.0,CONTINGENCY,,V3
413,413,EVTOL-01,EC35,31.3132403,120.6009577,199.9,BUSY,M-P-001,V2
413,413,L-UAV-01,AMZN,31.3016710,120.5984799,100.0,BUSY,M-L-001,V2
413,413,M-UAV-01,M600,31.3108767,120.6039862,30.5,AVAILABLE,,
413,413,M-UAV-02,M600,31.3028245,120.5999241,100.0,CONTINGENCY,,V3
414,414,EVTOL-01,EC35,31.3132950,120.6005374,199.9,BUSY,M-P-001,V2
414,414,L-UAV-01,AMZN,31.3015518,120.5984045,100.0,BUSY,M-L-001,V2
414,414,M-UAV-01,M600,31.3108767,120.6039862,30.5,AVAILABLE,,
414,414,M-UAV-02,M600,31.3029383,120.6000104,100.0,CONTINGENCY,,V3
415,415,EVTOL-01,EC35,31.3133087,120.6001126,199.9,BUSY,M-P-001,V2
415,415,L-UAV-01,AMZN,31.3014326,120.5983290,100.0,BUSY,M-L-001,V2
415,415,M-UAV-01,M600,31.3108767,120.6039862,30.5,AVAILABLE,,
415,415,M-UAV-02,M600,31.3030520,120.6000968,100.0,CONTINGENCY,,V3
416,416,EVTOL-01,EC35,31.3132814,120.5996887,199.9,BUSY,M-P-001,V2
416,416,L-UAV-01,AMZN,31.3013133,120.5982535,100.0,BUSY,M-L-001,V2
416,416,M-UAV-01,M600,31.3108767,120.6039862,30.5,AVAILABLE,,
416,416,M-UAV-02,M600,31.3031657,120.6001831,100.0,CONTINGENCY,,V3
417,417,EVTOL-01,EC35,31.3132133,120.5992712,199.9,BUSY,M-P-001,V2
417,417,L-UAV-01,AMZN,31.3011941,120.5981781,100.0,BUSY,M-L-001,V2
417,417,M-UAV-01,M600,31.3108767,120.6039862,30.5,AVAILABLE,,
417,417,M-UAV-02,M600,31.3032794,120.6002695,100.0,CONTINGENCY,,V3
418,418,EVTOL-01,EC35,31.3131053,120.5988653,199.9,BUSY,M-P-001,V2
418,418,L-UAV-01,AMZN,31.3010749,120.5981026,100.0,BUSY,M-L-001,V2
418,418,M-UAV-01,M600,31.3108767,120.6039862,30.5,AVAILABLE,,
418,418,M-UAV-02,M600,31.3033931,120.6003558,100.0,CONTINGENCY,,V3
419,419,EVTOL-01,EC35,31.3129588,120.5984763,199.9,BUSY,M-P-001,V2
419,419,L-UAV-01,AMZN,31.3009556,120.5980272,100.0,BUSY,M-L-001,V2
419,419,M-UAV-01,M600,31.3108767,120.6039862,30.5,AVAILABLE,,
419,419,M-UAV-02,M600,31.3035068,120.6004421,100.0,CONTINGENCY,,V3
420,420,EVTOL-01,EC35,31.3127757,120.5981091,199.9,BUSY,M-P-001,V2
420,420,L-UAV-01,AMZN,31.3008364,120.5979517,100.0,BUSY,M-L-001,V2
420,420,M-UAV-01,M600,31.3108767,120.6039862,30.5,AVAILABLE,,
420,420,M-UAV-02,M600,31.3036205,120.6005285,100.0,CONTINGENCY,,V3
421,421,EVTOL-01,EC35,31.3125584,120.5977685,199.9,BUSY,M-P-001,V2
421,421,L-UAV-01,AMZN,31.3007172,120.5978762,100.0,BUSY,M-L-001,V2
421,421,M-UAV-01,M600,31.3108767,120.6039862,30.5,AVAILABLE,,
421,421,M-UAV-02,M600,31.3037343,120.6006148,100.0,CONTINGENCY,,V3
422,422,EVTOL-01,EC35,31.3123096,120.5974589,199.9,BUSY,M-P-001,V2
422,422,L-UAV-01,AMZN,31.3005979,120.5978008,100.0,BUSY,M-L-001,V2
422,422,M-UAV-01,M600,31.3108767,120.6039862,30.5,AVAILABLE,,
422,422,M-UAV-02,M600,31.3038480,120.6007012,100.0,CONTINGENCY,,V3
423,423,EVTOL-01,EC35,31.3120324,120.5971841,199.9,BUSY,M-P-001,V2
423,423,L-UAV-01,AMZN,31.3004787,120.5977253,100.0,BUSY,M-L-001,V2
423,423,M-UAV-01,M600,31.3108767,120.6039862,30.5,AVAILABLE,,
423,423,M-UAV-02,M600,31.3039617,120.6007875,100.0,CONTINGENCY,,V3
424,424,EVTOL-01,EC35,31.3117305,120.5969478,199.9,BUSY,M-P-001,V2
424,424,L-UAV-01,AMZN,31.3003595,120.5976499,100.0,BUSY,M-L-001,V2
424,424,M-UAV-01,M600,31.3108767,120.6039862,30.5,AVAILABLE,,
424,424,M-UAV-02,M600,31.3040754,120.6008739,100.0,CONTINGENCY,,V3
425,425,EVTOL-01,EC35,31.3114078,120.5967528,199.9,BUSY,M-P-001,V2
425,425,L-UAV-01,AMZN,31.3002403,120.5975744,100.0,BUSY,M-L-001,V2
425,425,M-UAV-01,M600,31.3108767,120.6039862,30.5,AVAILABLE,,
425,425,M-UAV-02,M600,31.3041891,120.6009602,100.0,CONTINGENCY,,V3
426,426,EVTOL-01,EC35,31.3110683,120.5966019,199.9,BUSY,M-P-001,V2
426,426,L-UAV-01,AMZN,31.3001210,120.5974989,100.0,BUSY,M-L-001,V2
426,426,M-UAV-01,M600,31.3108767,120.6039862,30.5,AVAILABLE,,
426,426,M-UAV-02,M600,31.3043028,120.6010465,100.0,CONTINGENCY,,V3
427,427,EVTOL-01,EC35,31.3107164,120.5964968,199.9,BUSY,M-P-001,V2
427,427,L-UAV-01,AMZN,31.3000018,120.5974235,100.0,BUSY,M-L-001,V2
427,427,M-UAV-01,M600,31.3108767,120.6039862,30.5,AVAILABLE,,
427,427,M-UAV-02,M600,31.3044165,120.6011329,100.0,CONTINGENCY,,V3
428,428,EVTOL-01,EC35,31.3103565,120.5964389,199.9,BUSY,M-P-001,V2
428,428,L-UAV-01,AMZN,31.2998826,120.5973480,100.0,BUSY,M-L-001,V2
428,428,M-UAV-01,M600,31.3108767,120.6039862,30.5,AVAILABLE,,
428,428,M-UAV-02,M600,31.3045302,120.6012192,100.0,CONTINGENCY,,V3
429,429,EVTOL-01,EC35,31.3099939,120.5964167,199.9,BUSY,M-P-001,V2
429,429,L-UAV-01,AMZN,31.2997633,120.5972726,100.0,BUSY,M-L-001,V2
429,429,M-UAV-01,M600,31.3108767,120.6039862,30.5,AVAILABLE,,
429,429,M-UAV-02,M600,31.3046440,120.6013056,100.0,CONTINGENCY,,V3
430,430,EVTOL-01,EC35,31.3096312,120.5963945,199.9,BUSY,M-P-001,V2
430,430,L-UAV-01,AMZN,31.2996441,120.5971971,100.0,BUSY,M-L-001,V2
430,430,M-UAV-01,M600,31.3108767,120.6039862,30.5,AVAILABLE,,
430,430,M-UAV-02,M600,31.3047577,120.6013919,100.0,CONTINGENCY,,V3
431,431,EVTOL-01,EC35,31.3092685,120.5963723,199.9,BUSY,M-P-001,V2
431,431,L-UAV-01,AMZN,31.2995249,120.5971217,100.0,BUSY,M-L-001,V2
431,431,M-UAV-01,M600,31.3108767,120.6039862,30.5,AVAILABLE,,
431,431,M-UAV-02,M600,31.3048714,120.6014782,100.0,CONTINGENCY,,V3
432,432,EVTOL-01,EC35,31.3089058,120.5963501,199.9,BUSY,M-P-001,V2
432,432,L-UAV-01,AMZN,31.2994056,120.5970462,100.0,BUSY,M-L-001,V2
432,432,M-UAV-01,M600,31.3108767,120.6039862,30.5,AVAILABLE,,
432,432,M-UAV-02,M600,31.3049851,120.6015646,100.0,CONTINGENCY,,V3
433,433,EVTOL-01,EC35,31.3085431,120.5963279,199.9,BUSY,M-P-001,V2
433,433,L-UAV-01,AMZN,31.2992864,120.5969707,100.0,BUSY,M-L-001,V2
433,433,M-UAV-01,M600,31.3108767,120.6039862,30.5,AVAILABLE,,
433,433,M-UAV-02,M600,31.3050988,120.6016509,100.0,CONTINGENCY,,V3
434,434,EVTOL-01,EC35,31.3081804,120.5963057,199.9,BUSY,M-P-001,V2
434,434,L-UAV-01,AMZN,31.2991672,120.5968953,100.0,BUSY,M-L-001,V2
434,434,M-UAV-01,M600,31.3108767,120.6039862,30.5,AVAILABLE,,
434,434,M-UAV-02,M600,31.3052125,120.6017373,100.0,CONTINGENCY,,V3
435,435,EVTOL-01,EC35,31.3078177,120.5962835,199.9,BUSY,M-P-001,V2
435,435,L-UAV-01,AMZN,31.2990480,120.5968198,100.0,BUSY,M-L-001,V2
435,435,M-UAV-01,M600,31.3108767,120.6039862,30.5,AVAILABLE,,
435,435,M-UAV-02,M600,31.3053262,120.6018236,100.0,CONTINGENCY,,V3
436,436,EVTOL-01,EC35,31.3074550,120.5962614,199.9,BUSY,M-P-001,V2
436,436,L-UAV-01,AMZN,31.2989287,120.5967444,100.0,BUSY,M-L-001,V2
436,436,M-UAV-01,M600,31.3108767,120.6039862,30.5,AVAILABLE,,
436,436,M-UAV-02,M600,31.3054400,120.6019100,100.0,CONTINGENCY,,V3
437,437,EVTOL-01,EC35,31.3070923,120.5962392,199.9,BUSY,M-P-001,V2
437,437,L-UAV-01,AMZN,31.2988095,120.5966689,100.0,BUSY,M-L-001,V2
437,437,M-UAV-01,M600,31.3108767,120.6039862,30.5,AVAILABLE,,
437,437,M-UAV-02,M600,31.3055537,120.6019963,100.0,CONTINGENCY,,V3
438,438,EVTOL-01,EC35,31.3067296,120.5962170,199.9,BUSY,M-P-001,V2
438,438,L-UAV-01,AMZN,31.2986903,120.5965934,100.0,BUSY,M-L-001,V2
438,438,M-UAV-01,M600,31.3108767,120.6039862,30.5,AVAILABLE,,
438,438,M-UAV-02,M600,31.3056674,120.6020826,100.0,CONTINGENCY,,V3
439,439,EVTOL-01,EC35,31.3063669,120.5961948,199.9,BUSY,M-P-001,V2
439,439,L-UAV-01,AMZN,31.2985710,120.5965180,100.0,BUSY,M-L-001,V2
439,439,M-UAV-01,M600,31.3108767,120.6039862,30.5,AVAILABLE,,
439,439,M-UAV-02,M600,31.3057811,120.6021690,100.0,CONTINGENCY,,V3
440,440,EVTOL-01,EC35,31.3060042,120.5961726,199.9,BUSY,M-P-001,V2
440,440,L-UAV-01,AMZN,31.2984518,120.5964425,100.0,BUSY,M-L-001,V2
440,440,M-UAV-01,M600,31.3108767,120.6039862,30.5,AVAILABLE,,
440,440,M-UAV-02,M600,31.3058948,120.6022553,100.0,CONTINGENCY,,
441,441,EVTOL-01,EC35,31.3056415,120.5961504,199.9,BUSY,M-P-001,V2
441,441,L-UAV-01,AMZN,31.2983326,120.5963671,100.0,BUSY,M-L-001,V2
441,441,M-UAV-01,M600,31.3108767,120.6039862,30.5,AVAILABLE,,
441,441,M-UAV-02,M600,31.3059934,120.6023302,98.5,CONTINGENCY,,
442,442,EVTOL-01,EC35,31.3052788,120.5961282,199.9,BUSY,M-P-001,V2
442,442,L-UAV-01,AMZN,31.2982133,120.5962916,100.0,BUSY,M-L-001,V2
442,442,M-UAV-01,M600,31.3108767,120.6039862,30.5,AVAILABLE,,
442,442,M-UAV-02,M600,31.3060770,120.6023937,95.4,CONTINGENCY,,
443,443,EVTOL-01,EC35,31.3049161,120.5961060,199.9,BUSY,M-P-001,V2
443,443,L-UAV-01,AMZN,31.2980941,120.5962162,100.0,BUSY,M-L-001,V2
443,443,M-UAV-01,M600,31.3108767,120.6039862,30.5,AVAILABLE,,
443,443,M-UAV-02,M600,31.3061454,120.6024456,90.8,CONTINGENCY,,
444,444,EVTOL-01,EC35,31.3045534,120.5960839,199.9,BUSY,M-P-001,V2
444,444,L-UAV-01,AMZN,31.2979749,120.5961407,100.0,BUSY,M-L-001,V2
444,444,M-UAV-01,M600,31.3108767,120.6039862,30.5,AVAILABLE,,
444,444,M-UAV-02,M600,31.3061988,120.6024861,84.7,CONTINGENCY,,
445,445,EVTOL-01,EC35,31.3041907,120.5960617,199.9,BUSY,M-P-001,V2
445,445,L-UAV-01,AMZN,31.2978556,120.5960653,100.0,BUSY,M-L-001,V3
445,445,M-UAV-01,M600,31.3108767,120.6039862,30.5,AVAILABLE,,
445,445,M-UAV-02,M600,31.3062370,120.6025152,77.1,CONTINGENCY,,
446,446,EVTOL-01,EC35,31.3038280,120.5960395,199.9,BUSY,M-P-001,V2
446,446,L-UAV-01,AMZN,31.2977226,120.5960349,100.0,BUSY,M-L-001,V3
446,446,M-UAV-01,M600,31.3108767,120.6039862,30.5,AVAILABLE,,
446,446,M-UAV-02,M600,31.3062602,120.6025328,69.5,CONTINGENCY,,
447,447,EVTOL-01,EC35,31.3034653,120.5960173,199.9,BUSY,M-P-001,V2
447,447,L-UAV-01,AMZN,31.2975879,120.5960525,100.0,BUSY,M-L-001,V3
447,447,M-UAV-01,M600,31.3108767,120.6039862,30.5,AVAILABLE,,
447,447,M-UAV-02,M600,31.3062683,120.6025389,61.9,CONTINGENCY,,
448,448,EVTOL-01,EC35,31.3031026,120.5959951,199.9,BUSY,M-P-001,V2
448,448,L-UAV-01,AMZN,31.2974638,120.5961164,100.0,BUSY,M-L-001,V3
448,448,M-UAV-01,M600,31.3108767,120.6039862,30.5,AVAILABLE,,
448,448,M-UAV-02,M600,31.3062683,120.6025389,54.3,CONTINGENCY,,
449,449,EVTOL-01,EC35,31.3027399,120.5959729,199.9,BUSY,M-P-001,V2
449,449,L-UAV-01,AMZN,31.2973617,120.5962207,100.0,BUSY,M-L-001,V3
449,449,M-UAV-01,M600,31.3108767,120.6039862,30.5,AVAILABLE,,
449,449,M-UAV-02,M600,31.3062683,120.6025389,46.6,CONTINGENCY,,
450,450,EVTOL-01,EC35,31.3023773,120.5959507,199.9,BUSY,M-P-001,V2
450,450,L-UAV-01,AMZN,31.2972909,120.5963560,100.0,BUSY,M-L-001,V3
450,450,M-UAV-01,M600,31.3108767,120.6039862,30.5,AVAILABLE,,
450,450,M-UAV-02,M600,31.3062683,120.6025389,39.0,CONTINGENCY,,
451,451,EVTOL-01,EC35,31.3020146,120.5959286,199.9,BUSY,M-P-001,V2
451,451,L-UAV-01,AMZN,31.2972579,120.5965099,100.0,BUSY,M-L-001,V3
451,451,M-UAV-01,M600,31.3108767,120.6039862,30.5,AVAILABLE,,
451,451,M-UAV-02,M600,31.3062683,120.6025389,31.4,CONTINGENCY,,
452,452,EVTOL-01,EC35,31.3016519,120.5959064,199.9,BUSY,M-P-001,V2
452,452,L-UAV-01,AMZN,31.2972657,120.5966682,100.0,BUSY,M-L-001,V3
452,452,M-UAV-01,M600,31.3108767,120.6039862,30.5,AVAILABLE,,
452,452,M-UAV-02,M600,31.3062683,120.6025389,30.5,CONTINGENCY,,
453,453,EVTOL-01,EC35,31.3012892,120.5958842,199.9,BUSY,M-P-001,V2
453,453,L-UAV-01,AMZN,31.2973135,120.5968167,100.0,BUSY,M-L-001,V3
453,453,M-UAV-01,M600,31.3108767,120.6039862,30.5,AVAILABLE,,
453,453,M-UAV-02,M600,31.3062683,120.6025389,30.5,CONTINGENCY,,
454,454,EVTOL-01,EC35,31.3009265,120.5958620,199.9,BUSY,M-P-001,V2
454,454,L-UAV-01,AMZN,31.2973971,120.5969416,100.0,BUSY,M-L-001,V3
454,454,M-UAV-01,M600,31.3108767,120.6039862,30.5,AVAILABLE,,
454,454,M-UAV-02,M600,31.3062683,120.6025389,30.5,CONTINGENCY,,
455,455,EVTOL-01,EC35,31.3005638,120.5958398,199.9,BUSY,M-P-001,V2
455,455,L-UAV-01,AMZN,31.2975087,120.5970316,100.0,BUSY,M-L-001,V3
455,455,M-UAV-01,M600,31.3108767,120.6039862,30.5,AVAILABLE,,
455,455,M-UAV-02,M600,31.3062683,120.6025389,30.5,CONTINGENCY,,
456,456,EVTOL-01,EC35,31.3002011,120.5958176,199.9,BUSY,M-P-001,V2
456,456,L-UAV-01,AMZN,31.2976279,120.5971070,100.0,BUSY,M-L-001,V3
456,456,M-UAV-01,M600,31.3108767,120.6039862,30.5,AVAILABLE,,
456,456,M-UAV-02,M600,31.3062683,120.6025389,30.5,CONTINGENCY,,
457,457,EVTOL-01,EC35,31.2998384,120.5957954,199.9,BUSY,M-P-001,V2
457,457,L-UAV-01,AMZN,31.2977471,120.5971825,100.0,BUSY,M-L-001,V3
457,457,M-UAV-01,M600,31.3108767,120.6039862,30.5,AVAILABLE,,
457,457,M-UAV-02,M600,31.3062683,120.6025389,30.5,CONTINGENCY,,
458,458,EVTOL-01,EC35,31.2994757,120.5957733,199.9,BUSY,M-P-001,V2
458,458,L-UAV-01,AMZN,31.2978664,120.5972580,100.0,BUSY,M-L-001,V3
458,458,M-UAV-01,M600,31.3108767,120.6039862,30.5,AVAILABLE,,
458,458,M-UAV-02,M600,31.3062683,120.6025389,30.5,CONTINGENCY,,
459,459,EVTOL-01,EC35,31.2991130,120.5957511,199.9,BUSY,M-P-001,V2
459,459,L-UAV-01,AMZN,31.2979856,120.5973334,100.0,BUSY,M-L-001,V3
459,459,M-UAV-01,M600,31.3108767,120.6039862,30.5,AVAILABLE,,
459,459,M-UAV-02,M600,31.3062683,120.6025389,30.5,CONTINGENCY,,
460,460,EVTOL-01,EC35,31.2987503,120.5957289,199.9,BUSY,M-P-001,V2
460,460,L-UAV-01,AMZN,31.2981048,120.5974089,100.0,BUSY,M-L-001,V3
460,460,M-UAV-01,M600,31.3108767,120.6039862,30.5,AVAILABLE,,
460,460,M-UAV-02,M600,31.3062683,120.6025389,30.5,CONTINGENCY,,
461,461,EVTOL-01,EC35,31.2983876,120.5957067,199.9,BUSY,M-P-001,V2
461,461,L-UAV-01,AMZN,31.2982241,120.5974843,100.0,BUSY,M-L-001,V3
461,461,M-UAV-01,M600,31.3108767,120.6039862,30.5,AVAILABLE,,
461,461,M-UAV-02,M600,31.3062683,120.6025389,30.5,CONTINGENCY,,
462,462,EVTOL-01,EC35,31.2980249,120.5956845,199.9,BUSY,M-P-001,V1
462,462,L-UAV-01,AMZN,31.2983433,120.5975598,100.0,BUSY,M-L-001,V3
462,462,M-UAV-01,M600,31.3108767,120.6039862,30.5,AVAILABLE,,
462,462,M-UAV-02,M600,31.3062683,120.6025389,30.5,CONTINGENCY,,
463,463,EVTOL-01,EC35,31.2976624,120.5957104,199.9,BUSY,M-P-001,V1
463,463,L-UAV-01,AMZN,31.2984625,120.5976352,100.0,BUSY,M-L-001,V3
463,463,M-UAV-01,M600,31.3108767,120.6039862,30.5,AVAILABLE,,
463,463,M-UAV-02,M600,31.3062683,120.6025389,30.5,CONTINGENCY,,
464,464,EVTOL-01,EC35,31.2973047,120.5957841,199.9,BUSY,M-P-001,V1
464,464,L-UAV-01,AMZN,31.2985817,120.5977107,100.0,BUSY,M-L-001,V3
464,464,M-UAV-01,M600,31.3108767,120.6039862,30.5,AVAILABLE,,
464,464,M-UAV-02,M600,31.3062683,120.6025389,30.5,CONTINGENCY,,
465,465,EVTOL-01,EC35,31.2969564,120.5959046,199.9,BUSY,M-P-001,V1
465,465,L-UAV-01,AMZN,31.2987010,120.5977862,100.0,BUSY,M-L-001,V3
465,465,M-UAV-01,M600,31.3108767,120.6039862,30.5,AVAILABLE,,
465,465,M-UAV-02,M600,31.3062683,120.6025389,30.5,CONTINGENCY,,
466,466,EVTOL-01,EC35,31.2966220,120.5960704,199.9,BUSY,M-P-001,V1
466,466,L-UAV-01,AMZN,31.2988202,120.5978616,100.0,BUSY,M-L-001,V3
466,466,M-UAV-01,M600,31.3108767,120.6039862,30.5,AVAILABLE,,
466,466,M-UAV-02,M600,31.3062683,120.6025389,30.5,CONTINGENCY,,
467,467,EVTOL-01,EC35,31.2963057,120.5962794,199.9,BUSY,M-P-001,V1
467,467,L-UAV-01,AMZN,31.2989394,120.5979371,100.0,BUSY,M-L-001,V3
467,467,M-UAV-01,M600,31.3108767,120.6039862,30.5,AVAILABLE,,
467,467,M-UAV-02,M600,31.3062683,120.6025389,30.5,CONTINGENCY,,
468,468,EVTOL-01,EC35,31.2960117,120.5965288,199.9,BUSY,M-P-001,V1
468,468,L-UAV-01,AMZN,31.2990587,120.5980125,100.0,BUSY,M-L-001,V3
468,468,M-UAV-01,M600,31.3108767,120.6039862,30.5,AVAILABLE,,
468,468,M-UAV-02,M600,31.3062683,120.6025389,30.5,CONTINGENCY,,
469,469,EVTOL-01,EC35,31.2957436,120.5968156,199.9,BUSY,M-P-001,V1
469,469,L-UAV-01,AMZN,31.2991779,120.5980880,100.0,BUSY,M-L-001,V3
469,469,M-UAV-01,M600,31.3108767,120.6039862,30.5,AVAILABLE,,
469,469,M-UAV-02,M600,31.3062683,120.6025389,30.5,CONTINGENCY,,
470,470,EVTOL-01,EC35,31.2955049,120.5971359,199.9,BUSY,M-P-001,V1
470,470,L-UAV-01,AMZN,31.2992971,120.5981635,100.0,BUSY,M-L-001,V3
470,470,M-UAV-01,M600,31.3108767,120.6039862,30.5,AVAILABLE,,
470,470,M-UAV-02,M600,31.3062683,120.6025389,30.5,CONTINGENCY,,
471,471,EVTOL-01,EC35,31.2952986,120.5974858,199.9,BUSY,M-P-001,V1
471,471,L-UAV-01,AMZN,31.2994164,120.5982389,100.0,BUSY,M-L-001,V3
471,471,M-UAV-01,M600,31.3108767,120.6039862,30.5,AVAILABLE,,
471,471,M-UAV-02,M600,31.3062683,120.6025389,30.5,CONTINGENCY,,
472,472,EVTOL-01,EC35,31.2951275,120.5978606,199.9,BUSY,M-P-001,V1
472,472,L-UAV-01,AMZN,31.2995356,120.5983144,100.0,BUSY,M-L-001,V3
472,472,M-UAV-01,M600,31.3108767,120.6039862,30.5,AVAILABLE,,
472,472,M-UAV-02,M600,31.3062683,120.6025389,30.5,CONTINGENCY,,
473,473,EVTOL-01,EC35,31.2949936,120.5982558,199.9,BUSY,M-P-001,V1
473,473,L-UAV-01,AMZN,31.2996548,120.5983898,100.0,BUSY,M-L-001,V3
473,473,M-UAV-01,M600,31.3108767,120.6039862,30.5,AVAILABLE,,
473,473,M-UAV-02,M600,31.3062683,120.6025389,30.5,CONTINGENCY,,
474,474,EVTOL-01,EC35,31.2948988,120.5986660,199.9,BUSY,M-P-001,V1
474,474,L-UAV-01,AMZN,31.2997740,120.5984653,100.0,BUSY,M-L-001,V3
474,474,M-UAV-01,M600,31.3108767,120.6039862,30.5,AVAILABLE,,
474,474,M-UAV-02,M600,31.3062683,120.6025389,30.5,CONTINGENCY,,
475,475,EVTOL-01,EC35,31.2948441,120.5990862,199.9,BUSY,M-P-001,V1
475,475,L-UAV-01,AMZN,31.2998933,120.5985408,100.0,BUSY,M-L-001,V3
475,475,M-UAV-01,M600,31.3108767,120.6039862,30.5,AVAILABLE,,
475,475,M-UAV-02,M600,31.3062683,120.6025389,30.5,CONTINGENCY,,
476,476,EVTOL-01,EC35,31.2948304,120.5995110,199.9,BUSY,M-P-001,V1
476,476,L-UAV-01,AMZN,31.3000125,120.5986162,100.0,BUSY,M-L-001,V3
476,476,M-UAV-01,M600,31.3108767,120.6039862,30.5,AVAILABLE,,
476,476,M-UAV-02,M600,31.3062683,120.6025389,30.5,CONTINGENCY,,
477,477,EVTOL-01,EC35,31.2948578,120.5999348,199.9,BUSY,M-P-001,V1
477,477,L-UAV-01,AMZN,31.3001317,120.5986917,100.0,BUSY,M-L-001,V3
477,477,M-UAV-01,M600,31.3108767,120.6039862,30.5,AVAILABLE,,
477,477,M-UAV-02,M600,31.3062683,120.6025389,30.5,CONTINGENCY,,
478,478,EVTOL-01,EC35,31.2949260,120.6003523,199.9,BUSY,M-P-001,V1
478,478,L-UAV-01,AMZN,31.3002510,120.5987671,100.0,BUSY,M-L-001,V3
478,478,M-UAV-01,M600,31.3108767,120.6039862,30.5,AVAILABLE,,
478,478,M-UAV-02,M600,31.3062683,120.6025389,30.5,CONTINGENCY,,
479,479,EVTOL-01,EC35,31.2950340,120.6007581,199.9,BUSY,M-P-001,V1
479,479,L-UAV-01,AMZN,31.3003702,120.5988426,100.0,BUSY,M-L-001,V3
479,479,M-UAV-01,M600,31.3108767,120.6039862,30.5,AVAILABLE,,
479,479,M-UAV-02,M600,31.3062683,120.6025389,30.5,CONTINGENCY,,
480,480,EVTOL-01,EC35,31.2951805,120.6011470,199.9,BUSY,M-P-001,V1
480,480,L-UAV-01,AMZN,31.3004894,120.5989181,100.0,BUSY,M-L-001,V3
480,480,M-UAV-01,M600,31.3108767,120.6039862,30.5,AVAILABLE,,
480,480,M-UAV-02,M600,31.3062683,120.6025389,30.5,CONTINGENCY,,
481,481,EVTOL-01,EC35,31.2953636,120.6015140,199.9,BUSY,M-P-001,V1
481,481,L-UAV-01,AMZN,31.3006086,120.5989935,100.0,BUSY,M-L-001,V3
481,481,M-UAV-01,M600,31.3108767,120.6039862,30.5,AVAILABLE,,
481,481,M-UAV-02,M600,31.3062683,120.6025389,30.5,CONTINGENCY,,
482,482,EVTOL-01,EC35,31.2955810,120.6018545,199.9,BUSY,M-P-001,V1
482,482,L-UAV-01,AMZN,31.3007279,120.5990690,100.0,BUSY,M-L-001,V3
482,482,M-UAV-01,M600,31.3108767,120.6039862,30.5,AVAILABLE,,
482,482,M-UAV-02,M600,31.3062683,120.6025389,30.5,CONTINGENCY,,
483,483,EVTOL-01,EC35,31.2958298,120.6021641,199.9,BUSY,M-P-001,V1
483,483,L-UAV-01,AMZN,31.3008471,120.5991444,100.0,BUSY,M-L-001,V3
483,483,M-UAV-01,M600,31.3108767,120.6039862,30.5,AVAILABLE,,
483,483,M-UAV-02,M600,31.3062683,120.6025389,30.5,CONTINGENCY,,
484,484,EVTOL-01,EC35,31.2961070,120.6024388,199.9,BUSY,M-P-001,V1
484,484,L-UAV-01,AMZN,31.3009663,120.5992199,100.0,BUSY,M-L-001,V3
484,484,M-UAV-01,M600,31.3108767,120.6039862,30.5,AVAILABLE,,
484,484,M-UAV-02,M600,31.3062683,120.6025389,30.5,CONTINGENCY,,
485,485,EVTOL-01,EC35,31.2964089,120.6026751,199.9,BUSY,M-P-001,V1
485,485,L-UAV-01,AMZN,31.3010856,120.5992954,100.0,BUSY,M-L-001,V3
485,485,M-UAV-01,M600,31.3108767,120.6039862,30.5,AVAILABLE,,
485,485,M-UAV-02,M600,31.3062683,120.6025389,30.5,CONTINGENCY,,
486,486,EVTOL-01,EC35,31.2967317,120.6028699,199.9,BUSY,M-P-001,V1
486,486,L-UAV-01,AMZN,31.3012048,120.5993708,100.0,BUSY,M-L-001,V3
486,486,M-UAV-01,M600,31.3108767,120.6039862,30.5,AVAILABLE,,
486,486,M-UAV-02,M600,31.3062683,120.6025389,30.5,CONTINGENCY,,
487,487,EVTOL-01,EC35,31.2970712,120.6030208,199.9,BUSY,M-P-001,V1
487,487,L-UAV-01,AMZN,31.3013240,120.5994463,100.0,BUSY,M-L-001,V3
487,487,M-UAV-01,M600,31.3108767,120.6039862,30.5,AVAILABLE,,
487,487,M-UAV-02,M600,31.3062683,120.6025389,30.5,CONTINGENCY,,
488,488,EVTOL-01,EC35,31.2974231,120.6031259,199.9,BUSY,M-P-001,V1
488,488,L-UAV-01,AMZN,31.3014432,120.5995218,100.0,BUSY,M-L-001,V3
488,488,M-UAV-01,M600,31.3108767,120.6039862,30.5,AVAILABLE,,
488,488,M-UAV-02,M600,31.3062683,120.6025389,30.5,CONTINGENCY,,
489,489,EVTOL-01,EC35,31.2977829,120.6031837,199.9,BUSY,M-P-001,V1
489,489,L-UAV-01,AMZN,31.3015625,120.5995972,100.0,BUSY,M-L-001,V3
489,489,M-UAV-01,M600,31.3108767,120.6039862,30.5,AVAILABLE,,
489,489,M-UAV-02,M600,31.3062683,120.6025389,30.5,CONTINGENCY,,
490,490,EVTOL-01,EC35,31.2981456,120.6032060,199.9,BUSY,M-P-001,V1
490,490,L-UAV-01,AMZN,31.3016817,120.5996727,100.0,BUSY,M-L-001,V3
490,490,M-UAV-01,M600,31.3108767,120.6039862,30.5,AVAILABLE,,
490,490,M-UAV-02,M600,31.3062683,120.6025389,30.5,CONTINGENCY,,
491,491,EVTOL-01,EC35,31.2985083,120.6032282,199.9,BUSY,M-P-001,V1
491,491,L-UAV-01,AMZN,31.3018009,120.5997482,100.0,BUSY,M-L-001,V3
491,491,M-UAV-01,M600,31.3108767,120.6039862,30.5,AVAILABLE,,
491,491,M-UAV-02,M600,31.3062683,120.6025389,30.5,CONTINGENCY,,
492,492,EVTOL-01,EC35,31.2988710,120.6032504,199.9,BUSY,M-P-001,V1
492,492,L-UAV-01,AMZN,31.3019202,120.5998236,100.0,BUSY,M-L-001,V3
492,492,M-UAV-01,M600,31.3108767,120.6039862,30.5,AVAILABLE,,
492,492,M-UAV-02,M600,31.3062683,120.6025389,30.5,CONTINGENCY,,
493,493,EVTOL-01,EC35,31.2992337,120.6032726,199.9,BUSY,M-P-001,V1
493,493,L-UAV-01,AMZN,31.3020394,120.5998991,100.0,BUSY,M-L-001,V3
493,493,M-UAV-01,M600,31.3108767,120.6039862,30.5,AVAILABLE,,
493,493,M-UAV-02,M600,31.3062683,120.6025389,30.5,CONTINGENCY,,
494,494,EVTOL-01,EC35,31.2995964,120.6032948,199.9,BUSY,M-P-001,V1
494,494,L-UAV-01,AMZN,31.3021586,120.5999745,100.0,BUSY,M-L-001,V3
494,494,M-UAV-01,M600,31.3108767,120.6039862,30.5,AVAILABLE,,
494,494,M-UAV-02,M600,31.3062683,120.6025389,30.5,CONTINGENCY,,
495,495,EVTOL-01,EC35,31.2999591,120.6033171,199.9,BUSY,M-P-001,V1
495,495,L-UAV-01,AMZN,31.3022778,120.6000500,100.0,BUSY,M-L-001,V3
495,495,M-UAV-01,M600,31.3108767,120.6039862,30.5,AVAILABLE,,
495,495,M-UAV-02,M600,31.3062683,120.6025389,30.5,CONTINGENCY,,
496,496,EVTOL-01,EC35,31.3003218,120.6033393,199.9,BUSY,M-P-001,V1
496,496,L-UAV-01,AMZN,31.3023971,120.6001255,100.0,BUSY,M-L-001,V3
496,496,M-UAV-01,M600,31.3108767,120.6039862,30.5,AVAILABLE,,
496,496,M-UAV-02,M600,31.3062683,120.6025389,30.5,CONTINGENCY,,
497,497,EVTOL-01,EC35,31.3006845,120.6033615,199.9,BUSY,M-P-001,V1
497,497,L-UAV-01,AMZN,31.3025163,120.6002009,100.0,BUSY,M-L-001,V3
497,497,M-UAV-01,M600,31.3108767,120.6039862,30.5,AVAILABLE,,
497,497,M-UAV-02,M600,31.3062683,120.6025389,30.5,CONTINGENCY,,
498,498,EVTOL-01,EC35,31.3010472,120.6033837,199.9,BUSY,M-P-001,V1
498,498,L-UAV-01,AMZN,31.3026355,120.6002764,100.0,BUSY,M-L-001,V3
498,498,M-UAV-01,M600,31.3108767,120.6039862,30.5,AVAILABLE,,
498,498,M-UAV-02,M600,31.3062683,120.6025389,30.5,CONTINGENCY,,
499,499,EVTOL-01,EC35,31.3014098,120.6034060,199.9,BUSY,M-P-001,V1
499,499,L-UAV-01,AMZN,31.3027548,120.6003519,100.0,BUSY,M-L-001,V3
499,499,M-UAV-01,M600,31.3108767,120.6039862,30.5,AVAILABLE,,
499,499,M-UAV-02,M600,31.3062683,120.6025389,30.5,CONTINGENCY,,
500,500,EVTOL-01,EC35,31.3017725,120.6034282,199.9,BUSY,M-P-001,V1
500,500,L-UAV-01,AMZN,31.3028740,120.6004273,100.0,BUSY,M-L-001,V3
500,500,M-UAV-01,M600,31.3108767,120.6039862,30.5,AVAILABLE,,
500,500,M-UAV-02,M600,31.3062683,120.6025389,30.5,CONTINGENCY,,
501,501,EVTOL-01,EC35,31.3021352,120.6034504,199.9,BUSY,M-P-001,V1
501,501,L-UAV-01,AMZN,31.3029932,120.6005028,100.0,BUSY,M-L-001,V3
501,501,M-UAV-01,M600,31.3108767,120.6039862,30.5,AVAILABLE,,
501,501,M-UAV-02,M600,31.3062683,120.6025389,30.5,CONTINGENCY,,
502,502,EVTOL-01,EC35,31.3024979,120.6034727,199.9,BUSY,M-P-001,V1
502,502,L-UAV-01,AMZN,31.3031124,120.6005783,100.0,BUSY,M-L-001,V3
502,502,M-UAV-01,M600,31.3108767,120.6039862,30.5,AVAILABLE,,
502,502,M-UAV-02,M600,31.3062683,120.6025389,30.5,CONTINGENCY,,
503,503,EVTOL-01,EC35,31.3028606,120.6034949,199.9,BUSY,M-P-001,V1
503,503,L-UAV-01,AMZN,31.3032317,120.6006537,100.0,BUSY,M-L-001,V3
503,503,M-UAV-01,M600,31.3108767,120.6039862,30.5,AVAILABLE,,
503,503,M-UAV-02,M600,31.3062683,120.6025389,30.5,CONTINGENCY,,
504,504,EVTOL-01,EC35,31.3032233,120.6035171,199.9,BUSY,M-P-001,V1
504,504,L-UAV-01,AMZN,31.3033509,120.6007292,100.0,BUSY,M-L-001,V3
504,504,M-UAV-01,M600,31.3108767,120.6039862,30.5,AVAILABLE,,
504,504,M-UAV-02,M600,31.3062683,120.6025389,30.5,CONTINGENCY,,
505,505,EVTOL-01,EC35,31.3035860,120.6035393,199.9,BUSY,M-P-001,V1
505,505,L-UAV-01,AMZN,31.3034701,120.6008047,100.0,BUSY,M-L-001,V3
505,505,M-UAV-01,M600,31.3108767,120.6039862,30.5,AVAILABLE,,
505,505,M-UAV-02,M600,31.3062683,120.6025389,30.5,CONTINGENCY,,
506,506,EVTOL-01,EC35,31.3039487,120.6035616,199.9,BUSY,M-P-001,V1
506,506,L-UAV-01,AMZN,31.3035894,120.6008801,100.0,BUSY,M-L-001,V3
506,506,M-UAV-01,M600,31.3108767,120.6039862,30.5,AVAILABLE,,
506,506,M-UAV-02,M600,31.3062683,120.6025389,30.5,CONTINGENCY,,
507,507,EVTOL-01,EC35,31.3043114,120.6035838,199.9,BUSY,M-P-001,V1
507,507,L-UAV-01,AMZN,31.3037086,120.6009556,100.0,BUSY,M-L-001,V3
507,507,M-UAV-01,M600,31.3108767,120.6039862,30.5,AVAILABLE,,
507,507,M-UAV-02,M600,31.3062683,120.6025389,30.5,CONTINGENCY,,
508,508,EVTOL-01,EC35,31.3046741,120.6036060,199.9,BUSY,M-P-001,V1
508,508,L-UAV-01,AMZN,31.3038278,120.6010311,100.0,BUSY,M-L-001,V3
508,508,M-UAV-01,M600,31.3108767,120.6039862,30.5,AVAILABLE,,
508,508,M-UAV-02,M600,31.3062683,120.6025389,30.5,CONTINGENCY,,
509,509,EVTOL-01,EC35,31.3050368,120.6036282,199.9,BUSY,M-P-001,V1
509,509,L-UAV-01,AMZN,31.3039470,120.6011065,100.0,BUSY,M-L-001,V3
509,509,M-UAV-01,M600,31.3108767,120.6039862,30.5,AVAILABLE,,
509,509,M-UAV-02,M600,31.3062683,120.6025389,30.5,CONTINGENCY,,
510,510,EVTOL-01,EC35,31.3053995,120.6036505,199.9,BUSY,M-P-001,V1
510,510,L-UAV-01,AMZN,31.3040663,120.6011820,100.0,BUSY,M-L-001,V3
510,510,M-UAV-01,M600,31.3108767,120.6039862,30.5,AVAILABLE,,
510,510,M-UAV-02,M600,31.3062683,120.6025389,30.5,CONTINGENCY,,
511,511,EVTOL-01,EC35,31.3057622,120.6036727,199.9,BUSY,M-P-001,V1
511,511,L-UAV-01,AMZN,31.3041855,120.6012575,100.0,BUSY,M-L-001,V3
511,511,M-UAV-01,M600,31.3108767,120.6039862,30.5,AVAILABLE,,
511,511,M-UAV-02,M600,31.3062683,120.6025389,30.5,CONTINGENCY,,
512,512,EVTOL-01,EC35,31.3061249,120.6036949,199.9,BUSY,M-P-001,V1
512,512,L-UAV-01,AMZN,31.3043047,120.6013329,100.0,BUSY,M-L-001,V3
512,512,M-UAV-01,M600,31.3108767,120.6039862,30.5,AVAILABLE,,
512,512,M-UAV-02,M600,31.3062683,120.6025389,30.5,CONTINGENCY,,
513,513,EVTOL-01,EC35,31.3064876,120.6037171,199.9,BUSY,M-P-001,V1
513,513,L-UAV-01,AMZN,31.3044240,120.6014084,100.0,BUSY,M-L-001,V3
513,513,M-UAV-01,M600,31.3108767,120.6039862,30.5,AVAILABLE,,
513,513,M-UAV-02,M600,31.3062683,120.6025389,30.5,CONTINGENCY,,
514,514,EVTOL-01,EC35,31.3068503,120.6037394,199.9,BUSY,M-P-001,V1
514,514,L-UAV-01,AMZN,31.3045432,120.6014839,100.0,BUSY,M-L-001,V3
514,514,M-UAV-01,M600,31.3108767,120.6039862,30.5,AVAILABLE,,
514,514,M-UAV-02,M600,31.3062683,120.6025389,30.5,CONTINGENCY,,
515,515,EVTOL-01,EC35,31.3072129,120.6037616,199.9,BUSY,M-P-001,V1
515,515,L-UAV-01,AMZN,31.3046624,120.6015593,100.0,BUSY,M-L-001,V3
515,515,M-UAV-01,M600,31.3108767,120.6039862,30.5,AVAILABLE,,
515,515,M-UAV-02,M600,31.3062683,120.6025389,30.5,CONTINGENCY,,
516,516,EVTOL-01,EC35,31.3075756,120.6037838,199.9,BUSY,M-P-001,V1
516,516,L-UAV-01,AMZN,31.3047816,120.6016348,100.0,BUSY,M-L-001,V3
516,516,M-UAV-01,M600,31.3108767,120.6039862,30.5,AVAILABLE,,
516,516,M-UAV-02,M600,31.3062683,120.6025389,30.5,CONTINGENCY,,
517,517,EVTOL-01,EC35,31.3079383,120.6038061,199.9,BUSY,M-P-001,V1
517,517,L-UAV-01,AMZN,31.3049009,120.6017103,100.0,BUSY,M-L-001,V3
517,517,M-UAV-01,M600,31.3108767,120.6039862,30.5,AVAILABLE,,
517,517,M-UAV-02,M600,31.3062683,120.6025389,30.5,CONTINGENCY,,
518,518,EVTOL-01,EC35,31.3083010,120.6038283,199.9,BUSY,M-P-001,V1
518,518,L-UAV-01,AMZN,31.3050201,120.6017857,100.0,BUSY,M-L-001,V3
518,518,M-UAV-01,M600,31.3108767,120.6039862,30.5,AVAILABLE,,
518,518,M-UAV-02,M600,31.3062683,120.6025389,30.5,CONTINGENCY,,
519,519,EVTOL-01,EC35,31.3086637,120.6038505,199.9,BUSY,M-P-001,V1
519,519,L-UAV-01,AMZN,31.3051393,120.6018612,100.0,BUSY,M-L-001,V3
519,519,M-UAV-01,M600,31.3108767,120.6039862,30.5,AVAILABLE,,
519,519,M-UAV-02,M600,31.3062683,120.6025389,30.5,CONTINGENCY,,
520,520,EVTOL-01,EC35,31.3090264,120.6038727,199.9,BUSY,M-P-001,V1
520,520,L-UAV-01,AMZN,31.3052585,120.6019367,100.0,BUSY,M-L-001,V3
520,520,M-UAV-01,M600,31.3108767,120.6039862,30.5,AVAILABLE,,
520,520,M-UAV-02,M600,31.3062683,120.6025389,30.5,CONTINGENCY,,
521,521,EVTOL-01,EC35,31.3093891,120.6038950,199.9,BUSY,M-P-001,V1
521,521,L-UAV-01,AMZN,31.3053778,120.6020121,100.0,BUSY,M-L-001,V3
521,521,M-UAV-01,M600,31.3108767,120.6039862,30.5,AVAILABLE,,
521,521,M-UAV-02,M600,31.3062683,120.6025389,30.5,CONTINGENCY,,
522,522,EVTOL-01,EC35,31.3097518,120.6039172,199.9,BUSY,M-P-001,V1
522,522,L-UAV-01,AMZN,31.3054970,120.6020876,100.0,BUSY,M-L-001,V3
522,522,M-UAV-01,M600,31.3108767,120.6039862,30.5,AVAILABLE,,
522,522,M-UAV-02,M600,31.3062683,120.6025389,30.5,CONTINGENCY,,
523,523,EVTOL-01,EC35,31.3101145,120.6039394,199.9,BUSY,M-P-001,V2
523,523,L-UAV-01,AMZN,31.3056162,120.6021631,100.0,BUSY,M-L-001,V3
523,523,M-UAV-01,M600,31.3108767,120.6039862,30.5,AVAILABLE,,
523,523,M-UAV-02,M600,31.3062683,120.6025389,30.5,CONTINGENCY,,
524,524,EVTOL-01,EC35,31.3104770,120.6039136,199.9,BUSY,M-P-001,V2
524,524,L-UAV-01,AMZN,31.3057355,120.6022386,100.0,BUSY,M-L-001,V3
524,524,M-UAV-01,M600,31.3108767,120.6039862,30.5,AVAILABLE,,
524,524,M-UAV-02,M600,31.3062683,120.6025389,30.5,CONTINGENCY,,
525,525,EVTOL-01,EC35,31.3108347,120.6038399,199.9,BUSY,M-P-001,V2
525,525,L-UAV-01,AMZN,31.3058547,120.6023140,100.0,BUSY,M-L-001,V2
525,525,M-UAV-01,M600,31.3108767,120.6039862,30.5,AVAILABLE,,
525,525,M-UAV-02,M600,31.3062683,120.6025389,30.5,CONTINGENCY,,
526,526,EVTOL-01,EC35,31.3111830,120.6037194,199.9,BUSY,M-P-001,V2
526,526,L-UAV-01,AMZN,31.3059877,120.6023444,100.0,BUSY,M-L-001,V2
526,526,M-UAV-01,M600,31.3108767,120.6039862,30.5,AVAILABLE,,
526,526,M-UAV-02,M600,31.3062683,120.6025389,30.5,CONTINGENCY,,
527,527,EVTOL-01,EC35,31.3115174,120.6035536,199.9,BUSY,M-P-001,V2
527,527,L-UAV-01,AMZN,31.3061224,120.6023268,100.0,BUSY,M-L-001,V2
527,527,M-UAV-01,M600,31.3108767,120.6039862,30.5,AVAILABLE,,
527,527,M-UAV-02,M600,31.3062683,120.6025389,30.5,CONTINGENCY,,
528,528,EVTOL-01,EC35,31.3118337,120.6033447,199.9,BUSY,M-P-001,V2
528,528,L-UAV-01,AMZN,31.3062465,120.6022629,100.0,BUSY,M-L-001,V2
528,528,M-UAV-01,M600,31.3108767,120.6039862,30.5,AVAILABLE,,
528,528,M-UAV-02,M600,31.3062683,120.6025389,30.5,CONTINGENCY,,
529,529,EVTOL-01,EC35,31.3121278,120.6030952,199.9,BUSY,M-P-001,V2
529,529,L-UAV-01,AMZN,31.3063486,120.6021585,100.0,BUSY,M-L-001,V2
529,529,M-UAV-01,M600,31.3108767,120.6039862,30.5,AVAILABLE,,
529,529,M-UAV-02,M600,31.3062683,120.6025389,30.5,CONTINGENCY,,
530,530,EVTOL-01,EC35,31.3123959,120.6028085,199.9,BUSY,M-P-001,V2
530,530,L-UAV-01,AMZN,31.3064194,120.6020233,100.0,BUSY,M-L-001,V2
530,530,M-UAV-01,M600,31.3108767,120.6039862,30.5,AVAILABLE,,
530,530,M-UAV-02,M600,31.3062683,120.6025389,30.5,CONTINGENCY,,
531,531,EVTOL-01,EC35,31.3126347,120.6024881,199.9,BUSY,M-P-001,V2
531,531,L-UAV-01,AMZN,31.3064524,120.6018694,100.0,BUSY,M-L-001,V2
531,531,M-UAV-01,M600,31.3108767,120.6039862,30.5,AVAILABLE,,
531,531,M-UAV-02,M600,31.3062683,120.6025389,30.5,CONTINGENCY,,
532,532,EVTOL-01,EC35,31.3128409,120.6021382,199.9,BUSY,M-P-001,V2
532,532,L-UAV-01,AMZN,31.3064447,120.6017110,100.0,BUSY,M-L-001,V2
532,532,M-UAV-01,M600,31.3108767,120.6039862,30.5,AVAILABLE,,
532,532,M-UAV-02,M600,31.3062683,120.6025389,30.5,CONTINGENCY,,
533,533,EVTOL-01,EC35,31.3130121,120.6017633,199.9,BUSY,M-P-001,V2
533,533,L-UAV-01,AMZN,31.3063969,120.6015626,100.0,BUSY,M-L-001,V2
533,533,M-UAV-01,M600,31.3108767,120.6039862,30.5,AVAILABLE,,
533,533,M-UAV-02,M600,31.3062683,120.6025389,30.5,CONTINGENCY,,
534,534,EVTOL-01,EC35,31.3131460,120.6013681,199.9,BUSY,M-P-001,V2
534,534,L-UAV-01,AMZN,31.3063133,120.6014376,100.0,BUSY,M-L-001,V2
534,534,M-UAV-01,M600,31.3108767,120.6039862,30.5,AVAILABLE,,
534,534,M-UAV-02,M600,31.3062683,120.6025389,30.5,CONTINGENCY,,
535,535,EVTOL-01,EC35,31.3132409,120.6009578,199.9,BUSY,M-P-001,V2
535,535,L-UAV-01,AMZN,31.3062017,120.6013476,100.0,BUSY,M-L-001,V2
535,535,M-UAV-01,M600,31.3108767,120.6039862,30.5,AVAILABLE,,
535,535,M-UAV-02,M600,31.3062683,120.6025389,30.5,CONTINGENCY,,
536,536,EVTOL-01,EC35,31.3132956,120.6005375,199.9,BUSY,M-P-001,V2
536,536,L-UAV-01,AMZN,31.3060825,120.6012721,100.0,BUSY,M-L-001,V2
536,536,M-UAV-01,M600,31.3108767,120.6039862,30.5,AVAILABLE,,
536,536,M-UAV-02,M600,31.3062683,120.6025389,30.5,CONTINGENCY,,
537,537,EVTOL-01,EC35,31.3133093,120.6001127,199.9,BUSY,M-P-001,V2
537,537,L-UAV-01,AMZN,31.3059633,120.6011967,100.0,BUSY,M-L-001,V2
537,537,M-UAV-01,M600,31.3108767,120.6039862,30.5,AVAILABLE,,
537,537,M-UAV-02,M600,31.3062683,120.6025389,30.5,CONTINGENCY,,
538,538,EVTOL-01,EC35,31.3132819,120.5996888,199.9,BUSY,M-P-001,V2
538,538,L-UAV-01,AMZN,31.3058440,120.6011212,100.0,BUSY,M-L-001,V2
538,538,M-UAV-01,M600,31.3108767,120.6039862,30.5,AVAILABLE,,
538,538,M-UAV-02,M600,31.3062683,120.6025389,30.5,CONTINGENCY,,
539,539,EVTOL-01,EC35,31.3132138,120.5992712,199.9,BUSY,M-P-001,V2
539,539,L-UAV-01,AMZN,31.3057248,120.6010457,100.0,BUSY,M-L-001,V2
539,539,M-UAV-01,M600,31.3108767,120.6039862,30.5,AVAILABLE,,
539,539,M-UAV-02,M600,31.3062683,120.6025389,30.5,CONTINGENCY,,
540,540,EVTOL-01,EC35,31.3131059,120.5988653,199.9,BUSY,M-P-001,V2
540,540,L-UAV-01,AMZN,31.3056056,120.6009703,100.0,BUSY,M-L-001,V2
540,540,M-UAV-01,M600,31.3108767,120.6039862,30.5,AVAILABLE,,
540,540,M-UAV-02,M600,31.3062683,120.6025389,30.5,CONTINGENCY,,
541,541,EVTOL-01,EC35,31.3129594,120.5984763,199.9,BUSY,M-P-001,V2
541,541,L-UAV-01,AMZN,31.3054863,120.6008948,100.0,BUSY,M-L-001,V2
541,541,M-UAV-01,M600,31.3108767,120.6039862,30.5,AVAILABLE,,
541,541,M-UAV-02,M600,31.3062683,120.6025389,30.5,CONTINGENCY,,
542,542,EVTOL-01,EC35,31.3127763,120.5981091,199.9,BUSY,M-P-001,V2
542,542,L-UAV-01,AMZN,31.3053671,120.6008193,100.0,BUSY,M-L-001,V2
542,542,M-UAV-01,M600,31.3108767,120.6039862,30.5,AVAILABLE,,
542,542,M-UAV-02,M600,31.3062683,120.6025389,30.5,CONTINGENCY,,
543,543,EVTOL-01,EC35,31.3125590,120.5977686,199.9,BUSY,M-P-001,V2
543,543,L-UAV-01,AMZN,31.3052479,120.6007439,100.0,BUSY,M-L-001,V2
543,543,M-UAV-01,M600,31.3108767,120.6039862,30.5,AVAILABLE,,
543,543,M-UAV-02,M600,31.3062683,120.6025389,30.5,CONTINGENCY,,
544,544,EVTOL-01,EC35,31.3123101,120.5974589,199.9,BUSY,M-P-001,V2
544,544,L-UAV-01,AMZN,31.3051287,120.6006684,100.0,BUSY,M-L-001,V2
544,544,M-UAV-01,M600,31.3108767,120.6039862,30.5,AVAILABLE,,
544,544,M-UAV-02,M600,31.3062683,120.6025389,30.5,CONTINGENCY,,
545,545,EVTOL-01,EC35,31.3120330,120.5971841,199.9,BUSY,M-P-001,V2
545,545,L-UAV-01,AMZN,31.3050094,120.6005929,100.0,BUSY,M-L-001,V2
545,545,M-UAV-01,M600,31.3108767,120.6039862,30.5,AVAILABLE,,
545,545,M-UAV-02,M600,31.3062683,120.6025389,30.5,CONTINGENCY,,
546,546,EVTOL-01,EC35,31.3117311,120.5969478,199.9,BUSY,M-P-001,V2
546,546,L-UAV-01,AMZN,31.3048902,120.6005175,100.0,BUSY,M-L-001,V2
546,546,M-UAV-01,M600,31.3108767,120.6039862,30.5,AVAILABLE,,
546,546,M-UAV-02,M600,31.3062683,120.6025389,30.5,CONTINGENCY,,
547,547,EVTOL-01,EC35,31.3114084,120.5967529,199.9,BUSY,M-P-001,V2
547,547,L-UAV-01,AMZN,31.3047710,120.6004420,100.0,BUSY,M-L-001,V2
547,547,M-UAV-01,M600,31.3108767,120.6039862,30.5,AVAILABLE,,
547,547,M-UAV-02,M600,31.3062683,120.6025389,30.5,CONTINGENCY,,
548,548,EVTOL-01,EC35,31.3110689,120.5966019,199.9,BUSY,M-P-001,V2
548,548,L-UAV-01,AMZN,31.3046517,120.6003665,100.0,BUSY,M-L-001,V2
548,548,M-UAV-01,M600,31.3108767,120.6039862,30.5,AVAILABLE,,
548,548,M-UAV-02,M600,31.3062683,120.6025389,30.5,CONTINGENCY,,
549,549,EVTOL-01,EC35,31.3107169,120.5964968,199.9,BUSY,M-P-001,V2
549,549,L-UAV-01,AMZN,31.3045325,120.6002911,100.0,BUSY,M-L-001,V2
549,549,M-UAV-01,M600,31.3108767,120.6039862,30.5,AVAILABLE,,
549,549,M-UAV-02,M600,31.3062683,120.6025389,30.5,CONTINGENCY,,
550,550,EVTOL-01,EC35,31.3103571,120.5964389,199.9,BUSY,M-P-001,V2
550,550,L-UAV-01,AMZN,31.3044133,120.6002156,100.0,BUSY,M-L-001,V2
550,550,M-UAV-01,M600,31.3108767,120.6039862,30.5,AVAILABLE,,
550,550,M-UAV-02,M600,31.3062683,120.6025389,30.5,CONTINGENCY,,
551,551,EVTOL-01,EC35,31.3099944,120.5964167,199.9,BUSY,M-P-001,V2
551,551,L-UAV-01,AMZN,31.3042941,120.6001401,100.0,BUSY,M-L-001,V2
551,551,M-UAV-01,M600,31.3108767,120.6039862,30.5,AVAILABLE,,
551,551,M-UAV-02,M600,31.3062683,120.6025389,30.5,CONTINGENCY,,
552,552,EVTOL-01,EC35,31.3096317,120.5963945,199.9,BUSY,M-P-001,V2
552,552,L-UAV-01,AMZN,31.3041748,120.6000647,100.0,BUSY,M-L-001,V2
552,552,M-UAV-01,M600,31.3108767,120.6039862,30.5,AVAILABLE,,
552,552,M-UAV-02,M600,31.3062683,120.6025389,30.5,CONTINGENCY,,
553,553,EVTOL-01,EC35,31.3092691,120.5963723,199.9,BUSY,M-P-001,V2
553,553,L-UAV-01,AMZN,31.3040556,120.5999892,100.0,BUSY,M-L-001,V2
553,553,M-UAV-01,M600,31.3108767,120.6039862,30.5,AVAILABLE,,
553,553,M-UAV-02,M600,31.3062683,120.6025389,30.5,CONTINGENCY,,
554,554,EVTOL-01,EC35,31.3089064,120.5963501,199.9,BUSY,M-P-001,V2
554,554,L-UAV-01,AMZN,31.3039364,120.5999137,100.0,BUSY,M-L-001,V2
554,554,M-UAV-01,M600,31.3108767,120.6039862,30.5,AVAILABLE,,
554,554,M-UAV-02,M600,31.3062683,120.6025389,30.5,CONTINGENCY,,
555,555,EVTOL-01,EC35,31.3085437,120.5963280,199.9,BUSY,M-P-001,V2
555,555,L-UAV-01,AMZN,31.3038171,120.5998383,100.0,BUSY,M-L-001,V2
555,555,M-UAV-01,M600,31.3108767,120.6039862,30.5,AVAILABLE,,
555,555,M-UAV-02,M600,31.3062683,120.6025389,30.5,CONTINGENCY,,
556,556,EVTOL-01,EC35,31.3081810,120.5963058,199.9,BUSY,M-P-001,V2
556,556,L-UAV-01,AMZN,31.3036979,120.5997628,100.0,BUSY,M-L-001,V2
556,556,M-UAV-01,M600,31.3108767,120.6039862,30.5,AVAILABLE,,
556,556,M-UAV-02,M600,31.3062683,120.6025389,30.5,CONTINGENCY,,
557,557,EVTOL-01,EC35,31.3078183,120.5962836,199.9,BUSY,M-P-001,V2
557,557,L-UAV-01,AMZN,31.3035787,120.5996873,100.0,BUSY,M-L-001,V2
557,557,M-UAV-01,M600,31.3108767,120.6039862,30.5,AVAILABLE,,
557,557,M-UAV-02,M600,31.3062683,120.6025389,30.5,CONTINGENCY,,
558,558,EVTOL-01,EC35,31.3074556,120.5962614,199.9,BUSY,M-P-001,V2
558,558,L-UAV-01,AMZN,31.3034595,120.5996119,100.0,BUSY,M-L-001,V2
558,558,M-UAV-01,M600,31.3108767,120.6039862,30.5,AVAILABLE,,
558,558,M-UAV-02,M600,31.3062683,120.6025389,30.5,CONTINGENCY,,
559,559,EVTOL-01,EC35,31.3070929,120.5962392,199.9,BUSY,M-P-001,V2
559,559,L-UAV-01,AMZN,31.3033402,120.5995364,100.0,BUSY,M-L-001,V2
559,559,M-UAV-01,M600,31.3108767,120.6039862,30.5,AVAILABLE,,
559,559,M-UAV-02,M600,31.3062683,120.6025389,30.5,CONTINGENCY,,
560,560,EVTOL-01,EC35,31.3067302,120.5962170,199.9,BUSY,M-P-001,V2
560,560,L-UAV-01,AMZN,31.3032210,120.5994610,100.0,BUSY,M-L-001,V2
560,560,M-UAV-01,M600,31.3108767,120.6039862,30.5,AVAILABLE,,
560,560,M-UAV-02,M600,31.3062683,120.6025389,30.5,CONTINGENCY,,
561,561,EVTOL-01,EC35,31.3063675,120.5961948,199.9,BUSY,M-P-001,V2
561,561,L-UAV-01,AMZN,31.3031018,120.5993855,100.0,BUSY,M-L-001,V2
561,561,M-UAV-01,M600,31.3108767,120.6039862,30.5,AVAILABLE,,
561,561,M-UAV-02,M600,31.3062683,120.6025389,30.5,CONTINGENCY,,
562,562,EVTOL-01,EC35,31.3060048,120.5961726,199.9,BUSY,M-P-001,V2
562,562,L-UAV-01,AMZN,31.3029825,120.5993100,100.0,BUSY,M-L-001,V2
562,562,M-UAV-01,M600,31.3108767,120.6039862,30.5,AVAILABLE,,
562,562,M-UAV-02,M600,31.3062683,120.6025389,30.5,CONTINGENCY,,
563,563,EVTOL-01,EC35,31.3056421,120.5961504,199.9,BUSY,M-P-001,V2
563,563,L-UAV-01,AMZN,31.3028633,120.5992346,100.0,BUSY,M-L-001,V2
563,563,M-UAV-01,M600,31.3108767,120.6039862,30.5,AVAILABLE,,
563,563,M-UAV-02,M600,31.3062683,120.6025389,30.5,CONTINGENCY,,
564,564,EVTOL-01,EC35,31.3052794,120.5961283,199.9,BUSY,M-P-001,V2
564,564,L-UAV-01,AMZN,31.3027441,120.5991591,100.0,BUSY,M-L-001,V2
564,564,M-UAV-01,M600,31.3108767,120.6039862,30.5,AVAILABLE,,
564,564,M-UAV-02,M600,31.3062683,120.6025389,30.5,CONTINGENCY,,
565,565,EVTOL-01,EC35,31.3049167,120.5961061,199.9,BUSY,M-P-001,V2
565,565,L-UAV-01,AMZN,31.3026249,120.5990836,100.0,BUSY,M-L-001,V2
565,565,M-UAV-01,M600,31.3108767,120.6039862,30.5,AVAILABLE,,
565,565,M-UAV-02,M600,31.3062683,120.6025389,30.5,CONTINGENCY,,
566,566,EVTOL-01,EC35,31.3045540,120.5960839,199.9,BUSY,M-P-001,V2
566,566,L-UAV-01,AMZN,31.3025056,120.5990082,100.0,BUSY,M-L-001,V2
566,566,M-UAV-01,M600,31.3108767,120.6039862,30.5,AVAILABLE,,
566,566,M-UAV-02,M600,31.3062683,120.6025389,30.5,CONTINGENCY,,
567,567,EVTOL-01,EC35,31.3041913,120.5960617,199.9,BUSY,M-P-001,V2
567,567,L-UAV-01,AMZN,31.3023864,120.5989327,100.0,BUSY,M-L-001,V2
567,567,M-UAV-01,M600,31.3108767,120.6039862,30.5,AVAILABLE,,
567,567,M-UAV-02,M600,31.3062683,120.6025389,30.5,CONTINGENCY,,
568,568,EVTOL-01,EC35,31.3038286,120.5960395,199.9,BUSY,M-P-001,V2
568,568,L-UAV-01,AMZN,31.3022672,120.5988572,100.0,BUSY,M-L-001,V2
568,568,M-UAV-01,M600,31.3108767,120.6039862,30.5,AVAILABLE,,
568,568,M-UAV-02,M600,31.3062683,120.6025389,30.5,CONTINGENCY,,
569,569,EVTOL-01,EC35,31.3034659,120.5960173,199.9,BUSY,M-P-001,V2
569,569,L-UAV-01,AMZN,31.3021479,120.5987818,100.0,BUSY,M-L-001,V2
569,569,M-UAV-01,M600,31.3108767,120.6039862,30.5,AVAILABLE,,
569,569,M-UAV-02,M600,31.3062683,120.6025389,30.5,CONTINGENCY,,
570,570,EVTOL-01,EC35,31.3031032,120.5959951,199.9,BUSY,M-P-001,V2
570,570,L-UAV-01,AMZN,31.3020287,120.5987063,100.0,BUSY,M-L-001,V2
570,570,M-UAV-01,M600,31.3108767,120.6039862,30.5,AVAILABLE,,
570,570,M-UAV-02,M600,31.3062683,120.6025389,30.5,CONTINGENCY,,
571,571,EVTOL-01,EC35,31.3027405,120.5959730,199.9,BUSY,M-P-001,V2
571,571,L-UAV-01,AMZN,31.3019095,120.5986309,100.0,BUSY,M-L-001,V2
571,571,M-UAV-01,M600,31.3108767,120.6039862,30.5,AVAILABLE,,
571,571,M-UAV-02,M600,31.3062683,120.6025389,30.5,CONTINGENCY,,
572,572,EVTOL-01,EC35,31.3023778,120.5959508,199.9,BUSY,M-P-001,V2
572,572,L-UAV-01,AMZN,31.3017902,120.5985554,100.0,BUSY,M-L-001,V2
572,572,M-UAV-01,M600,31.3108767,120.6039862,30.5,AVAILABLE,,
572,572,M-UAV-02,M600,31.3062683,120.6025389,30.5,CONTINGENCY,,
573,573,EVTOL-01,EC35,31.3020151,120.5959286,199.9,BUSY,M-P-001,V2
573,573,L-UAV-01,AMZN,31.3016710,120.5984799,100.0,BUSY,M-L-001,V2
573,573,M-UAV-01,M600,31.3108767,120.6039862,30.5,AVAILABLE,,
573,573,M-UAV-02,M600,31.3062683,120.6025389,30.5,CONTINGENCY,,
574,574,EVTOL-01,EC35,31.3016524,120.5959064,199.9,BUSY,M-P-001,V2
574,574,L-UAV-01,AMZN,31.3015518,120.5984045,100.0,BUSY,M-L-001,V2
574,574,M-UAV-01,M600,31.3108767,120.6039862,30.5,AVAILABLE,,
574,574,M-UAV-02,M600,31.3062683,120.6025389,30.5,CONTINGENCY,,
575,575,EVTOL-01,EC35,31.3012898,120.5958842,199.9,BUSY,M-P-001,V2
575,575,L-UAV-01,AMZN,31.3014326,120.5983290,100.0,BUSY,M-L-001,V2
575,575,M-UAV-01,M600,31.3108767,120.6039862,30.5,AVAILABLE,,
575,575,M-UAV-02,M600,31.3062683,120.6025389,30.5,CONTINGENCY,,
576,576,EVTOL-01,EC35,31.3009271,120.5958620,199.9,BUSY,M-P-001,V2
576,576,L-UAV-01,AMZN,31.3013133,120.5982536,100.0,BUSY,M-L-001,V2
576,576,M-UAV-01,M600,31.3108767,120.6039862,30.5,AVAILABLE,,
576,576,M-UAV-02,M600,31.3062683,120.6025389,30.5,CONTINGENCY,,
577,577,EVTOL-01,EC35,31.3005644,120.5958398,199.9,BUSY,M-P-001,V2
577,577,L-UAV-01,AMZN,31.3011941,120.5981781,100.0,BUSY,M-L-001,V2
577,577,M-UAV-01,M600,31.3108767,120.6039862,30.5,AVAILABLE,,
577,577,M-UAV-02,M600,31.3062683,120.6025389,30.5,CONTINGENCY,,
578,578,EVTOL-01,EC35,31.3002017,120.5958177,199.9,BUSY,M-P-001,V2
578,578,L-UAV-01,AMZN,31.3010749,120.5981026,100.0,BUSY,M-L-001,V2
578,578,M-UAV-01,M600,31.3108767,120.6039862,30.5,AVAILABLE,,
578,578,M-UAV-02,M600,31.3062683,120.6025389,30.5,CONTINGENCY,,
579,579,EVTOL-01,EC35,31.2998390,120.5957955,199.9,BUSY,M-P-001,V2
579,579,L-UAV-01,AMZN,31.3009556,120.5980272,100.0,BUSY,M-L-001,V2
579,579,M-UAV-01,M600,31.3108767,120.6039862,30.5,AVAILABLE,,
579,579,M-UAV-02,M600,31.3062683,120.6025389,30.5,CONTINGENCY,,
580,580,EVTOL-01,EC35,31.2994763,120.5957733,199.9,BUSY,M-P-001,V2
580,580,L-UAV-01,AMZN,31.3008364,120.5979517,100.0,BUSY,M-L-001,V2
580,580,M-UAV-01,M600,31.3108767,120.6039862,30.5,AVAILABLE,,
580,580,M-UAV-02,M600,31.3062683,120.6025389,30.5,CONTINGENCY,,
581,581,EVTOL-01,EC35,31.2991136,120.5957511,199.9,BUSY,M-P-001,V2
581,581,L-UAV-01,AMZN,31.3007172,120.5978762,100.0,BUSY,M-L-001,V2
581,581,M-UAV-01,M600,31.3108767,120.6039862,30.5,AVAILABLE,,
581,581,M-UAV-02,M600,31.3062683,120.6025389,30.5,CONTINGENCY,,
582,582,EVTOL-01,EC35,31.2987509,120.5957289,199.9,BUSY,M-P-001,V2
582,582,L-UAV-01,AMZN,31.3005980,120.5978008,100.0,BUSY,M-L-001,V2
582,582,M-UAV-01,M600,31.3108767,120.6039862,30.5,AVAILABLE,,
582,582,M-UAV-02,M600,31.3062683,120.6025389,30.5,CONTINGENCY,,
583,583,EVTOL-01,EC35,31.2983882,120.5957067,199.9,BUSY,M-P-001,V2
583,583,L-UAV-01,AMZN,31.3004787,120.5977253,100.0,BUSY,M-L-001,V2
583,583,M-UAV-01,M600,31.3108767,120.6039862,30.5,AVAILABLE,,
583,583,M-UAV-02,M600,31.3062683,120.6025389,30.5,CONTINGENCY,,
584,584,EVTOL-01,EC35,31.2980255,120.5956846,199.9,BUSY,M-P-001,V1
584,584,L-UAV-01,AMZN,31.3003595,120.5976499,100.0,BUSY,M-L-001,V2
584,584,M-UAV-01,M600,31.3108767,120.6039862,30.5,AVAILABLE,,
584,584,M-UAV-02,M600,31.3062683,120.6025389,30.5,CONTINGENCY,,
585,585,EVTOL-01,EC35,31.2976630,120.5957105,199.9,BUSY,M-P-001,V1
585,585,L-UAV-01,AMZN,31.3002403,120.5975744,100.0,BUSY,M-L-001,V2
585,585,M-UAV-01,M600,31.3108767,120.6039862,30.5,AVAILABLE,,
585,585,M-UAV-02,M600,31.3062683,120.6025389,30.5,CONTINGENCY,,
586,586,EVTOL-01,EC35,31.2973053,120.5957842,199.9,BUSY,M-P-001,V1
586,586,L-UAV-01,AMZN,31.3001210,120.5974989,100.0,BUSY,M-L-001,V2
586,586,M-UAV-01,M600,31.3108767,120.6039862,30.5,AVAILABLE,,
586,586,M-UAV-02,M600,31.3062683,120.6025389,30.5,CONTINGENCY,,
587,587,EVTOL-01,EC35,31.2969570,120.5959047,199.9,BUSY,M-P-001,V1
587,587,L-UAV-01,AMZN,31.3000018,120.5974235,100.0,BUSY,M-L-001,V2
587,587,M-UAV-01,M600,31.3108767,120.6039862,30.5,AVAILABLE,,
587,587,M-UAV-02,M600,31.3062683,120.6025389,30.5,CONTINGENCY,,
588,588,EVTOL-01,EC35,31.2966226,120.5960705,199.9,BUSY,M-P-001,V1
588,588,L-UAV-01,AMZN,31.2998826,120.5973480,100.0,BUSY,M-L-001,V2
588,588,M-UAV-01,M600,31.3108767,120.6039862,30.5,AVAILABLE,,
588,588,M-UAV-02,M600,31.3062683,120.6025389,30.5,CONTINGENCY,,
589,589,EVTOL-01,EC35,31.2963063,120.5962794,199.9,BUSY,M-P-001,V1
589,589,L-UAV-01,AMZN,31.2997633,120.5972726,100.0,BUSY,M-L-001,V2
589,589,M-UAV-01,M600,31.3108767,120.6039862,30.5,AVAILABLE,,
589,589,M-UAV-02,M600,31.3062683,120.6025389,30.5,CONTINGENCY,,
590,590,EVTOL-01,EC35,31.2960122,120.5965289,199.9,BUSY,M-P-001,V1
590,590,L-UAV-01,AMZN,31.2996441,120.5971971,100.0,BUSY,M-L-001,V2
590,590,M-UAV-01,M600,31.3108767,120.6039862,30.5,AVAILABLE,,
590,590,M-UAV-02,M600,31.3062683,120.6025389,30.5,CONTINGENCY,,
591,591,EVTOL-01,EC35,31.2957441,120.5968156,199.9,BUSY,M-P-001,V1
591,591,L-UAV-01,AMZN,31.2995249,120.5971217,100.0,BUSY,M-L-001,V2
591,591,M-UAV-01,M600,31.3108767,120.6039862,30.5,AVAILABLE,,
591,591,M-UAV-02,M600,31.3062683,120.6025389,30.5,CONTINGENCY,,
592,592,EVTOL-01,EC35,31.2955054,120.5971359,199.9,BUSY,M-P-001,V1
592,592,L-UAV-01,AMZN,31.2994057,120.5970462,100.0,BUSY,M-L-001,V2
592,592,M-UAV-01,M600,31.3108767,120.6039862,30.5,AVAILABLE,,
592,592,M-UAV-02,M600,31.3062683,120.6025389,30.5,CONTINGENCY,,
593,593,EVTOL-01,EC35,31.2952992,120.5974858,199.9,BUSY,M-P-001,V1
593,593,L-UAV-01,AMZN,31.2992864,120.5969707,100.0,BUSY,M-L-001,V2
593,593,M-UAV-01,M600,31.3108767,120.6039862,30.5,AVAILABLE,,
593,593,M-UAV-02,M600,31.3062683,120.6025389,30.5,CONTINGENCY,,
594,594,EVTOL-01,EC35,31.2951281,120.5978607,199.9,BUSY,M-P-001,V1
594,594,L-UAV-01,AMZN,31.2991672,120.5968953,100.0,BUSY,M-L-001,V2
594,594,M-UAV-01,M600,31.3108767,120.6039862,30.5,AVAILABLE,,
594,594,M-UAV-02,M600,31.3062683,120.6025389,30.5,CONTINGENCY,,
595,595,EVTOL-01,EC35,31.2949942,120.5982558,199.9,BUSY,M-P-001,V1
595,595,L-UAV-01,AMZN,31.2990480,120.5968198,100.0,BUSY,M-L-001,V2
595,595,M-UAV-01,M600,31.3108767,120.6039862,30.5,AVAILABLE,,
595,595,M-UAV-02,M600,31.3062683,120.6025389,30.5,CONTINGENCY,,
596,596,EVTOL-01,EC35,31.2948994,120.5986661,199.9,BUSY,M-P-001,V1
596,596,L-UAV-01,AMZN,31.2989287,120.5967444,100.0,BUSY,M-L-001,V2
596,596,M-UAV-01,M600,31.3108767,120.6039862,30.5,AVAILABLE,,
596,596,M-UAV-02,M600,31.3062683,120.6025389,30.5,CONTINGENCY,,
597,597,EVTOL-01,EC35,31.2948447,120.5990863,199.9,BUSY,M-P-001,V1
597,597,L-UAV-01,AMZN,31.2988095,120.5966689,100.0,BUSY,M-L-001,V2
597,597,M-UAV-01,M600,31.3108767,120.6039862,30.5,AVAILABLE,,
597,597,M-UAV-02,M600,31.3062683,120.6025389,30.5,CONTINGENCY,,
598,598,EVTOL-01,EC35,31.2948310,120.5995110,199.9,BUSY,M-P-001,V1
598,598,L-UAV-01,AMZN,31.2986903,120.5965935,100.0,BUSY,M-L-001,V2
598,598,M-UAV-01,M600,31.3108767,120.6039862,30.5,AVAILABLE,,
598,598,M-UAV-02,M600,31.3062683,120.6025389,30.5,CONTINGENCY,,
599,599,EVTOL-01,EC35,31.2948584,120.5999348,199.9,BUSY,M-P-001,V1
599,599,L-UAV-01,AMZN,31.2985710,120.5965180,100.0,BUSY,M-L-001,V2
599,599,M-UAV-01,M600,31.3108767,120.6039862,30.5,AVAILABLE,,
599,599,M-UAV-02,M600,31.3062683,120.6025389,30.5,CONTINGENCY,,
600,600,EVTOL-01,EC35,31.2949265,120.6003523,199.9,BUSY,M-P-001,V1
600,600,L-UAV-01,AMZN,31.2984518,120.5964425,100.0,BUSY,M-L-001,V2
600,600,M-UAV-01,M600,31.3108767,120.6039862,30.5,AVAILABLE,,
600,600,M-UAV-02,M600,31.3062683,120.6025389,30.5,CONTINGENCY,,
601,601,EVTOL-01,EC35,31.2950346,120.6007581,199.9,BUSY,M-P-001,V1
601,601,L-UAV-01,AMZN,31.2983326,120.5963671,100.0,BUSY,M-L-001,V2
601,601,M-UAV-01,M600,31.3108767,120.6039862,30.5,AVAILABLE,,
601,601,M-UAV-02,M600,31.3062683,120.6025389,30.5,CONTINGENCY,,
602,602,EVTOL-01,EC35,31.2951811,120.6011470,199.9,BUSY,M-P-001,V1
602,602,L-UAV-01,AMZN,31.2982133,120.5962916,100.0,BUSY,M-L-001,V2
602,602,M-UAV-01,M600,31.3108767,120.6039862,30.5,AVAILABLE,,
602,602,M-UAV-02,M600,31.3062683,120.6025389,30.5,CONTINGENCY,,
603,603,EVTOL-01,EC35,31.2953642,120.6015141,199.9,BUSY,M-P-001,V1
603,603,L-UAV-01,AMZN,31.2980941,120.5962162,100.0,BUSY,M-L-001,V2
603,603,M-UAV-01,M600,31.3108767,120.6039862,30.5,AVAILABLE,,
603,603,M-UAV-02,M600,31.3062683,120.6025389,30.5,CONTINGENCY,,
604,604,EVTOL-01,EC35,31.2955815,120.6018546,199.9,BUSY,M-P-001,V1
604,604,L-UAV-01,AMZN,31.2979749,120.5961407,100.0,BUSY,M-L-001,V2
604,604,M-UAV-01,M600,31.3108767,120.6039862,30.5,AVAILABLE,,
604,604,M-UAV-02,M600,31.3062683,120.6025389,30.5,CONTINGENCY,,
605,605,EVTOL-01,EC35,31.2958304,120.6021642,199.9,BUSY,M-P-001,V1
605,605,L-UAV-01,AMZN,31.2978557,120.5960653,100.0,BUSY,M-L-001,V3
605,605,M-UAV-01,M600,31.3108767,120.6039862,30.5,AVAILABLE,,
605,605,M-UAV-02,M600,31.3062683,120.6025389,30.5,CONTINGENCY,,
606,606,EVTOL-01,EC35,31.2961076,120.6024388,199.9,BUSY,M-P-001,V1
606,606,L-UAV-01,AMZN,31.2977226,120.5960349,100.0,BUSY,M-L-001,V3
606,606,M-UAV-01,M600,31.3108767,120.6039862,30.5,AVAILABLE,,
606,606,M-UAV-02,M600,31.3062683,120.6025389,30.5,CONTINGENCY,,
607,607,EVTOL-01,EC35,31.2964095,120.6026751,199.9,BUSY,M-P-001,V1
607,607,L-UAV-01,AMZN,31.2975879,120.5960525,100.0,BUSY,M-L-001,V3
607,607,M-UAV-01,M600,31.3108767,120.6039862,30.5,AVAILABLE,,
607,607,M-UAV-02,M600,31.3062683,120.6025389,30.5,CONTINGENCY,,
608,608,EVTOL-01,EC35,31.2967322,120.6028700,199.9,BUSY,M-P-001,V1
608,608,L-UAV-01,AMZN,31.2974638,120.5961164,100.0,BUSY,M-L-001,V3
608,608,M-UAV-01,M600,31.3108767,120.6039862,30.5,AVAILABLE,,
608,608,M-UAV-02,M600,31.3062683,120.6025389,30.5,CONTINGENCY,,
609,609,EVTOL-01,EC35,31.2970718,120.6030209,199.9,BUSY,M-P-001,V1
609,609,L-UAV-01,AMZN,31.2973617,120.5962208,100.0,BUSY,M-L-001,V3
609,609,M-UAV-01,M600,31.3108767,120.6039862,30.5,AVAILABLE,,
609,609,M-UAV-02,M600,31.3062683,120.6025389,30.5,CONTINGENCY,,
610,610,EVTOL-01,EC35,31.2974237,120.6031259,199.9,BUSY,M-P-001,V1
610,610,L-UAV-01,AMZN,31.2972909,120.5963560,100.0,BUSY,M-L-001,V3
610,610,M-UAV-01,M600,31.3108767,120.6039862,30.5,AVAILABLE,,
610,610,M-UAV-02,M600,31.3062683,120.6025389,30.5,CONTINGENCY,,
611,611,EVTOL-01,EC35,31.2977835,120.6031838,199.9,BUSY,M-P-001,V1
611,611,L-UAV-01,AMZN,31.2972579,120.5965099,100.0,BUSY,M-L-001,V3
611,611,M-UAV-01,M600,31.3108767,120.6039862,30.5,AVAILABLE,,
611,611,M-UAV-02,M600,31.3062683,120.6025389,30.5,CONTINGENCY,,
612,612,EVTOL-01,EC35,31.2981462,120.6032060,199.9,BUSY,M-P-001,V1
612,612,L-UAV-01,AMZN,31.2972657,120.5966683,100.0,BUSY,M-L-001,V3
612,612,M-UAV-01,M600,31.3108767,120.6039862,30.5,AVAILABLE,,
612,612,M-UAV-02,M600,31.3062683,120.6025389,30.5,CONTINGENCY,,
613,613,EVTOL-01,EC35,31.2985089,120.6032282,199.9,BUSY,M-P-001,V1
613,613,L-UAV-01,AMZN,31.2973135,120.5968167,100.0,BUSY,M-L-001,V3
613,613,M-UAV-01,M600,31.3108767,120.6039862,30.5,AVAILABLE,,
613,613,M-UAV-02,M600,31.3062683,120.6025389,30.5,CONTINGENCY,,
614,614,EVTOL-01,EC35,31.2988716,120.6032504,199.9,BUSY,M-P-001,V1
614,614,L-UAV-01,AMZN,31.2973971,120.5969416,100.0,BUSY,M-L-001,V3
614,614,M-UAV-01,M600,31.3108767,120.6039862,30.5,AVAILABLE,,
614,614,M-UAV-02,M600,31.3062683,120.6025389,30.5,CONTINGENCY,,
615,615,EVTOL-01,EC35,31.2992343,120.6032727,199.9,BUSY,M-P-001,V1
615,615,L-UAV-01,AMZN,31.2975087,120.5970316,100.0,BUSY,M-L-001,V3
615,615,M-UAV-01,M600,31.3108767,120.6039862,30.5,AVAILABLE,,
615,615,M-UAV-02,M600,31.3062683,120.6025389,30.5,CONTINGENCY,,
616,616,EVTOL-01,EC35,31.2995970,120.6032949,199.9,BUSY,M-P-001,V1
616,616,L-UAV-01,AMZN,31.2976279,120.5971071,100.0,BUSY,M-L-001,V3
616,616,M-UAV-01,M600,31.3108767,120.6039862,30.5,AVAILABLE,,
616,616,M-UAV-02,M600,31.3062683,120.6025389,30.5,CONTINGENCY,,
617,617,EVTOL-01,EC35,31.2999597,120.6033171,199.9,BUSY,M-P-001,V1
617,617,L-UAV-01,AMZN,31.2977471,120.5971825,100.0,BUSY,M-L-001,V3
617,617,M-UAV-01,M600,31.3108767,120.6039862,30.5,AVAILABLE,,
617,617,M-UAV-02,M600,31.3062683,120.6025389,30.5,CONTINGENCY,,
618,618,EVTOL-01,EC35,31.3003224,120.6033393,199.9,BUSY,M-P-001,V1
618,618,L-UAV-01,AMZN,31.2978664,120.5972580,100.0,BUSY,M-L-001,V3
618,618,M-UAV-01,M600,31.3108767,120.6039862,30.5,AVAILABLE,,
618,618,M-UAV-02,M600,31.3062683,120.6025389,30.5,CONTINGENCY,,
619,619,EVTOL-01,EC35,31.3006850,120.6033616,199.9,BUSY,M-P-001,V1
619,619,L-UAV-01,AMZN,31.2979856,120.5973334,100.0,BUSY,M-L-001,V3
619,619,M-UAV-01,M600,31.3108767,120.6039862,30.5,AVAILABLE,,
619,619,M-UAV-02,M600,31.3062683,120.6025389,30.5,CONTINGENCY,,
620,620,EVTOL-01,EC35,31.3010477,120.6033838,199.9,BUSY,M-P-001,V1
620,620,L-UAV-01,AMZN,31.2981048,120.5974089,100.0,BUSY,M-L-001,V3
620,620,M-UAV-01,M600,31.3108767,120.6039862,30.5,AVAILABLE,,
620,620,M-UAV-02,M600,31.3062683,120.6025389,30.5,CONTINGENCY,,
621,621,EVTOL-01,EC35,31.3014104,120.6034060,199.9,BUSY,M-P-001,V1
621,621,L-UAV-01,AMZN,31.2982241,120.5974843,100.0,BUSY,M-L-001,V3
621,621,M-UAV-01,M600,31.3108767,120.6039862,30.5,AVAILABLE,,
621,621,M-UAV-02,M600,31.3062683,120.6025389,30.5,CONTINGENCY,,
622,622,EVTOL-01,EC35,31.3017731,120.6034282,199.9,BUSY,M-P-001,V1
622,622,L-UAV-01,AMZN,31.2983433,120.5975598,100.0,BUSY,M-L-001,V3
622,622,M-UAV-01,M600,31.3108767,120.6039862,30.5,AVAILABLE,,
622,622,M-UAV-02,M600,31.3062683,120.6025389,30.5,CONTINGENCY,,
623,623,EVTOL-01,EC35,31.3021358,120.6034505,199.9,BUSY,M-P-001,V1
623,623,L-UAV-01,AMZN,31.2984625,120.5976353,100.0,BUSY,M-L-001,V3
623,623,M-UAV-01,M600,31.3108767,120.6039862,30.5,AVAILABLE,,
623,623,M-UAV-02,M600,31.3062683,120.6025389,30.5,CONTINGENCY,,
624,624,EVTOL-01,EC35,31.3024985,120.6034727,199.9,BUSY,M-P-001,V1
624,624,L-UAV-01,AMZN,31.2985817,120.5977107,100.0,BUSY,M-L-001,V3
624,624,M-UAV-01,M600,31.3108767,120.6039862,30.5,AVAILABLE,,
624,624,M-UAV-02,M600,31.3062683,120.6025389,30.5,CONTINGENCY,,
625,625,EVTOL-01,EC35,31.3028612,120.6034949,199.9,BUSY,M-P-001,V1
625,625,L-UAV-01,AMZN,31.2987010,120.5977862,100.0,BUSY,M-L-001,V3
625,625,M-UAV-01,M600,31.3108767,120.6039862,30.5,AVAILABLE,,
625,625,M-UAV-02,M600,31.3062683,120.6025389,30.5,CONTINGENCY,,
626,626,EVTOL-01,EC35,31.3032239,120.6035171,199.9,BUSY,M-P-001,V1
626,626,L-UAV-01,AMZN,31.2988202,120.5978616,100.0,BUSY,M-L-001,V3
626,626,M-UAV-01,M600,31.3108767,120.6039862,30.5,AVAILABLE,,
626,626,M-UAV-02,M600,31.3062683,120.6025389,30.5,CONTINGENCY,,
627,627,EVTOL-01,EC35,31.3035866,120.6035394,199.9,BUSY,M-P-001,V1
627,627,L-UAV-01,AMZN,31.2989394,120.5979371,100.0,BUSY,M-L-001,V3
627,627,M-UAV-01,M600,31.3108767,120.6039862,30.5,AVAILABLE,,
627,627,M-UAV-02,M600,31.3062683,120.6025389,30.5,CONTINGENCY,,
628,628,EVTOL-01,EC35,31.3039493,120.6035616,199.9,BUSY,M-P-001,V1
628,628,L-UAV-01,AMZN,31.2990587,120.5980125,100.0,BUSY,M-L-001,V3
628,628,M-UAV-01,M600,31.3108767,120.6039862,30.5,AVAILABLE,,
628,628,M-UAV-02,M600,31.3062683,120.6025389,30.5,CONTINGENCY,,
629,629,EVTOL-01,EC35,31.3043120,120.6035838,199.9,BUSY,M-P-001,V1
629,629,L-UAV-01,AMZN,31.2991779,120.5980880,100.0,BUSY,M-L-001,V3
629,629,M-UAV-01,M600,31.3108767,120.6039862,30.5,AVAILABLE,,
629,629,M-UAV-02,M600,31.3062683,120.6025389,30.5,CONTINGENCY,,
630,630,EVTOL-01,EC35,31.3046747,120.6036060,199.9,BUSY,M-P-001,V1
630,630,L-UAV-01,AMZN,31.2992971,120.5981635,100.0,BUSY,M-L-001,V3
630,630,M-UAV-01,M600,31.3108767,120.6039862,30.5,AVAILABLE,,
630,630,M-UAV-02,M600,31.3062683,120.6025389,30.5,CONTINGENCY,,
631,631,EVTOL-01,EC35,31.3050374,120.6036283,199.9,BUSY,M-P-001,V1
631,631,L-UAV-01,AMZN,31.2994164,120.5982389,100.0,BUSY,M-L-001,V3
631,631,M-UAV-01,M600,31.3108767,120.6039862,30.5,AVAILABLE,,
631,631,M-UAV-02,M600,31.3062683,120.6025389,30.5,CONTINGENCY,,
632,632,EVTOL-01,EC35,31.3054001,120.6036505,199.9,BUSY,M-P-001,V1
632,632,L-UAV-01,AMZN,31.2995356,120.5983144,100.0,BUSY,M-L-001,V3
632,632,M-UAV-01,M600,31.3108767,120.6039862,30.5,AVAILABLE,,
632,632,M-UAV-02,M600,31.3062683,120.6025389,30.5,CONTINGENCY,,
633,633,EVTOL-01,EC35,31.3057628,120.6036727,199.9,BUSY,M-P-001,V1
633,633,L-UAV-01,AMZN,31.2996548,120.5983898,100.0,BUSY,M-L-001,V3
633,633,M-UAV-01,M600,31.3108767,120.6039862,30.5,AVAILABLE,,
633,633,M-UAV-02,M600,31.3062683,120.6025389,30.5,CONTINGENCY,,
634,634,EVTOL-01,EC35,31.3061255,120.6036950,199.9,BUSY,M-P-001,V1
634,634,L-UAV-01,AMZN,31.2997740,120.5984653,100.0,BUSY,M-L-001,V3
634,634,M-UAV-01,M600,31.3108767,120.6039862,30.5,AVAILABLE,,
634,634,M-UAV-02,M600,31.3062683,120.6025389,30.5,CONTINGENCY,,
635,635,EVTOL-01,EC35,31.3064881,120.6037172,199.9,BUSY,M-P-001,V1
635,635,L-UAV-01,AMZN,31.2998933,120.5985408,100.0,BUSY,M-L-001,V3
635,635,M-UAV-01,M600,31.3108767,120.6039862,30.5,AVAILABLE,,
635,635,M-UAV-02,M600,31.3062683,120.6025389,30.5,CONTINGENCY,,
636,636,EVTOL-01,EC35,31.3068508,120.6037394,199.9,BUSY,M-P-001,V1
636,636,L-UAV-01,AMZN,31.3000125,120.5986162,100.0,BUSY,M-L-001,V3
636,636,M-UAV-01,M600,31.3108767,120.6039862,30.5,AVAILABLE,,
636,636,M-UAV-02,M600,31.3062683,120.6025389,30.5,CONTINGENCY,,
637,637,EVTOL-01,EC35,31.3072135,120.6037616,199.9,BUSY,M-P-001,V1
637,637,L-UAV-01,AMZN,31.3001317,120.5986917,100.0,BUSY,M-L-001,V3
637,637,M-UAV-01,M600,31.3108767,120.6039862,30.5,AVAILABLE,,
637,637,M-UAV-02,M600,31.3062683,120.6025389,30.5,CONTINGENCY,,
638,638,EVTOL-01,EC35,31.3075762,120.6037839,199.9,BUSY,M-P-001,V1
638,638,L-UAV-01,AMZN,31.3002510,120.5987671,100.0,BUSY,M-L-001,V3
638,638,M-UAV-01,M600,31.3108767,120.6039862,30.5,AVAILABLE,,
638,638,M-UAV-02,M600,31.3062683,120.6025389,30.5,CONTINGENCY,,
639,639,EVTOL-01,EC35,31.3079389,120.6038061,199.9,BUSY,M-P-001,V1
639,639,L-UAV-01,AMZN,31.3003702,120.5988426,100.0,BUSY,M-L-001,V3
639,639,M-UAV-01,M600,31.3108767,120.6039862,30.5,AVAILABLE,,
639,639,M-UAV-02,M600,31.3062683,120.6025389,30.5,CONTINGENCY,,
640,640,EVTOL-01,EC35,31.3083016,120.6038283,199.9,BUSY,M-P-001,V1
640,640,L-UAV-01,AMZN,31.3004894,120.5989181,100.0,BUSY,M-L-001,V3
640,640,M-UAV-01,M600,31.3108767,120.6039862,30.5,AVAILABLE,,
640,640,M-UAV-02,M600,31.3062683,120.6025389,30.5,CONTINGENCY,,
641,641,EVTOL-01,EC35,31.3086643,120.6038506,199.9,BUSY,M-P-001,V1
641,641,L-UAV-01,AMZN,31.3006087,120.5989935,100.0,BUSY,M-L-001,V3
641,641,M-UAV-01,M600,31.3108767,120.6039862,30.5,AVAILABLE,,
641,641,M-UAV-02,M600,31.3062683,120.6025389,30.5,CONTINGENCY,,
642,642,EVTOL-01,EC35,31.3090270,120.6038728,199.9,BUSY,M-P-001,V1
642,642,L-UAV-01,AMZN,31.3007279,120.5990690,100.0,BUSY,M-L-001,V3
642,642,M-UAV-01,M600,31.3108767,120.6039862,30.5,AVAILABLE,,
642,642,M-UAV-02,M600,31.3062683,120.6025389,30.5,CONTINGENCY,,
643,643,EVTOL-01,EC35,31.3093897,120.6038950,199.9,BUSY,M-P-001,V1
643,643,L-UAV-01,AMZN,31.3008471,120.5991445,100.0,BUSY,M-L-001,V3
643,643,M-UAV-01,M600,31.3108767,120.6039862,30.5,AVAILABLE,,
643,643,M-UAV-02,M600,31.3062683,120.6025389,30.5,CONTINGENCY,,
644,644,EVTOL-01,EC35,31.3097524,120.6039172,199.9,BUSY,M-P-001,V1
644,644,L-UAV-01,AMZN,31.3009663,120.5992199,100.0,BUSY,M-L-001,V3
644,644,M-UAV-01,M600,31.3108767,120.6039862,30.5,AVAILABLE,,
644,644,M-UAV-02,M600,31.3062683,120.6025389,30.5,CONTINGENCY,,
645,645,EVTOL-01,EC35,31.3101151,120.6039395,199.9,BUSY,M-P-001,V2
645,645,L-UAV-01,AMZN,31.3010856,120.5992954,100.0,BUSY,M-L-001,V3
645,645,M-UAV-01,M600,31.3108767,120.6039862,30.5,AVAILABLE,,
645,645,M-UAV-02,M600,31.3062683,120.6025389,30.5,CONTINGENCY,,
646,646,EVTOL-01,EC35,31.3104776,120.6039136,199.9,BUSY,M-P-001,V2
646,646,L-UAV-01,AMZN,31.3012048,120.5993708,100.0,BUSY,M-L-001,V3
646,646,M-UAV-01,M600,31.3108767,120.6039862,30.5,AVAILABLE,,
646,646,M-UAV-02,M600,31.3062683,120.6025389,30.5,CONTINGENCY,,
647,647,EVTOL-01,EC35,31.3108353,120.6038399,199.9,BUSY,M-P-001,V2
647,647,L-UAV-01,AMZN,31.3013240,120.5994463,100.0,BUSY,M-L-001,V3
647,647,M-UAV-01,M600,31.3108767,120.6039862,30.5,AVAILABLE,,
647,647,M-UAV-02,M600,31.3062683,120.6025389,30.5,CONTINGENCY,,
648,648,EVTOL-01,EC35,31.3111836,120.6037194,199.9,BUSY,M-P-001,V2
648,648,L-UAV-01,AMZN,31.3014433,120.5995218,100.0,BUSY,M-L-001,V3
648,648,M-UAV-01,M600,31.3108767,120.6039862,30.5,AVAILABLE,,
648,648,M-UAV-02,M600,31.3062683,120.6025389,30.5,CONTINGENCY,,
649,649,EVTOL-01,EC35,31.3115180,120.6035537,199.9,BUSY,M-P-001,V2
649,649,L-UAV-01,AMZN,31.3015625,120.5995972,100.0,BUSY,M-L-001,V3
649,649,M-UAV-01,M600,31.3108767,120.6039862,30.5,AVAILABLE,,
649,649,M-UAV-02,M600,31.3062683,120.6025389,30.5,CONTINGENCY,,
650,650,EVTOL-01,EC35,31.3118343,120.6033447,199.9,BUSY,M-P-001,V2
650,650,L-UAV-01,AMZN,31.3016817,120.5996727,100.0,BUSY,M-L-001,V3
650,650,M-UAV-01,M600,31.3108767,120.6039862,30.5,AVAILABLE,,
650,650,M-UAV-02,M600,31.3062683,120.6025389,30.5,CONTINGENCY,,
651,651,EVTOL-01,EC35,31.3121284,120.6030953,199.9,BUSY,M-P-001,V2
651,651,L-UAV-01,AMZN,31.3018009,120.5997482,100.0,BUSY,M-L-001,V3
651,651,M-UAV-01,M600,31.3108767,120.6039862,30.5,AVAILABLE,,
651,651,M-UAV-02,M600,31.3062683,120.6025389,30.5,CONTINGENCY,,
652,652,EVTOL-01,EC35,31.3123965,120.6028085,199.9,BUSY,M-P-001,V2
652,652,L-UAV-01,AMZN,31.3019202,120.5998236,100.0,BUSY,M-L-001,V3
652,652,M-UAV-01,M600,31.3108767,120.6039862,30.5,AVAILABLE,,
652,652,M-UAV-02,M600,31.3062683,120.6025389,30.5,CONTINGENCY,,
653,653,EVTOL-01,EC35,31.3126353,120.6024881,199.9,BUSY,M-P-001,V2
653,653,L-UAV-01,AMZN,31.3020394,120.5998991,100.0,BUSY,M-L-001,V3
653,653,M-UAV-01,M600,31.3108767,120.6039862,30.5,AVAILABLE,,
653,653,M-UAV-02,M600,31.3062683,120.6025389,30.5,CONTINGENCY,,
654,654,EVTOL-01,EC35,31.3128415,120.6021382,199.9,BUSY,M-P-001,V2
654,654,L-UAV-01,AMZN,31.3021586,120.5999745,100.0,BUSY,M-L-001,V3
654,654,M-UAV-01,M600,31.3108767,120.6039862,30.5,AVAILABLE,,
654,654,M-UAV-02,M600,31.3062683,120.6025389,30.5,CONTINGENCY,,
655,655,EVTOL-01,EC35,31.3130127,120.6017633,199.9,BUSY,M-P-001,V2
655,655,L-UAV-01,AMZN,31.3022779,120.6000500,100.0,BUSY,M-L-001,V3
655,655,M-UAV-01,M600,31.3108767,120.6039862,30.5,AVAILABLE,,
655,655,M-UAV-02,M600,31.3062683,120.6025389,30.5,CONTINGENCY,,
656,656,EVTOL-01,EC35,31.3131466,120.6013681,199.9,BUSY,M-P-001,V2
656,656,L-UAV-01,AMZN,31.3023971,120.6001255,100.0,BUSY,M-L-001,V3
656,656,M-UAV-01,M600,31.3108767,120.6039862,30.5,AVAILABLE,,
656,656,M-UAV-02,M600,31.3062683,120.6025389,30.5,CONTINGENCY,,
657,657,EVTOL-01,EC35,31.3132415,120.6009578,199.9,BUSY,M-P-001,V2
657,657,L-UAV-01,AMZN,31.3025163,120.6002009,100.0,BUSY,M-L-001,V3
657,657,M-UAV-01,M600,31.3108767,120.6039862,30.5,AVAILABLE,,
657,657,M-UAV-02,M600,31.3062683,120.6025389,30.5,CONTINGENCY,,
658,658,EVTOL-01,EC35,31.3132961,120.6005375,199.9,BUSY,M-P-001,V2
658,658,L-UAV-01,AMZN,31.3026355,120.6002764,100.0,BUSY,M-L-001,V3
658,658,M-UAV-01,M600,31.3108767,120.6039862,30.5,AVAILABLE,,
658,658,M-UAV-02,M600,31.3062683,120.6025389,30.5,CONTINGENCY,,
659,659,EVTOL-01,EC35,31.3133099,120.6001127,199.9,BUSY,M-P-001,V2
659,659,L-UAV-01,AMZN,31.3027548,120.6003519,100.0,BUSY,M-L-001,V3
659,659,M-UAV-01,M600,31.3108767,120.6039862,30.5,AVAILABLE,,
659,659,M-UAV-02,M600,31.3062683,120.6025389,30.5,CONTINGENCY,,
660,660,EVTOL-01,EC35,31.3132825,120.5996888,199.9,BUSY,M-P-001,V2
660,660,L-UAV-01,AMZN,31.3028740,120.6004273,100.0,BUSY,M-L-001,V3
660,660,M-UAV-01,M600,31.3108767,120.6039862,30.5,AVAILABLE,,
660,660,M-UAV-02,M600,31.3062683,120.6025389,30.5,CONTINGENCY,,
661,661,EVTOL-01,EC35,31.3132144,120.5992712,199.9,BUSY,M-P-001,V2
661,661,L-UAV-01,AMZN,31.3029932,120.6005028,100.0,BUSY,M-L-001,V3
661,661,M-UAV-01,M600,31.3108767,120.6039862,30.5,AVAILABLE,,
661,661,M-UAV-02,M600,31.3062683,120.6025389,30.5,CONTINGENCY,,
662,662,EVTOL-01,EC35,31.3131065,120.5988653,199.9,BUSY,M-P-001,V2
662,662,L-UAV-01,AMZN,31.3031125,120.6005783,100.0,BUSY,M-L-001,V3
662,662,M-UAV-01,M600,31.3108767,120.6039862,30.5,AVAILABLE,,
662,662,M-UAV-02,M600,31.3062683,120.6025389,30.5,CONTINGENCY,,
663,663,EVTOL-01,EC35,31.3129600,120.5984763,199.9,BUSY,M-P-001,V2
663,663,L-UAV-01,AMZN,31.3032317,120.6006537,100.0,BUSY,M-L-001,V3
663,663,M-UAV-01,M600,31.3108767,120.6039862,30.5,AVAILABLE,,
663,663,M-UAV-02,M600,31.3062683,120.6025389,30.5,CONTINGENCY,,
664,664,EVTOL-01,EC35,31.3127769,120.5981092,199.9,BUSY,M-P-001,V2
664,664,L-UAV-01,AMZN,31.3033509,120.6007292,100.0,BUSY,M-L-001,V3
664,664,M-UAV-01,M600,31.3108767,120.6039862,30.5,AVAILABLE,,
664,664,M-UAV-02,M600,31.3062683,120.6025389,30.5,CONTINGENCY,,
665,665,EVTOL-01,EC35,31.3125596,120.5977686,199.9,BUSY,M-P-001,V2
665,665,L-UAV-01,AMZN,31.3034701,120.6008047,100.0,BUSY,M-L-001,V3
665,665,M-UAV-01,M600,31.3108767,120.6039862,30.5,AVAILABLE,,
665,665,M-UAV-02,M600,31.3062683,120.6025389,30.5,CONTINGENCY,,
666,666,EVTOL-01,EC35,31.3123107,120.5974589,199.9,BUSY,M-P-001,V2
666,666,L-UAV-01,AMZN,31.3035894,120.6008801,100.0,BUSY,M-L-001,V3
666,666,M-UAV-01,M600,31.3108767,120.6039862,30.5,AVAILABLE,,
666,666,M-UAV-02,M600,31.3062683,120.6025389,30.5,CONTINGENCY,,
667,667,EVTOL-01,EC35,31.3120336,120.5971842,199.9,BUSY,M-P-001,V2
667,667,L-UAV-01,AMZN,31.3037086,120.6009556,100.0,BUSY,M-L-001,V3
667,667,M-UAV-01,M600,31.3108767,120.6039862,30.5,AVAILABLE,,
667,667,M-UAV-02,M600,31.3062683,120.6025389,30.5,CONTINGENCY,,
668,668,EVTOL-01,EC35,31.3117317,120.5969478,199.9,BUSY,M-P-001,V2
668,668,L-UAV-01,AMZN,31.3038278,120.6010311,100.0,BUSY,M-L-001,V3
668,668,M-UAV-01,M600,31.3108767,120.6039862,30.5,AVAILABLE,,
668,668,M-UAV-02,M600,31.3062683,120.6025389,30.5,CONTINGENCY,,
669,669,EVTOL-01,EC35,31.3114090,120.5967529,199.9,BUSY,M-P-001,V2
669,669,L-UAV-01,AMZN,31.3039470,120.6011065,100.0,BUSY,M-L-001,V3
669,669,M-UAV-01,M600,31.3108767,120.6039862,30.5,AVAILABLE,,
669,669,M-UAV-02,M600,31.3062683,120.6025389,30.5,CONTINGENCY,,
670,670,EVTOL-01,EC35,31.3110694,120.5966019,199.9,BUSY,M-P-001,V2
670,670,L-UAV-01,AMZN,31.3040663,120.6011820,100.0,BUSY,M-L-001,V3
670,670,M-UAV-01,M600,31.3108767,120.6039862,30.5,AVAILABLE,,
670,670,M-UAV-02,M600,31.3062683,120.6025389,30.5,CONTINGENCY,,
671,671,EVTOL-01,EC35,31.3107175,120.5964968,199.9,BUSY,M-P-001,V2
671,671,L-UAV-01,AMZN,31.3041855,120.6012575,100.0,BUSY,M-L-001,V3
671,671,M-UAV-01,M600,31.3108767,120.6039862,30.5,AVAILABLE,,
671,671,M-UAV-02,M600,31.3062683,120.6025389,30.5,CONTINGENCY,,
672,672,EVTOL-01,EC35,31.3103577,120.5964389,199.9,BUSY,M-P-001,V2
672,672,L-UAV-01,AMZN,31.3043047,120.6013329,100.0,BUSY,M-L-001,V3
672,672,M-UAV-01,M600,31.3108767,120.6039862,30.5,AVAILABLE,,
672,672,M-UAV-02,M600,31.3062683,120.6025389,30.5,CONTINGENCY,,
673,673,EVTOL-01,EC35,31.3099950,120.5964167,199.9,BUSY,M-P-001,V2
673,673,L-UAV-01,AMZN,31.3044240,120.6014084,100.0,BUSY,M-L-001,V3
673,673,M-UAV-01,M600,31.3108767,120.6039862,30.5,AVAILABLE,,
673,673,M-UAV-02,M600,31.3062683,120.6025389,30.5,CONTINGENCY,,
674,674,EVTOL-01,EC35,31.3096323,120.5963946,199.9,BUSY,M-P-001,V2
674,674,L-UAV-01,AMZN,31.3045432,120.6014839,100.0,BUSY,M-L-001,V3
674,674,M-UAV-01,M600,31.3108767,120.6039862,30.5,AVAILABLE,,
674,674,M-UAV-02,M600,31.3062683,120.6025389,30.5,CONTINGENCY,,
675,675,EVTOL-01,EC35,31.3092696,120.5963724,199.9,BUSY,M-P-001,V2
675,675,L-UAV-01,AMZN,31.3046624,120.6015593,100.0,BUSY,M-L-001,V3
675,675,M-UAV-01,M600,31.3108767,120.6039862,30.5,AVAILABLE,,
675,675,M-UAV-02,M600,31.3062683,120.6025389,30.5,CONTINGENCY,,
676,676,EVTOL-01,EC35,31.3089069,120.5963502,199.9,BUSY,M-P-001,V2
676,676,L-UAV-01,AMZN,31.3047816,120.6016348,100.0,BUSY,M-L-001,V3
676,676,M-UAV-01,M600,31.3108767,120.6039862,30.5,AVAILABLE,,
676,676,M-UAV-02,M600,31.3062683,120.6025389,30.5,CONTINGENCY,,
677,677,EVTOL-01,EC35,31.3085442,120.5963280,199.9,BUSY,M-P-001,V2
677,677,L-UAV-01,AMZN,31.3049009,120.6017103,100.0,BUSY,M-L-001,V3
677,677,M-UAV-01,M600,31.3108767,120.6039862,30.5,AVAILABLE,,
677,677,M-UAV-02,M600,31.3062683,120.6025389,30.5,CONTINGENCY,,
678,678,EVTOL-01,EC35,31.3081816,120.5963058,199.9,BUSY,M-P-001,V2
678,678,L-UAV-01,AMZN,31.3050201,120.6017857,100.0,BUSY,M-L-001,V3
678,678,M-UAV-01,M600,31.3108767,120.6039862,30.5,AVAILABLE,,
678,678,M-UAV-02,M600,31.3062683,120.6025389,30.5,CONTINGENCY,,
679,679,EVTOL-01,EC35,31.3078189,120.5962836,199.9,BUSY,M-P-001,V2
679,679,L-UAV-01,AMZN,31.3051393,120.6018612,100.0,BUSY,M-L-001,V3
679,679,M-UAV-01,M600,31.3108767,120.6039862,30.5,AVAILABLE,,
679,679,M-UAV-02,M600,31.3062683,120.6025389,30.5,CONTINGENCY,,
680,680,EVTOL-01,EC35,31.3074562,120.5962614,199.9,BUSY,M-P-001,V2
680,680,L-UAV-01,AMZN,31.3052586,120.6019367,100.0,BUSY,M-L-001,V3
680,680,M-UAV-01,M600,31.3108767,120.6039862,30.5,AVAILABLE,,
680,680,M-UAV-02,M600,31.3062683,120.6025389,30.5,CONTINGENCY,,
681,681,EVTOL-01,EC35,31.3070935,120.5962392,199.9,BUSY,M-P-001,V2
681,681,L-UAV-01,AMZN,31.3053778,120.6020121,100.0,BUSY,M-L-001,V3
681,681,M-UAV-01,M600,31.3108767,120.6039862,30.5,AVAILABLE,,
681,681,M-UAV-02,M600,31.3062683,120.6025389,30.5,CONTINGENCY,,
682,682,EVTOL-01,EC35,31.3067308,120.5962170,199.9,BUSY,M-P-001,V2
682,682,L-UAV-01,AMZN,31.3054970,120.6020876,100.0,BUSY,M-L-001,V3
682,682,M-UAV-01,M600,31.3108767,120.6039862,30.5,AVAILABLE,,
682,682,M-UAV-02,M600,31.3062683,120.6025389,30.5,CONTINGENCY,,
683,683,EVTOL-01,EC35,31.3063681,120.5961949,199.9,BUSY,M-P-001,V2
683,683,L-UAV-01,AMZN,31.3056162,120.6021631,100.0,BUSY,M-L-001,V3
683,683,M-UAV-01,M600,31.3108767,120.6039862,30.5,AVAILABLE,,
683,683,M-UAV-02,M600,31.3062683,120.6025389,30.5,CONTINGENCY,,
684,684,EVTOL-01,EC35,31.3060054,120.5961727,199.9,BUSY,M-P-001,V2
684,684,L-UAV-01,AMZN,31.3057355,120.6022386,100.0,BUSY,M-L-001,V3
684,684,M-UAV-01,M600,31.3108767,120.6039862,30.5,AVAILABLE,,
684,684,M-UAV-02,M600,31.3062683,120.6025389,30.5,CONTINGENCY,,
685,685,EVTOL-01,EC35,31.3056427,120.5961505,199.9,BUSY,M-P-001,V2
685,685,L-UAV-01,AMZN,31.3058547,120.6023140,100.0,BUSY,M-L-001,V2
685,685,M-UAV-01,M600,31.3108767,120.6039862,30.5,AVAILABLE,,
685,685,M-UAV-02,M600,31.3062683,120.6025389,30.5,CONTINGENCY,,
686,686,EVTOL-01,EC35,31.3052800,120.5961283,199.9,BUSY,M-P-001,V2
686,686,L-UAV-01,AMZN,31.3059877,120.6023444,100.0,BUSY,M-L-001,V2
686,686,M-UAV-01,M600,31.3108767,120.6039862,30.5,AVAILABLE,,
686,686,M-UAV-02,M600,31.3062683,120.6025389,30.5,CONTINGENCY,,
687,687,EVTOL-01,EC35,31.3049173,120.5961061,199.9,BUSY,M-P-001,V2
687,687,L-UAV-01,AMZN,31.3061224,120.6023268,100.0,BUSY,M-L-001,V2
687,687,M-UAV-01,M600,31.3108767,120.6039862,30.5,AVAILABLE,,
687,687,M-UAV-02,M600,31.3062683,120.6025389,30.5,CONTINGENCY,,
688,688,EVTOL-01,EC35,31.3045546,120.5960839,199.9,BUSY,M-P-001,V2
688,688,L-UAV-01,AMZN,31.3062465,120.6022629,100.0,BUSY,M-L-001,V2
688,688,M-UAV-01,M600,31.3108767,120.6039862,30.5,AVAILABLE,,
688,688,M-UAV-02,M600,31.3062683,120.6025389,30.5,CONTINGENCY,,
689,689,EVTOL-01,EC35,31.3041919,120.5960617,199.9,BUSY,M-P-001,V2
689,689,L-UAV-01,AMZN,31.3063486,120.6021585,100.0,BUSY,M-L-001,V2
689,689,M-UAV-01,M600,31.3108767,120.6039862,30.5,AVAILABLE,,
689,689,M-UAV-02,M600,31.3062683,120.6025389,30.5,CONTINGENCY,,
690,690,EVTOL-01,EC35,31.3038292,120.5960396,199.9,BUSY,M-P-001,V2
690,690,L-UAV-01,AMZN,31.3064194,120.6020233,100.0,BUSY,M-L-001,V2
690,690,M-UAV-01,M600,31.3108767,120.6039862,30.5,AVAILABLE,,
690,690,M-UAV-02,M600,31.3062683,120.6025389,30.5,CONTINGENCY,,
691,691,EVTOL-01,EC35,31.3034665,120.5960174,199.9,BUSY,M-P-001,V2
691,691,L-UAV-01,AMZN,31.3064525,120.6018694,100.0,BUSY,M-L-001,V2
691,691,M-UAV-01,M600,31.3108767,120.6039862,30.5,AVAILABLE,,
691,691,M-UAV-02,M600,31.3062683,120.6025389,30.5,CONTINGENCY,,
692,692,EVTOL-01,EC35,31.3031038,120.5959952,199.9,BUSY,M-P-001,V2
692,692,L-UAV-01,AMZN,31.3064447,120.6017110,100.0,BUSY,M-L-001,V2
692,692,M-UAV-01,M600,31.3108767,120.6039862,30.5,AVAILABLE,,
692,692,M-UAV-02,M600,31.3062683,120.6025389,30.5,CONTINGENCY,,
693,693,EVTOL-01,EC35,31.3027411,120.5959730,199.9,BUSY,M-P-001,V2
693,693,L-UAV-01,AMZN,31.3063969,120.6015626,100.0,BUSY,M-L-001,V2
693,693,M-UAV-01,M600,31.3108767,120.6039862,30.5,AVAILABLE,,
693,693,M-UAV-02,M600,31.3062683,120.6025389,30.5,CONTINGENCY,,
694,694,EVTOL-01,EC35,31.3023784,120.5959508,199.9,BUSY,M-P-001,V2
694,694,L-UAV-01,AMZN,31.3063133,120.6014376,100.0,BUSY,M-L-001,V2
694,694,M-UAV-01,M600,31.3108767,120.6039862,30.5,AVAILABLE,,
694,694,M-UAV-02,M600,31.3062683,120.6025389,30.5,CONTINGENCY,,
695,695,EVTOL-01,EC35,31.3020157,120.5959286,199.9,BUSY,M-P-001,V2
695,695,L-UAV-01,AMZN,31.3062017,120.6013476,100.0,BUSY,M-L-001,V2
695,695,M-UAV-01,M600,31.3108767,120.6039862,30.5,AVAILABLE,,
695,695,M-UAV-02,M600,31.3062683,120.6025389,30.5,CONTINGENCY,,
696,696,EVTOL-01,EC35,31.3016530,120.5959064,199.9,BUSY,M-P-001,V2
696,696,L-UAV-01,AMZN,31.3060825,120.6012722,100.0,BUSY,M-L-001,V2
696,696,M-UAV-01,M600,31.3108767,120.6039862,30.5,AVAILABLE,,
696,696,M-UAV-02,M600,31.3062683,120.6025389,30.5,CONTINGENCY,,
697,697,EVTOL-01,EC35,31.3012903,120.5958843,199.9,BUSY,M-P-001,V2
697,697,L-UAV-01,AMZN,31.3059633,120.6011967,100.0,BUSY,M-L-001,V2
697,697,M-UAV-01,M600,31.3108767,120.6039862,30.5,AVAILABLE,,
697,697,M-UAV-02,M600,31.3062683,120.6025389,30.5,CONTINGENCY,,
698,698,EVTOL-01,EC35,31.3009276,120.5958621,199.9,BUSY,M-P-001,V2
698,698,L-UAV-01,AMZN,31.3058440,120.6011212,100.0,BUSY,M-L-001,V2
698,698,M-UAV-01,M600,31.3108767,120.6039862,30.5,AVAILABLE,,
698,698,M-UAV-02,M600,31.3062683,120.6025389,30.5,CONTINGENCY,,
699,699,EVTOL-01,EC35,31.3005650,120.5958399,199.9,BUSY,M-P-001,V2
699,699,L-UAV-01,AMZN,31.3057248,120.6010457,100.0,BUSY,M-L-001,V2
699,699,M-UAV-01,M600,31.3108767,120.6039862,30.5,AVAILABLE,,
699,699,M-UAV-02,M600,31.3062683,120.6025389,30.5,CONTINGENCY,,
700,700,EVTOL-01,EC35,31.3002023,120.5958177,199.9,BUSY,M-P-001,V2
700,700,L-UAV-01,AMZN,31.3056056,120.6009703,100.0,BUSY,M-L-001,V2
700,700,M-UAV-01,M600,31.3108767,120.6039862,30.5,AVAILABLE,,
700,700,M-UAV-02,M600,31.3062683,120.6025389,30.5,CONTINGENCY,,
701,701,EVTOL-01,EC35,31.2998396,120.5957955,199.9,BUSY,M-P-001,V2
701,701,L-UAV-01,AMZN,31.3054863,120.6008948,100.0,BUSY,M-L-001,V2
701,701,M-UAV-01,M600,31.3108767,120.6039862,30.5,AVAILABLE,,
701,701,M-UAV-02,M600,31.3062683,120.6025389,30.5,CONTINGENCY,,
702,702,EVTOL-01,EC35,31.2994769,120.5957733,199.9,BUSY,M-P-001,V2
702,702,L-UAV-01,AMZN,31.3053671,120.6008193,100.0,BUSY,M-L-001,V2
702,702,M-UAV-01,M600,31.3108767,120.6039862,30.5,AVAILABLE,,
702,702,M-UAV-02,M600,31.3062683,120.6025389,30.5,CONTINGENCY,,
703,703,EVTOL-01,EC35,31.2991142,120.5957511,199.9,BUSY,M-P-001,V2
703,703,L-UAV-01,AMZN,31.3052479,120.6007439,100.0,BUSY,M-L-001,V2
703,703,M-UAV-01,M600,31.3108767,120.6039862,30.5,AVAILABLE,,
703,703,M-UAV-02,M600,31.3062683,120.6025389,30.5,CONTINGENCY,,
704,704,EVTOL-01,EC35,31.2987515,120.5957290,199.9,BUSY,M-P-001,V2
704,704,L-UAV-01,AMZN,31.3051287,120.6006684,100.0,BUSY,M-L-001,V2
704,704,M-UAV-01,M600,31.3108767,120.6039862,30.5,AVAILABLE,,
704,704,M-UAV-02,M600,31.3062683,120.6025389,30.5,CONTINGENCY,,
705,705,EVTOL-01,EC35,31.2983888,120.5957068,199.9,BUSY,M-P-001,V2
705,705,L-UAV-01,AMZN,31.3050094,120.6005929,100.0,BUSY,M-L-001,V2
705,705,M-UAV-01,M600,31.3108767,120.6039862,30.5,AVAILABLE,,
705,705,M-UAV-02,M600,31.3062683,120.6025389,30.5,CONTINGENCY,,
706,706,EVTOL-01,EC35,31.2980261,120.5956846,199.9,BUSY,M-P-001,V1
706,706,L-UAV-01,AMZN,31.3048902,120.6005175,100.0,BUSY,M-L-001,V2
706,706,M-UAV-01,M600,31.3108767,120.6039862,30.5,AVAILABLE,,
706,706,M-UAV-02,M600,31.3062683,120.6025389,30.5,CONTINGENCY,,
707,707,EVTOL-01,EC35,31.2976636,120.5957105,199.9,BUSY,M-P-001,V1
707,707,L-UAV-01,AMZN,31.3047710,120.6004420,100.0,BUSY,M-L-001,V2
707,707,M-UAV-01,M600,31.3108767,120.6039862,30.5,AVAILABLE,,
707,707,M-UAV-02,M600,31.3062683,120.6025389,30.5,CONTINGENCY,,
708,708,EVTOL-01,EC35,31.2973059,120.5957842,199.9,BUSY,M-P-001,V1
708,708,L-UAV-01,AMZN,31.3046517,120.6003665,100.0,BUSY,M-L-001,V2
708,708,M-UAV-01,M600,31.3108767,120.6039862,30.5,AVAILABLE,,
708,708,M-UAV-02,M600,31.3062683,120.6025389,30.5,CONTINGENCY,,
709,709,EVTOL-01,EC35,31.2969576,120.5959047,199.9,BUSY,M-P-001,V1
709,709,L-UAV-01,AMZN,31.3045325,120.6002911,100.0,BUSY,M-L-001,V2
709,709,M-UAV-01,M600,31.3108767,120.6039862,30.5,AVAILABLE,,
709,709,M-UAV-02,M600,31.3062683,120.6025389,30.5,CONTINGENCY,,
710,710,EVTOL-01,EC35,31.2966232,120.5960705,199.9,BUSY,M-P-001,V1
710,710,L-UAV-01,AMZN,31.3044133,120.6002156,100.0,BUSY,M-L-001,V2
710,710,M-UAV-01,M600,31.3108767,120.6039862,30.5,AVAILABLE,,
710,710,M-UAV-02,M600,31.3062683,120.6025389,30.5,CONTINGENCY,,
711,711,EVTOL-01,EC35,31.2963069,120.5962795,199.9,BUSY,M-P-001,V1
711,711,L-UAV-01,AMZN,31.3042941,120.6001401,100.0,BUSY,M-L-001,V2
711,711,M-UAV-01,M600,31.3108767,120.6039862,30.5,AVAILABLE,,
711,711,M-UAV-02,M600,31.3062683,120.6025389,30.5,CONTINGENCY,,
712,712,EVTOL-01,EC35,31.2960128,120.5965289,199.9,BUSY,M-P-001,V1
712,712,L-UAV-01,AMZN,31.3041748,120.6000647,100.0,BUSY,M-L-001,V2
712,712,M-UAV-01,M600,31.3108767,120.6039862,30.5,AVAILABLE,,
712,712,M-UAV-02,M600,31.3062683,120.6025389,30.5,CONTINGENCY,,
713,713,EVTOL-01,EC35,31.2957447,120.5968156,199.9,BUSY,M-P-001,V1
713,713,L-UAV-01,AMZN,31.3040556,120.5999892,100.0,BUSY,M-L-001,V2
713,713,M-UAV-01,M600,31.3108767,120.6039862,30.5,AVAILABLE,,
713,713,M-UAV-02,M600,31.3062683,120.6025389,30.5,CONTINGENCY,,
714,714,EVTOL-01,EC35,31.2955060,120.5971360,199.9,BUSY,M-P-001,V1
714,714,L-UAV-01,AMZN,31.3039364,120.5999137,100.0,BUSY,M-L-001,V2
714,714,M-UAV-01,M600,31.3108767,120.6039862,30.5,AVAILABLE,,
714,714,M-UAV-02,M600,31.3062683,120.6025389,30.5,CONTINGENCY,,
715,715,EVTOL-01,EC35,31.2952998,120.5974858,199.9,BUSY,M-P-001,V1
715,715,L-UAV-01,AMZN,31.3038171,120.5998383,100.0,BUSY,M-L-001,V2
715,715,M-UAV-01,M600,31.3108767,120.6039862,30.5,AVAILABLE,,
715,715,M-UAV-02,M600,31.3062683,120.6025389,30.5,CONTINGENCY,,
716,716,EVTOL-01,EC35,31.2951286,120.5978607,199.9,BUSY,M-P-001,V1
716,716,L-UAV-01,AMZN,31.3036979,120.5997628,100.0,BUSY,M-L-001,V2
716,716,M-UAV-01,M600,31.3108767,120.6039862,30.5,AVAILABLE,,
716,716,M-UAV-02,M600,31.3062683,120.6025389,30.5,CONTINGENCY,,
717,717,EVTOL-01,EC35,31.2949948,120.5982558,199.9,BUSY,M-P-001,V1
717,717,L-UAV-01,AMZN,31.3035787,120.5996874,100.0,BUSY,M-L-001,V2
717,717,M-UAV-01,M600,31.3108767,120.6039862,30.5,AVAILABLE,,
717,717,M-UAV-02,M600,31.3062683,120.6025389,30.5,CONTINGENCY,,
718,718,EVTOL-01,EC35,31.2948999,120.5986661,199.9,BUSY,M-P-001,V1
718,718,L-UAV-01,AMZN,31.3034595,120.5996119,100.0,BUSY,M-L-001,V2
718,718,M-UAV-01,M600,31.3108767,120.6039862,30.5,AVAILABLE,,
718,718,M-UAV-02,M600,31.3062683,120.6025389,30.5,CONTINGENCY,,
719,719,EVTOL-01,EC35,31.2948453,120.5990863,199.9,BUSY,M-P-001,V1
719,719,L-UAV-01,AMZN,31.3033402,120.5995364,100.0,BUSY,M-L-001,V2
719,719,M-UAV-01,M600,31.3108767,120.6039862,30.5,AVAILABLE,,
719,719,M-UAV-02,M600,31.3062683,120.6025389,30.5,CONTINGENCY,,
720,720,EVTOL-01,EC35,31.2948316,120.5995110,199.9,BUSY,M-P-001,V1
720,720,L-UAV-01,AMZN,31.3032210,120.5994610,100.0,BUSY,M-L-001,V2
720,720,M-UAV-01,M600,31.3108767,120.6039862,30.5,AVAILABLE,,
720,720,M-UAV-02,M600,31.3062683,120.6025389,30.5,CONTINGENCY,,
721,721,EVTOL-01,EC35,31.2948590,120.5999349,199.9,BUSY,M-P-001,V1
721,721,L-UAV-01,AMZN,31.3031018,120.5993855,100.0,BUSY,M-L-001,V2
721,721,M-UAV-01,M600,31.3108767,120.6039862,30.5,AVAILABLE,,
721,721,M-UAV-02,M600,31.3062683,120.6025389,30.5,CONTINGENCY,,
722,722,EVTOL-01,EC35,31.2949271,120.6003523,199.9,BUSY,M-P-001,V1
722,722,L-UAV-01,AMZN,31.3029825,120.5993100,100.0,BUSY,M-L-001,V2
722,722,M-UAV-01,M600,31.3108767,120.6039862,30.5,AVAILABLE,,
722,722,M-UAV-02,M600,31.3062683,120.6025389,30.5,CONTINGENCY,,
723,723,EVTOL-01,EC35,31.2950351,120.6007581,199.9,BUSY,M-P-001,V1
723,723,L-UAV-01,AMZN,31.3028633,120.5992346,100.0,BUSY,M-L-001,V2
723,723,M-UAV-01,M600,31.3108767,120.6039862,30.5,AVAILABLE,,
723,723,M-UAV-02,M600,31.3062683,120.6025389,30.5,CONTINGENCY,,
724,724,EVTOL-01,EC35,31.2951816,120.6011471,199.9,BUSY,M-P-001,V1
724,724,L-UAV-01,AMZN,31.3027441,120.5991591,100.0,BUSY,M-L-001,V2
724,724,M-UAV-01,M600,31.3108767,120.6039862,30.5,AVAILABLE,,
724,724,M-UAV-02,M600,31.3062683,120.6025389,30.5,CONTINGENCY,,
725,725,EVTOL-01,EC35,31.2953648,120.6015141,199.9,BUSY,M-P-001,V1
725,725,L-UAV-01,AMZN,31.3026249,120.5990836,100.0,BUSY,M-L-001,V2
725,725,M-UAV-01,M600,31.3108767,120.6039862,30.5,AVAILABLE,,
725,725,M-UAV-02,M600,31.3062683,120.6025389,30.5,CONTINGENCY,,
726,726,EVTOL-01,EC35,31.2955821,120.6018546,199.9,BUSY,M-P-001,V1
726,726,L-UAV-01,AMZN,31.3025056,120.5990082,100.0,BUSY,M-L-001,V2
726,726,M-UAV-01,M600,31.3108767,120.6039862,30.5,AVAILABLE,,
726,726,M-UAV-02,M600,31.3062683,120.6025389,30.5,CONTINGENCY,,
727,727,EVTOL-01,EC35,31.2958310,120.6021642,199.9,BUSY,M-P-001,V1
727,727,L-UAV-01,AMZN,31.3023864,120.5989327,100.0,BUSY,M-L-001,V2
727,727,M-UAV-01,M600,31.3108767,120.6039862,30.5,AVAILABLE,,
727,727,M-UAV-02,M600,31.3062683,120.6025389,30.5,CONTINGENCY,,
728,728,EVTOL-01,EC35,31.2961081,120.6024389,199.9,BUSY,M-P-001,V1
728,728,L-UAV-01,AMZN,31.3022672,120.5988572,100.0,BUSY,M-L-001,V2
728,728,M-UAV-01,M600,31.3108767,120.6039862,30.5,AVAILABLE,,
728,728,M-UAV-02,M600,31.3062683,120.6025389,30.5,CONTINGENCY,,
729,729,EVTOL-01,EC35,31.2964100,120.6026751,199.9,BUSY,M-P-001,V1
729,729,L-UAV-01,AMZN,31.3021479,120.5987818,100.0,BUSY,M-L-001,V2
729,729,M-UAV-01,M600,31.3108767,120.6039862,30.5,AVAILABLE,,
729,729,M-UAV-02,M600,31.3062683,120.6025389,30.5,CONTINGENCY,,
730,730,EVTOL-01,EC35,31.2967328,120.6028700,199.9,BUSY,M-P-001,V1
730,730,L-UAV-01,AMZN,31.3020287,120.5987063,100.0,BUSY,M-L-001,V2
730,730,M-UAV-01,M600,31.3108767,120.6039862,30.5,AVAILABLE,,
730,730,M-UAV-02,M600,31.3062683,120.6025389,30.5,CONTINGENCY,,
731,731,EVTOL-01,EC35,31.2970724,120.6030209,199.9,BUSY,M-P-001,V1
731,731,L-UAV-01,AMZN,31.3019095,120.5986309,100.0,BUSY,M-L-001,V2
731,731,M-UAV-01,M600,31.3108767,120.6039862,30.5,AVAILABLE,,
731,731,M-UAV-02,M600,31.3062683,120.6025389,30.5,CONTINGENCY,,
732,732,EVTOL-01,EC35,31.2974243,120.6031260,199.9,BUSY,M-P-001,V1
732,732,L-UAV-01,AMZN,31.3017903,120.5985554,100.0,BUSY,M-L-001,V2
732,732,M-UAV-01,M600,31.3108767,120.6039862,30.5,AVAILABLE,,
732,732,M-UAV-02,M600,31.3062683,120.6025389,30.5,CONTINGENCY,,
733,733,EVTOL-01,EC35,31.2977841,120.6031838,199.9,BUSY,M-P-001,V1
733,733,L-UAV-01,AMZN,31.3016710,120.5984799,100.0,BUSY,M-L-001,V2
733,733,M-UAV-01,M600,31.3108767,120.6039862,30.5,AVAILABLE,,
733,733,M-UAV-02,M600,31.3062683,120.6025389,30.5,CONTINGENCY,,
734,734,EVTOL-01,EC35,31.2981468,120.6032060,199.9,BUSY,M-P-001,V1
734,734,L-UAV-01,AMZN,31.3015518,120.5984045,100.0,BUSY,M-L-001,V2
734,734,M-UAV-01,M600,31.3108767,120.6039862,30.5,AVAILABLE,,
734,734,M-UAV-02,M600,31.3062683,120.6025389,30.5,CONTINGENCY,,
735,735,EVTOL-01,EC35,31.2985095,120.6032282,199.9,BUSY,M-P-001,V1
735,735,L-UAV-01,AMZN,31.3014326,120.5983290,100.0,BUSY,M-L-001,V2
735,735,M-UAV-01,M600,31.3108767,120.6039862,30.5,AVAILABLE,,
735,735,M-UAV-02,M600,31.3062683,120.6025389,30.5,CONTINGENCY,,
736,736,EVTOL-01,EC35,31.2988722,120.6032505,199.9,BUSY,M-P-001,V1
736,736,L-UAV-01,AMZN,31.3013133,120.5982536,100.0,BUSY,M-L-001,V2
736,736,M-UAV-01,M600,31.3108767,120.6039862,30.5,AVAILABLE,,
736,736,M-UAV-02,M600,31.3062683,120.6025389,30.5,CONTINGENCY,,
737,737,EVTOL-01,EC35,31.2992349,120.6032727,199.9,BUSY,M-P-001,V1
737,737,L-UAV-01,AMZN,31.3011941,120.5981781,100.0,BUSY,M-L-001,V2
737,737,M-UAV-01,M600,31.3108767,120.6039862,30.5,AVAILABLE,,
737,737,M-UAV-02,M600,31.3062683,120.6025389,30.5,CONTINGENCY,,
738,738,EVTOL-01,EC35,31.2995976,120.6032949,199.9,BUSY,M-P-001,V1
738,738,L-UAV-01,AMZN,31.3010749,120.5981026,100.0,BUSY,M-L-001,V2
738,738,M-UAV-01,M600,31.3108767,120.6039862,30.5,AVAILABLE,,
738,738,M-UAV-02,M600,31.3062683,120.6025389,30.5,CONTINGENCY,,
739,739,EVTOL-01,EC35,31.2999603,120.6033171,199.9,BUSY,M-P-001,V1
739,739,L-UAV-01,AMZN,31.3009556,120.5980272,100.0,BUSY,M-L-001,V2
739,739,M-UAV-01,M600,31.3108767,120.6039862,30.5,AVAILABLE,,
739,739,M-UAV-02,M600,31.3062683,120.6025389,30.5,CONTINGENCY,,
740,740,EVTOL-01,EC35,31.3003229,120.6033394,199.9,BUSY,M-P-001,V1
740,740,L-UAV-01,AMZN,31.3008364,120.5979517,100.0,BUSY,M-L-001,V2
740,740,M-UAV-01,M600,31.3108767,120.6039862,30.5,AVAILABLE,,
740,740,M-UAV-02,M600,31.3062683,120.6025389,30.5,CONTINGENCY,,
741,741,EVTOL-01,EC35,31.3006856,120.6033616,199.9,BUSY,M-P-001,V1
741,741,L-UAV-01,AMZN,31.3007172,120.5978763,100.0,BUSY,M-L-001,V2
741,741,M-UAV-01,M600,31.3108767,120.6039862,30.5,AVAILABLE,,
741,741,M-UAV-02,M600,31.3062683,120.6025389,30.5,CONTINGENCY,,
742,742,EVTOL-01,EC35,31.3010483,120.6033838,199.9,BUSY,M-P-001,V1
742,742,L-UAV-01,AMZN,31.3005980,120.5978008,100.0,BUSY,M-L-001,V2
742,742,M-UAV-01,M600,31.3108767,120.6039862,30.5,AVAILABLE,,
742,742,M-UAV-02,M600,31.3062683,120.6025389,30.5,CONTINGENCY,,
743,743,EVTOL-01,EC35,31.3014110,120.6034060,199.9,BUSY,M-P-001,V1
743,743,L-UAV-01,AMZN,31.3004787,120.5977253,100.0,BUSY,M-L-001,V2
743,743,M-UAV-01,M600,31.3108767,120.6039862,30.5,AVAILABLE,,
743,743,M-UAV-02,M600,31.3062683,120.6025389,30.5,CONTINGENCY,,
744,744,EVTOL-01,EC35,31.3017737,120.6034283,199.9,BUSY,M-P-001,V1
744,744,L-UAV-01,AMZN,31.3003595,120.5976499,100.0,BUSY,M-L-001,V2
744,744,M-UAV-01,M600,31.3108767,120.6039862,30.5,AVAILABLE,,
744,744,M-UAV-02,M600,31.3062683,120.6025389,30.5,CONTINGENCY,,
745,745,EVTOL-01,EC35,31.3021364,120.6034505,199.9,BUSY,M-P-001,V1
745,745,L-UAV-01,AMZN,31.3002403,120.5975744,100.0,BUSY,M-L-001,V2
745,745,M-UAV-01,M600,31.3108767,120.6039862,30.5,AVAILABLE,,
745,745,M-UAV-02,M600,31.3062683,120.6025389,30.5,CONTINGENCY,,
746,746,EVTOL-01,EC35,31.3024991,120.6034727,199.9,BUSY,M-P-001,V1
746,746,L-UAV-01,AMZN,31.3001210,120.5974990,100.0,BUSY,M-L-001,V2
746,746,M-UAV-01,M600,31.3108767,120.6039862,30.5,AVAILABLE,,
746,746,M-UAV-02,M600,31.3062683,120.6025389,30.5,CONTINGENCY,,
747,747,EVTOL-01,EC35,31.3028618,120.6034950,199.9,BUSY,M-P-001,V1
747,747,L-UAV-01,AMZN,31.3000018,120.5974235,100.0,BUSY,M-L-001,V2
747,747,M-UAV-01,M600,31.3108767,120.6039862,30.5,AVAILABLE,,
747,747,M-UAV-02,M600,31.3062683,120.6025389,30.5,CONTINGENCY,,
748,748,EVTOL-01,EC35,31.3032245,120.6035172,199.9,BUSY,M-P-001,V1
748,748,L-UAV-01,AMZN,31.2998826,120.5973480,100.0,BUSY,M-L-001,V2
748,748,M-UAV-01,M600,31.3108767,120.6039862,30.5,AVAILABLE,,
748,748,M-UAV-02,M600,31.3062683,120.6025389,30.5,CONTINGENCY,,
749,749,EVTOL-01,EC35,31.3035872,120.6035394,199.9,BUSY,M-P-001,V1
749,749,L-UAV-01,AMZN,31.2997633,120.5972726,100.0,BUSY,M-L-001,V2
749,749,M-UAV-01,M600,31.3108767,120.6039862,30.5,AVAILABLE,,
749,749,M-UAV-02,M600,31.3062683,120.6025389,30.5,CONTINGENCY,,
750,750,EVTOL-01,EC35,31.3039499,120.6035616,199.9,BUSY,M-P-001,V1
750,750,L-UAV-01,AMZN,31.2996441,120.5971971,100.0,BUSY,M-L-001,V2
750,750,M-UAV-01,M600,31.3108767,120.6039862,30.5,AVAILABLE,,
750,750,M-UAV-02,M600,31.3062683,120.6025389,30.5,CONTINGENCY,,
751,751,EVTOL-01,EC35,31.3043126,120.6035839,199.9,BUSY,M-P-001,V1
751,751,L-UAV-01,AMZN,31.2995249,120.5971217,100.0,BUSY,M-L-001,V2
751,751,M-UAV-01,M600,31.3108767,120.6039862,30.5,AVAILABLE,,
751,751,M-UAV-02,M600,31.3062683,120.6025389,30.5,CONTINGENCY,,
752,752,EVTOL-01,EC35,31.3046753,120.6036061,199.9,BUSY,M-P-001,V1
752,752,L-UAV-01,AMZN,31.2994057,120.5970462,100.0,BUSY,M-L-001,V2
752,752,M-UAV-01,M600,31.3108767,120.6039862,30.5,AVAILABLE,,
752,752,M-UAV-02,M600,31.3062683,120.6025389,30.5,CONTINGENCY,,
753,753,EVTOL-01,EC35,31.3050380,120.6036283,199.9,BUSY,M-P-001,V1
753,753,L-UAV-01,AMZN,31.2992864,120.5969707,100.0,BUSY,M-L-001,V2
753,753,M-UAV-01,M600,31.3108767,120.6039862,30.5,AVAILABLE,,
753,753,M-UAV-02,M600,31.3062683,120.6025389,30.5,CONTINGENCY,,
754,754,EVTOL-01,EC35,31.3054007,120.6036505,199.9,BUSY,M-P-001,V1
754,754,L-UAV-01,AMZN,31.2991672,120.5968953,100.0,BUSY,M-L-001,V2
754,754,M-UAV-01,M600,31.3108767,120.6039862,30.5,AVAILABLE,,
754,754,M-UAV-02,M600,31.3062683,120.6025389,30.5,CONTINGENCY,,
755,755,EVTOL-01,EC35,31.3057633,120.6036728,199.9,BUSY,M-P-001,V1
755,755,L-UAV-01,AMZN,31.2990480,120.5968198,100.0,BUSY,M-L-001,V2
755,755,M-UAV-01,M600,31.3108767,120.6039862,30.5,AVAILABLE,,
755,755,M-UAV-02,M600,31.3062683,120.6025389,30.5,CONTINGENCY,,
756,756,EVTOL-01,EC35,31.3061260,120.6036950,199.9,BUSY,M-P-001,V1
756,756,L-UAV-01,AMZN,31.2989287,120.5967444,100.0,BUSY,M-L-001,V2
756,756,M-UAV-01,M600,31.3108767,120.6039862,30.5,AVAILABLE,,
756,756,M-UAV-02,M600,31.3062683,120.6025389,30.5,CONTINGENCY,,
757,757,EVTOL-01,EC35,31.3064887,120.6037172,199.9,BUSY,M-P-001,V1
757,757,L-UAV-01,AMZN,31.2988095,120.5966689,100.0,BUSY,M-L-001,V2
757,757,M-UAV-01,M600,31.3108767,120.6039862,30.5,AVAILABLE,,
757,757,M-UAV-02,M600,31.3062683,120.6025389,30.5,CONTINGENCY,,
758,758,EVTOL-01,EC35,31.3068514,120.6037394,199.9,BUSY,M-P-001,V1
758,758,L-UAV-01,AMZN,31.2986903,120.5965935,100.0,BUSY,M-L-001,V2
758,758,M-UAV-01,M600,31.3108767,120.6039862,30.5,AVAILABLE,,
758,758,M-UAV-02,M600,31.3062683,120.6025389,30.5,CONTINGENCY,,
759,759,EVTOL-01,EC35,31.3072141,120.6037617,199.9,BUSY,M-P-001,V1
759,759,L-UAV-01,AMZN,31.2985710,120.5965180,100.0,BUSY,M-L-001,V2
759,759,M-UAV-01,M600,31.3108767,120.6039862,30.5,AVAILABLE,,
759,759,M-UAV-02,M600,31.3062683,120.6025389,30.5,CONTINGENCY,,
760,760,EVTOL-01,EC35,31.3075768,120.6037839,199.9,BUSY,M-P-001,V1
760,760,L-UAV-01,AMZN,31.2984518,120.5964425,100.0,BUSY,M-L-001,V2
760,760,M-UAV-01,M600,31.3108767,120.6039862,30.5,AVAILABLE,,
760,760,M-UAV-02,M600,31.3062683,120.6025389,30.5,CONTINGENCY,,
761,761,EVTOL-01,EC35,31.3079395,120.6038061,199.9,BUSY,M-P-001,V1
761,761,L-UAV-01,AMZN,31.2983326,120.5963671,100.0,BUSY,M-L-001,V2
761,761,M-UAV-01,M600,31.3108767,120.6039862,30.5,AVAILABLE,,
761,761,M-UAV-02,M600,31.3062683,120.6025389,30.5,CONTINGENCY,,
762,762,EVTOL-01,EC35,31.3083022,120.6038284,199.9,BUSY,M-P-001,V1
762,762,L-UAV-01,AMZN,31.2982134,120.5962916,100.0,BUSY,M-L-001,V2
762,762,M-UAV-01,M600,31.3108767,120.6039862,30.5,AVAILABLE,,
762,762,M-UAV-02,M600,31.3062683,120.6025389,30.5,CONTINGENCY,,
763,763,EVTOL-01,EC35,31.3086649,120.6038506,199.9,BUSY,M-P-001,V1
763,763,L-UAV-01,AMZN,31.2980941,120.5962162,100.0,BUSY,M-L-001,V2
763,763,M-UAV-01,M600,31.3108767,120.6039862,30.5,AVAILABLE,,
763,763,M-UAV-02,M600,31.3062683,120.6025389,30.5,CONTINGENCY,,
764,764,EVTOL-01,EC35,31.3090276,120.6038728,199.9,BUSY,M-P-001,V1
764,764,L-UAV-01,AMZN,31.2979749,120.5961407,100.0,BUSY,M-L-001,V2
764,764,M-UAV-01,M600,31.3108767,120.6039862,30.5,AVAILABLE,,
764,764,M-UAV-02,M600,31.3062683,120.6025389,30.5,CONTINGENCY,,
765,765,EVTOL-01,EC35,31.3093903,120.6038950,199.9,BUSY,M-P-001,V1
765,765,L-UAV-01,AMZN,31.2978557,120.5960653,100.0,BUSY,M-L-001,V3
765,765,M-UAV-01,M600,31.3108767,120.6039862,30.5,AVAILABLE,,
765,765,M-UAV-02,M600,31.3062683,120.6025389,30.5,CONTINGENCY,,
766,766,EVTOL-01,EC35,31.3097530,120.6039173,199.9,BUSY,M-P-001,V1
766,766,L-UAV-01,AMZN,31.2977226,120.5960349,100.0,BUSY,M-L-001,V3
766,766,M-UAV-01,M600,31.3108767,120.6039862,30.5,AVAILABLE,,
766,766,M-UAV-02,M600,31.3062683,120.6025389,30.5,CONTINGENCY,,
767,767,EVTOL-01,EC35,31.3101157,120.6039395,199.9,BUSY,M-P-001,V2
767,767,L-UAV-01,AMZN,31.2975879,120.5960525,100.0,BUSY,M-L-001,V3
767,767,M-UAV-01,M600,31.3108767,120.6039862,30.5,AVAILABLE,,
767,767,M-UAV-02,M600,31.3062683,120.6025389,30.5,CONTINGENCY,,
768,768,EVTOL-01,EC35,31.3104782,120.6039136,199.9,BUSY,M-P-001,V2
768,768,L-UAV-01,AMZN,31.2974638,120.5961164,100.0,BUSY,M-L-001,V3
768,768,M-UAV-01,M600,31.3108767,120.6039862,30.5,AVAILABLE,,
768,768,M-UAV-02,M600,31.3062683,120.6025389,30.5,CONTINGENCY,,
769,769,EVTOL-01,EC35,31.3108359,120.6038400,199.9,BUSY,M-P-001,V2
769,769,L-UAV-01,AMZN,31.2973617,120.5962208,100.0,BUSY,M-L-001,V3
769,769,M-UAV-01,M600,31.3108767,120.6039862,30.5,AVAILABLE,,
769,769,M-UAV-02,M600,31.3062683,120.6025389,30.5,CONTINGENCY,,
770,770,EVTOL-01,EC35,31.3111842,120.6037195,199.9,BUSY,M-P-001,V2
770,770,L-UAV-01,AMZN,31.2972909,120.5963560,100.0,BUSY,M-L-001,V3
770,770,M-UAV-01,M600,31.3108767,120.6039862,30.5,AVAILABLE,,
770,770,M-UAV-02,M600,31.3062683,120.6025389,30.5,CONTINGENCY,,
771,771,EVTOL-01,EC35,31.3115186,120.6035537,199.9,BUSY,M-P-001,V2
771,771,L-UAV-01,AMZN,31.2972579,120.5965099,100.0,BUSY,M-L-001,V3
771,771,M-UAV-01,M600,31.3108767,120.6039862,30.5,AVAILABLE,,
771,771,M-UAV-02,M600,31.3062683,120.6025389,30.5,CONTINGENCY,,
772,772,EVTOL-01,EC35,31.3118349,120.6033447,199.9,BUSY,M-P-001,V2
772,772,L-UAV-01,AMZN,31.2972657,120.5966683,100.0,BUSY,M-L-001,V3
772,772,M-UAV-01,M600,31.3108767,120.6039862,30.5,AVAILABLE,,
772,772,M-UAV-02,M600,31.3062683,120.6025389,30.5,CONTINGENCY,,
773,773,EVTOL-01,EC35,31.3121290,120.6030953,199.9,BUSY,M-P-001,V2
773,773,L-UAV-01,AMZN,31.2973135,120.5968167,100.0,BUSY,M-L-001,V3
773,773,M-UAV-01,M600,31.3108767,120.6039862,30.5,AVAILABLE,,
773,773,M-UAV-02,M600,31.3062683,120.6025389,30.5,CONTINGENCY,,
774,774,EVTOL-01,EC35,31.3123971,120.6028085,199.9,BUSY,M-P-001,V2
774,774,L-UAV-01,AMZN,31.2973971,120.5969416,100.0,BUSY,M-L-001,V3
774,774,M-UAV-01,M600,31.3108767,120.6039862,30.5,AVAILABLE,,
774,774,M-UAV-02,M600,31.3062683,120.6025389,30.5,CONTINGENCY,,
775,775,EVTOL-01,EC35,31.3126358,120.6024882,199.9,BUSY,M-P-001,V2
775,775,L-UAV-01,AMZN,31.2975087,120.5970316,100.0,BUSY,M-L-001,V3
775,775,M-UAV-01,M600,31.3108767,120.6039862,30.5,AVAILABLE,,
775,775,M-UAV-02,M600,31.3062683,120.6025389,30.5,CONTINGENCY,,
776,776,EVTOL-01,EC35,31.3128421,120.6021383,199.9,BUSY,M-P-001,V2
776,776,L-UAV-01,AMZN,31.2976279,120.5971071,100.0,BUSY,M-L-001,V3
776,776,M-UAV-01,M600,31.3108767,120.6039862,30.5,AVAILABLE,,
776,776,M-UAV-02,M600,31.3062683,120.6025389,30.5,CONTINGENCY,,
777,777,EVTOL-01,EC35,31.3130133,120.6017633,199.9,BUSY,M-P-001,V2
777,777,L-UAV-01,AMZN,31.2977471,120.5971825,100.0,BUSY,M-L-001,V3
777,777,M-UAV-01,M600,31.3108767,120.6039862,30.5,AVAILABLE,,
777,777,M-UAV-02,M600,31.3062683,120.6025389,30.5,CONTINGENCY,,
778,778,EVTOL-01,EC35,31.3131472,120.6013682,199.9,BUSY,M-P-001,V2
778,778,L-UAV-01,AMZN,31.2978664,120.5972580,100.0,BUSY,M-L-001,V3
778,778,M-UAV-01,M600,31.3108767,120.6039862,30.5,AVAILABLE,,
778,778,M-UAV-02,M600,31.3062683,120.6025389,30.5,CONTINGENCY,,
779,779,EVTOL-01,EC35,31.3132421,120.6009578,199.9,BUSY,M-P-001,V2
779,779,L-UAV-01,AMZN,31.2979856,120.5973334,100.0,BUSY,M-L-001,V3
779,779,M-UAV-01,M600,31.3108767,120.6039862,30.5,AVAILABLE,,
779,779,M-UAV-02,M600,31.3062683,120.6025389,30.5,CONTINGENCY,,
780,780,EVTOL-01,EC35,31.3132967,120.6005376,199.9,BUSY,M-P-001,V2
780,780,L-UAV-01,AMZN,31.2981048,120.5974089,100.0,BUSY,M-L-001,V3
780,780,M-UAV-01,M600,31.3108767,120.6039862,30.5,AVAILABLE,,
780,780,M-UAV-02,M600,31.3062683,120.6025389,30.5,CONTINGENCY,,
781,781,EVTOL-01,EC35,31.3133105,120.6001127,199.9,BUSY,M-P-001,V2
781,781,L-UAV-01,AMZN,31.2982241,120.5974843,100.0,BUSY,M-L-001,V3
781,781,M-UAV-01,M600,31.3108767,120.6039862,30.5,AVAILABLE,,
781,781,M-UAV-02,M600,31.3062683,120.6025389,30.5,CONTINGENCY,,
782,782,EVTOL-01,EC35,31.3132831,120.5996888,199.9,BUSY,M-P-001,V2
782,782,L-UAV-01,AMZN,31.2983433,120.5975598,100.0,BUSY,M-L-001,V3
782,782,M-UAV-01,M600,31.3108767,120.6039862,30.5,AVAILABLE,,
782,782,M-UAV-02,M600,31.3062683,120.6025389,30.5,CONTINGENCY,,
783,783,EVTOL-01,EC35,31.3132150,120.5992713,199.9,BUSY,M-P-001,V2
783,783,L-UAV-01,AMZN,31.2984625,120.5976353,100.0,BUSY,M-L-001,V3
783,783,M-UAV-01,M600,31.3108767,120.6039862,30.5,AVAILABLE,,
783,783,M-UAV-02,M600,31.3062683,120.6025389,30.5,CONTINGENCY,,
784,784,EVTOL-01,EC35,31.3131070,120.5988654,199.9,BUSY,M-P-001,V2
784,784,L-UAV-01,AMZN,31.2985818,120.5977107,100.0,BUSY,M-L-001,V3
784,784,M-UAV-01,M600,31.3108767,120.6039862,30.5,AVAILABLE,,
784,784,M-UAV-02,M600,31.3062683,120.6025389,30.5,CONTINGENCY,,
785,785,EVTOL-01,EC35,31.3129606,120.5984764,199.9,BUSY,M-P-001,V2
785,785,L-UAV-01,AMZN,31.2987010,120.5977862,100.0,BUSY,M-L-001,V3
785,785,M-UAV-01,M600,31.3108767,120.6039862,30.5,AVAILABLE,,
785,785,M-UAV-02,M600,31.3062683,120.6025389,30.5,CONTINGENCY,,
786,786,EVTOL-01,EC35,31.3127775,120.5981092,199.9,BUSY,M-P-001,V2
786,786,L-UAV-01,AMZN,31.2988202,120.5978616,100.0,BUSY,M-L-001,V3
786,786,M-UAV-01,M600,31.3108767,120.6039862,30.5,AVAILABLE,,
786,786,M-UAV-02,M600,31.3062683,120.6025389,30.5,CONTINGENCY,,
787,787,EVTOL-01,EC35,31.3125602,120.5977686,199.9,BUSY,M-P-001,V2
787,787,L-UAV-01,AMZN,31.2989394,120.5979371,100.0,BUSY,M-L-001,V3
787,787,M-UAV-01,M600,31.3108767,120.6039862,30.5,AVAILABLE,,
787,787,M-UAV-02,M600,31.3062683,120.6025389,30.5,CONTINGENCY,,
788,788,EVTOL-01,EC35,31.3123113,120.5974590,199.9,BUSY,M-P-001,V2
788,788,L-UAV-01,AMZN,31.2990587,120.5980125,100.0,BUSY,M-L-001,V3
788,788,M-UAV-01,M600,31.3108767,120.6039862,30.5,AVAILABLE,,
788,788,M-UAV-02,M600,31.3062683,120.6025389,30.5,CONTINGENCY,,
789,789,EVTOL-01,EC35,31.3120342,120.5971842,199.9,BUSY,M-P-001,V2
789,789,L-UAV-01,AMZN,31.2991779,120.5980880,100.0,BUSY,M-L-001,V3
789,789,M-UAV-01,M600,31.3108767,120.6039862,30.5,AVAILABLE,,
789,789,M-UAV-02,M600,31.3062683,120.6025389,30.5,CONTINGENCY,,
790,790,EVTOL-01,EC35,31.3117323,120.5969479,199.9,BUSY,M-P-001,V2
790,790,L-UAV-01,AMZN,31.2992971,120.5981635,100.0,BUSY,M-L-001,V3
790,790,M-UAV-01,M600,31.3108767,120.6039862,30.5,AVAILABLE,,
790,790,M-UAV-02,M600,31.3062683,120.6025389,30.5,CONTINGENCY,,
791,791,EVTOL-01,EC35,31.3114095,120.5967529,199.9,BUSY,M-P-001,V2
791,791,L-UAV-01,AMZN,31.2994164,120.5982389,100.0,BUSY,M-L-001,V3
791,791,M-UAV-01,M600,31.3108767,120.6039862,30.5,AVAILABLE,,
791,791,M-UAV-02,M600,31.3062683,120.6025389,30.5,CONTINGENCY,,
792,792,EVTOL-01,EC35,31.3110700,120.5966020,199.9,BUSY,M-P-001,V2
792,792,L-UAV-01,AMZN,31.2995356,120.5983144,100.0,BUSY,M-L-001,V3
792,792,M-UAV-01,M600,31.3108767,120.6039862,30.5,AVAILABLE,,
792,792,M-UAV-02,M600,31.3062683,120.6025389,30.5,CONTINGENCY,,
793,793,EVTOL-01,EC35,31.3107181,120.5964969,199.9,BUSY,M-P-001,V2
793,793,L-UAV-01,AMZN,31.2996548,120.5983898,100.0,BUSY,M-L-001,V3
793,793,M-UAV-01,M600,31.3108767,120.6039862,30.5,AVAILABLE,,
793,793,M-UAV-02,M600,31.3062683,120.6025389,30.5,CONTINGENCY,,
794,794,EVTOL-01,EC35,31.3103583,120.5964390,199.9,BUSY,M-P-001,V2
794,794,L-UAV-01,AMZN,31.2997741,120.5984653,100.0,BUSY,M-L-001,V3
794,794,M-UAV-01,M600,31.3108767,120.6039862,30.5,AVAILABLE,,
794,794,M-UAV-02,M600,31.3062683,120.6025389,30.5,CONTINGENCY,,
795,795,EVTOL-01,EC35,31.3099956,120.5964168,199.9,BUSY,M-P-001,V2
795,795,L-UAV-01,AMZN,31.2998933,120.5985408,100.0,BUSY,M-L-001,V3
795,795,M-UAV-01,M600,31.3108767,120.6039862,30.5,AVAILABLE,,
795,795,M-UAV-02,M600,31.3062683,120.6025389,30.5,CONTINGENCY,,
796,796,EVTOL-01,EC35,31.3096329,120.5963946,199.9,BUSY,M-P-001,V2
796,796,L-UAV-01,AMZN,31.3000125,120.5986162,100.0,BUSY,M-L-001,V3
796,796,M-UAV-01,M600,31.3108767,120.6039862,30.5,AVAILABLE,,
796,796,M-UAV-02,M600,31.3062683,120.6025389,30.5,CONTINGENCY,,
797,797,EVTOL-01,EC35,31.3092702,120.5963724,199.9,BUSY,M-P-001,V2
797,797,L-UAV-01,AMZN,31.3001317,120.5986917,100.0,BUSY,M-L-001,V3
797,797,M-UAV-01,M600,31.3108767,120.6039862,30.5,AVAILABLE,,
797,797,M-UAV-02,M600,31.3062683,120.6025389,30.5,CONTINGENCY,,
798,798,EVTOL-01,EC35,31.3089075,120.5963502,199.9,BUSY,M-P-001,V2
798,798,L-UAV-01,AMZN,31.3002510,120.5987672,100.0,BUSY,M-L-001,V3
798,798,M-UAV-01,M600,31.3108767,120.6039862,30.5,AVAILABLE,,
798,798,M-UAV-02,M600,31.3062683,120.6025389,30.5,CONTINGENCY,,
799,799,EVTOL-01,EC35,31.3085448,120.5963280,199.9,BUSY,M-P-001,V2
799,799,L-UAV-01,AMZN,31.3003702,120.5988426,100.0,BUSY,M-L-001,V3
799,799,M-UAV-01,M600,31.3108767,120.6039862,30.5,AVAILABLE,,
799,799,M-UAV-02,M600,31.3062683,120.6025389,30.5,CONTINGENCY,,
800,800,EVTOL-01,EC35,31.3081821,120.5963058,199.9,BUSY,M-P-001,V2
800,800,L-UAV-01,AMZN,31.3004894,120.5989181,100.0,BUSY,M-L-001,V3
800,800,M-UAV-01,M600,31.3108767,120.6039862,30.5,AVAILABLE,,
800,800,M-UAV-02,M600,31.3062683,120.6025389,30.5,CONTINGENCY,,
801,801,EVTOL-01,EC35,31.3078194,120.5962836,199.9,BUSY,M-P-001,V2
801,801,L-UAV-01,AMZN,31.3006087,120.5989935,100.0,BUSY,M-L-001,V3
801,801,M-UAV-01,M600,31.3108767,120.6039862,30.5,AVAILABLE,,
801,801,M-UAV-02,M600,31.3062683,120.6025389,30.5,CONTINGENCY,,
802,802,EVTOL-01,EC35,31.3074568,120.5962615,199.9,BUSY,M-P-001,V2
802,802,L-UAV-01,AMZN,31.3007279,120.5990690,100.0,BUSY,M-L-001,V3
802,802,M-UAV-01,M600,31.3108767,120.6039862,30.5,AVAILABLE,,
802,802,M-UAV-02,M600,31.3062683,120.6025389,30.5,CONTINGENCY,,
803,803,EVTOL-01,EC35,31.3070941,120.5962393,199.9,BUSY,M-P-001,V2
803,803,L-UAV-01,AMZN,31.3008471,120.5991445,100.0,BUSY,M-L-001,V3
803,803,M-UAV-01,M600,31.3108767,120.6039862,30.5,AVAILABLE,,
803,803,M-UAV-02,M600,31.3062683,120.6025389,30.5,CONTINGENCY,,
804,804,EVTOL-01,EC35,31.3067314,120.5962171,199.9,BUSY,M-P-001,V2
804,804,L-UAV-01,AMZN,31.3009663,120.5992199,100.0,BUSY,M-L-001,V3
804,804,M-UAV-01,M600,31.3108767,120.6039862,30.5,AVAILABLE,,
804,804,M-UAV-02,M600,31.3062683,120.6025389,30.5,CONTINGENCY,,
805,805,EVTOL-01,EC35,31.3063687,120.5961949,199.9,BUSY,M-P-001,V2
805,805,L-UAV-01,AMZN,31.3010856,120.5992954,100.0,BUSY,M-L-001,V3
805,805,M-UAV-01,M600,31.3108767,120.6039862,30.5,AVAILABLE,,
805,805,M-UAV-02,M600,31.3062683,120.6025389,30.5,CONTINGENCY,,
806,806,EVTOL-01,EC35,31.3060060,120.5961727,199.9,BUSY,M-P-001,V2
806,806,L-UAV-01,AMZN,31.3012048,120.5993708,100.0,BUSY,M-L-001,V3
806,806,M-UAV-01,M600,31.3108767,120.6039862,30.5,AVAILABLE,,
806,806,M-UAV-02,M600,31.3062683,120.6025389,30.5,CONTINGENCY,,
807,807,EVTOL-01,EC35,31.3056433,120.5961505,199.9,BUSY,M-P-001,V2
807,807,L-UAV-01,AMZN,31.3013240,120.5994463,100.0,BUSY,M-L-001,V3
807,807,M-UAV-01,M600,31.3108767,120.6039862,30.5,AVAILABLE,,
807,807,M-UAV-02,M600,31.3062683,120.6025389,30.5,CONTINGENCY,,
808,808,EVTOL-01,EC35,31.3052806,120.5961283,199.9,BUSY,M-P-001,V2
808,808,L-UAV-01,AMZN,31.3014433,120.5995218,100.0,BUSY,M-L-001,V3
808,808,M-UAV-01,M600,31.3108767,120.6039862,30.5,AVAILABLE,,
808,808,M-UAV-02,M600,31.3062683,120.6025389,30.5,CONTINGENCY,,
809,809,EVTOL-01,EC35,31.3049179,120.5961061,199.9,BUSY,M-P-001,V2
809,809,L-UAV-01,AMZN,31.3015625,120.5995972,100.0,BUSY,M-L-001,V3
809,809,M-UAV-01,M600,31.3108767,120.6039862,30.5,AVAILABLE,,
809,809,M-UAV-02,M600,31.3062683,120.6025389,30.5,CONTINGENCY,,
810,810,EVTOL-01,EC35,31.3045552,120.5960840,199.9,BUSY,M-P-001,V2
810,810,L-UAV-01,AMZN,31.3016817,120.5996727,100.0,BUSY,M-L-001,V3
810,810,M-UAV-01,M600,31.3108767,120.6039862,30.5,AVAILABLE,,
810,810,M-UAV-02,M600,31.3062683,120.6025389,30.5,CONTINGENCY,,
811,811,EVTOL-01,EC35,31.3041925,120.5960618,199.9,BUSY,M-P-001,V2
811,811,L-UAV-01,AMZN,31.3018009,120.5997482,100.0,BUSY,M-L-001,V3
811,811,M-UAV-01,M600,31.3108767,120.6039862,30.5,AVAILABLE,,
811,811,M-UAV-02,M600,31.3062683,120.6025389,30.5,CONTINGENCY,,
812,812,EVTOL-01,EC35,31.3038298,120.5960396,199.9,BUSY,M-P-001,V2
812,812,L-UAV-01,AMZN,31.3019202,120.5998236,100.0,BUSY,M-L-001,V3
812,812,M-UAV-01,M600,31.3108767,120.6039862,30.5,AVAILABLE,,
812,812,M-UAV-02,M600,31.3062683,120.6025389,30.5,CONTINGENCY,,
813,813,EVTOL-01,EC35,31.3034671,120.5960174,199.9,BUSY,M-P-001,V2
813,813,L-UAV-01,AMZN,31.3020394,120.5998991,100.0,BUSY,M-L-001,V3
813,813,M-UAV-01,M600,31.3108767,120.6039862,30.5,AVAILABLE,,
813,813,M-UAV-02,M600,31.3062683,120.6025389,30.5,CONTINGENCY,,
814,814,EVTOL-01,EC35,31.3031044,120.5959952,199.9,BUSY,M-P-001,V2
814,814,L-UAV-01,AMZN,31.3021586,120.5999746,100.0,BUSY,M-L-001,V3
814,814,M-UAV-01,M600,31.3108767,120.6039862,30.5,AVAILABLE,,
814,814,M-UAV-02,M600,31.3062683,120.6025389,30.5,CONTINGENCY,,
815,815,EVTOL-01,EC35,31.3027417,120.5959730,199.9,BUSY,M-P-001,V2
815,815,L-UAV-01,AMZN,31.3022779,120.6000500,100.0,BUSY,M-L-001,V3
815,815,M-UAV-01,M600,31.3108767,120.6039862,30.5,AVAILABLE,,
815,815,M-UAV-02,M600,31.3062683,120.6025389,30.5,CONTINGENCY,,
816,816,EVTOL-01,EC35,31.3023790,120.5959508,199.9,BUSY,M-P-001,V2
816,816,L-UAV-01,AMZN,31.3023971,120.6001255,100.0,BUSY,M-L-001,V3
816,816,M-UAV-01,M600,31.3108767,120.6039862,30.5,AVAILABLE,,
816,816,M-UAV-02,M600,31.3062683,120.6025389,30.5,CONTINGENCY,,
817,817,EVTOL-01,EC35,31.3020163,120.5959287,199.9,BUSY,M-P-001,V2
817,817,L-UAV-01,AMZN,31.3025163,120.6002009,100.0,BUSY,M-L-001,V3
817,817,M-UAV-01,M600,31.3108767,120.6039862,30.5,AVAILABLE,,
817,817,M-UAV-02,M600,31.3062683,120.6025389,30.5,CONTINGENCY,,
818,818,EVTOL-01,EC35,31.3016536,120.5959065,199.9,BUSY,M-P-001,V2
818,818,L-UAV-01,AMZN,31.3026355,120.6002764,100.0,BUSY,M-L-001,V3
818,818,M-UAV-01,M600,31.3108767,120.6039862,30.5,AVAILABLE,,
818,818,M-UAV-02,M600,31.3062683,120.6025389,30.5,CONTINGENCY,,
819,819,EVTOL-01,EC35,31.3012909,120.5958843,199.9,BUSY,M-P-001,V2
819,819,L-UAV-01,AMZN,31.3027548,120.6003519,100.0,BUSY,M-L-001,V3
819,819,M-UAV-01,M600,31.3108767,120.6039862,30.5,AVAILABLE,,
819,819,M-UAV-02,M600,31.3062683,120.6025389,30.5,CONTINGENCY,,
820,820,EVTOL-01,EC35,31.3009282,120.5958621,199.9,BUSY,M-P-001,V2
820,820,L-UAV-01,AMZN,31.3028740,120.6004273,100.0,BUSY,M-L-001,V3
820,820,M-UAV-01,M600,31.3108767,120.6039862,30.5,AVAILABLE,,
820,820,M-UAV-02,M600,31.3062683,120.6025389,30.5,CONTINGENCY,,
821,821,EVTOL-01,EC35,31.3005655,120.5958399,199.9,BUSY,M-P-001,V2
821,821,L-UAV-01,AMZN,31.3029932,120.6005028,100.0,BUSY,M-L-001,V3
821,821,M-UAV-01,M600,31.3108767,120.6039862,30.5,AVAILABLE,,
821,821,M-UAV-02,M600,31.3062683,120.6025389,30.5,CONTINGENCY,,
822,822,EVTOL-01,EC35,31.3002028,120.5958177,199.9,BUSY,M-P-001,V2
822,822,L-UAV-01,AMZN,31.3031125,120.6005783,100.0,BUSY,M-L-001,V3
822,822,M-UAV-01,M600,31.3108767,120.6039862,30.5,AVAILABLE,,
822,822,M-UAV-02,M600,31.3062683,120.6025389,30.5,CONTINGENCY,,
823,823,EVTOL-01,EC35,31.2998401,120.5957955,199.9,BUSY,M-P-001,V2
823,823,L-UAV-01,AMZN,31.3032317,120.6006537,100.0,BUSY,M-L-001,V3
823,823,M-UAV-01,M600,31.3108767,120.6039862,30.5,AVAILABLE,,
823,823,M-UAV-02,M600,31.3062683,120.6025389,30.5,CONTINGENCY,,
824,824,EVTOL-01,EC35,31.2994775,120.5957734,199.9,BUSY,M-P-001,V2
824,824,L-UAV-01,AMZN,31.3033509,120.6007292,100.0,BUSY,M-L-001,V3
824,824,M-UAV-01,M600,31.3108767,120.6039862,30.5,AVAILABLE,,
824,824,M-UAV-02,M600,31.3062683,120.6025389,30.5,CONTINGENCY,,
825,825,EVTOL-01,EC35,31.2991148,120.5957512,199.9,BUSY,M-P-001,V2
825,825,L-UAV-01,AMZN,31.3034701,120.6008047,100.0,BUSY,M-L-001,V3
825,825,M-UAV-01,M600,31.3108767,120.6039862,30.5,AVAILABLE,,
825,825,M-UAV-02,M600,31.3062683,120.6025389,30.5,CONTINGENCY,,
826,826,EVTOL-01,EC35,31.2987521,120.5957290,199.9,BUSY,M-P-001,V2
826,826,L-UAV-01,AMZN,31.3035894,120.6008801,100.0,BUSY,M-L-001,V3
826,826,M-UAV-01,M600,31.3108767,120.6039862,30.5,AVAILABLE,,
826,826,M-UAV-02,M600,31.3062683,120.6025389,30.5,CONTINGENCY,,
827,827,EVTOL-01,EC35,31.2983894,120.5957068,199.9,BUSY,M-P-001,V2
827,827,L-UAV-01,AMZN,31.3037086,120.6009556,100.0,BUSY,M-L-001,V3
827,827,M-UAV-01,M600,31.3108767,120.6039862,30.5,AVAILABLE,,
827,827,M-UAV-02,M600,31.3062683,120.6025389,30.5,CONTINGENCY,,
828,828,EVTOL-01,EC35,31.2980267,120.5956846,199.9,BUSY,M-P-001,V1
828,828,L-UAV-01,AMZN,31.3038278,120.6010311,100.0,BUSY,M-L-001,V3
828,828,M-UAV-01,M600,31.3108767,120.6039862,30.5,AVAILABLE,,
828,828,M-UAV-02,M600,31.3062683,120.6025389,30.5,CONTINGENCY,,
829,829,EVTOL-01,EC35,31.2976642,120.5957105,199.9,BUSY,M-P-001,V1
829,829,L-UAV-01,AMZN,31.3039471,120.6011065,100.0,BUSY,M-L-001,V3
829,829,M-UAV-01,M600,31.3108767,120.6039862,30.5,AVAILABLE,,
829,829,M-UAV-02,M600,31.3062683,120.6025389,30.5,CONTINGENCY,,
830,830,EVTOL-01,EC35,31.2973065,120.5957842,199.9,BUSY,M-P-001,V1
830,830,L-UAV-01,AMZN,31.3040663,120.6011820,100.0,BUSY,M-L-001,V3
830,830,M-UAV-01,M600,31.3108767,120.6039862,30.5,AVAILABLE,,
830,830,M-UAV-02,M600,31.3062683,120.6025389,30.5,CONTINGENCY,,
831,831,EVTOL-01,EC35,31.2969582,120.5959048,199.9,BUSY,M-P-001,V1
831,831,L-UAV-01,AMZN,31.3041855,120.6012575,100.0,BUSY,M-L-001,V3
831,831,M-UAV-01,M600,31.3108767,120.6039862,30.5,AVAILABLE,,
831,831,M-UAV-02,M600,31.3062683,120.6025389,30.5,CONTINGENCY,,
832,832,EVTOL-01,EC35,31.2966238,120.5960706,199.9,BUSY,M-P-001,V1
832,832,L-UAV-01,AMZN,31.3043047,120.6013329,100.0,BUSY,M-L-001,V3
832,832,M-UAV-01,M600,31.3108767,120.6039862,30.5,AVAILABLE,,
832,832,M-UAV-02,M600,31.3062683,120.6025389,30.5,CONTINGENCY,,
833,833,EVTOL-01,EC35,31.2963075,120.5962795,199.9,BUSY,M-P-001,V1
833,833,L-UAV-01,AMZN,31.3044240,120.6014084,100.0,BUSY,M-L-001,V3
833,833,M-UAV-01,M600,31.3108767,120.6039862,30.5,AVAILABLE,,
833,833,M-UAV-02,M600,31.3062683,120.6025389,30.5,CONTINGENCY,,
834,834,EVTOL-01,EC35,31.2960134,120.5965289,199.9,BUSY,M-P-001,V1
834,834,L-UAV-01,AMZN,31.3045432,120.6014839,100.0,BUSY,M-L-001,V3
834,834,M-UAV-01,M600,31.3108767,120.6039862,30.5,AVAILABLE,,
834,834,M-UAV-02,M600,31.3062683,120.6025389,30.5,CONTINGENCY,,
835,835,EVTOL-01,EC35,31.2957453,120.5968157,199.9,BUSY,M-P-001,V1
835,835,L-UAV-01,AMZN,31.3046624,120.6015593,100.0,BUSY,M-L-001,V3
835,835,M-UAV-01,M600,31.3108767,120.6039862,30.5,AVAILABLE,,
835,835,M-UAV-02,M600,31.3062683,120.6025389,30.5,CONTINGENCY,,
836,836,EVTOL-01,EC35,31.2955066,120.5971360,199.9,BUSY,M-P-001,V1
836,836,L-UAV-01,AMZN,31.3047817,120.6016348,100.0,BUSY,M-L-001,V3
836,836,M-UAV-01,M600,31.3108767,120.6039862,30.5,AVAILABLE,,
836,836,M-UAV-02,M600,31.3062683,120.6025389,30.5,CONTINGENCY,,
837,837,EVTOL-01,EC35,31.2953004,120.5974859,199.9,BUSY,M-P-001,V1
837,837,L-UAV-01,AMZN,31.3049009,120.6017103,100.0,BUSY,M-L-001,V3
837,837,M-UAV-01,M600,31.3108767,120.6039862,30.5,AVAILABLE,,
837,837,M-UAV-02,M600,31.3062683,120.6025389,30.5,CONTINGENCY,,
838,838,EVTOL-01,EC35,31.2951292,120.5978608,199.9,BUSY,M-P-001,V1
838,838,L-UAV-01,AMZN,31.3050201,120.6017857,100.0,BUSY,M-L-001,V3
838,838,M-UAV-01,M600,31.3108767,120.6039862,30.5,AVAILABLE,,
838,838,M-UAV-02,M600,31.3062683,120.6025389,30.5,CONTINGENCY,,
839,839,EVTOL-01,EC35,31.2949954,120.5982559,199.9,BUSY,M-P-001,V1
839,839,L-UAV-01,AMZN,31.3051393,120.6018612,100.0,BUSY,M-L-001,V3
839,839,M-UAV-01,M600,31.3108767,120.6039862,30.5,AVAILABLE,,
839,839,M-UAV-02,M600,31.3062683,120.6025389,30.5,CONTINGENCY,,
840,840,EVTOL-01,EC35,31.2949005,120.5986661,199.9,BUSY,M-P-001,V1
840,840,L-UAV-01,AMZN,31.3052586,120.6019367,100.0,BUSY,M-L-001,V3
840,840,M-UAV-01,M600,31.3108767,120.6039862,30.5,AVAILABLE,,
840,840,M-UAV-02,M600,31.3062683,120.6025389,30.5,CONTINGENCY,,
841,841,EVTOL-01,EC35,31.2948459,120.5990863,199.9,BUSY,M-P-001,V1
841,841,L-UAV-01,AMZN,31.3053778,120.6020122,100.0,BUSY,M-L-001,V3
841,841,M-UAV-01,M600,31.3108767,120.6039862,30.5,AVAILABLE,,
841,841,M-UAV-02,M600,31.3062683,120.6025389,30.5,CONTINGENCY,,
842,842,EVTOL-01,EC35,31.2948322,120.5995111,199.9,BUSY,M-P-001,V1
842,842,L-UAV-01,AMZN,31.3054970,120.6020876,100.0,BUSY,M-L-001,V3
842,842,M-UAV-01,M600,31.3108767,120.6039862,30.5,AVAILABLE,,
842,842,M-UAV-02,M600,31.3062683,120.6025389,30.5,CONTINGENCY,,
843,843,EVTOL-01,EC35,31.2948596,120.5999349,199.9,BUSY,M-P-001,V1
843,843,L-UAV-01,AMZN,31.3056162,120.6021631,100.0,BUSY,M-L-001,V3
843,843,M-UAV-01,M600,31.3108767,120.6039862,30.5,AVAILABLE,,
843,843,M-UAV-02,M600,31.3062683,120.6025389,30.5,CONTINGENCY,,
844,844,EVTOL-01,EC35,31.2949277,120.6003524,199.9,BUSY,M-P-001,V1
844,844,L-UAV-01,AMZN,31.3057355,120.6022386,100.0,BUSY,M-L-001,V3
844,844,M-UAV-01,M600,31.3108767,120.6039862,30.5,AVAILABLE,,
844,844,M-UAV-02,M600,31.3062683,120.6025389,30.5,CONTINGENCY,,
845,845,EVTOL-01,EC35,31.2950357,120.6007582,199.9,BUSY,M-P-001,V1
845,845,L-UAV-01,AMZN,31.3058547,120.6023140,100.0,BUSY,M-L-001,V2
845,845,M-UAV-01,M600,31.3108767,120.6039862,30.5,AVAILABLE,,
845,845,M-UAV-02,M600,31.3062683,120.6025389,30.5,CONTINGENCY,,
846,846,EVTOL-01,EC35,31.2951822,120.6011471,199.9,BUSY,M-P-001,V1
846,846,L-UAV-01,AMZN,31.3059877,120.6023444,100.0,BUSY,M-L-001,V2
846,846,M-UAV-01,M600,31.3108767,120.6039862,30.5,AVAILABLE,,
846,846,M-UAV-02,M600,31.3062683,120.6025389,30.5,CONTINGENCY,,
847,847,EVTOL-01,EC35,31.2953653,120.6015142,199.9,BUSY,M-P-001,V1
847,847,L-UAV-01,AMZN,31.3061225,120.6023268,100.0,BUSY,M-L-001,V2
847,847,M-UAV-01,M600,31.3108767,120.6039862,30.5,AVAILABLE,,
847,847,M-UAV-02,M600,31.3062683,120.6025389,30.5,CONTINGENCY,,
848,848,EVTOL-01,EC35,31.2955827,120.6018546,199.9,BUSY,M-P-001,V1
848,848,L-UAV-01,AMZN,31.3062465,120.6022629,100.0,BUSY,M-L-001,V2
848,848,M-UAV-01,M600,31.3108767,120.6039862,30.5,AVAILABLE,,
848,848,M-UAV-02,M600,31.3062683,120.6025389,30.5,CONTINGENCY,,
849,849,EVTOL-01,EC35,31.2958316,120.6021642,199.9,BUSY,M-P-001,V1
849,849,L-UAV-01,AMZN,31.3063486,120.6021586,100.0,BUSY,M-L-001,V2
849,849,M-UAV-01,M600,31.3108767,120.6039862,30.5,AVAILABLE,,
849,849,M-UAV-02,M600,31.3062683,120.6025389,30.5,CONTINGENCY,,
850,850,EVTOL-01,EC35,31.2961087,120.6024389,199.9,BUSY,M-P-001,V1
850,850,L-UAV-01,AMZN,31.3064194,120.6020233,100.0,BUSY,M-L-001,V2
850,850,M-UAV-01,M600,31.3108767,120.6039862,30.5,AVAILABLE,,
850,850,M-UAV-02,M600,31.3062683,120.6025389,30.5,CONTINGENCY,,
851,851,EVTOL-01,EC35,31.2964106,120.6026752,199.9,BUSY,M-P-001,V1
851,851,L-UAV-01,AMZN,31.3064525,120.6018694,100.0,BUSY,M-L-001,V2
851,851,M-UAV-01,M600,31.3108767,120.6039862,30.5,AVAILABLE,,
851,851,M-UAV-02,M600,31.3062683,120.6025389,30.5,CONTINGENCY,,
852,852,EVTOL-01,EC35,31.2967334,120.6028700,199.9,BUSY,M-P-001,V1
852,852,L-UAV-01,AMZN,31.3064447,120.6017110,100.0,BUSY,M-L-001,V2
852,852,M-UAV-01,M600,31.3108767,120.6039862,30.5,AVAILABLE,,
852,852,M-UAV-02,M600,31.3062683,120.6025389,30.5,CONTINGENCY,,
853,853,EVTOL-01,EC35,31.2970729,120.6030209,199.9,BUSY,M-P-001,V1
853,853,L-UAV-01,AMZN,31.3063969,120.6015626,100.0,BUSY,M-L-001,V2
853,853,M-UAV-01,M600,31.3108767,120.6039862,30.5,AVAILABLE,,
853,853,M-UAV-02,M600,31.3062683,120.6025389,30.5,CONTINGENCY,,
854,854,EVTOL-01,EC35,31.2974249,120.6031260,199.9,BUSY,M-P-001,V1
854,854,L-UAV-01,AMZN,31.3063133,120.6014376,100.0,BUSY,M-L-001,V2
854,854,M-UAV-01,M600,31.3108767,120.6039862,30.5,AVAILABLE,,
854,854,M-UAV-02,M600,31.3062683,120.6025389,30.5,CONTINGENCY,,
855,855,EVTOL-01,EC35,31.2977847,120.6031838,199.9,BUSY,M-P-001,V1
855,855,L-UAV-01,AMZN,31.3062017,120.6013476,100.0,BUSY,M-L-001,V2
855,855,M-UAV-01,M600,31.3108767,120.6039862,30.5,AVAILABLE,,
855,855,M-UAV-02,M600,31.3062683,120.6025389,30.5,CONTINGENCY,,
856,856,EVTOL-01,EC35,31.2981474,120.6032061,199.9,BUSY,M-P-001,V1
856,856,L-UAV-01,AMZN,31.3060825,120.6012722,100.0,BUSY,M-L-001,V2
856,856,M-UAV-01,M600,31.3108767,120.6039862,30.5,AVAILABLE,,
856,856,M-UAV-02,M600,31.3062683,120.6025389,30.5,CONTINGENCY,,
857,857,EVTOL-01,EC35,31.2985101,120.6032283,199.9,BUSY,M-P-001,V1
857,857,L-UAV-01,AMZN,31.3059633,120.6011967,100.0,BUSY,M-L-001,V2
857,857,M-UAV-01,M600,31.3108767,120.6039862,30.5,AVAILABLE,,
857,857,M-UAV-02,M600,31.3062683,120.6025389,30.5,CONTINGENCY,,
858,858,EVTOL-01,EC35,31.2988728,120.6032505,199.9,BUSY,M-P-001,V1
858,858,L-UAV-01,AMZN,31.3058440,120.6011212,100.0,BUSY,M-L-001,V2
858,858,M-UAV-01,M600,31.3108767,120.6039862,30.5,AVAILABLE,,
858,858,M-UAV-02,M600,31.3062683,120.6025389,30.5,CONTINGENCY,,
859,859,EVTOL-01,EC35,31.2992355,120.6032727,199.9,BUSY,M-P-001,V1
859,859,L-UAV-01,AMZN,31.3057248,120.6010458,100.0,BUSY,M-L-001,V2
859,859,M-UAV-01,M600,31.3108767,120.6039862,30.5,AVAILABLE,,
859,859,M-UAV-02,M600,31.3062683,120.6025389,30.5,CONTINGENCY,,
860,860,EVTOL-01,EC35,31.2995981,120.6032950,199.9,BUSY,M-P-001,V1
860,860,L-UAV-01,AMZN,31.3056056,120.6009703,100.0,BUSY,M-L-001,V2
860,860,M-UAV-01,M600,31.3108767,120.6039862,30.5,AVAILABLE,,
860,860,M-UAV-02,M600,31.3062683,120.6025389,30.5,CONTINGENCY,,
861,861,EVTOL-01,EC35,31.2999608,120.6033172,199.9,BUSY,M-P-001,V1
861,861,L-UAV-01,AMZN,31.3054864,120.6008948,100.0,BUSY,M-L-001,V2
861,861,M-UAV-01,M600,31.3108767,120.6039862,30.5,AVAILABLE,,
861,861,M-UAV-02,M600,31.3062683,120.6025389,30.5,CONTINGENCY,,
862,862,EVTOL-01,EC35,31.3003235,120.6033394,199.9,BUSY,M-P-001,V1
862,862,L-UAV-01,AMZN,31.3053671,120.6008193,100.0,BUSY,M-L-001,V2
862,862,M-UAV-01,M600,31.3108767,120.6039862,30.5,AVAILABLE,,
862,862,M-UAV-02,M600,31.3062683,120.6025389,30.5,CONTINGENCY,,
863,863,EVTOL-01,EC35,31.3006862,120.6033616,199.9,BUSY,M-P-001,V1
863,863,L-UAV-01,AMZN,31.3052479,120.6007439,100.0,BUSY,M-L-001,V2
863,863,M-UAV-01,M600,31.3108767,120.6039862,30.5,AVAILABLE,,
863,863,M-UAV-02,M600,31.3062683,120.6025389,30.5,CONTINGENCY,,
864,864,EVTOL-01,EC35,31.3010489,120.6033839,199.9,BUSY,M-P-001,V1
864,864,L-UAV-01,AMZN,31.3051287,120.6006684,100.0,BUSY,M-L-001,V2
864,864,M-UAV-01,M600,31.3108767,120.6039862,30.5,AVAILABLE,,
864,864,M-UAV-02,M600,31.3062683,120.6025389,30.5,CONTINGENCY,,
865,865,EVTOL-01,EC35,31.3014116,120.6034061,199.9,BUSY,M-P-001,V1
865,865,L-UAV-01,AMZN,31.3050094,120.6005929,100.0,BUSY,M-L-001,V2
865,865,M-UAV-01,M600,31.3108767,120.6039862,30.5,AVAILABLE,,
865,865,M-UAV-02,M600,31.3062683,120.6025389,30.5,CONTINGENCY,,
866,866,EVTOL-01,EC35,31.3017743,120.6034283,199.9,BUSY,M-P-001,V1
866,866,L-UAV-01,AMZN,31.3048902,120.6005175,100.0,BUSY,M-L-001,V2
866,866,M-UAV-01,M600,31.3108767,120.6039862,30.5,AVAILABLE,,
866,866,M-UAV-02,M600,31.3062683,120.6025389,30.5,CONTINGENCY,,
867,867,EVTOL-01,EC35,31.3021370,120.6034505,199.9,BUSY,M-P-001,V1
867,867,L-UAV-01,AMZN,31.3047710,120.6004420,100.0,BUSY,M-L-001,V2
867,867,M-UAV-01,M600,31.3108767,120.6039862,30.5,AVAILABLE,,
867,867,M-UAV-02,M600,31.3062683,120.6025389,30.5,CONTINGENCY,,
868,868,EVTOL-01,EC35,31.3024997,120.6034728,199.9,BUSY,M-P-001,V1
868,868,L-UAV-01,AMZN,31.3046518,120.6003665,100.0,BUSY,M-L-001,V2
868,868,M-UAV-01,M600,31.3108767,120.6039862,30.5,AVAILABLE,,
868,868,M-UAV-02,M600,31.3062683,120.6025389,30.5,CONTINGENCY,,
869,869,EVTOL-01,EC35,31.3028624,120.6034950,199.9,BUSY,M-P-001,V1
869,869,L-UAV-01,AMZN,31.3045325,120.6002911,100.0,BUSY,M-L-001,V2
869,869,M-UAV-01,M600,31.3108767,120.6039862,30.5,AVAILABLE,,
869,869,M-UAV-02,M600,31.3062683,120.6025389,30.5,CONTINGENCY,,
870,870,EVTOL-01,EC35,31.3032251,120.6035172,199.9,BUSY,M-P-001,V1
870,870,L-UAV-01,AMZN,31.3044133,120.6002156,100.0,BUSY,M-L-001,V2
870,870,M-UAV-01,M600,31.3108767,120.6039862,30.5,AVAILABLE,,
870,870,M-UAV-02,M600,31.3062683,120.6025389,30.5,CONTINGENCY,,
871,871,EVTOL-01,EC35,31.3035878,120.6035394,199.9,BUSY,M-P-001,V1
871,871,L-UAV-01,AMZN,31.3042941,120.6001401,100.0,BUSY,M-L-001,V2
871,871,M-UAV-01,M600,31.3108767,120.6039862,30.5,AVAILABLE,,
871,871,M-UAV-02,M600,31.3062683,120.6025389,30.5,CONTINGENCY,,
872,872,EVTOL-01,EC35,31.3039505,120.6035617,199.9,BUSY,M-P-001,V1
872,872,L-UAV-01,AMZN,31.3041748,120.6000647,100.0,BUSY,M-L-001,V2
872,872,M-UAV-01,M600,31.3108767,120.6039862,30.5,AVAILABLE,,
872,872,M-UAV-02,M600,31.3062683,120.6025389,30.5,CONTINGENCY,,
873,873,EVTOL-01,EC35,31.3043132,120.6035839,199.9,BUSY,M-P-001,V1
873,873,L-UAV-01,AMZN,31.3040556,120.5999892,100.0,BUSY,M-L-001,V2
873,873,M-UAV-01,M600,31.3108767,120.6039862,30.5,AVAILABLE,,
873,873,M-UAV-02,M600,31.3062683,120.6025389,30.5,CONTINGENCY,,
874,874,EVTOL-01,EC35,31.3046759,120.6036061,199.9,BUSY,M-P-001,V1
874,874,L-UAV-01,AMZN,31.3039364,120.5999137,100.0,BUSY,M-L-001,V2
874,874,M-UAV-01,M600,31.3108767,120.6039862,30.5,AVAILABLE,,
874,874,M-UAV-02,M600,31.3062683,120.6025389,30.5,CONTINGENCY,,
875,875,EVTOL-01,EC35,31.3050385,120.6036283,199.9,BUSY,M-P-001,V1
875,875,L-UAV-01,AMZN,31.3038172,120.5998383,100.0,BUSY,M-L-001,V2
875,875,M-UAV-01,M600,31.3108767,120.6039862,30.5,AVAILABLE,,
875,875,M-UAV-02,M600,31.3062683,120.6025389,30.5,CONTINGENCY,,
876,876,EVTOL-01,EC35,31.3054012,120.6036506,199.9,BUSY,M-P-001,V1
876,876,L-UAV-01,AMZN,31.3036979,120.5997628,100.0,BUSY,M-L-001,V2
876,876,M-UAV-01,M600,31.3108767,120.6039862,30.5,AVAILABLE,,
876,876,M-UAV-02,M600,31.3062683,120.6025389,30.5,CONTINGENCY,,
877,877,EVTOL-01,EC35,31.3057639,120.6036728,199.9,BUSY,M-P-001,V1
877,877,L-UAV-01,AMZN,31.3035787,120.5996874,100.0,BUSY,M-L-001,V2
877,877,M-UAV-01,M600,31.3108767,120.6039862,30.5,AVAILABLE,,
877,877,M-UAV-02,M600,31.3062683,120.6025389,30.5,CONTINGENCY,,
878,878,EVTOL-01,EC35,31.3061266,120.6036950,199.9,BUSY,M-P-001,V1
878,878,L-UAV-01,AMZN,31.3034595,120.5996119,100.0,BUSY,M-L-001,V2
878,878,M-UAV-01,M600,31.3108767,120.6039862,30.5,AVAILABLE,,
878,878,M-UAV-02,M600,31.3062683,120.6025389,30.5,CONTINGENCY,,
879,879,EVTOL-01,EC35,31.3064893,120.6037173,199.9,BUSY,M-P-001,V1
879,879,L-UAV-01,AMZN,31.3033402,120.5995364,100.0,BUSY,M-L-001,V2
879,879,M-UAV-01,M600,31.3108767,120.6039862,30.5,AVAILABLE,,
879,879,M-UAV-02,M600,31.3062683,120.6025389,30.5,CONTINGENCY,,
880,880,EVTOL-01,EC35,31.3068520,120.6037395,199.9,BUSY,M-P-001,V1
880,880,L-UAV-01,AMZN,31.3032210,120.5994610,100.0,BUSY,M-L-001,V2
880,880,M-UAV-01,M600,31.3108767,120.6039862,30.5,AVAILABLE,,
880,880,M-UAV-02,M600,31.3062683,120.6025389,30.5,CONTINGENCY,,
881,881,EVTOL-01,EC35,31.3072147,120.6037617,199.9,BUSY,M-P-001,V1
881,881,L-UAV-01,AMZN,31.3031018,120.5993855,100.0,BUSY,M-L-001,V2
881,881,M-UAV-01,M600,31.3108767,120.6039862,30.5,AVAILABLE,,
881,881,M-UAV-02,M600,31.3062683,120.6025389,30.5,CONTINGENCY,,
882,882,EVTOL-01,EC35,31.3075774,120.6037839,199.9,BUSY,M-P-001,V1
882,882,L-UAV-01,AMZN,31.3029826,120.5993100,100.0,BUSY,M-L-001,V2
882,882,M-UAV-01,M600,31.3108767,120.6039862,30.5,AVAILABLE,,
882,882,M-UAV-02,M600,31.3062683,120.6025389,30.5,CONTINGENCY,,
883,883,EVTOL-01,EC35,31.3079401,120.6038062,199.9,BUSY,M-P-001,V1
883,883,L-UAV-01,AMZN,31.3028633,120.5992346,100.0,BUSY,M-L-001,V2
883,883,M-UAV-01,M600,31.3108767,120.6039862,30.5,AVAILABLE,,
883,883,M-UAV-02,M600,31.3062683,120.6025389,30.5,CONTINGENCY,,
884,884,EVTOL-01,EC35,31.3083028,120.6038284,199.9,BUSY,M-P-001,V1
884,884,L-UAV-01,AMZN,31.3027441,120.5991591,100.0,BUSY,M-L-001,V2
884,884,M-UAV-01,M600,31.3108767,120.6039862,30.5,AVAILABLE,,
884,884,M-UAV-02,M600,31.3062683,120.6025389,30.5,CONTINGENCY,,
885,885,EVTOL-01,EC35,31.3086655,120.6038506,199.9,BUSY,M-P-001,V1
885,885,L-UAV-01,AMZN,31.3026249,120.5990836,100.0,BUSY,M-L-001,V2
885,885,M-UAV-01,M600,31.3108767,120.6039862,30.5,AVAILABLE,,
885,885,M-UAV-02,M600,31.3062683,120.6025389,30.5,CONTINGENCY,,
886,886,EVTOL-01,EC35,31.3090282,120.6038729,199.9,BUSY,M-P-001,V1
886,886,L-UAV-01,AMZN,31.3025056,120.5990082,100.0,BUSY,M-L-001,V2
886,886,M-UAV-01,M600,31.3108767,120.6039862,30.5,AVAILABLE,,
886,886,M-UAV-02,M600,31.3062683,120.6025389,30.5,CONTINGENCY,,
887,887,EVTOL-01,EC35,31.3093909,120.6038951,199.9,BUSY,M-P-001,V1
887,887,L-UAV-01,AMZN,31.3023864,120.5989327,100.0,BUSY,M-L-001,V2
887,887,M-UAV-01,M600,31.3108767,120.6039862,30.5,AVAILABLE,,
887,887,M-UAV-02,M600,31.3062683,120.6025389,30.5,CONTINGENCY,,
888,888,EVTOL-01,EC35,31.3097536,120.6039173,199.9,BUSY,M-P-001,V1
888,888,L-UAV-01,AMZN,31.3022672,120.5988573,100.0,BUSY,M-L-001,V2
888,888,M-UAV-01,M600,31.3108767,120.6039862,30.5,AVAILABLE,,
888,888,M-UAV-02,M600,31.3062683,120.6025389,30.5,CONTINGENCY,,
889,889,EVTOL-01,EC35,31.3101163,120.6039395,199.9,BUSY,M-P-001,V2
889,889,L-UAV-01,AMZN,31.3021480,120.5987818,100.0,BUSY,M-L-001,V2
889,889,M-UAV-01,M600,31.3108767,120.6039862,30.5,AVAILABLE,,
889,889,M-UAV-02,M600,31.3062683,120.6025389,30.5,CONTINGENCY,,
890,890,EVTOL-01,EC35,31.3104788,120.6039137,199.9,BUSY,M-P-001,V2
890,890,L-UAV-01,AMZN,31.3020287,120.5987063,100.0,BUSY,M-L-001,V2
890,890,M-UAV-01,M600,31.3108767,120.6039862,30.5,AVAILABLE,,
890,890,M-UAV-02,M600,31.3062683,120.6025389,30.5,CONTINGENCY,,
891,891,EVTOL-01,EC35,31.3108365,120.6038400,199.9,BUSY,M-P-001,V2
891,891,L-UAV-01,AMZN,31.3019095,120.5986309,100.0,BUSY,M-L-001,V2
891,891,M-UAV-01,M600,31.3108767,120.6039862,30.5,AVAILABLE,,
891,891,M-UAV-02,M600,31.3062683,120.6025389,30.5,CONTINGENCY,,
892,892,EVTOL-01,EC35,31.3111848,120.6037195,199.9,BUSY,M-P-001,V2
892,892,L-UAV-01,AMZN,31.3017903,120.5985554,100.0,BUSY,M-L-001,V2
892,892,M-UAV-01,M600,31.3108767,120.6039862,30.5,AVAILABLE,,
892,892,M-UAV-02,M600,31.3062683,120.6025389,30.5,CONTINGENCY,,
893,893,EVTOL-01,EC35,31.3115192,120.6035537,199.9,BUSY,M-P-001,V2
893,893,L-UAV-01,AMZN,31.3016710,120.5984799,100.0,BUSY,M-L-001,V2
893,893,M-UAV-01,M600,31.3108767,120.6039862,30.5,AVAILABLE,,
893,893,M-UAV-02,M600,31.3062683,120.6025389,30.5,CONTINGENCY,,
894,894,EVTOL-01,EC35,31.3118355,120.6033448,199.9,BUSY,M-P-001,V2
894,894,L-UAV-01,AMZN,31.3015518,120.5984045,100.0,BUSY,M-L-001,V2
894,894,M-UAV-01,M600,31.3108767,120.6039862,30.5,AVAILABLE,,
894,894,M-UAV-02,M600,31.3062683,120.6025389,30.5,CONTINGENCY,,
895,895,EVTOL-01,EC35,31.3121296,120.6030953,199.9,BUSY,M-P-001,V2
895,895,L-UAV-01,AMZN,31.3014326,120.5983290,100.0,BUSY,M-L-001,V2
895,895,M-UAV-01,M600,31.3108767,120.6039862,30.5,AVAILABLE,,
895,895,M-UAV-02,M600,31.3062683,120.6025389,30.5,CONTINGENCY,,
896,896,EVTOL-01,EC35,31.3123977,120.6028086,199.9,BUSY,M-P-001,V2
896,896,L-UAV-01,AMZN,31.3013133,120.5982536,100.0,BUSY,M-L-001,V2
896,896,M-UAV-01,M600,31.3108767,120.6039862,30.5,AVAILABLE,,
896,896,M-UAV-02,M600,31.3062683,120.6025389,30.5,CONTINGENCY,,
897,897,EVTOL-01,EC35,31.3126364,120.6024882,199.9,BUSY,M-P-001,V2
897,897,L-UAV-01,AMZN,31.3011941,120.5981781,100.0,BUSY,M-L-001,V2
897,897,M-UAV-01,M600,31.3108767,120.6039862,30.5,AVAILABLE,,
897,897,M-UAV-02,M600,31.3062683,120.6025389,30.5,CONTINGENCY,,
898,898,EVTOL-01,EC35,31.3128427,120.6021383,199.9,BUSY,M-P-001,V2
898,898,L-UAV-01,AMZN,31.3010749,120.5981026,100.0,BUSY,M-L-001,V2
898,898,M-UAV-01,M600,31.3108767,120.6039862,30.5,AVAILABLE,,
898,898,M-UAV-02,M600,31.3062683,120.6025389,30.5,CONTINGENCY,,
899,899,EVTOL-01,EC35,31.3130139,120.6017634,199.9,BUSY,M-P-001,V2
899,899,L-UAV-01,AMZN,31.3009557,120.5980272,100.0,BUSY,M-L-001,V2
899,899,M-UAV-01,M600,31.3108767,120.6039862,30.5,AVAILABLE,,
899,899,M-UAV-02,M600,31.3062683,120.6025389,30.5,CONTINGENCY,,
900,900,EVTOL-01,EC35,31.3131478,120.6013682,199.9,BUSY,M-P-001,V2
900,900,L-UAV-01,AMZN,31.3008364,120.5979517,100.0,BUSY,M-L-001,V2
900,900,M-UAV-01,M600,31.3108767,120.6039862,30.5,AVAILABLE,,
900,900,M-UAV-02,M600,31.3062683,120.6025389,30.5,CONTINGENCY,,
