experiment,site,sid,seed,mgr,level,critical_mission_completion_time_s,critical_mission_deadline_violation,affected_critical,recovery_success,system_weighted_loss,pending_before_deadline_penalty,swl_sensitivity_exclude_pending,second_state,second_mode,path
2,A,E2_F1_C1,20240601,B0,,182,True,False,False,,,,,,runs/experiment2/E2_F1_C1/seed20240601/B0
2,A,E2_F1_C1,20240601,B1,,110,False,False,False,,,,,,runs/experiment2/E2_F1_C1/seed20240601/B1
2,A,E2_F1_C1,20240601,B2,,110,False,False,False,,,,,,runs/experiment2/E2_F1_C1/seed20240601/B2
2,A,E2_F1_C1,20240601,B4b,,110,False,False,False,,,,,,runs/experiment2/E2_F1_C1/seed20240601/B4b
2,A,E2_F1_C1,20240602,B0,,182,True,False,False,,,,,,runs/experiment2/E2_F1_C1/seed20240602/B0
2,A,E2_F1_C1,20240602,B1,,110,False,False,False,,,,,,runs/experiment2/E2_F1_C1/seed20240602/B1
2,A,E2_F1_C1,20240602,B2,,110,False,False,False,,,,,,runs/experiment2/E2_F1_C1/seed20240602/B2
2,A,E2_F1_C1,20240602,B4b,,110,False,False,False,,,,,,runs/experiment2/E2_F1_C1/seed20240602/B4b
2,A,E2_F1_C1,20240603,B0,,182,True,False,False,,,,,,runs/experiment2/E2_F1_C1/seed20240603/B0
2,A,E2_F1_C1,20240603,B1,,110,False,False,False,,,,,,runs/experiment2/E2_F1_C1/seed20240603/B1
2,A,E2_F1_C1,20240603,B2,,110,False,False,False,,,,,,runs/experiment2/E2_F1_C1/seed20240603/B2
2,A,E2_F1_C1,20240603,B4b,,110,False,False,False,,,,,,runs/experiment2/E2_F1_C1/seed20240603/B4b
2,A,E2_F1_C1,20240604,B0,,182,True,False,False,,,,,,runs/experiment2/E2_F1_C1/seed20240604/B0
2,A,E2_F1_C1,20240604,B1,,110,False,False,False,,,,,,runs/experiment2/E2_F1_C1/seed20240604/B1
2,A,E2_F1_C1,20240604,B2,,110,False,False,False,,,,,,runs/experiment2/E2_F1_C1/seed20240604/B2
2,A,E2_F1_C1,20240604,B4b,,110,False,False,False,,,,,,runs/experiment2/E2_F1_C1/seed20240604/B4b
2,A,E2_F1_C1,20240605,B0,,182,True,False,False,,,,,,runs/experiment2/E2_F1_C1/seed20240605/B0
2,A,E2_F1_C1,20240605,B1,,110,False,False,False,,,,,,runs/experiment2/E2_F1_C1/seed20240605/B1
2,A,E2_F1_C1,20240605,B2,,110,False,False,False,,,,,,runs/experiment2/E2_F1_C1/seed20240605/B2
2,A,E2_F1_C1,20240605,B4b,,110,False,False,False,,,,,,runs/experiment2/E2_F1_C1/seed20240605/B4b
2,A,E2_F1_C1,20240606,B0,,182,True,False,False,,,,,,runs/experiment2/E2_F1_C1/seed20240606/B0
2,A,E2_F1_C1,20240606,B1,,110,False,False,False,,,,,,runs/experiment2/E2_F1_C1/seed20240606/B1
2,A,E2_F1_C1,20240606,B2,,110,False,False,False,,,,,,runs/experiment2/E2_F1_C1/seed20240606/B2
2,A,E2_F1_C1,20240606,B4b,,110,False,False,False,,,,,,runs/experiment2/E2_F1_C1/seed20240606/B4b
2,A,E2_F1_C1,20240607,B0,,182,True,False,False,,,,,,runs/experiment2/E2_F1_C1/seed20240607/B0
2,A,E2_F1_C1,20240607,B1,,110,False,False,False,,,,,,runs/experiment2/E2_F1_C1/seed20240607/B1
2,A,E2_F1_C1,20240607,B2,,110,False,False,False,,,,,,runs/experiment2/E2_F1_C1/seed20240607/B2
2,A,E2_F1_C1,20240607,B4b,,110,False,False,False,,,,,,runs/experiment2/E2_F1_C1/seed20240607/B4b
2,A,E2_F1_C1,20240608,B0,,182,True,False,False,,,,,,runs/experiment2/E2_F1_C1/seed20240608/B0
2,A,E2_F1_C1,20240608,B1,,110,False,False,False,,,,,,runs/experiment2/E2_F1_C1/seed20240608/B1
2,A,E2_F1_C1,20240608,B2,,110,False,False,False,,,,,,runs/experiment2/E2_F1_C1/seed20240608/B2
2,A,E2_F1_C1,20240608,B4b,,110,False,False,False,,,,,,runs/experiment2/E2_F1_C1/seed20240608/B4b
2,A,E2_F1_C1,20240609,B0,,182,True,False,False,,,,,,runs/experiment2/E2_F1_C1/seed20240609/B0
2,A,E2_F1_C1,20240609,B1,,110,False,False,False,,,,,,runs/experiment2/E2_F1_C1/seed20240609/B1
2,A,E2_F1_C1,20240609,B2,,110,False,False,False,,,,,,runs/experiment2/E2_F1_C1/seed20240609/B2
2,A,E2_F1_C1,20240609,B4b,,110,False,False,False,,,,,,runs/experiment2/E2_F1_C1/seed20240609/B4b
2,A,E2_F1_C1,20240610,B0,,182,True,False,False,,,,,,runs/experiment2/E2_F1_C1/seed20240610/B0
2,A,E2_F1_C1,20240610,B1,,110,False,False,False,,,,,,runs/experiment2/E2_F1_C1/seed20240610/B1
2,A,E2_F1_C1,20240610,B2,,110,False,False,False,,,,,,runs/experiment2/E2_F1_C1/seed20240610/B2
2,A,E2_F1_C1,20240610,B4b,,110,False,False,False,,,,,,runs/experiment2/E2_F1_C1/seed20240610/B4b
2,A,E2_F1_C1,20240611,B0,,182,True,False,False,,,,,,runs/experiment2/E2_F1_C1/seed20240611/B0
2,A,E2_F1_C1,20240611,B1,,110,False,False,False,,,,,,runs/experiment2/E2_F1_C1/seed20240611/B1
2,A,E2_F1_C1,20240611,B2,,110,False,False,False,,,,,,runs/experiment2/E2_F1_C1/seed20240611/B2
2,A,E2_F1_C1,20240611,B4b,,110,False,False,False,,,,,,runs/experiment2/E2_F1_C1/seed20240611/B4b
2,A,E2_F1_C1,20240612,B0,,182,True,False,False,,,,,,runs/experiment2/E2_F1_C1/seed20240612/B0
2,A,E2_F1_C1,20240612,B1,,110,False,False,False,,,,,,runs/experiment2/E2_F1_C1/seed20240612/B1
2,A,E2_F1_C1,20240612,B2,,110,False,False,False,,,,,,runs/experiment2/E2_F1_C1/seed20240612/B2
2,A,E2_F1_C1,20240612,B4b,,110,False,False,False,,,,,,runs/experiment2/E2_F1_C1/seed20240612/B4b
2,A,E2_F1_C1,20240613,B0,,182,True,False,False,,,,,,runs/experiment2/E2_F1_C1/seed20240613/B0
2,A,E2_F1_C1,20240613,B1,,110,False,False,False,,,,,,runs/experiment2/E2_F1_C1/seed20240613/B1
2,A,E2_F1_C1,20240613,B2,,110,False,False,False,,,,,,runs/experiment2/E2_F1_C1/seed20240613/B2
2,A,E2_F1_C1,20240613,B4b,,110,False,False,False,,,,,,runs/experiment2/E2_F1_C1/seed20240613/B4b
2,A,E2_F1_C1,20240614,B0,,182,True,False,False,,,,,,runs/experiment2/E2_F1_C1/seed20240614/B0
2,A,E2_F1_C1,20240614,B1,,110,False,False,False,,,,,,runs/experiment2/E2_F1_C1/seed20240614/B1
2,A,E2_F1_C1,20240614,B2,,110,False,False,False,,,,,,runs/experiment2/E2_F1_C1/seed20240614/B2
2,A,E2_F1_C1,20240614,B4b,,110,False,False,False,,,,,,runs/experiment2/E2_F1_C1/seed20240614/B4b
2,A,E2_F1_C1,20240615,B0,,182,True,False,False,,,,,,runs/experiment2/E2_F1_C1/seed20240615/B0
2,A,E2_F1_C1,20240615,B1,,110,False,False,False,,,,,,runs/experiment2/E2_F1_C1/seed20240615/B1
2,A,E2_F1_C1,20240615,B2,,110,False,False,False,,,,,,runs/experiment2/E2_F1_C1/seed20240615/B2
2,A,E2_F1_C1,20240615,B4b,,110,False,False,False,,,,,,runs/experiment2/E2_F1_C1/seed20240615/B4b
2,A,E2_F1_C1,20240616,B0,,182,True,False,False,,,,,,runs/experiment2/E2_F1_C1/seed20240616/B0
2,A,E2_F1_C1,20240616,B1,,110,False,False,False,,,,,,runs/experiment2/E2_F1_C1/seed20240616/B1
2,A,E2_F1_C1,20240616,B2,,110,False,False,False,,,,,,runs/experiment2/E2_F1_C1/seed20240616/B2
2,A,E2_F1_C1,20240616,B4b,,110,False,False,False,,,,,,runs/experiment2/E2_F1_C1/seed20240616/B4b
2,A,E2_F1_C1,20240617,B0,,182,True,False,False,,,,,,runs/experiment2/E2_F1_C1/seed20240617/B0
2,A,E2_F1_C1,20240617,B1,,110,False,False,False,,,,,,runs/experiment2/E2_F1_C1/seed20240617/B1
2,A,E2_F1_C1,20240617,B2,,110,False,False,False,,,,,,runs/experiment2/E2_F1_C1/seed20240617/B2
2,A,E2_F1_C1,20240617,B4b,,110,False,False,False,,,,,,runs/experiment2/E2_F1_C1/seed20240617/B4b
2,A,E2_F1_C1,20240618,B0,,182,True,False,False,,,,,,runs/experiment2/E2_F1_C1/seed20240618/B0
2,A,E2_F1_C1,20240618,B1,,110,False,False,False,,,,,,runs/experiment2/E2_F1_C1/seed20240618/B1
2,A,E2_F1_C1,20240618,B2,,110,False,False,False,,,,,,runs/experiment2/E2_F1_C1/seed20240618/B2
2,A,E2_F1_C1,20240618,B4b,,110,False,False,False,,,,,,runs/experiment2/E2_F1_C1/seed20240618/B4b
2,A,E2_F1_C1,20240619,B0,,182,True,False,False,,,,,,runs/experiment2/E2_F1_C1/seed20240619/B0
2,A,E2_F1_C1,20240619,B1,,110,False,False,False,,,,,,runs/experiment2/E2_F1_C1/seed20240619/B1
2,A,E2_F1_C1,20240619,B2,,110,False,False,False,,,,,,runs/experiment2/E2_F1_C1/seed20240619/B2
2,A,E2_F1_C1,20240619,B4b,,110,False,False,False,,,,,,runs/experiment2/E2_F1_C1/seed20240619/B4b
2,A,E2_F1_C1,20240620,B0,,182,True,False,False,,,,,,runs/experiment2/E2_F1_C1/seed20240620/B0
2,A,E2_F1_C1,20240620,B1,,110,False,False,False,,,,,,runs/experiment2/E2_F1_C1/seed20240620/B1
2,A,E2_F1_C1,20240620,B2,,110,False,False,False,,,,,,runs/experiment2/E2_F1_C1/seed20240620/B2
2,A,E2_F1_C1,20240620,B4b,,110,False,False,False,,,,,,runs/experiment2/E2_F1_C1/seed20240620/B4b
2,A,E2_F1_C2,20240601,B0,,182,True,False,False,,,,,,runs/experiment2/E2_F1_C2/seed20240601/B0
2,A,E2_F1_C2,20240601,B1,,120,False,True,True,,,,,,runs/experiment2/E2_F1_C2/seed20240601/B1
2,A,E2_F1_C2,20240601,B2,,120,False,True,True,,,,,,runs/experiment2/E2_F1_C2/seed20240601/B2
2,A,E2_F1_C2,20240601,B4b,,120,False,True,True,,,,,,runs/experiment2/E2_F1_C2/seed20240601/B4b
2,A,E2_F1_C2,20240602,B0,,182,True,False,False,,,,,,runs/experiment2/E2_F1_C2/seed20240602/B0
2,A,E2_F1_C2,20240602,B1,,120,False,True,True,,,,,,runs/experiment2/E2_F1_C2/seed20240602/B1
2,A,E2_F1_C2,20240602,B2,,120,False,True,True,,,,,,runs/experiment2/E2_F1_C2/seed20240602/B2
2,A,E2_F1_C2,20240602,B4b,,120,False,True,True,,,,,,runs/experiment2/E2_F1_C2/seed20240602/B4b
2,A,E2_F1_C2,20240603,B0,,182,True,False,False,,,,,,runs/experiment2/E2_F1_C2/seed20240603/B0
2,A,E2_F1_C2,20240603,B1,,120,False,True,True,,,,,,runs/experiment2/E2_F1_C2/seed20240603/B1
2,A,E2_F1_C2,20240603,B2,,120,False,True,True,,,,,,runs/experiment2/E2_F1_C2/seed20240603/B2
2,A,E2_F1_C2,20240603,B4b,,120,False,True,True,,,,,,runs/experiment2/E2_F1_C2/seed20240603/B4b
2,A,E2_F1_C2,20240604,B0,,182,True,False,False,,,,,,runs/experiment2/E2_F1_C2/seed20240604/B0
2,A,E2_F1_C2,20240604,B1,,120,False,True,True,,,,,,runs/experiment2/E2_F1_C2/seed20240604/B1
2,A,E2_F1_C2,20240604,B2,,120,False,True,True,,,,,,runs/experiment2/E2_F1_C2/seed20240604/B2
2,A,E2_F1_C2,20240604,B4b,,120,False,True,True,,,,,,runs/experiment2/E2_F1_C2/seed20240604/B4b
2,A,E2_F1_C2,20240605,B0,,182,True,False,False,,,,,,runs/experiment2/E2_F1_C2/seed20240605/B0
2,A,E2_F1_C2,20240605,B1,,120,False,True,True,,,,,,runs/experiment2/E2_F1_C2/seed20240605/B1
2,A,E2_F1_C2,20240605,B2,,120,False,True,True,,,,,,runs/experiment2/E2_F1_C2/seed20240605/B2
2,A,E2_F1_C2,20240605,B4b,,120,False,True,True,,,,,,runs/experiment2/E2_F1_C2/seed20240605/B4b
2,A,E2_F1_C2,20240606,B0,,182,True,False,False,,,,,,runs/experiment2/E2_F1_C2/seed20240606/B0
2,A,E2_F1_C2,20240606,B1,,120,False,True,True,,,,,,runs/experiment2/E2_F1_C2/seed20240606/B1
2,A,E2_F1_C2,20240606,B2,,120,False,True,True,,,,,,runs/experiment2/E2_F1_C2/seed20240606/B2
2,A,E2_F1_C2,20240606,B4b,,120,False,True,True,,,,,,runs/experiment2/E2_F1_C2/seed20240606/B4b
2,A,E2_F1_C2,20240607,B0,,182,True,False,False,,,,,,runs/experiment2/E2_F1_C2/seed20240607/B0
2,A,E2_F1_C2,20240607,B1,,120,False,True,True,,,,,,runs/experiment2/E2_F1_C2/seed20240607/B1
2,A,E2_F1_C2,20240607,B2,,120,False,True,True,,,,,,runs/experiment2/E2_F1_C2/seed20240607/B2
2,A,E2_F1_C2,20240607,B4b,,120,False,True,True,,,,,,runs/experiment2/E2_F1_C2/seed20240607/B4b
2,A,E2_F1_C2,20240608,B0,,182,True,False,False,,,,,,runs/experiment2/E2_F1_C2/seed20240608/B0
2,A,E2_F1_C2,20240608,B1,,120,False,True,True,,,,,,runs/experiment2/E2_F1_C2/seed20240608/B1
2,A,E2_F1_C2,20240608,B2,,120,False,True,True,,,,,,runs/experiment2/E2_F1_C2/seed20240608/B2
2,A,E2_F1_C2,20240608,B4b,,120,False,True,True,,,,,,runs/experiment2/E2_F1_C2/seed20240608/B4b
2,A,E2_F1_C2,20240609,B0,,182,True,False,False,,,,,,runs/experiment2/E2_F1_C2/seed20240609/B0
2,A,E2_F1_C2,20240609,B1,,120,False,True,True,,,,,,runs/experiment2/E2_F1_C2/seed20240609/B1
2,A,E2_F1_C2,20240609,B2,,120,False,True,True,,,,,,runs/experiment2/E2_F1_C2/seed20240609/B2
2,A,E2_F1_C2,20240609,B4b,,120,False,True,True,,,,,,runs/experiment2/E2_F1_C2/seed20240609/B4b
2,A,E2_F1_C2,20240610,B0,,182,True,False,False,,,,,,runs/experiment2/E2_F1_C2/seed20240610/B0
2,A,E2_F1_C2,20240610,B1,,120,False,True,True,,,,,,runs/experiment2/E2_F1_C2/seed20240610/B1
2,A,E2_F1_C2,20240610,B2,,120,False,True,True,,,,,,runs/experiment2/E2_F1_C2/seed20240610/B2
2,A,E2_F1_C2,20240610,B4b,,120,False,True,True,,,,,,runs/experiment2/E2_F1_C2/seed20240610/B4b
2,A,E2_F1_C2,20240611,B0,,182,True,False,False,,,,,,runs/experiment2/E2_F1_C2/seed20240611/B0
2,A,E2_F1_C2,20240611,B1,,120,False,True,True,,,,,,runs/experiment2/E2_F1_C2/seed20240611/B1
2,A,E2_F1_C2,20240611,B2,,120,False,True,True,,,,,,runs/experiment2/E2_F1_C2/seed20240611/B2
2,A,E2_F1_C2,20240611,B4b,,120,False,True,True,,,,,,runs/experiment2/E2_F1_C2/seed20240611/B4b
2,A,E2_F1_C2,20240612,B0,,182,True,False,False,,,,,,runs/experiment2/E2_F1_C2/seed20240612/B0
2,A,E2_F1_C2,20240612,B1,,120,False,True,True,,,,,,runs/experiment2/E2_F1_C2/seed20240612/B1
2,A,E2_F1_C2,20240612,B2,,120,False,True,True,,,,,,runs/experiment2/E2_F1_C2/seed20240612/B2
2,A,E2_F1_C2,20240612,B4b,,120,False,True,True,,,,,,runs/experiment2/E2_F1_C2/seed20240612/B4b
2,A,E2_F1_C2,20240613,B0,,182,True,False,False,,,,,,runs/experiment2/E2_F1_C2/seed20240613/B0
2,A,E2_F1_C2,20240613,B1,,120,False,True,True,,,,,,runs/experiment2/E2_F1_C2/seed20240613/B1
2,A,E2_F1_C2,20240613,B2,,120,False,True,True,,,,,,runs/experiment2/E2_F1_C2/seed20240613/B2
2,A,E2_F1_C2,20240613,B4b,,120,False,True,True,,,,,,runs/experiment2/E2_F1_C2/seed20240613/B4b
2,A,E2_F1_C2,20240614,B0,,182,True,False,False,,,,,,runs/experiment2/E2_F1_C2/seed20240614/B0
2,A,E2_F1_C2,20240614,B1,,120,False,True,True,,,,,,runs/experiment2/E2_F1_C2/seed20240614/B1
2,A,E2_F1_C2,20240614,B2,,120,False,True,True,,,,,,runs/experiment2/E2_F1_C2/seed20240614/B2
2,A,E2_F1_C2,20240614,B4b,,120,False,True,True,,,,,,runs/experiment2/E2_F1_C2/seed20240614/B4b
2,A,E2_F1_C2,20240615,B0,,182,True,False,False,,,,,,runs/experiment2/E2_F1_C2/seed20240615/B0
2,A,E2_F1_C2,20240615,B1,,120,False,True,True,,,,,,runs/experiment2/E2_F1_C2/seed20240615/B1
2,A,E2_F1_C2,20240615,B2,,120,False,True,True,,,,,,runs/experiment2/E2_F1_C2/seed20240615/B2
2,A,E2_F1_C2,20240615,B4b,,120,False,True,True,,,,,,runs/experiment2/E2_F1_C2/seed20240615/B4b
2,A,E2_F1_C2,20240616,B0,,182,True,False,False,,,,,,runs/experiment2/E2_F1_C2/seed20240616/B0
2,A,E2_F1_C2,20240616,B1,,120,False,True,True,,,,,,runs/experiment2/E2_F1_C2/seed20240616/B1
2,A,E2_F1_C2,20240616,B2,,120,False,True,True,,,,,,runs/experiment2/E2_F1_C2/seed20240616/B2
2,A,E2_F1_C2,20240616,B4b,,120,False,True,True,,,,,,runs/experiment2/E2_F1_C2/seed20240616/B4b
2,A,E2_F1_C2,20240617,B0,,182,True,False,False,,,,,,runs/experiment2/E2_F1_C2/seed20240617/B0
2,A,E2_F1_C2,20240617,B1,,120,False,True,True,,,,,,runs/experiment2/E2_F1_C2/seed20240617/B1
2,A,E2_F1_C2,20240617,B2,,120,False,True,True,,,,,,runs/experiment2/E2_F1_C2/seed20240617/B2
2,A,E2_F1_C2,20240617,B4b,,120,False,True,True,,,,,,runs/experiment2/E2_F1_C2/seed20240617/B4b
2,A,E2_F1_C2,20240618,B0,,182,True,False,False,,,,,,runs/experiment2/E2_F1_C2/seed20240618/B0
2,A,E2_F1_C2,20240618,B1,,120,False,True,True,,,,,,runs/experiment2/E2_F1_C2/seed20240618/B1
2,A,E2_F1_C2,20240618,B2,,120,False,True,True,,,,,,runs/experiment2/E2_F1_C2/seed20240618/B2
2,A,E2_F1_C2,20240618,B4b,,120,False,True,True,,,,,,runs/experiment2/E2_F1_C2/seed20240618/B4b
2,A,E2_F1_C2,20240619,B0,,182,True,False,False,,,,,,runs/experiment2/E2_F1_C2/seed20240619/B0
2,A,E2_F1_C2,20240619,B1,,120,False,True,True,,,,,,runs/experiment2/E2_F1_C2/seed20240619/B1
2,A,E2_F1_C2,20240619,B2,,120,False,True,True,,,,,,runs/experiment2/E2_F1_C2/seed20240619/B2
2,A,E2_F1_C2,20240619,B4b,,120,False,True,True,,,,,,runs/experiment2/E2_F1_C2/seed20240619/B4b
2,A,E2_F1_C2,20240620,B0,,182,True,False,False,,,,,,runs/experiment2/E2_F1_C2/seed20240620/B0
2,A,E2_F1_C2,20240620,B1,,120,False,True,True,,,,,,runs/experiment2/E2_F1_C2/seed20240620/B1
2,A,E2_F1_C2,20240620,B2,,120,False,True,True,,,,,,runs/experiment2/E2_F1_C2/seed20240620/B2
2,A,E2_F1_C2,20240620,B4b,,120,False,True,True,,,,,,runs/experiment2/E2_F1_C2/seed20240620/B4b
2,A,E2_F1_C3,20240601,B0,,182,True,False,False,,,,,,runs/experiment2/E2_F1_C3/seed20240601/B0
2,A,E2_F1_C3,20240601,B1,,242,True,True,True,,,,,,runs/experiment2/E2_F1_C3/seed20240601/B1
2,A,E2_F1_C3,20240601,B2,,242,True,True,True,,,,,,runs/experiment2/E2_F1_C3/seed20240601/B2
2,A,E2_F1_C3,20240601,B4b,,242,True,True,True,,,,,,runs/experiment2/E2_F1_C3/seed20240601/B4b
2,A,E2_F1_C3,20240602,B0,,182,True,False,False,,,,,,runs/experiment2/E2_F1_C3/seed20240602/B0
2,A,E2_F1_C3,20240602,B1,,242,True,True,True,,,,,,runs/experiment2/E2_F1_C3/seed20240602/B1
2,A,E2_F1_C3,20240602,B2,,242,True,True,True,,,,,,runs/experiment2/E2_F1_C3/seed20240602/B2
2,A,E2_F1_C3,20240602,B4b,,242,True,True,True,,,,,,runs/experiment2/E2_F1_C3/seed20240602/B4b
2,A,E2_F1_C3,20240603,B0,,182,True,False,False,,,,,,runs/experiment2/E2_F1_C3/seed20240603/B0
2,A,E2_F1_C3,20240603,B1,,242,True,True,True,,,,,,runs/experiment2/E2_F1_C3/seed20240603/B1
2,A,E2_F1_C3,20240603,B2,,242,True,True,True,,,,,,runs/experiment2/E2_F1_C3/seed20240603/B2
2,A,E2_F1_C3,20240603,B4b,,242,True,True,True,,,,,,runs/experiment2/E2_F1_C3/seed20240603/B4b
2,A,E2_F1_C3,20240604,B0,,182,True,False,False,,,,,,runs/experiment2/E2_F1_C3/seed20240604/B0
2,A,E2_F1_C3,20240604,B1,,242,True,True,True,,,,,,runs/experiment2/E2_F1_C3/seed20240604/B1
2,A,E2_F1_C3,20240604,B2,,242,True,True,True,,,,,,runs/experiment2/E2_F1_C3/seed20240604/B2
2,A,E2_F1_C3,20240604,B4b,,242,True,True,True,,,,,,runs/experiment2/E2_F1_C3/seed20240604/B4b
2,A,E2_F1_C3,20240605,B0,,182,True,False,False,,,,,,runs/experiment2/E2_F1_C3/seed20240605/B0
2,A,E2_F1_C3,20240605,B1,,242,True,True,True,,,,,,runs/experiment2/E2_F1_C3/seed20240605/B1
2,A,E2_F1_C3,20240605,B2,,242,True,True,True,,,,,,runs/experiment2/E2_F1_C3/seed20240605/B2
2,A,E2_F1_C3,20240605,B4b,,242,True,True,True,,,,,,runs/experiment2/E2_F1_C3/seed20240605/B4b
2,A,E2_F1_C3,20240606,B0,,182,True,False,False,,,,,,runs/experiment2/E2_F1_C3/seed20240606/B0
2,A,E2_F1_C3,20240606,B1,,242,True,True,True,,,,,,runs/experiment2/E2_F1_C3/seed20240606/B1
2,A,E2_F1_C3,20240606,B2,,242,True,True,True,,,,,,runs/experiment2/E2_F1_C3/seed20240606/B2
2,A,E2_F1_C3,20240606,B4b,,242,True,True,True,,,,,,runs/experiment2/E2_F1_C3/seed20240606/B4b
2,A,E2_F1_C3,20240607,B0,,182,True,False,False,,,,,,runs/experiment2/E2_F1_C3/seed20240607/B0
2,A,E2_F1_C3,20240607,B1,,242,True,True,True,,,,,,runs/experiment2/E2_F1_C3/seed20240607/B1
2,A,E2_F1_C3,20240607,B2,,242,True,True,True,,,,,,runs/experiment2/E2_F1_C3/seed20240607/B2
2,A,E2_F1_C3,20240607,B4b,,242,True,True,True,,,,,,runs/experiment2/E2_F1_C3/seed20240607/B4b
2,A,E2_F1_C3,20240608,B0,,182,True,False,False,,,,,,runs/experiment2/E2_F1_C3/seed20240608/B0
2,A,E2_F1_C3,20240608,B1,,242,True,True,True,,,,,,runs/experiment2/E2_F1_C3/seed20240608/B1
2,A,E2_F1_C3,20240608,B2,,242,True,True,True,,,,,,runs/experiment2/E2_F1_C3/seed20240608/B2
2,A,E2_F1_C3,20240608,B4b,,242,True,True,True,,,,,,runs/experiment2/E2_F1_C3/seed20240608/B4b
2,A,E2_F1_C3,20240609,B0,,182,True,False,False,,,,,,runs/experiment2/E2_F1_C3/seed20240609/B0
2,A,E2_F1_C3,20240609,B1,,242,True,True,True,,,,,,runs/experiment2/E2_F1_C3/seed20240609/B1
2,A,E2_F1_C3,20240609,B2,,242,True,True,True,,,,,,runs/experiment2/E2_F1_C3/seed20240609/B2
2,A,E2_F1_C3,20240609,B4b,,242,True,True,True,,,,,,runs/experiment2/E2_F1_C3/seed20240609/B4b
2,A,E2_F1_C3,20240610,B0,,182,True,False,False,,,,,,runs/experiment2/E2_F1_C3/seed20240610/B0
2,A,E2_F1_C3,20240610,B1,,242,True,True,True,,,,,,runs/experiment2/E2_F1_C3/seed20240610/B1
2,A,E2_F1_C3,20240610,B2,,242,True,True,True,,,,,,runs/experiment2/E2_F1_C3/seed20240610/B2
2,A,E2_F1_C3,20240610,B4b,,242,True,True,True,,,,,,runs/experiment2/E2_F1_C3/seed20240610/B4b
2,A,E2_F1_C3,20240611,B0,,182,True,False,False,,,,,,runs/experiment2/E2_F1_C3/seed20240611/B0
2,A,E2_F1_C3,20240611,B1,,242,True,True,True,,,,,,runs/experiment2/E2_F1_C3/seed20240611/B1
2,A,E2_F1_C3,20240611,B2,,242,True,True,True,,,,,,runs/experiment2/E2_F1_C3/seed20240611/B2
2,A,E2_F1_C3,20240611,B4b,,242,True,True,True,,,,,,runs/experiment2/E2_F1_C3/seed20240611/B4b
2,A,E2_F1_C3,20240612,B0,,182,True,False,False,,,,,,runs/experiment2/E2_F1_C3/seed20240612/B0
2,A,E2_F1_C3,20240612,B1,,242,True,True,True,,,,,,runs/experiment2/E2_F1_C3/seed20240612/B1
2,A,E2_F1_C3,20240612,B2,,242,True,True,True,,,,,,runs/experiment2/E2_F1_C3/seed20240612/B2
2,A,E2_F1_C3,20240612,B4b,,242,True,True,True,,,,,,runs/experiment2/E2_F1_C3/seed20240612/B4b
2,A,E2_F1_C3,20240613,B0,,182,True,False,False,,,,,,runs/experiment2/E2_F1_C3/seed20240613/B0
2,A,E2_F1_C3,20240613,B1,,242,True,True,True,,,,,,runs/experiment2/E2_F1_C3/seed20240613/B1
2,A,E2_F1_C3,20240613,B2,,242,True,True,True,,,,,,runs/experiment2/E2_F1_C3/seed20240613/B2
2,A,E2_F1_C3,20240613,B4b,,242,True,True,True,,,,,,runs/experiment2/E2_F1_C3/seed20240613/B4b
2,A,E2_F1_C3,20240614,B0,,182,True,False,False,,,,,,runs/experiment2/E2_F1_C3/seed20240614/B0
2,A,E2_F1_C3,20240614,B1,,242,True,True,True,,,,,,runs/experiment2/E2_F1_C3/seed20240614/B1
2,A,E2_F1_C3,20240614,B2,,242,True,True,True,,,,,,runs/experiment2/E2_F1_C3/seed20240614/B2
2,A,E2_F1_C3,20240614,B4b,,242,True,True,True,,,,,,runs/experiment2/E2_F1_C3/seed20240614/B4b
2,A,E2_F1_C3,20240615,B0,,182,True,False,False,,,,,,runs/experiment2/E2_F1_C3/seed20240615/B0
2,A,E2_F1_C3,20240615,B1,,242,True,True,True,,,,,,runs/experiment2/E2_F1_C3/seed20240615/B1
2,A,E2_F1_C3,20240615,B2,,242,True,True,True,,,,,,runs/experiment2/E2_F1_C3/seed20240615/B2
2,A,E2_F1_C3,20240615,B4b,,242,True,True,True,,,,,,runs/experiment2/E2_F1_C3/seed20240615/B4b
2,A,E2_F1_C3,20240616,B0,,182,True,False,False,,,,,,runs/experiment2/E2_F1_C3/seed20240616/B0
2,A,E2_F1_C3,20240616,B1,,242,True,True,True,,,,,,runs/experiment2/E2_F1_C3/seed20240616/B1
2,A,E2_F1_C3,20240616,B2,,242,True,True,True,,,,,,runs/experiment2/E2_F1_C3/seed20240616/B2
2,A,E2_F1_C3,20240616,B4b,,242,True,True,True,,,,,,runs/experiment2/E2_F1_C3/seed20240616/B4b
2,A,E2_F1_C3,20240617,B0,,182,True,False,False,,,,,,runs/experiment2/E2_F1_C3/seed20240617/B0
2,A,E2_F1_C3,20240617,B1,,242,True,True,True,,,,,,runs/experiment2/E2_F1_C3/seed20240617/B1
2,A,E2_F1_C3,20240617,B2,,242,True,True,True,,,,,,runs/experiment2/E2_F1_C3/seed20240617/B2
2,A,E2_F1_C3,20240617,B4b,,242,True,True,True,,,,,,runs/experiment2/E2_F1_C3/seed20240617/B4b
2,A,E2_F1_C3,20240618,B0,,182,True,False,False,,,,,,runs/experiment2/E2_F1_C3/seed20240618/B0
2,A,E2_F1_C3,20240618,B1,,242,True,True,True,,,,,,runs/experiment2/E2_F1_C3/seed20240618/B1
2,A,E2_F1_C3,20240618,B2,,242,True,True,True,,,,,,runs/experiment2/E2_F1_C3/seed20240618/B2
2,A,E2_F1_C3,20240618,B4b,,242,True,True,True,,,,,,runs/experiment2/E2_F1_C3/seed20240618/B4b
2,A,E2_F1_C3,20240619,B0,,182,True,False,False,,,,,,runs/experiment2/E2_F1_C3/seed20240619/B0
2,A,E2_F1_C3,20240619,B1,,242,True,True,True,,,,,,runs/experiment2/E2_F1_C3/seed20240619/B1
2,A,E2_F1_C3,20240619,B2,,242,True,True,True,,,,,,runs/experiment2/E2_F1_C3/seed20240619/B2
2,A,E2_F1_C3,20240619,B4b,,242,True,True,True,,,,,,runs/experiment2/E2_F1_C3/seed20240619/B4b
2,A,E2_F1_C3,20240620,B0,,182,True,False,False,,,,,,runs/experiment2/E2_F1_C3/seed20240620/B0
2,A,E2_F1_C3,20240620,B1,,242,True,True,True,,,,,,runs/experiment2/E2_F1_C3/seed20240620/B1
2,A,E2_F1_C3,20240620,B2,,242,True,True,True,,,,,,runs/experiment2/E2_F1_C3/seed20240620/B2
2,A,E2_F1_C3,20240620,B4b,,242,True,True,True,,,,,,runs/experiment2/E2_F1_C3/seed20240620/B4b
2,A,E2_F2_C1,20240601,B0,,182,True,False,False,,,,,,runs/experiment2/E2_F2_C1/seed20240601/B0
2,A,E2_F2_C1,20240601,B1,,110,False,False,False,,,,,,runs/experiment2/E2_F2_C1/seed20240601/B1
2,A,E2_F2_C1,20240601,B2,,110,False,False,False,,,,,,runs/experiment2/E2_F2_C1/seed20240601/B2
2,A,E2_F2_C1,20240601,B4b,,110,False,False,False,,,,,,runs/experiment2/E2_F2_C1/seed20240601/B4b
2,A,E2_F2_C1,20240602,B0,,182,True,False,False,,,,,,runs/experiment2/E2_F2_C1/seed20240602/B0
2,A,E2_F2_C1,20240602,B1,,110,False,False,False,,,,,,runs/experiment2/E2_F2_C1/seed20240602/B1
2,A,E2_F2_C1,20240602,B2,,110,False,False,False,,,,,,runs/experiment2/E2_F2_C1/seed20240602/B2
2,A,E2_F2_C1,20240602,B4b,,110,False,False,False,,,,,,runs/experiment2/E2_F2_C1/seed20240602/B4b
2,A,E2_F2_C1,20240603,B0,,182,True,False,False,,,,,,runs/experiment2/E2_F2_C1/seed20240603/B0
2,A,E2_F2_C1,20240603,B1,,110,False,False,False,,,,,,runs/experiment2/E2_F2_C1/seed20240603/B1
2,A,E2_F2_C1,20240603,B2,,110,False,False,False,,,,,,runs/experiment2/E2_F2_C1/seed20240603/B2
2,A,E2_F2_C1,20240603,B4b,,110,False,False,False,,,,,,runs/experiment2/E2_F2_C1/seed20240603/B4b
2,A,E2_F2_C1,20240604,B0,,182,True,False,False,,,,,,runs/experiment2/E2_F2_C1/seed20240604/B0
2,A,E2_F2_C1,20240604,B1,,110,False,False,False,,,,,,runs/experiment2/E2_F2_C1/seed20240604/B1
2,A,E2_F2_C1,20240604,B2,,110,False,False,False,,,,,,runs/experiment2/E2_F2_C1/seed20240604/B2
2,A,E2_F2_C1,20240604,B4b,,110,False,False,False,,,,,,runs/experiment2/E2_F2_C1/seed20240604/B4b
2,A,E2_F2_C1,20240605,B0,,182,True,False,False,,,,,,runs/experiment2/E2_F2_C1/seed20240605/B0
2,A,E2_F2_C1,20240605,B1,,110,False,False,False,,,,,,runs/experiment2/E2_F2_C1/seed20240605/B1
2,A,E2_F2_C1,20240605,B2,,110,False,False,False,,,,,,runs/experiment2/E2_F2_C1/seed20240605/B2
2,A,E2_F2_C1,20240605,B4b,,110,False,False,False,,,,,,runs/experiment2/E2_F2_C1/seed20240605/B4b
2,A,E2_F2_C1,20240606,B0,,182,True,False,False,,,,,,runs/experiment2/E2_F2_C1/seed20240606/B0
2,A,E2_F2_C1,20240606,B1,,110,False,False,False,,,,,,runs/experiment2/E2_F2_C1/seed20240606/B1
2,A,E2_F2_C1,20240606,B2,,110,False,False,False,,,,,,runs/experiment2/E2_F2_C1/seed20240606/B2
2,A,E2_F2_C1,20240606,B4b,,110,False,False,False,,,,,,runs/experiment2/E2_F2_C1/seed20240606/B4b
2,A,E2_F2_C1,20240607,B0,,182,True,False,False,,,,,,runs/experiment2/E2_F2_C1/seed20240607/B0
2,A,E2_F2_C1,20240607,B1,,110,False,False,False,,,,,,runs/experiment2/E2_F2_C1/seed20240607/B1
2,A,E2_F2_C1,20240607,B2,,110,False,False,False,,,,,,runs/experiment2/E2_F2_C1/seed20240607/B2
2,A,E2_F2_C1,20240607,B4b,,110,False,False,False,,,,,,runs/experiment2/E2_F2_C1/seed20240607/B4b
2,A,E2_F2_C1,20240608,B0,,182,True,False,False,,,,,,runs/experiment2/E2_F2_C1/seed20240608/B0
2,A,E2_F2_C1,20240608,B1,,110,False,False,False,,,,,,runs/experiment2/E2_F2_C1/seed20240608/B1
2,A,E2_F2_C1,20240608,B2,,110,False,False,False,,,,,,runs/experiment2/E2_F2_C1/seed20240608/B2
2,A,E2_F2_C1,20240608,B4b,,110,False,False,False,,,,,,runs/experiment2/E2_F2_C1/seed20240608/B4b
2,A,E2_F2_C1,20240609,B0,,182,True,False,False,,,,,,runs/experiment2/E2_F2_C1/seed20240609/B0
2,A,E2_F2_C1,20240609,B1,,110,False,False,False,,,,,,runs/experiment2/E2_F2_C1/seed20240609/B1
2,A,E2_F2_C1,20240609,B2,,110,False,False,False,,,,,,runs/experiment2/E2_F2_C1/seed20240609/B2
2,A,E2_F2_C1,20240609,B4b,,110,False,False,False,,,,,,runs/experiment2/E2_F2_C1/seed20240609/B4b
2,A,E2_F2_C1,20240610,B0,,182,True,False,False,,,,,,runs/experiment2/E2_F2_C1/seed20240610/B0
2,A,E2_F2_C1,20240610,B1,,110,False,False,False,,,,,,runs/experiment2/E2_F2_C1/seed20240610/B1
2,A,E2_F2_C1,20240610,B2,,110,False,False,False,,,,,,runs/experiment2/E2_F2_C1/seed20240610/B2
2,A,E2_F2_C1,20240610,B4b,,110,False,False,False,,,,,,runs/experiment2/E2_F2_C1/seed20240610/B4b
2,A,E2_F2_C1,20240611,B0,,182,True,False,False,,,,,,runs/experiment2/E2_F2_C1/seed20240611/B0
2,A,E2_F2_C1,20240611,B1,,110,False,False,False,,,,,,runs/experiment2/E2_F2_C1/seed20240611/B1
2,A,E2_F2_C1,20240611,B2,,110,False,False,False,,,,,,runs/experiment2/E2_F2_C1/seed20240611/B2
2,A,E2_F2_C1,20240611,B4b,,110,False,False,False,,,,,,runs/experiment2/E2_F2_C1/seed20240611/B4b
2,A,E2_F2_C1,20240612,B0,,182,True,False,False,,,,,,runs/experiment2/E2_F2_C1/seed20240612/B0
2,A,E2_F2_C1,20240612,B1,,110,False,False,False,,,,,,runs/experiment2/E2_F2_C1/seed20240612/B1
2,A,E2_F2_C1,20240612,B2,,110,False,False,False,,,,,,runs/experiment2/E2_F2_C1/seed20240612/B2
2,A,E2_F2_C1,20240612,B4b,,110,False,False,False,,,,,,runs/experiment2/E2_F2_C1/seed20240612/B4b
2,A,E2_F2_C1,20240613,B0,,182,True,False,False,,,,,,runs/experiment2/E2_F2_C1/seed20240613/B0
2,A,E2_F2_C1,20240613,B1,,110,False,False,False,,,,,,runs/experiment2/E2_F2_C1/seed20240613/B1
2,A,E2_F2_C1,20240613,B2,,110,False,False,False,,,,,,runs/experiment2/E2_F2_C1/seed20240613/B2
2,A,E2_F2_C1,20240613,B4b,,110,False,False,False,,,,,,runs/experiment2/E2_F2_C1/seed20240613/B4b
2,A,E2_F2_C1,20240614,B0,,182,True,False,False,,,,,,runs/experiment2/E2_F2_C1/seed20240614/B0
2,A,E2_F2_C1,20240614,B1,,110,False,False,False,,,,,,runs/experiment2/E2_F2_C1/seed20240614/B1
2,A,E2_F2_C1,20240614,B2,,110,False,False,False,,,,,,runs/experiment2/E2_F2_C1/seed20240614/B2
2,A,E2_F2_C1,20240614,B4b,,110,False,False,False,,,,,,runs/experiment2/E2_F2_C1/seed20240614/B4b
2,A,E2_F2_C1,20240615,B0,,182,True,False,False,,,,,,runs/experiment2/E2_F2_C1/seed20240615/B0
2,A,E2_F2_C1,20240615,B1,,110,False,False,False,,,,,,runs/experiment2/E2_F2_C1/seed20240615/B1
2,A,E2_F2_C1,20240615,B2,,110,False,False,False,,,,,,runs/experiment2/E2_F2_C1/seed20240615/B2
2,A,E2_F2_C1,20240615,B4b,,110,False,False,False,,,,,,runs/experiment2/E2_F2_C1/seed20240615/B4b
2,A,E2_F2_C1,20240616,B0,,182,True,False,False,,,,,,runs/experiment2/E2_F2_C1/seed20240616/B0
2,A,E2_F2_C1,20240616,B1,,110,False,False,False,,,,,,runs/experiment2/E2_F2_C1/seed20240616/B1
2,A,E2_F2_C1,20240616,B2,,110,False,False,False,,,,,,runs/experiment2/E2_F2_C1/seed20240616/B2
2,A,E2_F2_C1,20240616,B4b,,110,False,False,False,,,,,,runs/experiment2/E2_F2_C1/seed20240616/B4b
2,A,E2_F2_C1,20240617,B0,,182,True,False,False,,,,,,runs/experiment2/E2_F2_C1/seed20240617/B0
2,A,E2_F2_C1,20240617,B1,,110,False,False,False,,,,,,runs/experiment2/E2_F2_C1/seed20240617/B1
2,A,E2_F2_C1,20240617,B2,,110,False,False,False,,,,,,runs/experiment2/E2_F2_C1/seed20240617/B2
2,A,E2_F2_C1,20240617,B4b,,110,False,False,False,,,,,,runs/experiment2/E2_F2_C1/seed20240617/B4b
2,A,E2_F2_C1,20240618,B0,,182,True,False,False,,,,,,runs/experiment2/E2_F2_C1/seed20240618/B0
2,A,E2_F2_C1,20240618,B1,,110,False,False,False,,,,,,runs/experiment2/E2_F2_C1/seed20240618/B1
2,A,E2_F2_C1,20240618,B2,,110,False,False,False,,,,,,runs/experiment2/E2_F2_C1/seed20240618/B2
2,A,E2_F2_C1,20240618,B4b,,110,False,False,False,,,,,,runs/experiment2/E2_F2_C1/seed20240618/B4b
2,A,E2_F2_C1,20240619,B0,,182,True,False,False,,,,,,runs/experiment2/E2_F2_C1/seed20240619/B0
2,A,E2_F2_C1,20240619,B1,,110,False,False,False,,,,,,runs/experiment2/E2_F2_C1/seed20240619/B1
2,A,E2_F2_C1,20240619,B2,,110,False,False,False,,,,,,runs/experiment2/E2_F2_C1/seed20240619/B2
2,A,E2_F2_C1,20240619,B4b,,110,False,False,False,,,,,,runs/experiment2/E2_F2_C1/seed20240619/B4b
2,A,E2_F2_C1,20240620,B0,,182,True,False,False,,,,,,runs/experiment2/E2_F2_C1/seed20240620/B0
2,A,E2_F2_C1,20240620,B1,,110,False,False,False,,,,,,runs/experiment2/E2_F2_C1/seed20240620/B1
2,A,E2_F2_C1,20240620,B2,,110,False,False,False,,,,,,runs/experiment2/E2_F2_C1/seed20240620/B2
2,A,E2_F2_C1,20240620,B4b,,110,False,False,False,,,,,,runs/experiment2/E2_F2_C1/seed20240620/B4b
2,A,E2_F2_C2,20240601,B0,,182,True,False,False,,,,,,runs/experiment2/E2_F2_C2/seed20240601/B0
2,A,E2_F2_C2,20240601,B1,,120,False,True,True,,,,,,runs/experiment2/E2_F2_C2/seed20240601/B1
2,A,E2_F2_C2,20240601,B2,,120,False,True,True,,,,,,runs/experiment2/E2_F2_C2/seed20240601/B2
2,A,E2_F2_C2,20240601,B4b,,120,False,True,True,,,,,,runs/experiment2/E2_F2_C2/seed20240601/B4b
2,A,E2_F2_C2,20240602,B0,,182,True,False,False,,,,,,runs/experiment2/E2_F2_C2/seed20240602/B0
2,A,E2_F2_C2,20240602,B1,,120,False,True,True,,,,,,runs/experiment2/E2_F2_C2/seed20240602/B1
2,A,E2_F2_C2,20240602,B2,,120,False,True,True,,,,,,runs/experiment2/E2_F2_C2/seed20240602/B2
2,A,E2_F2_C2,20240602,B4b,,120,False,True,True,,,,,,runs/experiment2/E2_F2_C2/seed20240602/B4b
2,A,E2_F2_C2,20240603,B0,,182,True,False,False,,,,,,runs/experiment2/E2_F2_C2/seed20240603/B0
2,A,E2_F2_C2,20240603,B1,,120,False,True,True,,,,,,runs/experiment2/E2_F2_C2/seed20240603/B1
2,A,E2_F2_C2,20240603,B2,,120,False,True,True,,,,,,runs/experiment2/E2_F2_C2/seed20240603/B2
2,A,E2_F2_C2,20240603,B4b,,120,False,True,True,,,,,,runs/experiment2/E2_F2_C2/seed20240603/B4b
2,A,E2_F2_C2,20240604,B0,,182,True,False,False,,,,,,runs/experiment2/E2_F2_C2/seed20240604/B0
2,A,E2_F2_C2,20240604,B1,,120,False,True,True,,,,,,runs/experiment2/E2_F2_C2/seed20240604/B1
2,A,E2_F2_C2,20240604,B2,,120,False,True,True,,,,,,runs/experiment2/E2_F2_C2/seed20240604/B2
2,A,E2_F2_C2,20240604,B4b,,120,False,True,True,,,,,,runs/experiment2/E2_F2_C2/seed20240604/B4b
2,A,E2_F2_C2,20240605,B0,,182,True,False,False,,,,,,runs/experiment2/E2_F2_C2/seed20240605/B0
2,A,E2_F2_C2,20240605,B1,,120,False,True,True,,,,,,runs/experiment2/E2_F2_C2/seed20240605/B1
2,A,E2_F2_C2,20240605,B2,,120,False,True,True,,,,,,runs/experiment2/E2_F2_C2/seed20240605/B2
2,A,E2_F2_C2,20240605,B4b,,120,False,True,True,,,,,,runs/experiment2/E2_F2_C2/seed20240605/B4b
2,A,E2_F2_C2,20240606,B0,,182,True,False,False,,,,,,runs/experiment2/E2_F2_C2/seed20240606/B0
2,A,E2_F2_C2,20240606,B1,,120,False,True,True,,,,,,runs/experiment2/E2_F2_C2/seed20240606/B1
2,A,E2_F2_C2,20240606,B2,,120,False,True,True,,,,,,runs/experiment2/E2_F2_C2/seed20240606/B2
2,A,E2_F2_C2,20240606,B4b,,120,False,True,True,,,,,,runs/experiment2/E2_F2_C2/seed20240606/B4b
2,A,E2_F2_C2,20240607,B0,,182,True,False,False,,,,,,runs/experiment2/E2_F2_C2/seed20240607/B0
2,A,E2_F2_C2,20240607,B1,,120,False,True,True,,,,,,runs/experiment2/E2_F2_C2/seed20240607/B1
2,A,E2_F2_C2,20240607,B2,,120,False,True,True,,,,,,runs/experiment2/E2_F2_C2/seed20240607/B2
2,A,E2_F2_C2,20240607,B4b,,120,False,True,True,,,,,,runs/experiment2/E2_F2_C2/seed20240607/B4b
2,A,E2_F2_C2,20240608,B0,,182,True,False,False,,,,,,runs/experiment2/E2_F2_C2/seed20240608/B0
2,A,E2_F2_C2,20240608,B1,,120,False,True,True,,,,,,runs/experiment2/E2_F2_C2/seed20240608/B1
2,A,E2_F2_C2,20240608,B2,,120,False,True,True,,,,,,runs/experiment2/E2_F2_C2/seed20240608/B2
2,A,E2_F2_C2,20240608,B4b,,120,False,True,True,,,,,,runs/experiment2/E2_F2_C2/seed20240608/B4b
2,A,E2_F2_C2,20240609,B0,,182,True,False,False,,,,,,runs/experiment2/E2_F2_C2/seed20240609/B0
2,A,E2_F2_C2,20240609,B1,,120,False,True,True,,,,,,runs/experiment2/E2_F2_C2/seed20240609/B1
2,A,E2_F2_C2,20240609,B2,,120,False,True,True,,,,,,runs/experiment2/E2_F2_C2/seed20240609/B2
2,A,E2_F2_C2,20240609,B4b,,120,False,True,True,,,,,,runs/experiment2/E2_F2_C2/seed20240609/B4b
2,A,E2_F2_C2,20240610,B0,,182,True,False,False,,,,,,runs/experiment2/E2_F2_C2/seed20240610/B0
2,A,E2_F2_C2,20240610,B1,,120,False,True,True,,,,,,runs/experiment2/E2_F2_C2/seed20240610/B1
2,A,E2_F2_C2,20240610,B2,,120,False,True,True,,,,,,runs/experiment2/E2_F2_C2/seed20240610/B2
2,A,E2_F2_C2,20240610,B4b,,120,False,True,True,,,,,,runs/experiment2/E2_F2_C2/seed20240610/B4b
2,A,E2_F2_C2,20240611,B0,,182,True,False,False,,,,,,runs/experiment2/E2_F2_C2/seed20240611/B0
2,A,E2_F2_C2,20240611,B1,,120,False,True,True,,,,,,runs/experiment2/E2_F2_C2/seed20240611/B1
2,A,E2_F2_C2,20240611,B2,,120,False,True,True,,,,,,runs/experiment2/E2_F2_C2/seed20240611/B2
2,A,E2_F2_C2,20240611,B4b,,120,False,True,True,,,,,,runs/experiment2/E2_F2_C2/seed20240611/B4b
2,A,E2_F2_C2,20240612,B0,,182,True,False,False,,,,,,runs/experiment2/E2_F2_C2/seed20240612/B0
2,A,E2_F2_C2,20240612,B1,,120,False,True,True,,,,,,runs/experiment2/E2_F2_C2/seed20240612/B1
2,A,E2_F2_C2,20240612,B2,,120,False,True,True,,,,,,runs/experiment2/E2_F2_C2/seed20240612/B2
2,A,E2_F2_C2,20240612,B4b,,120,False,True,True,,,,,,runs/experiment2/E2_F2_C2/seed20240612/B4b
2,A,E2_F2_C2,20240613,B0,,182,True,False,False,,,,,,runs/experiment2/E2_F2_C2/seed20240613/B0
2,A,E2_F2_C2,20240613,B1,,120,False,True,True,,,,,,runs/experiment2/E2_F2_C2/seed20240613/B1
2,A,E2_F2_C2,20240613,B2,,120,False,True,True,,,,,,runs/experiment2/E2_F2_C2/seed20240613/B2
2,A,E2_F2_C2,20240613,B4b,,120,False,True,True,,,,,,runs/experiment2/E2_F2_C2/seed20240613/B4b
2,A,E2_F2_C2,20240614,B0,,182,True,False,False,,,,,,runs/experiment2/E2_F2_C2/seed20240614/B0
2,A,E2_F2_C2,20240614,B1,,120,False,True,True,,,,,,runs/experiment2/E2_F2_C2/seed20240614/B1
2,A,E2_F2_C2,20240614,B2,,120,False,True,True,,,,,,runs/experiment2/E2_F2_C2/seed20240614/B2
2,A,E2_F2_C2,20240614,B4b,,120,False,True,True,,,,,,runs/experiment2/E2_F2_C2/seed20240614/B4b
2,A,E2_F2_C2,20240615,B0,,182,True,False,False,,,,,,runs/experiment2/E2_F2_C2/seed20240615/B0
2,A,E2_F2_C2,20240615,B1,,120,False,True,True,,,,,,runs/experiment2/E2_F2_C2/seed20240615/B1
2,A,E2_F2_C2,20240615,B2,,120,False,True,True,,,,,,runs/experiment2/E2_F2_C2/seed20240615/B2
2,A,E2_F2_C2,20240615,B4b,,120,False,True,True,,,,,,runs/experiment2/E2_F2_C2/seed20240615/B4b
2,A,E2_F2_C2,20240616,B0,,182,True,False,False,,,,,,runs/experiment2/E2_F2_C2/seed20240616/B0
2,A,E2_F2_C2,20240616,B1,,120,False,True,True,,,,,,runs/experiment2/E2_F2_C2/seed20240616/B1
2,A,E2_F2_C2,20240616,B2,,120,False,True,True,,,,,,runs/experiment2/E2_F2_C2/seed20240616/B2
2,A,E2_F2_C2,20240616,B4b,,120,False,True,True,,,,,,runs/experiment2/E2_F2_C2/seed20240616/B4b
2,A,E2_F2_C2,20240617,B0,,182,True,False,False,,,,,,runs/experiment2/E2_F2_C2/seed20240617/B0
2,A,E2_F2_C2,20240617,B1,,120,False,True,True,,,,,,runs/experiment2/E2_F2_C2/seed20240617/B1
2,A,E2_F2_C2,20240617,B2,,120,False,True,True,,,,,,runs/experiment2/E2_F2_C2/seed20240617/B2
2,A,E2_F2_C2,20240617,B4b,,120,False,True,True,,,,,,runs/experiment2/E2_F2_C2/seed20240617/B4b
2,A,E2_F2_C2,20240618,B0,,182,True,False,False,,,,,,runs/experiment2/E2_F2_C2/seed20240618/B0
2,A,E2_F2_C2,20240618,B1,,120,False,True,True,,,,,,runs/experiment2/E2_F2_C2/seed20240618/B1
2,A,E2_F2_C2,20240618,B2,,120,False,True,True,,,,,,runs/experiment2/E2_F2_C2/seed20240618/B2
2,A,E2_F2_C2,20240618,B4b,,120,False,True,True,,,,,,runs/experiment2/E2_F2_C2/seed20240618/B4b
2,A,E2_F2_C2,20240619,B0,,182,True,False,False,,,,,,runs/experiment2/E2_F2_C2/seed20240619/B0
2,A,E2_F2_C2,20240619,B1,,120,False,True,True,,,,,,runs/experiment2/E2_F2_C2/seed20240619/B1
2,A,E2_F2_C2,20240619,B2,,120,False,True,True,,,,,,runs/experiment2/E2_F2_C2/seed20240619/B2
2,A,E2_F2_C2,20240619,B4b,,120,False,True,True,,,,,,runs/experiment2/E2_F2_C2/seed20240619/B4b
2,A,E2_F2_C2,20240620,B0,,182,True,False,False,,,,,,runs/experiment2/E2_F2_C2/seed20240620/B0
2,A,E2_F2_C2,20240620,B1,,120,False,True,True,,,,,,runs/experiment2/E2_F2_C2/seed20240620/B1
2,A,E2_F2_C2,20240620,B2,,120,False,True,True,,,,,,runs/experiment2/E2_F2_C2/seed20240620/B2
2,A,E2_F2_C2,20240620,B4b,,120,False,True,True,,,,,,runs/experiment2/E2_F2_C2/seed20240620/B4b
2,A,E2_F2_C3,20240601,B0,,182,True,False,False,,,,,,runs/experiment2/E2_F2_C3/seed20240601/B0
2,A,E2_F2_C3,20240601,B1,,242,True,True,True,,,,,,runs/experiment2/E2_F2_C3/seed20240601/B1
2,A,E2_F2_C3,20240601,B2,,242,True,True,True,,,,,,runs/experiment2/E2_F2_C3/seed20240601/B2
2,A,E2_F2_C3,20240601,B4b,,272,True,True,True,,,,,,runs/experiment2/E2_F2_C3/seed20240601/B4b
2,A,E2_F2_C3,20240602,B0,,182,True,False,False,,,,,,runs/experiment2/E2_F2_C3/seed20240602/B0
2,A,E2_F2_C3,20240602,B1,,242,True,True,True,,,,,,runs/experiment2/E2_F2_C3/seed20240602/B1
2,A,E2_F2_C3,20240602,B2,,242,True,True,True,,,,,,runs/experiment2/E2_F2_C3/seed20240602/B2
2,A,E2_F2_C3,20240602,B4b,,242,True,True,True,,,,,,runs/experiment2/E2_F2_C3/seed20240602/B4b
2,A,E2_F2_C3,20240603,B0,,182,True,False,False,,,,,,runs/experiment2/E2_F2_C3/seed20240603/B0
2,A,E2_F2_C3,20240603,B1,,242,True,True,True,,,,,,runs/experiment2/E2_F2_C3/seed20240603/B1
2,A,E2_F2_C3,20240603,B2,,242,True,True,True,,,,,,runs/experiment2/E2_F2_C3/seed20240603/B2
2,A,E2_F2_C3,20240603,B4b,,242,True,True,True,,,,,,runs/experiment2/E2_F2_C3/seed20240603/B4b
2,A,E2_F2_C3,20240604,B0,,182,True,False,False,,,,,,runs/experiment2/E2_F2_C3/seed20240604/B0
2,A,E2_F2_C3,20240604,B1,,242,True,True,True,,,,,,runs/experiment2/E2_F2_C3/seed20240604/B1
2,A,E2_F2_C3,20240604,B2,,242,True,True,True,,,,,,runs/experiment2/E2_F2_C3/seed20240604/B2
2,A,E2_F2_C3,20240604,B4b,,242,True,True,True,,,,,,runs/experiment2/E2_F2_C3/seed20240604/B4b
2,A,E2_F2_C3,20240605,B0,,182,True,False,False,,,,,,runs/experiment2/E2_F2_C3/seed20240605/B0
2,A,E2_F2_C3,20240605,B1,,242,True,True,True,,,,,,runs/experiment2/E2_F2_C3/seed20240605/B1
2,A,E2_F2_C3,20240605,B2,,242,True,True,True,,,,,,runs/experiment2/E2_F2_C3/seed20240605/B2
2,A,E2_F2_C3,20240605,B4b,,242,True,True,True,,,,,,runs/experiment2/E2_F2_C3/seed20240605/B4b
2,A,E2_F2_C3,20240606,B0,,182,True,False,False,,,,,,runs/experiment2/E2_F2_C3/seed20240606/B0
2,A,E2_F2_C3,20240606,B1,,242,True,True,True,,,,,,runs/experiment2/E2_F2_C3/seed20240606/B1
2,A,E2_F2_C3,20240606,B2,,242,True,True,True,,,,,,runs/experiment2/E2_F2_C3/seed20240606/B2
2,A,E2_F2_C3,20240606,B4b,,242,True,True,True,,,,,,runs/experiment2/E2_F2_C3/seed20240606/B4b
2,A,E2_F2_C3,20240607,B0,,182,True,False,False,,,,,,runs/experiment2/E2_F2_C3/seed20240607/B0
2,A,E2_F2_C3,20240607,B1,,242,True,True,True,,,,,,runs/experiment2/E2_F2_C3/seed20240607/B1
2,A,E2_F2_C3,20240607,B2,,242,True,True,True,,,,,,runs/experiment2/E2_F2_C3/seed20240607/B2
2,A,E2_F2_C3,20240607,B4b,,242,True,True,True,,,,,,runs/experiment2/E2_F2_C3/seed20240607/B4b
2,A,E2_F2_C3,20240608,B0,,182,True,False,False,,,,,,runs/experiment2/E2_F2_C3/seed20240608/B0
2,A,E2_F2_C3,20240608,B1,,242,True,True,True,,,,,,runs/experiment2/E2_F2_C3/seed20240608/B1
2,A,E2_F2_C3,20240608,B2,,242,True,True,True,,,,,,runs/experiment2/E2_F2_C3/seed20240608/B2
2,A,E2_F2_C3,20240608,B4b,,242,True,True,True,,,,,,runs/experiment2/E2_F2_C3/seed20240608/B4b
2,A,E2_F2_C3,20240609,B0,,182,True,False,False,,,,,,runs/experiment2/E2_F2_C3/seed20240609/B0
2,A,E2_F2_C3,20240609,B1,,242,True,True,True,,,,,,runs/experiment2/E2_F2_C3/seed20240609/B1
2,A,E2_F2_C3,20240609,B2,,242,True,True,True,,,,,,runs/experiment2/E2_F2_C3/seed20240609/B2
2,A,E2_F2_C3,20240609,B4b,,242,True,True,True,,,,,,runs/experiment2/E2_F2_C3/seed20240609/B4b
2,A,E2_F2_C3,20240610,B0,,182,True,False,False,,,,,,runs/experiment2/E2_F2_C3/seed20240610/B0
2,A,E2_F2_C3,20240610,B1,,242,True,True,True,,,,,,runs/experiment2/E2_F2_C3/seed20240610/B1
2,A,E2_F2_C3,20240610,B2,,242,True,True,True,,,,,,runs/experiment2/E2_F2_C3/seed20240610/B2
2,A,E2_F2_C3,20240610,B4b,,242,True,True,True,,,,,,runs/experiment2/E2_F2_C3/seed20240610/B4b
2,A,E2_F2_C3,20240611,B0,,182,True,False,False,,,,,,runs/experiment2/E2_F2_C3/seed20240611/B0
2,A,E2_F2_C3,20240611,B1,,242,True,True,True,,,,,,runs/experiment2/E2_F2_C3/seed20240611/B1
2,A,E2_F2_C3,20240611,B2,,242,True,True,True,,,,,,runs/experiment2/E2_F2_C3/seed20240611/B2
2,A,E2_F2_C3,20240611,B4b,,242,True,True,True,,,,,,runs/experiment2/E2_F2_C3/seed20240611/B4b
2,A,E2_F2_C3,20240612,B0,,182,True,False,False,,,,,,runs/experiment2/E2_F2_C3/seed20240612/B0
2,A,E2_F2_C3,20240612,B1,,242,True,True,True,,,,,,runs/experiment2/E2_F2_C3/seed20240612/B1
2,A,E2_F2_C3,20240612,B2,,242,True,True,True,,,,,,runs/experiment2/E2_F2_C3/seed20240612/B2
2,A,E2_F2_C3,20240612,B4b,,242,True,True,True,,,,,,runs/experiment2/E2_F2_C3/seed20240612/B4b
2,A,E2_F2_C3,20240613,B0,,182,True,False,False,,,,,,runs/experiment2/E2_F2_C3/seed20240613/B0
2,A,E2_F2_C3,20240613,B1,,242,True,True,True,,,,,,runs/experiment2/E2_F2_C3/seed20240613/B1
2,A,E2_F2_C3,20240613,B2,,242,True,True,True,,,,,,runs/experiment2/E2_F2_C3/seed20240613/B2
2,A,E2_F2_C3,20240613,B4b,,242,True,True,True,,,,,,runs/experiment2/E2_F2_C3/seed20240613/B4b
2,A,E2_F2_C3,20240614,B0,,182,True,False,False,,,,,,runs/experiment2/E2_F2_C3/seed20240614/B0
2,A,E2_F2_C3,20240614,B1,,242,True,True,True,,,,,,runs/experiment2/E2_F2_C3/seed20240614/B1
2,A,E2_F2_C3,20240614,B2,,242,True,True,True,,,,,,runs/experiment2/E2_F2_C3/seed20240614/B2
2,A,E2_F2_C3,20240614,B4b,,242,True,True,True,,,,,,runs/experiment2/E2_F2_C3/seed20240614/B4b
2,A,E2_F2_C3,20240615,B0,,182,True,False,False,,,,,,runs/experiment2/E2_F2_C3/seed20240615/B0
2,A,E2_F2_C3,20240615,B1,,242,True,True,True,,,,,,runs/experiment2/E2_F2_C3/seed20240615/B1
2,A,E2_F2_C3,20240615,B2,,242,True,True,True,,,,,,runs/experiment2/E2_F2_C3/seed20240615/B2
2,A,E2_F2_C3,20240615,B4b,,242,True,True,True,,,,,,runs/experiment2/E2_F2_C3/seed20240615/B4b
2,A,E2_F2_C3,20240616,B0,,182,True,False,False,,,,,,runs/experiment2/E2_F2_C3/seed20240616/B0
2,A,E2_F2_C3,20240616,B1,,242,True,True,True,,,,,,runs/experiment2/E2_F2_C3/seed20240616/B1
2,A,E2_F2_C3,20240616,B2,,242,True,True,True,,,,,,runs/experiment2/E2_F2_C3/seed20240616/B2
2,A,E2_F2_C3,20240616,B4b,,242,True,True,True,,,,,,runs/experiment2/E2_F2_C3/seed20240616/B4b
2,A,E2_F2_C3,20240617,B0,,182,True,False,False,,,,,,runs/experiment2/E2_F2_C3/seed20240617/B0
2,A,E2_F2_C3,20240617,B1,,242,True,True,True,,,,,,runs/experiment2/E2_F2_C3/seed20240617/B1
2,A,E2_F2_C3,20240617,B2,,242,True,True,True,,,,,,runs/experiment2/E2_F2_C3/seed20240617/B2
2,A,E2_F2_C3,20240617,B4b,,242,True,True,True,,,,,,runs/experiment2/E2_F2_C3/seed20240617/B4b
2,A,E2_F2_C3,20240618,B0,,182,True,False,False,,,,,,runs/experiment2/E2_F2_C3/seed20240618/B0
2,A,E2_F2_C3,20240618,B1,,242,True,True,True,,,,,,runs/experiment2/E2_F2_C3/seed20240618/B1
2,A,E2_F2_C3,20240618,B2,,242,True,True,True,,,,,,runs/experiment2/E2_F2_C3/seed20240618/B2
2,A,E2_F2_C3,20240618,B4b,,242,True,True,True,,,,,,runs/experiment2/E2_F2_C3/seed20240618/B4b
2,A,E2_F2_C3,20240619,B0,,182,True,False,False,,,,,,runs/experiment2/E2_F2_C3/seed20240619/B0
2,A,E2_F2_C3,20240619,B1,,242,True,True,True,,,,,,runs/experiment2/E2_F2_C3/seed20240619/B1
2,A,E2_F2_C3,20240619,B2,,242,True,True,True,,,,,,runs/experiment2/E2_F2_C3/seed20240619/B2
2,A,E2_F2_C3,20240619,B4b,,242,True,True,True,,,,,,runs/experiment2/E2_F2_C3/seed20240619/B4b
2,A,E2_F2_C3,20240620,B0,,182,True,False,False,,,,,,runs/experiment2/E2_F2_C3/seed20240620/B0
2,A,E2_F2_C3,20240620,B1,,242,True,True,True,,,,,,runs/experiment2/E2_F2_C3/seed20240620/B1
2,A,E2_F2_C3,20240620,B2,,242,True,True,True,,,,,,runs/experiment2/E2_F2_C3/seed20240620/B2
2,A,E2_F2_C3,20240620,B4b,,242,True,True,True,,,,,,runs/experiment2/E2_F2_C3/seed20240620/B4b
2,A,E2_F3_C1,20240601,B0,,182,True,False,False,,,,,,runs/experiment2/E2_F3_C1/seed20240601/B0
2,A,E2_F3_C1,20240601,B1,,110,False,False,False,,,,,,runs/experiment2/E2_F3_C1/seed20240601/B1
2,A,E2_F3_C1,20240601,B2,,110,False,False,False,,,,,,runs/experiment2/E2_F3_C1/seed20240601/B2
2,A,E2_F3_C1,20240601,B4b,,110,False,False,False,,,,,,runs/experiment2/E2_F3_C1/seed20240601/B4b
2,A,E2_F3_C1,20240602,B0,,182,True,False,False,,,,,,runs/experiment2/E2_F3_C1/seed20240602/B0
2,A,E2_F3_C1,20240602,B1,,110,False,False,False,,,,,,runs/experiment2/E2_F3_C1/seed20240602/B1
2,A,E2_F3_C1,20240602,B2,,110,False,False,False,,,,,,runs/experiment2/E2_F3_C1/seed20240602/B2
2,A,E2_F3_C1,20240602,B4b,,110,False,False,False,,,,,,runs/experiment2/E2_F3_C1/seed20240602/B4b
2,A,E2_F3_C1,20240603,B0,,182,True,False,False,,,,,,runs/experiment2/E2_F3_C1/seed20240603/B0
2,A,E2_F3_C1,20240603,B1,,110,False,False,False,,,,,,runs/experiment2/E2_F3_C1/seed20240603/B1
2,A,E2_F3_C1,20240603,B2,,110,False,False,False,,,,,,runs/experiment2/E2_F3_C1/seed20240603/B2
2,A,E2_F3_C1,20240603,B4b,,110,False,False,False,,,,,,runs/experiment2/E2_F3_C1/seed20240603/B4b
2,A,E2_F3_C1,20240604,B0,,182,True,False,False,,,,,,runs/experiment2/E2_F3_C1/seed20240604/B0
2,A,E2_F3_C1,20240604,B1,,110,False,False,False,,,,,,runs/experiment2/E2_F3_C1/seed20240604/B1
2,A,E2_F3_C1,20240604,B2,,110,False,False,False,,,,,,runs/experiment2/E2_F3_C1/seed20240604/B2
2,A,E2_F3_C1,20240604,B4b,,110,False,False,False,,,,,,runs/experiment2/E2_F3_C1/seed20240604/B4b
2,A,E2_F3_C1,20240605,B0,,182,True,False,False,,,,,,runs/experiment2/E2_F3_C1/seed20240605/B0
2,A,E2_F3_C1,20240605,B1,,110,False,False,False,,,,,,runs/experiment2/E2_F3_C1/seed20240605/B1
2,A,E2_F3_C1,20240605,B2,,110,False,False,False,,,,,,runs/experiment2/E2_F3_C1/seed20240605/B2
2,A,E2_F3_C1,20240605,B4b,,140,False,False,False,,,,,,runs/experiment2/E2_F3_C1/seed20240605/B4b
2,A,E2_F3_C1,20240606,B0,,182,True,False,False,,,,,,runs/experiment2/E2_F3_C1/seed20240606/B0
2,A,E2_F3_C1,20240606,B1,,110,False,False,False,,,,,,runs/experiment2/E2_F3_C1/seed20240606/B1
2,A,E2_F3_C1,20240606,B2,,110,False,False,False,,,,,,runs/experiment2/E2_F3_C1/seed20240606/B2
2,A,E2_F3_C1,20240606,B4b,,110,False,False,False,,,,,,runs/experiment2/E2_F3_C1/seed20240606/B4b
2,A,E2_F3_C1,20240607,B0,,182,True,False,False,,,,,,runs/experiment2/E2_F3_C1/seed20240607/B0
2,A,E2_F3_C1,20240607,B1,,110,False,False,False,,,,,,runs/experiment2/E2_F3_C1/seed20240607/B1
2,A,E2_F3_C1,20240607,B2,,110,False,False,False,,,,,,runs/experiment2/E2_F3_C1/seed20240607/B2
2,A,E2_F3_C1,20240607,B4b,,110,False,False,False,,,,,,runs/experiment2/E2_F3_C1/seed20240607/B4b
2,A,E2_F3_C1,20240608,B0,,182,True,False,False,,,,,,runs/experiment2/E2_F3_C1/seed20240608/B0
2,A,E2_F3_C1,20240608,B1,,110,False,False,False,,,,,,runs/experiment2/E2_F3_C1/seed20240608/B1
2,A,E2_F3_C1,20240608,B2,,110,False,False,False,,,,,,runs/experiment2/E2_F3_C1/seed20240608/B2
2,A,E2_F3_C1,20240608,B4b,,110,False,False,False,,,,,,runs/experiment2/E2_F3_C1/seed20240608/B4b
2,A,E2_F3_C1,20240609,B0,,182,True,False,False,,,,,,runs/experiment2/E2_F3_C1/seed20240609/B0
2,A,E2_F3_C1,20240609,B1,,110,False,False,False,,,,,,runs/experiment2/E2_F3_C1/seed20240609/B1
2,A,E2_F3_C1,20240609,B2,,110,False,False,False,,,,,,runs/experiment2/E2_F3_C1/seed20240609/B2
2,A,E2_F3_C1,20240609,B4b,,110,False,False,False,,,,,,runs/experiment2/E2_F3_C1/seed20240609/B4b
2,A,E2_F3_C1,20240610,B0,,182,True,False,False,,,,,,runs/experiment2/E2_F3_C1/seed20240610/B0
2,A,E2_F3_C1,20240610,B1,,110,False,False,False,,,,,,runs/experiment2/E2_F3_C1/seed20240610/B1
2,A,E2_F3_C1,20240610,B2,,110,False,False,False,,,,,,runs/experiment2/E2_F3_C1/seed20240610/B2
2,A,E2_F3_C1,20240610,B4b,,110,False,False,False,,,,,,runs/experiment2/E2_F3_C1/seed20240610/B4b
2,A,E2_F3_C1,20240611,B0,,182,True,False,False,,,,,,runs/experiment2/E2_F3_C1/seed20240611/B0
2,A,E2_F3_C1,20240611,B1,,110,False,False,False,,,,,,runs/experiment2/E2_F3_C1/seed20240611/B1
2,A,E2_F3_C1,20240611,B2,,110,False,False,False,,,,,,runs/experiment2/E2_F3_C1/seed20240611/B2
2,A,E2_F3_C1,20240611,B4b,,110,False,False,False,,,,,,runs/experiment2/E2_F3_C1/seed20240611/B4b
2,A,E2_F3_C1,20240612,B0,,182,True,False,False,,,,,,runs/experiment2/E2_F3_C1/seed20240612/B0
2,A,E2_F3_C1,20240612,B1,,110,False,False,False,,,,,,runs/experiment2/E2_F3_C1/seed20240612/B1
2,A,E2_F3_C1,20240612,B2,,110,False,False,False,,,,,,runs/experiment2/E2_F3_C1/seed20240612/B2
2,A,E2_F3_C1,20240612,B4b,,110,False,False,False,,,,,,runs/experiment2/E2_F3_C1/seed20240612/B4b
2,A,E2_F3_C1,20240613,B0,,182,True,False,False,,,,,,runs/experiment2/E2_F3_C1/seed20240613/B0
2,A,E2_F3_C1,20240613,B1,,110,False,False,False,,,,,,runs/experiment2/E2_F3_C1/seed20240613/B1
2,A,E2_F3_C1,20240613,B2,,110,False,False,False,,,,,,runs/experiment2/E2_F3_C1/seed20240613/B2
2,A,E2_F3_C1,20240613,B4b,,110,False,False,False,,,,,,runs/experiment2/E2_F3_C1/seed20240613/B4b
2,A,E2_F3_C1,20240614,B0,,182,True,False,False,,,,,,runs/experiment2/E2_F3_C1/seed20240614/B0
2,A,E2_F3_C1,20240614,B1,,110,False,False,False,,,,,,runs/experiment2/E2_F3_C1/seed20240614/B1
2,A,E2_F3_C1,20240614,B2,,110,False,False,False,,,,,,runs/experiment2/E2_F3_C1/seed20240614/B2
2,A,E2_F3_C1,20240614,B4b,,110,False,False,False,,,,,,runs/experiment2/E2_F3_C1/seed20240614/B4b
2,A,E2_F3_C1,20240615,B0,,182,True,False,False,,,,,,runs/experiment2/E2_F3_C1/seed20240615/B0
2,A,E2_F3_C1,20240615,B1,,110,False,False,False,,,,,,runs/experiment2/E2_F3_C1/seed20240615/B1
2,A,E2_F3_C1,20240615,B2,,110,False,False,False,,,,,,runs/experiment2/E2_F3_C1/seed20240615/B2
2,A,E2_F3_C1,20240615,B4b,,110,False,False,False,,,,,,runs/experiment2/E2_F3_C1/seed20240615/B4b
2,A,E2_F3_C1,20240616,B0,,182,True,False,False,,,,,,runs/experiment2/E2_F3_C1/seed20240616/B0
2,A,E2_F3_C1,20240616,B1,,110,False,False,False,,,,,,runs/experiment2/E2_F3_C1/seed20240616/B1
2,A,E2_F3_C1,20240616,B2,,110,False,False,False,,,,,,runs/experiment2/E2_F3_C1/seed20240616/B2
2,A,E2_F3_C1,20240616,B4b,,110,False,False,False,,,,,,runs/experiment2/E2_F3_C1/seed20240616/B4b
2,A,E2_F3_C1,20240617,B0,,182,True,False,False,,,,,,runs/experiment2/E2_F3_C1/seed20240617/B0
2,A,E2_F3_C1,20240617,B1,,110,False,False,False,,,,,,runs/experiment2/E2_F3_C1/seed20240617/B1
2,A,E2_F3_C1,20240617,B2,,110,False,False,False,,,,,,runs/experiment2/E2_F3_C1/seed20240617/B2
2,A,E2_F3_C1,20240617,B4b,,110,False,False,False,,,,,,runs/experiment2/E2_F3_C1/seed20240617/B4b
2,A,E2_F3_C1,20240618,B0,,182,True,False,False,,,,,,runs/experiment2/E2_F3_C1/seed20240618/B0
2,A,E2_F3_C1,20240618,B1,,110,False,False,False,,,,,,runs/experiment2/E2_F3_C1/seed20240618/B1
2,A,E2_F3_C1,20240618,B2,,110,False,False,False,,,,,,runs/experiment2/E2_F3_C1/seed20240618/B2
2,A,E2_F3_C1,20240618,B4b,,110,False,False,False,,,,,,runs/experiment2/E2_F3_C1/seed20240618/B4b
2,A,E2_F3_C1,20240619,B0,,182,True,False,False,,,,,,runs/experiment2/E2_F3_C1/seed20240619/B0
2,A,E2_F3_C1,20240619,B1,,110,False,False,False,,,,,,runs/experiment2/E2_F3_C1/seed20240619/B1
2,A,E2_F3_C1,20240619,B2,,110,False,False,False,,,,,,runs/experiment2/E2_F3_C1/seed20240619/B2
2,A,E2_F3_C1,20240619,B4b,,110,False,False,False,,,,,,runs/experiment2/E2_F3_C1/seed20240619/B4b
2,A,E2_F3_C1,20240620,B0,,182,True,False,False,,,,,,runs/experiment2/E2_F3_C1/seed20240620/B0
2,A,E2_F3_C1,20240620,B1,,110,False,False,False,,,,,,runs/experiment2/E2_F3_C1/seed20240620/B1
2,A,E2_F3_C1,20240620,B2,,110,False,False,False,,,,,,runs/experiment2/E2_F3_C1/seed20240620/B2
2,A,E2_F3_C1,20240620,B4b,,110,False,False,False,,,,,,runs/experiment2/E2_F3_C1/seed20240620/B4b
2,A,E2_F3_C3,20240601,B0,,182,True,False,False,,,,,,runs/experiment2/E2_F3_C3/seed20240601/B0
2,A,E2_F3_C3,20240601,B1,,242,True,True,True,,,,,,runs/experiment2/E2_F3_C3/seed20240601/B1
2,A,E2_F3_C3,20240601,B2,,242,True,True,True,,,,,,runs/experiment2/E2_F3_C3/seed20240601/B2
2,A,E2_F3_C3,20240601,B4b,,242,True,True,True,,,,,,runs/experiment2/E2_F3_C3/seed20240601/B4b
2,A,E2_F3_C3,20240602,B0,,182,True,False,False,,,,,,runs/experiment2/E2_F3_C3/seed20240602/B0
2,A,E2_F3_C3,20240602,B1,,242,True,True,True,,,,,,runs/experiment2/E2_F3_C3/seed20240602/B1
2,A,E2_F3_C3,20240602,B2,,242,True,True,True,,,,,,runs/experiment2/E2_F3_C3/seed20240602/B2
2,A,E2_F3_C3,20240602,B4b,,242,True,True,True,,,,,,runs/experiment2/E2_F3_C3/seed20240602/B4b
2,A,E2_F3_C3,20240603,B0,,182,True,False,False,,,,,,runs/experiment2/E2_F3_C3/seed20240603/B0
2,A,E2_F3_C3,20240603,B1,,242,True,True,True,,,,,,runs/experiment2/E2_F3_C3/seed20240603/B1
2,A,E2_F3_C3,20240603,B2,,242,True,True,True,,,,,,runs/experiment2/E2_F3_C3/seed20240603/B2
2,A,E2_F3_C3,20240603,B4b,,242,True,True,True,,,,,,runs/experiment2/E2_F3_C3/seed20240603/B4b
2,A,E2_F3_C3,20240604,B0,,182,True,False,False,,,,,,runs/experiment2/E2_F3_C3/seed20240604/B0
2,A,E2_F3_C3,20240604,B1,,242,True,True,True,,,,,,runs/experiment2/E2_F3_C3/seed20240604/B1
2,A,E2_F3_C3,20240604,B2,,242,True,True,True,,,,,,runs/experiment2/E2_F3_C3/seed20240604/B2
2,A,E2_F3_C3,20240604,B4b,,242,True,True,True,,,,,,runs/experiment2/E2_F3_C3/seed20240604/B4b
2,A,E2_F3_C3,20240605,B0,,182,True,False,False,,,,,,runs/experiment2/E2_F3_C3/seed20240605/B0
2,A,E2_F3_C3,20240605,B1,,242,True,True,True,,,,,,runs/experiment2/E2_F3_C3/seed20240605/B1
2,A,E2_F3_C3,20240605,B2,,242,True,True,True,,,,,,runs/experiment2/E2_F3_C3/seed20240605/B2
2,A,E2_F3_C3,20240605,B4b,,242,True,True,True,,,,,,runs/experiment2/E2_F3_C3/seed20240605/B4b
2,A,E2_F3_C3,20240606,B0,,182,True,False,False,,,,,,runs/experiment2/E2_F3_C3/seed20240606/B0
2,A,E2_F3_C3,20240606,B1,,242,True,True,True,,,,,,runs/experiment2/E2_F3_C3/seed20240606/B1
2,A,E2_F3_C3,20240606,B2,,242,True,True,True,,,,,,runs/experiment2/E2_F3_C3/seed20240606/B2
2,A,E2_F3_C3,20240606,B4b,,242,True,True,True,,,,,,runs/experiment2/E2_F3_C3/seed20240606/B4b
2,A,E2_F3_C3,20240607,B0,,182,True,False,False,,,,,,runs/experiment2/E2_F3_C3/seed20240607/B0
2,A,E2_F3_C3,20240607,B1,,242,True,True,True,,,,,,runs/experiment2/E2_F3_C3/seed20240607/B1
2,A,E2_F3_C3,20240607,B2,,242,True,True,True,,,,,,runs/experiment2/E2_F3_C3/seed20240607/B2
2,A,E2_F3_C3,20240607,B4b,,242,True,True,True,,,,,,runs/experiment2/E2_F3_C3/seed20240607/B4b
2,A,E2_F3_C3,20240608,B0,,182,True,False,False,,,,,,runs/experiment2/E2_F3_C3/seed20240608/B0
2,A,E2_F3_C3,20240608,B1,,242,True,True,True,,,,,,runs/experiment2/E2_F3_C3/seed20240608/B1
2,A,E2_F3_C3,20240608,B2,,242,True,True,True,,,,,,runs/experiment2/E2_F3_C3/seed20240608/B2
2,A,E2_F3_C3,20240608,B4b,,242,True,True,True,,,,,,runs/experiment2/E2_F3_C3/seed20240608/B4b
2,A,E2_F3_C3,20240609,B0,,182,True,False,False,,,,,,runs/experiment2/E2_F3_C3/seed20240609/B0
2,A,E2_F3_C3,20240609,B1,,242,True,True,True,,,,,,runs/experiment2/E2_F3_C3/seed20240609/B1
2,A,E2_F3_C3,20240609,B2,,242,True,True,True,,,,,,runs/experiment2/E2_F3_C3/seed20240609/B2
2,A,E2_F3_C3,20240609,B4b,,242,True,True,True,,,,,,runs/experiment2/E2_F3_C3/seed20240609/B4b
2,A,E2_F3_C3,20240610,B0,,182,True,False,False,,,,,,runs/experiment2/E2_F3_C3/seed20240610/B0
2,A,E2_F3_C3,20240610,B1,,242,True,True,True,,,,,,runs/experiment2/E2_F3_C3/seed20240610/B1
2,A,E2_F3_C3,20240610,B2,,242,True,True,True,,,,,,runs/experiment2/E2_F3_C3/seed20240610/B2
2,A,E2_F3_C3,20240610,B4b,,242,True,True,True,,,,,,runs/experiment2/E2_F3_C3/seed20240610/B4b
2,A,E2_F3_C3,20240611,B0,,182,True,False,False,,,,,,runs/experiment2/E2_F3_C3/seed20240611/B0
2,A,E2_F3_C3,20240611,B1,,242,True,True,True,,,,,,runs/experiment2/E2_F3_C3/seed20240611/B1
2,A,E2_F3_C3,20240611,B2,,242,True,True,True,,,,,,runs/experiment2/E2_F3_C3/seed20240611/B2
2,A,E2_F3_C3,20240611,B4b,,242,True,True,True,,,,,,runs/experiment2/E2_F3_C3/seed20240611/B4b
2,A,E2_F3_C3,20240612,B0,,182,True,False,False,,,,,,runs/experiment2/E2_F3_C3/seed20240612/B0
2,A,E2_F3_C3,20240612,B1,,242,True,True,True,,,,,,runs/experiment2/E2_F3_C3/seed20240612/B1
2,A,E2_F3_C3,20240612,B2,,242,True,True,True,,,,,,runs/experiment2/E2_F3_C3/seed20240612/B2
2,A,E2_F3_C3,20240612,B4b,,242,True,True,True,,,,,,runs/experiment2/E2_F3_C3/seed20240612/B4b
2,A,E2_F3_C3,20240613,B0,,182,True,False,False,,,,,,runs/experiment2/E2_F3_C3/seed20240613/B0
2,A,E2_F3_C3,20240613,B1,,242,True,True,True,,,,,,runs/experiment2/E2_F3_C3/seed20240613/B1
2,A,E2_F3_C3,20240613,B2,,242,True,True,True,,,,,,runs/experiment2/E2_F3_C3/seed20240613/B2
2,A,E2_F3_C3,20240613,B4b,,242,True,True,True,,,,,,runs/experiment2/E2_F3_C3/seed20240613/B4b
2,A,E2_F3_C3,20240614,B0,,182,True,False,False,,,,,,runs/experiment2/E2_F3_C3/seed20240614/B0
2,A,E2_F3_C3,20240614,B1,,242,True,True,True,,,,,,runs/experiment2/E2_F3_C3/seed20240614/B1
2,A,E2_F3_C3,20240614,B2,,242,True,True,True,,,,,,runs/experiment2/E2_F3_C3/seed20240614/B2
2,A,E2_F3_C3,20240614,B4b,,242,True,True,True,,,,,,runs/experiment2/E2_F3_C3/seed20240614/B4b
2,A,E2_F3_C3,20240615,B0,,182,True,False,False,,,,,,runs/experiment2/E2_F3_C3/seed20240615/B0
2,A,E2_F3_C3,20240615,B1,,242,True,True,True,,,,,,runs/experiment2/E2_F3_C3/seed20240615/B1
2,A,E2_F3_C3,20240615,B2,,242,True,True,True,,,,,,runs/experiment2/E2_F3_C3/seed20240615/B2
2,A,E2_F3_C3,20240615,B4b,,242,True,True,True,,,,,,runs/experiment2/E2_F3_C3/seed20240615/B4b
2,A,E2_F3_C3,20240616,B0,,182,True,False,False,,,,,,runs/experiment2/E2_F3_C3/seed20240616/B0
2,A,E2_F3_C3,20240616,B1,,242,True,True,True,,,,,,runs/experiment2/E2_F3_C3/seed20240616/B1
2,A,E2_F3_C3,20240616,B2,,242,True,True,True,,,,,,runs/experiment2/E2_F3_C3/seed20240616/B2
2,A,E2_F3_C3,20240616,B4b,,242,True,True,True,,,,,,runs/experiment2/E2_F3_C3/seed20240616/B4b
2,A,E2_F3_C3,20240617,B0,,182,True,False,False,,,,,,runs/experiment2/E2_F3_C3/seed20240617/B0
2,A,E2_F3_C3,20240617,B1,,242,True,True,True,,,,,,runs/experiment2/E2_F3_C3/seed20240617/B1
2,A,E2_F3_C3,20240617,B2,,242,True,True,True,,,,,,runs/experiment2/E2_F3_C3/seed20240617/B2
2,A,E2_F3_C3,20240617,B4b,,242,True,True,True,,,,,,runs/experiment2/E2_F3_C3/seed20240617/B4b
2,A,E2_F3_C3,20240618,B0,,182,True,False,False,,,,,,runs/experiment2/E2_F3_C3/seed20240618/B0
2,A,E2_F3_C3,20240618,B1,,242,True,True,True,,,,,,runs/experiment2/E2_F3_C3/seed20240618/B1
2,A,E2_F3_C3,20240618,B2,,242,True,True,True,,,,,,runs/experiment2/E2_F3_C3/seed20240618/B2
2,A,E2_F3_C3,20240618,B4b,,242,True,True,True,,,,,,runs/experiment2/E2_F3_C3/seed20240618/B4b
2,A,E2_F3_C3,20240619,B0,,182,True,False,False,,,,,,runs/experiment2/E2_F3_C3/seed20240619/B0
2,A,E2_F3_C3,20240619,B1,,242,True,True,True,,,,,,runs/experiment2/E2_F3_C3/seed20240619/B1
2,A,E2_F3_C3,20240619,B2,,242,True,True,True,,,,,,runs/experiment2/E2_F3_C3/seed20240619/B2
2,A,E2_F3_C3,20240619,B4b,,242,True,True,True,,,,,,runs/experiment2/E2_F3_C3/seed20240619/B4b
2,A,E2_F3_C3,20240620,B0,,182,True,False,False,,,,,,runs/experiment2/E2_F3_C3/seed20240620/B0
2,A,E2_F3_C3,20240620,B1,,242,True,True,True,,,,,,runs/experiment2/E2_F3_C3/seed20240620/B1
2,A,E2_F3_C3,20240620,B2,,242,True,True,True,,,,,,runs/experiment2/E2_F3_C3/seed20240620/B2
2,A,E2_F3_C3,20240620,B4b,,242,True,True,True,,,,,,runs/experiment2/E2_F3_C3/seed20240620/B4b
2,A,E2_F4_C1,20240601,B0,,182,True,False,False,,,,,,runs/experiment2/E2_F4_C1/seed20240601/B0
2,A,E2_F4_C1,20240601,B1,,110,False,False,False,,,,,,runs/experiment2/E2_F4_C1/seed20240601/B1
2,A,E2_F4_C1,20240601,B2,,110,False,False,False,,,,,,runs/experiment2/E2_F4_C1/seed20240601/B2
2,A,E2_F4_C1,20240601,B4b,,110,False,False,False,,,,,,runs/experiment2/E2_F4_C1/seed20240601/B4b
2,A,E2_F4_C1,20240602,B0,,182,True,False,False,,,,,,runs/experiment2/E2_F4_C1/seed20240602/B0
2,A,E2_F4_C1,20240602,B1,,110,False,False,False,,,,,,runs/experiment2/E2_F4_C1/seed20240602/B1
2,A,E2_F4_C1,20240602,B2,,110,False,False,False,,,,,,runs/experiment2/E2_F4_C1/seed20240602/B2
2,A,E2_F4_C1,20240602,B4b,,110,False,False,False,,,,,,runs/experiment2/E2_F4_C1/seed20240602/B4b
2,A,E2_F4_C1,20240603,B0,,182,True,False,False,,,,,,runs/experiment2/E2_F4_C1/seed20240603/B0
2,A,E2_F4_C1,20240603,B1,,110,False,False,False,,,,,,runs/experiment2/E2_F4_C1/seed20240603/B1
2,A,E2_F4_C1,20240603,B2,,110,False,False,False,,,,,,runs/experiment2/E2_F4_C1/seed20240603/B2
2,A,E2_F4_C1,20240603,B4b,,110,False,False,False,,,,,,runs/experiment2/E2_F4_C1/seed20240603/B4b
2,A,E2_F4_C1,20240604,B0,,182,True,False,False,,,,,,runs/experiment2/E2_F4_C1/seed20240604/B0
2,A,E2_F4_C1,20240604,B1,,110,False,False,False,,,,,,runs/experiment2/E2_F4_C1/seed20240604/B1
2,A,E2_F4_C1,20240604,B2,,110,False,False,False,,,,,,runs/experiment2/E2_F4_C1/seed20240604/B2
2,A,E2_F4_C1,20240604,B4b,,110,False,False,False,,,,,,runs/experiment2/E2_F4_C1/seed20240604/B4b
2,A,E2_F4_C1,20240605,B0,,182,True,False,False,,,,,,runs/experiment2/E2_F4_C1/seed20240605/B0
2,A,E2_F4_C1,20240605,B1,,110,False,False,False,,,,,,runs/experiment2/E2_F4_C1/seed20240605/B1
2,A,E2_F4_C1,20240605,B2,,110,False,False,False,,,,,,runs/experiment2/E2_F4_C1/seed20240605/B2
2,A,E2_F4_C1,20240605,B4b,,110,False,False,False,,,,,,runs/experiment2/E2_F4_C1/seed20240605/B4b
2,A,E2_F4_C1,20240606,B0,,182,True,False,False,,,,,,runs/experiment2/E2_F4_C1/seed20240606/B0
2,A,E2_F4_C1,20240606,B1,,110,False,False,False,,,,,,runs/experiment2/E2_F4_C1/seed20240606/B1
2,A,E2_F4_C1,20240606,B2,,110,False,False,False,,,,,,runs/experiment2/E2_F4_C1/seed20240606/B2
2,A,E2_F4_C1,20240606,B4b,,110,False,False,False,,,,,,runs/experiment2/E2_F4_C1/seed20240606/B4b
2,A,E2_F4_C1,20240607,B0,,182,True,False,False,,,,,,runs/experiment2/E2_F4_C1/seed20240607/B0
2,A,E2_F4_C1,20240607,B1,,110,False,False,False,,,,,,runs/experiment2/E2_F4_C1/seed20240607/B1
2,A,E2_F4_C1,20240607,B2,,110,False,False,False,,,,,,runs/experiment2/E2_F4_C1/seed20240607/B2
2,A,E2_F4_C1,20240607,B4b,,110,False,False,False,,,,,,runs/experiment2/E2_F4_C1/seed20240607/B4b
2,A,E2_F4_C1,20240608,B0,,182,True,False,False,,,,,,runs/experiment2/E2_F4_C1/seed20240608/B0
2,A,E2_F4_C1,20240608,B1,,110,False,False,False,,,,,,runs/experiment2/E2_F4_C1/seed20240608/B1
2,A,E2_F4_C1,20240608,B2,,110,False,False,False,,,,,,runs/experiment2/E2_F4_C1/seed20240608/B2
2,A,E2_F4_C1,20240608,B4b,,110,False,False,False,,,,,,runs/experiment2/E2_F4_C1/seed20240608/B4b
2,A,E2_F4_C1,20240609,B0,,182,True,False,False,,,,,,runs/experiment2/E2_F4_C1/seed20240609/B0
2,A,E2_F4_C1,20240609,B1,,110,False,False,False,,,,,,runs/experiment2/E2_F4_C1/seed20240609/B1
2,A,E2_F4_C1,20240609,B2,,110,False,False,False,,,,,,runs/experiment2/E2_F4_C1/seed20240609/B2
2,A,E2_F4_C1,20240609,B4b,,110,False,False,False,,,,,,runs/experiment2/E2_F4_C1/seed20240609/B4b
2,A,E2_F4_C1,20240610,B0,,182,True,False,False,,,,,,runs/experiment2/E2_F4_C1/seed20240610/B0
2,A,E2_F4_C1,20240610,B1,,110,False,False,False,,,,,,runs/experiment2/E2_F4_C1/seed20240610/B1
2,A,E2_F4_C1,20240610,B2,,110,False,False,False,,,,,,runs/experiment2/E2_F4_C1/seed20240610/B2
2,A,E2_F4_C1,20240610,B4b,,110,False,False,False,,,,,,runs/experiment2/E2_F4_C1/seed20240610/B4b
2,A,E2_F4_C1,20240611,B0,,182,True,False,False,,,,,,runs/experiment2/E2_F4_C1/seed20240611/B0
2,A,E2_F4_C1,20240611,B1,,110,False,False,False,,,,,,runs/experiment2/E2_F4_C1/seed20240611/B1
2,A,E2_F4_C1,20240611,B2,,110,False,False,False,,,,,,runs/experiment2/E2_F4_C1/seed20240611/B2
2,A,E2_F4_C1,20240611,B4b,,110,False,False,False,,,,,,runs/experiment2/E2_F4_C1/seed20240611/B4b
2,A,E2_F4_C1,20240612,B0,,182,True,False,False,,,,,,runs/experiment2/E2_F4_C1/seed20240612/B0
2,A,E2_F4_C1,20240612,B1,,110,False,False,False,,,,,,runs/experiment2/E2_F4_C1/seed20240612/B1
2,A,E2_F4_C1,20240612,B2,,110,False,False,False,,,,,,runs/experiment2/E2_F4_C1/seed20240612/B2
2,A,E2_F4_C1,20240612,B4b,,110,False,False,False,,,,,,runs/experiment2/E2_F4_C1/seed20240612/B4b
2,A,E2_F4_C1,20240613,B0,,182,True,False,False,,,,,,runs/experiment2/E2_F4_C1/seed20240613/B0
2,A,E2_F4_C1,20240613,B1,,110,False,False,False,,,,,,runs/experiment2/E2_F4_C1/seed20240613/B1
2,A,E2_F4_C1,20240613,B2,,110,False,False,False,,,,,,runs/experiment2/E2_F4_C1/seed20240613/B2
2,A,E2_F4_C1,20240613,B4b,,110,False,False,False,,,,,,runs/experiment2/E2_F4_C1/seed20240613/B4b
2,A,E2_F4_C1,20240614,B0,,182,True,False,False,,,,,,runs/experiment2/E2_F4_C1/seed20240614/B0
2,A,E2_F4_C1,20240614,B1,,110,False,False,False,,,,,,runs/experiment2/E2_F4_C1/seed20240614/B1
2,A,E2_F4_C1,20240614,B2,,110,False,False,False,,,,,,runs/experiment2/E2_F4_C1/seed20240614/B2
2,A,E2_F4_C1,20240614,B4b,,110,False,False,False,,,,,,runs/experiment2/E2_F4_C1/seed20240614/B4b
2,A,E2_F4_C1,20240615,B0,,182,True,False,False,,,,,,runs/experiment2/E2_F4_C1/seed20240615/B0
2,A,E2_F4_C1,20240615,B1,,110,False,False,False,,,,,,runs/experiment2/E2_F4_C1/seed20240615/B1
2,A,E2_F4_C1,20240615,B2,,110,False,False,False,,,,,,runs/experiment2/E2_F4_C1/seed20240615/B2
2,A,E2_F4_C1,20240615,B4b,,110,False,False,False,,,,,,runs/experiment2/E2_F4_C1/seed20240615/B4b
2,A,E2_F4_C1,20240616,B0,,182,True,False,False,,,,,,runs/experiment2/E2_F4_C1/seed20240616/B0
2,A,E2_F4_C1,20240616,B1,,110,False,False,False,,,,,,runs/experiment2/E2_F4_C1/seed20240616/B1
2,A,E2_F4_C1,20240616,B2,,110,False,False,False,,,,,,runs/experiment2/E2_F4_C1/seed20240616/B2
2,A,E2_F4_C1,20240616,B4b,,110,False,False,False,,,,,,runs/experiment2/E2_F4_C1/seed20240616/B4b
2,A,E2_F4_C1,20240617,B0,,182,True,False,False,,,,,,runs/experiment2/E2_F4_C1/seed20240617/B0
2,A,E2_F4_C1,20240617,B1,,110,False,False,False,,,,,,runs/experiment2/E2_F4_C1/seed20240617/B1
2,A,E2_F4_C1,20240617,B2,,110,False,False,False,,,,,,runs/experiment2/E2_F4_C1/seed20240617/B2
2,A,E2_F4_C1,20240617,B4b,,110,False,False,False,,,,,,runs/experiment2/E2_F4_C1/seed20240617/B4b
2,A,E2_F4_C1,20240618,B0,,182,True,False,False,,,,,,runs/experiment2/E2_F4_C1/seed20240618/B0
2,A,E2_F4_C1,20240618,B1,,110,False,False,False,,,,,,runs/experiment2/E2_F4_C1/seed20240618/B1
2,A,E2_F4_C1,20240618,B2,,110,False,False,False,,,,,,runs/experiment2/E2_F4_C1/seed20240618/B2
2,A,E2_F4_C1,20240618,B4b,,110,False,False,False,,,,,,runs/experiment2/E2_F4_C1/seed20240618/B4b
2,A,E2_F4_C1,20240619,B0,,182,True,False,False,,,,,,runs/experiment2/E2_F4_C1/seed20240619/B0
2,A,E2_F4_C1,20240619,B1,,110,False,False,False,,,,,,runs/experiment2/E2_F4_C1/seed20240619/B1
2,A,E2_F4_C1,20240619,B2,,110,False,False,False,,,,,,runs/experiment2/E2_F4_C1/seed20240619/B2
2,A,E2_F4_C1,20240619,B4b,,110,False,False,False,,,,,,runs/experiment2/E2_F4_C1/seed20240619/B4b
2,A,E2_F4_C1,20240620,B0,,182,True,False,False,,,,,,runs/experiment2/E2_F4_C1/seed20240620/B0
2,A,E2_F4_C1,20240620,B1,,110,False,False,False,,,,,,runs/experiment2/E2_F4_C1/seed20240620/B1
2,A,E2_F4_C1,20240620,B2,,110,False,False,False,,,,,,runs/experiment2/E2_F4_C1/seed20240620/B2
2,A,E2_F4_C1,20240620,B4b,,110,False,False,False,,,,,,runs/experiment2/E2_F4_C1/seed20240620/B4b
2,A,E2_F4_C3,20240601,B0,,182,True,False,False,,,,,,runs/experiment2/E2_F4_C3/seed20240601/B0
2,A,E2_F4_C3,20240601,B1,,242,True,True,True,,,,,,runs/experiment2/E2_F4_C3/seed20240601/B1
2,A,E2_F4_C3,20240601,B2,,242,True,True,True,,,,,,runs/experiment2/E2_F4_C3/seed20240601/B2
2,A,E2_F4_C3,20240601,B4b,,242,True,True,True,,,,,,runs/experiment2/E2_F4_C3/seed20240601/B4b
2,A,E2_F4_C3,20240602,B0,,182,True,False,False,,,,,,runs/experiment2/E2_F4_C3/seed20240602/B0
2,A,E2_F4_C3,20240602,B1,,242,True,True,True,,,,,,runs/experiment2/E2_F4_C3/seed20240602/B1
2,A,E2_F4_C3,20240602,B2,,242,True,True,True,,,,,,runs/experiment2/E2_F4_C3/seed20240602/B2
2,A,E2_F4_C3,20240602,B4b,,242,True,True,True,,,,,,runs/experiment2/E2_F4_C3/seed20240602/B4b
2,A,E2_F4_C3,20240603,B0,,182,True,False,False,,,,,,runs/experiment2/E2_F4_C3/seed20240603/B0
2,A,E2_F4_C3,20240603,B1,,242,True,True,True,,,,,,runs/experiment2/E2_F4_C3/seed20240603/B1
2,A,E2_F4_C3,20240603,B2,,242,True,True,True,,,,,,runs/experiment2/E2_F4_C3/seed20240603/B2
2,A,E2_F4_C3,20240603,B4b,,272,True,True,True,,,,,,runs/experiment2/E2_F4_C3/seed20240603/B4b
2,A,E2_F4_C3,20240604,B0,,182,True,False,False,,,,,,runs/experiment2/E2_F4_C3/seed20240604/B0
2,A,E2_F4_C3,20240604,B1,,242,True,True,True,,,,,,runs/experiment2/E2_F4_C3/seed20240604/B1
2,A,E2_F4_C3,20240604,B2,,242,True,True,True,,,,,,runs/experiment2/E2_F4_C3/seed20240604/B2
2,A,E2_F4_C3,20240604,B4b,,242,True,True,True,,,,,,runs/experiment2/E2_F4_C3/seed20240604/B4b
2,A,E2_F4_C3,20240605,B0,,182,True,False,False,,,,,,runs/experiment2/E2_F4_C3/seed20240605/B0
2,A,E2_F4_C3,20240605,B1,,242,True,True,True,,,,,,runs/experiment2/E2_F4_C3/seed20240605/B1
2,A,E2_F4_C3,20240605,B2,,242,True,True,True,,,,,,runs/experiment2/E2_F4_C3/seed20240605/B2
2,A,E2_F4_C3,20240605,B4b,,242,True,True,True,,,,,,runs/experiment2/E2_F4_C3/seed20240605/B4b
2,A,E2_F4_C3,20240606,B0,,182,True,False,False,,,,,,runs/experiment2/E2_F4_C3/seed20240606/B0
2,A,E2_F4_C3,20240606,B1,,242,True,True,True,,,,,,runs/experiment2/E2_F4_C3/seed20240606/B1
2,A,E2_F4_C3,20240606,B2,,242,True,True,True,,,,,,runs/experiment2/E2_F4_C3/seed20240606/B2
2,A,E2_F4_C3,20240606,B4b,,242,True,True,True,,,,,,runs/experiment2/E2_F4_C3/seed20240606/B4b
2,A,E2_F4_C3,20240607,B0,,182,True,False,False,,,,,,runs/experiment2/E2_F4_C3/seed20240607/B0
2,A,E2_F4_C3,20240607,B1,,242,True,True,True,,,,,,runs/experiment2/E2_F4_C3/seed20240607/B1
2,A,E2_F4_C3,20240607,B2,,242,True,True,True,,,,,,runs/experiment2/E2_F4_C3/seed20240607/B2
2,A,E2_F4_C3,20240607,B4b,,242,True,True,True,,,,,,runs/experiment2/E2_F4_C3/seed20240607/B4b
2,A,E2_F4_C3,20240608,B0,,182,True,False,False,,,,,,runs/experiment2/E2_F4_C3/seed20240608/B0
2,A,E2_F4_C3,20240608,B1,,242,True,True,True,,,,,,runs/experiment2/E2_F4_C3/seed20240608/B1
2,A,E2_F4_C3,20240608,B2,,242,True,True,True,,,,,,runs/experiment2/E2_F4_C3/seed20240608/B2
2,A,E2_F4_C3,20240608,B4b,,242,True,True,True,,,,,,runs/experiment2/E2_F4_C3/seed20240608/B4b
2,A,E2_F4_C3,20240609,B0,,182,True,False,False,,,,,,runs/experiment2/E2_F4_C3/seed20240609/B0
2,A,E2_F4_C3,20240609,B1,,242,True,True,True,,,,,,runs/experiment2/E2_F4_C3/seed20240609/B1
2,A,E2_F4_C3,20240609,B2,,242,True,True,True,,,,,,runs/experiment2/E2_F4_C3/seed20240609/B2
2,A,E2_F4_C3,20240609,B4b,,242,True,True,True,,,,,,runs/experiment2/E2_F4_C3/seed20240609/B4b
2,A,E2_F4_C3,20240610,B0,,182,True,False,False,,,,,,runs/experiment2/E2_F4_C3/seed20240610/B0
2,A,E2_F4_C3,20240610,B1,,242,True,True,True,,,,,,runs/experiment2/E2_F4_C3/seed20240610/B1
2,A,E2_F4_C3,20240610,B2,,242,True,True,True,,,,,,runs/experiment2/E2_F4_C3/seed20240610/B2
2,A,E2_F4_C3,20240610,B4b,,242,True,True,True,,,,,,runs/experiment2/E2_F4_C3/seed20240610/B4b
2,A,E2_F4_C3,20240611,B0,,182,True,False,False,,,,,,runs/experiment2/E2_F4_C3/seed20240611/B0
2,A,E2_F4_C3,20240611,B1,,242,True,True,True,,,,,,runs/experiment2/E2_F4_C3/seed20240611/B1
2,A,E2_F4_C3,20240611,B2,,242,True,True,True,,,,,,runs/experiment2/E2_F4_C3/seed20240611/B2
2,A,E2_F4_C3,20240611,B4b,,242,True,True,True,,,,,,runs/experiment2/E2_F4_C3/seed20240611/B4b
2,A,E2_F4_C3,20240612,B0,,182,True,False,False,,,,,,runs/experiment2/E2_F4_C3/seed20240612/B0
2,A,E2_F4_C3,20240612,B1,,242,True,True,True,,,,,,runs/experiment2/E2_F4_C3/seed20240612/B1
2,A,E2_F4_C3,20240612,B2,,242,True,True,True,,,,,,runs/experiment2/E2_F4_C3/seed20240612/B2
2,A,E2_F4_C3,20240612,B4b,,242,True,True,True,,,,,,runs/experiment2/E2_F4_C3/seed20240612/B4b
2,A,E2_F4_C3,20240613,B0,,182,True,False,False,,,,,,runs/experiment2/E2_F4_C3/seed20240613/B0
2,A,E2_F4_C3,20240613,B1,,242,True,True,True,,,,,,runs/experiment2/E2_F4_C3/seed20240613/B1
2,A,E2_F4_C3,20240613,B2,,242,True,True,True,,,,,,runs/experiment2/E2_F4_C3/seed20240613/B2
2,A,E2_F4_C3,20240613,B4b,,242,True,True,True,,,,,,runs/experiment2/E2_F4_C3/seed20240613/B4b
2,A,E2_F4_C3,20240614,B0,,182,True,False,False,,,,,,runs/experiment2/E2_F4_C3/seed20240614/B0
2,A,E2_F4_C3,20240614,B1,,242,True,True,True,,,,,,runs/experiment2/E2_F4_C3/seed20240614/B1
2,A,E2_F4_C3,20240614,B2,,242,True,True,True,,,,,,runs/experiment2/E2_F4_C3/seed20240614/B2
2,A,E2_F4_C3,20240614,B4b,,242,True,True,True,,,,,,runs/experiment2/E2_F4_C3/seed20240614/B4b
2,A,E2_F4_C3,20240615,B0,,182,True,False,False,,,,,,runs/experiment2/E2_F4_C3/seed20240615/B0
2,A,E2_F4_C3,20240615,B1,,242,True,True,True,,,,,,runs/experiment2/E2_F4_C3/seed20240615/B1
2,A,E2_F4_C3,20240615,B2,,242,True,True,True,,,,,,runs/experiment2/E2_F4_C3/seed20240615/B2
2,A,E2_F4_C3,20240615,B4b,,242,True,True,True,,,,,,runs/experiment2/E2_F4_C3/seed20240615/B4b
2,A,E2_F4_C3,20240616,B0,,182,True,False,False,,,,,,runs/experiment2/E2_F4_C3/seed20240616/B0
2,A,E2_F4_C3,20240616,B1,,242,True,True,True,,,,,,runs/experiment2/E2_F4_C3/seed20240616/B1
2,A,E2_F4_C3,20240616,B2,,242,True,True,True,,,,,,runs/experiment2/E2_F4_C3/seed20240616/B2
2,A,E2_F4_C3,20240616,B4b,,242,True,True,True,,,,,,runs/experiment2/E2_F4_C3/seed20240616/B4b
2,A,E2_F4_C3,20240617,B0,,182,True,False,False,,,,,,runs/experiment2/E2_F4_C3/seed20240617/B0
2,A,E2_F4_C3,20240617,B1,,242,True,True,True,,,,,,runs/experiment2/E2_F4_C3/seed20240617/B1
2,A,E2_F4_C3,20240617,B2,,242,True,True,True,,,,,,runs/experiment2/E2_F4_C3/seed20240617/B2
2,A,E2_F4_C3,20240617,B4b,,242,True,True,True,,,,,,runs/experiment2/E2_F4_C3/seed20240617/B4b
2,A,E2_F4_C3,20240618,B0,,182,True,False,False,,,,,,runs/experiment2/E2_F4_C3/seed20240618/B0
2,A,E2_F4_C3,20240618,B1,,242,True,True,True,,,,,,runs/experiment2/E2_F4_C3/seed20240618/B1
2,A,E2_F4_C3,20240618,B2,,242,True,True,True,,,,,,runs/experiment2/E2_F4_C3/seed20240618/B2
2,A,E2_F4_C3,20240618,B4b,,242,True,True,True,,,,,,runs/experiment2/E2_F4_C3/seed20240618/B4b
2,A,E2_F4_C3,20240619,B0,,182,True,False,False,,,,,,runs/experiment2/E2_F4_C3/seed20240619/B0
2,A,E2_F4_C3,20240619,B1,,242,True,True,True,,,,,,runs/experiment2/E2_F4_C3/seed20240619/B1
2,A,E2_F4_C3,20240619,B2,,242,True,True,True,,,,,,runs/experiment2/E2_F4_C3/seed20240619/B2
2,A,E2_F4_C3,20240619,B4b,,242,True,True,True,,,,,,runs/experiment2/E2_F4_C3/seed20240619/B4b
2,A,E2_F4_C3,20240620,B0,,182,True,False,False,,,,,,runs/experiment2/E2_F4_C3/seed20240620/B0
2,A,E2_F4_C3,20240620,B1,,242,True,True,True,,,,,,runs/experiment2/E2_F4_C3/seed20240620/B1
2,A,E2_F4_C3,20240620,B2,,242,True,True,True,,,,,,runs/experiment2/E2_F4_C3/seed20240620/B2
2,A,E2_F4_C3,20240620,B4b,,242,True,True,True,,,,,,runs/experiment2/E2_F4_C3/seed20240620/B4b
2,A,E2_F5_C1,20240601,B0,,182,True,False,False,,,,,,runs/experiment2/E2_F5_C1/seed20240601/B0
2,A,E2_F5_C1,20240601,B1,,110,False,False,False,,,,,,runs/experiment2/E2_F5_C1/seed20240601/B1
2,A,E2_F5_C1,20240601,B2,,110,False,False,False,,,,,,runs/experiment2/E2_F5_C1/seed20240601/B2
2,A,E2_F5_C1,20240601,B4b,,110,False,False,False,,,,,,runs/experiment2/E2_F5_C1/seed20240601/B4b
2,A,E2_F5_C1,20240602,B0,,182,True,False,False,,,,,,runs/experiment2/E2_F5_C1/seed20240602/B0
2,A,E2_F5_C1,20240602,B1,,110,False,False,False,,,,,,runs/experiment2/E2_F5_C1/seed20240602/B1
2,A,E2_F5_C1,20240602,B2,,110,False,False,False,,,,,,runs/experiment2/E2_F5_C1/seed20240602/B2
2,A,E2_F5_C1,20240602,B4b,,110,False,False,False,,,,,,runs/experiment2/E2_F5_C1/seed20240602/B4b
2,A,E2_F5_C1,20240603,B0,,182,True,False,False,,,,,,runs/experiment2/E2_F5_C1/seed20240603/B0
2,A,E2_F5_C1,20240603,B1,,110,False,False,False,,,,,,runs/experiment2/E2_F5_C1/seed20240603/B1
2,A,E2_F5_C1,20240603,B2,,110,False,False,False,,,,,,runs/experiment2/E2_F5_C1/seed20240603/B2
2,A,E2_F5_C1,20240603,B4b,,110,False,False,False,,,,,,runs/experiment2/E2_F5_C1/seed20240603/B4b
2,A,E2_F5_C1,20240604,B0,,182,True,False,False,,,,,,runs/experiment2/E2_F5_C1/seed20240604/B0
2,A,E2_F5_C1,20240604,B1,,110,False,False,False,,,,,,runs/experiment2/E2_F5_C1/seed20240604/B1
2,A,E2_F5_C1,20240604,B2,,110,False,False,False,,,,,,runs/experiment2/E2_F5_C1/seed20240604/B2
2,A,E2_F5_C1,20240604,B4b,,110,False,False,False,,,,,,runs/experiment2/E2_F5_C1/seed20240604/B4b
2,A,E2_F5_C1,20240605,B0,,182,True,False,False,,,,,,runs/experiment2/E2_F5_C1/seed20240605/B0
2,A,E2_F5_C1,20240605,B1,,110,False,False,False,,,,,,runs/experiment2/E2_F5_C1/seed20240605/B1
2,A,E2_F5_C1,20240605,B2,,110,False,False,False,,,,,,runs/experiment2/E2_F5_C1/seed20240605/B2
2,A,E2_F5_C1,20240605,B4b,,110,False,False,False,,,,,,runs/experiment2/E2_F5_C1/seed20240605/B4b
2,A,E2_F5_C1,20240606,B0,,182,True,False,False,,,,,,runs/experiment2/E2_F5_C1/seed20240606/B0
2,A,E2_F5_C1,20240606,B1,,110,False,False,False,,,,,,runs/experiment2/E2_F5_C1/seed20240606/B1
2,A,E2_F5_C1,20240606,B2,,110,False,False,False,,,,,,runs/experiment2/E2_F5_C1/seed20240606/B2
2,A,E2_F5_C1,20240606,B4b,,110,False,False,False,,,,,,runs/experiment2/E2_F5_C1/seed20240606/B4b
2,A,E2_F5_C1,20240607,B0,,182,True,False,False,,,,,,runs/experiment2/E2_F5_C1/seed20240607/B0
2,A,E2_F5_C1,20240607,B1,,110,False,False,False,,,,,,runs/experiment2/E2_F5_C1/seed20240607/B1
2,A,E2_F5_C1,20240607,B2,,110,False,False,False,,,,,,runs/experiment2/E2_F5_C1/seed20240607/B2
2,A,E2_F5_C1,20240607,B4b,,110,False,False,False,,,,,,runs/experiment2/E2_F5_C1/seed20240607/B4b
2,A,E2_F5_C1,20240608,B0,,182,True,False,False,,,,,,runs/experiment2/E2_F5_C1/seed20240608/B0
2,A,E2_F5_C1,20240608,B1,,110,False,False,False,,,,,,runs/experiment2/E2_F5_C1/seed20240608/B1
2,A,E2_F5_C1,20240608,B2,,110,False,False,False,,,,,,runs/experiment2/E2_F5_C1/seed20240608/B2
2,A,E2_F5_C1,20240608,B4b,,110,False,False,False,,,,,,runs/experiment2/E2_F5_C1/seed20240608/B4b
2,A,E2_F5_C1,20240609,B0,,182,True,False,False,,,,,,runs/experiment2/E2_F5_C1/seed20240609/B0
2,A,E2_F5_C1,20240609,B1,,110,False,False,False,,,,,,runs/experiment2/E2_F5_C1/seed20240609/B1
2,A,E2_F5_C1,20240609,B2,,110,False,False,False,,,,,,runs/experiment2/E2_F5_C1/seed20240609/B2
2,A,E2_F5_C1,20240609,B4b,,110,False,False,False,,,,,,runs/experiment2/E2_F5_C1/seed20240609/B4b
2,A,E2_F5_C1,20240610,B0,,182,True,False,False,,,,,,runs/experiment2/E2_F5_C1/seed20240610/B0
2,A,E2_F5_C1,20240610,B1,,110,False,False,False,,,,,,runs/experiment2/E2_F5_C1/seed20240610/B1
2,A,E2_F5_C1,20240610,B2,,110,False,False,False,,,,,,runs/experiment2/E2_F5_C1/seed20240610/B2
2,A,E2_F5_C1,20240610,B4b,,110,False,False,False,,,,,,runs/experiment2/E2_F5_C1/seed20240610/B4b
2,A,E2_F5_C1,20240611,B0,,182,True,False,False,,,,,,runs/experiment2/E2_F5_C1/seed20240611/B0
2,A,E2_F5_C1,20240611,B1,,110,False,False,False,,,,,,runs/experiment2/E2_F5_C1/seed20240611/B1
2,A,E2_F5_C1,20240611,B2,,110,False,False,False,,,,,,runs/experiment2/E2_F5_C1/seed20240611/B2
2,A,E2_F5_C1,20240611,B4b,,110,False,False,False,,,,,,runs/experiment2/E2_F5_C1/seed20240611/B4b
2,A,E2_F5_C1,20240612,B0,,182,True,False,False,,,,,,runs/experiment2/E2_F5_C1/seed20240612/B0
2,A,E2_F5_C1,20240612,B1,,110,False,False,False,,,,,,runs/experiment2/E2_F5_C1/seed20240612/B1
2,A,E2_F5_C1,20240612,B2,,110,False,False,False,,,,,,runs/experiment2/E2_F5_C1/seed20240612/B2
2,A,E2_F5_C1,20240612,B4b,,110,False,False,False,,,,,,runs/experiment2/E2_F5_C1/seed20240612/B4b
2,A,E2_F5_C1,20240613,B0,,182,True,False,False,,,,,,runs/experiment2/E2_F5_C1/seed20240613/B0
2,A,E2_F5_C1,20240613,B1,,110,False,False,False,,,,,,runs/experiment2/E2_F5_C1/seed20240613/B1
2,A,E2_F5_C1,20240613,B2,,110,False,False,False,,,,,,runs/experiment2/E2_F5_C1/seed20240613/B2
2,A,E2_F5_C1,20240613,B4b,,110,False,False,False,,,,,,runs/experiment2/E2_F5_C1/seed20240613/B4b
2,A,E2_F5_C1,20240614,B0,,182,True,False,False,,,,,,runs/experiment2/E2_F5_C1/seed20240614/B0
2,A,E2_F5_C1,20240614,B1,,110,False,False,False,,,,,,runs/experiment2/E2_F5_C1/seed20240614/B1
2,A,E2_F5_C1,20240614,B2,,110,False,False,False,,,,,,runs/experiment2/E2_F5_C1/seed20240614/B2
2,A,E2_F5_C1,20240614,B4b,,110,False,False,False,,,,,,runs/experiment2/E2_F5_C1/seed20240614/B4b
2,A,E2_F5_C1,20240615,B0,,182,True,False,False,,,,,,runs/experiment2/E2_F5_C1/seed20240615/B0
2,A,E2_F5_C1,20240615,B1,,110,False,False,False,,,,,,runs/experiment2/E2_F5_C1/seed20240615/B1
2,A,E2_F5_C1,20240615,B2,,110,False,False,False,,,,,,runs/experiment2/E2_F5_C1/seed20240615/B2
2,A,E2_F5_C1,20240615,B4b,,110,False,False,False,,,,,,runs/experiment2/E2_F5_C1/seed20240615/B4b
2,A,E2_F5_C1,20240616,B0,,182,True,False,False,,,,,,runs/experiment2/E2_F5_C1/seed20240616/B0
2,A,E2_F5_C1,20240616,B1,,110,False,False,False,,,,,,runs/experiment2/E2_F5_C1/seed20240616/B1
2,A,E2_F5_C1,20240616,B2,,110,False,False,False,,,,,,runs/experiment2/E2_F5_C1/seed20240616/B2
2,A,E2_F5_C1,20240616,B4b,,110,False,False,False,,,,,,runs/experiment2/E2_F5_C1/seed20240616/B4b
2,A,E2_F5_C1,20240617,B0,,182,True,False,False,,,,,,runs/experiment2/E2_F5_C1/seed20240617/B0
2,A,E2_F5_C1,20240617,B1,,110,False,False,False,,,,,,runs/experiment2/E2_F5_C1/seed20240617/B1
2,A,E2_F5_C1,20240617,B2,,110,False,False,False,,,,,,runs/experiment2/E2_F5_C1/seed20240617/B2
2,A,E2_F5_C1,20240617,B4b,,110,False,False,False,,,,,,runs/experiment2/E2_F5_C1/seed20240617/B4b
2,A,E2_F5_C1,20240618,B0,,182,True,False,False,,,,,,runs/experiment2/E2_F5_C1/seed20240618/B0
2,A,E2_F5_C1,20240618,B1,,110,False,False,False,,,,,,runs/experiment2/E2_F5_C1/seed20240618/B1
2,A,E2_F5_C1,20240618,B2,,110,False,False,False,,,,,,runs/experiment2/E2_F5_C1/seed20240618/B2
2,A,E2_F5_C1,20240618,B4b,,110,False,False,False,,,,,,runs/experiment2/E2_F5_C1/seed20240618/B4b
2,A,E2_F5_C1,20240619,B0,,182,True,False,False,,,,,,runs/experiment2/E2_F5_C1/seed20240619/B0
2,A,E2_F5_C1,20240619,B1,,110,False,False,False,,,,,,runs/experiment2/E2_F5_C1/seed20240619/B1
2,A,E2_F5_C1,20240619,B2,,110,False,False,False,,,,,,runs/experiment2/E2_F5_C1/seed20240619/B2
2,A,E2_F5_C1,20240619,B4b,,110,False,False,False,,,,,,runs/experiment2/E2_F5_C1/seed20240619/B4b
2,A,E2_F5_C1,20240620,B0,,182,True,False,False,,,,,,runs/experiment2/E2_F5_C1/seed20240620/B0
2,A,E2_F5_C1,20240620,B1,,110,False,False,False,,,,,,runs/experiment2/E2_F5_C1/seed20240620/B1
2,A,E2_F5_C1,20240620,B2,,110,False,False,False,,,,,,runs/experiment2/E2_F5_C1/seed20240620/B2
2,A,E2_F5_C1,20240620,B4b,,110,False,False,False,,,,,,runs/experiment2/E2_F5_C1/seed20240620/B4b
2,A,E2_F5_C2,20240601,B0,,182,True,False,False,,,,,,runs/experiment2/E2_F5_C2/seed20240601/B0
2,A,E2_F5_C2,20240601,B1,,120,False,True,True,,,,,,runs/experiment2/E2_F5_C2/seed20240601/B1
2,A,E2_F5_C2,20240601,B2,,120,False,True,True,,,,,,runs/experiment2/E2_F5_C2/seed20240601/B2
2,A,E2_F5_C2,20240601,B4b,,120,False,True,True,,,,,,runs/experiment2/E2_F5_C2/seed20240601/B4b
2,A,E2_F5_C2,20240602,B0,,182,True,False,False,,,,,,runs/experiment2/E2_F5_C2/seed20240602/B0
2,A,E2_F5_C2,20240602,B1,,120,False,True,True,,,,,,runs/experiment2/E2_F5_C2/seed20240602/B1
2,A,E2_F5_C2,20240602,B2,,120,False,True,True,,,,,,runs/experiment2/E2_F5_C2/seed20240602/B2
2,A,E2_F5_C2,20240602,B4b,,120,False,True,True,,,,,,runs/experiment2/E2_F5_C2/seed20240602/B4b
2,A,E2_F5_C2,20240603,B0,,182,True,False,False,,,,,,runs/experiment2/E2_F5_C2/seed20240603/B0
2,A,E2_F5_C2,20240603,B1,,120,False,True,True,,,,,,runs/experiment2/E2_F5_C2/seed20240603/B1
2,A,E2_F5_C2,20240603,B2,,120,False,True,True,,,,,,runs/experiment2/E2_F5_C2/seed20240603/B2
2,A,E2_F5_C2,20240603,B4b,,120,False,True,True,,,,,,runs/experiment2/E2_F5_C2/seed20240603/B4b
2,A,E2_F5_C2,20240604,B0,,182,True,False,False,,,,,,runs/experiment2/E2_F5_C2/seed20240604/B0
2,A,E2_F5_C2,20240604,B1,,120,False,True,True,,,,,,runs/experiment2/E2_F5_C2/seed20240604/B1
2,A,E2_F5_C2,20240604,B2,,120,False,True,True,,,,,,runs/experiment2/E2_F5_C2/seed20240604/B2
2,A,E2_F5_C2,20240604,B4b,,120,False,True,True,,,,,,runs/experiment2/E2_F5_C2/seed20240604/B4b
2,A,E2_F5_C2,20240605,B0,,182,True,False,False,,,,,,runs/experiment2/E2_F5_C2/seed20240605/B0
2,A,E2_F5_C2,20240605,B1,,120,False,True,True,,,,,,runs/experiment2/E2_F5_C2/seed20240605/B1
2,A,E2_F5_C2,20240605,B2,,120,False,True,True,,,,,,runs/experiment2/E2_F5_C2/seed20240605/B2
2,A,E2_F5_C2,20240605,B4b,,120,False,True,True,,,,,,runs/experiment2/E2_F5_C2/seed20240605/B4b
2,A,E2_F5_C2,20240606,B0,,182,True,False,False,,,,,,runs/experiment2/E2_F5_C2/seed20240606/B0
2,A,E2_F5_C2,20240606,B1,,120,False,True,True,,,,,,runs/experiment2/E2_F5_C2/seed20240606/B1
2,A,E2_F5_C2,20240606,B2,,120,False,True,True,,,,,,runs/experiment2/E2_F5_C2/seed20240606/B2
2,A,E2_F5_C2,20240606,B4b,,120,False,True,True,,,,,,runs/experiment2/E2_F5_C2/seed20240606/B4b
2,A,E2_F5_C2,20240607,B0,,182,True,False,False,,,,,,runs/experiment2/E2_F5_C2/seed20240607/B0
2,A,E2_F5_C2,20240607,B1,,120,False,True,True,,,,,,runs/experiment2/E2_F5_C2/seed20240607/B1
2,A,E2_F5_C2,20240607,B2,,120,False,True,True,,,,,,runs/experiment2/E2_F5_C2/seed20240607/B2
2,A,E2_F5_C2,20240607,B4b,,120,False,True,True,,,,,,runs/experiment2/E2_F5_C2/seed20240607/B4b
2,A,E2_F5_C2,20240608,B0,,182,True,False,False,,,,,,runs/experiment2/E2_F5_C2/seed20240608/B0
2,A,E2_F5_C2,20240608,B1,,120,False,True,True,,,,,,runs/experiment2/E2_F5_C2/seed20240608/B1
2,A,E2_F5_C2,20240608,B2,,120,False,True,True,,,,,,runs/experiment2/E2_F5_C2/seed20240608/B2
2,A,E2_F5_C2,20240608,B4b,,120,False,True,True,,,,,,runs/experiment2/E2_F5_C2/seed20240608/B4b
2,A,E2_F5_C2,20240609,B0,,182,True,False,False,,,,,,runs/experiment2/E2_F5_C2/seed20240609/B0
2,A,E2_F5_C2,20240609,B1,,120,False,True,True,,,,,,runs/experiment2/E2_F5_C2/seed20240609/B1
2,A,E2_F5_C2,20240609,B2,,120,False,True,True,,,,,,runs/experiment2/E2_F5_C2/seed20240609/B2
2,A,E2_F5_C2,20240609,B4b,,120,False,True,True,,,,,,runs/experiment2/E2_F5_C2/seed20240609/B4b
2,A,E2_F5_C2,20240610,B0,,182,True,False,False,,,,,,runs/experiment2/E2_F5_C2/seed20240610/B0
2,A,E2_F5_C2,20240610,B1,,120,False,True,True,,,,,,runs/experiment2/E2_F5_C2/seed20240610/B1
2,A,E2_F5_C2,20240610,B2,,120,False,True,True,,,,,,runs/experiment2/E2_F5_C2/seed20240610/B2
2,A,E2_F5_C2,20240610,B4b,,120,False,True,True,,,,,,runs/experiment2/E2_F5_C2/seed20240610/B4b
2,A,E2_F5_C2,20240611,B0,,182,True,False,False,,,,,,runs/experiment2/E2_F5_C2/seed20240611/B0
2,A,E2_F5_C2,20240611,B1,,120,False,True,True,,,,,,runs/experiment2/E2_F5_C2/seed20240611/B1
2,A,E2_F5_C2,20240611,B2,,120,False,True,True,,,,,,runs/experiment2/E2_F5_C2/seed20240611/B2
2,A,E2_F5_C2,20240611,B4b,,120,False,True,True,,,,,,runs/experiment2/E2_F5_C2/seed20240611/B4b
2,A,E2_F5_C2,20240612,B0,,182,True,False,False,,,,,,runs/experiment2/E2_F5_C2/seed20240612/B0
2,A,E2_F5_C2,20240612,B1,,120,False,True,True,,,,,,runs/experiment2/E2_F5_C2/seed20240612/B1
2,A,E2_F5_C2,20240612,B2,,120,False,True,True,,,,,,runs/experiment2/E2_F5_C2/seed20240612/B2
2,A,E2_F5_C2,20240612,B4b,,120,False,True,True,,,,,,runs/experiment2/E2_F5_C2/seed20240612/B4b
2,A,E2_F5_C2,20240613,B0,,182,True,False,False,,,,,,runs/experiment2/E2_F5_C2/seed20240613/B0
2,A,E2_F5_C2,20240613,B1,,120,False,True,True,,,,,,runs/experiment2/E2_F5_C2/seed20240613/B1
2,A,E2_F5_C2,20240613,B2,,120,False,True,True,,,,,,runs/experiment2/E2_F5_C2/seed20240613/B2
2,A,E2_F5_C2,20240613,B4b,,120,False,True,True,,,,,,runs/experiment2/E2_F5_C2/seed20240613/B4b
2,A,E2_F5_C2,20240614,B0,,182,True,False,False,,,,,,runs/experiment2/E2_F5_C2/seed20240614/B0
2,A,E2_F5_C2,20240614,B1,,120,False,True,True,,,,,,runs/experiment2/E2_F5_C2/seed20240614/B1
2,A,E2_F5_C2,20240614,B2,,120,False,True,True,,,,,,runs/experiment2/E2_F5_C2/seed20240614/B2
2,A,E2_F5_C2,20240614,B4b,,120,False,True,True,,,,,,runs/experiment2/E2_F5_C2/seed20240614/B4b
2,A,E2_F5_C2,20240615,B0,,182,True,False,False,,,,,,runs/experiment2/E2_F5_C2/seed20240615/B0
2,A,E2_F5_C2,20240615,B1,,120,False,True,True,,,,,,runs/experiment2/E2_F5_C2/seed20240615/B1
2,A,E2_F5_C2,20240615,B2,,120,False,True,True,,,,,,runs/experiment2/E2_F5_C2/seed20240615/B2
2,A,E2_F5_C2,20240615,B4b,,120,False,True,True,,,,,,runs/experiment2/E2_F5_C2/seed20240615/B4b
2,A,E2_F5_C2,20240616,B0,,182,True,False,False,,,,,,runs/experiment2/E2_F5_C2/seed20240616/B0
2,A,E2_F5_C2,20240616,B1,,120,False,True,True,,,,,,runs/experiment2/E2_F5_C2/seed20240616/B1
2,A,E2_F5_C2,20240616,B2,,120,False,True,True,,,,,,runs/experiment2/E2_F5_C2/seed20240616/B2
2,A,E2_F5_C2,20240616,B4b,,120,False,True,True,,,,,,runs/experiment2/E2_F5_C2/seed20240616/B4b
2,A,E2_F5_C2,20240617,B0,,182,True,False,False,,,,,,runs/experiment2/E2_F5_C2/seed20240617/B0
2,A,E2_F5_C2,20240617,B1,,120,False,True,True,,,,,,runs/experiment2/E2_F5_C2/seed20240617/B1
2,A,E2_F5_C2,20240617,B2,,120,False,True,True,,,,,,runs/experiment2/E2_F5_C2/seed20240617/B2
2,A,E2_F5_C2,20240617,B4b,,120,False,True,True,,,,,,runs/experiment2/E2_F5_C2/seed20240617/B4b
2,A,E2_F5_C2,20240618,B0,,182,True,False,False,,,,,,runs/experiment2/E2_F5_C2/seed20240618/B0
2,A,E2_F5_C2,20240618,B1,,120,False,True,True,,,,,,runs/experiment2/E2_F5_C2/seed20240618/B1
2,A,E2_F5_C2,20240618,B2,,120,False,True,True,,,,,,runs/experiment2/E2_F5_C2/seed20240618/B2
2,A,E2_F5_C2,20240618,B4b,,120,False,True,True,,,,,,runs/experiment2/E2_F5_C2/seed20240618/B4b
2,A,E2_F5_C2,20240619,B0,,182,True,False,False,,,,,,runs/experiment2/E2_F5_C2/seed20240619/B0
2,A,E2_F5_C2,20240619,B1,,120,False,True,True,,,,,,runs/experiment2/E2_F5_C2/seed20240619/B1
2,A,E2_F5_C2,20240619,B2,,120,False,True,True,,,,,,runs/experiment2/E2_F5_C2/seed20240619/B2
2,A,E2_F5_C2,20240619,B4b,,120,False,True,True,,,,,,runs/experiment2/E2_F5_C2/seed20240619/B4b
2,A,E2_F5_C2,20240620,B0,,182,True,False,False,,,,,,runs/experiment2/E2_F5_C2/seed20240620/B0
2,A,E2_F5_C2,20240620,B1,,120,False,True,True,,,,,,runs/experiment2/E2_F5_C2/seed20240620/B1
2,A,E2_F5_C2,20240620,B2,,120,False,True,True,,,,,,runs/experiment2/E2_F5_C2/seed20240620/B2
2,A,E2_F5_C2,20240620,B4b,,120,False,True,True,,,,,,runs/experiment2/E2_F5_C2/seed20240620/B4b
2,A,E2_F5_C3,20240601,B0,,182,True,False,False,,,,,,runs/experiment2/E2_F5_C3/seed20240601/B0
2,A,E2_F5_C3,20240601,B1,,242,True,True,True,,,,,,runs/experiment2/E2_F5_C3/seed20240601/B1
2,A,E2_F5_C3,20240601,B2,,242,True,True,True,,,,,,runs/experiment2/E2_F5_C3/seed20240601/B2
2,A,E2_F5_C3,20240601,B4b,,242,True,True,True,,,,,,runs/experiment2/E2_F5_C3/seed20240601/B4b
2,A,E2_F5_C3,20240602,B0,,182,True,False,False,,,,,,runs/experiment2/E2_F5_C3/seed20240602/B0
2,A,E2_F5_C3,20240602,B1,,242,True,True,True,,,,,,runs/experiment2/E2_F5_C3/seed20240602/B1
2,A,E2_F5_C3,20240602,B2,,242,True,True,True,,,,,,runs/experiment2/E2_F5_C3/seed20240602/B2
2,A,E2_F5_C3,20240602,B4b,,242,True,True,True,,,,,,runs/experiment2/E2_F5_C3/seed20240602/B4b
2,A,E2_F5_C3,20240603,B0,,182,True,False,False,,,,,,runs/experiment2/E2_F5_C3/seed20240603/B0
2,A,E2_F5_C3,20240603,B1,,242,True,True,True,,,,,,runs/experiment2/E2_F5_C3/seed20240603/B1
2,A,E2_F5_C3,20240603,B2,,242,True,True,True,,,,,,runs/experiment2/E2_F5_C3/seed20240603/B2
2,A,E2_F5_C3,20240603,B4b,,242,True,True,True,,,,,,runs/experiment2/E2_F5_C3/seed20240603/B4b
2,A,E2_F5_C3,20240604,B0,,182,True,False,False,,,,,,runs/experiment2/E2_F5_C3/seed20240604/B0
2,A,E2_F5_C3,20240604,B1,,242,True,True,True,,,,,,runs/experiment2/E2_F5_C3/seed20240604/B1
2,A,E2_F5_C3,20240604,B2,,242,True,True,True,,,,,,runs/experiment2/E2_F5_C3/seed20240604/B2
2,A,E2_F5_C3,20240604,B4b,,242,True,True,True,,,,,,runs/experiment2/E2_F5_C3/seed20240604/B4b
2,A,E2_F5_C3,20240605,B0,,182,True,False,False,,,,,,runs/experiment2/E2_F5_C3/seed20240605/B0
2,A,E2_F5_C3,20240605,B1,,242,True,True,True,,,,,,runs/experiment2/E2_F5_C3/seed20240605/B1
2,A,E2_F5_C3,20240605,B2,,242,True,True,True,,,,,,runs/experiment2/E2_F5_C3/seed20240605/B2
2,A,E2_F5_C3,20240605,B4b,,242,True,True,True,,,,,,runs/experiment2/E2_F5_C3/seed20240605/B4b
2,A,E2_F5_C3,20240606,B0,,182,True,False,False,,,,,,runs/experiment2/E2_F5_C3/seed20240606/B0
2,A,E2_F5_C3,20240606,B1,,242,True,True,True,,,,,,runs/experiment2/E2_F5_C3/seed20240606/B1
2,A,E2_F5_C3,20240606,B2,,242,True,True,True,,,,,,runs/experiment2/E2_F5_C3/seed20240606/B2
2,A,E2_F5_C3,20240606,B4b,,242,True,True,True,,,,,,runs/experiment2/E2_F5_C3/seed20240606/B4b
2,A,E2_F5_C3,20240607,B0,,182,True,False,False,,,,,,runs/experiment2/E2_F5_C3/seed20240607/B0
2,A,E2_F5_C3,20240607,B1,,242,True,True,True,,,,,,runs/experiment2/E2_F5_C3/seed20240607/B1
2,A,E2_F5_C3,20240607,B2,,242,True,True,True,,,,,,runs/experiment2/E2_F5_C3/seed20240607/B2
2,A,E2_F5_C3,20240607,B4b,,242,True,True,True,,,,,,runs/experiment2/E2_F5_C3/seed20240607/B4b
2,A,E2_F5_C3,20240608,B0,,182,True,False,False,,,,,,runs/experiment2/E2_F5_C3/seed20240608/B0
2,A,E2_F5_C3,20240608,B1,,242,True,True,True,,,,,,runs/experiment2/E2_F5_C3/seed20240608/B1
2,A,E2_F5_C3,20240608,B2,,242,True,True,True,,,,,,runs/experiment2/E2_F5_C3/seed20240608/B2
2,A,E2_F5_C3,20240608,B4b,,242,True,True,True,,,,,,runs/experiment2/E2_F5_C3/seed20240608/B4b
2,A,E2_F5_C3,20240609,B0,,182,True,False,False,,,,,,runs/experiment2/E2_F5_C3/seed20240609/B0
2,A,E2_F5_C3,20240609,B1,,242,True,True,True,,,,,,runs/experiment2/E2_F5_C3/seed20240609/B1
2,A,E2_F5_C3,20240609,B2,,242,True,True,True,,,,,,runs/experiment2/E2_F5_C3/seed20240609/B2
2,A,E2_F5_C3,20240609,B4b,,242,True,True,True,,,,,,runs/experiment2/E2_F5_C3/seed20240609/B4b
2,A,E2_F5_C3,20240610,B0,,182,True,False,False,,,,,,runs/experiment2/E2_F5_C3/seed20240610/B0
2,A,E2_F5_C3,20240610,B1,,242,True,True,True,,,,,,runs/experiment2/E2_F5_C3/seed20240610/B1
2,A,E2_F5_C3,20240610,B2,,242,True,True,True,,,,,,runs/experiment2/E2_F5_C3/seed20240610/B2
2,A,E2_F5_C3,20240610,B4b,,242,True,True,True,,,,,,runs/experiment2/E2_F5_C3/seed20240610/B4b
2,A,E2_F5_C3,20240611,B0,,182,True,False,False,,,,,,runs/experiment2/E2_F5_C3/seed20240611/B0
2,A,E2_F5_C3,20240611,B1,,242,True,True,True,,,,,,runs/experiment2/E2_F5_C3/seed20240611/B1
2,A,E2_F5_C3,20240611,B2,,242,True,True,True,,,,,,runs/experiment2/E2_F5_C3/seed20240611/B2
2,A,E2_F5_C3,20240611,B4b,,242,True,True,True,,,,,,runs/experiment2/E2_F5_C3/seed20240611/B4b
2,A,E2_F5_C3,20240612,B0,,182,True,False,False,,,,,,runs/experiment2/E2_F5_C3/seed20240612/B0
2,A,E2_F5_C3,20240612,B1,,242,True,True,True,,,,,,runs/experiment2/E2_F5_C3/seed20240612/B1
2,A,E2_F5_C3,20240612,B2,,242,True,True,True,,,,,,runs/experiment2/E2_F5_C3/seed20240612/B2
2,A,E2_F5_C3,20240612,B4b,,242,True,True,True,,,,,,runs/experiment2/E2_F5_C3/seed20240612/B4b
2,A,E2_F5_C3,20240613,B0,,182,True,False,False,,,,,,runs/experiment2/E2_F5_C3/seed20240613/B0
2,A,E2_F5_C3,20240613,B1,,242,True,True,True,,,,,,runs/experiment2/E2_F5_C3/seed20240613/B1
2,A,E2_F5_C3,20240613,B2,,242,True,True,True,,,,,,runs/experiment2/E2_F5_C3/seed20240613/B2
2,A,E2_F5_C3,20240613,B4b,,242,True,True,True,,,,,,runs/experiment2/E2_F5_C3/seed20240613/B4b
2,A,E2_F5_C3,20240614,B0,,182,True,False,False,,,,,,runs/experiment2/E2_F5_C3/seed20240614/B0
2,A,E2_F5_C3,20240614,B1,,242,True,True,True,,,,,,runs/experiment2/E2_F5_C3/seed20240614/B1
2,A,E2_F5_C3,20240614,B2,,242,True,True,True,,,,,,runs/experiment2/E2_F5_C3/seed20240614/B2
2,A,E2_F5_C3,20240614,B4b,,242,True,True,True,,,,,,runs/experiment2/E2_F5_C3/seed20240614/B4b
2,A,E2_F5_C3,20240615,B0,,182,True,False,False,,,,,,runs/experiment2/E2_F5_C3/seed20240615/B0
2,A,E2_F5_C3,20240615,B1,,242,True,True,True,,,,,,runs/experiment2/E2_F5_C3/seed20240615/B1
2,A,E2_F5_C3,20240615,B2,,242,True,True,True,,,,,,runs/experiment2/E2_F5_C3/seed20240615/B2
2,A,E2_F5_C3,20240615,B4b,,242,True,True,True,,,,,,runs/experiment2/E2_F5_C3/seed20240615/B4b
2,A,E2_F5_C3,20240616,B0,,182,True,False,False,,,,,,runs/experiment2/E2_F5_C3/seed20240616/B0
2,A,E2_F5_C3,20240616,B1,,242,True,True,True,,,,,,runs/experiment2/E2_F5_C3/seed20240616/B1
2,A,E2_F5_C3,20240616,B2,,242,True,True,True,,,,,,runs/experiment2/E2_F5_C3/seed20240616/B2
2,A,E2_F5_C3,20240616,B4b,,242,True,True,True,,,,,,runs/experiment2/E2_F5_C3/seed20240616/B4b
2,A,E2_F5_C3,20240617,B0,,182,True,False,False,,,,,,runs/experiment2/E2_F5_C3/seed20240617/B0
2,A,E2_F5_C3,20240617,B1,,242,True,True,True,,,,,,runs/experiment2/E2_F5_C3/seed20240617/B1
2,A,E2_F5_C3,20240617,B2,,242,True,True,True,,,,,,runs/experiment2/E2_F5_C3/seed20240617/B2
2,A,E2_F5_C3,20240617,B4b,,242,True,True,True,,,,,,runs/experiment2/E2_F5_C3/seed20240617/B4b
2,A,E2_F5_C3,20240618,B0,,182,True,False,False,,,,,,runs/experiment2/E2_F5_C3/seed20240618/B0
2,A,E2_F5_C3,20240618,B1,,242,True,True,True,,,,,,runs/experiment2/E2_F5_C3/seed20240618/B1
2,A,E2_F5_C3,20240618,B2,,242,True,True,True,,,,,,runs/experiment2/E2_F5_C3/seed20240618/B2
2,A,E2_F5_C3,20240618,B4b,,242,True,True,True,,,,,,runs/experiment2/E2_F5_C3/seed20240618/B4b
2,A,E2_F5_C3,20240619,B0,,182,True,False,False,,,,,,runs/experiment2/E2_F5_C3/seed20240619/B0
2,A,E2_F5_C3,20240619,B1,,242,True,True,True,,,,,,runs/experiment2/E2_F5_C3/seed20240619/B1
2,A,E2_F5_C3,20240619,B2,,242,True,True,True,,,,,,runs/experiment2/E2_F5_C3/seed20240619/B2
2,A,E2_F5_C3,20240619,B4b,,242,True,True,True,,,,,,runs/experiment2/E2_F5_C3/seed20240619/B4b
2,A,E2_F5_C3,20240620,B0,,182,True,False,False,,,,,,runs/experiment2/E2_F5_C3/seed20240620/B0
2,A,E2_F5_C3,20240620,B1,,242,True,True,True,,,,,,runs/experiment2/E2_F5_C3/seed20240620/B1
2,A,E2_F5_C3,20240620,B2,,242,True,True,True,,,,,,runs/experiment2/E2_F5_C3/seed20240620/B2
2,A,E2_F5_C3,20240620,B4b,,242,True,True,True,,,,,,runs/experiment2/E2_F5_C3/seed20240620/B4b
2,A,E2_F6_C1,20240601,B0,,182,True,False,False,,,,,,runs/experiment2/E2_F6_C1/seed20240601/B0
2,A,E2_F6_C1,20240601,B1,,110,False,False,False,,,,,,runs/experiment2/E2_F6_C1/seed20240601/B1
2,A,E2_F6_C1,20240601,B2,,110,False,False,False,,,,,,runs/experiment2/E2_F6_C1/seed20240601/B2
2,A,E2_F6_C1,20240601,B4b,,110,False,False,False,,,,,,runs/experiment2/E2_F6_C1/seed20240601/B4b
2,A,E2_F6_C1,20240602,B0,,182,True,False,False,,,,,,runs/experiment2/E2_F6_C1/seed20240602/B0
2,A,E2_F6_C1,20240602,B1,,110,False,False,False,,,,,,runs/experiment2/E2_F6_C1/seed20240602/B1
2,A,E2_F6_C1,20240602,B2,,110,False,False,False,,,,,,runs/experiment2/E2_F6_C1/seed20240602/B2
2,A,E2_F6_C1,20240602,B4b,,110,False,False,False,,,,,,runs/experiment2/E2_F6_C1/seed20240602/B4b
2,A,E2_F6_C1,20240603,B0,,182,True,False,False,,,,,,runs/experiment2/E2_F6_C1/seed20240603/B0
2,A,E2_F6_C1,20240603,B1,,110,False,False,False,,,,,,runs/experiment2/E2_F6_C1/seed20240603/B1
2,A,E2_F6_C1,20240603,B2,,110,False,False,False,,,,,,runs/experiment2/E2_F6_C1/seed20240603/B2
2,A,E2_F6_C1,20240603,B4b,,110,False,False,False,,,,,,runs/experiment2/E2_F6_C1/seed20240603/B4b
2,A,E2_F6_C1,20240604,B0,,182,True,False,False,,,,,,runs/experiment2/E2_F6_C1/seed20240604/B0
2,A,E2_F6_C1,20240604,B1,,110,False,False,False,,,,,,runs/experiment2/E2_F6_C1/seed20240604/B1
2,A,E2_F6_C1,20240604,B2,,110,False,False,False,,,,,,runs/experiment2/E2_F6_C1/seed20240604/B2
2,A,E2_F6_C1,20240604,B4b,,110,False,False,False,,,,,,runs/experiment2/E2_F6_C1/seed20240604/B4b
2,A,E2_F6_C1,20240605,B0,,182,True,False,False,,,,,,runs/experiment2/E2_F6_C1/seed20240605/B0
2,A,E2_F6_C1,20240605,B1,,110,False,False,False,,,,,,runs/experiment2/E2_F6_C1/seed20240605/B1
2,A,E2_F6_C1,20240605,B2,,110,False,False,False,,,,,,runs/experiment2/E2_F6_C1/seed20240605/B2
2,A,E2_F6_C1,20240605,B4b,,110,False,False,False,,,,,,runs/experiment2/E2_F6_C1/seed20240605/B4b
2,A,E2_F6_C1,20240606,B0,,182,True,False,False,,,,,,runs/experiment2/E2_F6_C1/seed20240606/B0
2,A,E2_F6_C1,20240606,B1,,110,False,False,False,,,,,,runs/experiment2/E2_F6_C1/seed20240606/B1
2,A,E2_F6_C1,20240606,B2,,110,False,False,False,,,,,,runs/experiment2/E2_F6_C1/seed20240606/B2
2,A,E2_F6_C1,20240606,B4b,,110,False,False,False,,,,,,runs/experiment2/E2_F6_C1/seed20240606/B4b
2,A,E2_F6_C1,20240607,B0,,182,True,False,False,,,,,,runs/experiment2/E2_F6_C1/seed20240607/B0
2,A,E2_F6_C1,20240607,B1,,110,False,False,False,,,,,,runs/experiment2/E2_F6_C1/seed20240607/B1
2,A,E2_F6_C1,20240607,B2,,110,False,False,False,,,,,,runs/experiment2/E2_F6_C1/seed20240607/B2
2,A,E2_F6_C1,20240607,B4b,,110,False,False,False,,,,,,runs/experiment2/E2_F6_C1/seed20240607/B4b
2,A,E2_F6_C1,20240608,B0,,182,True,False,False,,,,,,runs/experiment2/E2_F6_C1/seed20240608/B0
2,A,E2_F6_C1,20240608,B1,,110,False,False,False,,,,,,runs/experiment2/E2_F6_C1/seed20240608/B1
2,A,E2_F6_C1,20240608,B2,,110,False,False,False,,,,,,runs/experiment2/E2_F6_C1/seed20240608/B2
2,A,E2_F6_C1,20240608,B4b,,110,False,False,False,,,,,,runs/experiment2/E2_F6_C1/seed20240608/B4b
2,A,E2_F6_C1,20240609,B0,,182,True,False,False,,,,,,runs/experiment2/E2_F6_C1/seed20240609/B0
2,A,E2_F6_C1,20240609,B1,,110,False,False,False,,,,,,runs/experiment2/E2_F6_C1/seed20240609/B1
2,A,E2_F6_C1,20240609,B2,,110,False,False,False,,,,,,runs/experiment2/E2_F6_C1/seed20240609/B2
2,A,E2_F6_C1,20240609,B4b,,140,False,False,False,,,,,,runs/experiment2/E2_F6_C1/seed20240609/B4b
2,A,E2_F6_C1,20240610,B0,,182,True,False,False,,,,,,runs/experiment2/E2_F6_C1/seed20240610/B0
2,A,E2_F6_C1,20240610,B1,,110,False,False,False,,,,,,runs/experiment2/E2_F6_C1/seed20240610/B1
2,A,E2_F6_C1,20240610,B2,,110,False,False,False,,,,,,runs/experiment2/E2_F6_C1/seed20240610/B2
2,A,E2_F6_C1,20240610,B4b,,110,False,False,False,,,,,,runs/experiment2/E2_F6_C1/seed20240610/B4b
2,A,E2_F6_C1,20240611,B0,,182,True,False,False,,,,,,runs/experiment2/E2_F6_C1/seed20240611/B0
2,A,E2_F6_C1,20240611,B1,,110,False,False,False,,,,,,runs/experiment2/E2_F6_C1/seed20240611/B1
2,A,E2_F6_C1,20240611,B2,,110,False,False,False,,,,,,runs/experiment2/E2_F6_C1/seed20240611/B2
2,A,E2_F6_C1,20240611,B4b,,110,False,False,False,,,,,,runs/experiment2/E2_F6_C1/seed20240611/B4b
2,A,E2_F6_C1,20240612,B0,,182,True,False,False,,,,,,runs/experiment2/E2_F6_C1/seed20240612/B0
2,A,E2_F6_C1,20240612,B1,,110,False,False,False,,,,,,runs/experiment2/E2_F6_C1/seed20240612/B1
2,A,E2_F6_C1,20240612,B2,,110,False,False,False,,,,,,runs/experiment2/E2_F6_C1/seed20240612/B2
2,A,E2_F6_C1,20240612,B4b,,110,False,False,False,,,,,,runs/experiment2/E2_F6_C1/seed20240612/B4b
2,A,E2_F6_C1,20240613,B0,,182,True,False,False,,,,,,runs/experiment2/E2_F6_C1/seed20240613/B0
2,A,E2_F6_C1,20240613,B1,,110,False,False,False,,,,,,runs/experiment2/E2_F6_C1/seed20240613/B1
2,A,E2_F6_C1,20240613,B2,,110,False,False,False,,,,,,runs/experiment2/E2_F6_C1/seed20240613/B2
2,A,E2_F6_C1,20240613,B4b,,110,False,False,False,,,,,,runs/experiment2/E2_F6_C1/seed20240613/B4b
2,A,E2_F6_C1,20240614,B0,,182,True,False,False,,,,,,runs/experiment2/E2_F6_C1/seed20240614/B0
2,A,E2_F6_C1,20240614,B1,,110,False,False,False,,,,,,runs/experiment2/E2_F6_C1/seed20240614/B1
2,A,E2_F6_C1,20240614,B2,,110,False,False,False,,,,,,runs/experiment2/E2_F6_C1/seed20240614/B2
2,A,E2_F6_C1,20240614,B4b,,110,False,False,False,,,,,,runs/experiment2/E2_F6_C1/seed20240614/B4b
2,A,E2_F6_C1,20240615,B0,,182,True,False,False,,,,,,runs/experiment2/E2_F6_C1/seed20240615/B0
2,A,E2_F6_C1,20240615,B1,,110,False,False,False,,,,,,runs/experiment2/E2_F6_C1/seed20240615/B1
2,A,E2_F6_C1,20240615,B2,,110,False,False,False,,,,,,runs/experiment2/E2_F6_C1/seed20240615/B2
2,A,E2_F6_C1,20240615,B4b,,110,False,False,False,,,,,,runs/experiment2/E2_F6_C1/seed20240615/B4b
2,A,E2_F6_C1,20240616,B0,,182,True,False,False,,,,,,runs/experiment2/E2_F6_C1/seed20240616/B0
2,A,E2_F6_C1,20240616,B1,,110,False,False,False,,,,,,runs/experiment2/E2_F6_C1/seed20240616/B1
2,A,E2_F6_C1,20240616,B2,,110,False,False,False,,,,,,runs/experiment2/E2_F6_C1/seed20240616/B2
2,A,E2_F6_C1,20240616,B4b,,110,False,False,False,,,,,,runs/experiment2/E2_F6_C1/seed20240616/B4b
2,A,E2_F6_C1,20240617,B0,,182,True,False,False,,,,,,runs/experiment2/E2_F6_C1/seed20240617/B0
2,A,E2_F6_C1,20240617,B1,,110,False,False,False,,,,,,runs/experiment2/E2_F6_C1/seed20240617/B1
2,A,E2_F6_C1,20240617,B2,,110,False,False,False,,,,,,runs/experiment2/E2_F6_C1/seed20240617/B2
2,A,E2_F6_C1,20240617,B4b,,110,False,False,False,,,,,,runs/experiment2/E2_F6_C1/seed20240617/B4b
2,A,E2_F6_C1,20240618,B0,,182,True,False,False,,,,,,runs/experiment2/E2_F6_C1/seed20240618/B0
2,A,E2_F6_C1,20240618,B1,,110,False,False,False,,,,,,runs/experiment2/E2_F6_C1/seed20240618/B1
2,A,E2_F6_C1,20240618,B2,,110,False,False,False,,,,,,runs/experiment2/E2_F6_C1/seed20240618/B2
2,A,E2_F6_C1,20240618,B4b,,110,False,False,False,,,,,,runs/experiment2/E2_F6_C1/seed20240618/B4b
2,A,E2_F6_C1,20240619,B0,,182,True,False,False,,,,,,runs/experiment2/E2_F6_C1/seed20240619/B0
2,A,E2_F6_C1,20240619,B1,,110,False,False,False,,,,,,runs/experiment2/E2_F6_C1/seed20240619/B1
2,A,E2_F6_C1,20240619,B2,,110,False,False,False,,,,,,runs/experiment2/E2_F6_C1/seed20240619/B2
2,A,E2_F6_C1,20240619,B4b,,110,False,False,False,,,,,,runs/experiment2/E2_F6_C1/seed20240619/B4b
2,A,E2_F6_C1,20240620,B0,,182,True,False,False,,,,,,runs/experiment2/E2_F6_C1/seed20240620/B0
2,A,E2_F6_C1,20240620,B1,,110,False,False,False,,,,,,runs/experiment2/E2_F6_C1/seed20240620/B1
2,A,E2_F6_C1,20240620,B2,,110,False,False,False,,,,,,runs/experiment2/E2_F6_C1/seed20240620/B2
2,A,E2_F6_C1,20240620,B4b,,110,False,False,False,,,,,,runs/experiment2/E2_F6_C1/seed20240620/B4b
2,A,E2_F6_C2,20240601,B0,,182,True,False,False,,,,,,runs/experiment2/E2_F6_C2/seed20240601/B0
2,A,E2_F6_C2,20240601,B1,,120,False,True,True,,,,,,runs/experiment2/E2_F6_C2/seed20240601/B1
2,A,E2_F6_C2,20240601,B2,,120,False,True,True,,,,,,runs/experiment2/E2_F6_C2/seed20240601/B2
2,A,E2_F6_C2,20240601,B4b,,120,False,True,True,,,,,,runs/experiment2/E2_F6_C2/seed20240601/B4b
2,A,E2_F6_C2,20240602,B0,,182,True,False,False,,,,,,runs/experiment2/E2_F6_C2/seed20240602/B0
2,A,E2_F6_C2,20240602,B1,,120,False,True,True,,,,,,runs/experiment2/E2_F6_C2/seed20240602/B1
2,A,E2_F6_C2,20240602,B2,,120,False,True,True,,,,,,runs/experiment2/E2_F6_C2/seed20240602/B2
2,A,E2_F6_C2,20240602,B4b,,120,False,True,True,,,,,,runs/experiment2/E2_F6_C2/seed20240602/B4b
2,A,E2_F6_C2,20240603,B0,,182,True,False,False,,,,,,runs/experiment2/E2_F6_C2/seed20240603/B0
2,A,E2_F6_C2,20240603,B1,,120,False,True,True,,,,,,runs/experiment2/E2_F6_C2/seed20240603/B1
2,A,E2_F6_C2,20240603,B2,,120,False,True,True,,,,,,runs/experiment2/E2_F6_C2/seed20240603/B2
2,A,E2_F6_C2,20240603,B4b,,120,False,True,True,,,,,,runs/experiment2/E2_F6_C2/seed20240603/B4b
2,A,E2_F6_C2,20240604,B0,,182,True,False,False,,,,,,runs/experiment2/E2_F6_C2/seed20240604/B0
2,A,E2_F6_C2,20240604,B1,,120,False,True,True,,,,,,runs/experiment2/E2_F6_C2/seed20240604/B1
2,A,E2_F6_C2,20240604,B2,,120,False,True,True,,,,,,runs/experiment2/E2_F6_C2/seed20240604/B2
2,A,E2_F6_C2,20240604,B4b,,120,False,True,True,,,,,,runs/experiment2/E2_F6_C2/seed20240604/B4b
2,A,E2_F6_C2,20240605,B0,,182,True,False,False,,,,,,runs/experiment2/E2_F6_C2/seed20240605/B0
2,A,E2_F6_C2,20240605,B1,,120,False,True,True,,,,,,runs/experiment2/E2_F6_C2/seed20240605/B1
2,A,E2_F6_C2,20240605,B2,,120,False,True,True,,,,,,runs/experiment2/E2_F6_C2/seed20240605/B2
2,A,E2_F6_C2,20240605,B4b,,120,False,True,True,,,,,,runs/experiment2/E2_F6_C2/seed20240605/B4b
2,A,E2_F6_C2,20240606,B0,,182,True,False,False,,,,,,runs/experiment2/E2_F6_C2/seed20240606/B0
2,A,E2_F6_C2,20240606,B1,,120,False,True,True,,,,,,runs/experiment2/E2_F6_C2/seed20240606/B1
2,A,E2_F6_C2,20240606,B2,,120,False,True,True,,,,,,runs/experiment2/E2_F6_C2/seed20240606/B2
2,A,E2_F6_C2,20240606,B4b,,120,False,True,True,,,,,,runs/experiment2/E2_F6_C2/seed20240606/B4b
2,A,E2_F6_C2,20240607,B0,,182,True,False,False,,,,,,runs/experiment2/E2_F6_C2/seed20240607/B0
2,A,E2_F6_C2,20240607,B1,,120,False,True,True,,,,,,runs/experiment2/E2_F6_C2/seed20240607/B1
2,A,E2_F6_C2,20240607,B2,,120,False,True,True,,,,,,runs/experiment2/E2_F6_C2/seed20240607/B2
2,A,E2_F6_C2,20240607,B4b,,120,False,True,True,,,,,,runs/experiment2/E2_F6_C2/seed20240607/B4b
2,A,E2_F6_C2,20240608,B0,,182,True,False,False,,,,,,runs/experiment2/E2_F6_C2/seed20240608/B0
2,A,E2_F6_C2,20240608,B1,,120,False,True,True,,,,,,runs/experiment2/E2_F6_C2/seed20240608/B1
2,A,E2_F6_C2,20240608,B2,,120,False,True,True,,,,,,runs/experiment2/E2_F6_C2/seed20240608/B2
2,A,E2_F6_C2,20240608,B4b,,120,False,True,True,,,,,,runs/experiment2/E2_F6_C2/seed20240608/B4b
2,A,E2_F6_C2,20240609,B0,,182,True,False,False,,,,,,runs/experiment2/E2_F6_C2/seed20240609/B0
2,A,E2_F6_C2,20240609,B1,,120,False,True,True,,,,,,runs/experiment2/E2_F6_C2/seed20240609/B1
2,A,E2_F6_C2,20240609,B2,,120,False,True,True,,,,,,runs/experiment2/E2_F6_C2/seed20240609/B2
2,A,E2_F6_C2,20240609,B4b,,120,False,True,True,,,,,,runs/experiment2/E2_F6_C2/seed20240609/B4b
2,A,E2_F6_C2,20240610,B0,,182,True,False,False,,,,,,runs/experiment2/E2_F6_C2/seed20240610/B0
2,A,E2_F6_C2,20240610,B1,,120,False,True,True,,,,,,runs/experiment2/E2_F6_C2/seed20240610/B1
2,A,E2_F6_C2,20240610,B2,,120,False,True,True,,,,,,runs/experiment2/E2_F6_C2/seed20240610/B2
2,A,E2_F6_C2,20240610,B4b,,120,False,True,True,,,,,,runs/experiment2/E2_F6_C2/seed20240610/B4b
2,A,E2_F6_C2,20240611,B0,,182,True,False,False,,,,,,runs/experiment2/E2_F6_C2/seed20240611/B0
2,A,E2_F6_C2,20240611,B1,,120,False,True,True,,,,,,runs/experiment2/E2_F6_C2/seed20240611/B1
2,A,E2_F6_C2,20240611,B2,,120,False,True,True,,,,,,runs/experiment2/E2_F6_C2/seed20240611/B2
2,A,E2_F6_C2,20240611,B4b,,150,False,True,True,,,,,,runs/experiment2/E2_F6_C2/seed20240611/B4b
2,A,E2_F6_C2,20240612,B0,,182,True,False,False,,,,,,runs/experiment2/E2_F6_C2/seed20240612/B0
2,A,E2_F6_C2,20240612,B1,,120,False,True,True,,,,,,runs/experiment2/E2_F6_C2/seed20240612/B1
2,A,E2_F6_C2,20240612,B2,,120,False,True,True,,,,,,runs/experiment2/E2_F6_C2/seed20240612/B2
2,A,E2_F6_C2,20240612,B4b,,180,False,True,True,,,,,,runs/experiment2/E2_F6_C2/seed20240612/B4b
2,A,E2_F6_C2,20240613,B0,,182,True,False,False,,,,,,runs/experiment2/E2_F6_C2/seed20240613/B0
2,A,E2_F6_C2,20240613,B1,,120,False,True,True,,,,,,runs/experiment2/E2_F6_C2/seed20240613/B1
2,A,E2_F6_C2,20240613,B2,,120,False,True,True,,,,,,runs/experiment2/E2_F6_C2/seed20240613/B2
2,A,E2_F6_C2,20240613,B4b,,390,True,True,True,,,,,,runs/experiment2/E2_F6_C2/seed20240613/B4b
2,A,E2_F6_C2,20240614,B0,,182,True,False,False,,,,,,runs/experiment2/E2_F6_C2/seed20240614/B0
2,A,E2_F6_C2,20240614,B1,,120,False,True,True,,,,,,runs/experiment2/E2_F6_C2/seed20240614/B1
2,A,E2_F6_C2,20240614,B2,,120,False,True,True,,,,,,runs/experiment2/E2_F6_C2/seed20240614/B2
2,A,E2_F6_C2,20240614,B4b,,272,True,False,False,,,,,,runs/experiment2/E2_F6_C2/seed20240614/B4b
2,A,E2_F6_C2,20240615,B0,,182,True,False,False,,,,,,runs/experiment2/E2_F6_C2/seed20240615/B0
2,A,E2_F6_C2,20240615,B1,,120,False,True,True,,,,,,runs/experiment2/E2_F6_C2/seed20240615/B1
2,A,E2_F6_C2,20240615,B2,,120,False,True,True,,,,,,runs/experiment2/E2_F6_C2/seed20240615/B2
2,A,E2_F6_C2,20240615,B4b,,272,True,False,False,,,,,,runs/experiment2/E2_F6_C2/seed20240615/B4b
2,A,E2_F6_C2,20240616,B0,,182,True,False,False,,,,,,runs/experiment2/E2_F6_C2/seed20240616/B0
2,A,E2_F6_C2,20240616,B1,,120,False,True,True,,,,,,runs/experiment2/E2_F6_C2/seed20240616/B1
2,A,E2_F6_C2,20240616,B2,,120,False,True,True,,,,,,runs/experiment2/E2_F6_C2/seed20240616/B2
2,A,E2_F6_C2,20240616,B4b,,272,True,False,False,,,,,,runs/experiment2/E2_F6_C2/seed20240616/B4b
2,A,E2_F6_C2,20240617,B0,,182,True,False,False,,,,,,runs/experiment2/E2_F6_C2/seed20240617/B0
2,A,E2_F6_C2,20240617,B1,,120,False,True,True,,,,,,runs/experiment2/E2_F6_C2/seed20240617/B1
2,A,E2_F6_C2,20240617,B2,,120,False,True,True,,,,,,runs/experiment2/E2_F6_C2/seed20240617/B2
2,A,E2_F6_C2,20240617,B4b,,120,False,True,True,,,,,,runs/experiment2/E2_F6_C2/seed20240617/B4b
2,A,E2_F6_C2,20240618,B0,,182,True,False,False,,,,,,runs/experiment2/E2_F6_C2/seed20240618/B0
2,A,E2_F6_C2,20240618,B1,,120,False,True,True,,,,,,runs/experiment2/E2_F6_C2/seed20240618/B1
2,A,E2_F6_C2,20240618,B2,,120,False,True,True,,,,,,runs/experiment2/E2_F6_C2/seed20240618/B2
2,A,E2_F6_C2,20240618,B4b,,242,True,False,False,,,,,,runs/experiment2/E2_F6_C2/seed20240618/B4b
2,A,E2_F6_C2,20240619,B0,,182,True,False,False,,,,,,runs/experiment2/E2_F6_C2/seed20240619/B0
2,A,E2_F6_C2,20240619,B1,,120,False,True,True,,,,,,runs/experiment2/E2_F6_C2/seed20240619/B1
2,A,E2_F6_C2,20240619,B2,,120,False,True,True,,,,,,runs/experiment2/E2_F6_C2/seed20240619/B2
2,A,E2_F6_C2,20240619,B4b,,120,False,True,True,,,,,,runs/experiment2/E2_F6_C2/seed20240619/B4b
2,A,E2_F6_C2,20240620,B0,,182,True,False,False,,,,,,runs/experiment2/E2_F6_C2/seed20240620/B0
2,A,E2_F6_C2,20240620,B1,,120,False,True,True,,,,,,runs/experiment2/E2_F6_C2/seed20240620/B1
2,A,E2_F6_C2,20240620,B2,,120,False,True,True,,,,,,runs/experiment2/E2_F6_C2/seed20240620/B2
2,A,E2_F6_C2,20240620,B4b,,120,False,True,True,,,,,,runs/experiment2/E2_F6_C2/seed20240620/B4b
2,A,E2_F6_C3,20240601,B0,,182,True,False,False,,,,,,runs/experiment2/E2_F6_C3/seed20240601/B0
2,A,E2_F6_C3,20240601,B1,,242,True,True,True,,,,,,runs/experiment2/E2_F6_C3/seed20240601/B1
2,A,E2_F6_C3,20240601,B2,,242,True,True,True,,,,,,runs/experiment2/E2_F6_C3/seed20240601/B2
2,A,E2_F6_C3,20240601,B4b,,242,True,True,True,,,,,,runs/experiment2/E2_F6_C3/seed20240601/B4b
2,A,E2_F6_C3,20240602,B0,,182,True,False,False,,,,,,runs/experiment2/E2_F6_C3/seed20240602/B0
2,A,E2_F6_C3,20240602,B1,,242,True,True,True,,,,,,runs/experiment2/E2_F6_C3/seed20240602/B1
2,A,E2_F6_C3,20240602,B2,,242,True,True,True,,,,,,runs/experiment2/E2_F6_C3/seed20240602/B2
2,A,E2_F6_C3,20240602,B4b,,272,True,True,True,,,,,,runs/experiment2/E2_F6_C3/seed20240602/B4b
2,A,E2_F6_C3,20240603,B0,,182,True,False,False,,,,,,runs/experiment2/E2_F6_C3/seed20240603/B0
2,A,E2_F6_C3,20240603,B1,,242,True,True,True,,,,,,runs/experiment2/E2_F6_C3/seed20240603/B1
2,A,E2_F6_C3,20240603,B2,,242,True,True,True,,,,,,runs/experiment2/E2_F6_C3/seed20240603/B2
2,A,E2_F6_C3,20240603,B4b,,242,True,True,True,,,,,,runs/experiment2/E2_F6_C3/seed20240603/B4b
2,A,E2_F6_C3,20240604,B0,,182,True,False,False,,,,,,runs/experiment2/E2_F6_C3/seed20240604/B0
2,A,E2_F6_C3,20240604,B1,,242,True,True,True,,,,,,runs/experiment2/E2_F6_C3/seed20240604/B1
2,A,E2_F6_C3,20240604,B2,,242,True,True,True,,,,,,runs/experiment2/E2_F6_C3/seed20240604/B2
2,A,E2_F6_C3,20240604,B4b,,272,True,True,True,,,,,,runs/experiment2/E2_F6_C3/seed20240604/B4b
2,A,E2_F6_C3,20240605,B0,,182,True,False,False,,,,,,runs/experiment2/E2_F6_C3/seed20240605/B0
2,A,E2_F6_C3,20240605,B1,,242,True,True,True,,,,,,runs/experiment2/E2_F6_C3/seed20240605/B1
2,A,E2_F6_C3,20240605,B2,,242,True,True,True,,,,,,runs/experiment2/E2_F6_C3/seed20240605/B2
2,A,E2_F6_C3,20240605,B4b,,272,True,True,True,,,,,,runs/experiment2/E2_F6_C3/seed20240605/B4b
2,A,E2_F6_C3,20240606,B0,,182,True,False,False,,,,,,runs/experiment2/E2_F6_C3/seed20240606/B0
2,A,E2_F6_C3,20240606,B1,,242,True,True,True,,,,,,runs/experiment2/E2_F6_C3/seed20240606/B1
2,A,E2_F6_C3,20240606,B2,,242,True,True,True,,,,,,runs/experiment2/E2_F6_C3/seed20240606/B2
2,A,E2_F6_C3,20240606,B4b,,242,True,False,False,,,,,,runs/experiment2/E2_F6_C3/seed20240606/B4b
2,A,E2_F6_C3,20240607,B0,,182,True,False,False,,,,,,runs/experiment2/E2_F6_C3/seed20240607/B0
2,A,E2_F6_C3,20240607,B1,,242,True,True,True,,,,,,runs/experiment2/E2_F6_C3/seed20240607/B1
2,A,E2_F6_C3,20240607,B2,,242,True,True,True,,,,,,runs/experiment2/E2_F6_C3/seed20240607/B2
2,A,E2_F6_C3,20240607,B4b,,242,True,True,True,,,,,,runs/experiment2/E2_F6_C3/seed20240607/B4b
2,A,E2_F6_C3,20240608,B0,,182,True,False,False,,,,,,runs/experiment2/E2_F6_C3/seed20240608/B0
2,A,E2_F6_C3,20240608,B1,,242,True,True,True,,,,,,runs/experiment2/E2_F6_C3/seed20240608/B1
2,A,E2_F6_C3,20240608,B2,,242,True,True,True,,,,,,runs/experiment2/E2_F6_C3/seed20240608/B2
2,A,E2_F6_C3,20240608,B4b,,242,True,False,False,,,,,,runs/experiment2/E2_F6_C3/seed20240608/B4b
2,A,E2_F6_C3,20240609,B0,,182,True,False,False,,,,,,runs/experiment2/E2_F6_C3/seed20240609/B0
2,A,E2_F6_C3,20240609,B1,,242,True,True,True,,,,,,runs/experiment2/E2_F6_C3/seed20240609/B1
2,A,E2_F6_C3,20240609,B2,,242,True,True,True,,,,,,runs/experiment2/E2_F6_C3/seed20240609/B2
2,A,E2_F6_C3,20240609,B4b,,332,True,True,True,,,,,,runs/experiment2/E2_F6_C3/seed20240609/B4b
2,A,E2_F6_C3,20240610,B0,,182,True,False,False,,,,,,runs/experiment2/E2_F6_C3/seed20240610/B0
2,A,E2_F6_C3,20240610,B1,,242,True,True,True,,,,,,runs/experiment2/E2_F6_C3/seed20240610/B1
2,A,E2_F6_C3,20240610,B2,,242,True,True,True,,,,,,runs/experiment2/E2_F6_C3/seed20240610/B2
2,A,E2_F6_C3,20240610,B4b,,272,True,True,True,,,,,,runs/experiment2/E2_F6_C3/seed20240610/B4b
2,A,E2_F6_C3,20240611,B0,,182,True,False,False,,,,,,runs/experiment2/E2_F6_C3/seed20240611/B0
2,A,E2_F6_C3,20240611,B1,,242,True,True,True,,,,,,runs/experiment2/E2_F6_C3/seed20240611/B1
2,A,E2_F6_C3,20240611,B2,,242,True,True,True,,,,,,runs/experiment2/E2_F6_C3/seed20240611/B2
2,A,E2_F6_C3,20240611,B4b,,302,True,True,True,,,,,,runs/experiment2/E2_F6_C3/seed20240611/B4b
2,A,E2_F6_C3,20240612,B0,,182,True,False,False,,,,,,runs/experiment2/E2_F6_C3/seed20240612/B0
2,A,E2_F6_C3,20240612,B1,,242,True,True,True,,,,,,runs/experiment2/E2_F6_C3/seed20240612/B1
2,A,E2_F6_C3,20240612,B2,,242,True,True,True,,,,,,runs/experiment2/E2_F6_C3/seed20240612/B2
2,A,E2_F6_C3,20240612,B4b,,242,True,True,True,,,,,,runs/experiment2/E2_F6_C3/seed20240612/B4b
2,A,E2_F6_C3,20240613,B0,,182,True,False,False,,,,,,runs/experiment2/E2_F6_C3/seed20240613/B0
2,A,E2_F6_C3,20240613,B1,,242,True,True,True,,,,,,runs/experiment2/E2_F6_C3/seed20240613/B1
2,A,E2_F6_C3,20240613,B2,,242,True,True,True,,,,,,runs/experiment2/E2_F6_C3/seed20240613/B2
2,A,E2_F6_C3,20240613,B4b,,242,True,True,True,,,,,,runs/experiment2/E2_F6_C3/seed20240613/B4b
2,A,E2_F6_C3,20240614,B0,,182,True,False,False,,,,,,runs/experiment2/E2_F6_C3/seed20240614/B0
2,A,E2_F6_C3,20240614,B1,,242,True,True,True,,,,,,runs/experiment2/E2_F6_C3/seed20240614/B1
2,A,E2_F6_C3,20240614,B2,,242,True,True,True,,,,,,runs/experiment2/E2_F6_C3/seed20240614/B2
2,A,E2_F6_C3,20240614,B4b,,242,True,True,True,,,,,,runs/experiment2/E2_F6_C3/seed20240614/B4b
2,A,E2_F6_C3,20240615,B0,,182,True,False,False,,,,,,runs/experiment2/E2_F6_C3/seed20240615/B0
2,A,E2_F6_C3,20240615,B1,,242,True,True,True,,,,,,runs/experiment2/E2_F6_C3/seed20240615/B1
2,A,E2_F6_C3,20240615,B2,,242,True,True,True,,,,,,runs/experiment2/E2_F6_C3/seed20240615/B2
2,A,E2_F6_C3,20240615,B4b,,242,True,False,False,,,,,,runs/experiment2/E2_F6_C3/seed20240615/B4b
2,A,E2_F6_C3,20240616,B0,,182,True,False,False,,,,,,runs/experiment2/E2_F6_C3/seed20240616/B0
2,A,E2_F6_C3,20240616,B1,,242,True,True,True,,,,,,runs/experiment2/E2_F6_C3/seed20240616/B1
2,A,E2_F6_C3,20240616,B2,,242,True,True,True,,,,,,runs/experiment2/E2_F6_C3/seed20240616/B2
2,A,E2_F6_C3,20240616,B4b,,242,True,True,True,,,,,,runs/experiment2/E2_F6_C3/seed20240616/B4b
2,A,E2_F6_C3,20240617,B0,,182,True,False,False,,,,,,runs/experiment2/E2_F6_C3/seed20240617/B0
2,A,E2_F6_C3,20240617,B1,,242,True,True,True,,,,,,runs/experiment2/E2_F6_C3/seed20240617/B1
2,A,E2_F6_C3,20240617,B2,,242,True,True,True,,,,,,runs/experiment2/E2_F6_C3/seed20240617/B2
2,A,E2_F6_C3,20240617,B4b,,272,True,False,False,,,,,,runs/experiment2/E2_F6_C3/seed20240617/B4b
2,A,E2_F6_C3,20240618,B0,,182,True,False,False,,,,,,runs/experiment2/E2_F6_C3/seed20240618/B0
2,A,E2_F6_C3,20240618,B1,,242,True,True,True,,,,,,runs/experiment2/E2_F6_C3/seed20240618/B1
2,A,E2_F6_C3,20240618,B2,,242,True,True,True,,,,,,runs/experiment2/E2_F6_C3/seed20240618/B2
2,A,E2_F6_C3,20240618,B4b,,272,True,False,False,,,,,,runs/experiment2/E2_F6_C3/seed20240618/B4b
2,A,E2_F6_C3,20240619,B0,,182,True,False,False,,,,,,runs/experiment2/E2_F6_C3/seed20240619/B0
2,A,E2_F6_C3,20240619,B1,,242,True,True,True,,,,,,runs/experiment2/E2_F6_C3/seed20240619/B1
2,A,E2_F6_C3,20240619,B2,,242,True,True,True,,,,,,runs/experiment2/E2_F6_C3/seed20240619/B2
2,A,E2_F6_C3,20240619,B4b,,242,True,True,True,,,,,,runs/experiment2/E2_F6_C3/seed20240619/B4b
2,A,E2_F6_C3,20240620,B0,,182,True,False,False,,,,,,runs/experiment2/E2_F6_C3/seed20240620/B0
2,A,E2_F6_C3,20240620,B1,,242,True,True,True,,,,,,runs/experiment2/E2_F6_C3/seed20240620/B1
2,A,E2_F6_C3,20240620,B2,,242,True,True,True,,,,,,runs/experiment2/E2_F6_C3/seed20240620/B2
2,A,E2_F6_C3,20240620,B4b,,302,True,True,True,,,,,,runs/experiment2/E2_F6_C3/seed20240620/B4b
2,B,E2XB_F1_C1,20240601,B0,,241,True,False,False,,,,,,runs/experiment2_cross_site/site_b_amsterdam/E2XB_F1_C1/seed20240601/B0
2,B,E2XB_F1_C1,20240601,B1,,40,False,False,False,,,,,,runs/experiment2_cross_site/site_b_amsterdam/E2XB_F1_C1/seed20240601/B1
2,B,E2XB_F1_C1,20240601,B2,,40,False,False,False,,,,,,runs/experiment2_cross_site/site_b_amsterdam/E2XB_F1_C1/seed20240601/B2
2,B,E2XB_F1_C1,20240601,B4b,,40,False,False,False,,,,,,runs/experiment2_cross_site/site_b_amsterdam/E2XB_F1_C1/seed20240601/B4b
2,B,E2XB_F1_C1,20240602,B0,,241,True,False,False,,,,,,runs/experiment2_cross_site/site_b_amsterdam/E2XB_F1_C1/seed20240602/B0
2,B,E2XB_F1_C1,20240602,B1,,40,False,False,False,,,,,,runs/experiment2_cross_site/site_b_amsterdam/E2XB_F1_C1/seed20240602/B1
2,B,E2XB_F1_C1,20240602,B2,,40,False,False,False,,,,,,runs/experiment2_cross_site/site_b_amsterdam/E2XB_F1_C1/seed20240602/B2
2,B,E2XB_F1_C1,20240602,B4b,,40,False,False,False,,,,,,runs/experiment2_cross_site/site_b_amsterdam/E2XB_F1_C1/seed20240602/B4b
2,B,E2XB_F1_C1,20240603,B0,,241,True,False,False,,,,,,runs/experiment2_cross_site/site_b_amsterdam/E2XB_F1_C1/seed20240603/B0
2,B,E2XB_F1_C1,20240603,B1,,40,False,False,False,,,,,,runs/experiment2_cross_site/site_b_amsterdam/E2XB_F1_C1/seed20240603/B1
2,B,E2XB_F1_C1,20240603,B2,,40,False,False,False,,,,,,runs/experiment2_cross_site/site_b_amsterdam/E2XB_F1_C1/seed20240603/B2
2,B,E2XB_F1_C1,20240603,B4b,,40,False,False,False,,,,,,runs/experiment2_cross_site/site_b_amsterdam/E2XB_F1_C1/seed20240603/B4b
2,B,E2XB_F1_C1,20240604,B0,,241,True,False,False,,,,,,runs/experiment2_cross_site/site_b_amsterdam/E2XB_F1_C1/seed20240604/B0
2,B,E2XB_F1_C1,20240604,B1,,40,False,False,False,,,,,,runs/experiment2_cross_site/site_b_amsterdam/E2XB_F1_C1/seed20240604/B1
2,B,E2XB_F1_C1,20240604,B2,,40,False,False,False,,,,,,runs/experiment2_cross_site/site_b_amsterdam/E2XB_F1_C1/seed20240604/B2
2,B,E2XB_F1_C1,20240604,B4b,,40,False,False,False,,,,,,runs/experiment2_cross_site/site_b_amsterdam/E2XB_F1_C1/seed20240604/B4b
2,B,E2XB_F1_C1,20240605,B0,,241,True,False,False,,,,,,runs/experiment2_cross_site/site_b_amsterdam/E2XB_F1_C1/seed20240605/B0
2,B,E2XB_F1_C1,20240605,B1,,40,False,False,False,,,,,,runs/experiment2_cross_site/site_b_amsterdam/E2XB_F1_C1/seed20240605/B1
2,B,E2XB_F1_C1,20240605,B2,,40,False,False,False,,,,,,runs/experiment2_cross_site/site_b_amsterdam/E2XB_F1_C1/seed20240605/B2
2,B,E2XB_F1_C1,20240605,B4b,,40,False,False,False,,,,,,runs/experiment2_cross_site/site_b_amsterdam/E2XB_F1_C1/seed20240605/B4b
2,B,E2XB_F1_C1,20240606,B0,,241,True,False,False,,,,,,runs/experiment2_cross_site/site_b_amsterdam/E2XB_F1_C1/seed20240606/B0
2,B,E2XB_F1_C1,20240606,B1,,40,False,False,False,,,,,,runs/experiment2_cross_site/site_b_amsterdam/E2XB_F1_C1/seed20240606/B1
2,B,E2XB_F1_C1,20240606,B2,,40,False,False,False,,,,,,runs/experiment2_cross_site/site_b_amsterdam/E2XB_F1_C1/seed20240606/B2
2,B,E2XB_F1_C1,20240606,B4b,,40,False,False,False,,,,,,runs/experiment2_cross_site/site_b_amsterdam/E2XB_F1_C1/seed20240606/B4b
2,B,E2XB_F1_C1,20240607,B0,,241,True,False,False,,,,,,runs/experiment2_cross_site/site_b_amsterdam/E2XB_F1_C1/seed20240607/B0
2,B,E2XB_F1_C1,20240607,B1,,40,False,False,False,,,,,,runs/experiment2_cross_site/site_b_amsterdam/E2XB_F1_C1/seed20240607/B1
2,B,E2XB_F1_C1,20240607,B2,,40,False,False,False,,,,,,runs/experiment2_cross_site/site_b_amsterdam/E2XB_F1_C1/seed20240607/B2
2,B,E2XB_F1_C1,20240607,B4b,,40,False,False,False,,,,,,runs/experiment2_cross_site/site_b_amsterdam/E2XB_F1_C1/seed20240607/B4b
2,B,E2XB_F1_C1,20240608,B0,,241,True,False,False,,,,,,runs/experiment2_cross_site/site_b_amsterdam/E2XB_F1_C1/seed20240608/B0
2,B,E2XB_F1_C1,20240608,B1,,40,False,False,False,,,,,,runs/experiment2_cross_site/site_b_amsterdam/E2XB_F1_C1/seed20240608/B1
2,B,E2XB_F1_C1,20240608,B2,,40,False,False,False,,,,,,runs/experiment2_cross_site/site_b_amsterdam/E2XB_F1_C1/seed20240608/B2
2,B,E2XB_F1_C1,20240608,B4b,,40,False,False,False,,,,,,runs/experiment2_cross_site/site_b_amsterdam/E2XB_F1_C1/seed20240608/B4b
2,B,E2XB_F1_C1,20240609,B0,,241,True,False,False,,,,,,runs/experiment2_cross_site/site_b_amsterdam/E2XB_F1_C1/seed20240609/B0
2,B,E2XB_F1_C1,20240609,B1,,40,False,False,False,,,,,,runs/experiment2_cross_site/site_b_amsterdam/E2XB_F1_C1/seed20240609/B1
2,B,E2XB_F1_C1,20240609,B2,,40,False,False,False,,,,,,runs/experiment2_cross_site/site_b_amsterdam/E2XB_F1_C1/seed20240609/B2
2,B,E2XB_F1_C1,20240609,B4b,,40,False,False,False,,,,,,runs/experiment2_cross_site/site_b_amsterdam/E2XB_F1_C1/seed20240609/B4b
2,B,E2XB_F1_C1,20240610,B0,,241,True,False,False,,,,,,runs/experiment2_cross_site/site_b_amsterdam/E2XB_F1_C1/seed20240610/B0
2,B,E2XB_F1_C1,20240610,B1,,40,False,False,False,,,,,,runs/experiment2_cross_site/site_b_amsterdam/E2XB_F1_C1/seed20240610/B1
2,B,E2XB_F1_C1,20240610,B2,,40,False,False,False,,,,,,runs/experiment2_cross_site/site_b_amsterdam/E2XB_F1_C1/seed20240610/B2
2,B,E2XB_F1_C1,20240610,B4b,,40,False,False,False,,,,,,runs/experiment2_cross_site/site_b_amsterdam/E2XB_F1_C1/seed20240610/B4b
2,B,E2XB_F1_C1,20240611,B0,,241,True,False,False,,,,,,runs/experiment2_cross_site/site_b_amsterdam/E2XB_F1_C1/seed20240611/B0
2,B,E2XB_F1_C1,20240611,B1,,40,False,False,False,,,,,,runs/experiment2_cross_site/site_b_amsterdam/E2XB_F1_C1/seed20240611/B1
2,B,E2XB_F1_C1,20240611,B2,,40,False,False,False,,,,,,runs/experiment2_cross_site/site_b_amsterdam/E2XB_F1_C1/seed20240611/B2
2,B,E2XB_F1_C1,20240611,B4b,,40,False,False,False,,,,,,runs/experiment2_cross_site/site_b_amsterdam/E2XB_F1_C1/seed20240611/B4b
2,B,E2XB_F1_C1,20240612,B0,,241,True,False,False,,,,,,runs/experiment2_cross_site/site_b_amsterdam/E2XB_F1_C1/seed20240612/B0
2,B,E2XB_F1_C1,20240612,B1,,40,False,False,False,,,,,,runs/experiment2_cross_site/site_b_amsterdam/E2XB_F1_C1/seed20240612/B1
2,B,E2XB_F1_C1,20240612,B2,,40,False,False,False,,,,,,runs/experiment2_cross_site/site_b_amsterdam/E2XB_F1_C1/seed20240612/B2
2,B,E2XB_F1_C1,20240612,B4b,,40,False,False,False,,,,,,runs/experiment2_cross_site/site_b_amsterdam/E2XB_F1_C1/seed20240612/B4b
2,B,E2XB_F1_C1,20240613,B0,,241,True,False,False,,,,,,runs/experiment2_cross_site/site_b_amsterdam/E2XB_F1_C1/seed20240613/B0
2,B,E2XB_F1_C1,20240613,B1,,40,False,False,False,,,,,,runs/experiment2_cross_site/site_b_amsterdam/E2XB_F1_C1/seed20240613/B1
2,B,E2XB_F1_C1,20240613,B2,,40,False,False,False,,,,,,runs/experiment2_cross_site/site_b_amsterdam/E2XB_F1_C1/seed20240613/B2
2,B,E2XB_F1_C1,20240613,B4b,,40,False,False,False,,,,,,runs/experiment2_cross_site/site_b_amsterdam/E2XB_F1_C1/seed20240613/B4b
2,B,E2XB_F1_C1,20240614,B0,,241,True,False,False,,,,,,runs/experiment2_cross_site/site_b_amsterdam/E2XB_F1_C1/seed20240614/B0
2,B,E2XB_F1_C1,20240614,B1,,40,False,False,False,,,,,,runs/experiment2_cross_site/site_b_amsterdam/E2XB_F1_C1/seed20240614/B1
2,B,E2XB_F1_C1,20240614,B2,,40,False,False,False,,,,,,runs/experiment2_cross_site/site_b_amsterdam/E2XB_F1_C1/seed20240614/B2
2,B,E2XB_F1_C1,20240614,B4b,,40,False,False,False,,,,,,runs/experiment2_cross_site/site_b_amsterdam/E2XB_F1_C1/seed20240614/B4b
2,B,E2XB_F1_C1,20240615,B0,,241,True,False,False,,,,,,runs/experiment2_cross_site/site_b_amsterdam/E2XB_F1_C1/seed20240615/B0
2,B,E2XB_F1_C1,20240615,B1,,40,False,False,False,,,,,,runs/experiment2_cross_site/site_b_amsterdam/E2XB_F1_C1/seed20240615/B1
2,B,E2XB_F1_C1,20240615,B2,,40,False,False,False,,,,,,runs/experiment2_cross_site/site_b_amsterdam/E2XB_F1_C1/seed20240615/B2
2,B,E2XB_F1_C1,20240615,B4b,,40,False,False,False,,,,,,runs/experiment2_cross_site/site_b_amsterdam/E2XB_F1_C1/seed20240615/B4b
2,B,E2XB_F1_C1,20240616,B0,,241,True,False,False,,,,,,runs/experiment2_cross_site/site_b_amsterdam/E2XB_F1_C1/seed20240616/B0
2,B,E2XB_F1_C1,20240616,B1,,40,False,False,False,,,,,,runs/experiment2_cross_site/site_b_amsterdam/E2XB_F1_C1/seed20240616/B1
2,B,E2XB_F1_C1,20240616,B2,,40,False,False,False,,,,,,runs/experiment2_cross_site/site_b_amsterdam/E2XB_F1_C1/seed20240616/B2
2,B,E2XB_F1_C1,20240616,B4b,,40,False,False,False,,,,,,runs/experiment2_cross_site/site_b_amsterdam/E2XB_F1_C1/seed20240616/B4b
2,B,E2XB_F1_C1,20240617,B0,,241,True,False,False,,,,,,runs/experiment2_cross_site/site_b_amsterdam/E2XB_F1_C1/seed20240617/B0
2,B,E2XB_F1_C1,20240617,B1,,40,False,False,False,,,,,,runs/experiment2_cross_site/site_b_amsterdam/E2XB_F1_C1/seed20240617/B1
2,B,E2XB_F1_C1,20240617,B2,,40,False,False,False,,,,,,runs/experiment2_cross_site/site_b_amsterdam/E2XB_F1_C1/seed20240617/B2
2,B,E2XB_F1_C1,20240617,B4b,,40,False,False,False,,,,,,runs/experiment2_cross_site/site_b_amsterdam/E2XB_F1_C1/seed20240617/B4b
2,B,E2XB_F1_C1,20240618,B0,,241,True,False,False,,,,,,runs/experiment2_cross_site/site_b_amsterdam/E2XB_F1_C1/seed20240618/B0
2,B,E2XB_F1_C1,20240618,B1,,40,False,False,False,,,,,,runs/experiment2_cross_site/site_b_amsterdam/E2XB_F1_C1/seed20240618/B1
2,B,E2XB_F1_C1,20240618,B2,,40,False,False,False,,,,,,runs/experiment2_cross_site/site_b_amsterdam/E2XB_F1_C1/seed20240618/B2
2,B,E2XB_F1_C1,20240618,B4b,,40,False,False,False,,,,,,runs/experiment2_cross_site/site_b_amsterdam/E2XB_F1_C1/seed20240618/B4b
2,B,E2XB_F1_C1,20240619,B0,,241,True,False,False,,,,,,runs/experiment2_cross_site/site_b_amsterdam/E2XB_F1_C1/seed20240619/B0
2,B,E2XB_F1_C1,20240619,B1,,40,False,False,False,,,,,,runs/experiment2_cross_site/site_b_amsterdam/E2XB_F1_C1/seed20240619/B1
2,B,E2XB_F1_C1,20240619,B2,,40,False,False,False,,,,,,runs/experiment2_cross_site/site_b_amsterdam/E2XB_F1_C1/seed20240619/B2
2,B,E2XB_F1_C1,20240619,B4b,,40,False,False,False,,,,,,runs/experiment2_cross_site/site_b_amsterdam/E2XB_F1_C1/seed20240619/B4b
2,B,E2XB_F1_C1,20240620,B0,,241,True,False,False,,,,,,runs/experiment2_cross_site/site_b_amsterdam/E2XB_F1_C1/seed20240620/B0
2,B,E2XB_F1_C1,20240620,B1,,40,False,False,False,,,,,,runs/experiment2_cross_site/site_b_amsterdam/E2XB_F1_C1/seed20240620/B1
2,B,E2XB_F1_C1,20240620,B2,,40,False,False,False,,,,,,runs/experiment2_cross_site/site_b_amsterdam/E2XB_F1_C1/seed20240620/B2
2,B,E2XB_F1_C1,20240620,B4b,,40,False,False,False,,,,,,runs/experiment2_cross_site/site_b_amsterdam/E2XB_F1_C1/seed20240620/B4b
2,B,E2XB_F1_C2,20240601,B0,,241,True,False,False,,,,,,runs/experiment2_cross_site/site_b_amsterdam/E2XB_F1_C2/seed20240601/B0
2,B,E2XB_F1_C2,20240601,B1,,161,False,True,True,,,,,,runs/experiment2_cross_site/site_b_amsterdam/E2XB_F1_C2/seed20240601/B1
2,B,E2XB_F1_C2,20240601,B2,,161,False,True,True,,,,,,runs/experiment2_cross_site/site_b_amsterdam/E2XB_F1_C2/seed20240601/B2
2,B,E2XB_F1_C2,20240601,B4b,,161,False,True,True,,,,,,runs/experiment2_cross_site/site_b_amsterdam/E2XB_F1_C2/seed20240601/B4b
2,B,E2XB_F1_C2,20240602,B0,,241,True,False,False,,,,,,runs/experiment2_cross_site/site_b_amsterdam/E2XB_F1_C2/seed20240602/B0
2,B,E2XB_F1_C2,20240602,B1,,161,False,True,True,,,,,,runs/experiment2_cross_site/site_b_amsterdam/E2XB_F1_C2/seed20240602/B1
2,B,E2XB_F1_C2,20240602,B2,,161,False,True,True,,,,,,runs/experiment2_cross_site/site_b_amsterdam/E2XB_F1_C2/seed20240602/B2
2,B,E2XB_F1_C2,20240602,B4b,,161,False,True,True,,,,,,runs/experiment2_cross_site/site_b_amsterdam/E2XB_F1_C2/seed20240602/B4b
2,B,E2XB_F1_C2,20240603,B0,,241,True,False,False,,,,,,runs/experiment2_cross_site/site_b_amsterdam/E2XB_F1_C2/seed20240603/B0
2,B,E2XB_F1_C2,20240603,B1,,161,False,True,True,,,,,,runs/experiment2_cross_site/site_b_amsterdam/E2XB_F1_C2/seed20240603/B1
2,B,E2XB_F1_C2,20240603,B2,,161,False,True,True,,,,,,runs/experiment2_cross_site/site_b_amsterdam/E2XB_F1_C2/seed20240603/B2
2,B,E2XB_F1_C2,20240603,B4b,,161,False,True,True,,,,,,runs/experiment2_cross_site/site_b_amsterdam/E2XB_F1_C2/seed20240603/B4b
2,B,E2XB_F1_C2,20240604,B0,,241,True,False,False,,,,,,runs/experiment2_cross_site/site_b_amsterdam/E2XB_F1_C2/seed20240604/B0
2,B,E2XB_F1_C2,20240604,B1,,161,False,True,True,,,,,,runs/experiment2_cross_site/site_b_amsterdam/E2XB_F1_C2/seed20240604/B1
2,B,E2XB_F1_C2,20240604,B2,,161,False,True,True,,,,,,runs/experiment2_cross_site/site_b_amsterdam/E2XB_F1_C2/seed20240604/B2
2,B,E2XB_F1_C2,20240604,B4b,,161,False,True,True,,,,,,runs/experiment2_cross_site/site_b_amsterdam/E2XB_F1_C2/seed20240604/B4b
2,B,E2XB_F1_C2,20240605,B0,,241,True,False,False,,,,,,runs/experiment2_cross_site/site_b_amsterdam/E2XB_F1_C2/seed20240605/B0
2,B,E2XB_F1_C2,20240605,B1,,161,False,True,True,,,,,,runs/experiment2_cross_site/site_b_amsterdam/E2XB_F1_C2/seed20240605/B1
2,B,E2XB_F1_C2,20240605,B2,,161,False,True,True,,,,,,runs/experiment2_cross_site/site_b_amsterdam/E2XB_F1_C2/seed20240605/B2
2,B,E2XB_F1_C2,20240605,B4b,,161,False,True,True,,,,,,runs/experiment2_cross_site/site_b_amsterdam/E2XB_F1_C2/seed20240605/B4b
2,B,E2XB_F1_C2,20240606,B0,,241,True,False,False,,,,,,runs/experiment2_cross_site/site_b_amsterdam/E2XB_F1_C2/seed20240606/B0
2,B,E2XB_F1_C2,20240606,B1,,161,False,True,True,,,,,,runs/experiment2_cross_site/site_b_amsterdam/E2XB_F1_C2/seed20240606/B1
2,B,E2XB_F1_C2,20240606,B2,,161,False,True,True,,,,,,runs/experiment2_cross_site/site_b_amsterdam/E2XB_F1_C2/seed20240606/B2
2,B,E2XB_F1_C2,20240606,B4b,,161,False,True,True,,,,,,runs/experiment2_cross_site/site_b_amsterdam/E2XB_F1_C2/seed20240606/B4b
2,B,E2XB_F1_C2,20240607,B0,,241,True,False,False,,,,,,runs/experiment2_cross_site/site_b_amsterdam/E2XB_F1_C2/seed20240607/B0
2,B,E2XB_F1_C2,20240607,B1,,161,False,True,True,,,,,,runs/experiment2_cross_site/site_b_amsterdam/E2XB_F1_C2/seed20240607/B1
2,B,E2XB_F1_C2,20240607,B2,,161,False,True,True,,,,,,runs/experiment2_cross_site/site_b_amsterdam/E2XB_F1_C2/seed20240607/B2
2,B,E2XB_F1_C2,20240607,B4b,,161,False,True,True,,,,,,runs/experiment2_cross_site/site_b_amsterdam/E2XB_F1_C2/seed20240607/B4b
2,B,E2XB_F1_C2,20240608,B0,,241,True,False,False,,,,,,runs/experiment2_cross_site/site_b_amsterdam/E2XB_F1_C2/seed20240608/B0
2,B,E2XB_F1_C2,20240608,B1,,161,False,True,True,,,,,,runs/experiment2_cross_site/site_b_amsterdam/E2XB_F1_C2/seed20240608/B1
2,B,E2XB_F1_C2,20240608,B2,,161,False,True,True,,,,,,runs/experiment2_cross_site/site_b_amsterdam/E2XB_F1_C2/seed20240608/B2
2,B,E2XB_F1_C2,20240608,B4b,,161,False,True,True,,,,,,runs/experiment2_cross_site/site_b_amsterdam/E2XB_F1_C2/seed20240608/B4b
2,B,E2XB_F1_C2,20240609,B0,,241,True,False,False,,,,,,runs/experiment2_cross_site/site_b_amsterdam/E2XB_F1_C2/seed20240609/B0
2,B,E2XB_F1_C2,20240609,B1,,161,False,True,True,,,,,,runs/experiment2_cross_site/site_b_amsterdam/E2XB_F1_C2/seed20240609/B1
2,B,E2XB_F1_C2,20240609,B2,,161,False,True,True,,,,,,runs/experiment2_cross_site/site_b_amsterdam/E2XB_F1_C2/seed20240609/B2
2,B,E2XB_F1_C2,20240609,B4b,,161,False,True,True,,,,,,runs/experiment2_cross_site/site_b_amsterdam/E2XB_F1_C2/seed20240609/B4b
2,B,E2XB_F1_C2,20240610,B0,,241,True,False,False,,,,,,runs/experiment2_cross_site/site_b_amsterdam/E2XB_F1_C2/seed20240610/B0
2,B,E2XB_F1_C2,20240610,B1,,161,False,True,True,,,,,,runs/experiment2_cross_site/site_b_amsterdam/E2XB_F1_C2/seed20240610/B1
2,B,E2XB_F1_C2,20240610,B2,,161,False,True,True,,,,,,runs/experiment2_cross_site/site_b_amsterdam/E2XB_F1_C2/seed20240610/B2
2,B,E2XB_F1_C2,20240610,B4b,,161,False,True,True,,,,,,runs/experiment2_cross_site/site_b_amsterdam/E2XB_F1_C2/seed20240610/B4b
2,B,E2XB_F1_C2,20240611,B0,,241,True,False,False,,,,,,runs/experiment2_cross_site/site_b_amsterdam/E2XB_F1_C2/seed20240611/B0
2,B,E2XB_F1_C2,20240611,B1,,161,False,True,True,,,,,,runs/experiment2_cross_site/site_b_amsterdam/E2XB_F1_C2/seed20240611/B1
2,B,E2XB_F1_C2,20240611,B2,,161,False,True,True,,,,,,runs/experiment2_cross_site/site_b_amsterdam/E2XB_F1_C2/seed20240611/B2
2,B,E2XB_F1_C2,20240611,B4b,,161,False,True,True,,,,,,runs/experiment2_cross_site/site_b_amsterdam/E2XB_F1_C2/seed20240611/B4b
2,B,E2XB_F1_C2,20240612,B0,,241,True,False,False,,,,,,runs/experiment2_cross_site/site_b_amsterdam/E2XB_F1_C2/seed20240612/B0
2,B,E2XB_F1_C2,20240612,B1,,161,False,True,True,,,,,,runs/experiment2_cross_site/site_b_amsterdam/E2XB_F1_C2/seed20240612/B1
2,B,E2XB_F1_C2,20240612,B2,,161,False,True,True,,,,,,runs/experiment2_cross_site/site_b_amsterdam/E2XB_F1_C2/seed20240612/B2
2,B,E2XB_F1_C2,20240612,B4b,,161,False,True,True,,,,,,runs/experiment2_cross_site/site_b_amsterdam/E2XB_F1_C2/seed20240612/B4b
2,B,E2XB_F1_C2,20240613,B0,,241,True,False,False,,,,,,runs/experiment2_cross_site/site_b_amsterdam/E2XB_F1_C2/seed20240613/B0
2,B,E2XB_F1_C2,20240613,B1,,161,False,True,True,,,,,,runs/experiment2_cross_site/site_b_amsterdam/E2XB_F1_C2/seed20240613/B1
2,B,E2XB_F1_C2,20240613,B2,,161,False,True,True,,,,,,runs/experiment2_cross_site/site_b_amsterdam/E2XB_F1_C2/seed20240613/B2
2,B,E2XB_F1_C2,20240613,B4b,,161,False,True,True,,,,,,runs/experiment2_cross_site/site_b_amsterdam/E2XB_F1_C2/seed20240613/B4b
2,B,E2XB_F1_C2,20240614,B0,,241,True,False,False,,,,,,runs/experiment2_cross_site/site_b_amsterdam/E2XB_F1_C2/seed20240614/B0
2,B,E2XB_F1_C2,20240614,B1,,161,False,True,True,,,,,,runs/experiment2_cross_site/site_b_amsterdam/E2XB_F1_C2/seed20240614/B1
2,B,E2XB_F1_C2,20240614,B2,,161,False,True,True,,,,,,runs/experiment2_cross_site/site_b_amsterdam/E2XB_F1_C2/seed20240614/B2
2,B,E2XB_F1_C2,20240614,B4b,,161,False,True,True,,,,,,runs/experiment2_cross_site/site_b_amsterdam/E2XB_F1_C2/seed20240614/B4b
2,B,E2XB_F1_C2,20240615,B0,,241,True,False,False,,,,,,runs/experiment2_cross_site/site_b_amsterdam/E2XB_F1_C2/seed20240615/B0
2,B,E2XB_F1_C2,20240615,B1,,161,False,True,True,,,,,,runs/experiment2_cross_site/site_b_amsterdam/E2XB_F1_C2/seed20240615/B1
2,B,E2XB_F1_C2,20240615,B2,,161,False,True,True,,,,,,runs/experiment2_cross_site/site_b_amsterdam/E2XB_F1_C2/seed20240615/B2
2,B,E2XB_F1_C2,20240615,B4b,,161,False,True,True,,,,,,runs/experiment2_cross_site/site_b_amsterdam/E2XB_F1_C2/seed20240615/B4b
2,B,E2XB_F1_C2,20240616,B0,,241,True,False,False,,,,,,runs/experiment2_cross_site/site_b_amsterdam/E2XB_F1_C2/seed20240616/B0
2,B,E2XB_F1_C2,20240616,B1,,161,False,True,True,,,,,,runs/experiment2_cross_site/site_b_amsterdam/E2XB_F1_C2/seed20240616/B1
2,B,E2XB_F1_C2,20240616,B2,,161,False,True,True,,,,,,runs/experiment2_cross_site/site_b_amsterdam/E2XB_F1_C2/seed20240616/B2
2,B,E2XB_F1_C2,20240616,B4b,,161,False,True,True,,,,,,runs/experiment2_cross_site/site_b_amsterdam/E2XB_F1_C2/seed20240616/B4b
2,B,E2XB_F1_C2,20240617,B0,,241,True,False,False,,,,,,runs/experiment2_cross_site/site_b_amsterdam/E2XB_F1_C2/seed20240617/B0
2,B,E2XB_F1_C2,20240617,B1,,161,False,True,True,,,,,,runs/experiment2_cross_site/site_b_amsterdam/E2XB_F1_C2/seed20240617/B1
2,B,E2XB_F1_C2,20240617,B2,,161,False,True,True,,,,,,runs/experiment2_cross_site/site_b_amsterdam/E2XB_F1_C2/seed20240617/B2
2,B,E2XB_F1_C2,20240617,B4b,,161,False,True,True,,,,,,runs/experiment2_cross_site/site_b_amsterdam/E2XB_F1_C2/seed20240617/B4b
2,B,E2XB_F1_C2,20240618,B0,,241,True,False,False,,,,,,runs/experiment2_cross_site/site_b_amsterdam/E2XB_F1_C2/seed20240618/B0
2,B,E2XB_F1_C2,20240618,B1,,161,False,True,True,,,,,,runs/experiment2_cross_site/site_b_amsterdam/E2XB_F1_C2/seed20240618/B1
2,B,E2XB_F1_C2,20240618,B2,,161,False,True,True,,,,,,runs/experiment2_cross_site/site_b_amsterdam/E2XB_F1_C2/seed20240618/B2
2,B,E2XB_F1_C2,20240618,B4b,,161,False,True,True,,,,,,runs/experiment2_cross_site/site_b_amsterdam/E2XB_F1_C2/seed20240618/B4b
2,B,E2XB_F1_C2,20240619,B0,,241,True,False,False,,,,,,runs/experiment2_cross_site/site_b_amsterdam/E2XB_F1_C2/seed20240619/B0
2,B,E2XB_F1_C2,20240619,B1,,161,False,True,True,,,,,,runs/experiment2_cross_site/site_b_amsterdam/E2XB_F1_C2/seed20240619/B1
2,B,E2XB_F1_C2,20240619,B2,,161,False,True,True,,,,,,runs/experiment2_cross_site/site_b_amsterdam/E2XB_F1_C2/seed20240619/B2
2,B,E2XB_F1_C2,20240619,B4b,,161,False,True,True,,,,,,runs/experiment2_cross_site/site_b_amsterdam/E2XB_F1_C2/seed20240619/B4b
2,B,E2XB_F1_C2,20240620,B0,,241,True,False,False,,,,,,runs/experiment2_cross_site/site_b_amsterdam/E2XB_F1_C2/seed20240620/B0
2,B,E2XB_F1_C2,20240620,B1,,161,False,True,True,,,,,,runs/experiment2_cross_site/site_b_amsterdam/E2XB_F1_C2/seed20240620/B1
2,B,E2XB_F1_C2,20240620,B2,,161,False,True,True,,,,,,runs/experiment2_cross_site/site_b_amsterdam/E2XB_F1_C2/seed20240620/B2
2,B,E2XB_F1_C2,20240620,B4b,,161,False,True,True,,,,,,runs/experiment2_cross_site/site_b_amsterdam/E2XB_F1_C2/seed20240620/B4b
2,B,E2XB_F1_C3,20240601,B0,,241,True,False,False,,,,,,runs/experiment2_cross_site/site_b_amsterdam/E2XB_F1_C3/seed20240601/B0
2,B,E2XB_F1_C3,20240601,B1,,263,True,True,True,,,,,,runs/experiment2_cross_site/site_b_amsterdam/E2XB_F1_C3/seed20240601/B1
2,B,E2XB_F1_C3,20240601,B2,,263,True,True,True,,,,,,runs/experiment2_cross_site/site_b_amsterdam/E2XB_F1_C3/seed20240601/B2
2,B,E2XB_F1_C3,20240601,B4b,,263,True,True,True,,,,,,runs/experiment2_cross_site/site_b_amsterdam/E2XB_F1_C3/seed20240601/B4b
2,B,E2XB_F1_C3,20240602,B0,,241,True,False,False,,,,,,runs/experiment2_cross_site/site_b_amsterdam/E2XB_F1_C3/seed20240602/B0
2,B,E2XB_F1_C3,20240602,B1,,263,True,True,True,,,,,,runs/experiment2_cross_site/site_b_amsterdam/E2XB_F1_C3/seed20240602/B1
2,B,E2XB_F1_C3,20240602,B2,,263,True,True,True,,,,,,runs/experiment2_cross_site/site_b_amsterdam/E2XB_F1_C3/seed20240602/B2
2,B,E2XB_F1_C3,20240602,B4b,,263,True,True,True,,,,,,runs/experiment2_cross_site/site_b_amsterdam/E2XB_F1_C3/seed20240602/B4b
2,B,E2XB_F1_C3,20240603,B0,,241,True,False,False,,,,,,runs/experiment2_cross_site/site_b_amsterdam/E2XB_F1_C3/seed20240603/B0
2,B,E2XB_F1_C3,20240603,B1,,263,True,True,True,,,,,,runs/experiment2_cross_site/site_b_amsterdam/E2XB_F1_C3/seed20240603/B1
2,B,E2XB_F1_C3,20240603,B2,,263,True,True,True,,,,,,runs/experiment2_cross_site/site_b_amsterdam/E2XB_F1_C3/seed20240603/B2
2,B,E2XB_F1_C3,20240603,B4b,,263,True,True,True,,,,,,runs/experiment2_cross_site/site_b_amsterdam/E2XB_F1_C3/seed20240603/B4b
2,B,E2XB_F1_C3,20240604,B0,,241,True,False,False,,,,,,runs/experiment2_cross_site/site_b_amsterdam/E2XB_F1_C3/seed20240604/B0
2,B,E2XB_F1_C3,20240604,B1,,263,True,True,True,,,,,,runs/experiment2_cross_site/site_b_amsterdam/E2XB_F1_C3/seed20240604/B1
2,B,E2XB_F1_C3,20240604,B2,,263,True,True,True,,,,,,runs/experiment2_cross_site/site_b_amsterdam/E2XB_F1_C3/seed20240604/B2
2,B,E2XB_F1_C3,20240604,B4b,,263,True,True,True,,,,,,runs/experiment2_cross_site/site_b_amsterdam/E2XB_F1_C3/seed20240604/B4b
2,B,E2XB_F1_C3,20240605,B0,,241,True,False,False,,,,,,runs/experiment2_cross_site/site_b_amsterdam/E2XB_F1_C3/seed20240605/B0
2,B,E2XB_F1_C3,20240605,B1,,263,True,True,True,,,,,,runs/experiment2_cross_site/site_b_amsterdam/E2XB_F1_C3/seed20240605/B1
2,B,E2XB_F1_C3,20240605,B2,,263,True,True,True,,,,,,runs/experiment2_cross_site/site_b_amsterdam/E2XB_F1_C3/seed20240605/B2
2,B,E2XB_F1_C3,20240605,B4b,,263,True,True,True,,,,,,runs/experiment2_cross_site/site_b_amsterdam/E2XB_F1_C3/seed20240605/B4b
2,B,E2XB_F1_C3,20240606,B0,,241,True,False,False,,,,,,runs/experiment2_cross_site/site_b_amsterdam/E2XB_F1_C3/seed20240606/B0
2,B,E2XB_F1_C3,20240606,B1,,263,True,True,True,,,,,,runs/experiment2_cross_site/site_b_amsterdam/E2XB_F1_C3/seed20240606/B1
2,B,E2XB_F1_C3,20240606,B2,,263,True,True,True,,,,,,runs/experiment2_cross_site/site_b_amsterdam/E2XB_F1_C3/seed20240606/B2
2,B,E2XB_F1_C3,20240606,B4b,,263,True,True,True,,,,,,runs/experiment2_cross_site/site_b_amsterdam/E2XB_F1_C3/seed20240606/B4b
2,B,E2XB_F1_C3,20240607,B0,,241,True,False,False,,,,,,runs/experiment2_cross_site/site_b_amsterdam/E2XB_F1_C3/seed20240607/B0
2,B,E2XB_F1_C3,20240607,B1,,263,True,True,True,,,,,,runs/experiment2_cross_site/site_b_amsterdam/E2XB_F1_C3/seed20240607/B1
2,B,E2XB_F1_C3,20240607,B2,,263,True,True,True,,,,,,runs/experiment2_cross_site/site_b_amsterdam/E2XB_F1_C3/seed20240607/B2
2,B,E2XB_F1_C3,20240607,B4b,,263,True,True,True,,,,,,runs/experiment2_cross_site/site_b_amsterdam/E2XB_F1_C3/seed20240607/B4b
2,B,E2XB_F1_C3,20240608,B0,,241,True,False,False,,,,,,runs/experiment2_cross_site/site_b_amsterdam/E2XB_F1_C3/seed20240608/B0
2,B,E2XB_F1_C3,20240608,B1,,263,True,True,True,,,,,,runs/experiment2_cross_site/site_b_amsterdam/E2XB_F1_C3/seed20240608/B1
2,B,E2XB_F1_C3,20240608,B2,,263,True,True,True,,,,,,runs/experiment2_cross_site/site_b_amsterdam/E2XB_F1_C3/seed20240608/B2
2,B,E2XB_F1_C3,20240608,B4b,,263,True,True,True,,,,,,runs/experiment2_cross_site/site_b_amsterdam/E2XB_F1_C3/seed20240608/B4b
2,B,E2XB_F1_C3,20240609,B0,,241,True,False,False,,,,,,runs/experiment2_cross_site/site_b_amsterdam/E2XB_F1_C3/seed20240609/B0
2,B,E2XB_F1_C3,20240609,B1,,263,True,True,True,,,,,,runs/experiment2_cross_site/site_b_amsterdam/E2XB_F1_C3/seed20240609/B1
2,B,E2XB_F1_C3,20240609,B2,,263,True,True,True,,,,,,runs/experiment2_cross_site/site_b_amsterdam/E2XB_F1_C3/seed20240609/B2
2,B,E2XB_F1_C3,20240609,B4b,,271,True,True,True,,,,,,runs/experiment2_cross_site/site_b_amsterdam/E2XB_F1_C3/seed20240609/B4b
2,B,E2XB_F1_C3,20240610,B0,,241,True,False,False,,,,,,runs/experiment2_cross_site/site_b_amsterdam/E2XB_F1_C3/seed20240610/B0
2,B,E2XB_F1_C3,20240610,B1,,263,True,True,True,,,,,,runs/experiment2_cross_site/site_b_amsterdam/E2XB_F1_C3/seed20240610/B1
2,B,E2XB_F1_C3,20240610,B2,,263,True,True,True,,,,,,runs/experiment2_cross_site/site_b_amsterdam/E2XB_F1_C3/seed20240610/B2
2,B,E2XB_F1_C3,20240610,B4b,,263,True,True,True,,,,,,runs/experiment2_cross_site/site_b_amsterdam/E2XB_F1_C3/seed20240610/B4b
2,B,E2XB_F1_C3,20240611,B0,,241,True,False,False,,,,,,runs/experiment2_cross_site/site_b_amsterdam/E2XB_F1_C3/seed20240611/B0
2,B,E2XB_F1_C3,20240611,B1,,263,True,True,True,,,,,,runs/experiment2_cross_site/site_b_amsterdam/E2XB_F1_C3/seed20240611/B1
2,B,E2XB_F1_C3,20240611,B2,,263,True,True,True,,,,,,runs/experiment2_cross_site/site_b_amsterdam/E2XB_F1_C3/seed20240611/B2
2,B,E2XB_F1_C3,20240611,B4b,,263,True,True,True,,,,,,runs/experiment2_cross_site/site_b_amsterdam/E2XB_F1_C3/seed20240611/B4b
2,B,E2XB_F1_C3,20240612,B0,,241,True,False,False,,,,,,runs/experiment2_cross_site/site_b_amsterdam/E2XB_F1_C3/seed20240612/B0
2,B,E2XB_F1_C3,20240612,B1,,263,True,True,True,,,,,,runs/experiment2_cross_site/site_b_amsterdam/E2XB_F1_C3/seed20240612/B1
2,B,E2XB_F1_C3,20240612,B2,,263,True,True,True,,,,,,runs/experiment2_cross_site/site_b_amsterdam/E2XB_F1_C3/seed20240612/B2
2,B,E2XB_F1_C3,20240612,B4b,,263,True,True,True,,,,,,runs/experiment2_cross_site/site_b_amsterdam/E2XB_F1_C3/seed20240612/B4b
2,B,E2XB_F1_C3,20240613,B0,,241,True,False,False,,,,,,runs/experiment2_cross_site/site_b_amsterdam/E2XB_F1_C3/seed20240613/B0
2,B,E2XB_F1_C3,20240613,B1,,263,True,True,True,,,,,,runs/experiment2_cross_site/site_b_amsterdam/E2XB_F1_C3/seed20240613/B1
2,B,E2XB_F1_C3,20240613,B2,,263,True,True,True,,,,,,runs/experiment2_cross_site/site_b_amsterdam/E2XB_F1_C3/seed20240613/B2
2,B,E2XB_F1_C3,20240613,B4b,,263,True,True,True,,,,,,runs/experiment2_cross_site/site_b_amsterdam/E2XB_F1_C3/seed20240613/B4b
2,B,E2XB_F1_C3,20240614,B0,,241,True,False,False,,,,,,runs/experiment2_cross_site/site_b_amsterdam/E2XB_F1_C3/seed20240614/B0
2,B,E2XB_F1_C3,20240614,B1,,263,True,True,True,,,,,,runs/experiment2_cross_site/site_b_amsterdam/E2XB_F1_C3/seed20240614/B1
2,B,E2XB_F1_C3,20240614,B2,,263,True,True,True,,,,,,runs/experiment2_cross_site/site_b_amsterdam/E2XB_F1_C3/seed20240614/B2
2,B,E2XB_F1_C3,20240614,B4b,,263,True,True,True,,,,,,runs/experiment2_cross_site/site_b_amsterdam/E2XB_F1_C3/seed20240614/B4b
2,B,E2XB_F1_C3,20240615,B0,,241,True,False,False,,,,,,runs/experiment2_cross_site/site_b_amsterdam/E2XB_F1_C3/seed20240615/B0
2,B,E2XB_F1_C3,20240615,B1,,263,True,True,True,,,,,,runs/experiment2_cross_site/site_b_amsterdam/E2XB_F1_C3/seed20240615/B1
2,B,E2XB_F1_C3,20240615,B2,,263,True,True,True,,,,,,runs/experiment2_cross_site/site_b_amsterdam/E2XB_F1_C3/seed20240615/B2
2,B,E2XB_F1_C3,20240615,B4b,,263,True,True,True,,,,,,runs/experiment2_cross_site/site_b_amsterdam/E2XB_F1_C3/seed20240615/B4b
2,B,E2XB_F1_C3,20240616,B0,,241,True,False,False,,,,,,runs/experiment2_cross_site/site_b_amsterdam/E2XB_F1_C3/seed20240616/B0
2,B,E2XB_F1_C3,20240616,B1,,263,True,True,True,,,,,,runs/experiment2_cross_site/site_b_amsterdam/E2XB_F1_C3/seed20240616/B1
2,B,E2XB_F1_C3,20240616,B2,,263,True,True,True,,,,,,runs/experiment2_cross_site/site_b_amsterdam/E2XB_F1_C3/seed20240616/B2
2,B,E2XB_F1_C3,20240616,B4b,,263,True,True,True,,,,,,runs/experiment2_cross_site/site_b_amsterdam/E2XB_F1_C3/seed20240616/B4b
2,B,E2XB_F1_C3,20240617,B0,,241,True,False,False,,,,,,runs/experiment2_cross_site/site_b_amsterdam/E2XB_F1_C3/seed20240617/B0
2,B,E2XB_F1_C3,20240617,B1,,263,True,True,True,,,,,,runs/experiment2_cross_site/site_b_amsterdam/E2XB_F1_C3/seed20240617/B1
2,B,E2XB_F1_C3,20240617,B2,,263,True,True,True,,,,,,runs/experiment2_cross_site/site_b_amsterdam/E2XB_F1_C3/seed20240617/B2
2,B,E2XB_F1_C3,20240617,B4b,,263,True,True,True,,,,,,runs/experiment2_cross_site/site_b_amsterdam/E2XB_F1_C3/seed20240617/B4b
2,B,E2XB_F1_C3,20240618,B0,,241,True,False,False,,,,,,runs/experiment2_cross_site/site_b_amsterdam/E2XB_F1_C3/seed20240618/B0
2,B,E2XB_F1_C3,20240618,B1,,263,True,True,True,,,,,,runs/experiment2_cross_site/site_b_amsterdam/E2XB_F1_C3/seed20240618/B1
2,B,E2XB_F1_C3,20240618,B2,,263,True,True,True,,,,,,runs/experiment2_cross_site/site_b_amsterdam/E2XB_F1_C3/seed20240618/B2
2,B,E2XB_F1_C3,20240618,B4b,,263,True,True,True,,,,,,runs/experiment2_cross_site/site_b_amsterdam/E2XB_F1_C3/seed20240618/B4b
2,B,E2XB_F1_C3,20240619,B0,,241,True,False,False,,,,,,runs/experiment2_cross_site/site_b_amsterdam/E2XB_F1_C3/seed20240619/B0
2,B,E2XB_F1_C3,20240619,B1,,263,True,True,True,,,,,,runs/experiment2_cross_site/site_b_amsterdam/E2XB_F1_C3/seed20240619/B1
2,B,E2XB_F1_C3,20240619,B2,,263,True,True,True,,,,,,runs/experiment2_cross_site/site_b_amsterdam/E2XB_F1_C3/seed20240619/B2
2,B,E2XB_F1_C3,20240619,B4b,,263,True,True,True,,,,,,runs/experiment2_cross_site/site_b_amsterdam/E2XB_F1_C3/seed20240619/B4b
2,B,E2XB_F1_C3,20240620,B0,,241,True,False,False,,,,,,runs/experiment2_cross_site/site_b_amsterdam/E2XB_F1_C3/seed20240620/B0
2,B,E2XB_F1_C3,20240620,B1,,263,True,True,True,,,,,,runs/experiment2_cross_site/site_b_amsterdam/E2XB_F1_C3/seed20240620/B1
2,B,E2XB_F1_C3,20240620,B2,,263,True,True,True,,,,,,runs/experiment2_cross_site/site_b_amsterdam/E2XB_F1_C3/seed20240620/B2
2,B,E2XB_F1_C3,20240620,B4b,,263,True,True,True,,,,,,runs/experiment2_cross_site/site_b_amsterdam/E2XB_F1_C3/seed20240620/B4b
2,B,E2XB_F2_C1,20240601,B0,,241,True,False,False,,,,,,runs/experiment2_cross_site/site_b_amsterdam/E2XB_F2_C1/seed20240601/B0
2,B,E2XB_F2_C1,20240601,B1,,40,False,False,False,,,,,,runs/experiment2_cross_site/site_b_amsterdam/E2XB_F2_C1/seed20240601/B1
2,B,E2XB_F2_C1,20240601,B2,,40,False,False,False,,,,,,runs/experiment2_cross_site/site_b_amsterdam/E2XB_F2_C1/seed20240601/B2
2,B,E2XB_F2_C1,20240601,B4b,,40,False,False,False,,,,,,runs/experiment2_cross_site/site_b_amsterdam/E2XB_F2_C1/seed20240601/B4b
2,B,E2XB_F2_C1,20240602,B0,,241,True,False,False,,,,,,runs/experiment2_cross_site/site_b_amsterdam/E2XB_F2_C1/seed20240602/B0
2,B,E2XB_F2_C1,20240602,B1,,40,False,False,False,,,,,,runs/experiment2_cross_site/site_b_amsterdam/E2XB_F2_C1/seed20240602/B1
2,B,E2XB_F2_C1,20240602,B2,,40,False,False,False,,,,,,runs/experiment2_cross_site/site_b_amsterdam/E2XB_F2_C1/seed20240602/B2
2,B,E2XB_F2_C1,20240602,B4b,,40,False,False,False,,,,,,runs/experiment2_cross_site/site_b_amsterdam/E2XB_F2_C1/seed20240602/B4b
2,B,E2XB_F2_C1,20240603,B0,,241,True,False,False,,,,,,runs/experiment2_cross_site/site_b_amsterdam/E2XB_F2_C1/seed20240603/B0
2,B,E2XB_F2_C1,20240603,B1,,40,False,False,False,,,,,,runs/experiment2_cross_site/site_b_amsterdam/E2XB_F2_C1/seed20240603/B1
2,B,E2XB_F2_C1,20240603,B2,,40,False,False,False,,,,,,runs/experiment2_cross_site/site_b_amsterdam/E2XB_F2_C1/seed20240603/B2
2,B,E2XB_F2_C1,20240603,B4b,,40,False,False,False,,,,,,runs/experiment2_cross_site/site_b_amsterdam/E2XB_F2_C1/seed20240603/B4b
2,B,E2XB_F2_C1,20240604,B0,,241,True,False,False,,,,,,runs/experiment2_cross_site/site_b_amsterdam/E2XB_F2_C1/seed20240604/B0
2,B,E2XB_F2_C1,20240604,B1,,40,False,False,False,,,,,,runs/experiment2_cross_site/site_b_amsterdam/E2XB_F2_C1/seed20240604/B1
2,B,E2XB_F2_C1,20240604,B2,,40,False,False,False,,,,,,runs/experiment2_cross_site/site_b_amsterdam/E2XB_F2_C1/seed20240604/B2
2,B,E2XB_F2_C1,20240604,B4b,,40,False,False,False,,,,,,runs/experiment2_cross_site/site_b_amsterdam/E2XB_F2_C1/seed20240604/B4b
2,B,E2XB_F2_C1,20240605,B0,,241,True,False,False,,,,,,runs/experiment2_cross_site/site_b_amsterdam/E2XB_F2_C1/seed20240605/B0
2,B,E2XB_F2_C1,20240605,B1,,40,False,False,False,,,,,,runs/experiment2_cross_site/site_b_amsterdam/E2XB_F2_C1/seed20240605/B1
2,B,E2XB_F2_C1,20240605,B2,,40,False,False,False,,,,,,runs/experiment2_cross_site/site_b_amsterdam/E2XB_F2_C1/seed20240605/B2
2,B,E2XB_F2_C1,20240605,B4b,,40,False,False,False,,,,,,runs/experiment2_cross_site/site_b_amsterdam/E2XB_F2_C1/seed20240605/B4b
2,B,E2XB_F2_C1,20240606,B0,,241,True,False,False,,,,,,runs/experiment2_cross_site/site_b_amsterdam/E2XB_F2_C1/seed20240606/B0
2,B,E2XB_F2_C1,20240606,B1,,40,False,False,False,,,,,,runs/experiment2_cross_site/site_b_amsterdam/E2XB_F2_C1/seed20240606/B1
2,B,E2XB_F2_C1,20240606,B2,,40,False,False,False,,,,,,runs/experiment2_cross_site/site_b_amsterdam/E2XB_F2_C1/seed20240606/B2
2,B,E2XB_F2_C1,20240606,B4b,,40,False,False,False,,,,,,runs/experiment2_cross_site/site_b_amsterdam/E2XB_F2_C1/seed20240606/B4b
2,B,E2XB_F2_C1,20240607,B0,,241,True,False,False,,,,,,runs/experiment2_cross_site/site_b_amsterdam/E2XB_F2_C1/seed20240607/B0
2,B,E2XB_F2_C1,20240607,B1,,40,False,False,False,,,,,,runs/experiment2_cross_site/site_b_amsterdam/E2XB_F2_C1/seed20240607/B1
2,B,E2XB_F2_C1,20240607,B2,,40,False,False,False,,,,,,runs/experiment2_cross_site/site_b_amsterdam/E2XB_F2_C1/seed20240607/B2
2,B,E2XB_F2_C1,20240607,B4b,,40,False,False,False,,,,,,runs/experiment2_cross_site/site_b_amsterdam/E2XB_F2_C1/seed20240607/B4b
2,B,E2XB_F2_C1,20240608,B0,,241,True,False,False,,,,,,runs/experiment2_cross_site/site_b_amsterdam/E2XB_F2_C1/seed20240608/B0
2,B,E2XB_F2_C1,20240608,B1,,40,False,False,False,,,,,,runs/experiment2_cross_site/site_b_amsterdam/E2XB_F2_C1/seed20240608/B1
2,B,E2XB_F2_C1,20240608,B2,,40,False,False,False,,,,,,runs/experiment2_cross_site/site_b_amsterdam/E2XB_F2_C1/seed20240608/B2
2,B,E2XB_F2_C1,20240608,B4b,,40,False,False,False,,,,,,runs/experiment2_cross_site/site_b_amsterdam/E2XB_F2_C1/seed20240608/B4b
2,B,E2XB_F2_C1,20240609,B0,,241,True,False,False,,,,,,runs/experiment2_cross_site/site_b_amsterdam/E2XB_F2_C1/seed20240609/B0
2,B,E2XB_F2_C1,20240609,B1,,40,False,False,False,,,,,,runs/experiment2_cross_site/site_b_amsterdam/E2XB_F2_C1/seed20240609/B1
2,B,E2XB_F2_C1,20240609,B2,,40,False,False,False,,,,,,runs/experiment2_cross_site/site_b_amsterdam/E2XB_F2_C1/seed20240609/B2
2,B,E2XB_F2_C1,20240609,B4b,,40,False,False,False,,,,,,runs/experiment2_cross_site/site_b_amsterdam/E2XB_F2_C1/seed20240609/B4b
2,B,E2XB_F2_C1,20240610,B0,,241,True,False,False,,,,,,runs/experiment2_cross_site/site_b_amsterdam/E2XB_F2_C1/seed20240610/B0
2,B,E2XB_F2_C1,20240610,B1,,40,False,False,False,,,,,,runs/experiment2_cross_site/site_b_amsterdam/E2XB_F2_C1/seed20240610/B1
2,B,E2XB_F2_C1,20240610,B2,,40,False,False,False,,,,,,runs/experiment2_cross_site/site_b_amsterdam/E2XB_F2_C1/seed20240610/B2
2,B,E2XB_F2_C1,20240610,B4b,,40,False,False,False,,,,,,runs/experiment2_cross_site/site_b_amsterdam/E2XB_F2_C1/seed20240610/B4b
2,B,E2XB_F2_C1,20240611,B0,,241,True,False,False,,,,,,runs/experiment2_cross_site/site_b_amsterdam/E2XB_F2_C1/seed20240611/B0
2,B,E2XB_F2_C1,20240611,B1,,40,False,False,False,,,,,,runs/experiment2_cross_site/site_b_amsterdam/E2XB_F2_C1/seed20240611/B1
2,B,E2XB_F2_C1,20240611,B2,,40,False,False,False,,,,,,runs/experiment2_cross_site/site_b_amsterdam/E2XB_F2_C1/seed20240611/B2
2,B,E2XB_F2_C1,20240611,B4b,,40,False,False,False,,,,,,runs/experiment2_cross_site/site_b_amsterdam/E2XB_F2_C1/seed20240611/B4b
2,B,E2XB_F2_C1,20240612,B0,,241,True,False,False,,,,,,runs/experiment2_cross_site/site_b_amsterdam/E2XB_F2_C1/seed20240612/B0
2,B,E2XB_F2_C1,20240612,B1,,40,False,False,False,,,,,,runs/experiment2_cross_site/site_b_amsterdam/E2XB_F2_C1/seed20240612/B1
2,B,E2XB_F2_C1,20240612,B2,,40,False,False,False,,,,,,runs/experiment2_cross_site/site_b_amsterdam/E2XB_F2_C1/seed20240612/B2
2,B,E2XB_F2_C1,20240612,B4b,,40,False,False,False,,,,,,runs/experiment2_cross_site/site_b_amsterdam/E2XB_F2_C1/seed20240612/B4b
2,B,E2XB_F2_C1,20240613,B0,,241,True,False,False,,,,,,runs/experiment2_cross_site/site_b_amsterdam/E2XB_F2_C1/seed20240613/B0
2,B,E2XB_F2_C1,20240613,B1,,40,False,False,False,,,,,,runs/experiment2_cross_site/site_b_amsterdam/E2XB_F2_C1/seed20240613/B1
2,B,E2XB_F2_C1,20240613,B2,,40,False,False,False,,,,,,runs/experiment2_cross_site/site_b_amsterdam/E2XB_F2_C1/seed20240613/B2
2,B,E2XB_F2_C1,20240613,B4b,,40,False,False,False,,,,,,runs/experiment2_cross_site/site_b_amsterdam/E2XB_F2_C1/seed20240613/B4b
2,B,E2XB_F2_C1,20240614,B0,,241,True,False,False,,,,,,runs/experiment2_cross_site/site_b_amsterdam/E2XB_F2_C1/seed20240614/B0
2,B,E2XB_F2_C1,20240614,B1,,40,False,False,False,,,,,,runs/experiment2_cross_site/site_b_amsterdam/E2XB_F2_C1/seed20240614/B1
2,B,E2XB_F2_C1,20240614,B2,,40,False,False,False,,,,,,runs/experiment2_cross_site/site_b_amsterdam/E2XB_F2_C1/seed20240614/B2
2,B,E2XB_F2_C1,20240614,B4b,,40,False,False,False,,,,,,runs/experiment2_cross_site/site_b_amsterdam/E2XB_F2_C1/seed20240614/B4b
2,B,E2XB_F2_C1,20240615,B0,,241,True,False,False,,,,,,runs/experiment2_cross_site/site_b_amsterdam/E2XB_F2_C1/seed20240615/B0
2,B,E2XB_F2_C1,20240615,B1,,40,False,False,False,,,,,,runs/experiment2_cross_site/site_b_amsterdam/E2XB_F2_C1/seed20240615/B1
2,B,E2XB_F2_C1,20240615,B2,,40,False,False,False,,,,,,runs/experiment2_cross_site/site_b_amsterdam/E2XB_F2_C1/seed20240615/B2
2,B,E2XB_F2_C1,20240615,B4b,,40,False,False,False,,,,,,runs/experiment2_cross_site/site_b_amsterdam/E2XB_F2_C1/seed20240615/B4b
2,B,E2XB_F2_C1,20240616,B0,,241,True,False,False,,,,,,runs/experiment2_cross_site/site_b_amsterdam/E2XB_F2_C1/seed20240616/B0
2,B,E2XB_F2_C1,20240616,B1,,40,False,False,False,,,,,,runs/experiment2_cross_site/site_b_amsterdam/E2XB_F2_C1/seed20240616/B1
2,B,E2XB_F2_C1,20240616,B2,,40,False,False,False,,,,,,runs/experiment2_cross_site/site_b_amsterdam/E2XB_F2_C1/seed20240616/B2
2,B,E2XB_F2_C1,20240616,B4b,,40,False,False,False,,,,,,runs/experiment2_cross_site/site_b_amsterdam/E2XB_F2_C1/seed20240616/B4b
2,B,E2XB_F2_C1,20240617,B0,,241,True,False,False,,,,,,runs/experiment2_cross_site/site_b_amsterdam/E2XB_F2_C1/seed20240617/B0
2,B,E2XB_F2_C1,20240617,B1,,40,False,False,False,,,,,,runs/experiment2_cross_site/site_b_amsterdam/E2XB_F2_C1/seed20240617/B1
2,B,E2XB_F2_C1,20240617,B2,,40,False,False,False,,,,,,runs/experiment2_cross_site/site_b_amsterdam/E2XB_F2_C1/seed20240617/B2
2,B,E2XB_F2_C1,20240617,B4b,,40,False,False,False,,,,,,runs/experiment2_cross_site/site_b_amsterdam/E2XB_F2_C1/seed20240617/B4b
2,B,E2XB_F2_C1,20240618,B0,,241,True,False,False,,,,,,runs/experiment2_cross_site/site_b_amsterdam/E2XB_F2_C1/seed20240618/B0
2,B,E2XB_F2_C1,20240618,B1,,40,False,False,False,,,,,,runs/experiment2_cross_site/site_b_amsterdam/E2XB_F2_C1/seed20240618/B1
2,B,E2XB_F2_C1,20240618,B2,,40,False,False,False,,,,,,runs/experiment2_cross_site/site_b_amsterdam/E2XB_F2_C1/seed20240618/B2
2,B,E2XB_F2_C1,20240618,B4b,,40,False,False,False,,,,,,runs/experiment2_cross_site/site_b_amsterdam/E2XB_F2_C1/seed20240618/B4b
2,B,E2XB_F2_C1,20240619,B0,,241,True,False,False,,,,,,runs/experiment2_cross_site/site_b_amsterdam/E2XB_F2_C1/seed20240619/B0
2,B,E2XB_F2_C1,20240619,B1,,40,False,False,False,,,,,,runs/experiment2_cross_site/site_b_amsterdam/E2XB_F2_C1/seed20240619/B1
2,B,E2XB_F2_C1,20240619,B2,,40,False,False,False,,,,,,runs/experiment2_cross_site/site_b_amsterdam/E2XB_F2_C1/seed20240619/B2
2,B,E2XB_F2_C1,20240619,B4b,,40,False,False,False,,,,,,runs/experiment2_cross_site/site_b_amsterdam/E2XB_F2_C1/seed20240619/B4b
2,B,E2XB_F2_C1,20240620,B0,,241,True,False,False,,,,,,runs/experiment2_cross_site/site_b_amsterdam/E2XB_F2_C1/seed20240620/B0
2,B,E2XB_F2_C1,20240620,B1,,40,False,False,False,,,,,,runs/experiment2_cross_site/site_b_amsterdam/E2XB_F2_C1/seed20240620/B1
2,B,E2XB_F2_C1,20240620,B2,,40,False,False,False,,,,,,runs/experiment2_cross_site/site_b_amsterdam/E2XB_F2_C1/seed20240620/B2
2,B,E2XB_F2_C1,20240620,B4b,,40,False,False,False,,,,,,runs/experiment2_cross_site/site_b_amsterdam/E2XB_F2_C1/seed20240620/B4b
2,B,E2XB_F2_C2,20240601,B0,,241,True,False,False,,,,,,runs/experiment2_cross_site/site_b_amsterdam/E2XB_F2_C2/seed20240601/B0
2,B,E2XB_F2_C2,20240601,B1,,161,False,True,True,,,,,,runs/experiment2_cross_site/site_b_amsterdam/E2XB_F2_C2/seed20240601/B1
2,B,E2XB_F2_C2,20240601,B2,,161,False,True,True,,,,,,runs/experiment2_cross_site/site_b_amsterdam/E2XB_F2_C2/seed20240601/B2
2,B,E2XB_F2_C2,20240601,B4b,,161,False,True,True,,,,,,runs/experiment2_cross_site/site_b_amsterdam/E2XB_F2_C2/seed20240601/B4b
2,B,E2XB_F2_C2,20240602,B0,,241,True,False,False,,,,,,runs/experiment2_cross_site/site_b_amsterdam/E2XB_F2_C2/seed20240602/B0
2,B,E2XB_F2_C2,20240602,B1,,161,False,True,True,,,,,,runs/experiment2_cross_site/site_b_amsterdam/E2XB_F2_C2/seed20240602/B1
2,B,E2XB_F2_C2,20240602,B2,,161,False,True,True,,,,,,runs/experiment2_cross_site/site_b_amsterdam/E2XB_F2_C2/seed20240602/B2
2,B,E2XB_F2_C2,20240602,B4b,,161,False,True,True,,,,,,runs/experiment2_cross_site/site_b_amsterdam/E2XB_F2_C2/seed20240602/B4b
2,B,E2XB_F2_C2,20240603,B0,,241,True,False,False,,,,,,runs/experiment2_cross_site/site_b_amsterdam/E2XB_F2_C2/seed20240603/B0
2,B,E2XB_F2_C2,20240603,B1,,161,False,True,True,,,,,,runs/experiment2_cross_site/site_b_amsterdam/E2XB_F2_C2/seed20240603/B1
2,B,E2XB_F2_C2,20240603,B2,,161,False,True,True,,,,,,runs/experiment2_cross_site/site_b_amsterdam/E2XB_F2_C2/seed20240603/B2
2,B,E2XB_F2_C2,20240603,B4b,,161,False,True,True,,,,,,runs/experiment2_cross_site/site_b_amsterdam/E2XB_F2_C2/seed20240603/B4b
2,B,E2XB_F2_C2,20240604,B0,,241,True,False,False,,,,,,runs/experiment2_cross_site/site_b_amsterdam/E2XB_F2_C2/seed20240604/B0
2,B,E2XB_F2_C2,20240604,B1,,161,False,True,True,,,,,,runs/experiment2_cross_site/site_b_amsterdam/E2XB_F2_C2/seed20240604/B1
2,B,E2XB_F2_C2,20240604,B2,,161,False,True,True,,,,,,runs/experiment2_cross_site/site_b_amsterdam/E2XB_F2_C2/seed20240604/B2
2,B,E2XB_F2_C2,20240604,B4b,,161,False,True,True,,,,,,runs/experiment2_cross_site/site_b_amsterdam/E2XB_F2_C2/seed20240604/B4b
2,B,E2XB_F2_C2,20240605,B0,,241,True,False,False,,,,,,runs/experiment2_cross_site/site_b_amsterdam/E2XB_F2_C2/seed20240605/B0
2,B,E2XB_F2_C2,20240605,B1,,161,False,True,True,,,,,,runs/experiment2_cross_site/site_b_amsterdam/E2XB_F2_C2/seed20240605/B1
2,B,E2XB_F2_C2,20240605,B2,,161,False,True,True,,,,,,runs/experiment2_cross_site/site_b_amsterdam/E2XB_F2_C2/seed20240605/B2
2,B,E2XB_F2_C2,20240605,B4b,,161,False,True,True,,,,,,runs/experiment2_cross_site/site_b_amsterdam/E2XB_F2_C2/seed20240605/B4b
2,B,E2XB_F2_C2,20240606,B0,,241,True,False,False,,,,,,runs/experiment2_cross_site/site_b_amsterdam/E2XB_F2_C2/seed20240606/B0
2,B,E2XB_F2_C2,20240606,B1,,161,False,True,True,,,,,,runs/experiment2_cross_site/site_b_amsterdam/E2XB_F2_C2/seed20240606/B1
2,B,E2XB_F2_C2,20240606,B2,,161,False,True,True,,,,,,runs/experiment2_cross_site/site_b_amsterdam/E2XB_F2_C2/seed20240606/B2
2,B,E2XB_F2_C2,20240606,B4b,,161,False,True,True,,,,,,runs/experiment2_cross_site/site_b_amsterdam/E2XB_F2_C2/seed20240606/B4b
2,B,E2XB_F2_C2,20240607,B0,,241,True,False,False,,,,,,runs/experiment2_cross_site/site_b_amsterdam/E2XB_F2_C2/seed20240607/B0
2,B,E2XB_F2_C2,20240607,B1,,161,False,True,True,,,,,,runs/experiment2_cross_site/site_b_amsterdam/E2XB_F2_C2/seed20240607/B1
2,B,E2XB_F2_C2,20240607,B2,,161,False,True,True,,,,,,runs/experiment2_cross_site/site_b_amsterdam/E2XB_F2_C2/seed20240607/B2
2,B,E2XB_F2_C2,20240607,B4b,,161,False,True,True,,,,,,runs/experiment2_cross_site/site_b_amsterdam/E2XB_F2_C2/seed20240607/B4b
2,B,E2XB_F2_C2,20240608,B0,,241,True,False,False,,,,,,runs/experiment2_cross_site/site_b_amsterdam/E2XB_F2_C2/seed20240608/B0
2,B,E2XB_F2_C2,20240608,B1,,161,False,True,True,,,,,,runs/experiment2_cross_site/site_b_amsterdam/E2XB_F2_C2/seed20240608/B1
2,B,E2XB_F2_C2,20240608,B2,,161,False,True,True,,,,,,runs/experiment2_cross_site/site_b_amsterdam/E2XB_F2_C2/seed20240608/B2
2,B,E2XB_F2_C2,20240608,B4b,,161,False,True,True,,,,,,runs/experiment2_cross_site/site_b_amsterdam/E2XB_F2_C2/seed20240608/B4b
2,B,E2XB_F2_C2,20240609,B0,,241,True,False,False,,,,,,runs/experiment2_cross_site/site_b_amsterdam/E2XB_F2_C2/seed20240609/B0
2,B,E2XB_F2_C2,20240609,B1,,161,False,True,True,,,,,,runs/experiment2_cross_site/site_b_amsterdam/E2XB_F2_C2/seed20240609/B1
2,B,E2XB_F2_C2,20240609,B2,,161,False,True,True,,,,,,runs/experiment2_cross_site/site_b_amsterdam/E2XB_F2_C2/seed20240609/B2
2,B,E2XB_F2_C2,20240609,B4b,,161,False,True,True,,,,,,runs/experiment2_cross_site/site_b_amsterdam/E2XB_F2_C2/seed20240609/B4b
2,B,E2XB_F2_C2,20240610,B0,,241,True,False,False,,,,,,runs/experiment2_cross_site/site_b_amsterdam/E2XB_F2_C2/seed20240610/B0
2,B,E2XB_F2_C2,20240610,B1,,161,False,True,True,,,,,,runs/experiment2_cross_site/site_b_amsterdam/E2XB_F2_C2/seed20240610/B1
2,B,E2XB_F2_C2,20240610,B2,,161,False,True,True,,,,,,runs/experiment2_cross_site/site_b_amsterdam/E2XB_F2_C2/seed20240610/B2
2,B,E2XB_F2_C2,20240610,B4b,,161,False,True,True,,,,,,runs/experiment2_cross_site/site_b_amsterdam/E2XB_F2_C2/seed20240610/B4b
2,B,E2XB_F2_C2,20240611,B0,,241,True,False,False,,,,,,runs/experiment2_cross_site/site_b_amsterdam/E2XB_F2_C2/seed20240611/B0
2,B,E2XB_F2_C2,20240611,B1,,161,False,True,True,,,,,,runs/experiment2_cross_site/site_b_amsterdam/E2XB_F2_C2/seed20240611/B1
2,B,E2XB_F2_C2,20240611,B2,,161,False,True,True,,,,,,runs/experiment2_cross_site/site_b_amsterdam/E2XB_F2_C2/seed20240611/B2
2,B,E2XB_F2_C2,20240611,B4b,,161,False,True,True,,,,,,runs/experiment2_cross_site/site_b_amsterdam/E2XB_F2_C2/seed20240611/B4b
2,B,E2XB_F2_C2,20240612,B0,,241,True,False,False,,,,,,runs/experiment2_cross_site/site_b_amsterdam/E2XB_F2_C2/seed20240612/B0
2,B,E2XB_F2_C2,20240612,B1,,161,False,True,True,,,,,,runs/experiment2_cross_site/site_b_amsterdam/E2XB_F2_C2/seed20240612/B1
2,B,E2XB_F2_C2,20240612,B2,,161,False,True,True,,,,,,runs/experiment2_cross_site/site_b_amsterdam/E2XB_F2_C2/seed20240612/B2
2,B,E2XB_F2_C2,20240612,B4b,,161,False,True,True,,,,,,runs/experiment2_cross_site/site_b_amsterdam/E2XB_F2_C2/seed20240612/B4b
2,B,E2XB_F2_C2,20240613,B0,,241,True,False,False,,,,,,runs/experiment2_cross_site/site_b_amsterdam/E2XB_F2_C2/seed20240613/B0
2,B,E2XB_F2_C2,20240613,B1,,161,False,True,True,,,,,,runs/experiment2_cross_site/site_b_amsterdam/E2XB_F2_C2/seed20240613/B1
2,B,E2XB_F2_C2,20240613,B2,,161,False,True,True,,,,,,runs/experiment2_cross_site/site_b_amsterdam/E2XB_F2_C2/seed20240613/B2
2,B,E2XB_F2_C2,20240613,B4b,,161,False,True,True,,,,,,runs/experiment2_cross_site/site_b_amsterdam/E2XB_F2_C2/seed20240613/B4b
2,B,E2XB_F2_C2,20240614,B0,,241,True,False,False,,,,,,runs/experiment2_cross_site/site_b_amsterdam/E2XB_F2_C2/seed20240614/B0
2,B,E2XB_F2_C2,20240614,B1,,161,False,True,True,,,,,,runs/experiment2_cross_site/site_b_amsterdam/E2XB_F2_C2/seed20240614/B1
2,B,E2XB_F2_C2,20240614,B2,,161,False,True,True,,,,,,runs/experiment2_cross_site/site_b_amsterdam/E2XB_F2_C2/seed20240614/B2
2,B,E2XB_F2_C2,20240614,B4b,,161,False,True,True,,,,,,runs/experiment2_cross_site/site_b_amsterdam/E2XB_F2_C2/seed20240614/B4b
2,B,E2XB_F2_C2,20240615,B0,,241,True,False,False,,,,,,runs/experiment2_cross_site/site_b_amsterdam/E2XB_F2_C2/seed20240615/B0
2,B,E2XB_F2_C2,20240615,B1,,161,False,True,True,,,,,,runs/experiment2_cross_site/site_b_amsterdam/E2XB_F2_C2/seed20240615/B1
2,B,E2XB_F2_C2,20240615,B2,,161,False,True,True,,,,,,runs/experiment2_cross_site/site_b_amsterdam/E2XB_F2_C2/seed20240615/B2
2,B,E2XB_F2_C2,20240615,B4b,,161,False,True,True,,,,,,runs/experiment2_cross_site/site_b_amsterdam/E2XB_F2_C2/seed20240615/B4b
2,B,E2XB_F2_C2,20240616,B0,,241,True,False,False,,,,,,runs/experiment2_cross_site/site_b_amsterdam/E2XB_F2_C2/seed20240616/B0
2,B,E2XB_F2_C2,20240616,B1,,161,False,True,True,,,,,,runs/experiment2_cross_site/site_b_amsterdam/E2XB_F2_C2/seed20240616/B1
2,B,E2XB_F2_C2,20240616,B2,,161,False,True,True,,,,,,runs/experiment2_cross_site/site_b_amsterdam/E2XB_F2_C2/seed20240616/B2
2,B,E2XB_F2_C2,20240616,B4b,,161,False,True,True,,,,,,runs/experiment2_cross_site/site_b_amsterdam/E2XB_F2_C2/seed20240616/B4b
2,B,E2XB_F2_C2,20240617,B0,,241,True,False,False,,,,,,runs/experiment2_cross_site/site_b_amsterdam/E2XB_F2_C2/seed20240617/B0
2,B,E2XB_F2_C2,20240617,B1,,161,False,True,True,,,,,,runs/experiment2_cross_site/site_b_amsterdam/E2XB_F2_C2/seed20240617/B1
2,B,E2XB_F2_C2,20240617,B2,,161,False,True,True,,,,,,runs/experiment2_cross_site/site_b_amsterdam/E2XB_F2_C2/seed20240617/B2
2,B,E2XB_F2_C2,20240617,B4b,,161,False,True,True,,,,,,runs/experiment2_cross_site/site_b_amsterdam/E2XB_F2_C2/seed20240617/B4b
2,B,E2XB_F2_C2,20240618,B0,,241,True,False,False,,,,,,runs/experiment2_cross_site/site_b_amsterdam/E2XB_F2_C2/seed20240618/B0
2,B,E2XB_F2_C2,20240618,B1,,161,False,True,True,,,,,,runs/experiment2_cross_site/site_b_amsterdam/E2XB_F2_C2/seed20240618/B1
2,B,E2XB_F2_C2,20240618,B2,,161,False,True,True,,,,,,runs/experiment2_cross_site/site_b_amsterdam/E2XB_F2_C2/seed20240618/B2
2,B,E2XB_F2_C2,20240618,B4b,,161,False,True,True,,,,,,runs/experiment2_cross_site/site_b_amsterdam/E2XB_F2_C2/seed20240618/B4b
2,B,E2XB_F2_C2,20240619,B0,,241,True,False,False,,,,,,runs/experiment2_cross_site/site_b_amsterdam/E2XB_F2_C2/seed20240619/B0
2,B,E2XB_F2_C2,20240619,B1,,161,False,True,True,,,,,,runs/experiment2_cross_site/site_b_amsterdam/E2XB_F2_C2/seed20240619/B1
2,B,E2XB_F2_C2,20240619,B2,,161,False,True,True,,,,,,runs/experiment2_cross_site/site_b_amsterdam/E2XB_F2_C2/seed20240619/B2
2,B,E2XB_F2_C2,20240619,B4b,,161,False,True,True,,,,,,runs/experiment2_cross_site/site_b_amsterdam/E2XB_F2_C2/seed20240619/B4b
2,B,E2XB_F2_C2,20240620,B0,,241,True,False,False,,,,,,runs/experiment2_cross_site/site_b_amsterdam/E2XB_F2_C2/seed20240620/B0
2,B,E2XB_F2_C2,20240620,B1,,161,False,True,True,,,,,,runs/experiment2_cross_site/site_b_amsterdam/E2XB_F2_C2/seed20240620/B1
2,B,E2XB_F2_C2,20240620,B2,,161,False,True,True,,,,,,runs/experiment2_cross_site/site_b_amsterdam/E2XB_F2_C2/seed20240620/B2
2,B,E2XB_F2_C2,20240620,B4b,,161,False,True,True,,,,,,runs/experiment2_cross_site/site_b_amsterdam/E2XB_F2_C2/seed20240620/B4b
2,B,E2XB_F2_C3,20240601,B0,,241,True,False,False,,,,,,runs/experiment2_cross_site/site_b_amsterdam/E2XB_F2_C3/seed20240601/B0
2,B,E2XB_F2_C3,20240601,B1,,263,True,True,True,,,,,,runs/experiment2_cross_site/site_b_amsterdam/E2XB_F2_C3/seed20240601/B1
2,B,E2XB_F2_C3,20240601,B2,,263,True,True,True,,,,,,runs/experiment2_cross_site/site_b_amsterdam/E2XB_F2_C3/seed20240601/B2
2,B,E2XB_F2_C3,20240601,B4b,,263,True,True,True,,,,,,runs/experiment2_cross_site/site_b_amsterdam/E2XB_F2_C3/seed20240601/B4b
2,B,E2XB_F2_C3,20240602,B0,,241,True,False,False,,,,,,runs/experiment2_cross_site/site_b_amsterdam/E2XB_F2_C3/seed20240602/B0
2,B,E2XB_F2_C3,20240602,B1,,263,True,True,True,,,,,,runs/experiment2_cross_site/site_b_amsterdam/E2XB_F2_C3/seed20240602/B1
2,B,E2XB_F2_C3,20240602,B2,,263,True,True,True,,,,,,runs/experiment2_cross_site/site_b_amsterdam/E2XB_F2_C3/seed20240602/B2
2,B,E2XB_F2_C3,20240602,B4b,,263,True,True,True,,,,,,runs/experiment2_cross_site/site_b_amsterdam/E2XB_F2_C3/seed20240602/B4b
2,B,E2XB_F2_C3,20240603,B0,,241,True,False,False,,,,,,runs/experiment2_cross_site/site_b_amsterdam/E2XB_F2_C3/seed20240603/B0
2,B,E2XB_F2_C3,20240603,B1,,263,True,True,True,,,,,,runs/experiment2_cross_site/site_b_amsterdam/E2XB_F2_C3/seed20240603/B1
2,B,E2XB_F2_C3,20240603,B2,,263,True,True,True,,,,,,runs/experiment2_cross_site/site_b_amsterdam/E2XB_F2_C3/seed20240603/B2
2,B,E2XB_F2_C3,20240603,B4b,,263,True,True,True,,,,,,runs/experiment2_cross_site/site_b_amsterdam/E2XB_F2_C3/seed20240603/B4b
2,B,E2XB_F2_C3,20240604,B0,,241,True,False,False,,,,,,runs/experiment2_cross_site/site_b_amsterdam/E2XB_F2_C3/seed20240604/B0
2,B,E2XB_F2_C3,20240604,B1,,263,True,True,True,,,,,,runs/experiment2_cross_site/site_b_amsterdam/E2XB_F2_C3/seed20240604/B1
2,B,E2XB_F2_C3,20240604,B2,,263,True,True,True,,,,,,runs/experiment2_cross_site/site_b_amsterdam/E2XB_F2_C3/seed20240604/B2
2,B,E2XB_F2_C3,20240604,B4b,,263,True,True,True,,,,,,runs/experiment2_cross_site/site_b_amsterdam/E2XB_F2_C3/seed20240604/B4b
2,B,E2XB_F2_C3,20240605,B0,,241,True,False,False,,,,,,runs/experiment2_cross_site/site_b_amsterdam/E2XB_F2_C3/seed20240605/B0
2,B,E2XB_F2_C3,20240605,B1,,263,True,True,True,,,,,,runs/experiment2_cross_site/site_b_amsterdam/E2XB_F2_C3/seed20240605/B1
2,B,E2XB_F2_C3,20240605,B2,,263,True,True,True,,,,,,runs/experiment2_cross_site/site_b_amsterdam/E2XB_F2_C3/seed20240605/B2
2,B,E2XB_F2_C3,20240605,B4b,,263,True,True,True,,,,,,runs/experiment2_cross_site/site_b_amsterdam/E2XB_F2_C3/seed20240605/B4b
2,B,E2XB_F2_C3,20240606,B0,,241,True,False,False,,,,,,runs/experiment2_cross_site/site_b_amsterdam/E2XB_F2_C3/seed20240606/B0
2,B,E2XB_F2_C3,20240606,B1,,263,True,True,True,,,,,,runs/experiment2_cross_site/site_b_amsterdam/E2XB_F2_C3/seed20240606/B1
2,B,E2XB_F2_C3,20240606,B2,,263,True,True,True,,,,,,runs/experiment2_cross_site/site_b_amsterdam/E2XB_F2_C3/seed20240606/B2
2,B,E2XB_F2_C3,20240606,B4b,,263,True,True,True,,,,,,runs/experiment2_cross_site/site_b_amsterdam/E2XB_F2_C3/seed20240606/B4b
2,B,E2XB_F2_C3,20240607,B0,,241,True,False,False,,,,,,runs/experiment2_cross_site/site_b_amsterdam/E2XB_F2_C3/seed20240607/B0
2,B,E2XB_F2_C3,20240607,B1,,263,True,True,True,,,,,,runs/experiment2_cross_site/site_b_amsterdam/E2XB_F2_C3/seed20240607/B1
2,B,E2XB_F2_C3,20240607,B2,,263,True,True,True,,,,,,runs/experiment2_cross_site/site_b_amsterdam/E2XB_F2_C3/seed20240607/B2
2,B,E2XB_F2_C3,20240607,B4b,,263,True,True,True,,,,,,runs/experiment2_cross_site/site_b_amsterdam/E2XB_F2_C3/seed20240607/B4b
2,B,E2XB_F2_C3,20240608,B0,,241,True,False,False,,,,,,runs/experiment2_cross_site/site_b_amsterdam/E2XB_F2_C3/seed20240608/B0
2,B,E2XB_F2_C3,20240608,B1,,263,True,True,True,,,,,,runs/experiment2_cross_site/site_b_amsterdam/E2XB_F2_C3/seed20240608/B1
2,B,E2XB_F2_C3,20240608,B2,,263,True,True,True,,,,,,runs/experiment2_cross_site/site_b_amsterdam/E2XB_F2_C3/seed20240608/B2
2,B,E2XB_F2_C3,20240608,B4b,,263,True,True,True,,,,,,runs/experiment2_cross_site/site_b_amsterdam/E2XB_F2_C3/seed20240608/B4b
2,B,E2XB_F2_C3,20240609,B0,,241,True,False,False,,,,,,runs/experiment2_cross_site/site_b_amsterdam/E2XB_F2_C3/seed20240609/B0
2,B,E2XB_F2_C3,20240609,B1,,263,True,True,True,,,,,,runs/experiment2_cross_site/site_b_amsterdam/E2XB_F2_C3/seed20240609/B1
2,B,E2XB_F2_C3,20240609,B2,,263,True,True,True,,,,,,runs/experiment2_cross_site/site_b_amsterdam/E2XB_F2_C3/seed20240609/B2
2,B,E2XB_F2_C3,20240609,B4b,,263,True,True,True,,,,,,runs/experiment2_cross_site/site_b_amsterdam/E2XB_F2_C3/seed20240609/B4b
2,B,E2XB_F2_C3,20240610,B0,,241,True,False,False,,,,,,runs/experiment2_cross_site/site_b_amsterdam/E2XB_F2_C3/seed20240610/B0
2,B,E2XB_F2_C3,20240610,B1,,263,True,True,True,,,,,,runs/experiment2_cross_site/site_b_amsterdam/E2XB_F2_C3/seed20240610/B1
2,B,E2XB_F2_C3,20240610,B2,,263,True,True,True,,,,,,runs/experiment2_cross_site/site_b_amsterdam/E2XB_F2_C3/seed20240610/B2
2,B,E2XB_F2_C3,20240610,B4b,,263,True,True,True,,,,,,runs/experiment2_cross_site/site_b_amsterdam/E2XB_F2_C3/seed20240610/B4b
2,B,E2XB_F2_C3,20240611,B0,,241,True,False,False,,,,,,runs/experiment2_cross_site/site_b_amsterdam/E2XB_F2_C3/seed20240611/B0
2,B,E2XB_F2_C3,20240611,B1,,263,True,True,True,,,,,,runs/experiment2_cross_site/site_b_amsterdam/E2XB_F2_C3/seed20240611/B1
2,B,E2XB_F2_C3,20240611,B2,,263,True,True,True,,,,,,runs/experiment2_cross_site/site_b_amsterdam/E2XB_F2_C3/seed20240611/B2
2,B,E2XB_F2_C3,20240611,B4b,,263,True,True,True,,,,,,runs/experiment2_cross_site/site_b_amsterdam/E2XB_F2_C3/seed20240611/B4b
2,B,E2XB_F2_C3,20240612,B0,,241,True,False,False,,,,,,runs/experiment2_cross_site/site_b_amsterdam/E2XB_F2_C3/seed20240612/B0
2,B,E2XB_F2_C3,20240612,B1,,263,True,True,True,,,,,,runs/experiment2_cross_site/site_b_amsterdam/E2XB_F2_C3/seed20240612/B1
2,B,E2XB_F2_C3,20240612,B2,,263,True,True,True,,,,,,runs/experiment2_cross_site/site_b_amsterdam/E2XB_F2_C3/seed20240612/B2
2,B,E2XB_F2_C3,20240612,B4b,,263,True,True,True,,,,,,runs/experiment2_cross_site/site_b_amsterdam/E2XB_F2_C3/seed20240612/B4b
2,B,E2XB_F2_C3,20240613,B0,,241,True,False,False,,,,,,runs/experiment2_cross_site/site_b_amsterdam/E2XB_F2_C3/seed20240613/B0
2,B,E2XB_F2_C3,20240613,B1,,263,True,True,True,,,,,,runs/experiment2_cross_site/site_b_amsterdam/E2XB_F2_C3/seed20240613/B1
2,B,E2XB_F2_C3,20240613,B2,,263,True,True,True,,,,,,runs/experiment2_cross_site/site_b_amsterdam/E2XB_F2_C3/seed20240613/B2
2,B,E2XB_F2_C3,20240613,B4b,,263,True,True,True,,,,,,runs/experiment2_cross_site/site_b_amsterdam/E2XB_F2_C3/seed20240613/B4b
2,B,E2XB_F2_C3,20240614,B0,,241,True,False,False,,,,,,runs/experiment2_cross_site/site_b_amsterdam/E2XB_F2_C3/seed20240614/B0
2,B,E2XB_F2_C3,20240614,B1,,263,True,True,True,,,,,,runs/experiment2_cross_site/site_b_amsterdam/E2XB_F2_C3/seed20240614/B1
2,B,E2XB_F2_C3,20240614,B2,,263,True,True,True,,,,,,runs/experiment2_cross_site/site_b_amsterdam/E2XB_F2_C3/seed20240614/B2
2,B,E2XB_F2_C3,20240614,B4b,,263,True,True,True,,,,,,runs/experiment2_cross_site/site_b_amsterdam/E2XB_F2_C3/seed20240614/B4b
2,B,E2XB_F2_C3,20240615,B0,,241,True,False,False,,,,,,runs/experiment2_cross_site/site_b_amsterdam/E2XB_F2_C3/seed20240615/B0
2,B,E2XB_F2_C3,20240615,B1,,263,True,True,True,,,,,,runs/experiment2_cross_site/site_b_amsterdam/E2XB_F2_C3/seed20240615/B1
2,B,E2XB_F2_C3,20240615,B2,,263,True,True,True,,,,,,runs/experiment2_cross_site/site_b_amsterdam/E2XB_F2_C3/seed20240615/B2
2,B,E2XB_F2_C3,20240615,B4b,,263,True,True,True,,,,,,runs/experiment2_cross_site/site_b_amsterdam/E2XB_F2_C3/seed20240615/B4b
2,B,E2XB_F2_C3,20240616,B0,,241,True,False,False,,,,,,runs/experiment2_cross_site/site_b_amsterdam/E2XB_F2_C3/seed20240616/B0
2,B,E2XB_F2_C3,20240616,B1,,263,True,True,True,,,,,,runs/experiment2_cross_site/site_b_amsterdam/E2XB_F2_C3/seed20240616/B1
2,B,E2XB_F2_C3,20240616,B2,,263,True,True,True,,,,,,runs/experiment2_cross_site/site_b_amsterdam/E2XB_F2_C3/seed20240616/B2
2,B,E2XB_F2_C3,20240616,B4b,,263,True,True,True,,,,,,runs/experiment2_cross_site/site_b_amsterdam/E2XB_F2_C3/seed20240616/B4b
2,B,E2XB_F2_C3,20240617,B0,,241,True,False,False,,,,,,runs/experiment2_cross_site/site_b_amsterdam/E2XB_F2_C3/seed20240617/B0
2,B,E2XB_F2_C3,20240617,B1,,263,True,True,True,,,,,,runs/experiment2_cross_site/site_b_amsterdam/E2XB_F2_C3/seed20240617/B1
2,B,E2XB_F2_C3,20240617,B2,,263,True,True,True,,,,,,runs/experiment2_cross_site/site_b_amsterdam/E2XB_F2_C3/seed20240617/B2
2,B,E2XB_F2_C3,20240617,B4b,,263,True,True,True,,,,,,runs/experiment2_cross_site/site_b_amsterdam/E2XB_F2_C3/seed20240617/B4b
2,B,E2XB_F2_C3,20240618,B0,,241,True,False,False,,,,,,runs/experiment2_cross_site/site_b_amsterdam/E2XB_F2_C3/seed20240618/B0
2,B,E2XB_F2_C3,20240618,B1,,263,True,True,True,,,,,,runs/experiment2_cross_site/site_b_amsterdam/E2XB_F2_C3/seed20240618/B1
2,B,E2XB_F2_C3,20240618,B2,,263,True,True,True,,,,,,runs/experiment2_cross_site/site_b_amsterdam/E2XB_F2_C3/seed20240618/B2
2,B,E2XB_F2_C3,20240618,B4b,,263,True,True,True,,,,,,runs/experiment2_cross_site/site_b_amsterdam/E2XB_F2_C3/seed20240618/B4b
2,B,E2XB_F2_C3,20240619,B0,,241,True,False,False,,,,,,runs/experiment2_cross_site/site_b_amsterdam/E2XB_F2_C3/seed20240619/B0
2,B,E2XB_F2_C3,20240619,B1,,263,True,True,True,,,,,,runs/experiment2_cross_site/site_b_amsterdam/E2XB_F2_C3/seed20240619/B1
2,B,E2XB_F2_C3,20240619,B2,,263,True,True,True,,,,,,runs/experiment2_cross_site/site_b_amsterdam/E2XB_F2_C3/seed20240619/B2
2,B,E2XB_F2_C3,20240619,B4b,,263,True,True,True,,,,,,runs/experiment2_cross_site/site_b_amsterdam/E2XB_F2_C3/seed20240619/B4b
2,B,E2XB_F2_C3,20240620,B0,,241,True,False,False,,,,,,runs/experiment2_cross_site/site_b_amsterdam/E2XB_F2_C3/seed20240620/B0
2,B,E2XB_F2_C3,20240620,B1,,263,True,True,True,,,,,,runs/experiment2_cross_site/site_b_amsterdam/E2XB_F2_C3/seed20240620/B1
2,B,E2XB_F2_C3,20240620,B2,,263,True,True,True,,,,,,runs/experiment2_cross_site/site_b_amsterdam/E2XB_F2_C3/seed20240620/B2
2,B,E2XB_F2_C3,20240620,B4b,,263,True,True,True,,,,,,runs/experiment2_cross_site/site_b_amsterdam/E2XB_F2_C3/seed20240620/B4b
2,B,E2XB_F3_C1,20240601,B0,,241,True,False,False,,,,,,runs/experiment2_cross_site/site_b_amsterdam/E2XB_F3_C1/seed20240601/B0
2,B,E2XB_F3_C1,20240601,B1,,40,False,False,False,,,,,,runs/experiment2_cross_site/site_b_amsterdam/E2XB_F3_C1/seed20240601/B1
2,B,E2XB_F3_C1,20240601,B2,,40,False,False,False,,,,,,runs/experiment2_cross_site/site_b_amsterdam/E2XB_F3_C1/seed20240601/B2
2,B,E2XB_F3_C1,20240601,B4b,,40,False,False,False,,,,,,runs/experiment2_cross_site/site_b_amsterdam/E2XB_F3_C1/seed20240601/B4b
2,B,E2XB_F3_C1,20240602,B0,,241,True,False,False,,,,,,runs/experiment2_cross_site/site_b_amsterdam/E2XB_F3_C1/seed20240602/B0
2,B,E2XB_F3_C1,20240602,B1,,40,False,False,False,,,,,,runs/experiment2_cross_site/site_b_amsterdam/E2XB_F3_C1/seed20240602/B1
2,B,E2XB_F3_C1,20240602,B2,,40,False,False,False,,,,,,runs/experiment2_cross_site/site_b_amsterdam/E2XB_F3_C1/seed20240602/B2
2,B,E2XB_F3_C1,20240602,B4b,,40,False,False,False,,,,,,runs/experiment2_cross_site/site_b_amsterdam/E2XB_F3_C1/seed20240602/B4b
2,B,E2XB_F3_C1,20240603,B0,,241,True,False,False,,,,,,runs/experiment2_cross_site/site_b_amsterdam/E2XB_F3_C1/seed20240603/B0
2,B,E2XB_F3_C1,20240603,B1,,40,False,False,False,,,,,,runs/experiment2_cross_site/site_b_amsterdam/E2XB_F3_C1/seed20240603/B1
2,B,E2XB_F3_C1,20240603,B2,,40,False,False,False,,,,,,runs/experiment2_cross_site/site_b_amsterdam/E2XB_F3_C1/seed20240603/B2
2,B,E2XB_F3_C1,20240603,B4b,,40,False,False,False,,,,,,runs/experiment2_cross_site/site_b_amsterdam/E2XB_F3_C1/seed20240603/B4b
2,B,E2XB_F3_C1,20240604,B0,,241,True,False,False,,,,,,runs/experiment2_cross_site/site_b_amsterdam/E2XB_F3_C1/seed20240604/B0
2,B,E2XB_F3_C1,20240604,B1,,40,False,False,False,,,,,,runs/experiment2_cross_site/site_b_amsterdam/E2XB_F3_C1/seed20240604/B1
2,B,E2XB_F3_C1,20240604,B2,,40,False,False,False,,,,,,runs/experiment2_cross_site/site_b_amsterdam/E2XB_F3_C1/seed20240604/B2
2,B,E2XB_F3_C1,20240604,B4b,,40,False,False,False,,,,,,runs/experiment2_cross_site/site_b_amsterdam/E2XB_F3_C1/seed20240604/B4b
2,B,E2XB_F3_C1,20240605,B0,,241,True,False,False,,,,,,runs/experiment2_cross_site/site_b_amsterdam/E2XB_F3_C1/seed20240605/B0
2,B,E2XB_F3_C1,20240605,B1,,40,False,False,False,,,,,,runs/experiment2_cross_site/site_b_amsterdam/E2XB_F3_C1/seed20240605/B1
2,B,E2XB_F3_C1,20240605,B2,,40,False,False,False,,,,,,runs/experiment2_cross_site/site_b_amsterdam/E2XB_F3_C1/seed20240605/B2
2,B,E2XB_F3_C1,20240605,B4b,,40,False,False,False,,,,,,runs/experiment2_cross_site/site_b_amsterdam/E2XB_F3_C1/seed20240605/B4b
2,B,E2XB_F3_C1,20240606,B0,,241,True,False,False,,,,,,runs/experiment2_cross_site/site_b_amsterdam/E2XB_F3_C1/seed20240606/B0
2,B,E2XB_F3_C1,20240606,B1,,40,False,False,False,,,,,,runs/experiment2_cross_site/site_b_amsterdam/E2XB_F3_C1/seed20240606/B1
2,B,E2XB_F3_C1,20240606,B2,,40,False,False,False,,,,,,runs/experiment2_cross_site/site_b_amsterdam/E2XB_F3_C1/seed20240606/B2
2,B,E2XB_F3_C1,20240606,B4b,,40,False,False,False,,,,,,runs/experiment2_cross_site/site_b_amsterdam/E2XB_F3_C1/seed20240606/B4b
2,B,E2XB_F3_C1,20240607,B0,,241,True,False,False,,,,,,runs/experiment2_cross_site/site_b_amsterdam/E2XB_F3_C1/seed20240607/B0
2,B,E2XB_F3_C1,20240607,B1,,40,False,False,False,,,,,,runs/experiment2_cross_site/site_b_amsterdam/E2XB_F3_C1/seed20240607/B1
2,B,E2XB_F3_C1,20240607,B2,,40,False,False,False,,,,,,runs/experiment2_cross_site/site_b_amsterdam/E2XB_F3_C1/seed20240607/B2
2,B,E2XB_F3_C1,20240607,B4b,,40,False,False,False,,,,,,runs/experiment2_cross_site/site_b_amsterdam/E2XB_F3_C1/seed20240607/B4b
2,B,E2XB_F3_C1,20240608,B0,,241,True,False,False,,,,,,runs/experiment2_cross_site/site_b_amsterdam/E2XB_F3_C1/seed20240608/B0
2,B,E2XB_F3_C1,20240608,B1,,40,False,False,False,,,,,,runs/experiment2_cross_site/site_b_amsterdam/E2XB_F3_C1/seed20240608/B1
2,B,E2XB_F3_C1,20240608,B2,,40,False,False,False,,,,,,runs/experiment2_cross_site/site_b_amsterdam/E2XB_F3_C1/seed20240608/B2
2,B,E2XB_F3_C1,20240608,B4b,,40,False,False,False,,,,,,runs/experiment2_cross_site/site_b_amsterdam/E2XB_F3_C1/seed20240608/B4b
2,B,E2XB_F3_C1,20240609,B0,,241,True,False,False,,,,,,runs/experiment2_cross_site/site_b_amsterdam/E2XB_F3_C1/seed20240609/B0
2,B,E2XB_F3_C1,20240609,B1,,40,False,False,False,,,,,,runs/experiment2_cross_site/site_b_amsterdam/E2XB_F3_C1/seed20240609/B1
2,B,E2XB_F3_C1,20240609,B2,,40,False,False,False,,,,,,runs/experiment2_cross_site/site_b_amsterdam/E2XB_F3_C1/seed20240609/B2
2,B,E2XB_F3_C1,20240609,B4b,,40,False,False,False,,,,,,runs/experiment2_cross_site/site_b_amsterdam/E2XB_F3_C1/seed20240609/B4b
2,B,E2XB_F3_C1,20240610,B0,,241,True,False,False,,,,,,runs/experiment2_cross_site/site_b_amsterdam/E2XB_F3_C1/seed20240610/B0
2,B,E2XB_F3_C1,20240610,B1,,40,False,False,False,,,,,,runs/experiment2_cross_site/site_b_amsterdam/E2XB_F3_C1/seed20240610/B1
2,B,E2XB_F3_C1,20240610,B2,,40,False,False,False,,,,,,runs/experiment2_cross_site/site_b_amsterdam/E2XB_F3_C1/seed20240610/B2
2,B,E2XB_F3_C1,20240610,B4b,,40,False,False,False,,,,,,runs/experiment2_cross_site/site_b_amsterdam/E2XB_F3_C1/seed20240610/B4b
2,B,E2XB_F3_C1,20240611,B0,,241,True,False,False,,,,,,runs/experiment2_cross_site/site_b_amsterdam/E2XB_F3_C1/seed20240611/B0
2,B,E2XB_F3_C1,20240611,B1,,40,False,False,False,,,,,,runs/experiment2_cross_site/site_b_amsterdam/E2XB_F3_C1/seed20240611/B1
2,B,E2XB_F3_C1,20240611,B2,,40,False,False,False,,,,,,runs/experiment2_cross_site/site_b_amsterdam/E2XB_F3_C1/seed20240611/B2
2,B,E2XB_F3_C1,20240611,B4b,,40,False,False,False,,,,,,runs/experiment2_cross_site/site_b_amsterdam/E2XB_F3_C1/seed20240611/B4b
2,B,E2XB_F3_C1,20240612,B0,,241,True,False,False,,,,,,runs/experiment2_cross_site/site_b_amsterdam/E2XB_F3_C1/seed20240612/B0
2,B,E2XB_F3_C1,20240612,B1,,40,False,False,False,,,,,,runs/experiment2_cross_site/site_b_amsterdam/E2XB_F3_C1/seed20240612/B1
2,B,E2XB_F3_C1,20240612,B2,,40,False,False,False,,,,,,runs/experiment2_cross_site/site_b_amsterdam/E2XB_F3_C1/seed20240612/B2
2,B,E2XB_F3_C1,20240612,B4b,,40,False,False,False,,,,,,runs/experiment2_cross_site/site_b_amsterdam/E2XB_F3_C1/seed20240612/B4b
2,B,E2XB_F3_C1,20240613,B0,,241,True,False,False,,,,,,runs/experiment2_cross_site/site_b_amsterdam/E2XB_F3_C1/seed20240613/B0
2,B,E2XB_F3_C1,20240613,B1,,40,False,False,False,,,,,,runs/experiment2_cross_site/site_b_amsterdam/E2XB_F3_C1/seed20240613/B1
2,B,E2XB_F3_C1,20240613,B2,,40,False,False,False,,,,,,runs/experiment2_cross_site/site_b_amsterdam/E2XB_F3_C1/seed20240613/B2
2,B,E2XB_F3_C1,20240613,B4b,,40,False,False,False,,,,,,runs/experiment2_cross_site/site_b_amsterdam/E2XB_F3_C1/seed20240613/B4b
2,B,E2XB_F3_C1,20240614,B0,,241,True,False,False,,,,,,runs/experiment2_cross_site/site_b_amsterdam/E2XB_F3_C1/seed20240614/B0
2,B,E2XB_F3_C1,20240614,B1,,40,False,False,False,,,,,,runs/experiment2_cross_site/site_b_amsterdam/E2XB_F3_C1/seed20240614/B1
2,B,E2XB_F3_C1,20240614,B2,,40,False,False,False,,,,,,runs/experiment2_cross_site/site_b_amsterdam/E2XB_F3_C1/seed20240614/B2
2,B,E2XB_F3_C1,20240614,B4b,,40,False,False,False,,,,,,runs/experiment2_cross_site/site_b_amsterdam/E2XB_F3_C1/seed20240614/B4b
2,B,E2XB_F3_C1,20240615,B0,,241,True,False,False,,,,,,runs/experiment2_cross_site/site_b_amsterdam/E2XB_F3_C1/seed20240615/B0
2,B,E2XB_F3_C1,20240615,B1,,40,False,False,False,,,,,,runs/experiment2_cross_site/site_b_amsterdam/E2XB_F3_C1/seed20240615/B1
2,B,E2XB_F3_C1,20240615,B2,,40,False,False,False,,,,,,runs/experiment2_cross_site/site_b_amsterdam/E2XB_F3_C1/seed20240615/B2
2,B,E2XB_F3_C1,20240615,B4b,,40,False,False,False,,,,,,runs/experiment2_cross_site/site_b_amsterdam/E2XB_F3_C1/seed20240615/B4b
2,B,E2XB_F3_C1,20240616,B0,,241,True,False,False,,,,,,runs/experiment2_cross_site/site_b_amsterdam/E2XB_F3_C1/seed20240616/B0
2,B,E2XB_F3_C1,20240616,B1,,40,False,False,False,,,,,,runs/experiment2_cross_site/site_b_amsterdam/E2XB_F3_C1/seed20240616/B1
2,B,E2XB_F3_C1,20240616,B2,,40,False,False,False,,,,,,runs/experiment2_cross_site/site_b_amsterdam/E2XB_F3_C1/seed20240616/B2
2,B,E2XB_F3_C1,20240616,B4b,,40,False,False,False,,,,,,runs/experiment2_cross_site/site_b_amsterdam/E2XB_F3_C1/seed20240616/B4b
2,B,E2XB_F3_C1,20240617,B0,,241,True,False,False,,,,,,runs/experiment2_cross_site/site_b_amsterdam/E2XB_F3_C1/seed20240617/B0
2,B,E2XB_F3_C1,20240617,B1,,40,False,False,False,,,,,,runs/experiment2_cross_site/site_b_amsterdam/E2XB_F3_C1/seed20240617/B1
2,B,E2XB_F3_C1,20240617,B2,,40,False,False,False,,,,,,runs/experiment2_cross_site/site_b_amsterdam/E2XB_F3_C1/seed20240617/B2
2,B,E2XB_F3_C1,20240617,B4b,,40,False,False,False,,,,,,runs/experiment2_cross_site/site_b_amsterdam/E2XB_F3_C1/seed20240617/B4b
2,B,E2XB_F3_C1,20240618,B0,,241,True,False,False,,,,,,runs/experiment2_cross_site/site_b_amsterdam/E2XB_F3_C1/seed20240618/B0
2,B,E2XB_F3_C1,20240618,B1,,40,False,False,False,,,,,,runs/experiment2_cross_site/site_b_amsterdam/E2XB_F3_C1/seed20240618/B1
2,B,E2XB_F3_C1,20240618,B2,,40,False,False,False,,,,,,runs/experiment2_cross_site/site_b_amsterdam/E2XB_F3_C1/seed20240618/B2
2,B,E2XB_F3_C1,20240618,B4b,,40,False,False,False,,,,,,runs/experiment2_cross_site/site_b_amsterdam/E2XB_F3_C1/seed20240618/B4b
2,B,E2XB_F3_C1,20240619,B0,,241,True,False,False,,,,,,runs/experiment2_cross_site/site_b_amsterdam/E2XB_F3_C1/seed20240619/B0
2,B,E2XB_F3_C1,20240619,B1,,40,False,False,False,,,,,,runs/experiment2_cross_site/site_b_amsterdam/E2XB_F3_C1/seed20240619/B1
2,B,E2XB_F3_C1,20240619,B2,,40,False,False,False,,,,,,runs/experiment2_cross_site/site_b_amsterdam/E2XB_F3_C1/seed20240619/B2
2,B,E2XB_F3_C1,20240619,B4b,,40,False,False,False,,,,,,runs/experiment2_cross_site/site_b_amsterdam/E2XB_F3_C1/seed20240619/B4b
2,B,E2XB_F3_C1,20240620,B0,,241,True,False,False,,,,,,runs/experiment2_cross_site/site_b_amsterdam/E2XB_F3_C1/seed20240620/B0
2,B,E2XB_F3_C1,20240620,B1,,40,False,False,False,,,,,,runs/experiment2_cross_site/site_b_amsterdam/E2XB_F3_C1/seed20240620/B1
2,B,E2XB_F3_C1,20240620,B2,,40,False,False,False,,,,,,runs/experiment2_cross_site/site_b_amsterdam/E2XB_F3_C1/seed20240620/B2
2,B,E2XB_F3_C1,20240620,B4b,,40,False,False,False,,,,,,runs/experiment2_cross_site/site_b_amsterdam/E2XB_F3_C1/seed20240620/B4b
2,B,E2XB_F3_C3,20240601,B0,,241,True,False,False,,,,,,runs/experiment2_cross_site/site_b_amsterdam/E2XB_F3_C3/seed20240601/B0
2,B,E2XB_F3_C3,20240601,B1,,263,True,True,True,,,,,,runs/experiment2_cross_site/site_b_amsterdam/E2XB_F3_C3/seed20240601/B1
2,B,E2XB_F3_C3,20240601,B2,,263,True,True,True,,,,,,runs/experiment2_cross_site/site_b_amsterdam/E2XB_F3_C3/seed20240601/B2
2,B,E2XB_F3_C3,20240601,B4b,,263,True,True,True,,,,,,runs/experiment2_cross_site/site_b_amsterdam/E2XB_F3_C3/seed20240601/B4b
2,B,E2XB_F3_C3,20240602,B0,,241,True,False,False,,,,,,runs/experiment2_cross_site/site_b_amsterdam/E2XB_F3_C3/seed20240602/B0
2,B,E2XB_F3_C3,20240602,B1,,263,True,True,True,,,,,,runs/experiment2_cross_site/site_b_amsterdam/E2XB_F3_C3/seed20240602/B1
2,B,E2XB_F3_C3,20240602,B2,,263,True,True,True,,,,,,runs/experiment2_cross_site/site_b_amsterdam/E2XB_F3_C3/seed20240602/B2
2,B,E2XB_F3_C3,20240602,B4b,,263,True,True,True,,,,,,runs/experiment2_cross_site/site_b_amsterdam/E2XB_F3_C3/seed20240602/B4b
2,B,E2XB_F3_C3,20240603,B0,,241,True,False,False,,,,,,runs/experiment2_cross_site/site_b_amsterdam/E2XB_F3_C3/seed20240603/B0
2,B,E2XB_F3_C3,20240603,B1,,263,True,True,True,,,,,,runs/experiment2_cross_site/site_b_amsterdam/E2XB_F3_C3/seed20240603/B1
2,B,E2XB_F3_C3,20240603,B2,,263,True,True,True,,,,,,runs/experiment2_cross_site/site_b_amsterdam/E2XB_F3_C3/seed20240603/B2
2,B,E2XB_F3_C3,20240603,B4b,,263,True,True,True,,,,,,runs/experiment2_cross_site/site_b_amsterdam/E2XB_F3_C3/seed20240603/B4b
2,B,E2XB_F3_C3,20240604,B0,,241,True,False,False,,,,,,runs/experiment2_cross_site/site_b_amsterdam/E2XB_F3_C3/seed20240604/B0
2,B,E2XB_F3_C3,20240604,B1,,263,True,True,True,,,,,,runs/experiment2_cross_site/site_b_amsterdam/E2XB_F3_C3/seed20240604/B1
2,B,E2XB_F3_C3,20240604,B2,,263,True,True,True,,,,,,runs/experiment2_cross_site/site_b_amsterdam/E2XB_F3_C3/seed20240604/B2
2,B,E2XB_F3_C3,20240604,B4b,,263,True,True,True,,,,,,runs/experiment2_cross_site/site_b_amsterdam/E2XB_F3_C3/seed20240604/B4b
2,B,E2XB_F3_C3,20240605,B0,,241,True,False,False,,,,,,runs/experiment2_cross_site/site_b_amsterdam/E2XB_F3_C3/seed20240605/B0
2,B,E2XB_F3_C3,20240605,B1,,263,True,True,True,,,,,,runs/experiment2_cross_site/site_b_amsterdam/E2XB_F3_C3/seed20240605/B1
2,B,E2XB_F3_C3,20240605,B2,,263,True,True,True,,,,,,runs/experiment2_cross_site/site_b_amsterdam/E2XB_F3_C3/seed20240605/B2
2,B,E2XB_F3_C3,20240605,B4b,,263,True,True,True,,,,,,runs/experiment2_cross_site/site_b_amsterdam/E2XB_F3_C3/seed20240605/B4b
2,B,E2XB_F3_C3,20240606,B0,,241,True,False,False,,,,,,runs/experiment2_cross_site/site_b_amsterdam/E2XB_F3_C3/seed20240606/B0
2,B,E2XB_F3_C3,20240606,B1,,263,True,True,True,,,,,,runs/experiment2_cross_site/site_b_amsterdam/E2XB_F3_C3/seed20240606/B1
2,B,E2XB_F3_C3,20240606,B2,,263,True,True,True,,,,,,runs/experiment2_cross_site/site_b_amsterdam/E2XB_F3_C3/seed20240606/B2
2,B,E2XB_F3_C3,20240606,B4b,,263,True,True,True,,,,,,runs/experiment2_cross_site/site_b_amsterdam/E2XB_F3_C3/seed20240606/B4b
2,B,E2XB_F3_C3,20240607,B0,,241,True,False,False,,,,,,runs/experiment2_cross_site/site_b_amsterdam/E2XB_F3_C3/seed20240607/B0
2,B,E2XB_F3_C3,20240607,B1,,263,True,True,True,,,,,,runs/experiment2_cross_site/site_b_amsterdam/E2XB_F3_C3/seed20240607/B1
2,B,E2XB_F3_C3,20240607,B2,,263,True,True,True,,,,,,runs/experiment2_cross_site/site_b_amsterdam/E2XB_F3_C3/seed20240607/B2
2,B,E2XB_F3_C3,20240607,B4b,,263,True,True,True,,,,,,runs/experiment2_cross_site/site_b_amsterdam/E2XB_F3_C3/seed20240607/B4b
2,B,E2XB_F3_C3,20240608,B0,,241,True,False,False,,,,,,runs/experiment2_cross_site/site_b_amsterdam/E2XB_F3_C3/seed20240608/B0
2,B,E2XB_F3_C3,20240608,B1,,263,True,True,True,,,,,,runs/experiment2_cross_site/site_b_amsterdam/E2XB_F3_C3/seed20240608/B1
2,B,E2XB_F3_C3,20240608,B2,,263,True,True,True,,,,,,runs/experiment2_cross_site/site_b_amsterdam/E2XB_F3_C3/seed20240608/B2
2,B,E2XB_F3_C3,20240608,B4b,,263,True,True,True,,,,,,runs/experiment2_cross_site/site_b_amsterdam/E2XB_F3_C3/seed20240608/B4b
2,B,E2XB_F3_C3,20240609,B0,,241,True,False,False,,,,,,runs/experiment2_cross_site/site_b_amsterdam/E2XB_F3_C3/seed20240609/B0
2,B,E2XB_F3_C3,20240609,B1,,263,True,True,True,,,,,,runs/experiment2_cross_site/site_b_amsterdam/E2XB_F3_C3/seed20240609/B1
2,B,E2XB_F3_C3,20240609,B2,,263,True,True,True,,,,,,runs/experiment2_cross_site/site_b_amsterdam/E2XB_F3_C3/seed20240609/B2
2,B,E2XB_F3_C3,20240609,B4b,,263,True,True,True,,,,,,runs/experiment2_cross_site/site_b_amsterdam/E2XB_F3_C3/seed20240609/B4b
2,B,E2XB_F3_C3,20240610,B0,,241,True,False,False,,,,,,runs/experiment2_cross_site/site_b_amsterdam/E2XB_F3_C3/seed20240610/B0
2,B,E2XB_F3_C3,20240610,B1,,263,True,True,True,,,,,,runs/experiment2_cross_site/site_b_amsterdam/E2XB_F3_C3/seed20240610/B1
2,B,E2XB_F3_C3,20240610,B2,,263,True,True,True,,,,,,runs/experiment2_cross_site/site_b_amsterdam/E2XB_F3_C3/seed20240610/B2
2,B,E2XB_F3_C3,20240610,B4b,,263,True,True,True,,,,,,runs/experiment2_cross_site/site_b_amsterdam/E2XB_F3_C3/seed20240610/B4b
2,B,E2XB_F3_C3,20240611,B0,,241,True,False,False,,,,,,runs/experiment2_cross_site/site_b_amsterdam/E2XB_F3_C3/seed20240611/B0
2,B,E2XB_F3_C3,20240611,B1,,263,True,True,True,,,,,,runs/experiment2_cross_site/site_b_amsterdam/E2XB_F3_C3/seed20240611/B1
2,B,E2XB_F3_C3,20240611,B2,,263,True,True,True,,,,,,runs/experiment2_cross_site/site_b_amsterdam/E2XB_F3_C3/seed20240611/B2
2,B,E2XB_F3_C3,20240611,B4b,,263,True,True,True,,,,,,runs/experiment2_cross_site/site_b_amsterdam/E2XB_F3_C3/seed20240611/B4b
2,B,E2XB_F3_C3,20240612,B0,,241,True,False,False,,,,,,runs/experiment2_cross_site/site_b_amsterdam/E2XB_F3_C3/seed20240612/B0
2,B,E2XB_F3_C3,20240612,B1,,263,True,True,True,,,,,,runs/experiment2_cross_site/site_b_amsterdam/E2XB_F3_C3/seed20240612/B1
2,B,E2XB_F3_C3,20240612,B2,,263,True,True,True,,,,,,runs/experiment2_cross_site/site_b_amsterdam/E2XB_F3_C3/seed20240612/B2
2,B,E2XB_F3_C3,20240612,B4b,,263,True,True,True,,,,,,runs/experiment2_cross_site/site_b_amsterdam/E2XB_F3_C3/seed20240612/B4b
2,B,E2XB_F3_C3,20240613,B0,,241,True,False,False,,,,,,runs/experiment2_cross_site/site_b_amsterdam/E2XB_F3_C3/seed20240613/B0
2,B,E2XB_F3_C3,20240613,B1,,263,True,True,True,,,,,,runs/experiment2_cross_site/site_b_amsterdam/E2XB_F3_C3/seed20240613/B1
2,B,E2XB_F3_C3,20240613,B2,,263,True,True,True,,,,,,runs/experiment2_cross_site/site_b_amsterdam/E2XB_F3_C3/seed20240613/B2
2,B,E2XB_F3_C3,20240613,B4b,,263,True,True,True,,,,,,runs/experiment2_cross_site/site_b_amsterdam/E2XB_F3_C3/seed20240613/B4b
2,B,E2XB_F3_C3,20240614,B0,,241,True,False,False,,,,,,runs/experiment2_cross_site/site_b_amsterdam/E2XB_F3_C3/seed20240614/B0
2,B,E2XB_F3_C3,20240614,B1,,263,True,True,True,,,,,,runs/experiment2_cross_site/site_b_amsterdam/E2XB_F3_C3/seed20240614/B1
2,B,E2XB_F3_C3,20240614,B2,,263,True,True,True,,,,,,runs/experiment2_cross_site/site_b_amsterdam/E2XB_F3_C3/seed20240614/B2
2,B,E2XB_F3_C3,20240614,B4b,,263,True,True,True,,,,,,runs/experiment2_cross_site/site_b_amsterdam/E2XB_F3_C3/seed20240614/B4b
2,B,E2XB_F3_C3,20240615,B0,,241,True,False,False,,,,,,runs/experiment2_cross_site/site_b_amsterdam/E2XB_F3_C3/seed20240615/B0
2,B,E2XB_F3_C3,20240615,B1,,263,True,True,True,,,,,,runs/experiment2_cross_site/site_b_amsterdam/E2XB_F3_C3/seed20240615/B1
2,B,E2XB_F3_C3,20240615,B2,,263,True,True,True,,,,,,runs/experiment2_cross_site/site_b_amsterdam/E2XB_F3_C3/seed20240615/B2
2,B,E2XB_F3_C3,20240615,B4b,,263,True,True,True,,,,,,runs/experiment2_cross_site/site_b_amsterdam/E2XB_F3_C3/seed20240615/B4b
2,B,E2XB_F3_C3,20240616,B0,,241,True,False,False,,,,,,runs/experiment2_cross_site/site_b_amsterdam/E2XB_F3_C3/seed20240616/B0
2,B,E2XB_F3_C3,20240616,B1,,263,True,True,True,,,,,,runs/experiment2_cross_site/site_b_amsterdam/E2XB_F3_C3/seed20240616/B1
2,B,E2XB_F3_C3,20240616,B2,,263,True,True,True,,,,,,runs/experiment2_cross_site/site_b_amsterdam/E2XB_F3_C3/seed20240616/B2
2,B,E2XB_F3_C3,20240616,B4b,,263,True,True,True,,,,,,runs/experiment2_cross_site/site_b_amsterdam/E2XB_F3_C3/seed20240616/B4b
2,B,E2XB_F3_C3,20240617,B0,,241,True,False,False,,,,,,runs/experiment2_cross_site/site_b_amsterdam/E2XB_F3_C3/seed20240617/B0
2,B,E2XB_F3_C3,20240617,B1,,263,True,True,True,,,,,,runs/experiment2_cross_site/site_b_amsterdam/E2XB_F3_C3/seed20240617/B1
2,B,E2XB_F3_C3,20240617,B2,,263,True,True,True,,,,,,runs/experiment2_cross_site/site_b_amsterdam/E2XB_F3_C3/seed20240617/B2
2,B,E2XB_F3_C3,20240617,B4b,,263,True,True,True,,,,,,runs/experiment2_cross_site/site_b_amsterdam/E2XB_F3_C3/seed20240617/B4b
2,B,E2XB_F3_C3,20240618,B0,,241,True,False,False,,,,,,runs/experiment2_cross_site/site_b_amsterdam/E2XB_F3_C3/seed20240618/B0
2,B,E2XB_F3_C3,20240618,B1,,263,True,True,True,,,,,,runs/experiment2_cross_site/site_b_amsterdam/E2XB_F3_C3/seed20240618/B1
2,B,E2XB_F3_C3,20240618,B2,,263,True,True,True,,,,,,runs/experiment2_cross_site/site_b_amsterdam/E2XB_F3_C3/seed20240618/B2
2,B,E2XB_F3_C3,20240618,B4b,,263,True,True,True,,,,,,runs/experiment2_cross_site/site_b_amsterdam/E2XB_F3_C3/seed20240618/B4b
2,B,E2XB_F3_C3,20240619,B0,,241,True,False,False,,,,,,runs/experiment2_cross_site/site_b_amsterdam/E2XB_F3_C3/seed20240619/B0
2,B,E2XB_F3_C3,20240619,B1,,263,True,True,True,,,,,,runs/experiment2_cross_site/site_b_amsterdam/E2XB_F3_C3/seed20240619/B1
2,B,E2XB_F3_C3,20240619,B2,,263,True,True,True,,,,,,runs/experiment2_cross_site/site_b_amsterdam/E2XB_F3_C3/seed20240619/B2
2,B,E2XB_F3_C3,20240619,B4b,,263,True,True,True,,,,,,runs/experiment2_cross_site/site_b_amsterdam/E2XB_F3_C3/seed20240619/B4b
2,B,E2XB_F3_C3,20240620,B0,,241,True,False,False,,,,,,runs/experiment2_cross_site/site_b_amsterdam/E2XB_F3_C3/seed20240620/B0
2,B,E2XB_F3_C3,20240620,B1,,263,True,True,True,,,,,,runs/experiment2_cross_site/site_b_amsterdam/E2XB_F3_C3/seed20240620/B1
2,B,E2XB_F3_C3,20240620,B2,,263,True,True,True,,,,,,runs/experiment2_cross_site/site_b_amsterdam/E2XB_F3_C3/seed20240620/B2
2,B,E2XB_F3_C3,20240620,B4b,,263,True,True,True,,,,,,runs/experiment2_cross_site/site_b_amsterdam/E2XB_F3_C3/seed20240620/B4b
2,B,E2XB_F4_C1,20240601,B0,,241,True,False,False,,,,,,runs/experiment2_cross_site/site_b_amsterdam/E2XB_F4_C1/seed20240601/B0
2,B,E2XB_F4_C1,20240601,B1,,40,False,False,False,,,,,,runs/experiment2_cross_site/site_b_amsterdam/E2XB_F4_C1/seed20240601/B1
2,B,E2XB_F4_C1,20240601,B2,,40,False,False,False,,,,,,runs/experiment2_cross_site/site_b_amsterdam/E2XB_F4_C1/seed20240601/B2
2,B,E2XB_F4_C1,20240601,B4b,,40,False,False,False,,,,,,runs/experiment2_cross_site/site_b_amsterdam/E2XB_F4_C1/seed20240601/B4b
2,B,E2XB_F4_C1,20240602,B0,,241,True,False,False,,,,,,runs/experiment2_cross_site/site_b_amsterdam/E2XB_F4_C1/seed20240602/B0
2,B,E2XB_F4_C1,20240602,B1,,40,False,False,False,,,,,,runs/experiment2_cross_site/site_b_amsterdam/E2XB_F4_C1/seed20240602/B1
2,B,E2XB_F4_C1,20240602,B2,,40,False,False,False,,,,,,runs/experiment2_cross_site/site_b_amsterdam/E2XB_F4_C1/seed20240602/B2
2,B,E2XB_F4_C1,20240602,B4b,,40,False,False,False,,,,,,runs/experiment2_cross_site/site_b_amsterdam/E2XB_F4_C1/seed20240602/B4b
2,B,E2XB_F4_C1,20240603,B0,,241,True,False,False,,,,,,runs/experiment2_cross_site/site_b_amsterdam/E2XB_F4_C1/seed20240603/B0
2,B,E2XB_F4_C1,20240603,B1,,40,False,False,False,,,,,,runs/experiment2_cross_site/site_b_amsterdam/E2XB_F4_C1/seed20240603/B1
2,B,E2XB_F4_C1,20240603,B2,,40,False,False,False,,,,,,runs/experiment2_cross_site/site_b_amsterdam/E2XB_F4_C1/seed20240603/B2
2,B,E2XB_F4_C1,20240603,B4b,,40,False,False,False,,,,,,runs/experiment2_cross_site/site_b_amsterdam/E2XB_F4_C1/seed20240603/B4b
2,B,E2XB_F4_C1,20240604,B0,,241,True,False,False,,,,,,runs/experiment2_cross_site/site_b_amsterdam/E2XB_F4_C1/seed20240604/B0
2,B,E2XB_F4_C1,20240604,B1,,40,False,False,False,,,,,,runs/experiment2_cross_site/site_b_amsterdam/E2XB_F4_C1/seed20240604/B1
2,B,E2XB_F4_C1,20240604,B2,,40,False,False,False,,,,,,runs/experiment2_cross_site/site_b_amsterdam/E2XB_F4_C1/seed20240604/B2
2,B,E2XB_F4_C1,20240604,B4b,,40,False,False,False,,,,,,runs/experiment2_cross_site/site_b_amsterdam/E2XB_F4_C1/seed20240604/B4b
2,B,E2XB_F4_C1,20240605,B0,,241,True,False,False,,,,,,runs/experiment2_cross_site/site_b_amsterdam/E2XB_F4_C1/seed20240605/B0
2,B,E2XB_F4_C1,20240605,B1,,40,False,False,False,,,,,,runs/experiment2_cross_site/site_b_amsterdam/E2XB_F4_C1/seed20240605/B1
2,B,E2XB_F4_C1,20240605,B2,,40,False,False,False,,,,,,runs/experiment2_cross_site/site_b_amsterdam/E2XB_F4_C1/seed20240605/B2
2,B,E2XB_F4_C1,20240605,B4b,,40,False,False,False,,,,,,runs/experiment2_cross_site/site_b_amsterdam/E2XB_F4_C1/seed20240605/B4b
2,B,E2XB_F4_C1,20240606,B0,,241,True,False,False,,,,,,runs/experiment2_cross_site/site_b_amsterdam/E2XB_F4_C1/seed20240606/B0
2,B,E2XB_F4_C1,20240606,B1,,40,False,False,False,,,,,,runs/experiment2_cross_site/site_b_amsterdam/E2XB_F4_C1/seed20240606/B1
2,B,E2XB_F4_C1,20240606,B2,,40,False,False,False,,,,,,runs/experiment2_cross_site/site_b_amsterdam/E2XB_F4_C1/seed20240606/B2
2,B,E2XB_F4_C1,20240606,B4b,,40,False,False,False,,,,,,runs/experiment2_cross_site/site_b_amsterdam/E2XB_F4_C1/seed20240606/B4b
2,B,E2XB_F4_C1,20240607,B0,,241,True,False,False,,,,,,runs/experiment2_cross_site/site_b_amsterdam/E2XB_F4_C1/seed20240607/B0
2,B,E2XB_F4_C1,20240607,B1,,40,False,False,False,,,,,,runs/experiment2_cross_site/site_b_amsterdam/E2XB_F4_C1/seed20240607/B1
2,B,E2XB_F4_C1,20240607,B2,,40,False,False,False,,,,,,runs/experiment2_cross_site/site_b_amsterdam/E2XB_F4_C1/seed20240607/B2
2,B,E2XB_F4_C1,20240607,B4b,,40,False,False,False,,,,,,runs/experiment2_cross_site/site_b_amsterdam/E2XB_F4_C1/seed20240607/B4b
2,B,E2XB_F4_C1,20240608,B0,,241,True,False,False,,,,,,runs/experiment2_cross_site/site_b_amsterdam/E2XB_F4_C1/seed20240608/B0
2,B,E2XB_F4_C1,20240608,B1,,40,False,False,False,,,,,,runs/experiment2_cross_site/site_b_amsterdam/E2XB_F4_C1/seed20240608/B1
2,B,E2XB_F4_C1,20240608,B2,,40,False,False,False,,,,,,runs/experiment2_cross_site/site_b_amsterdam/E2XB_F4_C1/seed20240608/B2
2,B,E2XB_F4_C1,20240608,B4b,,40,False,False,False,,,,,,runs/experiment2_cross_site/site_b_amsterdam/E2XB_F4_C1/seed20240608/B4b
2,B,E2XB_F4_C1,20240609,B0,,241,True,False,False,,,,,,runs/experiment2_cross_site/site_b_amsterdam/E2XB_F4_C1/seed20240609/B0
2,B,E2XB_F4_C1,20240609,B1,,40,False,False,False,,,,,,runs/experiment2_cross_site/site_b_amsterdam/E2XB_F4_C1/seed20240609/B1
2,B,E2XB_F4_C1,20240609,B2,,40,False,False,False,,,,,,runs/experiment2_cross_site/site_b_amsterdam/E2XB_F4_C1/seed20240609/B2
2,B,E2XB_F4_C1,20240609,B4b,,40,False,False,False,,,,,,runs/experiment2_cross_site/site_b_amsterdam/E2XB_F4_C1/seed20240609/B4b
2,B,E2XB_F4_C1,20240610,B0,,241,True,False,False,,,,,,runs/experiment2_cross_site/site_b_amsterdam/E2XB_F4_C1/seed20240610/B0
2,B,E2XB_F4_C1,20240610,B1,,40,False,False,False,,,,,,runs/experiment2_cross_site/site_b_amsterdam/E2XB_F4_C1/seed20240610/B1
2,B,E2XB_F4_C1,20240610,B2,,40,False,False,False,,,,,,runs/experiment2_cross_site/site_b_amsterdam/E2XB_F4_C1/seed20240610/B2
2,B,E2XB_F4_C1,20240610,B4b,,40,False,False,False,,,,,,runs/experiment2_cross_site/site_b_amsterdam/E2XB_F4_C1/seed20240610/B4b
2,B,E2XB_F4_C1,20240611,B0,,241,True,False,False,,,,,,runs/experiment2_cross_site/site_b_amsterdam/E2XB_F4_C1/seed20240611/B0
2,B,E2XB_F4_C1,20240611,B1,,40,False,False,False,,,,,,runs/experiment2_cross_site/site_b_amsterdam/E2XB_F4_C1/seed20240611/B1
2,B,E2XB_F4_C1,20240611,B2,,40,False,False,False,,,,,,runs/experiment2_cross_site/site_b_amsterdam/E2XB_F4_C1/seed20240611/B2
2,B,E2XB_F4_C1,20240611,B4b,,40,False,False,False,,,,,,runs/experiment2_cross_site/site_b_amsterdam/E2XB_F4_C1/seed20240611/B4b
2,B,E2XB_F4_C1,20240612,B0,,241,True,False,False,,,,,,runs/experiment2_cross_site/site_b_amsterdam/E2XB_F4_C1/seed20240612/B0
2,B,E2XB_F4_C1,20240612,B1,,40,False,False,False,,,,,,runs/experiment2_cross_site/site_b_amsterdam/E2XB_F4_C1/seed20240612/B1
2,B,E2XB_F4_C1,20240612,B2,,40,False,False,False,,,,,,runs/experiment2_cross_site/site_b_amsterdam/E2XB_F4_C1/seed20240612/B2
2,B,E2XB_F4_C1,20240612,B4b,,40,False,False,False,,,,,,runs/experiment2_cross_site/site_b_amsterdam/E2XB_F4_C1/seed20240612/B4b
2,B,E2XB_F4_C1,20240613,B0,,241,True,False,False,,,,,,runs/experiment2_cross_site/site_b_amsterdam/E2XB_F4_C1/seed20240613/B0
2,B,E2XB_F4_C1,20240613,B1,,40,False,False,False,,,,,,runs/experiment2_cross_site/site_b_amsterdam/E2XB_F4_C1/seed20240613/B1
2,B,E2XB_F4_C1,20240613,B2,,40,False,False,False,,,,,,runs/experiment2_cross_site/site_b_amsterdam/E2XB_F4_C1/seed20240613/B2
2,B,E2XB_F4_C1,20240613,B4b,,40,False,False,False,,,,,,runs/experiment2_cross_site/site_b_amsterdam/E2XB_F4_C1/seed20240613/B4b
2,B,E2XB_F4_C1,20240614,B0,,241,True,False,False,,,,,,runs/experiment2_cross_site/site_b_amsterdam/E2XB_F4_C1/seed20240614/B0
2,B,E2XB_F4_C1,20240614,B1,,40,False,False,False,,,,,,runs/experiment2_cross_site/site_b_amsterdam/E2XB_F4_C1/seed20240614/B1
2,B,E2XB_F4_C1,20240614,B2,,40,False,False,False,,,,,,runs/experiment2_cross_site/site_b_amsterdam/E2XB_F4_C1/seed20240614/B2
2,B,E2XB_F4_C1,20240614,B4b,,40,False,False,False,,,,,,runs/experiment2_cross_site/site_b_amsterdam/E2XB_F4_C1/seed20240614/B4b
2,B,E2XB_F4_C1,20240615,B0,,241,True,False,False,,,,,,runs/experiment2_cross_site/site_b_amsterdam/E2XB_F4_C1/seed20240615/B0
2,B,E2XB_F4_C1,20240615,B1,,40,False,False,False,,,,,,runs/experiment2_cross_site/site_b_amsterdam/E2XB_F4_C1/seed20240615/B1
2,B,E2XB_F4_C1,20240615,B2,,40,False,False,False,,,,,,runs/experiment2_cross_site/site_b_amsterdam/E2XB_F4_C1/seed20240615/B2
2,B,E2XB_F4_C1,20240615,B4b,,40,False,False,False,,,,,,runs/experiment2_cross_site/site_b_amsterdam/E2XB_F4_C1/seed20240615/B4b
2,B,E2XB_F4_C1,20240616,B0,,241,True,False,False,,,,,,runs/experiment2_cross_site/site_b_amsterdam/E2XB_F4_C1/seed20240616/B0
2,B,E2XB_F4_C1,20240616,B1,,40,False,False,False,,,,,,runs/experiment2_cross_site/site_b_amsterdam/E2XB_F4_C1/seed20240616/B1
2,B,E2XB_F4_C1,20240616,B2,,40,False,False,False,,,,,,runs/experiment2_cross_site/site_b_amsterdam/E2XB_F4_C1/seed20240616/B2
2,B,E2XB_F4_C1,20240616,B4b,,40,False,False,False,,,,,,runs/experiment2_cross_site/site_b_amsterdam/E2XB_F4_C1/seed20240616/B4b
2,B,E2XB_F4_C1,20240617,B0,,241,True,False,False,,,,,,runs/experiment2_cross_site/site_b_amsterdam/E2XB_F4_C1/seed20240617/B0
2,B,E2XB_F4_C1,20240617,B1,,40,False,False,False,,,,,,runs/experiment2_cross_site/site_b_amsterdam/E2XB_F4_C1/seed20240617/B1
2,B,E2XB_F4_C1,20240617,B2,,40,False,False,False,,,,,,runs/experiment2_cross_site/site_b_amsterdam/E2XB_F4_C1/seed20240617/B2
2,B,E2XB_F4_C1,20240617,B4b,,40,False,False,False,,,,,,runs/experiment2_cross_site/site_b_amsterdam/E2XB_F4_C1/seed20240617/B4b
2,B,E2XB_F4_C1,20240618,B0,,241,True,False,False,,,,,,runs/experiment2_cross_site/site_b_amsterdam/E2XB_F4_C1/seed20240618/B0
2,B,E2XB_F4_C1,20240618,B1,,40,False,False,False,,,,,,runs/experiment2_cross_site/site_b_amsterdam/E2XB_F4_C1/seed20240618/B1
2,B,E2XB_F4_C1,20240618,B2,,40,False,False,False,,,,,,runs/experiment2_cross_site/site_b_amsterdam/E2XB_F4_C1/seed20240618/B2
2,B,E2XB_F4_C1,20240618,B4b,,40,False,False,False,,,,,,runs/experiment2_cross_site/site_b_amsterdam/E2XB_F4_C1/seed20240618/B4b
2,B,E2XB_F4_C1,20240619,B0,,241,True,False,False,,,,,,runs/experiment2_cross_site/site_b_amsterdam/E2XB_F4_C1/seed20240619/B0
2,B,E2XB_F4_C1,20240619,B1,,40,False,False,False,,,,,,runs/experiment2_cross_site/site_b_amsterdam/E2XB_F4_C1/seed20240619/B1
2,B,E2XB_F4_C1,20240619,B2,,40,False,False,False,,,,,,runs/experiment2_cross_site/site_b_amsterdam/E2XB_F4_C1/seed20240619/B2
2,B,E2XB_F4_C1,20240619,B4b,,40,False,False,False,,,,,,runs/experiment2_cross_site/site_b_amsterdam/E2XB_F4_C1/seed20240619/B4b
2,B,E2XB_F4_C1,20240620,B0,,241,True,False,False,,,,,,runs/experiment2_cross_site/site_b_amsterdam/E2XB_F4_C1/seed20240620/B0
2,B,E2XB_F4_C1,20240620,B1,,40,False,False,False,,,,,,runs/experiment2_cross_site/site_b_amsterdam/E2XB_F4_C1/seed20240620/B1
2,B,E2XB_F4_C1,20240620,B2,,40,False,False,False,,,,,,runs/experiment2_cross_site/site_b_amsterdam/E2XB_F4_C1/seed20240620/B2
2,B,E2XB_F4_C1,20240620,B4b,,40,False,False,False,,,,,,runs/experiment2_cross_site/site_b_amsterdam/E2XB_F4_C1/seed20240620/B4b
2,B,E2XB_F4_C3,20240601,B0,,241,True,False,False,,,,,,runs/experiment2_cross_site/site_b_amsterdam/E2XB_F4_C3/seed20240601/B0
2,B,E2XB_F4_C3,20240601,B1,,263,True,True,True,,,,,,runs/experiment2_cross_site/site_b_amsterdam/E2XB_F4_C3/seed20240601/B1
2,B,E2XB_F4_C3,20240601,B2,,263,True,True,True,,,,,,runs/experiment2_cross_site/site_b_amsterdam/E2XB_F4_C3/seed20240601/B2
2,B,E2XB_F4_C3,20240601,B4b,,263,True,True,True,,,,,,runs/experiment2_cross_site/site_b_amsterdam/E2XB_F4_C3/seed20240601/B4b
2,B,E2XB_F4_C3,20240602,B0,,241,True,False,False,,,,,,runs/experiment2_cross_site/site_b_amsterdam/E2XB_F4_C3/seed20240602/B0
2,B,E2XB_F4_C3,20240602,B1,,263,True,True,True,,,,,,runs/experiment2_cross_site/site_b_amsterdam/E2XB_F4_C3/seed20240602/B1
2,B,E2XB_F4_C3,20240602,B2,,263,True,True,True,,,,,,runs/experiment2_cross_site/site_b_amsterdam/E2XB_F4_C3/seed20240602/B2
2,B,E2XB_F4_C3,20240602,B4b,,263,True,True,True,,,,,,runs/experiment2_cross_site/site_b_amsterdam/E2XB_F4_C3/seed20240602/B4b
2,B,E2XB_F4_C3,20240603,B0,,241,True,False,False,,,,,,runs/experiment2_cross_site/site_b_amsterdam/E2XB_F4_C3/seed20240603/B0
2,B,E2XB_F4_C3,20240603,B1,,263,True,True,True,,,,,,runs/experiment2_cross_site/site_b_amsterdam/E2XB_F4_C3/seed20240603/B1
2,B,E2XB_F4_C3,20240603,B2,,263,True,True,True,,,,,,runs/experiment2_cross_site/site_b_amsterdam/E2XB_F4_C3/seed20240603/B2
2,B,E2XB_F4_C3,20240603,B4b,,263,True,True,True,,,,,,runs/experiment2_cross_site/site_b_amsterdam/E2XB_F4_C3/seed20240603/B4b
2,B,E2XB_F4_C3,20240604,B0,,241,True,False,False,,,,,,runs/experiment2_cross_site/site_b_amsterdam/E2XB_F4_C3/seed20240604/B0
2,B,E2XB_F4_C3,20240604,B1,,263,True,True,True,,,,,,runs/experiment2_cross_site/site_b_amsterdam/E2XB_F4_C3/seed20240604/B1
2,B,E2XB_F4_C3,20240604,B2,,263,True,True,True,,,,,,runs/experiment2_cross_site/site_b_amsterdam/E2XB_F4_C3/seed20240604/B2
2,B,E2XB_F4_C3,20240604,B4b,,263,True,True,True,,,,,,runs/experiment2_cross_site/site_b_amsterdam/E2XB_F4_C3/seed20240604/B4b
2,B,E2XB_F4_C3,20240605,B0,,241,True,False,False,,,,,,runs/experiment2_cross_site/site_b_amsterdam/E2XB_F4_C3/seed20240605/B0
2,B,E2XB_F4_C3,20240605,B1,,263,True,True,True,,,,,,runs/experiment2_cross_site/site_b_amsterdam/E2XB_F4_C3/seed20240605/B1
2,B,E2XB_F4_C3,20240605,B2,,263,True,True,True,,,,,,runs/experiment2_cross_site/site_b_amsterdam/E2XB_F4_C3/seed20240605/B2
2,B,E2XB_F4_C3,20240605,B4b,,263,True,True,True,,,,,,runs/experiment2_cross_site/site_b_amsterdam/E2XB_F4_C3/seed20240605/B4b
2,B,E2XB_F4_C3,20240606,B0,,241,True,False,False,,,,,,runs/experiment2_cross_site/site_b_amsterdam/E2XB_F4_C3/seed20240606/B0
2,B,E2XB_F4_C3,20240606,B1,,263,True,True,True,,,,,,runs/experiment2_cross_site/site_b_amsterdam/E2XB_F4_C3/seed20240606/B1
2,B,E2XB_F4_C3,20240606,B2,,263,True,True,True,,,,,,runs/experiment2_cross_site/site_b_amsterdam/E2XB_F4_C3/seed20240606/B2
2,B,E2XB_F4_C3,20240606,B4b,,263,True,True,True,,,,,,runs/experiment2_cross_site/site_b_amsterdam/E2XB_F4_C3/seed20240606/B4b
2,B,E2XB_F4_C3,20240607,B0,,241,True,False,False,,,,,,runs/experiment2_cross_site/site_b_amsterdam/E2XB_F4_C3/seed20240607/B0
2,B,E2XB_F4_C3,20240607,B1,,263,True,True,True,,,,,,runs/experiment2_cross_site/site_b_amsterdam/E2XB_F4_C3/seed20240607/B1
2,B,E2XB_F4_C3,20240607,B2,,263,True,True,True,,,,,,runs/experiment2_cross_site/site_b_amsterdam/E2XB_F4_C3/seed20240607/B2
2,B,E2XB_F4_C3,20240607,B4b,,263,True,True,True,,,,,,runs/experiment2_cross_site/site_b_amsterdam/E2XB_F4_C3/seed20240607/B4b
2,B,E2XB_F4_C3,20240608,B0,,241,True,False,False,,,,,,runs/experiment2_cross_site/site_b_amsterdam/E2XB_F4_C3/seed20240608/B0
2,B,E2XB_F4_C3,20240608,B1,,263,True,True,True,,,,,,runs/experiment2_cross_site/site_b_amsterdam/E2XB_F4_C3/seed20240608/B1
2,B,E2XB_F4_C3,20240608,B2,,263,True,True,True,,,,,,runs/experiment2_cross_site/site_b_amsterdam/E2XB_F4_C3/seed20240608/B2
2,B,E2XB_F4_C3,20240608,B4b,,263,True,True,True,,,,,,runs/experiment2_cross_site/site_b_amsterdam/E2XB_F4_C3/seed20240608/B4b
2,B,E2XB_F4_C3,20240609,B0,,241,True,False,False,,,,,,runs/experiment2_cross_site/site_b_amsterdam/E2XB_F4_C3/seed20240609/B0
2,B,E2XB_F4_C3,20240609,B1,,263,True,True,True,,,,,,runs/experiment2_cross_site/site_b_amsterdam/E2XB_F4_C3/seed20240609/B1
2,B,E2XB_F4_C3,20240609,B2,,263,True,True,True,,,,,,runs/experiment2_cross_site/site_b_amsterdam/E2XB_F4_C3/seed20240609/B2
2,B,E2XB_F4_C3,20240609,B4b,,263,True,True,True,,,,,,runs/experiment2_cross_site/site_b_amsterdam/E2XB_F4_C3/seed20240609/B4b
2,B,E2XB_F4_C3,20240610,B0,,241,True,False,False,,,,,,runs/experiment2_cross_site/site_b_amsterdam/E2XB_F4_C3/seed20240610/B0
2,B,E2XB_F4_C3,20240610,B1,,263,True,True,True,,,,,,runs/experiment2_cross_site/site_b_amsterdam/E2XB_F4_C3/seed20240610/B1
2,B,E2XB_F4_C3,20240610,B2,,263,True,True,True,,,,,,runs/experiment2_cross_site/site_b_amsterdam/E2XB_F4_C3/seed20240610/B2
2,B,E2XB_F4_C3,20240610,B4b,,263,True,True,True,,,,,,runs/experiment2_cross_site/site_b_amsterdam/E2XB_F4_C3/seed20240610/B4b
2,B,E2XB_F4_C3,20240611,B0,,241,True,False,False,,,,,,runs/experiment2_cross_site/site_b_amsterdam/E2XB_F4_C3/seed20240611/B0
2,B,E2XB_F4_C3,20240611,B1,,263,True,True,True,,,,,,runs/experiment2_cross_site/site_b_amsterdam/E2XB_F4_C3/seed20240611/B1
2,B,E2XB_F4_C3,20240611,B2,,263,True,True,True,,,,,,runs/experiment2_cross_site/site_b_amsterdam/E2XB_F4_C3/seed20240611/B2
2,B,E2XB_F4_C3,20240611,B4b,,263,True,True,True,,,,,,runs/experiment2_cross_site/site_b_amsterdam/E2XB_F4_C3/seed20240611/B4b
2,B,E2XB_F4_C3,20240612,B0,,241,True,False,False,,,,,,runs/experiment2_cross_site/site_b_amsterdam/E2XB_F4_C3/seed20240612/B0
2,B,E2XB_F4_C3,20240612,B1,,263,True,True,True,,,,,,runs/experiment2_cross_site/site_b_amsterdam/E2XB_F4_C3/seed20240612/B1
2,B,E2XB_F4_C3,20240612,B2,,263,True,True,True,,,,,,runs/experiment2_cross_site/site_b_amsterdam/E2XB_F4_C3/seed20240612/B2
2,B,E2XB_F4_C3,20240612,B4b,,263,True,True,True,,,,,,runs/experiment2_cross_site/site_b_amsterdam/E2XB_F4_C3/seed20240612/B4b
2,B,E2XB_F4_C3,20240613,B0,,241,True,False,False,,,,,,runs/experiment2_cross_site/site_b_amsterdam/E2XB_F4_C3/seed20240613/B0
2,B,E2XB_F4_C3,20240613,B1,,263,True,True,True,,,,,,runs/experiment2_cross_site/site_b_amsterdam/E2XB_F4_C3/seed20240613/B1
2,B,E2XB_F4_C3,20240613,B2,,263,True,True,True,,,,,,runs/experiment2_cross_site/site_b_amsterdam/E2XB_F4_C3/seed20240613/B2
2,B,E2XB_F4_C3,20240613,B4b,,263,True,True,True,,,,,,runs/experiment2_cross_site/site_b_amsterdam/E2XB_F4_C3/seed20240613/B4b
2,B,E2XB_F4_C3,20240614,B0,,241,True,False,False,,,,,,runs/experiment2_cross_site/site_b_amsterdam/E2XB_F4_C3/seed20240614/B0
2,B,E2XB_F4_C3,20240614,B1,,263,True,True,True,,,,,,runs/experiment2_cross_site/site_b_amsterdam/E2XB_F4_C3/seed20240614/B1
2,B,E2XB_F4_C3,20240614,B2,,263,True,True,True,,,,,,runs/experiment2_cross_site/site_b_amsterdam/E2XB_F4_C3/seed20240614/B2
2,B,E2XB_F4_C3,20240614,B4b,,263,True,True,True,,,,,,runs/experiment2_cross_site/site_b_amsterdam/E2XB_F4_C3/seed20240614/B4b
2,B,E2XB_F4_C3,20240615,B0,,241,True,False,False,,,,,,runs/experiment2_cross_site/site_b_amsterdam/E2XB_F4_C3/seed20240615/B0
2,B,E2XB_F4_C3,20240615,B1,,263,True,True,True,,,,,,runs/experiment2_cross_site/site_b_amsterdam/E2XB_F4_C3/seed20240615/B1
2,B,E2XB_F4_C3,20240615,B2,,263,True,True,True,,,,,,runs/experiment2_cross_site/site_b_amsterdam/E2XB_F4_C3/seed20240615/B2
2,B,E2XB_F4_C3,20240615,B4b,,263,True,True,True,,,,,,runs/experiment2_cross_site/site_b_amsterdam/E2XB_F4_C3/seed20240615/B4b
2,B,E2XB_F4_C3,20240616,B0,,241,True,False,False,,,,,,runs/experiment2_cross_site/site_b_amsterdam/E2XB_F4_C3/seed20240616/B0
2,B,E2XB_F4_C3,20240616,B1,,263,True,True,True,,,,,,runs/experiment2_cross_site/site_b_amsterdam/E2XB_F4_C3/seed20240616/B1
2,B,E2XB_F4_C3,20240616,B2,,263,True,True,True,,,,,,runs/experiment2_cross_site/site_b_amsterdam/E2XB_F4_C3/seed20240616/B2
2,B,E2XB_F4_C3,20240616,B4b,,263,True,True,True,,,,,,runs/experiment2_cross_site/site_b_amsterdam/E2XB_F4_C3/seed20240616/B4b
2,B,E2XB_F4_C3,20240617,B0,,241,True,False,False,,,,,,runs/experiment2_cross_site/site_b_amsterdam/E2XB_F4_C3/seed20240617/B0
2,B,E2XB_F4_C3,20240617,B1,,263,True,True,True,,,,,,runs/experiment2_cross_site/site_b_amsterdam/E2XB_F4_C3/seed20240617/B1
2,B,E2XB_F4_C3,20240617,B2,,263,True,True,True,,,,,,runs/experiment2_cross_site/site_b_amsterdam/E2XB_F4_C3/seed20240617/B2
2,B,E2XB_F4_C3,20240617,B4b,,263,True,True,True,,,,,,runs/experiment2_cross_site/site_b_amsterdam/E2XB_F4_C3/seed20240617/B4b
2,B,E2XB_F4_C3,20240618,B0,,241,True,False,False,,,,,,runs/experiment2_cross_site/site_b_amsterdam/E2XB_F4_C3/seed20240618/B0
2,B,E2XB_F4_C3,20240618,B1,,263,True,True,True,,,,,,runs/experiment2_cross_site/site_b_amsterdam/E2XB_F4_C3/seed20240618/B1
2,B,E2XB_F4_C3,20240618,B2,,263,True,True,True,,,,,,runs/experiment2_cross_site/site_b_amsterdam/E2XB_F4_C3/seed20240618/B2
2,B,E2XB_F4_C3,20240618,B4b,,263,True,True,True,,,,,,runs/experiment2_cross_site/site_b_amsterdam/E2XB_F4_C3/seed20240618/B4b
2,B,E2XB_F4_C3,20240619,B0,,241,True,False,False,,,,,,runs/experiment2_cross_site/site_b_amsterdam/E2XB_F4_C3/seed20240619/B0
2,B,E2XB_F4_C3,20240619,B1,,263,True,True,True,,,,,,runs/experiment2_cross_site/site_b_amsterdam/E2XB_F4_C3/seed20240619/B1
2,B,E2XB_F4_C3,20240619,B2,,263,True,True,True,,,,,,runs/experiment2_cross_site/site_b_amsterdam/E2XB_F4_C3/seed20240619/B2
2,B,E2XB_F4_C3,20240619,B4b,,263,True,True,True,,,,,,runs/experiment2_cross_site/site_b_amsterdam/E2XB_F4_C3/seed20240619/B4b
2,B,E2XB_F4_C3,20240620,B0,,241,True,False,False,,,,,,runs/experiment2_cross_site/site_b_amsterdam/E2XB_F4_C3/seed20240620/B0
2,B,E2XB_F4_C3,20240620,B1,,263,True,True,True,,,,,,runs/experiment2_cross_site/site_b_amsterdam/E2XB_F4_C3/seed20240620/B1
2,B,E2XB_F4_C3,20240620,B2,,263,True,True,True,,,,,,runs/experiment2_cross_site/site_b_amsterdam/E2XB_F4_C3/seed20240620/B2
2,B,E2XB_F4_C3,20240620,B4b,,263,True,True,True,,,,,,runs/experiment2_cross_site/site_b_amsterdam/E2XB_F4_C3/seed20240620/B4b
2,B,E2XB_F5_C1,20240601,B0,,241,True,False,False,,,,,,runs/experiment2_cross_site/site_b_amsterdam/E2XB_F5_C1/seed20240601/B0
2,B,E2XB_F5_C1,20240601,B1,,40,False,False,False,,,,,,runs/experiment2_cross_site/site_b_amsterdam/E2XB_F5_C1/seed20240601/B1
2,B,E2XB_F5_C1,20240601,B2,,40,False,False,False,,,,,,runs/experiment2_cross_site/site_b_amsterdam/E2XB_F5_C1/seed20240601/B2
2,B,E2XB_F5_C1,20240601,B4b,,40,False,False,False,,,,,,runs/experiment2_cross_site/site_b_amsterdam/E2XB_F5_C1/seed20240601/B4b
2,B,E2XB_F5_C1,20240602,B0,,241,True,False,False,,,,,,runs/experiment2_cross_site/site_b_amsterdam/E2XB_F5_C1/seed20240602/B0
2,B,E2XB_F5_C1,20240602,B1,,40,False,False,False,,,,,,runs/experiment2_cross_site/site_b_amsterdam/E2XB_F5_C1/seed20240602/B1
2,B,E2XB_F5_C1,20240602,B2,,40,False,False,False,,,,,,runs/experiment2_cross_site/site_b_amsterdam/E2XB_F5_C1/seed20240602/B2
2,B,E2XB_F5_C1,20240602,B4b,,40,False,False,False,,,,,,runs/experiment2_cross_site/site_b_amsterdam/E2XB_F5_C1/seed20240602/B4b
2,B,E2XB_F5_C1,20240603,B0,,241,True,False,False,,,,,,runs/experiment2_cross_site/site_b_amsterdam/E2XB_F5_C1/seed20240603/B0
2,B,E2XB_F5_C1,20240603,B1,,40,False,False,False,,,,,,runs/experiment2_cross_site/site_b_amsterdam/E2XB_F5_C1/seed20240603/B1
2,B,E2XB_F5_C1,20240603,B2,,40,False,False,False,,,,,,runs/experiment2_cross_site/site_b_amsterdam/E2XB_F5_C1/seed20240603/B2
2,B,E2XB_F5_C1,20240603,B4b,,40,False,False,False,,,,,,runs/experiment2_cross_site/site_b_amsterdam/E2XB_F5_C1/seed20240603/B4b
2,B,E2XB_F5_C1,20240604,B0,,241,True,False,False,,,,,,runs/experiment2_cross_site/site_b_amsterdam/E2XB_F5_C1/seed20240604/B0
2,B,E2XB_F5_C1,20240604,B1,,40,False,False,False,,,,,,runs/experiment2_cross_site/site_b_amsterdam/E2XB_F5_C1/seed20240604/B1
2,B,E2XB_F5_C1,20240604,B2,,40,False,False,False,,,,,,runs/experiment2_cross_site/site_b_amsterdam/E2XB_F5_C1/seed20240604/B2
2,B,E2XB_F5_C1,20240604,B4b,,40,False,False,False,,,,,,runs/experiment2_cross_site/site_b_amsterdam/E2XB_F5_C1/seed20240604/B4b
2,B,E2XB_F5_C1,20240605,B0,,241,True,False,False,,,,,,runs/experiment2_cross_site/site_b_amsterdam/E2XB_F5_C1/seed20240605/B0
2,B,E2XB_F5_C1,20240605,B1,,40,False,False,False,,,,,,runs/experiment2_cross_site/site_b_amsterdam/E2XB_F5_C1/seed20240605/B1
2,B,E2XB_F5_C1,20240605,B2,,40,False,False,False,,,,,,runs/experiment2_cross_site/site_b_amsterdam/E2XB_F5_C1/seed20240605/B2
2,B,E2XB_F5_C1,20240605,B4b,,40,False,False,False,,,,,,runs/experiment2_cross_site/site_b_amsterdam/E2XB_F5_C1/seed20240605/B4b
2,B,E2XB_F5_C1,20240606,B0,,241,True,False,False,,,,,,runs/experiment2_cross_site/site_b_amsterdam/E2XB_F5_C1/seed20240606/B0
2,B,E2XB_F5_C1,20240606,B1,,40,False,False,False,,,,,,runs/experiment2_cross_site/site_b_amsterdam/E2XB_F5_C1/seed20240606/B1
2,B,E2XB_F5_C1,20240606,B2,,40,False,False,False,,,,,,runs/experiment2_cross_site/site_b_amsterdam/E2XB_F5_C1/seed20240606/B2
2,B,E2XB_F5_C1,20240606,B4b,,40,False,False,False,,,,,,runs/experiment2_cross_site/site_b_amsterdam/E2XB_F5_C1/seed20240606/B4b
2,B,E2XB_F5_C1,20240607,B0,,241,True,False,False,,,,,,runs/experiment2_cross_site/site_b_amsterdam/E2XB_F5_C1/seed20240607/B0
2,B,E2XB_F5_C1,20240607,B1,,40,False,False,False,,,,,,runs/experiment2_cross_site/site_b_amsterdam/E2XB_F5_C1/seed20240607/B1
2,B,E2XB_F5_C1,20240607,B2,,40,False,False,False,,,,,,runs/experiment2_cross_site/site_b_amsterdam/E2XB_F5_C1/seed20240607/B2
2,B,E2XB_F5_C1,20240607,B4b,,40,False,False,False,,,,,,runs/experiment2_cross_site/site_b_amsterdam/E2XB_F5_C1/seed20240607/B4b
2,B,E2XB_F5_C1,20240608,B0,,241,True,False,False,,,,,,runs/experiment2_cross_site/site_b_amsterdam/E2XB_F5_C1/seed20240608/B0
2,B,E2XB_F5_C1,20240608,B1,,40,False,False,False,,,,,,runs/experiment2_cross_site/site_b_amsterdam/E2XB_F5_C1/seed20240608/B1
2,B,E2XB_F5_C1,20240608,B2,,40,False,False,False,,,,,,runs/experiment2_cross_site/site_b_amsterdam/E2XB_F5_C1/seed20240608/B2
2,B,E2XB_F5_C1,20240608,B4b,,40,False,False,False,,,,,,runs/experiment2_cross_site/site_b_amsterdam/E2XB_F5_C1/seed20240608/B4b
2,B,E2XB_F5_C1,20240609,B0,,241,True,False,False,,,,,,runs/experiment2_cross_site/site_b_amsterdam/E2XB_F5_C1/seed20240609/B0
2,B,E2XB_F5_C1,20240609,B1,,40,False,False,False,,,,,,runs/experiment2_cross_site/site_b_amsterdam/E2XB_F5_C1/seed20240609/B1
2,B,E2XB_F5_C1,20240609,B2,,40,False,False,False,,,,,,runs/experiment2_cross_site/site_b_amsterdam/E2XB_F5_C1/seed20240609/B2
2,B,E2XB_F5_C1,20240609,B4b,,40,False,False,False,,,,,,runs/experiment2_cross_site/site_b_amsterdam/E2XB_F5_C1/seed20240609/B4b
2,B,E2XB_F5_C1,20240610,B0,,241,True,False,False,,,,,,runs/experiment2_cross_site/site_b_amsterdam/E2XB_F5_C1/seed20240610/B0
2,B,E2XB_F5_C1,20240610,B1,,40,False,False,False,,,,,,runs/experiment2_cross_site/site_b_amsterdam/E2XB_F5_C1/seed20240610/B1
2,B,E2XB_F5_C1,20240610,B2,,40,False,False,False,,,,,,runs/experiment2_cross_site/site_b_amsterdam/E2XB_F5_C1/seed20240610/B2
2,B,E2XB_F5_C1,20240610,B4b,,40,False,False,False,,,,,,runs/experiment2_cross_site/site_b_amsterdam/E2XB_F5_C1/seed20240610/B4b
2,B,E2XB_F5_C1,20240611,B0,,241,True,False,False,,,,,,runs/experiment2_cross_site/site_b_amsterdam/E2XB_F5_C1/seed20240611/B0
2,B,E2XB_F5_C1,20240611,B1,,40,False,False,False,,,,,,runs/experiment2_cross_site/site_b_amsterdam/E2XB_F5_C1/seed20240611/B1
2,B,E2XB_F5_C1,20240611,B2,,40,False,False,False,,,,,,runs/experiment2_cross_site/site_b_amsterdam/E2XB_F5_C1/seed20240611/B2
2,B,E2XB_F5_C1,20240611,B4b,,40,False,False,False,,,,,,runs/experiment2_cross_site/site_b_amsterdam/E2XB_F5_C1/seed20240611/B4b
2,B,E2XB_F5_C1,20240612,B0,,241,True,False,False,,,,,,runs/experiment2_cross_site/site_b_amsterdam/E2XB_F5_C1/seed20240612/B0
2,B,E2XB_F5_C1,20240612,B1,,40,False,False,False,,,,,,runs/experiment2_cross_site/site_b_amsterdam/E2XB_F5_C1/seed20240612/B1
2,B,E2XB_F5_C1,20240612,B2,,40,False,False,False,,,,,,runs/experiment2_cross_site/site_b_amsterdam/E2XB_F5_C1/seed20240612/B2
2,B,E2XB_F5_C1,20240612,B4b,,40,False,False,False,,,,,,runs/experiment2_cross_site/site_b_amsterdam/E2XB_F5_C1/seed20240612/B4b
2,B,E2XB_F5_C1,20240613,B0,,241,True,False,False,,,,,,runs/experiment2_cross_site/site_b_amsterdam/E2XB_F5_C1/seed20240613/B0
2,B,E2XB_F5_C1,20240613,B1,,40,False,False,False,,,,,,runs/experiment2_cross_site/site_b_amsterdam/E2XB_F5_C1/seed20240613/B1
2,B,E2XB_F5_C1,20240613,B2,,40,False,False,False,,,,,,runs/experiment2_cross_site/site_b_amsterdam/E2XB_F5_C1/seed20240613/B2
2,B,E2XB_F5_C1,20240613,B4b,,40,False,False,False,,,,,,runs/experiment2_cross_site/site_b_amsterdam/E2XB_F5_C1/seed20240613/B4b
2,B,E2XB_F5_C1,20240614,B0,,241,True,False,False,,,,,,runs/experiment2_cross_site/site_b_amsterdam/E2XB_F5_C1/seed20240614/B0
2,B,E2XB_F5_C1,20240614,B1,,40,False,False,False,,,,,,runs/experiment2_cross_site/site_b_amsterdam/E2XB_F5_C1/seed20240614/B1
2,B,E2XB_F5_C1,20240614,B2,,40,False,False,False,,,,,,runs/experiment2_cross_site/site_b_amsterdam/E2XB_F5_C1/seed20240614/B2
2,B,E2XB_F5_C1,20240614,B4b,,40,False,False,False,,,,,,runs/experiment2_cross_site/site_b_amsterdam/E2XB_F5_C1/seed20240614/B4b
2,B,E2XB_F5_C1,20240615,B0,,241,True,False,False,,,,,,runs/experiment2_cross_site/site_b_amsterdam/E2XB_F5_C1/seed20240615/B0
2,B,E2XB_F5_C1,20240615,B1,,40,False,False,False,,,,,,runs/experiment2_cross_site/site_b_amsterdam/E2XB_F5_C1/seed20240615/B1
2,B,E2XB_F5_C1,20240615,B2,,40,False,False,False,,,,,,runs/experiment2_cross_site/site_b_amsterdam/E2XB_F5_C1/seed20240615/B2
2,B,E2XB_F5_C1,20240615,B4b,,40,False,False,False,,,,,,runs/experiment2_cross_site/site_b_amsterdam/E2XB_F5_C1/seed20240615/B4b
2,B,E2XB_F5_C1,20240616,B0,,241,True,False,False,,,,,,runs/experiment2_cross_site/site_b_amsterdam/E2XB_F5_C1/seed20240616/B0
2,B,E2XB_F5_C1,20240616,B1,,40,False,False,False,,,,,,runs/experiment2_cross_site/site_b_amsterdam/E2XB_F5_C1/seed20240616/B1
2,B,E2XB_F5_C1,20240616,B2,,40,False,False,False,,,,,,runs/experiment2_cross_site/site_b_amsterdam/E2XB_F5_C1/seed20240616/B2
2,B,E2XB_F5_C1,20240616,B4b,,40,False,False,False,,,,,,runs/experiment2_cross_site/site_b_amsterdam/E2XB_F5_C1/seed20240616/B4b
2,B,E2XB_F5_C1,20240617,B0,,241,True,False,False,,,,,,runs/experiment2_cross_site/site_b_amsterdam/E2XB_F5_C1/seed20240617/B0
2,B,E2XB_F5_C1,20240617,B1,,40,False,False,False,,,,,,runs/experiment2_cross_site/site_b_amsterdam/E2XB_F5_C1/seed20240617/B1
2,B,E2XB_F5_C1,20240617,B2,,40,False,False,False,,,,,,runs/experiment2_cross_site/site_b_amsterdam/E2XB_F5_C1/seed20240617/B2
2,B,E2XB_F5_C1,20240617,B4b,,40,False,False,False,,,,,,runs/experiment2_cross_site/site_b_amsterdam/E2XB_F5_C1/seed20240617/B4b
2,B,E2XB_F5_C1,20240618,B0,,241,True,False,False,,,,,,runs/experiment2_cross_site/site_b_amsterdam/E2XB_F5_C1/seed20240618/B0
2,B,E2XB_F5_C1,20240618,B1,,40,False,False,False,,,,,,runs/experiment2_cross_site/site_b_amsterdam/E2XB_F5_C1/seed20240618/B1
2,B,E2XB_F5_C1,20240618,B2,,40,False,False,False,,,,,,runs/experiment2_cross_site/site_b_amsterdam/E2XB_F5_C1/seed20240618/B2
2,B,E2XB_F5_C1,20240618,B4b,,40,False,False,False,,,,,,runs/experiment2_cross_site/site_b_amsterdam/E2XB_F5_C1/seed20240618/B4b
2,B,E2XB_F5_C1,20240619,B0,,241,True,False,False,,,,,,runs/experiment2_cross_site/site_b_amsterdam/E2XB_F5_C1/seed20240619/B0
2,B,E2XB_F5_C1,20240619,B1,,40,False,False,False,,,,,,runs/experiment2_cross_site/site_b_amsterdam/E2XB_F5_C1/seed20240619/B1
2,B,E2XB_F5_C1,20240619,B2,,40,False,False,False,,,,,,runs/experiment2_cross_site/site_b_amsterdam/E2XB_F5_C1/seed20240619/B2
2,B,E2XB_F5_C1,20240619,B4b,,40,False,False,False,,,,,,runs/experiment2_cross_site/site_b_amsterdam/E2XB_F5_C1/seed20240619/B4b
2,B,E2XB_F5_C1,20240620,B0,,241,True,False,False,,,,,,runs/experiment2_cross_site/site_b_amsterdam/E2XB_F5_C1/seed20240620/B0
2,B,E2XB_F5_C1,20240620,B1,,40,False,False,False,,,,,,runs/experiment2_cross_site/site_b_amsterdam/E2XB_F5_C1/seed20240620/B1
2,B,E2XB_F5_C1,20240620,B2,,40,False,False,False,,,,,,runs/experiment2_cross_site/site_b_amsterdam/E2XB_F5_C1/seed20240620/B2
2,B,E2XB_F5_C1,20240620,B4b,,40,False,False,False,,,,,,runs/experiment2_cross_site/site_b_amsterdam/E2XB_F5_C1/seed20240620/B4b
2,B,E2XB_F5_C2,20240601,B0,,241,True,False,False,,,,,,runs/experiment2_cross_site/site_b_amsterdam/E2XB_F5_C2/seed20240601/B0
2,B,E2XB_F5_C2,20240601,B1,,161,False,True,True,,,,,,runs/experiment2_cross_site/site_b_amsterdam/E2XB_F5_C2/seed20240601/B1
2,B,E2XB_F5_C2,20240601,B2,,161,False,True,True,,,,,,runs/experiment2_cross_site/site_b_amsterdam/E2XB_F5_C2/seed20240601/B2
2,B,E2XB_F5_C2,20240601,B4b,,161,False,True,True,,,,,,runs/experiment2_cross_site/site_b_amsterdam/E2XB_F5_C2/seed20240601/B4b
2,B,E2XB_F5_C2,20240602,B0,,241,True,False,False,,,,,,runs/experiment2_cross_site/site_b_amsterdam/E2XB_F5_C2/seed20240602/B0
2,B,E2XB_F5_C2,20240602,B1,,161,False,True,True,,,,,,runs/experiment2_cross_site/site_b_amsterdam/E2XB_F5_C2/seed20240602/B1
2,B,E2XB_F5_C2,20240602,B2,,161,False,True,True,,,,,,runs/experiment2_cross_site/site_b_amsterdam/E2XB_F5_C2/seed20240602/B2
2,B,E2XB_F5_C2,20240602,B4b,,161,False,True,True,,,,,,runs/experiment2_cross_site/site_b_amsterdam/E2XB_F5_C2/seed20240602/B4b
2,B,E2XB_F5_C2,20240603,B0,,241,True,False,False,,,,,,runs/experiment2_cross_site/site_b_amsterdam/E2XB_F5_C2/seed20240603/B0
2,B,E2XB_F5_C2,20240603,B1,,161,False,True,True,,,,,,runs/experiment2_cross_site/site_b_amsterdam/E2XB_F5_C2/seed20240603/B1
2,B,E2XB_F5_C2,20240603,B2,,161,False,True,True,,,,,,runs/experiment2_cross_site/site_b_amsterdam/E2XB_F5_C2/seed20240603/B2
2,B,E2XB_F5_C2,20240603,B4b,,161,False,True,True,,,,,,runs/experiment2_cross_site/site_b_amsterdam/E2XB_F5_C2/seed20240603/B4b
2,B,E2XB_F5_C2,20240604,B0,,241,True,False,False,,,,,,runs/experiment2_cross_site/site_b_amsterdam/E2XB_F5_C2/seed20240604/B0
2,B,E2XB_F5_C2,20240604,B1,,161,False,True,True,,,,,,runs/experiment2_cross_site/site_b_amsterdam/E2XB_F5_C2/seed20240604/B1
2,B,E2XB_F5_C2,20240604,B2,,161,False,True,True,,,,,,runs/experiment2_cross_site/site_b_amsterdam/E2XB_F5_C2/seed20240604/B2
2,B,E2XB_F5_C2,20240604,B4b,,161,False,True,True,,,,,,runs/experiment2_cross_site/site_b_amsterdam/E2XB_F5_C2/seed20240604/B4b
2,B,E2XB_F5_C2,20240605,B0,,241,True,False,False,,,,,,runs/experiment2_cross_site/site_b_amsterdam/E2XB_F5_C2/seed20240605/B0
2,B,E2XB_F5_C2,20240605,B1,,161,False,True,True,,,,,,runs/experiment2_cross_site/site_b_amsterdam/E2XB_F5_C2/seed20240605/B1
2,B,E2XB_F5_C2,20240605,B2,,161,False,True,True,,,,,,runs/experiment2_cross_site/site_b_amsterdam/E2XB_F5_C2/seed20240605/B2
2,B,E2XB_F5_C2,20240605,B4b,,161,False,True,True,,,,,,runs/experiment2_cross_site/site_b_amsterdam/E2XB_F5_C2/seed20240605/B4b
2,B,E2XB_F5_C2,20240606,B0,,241,True,False,False,,,,,,runs/experiment2_cross_site/site_b_amsterdam/E2XB_F5_C2/seed20240606/B0
2,B,E2XB_F5_C2,20240606,B1,,161,False,True,True,,,,,,runs/experiment2_cross_site/site_b_amsterdam/E2XB_F5_C2/seed20240606/B1
2,B,E2XB_F5_C2,20240606,B2,,161,False,True,True,,,,,,runs/experiment2_cross_site/site_b_amsterdam/E2XB_F5_C2/seed20240606/B2
2,B,E2XB_F5_C2,20240606,B4b,,161,False,True,True,,,,,,runs/experiment2_cross_site/site_b_amsterdam/E2XB_F5_C2/seed20240606/B4b
2,B,E2XB_F5_C2,20240607,B0,,241,True,False,False,,,,,,runs/experiment2_cross_site/site_b_amsterdam/E2XB_F5_C2/seed20240607/B0
2,B,E2XB_F5_C2,20240607,B1,,161,False,True,True,,,,,,runs/experiment2_cross_site/site_b_amsterdam/E2XB_F5_C2/seed20240607/B1
2,B,E2XB_F5_C2,20240607,B2,,161,False,True,True,,,,,,runs/experiment2_cross_site/site_b_amsterdam/E2XB_F5_C2/seed20240607/B2
2,B,E2XB_F5_C2,20240607,B4b,,161,False,True,True,,,,,,runs/experiment2_cross_site/site_b_amsterdam/E2XB_F5_C2/seed20240607/B4b
2,B,E2XB_F5_C2,20240608,B0,,241,True,False,False,,,,,,runs/experiment2_cross_site/site_b_amsterdam/E2XB_F5_C2/seed20240608/B0
2,B,E2XB_F5_C2,20240608,B1,,161,False,True,True,,,,,,runs/experiment2_cross_site/site_b_amsterdam/E2XB_F5_C2/seed20240608/B1
2,B,E2XB_F5_C2,20240608,B2,,161,False,True,True,,,,,,runs/experiment2_cross_site/site_b_amsterdam/E2XB_F5_C2/seed20240608/B2
2,B,E2XB_F5_C2,20240608,B4b,,161,False,True,True,,,,,,runs/experiment2_cross_site/site_b_amsterdam/E2XB_F5_C2/seed20240608/B4b
2,B,E2XB_F5_C2,20240609,B0,,241,True,False,False,,,,,,runs/experiment2_cross_site/site_b_amsterdam/E2XB_F5_C2/seed20240609/B0
2,B,E2XB_F5_C2,20240609,B1,,161,False,True,True,,,,,,runs/experiment2_cross_site/site_b_amsterdam/E2XB_F5_C2/seed20240609/B1
2,B,E2XB_F5_C2,20240609,B2,,161,False,True,True,,,,,,runs/experiment2_cross_site/site_b_amsterdam/E2XB_F5_C2/seed20240609/B2
2,B,E2XB_F5_C2,20240609,B4b,,161,False,True,True,,,,,,runs/experiment2_cross_site/site_b_amsterdam/E2XB_F5_C2/seed20240609/B4b
2,B,E2XB_F5_C2,20240610,B0,,241,True,False,False,,,,,,runs/experiment2_cross_site/site_b_amsterdam/E2XB_F5_C2/seed20240610/B0
2,B,E2XB_F5_C2,20240610,B1,,161,False,True,True,,,,,,runs/experiment2_cross_site/site_b_amsterdam/E2XB_F5_C2/seed20240610/B1
2,B,E2XB_F5_C2,20240610,B2,,161,False,True,True,,,,,,runs/experiment2_cross_site/site_b_amsterdam/E2XB_F5_C2/seed20240610/B2
2,B,E2XB_F5_C2,20240610,B4b,,161,False,True,True,,,,,,runs/experiment2_cross_site/site_b_amsterdam/E2XB_F5_C2/seed20240610/B4b
2,B,E2XB_F5_C2,20240611,B0,,241,True,False,False,,,,,,runs/experiment2_cross_site/site_b_amsterdam/E2XB_F5_C2/seed20240611/B0
2,B,E2XB_F5_C2,20240611,B1,,161,False,True,True,,,,,,runs/experiment2_cross_site/site_b_amsterdam/E2XB_F5_C2/seed20240611/B1
2,B,E2XB_F5_C2,20240611,B2,,161,False,True,True,,,,,,runs/experiment2_cross_site/site_b_amsterdam/E2XB_F5_C2/seed20240611/B2
2,B,E2XB_F5_C2,20240611,B4b,,161,False,True,True,,,,,,runs/experiment2_cross_site/site_b_amsterdam/E2XB_F5_C2/seed20240611/B4b
2,B,E2XB_F5_C2,20240612,B0,,241,True,False,False,,,,,,runs/experiment2_cross_site/site_b_amsterdam/E2XB_F5_C2/seed20240612/B0
2,B,E2XB_F5_C2,20240612,B1,,161,False,True,True,,,,,,runs/experiment2_cross_site/site_b_amsterdam/E2XB_F5_C2/seed20240612/B1
2,B,E2XB_F5_C2,20240612,B2,,161,False,True,True,,,,,,runs/experiment2_cross_site/site_b_amsterdam/E2XB_F5_C2/seed20240612/B2
2,B,E2XB_F5_C2,20240612,B4b,,161,False,True,True,,,,,,runs/experiment2_cross_site/site_b_amsterdam/E2XB_F5_C2/seed20240612/B4b
2,B,E2XB_F5_C2,20240613,B0,,241,True,False,False,,,,,,runs/experiment2_cross_site/site_b_amsterdam/E2XB_F5_C2/seed20240613/B0
2,B,E2XB_F5_C2,20240613,B1,,161,False,True,True,,,,,,runs/experiment2_cross_site/site_b_amsterdam/E2XB_F5_C2/seed20240613/B1
2,B,E2XB_F5_C2,20240613,B2,,161,False,True,True,,,,,,runs/experiment2_cross_site/site_b_amsterdam/E2XB_F5_C2/seed20240613/B2
2,B,E2XB_F5_C2,20240613,B4b,,161,False,True,True,,,,,,runs/experiment2_cross_site/site_b_amsterdam/E2XB_F5_C2/seed20240613/B4b
2,B,E2XB_F5_C2,20240614,B0,,241,True,False,False,,,,,,runs/experiment2_cross_site/site_b_amsterdam/E2XB_F5_C2/seed20240614/B0
2,B,E2XB_F5_C2,20240614,B1,,161,False,True,True,,,,,,runs/experiment2_cross_site/site_b_amsterdam/E2XB_F5_C2/seed20240614/B1
2,B,E2XB_F5_C2,20240614,B2,,161,False,True,True,,,,,,runs/experiment2_cross_site/site_b_amsterdam/E2XB_F5_C2/seed20240614/B2
2,B,E2XB_F5_C2,20240614,B4b,,161,False,True,True,,,,,,runs/experiment2_cross_site/site_b_amsterdam/E2XB_F5_C2/seed20240614/B4b
2,B,E2XB_F5_C2,20240615,B0,,241,True,False,False,,,,,,runs/experiment2_cross_site/site_b_amsterdam/E2XB_F5_C2/seed20240615/B0
2,B,E2XB_F5_C2,20240615,B1,,161,False,True,True,,,,,,runs/experiment2_cross_site/site_b_amsterdam/E2XB_F5_C2/seed20240615/B1
2,B,E2XB_F5_C2,20240615,B2,,161,False,True,True,,,,,,runs/experiment2_cross_site/site_b_amsterdam/E2XB_F5_C2/seed20240615/B2
2,B,E2XB_F5_C2,20240615,B4b,,161,False,True,True,,,,,,runs/experiment2_cross_site/site_b_amsterdam/E2XB_F5_C2/seed20240615/B4b
2,B,E2XB_F5_C2,20240616,B0,,241,True,False,False,,,,,,runs/experiment2_cross_site/site_b_amsterdam/E2XB_F5_C2/seed20240616/B0
2,B,E2XB_F5_C2,20240616,B1,,161,False,True,True,,,,,,runs/experiment2_cross_site/site_b_amsterdam/E2XB_F5_C2/seed20240616/B1
2,B,E2XB_F5_C2,20240616,B2,,161,False,True,True,,,,,,runs/experiment2_cross_site/site_b_amsterdam/E2XB_F5_C2/seed20240616/B2
2,B,E2XB_F5_C2,20240616,B4b,,161,False,True,True,,,,,,runs/experiment2_cross_site/site_b_amsterdam/E2XB_F5_C2/seed20240616/B4b
2,B,E2XB_F5_C2,20240617,B0,,241,True,False,False,,,,,,runs/experiment2_cross_site/site_b_amsterdam/E2XB_F5_C2/seed20240617/B0
2,B,E2XB_F5_C2,20240617,B1,,161,False,True,True,,,,,,runs/experiment2_cross_site/site_b_amsterdam/E2XB_F5_C2/seed20240617/B1
2,B,E2XB_F5_C2,20240617,B2,,161,False,True,True,,,,,,runs/experiment2_cross_site/site_b_amsterdam/E2XB_F5_C2/seed20240617/B2
2,B,E2XB_F5_C2,20240617,B4b,,161,False,True,True,,,,,,runs/experiment2_cross_site/site_b_amsterdam/E2XB_F5_C2/seed20240617/B4b
2,B,E2XB_F5_C2,20240618,B0,,241,True,False,False,,,,,,runs/experiment2_cross_site/site_b_amsterdam/E2XB_F5_C2/seed20240618/B0
2,B,E2XB_F5_C2,20240618,B1,,161,False,True,True,,,,,,runs/experiment2_cross_site/site_b_amsterdam/E2XB_F5_C2/seed20240618/B1
2,B,E2XB_F5_C2,20240618,B2,,161,False,True,True,,,,,,runs/experiment2_cross_site/site_b_amsterdam/E2XB_F5_C2/seed20240618/B2
2,B,E2XB_F5_C2,20240618,B4b,,161,False,True,True,,,,,,runs/experiment2_cross_site/site_b_amsterdam/E2XB_F5_C2/seed20240618/B4b
2,B,E2XB_F5_C2,20240619,B0,,241,True,False,False,,,,,,runs/experiment2_cross_site/site_b_amsterdam/E2XB_F5_C2/seed20240619/B0
2,B,E2XB_F5_C2,20240619,B1,,161,False,True,True,,,,,,runs/experiment2_cross_site/site_b_amsterdam/E2XB_F5_C2/seed20240619/B1
2,B,E2XB_F5_C2,20240619,B2,,161,False,True,True,,,,,,runs/experiment2_cross_site/site_b_amsterdam/E2XB_F5_C2/seed20240619/B2
2,B,E2XB_F5_C2,20240619,B4b,,161,False,True,True,,,,,,runs/experiment2_cross_site/site_b_amsterdam/E2XB_F5_C2/seed20240619/B4b
2,B,E2XB_F5_C2,20240620,B0,,241,True,False,False,,,,,,runs/experiment2_cross_site/site_b_amsterdam/E2XB_F5_C2/seed20240620/B0
2,B,E2XB_F5_C2,20240620,B1,,161,False,True,True,,,,,,runs/experiment2_cross_site/site_b_amsterdam/E2XB_F5_C2/seed20240620/B1
2,B,E2XB_F5_C2,20240620,B2,,161,False,True,True,,,,,,runs/experiment2_cross_site/site_b_amsterdam/E2XB_F5_C2/seed20240620/B2
2,B,E2XB_F5_C2,20240620,B4b,,161,False,True,True,,,,,,runs/experiment2_cross_site/site_b_amsterdam/E2XB_F5_C2/seed20240620/B4b
2,B,E2XB_F5_C3,20240601,B0,,241,True,False,False,,,,,,runs/experiment2_cross_site/site_b_amsterdam/E2XB_F5_C3/seed20240601/B0
2,B,E2XB_F5_C3,20240601,B1,,263,True,True,True,,,,,,runs/experiment2_cross_site/site_b_amsterdam/E2XB_F5_C3/seed20240601/B1
2,B,E2XB_F5_C3,20240601,B2,,263,True,True,True,,,,,,runs/experiment2_cross_site/site_b_amsterdam/E2XB_F5_C3/seed20240601/B2
2,B,E2XB_F5_C3,20240601,B4b,,263,True,True,True,,,,,,runs/experiment2_cross_site/site_b_amsterdam/E2XB_F5_C3/seed20240601/B4b
2,B,E2XB_F5_C3,20240602,B0,,241,True,False,False,,,,,,runs/experiment2_cross_site/site_b_amsterdam/E2XB_F5_C3/seed20240602/B0
2,B,E2XB_F5_C3,20240602,B1,,263,True,True,True,,,,,,runs/experiment2_cross_site/site_b_amsterdam/E2XB_F5_C3/seed20240602/B1
2,B,E2XB_F5_C3,20240602,B2,,263,True,True,True,,,,,,runs/experiment2_cross_site/site_b_amsterdam/E2XB_F5_C3/seed20240602/B2
2,B,E2XB_F5_C3,20240602,B4b,,271,True,True,True,,,,,,runs/experiment2_cross_site/site_b_amsterdam/E2XB_F5_C3/seed20240602/B4b
2,B,E2XB_F5_C3,20240603,B0,,241,True,False,False,,,,,,runs/experiment2_cross_site/site_b_amsterdam/E2XB_F5_C3/seed20240603/B0
2,B,E2XB_F5_C3,20240603,B1,,263,True,True,True,,,,,,runs/experiment2_cross_site/site_b_amsterdam/E2XB_F5_C3/seed20240603/B1
2,B,E2XB_F5_C3,20240603,B2,,263,True,True,True,,,,,,runs/experiment2_cross_site/site_b_amsterdam/E2XB_F5_C3/seed20240603/B2
2,B,E2XB_F5_C3,20240603,B4b,,271,True,True,True,,,,,,runs/experiment2_cross_site/site_b_amsterdam/E2XB_F5_C3/seed20240603/B4b
2,B,E2XB_F5_C3,20240604,B0,,241,True,False,False,,,,,,runs/experiment2_cross_site/site_b_amsterdam/E2XB_F5_C3/seed20240604/B0
2,B,E2XB_F5_C3,20240604,B1,,263,True,True,True,,,,,,runs/experiment2_cross_site/site_b_amsterdam/E2XB_F5_C3/seed20240604/B1
2,B,E2XB_F5_C3,20240604,B2,,263,True,True,True,,,,,,runs/experiment2_cross_site/site_b_amsterdam/E2XB_F5_C3/seed20240604/B2
2,B,E2XB_F5_C3,20240604,B4b,,271,True,True,True,,,,,,runs/experiment2_cross_site/site_b_amsterdam/E2XB_F5_C3/seed20240604/B4b
2,B,E2XB_F5_C3,20240605,B0,,241,True,False,False,,,,,,runs/experiment2_cross_site/site_b_amsterdam/E2XB_F5_C3/seed20240605/B0
2,B,E2XB_F5_C3,20240605,B1,,263,True,True,True,,,,,,runs/experiment2_cross_site/site_b_amsterdam/E2XB_F5_C3/seed20240605/B1
2,B,E2XB_F5_C3,20240605,B2,,263,True,True,True,,,,,,runs/experiment2_cross_site/site_b_amsterdam/E2XB_F5_C3/seed20240605/B2
2,B,E2XB_F5_C3,20240605,B4b,,271,True,True,True,,,,,,runs/experiment2_cross_site/site_b_amsterdam/E2XB_F5_C3/seed20240605/B4b
2,B,E2XB_F5_C3,20240606,B0,,241,True,False,False,,,,,,runs/experiment2_cross_site/site_b_amsterdam/E2XB_F5_C3/seed20240606/B0
2,B,E2XB_F5_C3,20240606,B1,,263,True,True,True,,,,,,runs/experiment2_cross_site/site_b_amsterdam/E2XB_F5_C3/seed20240606/B1
2,B,E2XB_F5_C3,20240606,B2,,263,True,True,True,,,,,,runs/experiment2_cross_site/site_b_amsterdam/E2XB_F5_C3/seed20240606/B2
2,B,E2XB_F5_C3,20240606,B4b,,271,True,True,True,,,,,,runs/experiment2_cross_site/site_b_amsterdam/E2XB_F5_C3/seed20240606/B4b
2,B,E2XB_F5_C3,20240607,B0,,241,True,False,False,,,,,,runs/experiment2_cross_site/site_b_amsterdam/E2XB_F5_C3/seed20240607/B0
2,B,E2XB_F5_C3,20240607,B1,,263,True,True,True,,,,,,runs/experiment2_cross_site/site_b_amsterdam/E2XB_F5_C3/seed20240607/B1
2,B,E2XB_F5_C3,20240607,B2,,263,True,True,True,,,,,,runs/experiment2_cross_site/site_b_amsterdam/E2XB_F5_C3/seed20240607/B2
2,B,E2XB_F5_C3,20240607,B4b,,271,True,True,True,,,,,,runs/experiment2_cross_site/site_b_amsterdam/E2XB_F5_C3/seed20240607/B4b
2,B,E2XB_F5_C3,20240608,B0,,241,True,False,False,,,,,,runs/experiment2_cross_site/site_b_amsterdam/E2XB_F5_C3/seed20240608/B0
2,B,E2XB_F5_C3,20240608,B1,,263,True,True,True,,,,,,runs/experiment2_cross_site/site_b_amsterdam/E2XB_F5_C3/seed20240608/B1
2,B,E2XB_F5_C3,20240608,B2,,263,True,True,True,,,,,,runs/experiment2_cross_site/site_b_amsterdam/E2XB_F5_C3/seed20240608/B2
2,B,E2XB_F5_C3,20240608,B4b,,263,True,False,False,,,,,,runs/experiment2_cross_site/site_b_amsterdam/E2XB_F5_C3/seed20240608/B4b
2,B,E2XB_F5_C3,20240609,B0,,241,True,False,False,,,,,,runs/experiment2_cross_site/site_b_amsterdam/E2XB_F5_C3/seed20240609/B0
2,B,E2XB_F5_C3,20240609,B1,,263,True,True,True,,,,,,runs/experiment2_cross_site/site_b_amsterdam/E2XB_F5_C3/seed20240609/B1
2,B,E2XB_F5_C3,20240609,B2,,263,True,True,True,,,,,,runs/experiment2_cross_site/site_b_amsterdam/E2XB_F5_C3/seed20240609/B2
2,B,E2XB_F5_C3,20240609,B4b,,263,True,True,True,,,,,,runs/experiment2_cross_site/site_b_amsterdam/E2XB_F5_C3/seed20240609/B4b
2,B,E2XB_F5_C3,20240610,B0,,241,True,False,False,,,,,,runs/experiment2_cross_site/site_b_amsterdam/E2XB_F5_C3/seed20240610/B0
2,B,E2XB_F5_C3,20240610,B1,,263,True,True,True,,,,,,runs/experiment2_cross_site/site_b_amsterdam/E2XB_F5_C3/seed20240610/B1
2,B,E2XB_F5_C3,20240610,B2,,263,True,True,True,,,,,,runs/experiment2_cross_site/site_b_amsterdam/E2XB_F5_C3/seed20240610/B2
2,B,E2XB_F5_C3,20240610,B4b,,263,True,True,True,,,,,,runs/experiment2_cross_site/site_b_amsterdam/E2XB_F5_C3/seed20240610/B4b
2,B,E2XB_F5_C3,20240611,B0,,241,True,False,False,,,,,,runs/experiment2_cross_site/site_b_amsterdam/E2XB_F5_C3/seed20240611/B0
2,B,E2XB_F5_C3,20240611,B1,,263,True,True,True,,,,,,runs/experiment2_cross_site/site_b_amsterdam/E2XB_F5_C3/seed20240611/B1
2,B,E2XB_F5_C3,20240611,B2,,263,True,True,True,,,,,,runs/experiment2_cross_site/site_b_amsterdam/E2XB_F5_C3/seed20240611/B2
2,B,E2XB_F5_C3,20240611,B4b,,263,True,True,True,,,,,,runs/experiment2_cross_site/site_b_amsterdam/E2XB_F5_C3/seed20240611/B4b
2,B,E2XB_F5_C3,20240612,B0,,241,True,False,False,,,,,,runs/experiment2_cross_site/site_b_amsterdam/E2XB_F5_C3/seed20240612/B0
2,B,E2XB_F5_C3,20240612,B1,,263,True,True,True,,,,,,runs/experiment2_cross_site/site_b_amsterdam/E2XB_F5_C3/seed20240612/B1
2,B,E2XB_F5_C3,20240612,B2,,263,True,True,True,,,,,,runs/experiment2_cross_site/site_b_amsterdam/E2XB_F5_C3/seed20240612/B2
2,B,E2XB_F5_C3,20240612,B4b,,263,True,True,True,,,,,,runs/experiment2_cross_site/site_b_amsterdam/E2XB_F5_C3/seed20240612/B4b
2,B,E2XB_F5_C3,20240613,B0,,241,True,False,False,,,,,,runs/experiment2_cross_site/site_b_amsterdam/E2XB_F5_C3/seed20240613/B0
2,B,E2XB_F5_C3,20240613,B1,,263,True,True,True,,,,,,runs/experiment2_cross_site/site_b_amsterdam/E2XB_F5_C3/seed20240613/B1
2,B,E2XB_F5_C3,20240613,B2,,263,True,True,True,,,,,,runs/experiment2_cross_site/site_b_amsterdam/E2XB_F5_C3/seed20240613/B2
2,B,E2XB_F5_C3,20240613,B4b,,263,True,True,True,,,,,,runs/experiment2_cross_site/site_b_amsterdam/E2XB_F5_C3/seed20240613/B4b
2,B,E2XB_F5_C3,20240614,B0,,241,True,False,False,,,,,,runs/experiment2_cross_site/site_b_amsterdam/E2XB_F5_C3/seed20240614/B0
2,B,E2XB_F5_C3,20240614,B1,,263,True,True,True,,,,,,runs/experiment2_cross_site/site_b_amsterdam/E2XB_F5_C3/seed20240614/B1
2,B,E2XB_F5_C3,20240614,B2,,263,True,True,True,,,,,,runs/experiment2_cross_site/site_b_amsterdam/E2XB_F5_C3/seed20240614/B2
2,B,E2XB_F5_C3,20240614,B4b,,263,True,True,True,,,,,,runs/experiment2_cross_site/site_b_amsterdam/E2XB_F5_C3/seed20240614/B4b
2,B,E2XB_F5_C3,20240615,B0,,241,True,False,False,,,,,,runs/experiment2_cross_site/site_b_amsterdam/E2XB_F5_C3/seed20240615/B0
2,B,E2XB_F5_C3,20240615,B1,,263,True,True,True,,,,,,runs/experiment2_cross_site/site_b_amsterdam/E2XB_F5_C3/seed20240615/B1
2,B,E2XB_F5_C3,20240615,B2,,263,True,True,True,,,,,,runs/experiment2_cross_site/site_b_amsterdam/E2XB_F5_C3/seed20240615/B2
2,B,E2XB_F5_C3,20240615,B4b,,263,True,True,True,,,,,,runs/experiment2_cross_site/site_b_amsterdam/E2XB_F5_C3/seed20240615/B4b
2,B,E2XB_F5_C3,20240616,B0,,241,True,False,False,,,,,,runs/experiment2_cross_site/site_b_amsterdam/E2XB_F5_C3/seed20240616/B0
2,B,E2XB_F5_C3,20240616,B1,,263,True,True,True,,,,,,runs/experiment2_cross_site/site_b_amsterdam/E2XB_F5_C3/seed20240616/B1
2,B,E2XB_F5_C3,20240616,B2,,263,True,True,True,,,,,,runs/experiment2_cross_site/site_b_amsterdam/E2XB_F5_C3/seed20240616/B2
2,B,E2XB_F5_C3,20240616,B4b,,263,True,True,True,,,,,,runs/experiment2_cross_site/site_b_amsterdam/E2XB_F5_C3/seed20240616/B4b
2,B,E2XB_F5_C3,20240617,B0,,241,True,False,False,,,,,,runs/experiment2_cross_site/site_b_amsterdam/E2XB_F5_C3/seed20240617/B0
2,B,E2XB_F5_C3,20240617,B1,,263,True,True,True,,,,,,runs/experiment2_cross_site/site_b_amsterdam/E2XB_F5_C3/seed20240617/B1
2,B,E2XB_F5_C3,20240617,B2,,263,True,True,True,,,,,,runs/experiment2_cross_site/site_b_amsterdam/E2XB_F5_C3/seed20240617/B2
2,B,E2XB_F5_C3,20240617,B4b,,263,True,True,True,,,,,,runs/experiment2_cross_site/site_b_amsterdam/E2XB_F5_C3/seed20240617/B4b
2,B,E2XB_F5_C3,20240618,B0,,241,True,False,False,,,,,,runs/experiment2_cross_site/site_b_amsterdam/E2XB_F5_C3/seed20240618/B0
2,B,E2XB_F5_C3,20240618,B1,,263,True,True,True,,,,,,runs/experiment2_cross_site/site_b_amsterdam/E2XB_F5_C3/seed20240618/B1
2,B,E2XB_F5_C3,20240618,B2,,263,True,True,True,,,,,,runs/experiment2_cross_site/site_b_amsterdam/E2XB_F5_C3/seed20240618/B2
2,B,E2XB_F5_C3,20240618,B4b,,263,True,True,True,,,,,,runs/experiment2_cross_site/site_b_amsterdam/E2XB_F5_C3/seed20240618/B4b
2,B,E2XB_F5_C3,20240619,B0,,241,True,False,False,,,,,,runs/experiment2_cross_site/site_b_amsterdam/E2XB_F5_C3/seed20240619/B0
2,B,E2XB_F5_C3,20240619,B1,,263,True,True,True,,,,,,runs/experiment2_cross_site/site_b_amsterdam/E2XB_F5_C3/seed20240619/B1
2,B,E2XB_F5_C3,20240619,B2,,263,True,True,True,,,,,,runs/experiment2_cross_site/site_b_amsterdam/E2XB_F5_C3/seed20240619/B2
2,B,E2XB_F5_C3,20240619,B4b,,263,True,True,True,,,,,,runs/experiment2_cross_site/site_b_amsterdam/E2XB_F5_C3/seed20240619/B4b
2,B,E2XB_F5_C3,20240620,B0,,241,True,False,False,,,,,,runs/experiment2_cross_site/site_b_amsterdam/E2XB_F5_C3/seed20240620/B0
2,B,E2XB_F5_C3,20240620,B1,,263,True,True,True,,,,,,runs/experiment2_cross_site/site_b_amsterdam/E2XB_F5_C3/seed20240620/B1
2,B,E2XB_F5_C3,20240620,B2,,263,True,True,True,,,,,,runs/experiment2_cross_site/site_b_amsterdam/E2XB_F5_C3/seed20240620/B2
2,B,E2XB_F5_C3,20240620,B4b,,263,True,True,True,,,,,,runs/experiment2_cross_site/site_b_amsterdam/E2XB_F5_C3/seed20240620/B4b
2,B,E2XB_F6_C1,20240601,B0,,241,True,False,False,,,,,,runs/experiment2_cross_site/site_b_amsterdam/E2XB_F6_C1/seed20240601/B0
2,B,E2XB_F6_C1,20240601,B1,,40,False,False,False,,,,,,runs/experiment2_cross_site/site_b_amsterdam/E2XB_F6_C1/seed20240601/B1
2,B,E2XB_F6_C1,20240601,B2,,40,False,False,False,,,,,,runs/experiment2_cross_site/site_b_amsterdam/E2XB_F6_C1/seed20240601/B2
2,B,E2XB_F6_C1,20240601,B4b,,40,False,False,False,,,,,,runs/experiment2_cross_site/site_b_amsterdam/E2XB_F6_C1/seed20240601/B4b
2,B,E2XB_F6_C1,20240602,B0,,241,True,False,False,,,,,,runs/experiment2_cross_site/site_b_amsterdam/E2XB_F6_C1/seed20240602/B0
2,B,E2XB_F6_C1,20240602,B1,,40,False,False,False,,,,,,runs/experiment2_cross_site/site_b_amsterdam/E2XB_F6_C1/seed20240602/B1
2,B,E2XB_F6_C1,20240602,B2,,40,False,False,False,,,,,,runs/experiment2_cross_site/site_b_amsterdam/E2XB_F6_C1/seed20240602/B2
2,B,E2XB_F6_C1,20240602,B4b,,40,False,False,False,,,,,,runs/experiment2_cross_site/site_b_amsterdam/E2XB_F6_C1/seed20240602/B4b
2,B,E2XB_F6_C1,20240603,B0,,241,True,False,False,,,,,,runs/experiment2_cross_site/site_b_amsterdam/E2XB_F6_C1/seed20240603/B0
2,B,E2XB_F6_C1,20240603,B1,,40,False,False,False,,,,,,runs/experiment2_cross_site/site_b_amsterdam/E2XB_F6_C1/seed20240603/B1
2,B,E2XB_F6_C1,20240603,B2,,40,False,False,False,,,,,,runs/experiment2_cross_site/site_b_amsterdam/E2XB_F6_C1/seed20240603/B2
2,B,E2XB_F6_C1,20240603,B4b,,40,False,False,False,,,,,,runs/experiment2_cross_site/site_b_amsterdam/E2XB_F6_C1/seed20240603/B4b
2,B,E2XB_F6_C1,20240604,B0,,241,True,False,False,,,,,,runs/experiment2_cross_site/site_b_amsterdam/E2XB_F6_C1/seed20240604/B0
2,B,E2XB_F6_C1,20240604,B1,,40,False,False,False,,,,,,runs/experiment2_cross_site/site_b_amsterdam/E2XB_F6_C1/seed20240604/B1
2,B,E2XB_F6_C1,20240604,B2,,40,False,False,False,,,,,,runs/experiment2_cross_site/site_b_amsterdam/E2XB_F6_C1/seed20240604/B2
2,B,E2XB_F6_C1,20240604,B4b,,40,False,False,False,,,,,,runs/experiment2_cross_site/site_b_amsterdam/E2XB_F6_C1/seed20240604/B4b
2,B,E2XB_F6_C1,20240605,B0,,241,True,False,False,,,,,,runs/experiment2_cross_site/site_b_amsterdam/E2XB_F6_C1/seed20240605/B0
2,B,E2XB_F6_C1,20240605,B1,,40,False,False,False,,,,,,runs/experiment2_cross_site/site_b_amsterdam/E2XB_F6_C1/seed20240605/B1
2,B,E2XB_F6_C1,20240605,B2,,40,False,False,False,,,,,,runs/experiment2_cross_site/site_b_amsterdam/E2XB_F6_C1/seed20240605/B2
2,B,E2XB_F6_C1,20240605,B4b,,40,False,False,False,,,,,,runs/experiment2_cross_site/site_b_amsterdam/E2XB_F6_C1/seed20240605/B4b
2,B,E2XB_F6_C1,20240606,B0,,241,True,False,False,,,,,,runs/experiment2_cross_site/site_b_amsterdam/E2XB_F6_C1/seed20240606/B0
2,B,E2XB_F6_C1,20240606,B1,,40,False,False,False,,,,,,runs/experiment2_cross_site/site_b_amsterdam/E2XB_F6_C1/seed20240606/B1
2,B,E2XB_F6_C1,20240606,B2,,40,False,False,False,,,,,,runs/experiment2_cross_site/site_b_amsterdam/E2XB_F6_C1/seed20240606/B2
2,B,E2XB_F6_C1,20240606,B4b,,40,False,False,False,,,,,,runs/experiment2_cross_site/site_b_amsterdam/E2XB_F6_C1/seed20240606/B4b
2,B,E2XB_F6_C1,20240607,B0,,241,True,False,False,,,,,,runs/experiment2_cross_site/site_b_amsterdam/E2XB_F6_C1/seed20240607/B0
2,B,E2XB_F6_C1,20240607,B1,,40,False,False,False,,,,,,runs/experiment2_cross_site/site_b_amsterdam/E2XB_F6_C1/seed20240607/B1
2,B,E2XB_F6_C1,20240607,B2,,40,False,False,False,,,,,,runs/experiment2_cross_site/site_b_amsterdam/E2XB_F6_C1/seed20240607/B2
2,B,E2XB_F6_C1,20240607,B4b,,40,False,False,False,,,,,,runs/experiment2_cross_site/site_b_amsterdam/E2XB_F6_C1/seed20240607/B4b
2,B,E2XB_F6_C1,20240608,B0,,241,True,False,False,,,,,,runs/experiment2_cross_site/site_b_amsterdam/E2XB_F6_C1/seed20240608/B0
2,B,E2XB_F6_C1,20240608,B1,,40,False,False,False,,,,,,runs/experiment2_cross_site/site_b_amsterdam/E2XB_F6_C1/seed20240608/B1
2,B,E2XB_F6_C1,20240608,B2,,40,False,False,False,,,,,,runs/experiment2_cross_site/site_b_amsterdam/E2XB_F6_C1/seed20240608/B2
2,B,E2XB_F6_C1,20240608,B4b,,40,False,False,False,,,,,,runs/experiment2_cross_site/site_b_amsterdam/E2XB_F6_C1/seed20240608/B4b
2,B,E2XB_F6_C1,20240609,B0,,241,True,False,False,,,,,,runs/experiment2_cross_site/site_b_amsterdam/E2XB_F6_C1/seed20240609/B0
2,B,E2XB_F6_C1,20240609,B1,,40,False,False,False,,,,,,runs/experiment2_cross_site/site_b_amsterdam/E2XB_F6_C1/seed20240609/B1
2,B,E2XB_F6_C1,20240609,B2,,40,False,False,False,,,,,,runs/experiment2_cross_site/site_b_amsterdam/E2XB_F6_C1/seed20240609/B2
2,B,E2XB_F6_C1,20240609,B4b,,40,False,False,False,,,,,,runs/experiment2_cross_site/site_b_amsterdam/E2XB_F6_C1/seed20240609/B4b
2,B,E2XB_F6_C1,20240610,B0,,241,True,False,False,,,,,,runs/experiment2_cross_site/site_b_amsterdam/E2XB_F6_C1/seed20240610/B0
2,B,E2XB_F6_C1,20240610,B1,,40,False,False,False,,,,,,runs/experiment2_cross_site/site_b_amsterdam/E2XB_F6_C1/seed20240610/B1
2,B,E2XB_F6_C1,20240610,B2,,40,False,False,False,,,,,,runs/experiment2_cross_site/site_b_amsterdam/E2XB_F6_C1/seed20240610/B2
2,B,E2XB_F6_C1,20240610,B4b,,40,False,False,False,,,,,,runs/experiment2_cross_site/site_b_amsterdam/E2XB_F6_C1/seed20240610/B4b
2,B,E2XB_F6_C1,20240611,B0,,241,True,False,False,,,,,,runs/experiment2_cross_site/site_b_amsterdam/E2XB_F6_C1/seed20240611/B0
2,B,E2XB_F6_C1,20240611,B1,,40,False,False,False,,,,,,runs/experiment2_cross_site/site_b_amsterdam/E2XB_F6_C1/seed20240611/B1
2,B,E2XB_F6_C1,20240611,B2,,40,False,False,False,,,,,,runs/experiment2_cross_site/site_b_amsterdam/E2XB_F6_C1/seed20240611/B2
2,B,E2XB_F6_C1,20240611,B4b,,40,False,False,False,,,,,,runs/experiment2_cross_site/site_b_amsterdam/E2XB_F6_C1/seed20240611/B4b
2,B,E2XB_F6_C1,20240612,B0,,241,True,False,False,,,,,,runs/experiment2_cross_site/site_b_amsterdam/E2XB_F6_C1/seed20240612/B0
2,B,E2XB_F6_C1,20240612,B1,,40,False,False,False,,,,,,runs/experiment2_cross_site/site_b_amsterdam/E2XB_F6_C1/seed20240612/B1
2,B,E2XB_F6_C1,20240612,B2,,40,False,False,False,,,,,,runs/experiment2_cross_site/site_b_amsterdam/E2XB_F6_C1/seed20240612/B2
2,B,E2XB_F6_C1,20240612,B4b,,40,False,False,False,,,,,,runs/experiment2_cross_site/site_b_amsterdam/E2XB_F6_C1/seed20240612/B4b
2,B,E2XB_F6_C1,20240613,B0,,241,True,False,False,,,,,,runs/experiment2_cross_site/site_b_amsterdam/E2XB_F6_C1/seed20240613/B0
2,B,E2XB_F6_C1,20240613,B1,,40,False,False,False,,,,,,runs/experiment2_cross_site/site_b_amsterdam/E2XB_F6_C1/seed20240613/B1
2,B,E2XB_F6_C1,20240613,B2,,40,False,False,False,,,,,,runs/experiment2_cross_site/site_b_amsterdam/E2XB_F6_C1/seed20240613/B2
2,B,E2XB_F6_C1,20240613,B4b,,40,False,False,False,,,,,,runs/experiment2_cross_site/site_b_amsterdam/E2XB_F6_C1/seed20240613/B4b
2,B,E2XB_F6_C1,20240614,B0,,241,True,False,False,,,,,,runs/experiment2_cross_site/site_b_amsterdam/E2XB_F6_C1/seed20240614/B0
2,B,E2XB_F6_C1,20240614,B1,,40,False,False,False,,,,,,runs/experiment2_cross_site/site_b_amsterdam/E2XB_F6_C1/seed20240614/B1
2,B,E2XB_F6_C1,20240614,B2,,40,False,False,False,,,,,,runs/experiment2_cross_site/site_b_amsterdam/E2XB_F6_C1/seed20240614/B2
2,B,E2XB_F6_C1,20240614,B4b,,40,False,False,False,,,,,,runs/experiment2_cross_site/site_b_amsterdam/E2XB_F6_C1/seed20240614/B4b
2,B,E2XB_F6_C1,20240615,B0,,241,True,False,False,,,,,,runs/experiment2_cross_site/site_b_amsterdam/E2XB_F6_C1/seed20240615/B0
2,B,E2XB_F6_C1,20240615,B1,,40,False,False,False,,,,,,runs/experiment2_cross_site/site_b_amsterdam/E2XB_F6_C1/seed20240615/B1
2,B,E2XB_F6_C1,20240615,B2,,40,False,False,False,,,,,,runs/experiment2_cross_site/site_b_amsterdam/E2XB_F6_C1/seed20240615/B2
2,B,E2XB_F6_C1,20240615,B4b,,40,False,False,False,,,,,,runs/experiment2_cross_site/site_b_amsterdam/E2XB_F6_C1/seed20240615/B4b
2,B,E2XB_F6_C1,20240616,B0,,241,True,False,False,,,,,,runs/experiment2_cross_site/site_b_amsterdam/E2XB_F6_C1/seed20240616/B0
2,B,E2XB_F6_C1,20240616,B1,,40,False,False,False,,,,,,runs/experiment2_cross_site/site_b_amsterdam/E2XB_F6_C1/seed20240616/B1
2,B,E2XB_F6_C1,20240616,B2,,40,False,False,False,,,,,,runs/experiment2_cross_site/site_b_amsterdam/E2XB_F6_C1/seed20240616/B2
2,B,E2XB_F6_C1,20240616,B4b,,40,False,False,False,,,,,,runs/experiment2_cross_site/site_b_amsterdam/E2XB_F6_C1/seed20240616/B4b
2,B,E2XB_F6_C1,20240617,B0,,241,True,False,False,,,,,,runs/experiment2_cross_site/site_b_amsterdam/E2XB_F6_C1/seed20240617/B0
2,B,E2XB_F6_C1,20240617,B1,,40,False,False,False,,,,,,runs/experiment2_cross_site/site_b_amsterdam/E2XB_F6_C1/seed20240617/B1
2,B,E2XB_F6_C1,20240617,B2,,40,False,False,False,,,,,,runs/experiment2_cross_site/site_b_amsterdam/E2XB_F6_C1/seed20240617/B2
2,B,E2XB_F6_C1,20240617,B4b,,40,False,False,False,,,,,,runs/experiment2_cross_site/site_b_amsterdam/E2XB_F6_C1/seed20240617/B4b
2,B,E2XB_F6_C1,20240618,B0,,241,True,False,False,,,,,,runs/experiment2_cross_site/site_b_amsterdam/E2XB_F6_C1/seed20240618/B0
2,B,E2XB_F6_C1,20240618,B1,,40,False,False,False,,,,,,runs/experiment2_cross_site/site_b_amsterdam/E2XB_F6_C1/seed20240618/B1
2,B,E2XB_F6_C1,20240618,B2,,40,False,False,False,,,,,,runs/experiment2_cross_site/site_b_amsterdam/E2XB_F6_C1/seed20240618/B2
2,B,E2XB_F6_C1,20240618,B4b,,40,False,False,False,,,,,,runs/experiment2_cross_site/site_b_amsterdam/E2XB_F6_C1/seed20240618/B4b
2,B,E2XB_F6_C1,20240619,B0,,241,True,False,False,,,,,,runs/experiment2_cross_site/site_b_amsterdam/E2XB_F6_C1/seed20240619/B0
2,B,E2XB_F6_C1,20240619,B1,,40,False,False,False,,,,,,runs/experiment2_cross_site/site_b_amsterdam/E2XB_F6_C1/seed20240619/B1
2,B,E2XB_F6_C1,20240619,B2,,40,False,False,False,,,,,,runs/experiment2_cross_site/site_b_amsterdam/E2XB_F6_C1/seed20240619/B2
2,B,E2XB_F6_C1,20240619,B4b,,40,False,False,False,,,,,,runs/experiment2_cross_site/site_b_amsterdam/E2XB_F6_C1/seed20240619/B4b
2,B,E2XB_F6_C1,20240620,B0,,241,True,False,False,,,,,,runs/experiment2_cross_site/site_b_amsterdam/E2XB_F6_C1/seed20240620/B0
2,B,E2XB_F6_C1,20240620,B1,,40,False,False,False,,,,,,runs/experiment2_cross_site/site_b_amsterdam/E2XB_F6_C1/seed20240620/B1
2,B,E2XB_F6_C1,20240620,B2,,40,False,False,False,,,,,,runs/experiment2_cross_site/site_b_amsterdam/E2XB_F6_C1/seed20240620/B2
2,B,E2XB_F6_C1,20240620,B4b,,40,False,False,False,,,,,,runs/experiment2_cross_site/site_b_amsterdam/E2XB_F6_C1/seed20240620/B4b
2,B,E2XB_F6_C2,20240601,B0,,241,True,False,False,,,,,,runs/experiment2_cross_site/site_b_amsterdam/E2XB_F6_C2/seed20240601/B0
2,B,E2XB_F6_C2,20240601,B1,,161,False,True,True,,,,,,runs/experiment2_cross_site/site_b_amsterdam/E2XB_F6_C2/seed20240601/B1
2,B,E2XB_F6_C2,20240601,B2,,161,False,True,True,,,,,,runs/experiment2_cross_site/site_b_amsterdam/E2XB_F6_C2/seed20240601/B2
2,B,E2XB_F6_C2,20240601,B4b,,161,False,True,True,,,,,,runs/experiment2_cross_site/site_b_amsterdam/E2XB_F6_C2/seed20240601/B4b
2,B,E2XB_F6_C2,20240602,B0,,241,True,False,False,,,,,,runs/experiment2_cross_site/site_b_amsterdam/E2XB_F6_C2/seed20240602/B0
2,B,E2XB_F6_C2,20240602,B1,,161,False,True,True,,,,,,runs/experiment2_cross_site/site_b_amsterdam/E2XB_F6_C2/seed20240602/B1
2,B,E2XB_F6_C2,20240602,B2,,161,False,True,True,,,,,,runs/experiment2_cross_site/site_b_amsterdam/E2XB_F6_C2/seed20240602/B2
2,B,E2XB_F6_C2,20240602,B4b,,161,False,True,True,,,,,,runs/experiment2_cross_site/site_b_amsterdam/E2XB_F6_C2/seed20240602/B4b
2,B,E2XB_F6_C2,20240603,B0,,241,True,False,False,,,,,,runs/experiment2_cross_site/site_b_amsterdam/E2XB_F6_C2/seed20240603/B0
2,B,E2XB_F6_C2,20240603,B1,,161,False,True,True,,,,,,runs/experiment2_cross_site/site_b_amsterdam/E2XB_F6_C2/seed20240603/B1
2,B,E2XB_F6_C2,20240603,B2,,161,False,True,True,,,,,,runs/experiment2_cross_site/site_b_amsterdam/E2XB_F6_C2/seed20240603/B2
2,B,E2XB_F6_C2,20240603,B4b,,161,False,True,True,,,,,,runs/experiment2_cross_site/site_b_amsterdam/E2XB_F6_C2/seed20240603/B4b
2,B,E2XB_F6_C2,20240604,B0,,241,True,False,False,,,,,,runs/experiment2_cross_site/site_b_amsterdam/E2XB_F6_C2/seed20240604/B0
2,B,E2XB_F6_C2,20240604,B1,,161,False,True,True,,,,,,runs/experiment2_cross_site/site_b_amsterdam/E2XB_F6_C2/seed20240604/B1
2,B,E2XB_F6_C2,20240604,B2,,161,False,True,True,,,,,,runs/experiment2_cross_site/site_b_amsterdam/E2XB_F6_C2/seed20240604/B2
2,B,E2XB_F6_C2,20240604,B4b,,161,False,True,True,,,,,,runs/experiment2_cross_site/site_b_amsterdam/E2XB_F6_C2/seed20240604/B4b
2,B,E2XB_F6_C2,20240605,B0,,241,True,False,False,,,,,,runs/experiment2_cross_site/site_b_amsterdam/E2XB_F6_C2/seed20240605/B0
2,B,E2XB_F6_C2,20240605,B1,,161,False,True,True,,,,,,runs/experiment2_cross_site/site_b_amsterdam/E2XB_F6_C2/seed20240605/B1
2,B,E2XB_F6_C2,20240605,B2,,161,False,True,True,,,,,,runs/experiment2_cross_site/site_b_amsterdam/E2XB_F6_C2/seed20240605/B2
2,B,E2XB_F6_C2,20240605,B4b,,161,False,True,True,,,,,,runs/experiment2_cross_site/site_b_amsterdam/E2XB_F6_C2/seed20240605/B4b
2,B,E2XB_F6_C2,20240606,B0,,241,True,False,False,,,,,,runs/experiment2_cross_site/site_b_amsterdam/E2XB_F6_C2/seed20240606/B0
2,B,E2XB_F6_C2,20240606,B1,,161,False,True,True,,,,,,runs/experiment2_cross_site/site_b_amsterdam/E2XB_F6_C2/seed20240606/B1
2,B,E2XB_F6_C2,20240606,B2,,161,False,True,True,,,,,,runs/experiment2_cross_site/site_b_amsterdam/E2XB_F6_C2/seed20240606/B2
2,B,E2XB_F6_C2,20240606,B4b,,161,False,True,True,,,,,,runs/experiment2_cross_site/site_b_amsterdam/E2XB_F6_C2/seed20240606/B4b
2,B,E2XB_F6_C2,20240607,B0,,241,True,False,False,,,,,,runs/experiment2_cross_site/site_b_amsterdam/E2XB_F6_C2/seed20240607/B0
2,B,E2XB_F6_C2,20240607,B1,,161,False,True,True,,,,,,runs/experiment2_cross_site/site_b_amsterdam/E2XB_F6_C2/seed20240607/B1
2,B,E2XB_F6_C2,20240607,B2,,161,False,True,True,,,,,,runs/experiment2_cross_site/site_b_amsterdam/E2XB_F6_C2/seed20240607/B2
2,B,E2XB_F6_C2,20240607,B4b,,161,False,True,True,,,,,,runs/experiment2_cross_site/site_b_amsterdam/E2XB_F6_C2/seed20240607/B4b
2,B,E2XB_F6_C2,20240608,B0,,241,True,False,False,,,,,,runs/experiment2_cross_site/site_b_amsterdam/E2XB_F6_C2/seed20240608/B0
2,B,E2XB_F6_C2,20240608,B1,,161,False,True,True,,,,,,runs/experiment2_cross_site/site_b_amsterdam/E2XB_F6_C2/seed20240608/B1
2,B,E2XB_F6_C2,20240608,B2,,161,False,True,True,,,,,,runs/experiment2_cross_site/site_b_amsterdam/E2XB_F6_C2/seed20240608/B2
2,B,E2XB_F6_C2,20240608,B4b,,161,False,True,True,,,,,,runs/experiment2_cross_site/site_b_amsterdam/E2XB_F6_C2/seed20240608/B4b
2,B,E2XB_F6_C2,20240609,B0,,241,True,False,False,,,,,,runs/experiment2_cross_site/site_b_amsterdam/E2XB_F6_C2/seed20240609/B0
2,B,E2XB_F6_C2,20240609,B1,,161,False,True,True,,,,,,runs/experiment2_cross_site/site_b_amsterdam/E2XB_F6_C2/seed20240609/B1
2,B,E2XB_F6_C2,20240609,B2,,161,False,True,True,,,,,,runs/experiment2_cross_site/site_b_amsterdam/E2XB_F6_C2/seed20240609/B2
2,B,E2XB_F6_C2,20240609,B4b,,161,False,True,True,,,,,,runs/experiment2_cross_site/site_b_amsterdam/E2XB_F6_C2/seed20240609/B4b
2,B,E2XB_F6_C2,20240610,B0,,241,True,False,False,,,,,,runs/experiment2_cross_site/site_b_amsterdam/E2XB_F6_C2/seed20240610/B0
2,B,E2XB_F6_C2,20240610,B1,,161,False,True,True,,,,,,runs/experiment2_cross_site/site_b_amsterdam/E2XB_F6_C2/seed20240610/B1
2,B,E2XB_F6_C2,20240610,B2,,161,False,True,True,,,,,,runs/experiment2_cross_site/site_b_amsterdam/E2XB_F6_C2/seed20240610/B2
2,B,E2XB_F6_C2,20240610,B4b,,161,False,True,True,,,,,,runs/experiment2_cross_site/site_b_amsterdam/E2XB_F6_C2/seed20240610/B4b
2,B,E2XB_F6_C2,20240611,B0,,241,True,False,False,,,,,,runs/experiment2_cross_site/site_b_amsterdam/E2XB_F6_C2/seed20240611/B0
2,B,E2XB_F6_C2,20240611,B1,,161,False,True,True,,,,,,runs/experiment2_cross_site/site_b_amsterdam/E2XB_F6_C2/seed20240611/B1
2,B,E2XB_F6_C2,20240611,B2,,161,False,True,True,,,,,,runs/experiment2_cross_site/site_b_amsterdam/E2XB_F6_C2/seed20240611/B2
2,B,E2XB_F6_C2,20240611,B4b,,161,False,True,True,,,,,,runs/experiment2_cross_site/site_b_amsterdam/E2XB_F6_C2/seed20240611/B4b
2,B,E2XB_F6_C2,20240612,B0,,241,True,False,False,,,,,,runs/experiment2_cross_site/site_b_amsterdam/E2XB_F6_C2/seed20240612/B0
2,B,E2XB_F6_C2,20240612,B1,,161,False,True,True,,,,,,runs/experiment2_cross_site/site_b_amsterdam/E2XB_F6_C2/seed20240612/B1
2,B,E2XB_F6_C2,20240612,B2,,161,False,True,True,,,,,,runs/experiment2_cross_site/site_b_amsterdam/E2XB_F6_C2/seed20240612/B2
2,B,E2XB_F6_C2,20240612,B4b,,161,False,True,True,,,,,,runs/experiment2_cross_site/site_b_amsterdam/E2XB_F6_C2/seed20240612/B4b
2,B,E2XB_F6_C2,20240613,B0,,241,True,False,False,,,,,,runs/experiment2_cross_site/site_b_amsterdam/E2XB_F6_C2/seed20240613/B0
2,B,E2XB_F6_C2,20240613,B1,,161,False,True,True,,,,,,runs/experiment2_cross_site/site_b_amsterdam/E2XB_F6_C2/seed20240613/B1
2,B,E2XB_F6_C2,20240613,B2,,161,False,True,True,,,,,,runs/experiment2_cross_site/site_b_amsterdam/E2XB_F6_C2/seed20240613/B2
2,B,E2XB_F6_C2,20240613,B4b,,161,False,True,True,,,,,,runs/experiment2_cross_site/site_b_amsterdam/E2XB_F6_C2/seed20240613/B4b
2,B,E2XB_F6_C2,20240614,B0,,241,True,False,False,,,,,,runs/experiment2_cross_site/site_b_amsterdam/E2XB_F6_C2/seed20240614/B0
2,B,E2XB_F6_C2,20240614,B1,,161,False,True,True,,,,,,runs/experiment2_cross_site/site_b_amsterdam/E2XB_F6_C2/seed20240614/B1
2,B,E2XB_F6_C2,20240614,B2,,161,False,True,True,,,,,,runs/experiment2_cross_site/site_b_amsterdam/E2XB_F6_C2/seed20240614/B2
2,B,E2XB_F6_C2,20240614,B4b,,161,False,True,True,,,,,,runs/experiment2_cross_site/site_b_amsterdam/E2XB_F6_C2/seed20240614/B4b
2,B,E2XB_F6_C2,20240615,B0,,241,True,False,False,,,,,,runs/experiment2_cross_site/site_b_amsterdam/E2XB_F6_C2/seed20240615/B0
2,B,E2XB_F6_C2,20240615,B1,,161,False,True,True,,,,,,runs/experiment2_cross_site/site_b_amsterdam/E2XB_F6_C2/seed20240615/B1
2,B,E2XB_F6_C2,20240615,B2,,161,False,True,True,,,,,,runs/experiment2_cross_site/site_b_amsterdam/E2XB_F6_C2/seed20240615/B2
2,B,E2XB_F6_C2,20240615,B4b,,161,False,True,True,,,,,,runs/experiment2_cross_site/site_b_amsterdam/E2XB_F6_C2/seed20240615/B4b
2,B,E2XB_F6_C2,20240616,B0,,241,True,False,False,,,,,,runs/experiment2_cross_site/site_b_amsterdam/E2XB_F6_C2/seed20240616/B0
2,B,E2XB_F6_C2,20240616,B1,,161,False,True,True,,,,,,runs/experiment2_cross_site/site_b_amsterdam/E2XB_F6_C2/seed20240616/B1
2,B,E2XB_F6_C2,20240616,B2,,161,False,True,True,,,,,,runs/experiment2_cross_site/site_b_amsterdam/E2XB_F6_C2/seed20240616/B2
2,B,E2XB_F6_C2,20240616,B4b,,161,False,True,True,,,,,,runs/experiment2_cross_site/site_b_amsterdam/E2XB_F6_C2/seed20240616/B4b
2,B,E2XB_F6_C2,20240617,B0,,241,True,False,False,,,,,,runs/experiment2_cross_site/site_b_amsterdam/E2XB_F6_C2/seed20240617/B0
2,B,E2XB_F6_C2,20240617,B1,,161,False,True,True,,,,,,runs/experiment2_cross_site/site_b_amsterdam/E2XB_F6_C2/seed20240617/B1
2,B,E2XB_F6_C2,20240617,B2,,161,False,True,True,,,,,,runs/experiment2_cross_site/site_b_amsterdam/E2XB_F6_C2/seed20240617/B2
2,B,E2XB_F6_C2,20240617,B4b,,161,False,True,True,,,,,,runs/experiment2_cross_site/site_b_amsterdam/E2XB_F6_C2/seed20240617/B4b
2,B,E2XB_F6_C2,20240618,B0,,241,True,False,False,,,,,,runs/experiment2_cross_site/site_b_amsterdam/E2XB_F6_C2/seed20240618/B0
2,B,E2XB_F6_C2,20240618,B1,,161,False,True,True,,,,,,runs/experiment2_cross_site/site_b_amsterdam/E2XB_F6_C2/seed20240618/B1
2,B,E2XB_F6_C2,20240618,B2,,161,False,True,True,,,,,,runs/experiment2_cross_site/site_b_amsterdam/E2XB_F6_C2/seed20240618/B2
2,B,E2XB_F6_C2,20240618,B4b,,161,False,True,True,,,,,,runs/experiment2_cross_site/site_b_amsterdam/E2XB_F6_C2/seed20240618/B4b
2,B,E2XB_F6_C2,20240619,B0,,241,True,False,False,,,,,,runs/experiment2_cross_site/site_b_amsterdam/E2XB_F6_C2/seed20240619/B0
2,B,E2XB_F6_C2,20240619,B1,,161,False,True,True,,,,,,runs/experiment2_cross_site/site_b_amsterdam/E2XB_F6_C2/seed20240619/B1
2,B,E2XB_F6_C2,20240619,B2,,161,False,True,True,,,,,,runs/experiment2_cross_site/site_b_amsterdam/E2XB_F6_C2/seed20240619/B2
2,B,E2XB_F6_C2,20240619,B4b,,161,False,True,True,,,,,,runs/experiment2_cross_site/site_b_amsterdam/E2XB_F6_C2/seed20240619/B4b
2,B,E2XB_F6_C2,20240620,B0,,241,True,False,False,,,,,,runs/experiment2_cross_site/site_b_amsterdam/E2XB_F6_C2/seed20240620/B0
2,B,E2XB_F6_C2,20240620,B1,,161,False,True,True,,,,,,runs/experiment2_cross_site/site_b_amsterdam/E2XB_F6_C2/seed20240620/B1
2,B,E2XB_F6_C2,20240620,B2,,161,False,True,True,,,,,,runs/experiment2_cross_site/site_b_amsterdam/E2XB_F6_C2/seed20240620/B2
2,B,E2XB_F6_C2,20240620,B4b,,161,False,True,True,,,,,,runs/experiment2_cross_site/site_b_amsterdam/E2XB_F6_C2/seed20240620/B4b
2,B,E2XB_F6_C3,20240601,B0,,241,True,False,False,,,,,,runs/experiment2_cross_site/site_b_amsterdam/E2XB_F6_C3/seed20240601/B0
2,B,E2XB_F6_C3,20240601,B1,,263,True,True,True,,,,,,runs/experiment2_cross_site/site_b_amsterdam/E2XB_F6_C3/seed20240601/B1
2,B,E2XB_F6_C3,20240601,B2,,263,True,True,True,,,,,,runs/experiment2_cross_site/site_b_amsterdam/E2XB_F6_C3/seed20240601/B2
2,B,E2XB_F6_C3,20240601,B4b,,263,True,True,True,,,,,,runs/experiment2_cross_site/site_b_amsterdam/E2XB_F6_C3/seed20240601/B4b
2,B,E2XB_F6_C3,20240602,B0,,241,True,False,False,,,,,,runs/experiment2_cross_site/site_b_amsterdam/E2XB_F6_C3/seed20240602/B0
2,B,E2XB_F6_C3,20240602,B1,,263,True,True,True,,,,,,runs/experiment2_cross_site/site_b_amsterdam/E2XB_F6_C3/seed20240602/B1
2,B,E2XB_F6_C3,20240602,B2,,263,True,True,True,,,,,,runs/experiment2_cross_site/site_b_amsterdam/E2XB_F6_C3/seed20240602/B2
2,B,E2XB_F6_C3,20240602,B4b,,263,True,True,True,,,,,,runs/experiment2_cross_site/site_b_amsterdam/E2XB_F6_C3/seed20240602/B4b
2,B,E2XB_F6_C3,20240603,B0,,241,True,False,False,,,,,,runs/experiment2_cross_site/site_b_amsterdam/E2XB_F6_C3/seed20240603/B0
2,B,E2XB_F6_C3,20240603,B1,,263,True,True,True,,,,,,runs/experiment2_cross_site/site_b_amsterdam/E2XB_F6_C3/seed20240603/B1
2,B,E2XB_F6_C3,20240603,B2,,263,True,True,True,,,,,,runs/experiment2_cross_site/site_b_amsterdam/E2XB_F6_C3/seed20240603/B2
2,B,E2XB_F6_C3,20240603,B4b,,263,True,True,True,,,,,,runs/experiment2_cross_site/site_b_amsterdam/E2XB_F6_C3/seed20240603/B4b
2,B,E2XB_F6_C3,20240604,B0,,241,True,False,False,,,,,,runs/experiment2_cross_site/site_b_amsterdam/E2XB_F6_C3/seed20240604/B0
2,B,E2XB_F6_C3,20240604,B1,,263,True,True,True,,,,,,runs/experiment2_cross_site/site_b_amsterdam/E2XB_F6_C3/seed20240604/B1
2,B,E2XB_F6_C3,20240604,B2,,263,True,True,True,,,,,,runs/experiment2_cross_site/site_b_amsterdam/E2XB_F6_C3/seed20240604/B2
2,B,E2XB_F6_C3,20240604,B4b,,263,True,True,True,,,,,,runs/experiment2_cross_site/site_b_amsterdam/E2XB_F6_C3/seed20240604/B4b
2,B,E2XB_F6_C3,20240605,B0,,241,True,False,False,,,,,,runs/experiment2_cross_site/site_b_amsterdam/E2XB_F6_C3/seed20240605/B0
2,B,E2XB_F6_C3,20240605,B1,,263,True,True,True,,,,,,runs/experiment2_cross_site/site_b_amsterdam/E2XB_F6_C3/seed20240605/B1
2,B,E2XB_F6_C3,20240605,B2,,263,True,True,True,,,,,,runs/experiment2_cross_site/site_b_amsterdam/E2XB_F6_C3/seed20240605/B2
2,B,E2XB_F6_C3,20240605,B4b,,263,True,True,True,,,,,,runs/experiment2_cross_site/site_b_amsterdam/E2XB_F6_C3/seed20240605/B4b
2,B,E2XB_F6_C3,20240606,B0,,241,True,False,False,,,,,,runs/experiment2_cross_site/site_b_amsterdam/E2XB_F6_C3/seed20240606/B0
2,B,E2XB_F6_C3,20240606,B1,,263,True,True,True,,,,,,runs/experiment2_cross_site/site_b_amsterdam/E2XB_F6_C3/seed20240606/B1
2,B,E2XB_F6_C3,20240606,B2,,263,True,True,True,,,,,,runs/experiment2_cross_site/site_b_amsterdam/E2XB_F6_C3/seed20240606/B2
2,B,E2XB_F6_C3,20240606,B4b,,263,True,True,True,,,,,,runs/experiment2_cross_site/site_b_amsterdam/E2XB_F6_C3/seed20240606/B4b
2,B,E2XB_F6_C3,20240607,B0,,241,True,False,False,,,,,,runs/experiment2_cross_site/site_b_amsterdam/E2XB_F6_C3/seed20240607/B0
2,B,E2XB_F6_C3,20240607,B1,,263,True,True,True,,,,,,runs/experiment2_cross_site/site_b_amsterdam/E2XB_F6_C3/seed20240607/B1
2,B,E2XB_F6_C3,20240607,B2,,263,True,True,True,,,,,,runs/experiment2_cross_site/site_b_amsterdam/E2XB_F6_C3/seed20240607/B2
2,B,E2XB_F6_C3,20240607,B4b,,263,True,True,True,,,,,,runs/experiment2_cross_site/site_b_amsterdam/E2XB_F6_C3/seed20240607/B4b
2,B,E2XB_F6_C3,20240608,B0,,241,True,False,False,,,,,,runs/experiment2_cross_site/site_b_amsterdam/E2XB_F6_C3/seed20240608/B0
2,B,E2XB_F6_C3,20240608,B1,,263,True,True,True,,,,,,runs/experiment2_cross_site/site_b_amsterdam/E2XB_F6_C3/seed20240608/B1
2,B,E2XB_F6_C3,20240608,B2,,263,True,True,True,,,,,,runs/experiment2_cross_site/site_b_amsterdam/E2XB_F6_C3/seed20240608/B2
2,B,E2XB_F6_C3,20240608,B4b,,263,True,True,True,,,,,,runs/experiment2_cross_site/site_b_amsterdam/E2XB_F6_C3/seed20240608/B4b
2,B,E2XB_F6_C3,20240609,B0,,241,True,False,False,,,,,,runs/experiment2_cross_site/site_b_amsterdam/E2XB_F6_C3/seed20240609/B0
2,B,E2XB_F6_C3,20240609,B1,,263,True,True,True,,,,,,runs/experiment2_cross_site/site_b_amsterdam/E2XB_F6_C3/seed20240609/B1
2,B,E2XB_F6_C3,20240609,B2,,263,True,True,True,,,,,,runs/experiment2_cross_site/site_b_amsterdam/E2XB_F6_C3/seed20240609/B2
2,B,E2XB_F6_C3,20240609,B4b,,263,True,True,True,,,,,,runs/experiment2_cross_site/site_b_amsterdam/E2XB_F6_C3/seed20240609/B4b
2,B,E2XB_F6_C3,20240610,B0,,241,True,False,False,,,,,,runs/experiment2_cross_site/site_b_amsterdam/E2XB_F6_C3/seed20240610/B0
2,B,E2XB_F6_C3,20240610,B1,,263,True,True,True,,,,,,runs/experiment2_cross_site/site_b_amsterdam/E2XB_F6_C3/seed20240610/B1
2,B,E2XB_F6_C3,20240610,B2,,263,True,True,True,,,,,,runs/experiment2_cross_site/site_b_amsterdam/E2XB_F6_C3/seed20240610/B2
2,B,E2XB_F6_C3,20240610,B4b,,263,True,True,True,,,,,,runs/experiment2_cross_site/site_b_amsterdam/E2XB_F6_C3/seed20240610/B4b
2,B,E2XB_F6_C3,20240611,B0,,241,True,False,False,,,,,,runs/experiment2_cross_site/site_b_amsterdam/E2XB_F6_C3/seed20240611/B0
2,B,E2XB_F6_C3,20240611,B1,,263,True,True,True,,,,,,runs/experiment2_cross_site/site_b_amsterdam/E2XB_F6_C3/seed20240611/B1
2,B,E2XB_F6_C3,20240611,B2,,263,True,True,True,,,,,,runs/experiment2_cross_site/site_b_amsterdam/E2XB_F6_C3/seed20240611/B2
2,B,E2XB_F6_C3,20240611,B4b,,263,True,True,True,,,,,,runs/experiment2_cross_site/site_b_amsterdam/E2XB_F6_C3/seed20240611/B4b
2,B,E2XB_F6_C3,20240612,B0,,241,True,False,False,,,,,,runs/experiment2_cross_site/site_b_amsterdam/E2XB_F6_C3/seed20240612/B0
2,B,E2XB_F6_C3,20240612,B1,,263,True,True,True,,,,,,runs/experiment2_cross_site/site_b_amsterdam/E2XB_F6_C3/seed20240612/B1
2,B,E2XB_F6_C3,20240612,B2,,263,True,True,True,,,,,,runs/experiment2_cross_site/site_b_amsterdam/E2XB_F6_C3/seed20240612/B2
2,B,E2XB_F6_C3,20240612,B4b,,263,True,True,True,,,,,,runs/experiment2_cross_site/site_b_amsterdam/E2XB_F6_C3/seed20240612/B4b
2,B,E2XB_F6_C3,20240613,B0,,241,True,False,False,,,,,,runs/experiment2_cross_site/site_b_amsterdam/E2XB_F6_C3/seed20240613/B0
2,B,E2XB_F6_C3,20240613,B1,,263,True,True,True,,,,,,runs/experiment2_cross_site/site_b_amsterdam/E2XB_F6_C3/seed20240613/B1
2,B,E2XB_F6_C3,20240613,B2,,263,True,True,True,,,,,,runs/experiment2_cross_site/site_b_amsterdam/E2XB_F6_C3/seed20240613/B2
2,B,E2XB_F6_C3,20240613,B4b,,263,True,True,True,,,,,,runs/experiment2_cross_site/site_b_amsterdam/E2XB_F6_C3/seed20240613/B4b
2,B,E2XB_F6_C3,20240614,B0,,241,True,False,False,,,,,,runs/experiment2_cross_site/site_b_amsterdam/E2XB_F6_C3/seed20240614/B0
2,B,E2XB_F6_C3,20240614,B1,,263,True,True,True,,,,,,runs/experiment2_cross_site/site_b_amsterdam/E2XB_F6_C3/seed20240614/B1
2,B,E2XB_F6_C3,20240614,B2,,263,True,True,True,,,,,,runs/experiment2_cross_site/site_b_amsterdam/E2XB_F6_C3/seed20240614/B2
2,B,E2XB_F6_C3,20240614,B4b,,263,True,True,True,,,,,,runs/experiment2_cross_site/site_b_amsterdam/E2XB_F6_C3/seed20240614/B4b
2,B,E2XB_F6_C3,20240615,B0,,241,True,False,False,,,,,,runs/experiment2_cross_site/site_b_amsterdam/E2XB_F6_C3/seed20240615/B0
2,B,E2XB_F6_C3,20240615,B1,,263,True,True,True,,,,,,runs/experiment2_cross_site/site_b_amsterdam/E2XB_F6_C3/seed20240615/B1
2,B,E2XB_F6_C3,20240615,B2,,263,True,True,True,,,,,,runs/experiment2_cross_site/site_b_amsterdam/E2XB_F6_C3/seed20240615/B2
2,B,E2XB_F6_C3,20240615,B4b,,263,True,True,True,,,,,,runs/experiment2_cross_site/site_b_amsterdam/E2XB_F6_C3/seed20240615/B4b
2,B,E2XB_F6_C3,20240616,B0,,241,True,False,False,,,,,,runs/experiment2_cross_site/site_b_amsterdam/E2XB_F6_C3/seed20240616/B0
2,B,E2XB_F6_C3,20240616,B1,,263,True,True,True,,,,,,runs/experiment2_cross_site/site_b_amsterdam/E2XB_F6_C3/seed20240616/B1
2,B,E2XB_F6_C3,20240616,B2,,263,True,True,True,,,,,,runs/experiment2_cross_site/site_b_amsterdam/E2XB_F6_C3/seed20240616/B2
2,B,E2XB_F6_C3,20240616,B4b,,263,True,True,True,,,,,,runs/experiment2_cross_site/site_b_amsterdam/E2XB_F6_C3/seed20240616/B4b
2,B,E2XB_F6_C3,20240617,B0,,241,True,False,False,,,,,,runs/experiment2_cross_site/site_b_amsterdam/E2XB_F6_C3/seed20240617/B0
2,B,E2XB_F6_C3,20240617,B1,,263,True,True,True,,,,,,runs/experiment2_cross_site/site_b_amsterdam/E2XB_F6_C3/seed20240617/B1
2,B,E2XB_F6_C3,20240617,B2,,263,True,True,True,,,,,,runs/experiment2_cross_site/site_b_amsterdam/E2XB_F6_C3/seed20240617/B2
2,B,E2XB_F6_C3,20240617,B4b,,263,True,True,True,,,,,,runs/experiment2_cross_site/site_b_amsterdam/E2XB_F6_C3/seed20240617/B4b
2,B,E2XB_F6_C3,20240618,B0,,241,True,False,False,,,,,,runs/experiment2_cross_site/site_b_amsterdam/E2XB_F6_C3/seed20240618/B0
2,B,E2XB_F6_C3,20240618,B1,,263,True,True,True,,,,,,runs/experiment2_cross_site/site_b_amsterdam/E2XB_F6_C3/seed20240618/B1
2,B,E2XB_F6_C3,20240618,B2,,263,True,True,True,,,,,,runs/experiment2_cross_site/site_b_amsterdam/E2XB_F6_C3/seed20240618/B2
2,B,E2XB_F6_C3,20240618,B4b,,263,True,True,True,,,,,,runs/experiment2_cross_site/site_b_amsterdam/E2XB_F6_C3/seed20240618/B4b
2,B,E2XB_F6_C3,20240619,B0,,241,True,False,False,,,,,,runs/experiment2_cross_site/site_b_amsterdam/E2XB_F6_C3/seed20240619/B0
2,B,E2XB_F6_C3,20240619,B1,,263,True,True,True,,,,,,runs/experiment2_cross_site/site_b_amsterdam/E2XB_F6_C3/seed20240619/B1
2,B,E2XB_F6_C3,20240619,B2,,263,True,True,True,,,,,,runs/experiment2_cross_site/site_b_amsterdam/E2XB_F6_C3/seed20240619/B2
2,B,E2XB_F6_C3,20240619,B4b,,263,True,True,True,,,,,,runs/experiment2_cross_site/site_b_amsterdam/E2XB_F6_C3/seed20240619/B4b
2,B,E2XB_F6_C3,20240620,B0,,241,True,False,False,,,,,,runs/experiment2_cross_site/site_b_amsterdam/E2XB_F6_C3/seed20240620/B0
2,B,E2XB_F6_C3,20240620,B1,,263,True,True,True,,,,,,runs/experiment2_cross_site/site_b_amsterdam/E2XB_F6_C3/seed20240620/B1
2,B,E2XB_F6_C3,20240620,B2,,263,True,True,True,,,,,,runs/experiment2_cross_site/site_b_amsterdam/E2XB_F6_C3/seed20240620/B2
2,B,E2XB_F6_C3,20240620,B4b,,263,True,True,True,,,,,,runs/experiment2_cross_site/site_b_amsterdam/E2XB_F6_C3/seed20240620/B4b
2,C,E2XC_F1_C1,20240601,B0,,310,True,False,False,,,,,,runs/experiment2_cross_site/site_c_edmonton/E2XC_F1_C1/seed20240601/B0
2,C,E2XC_F1_C1,20240601,B1,,161,False,False,False,,,,,,runs/experiment2_cross_site/site_c_edmonton/E2XC_F1_C1/seed20240601/B1
2,C,E2XC_F1_C1,20240601,B2,,161,False,False,False,,,,,,runs/experiment2_cross_site/site_c_edmonton/E2XC_F1_C1/seed20240601/B2
2,C,E2XC_F1_C1,20240601,B4b,,161,False,False,False,,,,,,runs/experiment2_cross_site/site_c_edmonton/E2XC_F1_C1/seed20240601/B4b
2,C,E2XC_F1_C1,20240602,B0,,310,True,False,False,,,,,,runs/experiment2_cross_site/site_c_edmonton/E2XC_F1_C1/seed20240602/B0
2,C,E2XC_F1_C1,20240602,B1,,161,False,False,False,,,,,,runs/experiment2_cross_site/site_c_edmonton/E2XC_F1_C1/seed20240602/B1
2,C,E2XC_F1_C1,20240602,B2,,161,False,False,False,,,,,,runs/experiment2_cross_site/site_c_edmonton/E2XC_F1_C1/seed20240602/B2
2,C,E2XC_F1_C1,20240602,B4b,,161,False,False,False,,,,,,runs/experiment2_cross_site/site_c_edmonton/E2XC_F1_C1/seed20240602/B4b
2,C,E2XC_F1_C1,20240603,B0,,310,True,False,False,,,,,,runs/experiment2_cross_site/site_c_edmonton/E2XC_F1_C1/seed20240603/B0
2,C,E2XC_F1_C1,20240603,B1,,161,False,False,False,,,,,,runs/experiment2_cross_site/site_c_edmonton/E2XC_F1_C1/seed20240603/B1
2,C,E2XC_F1_C1,20240603,B2,,161,False,False,False,,,,,,runs/experiment2_cross_site/site_c_edmonton/E2XC_F1_C1/seed20240603/B2
2,C,E2XC_F1_C1,20240603,B4b,,161,False,False,False,,,,,,runs/experiment2_cross_site/site_c_edmonton/E2XC_F1_C1/seed20240603/B4b
2,C,E2XC_F1_C1,20240604,B0,,310,True,False,False,,,,,,runs/experiment2_cross_site/site_c_edmonton/E2XC_F1_C1/seed20240604/B0
2,C,E2XC_F1_C1,20240604,B1,,161,False,False,False,,,,,,runs/experiment2_cross_site/site_c_edmonton/E2XC_F1_C1/seed20240604/B1
2,C,E2XC_F1_C1,20240604,B2,,161,False,False,False,,,,,,runs/experiment2_cross_site/site_c_edmonton/E2XC_F1_C1/seed20240604/B2
2,C,E2XC_F1_C1,20240604,B4b,,161,False,False,False,,,,,,runs/experiment2_cross_site/site_c_edmonton/E2XC_F1_C1/seed20240604/B4b
2,C,E2XC_F1_C1,20240605,B0,,310,True,False,False,,,,,,runs/experiment2_cross_site/site_c_edmonton/E2XC_F1_C1/seed20240605/B0
2,C,E2XC_F1_C1,20240605,B1,,161,False,False,False,,,,,,runs/experiment2_cross_site/site_c_edmonton/E2XC_F1_C1/seed20240605/B1
2,C,E2XC_F1_C1,20240605,B2,,161,False,False,False,,,,,,runs/experiment2_cross_site/site_c_edmonton/E2XC_F1_C1/seed20240605/B2
2,C,E2XC_F1_C1,20240605,B4b,,161,False,False,False,,,,,,runs/experiment2_cross_site/site_c_edmonton/E2XC_F1_C1/seed20240605/B4b
2,C,E2XC_F1_C1,20240606,B0,,310,True,False,False,,,,,,runs/experiment2_cross_site/site_c_edmonton/E2XC_F1_C1/seed20240606/B0
2,C,E2XC_F1_C1,20240606,B1,,161,False,False,False,,,,,,runs/experiment2_cross_site/site_c_edmonton/E2XC_F1_C1/seed20240606/B1
2,C,E2XC_F1_C1,20240606,B2,,161,False,False,False,,,,,,runs/experiment2_cross_site/site_c_edmonton/E2XC_F1_C1/seed20240606/B2
2,C,E2XC_F1_C1,20240606,B4b,,161,False,False,False,,,,,,runs/experiment2_cross_site/site_c_edmonton/E2XC_F1_C1/seed20240606/B4b
2,C,E2XC_F1_C1,20240607,B0,,310,True,False,False,,,,,,runs/experiment2_cross_site/site_c_edmonton/E2XC_F1_C1/seed20240607/B0
2,C,E2XC_F1_C1,20240607,B1,,161,False,False,False,,,,,,runs/experiment2_cross_site/site_c_edmonton/E2XC_F1_C1/seed20240607/B1
2,C,E2XC_F1_C1,20240607,B2,,161,False,False,False,,,,,,runs/experiment2_cross_site/site_c_edmonton/E2XC_F1_C1/seed20240607/B2
2,C,E2XC_F1_C1,20240607,B4b,,161,False,False,False,,,,,,runs/experiment2_cross_site/site_c_edmonton/E2XC_F1_C1/seed20240607/B4b
2,C,E2XC_F1_C1,20240608,B0,,310,True,False,False,,,,,,runs/experiment2_cross_site/site_c_edmonton/E2XC_F1_C1/seed20240608/B0
2,C,E2XC_F1_C1,20240608,B1,,161,False,False,False,,,,,,runs/experiment2_cross_site/site_c_edmonton/E2XC_F1_C1/seed20240608/B1
2,C,E2XC_F1_C1,20240608,B2,,161,False,False,False,,,,,,runs/experiment2_cross_site/site_c_edmonton/E2XC_F1_C1/seed20240608/B2
2,C,E2XC_F1_C1,20240608,B4b,,161,False,False,False,,,,,,runs/experiment2_cross_site/site_c_edmonton/E2XC_F1_C1/seed20240608/B4b
2,C,E2XC_F1_C1,20240609,B0,,310,True,False,False,,,,,,runs/experiment2_cross_site/site_c_edmonton/E2XC_F1_C1/seed20240609/B0
2,C,E2XC_F1_C1,20240609,B1,,161,False,False,False,,,,,,runs/experiment2_cross_site/site_c_edmonton/E2XC_F1_C1/seed20240609/B1
2,C,E2XC_F1_C1,20240609,B2,,161,False,False,False,,,,,,runs/experiment2_cross_site/site_c_edmonton/E2XC_F1_C1/seed20240609/B2
2,C,E2XC_F1_C1,20240609,B4b,,161,False,False,False,,,,,,runs/experiment2_cross_site/site_c_edmonton/E2XC_F1_C1/seed20240609/B4b
2,C,E2XC_F1_C1,20240610,B0,,310,True,False,False,,,,,,runs/experiment2_cross_site/site_c_edmonton/E2XC_F1_C1/seed20240610/B0
2,C,E2XC_F1_C1,20240610,B1,,161,False,False,False,,,,,,runs/experiment2_cross_site/site_c_edmonton/E2XC_F1_C1/seed20240610/B1
2,C,E2XC_F1_C1,20240610,B2,,161,False,False,False,,,,,,runs/experiment2_cross_site/site_c_edmonton/E2XC_F1_C1/seed20240610/B2
2,C,E2XC_F1_C1,20240610,B4b,,161,False,False,False,,,,,,runs/experiment2_cross_site/site_c_edmonton/E2XC_F1_C1/seed20240610/B4b
2,C,E2XC_F1_C1,20240611,B0,,310,True,False,False,,,,,,runs/experiment2_cross_site/site_c_edmonton/E2XC_F1_C1/seed20240611/B0
2,C,E2XC_F1_C1,20240611,B1,,161,False,False,False,,,,,,runs/experiment2_cross_site/site_c_edmonton/E2XC_F1_C1/seed20240611/B1
2,C,E2XC_F1_C1,20240611,B2,,161,False,False,False,,,,,,runs/experiment2_cross_site/site_c_edmonton/E2XC_F1_C1/seed20240611/B2
2,C,E2XC_F1_C1,20240611,B4b,,161,False,False,False,,,,,,runs/experiment2_cross_site/site_c_edmonton/E2XC_F1_C1/seed20240611/B4b
2,C,E2XC_F1_C1,20240612,B0,,310,True,False,False,,,,,,runs/experiment2_cross_site/site_c_edmonton/E2XC_F1_C1/seed20240612/B0
2,C,E2XC_F1_C1,20240612,B1,,161,False,False,False,,,,,,runs/experiment2_cross_site/site_c_edmonton/E2XC_F1_C1/seed20240612/B1
2,C,E2XC_F1_C1,20240612,B2,,161,False,False,False,,,,,,runs/experiment2_cross_site/site_c_edmonton/E2XC_F1_C1/seed20240612/B2
2,C,E2XC_F1_C1,20240612,B4b,,161,False,False,False,,,,,,runs/experiment2_cross_site/site_c_edmonton/E2XC_F1_C1/seed20240612/B4b
2,C,E2XC_F1_C1,20240613,B0,,310,True,False,False,,,,,,runs/experiment2_cross_site/site_c_edmonton/E2XC_F1_C1/seed20240613/B0
2,C,E2XC_F1_C1,20240613,B1,,161,False,False,False,,,,,,runs/experiment2_cross_site/site_c_edmonton/E2XC_F1_C1/seed20240613/B1
2,C,E2XC_F1_C1,20240613,B2,,161,False,False,False,,,,,,runs/experiment2_cross_site/site_c_edmonton/E2XC_F1_C1/seed20240613/B2
2,C,E2XC_F1_C1,20240613,B4b,,161,False,False,False,,,,,,runs/experiment2_cross_site/site_c_edmonton/E2XC_F1_C1/seed20240613/B4b
2,C,E2XC_F1_C1,20240614,B0,,310,True,False,False,,,,,,runs/experiment2_cross_site/site_c_edmonton/E2XC_F1_C1/seed20240614/B0
2,C,E2XC_F1_C1,20240614,B1,,161,False,False,False,,,,,,runs/experiment2_cross_site/site_c_edmonton/E2XC_F1_C1/seed20240614/B1
2,C,E2XC_F1_C1,20240614,B2,,161,False,False,False,,,,,,runs/experiment2_cross_site/site_c_edmonton/E2XC_F1_C1/seed20240614/B2
2,C,E2XC_F1_C1,20240614,B4b,,161,False,False,False,,,,,,runs/experiment2_cross_site/site_c_edmonton/E2XC_F1_C1/seed20240614/B4b
2,C,E2XC_F1_C1,20240615,B0,,310,True,False,False,,,,,,runs/experiment2_cross_site/site_c_edmonton/E2XC_F1_C1/seed20240615/B0
2,C,E2XC_F1_C1,20240615,B1,,161,False,False,False,,,,,,runs/experiment2_cross_site/site_c_edmonton/E2XC_F1_C1/seed20240615/B1
2,C,E2XC_F1_C1,20240615,B2,,161,False,False,False,,,,,,runs/experiment2_cross_site/site_c_edmonton/E2XC_F1_C1/seed20240615/B2
2,C,E2XC_F1_C1,20240615,B4b,,161,False,False,False,,,,,,runs/experiment2_cross_site/site_c_edmonton/E2XC_F1_C1/seed20240615/B4b
2,C,E2XC_F1_C1,20240616,B0,,310,True,False,False,,,,,,runs/experiment2_cross_site/site_c_edmonton/E2XC_F1_C1/seed20240616/B0
2,C,E2XC_F1_C1,20240616,B1,,161,False,False,False,,,,,,runs/experiment2_cross_site/site_c_edmonton/E2XC_F1_C1/seed20240616/B1
2,C,E2XC_F1_C1,20240616,B2,,161,False,False,False,,,,,,runs/experiment2_cross_site/site_c_edmonton/E2XC_F1_C1/seed20240616/B2
2,C,E2XC_F1_C1,20240616,B4b,,161,False,False,False,,,,,,runs/experiment2_cross_site/site_c_edmonton/E2XC_F1_C1/seed20240616/B4b
2,C,E2XC_F1_C1,20240617,B0,,310,True,False,False,,,,,,runs/experiment2_cross_site/site_c_edmonton/E2XC_F1_C1/seed20240617/B0
2,C,E2XC_F1_C1,20240617,B1,,161,False,False,False,,,,,,runs/experiment2_cross_site/site_c_edmonton/E2XC_F1_C1/seed20240617/B1
2,C,E2XC_F1_C1,20240617,B2,,161,False,False,False,,,,,,runs/experiment2_cross_site/site_c_edmonton/E2XC_F1_C1/seed20240617/B2
2,C,E2XC_F1_C1,20240617,B4b,,161,False,False,False,,,,,,runs/experiment2_cross_site/site_c_edmonton/E2XC_F1_C1/seed20240617/B4b
2,C,E2XC_F1_C1,20240618,B0,,310,True,False,False,,,,,,runs/experiment2_cross_site/site_c_edmonton/E2XC_F1_C1/seed20240618/B0
2,C,E2XC_F1_C1,20240618,B1,,161,False,False,False,,,,,,runs/experiment2_cross_site/site_c_edmonton/E2XC_F1_C1/seed20240618/B1
2,C,E2XC_F1_C1,20240618,B2,,161,False,False,False,,,,,,runs/experiment2_cross_site/site_c_edmonton/E2XC_F1_C1/seed20240618/B2
2,C,E2XC_F1_C1,20240618,B4b,,161,False,False,False,,,,,,runs/experiment2_cross_site/site_c_edmonton/E2XC_F1_C1/seed20240618/B4b
2,C,E2XC_F1_C1,20240619,B0,,310,True,False,False,,,,,,runs/experiment2_cross_site/site_c_edmonton/E2XC_F1_C1/seed20240619/B0
2,C,E2XC_F1_C1,20240619,B1,,161,False,False,False,,,,,,runs/experiment2_cross_site/site_c_edmonton/E2XC_F1_C1/seed20240619/B1
2,C,E2XC_F1_C1,20240619,B2,,161,False,False,False,,,,,,runs/experiment2_cross_site/site_c_edmonton/E2XC_F1_C1/seed20240619/B2
2,C,E2XC_F1_C1,20240619,B4b,,161,False,False,False,,,,,,runs/experiment2_cross_site/site_c_edmonton/E2XC_F1_C1/seed20240619/B4b
2,C,E2XC_F1_C1,20240620,B0,,310,True,False,False,,,,,,runs/experiment2_cross_site/site_c_edmonton/E2XC_F1_C1/seed20240620/B0
2,C,E2XC_F1_C1,20240620,B1,,161,False,False,False,,,,,,runs/experiment2_cross_site/site_c_edmonton/E2XC_F1_C1/seed20240620/B1
2,C,E2XC_F1_C1,20240620,B2,,161,False,False,False,,,,,,runs/experiment2_cross_site/site_c_edmonton/E2XC_F1_C1/seed20240620/B2
2,C,E2XC_F1_C1,20240620,B4b,,161,False,False,False,,,,,,runs/experiment2_cross_site/site_c_edmonton/E2XC_F1_C1/seed20240620/B4b
2,C,E2XC_F1_C2,20240601,B0,,310,True,False,False,,,,,,runs/experiment2_cross_site/site_c_edmonton/E2XC_F1_C2/seed20240601/B0
2,C,E2XC_F1_C2,20240601,B1,,281,True,True,True,,,,,,runs/experiment2_cross_site/site_c_edmonton/E2XC_F1_C2/seed20240601/B1
2,C,E2XC_F1_C2,20240601,B2,,281,True,True,True,,,,,,runs/experiment2_cross_site/site_c_edmonton/E2XC_F1_C2/seed20240601/B2
2,C,E2XC_F1_C2,20240601,B4b,,281,True,True,True,,,,,,runs/experiment2_cross_site/site_c_edmonton/E2XC_F1_C2/seed20240601/B4b
2,C,E2XC_F1_C2,20240602,B0,,310,True,False,False,,,,,,runs/experiment2_cross_site/site_c_edmonton/E2XC_F1_C2/seed20240602/B0
2,C,E2XC_F1_C2,20240602,B1,,281,True,True,True,,,,,,runs/experiment2_cross_site/site_c_edmonton/E2XC_F1_C2/seed20240602/B1
2,C,E2XC_F1_C2,20240602,B2,,281,True,True,True,,,,,,runs/experiment2_cross_site/site_c_edmonton/E2XC_F1_C2/seed20240602/B2
2,C,E2XC_F1_C2,20240602,B4b,,281,True,True,True,,,,,,runs/experiment2_cross_site/site_c_edmonton/E2XC_F1_C2/seed20240602/B4b
2,C,E2XC_F1_C2,20240603,B0,,310,True,False,False,,,,,,runs/experiment2_cross_site/site_c_edmonton/E2XC_F1_C2/seed20240603/B0
2,C,E2XC_F1_C2,20240603,B1,,281,True,True,True,,,,,,runs/experiment2_cross_site/site_c_edmonton/E2XC_F1_C2/seed20240603/B1
2,C,E2XC_F1_C2,20240603,B2,,281,True,True,True,,,,,,runs/experiment2_cross_site/site_c_edmonton/E2XC_F1_C2/seed20240603/B2
2,C,E2XC_F1_C2,20240603,B4b,,281,True,True,True,,,,,,runs/experiment2_cross_site/site_c_edmonton/E2XC_F1_C2/seed20240603/B4b
2,C,E2XC_F1_C2,20240604,B0,,310,True,False,False,,,,,,runs/experiment2_cross_site/site_c_edmonton/E2XC_F1_C2/seed20240604/B0
2,C,E2XC_F1_C2,20240604,B1,,281,True,True,True,,,,,,runs/experiment2_cross_site/site_c_edmonton/E2XC_F1_C2/seed20240604/B1
2,C,E2XC_F1_C2,20240604,B2,,281,True,True,True,,,,,,runs/experiment2_cross_site/site_c_edmonton/E2XC_F1_C2/seed20240604/B2
2,C,E2XC_F1_C2,20240604,B4b,,281,True,True,True,,,,,,runs/experiment2_cross_site/site_c_edmonton/E2XC_F1_C2/seed20240604/B4b
2,C,E2XC_F1_C2,20240605,B0,,310,True,False,False,,,,,,runs/experiment2_cross_site/site_c_edmonton/E2XC_F1_C2/seed20240605/B0
2,C,E2XC_F1_C2,20240605,B1,,281,True,True,True,,,,,,runs/experiment2_cross_site/site_c_edmonton/E2XC_F1_C2/seed20240605/B1
2,C,E2XC_F1_C2,20240605,B2,,281,True,True,True,,,,,,runs/experiment2_cross_site/site_c_edmonton/E2XC_F1_C2/seed20240605/B2
2,C,E2XC_F1_C2,20240605,B4b,,281,True,True,True,,,,,,runs/experiment2_cross_site/site_c_edmonton/E2XC_F1_C2/seed20240605/B4b
2,C,E2XC_F1_C2,20240606,B0,,310,True,False,False,,,,,,runs/experiment2_cross_site/site_c_edmonton/E2XC_F1_C2/seed20240606/B0
2,C,E2XC_F1_C2,20240606,B1,,281,True,True,True,,,,,,runs/experiment2_cross_site/site_c_edmonton/E2XC_F1_C2/seed20240606/B1
2,C,E2XC_F1_C2,20240606,B2,,281,True,True,True,,,,,,runs/experiment2_cross_site/site_c_edmonton/E2XC_F1_C2/seed20240606/B2
2,C,E2XC_F1_C2,20240606,B4b,,281,True,True,True,,,,,,runs/experiment2_cross_site/site_c_edmonton/E2XC_F1_C2/seed20240606/B4b
2,C,E2XC_F1_C2,20240607,B0,,310,True,False,False,,,,,,runs/experiment2_cross_site/site_c_edmonton/E2XC_F1_C2/seed20240607/B0
2,C,E2XC_F1_C2,20240607,B1,,281,True,True,True,,,,,,runs/experiment2_cross_site/site_c_edmonton/E2XC_F1_C2/seed20240607/B1
2,C,E2XC_F1_C2,20240607,B2,,281,True,True,True,,,,,,runs/experiment2_cross_site/site_c_edmonton/E2XC_F1_C2/seed20240607/B2
2,C,E2XC_F1_C2,20240607,B4b,,281,True,True,True,,,,,,runs/experiment2_cross_site/site_c_edmonton/E2XC_F1_C2/seed20240607/B4b
2,C,E2XC_F1_C2,20240608,B0,,310,True,False,False,,,,,,runs/experiment2_cross_site/site_c_edmonton/E2XC_F1_C2/seed20240608/B0
2,C,E2XC_F1_C2,20240608,B1,,281,True,True,True,,,,,,runs/experiment2_cross_site/site_c_edmonton/E2XC_F1_C2/seed20240608/B1
2,C,E2XC_F1_C2,20240608,B2,,281,True,True,True,,,,,,runs/experiment2_cross_site/site_c_edmonton/E2XC_F1_C2/seed20240608/B2
2,C,E2XC_F1_C2,20240608,B4b,,281,True,True,True,,,,,,runs/experiment2_cross_site/site_c_edmonton/E2XC_F1_C2/seed20240608/B4b
2,C,E2XC_F1_C2,20240609,B0,,310,True,False,False,,,,,,runs/experiment2_cross_site/site_c_edmonton/E2XC_F1_C2/seed20240609/B0
2,C,E2XC_F1_C2,20240609,B1,,281,True,True,True,,,,,,runs/experiment2_cross_site/site_c_edmonton/E2XC_F1_C2/seed20240609/B1
2,C,E2XC_F1_C2,20240609,B2,,281,True,True,True,,,,,,runs/experiment2_cross_site/site_c_edmonton/E2XC_F1_C2/seed20240609/B2
2,C,E2XC_F1_C2,20240609,B4b,,281,True,True,True,,,,,,runs/experiment2_cross_site/site_c_edmonton/E2XC_F1_C2/seed20240609/B4b
2,C,E2XC_F1_C2,20240610,B0,,310,True,False,False,,,,,,runs/experiment2_cross_site/site_c_edmonton/E2XC_F1_C2/seed20240610/B0
2,C,E2XC_F1_C2,20240610,B1,,281,True,True,True,,,,,,runs/experiment2_cross_site/site_c_edmonton/E2XC_F1_C2/seed20240610/B1
2,C,E2XC_F1_C2,20240610,B2,,281,True,True,True,,,,,,runs/experiment2_cross_site/site_c_edmonton/E2XC_F1_C2/seed20240610/B2
2,C,E2XC_F1_C2,20240610,B4b,,281,True,True,True,,,,,,runs/experiment2_cross_site/site_c_edmonton/E2XC_F1_C2/seed20240610/B4b
2,C,E2XC_F1_C2,20240611,B0,,310,True,False,False,,,,,,runs/experiment2_cross_site/site_c_edmonton/E2XC_F1_C2/seed20240611/B0
2,C,E2XC_F1_C2,20240611,B1,,281,True,True,True,,,,,,runs/experiment2_cross_site/site_c_edmonton/E2XC_F1_C2/seed20240611/B1
2,C,E2XC_F1_C2,20240611,B2,,281,True,True,True,,,,,,runs/experiment2_cross_site/site_c_edmonton/E2XC_F1_C2/seed20240611/B2
2,C,E2XC_F1_C2,20240611,B4b,,281,True,True,True,,,,,,runs/experiment2_cross_site/site_c_edmonton/E2XC_F1_C2/seed20240611/B4b
2,C,E2XC_F1_C2,20240612,B0,,310,True,False,False,,,,,,runs/experiment2_cross_site/site_c_edmonton/E2XC_F1_C2/seed20240612/B0
2,C,E2XC_F1_C2,20240612,B1,,281,True,True,True,,,,,,runs/experiment2_cross_site/site_c_edmonton/E2XC_F1_C2/seed20240612/B1
2,C,E2XC_F1_C2,20240612,B2,,281,True,True,True,,,,,,runs/experiment2_cross_site/site_c_edmonton/E2XC_F1_C2/seed20240612/B2
2,C,E2XC_F1_C2,20240612,B4b,,281,True,True,True,,,,,,runs/experiment2_cross_site/site_c_edmonton/E2XC_F1_C2/seed20240612/B4b
2,C,E2XC_F1_C2,20240613,B0,,310,True,False,False,,,,,,runs/experiment2_cross_site/site_c_edmonton/E2XC_F1_C2/seed20240613/B0
2,C,E2XC_F1_C2,20240613,B1,,281,True,True,True,,,,,,runs/experiment2_cross_site/site_c_edmonton/E2XC_F1_C2/seed20240613/B1
2,C,E2XC_F1_C2,20240613,B2,,281,True,True,True,,,,,,runs/experiment2_cross_site/site_c_edmonton/E2XC_F1_C2/seed20240613/B2
2,C,E2XC_F1_C2,20240613,B4b,,281,True,True,True,,,,,,runs/experiment2_cross_site/site_c_edmonton/E2XC_F1_C2/seed20240613/B4b
2,C,E2XC_F1_C2,20240614,B0,,310,True,False,False,,,,,,runs/experiment2_cross_site/site_c_edmonton/E2XC_F1_C2/seed20240614/B0
2,C,E2XC_F1_C2,20240614,B1,,281,True,True,True,,,,,,runs/experiment2_cross_site/site_c_edmonton/E2XC_F1_C2/seed20240614/B1
2,C,E2XC_F1_C2,20240614,B2,,281,True,True,True,,,,,,runs/experiment2_cross_site/site_c_edmonton/E2XC_F1_C2/seed20240614/B2
2,C,E2XC_F1_C2,20240614,B4b,,281,True,True,True,,,,,,runs/experiment2_cross_site/site_c_edmonton/E2XC_F1_C2/seed20240614/B4b
2,C,E2XC_F1_C2,20240615,B0,,310,True,False,False,,,,,,runs/experiment2_cross_site/site_c_edmonton/E2XC_F1_C2/seed20240615/B0
2,C,E2XC_F1_C2,20240615,B1,,281,True,True,True,,,,,,runs/experiment2_cross_site/site_c_edmonton/E2XC_F1_C2/seed20240615/B1
2,C,E2XC_F1_C2,20240615,B2,,281,True,True,True,,,,,,runs/experiment2_cross_site/site_c_edmonton/E2XC_F1_C2/seed20240615/B2
2,C,E2XC_F1_C2,20240615,B4b,,405,True,True,True,,,,,,runs/experiment2_cross_site/site_c_edmonton/E2XC_F1_C2/seed20240615/B4b
2,C,E2XC_F1_C2,20240616,B0,,310,True,False,False,,,,,,runs/experiment2_cross_site/site_c_edmonton/E2XC_F1_C2/seed20240616/B0
2,C,E2XC_F1_C2,20240616,B1,,281,True,True,True,,,,,,runs/experiment2_cross_site/site_c_edmonton/E2XC_F1_C2/seed20240616/B1
2,C,E2XC_F1_C2,20240616,B2,,281,True,True,True,,,,,,runs/experiment2_cross_site/site_c_edmonton/E2XC_F1_C2/seed20240616/B2
2,C,E2XC_F1_C2,20240616,B4b,,281,True,True,True,,,,,,runs/experiment2_cross_site/site_c_edmonton/E2XC_F1_C2/seed20240616/B4b
2,C,E2XC_F1_C2,20240617,B0,,310,True,False,False,,,,,,runs/experiment2_cross_site/site_c_edmonton/E2XC_F1_C2/seed20240617/B0
2,C,E2XC_F1_C2,20240617,B1,,281,True,True,True,,,,,,runs/experiment2_cross_site/site_c_edmonton/E2XC_F1_C2/seed20240617/B1
2,C,E2XC_F1_C2,20240617,B2,,281,True,True,True,,,,,,runs/experiment2_cross_site/site_c_edmonton/E2XC_F1_C2/seed20240617/B2
2,C,E2XC_F1_C2,20240617,B4b,,281,True,True,True,,,,,,runs/experiment2_cross_site/site_c_edmonton/E2XC_F1_C2/seed20240617/B4b
2,C,E2XC_F1_C2,20240618,B0,,310,True,False,False,,,,,,runs/experiment2_cross_site/site_c_edmonton/E2XC_F1_C2/seed20240618/B0
2,C,E2XC_F1_C2,20240618,B1,,281,True,True,True,,,,,,runs/experiment2_cross_site/site_c_edmonton/E2XC_F1_C2/seed20240618/B1
2,C,E2XC_F1_C2,20240618,B2,,281,True,True,True,,,,,,runs/experiment2_cross_site/site_c_edmonton/E2XC_F1_C2/seed20240618/B2
2,C,E2XC_F1_C2,20240618,B4b,,281,True,True,True,,,,,,runs/experiment2_cross_site/site_c_edmonton/E2XC_F1_C2/seed20240618/B4b
2,C,E2XC_F1_C2,20240619,B0,,310,True,False,False,,,,,,runs/experiment2_cross_site/site_c_edmonton/E2XC_F1_C2/seed20240619/B0
2,C,E2XC_F1_C2,20240619,B1,,281,True,True,True,,,,,,runs/experiment2_cross_site/site_c_edmonton/E2XC_F1_C2/seed20240619/B1
2,C,E2XC_F1_C2,20240619,B2,,281,True,True,True,,,,,,runs/experiment2_cross_site/site_c_edmonton/E2XC_F1_C2/seed20240619/B2
2,C,E2XC_F1_C2,20240619,B4b,,281,True,True,True,,,,,,runs/experiment2_cross_site/site_c_edmonton/E2XC_F1_C2/seed20240619/B4b
2,C,E2XC_F1_C2,20240620,B0,,310,True,False,False,,,,,,runs/experiment2_cross_site/site_c_edmonton/E2XC_F1_C2/seed20240620/B0
2,C,E2XC_F1_C2,20240620,B1,,281,True,True,True,,,,,,runs/experiment2_cross_site/site_c_edmonton/E2XC_F1_C2/seed20240620/B1
2,C,E2XC_F1_C2,20240620,B2,,281,True,True,True,,,,,,runs/experiment2_cross_site/site_c_edmonton/E2XC_F1_C2/seed20240620/B2
2,C,E2XC_F1_C2,20240620,B4b,,281,True,True,True,,,,,,runs/experiment2_cross_site/site_c_edmonton/E2XC_F1_C2/seed20240620/B4b
2,C,E2XC_F1_C3,20240601,B0,,310,True,False,False,,,,,,runs/experiment2_cross_site/site_c_edmonton/E2XC_F1_C3/seed20240601/B0
2,C,E2XC_F1_C3,20240601,B1,,393,True,True,True,,,,,,runs/experiment2_cross_site/site_c_edmonton/E2XC_F1_C3/seed20240601/B1
2,C,E2XC_F1_C3,20240601,B2,,393,True,True,True,,,,,,runs/experiment2_cross_site/site_c_edmonton/E2XC_F1_C3/seed20240601/B2
2,C,E2XC_F1_C3,20240601,B4b,,393,True,True,True,,,,,,runs/experiment2_cross_site/site_c_edmonton/E2XC_F1_C3/seed20240601/B4b
2,C,E2XC_F1_C3,20240602,B0,,310,True,False,False,,,,,,runs/experiment2_cross_site/site_c_edmonton/E2XC_F1_C3/seed20240602/B0
2,C,E2XC_F1_C3,20240602,B1,,393,True,True,True,,,,,,runs/experiment2_cross_site/site_c_edmonton/E2XC_F1_C3/seed20240602/B1
2,C,E2XC_F1_C3,20240602,B2,,393,True,True,True,,,,,,runs/experiment2_cross_site/site_c_edmonton/E2XC_F1_C3/seed20240602/B2
2,C,E2XC_F1_C3,20240602,B4b,,393,True,True,True,,,,,,runs/experiment2_cross_site/site_c_edmonton/E2XC_F1_C3/seed20240602/B4b
2,C,E2XC_F1_C3,20240603,B0,,310,True,False,False,,,,,,runs/experiment2_cross_site/site_c_edmonton/E2XC_F1_C3/seed20240603/B0
2,C,E2XC_F1_C3,20240603,B1,,393,True,True,True,,,,,,runs/experiment2_cross_site/site_c_edmonton/E2XC_F1_C3/seed20240603/B1
2,C,E2XC_F1_C3,20240603,B2,,393,True,True,True,,,,,,runs/experiment2_cross_site/site_c_edmonton/E2XC_F1_C3/seed20240603/B2
2,C,E2XC_F1_C3,20240603,B4b,,393,True,True,True,,,,,,runs/experiment2_cross_site/site_c_edmonton/E2XC_F1_C3/seed20240603/B4b
2,C,E2XC_F1_C3,20240604,B0,,310,True,False,False,,,,,,runs/experiment2_cross_site/site_c_edmonton/E2XC_F1_C3/seed20240604/B0
2,C,E2XC_F1_C3,20240604,B1,,393,True,True,True,,,,,,runs/experiment2_cross_site/site_c_edmonton/E2XC_F1_C3/seed20240604/B1
2,C,E2XC_F1_C3,20240604,B2,,393,True,True,True,,,,,,runs/experiment2_cross_site/site_c_edmonton/E2XC_F1_C3/seed20240604/B2
2,C,E2XC_F1_C3,20240604,B4b,,393,True,True,True,,,,,,runs/experiment2_cross_site/site_c_edmonton/E2XC_F1_C3/seed20240604/B4b
2,C,E2XC_F1_C3,20240605,B0,,310,True,False,False,,,,,,runs/experiment2_cross_site/site_c_edmonton/E2XC_F1_C3/seed20240605/B0
2,C,E2XC_F1_C3,20240605,B1,,393,True,True,True,,,,,,runs/experiment2_cross_site/site_c_edmonton/E2XC_F1_C3/seed20240605/B1
2,C,E2XC_F1_C3,20240605,B2,,393,True,True,True,,,,,,runs/experiment2_cross_site/site_c_edmonton/E2XC_F1_C3/seed20240605/B2
2,C,E2XC_F1_C3,20240605,B4b,,393,True,True,True,,,,,,runs/experiment2_cross_site/site_c_edmonton/E2XC_F1_C3/seed20240605/B4b
2,C,E2XC_F1_C3,20240606,B0,,310,True,False,False,,,,,,runs/experiment2_cross_site/site_c_edmonton/E2XC_F1_C3/seed20240606/B0
2,C,E2XC_F1_C3,20240606,B1,,393,True,True,True,,,,,,runs/experiment2_cross_site/site_c_edmonton/E2XC_F1_C3/seed20240606/B1
2,C,E2XC_F1_C3,20240606,B2,,393,True,True,True,,,,,,runs/experiment2_cross_site/site_c_edmonton/E2XC_F1_C3/seed20240606/B2
2,C,E2XC_F1_C3,20240606,B4b,,393,True,True,True,,,,,,runs/experiment2_cross_site/site_c_edmonton/E2XC_F1_C3/seed20240606/B4b
2,C,E2XC_F1_C3,20240607,B0,,310,True,False,False,,,,,,runs/experiment2_cross_site/site_c_edmonton/E2XC_F1_C3/seed20240607/B0
2,C,E2XC_F1_C3,20240607,B1,,393,True,True,True,,,,,,runs/experiment2_cross_site/site_c_edmonton/E2XC_F1_C3/seed20240607/B1
2,C,E2XC_F1_C3,20240607,B2,,393,True,True,True,,,,,,runs/experiment2_cross_site/site_c_edmonton/E2XC_F1_C3/seed20240607/B2
2,C,E2XC_F1_C3,20240607,B4b,,393,True,True,True,,,,,,runs/experiment2_cross_site/site_c_edmonton/E2XC_F1_C3/seed20240607/B4b
2,C,E2XC_F1_C3,20240608,B0,,310,True,False,False,,,,,,runs/experiment2_cross_site/site_c_edmonton/E2XC_F1_C3/seed20240608/B0
2,C,E2XC_F1_C3,20240608,B1,,393,True,True,True,,,,,,runs/experiment2_cross_site/site_c_edmonton/E2XC_F1_C3/seed20240608/B1
2,C,E2XC_F1_C3,20240608,B2,,393,True,True,True,,,,,,runs/experiment2_cross_site/site_c_edmonton/E2XC_F1_C3/seed20240608/B2
2,C,E2XC_F1_C3,20240608,B4b,,393,True,True,True,,,,,,runs/experiment2_cross_site/site_c_edmonton/E2XC_F1_C3/seed20240608/B4b
2,C,E2XC_F1_C3,20240609,B0,,310,True,False,False,,,,,,runs/experiment2_cross_site/site_c_edmonton/E2XC_F1_C3/seed20240609/B0
2,C,E2XC_F1_C3,20240609,B1,,393,True,True,True,,,,,,runs/experiment2_cross_site/site_c_edmonton/E2XC_F1_C3/seed20240609/B1
2,C,E2XC_F1_C3,20240609,B2,,393,True,True,True,,,,,,runs/experiment2_cross_site/site_c_edmonton/E2XC_F1_C3/seed20240609/B2
2,C,E2XC_F1_C3,20240609,B4b,,393,True,True,True,,,,,,runs/experiment2_cross_site/site_c_edmonton/E2XC_F1_C3/seed20240609/B4b
2,C,E2XC_F1_C3,20240610,B0,,310,True,False,False,,,,,,runs/experiment2_cross_site/site_c_edmonton/E2XC_F1_C3/seed20240610/B0
2,C,E2XC_F1_C3,20240610,B1,,393,True,True,True,,,,,,runs/experiment2_cross_site/site_c_edmonton/E2XC_F1_C3/seed20240610/B1
2,C,E2XC_F1_C3,20240610,B2,,393,True,True,True,,,,,,runs/experiment2_cross_site/site_c_edmonton/E2XC_F1_C3/seed20240610/B2
2,C,E2XC_F1_C3,20240610,B4b,,393,True,True,True,,,,,,runs/experiment2_cross_site/site_c_edmonton/E2XC_F1_C3/seed20240610/B4b
2,C,E2XC_F1_C3,20240611,B0,,310,True,False,False,,,,,,runs/experiment2_cross_site/site_c_edmonton/E2XC_F1_C3/seed20240611/B0
2,C,E2XC_F1_C3,20240611,B1,,393,True,True,True,,,,,,runs/experiment2_cross_site/site_c_edmonton/E2XC_F1_C3/seed20240611/B1
2,C,E2XC_F1_C3,20240611,B2,,393,True,True,True,,,,,,runs/experiment2_cross_site/site_c_edmonton/E2XC_F1_C3/seed20240611/B2
2,C,E2XC_F1_C3,20240611,B4b,,393,True,True,True,,,,,,runs/experiment2_cross_site/site_c_edmonton/E2XC_F1_C3/seed20240611/B4b
2,C,E2XC_F1_C3,20240612,B0,,310,True,False,False,,,,,,runs/experiment2_cross_site/site_c_edmonton/E2XC_F1_C3/seed20240612/B0
2,C,E2XC_F1_C3,20240612,B1,,393,True,True,True,,,,,,runs/experiment2_cross_site/site_c_edmonton/E2XC_F1_C3/seed20240612/B1
2,C,E2XC_F1_C3,20240612,B2,,393,True,True,True,,,,,,runs/experiment2_cross_site/site_c_edmonton/E2XC_F1_C3/seed20240612/B2
2,C,E2XC_F1_C3,20240612,B4b,,393,True,True,True,,,,,,runs/experiment2_cross_site/site_c_edmonton/E2XC_F1_C3/seed20240612/B4b
2,C,E2XC_F1_C3,20240613,B0,,310,True,False,False,,,,,,runs/experiment2_cross_site/site_c_edmonton/E2XC_F1_C3/seed20240613/B0
2,C,E2XC_F1_C3,20240613,B1,,393,True,True,True,,,,,,runs/experiment2_cross_site/site_c_edmonton/E2XC_F1_C3/seed20240613/B1
2,C,E2XC_F1_C3,20240613,B2,,393,True,True,True,,,,,,runs/experiment2_cross_site/site_c_edmonton/E2XC_F1_C3/seed20240613/B2
2,C,E2XC_F1_C3,20240613,B4b,,400,True,True,True,,,,,,runs/experiment2_cross_site/site_c_edmonton/E2XC_F1_C3/seed20240613/B4b
2,C,E2XC_F1_C3,20240614,B0,,310,True,False,False,,,,,,runs/experiment2_cross_site/site_c_edmonton/E2XC_F1_C3/seed20240614/B0
2,C,E2XC_F1_C3,20240614,B1,,393,True,True,True,,,,,,runs/experiment2_cross_site/site_c_edmonton/E2XC_F1_C3/seed20240614/B1
2,C,E2XC_F1_C3,20240614,B2,,393,True,True,True,,,,,,runs/experiment2_cross_site/site_c_edmonton/E2XC_F1_C3/seed20240614/B2
2,C,E2XC_F1_C3,20240614,B4b,,393,True,True,True,,,,,,runs/experiment2_cross_site/site_c_edmonton/E2XC_F1_C3/seed20240614/B4b
2,C,E2XC_F1_C3,20240615,B0,,310,True,False,False,,,,,,runs/experiment2_cross_site/site_c_edmonton/E2XC_F1_C3/seed20240615/B0
2,C,E2XC_F1_C3,20240615,B1,,393,True,True,True,,,,,,runs/experiment2_cross_site/site_c_edmonton/E2XC_F1_C3/seed20240615/B1
2,C,E2XC_F1_C3,20240615,B2,,393,True,True,True,,,,,,runs/experiment2_cross_site/site_c_edmonton/E2XC_F1_C3/seed20240615/B2
2,C,E2XC_F1_C3,20240615,B4b,,393,True,True,True,,,,,,runs/experiment2_cross_site/site_c_edmonton/E2XC_F1_C3/seed20240615/B4b
2,C,E2XC_F1_C3,20240616,B0,,310,True,False,False,,,,,,runs/experiment2_cross_site/site_c_edmonton/E2XC_F1_C3/seed20240616/B0
2,C,E2XC_F1_C3,20240616,B1,,393,True,True,True,,,,,,runs/experiment2_cross_site/site_c_edmonton/E2XC_F1_C3/seed20240616/B1
2,C,E2XC_F1_C3,20240616,B2,,393,True,True,True,,,,,,runs/experiment2_cross_site/site_c_edmonton/E2XC_F1_C3/seed20240616/B2
2,C,E2XC_F1_C3,20240616,B4b,,430,True,True,True,,,,,,runs/experiment2_cross_site/site_c_edmonton/E2XC_F1_C3/seed20240616/B4b
2,C,E2XC_F1_C3,20240617,B0,,310,True,False,False,,,,,,runs/experiment2_cross_site/site_c_edmonton/E2XC_F1_C3/seed20240617/B0
2,C,E2XC_F1_C3,20240617,B1,,393,True,True,True,,,,,,runs/experiment2_cross_site/site_c_edmonton/E2XC_F1_C3/seed20240617/B1
2,C,E2XC_F1_C3,20240617,B2,,393,True,True,True,,,,,,runs/experiment2_cross_site/site_c_edmonton/E2XC_F1_C3/seed20240617/B2
2,C,E2XC_F1_C3,20240617,B4b,,393,True,True,True,,,,,,runs/experiment2_cross_site/site_c_edmonton/E2XC_F1_C3/seed20240617/B4b
2,C,E2XC_F1_C3,20240618,B0,,310,True,False,False,,,,,,runs/experiment2_cross_site/site_c_edmonton/E2XC_F1_C3/seed20240618/B0
2,C,E2XC_F1_C3,20240618,B1,,393,True,True,True,,,,,,runs/experiment2_cross_site/site_c_edmonton/E2XC_F1_C3/seed20240618/B1
2,C,E2XC_F1_C3,20240618,B2,,393,True,True,True,,,,,,runs/experiment2_cross_site/site_c_edmonton/E2XC_F1_C3/seed20240618/B2
2,C,E2XC_F1_C3,20240618,B4b,,393,True,True,True,,,,,,runs/experiment2_cross_site/site_c_edmonton/E2XC_F1_C3/seed20240618/B4b
2,C,E2XC_F1_C3,20240619,B0,,310,True,False,False,,,,,,runs/experiment2_cross_site/site_c_edmonton/E2XC_F1_C3/seed20240619/B0
2,C,E2XC_F1_C3,20240619,B1,,393,True,True,True,,,,,,runs/experiment2_cross_site/site_c_edmonton/E2XC_F1_C3/seed20240619/B1
2,C,E2XC_F1_C3,20240619,B2,,393,True,True,True,,,,,,runs/experiment2_cross_site/site_c_edmonton/E2XC_F1_C3/seed20240619/B2
2,C,E2XC_F1_C3,20240619,B4b,,393,True,True,True,,,,,,runs/experiment2_cross_site/site_c_edmonton/E2XC_F1_C3/seed20240619/B4b
2,C,E2XC_F1_C3,20240620,B0,,310,True,False,False,,,,,,runs/experiment2_cross_site/site_c_edmonton/E2XC_F1_C3/seed20240620/B0
2,C,E2XC_F1_C3,20240620,B1,,393,True,True,True,,,,,,runs/experiment2_cross_site/site_c_edmonton/E2XC_F1_C3/seed20240620/B1
2,C,E2XC_F1_C3,20240620,B2,,393,True,True,True,,,,,,runs/experiment2_cross_site/site_c_edmonton/E2XC_F1_C3/seed20240620/B2
2,C,E2XC_F1_C3,20240620,B4b,,393,True,True,True,,,,,,runs/experiment2_cross_site/site_c_edmonton/E2XC_F1_C3/seed20240620/B4b
2,C,E2XC_F2_C1,20240601,B0,,310,True,False,False,,,,,,runs/experiment2_cross_site/site_c_edmonton/E2XC_F2_C1/seed20240601/B0
2,C,E2XC_F2_C1,20240601,B1,,161,False,False,False,,,,,,runs/experiment2_cross_site/site_c_edmonton/E2XC_F2_C1/seed20240601/B1
2,C,E2XC_F2_C1,20240601,B2,,161,False,False,False,,,,,,runs/experiment2_cross_site/site_c_edmonton/E2XC_F2_C1/seed20240601/B2
2,C,E2XC_F2_C1,20240601,B4b,,161,False,False,False,,,,,,runs/experiment2_cross_site/site_c_edmonton/E2XC_F2_C1/seed20240601/B4b
2,C,E2XC_F2_C1,20240602,B0,,310,True,False,False,,,,,,runs/experiment2_cross_site/site_c_edmonton/E2XC_F2_C1/seed20240602/B0
2,C,E2XC_F2_C1,20240602,B1,,161,False,False,False,,,,,,runs/experiment2_cross_site/site_c_edmonton/E2XC_F2_C1/seed20240602/B1
2,C,E2XC_F2_C1,20240602,B2,,161,False,False,False,,,,,,runs/experiment2_cross_site/site_c_edmonton/E2XC_F2_C1/seed20240602/B2
2,C,E2XC_F2_C1,20240602,B4b,,281,True,True,True,,,,,,runs/experiment2_cross_site/site_c_edmonton/E2XC_F2_C1/seed20240602/B4b
2,C,E2XC_F2_C1,20240603,B0,,310,True,False,False,,,,,,runs/experiment2_cross_site/site_c_edmonton/E2XC_F2_C1/seed20240603/B0
2,C,E2XC_F2_C1,20240603,B1,,161,False,False,False,,,,,,runs/experiment2_cross_site/site_c_edmonton/E2XC_F2_C1/seed20240603/B1
2,C,E2XC_F2_C1,20240603,B2,,161,False,False,False,,,,,,runs/experiment2_cross_site/site_c_edmonton/E2XC_F2_C1/seed20240603/B2
2,C,E2XC_F2_C1,20240603,B4b,,161,False,False,False,,,,,,runs/experiment2_cross_site/site_c_edmonton/E2XC_F2_C1/seed20240603/B4b
2,C,E2XC_F2_C1,20240604,B0,,310,True,False,False,,,,,,runs/experiment2_cross_site/site_c_edmonton/E2XC_F2_C1/seed20240604/B0
2,C,E2XC_F2_C1,20240604,B1,,161,False,False,False,,,,,,runs/experiment2_cross_site/site_c_edmonton/E2XC_F2_C1/seed20240604/B1
2,C,E2XC_F2_C1,20240604,B2,,161,False,False,False,,,,,,runs/experiment2_cross_site/site_c_edmonton/E2XC_F2_C1/seed20240604/B2
2,C,E2XC_F2_C1,20240604,B4b,,161,False,False,False,,,,,,runs/experiment2_cross_site/site_c_edmonton/E2XC_F2_C1/seed20240604/B4b
2,C,E2XC_F2_C1,20240605,B0,,310,True,False,False,,,,,,runs/experiment2_cross_site/site_c_edmonton/E2XC_F2_C1/seed20240605/B0
2,C,E2XC_F2_C1,20240605,B1,,161,False,False,False,,,,,,runs/experiment2_cross_site/site_c_edmonton/E2XC_F2_C1/seed20240605/B1
2,C,E2XC_F2_C1,20240605,B2,,161,False,False,False,,,,,,runs/experiment2_cross_site/site_c_edmonton/E2XC_F2_C1/seed20240605/B2
2,C,E2XC_F2_C1,20240605,B4b,,161,False,False,False,,,,,,runs/experiment2_cross_site/site_c_edmonton/E2XC_F2_C1/seed20240605/B4b
2,C,E2XC_F2_C1,20240606,B0,,310,True,False,False,,,,,,runs/experiment2_cross_site/site_c_edmonton/E2XC_F2_C1/seed20240606/B0
2,C,E2XC_F2_C1,20240606,B1,,161,False,False,False,,,,,,runs/experiment2_cross_site/site_c_edmonton/E2XC_F2_C1/seed20240606/B1
2,C,E2XC_F2_C1,20240606,B2,,161,False,False,False,,,,,,runs/experiment2_cross_site/site_c_edmonton/E2XC_F2_C1/seed20240606/B2
2,C,E2XC_F2_C1,20240606,B4b,,161,False,False,False,,,,,,runs/experiment2_cross_site/site_c_edmonton/E2XC_F2_C1/seed20240606/B4b
2,C,E2XC_F2_C1,20240607,B0,,310,True,False,False,,,,,,runs/experiment2_cross_site/site_c_edmonton/E2XC_F2_C1/seed20240607/B0
2,C,E2XC_F2_C1,20240607,B1,,161,False,False,False,,,,,,runs/experiment2_cross_site/site_c_edmonton/E2XC_F2_C1/seed20240607/B1
2,C,E2XC_F2_C1,20240607,B2,,161,False,False,False,,,,,,runs/experiment2_cross_site/site_c_edmonton/E2XC_F2_C1/seed20240607/B2
2,C,E2XC_F2_C1,20240607,B4b,,161,False,False,False,,,,,,runs/experiment2_cross_site/site_c_edmonton/E2XC_F2_C1/seed20240607/B4b
2,C,E2XC_F2_C1,20240608,B0,,310,True,False,False,,,,,,runs/experiment2_cross_site/site_c_edmonton/E2XC_F2_C1/seed20240608/B0
2,C,E2XC_F2_C1,20240608,B1,,161,False,False,False,,,,,,runs/experiment2_cross_site/site_c_edmonton/E2XC_F2_C1/seed20240608/B1
2,C,E2XC_F2_C1,20240608,B2,,161,False,False,False,,,,,,runs/experiment2_cross_site/site_c_edmonton/E2XC_F2_C1/seed20240608/B2
2,C,E2XC_F2_C1,20240608,B4b,,161,False,False,False,,,,,,runs/experiment2_cross_site/site_c_edmonton/E2XC_F2_C1/seed20240608/B4b
2,C,E2XC_F2_C1,20240609,B0,,310,True,False,False,,,,,,runs/experiment2_cross_site/site_c_edmonton/E2XC_F2_C1/seed20240609/B0
2,C,E2XC_F2_C1,20240609,B1,,161,False,False,False,,,,,,runs/experiment2_cross_site/site_c_edmonton/E2XC_F2_C1/seed20240609/B1
2,C,E2XC_F2_C1,20240609,B2,,161,False,False,False,,,,,,runs/experiment2_cross_site/site_c_edmonton/E2XC_F2_C1/seed20240609/B2
2,C,E2XC_F2_C1,20240609,B4b,,161,False,False,False,,,,,,runs/experiment2_cross_site/site_c_edmonton/E2XC_F2_C1/seed20240609/B4b
2,C,E2XC_F2_C1,20240610,B0,,310,True,False,False,,,,,,runs/experiment2_cross_site/site_c_edmonton/E2XC_F2_C1/seed20240610/B0
2,C,E2XC_F2_C1,20240610,B1,,161,False,False,False,,,,,,runs/experiment2_cross_site/site_c_edmonton/E2XC_F2_C1/seed20240610/B1
2,C,E2XC_F2_C1,20240610,B2,,161,False,False,False,,,,,,runs/experiment2_cross_site/site_c_edmonton/E2XC_F2_C1/seed20240610/B2
2,C,E2XC_F2_C1,20240610,B4b,,161,False,False,False,,,,,,runs/experiment2_cross_site/site_c_edmonton/E2XC_F2_C1/seed20240610/B4b
2,C,E2XC_F2_C1,20240611,B0,,310,True,False,False,,,,,,runs/experiment2_cross_site/site_c_edmonton/E2XC_F2_C1/seed20240611/B0
2,C,E2XC_F2_C1,20240611,B1,,161,False,False,False,,,,,,runs/experiment2_cross_site/site_c_edmonton/E2XC_F2_C1/seed20240611/B1
2,C,E2XC_F2_C1,20240611,B2,,161,False,False,False,,,,,,runs/experiment2_cross_site/site_c_edmonton/E2XC_F2_C1/seed20240611/B2
2,C,E2XC_F2_C1,20240611,B4b,,161,False,False,False,,,,,,runs/experiment2_cross_site/site_c_edmonton/E2XC_F2_C1/seed20240611/B4b
2,C,E2XC_F2_C1,20240612,B0,,310,True,False,False,,,,,,runs/experiment2_cross_site/site_c_edmonton/E2XC_F2_C1/seed20240612/B0
2,C,E2XC_F2_C1,20240612,B1,,161,False,False,False,,,,,,runs/experiment2_cross_site/site_c_edmonton/E2XC_F2_C1/seed20240612/B1
2,C,E2XC_F2_C1,20240612,B2,,161,False,False,False,,,,,,runs/experiment2_cross_site/site_c_edmonton/E2XC_F2_C1/seed20240612/B2
2,C,E2XC_F2_C1,20240612,B4b,,161,False,False,False,,,,,,runs/experiment2_cross_site/site_c_edmonton/E2XC_F2_C1/seed20240612/B4b
2,C,E2XC_F2_C1,20240613,B0,,310,True,False,False,,,,,,runs/experiment2_cross_site/site_c_edmonton/E2XC_F2_C1/seed20240613/B0
2,C,E2XC_F2_C1,20240613,B1,,161,False,False,False,,,,,,runs/experiment2_cross_site/site_c_edmonton/E2XC_F2_C1/seed20240613/B1
2,C,E2XC_F2_C1,20240613,B2,,161,False,False,False,,,,,,runs/experiment2_cross_site/site_c_edmonton/E2XC_F2_C1/seed20240613/B2
2,C,E2XC_F2_C1,20240613,B4b,,161,False,False,False,,,,,,runs/experiment2_cross_site/site_c_edmonton/E2XC_F2_C1/seed20240613/B4b
2,C,E2XC_F2_C1,20240614,B0,,310,True,False,False,,,,,,runs/experiment2_cross_site/site_c_edmonton/E2XC_F2_C1/seed20240614/B0
2,C,E2XC_F2_C1,20240614,B1,,161,False,False,False,,,,,,runs/experiment2_cross_site/site_c_edmonton/E2XC_F2_C1/seed20240614/B1
2,C,E2XC_F2_C1,20240614,B2,,161,False,False,False,,,,,,runs/experiment2_cross_site/site_c_edmonton/E2XC_F2_C1/seed20240614/B2
2,C,E2XC_F2_C1,20240614,B4b,,161,False,False,False,,,,,,runs/experiment2_cross_site/site_c_edmonton/E2XC_F2_C1/seed20240614/B4b
2,C,E2XC_F2_C1,20240615,B0,,310,True,False,False,,,,,,runs/experiment2_cross_site/site_c_edmonton/E2XC_F2_C1/seed20240615/B0
2,C,E2XC_F2_C1,20240615,B1,,161,False,False,False,,,,,,runs/experiment2_cross_site/site_c_edmonton/E2XC_F2_C1/seed20240615/B1
2,C,E2XC_F2_C1,20240615,B2,,161,False,False,False,,,,,,runs/experiment2_cross_site/site_c_edmonton/E2XC_F2_C1/seed20240615/B2
2,C,E2XC_F2_C1,20240615,B4b,,161,False,False,False,,,,,,runs/experiment2_cross_site/site_c_edmonton/E2XC_F2_C1/seed20240615/B4b
2,C,E2XC_F2_C1,20240616,B0,,310,True,False,False,,,,,,runs/experiment2_cross_site/site_c_edmonton/E2XC_F2_C1/seed20240616/B0
2,C,E2XC_F2_C1,20240616,B1,,161,False,False,False,,,,,,runs/experiment2_cross_site/site_c_edmonton/E2XC_F2_C1/seed20240616/B1
2,C,E2XC_F2_C1,20240616,B2,,161,False,False,False,,,,,,runs/experiment2_cross_site/site_c_edmonton/E2XC_F2_C1/seed20240616/B2
2,C,E2XC_F2_C1,20240616,B4b,,161,False,False,False,,,,,,runs/experiment2_cross_site/site_c_edmonton/E2XC_F2_C1/seed20240616/B4b
2,C,E2XC_F2_C1,20240617,B0,,310,True,False,False,,,,,,runs/experiment2_cross_site/site_c_edmonton/E2XC_F2_C1/seed20240617/B0
2,C,E2XC_F2_C1,20240617,B1,,161,False,False,False,,,,,,runs/experiment2_cross_site/site_c_edmonton/E2XC_F2_C1/seed20240617/B1
2,C,E2XC_F2_C1,20240617,B2,,161,False,False,False,,,,,,runs/experiment2_cross_site/site_c_edmonton/E2XC_F2_C1/seed20240617/B2
2,C,E2XC_F2_C1,20240617,B4b,,161,False,False,False,,,,,,runs/experiment2_cross_site/site_c_edmonton/E2XC_F2_C1/seed20240617/B4b
2,C,E2XC_F2_C1,20240618,B0,,310,True,False,False,,,,,,runs/experiment2_cross_site/site_c_edmonton/E2XC_F2_C1/seed20240618/B0
2,C,E2XC_F2_C1,20240618,B1,,161,False,False,False,,,,,,runs/experiment2_cross_site/site_c_edmonton/E2XC_F2_C1/seed20240618/B1
2,C,E2XC_F2_C1,20240618,B2,,161,False,False,False,,,,,,runs/experiment2_cross_site/site_c_edmonton/E2XC_F2_C1/seed20240618/B2
2,C,E2XC_F2_C1,20240618,B4b,,161,False,False,False,,,,,,runs/experiment2_cross_site/site_c_edmonton/E2XC_F2_C1/seed20240618/B4b
2,C,E2XC_F2_C1,20240619,B0,,310,True,False,False,,,,,,runs/experiment2_cross_site/site_c_edmonton/E2XC_F2_C1/seed20240619/B0
2,C,E2XC_F2_C1,20240619,B1,,161,False,False,False,,,,,,runs/experiment2_cross_site/site_c_edmonton/E2XC_F2_C1/seed20240619/B1
2,C,E2XC_F2_C1,20240619,B2,,161,False,False,False,,,,,,runs/experiment2_cross_site/site_c_edmonton/E2XC_F2_C1/seed20240619/B2
2,C,E2XC_F2_C1,20240619,B4b,,161,False,False,False,,,,,,runs/experiment2_cross_site/site_c_edmonton/E2XC_F2_C1/seed20240619/B4b
2,C,E2XC_F2_C1,20240620,B0,,310,True,False,False,,,,,,runs/experiment2_cross_site/site_c_edmonton/E2XC_F2_C1/seed20240620/B0
2,C,E2XC_F2_C1,20240620,B1,,161,False,False,False,,,,,,runs/experiment2_cross_site/site_c_edmonton/E2XC_F2_C1/seed20240620/B1
2,C,E2XC_F2_C1,20240620,B2,,161,False,False,False,,,,,,runs/experiment2_cross_site/site_c_edmonton/E2XC_F2_C1/seed20240620/B2
2,C,E2XC_F2_C1,20240620,B4b,,161,False,False,False,,,,,,runs/experiment2_cross_site/site_c_edmonton/E2XC_F2_C1/seed20240620/B4b
2,C,E2XC_F2_C2,20240601,B0,,310,True,False,False,,,,,,runs/experiment2_cross_site/site_c_edmonton/E2XC_F2_C2/seed20240601/B0
2,C,E2XC_F2_C2,20240601,B1,,281,True,True,True,,,,,,runs/experiment2_cross_site/site_c_edmonton/E2XC_F2_C2/seed20240601/B1
2,C,E2XC_F2_C2,20240601,B2,,281,True,True,True,,,,,,runs/experiment2_cross_site/site_c_edmonton/E2XC_F2_C2/seed20240601/B2
2,C,E2XC_F2_C2,20240601,B4b,,281,True,True,True,,,,,,runs/experiment2_cross_site/site_c_edmonton/E2XC_F2_C2/seed20240601/B4b
2,C,E2XC_F2_C2,20240602,B0,,310,True,False,False,,,,,,runs/experiment2_cross_site/site_c_edmonton/E2XC_F2_C2/seed20240602/B0
2,C,E2XC_F2_C2,20240602,B1,,281,True,True,True,,,,,,runs/experiment2_cross_site/site_c_edmonton/E2XC_F2_C2/seed20240602/B1
2,C,E2XC_F2_C2,20240602,B2,,281,True,True,True,,,,,,runs/experiment2_cross_site/site_c_edmonton/E2XC_F2_C2/seed20240602/B2
2,C,E2XC_F2_C2,20240602,B4b,,281,True,True,True,,,,,,runs/experiment2_cross_site/site_c_edmonton/E2XC_F2_C2/seed20240602/B4b
2,C,E2XC_F2_C2,20240603,B0,,310,True,False,False,,,,,,runs/experiment2_cross_site/site_c_edmonton/E2XC_F2_C2/seed20240603/B0
2,C,E2XC_F2_C2,20240603,B1,,281,True,True,True,,,,,,runs/experiment2_cross_site/site_c_edmonton/E2XC_F2_C2/seed20240603/B1
2,C,E2XC_F2_C2,20240603,B2,,281,True,True,True,,,,,,runs/experiment2_cross_site/site_c_edmonton/E2XC_F2_C2/seed20240603/B2
2,C,E2XC_F2_C2,20240603,B4b,,281,True,True,True,,,,,,runs/experiment2_cross_site/site_c_edmonton/E2XC_F2_C2/seed20240603/B4b
2,C,E2XC_F2_C2,20240604,B0,,310,True,False,False,,,,,,runs/experiment2_cross_site/site_c_edmonton/E2XC_F2_C2/seed20240604/B0
2,C,E2XC_F2_C2,20240604,B1,,281,True,True,True,,,,,,runs/experiment2_cross_site/site_c_edmonton/E2XC_F2_C2/seed20240604/B1
2,C,E2XC_F2_C2,20240604,B2,,281,True,True,True,,,,,,runs/experiment2_cross_site/site_c_edmonton/E2XC_F2_C2/seed20240604/B2
2,C,E2XC_F2_C2,20240604,B4b,,281,True,True,True,,,,,,runs/experiment2_cross_site/site_c_edmonton/E2XC_F2_C2/seed20240604/B4b
2,C,E2XC_F2_C2,20240605,B0,,310,True,False,False,,,,,,runs/experiment2_cross_site/site_c_edmonton/E2XC_F2_C2/seed20240605/B0
2,C,E2XC_F2_C2,20240605,B1,,281,True,True,True,,,,,,runs/experiment2_cross_site/site_c_edmonton/E2XC_F2_C2/seed20240605/B1
2,C,E2XC_F2_C2,20240605,B2,,281,True,True,True,,,,,,runs/experiment2_cross_site/site_c_edmonton/E2XC_F2_C2/seed20240605/B2
2,C,E2XC_F2_C2,20240605,B4b,,281,True,True,True,,,,,,runs/experiment2_cross_site/site_c_edmonton/E2XC_F2_C2/seed20240605/B4b
2,C,E2XC_F2_C2,20240606,B0,,310,True,False,False,,,,,,runs/experiment2_cross_site/site_c_edmonton/E2XC_F2_C2/seed20240606/B0
2,C,E2XC_F2_C2,20240606,B1,,281,True,True,True,,,,,,runs/experiment2_cross_site/site_c_edmonton/E2XC_F2_C2/seed20240606/B1
2,C,E2XC_F2_C2,20240606,B2,,281,True,True,True,,,,,,runs/experiment2_cross_site/site_c_edmonton/E2XC_F2_C2/seed20240606/B2
2,C,E2XC_F2_C2,20240606,B4b,,281,True,True,True,,,,,,runs/experiment2_cross_site/site_c_edmonton/E2XC_F2_C2/seed20240606/B4b
2,C,E2XC_F2_C2,20240607,B0,,310,True,False,False,,,,,,runs/experiment2_cross_site/site_c_edmonton/E2XC_F2_C2/seed20240607/B0
2,C,E2XC_F2_C2,20240607,B1,,281,True,True,True,,,,,,runs/experiment2_cross_site/site_c_edmonton/E2XC_F2_C2/seed20240607/B1
2,C,E2XC_F2_C2,20240607,B2,,281,True,True,True,,,,,,runs/experiment2_cross_site/site_c_edmonton/E2XC_F2_C2/seed20240607/B2
2,C,E2XC_F2_C2,20240607,B4b,,281,True,True,True,,,,,,runs/experiment2_cross_site/site_c_edmonton/E2XC_F2_C2/seed20240607/B4b
2,C,E2XC_F2_C2,20240608,B0,,310,True,False,False,,,,,,runs/experiment2_cross_site/site_c_edmonton/E2XC_F2_C2/seed20240608/B0
2,C,E2XC_F2_C2,20240608,B1,,281,True,True,True,,,,,,runs/experiment2_cross_site/site_c_edmonton/E2XC_F2_C2/seed20240608/B1
2,C,E2XC_F2_C2,20240608,B2,,281,True,True,True,,,,,,runs/experiment2_cross_site/site_c_edmonton/E2XC_F2_C2/seed20240608/B2
2,C,E2XC_F2_C2,20240608,B4b,,281,True,True,True,,,,,,runs/experiment2_cross_site/site_c_edmonton/E2XC_F2_C2/seed20240608/B4b
2,C,E2XC_F2_C2,20240609,B0,,310,True,False,False,,,,,,runs/experiment2_cross_site/site_c_edmonton/E2XC_F2_C2/seed20240609/B0
2,C,E2XC_F2_C2,20240609,B1,,281,True,True,True,,,,,,runs/experiment2_cross_site/site_c_edmonton/E2XC_F2_C2/seed20240609/B1
2,C,E2XC_F2_C2,20240609,B2,,281,True,True,True,,,,,,runs/experiment2_cross_site/site_c_edmonton/E2XC_F2_C2/seed20240609/B2
2,C,E2XC_F2_C2,20240609,B4b,,281,True,True,True,,,,,,runs/experiment2_cross_site/site_c_edmonton/E2XC_F2_C2/seed20240609/B4b
2,C,E2XC_F2_C2,20240610,B0,,310,True,False,False,,,,,,runs/experiment2_cross_site/site_c_edmonton/E2XC_F2_C2/seed20240610/B0
2,C,E2XC_F2_C2,20240610,B1,,281,True,True,True,,,,,,runs/experiment2_cross_site/site_c_edmonton/E2XC_F2_C2/seed20240610/B1
2,C,E2XC_F2_C2,20240610,B2,,281,True,True,True,,,,,,runs/experiment2_cross_site/site_c_edmonton/E2XC_F2_C2/seed20240610/B2
2,C,E2XC_F2_C2,20240610,B4b,,281,True,True,True,,,,,,runs/experiment2_cross_site/site_c_edmonton/E2XC_F2_C2/seed20240610/B4b
2,C,E2XC_F2_C2,20240611,B0,,310,True,False,False,,,,,,runs/experiment2_cross_site/site_c_edmonton/E2XC_F2_C2/seed20240611/B0
2,C,E2XC_F2_C2,20240611,B1,,281,True,True,True,,,,,,runs/experiment2_cross_site/site_c_edmonton/E2XC_F2_C2/seed20240611/B1
2,C,E2XC_F2_C2,20240611,B2,,281,True,True,True,,,,,,runs/experiment2_cross_site/site_c_edmonton/E2XC_F2_C2/seed20240611/B2
2,C,E2XC_F2_C2,20240611,B4b,,281,True,True,True,,,,,,runs/experiment2_cross_site/site_c_edmonton/E2XC_F2_C2/seed20240611/B4b
2,C,E2XC_F2_C2,20240612,B0,,310,True,False,False,,,,,,runs/experiment2_cross_site/site_c_edmonton/E2XC_F2_C2/seed20240612/B0
2,C,E2XC_F2_C2,20240612,B1,,281,True,True,True,,,,,,runs/experiment2_cross_site/site_c_edmonton/E2XC_F2_C2/seed20240612/B1
2,C,E2XC_F2_C2,20240612,B2,,281,True,True,True,,,,,,runs/experiment2_cross_site/site_c_edmonton/E2XC_F2_C2/seed20240612/B2
2,C,E2XC_F2_C2,20240612,B4b,,281,True,True,True,,,,,,runs/experiment2_cross_site/site_c_edmonton/E2XC_F2_C2/seed20240612/B4b
2,C,E2XC_F2_C2,20240613,B0,,310,True,False,False,,,,,,runs/experiment2_cross_site/site_c_edmonton/E2XC_F2_C2/seed20240613/B0
2,C,E2XC_F2_C2,20240613,B1,,281,True,True,True,,,,,,runs/experiment2_cross_site/site_c_edmonton/E2XC_F2_C2/seed20240613/B1
2,C,E2XC_F2_C2,20240613,B2,,281,True,True,True,,,,,,runs/experiment2_cross_site/site_c_edmonton/E2XC_F2_C2/seed20240613/B2
2,C,E2XC_F2_C2,20240613,B4b,,281,True,True,True,,,,,,runs/experiment2_cross_site/site_c_edmonton/E2XC_F2_C2/seed20240613/B4b
2,C,E2XC_F2_C2,20240614,B0,,310,True,False,False,,,,,,runs/experiment2_cross_site/site_c_edmonton/E2XC_F2_C2/seed20240614/B0
2,C,E2XC_F2_C2,20240614,B1,,281,True,True,True,,,,,,runs/experiment2_cross_site/site_c_edmonton/E2XC_F2_C2/seed20240614/B1
2,C,E2XC_F2_C2,20240614,B2,,281,True,True,True,,,,,,runs/experiment2_cross_site/site_c_edmonton/E2XC_F2_C2/seed20240614/B2
2,C,E2XC_F2_C2,20240614,B4b,,281,True,True,True,,,,,,runs/experiment2_cross_site/site_c_edmonton/E2XC_F2_C2/seed20240614/B4b
2,C,E2XC_F2_C2,20240615,B0,,310,True,False,False,,,,,,runs/experiment2_cross_site/site_c_edmonton/E2XC_F2_C2/seed20240615/B0
2,C,E2XC_F2_C2,20240615,B1,,281,True,True,True,,,,,,runs/experiment2_cross_site/site_c_edmonton/E2XC_F2_C2/seed20240615/B1
2,C,E2XC_F2_C2,20240615,B2,,281,True,True,True,,,,,,runs/experiment2_cross_site/site_c_edmonton/E2XC_F2_C2/seed20240615/B2
2,C,E2XC_F2_C2,20240615,B4b,,281,True,True,True,,,,,,runs/experiment2_cross_site/site_c_edmonton/E2XC_F2_C2/seed20240615/B4b
2,C,E2XC_F2_C2,20240616,B0,,310,True,False,False,,,,,,runs/experiment2_cross_site/site_c_edmonton/E2XC_F2_C2/seed20240616/B0
2,C,E2XC_F2_C2,20240616,B1,,281,True,True,True,,,,,,runs/experiment2_cross_site/site_c_edmonton/E2XC_F2_C2/seed20240616/B1
2,C,E2XC_F2_C2,20240616,B2,,281,True,True,True,,,,,,runs/experiment2_cross_site/site_c_edmonton/E2XC_F2_C2/seed20240616/B2
2,C,E2XC_F2_C2,20240616,B4b,,281,True,True,True,,,,,,runs/experiment2_cross_site/site_c_edmonton/E2XC_F2_C2/seed20240616/B4b
2,C,E2XC_F2_C2,20240617,B0,,310,True,False,False,,,,,,runs/experiment2_cross_site/site_c_edmonton/E2XC_F2_C2/seed20240617/B0
2,C,E2XC_F2_C2,20240617,B1,,281,True,True,True,,,,,,runs/experiment2_cross_site/site_c_edmonton/E2XC_F2_C2/seed20240617/B1
2,C,E2XC_F2_C2,20240617,B2,,281,True,True,True,,,,,,runs/experiment2_cross_site/site_c_edmonton/E2XC_F2_C2/seed20240617/B2
2,C,E2XC_F2_C2,20240617,B4b,,281,True,True,True,,,,,,runs/experiment2_cross_site/site_c_edmonton/E2XC_F2_C2/seed20240617/B4b
2,C,E2XC_F2_C2,20240618,B0,,310,True,False,False,,,,,,runs/experiment2_cross_site/site_c_edmonton/E2XC_F2_C2/seed20240618/B0
2,C,E2XC_F2_C2,20240618,B1,,281,True,True,True,,,,,,runs/experiment2_cross_site/site_c_edmonton/E2XC_F2_C2/seed20240618/B1
2,C,E2XC_F2_C2,20240618,B2,,281,True,True,True,,,,,,runs/experiment2_cross_site/site_c_edmonton/E2XC_F2_C2/seed20240618/B2
2,C,E2XC_F2_C2,20240618,B4b,,281,True,True,True,,,,,,runs/experiment2_cross_site/site_c_edmonton/E2XC_F2_C2/seed20240618/B4b
2,C,E2XC_F2_C2,20240619,B0,,310,True,False,False,,,,,,runs/experiment2_cross_site/site_c_edmonton/E2XC_F2_C2/seed20240619/B0
2,C,E2XC_F2_C2,20240619,B1,,281,True,True,True,,,,,,runs/experiment2_cross_site/site_c_edmonton/E2XC_F2_C2/seed20240619/B1
2,C,E2XC_F2_C2,20240619,B2,,281,True,True,True,,,,,,runs/experiment2_cross_site/site_c_edmonton/E2XC_F2_C2/seed20240619/B2
2,C,E2XC_F2_C2,20240619,B4b,,281,True,True,True,,,,,,runs/experiment2_cross_site/site_c_edmonton/E2XC_F2_C2/seed20240619/B4b
2,C,E2XC_F2_C2,20240620,B0,,310,True,False,False,,,,,,runs/experiment2_cross_site/site_c_edmonton/E2XC_F2_C2/seed20240620/B0
2,C,E2XC_F2_C2,20240620,B1,,281,True,True,True,,,,,,runs/experiment2_cross_site/site_c_edmonton/E2XC_F2_C2/seed20240620/B1
2,C,E2XC_F2_C2,20240620,B2,,281,True,True,True,,,,,,runs/experiment2_cross_site/site_c_edmonton/E2XC_F2_C2/seed20240620/B2
2,C,E2XC_F2_C2,20240620,B4b,,281,True,True,True,,,,,,runs/experiment2_cross_site/site_c_edmonton/E2XC_F2_C2/seed20240620/B4b
2,C,E2XC_F2_C3,20240601,B0,,310,True,False,False,,,,,,runs/experiment2_cross_site/site_c_edmonton/E2XC_F2_C3/seed20240601/B0
2,C,E2XC_F2_C3,20240601,B1,,393,True,True,True,,,,,,runs/experiment2_cross_site/site_c_edmonton/E2XC_F2_C3/seed20240601/B1
2,C,E2XC_F2_C3,20240601,B2,,393,True,True,True,,,,,,runs/experiment2_cross_site/site_c_edmonton/E2XC_F2_C3/seed20240601/B2
2,C,E2XC_F2_C3,20240601,B4b,,393,True,True,True,,,,,,runs/experiment2_cross_site/site_c_edmonton/E2XC_F2_C3/seed20240601/B4b
2,C,E2XC_F2_C3,20240602,B0,,310,True,False,False,,,,,,runs/experiment2_cross_site/site_c_edmonton/E2XC_F2_C3/seed20240602/B0
2,C,E2XC_F2_C3,20240602,B1,,393,True,True,True,,,,,,runs/experiment2_cross_site/site_c_edmonton/E2XC_F2_C3/seed20240602/B1
2,C,E2XC_F2_C3,20240602,B2,,393,True,True,True,,,,,,runs/experiment2_cross_site/site_c_edmonton/E2XC_F2_C3/seed20240602/B2
2,C,E2XC_F2_C3,20240602,B4b,,393,True,True,True,,,,,,runs/experiment2_cross_site/site_c_edmonton/E2XC_F2_C3/seed20240602/B4b
2,C,E2XC_F2_C3,20240603,B0,,310,True,False,False,,,,,,runs/experiment2_cross_site/site_c_edmonton/E2XC_F2_C3/seed20240603/B0
2,C,E2XC_F2_C3,20240603,B1,,393,True,True,True,,,,,,runs/experiment2_cross_site/site_c_edmonton/E2XC_F2_C3/seed20240603/B1
2,C,E2XC_F2_C3,20240603,B2,,393,True,True,True,,,,,,runs/experiment2_cross_site/site_c_edmonton/E2XC_F2_C3/seed20240603/B2
2,C,E2XC_F2_C3,20240603,B4b,,393,True,True,True,,,,,,runs/experiment2_cross_site/site_c_edmonton/E2XC_F2_C3/seed20240603/B4b
2,C,E2XC_F2_C3,20240604,B0,,310,True,False,False,,,,,,runs/experiment2_cross_site/site_c_edmonton/E2XC_F2_C3/seed20240604/B0
2,C,E2XC_F2_C3,20240604,B1,,393,True,True,True,,,,,,runs/experiment2_cross_site/site_c_edmonton/E2XC_F2_C3/seed20240604/B1
2,C,E2XC_F2_C3,20240604,B2,,393,True,True,True,,,,,,runs/experiment2_cross_site/site_c_edmonton/E2XC_F2_C3/seed20240604/B2
2,C,E2XC_F2_C3,20240604,B4b,,393,True,True,True,,,,,,runs/experiment2_cross_site/site_c_edmonton/E2XC_F2_C3/seed20240604/B4b
2,C,E2XC_F2_C3,20240605,B0,,310,True,False,False,,,,,,runs/experiment2_cross_site/site_c_edmonton/E2XC_F2_C3/seed20240605/B0
2,C,E2XC_F2_C3,20240605,B1,,393,True,True,True,,,,,,runs/experiment2_cross_site/site_c_edmonton/E2XC_F2_C3/seed20240605/B1
2,C,E2XC_F2_C3,20240605,B2,,393,True,True,True,,,,,,runs/experiment2_cross_site/site_c_edmonton/E2XC_F2_C3/seed20240605/B2
2,C,E2XC_F2_C3,20240605,B4b,,393,True,True,True,,,,,,runs/experiment2_cross_site/site_c_edmonton/E2XC_F2_C3/seed20240605/B4b
2,C,E2XC_F2_C3,20240606,B0,,310,True,False,False,,,,,,runs/experiment2_cross_site/site_c_edmonton/E2XC_F2_C3/seed20240606/B0
2,C,E2XC_F2_C3,20240606,B1,,393,True,True,True,,,,,,runs/experiment2_cross_site/site_c_edmonton/E2XC_F2_C3/seed20240606/B1
2,C,E2XC_F2_C3,20240606,B2,,393,True,True,True,,,,,,runs/experiment2_cross_site/site_c_edmonton/E2XC_F2_C3/seed20240606/B2
2,C,E2XC_F2_C3,20240606,B4b,,393,True,True,True,,,,,,runs/experiment2_cross_site/site_c_edmonton/E2XC_F2_C3/seed20240606/B4b
2,C,E2XC_F2_C3,20240607,B0,,310,True,False,False,,,,,,runs/experiment2_cross_site/site_c_edmonton/E2XC_F2_C3/seed20240607/B0
2,C,E2XC_F2_C3,20240607,B1,,393,True,True,True,,,,,,runs/experiment2_cross_site/site_c_edmonton/E2XC_F2_C3/seed20240607/B1
2,C,E2XC_F2_C3,20240607,B2,,393,True,True,True,,,,,,runs/experiment2_cross_site/site_c_edmonton/E2XC_F2_C3/seed20240607/B2
2,C,E2XC_F2_C3,20240607,B4b,,393,True,True,True,,,,,,runs/experiment2_cross_site/site_c_edmonton/E2XC_F2_C3/seed20240607/B4b
2,C,E2XC_F2_C3,20240608,B0,,310,True,False,False,,,,,,runs/experiment2_cross_site/site_c_edmonton/E2XC_F2_C3/seed20240608/B0
2,C,E2XC_F2_C3,20240608,B1,,393,True,True,True,,,,,,runs/experiment2_cross_site/site_c_edmonton/E2XC_F2_C3/seed20240608/B1
2,C,E2XC_F2_C3,20240608,B2,,393,True,True,True,,,,,,runs/experiment2_cross_site/site_c_edmonton/E2XC_F2_C3/seed20240608/B2
2,C,E2XC_F2_C3,20240608,B4b,,393,True,True,True,,,,,,runs/experiment2_cross_site/site_c_edmonton/E2XC_F2_C3/seed20240608/B4b
2,C,E2XC_F2_C3,20240609,B0,,310,True,False,False,,,,,,runs/experiment2_cross_site/site_c_edmonton/E2XC_F2_C3/seed20240609/B0
2,C,E2XC_F2_C3,20240609,B1,,393,True,True,True,,,,,,runs/experiment2_cross_site/site_c_edmonton/E2XC_F2_C3/seed20240609/B1
2,C,E2XC_F2_C3,20240609,B2,,393,True,True,True,,,,,,runs/experiment2_cross_site/site_c_edmonton/E2XC_F2_C3/seed20240609/B2
2,C,E2XC_F2_C3,20240609,B4b,,393,True,True,True,,,,,,runs/experiment2_cross_site/site_c_edmonton/E2XC_F2_C3/seed20240609/B4b
2,C,E2XC_F2_C3,20240610,B0,,310,True,False,False,,,,,,runs/experiment2_cross_site/site_c_edmonton/E2XC_F2_C3/seed20240610/B0
2,C,E2XC_F2_C3,20240610,B1,,393,True,True,True,,,,,,runs/experiment2_cross_site/site_c_edmonton/E2XC_F2_C3/seed20240610/B1
2,C,E2XC_F2_C3,20240610,B2,,393,True,True,True,,,,,,runs/experiment2_cross_site/site_c_edmonton/E2XC_F2_C3/seed20240610/B2
2,C,E2XC_F2_C3,20240610,B4b,,393,True,True,True,,,,,,runs/experiment2_cross_site/site_c_edmonton/E2XC_F2_C3/seed20240610/B4b
2,C,E2XC_F2_C3,20240611,B0,,310,True,False,False,,,,,,runs/experiment2_cross_site/site_c_edmonton/E2XC_F2_C3/seed20240611/B0
2,C,E2XC_F2_C3,20240611,B1,,393,True,True,True,,,,,,runs/experiment2_cross_site/site_c_edmonton/E2XC_F2_C3/seed20240611/B1
2,C,E2XC_F2_C3,20240611,B2,,393,True,True,True,,,,,,runs/experiment2_cross_site/site_c_edmonton/E2XC_F2_C3/seed20240611/B2
2,C,E2XC_F2_C3,20240611,B4b,,393,True,True,True,,,,,,runs/experiment2_cross_site/site_c_edmonton/E2XC_F2_C3/seed20240611/B4b
2,C,E2XC_F2_C3,20240612,B0,,310,True,False,False,,,,,,runs/experiment2_cross_site/site_c_edmonton/E2XC_F2_C3/seed20240612/B0
2,C,E2XC_F2_C3,20240612,B1,,393,True,True,True,,,,,,runs/experiment2_cross_site/site_c_edmonton/E2XC_F2_C3/seed20240612/B1
2,C,E2XC_F2_C3,20240612,B2,,393,True,True,True,,,,,,runs/experiment2_cross_site/site_c_edmonton/E2XC_F2_C3/seed20240612/B2
2,C,E2XC_F2_C3,20240612,B4b,,393,True,True,True,,,,,,runs/experiment2_cross_site/site_c_edmonton/E2XC_F2_C3/seed20240612/B4b
2,C,E2XC_F2_C3,20240613,B0,,310,True,False,False,,,,,,runs/experiment2_cross_site/site_c_edmonton/E2XC_F2_C3/seed20240613/B0
2,C,E2XC_F2_C3,20240613,B1,,393,True,True,True,,,,,,runs/experiment2_cross_site/site_c_edmonton/E2XC_F2_C3/seed20240613/B1
2,C,E2XC_F2_C3,20240613,B2,,393,True,True,True,,,,,,runs/experiment2_cross_site/site_c_edmonton/E2XC_F2_C3/seed20240613/B2
2,C,E2XC_F2_C3,20240613,B4b,,393,True,True,True,,,,,,runs/experiment2_cross_site/site_c_edmonton/E2XC_F2_C3/seed20240613/B4b
2,C,E2XC_F2_C3,20240614,B0,,310,True,False,False,,,,,,runs/experiment2_cross_site/site_c_edmonton/E2XC_F2_C3/seed20240614/B0
2,C,E2XC_F2_C3,20240614,B1,,393,True,True,True,,,,,,runs/experiment2_cross_site/site_c_edmonton/E2XC_F2_C3/seed20240614/B1
2,C,E2XC_F2_C3,20240614,B2,,393,True,True,True,,,,,,runs/experiment2_cross_site/site_c_edmonton/E2XC_F2_C3/seed20240614/B2
2,C,E2XC_F2_C3,20240614,B4b,,393,True,True,True,,,,,,runs/experiment2_cross_site/site_c_edmonton/E2XC_F2_C3/seed20240614/B4b
2,C,E2XC_F2_C3,20240615,B0,,310,True,False,False,,,,,,runs/experiment2_cross_site/site_c_edmonton/E2XC_F2_C3/seed20240615/B0
2,C,E2XC_F2_C3,20240615,B1,,393,True,True,True,,,,,,runs/experiment2_cross_site/site_c_edmonton/E2XC_F2_C3/seed20240615/B1
2,C,E2XC_F2_C3,20240615,B2,,393,True,True,True,,,,,,runs/experiment2_cross_site/site_c_edmonton/E2XC_F2_C3/seed20240615/B2
2,C,E2XC_F2_C3,20240615,B4b,,400,True,True,True,,,,,,runs/experiment2_cross_site/site_c_edmonton/E2XC_F2_C3/seed20240615/B4b
2,C,E2XC_F2_C3,20240616,B0,,310,True,False,False,,,,,,runs/experiment2_cross_site/site_c_edmonton/E2XC_F2_C3/seed20240616/B0
2,C,E2XC_F2_C3,20240616,B1,,393,True,True,True,,,,,,runs/experiment2_cross_site/site_c_edmonton/E2XC_F2_C3/seed20240616/B1
2,C,E2XC_F2_C3,20240616,B2,,393,True,True,True,,,,,,runs/experiment2_cross_site/site_c_edmonton/E2XC_F2_C3/seed20240616/B2
2,C,E2XC_F2_C3,20240616,B4b,,393,True,True,True,,,,,,runs/experiment2_cross_site/site_c_edmonton/E2XC_F2_C3/seed20240616/B4b
2,C,E2XC_F2_C3,20240617,B0,,310,True,False,False,,,,,,runs/experiment2_cross_site/site_c_edmonton/E2XC_F2_C3/seed20240617/B0
2,C,E2XC_F2_C3,20240617,B1,,393,True,True,True,,,,,,runs/experiment2_cross_site/site_c_edmonton/E2XC_F2_C3/seed20240617/B1
2,C,E2XC_F2_C3,20240617,B2,,393,True,True,True,,,,,,runs/experiment2_cross_site/site_c_edmonton/E2XC_F2_C3/seed20240617/B2
2,C,E2XC_F2_C3,20240617,B4b,,393,True,True,True,,,,,,runs/experiment2_cross_site/site_c_edmonton/E2XC_F2_C3/seed20240617/B4b
2,C,E2XC_F2_C3,20240618,B0,,310,True,False,False,,,,,,runs/experiment2_cross_site/site_c_edmonton/E2XC_F2_C3/seed20240618/B0
2,C,E2XC_F2_C3,20240618,B1,,393,True,True,True,,,,,,runs/experiment2_cross_site/site_c_edmonton/E2XC_F2_C3/seed20240618/B1
2,C,E2XC_F2_C3,20240618,B2,,393,True,True,True,,,,,,runs/experiment2_cross_site/site_c_edmonton/E2XC_F2_C3/seed20240618/B2
2,C,E2XC_F2_C3,20240618,B4b,,393,True,True,True,,,,,,runs/experiment2_cross_site/site_c_edmonton/E2XC_F2_C3/seed20240618/B4b
2,C,E2XC_F2_C3,20240619,B0,,310,True,False,False,,,,,,runs/experiment2_cross_site/site_c_edmonton/E2XC_F2_C3/seed20240619/B0
2,C,E2XC_F2_C3,20240619,B1,,393,True,True,True,,,,,,runs/experiment2_cross_site/site_c_edmonton/E2XC_F2_C3/seed20240619/B1
2,C,E2XC_F2_C3,20240619,B2,,393,True,True,True,,,,,,runs/experiment2_cross_site/site_c_edmonton/E2XC_F2_C3/seed20240619/B2
2,C,E2XC_F2_C3,20240619,B4b,,393,True,True,True,,,,,,runs/experiment2_cross_site/site_c_edmonton/E2XC_F2_C3/seed20240619/B4b
2,C,E2XC_F2_C3,20240620,B0,,310,True,False,False,,,,,,runs/experiment2_cross_site/site_c_edmonton/E2XC_F2_C3/seed20240620/B0
2,C,E2XC_F2_C3,20240620,B1,,393,True,True,True,,,,,,runs/experiment2_cross_site/site_c_edmonton/E2XC_F2_C3/seed20240620/B1
2,C,E2XC_F2_C3,20240620,B2,,393,True,True,True,,,,,,runs/experiment2_cross_site/site_c_edmonton/E2XC_F2_C3/seed20240620/B2
2,C,E2XC_F2_C3,20240620,B4b,,393,True,True,True,,,,,,runs/experiment2_cross_site/site_c_edmonton/E2XC_F2_C3/seed20240620/B4b
2,C,E2XC_F3_C1,20240601,B0,,310,True,False,False,,,,,,runs/experiment2_cross_site/site_c_edmonton/E2XC_F3_C1/seed20240601/B0
2,C,E2XC_F3_C1,20240601,B1,,161,False,False,False,,,,,,runs/experiment2_cross_site/site_c_edmonton/E2XC_F3_C1/seed20240601/B1
2,C,E2XC_F3_C1,20240601,B2,,161,False,False,False,,,,,,runs/experiment2_cross_site/site_c_edmonton/E2XC_F3_C1/seed20240601/B2
2,C,E2XC_F3_C1,20240601,B4b,,161,False,False,False,,,,,,runs/experiment2_cross_site/site_c_edmonton/E2XC_F3_C1/seed20240601/B4b
2,C,E2XC_F3_C1,20240602,B0,,310,True,False,False,,,,,,runs/experiment2_cross_site/site_c_edmonton/E2XC_F3_C1/seed20240602/B0
2,C,E2XC_F3_C1,20240602,B1,,161,False,False,False,,,,,,runs/experiment2_cross_site/site_c_edmonton/E2XC_F3_C1/seed20240602/B1
2,C,E2XC_F3_C1,20240602,B2,,161,False,False,False,,,,,,runs/experiment2_cross_site/site_c_edmonton/E2XC_F3_C1/seed20240602/B2
2,C,E2XC_F3_C1,20240602,B4b,,161,False,False,False,,,,,,runs/experiment2_cross_site/site_c_edmonton/E2XC_F3_C1/seed20240602/B4b
2,C,E2XC_F3_C1,20240603,B0,,310,True,False,False,,,,,,runs/experiment2_cross_site/site_c_edmonton/E2XC_F3_C1/seed20240603/B0
2,C,E2XC_F3_C1,20240603,B1,,161,False,False,False,,,,,,runs/experiment2_cross_site/site_c_edmonton/E2XC_F3_C1/seed20240603/B1
2,C,E2XC_F3_C1,20240603,B2,,161,False,False,False,,,,,,runs/experiment2_cross_site/site_c_edmonton/E2XC_F3_C1/seed20240603/B2
2,C,E2XC_F3_C1,20240603,B4b,,161,False,False,False,,,,,,runs/experiment2_cross_site/site_c_edmonton/E2XC_F3_C1/seed20240603/B4b
2,C,E2XC_F3_C1,20240604,B0,,310,True,False,False,,,,,,runs/experiment2_cross_site/site_c_edmonton/E2XC_F3_C1/seed20240604/B0
2,C,E2XC_F3_C1,20240604,B1,,161,False,False,False,,,,,,runs/experiment2_cross_site/site_c_edmonton/E2XC_F3_C1/seed20240604/B1
2,C,E2XC_F3_C1,20240604,B2,,161,False,False,False,,,,,,runs/experiment2_cross_site/site_c_edmonton/E2XC_F3_C1/seed20240604/B2
2,C,E2XC_F3_C1,20240604,B4b,,161,False,False,False,,,,,,runs/experiment2_cross_site/site_c_edmonton/E2XC_F3_C1/seed20240604/B4b
2,C,E2XC_F3_C1,20240605,B0,,310,True,False,False,,,,,,runs/experiment2_cross_site/site_c_edmonton/E2XC_F3_C1/seed20240605/B0
2,C,E2XC_F3_C1,20240605,B1,,161,False,False,False,,,,,,runs/experiment2_cross_site/site_c_edmonton/E2XC_F3_C1/seed20240605/B1
2,C,E2XC_F3_C1,20240605,B2,,161,False,False,False,,,,,,runs/experiment2_cross_site/site_c_edmonton/E2XC_F3_C1/seed20240605/B2
2,C,E2XC_F3_C1,20240605,B4b,,161,False,False,False,,,,,,runs/experiment2_cross_site/site_c_edmonton/E2XC_F3_C1/seed20240605/B4b
2,C,E2XC_F3_C1,20240606,B0,,310,True,False,False,,,,,,runs/experiment2_cross_site/site_c_edmonton/E2XC_F3_C1/seed20240606/B0
2,C,E2XC_F3_C1,20240606,B1,,161,False,False,False,,,,,,runs/experiment2_cross_site/site_c_edmonton/E2XC_F3_C1/seed20240606/B1
2,C,E2XC_F3_C1,20240606,B2,,161,False,False,False,,,,,,runs/experiment2_cross_site/site_c_edmonton/E2XC_F3_C1/seed20240606/B2
2,C,E2XC_F3_C1,20240606,B4b,,161,False,False,False,,,,,,runs/experiment2_cross_site/site_c_edmonton/E2XC_F3_C1/seed20240606/B4b
2,C,E2XC_F3_C1,20240607,B0,,310,True,False,False,,,,,,runs/experiment2_cross_site/site_c_edmonton/E2XC_F3_C1/seed20240607/B0
2,C,E2XC_F3_C1,20240607,B1,,161,False,False,False,,,,,,runs/experiment2_cross_site/site_c_edmonton/E2XC_F3_C1/seed20240607/B1
2,C,E2XC_F3_C1,20240607,B2,,161,False,False,False,,,,,,runs/experiment2_cross_site/site_c_edmonton/E2XC_F3_C1/seed20240607/B2
2,C,E2XC_F3_C1,20240607,B4b,,161,False,False,False,,,,,,runs/experiment2_cross_site/site_c_edmonton/E2XC_F3_C1/seed20240607/B4b
2,C,E2XC_F3_C1,20240608,B0,,310,True,False,False,,,,,,runs/experiment2_cross_site/site_c_edmonton/E2XC_F3_C1/seed20240608/B0
2,C,E2XC_F3_C1,20240608,B1,,161,False,False,False,,,,,,runs/experiment2_cross_site/site_c_edmonton/E2XC_F3_C1/seed20240608/B1
2,C,E2XC_F3_C1,20240608,B2,,161,False,False,False,,,,,,runs/experiment2_cross_site/site_c_edmonton/E2XC_F3_C1/seed20240608/B2
2,C,E2XC_F3_C1,20240608,B4b,,161,False,False,False,,,,,,runs/experiment2_cross_site/site_c_edmonton/E2XC_F3_C1/seed20240608/B4b
2,C,E2XC_F3_C1,20240609,B0,,310,True,False,False,,,,,,runs/experiment2_cross_site/site_c_edmonton/E2XC_F3_C1/seed20240609/B0
2,C,E2XC_F3_C1,20240609,B1,,161,False,False,False,,,,,,runs/experiment2_cross_site/site_c_edmonton/E2XC_F3_C1/seed20240609/B1
2,C,E2XC_F3_C1,20240609,B2,,161,False,False,False,,,,,,runs/experiment2_cross_site/site_c_edmonton/E2XC_F3_C1/seed20240609/B2
2,C,E2XC_F3_C1,20240609,B4b,,161,False,False,False,,,,,,runs/experiment2_cross_site/site_c_edmonton/E2XC_F3_C1/seed20240609/B4b
2,C,E2XC_F3_C1,20240610,B0,,310,True,False,False,,,,,,runs/experiment2_cross_site/site_c_edmonton/E2XC_F3_C1/seed20240610/B0
2,C,E2XC_F3_C1,20240610,B1,,161,False,False,False,,,,,,runs/experiment2_cross_site/site_c_edmonton/E2XC_F3_C1/seed20240610/B1
2,C,E2XC_F3_C1,20240610,B2,,161,False,False,False,,,,,,runs/experiment2_cross_site/site_c_edmonton/E2XC_F3_C1/seed20240610/B2
2,C,E2XC_F3_C1,20240610,B4b,,161,False,False,False,,,,,,runs/experiment2_cross_site/site_c_edmonton/E2XC_F3_C1/seed20240610/B4b
2,C,E2XC_F3_C1,20240611,B0,,310,True,False,False,,,,,,runs/experiment2_cross_site/site_c_edmonton/E2XC_F3_C1/seed20240611/B0
2,C,E2XC_F3_C1,20240611,B1,,161,False,False,False,,,,,,runs/experiment2_cross_site/site_c_edmonton/E2XC_F3_C1/seed20240611/B1
2,C,E2XC_F3_C1,20240611,B2,,161,False,False,False,,,,,,runs/experiment2_cross_site/site_c_edmonton/E2XC_F3_C1/seed20240611/B2
2,C,E2XC_F3_C1,20240611,B4b,,161,False,False,False,,,,,,runs/experiment2_cross_site/site_c_edmonton/E2XC_F3_C1/seed20240611/B4b
2,C,E2XC_F3_C1,20240612,B0,,310,True,False,False,,,,,,runs/experiment2_cross_site/site_c_edmonton/E2XC_F3_C1/seed20240612/B0
2,C,E2XC_F3_C1,20240612,B1,,161,False,False,False,,,,,,runs/experiment2_cross_site/site_c_edmonton/E2XC_F3_C1/seed20240612/B1
2,C,E2XC_F3_C1,20240612,B2,,161,False,False,False,,,,,,runs/experiment2_cross_site/site_c_edmonton/E2XC_F3_C1/seed20240612/B2
2,C,E2XC_F3_C1,20240612,B4b,,161,False,False,False,,,,,,runs/experiment2_cross_site/site_c_edmonton/E2XC_F3_C1/seed20240612/B4b
2,C,E2XC_F3_C1,20240613,B0,,310,True,False,False,,,,,,runs/experiment2_cross_site/site_c_edmonton/E2XC_F3_C1/seed20240613/B0
2,C,E2XC_F3_C1,20240613,B1,,161,False,False,False,,,,,,runs/experiment2_cross_site/site_c_edmonton/E2XC_F3_C1/seed20240613/B1
2,C,E2XC_F3_C1,20240613,B2,,161,False,False,False,,,,,,runs/experiment2_cross_site/site_c_edmonton/E2XC_F3_C1/seed20240613/B2
2,C,E2XC_F3_C1,20240613,B4b,,161,False,False,False,,,,,,runs/experiment2_cross_site/site_c_edmonton/E2XC_F3_C1/seed20240613/B4b
2,C,E2XC_F3_C1,20240614,B0,,310,True,False,False,,,,,,runs/experiment2_cross_site/site_c_edmonton/E2XC_F3_C1/seed20240614/B0
2,C,E2XC_F3_C1,20240614,B1,,161,False,False,False,,,,,,runs/experiment2_cross_site/site_c_edmonton/E2XC_F3_C1/seed20240614/B1
2,C,E2XC_F3_C1,20240614,B2,,161,False,False,False,,,,,,runs/experiment2_cross_site/site_c_edmonton/E2XC_F3_C1/seed20240614/B2
2,C,E2XC_F3_C1,20240614,B4b,,161,False,False,False,,,,,,runs/experiment2_cross_site/site_c_edmonton/E2XC_F3_C1/seed20240614/B4b
2,C,E2XC_F3_C1,20240615,B0,,310,True,False,False,,,,,,runs/experiment2_cross_site/site_c_edmonton/E2XC_F3_C1/seed20240615/B0
2,C,E2XC_F3_C1,20240615,B1,,161,False,False,False,,,,,,runs/experiment2_cross_site/site_c_edmonton/E2XC_F3_C1/seed20240615/B1
2,C,E2XC_F3_C1,20240615,B2,,161,False,False,False,,,,,,runs/experiment2_cross_site/site_c_edmonton/E2XC_F3_C1/seed20240615/B2
2,C,E2XC_F3_C1,20240615,B4b,,161,False,False,False,,,,,,runs/experiment2_cross_site/site_c_edmonton/E2XC_F3_C1/seed20240615/B4b
2,C,E2XC_F3_C1,20240616,B0,,310,True,False,False,,,,,,runs/experiment2_cross_site/site_c_edmonton/E2XC_F3_C1/seed20240616/B0
2,C,E2XC_F3_C1,20240616,B1,,161,False,False,False,,,,,,runs/experiment2_cross_site/site_c_edmonton/E2XC_F3_C1/seed20240616/B1
2,C,E2XC_F3_C1,20240616,B2,,161,False,False,False,,,,,,runs/experiment2_cross_site/site_c_edmonton/E2XC_F3_C1/seed20240616/B2
2,C,E2XC_F3_C1,20240616,B4b,,161,False,False,False,,,,,,runs/experiment2_cross_site/site_c_edmonton/E2XC_F3_C1/seed20240616/B4b
2,C,E2XC_F3_C1,20240617,B0,,310,True,False,False,,,,,,runs/experiment2_cross_site/site_c_edmonton/E2XC_F3_C1/seed20240617/B0
2,C,E2XC_F3_C1,20240617,B1,,161,False,False,False,,,,,,runs/experiment2_cross_site/site_c_edmonton/E2XC_F3_C1/seed20240617/B1
2,C,E2XC_F3_C1,20240617,B2,,161,False,False,False,,,,,,runs/experiment2_cross_site/site_c_edmonton/E2XC_F3_C1/seed20240617/B2
2,C,E2XC_F3_C1,20240617,B4b,,161,False,False,False,,,,,,runs/experiment2_cross_site/site_c_edmonton/E2XC_F3_C1/seed20240617/B4b
2,C,E2XC_F3_C1,20240618,B0,,310,True,False,False,,,,,,runs/experiment2_cross_site/site_c_edmonton/E2XC_F3_C1/seed20240618/B0
2,C,E2XC_F3_C1,20240618,B1,,161,False,False,False,,,,,,runs/experiment2_cross_site/site_c_edmonton/E2XC_F3_C1/seed20240618/B1
2,C,E2XC_F3_C1,20240618,B2,,161,False,False,False,,,,,,runs/experiment2_cross_site/site_c_edmonton/E2XC_F3_C1/seed20240618/B2
2,C,E2XC_F3_C1,20240618,B4b,,161,False,False,False,,,,,,runs/experiment2_cross_site/site_c_edmonton/E2XC_F3_C1/seed20240618/B4b
2,C,E2XC_F3_C1,20240619,B0,,310,True,False,False,,,,,,runs/experiment2_cross_site/site_c_edmonton/E2XC_F3_C1/seed20240619/B0
2,C,E2XC_F3_C1,20240619,B1,,161,False,False,False,,,,,,runs/experiment2_cross_site/site_c_edmonton/E2XC_F3_C1/seed20240619/B1
2,C,E2XC_F3_C1,20240619,B2,,161,False,False,False,,,,,,runs/experiment2_cross_site/site_c_edmonton/E2XC_F3_C1/seed20240619/B2
2,C,E2XC_F3_C1,20240619,B4b,,161,False,False,False,,,,,,runs/experiment2_cross_site/site_c_edmonton/E2XC_F3_C1/seed20240619/B4b
2,C,E2XC_F3_C1,20240620,B0,,310,True,False,False,,,,,,runs/experiment2_cross_site/site_c_edmonton/E2XC_F3_C1/seed20240620/B0
2,C,E2XC_F3_C1,20240620,B1,,161,False,False,False,,,,,,runs/experiment2_cross_site/site_c_edmonton/E2XC_F3_C1/seed20240620/B1
2,C,E2XC_F3_C1,20240620,B2,,161,False,False,False,,,,,,runs/experiment2_cross_site/site_c_edmonton/E2XC_F3_C1/seed20240620/B2
2,C,E2XC_F3_C1,20240620,B4b,,161,False,False,False,,,,,,runs/experiment2_cross_site/site_c_edmonton/E2XC_F3_C1/seed20240620/B4b
2,C,E2XC_F3_C3,20240601,B0,,310,True,False,False,,,,,,runs/experiment2_cross_site/site_c_edmonton/E2XC_F3_C3/seed20240601/B0
2,C,E2XC_F3_C3,20240601,B1,,393,True,True,True,,,,,,runs/experiment2_cross_site/site_c_edmonton/E2XC_F3_C3/seed20240601/B1
2,C,E2XC_F3_C3,20240601,B2,,393,True,True,True,,,,,,runs/experiment2_cross_site/site_c_edmonton/E2XC_F3_C3/seed20240601/B2
2,C,E2XC_F3_C3,20240601,B4b,,393,True,True,True,,,,,,runs/experiment2_cross_site/site_c_edmonton/E2XC_F3_C3/seed20240601/B4b
2,C,E2XC_F3_C3,20240602,B0,,310,True,False,False,,,,,,runs/experiment2_cross_site/site_c_edmonton/E2XC_F3_C3/seed20240602/B0
2,C,E2XC_F3_C3,20240602,B1,,393,True,True,True,,,,,,runs/experiment2_cross_site/site_c_edmonton/E2XC_F3_C3/seed20240602/B1
2,C,E2XC_F3_C3,20240602,B2,,393,True,True,True,,,,,,runs/experiment2_cross_site/site_c_edmonton/E2XC_F3_C3/seed20240602/B2
2,C,E2XC_F3_C3,20240602,B4b,,393,True,True,True,,,,,,runs/experiment2_cross_site/site_c_edmonton/E2XC_F3_C3/seed20240602/B4b
2,C,E2XC_F3_C3,20240603,B0,,310,True,False,False,,,,,,runs/experiment2_cross_site/site_c_edmonton/E2XC_F3_C3/seed20240603/B0
2,C,E2XC_F3_C3,20240603,B1,,393,True,True,True,,,,,,runs/experiment2_cross_site/site_c_edmonton/E2XC_F3_C3/seed20240603/B1
2,C,E2XC_F3_C3,20240603,B2,,393,True,True,True,,,,,,runs/experiment2_cross_site/site_c_edmonton/E2XC_F3_C3/seed20240603/B2
2,C,E2XC_F3_C3,20240603,B4b,,393,True,True,True,,,,,,runs/experiment2_cross_site/site_c_edmonton/E2XC_F3_C3/seed20240603/B4b
2,C,E2XC_F3_C3,20240604,B0,,310,True,False,False,,,,,,runs/experiment2_cross_site/site_c_edmonton/E2XC_F3_C3/seed20240604/B0
2,C,E2XC_F3_C3,20240604,B1,,393,True,True,True,,,,,,runs/experiment2_cross_site/site_c_edmonton/E2XC_F3_C3/seed20240604/B1
2,C,E2XC_F3_C3,20240604,B2,,393,True,True,True,,,,,,runs/experiment2_cross_site/site_c_edmonton/E2XC_F3_C3/seed20240604/B2
2,C,E2XC_F3_C3,20240604,B4b,,393,True,True,True,,,,,,runs/experiment2_cross_site/site_c_edmonton/E2XC_F3_C3/seed20240604/B4b
2,C,E2XC_F3_C3,20240605,B0,,310,True,False,False,,,,,,runs/experiment2_cross_site/site_c_edmonton/E2XC_F3_C3/seed20240605/B0
2,C,E2XC_F3_C3,20240605,B1,,393,True,True,True,,,,,,runs/experiment2_cross_site/site_c_edmonton/E2XC_F3_C3/seed20240605/B1
2,C,E2XC_F3_C3,20240605,B2,,393,True,True,True,,,,,,runs/experiment2_cross_site/site_c_edmonton/E2XC_F3_C3/seed20240605/B2
2,C,E2XC_F3_C3,20240605,B4b,,393,True,True,True,,,,,,runs/experiment2_cross_site/site_c_edmonton/E2XC_F3_C3/seed20240605/B4b
2,C,E2XC_F3_C3,20240606,B0,,310,True,False,False,,,,,,runs/experiment2_cross_site/site_c_edmonton/E2XC_F3_C3/seed20240606/B0
2,C,E2XC_F3_C3,20240606,B1,,393,True,True,True,,,,,,runs/experiment2_cross_site/site_c_edmonton/E2XC_F3_C3/seed20240606/B1
2,C,E2XC_F3_C3,20240606,B2,,393,True,True,True,,,,,,runs/experiment2_cross_site/site_c_edmonton/E2XC_F3_C3/seed20240606/B2
2,C,E2XC_F3_C3,20240606,B4b,,393,True,True,True,,,,,,runs/experiment2_cross_site/site_c_edmonton/E2XC_F3_C3/seed20240606/B4b
2,C,E2XC_F3_C3,20240607,B0,,310,True,False,False,,,,,,runs/experiment2_cross_site/site_c_edmonton/E2XC_F3_C3/seed20240607/B0
2,C,E2XC_F3_C3,20240607,B1,,393,True,True,True,,,,,,runs/experiment2_cross_site/site_c_edmonton/E2XC_F3_C3/seed20240607/B1
2,C,E2XC_F3_C3,20240607,B2,,393,True,True,True,,,,,,runs/experiment2_cross_site/site_c_edmonton/E2XC_F3_C3/seed20240607/B2
2,C,E2XC_F3_C3,20240607,B4b,,393,True,True,True,,,,,,runs/experiment2_cross_site/site_c_edmonton/E2XC_F3_C3/seed20240607/B4b
2,C,E2XC_F3_C3,20240608,B0,,310,True,False,False,,,,,,runs/experiment2_cross_site/site_c_edmonton/E2XC_F3_C3/seed20240608/B0
2,C,E2XC_F3_C3,20240608,B1,,393,True,True,True,,,,,,runs/experiment2_cross_site/site_c_edmonton/E2XC_F3_C3/seed20240608/B1
2,C,E2XC_F3_C3,20240608,B2,,393,True,True,True,,,,,,runs/experiment2_cross_site/site_c_edmonton/E2XC_F3_C3/seed20240608/B2
2,C,E2XC_F3_C3,20240608,B4b,,393,True,True,True,,,,,,runs/experiment2_cross_site/site_c_edmonton/E2XC_F3_C3/seed20240608/B4b
2,C,E2XC_F3_C3,20240609,B0,,310,True,False,False,,,,,,runs/experiment2_cross_site/site_c_edmonton/E2XC_F3_C3/seed20240609/B0
2,C,E2XC_F3_C3,20240609,B1,,393,True,True,True,,,,,,runs/experiment2_cross_site/site_c_edmonton/E2XC_F3_C3/seed20240609/B1
2,C,E2XC_F3_C3,20240609,B2,,393,True,True,True,,,,,,runs/experiment2_cross_site/site_c_edmonton/E2XC_F3_C3/seed20240609/B2
2,C,E2XC_F3_C3,20240609,B4b,,393,True,True,True,,,,,,runs/experiment2_cross_site/site_c_edmonton/E2XC_F3_C3/seed20240609/B4b
2,C,E2XC_F3_C3,20240610,B0,,310,True,False,False,,,,,,runs/experiment2_cross_site/site_c_edmonton/E2XC_F3_C3/seed20240610/B0
2,C,E2XC_F3_C3,20240610,B1,,393,True,True,True,,,,,,runs/experiment2_cross_site/site_c_edmonton/E2XC_F3_C3/seed20240610/B1
2,C,E2XC_F3_C3,20240610,B2,,393,True,True,True,,,,,,runs/experiment2_cross_site/site_c_edmonton/E2XC_F3_C3/seed20240610/B2
2,C,E2XC_F3_C3,20240610,B4b,,393,True,True,True,,,,,,runs/experiment2_cross_site/site_c_edmonton/E2XC_F3_C3/seed20240610/B4b
2,C,E2XC_F3_C3,20240611,B0,,310,True,False,False,,,,,,runs/experiment2_cross_site/site_c_edmonton/E2XC_F3_C3/seed20240611/B0
2,C,E2XC_F3_C3,20240611,B1,,393,True,True,True,,,,,,runs/experiment2_cross_site/site_c_edmonton/E2XC_F3_C3/seed20240611/B1
2,C,E2XC_F3_C3,20240611,B2,,393,True,True,True,,,,,,runs/experiment2_cross_site/site_c_edmonton/E2XC_F3_C3/seed20240611/B2
2,C,E2XC_F3_C3,20240611,B4b,,393,True,True,True,,,,,,runs/experiment2_cross_site/site_c_edmonton/E2XC_F3_C3/seed20240611/B4b
2,C,E2XC_F3_C3,20240612,B0,,310,True,False,False,,,,,,runs/experiment2_cross_site/site_c_edmonton/E2XC_F3_C3/seed20240612/B0
2,C,E2XC_F3_C3,20240612,B1,,393,True,True,True,,,,,,runs/experiment2_cross_site/site_c_edmonton/E2XC_F3_C3/seed20240612/B1
2,C,E2XC_F3_C3,20240612,B2,,393,True,True,True,,,,,,runs/experiment2_cross_site/site_c_edmonton/E2XC_F3_C3/seed20240612/B2
2,C,E2XC_F3_C3,20240612,B4b,,393,True,True,True,,,,,,runs/experiment2_cross_site/site_c_edmonton/E2XC_F3_C3/seed20240612/B4b
2,C,E2XC_F3_C3,20240613,B0,,310,True,False,False,,,,,,runs/experiment2_cross_site/site_c_edmonton/E2XC_F3_C3/seed20240613/B0
2,C,E2XC_F3_C3,20240613,B1,,393,True,True,True,,,,,,runs/experiment2_cross_site/site_c_edmonton/E2XC_F3_C3/seed20240613/B1
2,C,E2XC_F3_C3,20240613,B2,,393,True,True,True,,,,,,runs/experiment2_cross_site/site_c_edmonton/E2XC_F3_C3/seed20240613/B2
2,C,E2XC_F3_C3,20240613,B4b,,393,True,True,True,,,,,,runs/experiment2_cross_site/site_c_edmonton/E2XC_F3_C3/seed20240613/B4b
2,C,E2XC_F3_C3,20240614,B0,,310,True,False,False,,,,,,runs/experiment2_cross_site/site_c_edmonton/E2XC_F3_C3/seed20240614/B0
2,C,E2XC_F3_C3,20240614,B1,,393,True,True,True,,,,,,runs/experiment2_cross_site/site_c_edmonton/E2XC_F3_C3/seed20240614/B1
2,C,E2XC_F3_C3,20240614,B2,,393,True,True,True,,,,,,runs/experiment2_cross_site/site_c_edmonton/E2XC_F3_C3/seed20240614/B2
2,C,E2XC_F3_C3,20240614,B4b,,393,True,True,True,,,,,,runs/experiment2_cross_site/site_c_edmonton/E2XC_F3_C3/seed20240614/B4b
2,C,E2XC_F3_C3,20240615,B0,,310,True,False,False,,,,,,runs/experiment2_cross_site/site_c_edmonton/E2XC_F3_C3/seed20240615/B0
2,C,E2XC_F3_C3,20240615,B1,,393,True,True,True,,,,,,runs/experiment2_cross_site/site_c_edmonton/E2XC_F3_C3/seed20240615/B1
2,C,E2XC_F3_C3,20240615,B2,,393,True,True,True,,,,,,runs/experiment2_cross_site/site_c_edmonton/E2XC_F3_C3/seed20240615/B2
2,C,E2XC_F3_C3,20240615,B4b,,393,True,True,True,,,,,,runs/experiment2_cross_site/site_c_edmonton/E2XC_F3_C3/seed20240615/B4b
2,C,E2XC_F3_C3,20240616,B0,,310,True,False,False,,,,,,runs/experiment2_cross_site/site_c_edmonton/E2XC_F3_C3/seed20240616/B0
2,C,E2XC_F3_C3,20240616,B1,,393,True,True,True,,,,,,runs/experiment2_cross_site/site_c_edmonton/E2XC_F3_C3/seed20240616/B1
2,C,E2XC_F3_C3,20240616,B2,,393,True,True,True,,,,,,runs/experiment2_cross_site/site_c_edmonton/E2XC_F3_C3/seed20240616/B2
2,C,E2XC_F3_C3,20240616,B4b,,393,True,True,True,,,,,,runs/experiment2_cross_site/site_c_edmonton/E2XC_F3_C3/seed20240616/B4b
2,C,E2XC_F3_C3,20240617,B0,,310,True,False,False,,,,,,runs/experiment2_cross_site/site_c_edmonton/E2XC_F3_C3/seed20240617/B0
2,C,E2XC_F3_C3,20240617,B1,,393,True,True,True,,,,,,runs/experiment2_cross_site/site_c_edmonton/E2XC_F3_C3/seed20240617/B1
2,C,E2XC_F3_C3,20240617,B2,,393,True,True,True,,,,,,runs/experiment2_cross_site/site_c_edmonton/E2XC_F3_C3/seed20240617/B2
2,C,E2XC_F3_C3,20240617,B4b,,393,True,True,True,,,,,,runs/experiment2_cross_site/site_c_edmonton/E2XC_F3_C3/seed20240617/B4b
2,C,E2XC_F3_C3,20240618,B0,,310,True,False,False,,,,,,runs/experiment2_cross_site/site_c_edmonton/E2XC_F3_C3/seed20240618/B0
2,C,E2XC_F3_C3,20240618,B1,,393,True,True,True,,,,,,runs/experiment2_cross_site/site_c_edmonton/E2XC_F3_C3/seed20240618/B1
2,C,E2XC_F3_C3,20240618,B2,,393,True,True,True,,,,,,runs/experiment2_cross_site/site_c_edmonton/E2XC_F3_C3/seed20240618/B2
2,C,E2XC_F3_C3,20240618,B4b,,393,True,True,True,,,,,,runs/experiment2_cross_site/site_c_edmonton/E2XC_F3_C3/seed20240618/B4b
2,C,E2XC_F3_C3,20240619,B0,,310,True,False,False,,,,,,runs/experiment2_cross_site/site_c_edmonton/E2XC_F3_C3/seed20240619/B0
2,C,E2XC_F3_C3,20240619,B1,,393,True,True,True,,,,,,runs/experiment2_cross_site/site_c_edmonton/E2XC_F3_C3/seed20240619/B1
2,C,E2XC_F3_C3,20240619,B2,,393,True,True,True,,,,,,runs/experiment2_cross_site/site_c_edmonton/E2XC_F3_C3/seed20240619/B2
2,C,E2XC_F3_C3,20240619,B4b,,393,True,True,True,,,,,,runs/experiment2_cross_site/site_c_edmonton/E2XC_F3_C3/seed20240619/B4b
2,C,E2XC_F3_C3,20240620,B0,,310,True,False,False,,,,,,runs/experiment2_cross_site/site_c_edmonton/E2XC_F3_C3/seed20240620/B0
2,C,E2XC_F3_C3,20240620,B1,,393,True,True,True,,,,,,runs/experiment2_cross_site/site_c_edmonton/E2XC_F3_C3/seed20240620/B1
2,C,E2XC_F3_C3,20240620,B2,,393,True,True,True,,,,,,runs/experiment2_cross_site/site_c_edmonton/E2XC_F3_C3/seed20240620/B2
2,C,E2XC_F3_C3,20240620,B4b,,393,True,True,True,,,,,,runs/experiment2_cross_site/site_c_edmonton/E2XC_F3_C3/seed20240620/B4b
2,C,E2XC_F4_C1,20240601,B0,,310,True,False,False,,,,,,runs/experiment2_cross_site/site_c_edmonton/E2XC_F4_C1/seed20240601/B0
2,C,E2XC_F4_C1,20240601,B1,,161,False,False,False,,,,,,runs/experiment2_cross_site/site_c_edmonton/E2XC_F4_C1/seed20240601/B1
2,C,E2XC_F4_C1,20240601,B2,,161,False,False,False,,,,,,runs/experiment2_cross_site/site_c_edmonton/E2XC_F4_C1/seed20240601/B2
2,C,E2XC_F4_C1,20240601,B4b,,161,False,False,False,,,,,,runs/experiment2_cross_site/site_c_edmonton/E2XC_F4_C1/seed20240601/B4b
2,C,E2XC_F4_C1,20240602,B0,,310,True,False,False,,,,,,runs/experiment2_cross_site/site_c_edmonton/E2XC_F4_C1/seed20240602/B0
2,C,E2XC_F4_C1,20240602,B1,,161,False,False,False,,,,,,runs/experiment2_cross_site/site_c_edmonton/E2XC_F4_C1/seed20240602/B1
2,C,E2XC_F4_C1,20240602,B2,,161,False,False,False,,,,,,runs/experiment2_cross_site/site_c_edmonton/E2XC_F4_C1/seed20240602/B2
2,C,E2XC_F4_C1,20240602,B4b,,161,False,False,False,,,,,,runs/experiment2_cross_site/site_c_edmonton/E2XC_F4_C1/seed20240602/B4b
2,C,E2XC_F4_C1,20240603,B0,,310,True,False,False,,,,,,runs/experiment2_cross_site/site_c_edmonton/E2XC_F4_C1/seed20240603/B0
2,C,E2XC_F4_C1,20240603,B1,,161,False,False,False,,,,,,runs/experiment2_cross_site/site_c_edmonton/E2XC_F4_C1/seed20240603/B1
2,C,E2XC_F4_C1,20240603,B2,,161,False,False,False,,,,,,runs/experiment2_cross_site/site_c_edmonton/E2XC_F4_C1/seed20240603/B2
2,C,E2XC_F4_C1,20240603,B4b,,161,False,False,False,,,,,,runs/experiment2_cross_site/site_c_edmonton/E2XC_F4_C1/seed20240603/B4b
2,C,E2XC_F4_C1,20240604,B0,,310,True,False,False,,,,,,runs/experiment2_cross_site/site_c_edmonton/E2XC_F4_C1/seed20240604/B0
2,C,E2XC_F4_C1,20240604,B1,,161,False,False,False,,,,,,runs/experiment2_cross_site/site_c_edmonton/E2XC_F4_C1/seed20240604/B1
2,C,E2XC_F4_C1,20240604,B2,,161,False,False,False,,,,,,runs/experiment2_cross_site/site_c_edmonton/E2XC_F4_C1/seed20240604/B2
2,C,E2XC_F4_C1,20240604,B4b,,161,False,False,False,,,,,,runs/experiment2_cross_site/site_c_edmonton/E2XC_F4_C1/seed20240604/B4b
2,C,E2XC_F4_C1,20240605,B0,,310,True,False,False,,,,,,runs/experiment2_cross_site/site_c_edmonton/E2XC_F4_C1/seed20240605/B0
2,C,E2XC_F4_C1,20240605,B1,,161,False,False,False,,,,,,runs/experiment2_cross_site/site_c_edmonton/E2XC_F4_C1/seed20240605/B1
2,C,E2XC_F4_C1,20240605,B2,,161,False,False,False,,,,,,runs/experiment2_cross_site/site_c_edmonton/E2XC_F4_C1/seed20240605/B2
2,C,E2XC_F4_C1,20240605,B4b,,161,False,False,False,,,,,,runs/experiment2_cross_site/site_c_edmonton/E2XC_F4_C1/seed20240605/B4b
2,C,E2XC_F4_C1,20240606,B0,,310,True,False,False,,,,,,runs/experiment2_cross_site/site_c_edmonton/E2XC_F4_C1/seed20240606/B0
2,C,E2XC_F4_C1,20240606,B1,,161,False,False,False,,,,,,runs/experiment2_cross_site/site_c_edmonton/E2XC_F4_C1/seed20240606/B1
2,C,E2XC_F4_C1,20240606,B2,,161,False,False,False,,,,,,runs/experiment2_cross_site/site_c_edmonton/E2XC_F4_C1/seed20240606/B2
2,C,E2XC_F4_C1,20240606,B4b,,161,False,False,False,,,,,,runs/experiment2_cross_site/site_c_edmonton/E2XC_F4_C1/seed20240606/B4b
2,C,E2XC_F4_C1,20240607,B0,,310,True,False,False,,,,,,runs/experiment2_cross_site/site_c_edmonton/E2XC_F4_C1/seed20240607/B0
2,C,E2XC_F4_C1,20240607,B1,,161,False,False,False,,,,,,runs/experiment2_cross_site/site_c_edmonton/E2XC_F4_C1/seed20240607/B1
2,C,E2XC_F4_C1,20240607,B2,,161,False,False,False,,,,,,runs/experiment2_cross_site/site_c_edmonton/E2XC_F4_C1/seed20240607/B2
2,C,E2XC_F4_C1,20240607,B4b,,161,False,False,False,,,,,,runs/experiment2_cross_site/site_c_edmonton/E2XC_F4_C1/seed20240607/B4b
2,C,E2XC_F4_C1,20240608,B0,,310,True,False,False,,,,,,runs/experiment2_cross_site/site_c_edmonton/E2XC_F4_C1/seed20240608/B0
2,C,E2XC_F4_C1,20240608,B1,,161,False,False,False,,,,,,runs/experiment2_cross_site/site_c_edmonton/E2XC_F4_C1/seed20240608/B1
2,C,E2XC_F4_C1,20240608,B2,,161,False,False,False,,,,,,runs/experiment2_cross_site/site_c_edmonton/E2XC_F4_C1/seed20240608/B2
2,C,E2XC_F4_C1,20240608,B4b,,161,False,False,False,,,,,,runs/experiment2_cross_site/site_c_edmonton/E2XC_F4_C1/seed20240608/B4b
2,C,E2XC_F4_C1,20240609,B0,,310,True,False,False,,,,,,runs/experiment2_cross_site/site_c_edmonton/E2XC_F4_C1/seed20240609/B0
2,C,E2XC_F4_C1,20240609,B1,,161,False,False,False,,,,,,runs/experiment2_cross_site/site_c_edmonton/E2XC_F4_C1/seed20240609/B1
2,C,E2XC_F4_C1,20240609,B2,,161,False,False,False,,,,,,runs/experiment2_cross_site/site_c_edmonton/E2XC_F4_C1/seed20240609/B2
2,C,E2XC_F4_C1,20240609,B4b,,161,False,False,False,,,,,,runs/experiment2_cross_site/site_c_edmonton/E2XC_F4_C1/seed20240609/B4b
2,C,E2XC_F4_C1,20240610,B0,,310,True,False,False,,,,,,runs/experiment2_cross_site/site_c_edmonton/E2XC_F4_C1/seed20240610/B0
2,C,E2XC_F4_C1,20240610,B1,,161,False,False,False,,,,,,runs/experiment2_cross_site/site_c_edmonton/E2XC_F4_C1/seed20240610/B1
2,C,E2XC_F4_C1,20240610,B2,,161,False,False,False,,,,,,runs/experiment2_cross_site/site_c_edmonton/E2XC_F4_C1/seed20240610/B2
2,C,E2XC_F4_C1,20240610,B4b,,161,False,False,False,,,,,,runs/experiment2_cross_site/site_c_edmonton/E2XC_F4_C1/seed20240610/B4b
2,C,E2XC_F4_C1,20240611,B0,,310,True,False,False,,,,,,runs/experiment2_cross_site/site_c_edmonton/E2XC_F4_C1/seed20240611/B0
2,C,E2XC_F4_C1,20240611,B1,,161,False,False,False,,,,,,runs/experiment2_cross_site/site_c_edmonton/E2XC_F4_C1/seed20240611/B1
2,C,E2XC_F4_C1,20240611,B2,,161,False,False,False,,,,,,runs/experiment2_cross_site/site_c_edmonton/E2XC_F4_C1/seed20240611/B2
2,C,E2XC_F4_C1,20240611,B4b,,161,False,False,False,,,,,,runs/experiment2_cross_site/site_c_edmonton/E2XC_F4_C1/seed20240611/B4b
2,C,E2XC_F4_C1,20240612,B0,,310,True,False,False,,,,,,runs/experiment2_cross_site/site_c_edmonton/E2XC_F4_C1/seed20240612/B0
2,C,E2XC_F4_C1,20240612,B1,,161,False,False,False,,,,,,runs/experiment2_cross_site/site_c_edmonton/E2XC_F4_C1/seed20240612/B1
2,C,E2XC_F4_C1,20240612,B2,,161,False,False,False,,,,,,runs/experiment2_cross_site/site_c_edmonton/E2XC_F4_C1/seed20240612/B2
2,C,E2XC_F4_C1,20240612,B4b,,161,False,False,False,,,,,,runs/experiment2_cross_site/site_c_edmonton/E2XC_F4_C1/seed20240612/B4b
2,C,E2XC_F4_C1,20240613,B0,,310,True,False,False,,,,,,runs/experiment2_cross_site/site_c_edmonton/E2XC_F4_C1/seed20240613/B0
2,C,E2XC_F4_C1,20240613,B1,,161,False,False,False,,,,,,runs/experiment2_cross_site/site_c_edmonton/E2XC_F4_C1/seed20240613/B1
2,C,E2XC_F4_C1,20240613,B2,,161,False,False,False,,,,,,runs/experiment2_cross_site/site_c_edmonton/E2XC_F4_C1/seed20240613/B2
2,C,E2XC_F4_C1,20240613,B4b,,161,False,False,False,,,,,,runs/experiment2_cross_site/site_c_edmonton/E2XC_F4_C1/seed20240613/B4b
2,C,E2XC_F4_C1,20240614,B0,,310,True,False,False,,,,,,runs/experiment2_cross_site/site_c_edmonton/E2XC_F4_C1/seed20240614/B0
2,C,E2XC_F4_C1,20240614,B1,,161,False,False,False,,,,,,runs/experiment2_cross_site/site_c_edmonton/E2XC_F4_C1/seed20240614/B1
2,C,E2XC_F4_C1,20240614,B2,,161,False,False,False,,,,,,runs/experiment2_cross_site/site_c_edmonton/E2XC_F4_C1/seed20240614/B2
2,C,E2XC_F4_C1,20240614,B4b,,161,False,False,False,,,,,,runs/experiment2_cross_site/site_c_edmonton/E2XC_F4_C1/seed20240614/B4b
2,C,E2XC_F4_C1,20240615,B0,,310,True,False,False,,,,,,runs/experiment2_cross_site/site_c_edmonton/E2XC_F4_C1/seed20240615/B0
2,C,E2XC_F4_C1,20240615,B1,,161,False,False,False,,,,,,runs/experiment2_cross_site/site_c_edmonton/E2XC_F4_C1/seed20240615/B1
2,C,E2XC_F4_C1,20240615,B2,,161,False,False,False,,,,,,runs/experiment2_cross_site/site_c_edmonton/E2XC_F4_C1/seed20240615/B2
2,C,E2XC_F4_C1,20240615,B4b,,161,False,False,False,,,,,,runs/experiment2_cross_site/site_c_edmonton/E2XC_F4_C1/seed20240615/B4b
2,C,E2XC_F4_C1,20240616,B0,,310,True,False,False,,,,,,runs/experiment2_cross_site/site_c_edmonton/E2XC_F4_C1/seed20240616/B0
2,C,E2XC_F4_C1,20240616,B1,,161,False,False,False,,,,,,runs/experiment2_cross_site/site_c_edmonton/E2XC_F4_C1/seed20240616/B1
2,C,E2XC_F4_C1,20240616,B2,,161,False,False,False,,,,,,runs/experiment2_cross_site/site_c_edmonton/E2XC_F4_C1/seed20240616/B2
2,C,E2XC_F4_C1,20240616,B4b,,161,False,False,False,,,,,,runs/experiment2_cross_site/site_c_edmonton/E2XC_F4_C1/seed20240616/B4b
2,C,E2XC_F4_C1,20240617,B0,,310,True,False,False,,,,,,runs/experiment2_cross_site/site_c_edmonton/E2XC_F4_C1/seed20240617/B0
2,C,E2XC_F4_C1,20240617,B1,,161,False,False,False,,,,,,runs/experiment2_cross_site/site_c_edmonton/E2XC_F4_C1/seed20240617/B1
2,C,E2XC_F4_C1,20240617,B2,,161,False,False,False,,,,,,runs/experiment2_cross_site/site_c_edmonton/E2XC_F4_C1/seed20240617/B2
2,C,E2XC_F4_C1,20240617,B4b,,161,False,False,False,,,,,,runs/experiment2_cross_site/site_c_edmonton/E2XC_F4_C1/seed20240617/B4b
2,C,E2XC_F4_C1,20240618,B0,,310,True,False,False,,,,,,runs/experiment2_cross_site/site_c_edmonton/E2XC_F4_C1/seed20240618/B0
2,C,E2XC_F4_C1,20240618,B1,,161,False,False,False,,,,,,runs/experiment2_cross_site/site_c_edmonton/E2XC_F4_C1/seed20240618/B1
2,C,E2XC_F4_C1,20240618,B2,,161,False,False,False,,,,,,runs/experiment2_cross_site/site_c_edmonton/E2XC_F4_C1/seed20240618/B2
2,C,E2XC_F4_C1,20240618,B4b,,161,False,False,False,,,,,,runs/experiment2_cross_site/site_c_edmonton/E2XC_F4_C1/seed20240618/B4b
2,C,E2XC_F4_C1,20240619,B0,,310,True,False,False,,,,,,runs/experiment2_cross_site/site_c_edmonton/E2XC_F4_C1/seed20240619/B0
2,C,E2XC_F4_C1,20240619,B1,,161,False,False,False,,,,,,runs/experiment2_cross_site/site_c_edmonton/E2XC_F4_C1/seed20240619/B1
2,C,E2XC_F4_C1,20240619,B2,,161,False,False,False,,,,,,runs/experiment2_cross_site/site_c_edmonton/E2XC_F4_C1/seed20240619/B2
2,C,E2XC_F4_C1,20240619,B4b,,161,False,False,False,,,,,,runs/experiment2_cross_site/site_c_edmonton/E2XC_F4_C1/seed20240619/B4b
2,C,E2XC_F4_C1,20240620,B0,,310,True,False,False,,,,,,runs/experiment2_cross_site/site_c_edmonton/E2XC_F4_C1/seed20240620/B0
2,C,E2XC_F4_C1,20240620,B1,,161,False,False,False,,,,,,runs/experiment2_cross_site/site_c_edmonton/E2XC_F4_C1/seed20240620/B1
2,C,E2XC_F4_C1,20240620,B2,,161,False,False,False,,,,,,runs/experiment2_cross_site/site_c_edmonton/E2XC_F4_C1/seed20240620/B2
2,C,E2XC_F4_C1,20240620,B4b,,161,False,False,False,,,,,,runs/experiment2_cross_site/site_c_edmonton/E2XC_F4_C1/seed20240620/B4b
2,C,E2XC_F4_C3,20240601,B0,,310,True,False,False,,,,,,runs/experiment2_cross_site/site_c_edmonton/E2XC_F4_C3/seed20240601/B0
2,C,E2XC_F4_C3,20240601,B1,,393,True,True,True,,,,,,runs/experiment2_cross_site/site_c_edmonton/E2XC_F4_C3/seed20240601/B1
2,C,E2XC_F4_C3,20240601,B2,,393,True,True,True,,,,,,runs/experiment2_cross_site/site_c_edmonton/E2XC_F4_C3/seed20240601/B2
2,C,E2XC_F4_C3,20240601,B4b,,393,True,True,True,,,,,,runs/experiment2_cross_site/site_c_edmonton/E2XC_F4_C3/seed20240601/B4b
2,C,E2XC_F4_C3,20240602,B0,,310,True,False,False,,,,,,runs/experiment2_cross_site/site_c_edmonton/E2XC_F4_C3/seed20240602/B0
2,C,E2XC_F4_C3,20240602,B1,,393,True,True,True,,,,,,runs/experiment2_cross_site/site_c_edmonton/E2XC_F4_C3/seed20240602/B1
2,C,E2XC_F4_C3,20240602,B2,,393,True,True,True,,,,,,runs/experiment2_cross_site/site_c_edmonton/E2XC_F4_C3/seed20240602/B2
2,C,E2XC_F4_C3,20240602,B4b,,393,True,True,True,,,,,,runs/experiment2_cross_site/site_c_edmonton/E2XC_F4_C3/seed20240602/B4b
2,C,E2XC_F4_C3,20240603,B0,,310,True,False,False,,,,,,runs/experiment2_cross_site/site_c_edmonton/E2XC_F4_C3/seed20240603/B0
2,C,E2XC_F4_C3,20240603,B1,,393,True,True,True,,,,,,runs/experiment2_cross_site/site_c_edmonton/E2XC_F4_C3/seed20240603/B1
2,C,E2XC_F4_C3,20240603,B2,,393,True,True,True,,,,,,runs/experiment2_cross_site/site_c_edmonton/E2XC_F4_C3/seed20240603/B2
2,C,E2XC_F4_C3,20240603,B4b,,393,True,True,True,,,,,,runs/experiment2_cross_site/site_c_edmonton/E2XC_F4_C3/seed20240603/B4b
2,C,E2XC_F4_C3,20240604,B0,,310,True,False,False,,,,,,runs/experiment2_cross_site/site_c_edmonton/E2XC_F4_C3/seed20240604/B0
2,C,E2XC_F4_C3,20240604,B1,,393,True,True,True,,,,,,runs/experiment2_cross_site/site_c_edmonton/E2XC_F4_C3/seed20240604/B1
2,C,E2XC_F4_C3,20240604,B2,,393,True,True,True,,,,,,runs/experiment2_cross_site/site_c_edmonton/E2XC_F4_C3/seed20240604/B2
2,C,E2XC_F4_C3,20240604,B4b,,393,True,True,True,,,,,,runs/experiment2_cross_site/site_c_edmonton/E2XC_F4_C3/seed20240604/B4b
2,C,E2XC_F4_C3,20240605,B0,,310,True,False,False,,,,,,runs/experiment2_cross_site/site_c_edmonton/E2XC_F4_C3/seed20240605/B0
2,C,E2XC_F4_C3,20240605,B1,,393,True,True,True,,,,,,runs/experiment2_cross_site/site_c_edmonton/E2XC_F4_C3/seed20240605/B1
2,C,E2XC_F4_C3,20240605,B2,,393,True,True,True,,,,,,runs/experiment2_cross_site/site_c_edmonton/E2XC_F4_C3/seed20240605/B2
2,C,E2XC_F4_C3,20240605,B4b,,393,True,True,True,,,,,,runs/experiment2_cross_site/site_c_edmonton/E2XC_F4_C3/seed20240605/B4b
2,C,E2XC_F4_C3,20240606,B0,,310,True,False,False,,,,,,runs/experiment2_cross_site/site_c_edmonton/E2XC_F4_C3/seed20240606/B0
2,C,E2XC_F4_C3,20240606,B1,,393,True,True,True,,,,,,runs/experiment2_cross_site/site_c_edmonton/E2XC_F4_C3/seed20240606/B1
2,C,E2XC_F4_C3,20240606,B2,,393,True,True,True,,,,,,runs/experiment2_cross_site/site_c_edmonton/E2XC_F4_C3/seed20240606/B2
2,C,E2XC_F4_C3,20240606,B4b,,393,True,True,True,,,,,,runs/experiment2_cross_site/site_c_edmonton/E2XC_F4_C3/seed20240606/B4b
2,C,E2XC_F4_C3,20240607,B0,,310,True,False,False,,,,,,runs/experiment2_cross_site/site_c_edmonton/E2XC_F4_C3/seed20240607/B0
2,C,E2XC_F4_C3,20240607,B1,,393,True,True,True,,,,,,runs/experiment2_cross_site/site_c_edmonton/E2XC_F4_C3/seed20240607/B1
2,C,E2XC_F4_C3,20240607,B2,,393,True,True,True,,,,,,runs/experiment2_cross_site/site_c_edmonton/E2XC_F4_C3/seed20240607/B2
2,C,E2XC_F4_C3,20240607,B4b,,393,True,True,True,,,,,,runs/experiment2_cross_site/site_c_edmonton/E2XC_F4_C3/seed20240607/B4b
2,C,E2XC_F4_C3,20240608,B0,,310,True,False,False,,,,,,runs/experiment2_cross_site/site_c_edmonton/E2XC_F4_C3/seed20240608/B0
2,C,E2XC_F4_C3,20240608,B1,,393,True,True,True,,,,,,runs/experiment2_cross_site/site_c_edmonton/E2XC_F4_C3/seed20240608/B1
2,C,E2XC_F4_C3,20240608,B2,,393,True,True,True,,,,,,runs/experiment2_cross_site/site_c_edmonton/E2XC_F4_C3/seed20240608/B2
2,C,E2XC_F4_C3,20240608,B4b,,393,True,True,True,,,,,,runs/experiment2_cross_site/site_c_edmonton/E2XC_F4_C3/seed20240608/B4b
2,C,E2XC_F4_C3,20240609,B0,,310,True,False,False,,,,,,runs/experiment2_cross_site/site_c_edmonton/E2XC_F4_C3/seed20240609/B0
2,C,E2XC_F4_C3,20240609,B1,,393,True,True,True,,,,,,runs/experiment2_cross_site/site_c_edmonton/E2XC_F4_C3/seed20240609/B1
2,C,E2XC_F4_C3,20240609,B2,,393,True,True,True,,,,,,runs/experiment2_cross_site/site_c_edmonton/E2XC_F4_C3/seed20240609/B2
2,C,E2XC_F4_C3,20240609,B4b,,393,True,True,True,,,,,,runs/experiment2_cross_site/site_c_edmonton/E2XC_F4_C3/seed20240609/B4b
2,C,E2XC_F4_C3,20240610,B0,,310,True,False,False,,,,,,runs/experiment2_cross_site/site_c_edmonton/E2XC_F4_C3/seed20240610/B0
2,C,E2XC_F4_C3,20240610,B1,,393,True,True,True,,,,,,runs/experiment2_cross_site/site_c_edmonton/E2XC_F4_C3/seed20240610/B1
2,C,E2XC_F4_C3,20240610,B2,,393,True,True,True,,,,,,runs/experiment2_cross_site/site_c_edmonton/E2XC_F4_C3/seed20240610/B2
2,C,E2XC_F4_C3,20240610,B4b,,393,True,True,True,,,,,,runs/experiment2_cross_site/site_c_edmonton/E2XC_F4_C3/seed20240610/B4b
2,C,E2XC_F4_C3,20240611,B0,,310,True,False,False,,,,,,runs/experiment2_cross_site/site_c_edmonton/E2XC_F4_C3/seed20240611/B0
2,C,E2XC_F4_C3,20240611,B1,,393,True,True,True,,,,,,runs/experiment2_cross_site/site_c_edmonton/E2XC_F4_C3/seed20240611/B1
2,C,E2XC_F4_C3,20240611,B2,,393,True,True,True,,,,,,runs/experiment2_cross_site/site_c_edmonton/E2XC_F4_C3/seed20240611/B2
2,C,E2XC_F4_C3,20240611,B4b,,393,True,True,True,,,,,,runs/experiment2_cross_site/site_c_edmonton/E2XC_F4_C3/seed20240611/B4b
2,C,E2XC_F4_C3,20240612,B0,,310,True,False,False,,,,,,runs/experiment2_cross_site/site_c_edmonton/E2XC_F4_C3/seed20240612/B0
2,C,E2XC_F4_C3,20240612,B1,,393,True,True,True,,,,,,runs/experiment2_cross_site/site_c_edmonton/E2XC_F4_C3/seed20240612/B1
2,C,E2XC_F4_C3,20240612,B2,,393,True,True,True,,,,,,runs/experiment2_cross_site/site_c_edmonton/E2XC_F4_C3/seed20240612/B2
2,C,E2XC_F4_C3,20240612,B4b,,393,True,True,True,,,,,,runs/experiment2_cross_site/site_c_edmonton/E2XC_F4_C3/seed20240612/B4b
2,C,E2XC_F4_C3,20240613,B0,,310,True,False,False,,,,,,runs/experiment2_cross_site/site_c_edmonton/E2XC_F4_C3/seed20240613/B0
2,C,E2XC_F4_C3,20240613,B1,,393,True,True,True,,,,,,runs/experiment2_cross_site/site_c_edmonton/E2XC_F4_C3/seed20240613/B1
2,C,E2XC_F4_C3,20240613,B2,,393,True,True,True,,,,,,runs/experiment2_cross_site/site_c_edmonton/E2XC_F4_C3/seed20240613/B2
2,C,E2XC_F4_C3,20240613,B4b,,393,True,True,True,,,,,,runs/experiment2_cross_site/site_c_edmonton/E2XC_F4_C3/seed20240613/B4b
2,C,E2XC_F4_C3,20240614,B0,,310,True,False,False,,,,,,runs/experiment2_cross_site/site_c_edmonton/E2XC_F4_C3/seed20240614/B0
2,C,E2XC_F4_C3,20240614,B1,,393,True,True,True,,,,,,runs/experiment2_cross_site/site_c_edmonton/E2XC_F4_C3/seed20240614/B1
2,C,E2XC_F4_C3,20240614,B2,,393,True,True,True,,,,,,runs/experiment2_cross_site/site_c_edmonton/E2XC_F4_C3/seed20240614/B2
2,C,E2XC_F4_C3,20240614,B4b,,393,True,True,True,,,,,,runs/experiment2_cross_site/site_c_edmonton/E2XC_F4_C3/seed20240614/B4b
2,C,E2XC_F4_C3,20240615,B0,,310,True,False,False,,,,,,runs/experiment2_cross_site/site_c_edmonton/E2XC_F4_C3/seed20240615/B0
2,C,E2XC_F4_C3,20240615,B1,,393,True,True,True,,,,,,runs/experiment2_cross_site/site_c_edmonton/E2XC_F4_C3/seed20240615/B1
2,C,E2XC_F4_C3,20240615,B2,,393,True,True,True,,,,,,runs/experiment2_cross_site/site_c_edmonton/E2XC_F4_C3/seed20240615/B2
2,C,E2XC_F4_C3,20240615,B4b,,393,True,True,True,,,,,,runs/experiment2_cross_site/site_c_edmonton/E2XC_F4_C3/seed20240615/B4b
2,C,E2XC_F4_C3,20240616,B0,,310,True,False,False,,,,,,runs/experiment2_cross_site/site_c_edmonton/E2XC_F4_C3/seed20240616/B0
2,C,E2XC_F4_C3,20240616,B1,,393,True,True,True,,,,,,runs/experiment2_cross_site/site_c_edmonton/E2XC_F4_C3/seed20240616/B1
2,C,E2XC_F4_C3,20240616,B2,,393,True,True,True,,,,,,runs/experiment2_cross_site/site_c_edmonton/E2XC_F4_C3/seed20240616/B2
2,C,E2XC_F4_C3,20240616,B4b,,393,True,True,True,,,,,,runs/experiment2_cross_site/site_c_edmonton/E2XC_F4_C3/seed20240616/B4b
2,C,E2XC_F4_C3,20240617,B0,,310,True,False,False,,,,,,runs/experiment2_cross_site/site_c_edmonton/E2XC_F4_C3/seed20240617/B0
2,C,E2XC_F4_C3,20240617,B1,,393,True,True,True,,,,,,runs/experiment2_cross_site/site_c_edmonton/E2XC_F4_C3/seed20240617/B1
2,C,E2XC_F4_C3,20240617,B2,,393,True,True,True,,,,,,runs/experiment2_cross_site/site_c_edmonton/E2XC_F4_C3/seed20240617/B2
2,C,E2XC_F4_C3,20240617,B4b,,393,True,True,True,,,,,,runs/experiment2_cross_site/site_c_edmonton/E2XC_F4_C3/seed20240617/B4b
2,C,E2XC_F4_C3,20240618,B0,,310,True,False,False,,,,,,runs/experiment2_cross_site/site_c_edmonton/E2XC_F4_C3/seed20240618/B0
2,C,E2XC_F4_C3,20240618,B1,,393,True,True,True,,,,,,runs/experiment2_cross_site/site_c_edmonton/E2XC_F4_C3/seed20240618/B1
2,C,E2XC_F4_C3,20240618,B2,,393,True,True,True,,,,,,runs/experiment2_cross_site/site_c_edmonton/E2XC_F4_C3/seed20240618/B2
2,C,E2XC_F4_C3,20240618,B4b,,393,True,True,True,,,,,,runs/experiment2_cross_site/site_c_edmonton/E2XC_F4_C3/seed20240618/B4b
2,C,E2XC_F4_C3,20240619,B0,,310,True,False,False,,,,,,runs/experiment2_cross_site/site_c_edmonton/E2XC_F4_C3/seed20240619/B0
2,C,E2XC_F4_C3,20240619,B1,,393,True,True,True,,,,,,runs/experiment2_cross_site/site_c_edmonton/E2XC_F4_C3/seed20240619/B1
2,C,E2XC_F4_C3,20240619,B2,,393,True,True,True,,,,,,runs/experiment2_cross_site/site_c_edmonton/E2XC_F4_C3/seed20240619/B2
2,C,E2XC_F4_C3,20240619,B4b,,393,True,True,True,,,,,,runs/experiment2_cross_site/site_c_edmonton/E2XC_F4_C3/seed20240619/B4b
2,C,E2XC_F4_C3,20240620,B0,,310,True,False,False,,,,,,runs/experiment2_cross_site/site_c_edmonton/E2XC_F4_C3/seed20240620/B0
2,C,E2XC_F4_C3,20240620,B1,,393,True,True,True,,,,,,runs/experiment2_cross_site/site_c_edmonton/E2XC_F4_C3/seed20240620/B1
2,C,E2XC_F4_C3,20240620,B2,,393,True,True,True,,,,,,runs/experiment2_cross_site/site_c_edmonton/E2XC_F4_C3/seed20240620/B2
2,C,E2XC_F4_C3,20240620,B4b,,393,True,True,True,,,,,,runs/experiment2_cross_site/site_c_edmonton/E2XC_F4_C3/seed20240620/B4b
2,C,E2XC_F5_C1,20240601,B0,,310,True,False,False,,,,,,runs/experiment2_cross_site/site_c_edmonton/E2XC_F5_C1/seed20240601/B0
2,C,E2XC_F5_C1,20240601,B1,,161,False,False,False,,,,,,runs/experiment2_cross_site/site_c_edmonton/E2XC_F5_C1/seed20240601/B1
2,C,E2XC_F5_C1,20240601,B2,,161,False,False,False,,,,,,runs/experiment2_cross_site/site_c_edmonton/E2XC_F5_C1/seed20240601/B2
2,C,E2XC_F5_C1,20240601,B4b,,161,False,False,False,,,,,,runs/experiment2_cross_site/site_c_edmonton/E2XC_F5_C1/seed20240601/B4b
2,C,E2XC_F5_C1,20240602,B0,,310,True,False,False,,,,,,runs/experiment2_cross_site/site_c_edmonton/E2XC_F5_C1/seed20240602/B0
2,C,E2XC_F5_C1,20240602,B1,,161,False,False,False,,,,,,runs/experiment2_cross_site/site_c_edmonton/E2XC_F5_C1/seed20240602/B1
2,C,E2XC_F5_C1,20240602,B2,,161,False,False,False,,,,,,runs/experiment2_cross_site/site_c_edmonton/E2XC_F5_C1/seed20240602/B2
2,C,E2XC_F5_C1,20240602,B4b,,161,False,False,False,,,,,,runs/experiment2_cross_site/site_c_edmonton/E2XC_F5_C1/seed20240602/B4b
2,C,E2XC_F5_C1,20240603,B0,,310,True,False,False,,,,,,runs/experiment2_cross_site/site_c_edmonton/E2XC_F5_C1/seed20240603/B0
2,C,E2XC_F5_C1,20240603,B1,,161,False,False,False,,,,,,runs/experiment2_cross_site/site_c_edmonton/E2XC_F5_C1/seed20240603/B1
2,C,E2XC_F5_C1,20240603,B2,,161,False,False,False,,,,,,runs/experiment2_cross_site/site_c_edmonton/E2XC_F5_C1/seed20240603/B2
2,C,E2XC_F5_C1,20240603,B4b,,161,False,False,False,,,,,,runs/experiment2_cross_site/site_c_edmonton/E2XC_F5_C1/seed20240603/B4b
2,C,E2XC_F5_C1,20240604,B0,,310,True,False,False,,,,,,runs/experiment2_cross_site/site_c_edmonton/E2XC_F5_C1/seed20240604/B0
2,C,E2XC_F5_C1,20240604,B1,,161,False,False,False,,,,,,runs/experiment2_cross_site/site_c_edmonton/E2XC_F5_C1/seed20240604/B1
2,C,E2XC_F5_C1,20240604,B2,,161,False,False,False,,,,,,runs/experiment2_cross_site/site_c_edmonton/E2XC_F5_C1/seed20240604/B2
2,C,E2XC_F5_C1,20240604,B4b,,161,False,False,False,,,,,,runs/experiment2_cross_site/site_c_edmonton/E2XC_F5_C1/seed20240604/B4b
2,C,E2XC_F5_C1,20240605,B0,,310,True,False,False,,,,,,runs/experiment2_cross_site/site_c_edmonton/E2XC_F5_C1/seed20240605/B0
2,C,E2XC_F5_C1,20240605,B1,,161,False,False,False,,,,,,runs/experiment2_cross_site/site_c_edmonton/E2XC_F5_C1/seed20240605/B1
2,C,E2XC_F5_C1,20240605,B2,,161,False,False,False,,,,,,runs/experiment2_cross_site/site_c_edmonton/E2XC_F5_C1/seed20240605/B2
2,C,E2XC_F5_C1,20240605,B4b,,161,False,False,False,,,,,,runs/experiment2_cross_site/site_c_edmonton/E2XC_F5_C1/seed20240605/B4b
2,C,E2XC_F5_C1,20240606,B0,,310,True,False,False,,,,,,runs/experiment2_cross_site/site_c_edmonton/E2XC_F5_C1/seed20240606/B0
2,C,E2XC_F5_C1,20240606,B1,,161,False,False,False,,,,,,runs/experiment2_cross_site/site_c_edmonton/E2XC_F5_C1/seed20240606/B1
2,C,E2XC_F5_C1,20240606,B2,,161,False,False,False,,,,,,runs/experiment2_cross_site/site_c_edmonton/E2XC_F5_C1/seed20240606/B2
2,C,E2XC_F5_C1,20240606,B4b,,161,False,False,False,,,,,,runs/experiment2_cross_site/site_c_edmonton/E2XC_F5_C1/seed20240606/B4b
2,C,E2XC_F5_C1,20240607,B0,,310,True,False,False,,,,,,runs/experiment2_cross_site/site_c_edmonton/E2XC_F5_C1/seed20240607/B0
2,C,E2XC_F5_C1,20240607,B1,,161,False,False,False,,,,,,runs/experiment2_cross_site/site_c_edmonton/E2XC_F5_C1/seed20240607/B1
2,C,E2XC_F5_C1,20240607,B2,,161,False,False,False,,,,,,runs/experiment2_cross_site/site_c_edmonton/E2XC_F5_C1/seed20240607/B2
2,C,E2XC_F5_C1,20240607,B4b,,161,False,False,False,,,,,,runs/experiment2_cross_site/site_c_edmonton/E2XC_F5_C1/seed20240607/B4b
2,C,E2XC_F5_C1,20240608,B0,,310,True,False,False,,,,,,runs/experiment2_cross_site/site_c_edmonton/E2XC_F5_C1/seed20240608/B0
2,C,E2XC_F5_C1,20240608,B1,,161,False,False,False,,,,,,runs/experiment2_cross_site/site_c_edmonton/E2XC_F5_C1/seed20240608/B1
2,C,E2XC_F5_C1,20240608,B2,,161,False,False,False,,,,,,runs/experiment2_cross_site/site_c_edmonton/E2XC_F5_C1/seed20240608/B2
2,C,E2XC_F5_C1,20240608,B4b,,161,False,False,False,,,,,,runs/experiment2_cross_site/site_c_edmonton/E2XC_F5_C1/seed20240608/B4b
2,C,E2XC_F5_C1,20240609,B0,,310,True,False,False,,,,,,runs/experiment2_cross_site/site_c_edmonton/E2XC_F5_C1/seed20240609/B0
2,C,E2XC_F5_C1,20240609,B1,,161,False,False,False,,,,,,runs/experiment2_cross_site/site_c_edmonton/E2XC_F5_C1/seed20240609/B1
2,C,E2XC_F5_C1,20240609,B2,,161,False,False,False,,,,,,runs/experiment2_cross_site/site_c_edmonton/E2XC_F5_C1/seed20240609/B2
2,C,E2XC_F5_C1,20240609,B4b,,161,False,False,False,,,,,,runs/experiment2_cross_site/site_c_edmonton/E2XC_F5_C1/seed20240609/B4b
2,C,E2XC_F5_C1,20240610,B0,,310,True,False,False,,,,,,runs/experiment2_cross_site/site_c_edmonton/E2XC_F5_C1/seed20240610/B0
2,C,E2XC_F5_C1,20240610,B1,,161,False,False,False,,,,,,runs/experiment2_cross_site/site_c_edmonton/E2XC_F5_C1/seed20240610/B1
2,C,E2XC_F5_C1,20240610,B2,,161,False,False,False,,,,,,runs/experiment2_cross_site/site_c_edmonton/E2XC_F5_C1/seed20240610/B2
2,C,E2XC_F5_C1,20240610,B4b,,161,False,False,False,,,,,,runs/experiment2_cross_site/site_c_edmonton/E2XC_F5_C1/seed20240610/B4b
2,C,E2XC_F5_C1,20240611,B0,,310,True,False,False,,,,,,runs/experiment2_cross_site/site_c_edmonton/E2XC_F5_C1/seed20240611/B0
2,C,E2XC_F5_C1,20240611,B1,,161,False,False,False,,,,,,runs/experiment2_cross_site/site_c_edmonton/E2XC_F5_C1/seed20240611/B1
2,C,E2XC_F5_C1,20240611,B2,,161,False,False,False,,,,,,runs/experiment2_cross_site/site_c_edmonton/E2XC_F5_C1/seed20240611/B2
2,C,E2XC_F5_C1,20240611,B4b,,161,False,False,False,,,,,,runs/experiment2_cross_site/site_c_edmonton/E2XC_F5_C1/seed20240611/B4b
2,C,E2XC_F5_C1,20240612,B0,,310,True,False,False,,,,,,runs/experiment2_cross_site/site_c_edmonton/E2XC_F5_C1/seed20240612/B0
2,C,E2XC_F5_C1,20240612,B1,,161,False,False,False,,,,,,runs/experiment2_cross_site/site_c_edmonton/E2XC_F5_C1/seed20240612/B1
2,C,E2XC_F5_C1,20240612,B2,,161,False,False,False,,,,,,runs/experiment2_cross_site/site_c_edmonton/E2XC_F5_C1/seed20240612/B2
2,C,E2XC_F5_C1,20240612,B4b,,161,False,False,False,,,,,,runs/experiment2_cross_site/site_c_edmonton/E2XC_F5_C1/seed20240612/B4b
2,C,E2XC_F5_C1,20240613,B0,,310,True,False,False,,,,,,runs/experiment2_cross_site/site_c_edmonton/E2XC_F5_C1/seed20240613/B0
2,C,E2XC_F5_C1,20240613,B1,,161,False,False,False,,,,,,runs/experiment2_cross_site/site_c_edmonton/E2XC_F5_C1/seed20240613/B1
2,C,E2XC_F5_C1,20240613,B2,,161,False,False,False,,,,,,runs/experiment2_cross_site/site_c_edmonton/E2XC_F5_C1/seed20240613/B2
2,C,E2XC_F5_C1,20240613,B4b,,161,False,False,False,,,,,,runs/experiment2_cross_site/site_c_edmonton/E2XC_F5_C1/seed20240613/B4b
2,C,E2XC_F5_C1,20240614,B0,,310,True,False,False,,,,,,runs/experiment2_cross_site/site_c_edmonton/E2XC_F5_C1/seed20240614/B0
2,C,E2XC_F5_C1,20240614,B1,,161,False,False,False,,,,,,runs/experiment2_cross_site/site_c_edmonton/E2XC_F5_C1/seed20240614/B1
2,C,E2XC_F5_C1,20240614,B2,,161,False,False,False,,,,,,runs/experiment2_cross_site/site_c_edmonton/E2XC_F5_C1/seed20240614/B2
2,C,E2XC_F5_C1,20240614,B4b,,161,False,False,False,,,,,,runs/experiment2_cross_site/site_c_edmonton/E2XC_F5_C1/seed20240614/B4b
2,C,E2XC_F5_C1,20240615,B0,,310,True,False,False,,,,,,runs/experiment2_cross_site/site_c_edmonton/E2XC_F5_C1/seed20240615/B0
2,C,E2XC_F5_C1,20240615,B1,,161,False,False,False,,,,,,runs/experiment2_cross_site/site_c_edmonton/E2XC_F5_C1/seed20240615/B1
2,C,E2XC_F5_C1,20240615,B2,,161,False,False,False,,,,,,runs/experiment2_cross_site/site_c_edmonton/E2XC_F5_C1/seed20240615/B2
2,C,E2XC_F5_C1,20240615,B4b,,161,False,False,False,,,,,,runs/experiment2_cross_site/site_c_edmonton/E2XC_F5_C1/seed20240615/B4b
2,C,E2XC_F5_C1,20240616,B0,,310,True,False,False,,,,,,runs/experiment2_cross_site/site_c_edmonton/E2XC_F5_C1/seed20240616/B0
2,C,E2XC_F5_C1,20240616,B1,,161,False,False,False,,,,,,runs/experiment2_cross_site/site_c_edmonton/E2XC_F5_C1/seed20240616/B1
2,C,E2XC_F5_C1,20240616,B2,,161,False,False,False,,,,,,runs/experiment2_cross_site/site_c_edmonton/E2XC_F5_C1/seed20240616/B2
2,C,E2XC_F5_C1,20240616,B4b,,161,False,False,False,,,,,,runs/experiment2_cross_site/site_c_edmonton/E2XC_F5_C1/seed20240616/B4b
2,C,E2XC_F5_C1,20240617,B0,,310,True,False,False,,,,,,runs/experiment2_cross_site/site_c_edmonton/E2XC_F5_C1/seed20240617/B0
2,C,E2XC_F5_C1,20240617,B1,,161,False,False,False,,,,,,runs/experiment2_cross_site/site_c_edmonton/E2XC_F5_C1/seed20240617/B1
2,C,E2XC_F5_C1,20240617,B2,,161,False,False,False,,,,,,runs/experiment2_cross_site/site_c_edmonton/E2XC_F5_C1/seed20240617/B2
2,C,E2XC_F5_C1,20240617,B4b,,161,False,False,False,,,,,,runs/experiment2_cross_site/site_c_edmonton/E2XC_F5_C1/seed20240617/B4b
2,C,E2XC_F5_C1,20240618,B0,,310,True,False,False,,,,,,runs/experiment2_cross_site/site_c_edmonton/E2XC_F5_C1/seed20240618/B0
2,C,E2XC_F5_C1,20240618,B1,,161,False,False,False,,,,,,runs/experiment2_cross_site/site_c_edmonton/E2XC_F5_C1/seed20240618/B1
2,C,E2XC_F5_C1,20240618,B2,,161,False,False,False,,,,,,runs/experiment2_cross_site/site_c_edmonton/E2XC_F5_C1/seed20240618/B2
2,C,E2XC_F5_C1,20240618,B4b,,161,False,False,False,,,,,,runs/experiment2_cross_site/site_c_edmonton/E2XC_F5_C1/seed20240618/B4b
2,C,E2XC_F5_C1,20240619,B0,,310,True,False,False,,,,,,runs/experiment2_cross_site/site_c_edmonton/E2XC_F5_C1/seed20240619/B0
2,C,E2XC_F5_C1,20240619,B1,,161,False,False,False,,,,,,runs/experiment2_cross_site/site_c_edmonton/E2XC_F5_C1/seed20240619/B1
2,C,E2XC_F5_C1,20240619,B2,,161,False,False,False,,,,,,runs/experiment2_cross_site/site_c_edmonton/E2XC_F5_C1/seed20240619/B2
2,C,E2XC_F5_C1,20240619,B4b,,161,False,False,False,,,,,,runs/experiment2_cross_site/site_c_edmonton/E2XC_F5_C1/seed20240619/B4b
2,C,E2XC_F5_C1,20240620,B0,,310,True,False,False,,,,,,runs/experiment2_cross_site/site_c_edmonton/E2XC_F5_C1/seed20240620/B0
2,C,E2XC_F5_C1,20240620,B1,,161,False,False,False,,,,,,runs/experiment2_cross_site/site_c_edmonton/E2XC_F5_C1/seed20240620/B1
2,C,E2XC_F5_C1,20240620,B2,,161,False,False,False,,,,,,runs/experiment2_cross_site/site_c_edmonton/E2XC_F5_C1/seed20240620/B2
2,C,E2XC_F5_C1,20240620,B4b,,161,False,False,False,,,,,,runs/experiment2_cross_site/site_c_edmonton/E2XC_F5_C1/seed20240620/B4b
2,C,E2XC_F5_C2,20240601,B0,,310,True,False,False,,,,,,runs/experiment2_cross_site/site_c_edmonton/E2XC_F5_C2/seed20240601/B0
2,C,E2XC_F5_C2,20240601,B1,,281,True,True,True,,,,,,runs/experiment2_cross_site/site_c_edmonton/E2XC_F5_C2/seed20240601/B1
2,C,E2XC_F5_C2,20240601,B2,,281,True,True,True,,,,,,runs/experiment2_cross_site/site_c_edmonton/E2XC_F5_C2/seed20240601/B2
2,C,E2XC_F5_C2,20240601,B4b,,281,True,True,True,,,,,,runs/experiment2_cross_site/site_c_edmonton/E2XC_F5_C2/seed20240601/B4b
2,C,E2XC_F5_C2,20240602,B0,,310,True,False,False,,,,,,runs/experiment2_cross_site/site_c_edmonton/E2XC_F5_C2/seed20240602/B0
2,C,E2XC_F5_C2,20240602,B1,,281,True,True,True,,,,,,runs/experiment2_cross_site/site_c_edmonton/E2XC_F5_C2/seed20240602/B1
2,C,E2XC_F5_C2,20240602,B2,,281,True,True,True,,,,,,runs/experiment2_cross_site/site_c_edmonton/E2XC_F5_C2/seed20240602/B2
2,C,E2XC_F5_C2,20240602,B4b,,281,True,True,True,,,,,,runs/experiment2_cross_site/site_c_edmonton/E2XC_F5_C2/seed20240602/B4b
2,C,E2XC_F5_C2,20240603,B0,,310,True,False,False,,,,,,runs/experiment2_cross_site/site_c_edmonton/E2XC_F5_C2/seed20240603/B0
2,C,E2XC_F5_C2,20240603,B1,,281,True,True,True,,,,,,runs/experiment2_cross_site/site_c_edmonton/E2XC_F5_C2/seed20240603/B1
2,C,E2XC_F5_C2,20240603,B2,,281,True,True,True,,,,,,runs/experiment2_cross_site/site_c_edmonton/E2XC_F5_C2/seed20240603/B2
2,C,E2XC_F5_C2,20240603,B4b,,281,True,True,True,,,,,,runs/experiment2_cross_site/site_c_edmonton/E2XC_F5_C2/seed20240603/B4b
2,C,E2XC_F5_C2,20240604,B0,,310,True,False,False,,,,,,runs/experiment2_cross_site/site_c_edmonton/E2XC_F5_C2/seed20240604/B0
2,C,E2XC_F5_C2,20240604,B1,,281,True,True,True,,,,,,runs/experiment2_cross_site/site_c_edmonton/E2XC_F5_C2/seed20240604/B1
2,C,E2XC_F5_C2,20240604,B2,,281,True,True,True,,,,,,runs/experiment2_cross_site/site_c_edmonton/E2XC_F5_C2/seed20240604/B2
2,C,E2XC_F5_C2,20240604,B4b,,281,True,True,True,,,,,,runs/experiment2_cross_site/site_c_edmonton/E2XC_F5_C2/seed20240604/B4b
2,C,E2XC_F5_C2,20240605,B0,,310,True,False,False,,,,,,runs/experiment2_cross_site/site_c_edmonton/E2XC_F5_C2/seed20240605/B0
2,C,E2XC_F5_C2,20240605,B1,,281,True,True,True,,,,,,runs/experiment2_cross_site/site_c_edmonton/E2XC_F5_C2/seed20240605/B1
2,C,E2XC_F5_C2,20240605,B2,,281,True,True,True,,,,,,runs/experiment2_cross_site/site_c_edmonton/E2XC_F5_C2/seed20240605/B2
2,C,E2XC_F5_C2,20240605,B4b,,281,True,True,True,,,,,,runs/experiment2_cross_site/site_c_edmonton/E2XC_F5_C2/seed20240605/B4b
2,C,E2XC_F5_C2,20240606,B0,,310,True,False,False,,,,,,runs/experiment2_cross_site/site_c_edmonton/E2XC_F5_C2/seed20240606/B0
2,C,E2XC_F5_C2,20240606,B1,,281,True,True,True,,,,,,runs/experiment2_cross_site/site_c_edmonton/E2XC_F5_C2/seed20240606/B1
2,C,E2XC_F5_C2,20240606,B2,,281,True,True,True,,,,,,runs/experiment2_cross_site/site_c_edmonton/E2XC_F5_C2/seed20240606/B2
2,C,E2XC_F5_C2,20240606,B4b,,281,True,True,True,,,,,,runs/experiment2_cross_site/site_c_edmonton/E2XC_F5_C2/seed20240606/B4b
2,C,E2XC_F5_C2,20240607,B0,,310,True,False,False,,,,,,runs/experiment2_cross_site/site_c_edmonton/E2XC_F5_C2/seed20240607/B0
2,C,E2XC_F5_C2,20240607,B1,,281,True,True,True,,,,,,runs/experiment2_cross_site/site_c_edmonton/E2XC_F5_C2/seed20240607/B1
2,C,E2XC_F5_C2,20240607,B2,,281,True,True,True,,,,,,runs/experiment2_cross_site/site_c_edmonton/E2XC_F5_C2/seed20240607/B2
2,C,E2XC_F5_C2,20240607,B4b,,281,True,True,True,,,,,,runs/experiment2_cross_site/site_c_edmonton/E2XC_F5_C2/seed20240607/B4b
2,C,E2XC_F5_C2,20240608,B0,,310,True,False,False,,,,,,runs/experiment2_cross_site/site_c_edmonton/E2XC_F5_C2/seed20240608/B0
2,C,E2XC_F5_C2,20240608,B1,,281,True,True,True,,,,,,runs/experiment2_cross_site/site_c_edmonton/E2XC_F5_C2/seed20240608/B1
2,C,E2XC_F5_C2,20240608,B2,,281,True,True,True,,,,,,runs/experiment2_cross_site/site_c_edmonton/E2XC_F5_C2/seed20240608/B2
2,C,E2XC_F5_C2,20240608,B4b,,281,True,True,True,,,,,,runs/experiment2_cross_site/site_c_edmonton/E2XC_F5_C2/seed20240608/B4b
2,C,E2XC_F5_C2,20240609,B0,,310,True,False,False,,,,,,runs/experiment2_cross_site/site_c_edmonton/E2XC_F5_C2/seed20240609/B0
2,C,E2XC_F5_C2,20240609,B1,,281,True,True,True,,,,,,runs/experiment2_cross_site/site_c_edmonton/E2XC_F5_C2/seed20240609/B1
2,C,E2XC_F5_C2,20240609,B2,,281,True,True,True,,,,,,runs/experiment2_cross_site/site_c_edmonton/E2XC_F5_C2/seed20240609/B2
2,C,E2XC_F5_C2,20240609,B4b,,281,True,True,True,,,,,,runs/experiment2_cross_site/site_c_edmonton/E2XC_F5_C2/seed20240609/B4b
2,C,E2XC_F5_C2,20240610,B0,,310,True,False,False,,,,,,runs/experiment2_cross_site/site_c_edmonton/E2XC_F5_C2/seed20240610/B0
2,C,E2XC_F5_C2,20240610,B1,,281,True,True,True,,,,,,runs/experiment2_cross_site/site_c_edmonton/E2XC_F5_C2/seed20240610/B1
2,C,E2XC_F5_C2,20240610,B2,,281,True,True,True,,,,,,runs/experiment2_cross_site/site_c_edmonton/E2XC_F5_C2/seed20240610/B2
2,C,E2XC_F5_C2,20240610,B4b,,281,True,True,True,,,,,,runs/experiment2_cross_site/site_c_edmonton/E2XC_F5_C2/seed20240610/B4b
2,C,E2XC_F5_C2,20240611,B0,,310,True,False,False,,,,,,runs/experiment2_cross_site/site_c_edmonton/E2XC_F5_C2/seed20240611/B0
2,C,E2XC_F5_C2,20240611,B1,,281,True,True,True,,,,,,runs/experiment2_cross_site/site_c_edmonton/E2XC_F5_C2/seed20240611/B1
2,C,E2XC_F5_C2,20240611,B2,,281,True,True,True,,,,,,runs/experiment2_cross_site/site_c_edmonton/E2XC_F5_C2/seed20240611/B2
2,C,E2XC_F5_C2,20240611,B4b,,281,True,True,True,,,,,,runs/experiment2_cross_site/site_c_edmonton/E2XC_F5_C2/seed20240611/B4b
2,C,E2XC_F5_C2,20240612,B0,,310,True,False,False,,,,,,runs/experiment2_cross_site/site_c_edmonton/E2XC_F5_C2/seed20240612/B0
2,C,E2XC_F5_C2,20240612,B1,,281,True,True,True,,,,,,runs/experiment2_cross_site/site_c_edmonton/E2XC_F5_C2/seed20240612/B1
2,C,E2XC_F5_C2,20240612,B2,,281,True,True,True,,,,,,runs/experiment2_cross_site/site_c_edmonton/E2XC_F5_C2/seed20240612/B2
2,C,E2XC_F5_C2,20240612,B4b,,281,True,True,True,,,,,,runs/experiment2_cross_site/site_c_edmonton/E2XC_F5_C2/seed20240612/B4b
2,C,E2XC_F5_C2,20240613,B0,,310,True,False,False,,,,,,runs/experiment2_cross_site/site_c_edmonton/E2XC_F5_C2/seed20240613/B0
2,C,E2XC_F5_C2,20240613,B1,,281,True,True,True,,,,,,runs/experiment2_cross_site/site_c_edmonton/E2XC_F5_C2/seed20240613/B1
2,C,E2XC_F5_C2,20240613,B2,,281,True,True,True,,,,,,runs/experiment2_cross_site/site_c_edmonton/E2XC_F5_C2/seed20240613/B2
2,C,E2XC_F5_C2,20240613,B4b,,281,True,True,True,,,,,,runs/experiment2_cross_site/site_c_edmonton/E2XC_F5_C2/seed20240613/B4b
2,C,E2XC_F5_C2,20240614,B0,,310,True,False,False,,,,,,runs/experiment2_cross_site/site_c_edmonton/E2XC_F5_C2/seed20240614/B0
2,C,E2XC_F5_C2,20240614,B1,,281,True,True,True,,,,,,runs/experiment2_cross_site/site_c_edmonton/E2XC_F5_C2/seed20240614/B1
2,C,E2XC_F5_C2,20240614,B2,,281,True,True,True,,,,,,runs/experiment2_cross_site/site_c_edmonton/E2XC_F5_C2/seed20240614/B2
2,C,E2XC_F5_C2,20240614,B4b,,281,True,True,True,,,,,,runs/experiment2_cross_site/site_c_edmonton/E2XC_F5_C2/seed20240614/B4b
2,C,E2XC_F5_C2,20240615,B0,,310,True,False,False,,,,,,runs/experiment2_cross_site/site_c_edmonton/E2XC_F5_C2/seed20240615/B0
2,C,E2XC_F5_C2,20240615,B1,,281,True,True,True,,,,,,runs/experiment2_cross_site/site_c_edmonton/E2XC_F5_C2/seed20240615/B1
2,C,E2XC_F5_C2,20240615,B2,,281,True,True,True,,,,,,runs/experiment2_cross_site/site_c_edmonton/E2XC_F5_C2/seed20240615/B2
2,C,E2XC_F5_C2,20240615,B4b,,281,True,True,True,,,,,,runs/experiment2_cross_site/site_c_edmonton/E2XC_F5_C2/seed20240615/B4b
2,C,E2XC_F5_C2,20240616,B0,,310,True,False,False,,,,,,runs/experiment2_cross_site/site_c_edmonton/E2XC_F5_C2/seed20240616/B0
2,C,E2XC_F5_C2,20240616,B1,,281,True,True,True,,,,,,runs/experiment2_cross_site/site_c_edmonton/E2XC_F5_C2/seed20240616/B1
2,C,E2XC_F5_C2,20240616,B2,,281,True,True,True,,,,,,runs/experiment2_cross_site/site_c_edmonton/E2XC_F5_C2/seed20240616/B2
2,C,E2XC_F5_C2,20240616,B4b,,281,True,True,True,,,,,,runs/experiment2_cross_site/site_c_edmonton/E2XC_F5_C2/seed20240616/B4b
2,C,E2XC_F5_C2,20240617,B0,,310,True,False,False,,,,,,runs/experiment2_cross_site/site_c_edmonton/E2XC_F5_C2/seed20240617/B0
2,C,E2XC_F5_C2,20240617,B1,,281,True,True,True,,,,,,runs/experiment2_cross_site/site_c_edmonton/E2XC_F5_C2/seed20240617/B1
2,C,E2XC_F5_C2,20240617,B2,,281,True,True,True,,,,,,runs/experiment2_cross_site/site_c_edmonton/E2XC_F5_C2/seed20240617/B2
2,C,E2XC_F5_C2,20240617,B4b,,281,True,True,True,,,,,,runs/experiment2_cross_site/site_c_edmonton/E2XC_F5_C2/seed20240617/B4b
2,C,E2XC_F5_C2,20240618,B0,,310,True,False,False,,,,,,runs/experiment2_cross_site/site_c_edmonton/E2XC_F5_C2/seed20240618/B0
2,C,E2XC_F5_C2,20240618,B1,,281,True,True,True,,,,,,runs/experiment2_cross_site/site_c_edmonton/E2XC_F5_C2/seed20240618/B1
2,C,E2XC_F5_C2,20240618,B2,,281,True,True,True,,,,,,runs/experiment2_cross_site/site_c_edmonton/E2XC_F5_C2/seed20240618/B2
2,C,E2XC_F5_C2,20240618,B4b,,281,True,True,True,,,,,,runs/experiment2_cross_site/site_c_edmonton/E2XC_F5_C2/seed20240618/B4b
2,C,E2XC_F5_C2,20240619,B0,,310,True,False,False,,,,,,runs/experiment2_cross_site/site_c_edmonton/E2XC_F5_C2/seed20240619/B0
2,C,E2XC_F5_C2,20240619,B1,,281,True,True,True,,,,,,runs/experiment2_cross_site/site_c_edmonton/E2XC_F5_C2/seed20240619/B1
2,C,E2XC_F5_C2,20240619,B2,,281,True,True,True,,,,,,runs/experiment2_cross_site/site_c_edmonton/E2XC_F5_C2/seed20240619/B2
2,C,E2XC_F5_C2,20240619,B4b,,281,True,True,True,,,,,,runs/experiment2_cross_site/site_c_edmonton/E2XC_F5_C2/seed20240619/B4b
2,C,E2XC_F5_C2,20240620,B0,,310,True,False,False,,,,,,runs/experiment2_cross_site/site_c_edmonton/E2XC_F5_C2/seed20240620/B0
2,C,E2XC_F5_C2,20240620,B1,,281,True,True,True,,,,,,runs/experiment2_cross_site/site_c_edmonton/E2XC_F5_C2/seed20240620/B1
2,C,E2XC_F5_C2,20240620,B2,,281,True,True,True,,,,,,runs/experiment2_cross_site/site_c_edmonton/E2XC_F5_C2/seed20240620/B2
2,C,E2XC_F5_C2,20240620,B4b,,281,True,True,True,,,,,,runs/experiment2_cross_site/site_c_edmonton/E2XC_F5_C2/seed20240620/B4b
2,C,E2XC_F5_C3,20240601,B0,,310,True,False,False,,,,,,runs/experiment2_cross_site/site_c_edmonton/E2XC_F5_C3/seed20240601/B0
2,C,E2XC_F5_C3,20240601,B1,,393,True,True,True,,,,,,runs/experiment2_cross_site/site_c_edmonton/E2XC_F5_C3/seed20240601/B1
2,C,E2XC_F5_C3,20240601,B2,,393,True,True,True,,,,,,runs/experiment2_cross_site/site_c_edmonton/E2XC_F5_C3/seed20240601/B2
2,C,E2XC_F5_C3,20240601,B4b,,393,True,True,True,,,,,,runs/experiment2_cross_site/site_c_edmonton/E2XC_F5_C3/seed20240601/B4b
2,C,E2XC_F5_C3,20240602,B0,,310,True,False,False,,,,,,runs/experiment2_cross_site/site_c_edmonton/E2XC_F5_C3/seed20240602/B0
2,C,E2XC_F5_C3,20240602,B1,,393,True,True,True,,,,,,runs/experiment2_cross_site/site_c_edmonton/E2XC_F5_C3/seed20240602/B1
2,C,E2XC_F5_C3,20240602,B2,,393,True,True,True,,,,,,runs/experiment2_cross_site/site_c_edmonton/E2XC_F5_C3/seed20240602/B2
2,C,E2XC_F5_C3,20240602,B4b,,393,True,True,True,,,,,,runs/experiment2_cross_site/site_c_edmonton/E2XC_F5_C3/seed20240602/B4b
2,C,E2XC_F5_C3,20240603,B0,,310,True,False,False,,,,,,runs/experiment2_cross_site/site_c_edmonton/E2XC_F5_C3/seed20240603/B0
2,C,E2XC_F5_C3,20240603,B1,,393,True,True,True,,,,,,runs/experiment2_cross_site/site_c_edmonton/E2XC_F5_C3/seed20240603/B1
2,C,E2XC_F5_C3,20240603,B2,,393,True,True,True,,,,,,runs/experiment2_cross_site/site_c_edmonton/E2XC_F5_C3/seed20240603/B2
2,C,E2XC_F5_C3,20240603,B4b,,393,True,True,True,,,,,,runs/experiment2_cross_site/site_c_edmonton/E2XC_F5_C3/seed20240603/B4b
2,C,E2XC_F5_C3,20240604,B0,,310,True,False,False,,,,,,runs/experiment2_cross_site/site_c_edmonton/E2XC_F5_C3/seed20240604/B0
2,C,E2XC_F5_C3,20240604,B1,,393,True,True,True,,,,,,runs/experiment2_cross_site/site_c_edmonton/E2XC_F5_C3/seed20240604/B1
2,C,E2XC_F5_C3,20240604,B2,,393,True,True,True,,,,,,runs/experiment2_cross_site/site_c_edmonton/E2XC_F5_C3/seed20240604/B2
2,C,E2XC_F5_C3,20240604,B4b,,393,True,True,True,,,,,,runs/experiment2_cross_site/site_c_edmonton/E2XC_F5_C3/seed20240604/B4b
2,C,E2XC_F5_C3,20240605,B0,,310,True,False,False,,,,,,runs/experiment2_cross_site/site_c_edmonton/E2XC_F5_C3/seed20240605/B0
2,C,E2XC_F5_C3,20240605,B1,,393,True,True,True,,,,,,runs/experiment2_cross_site/site_c_edmonton/E2XC_F5_C3/seed20240605/B1
2,C,E2XC_F5_C3,20240605,B2,,393,True,True,True,,,,,,runs/experiment2_cross_site/site_c_edmonton/E2XC_F5_C3/seed20240605/B2
2,C,E2XC_F5_C3,20240605,B4b,,393,True,True,True,,,,,,runs/experiment2_cross_site/site_c_edmonton/E2XC_F5_C3/seed20240605/B4b
2,C,E2XC_F5_C3,20240606,B0,,310,True,False,False,,,,,,runs/experiment2_cross_site/site_c_edmonton/E2XC_F5_C3/seed20240606/B0
2,C,E2XC_F5_C3,20240606,B1,,393,True,True,True,,,,,,runs/experiment2_cross_site/site_c_edmonton/E2XC_F5_C3/seed20240606/B1
2,C,E2XC_F5_C3,20240606,B2,,393,True,True,True,,,,,,runs/experiment2_cross_site/site_c_edmonton/E2XC_F5_C3/seed20240606/B2
2,C,E2XC_F5_C3,20240606,B4b,,393,True,True,True,,,,,,runs/experiment2_cross_site/site_c_edmonton/E2XC_F5_C3/seed20240606/B4b
2,C,E2XC_F5_C3,20240607,B0,,310,True,False,False,,,,,,runs/experiment2_cross_site/site_c_edmonton/E2XC_F5_C3/seed20240607/B0
2,C,E2XC_F5_C3,20240607,B1,,393,True,True,True,,,,,,runs/experiment2_cross_site/site_c_edmonton/E2XC_F5_C3/seed20240607/B1
2,C,E2XC_F5_C3,20240607,B2,,393,True,True,True,,,,,,runs/experiment2_cross_site/site_c_edmonton/E2XC_F5_C3/seed20240607/B2
2,C,E2XC_F5_C3,20240607,B4b,,393,True,True,True,,,,,,runs/experiment2_cross_site/site_c_edmonton/E2XC_F5_C3/seed20240607/B4b
2,C,E2XC_F5_C3,20240608,B0,,310,True,False,False,,,,,,runs/experiment2_cross_site/site_c_edmonton/E2XC_F5_C3/seed20240608/B0
2,C,E2XC_F5_C3,20240608,B1,,393,True,True,True,,,,,,runs/experiment2_cross_site/site_c_edmonton/E2XC_F5_C3/seed20240608/B1
2,C,E2XC_F5_C3,20240608,B2,,393,True,True,True,,,,,,runs/experiment2_cross_site/site_c_edmonton/E2XC_F5_C3/seed20240608/B2
2,C,E2XC_F5_C3,20240608,B4b,,393,True,True,True,,,,,,runs/experiment2_cross_site/site_c_edmonton/E2XC_F5_C3/seed20240608/B4b
2,C,E2XC_F5_C3,20240609,B0,,310,True,False,False,,,,,,runs/experiment2_cross_site/site_c_edmonton/E2XC_F5_C3/seed20240609/B0
2,C,E2XC_F5_C3,20240609,B1,,393,True,True,True,,,,,,runs/experiment2_cross_site/site_c_edmonton/E2XC_F5_C3/seed20240609/B1
2,C,E2XC_F5_C3,20240609,B2,,393,True,True,True,,,,,,runs/experiment2_cross_site/site_c_edmonton/E2XC_F5_C3/seed20240609/B2
2,C,E2XC_F5_C3,20240609,B4b,,393,True,True,True,,,,,,runs/experiment2_cross_site/site_c_edmonton/E2XC_F5_C3/seed20240609/B4b
2,C,E2XC_F5_C3,20240610,B0,,310,True,False,False,,,,,,runs/experiment2_cross_site/site_c_edmonton/E2XC_F5_C3/seed20240610/B0
2,C,E2XC_F5_C3,20240610,B1,,393,True,True,True,,,,,,runs/experiment2_cross_site/site_c_edmonton/E2XC_F5_C3/seed20240610/B1
2,C,E2XC_F5_C3,20240610,B2,,393,True,True,True,,,,,,runs/experiment2_cross_site/site_c_edmonton/E2XC_F5_C3/seed20240610/B2
2,C,E2XC_F5_C3,20240610,B4b,,393,True,True,True,,,,,,runs/experiment2_cross_site/site_c_edmonton/E2XC_F5_C3/seed20240610/B4b
2,C,E2XC_F5_C3,20240611,B0,,310,True,False,False,,,,,,runs/experiment2_cross_site/site_c_edmonton/E2XC_F5_C3/seed20240611/B0
2,C,E2XC_F5_C3,20240611,B1,,393,True,True,True,,,,,,runs/experiment2_cross_site/site_c_edmonton/E2XC_F5_C3/seed20240611/B1
2,C,E2XC_F5_C3,20240611,B2,,393,True,True,True,,,,,,runs/experiment2_cross_site/site_c_edmonton/E2XC_F5_C3/seed20240611/B2
2,C,E2XC_F5_C3,20240611,B4b,,393,True,True,True,,,,,,runs/experiment2_cross_site/site_c_edmonton/E2XC_F5_C3/seed20240611/B4b
2,C,E2XC_F5_C3,20240612,B0,,310,True,False,False,,,,,,runs/experiment2_cross_site/site_c_edmonton/E2XC_F5_C3/seed20240612/B0
2,C,E2XC_F5_C3,20240612,B1,,393,True,True,True,,,,,,runs/experiment2_cross_site/site_c_edmonton/E2XC_F5_C3/seed20240612/B1
2,C,E2XC_F5_C3,20240612,B2,,393,True,True,True,,,,,,runs/experiment2_cross_site/site_c_edmonton/E2XC_F5_C3/seed20240612/B2
2,C,E2XC_F5_C3,20240612,B4b,,393,True,True,True,,,,,,runs/experiment2_cross_site/site_c_edmonton/E2XC_F5_C3/seed20240612/B4b
2,C,E2XC_F5_C3,20240613,B0,,310,True,False,False,,,,,,runs/experiment2_cross_site/site_c_edmonton/E2XC_F5_C3/seed20240613/B0
2,C,E2XC_F5_C3,20240613,B1,,393,True,True,True,,,,,,runs/experiment2_cross_site/site_c_edmonton/E2XC_F5_C3/seed20240613/B1
2,C,E2XC_F5_C3,20240613,B2,,393,True,True,True,,,,,,runs/experiment2_cross_site/site_c_edmonton/E2XC_F5_C3/seed20240613/B2
2,C,E2XC_F5_C3,20240613,B4b,,393,True,True,True,,,,,,runs/experiment2_cross_site/site_c_edmonton/E2XC_F5_C3/seed20240613/B4b
2,C,E2XC_F5_C3,20240614,B0,,310,True,False,False,,,,,,runs/experiment2_cross_site/site_c_edmonton/E2XC_F5_C3/seed20240614/B0
2,C,E2XC_F5_C3,20240614,B1,,393,True,True,True,,,,,,runs/experiment2_cross_site/site_c_edmonton/E2XC_F5_C3/seed20240614/B1
2,C,E2XC_F5_C3,20240614,B2,,393,True,True,True,,,,,,runs/experiment2_cross_site/site_c_edmonton/E2XC_F5_C3/seed20240614/B2
2,C,E2XC_F5_C3,20240614,B4b,,393,True,True,True,,,,,,runs/experiment2_cross_site/site_c_edmonton/E2XC_F5_C3/seed20240614/B4b
2,C,E2XC_F5_C3,20240615,B0,,310,True,False,False,,,,,,runs/experiment2_cross_site/site_c_edmonton/E2XC_F5_C3/seed20240615/B0
2,C,E2XC_F5_C3,20240615,B1,,393,True,True,True,,,,,,runs/experiment2_cross_site/site_c_edmonton/E2XC_F5_C3/seed20240615/B1
2,C,E2XC_F5_C3,20240615,B2,,393,True,True,True,,,,,,runs/experiment2_cross_site/site_c_edmonton/E2XC_F5_C3/seed20240615/B2
2,C,E2XC_F5_C3,20240615,B4b,,393,True,True,True,,,,,,runs/experiment2_cross_site/site_c_edmonton/E2XC_F5_C3/seed20240615/B4b
2,C,E2XC_F5_C3,20240616,B0,,310,True,False,False,,,,,,runs/experiment2_cross_site/site_c_edmonton/E2XC_F5_C3/seed20240616/B0
2,C,E2XC_F5_C3,20240616,B1,,393,True,True,True,,,,,,runs/experiment2_cross_site/site_c_edmonton/E2XC_F5_C3/seed20240616/B1
2,C,E2XC_F5_C3,20240616,B2,,393,True,True,True,,,,,,runs/experiment2_cross_site/site_c_edmonton/E2XC_F5_C3/seed20240616/B2
2,C,E2XC_F5_C3,20240616,B4b,,393,True,True,True,,,,,,runs/experiment2_cross_site/site_c_edmonton/E2XC_F5_C3/seed20240616/B4b
2,C,E2XC_F5_C3,20240617,B0,,310,True,False,False,,,,,,runs/experiment2_cross_site/site_c_edmonton/E2XC_F5_C3/seed20240617/B0
2,C,E2XC_F5_C3,20240617,B1,,393,True,True,True,,,,,,runs/experiment2_cross_site/site_c_edmonton/E2XC_F5_C3/seed20240617/B1
2,C,E2XC_F5_C3,20240617,B2,,393,True,True,True,,,,,,runs/experiment2_cross_site/site_c_edmonton/E2XC_F5_C3/seed20240617/B2
2,C,E2XC_F5_C3,20240617,B4b,,393,True,True,True,,,,,,runs/experiment2_cross_site/site_c_edmonton/E2XC_F5_C3/seed20240617/B4b
2,C,E2XC_F5_C3,20240618,B0,,310,True,False,False,,,,,,runs/experiment2_cross_site/site_c_edmonton/E2XC_F5_C3/seed20240618/B0
2,C,E2XC_F5_C3,20240618,B1,,393,True,True,True,,,,,,runs/experiment2_cross_site/site_c_edmonton/E2XC_F5_C3/seed20240618/B1
2,C,E2XC_F5_C3,20240618,B2,,393,True,True,True,,,,,,runs/experiment2_cross_site/site_c_edmonton/E2XC_F5_C3/seed20240618/B2
2,C,E2XC_F5_C3,20240618,B4b,,393,True,True,True,,,,,,runs/experiment2_cross_site/site_c_edmonton/E2XC_F5_C3/seed20240618/B4b
2,C,E2XC_F5_C3,20240619,B0,,310,True,False,False,,,,,,runs/experiment2_cross_site/site_c_edmonton/E2XC_F5_C3/seed20240619/B0
2,C,E2XC_F5_C3,20240619,B1,,393,True,True,True,,,,,,runs/experiment2_cross_site/site_c_edmonton/E2XC_F5_C3/seed20240619/B1
2,C,E2XC_F5_C3,20240619,B2,,393,True,True,True,,,,,,runs/experiment2_cross_site/site_c_edmonton/E2XC_F5_C3/seed20240619/B2
2,C,E2XC_F5_C3,20240619,B4b,,393,True,True,True,,,,,,runs/experiment2_cross_site/site_c_edmonton/E2XC_F5_C3/seed20240619/B4b
2,C,E2XC_F5_C3,20240620,B0,,310,True,False,False,,,,,,runs/experiment2_cross_site/site_c_edmonton/E2XC_F5_C3/seed20240620/B0
2,C,E2XC_F5_C3,20240620,B1,,393,True,True,True,,,,,,runs/experiment2_cross_site/site_c_edmonton/E2XC_F5_C3/seed20240620/B1
2,C,E2XC_F5_C3,20240620,B2,,393,True,True,True,,,,,,runs/experiment2_cross_site/site_c_edmonton/E2XC_F5_C3/seed20240620/B2
2,C,E2XC_F5_C3,20240620,B4b,,393,True,True,True,,,,,,runs/experiment2_cross_site/site_c_edmonton/E2XC_F5_C3/seed20240620/B4b
2,C,E2XC_F6_C1,20240601,B0,,310,True,False,False,,,,,,runs/experiment2_cross_site/site_c_edmonton/E2XC_F6_C1/seed20240601/B0
2,C,E2XC_F6_C1,20240601,B1,,161,False,False,False,,,,,,runs/experiment2_cross_site/site_c_edmonton/E2XC_F6_C1/seed20240601/B1
2,C,E2XC_F6_C1,20240601,B2,,161,False,False,False,,,,,,runs/experiment2_cross_site/site_c_edmonton/E2XC_F6_C1/seed20240601/B2
2,C,E2XC_F6_C1,20240601,B4b,,161,False,False,False,,,,,,runs/experiment2_cross_site/site_c_edmonton/E2XC_F6_C1/seed20240601/B4b
2,C,E2XC_F6_C1,20240602,B0,,310,True,False,False,,,,,,runs/experiment2_cross_site/site_c_edmonton/E2XC_F6_C1/seed20240602/B0
2,C,E2XC_F6_C1,20240602,B1,,161,False,False,False,,,,,,runs/experiment2_cross_site/site_c_edmonton/E2XC_F6_C1/seed20240602/B1
2,C,E2XC_F6_C1,20240602,B2,,161,False,False,False,,,,,,runs/experiment2_cross_site/site_c_edmonton/E2XC_F6_C1/seed20240602/B2
2,C,E2XC_F6_C1,20240602,B4b,,161,False,False,False,,,,,,runs/experiment2_cross_site/site_c_edmonton/E2XC_F6_C1/seed20240602/B4b
2,C,E2XC_F6_C1,20240603,B0,,310,True,False,False,,,,,,runs/experiment2_cross_site/site_c_edmonton/E2XC_F6_C1/seed20240603/B0
2,C,E2XC_F6_C1,20240603,B1,,161,False,False,False,,,,,,runs/experiment2_cross_site/site_c_edmonton/E2XC_F6_C1/seed20240603/B1
2,C,E2XC_F6_C1,20240603,B2,,161,False,False,False,,,,,,runs/experiment2_cross_site/site_c_edmonton/E2XC_F6_C1/seed20240603/B2
2,C,E2XC_F6_C1,20240603,B4b,,161,False,False,False,,,,,,runs/experiment2_cross_site/site_c_edmonton/E2XC_F6_C1/seed20240603/B4b
2,C,E2XC_F6_C1,20240604,B0,,310,True,False,False,,,,,,runs/experiment2_cross_site/site_c_edmonton/E2XC_F6_C1/seed20240604/B0
2,C,E2XC_F6_C1,20240604,B1,,161,False,False,False,,,,,,runs/experiment2_cross_site/site_c_edmonton/E2XC_F6_C1/seed20240604/B1
2,C,E2XC_F6_C1,20240604,B2,,161,False,False,False,,,,,,runs/experiment2_cross_site/site_c_edmonton/E2XC_F6_C1/seed20240604/B2
2,C,E2XC_F6_C1,20240604,B4b,,161,False,False,False,,,,,,runs/experiment2_cross_site/site_c_edmonton/E2XC_F6_C1/seed20240604/B4b
2,C,E2XC_F6_C1,20240605,B0,,310,True,False,False,,,,,,runs/experiment2_cross_site/site_c_edmonton/E2XC_F6_C1/seed20240605/B0
2,C,E2XC_F6_C1,20240605,B1,,161,False,False,False,,,,,,runs/experiment2_cross_site/site_c_edmonton/E2XC_F6_C1/seed20240605/B1
2,C,E2XC_F6_C1,20240605,B2,,161,False,False,False,,,,,,runs/experiment2_cross_site/site_c_edmonton/E2XC_F6_C1/seed20240605/B2
2,C,E2XC_F6_C1,20240605,B4b,,161,False,False,False,,,,,,runs/experiment2_cross_site/site_c_edmonton/E2XC_F6_C1/seed20240605/B4b
2,C,E2XC_F6_C1,20240606,B0,,310,True,False,False,,,,,,runs/experiment2_cross_site/site_c_edmonton/E2XC_F6_C1/seed20240606/B0
2,C,E2XC_F6_C1,20240606,B1,,161,False,False,False,,,,,,runs/experiment2_cross_site/site_c_edmonton/E2XC_F6_C1/seed20240606/B1
2,C,E2XC_F6_C1,20240606,B2,,161,False,False,False,,,,,,runs/experiment2_cross_site/site_c_edmonton/E2XC_F6_C1/seed20240606/B2
2,C,E2XC_F6_C1,20240606,B4b,,161,False,False,False,,,,,,runs/experiment2_cross_site/site_c_edmonton/E2XC_F6_C1/seed20240606/B4b
2,C,E2XC_F6_C1,20240607,B0,,310,True,False,False,,,,,,runs/experiment2_cross_site/site_c_edmonton/E2XC_F6_C1/seed20240607/B0
2,C,E2XC_F6_C1,20240607,B1,,161,False,False,False,,,,,,runs/experiment2_cross_site/site_c_edmonton/E2XC_F6_C1/seed20240607/B1
2,C,E2XC_F6_C1,20240607,B2,,161,False,False,False,,,,,,runs/experiment2_cross_site/site_c_edmonton/E2XC_F6_C1/seed20240607/B2
2,C,E2XC_F6_C1,20240607,B4b,,161,False,False,False,,,,,,runs/experiment2_cross_site/site_c_edmonton/E2XC_F6_C1/seed20240607/B4b
2,C,E2XC_F6_C1,20240608,B0,,310,True,False,False,,,,,,runs/experiment2_cross_site/site_c_edmonton/E2XC_F6_C1/seed20240608/B0
2,C,E2XC_F6_C1,20240608,B1,,161,False,False,False,,,,,,runs/experiment2_cross_site/site_c_edmonton/E2XC_F6_C1/seed20240608/B1
2,C,E2XC_F6_C1,20240608,B2,,161,False,False,False,,,,,,runs/experiment2_cross_site/site_c_edmonton/E2XC_F6_C1/seed20240608/B2
2,C,E2XC_F6_C1,20240608,B4b,,161,False,False,False,,,,,,runs/experiment2_cross_site/site_c_edmonton/E2XC_F6_C1/seed20240608/B4b
2,C,E2XC_F6_C1,20240609,B0,,310,True,False,False,,,,,,runs/experiment2_cross_site/site_c_edmonton/E2XC_F6_C1/seed20240609/B0
2,C,E2XC_F6_C1,20240609,B1,,161,False,False,False,,,,,,runs/experiment2_cross_site/site_c_edmonton/E2XC_F6_C1/seed20240609/B1
2,C,E2XC_F6_C1,20240609,B2,,161,False,False,False,,,,,,runs/experiment2_cross_site/site_c_edmonton/E2XC_F6_C1/seed20240609/B2
2,C,E2XC_F6_C1,20240609,B4b,,161,False,False,False,,,,,,runs/experiment2_cross_site/site_c_edmonton/E2XC_F6_C1/seed20240609/B4b
2,C,E2XC_F6_C1,20240610,B0,,310,True,False,False,,,,,,runs/experiment2_cross_site/site_c_edmonton/E2XC_F6_C1/seed20240610/B0
2,C,E2XC_F6_C1,20240610,B1,,161,False,False,False,,,,,,runs/experiment2_cross_site/site_c_edmonton/E2XC_F6_C1/seed20240610/B1
2,C,E2XC_F6_C1,20240610,B2,,161,False,False,False,,,,,,runs/experiment2_cross_site/site_c_edmonton/E2XC_F6_C1/seed20240610/B2
2,C,E2XC_F6_C1,20240610,B4b,,161,False,False,False,,,,,,runs/experiment2_cross_site/site_c_edmonton/E2XC_F6_C1/seed20240610/B4b
2,C,E2XC_F6_C1,20240611,B0,,310,True,False,False,,,,,,runs/experiment2_cross_site/site_c_edmonton/E2XC_F6_C1/seed20240611/B0
2,C,E2XC_F6_C1,20240611,B1,,161,False,False,False,,,,,,runs/experiment2_cross_site/site_c_edmonton/E2XC_F6_C1/seed20240611/B1
2,C,E2XC_F6_C1,20240611,B2,,161,False,False,False,,,,,,runs/experiment2_cross_site/site_c_edmonton/E2XC_F6_C1/seed20240611/B2
2,C,E2XC_F6_C1,20240611,B4b,,161,False,False,False,,,,,,runs/experiment2_cross_site/site_c_edmonton/E2XC_F6_C1/seed20240611/B4b
2,C,E2XC_F6_C1,20240612,B0,,310,True,False,False,,,,,,runs/experiment2_cross_site/site_c_edmonton/E2XC_F6_C1/seed20240612/B0
2,C,E2XC_F6_C1,20240612,B1,,161,False,False,False,,,,,,runs/experiment2_cross_site/site_c_edmonton/E2XC_F6_C1/seed20240612/B1
2,C,E2XC_F6_C1,20240612,B2,,161,False,False,False,,,,,,runs/experiment2_cross_site/site_c_edmonton/E2XC_F6_C1/seed20240612/B2
2,C,E2XC_F6_C1,20240612,B4b,,161,False,False,False,,,,,,runs/experiment2_cross_site/site_c_edmonton/E2XC_F6_C1/seed20240612/B4b
2,C,E2XC_F6_C1,20240613,B0,,310,True,False,False,,,,,,runs/experiment2_cross_site/site_c_edmonton/E2XC_F6_C1/seed20240613/B0
2,C,E2XC_F6_C1,20240613,B1,,161,False,False,False,,,,,,runs/experiment2_cross_site/site_c_edmonton/E2XC_F6_C1/seed20240613/B1
2,C,E2XC_F6_C1,20240613,B2,,161,False,False,False,,,,,,runs/experiment2_cross_site/site_c_edmonton/E2XC_F6_C1/seed20240613/B2
2,C,E2XC_F6_C1,20240613,B4b,,161,False,False,False,,,,,,runs/experiment2_cross_site/site_c_edmonton/E2XC_F6_C1/seed20240613/B4b
2,C,E2XC_F6_C1,20240614,B0,,310,True,False,False,,,,,,runs/experiment2_cross_site/site_c_edmonton/E2XC_F6_C1/seed20240614/B0
2,C,E2XC_F6_C1,20240614,B1,,161,False,False,False,,,,,,runs/experiment2_cross_site/site_c_edmonton/E2XC_F6_C1/seed20240614/B1
2,C,E2XC_F6_C1,20240614,B2,,161,False,False,False,,,,,,runs/experiment2_cross_site/site_c_edmonton/E2XC_F6_C1/seed20240614/B2
2,C,E2XC_F6_C1,20240614,B4b,,161,False,False,False,,,,,,runs/experiment2_cross_site/site_c_edmonton/E2XC_F6_C1/seed20240614/B4b
2,C,E2XC_F6_C1,20240615,B0,,310,True,False,False,,,,,,runs/experiment2_cross_site/site_c_edmonton/E2XC_F6_C1/seed20240615/B0
2,C,E2XC_F6_C1,20240615,B1,,161,False,False,False,,,,,,runs/experiment2_cross_site/site_c_edmonton/E2XC_F6_C1/seed20240615/B1
2,C,E2XC_F6_C1,20240615,B2,,161,False,False,False,,,,,,runs/experiment2_cross_site/site_c_edmonton/E2XC_F6_C1/seed20240615/B2
2,C,E2XC_F6_C1,20240615,B4b,,161,False,False,False,,,,,,runs/experiment2_cross_site/site_c_edmonton/E2XC_F6_C1/seed20240615/B4b
2,C,E2XC_F6_C1,20240616,B0,,310,True,False,False,,,,,,runs/experiment2_cross_site/site_c_edmonton/E2XC_F6_C1/seed20240616/B0
2,C,E2XC_F6_C1,20240616,B1,,161,False,False,False,,,,,,runs/experiment2_cross_site/site_c_edmonton/E2XC_F6_C1/seed20240616/B1
2,C,E2XC_F6_C1,20240616,B2,,161,False,False,False,,,,,,runs/experiment2_cross_site/site_c_edmonton/E2XC_F6_C1/seed20240616/B2
2,C,E2XC_F6_C1,20240616,B4b,,161,False,False,False,,,,,,runs/experiment2_cross_site/site_c_edmonton/E2XC_F6_C1/seed20240616/B4b
2,C,E2XC_F6_C1,20240617,B0,,310,True,False,False,,,,,,runs/experiment2_cross_site/site_c_edmonton/E2XC_F6_C1/seed20240617/B0
2,C,E2XC_F6_C1,20240617,B1,,161,False,False,False,,,,,,runs/experiment2_cross_site/site_c_edmonton/E2XC_F6_C1/seed20240617/B1
2,C,E2XC_F6_C1,20240617,B2,,161,False,False,False,,,,,,runs/experiment2_cross_site/site_c_edmonton/E2XC_F6_C1/seed20240617/B2
2,C,E2XC_F6_C1,20240617,B4b,,161,False,False,False,,,,,,runs/experiment2_cross_site/site_c_edmonton/E2XC_F6_C1/seed20240617/B4b
2,C,E2XC_F6_C1,20240618,B0,,310,True,False,False,,,,,,runs/experiment2_cross_site/site_c_edmonton/E2XC_F6_C1/seed20240618/B0
2,C,E2XC_F6_C1,20240618,B1,,161,False,False,False,,,,,,runs/experiment2_cross_site/site_c_edmonton/E2XC_F6_C1/seed20240618/B1
2,C,E2XC_F6_C1,20240618,B2,,161,False,False,False,,,,,,runs/experiment2_cross_site/site_c_edmonton/E2XC_F6_C1/seed20240618/B2
2,C,E2XC_F6_C1,20240618,B4b,,161,False,False,False,,,,,,runs/experiment2_cross_site/site_c_edmonton/E2XC_F6_C1/seed20240618/B4b
2,C,E2XC_F6_C1,20240619,B0,,310,True,False,False,,,,,,runs/experiment2_cross_site/site_c_edmonton/E2XC_F6_C1/seed20240619/B0
2,C,E2XC_F6_C1,20240619,B1,,161,False,False,False,,,,,,runs/experiment2_cross_site/site_c_edmonton/E2XC_F6_C1/seed20240619/B1
2,C,E2XC_F6_C1,20240619,B2,,161,False,False,False,,,,,,runs/experiment2_cross_site/site_c_edmonton/E2XC_F6_C1/seed20240619/B2
2,C,E2XC_F6_C1,20240619,B4b,,161,False,False,False,,,,,,runs/experiment2_cross_site/site_c_edmonton/E2XC_F6_C1/seed20240619/B4b
2,C,E2XC_F6_C1,20240620,B0,,310,True,False,False,,,,,,runs/experiment2_cross_site/site_c_edmonton/E2XC_F6_C1/seed20240620/B0
2,C,E2XC_F6_C1,20240620,B1,,161,False,False,False,,,,,,runs/experiment2_cross_site/site_c_edmonton/E2XC_F6_C1/seed20240620/B1
2,C,E2XC_F6_C1,20240620,B2,,161,False,False,False,,,,,,runs/experiment2_cross_site/site_c_edmonton/E2XC_F6_C1/seed20240620/B2
2,C,E2XC_F6_C1,20240620,B4b,,161,False,False,False,,,,,,runs/experiment2_cross_site/site_c_edmonton/E2XC_F6_C1/seed20240620/B4b
2,C,E2XC_F6_C2,20240601,B0,,310,True,False,False,,,,,,runs/experiment2_cross_site/site_c_edmonton/E2XC_F6_C2/seed20240601/B0
2,C,E2XC_F6_C2,20240601,B1,,281,True,True,True,,,,,,runs/experiment2_cross_site/site_c_edmonton/E2XC_F6_C2/seed20240601/B1
2,C,E2XC_F6_C2,20240601,B2,,281,True,True,True,,,,,,runs/experiment2_cross_site/site_c_edmonton/E2XC_F6_C2/seed20240601/B2
2,C,E2XC_F6_C2,20240601,B4b,,281,True,True,True,,,,,,runs/experiment2_cross_site/site_c_edmonton/E2XC_F6_C2/seed20240601/B4b
2,C,E2XC_F6_C2,20240602,B0,,310,True,False,False,,,,,,runs/experiment2_cross_site/site_c_edmonton/E2XC_F6_C2/seed20240602/B0
2,C,E2XC_F6_C2,20240602,B1,,281,True,True,True,,,,,,runs/experiment2_cross_site/site_c_edmonton/E2XC_F6_C2/seed20240602/B1
2,C,E2XC_F6_C2,20240602,B2,,281,True,True,True,,,,,,runs/experiment2_cross_site/site_c_edmonton/E2XC_F6_C2/seed20240602/B2
2,C,E2XC_F6_C2,20240602,B4b,,281,True,True,True,,,,,,runs/experiment2_cross_site/site_c_edmonton/E2XC_F6_C2/seed20240602/B4b
2,C,E2XC_F6_C2,20240603,B0,,310,True,False,False,,,,,,runs/experiment2_cross_site/site_c_edmonton/E2XC_F6_C2/seed20240603/B0
2,C,E2XC_F6_C2,20240603,B1,,281,True,True,True,,,,,,runs/experiment2_cross_site/site_c_edmonton/E2XC_F6_C2/seed20240603/B1
2,C,E2XC_F6_C2,20240603,B2,,281,True,True,True,,,,,,runs/experiment2_cross_site/site_c_edmonton/E2XC_F6_C2/seed20240603/B2
2,C,E2XC_F6_C2,20240603,B4b,,281,True,True,True,,,,,,runs/experiment2_cross_site/site_c_edmonton/E2XC_F6_C2/seed20240603/B4b
2,C,E2XC_F6_C2,20240604,B0,,310,True,False,False,,,,,,runs/experiment2_cross_site/site_c_edmonton/E2XC_F6_C2/seed20240604/B0
2,C,E2XC_F6_C2,20240604,B1,,281,True,True,True,,,,,,runs/experiment2_cross_site/site_c_edmonton/E2XC_F6_C2/seed20240604/B1
2,C,E2XC_F6_C2,20240604,B2,,281,True,True,True,,,,,,runs/experiment2_cross_site/site_c_edmonton/E2XC_F6_C2/seed20240604/B2
2,C,E2XC_F6_C2,20240604,B4b,,281,True,True,True,,,,,,runs/experiment2_cross_site/site_c_edmonton/E2XC_F6_C2/seed20240604/B4b
2,C,E2XC_F6_C2,20240605,B0,,310,True,False,False,,,,,,runs/experiment2_cross_site/site_c_edmonton/E2XC_F6_C2/seed20240605/B0
2,C,E2XC_F6_C2,20240605,B1,,281,True,True,True,,,,,,runs/experiment2_cross_site/site_c_edmonton/E2XC_F6_C2/seed20240605/B1
2,C,E2XC_F6_C2,20240605,B2,,281,True,True,True,,,,,,runs/experiment2_cross_site/site_c_edmonton/E2XC_F6_C2/seed20240605/B2
2,C,E2XC_F6_C2,20240605,B4b,,281,True,True,True,,,,,,runs/experiment2_cross_site/site_c_edmonton/E2XC_F6_C2/seed20240605/B4b
2,C,E2XC_F6_C2,20240606,B0,,310,True,False,False,,,,,,runs/experiment2_cross_site/site_c_edmonton/E2XC_F6_C2/seed20240606/B0
2,C,E2XC_F6_C2,20240606,B1,,281,True,True,True,,,,,,runs/experiment2_cross_site/site_c_edmonton/E2XC_F6_C2/seed20240606/B1
2,C,E2XC_F6_C2,20240606,B2,,281,True,True,True,,,,,,runs/experiment2_cross_site/site_c_edmonton/E2XC_F6_C2/seed20240606/B2
2,C,E2XC_F6_C2,20240606,B4b,,281,True,True,True,,,,,,runs/experiment2_cross_site/site_c_edmonton/E2XC_F6_C2/seed20240606/B4b
2,C,E2XC_F6_C2,20240607,B0,,310,True,False,False,,,,,,runs/experiment2_cross_site/site_c_edmonton/E2XC_F6_C2/seed20240607/B0
2,C,E2XC_F6_C2,20240607,B1,,281,True,True,True,,,,,,runs/experiment2_cross_site/site_c_edmonton/E2XC_F6_C2/seed20240607/B1
2,C,E2XC_F6_C2,20240607,B2,,281,True,True,True,,,,,,runs/experiment2_cross_site/site_c_edmonton/E2XC_F6_C2/seed20240607/B2
2,C,E2XC_F6_C2,20240607,B4b,,281,True,True,True,,,,,,runs/experiment2_cross_site/site_c_edmonton/E2XC_F6_C2/seed20240607/B4b
2,C,E2XC_F6_C2,20240608,B0,,310,True,False,False,,,,,,runs/experiment2_cross_site/site_c_edmonton/E2XC_F6_C2/seed20240608/B0
2,C,E2XC_F6_C2,20240608,B1,,281,True,True,True,,,,,,runs/experiment2_cross_site/site_c_edmonton/E2XC_F6_C2/seed20240608/B1
2,C,E2XC_F6_C2,20240608,B2,,281,True,True,True,,,,,,runs/experiment2_cross_site/site_c_edmonton/E2XC_F6_C2/seed20240608/B2
2,C,E2XC_F6_C2,20240608,B4b,,281,True,True,True,,,,,,runs/experiment2_cross_site/site_c_edmonton/E2XC_F6_C2/seed20240608/B4b
2,C,E2XC_F6_C2,20240609,B0,,310,True,False,False,,,,,,runs/experiment2_cross_site/site_c_edmonton/E2XC_F6_C2/seed20240609/B0
2,C,E2XC_F6_C2,20240609,B1,,281,True,True,True,,,,,,runs/experiment2_cross_site/site_c_edmonton/E2XC_F6_C2/seed20240609/B1
2,C,E2XC_F6_C2,20240609,B2,,281,True,True,True,,,,,,runs/experiment2_cross_site/site_c_edmonton/E2XC_F6_C2/seed20240609/B2
2,C,E2XC_F6_C2,20240609,B4b,,281,True,True,True,,,,,,runs/experiment2_cross_site/site_c_edmonton/E2XC_F6_C2/seed20240609/B4b
2,C,E2XC_F6_C2,20240610,B0,,310,True,False,False,,,,,,runs/experiment2_cross_site/site_c_edmonton/E2XC_F6_C2/seed20240610/B0
2,C,E2XC_F6_C2,20240610,B1,,281,True,True,True,,,,,,runs/experiment2_cross_site/site_c_edmonton/E2XC_F6_C2/seed20240610/B1
2,C,E2XC_F6_C2,20240610,B2,,281,True,True,True,,,,,,runs/experiment2_cross_site/site_c_edmonton/E2XC_F6_C2/seed20240610/B2
2,C,E2XC_F6_C2,20240610,B4b,,281,True,True,True,,,,,,runs/experiment2_cross_site/site_c_edmonton/E2XC_F6_C2/seed20240610/B4b
2,C,E2XC_F6_C2,20240611,B0,,310,True,False,False,,,,,,runs/experiment2_cross_site/site_c_edmonton/E2XC_F6_C2/seed20240611/B0
2,C,E2XC_F6_C2,20240611,B1,,281,True,True,True,,,,,,runs/experiment2_cross_site/site_c_edmonton/E2XC_F6_C2/seed20240611/B1
2,C,E2XC_F6_C2,20240611,B2,,281,True,True,True,,,,,,runs/experiment2_cross_site/site_c_edmonton/E2XC_F6_C2/seed20240611/B2
2,C,E2XC_F6_C2,20240611,B4b,,281,True,True,True,,,,,,runs/experiment2_cross_site/site_c_edmonton/E2XC_F6_C2/seed20240611/B4b
2,C,E2XC_F6_C2,20240612,B0,,310,True,False,False,,,,,,runs/experiment2_cross_site/site_c_edmonton/E2XC_F6_C2/seed20240612/B0
2,C,E2XC_F6_C2,20240612,B1,,281,True,True,True,,,,,,runs/experiment2_cross_site/site_c_edmonton/E2XC_F6_C2/seed20240612/B1
2,C,E2XC_F6_C2,20240612,B2,,281,True,True,True,,,,,,runs/experiment2_cross_site/site_c_edmonton/E2XC_F6_C2/seed20240612/B2
2,C,E2XC_F6_C2,20240612,B4b,,281,True,True,True,,,,,,runs/experiment2_cross_site/site_c_edmonton/E2XC_F6_C2/seed20240612/B4b
2,C,E2XC_F6_C2,20240613,B0,,310,True,False,False,,,,,,runs/experiment2_cross_site/site_c_edmonton/E2XC_F6_C2/seed20240613/B0
2,C,E2XC_F6_C2,20240613,B1,,281,True,True,True,,,,,,runs/experiment2_cross_site/site_c_edmonton/E2XC_F6_C2/seed20240613/B1
2,C,E2XC_F6_C2,20240613,B2,,281,True,True,True,,,,,,runs/experiment2_cross_site/site_c_edmonton/E2XC_F6_C2/seed20240613/B2
2,C,E2XC_F6_C2,20240613,B4b,,281,True,True,True,,,,,,runs/experiment2_cross_site/site_c_edmonton/E2XC_F6_C2/seed20240613/B4b
2,C,E2XC_F6_C2,20240614,B0,,310,True,False,False,,,,,,runs/experiment2_cross_site/site_c_edmonton/E2XC_F6_C2/seed20240614/B0
2,C,E2XC_F6_C2,20240614,B1,,281,True,True,True,,,,,,runs/experiment2_cross_site/site_c_edmonton/E2XC_F6_C2/seed20240614/B1
2,C,E2XC_F6_C2,20240614,B2,,281,True,True,True,,,,,,runs/experiment2_cross_site/site_c_edmonton/E2XC_F6_C2/seed20240614/B2
2,C,E2XC_F6_C2,20240614,B4b,,281,True,True,True,,,,,,runs/experiment2_cross_site/site_c_edmonton/E2XC_F6_C2/seed20240614/B4b
2,C,E2XC_F6_C2,20240615,B0,,310,True,False,False,,,,,,runs/experiment2_cross_site/site_c_edmonton/E2XC_F6_C2/seed20240615/B0
2,C,E2XC_F6_C2,20240615,B1,,281,True,True,True,,,,,,runs/experiment2_cross_site/site_c_edmonton/E2XC_F6_C2/seed20240615/B1
2,C,E2XC_F6_C2,20240615,B2,,281,True,True,True,,,,,,runs/experiment2_cross_site/site_c_edmonton/E2XC_F6_C2/seed20240615/B2
2,C,E2XC_F6_C2,20240615,B4b,,281,True,True,True,,,,,,runs/experiment2_cross_site/site_c_edmonton/E2XC_F6_C2/seed20240615/B4b
2,C,E2XC_F6_C2,20240616,B0,,310,True,False,False,,,,,,runs/experiment2_cross_site/site_c_edmonton/E2XC_F6_C2/seed20240616/B0
2,C,E2XC_F6_C2,20240616,B1,,281,True,True,True,,,,,,runs/experiment2_cross_site/site_c_edmonton/E2XC_F6_C2/seed20240616/B1
2,C,E2XC_F6_C2,20240616,B2,,281,True,True,True,,,,,,runs/experiment2_cross_site/site_c_edmonton/E2XC_F6_C2/seed20240616/B2
2,C,E2XC_F6_C2,20240616,B4b,,281,True,True,True,,,,,,runs/experiment2_cross_site/site_c_edmonton/E2XC_F6_C2/seed20240616/B4b
2,C,E2XC_F6_C2,20240617,B0,,310,True,False,False,,,,,,runs/experiment2_cross_site/site_c_edmonton/E2XC_F6_C2/seed20240617/B0
2,C,E2XC_F6_C2,20240617,B1,,281,True,True,True,,,,,,runs/experiment2_cross_site/site_c_edmonton/E2XC_F6_C2/seed20240617/B1
2,C,E2XC_F6_C2,20240617,B2,,281,True,True,True,,,,,,runs/experiment2_cross_site/site_c_edmonton/E2XC_F6_C2/seed20240617/B2
2,C,E2XC_F6_C2,20240617,B4b,,281,True,True,True,,,,,,runs/experiment2_cross_site/site_c_edmonton/E2XC_F6_C2/seed20240617/B4b
2,C,E2XC_F6_C2,20240618,B0,,310,True,False,False,,,,,,runs/experiment2_cross_site/site_c_edmonton/E2XC_F6_C2/seed20240618/B0
2,C,E2XC_F6_C2,20240618,B1,,281,True,True,True,,,,,,runs/experiment2_cross_site/site_c_edmonton/E2XC_F6_C2/seed20240618/B1
2,C,E2XC_F6_C2,20240618,B2,,281,True,True,True,,,,,,runs/experiment2_cross_site/site_c_edmonton/E2XC_F6_C2/seed20240618/B2
2,C,E2XC_F6_C2,20240618,B4b,,281,True,True,True,,,,,,runs/experiment2_cross_site/site_c_edmonton/E2XC_F6_C2/seed20240618/B4b
2,C,E2XC_F6_C2,20240619,B0,,310,True,False,False,,,,,,runs/experiment2_cross_site/site_c_edmonton/E2XC_F6_C2/seed20240619/B0
2,C,E2XC_F6_C2,20240619,B1,,281,True,True,True,,,,,,runs/experiment2_cross_site/site_c_edmonton/E2XC_F6_C2/seed20240619/B1
2,C,E2XC_F6_C2,20240619,B2,,281,True,True,True,,,,,,runs/experiment2_cross_site/site_c_edmonton/E2XC_F6_C2/seed20240619/B2
2,C,E2XC_F6_C2,20240619,B4b,,281,True,True,True,,,,,,runs/experiment2_cross_site/site_c_edmonton/E2XC_F6_C2/seed20240619/B4b
2,C,E2XC_F6_C2,20240620,B0,,310,True,False,False,,,,,,runs/experiment2_cross_site/site_c_edmonton/E2XC_F6_C2/seed20240620/B0
2,C,E2XC_F6_C2,20240620,B1,,281,True,True,True,,,,,,runs/experiment2_cross_site/site_c_edmonton/E2XC_F6_C2/seed20240620/B1
2,C,E2XC_F6_C2,20240620,B2,,281,True,True,True,,,,,,runs/experiment2_cross_site/site_c_edmonton/E2XC_F6_C2/seed20240620/B2
2,C,E2XC_F6_C2,20240620,B4b,,281,True,True,True,,,,,,runs/experiment2_cross_site/site_c_edmonton/E2XC_F6_C2/seed20240620/B4b
2,C,E2XC_F6_C3,20240601,B0,,310,True,False,False,,,,,,runs/experiment2_cross_site/site_c_edmonton/E2XC_F6_C3/seed20240601/B0
2,C,E2XC_F6_C3,20240601,B1,,393,True,True,True,,,,,,runs/experiment2_cross_site/site_c_edmonton/E2XC_F6_C3/seed20240601/B1
2,C,E2XC_F6_C3,20240601,B2,,393,True,True,True,,,,,,runs/experiment2_cross_site/site_c_edmonton/E2XC_F6_C3/seed20240601/B2
2,C,E2XC_F6_C3,20240601,B4b,,393,True,True,True,,,,,,runs/experiment2_cross_site/site_c_edmonton/E2XC_F6_C3/seed20240601/B4b
2,C,E2XC_F6_C3,20240602,B0,,310,True,False,False,,,,,,runs/experiment2_cross_site/site_c_edmonton/E2XC_F6_C3/seed20240602/B0
2,C,E2XC_F6_C3,20240602,B1,,393,True,True,True,,,,,,runs/experiment2_cross_site/site_c_edmonton/E2XC_F6_C3/seed20240602/B1
2,C,E2XC_F6_C3,20240602,B2,,393,True,True,True,,,,,,runs/experiment2_cross_site/site_c_edmonton/E2XC_F6_C3/seed20240602/B2
2,C,E2XC_F6_C3,20240602,B4b,,393,True,True,True,,,,,,runs/experiment2_cross_site/site_c_edmonton/E2XC_F6_C3/seed20240602/B4b
2,C,E2XC_F6_C3,20240603,B0,,310,True,False,False,,,,,,runs/experiment2_cross_site/site_c_edmonton/E2XC_F6_C3/seed20240603/B0
2,C,E2XC_F6_C3,20240603,B1,,393,True,True,True,,,,,,runs/experiment2_cross_site/site_c_edmonton/E2XC_F6_C3/seed20240603/B1
2,C,E2XC_F6_C3,20240603,B2,,393,True,True,True,,,,,,runs/experiment2_cross_site/site_c_edmonton/E2XC_F6_C3/seed20240603/B2
2,C,E2XC_F6_C3,20240603,B4b,,393,True,True,True,,,,,,runs/experiment2_cross_site/site_c_edmonton/E2XC_F6_C3/seed20240603/B4b
2,C,E2XC_F6_C3,20240604,B0,,310,True,False,False,,,,,,runs/experiment2_cross_site/site_c_edmonton/E2XC_F6_C3/seed20240604/B0
2,C,E2XC_F6_C3,20240604,B1,,393,True,True,True,,,,,,runs/experiment2_cross_site/site_c_edmonton/E2XC_F6_C3/seed20240604/B1
2,C,E2XC_F6_C3,20240604,B2,,393,True,True,True,,,,,,runs/experiment2_cross_site/site_c_edmonton/E2XC_F6_C3/seed20240604/B2
2,C,E2XC_F6_C3,20240604,B4b,,393,True,True,True,,,,,,runs/experiment2_cross_site/site_c_edmonton/E2XC_F6_C3/seed20240604/B4b
2,C,E2XC_F6_C3,20240605,B0,,310,True,False,False,,,,,,runs/experiment2_cross_site/site_c_edmonton/E2XC_F6_C3/seed20240605/B0
2,C,E2XC_F6_C3,20240605,B1,,393,True,True,True,,,,,,runs/experiment2_cross_site/site_c_edmonton/E2XC_F6_C3/seed20240605/B1
2,C,E2XC_F6_C3,20240605,B2,,393,True,True,True,,,,,,runs/experiment2_cross_site/site_c_edmonton/E2XC_F6_C3/seed20240605/B2
2,C,E2XC_F6_C3,20240605,B4b,,393,True,True,True,,,,,,runs/experiment2_cross_site/site_c_edmonton/E2XC_F6_C3/seed20240605/B4b
2,C,E2XC_F6_C3,20240606,B0,,310,True,False,False,,,,,,runs/experiment2_cross_site/site_c_edmonton/E2XC_F6_C3/seed20240606/B0
2,C,E2XC_F6_C3,20240606,B1,,393,True,True,True,,,,,,runs/experiment2_cross_site/site_c_edmonton/E2XC_F6_C3/seed20240606/B1
2,C,E2XC_F6_C3,20240606,B2,,393,True,True,True,,,,,,runs/experiment2_cross_site/site_c_edmonton/E2XC_F6_C3/seed20240606/B2
2,C,E2XC_F6_C3,20240606,B4b,,393,True,True,True,,,,,,runs/experiment2_cross_site/site_c_edmonton/E2XC_F6_C3/seed20240606/B4b
2,C,E2XC_F6_C3,20240607,B0,,310,True,False,False,,,,,,runs/experiment2_cross_site/site_c_edmonton/E2XC_F6_C3/seed20240607/B0
2,C,E2XC_F6_C3,20240607,B1,,393,True,True,True,,,,,,runs/experiment2_cross_site/site_c_edmonton/E2XC_F6_C3/seed20240607/B1
2,C,E2XC_F6_C3,20240607,B2,,393,True,True,True,,,,,,runs/experiment2_cross_site/site_c_edmonton/E2XC_F6_C3/seed20240607/B2
2,C,E2XC_F6_C3,20240607,B4b,,393,True,True,True,,,,,,runs/experiment2_cross_site/site_c_edmonton/E2XC_F6_C3/seed20240607/B4b
2,C,E2XC_F6_C3,20240608,B0,,310,True,False,False,,,,,,runs/experiment2_cross_site/site_c_edmonton/E2XC_F6_C3/seed20240608/B0
2,C,E2XC_F6_C3,20240608,B1,,393,True,True,True,,,,,,runs/experiment2_cross_site/site_c_edmonton/E2XC_F6_C3/seed20240608/B1
2,C,E2XC_F6_C3,20240608,B2,,393,True,True,True,,,,,,runs/experiment2_cross_site/site_c_edmonton/E2XC_F6_C3/seed20240608/B2
2,C,E2XC_F6_C3,20240608,B4b,,393,True,True,True,,,,,,runs/experiment2_cross_site/site_c_edmonton/E2XC_F6_C3/seed20240608/B4b
2,C,E2XC_F6_C3,20240609,B0,,310,True,False,False,,,,,,runs/experiment2_cross_site/site_c_edmonton/E2XC_F6_C3/seed20240609/B0
2,C,E2XC_F6_C3,20240609,B1,,393,True,True,True,,,,,,runs/experiment2_cross_site/site_c_edmonton/E2XC_F6_C3/seed20240609/B1
2,C,E2XC_F6_C3,20240609,B2,,393,True,True,True,,,,,,runs/experiment2_cross_site/site_c_edmonton/E2XC_F6_C3/seed20240609/B2
2,C,E2XC_F6_C3,20240609,B4b,,393,True,True,True,,,,,,runs/experiment2_cross_site/site_c_edmonton/E2XC_F6_C3/seed20240609/B4b
2,C,E2XC_F6_C3,20240610,B0,,310,True,False,False,,,,,,runs/experiment2_cross_site/site_c_edmonton/E2XC_F6_C3/seed20240610/B0
2,C,E2XC_F6_C3,20240610,B1,,393,True,True,True,,,,,,runs/experiment2_cross_site/site_c_edmonton/E2XC_F6_C3/seed20240610/B1
2,C,E2XC_F6_C3,20240610,B2,,393,True,True,True,,,,,,runs/experiment2_cross_site/site_c_edmonton/E2XC_F6_C3/seed20240610/B2
2,C,E2XC_F6_C3,20240610,B4b,,393,True,True,True,,,,,,runs/experiment2_cross_site/site_c_edmonton/E2XC_F6_C3/seed20240610/B4b
2,C,E2XC_F6_C3,20240611,B0,,310,True,False,False,,,,,,runs/experiment2_cross_site/site_c_edmonton/E2XC_F6_C3/seed20240611/B0
2,C,E2XC_F6_C3,20240611,B1,,393,True,True,True,,,,,,runs/experiment2_cross_site/site_c_edmonton/E2XC_F6_C3/seed20240611/B1
2,C,E2XC_F6_C3,20240611,B2,,393,True,True,True,,,,,,runs/experiment2_cross_site/site_c_edmonton/E2XC_F6_C3/seed20240611/B2
2,C,E2XC_F6_C3,20240611,B4b,,393,True,True,True,,,,,,runs/experiment2_cross_site/site_c_edmonton/E2XC_F6_C3/seed20240611/B4b
2,C,E2XC_F6_C3,20240612,B0,,310,True,False,False,,,,,,runs/experiment2_cross_site/site_c_edmonton/E2XC_F6_C3/seed20240612/B0
2,C,E2XC_F6_C3,20240612,B1,,393,True,True,True,,,,,,runs/experiment2_cross_site/site_c_edmonton/E2XC_F6_C3/seed20240612/B1
2,C,E2XC_F6_C3,20240612,B2,,393,True,True,True,,,,,,runs/experiment2_cross_site/site_c_edmonton/E2XC_F6_C3/seed20240612/B2
2,C,E2XC_F6_C3,20240612,B4b,,393,True,True,True,,,,,,runs/experiment2_cross_site/site_c_edmonton/E2XC_F6_C3/seed20240612/B4b
2,C,E2XC_F6_C3,20240613,B0,,310,True,False,False,,,,,,runs/experiment2_cross_site/site_c_edmonton/E2XC_F6_C3/seed20240613/B0
2,C,E2XC_F6_C3,20240613,B1,,393,True,True,True,,,,,,runs/experiment2_cross_site/site_c_edmonton/E2XC_F6_C3/seed20240613/B1
2,C,E2XC_F6_C3,20240613,B2,,393,True,True,True,,,,,,runs/experiment2_cross_site/site_c_edmonton/E2XC_F6_C3/seed20240613/B2
2,C,E2XC_F6_C3,20240613,B4b,,393,True,True,True,,,,,,runs/experiment2_cross_site/site_c_edmonton/E2XC_F6_C3/seed20240613/B4b
2,C,E2XC_F6_C3,20240614,B0,,310,True,False,False,,,,,,runs/experiment2_cross_site/site_c_edmonton/E2XC_F6_C3/seed20240614/B0
2,C,E2XC_F6_C3,20240614,B1,,393,True,True,True,,,,,,runs/experiment2_cross_site/site_c_edmonton/E2XC_F6_C3/seed20240614/B1
2,C,E2XC_F6_C3,20240614,B2,,393,True,True,True,,,,,,runs/experiment2_cross_site/site_c_edmonton/E2XC_F6_C3/seed20240614/B2
2,C,E2XC_F6_C3,20240614,B4b,,393,True,True,True,,,,,,runs/experiment2_cross_site/site_c_edmonton/E2XC_F6_C3/seed20240614/B4b
2,C,E2XC_F6_C3,20240615,B0,,310,True,False,False,,,,,,runs/experiment2_cross_site/site_c_edmonton/E2XC_F6_C3/seed20240615/B0
2,C,E2XC_F6_C3,20240615,B1,,393,True,True,True,,,,,,runs/experiment2_cross_site/site_c_edmonton/E2XC_F6_C3/seed20240615/B1
2,C,E2XC_F6_C3,20240615,B2,,393,True,True,True,,,,,,runs/experiment2_cross_site/site_c_edmonton/E2XC_F6_C3/seed20240615/B2
2,C,E2XC_F6_C3,20240615,B4b,,393,True,True,True,,,,,,runs/experiment2_cross_site/site_c_edmonton/E2XC_F6_C3/seed20240615/B4b
2,C,E2XC_F6_C3,20240616,B0,,310,True,False,False,,,,,,runs/experiment2_cross_site/site_c_edmonton/E2XC_F6_C3/seed20240616/B0
2,C,E2XC_F6_C3,20240616,B1,,393,True,True,True,,,,,,runs/experiment2_cross_site/site_c_edmonton/E2XC_F6_C3/seed20240616/B1
2,C,E2XC_F6_C3,20240616,B2,,393,True,True,True,,,,,,runs/experiment2_cross_site/site_c_edmonton/E2XC_F6_C3/seed20240616/B2
2,C,E2XC_F6_C3,20240616,B4b,,393,True,True,True,,,,,,runs/experiment2_cross_site/site_c_edmonton/E2XC_F6_C3/seed20240616/B4b
2,C,E2XC_F6_C3,20240617,B0,,310,True,False,False,,,,,,runs/experiment2_cross_site/site_c_edmonton/E2XC_F6_C3/seed20240617/B0
2,C,E2XC_F6_C3,20240617,B1,,393,True,True,True,,,,,,runs/experiment2_cross_site/site_c_edmonton/E2XC_F6_C3/seed20240617/B1
2,C,E2XC_F6_C3,20240617,B2,,393,True,True,True,,,,,,runs/experiment2_cross_site/site_c_edmonton/E2XC_F6_C3/seed20240617/B2
2,C,E2XC_F6_C3,20240617,B4b,,393,True,True,True,,,,,,runs/experiment2_cross_site/site_c_edmonton/E2XC_F6_C3/seed20240617/B4b
2,C,E2XC_F6_C3,20240618,B0,,310,True,False,False,,,,,,runs/experiment2_cross_site/site_c_edmonton/E2XC_F6_C3/seed20240618/B0
2,C,E2XC_F6_C3,20240618,B1,,393,True,True,True,,,,,,runs/experiment2_cross_site/site_c_edmonton/E2XC_F6_C3/seed20240618/B1
2,C,E2XC_F6_C3,20240618,B2,,393,True,True,True,,,,,,runs/experiment2_cross_site/site_c_edmonton/E2XC_F6_C3/seed20240618/B2
2,C,E2XC_F6_C3,20240618,B4b,,393,True,True,True,,,,,,runs/experiment2_cross_site/site_c_edmonton/E2XC_F6_C3/seed20240618/B4b
2,C,E2XC_F6_C3,20240619,B0,,310,True,False,False,,,,,,runs/experiment2_cross_site/site_c_edmonton/E2XC_F6_C3/seed20240619/B0
2,C,E2XC_F6_C3,20240619,B1,,393,True,True,True,,,,,,runs/experiment2_cross_site/site_c_edmonton/E2XC_F6_C3/seed20240619/B1
2,C,E2XC_F6_C3,20240619,B2,,393,True,True,True,,,,,,runs/experiment2_cross_site/site_c_edmonton/E2XC_F6_C3/seed20240619/B2
2,C,E2XC_F6_C3,20240619,B4b,,393,True,True,True,,,,,,runs/experiment2_cross_site/site_c_edmonton/E2XC_F6_C3/seed20240619/B4b
2,C,E2XC_F6_C3,20240620,B0,,310,True,False,False,,,,,,runs/experiment2_cross_site/site_c_edmonton/E2XC_F6_C3/seed20240620/B0
2,C,E2XC_F6_C3,20240620,B1,,393,True,True,True,,,,,,runs/experiment2_cross_site/site_c_edmonton/E2XC_F6_C3/seed20240620/B1
2,C,E2XC_F6_C3,20240620,B2,,393,True,True,True,,,,,,runs/experiment2_cross_site/site_c_edmonton/E2XC_F6_C3/seed20240620/B2
2,C,E2XC_F6_C3,20240620,B4b,,393,True,True,True,,,,,,runs/experiment2_cross_site/site_c_edmonton/E2XC_F6_C3/seed20240620/B4b
3,A,E3_L1_F1_C2,20240601,B0,L1,182,True,False,False,640.0,400.0,240.0,,,runs/experiment3/E3_L1_F1_C2/seed20240601/B0
3,A,E3_L1_F1_C2,20240601,B1,L1,121,False,True,True,400.0,400.0,0.0,,,runs/experiment3/E3_L1_F1_C2/seed20240601/B1
3,A,E3_L1_F1_C2,20240601,B2,L1,121,False,True,True,400.0,400.0,0.0,,,runs/experiment3/E3_L1_F1_C2/seed20240601/B2
3,A,E3_L1_F1_C2,20240601,B4b,L1,121,False,True,True,400.0,400.0,0.0,,,runs/experiment3/E3_L1_F1_C2/seed20240601/B4b
3,A,E3_L1_F1_C2,20240602,B0,L1,182,True,False,False,640.0,400.0,240.0,,,runs/experiment3/E3_L1_F1_C2/seed20240602/B0
3,A,E3_L1_F1_C2,20240602,B1,L1,121,False,True,True,400.0,400.0,0.0,,,runs/experiment3/E3_L1_F1_C2/seed20240602/B1
3,A,E3_L1_F1_C2,20240602,B2,L1,121,False,True,True,400.0,400.0,0.0,,,runs/experiment3/E3_L1_F1_C2/seed20240602/B2
3,A,E3_L1_F1_C2,20240602,B4b,L1,121,False,True,True,400.0,400.0,0.0,,,runs/experiment3/E3_L1_F1_C2/seed20240602/B4b
3,A,E3_L1_F1_C2,20240603,B0,L1,182,True,False,False,640.0,400.0,240.0,,,runs/experiment3/E3_L1_F1_C2/seed20240603/B0
3,A,E3_L1_F1_C2,20240603,B1,L1,121,False,True,True,400.0,400.0,0.0,,,runs/experiment3/E3_L1_F1_C2/seed20240603/B1
3,A,E3_L1_F1_C2,20240603,B2,L1,121,False,True,True,400.0,400.0,0.0,,,runs/experiment3/E3_L1_F1_C2/seed20240603/B2
3,A,E3_L1_F1_C2,20240603,B4b,L1,121,False,True,True,400.0,400.0,0.0,,,runs/experiment3/E3_L1_F1_C2/seed20240603/B4b
3,A,E3_L1_F1_C2,20240604,B0,L1,182,True,False,False,640.0,400.0,240.0,,,runs/experiment3/E3_L1_F1_C2/seed20240604/B0
3,A,E3_L1_F1_C2,20240604,B1,L1,121,False,True,True,400.0,400.0,0.0,,,runs/experiment3/E3_L1_F1_C2/seed20240604/B1
3,A,E3_L1_F1_C2,20240604,B2,L1,121,False,True,True,400.0,400.0,0.0,,,runs/experiment3/E3_L1_F1_C2/seed20240604/B2
3,A,E3_L1_F1_C2,20240604,B4b,L1,121,False,True,True,400.0,400.0,0.0,,,runs/experiment3/E3_L1_F1_C2/seed20240604/B4b
3,A,E3_L1_F1_C2,20240605,B0,L1,182,True,False,False,640.0,400.0,240.0,,,runs/experiment3/E3_L1_F1_C2/seed20240605/B0
3,A,E3_L1_F1_C2,20240605,B1,L1,121,False,True,True,400.0,400.0,0.0,,,runs/experiment3/E3_L1_F1_C2/seed20240605/B1
3,A,E3_L1_F1_C2,20240605,B2,L1,121,False,True,True,400.0,400.0,0.0,,,runs/experiment3/E3_L1_F1_C2/seed20240605/B2
3,A,E3_L1_F1_C2,20240605,B4b,L1,121,False,True,True,400.0,400.0,0.0,,,runs/experiment3/E3_L1_F1_C2/seed20240605/B4b
3,A,E3_L1_F1_C2,20240606,B0,L1,182,True,False,False,640.0,400.0,240.0,,,runs/experiment3/E3_L1_F1_C2/seed20240606/B0
3,A,E3_L1_F1_C2,20240606,B1,L1,121,False,True,True,400.0,400.0,0.0,,,runs/experiment3/E3_L1_F1_C2/seed20240606/B1
3,A,E3_L1_F1_C2,20240606,B2,L1,121,False,True,True,400.0,400.0,0.0,,,runs/experiment3/E3_L1_F1_C2/seed20240606/B2
3,A,E3_L1_F1_C2,20240606,B4b,L1,121,False,True,True,400.0,400.0,0.0,,,runs/experiment3/E3_L1_F1_C2/seed20240606/B4b
3,A,E3_L1_F1_C2,20240607,B0,L1,182,True,False,False,640.0,400.0,240.0,,,runs/experiment3/E3_L1_F1_C2/seed20240607/B0
3,A,E3_L1_F1_C2,20240607,B1,L1,121,False,True,True,400.0,400.0,0.0,,,runs/experiment3/E3_L1_F1_C2/seed20240607/B1
3,A,E3_L1_F1_C2,20240607,B2,L1,121,False,True,True,400.0,400.0,0.0,,,runs/experiment3/E3_L1_F1_C2/seed20240607/B2
3,A,E3_L1_F1_C2,20240607,B4b,L1,121,False,True,True,400.0,400.0,0.0,,,runs/experiment3/E3_L1_F1_C2/seed20240607/B4b
3,A,E3_L1_F1_C2,20240608,B0,L1,182,True,False,False,640.0,400.0,240.0,,,runs/experiment3/E3_L1_F1_C2/seed20240608/B0
3,A,E3_L1_F1_C2,20240608,B1,L1,121,False,True,True,400.0,400.0,0.0,,,runs/experiment3/E3_L1_F1_C2/seed20240608/B1
3,A,E3_L1_F1_C2,20240608,B2,L1,121,False,True,True,400.0,400.0,0.0,,,runs/experiment3/E3_L1_F1_C2/seed20240608/B2
3,A,E3_L1_F1_C2,20240608,B4b,L1,121,False,True,True,400.0,400.0,0.0,,,runs/experiment3/E3_L1_F1_C2/seed20240608/B4b
3,A,E3_L1_F1_C2,20240609,B0,L1,182,True,False,False,640.0,400.0,240.0,,,runs/experiment3/E3_L1_F1_C2/seed20240609/B0
3,A,E3_L1_F1_C2,20240609,B1,L1,121,False,True,True,400.0,400.0,0.0,,,runs/experiment3/E3_L1_F1_C2/seed20240609/B1
3,A,E3_L1_F1_C2,20240609,B2,L1,121,False,True,True,400.0,400.0,0.0,,,runs/experiment3/E3_L1_F1_C2/seed20240609/B2
3,A,E3_L1_F1_C2,20240609,B4b,L1,121,False,True,True,400.0,400.0,0.0,,,runs/experiment3/E3_L1_F1_C2/seed20240609/B4b
3,A,E3_L1_F1_C2,20240610,B0,L1,182,True,False,False,640.0,400.0,240.0,,,runs/experiment3/E3_L1_F1_C2/seed20240610/B0
3,A,E3_L1_F1_C2,20240610,B1,L1,121,False,True,True,400.0,400.0,0.0,,,runs/experiment3/E3_L1_F1_C2/seed20240610/B1
3,A,E3_L1_F1_C2,20240610,B2,L1,121,False,True,True,400.0,400.0,0.0,,,runs/experiment3/E3_L1_F1_C2/seed20240610/B2
3,A,E3_L1_F1_C2,20240610,B4b,L1,121,False,True,True,400.0,400.0,0.0,,,runs/experiment3/E3_L1_F1_C2/seed20240610/B4b
3,A,E3_L1_F1_C2,20240611,B0,L1,182,True,False,False,640.0,400.0,240.0,,,runs/experiment3/E3_L1_F1_C2/seed20240611/B0
3,A,E3_L1_F1_C2,20240611,B1,L1,121,False,True,True,400.0,400.0,0.0,,,runs/experiment3/E3_L1_F1_C2/seed20240611/B1
3,A,E3_L1_F1_C2,20240611,B2,L1,121,False,True,True,400.0,400.0,0.0,,,runs/experiment3/E3_L1_F1_C2/seed20240611/B2
3,A,E3_L1_F1_C2,20240611,B4b,L1,121,False,True,True,400.0,400.0,0.0,,,runs/experiment3/E3_L1_F1_C2/seed20240611/B4b
3,A,E3_L1_F1_C2,20240612,B0,L1,182,True,False,False,640.0,400.0,240.0,,,runs/experiment3/E3_L1_F1_C2/seed20240612/B0
3,A,E3_L1_F1_C2,20240612,B1,L1,121,False,True,True,400.0,400.0,0.0,,,runs/experiment3/E3_L1_F1_C2/seed20240612/B1
3,A,E3_L1_F1_C2,20240612,B2,L1,121,False,True,True,400.0,400.0,0.0,,,runs/experiment3/E3_L1_F1_C2/seed20240612/B2
3,A,E3_L1_F1_C2,20240612,B4b,L1,121,False,True,True,400.0,400.0,0.0,,,runs/experiment3/E3_L1_F1_C2/seed20240612/B4b
3,A,E3_L1_F1_C2,20240613,B0,L1,182,True,False,False,640.0,400.0,240.0,,,runs/experiment3/E3_L1_F1_C2/seed20240613/B0
3,A,E3_L1_F1_C2,20240613,B1,L1,121,False,True,True,400.0,400.0,0.0,,,runs/experiment3/E3_L1_F1_C2/seed20240613/B1
3,A,E3_L1_F1_C2,20240613,B2,L1,121,False,True,True,400.0,400.0,0.0,,,runs/experiment3/E3_L1_F1_C2/seed20240613/B2
3,A,E3_L1_F1_C2,20240613,B4b,L1,121,False,True,True,400.0,400.0,0.0,,,runs/experiment3/E3_L1_F1_C2/seed20240613/B4b
3,A,E3_L1_F1_C2,20240614,B0,L1,182,True,False,False,640.0,400.0,240.0,,,runs/experiment3/E3_L1_F1_C2/seed20240614/B0
3,A,E3_L1_F1_C2,20240614,B1,L1,121,False,True,True,400.0,400.0,0.0,,,runs/experiment3/E3_L1_F1_C2/seed20240614/B1
3,A,E3_L1_F1_C2,20240614,B2,L1,121,False,True,True,400.0,400.0,0.0,,,runs/experiment3/E3_L1_F1_C2/seed20240614/B2
3,A,E3_L1_F1_C2,20240614,B4b,L1,121,False,True,True,400.0,400.0,0.0,,,runs/experiment3/E3_L1_F1_C2/seed20240614/B4b
3,A,E3_L1_F1_C2,20240615,B0,L1,182,True,False,False,640.0,400.0,240.0,,,runs/experiment3/E3_L1_F1_C2/seed20240615/B0
3,A,E3_L1_F1_C2,20240615,B1,L1,121,False,True,True,400.0,400.0,0.0,,,runs/experiment3/E3_L1_F1_C2/seed20240615/B1
3,A,E3_L1_F1_C2,20240615,B2,L1,121,False,True,True,400.0,400.0,0.0,,,runs/experiment3/E3_L1_F1_C2/seed20240615/B2
3,A,E3_L1_F1_C2,20240615,B4b,L1,121,False,True,True,400.0,400.0,0.0,,,runs/experiment3/E3_L1_F1_C2/seed20240615/B4b
3,A,E3_L1_F1_C2,20240616,B0,L1,182,True,False,False,640.0,400.0,240.0,,,runs/experiment3/E3_L1_F1_C2/seed20240616/B0
3,A,E3_L1_F1_C2,20240616,B1,L1,121,False,True,True,400.0,400.0,0.0,,,runs/experiment3/E3_L1_F1_C2/seed20240616/B1
3,A,E3_L1_F1_C2,20240616,B2,L1,121,False,True,True,400.0,400.0,0.0,,,runs/experiment3/E3_L1_F1_C2/seed20240616/B2
3,A,E3_L1_F1_C2,20240616,B4b,L1,121,False,True,True,400.0,400.0,0.0,,,runs/experiment3/E3_L1_F1_C2/seed20240616/B4b
3,A,E3_L1_F1_C2,20240617,B0,L1,182,True,False,False,640.0,400.0,240.0,,,runs/experiment3/E3_L1_F1_C2/seed20240617/B0
3,A,E3_L1_F1_C2,20240617,B1,L1,121,False,True,True,400.0,400.0,0.0,,,runs/experiment3/E3_L1_F1_C2/seed20240617/B1
3,A,E3_L1_F1_C2,20240617,B2,L1,121,False,True,True,400.0,400.0,0.0,,,runs/experiment3/E3_L1_F1_C2/seed20240617/B2
3,A,E3_L1_F1_C2,20240617,B4b,L1,121,False,True,True,400.0,400.0,0.0,,,runs/experiment3/E3_L1_F1_C2/seed20240617/B4b
3,A,E3_L1_F1_C2,20240618,B0,L1,182,True,False,False,640.0,400.0,240.0,,,runs/experiment3/E3_L1_F1_C2/seed20240618/B0
3,A,E3_L1_F1_C2,20240618,B1,L1,121,False,True,True,400.0,400.0,0.0,,,runs/experiment3/E3_L1_F1_C2/seed20240618/B1
3,A,E3_L1_F1_C2,20240618,B2,L1,121,False,True,True,400.0,400.0,0.0,,,runs/experiment3/E3_L1_F1_C2/seed20240618/B2
3,A,E3_L1_F1_C2,20240618,B4b,L1,121,False,True,True,400.0,400.0,0.0,,,runs/experiment3/E3_L1_F1_C2/seed20240618/B4b
3,A,E3_L1_F1_C2,20240619,B0,L1,182,True,False,False,640.0,400.0,240.0,,,runs/experiment3/E3_L1_F1_C2/seed20240619/B0
3,A,E3_L1_F1_C2,20240619,B1,L1,121,False,True,True,400.0,400.0,0.0,,,runs/experiment3/E3_L1_F1_C2/seed20240619/B1
3,A,E3_L1_F1_C2,20240619,B2,L1,121,False,True,True,400.0,400.0,0.0,,,runs/experiment3/E3_L1_F1_C2/seed20240619/B2
3,A,E3_L1_F1_C2,20240619,B4b,L1,121,False,True,True,400.0,400.0,0.0,,,runs/experiment3/E3_L1_F1_C2/seed20240619/B4b
3,A,E3_L1_F1_C2,20240620,B0,L1,182,True,False,False,640.0,400.0,240.0,,,runs/experiment3/E3_L1_F1_C2/seed20240620/B0
3,A,E3_L1_F1_C2,20240620,B1,L1,121,False,True,True,400.0,400.0,0.0,,,runs/experiment3/E3_L1_F1_C2/seed20240620/B1
3,A,E3_L1_F1_C2,20240620,B2,L1,121,False,True,True,400.0,400.0,0.0,,,runs/experiment3/E3_L1_F1_C2/seed20240620/B2
3,A,E3_L1_F1_C2,20240620,B4b,L1,121,False,True,True,400.0,400.0,0.0,,,runs/experiment3/E3_L1_F1_C2/seed20240620/B4b
3,A,E3_L1_F5_C2,20240601,B0,L1,182,True,False,False,640.0,400.0,240.0,,,runs/experiment3/E3_L1_F5_C2/seed20240601/B0
3,A,E3_L1_F5_C2,20240601,B1,L1,121,False,True,True,400.0,400.0,0.0,,,runs/experiment3/E3_L1_F5_C2/seed20240601/B1
3,A,E3_L1_F5_C2,20240601,B2,L1,121,False,True,True,400.0,400.0,0.0,,,runs/experiment3/E3_L1_F5_C2/seed20240601/B2
3,A,E3_L1_F5_C2,20240601,B4b,L1,121,False,True,True,400.0,400.0,0.0,,,runs/experiment3/E3_L1_F5_C2/seed20240601/B4b
3,A,E3_L1_F5_C2,20240602,B0,L1,182,True,False,False,640.0,400.0,240.0,,,runs/experiment3/E3_L1_F5_C2/seed20240602/B0
3,A,E3_L1_F5_C2,20240602,B1,L1,121,False,True,True,400.0,400.0,0.0,,,runs/experiment3/E3_L1_F5_C2/seed20240602/B1
3,A,E3_L1_F5_C2,20240602,B2,L1,121,False,True,True,400.0,400.0,0.0,,,runs/experiment3/E3_L1_F5_C2/seed20240602/B2
3,A,E3_L1_F5_C2,20240602,B4b,L1,121,False,True,True,400.0,400.0,0.0,,,runs/experiment3/E3_L1_F5_C2/seed20240602/B4b
3,A,E3_L1_F5_C2,20240603,B0,L1,182,True,False,False,640.0,400.0,240.0,,,runs/experiment3/E3_L1_F5_C2/seed20240603/B0
3,A,E3_L1_F5_C2,20240603,B1,L1,121,False,True,True,400.0,400.0,0.0,,,runs/experiment3/E3_L1_F5_C2/seed20240603/B1
3,A,E3_L1_F5_C2,20240603,B2,L1,121,False,True,True,400.0,400.0,0.0,,,runs/experiment3/E3_L1_F5_C2/seed20240603/B2
3,A,E3_L1_F5_C2,20240603,B4b,L1,121,False,True,True,400.0,400.0,0.0,,,runs/experiment3/E3_L1_F5_C2/seed20240603/B4b
3,A,E3_L1_F5_C2,20240604,B0,L1,182,True,False,False,640.0,400.0,240.0,,,runs/experiment3/E3_L1_F5_C2/seed20240604/B0
3,A,E3_L1_F5_C2,20240604,B1,L1,121,False,True,True,400.0,400.0,0.0,,,runs/experiment3/E3_L1_F5_C2/seed20240604/B1
3,A,E3_L1_F5_C2,20240604,B2,L1,121,False,True,True,400.0,400.0,0.0,,,runs/experiment3/E3_L1_F5_C2/seed20240604/B2
3,A,E3_L1_F5_C2,20240604,B4b,L1,121,False,True,True,400.0,400.0,0.0,,,runs/experiment3/E3_L1_F5_C2/seed20240604/B4b
3,A,E3_L1_F5_C2,20240605,B0,L1,182,True,False,False,640.0,400.0,240.0,,,runs/experiment3/E3_L1_F5_C2/seed20240605/B0
3,A,E3_L1_F5_C2,20240605,B1,L1,121,False,True,True,400.0,400.0,0.0,,,runs/experiment3/E3_L1_F5_C2/seed20240605/B1
3,A,E3_L1_F5_C2,20240605,B2,L1,121,False,True,True,400.0,400.0,0.0,,,runs/experiment3/E3_L1_F5_C2/seed20240605/B2
3,A,E3_L1_F5_C2,20240605,B4b,L1,121,False,True,True,400.0,400.0,0.0,,,runs/experiment3/E3_L1_F5_C2/seed20240605/B4b
3,A,E3_L1_F5_C2,20240606,B0,L1,182,True,False,False,640.0,400.0,240.0,,,runs/experiment3/E3_L1_F5_C2/seed20240606/B0
3,A,E3_L1_F5_C2,20240606,B1,L1,121,False,True,True,400.0,400.0,0.0,,,runs/experiment3/E3_L1_F5_C2/seed20240606/B1
3,A,E3_L1_F5_C2,20240606,B2,L1,121,False,True,True,400.0,400.0,0.0,,,runs/experiment3/E3_L1_F5_C2/seed20240606/B2
3,A,E3_L1_F5_C2,20240606,B4b,L1,121,False,True,True,400.0,400.0,0.0,,,runs/experiment3/E3_L1_F5_C2/seed20240606/B4b
3,A,E3_L1_F5_C2,20240607,B0,L1,182,True,False,False,640.0,400.0,240.0,,,runs/experiment3/E3_L1_F5_C2/seed20240607/B0
3,A,E3_L1_F5_C2,20240607,B1,L1,121,False,True,True,400.0,400.0,0.0,,,runs/experiment3/E3_L1_F5_C2/seed20240607/B1
3,A,E3_L1_F5_C2,20240607,B2,L1,121,False,True,True,400.0,400.0,0.0,,,runs/experiment3/E3_L1_F5_C2/seed20240607/B2
3,A,E3_L1_F5_C2,20240607,B4b,L1,121,False,True,True,400.0,400.0,0.0,,,runs/experiment3/E3_L1_F5_C2/seed20240607/B4b
3,A,E3_L1_F5_C2,20240608,B0,L1,182,True,False,False,640.0,400.0,240.0,,,runs/experiment3/E3_L1_F5_C2/seed20240608/B0
3,A,E3_L1_F5_C2,20240608,B1,L1,121,False,True,True,400.0,400.0,0.0,,,runs/experiment3/E3_L1_F5_C2/seed20240608/B1
3,A,E3_L1_F5_C2,20240608,B2,L1,121,False,True,True,400.0,400.0,0.0,,,runs/experiment3/E3_L1_F5_C2/seed20240608/B2
3,A,E3_L1_F5_C2,20240608,B4b,L1,121,False,True,True,400.0,400.0,0.0,,,runs/experiment3/E3_L1_F5_C2/seed20240608/B4b
3,A,E3_L1_F5_C2,20240609,B0,L1,182,True,False,False,640.0,400.0,240.0,,,runs/experiment3/E3_L1_F5_C2/seed20240609/B0
3,A,E3_L1_F5_C2,20240609,B1,L1,121,False,True,True,400.0,400.0,0.0,,,runs/experiment3/E3_L1_F5_C2/seed20240609/B1
3,A,E3_L1_F5_C2,20240609,B2,L1,121,False,True,True,400.0,400.0,0.0,,,runs/experiment3/E3_L1_F5_C2/seed20240609/B2
3,A,E3_L1_F5_C2,20240609,B4b,L1,121,False,True,True,400.0,400.0,0.0,,,runs/experiment3/E3_L1_F5_C2/seed20240609/B4b
3,A,E3_L1_F5_C2,20240610,B0,L1,182,True,False,False,640.0,400.0,240.0,,,runs/experiment3/E3_L1_F5_C2/seed20240610/B0
3,A,E3_L1_F5_C2,20240610,B1,L1,121,False,True,True,400.0,400.0,0.0,,,runs/experiment3/E3_L1_F5_C2/seed20240610/B1
3,A,E3_L1_F5_C2,20240610,B2,L1,121,False,True,True,400.0,400.0,0.0,,,runs/experiment3/E3_L1_F5_C2/seed20240610/B2
3,A,E3_L1_F5_C2,20240610,B4b,L1,121,False,True,True,400.0,400.0,0.0,,,runs/experiment3/E3_L1_F5_C2/seed20240610/B4b
3,A,E3_L1_F5_C2,20240611,B0,L1,182,True,False,False,640.0,400.0,240.0,,,runs/experiment3/E3_L1_F5_C2/seed20240611/B0
3,A,E3_L1_F5_C2,20240611,B1,L1,121,False,True,True,400.0,400.0,0.0,,,runs/experiment3/E3_L1_F5_C2/seed20240611/B1
3,A,E3_L1_F5_C2,20240611,B2,L1,121,False,True,True,400.0,400.0,0.0,,,runs/experiment3/E3_L1_F5_C2/seed20240611/B2
3,A,E3_L1_F5_C2,20240611,B4b,L1,121,False,True,True,400.0,400.0,0.0,,,runs/experiment3/E3_L1_F5_C2/seed20240611/B4b
3,A,E3_L1_F5_C2,20240612,B0,L1,182,True,False,False,640.0,400.0,240.0,,,runs/experiment3/E3_L1_F5_C2/seed20240612/B0
3,A,E3_L1_F5_C2,20240612,B1,L1,121,False,True,True,400.0,400.0,0.0,,,runs/experiment3/E3_L1_F5_C2/seed20240612/B1
3,A,E3_L1_F5_C2,20240612,B2,L1,121,False,True,True,400.0,400.0,0.0,,,runs/experiment3/E3_L1_F5_C2/seed20240612/B2
3,A,E3_L1_F5_C2,20240612,B4b,L1,121,False,True,True,400.0,400.0,0.0,,,runs/experiment3/E3_L1_F5_C2/seed20240612/B4b
3,A,E3_L1_F5_C2,20240613,B0,L1,182,True,False,False,640.0,400.0,240.0,,,runs/experiment3/E3_L1_F5_C2/seed20240613/B0
3,A,E3_L1_F5_C2,20240613,B1,L1,121,False,True,True,400.0,400.0,0.0,,,runs/experiment3/E3_L1_F5_C2/seed20240613/B1
3,A,E3_L1_F5_C2,20240613,B2,L1,121,False,True,True,400.0,400.0,0.0,,,runs/experiment3/E3_L1_F5_C2/seed20240613/B2
3,A,E3_L1_F5_C2,20240613,B4b,L1,121,False,True,True,400.0,400.0,0.0,,,runs/experiment3/E3_L1_F5_C2/seed20240613/B4b
3,A,E3_L1_F5_C2,20240614,B0,L1,182,True,False,False,640.0,400.0,240.0,,,runs/experiment3/E3_L1_F5_C2/seed20240614/B0
3,A,E3_L1_F5_C2,20240614,B1,L1,121,False,True,True,400.0,400.0,0.0,,,runs/experiment3/E3_L1_F5_C2/seed20240614/B1
3,A,E3_L1_F5_C2,20240614,B2,L1,121,False,True,True,400.0,400.0,0.0,,,runs/experiment3/E3_L1_F5_C2/seed20240614/B2
3,A,E3_L1_F5_C2,20240614,B4b,L1,121,False,True,True,400.0,400.0,0.0,,,runs/experiment3/E3_L1_F5_C2/seed20240614/B4b
3,A,E3_L1_F5_C2,20240615,B0,L1,182,True,False,False,640.0,400.0,240.0,,,runs/experiment3/E3_L1_F5_C2/seed20240615/B0
3,A,E3_L1_F5_C2,20240615,B1,L1,121,False,True,True,400.0,400.0,0.0,,,runs/experiment3/E3_L1_F5_C2/seed20240615/B1
3,A,E3_L1_F5_C2,20240615,B2,L1,121,False,True,True,400.0,400.0,0.0,,,runs/experiment3/E3_L1_F5_C2/seed20240615/B2
3,A,E3_L1_F5_C2,20240615,B4b,L1,121,False,True,True,400.0,400.0,0.0,,,runs/experiment3/E3_L1_F5_C2/seed20240615/B4b
3,A,E3_L1_F5_C2,20240616,B0,L1,182,True,False,False,640.0,400.0,240.0,,,runs/experiment3/E3_L1_F5_C2/seed20240616/B0
3,A,E3_L1_F5_C2,20240616,B1,L1,121,False,True,True,400.0,400.0,0.0,,,runs/experiment3/E3_L1_F5_C2/seed20240616/B1
3,A,E3_L1_F5_C2,20240616,B2,L1,121,False,True,True,400.0,400.0,0.0,,,runs/experiment3/E3_L1_F5_C2/seed20240616/B2
3,A,E3_L1_F5_C2,20240616,B4b,L1,121,False,True,True,400.0,400.0,0.0,,,runs/experiment3/E3_L1_F5_C2/seed20240616/B4b
3,A,E3_L1_F5_C2,20240617,B0,L1,182,True,False,False,640.0,400.0,240.0,,,runs/experiment3/E3_L1_F5_C2/seed20240617/B0
3,A,E3_L1_F5_C2,20240617,B1,L1,121,False,True,True,400.0,400.0,0.0,,,runs/experiment3/E3_L1_F5_C2/seed20240617/B1
3,A,E3_L1_F5_C2,20240617,B2,L1,121,False,True,True,400.0,400.0,0.0,,,runs/experiment3/E3_L1_F5_C2/seed20240617/B2
3,A,E3_L1_F5_C2,20240617,B4b,L1,121,False,True,True,400.0,400.0,0.0,,,runs/experiment3/E3_L1_F5_C2/seed20240617/B4b
3,A,E3_L1_F5_C2,20240618,B0,L1,182,True,False,False,640.0,400.0,240.0,,,runs/experiment3/E3_L1_F5_C2/seed20240618/B0
3,A,E3_L1_F5_C2,20240618,B1,L1,121,False,True,True,400.0,400.0,0.0,,,runs/experiment3/E3_L1_F5_C2/seed20240618/B1
3,A,E3_L1_F5_C2,20240618,B2,L1,121,False,True,True,400.0,400.0,0.0,,,runs/experiment3/E3_L1_F5_C2/seed20240618/B2
3,A,E3_L1_F5_C2,20240618,B4b,L1,121,False,True,True,400.0,400.0,0.0,,,runs/experiment3/E3_L1_F5_C2/seed20240618/B4b
3,A,E3_L1_F5_C2,20240619,B0,L1,182,True,False,False,640.0,400.0,240.0,,,runs/experiment3/E3_L1_F5_C2/seed20240619/B0
3,A,E3_L1_F5_C2,20240619,B1,L1,121,False,True,True,400.0,400.0,0.0,,,runs/experiment3/E3_L1_F5_C2/seed20240619/B1
3,A,E3_L1_F5_C2,20240619,B2,L1,121,False,True,True,400.0,400.0,0.0,,,runs/experiment3/E3_L1_F5_C2/seed20240619/B2
3,A,E3_L1_F5_C2,20240619,B4b,L1,121,False,True,True,400.0,400.0,0.0,,,runs/experiment3/E3_L1_F5_C2/seed20240619/B4b
3,A,E3_L1_F5_C2,20240620,B0,L1,182,True,False,False,640.0,400.0,240.0,,,runs/experiment3/E3_L1_F5_C2/seed20240620/B0
3,A,E3_L1_F5_C2,20240620,B1,L1,121,False,True,True,400.0,400.0,0.0,,,runs/experiment3/E3_L1_F5_C2/seed20240620/B1
3,A,E3_L1_F5_C2,20240620,B2,L1,121,False,True,True,400.0,400.0,0.0,,,runs/experiment3/E3_L1_F5_C2/seed20240620/B2
3,A,E3_L1_F5_C2,20240620,B4b,L1,121,False,True,True,400.0,400.0,0.0,,,runs/experiment3/E3_L1_F5_C2/seed20240620/B4b
3,A,E3_L2_F1_F1,20240601,B0,L2,182,True,False,False,640.0,400.0,240.0,,,runs/experiment3/E3_L2_F1_F1/seed20240601/B0
3,A,E3_L2_F1_F1,20240601,B1,L2,302,True,True,True,640.0,400.0,240.0,,,runs/experiment3/E3_L2_F1_F1/seed20240601/B1
3,A,E3_L2_F1_F1,20240601,B2,L2,302,True,True,True,640.0,400.0,240.0,,,runs/experiment3/E3_L2_F1_F1/seed20240601/B2
3,A,E3_L2_F1_F1,20240601,B4b,L2,302,True,True,True,640.0,400.0,240.0,,,runs/experiment3/E3_L2_F1_F1/seed20240601/B4b
3,A,E3_L2_F1_F1,20240602,B0,L2,182,True,False,False,640.0,400.0,240.0,,,runs/experiment3/E3_L2_F1_F1/seed20240602/B0
3,A,E3_L2_F1_F1,20240602,B1,L2,302,True,True,True,640.0,400.0,240.0,,,runs/experiment3/E3_L2_F1_F1/seed20240602/B1
3,A,E3_L2_F1_F1,20240602,B2,L2,302,True,True,True,640.0,400.0,240.0,,,runs/experiment3/E3_L2_F1_F1/seed20240602/B2
3,A,E3_L2_F1_F1,20240602,B4b,L2,302,True,True,True,640.0,400.0,240.0,,,runs/experiment3/E3_L2_F1_F1/seed20240602/B4b
3,A,E3_L2_F1_F1,20240603,B0,L2,182,True,False,False,640.0,400.0,240.0,,,runs/experiment3/E3_L2_F1_F1/seed20240603/B0
3,A,E3_L2_F1_F1,20240603,B1,L2,302,True,True,True,640.0,400.0,240.0,,,runs/experiment3/E3_L2_F1_F1/seed20240603/B1
3,A,E3_L2_F1_F1,20240603,B2,L2,302,True,True,True,640.0,400.0,240.0,,,runs/experiment3/E3_L2_F1_F1/seed20240603/B2
3,A,E3_L2_F1_F1,20240603,B4b,L2,302,True,True,True,640.0,400.0,240.0,,,runs/experiment3/E3_L2_F1_F1/seed20240603/B4b
3,A,E3_L2_F1_F1,20240604,B0,L2,182,True,False,False,640.0,400.0,240.0,,,runs/experiment3/E3_L2_F1_F1/seed20240604/B0
3,A,E3_L2_F1_F1,20240604,B1,L2,302,True,True,True,640.0,400.0,240.0,,,runs/experiment3/E3_L2_F1_F1/seed20240604/B1
3,A,E3_L2_F1_F1,20240604,B2,L2,302,True,True,True,640.0,400.0,240.0,,,runs/experiment3/E3_L2_F1_F1/seed20240604/B2
3,A,E3_L2_F1_F1,20240604,B4b,L2,302,True,True,True,640.0,400.0,240.0,,,runs/experiment3/E3_L2_F1_F1/seed20240604/B4b
3,A,E3_L2_F1_F1,20240605,B0,L2,182,True,False,False,640.0,400.0,240.0,,,runs/experiment3/E3_L2_F1_F1/seed20240605/B0
3,A,E3_L2_F1_F1,20240605,B1,L2,302,True,True,True,640.0,400.0,240.0,,,runs/experiment3/E3_L2_F1_F1/seed20240605/B1
3,A,E3_L2_F1_F1,20240605,B2,L2,302,True,True,True,640.0,400.0,240.0,,,runs/experiment3/E3_L2_F1_F1/seed20240605/B2
3,A,E3_L2_F1_F1,20240605,B4b,L2,302,True,True,True,640.0,400.0,240.0,,,runs/experiment3/E3_L2_F1_F1/seed20240605/B4b
3,A,E3_L2_F1_F1,20240606,B0,L2,182,True,False,False,640.0,400.0,240.0,,,runs/experiment3/E3_L2_F1_F1/seed20240606/B0
3,A,E3_L2_F1_F1,20240606,B1,L2,302,True,True,True,640.0,400.0,240.0,,,runs/experiment3/E3_L2_F1_F1/seed20240606/B1
3,A,E3_L2_F1_F1,20240606,B2,L2,302,True,True,True,640.0,400.0,240.0,,,runs/experiment3/E3_L2_F1_F1/seed20240606/B2
3,A,E3_L2_F1_F1,20240606,B4b,L2,302,True,True,True,640.0,400.0,240.0,,,runs/experiment3/E3_L2_F1_F1/seed20240606/B4b
3,A,E3_L2_F1_F1,20240607,B0,L2,182,True,False,False,640.0,400.0,240.0,,,runs/experiment3/E3_L2_F1_F1/seed20240607/B0
3,A,E3_L2_F1_F1,20240607,B1,L2,302,True,True,True,640.0,400.0,240.0,,,runs/experiment3/E3_L2_F1_F1/seed20240607/B1
3,A,E3_L2_F1_F1,20240607,B2,L2,302,True,True,True,640.0,400.0,240.0,,,runs/experiment3/E3_L2_F1_F1/seed20240607/B2
3,A,E3_L2_F1_F1,20240607,B4b,L2,302,True,True,True,640.0,400.0,240.0,,,runs/experiment3/E3_L2_F1_F1/seed20240607/B4b
3,A,E3_L2_F1_F1,20240608,B0,L2,182,True,False,False,640.0,400.0,240.0,,,runs/experiment3/E3_L2_F1_F1/seed20240608/B0
3,A,E3_L2_F1_F1,20240608,B1,L2,302,True,True,True,640.0,400.0,240.0,,,runs/experiment3/E3_L2_F1_F1/seed20240608/B1
3,A,E3_L2_F1_F1,20240608,B2,L2,302,True,True,True,640.0,400.0,240.0,,,runs/experiment3/E3_L2_F1_F1/seed20240608/B2
3,A,E3_L2_F1_F1,20240608,B4b,L2,302,True,True,True,640.0,400.0,240.0,,,runs/experiment3/E3_L2_F1_F1/seed20240608/B4b
3,A,E3_L2_F1_F1,20240609,B0,L2,182,True,False,False,640.0,400.0,240.0,,,runs/experiment3/E3_L2_F1_F1/seed20240609/B0
3,A,E3_L2_F1_F1,20240609,B1,L2,302,True,True,True,640.0,400.0,240.0,,,runs/experiment3/E3_L2_F1_F1/seed20240609/B1
3,A,E3_L2_F1_F1,20240609,B2,L2,302,True,True,True,640.0,400.0,240.0,,,runs/experiment3/E3_L2_F1_F1/seed20240609/B2
3,A,E3_L2_F1_F1,20240609,B4b,L2,302,True,True,True,640.0,400.0,240.0,,,runs/experiment3/E3_L2_F1_F1/seed20240609/B4b
3,A,E3_L2_F1_F1,20240610,B0,L2,182,True,False,False,640.0,400.0,240.0,,,runs/experiment3/E3_L2_F1_F1/seed20240610/B0
3,A,E3_L2_F1_F1,20240610,B1,L2,302,True,True,True,640.0,400.0,240.0,,,runs/experiment3/E3_L2_F1_F1/seed20240610/B1
3,A,E3_L2_F1_F1,20240610,B2,L2,302,True,True,True,640.0,400.0,240.0,,,runs/experiment3/E3_L2_F1_F1/seed20240610/B2
3,A,E3_L2_F1_F1,20240610,B4b,L2,302,True,True,True,640.0,400.0,240.0,,,runs/experiment3/E3_L2_F1_F1/seed20240610/B4b
3,A,E3_L2_F1_F1,20240611,B0,L2,182,True,False,False,640.0,400.0,240.0,,,runs/experiment3/E3_L2_F1_F1/seed20240611/B0
3,A,E3_L2_F1_F1,20240611,B1,L2,302,True,True,True,640.0,400.0,240.0,,,runs/experiment3/E3_L2_F1_F1/seed20240611/B1
3,A,E3_L2_F1_F1,20240611,B2,L2,302,True,True,True,640.0,400.0,240.0,,,runs/experiment3/E3_L2_F1_F1/seed20240611/B2
3,A,E3_L2_F1_F1,20240611,B4b,L2,302,True,True,True,640.0,400.0,240.0,,,runs/experiment3/E3_L2_F1_F1/seed20240611/B4b
3,A,E3_L2_F1_F1,20240612,B0,L2,182,True,False,False,640.0,400.0,240.0,,,runs/experiment3/E3_L2_F1_F1/seed20240612/B0
3,A,E3_L2_F1_F1,20240612,B1,L2,302,True,True,True,640.0,400.0,240.0,,,runs/experiment3/E3_L2_F1_F1/seed20240612/B1
3,A,E3_L2_F1_F1,20240612,B2,L2,302,True,True,True,640.0,400.0,240.0,,,runs/experiment3/E3_L2_F1_F1/seed20240612/B2
3,A,E3_L2_F1_F1,20240612,B4b,L2,302,True,True,True,640.0,400.0,240.0,,,runs/experiment3/E3_L2_F1_F1/seed20240612/B4b
3,A,E3_L2_F1_F1,20240613,B0,L2,182,True,False,False,640.0,400.0,240.0,,,runs/experiment3/E3_L2_F1_F1/seed20240613/B0
3,A,E3_L2_F1_F1,20240613,B1,L2,302,True,True,True,640.0,400.0,240.0,,,runs/experiment3/E3_L2_F1_F1/seed20240613/B1
3,A,E3_L2_F1_F1,20240613,B2,L2,302,True,True,True,640.0,400.0,240.0,,,runs/experiment3/E3_L2_F1_F1/seed20240613/B2
3,A,E3_L2_F1_F1,20240613,B4b,L2,302,True,True,True,640.0,400.0,240.0,,,runs/experiment3/E3_L2_F1_F1/seed20240613/B4b
3,A,E3_L2_F1_F1,20240614,B0,L2,182,True,False,False,640.0,400.0,240.0,,,runs/experiment3/E3_L2_F1_F1/seed20240614/B0
3,A,E3_L2_F1_F1,20240614,B1,L2,302,True,True,True,640.0,400.0,240.0,,,runs/experiment3/E3_L2_F1_F1/seed20240614/B1
3,A,E3_L2_F1_F1,20240614,B2,L2,302,True,True,True,640.0,400.0,240.0,,,runs/experiment3/E3_L2_F1_F1/seed20240614/B2
3,A,E3_L2_F1_F1,20240614,B4b,L2,302,True,True,True,640.0,400.0,240.0,,,runs/experiment3/E3_L2_F1_F1/seed20240614/B4b
3,A,E3_L2_F1_F1,20240615,B0,L2,182,True,False,False,640.0,400.0,240.0,,,runs/experiment3/E3_L2_F1_F1/seed20240615/B0
3,A,E3_L2_F1_F1,20240615,B1,L2,302,True,True,True,640.0,400.0,240.0,,,runs/experiment3/E3_L2_F1_F1/seed20240615/B1
3,A,E3_L2_F1_F1,20240615,B2,L2,302,True,True,True,640.0,400.0,240.0,,,runs/experiment3/E3_L2_F1_F1/seed20240615/B2
3,A,E3_L2_F1_F1,20240615,B4b,L2,302,True,True,True,640.0,400.0,240.0,,,runs/experiment3/E3_L2_F1_F1/seed20240615/B4b
3,A,E3_L2_F1_F1,20240616,B0,L2,182,True,False,False,640.0,400.0,240.0,,,runs/experiment3/E3_L2_F1_F1/seed20240616/B0
3,A,E3_L2_F1_F1,20240616,B1,L2,302,True,True,True,640.0,400.0,240.0,,,runs/experiment3/E3_L2_F1_F1/seed20240616/B1
3,A,E3_L2_F1_F1,20240616,B2,L2,302,True,True,True,640.0,400.0,240.0,,,runs/experiment3/E3_L2_F1_F1/seed20240616/B2
3,A,E3_L2_F1_F1,20240616,B4b,L2,302,True,True,True,640.0,400.0,240.0,,,runs/experiment3/E3_L2_F1_F1/seed20240616/B4b
3,A,E3_L2_F1_F1,20240617,B0,L2,182,True,False,False,640.0,400.0,240.0,,,runs/experiment3/E3_L2_F1_F1/seed20240617/B0
3,A,E3_L2_F1_F1,20240617,B1,L2,302,True,True,True,640.0,400.0,240.0,,,runs/experiment3/E3_L2_F1_F1/seed20240617/B1
3,A,E3_L2_F1_F1,20240617,B2,L2,302,True,True,True,640.0,400.0,240.0,,,runs/experiment3/E3_L2_F1_F1/seed20240617/B2
3,A,E3_L2_F1_F1,20240617,B4b,L2,302,True,True,True,640.0,400.0,240.0,,,runs/experiment3/E3_L2_F1_F1/seed20240617/B4b
3,A,E3_L2_F1_F1,20240618,B0,L2,182,True,False,False,640.0,400.0,240.0,,,runs/experiment3/E3_L2_F1_F1/seed20240618/B0
3,A,E3_L2_F1_F1,20240618,B1,L2,302,True,True,True,640.0,400.0,240.0,,,runs/experiment3/E3_L2_F1_F1/seed20240618/B1
3,A,E3_L2_F1_F1,20240618,B2,L2,302,True,True,True,640.0,400.0,240.0,,,runs/experiment3/E3_L2_F1_F1/seed20240618/B2
3,A,E3_L2_F1_F1,20240618,B4b,L2,302,True,True,True,640.0,400.0,240.0,,,runs/experiment3/E3_L2_F1_F1/seed20240618/B4b
3,A,E3_L2_F1_F1,20240619,B0,L2,182,True,False,False,640.0,400.0,240.0,,,runs/experiment3/E3_L2_F1_F1/seed20240619/B0
3,A,E3_L2_F1_F1,20240619,B1,L2,302,True,True,True,640.0,400.0,240.0,,,runs/experiment3/E3_L2_F1_F1/seed20240619/B1
3,A,E3_L2_F1_F1,20240619,B2,L2,302,True,True,True,640.0,400.0,240.0,,,runs/experiment3/E3_L2_F1_F1/seed20240619/B2
3,A,E3_L2_F1_F1,20240619,B4b,L2,302,True,True,True,640.0,400.0,240.0,,,runs/experiment3/E3_L2_F1_F1/seed20240619/B4b
3,A,E3_L2_F1_F1,20240620,B0,L2,182,True,False,False,640.0,400.0,240.0,,,runs/experiment3/E3_L2_F1_F1/seed20240620/B0
3,A,E3_L2_F1_F1,20240620,B1,L2,302,True,True,True,640.0,400.0,240.0,,,runs/experiment3/E3_L2_F1_F1/seed20240620/B1
3,A,E3_L2_F1_F1,20240620,B2,L2,302,True,True,True,640.0,400.0,240.0,,,runs/experiment3/E3_L2_F1_F1/seed20240620/B2
3,A,E3_L2_F1_F1,20240620,B4b,L2,302,True,True,True,640.0,400.0,240.0,,,runs/experiment3/E3_L2_F1_F1/seed20240620/B4b
3,A,E3_L2_F1_F5,20240601,B0,L2,182,True,False,False,640.0,400.0,240.0,,,runs/experiment3/E3_L2_F1_F5/seed20240601/B0
3,A,E3_L2_F1_F5,20240601,B1,L2,302,True,True,True,640.0,400.0,240.0,,,runs/experiment3/E3_L2_F1_F5/seed20240601/B1
3,A,E3_L2_F1_F5,20240601,B2,L2,302,True,True,True,640.0,400.0,240.0,,,runs/experiment3/E3_L2_F1_F5/seed20240601/B2
3,A,E3_L2_F1_F5,20240601,B4b,L2,302,True,True,True,640.0,400.0,240.0,,,runs/experiment3/E3_L2_F1_F5/seed20240601/B4b
3,A,E3_L2_F1_F5,20240602,B0,L2,182,True,False,False,640.0,400.0,240.0,,,runs/experiment3/E3_L2_F1_F5/seed20240602/B0
3,A,E3_L2_F1_F5,20240602,B1,L2,302,True,True,True,640.0,400.0,240.0,,,runs/experiment3/E3_L2_F1_F5/seed20240602/B1
3,A,E3_L2_F1_F5,20240602,B2,L2,302,True,True,True,640.0,400.0,240.0,,,runs/experiment3/E3_L2_F1_F5/seed20240602/B2
3,A,E3_L2_F1_F5,20240602,B4b,L2,302,True,True,True,640.0,400.0,240.0,,,runs/experiment3/E3_L2_F1_F5/seed20240602/B4b
3,A,E3_L2_F1_F5,20240603,B0,L2,182,True,False,False,640.0,400.0,240.0,,,runs/experiment3/E3_L2_F1_F5/seed20240603/B0
3,A,E3_L2_F1_F5,20240603,B1,L2,302,True,True,True,640.0,400.0,240.0,,,runs/experiment3/E3_L2_F1_F5/seed20240603/B1
3,A,E3_L2_F1_F5,20240603,B2,L2,302,True,True,True,640.0,400.0,240.0,,,runs/experiment3/E3_L2_F1_F5/seed20240603/B2
3,A,E3_L2_F1_F5,20240603,B4b,L2,302,True,True,True,640.0,400.0,240.0,,,runs/experiment3/E3_L2_F1_F5/seed20240603/B4b
3,A,E3_L2_F1_F5,20240604,B0,L2,182,True,False,False,640.0,400.0,240.0,,,runs/experiment3/E3_L2_F1_F5/seed20240604/B0
3,A,E3_L2_F1_F5,20240604,B1,L2,302,True,True,True,640.0,400.0,240.0,,,runs/experiment3/E3_L2_F1_F5/seed20240604/B1
3,A,E3_L2_F1_F5,20240604,B2,L2,302,True,True,True,640.0,400.0,240.0,,,runs/experiment3/E3_L2_F1_F5/seed20240604/B2
3,A,E3_L2_F1_F5,20240604,B4b,L2,332,True,True,True,640.0,400.0,240.0,,,runs/experiment3/E3_L2_F1_F5/seed20240604/B4b
3,A,E3_L2_F1_F5,20240605,B0,L2,182,True,False,False,640.0,400.0,240.0,,,runs/experiment3/E3_L2_F1_F5/seed20240605/B0
3,A,E3_L2_F1_F5,20240605,B1,L2,302,True,True,True,640.0,400.0,240.0,,,runs/experiment3/E3_L2_F1_F5/seed20240605/B1
3,A,E3_L2_F1_F5,20240605,B2,L2,302,True,True,True,640.0,400.0,240.0,,,runs/experiment3/E3_L2_F1_F5/seed20240605/B2
3,A,E3_L2_F1_F5,20240605,B4b,L2,302,True,True,True,640.0,400.0,240.0,,,runs/experiment3/E3_L2_F1_F5/seed20240605/B4b
3,A,E3_L2_F1_F5,20240606,B0,L2,182,True,False,False,640.0,400.0,240.0,,,runs/experiment3/E3_L2_F1_F5/seed20240606/B0
3,A,E3_L2_F1_F5,20240606,B1,L2,302,True,True,True,640.0,400.0,240.0,,,runs/experiment3/E3_L2_F1_F5/seed20240606/B1
3,A,E3_L2_F1_F5,20240606,B2,L2,302,True,True,True,640.0,400.0,240.0,,,runs/experiment3/E3_L2_F1_F5/seed20240606/B2
3,A,E3_L2_F1_F5,20240606,B4b,L2,302,True,True,True,640.0,400.0,240.0,,,runs/experiment3/E3_L2_F1_F5/seed20240606/B4b
3,A,E3_L2_F1_F5,20240607,B0,L2,182,True,False,False,640.0,400.0,240.0,,,runs/experiment3/E3_L2_F1_F5/seed20240607/B0
3,A,E3_L2_F1_F5,20240607,B1,L2,302,True,True,True,640.0,400.0,240.0,,,runs/experiment3/E3_L2_F1_F5/seed20240607/B1
3,A,E3_L2_F1_F5,20240607,B2,L2,302,True,True,True,640.0,400.0,240.0,,,runs/experiment3/E3_L2_F1_F5/seed20240607/B2
3,A,E3_L2_F1_F5,20240607,B4b,L2,302,True,True,True,640.0,400.0,240.0,,,runs/experiment3/E3_L2_F1_F5/seed20240607/B4b
3,A,E3_L2_F1_F5,20240608,B0,L2,182,True,False,False,640.0,400.0,240.0,,,runs/experiment3/E3_L2_F1_F5/seed20240608/B0
3,A,E3_L2_F1_F5,20240608,B1,L2,302,True,True,True,640.0,400.0,240.0,,,runs/experiment3/E3_L2_F1_F5/seed20240608/B1
3,A,E3_L2_F1_F5,20240608,B2,L2,302,True,True,True,640.0,400.0,240.0,,,runs/experiment3/E3_L2_F1_F5/seed20240608/B2
3,A,E3_L2_F1_F5,20240608,B4b,L2,302,True,True,True,640.0,400.0,240.0,,,runs/experiment3/E3_L2_F1_F5/seed20240608/B4b
3,A,E3_L2_F1_F5,20240609,B0,L2,182,True,False,False,640.0,400.0,240.0,,,runs/experiment3/E3_L2_F1_F5/seed20240609/B0
3,A,E3_L2_F1_F5,20240609,B1,L2,302,True,True,True,640.0,400.0,240.0,,,runs/experiment3/E3_L2_F1_F5/seed20240609/B1
3,A,E3_L2_F1_F5,20240609,B2,L2,302,True,True,True,640.0,400.0,240.0,,,runs/experiment3/E3_L2_F1_F5/seed20240609/B2
3,A,E3_L2_F1_F5,20240609,B4b,L2,302,True,True,True,640.0,400.0,240.0,,,runs/experiment3/E3_L2_F1_F5/seed20240609/B4b
3,A,E3_L2_F1_F5,20240610,B0,L2,182,True,False,False,640.0,400.0,240.0,,,runs/experiment3/E3_L2_F1_F5/seed20240610/B0
3,A,E3_L2_F1_F5,20240610,B1,L2,302,True,True,True,640.0,400.0,240.0,,,runs/experiment3/E3_L2_F1_F5/seed20240610/B1
3,A,E3_L2_F1_F5,20240610,B2,L2,302,True,True,True,640.0,400.0,240.0,,,runs/experiment3/E3_L2_F1_F5/seed20240610/B2
3,A,E3_L2_F1_F5,20240610,B4b,L2,302,True,True,True,640.0,400.0,240.0,,,runs/experiment3/E3_L2_F1_F5/seed20240610/B4b
3,A,E3_L2_F1_F5,20240611,B0,L2,182,True,False,False,640.0,400.0,240.0,,,runs/experiment3/E3_L2_F1_F5/seed20240611/B0
3,A,E3_L2_F1_F5,20240611,B1,L2,302,True,True,True,640.0,400.0,240.0,,,runs/experiment3/E3_L2_F1_F5/seed20240611/B1
3,A,E3_L2_F1_F5,20240611,B2,L2,302,True,True,True,640.0,400.0,240.0,,,runs/experiment3/E3_L2_F1_F5/seed20240611/B2
3,A,E3_L2_F1_F5,20240611,B4b,L2,302,True,True,True,640.0,400.0,240.0,,,runs/experiment3/E3_L2_F1_F5/seed20240611/B4b
3,A,E3_L2_F1_F5,20240612,B0,L2,182,True,False,False,640.0,400.0,240.0,,,runs/experiment3/E3_L2_F1_F5/seed20240612/B0
3,A,E3_L2_F1_F5,20240612,B1,L2,302,True,True,True,640.0,400.0,240.0,,,runs/experiment3/E3_L2_F1_F5/seed20240612/B1
3,A,E3_L2_F1_F5,20240612,B2,L2,302,True,True,True,640.0,400.0,240.0,,,runs/experiment3/E3_L2_F1_F5/seed20240612/B2
3,A,E3_L2_F1_F5,20240612,B4b,L2,302,True,True,True,640.0,400.0,240.0,,,runs/experiment3/E3_L2_F1_F5/seed20240612/B4b
3,A,E3_L2_F1_F5,20240613,B0,L2,182,True,False,False,640.0,400.0,240.0,,,runs/experiment3/E3_L2_F1_F5/seed20240613/B0
3,A,E3_L2_F1_F5,20240613,B1,L2,302,True,True,True,640.0,400.0,240.0,,,runs/experiment3/E3_L2_F1_F5/seed20240613/B1
3,A,E3_L2_F1_F5,20240613,B2,L2,302,True,True,True,640.0,400.0,240.0,,,runs/experiment3/E3_L2_F1_F5/seed20240613/B2
3,A,E3_L2_F1_F5,20240613,B4b,L2,302,True,True,True,640.0,400.0,240.0,,,runs/experiment3/E3_L2_F1_F5/seed20240613/B4b
3,A,E3_L2_F1_F5,20240614,B0,L2,182,True,False,False,640.0,400.0,240.0,,,runs/experiment3/E3_L2_F1_F5/seed20240614/B0
3,A,E3_L2_F1_F5,20240614,B1,L2,302,True,True,True,640.0,400.0,240.0,,,runs/experiment3/E3_L2_F1_F5/seed20240614/B1
3,A,E3_L2_F1_F5,20240614,B2,L2,302,True,True,True,640.0,400.0,240.0,,,runs/experiment3/E3_L2_F1_F5/seed20240614/B2
3,A,E3_L2_F1_F5,20240614,B4b,L2,302,True,True,True,640.0,400.0,240.0,,,runs/experiment3/E3_L2_F1_F5/seed20240614/B4b
3,A,E3_L2_F1_F5,20240615,B0,L2,182,True,False,False,640.0,400.0,240.0,,,runs/experiment3/E3_L2_F1_F5/seed20240615/B0
3,A,E3_L2_F1_F5,20240615,B1,L2,302,True,True,True,640.0,400.0,240.0,,,runs/experiment3/E3_L2_F1_F5/seed20240615/B1
3,A,E3_L2_F1_F5,20240615,B2,L2,302,True,True,True,640.0,400.0,240.0,,,runs/experiment3/E3_L2_F1_F5/seed20240615/B2
3,A,E3_L2_F1_F5,20240615,B4b,L2,302,True,True,True,640.0,400.0,240.0,,,runs/experiment3/E3_L2_F1_F5/seed20240615/B4b
3,A,E3_L2_F1_F5,20240616,B0,L2,182,True,False,False,640.0,400.0,240.0,,,runs/experiment3/E3_L2_F1_F5/seed20240616/B0
3,A,E3_L2_F1_F5,20240616,B1,L2,302,True,True,True,640.0,400.0,240.0,,,runs/experiment3/E3_L2_F1_F5/seed20240616/B1
3,A,E3_L2_F1_F5,20240616,B2,L2,302,True,True,True,640.0,400.0,240.0,,,runs/experiment3/E3_L2_F1_F5/seed20240616/B2
3,A,E3_L2_F1_F5,20240616,B4b,L2,302,True,True,True,640.0,400.0,240.0,,,runs/experiment3/E3_L2_F1_F5/seed20240616/B4b
3,A,E3_L2_F1_F5,20240617,B0,L2,182,True,False,False,640.0,400.0,240.0,,,runs/experiment3/E3_L2_F1_F5/seed20240617/B0
3,A,E3_L2_F1_F5,20240617,B1,L2,302,True,True,True,640.0,400.0,240.0,,,runs/experiment3/E3_L2_F1_F5/seed20240617/B1
3,A,E3_L2_F1_F5,20240617,B2,L2,302,True,True,True,640.0,400.0,240.0,,,runs/experiment3/E3_L2_F1_F5/seed20240617/B2
3,A,E3_L2_F1_F5,20240617,B4b,L2,302,True,True,True,640.0,400.0,240.0,,,runs/experiment3/E3_L2_F1_F5/seed20240617/B4b
3,A,E3_L2_F1_F5,20240618,B0,L2,182,True,False,False,640.0,400.0,240.0,,,runs/experiment3/E3_L2_F1_F5/seed20240618/B0
3,A,E3_L2_F1_F5,20240618,B1,L2,302,True,True,True,640.0,400.0,240.0,,,runs/experiment3/E3_L2_F1_F5/seed20240618/B1
3,A,E3_L2_F1_F5,20240618,B2,L2,302,True,True,True,640.0,400.0,240.0,,,runs/experiment3/E3_L2_F1_F5/seed20240618/B2
3,A,E3_L2_F1_F5,20240618,B4b,L2,302,True,True,True,640.0,400.0,240.0,,,runs/experiment3/E3_L2_F1_F5/seed20240618/B4b
3,A,E3_L2_F1_F5,20240619,B0,L2,182,True,False,False,640.0,400.0,240.0,,,runs/experiment3/E3_L2_F1_F5/seed20240619/B0
3,A,E3_L2_F1_F5,20240619,B1,L2,302,True,True,True,640.0,400.0,240.0,,,runs/experiment3/E3_L2_F1_F5/seed20240619/B1
3,A,E3_L2_F1_F5,20240619,B2,L2,302,True,True,True,640.0,400.0,240.0,,,runs/experiment3/E3_L2_F1_F5/seed20240619/B2
3,A,E3_L2_F1_F5,20240619,B4b,L2,302,True,True,True,640.0,400.0,240.0,,,runs/experiment3/E3_L2_F1_F5/seed20240619/B4b
3,A,E3_L2_F1_F5,20240620,B0,L2,182,True,False,False,640.0,400.0,240.0,,,runs/experiment3/E3_L2_F1_F5/seed20240620/B0
3,A,E3_L2_F1_F5,20240620,B1,L2,302,True,True,True,640.0,400.0,240.0,,,runs/experiment3/E3_L2_F1_F5/seed20240620/B1
3,A,E3_L2_F1_F5,20240620,B2,L2,302,True,True,True,640.0,400.0,240.0,,,runs/experiment3/E3_L2_F1_F5/seed20240620/B2
3,A,E3_L2_F1_F5,20240620,B4b,L2,302,True,True,True,640.0,400.0,240.0,,,runs/experiment3/E3_L2_F1_F5/seed20240620/B4b
3,A,E3_L2_F2_F4,20240601,B0,L2,182,True,False,False,440.0,200.0,240.0,,,runs/experiment3/E3_L2_F2_F4/seed20240601/B0
3,A,E3_L2_F2_F4,20240601,B1,L2,302,True,True,True,640.0,200.0,440.0,,,runs/experiment3/E3_L2_F2_F4/seed20240601/B1
3,A,E3_L2_F2_F4,20240601,B2,L2,302,True,True,True,640.0,200.0,440.0,,,runs/experiment3/E3_L2_F2_F4/seed20240601/B2
3,A,E3_L2_F2_F4,20240601,B4b,L2,302,True,True,True,640.0,200.0,440.0,,,runs/experiment3/E3_L2_F2_F4/seed20240601/B4b
3,A,E3_L2_F2_F4,20240602,B0,L2,182,True,False,False,440.0,200.0,240.0,,,runs/experiment3/E3_L2_F2_F4/seed20240602/B0
3,A,E3_L2_F2_F4,20240602,B1,L2,302,True,True,True,640.0,200.0,440.0,,,runs/experiment3/E3_L2_F2_F4/seed20240602/B1
3,A,E3_L2_F2_F4,20240602,B2,L2,302,True,True,True,640.0,200.0,440.0,,,runs/experiment3/E3_L2_F2_F4/seed20240602/B2
3,A,E3_L2_F2_F4,20240602,B4b,L2,302,True,True,True,640.0,200.0,440.0,,,runs/experiment3/E3_L2_F2_F4/seed20240602/B4b
3,A,E3_L2_F2_F4,20240603,B0,L2,182,True,False,False,440.0,200.0,240.0,,,runs/experiment3/E3_L2_F2_F4/seed20240603/B0
3,A,E3_L2_F2_F4,20240603,B1,L2,302,True,True,True,640.0,200.0,440.0,,,runs/experiment3/E3_L2_F2_F4/seed20240603/B1
3,A,E3_L2_F2_F4,20240603,B2,L2,302,True,True,True,640.0,200.0,440.0,,,runs/experiment3/E3_L2_F2_F4/seed20240603/B2
3,A,E3_L2_F2_F4,20240603,B4b,L2,302,True,True,True,640.0,200.0,440.0,,,runs/experiment3/E3_L2_F2_F4/seed20240603/B4b
3,A,E3_L2_F2_F4,20240604,B0,L2,182,True,False,False,440.0,200.0,240.0,,,runs/experiment3/E3_L2_F2_F4/seed20240604/B0
3,A,E3_L2_F2_F4,20240604,B1,L2,302,True,True,True,640.0,200.0,440.0,,,runs/experiment3/E3_L2_F2_F4/seed20240604/B1
3,A,E3_L2_F2_F4,20240604,B2,L2,302,True,True,True,640.0,200.0,440.0,,,runs/experiment3/E3_L2_F2_F4/seed20240604/B2
3,A,E3_L2_F2_F4,20240604,B4b,L2,302,True,True,True,640.0,200.0,440.0,,,runs/experiment3/E3_L2_F2_F4/seed20240604/B4b
3,A,E3_L2_F2_F4,20240605,B0,L2,182,True,False,False,440.0,200.0,240.0,,,runs/experiment3/E3_L2_F2_F4/seed20240605/B0
3,A,E3_L2_F2_F4,20240605,B1,L2,302,True,True,True,640.0,200.0,440.0,,,runs/experiment3/E3_L2_F2_F4/seed20240605/B1
3,A,E3_L2_F2_F4,20240605,B2,L2,302,True,True,True,640.0,200.0,440.0,,,runs/experiment3/E3_L2_F2_F4/seed20240605/B2
3,A,E3_L2_F2_F4,20240605,B4b,L2,302,True,True,True,640.0,200.0,440.0,,,runs/experiment3/E3_L2_F2_F4/seed20240605/B4b
3,A,E3_L2_F2_F4,20240606,B0,L2,182,True,False,False,440.0,200.0,240.0,,,runs/experiment3/E3_L2_F2_F4/seed20240606/B0
3,A,E3_L2_F2_F4,20240606,B1,L2,302,True,True,True,640.0,200.0,440.0,,,runs/experiment3/E3_L2_F2_F4/seed20240606/B1
3,A,E3_L2_F2_F4,20240606,B2,L2,302,True,True,True,640.0,200.0,440.0,,,runs/experiment3/E3_L2_F2_F4/seed20240606/B2
3,A,E3_L2_F2_F4,20240606,B4b,L2,302,True,True,True,640.0,200.0,440.0,,,runs/experiment3/E3_L2_F2_F4/seed20240606/B4b
3,A,E3_L2_F2_F4,20240607,B0,L2,182,True,False,False,440.0,200.0,240.0,,,runs/experiment3/E3_L2_F2_F4/seed20240607/B0
3,A,E3_L2_F2_F4,20240607,B1,L2,302,True,True,True,640.0,200.0,440.0,,,runs/experiment3/E3_L2_F2_F4/seed20240607/B1
3,A,E3_L2_F2_F4,20240607,B2,L2,302,True,True,True,640.0,200.0,440.0,,,runs/experiment3/E3_L2_F2_F4/seed20240607/B2
3,A,E3_L2_F2_F4,20240607,B4b,L2,302,True,True,True,640.0,200.0,440.0,,,runs/experiment3/E3_L2_F2_F4/seed20240607/B4b
3,A,E3_L2_F2_F4,20240608,B0,L2,182,True,False,False,440.0,200.0,240.0,,,runs/experiment3/E3_L2_F2_F4/seed20240608/B0
3,A,E3_L2_F2_F4,20240608,B1,L2,302,True,True,True,640.0,200.0,440.0,,,runs/experiment3/E3_L2_F2_F4/seed20240608/B1
3,A,E3_L2_F2_F4,20240608,B2,L2,302,True,True,True,640.0,200.0,440.0,,,runs/experiment3/E3_L2_F2_F4/seed20240608/B2
3,A,E3_L2_F2_F4,20240608,B4b,L2,302,True,True,True,640.0,200.0,440.0,,,runs/experiment3/E3_L2_F2_F4/seed20240608/B4b
3,A,E3_L2_F2_F4,20240609,B0,L2,182,True,False,False,440.0,200.0,240.0,,,runs/experiment3/E3_L2_F2_F4/seed20240609/B0
3,A,E3_L2_F2_F4,20240609,B1,L2,302,True,True,True,640.0,200.0,440.0,,,runs/experiment3/E3_L2_F2_F4/seed20240609/B1
3,A,E3_L2_F2_F4,20240609,B2,L2,302,True,True,True,640.0,200.0,440.0,,,runs/experiment3/E3_L2_F2_F4/seed20240609/B2
3,A,E3_L2_F2_F4,20240609,B4b,L2,302,True,True,True,640.0,200.0,440.0,,,runs/experiment3/E3_L2_F2_F4/seed20240609/B4b
3,A,E3_L2_F2_F4,20240610,B0,L2,182,True,False,False,440.0,200.0,240.0,,,runs/experiment3/E3_L2_F2_F4/seed20240610/B0
3,A,E3_L2_F2_F4,20240610,B1,L2,302,True,True,True,640.0,200.0,440.0,,,runs/experiment3/E3_L2_F2_F4/seed20240610/B1
3,A,E3_L2_F2_F4,20240610,B2,L2,302,True,True,True,640.0,200.0,440.0,,,runs/experiment3/E3_L2_F2_F4/seed20240610/B2
3,A,E3_L2_F2_F4,20240610,B4b,L2,302,True,True,True,640.0,200.0,440.0,,,runs/experiment3/E3_L2_F2_F4/seed20240610/B4b
3,A,E3_L2_F2_F4,20240611,B0,L2,182,True,False,False,440.0,200.0,240.0,,,runs/experiment3/E3_L2_F2_F4/seed20240611/B0
3,A,E3_L2_F2_F4,20240611,B1,L2,302,True,True,True,640.0,200.0,440.0,,,runs/experiment3/E3_L2_F2_F4/seed20240611/B1
3,A,E3_L2_F2_F4,20240611,B2,L2,302,True,True,True,640.0,200.0,440.0,,,runs/experiment3/E3_L2_F2_F4/seed20240611/B2
3,A,E3_L2_F2_F4,20240611,B4b,L2,302,True,True,True,640.0,200.0,440.0,,,runs/experiment3/E3_L2_F2_F4/seed20240611/B4b
3,A,E3_L2_F2_F4,20240612,B0,L2,182,True,False,False,440.0,200.0,240.0,,,runs/experiment3/E3_L2_F2_F4/seed20240612/B0
3,A,E3_L2_F2_F4,20240612,B1,L2,302,True,True,True,640.0,200.0,440.0,,,runs/experiment3/E3_L2_F2_F4/seed20240612/B1
3,A,E3_L2_F2_F4,20240612,B2,L2,302,True,True,True,640.0,200.0,440.0,,,runs/experiment3/E3_L2_F2_F4/seed20240612/B2
3,A,E3_L2_F2_F4,20240612,B4b,L2,302,True,True,True,640.0,200.0,440.0,,,runs/experiment3/E3_L2_F2_F4/seed20240612/B4b
3,A,E3_L2_F2_F4,20240613,B0,L2,182,True,False,False,440.0,200.0,240.0,,,runs/experiment3/E3_L2_F2_F4/seed20240613/B0
3,A,E3_L2_F2_F4,20240613,B1,L2,302,True,True,True,640.0,200.0,440.0,,,runs/experiment3/E3_L2_F2_F4/seed20240613/B1
3,A,E3_L2_F2_F4,20240613,B2,L2,302,True,True,True,640.0,200.0,440.0,,,runs/experiment3/E3_L2_F2_F4/seed20240613/B2
3,A,E3_L2_F2_F4,20240613,B4b,L2,302,True,True,True,640.0,200.0,440.0,,,runs/experiment3/E3_L2_F2_F4/seed20240613/B4b
3,A,E3_L2_F2_F4,20240614,B0,L2,182,True,False,False,440.0,200.0,240.0,,,runs/experiment3/E3_L2_F2_F4/seed20240614/B0
3,A,E3_L2_F2_F4,20240614,B1,L2,302,True,True,True,640.0,200.0,440.0,,,runs/experiment3/E3_L2_F2_F4/seed20240614/B1
3,A,E3_L2_F2_F4,20240614,B2,L2,302,True,True,True,640.0,200.0,440.0,,,runs/experiment3/E3_L2_F2_F4/seed20240614/B2
3,A,E3_L2_F2_F4,20240614,B4b,L2,302,True,True,True,640.0,200.0,440.0,,,runs/experiment3/E3_L2_F2_F4/seed20240614/B4b
3,A,E3_L2_F2_F4,20240615,B0,L2,182,True,False,False,440.0,200.0,240.0,,,runs/experiment3/E3_L2_F2_F4/seed20240615/B0
3,A,E3_L2_F2_F4,20240615,B1,L2,302,True,True,True,640.0,200.0,440.0,,,runs/experiment3/E3_L2_F2_F4/seed20240615/B1
3,A,E3_L2_F2_F4,20240615,B2,L2,302,True,True,True,640.0,200.0,440.0,,,runs/experiment3/E3_L2_F2_F4/seed20240615/B2
3,A,E3_L2_F2_F4,20240615,B4b,L2,302,True,True,True,640.0,200.0,440.0,,,runs/experiment3/E3_L2_F2_F4/seed20240615/B4b
3,A,E3_L2_F2_F4,20240616,B0,L2,182,True,False,False,440.0,200.0,240.0,,,runs/experiment3/E3_L2_F2_F4/seed20240616/B0
3,A,E3_L2_F2_F4,20240616,B1,L2,302,True,True,True,640.0,200.0,440.0,,,runs/experiment3/E3_L2_F2_F4/seed20240616/B1
3,A,E3_L2_F2_F4,20240616,B2,L2,302,True,True,True,640.0,200.0,440.0,,,runs/experiment3/E3_L2_F2_F4/seed20240616/B2
3,A,E3_L2_F2_F4,20240616,B4b,L2,302,True,True,True,640.0,200.0,440.0,,,runs/experiment3/E3_L2_F2_F4/seed20240616/B4b
3,A,E3_L2_F2_F4,20240617,B0,L2,182,True,False,False,440.0,200.0,240.0,,,runs/experiment3/E3_L2_F2_F4/seed20240617/B0
3,A,E3_L2_F2_F4,20240617,B1,L2,302,True,True,True,640.0,200.0,440.0,,,runs/experiment3/E3_L2_F2_F4/seed20240617/B1
3,A,E3_L2_F2_F4,20240617,B2,L2,302,True,True,True,640.0,200.0,440.0,,,runs/experiment3/E3_L2_F2_F4/seed20240617/B2
3,A,E3_L2_F2_F4,20240617,B4b,L2,302,True,True,True,640.0,200.0,440.0,,,runs/experiment3/E3_L2_F2_F4/seed20240617/B4b
3,A,E3_L2_F2_F4,20240618,B0,L2,182,True,False,False,440.0,200.0,240.0,,,runs/experiment3/E3_L2_F2_F4/seed20240618/B0
3,A,E3_L2_F2_F4,20240618,B1,L2,302,True,True,True,640.0,200.0,440.0,,,runs/experiment3/E3_L2_F2_F4/seed20240618/B1
3,A,E3_L2_F2_F4,20240618,B2,L2,302,True,True,True,640.0,200.0,440.0,,,runs/experiment3/E3_L2_F2_F4/seed20240618/B2
3,A,E3_L2_F2_F4,20240618,B4b,L2,302,True,True,True,640.0,200.0,440.0,,,runs/experiment3/E3_L2_F2_F4/seed20240618/B4b
3,A,E3_L2_F2_F4,20240619,B0,L2,182,True,False,False,440.0,200.0,240.0,,,runs/experiment3/E3_L2_F2_F4/seed20240619/B0
3,A,E3_L2_F2_F4,20240619,B1,L2,302,True,True,True,640.0,200.0,440.0,,,runs/experiment3/E3_L2_F2_F4/seed20240619/B1
3,A,E3_L2_F2_F4,20240619,B2,L2,302,True,True,True,640.0,200.0,440.0,,,runs/experiment3/E3_L2_F2_F4/seed20240619/B2
3,A,E3_L2_F2_F4,20240619,B4b,L2,302,True,True,True,640.0,200.0,440.0,,,runs/experiment3/E3_L2_F2_F4/seed20240619/B4b
3,A,E3_L2_F2_F4,20240620,B0,L2,182,True,False,False,440.0,200.0,240.0,,,runs/experiment3/E3_L2_F2_F4/seed20240620/B0
3,A,E3_L2_F2_F4,20240620,B1,L2,302,True,True,True,640.0,200.0,440.0,,,runs/experiment3/E3_L2_F2_F4/seed20240620/B1
3,A,E3_L2_F2_F4,20240620,B2,L2,302,True,True,True,640.0,200.0,440.0,,,runs/experiment3/E3_L2_F2_F4/seed20240620/B2
3,A,E3_L2_F2_F4,20240620,B4b,L2,302,True,True,True,640.0,200.0,440.0,,,runs/experiment3/E3_L2_F2_F4/seed20240620/B4b
3,A,E3_L2_F6_F5,20240601,B0,L2,182,True,False,False,440.0,200.0,240.0,,,runs/experiment3/E3_L2_F6_F5/seed20240601/B0
3,A,E3_L2_F6_F5,20240601,B1,L2,302,True,True,True,640.0,200.0,440.0,,,runs/experiment3/E3_L2_F6_F5/seed20240601/B1
3,A,E3_L2_F6_F5,20240601,B2,L2,302,True,True,True,640.0,200.0,440.0,,,runs/experiment3/E3_L2_F6_F5/seed20240601/B2
3,A,E3_L2_F6_F5,20240601,B4b,L2,302,True,True,True,640.0,200.0,440.0,,,runs/experiment3/E3_L2_F6_F5/seed20240601/B4b
3,A,E3_L2_F6_F5,20240602,B0,L2,182,True,False,False,440.0,200.0,240.0,,,runs/experiment3/E3_L2_F6_F5/seed20240602/B0
3,A,E3_L2_F6_F5,20240602,B1,L2,302,True,True,True,640.0,200.0,440.0,,,runs/experiment3/E3_L2_F6_F5/seed20240602/B1
3,A,E3_L2_F6_F5,20240602,B2,L2,302,True,True,True,640.0,200.0,440.0,,,runs/experiment3/E3_L2_F6_F5/seed20240602/B2
3,A,E3_L2_F6_F5,20240602,B4b,L2,302,True,True,True,640.0,200.0,440.0,,,runs/experiment3/E3_L2_F6_F5/seed20240602/B4b
3,A,E3_L2_F6_F5,20240603,B0,L2,182,True,False,False,440.0,200.0,240.0,,,runs/experiment3/E3_L2_F6_F5/seed20240603/B0
3,A,E3_L2_F6_F5,20240603,B1,L2,302,True,True,True,640.0,200.0,440.0,,,runs/experiment3/E3_L2_F6_F5/seed20240603/B1
3,A,E3_L2_F6_F5,20240603,B2,L2,302,True,True,True,640.0,200.0,440.0,,,runs/experiment3/E3_L2_F6_F5/seed20240603/B2
3,A,E3_L2_F6_F5,20240603,B4b,L2,302,True,True,True,640.0,200.0,440.0,,,runs/experiment3/E3_L2_F6_F5/seed20240603/B4b
3,A,E3_L2_F6_F5,20240604,B0,L2,182,True,False,False,440.0,200.0,240.0,,,runs/experiment3/E3_L2_F6_F5/seed20240604/B0
3,A,E3_L2_F6_F5,20240604,B1,L2,302,True,True,True,640.0,200.0,440.0,,,runs/experiment3/E3_L2_F6_F5/seed20240604/B1
3,A,E3_L2_F6_F5,20240604,B2,L2,302,True,True,True,640.0,200.0,440.0,,,runs/experiment3/E3_L2_F6_F5/seed20240604/B2
3,A,E3_L2_F6_F5,20240604,B4b,L2,302,True,True,True,640.0,200.0,440.0,,,runs/experiment3/E3_L2_F6_F5/seed20240604/B4b
3,A,E3_L2_F6_F5,20240605,B0,L2,182,True,False,False,440.0,200.0,240.0,,,runs/experiment3/E3_L2_F6_F5/seed20240605/B0
3,A,E3_L2_F6_F5,20240605,B1,L2,302,True,True,True,640.0,200.0,440.0,,,runs/experiment3/E3_L2_F6_F5/seed20240605/B1
3,A,E3_L2_F6_F5,20240605,B2,L2,302,True,True,True,640.0,200.0,440.0,,,runs/experiment3/E3_L2_F6_F5/seed20240605/B2
3,A,E3_L2_F6_F5,20240605,B4b,L2,302,True,True,True,640.0,200.0,440.0,,,runs/experiment3/E3_L2_F6_F5/seed20240605/B4b
3,A,E3_L2_F6_F5,20240606,B0,L2,182,True,False,False,440.0,200.0,240.0,,,runs/experiment3/E3_L2_F6_F5/seed20240606/B0
3,A,E3_L2_F6_F5,20240606,B1,L2,302,True,True,True,640.0,200.0,440.0,,,runs/experiment3/E3_L2_F6_F5/seed20240606/B1
3,A,E3_L2_F6_F5,20240606,B2,L2,302,True,True,True,640.0,200.0,440.0,,,runs/experiment3/E3_L2_F6_F5/seed20240606/B2
3,A,E3_L2_F6_F5,20240606,B4b,L2,302,True,True,True,640.0,200.0,440.0,,,runs/experiment3/E3_L2_F6_F5/seed20240606/B4b
3,A,E3_L2_F6_F5,20240607,B0,L2,182,True,False,False,440.0,200.0,240.0,,,runs/experiment3/E3_L2_F6_F5/seed20240607/B0
3,A,E3_L2_F6_F5,20240607,B1,L2,302,True,True,True,640.0,200.0,440.0,,,runs/experiment3/E3_L2_F6_F5/seed20240607/B1
3,A,E3_L2_F6_F5,20240607,B2,L2,302,True,True,True,640.0,200.0,440.0,,,runs/experiment3/E3_L2_F6_F5/seed20240607/B2
3,A,E3_L2_F6_F5,20240607,B4b,L2,302,True,True,True,640.0,200.0,440.0,,,runs/experiment3/E3_L2_F6_F5/seed20240607/B4b
3,A,E3_L2_F6_F5,20240608,B0,L2,182,True,False,False,440.0,200.0,240.0,,,runs/experiment3/E3_L2_F6_F5/seed20240608/B0
3,A,E3_L2_F6_F5,20240608,B1,L2,302,True,True,True,640.0,200.0,440.0,,,runs/experiment3/E3_L2_F6_F5/seed20240608/B1
3,A,E3_L2_F6_F5,20240608,B2,L2,302,True,True,True,640.0,200.0,440.0,,,runs/experiment3/E3_L2_F6_F5/seed20240608/B2
3,A,E3_L2_F6_F5,20240608,B4b,L2,332,True,True,True,640.0,200.0,440.0,,,runs/experiment3/E3_L2_F6_F5/seed20240608/B4b
3,A,E3_L2_F6_F5,20240609,B0,L2,182,True,False,False,440.0,200.0,240.0,,,runs/experiment3/E3_L2_F6_F5/seed20240609/B0
3,A,E3_L2_F6_F5,20240609,B1,L2,302,True,True,True,640.0,200.0,440.0,,,runs/experiment3/E3_L2_F6_F5/seed20240609/B1
3,A,E3_L2_F6_F5,20240609,B2,L2,302,True,True,True,640.0,200.0,440.0,,,runs/experiment3/E3_L2_F6_F5/seed20240609/B2
3,A,E3_L2_F6_F5,20240609,B4b,L2,302,True,True,True,640.0,200.0,440.0,,,runs/experiment3/E3_L2_F6_F5/seed20240609/B4b
3,A,E3_L2_F6_F5,20240610,B0,L2,182,True,False,False,440.0,200.0,240.0,,,runs/experiment3/E3_L2_F6_F5/seed20240610/B0
3,A,E3_L2_F6_F5,20240610,B1,L2,302,True,True,True,640.0,200.0,440.0,,,runs/experiment3/E3_L2_F6_F5/seed20240610/B1
3,A,E3_L2_F6_F5,20240610,B2,L2,302,True,True,True,640.0,200.0,440.0,,,runs/experiment3/E3_L2_F6_F5/seed20240610/B2
3,A,E3_L2_F6_F5,20240610,B4b,L2,362,True,True,True,640.0,200.0,440.0,,,runs/experiment3/E3_L2_F6_F5/seed20240610/B4b
3,A,E3_L2_F6_F5,20240611,B0,L2,182,True,False,False,440.0,200.0,240.0,,,runs/experiment3/E3_L2_F6_F5/seed20240611/B0
3,A,E3_L2_F6_F5,20240611,B1,L2,302,True,True,True,640.0,200.0,440.0,,,runs/experiment3/E3_L2_F6_F5/seed20240611/B1
3,A,E3_L2_F6_F5,20240611,B2,L2,302,True,True,True,640.0,200.0,440.0,,,runs/experiment3/E3_L2_F6_F5/seed20240611/B2
3,A,E3_L2_F6_F5,20240611,B4b,L2,302,True,True,True,640.0,200.0,440.0,,,runs/experiment3/E3_L2_F6_F5/seed20240611/B4b
3,A,E3_L2_F6_F5,20240612,B0,L2,182,True,False,False,440.0,200.0,240.0,,,runs/experiment3/E3_L2_F6_F5/seed20240612/B0
3,A,E3_L2_F6_F5,20240612,B1,L2,302,True,True,True,640.0,200.0,440.0,,,runs/experiment3/E3_L2_F6_F5/seed20240612/B1
3,A,E3_L2_F6_F5,20240612,B2,L2,302,True,True,True,640.0,200.0,440.0,,,runs/experiment3/E3_L2_F6_F5/seed20240612/B2
3,A,E3_L2_F6_F5,20240612,B4b,L2,302,True,True,True,640.0,200.0,440.0,,,runs/experiment3/E3_L2_F6_F5/seed20240612/B4b
3,A,E3_L2_F6_F5,20240613,B0,L2,182,True,False,False,440.0,200.0,240.0,,,runs/experiment3/E3_L2_F6_F5/seed20240613/B0
3,A,E3_L2_F6_F5,20240613,B1,L2,302,True,True,True,640.0,200.0,440.0,,,runs/experiment3/E3_L2_F6_F5/seed20240613/B1
3,A,E3_L2_F6_F5,20240613,B2,L2,302,True,True,True,640.0,200.0,440.0,,,runs/experiment3/E3_L2_F6_F5/seed20240613/B2
3,A,E3_L2_F6_F5,20240613,B4b,L2,302,True,True,True,640.0,200.0,440.0,,,runs/experiment3/E3_L2_F6_F5/seed20240613/B4b
3,A,E3_L2_F6_F5,20240614,B0,L2,182,True,False,False,440.0,200.0,240.0,,,runs/experiment3/E3_L2_F6_F5/seed20240614/B0
3,A,E3_L2_F6_F5,20240614,B1,L2,302,True,True,True,640.0,200.0,440.0,,,runs/experiment3/E3_L2_F6_F5/seed20240614/B1
3,A,E3_L2_F6_F5,20240614,B2,L2,302,True,True,True,640.0,200.0,440.0,,,runs/experiment3/E3_L2_F6_F5/seed20240614/B2
3,A,E3_L2_F6_F5,20240614,B4b,L2,302,True,True,True,640.0,200.0,440.0,,,runs/experiment3/E3_L2_F6_F5/seed20240614/B4b
3,A,E3_L2_F6_F5,20240615,B0,L2,182,True,False,False,440.0,200.0,240.0,,,runs/experiment3/E3_L2_F6_F5/seed20240615/B0
3,A,E3_L2_F6_F5,20240615,B1,L2,302,True,True,True,640.0,200.0,440.0,,,runs/experiment3/E3_L2_F6_F5/seed20240615/B1
3,A,E3_L2_F6_F5,20240615,B2,L2,302,True,True,True,640.0,200.0,440.0,,,runs/experiment3/E3_L2_F6_F5/seed20240615/B2
3,A,E3_L2_F6_F5,20240615,B4b,L2,302,True,True,True,640.0,200.0,440.0,,,runs/experiment3/E3_L2_F6_F5/seed20240615/B4b
3,A,E3_L2_F6_F5,20240616,B0,L2,182,True,False,False,440.0,200.0,240.0,,,runs/experiment3/E3_L2_F6_F5/seed20240616/B0
3,A,E3_L2_F6_F5,20240616,B1,L2,302,True,True,True,640.0,200.0,440.0,,,runs/experiment3/E3_L2_F6_F5/seed20240616/B1
3,A,E3_L2_F6_F5,20240616,B2,L2,302,True,True,True,640.0,200.0,440.0,,,runs/experiment3/E3_L2_F6_F5/seed20240616/B2
3,A,E3_L2_F6_F5,20240616,B4b,L2,302,True,True,True,640.0,200.0,440.0,,,runs/experiment3/E3_L2_F6_F5/seed20240616/B4b
3,A,E3_L2_F6_F5,20240617,B0,L2,182,True,False,False,440.0,200.0,240.0,,,runs/experiment3/E3_L2_F6_F5/seed20240617/B0
3,A,E3_L2_F6_F5,20240617,B1,L2,302,True,True,True,640.0,200.0,440.0,,,runs/experiment3/E3_L2_F6_F5/seed20240617/B1
3,A,E3_L2_F6_F5,20240617,B2,L2,302,True,True,True,640.0,200.0,440.0,,,runs/experiment3/E3_L2_F6_F5/seed20240617/B2
3,A,E3_L2_F6_F5,20240617,B4b,L2,332,True,True,True,640.0,200.0,440.0,,,runs/experiment3/E3_L2_F6_F5/seed20240617/B4b
3,A,E3_L2_F6_F5,20240618,B0,L2,182,True,False,False,440.0,200.0,240.0,,,runs/experiment3/E3_L2_F6_F5/seed20240618/B0
3,A,E3_L2_F6_F5,20240618,B1,L2,302,True,True,True,640.0,200.0,440.0,,,runs/experiment3/E3_L2_F6_F5/seed20240618/B1
3,A,E3_L2_F6_F5,20240618,B2,L2,302,True,True,True,640.0,200.0,440.0,,,runs/experiment3/E3_L2_F6_F5/seed20240618/B2
3,A,E3_L2_F6_F5,20240618,B4b,L2,302,True,True,True,640.0,200.0,440.0,,,runs/experiment3/E3_L2_F6_F5/seed20240618/B4b
3,A,E3_L2_F6_F5,20240619,B0,L2,182,True,False,False,440.0,200.0,240.0,,,runs/experiment3/E3_L2_F6_F5/seed20240619/B0
3,A,E3_L2_F6_F5,20240619,B1,L2,302,True,True,True,640.0,200.0,440.0,,,runs/experiment3/E3_L2_F6_F5/seed20240619/B1
3,A,E3_L2_F6_F5,20240619,B2,L2,302,True,True,True,640.0,200.0,440.0,,,runs/experiment3/E3_L2_F6_F5/seed20240619/B2
3,A,E3_L2_F6_F5,20240619,B4b,L2,302,True,True,True,640.0,200.0,440.0,,,runs/experiment3/E3_L2_F6_F5/seed20240619/B4b
3,A,E3_L2_F6_F5,20240620,B0,L2,182,True,False,False,440.0,200.0,240.0,,,runs/experiment3/E3_L2_F6_F5/seed20240620/B0
3,A,E3_L2_F6_F5,20240620,B1,L2,302,True,True,True,640.0,200.0,440.0,,,runs/experiment3/E3_L2_F6_F5/seed20240620/B1
3,A,E3_L2_F6_F5,20240620,B2,L2,302,True,True,True,640.0,200.0,440.0,,,runs/experiment3/E3_L2_F6_F5/seed20240620/B2
3,A,E3_L2_F6_F5,20240620,B4b,L2,362,True,True,True,640.0,200.0,440.0,,,runs/experiment3/E3_L2_F6_F5/seed20240620/B4b
3,A,E3_L3_COMP_F1,20240601,B0,L3,182,True,False,False,740.0,500.0,240.0,COMPLETED,GROUND,runs/experiment3/E3_L3_COMP_F1/seed20240601/B0
3,A,E3_L3_COMP_F1,20240601,B1,L3,111,False,False,False,500.0,500.0,0.0,COMPLETED,GROUND,runs/experiment3/E3_L3_COMP_F1/seed20240601/B1
3,A,E3_L3_COMP_F1,20240601,B2,L3,111,False,False,False,500.0,500.0,0.0,COMPLETED,GROUND,runs/experiment3/E3_L3_COMP_F1/seed20240601/B2
3,A,E3_L3_COMP_F1,20240601,B4b,L3,111,False,False,False,500.0,500.0,0.0,COMPLETED,GROUND,runs/experiment3/E3_L3_COMP_F1/seed20240601/B4b
3,A,E3_L3_COMP_F1,20240602,B0,L3,182,True,False,False,740.0,500.0,240.0,COMPLETED,GROUND,runs/experiment3/E3_L3_COMP_F1/seed20240602/B0
3,A,E3_L3_COMP_F1,20240602,B1,L3,111,False,False,False,500.0,500.0,0.0,COMPLETED,GROUND,runs/experiment3/E3_L3_COMP_F1/seed20240602/B1
3,A,E3_L3_COMP_F1,20240602,B2,L3,111,False,False,False,500.0,500.0,0.0,COMPLETED,GROUND,runs/experiment3/E3_L3_COMP_F1/seed20240602/B2
3,A,E3_L3_COMP_F1,20240602,B4b,L3,111,False,False,False,500.0,500.0,0.0,COMPLETED,GROUND,runs/experiment3/E3_L3_COMP_F1/seed20240602/B4b
3,A,E3_L3_COMP_F1,20240603,B0,L3,182,True,False,False,740.0,500.0,240.0,COMPLETED,GROUND,runs/experiment3/E3_L3_COMP_F1/seed20240603/B0
3,A,E3_L3_COMP_F1,20240603,B1,L3,111,False,False,False,500.0,500.0,0.0,COMPLETED,GROUND,runs/experiment3/E3_L3_COMP_F1/seed20240603/B1
3,A,E3_L3_COMP_F1,20240603,B2,L3,111,False,False,False,500.0,500.0,0.0,COMPLETED,GROUND,runs/experiment3/E3_L3_COMP_F1/seed20240603/B2
3,A,E3_L3_COMP_F1,20240603,B4b,L3,111,False,False,False,500.0,500.0,0.0,COMPLETED,GROUND,runs/experiment3/E3_L3_COMP_F1/seed20240603/B4b
3,A,E3_L3_COMP_F1,20240604,B0,L3,182,True,False,False,740.0,500.0,240.0,COMPLETED,GROUND,runs/experiment3/E3_L3_COMP_F1/seed20240604/B0
3,A,E3_L3_COMP_F1,20240604,B1,L3,111,False,False,False,500.0,500.0,0.0,COMPLETED,GROUND,runs/experiment3/E3_L3_COMP_F1/seed20240604/B1
3,A,E3_L3_COMP_F1,20240604,B2,L3,111,False,False,False,500.0,500.0,0.0,COMPLETED,GROUND,runs/experiment3/E3_L3_COMP_F1/seed20240604/B2
3,A,E3_L3_COMP_F1,20240604,B4b,L3,111,False,False,False,500.0,500.0,0.0,COMPLETED,GROUND,runs/experiment3/E3_L3_COMP_F1/seed20240604/B4b
3,A,E3_L3_COMP_F1,20240605,B0,L3,182,True,False,False,740.0,500.0,240.0,COMPLETED,GROUND,runs/experiment3/E3_L3_COMP_F1/seed20240605/B0
3,A,E3_L3_COMP_F1,20240605,B1,L3,111,False,False,False,500.0,500.0,0.0,COMPLETED,GROUND,runs/experiment3/E3_L3_COMP_F1/seed20240605/B1
3,A,E3_L3_COMP_F1,20240605,B2,L3,111,False,False,False,500.0,500.0,0.0,COMPLETED,GROUND,runs/experiment3/E3_L3_COMP_F1/seed20240605/B2
3,A,E3_L3_COMP_F1,20240605,B4b,L3,111,False,False,False,500.0,500.0,0.0,COMPLETED,GROUND,runs/experiment3/E3_L3_COMP_F1/seed20240605/B4b
3,A,E3_L3_COMP_F1,20240606,B0,L3,182,True,False,False,740.0,500.0,240.0,COMPLETED,GROUND,runs/experiment3/E3_L3_COMP_F1/seed20240606/B0
3,A,E3_L3_COMP_F1,20240606,B1,L3,111,False,False,False,500.0,500.0,0.0,COMPLETED,GROUND,runs/experiment3/E3_L3_COMP_F1/seed20240606/B1
3,A,E3_L3_COMP_F1,20240606,B2,L3,111,False,False,False,500.0,500.0,0.0,COMPLETED,GROUND,runs/experiment3/E3_L3_COMP_F1/seed20240606/B2
3,A,E3_L3_COMP_F1,20240606,B4b,L3,111,False,False,False,500.0,500.0,0.0,COMPLETED,GROUND,runs/experiment3/E3_L3_COMP_F1/seed20240606/B4b
3,A,E3_L3_COMP_F1,20240607,B0,L3,182,True,False,False,740.0,500.0,240.0,COMPLETED,GROUND,runs/experiment3/E3_L3_COMP_F1/seed20240607/B0
3,A,E3_L3_COMP_F1,20240607,B1,L3,111,False,False,False,500.0,500.0,0.0,COMPLETED,GROUND,runs/experiment3/E3_L3_COMP_F1/seed20240607/B1
3,A,E3_L3_COMP_F1,20240607,B2,L3,111,False,False,False,500.0,500.0,0.0,COMPLETED,GROUND,runs/experiment3/E3_L3_COMP_F1/seed20240607/B2
3,A,E3_L3_COMP_F1,20240607,B4b,L3,111,False,False,False,500.0,500.0,0.0,COMPLETED,GROUND,runs/experiment3/E3_L3_COMP_F1/seed20240607/B4b
3,A,E3_L3_COMP_F1,20240608,B0,L3,182,True,False,False,740.0,500.0,240.0,COMPLETED,GROUND,runs/experiment3/E3_L3_COMP_F1/seed20240608/B0
3,A,E3_L3_COMP_F1,20240608,B1,L3,111,False,False,False,500.0,500.0,0.0,COMPLETED,GROUND,runs/experiment3/E3_L3_COMP_F1/seed20240608/B1
3,A,E3_L3_COMP_F1,20240608,B2,L3,111,False,False,False,500.0,500.0,0.0,COMPLETED,GROUND,runs/experiment3/E3_L3_COMP_F1/seed20240608/B2
3,A,E3_L3_COMP_F1,20240608,B4b,L3,111,False,False,False,500.0,500.0,0.0,COMPLETED,GROUND,runs/experiment3/E3_L3_COMP_F1/seed20240608/B4b
3,A,E3_L3_COMP_F1,20240609,B0,L3,182,True,False,False,740.0,500.0,240.0,COMPLETED,GROUND,runs/experiment3/E3_L3_COMP_F1/seed20240609/B0
3,A,E3_L3_COMP_F1,20240609,B1,L3,111,False,False,False,500.0,500.0,0.0,COMPLETED,GROUND,runs/experiment3/E3_L3_COMP_F1/seed20240609/B1
3,A,E3_L3_COMP_F1,20240609,B2,L3,111,False,False,False,500.0,500.0,0.0,COMPLETED,GROUND,runs/experiment3/E3_L3_COMP_F1/seed20240609/B2
3,A,E3_L3_COMP_F1,20240609,B4b,L3,111,False,False,False,500.0,500.0,0.0,COMPLETED,GROUND,runs/experiment3/E3_L3_COMP_F1/seed20240609/B4b
3,A,E3_L3_COMP_F1,20240610,B0,L3,182,True,False,False,740.0,500.0,240.0,COMPLETED,GROUND,runs/experiment3/E3_L3_COMP_F1/seed20240610/B0
3,A,E3_L3_COMP_F1,20240610,B1,L3,111,False,False,False,500.0,500.0,0.0,COMPLETED,GROUND,runs/experiment3/E3_L3_COMP_F1/seed20240610/B1
3,A,E3_L3_COMP_F1,20240610,B2,L3,111,False,False,False,500.0,500.0,0.0,COMPLETED,GROUND,runs/experiment3/E3_L3_COMP_F1/seed20240610/B2
3,A,E3_L3_COMP_F1,20240610,B4b,L3,111,False,False,False,500.0,500.0,0.0,COMPLETED,GROUND,runs/experiment3/E3_L3_COMP_F1/seed20240610/B4b
3,A,E3_L3_COMP_F1,20240611,B0,L3,182,True,False,False,740.0,500.0,240.0,COMPLETED,GROUND,runs/experiment3/E3_L3_COMP_F1/seed20240611/B0
3,A,E3_L3_COMP_F1,20240611,B1,L3,111,False,False,False,500.0,500.0,0.0,COMPLETED,GROUND,runs/experiment3/E3_L3_COMP_F1/seed20240611/B1
3,A,E3_L3_COMP_F1,20240611,B2,L3,111,False,False,False,500.0,500.0,0.0,COMPLETED,GROUND,runs/experiment3/E3_L3_COMP_F1/seed20240611/B2
3,A,E3_L3_COMP_F1,20240611,B4b,L3,111,False,False,False,500.0,500.0,0.0,COMPLETED,GROUND,runs/experiment3/E3_L3_COMP_F1/seed20240611/B4b
3,A,E3_L3_COMP_F1,20240612,B0,L3,182,True,False,False,740.0,500.0,240.0,COMPLETED,GROUND,runs/experiment3/E3_L3_COMP_F1/seed20240612/B0
3,A,E3_L3_COMP_F1,20240612,B1,L3,111,False,False,False,500.0,500.0,0.0,COMPLETED,GROUND,runs/experiment3/E3_L3_COMP_F1/seed20240612/B1
3,A,E3_L3_COMP_F1,20240612,B2,L3,111,False,False,False,500.0,500.0,0.0,COMPLETED,GROUND,runs/experiment3/E3_L3_COMP_F1/seed20240612/B2
3,A,E3_L3_COMP_F1,20240612,B4b,L3,111,False,False,False,500.0,500.0,0.0,COMPLETED,GROUND,runs/experiment3/E3_L3_COMP_F1/seed20240612/B4b
3,A,E3_L3_COMP_F1,20240613,B0,L3,182,True,False,False,740.0,500.0,240.0,COMPLETED,GROUND,runs/experiment3/E3_L3_COMP_F1/seed20240613/B0
3,A,E3_L3_COMP_F1,20240613,B1,L3,111,False,False,False,500.0,500.0,0.0,COMPLETED,GROUND,runs/experiment3/E3_L3_COMP_F1/seed20240613/B1
3,A,E3_L3_COMP_F1,20240613,B2,L3,111,False,False,False,500.0,500.0,0.0,COMPLETED,GROUND,runs/experiment3/E3_L3_COMP_F1/seed20240613/B2
3,A,E3_L3_COMP_F1,20240613,B4b,L3,111,False,False,False,500.0,500.0,0.0,COMPLETED,GROUND,runs/experiment3/E3_L3_COMP_F1/seed20240613/B4b
3,A,E3_L3_COMP_F1,20240614,B0,L3,182,True,False,False,740.0,500.0,240.0,COMPLETED,GROUND,runs/experiment3/E3_L3_COMP_F1/seed20240614/B0
3,A,E3_L3_COMP_F1,20240614,B1,L3,111,False,False,False,500.0,500.0,0.0,COMPLETED,GROUND,runs/experiment3/E3_L3_COMP_F1/seed20240614/B1
3,A,E3_L3_COMP_F1,20240614,B2,L3,111,False,False,False,500.0,500.0,0.0,COMPLETED,GROUND,runs/experiment3/E3_L3_COMP_F1/seed20240614/B2
3,A,E3_L3_COMP_F1,20240614,B4b,L3,111,False,False,False,500.0,500.0,0.0,COMPLETED,GROUND,runs/experiment3/E3_L3_COMP_F1/seed20240614/B4b
3,A,E3_L3_COMP_F1,20240615,B0,L3,182,True,False,False,740.0,500.0,240.0,COMPLETED,GROUND,runs/experiment3/E3_L3_COMP_F1/seed20240615/B0
3,A,E3_L3_COMP_F1,20240615,B1,L3,111,False,False,False,500.0,500.0,0.0,COMPLETED,GROUND,runs/experiment3/E3_L3_COMP_F1/seed20240615/B1
3,A,E3_L3_COMP_F1,20240615,B2,L3,111,False,False,False,500.0,500.0,0.0,COMPLETED,GROUND,runs/experiment3/E3_L3_COMP_F1/seed20240615/B2
3,A,E3_L3_COMP_F1,20240615,B4b,L3,111,False,False,False,500.0,500.0,0.0,COMPLETED,GROUND,runs/experiment3/E3_L3_COMP_F1/seed20240615/B4b
3,A,E3_L3_COMP_F1,20240616,B0,L3,182,True,False,False,740.0,500.0,240.0,COMPLETED,GROUND,runs/experiment3/E3_L3_COMP_F1/seed20240616/B0
3,A,E3_L3_COMP_F1,20240616,B1,L3,111,False,False,False,500.0,500.0,0.0,COMPLETED,GROUND,runs/experiment3/E3_L3_COMP_F1/seed20240616/B1
3,A,E3_L3_COMP_F1,20240616,B2,L3,111,False,False,False,500.0,500.0,0.0,COMPLETED,GROUND,runs/experiment3/E3_L3_COMP_F1/seed20240616/B2
3,A,E3_L3_COMP_F1,20240616,B4b,L3,111,False,False,False,500.0,500.0,0.0,COMPLETED,GROUND,runs/experiment3/E3_L3_COMP_F1/seed20240616/B4b
3,A,E3_L3_COMP_F1,20240617,B0,L3,182,True,False,False,740.0,500.0,240.0,COMPLETED,GROUND,runs/experiment3/E3_L3_COMP_F1/seed20240617/B0
3,A,E3_L3_COMP_F1,20240617,B1,L3,111,False,False,False,500.0,500.0,0.0,COMPLETED,GROUND,runs/experiment3/E3_L3_COMP_F1/seed20240617/B1
3,A,E3_L3_COMP_F1,20240617,B2,L3,111,False,False,False,500.0,500.0,0.0,COMPLETED,GROUND,runs/experiment3/E3_L3_COMP_F1/seed20240617/B2
3,A,E3_L3_COMP_F1,20240617,B4b,L3,111,False,False,False,500.0,500.0,0.0,COMPLETED,GROUND,runs/experiment3/E3_L3_COMP_F1/seed20240617/B4b
3,A,E3_L3_COMP_F1,20240618,B0,L3,182,True,False,False,740.0,500.0,240.0,COMPLETED,GROUND,runs/experiment3/E3_L3_COMP_F1/seed20240618/B0
3,A,E3_L3_COMP_F1,20240618,B1,L3,111,False,False,False,500.0,500.0,0.0,COMPLETED,GROUND,runs/experiment3/E3_L3_COMP_F1/seed20240618/B1
3,A,E3_L3_COMP_F1,20240618,B2,L3,111,False,False,False,500.0,500.0,0.0,COMPLETED,GROUND,runs/experiment3/E3_L3_COMP_F1/seed20240618/B2
3,A,E3_L3_COMP_F1,20240618,B4b,L3,111,False,False,False,500.0,500.0,0.0,COMPLETED,GROUND,runs/experiment3/E3_L3_COMP_F1/seed20240618/B4b
3,A,E3_L3_COMP_F1,20240619,B0,L3,182,True,False,False,740.0,500.0,240.0,COMPLETED,GROUND,runs/experiment3/E3_L3_COMP_F1/seed20240619/B0
3,A,E3_L3_COMP_F1,20240619,B1,L3,111,False,False,False,500.0,500.0,0.0,COMPLETED,GROUND,runs/experiment3/E3_L3_COMP_F1/seed20240619/B1
3,A,E3_L3_COMP_F1,20240619,B2,L3,111,False,False,False,500.0,500.0,0.0,COMPLETED,GROUND,runs/experiment3/E3_L3_COMP_F1/seed20240619/B2
3,A,E3_L3_COMP_F1,20240619,B4b,L3,111,False,False,False,500.0,500.0,0.0,COMPLETED,GROUND,runs/experiment3/E3_L3_COMP_F1/seed20240619/B4b
3,A,E3_L3_COMP_F1,20240620,B0,L3,182,True,False,False,740.0,500.0,240.0,COMPLETED,GROUND,runs/experiment3/E3_L3_COMP_F1/seed20240620/B0
3,A,E3_L3_COMP_F1,20240620,B1,L3,111,False,False,False,500.0,500.0,0.0,COMPLETED,GROUND,runs/experiment3/E3_L3_COMP_F1/seed20240620/B1
3,A,E3_L3_COMP_F1,20240620,B2,L3,111,False,False,False,500.0,500.0,0.0,COMPLETED,GROUND,runs/experiment3/E3_L3_COMP_F1/seed20240620/B2
3,A,E3_L3_COMP_F1,20240620,B4b,L3,111,False,False,False,500.0,500.0,0.0,COMPLETED,GROUND,runs/experiment3/E3_L3_COMP_F1/seed20240620/B4b
3,A,E3_L3_COMP_F2,20240601,B0,L3,182,True,False,False,940.0,700.0,240.0,COMPLETED,GROUND,runs/experiment3/E3_L3_COMP_F2/seed20240601/B0
3,A,E3_L3_COMP_F2,20240601,B1,L3,111,False,False,False,700.0,700.0,0.0,COMPLETED,GROUND,runs/experiment3/E3_L3_COMP_F2/seed20240601/B1
3,A,E3_L3_COMP_F2,20240601,B2,L3,111,False,False,False,700.0,700.0,0.0,COMPLETED,GROUND,runs/experiment3/E3_L3_COMP_F2/seed20240601/B2
3,A,E3_L3_COMP_F2,20240601,B4b,L3,111,False,False,False,700.0,700.0,0.0,COMPLETED,GROUND,runs/experiment3/E3_L3_COMP_F2/seed20240601/B4b
3,A,E3_L3_COMP_F2,20240602,B0,L3,182,True,False,False,940.0,700.0,240.0,COMPLETED,GROUND,runs/experiment3/E3_L3_COMP_F2/seed20240602/B0
3,A,E3_L3_COMP_F2,20240602,B1,L3,111,False,False,False,700.0,700.0,0.0,COMPLETED,GROUND,runs/experiment3/E3_L3_COMP_F2/seed20240602/B1
3,A,E3_L3_COMP_F2,20240602,B2,L3,111,False,False,False,700.0,700.0,0.0,COMPLETED,GROUND,runs/experiment3/E3_L3_COMP_F2/seed20240602/B2
3,A,E3_L3_COMP_F2,20240602,B4b,L3,111,False,False,False,700.0,700.0,0.0,COMPLETED,GROUND,runs/experiment3/E3_L3_COMP_F2/seed20240602/B4b
3,A,E3_L3_COMP_F2,20240603,B0,L3,182,True,False,False,640.0,400.0,240.0,COMPLETED,GROUND,runs/experiment3/E3_L3_COMP_F2/seed20240603/B0
3,A,E3_L3_COMP_F2,20240603,B1,L3,111,False,False,False,400.0,400.0,0.0,COMPLETED,GROUND,runs/experiment3/E3_L3_COMP_F2/seed20240603/B1
3,A,E3_L3_COMP_F2,20240603,B2,L3,111,False,False,False,400.0,400.0,0.0,COMPLETED,GROUND,runs/experiment3/E3_L3_COMP_F2/seed20240603/B2
3,A,E3_L3_COMP_F2,20240603,B4b,L3,111,False,False,False,400.0,400.0,0.0,COMPLETED,GROUND,runs/experiment3/E3_L3_COMP_F2/seed20240603/B4b
3,A,E3_L3_COMP_F2,20240604,B0,L3,182,True,False,False,740.0,500.0,240.0,COMPLETED,GROUND,runs/experiment3/E3_L3_COMP_F2/seed20240604/B0
3,A,E3_L3_COMP_F2,20240604,B1,L3,111,False,False,False,500.0,500.0,0.0,COMPLETED,GROUND,runs/experiment3/E3_L3_COMP_F2/seed20240604/B1
3,A,E3_L3_COMP_F2,20240604,B2,L3,111,False,False,False,500.0,500.0,0.0,COMPLETED,GROUND,runs/experiment3/E3_L3_COMP_F2/seed20240604/B2
3,A,E3_L3_COMP_F2,20240604,B4b,L3,111,False,False,False,500.0,500.0,0.0,COMPLETED,GROUND,runs/experiment3/E3_L3_COMP_F2/seed20240604/B4b
3,A,E3_L3_COMP_F2,20240605,B0,L3,182,True,False,False,940.0,700.0,240.0,COMPLETED,GROUND,runs/experiment3/E3_L3_COMP_F2/seed20240605/B0
3,A,E3_L3_COMP_F2,20240605,B1,L3,111,False,False,False,700.0,700.0,0.0,COMPLETED,GROUND,runs/experiment3/E3_L3_COMP_F2/seed20240605/B1
3,A,E3_L3_COMP_F2,20240605,B2,L3,111,False,False,False,700.0,700.0,0.0,COMPLETED,GROUND,runs/experiment3/E3_L3_COMP_F2/seed20240605/B2
3,A,E3_L3_COMP_F2,20240605,B4b,L3,111,False,False,False,700.0,700.0,0.0,COMPLETED,GROUND,runs/experiment3/E3_L3_COMP_F2/seed20240605/B4b
3,A,E3_L3_COMP_F2,20240606,B0,L3,182,True,False,False,740.0,500.0,240.0,COMPLETED,GROUND,runs/experiment3/E3_L3_COMP_F2/seed20240606/B0
3,A,E3_L3_COMP_F2,20240606,B1,L3,111,False,False,False,500.0,500.0,0.0,COMPLETED,GROUND,runs/experiment3/E3_L3_COMP_F2/seed20240606/B1
3,A,E3_L3_COMP_F2,20240606,B2,L3,111,False,False,False,500.0,500.0,0.0,COMPLETED,GROUND,runs/experiment3/E3_L3_COMP_F2/seed20240606/B2
3,A,E3_L3_COMP_F2,20240606,B4b,L3,111,False,False,False,500.0,500.0,0.0,COMPLETED,GROUND,runs/experiment3/E3_L3_COMP_F2/seed20240606/B4b
3,A,E3_L3_COMP_F2,20240607,B0,L3,182,True,False,False,740.0,500.0,240.0,COMPLETED,GROUND,runs/experiment3/E3_L3_COMP_F2/seed20240607/B0
3,A,E3_L3_COMP_F2,20240607,B1,L3,111,False,False,False,500.0,500.0,0.0,COMPLETED,GROUND,runs/experiment3/E3_L3_COMP_F2/seed20240607/B1
3,A,E3_L3_COMP_F2,20240607,B2,L3,111,False,False,False,500.0,500.0,0.0,COMPLETED,GROUND,runs/experiment3/E3_L3_COMP_F2/seed20240607/B2
3,A,E3_L3_COMP_F2,20240607,B4b,L3,111,False,False,False,500.0,500.0,0.0,COMPLETED,GROUND,runs/experiment3/E3_L3_COMP_F2/seed20240607/B4b
3,A,E3_L3_COMP_F2,20240608,B0,L3,182,True,False,False,640.0,400.0,240.0,COMPLETED,GROUND,runs/experiment3/E3_L3_COMP_F2/seed20240608/B0
3,A,E3_L3_COMP_F2,20240608,B1,L3,111,False,False,False,400.0,400.0,0.0,COMPLETED,GROUND,runs/experiment3/E3_L3_COMP_F2/seed20240608/B1
3,A,E3_L3_COMP_F2,20240608,B2,L3,111,False,False,False,400.0,400.0,0.0,COMPLETED,GROUND,runs/experiment3/E3_L3_COMP_F2/seed20240608/B2
3,A,E3_L3_COMP_F2,20240608,B4b,L3,111,False,False,False,400.0,400.0,0.0,COMPLETED,GROUND,runs/experiment3/E3_L3_COMP_F2/seed20240608/B4b
3,A,E3_L3_COMP_F2,20240609,B0,L3,182,True,False,False,640.0,400.0,240.0,COMPLETED,GROUND,runs/experiment3/E3_L3_COMP_F2/seed20240609/B0
3,A,E3_L3_COMP_F2,20240609,B1,L3,111,False,False,False,400.0,400.0,0.0,COMPLETED,GROUND,runs/experiment3/E3_L3_COMP_F2/seed20240609/B1
3,A,E3_L3_COMP_F2,20240609,B2,L3,111,False,False,False,400.0,400.0,0.0,COMPLETED,GROUND,runs/experiment3/E3_L3_COMP_F2/seed20240609/B2
3,A,E3_L3_COMP_F2,20240609,B4b,L3,111,False,False,False,400.0,400.0,0.0,COMPLETED,GROUND,runs/experiment3/E3_L3_COMP_F2/seed20240609/B4b
3,A,E3_L3_COMP_F2,20240610,B0,L3,182,True,False,False,940.0,700.0,240.0,COMPLETED,GROUND,runs/experiment3/E3_L3_COMP_F2/seed20240610/B0
3,A,E3_L3_COMP_F2,20240610,B1,L3,111,False,False,False,700.0,700.0,0.0,COMPLETED,GROUND,runs/experiment3/E3_L3_COMP_F2/seed20240610/B1
3,A,E3_L3_COMP_F2,20240610,B2,L3,111,False,False,False,700.0,700.0,0.0,COMPLETED,GROUND,runs/experiment3/E3_L3_COMP_F2/seed20240610/B2
3,A,E3_L3_COMP_F2,20240610,B4b,L3,111,False,False,False,700.0,700.0,0.0,COMPLETED,GROUND,runs/experiment3/E3_L3_COMP_F2/seed20240610/B4b
3,A,E3_L3_COMP_F2,20240611,B0,L3,182,True,False,False,640.0,400.0,240.0,COMPLETED,GROUND,runs/experiment3/E3_L3_COMP_F2/seed20240611/B0
3,A,E3_L3_COMP_F2,20240611,B1,L3,111,False,False,False,400.0,400.0,0.0,COMPLETED,GROUND,runs/experiment3/E3_L3_COMP_F2/seed20240611/B1
3,A,E3_L3_COMP_F2,20240611,B2,L3,111,False,False,False,400.0,400.0,0.0,COMPLETED,GROUND,runs/experiment3/E3_L3_COMP_F2/seed20240611/B2
3,A,E3_L3_COMP_F2,20240611,B4b,L3,111,False,False,False,400.0,400.0,0.0,COMPLETED,GROUND,runs/experiment3/E3_L3_COMP_F2/seed20240611/B4b
3,A,E3_L3_COMP_F2,20240612,B0,L3,182,True,False,False,740.0,500.0,240.0,COMPLETED,GROUND,runs/experiment3/E3_L3_COMP_F2/seed20240612/B0
3,A,E3_L3_COMP_F2,20240612,B1,L3,111,False,False,False,500.0,500.0,0.0,COMPLETED,GROUND,runs/experiment3/E3_L3_COMP_F2/seed20240612/B1
3,A,E3_L3_COMP_F2,20240612,B2,L3,111,False,False,False,500.0,500.0,0.0,COMPLETED,GROUND,runs/experiment3/E3_L3_COMP_F2/seed20240612/B2
3,A,E3_L3_COMP_F2,20240612,B4b,L3,111,False,False,False,500.0,500.0,0.0,COMPLETED,GROUND,runs/experiment3/E3_L3_COMP_F2/seed20240612/B4b
3,A,E3_L3_COMP_F2,20240613,B0,L3,182,True,False,False,640.0,200.0,440.0,COMPLETED,GROUND,runs/experiment3/E3_L3_COMP_F2/seed20240613/B0
3,A,E3_L3_COMP_F2,20240613,B1,L3,111,False,False,False,400.0,200.0,200.0,COMPLETED,GROUND,runs/experiment3/E3_L3_COMP_F2/seed20240613/B1
3,A,E3_L3_COMP_F2,20240613,B2,L3,111,False,False,False,400.0,200.0,200.0,COMPLETED,GROUND,runs/experiment3/E3_L3_COMP_F2/seed20240613/B2
3,A,E3_L3_COMP_F2,20240613,B4b,L3,111,False,False,False,400.0,200.0,200.0,COMPLETED,GROUND,runs/experiment3/E3_L3_COMP_F2/seed20240613/B4b
3,A,E3_L3_COMP_F2,20240614,B0,L3,182,True,False,False,640.0,400.0,240.0,COMPLETED,GROUND,runs/experiment3/E3_L3_COMP_F2/seed20240614/B0
3,A,E3_L3_COMP_F2,20240614,B1,L3,111,False,False,False,400.0,400.0,0.0,COMPLETED,GROUND,runs/experiment3/E3_L3_COMP_F2/seed20240614/B1
3,A,E3_L3_COMP_F2,20240614,B2,L3,111,False,False,False,400.0,400.0,0.0,COMPLETED,GROUND,runs/experiment3/E3_L3_COMP_F2/seed20240614/B2
3,A,E3_L3_COMP_F2,20240614,B4b,L3,111,False,False,False,400.0,400.0,0.0,COMPLETED,GROUND,runs/experiment3/E3_L3_COMP_F2/seed20240614/B4b
3,A,E3_L3_COMP_F2,20240615,B0,L3,182,True,False,False,640.0,200.0,440.0,COMPLETED,GROUND,runs/experiment3/E3_L3_COMP_F2/seed20240615/B0
3,A,E3_L3_COMP_F2,20240615,B1,L3,111,False,False,False,400.0,200.0,200.0,COMPLETED,GROUND,runs/experiment3/E3_L3_COMP_F2/seed20240615/B1
3,A,E3_L3_COMP_F2,20240615,B2,L3,111,False,False,False,400.0,200.0,200.0,COMPLETED,GROUND,runs/experiment3/E3_L3_COMP_F2/seed20240615/B2
3,A,E3_L3_COMP_F2,20240615,B4b,L3,111,False,False,False,400.0,200.0,200.0,COMPLETED,GROUND,runs/experiment3/E3_L3_COMP_F2/seed20240615/B4b
3,A,E3_L3_COMP_F2,20240616,B0,L3,182,True,False,False,740.0,500.0,240.0,COMPLETED,GROUND,runs/experiment3/E3_L3_COMP_F2/seed20240616/B0
3,A,E3_L3_COMP_F2,20240616,B1,L3,111,False,False,False,500.0,500.0,0.0,COMPLETED,GROUND,runs/experiment3/E3_L3_COMP_F2/seed20240616/B1
3,A,E3_L3_COMP_F2,20240616,B2,L3,111,False,False,False,500.0,500.0,0.0,COMPLETED,GROUND,runs/experiment3/E3_L3_COMP_F2/seed20240616/B2
3,A,E3_L3_COMP_F2,20240616,B4b,L3,111,False,False,False,500.0,500.0,0.0,COMPLETED,GROUND,runs/experiment3/E3_L3_COMP_F2/seed20240616/B4b
3,A,E3_L3_COMP_F2,20240617,B0,L3,182,True,False,False,940.0,700.0,240.0,COMPLETED,GROUND,runs/experiment3/E3_L3_COMP_F2/seed20240617/B0
3,A,E3_L3_COMP_F2,20240617,B1,L3,111,False,False,False,700.0,700.0,0.0,COMPLETED,GROUND,runs/experiment3/E3_L3_COMP_F2/seed20240617/B1
3,A,E3_L3_COMP_F2,20240617,B2,L3,111,False,False,False,700.0,700.0,0.0,COMPLETED,GROUND,runs/experiment3/E3_L3_COMP_F2/seed20240617/B2
3,A,E3_L3_COMP_F2,20240617,B4b,L3,111,False,False,False,700.0,700.0,0.0,COMPLETED,GROUND,runs/experiment3/E3_L3_COMP_F2/seed20240617/B4b
3,A,E3_L3_COMP_F2,20240618,B0,L3,182,True,False,False,640.0,400.0,240.0,COMPLETED,GROUND,runs/experiment3/E3_L3_COMP_F2/seed20240618/B0
3,A,E3_L3_COMP_F2,20240618,B1,L3,111,False,False,False,400.0,400.0,0.0,COMPLETED,GROUND,runs/experiment3/E3_L3_COMP_F2/seed20240618/B1
3,A,E3_L3_COMP_F2,20240618,B2,L3,111,False,False,False,400.0,400.0,0.0,COMPLETED,GROUND,runs/experiment3/E3_L3_COMP_F2/seed20240618/B2
3,A,E3_L3_COMP_F2,20240618,B4b,L3,111,False,False,False,400.0,400.0,0.0,COMPLETED,GROUND,runs/experiment3/E3_L3_COMP_F2/seed20240618/B4b
3,A,E3_L3_COMP_F2,20240619,B0,L3,182,True,False,False,640.0,400.0,240.0,COMPLETED,GROUND,runs/experiment3/E3_L3_COMP_F2/seed20240619/B0
3,A,E3_L3_COMP_F2,20240619,B1,L3,111,False,False,False,400.0,400.0,0.0,COMPLETED,GROUND,runs/experiment3/E3_L3_COMP_F2/seed20240619/B1
3,A,E3_L3_COMP_F2,20240619,B2,L3,111,False,False,False,400.0,400.0,0.0,COMPLETED,GROUND,runs/experiment3/E3_L3_COMP_F2/seed20240619/B2
3,A,E3_L3_COMP_F2,20240619,B4b,L3,111,False,False,False,400.0,400.0,0.0,COMPLETED,GROUND,runs/experiment3/E3_L3_COMP_F2/seed20240619/B4b
3,A,E3_L3_COMP_F2,20240620,B0,L3,182,True,False,False,640.0,400.0,240.0,COMPLETED,GROUND,runs/experiment3/E3_L3_COMP_F2/seed20240620/B0
3,A,E3_L3_COMP_F2,20240620,B1,L3,111,False,False,False,400.0,400.0,0.0,COMPLETED,GROUND,runs/experiment3/E3_L3_COMP_F2/seed20240620/B1
3,A,E3_L3_COMP_F2,20240620,B2,L3,111,False,False,False,400.0,400.0,0.0,COMPLETED,GROUND,runs/experiment3/E3_L3_COMP_F2/seed20240620/B2
3,A,E3_L3_COMP_F2,20240620,B4b,L3,111,False,False,False,400.0,400.0,0.0,COMPLETED,GROUND,runs/experiment3/E3_L3_COMP_F2/seed20240620/B4b
3,A,E3_L3_COMP_F4,20240601,B0,L3,182,True,False,False,940.0,700.0,240.0,COMPLETED,GROUND,runs/experiment3/E3_L3_COMP_F4/seed20240601/B0
3,A,E3_L3_COMP_F4,20240601,B1,L3,111,False,False,False,700.0,700.0,0.0,COMPLETED,GROUND,runs/experiment3/E3_L3_COMP_F4/seed20240601/B1
3,A,E3_L3_COMP_F4,20240601,B2,L3,111,False,False,False,700.0,700.0,0.0,COMPLETED,GROUND,runs/experiment3/E3_L3_COMP_F4/seed20240601/B2
3,A,E3_L3_COMP_F4,20240601,B4b,L3,111,False,False,False,700.0,700.0,0.0,COMPLETED,GROUND,runs/experiment3/E3_L3_COMP_F4/seed20240601/B4b
3,A,E3_L3_COMP_F4,20240602,B0,L3,182,True,False,False,940.0,700.0,240.0,COMPLETED,GROUND,runs/experiment3/E3_L3_COMP_F4/seed20240602/B0
3,A,E3_L3_COMP_F4,20240602,B1,L3,111,False,False,False,700.0,700.0,0.0,COMPLETED,GROUND,runs/experiment3/E3_L3_COMP_F4/seed20240602/B1
3,A,E3_L3_COMP_F4,20240602,B2,L3,111,False,False,False,700.0,700.0,0.0,COMPLETED,GROUND,runs/experiment3/E3_L3_COMP_F4/seed20240602/B2
3,A,E3_L3_COMP_F4,20240602,B4b,L3,111,False,False,False,700.0,700.0,0.0,COMPLETED,GROUND,runs/experiment3/E3_L3_COMP_F4/seed20240602/B4b
3,A,E3_L3_COMP_F4,20240603,B0,L3,182,True,False,False,940.0,700.0,240.0,COMPLETED,GROUND,runs/experiment3/E3_L3_COMP_F4/seed20240603/B0
3,A,E3_L3_COMP_F4,20240603,B1,L3,111,False,False,False,700.0,700.0,0.0,COMPLETED,GROUND,runs/experiment3/E3_L3_COMP_F4/seed20240603/B1
3,A,E3_L3_COMP_F4,20240603,B2,L3,111,False,False,False,700.0,700.0,0.0,COMPLETED,GROUND,runs/experiment3/E3_L3_COMP_F4/seed20240603/B2
3,A,E3_L3_COMP_F4,20240603,B4b,L3,111,False,False,False,700.0,700.0,0.0,COMPLETED,GROUND,runs/experiment3/E3_L3_COMP_F4/seed20240603/B4b
3,A,E3_L3_COMP_F4,20240604,B0,L3,182,True,False,False,940.0,700.0,240.0,COMPLETED,GROUND,runs/experiment3/E3_L3_COMP_F4/seed20240604/B0
3,A,E3_L3_COMP_F4,20240604,B1,L3,111,False,False,False,700.0,700.0,0.0,COMPLETED,GROUND,runs/experiment3/E3_L3_COMP_F4/seed20240604/B1
3,A,E3_L3_COMP_F4,20240604,B2,L3,111,False,False,False,700.0,700.0,0.0,COMPLETED,GROUND,runs/experiment3/E3_L3_COMP_F4/seed20240604/B2
3,A,E3_L3_COMP_F4,20240604,B4b,L3,111,False,False,False,700.0,700.0,0.0,COMPLETED,GROUND,runs/experiment3/E3_L3_COMP_F4/seed20240604/B4b
3,A,E3_L3_COMP_F4,20240605,B0,L3,182,True,False,False,940.0,700.0,240.0,COMPLETED,GROUND,runs/experiment3/E3_L3_COMP_F4/seed20240605/B0
3,A,E3_L3_COMP_F4,20240605,B1,L3,111,False,False,False,700.0,700.0,0.0,COMPLETED,GROUND,runs/experiment3/E3_L3_COMP_F4/seed20240605/B1
3,A,E3_L3_COMP_F4,20240605,B2,L3,111,False,False,False,700.0,700.0,0.0,COMPLETED,GROUND,runs/experiment3/E3_L3_COMP_F4/seed20240605/B2
3,A,E3_L3_COMP_F4,20240605,B4b,L3,111,False,False,False,700.0,700.0,0.0,COMPLETED,GROUND,runs/experiment3/E3_L3_COMP_F4/seed20240605/B4b
3,A,E3_L3_COMP_F4,20240606,B0,L3,182,True,False,False,940.0,700.0,240.0,COMPLETED,GROUND,runs/experiment3/E3_L3_COMP_F4/seed20240606/B0
3,A,E3_L3_COMP_F4,20240606,B1,L3,111,False,False,False,700.0,700.0,0.0,COMPLETED,GROUND,runs/experiment3/E3_L3_COMP_F4/seed20240606/B1
3,A,E3_L3_COMP_F4,20240606,B2,L3,111,False,False,False,700.0,700.0,0.0,COMPLETED,GROUND,runs/experiment3/E3_L3_COMP_F4/seed20240606/B2
3,A,E3_L3_COMP_F4,20240606,B4b,L3,111,False,False,False,700.0,700.0,0.0,COMPLETED,GROUND,runs/experiment3/E3_L3_COMP_F4/seed20240606/B4b
3,A,E3_L3_COMP_F4,20240607,B0,L3,182,True,False,False,940.0,700.0,240.0,COMPLETED,GROUND,runs/experiment3/E3_L3_COMP_F4/seed20240607/B0
3,A,E3_L3_COMP_F4,20240607,B1,L3,111,False,False,False,700.0,700.0,0.0,COMPLETED,GROUND,runs/experiment3/E3_L3_COMP_F4/seed20240607/B1
3,A,E3_L3_COMP_F4,20240607,B2,L3,111,False,False,False,700.0,700.0,0.0,COMPLETED,GROUND,runs/experiment3/E3_L3_COMP_F4/seed20240607/B2
3,A,E3_L3_COMP_F4,20240607,B4b,L3,111,False,False,False,700.0,700.0,0.0,COMPLETED,GROUND,runs/experiment3/E3_L3_COMP_F4/seed20240607/B4b
3,A,E3_L3_COMP_F4,20240608,B0,L3,182,True,False,False,940.0,700.0,240.0,COMPLETED,GROUND,runs/experiment3/E3_L3_COMP_F4/seed20240608/B0
3,A,E3_L3_COMP_F4,20240608,B1,L3,111,False,False,False,700.0,700.0,0.0,COMPLETED,GROUND,runs/experiment3/E3_L3_COMP_F4/seed20240608/B1
3,A,E3_L3_COMP_F4,20240608,B2,L3,111,False,False,False,700.0,700.0,0.0,COMPLETED,GROUND,runs/experiment3/E3_L3_COMP_F4/seed20240608/B2
3,A,E3_L3_COMP_F4,20240608,B4b,L3,111,False,False,False,700.0,700.0,0.0,COMPLETED,GROUND,runs/experiment3/E3_L3_COMP_F4/seed20240608/B4b
3,A,E3_L3_COMP_F4,20240609,B0,L3,182,True,False,False,940.0,700.0,240.0,COMPLETED,GROUND,runs/experiment3/E3_L3_COMP_F4/seed20240609/B0
3,A,E3_L3_COMP_F4,20240609,B1,L3,111,False,False,False,700.0,700.0,0.0,COMPLETED,GROUND,runs/experiment3/E3_L3_COMP_F4/seed20240609/B1
3,A,E3_L3_COMP_F4,20240609,B2,L3,111,False,False,False,700.0,700.0,0.0,COMPLETED,GROUND,runs/experiment3/E3_L3_COMP_F4/seed20240609/B2
3,A,E3_L3_COMP_F4,20240609,B4b,L3,111,False,False,False,700.0,700.0,0.0,COMPLETED,GROUND,runs/experiment3/E3_L3_COMP_F4/seed20240609/B4b
3,A,E3_L3_COMP_F4,20240610,B0,L3,182,True,False,False,940.0,700.0,240.0,COMPLETED,GROUND,runs/experiment3/E3_L3_COMP_F4/seed20240610/B0
3,A,E3_L3_COMP_F4,20240610,B1,L3,111,False,False,False,700.0,700.0,0.0,COMPLETED,GROUND,runs/experiment3/E3_L3_COMP_F4/seed20240610/B1
3,A,E3_L3_COMP_F4,20240610,B2,L3,111,False,False,False,700.0,700.0,0.0,COMPLETED,GROUND,runs/experiment3/E3_L3_COMP_F4/seed20240610/B2
3,A,E3_L3_COMP_F4,20240610,B4b,L3,111,False,False,False,700.0,700.0,0.0,COMPLETED,GROUND,runs/experiment3/E3_L3_COMP_F4/seed20240610/B4b
3,A,E3_L3_COMP_F4,20240611,B0,L3,182,True,False,False,940.0,700.0,240.0,COMPLETED,GROUND,runs/experiment3/E3_L3_COMP_F4/seed20240611/B0
3,A,E3_L3_COMP_F4,20240611,B1,L3,111,False,False,False,700.0,700.0,0.0,COMPLETED,GROUND,runs/experiment3/E3_L3_COMP_F4/seed20240611/B1
3,A,E3_L3_COMP_F4,20240611,B2,L3,111,False,False,False,700.0,700.0,0.0,COMPLETED,GROUND,runs/experiment3/E3_L3_COMP_F4/seed20240611/B2
3,A,E3_L3_COMP_F4,20240611,B4b,L3,111,False,False,False,700.0,700.0,0.0,COMPLETED,GROUND,runs/experiment3/E3_L3_COMP_F4/seed20240611/B4b
3,A,E3_L3_COMP_F4,20240612,B0,L3,182,True,False,False,940.0,700.0,240.0,COMPLETED,GROUND,runs/experiment3/E3_L3_COMP_F4/seed20240612/B0
3,A,E3_L3_COMP_F4,20240612,B1,L3,111,False,False,False,700.0,700.0,0.0,COMPLETED,GROUND,runs/experiment3/E3_L3_COMP_F4/seed20240612/B1
3,A,E3_L3_COMP_F4,20240612,B2,L3,111,False,False,False,700.0,700.0,0.0,COMPLETED,GROUND,runs/experiment3/E3_L3_COMP_F4/seed20240612/B2
3,A,E3_L3_COMP_F4,20240612,B4b,L3,111,False,False,False,700.0,700.0,0.0,COMPLETED,GROUND,runs/experiment3/E3_L3_COMP_F4/seed20240612/B4b
3,A,E3_L3_COMP_F4,20240613,B0,L3,182,True,False,False,940.0,700.0,240.0,COMPLETED,GROUND,runs/experiment3/E3_L3_COMP_F4/seed20240613/B0
3,A,E3_L3_COMP_F4,20240613,B1,L3,111,False,False,False,700.0,700.0,0.0,COMPLETED,GROUND,runs/experiment3/E3_L3_COMP_F4/seed20240613/B1
3,A,E3_L3_COMP_F4,20240613,B2,L3,111,False,False,False,700.0,700.0,0.0,COMPLETED,GROUND,runs/experiment3/E3_L3_COMP_F4/seed20240613/B2
3,A,E3_L3_COMP_F4,20240613,B4b,L3,111,False,False,False,700.0,700.0,0.0,COMPLETED,GROUND,runs/experiment3/E3_L3_COMP_F4/seed20240613/B4b
3,A,E3_L3_COMP_F4,20240614,B0,L3,182,True,False,False,940.0,700.0,240.0,COMPLETED,GROUND,runs/experiment3/E3_L3_COMP_F4/seed20240614/B0
3,A,E3_L3_COMP_F4,20240614,B1,L3,111,False,False,False,700.0,700.0,0.0,COMPLETED,GROUND,runs/experiment3/E3_L3_COMP_F4/seed20240614/B1
3,A,E3_L3_COMP_F4,20240614,B2,L3,111,False,False,False,700.0,700.0,0.0,COMPLETED,GROUND,runs/experiment3/E3_L3_COMP_F4/seed20240614/B2
3,A,E3_L3_COMP_F4,20240614,B4b,L3,111,False,False,False,700.0,700.0,0.0,COMPLETED,GROUND,runs/experiment3/E3_L3_COMP_F4/seed20240614/B4b
3,A,E3_L3_COMP_F4,20240615,B0,L3,182,True,False,False,940.0,700.0,240.0,COMPLETED,GROUND,runs/experiment3/E3_L3_COMP_F4/seed20240615/B0
3,A,E3_L3_COMP_F4,20240615,B1,L3,111,False,False,False,700.0,700.0,0.0,COMPLETED,GROUND,runs/experiment3/E3_L3_COMP_F4/seed20240615/B1
3,A,E3_L3_COMP_F4,20240615,B2,L3,111,False,False,False,700.0,700.0,0.0,COMPLETED,GROUND,runs/experiment3/E3_L3_COMP_F4/seed20240615/B2
3,A,E3_L3_COMP_F4,20240615,B4b,L3,111,False,False,False,700.0,700.0,0.0,COMPLETED,GROUND,runs/experiment3/E3_L3_COMP_F4/seed20240615/B4b
3,A,E3_L3_COMP_F4,20240616,B0,L3,182,True,False,False,940.0,700.0,240.0,COMPLETED,GROUND,runs/experiment3/E3_L3_COMP_F4/seed20240616/B0
3,A,E3_L3_COMP_F4,20240616,B1,L3,111,False,False,False,700.0,700.0,0.0,COMPLETED,GROUND,runs/experiment3/E3_L3_COMP_F4/seed20240616/B1
3,A,E3_L3_COMP_F4,20240616,B2,L3,111,False,False,False,700.0,700.0,0.0,COMPLETED,GROUND,runs/experiment3/E3_L3_COMP_F4/seed20240616/B2
3,A,E3_L3_COMP_F4,20240616,B4b,L3,111,False,False,False,700.0,700.0,0.0,COMPLETED,GROUND,runs/experiment3/E3_L3_COMP_F4/seed20240616/B4b
3,A,E3_L3_COMP_F4,20240617,B0,L3,182,True,False,False,940.0,700.0,240.0,COMPLETED,GROUND,runs/experiment3/E3_L3_COMP_F4/seed20240617/B0
3,A,E3_L3_COMP_F4,20240617,B1,L3,111,False,False,False,700.0,700.0,0.0,COMPLETED,GROUND,runs/experiment3/E3_L3_COMP_F4/seed20240617/B1
3,A,E3_L3_COMP_F4,20240617,B2,L3,111,False,False,False,700.0,700.0,0.0,COMPLETED,GROUND,runs/experiment3/E3_L3_COMP_F4/seed20240617/B2
3,A,E3_L3_COMP_F4,20240617,B4b,L3,111,False,False,False,700.0,700.0,0.0,COMPLETED,GROUND,runs/experiment3/E3_L3_COMP_F4/seed20240617/B4b
3,A,E3_L3_COMP_F4,20240618,B0,L3,182,True,False,False,940.0,700.0,240.0,COMPLETED,GROUND,runs/experiment3/E3_L3_COMP_F4/seed20240618/B0
3,A,E3_L3_COMP_F4,20240618,B1,L3,111,False,False,False,700.0,700.0,0.0,COMPLETED,GROUND,runs/experiment3/E3_L3_COMP_F4/seed20240618/B1
3,A,E3_L3_COMP_F4,20240618,B2,L3,111,False,False,False,700.0,700.0,0.0,COMPLETED,GROUND,runs/experiment3/E3_L3_COMP_F4/seed20240618/B2
3,A,E3_L3_COMP_F4,20240618,B4b,L3,111,False,False,False,700.0,700.0,0.0,COMPLETED,GROUND,runs/experiment3/E3_L3_COMP_F4/seed20240618/B4b
3,A,E3_L3_COMP_F4,20240619,B0,L3,182,True,False,False,940.0,700.0,240.0,COMPLETED,GROUND,runs/experiment3/E3_L3_COMP_F4/seed20240619/B0
3,A,E3_L3_COMP_F4,20240619,B1,L3,111,False,False,False,700.0,700.0,0.0,COMPLETED,GROUND,runs/experiment3/E3_L3_COMP_F4/seed20240619/B1
3,A,E3_L3_COMP_F4,20240619,B2,L3,111,False,False,False,700.0,700.0,0.0,COMPLETED,GROUND,runs/experiment3/E3_L3_COMP_F4/seed20240619/B2
3,A,E3_L3_COMP_F4,20240619,B4b,L3,111,False,False,False,700.0,700.0,0.0,COMPLETED,GROUND,runs/experiment3/E3_L3_COMP_F4/seed20240619/B4b
3,A,E3_L3_COMP_F4,20240620,B0,L3,182,True,False,False,940.0,700.0,240.0,COMPLETED,GROUND,runs/experiment3/E3_L3_COMP_F4/seed20240620/B0
3,A,E3_L3_COMP_F4,20240620,B1,L3,111,False,False,False,700.0,700.0,0.0,COMPLETED,GROUND,runs/experiment3/E3_L3_COMP_F4/seed20240620/B1
3,A,E3_L3_COMP_F4,20240620,B2,L3,111,False,False,False,700.0,700.0,0.0,COMPLETED,GROUND,runs/experiment3/E3_L3_COMP_F4/seed20240620/B2
3,A,E3_L3_COMP_F4,20240620,B4b,L3,111,False,False,False,700.0,700.0,0.0,COMPLETED,GROUND,runs/experiment3/E3_L3_COMP_F4/seed20240620/B4b
3,A,E3_L3_COMP_F5,20240601,B0,L3,182,True,False,False,940.0,700.0,240.0,COMPLETED,GROUND,runs/experiment3/E3_L3_COMP_F5/seed20240601/B0
3,A,E3_L3_COMP_F5,20240601,B1,L3,111,False,False,False,700.0,700.0,0.0,COMPLETED,GROUND,runs/experiment3/E3_L3_COMP_F5/seed20240601/B1
3,A,E3_L3_COMP_F5,20240601,B2,L3,111,False,False,False,700.0,700.0,0.0,COMPLETED,GROUND,runs/experiment3/E3_L3_COMP_F5/seed20240601/B2
3,A,E3_L3_COMP_F5,20240601,B4b,L3,111,False,False,False,700.0,700.0,0.0,COMPLETED,GROUND,runs/experiment3/E3_L3_COMP_F5/seed20240601/B4b
3,A,E3_L3_COMP_F5,20240602,B0,L3,182,True,False,False,940.0,700.0,240.0,COMPLETED,GROUND,runs/experiment3/E3_L3_COMP_F5/seed20240602/B0
3,A,E3_L3_COMP_F5,20240602,B1,L3,111,False,False,False,700.0,700.0,0.0,COMPLETED,GROUND,runs/experiment3/E3_L3_COMP_F5/seed20240602/B1
3,A,E3_L3_COMP_F5,20240602,B2,L3,111,False,False,False,700.0,700.0,0.0,COMPLETED,GROUND,runs/experiment3/E3_L3_COMP_F5/seed20240602/B2
3,A,E3_L3_COMP_F5,20240602,B4b,L3,111,False,False,False,700.0,700.0,0.0,COMPLETED,GROUND,runs/experiment3/E3_L3_COMP_F5/seed20240602/B4b
3,A,E3_L3_COMP_F5,20240603,B0,L3,182,True,False,False,940.0,700.0,240.0,COMPLETED,GROUND,runs/experiment3/E3_L3_COMP_F5/seed20240603/B0
3,A,E3_L3_COMP_F5,20240603,B1,L3,111,False,False,False,700.0,700.0,0.0,COMPLETED,GROUND,runs/experiment3/E3_L3_COMP_F5/seed20240603/B1
3,A,E3_L3_COMP_F5,20240603,B2,L3,111,False,False,False,700.0,700.0,0.0,COMPLETED,GROUND,runs/experiment3/E3_L3_COMP_F5/seed20240603/B2
3,A,E3_L3_COMP_F5,20240603,B4b,L3,111,False,False,False,700.0,700.0,0.0,COMPLETED,GROUND,runs/experiment3/E3_L3_COMP_F5/seed20240603/B4b
3,A,E3_L3_COMP_F5,20240604,B0,L3,182,True,False,False,940.0,700.0,240.0,COMPLETED,GROUND,runs/experiment3/E3_L3_COMP_F5/seed20240604/B0
3,A,E3_L3_COMP_F5,20240604,B1,L3,111,False,False,False,700.0,700.0,0.0,COMPLETED,GROUND,runs/experiment3/E3_L3_COMP_F5/seed20240604/B1
3,A,E3_L3_COMP_F5,20240604,B2,L3,111,False,False,False,700.0,700.0,0.0,COMPLETED,GROUND,runs/experiment3/E3_L3_COMP_F5/seed20240604/B2
3,A,E3_L3_COMP_F5,20240604,B4b,L3,111,False,False,False,700.0,700.0,0.0,COMPLETED,GROUND,runs/experiment3/E3_L3_COMP_F5/seed20240604/B4b
3,A,E3_L3_COMP_F5,20240605,B0,L3,182,True,False,False,940.0,700.0,240.0,COMPLETED,GROUND,runs/experiment3/E3_L3_COMP_F5/seed20240605/B0
3,A,E3_L3_COMP_F5,20240605,B1,L3,111,False,False,False,700.0,700.0,0.0,COMPLETED,GROUND,runs/experiment3/E3_L3_COMP_F5/seed20240605/B1
3,A,E3_L3_COMP_F5,20240605,B2,L3,111,False,False,False,700.0,700.0,0.0,COMPLETED,GROUND,runs/experiment3/E3_L3_COMP_F5/seed20240605/B2
3,A,E3_L3_COMP_F5,20240605,B4b,L3,111,False,False,False,700.0,700.0,0.0,COMPLETED,GROUND,runs/experiment3/E3_L3_COMP_F5/seed20240605/B4b
3,A,E3_L3_COMP_F5,20240606,B0,L3,182,True,False,False,940.0,700.0,240.0,COMPLETED,GROUND,runs/experiment3/E3_L3_COMP_F5/seed20240606/B0
3,A,E3_L3_COMP_F5,20240606,B1,L3,111,False,False,False,700.0,700.0,0.0,COMPLETED,GROUND,runs/experiment3/E3_L3_COMP_F5/seed20240606/B1
3,A,E3_L3_COMP_F5,20240606,B2,L3,111,False,False,False,700.0,700.0,0.0,COMPLETED,GROUND,runs/experiment3/E3_L3_COMP_F5/seed20240606/B2
3,A,E3_L3_COMP_F5,20240606,B4b,L3,111,False,False,False,700.0,700.0,0.0,COMPLETED,GROUND,runs/experiment3/E3_L3_COMP_F5/seed20240606/B4b
3,A,E3_L3_COMP_F5,20240607,B0,L3,182,True,False,False,940.0,700.0,240.0,COMPLETED,GROUND,runs/experiment3/E3_L3_COMP_F5/seed20240607/B0
3,A,E3_L3_COMP_F5,20240607,B1,L3,111,False,False,False,700.0,700.0,0.0,COMPLETED,GROUND,runs/experiment3/E3_L3_COMP_F5/seed20240607/B1
3,A,E3_L3_COMP_F5,20240607,B2,L3,111,False,False,False,700.0,700.0,0.0,COMPLETED,GROUND,runs/experiment3/E3_L3_COMP_F5/seed20240607/B2
3,A,E3_L3_COMP_F5,20240607,B4b,L3,111,False,False,False,700.0,700.0,0.0,COMPLETED,GROUND,runs/experiment3/E3_L3_COMP_F5/seed20240607/B4b
3,A,E3_L3_COMP_F5,20240608,B0,L3,182,True,False,False,940.0,700.0,240.0,COMPLETED,GROUND,runs/experiment3/E3_L3_COMP_F5/seed20240608/B0
3,A,E3_L3_COMP_F5,20240608,B1,L3,111,False,False,False,700.0,700.0,0.0,COMPLETED,GROUND,runs/experiment3/E3_L3_COMP_F5/seed20240608/B1
3,A,E3_L3_COMP_F5,20240608,B2,L3,111,False,False,False,700.0,700.0,0.0,COMPLETED,GROUND,runs/experiment3/E3_L3_COMP_F5/seed20240608/B2
3,A,E3_L3_COMP_F5,20240608,B4b,L3,111,False,False,False,700.0,700.0,0.0,COMPLETED,GROUND,runs/experiment3/E3_L3_COMP_F5/seed20240608/B4b
3,A,E3_L3_COMP_F5,20240609,B0,L3,182,True,False,False,940.0,700.0,240.0,COMPLETED,GROUND,runs/experiment3/E3_L3_COMP_F5/seed20240609/B0
3,A,E3_L3_COMP_F5,20240609,B1,L3,111,False,False,False,700.0,700.0,0.0,COMPLETED,GROUND,runs/experiment3/E3_L3_COMP_F5/seed20240609/B1
3,A,E3_L3_COMP_F5,20240609,B2,L3,111,False,False,False,700.0,700.0,0.0,COMPLETED,GROUND,runs/experiment3/E3_L3_COMP_F5/seed20240609/B2
3,A,E3_L3_COMP_F5,20240609,B4b,L3,111,False,False,False,700.0,700.0,0.0,COMPLETED,GROUND,runs/experiment3/E3_L3_COMP_F5/seed20240609/B4b
3,A,E3_L3_COMP_F5,20240610,B0,L3,182,True,False,False,940.0,700.0,240.0,COMPLETED,GROUND,runs/experiment3/E3_L3_COMP_F5/seed20240610/B0
3,A,E3_L3_COMP_F5,20240610,B1,L3,111,False,False,False,700.0,700.0,0.0,COMPLETED,GROUND,runs/experiment3/E3_L3_COMP_F5/seed20240610/B1
3,A,E3_L3_COMP_F5,20240610,B2,L3,111,False,False,False,700.0,700.0,0.0,COMPLETED,GROUND,runs/experiment3/E3_L3_COMP_F5/seed20240610/B2
3,A,E3_L3_COMP_F5,20240610,B4b,L3,111,False,False,False,700.0,700.0,0.0,COMPLETED,GROUND,runs/experiment3/E3_L3_COMP_F5/seed20240610/B4b
3,A,E3_L3_COMP_F5,20240611,B0,L3,182,True,False,False,940.0,700.0,240.0,COMPLETED,GROUND,runs/experiment3/E3_L3_COMP_F5/seed20240611/B0
3,A,E3_L3_COMP_F5,20240611,B1,L3,111,False,False,False,700.0,700.0,0.0,COMPLETED,GROUND,runs/experiment3/E3_L3_COMP_F5/seed20240611/B1
3,A,E3_L3_COMP_F5,20240611,B2,L3,111,False,False,False,700.0,700.0,0.0,COMPLETED,GROUND,runs/experiment3/E3_L3_COMP_F5/seed20240611/B2
3,A,E3_L3_COMP_F5,20240611,B4b,L3,111,False,False,False,700.0,700.0,0.0,COMPLETED,GROUND,runs/experiment3/E3_L3_COMP_F5/seed20240611/B4b
3,A,E3_L3_COMP_F5,20240612,B0,L3,182,True,False,False,940.0,700.0,240.0,COMPLETED,GROUND,runs/experiment3/E3_L3_COMP_F5/seed20240612/B0
3,A,E3_L3_COMP_F5,20240612,B1,L3,111,False,False,False,700.0,700.0,0.0,COMPLETED,GROUND,runs/experiment3/E3_L3_COMP_F5/seed20240612/B1
3,A,E3_L3_COMP_F5,20240612,B2,L3,111,False,False,False,700.0,700.0,0.0,COMPLETED,GROUND,runs/experiment3/E3_L3_COMP_F5/seed20240612/B2
3,A,E3_L3_COMP_F5,20240612,B4b,L3,111,False,False,False,700.0,700.0,0.0,COMPLETED,GROUND,runs/experiment3/E3_L3_COMP_F5/seed20240612/B4b
3,A,E3_L3_COMP_F5,20240613,B0,L3,182,True,False,False,940.0,700.0,240.0,COMPLETED,GROUND,runs/experiment3/E3_L3_COMP_F5/seed20240613/B0
3,A,E3_L3_COMP_F5,20240613,B1,L3,111,False,False,False,700.0,700.0,0.0,COMPLETED,GROUND,runs/experiment3/E3_L3_COMP_F5/seed20240613/B1
3,A,E3_L3_COMP_F5,20240613,B2,L3,111,False,False,False,700.0,700.0,0.0,COMPLETED,GROUND,runs/experiment3/E3_L3_COMP_F5/seed20240613/B2
3,A,E3_L3_COMP_F5,20240613,B4b,L3,111,False,False,False,700.0,700.0,0.0,COMPLETED,GROUND,runs/experiment3/E3_L3_COMP_F5/seed20240613/B4b
3,A,E3_L3_COMP_F5,20240614,B0,L3,182,True,False,False,940.0,700.0,240.0,COMPLETED,GROUND,runs/experiment3/E3_L3_COMP_F5/seed20240614/B0
3,A,E3_L3_COMP_F5,20240614,B1,L3,111,False,False,False,700.0,700.0,0.0,COMPLETED,GROUND,runs/experiment3/E3_L3_COMP_F5/seed20240614/B1
3,A,E3_L3_COMP_F5,20240614,B2,L3,111,False,False,False,700.0,700.0,0.0,COMPLETED,GROUND,runs/experiment3/E3_L3_COMP_F5/seed20240614/B2
3,A,E3_L3_COMP_F5,20240614,B4b,L3,111,False,False,False,700.0,700.0,0.0,COMPLETED,GROUND,runs/experiment3/E3_L3_COMP_F5/seed20240614/B4b
3,A,E3_L3_COMP_F5,20240615,B0,L3,182,True,False,False,940.0,700.0,240.0,COMPLETED,GROUND,runs/experiment3/E3_L3_COMP_F5/seed20240615/B0
3,A,E3_L3_COMP_F5,20240615,B1,L3,111,False,False,False,700.0,700.0,0.0,COMPLETED,GROUND,runs/experiment3/E3_L3_COMP_F5/seed20240615/B1
3,A,E3_L3_COMP_F5,20240615,B2,L3,111,False,False,False,700.0,700.0,0.0,COMPLETED,GROUND,runs/experiment3/E3_L3_COMP_F5/seed20240615/B2
3,A,E3_L3_COMP_F5,20240615,B4b,L3,111,False,False,False,700.0,700.0,0.0,COMPLETED,GROUND,runs/experiment3/E3_L3_COMP_F5/seed20240615/B4b
3,A,E3_L3_COMP_F5,20240616,B0,L3,182,True,False,False,940.0,700.0,240.0,COMPLETED,GROUND,runs/experiment3/E3_L3_COMP_F5/seed20240616/B0
3,A,E3_L3_COMP_F5,20240616,B1,L3,111,False,False,False,700.0,700.0,0.0,COMPLETED,GROUND,runs/experiment3/E3_L3_COMP_F5/seed20240616/B1
3,A,E3_L3_COMP_F5,20240616,B2,L3,111,False,False,False,700.0,700.0,0.0,COMPLETED,GROUND,runs/experiment3/E3_L3_COMP_F5/seed20240616/B2
3,A,E3_L3_COMP_F5,20240616,B4b,L3,111,False,False,False,700.0,700.0,0.0,COMPLETED,GROUND,runs/experiment3/E3_L3_COMP_F5/seed20240616/B4b
3,A,E3_L3_COMP_F5,20240617,B0,L3,182,True,False,False,940.0,700.0,240.0,COMPLETED,GROUND,runs/experiment3/E3_L3_COMP_F5/seed20240617/B0
3,A,E3_L3_COMP_F5,20240617,B1,L3,111,False,False,False,700.0,700.0,0.0,COMPLETED,GROUND,runs/experiment3/E3_L3_COMP_F5/seed20240617/B1
3,A,E3_L3_COMP_F5,20240617,B2,L3,111,False,False,False,700.0,700.0,0.0,COMPLETED,GROUND,runs/experiment3/E3_L3_COMP_F5/seed20240617/B2
3,A,E3_L3_COMP_F5,20240617,B4b,L3,111,False,False,False,700.0,700.0,0.0,COMPLETED,GROUND,runs/experiment3/E3_L3_COMP_F5/seed20240617/B4b
3,A,E3_L3_COMP_F5,20240618,B0,L3,182,True,False,False,940.0,700.0,240.0,COMPLETED,GROUND,runs/experiment3/E3_L3_COMP_F5/seed20240618/B0
3,A,E3_L3_COMP_F5,20240618,B1,L3,111,False,False,False,700.0,700.0,0.0,COMPLETED,GROUND,runs/experiment3/E3_L3_COMP_F5/seed20240618/B1
3,A,E3_L3_COMP_F5,20240618,B2,L3,111,False,False,False,700.0,700.0,0.0,COMPLETED,GROUND,runs/experiment3/E3_L3_COMP_F5/seed20240618/B2
3,A,E3_L3_COMP_F5,20240618,B4b,L3,111,False,False,False,700.0,700.0,0.0,COMPLETED,GROUND,runs/experiment3/E3_L3_COMP_F5/seed20240618/B4b
3,A,E3_L3_COMP_F5,20240619,B0,L3,182,True,False,False,940.0,700.0,240.0,COMPLETED,GROUND,runs/experiment3/E3_L3_COMP_F5/seed20240619/B0
3,A,E3_L3_COMP_F5,20240619,B1,L3,111,False,False,False,700.0,700.0,0.0,COMPLETED,GROUND,runs/experiment3/E3_L3_COMP_F5/seed20240619/B1
3,A,E3_L3_COMP_F5,20240619,B2,L3,111,False,False,False,700.0,700.0,0.0,COMPLETED,GROUND,runs/experiment3/E3_L3_COMP_F5/seed20240619/B2
3,A,E3_L3_COMP_F5,20240619,B4b,L3,111,False,False,False,700.0,700.0,0.0,COMPLETED,GROUND,runs/experiment3/E3_L3_COMP_F5/seed20240619/B4b
3,A,E3_L3_COMP_F5,20240620,B0,L3,182,True,False,False,940.0,700.0,240.0,COMPLETED,GROUND,runs/experiment3/E3_L3_COMP_F5/seed20240620/B0
3,A,E3_L3_COMP_F5,20240620,B1,L3,111,False,False,False,700.0,700.0,0.0,COMPLETED,GROUND,runs/experiment3/E3_L3_COMP_F5/seed20240620/B1
3,A,E3_L3_COMP_F5,20240620,B2,L3,111,False,False,False,700.0,700.0,0.0,COMPLETED,GROUND,runs/experiment3/E3_L3_COMP_F5/seed20240620/B2
3,A,E3_L3_COMP_F5,20240620,B4b,L3,111,False,False,False,700.0,700.0,0.0,COMPLETED,GROUND,runs/experiment3/E3_L3_COMP_F5/seed20240620/B4b
3,A,E3_L4_A,20240601,B0,L4,182,True,False,False,540.0,300.0,240.0,COMPLETED,GROUND,runs/experiment3/E3_L4_A/seed20240601/B0
3,A,E3_L4_A,20240601,B1,L4,111,False,False,False,300.0,300.0,0.0,COMPLETED,GROUND,runs/experiment3/E3_L4_A/seed20240601/B1
3,A,E3_L4_A,20240601,B2,L4,111,False,False,False,300.0,300.0,0.0,COMPLETED,GROUND,runs/experiment3/E3_L4_A/seed20240601/B2
3,A,E3_L4_A,20240601,B4b,L4,111,False,False,False,300.0,300.0,0.0,COMPLETED,GROUND,runs/experiment3/E3_L4_A/seed20240601/B4b
3,A,E3_L4_A,20240602,B0,L4,182,True,False,False,540.0,300.0,240.0,COMPLETED,GROUND,runs/experiment3/E3_L4_A/seed20240602/B0
3,A,E3_L4_A,20240602,B1,L4,111,False,False,False,300.0,300.0,0.0,COMPLETED,GROUND,runs/experiment3/E3_L4_A/seed20240602/B1
3,A,E3_L4_A,20240602,B2,L4,111,False,False,False,300.0,300.0,0.0,COMPLETED,GROUND,runs/experiment3/E3_L4_A/seed20240602/B2
3,A,E3_L4_A,20240602,B4b,L4,111,False,False,False,300.0,300.0,0.0,COMPLETED,GROUND,runs/experiment3/E3_L4_A/seed20240602/B4b
3,A,E3_L4_A,20240603,B0,L4,182,True,False,False,540.0,300.0,240.0,COMPLETED,GROUND,runs/experiment3/E3_L4_A/seed20240603/B0
3,A,E3_L4_A,20240603,B1,L4,111,False,False,False,300.0,300.0,0.0,COMPLETED,GROUND,runs/experiment3/E3_L4_A/seed20240603/B1
3,A,E3_L4_A,20240603,B2,L4,111,False,False,False,300.0,300.0,0.0,COMPLETED,GROUND,runs/experiment3/E3_L4_A/seed20240603/B2
3,A,E3_L4_A,20240603,B4b,L4,111,False,False,False,300.0,300.0,0.0,COMPLETED,GROUND,runs/experiment3/E3_L4_A/seed20240603/B4b
3,A,E3_L4_A,20240604,B0,L4,182,True,False,False,540.0,300.0,240.0,COMPLETED,GROUND,runs/experiment3/E3_L4_A/seed20240604/B0
3,A,E3_L4_A,20240604,B1,L4,111,False,False,False,300.0,300.0,0.0,COMPLETED,GROUND,runs/experiment3/E3_L4_A/seed20240604/B1
3,A,E3_L4_A,20240604,B2,L4,111,False,False,False,300.0,300.0,0.0,COMPLETED,GROUND,runs/experiment3/E3_L4_A/seed20240604/B2
3,A,E3_L4_A,20240604,B4b,L4,111,False,False,False,300.0,300.0,0.0,COMPLETED,GROUND,runs/experiment3/E3_L4_A/seed20240604/B4b
3,A,E3_L4_A,20240605,B0,L4,182,True,False,False,540.0,300.0,240.0,COMPLETED,GROUND,runs/experiment3/E3_L4_A/seed20240605/B0
3,A,E3_L4_A,20240605,B1,L4,111,False,False,False,300.0,300.0,0.0,COMPLETED,GROUND,runs/experiment3/E3_L4_A/seed20240605/B1
3,A,E3_L4_A,20240605,B2,L4,111,False,False,False,300.0,300.0,0.0,COMPLETED,GROUND,runs/experiment3/E3_L4_A/seed20240605/B2
3,A,E3_L4_A,20240605,B4b,L4,111,False,False,False,300.0,300.0,0.0,COMPLETED,GROUND,runs/experiment3/E3_L4_A/seed20240605/B4b
3,A,E3_L4_A,20240606,B0,L4,182,True,False,False,540.0,300.0,240.0,COMPLETED,GROUND,runs/experiment3/E3_L4_A/seed20240606/B0
3,A,E3_L4_A,20240606,B1,L4,111,False,False,False,300.0,300.0,0.0,COMPLETED,GROUND,runs/experiment3/E3_L4_A/seed20240606/B1
3,A,E3_L4_A,20240606,B2,L4,111,False,False,False,300.0,300.0,0.0,COMPLETED,GROUND,runs/experiment3/E3_L4_A/seed20240606/B2
3,A,E3_L4_A,20240606,B4b,L4,111,False,False,False,300.0,300.0,0.0,COMPLETED,GROUND,runs/experiment3/E3_L4_A/seed20240606/B4b
3,A,E3_L4_A,20240607,B0,L4,182,True,False,False,540.0,300.0,240.0,COMPLETED,GROUND,runs/experiment3/E3_L4_A/seed20240607/B0
3,A,E3_L4_A,20240607,B1,L4,111,False,False,False,300.0,300.0,0.0,COMPLETED,GROUND,runs/experiment3/E3_L4_A/seed20240607/B1
3,A,E3_L4_A,20240607,B2,L4,111,False,False,False,300.0,300.0,0.0,COMPLETED,GROUND,runs/experiment3/E3_L4_A/seed20240607/B2
3,A,E3_L4_A,20240607,B4b,L4,111,False,False,False,300.0,300.0,0.0,COMPLETED,GROUND,runs/experiment3/E3_L4_A/seed20240607/B4b
3,A,E3_L4_A,20240608,B0,L4,182,True,False,False,540.0,300.0,240.0,COMPLETED,GROUND,runs/experiment3/E3_L4_A/seed20240608/B0
3,A,E3_L4_A,20240608,B1,L4,111,False,False,False,300.0,300.0,0.0,COMPLETED,GROUND,runs/experiment3/E3_L4_A/seed20240608/B1
3,A,E3_L4_A,20240608,B2,L4,111,False,False,False,300.0,300.0,0.0,COMPLETED,GROUND,runs/experiment3/E3_L4_A/seed20240608/B2
3,A,E3_L4_A,20240608,B4b,L4,111,False,False,False,300.0,300.0,0.0,COMPLETED,GROUND,runs/experiment3/E3_L4_A/seed20240608/B4b
3,A,E3_L4_A,20240609,B0,L4,182,True,False,False,540.0,300.0,240.0,COMPLETED,GROUND,runs/experiment3/E3_L4_A/seed20240609/B0
3,A,E3_L4_A,20240609,B1,L4,111,False,False,False,300.0,300.0,0.0,COMPLETED,GROUND,runs/experiment3/E3_L4_A/seed20240609/B1
3,A,E3_L4_A,20240609,B2,L4,111,False,False,False,300.0,300.0,0.0,COMPLETED,GROUND,runs/experiment3/E3_L4_A/seed20240609/B2
3,A,E3_L4_A,20240609,B4b,L4,111,False,False,False,300.0,300.0,0.0,COMPLETED,GROUND,runs/experiment3/E3_L4_A/seed20240609/B4b
3,A,E3_L4_A,20240610,B0,L4,182,True,False,False,540.0,300.0,240.0,COMPLETED,GROUND,runs/experiment3/E3_L4_A/seed20240610/B0
3,A,E3_L4_A,20240610,B1,L4,111,False,False,False,300.0,300.0,0.0,COMPLETED,GROUND,runs/experiment3/E3_L4_A/seed20240610/B1
3,A,E3_L4_A,20240610,B2,L4,111,False,False,False,300.0,300.0,0.0,COMPLETED,GROUND,runs/experiment3/E3_L4_A/seed20240610/B2
3,A,E3_L4_A,20240610,B4b,L4,111,False,False,False,300.0,300.0,0.0,COMPLETED,GROUND,runs/experiment3/E3_L4_A/seed20240610/B4b
3,A,E3_L4_A,20240611,B0,L4,182,True,False,False,540.0,300.0,240.0,COMPLETED,GROUND,runs/experiment3/E3_L4_A/seed20240611/B0
3,A,E3_L4_A,20240611,B1,L4,111,False,False,False,300.0,300.0,0.0,COMPLETED,GROUND,runs/experiment3/E3_L4_A/seed20240611/B1
3,A,E3_L4_A,20240611,B2,L4,111,False,False,False,300.0,300.0,0.0,COMPLETED,GROUND,runs/experiment3/E3_L4_A/seed20240611/B2
3,A,E3_L4_A,20240611,B4b,L4,111,False,False,False,300.0,300.0,0.0,COMPLETED,GROUND,runs/experiment3/E3_L4_A/seed20240611/B4b
3,A,E3_L4_A,20240612,B0,L4,182,True,False,False,540.0,300.0,240.0,COMPLETED,GROUND,runs/experiment3/E3_L4_A/seed20240612/B0
3,A,E3_L4_A,20240612,B1,L4,111,False,False,False,300.0,300.0,0.0,COMPLETED,GROUND,runs/experiment3/E3_L4_A/seed20240612/B1
3,A,E3_L4_A,20240612,B2,L4,111,False,False,False,300.0,300.0,0.0,COMPLETED,GROUND,runs/experiment3/E3_L4_A/seed20240612/B2
3,A,E3_L4_A,20240612,B4b,L4,111,False,False,False,300.0,300.0,0.0,COMPLETED,GROUND,runs/experiment3/E3_L4_A/seed20240612/B4b
3,A,E3_L4_A,20240613,B0,L4,182,True,False,False,540.0,300.0,240.0,COMPLETED,GROUND,runs/experiment3/E3_L4_A/seed20240613/B0
3,A,E3_L4_A,20240613,B1,L4,111,False,False,False,300.0,300.0,0.0,COMPLETED,GROUND,runs/experiment3/E3_L4_A/seed20240613/B1
3,A,E3_L4_A,20240613,B2,L4,111,False,False,False,300.0,300.0,0.0,COMPLETED,GROUND,runs/experiment3/E3_L4_A/seed20240613/B2
3,A,E3_L4_A,20240613,B4b,L4,111,False,False,False,300.0,300.0,0.0,COMPLETED,GROUND,runs/experiment3/E3_L4_A/seed20240613/B4b
3,A,E3_L4_A,20240614,B0,L4,182,True,False,False,540.0,300.0,240.0,COMPLETED,GROUND,runs/experiment3/E3_L4_A/seed20240614/B0
3,A,E3_L4_A,20240614,B1,L4,111,False,False,False,300.0,300.0,0.0,COMPLETED,GROUND,runs/experiment3/E3_L4_A/seed20240614/B1
3,A,E3_L4_A,20240614,B2,L4,111,False,False,False,300.0,300.0,0.0,COMPLETED,GROUND,runs/experiment3/E3_L4_A/seed20240614/B2
3,A,E3_L4_A,20240614,B4b,L4,111,False,False,False,300.0,300.0,0.0,COMPLETED,GROUND,runs/experiment3/E3_L4_A/seed20240614/B4b
3,A,E3_L4_A,20240615,B0,L4,182,True,False,False,540.0,300.0,240.0,COMPLETED,GROUND,runs/experiment3/E3_L4_A/seed20240615/B0
3,A,E3_L4_A,20240615,B1,L4,111,False,False,False,300.0,300.0,0.0,COMPLETED,GROUND,runs/experiment3/E3_L4_A/seed20240615/B1
3,A,E3_L4_A,20240615,B2,L4,111,False,False,False,300.0,300.0,0.0,COMPLETED,GROUND,runs/experiment3/E3_L4_A/seed20240615/B2
3,A,E3_L4_A,20240615,B4b,L4,111,False,False,False,300.0,300.0,0.0,COMPLETED,GROUND,runs/experiment3/E3_L4_A/seed20240615/B4b
3,A,E3_L4_A,20240616,B0,L4,182,True,False,False,540.0,300.0,240.0,COMPLETED,GROUND,runs/experiment3/E3_L4_A/seed20240616/B0
3,A,E3_L4_A,20240616,B1,L4,111,False,False,False,300.0,300.0,0.0,COMPLETED,GROUND,runs/experiment3/E3_L4_A/seed20240616/B1
3,A,E3_L4_A,20240616,B2,L4,111,False,False,False,300.0,300.0,0.0,COMPLETED,GROUND,runs/experiment3/E3_L4_A/seed20240616/B2
3,A,E3_L4_A,20240616,B4b,L4,111,False,False,False,300.0,300.0,0.0,COMPLETED,GROUND,runs/experiment3/E3_L4_A/seed20240616/B4b
3,A,E3_L4_A,20240617,B0,L4,182,True,False,False,540.0,300.0,240.0,COMPLETED,GROUND,runs/experiment3/E3_L4_A/seed20240617/B0
3,A,E3_L4_A,20240617,B1,L4,111,False,False,False,300.0,300.0,0.0,COMPLETED,GROUND,runs/experiment3/E3_L4_A/seed20240617/B1
3,A,E3_L4_A,20240617,B2,L4,111,False,False,False,300.0,300.0,0.0,COMPLETED,GROUND,runs/experiment3/E3_L4_A/seed20240617/B2
3,A,E3_L4_A,20240617,B4b,L4,111,False,False,False,300.0,300.0,0.0,COMPLETED,GROUND,runs/experiment3/E3_L4_A/seed20240617/B4b
3,A,E3_L4_A,20240618,B0,L4,182,True,False,False,540.0,300.0,240.0,COMPLETED,GROUND,runs/experiment3/E3_L4_A/seed20240618/B0
3,A,E3_L4_A,20240618,B1,L4,111,False,False,False,300.0,300.0,0.0,COMPLETED,GROUND,runs/experiment3/E3_L4_A/seed20240618/B1
3,A,E3_L4_A,20240618,B2,L4,111,False,False,False,300.0,300.0,0.0,COMPLETED,GROUND,runs/experiment3/E3_L4_A/seed20240618/B2
3,A,E3_L4_A,20240618,B4b,L4,111,False,False,False,300.0,300.0,0.0,COMPLETED,GROUND,runs/experiment3/E3_L4_A/seed20240618/B4b
3,A,E3_L4_A,20240619,B0,L4,182,True,False,False,540.0,300.0,240.0,COMPLETED,GROUND,runs/experiment3/E3_L4_A/seed20240619/B0
3,A,E3_L4_A,20240619,B1,L4,111,False,False,False,300.0,300.0,0.0,COMPLETED,GROUND,runs/experiment3/E3_L4_A/seed20240619/B1
3,A,E3_L4_A,20240619,B2,L4,111,False,False,False,300.0,300.0,0.0,COMPLETED,GROUND,runs/experiment3/E3_L4_A/seed20240619/B2
3,A,E3_L4_A,20240619,B4b,L4,111,False,False,False,300.0,300.0,0.0,COMPLETED,GROUND,runs/experiment3/E3_L4_A/seed20240619/B4b
3,A,E3_L4_A,20240620,B0,L4,182,True,False,False,540.0,300.0,240.0,COMPLETED,GROUND,runs/experiment3/E3_L4_A/seed20240620/B0
3,A,E3_L4_A,20240620,B1,L4,111,False,False,False,300.0,300.0,0.0,COMPLETED,GROUND,runs/experiment3/E3_L4_A/seed20240620/B1
3,A,E3_L4_A,20240620,B2,L4,111,False,False,False,300.0,300.0,0.0,COMPLETED,GROUND,runs/experiment3/E3_L4_A/seed20240620/B2
3,A,E3_L4_A,20240620,B4b,L4,111,False,False,False,300.0,300.0,0.0,COMPLETED,GROUND,runs/experiment3/E3_L4_A/seed20240620/B4b
3,A,E3_L4_B,20240601,B0,L4,182,True,False,False,440.0,200.0,240.0,COMPLETED,GROUND,runs/experiment3/E3_L4_B/seed20240601/B0
3,A,E3_L4_B,20240601,B1,L4,242,True,True,True,440.0,200.0,240.0,COMPLETED,GROUND,runs/experiment3/E3_L4_B/seed20240601/B1
3,A,E3_L4_B,20240601,B2,L4,242,True,True,True,440.0,200.0,240.0,COMPLETED,GROUND,runs/experiment3/E3_L4_B/seed20240601/B2
3,A,E3_L4_B,20240601,B4b,L4,242,True,True,True,440.0,200.0,240.0,COMPLETED,GROUND,runs/experiment3/E3_L4_B/seed20240601/B4b
3,A,E3_L4_B,20240602,B0,L4,182,True,False,False,440.0,200.0,240.0,COMPLETED,GROUND,runs/experiment3/E3_L4_B/seed20240602/B0
3,A,E3_L4_B,20240602,B1,L4,242,True,True,True,440.0,200.0,240.0,COMPLETED,GROUND,runs/experiment3/E3_L4_B/seed20240602/B1
3,A,E3_L4_B,20240602,B2,L4,242,True,True,True,440.0,200.0,240.0,COMPLETED,GROUND,runs/experiment3/E3_L4_B/seed20240602/B2
3,A,E3_L4_B,20240602,B4b,L4,242,True,True,True,440.0,200.0,240.0,COMPLETED,GROUND,runs/experiment3/E3_L4_B/seed20240602/B4b
3,A,E3_L4_B,20240603,B0,L4,182,True,False,False,440.0,200.0,240.0,COMPLETED,GROUND,runs/experiment3/E3_L4_B/seed20240603/B0
3,A,E3_L4_B,20240603,B1,L4,242,True,True,True,440.0,200.0,240.0,COMPLETED,GROUND,runs/experiment3/E3_L4_B/seed20240603/B1
3,A,E3_L4_B,20240603,B2,L4,242,True,True,True,440.0,200.0,240.0,COMPLETED,GROUND,runs/experiment3/E3_L4_B/seed20240603/B2
3,A,E3_L4_B,20240603,B4b,L4,242,True,True,True,440.0,200.0,240.0,COMPLETED,GROUND,runs/experiment3/E3_L4_B/seed20240603/B4b
3,A,E3_L4_B,20240604,B0,L4,182,True,False,False,440.0,200.0,240.0,COMPLETED,GROUND,runs/experiment3/E3_L4_B/seed20240604/B0
3,A,E3_L4_B,20240604,B1,L4,242,True,True,True,440.0,200.0,240.0,COMPLETED,GROUND,runs/experiment3/E3_L4_B/seed20240604/B1
3,A,E3_L4_B,20240604,B2,L4,242,True,True,True,440.0,200.0,240.0,COMPLETED,GROUND,runs/experiment3/E3_L4_B/seed20240604/B2
3,A,E3_L4_B,20240604,B4b,L4,242,True,True,True,440.0,200.0,240.0,COMPLETED,GROUND,runs/experiment3/E3_L4_B/seed20240604/B4b
3,A,E3_L4_B,20240605,B0,L4,182,True,False,False,440.0,200.0,240.0,COMPLETED,GROUND,runs/experiment3/E3_L4_B/seed20240605/B0
3,A,E3_L4_B,20240605,B1,L4,242,True,True,True,440.0,200.0,240.0,COMPLETED,GROUND,runs/experiment3/E3_L4_B/seed20240605/B1
3,A,E3_L4_B,20240605,B2,L4,242,True,True,True,440.0,200.0,240.0,COMPLETED,GROUND,runs/experiment3/E3_L4_B/seed20240605/B2
3,A,E3_L4_B,20240605,B4b,L4,242,True,True,True,440.0,200.0,240.0,COMPLETED,GROUND,runs/experiment3/E3_L4_B/seed20240605/B4b
3,A,E3_L4_B,20240606,B0,L4,182,True,False,False,440.0,200.0,240.0,COMPLETED,GROUND,runs/experiment3/E3_L4_B/seed20240606/B0
3,A,E3_L4_B,20240606,B1,L4,242,True,True,True,440.0,200.0,240.0,COMPLETED,GROUND,runs/experiment3/E3_L4_B/seed20240606/B1
3,A,E3_L4_B,20240606,B2,L4,242,True,True,True,440.0,200.0,240.0,COMPLETED,GROUND,runs/experiment3/E3_L4_B/seed20240606/B2
3,A,E3_L4_B,20240606,B4b,L4,242,True,True,True,440.0,200.0,240.0,COMPLETED,GROUND,runs/experiment3/E3_L4_B/seed20240606/B4b
3,A,E3_L4_B,20240607,B0,L4,182,True,False,False,440.0,200.0,240.0,COMPLETED,GROUND,runs/experiment3/E3_L4_B/seed20240607/B0
3,A,E3_L4_B,20240607,B1,L4,242,True,True,True,440.0,200.0,240.0,COMPLETED,GROUND,runs/experiment3/E3_L4_B/seed20240607/B1
3,A,E3_L4_B,20240607,B2,L4,242,True,True,True,440.0,200.0,240.0,COMPLETED,GROUND,runs/experiment3/E3_L4_B/seed20240607/B2
3,A,E3_L4_B,20240607,B4b,L4,242,True,True,True,440.0,200.0,240.0,COMPLETED,GROUND,runs/experiment3/E3_L4_B/seed20240607/B4b
3,A,E3_L4_B,20240608,B0,L4,182,True,False,False,440.0,200.0,240.0,COMPLETED,GROUND,runs/experiment3/E3_L4_B/seed20240608/B0
3,A,E3_L4_B,20240608,B1,L4,242,True,True,True,440.0,200.0,240.0,COMPLETED,GROUND,runs/experiment3/E3_L4_B/seed20240608/B1
3,A,E3_L4_B,20240608,B2,L4,242,True,True,True,440.0,200.0,240.0,COMPLETED,GROUND,runs/experiment3/E3_L4_B/seed20240608/B2
3,A,E3_L4_B,20240608,B4b,L4,242,True,True,True,440.0,200.0,240.0,COMPLETED,GROUND,runs/experiment3/E3_L4_B/seed20240608/B4b
3,A,E3_L4_B,20240609,B0,L4,182,True,False,False,440.0,200.0,240.0,COMPLETED,GROUND,runs/experiment3/E3_L4_B/seed20240609/B0
3,A,E3_L4_B,20240609,B1,L4,242,True,True,True,440.0,200.0,240.0,COMPLETED,GROUND,runs/experiment3/E3_L4_B/seed20240609/B1
3,A,E3_L4_B,20240609,B2,L4,242,True,True,True,440.0,200.0,240.0,COMPLETED,GROUND,runs/experiment3/E3_L4_B/seed20240609/B2
3,A,E3_L4_B,20240609,B4b,L4,242,True,True,True,440.0,200.0,240.0,COMPLETED,GROUND,runs/experiment3/E3_L4_B/seed20240609/B4b
3,A,E3_L4_B,20240610,B0,L4,182,True,False,False,440.0,200.0,240.0,COMPLETED,GROUND,runs/experiment3/E3_L4_B/seed20240610/B0
3,A,E3_L4_B,20240610,B1,L4,242,True,True,True,440.0,200.0,240.0,COMPLETED,GROUND,runs/experiment3/E3_L4_B/seed20240610/B1
3,A,E3_L4_B,20240610,B2,L4,242,True,True,True,440.0,200.0,240.0,COMPLETED,GROUND,runs/experiment3/E3_L4_B/seed20240610/B2
3,A,E3_L4_B,20240610,B4b,L4,242,True,True,True,440.0,200.0,240.0,COMPLETED,GROUND,runs/experiment3/E3_L4_B/seed20240610/B4b
3,A,E3_L4_B,20240611,B0,L4,182,True,False,False,440.0,200.0,240.0,COMPLETED,GROUND,runs/experiment3/E3_L4_B/seed20240611/B0
3,A,E3_L4_B,20240611,B1,L4,242,True,True,True,440.0,200.0,240.0,COMPLETED,GROUND,runs/experiment3/E3_L4_B/seed20240611/B1
3,A,E3_L4_B,20240611,B2,L4,242,True,True,True,440.0,200.0,240.0,COMPLETED,GROUND,runs/experiment3/E3_L4_B/seed20240611/B2
3,A,E3_L4_B,20240611,B4b,L4,242,True,True,True,440.0,200.0,240.0,COMPLETED,GROUND,runs/experiment3/E3_L4_B/seed20240611/B4b
3,A,E3_L4_B,20240612,B0,L4,182,True,False,False,440.0,200.0,240.0,COMPLETED,GROUND,runs/experiment3/E3_L4_B/seed20240612/B0
3,A,E3_L4_B,20240612,B1,L4,242,True,True,True,440.0,200.0,240.0,COMPLETED,GROUND,runs/experiment3/E3_L4_B/seed20240612/B1
3,A,E3_L4_B,20240612,B2,L4,242,True,True,True,440.0,200.0,240.0,COMPLETED,GROUND,runs/experiment3/E3_L4_B/seed20240612/B2
3,A,E3_L4_B,20240612,B4b,L4,242,True,True,True,440.0,200.0,240.0,COMPLETED,GROUND,runs/experiment3/E3_L4_B/seed20240612/B4b
3,A,E3_L4_B,20240613,B0,L4,182,True,False,False,440.0,200.0,240.0,COMPLETED,GROUND,runs/experiment3/E3_L4_B/seed20240613/B0
3,A,E3_L4_B,20240613,B1,L4,242,True,True,True,440.0,200.0,240.0,COMPLETED,GROUND,runs/experiment3/E3_L4_B/seed20240613/B1
3,A,E3_L4_B,20240613,B2,L4,242,True,True,True,440.0,200.0,240.0,COMPLETED,GROUND,runs/experiment3/E3_L4_B/seed20240613/B2
3,A,E3_L4_B,20240613,B4b,L4,242,True,True,True,440.0,200.0,240.0,COMPLETED,GROUND,runs/experiment3/E3_L4_B/seed20240613/B4b
3,A,E3_L4_B,20240614,B0,L4,182,True,False,False,440.0,200.0,240.0,COMPLETED,GROUND,runs/experiment3/E3_L4_B/seed20240614/B0
3,A,E3_L4_B,20240614,B1,L4,242,True,True,True,440.0,200.0,240.0,COMPLETED,GROUND,runs/experiment3/E3_L4_B/seed20240614/B1
3,A,E3_L4_B,20240614,B2,L4,242,True,True,True,440.0,200.0,240.0,COMPLETED,GROUND,runs/experiment3/E3_L4_B/seed20240614/B2
3,A,E3_L4_B,20240614,B4b,L4,242,True,True,True,440.0,200.0,240.0,COMPLETED,GROUND,runs/experiment3/E3_L4_B/seed20240614/B4b
3,A,E3_L4_B,20240615,B0,L4,182,True,False,False,440.0,200.0,240.0,COMPLETED,GROUND,runs/experiment3/E3_L4_B/seed20240615/B0
3,A,E3_L4_B,20240615,B1,L4,242,True,True,True,440.0,200.0,240.0,COMPLETED,GROUND,runs/experiment3/E3_L4_B/seed20240615/B1
3,A,E3_L4_B,20240615,B2,L4,242,True,True,True,440.0,200.0,240.0,COMPLETED,GROUND,runs/experiment3/E3_L4_B/seed20240615/B2
3,A,E3_L4_B,20240615,B4b,L4,242,True,True,True,440.0,200.0,240.0,COMPLETED,GROUND,runs/experiment3/E3_L4_B/seed20240615/B4b
3,A,E3_L4_B,20240616,B0,L4,182,True,False,False,440.0,200.0,240.0,COMPLETED,GROUND,runs/experiment3/E3_L4_B/seed20240616/B0
3,A,E3_L4_B,20240616,B1,L4,242,True,True,True,440.0,200.0,240.0,COMPLETED,GROUND,runs/experiment3/E3_L4_B/seed20240616/B1
3,A,E3_L4_B,20240616,B2,L4,242,True,True,True,440.0,200.0,240.0,COMPLETED,GROUND,runs/experiment3/E3_L4_B/seed20240616/B2
3,A,E3_L4_B,20240616,B4b,L4,242,True,True,True,440.0,200.0,240.0,COMPLETED,GROUND,runs/experiment3/E3_L4_B/seed20240616/B4b
3,A,E3_L4_B,20240617,B0,L4,182,True,False,False,440.0,200.0,240.0,COMPLETED,GROUND,runs/experiment3/E3_L4_B/seed20240617/B0
3,A,E3_L4_B,20240617,B1,L4,242,True,True,True,440.0,200.0,240.0,COMPLETED,GROUND,runs/experiment3/E3_L4_B/seed20240617/B1
3,A,E3_L4_B,20240617,B2,L4,242,True,True,True,440.0,200.0,240.0,COMPLETED,GROUND,runs/experiment3/E3_L4_B/seed20240617/B2
3,A,E3_L4_B,20240617,B4b,L4,242,True,True,True,440.0,200.0,240.0,COMPLETED,GROUND,runs/experiment3/E3_L4_B/seed20240617/B4b
3,A,E3_L4_B,20240618,B0,L4,182,True,False,False,440.0,200.0,240.0,COMPLETED,GROUND,runs/experiment3/E3_L4_B/seed20240618/B0
3,A,E3_L4_B,20240618,B1,L4,242,True,True,True,440.0,200.0,240.0,COMPLETED,GROUND,runs/experiment3/E3_L4_B/seed20240618/B1
3,A,E3_L4_B,20240618,B2,L4,242,True,True,True,440.0,200.0,240.0,COMPLETED,GROUND,runs/experiment3/E3_L4_B/seed20240618/B2
3,A,E3_L4_B,20240618,B4b,L4,242,True,True,True,440.0,200.0,240.0,COMPLETED,GROUND,runs/experiment3/E3_L4_B/seed20240618/B4b
3,A,E3_L4_B,20240619,B0,L4,182,True,False,False,440.0,200.0,240.0,COMPLETED,GROUND,runs/experiment3/E3_L4_B/seed20240619/B0
3,A,E3_L4_B,20240619,B1,L4,242,True,True,True,440.0,200.0,240.0,COMPLETED,GROUND,runs/experiment3/E3_L4_B/seed20240619/B1
3,A,E3_L4_B,20240619,B2,L4,242,True,True,True,440.0,200.0,240.0,COMPLETED,GROUND,runs/experiment3/E3_L4_B/seed20240619/B2
3,A,E3_L4_B,20240619,B4b,L4,242,True,True,True,440.0,200.0,240.0,COMPLETED,GROUND,runs/experiment3/E3_L4_B/seed20240619/B4b
3,A,E3_L4_B,20240620,B0,L4,182,True,False,False,440.0,200.0,240.0,COMPLETED,GROUND,runs/experiment3/E3_L4_B/seed20240620/B0
3,A,E3_L4_B,20240620,B1,L4,242,True,True,True,440.0,200.0,240.0,COMPLETED,GROUND,runs/experiment3/E3_L4_B/seed20240620/B1
3,A,E3_L4_B,20240620,B2,L4,242,True,True,True,440.0,200.0,240.0,COMPLETED,GROUND,runs/experiment3/E3_L4_B/seed20240620/B2
3,A,E3_L4_B,20240620,B4b,L4,242,True,True,True,440.0,200.0,240.0,COMPLETED,GROUND,runs/experiment3/E3_L4_B/seed20240620/B4b
3,B,E3XB_L1_F1_C2,20240601,B0,L1,241,True,False,False,640.0,400.0,240.0,,,runs/experiment3_cross_site/site_b_amsterdam/E3XB_L1_F1_C2/seed20240601/B0
3,B,E3XB_L1_F1_C2,20240601,B1,L1,162,False,True,True,400.0,400.0,0.0,,,runs/experiment3_cross_site/site_b_amsterdam/E3XB_L1_F1_C2/seed20240601/B1
3,B,E3XB_L1_F1_C2,20240601,B2,L1,162,False,True,True,400.0,400.0,0.0,,,runs/experiment3_cross_site/site_b_amsterdam/E3XB_L1_F1_C2/seed20240601/B2
3,B,E3XB_L1_F1_C2,20240601,B4b,L1,162,False,True,True,400.0,400.0,0.0,,,runs/experiment3_cross_site/site_b_amsterdam/E3XB_L1_F1_C2/seed20240601/B4b
3,B,E3XB_L1_F1_C2,20240602,B0,L1,241,True,False,False,640.0,400.0,240.0,,,runs/experiment3_cross_site/site_b_amsterdam/E3XB_L1_F1_C2/seed20240602/B0
3,B,E3XB_L1_F1_C2,20240602,B1,L1,162,False,True,True,400.0,400.0,0.0,,,runs/experiment3_cross_site/site_b_amsterdam/E3XB_L1_F1_C2/seed20240602/B1
3,B,E3XB_L1_F1_C2,20240602,B2,L1,162,False,True,True,400.0,400.0,0.0,,,runs/experiment3_cross_site/site_b_amsterdam/E3XB_L1_F1_C2/seed20240602/B2
3,B,E3XB_L1_F1_C2,20240602,B4b,L1,162,False,True,True,400.0,400.0,0.0,,,runs/experiment3_cross_site/site_b_amsterdam/E3XB_L1_F1_C2/seed20240602/B4b
3,B,E3XB_L1_F1_C2,20240603,B0,L1,241,True,False,False,640.0,400.0,240.0,,,runs/experiment3_cross_site/site_b_amsterdam/E3XB_L1_F1_C2/seed20240603/B0
3,B,E3XB_L1_F1_C2,20240603,B1,L1,162,False,True,True,400.0,400.0,0.0,,,runs/experiment3_cross_site/site_b_amsterdam/E3XB_L1_F1_C2/seed20240603/B1
3,B,E3XB_L1_F1_C2,20240603,B2,L1,162,False,True,True,400.0,400.0,0.0,,,runs/experiment3_cross_site/site_b_amsterdam/E3XB_L1_F1_C2/seed20240603/B2
3,B,E3XB_L1_F1_C2,20240603,B4b,L1,162,False,True,True,400.0,400.0,0.0,,,runs/experiment3_cross_site/site_b_amsterdam/E3XB_L1_F1_C2/seed20240603/B4b
3,B,E3XB_L1_F1_C2,20240604,B0,L1,241,True,False,False,640.0,400.0,240.0,,,runs/experiment3_cross_site/site_b_amsterdam/E3XB_L1_F1_C2/seed20240604/B0
3,B,E3XB_L1_F1_C2,20240604,B1,L1,162,False,True,True,400.0,400.0,0.0,,,runs/experiment3_cross_site/site_b_amsterdam/E3XB_L1_F1_C2/seed20240604/B1
3,B,E3XB_L1_F1_C2,20240604,B2,L1,162,False,True,True,400.0,400.0,0.0,,,runs/experiment3_cross_site/site_b_amsterdam/E3XB_L1_F1_C2/seed20240604/B2
3,B,E3XB_L1_F1_C2,20240604,B4b,L1,162,False,True,True,400.0,400.0,0.0,,,runs/experiment3_cross_site/site_b_amsterdam/E3XB_L1_F1_C2/seed20240604/B4b
3,B,E3XB_L1_F1_C2,20240605,B0,L1,241,True,False,False,640.0,400.0,240.0,,,runs/experiment3_cross_site/site_b_amsterdam/E3XB_L1_F1_C2/seed20240605/B0
3,B,E3XB_L1_F1_C2,20240605,B1,L1,162,False,True,True,400.0,400.0,0.0,,,runs/experiment3_cross_site/site_b_amsterdam/E3XB_L1_F1_C2/seed20240605/B1
3,B,E3XB_L1_F1_C2,20240605,B2,L1,162,False,True,True,400.0,400.0,0.0,,,runs/experiment3_cross_site/site_b_amsterdam/E3XB_L1_F1_C2/seed20240605/B2
3,B,E3XB_L1_F1_C2,20240605,B4b,L1,105,False,True,True,400.0,400.0,0.0,,,runs/experiment3_cross_site/site_b_amsterdam/E3XB_L1_F1_C2/seed20240605/B4b
3,B,E3XB_L1_F1_C2,20240606,B0,L1,241,True,False,False,640.0,400.0,240.0,,,runs/experiment3_cross_site/site_b_amsterdam/E3XB_L1_F1_C2/seed20240606/B0
3,B,E3XB_L1_F1_C2,20240606,B1,L1,162,False,True,True,400.0,400.0,0.0,,,runs/experiment3_cross_site/site_b_amsterdam/E3XB_L1_F1_C2/seed20240606/B1
3,B,E3XB_L1_F1_C2,20240606,B2,L1,162,False,True,True,400.0,400.0,0.0,,,runs/experiment3_cross_site/site_b_amsterdam/E3XB_L1_F1_C2/seed20240606/B2
3,B,E3XB_L1_F1_C2,20240606,B4b,L1,162,False,True,True,400.0,400.0,0.0,,,runs/experiment3_cross_site/site_b_amsterdam/E3XB_L1_F1_C2/seed20240606/B4b
3,B,E3XB_L1_F1_C2,20240607,B0,L1,241,True,False,False,640.0,400.0,240.0,,,runs/experiment3_cross_site/site_b_amsterdam/E3XB_L1_F1_C2/seed20240607/B0
3,B,E3XB_L1_F1_C2,20240607,B1,L1,162,False,True,True,400.0,400.0,0.0,,,runs/experiment3_cross_site/site_b_amsterdam/E3XB_L1_F1_C2/seed20240607/B1
3,B,E3XB_L1_F1_C2,20240607,B2,L1,162,False,True,True,400.0,400.0,0.0,,,runs/experiment3_cross_site/site_b_amsterdam/E3XB_L1_F1_C2/seed20240607/B2
3,B,E3XB_L1_F1_C2,20240607,B4b,L1,162,False,True,True,400.0,400.0,0.0,,,runs/experiment3_cross_site/site_b_amsterdam/E3XB_L1_F1_C2/seed20240607/B4b
3,B,E3XB_L1_F1_C2,20240608,B0,L1,241,True,False,False,640.0,400.0,240.0,,,runs/experiment3_cross_site/site_b_amsterdam/E3XB_L1_F1_C2/seed20240608/B0
3,B,E3XB_L1_F1_C2,20240608,B1,L1,162,False,True,True,400.0,400.0,0.0,,,runs/experiment3_cross_site/site_b_amsterdam/E3XB_L1_F1_C2/seed20240608/B1
3,B,E3XB_L1_F1_C2,20240608,B2,L1,162,False,True,True,400.0,400.0,0.0,,,runs/experiment3_cross_site/site_b_amsterdam/E3XB_L1_F1_C2/seed20240608/B2
3,B,E3XB_L1_F1_C2,20240608,B4b,L1,162,False,True,True,400.0,400.0,0.0,,,runs/experiment3_cross_site/site_b_amsterdam/E3XB_L1_F1_C2/seed20240608/B4b
3,B,E3XB_L1_F1_C2,20240609,B0,L1,241,True,False,False,640.0,400.0,240.0,,,runs/experiment3_cross_site/site_b_amsterdam/E3XB_L1_F1_C2/seed20240609/B0
3,B,E3XB_L1_F1_C2,20240609,B1,L1,162,False,True,True,400.0,400.0,0.0,,,runs/experiment3_cross_site/site_b_amsterdam/E3XB_L1_F1_C2/seed20240609/B1
3,B,E3XB_L1_F1_C2,20240609,B2,L1,162,False,True,True,400.0,400.0,0.0,,,runs/experiment3_cross_site/site_b_amsterdam/E3XB_L1_F1_C2/seed20240609/B2
3,B,E3XB_L1_F1_C2,20240609,B4b,L1,162,False,True,True,400.0,400.0,0.0,,,runs/experiment3_cross_site/site_b_amsterdam/E3XB_L1_F1_C2/seed20240609/B4b
3,B,E3XB_L1_F1_C2,20240610,B0,L1,241,True,False,False,640.0,400.0,240.0,,,runs/experiment3_cross_site/site_b_amsterdam/E3XB_L1_F1_C2/seed20240610/B0
3,B,E3XB_L1_F1_C2,20240610,B1,L1,162,False,True,True,400.0,400.0,0.0,,,runs/experiment3_cross_site/site_b_amsterdam/E3XB_L1_F1_C2/seed20240610/B1
3,B,E3XB_L1_F1_C2,20240610,B2,L1,162,False,True,True,400.0,400.0,0.0,,,runs/experiment3_cross_site/site_b_amsterdam/E3XB_L1_F1_C2/seed20240610/B2
3,B,E3XB_L1_F1_C2,20240610,B4b,L1,162,False,True,True,400.0,400.0,0.0,,,runs/experiment3_cross_site/site_b_amsterdam/E3XB_L1_F1_C2/seed20240610/B4b
3,B,E3XB_L1_F1_C2,20240611,B0,L1,241,True,False,False,640.0,400.0,240.0,,,runs/experiment3_cross_site/site_b_amsterdam/E3XB_L1_F1_C2/seed20240611/B0
3,B,E3XB_L1_F1_C2,20240611,B1,L1,162,False,True,True,400.0,400.0,0.0,,,runs/experiment3_cross_site/site_b_amsterdam/E3XB_L1_F1_C2/seed20240611/B1
3,B,E3XB_L1_F1_C2,20240611,B2,L1,162,False,True,True,400.0,400.0,0.0,,,runs/experiment3_cross_site/site_b_amsterdam/E3XB_L1_F1_C2/seed20240611/B2
3,B,E3XB_L1_F1_C2,20240611,B4b,L1,162,False,True,True,400.0,400.0,0.0,,,runs/experiment3_cross_site/site_b_amsterdam/E3XB_L1_F1_C2/seed20240611/B4b
3,B,E3XB_L1_F1_C2,20240612,B0,L1,241,True,False,False,640.0,400.0,240.0,,,runs/experiment3_cross_site/site_b_amsterdam/E3XB_L1_F1_C2/seed20240612/B0
3,B,E3XB_L1_F1_C2,20240612,B1,L1,162,False,True,True,400.0,400.0,0.0,,,runs/experiment3_cross_site/site_b_amsterdam/E3XB_L1_F1_C2/seed20240612/B1
3,B,E3XB_L1_F1_C2,20240612,B2,L1,162,False,True,True,400.0,400.0,0.0,,,runs/experiment3_cross_site/site_b_amsterdam/E3XB_L1_F1_C2/seed20240612/B2
3,B,E3XB_L1_F1_C2,20240612,B4b,L1,162,False,True,True,400.0,400.0,0.0,,,runs/experiment3_cross_site/site_b_amsterdam/E3XB_L1_F1_C2/seed20240612/B4b
3,B,E3XB_L1_F1_C2,20240613,B0,L1,241,True,False,False,640.0,400.0,240.0,,,runs/experiment3_cross_site/site_b_amsterdam/E3XB_L1_F1_C2/seed20240613/B0
3,B,E3XB_L1_F1_C2,20240613,B1,L1,162,False,True,True,400.0,400.0,0.0,,,runs/experiment3_cross_site/site_b_amsterdam/E3XB_L1_F1_C2/seed20240613/B1
3,B,E3XB_L1_F1_C2,20240613,B2,L1,162,False,True,True,400.0,400.0,0.0,,,runs/experiment3_cross_site/site_b_amsterdam/E3XB_L1_F1_C2/seed20240613/B2
3,B,E3XB_L1_F1_C2,20240613,B4b,L1,162,False,True,True,400.0,400.0,0.0,,,runs/experiment3_cross_site/site_b_amsterdam/E3XB_L1_F1_C2/seed20240613/B4b
3,B,E3XB_L1_F1_C2,20240614,B0,L1,241,True,False,False,640.0,400.0,240.0,,,runs/experiment3_cross_site/site_b_amsterdam/E3XB_L1_F1_C2/seed20240614/B0
3,B,E3XB_L1_F1_C2,20240614,B1,L1,162,False,True,True,400.0,400.0,0.0,,,runs/experiment3_cross_site/site_b_amsterdam/E3XB_L1_F1_C2/seed20240614/B1
3,B,E3XB_L1_F1_C2,20240614,B2,L1,162,False,True,True,400.0,400.0,0.0,,,runs/experiment3_cross_site/site_b_amsterdam/E3XB_L1_F1_C2/seed20240614/B2
3,B,E3XB_L1_F1_C2,20240614,B4b,L1,162,False,True,True,400.0,400.0,0.0,,,runs/experiment3_cross_site/site_b_amsterdam/E3XB_L1_F1_C2/seed20240614/B4b
3,B,E3XB_L1_F1_C2,20240615,B0,L1,241,True,False,False,640.0,400.0,240.0,,,runs/experiment3_cross_site/site_b_amsterdam/E3XB_L1_F1_C2/seed20240615/B0
3,B,E3XB_L1_F1_C2,20240615,B1,L1,162,False,True,True,400.0,400.0,0.0,,,runs/experiment3_cross_site/site_b_amsterdam/E3XB_L1_F1_C2/seed20240615/B1
3,B,E3XB_L1_F1_C2,20240615,B2,L1,162,False,True,True,400.0,400.0,0.0,,,runs/experiment3_cross_site/site_b_amsterdam/E3XB_L1_F1_C2/seed20240615/B2
3,B,E3XB_L1_F1_C2,20240615,B4b,L1,162,False,True,True,400.0,400.0,0.0,,,runs/experiment3_cross_site/site_b_amsterdam/E3XB_L1_F1_C2/seed20240615/B4b
3,B,E3XB_L1_F1_C2,20240616,B0,L1,241,True,False,False,640.0,400.0,240.0,,,runs/experiment3_cross_site/site_b_amsterdam/E3XB_L1_F1_C2/seed20240616/B0
3,B,E3XB_L1_F1_C2,20240616,B1,L1,162,False,True,True,400.0,400.0,0.0,,,runs/experiment3_cross_site/site_b_amsterdam/E3XB_L1_F1_C2/seed20240616/B1
3,B,E3XB_L1_F1_C2,20240616,B2,L1,162,False,True,True,400.0,400.0,0.0,,,runs/experiment3_cross_site/site_b_amsterdam/E3XB_L1_F1_C2/seed20240616/B2
3,B,E3XB_L1_F1_C2,20240616,B4b,L1,162,False,True,True,400.0,400.0,0.0,,,runs/experiment3_cross_site/site_b_amsterdam/E3XB_L1_F1_C2/seed20240616/B4b
3,B,E3XB_L1_F1_C2,20240617,B0,L1,241,True,False,False,640.0,400.0,240.0,,,runs/experiment3_cross_site/site_b_amsterdam/E3XB_L1_F1_C2/seed20240617/B0
3,B,E3XB_L1_F1_C2,20240617,B1,L1,162,False,True,True,400.0,400.0,0.0,,,runs/experiment3_cross_site/site_b_amsterdam/E3XB_L1_F1_C2/seed20240617/B1
3,B,E3XB_L1_F1_C2,20240617,B2,L1,162,False,True,True,400.0,400.0,0.0,,,runs/experiment3_cross_site/site_b_amsterdam/E3XB_L1_F1_C2/seed20240617/B2
3,B,E3XB_L1_F1_C2,20240617,B4b,L1,162,False,True,True,400.0,400.0,0.0,,,runs/experiment3_cross_site/site_b_amsterdam/E3XB_L1_F1_C2/seed20240617/B4b
3,B,E3XB_L1_F1_C2,20240618,B0,L1,241,True,False,False,640.0,400.0,240.0,,,runs/experiment3_cross_site/site_b_amsterdam/E3XB_L1_F1_C2/seed20240618/B0
3,B,E3XB_L1_F1_C2,20240618,B1,L1,162,False,True,True,400.0,400.0,0.0,,,runs/experiment3_cross_site/site_b_amsterdam/E3XB_L1_F1_C2/seed20240618/B1
3,B,E3XB_L1_F1_C2,20240618,B2,L1,162,False,True,True,400.0,400.0,0.0,,,runs/experiment3_cross_site/site_b_amsterdam/E3XB_L1_F1_C2/seed20240618/B2
3,B,E3XB_L1_F1_C2,20240618,B4b,L1,162,False,True,True,400.0,400.0,0.0,,,runs/experiment3_cross_site/site_b_amsterdam/E3XB_L1_F1_C2/seed20240618/B4b
3,B,E3XB_L1_F1_C2,20240619,B0,L1,241,True,False,False,640.0,400.0,240.0,,,runs/experiment3_cross_site/site_b_amsterdam/E3XB_L1_F1_C2/seed20240619/B0
3,B,E3XB_L1_F1_C2,20240619,B1,L1,162,False,True,True,400.0,400.0,0.0,,,runs/experiment3_cross_site/site_b_amsterdam/E3XB_L1_F1_C2/seed20240619/B1
3,B,E3XB_L1_F1_C2,20240619,B2,L1,162,False,True,True,400.0,400.0,0.0,,,runs/experiment3_cross_site/site_b_amsterdam/E3XB_L1_F1_C2/seed20240619/B2
3,B,E3XB_L1_F1_C2,20240619,B4b,L1,162,False,True,True,400.0,400.0,0.0,,,runs/experiment3_cross_site/site_b_amsterdam/E3XB_L1_F1_C2/seed20240619/B4b
3,B,E3XB_L1_F1_C2,20240620,B0,L1,241,True,False,False,640.0,400.0,240.0,,,runs/experiment3_cross_site/site_b_amsterdam/E3XB_L1_F1_C2/seed20240620/B0
3,B,E3XB_L1_F1_C2,20240620,B1,L1,162,False,True,True,400.0,400.0,0.0,,,runs/experiment3_cross_site/site_b_amsterdam/E3XB_L1_F1_C2/seed20240620/B1
3,B,E3XB_L1_F1_C2,20240620,B2,L1,162,False,True,True,400.0,400.0,0.0,,,runs/experiment3_cross_site/site_b_amsterdam/E3XB_L1_F1_C2/seed20240620/B2
3,B,E3XB_L1_F1_C2,20240620,B4b,L1,162,False,True,True,400.0,400.0,0.0,,,runs/experiment3_cross_site/site_b_amsterdam/E3XB_L1_F1_C2/seed20240620/B4b
3,B,E3XB_L1_F5_C2,20240601,B0,L1,241,True,False,False,640.0,400.0,240.0,,,runs/experiment3_cross_site/site_b_amsterdam/E3XB_L1_F5_C2/seed20240601/B0
3,B,E3XB_L1_F5_C2,20240601,B1,L1,162,False,True,True,400.0,400.0,0.0,,,runs/experiment3_cross_site/site_b_amsterdam/E3XB_L1_F5_C2/seed20240601/B1
3,B,E3XB_L1_F5_C2,20240601,B2,L1,162,False,True,True,400.0,400.0,0.0,,,runs/experiment3_cross_site/site_b_amsterdam/E3XB_L1_F5_C2/seed20240601/B2
3,B,E3XB_L1_F5_C2,20240601,B4b,L1,162,False,True,True,400.0,400.0,0.0,,,runs/experiment3_cross_site/site_b_amsterdam/E3XB_L1_F5_C2/seed20240601/B4b
3,B,E3XB_L1_F5_C2,20240602,B0,L1,241,True,False,False,640.0,400.0,240.0,,,runs/experiment3_cross_site/site_b_amsterdam/E3XB_L1_F5_C2/seed20240602/B0
3,B,E3XB_L1_F5_C2,20240602,B1,L1,162,False,True,True,400.0,400.0,0.0,,,runs/experiment3_cross_site/site_b_amsterdam/E3XB_L1_F5_C2/seed20240602/B1
3,B,E3XB_L1_F5_C2,20240602,B2,L1,162,False,True,True,400.0,400.0,0.0,,,runs/experiment3_cross_site/site_b_amsterdam/E3XB_L1_F5_C2/seed20240602/B2
3,B,E3XB_L1_F5_C2,20240602,B4b,L1,162,False,True,True,400.0,400.0,0.0,,,runs/experiment3_cross_site/site_b_amsterdam/E3XB_L1_F5_C2/seed20240602/B4b
3,B,E3XB_L1_F5_C2,20240603,B0,L1,241,True,False,False,640.0,400.0,240.0,,,runs/experiment3_cross_site/site_b_amsterdam/E3XB_L1_F5_C2/seed20240603/B0
3,B,E3XB_L1_F5_C2,20240603,B1,L1,162,False,True,True,400.0,400.0,0.0,,,runs/experiment3_cross_site/site_b_amsterdam/E3XB_L1_F5_C2/seed20240603/B1
3,B,E3XB_L1_F5_C2,20240603,B2,L1,162,False,True,True,400.0,400.0,0.0,,,runs/experiment3_cross_site/site_b_amsterdam/E3XB_L1_F5_C2/seed20240603/B2
3,B,E3XB_L1_F5_C2,20240603,B4b,L1,162,False,True,True,400.0,400.0,0.0,,,runs/experiment3_cross_site/site_b_amsterdam/E3XB_L1_F5_C2/seed20240603/B4b
3,B,E3XB_L1_F5_C2,20240604,B0,L1,241,True,False,False,640.0,400.0,240.0,,,runs/experiment3_cross_site/site_b_amsterdam/E3XB_L1_F5_C2/seed20240604/B0
3,B,E3XB_L1_F5_C2,20240604,B1,L1,162,False,True,True,400.0,400.0,0.0,,,runs/experiment3_cross_site/site_b_amsterdam/E3XB_L1_F5_C2/seed20240604/B1
3,B,E3XB_L1_F5_C2,20240604,B2,L1,162,False,True,True,400.0,400.0,0.0,,,runs/experiment3_cross_site/site_b_amsterdam/E3XB_L1_F5_C2/seed20240604/B2
3,B,E3XB_L1_F5_C2,20240604,B4b,L1,162,False,True,True,400.0,400.0,0.0,,,runs/experiment3_cross_site/site_b_amsterdam/E3XB_L1_F5_C2/seed20240604/B4b
3,B,E3XB_L1_F5_C2,20240605,B0,L1,241,True,False,False,640.0,400.0,240.0,,,runs/experiment3_cross_site/site_b_amsterdam/E3XB_L1_F5_C2/seed20240605/B0
3,B,E3XB_L1_F5_C2,20240605,B1,L1,162,False,True,True,400.0,400.0,0.0,,,runs/experiment3_cross_site/site_b_amsterdam/E3XB_L1_F5_C2/seed20240605/B1
3,B,E3XB_L1_F5_C2,20240605,B2,L1,162,False,True,True,400.0,400.0,0.0,,,runs/experiment3_cross_site/site_b_amsterdam/E3XB_L1_F5_C2/seed20240605/B2
3,B,E3XB_L1_F5_C2,20240605,B4b,L1,162,False,True,True,400.0,400.0,0.0,,,runs/experiment3_cross_site/site_b_amsterdam/E3XB_L1_F5_C2/seed20240605/B4b
3,B,E3XB_L1_F5_C2,20240606,B0,L1,241,True,False,False,640.0,400.0,240.0,,,runs/experiment3_cross_site/site_b_amsterdam/E3XB_L1_F5_C2/seed20240606/B0
3,B,E3XB_L1_F5_C2,20240606,B1,L1,162,False,True,True,400.0,400.0,0.0,,,runs/experiment3_cross_site/site_b_amsterdam/E3XB_L1_F5_C2/seed20240606/B1
3,B,E3XB_L1_F5_C2,20240606,B2,L1,162,False,True,True,400.0,400.0,0.0,,,runs/experiment3_cross_site/site_b_amsterdam/E3XB_L1_F5_C2/seed20240606/B2
3,B,E3XB_L1_F5_C2,20240606,B4b,L1,162,False,True,True,400.0,400.0,0.0,,,runs/experiment3_cross_site/site_b_amsterdam/E3XB_L1_F5_C2/seed20240606/B4b
3,B,E3XB_L1_F5_C2,20240607,B0,L1,241,True,False,False,640.0,400.0,240.0,,,runs/experiment3_cross_site/site_b_amsterdam/E3XB_L1_F5_C2/seed20240607/B0
3,B,E3XB_L1_F5_C2,20240607,B1,L1,162,False,True,True,400.0,400.0,0.0,,,runs/experiment3_cross_site/site_b_amsterdam/E3XB_L1_F5_C2/seed20240607/B1
3,B,E3XB_L1_F5_C2,20240607,B2,L1,162,False,True,True,400.0,400.0,0.0,,,runs/experiment3_cross_site/site_b_amsterdam/E3XB_L1_F5_C2/seed20240607/B2
3,B,E3XB_L1_F5_C2,20240607,B4b,L1,162,False,True,True,400.0,400.0,0.0,,,runs/experiment3_cross_site/site_b_amsterdam/E3XB_L1_F5_C2/seed20240607/B4b
3,B,E3XB_L1_F5_C2,20240608,B0,L1,241,True,False,False,640.0,400.0,240.0,,,runs/experiment3_cross_site/site_b_amsterdam/E3XB_L1_F5_C2/seed20240608/B0
3,B,E3XB_L1_F5_C2,20240608,B1,L1,162,False,True,True,400.0,400.0,0.0,,,runs/experiment3_cross_site/site_b_amsterdam/E3XB_L1_F5_C2/seed20240608/B1
3,B,E3XB_L1_F5_C2,20240608,B2,L1,162,False,True,True,400.0,400.0,0.0,,,runs/experiment3_cross_site/site_b_amsterdam/E3XB_L1_F5_C2/seed20240608/B2
3,B,E3XB_L1_F5_C2,20240608,B4b,L1,162,False,True,True,400.0,400.0,0.0,,,runs/experiment3_cross_site/site_b_amsterdam/E3XB_L1_F5_C2/seed20240608/B4b
3,B,E3XB_L1_F5_C2,20240609,B0,L1,241,True,False,False,640.0,400.0,240.0,,,runs/experiment3_cross_site/site_b_amsterdam/E3XB_L1_F5_C2/seed20240609/B0
3,B,E3XB_L1_F5_C2,20240609,B1,L1,162,False,True,True,400.0,400.0,0.0,,,runs/experiment3_cross_site/site_b_amsterdam/E3XB_L1_F5_C2/seed20240609/B1
3,B,E3XB_L1_F5_C2,20240609,B2,L1,162,False,True,True,400.0,400.0,0.0,,,runs/experiment3_cross_site/site_b_amsterdam/E3XB_L1_F5_C2/seed20240609/B2
3,B,E3XB_L1_F5_C2,20240609,B4b,L1,162,False,True,True,400.0,400.0,0.0,,,runs/experiment3_cross_site/site_b_amsterdam/E3XB_L1_F5_C2/seed20240609/B4b
3,B,E3XB_L1_F5_C2,20240610,B0,L1,241,True,False,False,640.0,400.0,240.0,,,runs/experiment3_cross_site/site_b_amsterdam/E3XB_L1_F5_C2/seed20240610/B0
3,B,E3XB_L1_F5_C2,20240610,B1,L1,162,False,True,True,400.0,400.0,0.0,,,runs/experiment3_cross_site/site_b_amsterdam/E3XB_L1_F5_C2/seed20240610/B1
3,B,E3XB_L1_F5_C2,20240610,B2,L1,162,False,True,True,400.0,400.0,0.0,,,runs/experiment3_cross_site/site_b_amsterdam/E3XB_L1_F5_C2/seed20240610/B2
3,B,E3XB_L1_F5_C2,20240610,B4b,L1,162,False,True,True,400.0,400.0,0.0,,,runs/experiment3_cross_site/site_b_amsterdam/E3XB_L1_F5_C2/seed20240610/B4b
3,B,E3XB_L1_F5_C2,20240611,B0,L1,241,True,False,False,640.0,400.0,240.0,,,runs/experiment3_cross_site/site_b_amsterdam/E3XB_L1_F5_C2/seed20240611/B0
3,B,E3XB_L1_F5_C2,20240611,B1,L1,162,False,True,True,400.0,400.0,0.0,,,runs/experiment3_cross_site/site_b_amsterdam/E3XB_L1_F5_C2/seed20240611/B1
3,B,E3XB_L1_F5_C2,20240611,B2,L1,162,False,True,True,400.0,400.0,0.0,,,runs/experiment3_cross_site/site_b_amsterdam/E3XB_L1_F5_C2/seed20240611/B2
3,B,E3XB_L1_F5_C2,20240611,B4b,L1,162,False,True,True,400.0,400.0,0.0,,,runs/experiment3_cross_site/site_b_amsterdam/E3XB_L1_F5_C2/seed20240611/B4b
3,B,E3XB_L1_F5_C2,20240612,B0,L1,241,True,False,False,640.0,400.0,240.0,,,runs/experiment3_cross_site/site_b_amsterdam/E3XB_L1_F5_C2/seed20240612/B0
3,B,E3XB_L1_F5_C2,20240612,B1,L1,162,False,True,True,400.0,400.0,0.0,,,runs/experiment3_cross_site/site_b_amsterdam/E3XB_L1_F5_C2/seed20240612/B1
3,B,E3XB_L1_F5_C2,20240612,B2,L1,162,False,True,True,400.0,400.0,0.0,,,runs/experiment3_cross_site/site_b_amsterdam/E3XB_L1_F5_C2/seed20240612/B2
3,B,E3XB_L1_F5_C2,20240612,B4b,L1,162,False,True,True,400.0,400.0,0.0,,,runs/experiment3_cross_site/site_b_amsterdam/E3XB_L1_F5_C2/seed20240612/B4b
3,B,E3XB_L1_F5_C2,20240613,B0,L1,241,True,False,False,640.0,400.0,240.0,,,runs/experiment3_cross_site/site_b_amsterdam/E3XB_L1_F5_C2/seed20240613/B0
3,B,E3XB_L1_F5_C2,20240613,B1,L1,162,False,True,True,400.0,400.0,0.0,,,runs/experiment3_cross_site/site_b_amsterdam/E3XB_L1_F5_C2/seed20240613/B1
3,B,E3XB_L1_F5_C2,20240613,B2,L1,162,False,True,True,400.0,400.0,0.0,,,runs/experiment3_cross_site/site_b_amsterdam/E3XB_L1_F5_C2/seed20240613/B2
3,B,E3XB_L1_F5_C2,20240613,B4b,L1,162,False,True,True,400.0,400.0,0.0,,,runs/experiment3_cross_site/site_b_amsterdam/E3XB_L1_F5_C2/seed20240613/B4b
3,B,E3XB_L1_F5_C2,20240614,B0,L1,241,True,False,False,640.0,400.0,240.0,,,runs/experiment3_cross_site/site_b_amsterdam/E3XB_L1_F5_C2/seed20240614/B0
3,B,E3XB_L1_F5_C2,20240614,B1,L1,162,False,True,True,400.0,400.0,0.0,,,runs/experiment3_cross_site/site_b_amsterdam/E3XB_L1_F5_C2/seed20240614/B1
3,B,E3XB_L1_F5_C2,20240614,B2,L1,162,False,True,True,400.0,400.0,0.0,,,runs/experiment3_cross_site/site_b_amsterdam/E3XB_L1_F5_C2/seed20240614/B2
3,B,E3XB_L1_F5_C2,20240614,B4b,L1,162,False,True,True,400.0,400.0,0.0,,,runs/experiment3_cross_site/site_b_amsterdam/E3XB_L1_F5_C2/seed20240614/B4b
3,B,E3XB_L1_F5_C2,20240615,B0,L1,241,True,False,False,640.0,400.0,240.0,,,runs/experiment3_cross_site/site_b_amsterdam/E3XB_L1_F5_C2/seed20240615/B0
3,B,E3XB_L1_F5_C2,20240615,B1,L1,162,False,True,True,400.0,400.0,0.0,,,runs/experiment3_cross_site/site_b_amsterdam/E3XB_L1_F5_C2/seed20240615/B1
3,B,E3XB_L1_F5_C2,20240615,B2,L1,162,False,True,True,400.0,400.0,0.0,,,runs/experiment3_cross_site/site_b_amsterdam/E3XB_L1_F5_C2/seed20240615/B2
3,B,E3XB_L1_F5_C2,20240615,B4b,L1,162,False,True,True,400.0,400.0,0.0,,,runs/experiment3_cross_site/site_b_amsterdam/E3XB_L1_F5_C2/seed20240615/B4b
3,B,E3XB_L1_F5_C2,20240616,B0,L1,241,True,False,False,640.0,400.0,240.0,,,runs/experiment3_cross_site/site_b_amsterdam/E3XB_L1_F5_C2/seed20240616/B0
3,B,E3XB_L1_F5_C2,20240616,B1,L1,162,False,True,True,400.0,400.0,0.0,,,runs/experiment3_cross_site/site_b_amsterdam/E3XB_L1_F5_C2/seed20240616/B1
3,B,E3XB_L1_F5_C2,20240616,B2,L1,162,False,True,True,400.0,400.0,0.0,,,runs/experiment3_cross_site/site_b_amsterdam/E3XB_L1_F5_C2/seed20240616/B2
3,B,E3XB_L1_F5_C2,20240616,B4b,L1,162,False,True,True,400.0,400.0,0.0,,,runs/experiment3_cross_site/site_b_amsterdam/E3XB_L1_F5_C2/seed20240616/B4b
3,B,E3XB_L1_F5_C2,20240617,B0,L1,241,True,False,False,640.0,400.0,240.0,,,runs/experiment3_cross_site/site_b_amsterdam/E3XB_L1_F5_C2/seed20240617/B0
3,B,E3XB_L1_F5_C2,20240617,B1,L1,162,False,True,True,400.0,400.0,0.0,,,runs/experiment3_cross_site/site_b_amsterdam/E3XB_L1_F5_C2/seed20240617/B1
3,B,E3XB_L1_F5_C2,20240617,B2,L1,162,False,True,True,400.0,400.0,0.0,,,runs/experiment3_cross_site/site_b_amsterdam/E3XB_L1_F5_C2/seed20240617/B2
3,B,E3XB_L1_F5_C2,20240617,B4b,L1,162,False,True,True,400.0,400.0,0.0,,,runs/experiment3_cross_site/site_b_amsterdam/E3XB_L1_F5_C2/seed20240617/B4b
3,B,E3XB_L1_F5_C2,20240618,B0,L1,241,True,False,False,640.0,400.0,240.0,,,runs/experiment3_cross_site/site_b_amsterdam/E3XB_L1_F5_C2/seed20240618/B0
3,B,E3XB_L1_F5_C2,20240618,B1,L1,162,False,True,True,400.0,400.0,0.0,,,runs/experiment3_cross_site/site_b_amsterdam/E3XB_L1_F5_C2/seed20240618/B1
3,B,E3XB_L1_F5_C2,20240618,B2,L1,162,False,True,True,400.0,400.0,0.0,,,runs/experiment3_cross_site/site_b_amsterdam/E3XB_L1_F5_C2/seed20240618/B2
3,B,E3XB_L1_F5_C2,20240618,B4b,L1,162,False,True,True,400.0,400.0,0.0,,,runs/experiment3_cross_site/site_b_amsterdam/E3XB_L1_F5_C2/seed20240618/B4b
3,B,E3XB_L1_F5_C2,20240619,B0,L1,241,True,False,False,640.0,400.0,240.0,,,runs/experiment3_cross_site/site_b_amsterdam/E3XB_L1_F5_C2/seed20240619/B0
3,B,E3XB_L1_F5_C2,20240619,B1,L1,162,False,True,True,400.0,400.0,0.0,,,runs/experiment3_cross_site/site_b_amsterdam/E3XB_L1_F5_C2/seed20240619/B1
3,B,E3XB_L1_F5_C2,20240619,B2,L1,162,False,True,True,400.0,400.0,0.0,,,runs/experiment3_cross_site/site_b_amsterdam/E3XB_L1_F5_C2/seed20240619/B2
3,B,E3XB_L1_F5_C2,20240619,B4b,L1,162,False,True,True,400.0,400.0,0.0,,,runs/experiment3_cross_site/site_b_amsterdam/E3XB_L1_F5_C2/seed20240619/B4b
3,B,E3XB_L1_F5_C2,20240620,B0,L1,241,True,False,False,640.0,400.0,240.0,,,runs/experiment3_cross_site/site_b_amsterdam/E3XB_L1_F5_C2/seed20240620/B0
3,B,E3XB_L1_F5_C2,20240620,B1,L1,162,False,True,True,400.0,400.0,0.0,,,runs/experiment3_cross_site/site_b_amsterdam/E3XB_L1_F5_C2/seed20240620/B1
3,B,E3XB_L1_F5_C2,20240620,B2,L1,162,False,True,True,400.0,400.0,0.0,,,runs/experiment3_cross_site/site_b_amsterdam/E3XB_L1_F5_C2/seed20240620/B2
3,B,E3XB_L1_F5_C2,20240620,B4b,L1,162,False,True,True,400.0,400.0,0.0,,,runs/experiment3_cross_site/site_b_amsterdam/E3XB_L1_F5_C2/seed20240620/B4b
3,B,E3XB_L2_F1_F1,20240601,B0,L2,241,True,False,False,640.0,400.0,240.0,,,runs/experiment3_cross_site/site_b_amsterdam/E3XB_L2_F1_F1/seed20240601/B0
3,B,E3XB_L2_F1_F1,20240601,B1,L2,323,True,True,True,640.0,400.0,240.0,,,runs/experiment3_cross_site/site_b_amsterdam/E3XB_L2_F1_F1/seed20240601/B1
3,B,E3XB_L2_F1_F1,20240601,B2,L2,323,True,True,True,640.0,400.0,240.0,,,runs/experiment3_cross_site/site_b_amsterdam/E3XB_L2_F1_F1/seed20240601/B2
3,B,E3XB_L2_F1_F1,20240601,B4b,L2,323,True,True,True,640.0,400.0,240.0,,,runs/experiment3_cross_site/site_b_amsterdam/E3XB_L2_F1_F1/seed20240601/B4b
3,B,E3XB_L2_F1_F1,20240602,B0,L2,241,True,False,False,640.0,400.0,240.0,,,runs/experiment3_cross_site/site_b_amsterdam/E3XB_L2_F1_F1/seed20240602/B0
3,B,E3XB_L2_F1_F1,20240602,B1,L2,323,True,True,True,640.0,400.0,240.0,,,runs/experiment3_cross_site/site_b_amsterdam/E3XB_L2_F1_F1/seed20240602/B1
3,B,E3XB_L2_F1_F1,20240602,B2,L2,323,True,True,True,640.0,400.0,240.0,,,runs/experiment3_cross_site/site_b_amsterdam/E3XB_L2_F1_F1/seed20240602/B2
3,B,E3XB_L2_F1_F1,20240602,B4b,L2,323,True,True,True,640.0,400.0,240.0,,,runs/experiment3_cross_site/site_b_amsterdam/E3XB_L2_F1_F1/seed20240602/B4b
3,B,E3XB_L2_F1_F1,20240603,B0,L2,241,True,False,False,640.0,400.0,240.0,,,runs/experiment3_cross_site/site_b_amsterdam/E3XB_L2_F1_F1/seed20240603/B0
3,B,E3XB_L2_F1_F1,20240603,B1,L2,323,True,True,True,640.0,400.0,240.0,,,runs/experiment3_cross_site/site_b_amsterdam/E3XB_L2_F1_F1/seed20240603/B1
3,B,E3XB_L2_F1_F1,20240603,B2,L2,323,True,True,True,640.0,400.0,240.0,,,runs/experiment3_cross_site/site_b_amsterdam/E3XB_L2_F1_F1/seed20240603/B2
3,B,E3XB_L2_F1_F1,20240603,B4b,L2,323,True,True,True,640.0,400.0,240.0,,,runs/experiment3_cross_site/site_b_amsterdam/E3XB_L2_F1_F1/seed20240603/B4b
3,B,E3XB_L2_F1_F1,20240604,B0,L2,241,True,False,False,640.0,400.0,240.0,,,runs/experiment3_cross_site/site_b_amsterdam/E3XB_L2_F1_F1/seed20240604/B0
3,B,E3XB_L2_F1_F1,20240604,B1,L2,323,True,True,True,640.0,400.0,240.0,,,runs/experiment3_cross_site/site_b_amsterdam/E3XB_L2_F1_F1/seed20240604/B1
3,B,E3XB_L2_F1_F1,20240604,B2,L2,323,True,True,True,640.0,400.0,240.0,,,runs/experiment3_cross_site/site_b_amsterdam/E3XB_L2_F1_F1/seed20240604/B2
3,B,E3XB_L2_F1_F1,20240604,B4b,L2,323,True,True,True,640.0,400.0,240.0,,,runs/experiment3_cross_site/site_b_amsterdam/E3XB_L2_F1_F1/seed20240604/B4b
3,B,E3XB_L2_F1_F1,20240605,B0,L2,241,True,False,False,640.0,400.0,240.0,,,runs/experiment3_cross_site/site_b_amsterdam/E3XB_L2_F1_F1/seed20240605/B0
3,B,E3XB_L2_F1_F1,20240605,B1,L2,323,True,True,True,640.0,400.0,240.0,,,runs/experiment3_cross_site/site_b_amsterdam/E3XB_L2_F1_F1/seed20240605/B1
3,B,E3XB_L2_F1_F1,20240605,B2,L2,323,True,True,True,640.0,400.0,240.0,,,runs/experiment3_cross_site/site_b_amsterdam/E3XB_L2_F1_F1/seed20240605/B2
3,B,E3XB_L2_F1_F1,20240605,B4b,L2,323,True,True,True,640.0,400.0,240.0,,,runs/experiment3_cross_site/site_b_amsterdam/E3XB_L2_F1_F1/seed20240605/B4b
3,B,E3XB_L2_F1_F1,20240606,B0,L2,241,True,False,False,640.0,400.0,240.0,,,runs/experiment3_cross_site/site_b_amsterdam/E3XB_L2_F1_F1/seed20240606/B0
3,B,E3XB_L2_F1_F1,20240606,B1,L2,323,True,True,True,640.0,400.0,240.0,,,runs/experiment3_cross_site/site_b_amsterdam/E3XB_L2_F1_F1/seed20240606/B1
3,B,E3XB_L2_F1_F1,20240606,B2,L2,323,True,True,True,640.0,400.0,240.0,,,runs/experiment3_cross_site/site_b_amsterdam/E3XB_L2_F1_F1/seed20240606/B2
3,B,E3XB_L2_F1_F1,20240606,B4b,L2,323,True,True,True,640.0,400.0,240.0,,,runs/experiment3_cross_site/site_b_amsterdam/E3XB_L2_F1_F1/seed20240606/B4b
3,B,E3XB_L2_F1_F1,20240607,B0,L2,241,True,False,False,640.0,400.0,240.0,,,runs/experiment3_cross_site/site_b_amsterdam/E3XB_L2_F1_F1/seed20240607/B0
3,B,E3XB_L2_F1_F1,20240607,B1,L2,323,True,True,True,640.0,400.0,240.0,,,runs/experiment3_cross_site/site_b_amsterdam/E3XB_L2_F1_F1/seed20240607/B1
3,B,E3XB_L2_F1_F1,20240607,B2,L2,323,True,True,True,640.0,400.0,240.0,,,runs/experiment3_cross_site/site_b_amsterdam/E3XB_L2_F1_F1/seed20240607/B2
3,B,E3XB_L2_F1_F1,20240607,B4b,L2,323,True,True,True,640.0,400.0,240.0,,,runs/experiment3_cross_site/site_b_amsterdam/E3XB_L2_F1_F1/seed20240607/B4b
3,B,E3XB_L2_F1_F1,20240608,B0,L2,241,True,False,False,640.0,400.0,240.0,,,runs/experiment3_cross_site/site_b_amsterdam/E3XB_L2_F1_F1/seed20240608/B0
3,B,E3XB_L2_F1_F1,20240608,B1,L2,323,True,True,True,640.0,400.0,240.0,,,runs/experiment3_cross_site/site_b_amsterdam/E3XB_L2_F1_F1/seed20240608/B1
3,B,E3XB_L2_F1_F1,20240608,B2,L2,323,True,True,True,640.0,400.0,240.0,,,runs/experiment3_cross_site/site_b_amsterdam/E3XB_L2_F1_F1/seed20240608/B2
3,B,E3XB_L2_F1_F1,20240608,B4b,L2,323,True,True,True,640.0,400.0,240.0,,,runs/experiment3_cross_site/site_b_amsterdam/E3XB_L2_F1_F1/seed20240608/B4b
3,B,E3XB_L2_F1_F1,20240609,B0,L2,241,True,False,False,640.0,400.0,240.0,,,runs/experiment3_cross_site/site_b_amsterdam/E3XB_L2_F1_F1/seed20240609/B0
3,B,E3XB_L2_F1_F1,20240609,B1,L2,323,True,True,True,640.0,400.0,240.0,,,runs/experiment3_cross_site/site_b_amsterdam/E3XB_L2_F1_F1/seed20240609/B1
3,B,E3XB_L2_F1_F1,20240609,B2,L2,323,True,True,True,640.0,400.0,240.0,,,runs/experiment3_cross_site/site_b_amsterdam/E3XB_L2_F1_F1/seed20240609/B2
3,B,E3XB_L2_F1_F1,20240609,B4b,L2,323,True,True,True,640.0,400.0,240.0,,,runs/experiment3_cross_site/site_b_amsterdam/E3XB_L2_F1_F1/seed20240609/B4b
3,B,E3XB_L2_F1_F1,20240610,B0,L2,241,True,False,False,640.0,400.0,240.0,,,runs/experiment3_cross_site/site_b_amsterdam/E3XB_L2_F1_F1/seed20240610/B0
3,B,E3XB_L2_F1_F1,20240610,B1,L2,323,True,True,True,640.0,400.0,240.0,,,runs/experiment3_cross_site/site_b_amsterdam/E3XB_L2_F1_F1/seed20240610/B1
3,B,E3XB_L2_F1_F1,20240610,B2,L2,323,True,True,True,640.0,400.0,240.0,,,runs/experiment3_cross_site/site_b_amsterdam/E3XB_L2_F1_F1/seed20240610/B2
3,B,E3XB_L2_F1_F1,20240610,B4b,L2,323,True,True,True,640.0,400.0,240.0,,,runs/experiment3_cross_site/site_b_amsterdam/E3XB_L2_F1_F1/seed20240610/B4b
3,B,E3XB_L2_F1_F1,20240611,B0,L2,241,True,False,False,640.0,400.0,240.0,,,runs/experiment3_cross_site/site_b_amsterdam/E3XB_L2_F1_F1/seed20240611/B0
3,B,E3XB_L2_F1_F1,20240611,B1,L2,323,True,True,True,640.0,400.0,240.0,,,runs/experiment3_cross_site/site_b_amsterdam/E3XB_L2_F1_F1/seed20240611/B1
3,B,E3XB_L2_F1_F1,20240611,B2,L2,323,True,True,True,640.0,400.0,240.0,,,runs/experiment3_cross_site/site_b_amsterdam/E3XB_L2_F1_F1/seed20240611/B2
3,B,E3XB_L2_F1_F1,20240611,B4b,L2,323,True,True,True,640.0,400.0,240.0,,,runs/experiment3_cross_site/site_b_amsterdam/E3XB_L2_F1_F1/seed20240611/B4b
3,B,E3XB_L2_F1_F1,20240612,B0,L2,241,True,False,False,640.0,400.0,240.0,,,runs/experiment3_cross_site/site_b_amsterdam/E3XB_L2_F1_F1/seed20240612/B0
3,B,E3XB_L2_F1_F1,20240612,B1,L2,323,True,True,True,640.0,400.0,240.0,,,runs/experiment3_cross_site/site_b_amsterdam/E3XB_L2_F1_F1/seed20240612/B1
3,B,E3XB_L2_F1_F1,20240612,B2,L2,323,True,True,True,640.0,400.0,240.0,,,runs/experiment3_cross_site/site_b_amsterdam/E3XB_L2_F1_F1/seed20240612/B2
3,B,E3XB_L2_F1_F1,20240612,B4b,L2,323,True,True,True,640.0,400.0,240.0,,,runs/experiment3_cross_site/site_b_amsterdam/E3XB_L2_F1_F1/seed20240612/B4b
3,B,E3XB_L2_F1_F1,20240613,B0,L2,241,True,False,False,640.0,400.0,240.0,,,runs/experiment3_cross_site/site_b_amsterdam/E3XB_L2_F1_F1/seed20240613/B0
3,B,E3XB_L2_F1_F1,20240613,B1,L2,323,True,True,True,640.0,400.0,240.0,,,runs/experiment3_cross_site/site_b_amsterdam/E3XB_L2_F1_F1/seed20240613/B1
3,B,E3XB_L2_F1_F1,20240613,B2,L2,323,True,True,True,640.0,400.0,240.0,,,runs/experiment3_cross_site/site_b_amsterdam/E3XB_L2_F1_F1/seed20240613/B2
3,B,E3XB_L2_F1_F1,20240613,B4b,L2,323,True,True,True,640.0,400.0,240.0,,,runs/experiment3_cross_site/site_b_amsterdam/E3XB_L2_F1_F1/seed20240613/B4b
3,B,E3XB_L2_F1_F1,20240614,B0,L2,241,True,False,False,640.0,400.0,240.0,,,runs/experiment3_cross_site/site_b_amsterdam/E3XB_L2_F1_F1/seed20240614/B0
3,B,E3XB_L2_F1_F1,20240614,B1,L2,323,True,True,True,640.0,400.0,240.0,,,runs/experiment3_cross_site/site_b_amsterdam/E3XB_L2_F1_F1/seed20240614/B1
3,B,E3XB_L2_F1_F1,20240614,B2,L2,323,True,True,True,640.0,400.0,240.0,,,runs/experiment3_cross_site/site_b_amsterdam/E3XB_L2_F1_F1/seed20240614/B2
3,B,E3XB_L2_F1_F1,20240614,B4b,L2,323,True,True,True,640.0,400.0,240.0,,,runs/experiment3_cross_site/site_b_amsterdam/E3XB_L2_F1_F1/seed20240614/B4b
3,B,E3XB_L2_F1_F1,20240615,B0,L2,241,True,False,False,640.0,400.0,240.0,,,runs/experiment3_cross_site/site_b_amsterdam/E3XB_L2_F1_F1/seed20240615/B0
3,B,E3XB_L2_F1_F1,20240615,B1,L2,323,True,True,True,640.0,400.0,240.0,,,runs/experiment3_cross_site/site_b_amsterdam/E3XB_L2_F1_F1/seed20240615/B1
3,B,E3XB_L2_F1_F1,20240615,B2,L2,323,True,True,True,640.0,400.0,240.0,,,runs/experiment3_cross_site/site_b_amsterdam/E3XB_L2_F1_F1/seed20240615/B2
3,B,E3XB_L2_F1_F1,20240615,B4b,L2,323,True,True,True,640.0,400.0,240.0,,,runs/experiment3_cross_site/site_b_amsterdam/E3XB_L2_F1_F1/seed20240615/B4b
3,B,E3XB_L2_F1_F1,20240616,B0,L2,241,True,False,False,640.0,400.0,240.0,,,runs/experiment3_cross_site/site_b_amsterdam/E3XB_L2_F1_F1/seed20240616/B0
3,B,E3XB_L2_F1_F1,20240616,B1,L2,323,True,True,True,640.0,400.0,240.0,,,runs/experiment3_cross_site/site_b_amsterdam/E3XB_L2_F1_F1/seed20240616/B1
3,B,E3XB_L2_F1_F1,20240616,B2,L2,323,True,True,True,640.0,400.0,240.0,,,runs/experiment3_cross_site/site_b_amsterdam/E3XB_L2_F1_F1/seed20240616/B2
3,B,E3XB_L2_F1_F1,20240616,B4b,L2,323,True,True,True,640.0,400.0,240.0,,,runs/experiment3_cross_site/site_b_amsterdam/E3XB_L2_F1_F1/seed20240616/B4b
3,B,E3XB_L2_F1_F1,20240617,B0,L2,241,True,False,False,640.0,400.0,240.0,,,runs/experiment3_cross_site/site_b_amsterdam/E3XB_L2_F1_F1/seed20240617/B0
3,B,E3XB_L2_F1_F1,20240617,B1,L2,323,True,True,True,640.0,400.0,240.0,,,runs/experiment3_cross_site/site_b_amsterdam/E3XB_L2_F1_F1/seed20240617/B1
3,B,E3XB_L2_F1_F1,20240617,B2,L2,323,True,True,True,640.0,400.0,240.0,,,runs/experiment3_cross_site/site_b_amsterdam/E3XB_L2_F1_F1/seed20240617/B2
3,B,E3XB_L2_F1_F1,20240617,B4b,L2,323,True,True,True,640.0,400.0,240.0,,,runs/experiment3_cross_site/site_b_amsterdam/E3XB_L2_F1_F1/seed20240617/B4b
3,B,E3XB_L2_F1_F1,20240618,B0,L2,241,True,False,False,640.0,400.0,240.0,,,runs/experiment3_cross_site/site_b_amsterdam/E3XB_L2_F1_F1/seed20240618/B0
3,B,E3XB_L2_F1_F1,20240618,B1,L2,323,True,True,True,640.0,400.0,240.0,,,runs/experiment3_cross_site/site_b_amsterdam/E3XB_L2_F1_F1/seed20240618/B1
3,B,E3XB_L2_F1_F1,20240618,B2,L2,323,True,True,True,640.0,400.0,240.0,,,runs/experiment3_cross_site/site_b_amsterdam/E3XB_L2_F1_F1/seed20240618/B2
3,B,E3XB_L2_F1_F1,20240618,B4b,L2,323,True,True,True,640.0,400.0,240.0,,,runs/experiment3_cross_site/site_b_amsterdam/E3XB_L2_F1_F1/seed20240618/B4b
3,B,E3XB_L2_F1_F1,20240619,B0,L2,241,True,False,False,640.0,400.0,240.0,,,runs/experiment3_cross_site/site_b_amsterdam/E3XB_L2_F1_F1/seed20240619/B0
3,B,E3XB_L2_F1_F1,20240619,B1,L2,323,True,True,True,640.0,400.0,240.0,,,runs/experiment3_cross_site/site_b_amsterdam/E3XB_L2_F1_F1/seed20240619/B1
3,B,E3XB_L2_F1_F1,20240619,B2,L2,323,True,True,True,640.0,400.0,240.0,,,runs/experiment3_cross_site/site_b_amsterdam/E3XB_L2_F1_F1/seed20240619/B2
3,B,E3XB_L2_F1_F1,20240619,B4b,L2,323,True,True,True,640.0,400.0,240.0,,,runs/experiment3_cross_site/site_b_amsterdam/E3XB_L2_F1_F1/seed20240619/B4b
3,B,E3XB_L2_F1_F1,20240620,B0,L2,241,True,False,False,640.0,400.0,240.0,,,runs/experiment3_cross_site/site_b_amsterdam/E3XB_L2_F1_F1/seed20240620/B0
3,B,E3XB_L2_F1_F1,20240620,B1,L2,323,True,True,True,640.0,400.0,240.0,,,runs/experiment3_cross_site/site_b_amsterdam/E3XB_L2_F1_F1/seed20240620/B1
3,B,E3XB_L2_F1_F1,20240620,B2,L2,323,True,True,True,640.0,400.0,240.0,,,runs/experiment3_cross_site/site_b_amsterdam/E3XB_L2_F1_F1/seed20240620/B2
3,B,E3XB_L2_F1_F1,20240620,B4b,L2,323,True,True,True,640.0,400.0,240.0,,,runs/experiment3_cross_site/site_b_amsterdam/E3XB_L2_F1_F1/seed20240620/B4b
3,B,E3XB_L2_F1_F5,20240601,B0,L2,241,True,False,False,640.0,400.0,240.0,,,runs/experiment3_cross_site/site_b_amsterdam/E3XB_L2_F1_F5/seed20240601/B0
3,B,E3XB_L2_F1_F5,20240601,B1,L2,162,False,True,True,400.0,400.0,0.0,,,runs/experiment3_cross_site/site_b_amsterdam/E3XB_L2_F1_F5/seed20240601/B1
3,B,E3XB_L2_F1_F5,20240601,B2,L2,162,False,True,True,400.0,400.0,0.0,,,runs/experiment3_cross_site/site_b_amsterdam/E3XB_L2_F1_F5/seed20240601/B2
3,B,E3XB_L2_F1_F5,20240601,B4b,L2,162,False,True,True,400.0,400.0,0.0,,,runs/experiment3_cross_site/site_b_amsterdam/E3XB_L2_F1_F5/seed20240601/B4b
3,B,E3XB_L2_F1_F5,20240602,B0,L2,241,True,False,False,640.0,400.0,240.0,,,runs/experiment3_cross_site/site_b_amsterdam/E3XB_L2_F1_F5/seed20240602/B0
3,B,E3XB_L2_F1_F5,20240602,B1,L2,162,False,True,True,400.0,400.0,0.0,,,runs/experiment3_cross_site/site_b_amsterdam/E3XB_L2_F1_F5/seed20240602/B1
3,B,E3XB_L2_F1_F5,20240602,B2,L2,162,False,True,True,400.0,400.0,0.0,,,runs/experiment3_cross_site/site_b_amsterdam/E3XB_L2_F1_F5/seed20240602/B2
3,B,E3XB_L2_F1_F5,20240602,B4b,L2,162,False,True,True,400.0,400.0,0.0,,,runs/experiment3_cross_site/site_b_amsterdam/E3XB_L2_F1_F5/seed20240602/B4b
3,B,E3XB_L2_F1_F5,20240603,B0,L2,241,True,False,False,640.0,400.0,240.0,,,runs/experiment3_cross_site/site_b_amsterdam/E3XB_L2_F1_F5/seed20240603/B0
3,B,E3XB_L2_F1_F5,20240603,B1,L2,162,False,True,True,400.0,400.0,0.0,,,runs/experiment3_cross_site/site_b_amsterdam/E3XB_L2_F1_F5/seed20240603/B1
3,B,E3XB_L2_F1_F5,20240603,B2,L2,162,False,True,True,400.0,400.0,0.0,,,runs/experiment3_cross_site/site_b_amsterdam/E3XB_L2_F1_F5/seed20240603/B2
3,B,E3XB_L2_F1_F5,20240603,B4b,L2,162,False,True,True,400.0,400.0,0.0,,,runs/experiment3_cross_site/site_b_amsterdam/E3XB_L2_F1_F5/seed20240603/B4b
3,B,E3XB_L2_F1_F5,20240604,B0,L2,241,True,False,False,640.0,400.0,240.0,,,runs/experiment3_cross_site/site_b_amsterdam/E3XB_L2_F1_F5/seed20240604/B0
3,B,E3XB_L2_F1_F5,20240604,B1,L2,162,False,True,True,400.0,400.0,0.0,,,runs/experiment3_cross_site/site_b_amsterdam/E3XB_L2_F1_F5/seed20240604/B1
3,B,E3XB_L2_F1_F5,20240604,B2,L2,162,False,True,True,400.0,400.0,0.0,,,runs/experiment3_cross_site/site_b_amsterdam/E3XB_L2_F1_F5/seed20240604/B2
3,B,E3XB_L2_F1_F5,20240604,B4b,L2,162,False,True,True,400.0,400.0,0.0,,,runs/experiment3_cross_site/site_b_amsterdam/E3XB_L2_F1_F5/seed20240604/B4b
3,B,E3XB_L2_F1_F5,20240605,B0,L2,241,True,False,False,640.0,400.0,240.0,,,runs/experiment3_cross_site/site_b_amsterdam/E3XB_L2_F1_F5/seed20240605/B0
3,B,E3XB_L2_F1_F5,20240605,B1,L2,162,False,True,True,400.0,400.0,0.0,,,runs/experiment3_cross_site/site_b_amsterdam/E3XB_L2_F1_F5/seed20240605/B1
3,B,E3XB_L2_F1_F5,20240605,B2,L2,162,False,True,True,400.0,400.0,0.0,,,runs/experiment3_cross_site/site_b_amsterdam/E3XB_L2_F1_F5/seed20240605/B2
3,B,E3XB_L2_F1_F5,20240605,B4b,L2,162,False,True,True,400.0,400.0,0.0,,,runs/experiment3_cross_site/site_b_amsterdam/E3XB_L2_F1_F5/seed20240605/B4b
3,B,E3XB_L2_F1_F5,20240606,B0,L2,241,True,False,False,640.0,400.0,240.0,,,runs/experiment3_cross_site/site_b_amsterdam/E3XB_L2_F1_F5/seed20240606/B0
3,B,E3XB_L2_F1_F5,20240606,B1,L2,162,False,True,True,400.0,400.0,0.0,,,runs/experiment3_cross_site/site_b_amsterdam/E3XB_L2_F1_F5/seed20240606/B1
3,B,E3XB_L2_F1_F5,20240606,B2,L2,162,False,True,True,400.0,400.0,0.0,,,runs/experiment3_cross_site/site_b_amsterdam/E3XB_L2_F1_F5/seed20240606/B2
3,B,E3XB_L2_F1_F5,20240606,B4b,L2,162,False,True,True,400.0,400.0,0.0,,,runs/experiment3_cross_site/site_b_amsterdam/E3XB_L2_F1_F5/seed20240606/B4b
3,B,E3XB_L2_F1_F5,20240607,B0,L2,241,True,False,False,640.0,400.0,240.0,,,runs/experiment3_cross_site/site_b_amsterdam/E3XB_L2_F1_F5/seed20240607/B0
3,B,E3XB_L2_F1_F5,20240607,B1,L2,162,False,True,True,400.0,400.0,0.0,,,runs/experiment3_cross_site/site_b_amsterdam/E3XB_L2_F1_F5/seed20240607/B1
3,B,E3XB_L2_F1_F5,20240607,B2,L2,162,False,True,True,400.0,400.0,0.0,,,runs/experiment3_cross_site/site_b_amsterdam/E3XB_L2_F1_F5/seed20240607/B2
3,B,E3XB_L2_F1_F5,20240607,B4b,L2,162,False,True,True,400.0,400.0,0.0,,,runs/experiment3_cross_site/site_b_amsterdam/E3XB_L2_F1_F5/seed20240607/B4b
3,B,E3XB_L2_F1_F5,20240608,B0,L2,241,True,False,False,640.0,400.0,240.0,,,runs/experiment3_cross_site/site_b_amsterdam/E3XB_L2_F1_F5/seed20240608/B0
3,B,E3XB_L2_F1_F5,20240608,B1,L2,162,False,True,True,400.0,400.0,0.0,,,runs/experiment3_cross_site/site_b_amsterdam/E3XB_L2_F1_F5/seed20240608/B1
3,B,E3XB_L2_F1_F5,20240608,B2,L2,162,False,True,True,400.0,400.0,0.0,,,runs/experiment3_cross_site/site_b_amsterdam/E3XB_L2_F1_F5/seed20240608/B2
3,B,E3XB_L2_F1_F5,20240608,B4b,L2,105,False,True,True,400.0,400.0,0.0,,,runs/experiment3_cross_site/site_b_amsterdam/E3XB_L2_F1_F5/seed20240608/B4b
3,B,E3XB_L2_F1_F5,20240609,B0,L2,241,True,False,False,640.0,400.0,240.0,,,runs/experiment3_cross_site/site_b_amsterdam/E3XB_L2_F1_F5/seed20240609/B0
3,B,E3XB_L2_F1_F5,20240609,B1,L2,162,False,True,True,400.0,400.0,0.0,,,runs/experiment3_cross_site/site_b_amsterdam/E3XB_L2_F1_F5/seed20240609/B1
3,B,E3XB_L2_F1_F5,20240609,B2,L2,162,False,True,True,400.0,400.0,0.0,,,runs/experiment3_cross_site/site_b_amsterdam/E3XB_L2_F1_F5/seed20240609/B2
3,B,E3XB_L2_F1_F5,20240609,B4b,L2,162,False,True,True,400.0,400.0,0.0,,,runs/experiment3_cross_site/site_b_amsterdam/E3XB_L2_F1_F5/seed20240609/B4b
3,B,E3XB_L2_F1_F5,20240610,B0,L2,241,True,False,False,640.0,400.0,240.0,,,runs/experiment3_cross_site/site_b_amsterdam/E3XB_L2_F1_F5/seed20240610/B0
3,B,E3XB_L2_F1_F5,20240610,B1,L2,162,False,True,True,400.0,400.0,0.0,,,runs/experiment3_cross_site/site_b_amsterdam/E3XB_L2_F1_F5/seed20240610/B1
3,B,E3XB_L2_F1_F5,20240610,B2,L2,162,False,True,True,400.0,400.0,0.0,,,runs/experiment3_cross_site/site_b_amsterdam/E3XB_L2_F1_F5/seed20240610/B2
3,B,E3XB_L2_F1_F5,20240610,B4b,L2,162,False,True,True,400.0,400.0,0.0,,,runs/experiment3_cross_site/site_b_amsterdam/E3XB_L2_F1_F5/seed20240610/B4b
3,B,E3XB_L2_F1_F5,20240611,B0,L2,241,True,False,False,640.0,400.0,240.0,,,runs/experiment3_cross_site/site_b_amsterdam/E3XB_L2_F1_F5/seed20240611/B0
3,B,E3XB_L2_F1_F5,20240611,B1,L2,162,False,True,True,400.0,400.0,0.0,,,runs/experiment3_cross_site/site_b_amsterdam/E3XB_L2_F1_F5/seed20240611/B1
3,B,E3XB_L2_F1_F5,20240611,B2,L2,162,False,True,True,400.0,400.0,0.0,,,runs/experiment3_cross_site/site_b_amsterdam/E3XB_L2_F1_F5/seed20240611/B2
3,B,E3XB_L2_F1_F5,20240611,B4b,L2,105,False,True,True,400.0,400.0,0.0,,,runs/experiment3_cross_site/site_b_amsterdam/E3XB_L2_F1_F5/seed20240611/B4b
3,B,E3XB_L2_F1_F5,20240612,B0,L2,241,True,False,False,640.0,400.0,240.0,,,runs/experiment3_cross_site/site_b_amsterdam/E3XB_L2_F1_F5/seed20240612/B0
3,B,E3XB_L2_F1_F5,20240612,B1,L2,162,False,True,True,400.0,400.0,0.0,,,runs/experiment3_cross_site/site_b_amsterdam/E3XB_L2_F1_F5/seed20240612/B1
3,B,E3XB_L2_F1_F5,20240612,B2,L2,162,False,True,True,400.0,400.0,0.0,,,runs/experiment3_cross_site/site_b_amsterdam/E3XB_L2_F1_F5/seed20240612/B2
3,B,E3XB_L2_F1_F5,20240612,B4b,L2,162,False,True,True,400.0,400.0,0.0,,,runs/experiment3_cross_site/site_b_amsterdam/E3XB_L2_F1_F5/seed20240612/B4b
3,B,E3XB_L2_F1_F5,20240613,B0,L2,241,True,False,False,640.0,400.0,240.0,,,runs/experiment3_cross_site/site_b_amsterdam/E3XB_L2_F1_F5/seed20240613/B0
3,B,E3XB_L2_F1_F5,20240613,B1,L2,162,False,True,True,400.0,400.0,0.0,,,runs/experiment3_cross_site/site_b_amsterdam/E3XB_L2_F1_F5/seed20240613/B1
3,B,E3XB_L2_F1_F5,20240613,B2,L2,162,False,True,True,400.0,400.0,0.0,,,runs/experiment3_cross_site/site_b_amsterdam/E3XB_L2_F1_F5/seed20240613/B2
3,B,E3XB_L2_F1_F5,20240613,B4b,L2,162,False,True,True,400.0,400.0,0.0,,,runs/experiment3_cross_site/site_b_amsterdam/E3XB_L2_F1_F5/seed20240613/B4b
3,B,E3XB_L2_F1_F5,20240614,B0,L2,241,True,False,False,640.0,400.0,240.0,,,runs/experiment3_cross_site/site_b_amsterdam/E3XB_L2_F1_F5/seed20240614/B0
3,B,E3XB_L2_F1_F5,20240614,B1,L2,162,False,True,True,400.0,400.0,0.0,,,runs/experiment3_cross_site/site_b_amsterdam/E3XB_L2_F1_F5/seed20240614/B1
3,B,E3XB_L2_F1_F5,20240614,B2,L2,162,False,True,True,400.0,400.0,0.0,,,runs/experiment3_cross_site/site_b_amsterdam/E3XB_L2_F1_F5/seed20240614/B2
3,B,E3XB_L2_F1_F5,20240614,B4b,L2,162,False,True,True,400.0,400.0,0.0,,,runs/experiment3_cross_site/site_b_amsterdam/E3XB_L2_F1_F5/seed20240614/B4b
3,B,E3XB_L2_F1_F5,20240615,B0,L2,241,True,False,False,640.0,400.0,240.0,,,runs/experiment3_cross_site/site_b_amsterdam/E3XB_L2_F1_F5/seed20240615/B0
3,B,E3XB_L2_F1_F5,20240615,B1,L2,162,False,True,True,400.0,400.0,0.0,,,runs/experiment3_cross_site/site_b_amsterdam/E3XB_L2_F1_F5/seed20240615/B1
3,B,E3XB_L2_F1_F5,20240615,B2,L2,162,False,True,True,400.0,400.0,0.0,,,runs/experiment3_cross_site/site_b_amsterdam/E3XB_L2_F1_F5/seed20240615/B2
3,B,E3XB_L2_F1_F5,20240615,B4b,L2,162,False,True,True,400.0,400.0,0.0,,,runs/experiment3_cross_site/site_b_amsterdam/E3XB_L2_F1_F5/seed20240615/B4b
3,B,E3XB_L2_F1_F5,20240616,B0,L2,241,True,False,False,640.0,400.0,240.0,,,runs/experiment3_cross_site/site_b_amsterdam/E3XB_L2_F1_F5/seed20240616/B0
3,B,E3XB_L2_F1_F5,20240616,B1,L2,162,False,True,True,400.0,400.0,0.0,,,runs/experiment3_cross_site/site_b_amsterdam/E3XB_L2_F1_F5/seed20240616/B1
3,B,E3XB_L2_F1_F5,20240616,B2,L2,162,False,True,True,400.0,400.0,0.0,,,runs/experiment3_cross_site/site_b_amsterdam/E3XB_L2_F1_F5/seed20240616/B2
3,B,E3XB_L2_F1_F5,20240616,B4b,L2,162,False,True,True,400.0,400.0,0.0,,,runs/experiment3_cross_site/site_b_amsterdam/E3XB_L2_F1_F5/seed20240616/B4b
3,B,E3XB_L2_F1_F5,20240617,B0,L2,241,True,False,False,640.0,400.0,240.0,,,runs/experiment3_cross_site/site_b_amsterdam/E3XB_L2_F1_F5/seed20240617/B0
3,B,E3XB_L2_F1_F5,20240617,B1,L2,162,False,True,True,400.0,400.0,0.0,,,runs/experiment3_cross_site/site_b_amsterdam/E3XB_L2_F1_F5/seed20240617/B1
3,B,E3XB_L2_F1_F5,20240617,B2,L2,162,False,True,True,400.0,400.0,0.0,,,runs/experiment3_cross_site/site_b_amsterdam/E3XB_L2_F1_F5/seed20240617/B2
3,B,E3XB_L2_F1_F5,20240617,B4b,L2,162,False,True,True,400.0,400.0,0.0,,,runs/experiment3_cross_site/site_b_amsterdam/E3XB_L2_F1_F5/seed20240617/B4b
3,B,E3XB_L2_F1_F5,20240618,B0,L2,241,True,False,False,640.0,400.0,240.0,,,runs/experiment3_cross_site/site_b_amsterdam/E3XB_L2_F1_F5/seed20240618/B0
3,B,E3XB_L2_F1_F5,20240618,B1,L2,162,False,True,True,400.0,400.0,0.0,,,runs/experiment3_cross_site/site_b_amsterdam/E3XB_L2_F1_F5/seed20240618/B1
3,B,E3XB_L2_F1_F5,20240618,B2,L2,162,False,True,True,400.0,400.0,0.0,,,runs/experiment3_cross_site/site_b_amsterdam/E3XB_L2_F1_F5/seed20240618/B2
3,B,E3XB_L2_F1_F5,20240618,B4b,L2,162,False,True,True,400.0,400.0,0.0,,,runs/experiment3_cross_site/site_b_amsterdam/E3XB_L2_F1_F5/seed20240618/B4b
3,B,E3XB_L2_F1_F5,20240619,B0,L2,241,True,False,False,640.0,400.0,240.0,,,runs/experiment3_cross_site/site_b_amsterdam/E3XB_L2_F1_F5/seed20240619/B0
3,B,E3XB_L2_F1_F5,20240619,B1,L2,162,False,True,True,400.0,400.0,0.0,,,runs/experiment3_cross_site/site_b_amsterdam/E3XB_L2_F1_F5/seed20240619/B1
3,B,E3XB_L2_F1_F5,20240619,B2,L2,162,False,True,True,400.0,400.0,0.0,,,runs/experiment3_cross_site/site_b_amsterdam/E3XB_L2_F1_F5/seed20240619/B2
3,B,E3XB_L2_F1_F5,20240619,B4b,L2,162,False,True,True,400.0,400.0,0.0,,,runs/experiment3_cross_site/site_b_amsterdam/E3XB_L2_F1_F5/seed20240619/B4b
3,B,E3XB_L2_F1_F5,20240620,B0,L2,241,True,False,False,640.0,400.0,240.0,,,runs/experiment3_cross_site/site_b_amsterdam/E3XB_L2_F1_F5/seed20240620/B0
3,B,E3XB_L2_F1_F5,20240620,B1,L2,162,False,True,True,400.0,400.0,0.0,,,runs/experiment3_cross_site/site_b_amsterdam/E3XB_L2_F1_F5/seed20240620/B1
3,B,E3XB_L2_F1_F5,20240620,B2,L2,162,False,True,True,400.0,400.0,0.0,,,runs/experiment3_cross_site/site_b_amsterdam/E3XB_L2_F1_F5/seed20240620/B2
3,B,E3XB_L2_F1_F5,20240620,B4b,L2,,False,True,True,2800.0,400.0,2400.0,,,runs/experiment3_cross_site/site_b_amsterdam/E3XB_L2_F1_F5/seed20240620/B4b
3,B,E3XB_L2_F2_F4,20240601,B0,L2,241,True,False,False,440.0,200.0,240.0,,,runs/experiment3_cross_site/site_b_amsterdam/E3XB_L2_F2_F4/seed20240601/B0
3,B,E3XB_L2_F2_F4,20240601,B1,L2,323,True,True,True,640.0,200.0,440.0,,,runs/experiment3_cross_site/site_b_amsterdam/E3XB_L2_F2_F4/seed20240601/B1
3,B,E3XB_L2_F2_F4,20240601,B2,L2,323,True,True,True,640.0,200.0,440.0,,,runs/experiment3_cross_site/site_b_amsterdam/E3XB_L2_F2_F4/seed20240601/B2
3,B,E3XB_L2_F2_F4,20240601,B4b,L2,331,True,True,True,640.0,200.0,440.0,,,runs/experiment3_cross_site/site_b_amsterdam/E3XB_L2_F2_F4/seed20240601/B4b
3,B,E3XB_L2_F2_F4,20240602,B0,L2,241,True,False,False,440.0,200.0,240.0,,,runs/experiment3_cross_site/site_b_amsterdam/E3XB_L2_F2_F4/seed20240602/B0
3,B,E3XB_L2_F2_F4,20240602,B1,L2,323,True,True,True,640.0,200.0,440.0,,,runs/experiment3_cross_site/site_b_amsterdam/E3XB_L2_F2_F4/seed20240602/B1
3,B,E3XB_L2_F2_F4,20240602,B2,L2,323,True,True,True,640.0,200.0,440.0,,,runs/experiment3_cross_site/site_b_amsterdam/E3XB_L2_F2_F4/seed20240602/B2
3,B,E3XB_L2_F2_F4,20240602,B4b,L2,,False,True,False,2800.0,200.0,2600.0,,,runs/experiment3_cross_site/site_b_amsterdam/E3XB_L2_F2_F4/seed20240602/B4b
3,B,E3XB_L2_F2_F4,20240603,B0,L2,241,True,False,False,440.0,200.0,240.0,,,runs/experiment3_cross_site/site_b_amsterdam/E3XB_L2_F2_F4/seed20240603/B0
3,B,E3XB_L2_F2_F4,20240603,B1,L2,323,True,True,True,640.0,200.0,440.0,,,runs/experiment3_cross_site/site_b_amsterdam/E3XB_L2_F2_F4/seed20240603/B1
3,B,E3XB_L2_F2_F4,20240603,B2,L2,323,True,True,True,640.0,200.0,440.0,,,runs/experiment3_cross_site/site_b_amsterdam/E3XB_L2_F2_F4/seed20240603/B2
3,B,E3XB_L2_F2_F4,20240603,B4b,L2,,False,True,False,2800.0,200.0,2600.0,,,runs/experiment3_cross_site/site_b_amsterdam/E3XB_L2_F2_F4/seed20240603/B4b
3,B,E3XB_L2_F2_F4,20240604,B0,L2,241,True,False,False,440.0,200.0,240.0,,,runs/experiment3_cross_site/site_b_amsterdam/E3XB_L2_F2_F4/seed20240604/B0
3,B,E3XB_L2_F2_F4,20240604,B1,L2,323,True,True,True,640.0,200.0,440.0,,,runs/experiment3_cross_site/site_b_amsterdam/E3XB_L2_F2_F4/seed20240604/B1
3,B,E3XB_L2_F2_F4,20240604,B2,L2,323,True,True,True,640.0,200.0,440.0,,,runs/experiment3_cross_site/site_b_amsterdam/E3XB_L2_F2_F4/seed20240604/B2
3,B,E3XB_L2_F2_F4,20240604,B4b,L2,323,True,True,True,640.0,200.0,440.0,,,runs/experiment3_cross_site/site_b_amsterdam/E3XB_L2_F2_F4/seed20240604/B4b
3,B,E3XB_L2_F2_F4,20240605,B0,L2,241,True,False,False,440.0,200.0,240.0,,,runs/experiment3_cross_site/site_b_amsterdam/E3XB_L2_F2_F4/seed20240605/B0
3,B,E3XB_L2_F2_F4,20240605,B1,L2,323,True,True,True,640.0,200.0,440.0,,,runs/experiment3_cross_site/site_b_amsterdam/E3XB_L2_F2_F4/seed20240605/B1
3,B,E3XB_L2_F2_F4,20240605,B2,L2,323,True,True,True,640.0,200.0,440.0,,,runs/experiment3_cross_site/site_b_amsterdam/E3XB_L2_F2_F4/seed20240605/B2
3,B,E3XB_L2_F2_F4,20240605,B4b,L2,,False,True,False,2800.0,200.0,2600.0,,,runs/experiment3_cross_site/site_b_amsterdam/E3XB_L2_F2_F4/seed20240605/B4b
3,B,E3XB_L2_F2_F4,20240606,B0,L2,241,True,False,False,440.0,200.0,240.0,,,runs/experiment3_cross_site/site_b_amsterdam/E3XB_L2_F2_F4/seed20240606/B0
3,B,E3XB_L2_F2_F4,20240606,B1,L2,323,True,True,True,640.0,200.0,440.0,,,runs/experiment3_cross_site/site_b_amsterdam/E3XB_L2_F2_F4/seed20240606/B1
3,B,E3XB_L2_F2_F4,20240606,B2,L2,323,True,True,True,640.0,200.0,440.0,,,runs/experiment3_cross_site/site_b_amsterdam/E3XB_L2_F2_F4/seed20240606/B2
3,B,E3XB_L2_F2_F4,20240606,B4b,L2,63,False,False,False,200.0,200.0,0.0,,,runs/experiment3_cross_site/site_b_amsterdam/E3XB_L2_F2_F4/seed20240606/B4b
3,B,E3XB_L2_F2_F4,20240607,B0,L2,241,True,False,False,440.0,200.0,240.0,,,runs/experiment3_cross_site/site_b_amsterdam/E3XB_L2_F2_F4/seed20240607/B0
3,B,E3XB_L2_F2_F4,20240607,B1,L2,323,True,True,True,640.0,200.0,440.0,,,runs/experiment3_cross_site/site_b_amsterdam/E3XB_L2_F2_F4/seed20240607/B1
3,B,E3XB_L2_F2_F4,20240607,B2,L2,323,True,True,True,640.0,200.0,440.0,,,runs/experiment3_cross_site/site_b_amsterdam/E3XB_L2_F2_F4/seed20240607/B2
3,B,E3XB_L2_F2_F4,20240607,B4b,L2,63,False,False,False,400.0,200.0,200.0,,,runs/experiment3_cross_site/site_b_amsterdam/E3XB_L2_F2_F4/seed20240607/B4b
3,B,E3XB_L2_F2_F4,20240608,B0,L2,241,True,False,False,440.0,200.0,240.0,,,runs/experiment3_cross_site/site_b_amsterdam/E3XB_L2_F2_F4/seed20240608/B0
3,B,E3XB_L2_F2_F4,20240608,B1,L2,323,True,True,True,640.0,200.0,440.0,,,runs/experiment3_cross_site/site_b_amsterdam/E3XB_L2_F2_F4/seed20240608/B1
3,B,E3XB_L2_F2_F4,20240608,B2,L2,323,True,True,True,640.0,200.0,440.0,,,runs/experiment3_cross_site/site_b_amsterdam/E3XB_L2_F2_F4/seed20240608/B2
3,B,E3XB_L2_F2_F4,20240608,B4b,L2,,False,False,False,2800.0,200.0,2600.0,,,runs/experiment3_cross_site/site_b_amsterdam/E3XB_L2_F2_F4/seed20240608/B4b
3,B,E3XB_L2_F2_F4,20240609,B0,L2,241,True,False,False,440.0,200.0,240.0,,,runs/experiment3_cross_site/site_b_amsterdam/E3XB_L2_F2_F4/seed20240609/B0
3,B,E3XB_L2_F2_F4,20240609,B1,L2,323,True,True,True,640.0,200.0,440.0,,,runs/experiment3_cross_site/site_b_amsterdam/E3XB_L2_F2_F4/seed20240609/B1
3,B,E3XB_L2_F2_F4,20240609,B2,L2,323,True,True,True,640.0,200.0,440.0,,,runs/experiment3_cross_site/site_b_amsterdam/E3XB_L2_F2_F4/seed20240609/B2
3,B,E3XB_L2_F2_F4,20240609,B4b,L2,,False,False,False,2800.0,200.0,2600.0,,,runs/experiment3_cross_site/site_b_amsterdam/E3XB_L2_F2_F4/seed20240609/B4b
3,B,E3XB_L2_F2_F4,20240610,B0,L2,241,True,False,False,440.0,200.0,240.0,,,runs/experiment3_cross_site/site_b_amsterdam/E3XB_L2_F2_F4/seed20240610/B0
3,B,E3XB_L2_F2_F4,20240610,B1,L2,323,True,True,True,640.0,200.0,440.0,,,runs/experiment3_cross_site/site_b_amsterdam/E3XB_L2_F2_F4/seed20240610/B1
3,B,E3XB_L2_F2_F4,20240610,B2,L2,323,True,True,True,640.0,200.0,440.0,,,runs/experiment3_cross_site/site_b_amsterdam/E3XB_L2_F2_F4/seed20240610/B2
3,B,E3XB_L2_F2_F4,20240610,B4b,L2,361,True,False,False,640.0,200.0,440.0,,,runs/experiment3_cross_site/site_b_amsterdam/E3XB_L2_F2_F4/seed20240610/B4b
3,B,E3XB_L2_F2_F4,20240611,B0,L2,241,True,False,False,440.0,200.0,240.0,,,runs/experiment3_cross_site/site_b_amsterdam/E3XB_L2_F2_F4/seed20240611/B0
3,B,E3XB_L2_F2_F4,20240611,B1,L2,323,True,True,True,640.0,200.0,440.0,,,runs/experiment3_cross_site/site_b_amsterdam/E3XB_L2_F2_F4/seed20240611/B1
3,B,E3XB_L2_F2_F4,20240611,B2,L2,323,True,True,True,640.0,200.0,440.0,,,runs/experiment3_cross_site/site_b_amsterdam/E3XB_L2_F2_F4/seed20240611/B2
3,B,E3XB_L2_F2_F4,20240611,B4b,L2,323,True,True,True,640.0,200.0,440.0,,,runs/experiment3_cross_site/site_b_amsterdam/E3XB_L2_F2_F4/seed20240611/B4b
3,B,E3XB_L2_F2_F4,20240612,B0,L2,241,True,False,False,440.0,200.0,240.0,,,runs/experiment3_cross_site/site_b_amsterdam/E3XB_L2_F2_F4/seed20240612/B0
3,B,E3XB_L2_F2_F4,20240612,B1,L2,323,True,True,True,640.0,200.0,440.0,,,runs/experiment3_cross_site/site_b_amsterdam/E3XB_L2_F2_F4/seed20240612/B1
3,B,E3XB_L2_F2_F4,20240612,B2,L2,323,True,True,True,640.0,200.0,440.0,,,runs/experiment3_cross_site/site_b_amsterdam/E3XB_L2_F2_F4/seed20240612/B2
3,B,E3XB_L2_F2_F4,20240612,B4b,L2,323,True,True,True,640.0,200.0,440.0,,,runs/experiment3_cross_site/site_b_amsterdam/E3XB_L2_F2_F4/seed20240612/B4b
3,B,E3XB_L2_F2_F4,20240613,B0,L2,241,True,False,False,440.0,200.0,240.0,,,runs/experiment3_cross_site/site_b_amsterdam/E3XB_L2_F2_F4/seed20240613/B0
3,B,E3XB_L2_F2_F4,20240613,B1,L2,323,True,True,True,640.0,200.0,440.0,,,runs/experiment3_cross_site/site_b_amsterdam/E3XB_L2_F2_F4/seed20240613/B1
3,B,E3XB_L2_F2_F4,20240613,B2,L2,323,True,True,True,640.0,200.0,440.0,,,runs/experiment3_cross_site/site_b_amsterdam/E3XB_L2_F2_F4/seed20240613/B2
3,B,E3XB_L2_F2_F4,20240613,B4b,L2,323,True,True,True,640.0,200.0,440.0,,,runs/experiment3_cross_site/site_b_amsterdam/E3XB_L2_F2_F4/seed20240613/B4b
3,B,E3XB_L2_F2_F4,20240614,B0,L2,241,True,False,False,440.0,200.0,240.0,,,runs/experiment3_cross_site/site_b_amsterdam/E3XB_L2_F2_F4/seed20240614/B0
3,B,E3XB_L2_F2_F4,20240614,B1,L2,323,True,True,True,640.0,200.0,440.0,,,runs/experiment3_cross_site/site_b_amsterdam/E3XB_L2_F2_F4/seed20240614/B1
3,B,E3XB_L2_F2_F4,20240614,B2,L2,323,True,True,True,640.0,200.0,440.0,,,runs/experiment3_cross_site/site_b_amsterdam/E3XB_L2_F2_F4/seed20240614/B2
3,B,E3XB_L2_F2_F4,20240614,B4b,L2,323,True,True,True,640.0,200.0,440.0,,,runs/experiment3_cross_site/site_b_amsterdam/E3XB_L2_F2_F4/seed20240614/B4b
3,B,E3XB_L2_F2_F4,20240615,B0,L2,241,True,False,False,440.0,200.0,240.0,,,runs/experiment3_cross_site/site_b_amsterdam/E3XB_L2_F2_F4/seed20240615/B0
3,B,E3XB_L2_F2_F4,20240615,B1,L2,323,True,True,True,640.0,200.0,440.0,,,runs/experiment3_cross_site/site_b_amsterdam/E3XB_L2_F2_F4/seed20240615/B1
3,B,E3XB_L2_F2_F4,20240615,B2,L2,323,True,True,True,640.0,200.0,440.0,,,runs/experiment3_cross_site/site_b_amsterdam/E3XB_L2_F2_F4/seed20240615/B2
3,B,E3XB_L2_F2_F4,20240615,B4b,L2,323,True,True,True,640.0,200.0,440.0,,,runs/experiment3_cross_site/site_b_amsterdam/E3XB_L2_F2_F4/seed20240615/B4b
3,B,E3XB_L2_F2_F4,20240616,B0,L2,241,True,False,False,440.0,200.0,240.0,,,runs/experiment3_cross_site/site_b_amsterdam/E3XB_L2_F2_F4/seed20240616/B0
3,B,E3XB_L2_F2_F4,20240616,B1,L2,323,True,True,True,640.0,200.0,440.0,,,runs/experiment3_cross_site/site_b_amsterdam/E3XB_L2_F2_F4/seed20240616/B1
3,B,E3XB_L2_F2_F4,20240616,B2,L2,323,True,True,True,640.0,200.0,440.0,,,runs/experiment3_cross_site/site_b_amsterdam/E3XB_L2_F2_F4/seed20240616/B2
3,B,E3XB_L2_F2_F4,20240616,B4b,L2,323,True,True,True,640.0,200.0,440.0,,,runs/experiment3_cross_site/site_b_amsterdam/E3XB_L2_F2_F4/seed20240616/B4b
3,B,E3XB_L2_F2_F4,20240617,B0,L2,241,True,False,False,440.0,200.0,240.0,,,runs/experiment3_cross_site/site_b_amsterdam/E3XB_L2_F2_F4/seed20240617/B0
3,B,E3XB_L2_F2_F4,20240617,B1,L2,323,True,True,True,640.0,200.0,440.0,,,runs/experiment3_cross_site/site_b_amsterdam/E3XB_L2_F2_F4/seed20240617/B1
3,B,E3XB_L2_F2_F4,20240617,B2,L2,323,True,True,True,640.0,200.0,440.0,,,runs/experiment3_cross_site/site_b_amsterdam/E3XB_L2_F2_F4/seed20240617/B2
3,B,E3XB_L2_F2_F4,20240617,B4b,L2,323,True,True,True,640.0,200.0,440.0,,,runs/experiment3_cross_site/site_b_amsterdam/E3XB_L2_F2_F4/seed20240617/B4b
3,B,E3XB_L2_F2_F4,20240618,B0,L2,241,True,False,False,440.0,200.0,240.0,,,runs/experiment3_cross_site/site_b_amsterdam/E3XB_L2_F2_F4/seed20240618/B0
3,B,E3XB_L2_F2_F4,20240618,B1,L2,323,True,True,True,640.0,200.0,440.0,,,runs/experiment3_cross_site/site_b_amsterdam/E3XB_L2_F2_F4/seed20240618/B1
3,B,E3XB_L2_F2_F4,20240618,B2,L2,323,True,True,True,640.0,200.0,440.0,,,runs/experiment3_cross_site/site_b_amsterdam/E3XB_L2_F2_F4/seed20240618/B2
3,B,E3XB_L2_F2_F4,20240618,B4b,L2,323,True,True,True,640.0,200.0,440.0,,,runs/experiment3_cross_site/site_b_amsterdam/E3XB_L2_F2_F4/seed20240618/B4b
3,B,E3XB_L2_F2_F4,20240619,B0,L2,241,True,False,False,440.0,200.0,240.0,,,runs/experiment3_cross_site/site_b_amsterdam/E3XB_L2_F2_F4/seed20240619/B0
3,B,E3XB_L2_F2_F4,20240619,B1,L2,323,True,True,True,640.0,200.0,440.0,,,runs/experiment3_cross_site/site_b_amsterdam/E3XB_L2_F2_F4/seed20240619/B1
3,B,E3XB_L2_F2_F4,20240619,B2,L2,323,True,True,True,640.0,200.0,440.0,,,runs/experiment3_cross_site/site_b_amsterdam/E3XB_L2_F2_F4/seed20240619/B2
3,B,E3XB_L2_F2_F4,20240619,B4b,L2,323,True,True,True,640.0,200.0,440.0,,,runs/experiment3_cross_site/site_b_amsterdam/E3XB_L2_F2_F4/seed20240619/B4b
3,B,E3XB_L2_F2_F4,20240620,B0,L2,241,True,False,False,440.0,200.0,240.0,,,runs/experiment3_cross_site/site_b_amsterdam/E3XB_L2_F2_F4/seed20240620/B0
3,B,E3XB_L2_F2_F4,20240620,B1,L2,323,True,True,True,640.0,200.0,440.0,,,runs/experiment3_cross_site/site_b_amsterdam/E3XB_L2_F2_F4/seed20240620/B1
3,B,E3XB_L2_F2_F4,20240620,B2,L2,323,True,True,True,640.0,200.0,440.0,,,runs/experiment3_cross_site/site_b_amsterdam/E3XB_L2_F2_F4/seed20240620/B2
3,B,E3XB_L2_F2_F4,20240620,B4b,L2,323,True,True,True,640.0,200.0,440.0,,,runs/experiment3_cross_site/site_b_amsterdam/E3XB_L2_F2_F4/seed20240620/B4b
3,B,E3XB_L2_F6_F5,20240601,B0,L2,241,True,False,False,440.0,200.0,240.0,,,runs/experiment3_cross_site/site_b_amsterdam/E3XB_L2_F6_F5/seed20240601/B0
3,B,E3XB_L2_F6_F5,20240601,B1,L2,162,False,True,True,200.0,200.0,0.0,,,runs/experiment3_cross_site/site_b_amsterdam/E3XB_L2_F6_F5/seed20240601/B1
3,B,E3XB_L2_F6_F5,20240601,B2,L2,162,False,True,True,200.0,200.0,0.0,,,runs/experiment3_cross_site/site_b_amsterdam/E3XB_L2_F6_F5/seed20240601/B2
3,B,E3XB_L2_F6_F5,20240601,B4b,L2,162,False,True,True,200.0,200.0,0.0,,,runs/experiment3_cross_site/site_b_amsterdam/E3XB_L2_F6_F5/seed20240601/B4b
3,B,E3XB_L2_F6_F5,20240602,B0,L2,241,True,False,False,440.0,200.0,240.0,,,runs/experiment3_cross_site/site_b_amsterdam/E3XB_L2_F6_F5/seed20240602/B0
3,B,E3XB_L2_F6_F5,20240602,B1,L2,162,False,True,True,200.0,200.0,0.0,,,runs/experiment3_cross_site/site_b_amsterdam/E3XB_L2_F6_F5/seed20240602/B1
3,B,E3XB_L2_F6_F5,20240602,B2,L2,162,False,True,True,200.0,200.0,0.0,,,runs/experiment3_cross_site/site_b_amsterdam/E3XB_L2_F6_F5/seed20240602/B2
3,B,E3XB_L2_F6_F5,20240602,B4b,L2,162,False,True,True,200.0,200.0,0.0,,,runs/experiment3_cross_site/site_b_amsterdam/E3XB_L2_F6_F5/seed20240602/B4b
3,B,E3XB_L2_F6_F5,20240603,B0,L2,241,True,False,False,440.0,200.0,240.0,,,runs/experiment3_cross_site/site_b_amsterdam/E3XB_L2_F6_F5/seed20240603/B0
3,B,E3XB_L2_F6_F5,20240603,B1,L2,162,False,True,True,200.0,200.0,0.0,,,runs/experiment3_cross_site/site_b_amsterdam/E3XB_L2_F6_F5/seed20240603/B1
3,B,E3XB_L2_F6_F5,20240603,B2,L2,162,False,True,True,200.0,200.0,0.0,,,runs/experiment3_cross_site/site_b_amsterdam/E3XB_L2_F6_F5/seed20240603/B2
3,B,E3XB_L2_F6_F5,20240603,B4b,L2,162,False,True,True,200.0,200.0,0.0,,,runs/experiment3_cross_site/site_b_amsterdam/E3XB_L2_F6_F5/seed20240603/B4b
3,B,E3XB_L2_F6_F5,20240604,B0,L2,241,True,False,False,440.0,200.0,240.0,,,runs/experiment3_cross_site/site_b_amsterdam/E3XB_L2_F6_F5/seed20240604/B0
3,B,E3XB_L2_F6_F5,20240604,B1,L2,162,False,True,True,200.0,200.0,0.0,,,runs/experiment3_cross_site/site_b_amsterdam/E3XB_L2_F6_F5/seed20240604/B1
3,B,E3XB_L2_F6_F5,20240604,B2,L2,162,False,True,True,200.0,200.0,0.0,,,runs/experiment3_cross_site/site_b_amsterdam/E3XB_L2_F6_F5/seed20240604/B2
3,B,E3XB_L2_F6_F5,20240604,B4b,L2,162,False,True,True,200.0,200.0,0.0,,,runs/experiment3_cross_site/site_b_amsterdam/E3XB_L2_F6_F5/seed20240604/B4b
3,B,E3XB_L2_F6_F5,20240605,B0,L2,241,True,False,False,440.0,200.0,240.0,,,runs/experiment3_cross_site/site_b_amsterdam/E3XB_L2_F6_F5/seed20240605/B0
3,B,E3XB_L2_F6_F5,20240605,B1,L2,162,False,True,True,200.0,200.0,0.0,,,runs/experiment3_cross_site/site_b_amsterdam/E3XB_L2_F6_F5/seed20240605/B1
3,B,E3XB_L2_F6_F5,20240605,B2,L2,162,False,True,True,200.0,200.0,0.0,,,runs/experiment3_cross_site/site_b_amsterdam/E3XB_L2_F6_F5/seed20240605/B2
3,B,E3XB_L2_F6_F5,20240605,B4b,L2,162,False,True,True,200.0,200.0,0.0,,,runs/experiment3_cross_site/site_b_amsterdam/E3XB_L2_F6_F5/seed20240605/B4b
3,B,E3XB_L2_F6_F5,20240606,B0,L2,241,True,False,False,440.0,200.0,240.0,,,runs/experiment3_cross_site/site_b_amsterdam/E3XB_L2_F6_F5/seed20240606/B0
3,B,E3XB_L2_F6_F5,20240606,B1,L2,162,False,True,True,200.0,200.0,0.0,,,runs/experiment3_cross_site/site_b_amsterdam/E3XB_L2_F6_F5/seed20240606/B1
3,B,E3XB_L2_F6_F5,20240606,B2,L2,162,False,True,True,200.0,200.0,0.0,,,runs/experiment3_cross_site/site_b_amsterdam/E3XB_L2_F6_F5/seed20240606/B2
3,B,E3XB_L2_F6_F5,20240606,B4b,L2,162,False,True,True,200.0,200.0,0.0,,,runs/experiment3_cross_site/site_b_amsterdam/E3XB_L2_F6_F5/seed20240606/B4b
3,B,E3XB_L2_F6_F5,20240607,B0,L2,241,True,False,False,440.0,200.0,240.0,,,runs/experiment3_cross_site/site_b_amsterdam/E3XB_L2_F6_F5/seed20240607/B0
3,B,E3XB_L2_F6_F5,20240607,B1,L2,162,False,True,True,200.0,200.0,0.0,,,runs/experiment3_cross_site/site_b_amsterdam/E3XB_L2_F6_F5/seed20240607/B1
3,B,E3XB_L2_F6_F5,20240607,B2,L2,162,False,True,True,200.0,200.0,0.0,,,runs/experiment3_cross_site/site_b_amsterdam/E3XB_L2_F6_F5/seed20240607/B2
3,B,E3XB_L2_F6_F5,20240607,B4b,L2,162,False,True,True,200.0,200.0,0.0,,,runs/experiment3_cross_site/site_b_amsterdam/E3XB_L2_F6_F5/seed20240607/B4b
3,B,E3XB_L2_F6_F5,20240608,B0,L2,241,True,False,False,440.0,200.0,240.0,,,runs/experiment3_cross_site/site_b_amsterdam/E3XB_L2_F6_F5/seed20240608/B0
3,B,E3XB_L2_F6_F5,20240608,B1,L2,162,False,True,True,200.0,200.0,0.0,,,runs/experiment3_cross_site/site_b_amsterdam/E3XB_L2_F6_F5/seed20240608/B1
3,B,E3XB_L2_F6_F5,20240608,B2,L2,162,False,True,True,200.0,200.0,0.0,,,runs/experiment3_cross_site/site_b_amsterdam/E3XB_L2_F6_F5/seed20240608/B2
3,B,E3XB_L2_F6_F5,20240608,B4b,L2,162,False,True,True,200.0,200.0,0.0,,,runs/experiment3_cross_site/site_b_amsterdam/E3XB_L2_F6_F5/seed20240608/B4b
3,B,E3XB_L2_F6_F5,20240609,B0,L2,241,True,False,False,440.0,200.0,240.0,,,runs/experiment3_cross_site/site_b_amsterdam/E3XB_L2_F6_F5/seed20240609/B0
3,B,E3XB_L2_F6_F5,20240609,B1,L2,162,False,True,True,200.0,200.0,0.0,,,runs/experiment3_cross_site/site_b_amsterdam/E3XB_L2_F6_F5/seed20240609/B1
3,B,E3XB_L2_F6_F5,20240609,B2,L2,162,False,True,True,200.0,200.0,0.0,,,runs/experiment3_cross_site/site_b_amsterdam/E3XB_L2_F6_F5/seed20240609/B2
3,B,E3XB_L2_F6_F5,20240609,B4b,L2,162,False,True,True,200.0,200.0,0.0,,,runs/experiment3_cross_site/site_b_amsterdam/E3XB_L2_F6_F5/seed20240609/B4b
3,B,E3XB_L2_F6_F5,20240610,B0,L2,241,True,False,False,440.0,200.0,240.0,,,runs/experiment3_cross_site/site_b_amsterdam/E3XB_L2_F6_F5/seed20240610/B0
3,B,E3XB_L2_F6_F5,20240610,B1,L2,162,False,True,True,200.0,200.0,0.0,,,runs/experiment3_cross_site/site_b_amsterdam/E3XB_L2_F6_F5/seed20240610/B1
3,B,E3XB_L2_F6_F5,20240610,B2,L2,162,False,True,True,200.0,200.0,0.0,,,runs/experiment3_cross_site/site_b_amsterdam/E3XB_L2_F6_F5/seed20240610/B2
3,B,E3XB_L2_F6_F5,20240610,B4b,L2,162,False,True,True,400.0,200.0,200.0,,,runs/experiment3_cross_site/site_b_amsterdam/E3XB_L2_F6_F5/seed20240610/B4b
3,B,E3XB_L2_F6_F5,20240611,B0,L2,241,True,False,False,440.0,200.0,240.0,,,runs/experiment3_cross_site/site_b_amsterdam/E3XB_L2_F6_F5/seed20240611/B0
3,B,E3XB_L2_F6_F5,20240611,B1,L2,162,False,True,True,200.0,200.0,0.0,,,runs/experiment3_cross_site/site_b_amsterdam/E3XB_L2_F6_F5/seed20240611/B1
3,B,E3XB_L2_F6_F5,20240611,B2,L2,162,False,True,True,200.0,200.0,0.0,,,runs/experiment3_cross_site/site_b_amsterdam/E3XB_L2_F6_F5/seed20240611/B2
3,B,E3XB_L2_F6_F5,20240611,B4b,L2,162,False,True,True,200.0,200.0,0.0,,,runs/experiment3_cross_site/site_b_amsterdam/E3XB_L2_F6_F5/seed20240611/B4b
3,B,E3XB_L2_F6_F5,20240612,B0,L2,241,True,False,False,440.0,200.0,240.0,,,runs/experiment3_cross_site/site_b_amsterdam/E3XB_L2_F6_F5/seed20240612/B0
3,B,E3XB_L2_F6_F5,20240612,B1,L2,162,False,True,True,200.0,200.0,0.0,,,runs/experiment3_cross_site/site_b_amsterdam/E3XB_L2_F6_F5/seed20240612/B1
3,B,E3XB_L2_F6_F5,20240612,B2,L2,162,False,True,True,200.0,200.0,0.0,,,runs/experiment3_cross_site/site_b_amsterdam/E3XB_L2_F6_F5/seed20240612/B2
3,B,E3XB_L2_F6_F5,20240612,B4b,L2,162,False,True,True,200.0,200.0,0.0,,,runs/experiment3_cross_site/site_b_amsterdam/E3XB_L2_F6_F5/seed20240612/B4b
3,B,E3XB_L2_F6_F5,20240613,B0,L2,241,True,False,False,440.0,200.0,240.0,,,runs/experiment3_cross_site/site_b_amsterdam/E3XB_L2_F6_F5/seed20240613/B0
3,B,E3XB_L2_F6_F5,20240613,B1,L2,162,False,True,True,200.0,200.0,0.0,,,runs/experiment3_cross_site/site_b_amsterdam/E3XB_L2_F6_F5/seed20240613/B1
3,B,E3XB_L2_F6_F5,20240613,B2,L2,162,False,True,True,200.0,200.0,0.0,,,runs/experiment3_cross_site/site_b_amsterdam/E3XB_L2_F6_F5/seed20240613/B2
3,B,E3XB_L2_F6_F5,20240613,B4b,L2,162,False,True,True,200.0,200.0,0.0,,,runs/experiment3_cross_site/site_b_amsterdam/E3XB_L2_F6_F5/seed20240613/B4b
3,B,E3XB_L2_F6_F5,20240614,B0,L2,241,True,False,False,440.0,200.0,240.0,,,runs/experiment3_cross_site/site_b_amsterdam/E3XB_L2_F6_F5/seed20240614/B0
3,B,E3XB_L2_F6_F5,20240614,B1,L2,162,False,True,True,200.0,200.0,0.0,,,runs/experiment3_cross_site/site_b_amsterdam/E3XB_L2_F6_F5/seed20240614/B1
3,B,E3XB_L2_F6_F5,20240614,B2,L2,162,False,True,True,200.0,200.0,0.0,,,runs/experiment3_cross_site/site_b_amsterdam/E3XB_L2_F6_F5/seed20240614/B2
3,B,E3XB_L2_F6_F5,20240614,B4b,L2,162,False,True,True,200.0,200.0,0.0,,,runs/experiment3_cross_site/site_b_amsterdam/E3XB_L2_F6_F5/seed20240614/B4b
3,B,E3XB_L2_F6_F5,20240615,B0,L2,241,True,False,False,440.0,200.0,240.0,,,runs/experiment3_cross_site/site_b_amsterdam/E3XB_L2_F6_F5/seed20240615/B0
3,B,E3XB_L2_F6_F5,20240615,B1,L2,162,False,True,True,200.0,200.0,0.0,,,runs/experiment3_cross_site/site_b_amsterdam/E3XB_L2_F6_F5/seed20240615/B1
3,B,E3XB_L2_F6_F5,20240615,B2,L2,162,False,True,True,200.0,200.0,0.0,,,runs/experiment3_cross_site/site_b_amsterdam/E3XB_L2_F6_F5/seed20240615/B2
3,B,E3XB_L2_F6_F5,20240615,B4b,L2,162,False,True,True,200.0,200.0,0.0,,,runs/experiment3_cross_site/site_b_amsterdam/E3XB_L2_F6_F5/seed20240615/B4b
3,B,E3XB_L2_F6_F5,20240616,B0,L2,241,True,False,False,440.0,200.0,240.0,,,runs/experiment3_cross_site/site_b_amsterdam/E3XB_L2_F6_F5/seed20240616/B0
3,B,E3XB_L2_F6_F5,20240616,B1,L2,162,False,True,True,200.0,200.0,0.0,,,runs/experiment3_cross_site/site_b_amsterdam/E3XB_L2_F6_F5/seed20240616/B1
3,B,E3XB_L2_F6_F5,20240616,B2,L2,162,False,True,True,200.0,200.0,0.0,,,runs/experiment3_cross_site/site_b_amsterdam/E3XB_L2_F6_F5/seed20240616/B2
3,B,E3XB_L2_F6_F5,20240616,B4b,L2,162,False,True,True,200.0,200.0,0.0,,,runs/experiment3_cross_site/site_b_amsterdam/E3XB_L2_F6_F5/seed20240616/B4b
3,B,E3XB_L2_F6_F5,20240617,B0,L2,241,True,False,False,440.0,200.0,240.0,,,runs/experiment3_cross_site/site_b_amsterdam/E3XB_L2_F6_F5/seed20240617/B0
3,B,E3XB_L2_F6_F5,20240617,B1,L2,162,False,True,True,200.0,200.0,0.0,,,runs/experiment3_cross_site/site_b_amsterdam/E3XB_L2_F6_F5/seed20240617/B1
3,B,E3XB_L2_F6_F5,20240617,B2,L2,162,False,True,True,200.0,200.0,0.0,,,runs/experiment3_cross_site/site_b_amsterdam/E3XB_L2_F6_F5/seed20240617/B2
3,B,E3XB_L2_F6_F5,20240617,B4b,L2,162,False,True,True,200.0,200.0,0.0,,,runs/experiment3_cross_site/site_b_amsterdam/E3XB_L2_F6_F5/seed20240617/B4b
3,B,E3XB_L2_F6_F5,20240618,B0,L2,241,True,False,False,440.0,200.0,240.0,,,runs/experiment3_cross_site/site_b_amsterdam/E3XB_L2_F6_F5/seed20240618/B0
3,B,E3XB_L2_F6_F5,20240618,B1,L2,162,False,True,True,200.0,200.0,0.0,,,runs/experiment3_cross_site/site_b_amsterdam/E3XB_L2_F6_F5/seed20240618/B1
3,B,E3XB_L2_F6_F5,20240618,B2,L2,162,False,True,True,200.0,200.0,0.0,,,runs/experiment3_cross_site/site_b_amsterdam/E3XB_L2_F6_F5/seed20240618/B2
3,B,E3XB_L2_F6_F5,20240618,B4b,L2,162,False,True,True,200.0,200.0,0.0,,,runs/experiment3_cross_site/site_b_amsterdam/E3XB_L2_F6_F5/seed20240618/B4b
3,B,E3XB_L2_F6_F5,20240619,B0,L2,241,True,False,False,440.0,200.0,240.0,,,runs/experiment3_cross_site/site_b_amsterdam/E3XB_L2_F6_F5/seed20240619/B0
3,B,E3XB_L2_F6_F5,20240619,B1,L2,162,False,True,True,200.0,200.0,0.0,,,runs/experiment3_cross_site/site_b_amsterdam/E3XB_L2_F6_F5/seed20240619/B1
3,B,E3XB_L2_F6_F5,20240619,B2,L2,162,False,True,True,200.0,200.0,0.0,,,runs/experiment3_cross_site/site_b_amsterdam/E3XB_L2_F6_F5/seed20240619/B2
3,B,E3XB_L2_F6_F5,20240619,B4b,L2,162,False,True,True,200.0,200.0,0.0,,,runs/experiment3_cross_site/site_b_amsterdam/E3XB_L2_F6_F5/seed20240619/B4b
3,B,E3XB_L2_F6_F5,20240620,B0,L2,241,True,False,False,440.0,200.0,240.0,,,runs/experiment3_cross_site/site_b_amsterdam/E3XB_L2_F6_F5/seed20240620/B0
3,B,E3XB_L2_F6_F5,20240620,B1,L2,162,False,True,True,200.0,200.0,0.0,,,runs/experiment3_cross_site/site_b_amsterdam/E3XB_L2_F6_F5/seed20240620/B1
3,B,E3XB_L2_F6_F5,20240620,B2,L2,162,False,True,True,200.0,200.0,0.0,,,runs/experiment3_cross_site/site_b_amsterdam/E3XB_L2_F6_F5/seed20240620/B2
3,B,E3XB_L2_F6_F5,20240620,B4b,L2,162,False,True,True,200.0,200.0,0.0,,,runs/experiment3_cross_site/site_b_amsterdam/E3XB_L2_F6_F5/seed20240620/B4b
3,B,E3XB_L3_COMP_F1,20240601,B0,L3,241,True,False,False,875.0,500.0,375.0,COMPLETED,GROUND,runs/experiment3_cross_site/site_b_amsterdam/E3XB_L3_COMP_F1/seed20240601/B0
3,B,E3XB_L3_COMP_F1,20240601,B1,L3,41,False,False,False,500.0,500.0,0.0,COMPLETED,AIR,runs/experiment3_cross_site/site_b_amsterdam/E3XB_L3_COMP_F1/seed20240601/B1
3,B,E3XB_L3_COMP_F1,20240601,B2,L3,41,False,False,False,500.0,500.0,0.0,COMPLETED,AIR,runs/experiment3_cross_site/site_b_amsterdam/E3XB_L3_COMP_F1/seed20240601/B2
3,B,E3XB_L3_COMP_F1,20240601,B4b,L3,41,False,False,False,500.0,500.0,0.0,COMPLETED,AIR,runs/experiment3_cross_site/site_b_amsterdam/E3XB_L3_COMP_F1/seed20240601/B4b
3,B,E3XB_L3_COMP_F1,20240602,B0,L3,241,True,False,False,875.0,500.0,375.0,COMPLETED,GROUND,runs/experiment3_cross_site/site_b_amsterdam/E3XB_L3_COMP_F1/seed20240602/B0
3,B,E3XB_L3_COMP_F1,20240602,B1,L3,41,False,False,False,500.0,500.0,0.0,COMPLETED,AIR,runs/experiment3_cross_site/site_b_amsterdam/E3XB_L3_COMP_F1/seed20240602/B1
3,B,E3XB_L3_COMP_F1,20240602,B2,L3,41,False,False,False,500.0,500.0,0.0,COMPLETED,AIR,runs/experiment3_cross_site/site_b_amsterdam/E3XB_L3_COMP_F1/seed20240602/B2
3,B,E3XB_L3_COMP_F1,20240602,B4b,L3,41,False,False,False,500.0,500.0,0.0,COMPLETED,AIR,runs/experiment3_cross_site/site_b_amsterdam/E3XB_L3_COMP_F1/seed20240602/B4b
3,B,E3XB_L3_COMP_F1,20240603,B0,L3,241,True,False,False,875.0,500.0,375.0,COMPLETED,GROUND,runs/experiment3_cross_site/site_b_amsterdam/E3XB_L3_COMP_F1/seed20240603/B0
3,B,E3XB_L3_COMP_F1,20240603,B1,L3,41,False,False,False,500.0,500.0,0.0,COMPLETED,AIR,runs/experiment3_cross_site/site_b_amsterdam/E3XB_L3_COMP_F1/seed20240603/B1
3,B,E3XB_L3_COMP_F1,20240603,B2,L3,41,False,False,False,500.0,500.0,0.0,COMPLETED,AIR,runs/experiment3_cross_site/site_b_amsterdam/E3XB_L3_COMP_F1/seed20240603/B2
3,B,E3XB_L3_COMP_F1,20240603,B4b,L3,41,False,False,False,500.0,500.0,0.0,COMPLETED,AIR,runs/experiment3_cross_site/site_b_amsterdam/E3XB_L3_COMP_F1/seed20240603/B4b
3,B,E3XB_L3_COMP_F1,20240604,B0,L3,241,True,False,False,875.0,500.0,375.0,COMPLETED,GROUND,runs/experiment3_cross_site/site_b_amsterdam/E3XB_L3_COMP_F1/seed20240604/B0
3,B,E3XB_L3_COMP_F1,20240604,B1,L3,41,False,False,False,500.0,500.0,0.0,COMPLETED,AIR,runs/experiment3_cross_site/site_b_amsterdam/E3XB_L3_COMP_F1/seed20240604/B1
3,B,E3XB_L3_COMP_F1,20240604,B2,L3,41,False,False,False,500.0,500.0,0.0,COMPLETED,AIR,runs/experiment3_cross_site/site_b_amsterdam/E3XB_L3_COMP_F1/seed20240604/B2
3,B,E3XB_L3_COMP_F1,20240604,B4b,L3,41,False,False,False,500.0,500.0,0.0,COMPLETED,AIR,runs/experiment3_cross_site/site_b_amsterdam/E3XB_L3_COMP_F1/seed20240604/B4b
3,B,E3XB_L3_COMP_F1,20240605,B0,L3,241,True,False,False,875.0,500.0,375.0,COMPLETED,GROUND,runs/experiment3_cross_site/site_b_amsterdam/E3XB_L3_COMP_F1/seed20240605/B0
3,B,E3XB_L3_COMP_F1,20240605,B1,L3,41,False,False,False,500.0,500.0,0.0,COMPLETED,AIR,runs/experiment3_cross_site/site_b_amsterdam/E3XB_L3_COMP_F1/seed20240605/B1
3,B,E3XB_L3_COMP_F1,20240605,B2,L3,41,False,False,False,500.0,500.0,0.0,COMPLETED,AIR,runs/experiment3_cross_site/site_b_amsterdam/E3XB_L3_COMP_F1/seed20240605/B2
3,B,E3XB_L3_COMP_F1,20240605,B4b,L3,41,False,False,False,500.0,500.0,0.0,COMPLETED,AIR,runs/experiment3_cross_site/site_b_amsterdam/E3XB_L3_COMP_F1/seed20240605/B4b
3,B,E3XB_L3_COMP_F1,20240606,B0,L3,241,True,False,False,875.0,500.0,375.0,COMPLETED,GROUND,runs/experiment3_cross_site/site_b_amsterdam/E3XB_L3_COMP_F1/seed20240606/B0
3,B,E3XB_L3_COMP_F1,20240606,B1,L3,41,False,False,False,500.0,500.0,0.0,COMPLETED,AIR,runs/experiment3_cross_site/site_b_amsterdam/E3XB_L3_COMP_F1/seed20240606/B1
3,B,E3XB_L3_COMP_F1,20240606,B2,L3,41,False,False,False,500.0,500.0,0.0,COMPLETED,AIR,runs/experiment3_cross_site/site_b_amsterdam/E3XB_L3_COMP_F1/seed20240606/B2
3,B,E3XB_L3_COMP_F1,20240606,B4b,L3,41,False,False,False,500.0,500.0,0.0,COMPLETED,AIR,runs/experiment3_cross_site/site_b_amsterdam/E3XB_L3_COMP_F1/seed20240606/B4b
3,B,E3XB_L3_COMP_F1,20240607,B0,L3,241,True,False,False,875.0,500.0,375.0,COMPLETED,GROUND,runs/experiment3_cross_site/site_b_amsterdam/E3XB_L3_COMP_F1/seed20240607/B0
3,B,E3XB_L3_COMP_F1,20240607,B1,L3,41,False,False,False,500.0,500.0,0.0,COMPLETED,AIR,runs/experiment3_cross_site/site_b_amsterdam/E3XB_L3_COMP_F1/seed20240607/B1
3,B,E3XB_L3_COMP_F1,20240607,B2,L3,41,False,False,False,500.0,500.0,0.0,COMPLETED,AIR,runs/experiment3_cross_site/site_b_amsterdam/E3XB_L3_COMP_F1/seed20240607/B2
3,B,E3XB_L3_COMP_F1,20240607,B4b,L3,41,False,False,False,500.0,500.0,0.0,COMPLETED,AIR,runs/experiment3_cross_site/site_b_amsterdam/E3XB_L3_COMP_F1/seed20240607/B4b
3,B,E3XB_L3_COMP_F1,20240608,B0,L3,241,True,False,False,875.0,500.0,375.0,COMPLETED,GROUND,runs/experiment3_cross_site/site_b_amsterdam/E3XB_L3_COMP_F1/seed20240608/B0
3,B,E3XB_L3_COMP_F1,20240608,B1,L3,41,False,False,False,500.0,500.0,0.0,COMPLETED,AIR,runs/experiment3_cross_site/site_b_amsterdam/E3XB_L3_COMP_F1/seed20240608/B1
3,B,E3XB_L3_COMP_F1,20240608,B2,L3,41,False,False,False,500.0,500.0,0.0,COMPLETED,AIR,runs/experiment3_cross_site/site_b_amsterdam/E3XB_L3_COMP_F1/seed20240608/B2
3,B,E3XB_L3_COMP_F1,20240608,B4b,L3,41,False,False,False,500.0,500.0,0.0,COMPLETED,AIR,runs/experiment3_cross_site/site_b_amsterdam/E3XB_L3_COMP_F1/seed20240608/B4b
3,B,E3XB_L3_COMP_F1,20240609,B0,L3,241,True,False,False,875.0,500.0,375.0,COMPLETED,GROUND,runs/experiment3_cross_site/site_b_amsterdam/E3XB_L3_COMP_F1/seed20240609/B0
3,B,E3XB_L3_COMP_F1,20240609,B1,L3,41,False,False,False,500.0,500.0,0.0,COMPLETED,AIR,runs/experiment3_cross_site/site_b_amsterdam/E3XB_L3_COMP_F1/seed20240609/B1
3,B,E3XB_L3_COMP_F1,20240609,B2,L3,41,False,False,False,500.0,500.0,0.0,COMPLETED,AIR,runs/experiment3_cross_site/site_b_amsterdam/E3XB_L3_COMP_F1/seed20240609/B2
3,B,E3XB_L3_COMP_F1,20240609,B4b,L3,41,False,False,False,500.0,500.0,0.0,COMPLETED,AIR,runs/experiment3_cross_site/site_b_amsterdam/E3XB_L3_COMP_F1/seed20240609/B4b
3,B,E3XB_L3_COMP_F1,20240610,B0,L3,241,True,False,False,875.0,500.0,375.0,COMPLETED,GROUND,runs/experiment3_cross_site/site_b_amsterdam/E3XB_L3_COMP_F1/seed20240610/B0
3,B,E3XB_L3_COMP_F1,20240610,B1,L3,41,False,False,False,500.0,500.0,0.0,COMPLETED,AIR,runs/experiment3_cross_site/site_b_amsterdam/E3XB_L3_COMP_F1/seed20240610/B1
3,B,E3XB_L3_COMP_F1,20240610,B2,L3,41,False,False,False,500.0,500.0,0.0,COMPLETED,AIR,runs/experiment3_cross_site/site_b_amsterdam/E3XB_L3_COMP_F1/seed20240610/B2
3,B,E3XB_L3_COMP_F1,20240610,B4b,L3,41,False,False,False,500.0,500.0,0.0,COMPLETED,AIR,runs/experiment3_cross_site/site_b_amsterdam/E3XB_L3_COMP_F1/seed20240610/B4b
3,B,E3XB_L3_COMP_F1,20240611,B0,L3,241,True,False,False,875.0,500.0,375.0,COMPLETED,GROUND,runs/experiment3_cross_site/site_b_amsterdam/E3XB_L3_COMP_F1/seed20240611/B0
3,B,E3XB_L3_COMP_F1,20240611,B1,L3,41,False,False,False,500.0,500.0,0.0,COMPLETED,AIR,runs/experiment3_cross_site/site_b_amsterdam/E3XB_L3_COMP_F1/seed20240611/B1
3,B,E3XB_L3_COMP_F1,20240611,B2,L3,41,False,False,False,500.0,500.0,0.0,COMPLETED,AIR,runs/experiment3_cross_site/site_b_amsterdam/E3XB_L3_COMP_F1/seed20240611/B2
3,B,E3XB_L3_COMP_F1,20240611,B4b,L3,41,False,False,False,500.0,500.0,0.0,COMPLETED,AIR,runs/experiment3_cross_site/site_b_amsterdam/E3XB_L3_COMP_F1/seed20240611/B4b
3,B,E3XB_L3_COMP_F1,20240612,B0,L3,241,True,False,False,875.0,500.0,375.0,COMPLETED,GROUND,runs/experiment3_cross_site/site_b_amsterdam/E3XB_L3_COMP_F1/seed20240612/B0
3,B,E3XB_L3_COMP_F1,20240612,B1,L3,41,False,False,False,500.0,500.0,0.0,COMPLETED,AIR,runs/experiment3_cross_site/site_b_amsterdam/E3XB_L3_COMP_F1/seed20240612/B1
3,B,E3XB_L3_COMP_F1,20240612,B2,L3,41,False,False,False,500.0,500.0,0.0,COMPLETED,AIR,runs/experiment3_cross_site/site_b_amsterdam/E3XB_L3_COMP_F1/seed20240612/B2
3,B,E3XB_L3_COMP_F1,20240612,B4b,L3,41,False,False,False,500.0,500.0,0.0,COMPLETED,AIR,runs/experiment3_cross_site/site_b_amsterdam/E3XB_L3_COMP_F1/seed20240612/B4b
3,B,E3XB_L3_COMP_F1,20240613,B0,L3,241,True,False,False,875.0,500.0,375.0,COMPLETED,GROUND,runs/experiment3_cross_site/site_b_amsterdam/E3XB_L3_COMP_F1/seed20240613/B0
3,B,E3XB_L3_COMP_F1,20240613,B1,L3,41,False,False,False,500.0,500.0,0.0,COMPLETED,AIR,runs/experiment3_cross_site/site_b_amsterdam/E3XB_L3_COMP_F1/seed20240613/B1
3,B,E3XB_L3_COMP_F1,20240613,B2,L3,41,False,False,False,500.0,500.0,0.0,COMPLETED,AIR,runs/experiment3_cross_site/site_b_amsterdam/E3XB_L3_COMP_F1/seed20240613/B2
3,B,E3XB_L3_COMP_F1,20240613,B4b,L3,41,False,False,False,500.0,500.0,0.0,COMPLETED,AIR,runs/experiment3_cross_site/site_b_amsterdam/E3XB_L3_COMP_F1/seed20240613/B4b
3,B,E3XB_L3_COMP_F1,20240614,B0,L3,241,True,False,False,875.0,500.0,375.0,COMPLETED,GROUND,runs/experiment3_cross_site/site_b_amsterdam/E3XB_L3_COMP_F1/seed20240614/B0
3,B,E3XB_L3_COMP_F1,20240614,B1,L3,41,False,False,False,500.0,500.0,0.0,COMPLETED,AIR,runs/experiment3_cross_site/site_b_amsterdam/E3XB_L3_COMP_F1/seed20240614/B1
3,B,E3XB_L3_COMP_F1,20240614,B2,L3,41,False,False,False,500.0,500.0,0.0,COMPLETED,AIR,runs/experiment3_cross_site/site_b_amsterdam/E3XB_L3_COMP_F1/seed20240614/B2
3,B,E3XB_L3_COMP_F1,20240614,B4b,L3,41,False,False,False,500.0,500.0,0.0,COMPLETED,AIR,runs/experiment3_cross_site/site_b_amsterdam/E3XB_L3_COMP_F1/seed20240614/B4b
3,B,E3XB_L3_COMP_F1,20240615,B0,L3,241,True,False,False,875.0,500.0,375.0,COMPLETED,GROUND,runs/experiment3_cross_site/site_b_amsterdam/E3XB_L3_COMP_F1/seed20240615/B0
3,B,E3XB_L3_COMP_F1,20240615,B1,L3,41,False,False,False,500.0,500.0,0.0,COMPLETED,AIR,runs/experiment3_cross_site/site_b_amsterdam/E3XB_L3_COMP_F1/seed20240615/B1
3,B,E3XB_L3_COMP_F1,20240615,B2,L3,41,False,False,False,500.0,500.0,0.0,COMPLETED,AIR,runs/experiment3_cross_site/site_b_amsterdam/E3XB_L3_COMP_F1/seed20240615/B2
3,B,E3XB_L3_COMP_F1,20240615,B4b,L3,41,False,False,False,500.0,500.0,0.0,COMPLETED,AIR,runs/experiment3_cross_site/site_b_amsterdam/E3XB_L3_COMP_F1/seed20240615/B4b
3,B,E3XB_L3_COMP_F1,20240616,B0,L3,241,True,False,False,875.0,500.0,375.0,COMPLETED,GROUND,runs/experiment3_cross_site/site_b_amsterdam/E3XB_L3_COMP_F1/seed20240616/B0
3,B,E3XB_L3_COMP_F1,20240616,B1,L3,41,False,False,False,500.0,500.0,0.0,COMPLETED,AIR,runs/experiment3_cross_site/site_b_amsterdam/E3XB_L3_COMP_F1/seed20240616/B1
3,B,E3XB_L3_COMP_F1,20240616,B2,L3,41,False,False,False,500.0,500.0,0.0,COMPLETED,AIR,runs/experiment3_cross_site/site_b_amsterdam/E3XB_L3_COMP_F1/seed20240616/B2
3,B,E3XB_L3_COMP_F1,20240616,B4b,L3,41,False,False,False,500.0,500.0,0.0,COMPLETED,AIR,runs/experiment3_cross_site/site_b_amsterdam/E3XB_L3_COMP_F1/seed20240616/B4b
3,B,E3XB_L3_COMP_F1,20240617,B0,L3,241,True,False,False,875.0,500.0,375.0,COMPLETED,GROUND,runs/experiment3_cross_site/site_b_amsterdam/E3XB_L3_COMP_F1/seed20240617/B0
3,B,E3XB_L3_COMP_F1,20240617,B1,L3,41,False,False,False,500.0,500.0,0.0,COMPLETED,AIR,runs/experiment3_cross_site/site_b_amsterdam/E3XB_L3_COMP_F1/seed20240617/B1
3,B,E3XB_L3_COMP_F1,20240617,B2,L3,41,False,False,False,500.0,500.0,0.0,COMPLETED,AIR,runs/experiment3_cross_site/site_b_amsterdam/E3XB_L3_COMP_F1/seed20240617/B2
3,B,E3XB_L3_COMP_F1,20240617,B4b,L3,41,False,False,False,500.0,500.0,0.0,COMPLETED,AIR,runs/experiment3_cross_site/site_b_amsterdam/E3XB_L3_COMP_F1/seed20240617/B4b
3,B,E3XB_L3_COMP_F1,20240618,B0,L3,241,True,False,False,875.0,500.0,375.0,COMPLETED,GROUND,runs/experiment3_cross_site/site_b_amsterdam/E3XB_L3_COMP_F1/seed20240618/B0
3,B,E3XB_L3_COMP_F1,20240618,B1,L3,41,False,False,False,500.0,500.0,0.0,COMPLETED,AIR,runs/experiment3_cross_site/site_b_amsterdam/E3XB_L3_COMP_F1/seed20240618/B1
3,B,E3XB_L3_COMP_F1,20240618,B2,L3,41,False,False,False,500.0,500.0,0.0,COMPLETED,AIR,runs/experiment3_cross_site/site_b_amsterdam/E3XB_L3_COMP_F1/seed20240618/B2
3,B,E3XB_L3_COMP_F1,20240618,B4b,L3,41,False,False,False,500.0,500.0,0.0,COMPLETED,AIR,runs/experiment3_cross_site/site_b_amsterdam/E3XB_L3_COMP_F1/seed20240618/B4b
3,B,E3XB_L3_COMP_F1,20240619,B0,L3,241,True,False,False,875.0,500.0,375.0,COMPLETED,GROUND,runs/experiment3_cross_site/site_b_amsterdam/E3XB_L3_COMP_F1/seed20240619/B0
3,B,E3XB_L3_COMP_F1,20240619,B1,L3,41,False,False,False,500.0,500.0,0.0,COMPLETED,AIR,runs/experiment3_cross_site/site_b_amsterdam/E3XB_L3_COMP_F1/seed20240619/B1
3,B,E3XB_L3_COMP_F1,20240619,B2,L3,41,False,False,False,500.0,500.0,0.0,COMPLETED,AIR,runs/experiment3_cross_site/site_b_amsterdam/E3XB_L3_COMP_F1/seed20240619/B2
3,B,E3XB_L3_COMP_F1,20240619,B4b,L3,41,False,False,False,500.0,500.0,0.0,COMPLETED,AIR,runs/experiment3_cross_site/site_b_amsterdam/E3XB_L3_COMP_F1/seed20240619/B4b
3,B,E3XB_L3_COMP_F1,20240620,B0,L3,241,True,False,False,875.0,500.0,375.0,COMPLETED,GROUND,runs/experiment3_cross_site/site_b_amsterdam/E3XB_L3_COMP_F1/seed20240620/B0
3,B,E3XB_L3_COMP_F1,20240620,B1,L3,41,False,False,False,500.0,500.0,0.0,COMPLETED,AIR,runs/experiment3_cross_site/site_b_amsterdam/E3XB_L3_COMP_F1/seed20240620/B1
3,B,E3XB_L3_COMP_F1,20240620,B2,L3,41,False,False,False,500.0,500.0,0.0,COMPLETED,AIR,runs/experiment3_cross_site/site_b_amsterdam/E3XB_L3_COMP_F1/seed20240620/B2
3,B,E3XB_L3_COMP_F1,20240620,B4b,L3,41,False,False,False,500.0,500.0,0.0,COMPLETED,AIR,runs/experiment3_cross_site/site_b_amsterdam/E3XB_L3_COMP_F1/seed20240620/B4b
3,B,E3XB_L3_COMP_F2,20240601,B0,L3,241,True,False,False,1075.0,700.0,375.0,COMPLETED,GROUND,runs/experiment3_cross_site/site_b_amsterdam/E3XB_L3_COMP_F2/seed20240601/B0
3,B,E3XB_L3_COMP_F2,20240601,B1,L3,41,False,False,False,700.0,700.0,0.0,COMPLETED,AIR,runs/experiment3_cross_site/site_b_amsterdam/E3XB_L3_COMP_F2/seed20240601/B1
3,B,E3XB_L3_COMP_F2,20240601,B2,L3,41,False,False,False,700.0,700.0,0.0,COMPLETED,AIR,runs/experiment3_cross_site/site_b_amsterdam/E3XB_L3_COMP_F2/seed20240601/B2
3,B,E3XB_L3_COMP_F2,20240601,B4b,L3,41,False,False,False,700.0,700.0,0.0,COMPLETED,AIR,runs/experiment3_cross_site/site_b_amsterdam/E3XB_L3_COMP_F2/seed20240601/B4b
3,B,E3XB_L3_COMP_F2,20240602,B0,L3,241,True,False,False,1075.0,700.0,375.0,COMPLETED,GROUND,runs/experiment3_cross_site/site_b_amsterdam/E3XB_L3_COMP_F2/seed20240602/B0
3,B,E3XB_L3_COMP_F2,20240602,B1,L3,41,False,False,False,700.0,700.0,0.0,COMPLETED,AIR,runs/experiment3_cross_site/site_b_amsterdam/E3XB_L3_COMP_F2/seed20240602/B1
3,B,E3XB_L3_COMP_F2,20240602,B2,L3,41,False,False,False,700.0,700.0,0.0,COMPLETED,AIR,runs/experiment3_cross_site/site_b_amsterdam/E3XB_L3_COMP_F2/seed20240602/B2
3,B,E3XB_L3_COMP_F2,20240602,B4b,L3,41,False,False,False,700.0,700.0,0.0,COMPLETED,AIR,runs/experiment3_cross_site/site_b_amsterdam/E3XB_L3_COMP_F2/seed20240602/B4b
3,B,E3XB_L3_COMP_F2,20240603,B0,L3,241,True,False,False,775.0,400.0,375.0,COMPLETED,GROUND,runs/experiment3_cross_site/site_b_amsterdam/E3XB_L3_COMP_F2/seed20240603/B0
3,B,E3XB_L3_COMP_F2,20240603,B1,L3,41,False,False,False,400.0,400.0,0.0,COMPLETED,AIR,runs/experiment3_cross_site/site_b_amsterdam/E3XB_L3_COMP_F2/seed20240603/B1
3,B,E3XB_L3_COMP_F2,20240603,B2,L3,41,False,False,False,400.0,400.0,0.0,COMPLETED,AIR,runs/experiment3_cross_site/site_b_amsterdam/E3XB_L3_COMP_F2/seed20240603/B2
3,B,E3XB_L3_COMP_F2,20240603,B4b,L3,41,False,False,False,400.0,400.0,0.0,COMPLETED,AIR,runs/experiment3_cross_site/site_b_amsterdam/E3XB_L3_COMP_F2/seed20240603/B4b
3,B,E3XB_L3_COMP_F2,20240604,B0,L3,241,True,False,False,1075.0,700.0,375.0,COMPLETED,GROUND,runs/experiment3_cross_site/site_b_amsterdam/E3XB_L3_COMP_F2/seed20240604/B0
3,B,E3XB_L3_COMP_F2,20240604,B1,L3,41,False,False,False,700.0,700.0,0.0,COMPLETED,AIR,runs/experiment3_cross_site/site_b_amsterdam/E3XB_L3_COMP_F2/seed20240604/B1
3,B,E3XB_L3_COMP_F2,20240604,B2,L3,41,False,False,False,700.0,700.0,0.0,COMPLETED,AIR,runs/experiment3_cross_site/site_b_amsterdam/E3XB_L3_COMP_F2/seed20240604/B2
3,B,E3XB_L3_COMP_F2,20240604,B4b,L3,41,False,False,False,700.0,700.0,0.0,COMPLETED,AIR,runs/experiment3_cross_site/site_b_amsterdam/E3XB_L3_COMP_F2/seed20240604/B4b
3,B,E3XB_L3_COMP_F2,20240605,B0,L3,241,True,False,False,1075.0,700.0,375.0,COMPLETED,GROUND,runs/experiment3_cross_site/site_b_amsterdam/E3XB_L3_COMP_F2/seed20240605/B0
3,B,E3XB_L3_COMP_F2,20240605,B1,L3,41,False,False,False,700.0,700.0,0.0,COMPLETED,AIR,runs/experiment3_cross_site/site_b_amsterdam/E3XB_L3_COMP_F2/seed20240605/B1
3,B,E3XB_L3_COMP_F2,20240605,B2,L3,41,False,False,False,700.0,700.0,0.0,COMPLETED,AIR,runs/experiment3_cross_site/site_b_amsterdam/E3XB_L3_COMP_F2/seed20240605/B2
3,B,E3XB_L3_COMP_F2,20240605,B4b,L3,41,False,False,False,700.0,700.0,0.0,COMPLETED,AIR,runs/experiment3_cross_site/site_b_amsterdam/E3XB_L3_COMP_F2/seed20240605/B4b
3,B,E3XB_L3_COMP_F2,20240606,B0,L3,241,True,False,False,775.0,400.0,375.0,COMPLETED,GROUND,runs/experiment3_cross_site/site_b_amsterdam/E3XB_L3_COMP_F2/seed20240606/B0
3,B,E3XB_L3_COMP_F2,20240606,B1,L3,41,False,False,False,400.0,400.0,0.0,COMPLETED,AIR,runs/experiment3_cross_site/site_b_amsterdam/E3XB_L3_COMP_F2/seed20240606/B1
3,B,E3XB_L3_COMP_F2,20240606,B2,L3,41,False,False,False,400.0,400.0,0.0,COMPLETED,AIR,runs/experiment3_cross_site/site_b_amsterdam/E3XB_L3_COMP_F2/seed20240606/B2
3,B,E3XB_L3_COMP_F2,20240606,B4b,L3,41,False,False,False,400.0,400.0,0.0,COMPLETED,AIR,runs/experiment3_cross_site/site_b_amsterdam/E3XB_L3_COMP_F2/seed20240606/B4b
3,B,E3XB_L3_COMP_F2,20240607,B0,L3,241,True,False,False,1075.0,700.0,375.0,COMPLETED,GROUND,runs/experiment3_cross_site/site_b_amsterdam/E3XB_L3_COMP_F2/seed20240607/B0
3,B,E3XB_L3_COMP_F2,20240607,B1,L3,41,False,False,False,700.0,700.0,0.0,COMPLETED,AIR,runs/experiment3_cross_site/site_b_amsterdam/E3XB_L3_COMP_F2/seed20240607/B1
3,B,E3XB_L3_COMP_F2,20240607,B2,L3,41,False,False,False,700.0,700.0,0.0,COMPLETED,AIR,runs/experiment3_cross_site/site_b_amsterdam/E3XB_L3_COMP_F2/seed20240607/B2
3,B,E3XB_L3_COMP_F2,20240607,B4b,L3,41,False,False,False,700.0,700.0,0.0,COMPLETED,AIR,runs/experiment3_cross_site/site_b_amsterdam/E3XB_L3_COMP_F2/seed20240607/B4b
3,B,E3XB_L3_COMP_F2,20240608,B0,L3,241,True,False,False,775.0,400.0,375.0,COMPLETED,GROUND,runs/experiment3_cross_site/site_b_amsterdam/E3XB_L3_COMP_F2/seed20240608/B0
3,B,E3XB_L3_COMP_F2,20240608,B1,L3,41,False,False,False,400.0,400.0,0.0,COMPLETED,AIR,runs/experiment3_cross_site/site_b_amsterdam/E3XB_L3_COMP_F2/seed20240608/B1
3,B,E3XB_L3_COMP_F2,20240608,B2,L3,41,False,False,False,400.0,400.0,0.0,COMPLETED,AIR,runs/experiment3_cross_site/site_b_amsterdam/E3XB_L3_COMP_F2/seed20240608/B2
3,B,E3XB_L3_COMP_F2,20240608,B4b,L3,41,False,False,False,400.0,400.0,0.0,COMPLETED,AIR,runs/experiment3_cross_site/site_b_amsterdam/E3XB_L3_COMP_F2/seed20240608/B4b
3,B,E3XB_L3_COMP_F2,20240609,B0,L3,241,True,False,False,775.0,400.0,375.0,COMPLETED,GROUND,runs/experiment3_cross_site/site_b_amsterdam/E3XB_L3_COMP_F2/seed20240609/B0
3,B,E3XB_L3_COMP_F2,20240609,B1,L3,41,False,False,False,400.0,400.0,0.0,COMPLETED,AIR,runs/experiment3_cross_site/site_b_amsterdam/E3XB_L3_COMP_F2/seed20240609/B1
3,B,E3XB_L3_COMP_F2,20240609,B2,L3,41,False,False,False,400.0,400.0,0.0,COMPLETED,AIR,runs/experiment3_cross_site/site_b_amsterdam/E3XB_L3_COMP_F2/seed20240609/B2
3,B,E3XB_L3_COMP_F2,20240609,B4b,L3,41,False,False,False,400.0,400.0,0.0,COMPLETED,AIR,runs/experiment3_cross_site/site_b_amsterdam/E3XB_L3_COMP_F2/seed20240609/B4b
3,B,E3XB_L3_COMP_F2,20240610,B0,L3,241,True,False,False,775.0,400.0,375.0,COMPLETED,GROUND,runs/experiment3_cross_site/site_b_amsterdam/E3XB_L3_COMP_F2/seed20240610/B0
3,B,E3XB_L3_COMP_F2,20240610,B1,L3,41,False,False,False,400.0,400.0,0.0,COMPLETED,AIR,runs/experiment3_cross_site/site_b_amsterdam/E3XB_L3_COMP_F2/seed20240610/B1
3,B,E3XB_L3_COMP_F2,20240610,B2,L3,41,False,False,False,400.0,400.0,0.0,COMPLETED,AIR,runs/experiment3_cross_site/site_b_amsterdam/E3XB_L3_COMP_F2/seed20240610/B2
3,B,E3XB_L3_COMP_F2,20240610,B4b,L3,41,False,False,False,400.0,400.0,0.0,COMPLETED,AIR,runs/experiment3_cross_site/site_b_amsterdam/E3XB_L3_COMP_F2/seed20240610/B4b
3,B,E3XB_L3_COMP_F2,20240611,B0,L3,241,True,False,False,775.0,400.0,375.0,COMPLETED,GROUND,runs/experiment3_cross_site/site_b_amsterdam/E3XB_L3_COMP_F2/seed20240611/B0
3,B,E3XB_L3_COMP_F2,20240611,B1,L3,41,False,False,False,400.0,400.0,0.0,COMPLETED,AIR,runs/experiment3_cross_site/site_b_amsterdam/E3XB_L3_COMP_F2/seed20240611/B1
3,B,E3XB_L3_COMP_F2,20240611,B2,L3,41,False,False,False,400.0,400.0,0.0,COMPLETED,AIR,runs/experiment3_cross_site/site_b_amsterdam/E3XB_L3_COMP_F2/seed20240611/B2
3,B,E3XB_L3_COMP_F2,20240611,B4b,L3,41,False,False,False,400.0,400.0,0.0,COMPLETED,AIR,runs/experiment3_cross_site/site_b_amsterdam/E3XB_L3_COMP_F2/seed20240611/B4b
3,B,E3XB_L3_COMP_F2,20240612,B0,L3,241,True,False,False,1075.0,700.0,375.0,COMPLETED,GROUND,runs/experiment3_cross_site/site_b_amsterdam/E3XB_L3_COMP_F2/seed20240612/B0
3,B,E3XB_L3_COMP_F2,20240612,B1,L3,41,False,False,False,700.0,700.0,0.0,COMPLETED,AIR,runs/experiment3_cross_site/site_b_amsterdam/E3XB_L3_COMP_F2/seed20240612/B1
3,B,E3XB_L3_COMP_F2,20240612,B2,L3,41,False,False,False,700.0,700.0,0.0,COMPLETED,AIR,runs/experiment3_cross_site/site_b_amsterdam/E3XB_L3_COMP_F2/seed20240612/B2
3,B,E3XB_L3_COMP_F2,20240612,B4b,L3,41,False,False,False,700.0,700.0,0.0,COMPLETED,AIR,runs/experiment3_cross_site/site_b_amsterdam/E3XB_L3_COMP_F2/seed20240612/B4b
3,B,E3XB_L3_COMP_F2,20240613,B0,L3,241,True,False,False,775.0,400.0,375.0,COMPLETED,GROUND,runs/experiment3_cross_site/site_b_amsterdam/E3XB_L3_COMP_F2/seed20240613/B0
3,B,E3XB_L3_COMP_F2,20240613,B1,L3,41,False,False,False,400.0,400.0,0.0,COMPLETED,AIR,runs/experiment3_cross_site/site_b_amsterdam/E3XB_L3_COMP_F2/seed20240613/B1
3,B,E3XB_L3_COMP_F2,20240613,B2,L3,41,False,False,False,400.0,400.0,0.0,COMPLETED,AIR,runs/experiment3_cross_site/site_b_amsterdam/E3XB_L3_COMP_F2/seed20240613/B2
3,B,E3XB_L3_COMP_F2,20240613,B4b,L3,41,False,False,False,400.0,400.0,0.0,COMPLETED,AIR,runs/experiment3_cross_site/site_b_amsterdam/E3XB_L3_COMP_F2/seed20240613/B4b
3,B,E3XB_L3_COMP_F2,20240614,B0,L3,241,True,False,False,775.0,400.0,375.0,COMPLETED,GROUND,runs/experiment3_cross_site/site_b_amsterdam/E3XB_L3_COMP_F2/seed20240614/B0
3,B,E3XB_L3_COMP_F2,20240614,B1,L3,41,False,False,False,400.0,400.0,0.0,COMPLETED,AIR,runs/experiment3_cross_site/site_b_amsterdam/E3XB_L3_COMP_F2/seed20240614/B1
3,B,E3XB_L3_COMP_F2,20240614,B2,L3,41,False,False,False,400.0,400.0,0.0,COMPLETED,AIR,runs/experiment3_cross_site/site_b_amsterdam/E3XB_L3_COMP_F2/seed20240614/B2
3,B,E3XB_L3_COMP_F2,20240614,B4b,L3,41,False,False,False,400.0,400.0,0.0,COMPLETED,AIR,runs/experiment3_cross_site/site_b_amsterdam/E3XB_L3_COMP_F2/seed20240614/B4b
3,B,E3XB_L3_COMP_F2,20240615,B0,L3,241,True,False,False,775.0,400.0,375.0,COMPLETED,GROUND,runs/experiment3_cross_site/site_b_amsterdam/E3XB_L3_COMP_F2/seed20240615/B0
3,B,E3XB_L3_COMP_F2,20240615,B1,L3,41,False,False,False,400.0,400.0,0.0,COMPLETED,AIR,runs/experiment3_cross_site/site_b_amsterdam/E3XB_L3_COMP_F2/seed20240615/B1
3,B,E3XB_L3_COMP_F2,20240615,B2,L3,41,False,False,False,400.0,400.0,0.0,COMPLETED,AIR,runs/experiment3_cross_site/site_b_amsterdam/E3XB_L3_COMP_F2/seed20240615/B2
3,B,E3XB_L3_COMP_F2,20240615,B4b,L3,41,False,False,False,400.0,400.0,0.0,COMPLETED,AIR,runs/experiment3_cross_site/site_b_amsterdam/E3XB_L3_COMP_F2/seed20240615/B4b
3,B,E3XB_L3_COMP_F2,20240616,B0,L3,241,True,False,False,775.0,400.0,375.0,COMPLETED,GROUND,runs/experiment3_cross_site/site_b_amsterdam/E3XB_L3_COMP_F2/seed20240616/B0
3,B,E3XB_L3_COMP_F2,20240616,B1,L3,41,False,False,False,400.0,400.0,0.0,COMPLETED,AIR,runs/experiment3_cross_site/site_b_amsterdam/E3XB_L3_COMP_F2/seed20240616/B1
3,B,E3XB_L3_COMP_F2,20240616,B2,L3,41,False,False,False,400.0,400.0,0.0,COMPLETED,AIR,runs/experiment3_cross_site/site_b_amsterdam/E3XB_L3_COMP_F2/seed20240616/B2
3,B,E3XB_L3_COMP_F2,20240616,B4b,L3,41,False,False,False,400.0,400.0,0.0,COMPLETED,AIR,runs/experiment3_cross_site/site_b_amsterdam/E3XB_L3_COMP_F2/seed20240616/B4b
3,B,E3XB_L3_COMP_F2,20240617,B0,L3,241,True,False,False,1075.0,700.0,375.0,COMPLETED,GROUND,runs/experiment3_cross_site/site_b_amsterdam/E3XB_L3_COMP_F2/seed20240617/B0
3,B,E3XB_L3_COMP_F2,20240617,B1,L3,41,False,False,False,700.0,700.0,0.0,COMPLETED,AIR,runs/experiment3_cross_site/site_b_amsterdam/E3XB_L3_COMP_F2/seed20240617/B1
3,B,E3XB_L3_COMP_F2,20240617,B2,L3,41,False,False,False,700.0,700.0,0.0,COMPLETED,AIR,runs/experiment3_cross_site/site_b_amsterdam/E3XB_L3_COMP_F2/seed20240617/B2
3,B,E3XB_L3_COMP_F2,20240617,B4b,L3,41,False,False,False,700.0,700.0,0.0,COMPLETED,AIR,runs/experiment3_cross_site/site_b_amsterdam/E3XB_L3_COMP_F2/seed20240617/B4b
3,B,E3XB_L3_COMP_F2,20240618,B0,L3,241,True,False,False,775.0,400.0,375.0,COMPLETED,GROUND,runs/experiment3_cross_site/site_b_amsterdam/E3XB_L3_COMP_F2/seed20240618/B0
3,B,E3XB_L3_COMP_F2,20240618,B1,L3,41,False,False,False,400.0,400.0,0.0,COMPLETED,AIR,runs/experiment3_cross_site/site_b_amsterdam/E3XB_L3_COMP_F2/seed20240618/B1
3,B,E3XB_L3_COMP_F2,20240618,B2,L3,41,False,False,False,400.0,400.0,0.0,COMPLETED,AIR,runs/experiment3_cross_site/site_b_amsterdam/E3XB_L3_COMP_F2/seed20240618/B2
3,B,E3XB_L3_COMP_F2,20240618,B4b,L3,41,False,False,False,400.0,400.0,0.0,COMPLETED,AIR,runs/experiment3_cross_site/site_b_amsterdam/E3XB_L3_COMP_F2/seed20240618/B4b
3,B,E3XB_L3_COMP_F2,20240619,B0,L3,241,True,False,False,775.0,400.0,375.0,COMPLETED,GROUND,runs/experiment3_cross_site/site_b_amsterdam/E3XB_L3_COMP_F2/seed20240619/B0
3,B,E3XB_L3_COMP_F2,20240619,B1,L3,41,False,False,False,400.0,400.0,0.0,COMPLETED,AIR,runs/experiment3_cross_site/site_b_amsterdam/E3XB_L3_COMP_F2/seed20240619/B1
3,B,E3XB_L3_COMP_F2,20240619,B2,L3,41,False,False,False,400.0,400.0,0.0,COMPLETED,AIR,runs/experiment3_cross_site/site_b_amsterdam/E3XB_L3_COMP_F2/seed20240619/B2
3,B,E3XB_L3_COMP_F2,20240619,B4b,L3,41,False,False,False,400.0,400.0,0.0,COMPLETED,AIR,runs/experiment3_cross_site/site_b_amsterdam/E3XB_L3_COMP_F2/seed20240619/B4b
3,B,E3XB_L3_COMP_F2,20240620,B0,L3,241,True,False,False,775.0,400.0,375.0,COMPLETED,GROUND,runs/experiment3_cross_site/site_b_amsterdam/E3XB_L3_COMP_F2/seed20240620/B0
3,B,E3XB_L3_COMP_F2,20240620,B1,L3,41,False,False,False,400.0,400.0,0.0,COMPLETED,AIR,runs/experiment3_cross_site/site_b_amsterdam/E3XB_L3_COMP_F2/seed20240620/B1
3,B,E3XB_L3_COMP_F2,20240620,B2,L3,41,False,False,False,400.0,400.0,0.0,COMPLETED,AIR,runs/experiment3_cross_site/site_b_amsterdam/E3XB_L3_COMP_F2/seed20240620/B2
3,B,E3XB_L3_COMP_F2,20240620,B4b,L3,41,False,False,False,400.0,400.0,0.0,COMPLETED,AIR,runs/experiment3_cross_site/site_b_amsterdam/E3XB_L3_COMP_F2/seed20240620/B4b
3,B,E3XB_L3_COMP_F4,20240601,B0,L3,241,True,False,False,1075.0,700.0,375.0,COMPLETED,GROUND,runs/experiment3_cross_site/site_b_amsterdam/E3XB_L3_COMP_F4/seed20240601/B0
3,B,E3XB_L3_COMP_F4,20240601,B1,L3,41,False,False,False,700.0,700.0,0.0,COMPLETED,AIR,runs/experiment3_cross_site/site_b_amsterdam/E3XB_L3_COMP_F4/seed20240601/B1
3,B,E3XB_L3_COMP_F4,20240601,B2,L3,41,False,False,False,700.0,700.0,0.0,COMPLETED,AIR,runs/experiment3_cross_site/site_b_amsterdam/E3XB_L3_COMP_F4/seed20240601/B2
3,B,E3XB_L3_COMP_F4,20240601,B4b,L3,41,False,False,False,700.0,700.0,0.0,COMPLETED,AIR,runs/experiment3_cross_site/site_b_amsterdam/E3XB_L3_COMP_F4/seed20240601/B4b
3,B,E3XB_L3_COMP_F4,20240602,B0,L3,241,True,False,False,1075.0,700.0,375.0,COMPLETED,GROUND,runs/experiment3_cross_site/site_b_amsterdam/E3XB_L3_COMP_F4/seed20240602/B0
3,B,E3XB_L3_COMP_F4,20240602,B1,L3,41,False,False,False,700.0,700.0,0.0,COMPLETED,AIR,runs/experiment3_cross_site/site_b_amsterdam/E3XB_L3_COMP_F4/seed20240602/B1
3,B,E3XB_L3_COMP_F4,20240602,B2,L3,41,False,False,False,700.0,700.0,0.0,COMPLETED,AIR,runs/experiment3_cross_site/site_b_amsterdam/E3XB_L3_COMP_F4/seed20240602/B2
3,B,E3XB_L3_COMP_F4,20240602,B4b,L3,41,False,False,False,700.0,700.0,0.0,COMPLETED,AIR,runs/experiment3_cross_site/site_b_amsterdam/E3XB_L3_COMP_F4/seed20240602/B4b
3,B,E3XB_L3_COMP_F4,20240603,B0,L3,241,True,False,False,1075.0,700.0,375.0,COMPLETED,GROUND,runs/experiment3_cross_site/site_b_amsterdam/E3XB_L3_COMP_F4/seed20240603/B0
3,B,E3XB_L3_COMP_F4,20240603,B1,L3,41,False,False,False,700.0,700.0,0.0,COMPLETED,AIR,runs/experiment3_cross_site/site_b_amsterdam/E3XB_L3_COMP_F4/seed20240603/B1
3,B,E3XB_L3_COMP_F4,20240603,B2,L3,41,False,False,False,700.0,700.0,0.0,COMPLETED,AIR,runs/experiment3_cross_site/site_b_amsterdam/E3XB_L3_COMP_F4/seed20240603/B2
3,B,E3XB_L3_COMP_F4,20240603,B4b,L3,41,False,False,False,700.0,700.0,0.0,COMPLETED,AIR,runs/experiment3_cross_site/site_b_amsterdam/E3XB_L3_COMP_F4/seed20240603/B4b
3,B,E3XB_L3_COMP_F4,20240604,B0,L3,241,True,False,False,1075.0,700.0,375.0,COMPLETED,GROUND,runs/experiment3_cross_site/site_b_amsterdam/E3XB_L3_COMP_F4/seed20240604/B0
3,B,E3XB_L3_COMP_F4,20240604,B1,L3,41,False,False,False,700.0,700.0,0.0,COMPLETED,AIR,runs/experiment3_cross_site/site_b_amsterdam/E3XB_L3_COMP_F4/seed20240604/B1
3,B,E3XB_L3_COMP_F4,20240604,B2,L3,41,False,False,False,700.0,700.0,0.0,COMPLETED,AIR,runs/experiment3_cross_site/site_b_amsterdam/E3XB_L3_COMP_F4/seed20240604/B2
3,B,E3XB_L3_COMP_F4,20240604,B4b,L3,41,False,False,False,700.0,700.0,0.0,COMPLETED,AIR,runs/experiment3_cross_site/site_b_amsterdam/E3XB_L3_COMP_F4/seed20240604/B4b
3,B,E3XB_L3_COMP_F4,20240605,B0,L3,241,True,False,False,1075.0,700.0,375.0,COMPLETED,GROUND,runs/experiment3_cross_site/site_b_amsterdam/E3XB_L3_COMP_F4/seed20240605/B0
3,B,E3XB_L3_COMP_F4,20240605,B1,L3,41,False,False,False,700.0,700.0,0.0,COMPLETED,AIR,runs/experiment3_cross_site/site_b_amsterdam/E3XB_L3_COMP_F4/seed20240605/B1
3,B,E3XB_L3_COMP_F4,20240605,B2,L3,41,False,False,False,700.0,700.0,0.0,COMPLETED,AIR,runs/experiment3_cross_site/site_b_amsterdam/E3XB_L3_COMP_F4/seed20240605/B2
3,B,E3XB_L3_COMP_F4,20240605,B4b,L3,41,False,False,False,700.0,700.0,0.0,COMPLETED,AIR,runs/experiment3_cross_site/site_b_amsterdam/E3XB_L3_COMP_F4/seed20240605/B4b
3,B,E3XB_L3_COMP_F4,20240606,B0,L3,241,True,False,False,1075.0,700.0,375.0,COMPLETED,GROUND,runs/experiment3_cross_site/site_b_amsterdam/E3XB_L3_COMP_F4/seed20240606/B0
3,B,E3XB_L3_COMP_F4,20240606,B1,L3,41,False,False,False,700.0,700.0,0.0,COMPLETED,AIR,runs/experiment3_cross_site/site_b_amsterdam/E3XB_L3_COMP_F4/seed20240606/B1
3,B,E3XB_L3_COMP_F4,20240606,B2,L3,41,False,False,False,700.0,700.0,0.0,COMPLETED,AIR,runs/experiment3_cross_site/site_b_amsterdam/E3XB_L3_COMP_F4/seed20240606/B2
3,B,E3XB_L3_COMP_F4,20240606,B4b,L3,41,False,False,False,700.0,700.0,0.0,COMPLETED,AIR,runs/experiment3_cross_site/site_b_amsterdam/E3XB_L3_COMP_F4/seed20240606/B4b
3,B,E3XB_L3_COMP_F4,20240607,B0,L3,241,True,False,False,1075.0,700.0,375.0,COMPLETED,GROUND,runs/experiment3_cross_site/site_b_amsterdam/E3XB_L3_COMP_F4/seed20240607/B0
3,B,E3XB_L3_COMP_F4,20240607,B1,L3,41,False,False,False,700.0,700.0,0.0,COMPLETED,AIR,runs/experiment3_cross_site/site_b_amsterdam/E3XB_L3_COMP_F4/seed20240607/B1
3,B,E3XB_L3_COMP_F4,20240607,B2,L3,41,False,False,False,700.0,700.0,0.0,COMPLETED,AIR,runs/experiment3_cross_site/site_b_amsterdam/E3XB_L3_COMP_F4/seed20240607/B2
3,B,E3XB_L3_COMP_F4,20240607,B4b,L3,41,False,False,False,700.0,700.0,0.0,COMPLETED,AIR,runs/experiment3_cross_site/site_b_amsterdam/E3XB_L3_COMP_F4/seed20240607/B4b
3,B,E3XB_L3_COMP_F4,20240608,B0,L3,241,True,False,False,1075.0,700.0,375.0,COMPLETED,GROUND,runs/experiment3_cross_site/site_b_amsterdam/E3XB_L3_COMP_F4/seed20240608/B0
3,B,E3XB_L3_COMP_F4,20240608,B1,L3,41,False,False,False,700.0,700.0,0.0,COMPLETED,AIR,runs/experiment3_cross_site/site_b_amsterdam/E3XB_L3_COMP_F4/seed20240608/B1
3,B,E3XB_L3_COMP_F4,20240608,B2,L3,41,False,False,False,700.0,700.0,0.0,COMPLETED,AIR,runs/experiment3_cross_site/site_b_amsterdam/E3XB_L3_COMP_F4/seed20240608/B2
3,B,E3XB_L3_COMP_F4,20240608,B4b,L3,41,False,False,False,700.0,700.0,0.0,COMPLETED,AIR,runs/experiment3_cross_site/site_b_amsterdam/E3XB_L3_COMP_F4/seed20240608/B4b
3,B,E3XB_L3_COMP_F4,20240609,B0,L3,241,True,False,False,1075.0,700.0,375.0,COMPLETED,GROUND,runs/experiment3_cross_site/site_b_amsterdam/E3XB_L3_COMP_F4/seed20240609/B0
3,B,E3XB_L3_COMP_F4,20240609,B1,L3,41,False,False,False,700.0,700.0,0.0,COMPLETED,AIR,runs/experiment3_cross_site/site_b_amsterdam/E3XB_L3_COMP_F4/seed20240609/B1
3,B,E3XB_L3_COMP_F4,20240609,B2,L3,41,False,False,False,700.0,700.0,0.0,COMPLETED,AIR,runs/experiment3_cross_site/site_b_amsterdam/E3XB_L3_COMP_F4/seed20240609/B2
3,B,E3XB_L3_COMP_F4,20240609,B4b,L3,41,False,False,False,700.0,700.0,0.0,COMPLETED,AIR,runs/experiment3_cross_site/site_b_amsterdam/E3XB_L3_COMP_F4/seed20240609/B4b
3,B,E3XB_L3_COMP_F4,20240610,B0,L3,241,True,False,False,1075.0,700.0,375.0,COMPLETED,GROUND,runs/experiment3_cross_site/site_b_amsterdam/E3XB_L3_COMP_F4/seed20240610/B0
3,B,E3XB_L3_COMP_F4,20240610,B1,L3,41,False,False,False,700.0,700.0,0.0,COMPLETED,AIR,runs/experiment3_cross_site/site_b_amsterdam/E3XB_L3_COMP_F4/seed20240610/B1
3,B,E3XB_L3_COMP_F4,20240610,B2,L3,41,False,False,False,700.0,700.0,0.0,COMPLETED,AIR,runs/experiment3_cross_site/site_b_amsterdam/E3XB_L3_COMP_F4/seed20240610/B2
3,B,E3XB_L3_COMP_F4,20240610,B4b,L3,41,False,False,False,700.0,700.0,0.0,COMPLETED,AIR,runs/experiment3_cross_site/site_b_amsterdam/E3XB_L3_COMP_F4/seed20240610/B4b
3,B,E3XB_L3_COMP_F4,20240611,B0,L3,241,True,False,False,1075.0,700.0,375.0,COMPLETED,GROUND,runs/experiment3_cross_site/site_b_amsterdam/E3XB_L3_COMP_F4/seed20240611/B0
3,B,E3XB_L3_COMP_F4,20240611,B1,L3,41,False,False,False,700.0,700.0,0.0,COMPLETED,AIR,runs/experiment3_cross_site/site_b_amsterdam/E3XB_L3_COMP_F4/seed20240611/B1
3,B,E3XB_L3_COMP_F4,20240611,B2,L3,41,False,False,False,700.0,700.0,0.0,COMPLETED,AIR,runs/experiment3_cross_site/site_b_amsterdam/E3XB_L3_COMP_F4/seed20240611/B2
3,B,E3XB_L3_COMP_F4,20240611,B4b,L3,41,False,False,False,700.0,700.0,0.0,COMPLETED,AIR,runs/experiment3_cross_site/site_b_amsterdam/E3XB_L3_COMP_F4/seed20240611/B4b
3,B,E3XB_L3_COMP_F4,20240612,B0,L3,241,True,False,False,1075.0,700.0,375.0,COMPLETED,GROUND,runs/experiment3_cross_site/site_b_amsterdam/E3XB_L3_COMP_F4/seed20240612/B0
3,B,E3XB_L3_COMP_F4,20240612,B1,L3,41,False,False,False,700.0,700.0,0.0,COMPLETED,AIR,runs/experiment3_cross_site/site_b_amsterdam/E3XB_L3_COMP_F4/seed20240612/B1
3,B,E3XB_L3_COMP_F4,20240612,B2,L3,41,False,False,False,700.0,700.0,0.0,COMPLETED,AIR,runs/experiment3_cross_site/site_b_amsterdam/E3XB_L3_COMP_F4/seed20240612/B2
3,B,E3XB_L3_COMP_F4,20240612,B4b,L3,41,False,False,False,700.0,700.0,0.0,COMPLETED,AIR,runs/experiment3_cross_site/site_b_amsterdam/E3XB_L3_COMP_F4/seed20240612/B4b
3,B,E3XB_L3_COMP_F4,20240613,B0,L3,241,True,False,False,1075.0,700.0,375.0,COMPLETED,GROUND,runs/experiment3_cross_site/site_b_amsterdam/E3XB_L3_COMP_F4/seed20240613/B0
3,B,E3XB_L3_COMP_F4,20240613,B1,L3,41,False,False,False,700.0,700.0,0.0,COMPLETED,AIR,runs/experiment3_cross_site/site_b_amsterdam/E3XB_L3_COMP_F4/seed20240613/B1
3,B,E3XB_L3_COMP_F4,20240613,B2,L3,41,False,False,False,700.0,700.0,0.0,COMPLETED,AIR,runs/experiment3_cross_site/site_b_amsterdam/E3XB_L3_COMP_F4/seed20240613/B2
3,B,E3XB_L3_COMP_F4,20240613,B4b,L3,41,False,False,False,700.0,700.0,0.0,COMPLETED,AIR,runs/experiment3_cross_site/site_b_amsterdam/E3XB_L3_COMP_F4/seed20240613/B4b
3,B,E3XB_L3_COMP_F4,20240614,B0,L3,241,True,False,False,1075.0,700.0,375.0,COMPLETED,GROUND,runs/experiment3_cross_site/site_b_amsterdam/E3XB_L3_COMP_F4/seed20240614/B0
3,B,E3XB_L3_COMP_F4,20240614,B1,L3,41,False,False,False,700.0,700.0,0.0,COMPLETED,AIR,runs/experiment3_cross_site/site_b_amsterdam/E3XB_L3_COMP_F4/seed20240614/B1
3,B,E3XB_L3_COMP_F4,20240614,B2,L3,41,False,False,False,700.0,700.0,0.0,COMPLETED,AIR,runs/experiment3_cross_site/site_b_amsterdam/E3XB_L3_COMP_F4/seed20240614/B2
3,B,E3XB_L3_COMP_F4,20240614,B4b,L3,41,False,False,False,700.0,700.0,0.0,COMPLETED,AIR,runs/experiment3_cross_site/site_b_amsterdam/E3XB_L3_COMP_F4/seed20240614/B4b
3,B,E3XB_L3_COMP_F4,20240615,B0,L3,241,True,False,False,1075.0,700.0,375.0,COMPLETED,GROUND,runs/experiment3_cross_site/site_b_amsterdam/E3XB_L3_COMP_F4/seed20240615/B0
3,B,E3XB_L3_COMP_F4,20240615,B1,L3,41,False,False,False,700.0,700.0,0.0,COMPLETED,AIR,runs/experiment3_cross_site/site_b_amsterdam/E3XB_L3_COMP_F4/seed20240615/B1
3,B,E3XB_L3_COMP_F4,20240615,B2,L3,41,False,False,False,700.0,700.0,0.0,COMPLETED,AIR,runs/experiment3_cross_site/site_b_amsterdam/E3XB_L3_COMP_F4/seed20240615/B2
3,B,E3XB_L3_COMP_F4,20240615,B4b,L3,41,False,False,False,700.0,700.0,0.0,COMPLETED,AIR,runs/experiment3_cross_site/site_b_amsterdam/E3XB_L3_COMP_F4/seed20240615/B4b
3,B,E3XB_L3_COMP_F4,20240616,B0,L3,241,True,False,False,1075.0,700.0,375.0,COMPLETED,GROUND,runs/experiment3_cross_site/site_b_amsterdam/E3XB_L3_COMP_F4/seed20240616/B0
3,B,E3XB_L3_COMP_F4,20240616,B1,L3,41,False,False,False,700.0,700.0,0.0,COMPLETED,AIR,runs/experiment3_cross_site/site_b_amsterdam/E3XB_L3_COMP_F4/seed20240616/B1
3,B,E3XB_L3_COMP_F4,20240616,B2,L3,41,False,False,False,700.0,700.0,0.0,COMPLETED,AIR,runs/experiment3_cross_site/site_b_amsterdam/E3XB_L3_COMP_F4/seed20240616/B2
3,B,E3XB_L3_COMP_F4,20240616,B4b,L3,41,False,False,False,700.0,700.0,0.0,COMPLETED,AIR,runs/experiment3_cross_site/site_b_amsterdam/E3XB_L3_COMP_F4/seed20240616/B4b
3,B,E3XB_L3_COMP_F4,20240617,B0,L3,241,True,False,False,1075.0,700.0,375.0,COMPLETED,GROUND,runs/experiment3_cross_site/site_b_amsterdam/E3XB_L3_COMP_F4/seed20240617/B0
3,B,E3XB_L3_COMP_F4,20240617,B1,L3,41,False,False,False,700.0,700.0,0.0,COMPLETED,AIR,runs/experiment3_cross_site/site_b_amsterdam/E3XB_L3_COMP_F4/seed20240617/B1
3,B,E3XB_L3_COMP_F4,20240617,B2,L3,41,False,False,False,700.0,700.0,0.0,COMPLETED,AIR,runs/experiment3_cross_site/site_b_amsterdam/E3XB_L3_COMP_F4/seed20240617/B2
3,B,E3XB_L3_COMP_F4,20240617,B4b,L3,41,False,False,False,700.0,700.0,0.0,COMPLETED,AIR,runs/experiment3_cross_site/site_b_amsterdam/E3XB_L3_COMP_F4/seed20240617/B4b
3,B,E3XB_L3_COMP_F4,20240618,B0,L3,241,True,False,False,1075.0,700.0,375.0,COMPLETED,GROUND,runs/experiment3_cross_site/site_b_amsterdam/E3XB_L3_COMP_F4/seed20240618/B0
3,B,E3XB_L3_COMP_F4,20240618,B1,L3,41,False,False,False,700.0,700.0,0.0,COMPLETED,AIR,runs/experiment3_cross_site/site_b_amsterdam/E3XB_L3_COMP_F4/seed20240618/B1
3,B,E3XB_L3_COMP_F4,20240618,B2,L3,41,False,False,False,700.0,700.0,0.0,COMPLETED,AIR,runs/experiment3_cross_site/site_b_amsterdam/E3XB_L3_COMP_F4/seed20240618/B2
3,B,E3XB_L3_COMP_F4,20240618,B4b,L3,41,False,False,False,700.0,700.0,0.0,COMPLETED,AIR,runs/experiment3_cross_site/site_b_amsterdam/E3XB_L3_COMP_F4/seed20240618/B4b
3,B,E3XB_L3_COMP_F4,20240619,B0,L3,241,True,False,False,1075.0,700.0,375.0,COMPLETED,GROUND,runs/experiment3_cross_site/site_b_amsterdam/E3XB_L3_COMP_F4/seed20240619/B0
3,B,E3XB_L3_COMP_F4,20240619,B1,L3,41,False,False,False,700.0,700.0,0.0,COMPLETED,AIR,runs/experiment3_cross_site/site_b_amsterdam/E3XB_L3_COMP_F4/seed20240619/B1
3,B,E3XB_L3_COMP_F4,20240619,B2,L3,41,False,False,False,700.0,700.0,0.0,COMPLETED,AIR,runs/experiment3_cross_site/site_b_amsterdam/E3XB_L3_COMP_F4/seed20240619/B2
3,B,E3XB_L3_COMP_F4,20240619,B4b,L3,41,False,False,False,700.0,700.0,0.0,COMPLETED,AIR,runs/experiment3_cross_site/site_b_amsterdam/E3XB_L3_COMP_F4/seed20240619/B4b
3,B,E3XB_L3_COMP_F4,20240620,B0,L3,241,True,False,False,1075.0,700.0,375.0,COMPLETED,GROUND,runs/experiment3_cross_site/site_b_amsterdam/E3XB_L3_COMP_F4/seed20240620/B0
3,B,E3XB_L3_COMP_F4,20240620,B1,L3,41,False,False,False,700.0,700.0,0.0,COMPLETED,AIR,runs/experiment3_cross_site/site_b_amsterdam/E3XB_L3_COMP_F4/seed20240620/B1
3,B,E3XB_L3_COMP_F4,20240620,B2,L3,41,False,False,False,700.0,700.0,0.0,COMPLETED,AIR,runs/experiment3_cross_site/site_b_amsterdam/E3XB_L3_COMP_F4/seed20240620/B2
3,B,E3XB_L3_COMP_F4,20240620,B4b,L3,41,False,False,False,700.0,700.0,0.0,COMPLETED,AIR,runs/experiment3_cross_site/site_b_amsterdam/E3XB_L3_COMP_F4/seed20240620/B4b
3,B,E3XB_L3_COMP_F5,20240601,B0,L3,241,True,False,False,1075.0,700.0,375.0,COMPLETED,GROUND,runs/experiment3_cross_site/site_b_amsterdam/E3XB_L3_COMP_F5/seed20240601/B0
3,B,E3XB_L3_COMP_F5,20240601,B1,L3,41,False,False,False,700.0,700.0,0.0,COMPLETED,AIR,runs/experiment3_cross_site/site_b_amsterdam/E3XB_L3_COMP_F5/seed20240601/B1
3,B,E3XB_L3_COMP_F5,20240601,B2,L3,41,False,False,False,700.0,700.0,0.0,COMPLETED,AIR,runs/experiment3_cross_site/site_b_amsterdam/E3XB_L3_COMP_F5/seed20240601/B2
3,B,E3XB_L3_COMP_F5,20240601,B4b,L3,41,False,False,False,700.0,700.0,0.0,COMPLETED,AIR,runs/experiment3_cross_site/site_b_amsterdam/E3XB_L3_COMP_F5/seed20240601/B4b
3,B,E3XB_L3_COMP_F5,20240602,B0,L3,241,True,False,False,1075.0,700.0,375.0,COMPLETED,GROUND,runs/experiment3_cross_site/site_b_amsterdam/E3XB_L3_COMP_F5/seed20240602/B0
3,B,E3XB_L3_COMP_F5,20240602,B1,L3,41,False,False,False,700.0,700.0,0.0,COMPLETED,AIR,runs/experiment3_cross_site/site_b_amsterdam/E3XB_L3_COMP_F5/seed20240602/B1
3,B,E3XB_L3_COMP_F5,20240602,B2,L3,41,False,False,False,700.0,700.0,0.0,COMPLETED,AIR,runs/experiment3_cross_site/site_b_amsterdam/E3XB_L3_COMP_F5/seed20240602/B2
3,B,E3XB_L3_COMP_F5,20240602,B4b,L3,41,False,False,False,700.0,700.0,0.0,COMPLETED,AIR,runs/experiment3_cross_site/site_b_amsterdam/E3XB_L3_COMP_F5/seed20240602/B4b
3,B,E3XB_L3_COMP_F5,20240603,B0,L3,241,True,False,False,1075.0,700.0,375.0,COMPLETED,GROUND,runs/experiment3_cross_site/site_b_amsterdam/E3XB_L3_COMP_F5/seed20240603/B0
3,B,E3XB_L3_COMP_F5,20240603,B1,L3,41,False,False,False,700.0,700.0,0.0,COMPLETED,AIR,runs/experiment3_cross_site/site_b_amsterdam/E3XB_L3_COMP_F5/seed20240603/B1
3,B,E3XB_L3_COMP_F5,20240603,B2,L3,41,False,False,False,700.0,700.0,0.0,COMPLETED,AIR,runs/experiment3_cross_site/site_b_amsterdam/E3XB_L3_COMP_F5/seed20240603/B2
3,B,E3XB_L3_COMP_F5,20240603,B4b,L3,41,False,False,False,700.0,700.0,0.0,COMPLETED,AIR,runs/experiment3_cross_site/site_b_amsterdam/E3XB_L3_COMP_F5/seed20240603/B4b
3,B,E3XB_L3_COMP_F5,20240604,B0,L3,241,True,False,False,1075.0,700.0,375.0,COMPLETED,GROUND,runs/experiment3_cross_site/site_b_amsterdam/E3XB_L3_COMP_F5/seed20240604/B0
3,B,E3XB_L3_COMP_F5,20240604,B1,L3,41,False,False,False,700.0,700.0,0.0,COMPLETED,AIR,runs/experiment3_cross_site/site_b_amsterdam/E3XB_L3_COMP_F5/seed20240604/B1
3,B,E3XB_L3_COMP_F5,20240604,B2,L3,41,False,False,False,700.0,700.0,0.0,COMPLETED,AIR,runs/experiment3_cross_site/site_b_amsterdam/E3XB_L3_COMP_F5/seed20240604/B2
3,B,E3XB_L3_COMP_F5,20240604,B4b,L3,41,False,False,False,700.0,700.0,0.0,COMPLETED,AIR,runs/experiment3_cross_site/site_b_amsterdam/E3XB_L3_COMP_F5/seed20240604/B4b
3,B,E3XB_L3_COMP_F5,20240605,B0,L3,241,True,False,False,1075.0,700.0,375.0,COMPLETED,GROUND,runs/experiment3_cross_site/site_b_amsterdam/E3XB_L3_COMP_F5/seed20240605/B0
3,B,E3XB_L3_COMP_F5,20240605,B1,L3,41,False,False,False,700.0,700.0,0.0,COMPLETED,AIR,runs/experiment3_cross_site/site_b_amsterdam/E3XB_L3_COMP_F5/seed20240605/B1
3,B,E3XB_L3_COMP_F5,20240605,B2,L3,41,False,False,False,700.0,700.0,0.0,COMPLETED,AIR,runs/experiment3_cross_site/site_b_amsterdam/E3XB_L3_COMP_F5/seed20240605/B2
3,B,E3XB_L3_COMP_F5,20240605,B4b,L3,41,False,False,False,700.0,700.0,0.0,COMPLETED,AIR,runs/experiment3_cross_site/site_b_amsterdam/E3XB_L3_COMP_F5/seed20240605/B4b
3,B,E3XB_L3_COMP_F5,20240606,B0,L3,241,True,False,False,1075.0,700.0,375.0,COMPLETED,GROUND,runs/experiment3_cross_site/site_b_amsterdam/E3XB_L3_COMP_F5/seed20240606/B0
3,B,E3XB_L3_COMP_F5,20240606,B1,L3,41,False,False,False,700.0,700.0,0.0,COMPLETED,AIR,runs/experiment3_cross_site/site_b_amsterdam/E3XB_L3_COMP_F5/seed20240606/B1
3,B,E3XB_L3_COMP_F5,20240606,B2,L3,41,False,False,False,700.0,700.0,0.0,COMPLETED,AIR,runs/experiment3_cross_site/site_b_amsterdam/E3XB_L3_COMP_F5/seed20240606/B2
3,B,E3XB_L3_COMP_F5,20240606,B4b,L3,41,False,False,False,700.0,700.0,0.0,COMPLETED,AIR,runs/experiment3_cross_site/site_b_amsterdam/E3XB_L3_COMP_F5/seed20240606/B4b
3,B,E3XB_L3_COMP_F5,20240607,B0,L3,241,True,False,False,1075.0,700.0,375.0,COMPLETED,GROUND,runs/experiment3_cross_site/site_b_amsterdam/E3XB_L3_COMP_F5/seed20240607/B0
3,B,E3XB_L3_COMP_F5,20240607,B1,L3,41,False,False,False,700.0,700.0,0.0,COMPLETED,AIR,runs/experiment3_cross_site/site_b_amsterdam/E3XB_L3_COMP_F5/seed20240607/B1
3,B,E3XB_L3_COMP_F5,20240607,B2,L3,41,False,False,False,700.0,700.0,0.0,COMPLETED,AIR,runs/experiment3_cross_site/site_b_amsterdam/E3XB_L3_COMP_F5/seed20240607/B2
3,B,E3XB_L3_COMP_F5,20240607,B4b,L3,41,False,False,False,700.0,700.0,0.0,COMPLETED,AIR,runs/experiment3_cross_site/site_b_amsterdam/E3XB_L3_COMP_F5/seed20240607/B4b
3,B,E3XB_L3_COMP_F5,20240608,B0,L3,241,True,False,False,1075.0,700.0,375.0,COMPLETED,GROUND,runs/experiment3_cross_site/site_b_amsterdam/E3XB_L3_COMP_F5/seed20240608/B0
3,B,E3XB_L3_COMP_F5,20240608,B1,L3,41,False,False,False,700.0,700.0,0.0,COMPLETED,AIR,runs/experiment3_cross_site/site_b_amsterdam/E3XB_L3_COMP_F5/seed20240608/B1
3,B,E3XB_L3_COMP_F5,20240608,B2,L3,41,False,False,False,700.0,700.0,0.0,COMPLETED,AIR,runs/experiment3_cross_site/site_b_amsterdam/E3XB_L3_COMP_F5/seed20240608/B2
3,B,E3XB_L3_COMP_F5,20240608,B4b,L3,41,False,False,False,700.0,700.0,0.0,COMPLETED,AIR,runs/experiment3_cross_site/site_b_amsterdam/E3XB_L3_COMP_F5/seed20240608/B4b
3,B,E3XB_L3_COMP_F5,20240609,B0,L3,241,True,False,False,1075.0,700.0,375.0,COMPLETED,GROUND,runs/experiment3_cross_site/site_b_amsterdam/E3XB_L3_COMP_F5/seed20240609/B0
3,B,E3XB_L3_COMP_F5,20240609,B1,L3,41,False,False,False,700.0,700.0,0.0,COMPLETED,AIR,runs/experiment3_cross_site/site_b_amsterdam/E3XB_L3_COMP_F5/seed20240609/B1
3,B,E3XB_L3_COMP_F5,20240609,B2,L3,41,False,False,False,700.0,700.0,0.0,COMPLETED,AIR,runs/experiment3_cross_site/site_b_amsterdam/E3XB_L3_COMP_F5/seed20240609/B2
3,B,E3XB_L3_COMP_F5,20240609,B4b,L3,41,False,False,False,700.0,700.0,0.0,COMPLETED,AIR,runs/experiment3_cross_site/site_b_amsterdam/E3XB_L3_COMP_F5/seed20240609/B4b
3,B,E3XB_L3_COMP_F5,20240610,B0,L3,241,True,False,False,1075.0,700.0,375.0,COMPLETED,GROUND,runs/experiment3_cross_site/site_b_amsterdam/E3XB_L3_COMP_F5/seed20240610/B0
3,B,E3XB_L3_COMP_F5,20240610,B1,L3,41,False,False,False,700.0,700.0,0.0,COMPLETED,AIR,runs/experiment3_cross_site/site_b_amsterdam/E3XB_L3_COMP_F5/seed20240610/B1
3,B,E3XB_L3_COMP_F5,20240610,B2,L3,41,False,False,False,700.0,700.0,0.0,COMPLETED,AIR,runs/experiment3_cross_site/site_b_amsterdam/E3XB_L3_COMP_F5/seed20240610/B2
3,B,E3XB_L3_COMP_F5,20240610,B4b,L3,41,False,False,False,700.0,700.0,0.0,COMPLETED,AIR,runs/experiment3_cross_site/site_b_amsterdam/E3XB_L3_COMP_F5/seed20240610/B4b
3,B,E3XB_L3_COMP_F5,20240611,B0,L3,241,True,False,False,1075.0,700.0,375.0,COMPLETED,GROUND,runs/experiment3_cross_site/site_b_amsterdam/E3XB_L3_COMP_F5/seed20240611/B0
3,B,E3XB_L3_COMP_F5,20240611,B1,L3,41,False,False,False,700.0,700.0,0.0,COMPLETED,AIR,runs/experiment3_cross_site/site_b_amsterdam/E3XB_L3_COMP_F5/seed20240611/B1
3,B,E3XB_L3_COMP_F5,20240611,B2,L3,41,False,False,False,700.0,700.0,0.0,COMPLETED,AIR,runs/experiment3_cross_site/site_b_amsterdam/E3XB_L3_COMP_F5/seed20240611/B2
3,B,E3XB_L3_COMP_F5,20240611,B4b,L3,41,False,False,False,700.0,700.0,0.0,COMPLETED,AIR,runs/experiment3_cross_site/site_b_amsterdam/E3XB_L3_COMP_F5/seed20240611/B4b
3,B,E3XB_L3_COMP_F5,20240612,B0,L3,241,True,False,False,1075.0,700.0,375.0,COMPLETED,GROUND,runs/experiment3_cross_site/site_b_amsterdam/E3XB_L3_COMP_F5/seed20240612/B0
3,B,E3XB_L3_COMP_F5,20240612,B1,L3,41,False,False,False,700.0,700.0,0.0,COMPLETED,AIR,runs/experiment3_cross_site/site_b_amsterdam/E3XB_L3_COMP_F5/seed20240612/B1
3,B,E3XB_L3_COMP_F5,20240612,B2,L3,41,False,False,False,700.0,700.0,0.0,COMPLETED,AIR,runs/experiment3_cross_site/site_b_amsterdam/E3XB_L3_COMP_F5/seed20240612/B2
3,B,E3XB_L3_COMP_F5,20240612,B4b,L3,41,False,False,False,700.0,700.0,0.0,COMPLETED,AIR,runs/experiment3_cross_site/site_b_amsterdam/E3XB_L3_COMP_F5/seed20240612/B4b
3,B,E3XB_L3_COMP_F5,20240613,B0,L3,241,True,False,False,1075.0,700.0,375.0,COMPLETED,GROUND,runs/experiment3_cross_site/site_b_amsterdam/E3XB_L3_COMP_F5/seed20240613/B0
3,B,E3XB_L3_COMP_F5,20240613,B1,L3,41,False,False,False,700.0,700.0,0.0,COMPLETED,AIR,runs/experiment3_cross_site/site_b_amsterdam/E3XB_L3_COMP_F5/seed20240613/B1
3,B,E3XB_L3_COMP_F5,20240613,B2,L3,41,False,False,False,700.0,700.0,0.0,COMPLETED,AIR,runs/experiment3_cross_site/site_b_amsterdam/E3XB_L3_COMP_F5/seed20240613/B2
3,B,E3XB_L3_COMP_F5,20240613,B4b,L3,41,False,False,False,700.0,700.0,0.0,COMPLETED,AIR,runs/experiment3_cross_site/site_b_amsterdam/E3XB_L3_COMP_F5/seed20240613/B4b
3,B,E3XB_L3_COMP_F5,20240614,B0,L3,241,True,False,False,1075.0,700.0,375.0,COMPLETED,GROUND,runs/experiment3_cross_site/site_b_amsterdam/E3XB_L3_COMP_F5/seed20240614/B0
3,B,E3XB_L3_COMP_F5,20240614,B1,L3,41,False,False,False,700.0,700.0,0.0,COMPLETED,AIR,runs/experiment3_cross_site/site_b_amsterdam/E3XB_L3_COMP_F5/seed20240614/B1
3,B,E3XB_L3_COMP_F5,20240614,B2,L3,41,False,False,False,700.0,700.0,0.0,COMPLETED,AIR,runs/experiment3_cross_site/site_b_amsterdam/E3XB_L3_COMP_F5/seed20240614/B2
3,B,E3XB_L3_COMP_F5,20240614,B4b,L3,41,False,False,False,700.0,700.0,0.0,COMPLETED,AIR,runs/experiment3_cross_site/site_b_amsterdam/E3XB_L3_COMP_F5/seed20240614/B4b
3,B,E3XB_L3_COMP_F5,20240615,B0,L3,241,True,False,False,1075.0,700.0,375.0,COMPLETED,GROUND,runs/experiment3_cross_site/site_b_amsterdam/E3XB_L3_COMP_F5/seed20240615/B0
3,B,E3XB_L3_COMP_F5,20240615,B1,L3,41,False,False,False,700.0,700.0,0.0,COMPLETED,AIR,runs/experiment3_cross_site/site_b_amsterdam/E3XB_L3_COMP_F5/seed20240615/B1
3,B,E3XB_L3_COMP_F5,20240615,B2,L3,41,False,False,False,700.0,700.0,0.0,COMPLETED,AIR,runs/experiment3_cross_site/site_b_amsterdam/E3XB_L3_COMP_F5/seed20240615/B2
3,B,E3XB_L3_COMP_F5,20240615,B4b,L3,41,False,False,False,700.0,700.0,0.0,COMPLETED,AIR,runs/experiment3_cross_site/site_b_amsterdam/E3XB_L3_COMP_F5/seed20240615/B4b
3,B,E3XB_L3_COMP_F5,20240616,B0,L3,241,True,False,False,1075.0,700.0,375.0,COMPLETED,GROUND,runs/experiment3_cross_site/site_b_amsterdam/E3XB_L3_COMP_F5/seed20240616/B0
3,B,E3XB_L3_COMP_F5,20240616,B1,L3,41,False,False,False,700.0,700.0,0.0,COMPLETED,AIR,runs/experiment3_cross_site/site_b_amsterdam/E3XB_L3_COMP_F5/seed20240616/B1
3,B,E3XB_L3_COMP_F5,20240616,B2,L3,41,False,False,False,700.0,700.0,0.0,COMPLETED,AIR,runs/experiment3_cross_site/site_b_amsterdam/E3XB_L3_COMP_F5/seed20240616/B2
3,B,E3XB_L3_COMP_F5,20240616,B4b,L3,41,False,False,False,700.0,700.0,0.0,COMPLETED,AIR,runs/experiment3_cross_site/site_b_amsterdam/E3XB_L3_COMP_F5/seed20240616/B4b
3,B,E3XB_L3_COMP_F5,20240617,B0,L3,241,True,False,False,1075.0,700.0,375.0,COMPLETED,GROUND,runs/experiment3_cross_site/site_b_amsterdam/E3XB_L3_COMP_F5/seed20240617/B0
3,B,E3XB_L3_COMP_F5,20240617,B1,L3,41,False,False,False,700.0,700.0,0.0,COMPLETED,AIR,runs/experiment3_cross_site/site_b_amsterdam/E3XB_L3_COMP_F5/seed20240617/B1
3,B,E3XB_L3_COMP_F5,20240617,B2,L3,41,False,False,False,700.0,700.0,0.0,COMPLETED,AIR,runs/experiment3_cross_site/site_b_amsterdam/E3XB_L3_COMP_F5/seed20240617/B2
3,B,E3XB_L3_COMP_F5,20240617,B4b,L3,41,False,False,False,700.0,700.0,0.0,COMPLETED,AIR,runs/experiment3_cross_site/site_b_amsterdam/E3XB_L3_COMP_F5/seed20240617/B4b
3,B,E3XB_L3_COMP_F5,20240618,B0,L3,241,True,False,False,1075.0,700.0,375.0,COMPLETED,GROUND,runs/experiment3_cross_site/site_b_amsterdam/E3XB_L3_COMP_F5/seed20240618/B0
3,B,E3XB_L3_COMP_F5,20240618,B1,L3,41,False,False,False,700.0,700.0,0.0,COMPLETED,AIR,runs/experiment3_cross_site/site_b_amsterdam/E3XB_L3_COMP_F5/seed20240618/B1
3,B,E3XB_L3_COMP_F5,20240618,B2,L3,41,False,False,False,700.0,700.0,0.0,COMPLETED,AIR,runs/experiment3_cross_site/site_b_amsterdam/E3XB_L3_COMP_F5/seed20240618/B2
3,B,E3XB_L3_COMP_F5,20240618,B4b,L3,41,False,False,False,700.0,700.0,0.0,COMPLETED,AIR,runs/experiment3_cross_site/site_b_amsterdam/E3XB_L3_COMP_F5/seed20240618/B4b
3,B,E3XB_L3_COMP_F5,20240619,B0,L3,241,True,False,False,1075.0,700.0,375.0,COMPLETED,GROUND,runs/experiment3_cross_site/site_b_amsterdam/E3XB_L3_COMP_F5/seed20240619/B0
3,B,E3XB_L3_COMP_F5,20240619,B1,L3,41,False,False,False,700.0,700.0,0.0,COMPLETED,AIR,runs/experiment3_cross_site/site_b_amsterdam/E3XB_L3_COMP_F5/seed20240619/B1
3,B,E3XB_L3_COMP_F5,20240619,B2,L3,41,False,False,False,700.0,700.0,0.0,COMPLETED,AIR,runs/experiment3_cross_site/site_b_amsterdam/E3XB_L3_COMP_F5/seed20240619/B2
3,B,E3XB_L3_COMP_F5,20240619,B4b,L3,41,False,False,False,700.0,700.0,0.0,COMPLETED,AIR,runs/experiment3_cross_site/site_b_amsterdam/E3XB_L3_COMP_F5/seed20240619/B4b
3,B,E3XB_L3_COMP_F5,20240620,B0,L3,241,True,False,False,1075.0,700.0,375.0,COMPLETED,GROUND,runs/experiment3_cross_site/site_b_amsterdam/E3XB_L3_COMP_F5/seed20240620/B0
3,B,E3XB_L3_COMP_F5,20240620,B1,L3,41,False,False,False,700.0,700.0,0.0,COMPLETED,AIR,runs/experiment3_cross_site/site_b_amsterdam/E3XB_L3_COMP_F5/seed20240620/B1
3,B,E3XB_L3_COMP_F5,20240620,B2,L3,41,False,False,False,700.0,700.0,0.0,COMPLETED,AIR,runs/experiment3_cross_site/site_b_amsterdam/E3XB_L3_COMP_F5/seed20240620/B2
3,B,E3XB_L3_COMP_F5,20240620,B4b,L3,41,False,False,False,700.0,700.0,0.0,COMPLETED,AIR,runs/experiment3_cross_site/site_b_amsterdam/E3XB_L3_COMP_F5/seed20240620/B4b
3,B,E3XB_L4_A,20240601,B0,L4,241,True,False,False,675.0,300.0,375.0,COMPLETED,GROUND,runs/experiment3_cross_site/site_b_amsterdam/E3XB_L4_A/seed20240601/B0
3,B,E3XB_L4_A,20240601,B1,L4,41,False,False,False,635.0,300.0,335.0,COMPLETED,GROUND,runs/experiment3_cross_site/site_b_amsterdam/E3XB_L4_A/seed20240601/B1
3,B,E3XB_L4_A,20240601,B2,L4,41,False,False,False,635.0,300.0,335.0,COMPLETED,GROUND,runs/experiment3_cross_site/site_b_amsterdam/E3XB_L4_A/seed20240601/B2
3,B,E3XB_L4_A,20240601,B4b,L4,41,False,False,False,635.0,300.0,335.0,COMPLETED,GROUND,runs/experiment3_cross_site/site_b_amsterdam/E3XB_L4_A/seed20240601/B4b
3,B,E3XB_L4_A,20240602,B0,L4,241,True,False,False,675.0,300.0,375.0,COMPLETED,GROUND,runs/experiment3_cross_site/site_b_amsterdam/E3XB_L4_A/seed20240602/B0
3,B,E3XB_L4_A,20240602,B1,L4,41,False,False,False,635.0,300.0,335.0,COMPLETED,GROUND,runs/experiment3_cross_site/site_b_amsterdam/E3XB_L4_A/seed20240602/B1
3,B,E3XB_L4_A,20240602,B2,L4,41,False,False,False,635.0,300.0,335.0,COMPLETED,GROUND,runs/experiment3_cross_site/site_b_amsterdam/E3XB_L4_A/seed20240602/B2
3,B,E3XB_L4_A,20240602,B4b,L4,41,False,False,False,635.0,300.0,335.0,COMPLETED,GROUND,runs/experiment3_cross_site/site_b_amsterdam/E3XB_L4_A/seed20240602/B4b
3,B,E3XB_L4_A,20240603,B0,L4,241,True,False,False,675.0,300.0,375.0,COMPLETED,GROUND,runs/experiment3_cross_site/site_b_amsterdam/E3XB_L4_A/seed20240603/B0
3,B,E3XB_L4_A,20240603,B1,L4,41,False,False,False,635.0,300.0,335.0,COMPLETED,GROUND,runs/experiment3_cross_site/site_b_amsterdam/E3XB_L4_A/seed20240603/B1
3,B,E3XB_L4_A,20240603,B2,L4,41,False,False,False,635.0,300.0,335.0,COMPLETED,GROUND,runs/experiment3_cross_site/site_b_amsterdam/E3XB_L4_A/seed20240603/B2
3,B,E3XB_L4_A,20240603,B4b,L4,41,False,False,False,635.0,300.0,335.0,COMPLETED,GROUND,runs/experiment3_cross_site/site_b_amsterdam/E3XB_L4_A/seed20240603/B4b
3,B,E3XB_L4_A,20240604,B0,L4,241,True,False,False,675.0,300.0,375.0,COMPLETED,GROUND,runs/experiment3_cross_site/site_b_amsterdam/E3XB_L4_A/seed20240604/B0
3,B,E3XB_L4_A,20240604,B1,L4,41,False,False,False,635.0,300.0,335.0,COMPLETED,GROUND,runs/experiment3_cross_site/site_b_amsterdam/E3XB_L4_A/seed20240604/B1
3,B,E3XB_L4_A,20240604,B2,L4,41,False,False,False,635.0,300.0,335.0,COMPLETED,GROUND,runs/experiment3_cross_site/site_b_amsterdam/E3XB_L4_A/seed20240604/B2
3,B,E3XB_L4_A,20240604,B4b,L4,41,False,False,False,635.0,300.0,335.0,COMPLETED,GROUND,runs/experiment3_cross_site/site_b_amsterdam/E3XB_L4_A/seed20240604/B4b
3,B,E3XB_L4_A,20240605,B0,L4,241,True,False,False,675.0,300.0,375.0,COMPLETED,GROUND,runs/experiment3_cross_site/site_b_amsterdam/E3XB_L4_A/seed20240605/B0
3,B,E3XB_L4_A,20240605,B1,L4,41,False,False,False,635.0,300.0,335.0,COMPLETED,GROUND,runs/experiment3_cross_site/site_b_amsterdam/E3XB_L4_A/seed20240605/B1
3,B,E3XB_L4_A,20240605,B2,L4,41,False,False,False,635.0,300.0,335.0,COMPLETED,GROUND,runs/experiment3_cross_site/site_b_amsterdam/E3XB_L4_A/seed20240605/B2
3,B,E3XB_L4_A,20240605,B4b,L4,41,False,False,False,635.0,300.0,335.0,COMPLETED,GROUND,runs/experiment3_cross_site/site_b_amsterdam/E3XB_L4_A/seed20240605/B4b
3,B,E3XB_L4_A,20240606,B0,L4,241,True,False,False,675.0,300.0,375.0,COMPLETED,GROUND,runs/experiment3_cross_site/site_b_amsterdam/E3XB_L4_A/seed20240606/B0
3,B,E3XB_L4_A,20240606,B1,L4,41,False,False,False,635.0,300.0,335.0,COMPLETED,GROUND,runs/experiment3_cross_site/site_b_amsterdam/E3XB_L4_A/seed20240606/B1
3,B,E3XB_L4_A,20240606,B2,L4,41,False,False,False,635.0,300.0,335.0,COMPLETED,GROUND,runs/experiment3_cross_site/site_b_amsterdam/E3XB_L4_A/seed20240606/B2
3,B,E3XB_L4_A,20240606,B4b,L4,41,False,False,False,635.0,300.0,335.0,COMPLETED,GROUND,runs/experiment3_cross_site/site_b_amsterdam/E3XB_L4_A/seed20240606/B4b
3,B,E3XB_L4_A,20240607,B0,L4,241,True,False,False,675.0,300.0,375.0,COMPLETED,GROUND,runs/experiment3_cross_site/site_b_amsterdam/E3XB_L4_A/seed20240607/B0
3,B,E3XB_L4_A,20240607,B1,L4,41,False,False,False,635.0,300.0,335.0,COMPLETED,GROUND,runs/experiment3_cross_site/site_b_amsterdam/E3XB_L4_A/seed20240607/B1
3,B,E3XB_L4_A,20240607,B2,L4,41,False,False,False,635.0,300.0,335.0,COMPLETED,GROUND,runs/experiment3_cross_site/site_b_amsterdam/E3XB_L4_A/seed20240607/B2
3,B,E3XB_L4_A,20240607,B4b,L4,41,False,False,False,635.0,300.0,335.0,COMPLETED,GROUND,runs/experiment3_cross_site/site_b_amsterdam/E3XB_L4_A/seed20240607/B4b
3,B,E3XB_L4_A,20240608,B0,L4,241,True,False,False,675.0,300.0,375.0,COMPLETED,GROUND,runs/experiment3_cross_site/site_b_amsterdam/E3XB_L4_A/seed20240608/B0
3,B,E3XB_L4_A,20240608,B1,L4,41,False,False,False,635.0,300.0,335.0,COMPLETED,GROUND,runs/experiment3_cross_site/site_b_amsterdam/E3XB_L4_A/seed20240608/B1
3,B,E3XB_L4_A,20240608,B2,L4,41,False,False,False,635.0,300.0,335.0,COMPLETED,GROUND,runs/experiment3_cross_site/site_b_amsterdam/E3XB_L4_A/seed20240608/B2
3,B,E3XB_L4_A,20240608,B4b,L4,41,False,False,False,635.0,300.0,335.0,COMPLETED,GROUND,runs/experiment3_cross_site/site_b_amsterdam/E3XB_L4_A/seed20240608/B4b
3,B,E3XB_L4_A,20240609,B0,L4,241,True,False,False,675.0,300.0,375.0,COMPLETED,GROUND,runs/experiment3_cross_site/site_b_amsterdam/E3XB_L4_A/seed20240609/B0
3,B,E3XB_L4_A,20240609,B1,L4,41,False,False,False,635.0,300.0,335.0,COMPLETED,GROUND,runs/experiment3_cross_site/site_b_amsterdam/E3XB_L4_A/seed20240609/B1
3,B,E3XB_L4_A,20240609,B2,L4,41,False,False,False,635.0,300.0,335.0,COMPLETED,GROUND,runs/experiment3_cross_site/site_b_amsterdam/E3XB_L4_A/seed20240609/B2
3,B,E3XB_L4_A,20240609,B4b,L4,41,False,False,False,635.0,300.0,335.0,COMPLETED,GROUND,runs/experiment3_cross_site/site_b_amsterdam/E3XB_L4_A/seed20240609/B4b
3,B,E3XB_L4_A,20240610,B0,L4,241,True,False,False,675.0,300.0,375.0,COMPLETED,GROUND,runs/experiment3_cross_site/site_b_amsterdam/E3XB_L4_A/seed20240610/B0
3,B,E3XB_L4_A,20240610,B1,L4,41,False,False,False,635.0,300.0,335.0,COMPLETED,GROUND,runs/experiment3_cross_site/site_b_amsterdam/E3XB_L4_A/seed20240610/B1
3,B,E3XB_L4_A,20240610,B2,L4,41,False,False,False,635.0,300.0,335.0,COMPLETED,GROUND,runs/experiment3_cross_site/site_b_amsterdam/E3XB_L4_A/seed20240610/B2
3,B,E3XB_L4_A,20240610,B4b,L4,41,False,False,False,635.0,300.0,335.0,COMPLETED,GROUND,runs/experiment3_cross_site/site_b_amsterdam/E3XB_L4_A/seed20240610/B4b
3,B,E3XB_L4_A,20240611,B0,L4,241,True,False,False,675.0,300.0,375.0,COMPLETED,GROUND,runs/experiment3_cross_site/site_b_amsterdam/E3XB_L4_A/seed20240611/B0
3,B,E3XB_L4_A,20240611,B1,L4,41,False,False,False,635.0,300.0,335.0,COMPLETED,GROUND,runs/experiment3_cross_site/site_b_amsterdam/E3XB_L4_A/seed20240611/B1
3,B,E3XB_L4_A,20240611,B2,L4,41,False,False,False,635.0,300.0,335.0,COMPLETED,GROUND,runs/experiment3_cross_site/site_b_amsterdam/E3XB_L4_A/seed20240611/B2
3,B,E3XB_L4_A,20240611,B4b,L4,41,False,False,False,635.0,300.0,335.0,COMPLETED,GROUND,runs/experiment3_cross_site/site_b_amsterdam/E3XB_L4_A/seed20240611/B4b
3,B,E3XB_L4_A,20240612,B0,L4,241,True,False,False,675.0,300.0,375.0,COMPLETED,GROUND,runs/experiment3_cross_site/site_b_amsterdam/E3XB_L4_A/seed20240612/B0
3,B,E3XB_L4_A,20240612,B1,L4,41,False,False,False,635.0,300.0,335.0,COMPLETED,GROUND,runs/experiment3_cross_site/site_b_amsterdam/E3XB_L4_A/seed20240612/B1
3,B,E3XB_L4_A,20240612,B2,L4,41,False,False,False,635.0,300.0,335.0,COMPLETED,GROUND,runs/experiment3_cross_site/site_b_amsterdam/E3XB_L4_A/seed20240612/B2
3,B,E3XB_L4_A,20240612,B4b,L4,41,False,False,False,635.0,300.0,335.0,COMPLETED,GROUND,runs/experiment3_cross_site/site_b_amsterdam/E3XB_L4_A/seed20240612/B4b
3,B,E3XB_L4_A,20240613,B0,L4,241,True,False,False,675.0,300.0,375.0,COMPLETED,GROUND,runs/experiment3_cross_site/site_b_amsterdam/E3XB_L4_A/seed20240613/B0
3,B,E3XB_L4_A,20240613,B1,L4,41,False,False,False,635.0,300.0,335.0,COMPLETED,GROUND,runs/experiment3_cross_site/site_b_amsterdam/E3XB_L4_A/seed20240613/B1
3,B,E3XB_L4_A,20240613,B2,L4,41,False,False,False,635.0,300.0,335.0,COMPLETED,GROUND,runs/experiment3_cross_site/site_b_amsterdam/E3XB_L4_A/seed20240613/B2
3,B,E3XB_L4_A,20240613,B4b,L4,41,False,False,False,635.0,300.0,335.0,COMPLETED,GROUND,runs/experiment3_cross_site/site_b_amsterdam/E3XB_L4_A/seed20240613/B4b
3,B,E3XB_L4_A,20240614,B0,L4,241,True,False,False,675.0,300.0,375.0,COMPLETED,GROUND,runs/experiment3_cross_site/site_b_amsterdam/E3XB_L4_A/seed20240614/B0
3,B,E3XB_L4_A,20240614,B1,L4,41,False,False,False,635.0,300.0,335.0,COMPLETED,GROUND,runs/experiment3_cross_site/site_b_amsterdam/E3XB_L4_A/seed20240614/B1
3,B,E3XB_L4_A,20240614,B2,L4,41,False,False,False,635.0,300.0,335.0,COMPLETED,GROUND,runs/experiment3_cross_site/site_b_amsterdam/E3XB_L4_A/seed20240614/B2
3,B,E3XB_L4_A,20240614,B4b,L4,41,False,False,False,635.0,300.0,335.0,COMPLETED,GROUND,runs/experiment3_cross_site/site_b_amsterdam/E3XB_L4_A/seed20240614/B4b
3,B,E3XB_L4_A,20240615,B0,L4,241,True,False,False,675.0,300.0,375.0,COMPLETED,GROUND,runs/experiment3_cross_site/site_b_amsterdam/E3XB_L4_A/seed20240615/B0
3,B,E3XB_L4_A,20240615,B1,L4,41,False,False,False,635.0,300.0,335.0,COMPLETED,GROUND,runs/experiment3_cross_site/site_b_amsterdam/E3XB_L4_A/seed20240615/B1
3,B,E3XB_L4_A,20240615,B2,L4,41,False,False,False,635.0,300.0,335.0,COMPLETED,GROUND,runs/experiment3_cross_site/site_b_amsterdam/E3XB_L4_A/seed20240615/B2
3,B,E3XB_L4_A,20240615,B4b,L4,41,False,False,False,635.0,300.0,335.0,COMPLETED,GROUND,runs/experiment3_cross_site/site_b_amsterdam/E3XB_L4_A/seed20240615/B4b
3,B,E3XB_L4_A,20240616,B0,L4,241,True,False,False,675.0,300.0,375.0,COMPLETED,GROUND,runs/experiment3_cross_site/site_b_amsterdam/E3XB_L4_A/seed20240616/B0
3,B,E3XB_L4_A,20240616,B1,L4,41,False,False,False,635.0,300.0,335.0,COMPLETED,GROUND,runs/experiment3_cross_site/site_b_amsterdam/E3XB_L4_A/seed20240616/B1
3,B,E3XB_L4_A,20240616,B2,L4,41,False,False,False,635.0,300.0,335.0,COMPLETED,GROUND,runs/experiment3_cross_site/site_b_amsterdam/E3XB_L4_A/seed20240616/B2
3,B,E3XB_L4_A,20240616,B4b,L4,41,False,False,False,635.0,300.0,335.0,COMPLETED,GROUND,runs/experiment3_cross_site/site_b_amsterdam/E3XB_L4_A/seed20240616/B4b
3,B,E3XB_L4_A,20240617,B0,L4,241,True,False,False,675.0,300.0,375.0,COMPLETED,GROUND,runs/experiment3_cross_site/site_b_amsterdam/E3XB_L4_A/seed20240617/B0
3,B,E3XB_L4_A,20240617,B1,L4,41,False,False,False,635.0,300.0,335.0,COMPLETED,GROUND,runs/experiment3_cross_site/site_b_amsterdam/E3XB_L4_A/seed20240617/B1
3,B,E3XB_L4_A,20240617,B2,L4,41,False,False,False,635.0,300.0,335.0,COMPLETED,GROUND,runs/experiment3_cross_site/site_b_amsterdam/E3XB_L4_A/seed20240617/B2
3,B,E3XB_L4_A,20240617,B4b,L4,41,False,False,False,635.0,300.0,335.0,COMPLETED,GROUND,runs/experiment3_cross_site/site_b_amsterdam/E3XB_L4_A/seed20240617/B4b
3,B,E3XB_L4_A,20240618,B0,L4,241,True,False,False,675.0,300.0,375.0,COMPLETED,GROUND,runs/experiment3_cross_site/site_b_amsterdam/E3XB_L4_A/seed20240618/B0
3,B,E3XB_L4_A,20240618,B1,L4,41,False,False,False,635.0,300.0,335.0,COMPLETED,GROUND,runs/experiment3_cross_site/site_b_amsterdam/E3XB_L4_A/seed20240618/B1
3,B,E3XB_L4_A,20240618,B2,L4,41,False,False,False,635.0,300.0,335.0,COMPLETED,GROUND,runs/experiment3_cross_site/site_b_amsterdam/E3XB_L4_A/seed20240618/B2
3,B,E3XB_L4_A,20240618,B4b,L4,41,False,False,False,635.0,300.0,335.0,COMPLETED,GROUND,runs/experiment3_cross_site/site_b_amsterdam/E3XB_L4_A/seed20240618/B4b
3,B,E3XB_L4_A,20240619,B0,L4,241,True,False,False,675.0,300.0,375.0,COMPLETED,GROUND,runs/experiment3_cross_site/site_b_amsterdam/E3XB_L4_A/seed20240619/B0
3,B,E3XB_L4_A,20240619,B1,L4,41,False,False,False,635.0,300.0,335.0,COMPLETED,GROUND,runs/experiment3_cross_site/site_b_amsterdam/E3XB_L4_A/seed20240619/B1
3,B,E3XB_L4_A,20240619,B2,L4,41,False,False,False,635.0,300.0,335.0,COMPLETED,GROUND,runs/experiment3_cross_site/site_b_amsterdam/E3XB_L4_A/seed20240619/B2
3,B,E3XB_L4_A,20240619,B4b,L4,41,False,False,False,635.0,300.0,335.0,COMPLETED,GROUND,runs/experiment3_cross_site/site_b_amsterdam/E3XB_L4_A/seed20240619/B4b
3,B,E3XB_L4_A,20240620,B0,L4,241,True,False,False,675.0,300.0,375.0,COMPLETED,GROUND,runs/experiment3_cross_site/site_b_amsterdam/E3XB_L4_A/seed20240620/B0
3,B,E3XB_L4_A,20240620,B1,L4,41,False,False,False,635.0,300.0,335.0,COMPLETED,GROUND,runs/experiment3_cross_site/site_b_amsterdam/E3XB_L4_A/seed20240620/B1
3,B,E3XB_L4_A,20240620,B2,L4,41,False,False,False,635.0,300.0,335.0,COMPLETED,GROUND,runs/experiment3_cross_site/site_b_amsterdam/E3XB_L4_A/seed20240620/B2
3,B,E3XB_L4_A,20240620,B4b,L4,41,False,False,False,635.0,300.0,335.0,COMPLETED,GROUND,runs/experiment3_cross_site/site_b_amsterdam/E3XB_L4_A/seed20240620/B4b
3,B,E3XB_L4_B,20240601,B0,L4,241,True,False,False,575.0,200.0,375.0,COMPLETED,GROUND,runs/experiment3_cross_site/site_b_amsterdam/E3XB_L4_B/seed20240601/B0
3,B,E3XB_L4_B,20240601,B1,L4,263,True,True,True,575.0,200.0,375.0,COMPLETED,GROUND,runs/experiment3_cross_site/site_b_amsterdam/E3XB_L4_B/seed20240601/B1
3,B,E3XB_L4_B,20240601,B2,L4,263,True,True,True,575.0,200.0,375.0,COMPLETED,GROUND,runs/experiment3_cross_site/site_b_amsterdam/E3XB_L4_B/seed20240601/B2
3,B,E3XB_L4_B,20240601,B4b,L4,263,True,True,True,575.0,200.0,375.0,COMPLETED,GROUND,runs/experiment3_cross_site/site_b_amsterdam/E3XB_L4_B/seed20240601/B4b
3,B,E3XB_L4_B,20240602,B0,L4,241,True,False,False,575.0,200.0,375.0,COMPLETED,GROUND,runs/experiment3_cross_site/site_b_amsterdam/E3XB_L4_B/seed20240602/B0
3,B,E3XB_L4_B,20240602,B1,L4,263,True,True,True,575.0,200.0,375.0,COMPLETED,GROUND,runs/experiment3_cross_site/site_b_amsterdam/E3XB_L4_B/seed20240602/B1
3,B,E3XB_L4_B,20240602,B2,L4,263,True,True,True,575.0,200.0,375.0,COMPLETED,GROUND,runs/experiment3_cross_site/site_b_amsterdam/E3XB_L4_B/seed20240602/B2
3,B,E3XB_L4_B,20240602,B4b,L4,263,True,True,True,575.0,200.0,375.0,COMPLETED,GROUND,runs/experiment3_cross_site/site_b_amsterdam/E3XB_L4_B/seed20240602/B4b
3,B,E3XB_L4_B,20240603,B0,L4,241,True,False,False,575.0,200.0,375.0,COMPLETED,GROUND,runs/experiment3_cross_site/site_b_amsterdam/E3XB_L4_B/seed20240603/B0
3,B,E3XB_L4_B,20240603,B1,L4,263,True,True,True,575.0,200.0,375.0,COMPLETED,GROUND,runs/experiment3_cross_site/site_b_amsterdam/E3XB_L4_B/seed20240603/B1
3,B,E3XB_L4_B,20240603,B2,L4,263,True,True,True,575.0,200.0,375.0,COMPLETED,GROUND,runs/experiment3_cross_site/site_b_amsterdam/E3XB_L4_B/seed20240603/B2
3,B,E3XB_L4_B,20240603,B4b,L4,263,True,True,True,575.0,200.0,375.0,COMPLETED,GROUND,runs/experiment3_cross_site/site_b_amsterdam/E3XB_L4_B/seed20240603/B4b
3,B,E3XB_L4_B,20240604,B0,L4,241,True,False,False,575.0,200.0,375.0,COMPLETED,GROUND,runs/experiment3_cross_site/site_b_amsterdam/E3XB_L4_B/seed20240604/B0
3,B,E3XB_L4_B,20240604,B1,L4,263,True,True,True,575.0,200.0,375.0,COMPLETED,GROUND,runs/experiment3_cross_site/site_b_amsterdam/E3XB_L4_B/seed20240604/B1
3,B,E3XB_L4_B,20240604,B2,L4,263,True,True,True,575.0,200.0,375.0,COMPLETED,GROUND,runs/experiment3_cross_site/site_b_amsterdam/E3XB_L4_B/seed20240604/B2
3,B,E3XB_L4_B,20240604,B4b,L4,263,True,True,True,575.0,200.0,375.0,COMPLETED,GROUND,runs/experiment3_cross_site/site_b_amsterdam/E3XB_L4_B/seed20240604/B4b
3,B,E3XB_L4_B,20240605,B0,L4,241,True,False,False,575.0,200.0,375.0,COMPLETED,GROUND,runs/experiment3_cross_site/site_b_amsterdam/E3XB_L4_B/seed20240605/B0
3,B,E3XB_L4_B,20240605,B1,L4,263,True,True,True,575.0,200.0,375.0,COMPLETED,GROUND,runs/experiment3_cross_site/site_b_amsterdam/E3XB_L4_B/seed20240605/B1
3,B,E3XB_L4_B,20240605,B2,L4,263,True,True,True,575.0,200.0,375.0,COMPLETED,GROUND,runs/experiment3_cross_site/site_b_amsterdam/E3XB_L4_B/seed20240605/B2
3,B,E3XB_L4_B,20240605,B4b,L4,263,True,True,True,575.0,200.0,375.0,COMPLETED,GROUND,runs/experiment3_cross_site/site_b_amsterdam/E3XB_L4_B/seed20240605/B4b
3,B,E3XB_L4_B,20240606,B0,L4,241,True,False,False,575.0,200.0,375.0,COMPLETED,GROUND,runs/experiment3_cross_site/site_b_amsterdam/E3XB_L4_B/seed20240606/B0
3,B,E3XB_L4_B,20240606,B1,L4,263,True,True,True,575.0,200.0,375.0,COMPLETED,GROUND,runs/experiment3_cross_site/site_b_amsterdam/E3XB_L4_B/seed20240606/B1
3,B,E3XB_L4_B,20240606,B2,L4,263,True,True,True,575.0,200.0,375.0,COMPLETED,GROUND,runs/experiment3_cross_site/site_b_amsterdam/E3XB_L4_B/seed20240606/B2
3,B,E3XB_L4_B,20240606,B4b,L4,263,True,True,True,575.0,200.0,375.0,COMPLETED,GROUND,runs/experiment3_cross_site/site_b_amsterdam/E3XB_L4_B/seed20240606/B4b
3,B,E3XB_L4_B,20240607,B0,L4,241,True,False,False,575.0,200.0,375.0,COMPLETED,GROUND,runs/experiment3_cross_site/site_b_amsterdam/E3XB_L4_B/seed20240607/B0
3,B,E3XB_L4_B,20240607,B1,L4,263,True,True,True,575.0,200.0,375.0,COMPLETED,GROUND,runs/experiment3_cross_site/site_b_amsterdam/E3XB_L4_B/seed20240607/B1
3,B,E3XB_L4_B,20240607,B2,L4,263,True,True,True,575.0,200.0,375.0,COMPLETED,GROUND,runs/experiment3_cross_site/site_b_amsterdam/E3XB_L4_B/seed20240607/B2
3,B,E3XB_L4_B,20240607,B4b,L4,263,True,True,True,575.0,200.0,375.0,COMPLETED,GROUND,runs/experiment3_cross_site/site_b_amsterdam/E3XB_L4_B/seed20240607/B4b
3,B,E3XB_L4_B,20240608,B0,L4,241,True,False,False,575.0,200.0,375.0,COMPLETED,GROUND,runs/experiment3_cross_site/site_b_amsterdam/E3XB_L4_B/seed20240608/B0
3,B,E3XB_L4_B,20240608,B1,L4,263,True,True,True,575.0,200.0,375.0,COMPLETED,GROUND,runs/experiment3_cross_site/site_b_amsterdam/E3XB_L4_B/seed20240608/B1
3,B,E3XB_L4_B,20240608,B2,L4,263,True,True,True,575.0,200.0,375.0,COMPLETED,GROUND,runs/experiment3_cross_site/site_b_amsterdam/E3XB_L4_B/seed20240608/B2
3,B,E3XB_L4_B,20240608,B4b,L4,263,True,True,True,575.0,200.0,375.0,COMPLETED,GROUND,runs/experiment3_cross_site/site_b_amsterdam/E3XB_L4_B/seed20240608/B4b
3,B,E3XB_L4_B,20240609,B0,L4,241,True,False,False,575.0,200.0,375.0,COMPLETED,GROUND,runs/experiment3_cross_site/site_b_amsterdam/E3XB_L4_B/seed20240609/B0
3,B,E3XB_L4_B,20240609,B1,L4,263,True,True,True,575.0,200.0,375.0,COMPLETED,GROUND,runs/experiment3_cross_site/site_b_amsterdam/E3XB_L4_B/seed20240609/B1
3,B,E3XB_L4_B,20240609,B2,L4,263,True,True,True,575.0,200.0,375.0,COMPLETED,GROUND,runs/experiment3_cross_site/site_b_amsterdam/E3XB_L4_B/seed20240609/B2
3,B,E3XB_L4_B,20240609,B4b,L4,263,True,True,True,575.0,200.0,375.0,COMPLETED,GROUND,runs/experiment3_cross_site/site_b_amsterdam/E3XB_L4_B/seed20240609/B4b
3,B,E3XB_L4_B,20240610,B0,L4,241,True,False,False,575.0,200.0,375.0,COMPLETED,GROUND,runs/experiment3_cross_site/site_b_amsterdam/E3XB_L4_B/seed20240610/B0
3,B,E3XB_L4_B,20240610,B1,L4,263,True,True,True,575.0,200.0,375.0,COMPLETED,GROUND,runs/experiment3_cross_site/site_b_amsterdam/E3XB_L4_B/seed20240610/B1
3,B,E3XB_L4_B,20240610,B2,L4,263,True,True,True,575.0,200.0,375.0,COMPLETED,GROUND,runs/experiment3_cross_site/site_b_amsterdam/E3XB_L4_B/seed20240610/B2
3,B,E3XB_L4_B,20240610,B4b,L4,263,True,True,True,575.0,200.0,375.0,COMPLETED,GROUND,runs/experiment3_cross_site/site_b_amsterdam/E3XB_L4_B/seed20240610/B4b
3,B,E3XB_L4_B,20240611,B0,L4,241,True,False,False,875.0,500.0,375.0,COMPLETED,GROUND,runs/experiment3_cross_site/site_b_amsterdam/E3XB_L4_B/seed20240611/B0
3,B,E3XB_L4_B,20240611,B1,L4,263,True,True,True,875.0,500.0,375.0,COMPLETED,GROUND,runs/experiment3_cross_site/site_b_amsterdam/E3XB_L4_B/seed20240611/B1
3,B,E3XB_L4_B,20240611,B2,L4,263,True,True,True,875.0,500.0,375.0,COMPLETED,GROUND,runs/experiment3_cross_site/site_b_amsterdam/E3XB_L4_B/seed20240611/B2
3,B,E3XB_L4_B,20240611,B4b,L4,263,True,True,True,875.0,500.0,375.0,COMPLETED,GROUND,runs/experiment3_cross_site/site_b_amsterdam/E3XB_L4_B/seed20240611/B4b
3,B,E3XB_L4_B,20240612,B0,L4,241,True,False,False,575.0,200.0,375.0,COMPLETED,GROUND,runs/experiment3_cross_site/site_b_amsterdam/E3XB_L4_B/seed20240612/B0
3,B,E3XB_L4_B,20240612,B1,L4,263,True,True,True,575.0,200.0,375.0,COMPLETED,GROUND,runs/experiment3_cross_site/site_b_amsterdam/E3XB_L4_B/seed20240612/B1
3,B,E3XB_L4_B,20240612,B2,L4,263,True,True,True,575.0,200.0,375.0,COMPLETED,GROUND,runs/experiment3_cross_site/site_b_amsterdam/E3XB_L4_B/seed20240612/B2
3,B,E3XB_L4_B,20240612,B4b,L4,263,True,True,True,575.0,200.0,375.0,COMPLETED,GROUND,runs/experiment3_cross_site/site_b_amsterdam/E3XB_L4_B/seed20240612/B4b
3,B,E3XB_L4_B,20240613,B0,L4,241,True,False,False,575.0,200.0,375.0,COMPLETED,GROUND,runs/experiment3_cross_site/site_b_amsterdam/E3XB_L4_B/seed20240613/B0
3,B,E3XB_L4_B,20240613,B1,L4,263,True,True,True,575.0,200.0,375.0,COMPLETED,GROUND,runs/experiment3_cross_site/site_b_amsterdam/E3XB_L4_B/seed20240613/B1
3,B,E3XB_L4_B,20240613,B2,L4,263,True,True,True,575.0,200.0,375.0,COMPLETED,GROUND,runs/experiment3_cross_site/site_b_amsterdam/E3XB_L4_B/seed20240613/B2
3,B,E3XB_L4_B,20240613,B4b,L4,263,True,True,True,575.0,200.0,375.0,COMPLETED,GROUND,runs/experiment3_cross_site/site_b_amsterdam/E3XB_L4_B/seed20240613/B4b
3,B,E3XB_L4_B,20240614,B0,L4,241,True,False,False,875.0,500.0,375.0,COMPLETED,GROUND,runs/experiment3_cross_site/site_b_amsterdam/E3XB_L4_B/seed20240614/B0
3,B,E3XB_L4_B,20240614,B1,L4,263,True,True,True,875.0,500.0,375.0,COMPLETED,GROUND,runs/experiment3_cross_site/site_b_amsterdam/E3XB_L4_B/seed20240614/B1
3,B,E3XB_L4_B,20240614,B2,L4,263,True,True,True,875.0,500.0,375.0,COMPLETED,GROUND,runs/experiment3_cross_site/site_b_amsterdam/E3XB_L4_B/seed20240614/B2
3,B,E3XB_L4_B,20240614,B4b,L4,263,True,True,True,875.0,500.0,375.0,COMPLETED,GROUND,runs/experiment3_cross_site/site_b_amsterdam/E3XB_L4_B/seed20240614/B4b
3,B,E3XB_L4_B,20240615,B0,L4,241,True,False,False,575.0,200.0,375.0,COMPLETED,GROUND,runs/experiment3_cross_site/site_b_amsterdam/E3XB_L4_B/seed20240615/B0
3,B,E3XB_L4_B,20240615,B1,L4,263,True,True,True,575.0,200.0,375.0,COMPLETED,GROUND,runs/experiment3_cross_site/site_b_amsterdam/E3XB_L4_B/seed20240615/B1
3,B,E3XB_L4_B,20240615,B2,L4,263,True,True,True,575.0,200.0,375.0,COMPLETED,GROUND,runs/experiment3_cross_site/site_b_amsterdam/E3XB_L4_B/seed20240615/B2
3,B,E3XB_L4_B,20240615,B4b,L4,263,True,True,True,575.0,200.0,375.0,COMPLETED,GROUND,runs/experiment3_cross_site/site_b_amsterdam/E3XB_L4_B/seed20240615/B4b
3,B,E3XB_L4_B,20240616,B0,L4,241,True,False,False,875.0,500.0,375.0,COMPLETED,GROUND,runs/experiment3_cross_site/site_b_amsterdam/E3XB_L4_B/seed20240616/B0
3,B,E3XB_L4_B,20240616,B1,L4,263,True,True,True,875.0,500.0,375.0,COMPLETED,GROUND,runs/experiment3_cross_site/site_b_amsterdam/E3XB_L4_B/seed20240616/B1
3,B,E3XB_L4_B,20240616,B2,L4,263,True,True,True,875.0,500.0,375.0,COMPLETED,GROUND,runs/experiment3_cross_site/site_b_amsterdam/E3XB_L4_B/seed20240616/B2
3,B,E3XB_L4_B,20240616,B4b,L4,263,True,True,True,875.0,500.0,375.0,COMPLETED,GROUND,runs/experiment3_cross_site/site_b_amsterdam/E3XB_L4_B/seed20240616/B4b
3,B,E3XB_L4_B,20240617,B0,L4,241,True,False,False,575.0,200.0,375.0,COMPLETED,GROUND,runs/experiment3_cross_site/site_b_amsterdam/E3XB_L4_B/seed20240617/B0
3,B,E3XB_L4_B,20240617,B1,L4,263,True,True,True,575.0,200.0,375.0,COMPLETED,GROUND,runs/experiment3_cross_site/site_b_amsterdam/E3XB_L4_B/seed20240617/B1
3,B,E3XB_L4_B,20240617,B2,L4,263,True,True,True,575.0,200.0,375.0,COMPLETED,GROUND,runs/experiment3_cross_site/site_b_amsterdam/E3XB_L4_B/seed20240617/B2
3,B,E3XB_L4_B,20240617,B4b,L4,263,True,True,True,575.0,200.0,375.0,COMPLETED,GROUND,runs/experiment3_cross_site/site_b_amsterdam/E3XB_L4_B/seed20240617/B4b
3,B,E3XB_L4_B,20240618,B0,L4,241,True,False,False,875.0,500.0,375.0,COMPLETED,GROUND,runs/experiment3_cross_site/site_b_amsterdam/E3XB_L4_B/seed20240618/B0
3,B,E3XB_L4_B,20240618,B1,L4,263,True,True,True,875.0,500.0,375.0,COMPLETED,GROUND,runs/experiment3_cross_site/site_b_amsterdam/E3XB_L4_B/seed20240618/B1
3,B,E3XB_L4_B,20240618,B2,L4,263,True,True,True,875.0,500.0,375.0,COMPLETED,GROUND,runs/experiment3_cross_site/site_b_amsterdam/E3XB_L4_B/seed20240618/B2
3,B,E3XB_L4_B,20240618,B4b,L4,263,True,True,True,875.0,500.0,375.0,COMPLETED,GROUND,runs/experiment3_cross_site/site_b_amsterdam/E3XB_L4_B/seed20240618/B4b
3,B,E3XB_L4_B,20240619,B0,L4,241,True,False,False,875.0,500.0,375.0,COMPLETED,GROUND,runs/experiment3_cross_site/site_b_amsterdam/E3XB_L4_B/seed20240619/B0
3,B,E3XB_L4_B,20240619,B1,L4,263,True,True,True,875.0,500.0,375.0,COMPLETED,GROUND,runs/experiment3_cross_site/site_b_amsterdam/E3XB_L4_B/seed20240619/B1
3,B,E3XB_L4_B,20240619,B2,L4,263,True,True,True,875.0,500.0,375.0,COMPLETED,GROUND,runs/experiment3_cross_site/site_b_amsterdam/E3XB_L4_B/seed20240619/B2
3,B,E3XB_L4_B,20240619,B4b,L4,263,True,True,True,875.0,500.0,375.0,COMPLETED,GROUND,runs/experiment3_cross_site/site_b_amsterdam/E3XB_L4_B/seed20240619/B4b
3,B,E3XB_L4_B,20240620,B0,L4,241,True,False,False,575.0,200.0,375.0,COMPLETED,GROUND,runs/experiment3_cross_site/site_b_amsterdam/E3XB_L4_B/seed20240620/B0
3,B,E3XB_L4_B,20240620,B1,L4,263,True,True,True,575.0,200.0,375.0,COMPLETED,GROUND,runs/experiment3_cross_site/site_b_amsterdam/E3XB_L4_B/seed20240620/B1
3,B,E3XB_L4_B,20240620,B2,L4,263,True,True,True,575.0,200.0,375.0,COMPLETED,GROUND,runs/experiment3_cross_site/site_b_amsterdam/E3XB_L4_B/seed20240620/B2
3,B,E3XB_L4_B,20240620,B4b,L4,263,True,True,True,575.0,200.0,375.0,COMPLETED,GROUND,runs/experiment3_cross_site/site_b_amsterdam/E3XB_L4_B/seed20240620/B4b
3,C,E3XC_L1_F1_C2,20240601,B0,L1,310,True,False,False,640.0,400.0,240.0,,,runs/experiment3_cross_site/site_c_edmonton/E3XC_L1_F1_C2/seed20240601/B0
3,C,E3XC_L1_F1_C2,20240601,B1,L1,283,True,True,True,640.0,400.0,240.0,,,runs/experiment3_cross_site/site_c_edmonton/E3XC_L1_F1_C2/seed20240601/B1
3,C,E3XC_L1_F1_C2,20240601,B2,L1,283,True,True,True,640.0,400.0,240.0,,,runs/experiment3_cross_site/site_c_edmonton/E3XC_L1_F1_C2/seed20240601/B2
3,C,E3XC_L1_F1_C2,20240601,B4b,L1,283,True,True,True,640.0,400.0,240.0,,,runs/experiment3_cross_site/site_c_edmonton/E3XC_L1_F1_C2/seed20240601/B4b
3,C,E3XC_L1_F1_C2,20240602,B0,L1,310,True,False,False,640.0,400.0,240.0,,,runs/experiment3_cross_site/site_c_edmonton/E3XC_L1_F1_C2/seed20240602/B0
3,C,E3XC_L1_F1_C2,20240602,B1,L1,283,True,True,True,640.0,400.0,240.0,,,runs/experiment3_cross_site/site_c_edmonton/E3XC_L1_F1_C2/seed20240602/B1
3,C,E3XC_L1_F1_C2,20240602,B2,L1,283,True,True,True,640.0,400.0,240.0,,,runs/experiment3_cross_site/site_c_edmonton/E3XC_L1_F1_C2/seed20240602/B2
3,C,E3XC_L1_F1_C2,20240602,B4b,L1,283,True,True,True,640.0,400.0,240.0,,,runs/experiment3_cross_site/site_c_edmonton/E3XC_L1_F1_C2/seed20240602/B4b
3,C,E3XC_L1_F1_C2,20240603,B0,L1,310,True,False,False,640.0,400.0,240.0,,,runs/experiment3_cross_site/site_c_edmonton/E3XC_L1_F1_C2/seed20240603/B0
3,C,E3XC_L1_F1_C2,20240603,B1,L1,283,True,True,True,640.0,400.0,240.0,,,runs/experiment3_cross_site/site_c_edmonton/E3XC_L1_F1_C2/seed20240603/B1
3,C,E3XC_L1_F1_C2,20240603,B2,L1,283,True,True,True,640.0,400.0,240.0,,,runs/experiment3_cross_site/site_c_edmonton/E3XC_L1_F1_C2/seed20240603/B2
3,C,E3XC_L1_F1_C2,20240603,B4b,L1,283,True,True,True,640.0,400.0,240.0,,,runs/experiment3_cross_site/site_c_edmonton/E3XC_L1_F1_C2/seed20240603/B4b
3,C,E3XC_L1_F1_C2,20240604,B0,L1,310,True,False,False,640.0,400.0,240.0,,,runs/experiment3_cross_site/site_c_edmonton/E3XC_L1_F1_C2/seed20240604/B0
3,C,E3XC_L1_F1_C2,20240604,B1,L1,283,True,True,True,640.0,400.0,240.0,,,runs/experiment3_cross_site/site_c_edmonton/E3XC_L1_F1_C2/seed20240604/B1
3,C,E3XC_L1_F1_C2,20240604,B2,L1,283,True,True,True,640.0,400.0,240.0,,,runs/experiment3_cross_site/site_c_edmonton/E3XC_L1_F1_C2/seed20240604/B2
3,C,E3XC_L1_F1_C2,20240604,B4b,L1,283,True,True,True,640.0,400.0,240.0,,,runs/experiment3_cross_site/site_c_edmonton/E3XC_L1_F1_C2/seed20240604/B4b
3,C,E3XC_L1_F1_C2,20240605,B0,L1,310,True,False,False,640.0,400.0,240.0,,,runs/experiment3_cross_site/site_c_edmonton/E3XC_L1_F1_C2/seed20240605/B0
3,C,E3XC_L1_F1_C2,20240605,B1,L1,283,True,True,True,640.0,400.0,240.0,,,runs/experiment3_cross_site/site_c_edmonton/E3XC_L1_F1_C2/seed20240605/B1
3,C,E3XC_L1_F1_C2,20240605,B2,L1,283,True,True,True,640.0,400.0,240.0,,,runs/experiment3_cross_site/site_c_edmonton/E3XC_L1_F1_C2/seed20240605/B2
3,C,E3XC_L1_F1_C2,20240605,B4b,L1,283,True,True,True,640.0,400.0,240.0,,,runs/experiment3_cross_site/site_c_edmonton/E3XC_L1_F1_C2/seed20240605/B4b
3,C,E3XC_L1_F1_C2,20240606,B0,L1,310,True,False,False,640.0,400.0,240.0,,,runs/experiment3_cross_site/site_c_edmonton/E3XC_L1_F1_C2/seed20240606/B0
3,C,E3XC_L1_F1_C2,20240606,B1,L1,283,True,True,True,640.0,400.0,240.0,,,runs/experiment3_cross_site/site_c_edmonton/E3XC_L1_F1_C2/seed20240606/B1
3,C,E3XC_L1_F1_C2,20240606,B2,L1,283,True,True,True,640.0,400.0,240.0,,,runs/experiment3_cross_site/site_c_edmonton/E3XC_L1_F1_C2/seed20240606/B2
3,C,E3XC_L1_F1_C2,20240606,B4b,L1,283,True,True,True,640.0,400.0,240.0,,,runs/experiment3_cross_site/site_c_edmonton/E3XC_L1_F1_C2/seed20240606/B4b
3,C,E3XC_L1_F1_C2,20240607,B0,L1,310,True,False,False,640.0,400.0,240.0,,,runs/experiment3_cross_site/site_c_edmonton/E3XC_L1_F1_C2/seed20240607/B0
3,C,E3XC_L1_F1_C2,20240607,B1,L1,283,True,True,True,640.0,400.0,240.0,,,runs/experiment3_cross_site/site_c_edmonton/E3XC_L1_F1_C2/seed20240607/B1
3,C,E3XC_L1_F1_C2,20240607,B2,L1,283,True,True,True,640.0,400.0,240.0,,,runs/experiment3_cross_site/site_c_edmonton/E3XC_L1_F1_C2/seed20240607/B2
3,C,E3XC_L1_F1_C2,20240607,B4b,L1,283,True,True,True,640.0,400.0,240.0,,,runs/experiment3_cross_site/site_c_edmonton/E3XC_L1_F1_C2/seed20240607/B4b
3,C,E3XC_L1_F1_C2,20240608,B0,L1,310,True,False,False,640.0,400.0,240.0,,,runs/experiment3_cross_site/site_c_edmonton/E3XC_L1_F1_C2/seed20240608/B0
3,C,E3XC_L1_F1_C2,20240608,B1,L1,283,True,True,True,640.0,400.0,240.0,,,runs/experiment3_cross_site/site_c_edmonton/E3XC_L1_F1_C2/seed20240608/B1
3,C,E3XC_L1_F1_C2,20240608,B2,L1,283,True,True,True,640.0,400.0,240.0,,,runs/experiment3_cross_site/site_c_edmonton/E3XC_L1_F1_C2/seed20240608/B2
3,C,E3XC_L1_F1_C2,20240608,B4b,L1,283,True,True,True,640.0,400.0,240.0,,,runs/experiment3_cross_site/site_c_edmonton/E3XC_L1_F1_C2/seed20240608/B4b
3,C,E3XC_L1_F1_C2,20240609,B0,L1,310,True,False,False,640.0,400.0,240.0,,,runs/experiment3_cross_site/site_c_edmonton/E3XC_L1_F1_C2/seed20240609/B0
3,C,E3XC_L1_F1_C2,20240609,B1,L1,283,True,True,True,640.0,400.0,240.0,,,runs/experiment3_cross_site/site_c_edmonton/E3XC_L1_F1_C2/seed20240609/B1
3,C,E3XC_L1_F1_C2,20240609,B2,L1,283,True,True,True,640.0,400.0,240.0,,,runs/experiment3_cross_site/site_c_edmonton/E3XC_L1_F1_C2/seed20240609/B2
3,C,E3XC_L1_F1_C2,20240609,B4b,L1,283,True,True,True,640.0,400.0,240.0,,,runs/experiment3_cross_site/site_c_edmonton/E3XC_L1_F1_C2/seed20240609/B4b
3,C,E3XC_L1_F1_C2,20240610,B0,L1,310,True,False,False,640.0,400.0,240.0,,,runs/experiment3_cross_site/site_c_edmonton/E3XC_L1_F1_C2/seed20240610/B0
3,C,E3XC_L1_F1_C2,20240610,B1,L1,283,True,True,True,640.0,400.0,240.0,,,runs/experiment3_cross_site/site_c_edmonton/E3XC_L1_F1_C2/seed20240610/B1
3,C,E3XC_L1_F1_C2,20240610,B2,L1,283,True,True,True,640.0,400.0,240.0,,,runs/experiment3_cross_site/site_c_edmonton/E3XC_L1_F1_C2/seed20240610/B2
3,C,E3XC_L1_F1_C2,20240610,B4b,L1,283,True,True,True,640.0,400.0,240.0,,,runs/experiment3_cross_site/site_c_edmonton/E3XC_L1_F1_C2/seed20240610/B4b
3,C,E3XC_L1_F1_C2,20240611,B0,L1,310,True,False,False,640.0,400.0,240.0,,,runs/experiment3_cross_site/site_c_edmonton/E3XC_L1_F1_C2/seed20240611/B0
3,C,E3XC_L1_F1_C2,20240611,B1,L1,283,True,True,True,640.0,400.0,240.0,,,runs/experiment3_cross_site/site_c_edmonton/E3XC_L1_F1_C2/seed20240611/B1
3,C,E3XC_L1_F1_C2,20240611,B2,L1,283,True,True,True,640.0,400.0,240.0,,,runs/experiment3_cross_site/site_c_edmonton/E3XC_L1_F1_C2/seed20240611/B2
3,C,E3XC_L1_F1_C2,20240611,B4b,L1,283,True,True,True,640.0,400.0,240.0,,,runs/experiment3_cross_site/site_c_edmonton/E3XC_L1_F1_C2/seed20240611/B4b
3,C,E3XC_L1_F1_C2,20240612,B0,L1,310,True,False,False,640.0,400.0,240.0,,,runs/experiment3_cross_site/site_c_edmonton/E3XC_L1_F1_C2/seed20240612/B0
3,C,E3XC_L1_F1_C2,20240612,B1,L1,283,True,True,True,640.0,400.0,240.0,,,runs/experiment3_cross_site/site_c_edmonton/E3XC_L1_F1_C2/seed20240612/B1
3,C,E3XC_L1_F1_C2,20240612,B2,L1,283,True,True,True,640.0,400.0,240.0,,,runs/experiment3_cross_site/site_c_edmonton/E3XC_L1_F1_C2/seed20240612/B2
3,C,E3XC_L1_F1_C2,20240612,B4b,L1,283,True,True,True,640.0,400.0,240.0,,,runs/experiment3_cross_site/site_c_edmonton/E3XC_L1_F1_C2/seed20240612/B4b
3,C,E3XC_L1_F1_C2,20240613,B0,L1,310,True,False,False,640.0,400.0,240.0,,,runs/experiment3_cross_site/site_c_edmonton/E3XC_L1_F1_C2/seed20240613/B0
3,C,E3XC_L1_F1_C2,20240613,B1,L1,283,True,True,True,640.0,400.0,240.0,,,runs/experiment3_cross_site/site_c_edmonton/E3XC_L1_F1_C2/seed20240613/B1
3,C,E3XC_L1_F1_C2,20240613,B2,L1,283,True,True,True,640.0,400.0,240.0,,,runs/experiment3_cross_site/site_c_edmonton/E3XC_L1_F1_C2/seed20240613/B2
3,C,E3XC_L1_F1_C2,20240613,B4b,L1,283,True,True,True,640.0,400.0,240.0,,,runs/experiment3_cross_site/site_c_edmonton/E3XC_L1_F1_C2/seed20240613/B4b
3,C,E3XC_L1_F1_C2,20240614,B0,L1,310,True,False,False,640.0,400.0,240.0,,,runs/experiment3_cross_site/site_c_edmonton/E3XC_L1_F1_C2/seed20240614/B0
3,C,E3XC_L1_F1_C2,20240614,B1,L1,283,True,True,True,640.0,400.0,240.0,,,runs/experiment3_cross_site/site_c_edmonton/E3XC_L1_F1_C2/seed20240614/B1
3,C,E3XC_L1_F1_C2,20240614,B2,L1,283,True,True,True,640.0,400.0,240.0,,,runs/experiment3_cross_site/site_c_edmonton/E3XC_L1_F1_C2/seed20240614/B2
3,C,E3XC_L1_F1_C2,20240614,B4b,L1,283,True,True,True,640.0,400.0,240.0,,,runs/experiment3_cross_site/site_c_edmonton/E3XC_L1_F1_C2/seed20240614/B4b
3,C,E3XC_L1_F1_C2,20240615,B0,L1,310,True,False,False,640.0,400.0,240.0,,,runs/experiment3_cross_site/site_c_edmonton/E3XC_L1_F1_C2/seed20240615/B0
3,C,E3XC_L1_F1_C2,20240615,B1,L1,283,True,True,True,640.0,400.0,240.0,,,runs/experiment3_cross_site/site_c_edmonton/E3XC_L1_F1_C2/seed20240615/B1
3,C,E3XC_L1_F1_C2,20240615,B2,L1,283,True,True,True,640.0,400.0,240.0,,,runs/experiment3_cross_site/site_c_edmonton/E3XC_L1_F1_C2/seed20240615/B2
3,C,E3XC_L1_F1_C2,20240615,B4b,L1,283,True,True,True,640.0,400.0,240.0,,,runs/experiment3_cross_site/site_c_edmonton/E3XC_L1_F1_C2/seed20240615/B4b
3,C,E3XC_L1_F1_C2,20240616,B0,L1,310,True,False,False,640.0,400.0,240.0,,,runs/experiment3_cross_site/site_c_edmonton/E3XC_L1_F1_C2/seed20240616/B0
3,C,E3XC_L1_F1_C2,20240616,B1,L1,283,True,True,True,640.0,400.0,240.0,,,runs/experiment3_cross_site/site_c_edmonton/E3XC_L1_F1_C2/seed20240616/B1
3,C,E3XC_L1_F1_C2,20240616,B2,L1,283,True,True,True,640.0,400.0,240.0,,,runs/experiment3_cross_site/site_c_edmonton/E3XC_L1_F1_C2/seed20240616/B2
3,C,E3XC_L1_F1_C2,20240616,B4b,L1,283,True,True,True,640.0,400.0,240.0,,,runs/experiment3_cross_site/site_c_edmonton/E3XC_L1_F1_C2/seed20240616/B4b
3,C,E3XC_L1_F1_C2,20240617,B0,L1,310,True,False,False,640.0,400.0,240.0,,,runs/experiment3_cross_site/site_c_edmonton/E3XC_L1_F1_C2/seed20240617/B0
3,C,E3XC_L1_F1_C2,20240617,B1,L1,283,True,True,True,640.0,400.0,240.0,,,runs/experiment3_cross_site/site_c_edmonton/E3XC_L1_F1_C2/seed20240617/B1
3,C,E3XC_L1_F1_C2,20240617,B2,L1,283,True,True,True,640.0,400.0,240.0,,,runs/experiment3_cross_site/site_c_edmonton/E3XC_L1_F1_C2/seed20240617/B2
3,C,E3XC_L1_F1_C2,20240617,B4b,L1,283,True,True,True,640.0,400.0,240.0,,,runs/experiment3_cross_site/site_c_edmonton/E3XC_L1_F1_C2/seed20240617/B4b
3,C,E3XC_L1_F1_C2,20240618,B0,L1,310,True,False,False,640.0,400.0,240.0,,,runs/experiment3_cross_site/site_c_edmonton/E3XC_L1_F1_C2/seed20240618/B0
3,C,E3XC_L1_F1_C2,20240618,B1,L1,283,True,True,True,640.0,400.0,240.0,,,runs/experiment3_cross_site/site_c_edmonton/E3XC_L1_F1_C2/seed20240618/B1
3,C,E3XC_L1_F1_C2,20240618,B2,L1,283,True,True,True,640.0,400.0,240.0,,,runs/experiment3_cross_site/site_c_edmonton/E3XC_L1_F1_C2/seed20240618/B2
3,C,E3XC_L1_F1_C2,20240618,B4b,L1,283,True,True,True,640.0,400.0,240.0,,,runs/experiment3_cross_site/site_c_edmonton/E3XC_L1_F1_C2/seed20240618/B4b
3,C,E3XC_L1_F1_C2,20240619,B0,L1,310,True,False,False,640.0,400.0,240.0,,,runs/experiment3_cross_site/site_c_edmonton/E3XC_L1_F1_C2/seed20240619/B0
3,C,E3XC_L1_F1_C2,20240619,B1,L1,283,True,True,True,640.0,400.0,240.0,,,runs/experiment3_cross_site/site_c_edmonton/E3XC_L1_F1_C2/seed20240619/B1
3,C,E3XC_L1_F1_C2,20240619,B2,L1,283,True,True,True,640.0,400.0,240.0,,,runs/experiment3_cross_site/site_c_edmonton/E3XC_L1_F1_C2/seed20240619/B2
3,C,E3XC_L1_F1_C2,20240619,B4b,L1,283,True,True,True,640.0,400.0,240.0,,,runs/experiment3_cross_site/site_c_edmonton/E3XC_L1_F1_C2/seed20240619/B4b
3,C,E3XC_L1_F1_C2,20240620,B0,L1,310,True,False,False,640.0,400.0,240.0,,,runs/experiment3_cross_site/site_c_edmonton/E3XC_L1_F1_C2/seed20240620/B0
3,C,E3XC_L1_F1_C2,20240620,B1,L1,283,True,True,True,640.0,400.0,240.0,,,runs/experiment3_cross_site/site_c_edmonton/E3XC_L1_F1_C2/seed20240620/B1
3,C,E3XC_L1_F1_C2,20240620,B2,L1,283,True,True,True,640.0,400.0,240.0,,,runs/experiment3_cross_site/site_c_edmonton/E3XC_L1_F1_C2/seed20240620/B2
3,C,E3XC_L1_F1_C2,20240620,B4b,L1,283,True,True,True,640.0,400.0,240.0,,,runs/experiment3_cross_site/site_c_edmonton/E3XC_L1_F1_C2/seed20240620/B4b
3,C,E3XC_L1_F5_C2,20240601,B0,L1,310,True,False,False,640.0,400.0,240.0,,,runs/experiment3_cross_site/site_c_edmonton/E3XC_L1_F5_C2/seed20240601/B0
3,C,E3XC_L1_F5_C2,20240601,B1,L1,283,True,True,True,640.0,400.0,240.0,,,runs/experiment3_cross_site/site_c_edmonton/E3XC_L1_F5_C2/seed20240601/B1
3,C,E3XC_L1_F5_C2,20240601,B2,L1,283,True,True,True,640.0,400.0,240.0,,,runs/experiment3_cross_site/site_c_edmonton/E3XC_L1_F5_C2/seed20240601/B2
3,C,E3XC_L1_F5_C2,20240601,B4b,L1,283,True,True,True,640.0,400.0,240.0,,,runs/experiment3_cross_site/site_c_edmonton/E3XC_L1_F5_C2/seed20240601/B4b
3,C,E3XC_L1_F5_C2,20240602,B0,L1,310,True,False,False,640.0,400.0,240.0,,,runs/experiment3_cross_site/site_c_edmonton/E3XC_L1_F5_C2/seed20240602/B0
3,C,E3XC_L1_F5_C2,20240602,B1,L1,283,True,True,True,640.0,400.0,240.0,,,runs/experiment3_cross_site/site_c_edmonton/E3XC_L1_F5_C2/seed20240602/B1
3,C,E3XC_L1_F5_C2,20240602,B2,L1,283,True,True,True,640.0,400.0,240.0,,,runs/experiment3_cross_site/site_c_edmonton/E3XC_L1_F5_C2/seed20240602/B2
3,C,E3XC_L1_F5_C2,20240602,B4b,L1,283,True,True,True,640.0,400.0,240.0,,,runs/experiment3_cross_site/site_c_edmonton/E3XC_L1_F5_C2/seed20240602/B4b
3,C,E3XC_L1_F5_C2,20240603,B0,L1,310,True,False,False,640.0,400.0,240.0,,,runs/experiment3_cross_site/site_c_edmonton/E3XC_L1_F5_C2/seed20240603/B0
3,C,E3XC_L1_F5_C2,20240603,B1,L1,283,True,True,True,640.0,400.0,240.0,,,runs/experiment3_cross_site/site_c_edmonton/E3XC_L1_F5_C2/seed20240603/B1
3,C,E3XC_L1_F5_C2,20240603,B2,L1,283,True,True,True,640.0,400.0,240.0,,,runs/experiment3_cross_site/site_c_edmonton/E3XC_L1_F5_C2/seed20240603/B2
3,C,E3XC_L1_F5_C2,20240603,B4b,L1,283,True,True,True,640.0,400.0,240.0,,,runs/experiment3_cross_site/site_c_edmonton/E3XC_L1_F5_C2/seed20240603/B4b
3,C,E3XC_L1_F5_C2,20240604,B0,L1,310,True,False,False,640.0,400.0,240.0,,,runs/experiment3_cross_site/site_c_edmonton/E3XC_L1_F5_C2/seed20240604/B0
3,C,E3XC_L1_F5_C2,20240604,B1,L1,283,True,True,True,640.0,400.0,240.0,,,runs/experiment3_cross_site/site_c_edmonton/E3XC_L1_F5_C2/seed20240604/B1
3,C,E3XC_L1_F5_C2,20240604,B2,L1,283,True,True,True,640.0,400.0,240.0,,,runs/experiment3_cross_site/site_c_edmonton/E3XC_L1_F5_C2/seed20240604/B2
3,C,E3XC_L1_F5_C2,20240604,B4b,L1,283,True,True,True,640.0,400.0,240.0,,,runs/experiment3_cross_site/site_c_edmonton/E3XC_L1_F5_C2/seed20240604/B4b
3,C,E3XC_L1_F5_C2,20240605,B0,L1,310,True,False,False,640.0,400.0,240.0,,,runs/experiment3_cross_site/site_c_edmonton/E3XC_L1_F5_C2/seed20240605/B0
3,C,E3XC_L1_F5_C2,20240605,B1,L1,283,True,True,True,640.0,400.0,240.0,,,runs/experiment3_cross_site/site_c_edmonton/E3XC_L1_F5_C2/seed20240605/B1
3,C,E3XC_L1_F5_C2,20240605,B2,L1,283,True,True,True,640.0,400.0,240.0,,,runs/experiment3_cross_site/site_c_edmonton/E3XC_L1_F5_C2/seed20240605/B2
3,C,E3XC_L1_F5_C2,20240605,B4b,L1,283,True,True,True,640.0,400.0,240.0,,,runs/experiment3_cross_site/site_c_edmonton/E3XC_L1_F5_C2/seed20240605/B4b
3,C,E3XC_L1_F5_C2,20240606,B0,L1,310,True,False,False,640.0,400.0,240.0,,,runs/experiment3_cross_site/site_c_edmonton/E3XC_L1_F5_C2/seed20240606/B0
3,C,E3XC_L1_F5_C2,20240606,B1,L1,283,True,True,True,640.0,400.0,240.0,,,runs/experiment3_cross_site/site_c_edmonton/E3XC_L1_F5_C2/seed20240606/B1
3,C,E3XC_L1_F5_C2,20240606,B2,L1,283,True,True,True,640.0,400.0,240.0,,,runs/experiment3_cross_site/site_c_edmonton/E3XC_L1_F5_C2/seed20240606/B2
3,C,E3XC_L1_F5_C2,20240606,B4b,L1,283,True,True,True,640.0,400.0,240.0,,,runs/experiment3_cross_site/site_c_edmonton/E3XC_L1_F5_C2/seed20240606/B4b
3,C,E3XC_L1_F5_C2,20240607,B0,L1,310,True,False,False,640.0,400.0,240.0,,,runs/experiment3_cross_site/site_c_edmonton/E3XC_L1_F5_C2/seed20240607/B0
3,C,E3XC_L1_F5_C2,20240607,B1,L1,283,True,True,True,640.0,400.0,240.0,,,runs/experiment3_cross_site/site_c_edmonton/E3XC_L1_F5_C2/seed20240607/B1
3,C,E3XC_L1_F5_C2,20240607,B2,L1,283,True,True,True,640.0,400.0,240.0,,,runs/experiment3_cross_site/site_c_edmonton/E3XC_L1_F5_C2/seed20240607/B2
3,C,E3XC_L1_F5_C2,20240607,B4b,L1,283,True,True,True,640.0,400.0,240.0,,,runs/experiment3_cross_site/site_c_edmonton/E3XC_L1_F5_C2/seed20240607/B4b
3,C,E3XC_L1_F5_C2,20240608,B0,L1,310,True,False,False,640.0,400.0,240.0,,,runs/experiment3_cross_site/site_c_edmonton/E3XC_L1_F5_C2/seed20240608/B0
3,C,E3XC_L1_F5_C2,20240608,B1,L1,283,True,True,True,640.0,400.0,240.0,,,runs/experiment3_cross_site/site_c_edmonton/E3XC_L1_F5_C2/seed20240608/B1
3,C,E3XC_L1_F5_C2,20240608,B2,L1,283,True,True,True,640.0,400.0,240.0,,,runs/experiment3_cross_site/site_c_edmonton/E3XC_L1_F5_C2/seed20240608/B2
3,C,E3XC_L1_F5_C2,20240608,B4b,L1,283,True,True,True,640.0,400.0,240.0,,,runs/experiment3_cross_site/site_c_edmonton/E3XC_L1_F5_C2/seed20240608/B4b
3,C,E3XC_L1_F5_C2,20240609,B0,L1,310,True,False,False,640.0,400.0,240.0,,,runs/experiment3_cross_site/site_c_edmonton/E3XC_L1_F5_C2/seed20240609/B0
3,C,E3XC_L1_F5_C2,20240609,B1,L1,283,True,True,True,640.0,400.0,240.0,,,runs/experiment3_cross_site/site_c_edmonton/E3XC_L1_F5_C2/seed20240609/B1
3,C,E3XC_L1_F5_C2,20240609,B2,L1,283,True,True,True,640.0,400.0,240.0,,,runs/experiment3_cross_site/site_c_edmonton/E3XC_L1_F5_C2/seed20240609/B2
3,C,E3XC_L1_F5_C2,20240609,B4b,L1,283,True,True,True,640.0,400.0,240.0,,,runs/experiment3_cross_site/site_c_edmonton/E3XC_L1_F5_C2/seed20240609/B4b
3,C,E3XC_L1_F5_C2,20240610,B0,L1,310,True,False,False,640.0,400.0,240.0,,,runs/experiment3_cross_site/site_c_edmonton/E3XC_L1_F5_C2/seed20240610/B0
3,C,E3XC_L1_F5_C2,20240610,B1,L1,283,True,True,True,640.0,400.0,240.0,,,runs/experiment3_cross_site/site_c_edmonton/E3XC_L1_F5_C2/seed20240610/B1
3,C,E3XC_L1_F5_C2,20240610,B2,L1,283,True,True,True,640.0,400.0,240.0,,,runs/experiment3_cross_site/site_c_edmonton/E3XC_L1_F5_C2/seed20240610/B2
3,C,E3XC_L1_F5_C2,20240610,B4b,L1,283,True,True,True,640.0,400.0,240.0,,,runs/experiment3_cross_site/site_c_edmonton/E3XC_L1_F5_C2/seed20240610/B4b
3,C,E3XC_L1_F5_C2,20240611,B0,L1,310,True,False,False,640.0,400.0,240.0,,,runs/experiment3_cross_site/site_c_edmonton/E3XC_L1_F5_C2/seed20240611/B0
3,C,E3XC_L1_F5_C2,20240611,B1,L1,283,True,True,True,640.0,400.0,240.0,,,runs/experiment3_cross_site/site_c_edmonton/E3XC_L1_F5_C2/seed20240611/B1
3,C,E3XC_L1_F5_C2,20240611,B2,L1,283,True,True,True,640.0,400.0,240.0,,,runs/experiment3_cross_site/site_c_edmonton/E3XC_L1_F5_C2/seed20240611/B2
3,C,E3XC_L1_F5_C2,20240611,B4b,L1,283,True,True,True,640.0,400.0,240.0,,,runs/experiment3_cross_site/site_c_edmonton/E3XC_L1_F5_C2/seed20240611/B4b
3,C,E3XC_L1_F5_C2,20240612,B0,L1,310,True,False,False,640.0,400.0,240.0,,,runs/experiment3_cross_site/site_c_edmonton/E3XC_L1_F5_C2/seed20240612/B0
3,C,E3XC_L1_F5_C2,20240612,B1,L1,283,True,True,True,640.0,400.0,240.0,,,runs/experiment3_cross_site/site_c_edmonton/E3XC_L1_F5_C2/seed20240612/B1
3,C,E3XC_L1_F5_C2,20240612,B2,L1,283,True,True,True,640.0,400.0,240.0,,,runs/experiment3_cross_site/site_c_edmonton/E3XC_L1_F5_C2/seed20240612/B2
3,C,E3XC_L1_F5_C2,20240612,B4b,L1,283,True,True,True,640.0,400.0,240.0,,,runs/experiment3_cross_site/site_c_edmonton/E3XC_L1_F5_C2/seed20240612/B4b
3,C,E3XC_L1_F5_C2,20240613,B0,L1,310,True,False,False,640.0,400.0,240.0,,,runs/experiment3_cross_site/site_c_edmonton/E3XC_L1_F5_C2/seed20240613/B0
3,C,E3XC_L1_F5_C2,20240613,B1,L1,283,True,True,True,640.0,400.0,240.0,,,runs/experiment3_cross_site/site_c_edmonton/E3XC_L1_F5_C2/seed20240613/B1
3,C,E3XC_L1_F5_C2,20240613,B2,L1,283,True,True,True,640.0,400.0,240.0,,,runs/experiment3_cross_site/site_c_edmonton/E3XC_L1_F5_C2/seed20240613/B2
3,C,E3XC_L1_F5_C2,20240613,B4b,L1,283,True,True,True,640.0,400.0,240.0,,,runs/experiment3_cross_site/site_c_edmonton/E3XC_L1_F5_C2/seed20240613/B4b
3,C,E3XC_L1_F5_C2,20240614,B0,L1,310,True,False,False,640.0,400.0,240.0,,,runs/experiment3_cross_site/site_c_edmonton/E3XC_L1_F5_C2/seed20240614/B0
3,C,E3XC_L1_F5_C2,20240614,B1,L1,283,True,True,True,640.0,400.0,240.0,,,runs/experiment3_cross_site/site_c_edmonton/E3XC_L1_F5_C2/seed20240614/B1
3,C,E3XC_L1_F5_C2,20240614,B2,L1,283,True,True,True,640.0,400.0,240.0,,,runs/experiment3_cross_site/site_c_edmonton/E3XC_L1_F5_C2/seed20240614/B2
3,C,E3XC_L1_F5_C2,20240614,B4b,L1,283,True,True,True,640.0,400.0,240.0,,,runs/experiment3_cross_site/site_c_edmonton/E3XC_L1_F5_C2/seed20240614/B4b
3,C,E3XC_L1_F5_C2,20240615,B0,L1,310,True,False,False,640.0,400.0,240.0,,,runs/experiment3_cross_site/site_c_edmonton/E3XC_L1_F5_C2/seed20240615/B0
3,C,E3XC_L1_F5_C2,20240615,B1,L1,283,True,True,True,640.0,400.0,240.0,,,runs/experiment3_cross_site/site_c_edmonton/E3XC_L1_F5_C2/seed20240615/B1
3,C,E3XC_L1_F5_C2,20240615,B2,L1,283,True,True,True,640.0,400.0,240.0,,,runs/experiment3_cross_site/site_c_edmonton/E3XC_L1_F5_C2/seed20240615/B2
3,C,E3XC_L1_F5_C2,20240615,B4b,L1,283,True,True,True,640.0,400.0,240.0,,,runs/experiment3_cross_site/site_c_edmonton/E3XC_L1_F5_C2/seed20240615/B4b
3,C,E3XC_L1_F5_C2,20240616,B0,L1,310,True,False,False,640.0,400.0,240.0,,,runs/experiment3_cross_site/site_c_edmonton/E3XC_L1_F5_C2/seed20240616/B0
3,C,E3XC_L1_F5_C2,20240616,B1,L1,283,True,True,True,640.0,400.0,240.0,,,runs/experiment3_cross_site/site_c_edmonton/E3XC_L1_F5_C2/seed20240616/B1
3,C,E3XC_L1_F5_C2,20240616,B2,L1,283,True,True,True,640.0,400.0,240.0,,,runs/experiment3_cross_site/site_c_edmonton/E3XC_L1_F5_C2/seed20240616/B2
3,C,E3XC_L1_F5_C2,20240616,B4b,L1,283,True,True,True,640.0,400.0,240.0,,,runs/experiment3_cross_site/site_c_edmonton/E3XC_L1_F5_C2/seed20240616/B4b
3,C,E3XC_L1_F5_C2,20240617,B0,L1,310,True,False,False,640.0,400.0,240.0,,,runs/experiment3_cross_site/site_c_edmonton/E3XC_L1_F5_C2/seed20240617/B0
3,C,E3XC_L1_F5_C2,20240617,B1,L1,283,True,True,True,640.0,400.0,240.0,,,runs/experiment3_cross_site/site_c_edmonton/E3XC_L1_F5_C2/seed20240617/B1
3,C,E3XC_L1_F5_C2,20240617,B2,L1,283,True,True,True,640.0,400.0,240.0,,,runs/experiment3_cross_site/site_c_edmonton/E3XC_L1_F5_C2/seed20240617/B2
3,C,E3XC_L1_F5_C2,20240617,B4b,L1,283,True,True,True,640.0,400.0,240.0,,,runs/experiment3_cross_site/site_c_edmonton/E3XC_L1_F5_C2/seed20240617/B4b
3,C,E3XC_L1_F5_C2,20240618,B0,L1,310,True,False,False,640.0,400.0,240.0,,,runs/experiment3_cross_site/site_c_edmonton/E3XC_L1_F5_C2/seed20240618/B0
3,C,E3XC_L1_F5_C2,20240618,B1,L1,283,True,True,True,640.0,400.0,240.0,,,runs/experiment3_cross_site/site_c_edmonton/E3XC_L1_F5_C2/seed20240618/B1
3,C,E3XC_L1_F5_C2,20240618,B2,L1,283,True,True,True,640.0,400.0,240.0,,,runs/experiment3_cross_site/site_c_edmonton/E3XC_L1_F5_C2/seed20240618/B2
3,C,E3XC_L1_F5_C2,20240618,B4b,L1,283,True,True,True,640.0,400.0,240.0,,,runs/experiment3_cross_site/site_c_edmonton/E3XC_L1_F5_C2/seed20240618/B4b
3,C,E3XC_L1_F5_C2,20240619,B0,L1,310,True,False,False,640.0,400.0,240.0,,,runs/experiment3_cross_site/site_c_edmonton/E3XC_L1_F5_C2/seed20240619/B0
3,C,E3XC_L1_F5_C2,20240619,B1,L1,283,True,True,True,640.0,400.0,240.0,,,runs/experiment3_cross_site/site_c_edmonton/E3XC_L1_F5_C2/seed20240619/B1
3,C,E3XC_L1_F5_C2,20240619,B2,L1,283,True,True,True,640.0,400.0,240.0,,,runs/experiment3_cross_site/site_c_edmonton/E3XC_L1_F5_C2/seed20240619/B2
3,C,E3XC_L1_F5_C2,20240619,B4b,L1,283,True,True,True,640.0,400.0,240.0,,,runs/experiment3_cross_site/site_c_edmonton/E3XC_L1_F5_C2/seed20240619/B4b
3,C,E3XC_L1_F5_C2,20240620,B0,L1,310,True,False,False,640.0,400.0,240.0,,,runs/experiment3_cross_site/site_c_edmonton/E3XC_L1_F5_C2/seed20240620/B0
3,C,E3XC_L1_F5_C2,20240620,B1,L1,283,True,True,True,640.0,400.0,240.0,,,runs/experiment3_cross_site/site_c_edmonton/E3XC_L1_F5_C2/seed20240620/B1
3,C,E3XC_L1_F5_C2,20240620,B2,L1,283,True,True,True,640.0,400.0,240.0,,,runs/experiment3_cross_site/site_c_edmonton/E3XC_L1_F5_C2/seed20240620/B2
3,C,E3XC_L1_F5_C2,20240620,B4b,L1,283,True,True,True,640.0,400.0,240.0,,,runs/experiment3_cross_site/site_c_edmonton/E3XC_L1_F5_C2/seed20240620/B4b
3,C,E3XC_L2_F1_F1,20240601,B0,L2,310,True,False,False,640.0,400.0,240.0,,,runs/experiment3_cross_site/site_c_edmonton/E3XC_L2_F1_F1/seed20240601/B0
3,C,E3XC_L2_F1_F1,20240601,B1,L2,453,True,True,True,640.0,400.0,240.0,,,runs/experiment3_cross_site/site_c_edmonton/E3XC_L2_F1_F1/seed20240601/B1
3,C,E3XC_L2_F1_F1,20240601,B2,L2,453,True,True,True,640.0,400.0,240.0,,,runs/experiment3_cross_site/site_c_edmonton/E3XC_L2_F1_F1/seed20240601/B2
3,C,E3XC_L2_F1_F1,20240601,B4b,L2,453,True,True,True,640.0,400.0,240.0,,,runs/experiment3_cross_site/site_c_edmonton/E3XC_L2_F1_F1/seed20240601/B4b
3,C,E3XC_L2_F1_F1,20240602,B0,L2,310,True,False,False,640.0,400.0,240.0,,,runs/experiment3_cross_site/site_c_edmonton/E3XC_L2_F1_F1/seed20240602/B0
3,C,E3XC_L2_F1_F1,20240602,B1,L2,453,True,True,True,640.0,400.0,240.0,,,runs/experiment3_cross_site/site_c_edmonton/E3XC_L2_F1_F1/seed20240602/B1
3,C,E3XC_L2_F1_F1,20240602,B2,L2,453,True,True,True,640.0,400.0,240.0,,,runs/experiment3_cross_site/site_c_edmonton/E3XC_L2_F1_F1/seed20240602/B2
3,C,E3XC_L2_F1_F1,20240602,B4b,L2,453,True,True,True,640.0,400.0,240.0,,,runs/experiment3_cross_site/site_c_edmonton/E3XC_L2_F1_F1/seed20240602/B4b
3,C,E3XC_L2_F1_F1,20240603,B0,L2,310,True,False,False,640.0,400.0,240.0,,,runs/experiment3_cross_site/site_c_edmonton/E3XC_L2_F1_F1/seed20240603/B0
3,C,E3XC_L2_F1_F1,20240603,B1,L2,453,True,True,True,640.0,400.0,240.0,,,runs/experiment3_cross_site/site_c_edmonton/E3XC_L2_F1_F1/seed20240603/B1
3,C,E3XC_L2_F1_F1,20240603,B2,L2,453,True,True,True,640.0,400.0,240.0,,,runs/experiment3_cross_site/site_c_edmonton/E3XC_L2_F1_F1/seed20240603/B2
3,C,E3XC_L2_F1_F1,20240603,B4b,L2,453,True,True,True,640.0,400.0,240.0,,,runs/experiment3_cross_site/site_c_edmonton/E3XC_L2_F1_F1/seed20240603/B4b
3,C,E3XC_L2_F1_F1,20240604,B0,L2,310,True,False,False,640.0,400.0,240.0,,,runs/experiment3_cross_site/site_c_edmonton/E3XC_L2_F1_F1/seed20240604/B0
3,C,E3XC_L2_F1_F1,20240604,B1,L2,453,True,True,True,640.0,400.0,240.0,,,runs/experiment3_cross_site/site_c_edmonton/E3XC_L2_F1_F1/seed20240604/B1
3,C,E3XC_L2_F1_F1,20240604,B2,L2,453,True,True,True,640.0,400.0,240.0,,,runs/experiment3_cross_site/site_c_edmonton/E3XC_L2_F1_F1/seed20240604/B2
3,C,E3XC_L2_F1_F1,20240604,B4b,L2,453,True,True,True,640.0,400.0,240.0,,,runs/experiment3_cross_site/site_c_edmonton/E3XC_L2_F1_F1/seed20240604/B4b
3,C,E3XC_L2_F1_F1,20240605,B0,L2,310,True,False,False,640.0,400.0,240.0,,,runs/experiment3_cross_site/site_c_edmonton/E3XC_L2_F1_F1/seed20240605/B0
3,C,E3XC_L2_F1_F1,20240605,B1,L2,453,True,True,True,640.0,400.0,240.0,,,runs/experiment3_cross_site/site_c_edmonton/E3XC_L2_F1_F1/seed20240605/B1
3,C,E3XC_L2_F1_F1,20240605,B2,L2,453,True,True,True,640.0,400.0,240.0,,,runs/experiment3_cross_site/site_c_edmonton/E3XC_L2_F1_F1/seed20240605/B2
3,C,E3XC_L2_F1_F1,20240605,B4b,L2,453,True,True,True,640.0,400.0,240.0,,,runs/experiment3_cross_site/site_c_edmonton/E3XC_L2_F1_F1/seed20240605/B4b
3,C,E3XC_L2_F1_F1,20240606,B0,L2,310,True,False,False,640.0,400.0,240.0,,,runs/experiment3_cross_site/site_c_edmonton/E3XC_L2_F1_F1/seed20240606/B0
3,C,E3XC_L2_F1_F1,20240606,B1,L2,453,True,True,True,640.0,400.0,240.0,,,runs/experiment3_cross_site/site_c_edmonton/E3XC_L2_F1_F1/seed20240606/B1
3,C,E3XC_L2_F1_F1,20240606,B2,L2,453,True,True,True,640.0,400.0,240.0,,,runs/experiment3_cross_site/site_c_edmonton/E3XC_L2_F1_F1/seed20240606/B2
3,C,E3XC_L2_F1_F1,20240606,B4b,L2,453,True,True,True,640.0,400.0,240.0,,,runs/experiment3_cross_site/site_c_edmonton/E3XC_L2_F1_F1/seed20240606/B4b
3,C,E3XC_L2_F1_F1,20240607,B0,L2,310,True,False,False,640.0,400.0,240.0,,,runs/experiment3_cross_site/site_c_edmonton/E3XC_L2_F1_F1/seed20240607/B0
3,C,E3XC_L2_F1_F1,20240607,B1,L2,453,True,True,True,640.0,400.0,240.0,,,runs/experiment3_cross_site/site_c_edmonton/E3XC_L2_F1_F1/seed20240607/B1
3,C,E3XC_L2_F1_F1,20240607,B2,L2,453,True,True,True,640.0,400.0,240.0,,,runs/experiment3_cross_site/site_c_edmonton/E3XC_L2_F1_F1/seed20240607/B2
3,C,E3XC_L2_F1_F1,20240607,B4b,L2,453,True,True,True,640.0,400.0,240.0,,,runs/experiment3_cross_site/site_c_edmonton/E3XC_L2_F1_F1/seed20240607/B4b
3,C,E3XC_L2_F1_F1,20240608,B0,L2,310,True,False,False,640.0,400.0,240.0,,,runs/experiment3_cross_site/site_c_edmonton/E3XC_L2_F1_F1/seed20240608/B0
3,C,E3XC_L2_F1_F1,20240608,B1,L2,453,True,True,True,640.0,400.0,240.0,,,runs/experiment3_cross_site/site_c_edmonton/E3XC_L2_F1_F1/seed20240608/B1
3,C,E3XC_L2_F1_F1,20240608,B2,L2,453,True,True,True,640.0,400.0,240.0,,,runs/experiment3_cross_site/site_c_edmonton/E3XC_L2_F1_F1/seed20240608/B2
3,C,E3XC_L2_F1_F1,20240608,B4b,L2,453,True,True,True,640.0,400.0,240.0,,,runs/experiment3_cross_site/site_c_edmonton/E3XC_L2_F1_F1/seed20240608/B4b
3,C,E3XC_L2_F1_F1,20240609,B0,L2,310,True,False,False,640.0,400.0,240.0,,,runs/experiment3_cross_site/site_c_edmonton/E3XC_L2_F1_F1/seed20240609/B0
3,C,E3XC_L2_F1_F1,20240609,B1,L2,453,True,True,True,640.0,400.0,240.0,,,runs/experiment3_cross_site/site_c_edmonton/E3XC_L2_F1_F1/seed20240609/B1
3,C,E3XC_L2_F1_F1,20240609,B2,L2,453,True,True,True,640.0,400.0,240.0,,,runs/experiment3_cross_site/site_c_edmonton/E3XC_L2_F1_F1/seed20240609/B2
3,C,E3XC_L2_F1_F1,20240609,B4b,L2,453,True,True,True,640.0,400.0,240.0,,,runs/experiment3_cross_site/site_c_edmonton/E3XC_L2_F1_F1/seed20240609/B4b
3,C,E3XC_L2_F1_F1,20240610,B0,L2,310,True,False,False,640.0,400.0,240.0,,,runs/experiment3_cross_site/site_c_edmonton/E3XC_L2_F1_F1/seed20240610/B0
3,C,E3XC_L2_F1_F1,20240610,B1,L2,453,True,True,True,640.0,400.0,240.0,,,runs/experiment3_cross_site/site_c_edmonton/E3XC_L2_F1_F1/seed20240610/B1
3,C,E3XC_L2_F1_F1,20240610,B2,L2,453,True,True,True,640.0,400.0,240.0,,,runs/experiment3_cross_site/site_c_edmonton/E3XC_L2_F1_F1/seed20240610/B2
3,C,E3XC_L2_F1_F1,20240610,B4b,L2,453,True,True,True,640.0,400.0,240.0,,,runs/experiment3_cross_site/site_c_edmonton/E3XC_L2_F1_F1/seed20240610/B4b
3,C,E3XC_L2_F1_F1,20240611,B0,L2,310,True,False,False,640.0,400.0,240.0,,,runs/experiment3_cross_site/site_c_edmonton/E3XC_L2_F1_F1/seed20240611/B0
3,C,E3XC_L2_F1_F1,20240611,B1,L2,453,True,True,True,640.0,400.0,240.0,,,runs/experiment3_cross_site/site_c_edmonton/E3XC_L2_F1_F1/seed20240611/B1
3,C,E3XC_L2_F1_F1,20240611,B2,L2,453,True,True,True,640.0,400.0,240.0,,,runs/experiment3_cross_site/site_c_edmonton/E3XC_L2_F1_F1/seed20240611/B2
3,C,E3XC_L2_F1_F1,20240611,B4b,L2,453,True,True,True,640.0,400.0,240.0,,,runs/experiment3_cross_site/site_c_edmonton/E3XC_L2_F1_F1/seed20240611/B4b
3,C,E3XC_L2_F1_F1,20240612,B0,L2,310,True,False,False,640.0,400.0,240.0,,,runs/experiment3_cross_site/site_c_edmonton/E3XC_L2_F1_F1/seed20240612/B0
3,C,E3XC_L2_F1_F1,20240612,B1,L2,453,True,True,True,640.0,400.0,240.0,,,runs/experiment3_cross_site/site_c_edmonton/E3XC_L2_F1_F1/seed20240612/B1
3,C,E3XC_L2_F1_F1,20240612,B2,L2,453,True,True,True,640.0,400.0,240.0,,,runs/experiment3_cross_site/site_c_edmonton/E3XC_L2_F1_F1/seed20240612/B2
3,C,E3XC_L2_F1_F1,20240612,B4b,L2,453,True,True,True,640.0,400.0,240.0,,,runs/experiment3_cross_site/site_c_edmonton/E3XC_L2_F1_F1/seed20240612/B4b
3,C,E3XC_L2_F1_F1,20240613,B0,L2,310,True,False,False,640.0,400.0,240.0,,,runs/experiment3_cross_site/site_c_edmonton/E3XC_L2_F1_F1/seed20240613/B0
3,C,E3XC_L2_F1_F1,20240613,B1,L2,453,True,True,True,640.0,400.0,240.0,,,runs/experiment3_cross_site/site_c_edmonton/E3XC_L2_F1_F1/seed20240613/B1
3,C,E3XC_L2_F1_F1,20240613,B2,L2,453,True,True,True,640.0,400.0,240.0,,,runs/experiment3_cross_site/site_c_edmonton/E3XC_L2_F1_F1/seed20240613/B2
3,C,E3XC_L2_F1_F1,20240613,B4b,L2,453,True,True,True,640.0,400.0,240.0,,,runs/experiment3_cross_site/site_c_edmonton/E3XC_L2_F1_F1/seed20240613/B4b
3,C,E3XC_L2_F1_F1,20240614,B0,L2,310,True,False,False,640.0,400.0,240.0,,,runs/experiment3_cross_site/site_c_edmonton/E3XC_L2_F1_F1/seed20240614/B0
3,C,E3XC_L2_F1_F1,20240614,B1,L2,453,True,True,True,640.0,400.0,240.0,,,runs/experiment3_cross_site/site_c_edmonton/E3XC_L2_F1_F1/seed20240614/B1
3,C,E3XC_L2_F1_F1,20240614,B2,L2,453,True,True,True,640.0,400.0,240.0,,,runs/experiment3_cross_site/site_c_edmonton/E3XC_L2_F1_F1/seed20240614/B2
3,C,E3XC_L2_F1_F1,20240614,B4b,L2,453,True,True,True,640.0,400.0,240.0,,,runs/experiment3_cross_site/site_c_edmonton/E3XC_L2_F1_F1/seed20240614/B4b
3,C,E3XC_L2_F1_F1,20240615,B0,L2,310,True,False,False,640.0,400.0,240.0,,,runs/experiment3_cross_site/site_c_edmonton/E3XC_L2_F1_F1/seed20240615/B0
3,C,E3XC_L2_F1_F1,20240615,B1,L2,453,True,True,True,640.0,400.0,240.0,,,runs/experiment3_cross_site/site_c_edmonton/E3XC_L2_F1_F1/seed20240615/B1
3,C,E3XC_L2_F1_F1,20240615,B2,L2,453,True,True,True,640.0,400.0,240.0,,,runs/experiment3_cross_site/site_c_edmonton/E3XC_L2_F1_F1/seed20240615/B2
3,C,E3XC_L2_F1_F1,20240615,B4b,L2,490,True,True,True,640.0,400.0,240.0,,,runs/experiment3_cross_site/site_c_edmonton/E3XC_L2_F1_F1/seed20240615/B4b
3,C,E3XC_L2_F1_F1,20240616,B0,L2,310,True,False,False,640.0,400.0,240.0,,,runs/experiment3_cross_site/site_c_edmonton/E3XC_L2_F1_F1/seed20240616/B0
3,C,E3XC_L2_F1_F1,20240616,B1,L2,453,True,True,True,640.0,400.0,240.0,,,runs/experiment3_cross_site/site_c_edmonton/E3XC_L2_F1_F1/seed20240616/B1
3,C,E3XC_L2_F1_F1,20240616,B2,L2,453,True,True,True,640.0,400.0,240.0,,,runs/experiment3_cross_site/site_c_edmonton/E3XC_L2_F1_F1/seed20240616/B2
3,C,E3XC_L2_F1_F1,20240616,B4b,L2,453,True,True,True,640.0,400.0,240.0,,,runs/experiment3_cross_site/site_c_edmonton/E3XC_L2_F1_F1/seed20240616/B4b
3,C,E3XC_L2_F1_F1,20240617,B0,L2,310,True,False,False,640.0,400.0,240.0,,,runs/experiment3_cross_site/site_c_edmonton/E3XC_L2_F1_F1/seed20240617/B0
3,C,E3XC_L2_F1_F1,20240617,B1,L2,453,True,True,True,640.0,400.0,240.0,,,runs/experiment3_cross_site/site_c_edmonton/E3XC_L2_F1_F1/seed20240617/B1
3,C,E3XC_L2_F1_F1,20240617,B2,L2,453,True,True,True,640.0,400.0,240.0,,,runs/experiment3_cross_site/site_c_edmonton/E3XC_L2_F1_F1/seed20240617/B2
3,C,E3XC_L2_F1_F1,20240617,B4b,L2,453,True,True,True,640.0,400.0,240.0,,,runs/experiment3_cross_site/site_c_edmonton/E3XC_L2_F1_F1/seed20240617/B4b
3,C,E3XC_L2_F1_F1,20240618,B0,L2,310,True,False,False,640.0,400.0,240.0,,,runs/experiment3_cross_site/site_c_edmonton/E3XC_L2_F1_F1/seed20240618/B0
3,C,E3XC_L2_F1_F1,20240618,B1,L2,453,True,True,True,640.0,400.0,240.0,,,runs/experiment3_cross_site/site_c_edmonton/E3XC_L2_F1_F1/seed20240618/B1
3,C,E3XC_L2_F1_F1,20240618,B2,L2,453,True,True,True,640.0,400.0,240.0,,,runs/experiment3_cross_site/site_c_edmonton/E3XC_L2_F1_F1/seed20240618/B2
3,C,E3XC_L2_F1_F1,20240618,B4b,L2,453,True,True,True,640.0,400.0,240.0,,,runs/experiment3_cross_site/site_c_edmonton/E3XC_L2_F1_F1/seed20240618/B4b
3,C,E3XC_L2_F1_F1,20240619,B0,L2,310,True,False,False,640.0,400.0,240.0,,,runs/experiment3_cross_site/site_c_edmonton/E3XC_L2_F1_F1/seed20240619/B0
3,C,E3XC_L2_F1_F1,20240619,B1,L2,453,True,True,True,640.0,400.0,240.0,,,runs/experiment3_cross_site/site_c_edmonton/E3XC_L2_F1_F1/seed20240619/B1
3,C,E3XC_L2_F1_F1,20240619,B2,L2,453,True,True,True,640.0,400.0,240.0,,,runs/experiment3_cross_site/site_c_edmonton/E3XC_L2_F1_F1/seed20240619/B2
3,C,E3XC_L2_F1_F1,20240619,B4b,L2,453,True,True,True,640.0,400.0,240.0,,,runs/experiment3_cross_site/site_c_edmonton/E3XC_L2_F1_F1/seed20240619/B4b
3,C,E3XC_L2_F1_F1,20240620,B0,L2,310,True,False,False,640.0,400.0,240.0,,,runs/experiment3_cross_site/site_c_edmonton/E3XC_L2_F1_F1/seed20240620/B0
3,C,E3XC_L2_F1_F1,20240620,B1,L2,453,True,True,True,640.0,400.0,240.0,,,runs/experiment3_cross_site/site_c_edmonton/E3XC_L2_F1_F1/seed20240620/B1
3,C,E3XC_L2_F1_F1,20240620,B2,L2,453,True,True,True,640.0,400.0,240.0,,,runs/experiment3_cross_site/site_c_edmonton/E3XC_L2_F1_F1/seed20240620/B2
3,C,E3XC_L2_F1_F1,20240620,B4b,L2,453,True,True,True,640.0,400.0,240.0,,,runs/experiment3_cross_site/site_c_edmonton/E3XC_L2_F1_F1/seed20240620/B4b
3,C,E3XC_L2_F1_F5,20240601,B0,L2,310,True,False,False,640.0,400.0,240.0,,,runs/experiment3_cross_site/site_c_edmonton/E3XC_L2_F1_F5/seed20240601/B0
3,C,E3XC_L2_F1_F5,20240601,B1,L2,453,True,True,True,640.0,400.0,240.0,,,runs/experiment3_cross_site/site_c_edmonton/E3XC_L2_F1_F5/seed20240601/B1
3,C,E3XC_L2_F1_F5,20240601,B2,L2,453,True,True,True,640.0,400.0,240.0,,,runs/experiment3_cross_site/site_c_edmonton/E3XC_L2_F1_F5/seed20240601/B2
3,C,E3XC_L2_F1_F5,20240601,B4b,L2,453,True,True,True,640.0,400.0,240.0,,,runs/experiment3_cross_site/site_c_edmonton/E3XC_L2_F1_F5/seed20240601/B4b
3,C,E3XC_L2_F1_F5,20240602,B0,L2,310,True,False,False,640.0,400.0,240.0,,,runs/experiment3_cross_site/site_c_edmonton/E3XC_L2_F1_F5/seed20240602/B0
3,C,E3XC_L2_F1_F5,20240602,B1,L2,453,True,True,True,640.0,400.0,240.0,,,runs/experiment3_cross_site/site_c_edmonton/E3XC_L2_F1_F5/seed20240602/B1
3,C,E3XC_L2_F1_F5,20240602,B2,L2,453,True,True,True,640.0,400.0,240.0,,,runs/experiment3_cross_site/site_c_edmonton/E3XC_L2_F1_F5/seed20240602/B2
3,C,E3XC_L2_F1_F5,20240602,B4b,L2,453,True,True,True,640.0,400.0,240.0,,,runs/experiment3_cross_site/site_c_edmonton/E3XC_L2_F1_F5/seed20240602/B4b
3,C,E3XC_L2_F1_F5,20240603,B0,L2,310,True,False,False,640.0,400.0,240.0,,,runs/experiment3_cross_site/site_c_edmonton/E3XC_L2_F1_F5/seed20240603/B0
3,C,E3XC_L2_F1_F5,20240603,B1,L2,453,True,True,True,640.0,400.0,240.0,,,runs/experiment3_cross_site/site_c_edmonton/E3XC_L2_F1_F5/seed20240603/B1
3,C,E3XC_L2_F1_F5,20240603,B2,L2,453,True,True,True,640.0,400.0,240.0,,,runs/experiment3_cross_site/site_c_edmonton/E3XC_L2_F1_F5/seed20240603/B2
3,C,E3XC_L2_F1_F5,20240603,B4b,L2,453,True,True,True,640.0,400.0,240.0,,,runs/experiment3_cross_site/site_c_edmonton/E3XC_L2_F1_F5/seed20240603/B4b
3,C,E3XC_L2_F1_F5,20240604,B0,L2,310,True,False,False,640.0,400.0,240.0,,,runs/experiment3_cross_site/site_c_edmonton/E3XC_L2_F1_F5/seed20240604/B0
3,C,E3XC_L2_F1_F5,20240604,B1,L2,453,True,True,True,640.0,400.0,240.0,,,runs/experiment3_cross_site/site_c_edmonton/E3XC_L2_F1_F5/seed20240604/B1
3,C,E3XC_L2_F1_F5,20240604,B2,L2,453,True,True,True,640.0,400.0,240.0,,,runs/experiment3_cross_site/site_c_edmonton/E3XC_L2_F1_F5/seed20240604/B2
3,C,E3XC_L2_F1_F5,20240604,B4b,L2,453,True,True,True,640.0,400.0,240.0,,,runs/experiment3_cross_site/site_c_edmonton/E3XC_L2_F1_F5/seed20240604/B4b
3,C,E3XC_L2_F1_F5,20240605,B0,L2,310,True,False,False,640.0,400.0,240.0,,,runs/experiment3_cross_site/site_c_edmonton/E3XC_L2_F1_F5/seed20240605/B0
3,C,E3XC_L2_F1_F5,20240605,B1,L2,453,True,True,True,640.0,400.0,240.0,,,runs/experiment3_cross_site/site_c_edmonton/E3XC_L2_F1_F5/seed20240605/B1
3,C,E3XC_L2_F1_F5,20240605,B2,L2,453,True,True,True,640.0,400.0,240.0,,,runs/experiment3_cross_site/site_c_edmonton/E3XC_L2_F1_F5/seed20240605/B2
3,C,E3XC_L2_F1_F5,20240605,B4b,L2,453,True,True,True,640.0,400.0,240.0,,,runs/experiment3_cross_site/site_c_edmonton/E3XC_L2_F1_F5/seed20240605/B4b
3,C,E3XC_L2_F1_F5,20240606,B0,L2,310,True,False,False,640.0,400.0,240.0,,,runs/experiment3_cross_site/site_c_edmonton/E3XC_L2_F1_F5/seed20240606/B0
3,C,E3XC_L2_F1_F5,20240606,B1,L2,453,True,True,True,640.0,400.0,240.0,,,runs/experiment3_cross_site/site_c_edmonton/E3XC_L2_F1_F5/seed20240606/B1
3,C,E3XC_L2_F1_F5,20240606,B2,L2,453,True,True,True,640.0,400.0,240.0,,,runs/experiment3_cross_site/site_c_edmonton/E3XC_L2_F1_F5/seed20240606/B2
3,C,E3XC_L2_F1_F5,20240606,B4b,L2,453,True,True,True,640.0,400.0,240.0,,,runs/experiment3_cross_site/site_c_edmonton/E3XC_L2_F1_F5/seed20240606/B4b
3,C,E3XC_L2_F1_F5,20240607,B0,L2,310,True,False,False,640.0,400.0,240.0,,,runs/experiment3_cross_site/site_c_edmonton/E3XC_L2_F1_F5/seed20240607/B0
3,C,E3XC_L2_F1_F5,20240607,B1,L2,453,True,True,True,640.0,400.0,240.0,,,runs/experiment3_cross_site/site_c_edmonton/E3XC_L2_F1_F5/seed20240607/B1
3,C,E3XC_L2_F1_F5,20240607,B2,L2,453,True,True,True,640.0,400.0,240.0,,,runs/experiment3_cross_site/site_c_edmonton/E3XC_L2_F1_F5/seed20240607/B2
3,C,E3XC_L2_F1_F5,20240607,B4b,L2,453,True,True,True,640.0,400.0,240.0,,,runs/experiment3_cross_site/site_c_edmonton/E3XC_L2_F1_F5/seed20240607/B4b
3,C,E3XC_L2_F1_F5,20240608,B0,L2,310,True,False,False,640.0,400.0,240.0,,,runs/experiment3_cross_site/site_c_edmonton/E3XC_L2_F1_F5/seed20240608/B0
3,C,E3XC_L2_F1_F5,20240608,B1,L2,453,True,True,True,640.0,400.0,240.0,,,runs/experiment3_cross_site/site_c_edmonton/E3XC_L2_F1_F5/seed20240608/B1
3,C,E3XC_L2_F1_F5,20240608,B2,L2,453,True,True,True,640.0,400.0,240.0,,,runs/experiment3_cross_site/site_c_edmonton/E3XC_L2_F1_F5/seed20240608/B2
3,C,E3XC_L2_F1_F5,20240608,B4b,L2,453,True,True,True,640.0,400.0,240.0,,,runs/experiment3_cross_site/site_c_edmonton/E3XC_L2_F1_F5/seed20240608/B4b
3,C,E3XC_L2_F1_F5,20240609,B0,L2,310,True,False,False,640.0,400.0,240.0,,,runs/experiment3_cross_site/site_c_edmonton/E3XC_L2_F1_F5/seed20240609/B0
3,C,E3XC_L2_F1_F5,20240609,B1,L2,453,True,True,True,640.0,400.0,240.0,,,runs/experiment3_cross_site/site_c_edmonton/E3XC_L2_F1_F5/seed20240609/B1
3,C,E3XC_L2_F1_F5,20240609,B2,L2,453,True,True,True,640.0,400.0,240.0,,,runs/experiment3_cross_site/site_c_edmonton/E3XC_L2_F1_F5/seed20240609/B2
3,C,E3XC_L2_F1_F5,20240609,B4b,L2,453,True,True,True,640.0,400.0,240.0,,,runs/experiment3_cross_site/site_c_edmonton/E3XC_L2_F1_F5/seed20240609/B4b
3,C,E3XC_L2_F1_F5,20240610,B0,L2,310,True,False,False,640.0,400.0,240.0,,,runs/experiment3_cross_site/site_c_edmonton/E3XC_L2_F1_F5/seed20240610/B0
3,C,E3XC_L2_F1_F5,20240610,B1,L2,453,True,True,True,640.0,400.0,240.0,,,runs/experiment3_cross_site/site_c_edmonton/E3XC_L2_F1_F5/seed20240610/B1
3,C,E3XC_L2_F1_F5,20240610,B2,L2,453,True,True,True,640.0,400.0,240.0,,,runs/experiment3_cross_site/site_c_edmonton/E3XC_L2_F1_F5/seed20240610/B2
3,C,E3XC_L2_F1_F5,20240610,B4b,L2,453,True,True,True,640.0,400.0,240.0,,,runs/experiment3_cross_site/site_c_edmonton/E3XC_L2_F1_F5/seed20240610/B4b
3,C,E3XC_L2_F1_F5,20240611,B0,L2,310,True,False,False,640.0,400.0,240.0,,,runs/experiment3_cross_site/site_c_edmonton/E3XC_L2_F1_F5/seed20240611/B0
3,C,E3XC_L2_F1_F5,20240611,B1,L2,453,True,True,True,640.0,400.0,240.0,,,runs/experiment3_cross_site/site_c_edmonton/E3XC_L2_F1_F5/seed20240611/B1
3,C,E3XC_L2_F1_F5,20240611,B2,L2,453,True,True,True,640.0,400.0,240.0,,,runs/experiment3_cross_site/site_c_edmonton/E3XC_L2_F1_F5/seed20240611/B2
3,C,E3XC_L2_F1_F5,20240611,B4b,L2,453,True,True,True,640.0,400.0,240.0,,,runs/experiment3_cross_site/site_c_edmonton/E3XC_L2_F1_F5/seed20240611/B4b
3,C,E3XC_L2_F1_F5,20240612,B0,L2,310,True,False,False,640.0,400.0,240.0,,,runs/experiment3_cross_site/site_c_edmonton/E3XC_L2_F1_F5/seed20240612/B0
3,C,E3XC_L2_F1_F5,20240612,B1,L2,453,True,True,True,640.0,400.0,240.0,,,runs/experiment3_cross_site/site_c_edmonton/E3XC_L2_F1_F5/seed20240612/B1
3,C,E3XC_L2_F1_F5,20240612,B2,L2,453,True,True,True,640.0,400.0,240.0,,,runs/experiment3_cross_site/site_c_edmonton/E3XC_L2_F1_F5/seed20240612/B2
3,C,E3XC_L2_F1_F5,20240612,B4b,L2,453,True,True,True,640.0,400.0,240.0,,,runs/experiment3_cross_site/site_c_edmonton/E3XC_L2_F1_F5/seed20240612/B4b
3,C,E3XC_L2_F1_F5,20240613,B0,L2,310,True,False,False,640.0,400.0,240.0,,,runs/experiment3_cross_site/site_c_edmonton/E3XC_L2_F1_F5/seed20240613/B0
3,C,E3XC_L2_F1_F5,20240613,B1,L2,453,True,True,True,640.0,400.0,240.0,,,runs/experiment3_cross_site/site_c_edmonton/E3XC_L2_F1_F5/seed20240613/B1
3,C,E3XC_L2_F1_F5,20240613,B2,L2,453,True,True,True,640.0,400.0,240.0,,,runs/experiment3_cross_site/site_c_edmonton/E3XC_L2_F1_F5/seed20240613/B2
3,C,E3XC_L2_F1_F5,20240613,B4b,L2,453,True,True,True,640.0,400.0,240.0,,,runs/experiment3_cross_site/site_c_edmonton/E3XC_L2_F1_F5/seed20240613/B4b
3,C,E3XC_L2_F1_F5,20240614,B0,L2,310,True,False,False,640.0,400.0,240.0,,,runs/experiment3_cross_site/site_c_edmonton/E3XC_L2_F1_F5/seed20240614/B0
3,C,E3XC_L2_F1_F5,20240614,B1,L2,453,True,True,True,640.0,400.0,240.0,,,runs/experiment3_cross_site/site_c_edmonton/E3XC_L2_F1_F5/seed20240614/B1
3,C,E3XC_L2_F1_F5,20240614,B2,L2,453,True,True,True,640.0,400.0,240.0,,,runs/experiment3_cross_site/site_c_edmonton/E3XC_L2_F1_F5/seed20240614/B2
3,C,E3XC_L2_F1_F5,20240614,B4b,L2,453,True,True,True,640.0,400.0,240.0,,,runs/experiment3_cross_site/site_c_edmonton/E3XC_L2_F1_F5/seed20240614/B4b
3,C,E3XC_L2_F1_F5,20240615,B0,L2,310,True,False,False,640.0,400.0,240.0,,,runs/experiment3_cross_site/site_c_edmonton/E3XC_L2_F1_F5/seed20240615/B0
3,C,E3XC_L2_F1_F5,20240615,B1,L2,453,True,True,True,640.0,400.0,240.0,,,runs/experiment3_cross_site/site_c_edmonton/E3XC_L2_F1_F5/seed20240615/B1
3,C,E3XC_L2_F1_F5,20240615,B2,L2,453,True,True,True,640.0,400.0,240.0,,,runs/experiment3_cross_site/site_c_edmonton/E3XC_L2_F1_F5/seed20240615/B2
3,C,E3XC_L2_F1_F5,20240615,B4b,L2,453,True,True,True,640.0,400.0,240.0,,,runs/experiment3_cross_site/site_c_edmonton/E3XC_L2_F1_F5/seed20240615/B4b
3,C,E3XC_L2_F1_F5,20240616,B0,L2,310,True,False,False,640.0,400.0,240.0,,,runs/experiment3_cross_site/site_c_edmonton/E3XC_L2_F1_F5/seed20240616/B0
3,C,E3XC_L2_F1_F5,20240616,B1,L2,453,True,True,True,640.0,400.0,240.0,,,runs/experiment3_cross_site/site_c_edmonton/E3XC_L2_F1_F5/seed20240616/B1
3,C,E3XC_L2_F1_F5,20240616,B2,L2,453,True,True,True,640.0,400.0,240.0,,,runs/experiment3_cross_site/site_c_edmonton/E3XC_L2_F1_F5/seed20240616/B2
3,C,E3XC_L2_F1_F5,20240616,B4b,L2,453,True,True,True,640.0,400.0,240.0,,,runs/experiment3_cross_site/site_c_edmonton/E3XC_L2_F1_F5/seed20240616/B4b
3,C,E3XC_L2_F1_F5,20240617,B0,L2,310,True,False,False,640.0,400.0,240.0,,,runs/experiment3_cross_site/site_c_edmonton/E3XC_L2_F1_F5/seed20240617/B0
3,C,E3XC_L2_F1_F5,20240617,B1,L2,453,True,True,True,640.0,400.0,240.0,,,runs/experiment3_cross_site/site_c_edmonton/E3XC_L2_F1_F5/seed20240617/B1
3,C,E3XC_L2_F1_F5,20240617,B2,L2,453,True,True,True,640.0,400.0,240.0,,,runs/experiment3_cross_site/site_c_edmonton/E3XC_L2_F1_F5/seed20240617/B2
3,C,E3XC_L2_F1_F5,20240617,B4b,L2,453,True,True,True,640.0,400.0,240.0,,,runs/experiment3_cross_site/site_c_edmonton/E3XC_L2_F1_F5/seed20240617/B4b
3,C,E3XC_L2_F1_F5,20240618,B0,L2,310,True,False,False,640.0,400.0,240.0,,,runs/experiment3_cross_site/site_c_edmonton/E3XC_L2_F1_F5/seed20240618/B0
3,C,E3XC_L2_F1_F5,20240618,B1,L2,453,True,True,True,640.0,400.0,240.0,,,runs/experiment3_cross_site/site_c_edmonton/E3XC_L2_F1_F5/seed20240618/B1
3,C,E3XC_L2_F1_F5,20240618,B2,L2,453,True,True,True,640.0,400.0,240.0,,,runs/experiment3_cross_site/site_c_edmonton/E3XC_L2_F1_F5/seed20240618/B2
3,C,E3XC_L2_F1_F5,20240618,B4b,L2,453,True,True,True,640.0,400.0,240.0,,,runs/experiment3_cross_site/site_c_edmonton/E3XC_L2_F1_F5/seed20240618/B4b
3,C,E3XC_L2_F1_F5,20240619,B0,L2,310,True,False,False,640.0,400.0,240.0,,,runs/experiment3_cross_site/site_c_edmonton/E3XC_L2_F1_F5/seed20240619/B0
3,C,E3XC_L2_F1_F5,20240619,B1,L2,453,True,True,True,640.0,400.0,240.0,,,runs/experiment3_cross_site/site_c_edmonton/E3XC_L2_F1_F5/seed20240619/B1
3,C,E3XC_L2_F1_F5,20240619,B2,L2,453,True,True,True,640.0,400.0,240.0,,,runs/experiment3_cross_site/site_c_edmonton/E3XC_L2_F1_F5/seed20240619/B2
3,C,E3XC_L2_F1_F5,20240619,B4b,L2,453,True,True,True,640.0,400.0,240.0,,,runs/experiment3_cross_site/site_c_edmonton/E3XC_L2_F1_F5/seed20240619/B4b
3,C,E3XC_L2_F1_F5,20240620,B0,L2,310,True,False,False,640.0,400.0,240.0,,,runs/experiment3_cross_site/site_c_edmonton/E3XC_L2_F1_F5/seed20240620/B0
3,C,E3XC_L2_F1_F5,20240620,B1,L2,453,True,True,True,640.0,400.0,240.0,,,runs/experiment3_cross_site/site_c_edmonton/E3XC_L2_F1_F5/seed20240620/B1
3,C,E3XC_L2_F1_F5,20240620,B2,L2,453,True,True,True,640.0,400.0,240.0,,,runs/experiment3_cross_site/site_c_edmonton/E3XC_L2_F1_F5/seed20240620/B2
3,C,E3XC_L2_F1_F5,20240620,B4b,L2,453,True,True,True,640.0,400.0,240.0,,,runs/experiment3_cross_site/site_c_edmonton/E3XC_L2_F1_F5/seed20240620/B4b
3,C,E3XC_L2_F2_F4,20240601,B0,L2,310,True,False,False,440.0,200.0,240.0,,,runs/experiment3_cross_site/site_c_edmonton/E3XC_L2_F2_F4/seed20240601/B0
3,C,E3XC_L2_F2_F4,20240601,B1,L2,453,True,True,True,640.0,200.0,440.0,,,runs/experiment3_cross_site/site_c_edmonton/E3XC_L2_F2_F4/seed20240601/B1
3,C,E3XC_L2_F2_F4,20240601,B2,L2,453,True,True,True,640.0,200.0,440.0,,,runs/experiment3_cross_site/site_c_edmonton/E3XC_L2_F2_F4/seed20240601/B2
3,C,E3XC_L2_F2_F4,20240601,B4b,L2,453,True,True,True,640.0,200.0,440.0,,,runs/experiment3_cross_site/site_c_edmonton/E3XC_L2_F2_F4/seed20240601/B4b
3,C,E3XC_L2_F2_F4,20240602,B0,L2,310,True,False,False,440.0,200.0,240.0,,,runs/experiment3_cross_site/site_c_edmonton/E3XC_L2_F2_F4/seed20240602/B0
3,C,E3XC_L2_F2_F4,20240602,B1,L2,453,True,True,True,640.0,200.0,440.0,,,runs/experiment3_cross_site/site_c_edmonton/E3XC_L2_F2_F4/seed20240602/B1
3,C,E3XC_L2_F2_F4,20240602,B2,L2,453,True,True,True,640.0,200.0,440.0,,,runs/experiment3_cross_site/site_c_edmonton/E3XC_L2_F2_F4/seed20240602/B2
3,C,E3XC_L2_F2_F4,20240602,B4b,L2,490,True,True,True,640.0,200.0,440.0,,,runs/experiment3_cross_site/site_c_edmonton/E3XC_L2_F2_F4/seed20240602/B4b
3,C,E3XC_L2_F2_F4,20240603,B0,L2,310,True,False,False,440.0,200.0,240.0,,,runs/experiment3_cross_site/site_c_edmonton/E3XC_L2_F2_F4/seed20240603/B0
3,C,E3XC_L2_F2_F4,20240603,B1,L2,453,True,True,True,640.0,200.0,440.0,,,runs/experiment3_cross_site/site_c_edmonton/E3XC_L2_F2_F4/seed20240603/B1
3,C,E3XC_L2_F2_F4,20240603,B2,L2,453,True,True,True,640.0,200.0,440.0,,,runs/experiment3_cross_site/site_c_edmonton/E3XC_L2_F2_F4/seed20240603/B2
3,C,E3XC_L2_F2_F4,20240603,B4b,L2,453,True,True,True,640.0,200.0,440.0,,,runs/experiment3_cross_site/site_c_edmonton/E3XC_L2_F2_F4/seed20240603/B4b
3,C,E3XC_L2_F2_F4,20240604,B0,L2,310,True,False,False,440.0,200.0,240.0,,,runs/experiment3_cross_site/site_c_edmonton/E3XC_L2_F2_F4/seed20240604/B0
3,C,E3XC_L2_F2_F4,20240604,B1,L2,453,True,True,True,640.0,200.0,440.0,,,runs/experiment3_cross_site/site_c_edmonton/E3XC_L2_F2_F4/seed20240604/B1
3,C,E3XC_L2_F2_F4,20240604,B2,L2,453,True,True,True,640.0,200.0,440.0,,,runs/experiment3_cross_site/site_c_edmonton/E3XC_L2_F2_F4/seed20240604/B2
3,C,E3XC_L2_F2_F4,20240604,B4b,L2,490,True,True,True,640.0,200.0,440.0,,,runs/experiment3_cross_site/site_c_edmonton/E3XC_L2_F2_F4/seed20240604/B4b
3,C,E3XC_L2_F2_F4,20240605,B0,L2,310,True,False,False,440.0,200.0,240.0,,,runs/experiment3_cross_site/site_c_edmonton/E3XC_L2_F2_F4/seed20240605/B0
3,C,E3XC_L2_F2_F4,20240605,B1,L2,453,True,True,True,640.0,200.0,440.0,,,runs/experiment3_cross_site/site_c_edmonton/E3XC_L2_F2_F4/seed20240605/B1
3,C,E3XC_L2_F2_F4,20240605,B2,L2,453,True,True,True,640.0,200.0,440.0,,,runs/experiment3_cross_site/site_c_edmonton/E3XC_L2_F2_F4/seed20240605/B2
3,C,E3XC_L2_F2_F4,20240605,B4b,L2,453,True,True,True,640.0,200.0,440.0,,,runs/experiment3_cross_site/site_c_edmonton/E3XC_L2_F2_F4/seed20240605/B4b
3,C,E3XC_L2_F2_F4,20240606,B0,L2,310,True,False,False,440.0,200.0,240.0,,,runs/experiment3_cross_site/site_c_edmonton/E3XC_L2_F2_F4/seed20240606/B0
3,C,E3XC_L2_F2_F4,20240606,B1,L2,453,True,True,True,640.0,200.0,440.0,,,runs/experiment3_cross_site/site_c_edmonton/E3XC_L2_F2_F4/seed20240606/B1
3,C,E3XC_L2_F2_F4,20240606,B2,L2,453,True,True,True,640.0,200.0,440.0,,,runs/experiment3_cross_site/site_c_edmonton/E3XC_L2_F2_F4/seed20240606/B2
3,C,E3XC_L2_F2_F4,20240606,B4b,L2,453,True,True,True,640.0,200.0,440.0,,,runs/experiment3_cross_site/site_c_edmonton/E3XC_L2_F2_F4/seed20240606/B4b
3,C,E3XC_L2_F2_F4,20240607,B0,L2,310,True,False,False,440.0,200.0,240.0,,,runs/experiment3_cross_site/site_c_edmonton/E3XC_L2_F2_F4/seed20240607/B0
3,C,E3XC_L2_F2_F4,20240607,B1,L2,453,True,True,True,640.0,200.0,440.0,,,runs/experiment3_cross_site/site_c_edmonton/E3XC_L2_F2_F4/seed20240607/B1
3,C,E3XC_L2_F2_F4,20240607,B2,L2,453,True,True,True,640.0,200.0,440.0,,,runs/experiment3_cross_site/site_c_edmonton/E3XC_L2_F2_F4/seed20240607/B2
3,C,E3XC_L2_F2_F4,20240607,B4b,L2,453,True,True,True,640.0,200.0,440.0,,,runs/experiment3_cross_site/site_c_edmonton/E3XC_L2_F2_F4/seed20240607/B4b
3,C,E3XC_L2_F2_F4,20240608,B0,L2,310,True,False,False,440.0,200.0,240.0,,,runs/experiment3_cross_site/site_c_edmonton/E3XC_L2_F2_F4/seed20240608/B0
3,C,E3XC_L2_F2_F4,20240608,B1,L2,453,True,True,True,640.0,200.0,440.0,,,runs/experiment3_cross_site/site_c_edmonton/E3XC_L2_F2_F4/seed20240608/B1
3,C,E3XC_L2_F2_F4,20240608,B2,L2,453,True,True,True,640.0,200.0,440.0,,,runs/experiment3_cross_site/site_c_edmonton/E3XC_L2_F2_F4/seed20240608/B2
3,C,E3XC_L2_F2_F4,20240608,B4b,L2,453,True,True,True,640.0,200.0,440.0,,,runs/experiment3_cross_site/site_c_edmonton/E3XC_L2_F2_F4/seed20240608/B4b
3,C,E3XC_L2_F2_F4,20240609,B0,L2,310,True,False,False,440.0,200.0,240.0,,,runs/experiment3_cross_site/site_c_edmonton/E3XC_L2_F2_F4/seed20240609/B0
3,C,E3XC_L2_F2_F4,20240609,B1,L2,453,True,True,True,640.0,200.0,440.0,,,runs/experiment3_cross_site/site_c_edmonton/E3XC_L2_F2_F4/seed20240609/B1
3,C,E3XC_L2_F2_F4,20240609,B2,L2,453,True,True,True,640.0,200.0,440.0,,,runs/experiment3_cross_site/site_c_edmonton/E3XC_L2_F2_F4/seed20240609/B2
3,C,E3XC_L2_F2_F4,20240609,B4b,L2,460,True,True,True,640.0,200.0,440.0,,,runs/experiment3_cross_site/site_c_edmonton/E3XC_L2_F2_F4/seed20240609/B4b
3,C,E3XC_L2_F2_F4,20240610,B0,L2,310,True,False,False,440.0,200.0,240.0,,,runs/experiment3_cross_site/site_c_edmonton/E3XC_L2_F2_F4/seed20240610/B0
3,C,E3XC_L2_F2_F4,20240610,B1,L2,453,True,True,True,640.0,200.0,440.0,,,runs/experiment3_cross_site/site_c_edmonton/E3XC_L2_F2_F4/seed20240610/B1
3,C,E3XC_L2_F2_F4,20240610,B2,L2,453,True,True,True,640.0,200.0,440.0,,,runs/experiment3_cross_site/site_c_edmonton/E3XC_L2_F2_F4/seed20240610/B2
3,C,E3XC_L2_F2_F4,20240610,B4b,L2,453,True,True,True,640.0,200.0,440.0,,,runs/experiment3_cross_site/site_c_edmonton/E3XC_L2_F2_F4/seed20240610/B4b
3,C,E3XC_L2_F2_F4,20240611,B0,L2,310,True,False,False,440.0,200.0,240.0,,,runs/experiment3_cross_site/site_c_edmonton/E3XC_L2_F2_F4/seed20240611/B0
3,C,E3XC_L2_F2_F4,20240611,B1,L2,453,True,True,True,640.0,200.0,440.0,,,runs/experiment3_cross_site/site_c_edmonton/E3XC_L2_F2_F4/seed20240611/B1
3,C,E3XC_L2_F2_F4,20240611,B2,L2,453,True,True,True,640.0,200.0,440.0,,,runs/experiment3_cross_site/site_c_edmonton/E3XC_L2_F2_F4/seed20240611/B2
3,C,E3XC_L2_F2_F4,20240611,B4b,L2,453,True,True,True,640.0,200.0,440.0,,,runs/experiment3_cross_site/site_c_edmonton/E3XC_L2_F2_F4/seed20240611/B4b
3,C,E3XC_L2_F2_F4,20240612,B0,L2,310,True,False,False,440.0,200.0,240.0,,,runs/experiment3_cross_site/site_c_edmonton/E3XC_L2_F2_F4/seed20240612/B0
3,C,E3XC_L2_F2_F4,20240612,B1,L2,453,True,True,True,640.0,200.0,440.0,,,runs/experiment3_cross_site/site_c_edmonton/E3XC_L2_F2_F4/seed20240612/B1
3,C,E3XC_L2_F2_F4,20240612,B2,L2,453,True,True,True,640.0,200.0,440.0,,,runs/experiment3_cross_site/site_c_edmonton/E3XC_L2_F2_F4/seed20240612/B2
3,C,E3XC_L2_F2_F4,20240612,B4b,L2,453,True,True,True,640.0,200.0,440.0,,,runs/experiment3_cross_site/site_c_edmonton/E3XC_L2_F2_F4/seed20240612/B4b
3,C,E3XC_L2_F2_F4,20240613,B0,L2,310,True,False,False,440.0,200.0,240.0,,,runs/experiment3_cross_site/site_c_edmonton/E3XC_L2_F2_F4/seed20240613/B0
3,C,E3XC_L2_F2_F4,20240613,B1,L2,453,True,True,True,640.0,200.0,440.0,,,runs/experiment3_cross_site/site_c_edmonton/E3XC_L2_F2_F4/seed20240613/B1
3,C,E3XC_L2_F2_F4,20240613,B2,L2,453,True,True,True,640.0,200.0,440.0,,,runs/experiment3_cross_site/site_c_edmonton/E3XC_L2_F2_F4/seed20240613/B2
3,C,E3XC_L2_F2_F4,20240613,B4b,L2,453,True,True,True,640.0,200.0,440.0,,,runs/experiment3_cross_site/site_c_edmonton/E3XC_L2_F2_F4/seed20240613/B4b
3,C,E3XC_L2_F2_F4,20240614,B0,L2,310,True,False,False,440.0,200.0,240.0,,,runs/experiment3_cross_site/site_c_edmonton/E3XC_L2_F2_F4/seed20240614/B0
3,C,E3XC_L2_F2_F4,20240614,B1,L2,453,True,True,True,640.0,200.0,440.0,,,runs/experiment3_cross_site/site_c_edmonton/E3XC_L2_F2_F4/seed20240614/B1
3,C,E3XC_L2_F2_F4,20240614,B2,L2,453,True,True,True,640.0,200.0,440.0,,,runs/experiment3_cross_site/site_c_edmonton/E3XC_L2_F2_F4/seed20240614/B2
3,C,E3XC_L2_F2_F4,20240614,B4b,L2,453,True,True,True,640.0,200.0,440.0,,,runs/experiment3_cross_site/site_c_edmonton/E3XC_L2_F2_F4/seed20240614/B4b
3,C,E3XC_L2_F2_F4,20240615,B0,L2,310,True,False,False,440.0,200.0,240.0,,,runs/experiment3_cross_site/site_c_edmonton/E3XC_L2_F2_F4/seed20240615/B0
3,C,E3XC_L2_F2_F4,20240615,B1,L2,453,True,True,True,640.0,200.0,440.0,,,runs/experiment3_cross_site/site_c_edmonton/E3XC_L2_F2_F4/seed20240615/B1
3,C,E3XC_L2_F2_F4,20240615,B2,L2,453,True,True,True,640.0,200.0,440.0,,,runs/experiment3_cross_site/site_c_edmonton/E3XC_L2_F2_F4/seed20240615/B2
3,C,E3XC_L2_F2_F4,20240615,B4b,L2,453,True,True,True,640.0,200.0,440.0,,,runs/experiment3_cross_site/site_c_edmonton/E3XC_L2_F2_F4/seed20240615/B4b
3,C,E3XC_L2_F2_F4,20240616,B0,L2,310,True,False,False,440.0,200.0,240.0,,,runs/experiment3_cross_site/site_c_edmonton/E3XC_L2_F2_F4/seed20240616/B0
3,C,E3XC_L2_F2_F4,20240616,B1,L2,453,True,True,True,640.0,200.0,440.0,,,runs/experiment3_cross_site/site_c_edmonton/E3XC_L2_F2_F4/seed20240616/B1
3,C,E3XC_L2_F2_F4,20240616,B2,L2,453,True,True,True,640.0,200.0,440.0,,,runs/experiment3_cross_site/site_c_edmonton/E3XC_L2_F2_F4/seed20240616/B2
3,C,E3XC_L2_F2_F4,20240616,B4b,L2,453,True,True,True,640.0,200.0,440.0,,,runs/experiment3_cross_site/site_c_edmonton/E3XC_L2_F2_F4/seed20240616/B4b
3,C,E3XC_L2_F2_F4,20240617,B0,L2,310,True,False,False,440.0,200.0,240.0,,,runs/experiment3_cross_site/site_c_edmonton/E3XC_L2_F2_F4/seed20240617/B0
3,C,E3XC_L2_F2_F4,20240617,B1,L2,453,True,True,True,640.0,200.0,440.0,,,runs/experiment3_cross_site/site_c_edmonton/E3XC_L2_F2_F4/seed20240617/B1
3,C,E3XC_L2_F2_F4,20240617,B2,L2,453,True,True,True,640.0,200.0,440.0,,,runs/experiment3_cross_site/site_c_edmonton/E3XC_L2_F2_F4/seed20240617/B2
3,C,E3XC_L2_F2_F4,20240617,B4b,L2,460,True,True,True,640.0,200.0,440.0,,,runs/experiment3_cross_site/site_c_edmonton/E3XC_L2_F2_F4/seed20240617/B4b
3,C,E3XC_L2_F2_F4,20240618,B0,L2,310,True,False,False,440.0,200.0,240.0,,,runs/experiment3_cross_site/site_c_edmonton/E3XC_L2_F2_F4/seed20240618/B0
3,C,E3XC_L2_F2_F4,20240618,B1,L2,453,True,True,True,640.0,200.0,440.0,,,runs/experiment3_cross_site/site_c_edmonton/E3XC_L2_F2_F4/seed20240618/B1
3,C,E3XC_L2_F2_F4,20240618,B2,L2,453,True,True,True,640.0,200.0,440.0,,,runs/experiment3_cross_site/site_c_edmonton/E3XC_L2_F2_F4/seed20240618/B2
3,C,E3XC_L2_F2_F4,20240618,B4b,L2,453,True,True,True,640.0,200.0,440.0,,,runs/experiment3_cross_site/site_c_edmonton/E3XC_L2_F2_F4/seed20240618/B4b
3,C,E3XC_L2_F2_F4,20240619,B0,L2,310,True,False,False,440.0,200.0,240.0,,,runs/experiment3_cross_site/site_c_edmonton/E3XC_L2_F2_F4/seed20240619/B0
3,C,E3XC_L2_F2_F4,20240619,B1,L2,453,True,True,True,640.0,200.0,440.0,,,runs/experiment3_cross_site/site_c_edmonton/E3XC_L2_F2_F4/seed20240619/B1
3,C,E3XC_L2_F2_F4,20240619,B2,L2,453,True,True,True,640.0,200.0,440.0,,,runs/experiment3_cross_site/site_c_edmonton/E3XC_L2_F2_F4/seed20240619/B2
3,C,E3XC_L2_F2_F4,20240619,B4b,L2,453,True,True,True,640.0,200.0,440.0,,,runs/experiment3_cross_site/site_c_edmonton/E3XC_L2_F2_F4/seed20240619/B4b
3,C,E3XC_L2_F2_F4,20240620,B0,L2,310,True,False,False,440.0,200.0,240.0,,,runs/experiment3_cross_site/site_c_edmonton/E3XC_L2_F2_F4/seed20240620/B0
3,C,E3XC_L2_F2_F4,20240620,B1,L2,453,True,True,True,640.0,200.0,440.0,,,runs/experiment3_cross_site/site_c_edmonton/E3XC_L2_F2_F4/seed20240620/B1
3,C,E3XC_L2_F2_F4,20240620,B2,L2,453,True,True,True,640.0,200.0,440.0,,,runs/experiment3_cross_site/site_c_edmonton/E3XC_L2_F2_F4/seed20240620/B2
3,C,E3XC_L2_F2_F4,20240620,B4b,L2,453,True,False,False,640.0,200.0,440.0,,,runs/experiment3_cross_site/site_c_edmonton/E3XC_L2_F2_F4/seed20240620/B4b
3,C,E3XC_L2_F6_F5,20240601,B0,L2,310,True,False,False,440.0,200.0,240.0,,,runs/experiment3_cross_site/site_c_edmonton/E3XC_L2_F6_F5/seed20240601/B0
3,C,E3XC_L2_F6_F5,20240601,B1,L2,453,True,True,True,640.0,200.0,440.0,,,runs/experiment3_cross_site/site_c_edmonton/E3XC_L2_F6_F5/seed20240601/B1
3,C,E3XC_L2_F6_F5,20240601,B2,L2,453,True,True,True,640.0,200.0,440.0,,,runs/experiment3_cross_site/site_c_edmonton/E3XC_L2_F6_F5/seed20240601/B2
3,C,E3XC_L2_F6_F5,20240601,B4b,L2,453,True,True,True,640.0,200.0,440.0,,,runs/experiment3_cross_site/site_c_edmonton/E3XC_L2_F6_F5/seed20240601/B4b
3,C,E3XC_L2_F6_F5,20240602,B0,L2,310,True,False,False,440.0,200.0,240.0,,,runs/experiment3_cross_site/site_c_edmonton/E3XC_L2_F6_F5/seed20240602/B0
3,C,E3XC_L2_F6_F5,20240602,B1,L2,453,True,True,True,640.0,200.0,440.0,,,runs/experiment3_cross_site/site_c_edmonton/E3XC_L2_F6_F5/seed20240602/B1
3,C,E3XC_L2_F6_F5,20240602,B2,L2,453,True,True,True,640.0,200.0,440.0,,,runs/experiment3_cross_site/site_c_edmonton/E3XC_L2_F6_F5/seed20240602/B2
3,C,E3XC_L2_F6_F5,20240602,B4b,L2,453,True,True,True,640.0,200.0,440.0,,,runs/experiment3_cross_site/site_c_edmonton/E3XC_L2_F6_F5/seed20240602/B4b
3,C,E3XC_L2_F6_F5,20240603,B0,L2,310,True,False,False,440.0,200.0,240.0,,,runs/experiment3_cross_site/site_c_edmonton/E3XC_L2_F6_F5/seed20240603/B0
3,C,E3XC_L2_F6_F5,20240603,B1,L2,453,True,True,True,640.0,200.0,440.0,,,runs/experiment3_cross_site/site_c_edmonton/E3XC_L2_F6_F5/seed20240603/B1
3,C,E3XC_L2_F6_F5,20240603,B2,L2,453,True,True,True,640.0,200.0,440.0,,,runs/experiment3_cross_site/site_c_edmonton/E3XC_L2_F6_F5/seed20240603/B2
3,C,E3XC_L2_F6_F5,20240603,B4b,L2,453,True,True,True,640.0,200.0,440.0,,,runs/experiment3_cross_site/site_c_edmonton/E3XC_L2_F6_F5/seed20240603/B4b
3,C,E3XC_L2_F6_F5,20240604,B0,L2,310,True,False,False,440.0,200.0,240.0,,,runs/experiment3_cross_site/site_c_edmonton/E3XC_L2_F6_F5/seed20240604/B0
3,C,E3XC_L2_F6_F5,20240604,B1,L2,453,True,True,True,640.0,200.0,440.0,,,runs/experiment3_cross_site/site_c_edmonton/E3XC_L2_F6_F5/seed20240604/B1
3,C,E3XC_L2_F6_F5,20240604,B2,L2,453,True,True,True,640.0,200.0,440.0,,,runs/experiment3_cross_site/site_c_edmonton/E3XC_L2_F6_F5/seed20240604/B2
3,C,E3XC_L2_F6_F5,20240604,B4b,L2,460,True,True,True,640.0,200.0,440.0,,,runs/experiment3_cross_site/site_c_edmonton/E3XC_L2_F6_F5/seed20240604/B4b
3,C,E3XC_L2_F6_F5,20240605,B0,L2,310,True,False,False,440.0,200.0,240.0,,,runs/experiment3_cross_site/site_c_edmonton/E3XC_L2_F6_F5/seed20240605/B0
3,C,E3XC_L2_F6_F5,20240605,B1,L2,453,True,True,True,640.0,200.0,440.0,,,runs/experiment3_cross_site/site_c_edmonton/E3XC_L2_F6_F5/seed20240605/B1
3,C,E3XC_L2_F6_F5,20240605,B2,L2,453,True,True,True,640.0,200.0,440.0,,,runs/experiment3_cross_site/site_c_edmonton/E3XC_L2_F6_F5/seed20240605/B2
3,C,E3XC_L2_F6_F5,20240605,B4b,L2,453,True,True,True,640.0,200.0,440.0,,,runs/experiment3_cross_site/site_c_edmonton/E3XC_L2_F6_F5/seed20240605/B4b
3,C,E3XC_L2_F6_F5,20240606,B0,L2,310,True,False,False,440.0,200.0,240.0,,,runs/experiment3_cross_site/site_c_edmonton/E3XC_L2_F6_F5/seed20240606/B0
3,C,E3XC_L2_F6_F5,20240606,B1,L2,453,True,True,True,640.0,200.0,440.0,,,runs/experiment3_cross_site/site_c_edmonton/E3XC_L2_F6_F5/seed20240606/B1
3,C,E3XC_L2_F6_F5,20240606,B2,L2,453,True,True,True,640.0,200.0,440.0,,,runs/experiment3_cross_site/site_c_edmonton/E3XC_L2_F6_F5/seed20240606/B2
3,C,E3XC_L2_F6_F5,20240606,B4b,L2,460,True,True,True,640.0,200.0,440.0,,,runs/experiment3_cross_site/site_c_edmonton/E3XC_L2_F6_F5/seed20240606/B4b
3,C,E3XC_L2_F6_F5,20240607,B0,L2,310,True,False,False,440.0,200.0,240.0,,,runs/experiment3_cross_site/site_c_edmonton/E3XC_L2_F6_F5/seed20240607/B0
3,C,E3XC_L2_F6_F5,20240607,B1,L2,453,True,True,True,640.0,200.0,440.0,,,runs/experiment3_cross_site/site_c_edmonton/E3XC_L2_F6_F5/seed20240607/B1
3,C,E3XC_L2_F6_F5,20240607,B2,L2,453,True,True,True,640.0,200.0,440.0,,,runs/experiment3_cross_site/site_c_edmonton/E3XC_L2_F6_F5/seed20240607/B2
3,C,E3XC_L2_F6_F5,20240607,B4b,L2,453,True,True,True,640.0,200.0,440.0,,,runs/experiment3_cross_site/site_c_edmonton/E3XC_L2_F6_F5/seed20240607/B4b
3,C,E3XC_L2_F6_F5,20240608,B0,L2,310,True,False,False,440.0,200.0,240.0,,,runs/experiment3_cross_site/site_c_edmonton/E3XC_L2_F6_F5/seed20240608/B0
3,C,E3XC_L2_F6_F5,20240608,B1,L2,453,True,True,True,640.0,200.0,440.0,,,runs/experiment3_cross_site/site_c_edmonton/E3XC_L2_F6_F5/seed20240608/B1
3,C,E3XC_L2_F6_F5,20240608,B2,L2,453,True,True,True,640.0,200.0,440.0,,,runs/experiment3_cross_site/site_c_edmonton/E3XC_L2_F6_F5/seed20240608/B2
3,C,E3XC_L2_F6_F5,20240608,B4b,L2,453,True,True,True,640.0,200.0,440.0,,,runs/experiment3_cross_site/site_c_edmonton/E3XC_L2_F6_F5/seed20240608/B4b
3,C,E3XC_L2_F6_F5,20240609,B0,L2,310,True,False,False,440.0,200.0,240.0,,,runs/experiment3_cross_site/site_c_edmonton/E3XC_L2_F6_F5/seed20240609/B0
3,C,E3XC_L2_F6_F5,20240609,B1,L2,453,True,True,True,640.0,200.0,440.0,,,runs/experiment3_cross_site/site_c_edmonton/E3XC_L2_F6_F5/seed20240609/B1
3,C,E3XC_L2_F6_F5,20240609,B2,L2,453,True,True,True,640.0,200.0,440.0,,,runs/experiment3_cross_site/site_c_edmonton/E3XC_L2_F6_F5/seed20240609/B2
3,C,E3XC_L2_F6_F5,20240609,B4b,L2,453,True,True,True,640.0,200.0,440.0,,,runs/experiment3_cross_site/site_c_edmonton/E3XC_L2_F6_F5/seed20240609/B4b
3,C,E3XC_L2_F6_F5,20240610,B0,L2,310,True,False,False,440.0,200.0,240.0,,,runs/experiment3_cross_site/site_c_edmonton/E3XC_L2_F6_F5/seed20240610/B0
3,C,E3XC_L2_F6_F5,20240610,B1,L2,453,True,True,True,640.0,200.0,440.0,,,runs/experiment3_cross_site/site_c_edmonton/E3XC_L2_F6_F5/seed20240610/B1
3,C,E3XC_L2_F6_F5,20240610,B2,L2,453,True,True,True,640.0,200.0,440.0,,,runs/experiment3_cross_site/site_c_edmonton/E3XC_L2_F6_F5/seed20240610/B2
3,C,E3XC_L2_F6_F5,20240610,B4b,L2,453,True,True,True,640.0,200.0,440.0,,,runs/experiment3_cross_site/site_c_edmonton/E3XC_L2_F6_F5/seed20240610/B4b
3,C,E3XC_L2_F6_F5,20240611,B0,L2,310,True,False,False,440.0,200.0,240.0,,,runs/experiment3_cross_site/site_c_edmonton/E3XC_L2_F6_F5/seed20240611/B0
3,C,E3XC_L2_F6_F5,20240611,B1,L2,453,True,True,True,640.0,200.0,440.0,,,runs/experiment3_cross_site/site_c_edmonton/E3XC_L2_F6_F5/seed20240611/B1
3,C,E3XC_L2_F6_F5,20240611,B2,L2,453,True,True,True,640.0,200.0,440.0,,,runs/experiment3_cross_site/site_c_edmonton/E3XC_L2_F6_F5/seed20240611/B2
3,C,E3XC_L2_F6_F5,20240611,B4b,L2,453,True,True,True,640.0,200.0,440.0,,,runs/experiment3_cross_site/site_c_edmonton/E3XC_L2_F6_F5/seed20240611/B4b
3,C,E3XC_L2_F6_F5,20240612,B0,L2,310,True,False,False,440.0,200.0,240.0,,,runs/experiment3_cross_site/site_c_edmonton/E3XC_L2_F6_F5/seed20240612/B0
3,C,E3XC_L2_F6_F5,20240612,B1,L2,453,True,True,True,640.0,200.0,440.0,,,runs/experiment3_cross_site/site_c_edmonton/E3XC_L2_F6_F5/seed20240612/B1
3,C,E3XC_L2_F6_F5,20240612,B2,L2,453,True,True,True,640.0,200.0,440.0,,,runs/experiment3_cross_site/site_c_edmonton/E3XC_L2_F6_F5/seed20240612/B2
3,C,E3XC_L2_F6_F5,20240612,B4b,L2,460,True,True,True,640.0,200.0,440.0,,,runs/experiment3_cross_site/site_c_edmonton/E3XC_L2_F6_F5/seed20240612/B4b
3,C,E3XC_L2_F6_F5,20240613,B0,L2,310,True,False,False,440.0,200.0,240.0,,,runs/experiment3_cross_site/site_c_edmonton/E3XC_L2_F6_F5/seed20240613/B0
3,C,E3XC_L2_F6_F5,20240613,B1,L2,453,True,True,True,640.0,200.0,440.0,,,runs/experiment3_cross_site/site_c_edmonton/E3XC_L2_F6_F5/seed20240613/B1
3,C,E3XC_L2_F6_F5,20240613,B2,L2,453,True,True,True,640.0,200.0,440.0,,,runs/experiment3_cross_site/site_c_edmonton/E3XC_L2_F6_F5/seed20240613/B2
3,C,E3XC_L2_F6_F5,20240613,B4b,L2,453,True,True,True,640.0,200.0,440.0,,,runs/experiment3_cross_site/site_c_edmonton/E3XC_L2_F6_F5/seed20240613/B4b
3,C,E3XC_L2_F6_F5,20240614,B0,L2,310,True,False,False,440.0,200.0,240.0,,,runs/experiment3_cross_site/site_c_edmonton/E3XC_L2_F6_F5/seed20240614/B0
3,C,E3XC_L2_F6_F5,20240614,B1,L2,453,True,True,True,640.0,200.0,440.0,,,runs/experiment3_cross_site/site_c_edmonton/E3XC_L2_F6_F5/seed20240614/B1
3,C,E3XC_L2_F6_F5,20240614,B2,L2,453,True,True,True,640.0,200.0,440.0,,,runs/experiment3_cross_site/site_c_edmonton/E3XC_L2_F6_F5/seed20240614/B2
3,C,E3XC_L2_F6_F5,20240614,B4b,L2,460,True,True,True,640.0,200.0,440.0,,,runs/experiment3_cross_site/site_c_edmonton/E3XC_L2_F6_F5/seed20240614/B4b
3,C,E3XC_L2_F6_F5,20240615,B0,L2,310,True,False,False,240.0,0.0,240.0,,,runs/experiment3_cross_site/site_c_edmonton/E3XC_L2_F6_F5/seed20240615/B0
3,C,E3XC_L2_F6_F5,20240615,B1,L2,453,True,True,True,640.0,0.0,640.0,,,runs/experiment3_cross_site/site_c_edmonton/E3XC_L2_F6_F5/seed20240615/B1
3,C,E3XC_L2_F6_F5,20240615,B2,L2,453,True,True,True,640.0,0.0,640.0,,,runs/experiment3_cross_site/site_c_edmonton/E3XC_L2_F6_F5/seed20240615/B2
3,C,E3XC_L2_F6_F5,20240615,B4b,L2,453,True,True,True,640.0,0.0,640.0,,,runs/experiment3_cross_site/site_c_edmonton/E3XC_L2_F6_F5/seed20240615/B4b
3,C,E3XC_L2_F6_F5,20240616,B0,L2,310,True,False,False,440.0,200.0,240.0,,,runs/experiment3_cross_site/site_c_edmonton/E3XC_L2_F6_F5/seed20240616/B0
3,C,E3XC_L2_F6_F5,20240616,B1,L2,453,True,True,True,640.0,200.0,440.0,,,runs/experiment3_cross_site/site_c_edmonton/E3XC_L2_F6_F5/seed20240616/B1
3,C,E3XC_L2_F6_F5,20240616,B2,L2,453,True,True,True,640.0,200.0,440.0,,,runs/experiment3_cross_site/site_c_edmonton/E3XC_L2_F6_F5/seed20240616/B2
3,C,E3XC_L2_F6_F5,20240616,B4b,L2,453,True,True,True,640.0,200.0,440.0,,,runs/experiment3_cross_site/site_c_edmonton/E3XC_L2_F6_F5/seed20240616/B4b
3,C,E3XC_L2_F6_F5,20240617,B0,L2,310,True,False,False,240.0,0.0,240.0,,,runs/experiment3_cross_site/site_c_edmonton/E3XC_L2_F6_F5/seed20240617/B0
3,C,E3XC_L2_F6_F5,20240617,B1,L2,453,True,True,True,640.0,0.0,640.0,,,runs/experiment3_cross_site/site_c_edmonton/E3XC_L2_F6_F5/seed20240617/B1
3,C,E3XC_L2_F6_F5,20240617,B2,L2,453,True,True,True,640.0,0.0,640.0,,,runs/experiment3_cross_site/site_c_edmonton/E3XC_L2_F6_F5/seed20240617/B2
3,C,E3XC_L2_F6_F5,20240617,B4b,L2,453,True,True,True,640.0,0.0,640.0,,,runs/experiment3_cross_site/site_c_edmonton/E3XC_L2_F6_F5/seed20240617/B4b
3,C,E3XC_L2_F6_F5,20240618,B0,L2,310,True,False,False,440.0,200.0,240.0,,,runs/experiment3_cross_site/site_c_edmonton/E3XC_L2_F6_F5/seed20240618/B0
3,C,E3XC_L2_F6_F5,20240618,B1,L2,453,True,True,True,640.0,200.0,440.0,,,runs/experiment3_cross_site/site_c_edmonton/E3XC_L2_F6_F5/seed20240618/B1
3,C,E3XC_L2_F6_F5,20240618,B2,L2,453,True,True,True,640.0,200.0,440.0,,,runs/experiment3_cross_site/site_c_edmonton/E3XC_L2_F6_F5/seed20240618/B2
3,C,E3XC_L2_F6_F5,20240618,B4b,L2,460,True,True,True,640.0,200.0,440.0,,,runs/experiment3_cross_site/site_c_edmonton/E3XC_L2_F6_F5/seed20240618/B4b
3,C,E3XC_L2_F6_F5,20240619,B0,L2,310,True,False,False,440.0,200.0,240.0,,,runs/experiment3_cross_site/site_c_edmonton/E3XC_L2_F6_F5/seed20240619/B0
3,C,E3XC_L2_F6_F5,20240619,B1,L2,453,True,True,True,640.0,200.0,440.0,,,runs/experiment3_cross_site/site_c_edmonton/E3XC_L2_F6_F5/seed20240619/B1
3,C,E3XC_L2_F6_F5,20240619,B2,L2,453,True,True,True,640.0,200.0,440.0,,,runs/experiment3_cross_site/site_c_edmonton/E3XC_L2_F6_F5/seed20240619/B2
3,C,E3XC_L2_F6_F5,20240619,B4b,L2,453,True,True,True,640.0,200.0,440.0,,,runs/experiment3_cross_site/site_c_edmonton/E3XC_L2_F6_F5/seed20240619/B4b
3,C,E3XC_L2_F6_F5,20240620,B0,L2,310,True,False,False,440.0,200.0,240.0,,,runs/experiment3_cross_site/site_c_edmonton/E3XC_L2_F6_F5/seed20240620/B0
3,C,E3XC_L2_F6_F5,20240620,B1,L2,453,True,True,True,640.0,200.0,440.0,,,runs/experiment3_cross_site/site_c_edmonton/E3XC_L2_F6_F5/seed20240620/B1
3,C,E3XC_L2_F6_F5,20240620,B2,L2,453,True,True,True,640.0,200.0,440.0,,,runs/experiment3_cross_site/site_c_edmonton/E3XC_L2_F6_F5/seed20240620/B2
3,C,E3XC_L2_F6_F5,20240620,B4b,L2,453,True,True,True,640.0,200.0,440.0,,,runs/experiment3_cross_site/site_c_edmonton/E3XC_L2_F6_F5/seed20240620/B4b
3,C,E3XC_L3_COMP_F1,20240601,B0,L3,310,True,False,False,875.0,500.0,375.0,COMPLETED,GROUND,runs/experiment3_cross_site/site_c_edmonton/E3XC_L3_COMP_F1/seed20240601/B0
3,C,E3XC_L3_COMP_F1,20240601,B1,L3,162,False,False,False,635.0,500.0,135.0,COMPLETED,GROUND,runs/experiment3_cross_site/site_c_edmonton/E3XC_L3_COMP_F1/seed20240601/B1
3,C,E3XC_L3_COMP_F1,20240601,B2,L3,162,False,False,False,635.0,500.0,135.0,COMPLETED,GROUND,runs/experiment3_cross_site/site_c_edmonton/E3XC_L3_COMP_F1/seed20240601/B2
3,C,E3XC_L3_COMP_F1,20240601,B4b,L3,162,False,False,False,635.0,500.0,135.0,COMPLETED,GROUND,runs/experiment3_cross_site/site_c_edmonton/E3XC_L3_COMP_F1/seed20240601/B4b
3,C,E3XC_L3_COMP_F1,20240602,B0,L3,310,True,False,False,875.0,500.0,375.0,COMPLETED,GROUND,runs/experiment3_cross_site/site_c_edmonton/E3XC_L3_COMP_F1/seed20240602/B0
3,C,E3XC_L3_COMP_F1,20240602,B1,L3,162,False,False,False,635.0,500.0,135.0,COMPLETED,GROUND,runs/experiment3_cross_site/site_c_edmonton/E3XC_L3_COMP_F1/seed20240602/B1
3,C,E3XC_L3_COMP_F1,20240602,B2,L3,162,False,False,False,635.0,500.0,135.0,COMPLETED,GROUND,runs/experiment3_cross_site/site_c_edmonton/E3XC_L3_COMP_F1/seed20240602/B2
3,C,E3XC_L3_COMP_F1,20240602,B4b,L3,162,False,False,False,635.0,500.0,135.0,COMPLETED,GROUND,runs/experiment3_cross_site/site_c_edmonton/E3XC_L3_COMP_F1/seed20240602/B4b
3,C,E3XC_L3_COMP_F1,20240603,B0,L3,310,True,False,False,875.0,500.0,375.0,COMPLETED,GROUND,runs/experiment3_cross_site/site_c_edmonton/E3XC_L3_COMP_F1/seed20240603/B0
3,C,E3XC_L3_COMP_F1,20240603,B1,L3,162,False,False,False,635.0,500.0,135.0,COMPLETED,GROUND,runs/experiment3_cross_site/site_c_edmonton/E3XC_L3_COMP_F1/seed20240603/B1
3,C,E3XC_L3_COMP_F1,20240603,B2,L3,162,False,False,False,635.0,500.0,135.0,COMPLETED,GROUND,runs/experiment3_cross_site/site_c_edmonton/E3XC_L3_COMP_F1/seed20240603/B2
3,C,E3XC_L3_COMP_F1,20240603,B4b,L3,162,False,False,False,635.0,500.0,135.0,COMPLETED,GROUND,runs/experiment3_cross_site/site_c_edmonton/E3XC_L3_COMP_F1/seed20240603/B4b
3,C,E3XC_L3_COMP_F1,20240604,B0,L3,310,True,False,False,875.0,500.0,375.0,COMPLETED,GROUND,runs/experiment3_cross_site/site_c_edmonton/E3XC_L3_COMP_F1/seed20240604/B0
3,C,E3XC_L3_COMP_F1,20240604,B1,L3,162,False,False,False,635.0,500.0,135.0,COMPLETED,GROUND,runs/experiment3_cross_site/site_c_edmonton/E3XC_L3_COMP_F1/seed20240604/B1
3,C,E3XC_L3_COMP_F1,20240604,B2,L3,162,False,False,False,635.0,500.0,135.0,COMPLETED,GROUND,runs/experiment3_cross_site/site_c_edmonton/E3XC_L3_COMP_F1/seed20240604/B2
3,C,E3XC_L3_COMP_F1,20240604,B4b,L3,162,False,False,False,635.0,500.0,135.0,COMPLETED,GROUND,runs/experiment3_cross_site/site_c_edmonton/E3XC_L3_COMP_F1/seed20240604/B4b
3,C,E3XC_L3_COMP_F1,20240605,B0,L3,310,True,False,False,875.0,500.0,375.0,COMPLETED,GROUND,runs/experiment3_cross_site/site_c_edmonton/E3XC_L3_COMP_F1/seed20240605/B0
3,C,E3XC_L3_COMP_F1,20240605,B1,L3,162,False,False,False,635.0,500.0,135.0,COMPLETED,GROUND,runs/experiment3_cross_site/site_c_edmonton/E3XC_L3_COMP_F1/seed20240605/B1
3,C,E3XC_L3_COMP_F1,20240605,B2,L3,162,False,False,False,635.0,500.0,135.0,COMPLETED,GROUND,runs/experiment3_cross_site/site_c_edmonton/E3XC_L3_COMP_F1/seed20240605/B2
3,C,E3XC_L3_COMP_F1,20240605,B4b,L3,162,False,False,False,635.0,500.0,135.0,COMPLETED,GROUND,runs/experiment3_cross_site/site_c_edmonton/E3XC_L3_COMP_F1/seed20240605/B4b
3,C,E3XC_L3_COMP_F1,20240606,B0,L3,310,True,False,False,875.0,500.0,375.0,COMPLETED,GROUND,runs/experiment3_cross_site/site_c_edmonton/E3XC_L3_COMP_F1/seed20240606/B0
3,C,E3XC_L3_COMP_F1,20240606,B1,L3,162,False,False,False,635.0,500.0,135.0,COMPLETED,GROUND,runs/experiment3_cross_site/site_c_edmonton/E3XC_L3_COMP_F1/seed20240606/B1
3,C,E3XC_L3_COMP_F1,20240606,B2,L3,162,False,False,False,635.0,500.0,135.0,COMPLETED,GROUND,runs/experiment3_cross_site/site_c_edmonton/E3XC_L3_COMP_F1/seed20240606/B2
3,C,E3XC_L3_COMP_F1,20240606,B4b,L3,162,False,False,False,635.0,500.0,135.0,COMPLETED,GROUND,runs/experiment3_cross_site/site_c_edmonton/E3XC_L3_COMP_F1/seed20240606/B4b
3,C,E3XC_L3_COMP_F1,20240607,B0,L3,310,True,False,False,875.0,500.0,375.0,COMPLETED,GROUND,runs/experiment3_cross_site/site_c_edmonton/E3XC_L3_COMP_F1/seed20240607/B0
3,C,E3XC_L3_COMP_F1,20240607,B1,L3,162,False,False,False,635.0,500.0,135.0,COMPLETED,GROUND,runs/experiment3_cross_site/site_c_edmonton/E3XC_L3_COMP_F1/seed20240607/B1
3,C,E3XC_L3_COMP_F1,20240607,B2,L3,162,False,False,False,635.0,500.0,135.0,COMPLETED,GROUND,runs/experiment3_cross_site/site_c_edmonton/E3XC_L3_COMP_F1/seed20240607/B2
3,C,E3XC_L3_COMP_F1,20240607,B4b,L3,162,False,False,False,635.0,500.0,135.0,COMPLETED,GROUND,runs/experiment3_cross_site/site_c_edmonton/E3XC_L3_COMP_F1/seed20240607/B4b
3,C,E3XC_L3_COMP_F1,20240608,B0,L3,310,True,False,False,875.0,500.0,375.0,COMPLETED,GROUND,runs/experiment3_cross_site/site_c_edmonton/E3XC_L3_COMP_F1/seed20240608/B0
3,C,E3XC_L3_COMP_F1,20240608,B1,L3,162,False,False,False,635.0,500.0,135.0,COMPLETED,GROUND,runs/experiment3_cross_site/site_c_edmonton/E3XC_L3_COMP_F1/seed20240608/B1
3,C,E3XC_L3_COMP_F1,20240608,B2,L3,162,False,False,False,635.0,500.0,135.0,COMPLETED,GROUND,runs/experiment3_cross_site/site_c_edmonton/E3XC_L3_COMP_F1/seed20240608/B2
3,C,E3XC_L3_COMP_F1,20240608,B4b,L3,162,False,False,False,635.0,500.0,135.0,COMPLETED,GROUND,runs/experiment3_cross_site/site_c_edmonton/E3XC_L3_COMP_F1/seed20240608/B4b
3,C,E3XC_L3_COMP_F1,20240609,B0,L3,310,True,False,False,875.0,500.0,375.0,COMPLETED,GROUND,runs/experiment3_cross_site/site_c_edmonton/E3XC_L3_COMP_F1/seed20240609/B0
3,C,E3XC_L3_COMP_F1,20240609,B1,L3,162,False,False,False,635.0,500.0,135.0,COMPLETED,GROUND,runs/experiment3_cross_site/site_c_edmonton/E3XC_L3_COMP_F1/seed20240609/B1
3,C,E3XC_L3_COMP_F1,20240609,B2,L3,162,False,False,False,635.0,500.0,135.0,COMPLETED,GROUND,runs/experiment3_cross_site/site_c_edmonton/E3XC_L3_COMP_F1/seed20240609/B2
3,C,E3XC_L3_COMP_F1,20240609,B4b,L3,162,False,False,False,635.0,500.0,135.0,COMPLETED,GROUND,runs/experiment3_cross_site/site_c_edmonton/E3XC_L3_COMP_F1/seed20240609/B4b
3,C,E3XC_L3_COMP_F1,20240610,B0,L3,310,True,False,False,875.0,500.0,375.0,COMPLETED,GROUND,runs/experiment3_cross_site/site_c_edmonton/E3XC_L3_COMP_F1/seed20240610/B0
3,C,E3XC_L3_COMP_F1,20240610,B1,L3,162,False,False,False,635.0,500.0,135.0,COMPLETED,GROUND,runs/experiment3_cross_site/site_c_edmonton/E3XC_L3_COMP_F1/seed20240610/B1
3,C,E3XC_L3_COMP_F1,20240610,B2,L3,162,False,False,False,635.0,500.0,135.0,COMPLETED,GROUND,runs/experiment3_cross_site/site_c_edmonton/E3XC_L3_COMP_F1/seed20240610/B2
3,C,E3XC_L3_COMP_F1,20240610,B4b,L3,162,False,False,False,635.0,500.0,135.0,COMPLETED,GROUND,runs/experiment3_cross_site/site_c_edmonton/E3XC_L3_COMP_F1/seed20240610/B4b
3,C,E3XC_L3_COMP_F1,20240611,B0,L3,310,True,False,False,875.0,500.0,375.0,COMPLETED,GROUND,runs/experiment3_cross_site/site_c_edmonton/E3XC_L3_COMP_F1/seed20240611/B0
3,C,E3XC_L3_COMP_F1,20240611,B1,L3,162,False,False,False,635.0,500.0,135.0,COMPLETED,GROUND,runs/experiment3_cross_site/site_c_edmonton/E3XC_L3_COMP_F1/seed20240611/B1
3,C,E3XC_L3_COMP_F1,20240611,B2,L3,162,False,False,False,635.0,500.0,135.0,COMPLETED,GROUND,runs/experiment3_cross_site/site_c_edmonton/E3XC_L3_COMP_F1/seed20240611/B2
3,C,E3XC_L3_COMP_F1,20240611,B4b,L3,162,False,False,False,635.0,500.0,135.0,COMPLETED,GROUND,runs/experiment3_cross_site/site_c_edmonton/E3XC_L3_COMP_F1/seed20240611/B4b
3,C,E3XC_L3_COMP_F1,20240612,B0,L3,310,True,False,False,875.0,500.0,375.0,COMPLETED,GROUND,runs/experiment3_cross_site/site_c_edmonton/E3XC_L3_COMP_F1/seed20240612/B0
3,C,E3XC_L3_COMP_F1,20240612,B1,L3,162,False,False,False,635.0,500.0,135.0,COMPLETED,GROUND,runs/experiment3_cross_site/site_c_edmonton/E3XC_L3_COMP_F1/seed20240612/B1
3,C,E3XC_L3_COMP_F1,20240612,B2,L3,162,False,False,False,635.0,500.0,135.0,COMPLETED,GROUND,runs/experiment3_cross_site/site_c_edmonton/E3XC_L3_COMP_F1/seed20240612/B2
3,C,E3XC_L3_COMP_F1,20240612,B4b,L3,162,False,False,False,635.0,500.0,135.0,COMPLETED,GROUND,runs/experiment3_cross_site/site_c_edmonton/E3XC_L3_COMP_F1/seed20240612/B4b
3,C,E3XC_L3_COMP_F1,20240613,B0,L3,310,True,False,False,875.0,500.0,375.0,COMPLETED,GROUND,runs/experiment3_cross_site/site_c_edmonton/E3XC_L3_COMP_F1/seed20240613/B0
3,C,E3XC_L3_COMP_F1,20240613,B1,L3,162,False,False,False,635.0,500.0,135.0,COMPLETED,GROUND,runs/experiment3_cross_site/site_c_edmonton/E3XC_L3_COMP_F1/seed20240613/B1
3,C,E3XC_L3_COMP_F1,20240613,B2,L3,162,False,False,False,635.0,500.0,135.0,COMPLETED,GROUND,runs/experiment3_cross_site/site_c_edmonton/E3XC_L3_COMP_F1/seed20240613/B2
3,C,E3XC_L3_COMP_F1,20240613,B4b,L3,162,False,False,False,635.0,500.0,135.0,COMPLETED,GROUND,runs/experiment3_cross_site/site_c_edmonton/E3XC_L3_COMP_F1/seed20240613/B4b
3,C,E3XC_L3_COMP_F1,20240614,B0,L3,310,True,False,False,875.0,500.0,375.0,COMPLETED,GROUND,runs/experiment3_cross_site/site_c_edmonton/E3XC_L3_COMP_F1/seed20240614/B0
3,C,E3XC_L3_COMP_F1,20240614,B1,L3,162,False,False,False,635.0,500.0,135.0,COMPLETED,GROUND,runs/experiment3_cross_site/site_c_edmonton/E3XC_L3_COMP_F1/seed20240614/B1
3,C,E3XC_L3_COMP_F1,20240614,B2,L3,162,False,False,False,635.0,500.0,135.0,COMPLETED,GROUND,runs/experiment3_cross_site/site_c_edmonton/E3XC_L3_COMP_F1/seed20240614/B2
3,C,E3XC_L3_COMP_F1,20240614,B4b,L3,162,False,False,False,635.0,500.0,135.0,COMPLETED,GROUND,runs/experiment3_cross_site/site_c_edmonton/E3XC_L3_COMP_F1/seed20240614/B4b
3,C,E3XC_L3_COMP_F1,20240615,B0,L3,310,True,False,False,875.0,500.0,375.0,COMPLETED,GROUND,runs/experiment3_cross_site/site_c_edmonton/E3XC_L3_COMP_F1/seed20240615/B0
3,C,E3XC_L3_COMP_F1,20240615,B1,L3,162,False,False,False,635.0,500.0,135.0,COMPLETED,GROUND,runs/experiment3_cross_site/site_c_edmonton/E3XC_L3_COMP_F1/seed20240615/B1
3,C,E3XC_L3_COMP_F1,20240615,B2,L3,162,False,False,False,635.0,500.0,135.0,COMPLETED,GROUND,runs/experiment3_cross_site/site_c_edmonton/E3XC_L3_COMP_F1/seed20240615/B2
3,C,E3XC_L3_COMP_F1,20240615,B4b,L3,162,False,False,False,635.0,500.0,135.0,COMPLETED,GROUND,runs/experiment3_cross_site/site_c_edmonton/E3XC_L3_COMP_F1/seed20240615/B4b
3,C,E3XC_L3_COMP_F1,20240616,B0,L3,310,True,False,False,875.0,500.0,375.0,COMPLETED,GROUND,runs/experiment3_cross_site/site_c_edmonton/E3XC_L3_COMP_F1/seed20240616/B0
3,C,E3XC_L3_COMP_F1,20240616,B1,L3,162,False,False,False,635.0,500.0,135.0,COMPLETED,GROUND,runs/experiment3_cross_site/site_c_edmonton/E3XC_L3_COMP_F1/seed20240616/B1
3,C,E3XC_L3_COMP_F1,20240616,B2,L3,162,False,False,False,635.0,500.0,135.0,COMPLETED,GROUND,runs/experiment3_cross_site/site_c_edmonton/E3XC_L3_COMP_F1/seed20240616/B2
3,C,E3XC_L3_COMP_F1,20240616,B4b,L3,162,False,False,False,635.0,500.0,135.0,COMPLETED,GROUND,runs/experiment3_cross_site/site_c_edmonton/E3XC_L3_COMP_F1/seed20240616/B4b
3,C,E3XC_L3_COMP_F1,20240617,B0,L3,310,True,False,False,875.0,500.0,375.0,COMPLETED,GROUND,runs/experiment3_cross_site/site_c_edmonton/E3XC_L3_COMP_F1/seed20240617/B0
3,C,E3XC_L3_COMP_F1,20240617,B1,L3,162,False,False,False,635.0,500.0,135.0,COMPLETED,GROUND,runs/experiment3_cross_site/site_c_edmonton/E3XC_L3_COMP_F1/seed20240617/B1
3,C,E3XC_L3_COMP_F1,20240617,B2,L3,162,False,False,False,635.0,500.0,135.0,COMPLETED,GROUND,runs/experiment3_cross_site/site_c_edmonton/E3XC_L3_COMP_F1/seed20240617/B2
3,C,E3XC_L3_COMP_F1,20240617,B4b,L3,162,False,False,False,635.0,500.0,135.0,COMPLETED,GROUND,runs/experiment3_cross_site/site_c_edmonton/E3XC_L3_COMP_F1/seed20240617/B4b
3,C,E3XC_L3_COMP_F1,20240618,B0,L3,310,True,False,False,875.0,500.0,375.0,COMPLETED,GROUND,runs/experiment3_cross_site/site_c_edmonton/E3XC_L3_COMP_F1/seed20240618/B0
3,C,E3XC_L3_COMP_F1,20240618,B1,L3,162,False,False,False,635.0,500.0,135.0,COMPLETED,GROUND,runs/experiment3_cross_site/site_c_edmonton/E3XC_L3_COMP_F1/seed20240618/B1
3,C,E3XC_L3_COMP_F1,20240618,B2,L3,162,False,False,False,635.0,500.0,135.0,COMPLETED,GROUND,runs/experiment3_cross_site/site_c_edmonton/E3XC_L3_COMP_F1/seed20240618/B2
3,C,E3XC_L3_COMP_F1,20240618,B4b,L3,162,False,False,False,635.0,500.0,135.0,COMPLETED,GROUND,runs/experiment3_cross_site/site_c_edmonton/E3XC_L3_COMP_F1/seed20240618/B4b
3,C,E3XC_L3_COMP_F1,20240619,B0,L3,310,True,False,False,875.0,500.0,375.0,COMPLETED,GROUND,runs/experiment3_cross_site/site_c_edmonton/E3XC_L3_COMP_F1/seed20240619/B0
3,C,E3XC_L3_COMP_F1,20240619,B1,L3,162,False,False,False,635.0,500.0,135.0,COMPLETED,GROUND,runs/experiment3_cross_site/site_c_edmonton/E3XC_L3_COMP_F1/seed20240619/B1
3,C,E3XC_L3_COMP_F1,20240619,B2,L3,162,False,False,False,635.0,500.0,135.0,COMPLETED,GROUND,runs/experiment3_cross_site/site_c_edmonton/E3XC_L3_COMP_F1/seed20240619/B2
3,C,E3XC_L3_COMP_F1,20240619,B4b,L3,162,False,False,False,635.0,500.0,135.0,COMPLETED,GROUND,runs/experiment3_cross_site/site_c_edmonton/E3XC_L3_COMP_F1/seed20240619/B4b
3,C,E3XC_L3_COMP_F1,20240620,B0,L3,310,True,False,False,875.0,500.0,375.0,COMPLETED,GROUND,runs/experiment3_cross_site/site_c_edmonton/E3XC_L3_COMP_F1/seed20240620/B0
3,C,E3XC_L3_COMP_F1,20240620,B1,L3,162,False,False,False,635.0,500.0,135.0,COMPLETED,GROUND,runs/experiment3_cross_site/site_c_edmonton/E3XC_L3_COMP_F1/seed20240620/B1
3,C,E3XC_L3_COMP_F1,20240620,B2,L3,162,False,False,False,635.0,500.0,135.0,COMPLETED,GROUND,runs/experiment3_cross_site/site_c_edmonton/E3XC_L3_COMP_F1/seed20240620/B2
3,C,E3XC_L3_COMP_F1,20240620,B4b,L3,162,False,False,False,635.0,500.0,135.0,COMPLETED,GROUND,runs/experiment3_cross_site/site_c_edmonton/E3XC_L3_COMP_F1/seed20240620/B4b
3,C,E3XC_L3_COMP_F2,20240601,B0,L3,310,True,False,False,1075.0,700.0,375.0,COMPLETED,GROUND,runs/experiment3_cross_site/site_c_edmonton/E3XC_L3_COMP_F2/seed20240601/B0
3,C,E3XC_L3_COMP_F2,20240601,B1,L3,162,False,False,False,835.0,700.0,135.0,COMPLETED,GROUND,runs/experiment3_cross_site/site_c_edmonton/E3XC_L3_COMP_F2/seed20240601/B1
3,C,E3XC_L3_COMP_F2,20240601,B2,L3,162,False,False,False,835.0,700.0,135.0,COMPLETED,GROUND,runs/experiment3_cross_site/site_c_edmonton/E3XC_L3_COMP_F2/seed20240601/B2
3,C,E3XC_L3_COMP_F2,20240601,B4b,L3,162,False,False,False,835.0,700.0,135.0,COMPLETED,GROUND,runs/experiment3_cross_site/site_c_edmonton/E3XC_L3_COMP_F2/seed20240601/B4b
3,C,E3XC_L3_COMP_F2,20240602,B0,L3,310,True,False,False,1075.0,700.0,375.0,COMPLETED,GROUND,runs/experiment3_cross_site/site_c_edmonton/E3XC_L3_COMP_F2/seed20240602/B0
3,C,E3XC_L3_COMP_F2,20240602,B1,L3,162,False,False,False,835.0,700.0,135.0,COMPLETED,GROUND,runs/experiment3_cross_site/site_c_edmonton/E3XC_L3_COMP_F2/seed20240602/B1
3,C,E3XC_L3_COMP_F2,20240602,B2,L3,162,False,False,False,835.0,700.0,135.0,COMPLETED,GROUND,runs/experiment3_cross_site/site_c_edmonton/E3XC_L3_COMP_F2/seed20240602/B2
3,C,E3XC_L3_COMP_F2,20240602,B4b,L3,162,False,False,False,835.0,700.0,135.0,COMPLETED,GROUND,runs/experiment3_cross_site/site_c_edmonton/E3XC_L3_COMP_F2/seed20240602/B4b
3,C,E3XC_L3_COMP_F2,20240603,B0,L3,310,True,False,False,1075.0,700.0,375.0,COMPLETED,GROUND,runs/experiment3_cross_site/site_c_edmonton/E3XC_L3_COMP_F2/seed20240603/B0
3,C,E3XC_L3_COMP_F2,20240603,B1,L3,162,False,False,False,835.0,700.0,135.0,COMPLETED,GROUND,runs/experiment3_cross_site/site_c_edmonton/E3XC_L3_COMP_F2/seed20240603/B1
3,C,E3XC_L3_COMP_F2,20240603,B2,L3,162,False,False,False,835.0,700.0,135.0,COMPLETED,GROUND,runs/experiment3_cross_site/site_c_edmonton/E3XC_L3_COMP_F2/seed20240603/B2
3,C,E3XC_L3_COMP_F2,20240603,B4b,L3,162,False,False,False,835.0,700.0,135.0,COMPLETED,GROUND,runs/experiment3_cross_site/site_c_edmonton/E3XC_L3_COMP_F2/seed20240603/B4b
3,C,E3XC_L3_COMP_F2,20240604,B0,L3,310,True,False,False,1075.0,700.0,375.0,COMPLETED,GROUND,runs/experiment3_cross_site/site_c_edmonton/E3XC_L3_COMP_F2/seed20240604/B0
3,C,E3XC_L3_COMP_F2,20240604,B1,L3,162,False,False,False,835.0,700.0,135.0,COMPLETED,GROUND,runs/experiment3_cross_site/site_c_edmonton/E3XC_L3_COMP_F2/seed20240604/B1
3,C,E3XC_L3_COMP_F2,20240604,B2,L3,162,False,False,False,835.0,700.0,135.0,COMPLETED,GROUND,runs/experiment3_cross_site/site_c_edmonton/E3XC_L3_COMP_F2/seed20240604/B2
3,C,E3XC_L3_COMP_F2,20240604,B4b,L3,162,False,False,False,835.0,700.0,135.0,COMPLETED,GROUND,runs/experiment3_cross_site/site_c_edmonton/E3XC_L3_COMP_F2/seed20240604/B4b
3,C,E3XC_L3_COMP_F2,20240605,B0,L3,310,True,False,False,1075.0,700.0,375.0,COMPLETED,GROUND,runs/experiment3_cross_site/site_c_edmonton/E3XC_L3_COMP_F2/seed20240605/B0
3,C,E3XC_L3_COMP_F2,20240605,B1,L3,162,False,False,False,835.0,700.0,135.0,COMPLETED,GROUND,runs/experiment3_cross_site/site_c_edmonton/E3XC_L3_COMP_F2/seed20240605/B1
3,C,E3XC_L3_COMP_F2,20240605,B2,L3,162,False,False,False,835.0,700.0,135.0,COMPLETED,GROUND,runs/experiment3_cross_site/site_c_edmonton/E3XC_L3_COMP_F2/seed20240605/B2
3,C,E3XC_L3_COMP_F2,20240605,B4b,L3,162,False,False,False,835.0,700.0,135.0,COMPLETED,GROUND,runs/experiment3_cross_site/site_c_edmonton/E3XC_L3_COMP_F2/seed20240605/B4b
3,C,E3XC_L3_COMP_F2,20240606,B0,L3,310,True,False,False,1075.0,700.0,375.0,COMPLETED,GROUND,runs/experiment3_cross_site/site_c_edmonton/E3XC_L3_COMP_F2/seed20240606/B0
3,C,E3XC_L3_COMP_F2,20240606,B1,L3,162,False,False,False,835.0,700.0,135.0,COMPLETED,GROUND,runs/experiment3_cross_site/site_c_edmonton/E3XC_L3_COMP_F2/seed20240606/B1
3,C,E3XC_L3_COMP_F2,20240606,B2,L3,162,False,False,False,835.0,700.0,135.0,COMPLETED,GROUND,runs/experiment3_cross_site/site_c_edmonton/E3XC_L3_COMP_F2/seed20240606/B2
3,C,E3XC_L3_COMP_F2,20240606,B4b,L3,162,False,False,False,835.0,700.0,135.0,COMPLETED,GROUND,runs/experiment3_cross_site/site_c_edmonton/E3XC_L3_COMP_F2/seed20240606/B4b
3,C,E3XC_L3_COMP_F2,20240607,B0,L3,310,True,False,False,1075.0,700.0,375.0,COMPLETED,GROUND,runs/experiment3_cross_site/site_c_edmonton/E3XC_L3_COMP_F2/seed20240607/B0
3,C,E3XC_L3_COMP_F2,20240607,B1,L3,162,False,False,False,835.0,700.0,135.0,COMPLETED,GROUND,runs/experiment3_cross_site/site_c_edmonton/E3XC_L3_COMP_F2/seed20240607/B1
3,C,E3XC_L3_COMP_F2,20240607,B2,L3,162,False,False,False,835.0,700.0,135.0,COMPLETED,GROUND,runs/experiment3_cross_site/site_c_edmonton/E3XC_L3_COMP_F2/seed20240607/B2
3,C,E3XC_L3_COMP_F2,20240607,B4b,L3,162,False,False,False,835.0,700.0,135.0,COMPLETED,GROUND,runs/experiment3_cross_site/site_c_edmonton/E3XC_L3_COMP_F2/seed20240607/B4b
3,C,E3XC_L3_COMP_F2,20240608,B0,L3,310,True,False,False,1075.0,700.0,375.0,COMPLETED,GROUND,runs/experiment3_cross_site/site_c_edmonton/E3XC_L3_COMP_F2/seed20240608/B0
3,C,E3XC_L3_COMP_F2,20240608,B1,L3,162,False,False,False,835.0,700.0,135.0,COMPLETED,GROUND,runs/experiment3_cross_site/site_c_edmonton/E3XC_L3_COMP_F2/seed20240608/B1
3,C,E3XC_L3_COMP_F2,20240608,B2,L3,162,False,False,False,835.0,700.0,135.0,COMPLETED,GROUND,runs/experiment3_cross_site/site_c_edmonton/E3XC_L3_COMP_F2/seed20240608/B2
3,C,E3XC_L3_COMP_F2,20240608,B4b,L3,162,False,False,False,835.0,700.0,135.0,COMPLETED,GROUND,runs/experiment3_cross_site/site_c_edmonton/E3XC_L3_COMP_F2/seed20240608/B4b
3,C,E3XC_L3_COMP_F2,20240609,B0,L3,310,True,False,False,1075.0,700.0,375.0,COMPLETED,GROUND,runs/experiment3_cross_site/site_c_edmonton/E3XC_L3_COMP_F2/seed20240609/B0
3,C,E3XC_L3_COMP_F2,20240609,B1,L3,162,False,False,False,835.0,700.0,135.0,COMPLETED,GROUND,runs/experiment3_cross_site/site_c_edmonton/E3XC_L3_COMP_F2/seed20240609/B1
3,C,E3XC_L3_COMP_F2,20240609,B2,L3,162,False,False,False,835.0,700.0,135.0,COMPLETED,GROUND,runs/experiment3_cross_site/site_c_edmonton/E3XC_L3_COMP_F2/seed20240609/B2
3,C,E3XC_L3_COMP_F2,20240609,B4b,L3,162,False,False,False,835.0,700.0,135.0,COMPLETED,GROUND,runs/experiment3_cross_site/site_c_edmonton/E3XC_L3_COMP_F2/seed20240609/B4b
3,C,E3XC_L3_COMP_F2,20240610,B0,L3,310,True,False,False,1075.0,700.0,375.0,COMPLETED,GROUND,runs/experiment3_cross_site/site_c_edmonton/E3XC_L3_COMP_F2/seed20240610/B0
3,C,E3XC_L3_COMP_F2,20240610,B1,L3,162,False,False,False,835.0,700.0,135.0,COMPLETED,GROUND,runs/experiment3_cross_site/site_c_edmonton/E3XC_L3_COMP_F2/seed20240610/B1
3,C,E3XC_L3_COMP_F2,20240610,B2,L3,162,False,False,False,835.0,700.0,135.0,COMPLETED,GROUND,runs/experiment3_cross_site/site_c_edmonton/E3XC_L3_COMP_F2/seed20240610/B2
3,C,E3XC_L3_COMP_F2,20240610,B4b,L3,162,False,False,False,835.0,700.0,135.0,COMPLETED,GROUND,runs/experiment3_cross_site/site_c_edmonton/E3XC_L3_COMP_F2/seed20240610/B4b
3,C,E3XC_L3_COMP_F2,20240611,B0,L3,310,True,False,False,1075.0,700.0,375.0,COMPLETED,GROUND,runs/experiment3_cross_site/site_c_edmonton/E3XC_L3_COMP_F2/seed20240611/B0
3,C,E3XC_L3_COMP_F2,20240611,B1,L3,162,False,False,False,835.0,700.0,135.0,COMPLETED,GROUND,runs/experiment3_cross_site/site_c_edmonton/E3XC_L3_COMP_F2/seed20240611/B1
3,C,E3XC_L3_COMP_F2,20240611,B2,L3,162,False,False,False,835.0,700.0,135.0,COMPLETED,GROUND,runs/experiment3_cross_site/site_c_edmonton/E3XC_L3_COMP_F2/seed20240611/B2
3,C,E3XC_L3_COMP_F2,20240611,B4b,L3,162,False,False,False,835.0,700.0,135.0,COMPLETED,GROUND,runs/experiment3_cross_site/site_c_edmonton/E3XC_L3_COMP_F2/seed20240611/B4b
3,C,E3XC_L3_COMP_F2,20240612,B0,L3,310,True,False,False,875.0,500.0,375.0,COMPLETED,GROUND,runs/experiment3_cross_site/site_c_edmonton/E3XC_L3_COMP_F2/seed20240612/B0
3,C,E3XC_L3_COMP_F2,20240612,B1,L3,162,False,False,False,635.0,500.0,135.0,COMPLETED,GROUND,runs/experiment3_cross_site/site_c_edmonton/E3XC_L3_COMP_F2/seed20240612/B1
3,C,E3XC_L3_COMP_F2,20240612,B2,L3,162,False,False,False,635.0,500.0,135.0,COMPLETED,GROUND,runs/experiment3_cross_site/site_c_edmonton/E3XC_L3_COMP_F2/seed20240612/B2
3,C,E3XC_L3_COMP_F2,20240612,B4b,L3,162,False,False,False,635.0,500.0,135.0,COMPLETED,GROUND,runs/experiment3_cross_site/site_c_edmonton/E3XC_L3_COMP_F2/seed20240612/B4b
3,C,E3XC_L3_COMP_F2,20240613,B0,L3,310,True,False,False,1075.0,700.0,375.0,COMPLETED,GROUND,runs/experiment3_cross_site/site_c_edmonton/E3XC_L3_COMP_F2/seed20240613/B0
3,C,E3XC_L3_COMP_F2,20240613,B1,L3,162,False,False,False,835.0,700.0,135.0,COMPLETED,GROUND,runs/experiment3_cross_site/site_c_edmonton/E3XC_L3_COMP_F2/seed20240613/B1
3,C,E3XC_L3_COMP_F2,20240613,B2,L3,162,False,False,False,835.0,700.0,135.0,COMPLETED,GROUND,runs/experiment3_cross_site/site_c_edmonton/E3XC_L3_COMP_F2/seed20240613/B2
3,C,E3XC_L3_COMP_F2,20240613,B4b,L3,162,False,False,False,835.0,700.0,135.0,COMPLETED,GROUND,runs/experiment3_cross_site/site_c_edmonton/E3XC_L3_COMP_F2/seed20240613/B4b
3,C,E3XC_L3_COMP_F2,20240614,B0,L3,310,True,False,False,1075.0,700.0,375.0,COMPLETED,GROUND,runs/experiment3_cross_site/site_c_edmonton/E3XC_L3_COMP_F2/seed20240614/B0
3,C,E3XC_L3_COMP_F2,20240614,B1,L3,162,False,False,False,835.0,700.0,135.0,COMPLETED,GROUND,runs/experiment3_cross_site/site_c_edmonton/E3XC_L3_COMP_F2/seed20240614/B1
3,C,E3XC_L3_COMP_F2,20240614,B2,L3,162,False,False,False,835.0,700.0,135.0,COMPLETED,GROUND,runs/experiment3_cross_site/site_c_edmonton/E3XC_L3_COMP_F2/seed20240614/B2
3,C,E3XC_L3_COMP_F2,20240614,B4b,L3,162,False,False,False,835.0,700.0,135.0,COMPLETED,GROUND,runs/experiment3_cross_site/site_c_edmonton/E3XC_L3_COMP_F2/seed20240614/B4b
3,C,E3XC_L3_COMP_F2,20240615,B0,L3,310,True,False,False,1075.0,700.0,375.0,COMPLETED,GROUND,runs/experiment3_cross_site/site_c_edmonton/E3XC_L3_COMP_F2/seed20240615/B0
3,C,E3XC_L3_COMP_F2,20240615,B1,L3,162,False,False,False,835.0,700.0,135.0,COMPLETED,GROUND,runs/experiment3_cross_site/site_c_edmonton/E3XC_L3_COMP_F2/seed20240615/B1
3,C,E3XC_L3_COMP_F2,20240615,B2,L3,162,False,False,False,835.0,700.0,135.0,COMPLETED,GROUND,runs/experiment3_cross_site/site_c_edmonton/E3XC_L3_COMP_F2/seed20240615/B2
3,C,E3XC_L3_COMP_F2,20240615,B4b,L3,162,False,False,False,835.0,700.0,135.0,COMPLETED,GROUND,runs/experiment3_cross_site/site_c_edmonton/E3XC_L3_COMP_F2/seed20240615/B4b
3,C,E3XC_L3_COMP_F2,20240616,B0,L3,310,True,False,False,875.0,500.0,375.0,COMPLETED,GROUND,runs/experiment3_cross_site/site_c_edmonton/E3XC_L3_COMP_F2/seed20240616/B0
3,C,E3XC_L3_COMP_F2,20240616,B1,L3,162,False,False,False,635.0,500.0,135.0,COMPLETED,GROUND,runs/experiment3_cross_site/site_c_edmonton/E3XC_L3_COMP_F2/seed20240616/B1
3,C,E3XC_L3_COMP_F2,20240616,B2,L3,162,False,False,False,635.0,500.0,135.0,COMPLETED,GROUND,runs/experiment3_cross_site/site_c_edmonton/E3XC_L3_COMP_F2/seed20240616/B2
3,C,E3XC_L3_COMP_F2,20240616,B4b,L3,162,False,False,False,635.0,500.0,135.0,COMPLETED,GROUND,runs/experiment3_cross_site/site_c_edmonton/E3XC_L3_COMP_F2/seed20240616/B4b
3,C,E3XC_L3_COMP_F2,20240617,B0,L3,310,True,False,False,1075.0,700.0,375.0,COMPLETED,GROUND,runs/experiment3_cross_site/site_c_edmonton/E3XC_L3_COMP_F2/seed20240617/B0
3,C,E3XC_L3_COMP_F2,20240617,B1,L3,162,False,False,False,835.0,700.0,135.0,COMPLETED,GROUND,runs/experiment3_cross_site/site_c_edmonton/E3XC_L3_COMP_F2/seed20240617/B1
3,C,E3XC_L3_COMP_F2,20240617,B2,L3,162,False,False,False,835.0,700.0,135.0,COMPLETED,GROUND,runs/experiment3_cross_site/site_c_edmonton/E3XC_L3_COMP_F2/seed20240617/B2
3,C,E3XC_L3_COMP_F2,20240617,B4b,L3,162,False,False,False,835.0,700.0,135.0,COMPLETED,GROUND,runs/experiment3_cross_site/site_c_edmonton/E3XC_L3_COMP_F2/seed20240617/B4b
3,C,E3XC_L3_COMP_F2,20240618,B0,L3,310,True,False,False,1075.0,700.0,375.0,COMPLETED,GROUND,runs/experiment3_cross_site/site_c_edmonton/E3XC_L3_COMP_F2/seed20240618/B0
3,C,E3XC_L3_COMP_F2,20240618,B1,L3,162,False,False,False,835.0,700.0,135.0,COMPLETED,GROUND,runs/experiment3_cross_site/site_c_edmonton/E3XC_L3_COMP_F2/seed20240618/B1
3,C,E3XC_L3_COMP_F2,20240618,B2,L3,162,False,False,False,835.0,700.0,135.0,COMPLETED,GROUND,runs/experiment3_cross_site/site_c_edmonton/E3XC_L3_COMP_F2/seed20240618/B2
3,C,E3XC_L3_COMP_F2,20240618,B4b,L3,162,False,False,False,835.0,700.0,135.0,COMPLETED,GROUND,runs/experiment3_cross_site/site_c_edmonton/E3XC_L3_COMP_F2/seed20240618/B4b
3,C,E3XC_L3_COMP_F2,20240619,B0,L3,310,True,False,False,1075.0,700.0,375.0,COMPLETED,GROUND,runs/experiment3_cross_site/site_c_edmonton/E3XC_L3_COMP_F2/seed20240619/B0
3,C,E3XC_L3_COMP_F2,20240619,B1,L3,162,False,False,False,835.0,700.0,135.0,COMPLETED,GROUND,runs/experiment3_cross_site/site_c_edmonton/E3XC_L3_COMP_F2/seed20240619/B1
3,C,E3XC_L3_COMP_F2,20240619,B2,L3,162,False,False,False,835.0,700.0,135.0,COMPLETED,GROUND,runs/experiment3_cross_site/site_c_edmonton/E3XC_L3_COMP_F2/seed20240619/B2
3,C,E3XC_L3_COMP_F2,20240619,B4b,L3,162,False,False,False,835.0,700.0,135.0,COMPLETED,GROUND,runs/experiment3_cross_site/site_c_edmonton/E3XC_L3_COMP_F2/seed20240619/B4b
3,C,E3XC_L3_COMP_F2,20240620,B0,L3,310,True,False,False,1075.0,700.0,375.0,COMPLETED,GROUND,runs/experiment3_cross_site/site_c_edmonton/E3XC_L3_COMP_F2/seed20240620/B0
3,C,E3XC_L3_COMP_F2,20240620,B1,L3,162,False,False,False,835.0,700.0,135.0,COMPLETED,GROUND,runs/experiment3_cross_site/site_c_edmonton/E3XC_L3_COMP_F2/seed20240620/B1
3,C,E3XC_L3_COMP_F2,20240620,B2,L3,162,False,False,False,835.0,700.0,135.0,COMPLETED,GROUND,runs/experiment3_cross_site/site_c_edmonton/E3XC_L3_COMP_F2/seed20240620/B2
3,C,E3XC_L3_COMP_F2,20240620,B4b,L3,162,False,False,False,835.0,700.0,135.0,COMPLETED,GROUND,runs/experiment3_cross_site/site_c_edmonton/E3XC_L3_COMP_F2/seed20240620/B4b
3,C,E3XC_L3_COMP_F4,20240601,B0,L3,310,True,False,False,1075.0,700.0,375.0,COMPLETED,GROUND,runs/experiment3_cross_site/site_c_edmonton/E3XC_L3_COMP_F4/seed20240601/B0
3,C,E3XC_L3_COMP_F4,20240601,B1,L3,162,False,False,False,835.0,700.0,135.0,COMPLETED,GROUND,runs/experiment3_cross_site/site_c_edmonton/E3XC_L3_COMP_F4/seed20240601/B1
3,C,E3XC_L3_COMP_F4,20240601,B2,L3,162,False,False,False,835.0,700.0,135.0,COMPLETED,GROUND,runs/experiment3_cross_site/site_c_edmonton/E3XC_L3_COMP_F4/seed20240601/B2
3,C,E3XC_L3_COMP_F4,20240601,B4b,L3,162,False,False,False,835.0,700.0,135.0,COMPLETED,GROUND,runs/experiment3_cross_site/site_c_edmonton/E3XC_L3_COMP_F4/seed20240601/B4b
3,C,E3XC_L3_COMP_F4,20240602,B0,L3,310,True,False,False,1075.0,700.0,375.0,COMPLETED,GROUND,runs/experiment3_cross_site/site_c_edmonton/E3XC_L3_COMP_F4/seed20240602/B0
3,C,E3XC_L3_COMP_F4,20240602,B1,L3,162,False,False,False,835.0,700.0,135.0,COMPLETED,GROUND,runs/experiment3_cross_site/site_c_edmonton/E3XC_L3_COMP_F4/seed20240602/B1
3,C,E3XC_L3_COMP_F4,20240602,B2,L3,162,False,False,False,835.0,700.0,135.0,COMPLETED,GROUND,runs/experiment3_cross_site/site_c_edmonton/E3XC_L3_COMP_F4/seed20240602/B2
3,C,E3XC_L3_COMP_F4,20240602,B4b,L3,162,False,False,False,835.0,700.0,135.0,COMPLETED,GROUND,runs/experiment3_cross_site/site_c_edmonton/E3XC_L3_COMP_F4/seed20240602/B4b
3,C,E3XC_L3_COMP_F4,20240603,B0,L3,310,True,False,False,1075.0,700.0,375.0,COMPLETED,GROUND,runs/experiment3_cross_site/site_c_edmonton/E3XC_L3_COMP_F4/seed20240603/B0
3,C,E3XC_L3_COMP_F4,20240603,B1,L3,162,False,False,False,835.0,700.0,135.0,COMPLETED,GROUND,runs/experiment3_cross_site/site_c_edmonton/E3XC_L3_COMP_F4/seed20240603/B1
3,C,E3XC_L3_COMP_F4,20240603,B2,L3,162,False,False,False,835.0,700.0,135.0,COMPLETED,GROUND,runs/experiment3_cross_site/site_c_edmonton/E3XC_L3_COMP_F4/seed20240603/B2
3,C,E3XC_L3_COMP_F4,20240603,B4b,L3,162,False,False,False,835.0,700.0,135.0,COMPLETED,GROUND,runs/experiment3_cross_site/site_c_edmonton/E3XC_L3_COMP_F4/seed20240603/B4b
3,C,E3XC_L3_COMP_F4,20240604,B0,L3,310,True,False,False,1075.0,700.0,375.0,COMPLETED,GROUND,runs/experiment3_cross_site/site_c_edmonton/E3XC_L3_COMP_F4/seed20240604/B0
3,C,E3XC_L3_COMP_F4,20240604,B1,L3,162,False,False,False,835.0,700.0,135.0,COMPLETED,GROUND,runs/experiment3_cross_site/site_c_edmonton/E3XC_L3_COMP_F4/seed20240604/B1
3,C,E3XC_L3_COMP_F4,20240604,B2,L3,162,False,False,False,835.0,700.0,135.0,COMPLETED,GROUND,runs/experiment3_cross_site/site_c_edmonton/E3XC_L3_COMP_F4/seed20240604/B2
3,C,E3XC_L3_COMP_F4,20240604,B4b,L3,162,False,False,False,835.0,700.0,135.0,COMPLETED,GROUND,runs/experiment3_cross_site/site_c_edmonton/E3XC_L3_COMP_F4/seed20240604/B4b
3,C,E3XC_L3_COMP_F4,20240605,B0,L3,310,True,False,False,1075.0,700.0,375.0,COMPLETED,GROUND,runs/experiment3_cross_site/site_c_edmonton/E3XC_L3_COMP_F4/seed20240605/B0
3,C,E3XC_L3_COMP_F4,20240605,B1,L3,162,False,False,False,835.0,700.0,135.0,COMPLETED,GROUND,runs/experiment3_cross_site/site_c_edmonton/E3XC_L3_COMP_F4/seed20240605/B1
3,C,E3XC_L3_COMP_F4,20240605,B2,L3,162,False,False,False,835.0,700.0,135.0,COMPLETED,GROUND,runs/experiment3_cross_site/site_c_edmonton/E3XC_L3_COMP_F4/seed20240605/B2
3,C,E3XC_L3_COMP_F4,20240605,B4b,L3,162,False,False,False,835.0,700.0,135.0,COMPLETED,GROUND,runs/experiment3_cross_site/site_c_edmonton/E3XC_L3_COMP_F4/seed20240605/B4b
3,C,E3XC_L3_COMP_F4,20240606,B0,L3,310,True,False,False,1075.0,700.0,375.0,COMPLETED,GROUND,runs/experiment3_cross_site/site_c_edmonton/E3XC_L3_COMP_F4/seed20240606/B0
3,C,E3XC_L3_COMP_F4,20240606,B1,L3,162,False,False,False,835.0,700.0,135.0,COMPLETED,GROUND,runs/experiment3_cross_site/site_c_edmonton/E3XC_L3_COMP_F4/seed20240606/B1
3,C,E3XC_L3_COMP_F4,20240606,B2,L3,162,False,False,False,835.0,700.0,135.0,COMPLETED,GROUND,runs/experiment3_cross_site/site_c_edmonton/E3XC_L3_COMP_F4/seed20240606/B2
3,C,E3XC_L3_COMP_F4,20240606,B4b,L3,162,False,False,False,835.0,700.0,135.0,COMPLETED,GROUND,runs/experiment3_cross_site/site_c_edmonton/E3XC_L3_COMP_F4/seed20240606/B4b
3,C,E3XC_L3_COMP_F4,20240607,B0,L3,310,True,False,False,1075.0,700.0,375.0,COMPLETED,GROUND,runs/experiment3_cross_site/site_c_edmonton/E3XC_L3_COMP_F4/seed20240607/B0
3,C,E3XC_L3_COMP_F4,20240607,B1,L3,162,False,False,False,835.0,700.0,135.0,COMPLETED,GROUND,runs/experiment3_cross_site/site_c_edmonton/E3XC_L3_COMP_F4/seed20240607/B1
3,C,E3XC_L3_COMP_F4,20240607,B2,L3,162,False,False,False,835.0,700.0,135.0,COMPLETED,GROUND,runs/experiment3_cross_site/site_c_edmonton/E3XC_L3_COMP_F4/seed20240607/B2
3,C,E3XC_L3_COMP_F4,20240607,B4b,L3,162,False,False,False,835.0,700.0,135.0,COMPLETED,GROUND,runs/experiment3_cross_site/site_c_edmonton/E3XC_L3_COMP_F4/seed20240607/B4b
3,C,E3XC_L3_COMP_F4,20240608,B0,L3,310,True,False,False,1075.0,700.0,375.0,COMPLETED,GROUND,runs/experiment3_cross_site/site_c_edmonton/E3XC_L3_COMP_F4/seed20240608/B0
3,C,E3XC_L3_COMP_F4,20240608,B1,L3,162,False,False,False,835.0,700.0,135.0,COMPLETED,GROUND,runs/experiment3_cross_site/site_c_edmonton/E3XC_L3_COMP_F4/seed20240608/B1
3,C,E3XC_L3_COMP_F4,20240608,B2,L3,162,False,False,False,835.0,700.0,135.0,COMPLETED,GROUND,runs/experiment3_cross_site/site_c_edmonton/E3XC_L3_COMP_F4/seed20240608/B2
3,C,E3XC_L3_COMP_F4,20240608,B4b,L3,162,False,False,False,835.0,700.0,135.0,COMPLETED,GROUND,runs/experiment3_cross_site/site_c_edmonton/E3XC_L3_COMP_F4/seed20240608/B4b
3,C,E3XC_L3_COMP_F4,20240609,B0,L3,310,True,False,False,1075.0,700.0,375.0,COMPLETED,GROUND,runs/experiment3_cross_site/site_c_edmonton/E3XC_L3_COMP_F4/seed20240609/B0
3,C,E3XC_L3_COMP_F4,20240609,B1,L3,162,False,False,False,835.0,700.0,135.0,COMPLETED,GROUND,runs/experiment3_cross_site/site_c_edmonton/E3XC_L3_COMP_F4/seed20240609/B1
3,C,E3XC_L3_COMP_F4,20240609,B2,L3,162,False,False,False,835.0,700.0,135.0,COMPLETED,GROUND,runs/experiment3_cross_site/site_c_edmonton/E3XC_L3_COMP_F4/seed20240609/B2
3,C,E3XC_L3_COMP_F4,20240609,B4b,L3,162,False,False,False,835.0,700.0,135.0,COMPLETED,GROUND,runs/experiment3_cross_site/site_c_edmonton/E3XC_L3_COMP_F4/seed20240609/B4b
3,C,E3XC_L3_COMP_F4,20240610,B0,L3,310,True,False,False,1075.0,700.0,375.0,COMPLETED,GROUND,runs/experiment3_cross_site/site_c_edmonton/E3XC_L3_COMP_F4/seed20240610/B0
3,C,E3XC_L3_COMP_F4,20240610,B1,L3,162,False,False,False,835.0,700.0,135.0,COMPLETED,GROUND,runs/experiment3_cross_site/site_c_edmonton/E3XC_L3_COMP_F4/seed20240610/B1
3,C,E3XC_L3_COMP_F4,20240610,B2,L3,162,False,False,False,835.0,700.0,135.0,COMPLETED,GROUND,runs/experiment3_cross_site/site_c_edmonton/E3XC_L3_COMP_F4/seed20240610/B2
3,C,E3XC_L3_COMP_F4,20240610,B4b,L3,162,False,False,False,835.0,700.0,135.0,COMPLETED,GROUND,runs/experiment3_cross_site/site_c_edmonton/E3XC_L3_COMP_F4/seed20240610/B4b
3,C,E3XC_L3_COMP_F4,20240611,B0,L3,310,True,False,False,1075.0,700.0,375.0,COMPLETED,GROUND,runs/experiment3_cross_site/site_c_edmonton/E3XC_L3_COMP_F4/seed20240611/B0
3,C,E3XC_L3_COMP_F4,20240611,B1,L3,162,False,False,False,835.0,700.0,135.0,COMPLETED,GROUND,runs/experiment3_cross_site/site_c_edmonton/E3XC_L3_COMP_F4/seed20240611/B1
3,C,E3XC_L3_COMP_F4,20240611,B2,L3,162,False,False,False,835.0,700.0,135.0,COMPLETED,GROUND,runs/experiment3_cross_site/site_c_edmonton/E3XC_L3_COMP_F4/seed20240611/B2
3,C,E3XC_L3_COMP_F4,20240611,B4b,L3,162,False,False,False,835.0,700.0,135.0,COMPLETED,GROUND,runs/experiment3_cross_site/site_c_edmonton/E3XC_L3_COMP_F4/seed20240611/B4b
3,C,E3XC_L3_COMP_F4,20240612,B0,L3,310,True,False,False,1075.0,700.0,375.0,COMPLETED,GROUND,runs/experiment3_cross_site/site_c_edmonton/E3XC_L3_COMP_F4/seed20240612/B0
3,C,E3XC_L3_COMP_F4,20240612,B1,L3,162,False,False,False,835.0,700.0,135.0,COMPLETED,GROUND,runs/experiment3_cross_site/site_c_edmonton/E3XC_L3_COMP_F4/seed20240612/B1
3,C,E3XC_L3_COMP_F4,20240612,B2,L3,162,False,False,False,835.0,700.0,135.0,COMPLETED,GROUND,runs/experiment3_cross_site/site_c_edmonton/E3XC_L3_COMP_F4/seed20240612/B2
3,C,E3XC_L3_COMP_F4,20240612,B4b,L3,162,False,False,False,835.0,700.0,135.0,COMPLETED,GROUND,runs/experiment3_cross_site/site_c_edmonton/E3XC_L3_COMP_F4/seed20240612/B4b
3,C,E3XC_L3_COMP_F4,20240613,B0,L3,310,True,False,False,1075.0,700.0,375.0,COMPLETED,GROUND,runs/experiment3_cross_site/site_c_edmonton/E3XC_L3_COMP_F4/seed20240613/B0
3,C,E3XC_L3_COMP_F4,20240613,B1,L3,162,False,False,False,835.0,700.0,135.0,COMPLETED,GROUND,runs/experiment3_cross_site/site_c_edmonton/E3XC_L3_COMP_F4/seed20240613/B1
3,C,E3XC_L3_COMP_F4,20240613,B2,L3,162,False,False,False,835.0,700.0,135.0,COMPLETED,GROUND,runs/experiment3_cross_site/site_c_edmonton/E3XC_L3_COMP_F4/seed20240613/B2
3,C,E3XC_L3_COMP_F4,20240613,B4b,L3,162,False,False,False,835.0,700.0,135.0,COMPLETED,GROUND,runs/experiment3_cross_site/site_c_edmonton/E3XC_L3_COMP_F4/seed20240613/B4b
3,C,E3XC_L3_COMP_F4,20240614,B0,L3,310,True,False,False,1075.0,700.0,375.0,COMPLETED,GROUND,runs/experiment3_cross_site/site_c_edmonton/E3XC_L3_COMP_F4/seed20240614/B0
3,C,E3XC_L3_COMP_F4,20240614,B1,L3,162,False,False,False,835.0,700.0,135.0,COMPLETED,GROUND,runs/experiment3_cross_site/site_c_edmonton/E3XC_L3_COMP_F4/seed20240614/B1
3,C,E3XC_L3_COMP_F4,20240614,B2,L3,162,False,False,False,835.0,700.0,135.0,COMPLETED,GROUND,runs/experiment3_cross_site/site_c_edmonton/E3XC_L3_COMP_F4/seed20240614/B2
3,C,E3XC_L3_COMP_F4,20240614,B4b,L3,162,False,False,False,835.0,700.0,135.0,COMPLETED,GROUND,runs/experiment3_cross_site/site_c_edmonton/E3XC_L3_COMP_F4/seed20240614/B4b
3,C,E3XC_L3_COMP_F4,20240615,B0,L3,310,True,False,False,1075.0,700.0,375.0,COMPLETED,GROUND,runs/experiment3_cross_site/site_c_edmonton/E3XC_L3_COMP_F4/seed20240615/B0
3,C,E3XC_L3_COMP_F4,20240615,B1,L3,162,False,False,False,835.0,700.0,135.0,COMPLETED,GROUND,runs/experiment3_cross_site/site_c_edmonton/E3XC_L3_COMP_F4/seed20240615/B1
3,C,E3XC_L3_COMP_F4,20240615,B2,L3,162,False,False,False,835.0,700.0,135.0,COMPLETED,GROUND,runs/experiment3_cross_site/site_c_edmonton/E3XC_L3_COMP_F4/seed20240615/B2
3,C,E3XC_L3_COMP_F4,20240615,B4b,L3,162,False,False,False,835.0,700.0,135.0,COMPLETED,GROUND,runs/experiment3_cross_site/site_c_edmonton/E3XC_L3_COMP_F4/seed20240615/B4b
3,C,E3XC_L3_COMP_F4,20240616,B0,L3,310,True,False,False,1075.0,700.0,375.0,COMPLETED,GROUND,runs/experiment3_cross_site/site_c_edmonton/E3XC_L3_COMP_F4/seed20240616/B0
3,C,E3XC_L3_COMP_F4,20240616,B1,L3,162,False,False,False,835.0,700.0,135.0,COMPLETED,GROUND,runs/experiment3_cross_site/site_c_edmonton/E3XC_L3_COMP_F4/seed20240616/B1
3,C,E3XC_L3_COMP_F4,20240616,B2,L3,162,False,False,False,835.0,700.0,135.0,COMPLETED,GROUND,runs/experiment3_cross_site/site_c_edmonton/E3XC_L3_COMP_F4/seed20240616/B2
3,C,E3XC_L3_COMP_F4,20240616,B4b,L3,162,False,False,False,835.0,700.0,135.0,COMPLETED,GROUND,runs/experiment3_cross_site/site_c_edmonton/E3XC_L3_COMP_F4/seed20240616/B4b
3,C,E3XC_L3_COMP_F4,20240617,B0,L3,310,True,False,False,1075.0,700.0,375.0,COMPLETED,GROUND,runs/experiment3_cross_site/site_c_edmonton/E3XC_L3_COMP_F4/seed20240617/B0
3,C,E3XC_L3_COMP_F4,20240617,B1,L3,162,False,False,False,835.0,700.0,135.0,COMPLETED,GROUND,runs/experiment3_cross_site/site_c_edmonton/E3XC_L3_COMP_F4/seed20240617/B1
3,C,E3XC_L3_COMP_F4,20240617,B2,L3,162,False,False,False,835.0,700.0,135.0,COMPLETED,GROUND,runs/experiment3_cross_site/site_c_edmonton/E3XC_L3_COMP_F4/seed20240617/B2
3,C,E3XC_L3_COMP_F4,20240617,B4b,L3,162,False,False,False,835.0,700.0,135.0,COMPLETED,GROUND,runs/experiment3_cross_site/site_c_edmonton/E3XC_L3_COMP_F4/seed20240617/B4b
3,C,E3XC_L3_COMP_F4,20240618,B0,L3,310,True,False,False,1075.0,700.0,375.0,COMPLETED,GROUND,runs/experiment3_cross_site/site_c_edmonton/E3XC_L3_COMP_F4/seed20240618/B0
3,C,E3XC_L3_COMP_F4,20240618,B1,L3,162,False,False,False,835.0,700.0,135.0,COMPLETED,GROUND,runs/experiment3_cross_site/site_c_edmonton/E3XC_L3_COMP_F4/seed20240618/B1
3,C,E3XC_L3_COMP_F4,20240618,B2,L3,162,False,False,False,835.0,700.0,135.0,COMPLETED,GROUND,runs/experiment3_cross_site/site_c_edmonton/E3XC_L3_COMP_F4/seed20240618/B2
3,C,E3XC_L3_COMP_F4,20240618,B4b,L3,162,False,False,False,835.0,700.0,135.0,COMPLETED,GROUND,runs/experiment3_cross_site/site_c_edmonton/E3XC_L3_COMP_F4/seed20240618/B4b
3,C,E3XC_L3_COMP_F4,20240619,B0,L3,310,True,False,False,1075.0,700.0,375.0,COMPLETED,GROUND,runs/experiment3_cross_site/site_c_edmonton/E3XC_L3_COMP_F4/seed20240619/B0
3,C,E3XC_L3_COMP_F4,20240619,B1,L3,162,False,False,False,835.0,700.0,135.0,COMPLETED,GROUND,runs/experiment3_cross_site/site_c_edmonton/E3XC_L3_COMP_F4/seed20240619/B1
3,C,E3XC_L3_COMP_F4,20240619,B2,L3,162,False,False,False,835.0,700.0,135.0,COMPLETED,GROUND,runs/experiment3_cross_site/site_c_edmonton/E3XC_L3_COMP_F4/seed20240619/B2
3,C,E3XC_L3_COMP_F4,20240619,B4b,L3,162,False,False,False,835.0,700.0,135.0,COMPLETED,GROUND,runs/experiment3_cross_site/site_c_edmonton/E3XC_L3_COMP_F4/seed20240619/B4b
3,C,E3XC_L3_COMP_F4,20240620,B0,L3,310,True,False,False,1075.0,700.0,375.0,COMPLETED,GROUND,runs/experiment3_cross_site/site_c_edmonton/E3XC_L3_COMP_F4/seed20240620/B0
3,C,E3XC_L3_COMP_F4,20240620,B1,L3,162,False,False,False,835.0,700.0,135.0,COMPLETED,GROUND,runs/experiment3_cross_site/site_c_edmonton/E3XC_L3_COMP_F4/seed20240620/B1
3,C,E3XC_L3_COMP_F4,20240620,B2,L3,162,False,False,False,835.0,700.0,135.0,COMPLETED,GROUND,runs/experiment3_cross_site/site_c_edmonton/E3XC_L3_COMP_F4/seed20240620/B2
3,C,E3XC_L3_COMP_F4,20240620,B4b,L3,162,False,False,False,835.0,700.0,135.0,COMPLETED,GROUND,runs/experiment3_cross_site/site_c_edmonton/E3XC_L3_COMP_F4/seed20240620/B4b
3,C,E3XC_L3_COMP_F5,20240601,B0,L3,310,True,False,False,1075.0,700.0,375.0,COMPLETED,GROUND,runs/experiment3_cross_site/site_c_edmonton/E3XC_L3_COMP_F5/seed20240601/B0
3,C,E3XC_L3_COMP_F5,20240601,B1,L3,162,False,False,False,835.0,700.0,135.0,COMPLETED,GROUND,runs/experiment3_cross_site/site_c_edmonton/E3XC_L3_COMP_F5/seed20240601/B1
3,C,E3XC_L3_COMP_F5,20240601,B2,L3,162,False,False,False,835.0,700.0,135.0,COMPLETED,GROUND,runs/experiment3_cross_site/site_c_edmonton/E3XC_L3_COMP_F5/seed20240601/B2
3,C,E3XC_L3_COMP_F5,20240601,B4b,L3,162,False,False,False,835.0,700.0,135.0,COMPLETED,GROUND,runs/experiment3_cross_site/site_c_edmonton/E3XC_L3_COMP_F5/seed20240601/B4b
3,C,E3XC_L3_COMP_F5,20240602,B0,L3,310,True,False,False,1075.0,700.0,375.0,COMPLETED,GROUND,runs/experiment3_cross_site/site_c_edmonton/E3XC_L3_COMP_F5/seed20240602/B0
3,C,E3XC_L3_COMP_F5,20240602,B1,L3,162,False,False,False,835.0,700.0,135.0,COMPLETED,GROUND,runs/experiment3_cross_site/site_c_edmonton/E3XC_L3_COMP_F5/seed20240602/B1
3,C,E3XC_L3_COMP_F5,20240602,B2,L3,162,False,False,False,835.0,700.0,135.0,COMPLETED,GROUND,runs/experiment3_cross_site/site_c_edmonton/E3XC_L3_COMP_F5/seed20240602/B2
3,C,E3XC_L3_COMP_F5,20240602,B4b,L3,162,False,False,False,835.0,700.0,135.0,COMPLETED,GROUND,runs/experiment3_cross_site/site_c_edmonton/E3XC_L3_COMP_F5/seed20240602/B4b
3,C,E3XC_L3_COMP_F5,20240603,B0,L3,310,True,False,False,1075.0,700.0,375.0,COMPLETED,GROUND,runs/experiment3_cross_site/site_c_edmonton/E3XC_L3_COMP_F5/seed20240603/B0
3,C,E3XC_L3_COMP_F5,20240603,B1,L3,162,False,False,False,835.0,700.0,135.0,COMPLETED,GROUND,runs/experiment3_cross_site/site_c_edmonton/E3XC_L3_COMP_F5/seed20240603/B1
3,C,E3XC_L3_COMP_F5,20240603,B2,L3,162,False,False,False,835.0,700.0,135.0,COMPLETED,GROUND,runs/experiment3_cross_site/site_c_edmonton/E3XC_L3_COMP_F5/seed20240603/B2
3,C,E3XC_L3_COMP_F5,20240603,B4b,L3,162,False,False,False,835.0,700.0,135.0,COMPLETED,GROUND,runs/experiment3_cross_site/site_c_edmonton/E3XC_L3_COMP_F5/seed20240603/B4b
3,C,E3XC_L3_COMP_F5,20240604,B0,L3,310,True,False,False,1075.0,700.0,375.0,COMPLETED,GROUND,runs/experiment3_cross_site/site_c_edmonton/E3XC_L3_COMP_F5/seed20240604/B0
3,C,E3XC_L3_COMP_F5,20240604,B1,L3,162,False,False,False,835.0,700.0,135.0,COMPLETED,GROUND,runs/experiment3_cross_site/site_c_edmonton/E3XC_L3_COMP_F5/seed20240604/B1
3,C,E3XC_L3_COMP_F5,20240604,B2,L3,162,False,False,False,835.0,700.0,135.0,COMPLETED,GROUND,runs/experiment3_cross_site/site_c_edmonton/E3XC_L3_COMP_F5/seed20240604/B2
3,C,E3XC_L3_COMP_F5,20240604,B4b,L3,162,False,False,False,835.0,700.0,135.0,COMPLETED,GROUND,runs/experiment3_cross_site/site_c_edmonton/E3XC_L3_COMP_F5/seed20240604/B4b
3,C,E3XC_L3_COMP_F5,20240605,B0,L3,310,True,False,False,1075.0,700.0,375.0,COMPLETED,GROUND,runs/experiment3_cross_site/site_c_edmonton/E3XC_L3_COMP_F5/seed20240605/B0
3,C,E3XC_L3_COMP_F5,20240605,B1,L3,162,False,False,False,835.0,700.0,135.0,COMPLETED,GROUND,runs/experiment3_cross_site/site_c_edmonton/E3XC_L3_COMP_F5/seed20240605/B1
3,C,E3XC_L3_COMP_F5,20240605,B2,L3,162,False,False,False,835.0,700.0,135.0,COMPLETED,GROUND,runs/experiment3_cross_site/site_c_edmonton/E3XC_L3_COMP_F5/seed20240605/B2
3,C,E3XC_L3_COMP_F5,20240605,B4b,L3,162,False,False,False,835.0,700.0,135.0,COMPLETED,GROUND,runs/experiment3_cross_site/site_c_edmonton/E3XC_L3_COMP_F5/seed20240605/B4b
3,C,E3XC_L3_COMP_F5,20240606,B0,L3,310,True,False,False,1075.0,700.0,375.0,COMPLETED,GROUND,runs/experiment3_cross_site/site_c_edmonton/E3XC_L3_COMP_F5/seed20240606/B0
3,C,E3XC_L3_COMP_F5,20240606,B1,L3,162,False,False,False,835.0,700.0,135.0,COMPLETED,GROUND,runs/experiment3_cross_site/site_c_edmonton/E3XC_L3_COMP_F5/seed20240606/B1
3,C,E3XC_L3_COMP_F5,20240606,B2,L3,162,False,False,False,835.0,700.0,135.0,COMPLETED,GROUND,runs/experiment3_cross_site/site_c_edmonton/E3XC_L3_COMP_F5/seed20240606/B2
3,C,E3XC_L3_COMP_F5,20240606,B4b,L3,162,False,False,False,835.0,700.0,135.0,COMPLETED,GROUND,runs/experiment3_cross_site/site_c_edmonton/E3XC_L3_COMP_F5/seed20240606/B4b
3,C,E3XC_L3_COMP_F5,20240607,B0,L3,310,True,False,False,1075.0,700.0,375.0,COMPLETED,GROUND,runs/experiment3_cross_site/site_c_edmonton/E3XC_L3_COMP_F5/seed20240607/B0
3,C,E3XC_L3_COMP_F5,20240607,B1,L3,162,False,False,False,835.0,700.0,135.0,COMPLETED,GROUND,runs/experiment3_cross_site/site_c_edmonton/E3XC_L3_COMP_F5/seed20240607/B1
3,C,E3XC_L3_COMP_F5,20240607,B2,L3,162,False,False,False,835.0,700.0,135.0,COMPLETED,GROUND,runs/experiment3_cross_site/site_c_edmonton/E3XC_L3_COMP_F5/seed20240607/B2
3,C,E3XC_L3_COMP_F5,20240607,B4b,L3,162,False,False,False,835.0,700.0,135.0,COMPLETED,GROUND,runs/experiment3_cross_site/site_c_edmonton/E3XC_L3_COMP_F5/seed20240607/B4b
3,C,E3XC_L3_COMP_F5,20240608,B0,L3,310,True,False,False,1075.0,700.0,375.0,COMPLETED,GROUND,runs/experiment3_cross_site/site_c_edmonton/E3XC_L3_COMP_F5/seed20240608/B0
3,C,E3XC_L3_COMP_F5,20240608,B1,L3,162,False,False,False,835.0,700.0,135.0,COMPLETED,GROUND,runs/experiment3_cross_site/site_c_edmonton/E3XC_L3_COMP_F5/seed20240608/B1
3,C,E3XC_L3_COMP_F5,20240608,B2,L3,162,False,False,False,835.0,700.0,135.0,COMPLETED,GROUND,runs/experiment3_cross_site/site_c_edmonton/E3XC_L3_COMP_F5/seed20240608/B2
3,C,E3XC_L3_COMP_F5,20240608,B4b,L3,162,False,False,False,835.0,700.0,135.0,COMPLETED,GROUND,runs/experiment3_cross_site/site_c_edmonton/E3XC_L3_COMP_F5/seed20240608/B4b
3,C,E3XC_L3_COMP_F5,20240609,B0,L3,310,True,False,False,1075.0,700.0,375.0,COMPLETED,GROUND,runs/experiment3_cross_site/site_c_edmonton/E3XC_L3_COMP_F5/seed20240609/B0
3,C,E3XC_L3_COMP_F5,20240609,B1,L3,162,False,False,False,835.0,700.0,135.0,COMPLETED,GROUND,runs/experiment3_cross_site/site_c_edmonton/E3XC_L3_COMP_F5/seed20240609/B1
3,C,E3XC_L3_COMP_F5,20240609,B2,L3,162,False,False,False,835.0,700.0,135.0,COMPLETED,GROUND,runs/experiment3_cross_site/site_c_edmonton/E3XC_L3_COMP_F5/seed20240609/B2
3,C,E3XC_L3_COMP_F5,20240609,B4b,L3,162,False,False,False,835.0,700.0,135.0,COMPLETED,GROUND,runs/experiment3_cross_site/site_c_edmonton/E3XC_L3_COMP_F5/seed20240609/B4b
3,C,E3XC_L3_COMP_F5,20240610,B0,L3,310,True,False,False,1075.0,700.0,375.0,COMPLETED,GROUND,runs/experiment3_cross_site/site_c_edmonton/E3XC_L3_COMP_F5/seed20240610/B0
3,C,E3XC_L3_COMP_F5,20240610,B1,L3,162,False,False,False,835.0,700.0,135.0,COMPLETED,GROUND,runs/experiment3_cross_site/site_c_edmonton/E3XC_L3_COMP_F5/seed20240610/B1
3,C,E3XC_L3_COMP_F5,20240610,B2,L3,162,False,False,False,835.0,700.0,135.0,COMPLETED,GROUND,runs/experiment3_cross_site/site_c_edmonton/E3XC_L3_COMP_F5/seed20240610/B2
3,C,E3XC_L3_COMP_F5,20240610,B4b,L3,162,False,False,False,835.0,700.0,135.0,COMPLETED,GROUND,runs/experiment3_cross_site/site_c_edmonton/E3XC_L3_COMP_F5/seed20240610/B4b
3,C,E3XC_L3_COMP_F5,20240611,B0,L3,310,True,False,False,1075.0,700.0,375.0,COMPLETED,GROUND,runs/experiment3_cross_site/site_c_edmonton/E3XC_L3_COMP_F5/seed20240611/B0
3,C,E3XC_L3_COMP_F5,20240611,B1,L3,162,False,False,False,835.0,700.0,135.0,COMPLETED,GROUND,runs/experiment3_cross_site/site_c_edmonton/E3XC_L3_COMP_F5/seed20240611/B1
3,C,E3XC_L3_COMP_F5,20240611,B2,L3,162,False,False,False,835.0,700.0,135.0,COMPLETED,GROUND,runs/experiment3_cross_site/site_c_edmonton/E3XC_L3_COMP_F5/seed20240611/B2
3,C,E3XC_L3_COMP_F5,20240611,B4b,L3,162,False,False,False,835.0,700.0,135.0,COMPLETED,GROUND,runs/experiment3_cross_site/site_c_edmonton/E3XC_L3_COMP_F5/seed20240611/B4b
3,C,E3XC_L3_COMP_F5,20240612,B0,L3,310,True,False,False,1075.0,700.0,375.0,COMPLETED,GROUND,runs/experiment3_cross_site/site_c_edmonton/E3XC_L3_COMP_F5/seed20240612/B0
3,C,E3XC_L3_COMP_F5,20240612,B1,L3,162,False,False,False,835.0,700.0,135.0,COMPLETED,GROUND,runs/experiment3_cross_site/site_c_edmonton/E3XC_L3_COMP_F5/seed20240612/B1
3,C,E3XC_L3_COMP_F5,20240612,B2,L3,162,False,False,False,835.0,700.0,135.0,COMPLETED,GROUND,runs/experiment3_cross_site/site_c_edmonton/E3XC_L3_COMP_F5/seed20240612/B2
3,C,E3XC_L3_COMP_F5,20240612,B4b,L3,162,False,False,False,835.0,700.0,135.0,COMPLETED,GROUND,runs/experiment3_cross_site/site_c_edmonton/E3XC_L3_COMP_F5/seed20240612/B4b
3,C,E3XC_L3_COMP_F5,20240613,B0,L3,310,True,False,False,1075.0,700.0,375.0,COMPLETED,GROUND,runs/experiment3_cross_site/site_c_edmonton/E3XC_L3_COMP_F5/seed20240613/B0
3,C,E3XC_L3_COMP_F5,20240613,B1,L3,162,False,False,False,835.0,700.0,135.0,COMPLETED,GROUND,runs/experiment3_cross_site/site_c_edmonton/E3XC_L3_COMP_F5/seed20240613/B1
3,C,E3XC_L3_COMP_F5,20240613,B2,L3,162,False,False,False,835.0,700.0,135.0,COMPLETED,GROUND,runs/experiment3_cross_site/site_c_edmonton/E3XC_L3_COMP_F5/seed20240613/B2
3,C,E3XC_L3_COMP_F5,20240613,B4b,L3,162,False,False,False,835.0,700.0,135.0,COMPLETED,GROUND,runs/experiment3_cross_site/site_c_edmonton/E3XC_L3_COMP_F5/seed20240613/B4b
3,C,E3XC_L3_COMP_F5,20240614,B0,L3,310,True,False,False,1075.0,700.0,375.0,COMPLETED,GROUND,runs/experiment3_cross_site/site_c_edmonton/E3XC_L3_COMP_F5/seed20240614/B0
3,C,E3XC_L3_COMP_F5,20240614,B1,L3,162,False,False,False,835.0,700.0,135.0,COMPLETED,GROUND,runs/experiment3_cross_site/site_c_edmonton/E3XC_L3_COMP_F5/seed20240614/B1
3,C,E3XC_L3_COMP_F5,20240614,B2,L3,162,False,False,False,835.0,700.0,135.0,COMPLETED,GROUND,runs/experiment3_cross_site/site_c_edmonton/E3XC_L3_COMP_F5/seed20240614/B2
3,C,E3XC_L3_COMP_F5,20240614,B4b,L3,162,False,False,False,835.0,700.0,135.0,COMPLETED,GROUND,runs/experiment3_cross_site/site_c_edmonton/E3XC_L3_COMP_F5/seed20240614/B4b
3,C,E3XC_L3_COMP_F5,20240615,B0,L3,310,True,False,False,1075.0,700.0,375.0,COMPLETED,GROUND,runs/experiment3_cross_site/site_c_edmonton/E3XC_L3_COMP_F5/seed20240615/B0
3,C,E3XC_L3_COMP_F5,20240615,B1,L3,162,False,False,False,835.0,700.0,135.0,COMPLETED,GROUND,runs/experiment3_cross_site/site_c_edmonton/E3XC_L3_COMP_F5/seed20240615/B1
3,C,E3XC_L3_COMP_F5,20240615,B2,L3,162,False,False,False,835.0,700.0,135.0,COMPLETED,GROUND,runs/experiment3_cross_site/site_c_edmonton/E3XC_L3_COMP_F5/seed20240615/B2
3,C,E3XC_L3_COMP_F5,20240615,B4b,L3,162,False,False,False,835.0,700.0,135.0,COMPLETED,GROUND,runs/experiment3_cross_site/site_c_edmonton/E3XC_L3_COMP_F5/seed20240615/B4b
3,C,E3XC_L3_COMP_F5,20240616,B0,L3,310,True,False,False,1075.0,700.0,375.0,COMPLETED,GROUND,runs/experiment3_cross_site/site_c_edmonton/E3XC_L3_COMP_F5/seed20240616/B0
3,C,E3XC_L3_COMP_F5,20240616,B1,L3,162,False,False,False,835.0,700.0,135.0,COMPLETED,GROUND,runs/experiment3_cross_site/site_c_edmonton/E3XC_L3_COMP_F5/seed20240616/B1
3,C,E3XC_L3_COMP_F5,20240616,B2,L3,162,False,False,False,835.0,700.0,135.0,COMPLETED,GROUND,runs/experiment3_cross_site/site_c_edmonton/E3XC_L3_COMP_F5/seed20240616/B2
3,C,E3XC_L3_COMP_F5,20240616,B4b,L3,162,False,False,False,835.0,700.0,135.0,COMPLETED,GROUND,runs/experiment3_cross_site/site_c_edmonton/E3XC_L3_COMP_F5/seed20240616/B4b
3,C,E3XC_L3_COMP_F5,20240617,B0,L3,310,True,False,False,1075.0,700.0,375.0,COMPLETED,GROUND,runs/experiment3_cross_site/site_c_edmonton/E3XC_L3_COMP_F5/seed20240617/B0
3,C,E3XC_L3_COMP_F5,20240617,B1,L3,162,False,False,False,835.0,700.0,135.0,COMPLETED,GROUND,runs/experiment3_cross_site/site_c_edmonton/E3XC_L3_COMP_F5/seed20240617/B1
3,C,E3XC_L3_COMP_F5,20240617,B2,L3,162,False,False,False,835.0,700.0,135.0,COMPLETED,GROUND,runs/experiment3_cross_site/site_c_edmonton/E3XC_L3_COMP_F5/seed20240617/B2
3,C,E3XC_L3_COMP_F5,20240617,B4b,L3,162,False,False,False,835.0,700.0,135.0,COMPLETED,GROUND,runs/experiment3_cross_site/site_c_edmonton/E3XC_L3_COMP_F5/seed20240617/B4b
3,C,E3XC_L3_COMP_F5,20240618,B0,L3,310,True,False,False,1075.0,700.0,375.0,COMPLETED,GROUND,runs/experiment3_cross_site/site_c_edmonton/E3XC_L3_COMP_F5/seed20240618/B0
3,C,E3XC_L3_COMP_F5,20240618,B1,L3,162,False,False,False,835.0,700.0,135.0,COMPLETED,GROUND,runs/experiment3_cross_site/site_c_edmonton/E3XC_L3_COMP_F5/seed20240618/B1
3,C,E3XC_L3_COMP_F5,20240618,B2,L3,162,False,False,False,835.0,700.0,135.0,COMPLETED,GROUND,runs/experiment3_cross_site/site_c_edmonton/E3XC_L3_COMP_F5/seed20240618/B2
3,C,E3XC_L3_COMP_F5,20240618,B4b,L3,162,False,False,False,835.0,700.0,135.0,COMPLETED,GROUND,runs/experiment3_cross_site/site_c_edmonton/E3XC_L3_COMP_F5/seed20240618/B4b
3,C,E3XC_L3_COMP_F5,20240619,B0,L3,310,True,False,False,1075.0,700.0,375.0,COMPLETED,GROUND,runs/experiment3_cross_site/site_c_edmonton/E3XC_L3_COMP_F5/seed20240619/B0
3,C,E3XC_L3_COMP_F5,20240619,B1,L3,162,False,False,False,835.0,700.0,135.0,COMPLETED,GROUND,runs/experiment3_cross_site/site_c_edmonton/E3XC_L3_COMP_F5/seed20240619/B1
3,C,E3XC_L3_COMP_F5,20240619,B2,L3,162,False,False,False,835.0,700.0,135.0,COMPLETED,GROUND,runs/experiment3_cross_site/site_c_edmonton/E3XC_L3_COMP_F5/seed20240619/B2
3,C,E3XC_L3_COMP_F5,20240619,B4b,L3,162,False,False,False,835.0,700.0,135.0,COMPLETED,GROUND,runs/experiment3_cross_site/site_c_edmonton/E3XC_L3_COMP_F5/seed20240619/B4b
3,C,E3XC_L3_COMP_F5,20240620,B0,L3,310,True,False,False,1075.0,700.0,375.0,COMPLETED,GROUND,runs/experiment3_cross_site/site_c_edmonton/E3XC_L3_COMP_F5/seed20240620/B0
3,C,E3XC_L3_COMP_F5,20240620,B1,L3,162,False,False,False,835.0,700.0,135.0,COMPLETED,GROUND,runs/experiment3_cross_site/site_c_edmonton/E3XC_L3_COMP_F5/seed20240620/B1
3,C,E3XC_L3_COMP_F5,20240620,B2,L3,162,False,False,False,835.0,700.0,135.0,COMPLETED,GROUND,runs/experiment3_cross_site/site_c_edmonton/E3XC_L3_COMP_F5/seed20240620/B2
3,C,E3XC_L3_COMP_F5,20240620,B4b,L3,162,False,False,False,835.0,700.0,135.0,COMPLETED,GROUND,runs/experiment3_cross_site/site_c_edmonton/E3XC_L3_COMP_F5/seed20240620/B4b
3,C,E3XC_L4_A,20240601,B0,L4,310,True,False,False,675.0,300.0,375.0,COMPLETED,GROUND,runs/experiment3_cross_site/site_c_edmonton/E3XC_L4_A/seed20240601/B0
3,C,E3XC_L4_A,20240601,B1,L4,453,True,False,False,875.0,300.0,575.0,COMPLETED,GROUND,runs/experiment3_cross_site/site_c_edmonton/E3XC_L4_A/seed20240601/B1
3,C,E3XC_L4_A,20240601,B2,L4,453,True,False,False,875.0,300.0,575.0,COMPLETED,GROUND,runs/experiment3_cross_site/site_c_edmonton/E3XC_L4_A/seed20240601/B2
3,C,E3XC_L4_A,20240601,B4b,L4,453,True,False,False,875.0,300.0,575.0,COMPLETED,GROUND,runs/experiment3_cross_site/site_c_edmonton/E3XC_L4_A/seed20240601/B4b
3,C,E3XC_L4_A,20240602,B0,L4,310,True,False,False,675.0,300.0,375.0,COMPLETED,GROUND,runs/experiment3_cross_site/site_c_edmonton/E3XC_L4_A/seed20240602/B0
3,C,E3XC_L4_A,20240602,B1,L4,453,True,False,False,875.0,300.0,575.0,COMPLETED,GROUND,runs/experiment3_cross_site/site_c_edmonton/E3XC_L4_A/seed20240602/B1
3,C,E3XC_L4_A,20240602,B2,L4,453,True,False,False,875.0,300.0,575.0,COMPLETED,GROUND,runs/experiment3_cross_site/site_c_edmonton/E3XC_L4_A/seed20240602/B2
3,C,E3XC_L4_A,20240602,B4b,L4,453,True,False,False,875.0,300.0,575.0,COMPLETED,GROUND,runs/experiment3_cross_site/site_c_edmonton/E3XC_L4_A/seed20240602/B4b
3,C,E3XC_L4_A,20240603,B0,L4,310,True,False,False,675.0,300.0,375.0,COMPLETED,GROUND,runs/experiment3_cross_site/site_c_edmonton/E3XC_L4_A/seed20240603/B0
3,C,E3XC_L4_A,20240603,B1,L4,453,True,False,False,875.0,300.0,575.0,COMPLETED,GROUND,runs/experiment3_cross_site/site_c_edmonton/E3XC_L4_A/seed20240603/B1
3,C,E3XC_L4_A,20240603,B2,L4,453,True,False,False,875.0,300.0,575.0,COMPLETED,GROUND,runs/experiment3_cross_site/site_c_edmonton/E3XC_L4_A/seed20240603/B2
3,C,E3XC_L4_A,20240603,B4b,L4,453,True,False,False,875.0,300.0,575.0,COMPLETED,GROUND,runs/experiment3_cross_site/site_c_edmonton/E3XC_L4_A/seed20240603/B4b
3,C,E3XC_L4_A,20240604,B0,L4,310,True,False,False,675.0,300.0,375.0,COMPLETED,GROUND,runs/experiment3_cross_site/site_c_edmonton/E3XC_L4_A/seed20240604/B0
3,C,E3XC_L4_A,20240604,B1,L4,453,True,False,False,875.0,300.0,575.0,COMPLETED,GROUND,runs/experiment3_cross_site/site_c_edmonton/E3XC_L4_A/seed20240604/B1
3,C,E3XC_L4_A,20240604,B2,L4,453,True,False,False,875.0,300.0,575.0,COMPLETED,GROUND,runs/experiment3_cross_site/site_c_edmonton/E3XC_L4_A/seed20240604/B2
3,C,E3XC_L4_A,20240604,B4b,L4,453,True,False,False,875.0,300.0,575.0,COMPLETED,GROUND,runs/experiment3_cross_site/site_c_edmonton/E3XC_L4_A/seed20240604/B4b
3,C,E3XC_L4_A,20240605,B0,L4,310,True,False,False,675.0,300.0,375.0,COMPLETED,GROUND,runs/experiment3_cross_site/site_c_edmonton/E3XC_L4_A/seed20240605/B0
3,C,E3XC_L4_A,20240605,B1,L4,453,True,False,False,875.0,300.0,575.0,COMPLETED,GROUND,runs/experiment3_cross_site/site_c_edmonton/E3XC_L4_A/seed20240605/B1
3,C,E3XC_L4_A,20240605,B2,L4,453,True,False,False,875.0,300.0,575.0,COMPLETED,GROUND,runs/experiment3_cross_site/site_c_edmonton/E3XC_L4_A/seed20240605/B2
3,C,E3XC_L4_A,20240605,B4b,L4,453,True,False,False,875.0,300.0,575.0,COMPLETED,GROUND,runs/experiment3_cross_site/site_c_edmonton/E3XC_L4_A/seed20240605/B4b
3,C,E3XC_L4_A,20240606,B0,L4,310,True,False,False,675.0,300.0,375.0,COMPLETED,GROUND,runs/experiment3_cross_site/site_c_edmonton/E3XC_L4_A/seed20240606/B0
3,C,E3XC_L4_A,20240606,B1,L4,453,True,False,False,875.0,300.0,575.0,COMPLETED,GROUND,runs/experiment3_cross_site/site_c_edmonton/E3XC_L4_A/seed20240606/B1
3,C,E3XC_L4_A,20240606,B2,L4,453,True,False,False,875.0,300.0,575.0,COMPLETED,GROUND,runs/experiment3_cross_site/site_c_edmonton/E3XC_L4_A/seed20240606/B2
3,C,E3XC_L4_A,20240606,B4b,L4,453,True,False,False,875.0,300.0,575.0,COMPLETED,GROUND,runs/experiment3_cross_site/site_c_edmonton/E3XC_L4_A/seed20240606/B4b
3,C,E3XC_L4_A,20240607,B0,L4,310,True,False,False,675.0,300.0,375.0,COMPLETED,GROUND,runs/experiment3_cross_site/site_c_edmonton/E3XC_L4_A/seed20240607/B0
3,C,E3XC_L4_A,20240607,B1,L4,453,True,False,False,875.0,300.0,575.0,COMPLETED,GROUND,runs/experiment3_cross_site/site_c_edmonton/E3XC_L4_A/seed20240607/B1
3,C,E3XC_L4_A,20240607,B2,L4,453,True,False,False,875.0,300.0,575.0,COMPLETED,GROUND,runs/experiment3_cross_site/site_c_edmonton/E3XC_L4_A/seed20240607/B2
3,C,E3XC_L4_A,20240607,B4b,L4,453,True,False,False,875.0,300.0,575.0,COMPLETED,GROUND,runs/experiment3_cross_site/site_c_edmonton/E3XC_L4_A/seed20240607/B4b
3,C,E3XC_L4_A,20240608,B0,L4,310,True,False,False,675.0,300.0,375.0,COMPLETED,GROUND,runs/experiment3_cross_site/site_c_edmonton/E3XC_L4_A/seed20240608/B0
3,C,E3XC_L4_A,20240608,B1,L4,453,True,False,False,875.0,300.0,575.0,COMPLETED,GROUND,runs/experiment3_cross_site/site_c_edmonton/E3XC_L4_A/seed20240608/B1
3,C,E3XC_L4_A,20240608,B2,L4,453,True,False,False,875.0,300.0,575.0,COMPLETED,GROUND,runs/experiment3_cross_site/site_c_edmonton/E3XC_L4_A/seed20240608/B2
3,C,E3XC_L4_A,20240608,B4b,L4,460,True,False,False,875.0,300.0,575.0,COMPLETED,GROUND,runs/experiment3_cross_site/site_c_edmonton/E3XC_L4_A/seed20240608/B4b
3,C,E3XC_L4_A,20240609,B0,L4,310,True,False,False,675.0,300.0,375.0,COMPLETED,GROUND,runs/experiment3_cross_site/site_c_edmonton/E3XC_L4_A/seed20240609/B0
3,C,E3XC_L4_A,20240609,B1,L4,453,True,False,False,875.0,300.0,575.0,COMPLETED,GROUND,runs/experiment3_cross_site/site_c_edmonton/E3XC_L4_A/seed20240609/B1
3,C,E3XC_L4_A,20240609,B2,L4,453,True,False,False,875.0,300.0,575.0,COMPLETED,GROUND,runs/experiment3_cross_site/site_c_edmonton/E3XC_L4_A/seed20240609/B2
3,C,E3XC_L4_A,20240609,B4b,L4,460,True,False,False,875.0,300.0,575.0,COMPLETED,GROUND,runs/experiment3_cross_site/site_c_edmonton/E3XC_L4_A/seed20240609/B4b
3,C,E3XC_L4_A,20240610,B0,L4,310,True,False,False,675.0,300.0,375.0,COMPLETED,GROUND,runs/experiment3_cross_site/site_c_edmonton/E3XC_L4_A/seed20240610/B0
3,C,E3XC_L4_A,20240610,B1,L4,453,True,False,False,875.0,300.0,575.0,COMPLETED,GROUND,runs/experiment3_cross_site/site_c_edmonton/E3XC_L4_A/seed20240610/B1
3,C,E3XC_L4_A,20240610,B2,L4,453,True,False,False,875.0,300.0,575.0,COMPLETED,GROUND,runs/experiment3_cross_site/site_c_edmonton/E3XC_L4_A/seed20240610/B2
3,C,E3XC_L4_A,20240610,B4b,L4,453,True,False,False,875.0,300.0,575.0,COMPLETED,GROUND,runs/experiment3_cross_site/site_c_edmonton/E3XC_L4_A/seed20240610/B4b
3,C,E3XC_L4_A,20240611,B0,L4,310,True,False,False,675.0,300.0,375.0,COMPLETED,GROUND,runs/experiment3_cross_site/site_c_edmonton/E3XC_L4_A/seed20240611/B0
3,C,E3XC_L4_A,20240611,B1,L4,453,True,False,False,875.0,300.0,575.0,COMPLETED,GROUND,runs/experiment3_cross_site/site_c_edmonton/E3XC_L4_A/seed20240611/B1
3,C,E3XC_L4_A,20240611,B2,L4,453,True,False,False,875.0,300.0,575.0,COMPLETED,GROUND,runs/experiment3_cross_site/site_c_edmonton/E3XC_L4_A/seed20240611/B2
3,C,E3XC_L4_A,20240611,B4b,L4,453,True,False,False,875.0,300.0,575.0,COMPLETED,GROUND,runs/experiment3_cross_site/site_c_edmonton/E3XC_L4_A/seed20240611/B4b
3,C,E3XC_L4_A,20240612,B0,L4,310,True,False,False,675.0,300.0,375.0,COMPLETED,GROUND,runs/experiment3_cross_site/site_c_edmonton/E3XC_L4_A/seed20240612/B0
3,C,E3XC_L4_A,20240612,B1,L4,453,True,False,False,875.0,300.0,575.0,COMPLETED,GROUND,runs/experiment3_cross_site/site_c_edmonton/E3XC_L4_A/seed20240612/B1
3,C,E3XC_L4_A,20240612,B2,L4,453,True,False,False,875.0,300.0,575.0,COMPLETED,GROUND,runs/experiment3_cross_site/site_c_edmonton/E3XC_L4_A/seed20240612/B2
3,C,E3XC_L4_A,20240612,B4b,L4,453,True,False,False,875.0,300.0,575.0,COMPLETED,GROUND,runs/experiment3_cross_site/site_c_edmonton/E3XC_L4_A/seed20240612/B4b
3,C,E3XC_L4_A,20240613,B0,L4,310,True,False,False,675.0,300.0,375.0,COMPLETED,GROUND,runs/experiment3_cross_site/site_c_edmonton/E3XC_L4_A/seed20240613/B0
3,C,E3XC_L4_A,20240613,B1,L4,453,True,False,False,875.0,300.0,575.0,COMPLETED,GROUND,runs/experiment3_cross_site/site_c_edmonton/E3XC_L4_A/seed20240613/B1
3,C,E3XC_L4_A,20240613,B2,L4,453,True,False,False,875.0,300.0,575.0,COMPLETED,GROUND,runs/experiment3_cross_site/site_c_edmonton/E3XC_L4_A/seed20240613/B2
3,C,E3XC_L4_A,20240613,B4b,L4,453,True,False,False,875.0,300.0,575.0,COMPLETED,GROUND,runs/experiment3_cross_site/site_c_edmonton/E3XC_L4_A/seed20240613/B4b
3,C,E3XC_L4_A,20240614,B0,L4,310,True,False,False,675.0,300.0,375.0,COMPLETED,GROUND,runs/experiment3_cross_site/site_c_edmonton/E3XC_L4_A/seed20240614/B0
3,C,E3XC_L4_A,20240614,B1,L4,453,True,False,False,875.0,300.0,575.0,COMPLETED,GROUND,runs/experiment3_cross_site/site_c_edmonton/E3XC_L4_A/seed20240614/B1
3,C,E3XC_L4_A,20240614,B2,L4,453,True,False,False,875.0,300.0,575.0,COMPLETED,GROUND,runs/experiment3_cross_site/site_c_edmonton/E3XC_L4_A/seed20240614/B2
3,C,E3XC_L4_A,20240614,B4b,L4,453,True,False,False,875.0,300.0,575.0,COMPLETED,GROUND,runs/experiment3_cross_site/site_c_edmonton/E3XC_L4_A/seed20240614/B4b
3,C,E3XC_L4_A,20240615,B0,L4,310,True,False,False,675.0,300.0,375.0,COMPLETED,GROUND,runs/experiment3_cross_site/site_c_edmonton/E3XC_L4_A/seed20240615/B0
3,C,E3XC_L4_A,20240615,B1,L4,453,True,False,False,875.0,300.0,575.0,COMPLETED,GROUND,runs/experiment3_cross_site/site_c_edmonton/E3XC_L4_A/seed20240615/B1
3,C,E3XC_L4_A,20240615,B2,L4,453,True,False,False,875.0,300.0,575.0,COMPLETED,GROUND,runs/experiment3_cross_site/site_c_edmonton/E3XC_L4_A/seed20240615/B2
3,C,E3XC_L4_A,20240615,B4b,L4,453,True,False,False,875.0,300.0,575.0,COMPLETED,GROUND,runs/experiment3_cross_site/site_c_edmonton/E3XC_L4_A/seed20240615/B4b
3,C,E3XC_L4_A,20240616,B0,L4,310,True,False,False,675.0,300.0,375.0,COMPLETED,GROUND,runs/experiment3_cross_site/site_c_edmonton/E3XC_L4_A/seed20240616/B0
3,C,E3XC_L4_A,20240616,B1,L4,453,True,False,False,875.0,300.0,575.0,COMPLETED,GROUND,runs/experiment3_cross_site/site_c_edmonton/E3XC_L4_A/seed20240616/B1
3,C,E3XC_L4_A,20240616,B2,L4,453,True,False,False,875.0,300.0,575.0,COMPLETED,GROUND,runs/experiment3_cross_site/site_c_edmonton/E3XC_L4_A/seed20240616/B2
3,C,E3XC_L4_A,20240616,B4b,L4,453,True,False,False,875.0,300.0,575.0,COMPLETED,GROUND,runs/experiment3_cross_site/site_c_edmonton/E3XC_L4_A/seed20240616/B4b
3,C,E3XC_L4_A,20240617,B0,L4,310,True,False,False,675.0,300.0,375.0,COMPLETED,GROUND,runs/experiment3_cross_site/site_c_edmonton/E3XC_L4_A/seed20240617/B0
3,C,E3XC_L4_A,20240617,B1,L4,453,True,False,False,875.0,300.0,575.0,COMPLETED,GROUND,runs/experiment3_cross_site/site_c_edmonton/E3XC_L4_A/seed20240617/B1
3,C,E3XC_L4_A,20240617,B2,L4,453,True,False,False,875.0,300.0,575.0,COMPLETED,GROUND,runs/experiment3_cross_site/site_c_edmonton/E3XC_L4_A/seed20240617/B2
3,C,E3XC_L4_A,20240617,B4b,L4,453,True,False,False,875.0,300.0,575.0,COMPLETED,GROUND,runs/experiment3_cross_site/site_c_edmonton/E3XC_L4_A/seed20240617/B4b
3,C,E3XC_L4_A,20240618,B0,L4,310,True,False,False,675.0,300.0,375.0,COMPLETED,GROUND,runs/experiment3_cross_site/site_c_edmonton/E3XC_L4_A/seed20240618/B0
3,C,E3XC_L4_A,20240618,B1,L4,453,True,False,False,875.0,300.0,575.0,COMPLETED,GROUND,runs/experiment3_cross_site/site_c_edmonton/E3XC_L4_A/seed20240618/B1
3,C,E3XC_L4_A,20240618,B2,L4,453,True,False,False,875.0,300.0,575.0,COMPLETED,GROUND,runs/experiment3_cross_site/site_c_edmonton/E3XC_L4_A/seed20240618/B2
3,C,E3XC_L4_A,20240618,B4b,L4,453,True,False,False,875.0,300.0,575.0,COMPLETED,GROUND,runs/experiment3_cross_site/site_c_edmonton/E3XC_L4_A/seed20240618/B4b
3,C,E3XC_L4_A,20240619,B0,L4,310,True,False,False,675.0,300.0,375.0,COMPLETED,GROUND,runs/experiment3_cross_site/site_c_edmonton/E3XC_L4_A/seed20240619/B0
3,C,E3XC_L4_A,20240619,B1,L4,453,True,False,False,875.0,300.0,575.0,COMPLETED,GROUND,runs/experiment3_cross_site/site_c_edmonton/E3XC_L4_A/seed20240619/B1
3,C,E3XC_L4_A,20240619,B2,L4,453,True,False,False,875.0,300.0,575.0,COMPLETED,GROUND,runs/experiment3_cross_site/site_c_edmonton/E3XC_L4_A/seed20240619/B2
3,C,E3XC_L4_A,20240619,B4b,L4,453,True,False,False,875.0,300.0,575.0,COMPLETED,GROUND,runs/experiment3_cross_site/site_c_edmonton/E3XC_L4_A/seed20240619/B4b
3,C,E3XC_L4_A,20240620,B0,L4,310,True,False,False,675.0,300.0,375.0,COMPLETED,GROUND,runs/experiment3_cross_site/site_c_edmonton/E3XC_L4_A/seed20240620/B0
3,C,E3XC_L4_A,20240620,B1,L4,453,True,False,False,875.0,300.0,575.0,COMPLETED,GROUND,runs/experiment3_cross_site/site_c_edmonton/E3XC_L4_A/seed20240620/B1
3,C,E3XC_L4_A,20240620,B2,L4,453,True,False,False,875.0,300.0,575.0,COMPLETED,GROUND,runs/experiment3_cross_site/site_c_edmonton/E3XC_L4_A/seed20240620/B2
3,C,E3XC_L4_A,20240620,B4b,L4,453,True,False,False,875.0,300.0,575.0,COMPLETED,GROUND,runs/experiment3_cross_site/site_c_edmonton/E3XC_L4_A/seed20240620/B4b
3,C,E3XC_L4_B,20240601,B0,L4,310,True,False,False,575.0,200.0,375.0,COMPLETED,GROUND,runs/experiment3_cross_site/site_c_edmonton/E3XC_L4_B/seed20240601/B0
3,C,E3XC_L4_B,20240601,B1,L4,393,True,True,True,575.0,200.0,375.0,COMPLETED,GROUND,runs/experiment3_cross_site/site_c_edmonton/E3XC_L4_B/seed20240601/B1
3,C,E3XC_L4_B,20240601,B2,L4,393,True,True,True,575.0,200.0,375.0,COMPLETED,GROUND,runs/experiment3_cross_site/site_c_edmonton/E3XC_L4_B/seed20240601/B2
3,C,E3XC_L4_B,20240601,B4b,L4,393,True,True,True,575.0,200.0,375.0,COMPLETED,GROUND,runs/experiment3_cross_site/site_c_edmonton/E3XC_L4_B/seed20240601/B4b
3,C,E3XC_L4_B,20240602,B0,L4,310,True,False,False,575.0,200.0,375.0,COMPLETED,GROUND,runs/experiment3_cross_site/site_c_edmonton/E3XC_L4_B/seed20240602/B0
3,C,E3XC_L4_B,20240602,B1,L4,393,True,True,True,575.0,200.0,375.0,COMPLETED,GROUND,runs/experiment3_cross_site/site_c_edmonton/E3XC_L4_B/seed20240602/B1
3,C,E3XC_L4_B,20240602,B2,L4,393,True,True,True,575.0,200.0,375.0,COMPLETED,GROUND,runs/experiment3_cross_site/site_c_edmonton/E3XC_L4_B/seed20240602/B2
3,C,E3XC_L4_B,20240602,B4b,L4,393,True,True,True,575.0,200.0,375.0,COMPLETED,GROUND,runs/experiment3_cross_site/site_c_edmonton/E3XC_L4_B/seed20240602/B4b
3,C,E3XC_L4_B,20240603,B0,L4,310,True,False,False,575.0,200.0,375.0,COMPLETED,GROUND,runs/experiment3_cross_site/site_c_edmonton/E3XC_L4_B/seed20240603/B0
3,C,E3XC_L4_B,20240603,B1,L4,393,True,True,True,575.0,200.0,375.0,COMPLETED,GROUND,runs/experiment3_cross_site/site_c_edmonton/E3XC_L4_B/seed20240603/B1
3,C,E3XC_L4_B,20240603,B2,L4,393,True,True,True,575.0,200.0,375.0,COMPLETED,GROUND,runs/experiment3_cross_site/site_c_edmonton/E3XC_L4_B/seed20240603/B2
3,C,E3XC_L4_B,20240603,B4b,L4,393,True,True,True,575.0,200.0,375.0,COMPLETED,GROUND,runs/experiment3_cross_site/site_c_edmonton/E3XC_L4_B/seed20240603/B4b
3,C,E3XC_L4_B,20240604,B0,L4,310,True,False,False,575.0,200.0,375.0,COMPLETED,GROUND,runs/experiment3_cross_site/site_c_edmonton/E3XC_L4_B/seed20240604/B0
3,C,E3XC_L4_B,20240604,B1,L4,393,True,True,True,575.0,200.0,375.0,COMPLETED,GROUND,runs/experiment3_cross_site/site_c_edmonton/E3XC_L4_B/seed20240604/B1
3,C,E3XC_L4_B,20240604,B2,L4,393,True,True,True,575.0,200.0,375.0,COMPLETED,GROUND,runs/experiment3_cross_site/site_c_edmonton/E3XC_L4_B/seed20240604/B2
3,C,E3XC_L4_B,20240604,B4b,L4,393,True,True,True,575.0,200.0,375.0,COMPLETED,GROUND,runs/experiment3_cross_site/site_c_edmonton/E3XC_L4_B/seed20240604/B4b
3,C,E3XC_L4_B,20240605,B0,L4,310,True,False,False,575.0,200.0,375.0,COMPLETED,GROUND,runs/experiment3_cross_site/site_c_edmonton/E3XC_L4_B/seed20240605/B0
3,C,E3XC_L4_B,20240605,B1,L4,393,True,True,True,575.0,200.0,375.0,COMPLETED,GROUND,runs/experiment3_cross_site/site_c_edmonton/E3XC_L4_B/seed20240605/B1
3,C,E3XC_L4_B,20240605,B2,L4,393,True,True,True,575.0,200.0,375.0,COMPLETED,GROUND,runs/experiment3_cross_site/site_c_edmonton/E3XC_L4_B/seed20240605/B2
3,C,E3XC_L4_B,20240605,B4b,L4,393,True,True,True,575.0,200.0,375.0,COMPLETED,GROUND,runs/experiment3_cross_site/site_c_edmonton/E3XC_L4_B/seed20240605/B4b
3,C,E3XC_L4_B,20240606,B0,L4,310,True,False,False,575.0,200.0,375.0,COMPLETED,GROUND,runs/experiment3_cross_site/site_c_edmonton/E3XC_L4_B/seed20240606/B0
3,C,E3XC_L4_B,20240606,B1,L4,393,True,True,True,575.0,200.0,375.0,COMPLETED,GROUND,runs/experiment3_cross_site/site_c_edmonton/E3XC_L4_B/seed20240606/B1
3,C,E3XC_L4_B,20240606,B2,L4,393,True,True,True,575.0,200.0,375.0,COMPLETED,GROUND,runs/experiment3_cross_site/site_c_edmonton/E3XC_L4_B/seed20240606/B2
3,C,E3XC_L4_B,20240606,B4b,L4,430,True,True,True,775.0,200.0,575.0,COMPLETED,GROUND,runs/experiment3_cross_site/site_c_edmonton/E3XC_L4_B/seed20240606/B4b
3,C,E3XC_L4_B,20240607,B0,L4,310,True,False,False,575.0,200.0,375.0,COMPLETED,GROUND,runs/experiment3_cross_site/site_c_edmonton/E3XC_L4_B/seed20240607/B0
3,C,E3XC_L4_B,20240607,B1,L4,393,True,True,True,575.0,200.0,375.0,COMPLETED,GROUND,runs/experiment3_cross_site/site_c_edmonton/E3XC_L4_B/seed20240607/B1
3,C,E3XC_L4_B,20240607,B2,L4,393,True,True,True,575.0,200.0,375.0,COMPLETED,GROUND,runs/experiment3_cross_site/site_c_edmonton/E3XC_L4_B/seed20240607/B2
3,C,E3XC_L4_B,20240607,B4b,L4,393,True,True,True,575.0,200.0,375.0,COMPLETED,GROUND,runs/experiment3_cross_site/site_c_edmonton/E3XC_L4_B/seed20240607/B4b
3,C,E3XC_L4_B,20240608,B0,L4,310,True,False,False,575.0,200.0,375.0,COMPLETED,GROUND,runs/experiment3_cross_site/site_c_edmonton/E3XC_L4_B/seed20240608/B0
3,C,E3XC_L4_B,20240608,B1,L4,393,True,True,True,575.0,200.0,375.0,COMPLETED,GROUND,runs/experiment3_cross_site/site_c_edmonton/E3XC_L4_B/seed20240608/B1
3,C,E3XC_L4_B,20240608,B2,L4,393,True,True,True,575.0,200.0,375.0,COMPLETED,GROUND,runs/experiment3_cross_site/site_c_edmonton/E3XC_L4_B/seed20240608/B2
3,C,E3XC_L4_B,20240608,B4b,L4,393,True,True,True,575.0,200.0,375.0,COMPLETED,GROUND,runs/experiment3_cross_site/site_c_edmonton/E3XC_L4_B/seed20240608/B4b
3,C,E3XC_L4_B,20240609,B0,L4,310,True,False,False,575.0,200.0,375.0,COMPLETED,GROUND,runs/experiment3_cross_site/site_c_edmonton/E3XC_L4_B/seed20240609/B0
3,C,E3XC_L4_B,20240609,B1,L4,393,True,True,True,575.0,200.0,375.0,COMPLETED,GROUND,runs/experiment3_cross_site/site_c_edmonton/E3XC_L4_B/seed20240609/B1
3,C,E3XC_L4_B,20240609,B2,L4,393,True,True,True,575.0,200.0,375.0,COMPLETED,GROUND,runs/experiment3_cross_site/site_c_edmonton/E3XC_L4_B/seed20240609/B2
3,C,E3XC_L4_B,20240609,B4b,L4,393,True,True,True,575.0,200.0,375.0,COMPLETED,GROUND,runs/experiment3_cross_site/site_c_edmonton/E3XC_L4_B/seed20240609/B4b
3,C,E3XC_L4_B,20240610,B0,L4,310,True,False,False,575.0,200.0,375.0,COMPLETED,GROUND,runs/experiment3_cross_site/site_c_edmonton/E3XC_L4_B/seed20240610/B0
3,C,E3XC_L4_B,20240610,B1,L4,393,True,True,True,575.0,200.0,375.0,COMPLETED,GROUND,runs/experiment3_cross_site/site_c_edmonton/E3XC_L4_B/seed20240610/B1
3,C,E3XC_L4_B,20240610,B2,L4,393,True,True,True,575.0,200.0,375.0,COMPLETED,GROUND,runs/experiment3_cross_site/site_c_edmonton/E3XC_L4_B/seed20240610/B2
3,C,E3XC_L4_B,20240610,B4b,L4,393,True,True,True,575.0,200.0,375.0,COMPLETED,GROUND,runs/experiment3_cross_site/site_c_edmonton/E3XC_L4_B/seed20240610/B4b
3,C,E3XC_L4_B,20240611,B0,L4,310,True,False,False,575.0,200.0,375.0,COMPLETED,GROUND,runs/experiment3_cross_site/site_c_edmonton/E3XC_L4_B/seed20240611/B0
3,C,E3XC_L4_B,20240611,B1,L4,393,True,True,True,575.0,200.0,375.0,COMPLETED,GROUND,runs/experiment3_cross_site/site_c_edmonton/E3XC_L4_B/seed20240611/B1
3,C,E3XC_L4_B,20240611,B2,L4,393,True,True,True,575.0,200.0,375.0,COMPLETED,GROUND,runs/experiment3_cross_site/site_c_edmonton/E3XC_L4_B/seed20240611/B2
3,C,E3XC_L4_B,20240611,B4b,L4,393,True,True,True,575.0,200.0,375.0,COMPLETED,GROUND,runs/experiment3_cross_site/site_c_edmonton/E3XC_L4_B/seed20240611/B4b
3,C,E3XC_L4_B,20240612,B0,L4,310,True,False,False,575.0,200.0,375.0,COMPLETED,GROUND,runs/experiment3_cross_site/site_c_edmonton/E3XC_L4_B/seed20240612/B0
3,C,E3XC_L4_B,20240612,B1,L4,393,True,True,True,575.0,200.0,375.0,COMPLETED,GROUND,runs/experiment3_cross_site/site_c_edmonton/E3XC_L4_B/seed20240612/B1
3,C,E3XC_L4_B,20240612,B2,L4,393,True,True,True,575.0,200.0,375.0,COMPLETED,GROUND,runs/experiment3_cross_site/site_c_edmonton/E3XC_L4_B/seed20240612/B2
3,C,E3XC_L4_B,20240612,B4b,L4,400,True,True,True,575.0,200.0,375.0,COMPLETED,GROUND,runs/experiment3_cross_site/site_c_edmonton/E3XC_L4_B/seed20240612/B4b
3,C,E3XC_L4_B,20240613,B0,L4,310,True,False,False,575.0,200.0,375.0,COMPLETED,GROUND,runs/experiment3_cross_site/site_c_edmonton/E3XC_L4_B/seed20240613/B0
3,C,E3XC_L4_B,20240613,B1,L4,393,True,True,True,575.0,200.0,375.0,COMPLETED,GROUND,runs/experiment3_cross_site/site_c_edmonton/E3XC_L4_B/seed20240613/B1
3,C,E3XC_L4_B,20240613,B2,L4,393,True,True,True,575.0,200.0,375.0,COMPLETED,GROUND,runs/experiment3_cross_site/site_c_edmonton/E3XC_L4_B/seed20240613/B2
3,C,E3XC_L4_B,20240613,B4b,L4,393,True,True,True,575.0,200.0,375.0,COMPLETED,GROUND,runs/experiment3_cross_site/site_c_edmonton/E3XC_L4_B/seed20240613/B4b
3,C,E3XC_L4_B,20240614,B0,L4,310,True,False,False,575.0,200.0,375.0,COMPLETED,GROUND,runs/experiment3_cross_site/site_c_edmonton/E3XC_L4_B/seed20240614/B0
3,C,E3XC_L4_B,20240614,B1,L4,393,True,True,True,575.0,200.0,375.0,COMPLETED,GROUND,runs/experiment3_cross_site/site_c_edmonton/E3XC_L4_B/seed20240614/B1
3,C,E3XC_L4_B,20240614,B2,L4,393,True,True,True,575.0,200.0,375.0,COMPLETED,GROUND,runs/experiment3_cross_site/site_c_edmonton/E3XC_L4_B/seed20240614/B2
3,C,E3XC_L4_B,20240614,B4b,L4,393,True,True,True,575.0,200.0,375.0,COMPLETED,GROUND,runs/experiment3_cross_site/site_c_edmonton/E3XC_L4_B/seed20240614/B4b
3,C,E3XC_L4_B,20240615,B0,L4,310,True,False,False,375.0,0.0,375.0,COMPLETED,GROUND,runs/experiment3_cross_site/site_c_edmonton/E3XC_L4_B/seed20240615/B0
3,C,E3XC_L4_B,20240615,B1,L4,393,True,True,True,575.0,0.0,575.0,COMPLETED,GROUND,runs/experiment3_cross_site/site_c_edmonton/E3XC_L4_B/seed20240615/B1
3,C,E3XC_L4_B,20240615,B2,L4,393,True,True,True,575.0,0.0,575.0,COMPLETED,GROUND,runs/experiment3_cross_site/site_c_edmonton/E3XC_L4_B/seed20240615/B2
3,C,E3XC_L4_B,20240615,B4b,L4,393,True,True,True,575.0,0.0,575.0,COMPLETED,GROUND,runs/experiment3_cross_site/site_c_edmonton/E3XC_L4_B/seed20240615/B4b
3,C,E3XC_L4_B,20240616,B0,L4,310,True,False,False,575.0,200.0,375.0,COMPLETED,GROUND,runs/experiment3_cross_site/site_c_edmonton/E3XC_L4_B/seed20240616/B0
3,C,E3XC_L4_B,20240616,B1,L4,393,True,True,True,575.0,200.0,375.0,COMPLETED,GROUND,runs/experiment3_cross_site/site_c_edmonton/E3XC_L4_B/seed20240616/B1
3,C,E3XC_L4_B,20240616,B2,L4,393,True,True,True,575.0,200.0,375.0,COMPLETED,GROUND,runs/experiment3_cross_site/site_c_edmonton/E3XC_L4_B/seed20240616/B2
3,C,E3XC_L4_B,20240616,B4b,L4,393,True,True,True,575.0,200.0,375.0,COMPLETED,GROUND,runs/experiment3_cross_site/site_c_edmonton/E3XC_L4_B/seed20240616/B4b
3,C,E3XC_L4_B,20240617,B0,L4,310,True,False,False,375.0,0.0,375.0,COMPLETED,GROUND,runs/experiment3_cross_site/site_c_edmonton/E3XC_L4_B/seed20240617/B0
3,C,E3XC_L4_B,20240617,B1,L4,393,True,True,True,575.0,0.0,575.0,COMPLETED,GROUND,runs/experiment3_cross_site/site_c_edmonton/E3XC_L4_B/seed20240617/B1
3,C,E3XC_L4_B,20240617,B2,L4,393,True,True,True,575.0,0.0,575.0,COMPLETED,GROUND,runs/experiment3_cross_site/site_c_edmonton/E3XC_L4_B/seed20240617/B2
3,C,E3XC_L4_B,20240617,B4b,L4,393,True,True,True,575.0,0.0,575.0,COMPLETED,GROUND,runs/experiment3_cross_site/site_c_edmonton/E3XC_L4_B/seed20240617/B4b
3,C,E3XC_L4_B,20240618,B0,L4,310,True,False,False,575.0,200.0,375.0,COMPLETED,GROUND,runs/experiment3_cross_site/site_c_edmonton/E3XC_L4_B/seed20240618/B0
3,C,E3XC_L4_B,20240618,B1,L4,393,True,True,True,575.0,200.0,375.0,COMPLETED,GROUND,runs/experiment3_cross_site/site_c_edmonton/E3XC_L4_B/seed20240618/B1
3,C,E3XC_L4_B,20240618,B2,L4,393,True,True,True,575.0,200.0,375.0,COMPLETED,GROUND,runs/experiment3_cross_site/site_c_edmonton/E3XC_L4_B/seed20240618/B2
3,C,E3XC_L4_B,20240618,B4b,L4,393,True,True,True,575.0,200.0,375.0,COMPLETED,GROUND,runs/experiment3_cross_site/site_c_edmonton/E3XC_L4_B/seed20240618/B4b
3,C,E3XC_L4_B,20240619,B0,L4,310,True,False,False,575.0,200.0,375.0,COMPLETED,GROUND,runs/experiment3_cross_site/site_c_edmonton/E3XC_L4_B/seed20240619/B0
3,C,E3XC_L4_B,20240619,B1,L4,393,True,True,True,575.0,200.0,375.0,COMPLETED,GROUND,runs/experiment3_cross_site/site_c_edmonton/E3XC_L4_B/seed20240619/B1
3,C,E3XC_L4_B,20240619,B2,L4,393,True,True,True,575.0,200.0,375.0,COMPLETED,GROUND,runs/experiment3_cross_site/site_c_edmonton/E3XC_L4_B/seed20240619/B2
3,C,E3XC_L4_B,20240619,B4b,L4,393,True,True,True,575.0,200.0,375.0,COMPLETED,GROUND,runs/experiment3_cross_site/site_c_edmonton/E3XC_L4_B/seed20240619/B4b
3,C,E3XC_L4_B,20240620,B0,L4,310,True,False,False,575.0,200.0,375.0,COMPLETED,GROUND,runs/experiment3_cross_site/site_c_edmonton/E3XC_L4_B/seed20240620/B0
3,C,E3XC_L4_B,20240620,B1,L4,393,True,True,True,575.0,200.0,375.0,COMPLETED,GROUND,runs/experiment3_cross_site/site_c_edmonton/E3XC_L4_B/seed20240620/B1
3,C,E3XC_L4_B,20240620,B2,L4,393,True,True,True,575.0,200.0,375.0,COMPLETED,GROUND,runs/experiment3_cross_site/site_c_edmonton/E3XC_L4_B/seed20240620/B2
3,C,E3XC_L4_B,20240620,B4b,L4,393,True,True,True,575.0,200.0,375.0,COMPLETED,GROUND,runs/experiment3_cross_site/site_c_edmonton/E3XC_L4_B/seed20240620/B4b
