t,sim_time_s,aircraft_id,type,lat,lon,alt_m,status,mission_id,dest
1,1,EVTOL-01,EC35,31.2997112,120.5971803,199.9,BUSY,M-P-001,V1
1,1,L-UAV-01,AMZN,31.2992885,120.5972396,100.0,BUSY,M-L-001,V3
1,1,M-UAV-01,M600,31.3108767,120.6039862,98.5,AVAILABLE,,
1,1,M-UAV-02,M600,31.2971716,120.5956323,98.5,AVAILABLE,,
2,2,EVTOL-01,EC35,31.3000336,120.5973768,199.9,BUSY,M-P-001,V1
2,2,L-UAV-01,AMZN,31.2994024,120.5973260,100.0,BUSY,M-L-001,V3
2,2,M-UAV-01,M600,31.3108767,120.6039862,95.4,AVAILABLE,,
2,2,M-UAV-02,M600,31.2971716,120.5956323,95.4,AVAILABLE,,
3,3,EVTOL-01,EC35,31.3003559,120.5975732,199.9,BUSY,M-P-001,V1
3,3,L-UAV-01,AMZN,31.2995163,120.5974125,100.0,BUSY,M-L-001,V3
3,3,M-UAV-01,M600,31.3108767,120.6039862,90.8,AVAILABLE,,
3,3,M-UAV-02,M600,31.2971716,120.5956323,90.8,AVAILABLE,,
4,4,EVTOL-01,EC35,31.3006782,120.5977697,199.9,BUSY,M-P-001,V1
4,4,L-UAV-01,AMZN,31.2996301,120.5974990,100.0,BUSY,M-L-001,V3
4,4,M-UAV-01,M600,31.3108767,120.6039862,84.7,AVAILABLE,,
4,4,M-UAV-02,M600,31.2971716,120.5956323,84.7,AVAILABLE,,
5,5,EVTOL-01,EC35,31.3010005,120.5979661,199.9,BUSY,M-P-001,V1
5,5,L-UAV-01,AMZN,31.2997440,120.5975854,100.0,BUSY,M-L-001,V3
5,5,M-UAV-01,M600,31.3108767,120.6039862,77.1,AVAILABLE,,
5,5,M-UAV-02,M600,31.2971716,120.5956323,77.1,AVAILABLE,,
6,6,EVTOL-01,EC35,31.3013228,120.5981626,199.9,BUSY,M-P-001,V1
6,6,L-UAV-01,AMZN,31.2998579,120.5976719,100.0,BUSY,M-L-001,V3
6,6,M-UAV-01,M600,31.3108767,120.6039862,69.5,AVAILABLE,,
6,6,M-UAV-02,M600,31.2971716,120.5956323,69.5,AVAILABLE,,
7,7,EVTOL-01,EC35,31.3016452,120.5983590,199.9,BUSY,M-P-001,V1
7,7,L-UAV-01,AMZN,31.2999718,120.5977583,100.0,BUSY,M-L-001,V3
7,7,M-UAV-01,M600,31.3108767,120.6039862,61.9,AVAILABLE,,
7,7,M-UAV-02,M600,31.2971716,120.5956323,61.9,AVAILABLE,,
8,8,EVTOL-01,EC35,31.3019675,120.5985555,199.9,BUSY,M-P-001,V1
8,8,L-UAV-01,AMZN,31.3000857,120.5978448,100.0,BUSY,M-L-001,V3
8,8,M-UAV-01,M600,31.3108767,120.6039862,54.3,AVAILABLE,,
8,8,M-UAV-02,M600,31.2971716,120.5956323,54.3,AVAILABLE,,
9,9,EVTOL-01,EC35,31.3022898,120.5987519,199.9,BUSY,M-P-001,V1
9,9,L-UAV-01,AMZN,31.3001995,120.5979312,100.0,BUSY,M-L-001,V3
9,9,M-UAV-01,M600,31.3108767,120.6039862,46.6,AVAILABLE,,
9,9,M-UAV-02,M600,31.2971716,120.5956323,46.6,AVAILABLE,,
10,10,EVTOL-01,EC35,31.3026121,120.5989484,199.9,BUSY,M-P-001,V1
10,10,L-UAV-01,AMZN,31.3003134,120.5980177,100.0,BUSY,M-L-001,V3
10,10,M-UAV-01,M600,31.3108767,120.6039862,39.0,AVAILABLE,,
10,10,M-UAV-02,M600,31.2971716,120.5956323,39.0,AVAILABLE,,
11,11,EVTOL-01,EC35,31.3029344,120.5991448,199.9,BUSY,M-P-001,V1
11,11,L-UAV-01,AMZN,31.3004273,120.5981042,100.0,BUSY,M-L-001,V3
11,11,M-UAV-01,M600,31.3108767,120.6039862,31.4,AVAILABLE,,
11,11,M-UAV-02,M600,31.2971716,120.5956323,31.4,AVAILABLE,,
12,12,EVTOL-01,EC35,31.3032567,120.5993413,199.9,BUSY,M-P-001,V1
12,12,L-UAV-01,AMZN,31.3005412,120.5981906,100.0,BUSY,M-L-001,V3
12,12,M-UAV-01,M600,31.3108767,120.6039862,30.5,AVAILABLE,,
12,12,M-UAV-02,M600,31.2971716,120.5956323,30.5,AVAILABLE,,
13,13,EVTOL-01,EC35,31.3035791,120.5995377,199.9,BUSY,M-P-001,V1
13,13,L-UAV-01,AMZN,31.3006551,120.5982771,100.0,BUSY,M-L-001,V3
13,13,M-UAV-01,M600,31.3108767,120.6039862,30.5,AVAILABLE,,
13,13,M-UAV-02,M600,31.2971716,120.5956323,30.5,AVAILABLE,,
14,14,EVTOL-01,EC35,31.3039014,120.5997342,199.9,BUSY,M-P-001,V1
14,14,L-UAV-01,AMZN,31.3007690,120.5983635,100.0,BUSY,M-L-001,V3
14,14,M-UAV-01,M600,31.3108767,120.6039862,30.5,AVAILABLE,,
14,14,M-UAV-02,M600,31.2971716,120.5956323,30.5,AVAILABLE,,
15,15,EVTOL-01,EC35,31.3042237,120.5999306,199.9,BUSY,M-P-001,V1
15,15,L-UAV-01,AMZN,31.3008828,120.5984500,100.0,BUSY,M-L-001,V3
15,15,M-UAV-01,M600,31.3108767,120.6039862,30.5,AVAILABLE,,
15,15,M-UAV-02,M600,31.2971716,120.5956323,30.5,AVAILABLE,,
16,16,EVTOL-01,EC35,31.3045460,120.6001271,199.9,BUSY,M-P-001,V1
16,16,L-UAV-01,AMZN,31.3009967,120.5985365,100.0,BUSY,M-L-001,V3
16,16,M-UAV-01,M600,31.3108767,120.6039862,30.5,AVAILABLE,,
16,16,M-UAV-02,M600,31.2971716,120.5956323,30.5,AVAILABLE,,
17,17,EVTOL-01,EC35,31.3048683,120.6003236,199.9,BUSY,M-P-001,V1
17,17,L-UAV-01,AMZN,31.3011106,120.5986229,100.0,BUSY,M-L-001,V3
17,17,M-UAV-01,M600,31.3108767,120.6039862,30.5,AVAILABLE,,
17,17,M-UAV-02,M600,31.2971716,120.5956323,30.5,AVAILABLE,,
18,18,EVTOL-01,EC35,31.3051906,120.6005200,199.9,BUSY,M-P-001,V1
18,18,L-UAV-01,AMZN,31.3012245,120.5987094,100.0,BUSY,M-L-001,V3
18,18,M-UAV-01,M600,31.3108767,120.6039862,30.5,AVAILABLE,,
18,18,M-UAV-02,M600,31.2971716,120.5956323,30.5,AVAILABLE,,
19,19,EVTOL-01,EC35,31.3055130,120.6007165,199.9,BUSY,M-P-001,V1
19,19,L-UAV-01,AMZN,31.3013384,120.5987958,100.0,BUSY,M-L-001,V3
19,19,M-UAV-01,M600,31.3108767,120.6039862,30.5,AVAILABLE,,
19,19,M-UAV-02,M600,31.2971716,120.5956323,30.5,AVAILABLE,,
20,20,EVTOL-01,EC35,31.3058353,120.6009130,199.9,BUSY,M-P-001,V1
20,20,L-UAV-01,AMZN,31.3014522,120.5988823,100.0,BUSY,M-L-001,V3
20,20,M-UAV-01,M600,31.3108767,120.6039862,30.5,AVAILABLE,,
20,20,M-UAV-02,M600,31.2971716,120.5956323,30.5,AVAILABLE,,
21,21,EVTOL-01,EC35,31.3061576,120.6011094,199.9,BUSY,M-P-001,V1
21,21,L-UAV-01,AMZN,31.3015661,120.5989688,100.0,BUSY,M-L-001,V3
21,21,M-UAV-01,M600,31.3108767,120.6039862,30.5,AVAILABLE,,
21,21,M-UAV-02,M600,31.2971716,120.5956323,30.5,AVAILABLE,,
22,22,EVTOL-01,EC35,31.3064799,120.6013059,199.9,BUSY,M-P-001,V1
22,22,L-UAV-01,AMZN,31.3016800,120.5990552,100.0,BUSY,M-L-001,V3
22,22,M-UAV-01,M600,31.3108767,120.6039862,30.5,AVAILABLE,,
22,22,M-UAV-02,M600,31.2971716,120.5956323,30.5,AVAILABLE,,
23,23,EVTOL-01,EC35,31.3068022,120.6015024,199.9,BUSY,M-P-001,V1
23,23,L-UAV-01,AMZN,31.3017939,120.5991417,100.0,BUSY,M-L-001,V3
23,23,M-UAV-01,M600,31.3108767,120.6039862,30.5,AVAILABLE,,
23,23,M-UAV-02,M600,31.2971716,120.5956323,30.5,AVAILABLE,,
24,24,EVTOL-01,EC35,31.3071245,120.6016988,199.9,BUSY,M-P-001,V1
24,24,L-UAV-01,AMZN,31.3019078,120.5992281,100.0,BUSY,M-L-001,V3
24,24,M-UAV-01,M600,31.3108767,120.6039862,30.5,AVAILABLE,,
24,24,M-UAV-02,M600,31.2971716,120.5956323,30.5,AVAILABLE,,
25,25,EVTOL-01,EC35,31.3074468,120.6018953,199.9,BUSY,M-P-001,V1
25,25,L-UAV-01,AMZN,31.3020216,120.5993146,100.0,BUSY,M-L-001,V3
25,25,M-UAV-01,M600,31.3108767,120.6039862,30.5,AVAILABLE,,
25,25,M-UAV-02,M600,31.2971716,120.5956323,30.5,AVAILABLE,,
26,26,EVTOL-01,EC35,31.3077692,120.6020918,199.9,BUSY,M-P-001,V1
26,26,L-UAV-01,AMZN,31.3021355,120.5994011,100.0,BUSY,M-L-001,V3
26,26,M-UAV-01,M600,31.3108767,120.6039862,30.5,AVAILABLE,,
26,26,M-UAV-02,M600,31.2971716,120.5956323,30.5,AVAILABLE,,
27,27,EVTOL-01,EC35,31.3080915,120.6022883,199.9,BUSY,M-P-001,V1
27,27,L-UAV-01,AMZN,31.3022494,120.5994875,100.0,BUSY,M-L-001,V3
27,27,M-UAV-01,M600,31.3108767,120.6039862,30.5,AVAILABLE,,
27,27,M-UAV-02,M600,31.2971716,120.5956323,30.5,AVAILABLE,,
28,28,EVTOL-01,EC35,31.3084138,120.6024847,199.9,BUSY,M-P-001,V1
28,28,L-UAV-01,AMZN,31.3023633,120.5995740,100.0,BUSY,M-L-001,V3
28,28,M-UAV-01,M600,31.3108767,120.6039862,30.5,AVAILABLE,,
28,28,M-UAV-02,M600,31.2971716,120.5956323,30.5,AVAILABLE,,
29,29,EVTOL-01,EC35,31.3087361,120.6026812,199.9,BUSY,M-P-001,V1
29,29,L-UAV-01,AMZN,31.3024772,120.5996604,100.0,BUSY,M-L-001,V3
29,29,M-UAV-01,M600,31.3108767,120.6039862,30.5,AVAILABLE,,
29,29,M-UAV-02,M600,31.2971716,120.5956323,30.5,AVAILABLE,,
30,30,EVTOL-01,EC35,31.3090584,120.6028777,199.9,BUSY,M-P-001,V1
30,30,L-UAV-01,AMZN,31.3025910,120.5997469,100.0,BUSY,M-L-001,V3
30,30,M-UAV-01,M600,31.3108767,120.6039862,30.5,AVAILABLE,,
30,30,M-UAV-02,M600,31.2971716,120.5956323,30.5,AVAILABLE,,
31,31,EVTOL-01,EC35,31.3093807,120.6030742,199.9,BUSY,M-P-001,V1
31,31,L-UAV-01,AMZN,31.3027049,120.5998334,100.0,BUSY,M-L-001,V3
31,31,M-UAV-01,M600,31.3108767,120.6039862,30.5,AVAILABLE,,
31,31,M-UAV-02,M600,31.2971716,120.5956323,30.5,AVAILABLE,,
32,32,EVTOL-01,EC35,31.3097030,120.6032707,199.9,BUSY,M-P-001,V1
32,32,L-UAV-01,AMZN,31.3028188,120.5999198,100.0,BUSY,M-L-001,V3
32,32,M-UAV-01,M600,31.3108767,120.6039862,30.5,AVAILABLE,,
32,32,M-UAV-02,M600,31.2971716,120.5956323,30.5,AVAILABLE,,
33,33,EVTOL-01,EC35,31.3100253,120.6034671,199.9,BUSY,M-P-001,V1
33,33,L-UAV-01,AMZN,31.3029327,120.6000063,100.0,BUSY,M-L-001,V3
33,33,M-UAV-01,M600,31.3108767,120.6039862,30.5,AVAILABLE,,
33,33,M-UAV-02,M600,31.2971716,120.5956323,30.5,AVAILABLE,,
34,34,EVTOL-01,EC35,31.3103477,120.6036636,199.9,BUSY,M-P-001,V2
34,34,L-UAV-01,AMZN,31.3030466,120.6000928,100.0,BUSY,M-L-001,V3
34,34,M-UAV-01,M600,31.3108767,120.6039862,30.5,AVAILABLE,,
34,34,M-UAV-02,M600,31.2971716,120.5956323,30.5,AVAILABLE,,
35,35,EVTOL-01,EC35,31.3106867,120.6038161,199.9,BUSY,M-P-001,V2
35,35,L-UAV-01,AMZN,31.3031605,120.6001792,100.0,BUSY,M-L-001,V3
35,35,M-UAV-01,M600,31.3108767,120.6039862,30.5,AVAILABLE,,
35,35,M-UAV-02,M600,31.2971716,120.5956323,30.5,AVAILABLE,,
36,36,EVTOL-01,EC35,31.3110382,120.6039228,199.9,BUSY,M-P-001,V2
36,36,L-UAV-01,AMZN,31.3032743,120.6002657,100.0,BUSY,M-L-001,V3
36,36,M-UAV-01,M600,31.3108767,120.6039862,30.5,AVAILABLE,,
36,36,M-UAV-02,M600,31.2971716,120.5956323,30.5,AVAILABLE,,
37,37,EVTOL-01,EC35,31.3113978,120.6039823,199.9,BUSY,M-P-001,V2
37,37,L-UAV-01,AMZN,31.3033882,120.6003522,100.0,BUSY,M-L-001,V3
37,37,M-UAV-01,M600,31.3108767,120.6039862,30.5,AVAILABLE,,
37,37,M-UAV-02,M600,31.2971716,120.5956323,30.5,AVAILABLE,,
38,38,EVTOL-01,EC35,31.3117609,120.6039939,199.9,BUSY,M-P-001,V2
38,38,L-UAV-01,AMZN,31.3035021,120.6004386,100.0,BUSY,M-L-001,V3
38,38,M-UAV-01,M600,31.3108767,120.6039862,30.5,AVAILABLE,,
38,38,M-UAV-02,M600,31.2971716,120.5956323,30.5,AVAILABLE,,
39,39,EVTOL-01,EC35,31.3121228,120.6039574,199.9,BUSY,M-P-001,V2
39,39,L-UAV-01,AMZN,31.3036160,120.6005251,100.0,BUSY,M-L-001,V3
39,39,M-UAV-01,M600,31.3108767,120.6039862,30.5,AVAILABLE,,
39,39,M-UAV-02,M600,31.2971716,120.5956323,30.5,AVAILABLE,,
40,40,EVTOL-01,EC35,31.3124788,120.6038733,199.9,BUSY,M-P-001,V2
40,40,L-UAV-01,AMZN,31.3037299,120.6006115,100.0,BUSY,M-L-001,V3
40,40,M-UAV-01,M600,31.3108767,120.6039862,30.5,AVAILABLE,,
40,40,M-UAV-02,M600,31.2971716,120.5956323,30.5,AVAILABLE,,
41,41,EVTOL-01,EC35,31.3128244,120.6037426,199.9,BUSY,M-P-001,V2
41,41,L-UAV-01,AMZN,31.3038437,120.6006980,100.0,BUSY,M-L-001,V3
41,41,M-UAV-01,M600,31.3108767,120.6039862,30.5,AVAILABLE,,
41,41,M-UAV-02,M600,31.2971716,120.5956323,30.5,AVAILABLE,,
42,42,EVTOL-01,EC35,31.3131551,120.6035671,199.9,BUSY,M-P-001,V2
42,42,L-UAV-01,AMZN,31.3039576,120.6007845,100.0,BUSY,M-L-001,V3
42,42,M-UAV-01,M600,31.3108767,120.6039862,30.5,AVAILABLE,,
42,42,M-UAV-02,M600,31.2971716,120.5956323,30.5,AVAILABLE,,
43,43,EVTOL-01,EC35,31.3134669,120.6033489,199.9,BUSY,M-P-001,V2
43,43,L-UAV-01,AMZN,31.3040715,120.6008709,100.0,BUSY,M-L-001,V3
43,43,M-UAV-01,M600,31.3108767,120.6039862,30.5,AVAILABLE,,
43,43,M-UAV-02,M600,31.2971716,120.5956323,30.5,AVAILABLE,,
44,44,EVTOL-01,EC35,31.3137555,120.6030909,199.9,BUSY,M-P-001,V2
44,44,L-UAV-01,AMZN,31.3041854,120.6009574,100.0,BUSY,M-L-001,V3
44,44,M-UAV-01,M600,31.3108767,120.6039862,30.5,AVAILABLE,,
44,44,M-UAV-02,M600,31.2971716,120.5956323,30.5,AVAILABLE,,
45,45,EVTOL-01,EC35,31.3140174,120.6027963,199.9,BUSY,M-P-001,V2
45,45,L-UAV-01,AMZN,31.3042993,120.6010439,100.0,BUSY,M-L-001,V3
45,45,M-UAV-01,M600,31.3108767,120.6039862,30.5,AVAILABLE,,
45,45,M-UAV-02,M600,31.2971716,120.5956323,30.5,AVAILABLE,,
46,46,EVTOL-01,EC35,31.3142492,120.6024691,199.9,BUSY,M-P-001,V2
46,46,L-UAV-01,AMZN,31.3044131,120.6011303,100.0,BUSY,M-L-001,V3
46,46,M-UAV-01,M600,31.3108767,120.6039862,30.5,AVAILABLE,,
46,46,M-UAV-02,M600,31.2971716,120.5956323,30.5,AVAILABLE,,
47,47,EVTOL-01,EC35,31.3144479,120.6021132,199.9,BUSY,M-P-001,V2
47,47,L-UAV-01,AMZN,31.3045270,120.6012168,100.0,BUSY,M-L-001,V3
47,47,M-UAV-01,M600,31.3108767,120.6039862,30.5,AVAILABLE,,
47,47,M-UAV-02,M600,31.2971716,120.5956323,30.5,AVAILABLE,,
48,48,EVTOL-01,EC35,31.3146110,120.6017334,199.9,BUSY,M-P-001,V2
48,48,L-UAV-01,AMZN,31.3046409,120.6013033,100.0,BUSY,M-L-001,V3
48,48,M-UAV-01,M600,31.3108767,120.6039862,30.5,AVAILABLE,,
48,48,M-UAV-02,M600,31.2971716,120.5956323,30.5,AVAILABLE,,
49,49,EVTOL-01,EC35,31.3147364,120.6013344,199.9,BUSY,M-P-001,V2
49,49,L-UAV-01,AMZN,31.3047548,120.6013897,100.0,BUSY,M-L-001,V3
49,49,M-UAV-01,M600,31.3108767,120.6039862,30.5,AVAILABLE,,
49,49,M-UAV-02,M600,31.2971716,120.5956323,30.5,AVAILABLE,,
50,50,EVTOL-01,EC35,31.3148224,120.6009214,199.9,BUSY,M-P-001,V2
50,50,L-UAV-01,AMZN,31.3048686,120.6014762,100.0,BUSY,M-L-001,V3
50,50,M-UAV-01,M600,31.3108767,120.6039862,30.5,AVAILABLE,,
50,50,M-UAV-02,M600,31.2971716,120.5956323,30.5,AVAILABLE,,
51,51,EVTOL-01,EC35,31.3148681,120.6004996,199.9,BUSY,M-P-001,V2
51,51,L-UAV-01,AMZN,31.3049825,120.6015627,100.0,BUSY,M-L-001,V3
51,51,M-UAV-01,M600,31.3108767,120.6039862,30.5,AVAILABLE,,
51,51,M-UAV-02,M600,31.2971716,120.5956323,30.5,AVAILABLE,,
52,52,EVTOL-01,EC35,31.3148727,120.6000745,199.9,BUSY,M-P-001,V2
52,52,L-UAV-01,AMZN,31.3050964,120.6016491,100.0,BUSY,M-L-001,V3
52,52,M-UAV-01,M600,31.3108767,120.6039862,30.5,AVAILABLE,,
52,52,M-UAV-02,M600,31.2971716,120.5956323,30.5,AVAILABLE,,
53,53,EVTOL-01,EC35,31.3148363,120.5996516,199.9,BUSY,M-P-001,V2
53,53,L-UAV-01,AMZN,31.3052103,120.6017356,100.0,BUSY,M-L-001,V3
53,53,M-UAV-01,M600,31.3108767,120.6039862,30.5,AVAILABLE,,
53,53,M-UAV-02,M600,31.2971716,120.5956323,30.5,AVAILABLE,,
54,54,EVTOL-01,EC35,31.3147593,120.5992361,199.9,BUSY,M-P-001,V2
54,54,L-UAV-01,AMZN,31.3053242,120.6018221,100.0,BUSY,M-L-001,V3
54,54,M-UAV-01,M600,31.3108767,120.6039862,30.5,AVAILABLE,,
54,54,M-UAV-02,M600,31.2971716,120.5956323,30.5,AVAILABLE,,
55,55,EVTOL-01,EC35,31.3146426,120.5988335,199.9,BUSY,M-P-001,V2
55,55,L-UAV-01,AMZN,31.3054380,120.6019085,100.0,BUSY,M-L-001,V3
55,55,M-UAV-01,M600,31.3108767,120.6039862,30.5,AVAILABLE,,
55,55,M-UAV-02,M600,31.2971716,120.5956323,30.5,AVAILABLE,,
56,56,EVTOL-01,EC35,31.3144879,120.5984489,199.9,BUSY,M-P-001,V2
56,56,L-UAV-01,AMZN,31.3055519,120.6019950,100.0,BUSY,M-L-001,V3
56,56,M-UAV-01,M600,31.3108767,120.6039862,30.5,AVAILABLE,,
56,56,M-UAV-02,M600,31.2971716,120.5956323,30.5,AVAILABLE,,
57,57,EVTOL-01,EC35,31.3142970,120.5980873,199.9,BUSY,M-P-001,V2
57,57,L-UAV-01,AMZN,31.3056658,120.6020815,100.0,BUSY,M-L-001,V3
57,57,M-UAV-01,M600,31.3108767,120.6039862,30.5,AVAILABLE,,
57,57,M-UAV-02,M600,31.2971716,120.5956323,30.5,AVAILABLE,,
58,58,EVTOL-01,EC35,31.3140724,120.5977531,199.9,BUSY,M-P-001,V2
58,58,L-UAV-01,AMZN,31.3057797,120.6021679,100.0,BUSY,M-L-001,V3
58,58,M-UAV-01,M600,31.3108767,120.6039862,30.5,AVAILABLE,,
58,58,M-UAV-02,M600,31.2971716,120.5956323,30.5,AVAILABLE,,
59,59,EVTOL-01,EC35,31.3138171,120.5974509,199.9,BUSY,M-P-001,V2
59,59,L-UAV-01,AMZN,31.3058936,120.6022544,100.0,BUSY,M-L-001,V2
59,59,M-UAV-01,M600,31.3108767,120.6039862,30.5,AVAILABLE,,
59,59,M-UAV-02,M600,31.2971716,120.5956323,30.5,AVAILABLE,,
60,60,EVTOL-01,EC35,31.3135341,120.5971843,199.9,BUSY,M-P-001,V2
60,60,L-UAV-01,AMZN,31.3060241,120.6022970,100.0,BUSY,M-L-001,V2
60,60,M-UAV-01,M600,31.3108767,120.6039862,30.5,AVAILABLE,,
60,60,M-UAV-02,M600,31.2971716,120.5956323,30.5,AVAILABLE,,
61,61,EVTOL-01,EC35,31.3132273,120.5969569,199.9,BUSY,M-P-001,V2
61,61,L-UAV-01,AMZN,31.3061596,120.6022921,100.0,BUSY,M-L-001,V2
61,61,M-UAV-01,M600,31.3108767,120.6039862,30.5,AVAILABLE,,
61,61,M-UAV-02,M600,31.2971716,120.5956323,30.5,AVAILABLE,,
62,62,EVTOL-01,EC35,31.3129004,120.5967715,199.9,BUSY,M-P-001,V2
62,62,L-UAV-01,AMZN,31.3062876,120.6022400,100.0,BUSY,M-L-001,V2
62,62,M-UAV-01,M600,31.3108767,120.6039862,30.5,AVAILABLE,,
62,62,M-UAV-02,M600,31.2971716,120.5956323,30.5,AVAILABLE,,
63,63,EVTOL-01,EC35,31.3125578,120.5966306,199.9,BUSY,M-P-001,V2
63,63,L-UAV-01,AMZN,31.3063965,120.6021455,100.0,BUSY,M-L-001,V2
63,63,M-UAV-01,M600,31.3108767,120.6039862,30.5,AVAILABLE,,
63,63,M-UAV-02,M600,31.2971716,120.5956323,30.5,AVAILABLE,,
64,64,EVTOL-01,EC35,31.3122037,120.5965358,199.9,BUSY,M-P-001,V2
64,64,L-UAV-01,AMZN,31.3064763,120.6020172,100.0,BUSY,M-L-001,V2
64,64,M-UAV-01,M600,31.3108767,120.6039862,30.5,AVAILABLE,,
64,64,M-UAV-02,M600,31.2971716,120.5956323,30.5,AVAILABLE,,
65,65,EVTOL-01,EC35,31.3118428,120.5964885,199.9,BUSY,M-P-001,V2
65,65,L-UAV-01,AMZN,31.3065197,120.6018669,100.0,BUSY,M-L-001,V2
65,65,M-UAV-01,M600,31.3108767,120.6039862,30.5,AVAILABLE,,
65,65,M-UAV-02,M600,31.2971716,120.5956323,30.5,AVAILABLE,,
66,66,EVTOL-01,EC35,31.3114801,120.5964673,199.9,BUSY,M-P-001,V2
66,66,L-UAV-01,AMZN,31.3065227,120.6017083,100.0,BUSY,M-L-001,V2
66,66,M-UAV-01,M600,31.3108767,120.6039862,30.5,AVAILABLE,,
66,66,M-UAV-02,M600,31.2971716,120.5956323,30.5,AVAILABLE,,
67,67,EVTOL-01,EC35,31.3111173,120.5964462,199.9,BUSY,M-P-001,V2
67,67,L-UAV-01,AMZN,31.3064851,120.6015559,100.0,BUSY,M-L-001,V2
67,67,M-UAV-01,M600,31.3108767,120.6039862,30.5,AVAILABLE,,
67,67,M-UAV-02,M600,31.2971716,120.5956323,30.5,AVAILABLE,,
68,68,EVTOL-01,EC35,31.3107546,120.5964250,199.9,BUSY,M-P-001,V2
68,68,L-UAV-01,AMZN,31.3064104,120.6014235,100.0,BUSY,M-L-001,V2
68,68,M-UAV-01,M600,31.3108767,120.6039862,30.5,AVAILABLE,,
68,68,M-UAV-02,M600,31.2971716,120.5956323,30.5,AVAILABLE,,
69,69,EVTOL-01,EC35,31.3103918,120.5964038,199.9,BUSY,M-P-001,V2
69,69,L-UAV-01,AMZN,31.3063052,120.6013234,100.0,BUSY,M-L-001,V2
69,69,M-UAV-01,M600,31.3108767,120.6039862,30.5,AVAILABLE,,
69,69,M-UAV-02,M600,31.2971716,120.5956323,30.5,AVAILABLE,,
70,70,EVTOL-01,EC35,31.3100291,120.5963826,199.9,BUSY,M-P-001,V2
70,70,L-UAV-01,AMZN,31.3061856,120.6012489,100.0,BUSY,M-L-001,V2
70,70,M-UAV-01,M600,31.3108767,120.6039862,30.5,AVAILABLE,,
70,70,M-UAV-02,M600,31.2971716,120.5956323,30.5,AVAILABLE,,
71,71,EVTOL-01,EC35,31.3096664,120.5963615,199.9,BUSY,M-P-001,V2
71,71,L-UAV-01,AMZN,31.3060659,120.6011743,100.0,BUSY,M-L-001,V2
71,71,M-UAV-01,M600,31.3108767,120.6039862,30.5,AVAILABLE,,
71,71,M-UAV-02,M600,31.2971716,120.5956323,30.5,AVAILABLE,,
72,72,EVTOL-01,EC35,31.3093036,120.5963403,199.9,BUSY,M-P-001,V2
72,72,L-UAV-01,AMZN,31.3059463,120.6010997,100.0,BUSY,M-L-001,V2
72,72,M-UAV-01,M600,31.3108767,120.6039862,30.5,AVAILABLE,,
72,72,M-UAV-02,M600,31.2971716,120.5956323,30.5,AVAILABLE,,
73,73,EVTOL-01,EC35,31.3089409,120.5963191,199.9,BUSY,M-P-001,V2
73,73,L-UAV-01,AMZN,31.3058267,120.6010252,100.0,BUSY,M-L-001,V2
73,73,M-UAV-01,M600,31.3108767,120.6039862,30.5,AVAILABLE,,
73,73,M-UAV-02,M600,31.2971716,120.5956323,30.5,AVAILABLE,,
74,74,EVTOL-01,EC35,31.3085781,120.5962980,199.9,BUSY,M-P-001,V2
74,74,L-UAV-01,AMZN,31.3057070,120.6009506,100.0,BUSY,M-L-001,V2
74,74,M-UAV-01,M600,31.3108767,120.6039862,30.5,AVAILABLE,,
74,74,M-UAV-02,M600,31.2971716,120.5956323,30.5,AVAILABLE,,
75,75,EVTOL-01,EC35,31.3082154,120.5962768,199.9,BUSY,M-P-001,V2
75,75,L-UAV-01,AMZN,31.3055874,120.6008761,100.0,BUSY,M-L-001,V2
75,75,M-UAV-01,M600,31.3108767,120.6039862,30.5,AVAILABLE,,
75,75,M-UAV-02,M600,31.2971716,120.5956323,30.5,AVAILABLE,,
76,76,EVTOL-01,EC35,31.3078527,120.5962556,199.9,BUSY,M-P-001,V2
76,76,L-UAV-01,AMZN,31.3054677,120.6008015,100.0,BUSY,M-L-001,V2
76,76,M-UAV-01,M600,31.3108767,120.6039862,30.5,AVAILABLE,,
76,76,M-UAV-02,M600,31.2971716,120.5956323,30.5,AVAILABLE,,
77,77,EVTOL-01,EC35,31.3074899,120.5962345,199.9,BUSY,M-P-001,V2
77,77,L-UAV-01,AMZN,31.3053481,120.6007270,100.0,BUSY,M-L-001,V2
77,77,M-UAV-01,M600,31.3108767,120.6039862,30.5,AVAILABLE,,
77,77,M-UAV-02,M600,31.2971716,120.5956323,30.5,AVAILABLE,,
78,78,EVTOL-01,EC35,31.3071272,120.5962133,199.9,BUSY,M-P-001,V2
78,78,L-UAV-01,AMZN,31.3052284,120.6006524,100.0,BUSY,M-L-001,V2
78,78,M-UAV-01,M600,31.3108767,120.6039862,30.5,AVAILABLE,,
78,78,M-UAV-02,M600,31.2971716,120.5956323,30.5,AVAILABLE,,
79,79,EVTOL-01,EC35,31.3067644,120.5961921,199.9,BUSY,M-P-001,V2
79,79,L-UAV-01,AMZN,31.3051088,120.6005778,100.0,BUSY,M-L-001,V2
79,79,M-UAV-01,M600,31.3108767,120.6039862,30.5,AVAILABLE,,
79,79,M-UAV-02,M600,31.2971716,120.5956323,30.5,AVAILABLE,,
80,80,EVTOL-01,EC35,31.3064017,120.5961709,199.9,BUSY,M-P-001,V2
80,80,L-UAV-01,AMZN,31.3049891,120.6005033,100.0,BUSY,M-L-001,V2
80,80,M-UAV-01,M600,31.3108767,120.6039862,30.5,AVAILABLE,,
80,80,M-UAV-02,M600,31.2971716,120.5956323,30.5,AVAILABLE,,
81,81,EVTOL-01,EC35,31.3060390,120.5961498,199.9,BUSY,M-P-001,V2
81,81,L-UAV-01,AMZN,31.3048695,120.6004287,100.0,BUSY,M-L-001,V2
81,81,M-UAV-01,M600,31.3108767,120.6039862,30.5,AVAILABLE,,
81,81,M-UAV-02,M600,31.2971716,120.5956323,30.5,AVAILABLE,,
82,82,EVTOL-01,EC35,31.3056762,120.5961286,199.9,BUSY,M-P-001,V2
82,82,L-UAV-01,AMZN,31.3047498,120.6003542,100.0,BUSY,M-L-001,V2
82,82,M-UAV-01,M600,31.3108767,120.6039862,30.5,AVAILABLE,,
82,82,M-UAV-02,M600,31.2971716,120.5956323,30.5,AVAILABLE,,
83,83,EVTOL-01,EC35,31.3053135,120.5961074,199.9,BUSY,M-P-001,V2
83,83,L-UAV-01,AMZN,31.3046302,120.6002796,100.0,BUSY,M-L-001,V2
83,83,M-UAV-01,M600,31.3108767,120.6039862,30.5,AVAILABLE,,
83,83,M-UAV-02,M600,31.2971716,120.5956323,30.5,AVAILABLE,,
84,84,EVTOL-01,EC35,31.3049507,120.5960863,199.9,BUSY,M-P-001,V2
84,84,L-UAV-01,AMZN,31.3045106,120.6002051,100.0,BUSY,M-L-001,V2
84,84,M-UAV-01,M600,31.3108767,120.6039862,30.5,AVAILABLE,,
84,84,M-UAV-02,M600,31.2971716,120.5956323,30.5,AVAILABLE,,
85,85,EVTOL-01,EC35,31.3045880,120.5960651,199.9,BUSY,M-P-001,V2
85,85,L-UAV-01,AMZN,31.3043909,120.6001305,100.0,BUSY,M-L-001,V2
85,85,M-UAV-01,M600,31.3108767,120.6039862,30.5,AVAILABLE,,
85,85,M-UAV-02,M600,31.2971716,120.5956323,30.5,AVAILABLE,,
86,86,EVTOL-01,EC35,31.3042253,120.5960439,199.9,BUSY,M-P-001,V2
86,86,L-UAV-01,AMZN,31.3042713,120.6000560,100.0,BUSY,M-L-001,V2
86,86,M-UAV-01,M600,31.3108767,120.6039862,30.5,AVAILABLE,,
86,86,M-UAV-02,M600,31.2971716,120.5956323,30.5,AVAILABLE,,
87,87,EVTOL-01,EC35,31.3038625,120.5960228,199.9,BUSY,M-P-001,V2
87,87,L-UAV-01,AMZN,31.3041516,120.5999814,100.0,BUSY,M-L-001,V2
87,87,M-UAV-01,M600,31.3108767,120.6039862,30.5,AVAILABLE,,
87,87,M-UAV-02,M600,31.2971716,120.5956323,30.5,AVAILABLE,,
88,88,EVTOL-01,EC35,31.3034998,120.5960016,199.9,BUSY,M-P-001,V2
88,88,L-UAV-01,AMZN,31.3040320,120.5999068,100.0,BUSY,M-L-001,V2
88,88,M-UAV-01,M600,31.3108767,120.6039862,30.5,AVAILABLE,,
88,88,M-UAV-02,M600,31.2971716,120.5956323,30.5,AVAILABLE,,
89,89,EVTOL-01,EC35,31.3031370,120.5959804,199.9,BUSY,M-P-001,V2
89,89,L-UAV-01,AMZN,31.3039123,120.5998323,100.0,BUSY,M-L-001,V2
89,89,M-UAV-01,M600,31.3108767,120.6039862,30.5,AVAILABLE,,
89,89,M-UAV-02,M600,31.2971716,120.5956323,30.5,AVAILABLE,,
90,90,EVTOL-01,EC35,31.3027743,120.5959593,199.9,BUSY,M-P-001,V2
90,90,L-UAV-01,AMZN,31.3037927,120.5997577,100.0,BUSY,M-L-001,V2
90,90,M-UAV-01,M600,31.3108767,120.6039862,30.5,AVAILABLE,,
90,90,M-UAV-02,M600,31.2971716,120.5956323,30.5,AVAILABLE,,
91,91,EVTOL-01,EC35,31.3024116,120.5959381,199.9,BUSY,M-P-001,V2
91,91,L-UAV-01,AMZN,31.3036730,120.5996832,100.0,BUSY,M-L-001,V2
91,91,M-UAV-01,M600,31.3108767,120.6039862,30.5,AVAILABLE,,
91,91,M-UAV-02,M600,31.2971716,120.5956323,30.5,AVAILABLE,,
92,92,EVTOL-01,EC35,31.3020488,120.5959169,199.9,BUSY,M-P-001,V2
92,92,L-UAV-01,AMZN,31.3035534,120.5996086,100.0,BUSY,M-L-001,V2
92,92,M-UAV-01,M600,31.3108767,120.6039862,30.5,AVAILABLE,,
92,92,M-UAV-02,M600,31.2971716,120.5956323,30.5,AVAILABLE,,
93,93,EVTOL-01,EC35,31.3016861,120.5958958,199.9,BUSY,M-P-001,V2
93,93,L-UAV-01,AMZN,31.3034337,120.5995341,100.0,BUSY,M-L-001,V2
93,93,M-UAV-01,M600,31.3108767,120.6039862,30.5,AVAILABLE,,
93,93,M-UAV-02,M600,31.2971716,120.5956323,30.5,AVAILABLE,,
94,94,EVTOL-01,EC35,31.3013234,120.5958746,199.9,BUSY,M-P-001,V2
94,94,L-UAV-01,AMZN,31.3033141,120.5994595,100.0,BUSY,M-L-001,V2
94,94,M-UAV-01,M600,31.3108767,120.6039862,30.5,AVAILABLE,,
94,94,M-UAV-02,M600,31.2971716,120.5956323,30.5,AVAILABLE,,
95,95,EVTOL-01,EC35,31.3009606,120.5958534,199.9,BUSY,M-P-001,V2
95,95,L-UAV-01,AMZN,31.3031944,120.5993850,100.0,BUSY,M-L-001,V2
95,95,M-UAV-01,M600,31.3108767,120.6039862,30.5,AVAILABLE,,
95,95,M-UAV-02,M600,31.2971716,120.5956323,30.5,AVAILABLE,,
96,96,EVTOL-01,EC35,31.3005979,120.5958323,199.9,BUSY,M-P-001,V2
96,96,L-UAV-01,AMZN,31.3030748,120.5993104,100.0,BUSY,M-L-001,V2
96,96,M-UAV-01,M600,31.3108767,120.6039862,30.5,AVAILABLE,,
96,96,M-UAV-02,M600,31.2971716,120.5956323,30.5,AVAILABLE,,
97,97,EVTOL-01,EC35,31.3002351,120.5958111,199.9,BUSY,M-P-001,V2
97,97,L-UAV-01,AMZN,31.3029551,120.5992359,100.0,BUSY,M-L-001,V2
97,97,M-UAV-01,M600,31.3108767,120.6039862,30.5,AVAILABLE,,
97,97,M-UAV-02,M600,31.2971716,120.5956323,30.5,AVAILABLE,,
98,98,EVTOL-01,EC35,31.2998724,120.5957899,199.9,BUSY,M-P-001,V2
98,98,L-UAV-01,AMZN,31.3028355,120.5991613,100.0,BUSY,M-L-001,V2
98,98,M-UAV-01,M600,31.3108767,120.6039862,30.5,AVAILABLE,,
98,98,M-UAV-02,M600,31.2971716,120.5956323,30.5,AVAILABLE,,
99,99,EVTOL-01,EC35,31.2995097,120.5957688,199.9,BUSY,M-P-001,V2
99,99,L-UAV-01,AMZN,31.3027159,120.5990868,100.0,BUSY,M-L-001,V2
99,99,M-UAV-01,M600,31.3108767,120.6039862,30.5,AVAILABLE,,
99,99,M-UAV-02,M600,31.2971716,120.5956323,30.5,AVAILABLE,,
100,100,EVTOL-01,EC35,31.2991469,120.5957476,199.9,BUSY,M-P-001,V2
100,100,L-UAV-01,AMZN,31.3025962,120.5990122,100.0,BUSY,M-L-001,V2
100,100,M-UAV-01,M600,31.3108767,120.6039862,30.5,AVAILABLE,,
100,100,M-UAV-02,M600,31.2971716,120.5956323,30.5,AVAILABLE,,
101,101,EVTOL-01,EC35,31.2987842,120.5957264,199.9,BUSY,M-P-001,V2
101,101,L-UAV-01,AMZN,31.3024766,120.5989377,100.0,BUSY,M-L-001,V2
101,101,M-UAV-01,M600,31.3108767,120.6039862,30.5,AVAILABLE,,
101,101,M-UAV-02,M600,31.2971716,120.5956323,30.5,AVAILABLE,,
102,102,EVTOL-01,EC35,31.2984214,120.5957053,199.9,BUSY,M-P-001,V2
102,102,L-UAV-01,AMZN,31.3023569,120.5988631,100.0,BUSY,M-L-001,V2
102,102,M-UAV-01,M600,31.3108767,120.6039862,30.5,AVAILABLE,,
102,102,M-UAV-02,M600,31.2971716,120.5956323,30.5,AVAILABLE,,
103,103,EVTOL-01,EC35,31.2980587,120.5956841,199.9,BUSY,M-P-001,V1
103,103,L-UAV-01,AMZN,31.3022373,120.5987886,100.0,BUSY,M-L-001,V2
103,103,M-UAV-01,M600,31.3108767,120.6039862,30.5,AVAILABLE,,
103,103,M-UAV-02,M600,31.2971716,120.5956323,30.5,AVAILABLE,,
104,104,EVTOL-01,EC35,31.2976962,120.5957110,199.9,BUSY,M-P-001,V1
104,104,L-UAV-01,AMZN,31.3021176,120.5987140,100.0,BUSY,M-L-001,V2
104,104,M-UAV-01,M600,31.3108767,120.6039862,30.5,AVAILABLE,,
104,104,M-UAV-02,M600,31.2971716,120.5956323,30.5,AVAILABLE,,
105,105,EVTOL-01,EC35,31.2973387,120.5957857,199.9,BUSY,M-P-001,V1
105,105,L-UAV-01,AMZN,31.3019980,120.5986395,100.0,BUSY,M-L-001,V2
105,105,M-UAV-01,M600,31.3108767,120.6039862,30.5,AVAILABLE,,
105,105,M-UAV-02,M600,31.2971716,120.5956323,30.5,AVAILABLE,,
106,106,EVTOL-01,EC35,31.2969907,120.5959072,199.9,BUSY,M-P-001,V1
106,106,L-UAV-01,AMZN,31.3018783,120.5985649,100.0,BUSY,M-L-001,V2
106,106,M-UAV-01,M600,31.3108767,120.6039862,30.5,AVAILABLE,,
106,106,M-UAV-02,M600,31.2971716,120.5956323,30.5,AVAILABLE,,
107,107,EVTOL-01,EC35,31.2966566,120.5960740,199.9,BUSY,M-P-001,V1
107,107,L-UAV-01,AMZN,31.3017587,120.5984904,100.0,BUSY,M-L-001,V2
107,107,M-UAV-01,M600,31.3108767,120.6039862,30.5,AVAILABLE,,
107,107,M-UAV-02,M600,31.2971716,120.5956323,30.5,AVAILABLE,,
108,108,EVTOL-01,EC35,31.2963407,120.5962838,199.9,BUSY,M-P-001,V1
108,108,L-UAV-01,AMZN,31.3016390,120.5984158,100.0,BUSY,M-L-001,V2
108,108,M-UAV-01,M600,31.3108767,120.6039862,30.5,AVAILABLE,,
108,108,M-UAV-02,M600,31.2971716,120.5956323,30.5,AVAILABLE,,
109,109,EVTOL-01,EC35,31.2960472,120.5965341,199.9,BUSY,M-P-001,V1
109,109,L-UAV-01,AMZN,31.3015194,120.5983412,100.0,BUSY,M-L-001,V2
109,109,M-UAV-01,M600,31.3108767,120.6039862,30.5,AVAILABLE,,
109,109,M-UAV-02,M600,31.2971716,120.5956323,30.5,AVAILABLE,,
110,110,EVTOL-01,EC35,31.2957797,120.5968215,199.9,BUSY,M-P-001,V1
110,110,L-UAV-01,AMZN,31.3013997,120.5982667,100.0,BUSY,M-L-001,V2
110,110,M-UAV-01,M600,31.3108767,120.6039862,30.5,AVAILABLE,,
110,110,M-UAV-02,M600,31.2971716,120.5956323,30.5,AVAILABLE,,
111,111,EVTOL-01,EC35,31.2955416,120.5971425,199.9,BUSY,M-P-001,V1
111,111,L-UAV-01,AMZN,31.3012801,120.5981921,100.0,BUSY,M-L-001,V2
111,111,M-UAV-01,M600,31.3108767,120.6039862,30.5,AVAILABLE,,
111,111,M-UAV-02,M600,31.2971716,120.5956323,30.5,AVAILABLE,,
112,112,EVTOL-01,EC35,31.2953361,120.5974930,199.9,BUSY,M-P-001,V1
112,112,L-UAV-01,AMZN,31.3011604,120.5981176,100.0,BUSY,M-L-001,V2
112,112,M-UAV-01,M600,31.3108767,120.6039862,30.5,AVAILABLE,,
112,112,M-UAV-02,M600,31.2971716,120.5956323,30.5,AVAILABLE,,
113,113,EVTOL-01,EC35,31.2951657,120.5978683,199.9,BUSY,M-P-001,V1
113,113,L-UAV-01,AMZN,31.3010408,120.5980430,100.0,BUSY,M-L-001,V2
113,113,M-UAV-01,M600,31.3108767,120.6039862,30.5,AVAILABLE,,
113,113,M-UAV-02,M600,31.2971716,120.5956323,30.5,AVAILABLE,,
114,114,EVTOL-01,EC35,31.2950327,120.5982638,199.9,BUSY,M-P-001,V1
114,114,L-UAV-01,AMZN,31.3009211,120.5979685,100.0,BUSY,M-L-001,V2
114,114,M-UAV-01,M600,31.3108767,120.6039862,30.5,AVAILABLE,,
114,114,M-UAV-02,M600,31.2971716,120.5956323,30.5,AVAILABLE,,
115,115,EVTOL-01,EC35,31.2949387,120.5986744,199.9,BUSY,M-P-001,V1
115,115,L-UAV-01,AMZN,31.3008015,120.5978940,100.0,BUSY,M-L-001,V2
115,115,M-UAV-01,M600,31.3108767,120.6039862,30.5,AVAILABLE,,
115,115,M-UAV-02,M600,31.2971716,120.5956323,30.5,AVAILABLE,,
116,116,EVTOL-01,EC35,31.2948849,120.5990947,199.9,BUSY,M-P-001,V1
116,116,L-UAV-01,AMZN,31.3006819,120.5978194,100.0,BUSY,M-L-001,V2
116,116,M-UAV-01,M600,31.3108767,120.6039862,30.5,AVAILABLE,,
116,116,M-UAV-02,M600,31.2971716,120.5956323,30.5,AVAILABLE,,
117,117,EVTOL-01,EC35,31.2948721,120.5995195,199.9,BUSY,M-P-001,V1
117,117,L-UAV-01,AMZN,31.3005622,120.5977449,100.0,BUSY,M-L-001,V2
117,117,M-UAV-01,M600,31.3108767,120.6039862,30.5,AVAILABLE,,
117,117,M-UAV-02,M600,31.2971716,120.5956323,30.5,AVAILABLE,,
118,118,EVTOL-01,EC35,31.2949003,120.5999432,199.9,BUSY,M-P-001,V1
118,118,L-UAV-01,AMZN,31.3004426,120.5976703,100.0,BUSY,M-L-001,V2
118,118,M-UAV-01,M600,31.3108767,120.6039862,30.5,AVAILABLE,,
118,118,M-UAV-02,M600,31.2971716,120.5956323,30.5,AVAILABLE,,
119,119,EVTOL-01,EC35,31.2949693,120.6003605,199.9,BUSY,M-P-001,V1
119,119,L-UAV-01,AMZN,31.3003229,120.5975958,100.0,BUSY,M-L-001,V2
119,119,M-UAV-01,M600,31.3108767,120.6039862,30.5,AVAILABLE,,
119,119,M-UAV-02,M600,31.2971716,120.5956323,30.5,AVAILABLE,,
120,120,EVTOL-01,EC35,31.2950782,120.6007660,199.9,BUSY,M-P-001,V1
120,120,L-UAV-01,AMZN,31.3002033,120.5975212,100.0,BUSY,M-L-001,V2
120,120,M-UAV-01,M600,31.3108767,120.6039862,30.5,AVAILABLE,,
120,120,M-UAV-02,M600,31.2971716,120.5956323,30.5,AVAILABLE,,
121,121,EVTOL-01,EC35,31.2952255,120.6011545,199.9,BUSY,M-P-001,V1
121,121,L-UAV-01,AMZN,31.3000836,120.5974467,100.0,BUSY,M-L-001,V2
121,121,M-UAV-01,M600,31.3108767,120.6039862,30.5,AVAILABLE,,
121,121,M-UAV-02,M600,31.2971716,120.5956323,30.5,AVAILABLE,,
122,122,EVTOL-01,EC35,31.2954093,120.6015211,199.9,BUSY,M-P-001,V1
122,122,L-UAV-01,AMZN,31.2999640,120.5973721,100.0,BUSY,M-L-001,V2
122,122,M-UAV-01,M600,31.3108767,120.6039862,30.5,AVAILABLE,,
122,122,M-UAV-02,M600,31.2971716,120.5956323,30.5,AVAILABLE,,
123,123,EVTOL-01,EC35,31.2956274,120.6018610,199.9,BUSY,M-P-001,V1
123,123,L-UAV-01,AMZN,31.2998443,120.5972976,100.0,BUSY,M-L-001,V2
123,123,M-UAV-01,M600,31.3108767,120.6039862,30.5,AVAILABLE,,
123,123,M-UAV-02,M600,31.2971716,120.5956323,30.5,AVAILABLE,,
124,124,EVTOL-01,EC35,31.2958769,120.6021698,199.9,BUSY,M-P-001,V1
124,124,L-UAV-01,AMZN,31.2997247,120.5972230,100.0,BUSY,M-L-001,V2
124,124,M-UAV-01,M600,31.3108767,120.6039862,30.5,AVAILABLE,,
124,124,M-UAV-02,M600,31.2971716,120.5956323,30.5,AVAILABLE,,
125,125,EVTOL-01,EC35,31.2961546,120.6024437,199.9,BUSY,M-P-001,V1
125,125,L-UAV-01,AMZN,31.2996050,120.5971485,100.0,BUSY,M-L-001,V2
125,125,M-UAV-01,M600,31.3108767,120.6039862,30.5,AVAILABLE,,
125,125,M-UAV-02,M600,31.2971716,120.5956323,30.5,AVAILABLE,,
126,126,EVTOL-01,EC35,31.2964570,120.6026792,199.9,BUSY,M-P-001,V1
126,126,L-UAV-01,AMZN,31.2994854,120.5970739,100.0,BUSY,M-L-001,V2
126,126,M-UAV-01,M600,31.3108767,120.6039862,30.5,AVAILABLE,,
126,126,M-UAV-02,M600,31.2971716,120.5956323,30.5,AVAILABLE,,
127,127,EVTOL-01,EC35,31.2967802,120.6028731,199.9,BUSY,M-P-001,V1
127,127,L-UAV-01,AMZN,31.2993657,120.5969994,100.0,BUSY,M-L-001,V2
127,127,M-UAV-01,M600,31.3108767,120.6039862,30.5,AVAILABLE,,
127,127,M-UAV-02,M600,31.2971716,120.5956323,30.5,AVAILABLE,,
128,128,EVTOL-01,EC35,31.2971200,120.6030231,199.9,BUSY,M-P-001,V1
128,128,L-UAV-01,AMZN,31.2992461,120.5969248,100.0,BUSY,M-L-001,V2
128,128,M-UAV-01,M600,31.3108767,120.6039862,30.5,AVAILABLE,,
128,128,M-UAV-02,M600,31.2971716,120.5956323,30.5,AVAILABLE,,
129,129,EVTOL-01,EC35,31.2974721,120.6031271,199.9,BUSY,M-P-001,V1
129,129,L-UAV-01,AMZN,31.2991264,120.5968503,100.0,BUSY,M-L-001,V2
129,129,M-UAV-01,M600,31.3108767,120.6039862,30.5,AVAILABLE,,
129,129,M-UAV-02,M600,31.2971716,120.5956323,30.5,AVAILABLE,,
130,130,EVTOL-01,EC35,31.2978321,120.6031840,199.9,BUSY,M-P-001,V1
130,130,L-UAV-01,AMZN,31.2990068,120.5967757,100.0,BUSY,M-L-001,V2
130,130,M-UAV-01,M600,31.3108767,120.6039862,30.5,AVAILABLE,,
130,130,M-UAV-02,M600,31.2971716,120.5956323,30.5,AVAILABLE,,
131,131,EVTOL-01,EC35,31.2981948,120.6032063,199.9,BUSY,M-P-001,V1
131,131,L-UAV-01,AMZN,31.2988871,120.5967012,100.0,BUSY,M-L-001,V2
131,131,M-UAV-01,M600,31.3108767,120.6039862,30.5,AVAILABLE,,
131,131,M-UAV-02,M600,31.2971716,120.5956323,30.5,AVAILABLE,,
132,132,EVTOL-01,EC35,31.2985574,120.6032286,199.9,BUSY,M-P-001,V1
132,132,L-UAV-01,AMZN,31.2987675,120.5966266,100.0,BUSY,M-L-001,V2
132,132,M-UAV-01,M600,31.3108767,120.6039862,30.5,AVAILABLE,,
132,132,M-UAV-02,M600,31.2971716,120.5956323,30.5,AVAILABLE,,
133,133,EVTOL-01,EC35,31.2989201,120.6032509,199.9,BUSY,M-P-001,V1
133,133,L-UAV-01,AMZN,31.2986478,120.5965521,100.0,BUSY,M-L-001,V2
133,133,M-UAV-01,M600,31.3108767,120.6039862,30.5,AVAILABLE,,
133,133,M-UAV-02,M600,31.2971716,120.5956323,30.5,AVAILABLE,,
134,134,EVTOL-01,EC35,31.2992828,120.6032732,199.9,BUSY,M-P-001,V1
134,134,L-UAV-01,AMZN,31.2985282,120.5964776,100.0,BUSY,M-L-001,V2
134,134,M-UAV-01,M600,31.3108767,120.6039862,30.5,AVAILABLE,,
134,134,M-UAV-02,M600,31.2971716,120.5956323,30.5,AVAILABLE,,
135,135,EVTOL-01,EC35,31.2996455,120.6032955,199.9,BUSY,M-P-001,V1
135,135,L-UAV-01,AMZN,31.2984085,120.5964030,100.0,BUSY,M-L-001,V2
135,135,M-UAV-01,M600,31.3108767,120.6039862,30.5,AVAILABLE,,
135,135,M-UAV-02,M600,31.2971716,120.5956323,30.5,AVAILABLE,,
136,136,EVTOL-01,EC35,31.3000082,120.6033178,199.9,BUSY,M-P-001,V1
136,136,L-UAV-01,AMZN,31.2982889,120.5963285,100.0,BUSY,M-L-001,V2
136,136,M-UAV-01,M600,31.3108767,120.6039862,30.5,AVAILABLE,,
136,136,M-UAV-02,M600,31.2971716,120.5956323,30.5,AVAILABLE,,
137,137,EVTOL-01,EC35,31.3003709,120.6033401,199.9,BUSY,M-P-001,V1
137,137,L-UAV-01,AMZN,31.2981692,120.5962539,100.0,BUSY,M-L-001,V2
137,137,M-UAV-01,M600,31.3108767,120.6039862,30.5,AVAILABLE,,
137,137,M-UAV-02,M600,31.2971716,120.5956323,30.5,AVAILABLE,,
138,138,EVTOL-01,EC35,31.3007336,120.6033624,199.9,BUSY,M-P-001,V1
138,138,L-UAV-01,AMZN,31.2980496,120.5961794,100.0,BUSY,M-L-001,V2
138,138,M-UAV-01,M600,31.3108767,120.6039862,30.5,AVAILABLE,,
138,138,M-UAV-02,M600,31.2971716,120.5956323,30.5,AVAILABLE,,
139,139,EVTOL-01,EC35,31.3010963,120.6033847,199.9,BUSY,M-P-001,V1
139,139,L-UAV-01,AMZN,31.2979299,120.5961048,100.0,BUSY,M-L-001,V3
139,139,M-UAV-01,M600,31.3108767,120.6039862,30.5,AVAILABLE,,
139,139,M-UAV-02,M600,31.2971716,120.5956323,30.5,AVAILABLE,,
140,140,EVTOL-01,EC35,31.3014590,120.6034070,199.9,BUSY,M-P-001,V1
140,140,L-UAV-01,AMZN,31.2977967,120.5960755,100.0,BUSY,M-L-001,V3
140,140,M-UAV-01,M600,31.3108767,120.6039862,30.5,AVAILABLE,,
140,140,M-UAV-02,M600,31.2971716,120.5956323,30.5,AVAILABLE,,
141,141,EVTOL-01,EC35,31.3018217,120.6034293,199.9,BUSY,M-P-001,V1
141,141,L-UAV-01,AMZN,31.2976621,120.5960941,100.0,BUSY,M-L-001,V3
141,141,M-UAV-01,M600,31.3108767,120.6039862,30.5,AVAILABLE,,
141,141,M-UAV-02,M600,31.2971716,120.5956323,30.5,AVAILABLE,,
142,142,EVTOL-01,EC35,31.3021843,120.6034516,199.9,BUSY,M-P-001,V1
142,142,L-UAV-01,AMZN,31.2975384,120.5961590,100.0,BUSY,M-L-001,V3
142,142,M-UAV-01,M600,31.3108767,120.6039862,30.5,AVAILABLE,,
142,142,M-UAV-02,M600,31.2971716,120.5956323,30.5,AVAILABLE,,
143,143,EVTOL-01,EC35,31.3025470,120.6034739,199.9,BUSY,M-P-001,V1
143,143,L-UAV-01,AMZN,31.2974369,120.5962641,100.0,BUSY,M-L-001,V3
143,143,M-UAV-01,M600,31.3108767,120.6039862,30.5,AVAILABLE,,
143,143,M-UAV-02,M600,31.2971716,120.5956323,30.5,AVAILABLE,,
144,144,EVTOL-01,EC35,31.3029097,120.6034962,199.9,BUSY,M-P-001,V1
144,144,L-UAV-01,AMZN,31.2973669,120.5963999,100.0,BUSY,M-L-001,V3
144,144,M-UAV-01,M600,31.3108767,120.6039862,30.5,AVAILABLE,,
144,144,M-UAV-02,M600,31.2971716,120.5956323,30.5,AVAILABLE,,
145,145,EVTOL-01,EC35,31.3032724,120.6035185,199.9,BUSY,M-P-001,V1
145,145,L-UAV-01,AMZN,31.2973347,120.5965540,100.0,BUSY,M-L-001,V3
145,145,M-UAV-01,M600,31.3108767,120.6039862,30.5,AVAILABLE,,
145,145,M-UAV-02,M600,31.2971716,120.5956323,30.5,AVAILABLE,,
146,146,EVTOL-01,EC35,31.3036351,120.6035408,199.9,BUSY,M-P-001,V1
146,146,L-UAV-01,AMZN,31.2973433,120.5967123,100.0,BUSY,M-L-001,V3
146,146,M-UAV-01,M600,31.3108767,120.6039862,30.5,AVAILABLE,,
146,146,M-UAV-02,M600,31.2971716,120.5956323,30.5,AVAILABLE,,
147,147,EVTOL-01,EC35,31.3039978,120.6035631,199.9,BUSY,M-P-001,V1
147,147,L-UAV-01,AMZN,31.2973920,120.5968604,100.0,BUSY,M-L-001,V3
147,147,M-UAV-01,M600,31.3108767,120.6039862,30.5,AVAILABLE,,
147,147,M-UAV-02,M600,31.2971716,120.5956323,30.5,AVAILABLE,,
148,148,EVTOL-01,EC35,31.3043605,120.6035854,199.9,BUSY,M-P-001,V1
148,148,L-UAV-01,AMZN,31.2974762,120.5969846,100.0,BUSY,M-L-001,V3
148,148,M-UAV-01,M600,31.3108767,120.6039862,30.5,AVAILABLE,,
148,148,M-UAV-02,M600,31.2971716,120.5956323,30.5,AVAILABLE,,
149,149,EVTOL-01,EC35,31.3047232,120.6036077,199.9,BUSY,M-P-001,V1
149,149,L-UAV-01,AMZN,31.2975884,120.5970738,100.0,BUSY,M-L-001,V3
149,149,M-UAV-01,M600,31.3108767,120.6039862,30.5,AVAILABLE,,
149,149,M-UAV-02,M600,31.2971716,120.5956323,30.5,AVAILABLE,,
150,150,EVTOL-01,EC35,31.3050859,120.6036300,199.9,BUSY,M-P-001,V1
150,150,L-UAV-01,AMZN,31.2977075,120.5971493,100.0,BUSY,M-L-001,V3
150,150,M-UAV-01,M600,31.3108767,120.6039862,30.5,AVAILABLE,,
150,150,M-UAV-02,M600,31.2971716,120.5956323,30.5,AVAILABLE,,
151,151,EVTOL-01,EC35,31.3054486,120.6036523,199.9,BUSY,M-P-001,V1
151,151,L-UAV-01,AMZN,31.2978267,120.5972249,100.0,BUSY,M-L-001,V3
151,151,M-UAV-01,M600,31.3108767,120.6039862,30.5,AVAILABLE,,
151,151,M-UAV-02,M600,31.2971716,120.5956323,30.5,AVAILABLE,,
152,152,EVTOL-01,EC35,31.3058112,120.6036746,199.9,BUSY,M-P-001,V1
152,152,L-UAV-01,AMZN,31.2979459,120.5973004,100.0,BUSY,M-L-001,V3
152,152,M-UAV-01,M600,31.3108767,120.6039862,30.5,AVAILABLE,,
152,152,M-UAV-02,M600,31.2971716,120.5956323,30.5,AVAILABLE,,
153,153,EVTOL-01,EC35,31.3061739,120.6036969,199.9,BUSY,M-P-001,V1
153,153,L-UAV-01,AMZN,31.2980651,120.5973760,100.0,BUSY,M-L-001,V3
153,153,M-UAV-01,M600,31.3108767,120.6039862,30.5,AVAILABLE,,
153,153,M-UAV-02,M600,31.2971716,120.5956323,30.5,AVAILABLE,,
154,154,EVTOL-01,EC35,31.3065366,120.6037192,199.9,BUSY,M-P-001,V1
154,154,L-UAV-01,AMZN,31.2981843,120.5974515,100.0,BUSY,M-L-001,V3
154,154,M-UAV-01,M600,31.3108767,120.6039862,30.5,AVAILABLE,,
154,154,M-UAV-02,M600,31.2971716,120.5956323,30.5,AVAILABLE,,
155,155,EVTOL-01,EC35,31.3068993,120.6037415,199.9,BUSY,M-P-001,V1
155,155,L-UAV-01,AMZN,31.2983035,120.5975270,100.0,BUSY,M-L-001,V3
155,155,M-UAV-01,M600,31.3108767,120.6039862,30.5,AVAILABLE,,
155,155,M-UAV-02,M600,31.2971716,120.5956323,30.5,AVAILABLE,,
156,156,EVTOL-01,EC35,31.3072620,120.6037638,199.9,BUSY,M-P-001,V1
156,156,L-UAV-01,AMZN,31.2984227,120.5976026,100.0,BUSY,M-L-001,V3
156,156,M-UAV-01,M600,31.3108767,120.6039862,30.5,AVAILABLE,,
156,156,M-UAV-02,M600,31.2971716,120.5956323,30.5,AVAILABLE,,
157,157,EVTOL-01,EC35,31.3076247,120.6037861,199.9,BUSY,M-P-001,V1
157,157,L-UAV-01,AMZN,31.2985419,120.5976781,100.0,BUSY,M-L-001,V3
157,157,M-UAV-01,M600,31.3108767,120.6039862,30.5,AVAILABLE,,
157,157,M-UAV-02,M600,31.2971716,120.5956323,30.5,AVAILABLE,,
158,158,EVTOL-01,EC35,31.3079874,120.6038085,199.9,BUSY,M-P-001,V1
158,158,L-UAV-01,AMZN,31.2986611,120.5977537,100.0,BUSY,M-L-001,V3
158,158,M-UAV-01,M600,31.3108767,120.6039862,30.5,AVAILABLE,,
158,158,M-UAV-02,M600,31.2971716,120.5956323,30.5,AVAILABLE,,
159,159,EVTOL-01,EC35,31.3083501,120.6038308,199.9,BUSY,M-P-001,V1
159,159,L-UAV-01,AMZN,31.2987803,120.5978292,100.0,BUSY,M-L-001,V3
159,159,M-UAV-01,M600,31.3108767,120.6039862,30.5,AVAILABLE,,
159,159,M-UAV-02,M600,31.2971716,120.5956323,30.5,AVAILABLE,,
160,160,EVTOL-01,EC35,31.3087128,120.6038531,199.9,BUSY,M-P-001,V1
160,160,L-UAV-01,AMZN,31.2988995,120.5979048,100.0,BUSY,M-L-001,V3
160,160,M-UAV-01,M600,31.3108767,120.6039862,30.5,AVAILABLE,,
160,160,M-UAV-02,M600,31.2971716,120.5956323,30.5,AVAILABLE,,
161,161,EVTOL-01,EC35,31.3090755,120.6038754,199.9,BUSY,M-P-001,V1
161,161,L-UAV-01,AMZN,31.2990186,120.5979803,100.0,BUSY,M-L-001,V3
161,161,M-UAV-01,M600,31.3108767,120.6039862,30.5,AVAILABLE,,
161,161,M-UAV-02,M600,31.2971716,120.5956323,30.5,AVAILABLE,,
162,162,EVTOL-01,EC35,31.3094381,120.6038977,199.9,BUSY,M-P-001,V1
162,162,L-UAV-01,AMZN,31.2991378,120.5980558,100.0,BUSY,M-L-001,V3
162,162,M-UAV-01,M600,31.3108767,120.6039862,30.5,AVAILABLE,,
162,162,M-UAV-02,M600,31.2971716,120.5956323,30.5,AVAILABLE,,
163,163,EVTOL-01,EC35,31.3098008,120.6039200,199.9,BUSY,M-P-001,V1
163,163,L-UAV-01,AMZN,31.2992570,120.5981314,100.0,BUSY,M-L-001,V3
163,163,M-UAV-01,M600,31.3108767,120.6039862,30.5,AVAILABLE,,
163,163,M-UAV-02,M600,31.2971716,120.5956323,30.5,AVAILABLE,,
164,164,EVTOL-01,EC35,31.3101635,120.6039423,199.9,BUSY,M-P-001,V2
164,164,L-UAV-01,AMZN,31.2993762,120.5982069,100.0,BUSY,M-L-001,V3
164,164,M-UAV-01,M600,31.3108767,120.6039862,30.5,AVAILABLE,,
164,164,M-UAV-02,M600,31.2971716,120.5956323,30.5,AVAILABLE,,
165,165,EVTOL-01,EC35,31.3105260,120.6039165,199.9,BUSY,M-P-001,V2
165,165,L-UAV-01,AMZN,31.2994954,120.5982825,100.0,BUSY,M-L-001,V3
165,165,M-UAV-01,M600,31.3108767,120.6039862,30.5,AVAILABLE,,
165,165,M-UAV-02,M600,31.2971716,120.5956323,30.5,AVAILABLE,,
166,166,EVTOL-01,EC35,31.3108838,120.6038429,199.9,BUSY,M-P-001,V2
166,166,L-UAV-01,AMZN,31.2996146,120.5983580,100.0,BUSY,M-L-001,V3
166,166,M-UAV-01,M600,31.3108767,120.6039862,30.5,AVAILABLE,,
166,166,M-UAV-02,M600,31.2971716,120.5956323,30.5,AVAILABLE,,
167,167,EVTOL-01,EC35,31.3112321,120.6037225,199.9,BUSY,M-P-001,V2
167,167,L-UAV-01,AMZN,31.2997338,120.5984336,100.0,BUSY,M-L-001,V3
167,167,M-UAV-01,M600,31.3108767,120.6039862,30.5,AVAILABLE,,
167,167,M-UAV-02,M600,31.2971716,120.5956323,30.5,AVAILABLE,,
168,168,EVTOL-01,EC35,31.3115665,120.6035568,199.9,BUSY,M-P-001,V2
168,168,L-UAV-01,AMZN,31.2998530,120.5985091,100.0,BUSY,M-L-001,V3
168,168,M-UAV-01,M600,31.3108767,120.6039862,30.5,AVAILABLE,,
168,168,M-UAV-02,M600,31.2971716,120.5956323,30.5,AVAILABLE,,
169,169,EVTOL-01,EC35,31.3118829,120.6033479,199.9,BUSY,M-P-001,V2
169,169,L-UAV-01,AMZN,31.2999722,120.5985847,100.0,BUSY,M-L-001,V3
169,169,M-UAV-01,M600,31.3108767,120.6039862,30.5,AVAILABLE,,
169,169,M-UAV-02,M600,31.2971716,120.5956323,30.5,AVAILABLE,,
170,170,EVTOL-01,EC35,31.3121770,120.6030985,199.9,BUSY,M-P-001,V2
170,170,L-UAV-01,AMZN,31.3000914,120.5986602,100.0,BUSY,M-L-001,V3
170,170,M-UAV-01,M600,31.3108767,120.6039862,30.5,AVAILABLE,,
170,170,M-UAV-02,M600,31.2971716,120.5956323,30.5,AVAILABLE,,
171,171,EVTOL-01,EC35,31.3124452,120.6028118,199.9,BUSY,M-P-001,V2
171,171,L-UAV-01,AMZN,31.3002106,120.5987357,100.0,BUSY,M-L-001,V3
171,171,M-UAV-01,M600,31.3108767,120.6039862,30.5,AVAILABLE,,
171,171,M-UAV-02,M600,31.2971716,120.5956323,30.5,AVAILABLE,,
172,172,EVTOL-01,EC35,31.3126839,120.6024915,199.9,BUSY,M-P-001,V2
172,172,L-UAV-01,AMZN,31.3003297,120.5988113,100.0,BUSY,M-L-001,V3
172,172,M-UAV-01,M600,31.3108767,120.6039862,30.5,AVAILABLE,,
172,172,M-UAV-02,M600,31.2971716,120.5956323,30.5,AVAILABLE,,
173,173,EVTOL-01,EC35,31.3128903,120.6021416,199.9,BUSY,M-P-001,V2
173,173,L-UAV-01,AMZN,31.3004489,120.5988868,100.0,BUSY,M-L-001,V3
173,173,M-UAV-01,M600,31.3108767,120.6039862,30.5,AVAILABLE,,
173,173,M-UAV-02,M600,31.2971716,120.5956323,30.5,AVAILABLE,,
174,174,EVTOL-01,EC35,31.3130615,120.6017667,199.9,BUSY,M-P-001,V2
174,174,L-UAV-01,AMZN,31.3005681,120.5989624,100.0,BUSY,M-L-001,V3
174,174,M-UAV-01,M600,31.3108767,120.6039862,30.5,AVAILABLE,,
174,174,M-UAV-02,M600,31.2971716,120.5956323,30.5,AVAILABLE,,
175,175,EVTOL-01,EC35,31.3131954,120.6013716,199.9,BUSY,M-P-001,V2
175,175,L-UAV-01,AMZN,31.3006873,120.5990379,100.0,BUSY,M-L-001,V3
175,175,M-UAV-01,M600,31.3108767,120.6039862,30.5,AVAILABLE,,
175,175,M-UAV-02,M600,31.2971716,120.5956323,30.5,AVAILABLE,,
176,176,EVTOL-01,EC35,31.3132904,120.6009613,199.9,BUSY,M-P-001,V2
176,176,L-UAV-01,AMZN,31.3008065,120.5991135,100.0,BUSY,M-L-001,V3
176,176,M-UAV-01,M600,31.3108767,120.6039862,30.5,AVAILABLE,,
176,176,M-UAV-02,M600,31.2971716,120.5956323,30.5,AVAILABLE,,
177,177,EVTOL-01,EC35,31.3133451,120.6005410,199.9,BUSY,M-P-001,V2
177,177,L-UAV-01,AMZN,31.3009257,120.5991890,100.0,BUSY,M-L-001,V3
177,177,M-UAV-01,M600,31.3108767,120.6039862,30.5,AVAILABLE,,
177,177,M-UAV-02,M600,31.2971716,120.5956323,30.5,AVAILABLE,,
178,178,EVTOL-01,EC35,31.3133589,120.6001162,199.9,BUSY,M-P-001,V2
178,178,L-UAV-01,AMZN,31.3010449,120.5992646,100.0,BUSY,M-L-001,V3
178,178,M-UAV-01,M600,31.3108767,120.6039862,30.5,AVAILABLE,,
178,178,M-UAV-02,M600,31.2971716,120.5956323,30.5,AVAILABLE,,
179,179,EVTOL-01,EC35,31.3133316,120.5996923,199.9,BUSY,M-P-001,V2
179,179,L-UAV-01,AMZN,31.3011641,120.5993401,100.0,BUSY,M-L-001,V3
179,179,M-UAV-01,M600,31.3108767,120.6039862,30.5,AVAILABLE,,
179,179,M-UAV-02,M600,31.2971716,120.5956323,30.5,AVAILABLE,,
180,180,EVTOL-01,EC35,31.3132636,120.5992747,199.9,BUSY,M-P-001,V2
180,180,L-UAV-01,AMZN,31.3012833,120.5994157,100.0,BUSY,M-L-001,V3
180,180,M-UAV-01,M600,31.3108767,120.6039862,30.5,AVAILABLE,,
180,180,M-UAV-02,M600,31.2971716,120.5956323,30.5,AVAILABLE,,
181,181,EVTOL-01,EC35,31.3131557,120.5988688,199.9,BUSY,M-P-001,V2
181,181,L-UAV-01,AMZN,31.3014025,120.5994912,100.0,BUSY,M-L-001,V3
181,181,M-UAV-01,M600,31.3108767,120.6039862,30.5,AVAILABLE,,
181,181,M-UAV-02,M600,31.2971716,120.5956323,30.5,AVAILABLE,,
182,182,EVTOL-01,EC35,31.3130093,120.5984797,199.9,BUSY,M-P-001,V2
182,182,L-UAV-01,AMZN,31.3015216,120.5995668,100.0,BUSY,M-L-001,V3
182,182,M-UAV-01,M600,31.3108767,120.6039862,30.5,AVAILABLE,,
182,182,M-UAV-02,M600,31.2971716,120.5956323,30.5,AVAILABLE,,
183,183,EVTOL-01,EC35,31.3128263,120.5981126,199.9,BUSY,M-P-001,V2
183,183,L-UAV-01,AMZN,31.3016408,120.5996423,100.0,BUSY,M-L-001,V3
183,183,M-UAV-01,M600,31.3108767,120.6039862,30.5,AVAILABLE,,
183,183,M-UAV-02,M600,31.2971716,120.5956323,30.5,AVAILABLE,,
184,184,EVTOL-01,EC35,31.3126090,120.5977719,199.9,BUSY,M-P-001,V2
184,184,L-UAV-01,AMZN,31.3017600,120.5997179,100.0,BUSY,M-L-001,V3
184,184,M-UAV-01,M600,31.3108767,120.6039862,30.5,AVAILABLE,,
184,184,M-UAV-02,M600,31.2971716,120.5956323,30.5,AVAILABLE,,
185,185,EVTOL-01,EC35,31.3123602,120.5974622,199.9,BUSY,M-P-001,V2
185,185,L-UAV-01,AMZN,31.3018792,120.5997934,100.0,BUSY,M-L-001,V3
185,185,M-UAV-01,M600,31.3108767,120.6039862,30.5,AVAILABLE,,
185,185,M-UAV-02,M600,31.2971716,120.5956323,30.5,AVAILABLE,,
186,186,EVTOL-01,EC35,31.3120831,120.5971874,199.9,BUSY,M-P-001,V2
186,186,L-UAV-01,AMZN,31.3019984,120.5998689,100.0,BUSY,M-L-001,V3
186,186,M-UAV-01,M600,31.3108767,120.6039862,30.5,AVAILABLE,,
186,186,M-UAV-02,M600,31.2971716,120.5956323,30.5,AVAILABLE,,
187,187,EVTOL-01,EC35,31.3117813,120.5969510,199.9,BUSY,M-P-001,V2
187,187,L-UAV-01,AMZN,31.3021176,120.5999445,100.0,BUSY,M-L-001,V3
187,187,M-UAV-01,M600,31.3108767,120.6039862,30.5,AVAILABLE,,
187,187,M-UAV-02,M600,31.2971716,120.5956323,30.5,AVAILABLE,,
188,188,EVTOL-01,EC35,31.3114585,120.5967560,199.9,BUSY,M-P-001,V2
188,188,L-UAV-01,AMZN,31.3022368,120.6000200,100.0,BUSY,M-L-001,V3
188,188,M-UAV-01,M600,31.3108767,120.6039862,30.5,AVAILABLE,,
188,188,M-UAV-02,M600,31.2971716,120.5956323,30.5,AVAILABLE,,
189,189,EVTOL-01,EC35,31.3111190,120.5966049,199.9,BUSY,M-P-001,V2
189,189,L-UAV-01,AMZN,31.3023560,120.6000956,100.0,BUSY,M-L-001,V3
189,189,M-UAV-01,M600,31.3108767,120.6039862,30.5,AVAILABLE,,
189,189,M-UAV-02,M600,31.2971716,120.5956323,30.5,AVAILABLE,,
190,190,EVTOL-01,EC35,31.3107671,120.5964998,199.9,BUSY,M-P-001,V2
190,190,L-UAV-01,AMZN,31.3024752,120.6001711,100.0,BUSY,M-L-001,V3
190,190,M-UAV-01,M600,31.3108767,120.6039862,30.5,AVAILABLE,,
190,190,M-UAV-02,M600,31.2971716,120.5956323,30.5,AVAILABLE,,
191,191,EVTOL-01,EC35,31.3104073,120.5964418,199.9,BUSY,M-P-001,V2
191,191,L-UAV-01,AMZN,31.3025943,120.6002467,100.0,BUSY,M-L-001,V3
191,191,M-UAV-01,M600,31.3108767,120.6039862,30.5,AVAILABLE,,
191,191,M-UAV-02,M600,31.2971716,120.5956323,30.5,AVAILABLE,,
192,192,EVTOL-01,EC35,31.3100446,120.5964196,199.9,BUSY,M-P-001,V2
192,192,L-UAV-01,AMZN,31.3027135,120.6003222,100.0,BUSY,M-L-001,V3
192,192,M-UAV-01,M600,31.3108767,120.6039862,30.5,AVAILABLE,,
192,192,M-UAV-02,M600,31.2971716,120.5956323,30.5,AVAILABLE,,
193,193,EVTOL-01,EC35,31.3096819,120.5963974,199.9,BUSY,M-P-001,V2
193,193,L-UAV-01,AMZN,31.3028327,120.6003978,100.0,BUSY,M-L-001,V3
193,193,M-UAV-01,M600,31.3108767,120.6039862,30.5,AVAILABLE,,
193,193,M-UAV-02,M600,31.2971716,120.5956323,30.5,AVAILABLE,,
194,194,EVTOL-01,EC35,31.3093193,120.5963752,199.9,BUSY,M-P-001,V2
194,194,L-UAV-01,AMZN,31.3029519,120.6004733,100.0,BUSY,M-L-001,V3
194,194,M-UAV-01,M600,31.3108767,120.6039862,30.5,AVAILABLE,,
194,194,M-UAV-02,M600,31.2971716,120.5956323,30.5,AVAILABLE,,
195,195,EVTOL-01,EC35,31.3089566,120.5963531,199.9,BUSY,M-P-001,V2
195,195,L-UAV-01,AMZN,31.3030711,120.6005489,100.0,BUSY,M-L-001,V3
195,195,M-UAV-01,M600,31.3108767,120.6039862,30.5,AVAILABLE,,
195,195,M-UAV-02,M600,31.2971716,120.5956323,30.5,AVAILABLE,,
196,196,EVTOL-01,EC35,31.3085939,120.5963309,199.9,BUSY,M-P-001,V2
196,196,L-UAV-01,AMZN,31.3031903,120.6006244,100.0,BUSY,M-L-001,V3
196,196,M-UAV-01,M600,31.3108767,120.6039862,30.5,AVAILABLE,,
196,196,M-UAV-02,M600,31.2971716,120.5956323,30.5,AVAILABLE,,
197,197,EVTOL-01,EC35,31.3082312,120.5963087,199.9,BUSY,M-P-001,V2
197,197,L-UAV-01,AMZN,31.3033095,120.6007000,100.0,BUSY,M-L-001,V3
197,197,M-UAV-01,M600,31.3108767,120.6039862,30.5,AVAILABLE,,
197,197,M-UAV-02,M600,31.2971716,120.5956323,30.5,AVAILABLE,,
198,198,EVTOL-01,EC35,31.3078685,120.5962865,199.9,BUSY,M-P-001,V2
198,198,L-UAV-01,AMZN,31.3034287,120.6007755,100.0,BUSY,M-L-001,V3
198,198,M-UAV-01,M600,31.3108767,120.6039862,30.5,AVAILABLE,,
198,198,M-UAV-02,M600,31.2971716,120.5956323,30.5,AVAILABLE,,
199,199,EVTOL-01,EC35,31.3075058,120.5962643,199.9,BUSY,M-P-001,V2
199,199,L-UAV-01,AMZN,31.3035479,120.6008511,100.0,BUSY,M-L-001,V3
199,199,M-UAV-01,M600,31.3108767,120.6039862,30.5,AVAILABLE,,
199,199,M-UAV-02,M600,31.2971716,120.5956323,30.5,AVAILABLE,,
200,200,EVTOL-01,EC35,31.3071431,120.5962421,199.9,BUSY,M-P-001,V2
200,200,L-UAV-01,AMZN,31.3036670,120.6009266,100.0,BUSY,M-L-001,V3
200,200,M-UAV-01,M600,31.3108767,120.6039862,30.5,AVAILABLE,,
200,200,M-UAV-02,M600,31.2971716,120.5956323,30.5,AVAILABLE,,
201,201,EVTOL-01,EC35,31.3067804,120.5962200,199.9,BUSY,M-P-001,V2
201,201,L-UAV-01,AMZN,31.3037862,120.6010022,100.0,BUSY,M-L-001,V3
201,201,M-UAV-01,M600,31.3108767,120.6039862,30.5,AVAILABLE,,
201,201,M-UAV-02,M600,31.2971716,120.5956323,30.5,AVAILABLE,,
202,202,EVTOL-01,EC35,31.3064177,120.5961978,199.9,BUSY,M-P-001,V2
202,202,L-UAV-01,AMZN,31.3039054,120.6010777,100.0,BUSY,M-L-001,V3
202,202,M-UAV-01,M600,31.3108767,120.6039862,30.5,AVAILABLE,,
202,202,M-UAV-02,M600,31.2971716,120.5956323,30.5,AVAILABLE,,
203,203,EVTOL-01,EC35,31.3060550,120.5961756,199.9,BUSY,M-P-001,V2
203,203,L-UAV-01,AMZN,31.3040246,120.6011533,100.0,BUSY,M-L-001,V3
203,203,M-UAV-01,M600,31.3108767,120.6039862,30.5,AVAILABLE,,
203,203,M-UAV-02,M600,31.2971716,120.5956323,30.5,AVAILABLE,,
204,204,EVTOL-01,EC35,31.3056923,120.5961534,199.9,BUSY,M-P-001,V2
204,204,L-UAV-01,AMZN,31.3041438,120.6012289,100.0,BUSY,M-L-001,V3
204,204,M-UAV-01,M600,31.3108767,120.6039862,30.5,AVAILABLE,,
204,204,M-UAV-02,M600,31.2971716,120.5956323,30.5,AVAILABLE,,
205,205,EVTOL-01,EC35,31.3053296,120.5961312,199.9,BUSY,M-P-001,V2
205,205,L-UAV-01,AMZN,31.3042630,120.6013044,100.0,BUSY,M-L-001,V3
205,205,M-UAV-01,M600,31.3108767,120.6039862,30.5,AVAILABLE,,
205,205,M-UAV-02,M600,31.2971716,120.5956323,30.5,AVAILABLE,,
206,206,EVTOL-01,EC35,31.3049669,120.5961090,199.9,BUSY,M-P-001,V2
206,206,L-UAV-01,AMZN,31.3043822,120.6013800,100.0,BUSY,M-L-001,V3
206,206,M-UAV-01,M600,31.3108767,120.6039862,30.5,AVAILABLE,,
206,206,M-UAV-02,M600,31.2971716,120.5956323,30.5,AVAILABLE,,
207,207,EVTOL-01,EC35,31.3046042,120.5960869,199.9,BUSY,M-P-001,V2
207,207,L-UAV-01,AMZN,31.3045014,120.6014555,100.0,BUSY,M-L-001,V3
207,207,M-UAV-01,M600,31.3108767,120.6039862,30.5,AVAILABLE,,
207,207,M-UAV-02,M600,31.2971716,120.5956323,30.5,AVAILABLE,,
208,208,EVTOL-01,EC35,31.3042415,120.5960647,199.9,BUSY,M-P-001,V2
208,208,L-UAV-01,AMZN,31.3046206,120.6015311,100.0,BUSY,M-L-001,V3
208,208,M-UAV-01,M600,31.3108767,120.6039862,30.5,AVAILABLE,,
208,208,M-UAV-02,M600,31.2971716,120.5956323,30.5,AVAILABLE,,
209,209,EVTOL-01,EC35,31.3038788,120.5960425,199.9,BUSY,M-P-001,V2
209,209,L-UAV-01,AMZN,31.3047397,120.6016066,100.0,BUSY,M-L-001,V3
209,209,M-UAV-01,M600,31.3108767,120.6039862,30.5,AVAILABLE,,
209,209,M-UAV-02,M600,31.2971716,120.5956323,30.5,AVAILABLE,,
210,210,EVTOL-01,EC35,31.3035161,120.5960203,199.9,BUSY,M-P-001,V2
210,210,L-UAV-01,AMZN,31.3048589,120.6016822,100.0,BUSY,M-L-001,V3
210,210,M-UAV-01,M600,31.3108767,120.6039862,30.5,AVAILABLE,,
210,210,M-UAV-02,M600,31.2971716,120.5956323,30.5,AVAILABLE,,
211,211,EVTOL-01,EC35,31.3031534,120.5959981,199.9,BUSY,M-P-001,V2
211,211,L-UAV-01,AMZN,31.3049781,120.6017577,100.0,BUSY,M-L-001,V3
211,211,M-UAV-01,M600,31.3108767,120.6039862,30.5,AVAILABLE,,
211,211,M-UAV-02,M600,31.2971716,120.5956323,30.5,AVAILABLE,,
212,212,EVTOL-01,EC35,31.3027907,120.5959760,199.9,BUSY,M-P-001,V2
212,212,L-UAV-01,AMZN,31.3050973,120.6018333,100.0,BUSY,M-L-001,V3
212,212,M-UAV-01,M600,31.3108767,120.6039862,30.5,AVAILABLE,,
212,212,M-UAV-02,M600,31.2971716,120.5956323,30.5,AVAILABLE,,
213,213,EVTOL-01,EC35,31.3024280,120.5959538,199.9,BUSY,M-P-001,V2
213,213,L-UAV-01,AMZN,31.3052165,120.6019088,100.0,BUSY,M-L-001,V3
213,213,M-UAV-01,M600,31.3108767,120.6039862,30.5,AVAILABLE,,
213,213,M-UAV-02,M600,31.2971716,120.5956323,30.5,AVAILABLE,,
214,214,EVTOL-01,EC35,31.3020653,120.5959316,199.9,BUSY,M-P-001,V2
214,214,L-UAV-01,AMZN,31.3053357,120.6019844,100.0,BUSY,M-L-001,V3
214,214,M-UAV-01,M600,31.3108767,120.6039862,30.5,AVAILABLE,,
214,214,M-UAV-02,M600,31.2971716,120.5956323,30.5,AVAILABLE,,
215,215,EVTOL-01,EC35,31.3017026,120.5959094,199.9,BUSY,M-P-001,V2
215,215,L-UAV-01,AMZN,31.3054549,120.6020599,100.0,BUSY,M-L-001,V3
215,215,M-UAV-01,M600,31.3108767,120.6039862,30.5,AVAILABLE,,
215,215,M-UAV-02,M600,31.2971716,120.5956323,30.5,AVAILABLE,,
216,216,EVTOL-01,EC35,31.3013399,120.5958872,199.9,BUSY,M-P-001,V2
216,216,L-UAV-01,AMZN,31.3055741,120.6021355,100.0,BUSY,M-L-001,V3
216,216,M-UAV-01,M600,31.3108767,120.6039862,30.5,AVAILABLE,,
216,216,M-UAV-02,M600,31.2971716,120.5956323,30.5,AVAILABLE,,
217,217,EVTOL-01,EC35,31.3009773,120.5958651,199.9,BUSY,M-P-001,V2
217,217,L-UAV-01,AMZN,31.3056933,120.6022110,100.0,BUSY,M-L-001,V3
217,217,M-UAV-01,M600,31.3108767,120.6039862,30.5,AVAILABLE,,
217,217,M-UAV-02,M600,31.2971716,120.5956323,30.5,AVAILABLE,,
218,218,EVTOL-01,EC35,31.3006146,120.5958429,199.9,BUSY,M-P-001,V2
218,218,L-UAV-01,AMZN,31.3058124,120.6022866,100.0,BUSY,M-L-001,V2
218,218,M-UAV-01,M600,31.3108767,120.6039862,30.5,AVAILABLE,,
218,218,M-UAV-02,M600,31.2971716,120.5956323,30.5,AVAILABLE,,
219,219,EVTOL-01,EC35,31.3002519,120.5958207,199.9,BUSY,M-P-001,V2
219,219,L-UAV-01,AMZN,31.3059455,120.6023170,100.0,BUSY,M-L-001,V2
219,219,M-UAV-01,M600,31.3108767,120.6039862,30.5,AVAILABLE,,
219,219,M-UAV-02,M600,31.2971716,120.5956323,30.5,AVAILABLE,,
220,220,EVTOL-01,EC35,31.2998892,120.5957985,199.9,BUSY,M-P-001,V2
220,220,L-UAV-01,AMZN,31.3060802,120.6022995,100.0,BUSY,M-L-001,V2
220,220,M-UAV-01,M600,31.3108767,120.6039862,30.5,AVAILABLE,,
220,220,M-UAV-02,M600,31.2971716,120.5956323,30.5,AVAILABLE,,
221,221,EVTOL-01,EC35,31.2995265,120.5957763,199.9,BUSY,M-P-001,V2
221,221,L-UAV-01,AMZN,31.3062043,120.6022357,100.0,BUSY,M-L-001,V2
221,221,M-UAV-01,M600,31.3108767,120.6039862,30.5,AVAILABLE,,
221,221,M-UAV-02,M600,31.2971716,120.5956323,30.5,AVAILABLE,,
222,222,EVTOL-01,EC35,31.2991638,120.5957542,199.9,BUSY,M-P-001,V2
222,222,L-UAV-01,AMZN,31.3063065,120.6021315,100.0,BUSY,M-L-001,V2
222,222,M-UAV-01,M600,31.3108767,120.6039862,30.5,AVAILABLE,,
222,222,M-UAV-02,M600,31.2971716,120.5956323,30.5,AVAILABLE,,
223,223,EVTOL-01,EC35,31.2988011,120.5957320,199.9,BUSY,M-P-001,V2
223,223,L-UAV-01,AMZN,31.3063773,120.6019962,100.0,BUSY,M-L-001,V2
223,223,M-UAV-01,M600,31.3108767,120.6039862,30.5,AVAILABLE,,
223,223,M-UAV-02,M600,31.2971716,120.5956323,30.5,AVAILABLE,,
224,224,EVTOL-01,EC35,31.2984384,120.5957098,199.9,BUSY,M-P-001,V2
224,224,L-UAV-01,AMZN,31.3064104,120.6018424,100.0,BUSY,M-L-001,V2
224,224,M-UAV-01,M600,31.3108767,120.6039862,30.5,AVAILABLE,,
224,224,M-UAV-02,M600,31.2971716,120.5956323,30.5,AVAILABLE,,
225,225,EVTOL-01,EC35,31.2980757,120.5956876,199.9,BUSY,M-P-001,V2
225,225,L-UAV-01,AMZN,31.3064028,120.6016840,100.0,BUSY,M-L-001,V2
225,225,M-UAV-01,M600,31.3108767,120.6039862,30.5,AVAILABLE,,
225,225,M-UAV-02,M600,31.2971716,120.5956323,30.5,AVAILABLE,,
226,226,EVTOL-01,EC35,31.2977130,120.5956654,199.9,BUSY,M-P-001,V1
226,226,L-UAV-01,AMZN,31.3063550,120.6015355,100.0,BUSY,M-L-001,V2
226,226,M-UAV-01,M600,31.3108767,120.6039862,30.5,AVAILABLE,,
226,226,M-UAV-02,M600,31.2971716,120.5956323,30.5,AVAILABLE,,
227,227,EVTOL-01,EC35,31.2973505,120.5956914,199.9,BUSY,M-P-001,V1
227,227,L-UAV-01,AMZN,31.3062715,120.6014105,100.0,BUSY,M-L-001,V2
227,227,M-UAV-01,M600,31.3108767,120.6039862,30.5,AVAILABLE,,
227,227,M-UAV-02,M600,31.2971716,120.5956323,30.5,AVAILABLE,,
228,228,EVTOL-01,EC35,31.2969928,120.5957651,199.9,BUSY,M-P-001,V1
228,228,L-UAV-01,AMZN,31.3061600,120.6013204,100.0,BUSY,M-L-001,V2
228,228,M-UAV-01,M600,31.3108767,120.6039862,30.5,AVAILABLE,,
228,228,M-UAV-02,M600,31.2971716,120.5956323,30.5,AVAILABLE,,
229,229,EVTOL-01,EC35,31.2966445,120.5958856,199.9,BUSY,M-P-001,V1
229,229,L-UAV-01,AMZN,31.3060407,120.6012450,100.0,BUSY,M-L-001,V2
229,229,M-UAV-01,M600,31.3108767,120.6039862,30.5,AVAILABLE,,
229,229,M-UAV-02,M600,31.2971716,120.5956323,30.5,AVAILABLE,,
230,230,EVTOL-01,EC35,31.2963101,120.5960514,199.9,BUSY,M-P-001,V1
230,230,L-UAV-01,AMZN,31.3059215,120.6011695,100.0,BUSY,M-L-001,V2
230,230,M-UAV-01,M600,31.3108767,120.6039862,30.5,AVAILABLE,,
230,230,M-UAV-02,M600,31.2971716,120.5956323,30.5,AVAILABLE,,
231,231,EVTOL-01,EC35,31.2959938,120.5962603,199.9,BUSY,M-P-001,V1
231,231,L-UAV-01,AMZN,31.3058023,120.6010941,100.0,BUSY,M-L-001,V2
231,231,M-UAV-01,M600,31.3108767,120.6039862,30.5,AVAILABLE,,
231,231,M-UAV-02,M600,31.2971716,120.5956323,30.5,AVAILABLE,,
232,232,EVTOL-01,EC35,31.2956998,120.5965098,199.9,BUSY,M-P-001,V1
232,232,L-UAV-01,AMZN,31.3056830,120.6010186,100.0,BUSY,M-L-001,V2
232,232,M-UAV-01,M600,31.3108767,120.6039862,30.5,AVAILABLE,,
232,232,M-UAV-02,M600,31.2971716,120.5956323,30.5,AVAILABLE,,
233,233,EVTOL-01,EC35,31.2954317,120.5967965,199.9,BUSY,M-P-001,V1
233,233,L-UAV-01,AMZN,31.3055638,120.6009431,100.0,BUSY,M-L-001,V2
233,233,M-UAV-01,M600,31.3108767,120.6039862,30.5,AVAILABLE,,
233,233,M-UAV-02,M600,31.2971716,120.5956323,30.5,AVAILABLE,,
234,234,EVTOL-01,EC35,31.2951930,120.5971169,199.9,BUSY,M-P-001,V1
234,234,L-UAV-01,AMZN,31.3054446,120.6008677,100.0,BUSY,M-L-001,V2
234,234,M-UAV-01,M600,31.3108767,120.6039862,30.5,AVAILABLE,,
234,234,M-UAV-02,M600,31.2971716,120.5956323,30.5,AVAILABLE,,
235,235,EVTOL-01,EC35,31.2949867,120.5974667,199.9,BUSY,M-P-001,V1
235,235,L-UAV-01,AMZN,31.3053253,120.6007922,100.0,BUSY,M-L-001,V2
235,235,M-UAV-01,M600,31.3108767,120.6039862,30.5,AVAILABLE,,
235,235,M-UAV-02,M600,31.2971716,120.5956323,30.5,AVAILABLE,,
236,236,EVTOL-01,EC35,31.2948156,120.5978416,199.9,BUSY,M-P-001,V1
236,236,L-UAV-01,AMZN,31.3052061,120.6007168,100.0,BUSY,M-L-001,V2
236,236,M-UAV-01,M600,31.3108767,120.6039862,30.5,AVAILABLE,,
236,236,M-UAV-02,M600,31.2971716,120.5956323,30.5,AVAILABLE,,
237,237,EVTOL-01,EC35,31.2946817,120.5982367,199.9,BUSY,M-P-001,V1
237,237,L-UAV-01,AMZN,31.3050869,120.6006413,100.0,BUSY,M-L-001,V2
237,237,M-UAV-01,M600,31.3108767,120.6039862,30.5,AVAILABLE,,
237,237,M-UAV-02,M600,31.2971716,120.5956323,30.5,AVAILABLE,,
238,238,EVTOL-01,EC35,31.2945869,120.5986470,199.9,BUSY,M-P-001,V1
238,238,L-UAV-01,AMZN,31.3049676,120.6005658,100.0,BUSY,M-L-001,V2
238,238,M-UAV-01,M600,31.3108767,120.6039862,30.5,AVAILABLE,,
238,238,M-UAV-02,M600,31.2971716,120.5956323,30.5,AVAILABLE,,
239,239,EVTOL-01,EC35,31.2945323,120.5990672,199.9,BUSY,M-P-001,V1
239,239,L-UAV-01,AMZN,31.3048484,120.6004904,100.0,BUSY,M-L-001,V2
239,239,M-UAV-01,M600,31.3108767,120.6039862,30.5,AVAILABLE,,
239,239,M-UAV-02,M600,31.2971716,120.5956323,30.5,AVAILABLE,,
240,240,EVTOL-01,EC35,31.2945186,120.5994919,199.9,BUSY,M-P-001,V1
240,240,L-UAV-01,AMZN,31.3047292,120.6004149,100.0,BUSY,M-L-001,V2
240,240,M-UAV-01,M600,31.3108767,120.6039862,30.5,AVAILABLE,,
240,240,M-UAV-02,M600,31.2971716,120.5956323,30.5,AVAILABLE,,
241,241,EVTOL-01,EC35,31.2945460,120.5999157,199.9,BUSY,M-P-001,V1
241,241,L-UAV-01,AMZN,31.3046100,120.6003395,100.0,BUSY,M-L-001,V2
241,241,M-UAV-01,M600,31.3108767,120.6039862,30.5,AVAILABLE,,
241,241,M-UAV-02,M600,31.2971716,120.5956323,30.5,AVAILABLE,,
242,242,EVTOL-01,EC35,31.2946141,120.6003332,199.9,BUSY,M-P-001,V1
242,242,L-UAV-01,AMZN,31.3044907,120.6002640,100.0,BUSY,M-L-001,V2
242,242,M-UAV-01,M600,31.3108767,120.6039862,30.5,AVAILABLE,,
242,242,M-UAV-02,M600,31.2971716,120.5956323,30.5,AVAILABLE,,
243,243,EVTOL-01,EC35,31.2947221,120.6007390,199.9,BUSY,M-P-001,V1
243,243,L-UAV-01,AMZN,31.3043715,120.6001885,100.0,BUSY,M-L-001,V2
243,243,M-UAV-01,M600,31.3108767,120.6039862,30.5,AVAILABLE,,
243,243,M-UAV-02,M600,31.2971716,120.5956323,30.5,AVAILABLE,,
244,244,EVTOL-01,EC35,31.2948686,120.6011279,199.9,BUSY,M-P-001,V1
244,244,L-UAV-01,AMZN,31.3042523,120.6001131,100.0,BUSY,M-L-001,V2
244,244,M-UAV-01,M600,31.3108767,120.6039862,30.5,AVAILABLE,,
244,244,M-UAV-02,M600,31.2971716,120.5956323,30.5,AVAILABLE,,
245,245,EVTOL-01,EC35,31.2950517,120.6014950,199.9,BUSY,M-P-001,V1
245,245,L-UAV-01,AMZN,31.3041330,120.6000376,100.0,BUSY,M-L-001,V2
245,245,M-UAV-01,M600,31.3108767,120.6039862,30.5,AVAILABLE,,
245,245,M-UAV-02,M600,31.2971716,120.5956323,30.5,AVAILABLE,,
246,246,EVTOL-01,EC35,31.2952691,120.6018355,199.9,BUSY,M-P-001,V1
246,246,L-UAV-01,AMZN,31.3040138,120.5999622,100.0,BUSY,M-L-001,V2
246,246,M-UAV-01,M600,31.3108767,120.6039862,30.5,AVAILABLE,,
246,246,M-UAV-02,M600,31.2971716,120.5956323,30.5,AVAILABLE,,
247,247,EVTOL-01,EC35,31.2955180,120.6021450,199.9,BUSY,M-P-001,V1
247,247,L-UAV-01,AMZN,31.3038946,120.5998867,100.0,BUSY,M-L-001,V2
247,247,M-UAV-01,M600,31.3108767,120.6039862,30.5,AVAILABLE,,
247,247,M-UAV-02,M600,31.2971716,120.5956323,30.5,AVAILABLE,,
248,248,EVTOL-01,EC35,31.2957951,120.6024197,199.9,BUSY,M-P-001,V1
248,248,L-UAV-01,AMZN,31.3037753,120.5998113,100.0,BUSY,M-L-001,V2
248,248,M-UAV-01,M600,31.3108767,120.6039862,30.5,AVAILABLE,,
248,248,M-UAV-02,M600,31.2971716,120.5956323,30.5,AVAILABLE,,
249,249,EVTOL-01,EC35,31.2960970,120.6026560,199.9,BUSY,M-P-001,V1
249,249,L-UAV-01,AMZN,31.3036561,120.5997358,100.0,BUSY,M-L-001,V2
249,249,M-UAV-01,M600,31.3108767,120.6039862,30.5,AVAILABLE,,
249,249,M-UAV-02,M600,31.2971716,120.5956323,30.5,AVAILABLE,,
250,250,EVTOL-01,EC35,31.2964198,120.6028508,199.9,BUSY,M-P-001,V1
250,250,L-UAV-01,AMZN,31.3035369,120.5996603,100.0,BUSY,M-L-001,V2
250,250,M-UAV-01,M600,31.3108767,120.6039862,30.5,AVAILABLE,,
250,250,M-UAV-02,M600,31.2971716,120.5956323,30.5,AVAILABLE,,
251,251,EVTOL-01,EC35,31.2967593,120.6030017,199.9,BUSY,M-P-001,V1
251,251,L-UAV-01,AMZN,31.3034176,120.5995849,100.0,BUSY,M-L-001,V2
251,251,M-UAV-01,M600,31.3108767,120.6039862,30.5,AVAILABLE,,
251,251,M-UAV-02,M600,31.2971716,120.5956323,30.5,AVAILABLE,,
252,252,EVTOL-01,EC35,31.2971113,120.6031068,199.9,BUSY,M-P-001,V1
252,252,L-UAV-01,AMZN,31.3032984,120.5995094,100.0,BUSY,M-L-001,V2
252,252,M-UAV-01,M600,31.3108767,120.6039862,30.5,AVAILABLE,,
252,252,M-UAV-02,M600,31.2971716,120.5956323,30.5,AVAILABLE,,
253,253,EVTOL-01,EC35,31.2974711,120.6031646,199.9,BUSY,M-P-001,V1
253,253,L-UAV-01,AMZN,31.3031792,120.5994340,100.0,BUSY,M-L-001,V2
253,253,M-UAV-01,M600,31.3108767,120.6039862,30.5,AVAILABLE,,
253,253,M-UAV-02,M600,31.2971716,120.5956323,30.5,AVAILABLE,,
254,254,EVTOL-01,EC35,31.2978338,120.6031868,199.9,BUSY,M-P-001,V1
254,254,L-UAV-01,AMZN,31.3030599,120.5993585,100.0,BUSY,M-L-001,V2
254,254,M-UAV-01,M600,31.3108767,120.6039862,30.5,AVAILABLE,,
254,254,M-UAV-02,M600,31.2971716,120.5956323,30.5,AVAILABLE,,
255,255,EVTOL-01,EC35,31.2981965,120.6032091,199.9,BUSY,M-P-001,V1
255,255,L-UAV-01,AMZN,31.3029407,120.5992831,100.0,BUSY,M-L-001,V2
255,255,M-UAV-01,M600,31.3108767,120.6039862,30.5,AVAILABLE,,
255,255,M-UAV-02,M600,31.2971716,120.5956323,30.5,AVAILABLE,,
256,256,EVTOL-01,EC35,31.2985592,120.6032313,199.9,BUSY,M-P-001,V1
256,256,L-UAV-01,AMZN,31.3028215,120.5992076,100.0,BUSY,M-L-001,V2
256,256,M-UAV-01,M600,31.3108767,120.6039862,30.5,AVAILABLE,,
256,256,M-UAV-02,M600,31.2971716,120.5956323,30.5,AVAILABLE,,
257,257,EVTOL-01,EC35,31.2989218,120.6032535,199.9,BUSY,M-P-001,V1
257,257,L-UAV-01,AMZN,31.3027022,120.5991321,100.0,BUSY,M-L-001,V2
257,257,M-UAV-01,M600,31.3108767,120.6039862,30.5,AVAILABLE,,
257,257,M-UAV-02,M600,31.2971716,120.5956323,30.5,AVAILABLE,,
258,258,EVTOL-01,EC35,31.2992845,120.6032757,199.9,BUSY,M-P-001,V1
258,258,L-UAV-01,AMZN,31.3025830,120.5990567,100.0,BUSY,M-L-001,V2
258,258,M-UAV-01,M600,31.3108767,120.6039862,30.5,AVAILABLE,,
258,258,M-UAV-02,M600,31.2971716,120.5956323,30.5,AVAILABLE,,
259,259,EVTOL-01,EC35,31.2996472,120.6032980,199.9,BUSY,M-P-001,V1
259,259,L-UAV-01,AMZN,31.3024638,120.5989812,100.0,BUSY,M-L-001,V2
259,259,M-UAV-01,M600,31.3108767,120.6039862,30.5,AVAILABLE,,
259,259,M-UAV-02,M600,31.2971716,120.5956323,30.5,AVAILABLE,,
260,260,EVTOL-01,EC35,31.3000099,120.6033202,199.9,BUSY,M-P-001,V1
260,260,L-UAV-01,AMZN,31.3023445,120.5989058,100.0,BUSY,M-L-001,V2
260,260,M-UAV-01,M600,31.3108767,120.6039862,30.5,AVAILABLE,,
260,260,M-UAV-02,M600,31.2971716,120.5956323,30.5,AVAILABLE,,
261,261,EVTOL-01,EC35,31.3003726,120.6033424,199.9,BUSY,M-P-001,V1
261,261,L-UAV-01,AMZN,31.3022253,120.5988303,100.0,BUSY,M-L-001,V2
261,261,M-UAV-01,M600,31.3108767,120.6039862,30.5,AVAILABLE,,
261,261,M-UAV-02,M600,31.2971716,120.5956323,30.5,AVAILABLE,,
262,262,EVTOL-01,EC35,31.3007353,120.6033646,199.9,BUSY,M-P-001,V1
262,262,L-UAV-01,AMZN,31.3021061,120.5987549,100.0,BUSY,M-L-001,V2
262,262,M-UAV-01,M600,31.3108767,120.6039862,30.5,AVAILABLE,,
262,262,M-UAV-02,M600,31.2971716,120.5956323,30.5,AVAILABLE,,
263,263,EVTOL-01,EC35,31.3010980,120.6033869,199.9,BUSY,M-P-001,V1
263,263,L-UAV-01,AMZN,31.3019868,120.5986794,100.0,BUSY,M-L-001,V2
263,263,M-UAV-01,M600,31.3108767,120.6039862,30.5,AVAILABLE,,
263,263,M-UAV-02,M600,31.2971716,120.5956323,30.5,AVAILABLE,,
264,264,EVTOL-01,EC35,31.3014607,120.6034091,199.9,BUSY,M-P-001,V1
264,264,L-UAV-01,AMZN,31.3018676,120.5986040,100.0,BUSY,M-L-001,V2
264,264,M-UAV-01,M600,31.3108767,120.6039862,30.5,AVAILABLE,,
264,264,M-UAV-02,M600,31.2971716,120.5956323,30.5,AVAILABLE,,
265,265,EVTOL-01,EC35,31.3018234,120.6034313,199.9,BUSY,M-P-001,V1
265,265,L-UAV-01,AMZN,31.3017484,120.5985285,100.0,BUSY,M-L-001,V2
265,265,M-UAV-01,M600,31.3108767,120.6039862,30.5,AVAILABLE,,
265,265,M-UAV-02,M600,31.2971716,120.5956323,30.5,AVAILABLE,,
266,266,EVTOL-01,EC35,31.3021861,120.6034535,199.9,BUSY,M-P-001,V1
266,266,L-UAV-01,AMZN,31.3016291,120.5984531,100.0,BUSY,M-L-001,V2
266,266,M-UAV-01,M600,31.3108767,120.6039862,30.5,AVAILABLE,,
266,266,M-UAV-02,M600,31.2971716,120.5956323,30.5,AVAILABLE,,
267,267,EVTOL-01,EC35,31.3025488,120.6034758,199.9,BUSY,M-P-001,V1
267,267,L-UAV-01,AMZN,31.3015099,120.5983776,100.0,BUSY,M-L-001,V2
267,267,M-UAV-01,M600,31.3108767,120.6039862,30.5,AVAILABLE,,
267,267,M-UAV-02,M600,31.2971716,120.5956323,30.5,AVAILABLE,,
268,268,EVTOL-01,EC35,31.3029115,120.6034980,199.9,BUSY,M-P-001,V1
268,268,L-UAV-01,AMZN,31.3013907,120.5983021,100.0,BUSY,M-L-001,V2
268,268,M-UAV-01,M600,31.3108767,120.6039862,30.5,AVAILABLE,,
268,268,M-UAV-02,M600,31.2971716,120.5956323,30.5,AVAILABLE,,
269,269,EVTOL-01,EC35,31.3032742,120.6035202,199.9,BUSY,M-P-001,V1
269,269,L-UAV-01,AMZN,31.3012714,120.5982267,100.0,BUSY,M-L-001,V2
269,269,M-UAV-01,M600,31.3108767,120.6039862,30.5,AVAILABLE,,
269,269,M-UAV-02,M600,31.2971716,120.5956323,30.5,AVAILABLE,,
270,270,EVTOL-01,EC35,31.3036369,120.6035424,199.9,BUSY,M-P-001,V1
270,270,L-UAV-01,AMZN,31.3011522,120.5981512,100.0,BUSY,M-L-001,V2
270,270,M-UAV-01,M600,31.3108767,120.6039862,30.5,AVAILABLE,,
270,270,M-UAV-02,M600,31.2971716,120.5956323,30.5,AVAILABLE,,
271,271,EVTOL-01,EC35,31.3039996,120.6035647,199.9,BUSY,M-P-001,V1
271,271,L-UAV-01,AMZN,31.3010330,120.5980758,100.0,BUSY,M-L-001,V2
271,271,M-UAV-01,M600,31.3108767,120.6039862,30.5,AVAILABLE,,
271,271,M-UAV-02,M600,31.2971716,120.5956323,30.5,AVAILABLE,,
272,272,EVTOL-01,EC35,31.3043622,120.6035869,199.9,BUSY,M-P-001,V1
272,272,L-UAV-01,AMZN,31.3009137,120.5980003,100.0,BUSY,M-L-001,V2
272,272,M-UAV-01,M600,31.3108767,120.6039862,30.5,AVAILABLE,,
272,272,M-UAV-02,M600,31.2971716,120.5956323,30.5,AVAILABLE,,
273,273,EVTOL-01,EC35,31.3047249,120.6036091,199.9,BUSY,M-P-001,V1
273,273,L-UAV-01,AMZN,31.3007945,120.5979249,100.0,BUSY,M-L-001,V2
273,273,M-UAV-01,M600,31.3108767,120.6039862,30.5,AVAILABLE,,
273,273,M-UAV-02,M600,31.2971716,120.5956323,30.5,AVAILABLE,,
274,274,EVTOL-01,EC35,31.3050876,120.6036314,199.9,BUSY,M-P-001,V1
274,274,L-UAV-01,AMZN,31.3006753,120.5978494,100.0,BUSY,M-L-001,V2
274,274,M-UAV-01,M600,31.3108767,120.6039862,30.5,AVAILABLE,,
274,274,M-UAV-02,M600,31.2971716,120.5956323,30.5,AVAILABLE,,
275,275,EVTOL-01,EC35,31.3054503,120.6036536,199.9,BUSY,M-P-001,V1
275,275,L-UAV-01,AMZN,31.3005560,120.5977740,100.0,BUSY,M-L-001,V2
275,275,M-UAV-01,M600,31.3108767,120.6039862,30.5,AVAILABLE,,
275,275,M-UAV-02,M600,31.2971716,120.5956323,30.5,AVAILABLE,,
276,276,EVTOL-01,EC35,31.3058130,120.6036758,199.9,BUSY,M-P-001,V1
276,276,L-UAV-01,AMZN,31.3004368,120.5976985,100.0,BUSY,M-L-001,V2
276,276,M-UAV-01,M600,31.3108767,120.6039862,30.5,AVAILABLE,,
276,276,M-UAV-02,M600,31.2971716,120.5956323,30.5,AVAILABLE,,
277,277,EVTOL-01,EC35,31.3061757,120.6036980,199.9,BUSY,M-P-001,V1
277,277,L-UAV-01,AMZN,31.3003176,120.5976231,100.0,BUSY,M-L-001,V2
277,277,M-UAV-01,M600,31.3108767,120.6039862,30.5,AVAILABLE,,
277,277,M-UAV-02,M600,31.2971716,120.5956323,30.5,AVAILABLE,,
278,278,EVTOL-01,EC35,31.3065384,120.6037203,199.9,BUSY,M-P-001,V1
278,278,L-UAV-01,AMZN,31.3001983,120.5975476,100.0,BUSY,M-L-001,V2
278,278,M-UAV-01,M600,31.3108767,120.6039862,30.5,AVAILABLE,,
278,278,M-UAV-02,M600,31.2971716,120.5956323,30.5,AVAILABLE,,
279,279,EVTOL-01,EC35,31.3069011,120.6037425,199.9,BUSY,M-P-001,V1
279,279,L-UAV-01,AMZN,31.3000791,120.5974722,100.0,BUSY,M-L-001,V2
279,279,M-UAV-01,M600,31.3108767,120.6039862,30.5,AVAILABLE,,
279,279,M-UAV-02,M600,31.2971716,120.5956323,30.5,AVAILABLE,,
280,280,EVTOL-01,EC35,31.3072638,120.6037647,199.9,BUSY,M-P-001,V1
280,280,L-UAV-01,AMZN,31.2999599,120.5973967,100.0,BUSY,M-L-001,V2
280,280,M-UAV-01,M600,31.3108767,120.6039862,30.5,AVAILABLE,,
280,280,M-UAV-02,M600,31.2971716,120.5956323,30.5,AVAILABLE,,
281,281,EVTOL-01,EC35,31.3076265,120.6037869,199.9,BUSY,M-P-001,V1
281,281,L-UAV-01,AMZN,31.2998406,120.5973213,100.0,BUSY,M-L-001,V2
281,281,M-UAV-01,M600,31.3108767,120.6039862,30.5,AVAILABLE,,
281,281,M-UAV-02,M600,31.2971716,120.5956323,30.5,AVAILABLE,,
282,282,EVTOL-01,EC35,31.3079892,120.6038092,199.9,BUSY,M-P-001,V1
282,282,L-UAV-01,AMZN,31.2997214,120.5972458,100.0,BUSY,M-L-001,V2
282,282,M-UAV-01,M600,31.3108767,120.6039862,30.5,AVAILABLE,,
282,282,M-UAV-02,M600,31.2971716,120.5956323,30.5,AVAILABLE,,
283,283,EVTOL-01,EC35,31.3083519,120.6038314,199.9,BUSY,M-P-001,V1
283,283,L-UAV-01,AMZN,31.2996022,120.5971704,100.0,BUSY,M-L-001,V2
283,283,M-UAV-01,M600,31.3108767,120.6039862,30.5,AVAILABLE,,
283,283,M-UAV-02,M600,31.2971716,120.5956323,30.5,AVAILABLE,,
284,284,EVTOL-01,EC35,31.3087146,120.6038536,199.9,BUSY,M-P-001,V1
284,284,L-UAV-01,AMZN,31.2994829,120.5970949,100.0,BUSY,M-L-001,V2
284,284,M-UAV-01,M600,31.3108767,120.6039862,30.5,AVAILABLE,,
284,284,M-UAV-02,M600,31.2971716,120.5956323,30.5,AVAILABLE,,
285,285,EVTOL-01,EC35,31.3090773,120.6038759,199.9,BUSY,M-P-001,V1
285,285,L-UAV-01,AMZN,31.2993637,120.5970195,100.0,BUSY,M-L-001,V2
285,285,M-UAV-01,M600,31.3108767,120.6039862,30.5,AVAILABLE,,
285,285,M-UAV-02,M600,31.2971716,120.5956323,30.5,AVAILABLE,,
286,286,EVTOL-01,EC35,31.3094400,120.6038981,199.9,BUSY,M-P-001,V1
286,286,L-UAV-01,AMZN,31.2992445,120.5969440,100.0,BUSY,M-L-001,V2
286,286,M-UAV-01,M600,31.3108767,120.6039862,30.5,AVAILABLE,,
286,286,M-UAV-02,M600,31.2971716,120.5956323,30.5,AVAILABLE,,
287,287,EVTOL-01,EC35,31.3098027,120.6039203,199.9,BUSY,M-P-001,V1
287,287,L-UAV-01,AMZN,31.2991252,120.5968686,100.0,BUSY,M-L-001,V2
287,287,M-UAV-01,M600,31.3108767,120.6039862,30.5,AVAILABLE,,
287,287,M-UAV-02,M600,31.2971716,120.5956323,30.5,AVAILABLE,,
288,288,EVTOL-01,EC35,31.3101653,120.6039426,199.9,BUSY,M-P-001,V2
288,288,L-UAV-01,AMZN,31.2990060,120.5967931,100.0,BUSY,M-L-001,V2
288,288,M-UAV-01,M600,31.3108767,120.6039862,30.5,AVAILABLE,,
288,288,M-UAV-02,M600,31.2971716,120.5956323,30.5,AVAILABLE,,
289,289,EVTOL-01,EC35,31.3105279,120.6039167,199.9,BUSY,M-P-001,V2
289,289,L-UAV-01,AMZN,31.2988868,120.5967177,100.0,BUSY,M-L-001,V2
289,289,M-UAV-01,M600,31.3108767,120.6039862,30.5,AVAILABLE,,
289,289,M-UAV-02,M600,31.2971716,120.5956323,30.5,AVAILABLE,,
290,290,EVTOL-01,EC35,31.3108856,120.6038430,199.9,BUSY,M-P-001,V2
290,290,L-UAV-01,AMZN,31.2987675,120.5966422,100.0,BUSY,M-L-001,V2
290,290,M-UAV-01,M600,31.3108767,120.6039862,30.5,AVAILABLE,,
290,290,M-UAV-02,M600,31.2971716,120.5956323,30.5,AVAILABLE,,
291,291,EVTOL-01,EC35,31.3112339,120.6037225,199.9,BUSY,M-P-001,V2
291,291,L-UAV-01,AMZN,31.2986483,120.5965668,100.0,BUSY,M-L-001,V2
291,291,M-UAV-01,M600,31.3108767,120.6039862,30.5,AVAILABLE,,
291,291,M-UAV-02,M600,31.2971716,120.5956323,30.5,AVAILABLE,,
292,292,EVTOL-01,EC35,31.3115683,120.6035567,199.9,BUSY,M-P-001,V2
292,292,L-UAV-01,AMZN,31.2985291,120.5964913,100.0,BUSY,M-L-001,V2
292,292,M-UAV-01,M600,31.3108767,120.6039862,30.5,AVAILABLE,,
292,292,M-UAV-02,M600,31.2971716,120.5956323,30.5,AVAILABLE,,
293,293,EVTOL-01,EC35,31.3118846,120.6033478,199.9,BUSY,M-P-001,V2
293,293,L-UAV-01,AMZN,31.2984098,120.5964159,100.0,BUSY,M-L-001,V2
293,293,M-UAV-01,M600,31.3108767,120.6039862,30.5,AVAILABLE,,
293,293,M-UAV-02,M600,31.2971716,120.5956323,30.5,AVAILABLE,,
294,294,EVTOL-01,EC35,31.3121787,120.6030983,199.9,BUSY,M-P-001,V2
294,294,L-UAV-01,AMZN,31.2982906,120.5963404,100.0,BUSY,M-L-001,V2
294,294,M-UAV-01,M600,31.3108767,120.6039862,30.5,AVAILABLE,,
294,294,M-UAV-02,M600,31.2971716,120.5956323,30.5,AVAILABLE,,
295,295,EVTOL-01,EC35,31.3124468,120.6028116,199.9,BUSY,M-P-001,V2
295,295,L-UAV-01,AMZN,31.2981714,120.5962650,100.0,BUSY,M-L-001,V2
295,295,M-UAV-01,M600,31.3108767,120.6039862,30.5,AVAILABLE,,
295,295,M-UAV-02,M600,31.2971716,120.5956323,30.5,AVAILABLE,,
296,296,EVTOL-01,EC35,31.3126855,120.6024912,199.9,BUSY,M-P-001,V2
296,296,L-UAV-01,AMZN,31.2980521,120.5961895,100.0,BUSY,M-L-001,V2
296,296,M-UAV-01,M600,31.3108767,120.6039862,30.5,AVAILABLE,,
296,296,M-UAV-02,M600,31.2971716,120.5956323,30.5,AVAILABLE,,
297,297,EVTOL-01,EC35,31.3128918,120.6021413,199.9,BUSY,M-P-001,V2
297,297,L-UAV-01,AMZN,31.2979329,120.5961141,100.0,BUSY,M-L-001,V3
297,297,M-UAV-01,M600,31.3108767,120.6039862,30.5,AVAILABLE,,
297,297,M-UAV-02,M600,31.2971716,120.5956323,30.5,AVAILABLE,,
298,298,EVTOL-01,EC35,31.3130630,120.6017664,199.9,BUSY,M-P-001,V2
298,298,L-UAV-01,AMZN,31.2977998,120.5960838,100.0,BUSY,M-L-001,V3
298,298,M-UAV-01,M600,31.3108767,120.6039862,30.5,AVAILABLE,,
298,298,M-UAV-02,M600,31.2971716,120.5956323,30.5,AVAILABLE,,
299,299,EVTOL-01,EC35,31.3131969,120.6013712,199.9,BUSY,M-P-001,V2
299,299,L-UAV-01,AMZN,31.2976651,120.5961014,100.0,BUSY,M-L-001,V3
299,299,M-UAV-01,M600,31.3108767,120.6039862,30.5,AVAILABLE,,
299,299,M-UAV-02,M600,31.2971716,120.5956323,30.5,AVAILABLE,,
300,300,EVTOL-01,EC35,31.3132917,120.6009609,199.9,BUSY,M-P-001,V2
300,300,L-UAV-01,AMZN,31.2975411,120.5961652,100.0,BUSY,M-L-001,V3
300,300,M-UAV-01,M600,31.3108767,120.6039862,30.5,AVAILABLE,,
300,300,M-UAV-02,M600,31.2971716,120.5956323,30.5,AVAILABLE,,
301,301,EVTOL-01,EC35,31.3133464,120.6005406,199.9,BUSY,M-P-001,V2
301,301,L-UAV-01,AMZN,31.2974390,120.5962696,100.0,BUSY,M-L-001,V3
301,301,M-UAV-01,M600,31.3108767,120.6039862,30.5,AVAILABLE,,
301,301,M-UAV-02,M600,31.2971716,120.5956323,30.5,AVAILABLE,,
302,302,EVTOL-01,EC35,31.3133601,120.6001158,199.9,BUSY,M-P-001,V2
302,302,L-UAV-01,AMZN,31.2973682,120.5964049,100.0,BUSY,M-L-001,V3
302,302,M-UAV-01,M600,31.3108767,120.6039862,30.5,AVAILABLE,,
302,302,M-UAV-02,M600,31.2971716,120.5956323,30.5,AVAILABLE,,
303,303,EVTOL-01,EC35,31.3133328,120.5996919,199.9,BUSY,M-P-001,V2
303,303,L-UAV-01,AMZN,31.2973352,120.5965587,100.0,BUSY,M-L-001,V3
303,303,M-UAV-01,M600,31.3108767,120.6039862,30.5,AVAILABLE,,
303,303,M-UAV-02,M600,31.2971716,120.5956323,30.5,AVAILABLE,,
304,304,EVTOL-01,EC35,31.3132647,120.5992743,199.9,BUSY,M-P-001,V2
304,304,L-UAV-01,AMZN,31.2973429,120.5967171,100.0,BUSY,M-L-001,V3
304,304,M-UAV-01,M600,31.3108767,120.6039862,30.5,AVAILABLE,,
304,304,M-UAV-02,M600,31.2971716,120.5956323,30.5,AVAILABLE,,
305,305,EVTOL-01,EC35,31.3131567,120.5988684,199.9,BUSY,M-P-001,V2
305,305,L-UAV-01,AMZN,31.2973908,120.5968655,100.0,BUSY,M-L-001,V3
305,305,M-UAV-01,M600,31.3108767,120.6039862,30.5,AVAILABLE,,
305,305,M-UAV-02,M600,31.2971716,120.5956323,30.5,AVAILABLE,,
306,306,EVTOL-01,EC35,31.3130103,120.5984794,199.9,BUSY,M-P-001,V2
306,306,L-UAV-01,AMZN,31.2974743,120.5969904,100.0,BUSY,M-L-001,V3
306,306,M-UAV-01,M600,31.3108767,120.6039862,30.5,AVAILABLE,,
306,306,M-UAV-02,M600,31.2971716,120.5956323,30.5,AVAILABLE,,
307,307,EVTOL-01,EC35,31.3128272,120.5981123,199.9,BUSY,M-P-001,V2
307,307,L-UAV-01,AMZN,31.2975860,120.5970804,100.0,BUSY,M-L-001,V3
307,307,M-UAV-01,M600,31.3108767,120.6039862,30.5,AVAILABLE,,
307,307,M-UAV-02,M600,31.2971716,120.5956323,30.5,AVAILABLE,,
308,308,EVTOL-01,EC35,31.3126098,120.5977717,199.9,BUSY,M-P-001,V2
308,308,L-UAV-01,AMZN,31.2977052,120.5971559,100.0,BUSY,M-L-001,V3
308,308,M-UAV-01,M600,31.3108767,120.6039862,30.5,AVAILABLE,,
308,308,M-UAV-02,M600,31.2971716,120.5956323,30.5,AVAILABLE,,
309,309,EVTOL-01,EC35,31.3123610,120.5974620,199.9,BUSY,M-P-001,V2
309,309,L-UAV-01,AMZN,31.2978244,120.5972313,100.0,BUSY,M-L-001,V3
309,309,M-UAV-01,M600,31.3108767,120.6039862,30.5,AVAILABLE,,
309,309,M-UAV-02,M600,31.2971716,120.5956323,30.5,AVAILABLE,,
310,310,EVTOL-01,EC35,31.3120839,120.5971873,199.9,BUSY,M-P-001,V2
310,310,L-UAV-01,AMZN,31.2979437,120.5973068,100.0,BUSY,M-L-001,V3
310,310,M-UAV-01,M600,31.3108767,120.6039862,30.5,AVAILABLE,,
310,310,M-UAV-02,M600,31.2971716,120.5956323,30.5,AVAILABLE,,
311,311,EVTOL-01,EC35,31.3117820,120.5969509,199.9,BUSY,M-P-001,V2
311,311,L-UAV-01,AMZN,31.2980629,120.5973823,100.0,BUSY,M-L-001,V3
311,311,M-UAV-01,M600,31.3108767,120.6039862,30.5,AVAILABLE,,
311,311,M-UAV-02,M600,31.2971716,120.5956323,30.5,AVAILABLE,,
312,312,EVTOL-01,EC35,31.3114592,120.5967560,199.9,BUSY,M-P-001,V2
312,312,L-UAV-01,AMZN,31.2981821,120.5974577,100.0,BUSY,M-L-001,V3
312,312,M-UAV-01,M600,31.3108767,120.6039862,30.5,AVAILABLE,,
312,312,M-UAV-02,M600,31.2971716,120.5956323,30.5,AVAILABLE,,
313,313,EVTOL-01,EC35,31.3111197,120.5966050,199.9,BUSY,M-P-001,V2
313,313,L-UAV-01,AMZN,31.2983013,120.5975332,100.0,BUSY,M-L-001,V3
313,313,M-UAV-01,M600,31.3108767,120.6039862,30.5,AVAILABLE,,
313,313,M-UAV-02,M600,31.2971716,120.5956323,30.5,AVAILABLE,,
314,314,EVTOL-01,EC35,31.3107678,120.5964999,199.9,BUSY,M-P-001,V2
314,314,L-UAV-01,AMZN,31.2984206,120.5976086,100.0,BUSY,M-L-001,V3
314,314,M-UAV-01,M600,31.3108767,120.6039862,30.5,AVAILABLE,,
314,314,M-UAV-02,M600,31.2971716,120.5956323,30.5,AVAILABLE,,
315,315,EVTOL-01,EC35,31.3104080,120.5964420,199.9,BUSY,M-P-001,V2
315,315,L-UAV-01,AMZN,31.2985398,120.5976841,100.0,BUSY,M-L-001,V3
315,315,M-UAV-01,M600,31.3108767,120.6039862,30.5,AVAILABLE,,
315,315,M-UAV-02,M600,31.2971716,120.5956323,30.5,AVAILABLE,,
316,316,EVTOL-01,EC35,31.3100453,120.5964198,199.9,BUSY,M-P-001,V2
316,316,L-UAV-01,AMZN,31.2986590,120.5977596,100.0,BUSY,M-L-001,V3
316,316,M-UAV-01,M600,31.3108767,120.6039862,30.5,AVAILABLE,,
316,316,M-UAV-02,M600,31.2971716,120.5956323,30.5,AVAILABLE,,
317,317,EVTOL-01,EC35,31.3096826,120.5963976,199.9,BUSY,M-P-001,V2
317,317,L-UAV-01,AMZN,31.2987783,120.5978350,100.0,BUSY,M-L-001,V3
317,317,M-UAV-01,M600,31.3108767,120.6039862,30.5,AVAILABLE,,
317,317,M-UAV-02,M600,31.2971716,120.5956323,30.5,AVAILABLE,,
318,318,EVTOL-01,EC35,31.3093199,120.5963754,199.9,BUSY,M-P-001,V2
318,318,L-UAV-01,AMZN,31.2988975,120.5979105,100.0,BUSY,M-L-001,V3
318,318,M-UAV-01,M600,31.3108767,120.6039862,30.5,AVAILABLE,,
318,318,M-UAV-02,M600,31.2971716,120.5956323,30.5,AVAILABLE,,
319,319,EVTOL-01,EC35,31.3089572,120.5963533,199.9,BUSY,M-P-001,V2
319,319,L-UAV-01,AMZN,31.2990167,120.5979859,100.0,BUSY,M-L-001,V3
319,319,M-UAV-01,M600,31.3108767,120.6039862,30.5,AVAILABLE,,
319,319,M-UAV-02,M600,31.2971716,120.5956323,30.5,AVAILABLE,,
320,320,EVTOL-01,EC35,31.3085945,120.5963311,199.9,BUSY,M-P-001,V2
320,320,L-UAV-01,AMZN,31.2991359,120.5980614,100.0,BUSY,M-L-001,V3
320,320,M-UAV-01,M600,31.3108767,120.6039862,30.5,AVAILABLE,,
320,320,M-UAV-02,M600,31.2971716,120.5956323,30.5,AVAILABLE,,
321,321,EVTOL-01,EC35,31.3082318,120.5963089,199.9,BUSY,M-P-001,V2
321,321,L-UAV-01,AMZN,31.2992552,120.5981369,100.0,BUSY,M-L-001,V3
321,321,M-UAV-01,M600,31.3108767,120.6039862,30.5,AVAILABLE,,
321,321,M-UAV-02,M600,31.2971716,120.5956323,30.5,AVAILABLE,,
322,322,EVTOL-01,EC35,31.3078691,120.5962867,199.9,BUSY,M-P-001,V2
322,322,L-UAV-01,AMZN,31.2993744,120.5982123,100.0,BUSY,M-L-001,V3
322,322,M-UAV-01,M600,31.3108767,120.6039862,30.5,AVAILABLE,,
322,322,M-UAV-02,M600,31.2971716,120.5956323,30.5,AVAILABLE,,
323,323,EVTOL-01,EC35,31.3075064,120.5962645,199.9,BUSY,M-P-001,V2
323,323,L-UAV-01,AMZN,31.2994936,120.5982878,100.0,BUSY,M-L-001,V3
323,323,M-UAV-01,M600,31.3108767,120.6039862,30.5,AVAILABLE,,
323,323,M-UAV-02,M600,31.2971716,120.5956323,30.5,AVAILABLE,,
324,324,EVTOL-01,EC35,31.3071437,120.5962423,199.9,BUSY,M-P-001,V2
324,324,L-UAV-01,AMZN,31.2996129,120.5983632,100.0,BUSY,M-L-001,V3
324,324,M-UAV-01,M600,31.3108767,120.6039862,30.5,AVAILABLE,,
324,324,M-UAV-02,M600,31.2971716,120.5956323,30.5,AVAILABLE,,
325,325,EVTOL-01,EC35,31.3067810,120.5962201,199.9,BUSY,M-P-001,V2
325,325,L-UAV-01,AMZN,31.2997321,120.5984387,100.0,BUSY,M-L-001,V3
325,325,M-UAV-01,M600,31.3108767,120.6039862,30.5,AVAILABLE,,
325,325,M-UAV-02,M600,31.2971716,120.5956323,30.5,AVAILABLE,,
326,326,EVTOL-01,EC35,31.3064183,120.5961979,199.9,BUSY,M-P-001,V2
326,326,L-UAV-01,AMZN,31.2998513,120.5985142,100.0,BUSY,M-L-001,V3
326,326,M-UAV-01,M600,31.3108767,120.6039862,30.5,AVAILABLE,,
326,326,M-UAV-02,M600,31.2971716,120.5956323,30.5,AVAILABLE,,
327,327,EVTOL-01,EC35,31.3060556,120.5961757,199.9,BUSY,M-P-001,V2
327,327,L-UAV-01,AMZN,31.2999706,120.5985896,100.0,BUSY,M-L-001,V3
327,327,M-UAV-01,M600,31.3108767,120.6039862,30.5,AVAILABLE,,
327,327,M-UAV-02,M600,31.2971716,120.5956323,30.5,AVAILABLE,,
328,328,EVTOL-01,EC35,31.3056929,120.5961536,199.9,BUSY,M-P-001,V2
328,328,L-UAV-01,AMZN,31.3000898,120.5986651,100.0,BUSY,M-L-001,V3
328,328,M-UAV-01,M600,31.3108767,120.6039862,30.5,AVAILABLE,,
328,328,M-UAV-02,M600,31.2971716,120.5956323,30.5,AVAILABLE,,
329,329,EVTOL-01,EC35,31.3053303,120.5961314,199.9,BUSY,M-P-001,V2
329,329,L-UAV-01,AMZN,31.3002090,120.5987405,100.0,BUSY,M-L-001,V3
329,329,M-UAV-01,M600,31.3108767,120.6039862,30.5,AVAILABLE,,
329,329,M-UAV-02,M600,31.2971716,120.5956323,30.5,AVAILABLE,,
330,330,EVTOL-01,EC35,31.3049676,120.5961092,199.9,BUSY,M-P-001,V2
330,330,L-UAV-01,AMZN,31.3003282,120.5988160,100.0,BUSY,M-L-001,V3
330,330,M-UAV-01,M600,31.3108767,120.6039862,30.5,AVAILABLE,,
330,330,M-UAV-02,M600,31.2971716,120.5956323,30.5,AVAILABLE,,
331,331,EVTOL-01,EC35,31.3046049,120.5960870,199.9,BUSY,M-P-001,V2
331,331,L-UAV-01,AMZN,31.3004475,120.5988915,100.0,BUSY,M-L-001,V3
331,331,M-UAV-01,M600,31.3108767,120.6039862,30.5,AVAILABLE,,
331,331,M-UAV-02,M600,31.2971716,120.5956323,30.5,AVAILABLE,,
332,332,EVTOL-01,EC35,31.3042422,120.5960648,199.9,BUSY,M-P-001,V2
332,332,L-UAV-01,AMZN,31.3005667,120.5989669,100.0,BUSY,M-L-001,V3
332,332,M-UAV-01,M600,31.3108767,120.6039862,30.5,AVAILABLE,,
332,332,M-UAV-02,M600,31.2971716,120.5956323,30.5,AVAILABLE,,
333,333,EVTOL-01,EC35,31.3038795,120.5960426,199.9,BUSY,M-P-001,V2
333,333,L-UAV-01,AMZN,31.3006859,120.5990424,100.0,BUSY,M-L-001,V3
333,333,M-UAV-01,M600,31.3108767,120.6039862,30.5,AVAILABLE,,
333,333,M-UAV-02,M600,31.2971716,120.5956323,30.5,AVAILABLE,,
334,334,EVTOL-01,EC35,31.3035168,120.5960204,199.9,BUSY,M-P-001,V2
334,334,L-UAV-01,AMZN,31.3008052,120.5991179,100.0,BUSY,M-L-001,V3
334,334,M-UAV-01,M600,31.3108767,120.6039862,30.5,AVAILABLE,,
334,334,M-UAV-02,M600,31.2971716,120.5956323,30.5,AVAILABLE,,
335,335,EVTOL-01,EC35,31.3031541,120.5959983,199.9,BUSY,M-P-001,V2
335,335,L-UAV-01,AMZN,31.3009244,120.5991933,100.0,BUSY,M-L-001,V3
335,335,M-UAV-01,M600,31.3108767,120.6039862,30.5,AVAILABLE,,
335,335,M-UAV-02,M600,31.2971716,120.5956323,30.5,AVAILABLE,,
336,336,EVTOL-01,EC35,31.3027914,120.5959761,199.9,BUSY,M-P-001,V2
336,336,L-UAV-01,AMZN,31.3010436,120.5992688,100.0,BUSY,M-L-001,V3
336,336,M-UAV-01,M600,31.3108767,120.6039862,30.5,AVAILABLE,,
336,336,M-UAV-02,M600,31.2971716,120.5956323,30.5,AVAILABLE,,
337,337,EVTOL-01,EC35,31.3024287,120.5959539,199.9,BUSY,M-P-001,V2
337,337,L-UAV-01,AMZN,31.3011628,120.5993442,100.0,BUSY,M-L-001,V3
337,337,M-UAV-01,M600,31.3108767,120.6039862,30.5,AVAILABLE,,
337,337,M-UAV-02,M600,31.2971716,120.5956323,30.5,AVAILABLE,,
338,338,EVTOL-01,EC35,31.3020660,120.5959317,199.9,BUSY,M-P-001,V2
338,338,L-UAV-01,AMZN,31.3012821,120.5994197,100.0,BUSY,M-L-001,V3
338,338,M-UAV-01,M600,31.3108767,120.6039862,30.5,AVAILABLE,,
338,338,M-UAV-02,M600,31.2971716,120.5956323,30.5,AVAILABLE,,
339,339,EVTOL-01,EC35,31.3017033,120.5959095,199.9,BUSY,M-P-001,V2
339,339,L-UAV-01,AMZN,31.3014013,120.5994952,100.0,BUSY,M-L-001,V3
339,339,M-UAV-01,M600,31.3108767,120.6039862,30.5,AVAILABLE,,
339,339,M-UAV-02,M600,31.2971716,120.5956323,30.5,AVAILABLE,,
340,340,EVTOL-01,EC35,31.3013406,120.5958873,199.9,BUSY,M-P-001,V2
340,340,L-UAV-01,AMZN,31.3015205,120.5995706,100.0,BUSY,M-L-001,V3
340,340,M-UAV-01,M600,31.3108767,120.6039862,30.5,AVAILABLE,,
340,340,M-UAV-02,M600,31.2971716,120.5956323,30.5,AVAILABLE,,
341,341,EVTOL-01,EC35,31.3009779,120.5958651,199.9,BUSY,M-P-001,V2
341,341,L-UAV-01,AMZN,31.3016398,120.5996461,100.0,BUSY,M-L-001,V3
341,341,M-UAV-01,M600,31.3108767,120.6039862,30.5,AVAILABLE,,
341,341,M-UAV-02,M600,31.2971716,120.5956323,30.5,AVAILABLE,,
342,342,EVTOL-01,EC35,31.3006152,120.5958430,199.9,BUSY,M-P-001,V2
342,342,L-UAV-01,AMZN,31.3017590,120.5997216,100.0,BUSY,M-L-001,V3
342,342,M-UAV-01,M600,31.3108767,120.6039862,30.5,AVAILABLE,,
342,342,M-UAV-02,M600,31.2971716,120.5956323,30.5,AVAILABLE,,
343,343,EVTOL-01,EC35,31.3002525,120.5958208,199.9,BUSY,M-P-001,V2
343,343,L-UAV-01,AMZN,31.3018782,120.5997970,100.0,BUSY,M-L-001,V3
343,343,M-UAV-01,M600,31.3108767,120.6039862,30.5,AVAILABLE,,
343,343,M-UAV-02,M600,31.2971716,120.5956323,30.5,AVAILABLE,,
344,344,EVTOL-01,EC35,31.2998898,120.5957986,199.9,BUSY,M-P-001,V2
344,344,L-UAV-01,AMZN,31.3019974,120.5998725,100.0,BUSY,M-L-001,V3
344,344,M-UAV-01,M600,31.3108767,120.6039862,30.5,AVAILABLE,,
344,344,M-UAV-02,M600,31.2971716,120.5956323,30.5,AVAILABLE,,
345,345,EVTOL-01,EC35,31.2995271,120.5957764,199.9,BUSY,M-P-001,V2
345,345,L-UAV-01,AMZN,31.3021167,120.5999480,100.0,BUSY,M-L-001,V3
345,345,M-UAV-01,M600,31.3108767,120.6039862,30.5,AVAILABLE,,
345,345,M-UAV-02,M600,31.2971716,120.5956323,30.5,AVAILABLE,,
346,346,EVTOL-01,EC35,31.2991644,120.5957542,199.9,BUSY,M-P-001,V2
346,346,L-UAV-01,AMZN,31.3022359,120.6000234,100.0,BUSY,M-L-001,V3
346,346,M-UAV-01,M600,31.3108767,120.6039862,30.5,AVAILABLE,,
346,346,M-UAV-02,M600,31.2971716,120.5956323,30.5,AVAILABLE,,
347,347,EVTOL-01,EC35,31.2988017,120.5957320,199.9,BUSY,M-P-001,V2
347,347,L-UAV-01,AMZN,31.3023551,120.6000989,100.0,BUSY,M-L-001,V3
347,347,M-UAV-01,M600,31.3108767,120.6039862,30.5,AVAILABLE,,
347,347,M-UAV-02,M600,31.2971716,120.5956323,30.5,AVAILABLE,,
348,348,EVTOL-01,EC35,31.2984390,120.5957099,199.9,BUSY,M-P-001,V2
348,348,L-UAV-01,AMZN,31.3024744,120.6001744,100.0,BUSY,M-L-001,V3
348,348,M-UAV-01,M600,31.3108767,120.6039862,30.5,AVAILABLE,,
348,348,M-UAV-02,M600,31.2971716,120.5956323,30.5,AVAILABLE,,
349,349,EVTOL-01,EC35,31.2980763,120.5956877,199.9,BUSY,M-P-001,V2
349,349,L-UAV-01,AMZN,31.3025936,120.6002498,100.0,BUSY,M-L-001,V3
349,349,M-UAV-01,M600,31.3108767,120.6039862,30.5,AVAILABLE,,
349,349,M-UAV-02,M600,31.2971716,120.5956323,30.5,AVAILABLE,,
350,350,EVTOL-01,EC35,31.2977137,120.5956655,199.9,BUSY,M-P-001,V1
350,350,L-UAV-01,AMZN,31.3027128,120.6003253,100.0,BUSY,M-L-001,V3
350,350,M-UAV-01,M600,31.3108767,120.6039862,30.5,AVAILABLE,,
350,350,M-UAV-02,M600,31.2971716,120.5956323,30.5,AVAILABLE,,
351,351,EVTOL-01,EC35,31.2973511,120.5956914,199.9,BUSY,M-P-001,V1
351,351,L-UAV-01,AMZN,31.3028320,120.6004007,100.0,BUSY,M-L-001,V3
351,351,M-UAV-01,M600,31.3108767,120.6039862,30.5,AVAILABLE,,
351,351,M-UAV-02,M600,31.2971716,120.5956323,30.5,AVAILABLE,,
352,352,EVTOL-01,EC35,31.2969934,120.5957651,199.9,BUSY,M-P-001,V1
352,352,L-UAV-01,AMZN,31.3029513,120.6004762,100.0,BUSY,M-L-001,V3
352,352,M-UAV-01,M600,31.3108767,120.6039862,30.5,AVAILABLE,,
352,352,M-UAV-02,M600,31.2971716,120.5956323,30.5,AVAILABLE,,
353,353,EVTOL-01,EC35,31.2966452,120.5958856,199.9,BUSY,M-P-001,V1
353,353,L-UAV-01,AMZN,31.3030705,120.6005517,100.0,BUSY,M-L-001,V3
353,353,M-UAV-01,M600,31.3108767,120.6039862,30.5,AVAILABLE,,
353,353,M-UAV-02,M600,31.2971716,120.5956323,30.5,AVAILABLE,,
354,354,EVTOL-01,EC35,31.2963107,120.5960514,199.9,BUSY,M-P-001,V1
354,354,L-UAV-01,AMZN,31.3031897,120.6006271,100.0,BUSY,M-L-001,V3
354,354,M-UAV-01,M600,31.3108767,120.6039862,30.5,AVAILABLE,,
354,354,M-UAV-02,M600,31.2971716,120.5956323,30.5,AVAILABLE,,
355,355,EVTOL-01,EC35,31.2959945,120.5962604,199.9,BUSY,M-P-001,V1
355,355,L-UAV-01,AMZN,31.3033089,120.6007026,100.0,BUSY,M-L-001,V3
355,355,M-UAV-01,M600,31.3108767,120.6039862,30.5,AVAILABLE,,
355,355,M-UAV-02,M600,31.2971716,120.5956323,30.5,AVAILABLE,,
356,356,EVTOL-01,EC35,31.2957004,120.5965098,199.9,BUSY,M-P-001,V1
356,356,L-UAV-01,AMZN,31.3034282,120.6007781,100.0,BUSY,M-L-001,V3
356,356,M-UAV-01,M600,31.3108767,120.6039862,30.5,AVAILABLE,,
356,356,M-UAV-02,M600,31.2971716,120.5956323,30.5,AVAILABLE,,
357,357,EVTOL-01,EC35,31.2954323,120.5967965,199.9,BUSY,M-P-001,V1
357,357,L-UAV-01,AMZN,31.3035474,120.6008535,100.0,BUSY,M-L-001,V3
357,357,M-UAV-01,M600,31.3108767,120.6039862,30.5,AVAILABLE,,
357,357,M-UAV-02,M600,31.2971716,120.5956323,30.5,AVAILABLE,,
358,358,EVTOL-01,EC35,31.2951936,120.5971169,199.9,BUSY,M-P-001,V1
358,358,L-UAV-01,AMZN,31.3036666,120.6009290,100.0,BUSY,M-L-001,V3
358,358,M-UAV-01,M600,31.3108767,120.6039862,30.5,AVAILABLE,,
358,358,M-UAV-02,M600,31.2971716,120.5956323,30.5,AVAILABLE,,
359,359,EVTOL-01,EC35,31.2949874,120.5974667,199.9,BUSY,M-P-001,V1
359,359,L-UAV-01,AMZN,31.3037859,120.6010045,100.0,BUSY,M-L-001,V3
359,359,M-UAV-01,M600,31.3108767,120.6039862,30.5,AVAILABLE,,
359,359,M-UAV-02,M600,31.2971716,120.5956323,30.5,AVAILABLE,,
360,360,EVTOL-01,EC35,31.2948162,120.5978416,199.9,BUSY,M-P-001,V1
360,360,L-UAV-01,AMZN,31.3039051,120.6010799,100.0,BUSY,M-L-001,V3
360,360,M-UAV-01,M600,31.3108767,120.6039862,30.5,AVAILABLE,,
360,360,M-UAV-02,M600,31.2971716,120.5956323,30.5,AVAILABLE,,
361,361,EVTOL-01,EC35,31.2946824,120.5982367,199.9,BUSY,M-P-001,V1
361,361,L-UAV-01,AMZN,31.3040243,120.6011554,100.0,BUSY,M-L-001,V3
361,361,M-UAV-01,M600,31.3108767,120.6039862,30.5,AVAILABLE,,
361,361,M-UAV-02,M600,31.2971866,120.5956438,32.0,CONTINGENCY,,V3
362,362,EVTOL-01,EC35,31.2945875,120.5986470,199.9,BUSY,M-P-001,V1
362,362,L-UAV-01,AMZN,31.3041435,120.6012309,100.0,BUSY,M-L-001,V3
362,362,M-UAV-01,M600,31.3108767,120.6039862,30.5,AVAILABLE,,
362,362,M-UAV-02,M600,31.2972168,120.5956667,35.1,CONTINGENCY,,V3
363,363,EVTOL-01,EC35,31.2945329,120.5990672,199.9,BUSY,M-P-001,V1
363,363,L-UAV-01,AMZN,31.3042628,120.6013064,100.0,BUSY,M-L-001,V3
363,363,M-UAV-01,M600,31.3108767,120.6039862,30.5,AVAILABLE,,
363,363,M-UAV-02,M600,31.2972621,120.5957011,39.6,CONTINGENCY,,V3
364,364,EVTOL-01,EC35,31.2945192,120.5994919,199.9,BUSY,M-P-001,V1
364,364,L-UAV-01,AMZN,31.3043820,120.6013818,100.0,BUSY,M-L-001,V3
364,364,M-UAV-01,M600,31.3108767,120.6039862,30.5,AVAILABLE,,
364,364,M-UAV-02,M600,31.2973225,120.5957469,45.7,CONTINGENCY,,V3
365,365,EVTOL-01,EC35,31.2945466,120.5999157,199.9,BUSY,M-P-001,V1
365,365,L-UAV-01,AMZN,31.3045012,120.6014573,100.0,BUSY,M-L-001,V3
365,365,M-UAV-01,M600,31.3108767,120.6039862,30.5,AVAILABLE,,
365,365,M-UAV-02,M600,31.2973979,120.5958042,53.3,CONTINGENCY,,V3
366,366,EVTOL-01,EC35,31.2946147,120.6003332,199.9,BUSY,M-P-001,V1
366,366,L-UAV-01,AMZN,31.3046205,120.6015328,100.0,BUSY,M-L-001,V3
366,366,M-UAV-01,M600,31.3108767,120.6039862,30.5,AVAILABLE,,
366,366,M-UAV-02,M600,31.2974884,120.5958729,61.0,CONTINGENCY,,V3
367,367,EVTOL-01,EC35,31.2947227,120.6007390,199.9,BUSY,M-P-001,V1
367,367,L-UAV-01,AMZN,31.3047397,120.6016082,100.0,BUSY,M-L-001,V3
367,367,M-UAV-01,M600,31.3108767,120.6039862,30.5,AVAILABLE,,
367,367,M-UAV-02,M600,31.2975941,120.5959531,68.6,CONTINGENCY,,V3
368,368,EVTOL-01,EC35,31.2948692,120.6011279,199.9,BUSY,M-P-001,V1
368,368,L-UAV-01,AMZN,31.3048589,120.6016837,100.0,BUSY,M-L-001,V3
368,368,M-UAV-01,M600,31.3108767,120.6039862,30.5,AVAILABLE,,
368,368,M-UAV-02,M600,31.2977076,120.5960393,76.2,CONTINGENCY,,V3
369,369,EVTOL-01,EC35,31.2950523,120.6014950,199.9,BUSY,M-P-001,V1
369,369,L-UAV-01,AMZN,31.3049781,120.6017592,100.0,BUSY,M-L-001,V3
369,369,M-UAV-01,M600,31.3108767,120.6039862,30.5,AVAILABLE,,
369,369,M-UAV-02,M600,31.2978212,120.5961255,83.8,CONTINGENCY,,V3
370,370,EVTOL-01,EC35,31.2952697,120.6018355,199.9,BUSY,M-P-001,V1
370,370,L-UAV-01,AMZN,31.3050974,120.6018346,100.0,BUSY,M-L-001,V3
370,370,M-UAV-01,M600,31.3108767,120.6039862,30.5,AVAILABLE,,
370,370,M-UAV-02,M600,31.2979348,120.5962118,91.4,CONTINGENCY,,V3
371,371,EVTOL-01,EC35,31.2955186,120.6021451,199.9,BUSY,M-P-001,V1
371,371,L-UAV-01,AMZN,31.3052166,120.6019101,100.0,BUSY,M-L-001,V3
371,371,M-UAV-01,M600,31.3108767,120.6039862,30.5,AVAILABLE,,
371,371,M-UAV-02,M600,31.2980485,120.5962981,99.1,CONTINGENCY,,V3
372,372,EVTOL-01,EC35,31.2957957,120.6024197,199.9,BUSY,M-P-001,V1
372,372,L-UAV-01,AMZN,31.3053358,120.6019856,100.0,BUSY,M-L-001,V3
372,372,M-UAV-01,M600,31.3108767,120.6039862,30.5,AVAILABLE,,
372,372,M-UAV-02,M600,31.2981622,120.5963844,100.0,CONTINGENCY,,V3
373,373,EVTOL-01,EC35,31.2960976,120.6026560,199.9,BUSY,M-P-001,V1
373,373,L-UAV-01,AMZN,31.3054550,120.6020610,100.0,BUSY,M-L-001,V3
373,373,M-UAV-01,M600,31.3108767,120.6039862,30.5,AVAILABLE,,
373,373,M-UAV-02,M600,31.2982759,120.5964707,100.0,CONTINGENCY,,V3
374,374,EVTOL-01,EC35,31.2964204,120.6028509,199.9,BUSY,M-P-001,V1
374,374,L-UAV-01,AMZN,31.3055743,120.6021365,100.0,BUSY,M-L-001,V3
374,374,M-UAV-01,M600,31.3108767,120.6039862,30.5,AVAILABLE,,
374,374,M-UAV-02,M600,31.2983896,120.5965571,100.0,CONTINGENCY,,V3
375,375,EVTOL-01,EC35,31.2967599,120.6030018,199.9,BUSY,M-P-001,V1
375,375,L-UAV-01,AMZN,31.3056935,120.6022120,100.0,BUSY,M-L-001,V3
375,375,M-UAV-01,M600,31.3108767,120.6039862,30.5,AVAILABLE,,
375,375,M-UAV-02,M600,31.2985034,120.5966434,100.0,CONTINGENCY,,V3
376,376,EVTOL-01,EC35,31.2971118,120.6031068,199.9,BUSY,M-P-001,V1
376,376,L-UAV-01,AMZN,31.3058127,120.6022875,100.0,BUSY,M-L-001,V2
376,376,M-UAV-01,M600,31.3108767,120.6039862,30.5,AVAILABLE,,
376,376,M-UAV-02,M600,31.2986171,120.5967297,100.0,CONTINGENCY,,V3
377,377,EVTOL-01,EC35,31.2974717,120.6031647,199.9,BUSY,M-P-001,V1
377,377,L-UAV-01,AMZN,31.3059458,120.6023178,100.0,BUSY,M-L-001,V2
377,377,M-UAV-01,M600,31.3108767,120.6039862,30.5,AVAILABLE,,
377,377,M-UAV-02,M600,31.2987308,120.5968160,100.0,CONTINGENCY,,V3
378,378,EVTOL-01,EC35,31.2978344,120.6031869,199.9,BUSY,M-P-001,V1
378,378,L-UAV-01,AMZN,31.3060805,120.6023002,100.0,BUSY,M-L-001,V2
378,378,M-UAV-01,M600,31.3108767,120.6039862,30.5,AVAILABLE,,
378,378,M-UAV-02,M600,31.2988445,120.5969024,100.0,CONTINGENCY,,V3
379,379,EVTOL-01,EC35,31.2981970,120.6032091,199.9,BUSY,M-P-001,V1
379,379,L-UAV-01,AMZN,31.3062046,120.6022363,100.0,BUSY,M-L-001,V2
379,379,M-UAV-01,M600,31.3108767,120.6039862,30.5,AVAILABLE,,
379,379,M-UAV-02,M600,31.2989582,120.5969887,100.0,CONTINGENCY,,V3
380,380,EVTOL-01,EC35,31.2985597,120.6032313,199.9,BUSY,M-P-001,V1
380,380,L-UAV-01,AMZN,31.3063067,120.6021320,100.0,BUSY,M-L-001,V2
380,380,M-UAV-01,M600,31.3108767,120.6039862,30.5,AVAILABLE,,
380,380,M-UAV-02,M600,31.2990719,120.5970750,100.0,CONTINGENCY,,V3
381,381,EVTOL-01,EC35,31.2989224,120.6032536,199.9,BUSY,M-P-001,V1
381,381,L-UAV-01,AMZN,31.3063775,120.6019967,100.0,BUSY,M-L-001,V2
381,381,M-UAV-01,M600,31.3108767,120.6039862,30.5,AVAILABLE,,
381,381,M-UAV-02,M600,31.2991857,120.5971614,100.0,CONTINGENCY,,V3
382,382,EVTOL-01,EC35,31.2992851,120.6032758,199.9,BUSY,M-P-001,V1
382,382,L-UAV-01,AMZN,31.3064105,120.6018428,100.0,BUSY,M-L-001,V2
382,382,M-UAV-01,M600,31.3108767,120.6039862,30.5,AVAILABLE,,
382,382,M-UAV-02,M600,31.2992994,120.5972477,100.0,CONTINGENCY,,V3
383,383,EVTOL-01,EC35,31.2996478,120.6032980,199.9,BUSY,M-P-001,V1
383,383,L-UAV-01,AMZN,31.3064027,120.6016844,100.0,BUSY,M-L-001,V2
383,383,M-UAV-01,M600,31.3108767,120.6039862,30.5,AVAILABLE,,
383,383,M-UAV-02,M600,31.2994131,120.5973340,100.0,CONTINGENCY,,V3
384,384,EVTOL-01,EC35,31.3000105,120.6033202,199.9,BUSY,M-P-001,V1
384,384,L-UAV-01,AMZN,31.3063549,120.6015360,100.0,BUSY,M-L-001,V2
384,384,M-UAV-01,M600,31.3108767,120.6039862,30.5,AVAILABLE,,
384,384,M-UAV-02,M600,31.2995268,120.5974204,100.0,CONTINGENCY,,V3
385,385,EVTOL-01,EC35,31.3003732,120.6033425,199.9,BUSY,M-P-001,V1
385,385,L-UAV-01,AMZN,31.3062714,120.6014111,100.0,BUSY,M-L-001,V2
385,385,M-UAV-01,M600,31.3108767,120.6039862,30.5,AVAILABLE,,
385,385,M-UAV-02,M600,31.2996405,120.5975067,100.0,CONTINGENCY,,V3
386,386,EVTOL-01,EC35,31.3007359,120.6033647,199.9,BUSY,M-P-001,V1
386,386,L-UAV-01,AMZN,31.3061598,120.6013211,100.0,BUSY,M-L-001,V2
386,386,M-UAV-01,M600,31.3108767,120.6039862,30.5,AVAILABLE,,
386,386,M-UAV-02,M600,31.2997542,120.5975930,100.0,CONTINGENCY,,V3
387,387,EVTOL-01,EC35,31.3010986,120.6033869,199.9,BUSY,M-P-001,V1
387,387,L-UAV-01,AMZN,31.3060405,120.6012456,100.0,BUSY,M-L-001,V2
387,387,M-UAV-01,M600,31.3108767,120.6039862,30.5,AVAILABLE,,
387,387,M-UAV-02,M600,31.2998680,120.5976794,100.0,CONTINGENCY,,V3
388,388,EVTOL-01,EC35,31.3014613,120.6034091,199.9,BUSY,M-P-001,V1
388,388,L-UAV-01,AMZN,31.3059213,120.6011701,100.0,BUSY,M-L-001,V2
388,388,M-UAV-01,M600,31.3108767,120.6039862,30.5,AVAILABLE,,
388,388,M-UAV-02,M600,31.2999817,120.5977657,100.0,CONTINGENCY,,V3
389,389,EVTOL-01,EC35,31.3018240,120.6034314,199.9,BUSY,M-P-001,V1
389,389,L-UAV-01,AMZN,31.3058021,120.6010946,100.0,BUSY,M-L-001,V2
389,389,M-UAV-01,M600,31.3108767,120.6039862,30.5,AVAILABLE,,
389,389,M-UAV-02,M600,31.3000954,120.5978520,100.0,CONTINGENCY,,V3
390,390,EVTOL-01,EC35,31.3021867,120.6034536,199.9,BUSY,M-P-001,V1
390,390,L-UAV-01,AMZN,31.3056828,120.6010192,100.0,BUSY,M-L-001,V2
390,390,M-UAV-01,M600,31.3108767,120.6039862,30.5,AVAILABLE,,
390,390,M-UAV-02,M600,31.3002091,120.5979384,100.0,CONTINGENCY,,V3
391,391,EVTOL-01,EC35,31.3025494,120.6034758,199.9,BUSY,M-P-001,V1
391,391,L-UAV-01,AMZN,31.3055636,120.6009437,100.0,BUSY,M-L-001,V2
391,391,M-UAV-01,M600,31.3108767,120.6039862,30.5,AVAILABLE,,
391,391,M-UAV-02,M600,31.3003228,120.5980247,100.0,CONTINGENCY,,V3
392,392,EVTOL-01,EC35,31.3029121,120.6034980,199.9,BUSY,M-P-001,V1
392,392,L-UAV-01,AMZN,31.3054444,120.6008682,100.0,BUSY,M-L-001,V2
392,392,M-UAV-01,M600,31.3108767,120.6039862,30.5,AVAILABLE,,
392,392,M-UAV-02,M600,31.3004365,120.5981110,100.0,CONTINGENCY,,V3
393,393,EVTOL-01,EC35,31.3032748,120.6035203,199.9,BUSY,M-P-001,V1
393,393,L-UAV-01,AMZN,31.3053252,120.6007928,100.0,BUSY,M-L-001,V2
393,393,M-UAV-01,M600,31.3108767,120.6039862,30.5,AVAILABLE,,
393,393,M-UAV-02,M600,31.3005502,120.5981974,100.0,CONTINGENCY,,V3
394,394,EVTOL-01,EC35,31.3036374,120.6035425,199.9,BUSY,M-P-001,V1
394,394,L-UAV-01,AMZN,31.3052059,120.6007173,100.0,BUSY,M-L-001,V2
394,394,M-UAV-01,M600,31.3108767,120.6039862,30.5,AVAILABLE,,
394,394,M-UAV-02,M600,31.3006640,120.5982837,100.0,CONTINGENCY,,V3
395,395,EVTOL-01,EC35,31.3040001,120.6035647,199.9,BUSY,M-P-001,V1
395,395,L-UAV-01,AMZN,31.3050867,120.6006418,100.0,BUSY,M-L-001,V2
395,395,M-UAV-01,M600,31.3108767,120.6039862,30.5,AVAILABLE,,
395,395,M-UAV-02,M600,31.3007777,120.5983700,100.0,CONTINGENCY,,V3
396,396,EVTOL-01,EC35,31.3043628,120.6035869,199.9,BUSY,M-P-001,V1
396,396,L-UAV-01,AMZN,31.3049675,120.6005664,100.0,BUSY,M-L-001,V2
396,396,M-UAV-01,M600,31.3108767,120.6039862,30.5,AVAILABLE,,
396,396,M-UAV-02,M600,31.3008914,120.5984564,100.0,CONTINGENCY,,V3
397,397,EVTOL-01,EC35,31.3047255,120.6036092,199.9,BUSY,M-P-001,V1
397,397,L-UAV-01,AMZN,31.3048482,120.6004909,100.0,BUSY,M-L-001,V2
397,397,M-UAV-01,M600,31.3108767,120.6039862,30.5,AVAILABLE,,
397,397,M-UAV-02,M600,31.3010051,120.5985427,100.0,CONTINGENCY,,V3
398,398,EVTOL-01,EC35,31.3050882,120.6036314,199.9,BUSY,M-P-001,V1
398,398,L-UAV-01,AMZN,31.3047290,120.6004154,100.0,BUSY,M-L-001,V2
398,398,M-UAV-01,M600,31.3108767,120.6039862,30.5,AVAILABLE,,
398,398,M-UAV-02,M600,31.3011188,120.5986291,100.0,CONTINGENCY,,V3
399,399,EVTOL-01,EC35,31.3054509,120.6036536,199.9,BUSY,M-P-001,V1
399,399,L-UAV-01,AMZN,31.3046098,120.6003400,100.0,BUSY,M-L-001,V2
399,399,M-UAV-01,M600,31.3108767,120.6039862,30.5,AVAILABLE,,
399,399,M-UAV-02,M600,31.3012325,120.5987154,100.0,CONTINGENCY,,V3
400,400,EVTOL-01,EC35,31.3058136,120.6036758,199.9,BUSY,M-P-001,V1
400,400,L-UAV-01,AMZN,31.3044906,120.6002645,100.0,BUSY,M-L-001,V2
400,400,M-UAV-01,M600,31.3108767,120.6039862,30.5,AVAILABLE,,
400,400,M-UAV-02,M600,31.3013463,120.5988017,100.0,CONTINGENCY,,V3
401,401,EVTOL-01,EC35,31.3061763,120.6036981,199.9,BUSY,M-P-001,V1
401,401,L-UAV-01,AMZN,31.3043713,120.6001890,100.0,BUSY,M-L-001,V2
401,401,M-UAV-01,M600,31.3108767,120.6039862,30.5,AVAILABLE,,
401,401,M-UAV-02,M600,31.3014600,120.5988881,100.0,CONTINGENCY,,V3
402,402,EVTOL-01,EC35,31.3065390,120.6037203,199.9,BUSY,M-P-001,V1
402,402,L-UAV-01,AMZN,31.3042521,120.6001136,100.0,BUSY,M-L-001,V2
402,402,M-UAV-01,M600,31.3108767,120.6039862,30.5,AVAILABLE,,
402,402,M-UAV-02,M600,31.3015737,120.5989744,100.0,CONTINGENCY,,V3
403,403,EVTOL-01,EC35,31.3069017,120.6037425,199.9,BUSY,M-P-001,V1
403,403,L-UAV-01,AMZN,31.3041329,120.6000381,100.0,BUSY,M-L-001,V2
403,403,M-UAV-01,M600,31.3108767,120.6039862,30.5,AVAILABLE,,
403,403,M-UAV-02,M600,31.3016874,120.5990607,100.0,CONTINGENCY,,V3
404,404,EVTOL-01,EC35,31.3072644,120.6037648,199.9,BUSY,M-P-001,V1
404,404,L-UAV-01,AMZN,31.3040136,120.5999626,100.0,BUSY,M-L-001,V2
404,404,M-UAV-01,M600,31.3108767,120.6039862,30.5,AVAILABLE,,
404,404,M-UAV-02,M600,31.3018011,120.5991471,100.0,CONTINGENCY,,V3
405,405,EVTOL-01,EC35,31.3076271,120.6037870,199.9,BUSY,M-P-001,V1
405,405,L-UAV-01,AMZN,31.3038944,120.5998872,100.0,BUSY,M-L-001,V2
405,405,M-UAV-01,M600,31.3108767,120.6039862,30.5,AVAILABLE,,
405,405,M-UAV-02,M600,31.3019148,120.5992334,100.0,CONTINGENCY,,V3
406,406,EVTOL-01,EC35,31.3079898,120.6038092,199.9,BUSY,M-P-001,V1
406,406,L-UAV-01,AMZN,31.3037752,120.5998117,100.0,BUSY,M-L-001,V2
406,406,M-UAV-01,M600,31.3108767,120.6039862,30.5,AVAILABLE,,
406,406,M-UAV-02,M600,31.3020285,120.5993197,100.0,CONTINGENCY,,V3
407,407,EVTOL-01,EC35,31.3083525,120.6038314,199.9,BUSY,M-P-001,V1
407,407,L-UAV-01,AMZN,31.3036560,120.5997363,100.0,BUSY,M-L-001,V2
407,407,M-UAV-01,M600,31.3108767,120.6039862,30.5,AVAILABLE,,
407,407,M-UAV-02,M600,31.3021423,120.5994061,100.0,CONTINGENCY,,V3
408,408,EVTOL-01,EC35,31.3087152,120.6038537,199.9,BUSY,M-P-001,V1
408,408,L-UAV-01,AMZN,31.3035367,120.5996608,100.0,BUSY,M-L-001,V2
408,408,M-UAV-01,M600,31.3108767,120.6039862,30.5,AVAILABLE,,
408,408,M-UAV-02,M600,31.3022560,120.5994924,100.0,CONTINGENCY,,V3
409,409,EVTOL-01,EC35,31.3090779,120.6038759,199.9,BUSY,M-P-001,V1
409,409,L-UAV-01,AMZN,31.3034175,120.5995853,100.0,BUSY,M-L-001,V2
409,409,M-UAV-01,M600,31.3108767,120.6039862,30.5,AVAILABLE,,
409,409,M-UAV-02,M600,31.3023697,120.5995788,100.0,CONTINGENCY,,V3
410,410,EVTOL-01,EC35,31.3094405,120.6038981,199.9,BUSY,M-P-001,V1
410,410,L-UAV-01,AMZN,31.3032983,120.5995099,100.0,BUSY,M-L-001,V2
410,410,M-UAV-01,M600,31.3108767,120.6039862,30.5,AVAILABLE,,
410,410,M-UAV-02,M600,31.3024834,120.5996651,100.0,CONTINGENCY,,V3
411,411,EVTOL-01,EC35,31.3098032,120.6039204,199.9,BUSY,M-P-001,V1
411,411,L-UAV-01,AMZN,31.3031790,120.5994344,100.0,BUSY,M-L-001,V2
411,411,M-UAV-01,M600,31.3108767,120.6039862,30.5,AVAILABLE,,
411,411,M-UAV-02,M600,31.3025971,120.5997514,100.0,CONTINGENCY,,V3
412,412,EVTOL-01,EC35,31.3101659,120.6039426,199.9,BUSY,M-P-001,V2
412,412,L-UAV-01,AMZN,31.3030598,120.5993589,100.0,BUSY,M-L-001,V2
412,412,M-UAV-01,M600,31.3108767,120.6039862,30.5,AVAILABLE,,
412,412,M-UAV-02,M600,31.3027108,120.5998378,100.0,CONTINGENCY,,V3
413,413,EVTOL-01,EC35,31.3105284,120.6039167,199.9,BUSY,M-P-001,V2
413,413,L-UAV-01,AMZN,31.3029406,120.5992835,100.0,BUSY,M-L-001,V2
413,413,M-UAV-01,M600,31.3108767,120.6039862,30.5,AVAILABLE,,
413,413,M-UAV-02,M600,31.3028245,120.5999241,100.0,CONTINGENCY,,V3
414,414,EVTOL-01,EC35,31.3108861,120.6038431,199.9,BUSY,M-P-001,V2
414,414,L-UAV-01,AMZN,31.3028214,120.5992080,100.0,BUSY,M-L-001,V2
414,414,M-UAV-01,M600,31.3108767,120.6039862,30.5,AVAILABLE,,
414,414,M-UAV-02,M600,31.3029383,120.6000104,100.0,CONTINGENCY,,V3
415,415,EVTOL-01,EC35,31.3112344,120.6037226,199.9,BUSY,M-P-001,V2
415,415,L-UAV-01,AMZN,31.3027021,120.5991325,100.0,BUSY,M-L-001,V2
415,415,M-UAV-01,M600,31.3108767,120.6039862,30.5,AVAILABLE,,
415,415,M-UAV-02,M600,31.3030520,120.6000968,100.0,CONTINGENCY,,V3
416,416,EVTOL-01,EC35,31.3115689,120.6035568,199.9,BUSY,M-P-001,V2
416,416,L-UAV-01,AMZN,31.3025829,120.5990571,100.0,BUSY,M-L-001,V2
416,416,M-UAV-01,M600,31.3108767,120.6039862,30.5,AVAILABLE,,
416,416,M-UAV-02,M600,31.3031657,120.6001831,100.0,CONTINGENCY,,V3
417,417,EVTOL-01,EC35,31.3118852,120.6033478,199.9,BUSY,M-P-001,V2
417,417,L-UAV-01,AMZN,31.3024637,120.5989816,100.0,BUSY,M-L-001,V2
417,417,M-UAV-01,M600,31.3108767,120.6039862,30.5,AVAILABLE,,
417,417,M-UAV-02,M600,31.3032794,120.6002695,100.0,CONTINGENCY,,V3
418,418,EVTOL-01,EC35,31.3121793,120.6030984,199.9,BUSY,M-P-001,V2
418,418,L-UAV-01,AMZN,31.3023444,120.5989061,100.0,BUSY,M-L-001,V2
418,418,M-UAV-01,M600,31.3108767,120.6039862,30.5,AVAILABLE,,
418,418,M-UAV-02,M600,31.3033931,120.6003558,100.0,CONTINGENCY,,V3
419,419,EVTOL-01,EC35,31.3124474,120.6028116,199.9,BUSY,M-P-001,V2
419,419,L-UAV-01,AMZN,31.3022252,120.5988307,100.0,BUSY,M-L-001,V2
419,419,M-UAV-01,M600,31.3108767,120.6039862,30.5,AVAILABLE,,
419,419,M-UAV-02,M600,31.3035068,120.6004421,100.0,CONTINGENCY,,V3
420,420,EVTOL-01,EC35,31.3126861,120.6024913,199.9,BUSY,M-P-001,V2
420,420,L-UAV-01,AMZN,31.3021060,120.5987552,100.0,BUSY,M-L-001,V2
420,420,M-UAV-01,M600,31.3108767,120.6039862,30.5,AVAILABLE,,
420,420,M-UAV-02,M600,31.3036205,120.6005285,100.0,CONTINGENCY,,V3
421,421,EVTOL-01,EC35,31.3128924,120.6021414,199.9,BUSY,M-P-001,V2
421,421,L-UAV-01,AMZN,31.3019868,120.5986798,100.0,BUSY,M-L-001,V2
421,421,M-UAV-01,M600,31.3108767,120.6039862,30.5,AVAILABLE,,
421,421,M-UAV-02,M600,31.3037343,120.6006148,100.0,CONTINGENCY,,V3
422,422,EVTOL-01,EC35,31.3130636,120.6017664,199.9,BUSY,M-P-001,V2
422,422,L-UAV-01,AMZN,31.3018675,120.5986043,100.0,BUSY,M-L-001,V2
422,422,M-UAV-01,M600,31.3108767,120.6039862,30.5,AVAILABLE,,
422,422,M-UAV-02,M600,31.3038480,120.6007012,100.0,CONTINGENCY,,V3
423,423,EVTOL-01,EC35,31.3131974,120.6013713,199.9,BUSY,M-P-001,V2
423,423,L-UAV-01,AMZN,31.3017483,120.5985288,100.0,BUSY,M-L-001,V2
423,423,M-UAV-01,M600,31.3108767,120.6039862,30.5,AVAILABLE,,
423,423,M-UAV-02,M600,31.3039617,120.6007875,100.0,CONTINGENCY,,V3
424,424,EVTOL-01,EC35,31.3132923,120.6009609,199.9,BUSY,M-P-001,V2
424,424,L-UAV-01,AMZN,31.3016291,120.5984534,100.0,BUSY,M-L-001,V2
424,424,M-UAV-01,M600,31.3108767,120.6039862,30.5,AVAILABLE,,
424,424,M-UAV-02,M600,31.3040754,120.6008739,100.0,CONTINGENCY,,V3
425,425,EVTOL-01,EC35,31.3133470,120.6005406,199.9,BUSY,M-P-001,V2
425,425,L-UAV-01,AMZN,31.3015098,120.5983779,100.0,BUSY,M-L-001,V2
425,425,M-UAV-01,M600,31.3108767,120.6039862,30.5,AVAILABLE,,
425,425,M-UAV-02,M600,31.3041891,120.6009602,100.0,CONTINGENCY,,V3
426,426,EVTOL-01,EC35,31.3133607,120.6001158,199.9,BUSY,M-P-001,V2
426,426,L-UAV-01,AMZN,31.3013906,120.5983025,100.0,BUSY,M-L-001,V2
426,426,M-UAV-01,M600,31.3108767,120.6039862,30.5,AVAILABLE,,
426,426,M-UAV-02,M600,31.3043028,120.6010465,100.0,CONTINGENCY,,V3
427,427,EVTOL-01,EC35,31.3133334,120.5996919,199.9,BUSY,M-P-001,V2
427,427,L-UAV-01,AMZN,31.3012714,120.5982270,100.0,BUSY,M-L-001,V2
427,427,M-UAV-01,M600,31.3108767,120.6039862,30.5,AVAILABLE,,
427,427,M-UAV-02,M600,31.3044165,120.6011329,100.0,CONTINGENCY,,V3
428,428,EVTOL-01,EC35,31.3132653,120.5992743,199.9,BUSY,M-P-001,V2
428,428,L-UAV-01,AMZN,31.3011521,120.5981515,100.0,BUSY,M-L-001,V2
428,428,M-UAV-01,M600,31.3108767,120.6039862,30.5,AVAILABLE,,
428,428,M-UAV-02,M600,31.3045302,120.6012192,100.0,CONTINGENCY,,V3
429,429,EVTOL-01,EC35,31.3131573,120.5988685,199.9,BUSY,M-P-001,V2
429,429,L-UAV-01,AMZN,31.3010329,120.5980761,100.0,BUSY,M-L-001,V2
429,429,M-UAV-01,M600,31.3108767,120.6039862,30.5,AVAILABLE,,
429,429,M-UAV-02,M600,31.3046440,120.6013056,100.0,CONTINGENCY,,V3
430,430,EVTOL-01,EC35,31.3130108,120.5984794,199.9,BUSY,M-P-001,V2
430,430,L-UAV-01,AMZN,31.3009137,120.5980006,100.0,BUSY,M-L-001,V2
430,430,M-UAV-01,M600,31.3108767,120.6039862,30.5,AVAILABLE,,
430,430,M-UAV-02,M600,31.3047577,120.6013919,100.0,CONTINGENCY,,V3
431,431,EVTOL-01,EC35,31.3128278,120.5981123,199.9,BUSY,M-P-001,V2
431,431,L-UAV-01,AMZN,31.3007945,120.5979251,100.0,BUSY,M-L-001,V2
431,431,M-UAV-01,M600,31.3108767,120.6039862,30.5,AVAILABLE,,
431,431,M-UAV-02,M600,31.3048714,120.6014782,100.0,CONTINGENCY,,V3
432,432,EVTOL-01,EC35,31.3126104,120.5977717,199.9,BUSY,M-P-001,V2
432,432,L-UAV-01,AMZN,31.3006752,120.5978497,100.0,BUSY,M-L-001,V2
432,432,M-UAV-01,M600,31.3108767,120.6039862,30.5,AVAILABLE,,
432,432,M-UAV-02,M600,31.3049851,120.6015646,100.0,CONTINGENCY,,V3
433,433,EVTOL-01,EC35,31.3123616,120.5974620,199.9,BUSY,M-P-001,V2
433,433,L-UAV-01,AMZN,31.3005560,120.5977742,100.0,BUSY,M-L-001,V2
433,433,M-UAV-01,M600,31.3108767,120.6039862,30.5,AVAILABLE,,
433,433,M-UAV-02,M600,31.3050988,120.6016509,100.0,CONTINGENCY,,V3
434,434,EVTOL-01,EC35,31.3120845,120.5971873,199.9,BUSY,M-P-001,V2
434,434,L-UAV-01,AMZN,31.3004368,120.5976988,100.0,BUSY,M-L-001,V2
434,434,M-UAV-01,M600,31.3108767,120.6039862,30.5,AVAILABLE,,
434,434,M-UAV-02,M600,31.3052125,120.6017373,100.0,CONTINGENCY,,V3
435,435,EVTOL-01,EC35,31.3117826,120.5969509,199.9,BUSY,M-P-001,V2
435,435,L-UAV-01,AMZN,31.3003175,120.5976233,100.0,BUSY,M-L-001,V2
435,435,M-UAV-01,M600,31.3108767,120.6039862,30.5,AVAILABLE,,
435,435,M-UAV-02,M600,31.3053262,120.6018236,100.0,CONTINGENCY,,V3
436,436,EVTOL-01,EC35,31.3114598,120.5967560,199.9,BUSY,M-P-001,V2
436,436,L-UAV-01,AMZN,31.3001983,120.5975479,100.0,BUSY,M-L-001,V2
436,436,M-UAV-01,M600,31.3108767,120.6039862,30.5,AVAILABLE,,
436,436,M-UAV-02,M600,31.3054400,120.6019100,100.0,CONTINGENCY,,V3
437,437,EVTOL-01,EC35,31.3111203,120.5966050,199.9,BUSY,M-P-001,V2
437,437,L-UAV-01,AMZN,31.3000791,120.5974724,100.0,BUSY,M-L-001,V2
437,437,M-UAV-01,M600,31.3108767,120.6039862,30.5,AVAILABLE,,
437,437,M-UAV-02,M600,31.3055537,120.6019963,100.0,CONTINGENCY,,V3
438,438,EVTOL-01,EC35,31.3107684,120.5964999,199.9,BUSY,M-P-001,V2
438,438,L-UAV-01,AMZN,31.2999598,120.5973969,100.0,BUSY,M-L-001,V2
438,438,M-UAV-01,M600,31.3108767,120.6039862,30.5,AVAILABLE,,
438,438,M-UAV-02,M600,31.3056674,120.6020826,100.0,CONTINGENCY,,V3
439,439,EVTOL-01,EC35,31.3104086,120.5964420,199.9,BUSY,M-P-001,V2
439,439,L-UAV-01,AMZN,31.2998406,120.5973215,100.0,BUSY,M-L-001,V2
439,439,M-UAV-01,M600,31.3108767,120.6039862,30.5,AVAILABLE,,
439,439,M-UAV-02,M600,31.3057811,120.6021690,100.0,CONTINGENCY,,V3
440,440,EVTOL-01,EC35,31.3100459,120.5964199,199.9,BUSY,M-P-001,V2
440,440,L-UAV-01,AMZN,31.2997214,120.5972460,100.0,BUSY,M-L-001,V2
440,440,M-UAV-01,M600,31.3108767,120.6039862,30.5,AVAILABLE,,
440,440,M-UAV-02,M600,31.3058948,120.6022553,100.0,CONTINGENCY,,
441,441,EVTOL-01,EC35,31.3096832,120.5963977,199.9,BUSY,M-P-001,V2
441,441,L-UAV-01,AMZN,31.2996022,120.5971706,100.0,BUSY,M-L-001,V2
441,441,M-UAV-01,M600,31.3108767,120.6039862,30.5,AVAILABLE,,
441,441,M-UAV-02,M600,31.3059934,120.6023302,98.5,CONTINGENCY,,
442,442,EVTOL-01,EC35,31.3093205,120.5963755,199.9,BUSY,M-P-001,V2
442,442,L-UAV-01,AMZN,31.2994829,120.5970951,100.0,BUSY,M-L-001,V2
442,442,M-UAV-01,M600,31.3108767,120.6039862,30.5,AVAILABLE,,
442,442,M-UAV-02,M600,31.3060770,120.6023937,95.4,CONTINGENCY,,
443,443,EVTOL-01,EC35,31.3089578,120.5963533,199.9,BUSY,M-P-001,V2
443,443,L-UAV-01,AMZN,31.2993637,120.5970196,100.0,BUSY,M-L-001,V2
443,443,M-UAV-01,M600,31.3108767,120.6039862,30.5,AVAILABLE,,
443,443,M-UAV-02,M600,31.3061454,120.6024456,90.8,CONTINGENCY,,
444,444,EVTOL-01,EC35,31.3085951,120.5963311,199.9,BUSY,M-P-001,V2
444,444,L-UAV-01,AMZN,31.2992445,120.5969442,100.0,BUSY,M-L-001,V2
444,444,M-UAV-01,M600,31.3108767,120.6039862,30.5,AVAILABLE,,
444,444,M-UAV-02,M600,31.3061988,120.6024861,84.7,CONTINGENCY,,
445,445,EVTOL-01,EC35,31.3082324,120.5963089,199.9,BUSY,M-P-001,V2
445,445,L-UAV-01,AMZN,31.2991252,120.5968687,100.0,BUSY,M-L-001,V2
445,445,M-UAV-01,M600,31.3108767,120.6039862,30.5,AVAILABLE,,
445,445,M-UAV-02,M600,31.3062370,120.6025152,77.1,CONTINGENCY,,
446,446,EVTOL-01,EC35,31.3078697,120.5962867,199.9,BUSY,M-P-001,V2
446,446,L-UAV-01,AMZN,31.2990060,120.5967933,100.0,BUSY,M-L-001,V2
446,446,M-UAV-01,M600,31.3108767,120.6039862,30.5,AVAILABLE,,
446,446,M-UAV-02,M600,31.3062602,120.6025328,69.5,CONTINGENCY,,
447,447,EVTOL-01,EC35,31.3075070,120.5962645,199.9,BUSY,M-P-001,V2
447,447,L-UAV-01,AMZN,31.2988868,120.5967178,100.0,BUSY,M-L-001,V2
447,447,M-UAV-01,M600,31.3108767,120.6039862,30.5,AVAILABLE,,
447,447,M-UAV-02,M600,31.3062683,120.6025389,61.9,CONTINGENCY,,
448,448,EVTOL-01,EC35,31.3071443,120.5962423,199.9,BUSY,M-P-001,V2
448,448,L-UAV-01,AMZN,31.2987675,120.5966424,100.0,BUSY,M-L-001,V2
448,448,M-UAV-01,M600,31.3108767,120.6039862,30.5,AVAILABLE,,
448,448,M-UAV-02,M600,31.3062683,120.6025389,54.3,CONTINGENCY,,
449,449,EVTOL-01,EC35,31.3067816,120.5962202,199.9,BUSY,M-P-001,V2
449,449,L-UAV-01,AMZN,31.2986483,120.5965669,100.0,BUSY,M-L-001,V2
449,449,M-UAV-01,M600,31.3108767,120.6039862,30.5,AVAILABLE,,
449,449,M-UAV-02,M600,31.3062683,120.6025389,46.6,CONTINGENCY,,
450,450,EVTOL-01,EC35,31.3064189,120.5961980,199.9,BUSY,M-P-001,V2
450,450,L-UAV-01,AMZN,31.2985291,120.5964914,100.0,BUSY,M-L-001,V2
450,450,M-UAV-01,M600,31.3108767,120.6039862,30.5,AVAILABLE,,
450,450,M-UAV-02,M600,31.3062683,120.6025389,39.0,CONTINGENCY,,
451,451,EVTOL-01,EC35,31.3060562,120.5961758,199.9,BUSY,M-P-001,V2
451,451,L-UAV-01,AMZN,31.2984098,120.5964160,100.0,BUSY,M-L-001,V2
451,451,M-UAV-01,M600,31.3108767,120.6039862,30.5,AVAILABLE,,
451,451,M-UAV-02,M600,31.3062683,120.6025389,31.4,CONTINGENCY,,
452,452,EVTOL-01,EC35,31.3056935,120.5961536,199.9,BUSY,M-P-001,V2
452,452,L-UAV-01,AMZN,31.2982906,120.5963405,100.0,BUSY,M-L-001,V2
452,452,M-UAV-01,M600,31.3108767,120.6039862,30.5,AVAILABLE,,
452,452,M-UAV-02,M600,31.3062683,120.6025389,30.5,CONTINGENCY,,
453,453,EVTOL-01,EC35,31.3053308,120.5961314,199.9,BUSY,M-P-001,V2
453,453,L-UAV-01,AMZN,31.2981714,120.5962651,100.0,BUSY,M-L-001,V2
453,453,M-UAV-01,M600,31.3108767,120.6039862,30.5,AVAILABLE,,
453,453,M-UAV-02,M600,31.3062683,120.6025389,30.5,CONTINGENCY,,
454,454,EVTOL-01,EC35,31.3049681,120.5961092,199.9,BUSY,M-P-001,V2
454,454,L-UAV-01,AMZN,31.2980522,120.5961896,100.0,BUSY,M-L-001,V2
454,454,M-UAV-01,M600,31.3108767,120.6039862,30.5,AVAILABLE,,
454,454,M-UAV-02,M600,31.3062683,120.6025389,30.5,CONTINGENCY,,
455,455,EVTOL-01,EC35,31.3046054,120.5960870,199.9,BUSY,M-P-001,V2
455,455,L-UAV-01,AMZN,31.2979329,120.5961142,100.0,BUSY,M-L-001,V3
455,455,M-UAV-01,M600,31.3108767,120.6039862,30.5,AVAILABLE,,
455,455,M-UAV-02,M600,31.3062683,120.6025389,30.5,CONTINGENCY,,
456,456,EVTOL-01,EC35,31.3042428,120.5960648,199.9,BUSY,M-P-001,V2
456,456,L-UAV-01,AMZN,31.2977999,120.5960838,100.0,BUSY,M-L-001,V3
456,456,M-UAV-01,M600,31.3108767,120.6039862,30.5,AVAILABLE,,
456,456,M-UAV-02,M600,31.3062683,120.6025389,30.5,CONTINGENCY,,
457,457,EVTOL-01,EC35,31.3038801,120.5960427,199.9,BUSY,M-P-001,V2
457,457,L-UAV-01,AMZN,31.2976652,120.5961014,100.0,BUSY,M-L-001,V3
457,457,M-UAV-01,M600,31.3108767,120.6039862,30.5,AVAILABLE,,
457,457,M-UAV-02,M600,31.3062683,120.6025389,30.5,CONTINGENCY,,
458,458,EVTOL-01,EC35,31.3035174,120.5960205,199.9,BUSY,M-P-001,V2
458,458,L-UAV-01,AMZN,31.2975411,120.5961653,100.0,BUSY,M-L-001,V3
458,458,M-UAV-01,M600,31.3108767,120.6039862,30.5,AVAILABLE,,
458,458,M-UAV-02,M600,31.3062683,120.6025389,30.5,CONTINGENCY,,
459,459,EVTOL-01,EC35,31.3031547,120.5959983,199.9,BUSY,M-P-001,V2
459,459,L-UAV-01,AMZN,31.2974390,120.5962697,100.0,BUSY,M-L-001,V3
459,459,M-UAV-01,M600,31.3108767,120.6039862,30.5,AVAILABLE,,
459,459,M-UAV-02,M600,31.3062683,120.6025389,30.5,CONTINGENCY,,
460,460,EVTOL-01,EC35,31.3027920,120.5959761,199.9,BUSY,M-P-001,V2
460,460,L-UAV-01,AMZN,31.2973682,120.5964049,100.0,BUSY,M-L-001,V3
460,460,M-UAV-01,M600,31.3108767,120.6039862,30.5,AVAILABLE,,
460,460,M-UAV-02,M600,31.3062683,120.6025389,30.5,CONTINGENCY,,
461,461,EVTOL-01,EC35,31.3024293,120.5959539,199.9,BUSY,M-P-001,V2
461,461,L-UAV-01,AMZN,31.2973352,120.5965588,100.0,BUSY,M-L-001,V3
461,461,M-UAV-01,M600,31.3108767,120.6039862,30.5,AVAILABLE,,
461,461,M-UAV-02,M600,31.3062683,120.6025389,30.5,CONTINGENCY,,
462,462,EVTOL-01,EC35,31.3020666,120.5959317,199.9,BUSY,M-P-001,V2
462,462,L-UAV-01,AMZN,31.2973429,120.5967172,100.0,BUSY,M-L-001,V3
462,462,M-UAV-01,M600,31.3108767,120.6039862,30.5,AVAILABLE,,
462,462,M-UAV-02,M600,31.3062683,120.6025389,30.5,CONTINGENCY,,
463,463,EVTOL-01,EC35,31.3017039,120.5959095,199.9,BUSY,M-P-001,V2
463,463,L-UAV-01,AMZN,31.2973908,120.5968656,100.0,BUSY,M-L-001,V3
463,463,M-UAV-01,M600,31.3108767,120.6039862,30.5,AVAILABLE,,
463,463,M-UAV-02,M600,31.3062683,120.6025389,30.5,CONTINGENCY,,
464,464,EVTOL-01,EC35,31.3013412,120.5958874,199.9,BUSY,M-P-001,V2
464,464,L-UAV-01,AMZN,31.2974743,120.5969905,100.0,BUSY,M-L-001,V3
464,464,M-UAV-01,M600,31.3108767,120.6039862,30.5,AVAILABLE,,
464,464,M-UAV-02,M600,31.3062683,120.6025389,30.5,CONTINGENCY,,
465,465,EVTOL-01,EC35,31.3009785,120.5958652,199.9,BUSY,M-P-001,V2
465,465,L-UAV-01,AMZN,31.2975859,120.5970805,100.0,BUSY,M-L-001,V3
465,465,M-UAV-01,M600,31.3108767,120.6039862,30.5,AVAILABLE,,
465,465,M-UAV-02,M600,31.3062683,120.6025389,30.5,CONTINGENCY,,
466,466,EVTOL-01,EC35,31.3006158,120.5958430,199.9,BUSY,M-P-001,V2
466,466,L-UAV-01,AMZN,31.2977052,120.5971560,100.0,BUSY,M-L-001,V3
466,466,M-UAV-01,M600,31.3108767,120.6039862,30.5,AVAILABLE,,
466,466,M-UAV-02,M600,31.3062683,120.6025389,30.5,CONTINGENCY,,
467,467,EVTOL-01,EC35,31.3002531,120.5958208,199.9,BUSY,M-P-001,V2
467,467,L-UAV-01,AMZN,31.2978244,120.5972314,100.0,BUSY,M-L-001,V3
467,467,M-UAV-01,M600,31.3108767,120.6039862,30.5,AVAILABLE,,
467,467,M-UAV-02,M600,31.3062683,120.6025389,30.5,CONTINGENCY,,
468,468,EVTOL-01,EC35,31.2998904,120.5957986,199.9,BUSY,M-P-001,V2
468,468,L-UAV-01,AMZN,31.2979436,120.5973069,100.0,BUSY,M-L-001,V3
468,468,M-UAV-01,M600,31.3108767,120.6039862,30.5,AVAILABLE,,
468,468,M-UAV-02,M600,31.3062683,120.6025389,30.5,CONTINGENCY,,
469,469,EVTOL-01,EC35,31.2995277,120.5957764,199.9,BUSY,M-P-001,V2
469,469,L-UAV-01,AMZN,31.2980629,120.5973823,100.0,BUSY,M-L-001,V3
469,469,M-UAV-01,M600,31.3108767,120.6039862,30.5,AVAILABLE,,
469,469,M-UAV-02,M600,31.3062683,120.6025389,30.5,CONTINGENCY,,
470,470,EVTOL-01,EC35,31.2991650,120.5957543,199.9,BUSY,M-P-001,V2
470,470,L-UAV-01,AMZN,31.2981821,120.5974578,100.0,BUSY,M-L-001,V3
470,470,M-UAV-01,M600,31.3108767,120.6039862,30.5,AVAILABLE,,
470,470,M-UAV-02,M600,31.3062683,120.6025389,30.5,CONTINGENCY,,
471,471,EVTOL-01,EC35,31.2988023,120.5957321,199.9,BUSY,M-P-001,V2
471,471,L-UAV-01,AMZN,31.2983013,120.5975332,100.0,BUSY,M-L-001,V3
471,471,M-UAV-01,M600,31.3108767,120.6039862,30.5,AVAILABLE,,
471,471,M-UAV-02,M600,31.3062683,120.6025389,30.5,CONTINGENCY,,
472,472,EVTOL-01,EC35,31.2984396,120.5957099,199.9,BUSY,M-P-001,V2
472,472,L-UAV-01,AMZN,31.2984206,120.5976087,100.0,BUSY,M-L-001,V3
472,472,M-UAV-01,M600,31.3108767,120.6039862,30.5,AVAILABLE,,
472,472,M-UAV-02,M600,31.3062683,120.6025389,30.5,CONTINGENCY,,
473,473,EVTOL-01,EC35,31.2980769,120.5956877,199.9,BUSY,M-P-001,V2
473,473,L-UAV-01,AMZN,31.2985398,120.5976842,100.0,BUSY,M-L-001,V3
473,473,M-UAV-01,M600,31.3108767,120.6039862,30.5,AVAILABLE,,
473,473,M-UAV-02,M600,31.3062683,120.6025389,30.5,CONTINGENCY,,
474,474,EVTOL-01,EC35,31.2977142,120.5956655,199.9,BUSY,M-P-001,V1
474,474,L-UAV-01,AMZN,31.2986590,120.5977596,100.0,BUSY,M-L-001,V3
474,474,M-UAV-01,M600,31.3108767,120.6039862,30.5,AVAILABLE,,
474,474,M-UAV-02,M600,31.3062683,120.6025389,30.5,CONTINGENCY,,
475,475,EVTOL-01,EC35,31.2973517,120.5956914,199.9,BUSY,M-P-001,V1
475,475,L-UAV-01,AMZN,31.2987782,120.5978351,100.0,BUSY,M-L-001,V3
475,475,M-UAV-01,M600,31.3108767,120.6039862,30.5,AVAILABLE,,
475,475,M-UAV-02,M600,31.3062683,120.6025389,30.5,CONTINGENCY,,
476,476,EVTOL-01,EC35,31.2969940,120.5957651,199.9,BUSY,M-P-001,V1
476,476,L-UAV-01,AMZN,31.2988975,120.5979105,100.0,BUSY,M-L-001,V3
476,476,M-UAV-01,M600,31.3108767,120.6039862,30.5,AVAILABLE,,
476,476,M-UAV-02,M600,31.3062683,120.6025389,30.5,CONTINGENCY,,
477,477,EVTOL-01,EC35,31.2966457,120.5958856,199.9,BUSY,M-P-001,V1
477,477,L-UAV-01,AMZN,31.2990167,120.5979860,100.0,BUSY,M-L-001,V3
477,477,M-UAV-01,M600,31.3108767,120.6039862,30.5,AVAILABLE,,
477,477,M-UAV-02,M600,31.3062683,120.6025389,30.5,CONTINGENCY,,
478,478,EVTOL-01,EC35,31.2963113,120.5960514,199.9,BUSY,M-P-001,V1
478,478,L-UAV-01,AMZN,31.2991359,120.5980614,100.0,BUSY,M-L-001,V3
478,478,M-UAV-01,M600,31.3108767,120.6039862,30.5,AVAILABLE,,
478,478,M-UAV-02,M600,31.3062683,120.6025389,30.5,CONTINGENCY,,
479,479,EVTOL-01,EC35,31.2959951,120.5962604,199.9,BUSY,M-P-001,V1
479,479,L-UAV-01,AMZN,31.2992552,120.5981369,100.0,BUSY,M-L-001,V3
479,479,M-UAV-01,M600,31.3108767,120.6039862,30.5,AVAILABLE,,
479,479,M-UAV-02,M600,31.3062683,120.6025389,30.5,CONTINGENCY,,
480,480,EVTOL-01,EC35,31.2957010,120.5965098,199.9,BUSY,M-P-001,V1
480,480,L-UAV-01,AMZN,31.2993744,120.5982124,100.0,BUSY,M-L-001,V3
480,480,M-UAV-01,M600,31.3108767,120.6039862,30.5,AVAILABLE,,
480,480,M-UAV-02,M600,31.3062683,120.6025389,30.5,CONTINGENCY,,
481,481,EVTOL-01,EC35,31.2954329,120.5967966,199.9,BUSY,M-P-001,V1
481,481,L-UAV-01,AMZN,31.2994936,120.5982878,100.0,BUSY,M-L-001,V3
481,481,M-UAV-01,M600,31.3108767,120.6039862,30.5,AVAILABLE,,
481,481,M-UAV-02,M600,31.3062683,120.6025389,30.5,CONTINGENCY,,
482,482,EVTOL-01,EC35,31.2951942,120.5971169,199.9,BUSY,M-P-001,V1
482,482,L-UAV-01,AMZN,31.2996129,120.5983633,100.0,BUSY,M-L-001,V3
482,482,M-UAV-01,M600,31.3108767,120.6039862,30.5,AVAILABLE,,
482,482,M-UAV-02,M600,31.3062683,120.6025389,30.5,CONTINGENCY,,
483,483,EVTOL-01,EC35,31.2949879,120.5974668,199.9,BUSY,M-P-001,V1
483,483,L-UAV-01,AMZN,31.2997321,120.5984387,100.0,BUSY,M-L-001,V3
483,483,M-UAV-01,M600,31.3108767,120.6039862,30.5,AVAILABLE,,
483,483,M-UAV-02,M600,31.3062683,120.6025389,30.5,CONTINGENCY,,
484,484,EVTOL-01,EC35,31.2948168,120.5978416,199.9,BUSY,M-P-001,V1
484,484,L-UAV-01,AMZN,31.2998513,120.5985142,100.0,BUSY,M-L-001,V3
484,484,M-UAV-01,M600,31.3108767,120.6039862,30.5,AVAILABLE,,
484,484,M-UAV-02,M600,31.3062683,120.6025389,30.5,CONTINGENCY,,
485,485,EVTOL-01,EC35,31.2946829,120.5982367,199.9,BUSY,M-P-001,V1
485,485,L-UAV-01,AMZN,31.2999705,120.5985897,100.0,BUSY,M-L-001,V3
485,485,M-UAV-01,M600,31.3108767,120.6039862,30.5,AVAILABLE,,
485,485,M-UAV-02,M600,31.3062683,120.6025389,30.5,CONTINGENCY,,
486,486,EVTOL-01,EC35,31.2945881,120.5986470,199.9,BUSY,M-P-001,V1
486,486,L-UAV-01,AMZN,31.3000898,120.5986651,100.0,BUSY,M-L-001,V3
486,486,M-UAV-01,M600,31.3108767,120.6039862,30.5,AVAILABLE,,
486,486,M-UAV-02,M600,31.3062683,120.6025389,30.5,CONTINGENCY,,
487,487,EVTOL-01,EC35,31.2945335,120.5990672,199.9,BUSY,M-P-001,V1
487,487,L-UAV-01,AMZN,31.3002090,120.5987406,100.0,BUSY,M-L-001,V3
487,487,M-UAV-01,M600,31.3108767,120.6039862,30.5,AVAILABLE,,
487,487,M-UAV-02,M600,31.3062683,120.6025389,30.5,CONTINGENCY,,
488,488,EVTOL-01,EC35,31.2945198,120.5994919,199.9,BUSY,M-P-001,V1
488,488,L-UAV-01,AMZN,31.3003282,120.5988161,100.0,BUSY,M-L-001,V3
488,488,M-UAV-01,M600,31.3108767,120.6039862,30.5,AVAILABLE,,
488,488,M-UAV-02,M600,31.3062683,120.6025389,30.5,CONTINGENCY,,
489,489,EVTOL-01,EC35,31.2945472,120.5999158,199.9,BUSY,M-P-001,V1
489,489,L-UAV-01,AMZN,31.3004475,120.5988915,100.0,BUSY,M-L-001,V3
489,489,M-UAV-01,M600,31.3108767,120.6039862,30.5,AVAILABLE,,
489,489,M-UAV-02,M600,31.3062683,120.6025389,30.5,CONTINGENCY,,
490,490,EVTOL-01,EC35,31.2946153,120.6003332,199.9,BUSY,M-P-001,V1
490,490,L-UAV-01,AMZN,31.3005667,120.5989670,100.0,BUSY,M-L-001,V3
490,490,M-UAV-01,M600,31.3108767,120.6039862,30.5,AVAILABLE,,
490,490,M-UAV-02,M600,31.3062683,120.6025389,30.5,CONTINGENCY,,
491,491,EVTOL-01,EC35,31.2947233,120.6007390,199.9,BUSY,M-P-001,V1
491,491,L-UAV-01,AMZN,31.3006859,120.5990424,100.0,BUSY,M-L-001,V3
491,491,M-UAV-01,M600,31.3108767,120.6039862,30.5,AVAILABLE,,
491,491,M-UAV-02,M600,31.3062683,120.6025389,30.5,CONTINGENCY,,
492,492,EVTOL-01,EC35,31.2948698,120.6011280,199.9,BUSY,M-P-001,V1
492,492,L-UAV-01,AMZN,31.3008052,120.5991179,100.0,BUSY,M-L-001,V3
492,492,M-UAV-01,M600,31.3108767,120.6039862,30.5,AVAILABLE,,
492,492,M-UAV-02,M600,31.3062683,120.6025389,30.5,CONTINGENCY,,
493,493,EVTOL-01,EC35,31.2950529,120.6014950,199.9,BUSY,M-P-001,V1
493,493,L-UAV-01,AMZN,31.3009244,120.5991934,100.0,BUSY,M-L-001,V3
493,493,M-UAV-01,M600,31.3108767,120.6039862,30.5,AVAILABLE,,
493,493,M-UAV-02,M600,31.3062683,120.6025389,30.5,CONTINGENCY,,
494,494,EVTOL-01,EC35,31.2952703,120.6018355,199.9,BUSY,M-P-001,V1
494,494,L-UAV-01,AMZN,31.3010436,120.5992688,100.0,BUSY,M-L-001,V3
494,494,M-UAV-01,M600,31.3108767,120.6039862,30.5,AVAILABLE,,
494,494,M-UAV-02,M600,31.3062683,120.6025389,30.5,CONTINGENCY,,
495,495,EVTOL-01,EC35,31.2955191,120.6021451,199.9,BUSY,M-P-001,V1
495,495,L-UAV-01,AMZN,31.3011628,120.5993443,100.0,BUSY,M-L-001,V3
495,495,M-UAV-01,M600,31.3108767,120.6039862,30.5,AVAILABLE,,
495,495,M-UAV-02,M600,31.3062683,120.6025389,30.5,CONTINGENCY,,
496,496,EVTOL-01,EC35,31.2957963,120.6024198,199.9,BUSY,M-P-001,V1
496,496,L-UAV-01,AMZN,31.3012821,120.5994197,100.0,BUSY,M-L-001,V3
496,496,M-UAV-01,M600,31.3108767,120.6039862,30.5,AVAILABLE,,
496,496,M-UAV-02,M600,31.3062683,120.6025389,30.5,CONTINGENCY,,
497,497,EVTOL-01,EC35,31.2960982,120.6026561,199.9,BUSY,M-P-001,V1
497,497,L-UAV-01,AMZN,31.3014013,120.5994952,100.0,BUSY,M-L-001,V3
497,497,M-UAV-01,M600,31.3108767,120.6039862,30.5,AVAILABLE,,
497,497,M-UAV-02,M600,31.3062683,120.6025389,30.5,CONTINGENCY,,
498,498,EVTOL-01,EC35,31.2964210,120.6028509,199.9,BUSY,M-P-001,V1
498,498,L-UAV-01,AMZN,31.3015205,120.5995707,100.0,BUSY,M-L-001,V3
498,498,M-UAV-01,M600,31.3108767,120.6039862,30.5,AVAILABLE,,
498,498,M-UAV-02,M600,31.3062683,120.6025389,30.5,CONTINGENCY,,
499,499,EVTOL-01,EC35,31.2967605,120.6030018,199.9,BUSY,M-P-001,V1
499,499,L-UAV-01,AMZN,31.3016398,120.5996461,100.0,BUSY,M-L-001,V3
499,499,M-UAV-01,M600,31.3108767,120.6039862,30.5,AVAILABLE,,
499,499,M-UAV-02,M600,31.3062683,120.6025389,30.5,CONTINGENCY,,
500,500,EVTOL-01,EC35,31.2971124,120.6031069,199.9,BUSY,M-P-001,V1
500,500,L-UAV-01,AMZN,31.3017590,120.5997216,100.0,BUSY,M-L-001,V3
500,500,M-UAV-01,M600,31.3108767,120.6039862,30.5,AVAILABLE,,
500,500,M-UAV-02,M600,31.3062683,120.6025389,30.5,CONTINGENCY,,
501,501,EVTOL-01,EC35,31.2974722,120.6031647,199.9,BUSY,M-P-001,V1
501,501,L-UAV-01,AMZN,31.3018782,120.5997971,100.0,BUSY,M-L-001,V3
501,501,M-UAV-01,M600,31.3108767,120.6039862,30.5,AVAILABLE,,
501,501,M-UAV-02,M600,31.3062683,120.6025389,30.5,CONTINGENCY,,
502,502,EVTOL-01,EC35,31.2978349,120.6031869,199.9,BUSY,M-P-001,V1
502,502,L-UAV-01,AMZN,31.3019974,120.5998725,100.0,BUSY,M-L-001,V3
502,502,M-UAV-01,M600,31.3108767,120.6039862,30.5,AVAILABLE,,
502,502,M-UAV-02,M600,31.3062683,120.6025389,30.5,CONTINGENCY,,
503,503,EVTOL-01,EC35,31.2981976,120.6032091,199.9,BUSY,M-P-001,V1
503,503,L-UAV-01,AMZN,31.3021167,120.5999480,100.0,BUSY,M-L-001,V3
503,503,M-UAV-01,M600,31.3108767,120.6039862,30.5,AVAILABLE,,
503,503,M-UAV-02,M600,31.3062683,120.6025389,30.5,CONTINGENCY,,
504,504,EVTOL-01,EC35,31.2985603,120.6032314,199.9,BUSY,M-P-001,V1
504,504,L-UAV-01,AMZN,31.3022359,120.6000235,100.0,BUSY,M-L-001,V3
504,504,M-UAV-01,M600,31.3108767,120.6039862,30.5,AVAILABLE,,
504,504,M-UAV-02,M600,31.3062683,120.6025389,30.5,CONTINGENCY,,
505,505,EVTOL-01,EC35,31.2989230,120.6032536,199.9,BUSY,M-P-001,V1
505,505,L-UAV-01,AMZN,31.3023551,120.6000989,100.0,BUSY,M-L-001,V3
505,505,M-UAV-01,M600,31.3108767,120.6039862,30.5,AVAILABLE,,
505,505,M-UAV-02,M600,31.3062683,120.6025389,30.5,CONTINGENCY,,
506,506,EVTOL-01,EC35,31.2992857,120.6032758,199.9,BUSY,M-P-001,V1
506,506,L-UAV-01,AMZN,31.3024744,120.6001744,100.0,BUSY,M-L-001,V3
506,506,M-UAV-01,M600,31.3108767,120.6039862,30.5,AVAILABLE,,
506,506,M-UAV-02,M600,31.3062683,120.6025389,30.5,CONTINGENCY,,
507,507,EVTOL-01,EC35,31.2996484,120.6032980,199.9,BUSY,M-P-001,V1
507,507,L-UAV-01,AMZN,31.3025936,120.6002498,100.0,BUSY,M-L-001,V3
507,507,M-UAV-01,M600,31.3108767,120.6039862,30.5,AVAILABLE,,
507,507,M-UAV-02,M600,31.3062683,120.6025389,30.5,CONTINGENCY,,
508,508,EVTOL-01,EC35,31.3000111,120.6033203,199.9,BUSY,M-P-001,V1
508,508,L-UAV-01,AMZN,31.3027128,120.6003253,100.0,BUSY,M-L-001,V3
508,508,M-UAV-01,M600,31.3108767,120.6039862,30.5,AVAILABLE,,
508,508,M-UAV-02,M600,31.3062683,120.6025389,30.5,CONTINGENCY,,
509,509,EVTOL-01,EC35,31.3003738,120.6033425,199.9,BUSY,M-P-001,V1
509,509,L-UAV-01,AMZN,31.3028320,120.6004008,100.0,BUSY,M-L-001,V3
509,509,M-UAV-01,M600,31.3108767,120.6039862,30.5,AVAILABLE,,
509,509,M-UAV-02,M600,31.3062683,120.6025389,30.5,CONTINGENCY,,
510,510,EVTOL-01,EC35,31.3007365,120.6033647,199.9,BUSY,M-P-001,V1
510,510,L-UAV-01,AMZN,31.3029513,120.6004762,100.0,BUSY,M-L-001,V3
510,510,M-UAV-01,M600,31.3108767,120.6039862,30.5,AVAILABLE,,
510,510,M-UAV-02,M600,31.3062683,120.6025389,30.5,CONTINGENCY,,
511,511,EVTOL-01,EC35,31.3010992,120.6033869,199.9,BUSY,M-P-001,V1
511,511,L-UAV-01,AMZN,31.3030705,120.6005517,100.0,BUSY,M-L-001,V3
511,511,M-UAV-01,M600,31.3108767,120.6039862,30.5,AVAILABLE,,
511,511,M-UAV-02,M600,31.3062683,120.6025389,30.5,CONTINGENCY,,
512,512,EVTOL-01,EC35,31.3014619,120.6034092,199.9,BUSY,M-P-001,V1
512,512,L-UAV-01,AMZN,31.3031897,120.6006272,100.0,BUSY,M-L-001,V3
512,512,M-UAV-01,M600,31.3108767,120.6039862,30.5,AVAILABLE,,
512,512,M-UAV-02,M600,31.3062683,120.6025389,30.5,CONTINGENCY,,
513,513,EVTOL-01,EC35,31.3018246,120.6034314,199.9,BUSY,M-P-001,V1
513,513,L-UAV-01,AMZN,31.3033090,120.6007026,100.0,BUSY,M-L-001,V3
513,513,M-UAV-01,M600,31.3108767,120.6039862,30.5,AVAILABLE,,
513,513,M-UAV-02,M600,31.3062683,120.6025389,30.5,CONTINGENCY,,
514,514,EVTOL-01,EC35,31.3021873,120.6034536,199.9,BUSY,M-P-001,V1
514,514,L-UAV-01,AMZN,31.3034282,120.6007781,100.0,BUSY,M-L-001,V3
514,514,M-UAV-01,M600,31.3108767,120.6039862,30.5,AVAILABLE,,
514,514,M-UAV-02,M600,31.3062683,120.6025389,30.5,CONTINGENCY,,
515,515,EVTOL-01,EC35,31.3025500,120.6034758,199.9,BUSY,M-P-001,V1
515,515,L-UAV-01,AMZN,31.3035474,120.6008536,100.0,BUSY,M-L-001,V3
515,515,M-UAV-01,M600,31.3108767,120.6039862,30.5,AVAILABLE,,
515,515,M-UAV-02,M600,31.3062683,120.6025389,30.5,CONTINGENCY,,
516,516,EVTOL-01,EC35,31.3029126,120.6034981,199.9,BUSY,M-P-001,V1
516,516,L-UAV-01,AMZN,31.3036666,120.6009290,100.0,BUSY,M-L-001,V3
516,516,M-UAV-01,M600,31.3108767,120.6039862,30.5,AVAILABLE,,
516,516,M-UAV-02,M600,31.3062683,120.6025389,30.5,CONTINGENCY,,
517,517,EVTOL-01,EC35,31.3032753,120.6035203,199.9,BUSY,M-P-001,V1
517,517,L-UAV-01,AMZN,31.3037859,120.6010045,100.0,BUSY,M-L-001,V3
517,517,M-UAV-01,M600,31.3108767,120.6039862,30.5,AVAILABLE,,
517,517,M-UAV-02,M600,31.3062683,120.6025389,30.5,CONTINGENCY,,
518,518,EVTOL-01,EC35,31.3036380,120.6035425,199.9,BUSY,M-P-001,V1
518,518,L-UAV-01,AMZN,31.3039051,120.6010800,100.0,BUSY,M-L-001,V3
518,518,M-UAV-01,M600,31.3108767,120.6039862,30.5,AVAILABLE,,
518,518,M-UAV-02,M600,31.3062683,120.6025389,30.5,CONTINGENCY,,
519,519,EVTOL-01,EC35,31.3040007,120.6035648,199.9,BUSY,M-P-001,V1
519,519,L-UAV-01,AMZN,31.3040243,120.6011554,100.0,BUSY,M-L-001,V3
519,519,M-UAV-01,M600,31.3108767,120.6039862,30.5,AVAILABLE,,
519,519,M-UAV-02,M600,31.3062683,120.6025389,30.5,CONTINGENCY,,
520,520,EVTOL-01,EC35,31.3043634,120.6035870,199.9,BUSY,M-P-001,V1
520,520,L-UAV-01,AMZN,31.3041435,120.6012309,100.0,BUSY,M-L-001,V3
520,520,M-UAV-01,M600,31.3108767,120.6039862,30.5,AVAILABLE,,
520,520,M-UAV-02,M600,31.3062683,120.6025389,30.5,CONTINGENCY,,
521,521,EVTOL-01,EC35,31.3047261,120.6036092,199.9,BUSY,M-P-001,V1
521,521,L-UAV-01,AMZN,31.3042628,120.6013064,100.0,BUSY,M-L-001,V3
521,521,M-UAV-01,M600,31.3108767,120.6039862,30.5,AVAILABLE,,
521,521,M-UAV-02,M600,31.3062683,120.6025389,30.5,CONTINGENCY,,
522,522,EVTOL-01,EC35,31.3050888,120.6036314,199.9,BUSY,M-P-001,V1
522,522,L-UAV-01,AMZN,31.3043820,120.6013818,100.0,BUSY,M-L-001,V3
522,522,M-UAV-01,M600,31.3108767,120.6039862,30.5,AVAILABLE,,
522,522,M-UAV-02,M600,31.3062683,120.6025389,30.5,CONTINGENCY,,
523,523,EVTOL-01,EC35,31.3054515,120.6036537,199.9,BUSY,M-P-001,V1
523,523,L-UAV-01,AMZN,31.3045012,120.6014573,100.0,BUSY,M-L-001,V3
523,523,M-UAV-01,M600,31.3108767,120.6039862,30.5,AVAILABLE,,
523,523,M-UAV-02,M600,31.3062683,120.6025389,30.5,CONTINGENCY,,
524,524,EVTOL-01,EC35,31.3058142,120.6036759,199.9,BUSY,M-P-001,V1
524,524,L-UAV-01,AMZN,31.3046205,120.6015328,100.0,BUSY,M-L-001,V3
524,524,M-UAV-01,M600,31.3108767,120.6039862,30.5,AVAILABLE,,
524,524,M-UAV-02,M600,31.3062683,120.6025389,30.5,CONTINGENCY,,
525,525,EVTOL-01,EC35,31.3061769,120.6036981,199.9,BUSY,M-P-001,V1
525,525,L-UAV-01,AMZN,31.3047397,120.6016082,100.0,BUSY,M-L-001,V3
525,525,M-UAV-01,M600,31.3108767,120.6039862,30.5,AVAILABLE,,
525,525,M-UAV-02,M600,31.3062683,120.6025389,30.5,CONTINGENCY,,
526,526,EVTOL-01,EC35,31.3065396,120.6037203,199.9,BUSY,M-P-001,V1
526,526,L-UAV-01,AMZN,31.3048589,120.6016837,100.0,BUSY,M-L-001,V3
526,526,M-UAV-01,M600,31.3108767,120.6039862,30.5,AVAILABLE,,
526,526,M-UAV-02,M600,31.3062683,120.6025389,30.5,CONTINGENCY,,
527,527,EVTOL-01,EC35,31.3069023,120.6037426,199.9,BUSY,M-P-001,V1
527,527,L-UAV-01,AMZN,31.3049781,120.6017592,100.0,BUSY,M-L-001,V3
527,527,M-UAV-01,M600,31.3108767,120.6039862,30.5,AVAILABLE,,
527,527,M-UAV-02,M600,31.3062683,120.6025389,30.5,CONTINGENCY,,
528,528,EVTOL-01,EC35,31.3072650,120.6037648,199.9,BUSY,M-P-001,V1
528,528,L-UAV-01,AMZN,31.3050974,120.6018346,100.0,BUSY,M-L-001,V3
528,528,M-UAV-01,M600,31.3108767,120.6039862,30.5,AVAILABLE,,
528,528,M-UAV-02,M600,31.3062683,120.6025389,30.5,CONTINGENCY,,
529,529,EVTOL-01,EC35,31.3076277,120.6037870,199.9,BUSY,M-P-001,V1
529,529,L-UAV-01,AMZN,31.3052166,120.6019101,100.0,BUSY,M-L-001,V3
529,529,M-UAV-01,M600,31.3108767,120.6039862,30.5,AVAILABLE,,
529,529,M-UAV-02,M600,31.3062683,120.6025389,30.5,CONTINGENCY,,
530,530,EVTOL-01,EC35,31.3079904,120.6038093,199.9,BUSY,M-P-001,V1
530,530,L-UAV-01,AMZN,31.3053358,120.6019856,100.0,BUSY,M-L-001,V3
530,530,M-UAV-01,M600,31.3108767,120.6039862,30.5,AVAILABLE,,
530,530,M-UAV-02,M600,31.3062683,120.6025389,30.5,CONTINGENCY,,
531,531,EVTOL-01,EC35,31.3083530,120.6038315,199.9,BUSY,M-P-001,V1
531,531,L-UAV-01,AMZN,31.3054551,120.6020611,100.0,BUSY,M-L-001,V3
531,531,M-UAV-01,M600,31.3108767,120.6039862,30.5,AVAILABLE,,
531,531,M-UAV-02,M600,31.3062683,120.6025389,30.5,CONTINGENCY,,
532,532,EVTOL-01,EC35,31.3087157,120.6038537,199.9,BUSY,M-P-001,V1
532,532,L-UAV-01,AMZN,31.3055743,120.6021365,100.0,BUSY,M-L-001,V3
532,532,M-UAV-01,M600,31.3108767,120.6039862,30.5,AVAILABLE,,
532,532,M-UAV-02,M600,31.3062683,120.6025389,30.5,CONTINGENCY,,
533,533,EVTOL-01,EC35,31.3090784,120.6038759,199.9,BUSY,M-P-001,V1
533,533,L-UAV-01,AMZN,31.3056935,120.6022120,100.0,BUSY,M-L-001,V3
533,533,M-UAV-01,M600,31.3108767,120.6039862,30.5,AVAILABLE,,
533,533,M-UAV-02,M600,31.3062683,120.6025389,30.5,CONTINGENCY,,
534,534,EVTOL-01,EC35,31.3094411,120.6038982,199.9,BUSY,M-P-001,V1
534,534,L-UAV-01,AMZN,31.3058127,120.6022875,100.0,BUSY,M-L-001,V2
534,534,M-UAV-01,M600,31.3108767,120.6039862,30.5,AVAILABLE,,
534,534,M-UAV-02,M600,31.3062683,120.6025389,30.5,CONTINGENCY,,
535,535,EVTOL-01,EC35,31.3098038,120.6039204,199.9,BUSY,M-P-001,V1
535,535,L-UAV-01,AMZN,31.3059458,120.6023178,100.0,BUSY,M-L-001,V2
535,535,M-UAV-01,M600,31.3108767,120.6039862,30.5,AVAILABLE,,
535,535,M-UAV-02,M600,31.3062683,120.6025389,30.5,CONTINGENCY,,
536,536,EVTOL-01,EC35,31.3101665,120.6039426,199.9,BUSY,M-P-001,V2
536,536,L-UAV-01,AMZN,31.3060805,120.6023002,100.0,BUSY,M-L-001,V2
536,536,M-UAV-01,M600,31.3108767,120.6039862,30.5,AVAILABLE,,
536,536,M-UAV-02,M600,31.3062683,120.6025389,30.5,CONTINGENCY,,
537,537,EVTOL-01,EC35,31.3105290,120.6039167,199.9,BUSY,M-P-001,V2
537,537,L-UAV-01,AMZN,31.3062046,120.6022363,100.0,BUSY,M-L-001,V2
537,537,M-UAV-01,M600,31.3108767,120.6039862,30.5,AVAILABLE,,
537,537,M-UAV-02,M600,31.3062683,120.6025389,30.5,CONTINGENCY,,
538,538,EVTOL-01,EC35,31.3108867,120.6038431,199.9,BUSY,M-P-001,V2
538,538,L-UAV-01,AMZN,31.3063067,120.6021320,100.0,BUSY,M-L-001,V2
538,538,M-UAV-01,M600,31.3108767,120.6039862,30.5,AVAILABLE,,
538,538,M-UAV-02,M600,31.3062683,120.6025389,30.5,CONTINGENCY,,
539,539,EVTOL-01,EC35,31.3112350,120.6037226,199.9,BUSY,M-P-001,V2
539,539,L-UAV-01,AMZN,31.3063775,120.6019967,100.0,BUSY,M-L-001,V2
539,539,M-UAV-01,M600,31.3108767,120.6039862,30.5,AVAILABLE,,
539,539,M-UAV-02,M600,31.3062683,120.6025389,30.5,CONTINGENCY,,
540,540,EVTOL-01,EC35,31.3115695,120.6035568,199.9,BUSY,M-P-001,V2
540,540,L-UAV-01,AMZN,31.3064105,120.6018428,100.0,BUSY,M-L-001,V2
540,540,M-UAV-01,M600,31.3108767,120.6039862,30.5,AVAILABLE,,
540,540,M-UAV-02,M600,31.3062683,120.6025389,30.5,CONTINGENCY,,
541,541,EVTOL-01,EC35,31.3118857,120.6033479,199.9,BUSY,M-P-001,V2
541,541,L-UAV-01,AMZN,31.3064027,120.6016845,100.0,BUSY,M-L-001,V2
541,541,M-UAV-01,M600,31.3108767,120.6039862,30.5,AVAILABLE,,
541,541,M-UAV-02,M600,31.3062683,120.6025389,30.5,CONTINGENCY,,
542,542,EVTOL-01,EC35,31.3121798,120.6030984,199.9,BUSY,M-P-001,V2
542,542,L-UAV-01,AMZN,31.3063549,120.6015360,100.0,BUSY,M-L-001,V2
542,542,M-UAV-01,M600,31.3108767,120.6039862,30.5,AVAILABLE,,
542,542,M-UAV-02,M600,31.3062683,120.6025389,30.5,CONTINGENCY,,
543,543,EVTOL-01,EC35,31.3124480,120.6028117,199.9,BUSY,M-P-001,V2
543,543,L-UAV-01,AMZN,31.3062714,120.6014111,100.0,BUSY,M-L-001,V2
543,543,M-UAV-01,M600,31.3108767,120.6039862,30.5,AVAILABLE,,
543,543,M-UAV-02,M600,31.3062683,120.6025389,30.5,CONTINGENCY,,
544,544,EVTOL-01,EC35,31.3126867,120.6024913,199.9,BUSY,M-P-001,V2
544,544,L-UAV-01,AMZN,31.3061598,120.6013211,100.0,BUSY,M-L-001,V2
544,544,M-UAV-01,M600,31.3108767,120.6039862,30.5,AVAILABLE,,
544,544,M-UAV-02,M600,31.3062683,120.6025389,30.5,CONTINGENCY,,
545,545,EVTOL-01,EC35,31.3128930,120.6021414,199.9,BUSY,M-P-001,V2
545,545,L-UAV-01,AMZN,31.3060405,120.6012456,100.0,BUSY,M-L-001,V2
545,545,M-UAV-01,M600,31.3108767,120.6039862,30.5,AVAILABLE,,
545,545,M-UAV-02,M600,31.3062683,120.6025389,30.5,CONTINGENCY,,
546,546,EVTOL-01,EC35,31.3130641,120.6017665,199.9,BUSY,M-P-001,V2
546,546,L-UAV-01,AMZN,31.3059213,120.6011701,100.0,BUSY,M-L-001,V2
546,546,M-UAV-01,M600,31.3108767,120.6039862,30.5,AVAILABLE,,
546,546,M-UAV-02,M600,31.3062683,120.6025389,30.5,CONTINGENCY,,
547,547,EVTOL-01,EC35,31.3131980,120.6013713,199.9,BUSY,M-P-001,V2
547,547,L-UAV-01,AMZN,31.3058021,120.6010947,100.0,BUSY,M-L-001,V2
547,547,M-UAV-01,M600,31.3108767,120.6039862,30.5,AVAILABLE,,
547,547,M-UAV-02,M600,31.3062683,120.6025389,30.5,CONTINGENCY,,
548,548,EVTOL-01,EC35,31.3132929,120.6009609,199.9,BUSY,M-P-001,V2
548,548,L-UAV-01,AMZN,31.3056828,120.6010192,100.0,BUSY,M-L-001,V2
548,548,M-UAV-01,M600,31.3108767,120.6039862,30.5,AVAILABLE,,
548,548,M-UAV-02,M600,31.3062683,120.6025389,30.5,CONTINGENCY,,
549,549,EVTOL-01,EC35,31.3133476,120.6005407,199.9,BUSY,M-P-001,V2
549,549,L-UAV-01,AMZN,31.3055636,120.6009437,100.0,BUSY,M-L-001,V2
549,549,M-UAV-01,M600,31.3108767,120.6039862,30.5,AVAILABLE,,
549,549,M-UAV-02,M600,31.3062683,120.6025389,30.5,CONTINGENCY,,
550,550,EVTOL-01,EC35,31.3133613,120.6001159,199.9,BUSY,M-P-001,V2
550,550,L-UAV-01,AMZN,31.3054444,120.6008683,100.0,BUSY,M-L-001,V2
550,550,M-UAV-01,M600,31.3108767,120.6039862,30.5,AVAILABLE,,
550,550,M-UAV-02,M600,31.3062683,120.6025389,30.5,CONTINGENCY,,
551,551,EVTOL-01,EC35,31.3133340,120.5996920,199.9,BUSY,M-P-001,V2
551,551,L-UAV-01,AMZN,31.3053252,120.6007928,100.0,BUSY,M-L-001,V2
551,551,M-UAV-01,M600,31.3108767,120.6039862,30.5,AVAILABLE,,
551,551,M-UAV-02,M600,31.3062683,120.6025389,30.5,CONTINGENCY,,
552,552,EVTOL-01,EC35,31.3132659,120.5992744,199.9,BUSY,M-P-001,V2
552,552,L-UAV-01,AMZN,31.3052059,120.6007173,100.0,BUSY,M-L-001,V2
552,552,M-UAV-01,M600,31.3108767,120.6039862,30.5,AVAILABLE,,
552,552,M-UAV-02,M600,31.3062683,120.6025389,30.5,CONTINGENCY,,
553,553,EVTOL-01,EC35,31.3131579,120.5988685,199.9,BUSY,M-P-001,V2
553,553,L-UAV-01,AMZN,31.3050867,120.6006419,100.0,BUSY,M-L-001,V2
553,553,M-UAV-01,M600,31.3108767,120.6039862,30.5,AVAILABLE,,
553,553,M-UAV-02,M600,31.3062683,120.6025389,30.5,CONTINGENCY,,
554,554,EVTOL-01,EC35,31.3130114,120.5984795,199.9,BUSY,M-P-001,V2
554,554,L-UAV-01,AMZN,31.3049675,120.6005664,100.0,BUSY,M-L-001,V2
554,554,M-UAV-01,M600,31.3108767,120.6039862,30.5,AVAILABLE,,
554,554,M-UAV-02,M600,31.3062683,120.6025389,30.5,CONTINGENCY,,
555,555,EVTOL-01,EC35,31.3128283,120.5981123,199.9,BUSY,M-P-001,V2
555,555,L-UAV-01,AMZN,31.3048482,120.6004909,100.0,BUSY,M-L-001,V2
555,555,M-UAV-01,M600,31.3108767,120.6039862,30.5,AVAILABLE,,
555,555,M-UAV-02,M600,31.3062683,120.6025389,30.5,CONTINGENCY,,
556,556,EVTOL-01,EC35,31.3126110,120.5977717,199.9,BUSY,M-P-001,V2
556,556,L-UAV-01,AMZN,31.3047290,120.6004154,100.0,BUSY,M-L-001,V2
556,556,M-UAV-01,M600,31.3108767,120.6039862,30.5,AVAILABLE,,
556,556,M-UAV-02,M600,31.3062683,120.6025389,30.5,CONTINGENCY,,
557,557,EVTOL-01,EC35,31.3123622,120.5974621,199.9,BUSY,M-P-001,V2
557,557,L-UAV-01,AMZN,31.3046098,120.6003400,100.0,BUSY,M-L-001,V2
557,557,M-UAV-01,M600,31.3108767,120.6039862,30.5,AVAILABLE,,
557,557,M-UAV-02,M600,31.3062683,120.6025389,30.5,CONTINGENCY,,
558,558,EVTOL-01,EC35,31.3120850,120.5971873,199.9,BUSY,M-P-001,V2
558,558,L-UAV-01,AMZN,31.3044906,120.6002645,100.0,BUSY,M-L-001,V2
558,558,M-UAV-01,M600,31.3108767,120.6039862,30.5,AVAILABLE,,
558,558,M-UAV-02,M600,31.3062683,120.6025389,30.5,CONTINGENCY,,
559,559,EVTOL-01,EC35,31.3117832,120.5969510,199.9,BUSY,M-P-001,V2
559,559,L-UAV-01,AMZN,31.3043713,120.6001891,100.0,BUSY,M-L-001,V2
559,559,M-UAV-01,M600,31.3108767,120.6039862,30.5,AVAILABLE,,
559,559,M-UAV-02,M600,31.3062683,120.6025389,30.5,CONTINGENCY,,
560,560,EVTOL-01,EC35,31.3114604,120.5967561,199.9,BUSY,M-P-001,V2
560,560,L-UAV-01,AMZN,31.3042521,120.6001136,100.0,BUSY,M-L-001,V2
560,560,M-UAV-01,M600,31.3108767,120.6039862,30.5,AVAILABLE,,
560,560,M-UAV-02,M600,31.3062683,120.6025389,30.5,CONTINGENCY,,
561,561,EVTOL-01,EC35,31.3111209,120.5966051,199.9,BUSY,M-P-001,V2
561,561,L-UAV-01,AMZN,31.3041329,120.6000381,100.0,BUSY,M-L-001,V2
561,561,M-UAV-01,M600,31.3108767,120.6039862,30.5,AVAILABLE,,
561,561,M-UAV-02,M600,31.3062683,120.6025389,30.5,CONTINGENCY,,
562,562,EVTOL-01,EC35,31.3107690,120.5965000,199.9,BUSY,M-P-001,V2
562,562,L-UAV-01,AMZN,31.3040136,120.5999627,100.0,BUSY,M-L-001,V2
562,562,M-UAV-01,M600,31.3108767,120.6039862,30.5,AVAILABLE,,
562,562,M-UAV-02,M600,31.3062683,120.6025389,30.5,CONTINGENCY,,
563,563,EVTOL-01,EC35,31.3104092,120.5964421,199.9,BUSY,M-P-001,V2
563,563,L-UAV-01,AMZN,31.3038944,120.5998872,100.0,BUSY,M-L-001,V2
563,563,M-UAV-01,M600,31.3108767,120.6039862,30.5,AVAILABLE,,
563,563,M-UAV-02,M600,31.3062683,120.6025389,30.5,CONTINGENCY,,
564,564,EVTOL-01,EC35,31.3100465,120.5964199,199.9,BUSY,M-P-001,V2
564,564,L-UAV-01,AMZN,31.3037752,120.5998117,100.0,BUSY,M-L-001,V2
564,564,M-UAV-01,M600,31.3108767,120.6039862,30.5,AVAILABLE,,
564,564,M-UAV-02,M600,31.3062683,120.6025389,30.5,CONTINGENCY,,
565,565,EVTOL-01,EC35,31.3096838,120.5963977,199.9,BUSY,M-P-001,V2
565,565,L-UAV-01,AMZN,31.3036560,120.5997363,100.0,BUSY,M-L-001,V2
565,565,M-UAV-01,M600,31.3108767,120.6039862,30.5,AVAILABLE,,
565,565,M-UAV-02,M600,31.3062683,120.6025389,30.5,CONTINGENCY,,
566,566,EVTOL-01,EC35,31.3093211,120.5963755,199.9,BUSY,M-P-001,V2
566,566,L-UAV-01,AMZN,31.3035367,120.5996608,100.0,BUSY,M-L-001,V2
566,566,M-UAV-01,M600,31.3108767,120.6039862,30.5,AVAILABLE,,
566,566,M-UAV-02,M600,31.3062683,120.6025389,30.5,CONTINGENCY,,
567,567,EVTOL-01,EC35,31.3089584,120.5963533,199.9,BUSY,M-P-001,V2
567,567,L-UAV-01,AMZN,31.3034175,120.5995853,100.0,BUSY,M-L-001,V2
567,567,M-UAV-01,M600,31.3108767,120.6039862,30.5,AVAILABLE,,
567,567,M-UAV-02,M600,31.3062683,120.6025389,30.5,CONTINGENCY,,
568,568,EVTOL-01,EC35,31.3085957,120.5963311,199.9,BUSY,M-P-001,V2
568,568,L-UAV-01,AMZN,31.3032983,120.5995099,100.0,BUSY,M-L-001,V2
568,568,M-UAV-01,M600,31.3108767,120.6039862,30.5,AVAILABLE,,
568,568,M-UAV-02,M600,31.3062683,120.6025389,30.5,CONTINGENCY,,
569,569,EVTOL-01,EC35,31.3082330,120.5963089,199.9,BUSY,M-P-001,V2
569,569,L-UAV-01,AMZN,31.3031790,120.5994344,100.0,BUSY,M-L-001,V2
569,569,M-UAV-01,M600,31.3108767,120.6039862,30.5,AVAILABLE,,
569,569,M-UAV-02,M600,31.3062683,120.6025389,30.5,CONTINGENCY,,
570,570,EVTOL-01,EC35,31.3078703,120.5962868,199.9,BUSY,M-P-001,V2
570,570,L-UAV-01,AMZN,31.3030598,120.5993589,100.0,BUSY,M-L-001,V2
570,570,M-UAV-01,M600,31.3108767,120.6039862,30.5,AVAILABLE,,
570,570,M-UAV-02,M600,31.3062683,120.6025389,30.5,CONTINGENCY,,
571,571,EVTOL-01,EC35,31.3075076,120.5962646,199.9,BUSY,M-P-001,V2
571,571,L-UAV-01,AMZN,31.3029406,120.5992835,100.0,BUSY,M-L-001,V2
571,571,M-UAV-01,M600,31.3108767,120.6039862,30.5,AVAILABLE,,
571,571,M-UAV-02,M600,31.3062683,120.6025389,30.5,CONTINGENCY,,
572,572,EVTOL-01,EC35,31.3071449,120.5962424,199.9,BUSY,M-P-001,V2
572,572,L-UAV-01,AMZN,31.3028214,120.5992080,100.0,BUSY,M-L-001,V2
572,572,M-UAV-01,M600,31.3108767,120.6039862,30.5,AVAILABLE,,
572,572,M-UAV-02,M600,31.3062683,120.6025389,30.5,CONTINGENCY,,
573,573,EVTOL-01,EC35,31.3067822,120.5962202,199.9,BUSY,M-P-001,V2
573,573,L-UAV-01,AMZN,31.3027021,120.5991325,100.0,BUSY,M-L-001,V2
573,573,M-UAV-01,M600,31.3108767,120.6039862,30.5,AVAILABLE,,
573,573,M-UAV-02,M600,31.3062683,120.6025389,30.5,CONTINGENCY,,
574,574,EVTOL-01,EC35,31.3064195,120.5961980,199.9,BUSY,M-P-001,V2
574,574,L-UAV-01,AMZN,31.3025829,120.5990571,100.0,BUSY,M-L-001,V2
574,574,M-UAV-01,M600,31.3108767,120.6039862,30.5,AVAILABLE,,
574,574,M-UAV-02,M600,31.3062683,120.6025389,30.5,CONTINGENCY,,
575,575,EVTOL-01,EC35,31.3060568,120.5961758,199.9,BUSY,M-P-001,V2
575,575,L-UAV-01,AMZN,31.3024637,120.5989816,100.0,BUSY,M-L-001,V2
575,575,M-UAV-01,M600,31.3108767,120.6039862,30.5,AVAILABLE,,
575,575,M-UAV-02,M600,31.3062683,120.6025389,30.5,CONTINGENCY,,
576,576,EVTOL-01,EC35,31.3056941,120.5961536,199.9,BUSY,M-P-001,V2
576,576,L-UAV-01,AMZN,31.3023444,120.5989062,100.0,BUSY,M-L-001,V2
576,576,M-UAV-01,M600,31.3108767,120.6039862,30.5,AVAILABLE,,
576,576,M-UAV-02,M600,31.3062683,120.6025389,30.5,CONTINGENCY,,
577,577,EVTOL-01,EC35,31.3053314,120.5961314,199.9,BUSY,M-P-001,V2
577,577,L-UAV-01,AMZN,31.3022252,120.5988307,100.0,BUSY,M-L-001,V2
577,577,M-UAV-01,M600,31.3108767,120.6039862,30.5,AVAILABLE,,
577,577,M-UAV-02,M600,31.3062683,120.6025389,30.5,CONTINGENCY,,
578,578,EVTOL-01,EC35,31.3049687,120.5961093,199.9,BUSY,M-P-001,V2
578,578,L-UAV-01,AMZN,31.3021060,120.5987552,100.0,BUSY,M-L-001,V2
578,578,M-UAV-01,M600,31.3108767,120.6039862,30.5,AVAILABLE,,
578,578,M-UAV-02,M600,31.3062683,120.6025389,30.5,CONTINGENCY,,
579,579,EVTOL-01,EC35,31.3046060,120.5960871,199.9,BUSY,M-P-001,V2
579,579,L-UAV-01,AMZN,31.3019868,120.5986798,100.0,BUSY,M-L-001,V2
579,579,M-UAV-01,M600,31.3108767,120.6039862,30.5,AVAILABLE,,
579,579,M-UAV-02,M600,31.3062683,120.6025389,30.5,CONTINGENCY,,
580,580,EVTOL-01,EC35,31.3042433,120.5960649,199.9,BUSY,M-P-001,V2
580,580,L-UAV-01,AMZN,31.3018675,120.5986043,100.0,BUSY,M-L-001,V2
580,580,M-UAV-01,M600,31.3108767,120.6039862,30.5,AVAILABLE,,
580,580,M-UAV-02,M600,31.3062683,120.6025389,30.5,CONTINGENCY,,
581,581,EVTOL-01,EC35,31.3038806,120.5960427,199.9,BUSY,M-P-001,V2
581,581,L-UAV-01,AMZN,31.3017483,120.5985288,100.0,BUSY,M-L-001,V2
581,581,M-UAV-01,M600,31.3108767,120.6039862,30.5,AVAILABLE,,
581,581,M-UAV-02,M600,31.3062683,120.6025389,30.5,CONTINGENCY,,
582,582,EVTOL-01,EC35,31.3035179,120.5960205,199.9,BUSY,M-P-001,V2
582,582,L-UAV-01,AMZN,31.3016291,120.5984534,100.0,BUSY,M-L-001,V2
582,582,M-UAV-01,M600,31.3108767,120.6039862,30.5,AVAILABLE,,
582,582,M-UAV-02,M600,31.3062683,120.6025389,30.5,CONTINGENCY,,
583,583,EVTOL-01,EC35,31.3031552,120.5959983,199.9,BUSY,M-P-001,V2
583,583,L-UAV-01,AMZN,31.3015098,120.5983779,100.0,BUSY,M-L-001,V2
583,583,M-UAV-01,M600,31.3108767,120.6039862,30.5,AVAILABLE,,
583,583,M-UAV-02,M600,31.3062683,120.6025389,30.5,CONTINGENCY,,
584,584,EVTOL-01,EC35,31.3027926,120.5959761,199.9,BUSY,M-P-001,V2
584,584,L-UAV-01,AMZN,31.3013906,120.5983025,100.0,BUSY,M-L-001,V2
584,584,M-UAV-01,M600,31.3108767,120.6039862,30.5,AVAILABLE,,
584,584,M-UAV-02,M600,31.3062683,120.6025389,30.5,CONTINGENCY,,
585,585,EVTOL-01,EC35,31.3024299,120.5959540,199.9,BUSY,M-P-001,V2
585,585,L-UAV-01,AMZN,31.3012714,120.5982270,100.0,BUSY,M-L-001,V2
585,585,M-UAV-01,M600,31.3108767,120.6039862,30.5,AVAILABLE,,
585,585,M-UAV-02,M600,31.3062683,120.6025389,30.5,CONTINGENCY,,
586,586,EVTOL-01,EC35,31.3020672,120.5959318,199.9,BUSY,M-P-001,V2
586,586,L-UAV-01,AMZN,31.3011521,120.5981515,100.0,BUSY,M-L-001,V2
586,586,M-UAV-01,M600,31.3108767,120.6039862,30.5,AVAILABLE,,
586,586,M-UAV-02,M600,31.3062683,120.6025389,30.5,CONTINGENCY,,
587,587,EVTOL-01,EC35,31.3017045,120.5959096,199.9,BUSY,M-P-001,V2
587,587,L-UAV-01,AMZN,31.3010329,120.5980761,100.0,BUSY,M-L-001,V2
587,587,M-UAV-01,M600,31.3108767,120.6039862,30.5,AVAILABLE,,
587,587,M-UAV-02,M600,31.3062683,120.6025389,30.5,CONTINGENCY,,
588,588,EVTOL-01,EC35,31.3013418,120.5958874,199.9,BUSY,M-P-001,V2
588,588,L-UAV-01,AMZN,31.3009137,120.5980006,100.0,BUSY,M-L-001,V2
588,588,M-UAV-01,M600,31.3108767,120.6039862,30.5,AVAILABLE,,
588,588,M-UAV-02,M600,31.3062683,120.6025389,30.5,CONTINGENCY,,
589,589,EVTOL-01,EC35,31.3009791,120.5958652,199.9,BUSY,M-P-001,V2
589,589,L-UAV-01,AMZN,31.3007945,120.5979252,100.0,BUSY,M-L-001,V2
589,589,M-UAV-01,M600,31.3108767,120.6039862,30.5,AVAILABLE,,
589,589,M-UAV-02,M600,31.3062683,120.6025389,30.5,CONTINGENCY,,
590,590,EVTOL-01,EC35,31.3006164,120.5958430,199.9,BUSY,M-P-001,V2
590,590,L-UAV-01,AMZN,31.3006752,120.5978497,100.0,BUSY,M-L-001,V2
590,590,M-UAV-01,M600,31.3108767,120.6039862,30.5,AVAILABLE,,
590,590,M-UAV-02,M600,31.3062683,120.6025389,30.5,CONTINGENCY,,
591,591,EVTOL-01,EC35,31.3002537,120.5958208,199.9,BUSY,M-P-001,V2
591,591,L-UAV-01,AMZN,31.3005560,120.5977742,100.0,BUSY,M-L-001,V2
591,591,M-UAV-01,M600,31.3108767,120.6039862,30.5,AVAILABLE,,
591,591,M-UAV-02,M600,31.3062683,120.6025389,30.5,CONTINGENCY,,
592,592,EVTOL-01,EC35,31.2998910,120.5957987,199.9,BUSY,M-P-001,V2
592,592,L-UAV-01,AMZN,31.3004368,120.5976988,100.0,BUSY,M-L-001,V2
592,592,M-UAV-01,M600,31.3108767,120.6039862,30.5,AVAILABLE,,
592,592,M-UAV-02,M600,31.3062683,120.6025389,30.5,CONTINGENCY,,
593,593,EVTOL-01,EC35,31.2995283,120.5957765,199.9,BUSY,M-P-001,V2
593,593,L-UAV-01,AMZN,31.3003175,120.5976233,100.0,BUSY,M-L-001,V2
593,593,M-UAV-01,M600,31.3108767,120.6039862,30.5,AVAILABLE,,
593,593,M-UAV-02,M600,31.3062683,120.6025389,30.5,CONTINGENCY,,
594,594,EVTOL-01,EC35,31.2991656,120.5957543,199.9,BUSY,M-P-001,V2
594,594,L-UAV-01,AMZN,31.3001983,120.5975479,100.0,BUSY,M-L-001,V2
594,594,M-UAV-01,M600,31.3108767,120.6039862,30.5,AVAILABLE,,
594,594,M-UAV-02,M600,31.3062683,120.6025389,30.5,CONTINGENCY,,
595,595,EVTOL-01,EC35,31.2988029,120.5957321,199.9,BUSY,M-P-001,V2
595,595,L-UAV-01,AMZN,31.3000791,120.5974724,100.0,BUSY,M-L-001,V2
595,595,M-UAV-01,M600,31.3108767,120.6039862,30.5,AVAILABLE,,
595,595,M-UAV-02,M600,31.3062683,120.6025389,30.5,CONTINGENCY,,
596,596,EVTOL-01,EC35,31.2984402,120.5957099,199.9,BUSY,M-P-001,V2
596,596,L-UAV-01,AMZN,31.2999599,120.5973969,100.0,BUSY,M-L-001,V2
596,596,M-UAV-01,M600,31.3108767,120.6039862,30.5,AVAILABLE,,
596,596,M-UAV-02,M600,31.3062683,120.6025389,30.5,CONTINGENCY,,
597,597,EVTOL-01,EC35,31.2980775,120.5956877,199.9,BUSY,M-P-001,V2
597,597,L-UAV-01,AMZN,31.2998406,120.5973215,100.0,BUSY,M-L-001,V2
597,597,M-UAV-01,M600,31.3108767,120.6039862,30.5,AVAILABLE,,
597,597,M-UAV-02,M600,31.3062683,120.6025389,30.5,CONTINGENCY,,
598,598,EVTOL-01,EC35,31.2977148,120.5956656,199.9,BUSY,M-P-001,V1
598,598,L-UAV-01,AMZN,31.2997214,120.5972460,100.0,BUSY,M-L-001,V2
598,598,M-UAV-01,M600,31.3108767,120.6039862,30.5,AVAILABLE,,
598,598,M-UAV-02,M600,31.3062683,120.6025389,30.5,CONTINGENCY,,
599,599,EVTOL-01,EC35,31.2973523,120.5956915,199.9,BUSY,M-P-001,V1
599,599,L-UAV-01,AMZN,31.2996022,120.5971706,100.0,BUSY,M-L-001,V2
599,599,M-UAV-01,M600,31.3108767,120.6039862,30.5,AVAILABLE,,
599,599,M-UAV-02,M600,31.3062683,120.6025389,30.5,CONTINGENCY,,
600,600,EVTOL-01,EC35,31.2969946,120.5957652,199.9,BUSY,M-P-001,V1
600,600,L-UAV-01,AMZN,31.2994829,120.5970951,100.0,BUSY,M-L-001,V2
600,600,M-UAV-01,M600,31.3108767,120.6039862,30.5,AVAILABLE,,
600,600,M-UAV-02,M600,31.3062683,120.6025389,30.5,CONTINGENCY,,
601,601,EVTOL-01,EC35,31.2966463,120.5958857,199.9,BUSY,M-P-001,V1
601,601,L-UAV-01,AMZN,31.2993637,120.5970196,100.0,BUSY,M-L-001,V2
601,601,M-UAV-01,M600,31.3108767,120.6039862,30.5,AVAILABLE,,
601,601,M-UAV-02,M600,31.3062683,120.6025389,30.5,CONTINGENCY,,
602,602,EVTOL-01,EC35,31.2963119,120.5960515,199.9,BUSY,M-P-001,V1
602,602,L-UAV-01,AMZN,31.2992445,120.5969442,100.0,BUSY,M-L-001,V2
602,602,M-UAV-01,M600,31.3108767,120.6039862,30.5,AVAILABLE,,
602,602,M-UAV-02,M600,31.3062683,120.6025389,30.5,CONTINGENCY,,
603,603,EVTOL-01,EC35,31.2959956,120.5962604,199.9,BUSY,M-P-001,V1
603,603,L-UAV-01,AMZN,31.2991252,120.5968687,100.0,BUSY,M-L-001,V2
603,603,M-UAV-01,M600,31.3108767,120.6039862,30.5,AVAILABLE,,
603,603,M-UAV-02,M600,31.3062683,120.6025389,30.5,CONTINGENCY,,
604,604,EVTOL-01,EC35,31.2957016,120.5965099,199.9,BUSY,M-P-001,V1
604,604,L-UAV-01,AMZN,31.2990060,120.5967933,100.0,BUSY,M-L-001,V2
604,604,M-UAV-01,M600,31.3108767,120.6039862,30.5,AVAILABLE,,
604,604,M-UAV-02,M600,31.3062683,120.6025389,30.5,CONTINGENCY,,
605,605,EVTOL-01,EC35,31.2954335,120.5967966,199.9,BUSY,M-P-001,V1
605,605,L-UAV-01,AMZN,31.2988868,120.5967178,100.0,BUSY,M-L-001,V2
605,605,M-UAV-01,M600,31.3108767,120.6039862,30.5,AVAILABLE,,
605,605,M-UAV-02,M600,31.3062683,120.6025389,30.5,CONTINGENCY,,
606,606,EVTOL-01,EC35,31.2951948,120.5971169,199.9,BUSY,M-P-001,V1
606,606,L-UAV-01,AMZN,31.2987675,120.5966424,100.0,BUSY,M-L-001,V2
606,606,M-UAV-01,M600,31.3108767,120.6039862,30.5,AVAILABLE,,
606,606,M-UAV-02,M600,31.3062683,120.6025389,30.5,CONTINGENCY,,
607,607,EVTOL-01,EC35,31.2949885,120.5974668,199.9,BUSY,M-P-001,V1
607,607,L-UAV-01,AMZN,31.2986483,120.5965669,100.0,BUSY,M-L-001,V2
607,607,M-UAV-01,M600,31.3108767,120.6039862,30.5,AVAILABLE,,
607,607,M-UAV-02,M600,31.3062683,120.6025389,30.5,CONTINGENCY,,
608,608,EVTOL-01,EC35,31.2948174,120.5978417,199.9,BUSY,M-P-001,V1
608,608,L-UAV-01,AMZN,31.2985291,120.5964914,100.0,BUSY,M-L-001,V2
608,608,M-UAV-01,M600,31.3108767,120.6039862,30.5,AVAILABLE,,
608,608,M-UAV-02,M600,31.3062683,120.6025389,30.5,CONTINGENCY,,
609,609,EVTOL-01,EC35,31.2946835,120.5982368,199.9,BUSY,M-P-001,V1
609,609,L-UAV-01,AMZN,31.2984099,120.5964160,100.0,BUSY,M-L-001,V2
609,609,M-UAV-01,M600,31.3108767,120.6039862,30.5,AVAILABLE,,
609,609,M-UAV-02,M600,31.3062683,120.6025389,30.5,CONTINGENCY,,
610,610,EVTOL-01,EC35,31.2945887,120.5986471,199.9,BUSY,M-P-001,V1
610,610,L-UAV-01,AMZN,31.2982906,120.5963405,100.0,BUSY,M-L-001,V2
610,610,M-UAV-01,M600,31.3108767,120.6039862,30.5,AVAILABLE,,
610,610,M-UAV-02,M600,31.3062683,120.6025389,30.5,CONTINGENCY,,
611,611,EVTOL-01,EC35,31.2945341,120.5990673,199.9,BUSY,M-P-001,V1
611,611,L-UAV-01,AMZN,31.2981714,120.5962651,100.0,BUSY,M-L-001,V2
611,611,M-UAV-01,M600,31.3108767,120.6039862,30.5,AVAILABLE,,
611,611,M-UAV-02,M600,31.3062683,120.6025389,30.5,CONTINGENCY,,
612,612,EVTOL-01,EC35,31.2945203,120.5994920,199.9,BUSY,M-P-001,V1
612,612,L-UAV-01,AMZN,31.2980522,120.5961896,100.0,BUSY,M-L-001,V2
612,612,M-UAV-01,M600,31.3108767,120.6039862,30.5,AVAILABLE,,
612,612,M-UAV-02,M600,31.3062683,120.6025389,30.5,CONTINGENCY,,
613,613,EVTOL-01,EC35,31.2945477,120.5999158,199.9,BUSY,M-P-001,V1
613,613,L-UAV-01,AMZN,31.2979329,120.5961142,100.0,BUSY,M-L-001,V3
613,613,M-UAV-01,M600,31.3108767,120.6039862,30.5,AVAILABLE,,
613,613,M-UAV-02,M600,31.3062683,120.6025389,30.5,CONTINGENCY,,
614,614,EVTOL-01,EC35,31.2946159,120.6003333,199.9,BUSY,M-P-001,V1
614,614,L-UAV-01,AMZN,31.2977999,120.5960838,100.0,BUSY,M-L-001,V3
614,614,M-UAV-01,M600,31.3108767,120.6039862,30.5,AVAILABLE,,
614,614,M-UAV-02,M600,31.3062683,120.6025389,30.5,CONTINGENCY,,
615,615,EVTOL-01,EC35,31.2947239,120.6007391,199.9,BUSY,M-P-001,V1
615,615,L-UAV-01,AMZN,31.2976652,120.5961014,100.0,BUSY,M-L-001,V3
615,615,M-UAV-01,M600,31.3108767,120.6039862,30.5,AVAILABLE,,
615,615,M-UAV-02,M600,31.3062683,120.6025389,30.5,CONTINGENCY,,
616,616,EVTOL-01,EC35,31.2948704,120.6011280,199.9,BUSY,M-P-001,V1
616,616,L-UAV-01,AMZN,31.2975411,120.5961653,100.0,BUSY,M-L-001,V3
616,616,M-UAV-01,M600,31.3108767,120.6039862,30.5,AVAILABLE,,
616,616,M-UAV-02,M600,31.3062683,120.6025389,30.5,CONTINGENCY,,
617,617,EVTOL-01,EC35,31.2950535,120.6014951,199.9,BUSY,M-P-001,V1
617,617,L-UAV-01,AMZN,31.2974390,120.5962697,100.0,BUSY,M-L-001,V3
617,617,M-UAV-01,M600,31.3108767,120.6039862,30.5,AVAILABLE,,
617,617,M-UAV-02,M600,31.3062683,120.6025389,30.5,CONTINGENCY,,
618,618,EVTOL-01,EC35,31.2952709,120.6018356,199.9,BUSY,M-P-001,V1
618,618,L-UAV-01,AMZN,31.2973682,120.5964049,100.0,BUSY,M-L-001,V3
618,618,M-UAV-01,M600,31.3108767,120.6039862,30.5,AVAILABLE,,
618,618,M-UAV-02,M600,31.3062683,120.6025389,30.5,CONTINGENCY,,
619,619,EVTOL-01,EC35,31.2955197,120.6021451,199.9,BUSY,M-P-001,V1
619,619,L-UAV-01,AMZN,31.2973352,120.5965588,100.0,BUSY,M-L-001,V3
619,619,M-UAV-01,M600,31.3108767,120.6039862,30.5,AVAILABLE,,
619,619,M-UAV-02,M600,31.3062683,120.6025389,30.5,CONTINGENCY,,
620,620,EVTOL-01,EC35,31.2957969,120.6024198,199.9,BUSY,M-P-001,V1
620,620,L-UAV-01,AMZN,31.2973430,120.5967172,100.0,BUSY,M-L-001,V3
620,620,M-UAV-01,M600,31.3108767,120.6039862,30.5,AVAILABLE,,
620,620,M-UAV-02,M600,31.3062683,120.6025389,30.5,CONTINGENCY,,
621,621,EVTOL-01,EC35,31.2960988,120.6026561,199.9,BUSY,M-P-001,V1
621,621,L-UAV-01,AMZN,31.2973908,120.5968656,100.0,BUSY,M-L-001,V3
621,621,M-UAV-01,M600,31.3108767,120.6039862,30.5,AVAILABLE,,
621,621,M-UAV-02,M600,31.3062683,120.6025389,30.5,CONTINGENCY,,
622,622,EVTOL-01,EC35,31.2964216,120.6028509,199.9,BUSY,M-P-001,V1
622,622,L-UAV-01,AMZN,31.2974743,120.5969905,100.0,BUSY,M-L-001,V3
622,622,M-UAV-01,M600,31.3108767,120.6039862,30.5,AVAILABLE,,
622,622,M-UAV-02,M600,31.3062683,120.6025389,30.5,CONTINGENCY,,
623,623,EVTOL-01,EC35,31.2967611,120.6030018,199.9,BUSY,M-P-001,V1
623,623,L-UAV-01,AMZN,31.2975860,120.5970805,100.0,BUSY,M-L-001,V3
623,623,M-UAV-01,M600,31.3108767,120.6039862,30.5,AVAILABLE,,
623,623,M-UAV-02,M600,31.3062683,120.6025389,30.5,CONTINGENCY,,
624,624,EVTOL-01,EC35,31.2971130,120.6031069,199.9,BUSY,M-P-001,V1
624,624,L-UAV-01,AMZN,31.2977052,120.5971560,100.0,BUSY,M-L-001,V3
624,624,M-UAV-01,M600,31.3108767,120.6039862,30.5,AVAILABLE,,
624,624,M-UAV-02,M600,31.3062683,120.6025389,30.5,CONTINGENCY,,
625,625,EVTOL-01,EC35,31.2974728,120.6031647,199.9,BUSY,M-P-001,V1
625,625,L-UAV-01,AMZN,31.2978244,120.5972314,100.0,BUSY,M-L-001,V3
625,625,M-UAV-01,M600,31.3108767,120.6039862,30.5,AVAILABLE,,
625,625,M-UAV-02,M600,31.3062683,120.6025389,30.5,CONTINGENCY,,
626,626,EVTOL-01,EC35,31.2978355,120.6031870,199.9,BUSY,M-P-001,V1
626,626,L-UAV-01,AMZN,31.2979436,120.5973069,100.0,BUSY,M-L-001,V3
626,626,M-UAV-01,M600,31.3108767,120.6039862,30.5,AVAILABLE,,
626,626,M-UAV-02,M600,31.3062683,120.6025389,30.5,CONTINGENCY,,
627,627,EVTOL-01,EC35,31.2981982,120.6032092,199.9,BUSY,M-P-001,V1
627,627,L-UAV-01,AMZN,31.2980629,120.5973823,100.0,BUSY,M-L-001,V3
627,627,M-UAV-01,M600,31.3108767,120.6039862,30.5,AVAILABLE,,
627,627,M-UAV-02,M600,31.3062683,120.6025389,30.5,CONTINGENCY,,
628,628,EVTOL-01,EC35,31.2985609,120.6032314,199.9,BUSY,M-P-001,V1
628,628,L-UAV-01,AMZN,31.2981821,120.5974578,100.0,BUSY,M-L-001,V3
628,628,M-UAV-01,M600,31.3108767,120.6039862,30.5,AVAILABLE,,
628,628,M-UAV-02,M600,31.3062683,120.6025389,30.5,CONTINGENCY,,
629,629,EVTOL-01,EC35,31.2989236,120.6032536,199.9,BUSY,M-P-001,V1
629,629,L-UAV-01,AMZN,31.2983013,120.5975332,100.0,BUSY,M-L-001,V3
629,629,M-UAV-01,M600,31.3108767,120.6039862,30.5,AVAILABLE,,
629,629,M-UAV-02,M600,31.3062683,120.6025389,30.5,CONTINGENCY,,
630,630,EVTOL-01,EC35,31.2992863,120.6032759,199.9,BUSY,M-P-001,V1
630,630,L-UAV-01,AMZN,31.2984206,120.5976087,100.0,BUSY,M-L-001,V3
630,630,M-UAV-01,M600,31.3108767,120.6039862,30.5,AVAILABLE,,
630,630,M-UAV-02,M600,31.3062683,120.6025389,30.5,CONTINGENCY,,
631,631,EVTOL-01,EC35,31.2996490,120.6032981,199.9,BUSY,M-P-001,V1
631,631,L-UAV-01,AMZN,31.2985398,120.5976842,100.0,BUSY,M-L-001,V3
631,631,M-UAV-01,M600,31.3108767,120.6039862,30.5,AVAILABLE,,
631,631,M-UAV-02,M600,31.3062683,120.6025389,30.5,CONTINGENCY,,
632,632,EVTOL-01,EC35,31.3000117,120.6033203,199.9,BUSY,M-P-001,V1
632,632,L-UAV-01,AMZN,31.2986590,120.5977596,100.0,BUSY,M-L-001,V3
632,632,M-UAV-01,M600,31.3108767,120.6039862,30.5,AVAILABLE,,
632,632,M-UAV-02,M600,31.3062683,120.6025389,30.5,CONTINGENCY,,
633,633,EVTOL-01,EC35,31.3003744,120.6033425,199.9,BUSY,M-P-001,V1
633,633,L-UAV-01,AMZN,31.2987783,120.5978351,100.0,BUSY,M-L-001,V3
633,633,M-UAV-01,M600,31.3108767,120.6039862,30.5,AVAILABLE,,
633,633,M-UAV-02,M600,31.3062683,120.6025389,30.5,CONTINGENCY,,
634,634,EVTOL-01,EC35,31.3007371,120.6033648,199.9,BUSY,M-P-001,V1
634,634,L-UAV-01,AMZN,31.2988975,120.5979105,100.0,BUSY,M-L-001,V3
634,634,M-UAV-01,M600,31.3108767,120.6039862,30.5,AVAILABLE,,
634,634,M-UAV-02,M600,31.3062683,120.6025389,30.5,CONTINGENCY,,
635,635,EVTOL-01,EC35,31.3010998,120.6033870,199.9,BUSY,M-P-001,V1
635,635,L-UAV-01,AMZN,31.2990167,120.5979860,100.0,BUSY,M-L-001,V3
635,635,M-UAV-01,M600,31.3108767,120.6039862,30.5,AVAILABLE,,
635,635,M-UAV-02,M600,31.3062683,120.6025389,30.5,CONTINGENCY,,
636,636,EVTOL-01,EC35,31.3014625,120.6034092,199.9,BUSY,M-P-001,V1
636,636,L-UAV-01,AMZN,31.2991359,120.5980615,100.0,BUSY,M-L-001,V3
636,636,M-UAV-01,M600,31.3108767,120.6039862,30.5,AVAILABLE,,
636,636,M-UAV-02,M600,31.3062683,120.6025389,30.5,CONTINGENCY,,
637,637,EVTOL-01,EC35,31.3018251,120.6034314,199.9,BUSY,M-P-001,V1
637,637,L-UAV-01,AMZN,31.2992552,120.5981369,100.0,BUSY,M-L-001,V3
637,637,M-UAV-01,M600,31.3108767,120.6039862,30.5,AVAILABLE,,
637,637,M-UAV-02,M600,31.3062683,120.6025389,30.5,CONTINGENCY,,
638,638,EVTOL-01,EC35,31.3021878,120.6034537,199.9,BUSY,M-P-001,V1
638,638,L-UAV-01,AMZN,31.2993744,120.5982124,100.0,BUSY,M-L-001,V3
638,638,M-UAV-01,M600,31.3108767,120.6039862,30.5,AVAILABLE,,
638,638,M-UAV-02,M600,31.3062683,120.6025389,30.5,CONTINGENCY,,
639,639,EVTOL-01,EC35,31.3025505,120.6034759,199.9,BUSY,M-P-001,V1
639,639,L-UAV-01,AMZN,31.2994936,120.5982878,100.0,BUSY,M-L-001,V3
639,639,M-UAV-01,M600,31.3108767,120.6039862,30.5,AVAILABLE,,
639,639,M-UAV-02,M600,31.3062683,120.6025389,30.5,CONTINGENCY,,
640,640,EVTOL-01,EC35,31.3029132,120.6034981,199.9,BUSY,M-P-001,V1
640,640,L-UAV-01,AMZN,31.2996129,120.5983633,100.0,BUSY,M-L-001,V3
640,640,M-UAV-01,M600,31.3108767,120.6039862,30.5,AVAILABLE,,
640,640,M-UAV-02,M600,31.3062683,120.6025389,30.5,CONTINGENCY,,
641,641,EVTOL-01,EC35,31.3032759,120.6035203,199.9,BUSY,M-P-001,V1
641,641,L-UAV-01,AMZN,31.2997321,120.5984388,100.0,BUSY,M-L-001,V3
641,641,M-UAV-01,M600,31.3108767,120.6039862,30.5,AVAILABLE,,
641,641,M-UAV-02,M600,31.3062683,120.6025389,30.5,CONTINGENCY,,
642,642,EVTOL-01,EC35,31.3036386,120.6035426,199.9,BUSY,M-P-001,V1
642,642,L-UAV-01,AMZN,31.2998513,120.5985142,100.0,BUSY,M-L-001,V3
642,642,M-UAV-01,M600,31.3108767,120.6039862,30.5,AVAILABLE,,
642,642,M-UAV-02,M600,31.3062683,120.6025389,30.5,CONTINGENCY,,
643,643,EVTOL-01,EC35,31.3040013,120.6035648,199.9,BUSY,M-P-001,V1
643,643,L-UAV-01,AMZN,31.2999706,120.5985897,100.0,BUSY,M-L-001,V3
643,643,M-UAV-01,M600,31.3108767,120.6039862,30.5,AVAILABLE,,
643,643,M-UAV-02,M600,31.3062683,120.6025389,30.5,CONTINGENCY,,
644,644,EVTOL-01,EC35,31.3043640,120.6035870,199.9,BUSY,M-P-001,V1
644,644,L-UAV-01,AMZN,31.3000898,120.5986651,100.0,BUSY,M-L-001,V3
644,644,M-UAV-01,M600,31.3108767,120.6039862,30.5,AVAILABLE,,
644,644,M-UAV-02,M600,31.3062683,120.6025389,30.5,CONTINGENCY,,
645,645,EVTOL-01,EC35,31.3047267,120.6036092,199.9,BUSY,M-P-001,V1
645,645,L-UAV-01,AMZN,31.3002090,120.5987406,100.0,BUSY,M-L-001,V3
645,645,M-UAV-01,M600,31.3108767,120.6039862,30.5,AVAILABLE,,
645,645,M-UAV-02,M600,31.3062683,120.6025389,30.5,CONTINGENCY,,
646,646,EVTOL-01,EC35,31.3050894,120.6036315,199.9,BUSY,M-P-001,V1
646,646,L-UAV-01,AMZN,31.3003282,120.5988161,100.0,BUSY,M-L-001,V3
646,646,M-UAV-01,M600,31.3108767,120.6039862,30.5,AVAILABLE,,
646,646,M-UAV-02,M600,31.3062683,120.6025389,30.5,CONTINGENCY,,
647,647,EVTOL-01,EC35,31.3054521,120.6036537,199.9,BUSY,M-P-001,V1
647,647,L-UAV-01,AMZN,31.3004475,120.5988915,100.0,BUSY,M-L-001,V3
647,647,M-UAV-01,M600,31.3108767,120.6039862,30.5,AVAILABLE,,
647,647,M-UAV-02,M600,31.3062683,120.6025389,30.5,CONTINGENCY,,
648,648,EVTOL-01,EC35,31.3058148,120.6036759,199.9,BUSY,M-P-001,V1
648,648,L-UAV-01,AMZN,31.3005667,120.5989670,100.0,BUSY,M-L-001,V3
648,648,M-UAV-01,M600,31.3108767,120.6039862,30.5,AVAILABLE,,
648,648,M-UAV-02,M600,31.3062683,120.6025389,30.5,CONTINGENCY,,
649,649,EVTOL-01,EC35,31.3061775,120.6036981,199.9,BUSY,M-P-001,V1
649,649,L-UAV-01,AMZN,31.3006859,120.5990424,100.0,BUSY,M-L-001,V3
649,649,M-UAV-01,M600,31.3108767,120.6039862,30.5,AVAILABLE,,
649,649,M-UAV-02,M600,31.3062683,120.6025389,30.5,CONTINGENCY,,
650,650,EVTOL-01,EC35,31.3065402,120.6037204,199.9,BUSY,M-P-001,V1
650,650,L-UAV-01,AMZN,31.3008052,120.5991179,100.0,BUSY,M-L-001,V3
650,650,M-UAV-01,M600,31.3108767,120.6039862,30.5,AVAILABLE,,
650,650,M-UAV-02,M600,31.3062683,120.6025389,30.5,CONTINGENCY,,
651,651,EVTOL-01,EC35,31.3069029,120.6037426,199.9,BUSY,M-P-001,V1
651,651,L-UAV-01,AMZN,31.3009244,120.5991934,100.0,BUSY,M-L-001,V3
651,651,M-UAV-01,M600,31.3108767,120.6039862,30.5,AVAILABLE,,
651,651,M-UAV-02,M600,31.3062683,120.6025389,30.5,CONTINGENCY,,
652,652,EVTOL-01,EC35,31.3072656,120.6037648,199.9,BUSY,M-P-001,V1
652,652,L-UAV-01,AMZN,31.3010436,120.5992688,100.0,BUSY,M-L-001,V3
652,652,M-UAV-01,M600,31.3108767,120.6039862,30.5,AVAILABLE,,
652,652,M-UAV-02,M600,31.3062683,120.6025389,30.5,CONTINGENCY,,
653,653,EVTOL-01,EC35,31.3076282,120.6037871,199.9,BUSY,M-P-001,V1
653,653,L-UAV-01,AMZN,31.3011628,120.5993443,100.0,BUSY,M-L-001,V3
653,653,M-UAV-01,M600,31.3108767,120.6039862,30.5,AVAILABLE,,
653,653,M-UAV-02,M600,31.3062683,120.6025389,30.5,CONTINGENCY,,
654,654,EVTOL-01,EC35,31.3079909,120.6038093,199.9,BUSY,M-P-001,V1
654,654,L-UAV-01,AMZN,31.3012821,120.5994198,100.0,BUSY,M-L-001,V3
654,654,M-UAV-01,M600,31.3108767,120.6039862,30.5,AVAILABLE,,
654,654,M-UAV-02,M600,31.3062683,120.6025389,30.5,CONTINGENCY,,
655,655,EVTOL-01,EC35,31.3083536,120.6038315,199.9,BUSY,M-P-001,V1
655,655,L-UAV-01,AMZN,31.3014013,120.5994952,100.0,BUSY,M-L-001,V3
655,655,M-UAV-01,M600,31.3108767,120.6039862,30.5,AVAILABLE,,
655,655,M-UAV-02,M600,31.3062683,120.6025389,30.5,CONTINGENCY,,
656,656,EVTOL-01,EC35,31.3087163,120.6038537,199.9,BUSY,M-P-001,V1
656,656,L-UAV-01,AMZN,31.3015205,120.5995707,100.0,BUSY,M-L-001,V3
656,656,M-UAV-01,M600,31.3108767,120.6039862,30.5,AVAILABLE,,
656,656,M-UAV-02,M600,31.3062683,120.6025389,30.5,CONTINGENCY,,
657,657,EVTOL-01,EC35,31.3090790,120.6038760,199.9,BUSY,M-P-001,V1
657,657,L-UAV-01,AMZN,31.3016398,120.5996461,100.0,BUSY,M-L-001,V3
657,657,M-UAV-01,M600,31.3108767,120.6039862,30.5,AVAILABLE,,
657,657,M-UAV-02,M600,31.3062683,120.6025389,30.5,CONTINGENCY,,
658,658,EVTOL-01,EC35,31.3094417,120.6038982,199.9,BUSY,M-P-001,V1
658,658,L-UAV-01,AMZN,31.3017590,120.5997216,100.0,BUSY,M-L-001,V3
658,658,M-UAV-01,M600,31.3108767,120.6039862,30.5,AVAILABLE,,
658,658,M-UAV-02,M600,31.3062683,120.6025389,30.5,CONTINGENCY,,
659,659,EVTOL-01,EC35,31.3098044,120.6039204,199.9,BUSY,M-P-001,V1
659,659,L-UAV-01,AMZN,31.3018782,120.5997971,100.0,BUSY,M-L-001,V3
659,659,M-UAV-01,M600,31.3108767,120.6039862,30.5,AVAILABLE,,
659,659,M-UAV-02,M600,31.3062683,120.6025389,30.5,CONTINGENCY,,
660,660,EVTOL-01,EC35,31.3101671,120.6039427,199.9,BUSY,M-P-001,V2
660,660,L-UAV-01,AMZN,31.3019974,120.5998725,100.0,BUSY,M-L-001,V3
660,660,M-UAV-01,M600,31.3108767,120.6039862,30.5,AVAILABLE,,
660,660,M-UAV-02,M600,31.3062683,120.6025389,30.5,CONTINGENCY,,
661,661,EVTOL-01,EC35,31.3105296,120.6039168,199.9,BUSY,M-P-001,V2
661,661,L-UAV-01,AMZN,31.3021167,120.5999480,100.0,BUSY,M-L-001,V3
661,661,M-UAV-01,M600,31.3108767,120.6039862,30.5,AVAILABLE,,
661,661,M-UAV-02,M600,31.3062683,120.6025389,30.5,CONTINGENCY,,
662,662,EVTOL-01,EC35,31.3108873,120.6038431,199.9,BUSY,M-P-001,V2
662,662,L-UAV-01,AMZN,31.3022359,120.6000235,100.0,BUSY,M-L-001,V3
662,662,M-UAV-01,M600,31.3108767,120.6039862,30.5,AVAILABLE,,
662,662,M-UAV-02,M600,31.3062683,120.6025389,30.5,CONTINGENCY,,
663,663,EVTOL-01,EC35,31.3112356,120.6037226,199.9,BUSY,M-P-001,V2
663,663,L-UAV-01,AMZN,31.3023551,120.6000989,100.0,BUSY,M-L-001,V3
663,663,M-UAV-01,M600,31.3108767,120.6039862,30.5,AVAILABLE,,
663,663,M-UAV-02,M600,31.3062683,120.6025389,30.5,CONTINGENCY,,
664,664,EVTOL-01,EC35,31.3115700,120.6035568,199.9,BUSY,M-P-001,V2
664,664,L-UAV-01,AMZN,31.3024744,120.6001744,100.0,BUSY,M-L-001,V3
664,664,M-UAV-01,M600,31.3108767,120.6039862,30.5,AVAILABLE,,
664,664,M-UAV-02,M600,31.3062683,120.6025389,30.5,CONTINGENCY,,
665,665,EVTOL-01,EC35,31.3118863,120.6033479,199.9,BUSY,M-P-001,V2
665,665,L-UAV-01,AMZN,31.3025936,120.6002499,100.0,BUSY,M-L-001,V3
665,665,M-UAV-01,M600,31.3108767,120.6039862,30.5,AVAILABLE,,
665,665,M-UAV-02,M600,31.3062683,120.6025389,30.5,CONTINGENCY,,
666,666,EVTOL-01,EC35,31.3121804,120.6030984,199.9,BUSY,M-P-001,V2
666,666,L-UAV-01,AMZN,31.3027128,120.6003253,100.0,BUSY,M-L-001,V3
666,666,M-UAV-01,M600,31.3108767,120.6039862,30.5,AVAILABLE,,
666,666,M-UAV-02,M600,31.3062683,120.6025389,30.5,CONTINGENCY,,
667,667,EVTOL-01,EC35,31.3124485,120.6028117,199.9,BUSY,M-P-001,V2
667,667,L-UAV-01,AMZN,31.3028320,120.6004008,100.0,BUSY,M-L-001,V3
667,667,M-UAV-01,M600,31.3108767,120.6039862,30.5,AVAILABLE,,
667,667,M-UAV-02,M600,31.3062683,120.6025389,30.5,CONTINGENCY,,
668,668,EVTOL-01,EC35,31.3126873,120.6024913,199.9,BUSY,M-P-001,V2
668,668,L-UAV-01,AMZN,31.3029513,120.6004762,100.0,BUSY,M-L-001,V3
668,668,M-UAV-01,M600,31.3108767,120.6039862,30.5,AVAILABLE,,
668,668,M-UAV-02,M600,31.3062683,120.6025389,30.5,CONTINGENCY,,
669,669,EVTOL-01,EC35,31.3128935,120.6021414,199.9,BUSY,M-P-001,V2
669,669,L-UAV-01,AMZN,31.3030705,120.6005517,100.0,BUSY,M-L-001,V3
669,669,M-UAV-01,M600,31.3108767,120.6039862,30.5,AVAILABLE,,
669,669,M-UAV-02,M600,31.3062683,120.6025389,30.5,CONTINGENCY,,
670,670,EVTOL-01,EC35,31.3130647,120.6017665,199.9,BUSY,M-P-001,V2
670,670,L-UAV-01,AMZN,31.3031897,120.6006272,100.0,BUSY,M-L-001,V3
670,670,M-UAV-01,M600,31.3108767,120.6039862,30.5,AVAILABLE,,
670,670,M-UAV-02,M600,31.3062683,120.6025389,30.5,CONTINGENCY,,
671,671,EVTOL-01,EC35,31.3131986,120.6013713,199.9,BUSY,M-P-001,V2
671,671,L-UAV-01,AMZN,31.3033090,120.6007026,100.0,BUSY,M-L-001,V3
671,671,M-UAV-01,M600,31.3108767,120.6039862,30.5,AVAILABLE,,
671,671,M-UAV-02,M600,31.3062683,120.6025389,30.5,CONTINGENCY,,
672,672,EVTOL-01,EC35,31.3132935,120.6009610,199.9,BUSY,M-P-001,V2
672,672,L-UAV-01,AMZN,31.3034282,120.6007781,100.0,BUSY,M-L-001,V3
672,672,M-UAV-01,M600,31.3108767,120.6039862,30.5,AVAILABLE,,
672,672,M-UAV-02,M600,31.3062683,120.6025389,30.5,CONTINGENCY,,
673,673,EVTOL-01,EC35,31.3133482,120.6005407,199.9,BUSY,M-P-001,V2
673,673,L-UAV-01,AMZN,31.3035474,120.6008536,100.0,BUSY,M-L-001,V3
673,673,M-UAV-01,M600,31.3108767,120.6039862,30.5,AVAILABLE,,
673,673,M-UAV-02,M600,31.3062683,120.6025389,30.5,CONTINGENCY,,
674,674,EVTOL-01,EC35,31.3133619,120.6001159,199.9,BUSY,M-P-001,V2
674,674,L-UAV-01,AMZN,31.3036666,120.6009290,100.0,BUSY,M-L-001,V3
674,674,M-UAV-01,M600,31.3108767,120.6039862,30.5,AVAILABLE,,
674,674,M-UAV-02,M600,31.3062683,120.6025389,30.5,CONTINGENCY,,
675,675,EVTOL-01,EC35,31.3133345,120.5996920,199.9,BUSY,M-P-001,V2
675,675,L-UAV-01,AMZN,31.3037859,120.6010045,100.0,BUSY,M-L-001,V3
675,675,M-UAV-01,M600,31.3108767,120.6039862,30.5,AVAILABLE,,
675,675,M-UAV-02,M600,31.3062683,120.6025389,30.5,CONTINGENCY,,
676,676,EVTOL-01,EC35,31.3132664,120.5992744,199.9,BUSY,M-P-001,V2
676,676,L-UAV-01,AMZN,31.3039051,120.6010800,100.0,BUSY,M-L-001,V3
676,676,M-UAV-01,M600,31.3108767,120.6039862,30.5,AVAILABLE,,
676,676,M-UAV-02,M600,31.3062683,120.6025389,30.5,CONTINGENCY,,
677,677,EVTOL-01,EC35,31.3131585,120.5988685,199.9,BUSY,M-P-001,V2
677,677,L-UAV-01,AMZN,31.3040243,120.6011554,100.0,BUSY,M-L-001,V3
677,677,M-UAV-01,M600,31.3108767,120.6039862,30.5,AVAILABLE,,
677,677,M-UAV-02,M600,31.3062683,120.6025389,30.5,CONTINGENCY,,
678,678,EVTOL-01,EC35,31.3130120,120.5984795,199.9,BUSY,M-P-001,V2
678,678,L-UAV-01,AMZN,31.3041436,120.6012309,100.0,BUSY,M-L-001,V3
678,678,M-UAV-01,M600,31.3108767,120.6039862,30.5,AVAILABLE,,
678,678,M-UAV-02,M600,31.3062683,120.6025389,30.5,CONTINGENCY,,
679,679,EVTOL-01,EC35,31.3128289,120.5981124,199.9,BUSY,M-P-001,V2
679,679,L-UAV-01,AMZN,31.3042628,120.6013064,100.0,BUSY,M-L-001,V3
679,679,M-UAV-01,M600,31.3108767,120.6039862,30.5,AVAILABLE,,
679,679,M-UAV-02,M600,31.3062683,120.6025389,30.5,CONTINGENCY,,
680,680,EVTOL-01,EC35,31.3126116,120.5977718,199.9,BUSY,M-P-001,V2
680,680,L-UAV-01,AMZN,31.3043820,120.6013818,100.0,BUSY,M-L-001,V3
680,680,M-UAV-01,M600,31.3108767,120.6039862,30.5,AVAILABLE,,
680,680,M-UAV-02,M600,31.3062683,120.6025389,30.5,CONTINGENCY,,
681,681,EVTOL-01,EC35,31.3123628,120.5974621,199.9,BUSY,M-P-001,V2
681,681,L-UAV-01,AMZN,31.3045012,120.6014573,100.0,BUSY,M-L-001,V3
681,681,M-UAV-01,M600,31.3108767,120.6039862,30.5,AVAILABLE,,
681,681,M-UAV-02,M600,31.3062683,120.6025389,30.5,CONTINGENCY,,
682,682,EVTOL-01,EC35,31.3120856,120.5971874,199.9,BUSY,M-P-001,V2
682,682,L-UAV-01,AMZN,31.3046205,120.6015328,100.0,BUSY,M-L-001,V3
682,682,M-UAV-01,M600,31.3108767,120.6039862,30.5,AVAILABLE,,
682,682,M-UAV-02,M600,31.3062683,120.6025389,30.5,CONTINGENCY,,
683,683,EVTOL-01,EC35,31.3117837,120.5969510,199.9,BUSY,M-P-001,V2
683,683,L-UAV-01,AMZN,31.3047397,120.6016082,100.0,BUSY,M-L-001,V3
683,683,M-UAV-01,M600,31.3108767,120.6039862,30.5,AVAILABLE,,
683,683,M-UAV-02,M600,31.3062683,120.6025389,30.5,CONTINGENCY,,
684,684,EVTOL-01,EC35,31.3114610,120.5967561,199.9,BUSY,M-P-001,V2
684,684,L-UAV-01,AMZN,31.3048589,120.6016837,100.0,BUSY,M-L-001,V3
684,684,M-UAV-01,M600,31.3108767,120.6039862,30.5,AVAILABLE,,
684,684,M-UAV-02,M600,31.3062683,120.6025389,30.5,CONTINGENCY,,
685,685,EVTOL-01,EC35,31.3111215,120.5966051,199.9,BUSY,M-P-001,V2
685,685,L-UAV-01,AMZN,31.3049781,120.6017592,100.0,BUSY,M-L-001,V3
685,685,M-UAV-01,M600,31.3108767,120.6039862,30.5,AVAILABLE,,
685,685,M-UAV-02,M600,31.3062683,120.6025389,30.5,CONTINGENCY,,
686,686,EVTOL-01,EC35,31.3107695,120.5965000,199.9,BUSY,M-P-001,V2
686,686,L-UAV-01,AMZN,31.3050974,120.6018347,100.0,BUSY,M-L-001,V3
686,686,M-UAV-01,M600,31.3108767,120.6039862,30.5,AVAILABLE,,
686,686,M-UAV-02,M600,31.3062683,120.6025389,30.5,CONTINGENCY,,
687,687,EVTOL-01,EC35,31.3104097,120.5964421,199.9,BUSY,M-P-001,V2
687,687,L-UAV-01,AMZN,31.3052166,120.6019101,100.0,BUSY,M-L-001,V3
687,687,M-UAV-01,M600,31.3108767,120.6039862,30.5,AVAILABLE,,
687,687,M-UAV-02,M600,31.3062683,120.6025389,30.5,CONTINGENCY,,
688,688,EVTOL-01,EC35,31.3100470,120.5964199,199.9,BUSY,M-P-001,V2
688,688,L-UAV-01,AMZN,31.3053358,120.6019856,100.0,BUSY,M-L-001,V3
688,688,M-UAV-01,M600,31.3108767,120.6039862,30.5,AVAILABLE,,
688,688,M-UAV-02,M600,31.3062683,120.6025389,30.5,CONTINGENCY,,
689,689,EVTOL-01,EC35,31.3096843,120.5963977,199.9,BUSY,M-P-001,V2
689,689,L-UAV-01,AMZN,31.3054551,120.6020611,100.0,BUSY,M-L-001,V3
689,689,M-UAV-01,M600,31.3108767,120.6039862,30.5,AVAILABLE,,
689,689,M-UAV-02,M600,31.3062683,120.6025389,30.5,CONTINGENCY,,
690,690,EVTOL-01,EC35,31.3093217,120.5963755,199.9,BUSY,M-P-001,V2
690,690,L-UAV-01,AMZN,31.3055743,120.6021365,100.0,BUSY,M-L-001,V3
690,690,M-UAV-01,M600,31.3108767,120.6039862,30.5,AVAILABLE,,
690,690,M-UAV-02,M600,31.3062683,120.6025389,30.5,CONTINGENCY,,
691,691,EVTOL-01,EC35,31.3089590,120.5963534,199.9,BUSY,M-P-001,V2
691,691,L-UAV-01,AMZN,31.3056935,120.6022120,100.0,BUSY,M-L-001,V3
691,691,M-UAV-01,M600,31.3108767,120.6039862,30.5,AVAILABLE,,
691,691,M-UAV-02,M600,31.3062683,120.6025389,30.5,CONTINGENCY,,
692,692,EVTOL-01,EC35,31.3085963,120.5963312,199.9,BUSY,M-P-001,V2
692,692,L-UAV-01,AMZN,31.3058127,120.6022875,100.0,BUSY,M-L-001,V2
692,692,M-UAV-01,M600,31.3108767,120.6039862,30.5,AVAILABLE,,
692,692,M-UAV-02,M600,31.3062683,120.6025389,30.5,CONTINGENCY,,
693,693,EVTOL-01,EC35,31.3082336,120.5963090,199.9,BUSY,M-P-001,V2
693,693,L-UAV-01,AMZN,31.3059458,120.6023178,100.0,BUSY,M-L-001,V2
693,693,M-UAV-01,M600,31.3108767,120.6039862,30.5,AVAILABLE,,
693,693,M-UAV-02,M600,31.3062683,120.6025389,30.5,CONTINGENCY,,
694,694,EVTOL-01,EC35,31.3078709,120.5962868,199.9,BUSY,M-P-001,V2
694,694,L-UAV-01,AMZN,31.3060805,120.6023002,100.0,BUSY,M-L-001,V2
694,694,M-UAV-01,M600,31.3108767,120.6039862,30.5,AVAILABLE,,
694,694,M-UAV-02,M600,31.3062683,120.6025389,30.5,CONTINGENCY,,
695,695,EVTOL-01,EC35,31.3075082,120.5962646,199.9,BUSY,M-P-001,V2
695,695,L-UAV-01,AMZN,31.3062046,120.6022363,100.0,BUSY,M-L-001,V2
695,695,M-UAV-01,M600,31.3108767,120.6039862,30.5,AVAILABLE,,
695,695,M-UAV-02,M600,31.3062683,120.6025389,30.5,CONTINGENCY,,
696,696,EVTOL-01,EC35,31.3071455,120.5962424,199.9,BUSY,M-P-001,V2
696,696,L-UAV-01,AMZN,31.3063067,120.6021320,100.0,BUSY,M-L-001,V2
696,696,M-UAV-01,M600,31.3108767,120.6039862,30.5,AVAILABLE,,
696,696,M-UAV-02,M600,31.3062683,120.6025389,30.5,CONTINGENCY,,
697,697,EVTOL-01,EC35,31.3067828,120.5962202,199.9,BUSY,M-P-001,V2
697,697,L-UAV-01,AMZN,31.3063775,120.6019967,100.0,BUSY,M-L-001,V2
697,697,M-UAV-01,M600,31.3108767,120.6039862,30.5,AVAILABLE,,
697,697,M-UAV-02,M600,31.3062683,120.6025389,30.5,CONTINGENCY,,
698,698,EVTOL-01,EC35,31.3064201,120.5961980,199.9,BUSY,M-P-001,V2
698,698,L-UAV-01,AMZN,31.3064105,120.6018428,100.0,BUSY,M-L-001,V2
698,698,M-UAV-01,M600,31.3108767,120.6039862,30.5,AVAILABLE,,
698,698,M-UAV-02,M600,31.3062683,120.6025389,30.5,CONTINGENCY,,
699,699,EVTOL-01,EC35,31.3060574,120.5961759,199.9,BUSY,M-P-001,V2
699,699,L-UAV-01,AMZN,31.3064027,120.6016845,100.0,BUSY,M-L-001,V2
699,699,M-UAV-01,M600,31.3108767,120.6039862,30.5,AVAILABLE,,
699,699,M-UAV-02,M600,31.3062683,120.6025389,30.5,CONTINGENCY,,
700,700,EVTOL-01,EC35,31.3056947,120.5961537,199.9,BUSY,M-P-001,V2
700,700,L-UAV-01,AMZN,31.3063549,120.6015360,100.0,BUSY,M-L-001,V2
700,700,M-UAV-01,M600,31.3108767,120.6039862,30.5,AVAILABLE,,
700,700,M-UAV-02,M600,31.3062683,120.6025389,30.5,CONTINGENCY,,
701,701,EVTOL-01,EC35,31.3053320,120.5961315,199.9,BUSY,M-P-001,V2
701,701,L-UAV-01,AMZN,31.3062714,120.6014111,100.0,BUSY,M-L-001,V2
701,701,M-UAV-01,M600,31.3108767,120.6039862,30.5,AVAILABLE,,
701,701,M-UAV-02,M600,31.3062683,120.6025389,30.5,CONTINGENCY,,
702,702,EVTOL-01,EC35,31.3049693,120.5961093,199.9,BUSY,M-P-001,V2
702,702,L-UAV-01,AMZN,31.3061598,120.6013211,100.0,BUSY,M-L-001,V2
702,702,M-UAV-01,M600,31.3108767,120.6039862,30.5,AVAILABLE,,
702,702,M-UAV-02,M600,31.3062683,120.6025389,30.5,CONTINGENCY,,
703,703,EVTOL-01,EC35,31.3046066,120.5960871,199.9,BUSY,M-P-001,V2
703,703,L-UAV-01,AMZN,31.3060405,120.6012456,100.0,BUSY,M-L-001,V2
703,703,M-UAV-01,M600,31.3108767,120.6039862,30.5,AVAILABLE,,
703,703,M-UAV-02,M600,31.3062683,120.6025389,30.5,CONTINGENCY,,
704,704,EVTOL-01,EC35,31.3042439,120.5960649,199.9,BUSY,M-P-001,V2
704,704,L-UAV-01,AMZN,31.3059213,120.6011701,100.0,BUSY,M-L-001,V2
704,704,M-UAV-01,M600,31.3108767,120.6039862,30.5,AVAILABLE,,
704,704,M-UAV-02,M600,31.3062683,120.6025389,30.5,CONTINGENCY,,
705,705,EVTOL-01,EC35,31.3038812,120.5960427,199.9,BUSY,M-P-001,V2
705,705,L-UAV-01,AMZN,31.3058021,120.6010947,100.0,BUSY,M-L-001,V2
705,705,M-UAV-01,M600,31.3108767,120.6039862,30.5,AVAILABLE,,
705,705,M-UAV-02,M600,31.3062683,120.6025389,30.5,CONTINGENCY,,
706,706,EVTOL-01,EC35,31.3035185,120.5960205,199.9,BUSY,M-P-001,V2
706,706,L-UAV-01,AMZN,31.3056829,120.6010192,100.0,BUSY,M-L-001,V2
706,706,M-UAV-01,M600,31.3108767,120.6039862,30.5,AVAILABLE,,
706,706,M-UAV-02,M600,31.3062683,120.6025389,30.5,CONTINGENCY,,
707,707,EVTOL-01,EC35,31.3031558,120.5959984,199.9,BUSY,M-P-001,V2
707,707,L-UAV-01,AMZN,31.3055636,120.6009437,100.0,BUSY,M-L-001,V2
707,707,M-UAV-01,M600,31.3108767,120.6039862,30.5,AVAILABLE,,
707,707,M-UAV-02,M600,31.3062683,120.6025389,30.5,CONTINGENCY,,
708,708,EVTOL-01,EC35,31.3027931,120.5959762,199.9,BUSY,M-P-001,V2
708,708,L-UAV-01,AMZN,31.3054444,120.6008683,100.0,BUSY,M-L-001,V2
708,708,M-UAV-01,M600,31.3108767,120.6039862,30.5,AVAILABLE,,
708,708,M-UAV-02,M600,31.3062683,120.6025389,30.5,CONTINGENCY,,
709,709,EVTOL-01,EC35,31.3024304,120.5959540,199.9,BUSY,M-P-001,V2
709,709,L-UAV-01,AMZN,31.3053252,120.6007928,100.0,BUSY,M-L-001,V2
709,709,M-UAV-01,M600,31.3108767,120.6039862,30.5,AVAILABLE,,
709,709,M-UAV-02,M600,31.3062683,120.6025389,30.5,CONTINGENCY,,
710,710,EVTOL-01,EC35,31.3020677,120.5959318,199.9,BUSY,M-P-001,V2
710,710,L-UAV-01,AMZN,31.3052059,120.6007173,100.0,BUSY,M-L-001,V2
710,710,M-UAV-01,M600,31.3108767,120.6039862,30.5,AVAILABLE,,
710,710,M-UAV-02,M600,31.3062683,120.6025389,30.5,CONTINGENCY,,
711,711,EVTOL-01,EC35,31.3017051,120.5959096,199.9,BUSY,M-P-001,V2
711,711,L-UAV-01,AMZN,31.3050867,120.6006419,100.0,BUSY,M-L-001,V2
711,711,M-UAV-01,M600,31.3108767,120.6039862,30.5,AVAILABLE,,
711,711,M-UAV-02,M600,31.3062683,120.6025389,30.5,CONTINGENCY,,
712,712,EVTOL-01,EC35,31.3013424,120.5958874,199.9,BUSY,M-P-001,V2
712,712,L-UAV-01,AMZN,31.3049675,120.6005664,100.0,BUSY,M-L-001,V2
712,712,M-UAV-01,M600,31.3108767,120.6039862,30.5,AVAILABLE,,
712,712,M-UAV-02,M600,31.3062683,120.6025389,30.5,CONTINGENCY,,
713,713,EVTOL-01,EC35,31.3009797,120.5958652,199.9,BUSY,M-P-001,V2
713,713,L-UAV-01,AMZN,31.3048483,120.6004909,100.0,BUSY,M-L-001,V2
713,713,M-UAV-01,M600,31.3108767,120.6039862,30.5,AVAILABLE,,
713,713,M-UAV-02,M600,31.3062683,120.6025389,30.5,CONTINGENCY,,
714,714,EVTOL-01,EC35,31.3006170,120.5958431,199.9,BUSY,M-P-001,V2
714,714,L-UAV-01,AMZN,31.3047290,120.6004155,100.0,BUSY,M-L-001,V2
714,714,M-UAV-01,M600,31.3108767,120.6039862,30.5,AVAILABLE,,
714,714,M-UAV-02,M600,31.3062683,120.6025389,30.5,CONTINGENCY,,
715,715,EVTOL-01,EC35,31.3002543,120.5958209,199.9,BUSY,M-P-001,V2
715,715,L-UAV-01,AMZN,31.3046098,120.6003400,100.0,BUSY,M-L-001,V2
715,715,M-UAV-01,M600,31.3108767,120.6039862,30.5,AVAILABLE,,
715,715,M-UAV-02,M600,31.3062683,120.6025389,30.5,CONTINGENCY,,
716,716,EVTOL-01,EC35,31.2998916,120.5957987,199.9,BUSY,M-P-001,V2
716,716,L-UAV-01,AMZN,31.3044906,120.6002645,100.0,BUSY,M-L-001,V2
716,716,M-UAV-01,M600,31.3108767,120.6039862,30.5,AVAILABLE,,
716,716,M-UAV-02,M600,31.3062683,120.6025389,30.5,CONTINGENCY,,
717,717,EVTOL-01,EC35,31.2995289,120.5957765,199.9,BUSY,M-P-001,V2
717,717,L-UAV-01,AMZN,31.3043713,120.6001891,100.0,BUSY,M-L-001,V2
717,717,M-UAV-01,M600,31.3108767,120.6039862,30.5,AVAILABLE,,
717,717,M-UAV-02,M600,31.3062683,120.6025389,30.5,CONTINGENCY,,
718,718,EVTOL-01,EC35,31.2991662,120.5957543,199.9,BUSY,M-P-001,V2
718,718,L-UAV-01,AMZN,31.3042521,120.6001136,100.0,BUSY,M-L-001,V2
718,718,M-UAV-01,M600,31.3108767,120.6039862,30.5,AVAILABLE,,
718,718,M-UAV-02,M600,31.3062683,120.6025389,30.5,CONTINGENCY,,
719,719,EVTOL-01,EC35,31.2988035,120.5957321,199.9,BUSY,M-P-001,V2
719,719,L-UAV-01,AMZN,31.3041329,120.6000381,100.0,BUSY,M-L-001,V2
719,719,M-UAV-01,M600,31.3108767,120.6039862,30.5,AVAILABLE,,
719,719,M-UAV-02,M600,31.3062683,120.6025389,30.5,CONTINGENCY,,
720,720,EVTOL-01,EC35,31.2984408,120.5957100,199.9,BUSY,M-P-001,V2
720,720,L-UAV-01,AMZN,31.3040137,120.5999627,100.0,BUSY,M-L-001,V2
720,720,M-UAV-01,M600,31.3108767,120.6039862,30.5,AVAILABLE,,
720,720,M-UAV-02,M600,31.3062683,120.6025389,30.5,CONTINGENCY,,
721,721,EVTOL-01,EC35,31.2980781,120.5956878,199.9,BUSY,M-P-001,V2
721,721,L-UAV-01,AMZN,31.3038944,120.5998872,100.0,BUSY,M-L-001,V2
721,721,M-UAV-01,M600,31.3108767,120.6039862,30.5,AVAILABLE,,
721,721,M-UAV-02,M600,31.3062683,120.6025389,30.5,CONTINGENCY,,
722,722,EVTOL-01,EC35,31.2977154,120.5956656,199.9,BUSY,M-P-001,V1
722,722,L-UAV-01,AMZN,31.3037752,120.5998117,100.0,BUSY,M-L-001,V2
722,722,M-UAV-01,M600,31.3108767,120.6039862,30.5,AVAILABLE,,
722,722,M-UAV-02,M600,31.3062683,120.6025389,30.5,CONTINGENCY,,
723,723,EVTOL-01,EC35,31.2973529,120.5956915,199.9,BUSY,M-P-001,V1
723,723,L-UAV-01,AMZN,31.3036560,120.5997363,100.0,BUSY,M-L-001,V2
723,723,M-UAV-01,M600,31.3108767,120.6039862,30.5,AVAILABLE,,
723,723,M-UAV-02,M600,31.3062683,120.6025389,30.5,CONTINGENCY,,
724,724,EVTOL-01,EC35,31.2969952,120.5957652,199.9,BUSY,M-P-001,V1
724,724,L-UAV-01,AMZN,31.3035367,120.5996608,100.0,BUSY,M-L-001,V2
724,724,M-UAV-01,M600,31.3108767,120.6039862,30.5,AVAILABLE,,
724,724,M-UAV-02,M600,31.3062683,120.6025389,30.5,CONTINGENCY,,
725,725,EVTOL-01,EC35,31.2966469,120.5958857,199.9,BUSY,M-P-001,V1
725,725,L-UAV-01,AMZN,31.3034175,120.5995853,100.0,BUSY,M-L-001,V2
725,725,M-UAV-01,M600,31.3108767,120.6039862,30.5,AVAILABLE,,
725,725,M-UAV-02,M600,31.3062683,120.6025389,30.5,CONTINGENCY,,
726,726,EVTOL-01,EC35,31.2963125,120.5960515,199.9,BUSY,M-P-001,V1
726,726,L-UAV-01,AMZN,31.3032983,120.5995099,100.0,BUSY,M-L-001,V2
726,726,M-UAV-01,M600,31.3108767,120.6039862,30.5,AVAILABLE,,
726,726,M-UAV-02,M600,31.3062683,120.6025389,30.5,CONTINGENCY,,
727,727,EVTOL-01,EC35,31.2959962,120.5962605,199.9,BUSY,M-P-001,V1
727,727,L-UAV-01,AMZN,31.3031791,120.5994344,100.0,BUSY,M-L-001,V2
727,727,M-UAV-01,M600,31.3108767,120.6039862,30.5,AVAILABLE,,
727,727,M-UAV-02,M600,31.3062683,120.6025389,30.5,CONTINGENCY,,
728,728,EVTOL-01,EC35,31.2957022,120.5965099,199.9,BUSY,M-P-001,V1
728,728,L-UAV-01,AMZN,31.3030598,120.5993589,100.0,BUSY,M-L-001,V2
728,728,M-UAV-01,M600,31.3108767,120.6039862,30.5,AVAILABLE,,
728,728,M-UAV-02,M600,31.3062683,120.6025389,30.5,CONTINGENCY,,
729,729,EVTOL-01,EC35,31.2954341,120.5967966,199.9,BUSY,M-P-001,V1
729,729,L-UAV-01,AMZN,31.3029406,120.5992835,100.0,BUSY,M-L-001,V2
729,729,M-UAV-01,M600,31.3108767,120.6039862,30.5,AVAILABLE,,
729,729,M-UAV-02,M600,31.3062683,120.6025389,30.5,CONTINGENCY,,
730,730,EVTOL-01,EC35,31.2951954,120.5971170,199.9,BUSY,M-P-001,V1
730,730,L-UAV-01,AMZN,31.3028214,120.5992080,100.0,BUSY,M-L-001,V2
730,730,M-UAV-01,M600,31.3108767,120.6039862,30.5,AVAILABLE,,
730,730,M-UAV-02,M600,31.3062683,120.6025389,30.5,CONTINGENCY,,
731,731,EVTOL-01,EC35,31.2949891,120.5974668,199.9,BUSY,M-P-001,V1
731,731,L-UAV-01,AMZN,31.3027021,120.5991325,100.0,BUSY,M-L-001,V2
731,731,M-UAV-01,M600,31.3108767,120.6039862,30.5,AVAILABLE,,
731,731,M-UAV-02,M600,31.3062683,120.6025389,30.5,CONTINGENCY,,
732,732,EVTOL-01,EC35,31.2948180,120.5978417,199.9,BUSY,M-P-001,V1
732,732,L-UAV-01,AMZN,31.3025829,120.5990571,100.0,BUSY,M-L-001,V2
732,732,M-UAV-01,M600,31.3108767,120.6039862,30.5,AVAILABLE,,
732,732,M-UAV-02,M600,31.3062683,120.6025389,30.5,CONTINGENCY,,
733,733,EVTOL-01,EC35,31.2946841,120.5982368,199.9,BUSY,M-P-001,V1
733,733,L-UAV-01,AMZN,31.3024637,120.5989816,100.0,BUSY,M-L-001,V2
733,733,M-UAV-01,M600,31.3108767,120.6039862,30.5,AVAILABLE,,
733,733,M-UAV-02,M600,31.3062683,120.6025389,30.5,CONTINGENCY,,
734,734,EVTOL-01,EC35,31.2945893,120.5986471,199.9,BUSY,M-P-001,V1
734,734,L-UAV-01,AMZN,31.3023445,120.5989062,100.0,BUSY,M-L-001,V2
734,734,M-UAV-01,M600,31.3108767,120.6039862,30.5,AVAILABLE,,
734,734,M-UAV-02,M600,31.3062683,120.6025389,30.5,CONTINGENCY,,
735,735,EVTOL-01,EC35,31.2945346,120.5990673,199.9,BUSY,M-P-001,V1
735,735,L-UAV-01,AMZN,31.3022252,120.5988307,100.0,BUSY,M-L-001,V2
735,735,M-UAV-01,M600,31.3108767,120.6039862,30.5,AVAILABLE,,
735,735,M-UAV-02,M600,31.3062683,120.6025389,30.5,CONTINGENCY,,
736,736,EVTOL-01,EC35,31.2945209,120.5994920,199.9,BUSY,M-P-001,V1
736,736,L-UAV-01,AMZN,31.3021060,120.5987552,100.0,BUSY,M-L-001,V2
736,736,M-UAV-01,M600,31.3108767,120.6039862,30.5,AVAILABLE,,
736,736,M-UAV-02,M600,31.3062683,120.6025389,30.5,CONTINGENCY,,
737,737,EVTOL-01,EC35,31.2945483,120.5999158,199.9,BUSY,M-P-001,V1
737,737,L-UAV-01,AMZN,31.3019868,120.5986798,100.0,BUSY,M-L-001,V2
737,737,M-UAV-01,M600,31.3108767,120.6039862,30.5,AVAILABLE,,
737,737,M-UAV-02,M600,31.3062683,120.6025389,30.5,CONTINGENCY,,
738,738,EVTOL-01,EC35,31.2946165,120.6003333,199.9,BUSY,M-P-001,V1
738,738,L-UAV-01,AMZN,31.3018675,120.5986043,100.0,BUSY,M-L-001,V2
738,738,M-UAV-01,M600,31.3108767,120.6039862,30.5,AVAILABLE,,
738,738,M-UAV-02,M600,31.3062683,120.6025389,30.5,CONTINGENCY,,
739,739,EVTOL-01,EC35,31.2947245,120.6007391,199.9,BUSY,M-P-001,V1
739,739,L-UAV-01,AMZN,31.3017483,120.5985288,100.0,BUSY,M-L-001,V2
739,739,M-UAV-01,M600,31.3108767,120.6039862,30.5,AVAILABLE,,
739,739,M-UAV-02,M600,31.3062683,120.6025389,30.5,CONTINGENCY,,
740,740,EVTOL-01,EC35,31.2948710,120.6011280,199.9,BUSY,M-P-001,V1
740,740,L-UAV-01,AMZN,31.3016291,120.5984534,100.0,BUSY,M-L-001,V2
740,740,M-UAV-01,M600,31.3108767,120.6039862,30.5,AVAILABLE,,
740,740,M-UAV-02,M600,31.3062683,120.6025389,30.5,CONTINGENCY,,
741,741,EVTOL-01,EC35,31.2950541,120.6014951,199.9,BUSY,M-P-001,V1
741,741,L-UAV-01,AMZN,31.3015098,120.5983779,100.0,BUSY,M-L-001,V2
741,741,M-UAV-01,M600,31.3108767,120.6039862,30.5,AVAILABLE,,
741,741,M-UAV-02,M600,31.3062683,120.6025389,30.5,CONTINGENCY,,
742,742,EVTOL-01,EC35,31.2952714,120.6018356,199.9,BUSY,M-P-001,V1
742,742,L-UAV-01,AMZN,31.3013906,120.5983025,100.0,BUSY,M-L-001,V2
742,742,M-UAV-01,M600,31.3108767,120.6039862,30.5,AVAILABLE,,
742,742,M-UAV-02,M600,31.3062683,120.6025389,30.5,CONTINGENCY,,
743,743,EVTOL-01,EC35,31.2955203,120.6021452,199.9,BUSY,M-P-001,V1
743,743,L-UAV-01,AMZN,31.3012714,120.5982270,100.0,BUSY,M-L-001,V2
743,743,M-UAV-01,M600,31.3108767,120.6039862,30.5,AVAILABLE,,
743,743,M-UAV-02,M600,31.3062683,120.6025389,30.5,CONTINGENCY,,
744,744,EVTOL-01,EC35,31.2957975,120.6024198,199.9,BUSY,M-P-001,V1
744,744,L-UAV-01,AMZN,31.3011522,120.5981515,100.0,BUSY,M-L-001,V2
744,744,M-UAV-01,M600,31.3108767,120.6039862,30.5,AVAILABLE,,
744,744,M-UAV-02,M600,31.3062683,120.6025389,30.5,CONTINGENCY,,
745,745,EVTOL-01,EC35,31.2960994,120.6026561,199.9,BUSY,M-P-001,V1
745,745,L-UAV-01,AMZN,31.3010329,120.5980761,100.0,BUSY,M-L-001,V2
745,745,M-UAV-01,M600,31.3108767,120.6039862,30.5,AVAILABLE,,
745,745,M-UAV-02,M600,31.3062683,120.6025389,30.5,CONTINGENCY,,
746,746,EVTOL-01,EC35,31.2964221,120.6028510,199.9,BUSY,M-P-001,V1
746,746,L-UAV-01,AMZN,31.3009137,120.5980006,100.0,BUSY,M-L-001,V2
746,746,M-UAV-01,M600,31.3108767,120.6039862,30.5,AVAILABLE,,
746,746,M-UAV-02,M600,31.3062683,120.6025389,30.5,CONTINGENCY,,
747,747,EVTOL-01,EC35,31.2967617,120.6030019,199.9,BUSY,M-P-001,V1
747,747,L-UAV-01,AMZN,31.3007945,120.5979252,100.0,BUSY,M-L-001,V2
747,747,M-UAV-01,M600,31.3108767,120.6039862,30.5,AVAILABLE,,
747,747,M-UAV-02,M600,31.3062683,120.6025389,30.5,CONTINGENCY,,
748,748,EVTOL-01,EC35,31.2971136,120.6031069,199.9,BUSY,M-P-001,V1
748,748,L-UAV-01,AMZN,31.3006752,120.5978497,100.0,BUSY,M-L-001,V2
748,748,M-UAV-01,M600,31.3108767,120.6039862,30.5,AVAILABLE,,
748,748,M-UAV-02,M600,31.3062683,120.6025389,30.5,CONTINGENCY,,
749,749,EVTOL-01,EC35,31.2974734,120.6031648,199.9,BUSY,M-P-001,V1
749,749,L-UAV-01,AMZN,31.3005560,120.5977742,100.0,BUSY,M-L-001,V2
749,749,M-UAV-01,M600,31.3108767,120.6039862,30.5,AVAILABLE,,
749,749,M-UAV-02,M600,31.3062683,120.6025389,30.5,CONTINGENCY,,
750,750,EVTOL-01,EC35,31.2978361,120.6031870,199.9,BUSY,M-P-001,V1
750,750,L-UAV-01,AMZN,31.3004368,120.5976988,100.0,BUSY,M-L-001,V2
750,750,M-UAV-01,M600,31.3108767,120.6039862,30.5,AVAILABLE,,
750,750,M-UAV-02,M600,31.3062683,120.6025389,30.5,CONTINGENCY,,
751,751,EVTOL-01,EC35,31.2981988,120.6032092,199.9,BUSY,M-P-001,V1
751,751,L-UAV-01,AMZN,31.3003175,120.5976233,100.0,BUSY,M-L-001,V2
751,751,M-UAV-01,M600,31.3108767,120.6039862,30.5,AVAILABLE,,
751,751,M-UAV-02,M600,31.3062683,120.6025389,30.5,CONTINGENCY,,
752,752,EVTOL-01,EC35,31.2985615,120.6032314,199.9,BUSY,M-P-001,V1
752,752,L-UAV-01,AMZN,31.3001983,120.5975479,100.0,BUSY,M-L-001,V2
752,752,M-UAV-01,M600,31.3108767,120.6039862,30.5,AVAILABLE,,
752,752,M-UAV-02,M600,31.3062683,120.6025389,30.5,CONTINGENCY,,
753,753,EVTOL-01,EC35,31.2989242,120.6032537,199.9,BUSY,M-P-001,V1
753,753,L-UAV-01,AMZN,31.3000791,120.5974724,100.0,BUSY,M-L-001,V2
753,753,M-UAV-01,M600,31.3108767,120.6039862,30.5,AVAILABLE,,
753,753,M-UAV-02,M600,31.3062683,120.6025389,30.5,CONTINGENCY,,
754,754,EVTOL-01,EC35,31.2992869,120.6032759,199.9,BUSY,M-P-001,V1
754,754,L-UAV-01,AMZN,31.2999599,120.5973969,100.0,BUSY,M-L-001,V2
754,754,M-UAV-01,M600,31.3108767,120.6039862,30.5,AVAILABLE,,
754,754,M-UAV-02,M600,31.3062683,120.6025389,30.5,CONTINGENCY,,
755,755,EVTOL-01,EC35,31.2996496,120.6032981,199.9,BUSY,M-P-001,V1
755,755,L-UAV-01,AMZN,31.2998406,120.5973215,100.0,BUSY,M-L-001,V2
755,755,M-UAV-01,M600,31.3108767,120.6039862,30.5,AVAILABLE,,
755,755,M-UAV-02,M600,31.3062683,120.6025389,30.5,CONTINGENCY,,
756,756,EVTOL-01,EC35,31.3000123,120.6033203,199.9,BUSY,M-P-001,V1
756,756,L-UAV-01,AMZN,31.2997214,120.5972460,100.0,BUSY,M-L-001,V2
756,756,M-UAV-01,M600,31.3108767,120.6039862,30.5,AVAILABLE,,
756,756,M-UAV-02,M600,31.3062683,120.6025389,30.5,CONTINGENCY,,
757,757,EVTOL-01,EC35,31.3003750,120.6033426,199.9,BUSY,M-P-001,V1
757,757,L-UAV-01,AMZN,31.2996022,120.5971706,100.0,BUSY,M-L-001,V2
757,757,M-UAV-01,M600,31.3108767,120.6039862,30.5,AVAILABLE,,
757,757,M-UAV-02,M600,31.3062683,120.6025389,30.5,CONTINGENCY,,
758,758,EVTOL-01,EC35,31.3007377,120.6033648,199.9,BUSY,M-P-001,V1
758,758,L-UAV-01,AMZN,31.2994829,120.5970951,100.0,BUSY,M-L-001,V2
758,758,M-UAV-01,M600,31.3108767,120.6039862,30.5,AVAILABLE,,
758,758,M-UAV-02,M600,31.3062683,120.6025389,30.5,CONTINGENCY,,
759,759,EVTOL-01,EC35,31.3011003,120.6033870,199.9,BUSY,M-P-001,V1
759,759,L-UAV-01,AMZN,31.2993637,120.5970197,100.0,BUSY,M-L-001,V2
759,759,M-UAV-01,M600,31.3108767,120.6039862,30.5,AVAILABLE,,
759,759,M-UAV-02,M600,31.3062683,120.6025389,30.5,CONTINGENCY,,
760,760,EVTOL-01,EC35,31.3014630,120.6034092,199.9,BUSY,M-P-001,V1
760,760,L-UAV-01,AMZN,31.2992445,120.5969442,100.0,BUSY,M-L-001,V2
760,760,M-UAV-01,M600,31.3108767,120.6039862,30.5,AVAILABLE,,
760,760,M-UAV-02,M600,31.3062683,120.6025389,30.5,CONTINGENCY,,
761,761,EVTOL-01,EC35,31.3018257,120.6034315,199.9,BUSY,M-P-001,V1
761,761,L-UAV-01,AMZN,31.2991252,120.5968687,100.0,BUSY,M-L-001,V2
761,761,M-UAV-01,M600,31.3108767,120.6039862,30.5,AVAILABLE,,
761,761,M-UAV-02,M600,31.3062683,120.6025389,30.5,CONTINGENCY,,
762,762,EVTOL-01,EC35,31.3021884,120.6034537,199.9,BUSY,M-P-001,V1
762,762,L-UAV-01,AMZN,31.2990060,120.5967933,100.0,BUSY,M-L-001,V2
762,762,M-UAV-01,M600,31.3108767,120.6039862,30.5,AVAILABLE,,
762,762,M-UAV-02,M600,31.3062683,120.6025389,30.5,CONTINGENCY,,
763,763,EVTOL-01,EC35,31.3025511,120.6034759,199.9,BUSY,M-P-001,V1
763,763,L-UAV-01,AMZN,31.2988868,120.5967178,100.0,BUSY,M-L-001,V2
763,763,M-UAV-01,M600,31.3108767,120.6039862,30.5,AVAILABLE,,
763,763,M-UAV-02,M600,31.3062683,120.6025389,30.5,CONTINGENCY,,
764,764,EVTOL-01,EC35,31.3029138,120.6034981,199.9,BUSY,M-P-001,V1
764,764,L-UAV-01,AMZN,31.2987676,120.5966424,100.0,BUSY,M-L-001,V2
764,764,M-UAV-01,M600,31.3108767,120.6039862,30.5,AVAILABLE,,
764,764,M-UAV-02,M600,31.3062683,120.6025389,30.5,CONTINGENCY,,
765,765,EVTOL-01,EC35,31.3032765,120.6035204,199.9,BUSY,M-P-001,V1
765,765,L-UAV-01,AMZN,31.2986483,120.5965669,100.0,BUSY,M-L-001,V2
765,765,M-UAV-01,M600,31.3108767,120.6039862,30.5,AVAILABLE,,
765,765,M-UAV-02,M600,31.3062683,120.6025389,30.5,CONTINGENCY,,
766,766,EVTOL-01,EC35,31.3036392,120.6035426,199.9,BUSY,M-P-001,V1
766,766,L-UAV-01,AMZN,31.2985291,120.5964914,100.0,BUSY,M-L-001,V2
766,766,M-UAV-01,M600,31.3108767,120.6039862,30.5,AVAILABLE,,
766,766,M-UAV-02,M600,31.3062683,120.6025389,30.5,CONTINGENCY,,
767,767,EVTOL-01,EC35,31.3040019,120.6035648,199.9,BUSY,M-P-001,V1
767,767,L-UAV-01,AMZN,31.2984099,120.5964160,100.0,BUSY,M-L-001,V2
767,767,M-UAV-01,M600,31.3108767,120.6039862,30.5,AVAILABLE,,
767,767,M-UAV-02,M600,31.3062683,120.6025389,30.5,CONTINGENCY,,
768,768,EVTOL-01,EC35,31.3043646,120.6035870,199.9,BUSY,M-P-001,V1
768,768,L-UAV-01,AMZN,31.2982906,120.5963405,100.0,BUSY,M-L-001,V2
768,768,M-UAV-01,M600,31.3108767,120.6039862,30.5,AVAILABLE,,
768,768,M-UAV-02,M600,31.3062683,120.6025389,30.5,CONTINGENCY,,
769,769,EVTOL-01,EC35,31.3047273,120.6036093,199.9,BUSY,M-P-001,V1
769,769,L-UAV-01,AMZN,31.2981714,120.5962651,100.0,BUSY,M-L-001,V2
769,769,M-UAV-01,M600,31.3108767,120.6039862,30.5,AVAILABLE,,
769,769,M-UAV-02,M600,31.3062683,120.6025389,30.5,CONTINGENCY,,
770,770,EVTOL-01,EC35,31.3050900,120.6036315,199.9,BUSY,M-P-001,V1
770,770,L-UAV-01,AMZN,31.2980522,120.5961896,100.0,BUSY,M-L-001,V2
770,770,M-UAV-01,M600,31.3108767,120.6039862,30.5,AVAILABLE,,
770,770,M-UAV-02,M600,31.3062683,120.6025389,30.5,CONTINGENCY,,
771,771,EVTOL-01,EC35,31.3054527,120.6036537,199.9,BUSY,M-P-001,V1
771,771,L-UAV-01,AMZN,31.2979329,120.5961142,100.0,BUSY,M-L-001,V3
771,771,M-UAV-01,M600,31.3108767,120.6039862,30.5,AVAILABLE,,
771,771,M-UAV-02,M600,31.3062683,120.6025389,30.5,CONTINGENCY,,
772,772,EVTOL-01,EC35,31.3058154,120.6036760,199.9,BUSY,M-P-001,V1
772,772,L-UAV-01,AMZN,31.2977999,120.5960838,100.0,BUSY,M-L-001,V3
772,772,M-UAV-01,M600,31.3108767,120.6039862,30.5,AVAILABLE,,
772,772,M-UAV-02,M600,31.3062683,120.6025389,30.5,CONTINGENCY,,
773,773,EVTOL-01,EC35,31.3061781,120.6036982,199.9,BUSY,M-P-001,V1
773,773,L-UAV-01,AMZN,31.2976652,120.5961014,100.0,BUSY,M-L-001,V3
773,773,M-UAV-01,M600,31.3108767,120.6039862,30.5,AVAILABLE,,
773,773,M-UAV-02,M600,31.3062683,120.6025389,30.5,CONTINGENCY,,
774,774,EVTOL-01,EC35,31.3065407,120.6037204,199.9,BUSY,M-P-001,V1
774,774,L-UAV-01,AMZN,31.2975411,120.5961653,100.0,BUSY,M-L-001,V3
774,774,M-UAV-01,M600,31.3108767,120.6039862,30.5,AVAILABLE,,
774,774,M-UAV-02,M600,31.3062683,120.6025389,30.5,CONTINGENCY,,
775,775,EVTOL-01,EC35,31.3069034,120.6037426,199.9,BUSY,M-P-001,V1
775,775,L-UAV-01,AMZN,31.2974390,120.5962697,100.0,BUSY,M-L-001,V3
775,775,M-UAV-01,M600,31.3108767,120.6039862,30.5,AVAILABLE,,
775,775,M-UAV-02,M600,31.3062683,120.6025389,30.5,CONTINGENCY,,
776,776,EVTOL-01,EC35,31.3072661,120.6037649,199.9,BUSY,M-P-001,V1
776,776,L-UAV-01,AMZN,31.2973682,120.5964049,100.0,BUSY,M-L-001,V3
776,776,M-UAV-01,M600,31.3108767,120.6039862,30.5,AVAILABLE,,
776,776,M-UAV-02,M600,31.3062683,120.6025389,30.5,CONTINGENCY,,
777,777,EVTOL-01,EC35,31.3076288,120.6037871,199.9,BUSY,M-P-001,V1
777,777,L-UAV-01,AMZN,31.2973352,120.5965588,100.0,BUSY,M-L-001,V3
777,777,M-UAV-01,M600,31.3108767,120.6039862,30.5,AVAILABLE,,
777,777,M-UAV-02,M600,31.3062683,120.6025389,30.5,CONTINGENCY,,
778,778,EVTOL-01,EC35,31.3079915,120.6038093,199.9,BUSY,M-P-001,V1
778,778,L-UAV-01,AMZN,31.2973430,120.5967172,100.0,BUSY,M-L-001,V3
778,778,M-UAV-01,M600,31.3108767,120.6039862,30.5,AVAILABLE,,
778,778,M-UAV-02,M600,31.3062683,120.6025389,30.5,CONTINGENCY,,
779,779,EVTOL-01,EC35,31.3083542,120.6038316,199.9,BUSY,M-P-001,V1
779,779,L-UAV-01,AMZN,31.2973908,120.5968656,100.0,BUSY,M-L-001,V3
779,779,M-UAV-01,M600,31.3108767,120.6039862,30.5,AVAILABLE,,
779,779,M-UAV-02,M600,31.3062683,120.6025389,30.5,CONTINGENCY,,
780,780,EVTOL-01,EC35,31.3087169,120.6038538,199.9,BUSY,M-P-001,V1
780,780,L-UAV-01,AMZN,31.2974743,120.5969905,100.0,BUSY,M-L-001,V3
780,780,M-UAV-01,M600,31.3108767,120.6039862,30.5,AVAILABLE,,
780,780,M-UAV-02,M600,31.3062683,120.6025389,30.5,CONTINGENCY,,
781,781,EVTOL-01,EC35,31.3090796,120.6038760,199.9,BUSY,M-P-001,V1
781,781,L-UAV-01,AMZN,31.2975860,120.5970805,100.0,BUSY,M-L-001,V3
781,781,M-UAV-01,M600,31.3108767,120.6039862,30.5,AVAILABLE,,
781,781,M-UAV-02,M600,31.3062683,120.6025389,30.5,CONTINGENCY,,
782,782,EVTOL-01,EC35,31.3094423,120.6038982,199.9,BUSY,M-P-001,V1
782,782,L-UAV-01,AMZN,31.2977052,120.5971560,100.0,BUSY,M-L-001,V3
782,782,M-UAV-01,M600,31.3108767,120.6039862,30.5,AVAILABLE,,
782,782,M-UAV-02,M600,31.3062683,120.6025389,30.5,CONTINGENCY,,
783,783,EVTOL-01,EC35,31.3098050,120.6039205,199.9,BUSY,M-P-001,V1
783,783,L-UAV-01,AMZN,31.2978244,120.5972314,100.0,BUSY,M-L-001,V3
783,783,M-UAV-01,M600,31.3108767,120.6039862,30.5,AVAILABLE,,
783,783,M-UAV-02,M600,31.3062683,120.6025389,30.5,CONTINGENCY,,
784,784,EVTOL-01,EC35,31.3101677,120.6039427,199.9,BUSY,M-P-001,V2
784,784,L-UAV-01,AMZN,31.2979437,120.5973069,100.0,BUSY,M-L-001,V3
784,784,M-UAV-01,M600,31.3108767,120.6039862,30.5,AVAILABLE,,
784,784,M-UAV-02,M600,31.3062683,120.6025389,30.5,CONTINGENCY,,
785,785,EVTOL-01,EC35,31.3105302,120.6039168,199.9,BUSY,M-P-001,V2
785,785,L-UAV-01,AMZN,31.2980629,120.5973823,100.0,BUSY,M-L-001,V3
785,785,M-UAV-01,M600,31.3108767,120.6039862,30.5,AVAILABLE,,
785,785,M-UAV-02,M600,31.3062683,120.6025389,30.5,CONTINGENCY,,
786,786,EVTOL-01,EC35,31.3108879,120.6038432,199.9,BUSY,M-P-001,V2
786,786,L-UAV-01,AMZN,31.2981821,120.5974578,100.0,BUSY,M-L-001,V3
786,786,M-UAV-01,M600,31.3108767,120.6039862,30.5,AVAILABLE,,
786,786,M-UAV-02,M600,31.3062683,120.6025389,30.5,CONTINGENCY,,
787,787,EVTOL-01,EC35,31.3112362,120.6037227,199.9,BUSY,M-P-001,V2
787,787,L-UAV-01,AMZN,31.2983013,120.5975332,100.0,BUSY,M-L-001,V3
787,787,M-UAV-01,M600,31.3108767,120.6039862,30.5,AVAILABLE,,
787,787,M-UAV-02,M600,31.3062683,120.6025389,30.5,CONTINGENCY,,
788,788,EVTOL-01,EC35,31.3115706,120.6035569,199.9,BUSY,M-P-001,V2
788,788,L-UAV-01,AMZN,31.2984206,120.5976087,100.0,BUSY,M-L-001,V3
788,788,M-UAV-01,M600,31.3108767,120.6039862,30.5,AVAILABLE,,
788,788,M-UAV-02,M600,31.3062683,120.6025389,30.5,CONTINGENCY,,
789,789,EVTOL-01,EC35,31.3118869,120.6033479,199.9,BUSY,M-P-001,V2
789,789,L-UAV-01,AMZN,31.2985398,120.5976842,100.0,BUSY,M-L-001,V3
789,789,M-UAV-01,M600,31.3108767,120.6039862,30.5,AVAILABLE,,
789,789,M-UAV-02,M600,31.3062683,120.6025389,30.5,CONTINGENCY,,
790,790,EVTOL-01,EC35,31.3121810,120.6030985,199.9,BUSY,M-P-001,V2
790,790,L-UAV-01,AMZN,31.2986590,120.5977596,100.0,BUSY,M-L-001,V3
790,790,M-UAV-01,M600,31.3108767,120.6039862,30.5,AVAILABLE,,
790,790,M-UAV-02,M600,31.3062683,120.6025389,30.5,CONTINGENCY,,
791,791,EVTOL-01,EC35,31.3124491,120.6028117,199.9,BUSY,M-P-001,V2
791,791,L-UAV-01,AMZN,31.2987783,120.5978351,100.0,BUSY,M-L-001,V3
791,791,M-UAV-01,M600,31.3108767,120.6039862,30.5,AVAILABLE,,
791,791,M-UAV-02,M600,31.3062683,120.6025389,30.5,CONTINGENCY,,
792,792,EVTOL-01,EC35,31.3126879,120.6024914,199.9,BUSY,M-P-001,V2
792,792,L-UAV-01,AMZN,31.2988975,120.5979105,100.0,BUSY,M-L-001,V3
792,792,M-UAV-01,M600,31.3108767,120.6039862,30.5,AVAILABLE,,
792,792,M-UAV-02,M600,31.3062683,120.6025389,30.5,CONTINGENCY,,
793,793,EVTOL-01,EC35,31.3128941,120.6021415,199.9,BUSY,M-P-001,V2
793,793,L-UAV-01,AMZN,31.2990167,120.5979860,100.0,BUSY,M-L-001,V3
793,793,M-UAV-01,M600,31.3108767,120.6039862,30.5,AVAILABLE,,
793,793,M-UAV-02,M600,31.3062683,120.6025389,30.5,CONTINGENCY,,
794,794,EVTOL-01,EC35,31.3130653,120.6017665,199.9,BUSY,M-P-001,V2
794,794,L-UAV-01,AMZN,31.2991360,120.5980615,100.0,BUSY,M-L-001,V3
794,794,M-UAV-01,M600,31.3108767,120.6039862,30.5,AVAILABLE,,
794,794,M-UAV-02,M600,31.3062683,120.6025389,30.5,CONTINGENCY,,
795,795,EVTOL-01,EC35,31.3131992,120.6013714,199.9,BUSY,M-P-001,V2
795,795,L-UAV-01,AMZN,31.2992552,120.5981369,100.0,BUSY,M-L-001,V3
795,795,M-UAV-01,M600,31.3108767,120.6039862,30.5,AVAILABLE,,
795,795,M-UAV-02,M600,31.3062683,120.6025389,30.5,CONTINGENCY,,
796,796,EVTOL-01,EC35,31.3132941,120.6009610,199.9,BUSY,M-P-001,V2
796,796,L-UAV-01,AMZN,31.2993744,120.5982124,100.0,BUSY,M-L-001,V3
796,796,M-UAV-01,M600,31.3108767,120.6039862,30.5,AVAILABLE,,
796,796,M-UAV-02,M600,31.3062683,120.6025389,30.5,CONTINGENCY,,
797,797,EVTOL-01,EC35,31.3133487,120.6005407,199.9,BUSY,M-P-001,V2
797,797,L-UAV-01,AMZN,31.2994936,120.5982878,100.0,BUSY,M-L-001,V3
797,797,M-UAV-01,M600,31.3108767,120.6039862,30.5,AVAILABLE,,
797,797,M-UAV-02,M600,31.3062683,120.6025389,30.5,CONTINGENCY,,
798,798,EVTOL-01,EC35,31.3133625,120.6001159,199.9,BUSY,M-P-001,V2
798,798,L-UAV-01,AMZN,31.2996129,120.5983633,100.0,BUSY,M-L-001,V3
798,798,M-UAV-01,M600,31.3108767,120.6039862,30.5,AVAILABLE,,
798,798,M-UAV-02,M600,31.3062683,120.6025389,30.5,CONTINGENCY,,
799,799,EVTOL-01,EC35,31.3133351,120.5996920,199.9,BUSY,M-P-001,V2
799,799,L-UAV-01,AMZN,31.2997321,120.5984388,100.0,BUSY,M-L-001,V3
799,799,M-UAV-01,M600,31.3108767,120.6039862,30.5,AVAILABLE,,
799,799,M-UAV-02,M600,31.3062683,120.6025389,30.5,CONTINGENCY,,
800,800,EVTOL-01,EC35,31.3132670,120.5992745,199.9,BUSY,M-P-001,V2
800,800,L-UAV-01,AMZN,31.2998513,120.5985142,100.0,BUSY,M-L-001,V3
800,800,M-UAV-01,M600,31.3108767,120.6039862,30.5,AVAILABLE,,
800,800,M-UAV-02,M600,31.3062683,120.6025389,30.5,CONTINGENCY,,
801,801,EVTOL-01,EC35,31.3131591,120.5988686,199.9,BUSY,M-P-001,V2
801,801,L-UAV-01,AMZN,31.2999706,120.5985897,100.0,BUSY,M-L-001,V3
801,801,M-UAV-01,M600,31.3108767,120.6039862,30.5,AVAILABLE,,
801,801,M-UAV-02,M600,31.3062683,120.6025389,30.5,CONTINGENCY,,
802,802,EVTOL-01,EC35,31.3130126,120.5984795,199.9,BUSY,M-P-001,V2
802,802,L-UAV-01,AMZN,31.3000898,120.5986651,100.0,BUSY,M-L-001,V3
802,802,M-UAV-01,M600,31.3108767,120.6039862,30.5,AVAILABLE,,
802,802,M-UAV-02,M600,31.3062683,120.6025389,30.5,CONTINGENCY,,
803,803,EVTOL-01,EC35,31.3128295,120.5981124,199.9,BUSY,M-P-001,V2
803,803,L-UAV-01,AMZN,31.3002090,120.5987406,100.0,BUSY,M-L-001,V3
803,803,M-UAV-01,M600,31.3108767,120.6039862,30.5,AVAILABLE,,
803,803,M-UAV-02,M600,31.3062683,120.6025389,30.5,CONTINGENCY,,
804,804,EVTOL-01,EC35,31.3126122,120.5977718,199.9,BUSY,M-P-001,V2
804,804,L-UAV-01,AMZN,31.3003282,120.5988161,100.0,BUSY,M-L-001,V3
804,804,M-UAV-01,M600,31.3108767,120.6039862,30.5,AVAILABLE,,
804,804,M-UAV-02,M600,31.3062683,120.6025389,30.5,CONTINGENCY,,
805,805,EVTOL-01,EC35,31.3123633,120.5974622,199.9,BUSY,M-P-001,V2
805,805,L-UAV-01,AMZN,31.3004475,120.5988915,100.0,BUSY,M-L-001,V3
805,805,M-UAV-01,M600,31.3108767,120.6039862,30.5,AVAILABLE,,
805,805,M-UAV-02,M600,31.3062683,120.6025389,30.5,CONTINGENCY,,
806,806,EVTOL-01,EC35,31.3120862,120.5971874,199.9,BUSY,M-P-001,V2
806,806,L-UAV-01,AMZN,31.3005667,120.5989670,100.0,BUSY,M-L-001,V3
806,806,M-UAV-01,M600,31.3108767,120.6039862,30.5,AVAILABLE,,
806,806,M-UAV-02,M600,31.3062683,120.6025389,30.5,CONTINGENCY,,
807,807,EVTOL-01,EC35,31.3117843,120.5969510,199.9,BUSY,M-P-001,V2
807,807,L-UAV-01,AMZN,31.3006859,120.5990424,100.0,BUSY,M-L-001,V3
807,807,M-UAV-01,M600,31.3108767,120.6039862,30.5,AVAILABLE,,
807,807,M-UAV-02,M600,31.3062683,120.6025389,30.5,CONTINGENCY,,
808,808,EVTOL-01,EC35,31.3114616,120.5967561,199.9,BUSY,M-P-001,V2
808,808,L-UAV-01,AMZN,31.3008052,120.5991179,100.0,BUSY,M-L-001,V3
808,808,M-UAV-01,M600,31.3108767,120.6039862,30.5,AVAILABLE,,
808,808,M-UAV-02,M600,31.3062683,120.6025389,30.5,CONTINGENCY,,
809,809,EVTOL-01,EC35,31.3111220,120.5966052,199.9,BUSY,M-P-001,V2
809,809,L-UAV-01,AMZN,31.3009244,120.5991934,100.0,BUSY,M-L-001,V3
809,809,M-UAV-01,M600,31.3108767,120.6039862,30.5,AVAILABLE,,
809,809,M-UAV-02,M600,31.3062683,120.6025389,30.5,CONTINGENCY,,
810,810,EVTOL-01,EC35,31.3107701,120.5965000,199.9,BUSY,M-P-001,V2
810,810,L-UAV-01,AMZN,31.3010436,120.5992688,100.0,BUSY,M-L-001,V3
810,810,M-UAV-01,M600,31.3108767,120.6039862,30.5,AVAILABLE,,
810,810,M-UAV-02,M600,31.3062683,120.6025389,30.5,CONTINGENCY,,
811,811,EVTOL-01,EC35,31.3104103,120.5964422,199.9,BUSY,M-P-001,V2
811,811,L-UAV-01,AMZN,31.3011628,120.5993443,100.0,BUSY,M-L-001,V3
811,811,M-UAV-01,M600,31.3108767,120.6039862,30.5,AVAILABLE,,
811,811,M-UAV-02,M600,31.3062683,120.6025389,30.5,CONTINGENCY,,
812,812,EVTOL-01,EC35,31.3100476,120.5964200,199.9,BUSY,M-P-001,V2
812,812,L-UAV-01,AMZN,31.3012821,120.5994198,100.0,BUSY,M-L-001,V3
812,812,M-UAV-01,M600,31.3108767,120.6039862,30.5,AVAILABLE,,
812,812,M-UAV-02,M600,31.3062683,120.6025389,30.5,CONTINGENCY,,
813,813,EVTOL-01,EC35,31.3096849,120.5963978,199.9,BUSY,M-P-001,V2
813,813,L-UAV-01,AMZN,31.3014013,120.5994952,100.0,BUSY,M-L-001,V3
813,813,M-UAV-01,M600,31.3108767,120.6039862,30.5,AVAILABLE,,
813,813,M-UAV-02,M600,31.3062683,120.6025389,30.5,CONTINGENCY,,
814,814,EVTOL-01,EC35,31.3093222,120.5963756,199.9,BUSY,M-P-001,V2
814,814,L-UAV-01,AMZN,31.3015205,120.5995707,100.0,BUSY,M-L-001,V3
814,814,M-UAV-01,M600,31.3108767,120.6039862,30.5,AVAILABLE,,
814,814,M-UAV-02,M600,31.3062683,120.6025389,30.5,CONTINGENCY,,
815,815,EVTOL-01,EC35,31.3089595,120.5963534,199.9,BUSY,M-P-001,V2
815,815,L-UAV-01,AMZN,31.3016398,120.5996461,100.0,BUSY,M-L-001,V3
815,815,M-UAV-01,M600,31.3108767,120.6039862,30.5,AVAILABLE,,
815,815,M-UAV-02,M600,31.3062683,120.6025389,30.5,CONTINGENCY,,
816,816,EVTOL-01,EC35,31.3085968,120.5963312,199.9,BUSY,M-P-001,V2
816,816,L-UAV-01,AMZN,31.3017590,120.5997216,100.0,BUSY,M-L-001,V3
816,816,M-UAV-01,M600,31.3108767,120.6039862,30.5,AVAILABLE,,
816,816,M-UAV-02,M600,31.3062683,120.6025389,30.5,CONTINGENCY,,
817,817,EVTOL-01,EC35,31.3082342,120.5963090,199.9,BUSY,M-P-001,V2
817,817,L-UAV-01,AMZN,31.3018782,120.5997971,100.0,BUSY,M-L-001,V3
817,817,M-UAV-01,M600,31.3108767,120.6039862,30.5,AVAILABLE,,
817,817,M-UAV-02,M600,31.3062683,120.6025389,30.5,CONTINGENCY,,
818,818,EVTOL-01,EC35,31.3078715,120.5962868,199.9,BUSY,M-P-001,V2
818,818,L-UAV-01,AMZN,31.3019975,120.5998725,100.0,BUSY,M-L-001,V3
818,818,M-UAV-01,M600,31.3108767,120.6039862,30.5,AVAILABLE,,
818,818,M-UAV-02,M600,31.3062683,120.6025389,30.5,CONTINGENCY,,
819,819,EVTOL-01,EC35,31.3075088,120.5962646,199.9,BUSY,M-P-001,V2
819,819,L-UAV-01,AMZN,31.3021167,120.5999480,100.0,BUSY,M-L-001,V3
819,819,M-UAV-01,M600,31.3108767,120.6039862,30.5,AVAILABLE,,
819,819,M-UAV-02,M600,31.3062683,120.6025389,30.5,CONTINGENCY,,
820,820,EVTOL-01,EC35,31.3071461,120.5962425,199.9,BUSY,M-P-001,V2
820,820,L-UAV-01,AMZN,31.3022359,120.6000235,100.0,BUSY,M-L-001,V3
820,820,M-UAV-01,M600,31.3108767,120.6039862,30.5,AVAILABLE,,
820,820,M-UAV-02,M600,31.3062683,120.6025389,30.5,CONTINGENCY,,
821,821,EVTOL-01,EC35,31.3067834,120.5962203,199.9,BUSY,M-P-001,V2
821,821,L-UAV-01,AMZN,31.3023551,120.6000989,100.0,BUSY,M-L-001,V3
821,821,M-UAV-01,M600,31.3108767,120.6039862,30.5,AVAILABLE,,
821,821,M-UAV-02,M600,31.3062683,120.6025389,30.5,CONTINGENCY,,
822,822,EVTOL-01,EC35,31.3064207,120.5961981,199.9,BUSY,M-P-001,V2
822,822,L-UAV-01,AMZN,31.3024744,120.6001744,100.0,BUSY,M-L-001,V3
822,822,M-UAV-01,M600,31.3108767,120.6039862,30.5,AVAILABLE,,
822,822,M-UAV-02,M600,31.3062683,120.6025389,30.5,CONTINGENCY,,
823,823,EVTOL-01,EC35,31.3060580,120.5961759,199.9,BUSY,M-P-001,V2
823,823,L-UAV-01,AMZN,31.3025936,120.6002499,100.0,BUSY,M-L-001,V3
823,823,M-UAV-01,M600,31.3108767,120.6039862,30.5,AVAILABLE,,
823,823,M-UAV-02,M600,31.3062683,120.6025389,30.5,CONTINGENCY,,
824,824,EVTOL-01,EC35,31.3056953,120.5961537,199.9,BUSY,M-P-001,V2
824,824,L-UAV-01,AMZN,31.3027128,120.6003253,100.0,BUSY,M-L-001,V3
824,824,M-UAV-01,M600,31.3108767,120.6039862,30.5,AVAILABLE,,
824,824,M-UAV-02,M600,31.3062683,120.6025389,30.5,CONTINGENCY,,
825,825,EVTOL-01,EC35,31.3053326,120.5961315,199.9,BUSY,M-P-001,V2
825,825,L-UAV-01,AMZN,31.3028321,120.6004008,100.0,BUSY,M-L-001,V3
825,825,M-UAV-01,M600,31.3108767,120.6039862,30.5,AVAILABLE,,
825,825,M-UAV-02,M600,31.3062683,120.6025389,30.5,CONTINGENCY,,
826,826,EVTOL-01,EC35,31.3049699,120.5961093,199.9,BUSY,M-P-001,V2
826,826,L-UAV-01,AMZN,31.3029513,120.6004763,100.0,BUSY,M-L-001,V3
826,826,M-UAV-01,M600,31.3108767,120.6039862,30.5,AVAILABLE,,
826,826,M-UAV-02,M600,31.3062683,120.6025389,30.5,CONTINGENCY,,
827,827,EVTOL-01,EC35,31.3046072,120.5960871,199.9,BUSY,M-P-001,V2
827,827,L-UAV-01,AMZN,31.3030705,120.6005517,100.0,BUSY,M-L-001,V3
827,827,M-UAV-01,M600,31.3108767,120.6039862,30.5,AVAILABLE,,
827,827,M-UAV-02,M600,31.3062683,120.6025389,30.5,CONTINGENCY,,
828,828,EVTOL-01,EC35,31.3042445,120.5960650,199.9,BUSY,M-P-001,V2
828,828,L-UAV-01,AMZN,31.3031897,120.6006272,100.0,BUSY,M-L-001,V3
828,828,M-UAV-01,M600,31.3108767,120.6039862,30.5,AVAILABLE,,
828,828,M-UAV-02,M600,31.3062683,120.6025389,30.5,CONTINGENCY,,
829,829,EVTOL-01,EC35,31.3038818,120.5960428,199.9,BUSY,M-P-001,V2
829,829,L-UAV-01,AMZN,31.3033090,120.6007026,100.0,BUSY,M-L-001,V3
829,829,M-UAV-01,M600,31.3108767,120.6039862,30.5,AVAILABLE,,
829,829,M-UAV-02,M600,31.3062683,120.6025389,30.5,CONTINGENCY,,
830,830,EVTOL-01,EC35,31.3035191,120.5960206,199.9,BUSY,M-P-001,V2
830,830,L-UAV-01,AMZN,31.3034282,120.6007781,100.0,BUSY,M-L-001,V3
830,830,M-UAV-01,M600,31.3108767,120.6039862,30.5,AVAILABLE,,
830,830,M-UAV-02,M600,31.3062683,120.6025389,30.5,CONTINGENCY,,
831,831,EVTOL-01,EC35,31.3031564,120.5959984,199.9,BUSY,M-P-001,V2
831,831,L-UAV-01,AMZN,31.3035474,120.6008536,100.0,BUSY,M-L-001,V3
831,831,M-UAV-01,M600,31.3108767,120.6039862,30.5,AVAILABLE,,
831,831,M-UAV-02,M600,31.3062683,120.6025389,30.5,CONTINGENCY,,
832,832,EVTOL-01,EC35,31.3027937,120.5959762,199.9,BUSY,M-P-001,V2
832,832,L-UAV-01,AMZN,31.3036666,120.6009290,100.0,BUSY,M-L-001,V3
832,832,M-UAV-01,M600,31.3108767,120.6039862,30.5,AVAILABLE,,
832,832,M-UAV-02,M600,31.3062683,120.6025389,30.5,CONTINGENCY,,
833,833,EVTOL-01,EC35,31.3024310,120.5959540,199.9,BUSY,M-P-001,V2
833,833,L-UAV-01,AMZN,31.3037859,120.6010045,100.0,BUSY,M-L-001,V3
833,833,M-UAV-01,M600,31.3108767,120.6039862,30.5,AVAILABLE,,
833,833,M-UAV-02,M600,31.3062683,120.6025389,30.5,CONTINGENCY,,
834,834,EVTOL-01,EC35,31.3020683,120.5959318,199.9,BUSY,M-P-001,V2
834,834,L-UAV-01,AMZN,31.3039051,120.6010800,100.0,BUSY,M-L-001,V3
834,834,M-UAV-01,M600,31.3108767,120.6039862,30.5,AVAILABLE,,
834,834,M-UAV-02,M600,31.3062683,120.6025389,30.5,CONTINGENCY,,
835,835,EVTOL-01,EC35,31.3017056,120.5959097,199.9,BUSY,M-P-001,V2
835,835,L-UAV-01,AMZN,31.3040243,120.6011554,100.0,BUSY,M-L-001,V3
835,835,M-UAV-01,M600,31.3108767,120.6039862,30.5,AVAILABLE,,
835,835,M-UAV-02,M600,31.3062683,120.6025389,30.5,CONTINGENCY,,
836,836,EVTOL-01,EC35,31.3013429,120.5958875,199.9,BUSY,M-P-001,V2
836,836,L-UAV-01,AMZN,31.3041436,120.6012309,100.0,BUSY,M-L-001,V3
836,836,M-UAV-01,M600,31.3108767,120.6039862,30.5,AVAILABLE,,
836,836,M-UAV-02,M600,31.3062683,120.6025389,30.5,CONTINGENCY,,
837,837,EVTOL-01,EC35,31.3009802,120.5958653,199.9,BUSY,M-P-001,V2
837,837,L-UAV-01,AMZN,31.3042628,120.6013064,100.0,BUSY,M-L-001,V3
837,837,M-UAV-01,M600,31.3108767,120.6039862,30.5,AVAILABLE,,
837,837,M-UAV-02,M600,31.3062683,120.6025389,30.5,CONTINGENCY,,
838,838,EVTOL-01,EC35,31.3006175,120.5958431,199.9,BUSY,M-P-001,V2
838,838,L-UAV-01,AMZN,31.3043820,120.6013818,100.0,BUSY,M-L-001,V3
838,838,M-UAV-01,M600,31.3108767,120.6039862,30.5,AVAILABLE,,
838,838,M-UAV-02,M600,31.3062683,120.6025389,30.5,CONTINGENCY,,
839,839,EVTOL-01,EC35,31.3002549,120.5958209,199.9,BUSY,M-P-001,V2
839,839,L-UAV-01,AMZN,31.3045012,120.6014573,100.0,BUSY,M-L-001,V3
839,839,M-UAV-01,M600,31.3108767,120.6039862,30.5,AVAILABLE,,
839,839,M-UAV-02,M600,31.3062683,120.6025389,30.5,CONTINGENCY,,
840,840,EVTOL-01,EC35,31.2998922,120.5957987,199.9,BUSY,M-P-001,V2
840,840,L-UAV-01,AMZN,31.3046205,120.6015328,100.0,BUSY,M-L-001,V3
840,840,M-UAV-01,M600,31.3108767,120.6039862,30.5,AVAILABLE,,
840,840,M-UAV-02,M600,31.3062683,120.6025389,30.5,CONTINGENCY,,
841,841,EVTOL-01,EC35,31.2995295,120.5957765,199.9,BUSY,M-P-001,V2
841,841,L-UAV-01,AMZN,31.3047397,120.6016083,100.0,BUSY,M-L-001,V3
841,841,M-UAV-01,M600,31.3108767,120.6039862,30.5,AVAILABLE,,
841,841,M-UAV-02,M600,31.3062683,120.6025389,30.5,CONTINGENCY,,
842,842,EVTOL-01,EC35,31.2991668,120.5957544,199.9,BUSY,M-P-001,V2
842,842,L-UAV-01,AMZN,31.3048589,120.6016837,100.0,BUSY,M-L-001,V3
842,842,M-UAV-01,M600,31.3108767,120.6039862,30.5,AVAILABLE,,
842,842,M-UAV-02,M600,31.3062683,120.6025389,30.5,CONTINGENCY,,
843,843,EVTOL-01,EC35,31.2988041,120.5957322,199.9,BUSY,M-P-001,V2
843,843,L-UAV-01,AMZN,31.3049782,120.6017592,100.0,BUSY,M-L-001,V3
843,843,M-UAV-01,M600,31.3108767,120.6039862,30.5,AVAILABLE,,
843,843,M-UAV-02,M600,31.3062683,120.6025389,30.5,CONTINGENCY,,
844,844,EVTOL-01,EC35,31.2984414,120.5957100,199.9,BUSY,M-P-001,V2
844,844,L-UAV-01,AMZN,31.3050974,120.6018347,100.0,BUSY,M-L-001,V3
844,844,M-UAV-01,M600,31.3108767,120.6039862,30.5,AVAILABLE,,
844,844,M-UAV-02,M600,31.3062683,120.6025389,30.5,CONTINGENCY,,
845,845,EVTOL-01,EC35,31.2980787,120.5956878,199.9,BUSY,M-P-001,V2
845,845,L-UAV-01,AMZN,31.3052166,120.6019101,100.0,BUSY,M-L-001,V3
845,845,M-UAV-01,M600,31.3108767,120.6039862,30.5,AVAILABLE,,
845,845,M-UAV-02,M600,31.3062683,120.6025389,30.5,CONTINGENCY,,
846,846,EVTOL-01,EC35,31.2977160,120.5956656,199.9,BUSY,M-P-001,V1
846,846,L-UAV-01,AMZN,31.3053358,120.6019856,100.0,BUSY,M-L-001,V3
846,846,M-UAV-01,M600,31.3108767,120.6039862,30.5,AVAILABLE,,
846,846,M-UAV-02,M600,31.3062683,120.6025389,30.5,CONTINGENCY,,
847,847,EVTOL-01,EC35,31.2973535,120.5956915,199.9,BUSY,M-P-001,V1
847,847,L-UAV-01,AMZN,31.3054551,120.6020611,100.0,BUSY,M-L-001,V3
847,847,M-UAV-01,M600,31.3108767,120.6039862,30.5,AVAILABLE,,
847,847,M-UAV-02,M600,31.3062683,120.6025389,30.5,CONTINGENCY,,
848,848,EVTOL-01,EC35,31.2969958,120.5957652,199.9,BUSY,M-P-001,V1
848,848,L-UAV-01,AMZN,31.3055743,120.6021365,100.0,BUSY,M-L-001,V3
848,848,M-UAV-01,M600,31.3108767,120.6039862,30.5,AVAILABLE,,
848,848,M-UAV-02,M600,31.3062683,120.6025389,30.5,CONTINGENCY,,
849,849,EVTOL-01,EC35,31.2966475,120.5958858,199.9,BUSY,M-P-001,V1
849,849,L-UAV-01,AMZN,31.3056935,120.6022120,100.0,BUSY,M-L-001,V3
849,849,M-UAV-01,M600,31.3108767,120.6039862,30.5,AVAILABLE,,
849,849,M-UAV-02,M600,31.3062683,120.6025389,30.5,CONTINGENCY,,
850,850,EVTOL-01,EC35,31.2963131,120.5960515,199.9,BUSY,M-P-001,V1
850,850,L-UAV-01,AMZN,31.3058127,120.6022875,100.0,BUSY,M-L-001,V2
850,850,M-UAV-01,M600,31.3108767,120.6039862,30.5,AVAILABLE,,
850,850,M-UAV-02,M600,31.3062683,120.6025389,30.5,CONTINGENCY,,
851,851,EVTOL-01,EC35,31.2959968,120.5962605,199.9,BUSY,M-P-001,V1
851,851,L-UAV-01,AMZN,31.3059458,120.6023178,100.0,BUSY,M-L-001,V2
851,851,M-UAV-01,M600,31.3108767,120.6039862,30.5,AVAILABLE,,
851,851,M-UAV-02,M600,31.3062683,120.6025389,30.5,CONTINGENCY,,
852,852,EVTOL-01,EC35,31.2957027,120.5965099,199.9,BUSY,M-P-001,V1
852,852,L-UAV-01,AMZN,31.3060805,120.6023002,100.0,BUSY,M-L-001,V2
852,852,M-UAV-01,M600,31.3108767,120.6039862,30.5,AVAILABLE,,
852,852,M-UAV-02,M600,31.3062683,120.6025389,30.5,CONTINGENCY,,
853,853,EVTOL-01,EC35,31.2954346,120.5967967,199.9,BUSY,M-P-001,V1
853,853,L-UAV-01,AMZN,31.3062046,120.6022363,100.0,BUSY,M-L-001,V2
853,853,M-UAV-01,M600,31.3108767,120.6039862,30.5,AVAILABLE,,
853,853,M-UAV-02,M600,31.3062683,120.6025389,30.5,CONTINGENCY,,
854,854,EVTOL-01,EC35,31.2951959,120.5971170,199.9,BUSY,M-P-001,V1
854,854,L-UAV-01,AMZN,31.3063067,120.6021320,100.0,BUSY,M-L-001,V2
854,854,M-UAV-01,M600,31.3108767,120.6039862,30.5,AVAILABLE,,
854,854,M-UAV-02,M600,31.3062683,120.6025389,30.5,CONTINGENCY,,
855,855,EVTOL-01,EC35,31.2949897,120.5974669,199.9,BUSY,M-P-001,V1
855,855,L-UAV-01,AMZN,31.3063775,120.6019967,100.0,BUSY,M-L-001,V2
855,855,M-UAV-01,M600,31.3108767,120.6039862,30.5,AVAILABLE,,
855,855,M-UAV-02,M600,31.3062683,120.6025389,30.5,CONTINGENCY,,
856,856,EVTOL-01,EC35,31.2948185,120.5978417,199.9,BUSY,M-P-001,V1
856,856,L-UAV-01,AMZN,31.3064105,120.6018428,100.0,BUSY,M-L-001,V2
856,856,M-UAV-01,M600,31.3108767,120.6039862,30.5,AVAILABLE,,
856,856,M-UAV-02,M600,31.3062683,120.6025389,30.5,CONTINGENCY,,
857,857,EVTOL-01,EC35,31.2946847,120.5982369,199.9,BUSY,M-P-001,V1
857,857,L-UAV-01,AMZN,31.3064028,120.6016845,100.0,BUSY,M-L-001,V2
857,857,M-UAV-01,M600,31.3108767,120.6039862,30.5,AVAILABLE,,
857,857,M-UAV-02,M600,31.3062683,120.6025389,30.5,CONTINGENCY,,
858,858,EVTOL-01,EC35,31.2945898,120.5986471,199.9,BUSY,M-P-001,V1
858,858,L-UAV-01,AMZN,31.3063549,120.6015360,100.0,BUSY,M-L-001,V2
858,858,M-UAV-01,M600,31.3108767,120.6039862,30.5,AVAILABLE,,
858,858,M-UAV-02,M600,31.3062683,120.6025389,30.5,CONTINGENCY,,
859,859,EVTOL-01,EC35,31.2945352,120.5990673,199.9,BUSY,M-P-001,V1
859,859,L-UAV-01,AMZN,31.3062714,120.6014111,100.0,BUSY,M-L-001,V2
859,859,M-UAV-01,M600,31.3108767,120.6039862,30.5,AVAILABLE,,
859,859,M-UAV-02,M600,31.3062683,120.6025389,30.5,CONTINGENCY,,
860,860,EVTOL-01,EC35,31.2945215,120.5994921,199.9,BUSY,M-P-001,V1
860,860,L-UAV-01,AMZN,31.3061598,120.6013211,100.0,BUSY,M-L-001,V2
860,860,M-UAV-01,M600,31.3108767,120.6039862,30.5,AVAILABLE,,
860,860,M-UAV-02,M600,31.3062683,120.6025389,30.5,CONTINGENCY,,
861,861,EVTOL-01,EC35,31.2945489,120.5999159,199.9,BUSY,M-P-001,V1
861,861,L-UAV-01,AMZN,31.3060405,120.6012456,100.0,BUSY,M-L-001,V2
861,861,M-UAV-01,M600,31.3108767,120.6039862,30.5,AVAILABLE,,
861,861,M-UAV-02,M600,31.3062683,120.6025389,30.5,CONTINGENCY,,
862,862,EVTOL-01,EC35,31.2946170,120.6003334,199.9,BUSY,M-P-001,V1
862,862,L-UAV-01,AMZN,31.3059213,120.6011701,100.0,BUSY,M-L-001,V2
862,862,M-UAV-01,M600,31.3108767,120.6039862,30.5,AVAILABLE,,
862,862,M-UAV-02,M600,31.3062683,120.6025389,30.5,CONTINGENCY,,
863,863,EVTOL-01,EC35,31.2947250,120.6007392,199.9,BUSY,M-P-001,V1
863,863,L-UAV-01,AMZN,31.3058021,120.6010947,100.0,BUSY,M-L-001,V2
863,863,M-UAV-01,M600,31.3108767,120.6039862,30.5,AVAILABLE,,
863,863,M-UAV-02,M600,31.3062683,120.6025389,30.5,CONTINGENCY,,
864,864,EVTOL-01,EC35,31.2948715,120.6011281,199.9,BUSY,M-P-001,V1
864,864,L-UAV-01,AMZN,31.3056829,120.6010192,100.0,BUSY,M-L-001,V2
864,864,M-UAV-01,M600,31.3108767,120.6039862,30.5,AVAILABLE,,
864,864,M-UAV-02,M600,31.3062683,120.6025389,30.5,CONTINGENCY,,
865,865,EVTOL-01,EC35,31.2950547,120.6014951,199.9,BUSY,M-P-001,V1
865,865,L-UAV-01,AMZN,31.3055636,120.6009437,100.0,BUSY,M-L-001,V2
865,865,M-UAV-01,M600,31.3108767,120.6039862,30.5,AVAILABLE,,
865,865,M-UAV-02,M600,31.3062683,120.6025389,30.5,CONTINGENCY,,
866,866,EVTOL-01,EC35,31.2952720,120.6018356,199.9,BUSY,M-P-001,V1
866,866,L-UAV-01,AMZN,31.3054444,120.6008683,100.0,BUSY,M-L-001,V2
866,866,M-UAV-01,M600,31.3108767,120.6039862,30.5,AVAILABLE,,
866,866,M-UAV-02,M600,31.3062683,120.6025389,30.5,CONTINGENCY,,
867,867,EVTOL-01,EC35,31.2955209,120.6021452,199.9,BUSY,M-P-001,V1
867,867,L-UAV-01,AMZN,31.3053252,120.6007928,100.0,BUSY,M-L-001,V2
867,867,M-UAV-01,M600,31.3108767,120.6039862,30.5,AVAILABLE,,
867,867,M-UAV-02,M600,31.3062683,120.6025389,30.5,CONTINGENCY,,
868,868,EVTOL-01,EC35,31.2957980,120.6024199,199.9,BUSY,M-P-001,V1
868,868,L-UAV-01,AMZN,31.3052059,120.6007173,100.0,BUSY,M-L-001,V2
868,868,M-UAV-01,M600,31.3108767,120.6039862,30.5,AVAILABLE,,
868,868,M-UAV-02,M600,31.3062683,120.6025389,30.5,CONTINGENCY,,
869,869,EVTOL-01,EC35,31.2960999,120.6026562,199.9,BUSY,M-P-001,V1
869,869,L-UAV-01,AMZN,31.3050867,120.6006419,100.0,BUSY,M-L-001,V2
869,869,M-UAV-01,M600,31.3108767,120.6039862,30.5,AVAILABLE,,
869,869,M-UAV-02,M600,31.3062683,120.6025389,30.5,CONTINGENCY,,
870,870,EVTOL-01,EC35,31.2964227,120.6028510,199.9,BUSY,M-P-001,V1
870,870,L-UAV-01,AMZN,31.3049675,120.6005664,100.0,BUSY,M-L-001,V2
870,870,M-UAV-01,M600,31.3108767,120.6039862,30.5,AVAILABLE,,
870,870,M-UAV-02,M600,31.3062683,120.6025389,30.5,CONTINGENCY,,
871,871,EVTOL-01,EC35,31.2967623,120.6030019,199.9,BUSY,M-P-001,V1
871,871,L-UAV-01,AMZN,31.3048483,120.6004909,100.0,BUSY,M-L-001,V2
871,871,M-UAV-01,M600,31.3108767,120.6039862,30.5,AVAILABLE,,
871,871,M-UAV-02,M600,31.3062683,120.6025389,30.5,CONTINGENCY,,
872,872,EVTOL-01,EC35,31.2971142,120.6031070,199.9,BUSY,M-P-001,V1
872,872,L-UAV-01,AMZN,31.3047290,120.6004155,100.0,BUSY,M-L-001,V2
872,872,M-UAV-01,M600,31.3108767,120.6039862,30.5,AVAILABLE,,
872,872,M-UAV-02,M600,31.3062683,120.6025389,30.5,CONTINGENCY,,
873,873,EVTOL-01,EC35,31.2974740,120.6031648,199.9,BUSY,M-P-001,V1
873,873,L-UAV-01,AMZN,31.3046098,120.6003400,100.0,BUSY,M-L-001,V2
873,873,M-UAV-01,M600,31.3108767,120.6039862,30.5,AVAILABLE,,
873,873,M-UAV-02,M600,31.3062683,120.6025389,30.5,CONTINGENCY,,
874,874,EVTOL-01,EC35,31.2978367,120.6031870,199.9,BUSY,M-P-001,V1
874,874,L-UAV-01,AMZN,31.3044906,120.6002645,100.0,BUSY,M-L-001,V2
874,874,M-UAV-01,M600,31.3108767,120.6039862,30.5,AVAILABLE,,
874,874,M-UAV-02,M600,31.3062683,120.6025389,30.5,CONTINGENCY,,
875,875,EVTOL-01,EC35,31.2981994,120.6032093,199.9,BUSY,M-P-001,V1
875,875,L-UAV-01,AMZN,31.3043713,120.6001891,100.0,BUSY,M-L-001,V2
875,875,M-UAV-01,M600,31.3108767,120.6039862,30.5,AVAILABLE,,
875,875,M-UAV-02,M600,31.3062683,120.6025389,30.5,CONTINGENCY,,
876,876,EVTOL-01,EC35,31.2985621,120.6032315,199.9,BUSY,M-P-001,V1
876,876,L-UAV-01,AMZN,31.3042521,120.6001136,100.0,BUSY,M-L-001,V2
876,876,M-UAV-01,M600,31.3108767,120.6039862,30.5,AVAILABLE,,
876,876,M-UAV-02,M600,31.3062683,120.6025389,30.5,CONTINGENCY,,
877,877,EVTOL-01,EC35,31.2989248,120.6032537,199.9,BUSY,M-P-001,V1
877,877,L-UAV-01,AMZN,31.3041329,120.6000381,100.0,BUSY,M-L-001,V2
877,877,M-UAV-01,M600,31.3108767,120.6039862,30.5,AVAILABLE,,
877,877,M-UAV-02,M600,31.3062683,120.6025389,30.5,CONTINGENCY,,
878,878,EVTOL-01,EC35,31.2992875,120.6032759,199.9,BUSY,M-P-001,V1
878,878,L-UAV-01,AMZN,31.3040137,120.5999627,100.0,BUSY,M-L-001,V2
878,878,M-UAV-01,M600,31.3108767,120.6039862,30.5,AVAILABLE,,
878,878,M-UAV-02,M600,31.3062683,120.6025389,30.5,CONTINGENCY,,
879,879,EVTOL-01,EC35,31.2996502,120.6032982,199.9,BUSY,M-P-001,V1
879,879,L-UAV-01,AMZN,31.3038944,120.5998872,100.0,BUSY,M-L-001,V2
879,879,M-UAV-01,M600,31.3108767,120.6039862,30.5,AVAILABLE,,
879,879,M-UAV-02,M600,31.3062683,120.6025389,30.5,CONTINGENCY,,
880,880,EVTOL-01,EC35,31.3000128,120.6033204,199.9,BUSY,M-P-001,V1
880,880,L-UAV-01,AMZN,31.3037752,120.5998117,100.0,BUSY,M-L-001,V2
880,880,M-UAV-01,M600,31.3108767,120.6039862,30.5,AVAILABLE,,
880,880,M-UAV-02,M600,31.3062683,120.6025389,30.5,CONTINGENCY,,
881,881,EVTOL-01,EC35,31.3003755,120.6033426,199.9,BUSY,M-P-001,V1
881,881,L-UAV-01,AMZN,31.3036560,120.5997363,100.0,BUSY,M-L-001,V2
881,881,M-UAV-01,M600,31.3108767,120.6039862,30.5,AVAILABLE,,
881,881,M-UAV-02,M600,31.3062683,120.6025389,30.5,CONTINGENCY,,
882,882,EVTOL-01,EC35,31.3007382,120.6033648,199.9,BUSY,M-P-001,V1
882,882,L-UAV-01,AMZN,31.3035367,120.5996608,100.0,BUSY,M-L-001,V2
882,882,M-UAV-01,M600,31.3108767,120.6039862,30.5,AVAILABLE,,
882,882,M-UAV-02,M600,31.3062683,120.6025389,30.5,CONTINGENCY,,
883,883,EVTOL-01,EC35,31.3011009,120.6033871,199.9,BUSY,M-P-001,V1
883,883,L-UAV-01,AMZN,31.3034175,120.5995853,100.0,BUSY,M-L-001,V2
883,883,M-UAV-01,M600,31.3108767,120.6039862,30.5,AVAILABLE,,
883,883,M-UAV-02,M600,31.3062683,120.6025389,30.5,CONTINGENCY,,
884,884,EVTOL-01,EC35,31.3014636,120.6034093,199.9,BUSY,M-P-001,V1
884,884,L-UAV-01,AMZN,31.3032983,120.5995099,100.0,BUSY,M-L-001,V2
884,884,M-UAV-01,M600,31.3108767,120.6039862,30.5,AVAILABLE,,
884,884,M-UAV-02,M600,31.3062683,120.6025389,30.5,CONTINGENCY,,
885,885,EVTOL-01,EC35,31.3018263,120.6034315,199.9,BUSY,M-P-001,V1
885,885,L-UAV-01,AMZN,31.3031791,120.5994344,100.0,BUSY,M-L-001,V2
885,885,M-UAV-01,M600,31.3108767,120.6039862,30.5,AVAILABLE,,
885,885,M-UAV-02,M600,31.3062683,120.6025389,30.5,CONTINGENCY,,
886,886,EVTOL-01,EC35,31.3021890,120.6034537,199.9,BUSY,M-P-001,V1
886,886,L-UAV-01,AMZN,31.3030598,120.5993589,100.0,BUSY,M-L-001,V2
886,886,M-UAV-01,M600,31.3108767,120.6039862,30.5,AVAILABLE,,
886,886,M-UAV-02,M600,31.3062683,120.6025389,30.5,CONTINGENCY,,
887,887,EVTOL-01,EC35,31.3025517,120.6034760,199.9,BUSY,M-P-001,V1
887,887,L-UAV-01,AMZN,31.3029406,120.5992835,100.0,BUSY,M-L-001,V2
887,887,M-UAV-01,M600,31.3108767,120.6039862,30.5,AVAILABLE,,
887,887,M-UAV-02,M600,31.3062683,120.6025389,30.5,CONTINGENCY,,
888,888,EVTOL-01,EC35,31.3029144,120.6034982,199.9,BUSY,M-P-001,V1
888,888,L-UAV-01,AMZN,31.3028214,120.5992080,100.0,BUSY,M-L-001,V2
888,888,M-UAV-01,M600,31.3108767,120.6039862,30.5,AVAILABLE,,
888,888,M-UAV-02,M600,31.3062683,120.6025389,30.5,CONTINGENCY,,
889,889,EVTOL-01,EC35,31.3032771,120.6035204,199.9,BUSY,M-P-001,V1
889,889,L-UAV-01,AMZN,31.3027021,120.5991326,100.0,BUSY,M-L-001,V2
889,889,M-UAV-01,M600,31.3108767,120.6039862,30.5,AVAILABLE,,
889,889,M-UAV-02,M600,31.3062683,120.6025389,30.5,CONTINGENCY,,
890,890,EVTOL-01,EC35,31.3036398,120.6035426,199.9,BUSY,M-P-001,V1
890,890,L-UAV-01,AMZN,31.3025829,120.5990571,100.0,BUSY,M-L-001,V2
890,890,M-UAV-01,M600,31.3108767,120.6039862,30.5,AVAILABLE,,
890,890,M-UAV-02,M600,31.3062683,120.6025389,30.5,CONTINGENCY,,
891,891,EVTOL-01,EC35,31.3040025,120.6035649,199.9,BUSY,M-P-001,V1
891,891,L-UAV-01,AMZN,31.3024637,120.5989816,100.0,BUSY,M-L-001,V2
891,891,M-UAV-01,M600,31.3108767,120.6039862,30.5,AVAILABLE,,
891,891,M-UAV-02,M600,31.3062683,120.6025389,30.5,CONTINGENCY,,
892,892,EVTOL-01,EC35,31.3043652,120.6035871,199.9,BUSY,M-P-001,V1
892,892,L-UAV-01,AMZN,31.3023445,120.5989062,100.0,BUSY,M-L-001,V2
892,892,M-UAV-01,M600,31.3108767,120.6039862,30.5,AVAILABLE,,
892,892,M-UAV-02,M600,31.3062683,120.6025389,30.5,CONTINGENCY,,
893,893,EVTOL-01,EC35,31.3047279,120.6036093,199.9,BUSY,M-P-001,V1
893,893,L-UAV-01,AMZN,31.3022252,120.5988307,100.0,BUSY,M-L-001,V2
893,893,M-UAV-01,M600,31.3108767,120.6039862,30.5,AVAILABLE,,
893,893,M-UAV-02,M600,31.3062683,120.6025389,30.5,CONTINGENCY,,
894,894,EVTOL-01,EC35,31.3050906,120.6036315,199.9,BUSY,M-P-001,V1
894,894,L-UAV-01,AMZN,31.3021060,120.5987552,100.0,BUSY,M-L-001,V2
894,894,M-UAV-01,M600,31.3108767,120.6039862,30.5,AVAILABLE,,
894,894,M-UAV-02,M600,31.3062683,120.6025389,30.5,CONTINGENCY,,
895,895,EVTOL-01,EC35,31.3054533,120.6036538,199.9,BUSY,M-P-001,V1
895,895,L-UAV-01,AMZN,31.3019868,120.5986798,100.0,BUSY,M-L-001,V2
895,895,M-UAV-01,M600,31.3108767,120.6039862,30.5,AVAILABLE,,
895,895,M-UAV-02,M600,31.3062683,120.6025389,30.5,CONTINGENCY,,
896,896,EVTOL-01,EC35,31.3058159,120.6036760,199.9,BUSY,M-P-001,V1
896,896,L-UAV-01,AMZN,31.3018675,120.5986043,100.0,BUSY,M-L-001,V2
896,896,M-UAV-01,M600,31.3108767,120.6039862,30.5,AVAILABLE,,
896,896,M-UAV-02,M600,31.3062683,120.6025389,30.5,CONTINGENCY,,
897,897,EVTOL-01,EC35,31.3061786,120.6036982,199.9,BUSY,M-P-001,V1
897,897,L-UAV-01,AMZN,31.3017483,120.5985289,100.0,BUSY,M-L-001,V2
897,897,M-UAV-01,M600,31.3108767,120.6039862,30.5,AVAILABLE,,
897,897,M-UAV-02,M600,31.3062683,120.6025389,30.5,CONTINGENCY,,
898,898,EVTOL-01,EC35,31.3065413,120.6037204,199.9,BUSY,M-P-001,V1
898,898,L-UAV-01,AMZN,31.3016291,120.5984534,100.0,BUSY,M-L-001,V2
898,898,M-UAV-01,M600,31.3108767,120.6039862,30.5,AVAILABLE,,
898,898,M-UAV-02,M600,31.3062683,120.6025389,30.5,CONTINGENCY,,
899,899,EVTOL-01,EC35,31.3069040,120.6037427,199.9,BUSY,M-P-001,V1
899,899,L-UAV-01,AMZN,31.3015099,120.5983779,100.0,BUSY,M-L-001,V2
899,899,M-UAV-01,M600,31.3108767,120.6039862,30.5,AVAILABLE,,
899,899,M-UAV-02,M600,31.3062683,120.6025389,30.5,CONTINGENCY,,
900,900,EVTOL-01,EC35,31.3072667,120.6037649,199.9,BUSY,M-P-001,V1
900,900,L-UAV-01,AMZN,31.3013906,120.5983025,100.0,BUSY,M-L-001,V2
900,900,M-UAV-01,M600,31.3108767,120.6039862,30.5,AVAILABLE,,
900,900,M-UAV-02,M600,31.3062683,120.6025389,30.5,CONTINGENCY,,
