t,sim_time_s,aircraft_id,type,lat,lon,alt_m,status,mission_id,dest
1,1,EVTOL-01,EC35,31.3019799,120.5985632,199.9,BUSY,M-P-001,V1
1,1,L-UAV-01,AMZN,31.2980969,120.5963349,100.0,BUSY,M-L-001,V3
1,1,M-UAV-01,M600,31.3108767,120.6039862,98.5,AVAILABLE,,
1,1,M-UAV-02,M600,31.2971716,120.5956323,98.5,AVAILABLE,,
2,2,EVTOL-01,EC35,31.3023022,120.5987596,199.9,BUSY,M-P-001,V1
2,2,L-UAV-01,AMZN,31.2982108,120.5964214,100.0,BUSY,M-L-001,V3
2,2,M-UAV-01,M600,31.3108767,120.6039862,95.4,AVAILABLE,,
2,2,M-UAV-02,M600,31.2971716,120.5956323,95.4,AVAILABLE,,
3,3,EVTOL-01,EC35,31.3026246,120.5989561,199.9,BUSY,M-P-001,V1
3,3,L-UAV-01,AMZN,31.2983247,120.5965078,100.0,BUSY,M-L-001,V3
3,3,M-UAV-01,M600,31.3108767,120.6039862,90.8,AVAILABLE,,
3,3,M-UAV-02,M600,31.2971716,120.5956323,90.8,AVAILABLE,,
4,4,EVTOL-01,EC35,31.3029469,120.5991525,199.9,BUSY,M-P-001,V1
4,4,L-UAV-01,AMZN,31.2984386,120.5965943,100.0,BUSY,M-L-001,V3
4,4,M-UAV-01,M600,31.3108767,120.6039862,84.7,AVAILABLE,,
4,4,M-UAV-02,M600,31.2971716,120.5956323,84.7,AVAILABLE,,
5,5,EVTOL-01,EC35,31.3032692,120.5993490,199.9,BUSY,M-P-001,V1
5,5,L-UAV-01,AMZN,31.2985525,120.5966807,100.0,BUSY,M-L-001,V3
5,5,M-UAV-01,M600,31.3108767,120.6039862,77.1,AVAILABLE,,
5,5,M-UAV-02,M600,31.2971716,120.5956323,77.1,AVAILABLE,,
6,6,EVTOL-01,EC35,31.3035915,120.5995454,199.9,BUSY,M-P-001,V1
6,6,L-UAV-01,AMZN,31.2986663,120.5967672,100.0,BUSY,M-L-001,V3
6,6,M-UAV-01,M600,31.3108767,120.6039862,69.5,AVAILABLE,,
6,6,M-UAV-02,M600,31.2971716,120.5956323,69.5,AVAILABLE,,
7,7,EVTOL-01,EC35,31.3039138,120.5997419,199.9,BUSY,M-P-001,V1
7,7,L-UAV-01,AMZN,31.2987802,120.5968536,100.0,BUSY,M-L-001,V3
7,7,M-UAV-01,M600,31.3108767,120.6039862,61.9,AVAILABLE,,
7,7,M-UAV-02,M600,31.2971716,120.5956323,61.9,AVAILABLE,,
8,8,EVTOL-01,EC35,31.3042362,120.5999383,199.9,BUSY,M-P-001,V1
8,8,L-UAV-01,AMZN,31.2988941,120.5969401,100.0,BUSY,M-L-001,V3
8,8,M-UAV-01,M600,31.3108767,120.6039862,54.3,AVAILABLE,,
8,8,M-UAV-02,M600,31.2971716,120.5956323,54.3,AVAILABLE,,
9,9,EVTOL-01,EC35,31.3045585,120.6001348,199.9,BUSY,M-P-001,V1
9,9,L-UAV-01,AMZN,31.2990080,120.5970266,100.0,BUSY,M-L-001,V3
9,9,M-UAV-01,M600,31.3108767,120.6039862,46.6,AVAILABLE,,
9,9,M-UAV-02,M600,31.2971716,120.5956323,46.6,AVAILABLE,,
10,10,EVTOL-01,EC35,31.3048808,120.6003313,199.9,BUSY,M-P-001,V1
10,10,L-UAV-01,AMZN,31.2991219,120.5971130,100.0,BUSY,M-L-001,V3
10,10,M-UAV-01,M600,31.3108767,120.6039862,39.0,AVAILABLE,,
10,10,M-UAV-02,M600,31.2971716,120.5956323,39.0,AVAILABLE,,
11,11,EVTOL-01,EC35,31.3052031,120.6005277,199.9,BUSY,M-P-001,V1
11,11,L-UAV-01,AMZN,31.2992358,120.5971995,100.0,BUSY,M-L-001,V3
11,11,M-UAV-01,M600,31.3108767,120.6039862,31.4,AVAILABLE,,
11,11,M-UAV-02,M600,31.2971716,120.5956323,31.4,AVAILABLE,,
12,12,EVTOL-01,EC35,31.3055254,120.6007242,199.9,BUSY,M-P-001,V1
12,12,L-UAV-01,AMZN,31.2993496,120.5972859,100.0,BUSY,M-L-001,V3
12,12,M-UAV-01,M600,31.3108767,120.6039862,30.5,AVAILABLE,,
12,12,M-UAV-02,M600,31.2971716,120.5956323,30.5,AVAILABLE,,
13,13,EVTOL-01,EC35,31.3058477,120.6009206,199.9,BUSY,M-P-001,V1
13,13,L-UAV-01,AMZN,31.2994635,120.5973724,100.0,BUSY,M-L-001,V3
13,13,M-UAV-01,M600,31.3108767,120.6039862,30.5,AVAILABLE,,
13,13,M-UAV-02,M600,31.2971716,120.5956323,30.5,AVAILABLE,,
14,14,EVTOL-01,EC35,31.3061701,120.6011171,199.9,BUSY,M-P-001,V1
14,14,L-UAV-01,AMZN,31.2995774,120.5974588,100.0,BUSY,M-L-001,V3
14,14,M-UAV-01,M600,31.3108767,120.6039862,30.5,AVAILABLE,,
14,14,M-UAV-02,M600,31.2971716,120.5956323,30.5,AVAILABLE,,
15,15,EVTOL-01,EC35,31.3064924,120.6013136,199.9,BUSY,M-P-001,V1
15,15,L-UAV-01,AMZN,31.2996913,120.5975453,100.0,BUSY,M-L-001,V3
15,15,M-UAV-01,M600,31.3108767,120.6039862,30.5,AVAILABLE,,
15,15,M-UAV-02,M600,31.2971716,120.5956323,30.5,AVAILABLE,,
16,16,EVTOL-01,EC35,31.3068147,120.6015100,199.9,BUSY,M-P-001,V1
16,16,L-UAV-01,AMZN,31.2998052,120.5976318,100.0,BUSY,M-L-001,V3
16,16,M-UAV-01,M600,31.3108767,120.6039862,30.5,AVAILABLE,,
16,16,M-UAV-02,M600,31.2971716,120.5956323,30.5,AVAILABLE,,
17,17,EVTOL-01,EC35,31.3071370,120.6017065,199.9,BUSY,M-P-001,V1
17,17,L-UAV-01,AMZN,31.2999190,120.5977182,100.0,BUSY,M-L-001,V3
17,17,M-UAV-01,M600,31.3108767,120.6039862,30.5,AVAILABLE,,
17,17,M-UAV-02,M600,31.2971716,120.5956323,30.5,AVAILABLE,,
18,18,EVTOL-01,EC35,31.3074593,120.6019030,199.9,BUSY,M-P-001,V1
18,18,L-UAV-01,AMZN,31.3000329,120.5978047,100.0,BUSY,M-L-001,V3
18,18,M-UAV-01,M600,31.3108767,120.6039862,30.5,AVAILABLE,,
18,18,M-UAV-02,M600,31.2971716,120.5956323,30.5,AVAILABLE,,
19,19,EVTOL-01,EC35,31.3077816,120.6020994,199.9,BUSY,M-P-001,V1
19,19,L-UAV-01,AMZN,31.3001468,120.5978911,100.0,BUSY,M-L-001,V3
19,19,M-UAV-01,M600,31.3108767,120.6039862,30.5,AVAILABLE,,
19,19,M-UAV-02,M600,31.2971716,120.5956323,30.5,AVAILABLE,,
20,20,EVTOL-01,EC35,31.3081040,120.6022959,199.9,BUSY,M-P-001,V1
20,20,L-UAV-01,AMZN,31.3002607,120.5979776,100.0,BUSY,M-L-001,V3
20,20,M-UAV-01,M600,31.3108767,120.6039862,30.5,AVAILABLE,,
20,20,M-UAV-02,M600,31.2971716,120.5956323,30.5,AVAILABLE,,
21,21,EVTOL-01,EC35,31.3084263,120.6024924,199.9,BUSY,M-P-001,V1
21,21,L-UAV-01,AMZN,31.3003746,120.5980641,100.0,BUSY,M-L-001,V3
21,21,M-UAV-01,M600,31.3108767,120.6039862,30.5,AVAILABLE,,
21,21,M-UAV-02,M600,31.2971716,120.5956323,30.5,AVAILABLE,,
22,22,EVTOL-01,EC35,31.3087486,120.6026889,199.9,BUSY,M-P-001,V1
22,22,L-UAV-01,AMZN,31.3004885,120.5981505,100.0,BUSY,M-L-001,V3
22,22,M-UAV-01,M600,31.3108767,120.6039862,30.5,AVAILABLE,,
22,22,M-UAV-02,M600,31.2971716,120.5956323,30.5,AVAILABLE,,
23,23,EVTOL-01,EC35,31.3090709,120.6028853,199.9,BUSY,M-P-001,V1
23,23,L-UAV-01,AMZN,31.3006023,120.5982370,100.0,BUSY,M-L-001,V3
23,23,M-UAV-01,M600,31.3108767,120.6039862,30.5,AVAILABLE,,
23,23,M-UAV-02,M600,31.2971716,120.5956323,30.5,AVAILABLE,,
24,24,EVTOL-01,EC35,31.3093932,120.6030818,199.9,BUSY,M-P-001,V1
24,24,L-UAV-01,AMZN,31.3007162,120.5983234,100.0,BUSY,M-L-001,V3
24,24,M-UAV-01,M600,31.3108767,120.6039862,30.5,AVAILABLE,,
24,24,M-UAV-02,M600,31.2971716,120.5956323,30.5,AVAILABLE,,
25,25,EVTOL-01,EC35,31.3097155,120.6032783,199.9,BUSY,M-P-001,V1
25,25,L-UAV-01,AMZN,31.3008301,120.5984099,100.0,BUSY,M-L-001,V3
25,25,M-UAV-01,M600,31.3108767,120.6039862,30.5,AVAILABLE,,
25,25,M-UAV-02,M600,31.2971716,120.5956323,30.5,AVAILABLE,,
26,26,EVTOL-01,EC35,31.3100378,120.6034748,199.9,BUSY,M-P-001,V1
26,26,L-UAV-01,AMZN,31.3009440,120.5984964,100.0,BUSY,M-L-001,V3
26,26,M-UAV-01,M600,31.3108767,120.6039862,30.5,AVAILABLE,,
26,26,M-UAV-02,M600,31.2971716,120.5956323,30.5,AVAILABLE,,
27,27,EVTOL-01,EC35,31.3103602,120.6036712,199.9,BUSY,M-P-001,V2
27,27,L-UAV-01,AMZN,31.3010579,120.5985828,100.0,BUSY,M-L-001,V3
27,27,M-UAV-01,M600,31.3108767,120.6039862,30.5,AVAILABLE,,
27,27,M-UAV-02,M600,31.2971716,120.5956323,30.5,AVAILABLE,,
28,28,EVTOL-01,EC35,31.3106992,120.6038238,199.9,BUSY,M-P-001,V2
28,28,L-UAV-01,AMZN,31.3011717,120.5986693,100.0,BUSY,M-L-001,V3
28,28,M-UAV-01,M600,31.3108767,120.6039862,30.5,AVAILABLE,,
28,28,M-UAV-02,M600,31.2971716,120.5956323,30.5,AVAILABLE,,
29,29,EVTOL-01,EC35,31.3110507,120.6039304,199.9,BUSY,M-P-001,V2
29,29,L-UAV-01,AMZN,31.3012856,120.5987557,100.0,BUSY,M-L-001,V3
29,29,M-UAV-01,M600,31.3108767,120.6039862,30.5,AVAILABLE,,
29,29,M-UAV-02,M600,31.2971716,120.5956323,30.5,AVAILABLE,,
30,30,EVTOL-01,EC35,31.3114103,120.6039900,199.9,BUSY,M-P-001,V2
30,30,L-UAV-01,AMZN,31.3013995,120.5988422,100.0,BUSY,M-L-001,V3
30,30,M-UAV-01,M600,31.3108767,120.6039862,30.5,AVAILABLE,,
30,30,M-UAV-02,M600,31.2971716,120.5956323,30.5,AVAILABLE,,
31,31,EVTOL-01,EC35,31.3117734,120.6040015,199.9,BUSY,M-P-001,V2
31,31,L-UAV-01,AMZN,31.3015134,120.5989287,100.0,BUSY,M-L-001,V3
31,31,M-UAV-01,M600,31.3108767,120.6039862,30.5,AVAILABLE,,
31,31,M-UAV-02,M600,31.2971716,120.5956323,30.5,AVAILABLE,,
32,32,EVTOL-01,EC35,31.3121352,120.6039650,199.9,BUSY,M-P-001,V2
32,32,L-UAV-01,AMZN,31.3016273,120.5990151,100.0,BUSY,M-L-001,V3
32,32,M-UAV-01,M600,31.3108767,120.6039862,30.5,AVAILABLE,,
32,32,M-UAV-02,M600,31.2971716,120.5956323,30.5,AVAILABLE,,
33,33,EVTOL-01,EC35,31.3124913,120.6038809,199.9,BUSY,M-P-001,V2
33,33,L-UAV-01,AMZN,31.3017411,120.5991016,100.0,BUSY,M-L-001,V3
33,33,M-UAV-01,M600,31.3108767,120.6039862,30.5,AVAILABLE,,
33,33,M-UAV-02,M600,31.2971716,120.5956323,30.5,AVAILABLE,,
34,34,EVTOL-01,EC35,31.3128369,120.6037502,199.9,BUSY,M-P-001,V2
34,34,L-UAV-01,AMZN,31.3018550,120.5991880,100.0,BUSY,M-L-001,V3
34,34,M-UAV-01,M600,31.3108767,120.6039862,30.5,AVAILABLE,,
34,34,M-UAV-02,M600,31.2971716,120.5956323,30.5,AVAILABLE,,
35,35,EVTOL-01,EC35,31.3131676,120.6035746,199.9,BUSY,M-P-001,V2
35,35,L-UAV-01,AMZN,31.3019689,120.5992745,100.0,BUSY,M-L-001,V3
35,35,M-UAV-01,M600,31.3108767,120.6039862,30.5,AVAILABLE,,
35,35,M-UAV-02,M600,31.2971716,120.5956323,30.5,AVAILABLE,,
36,36,EVTOL-01,EC35,31.3134793,120.6033565,199.9,BUSY,M-P-001,V2
36,36,L-UAV-01,AMZN,31.3020828,120.5993610,100.0,BUSY,M-L-001,V3
36,36,M-UAV-01,M600,31.3108767,120.6039862,30.5,AVAILABLE,,
36,36,M-UAV-02,M600,31.2971716,120.5956323,30.5,AVAILABLE,,
37,37,EVTOL-01,EC35,31.3137680,120.6030985,199.9,BUSY,M-P-001,V2
37,37,L-UAV-01,AMZN,31.3021967,120.5994474,100.0,BUSY,M-L-001,V3
37,37,M-UAV-01,M600,31.3108767,120.6039862,30.5,AVAILABLE,,
37,37,M-UAV-02,M600,31.2971716,120.5956323,30.5,AVAILABLE,,
38,38,EVTOL-01,EC35,31.3140299,120.6028039,199.9,BUSY,M-P-001,V2
38,38,L-UAV-01,AMZN,31.3023105,120.5995339,100.0,BUSY,M-L-001,V3
38,38,M-UAV-01,M600,31.3108767,120.6039862,30.5,AVAILABLE,,
38,38,M-UAV-02,M600,31.2971716,120.5956323,30.5,AVAILABLE,,
39,39,EVTOL-01,EC35,31.3142617,120.6024766,199.9,BUSY,M-P-001,V2
39,39,L-UAV-01,AMZN,31.3024244,120.5996204,100.0,BUSY,M-L-001,V3
39,39,M-UAV-01,M600,31.3108767,120.6039862,30.5,AVAILABLE,,
39,39,M-UAV-02,M600,31.2971716,120.5956323,30.5,AVAILABLE,,
40,40,EVTOL-01,EC35,31.3144604,120.6021208,199.9,BUSY,M-P-001,V2
40,40,L-UAV-01,AMZN,31.3025383,120.5997068,100.0,BUSY,M-L-001,V3
40,40,M-UAV-01,M600,31.3108767,120.6039862,30.5,AVAILABLE,,
40,40,M-UAV-02,M600,31.2971716,120.5956323,30.5,AVAILABLE,,
41,41,EVTOL-01,EC35,31.3146235,120.6017409,199.9,BUSY,M-P-001,V2
41,41,L-UAV-01,AMZN,31.3026522,120.5997933,100.0,BUSY,M-L-001,V3
41,41,M-UAV-01,M600,31.3108767,120.6039862,30.5,AVAILABLE,,
41,41,M-UAV-02,M600,31.2971716,120.5956323,30.5,AVAILABLE,,
42,42,EVTOL-01,EC35,31.3147489,120.6013420,199.9,BUSY,M-P-001,V2
42,42,L-UAV-01,AMZN,31.3027661,120.5998797,100.0,BUSY,M-L-001,V3
42,42,M-UAV-01,M600,31.3108767,120.6039862,30.5,AVAILABLE,,
42,42,M-UAV-02,M600,31.2971716,120.5956323,30.5,AVAILABLE,,
43,43,EVTOL-01,EC35,31.3148349,120.6009289,199.9,BUSY,M-P-001,V2
43,43,L-UAV-01,AMZN,31.3028799,120.5999662,100.0,BUSY,M-L-001,V3
43,43,M-UAV-01,M600,31.3108767,120.6039862,30.5,AVAILABLE,,
43,43,M-UAV-02,M600,31.2971716,120.5956323,30.5,AVAILABLE,,
44,44,EVTOL-01,EC35,31.3148806,120.6005072,199.9,BUSY,M-P-001,V2
44,44,L-UAV-01,AMZN,31.3029938,120.6000527,100.0,BUSY,M-L-001,V3
44,44,M-UAV-01,M600,31.3108767,120.6039862,30.5,AVAILABLE,,
44,44,M-UAV-02,M600,31.2971716,120.5956323,30.5,AVAILABLE,,
45,45,EVTOL-01,EC35,31.3148852,120.6000821,199.9,BUSY,M-P-001,V2
45,45,L-UAV-01,AMZN,31.3031077,120.6001391,100.0,BUSY,M-L-001,V3
45,45,M-UAV-01,M600,31.3108767,120.6039862,30.5,AVAILABLE,,
45,45,M-UAV-02,M600,31.2971716,120.5956323,30.5,AVAILABLE,,
46,46,EVTOL-01,EC35,31.3148488,120.5996591,199.9,BUSY,M-P-001,V2
46,46,L-UAV-01,AMZN,31.3032216,120.6002256,100.0,BUSY,M-L-001,V3
46,46,M-UAV-01,M600,31.3108767,120.6039862,30.5,AVAILABLE,,
46,46,M-UAV-02,M600,31.2971716,120.5956323,30.5,AVAILABLE,,
47,47,EVTOL-01,EC35,31.3147717,120.5992437,199.9,BUSY,M-P-001,V2
47,47,L-UAV-01,AMZN,31.3033355,120.6003121,100.0,BUSY,M-L-001,V3
47,47,M-UAV-01,M600,31.3108767,120.6039862,30.5,AVAILABLE,,
47,47,M-UAV-02,M600,31.2971716,120.5956323,30.5,AVAILABLE,,
48,48,EVTOL-01,EC35,31.3146551,120.5988411,199.9,BUSY,M-P-001,V2
48,48,L-UAV-01,AMZN,31.3034493,120.6003985,100.0,BUSY,M-L-001,V3
48,48,M-UAV-01,M600,31.3108767,120.6039862,30.5,AVAILABLE,,
48,48,M-UAV-02,M600,31.2971716,120.5956323,30.5,AVAILABLE,,
49,49,EVTOL-01,EC35,31.3145003,120.5984565,199.9,BUSY,M-P-001,V2
49,49,L-UAV-01,AMZN,31.3035632,120.6004850,100.0,BUSY,M-L-001,V3
49,49,M-UAV-01,M600,31.3108767,120.6039862,30.5,AVAILABLE,,
49,49,M-UAV-02,M600,31.2971716,120.5956323,30.5,AVAILABLE,,
50,50,EVTOL-01,EC35,31.3143095,120.5980948,199.9,BUSY,M-P-001,V2
50,50,L-UAV-01,AMZN,31.3036771,120.6005715,100.0,BUSY,M-L-001,V3
50,50,M-UAV-01,M600,31.3108767,120.6039862,30.5,AVAILABLE,,
50,50,M-UAV-02,M600,31.2971716,120.5956323,30.5,AVAILABLE,,
51,51,EVTOL-01,EC35,31.3140849,120.5977607,199.9,BUSY,M-P-001,V2
51,51,L-UAV-01,AMZN,31.3037910,120.6006579,100.0,BUSY,M-L-001,V3
51,51,M-UAV-01,M600,31.3108767,120.6039862,30.5,AVAILABLE,,
51,51,M-UAV-02,M600,31.2971716,120.5956323,30.5,AVAILABLE,,
52,52,EVTOL-01,EC35,31.3138295,120.5974585,199.9,BUSY,M-P-001,V2
52,52,L-UAV-01,AMZN,31.3039049,120.6007444,100.0,BUSY,M-L-001,V3
52,52,M-UAV-01,M600,31.3108767,120.6039862,30.5,AVAILABLE,,
52,52,M-UAV-02,M600,31.2971716,120.5956323,30.5,AVAILABLE,,
53,53,EVTOL-01,EC35,31.3135466,120.5971919,199.9,BUSY,M-P-001,V2
53,53,L-UAV-01,AMZN,31.3040187,120.6008309,100.0,BUSY,M-L-001,V3
53,53,M-UAV-01,M600,31.3108767,120.6039862,30.5,AVAILABLE,,
53,53,M-UAV-02,M600,31.2971716,120.5956323,30.5,AVAILABLE,,
54,54,EVTOL-01,EC35,31.3132397,120.5969645,199.9,BUSY,M-P-001,V2
54,54,L-UAV-01,AMZN,31.3041326,120.6009173,100.0,BUSY,M-L-001,V3
54,54,M-UAV-01,M600,31.3108767,120.6039862,30.5,AVAILABLE,,
54,54,M-UAV-02,M600,31.2971716,120.5956323,30.5,AVAILABLE,,
55,55,EVTOL-01,EC35,31.3129129,120.5967791,199.9,BUSY,M-P-001,V2
55,55,L-UAV-01,AMZN,31.3042465,120.6010038,100.0,BUSY,M-L-001,V3
55,55,M-UAV-01,M600,31.3108767,120.6039862,30.5,AVAILABLE,,
55,55,M-UAV-02,M600,31.2971716,120.5956323,30.5,AVAILABLE,,
56,56,EVTOL-01,EC35,31.3125702,120.5966382,199.9,BUSY,M-P-001,V2
56,56,L-UAV-01,AMZN,31.3043604,120.6010903,100.0,BUSY,M-L-001,V3
56,56,M-UAV-01,M600,31.3108767,120.6039862,30.5,AVAILABLE,,
56,56,M-UAV-02,M600,31.2971716,120.5956323,30.5,AVAILABLE,,
57,57,EVTOL-01,EC35,31.3122162,120.5965434,199.9,BUSY,M-P-001,V2
57,57,L-UAV-01,AMZN,31.3044743,120.6011767,100.0,BUSY,M-L-001,V3
57,57,M-UAV-01,M600,31.3108767,120.6039862,30.5,AVAILABLE,,
57,57,M-UAV-02,M600,31.2971716,120.5956323,30.5,AVAILABLE,,
58,58,EVTOL-01,EC35,31.3118552,120.5964961,199.9,BUSY,M-P-001,V2
58,58,L-UAV-01,AMZN,31.3045881,120.6012632,100.0,BUSY,M-L-001,V3
58,58,M-UAV-01,M600,31.3108767,120.6039862,30.5,AVAILABLE,,
58,58,M-UAV-02,M600,31.2971716,120.5956323,30.5,AVAILABLE,,
59,59,EVTOL-01,EC35,31.3114925,120.5964748,199.9,BUSY,M-P-001,V2
59,59,L-UAV-01,AMZN,31.3047020,120.6013497,100.0,BUSY,M-L-001,V3
59,59,M-UAV-01,M600,31.3108767,120.6039862,30.5,AVAILABLE,,
59,59,M-UAV-02,M600,31.2971716,120.5956323,30.5,AVAILABLE,,
60,60,EVTOL-01,EC35,31.3111298,120.5964534,199.9,BUSY,M-P-001,V2
60,60,L-UAV-01,AMZN,31.3048159,120.6014361,100.0,BUSY,M-L-001,V3
60,60,M-UAV-01,M600,31.3108767,120.6039862,30.5,AVAILABLE,,
60,60,M-UAV-02,M600,31.2971716,120.5956323,30.5,AVAILABLE,,
61,61,EVTOL-01,EC35,31.3107670,120.5964321,199.9,BUSY,M-P-001,V2
61,61,L-UAV-01,AMZN,31.3049298,120.6015226,100.0,BUSY,M-L-001,V3
61,61,M-UAV-01,M600,31.3108767,120.6039862,30.5,AVAILABLE,,
61,61,M-UAV-02,M600,31.2971716,120.5956323,30.5,AVAILABLE,,
62,62,EVTOL-01,EC35,31.3104043,120.5964107,199.9,BUSY,M-P-001,V2
62,62,L-UAV-01,AMZN,31.3050437,120.6016091,100.0,BUSY,M-L-001,V3
62,62,M-UAV-01,M600,31.3108767,120.6039862,30.5,AVAILABLE,,
62,62,M-UAV-02,M600,31.2971716,120.5956323,30.5,AVAILABLE,,
63,63,EVTOL-01,EC35,31.3100416,120.5963894,199.9,BUSY,M-P-001,V2
63,63,L-UAV-01,AMZN,31.3051575,120.6016955,100.0,BUSY,M-L-001,V3
63,63,M-UAV-01,M600,31.3108767,120.6039862,30.5,AVAILABLE,,
63,63,M-UAV-02,M600,31.2971716,120.5956323,30.5,AVAILABLE,,
64,64,EVTOL-01,EC35,31.3096788,120.5963681,199.9,BUSY,M-P-001,V2
64,64,L-UAV-01,AMZN,31.3052714,120.6017820,100.0,BUSY,M-L-001,V3
64,64,M-UAV-01,M600,31.3108767,120.6039862,30.5,AVAILABLE,,
64,64,M-UAV-02,M600,31.2971716,120.5956323,30.5,AVAILABLE,,
65,65,EVTOL-01,EC35,31.3093161,120.5963467,199.9,BUSY,M-P-001,V2
65,65,L-UAV-01,AMZN,31.3053853,120.6018685,100.0,BUSY,M-L-001,V3
65,65,M-UAV-01,M600,31.3108767,120.6039862,30.5,AVAILABLE,,
65,65,M-UAV-02,M600,31.2971716,120.5956323,30.5,AVAILABLE,,
66,66,EVTOL-01,EC35,31.3089534,120.5963254,199.9,BUSY,M-P-001,V2
66,66,L-UAV-01,AMZN,31.3054992,120.6019549,100.0,BUSY,M-L-001,V3
66,66,M-UAV-01,M600,31.3108767,120.6039862,30.5,AVAILABLE,,
66,66,M-UAV-02,M600,31.2971716,120.5956323,30.5,AVAILABLE,,
67,67,EVTOL-01,EC35,31.3085906,120.5963040,199.9,BUSY,M-P-001,V2
67,67,L-UAV-01,AMZN,31.3056130,120.6020414,100.0,BUSY,M-L-001,V3
67,67,M-UAV-01,M600,31.3108767,120.6039862,30.5,AVAILABLE,,
67,67,M-UAV-02,M600,31.2971716,120.5956323,30.5,AVAILABLE,,
68,68,EVTOL-01,EC35,31.3082279,120.5962827,199.9,BUSY,M-P-001,V2
68,68,L-UAV-01,AMZN,31.3057269,120.6021279,100.0,BUSY,M-L-001,V3
68,68,M-UAV-01,M600,31.3108767,120.6039862,30.5,AVAILABLE,,
68,68,M-UAV-02,M600,31.2971716,120.5956323,30.5,AVAILABLE,,
69,69,EVTOL-01,EC35,31.3078652,120.5962614,199.9,BUSY,M-P-001,V2
69,69,L-UAV-01,AMZN,31.3058408,120.6022143,100.0,BUSY,M-L-001,V2
69,69,M-UAV-01,M600,31.3108767,120.6039862,30.5,AVAILABLE,,
69,69,M-UAV-02,M600,31.2971716,120.5956323,30.5,AVAILABLE,,
70,70,EVTOL-01,EC35,31.3075024,120.5962400,199.9,BUSY,M-P-001,V2
70,70,L-UAV-01,AMZN,31.3059714,120.6022570,100.0,BUSY,M-L-001,V2
70,70,M-UAV-01,M600,31.3108767,120.6039862,30.5,AVAILABLE,,
70,70,M-UAV-02,M600,31.2971716,120.5956323,30.5,AVAILABLE,,
71,71,EVTOL-01,EC35,31.3071397,120.5962187,199.9,BUSY,M-P-001,V2
71,71,L-UAV-01,AMZN,31.3061068,120.6022520,100.0,BUSY,M-L-001,V2
71,71,M-UAV-01,M600,31.3108767,120.6039862,30.5,AVAILABLE,,
71,71,M-UAV-02,M600,31.2971716,120.5956323,30.5,AVAILABLE,,
72,72,EVTOL-01,EC35,31.3067770,120.5961973,199.9,BUSY,M-P-001,V2
72,72,L-UAV-01,AMZN,31.3062349,120.6021999,100.0,BUSY,M-L-001,V2
72,72,M-UAV-01,M600,31.3108767,120.6039862,30.5,AVAILABLE,,
72,72,M-UAV-02,M600,31.2971716,120.5956323,30.5,AVAILABLE,,
73,73,EVTOL-01,EC35,31.3064142,120.5961760,199.9,BUSY,M-P-001,V2
73,73,L-UAV-01,AMZN,31.3063437,120.6021054,100.0,BUSY,M-L-001,V2
73,73,M-UAV-01,M600,31.3108767,120.6039862,30.5,AVAILABLE,,
73,73,M-UAV-02,M600,31.2971716,120.5956323,30.5,AVAILABLE,,
74,74,EVTOL-01,EC35,31.3060515,120.5961547,199.9,BUSY,M-P-001,V2
74,74,L-UAV-01,AMZN,31.3064235,120.6019771,100.0,BUSY,M-L-001,V2
74,74,M-UAV-01,M600,31.3108767,120.6039862,30.5,AVAILABLE,,
74,74,M-UAV-02,M600,31.2971716,120.5956323,30.5,AVAILABLE,,
75,75,EVTOL-01,EC35,31.3056888,120.5961333,199.9,BUSY,M-P-001,V2
75,75,L-UAV-01,AMZN,31.3064669,120.6018268,100.0,BUSY,M-L-001,V2
75,75,M-UAV-01,M600,31.3108767,120.6039862,30.5,AVAILABLE,,
75,75,M-UAV-02,M600,31.2971716,120.5956323,30.5,AVAILABLE,,
76,76,EVTOL-01,EC35,31.3053260,120.5961120,199.9,BUSY,M-P-001,V2
76,76,L-UAV-01,AMZN,31.3064700,120.6016682,100.0,BUSY,M-L-001,V2
76,76,M-UAV-01,M600,31.3108767,120.6039862,30.5,AVAILABLE,,
76,76,M-UAV-02,M600,31.2971716,120.5956323,30.5,AVAILABLE,,
77,77,EVTOL-01,EC35,31.3049633,120.5960907,199.9,BUSY,M-P-001,V2
77,77,L-UAV-01,AMZN,31.3064324,120.6015158,100.0,BUSY,M-L-001,V2
77,77,M-UAV-01,M600,31.3108767,120.6039862,30.5,AVAILABLE,,
77,77,M-UAV-02,M600,31.2971716,120.5956323,30.5,AVAILABLE,,
78,78,EVTOL-01,EC35,31.3046006,120.5960693,199.9,BUSY,M-P-001,V2
78,78,L-UAV-01,AMZN,31.3063576,120.6013835,100.0,BUSY,M-L-001,V2
78,78,M-UAV-01,M600,31.3108767,120.6039862,30.5,AVAILABLE,,
78,78,M-UAV-02,M600,31.2971716,120.5956323,30.5,AVAILABLE,,
79,79,EVTOL-01,EC35,31.3042378,120.5960480,199.9,BUSY,M-P-001,V2
79,79,L-UAV-01,AMZN,31.3062525,120.6012834,100.0,BUSY,M-L-001,V2
79,79,M-UAV-01,M600,31.3108767,120.6039862,30.5,AVAILABLE,,
79,79,M-UAV-02,M600,31.2971716,120.5956323,30.5,AVAILABLE,,
80,80,EVTOL-01,EC35,31.3038751,120.5960266,199.9,BUSY,M-P-001,V2
80,80,L-UAV-01,AMZN,31.3061328,120.6012089,100.0,BUSY,M-L-001,V2
80,80,M-UAV-01,M600,31.3108767,120.6039862,30.5,AVAILABLE,,
80,80,M-UAV-02,M600,31.2971716,120.5956323,30.5,AVAILABLE,,
81,81,EVTOL-01,EC35,31.3035124,120.5960053,199.9,BUSY,M-P-001,V2
81,81,L-UAV-01,AMZN,31.3060131,120.6011344,100.0,BUSY,M-L-001,V2
81,81,M-UAV-01,M600,31.3108767,120.6039862,30.5,AVAILABLE,,
81,81,M-UAV-02,M600,31.2971716,120.5956323,30.5,AVAILABLE,,
82,82,EVTOL-01,EC35,31.3031496,120.5959840,199.9,BUSY,M-P-001,V2
82,82,L-UAV-01,AMZN,31.3058934,120.6010599,100.0,BUSY,M-L-001,V2
82,82,M-UAV-01,M600,31.3108767,120.6039862,30.5,AVAILABLE,,
82,82,M-UAV-02,M600,31.2971716,120.5956323,30.5,AVAILABLE,,
83,83,EVTOL-01,EC35,31.3027869,120.5959626,199.9,BUSY,M-P-001,V2
83,83,L-UAV-01,AMZN,31.3057738,120.6009854,100.0,BUSY,M-L-001,V2
83,83,M-UAV-01,M600,31.3108767,120.6039862,30.5,AVAILABLE,,
83,83,M-UAV-02,M600,31.2971716,120.5956323,30.5,AVAILABLE,,
84,84,EVTOL-01,EC35,31.3024242,120.5959413,199.9,BUSY,M-P-001,V2
84,84,L-UAV-01,AMZN,31.3056541,120.6009109,100.0,BUSY,M-L-001,V2
84,84,M-UAV-01,M600,31.3108767,120.6039862,30.5,AVAILABLE,,
84,84,M-UAV-02,M600,31.2971716,120.5956323,30.5,AVAILABLE,,
85,85,EVTOL-01,EC35,31.3020615,120.5959199,199.9,BUSY,M-P-001,V2
85,85,L-UAV-01,AMZN,31.3055344,120.6008365,100.0,BUSY,M-L-001,V2
85,85,M-UAV-01,M600,31.3108767,120.6039862,30.5,AVAILABLE,,
85,85,M-UAV-02,M600,31.2971716,120.5956323,30.5,AVAILABLE,,
86,86,EVTOL-01,EC35,31.3016987,120.5958986,199.9,BUSY,M-P-001,V2
86,86,L-UAV-01,AMZN,31.3054147,120.6007620,100.0,BUSY,M-L-001,V2
86,86,M-UAV-01,M600,31.3108767,120.6039862,30.5,AVAILABLE,,
86,86,M-UAV-02,M600,31.2971716,120.5956323,30.5,AVAILABLE,,
87,87,EVTOL-01,EC35,31.3013360,120.5958773,199.9,BUSY,M-P-001,V2
87,87,L-UAV-01,AMZN,31.3052951,120.6006875,100.0,BUSY,M-L-001,V2
87,87,M-UAV-01,M600,31.3108767,120.6039862,30.5,AVAILABLE,,
87,87,M-UAV-02,M600,31.2971716,120.5956323,30.5,AVAILABLE,,
88,88,EVTOL-01,EC35,31.3009733,120.5958559,199.9,BUSY,M-P-001,V2
88,88,L-UAV-01,AMZN,31.3051754,120.6006130,100.0,BUSY,M-L-001,V2
88,88,M-UAV-01,M600,31.3108767,120.6039862,30.5,AVAILABLE,,
88,88,M-UAV-02,M600,31.2971716,120.5956323,30.5,AVAILABLE,,
89,89,EVTOL-01,EC35,31.3006105,120.5958346,199.9,BUSY,M-P-001,V2
89,89,L-UAV-01,AMZN,31.3050557,120.6005385,100.0,BUSY,M-L-001,V2
89,89,M-UAV-01,M600,31.3108767,120.6039862,30.5,AVAILABLE,,
89,89,M-UAV-02,M600,31.2971716,120.5956323,30.5,AVAILABLE,,
90,90,EVTOL-01,EC35,31.3002478,120.5958133,199.9,BUSY,M-P-001,V2
90,90,L-UAV-01,AMZN,31.3049360,120.6004640,100.0,BUSY,M-L-001,V2
90,90,M-UAV-01,M600,31.3108767,120.6039862,30.5,AVAILABLE,,
90,90,M-UAV-02,M600,31.2971716,120.5956323,30.5,AVAILABLE,,
91,91,EVTOL-01,EC35,31.2998851,120.5957919,199.9,BUSY,M-P-001,V2
91,91,L-UAV-01,AMZN,31.3048163,120.6003896,100.0,BUSY,M-L-001,V2
91,91,M-UAV-01,M600,31.3108767,120.6039862,30.5,AVAILABLE,,
91,91,M-UAV-02,M600,31.2971716,120.5956323,30.5,AVAILABLE,,
92,92,EVTOL-01,EC35,31.2995223,120.5957706,199.9,BUSY,M-P-001,V2
92,92,L-UAV-01,AMZN,31.3046967,120.6003151,100.0,BUSY,M-L-001,V2
92,92,M-UAV-01,M600,31.3108767,120.6039862,30.5,AVAILABLE,,
92,92,M-UAV-02,M600,31.2971716,120.5956323,30.5,AVAILABLE,,
93,93,EVTOL-01,EC35,31.2991596,120.5957493,199.9,BUSY,M-P-001,V2
93,93,L-UAV-01,AMZN,31.3045770,120.6002406,100.0,BUSY,M-L-001,V2
93,93,M-UAV-01,M600,31.3108767,120.6039862,30.5,AVAILABLE,,
93,93,M-UAV-02,M600,31.2971716,120.5956323,30.5,AVAILABLE,,
94,94,EVTOL-01,EC35,31.2987969,120.5957279,199.9,BUSY,M-P-001,V2
94,94,L-UAV-01,AMZN,31.3044573,120.6001661,100.0,BUSY,M-L-001,V2
94,94,M-UAV-01,M600,31.3108767,120.6039862,30.5,AVAILABLE,,
94,94,M-UAV-02,M600,31.2971716,120.5956323,30.5,AVAILABLE,,
95,95,EVTOL-01,EC35,31.2984341,120.5957066,199.9,BUSY,M-P-001,V2
95,95,L-UAV-01,AMZN,31.3043376,120.6000916,100.0,BUSY,M-L-001,V2
95,95,M-UAV-01,M600,31.3108767,120.6039862,30.5,AVAILABLE,,
95,95,M-UAV-02,M600,31.2971716,120.5956323,30.5,AVAILABLE,,
96,96,EVTOL-01,EC35,31.2980714,120.5956853,199.9,BUSY,M-P-001,V2
96,96,L-UAV-01,AMZN,31.3042179,120.6000172,100.0,BUSY,M-L-001,V2
96,96,M-UAV-01,M600,31.3108767,120.6039862,30.5,AVAILABLE,,
96,96,M-UAV-02,M600,31.2971716,120.5956323,30.5,AVAILABLE,,
97,97,EVTOL-01,EC35,31.2977087,120.5956639,199.9,BUSY,M-P-001,V1
97,97,L-UAV-01,AMZN,31.3040983,120.5999427,100.0,BUSY,M-L-001,V2
97,97,M-UAV-01,M600,31.3108767,120.6039862,30.5,AVAILABLE,,
97,97,M-UAV-02,M600,31.2971716,120.5956323,30.5,AVAILABLE,,
98,98,EVTOL-01,EC35,31.2973462,120.5956907,199.9,BUSY,M-P-001,V1
98,98,L-UAV-01,AMZN,31.3039786,120.5998682,100.0,BUSY,M-L-001,V2
98,98,M-UAV-01,M600,31.3108767,120.6039862,30.5,AVAILABLE,,
98,98,M-UAV-02,M600,31.2971716,120.5956323,30.5,AVAILABLE,,
99,99,EVTOL-01,EC35,31.2969886,120.5957652,199.9,BUSY,M-P-001,V1
99,99,L-UAV-01,AMZN,31.3038589,120.5997937,100.0,BUSY,M-L-001,V2
99,99,M-UAV-01,M600,31.3108767,120.6039862,30.5,AVAILABLE,,
99,99,M-UAV-02,M600,31.2971716,120.5956323,30.5,AVAILABLE,,
100,100,EVTOL-01,EC35,31.2966405,120.5958865,199.9,BUSY,M-P-001,V1
100,100,L-UAV-01,AMZN,31.3037392,120.5997192,100.0,BUSY,M-L-001,V2
100,100,M-UAV-01,M600,31.3108767,120.6039862,30.5,AVAILABLE,,
100,100,M-UAV-02,M600,31.2971716,120.5956323,30.5,AVAILABLE,,
101,101,EVTOL-01,EC35,31.2963064,120.5960531,199.9,BUSY,M-P-001,V1
101,101,L-UAV-01,AMZN,31.3036195,120.5996447,100.0,BUSY,M-L-001,V2
101,101,M-UAV-01,M600,31.3108767,120.6039862,30.5,AVAILABLE,,
101,101,M-UAV-02,M600,31.2971716,120.5956323,30.5,AVAILABLE,,
102,102,EVTOL-01,EC35,31.2959905,120.5962628,199.9,BUSY,M-P-001,V1
102,102,L-UAV-01,AMZN,31.3034999,120.5995703,100.0,BUSY,M-L-001,V2
102,102,M-UAV-01,M600,31.3108767,120.6039862,30.5,AVAILABLE,,
102,102,M-UAV-02,M600,31.2971716,120.5956323,30.5,AVAILABLE,,
103,103,EVTOL-01,EC35,31.2956969,120.5965129,199.9,BUSY,M-P-001,V1
103,103,L-UAV-01,AMZN,31.3033802,120.5994958,100.0,BUSY,M-L-001,V2
103,103,M-UAV-01,M600,31.3108767,120.6039862,30.5,AVAILABLE,,
103,103,M-UAV-02,M600,31.2971716,120.5956323,30.5,AVAILABLE,,
104,104,EVTOL-01,EC35,31.2954292,120.5968003,199.9,BUSY,M-P-001,V1
104,104,L-UAV-01,AMZN,31.3032605,120.5994213,100.0,BUSY,M-L-001,V2
104,104,M-UAV-01,M600,31.3108767,120.6039862,30.5,AVAILABLE,,
104,104,M-UAV-02,M600,31.2971716,120.5956323,30.5,AVAILABLE,,
105,105,EVTOL-01,EC35,31.2951911,120.5971212,199.9,BUSY,M-P-001,V1
105,105,L-UAV-01,AMZN,31.3031408,120.5993468,100.0,BUSY,M-L-001,V2
105,105,M-UAV-01,M600,31.3108767,120.6039862,30.5,AVAILABLE,,
105,105,M-UAV-02,M600,31.2971716,120.5956323,30.5,AVAILABLE,,
106,106,EVTOL-01,EC35,31.2949854,120.5974715,199.9,BUSY,M-P-001,V1
106,106,L-UAV-01,AMZN,31.3030211,120.5992724,100.0,BUSY,M-L-001,V2
106,106,M-UAV-01,M600,31.3108767,120.6039862,30.5,AVAILABLE,,
106,106,M-UAV-02,M600,31.2971716,120.5956323,30.5,AVAILABLE,,
107,107,EVTOL-01,EC35,31.2948149,120.5978468,199.9,BUSY,M-P-001,V1
107,107,L-UAV-01,AMZN,31.3029015,120.5991979,100.0,BUSY,M-L-001,V2
107,107,M-UAV-01,M600,31.3108767,120.6039862,30.5,AVAILABLE,,
107,107,M-UAV-02,M600,31.2971716,120.5956323,30.5,AVAILABLE,,
108,108,EVTOL-01,EC35,31.2946818,120.5982422,199.9,BUSY,M-P-001,V1
108,108,L-UAV-01,AMZN,31.3027818,120.5991234,100.0,BUSY,M-L-001,V2
108,108,M-UAV-01,M600,31.3108767,120.6039862,30.5,AVAILABLE,,
108,108,M-UAV-02,M600,31.2971716,120.5956323,30.5,AVAILABLE,,
109,109,EVTOL-01,EC35,31.2945876,120.5986527,199.9,BUSY,M-P-001,V1
109,109,L-UAV-01,AMZN,31.3026621,120.5990489,100.0,BUSY,M-L-001,V2
109,109,M-UAV-01,M600,31.3108767,120.6039862,30.5,AVAILABLE,,
109,109,M-UAV-02,M600,31.2971716,120.5956323,30.5,AVAILABLE,,
110,110,EVTOL-01,EC35,31.2945337,120.5990731,199.9,BUSY,M-P-001,V1
110,110,L-UAV-01,AMZN,31.3025424,120.5989744,100.0,BUSY,M-L-001,V2
110,110,M-UAV-01,M600,31.3108767,120.6039862,30.5,AVAILABLE,,
110,110,M-UAV-02,M600,31.2971716,120.5956323,30.5,AVAILABLE,,
111,111,EVTOL-01,EC35,31.2945207,120.5994978,199.9,BUSY,M-P-001,V1
111,111,L-UAV-01,AMZN,31.3024227,120.5989000,100.0,BUSY,M-L-001,V2
111,111,M-UAV-01,M600,31.3108767,120.6039862,30.5,AVAILABLE,,
111,111,M-UAV-02,M600,31.2971716,120.5956323,30.5,AVAILABLE,,
112,112,EVTOL-01,EC35,31.2945488,120.5999216,199.9,BUSY,M-P-001,V1
112,112,L-UAV-01,AMZN,31.3023031,120.5988255,100.0,BUSY,M-L-001,V2
112,112,M-UAV-01,M600,31.3108767,120.6039862,30.5,AVAILABLE,,
112,112,M-UAV-02,M600,31.2971716,120.5956323,30.5,AVAILABLE,,
113,113,EVTOL-01,EC35,31.2946177,120.6003389,199.9,BUSY,M-P-001,V1
113,113,L-UAV-01,AMZN,31.3021834,120.5987510,100.0,BUSY,M-L-001,V2
113,113,M-UAV-01,M600,31.3108767,120.6039862,30.5,AVAILABLE,,
113,113,M-UAV-02,M600,31.2971716,120.5956323,30.5,AVAILABLE,,
114,114,EVTOL-01,EC35,31.2947264,120.6007444,199.9,BUSY,M-P-001,V1
114,114,L-UAV-01,AMZN,31.3020637,120.5986765,100.0,BUSY,M-L-001,V2
114,114,M-UAV-01,M600,31.3108767,120.6039862,30.5,AVAILABLE,,
114,114,M-UAV-02,M600,31.2971716,120.5956323,30.5,AVAILABLE,,
115,115,EVTOL-01,EC35,31.2948736,120.6011330,199.9,BUSY,M-P-001,V1
115,115,L-UAV-01,AMZN,31.3019440,120.5986021,100.0,BUSY,M-L-001,V2
115,115,M-UAV-01,M600,31.3108767,120.6039862,30.5,AVAILABLE,,
115,115,M-UAV-02,M600,31.2971716,120.5956323,30.5,AVAILABLE,,
116,116,EVTOL-01,EC35,31.2950573,120.6014996,199.9,BUSY,M-P-001,V1
116,116,L-UAV-01,AMZN,31.3018243,120.5985276,100.0,BUSY,M-L-001,V2
116,116,M-UAV-01,M600,31.3108767,120.6039862,30.5,AVAILABLE,,
116,116,M-UAV-02,M600,31.2971716,120.5956323,30.5,AVAILABLE,,
117,117,EVTOL-01,EC35,31.2952752,120.6018396,199.9,BUSY,M-P-001,V1
117,117,L-UAV-01,AMZN,31.3017046,120.5984531,100.0,BUSY,M-L-001,V2
117,117,M-UAV-01,M600,31.3108767,120.6039862,30.5,AVAILABLE,,
117,117,M-UAV-02,M600,31.2971716,120.5956323,30.5,AVAILABLE,,
118,118,EVTOL-01,EC35,31.2955246,120.6021486,199.9,BUSY,M-P-001,V1
118,118,L-UAV-01,AMZN,31.3015850,120.5983786,100.0,BUSY,M-L-001,V2
118,118,M-UAV-01,M600,31.3108767,120.6039862,30.5,AVAILABLE,,
118,118,M-UAV-02,M600,31.2971716,120.5956323,30.5,AVAILABLE,,
119,119,EVTOL-01,EC35,31.2958023,120.6024226,199.9,BUSY,M-P-001,V1
119,119,L-UAV-01,AMZN,31.3014653,120.5983041,100.0,BUSY,M-L-001,V2
119,119,M-UAV-01,M600,31.3108767,120.6039862,30.5,AVAILABLE,,
119,119,M-UAV-02,M600,31.2971716,120.5956323,30.5,AVAILABLE,,
120,120,EVTOL-01,EC35,31.2961046,120.6026582,199.9,BUSY,M-P-001,V1
120,120,L-UAV-01,AMZN,31.3013456,120.5982297,100.0,BUSY,M-L-001,V2
120,120,M-UAV-01,M600,31.3108767,120.6039862,30.5,AVAILABLE,,
120,120,M-UAV-02,M600,31.2971716,120.5956323,30.5,AVAILABLE,,
121,121,EVTOL-01,EC35,31.2964277,120.6028523,199.9,BUSY,M-P-001,V1
121,121,L-UAV-01,AMZN,31.3012259,120.5981552,100.0,BUSY,M-L-001,V2
121,121,M-UAV-01,M600,31.3108767,120.6039862,30.5,AVAILABLE,,
121,121,M-UAV-02,M600,31.2971716,120.5956323,30.5,AVAILABLE,,
122,122,EVTOL-01,EC35,31.2967675,120.6030024,199.9,BUSY,M-P-001,V1
122,122,L-UAV-01,AMZN,31.3011062,120.5980807,100.0,BUSY,M-L-001,V2
122,122,M-UAV-01,M600,31.3108767,120.6039862,30.5,AVAILABLE,,
122,122,M-UAV-02,M600,31.2971716,120.5956323,30.5,AVAILABLE,,
123,123,EVTOL-01,EC35,31.2971196,120.6031067,199.9,BUSY,M-P-001,V1
123,123,L-UAV-01,AMZN,31.3009866,120.5980062,100.0,BUSY,M-L-001,V2
123,123,M-UAV-01,M600,31.3108767,120.6039862,30.5,AVAILABLE,,
123,123,M-UAV-02,M600,31.2971716,120.5956323,30.5,AVAILABLE,,
124,124,EVTOL-01,EC35,31.2974795,120.6031637,199.9,BUSY,M-P-001,V1
124,124,L-UAV-01,AMZN,31.3008669,120.5979318,100.0,BUSY,M-L-001,V2
124,124,M-UAV-01,M600,31.3108767,120.6039862,30.5,AVAILABLE,,
124,124,M-UAV-02,M600,31.2971716,120.5956323,30.5,AVAILABLE,,
125,125,EVTOL-01,EC35,31.2978422,120.6031859,199.9,BUSY,M-P-001,V1
125,125,L-UAV-01,AMZN,31.3007472,120.5978573,100.0,BUSY,M-L-001,V2
125,125,M-UAV-01,M600,31.3108767,120.6039862,30.5,AVAILABLE,,
125,125,M-UAV-02,M600,31.2971716,120.5956323,30.5,AVAILABLE,,
126,126,EVTOL-01,EC35,31.2982049,120.6032082,199.9,BUSY,M-P-001,V1
126,126,L-UAV-01,AMZN,31.3006275,120.5977828,100.0,BUSY,M-L-001,V2
126,126,M-UAV-01,M600,31.3108767,120.6039862,30.5,AVAILABLE,,
126,126,M-UAV-02,M600,31.2971716,120.5956323,30.5,AVAILABLE,,
127,127,EVTOL-01,EC35,31.2985676,120.6032304,199.9,BUSY,M-P-001,V1
127,127,L-UAV-01,AMZN,31.3005078,120.5977083,100.0,BUSY,M-L-001,V2
127,127,M-UAV-01,M600,31.3108767,120.6039862,30.5,AVAILABLE,,
127,127,M-UAV-02,M600,31.2971716,120.5956323,30.5,AVAILABLE,,
128,128,EVTOL-01,EC35,31.2989302,120.6032527,199.9,BUSY,M-P-001,V1
128,128,L-UAV-01,AMZN,31.3003882,120.5976339,100.0,BUSY,M-L-001,V2
128,128,M-UAV-01,M600,31.3108767,120.6039862,30.5,AVAILABLE,,
128,128,M-UAV-02,M600,31.2971716,120.5956323,30.5,AVAILABLE,,
129,129,EVTOL-01,EC35,31.2992929,120.6032750,199.9,BUSY,M-P-001,V1
129,129,L-UAV-01,AMZN,31.3002685,120.5975594,100.0,BUSY,M-L-001,V2
129,129,M-UAV-01,M600,31.3108767,120.6039862,30.5,AVAILABLE,,
129,129,M-UAV-02,M600,31.2971716,120.5956323,30.5,AVAILABLE,,
130,130,EVTOL-01,EC35,31.2996556,120.6032972,199.9,BUSY,M-P-001,V1
130,130,L-UAV-01,AMZN,31.3001488,120.5974849,100.0,BUSY,M-L-001,V2
130,130,M-UAV-01,M600,31.3108767,120.6039862,30.5,AVAILABLE,,
130,130,M-UAV-02,M600,31.2971716,120.5956323,30.5,AVAILABLE,,
131,131,EVTOL-01,EC35,31.3000183,120.6033195,199.9,BUSY,M-P-001,V1
131,131,L-UAV-01,AMZN,31.3000291,120.5974104,100.0,BUSY,M-L-001,V2
131,131,M-UAV-01,M600,31.3108767,120.6039862,30.5,AVAILABLE,,
131,131,M-UAV-02,M600,31.2971716,120.5956323,30.5,AVAILABLE,,
132,132,EVTOL-01,EC35,31.3003810,120.6033418,199.9,BUSY,M-P-001,V1
132,132,L-UAV-01,AMZN,31.2999094,120.5973360,100.0,BUSY,M-L-001,V2
132,132,M-UAV-01,M600,31.3108767,120.6039862,30.5,AVAILABLE,,
132,132,M-UAV-02,M600,31.2971716,120.5956323,30.5,AVAILABLE,,
133,133,EVTOL-01,EC35,31.3007437,120.6033640,199.9,BUSY,M-P-001,V1
133,133,L-UAV-01,AMZN,31.2997898,120.5972615,100.0,BUSY,M-L-001,V2
133,133,M-UAV-01,M600,31.3108767,120.6039862,30.5,AVAILABLE,,
133,133,M-UAV-02,M600,31.2971716,120.5956323,30.5,AVAILABLE,,
134,134,EVTOL-01,EC35,31.3011064,120.6033863,199.9,BUSY,M-P-001,V1
134,134,L-UAV-01,AMZN,31.2996701,120.5971870,100.0,BUSY,M-L-001,V2
134,134,M-UAV-01,M600,31.3108767,120.6039862,30.5,AVAILABLE,,
134,134,M-UAV-02,M600,31.2971716,120.5956323,30.5,AVAILABLE,,
135,135,EVTOL-01,EC35,31.3014691,120.6034086,199.9,BUSY,M-P-001,V1
135,135,L-UAV-01,AMZN,31.2995504,120.5971125,100.0,BUSY,M-L-001,V2
135,135,M-UAV-01,M600,31.3108767,120.6039862,30.5,AVAILABLE,,
135,135,M-UAV-02,M600,31.2971716,120.5956323,30.5,AVAILABLE,,
136,136,EVTOL-01,EC35,31.3018318,120.6034308,199.9,BUSY,M-P-001,V1
136,136,L-UAV-01,AMZN,31.2994307,120.5970381,100.0,BUSY,M-L-001,V2
136,136,M-UAV-01,M600,31.3108767,120.6039862,30.5,AVAILABLE,,
136,136,M-UAV-02,M600,31.2971716,120.5956323,30.5,AVAILABLE,,
137,137,EVTOL-01,EC35,31.3021945,120.6034531,199.9,BUSY,M-P-001,V1
137,137,L-UAV-01,AMZN,31.2993110,120.5969636,100.0,BUSY,M-L-001,V2
137,137,M-UAV-01,M600,31.3108767,120.6039862,30.5,AVAILABLE,,
137,137,M-UAV-02,M600,31.2971716,120.5956323,30.5,AVAILABLE,,
138,138,EVTOL-01,EC35,31.3025572,120.6034754,199.9,BUSY,M-P-001,V1
138,138,L-UAV-01,AMZN,31.2991913,120.5968891,100.0,BUSY,M-L-001,V2
138,138,M-UAV-01,M600,31.3108767,120.6039862,30.5,AVAILABLE,,
138,138,M-UAV-02,M600,31.2971716,120.5956323,30.5,AVAILABLE,,
139,139,EVTOL-01,EC35,31.3029199,120.6034976,199.9,BUSY,M-P-001,V1
139,139,L-UAV-01,AMZN,31.2990717,120.5968147,100.0,BUSY,M-L-001,V2
139,139,M-UAV-01,M600,31.3108767,120.6039862,30.5,AVAILABLE,,
139,139,M-UAV-02,M600,31.2971716,120.5956323,30.5,AVAILABLE,,
140,140,EVTOL-01,EC35,31.3032825,120.6035199,199.9,BUSY,M-P-001,V1
140,140,L-UAV-01,AMZN,31.2989520,120.5967402,100.0,BUSY,M-L-001,V2
140,140,M-UAV-01,M600,31.3108767,120.6039862,30.5,AVAILABLE,,
140,140,M-UAV-02,M600,31.2971716,120.5956323,30.5,AVAILABLE,,
141,141,EVTOL-01,EC35,31.3036452,120.6035422,199.9,BUSY,M-P-001,V1
141,141,L-UAV-01,AMZN,31.2988323,120.5966657,100.0,BUSY,M-L-001,V2
141,141,M-UAV-01,M600,31.3108767,120.6039862,30.5,AVAILABLE,,
141,141,M-UAV-02,M600,31.2971716,120.5956323,30.5,AVAILABLE,,
142,142,EVTOL-01,EC35,31.3040079,120.6035644,199.9,BUSY,M-P-001,V1
142,142,L-UAV-01,AMZN,31.2987126,120.5965912,100.0,BUSY,M-L-001,V2
142,142,M-UAV-01,M600,31.3108767,120.6039862,30.5,AVAILABLE,,
142,142,M-UAV-02,M600,31.2971716,120.5956323,30.5,AVAILABLE,,
143,143,EVTOL-01,EC35,31.3043706,120.6035867,199.9,BUSY,M-P-001,V1
143,143,L-UAV-01,AMZN,31.2985929,120.5965168,100.0,BUSY,M-L-001,V2
143,143,M-UAV-01,M600,31.3108767,120.6039862,30.5,AVAILABLE,,
143,143,M-UAV-02,M600,31.2971716,120.5956323,30.5,AVAILABLE,,
144,144,EVTOL-01,EC35,31.3047333,120.6036090,199.9,BUSY,M-P-001,V1
144,144,L-UAV-01,AMZN,31.2984733,120.5964423,100.0,BUSY,M-L-001,V2
144,144,M-UAV-01,M600,31.3108767,120.6039862,30.5,AVAILABLE,,
144,144,M-UAV-02,M600,31.2971716,120.5956323,30.5,AVAILABLE,,
145,145,EVTOL-01,EC35,31.3050960,120.6036312,199.9,BUSY,M-P-001,V1
145,145,L-UAV-01,AMZN,31.2983536,120.5963678,100.0,BUSY,M-L-001,V2
145,145,M-UAV-01,M600,31.3108767,120.6039862,30.5,AVAILABLE,,
145,145,M-UAV-02,M600,31.2971716,120.5956323,30.5,AVAILABLE,,
146,146,EVTOL-01,EC35,31.3054587,120.6036535,199.9,BUSY,M-P-001,V1
146,146,L-UAV-01,AMZN,31.2982339,120.5962933,100.0,BUSY,M-L-001,V2
146,146,M-UAV-01,M600,31.3108767,120.6039862,30.5,AVAILABLE,,
146,146,M-UAV-02,M600,31.2971716,120.5956323,30.5,AVAILABLE,,
147,147,EVTOL-01,EC35,31.3058214,120.6036758,199.9,BUSY,M-P-001,V1
147,147,L-UAV-01,AMZN,31.2981142,120.5962189,100.0,BUSY,M-L-001,V2
147,147,M-UAV-01,M600,31.3108767,120.6039862,30.5,AVAILABLE,,
147,147,M-UAV-02,M600,31.2971716,120.5956323,30.5,AVAILABLE,,
148,148,EVTOL-01,EC35,31.3061841,120.6036980,199.9,BUSY,M-P-001,V1
148,148,L-UAV-01,AMZN,31.2979945,120.5961444,100.0,BUSY,M-L-001,V2
148,148,M-UAV-01,M600,31.3108767,120.6039862,30.5,AVAILABLE,,
148,148,M-UAV-02,M600,31.2971716,120.5956323,30.5,AVAILABLE,,
149,149,EVTOL-01,EC35,31.3065468,120.6037203,199.9,BUSY,M-P-001,V1
149,149,L-UAV-01,AMZN,31.2978748,120.5960699,100.0,BUSY,M-L-001,V3
149,149,M-UAV-01,M600,31.3108767,120.6039862,30.5,AVAILABLE,,
149,149,M-UAV-02,M600,31.2971716,120.5956323,30.5,AVAILABLE,,
150,150,EVTOL-01,EC35,31.3069095,120.6037426,199.9,BUSY,M-P-001,V1
150,150,L-UAV-01,AMZN,31.2977416,120.5960407,100.0,BUSY,M-L-001,V3
150,150,M-UAV-01,M600,31.3108767,120.6039862,30.5,AVAILABLE,,
150,150,M-UAV-02,M600,31.2971716,120.5956323,30.5,AVAILABLE,,
151,151,EVTOL-01,EC35,31.3072722,120.6037648,199.9,BUSY,M-P-001,V1
151,151,L-UAV-01,AMZN,31.2976070,120.5960594,100.0,BUSY,M-L-001,V3
151,151,M-UAV-01,M600,31.3108767,120.6039862,30.5,AVAILABLE,,
151,151,M-UAV-02,M600,31.2971716,120.5956323,30.5,AVAILABLE,,
152,152,EVTOL-01,EC35,31.3076348,120.6037871,199.9,BUSY,M-P-001,V1
152,152,L-UAV-01,AMZN,31.2974833,120.5961243,100.0,BUSY,M-L-001,V3
152,152,M-UAV-01,M600,31.3108767,120.6039862,30.5,AVAILABLE,,
152,152,M-UAV-02,M600,31.2971716,120.5956323,30.5,AVAILABLE,,
153,153,EVTOL-01,EC35,31.3079975,120.6038094,199.9,BUSY,M-P-001,V1
153,153,L-UAV-01,AMZN,31.2973819,120.5962295,100.0,BUSY,M-L-001,V3
153,153,M-UAV-01,M600,31.3108767,120.6039862,30.5,AVAILABLE,,
153,153,M-UAV-02,M600,31.2971716,120.5956323,30.5,AVAILABLE,,
154,154,EVTOL-01,EC35,31.3083602,120.6038316,199.9,BUSY,M-P-001,V1
154,154,L-UAV-01,AMZN,31.2973119,120.5963654,100.0,BUSY,M-L-001,V3
154,154,M-UAV-01,M600,31.3108767,120.6039862,30.5,AVAILABLE,,
154,154,M-UAV-02,M600,31.2971716,120.5956323,30.5,AVAILABLE,,
155,155,EVTOL-01,EC35,31.3087229,120.6038539,199.9,BUSY,M-P-001,V1
155,155,L-UAV-01,AMZN,31.2972798,120.5965195,100.0,BUSY,M-L-001,V3
155,155,M-UAV-01,M600,31.3108767,120.6039862,30.5,AVAILABLE,,
155,155,M-UAV-02,M600,31.2971716,120.5956323,30.5,AVAILABLE,,
156,156,EVTOL-01,EC35,31.3090856,120.6038762,199.9,BUSY,M-P-001,V1
156,156,L-UAV-01,AMZN,31.2972885,120.5966778,100.0,BUSY,M-L-001,V3
156,156,M-UAV-01,M600,31.3108767,120.6039862,30.5,AVAILABLE,,
156,156,M-UAV-02,M600,31.2971716,120.5956323,30.5,AVAILABLE,,
157,157,EVTOL-01,EC35,31.3094483,120.6038984,199.9,BUSY,M-P-001,V1
157,157,L-UAV-01,AMZN,31.2973372,120.5968258,100.0,BUSY,M-L-001,V3
157,157,M-UAV-01,M600,31.3108767,120.6039862,30.5,AVAILABLE,,
157,157,M-UAV-02,M600,31.2971716,120.5956323,30.5,AVAILABLE,,
158,158,EVTOL-01,EC35,31.3098110,120.6039207,199.9,BUSY,M-P-001,V1
158,158,L-UAV-01,AMZN,31.2974215,120.5969500,100.0,BUSY,M-L-001,V3
158,158,M-UAV-01,M600,31.3108767,120.6039862,30.5,AVAILABLE,,
158,158,M-UAV-02,M600,31.2971716,120.5956323,30.5,AVAILABLE,,
159,159,EVTOL-01,EC35,31.3101737,120.6039430,199.9,BUSY,M-P-001,V2
159,159,L-UAV-01,AMZN,31.2975337,120.5970391,100.0,BUSY,M-L-001,V3
159,159,M-UAV-01,M600,31.3108767,120.6039862,30.5,AVAILABLE,,
159,159,M-UAV-02,M600,31.2971716,120.5956323,30.5,AVAILABLE,,
160,160,EVTOL-01,EC35,31.3105362,120.6039171,199.9,BUSY,M-P-001,V2
160,160,L-UAV-01,AMZN,31.2976529,120.5971146,100.0,BUSY,M-L-001,V3
160,160,M-UAV-01,M600,31.3108767,120.6039862,30.5,AVAILABLE,,
160,160,M-UAV-02,M600,31.2971716,120.5956323,30.5,AVAILABLE,,
161,161,EVTOL-01,EC35,31.3108939,120.6038435,199.9,BUSY,M-P-001,V2
161,161,L-UAV-01,AMZN,31.2977721,120.5971902,100.0,BUSY,M-L-001,V3
161,161,M-UAV-01,M600,31.3108767,120.6039862,30.5,AVAILABLE,,
161,161,M-UAV-02,M600,31.2971716,120.5956323,30.5,AVAILABLE,,
162,162,EVTOL-01,EC35,31.3112422,120.6037231,199.9,BUSY,M-P-001,V2
162,162,L-UAV-01,AMZN,31.2978913,120.5972657,100.0,BUSY,M-L-001,V3
162,162,M-UAV-01,M600,31.3108767,120.6039862,30.5,AVAILABLE,,
162,162,M-UAV-02,M600,31.2971716,120.5956323,30.5,AVAILABLE,,
163,163,EVTOL-01,EC35,31.3115767,120.6035573,199.9,BUSY,M-P-001,V2
163,163,L-UAV-01,AMZN,31.2980105,120.5973413,100.0,BUSY,M-L-001,V3
163,163,M-UAV-01,M600,31.3108767,120.6039862,30.5,AVAILABLE,,
163,163,M-UAV-02,M600,31.2971716,120.5956323,30.5,AVAILABLE,,
164,164,EVTOL-01,EC35,31.3118930,120.6033484,199.9,BUSY,M-P-001,V2
164,164,L-UAV-01,AMZN,31.2981296,120.5974168,100.0,BUSY,M-L-001,V3
164,164,M-UAV-01,M600,31.3108767,120.6039862,30.5,AVAILABLE,,
164,164,M-UAV-02,M600,31.2971716,120.5956323,30.5,AVAILABLE,,
165,165,EVTOL-01,EC35,31.3121871,120.6030990,199.9,BUSY,M-P-001,V2
165,165,L-UAV-01,AMZN,31.2982488,120.5974924,100.0,BUSY,M-L-001,V3
165,165,M-UAV-01,M600,31.3108767,120.6039862,30.5,AVAILABLE,,
165,165,M-UAV-02,M600,31.2971716,120.5956323,30.5,AVAILABLE,,
166,166,EVTOL-01,EC35,31.3124552,120.6028123,199.9,BUSY,M-P-001,V2
166,166,L-UAV-01,AMZN,31.2983680,120.5975679,100.0,BUSY,M-L-001,V3
166,166,M-UAV-01,M600,31.3108767,120.6039862,30.5,AVAILABLE,,
166,166,M-UAV-02,M600,31.2971716,120.5956323,30.5,AVAILABLE,,
167,167,EVTOL-01,EC35,31.3126940,120.6024919,199.9,BUSY,M-P-001,V2
167,167,L-UAV-01,AMZN,31.2984872,120.5976434,100.0,BUSY,M-L-001,V3
167,167,M-UAV-01,M600,31.3108767,120.6039862,30.5,AVAILABLE,,
167,167,M-UAV-02,M600,31.2971716,120.5956323,30.5,AVAILABLE,,
168,168,EVTOL-01,EC35,31.3129003,120.6021421,199.9,BUSY,M-P-001,V2
168,168,L-UAV-01,AMZN,31.2986064,120.5977190,100.0,BUSY,M-L-001,V3
168,168,M-UAV-01,M600,31.3108767,120.6039862,30.5,AVAILABLE,,
168,168,M-UAV-02,M600,31.2971716,120.5956323,30.5,AVAILABLE,,
169,169,EVTOL-01,EC35,31.3130715,120.6017671,199.9,BUSY,M-P-001,V2
169,169,L-UAV-01,AMZN,31.2987256,120.5977945,100.0,BUSY,M-L-001,V3
169,169,M-UAV-01,M600,31.3108767,120.6039862,30.5,AVAILABLE,,
169,169,M-UAV-02,M600,31.2971716,120.5956323,30.5,AVAILABLE,,
170,170,EVTOL-01,EC35,31.3132054,120.6013720,199.9,BUSY,M-P-001,V2
170,170,L-UAV-01,AMZN,31.2988448,120.5978701,100.0,BUSY,M-L-001,V3
170,170,M-UAV-01,M600,31.3108767,120.6039862,30.5,AVAILABLE,,
170,170,M-UAV-02,M600,31.2971716,120.5956323,30.5,AVAILABLE,,
171,171,EVTOL-01,EC35,31.3133003,120.6009616,199.9,BUSY,M-P-001,V2
171,171,L-UAV-01,AMZN,31.2989640,120.5979456,100.0,BUSY,M-L-001,V3
171,171,M-UAV-01,M600,31.3108767,120.6039862,30.5,AVAILABLE,,
171,171,M-UAV-02,M600,31.2971716,120.5956323,30.5,AVAILABLE,,
172,172,EVTOL-01,EC35,31.3133550,120.6005414,199.9,BUSY,M-P-001,V2
172,172,L-UAV-01,AMZN,31.2990832,120.5980212,100.0,BUSY,M-L-001,V3
172,172,M-UAV-01,M600,31.3108767,120.6039862,30.5,AVAILABLE,,
172,172,M-UAV-02,M600,31.2971716,120.5956323,30.5,AVAILABLE,,
173,173,EVTOL-01,EC35,31.3133688,120.6001166,199.9,BUSY,M-P-001,V2
173,173,L-UAV-01,AMZN,31.2992024,120.5980967,100.0,BUSY,M-L-001,V3
173,173,M-UAV-01,M600,31.3108767,120.6039862,30.5,AVAILABLE,,
173,173,M-UAV-02,M600,31.2971716,120.5956323,30.5,AVAILABLE,,
174,174,EVTOL-01,EC35,31.3133415,120.5996927,199.9,BUSY,M-P-001,V2
174,174,L-UAV-01,AMZN,31.2993216,120.5981723,100.0,BUSY,M-L-001,V3
174,174,M-UAV-01,M600,31.3108767,120.6039862,30.5,AVAILABLE,,
174,174,M-UAV-02,M600,31.2971716,120.5956323,30.5,AVAILABLE,,
175,175,EVTOL-01,EC35,31.3132734,120.5992751,199.9,BUSY,M-P-001,V2
175,175,L-UAV-01,AMZN,31.2994407,120.5982478,100.0,BUSY,M-L-001,V3
175,175,M-UAV-01,M600,31.3108767,120.6039862,30.5,AVAILABLE,,
175,175,M-UAV-02,M600,31.2971716,120.5956323,30.5,AVAILABLE,,
176,176,EVTOL-01,EC35,31.3131655,120.5988692,199.9,BUSY,M-P-001,V2
176,176,L-UAV-01,AMZN,31.2995599,120.5983233,100.0,BUSY,M-L-001,V3
176,176,M-UAV-01,M600,31.3108767,120.6039862,30.5,AVAILABLE,,
176,176,M-UAV-02,M600,31.2971716,120.5956323,30.5,AVAILABLE,,
177,177,EVTOL-01,EC35,31.3130190,120.5984802,199.9,BUSY,M-P-001,V2
177,177,L-UAV-01,AMZN,31.2996791,120.5983989,100.0,BUSY,M-L-001,V3
177,177,M-UAV-01,M600,31.3108767,120.6039862,30.5,AVAILABLE,,
177,177,M-UAV-02,M600,31.2971716,120.5956323,30.5,AVAILABLE,,
178,178,EVTOL-01,EC35,31.3128360,120.5981130,199.9,BUSY,M-P-001,V2
178,178,L-UAV-01,AMZN,31.2997983,120.5984744,100.0,BUSY,M-L-001,V3
178,178,M-UAV-01,M600,31.3108767,120.6039862,30.5,AVAILABLE,,
178,178,M-UAV-02,M600,31.2971716,120.5956323,30.5,AVAILABLE,,
179,179,EVTOL-01,EC35,31.3126187,120.5977724,199.9,BUSY,M-P-001,V2
179,179,L-UAV-01,AMZN,31.2999175,120.5985500,100.0,BUSY,M-L-001,V3
179,179,M-UAV-01,M600,31.3108767,120.6039862,30.5,AVAILABLE,,
179,179,M-UAV-02,M600,31.2971716,120.5956323,30.5,AVAILABLE,,
180,180,EVTOL-01,EC35,31.3123699,120.5974627,199.9,BUSY,M-P-001,V2
180,180,L-UAV-01,AMZN,31.3000367,120.5986255,100.0,BUSY,M-L-001,V3
180,180,M-UAV-01,M600,31.3108767,120.6039862,30.5,AVAILABLE,,
180,180,M-UAV-02,M600,31.2971716,120.5956323,30.5,AVAILABLE,,
181,181,EVTOL-01,EC35,31.3120928,120.5971879,199.9,BUSY,M-P-001,V2
181,181,L-UAV-01,AMZN,31.3001559,120.5987011,100.0,BUSY,M-L-001,V3
181,181,M-UAV-01,M600,31.3108767,120.6039862,30.5,AVAILABLE,,
181,181,M-UAV-02,M600,31.2971716,120.5956323,30.5,AVAILABLE,,
182,182,EVTOL-01,EC35,31.3117909,120.5969515,199.9,BUSY,M-P-001,V2
182,182,L-UAV-01,AMZN,31.3002751,120.5987766,100.0,BUSY,M-L-001,V3
182,182,M-UAV-01,M600,31.3108767,120.6039862,30.5,AVAILABLE,,
182,182,M-UAV-02,M600,31.2971716,120.5956323,30.5,AVAILABLE,,
183,183,EVTOL-01,EC35,31.3114681,120.5967566,199.9,BUSY,M-P-001,V2
183,183,L-UAV-01,AMZN,31.3003943,120.5988522,100.0,BUSY,M-L-001,V3
183,183,M-UAV-01,M600,31.3108767,120.6039862,30.5,AVAILABLE,,
183,183,M-UAV-02,M600,31.2971716,120.5956323,30.5,AVAILABLE,,
184,184,EVTOL-01,EC35,31.3111286,120.5966055,199.9,BUSY,M-P-001,V2
184,184,L-UAV-01,AMZN,31.3005135,120.5989277,100.0,BUSY,M-L-001,V3
184,184,M-UAV-01,M600,31.3108767,120.6039862,30.5,AVAILABLE,,
184,184,M-UAV-02,M600,31.2971716,120.5956323,30.5,AVAILABLE,,
185,185,EVTOL-01,EC35,31.3107767,120.5965004,199.9,BUSY,M-P-001,V2
185,185,L-UAV-01,AMZN,31.3006326,120.5990033,100.0,BUSY,M-L-001,V3
185,185,M-UAV-01,M600,31.3108767,120.6039862,30.5,AVAILABLE,,
185,185,M-UAV-02,M600,31.2971716,120.5956323,30.5,AVAILABLE,,
186,186,EVTOL-01,EC35,31.3104169,120.5964425,199.9,BUSY,M-P-001,V2
186,186,L-UAV-01,AMZN,31.3007518,120.5990788,100.0,BUSY,M-L-001,V3
186,186,M-UAV-01,M600,31.3108767,120.6039862,30.5,AVAILABLE,,
186,186,M-UAV-02,M600,31.2971716,120.5956323,30.5,AVAILABLE,,
187,187,EVTOL-01,EC35,31.3100542,120.5964203,199.9,BUSY,M-P-001,V2
187,187,L-UAV-01,AMZN,31.3008710,120.5991543,100.0,BUSY,M-L-001,V3
187,187,M-UAV-01,M600,31.3108767,120.6039862,30.5,AVAILABLE,,
187,187,M-UAV-02,M600,31.2971716,120.5956323,30.5,AVAILABLE,,
188,188,EVTOL-01,EC35,31.3096915,120.5963981,199.9,BUSY,M-P-001,V2
188,188,L-UAV-01,AMZN,31.3009902,120.5992299,100.0,BUSY,M-L-001,V3
188,188,M-UAV-01,M600,31.3108767,120.6039862,30.5,AVAILABLE,,
188,188,M-UAV-02,M600,31.2971716,120.5956323,30.5,AVAILABLE,,
189,189,EVTOL-01,EC35,31.3093288,120.5963759,199.9,BUSY,M-P-001,V2
189,189,L-UAV-01,AMZN,31.3011094,120.5993054,100.0,BUSY,M-L-001,V3
189,189,M-UAV-01,M600,31.3108767,120.6039862,30.5,AVAILABLE,,
189,189,M-UAV-02,M600,31.2971716,120.5956323,30.5,AVAILABLE,,
190,190,EVTOL-01,EC35,31.3089662,120.5963537,199.9,BUSY,M-P-001,V2
190,190,L-UAV-01,AMZN,31.3012286,120.5993810,100.0,BUSY,M-L-001,V3
190,190,M-UAV-01,M600,31.3108767,120.6039862,30.5,AVAILABLE,,
190,190,M-UAV-02,M600,31.2971716,120.5956323,30.5,AVAILABLE,,
191,191,EVTOL-01,EC35,31.3086035,120.5963315,199.9,BUSY,M-P-001,V2
191,191,L-UAV-01,AMZN,31.3013478,120.5994565,100.0,BUSY,M-L-001,V3
191,191,M-UAV-01,M600,31.3108767,120.6039862,30.5,AVAILABLE,,
191,191,M-UAV-02,M600,31.2971716,120.5956323,30.5,AVAILABLE,,
192,192,EVTOL-01,EC35,31.3082408,120.5963093,199.9,BUSY,M-P-001,V2
192,192,L-UAV-01,AMZN,31.3014670,120.5995321,100.0,BUSY,M-L-001,V3
192,192,M-UAV-01,M600,31.3108767,120.6039862,30.5,AVAILABLE,,
192,192,M-UAV-02,M600,31.2971716,120.5956323,30.5,AVAILABLE,,
193,193,EVTOL-01,EC35,31.3078781,120.5962872,199.9,BUSY,M-P-001,V2
193,193,L-UAV-01,AMZN,31.3015862,120.5996076,100.0,BUSY,M-L-001,V3
193,193,M-UAV-01,M600,31.3108767,120.6039862,30.5,AVAILABLE,,
193,193,M-UAV-02,M600,31.2971716,120.5956323,30.5,AVAILABLE,,
194,194,EVTOL-01,EC35,31.3075154,120.5962650,199.9,BUSY,M-P-001,V2
194,194,L-UAV-01,AMZN,31.3017053,120.5996832,100.0,BUSY,M-L-001,V3
194,194,M-UAV-01,M600,31.3108767,120.6039862,30.5,AVAILABLE,,
194,194,M-UAV-02,M600,31.2971716,120.5956323,30.5,AVAILABLE,,
195,195,EVTOL-01,EC35,31.3071527,120.5962428,199.9,BUSY,M-P-001,V2
195,195,L-UAV-01,AMZN,31.3018245,120.5997587,100.0,BUSY,M-L-001,V3
195,195,M-UAV-01,M600,31.3108767,120.6039862,30.5,AVAILABLE,,
195,195,M-UAV-02,M600,31.2971716,120.5956323,30.5,AVAILABLE,,
196,196,EVTOL-01,EC35,31.3067900,120.5962206,199.9,BUSY,M-P-001,V2
196,196,L-UAV-01,AMZN,31.3019437,120.5998343,100.0,BUSY,M-L-001,V3
196,196,M-UAV-01,M600,31.3108767,120.6039862,30.5,AVAILABLE,,
196,196,M-UAV-02,M600,31.2971716,120.5956323,30.5,AVAILABLE,,
197,197,EVTOL-01,EC35,31.3064273,120.5961984,199.9,BUSY,M-P-001,V2
197,197,L-UAV-01,AMZN,31.3020629,120.5999098,100.0,BUSY,M-L-001,V3
197,197,M-UAV-01,M600,31.3108767,120.6039862,30.5,AVAILABLE,,
197,197,M-UAV-02,M600,31.2971716,120.5956323,30.5,AVAILABLE,,
198,198,EVTOL-01,EC35,31.3060646,120.5961762,199.9,BUSY,M-P-001,V2
198,198,L-UAV-01,AMZN,31.3021821,120.5999854,100.0,BUSY,M-L-001,V3
198,198,M-UAV-01,M600,31.3108767,120.6039862,30.5,AVAILABLE,,
198,198,M-UAV-02,M600,31.2971716,120.5956323,30.5,AVAILABLE,,
199,199,EVTOL-01,EC35,31.3057019,120.5961541,199.9,BUSY,M-P-001,V2
199,199,L-UAV-01,AMZN,31.3023013,120.6000609,100.0,BUSY,M-L-001,V3
199,199,M-UAV-01,M600,31.3108767,120.6039862,30.5,AVAILABLE,,
199,199,M-UAV-02,M600,31.2971716,120.5956323,30.5,AVAILABLE,,
200,200,EVTOL-01,EC35,31.3053392,120.5961319,199.9,BUSY,M-P-001,V2
200,200,L-UAV-01,AMZN,31.3024205,120.6001365,100.0,BUSY,M-L-001,V3
200,200,M-UAV-01,M600,31.3108767,120.6039862,30.5,AVAILABLE,,
200,200,M-UAV-02,M600,31.2971716,120.5956323,30.5,AVAILABLE,,
201,201,EVTOL-01,EC35,31.3049765,120.5961097,199.9,BUSY,M-P-001,V2
201,201,L-UAV-01,AMZN,31.3025397,120.6002120,100.0,BUSY,M-L-001,V3
201,201,M-UAV-01,M600,31.3108767,120.6039862,30.5,AVAILABLE,,
201,201,M-UAV-02,M600,31.2971716,120.5956323,30.5,AVAILABLE,,
202,202,EVTOL-01,EC35,31.3046138,120.5960875,199.9,BUSY,M-P-001,V2
202,202,L-UAV-01,AMZN,31.3026589,120.6002876,100.0,BUSY,M-L-001,V3
202,202,M-UAV-01,M600,31.3108767,120.6039862,30.5,AVAILABLE,,
202,202,M-UAV-02,M600,31.2971716,120.5956323,30.5,AVAILABLE,,
203,203,EVTOL-01,EC35,31.3042511,120.5960653,199.9,BUSY,M-P-001,V2
203,203,L-UAV-01,AMZN,31.3027781,120.6003631,100.0,BUSY,M-L-001,V3
203,203,M-UAV-01,M600,31.3108767,120.6039862,30.5,AVAILABLE,,
203,203,M-UAV-02,M600,31.2971716,120.5956323,30.5,AVAILABLE,,
204,204,EVTOL-01,EC35,31.3038884,120.5960431,199.9,BUSY,M-P-001,V2
204,204,L-UAV-01,AMZN,31.3028972,120.6004387,100.0,BUSY,M-L-001,V3
204,204,M-UAV-01,M600,31.3108767,120.6039862,30.5,AVAILABLE,,
204,204,M-UAV-02,M600,31.2971716,120.5956323,30.5,AVAILABLE,,
205,205,EVTOL-01,EC35,31.3035257,120.5960209,199.9,BUSY,M-P-001,V2
205,205,L-UAV-01,AMZN,31.3030164,120.6005142,100.0,BUSY,M-L-001,V3
205,205,M-UAV-01,M600,31.3108767,120.6039862,30.5,AVAILABLE,,
205,205,M-UAV-02,M600,31.2971716,120.5956323,30.5,AVAILABLE,,
206,206,EVTOL-01,EC35,31.3031630,120.5959988,199.9,BUSY,M-P-001,V2
206,206,L-UAV-01,AMZN,31.3031356,120.6005898,100.0,BUSY,M-L-001,V3
206,206,M-UAV-01,M600,31.3108767,120.6039862,30.5,AVAILABLE,,
206,206,M-UAV-02,M600,31.2971716,120.5956323,30.5,AVAILABLE,,
207,207,EVTOL-01,EC35,31.3028003,120.5959766,199.9,BUSY,M-P-001,V2
207,207,L-UAV-01,AMZN,31.3032548,120.6006653,100.0,BUSY,M-L-001,V3
207,207,M-UAV-01,M600,31.3108767,120.6039862,30.5,AVAILABLE,,
207,207,M-UAV-02,M600,31.2971716,120.5956323,30.5,AVAILABLE,,
208,208,EVTOL-01,EC35,31.3024376,120.5959544,199.9,BUSY,M-P-001,V2
208,208,L-UAV-01,AMZN,31.3033740,120.6007409,100.0,BUSY,M-L-001,V3
208,208,M-UAV-01,M600,31.3108767,120.6039862,30.5,AVAILABLE,,
208,208,M-UAV-02,M600,31.2971716,120.5956323,30.5,AVAILABLE,,
209,209,EVTOL-01,EC35,31.3020749,120.5959322,199.9,BUSY,M-P-001,V2
209,209,L-UAV-01,AMZN,31.3034932,120.6008164,100.0,BUSY,M-L-001,V3
209,209,M-UAV-01,M600,31.3108767,120.6039862,30.5,AVAILABLE,,
209,209,M-UAV-02,M600,31.2971716,120.5956323,30.5,AVAILABLE,,
210,210,EVTOL-01,EC35,31.3017122,120.5959100,199.9,BUSY,M-P-001,V2
210,210,L-UAV-01,AMZN,31.3036124,120.6008920,100.0,BUSY,M-L-001,V3
210,210,M-UAV-01,M600,31.3108767,120.6039862,30.5,AVAILABLE,,
210,210,M-UAV-02,M600,31.2971716,120.5956323,30.5,AVAILABLE,,
211,211,EVTOL-01,EC35,31.3013496,120.5958878,199.9,BUSY,M-P-001,V2
211,211,L-UAV-01,AMZN,31.3037316,120.6009675,100.0,BUSY,M-L-001,V3
211,211,M-UAV-01,M600,31.3108767,120.6039862,30.5,AVAILABLE,,
211,211,M-UAV-02,M600,31.2971716,120.5956323,30.5,AVAILABLE,,
212,212,EVTOL-01,EC35,31.3009869,120.5958657,199.9,BUSY,M-P-001,V2
212,212,L-UAV-01,AMZN,31.3038508,120.6010431,100.0,BUSY,M-L-001,V3
212,212,M-UAV-01,M600,31.3108767,120.6039862,30.5,AVAILABLE,,
212,212,M-UAV-02,M600,31.2971716,120.5956323,30.5,AVAILABLE,,
213,213,EVTOL-01,EC35,31.3006242,120.5958435,199.9,BUSY,M-P-001,V2
213,213,L-UAV-01,AMZN,31.3039699,120.6011186,100.0,BUSY,M-L-001,V3
213,213,M-UAV-01,M600,31.3108767,120.6039862,30.5,AVAILABLE,,
213,213,M-UAV-02,M600,31.2971716,120.5956323,30.5,AVAILABLE,,
214,214,EVTOL-01,EC35,31.3002615,120.5958213,199.9,BUSY,M-P-001,V2
214,214,L-UAV-01,AMZN,31.3040891,120.6011942,100.0,BUSY,M-L-001,V3
214,214,M-UAV-01,M600,31.3108767,120.6039862,30.5,AVAILABLE,,
214,214,M-UAV-02,M600,31.2971716,120.5956323,30.5,AVAILABLE,,
215,215,EVTOL-01,EC35,31.2998988,120.5957991,199.9,BUSY,M-P-001,V2
215,215,L-UAV-01,AMZN,31.3042083,120.6012697,100.0,BUSY,M-L-001,V3
215,215,M-UAV-01,M600,31.3108767,120.6039862,30.5,AVAILABLE,,
215,215,M-UAV-02,M600,31.2971716,120.5956323,30.5,AVAILABLE,,
216,216,EVTOL-01,EC35,31.2995361,120.5957769,199.9,BUSY,M-P-001,V2
216,216,L-UAV-01,AMZN,31.3043275,120.6013453,100.0,BUSY,M-L-001,V3
216,216,M-UAV-01,M600,31.3108767,120.6039862,30.5,AVAILABLE,,
216,216,M-UAV-02,M600,31.2971716,120.5956323,30.5,AVAILABLE,,
217,217,EVTOL-01,EC35,31.2991734,120.5957548,199.9,BUSY,M-P-001,V2
217,217,L-UAV-01,AMZN,31.3044467,120.6014208,100.0,BUSY,M-L-001,V3
217,217,M-UAV-01,M600,31.3108767,120.6039862,30.5,AVAILABLE,,
217,217,M-UAV-02,M600,31.2971716,120.5956323,30.5,AVAILABLE,,
218,218,EVTOL-01,EC35,31.2988107,120.5957326,199.9,BUSY,M-P-001,V2
218,218,L-UAV-01,AMZN,31.3045659,120.6014964,100.0,BUSY,M-L-001,V3
218,218,M-UAV-01,M600,31.3108767,120.6039862,30.5,AVAILABLE,,
218,218,M-UAV-02,M600,31.2971716,120.5956323,30.5,AVAILABLE,,
219,219,EVTOL-01,EC35,31.2984480,120.5957104,199.9,BUSY,M-P-001,V2
219,219,L-UAV-01,AMZN,31.3046851,120.6015719,100.0,BUSY,M-L-001,V3
219,219,M-UAV-01,M600,31.3108767,120.6039862,30.5,AVAILABLE,,
219,219,M-UAV-02,M600,31.2971716,120.5956323,30.5,AVAILABLE,,
220,220,EVTOL-01,EC35,31.2980853,120.5956882,199.9,BUSY,M-P-001,V2
220,220,L-UAV-01,AMZN,31.3048043,120.6016475,100.0,BUSY,M-L-001,V3
220,220,M-UAV-01,M600,31.3108767,120.6039862,30.5,AVAILABLE,,
220,220,M-UAV-02,M600,31.2971716,120.5956323,30.5,AVAILABLE,,
221,221,EVTOL-01,EC35,31.2977226,120.5956660,199.9,BUSY,M-P-001,V1
221,221,L-UAV-01,AMZN,31.3049234,120.6017231,100.0,BUSY,M-L-001,V3
221,221,M-UAV-01,M600,31.3108767,120.6039862,30.5,AVAILABLE,,
221,221,M-UAV-02,M600,31.2971716,120.5956323,30.5,AVAILABLE,,
222,222,EVTOL-01,EC35,31.2973601,120.5956919,199.9,BUSY,M-P-001,V1
222,222,L-UAV-01,AMZN,31.3050426,120.6017986,100.0,BUSY,M-L-001,V3
222,222,M-UAV-01,M600,31.3108767,120.6039862,30.5,AVAILABLE,,
222,222,M-UAV-02,M600,31.2971716,120.5956323,30.5,AVAILABLE,,
223,223,EVTOL-01,EC35,31.2970024,120.5957656,199.9,BUSY,M-P-001,V1
223,223,L-UAV-01,AMZN,31.3051618,120.6018742,100.0,BUSY,M-L-001,V3
223,223,M-UAV-01,M600,31.3108767,120.6039862,30.5,AVAILABLE,,
223,223,M-UAV-02,M600,31.2971716,120.5956323,30.5,AVAILABLE,,
224,224,EVTOL-01,EC35,31.2966541,120.5958862,199.9,BUSY,M-P-001,V1
224,224,L-UAV-01,AMZN,31.3052810,120.6019497,100.0,BUSY,M-L-001,V3
224,224,M-UAV-01,M600,31.3108767,120.6039862,30.5,AVAILABLE,,
224,224,M-UAV-02,M600,31.2971716,120.5956323,30.5,AVAILABLE,,
225,225,EVTOL-01,EC35,31.2963197,120.5960520,199.9,BUSY,M-P-001,V1
225,225,L-UAV-01,AMZN,31.3054002,120.6020253,100.0,BUSY,M-L-001,V3
225,225,M-UAV-01,M600,31.3108767,120.6039862,30.5,AVAILABLE,,
225,225,M-UAV-02,M600,31.2971716,120.5956323,30.5,AVAILABLE,,
226,226,EVTOL-01,EC35,31.2960034,120.5962609,199.9,BUSY,M-P-001,V1
226,226,L-UAV-01,AMZN,31.3055194,120.6021008,100.0,BUSY,M-L-001,V3
226,226,M-UAV-01,M600,31.3108767,120.6039862,30.5,AVAILABLE,,
226,226,M-UAV-02,M600,31.2971716,120.5956323,30.5,AVAILABLE,,
227,227,EVTOL-01,EC35,31.2957094,120.5965104,199.9,BUSY,M-P-001,V1
227,227,L-UAV-01,AMZN,31.3056386,120.6021764,100.0,BUSY,M-L-001,V3
227,227,M-UAV-01,M600,31.3108767,120.6039862,30.5,AVAILABLE,,
227,227,M-UAV-02,M600,31.2971716,120.5956323,30.5,AVAILABLE,,
228,228,EVTOL-01,EC35,31.2954413,120.5967971,199.9,BUSY,M-P-001,V1
228,228,L-UAV-01,AMZN,31.3057578,120.6022519,100.0,BUSY,M-L-001,V3
228,228,M-UAV-01,M600,31.3108767,120.6039862,30.5,AVAILABLE,,
228,228,M-UAV-02,M600,31.2971716,120.5956323,30.5,AVAILABLE,,
229,229,EVTOL-01,EC35,31.2952026,120.5971174,199.9,BUSY,M-P-001,V1
229,229,L-UAV-01,AMZN,31.3058770,120.6023275,100.0,BUSY,M-L-001,V2
229,229,M-UAV-01,M600,31.3108767,120.6039862,30.5,AVAILABLE,,
229,229,M-UAV-02,M600,31.2971716,120.5956323,30.5,AVAILABLE,,
230,230,EVTOL-01,EC35,31.2949963,120.5974673,199.9,BUSY,M-P-001,V1
230,230,L-UAV-01,AMZN,31.3060100,120.6023579,100.0,BUSY,M-L-001,V2
230,230,M-UAV-01,M600,31.3108767,120.6039862,30.5,AVAILABLE,,
230,230,M-UAV-02,M600,31.2971716,120.5956323,30.5,AVAILABLE,,
231,231,EVTOL-01,EC35,31.2948252,120.5978422,199.9,BUSY,M-P-001,V1
231,231,L-UAV-01,AMZN,31.3061447,120.6023404,100.0,BUSY,M-L-001,V2
231,231,M-UAV-01,M600,31.3108767,120.6039862,30.5,AVAILABLE,,
231,231,M-UAV-02,M600,31.2971716,120.5956323,30.5,AVAILABLE,,
232,232,EVTOL-01,EC35,31.2946913,120.5982373,199.9,BUSY,M-P-001,V1
232,232,L-UAV-01,AMZN,31.3062688,120.6022766,100.0,BUSY,M-L-001,V2
232,232,M-UAV-01,M600,31.3108767,120.6039862,30.5,AVAILABLE,,
232,232,M-UAV-02,M600,31.2971716,120.5956323,30.5,AVAILABLE,,
233,233,EVTOL-01,EC35,31.2945965,120.5986476,199.9,BUSY,M-P-001,V1
233,233,L-UAV-01,AMZN,31.3063710,120.6021724,100.0,BUSY,M-L-001,V2
233,233,M-UAV-01,M600,31.3108767,120.6039862,30.5,AVAILABLE,,
233,233,M-UAV-02,M600,31.2971716,120.5956323,30.5,AVAILABLE,,
234,234,EVTOL-01,EC35,31.2945418,120.5990677,199.9,BUSY,M-P-001,V1
234,234,L-UAV-01,AMZN,31.3064418,120.6020371,100.0,BUSY,M-L-001,V2
234,234,M-UAV-01,M600,31.3108767,120.6039862,30.5,AVAILABLE,,
234,234,M-UAV-02,M600,31.2971716,120.5956323,30.5,AVAILABLE,,
235,235,EVTOL-01,EC35,31.2945281,120.5994925,199.9,BUSY,M-P-001,V1
235,235,L-UAV-01,AMZN,31.3064749,120.6018833,100.0,BUSY,M-L-001,V2
235,235,M-UAV-01,M600,31.3108767,120.6039862,30.5,AVAILABLE,,
235,235,M-UAV-02,M600,31.2971716,120.5956323,30.5,AVAILABLE,,
236,236,EVTOL-01,EC35,31.2945555,120.5999163,199.9,BUSY,M-P-001,V1
236,236,L-UAV-01,AMZN,31.3064673,120.6017249,100.0,BUSY,M-L-001,V2
236,236,M-UAV-01,M600,31.3108767,120.6039862,30.5,AVAILABLE,,
236,236,M-UAV-02,M600,31.2971716,120.5956323,30.5,AVAILABLE,,
237,237,EVTOL-01,EC35,31.2946237,120.6003338,199.9,BUSY,M-P-001,V1
237,237,L-UAV-01,AMZN,31.3064195,120.6015764,100.0,BUSY,M-L-001,V2
237,237,M-UAV-01,M600,31.3108767,120.6039862,30.5,AVAILABLE,,
237,237,M-UAV-02,M600,31.2971716,120.5956323,30.5,AVAILABLE,,
238,238,EVTOL-01,EC35,31.2947317,120.6007396,199.9,BUSY,M-P-001,V1
238,238,L-UAV-01,AMZN,31.3063360,120.6014514,100.0,BUSY,M-L-001,V2
238,238,M-UAV-01,M600,31.3108767,120.6039862,30.5,AVAILABLE,,
238,238,M-UAV-02,M600,31.2971716,120.5956323,30.5,AVAILABLE,,
239,239,EVTOL-01,EC35,31.2948782,120.6011285,199.9,BUSY,M-P-001,V1
239,239,L-UAV-01,AMZN,31.3062245,120.6013613,100.0,BUSY,M-L-001,V2
239,239,M-UAV-01,M600,31.3108767,120.6039862,30.5,AVAILABLE,,
239,239,M-UAV-02,M600,31.2971716,120.5956323,30.5,AVAILABLE,,
240,240,EVTOL-01,EC35,31.2950613,120.6014955,199.9,BUSY,M-P-001,V1
240,240,L-UAV-01,AMZN,31.3061052,120.6012859,100.0,BUSY,M-L-001,V2
240,240,M-UAV-01,M600,31.3108767,120.6039862,30.5,AVAILABLE,,
240,240,M-UAV-02,M600,31.2971716,120.5956323,30.5,AVAILABLE,,
241,241,EVTOL-01,EC35,31.2952787,120.6018360,199.9,BUSY,M-P-001,V1
241,241,L-UAV-01,AMZN,31.3059860,120.6012104,100.0,BUSY,M-L-001,V2
241,241,M-UAV-01,M600,31.3108767,120.6039862,30.5,AVAILABLE,,
241,241,M-UAV-02,M600,31.2971716,120.5956323,30.5,AVAILABLE,,
242,242,EVTOL-01,EC35,31.2955275,120.6021456,199.9,BUSY,M-P-001,V1
242,242,L-UAV-01,AMZN,31.3058668,120.6011349,100.0,BUSY,M-L-001,V2
242,242,M-UAV-01,M600,31.3108767,120.6039862,30.5,AVAILABLE,,
242,242,M-UAV-02,M600,31.2971716,120.5956323,30.5,AVAILABLE,,
243,243,EVTOL-01,EC35,31.2958047,120.6024203,199.9,BUSY,M-P-001,V1
243,243,L-UAV-01,AMZN,31.3057476,120.6010595,100.0,BUSY,M-L-001,V2
243,243,M-UAV-01,M600,31.3108767,120.6039862,30.5,AVAILABLE,,
243,243,M-UAV-02,M600,31.2971716,120.5956323,30.5,AVAILABLE,,
244,244,EVTOL-01,EC35,31.2961066,120.6026566,199.9,BUSY,M-P-001,V1
244,244,L-UAV-01,AMZN,31.3056283,120.6009840,100.0,BUSY,M-L-001,V2
244,244,M-UAV-01,M600,31.3108767,120.6039862,30.5,AVAILABLE,,
244,244,M-UAV-02,M600,31.2971716,120.5956323,30.5,AVAILABLE,,
245,245,EVTOL-01,EC35,31.2964294,120.6028514,199.9,BUSY,M-P-001,V1
245,245,L-UAV-01,AMZN,31.3055091,120.6009086,100.0,BUSY,M-L-001,V2
245,245,M-UAV-01,M600,31.3108767,120.6039862,30.5,AVAILABLE,,
245,245,M-UAV-02,M600,31.2971716,120.5956323,30.5,AVAILABLE,,
246,246,EVTOL-01,EC35,31.2967689,120.6030023,199.9,BUSY,M-P-001,V1
246,246,L-UAV-01,AMZN,31.3053899,120.6008331,100.0,BUSY,M-L-001,V2
246,246,M-UAV-01,M600,31.3108767,120.6039862,30.5,AVAILABLE,,
246,246,M-UAV-02,M600,31.2971716,120.5956323,30.5,AVAILABLE,,
247,247,EVTOL-01,EC35,31.2971208,120.6031074,199.9,BUSY,M-P-001,V1
247,247,L-UAV-01,AMZN,31.3052706,120.6007576,100.0,BUSY,M-L-001,V2
247,247,M-UAV-01,M600,31.3108767,120.6039862,30.5,AVAILABLE,,
247,247,M-UAV-02,M600,31.2971716,120.5956323,30.5,AVAILABLE,,
248,248,EVTOL-01,EC35,31.2974806,120.6031652,199.9,BUSY,M-P-001,V1
248,248,L-UAV-01,AMZN,31.3051514,120.6006822,100.0,BUSY,M-L-001,V2
248,248,M-UAV-01,M600,31.3108767,120.6039862,30.5,AVAILABLE,,
248,248,M-UAV-02,M600,31.2971716,120.5956323,30.5,AVAILABLE,,
249,249,EVTOL-01,EC35,31.2978433,120.6031874,199.9,BUSY,M-P-001,V1
249,249,L-UAV-01,AMZN,31.3050322,120.6006067,100.0,BUSY,M-L-001,V2
249,249,M-UAV-01,M600,31.3108767,120.6039862,30.5,AVAILABLE,,
249,249,M-UAV-02,M600,31.2971716,120.5956323,30.5,AVAILABLE,,
250,250,EVTOL-01,EC35,31.2982060,120.6032097,199.9,BUSY,M-P-001,V1
250,250,L-UAV-01,AMZN,31.3049129,120.6005313,100.0,BUSY,M-L-001,V2
250,250,M-UAV-01,M600,31.3108767,120.6039862,30.5,AVAILABLE,,
250,250,M-UAV-02,M600,31.2971716,120.5956323,30.5,AVAILABLE,,
251,251,EVTOL-01,EC35,31.2985687,120.6032319,199.9,BUSY,M-P-001,V1
251,251,L-UAV-01,AMZN,31.3047937,120.6004558,100.0,BUSY,M-L-001,V2
251,251,M-UAV-01,M600,31.3108767,120.6039862,30.5,AVAILABLE,,
251,251,M-UAV-02,M600,31.2971716,120.5956323,30.5,AVAILABLE,,
252,252,EVTOL-01,EC35,31.2989314,120.6032541,199.9,BUSY,M-P-001,V1
252,252,L-UAV-01,AMZN,31.3046745,120.6003803,100.0,BUSY,M-L-001,V2
252,252,M-UAV-01,M600,31.3108767,120.6039862,30.5,AVAILABLE,,
252,252,M-UAV-02,M600,31.2971716,120.5956323,30.5,AVAILABLE,,
253,253,EVTOL-01,EC35,31.2992941,120.6032763,199.9,BUSY,M-P-001,V1
253,253,L-UAV-01,AMZN,31.3045552,120.6003049,100.0,BUSY,M-L-001,V2
253,253,M-UAV-01,M600,31.3108767,120.6039862,30.5,AVAILABLE,,
253,253,M-UAV-02,M600,31.2971716,120.5956323,30.5,AVAILABLE,,
254,254,EVTOL-01,EC35,31.2996568,120.6032986,199.9,BUSY,M-P-001,V1
254,254,L-UAV-01,AMZN,31.3044360,120.6002294,100.0,BUSY,M-L-001,V2
254,254,M-UAV-01,M600,31.3108767,120.6039862,30.5,AVAILABLE,,
254,254,M-UAV-02,M600,31.2971716,120.5956323,30.5,AVAILABLE,,
255,255,EVTOL-01,EC35,31.3000195,120.6033208,199.9,BUSY,M-P-001,V1
255,255,L-UAV-01,AMZN,31.3043168,120.6001540,100.0,BUSY,M-L-001,V2
255,255,M-UAV-01,M600,31.3108767,120.6039862,30.5,AVAILABLE,,
255,255,M-UAV-02,M600,31.2971716,120.5956323,30.5,AVAILABLE,,
256,256,EVTOL-01,EC35,31.3003822,120.6033430,199.9,BUSY,M-P-001,V1
256,256,L-UAV-01,AMZN,31.3041975,120.6000785,100.0,BUSY,M-L-001,V2
256,256,M-UAV-01,M600,31.3108767,120.6039862,30.5,AVAILABLE,,
256,256,M-UAV-02,M600,31.2971716,120.5956323,30.5,AVAILABLE,,
257,257,EVTOL-01,EC35,31.3007449,120.6033652,199.9,BUSY,M-P-001,V1
257,257,L-UAV-01,AMZN,31.3040783,120.6000030,100.0,BUSY,M-L-001,V2
257,257,M-UAV-01,M600,31.3108767,120.6039862,30.5,AVAILABLE,,
257,257,M-UAV-02,M600,31.2971716,120.5956323,30.5,AVAILABLE,,
258,258,EVTOL-01,EC35,31.3011076,120.6033875,199.9,BUSY,M-P-001,V1
258,258,L-UAV-01,AMZN,31.3039591,120.5999276,100.0,BUSY,M-L-001,V2
258,258,M-UAV-01,M600,31.3108767,120.6039862,30.5,AVAILABLE,,
258,258,M-UAV-02,M600,31.2971716,120.5956323,30.5,AVAILABLE,,
259,259,EVTOL-01,EC35,31.3014703,120.6034097,199.9,BUSY,M-P-001,V1
259,259,L-UAV-01,AMZN,31.3038398,120.5998521,100.0,BUSY,M-L-001,V2
259,259,M-UAV-01,M600,31.3108767,120.6039862,30.5,AVAILABLE,,
259,259,M-UAV-02,M600,31.2971716,120.5956323,30.5,AVAILABLE,,
260,260,EVTOL-01,EC35,31.3018330,120.6034319,199.9,BUSY,M-P-001,V1
260,260,L-UAV-01,AMZN,31.3037206,120.5997767,100.0,BUSY,M-L-001,V2
260,260,M-UAV-01,M600,31.3108767,120.6039862,30.5,AVAILABLE,,
260,260,M-UAV-02,M600,31.2971716,120.5956323,30.5,AVAILABLE,,
261,261,EVTOL-01,EC35,31.3021957,120.6034541,199.9,BUSY,M-P-001,V1
261,261,L-UAV-01,AMZN,31.3036014,120.5997012,100.0,BUSY,M-L-001,V2
261,261,M-UAV-01,M600,31.3108767,120.6039862,30.5,AVAILABLE,,
261,261,M-UAV-02,M600,31.2971716,120.5956323,30.5,AVAILABLE,,
262,262,EVTOL-01,EC35,31.3025583,120.6034764,199.9,BUSY,M-P-001,V1
262,262,L-UAV-01,AMZN,31.3034822,120.5996258,100.0,BUSY,M-L-001,V2
262,262,M-UAV-01,M600,31.3108767,120.6039862,30.5,AVAILABLE,,
262,262,M-UAV-02,M600,31.2971716,120.5956323,30.5,AVAILABLE,,
263,263,EVTOL-01,EC35,31.3029210,120.6034986,199.9,BUSY,M-P-001,V1
263,263,L-UAV-01,AMZN,31.3033629,120.5995503,100.0,BUSY,M-L-001,V2
263,263,M-UAV-01,M600,31.3108767,120.6039862,30.5,AVAILABLE,,
263,263,M-UAV-02,M600,31.2971716,120.5956323,30.5,AVAILABLE,,
264,264,EVTOL-01,EC35,31.3032837,120.6035208,199.9,BUSY,M-P-001,V1
264,264,L-UAV-01,AMZN,31.3032437,120.5994748,100.0,BUSY,M-L-001,V2
264,264,M-UAV-01,M600,31.3108767,120.6039862,30.5,AVAILABLE,,
264,264,M-UAV-02,M600,31.2971716,120.5956323,30.5,AVAILABLE,,
265,265,EVTOL-01,EC35,31.3036464,120.6035430,199.9,BUSY,M-P-001,V1
265,265,L-UAV-01,AMZN,31.3031245,120.5993994,100.0,BUSY,M-L-001,V2
265,265,M-UAV-01,M600,31.3108767,120.6039862,30.5,AVAILABLE,,
265,265,M-UAV-02,M600,31.2971716,120.5956323,30.5,AVAILABLE,,
266,266,EVTOL-01,EC35,31.3040091,120.6035653,199.9,BUSY,M-P-001,V1
266,266,L-UAV-01,AMZN,31.3030052,120.5993239,100.0,BUSY,M-L-001,V2
266,266,M-UAV-01,M600,31.3108767,120.6039862,30.5,AVAILABLE,,
266,266,M-UAV-02,M600,31.2971716,120.5956323,30.5,AVAILABLE,,
267,267,EVTOL-01,EC35,31.3043718,120.6035875,199.9,BUSY,M-P-001,V1
267,267,L-UAV-01,AMZN,31.3028860,120.5992485,100.0,BUSY,M-L-001,V2
267,267,M-UAV-01,M600,31.3108767,120.6039862,30.5,AVAILABLE,,
267,267,M-UAV-02,M600,31.2971716,120.5956323,30.5,AVAILABLE,,
268,268,EVTOL-01,EC35,31.3047345,120.6036097,199.9,BUSY,M-P-001,V1
268,268,L-UAV-01,AMZN,31.3027668,120.5991730,100.0,BUSY,M-L-001,V2
268,268,M-UAV-01,M600,31.3108767,120.6039862,30.5,AVAILABLE,,
268,268,M-UAV-02,M600,31.2971716,120.5956323,30.5,AVAILABLE,,
269,269,EVTOL-01,EC35,31.3050972,120.6036319,199.9,BUSY,M-P-001,V1
269,269,L-UAV-01,AMZN,31.3026475,120.5990976,100.0,BUSY,M-L-001,V2
269,269,M-UAV-01,M600,31.3108767,120.6039862,30.5,AVAILABLE,,
269,269,M-UAV-02,M600,31.2971716,120.5956323,30.5,AVAILABLE,,
270,270,EVTOL-01,EC35,31.3054599,120.6036542,199.9,BUSY,M-P-001,V1
270,270,L-UAV-01,AMZN,31.3025283,120.5990221,100.0,BUSY,M-L-001,V2
270,270,M-UAV-01,M600,31.3108767,120.6039862,30.5,AVAILABLE,,
270,270,M-UAV-02,M600,31.2971716,120.5956323,30.5,AVAILABLE,,
271,271,EVTOL-01,EC35,31.3058226,120.6036764,199.9,BUSY,M-P-001,V1
271,271,L-UAV-01,AMZN,31.3024091,120.5989466,100.0,BUSY,M-L-001,V2
271,271,M-UAV-01,M600,31.3108767,120.6039862,30.5,AVAILABLE,,
271,271,M-UAV-02,M600,31.2971716,120.5956323,30.5,AVAILABLE,,
272,272,EVTOL-01,EC35,31.3061853,120.6036986,199.9,BUSY,M-P-001,V1
272,272,L-UAV-01,AMZN,31.3022898,120.5988712,100.0,BUSY,M-L-001,V2
272,272,M-UAV-01,M600,31.3108767,120.6039862,30.5,AVAILABLE,,
272,272,M-UAV-02,M600,31.2971716,120.5956323,30.5,AVAILABLE,,
273,273,EVTOL-01,EC35,31.3065480,120.6037209,199.9,BUSY,M-P-001,V1
273,273,L-UAV-01,AMZN,31.3021706,120.5987957,100.0,BUSY,M-L-001,V2
273,273,M-UAV-01,M600,31.3108767,120.6039862,30.5,AVAILABLE,,
273,273,M-UAV-02,M600,31.2971716,120.5956323,30.5,AVAILABLE,,
274,274,EVTOL-01,EC35,31.3069107,120.6037431,199.9,BUSY,M-P-001,V1
274,274,L-UAV-01,AMZN,31.3020514,120.5987203,100.0,BUSY,M-L-001,V2
274,274,M-UAV-01,M600,31.3108767,120.6039862,30.5,AVAILABLE,,
274,274,M-UAV-02,M600,31.2971716,120.5956323,30.5,AVAILABLE,,
275,275,EVTOL-01,EC35,31.3072734,120.6037653,199.9,BUSY,M-P-001,V1
275,275,L-UAV-01,AMZN,31.3019321,120.5986448,100.0,BUSY,M-L-001,V2
275,275,M-UAV-01,M600,31.3108767,120.6039862,30.5,AVAILABLE,,
275,275,M-UAV-02,M600,31.2971716,120.5956323,30.5,AVAILABLE,,
276,276,EVTOL-01,EC35,31.3076361,120.6037875,199.9,BUSY,M-P-001,V1
276,276,L-UAV-01,AMZN,31.3018129,120.5985694,100.0,BUSY,M-L-001,V2
276,276,M-UAV-01,M600,31.3108767,120.6039862,30.5,AVAILABLE,,
276,276,M-UAV-02,M600,31.2971716,120.5956323,30.5,AVAILABLE,,
277,277,EVTOL-01,EC35,31.3079988,120.6038098,199.9,BUSY,M-P-001,V1
277,277,L-UAV-01,AMZN,31.3016937,120.5984939,100.0,BUSY,M-L-001,V2
277,277,M-UAV-01,M600,31.3108767,120.6039862,30.5,AVAILABLE,,
277,277,M-UAV-02,M600,31.2971716,120.5956323,30.5,AVAILABLE,,
278,278,EVTOL-01,EC35,31.3083614,120.6038320,199.9,BUSY,M-P-001,V1
278,278,L-UAV-01,AMZN,31.3015744,120.5984185,100.0,BUSY,M-L-001,V2
278,278,M-UAV-01,M600,31.3108767,120.6039862,30.5,AVAILABLE,,
278,278,M-UAV-02,M600,31.2971716,120.5956323,30.5,AVAILABLE,,
279,279,EVTOL-01,EC35,31.3087241,120.6038542,199.9,BUSY,M-P-001,V1
279,279,L-UAV-01,AMZN,31.3014552,120.5983430,100.0,BUSY,M-L-001,V2
279,279,M-UAV-01,M600,31.3108767,120.6039862,30.5,AVAILABLE,,
279,279,M-UAV-02,M600,31.2971716,120.5956323,30.5,AVAILABLE,,
280,280,EVTOL-01,EC35,31.3090868,120.6038765,199.9,BUSY,M-P-001,V1
280,280,L-UAV-01,AMZN,31.3013360,120.5982676,100.0,BUSY,M-L-001,V2
280,280,M-UAV-01,M600,31.3108767,120.6039862,30.5,AVAILABLE,,
280,280,M-UAV-02,M600,31.2971716,120.5956323,30.5,AVAILABLE,,
281,281,EVTOL-01,EC35,31.3094495,120.6038987,199.9,BUSY,M-P-001,V1
281,281,L-UAV-01,AMZN,31.3012167,120.5981921,100.0,BUSY,M-L-001,V2
281,281,M-UAV-01,M600,31.3108767,120.6039862,30.5,AVAILABLE,,
281,281,M-UAV-02,M600,31.2971716,120.5956323,30.5,AVAILABLE,,
282,282,EVTOL-01,EC35,31.3098122,120.6039209,199.9,BUSY,M-P-001,V1
282,282,L-UAV-01,AMZN,31.3010975,120.5981166,100.0,BUSY,M-L-001,V2
282,282,M-UAV-01,M600,31.3108767,120.6039862,30.5,AVAILABLE,,
282,282,M-UAV-02,M600,31.2971716,120.5956323,30.5,AVAILABLE,,
283,283,EVTOL-01,EC35,31.3101749,120.6039431,199.9,BUSY,M-P-001,V2
283,283,L-UAV-01,AMZN,31.3009783,120.5980412,100.0,BUSY,M-L-001,V2
283,283,M-UAV-01,M600,31.3108767,120.6039862,30.5,AVAILABLE,,
283,283,M-UAV-02,M600,31.2971716,120.5956323,30.5,AVAILABLE,,
284,284,EVTOL-01,EC35,31.3105374,120.6039173,199.9,BUSY,M-P-001,V2
284,284,L-UAV-01,AMZN,31.3008590,120.5979657,100.0,BUSY,M-L-001,V2
284,284,M-UAV-01,M600,31.3108767,120.6039862,30.5,AVAILABLE,,
284,284,M-UAV-02,M600,31.2971716,120.5956323,30.5,AVAILABLE,,
285,285,EVTOL-01,EC35,31.3108951,120.6038436,199.9,BUSY,M-P-001,V2
285,285,L-UAV-01,AMZN,31.3007398,120.5978903,100.0,BUSY,M-L-001,V2
285,285,M-UAV-01,M600,31.3108767,120.6039862,30.5,AVAILABLE,,
285,285,M-UAV-02,M600,31.2971716,120.5956323,30.5,AVAILABLE,,
286,286,EVTOL-01,EC35,31.3112434,120.6037231,199.9,BUSY,M-P-001,V2
286,286,L-UAV-01,AMZN,31.3006206,120.5978148,100.0,BUSY,M-L-001,V2
286,286,M-UAV-01,M600,31.3108767,120.6039862,30.5,AVAILABLE,,
286,286,M-UAV-02,M600,31.2971716,120.5956323,30.5,AVAILABLE,,
287,287,EVTOL-01,EC35,31.3115779,120.6035573,199.9,BUSY,M-P-001,V2
287,287,L-UAV-01,AMZN,31.3005013,120.5977394,100.0,BUSY,M-L-001,V2
287,287,M-UAV-01,M600,31.3108767,120.6039862,30.5,AVAILABLE,,
287,287,M-UAV-02,M600,31.2971716,120.5956323,30.5,AVAILABLE,,
288,288,EVTOL-01,EC35,31.3118941,120.6033484,199.9,BUSY,M-P-001,V2
288,288,L-UAV-01,AMZN,31.3003821,120.5976639,100.0,BUSY,M-L-001,V2
288,288,M-UAV-01,M600,31.3108767,120.6039862,30.5,AVAILABLE,,
288,288,M-UAV-02,M600,31.2971716,120.5956323,30.5,AVAILABLE,,
289,289,EVTOL-01,EC35,31.3121882,120.6030989,199.9,BUSY,M-P-001,V2
289,289,L-UAV-01,AMZN,31.3002629,120.5975885,100.0,BUSY,M-L-001,V2
289,289,M-UAV-01,M600,31.3108767,120.6039862,30.5,AVAILABLE,,
289,289,M-UAV-02,M600,31.2971716,120.5956323,30.5,AVAILABLE,,
290,290,EVTOL-01,EC35,31.3124564,120.6028122,199.9,BUSY,M-P-001,V2
290,290,L-UAV-01,AMZN,31.3001436,120.5975130,100.0,BUSY,M-L-001,V2
290,290,M-UAV-01,M600,31.3108767,120.6039862,30.5,AVAILABLE,,
290,290,M-UAV-02,M600,31.2971716,120.5956323,30.5,AVAILABLE,,
291,291,EVTOL-01,EC35,31.3126951,120.6024918,199.9,BUSY,M-P-001,V2
291,291,L-UAV-01,AMZN,31.3000244,120.5974376,100.0,BUSY,M-L-001,V2
291,291,M-UAV-01,M600,31.3108767,120.6039862,30.5,AVAILABLE,,
291,291,M-UAV-02,M600,31.2971716,120.5956323,30.5,AVAILABLE,,
292,292,EVTOL-01,EC35,31.3129014,120.6021419,199.9,BUSY,M-P-001,V2
292,292,L-UAV-01,AMZN,31.2999052,120.5973621,100.0,BUSY,M-L-001,V2
292,292,M-UAV-01,M600,31.3108767,120.6039862,30.5,AVAILABLE,,
292,292,M-UAV-02,M600,31.2971716,120.5956323,30.5,AVAILABLE,,
293,293,EVTOL-01,EC35,31.3130725,120.6017670,199.9,BUSY,M-P-001,V2
293,293,L-UAV-01,AMZN,31.2997859,120.5972867,100.0,BUSY,M-L-001,V2
293,293,M-UAV-01,M600,31.3108767,120.6039862,30.5,AVAILABLE,,
293,293,M-UAV-02,M600,31.2971716,120.5956323,30.5,AVAILABLE,,
294,294,EVTOL-01,EC35,31.3132064,120.6013718,199.9,BUSY,M-P-001,V2
294,294,L-UAV-01,AMZN,31.2996667,120.5972112,100.0,BUSY,M-L-001,V2
294,294,M-UAV-01,M600,31.3108767,120.6039862,30.5,AVAILABLE,,
294,294,M-UAV-02,M600,31.2971716,120.5956323,30.5,AVAILABLE,,
295,295,EVTOL-01,EC35,31.3133013,120.6009615,199.9,BUSY,M-P-001,V2
295,295,L-UAV-01,AMZN,31.2995475,120.5971358,100.0,BUSY,M-L-001,V2
295,295,M-UAV-01,M600,31.3108767,120.6039862,30.5,AVAILABLE,,
295,295,M-UAV-02,M600,31.2971716,120.5956323,30.5,AVAILABLE,,
296,296,EVTOL-01,EC35,31.3133560,120.6005412,199.9,BUSY,M-P-001,V2
296,296,L-UAV-01,AMZN,31.2994282,120.5970603,100.0,BUSY,M-L-001,V2
296,296,M-UAV-01,M600,31.3108767,120.6039862,30.5,AVAILABLE,,
296,296,M-UAV-02,M600,31.2971716,120.5956323,30.5,AVAILABLE,,
297,297,EVTOL-01,EC35,31.3133697,120.6001164,199.9,BUSY,M-P-001,V2
297,297,L-UAV-01,AMZN,31.2993090,120.5969849,100.0,BUSY,M-L-001,V2
297,297,M-UAV-01,M600,31.3108767,120.6039862,30.5,AVAILABLE,,
297,297,M-UAV-02,M600,31.2971716,120.5956323,30.5,AVAILABLE,,
298,298,EVTOL-01,EC35,31.3133424,120.5996925,199.9,BUSY,M-P-001,V2
298,298,L-UAV-01,AMZN,31.2991898,120.5969094,100.0,BUSY,M-L-001,V2
298,298,M-UAV-01,M600,31.3108767,120.6039862,30.5,AVAILABLE,,
298,298,M-UAV-02,M600,31.2971716,120.5956323,30.5,AVAILABLE,,
299,299,EVTOL-01,EC35,31.3132743,120.5992749,199.9,BUSY,M-P-001,V2
299,299,L-UAV-01,AMZN,31.2990705,120.5968340,100.0,BUSY,M-L-001,V2
299,299,M-UAV-01,M600,31.3108767,120.6039862,30.5,AVAILABLE,,
299,299,M-UAV-02,M600,31.2971716,120.5956323,30.5,AVAILABLE,,
300,300,EVTOL-01,EC35,31.3131663,120.5988690,199.9,BUSY,M-P-001,V2
300,300,L-UAV-01,AMZN,31.2989513,120.5967585,100.0,BUSY,M-L-001,V2
300,300,M-UAV-01,M600,31.3108767,120.6039862,30.5,AVAILABLE,,
300,300,M-UAV-02,M600,31.2971716,120.5956323,30.5,AVAILABLE,,
301,301,EVTOL-01,EC35,31.3130198,120.5984800,199.9,BUSY,M-P-001,V2
301,301,L-UAV-01,AMZN,31.2988321,120.5966831,100.0,BUSY,M-L-001,V2
301,301,M-UAV-01,M600,31.3108767,120.6039862,30.5,AVAILABLE,,
301,301,M-UAV-02,M600,31.2971716,120.5956323,30.5,AVAILABLE,,
302,302,EVTOL-01,EC35,31.3128367,120.5981128,199.9,BUSY,M-P-001,V2
302,302,L-UAV-01,AMZN,31.2987128,120.5966076,100.0,BUSY,M-L-001,V2
302,302,M-UAV-01,M600,31.3108767,120.6039862,30.5,AVAILABLE,,
302,302,M-UAV-02,M600,31.2971716,120.5956323,30.5,AVAILABLE,,
303,303,EVTOL-01,EC35,31.3126194,120.5977723,199.9,BUSY,M-P-001,V2
303,303,L-UAV-01,AMZN,31.2985936,120.5965322,100.0,BUSY,M-L-001,V2
303,303,M-UAV-01,M600,31.3108767,120.6039862,30.5,AVAILABLE,,
303,303,M-UAV-02,M600,31.2971716,120.5956323,30.5,AVAILABLE,,
304,304,EVTOL-01,EC35,31.3123706,120.5974626,199.9,BUSY,M-P-001,V2
304,304,L-UAV-01,AMZN,31.2984744,120.5964567,100.0,BUSY,M-L-001,V2
304,304,M-UAV-01,M600,31.3108767,120.6039862,30.5,AVAILABLE,,
304,304,M-UAV-02,M600,31.2971716,120.5956323,30.5,AVAILABLE,,
305,305,EVTOL-01,EC35,31.3120934,120.5971878,199.9,BUSY,M-P-001,V2
305,305,L-UAV-01,AMZN,31.2983551,120.5963813,100.0,BUSY,M-L-001,V2
305,305,M-UAV-01,M600,31.3108767,120.6039862,30.5,AVAILABLE,,
305,305,M-UAV-02,M600,31.2971716,120.5956323,30.5,AVAILABLE,,
306,306,EVTOL-01,EC35,31.3117916,120.5969515,199.9,BUSY,M-P-001,V2
306,306,L-UAV-01,AMZN,31.2982359,120.5963058,100.0,BUSY,M-L-001,V2
306,306,M-UAV-01,M600,31.3108767,120.6039862,30.5,AVAILABLE,,
306,306,M-UAV-02,M600,31.2971716,120.5956323,30.5,AVAILABLE,,
307,307,EVTOL-01,EC35,31.3114688,120.5967566,199.9,BUSY,M-P-001,V2
307,307,L-UAV-01,AMZN,31.2981167,120.5962304,100.0,BUSY,M-L-001,V2
307,307,M-UAV-01,M600,31.3108767,120.6039862,30.5,AVAILABLE,,
307,307,M-UAV-02,M600,31.2971716,120.5956323,30.5,AVAILABLE,,
308,308,EVTOL-01,EC35,31.3111293,120.5966056,199.9,BUSY,M-P-001,V2
308,308,L-UAV-01,AMZN,31.2979974,120.5961549,100.0,BUSY,M-L-001,V2
308,308,M-UAV-01,M600,31.3108767,120.6039862,30.5,AVAILABLE,,
308,308,M-UAV-02,M600,31.2971716,120.5956323,30.5,AVAILABLE,,
309,309,EVTOL-01,EC35,31.3107774,120.5965005,199.9,BUSY,M-P-001,V2
309,309,L-UAV-01,AMZN,31.2978782,120.5960795,100.0,BUSY,M-L-001,V3
309,309,M-UAV-01,M600,31.3108767,120.6039862,30.5,AVAILABLE,,
309,309,M-UAV-02,M600,31.2971716,120.5956323,30.5,AVAILABLE,,
310,310,EVTOL-01,EC35,31.3104176,120.5964426,199.9,BUSY,M-P-001,V2
310,310,L-UAV-01,AMZN,31.2977451,120.5960492,100.0,BUSY,M-L-001,V3
310,310,M-UAV-01,M600,31.3108767,120.6039862,30.5,AVAILABLE,,
310,310,M-UAV-02,M600,31.2971716,120.5956323,30.5,AVAILABLE,,
311,311,EVTOL-01,EC35,31.3100549,120.5964204,199.9,BUSY,M-P-001,V2
311,311,L-UAV-01,AMZN,31.2976104,120.5960668,100.0,BUSY,M-L-001,V3
311,311,M-UAV-01,M600,31.3108767,120.6039862,30.5,AVAILABLE,,
311,311,M-UAV-02,M600,31.2971716,120.5956323,30.5,AVAILABLE,,
312,312,EVTOL-01,EC35,31.3096922,120.5963982,199.9,BUSY,M-P-001,V2
312,312,L-UAV-01,AMZN,31.2974864,120.5961306,100.0,BUSY,M-L-001,V3
312,312,M-UAV-01,M600,31.3108767,120.6039862,30.5,AVAILABLE,,
312,312,M-UAV-02,M600,31.2971716,120.5956323,30.5,AVAILABLE,,
313,313,EVTOL-01,EC35,31.3093295,120.5963760,199.9,BUSY,M-P-001,V2
313,313,L-UAV-01,AMZN,31.2973843,120.5962350,100.0,BUSY,M-L-001,V3
313,313,M-UAV-01,M600,31.3108767,120.6039862,30.5,AVAILABLE,,
313,313,M-UAV-02,M600,31.2971716,120.5956323,30.5,AVAILABLE,,
314,314,EVTOL-01,EC35,31.3089668,120.5963538,199.9,BUSY,M-P-001,V2
314,314,L-UAV-01,AMZN,31.2973135,120.5963703,100.0,BUSY,M-L-001,V3
314,314,M-UAV-01,M600,31.3108767,120.6039862,30.5,AVAILABLE,,
314,314,M-UAV-02,M600,31.2971716,120.5956323,30.5,AVAILABLE,,
315,315,EVTOL-01,EC35,31.3086041,120.5963316,199.9,BUSY,M-P-001,V2
315,315,L-UAV-01,AMZN,31.2972805,120.5965241,100.0,BUSY,M-L-001,V3
315,315,M-UAV-01,M600,31.3108767,120.6039862,30.5,AVAILABLE,,
315,315,M-UAV-02,M600,31.2971716,120.5956323,30.5,AVAILABLE,,
316,316,EVTOL-01,EC35,31.3082414,120.5963095,199.9,BUSY,M-P-001,V2
316,316,L-UAV-01,AMZN,31.2972882,120.5966825,100.0,BUSY,M-L-001,V3
316,316,M-UAV-01,M600,31.3108767,120.6039862,30.5,AVAILABLE,,
316,316,M-UAV-02,M600,31.2971716,120.5956323,30.5,AVAILABLE,,
317,317,EVTOL-01,EC35,31.3078787,120.5962873,199.9,BUSY,M-P-001,V2
317,317,L-UAV-01,AMZN,31.2973361,120.5968309,100.0,BUSY,M-L-001,V3
317,317,M-UAV-01,M600,31.3108767,120.6039862,30.5,AVAILABLE,,
317,317,M-UAV-02,M600,31.2971716,120.5956323,30.5,AVAILABLE,,
318,318,EVTOL-01,EC35,31.3075160,120.5962651,199.9,BUSY,M-P-001,V2
318,318,L-UAV-01,AMZN,31.2974196,120.5969558,100.0,BUSY,M-L-001,V3
318,318,M-UAV-01,M600,31.3108767,120.6039862,30.5,AVAILABLE,,
318,318,M-UAV-02,M600,31.2971716,120.5956323,30.5,AVAILABLE,,
319,319,EVTOL-01,EC35,31.3071533,120.5962429,199.9,BUSY,M-P-001,V2
319,319,L-UAV-01,AMZN,31.2975313,120.5970458,100.0,BUSY,M-L-001,V3
319,319,M-UAV-01,M600,31.3108767,120.6039862,30.5,AVAILABLE,,
319,319,M-UAV-02,M600,31.2971716,120.5956323,30.5,AVAILABLE,,
320,320,EVTOL-01,EC35,31.3067906,120.5962207,199.9,BUSY,M-P-001,V2
320,320,L-UAV-01,AMZN,31.2976505,120.5971213,100.0,BUSY,M-L-001,V3
320,320,M-UAV-01,M600,31.3108767,120.6039862,30.5,AVAILABLE,,
320,320,M-UAV-02,M600,31.2971716,120.5956323,30.5,AVAILABLE,,
321,321,EVTOL-01,EC35,31.3064279,120.5961985,199.9,BUSY,M-P-001,V2
321,321,L-UAV-01,AMZN,31.2977697,120.5971967,100.0,BUSY,M-L-001,V3
321,321,M-UAV-01,M600,31.3108767,120.6039862,30.5,AVAILABLE,,
321,321,M-UAV-02,M600,31.2971716,120.5956323,30.5,AVAILABLE,,
322,322,EVTOL-01,EC35,31.3060652,120.5961763,199.9,BUSY,M-P-001,V2
322,322,L-UAV-01,AMZN,31.2978890,120.5972722,100.0,BUSY,M-L-001,V3
322,322,M-UAV-01,M600,31.3108767,120.6039862,30.5,AVAILABLE,,
322,322,M-UAV-02,M600,31.2971716,120.5956323,30.5,AVAILABLE,,
323,323,EVTOL-01,EC35,31.3057025,120.5961541,199.9,BUSY,M-P-001,V2
323,323,L-UAV-01,AMZN,31.2980082,120.5973477,100.0,BUSY,M-L-001,V3
323,323,M-UAV-01,M600,31.3108767,120.6039862,30.5,AVAILABLE,,
323,323,M-UAV-02,M600,31.2971716,120.5956323,30.5,AVAILABLE,,
324,324,EVTOL-01,EC35,31.3053398,120.5961320,199.9,BUSY,M-P-001,V2
324,324,L-UAV-01,AMZN,31.2981274,120.5974231,100.0,BUSY,M-L-001,V3
324,324,M-UAV-01,M600,31.3108767,120.6039862,30.5,AVAILABLE,,
324,324,M-UAV-02,M600,31.2971716,120.5956323,30.5,AVAILABLE,,
325,325,EVTOL-01,EC35,31.3049771,120.5961098,199.9,BUSY,M-P-001,V2
325,325,L-UAV-01,AMZN,31.2982466,120.5974986,100.0,BUSY,M-L-001,V3
325,325,M-UAV-01,M600,31.3108767,120.6039862,30.5,AVAILABLE,,
325,325,M-UAV-02,M600,31.2971716,120.5956323,30.5,AVAILABLE,,
326,326,EVTOL-01,EC35,31.3046144,120.5960876,199.9,BUSY,M-P-001,V2
326,326,L-UAV-01,AMZN,31.2983659,120.5975740,100.0,BUSY,M-L-001,V3
326,326,M-UAV-01,M600,31.3108767,120.6039862,30.5,AVAILABLE,,
326,326,M-UAV-02,M600,31.2971716,120.5956323,30.5,AVAILABLE,,
327,327,EVTOL-01,EC35,31.3042517,120.5960654,199.9,BUSY,M-P-001,V2
327,327,L-UAV-01,AMZN,31.2984851,120.5976495,100.0,BUSY,M-L-001,V3
327,327,M-UAV-01,M600,31.3108767,120.6039862,30.5,AVAILABLE,,
327,327,M-UAV-02,M600,31.2971716,120.5956323,30.5,AVAILABLE,,
328,328,EVTOL-01,EC35,31.3038890,120.5960432,199.9,BUSY,M-P-001,V2
328,328,L-UAV-01,AMZN,31.2986043,120.5977249,100.0,BUSY,M-L-001,V3
328,328,M-UAV-01,M600,31.3108767,120.6039862,30.5,AVAILABLE,,
328,328,M-UAV-02,M600,31.2971716,120.5956323,30.5,AVAILABLE,,
329,329,EVTOL-01,EC35,31.3035263,120.5960210,199.9,BUSY,M-P-001,V2
329,329,L-UAV-01,AMZN,31.2987236,120.5978004,100.0,BUSY,M-L-001,V3
329,329,M-UAV-01,M600,31.3108767,120.6039862,30.5,AVAILABLE,,
329,329,M-UAV-02,M600,31.2971716,120.5956323,30.5,AVAILABLE,,
330,330,EVTOL-01,EC35,31.3031636,120.5959988,199.9,BUSY,M-P-001,V2
330,330,L-UAV-01,AMZN,31.2988428,120.5978759,100.0,BUSY,M-L-001,V3
330,330,M-UAV-01,M600,31.3108767,120.6039862,30.5,AVAILABLE,,
330,330,M-UAV-02,M600,31.2971716,120.5956323,30.5,AVAILABLE,,
331,331,EVTOL-01,EC35,31.3028010,120.5959767,199.9,BUSY,M-P-001,V2
331,331,L-UAV-01,AMZN,31.2989620,120.5979513,100.0,BUSY,M-L-001,V3
331,331,M-UAV-01,M600,31.3108767,120.6039862,30.5,AVAILABLE,,
331,331,M-UAV-02,M600,31.2971716,120.5956323,30.5,AVAILABLE,,
332,332,EVTOL-01,EC35,31.3024383,120.5959545,199.9,BUSY,M-P-001,V2
332,332,L-UAV-01,AMZN,31.2990812,120.5980268,100.0,BUSY,M-L-001,V3
332,332,M-UAV-01,M600,31.3108767,120.6039862,30.5,AVAILABLE,,
332,332,M-UAV-02,M600,31.2971716,120.5956323,30.5,AVAILABLE,,
333,333,EVTOL-01,EC35,31.3020756,120.5959323,199.9,BUSY,M-P-001,V2
333,333,L-UAV-01,AMZN,31.2992005,120.5981022,100.0,BUSY,M-L-001,V3
333,333,M-UAV-01,M600,31.3108767,120.6039862,30.5,AVAILABLE,,
333,333,M-UAV-02,M600,31.2971716,120.5956323,30.5,AVAILABLE,,
334,334,EVTOL-01,EC35,31.3017129,120.5959101,199.9,BUSY,M-P-001,V2
334,334,L-UAV-01,AMZN,31.2993197,120.5981777,100.0,BUSY,M-L-001,V3
334,334,M-UAV-01,M600,31.3108767,120.6039862,30.5,AVAILABLE,,
334,334,M-UAV-02,M600,31.2971716,120.5956323,30.5,AVAILABLE,,
335,335,EVTOL-01,EC35,31.3013502,120.5958879,199.9,BUSY,M-P-001,V2
335,335,L-UAV-01,AMZN,31.2994389,120.5982532,100.0,BUSY,M-L-001,V3
335,335,M-UAV-01,M600,31.3108767,120.6039862,30.5,AVAILABLE,,
335,335,M-UAV-02,M600,31.2971716,120.5956323,30.5,AVAILABLE,,
336,336,EVTOL-01,EC35,31.3009875,120.5958657,199.9,BUSY,M-P-001,V2
336,336,L-UAV-01,AMZN,31.2995582,120.5983286,100.0,BUSY,M-L-001,V3
336,336,M-UAV-01,M600,31.3108767,120.6039862,30.5,AVAILABLE,,
336,336,M-UAV-02,M600,31.2971716,120.5956323,30.5,AVAILABLE,,
337,337,EVTOL-01,EC35,31.3006248,120.5958435,199.9,BUSY,M-P-001,V2
337,337,L-UAV-01,AMZN,31.2996774,120.5984041,100.0,BUSY,M-L-001,V3
337,337,M-UAV-01,M600,31.3108767,120.6039862,30.5,AVAILABLE,,
337,337,M-UAV-02,M600,31.2971716,120.5956323,30.5,AVAILABLE,,
338,338,EVTOL-01,EC35,31.3002621,120.5958214,199.9,BUSY,M-P-001,V2
338,338,L-UAV-01,AMZN,31.2997966,120.5984795,100.0,BUSY,M-L-001,V3
338,338,M-UAV-01,M600,31.3108767,120.6039862,30.5,AVAILABLE,,
338,338,M-UAV-02,M600,31.2971716,120.5956323,30.5,AVAILABLE,,
339,339,EVTOL-01,EC35,31.2998994,120.5957992,199.9,BUSY,M-P-001,V2
339,339,L-UAV-01,AMZN,31.2999159,120.5985550,100.0,BUSY,M-L-001,V3
339,339,M-UAV-01,M600,31.3108767,120.6039862,30.5,AVAILABLE,,
339,339,M-UAV-02,M600,31.2971716,120.5956323,30.5,AVAILABLE,,
340,340,EVTOL-01,EC35,31.2995367,120.5957770,199.9,BUSY,M-P-001,V2
340,340,L-UAV-01,AMZN,31.3000351,120.5986305,100.0,BUSY,M-L-001,V3
340,340,M-UAV-01,M600,31.3108767,120.6039862,30.5,AVAILABLE,,
340,340,M-UAV-02,M600,31.2971716,120.5956323,30.5,AVAILABLE,,
341,341,EVTOL-01,EC35,31.2991740,120.5957548,199.9,BUSY,M-P-001,V2
341,341,L-UAV-01,AMZN,31.3001543,120.5987059,100.0,BUSY,M-L-001,V3
341,341,M-UAV-01,M600,31.3108767,120.6039862,30.5,AVAILABLE,,
341,341,M-UAV-02,M600,31.2971716,120.5956323,30.5,AVAILABLE,,
342,342,EVTOL-01,EC35,31.2988113,120.5957326,199.9,BUSY,M-P-001,V2
342,342,L-UAV-01,AMZN,31.3002735,120.5987814,100.0,BUSY,M-L-001,V3
342,342,M-UAV-01,M600,31.3108767,120.6039862,30.5,AVAILABLE,,
342,342,M-UAV-02,M600,31.2971716,120.5956323,30.5,AVAILABLE,,
343,343,EVTOL-01,EC35,31.2984486,120.5957104,199.9,BUSY,M-P-001,V2
343,343,L-UAV-01,AMZN,31.3003928,120.5988569,100.0,BUSY,M-L-001,V3
343,343,M-UAV-01,M600,31.3108767,120.6039862,30.5,AVAILABLE,,
343,343,M-UAV-02,M600,31.2971716,120.5956323,30.5,AVAILABLE,,
344,344,EVTOL-01,EC35,31.2980859,120.5956883,199.9,BUSY,M-P-001,V2
344,344,L-UAV-01,AMZN,31.3005120,120.5989323,100.0,BUSY,M-L-001,V3
344,344,M-UAV-01,M600,31.3108767,120.6039862,30.5,AVAILABLE,,
344,344,M-UAV-02,M600,31.2971716,120.5956323,30.5,AVAILABLE,,
345,345,EVTOL-01,EC35,31.2977232,120.5956661,199.9,BUSY,M-P-001,V1
345,345,L-UAV-01,AMZN,31.3006312,120.5990078,100.0,BUSY,M-L-001,V3
345,345,M-UAV-01,M600,31.3108767,120.6039862,30.5,AVAILABLE,,
345,345,M-UAV-02,M600,31.2971716,120.5956323,30.5,AVAILABLE,,
346,346,EVTOL-01,EC35,31.2973607,120.5956920,199.9,BUSY,M-P-001,V1
346,346,L-UAV-01,AMZN,31.3007505,120.5990832,100.0,BUSY,M-L-001,V3
346,346,M-UAV-01,M600,31.3108767,120.6039862,30.5,AVAILABLE,,
346,346,M-UAV-02,M600,31.2971716,120.5956323,30.5,AVAILABLE,,
347,347,EVTOL-01,EC35,31.2970030,120.5957657,199.9,BUSY,M-P-001,V1
347,347,L-UAV-01,AMZN,31.3008697,120.5991587,100.0,BUSY,M-L-001,V3
347,347,M-UAV-01,M600,31.3108767,120.6039862,30.5,AVAILABLE,,
347,347,M-UAV-02,M600,31.2971716,120.5956323,30.5,AVAILABLE,,
348,348,EVTOL-01,EC35,31.2966547,120.5958862,199.9,BUSY,M-P-001,V1
348,348,L-UAV-01,AMZN,31.3009889,120.5992342,100.0,BUSY,M-L-001,V3
348,348,M-UAV-01,M600,31.3108767,120.6039862,30.5,AVAILABLE,,
348,348,M-UAV-02,M600,31.2971716,120.5956323,30.5,AVAILABLE,,
349,349,EVTOL-01,EC35,31.2963203,120.5960520,199.9,BUSY,M-P-001,V1
349,349,L-UAV-01,AMZN,31.3011081,120.5993096,100.0,BUSY,M-L-001,V3
349,349,M-UAV-01,M600,31.3108767,120.6039862,30.5,AVAILABLE,,
349,349,M-UAV-02,M600,31.2971716,120.5956323,30.5,AVAILABLE,,
350,350,EVTOL-01,EC35,31.2960040,120.5962609,199.9,BUSY,M-P-001,V1
350,350,L-UAV-01,AMZN,31.3012274,120.5993851,100.0,BUSY,M-L-001,V3
350,350,M-UAV-01,M600,31.3108767,120.6039862,30.5,AVAILABLE,,
350,350,M-UAV-02,M600,31.2971716,120.5956323,30.5,AVAILABLE,,
351,351,EVTOL-01,EC35,31.2957100,120.5965104,199.9,BUSY,M-P-001,V1
351,351,L-UAV-01,AMZN,31.3013466,120.5994606,100.0,BUSY,M-L-001,V3
351,351,M-UAV-01,M600,31.3108767,120.6039862,30.5,AVAILABLE,,
351,351,M-UAV-02,M600,31.2971716,120.5956323,30.5,AVAILABLE,,
352,352,EVTOL-01,EC35,31.2954419,120.5967971,199.9,BUSY,M-P-001,V1
352,352,L-UAV-01,AMZN,31.3014658,120.5995360,100.0,BUSY,M-L-001,V3
352,352,M-UAV-01,M600,31.3108767,120.6039862,30.5,AVAILABLE,,
352,352,M-UAV-02,M600,31.2971716,120.5956323,30.5,AVAILABLE,,
353,353,EVTOL-01,EC35,31.2952032,120.5971175,199.9,BUSY,M-P-001,V1
353,353,L-UAV-01,AMZN,31.3015851,120.5996115,100.0,BUSY,M-L-001,V3
353,353,M-UAV-01,M600,31.3108767,120.6039862,30.5,AVAILABLE,,
353,353,M-UAV-02,M600,31.2971716,120.5956323,30.5,AVAILABLE,,
354,354,EVTOL-01,EC35,31.2949969,120.5974673,199.9,BUSY,M-P-001,V1
354,354,L-UAV-01,AMZN,31.3017043,120.5996869,100.0,BUSY,M-L-001,V3
354,354,M-UAV-01,M600,31.3108767,120.6039862,30.5,AVAILABLE,,
354,354,M-UAV-02,M600,31.2971716,120.5956323,30.5,AVAILABLE,,
355,355,EVTOL-01,EC35,31.2948258,120.5978422,199.9,BUSY,M-P-001,V1
355,355,L-UAV-01,AMZN,31.3018235,120.5997624,100.0,BUSY,M-L-001,V3
355,355,M-UAV-01,M600,31.3108767,120.6039862,30.5,AVAILABLE,,
355,355,M-UAV-02,M600,31.2971716,120.5956323,30.5,AVAILABLE,,
356,356,EVTOL-01,EC35,31.2946919,120.5982373,199.9,BUSY,M-P-001,V1
356,356,L-UAV-01,AMZN,31.3019427,120.5998379,100.0,BUSY,M-L-001,V3
356,356,M-UAV-01,M600,31.3108767,120.6039862,30.5,AVAILABLE,,
356,356,M-UAV-02,M600,31.2971716,120.5956323,30.5,AVAILABLE,,
357,357,EVTOL-01,EC35,31.2945971,120.5986476,199.9,BUSY,M-P-001,V1
357,357,L-UAV-01,AMZN,31.3020620,120.5999133,100.0,BUSY,M-L-001,V3
357,357,M-UAV-01,M600,31.3108767,120.6039862,30.5,AVAILABLE,,
357,357,M-UAV-02,M600,31.2971716,120.5956323,30.5,AVAILABLE,,
358,358,EVTOL-01,EC35,31.2945425,120.5990678,199.9,BUSY,M-P-001,V1
358,358,L-UAV-01,AMZN,31.3021812,120.5999888,100.0,BUSY,M-L-001,V3
358,358,M-UAV-01,M600,31.3108767,120.6039862,30.5,AVAILABLE,,
358,358,M-UAV-02,M600,31.2971716,120.5956323,30.5,AVAILABLE,,
359,359,EVTOL-01,EC35,31.2945287,120.5994925,199.9,BUSY,M-P-001,V1
359,359,L-UAV-01,AMZN,31.3023004,120.6000643,100.0,BUSY,M-L-001,V3
359,359,M-UAV-01,M600,31.3108767,120.6039862,30.5,AVAILABLE,,
359,359,M-UAV-02,M600,31.2971716,120.5956323,30.5,AVAILABLE,,
360,360,EVTOL-01,EC35,31.2945561,120.5999163,199.9,BUSY,M-P-001,V1
360,360,L-UAV-01,AMZN,31.3024197,120.6001397,100.0,BUSY,M-L-001,V3
360,360,M-UAV-01,M600,31.3108767,120.6039862,30.5,AVAILABLE,,
360,360,M-UAV-02,M600,31.2971716,120.5956323,30.5,AVAILABLE,,
361,361,EVTOL-01,EC35,31.2946243,120.6003338,199.9,BUSY,M-P-001,V1
361,361,L-UAV-01,AMZN,31.3025389,120.6002152,100.0,BUSY,M-L-001,V3
361,361,M-UAV-01,M600,31.3108767,120.6039862,30.5,AVAILABLE,,
361,361,M-UAV-02,M600,31.2971866,120.5956438,32.0,CONTINGENCY,,V3
362,362,EVTOL-01,EC35,31.2947323,120.6007396,199.9,BUSY,M-P-001,V1
362,362,L-UAV-01,AMZN,31.3026581,120.6002907,100.0,BUSY,M-L-001,V3
362,362,M-UAV-01,M600,31.3108767,120.6039862,30.5,AVAILABLE,,
362,362,M-UAV-02,M600,31.2972168,120.5956667,35.1,CONTINGENCY,,V3
363,363,EVTOL-01,EC35,31.2948788,120.6011285,199.9,BUSY,M-P-001,V1
363,363,L-UAV-01,AMZN,31.3027773,120.6003661,100.0,BUSY,M-L-001,V3
363,363,M-UAV-01,M600,31.3108767,120.6039862,30.5,AVAILABLE,,
363,363,M-UAV-02,M600,31.2972621,120.5957011,39.6,CONTINGENCY,,V3
364,364,EVTOL-01,EC35,31.2950619,120.6014956,199.9,BUSY,M-P-001,V1
364,364,L-UAV-01,AMZN,31.3028966,120.6004416,100.0,BUSY,M-L-001,V3
364,364,M-UAV-01,M600,31.3108767,120.6039862,30.5,AVAILABLE,,
364,364,M-UAV-02,M600,31.2973225,120.5957469,45.7,CONTINGENCY,,V3
365,365,EVTOL-01,EC35,31.2952793,120.6018361,199.9,BUSY,M-P-001,V1
365,365,L-UAV-01,AMZN,31.3030158,120.6005171,100.0,BUSY,M-L-001,V3
365,365,M-UAV-01,M600,31.3108767,120.6039862,30.5,AVAILABLE,,
365,365,M-UAV-02,M600,31.2973979,120.5958042,53.3,CONTINGENCY,,V3
366,366,EVTOL-01,EC35,31.2955281,120.6021456,199.9,BUSY,M-P-001,V1
366,366,L-UAV-01,AMZN,31.3031350,120.6005925,100.0,BUSY,M-L-001,V3
366,366,M-UAV-01,M600,31.3108767,120.6039862,30.5,AVAILABLE,,
366,366,M-UAV-02,M600,31.2974884,120.5958729,61.0,CONTINGENCY,,V3
367,367,EVTOL-01,EC35,31.2958053,120.6024203,199.9,BUSY,M-P-001,V1
367,367,L-UAV-01,AMZN,31.3032543,120.6006680,100.0,BUSY,M-L-001,V3
367,367,M-UAV-01,M600,31.3108767,120.6039862,30.5,AVAILABLE,,
367,367,M-UAV-02,M600,31.2975941,120.5959531,68.6,CONTINGENCY,,V3
368,368,EVTOL-01,EC35,31.2961072,120.6026566,199.9,BUSY,M-P-001,V1
368,368,L-UAV-01,AMZN,31.3033735,120.6007435,100.0,BUSY,M-L-001,V3
368,368,M-UAV-01,M600,31.3108767,120.6039862,30.5,AVAILABLE,,
368,368,M-UAV-02,M600,31.2977076,120.5960393,76.2,CONTINGENCY,,V3
369,369,EVTOL-01,EC35,31.2964300,120.6028514,199.9,BUSY,M-P-001,V1
369,369,L-UAV-01,AMZN,31.3034927,120.6008189,100.0,BUSY,M-L-001,V3
369,369,M-UAV-01,M600,31.3108767,120.6039862,30.5,AVAILABLE,,
369,369,M-UAV-02,M600,31.2978212,120.5961255,83.8,CONTINGENCY,,V3
370,370,EVTOL-01,EC35,31.2967695,120.6030024,199.9,BUSY,M-P-001,V1
370,370,L-UAV-01,AMZN,31.3036119,120.6008944,100.0,BUSY,M-L-001,V3
370,370,M-UAV-01,M600,31.3108767,120.6039862,30.5,AVAILABLE,,
370,370,M-UAV-02,M600,31.2979348,120.5962118,91.4,CONTINGENCY,,V3
371,371,EVTOL-01,EC35,31.2971214,120.6031074,199.9,BUSY,M-P-001,V1
371,371,L-UAV-01,AMZN,31.3037312,120.6009699,100.0,BUSY,M-L-001,V3
371,371,M-UAV-01,M600,31.3108767,120.6039862,30.5,AVAILABLE,,
371,371,M-UAV-02,M600,31.2980485,120.5962981,99.1,CONTINGENCY,,V3
372,372,EVTOL-01,EC35,31.2974812,120.6031653,199.9,BUSY,M-P-001,V1
372,372,L-UAV-01,AMZN,31.3038504,120.6010453,100.0,BUSY,M-L-001,V3
372,372,M-UAV-01,M600,31.3108767,120.6039862,30.5,AVAILABLE,,
372,372,M-UAV-02,M600,31.2981622,120.5963844,100.0,CONTINGENCY,,V3
373,373,EVTOL-01,EC35,31.2978439,120.6031875,199.9,BUSY,M-P-001,V1
373,373,L-UAV-01,AMZN,31.3039696,120.6011208,100.0,BUSY,M-L-001,V3
373,373,M-UAV-01,M600,31.3108767,120.6039862,30.5,AVAILABLE,,
373,373,M-UAV-02,M600,31.2982759,120.5964707,100.0,CONTINGENCY,,V3
374,374,EVTOL-01,EC35,31.2982066,120.6032097,199.9,BUSY,M-P-001,V1
374,374,L-UAV-01,AMZN,31.3040888,120.6011963,100.0,BUSY,M-L-001,V3
374,374,M-UAV-01,M600,31.3108767,120.6039862,30.5,AVAILABLE,,
374,374,M-UAV-02,M600,31.2983896,120.5965571,100.0,CONTINGENCY,,V3
375,375,EVTOL-01,EC35,31.2985693,120.6032319,199.9,BUSY,M-P-001,V1
375,375,L-UAV-01,AMZN,31.3042081,120.6012717,100.0,BUSY,M-L-001,V3
375,375,M-UAV-01,M600,31.3108767,120.6039862,30.5,AVAILABLE,,
375,375,M-UAV-02,M600,31.2985034,120.5966434,100.0,CONTINGENCY,,V3
376,376,EVTOL-01,EC35,31.2989320,120.6032541,199.9,BUSY,M-P-001,V1
376,376,L-UAV-01,AMZN,31.3043273,120.6013472,100.0,BUSY,M-L-001,V3
376,376,M-UAV-01,M600,31.3108767,120.6039862,30.5,AVAILABLE,,
376,376,M-UAV-02,M600,31.2986171,120.5967297,100.0,CONTINGENCY,,V3
377,377,EVTOL-01,EC35,31.2992947,120.6032764,199.9,BUSY,M-P-001,V1
377,377,L-UAV-01,AMZN,31.3044465,120.6014227,100.0,BUSY,M-L-001,V3
377,377,M-UAV-01,M600,31.3108767,120.6039862,30.5,AVAILABLE,,
377,377,M-UAV-02,M600,31.2987308,120.5968160,100.0,CONTINGENCY,,V3
378,378,EVTOL-01,EC35,31.2996574,120.6032986,199.9,BUSY,M-P-001,V1
378,378,L-UAV-01,AMZN,31.3045658,120.6014981,100.0,BUSY,M-L-001,V3
378,378,M-UAV-01,M600,31.3108767,120.6039862,30.5,AVAILABLE,,
378,378,M-UAV-02,M600,31.2988445,120.5969024,100.0,CONTINGENCY,,V3
379,379,EVTOL-01,EC35,31.3000201,120.6033208,199.9,BUSY,M-P-001,V1
379,379,L-UAV-01,AMZN,31.3046850,120.6015736,100.0,BUSY,M-L-001,V3
379,379,M-UAV-01,M600,31.3108767,120.6039862,30.5,AVAILABLE,,
379,379,M-UAV-02,M600,31.2989582,120.5969887,100.0,CONTINGENCY,,V3
380,380,EVTOL-01,EC35,31.3003828,120.6033430,199.9,BUSY,M-P-001,V1
380,380,L-UAV-01,AMZN,31.3048042,120.6016491,100.0,BUSY,M-L-001,V3
380,380,M-UAV-01,M600,31.3108767,120.6039862,30.5,AVAILABLE,,
380,380,M-UAV-02,M600,31.2990719,120.5970750,100.0,CONTINGENCY,,V3
381,381,EVTOL-01,EC35,31.3007455,120.6033653,199.9,BUSY,M-P-001,V1
381,381,L-UAV-01,AMZN,31.3049234,120.6017245,100.0,BUSY,M-L-001,V3
381,381,M-UAV-01,M600,31.3108767,120.6039862,30.5,AVAILABLE,,
381,381,M-UAV-02,M600,31.2991857,120.5971614,100.0,CONTINGENCY,,V3
382,382,EVTOL-01,EC35,31.3011082,120.6033875,199.9,BUSY,M-P-001,V1
382,382,L-UAV-01,AMZN,31.3050427,120.6018000,100.0,BUSY,M-L-001,V3
382,382,M-UAV-01,M600,31.3108767,120.6039862,30.5,AVAILABLE,,
382,382,M-UAV-02,M600,31.2992994,120.5972477,100.0,CONTINGENCY,,V3
383,383,EVTOL-01,EC35,31.3014709,120.6034097,199.9,BUSY,M-P-001,V1
383,383,L-UAV-01,AMZN,31.3051619,120.6018755,100.0,BUSY,M-L-001,V3
383,383,M-UAV-01,M600,31.3108767,120.6039862,30.5,AVAILABLE,,
383,383,M-UAV-02,M600,31.2994131,120.5973340,100.0,CONTINGENCY,,V3
384,384,EVTOL-01,EC35,31.3018335,120.6034319,199.9,BUSY,M-P-001,V1
384,384,L-UAV-01,AMZN,31.3052811,120.6019510,100.0,BUSY,M-L-001,V3
384,384,M-UAV-01,M600,31.3108767,120.6039862,30.5,AVAILABLE,,
384,384,M-UAV-02,M600,31.2995268,120.5974204,100.0,CONTINGENCY,,V3
385,385,EVTOL-01,EC35,31.3021962,120.6034542,199.9,BUSY,M-P-001,V1
385,385,L-UAV-01,AMZN,31.3054003,120.6020264,100.0,BUSY,M-L-001,V3
385,385,M-UAV-01,M600,31.3108767,120.6039862,30.5,AVAILABLE,,
385,385,M-UAV-02,M600,31.2996405,120.5975067,100.0,CONTINGENCY,,V3
386,386,EVTOL-01,EC35,31.3025589,120.6034764,199.9,BUSY,M-P-001,V1
386,386,L-UAV-01,AMZN,31.3055196,120.6021019,100.0,BUSY,M-L-001,V3
386,386,M-UAV-01,M600,31.3108767,120.6039862,30.5,AVAILABLE,,
386,386,M-UAV-02,M600,31.2997542,120.5975930,100.0,CONTINGENCY,,V3
387,387,EVTOL-01,EC35,31.3029216,120.6034986,199.9,BUSY,M-P-001,V1
387,387,L-UAV-01,AMZN,31.3056388,120.6021774,100.0,BUSY,M-L-001,V3
387,387,M-UAV-01,M600,31.3108767,120.6039862,30.5,AVAILABLE,,
387,387,M-UAV-02,M600,31.2998680,120.5976794,100.0,CONTINGENCY,,V3
388,388,EVTOL-01,EC35,31.3032843,120.6035208,199.9,BUSY,M-P-001,V1
388,388,L-UAV-01,AMZN,31.3057580,120.6022528,100.0,BUSY,M-L-001,V3
388,388,M-UAV-01,M600,31.3108767,120.6039862,30.5,AVAILABLE,,
388,388,M-UAV-02,M600,31.2999817,120.5977657,100.0,CONTINGENCY,,V3
389,389,EVTOL-01,EC35,31.3036470,120.6035431,199.9,BUSY,M-P-001,V1
389,389,L-UAV-01,AMZN,31.3058773,120.6023283,100.0,BUSY,M-L-001,V2
389,389,M-UAV-01,M600,31.3108767,120.6039862,30.5,AVAILABLE,,
389,389,M-UAV-02,M600,31.3000954,120.5978520,100.0,CONTINGENCY,,V3
390,390,EVTOL-01,EC35,31.3040097,120.6035653,199.9,BUSY,M-P-001,V1
390,390,L-UAV-01,AMZN,31.3060103,120.6023586,100.0,BUSY,M-L-001,V2
390,390,M-UAV-01,M600,31.3108767,120.6039862,30.5,AVAILABLE,,
390,390,M-UAV-02,M600,31.3002091,120.5979384,100.0,CONTINGENCY,,V3
391,391,EVTOL-01,EC35,31.3043724,120.6035875,199.9,BUSY,M-P-001,V1
391,391,L-UAV-01,AMZN,31.3061450,120.6023411,100.0,BUSY,M-L-001,V2
391,391,M-UAV-01,M600,31.3108767,120.6039862,30.5,AVAILABLE,,
391,391,M-UAV-02,M600,31.3003228,120.5980247,100.0,CONTINGENCY,,V3
392,392,EVTOL-01,EC35,31.3047351,120.6036098,199.9,BUSY,M-P-001,V1
392,392,L-UAV-01,AMZN,31.3062691,120.6022772,100.0,BUSY,M-L-001,V2
392,392,M-UAV-01,M600,31.3108767,120.6039862,30.5,AVAILABLE,,
392,392,M-UAV-02,M600,31.3004365,120.5981110,100.0,CONTINGENCY,,V3
393,393,EVTOL-01,EC35,31.3050978,120.6036320,199.9,BUSY,M-P-001,V1
393,393,L-UAV-01,AMZN,31.3063712,120.6021728,100.0,BUSY,M-L-001,V2
393,393,M-UAV-01,M600,31.3108767,120.6039862,30.5,AVAILABLE,,
393,393,M-UAV-02,M600,31.3005502,120.5981974,100.0,CONTINGENCY,,V3
394,394,EVTOL-01,EC35,31.3054605,120.6036542,199.9,BUSY,M-P-001,V1
394,394,L-UAV-01,AMZN,31.3064420,120.6020375,100.0,BUSY,M-L-001,V2
394,394,M-UAV-01,M600,31.3108767,120.6039862,30.5,AVAILABLE,,
394,394,M-UAV-02,M600,31.3006640,120.5982837,100.0,CONTINGENCY,,V3
395,395,EVTOL-01,EC35,31.3058232,120.6036764,199.9,BUSY,M-P-001,V1
395,395,L-UAV-01,AMZN,31.3064750,120.6018837,100.0,BUSY,M-L-001,V2
395,395,M-UAV-01,M600,31.3108767,120.6039862,30.5,AVAILABLE,,
395,395,M-UAV-02,M600,31.3007777,120.5983700,100.0,CONTINGENCY,,V3
396,396,EVTOL-01,EC35,31.3061859,120.6036987,199.9,BUSY,M-P-001,V1
396,396,L-UAV-01,AMZN,31.3064673,120.6017253,100.0,BUSY,M-L-001,V2
396,396,M-UAV-01,M600,31.3108767,120.6039862,30.5,AVAILABLE,,
396,396,M-UAV-02,M600,31.3008914,120.5984564,100.0,CONTINGENCY,,V3
397,397,EVTOL-01,EC35,31.3065486,120.6037209,199.9,BUSY,M-P-001,V1
397,397,L-UAV-01,AMZN,31.3064194,120.6015769,100.0,BUSY,M-L-001,V2
397,397,M-UAV-01,M600,31.3108767,120.6039862,30.5,AVAILABLE,,
397,397,M-UAV-02,M600,31.3010051,120.5985427,100.0,CONTINGENCY,,V3
398,398,EVTOL-01,EC35,31.3069113,120.6037431,199.9,BUSY,M-P-001,V1
398,398,L-UAV-01,AMZN,31.3063359,120.6014519,100.0,BUSY,M-L-001,V2
398,398,M-UAV-01,M600,31.3108767,120.6039862,30.5,AVAILABLE,,
398,398,M-UAV-02,M600,31.3011188,120.5986291,100.0,CONTINGENCY,,V3
399,399,EVTOL-01,EC35,31.3072739,120.6037653,199.9,BUSY,M-P-001,V1
399,399,L-UAV-01,AMZN,31.3062243,120.6013619,100.0,BUSY,M-L-001,V2
399,399,M-UAV-01,M600,31.3108767,120.6039862,30.5,AVAILABLE,,
399,399,M-UAV-02,M600,31.3012325,120.5987154,100.0,CONTINGENCY,,V3
400,400,EVTOL-01,EC35,31.3076366,120.6037876,199.9,BUSY,M-P-001,V1
400,400,L-UAV-01,AMZN,31.3061051,120.6012864,100.0,BUSY,M-L-001,V2
400,400,M-UAV-01,M600,31.3108767,120.6039862,30.5,AVAILABLE,,
400,400,M-UAV-02,M600,31.3013463,120.5988017,100.0,CONTINGENCY,,V3
401,401,EVTOL-01,EC35,31.3079993,120.6038098,199.9,BUSY,M-P-001,V1
401,401,L-UAV-01,AMZN,31.3059858,120.6012110,100.0,BUSY,M-L-001,V2
401,401,M-UAV-01,M600,31.3108767,120.6039862,30.5,AVAILABLE,,
401,401,M-UAV-02,M600,31.3014600,120.5988881,100.0,CONTINGENCY,,V3
402,402,EVTOL-01,EC35,31.3083620,120.6038320,199.9,BUSY,M-P-001,V1
402,402,L-UAV-01,AMZN,31.3058666,120.6011355,100.0,BUSY,M-L-001,V2
402,402,M-UAV-01,M600,31.3108767,120.6039862,30.5,AVAILABLE,,
402,402,M-UAV-02,M600,31.3015737,120.5989744,100.0,CONTINGENCY,,V3
403,403,EVTOL-01,EC35,31.3087247,120.6038543,199.9,BUSY,M-P-001,V1
403,403,L-UAV-01,AMZN,31.3057474,120.6010600,100.0,BUSY,M-L-001,V2
403,403,M-UAV-01,M600,31.3108767,120.6039862,30.5,AVAILABLE,,
403,403,M-UAV-02,M600,31.3016874,120.5990607,100.0,CONTINGENCY,,V3
404,404,EVTOL-01,EC35,31.3090874,120.6038765,199.9,BUSY,M-P-001,V1
404,404,L-UAV-01,AMZN,31.3056281,120.6009846,100.0,BUSY,M-L-001,V2
404,404,M-UAV-01,M600,31.3108767,120.6039862,30.5,AVAILABLE,,
404,404,M-UAV-02,M600,31.3018011,120.5991471,100.0,CONTINGENCY,,V3
405,405,EVTOL-01,EC35,31.3094501,120.6038987,199.9,BUSY,M-P-001,V1
405,405,L-UAV-01,AMZN,31.3055089,120.6009091,100.0,BUSY,M-L-001,V2
405,405,M-UAV-01,M600,31.3108767,120.6039862,30.5,AVAILABLE,,
405,405,M-UAV-02,M600,31.3019148,120.5992334,100.0,CONTINGENCY,,V3
406,406,EVTOL-01,EC35,31.3098128,120.6039209,199.9,BUSY,M-P-001,V1
406,406,L-UAV-01,AMZN,31.3053897,120.6008336,100.0,BUSY,M-L-001,V2
406,406,M-UAV-01,M600,31.3108767,120.6039862,30.5,AVAILABLE,,
406,406,M-UAV-02,M600,31.3020285,120.5993197,100.0,CONTINGENCY,,V3
407,407,EVTOL-01,EC35,31.3101755,120.6039432,199.9,BUSY,M-P-001,V2
407,407,L-UAV-01,AMZN,31.3052705,120.6007582,100.0,BUSY,M-L-001,V2
407,407,M-UAV-01,M600,31.3108767,120.6039862,30.5,AVAILABLE,,
407,407,M-UAV-02,M600,31.3021423,120.5994061,100.0,CONTINGENCY,,V3
408,408,EVTOL-01,EC35,31.3105380,120.6039173,199.9,BUSY,M-P-001,V2
408,408,L-UAV-01,AMZN,31.3051512,120.6006827,100.0,BUSY,M-L-001,V2
408,408,M-UAV-01,M600,31.3108767,120.6039862,30.5,AVAILABLE,,
408,408,M-UAV-02,M600,31.3022560,120.5994924,100.0,CONTINGENCY,,V3
409,409,EVTOL-01,EC35,31.3108957,120.6038436,199.9,BUSY,M-P-001,V2
409,409,L-UAV-01,AMZN,31.3050320,120.6006072,100.0,BUSY,M-L-001,V2
409,409,M-UAV-01,M600,31.3108767,120.6039862,30.5,AVAILABLE,,
409,409,M-UAV-02,M600,31.3023697,120.5995788,100.0,CONTINGENCY,,V3
410,410,EVTOL-01,EC35,31.3112440,120.6037231,199.9,BUSY,M-P-001,V2
410,410,L-UAV-01,AMZN,31.3049128,120.6005318,100.0,BUSY,M-L-001,V2
410,410,M-UAV-01,M600,31.3108767,120.6039862,30.5,AVAILABLE,,
410,410,M-UAV-02,M600,31.3024834,120.5996651,100.0,CONTINGENCY,,V3
411,411,EVTOL-01,EC35,31.3115784,120.6035574,199.9,BUSY,M-P-001,V2
411,411,L-UAV-01,AMZN,31.3047935,120.6004563,100.0,BUSY,M-L-001,V2
411,411,M-UAV-01,M600,31.3108767,120.6039862,30.5,AVAILABLE,,
411,411,M-UAV-02,M600,31.3025971,120.5997514,100.0,CONTINGENCY,,V3
412,412,EVTOL-01,EC35,31.3118947,120.6033484,199.9,BUSY,M-P-001,V2
412,412,L-UAV-01,AMZN,31.3046743,120.6003808,100.0,BUSY,M-L-001,V2
412,412,M-UAV-01,M600,31.3108767,120.6039862,30.5,AVAILABLE,,
412,412,M-UAV-02,M600,31.3027108,120.5998378,100.0,CONTINGENCY,,V3
413,413,EVTOL-01,EC35,31.3121888,120.6030990,199.9,BUSY,M-P-001,V2
413,413,L-UAV-01,AMZN,31.3045551,120.6003054,100.0,BUSY,M-L-001,V2
413,413,M-UAV-01,M600,31.3108767,120.6039862,30.5,AVAILABLE,,
413,413,M-UAV-02,M600,31.3028245,120.5999241,100.0,CONTINGENCY,,V3
414,414,EVTOL-01,EC35,31.3124569,120.6028122,199.9,BUSY,M-P-001,V2
414,414,L-UAV-01,AMZN,31.3044359,120.6002299,100.0,BUSY,M-L-001,V2
414,414,M-UAV-01,M600,31.3108767,120.6039862,30.5,AVAILABLE,,
414,414,M-UAV-02,M600,31.3029383,120.6000104,100.0,CONTINGENCY,,V3
415,415,EVTOL-01,EC35,31.3126957,120.6024918,199.9,BUSY,M-P-001,V2
415,415,L-UAV-01,AMZN,31.3043166,120.6001544,100.0,BUSY,M-L-001,V2
415,415,M-UAV-01,M600,31.3108767,120.6039862,30.5,AVAILABLE,,
415,415,M-UAV-02,M600,31.3030520,120.6000968,100.0,CONTINGENCY,,V3
416,416,EVTOL-01,EC35,31.3129019,120.6021419,199.9,BUSY,M-P-001,V2
416,416,L-UAV-01,AMZN,31.3041974,120.6000790,100.0,BUSY,M-L-001,V2
416,416,M-UAV-01,M600,31.3108767,120.6039862,30.5,AVAILABLE,,
416,416,M-UAV-02,M600,31.3031657,120.6001831,100.0,CONTINGENCY,,V3
417,417,EVTOL-01,EC35,31.3130731,120.6017670,199.9,BUSY,M-P-001,V2
417,417,L-UAV-01,AMZN,31.3040782,120.6000035,100.0,BUSY,M-L-001,V2
417,417,M-UAV-01,M600,31.3108767,120.6039862,30.5,AVAILABLE,,
417,417,M-UAV-02,M600,31.3032794,120.6002695,100.0,CONTINGENCY,,V3
418,418,EVTOL-01,EC35,31.3132070,120.6013718,199.9,BUSY,M-P-001,V2
418,418,L-UAV-01,AMZN,31.3039589,120.5999280,100.0,BUSY,M-L-001,V2
418,418,M-UAV-01,M600,31.3108767,120.6039862,30.5,AVAILABLE,,
418,418,M-UAV-02,M600,31.3033931,120.6003558,100.0,CONTINGENCY,,V3
419,419,EVTOL-01,EC35,31.3133019,120.6009615,199.9,BUSY,M-P-001,V2
419,419,L-UAV-01,AMZN,31.3038397,120.5998526,100.0,BUSY,M-L-001,V2
419,419,M-UAV-01,M600,31.3108767,120.6039862,30.5,AVAILABLE,,
419,419,M-UAV-02,M600,31.3035068,120.6004421,100.0,CONTINGENCY,,V3
420,420,EVTOL-01,EC35,31.3133566,120.6005412,199.9,BUSY,M-P-001,V2
420,420,L-UAV-01,AMZN,31.3037205,120.5997771,100.0,BUSY,M-L-001,V2
420,420,M-UAV-01,M600,31.3108767,120.6039862,30.5,AVAILABLE,,
420,420,M-UAV-02,M600,31.3036205,120.6005285,100.0,CONTINGENCY,,V3
421,421,EVTOL-01,EC35,31.3133703,120.6001164,199.9,BUSY,M-P-001,V2
421,421,L-UAV-01,AMZN,31.3036013,120.5997016,100.0,BUSY,M-L-001,V2
421,421,M-UAV-01,M600,31.3108767,120.6039862,30.5,AVAILABLE,,
421,421,M-UAV-02,M600,31.3037343,120.6006148,100.0,CONTINGENCY,,V3
422,422,EVTOL-01,EC35,31.3133429,120.5996925,199.9,BUSY,M-P-001,V2
422,422,L-UAV-01,AMZN,31.3034820,120.5996262,100.0,BUSY,M-L-001,V2
422,422,M-UAV-01,M600,31.3108767,120.6039862,30.5,AVAILABLE,,
422,422,M-UAV-02,M600,31.3038480,120.6007012,100.0,CONTINGENCY,,V3
423,423,EVTOL-01,EC35,31.3132748,120.5992749,199.9,BUSY,M-P-001,V2
423,423,L-UAV-01,AMZN,31.3033628,120.5995507,100.0,BUSY,M-L-001,V2
423,423,M-UAV-01,M600,31.3108767,120.6039862,30.5,AVAILABLE,,
423,423,M-UAV-02,M600,31.3039617,120.6007875,100.0,CONTINGENCY,,V3
424,424,EVTOL-01,EC35,31.3131669,120.5988690,199.9,BUSY,M-P-001,V2
424,424,L-UAV-01,AMZN,31.3032436,120.5994752,100.0,BUSY,M-L-001,V2
424,424,M-UAV-01,M600,31.3108767,120.6039862,30.5,AVAILABLE,,
424,424,M-UAV-02,M600,31.3040754,120.6008739,100.0,CONTINGENCY,,V3
425,425,EVTOL-01,EC35,31.3130204,120.5984800,199.9,BUSY,M-P-001,V2
425,425,L-UAV-01,AMZN,31.3031243,120.5993998,100.0,BUSY,M-L-001,V2
425,425,M-UAV-01,M600,31.3108767,120.6039862,30.5,AVAILABLE,,
425,425,M-UAV-02,M600,31.3041891,120.6009602,100.0,CONTINGENCY,,V3
426,426,EVTOL-01,EC35,31.3128373,120.5981129,199.9,BUSY,M-P-001,V2
426,426,L-UAV-01,AMZN,31.3030051,120.5993243,100.0,BUSY,M-L-001,V2
426,426,M-UAV-01,M600,31.3108767,120.6039862,30.5,AVAILABLE,,
426,426,M-UAV-02,M600,31.3043028,120.6010465,100.0,CONTINGENCY,,V3
427,427,EVTOL-01,EC35,31.3126200,120.5977723,199.9,BUSY,M-P-001,V2
427,427,L-UAV-01,AMZN,31.3028859,120.5992488,100.0,BUSY,M-L-001,V2
427,427,M-UAV-01,M600,31.3108767,120.6039862,30.5,AVAILABLE,,
427,427,M-UAV-02,M600,31.3044165,120.6011329,100.0,CONTINGENCY,,V3
428,428,EVTOL-01,EC35,31.3123711,120.5974626,199.9,BUSY,M-P-001,V2
428,428,L-UAV-01,AMZN,31.3027667,120.5991734,100.0,BUSY,M-L-001,V2
428,428,M-UAV-01,M600,31.3108767,120.6039862,30.5,AVAILABLE,,
428,428,M-UAV-02,M600,31.3045302,120.6012192,100.0,CONTINGENCY,,V3
429,429,EVTOL-01,EC35,31.3120940,120.5971879,199.9,BUSY,M-P-001,V2
429,429,L-UAV-01,AMZN,31.3026474,120.5990979,100.0,BUSY,M-L-001,V2
429,429,M-UAV-01,M600,31.3108767,120.6039862,30.5,AVAILABLE,,
429,429,M-UAV-02,M600,31.3046440,120.6013056,100.0,CONTINGENCY,,V3
430,430,EVTOL-01,EC35,31.3117921,120.5969515,199.9,BUSY,M-P-001,V2
430,430,L-UAV-01,AMZN,31.3025282,120.5990225,100.0,BUSY,M-L-001,V2
430,430,M-UAV-01,M600,31.3108767,120.6039862,30.5,AVAILABLE,,
430,430,M-UAV-02,M600,31.3047577,120.6013919,100.0,CONTINGENCY,,V3
431,431,EVTOL-01,EC35,31.3114694,120.5967566,199.9,BUSY,M-P-001,V2
431,431,L-UAV-01,AMZN,31.3024090,120.5989470,100.0,BUSY,M-L-001,V2
431,431,M-UAV-01,M600,31.3108767,120.6039862,30.5,AVAILABLE,,
431,431,M-UAV-02,M600,31.3048714,120.6014782,100.0,CONTINGENCY,,V3
432,432,EVTOL-01,EC35,31.3111299,120.5966056,199.9,BUSY,M-P-001,V2
432,432,L-UAV-01,AMZN,31.3022897,120.5988715,100.0,BUSY,M-L-001,V2
432,432,M-UAV-01,M600,31.3108767,120.6039862,30.5,AVAILABLE,,
432,432,M-UAV-02,M600,31.3049851,120.6015646,100.0,CONTINGENCY,,V3
433,433,EVTOL-01,EC35,31.3107779,120.5965005,199.9,BUSY,M-P-001,V2
433,433,L-UAV-01,AMZN,31.3021705,120.5987961,100.0,BUSY,M-L-001,V2
433,433,M-UAV-01,M600,31.3108767,120.6039862,30.5,AVAILABLE,,
433,433,M-UAV-02,M600,31.3050988,120.6016509,100.0,CONTINGENCY,,V3
434,434,EVTOL-01,EC35,31.3104181,120.5964426,199.9,BUSY,M-P-001,V2
434,434,L-UAV-01,AMZN,31.3020513,120.5987206,100.0,BUSY,M-L-001,V2
434,434,M-UAV-01,M600,31.3108767,120.6039862,30.5,AVAILABLE,,
434,434,M-UAV-02,M600,31.3052125,120.6017373,100.0,CONTINGENCY,,V3
435,435,EVTOL-01,EC35,31.3100554,120.5964204,199.9,BUSY,M-P-001,V2
435,435,L-UAV-01,AMZN,31.3019321,120.5986451,100.0,BUSY,M-L-001,V2
435,435,M-UAV-01,M600,31.3108767,120.6039862,30.5,AVAILABLE,,
435,435,M-UAV-02,M600,31.3053262,120.6018236,100.0,CONTINGENCY,,V3
436,436,EVTOL-01,EC35,31.3096927,120.5963983,199.9,BUSY,M-P-001,V2
436,436,L-UAV-01,AMZN,31.3018128,120.5985697,100.0,BUSY,M-L-001,V2
436,436,M-UAV-01,M600,31.3108767,120.6039862,30.5,AVAILABLE,,
436,436,M-UAV-02,M600,31.3054400,120.6019100,100.0,CONTINGENCY,,V3
437,437,EVTOL-01,EC35,31.3093301,120.5963761,199.9,BUSY,M-P-001,V2
437,437,L-UAV-01,AMZN,31.3016936,120.5984942,100.0,BUSY,M-L-001,V2
437,437,M-UAV-01,M600,31.3108767,120.6039862,30.5,AVAILABLE,,
437,437,M-UAV-02,M600,31.3055537,120.6019963,100.0,CONTINGENCY,,V3
438,438,EVTOL-01,EC35,31.3089674,120.5963539,199.9,BUSY,M-P-001,V2
438,438,L-UAV-01,AMZN,31.3015744,120.5984188,100.0,BUSY,M-L-001,V2
438,438,M-UAV-01,M600,31.3108767,120.6039862,30.5,AVAILABLE,,
438,438,M-UAV-02,M600,31.3056674,120.6020826,100.0,CONTINGENCY,,V3
439,439,EVTOL-01,EC35,31.3086047,120.5963317,199.9,BUSY,M-P-001,V2
439,439,L-UAV-01,AMZN,31.3014551,120.5983433,100.0,BUSY,M-L-001,V2
439,439,M-UAV-01,M600,31.3108767,120.6039862,30.5,AVAILABLE,,
439,439,M-UAV-02,M600,31.3057811,120.6021690,100.0,CONTINGENCY,,V3
440,440,EVTOL-01,EC35,31.3082420,120.5963095,199.9,BUSY,M-P-001,V2
440,440,L-UAV-01,AMZN,31.3013359,120.5982678,100.0,BUSY,M-L-001,V2
440,440,M-UAV-01,M600,31.3108767,120.6039862,30.5,AVAILABLE,,
440,440,M-UAV-02,M600,31.3058948,120.6022553,100.0,CONTINGENCY,,
441,441,EVTOL-01,EC35,31.3078793,120.5962873,199.9,BUSY,M-P-001,V2
441,441,L-UAV-01,AMZN,31.3012167,120.5981924,100.0,BUSY,M-L-001,V2
441,441,M-UAV-01,M600,31.3108767,120.6039862,30.5,AVAILABLE,,
441,441,M-UAV-02,M600,31.3059934,120.6023302,98.5,CONTINGENCY,,
442,442,EVTOL-01,EC35,31.3075166,120.5962651,199.9,BUSY,M-P-001,V2
442,442,L-UAV-01,AMZN,31.3010974,120.5981169,100.0,BUSY,M-L-001,V2
442,442,M-UAV-01,M600,31.3108767,120.6039862,30.5,AVAILABLE,,
442,442,M-UAV-02,M600,31.3060770,120.6023937,95.4,CONTINGENCY,,
443,443,EVTOL-01,EC35,31.3071539,120.5962429,199.9,BUSY,M-P-001,V2
443,443,L-UAV-01,AMZN,31.3009782,120.5980415,100.0,BUSY,M-L-001,V2
443,443,M-UAV-01,M600,31.3108767,120.6039862,30.5,AVAILABLE,,
443,443,M-UAV-02,M600,31.3061454,120.6024456,90.8,CONTINGENCY,,
444,444,EVTOL-01,EC35,31.3067912,120.5962207,199.9,BUSY,M-P-001,V2
444,444,L-UAV-01,AMZN,31.3008590,120.5979660,100.0,BUSY,M-L-001,V2
444,444,M-UAV-01,M600,31.3108767,120.6039862,30.5,AVAILABLE,,
444,444,M-UAV-02,M600,31.3061988,120.6024861,84.7,CONTINGENCY,,
445,445,EVTOL-01,EC35,31.3064285,120.5961986,199.9,BUSY,M-P-001,V2
445,445,L-UAV-01,AMZN,31.3007398,120.5978905,100.0,BUSY,M-L-001,V2
445,445,M-UAV-01,M600,31.3108767,120.6039862,30.5,AVAILABLE,,
445,445,M-UAV-02,M600,31.3062370,120.6025152,77.1,CONTINGENCY,,
446,446,EVTOL-01,EC35,31.3060658,120.5961764,199.9,BUSY,M-P-001,V2
446,446,L-UAV-01,AMZN,31.3006205,120.5978151,100.0,BUSY,M-L-001,V2
446,446,M-UAV-01,M600,31.3108767,120.6039862,30.5,AVAILABLE,,
446,446,M-UAV-02,M600,31.3062602,120.6025328,69.5,CONTINGENCY,,
447,447,EVTOL-01,EC35,31.3057031,120.5961542,199.9,BUSY,M-P-001,V2
447,447,L-UAV-01,AMZN,31.3005013,120.5977396,100.0,BUSY,M-L-001,V2
447,447,M-UAV-01,M600,31.3108767,120.6039862,30.5,AVAILABLE,,
447,447,M-UAV-02,M600,31.3062683,120.6025389,61.9,CONTINGENCY,,
448,448,EVTOL-01,EC35,31.3053404,120.5961320,199.9,BUSY,M-P-001,V2
448,448,L-UAV-01,AMZN,31.3003821,120.5976642,100.0,BUSY,M-L-001,V2
448,448,M-UAV-01,M600,31.3108767,120.6039862,30.5,AVAILABLE,,
448,448,M-UAV-02,M600,31.3062683,120.6025389,54.3,CONTINGENCY,,
449,449,EVTOL-01,EC35,31.3049777,120.5961098,199.9,BUSY,M-P-001,V2
449,449,L-UAV-01,AMZN,31.3002628,120.5975887,100.0,BUSY,M-L-001,V2
449,449,M-UAV-01,M600,31.3108767,120.6039862,30.5,AVAILABLE,,
449,449,M-UAV-02,M600,31.3062683,120.6025389,46.6,CONTINGENCY,,
450,450,EVTOL-01,EC35,31.3046150,120.5960876,199.9,BUSY,M-P-001,V2
450,450,L-UAV-01,AMZN,31.3001436,120.5975132,100.0,BUSY,M-L-001,V2
450,450,M-UAV-01,M600,31.3108767,120.6039862,30.5,AVAILABLE,,
450,450,M-UAV-02,M600,31.3062683,120.6025389,39.0,CONTINGENCY,,
451,451,EVTOL-01,EC35,31.3042523,120.5960654,199.9,BUSY,M-P-001,V2
451,451,L-UAV-01,AMZN,31.3000244,120.5974378,100.0,BUSY,M-L-001,V2
451,451,M-UAV-01,M600,31.3108767,120.6039862,30.5,AVAILABLE,,
451,451,M-UAV-02,M600,31.3062683,120.6025389,31.4,CONTINGENCY,,
452,452,EVTOL-01,EC35,31.3038896,120.5960432,199.9,BUSY,M-P-001,V2
452,452,L-UAV-01,AMZN,31.2999051,120.5973623,100.0,BUSY,M-L-001,V2
452,452,M-UAV-01,M600,31.3108767,120.6039862,30.5,AVAILABLE,,
452,452,M-UAV-02,M600,31.3062683,120.6025389,30.5,CONTINGENCY,,
453,453,EVTOL-01,EC35,31.3035269,120.5960211,199.9,BUSY,M-P-001,V2
453,453,L-UAV-01,AMZN,31.2997859,120.5972869,100.0,BUSY,M-L-001,V2
453,453,M-UAV-01,M600,31.3108767,120.6039862,30.5,AVAILABLE,,
453,453,M-UAV-02,M600,31.3062683,120.6025389,30.5,CONTINGENCY,,
454,454,EVTOL-01,EC35,31.3031642,120.5959989,199.9,BUSY,M-P-001,V2
454,454,L-UAV-01,AMZN,31.2996667,120.5972114,100.0,BUSY,M-L-001,V2
454,454,M-UAV-01,M600,31.3108767,120.6039862,30.5,AVAILABLE,,
454,454,M-UAV-02,M600,31.3062683,120.6025389,30.5,CONTINGENCY,,
455,455,EVTOL-01,EC35,31.3028015,120.5959767,199.9,BUSY,M-P-001,V2
455,455,L-UAV-01,AMZN,31.2995475,120.5971359,100.0,BUSY,M-L-001,V2
455,455,M-UAV-01,M600,31.3108767,120.6039862,30.5,AVAILABLE,,
455,455,M-UAV-02,M600,31.3062683,120.6025389,30.5,CONTINGENCY,,
456,456,EVTOL-01,EC35,31.3024388,120.5959545,199.9,BUSY,M-P-001,V2
456,456,L-UAV-01,AMZN,31.2994282,120.5970605,100.0,BUSY,M-L-001,V2
456,456,M-UAV-01,M600,31.3108767,120.6039862,30.5,AVAILABLE,,
456,456,M-UAV-02,M600,31.3062683,120.6025389,30.5,CONTINGENCY,,
457,457,EVTOL-01,EC35,31.3020761,120.5959323,199.9,BUSY,M-P-001,V2
457,457,L-UAV-01,AMZN,31.2993090,120.5969850,100.0,BUSY,M-L-001,V2
457,457,M-UAV-01,M600,31.3108767,120.6039862,30.5,AVAILABLE,,
457,457,M-UAV-02,M600,31.3062683,120.6025389,30.5,CONTINGENCY,,
458,458,EVTOL-01,EC35,31.3017135,120.5959101,199.9,BUSY,M-P-001,V2
458,458,L-UAV-01,AMZN,31.2991898,120.5969096,100.0,BUSY,M-L-001,V2
458,458,M-UAV-01,M600,31.3108767,120.6039862,30.5,AVAILABLE,,
458,458,M-UAV-02,M600,31.3062683,120.6025389,30.5,CONTINGENCY,,
459,459,EVTOL-01,EC35,31.3013508,120.5958879,199.9,BUSY,M-P-001,V2
459,459,L-UAV-01,AMZN,31.2990705,120.5968341,100.0,BUSY,M-L-001,V2
459,459,M-UAV-01,M600,31.3108767,120.6039862,30.5,AVAILABLE,,
459,459,M-UAV-02,M600,31.3062683,120.6025389,30.5,CONTINGENCY,,
460,460,EVTOL-01,EC35,31.3009881,120.5958658,199.9,BUSY,M-P-001,V2
460,460,L-UAV-01,AMZN,31.2989513,120.5967587,100.0,BUSY,M-L-001,V2
460,460,M-UAV-01,M600,31.3108767,120.6039862,30.5,AVAILABLE,,
460,460,M-UAV-02,M600,31.3062683,120.6025389,30.5,CONTINGENCY,,
461,461,EVTOL-01,EC35,31.3006254,120.5958436,199.9,BUSY,M-P-001,V2
461,461,L-UAV-01,AMZN,31.2988321,120.5966832,100.0,BUSY,M-L-001,V2
461,461,M-UAV-01,M600,31.3108767,120.6039862,30.5,AVAILABLE,,
461,461,M-UAV-02,M600,31.3062683,120.6025389,30.5,CONTINGENCY,,
462,462,EVTOL-01,EC35,31.3002627,120.5958214,199.9,BUSY,M-P-001,V2
462,462,L-UAV-01,AMZN,31.2987128,120.5966077,100.0,BUSY,M-L-001,V2
462,462,M-UAV-01,M600,31.3108767,120.6039862,30.5,AVAILABLE,,
462,462,M-UAV-02,M600,31.3062683,120.6025389,30.5,CONTINGENCY,,
463,463,EVTOL-01,EC35,31.2999000,120.5957992,199.9,BUSY,M-P-001,V2
463,463,L-UAV-01,AMZN,31.2985936,120.5965323,100.0,BUSY,M-L-001,V2
463,463,M-UAV-01,M600,31.3108767,120.6039862,30.5,AVAILABLE,,
463,463,M-UAV-02,M600,31.3062683,120.6025389,30.5,CONTINGENCY,,
464,464,EVTOL-01,EC35,31.2995373,120.5957770,199.9,BUSY,M-P-001,V2
464,464,L-UAV-01,AMZN,31.2984744,120.5964568,100.0,BUSY,M-L-001,V2
464,464,M-UAV-01,M600,31.3108767,120.6039862,30.5,AVAILABLE,,
464,464,M-UAV-02,M600,31.3062683,120.6025389,30.5,CONTINGENCY,,
465,465,EVTOL-01,EC35,31.2991746,120.5957548,199.9,BUSY,M-P-001,V2
465,465,L-UAV-01,AMZN,31.2983552,120.5963814,100.0,BUSY,M-L-001,V2
465,465,M-UAV-01,M600,31.3108767,120.6039862,30.5,AVAILABLE,,
465,465,M-UAV-02,M600,31.3062683,120.6025389,30.5,CONTINGENCY,,
466,466,EVTOL-01,EC35,31.2988119,120.5957327,199.9,BUSY,M-P-001,V2
466,466,L-UAV-01,AMZN,31.2982359,120.5963059,100.0,BUSY,M-L-001,V2
466,466,M-UAV-01,M600,31.3108767,120.6039862,30.5,AVAILABLE,,
466,466,M-UAV-02,M600,31.3062683,120.6025389,30.5,CONTINGENCY,,
467,467,EVTOL-01,EC35,31.2984492,120.5957105,199.9,BUSY,M-P-001,V2
467,467,L-UAV-01,AMZN,31.2981167,120.5962305,100.0,BUSY,M-L-001,V2
467,467,M-UAV-01,M600,31.3108767,120.6039862,30.5,AVAILABLE,,
467,467,M-UAV-02,M600,31.3062683,120.6025389,30.5,CONTINGENCY,,
468,468,EVTOL-01,EC35,31.2980865,120.5956883,199.9,BUSY,M-P-001,V2
468,468,L-UAV-01,AMZN,31.2979975,120.5961550,100.0,BUSY,M-L-001,V2
468,468,M-UAV-01,M600,31.3108767,120.6039862,30.5,AVAILABLE,,
468,468,M-UAV-02,M600,31.3062683,120.6025389,30.5,CONTINGENCY,,
469,469,EVTOL-01,EC35,31.2977238,120.5956661,199.9,BUSY,M-P-001,V1
469,469,L-UAV-01,AMZN,31.2978782,120.5960795,100.0,BUSY,M-L-001,V3
469,469,M-UAV-01,M600,31.3108767,120.6039862,30.5,AVAILABLE,,
469,469,M-UAV-02,M600,31.3062683,120.6025389,30.5,CONTINGENCY,,
470,470,EVTOL-01,EC35,31.2973613,120.5956920,199.9,BUSY,M-P-001,V1
470,470,L-UAV-01,AMZN,31.2977452,120.5960492,100.0,BUSY,M-L-001,V3
470,470,M-UAV-01,M600,31.3108767,120.6039862,30.5,AVAILABLE,,
470,470,M-UAV-02,M600,31.3062683,120.6025389,30.5,CONTINGENCY,,
471,471,EVTOL-01,EC35,31.2970036,120.5957657,199.9,BUSY,M-P-001,V1
471,471,L-UAV-01,AMZN,31.2976105,120.5960668,100.0,BUSY,M-L-001,V3
471,471,M-UAV-01,M600,31.3108767,120.6039862,30.5,AVAILABLE,,
471,471,M-UAV-02,M600,31.3062683,120.6025389,30.5,CONTINGENCY,,
472,472,EVTOL-01,EC35,31.2966553,120.5958862,199.9,BUSY,M-P-001,V1
472,472,L-UAV-01,AMZN,31.2974864,120.5961307,100.0,BUSY,M-L-001,V3
472,472,M-UAV-01,M600,31.3108767,120.6039862,30.5,AVAILABLE,,
472,472,M-UAV-02,M600,31.3062683,120.6025389,30.5,CONTINGENCY,,
473,473,EVTOL-01,EC35,31.2963209,120.5960520,199.9,BUSY,M-P-001,V1
473,473,L-UAV-01,AMZN,31.2973843,120.5962350,100.0,BUSY,M-L-001,V3
473,473,M-UAV-01,M600,31.3108767,120.6039862,30.5,AVAILABLE,,
473,473,M-UAV-02,M600,31.3062683,120.6025389,30.5,CONTINGENCY,,
474,474,EVTOL-01,EC35,31.2960046,120.5962610,199.9,BUSY,M-P-001,V1
474,474,L-UAV-01,AMZN,31.2973135,120.5963703,100.0,BUSY,M-L-001,V3
474,474,M-UAV-01,M600,31.3108767,120.6039862,30.5,AVAILABLE,,
474,474,M-UAV-02,M600,31.3062683,120.6025389,30.5,CONTINGENCY,,
475,475,EVTOL-01,EC35,31.2957106,120.5965104,199.9,BUSY,M-P-001,V1
475,475,L-UAV-01,AMZN,31.2972805,120.5965242,100.0,BUSY,M-L-001,V3
475,475,M-UAV-01,M600,31.3108767,120.6039862,30.5,AVAILABLE,,
475,475,M-UAV-02,M600,31.3062683,120.6025389,30.5,CONTINGENCY,,
476,476,EVTOL-01,EC35,31.2954425,120.5967971,199.9,BUSY,M-P-001,V1
476,476,L-UAV-01,AMZN,31.2972882,120.5966825,100.0,BUSY,M-L-001,V3
476,476,M-UAV-01,M600,31.3108767,120.6039862,30.5,AVAILABLE,,
476,476,M-UAV-02,M600,31.3062683,120.6025389,30.5,CONTINGENCY,,
477,477,EVTOL-01,EC35,31.2952037,120.5971175,199.9,BUSY,M-P-001,V1
477,477,L-UAV-01,AMZN,31.2973361,120.5968310,100.0,BUSY,M-L-001,V3
477,477,M-UAV-01,M600,31.3108767,120.6039862,30.5,AVAILABLE,,
477,477,M-UAV-02,M600,31.3062683,120.6025389,30.5,CONTINGENCY,,
478,478,EVTOL-01,EC35,31.2949975,120.5974673,199.9,BUSY,M-P-001,V1
478,478,L-UAV-01,AMZN,31.2974196,120.5969559,100.0,BUSY,M-L-001,V3
478,478,M-UAV-01,M600,31.3108767,120.6039862,30.5,AVAILABLE,,
478,478,M-UAV-02,M600,31.3062683,120.6025389,30.5,CONTINGENCY,,
479,479,EVTOL-01,EC35,31.2948264,120.5978422,199.9,BUSY,M-P-001,V1
479,479,L-UAV-01,AMZN,31.2975313,120.5970459,100.0,BUSY,M-L-001,V3
479,479,M-UAV-01,M600,31.3108767,120.6039862,30.5,AVAILABLE,,
479,479,M-UAV-02,M600,31.3062683,120.6025389,30.5,CONTINGENCY,,
480,480,EVTOL-01,EC35,31.2946925,120.5982373,199.9,BUSY,M-P-001,V1
480,480,L-UAV-01,AMZN,31.2976505,120.5971213,100.0,BUSY,M-L-001,V3
480,480,M-UAV-01,M600,31.3108767,120.6039862,30.5,AVAILABLE,,
480,480,M-UAV-02,M600,31.3062683,120.6025389,30.5,CONTINGENCY,,
481,481,EVTOL-01,EC35,31.2945977,120.5986476,199.9,BUSY,M-P-001,V1
481,481,L-UAV-01,AMZN,31.2977697,120.5971968,100.0,BUSY,M-L-001,V3
481,481,M-UAV-01,M600,31.3108767,120.6039862,30.5,AVAILABLE,,
481,481,M-UAV-02,M600,31.3062683,120.6025389,30.5,CONTINGENCY,,
482,482,EVTOL-01,EC35,31.2945430,120.5990678,199.9,BUSY,M-P-001,V1
482,482,L-UAV-01,AMZN,31.2978889,120.5972722,100.0,BUSY,M-L-001,V3
482,482,M-UAV-01,M600,31.3108767,120.6039862,30.5,AVAILABLE,,
482,482,M-UAV-02,M600,31.3062683,120.6025389,30.5,CONTINGENCY,,
483,483,EVTOL-01,EC35,31.2945293,120.5994925,199.9,BUSY,M-P-001,V1
483,483,L-UAV-01,AMZN,31.2980082,120.5973477,100.0,BUSY,M-L-001,V3
483,483,M-UAV-01,M600,31.3108767,120.6039862,30.5,AVAILABLE,,
483,483,M-UAV-02,M600,31.3062683,120.6025389,30.5,CONTINGENCY,,
484,484,EVTOL-01,EC35,31.2945567,120.5999163,199.9,BUSY,M-P-001,V1
484,484,L-UAV-01,AMZN,31.2981274,120.5974232,100.0,BUSY,M-L-001,V3
484,484,M-UAV-01,M600,31.3108767,120.6039862,30.5,AVAILABLE,,
484,484,M-UAV-02,M600,31.3062683,120.6025389,30.5,CONTINGENCY,,
485,485,EVTOL-01,EC35,31.2946249,120.6003338,199.9,BUSY,M-P-001,V1
485,485,L-UAV-01,AMZN,31.2982466,120.5974986,100.0,BUSY,M-L-001,V3
485,485,M-UAV-01,M600,31.3108767,120.6039862,30.5,AVAILABLE,,
485,485,M-UAV-02,M600,31.3062683,120.6025389,30.5,CONTINGENCY,,
486,486,EVTOL-01,EC35,31.2947329,120.6007396,199.9,BUSY,M-P-001,V1
486,486,L-UAV-01,AMZN,31.2983659,120.5975741,100.0,BUSY,M-L-001,V3
486,486,M-UAV-01,M600,31.3108767,120.6039862,30.5,AVAILABLE,,
486,486,M-UAV-02,M600,31.3062683,120.6025389,30.5,CONTINGENCY,,
487,487,EVTOL-01,EC35,31.2948794,120.6011286,199.9,BUSY,M-P-001,V1
487,487,L-UAV-01,AMZN,31.2984851,120.5976495,100.0,BUSY,M-L-001,V3
487,487,M-UAV-01,M600,31.3108767,120.6039862,30.5,AVAILABLE,,
487,487,M-UAV-02,M600,31.3062683,120.6025389,30.5,CONTINGENCY,,
488,488,EVTOL-01,EC35,31.2950625,120.6014956,199.9,BUSY,M-P-001,V1
488,488,L-UAV-01,AMZN,31.2986043,120.5977250,100.0,BUSY,M-L-001,V3
488,488,M-UAV-01,M600,31.3108767,120.6039862,30.5,AVAILABLE,,
488,488,M-UAV-02,M600,31.3062683,120.6025389,30.5,CONTINGENCY,,
489,489,EVTOL-01,EC35,31.2952798,120.6018361,199.9,BUSY,M-P-001,V1
489,489,L-UAV-01,AMZN,31.2987236,120.5978005,100.0,BUSY,M-L-001,V3
489,489,M-UAV-01,M600,31.3108767,120.6039862,30.5,AVAILABLE,,
489,489,M-UAV-02,M600,31.3062683,120.6025389,30.5,CONTINGENCY,,
490,490,EVTOL-01,EC35,31.2955287,120.6021457,199.9,BUSY,M-P-001,V1
490,490,L-UAV-01,AMZN,31.2988428,120.5978759,100.0,BUSY,M-L-001,V3
490,490,M-UAV-01,M600,31.3108767,120.6039862,30.5,AVAILABLE,,
490,490,M-UAV-02,M600,31.3062683,120.6025389,30.5,CONTINGENCY,,
491,491,EVTOL-01,EC35,31.2958059,120.6024204,199.9,BUSY,M-P-001,V1
491,491,L-UAV-01,AMZN,31.2989620,120.5979514,100.0,BUSY,M-L-001,V3
491,491,M-UAV-01,M600,31.3108767,120.6039862,30.5,AVAILABLE,,
491,491,M-UAV-02,M600,31.3062683,120.6025389,30.5,CONTINGENCY,,
492,492,EVTOL-01,EC35,31.2961078,120.6026566,199.9,BUSY,M-P-001,V1
492,492,L-UAV-01,AMZN,31.2990812,120.5980268,100.0,BUSY,M-L-001,V3
492,492,M-UAV-01,M600,31.3108767,120.6039862,30.5,AVAILABLE,,
492,492,M-UAV-02,M600,31.3062683,120.6025389,30.5,CONTINGENCY,,
493,493,EVTOL-01,EC35,31.2964305,120.6028515,199.9,BUSY,M-P-001,V1
493,493,L-UAV-01,AMZN,31.2992005,120.5981023,100.0,BUSY,M-L-001,V3
493,493,M-UAV-01,M600,31.3108767,120.6039862,30.5,AVAILABLE,,
493,493,M-UAV-02,M600,31.3062683,120.6025389,30.5,CONTINGENCY,,
494,494,EVTOL-01,EC35,31.2967701,120.6030024,199.9,BUSY,M-P-001,V1
494,494,L-UAV-01,AMZN,31.2993197,120.5981777,100.0,BUSY,M-L-001,V3
494,494,M-UAV-01,M600,31.3108767,120.6039862,30.5,AVAILABLE,,
494,494,M-UAV-02,M600,31.3062683,120.6025389,30.5,CONTINGENCY,,
495,495,EVTOL-01,EC35,31.2971220,120.6031074,199.9,BUSY,M-P-001,V1
495,495,L-UAV-01,AMZN,31.2994389,120.5982532,100.0,BUSY,M-L-001,V3
495,495,M-UAV-01,M600,31.3108767,120.6039862,30.5,AVAILABLE,,
495,495,M-UAV-02,M600,31.3062683,120.6025389,30.5,CONTINGENCY,,
496,496,EVTOL-01,EC35,31.2974818,120.6031653,199.9,BUSY,M-P-001,V1
496,496,L-UAV-01,AMZN,31.2995582,120.5983287,100.0,BUSY,M-L-001,V3
496,496,M-UAV-01,M600,31.3108767,120.6039862,30.5,AVAILABLE,,
496,496,M-UAV-02,M600,31.3062683,120.6025389,30.5,CONTINGENCY,,
497,497,EVTOL-01,EC35,31.2978445,120.6031875,199.9,BUSY,M-P-001,V1
497,497,L-UAV-01,AMZN,31.2996774,120.5984041,100.0,BUSY,M-L-001,V3
497,497,M-UAV-01,M600,31.3108767,120.6039862,30.5,AVAILABLE,,
497,497,M-UAV-02,M600,31.3062683,120.6025389,30.5,CONTINGENCY,,
498,498,EVTOL-01,EC35,31.2982072,120.6032097,199.9,BUSY,M-P-001,V1
498,498,L-UAV-01,AMZN,31.2997966,120.5984796,100.0,BUSY,M-L-001,V3
498,498,M-UAV-01,M600,31.3108767,120.6039862,30.5,AVAILABLE,,
498,498,M-UAV-02,M600,31.3062683,120.6025389,30.5,CONTINGENCY,,
499,499,EVTOL-01,EC35,31.2985699,120.6032320,199.9,BUSY,M-P-001,V1
499,499,L-UAV-01,AMZN,31.2999158,120.5985550,100.0,BUSY,M-L-001,V3
499,499,M-UAV-01,M600,31.3108767,120.6039862,30.5,AVAILABLE,,
499,499,M-UAV-02,M600,31.3062683,120.6025389,30.5,CONTINGENCY,,
500,500,EVTOL-01,EC35,31.2989326,120.6032542,199.9,BUSY,M-P-001,V1
500,500,L-UAV-01,AMZN,31.3000351,120.5986305,100.0,BUSY,M-L-001,V3
500,500,M-UAV-01,M600,31.3108767,120.6039862,30.5,AVAILABLE,,
500,500,M-UAV-02,M600,31.3062683,120.6025389,30.5,CONTINGENCY,,
501,501,EVTOL-01,EC35,31.2992953,120.6032764,199.9,BUSY,M-P-001,V1
501,501,L-UAV-01,AMZN,31.3001543,120.5987060,100.0,BUSY,M-L-001,V3
501,501,M-UAV-01,M600,31.3108767,120.6039862,30.5,AVAILABLE,,
501,501,M-UAV-02,M600,31.3062683,120.6025389,30.5,CONTINGENCY,,
502,502,EVTOL-01,EC35,31.2996580,120.6032986,199.9,BUSY,M-P-001,V1
502,502,L-UAV-01,AMZN,31.3002735,120.5987814,100.0,BUSY,M-L-001,V3
502,502,M-UAV-01,M600,31.3108767,120.6039862,30.5,AVAILABLE,,
502,502,M-UAV-02,M600,31.3062683,120.6025389,30.5,CONTINGENCY,,
503,503,EVTOL-01,EC35,31.3000207,120.6033209,199.9,BUSY,M-P-001,V1
503,503,L-UAV-01,AMZN,31.3003928,120.5988569,100.0,BUSY,M-L-001,V3
503,503,M-UAV-01,M600,31.3108767,120.6039862,30.5,AVAILABLE,,
503,503,M-UAV-02,M600,31.3062683,120.6025389,30.5,CONTINGENCY,,
504,504,EVTOL-01,EC35,31.3003834,120.6033431,199.9,BUSY,M-P-001,V1
504,504,L-UAV-01,AMZN,31.3005120,120.5989324,100.0,BUSY,M-L-001,V3
504,504,M-UAV-01,M600,31.3108767,120.6039862,30.5,AVAILABLE,,
504,504,M-UAV-02,M600,31.3062683,120.6025389,30.5,CONTINGENCY,,
505,505,EVTOL-01,EC35,31.3007460,120.6033653,199.9,BUSY,M-P-001,V1
505,505,L-UAV-01,AMZN,31.3006312,120.5990078,100.0,BUSY,M-L-001,V3
505,505,M-UAV-01,M600,31.3108767,120.6039862,30.5,AVAILABLE,,
505,505,M-UAV-02,M600,31.3062683,120.6025389,30.5,CONTINGENCY,,
506,506,EVTOL-01,EC35,31.3011087,120.6033875,199.9,BUSY,M-P-001,V1
506,506,L-UAV-01,AMZN,31.3007505,120.5990833,100.0,BUSY,M-L-001,V3
506,506,M-UAV-01,M600,31.3108767,120.6039862,30.5,AVAILABLE,,
506,506,M-UAV-02,M600,31.3062683,120.6025389,30.5,CONTINGENCY,,
507,507,EVTOL-01,EC35,31.3014714,120.6034098,199.9,BUSY,M-P-001,V1
507,507,L-UAV-01,AMZN,31.3008697,120.5991587,100.0,BUSY,M-L-001,V3
507,507,M-UAV-01,M600,31.3108767,120.6039862,30.5,AVAILABLE,,
507,507,M-UAV-02,M600,31.3062683,120.6025389,30.5,CONTINGENCY,,
508,508,EVTOL-01,EC35,31.3018341,120.6034320,199.9,BUSY,M-P-001,V1
508,508,L-UAV-01,AMZN,31.3009889,120.5992342,100.0,BUSY,M-L-001,V3
508,508,M-UAV-01,M600,31.3108767,120.6039862,30.5,AVAILABLE,,
508,508,M-UAV-02,M600,31.3062683,120.6025389,30.5,CONTINGENCY,,
509,509,EVTOL-01,EC35,31.3021968,120.6034542,199.9,BUSY,M-P-001,V1
509,509,L-UAV-01,AMZN,31.3011081,120.5993097,100.0,BUSY,M-L-001,V3
509,509,M-UAV-01,M600,31.3108767,120.6039862,30.5,AVAILABLE,,
509,509,M-UAV-02,M600,31.3062683,120.6025389,30.5,CONTINGENCY,,
510,510,EVTOL-01,EC35,31.3025595,120.6034764,199.9,BUSY,M-P-001,V1
510,510,L-UAV-01,AMZN,31.3012274,120.5993851,100.0,BUSY,M-L-001,V3
510,510,M-UAV-01,M600,31.3108767,120.6039862,30.5,AVAILABLE,,
510,510,M-UAV-02,M600,31.3062683,120.6025389,30.5,CONTINGENCY,,
511,511,EVTOL-01,EC35,31.3029222,120.6034987,199.9,BUSY,M-P-001,V1
511,511,L-UAV-01,AMZN,31.3013466,120.5994606,100.0,BUSY,M-L-001,V3
511,511,M-UAV-01,M600,31.3108767,120.6039862,30.5,AVAILABLE,,
511,511,M-UAV-02,M600,31.3062683,120.6025389,30.5,CONTINGENCY,,
512,512,EVTOL-01,EC35,31.3032849,120.6035209,199.9,BUSY,M-P-001,V1
512,512,L-UAV-01,AMZN,31.3014658,120.5995361,100.0,BUSY,M-L-001,V3
512,512,M-UAV-01,M600,31.3108767,120.6039862,30.5,AVAILABLE,,
512,512,M-UAV-02,M600,31.3062683,120.6025389,30.5,CONTINGENCY,,
513,513,EVTOL-01,EC35,31.3036476,120.6035431,199.9,BUSY,M-P-001,V1
513,513,L-UAV-01,AMZN,31.3015851,120.5996115,100.0,BUSY,M-L-001,V3
513,513,M-UAV-01,M600,31.3108767,120.6039862,30.5,AVAILABLE,,
513,513,M-UAV-02,M600,31.3062683,120.6025389,30.5,CONTINGENCY,,
514,514,EVTOL-01,EC35,31.3040103,120.6035653,199.9,BUSY,M-P-001,V1
514,514,L-UAV-01,AMZN,31.3017043,120.5996870,100.0,BUSY,M-L-001,V3
514,514,M-UAV-01,M600,31.3108767,120.6039862,30.5,AVAILABLE,,
514,514,M-UAV-02,M600,31.3062683,120.6025389,30.5,CONTINGENCY,,
515,515,EVTOL-01,EC35,31.3043730,120.6035876,199.9,BUSY,M-P-001,V1
515,515,L-UAV-01,AMZN,31.3018235,120.5997624,100.0,BUSY,M-L-001,V3
515,515,M-UAV-01,M600,31.3108767,120.6039862,30.5,AVAILABLE,,
515,515,M-UAV-02,M600,31.3062683,120.6025389,30.5,CONTINGENCY,,
516,516,EVTOL-01,EC35,31.3047357,120.6036098,199.9,BUSY,M-P-001,V1
516,516,L-UAV-01,AMZN,31.3019427,120.5998379,100.0,BUSY,M-L-001,V3
516,516,M-UAV-01,M600,31.3108767,120.6039862,30.5,AVAILABLE,,
516,516,M-UAV-02,M600,31.3062683,120.6025389,30.5,CONTINGENCY,,
517,517,EVTOL-01,EC35,31.3050984,120.6036320,199.9,BUSY,M-P-001,V1
517,517,L-UAV-01,AMZN,31.3020620,120.5999134,100.0,BUSY,M-L-001,V3
517,517,M-UAV-01,M600,31.3108767,120.6039862,30.5,AVAILABLE,,
517,517,M-UAV-02,M600,31.3062683,120.6025389,30.5,CONTINGENCY,,
518,518,EVTOL-01,EC35,31.3054611,120.6036542,199.9,BUSY,M-P-001,V1
518,518,L-UAV-01,AMZN,31.3021812,120.5999888,100.0,BUSY,M-L-001,V3
518,518,M-UAV-01,M600,31.3108767,120.6039862,30.5,AVAILABLE,,
518,518,M-UAV-02,M600,31.3062683,120.6025389,30.5,CONTINGENCY,,
519,519,EVTOL-01,EC35,31.3058238,120.6036765,199.9,BUSY,M-P-001,V1
519,519,L-UAV-01,AMZN,31.3023004,120.6000643,100.0,BUSY,M-L-001,V3
519,519,M-UAV-01,M600,31.3108767,120.6039862,30.5,AVAILABLE,,
519,519,M-UAV-02,M600,31.3062683,120.6025389,30.5,CONTINGENCY,,
520,520,EVTOL-01,EC35,31.3061865,120.6036987,199.9,BUSY,M-P-001,V1
520,520,L-UAV-01,AMZN,31.3024197,120.6001398,100.0,BUSY,M-L-001,V3
520,520,M-UAV-01,M600,31.3108767,120.6039862,30.5,AVAILABLE,,
520,520,M-UAV-02,M600,31.3062683,120.6025389,30.5,CONTINGENCY,,
521,521,EVTOL-01,EC35,31.3065491,120.6037209,199.9,BUSY,M-P-001,V1
521,521,L-UAV-01,AMZN,31.3025389,120.6002152,100.0,BUSY,M-L-001,V3
521,521,M-UAV-01,M600,31.3108767,120.6039862,30.5,AVAILABLE,,
521,521,M-UAV-02,M600,31.3062683,120.6025389,30.5,CONTINGENCY,,
522,522,EVTOL-01,EC35,31.3069118,120.6037432,199.9,BUSY,M-P-001,V1
522,522,L-UAV-01,AMZN,31.3026581,120.6002907,100.0,BUSY,M-L-001,V3
522,522,M-UAV-01,M600,31.3108767,120.6039862,30.5,AVAILABLE,,
522,522,M-UAV-02,M600,31.3062683,120.6025389,30.5,CONTINGENCY,,
523,523,EVTOL-01,EC35,31.3072745,120.6037654,199.9,BUSY,M-P-001,V1
523,523,L-UAV-01,AMZN,31.3027773,120.6003662,100.0,BUSY,M-L-001,V3
523,523,M-UAV-01,M600,31.3108767,120.6039862,30.5,AVAILABLE,,
523,523,M-UAV-02,M600,31.3062683,120.6025389,30.5,CONTINGENCY,,
524,524,EVTOL-01,EC35,31.3076372,120.6037876,199.9,BUSY,M-P-001,V1
524,524,L-UAV-01,AMZN,31.3028966,120.6004416,100.0,BUSY,M-L-001,V3
524,524,M-UAV-01,M600,31.3108767,120.6039862,30.5,AVAILABLE,,
524,524,M-UAV-02,M600,31.3062683,120.6025389,30.5,CONTINGENCY,,
525,525,EVTOL-01,EC35,31.3079999,120.6038098,199.9,BUSY,M-P-001,V1
525,525,L-UAV-01,AMZN,31.3030158,120.6005171,100.0,BUSY,M-L-001,V3
525,525,M-UAV-01,M600,31.3108767,120.6039862,30.5,AVAILABLE,,
525,525,M-UAV-02,M600,31.3062683,120.6025389,30.5,CONTINGENCY,,
526,526,EVTOL-01,EC35,31.3083626,120.6038321,199.9,BUSY,M-P-001,V1
526,526,L-UAV-01,AMZN,31.3031350,120.6005926,100.0,BUSY,M-L-001,V3
526,526,M-UAV-01,M600,31.3108767,120.6039862,30.5,AVAILABLE,,
526,526,M-UAV-02,M600,31.3062683,120.6025389,30.5,CONTINGENCY,,
527,527,EVTOL-01,EC35,31.3087253,120.6038543,199.9,BUSY,M-P-001,V1
527,527,L-UAV-01,AMZN,31.3032543,120.6006680,100.0,BUSY,M-L-001,V3
527,527,M-UAV-01,M600,31.3108767,120.6039862,30.5,AVAILABLE,,
527,527,M-UAV-02,M600,31.3062683,120.6025389,30.5,CONTINGENCY,,
528,528,EVTOL-01,EC35,31.3090880,120.6038765,199.9,BUSY,M-P-001,V1
528,528,L-UAV-01,AMZN,31.3033735,120.6007435,100.0,BUSY,M-L-001,V3
528,528,M-UAV-01,M600,31.3108767,120.6039862,30.5,AVAILABLE,,
528,528,M-UAV-02,M600,31.3062683,120.6025389,30.5,CONTINGENCY,,
529,529,EVTOL-01,EC35,31.3094507,120.6038988,199.9,BUSY,M-P-001,V1
529,529,L-UAV-01,AMZN,31.3034927,120.6008190,100.0,BUSY,M-L-001,V3
529,529,M-UAV-01,M600,31.3108767,120.6039862,30.5,AVAILABLE,,
529,529,M-UAV-02,M600,31.3062683,120.6025389,30.5,CONTINGENCY,,
530,530,EVTOL-01,EC35,31.3098134,120.6039210,199.9,BUSY,M-P-001,V1
530,530,L-UAV-01,AMZN,31.3036119,120.6008944,100.0,BUSY,M-L-001,V3
530,530,M-UAV-01,M600,31.3108767,120.6039862,30.5,AVAILABLE,,
530,530,M-UAV-02,M600,31.3062683,120.6025389,30.5,CONTINGENCY,,
531,531,EVTOL-01,EC35,31.3101761,120.6039432,199.9,BUSY,M-P-001,V2
531,531,L-UAV-01,AMZN,31.3037312,120.6009699,100.0,BUSY,M-L-001,V3
531,531,M-UAV-01,M600,31.3108767,120.6039862,30.5,AVAILABLE,,
531,531,M-UAV-02,M600,31.3062683,120.6025389,30.5,CONTINGENCY,,
532,532,EVTOL-01,EC35,31.3105386,120.6039173,199.9,BUSY,M-P-001,V2
532,532,L-UAV-01,AMZN,31.3038504,120.6010453,100.0,BUSY,M-L-001,V3
532,532,M-UAV-01,M600,31.3108767,120.6039862,30.5,AVAILABLE,,
532,532,M-UAV-02,M600,31.3062683,120.6025389,30.5,CONTINGENCY,,
533,533,EVTOL-01,EC35,31.3108963,120.6038437,199.9,BUSY,M-P-001,V2
533,533,L-UAV-01,AMZN,31.3039696,120.6011208,100.0,BUSY,M-L-001,V3
533,533,M-UAV-01,M600,31.3108767,120.6039862,30.5,AVAILABLE,,
533,533,M-UAV-02,M600,31.3062683,120.6025389,30.5,CONTINGENCY,,
534,534,EVTOL-01,EC35,31.3112446,120.6037232,199.9,BUSY,M-P-001,V2
534,534,L-UAV-01,AMZN,31.3040888,120.6011963,100.0,BUSY,M-L-001,V3
534,534,M-UAV-01,M600,31.3108767,120.6039862,30.5,AVAILABLE,,
534,534,M-UAV-02,M600,31.3062683,120.6025389,30.5,CONTINGENCY,,
535,535,EVTOL-01,EC35,31.3115790,120.6035574,199.9,BUSY,M-P-001,V2
535,535,L-UAV-01,AMZN,31.3042081,120.6012718,100.0,BUSY,M-L-001,V3
535,535,M-UAV-01,M600,31.3108767,120.6039862,30.5,AVAILABLE,,
535,535,M-UAV-02,M600,31.3062683,120.6025389,30.5,CONTINGENCY,,
536,536,EVTOL-01,EC35,31.3118953,120.6033484,199.9,BUSY,M-P-001,V2
536,536,L-UAV-01,AMZN,31.3043273,120.6013472,100.0,BUSY,M-L-001,V3
536,536,M-UAV-01,M600,31.3108767,120.6039862,30.5,AVAILABLE,,
536,536,M-UAV-02,M600,31.3062683,120.6025389,30.5,CONTINGENCY,,
537,537,EVTOL-01,EC35,31.3121894,120.6030990,199.9,BUSY,M-P-001,V2
537,537,L-UAV-01,AMZN,31.3044465,120.6014227,100.0,BUSY,M-L-001,V3
537,537,M-UAV-01,M600,31.3108767,120.6039862,30.5,AVAILABLE,,
537,537,M-UAV-02,M600,31.3062683,120.6025389,30.5,CONTINGENCY,,
538,538,EVTOL-01,EC35,31.3124575,120.6028122,199.9,BUSY,M-P-001,V2
538,538,L-UAV-01,AMZN,31.3045658,120.6014982,100.0,BUSY,M-L-001,V3
538,538,M-UAV-01,M600,31.3108767,120.6039862,30.5,AVAILABLE,,
538,538,M-UAV-02,M600,31.3062683,120.6025389,30.5,CONTINGENCY,,
539,539,EVTOL-01,EC35,31.3126963,120.6024919,199.9,BUSY,M-P-001,V2
539,539,L-UAV-01,AMZN,31.3046850,120.6015736,100.0,BUSY,M-L-001,V3
539,539,M-UAV-01,M600,31.3108767,120.6039862,30.5,AVAILABLE,,
539,539,M-UAV-02,M600,31.3062683,120.6025389,30.5,CONTINGENCY,,
540,540,EVTOL-01,EC35,31.3129025,120.6021420,199.9,BUSY,M-P-001,V2
540,540,L-UAV-01,AMZN,31.3048042,120.6016491,100.0,BUSY,M-L-001,V3
540,540,M-UAV-01,M600,31.3108767,120.6039862,30.5,AVAILABLE,,
540,540,M-UAV-02,M600,31.3062683,120.6025389,30.5,CONTINGENCY,,
541,541,EVTOL-01,EC35,31.3130737,120.6017670,199.9,BUSY,M-P-001,V2
541,541,L-UAV-01,AMZN,31.3049234,120.6017246,100.0,BUSY,M-L-001,V3
541,541,M-UAV-01,M600,31.3108767,120.6039862,30.5,AVAILABLE,,
541,541,M-UAV-02,M600,31.3062683,120.6025389,30.5,CONTINGENCY,,
542,542,EVTOL-01,EC35,31.3132076,120.6013719,199.9,BUSY,M-P-001,V2
542,542,L-UAV-01,AMZN,31.3050427,120.6018000,100.0,BUSY,M-L-001,V3
542,542,M-UAV-01,M600,31.3108767,120.6039862,30.5,AVAILABLE,,
542,542,M-UAV-02,M600,31.3062683,120.6025389,30.5,CONTINGENCY,,
543,543,EVTOL-01,EC35,31.3133025,120.6009615,199.9,BUSY,M-P-001,V2
543,543,L-UAV-01,AMZN,31.3051619,120.6018755,100.0,BUSY,M-L-001,V3
543,543,M-UAV-01,M600,31.3108767,120.6039862,30.5,AVAILABLE,,
543,543,M-UAV-02,M600,31.3062683,120.6025389,30.5,CONTINGENCY,,
544,544,EVTOL-01,EC35,31.3133571,120.6005413,199.9,BUSY,M-P-001,V2
544,544,L-UAV-01,AMZN,31.3052811,120.6019510,100.0,BUSY,M-L-001,V3
544,544,M-UAV-01,M600,31.3108767,120.6039862,30.5,AVAILABLE,,
544,544,M-UAV-02,M600,31.3062683,120.6025389,30.5,CONTINGENCY,,
545,545,EVTOL-01,EC35,31.3133709,120.6001164,199.9,BUSY,M-P-001,V2
545,545,L-UAV-01,AMZN,31.3054004,120.6020264,100.0,BUSY,M-L-001,V3
545,545,M-UAV-01,M600,31.3108767,120.6039862,30.5,AVAILABLE,,
545,545,M-UAV-02,M600,31.3062683,120.6025389,30.5,CONTINGENCY,,
546,546,EVTOL-01,EC35,31.3133435,120.5996925,199.9,BUSY,M-P-001,V2
546,546,L-UAV-01,AMZN,31.3055196,120.6021019,100.0,BUSY,M-L-001,V3
546,546,M-UAV-01,M600,31.3108767,120.6039862,30.5,AVAILABLE,,
546,546,M-UAV-02,M600,31.3062683,120.6025389,30.5,CONTINGENCY,,
547,547,EVTOL-01,EC35,31.3132754,120.5992750,199.9,BUSY,M-P-001,V2
547,547,L-UAV-01,AMZN,31.3056388,120.6021774,100.0,BUSY,M-L-001,V3
547,547,M-UAV-01,M600,31.3108767,120.6039862,30.5,AVAILABLE,,
547,547,M-UAV-02,M600,31.3062683,120.6025389,30.5,CONTINGENCY,,
548,548,EVTOL-01,EC35,31.3131675,120.5988691,199.9,BUSY,M-P-001,V2
548,548,L-UAV-01,AMZN,31.3057580,120.6022528,100.0,BUSY,M-L-001,V3
548,548,M-UAV-01,M600,31.3108767,120.6039862,30.5,AVAILABLE,,
548,548,M-UAV-02,M600,31.3062683,120.6025389,30.5,CONTINGENCY,,
549,549,EVTOL-01,EC35,31.3130210,120.5984801,199.9,BUSY,M-P-001,V2
549,549,L-UAV-01,AMZN,31.3058773,120.6023283,100.0,BUSY,M-L-001,V2
549,549,M-UAV-01,M600,31.3108767,120.6039862,30.5,AVAILABLE,,
549,549,M-UAV-02,M600,31.3062683,120.6025389,30.5,CONTINGENCY,,
550,550,EVTOL-01,EC35,31.3128379,120.5981129,199.9,BUSY,M-P-001,V2
550,550,L-UAV-01,AMZN,31.3060103,120.6023586,100.0,BUSY,M-L-001,V2
550,550,M-UAV-01,M600,31.3108767,120.6039862,30.5,AVAILABLE,,
550,550,M-UAV-02,M600,31.3062683,120.6025389,30.5,CONTINGENCY,,
551,551,EVTOL-01,EC35,31.3126206,120.5977723,199.9,BUSY,M-P-001,V2
551,551,L-UAV-01,AMZN,31.3061450,120.6023411,100.0,BUSY,M-L-001,V2
551,551,M-UAV-01,M600,31.3108767,120.6039862,30.5,AVAILABLE,,
551,551,M-UAV-02,M600,31.3062683,120.6025389,30.5,CONTINGENCY,,
552,552,EVTOL-01,EC35,31.3123717,120.5974627,199.9,BUSY,M-P-001,V2
552,552,L-UAV-01,AMZN,31.3062691,120.6022772,100.0,BUSY,M-L-001,V2
552,552,M-UAV-01,M600,31.3108767,120.6039862,30.5,AVAILABLE,,
552,552,M-UAV-02,M600,31.3062683,120.6025389,30.5,CONTINGENCY,,
553,553,EVTOL-01,EC35,31.3120946,120.5971879,199.9,BUSY,M-P-001,V2
553,553,L-UAV-01,AMZN,31.3063712,120.6021728,100.0,BUSY,M-L-001,V2
553,553,M-UAV-01,M600,31.3108767,120.6039862,30.5,AVAILABLE,,
553,553,M-UAV-02,M600,31.3062683,120.6025389,30.5,CONTINGENCY,,
554,554,EVTOL-01,EC35,31.3117927,120.5969516,199.9,BUSY,M-P-001,V2
554,554,L-UAV-01,AMZN,31.3064420,120.6020376,100.0,BUSY,M-L-001,V2
554,554,M-UAV-01,M600,31.3108767,120.6039862,30.5,AVAILABLE,,
554,554,M-UAV-02,M600,31.3062683,120.6025389,30.5,CONTINGENCY,,
555,555,EVTOL-01,EC35,31.3114700,120.5967566,199.9,BUSY,M-P-001,V2
555,555,L-UAV-01,AMZN,31.3064750,120.6018837,100.0,BUSY,M-L-001,V2
555,555,M-UAV-01,M600,31.3108767,120.6039862,30.5,AVAILABLE,,
555,555,M-UAV-02,M600,31.3062683,120.6025389,30.5,CONTINGENCY,,
556,556,EVTOL-01,EC35,31.3111304,120.5966057,199.9,BUSY,M-P-001,V2
556,556,L-UAV-01,AMZN,31.3064673,120.6017253,100.0,BUSY,M-L-001,V2
556,556,M-UAV-01,M600,31.3108767,120.6039862,30.5,AVAILABLE,,
556,556,M-UAV-02,M600,31.3062683,120.6025389,30.5,CONTINGENCY,,
557,557,EVTOL-01,EC35,31.3107785,120.5965006,199.9,BUSY,M-P-001,V2
557,557,L-UAV-01,AMZN,31.3064194,120.6015769,100.0,BUSY,M-L-001,V2
557,557,M-UAV-01,M600,31.3108767,120.6039862,30.5,AVAILABLE,,
557,557,M-UAV-02,M600,31.3062683,120.6025389,30.5,CONTINGENCY,,
558,558,EVTOL-01,EC35,31.3104187,120.5964427,199.9,BUSY,M-P-001,V2
558,558,L-UAV-01,AMZN,31.3063359,120.6014519,100.0,BUSY,M-L-001,V2
558,558,M-UAV-01,M600,31.3108767,120.6039862,30.5,AVAILABLE,,
558,558,M-UAV-02,M600,31.3062683,120.6025389,30.5,CONTINGENCY,,
559,559,EVTOL-01,EC35,31.3100560,120.5964205,199.9,BUSY,M-P-001,V2
559,559,L-UAV-01,AMZN,31.3062243,120.6013619,100.0,BUSY,M-L-001,V2
559,559,M-UAV-01,M600,31.3108767,120.6039862,30.5,AVAILABLE,,
559,559,M-UAV-02,M600,31.3062683,120.6025389,30.5,CONTINGENCY,,
560,560,EVTOL-01,EC35,31.3096933,120.5963983,199.9,BUSY,M-P-001,V2
560,560,L-UAV-01,AMZN,31.3061051,120.6012864,100.0,BUSY,M-L-001,V2
560,560,M-UAV-01,M600,31.3108767,120.6039862,30.5,AVAILABLE,,
560,560,M-UAV-02,M600,31.3062683,120.6025389,30.5,CONTINGENCY,,
561,561,EVTOL-01,EC35,31.3093306,120.5963761,199.9,BUSY,M-P-001,V2
561,561,L-UAV-01,AMZN,31.3059858,120.6012110,100.0,BUSY,M-L-001,V2
561,561,M-UAV-01,M600,31.3108767,120.6039862,30.5,AVAILABLE,,
561,561,M-UAV-02,M600,31.3062683,120.6025389,30.5,CONTINGENCY,,
562,562,EVTOL-01,EC35,31.3089679,120.5963539,199.9,BUSY,M-P-001,V2
562,562,L-UAV-01,AMZN,31.3058666,120.6011355,100.0,BUSY,M-L-001,V2
562,562,M-UAV-01,M600,31.3108767,120.6039862,30.5,AVAILABLE,,
562,562,M-UAV-02,M600,31.3062683,120.6025389,30.5,CONTINGENCY,,
563,563,EVTOL-01,EC35,31.3086052,120.5963317,199.9,BUSY,M-P-001,V2
563,563,L-UAV-01,AMZN,31.3057474,120.6010600,100.0,BUSY,M-L-001,V2
563,563,M-UAV-01,M600,31.3108767,120.6039862,30.5,AVAILABLE,,
563,563,M-UAV-02,M600,31.3062683,120.6025389,30.5,CONTINGENCY,,
564,564,EVTOL-01,EC35,31.3082425,120.5963095,199.9,BUSY,M-P-001,V2
564,564,L-UAV-01,AMZN,31.3056281,120.6009846,100.0,BUSY,M-L-001,V2
564,564,M-UAV-01,M600,31.3108767,120.6039862,30.5,AVAILABLE,,
564,564,M-UAV-02,M600,31.3062683,120.6025389,30.5,CONTINGENCY,,
565,565,EVTOL-01,EC35,31.3078799,120.5962873,199.9,BUSY,M-P-001,V2
565,565,L-UAV-01,AMZN,31.3055089,120.6009091,100.0,BUSY,M-L-001,V2
565,565,M-UAV-01,M600,31.3108767,120.6039862,30.5,AVAILABLE,,
565,565,M-UAV-02,M600,31.3062683,120.6025389,30.5,CONTINGENCY,,
566,566,EVTOL-01,EC35,31.3075172,120.5962652,199.9,BUSY,M-P-001,V2
566,566,L-UAV-01,AMZN,31.3053897,120.6008336,100.0,BUSY,M-L-001,V2
566,566,M-UAV-01,M600,31.3108767,120.6039862,30.5,AVAILABLE,,
566,566,M-UAV-02,M600,31.3062683,120.6025389,30.5,CONTINGENCY,,
567,567,EVTOL-01,EC35,31.3071545,120.5962430,199.9,BUSY,M-P-001,V2
567,567,L-UAV-01,AMZN,31.3052705,120.6007582,100.0,BUSY,M-L-001,V2
567,567,M-UAV-01,M600,31.3108767,120.6039862,30.5,AVAILABLE,,
567,567,M-UAV-02,M600,31.3062683,120.6025389,30.5,CONTINGENCY,,
568,568,EVTOL-01,EC35,31.3067918,120.5962208,199.9,BUSY,M-P-001,V2
568,568,L-UAV-01,AMZN,31.3051512,120.6006827,100.0,BUSY,M-L-001,V2
568,568,M-UAV-01,M600,31.3108767,120.6039862,30.5,AVAILABLE,,
568,568,M-UAV-02,M600,31.3062683,120.6025389,30.5,CONTINGENCY,,
569,569,EVTOL-01,EC35,31.3064291,120.5961986,199.9,BUSY,M-P-001,V2
569,569,L-UAV-01,AMZN,31.3050320,120.6006072,100.0,BUSY,M-L-001,V2
569,569,M-UAV-01,M600,31.3108767,120.6039862,30.5,AVAILABLE,,
569,569,M-UAV-02,M600,31.3062683,120.6025389,30.5,CONTINGENCY,,
570,570,EVTOL-01,EC35,31.3060664,120.5961764,199.9,BUSY,M-P-001,V2
570,570,L-UAV-01,AMZN,31.3049128,120.6005318,100.0,BUSY,M-L-001,V2
570,570,M-UAV-01,M600,31.3108767,120.6039862,30.5,AVAILABLE,,
570,570,M-UAV-02,M600,31.3062683,120.6025389,30.5,CONTINGENCY,,
571,571,EVTOL-01,EC35,31.3057037,120.5961542,199.9,BUSY,M-P-001,V2
571,571,L-UAV-01,AMZN,31.3047935,120.6004563,100.0,BUSY,M-L-001,V2
571,571,M-UAV-01,M600,31.3108767,120.6039862,30.5,AVAILABLE,,
571,571,M-UAV-02,M600,31.3062683,120.6025389,30.5,CONTINGENCY,,
572,572,EVTOL-01,EC35,31.3053410,120.5961320,199.9,BUSY,M-P-001,V2
572,572,L-UAV-01,AMZN,31.3046743,120.6003808,100.0,BUSY,M-L-001,V2
572,572,M-UAV-01,M600,31.3108767,120.6039862,30.5,AVAILABLE,,
572,572,M-UAV-02,M600,31.3062683,120.6025389,30.5,CONTINGENCY,,
573,573,EVTOL-01,EC35,31.3049783,120.5961098,199.9,BUSY,M-P-001,V2
573,573,L-UAV-01,AMZN,31.3045551,120.6003054,100.0,BUSY,M-L-001,V2
573,573,M-UAV-01,M600,31.3108767,120.6039862,30.5,AVAILABLE,,
573,573,M-UAV-02,M600,31.3062683,120.6025389,30.5,CONTINGENCY,,
574,574,EVTOL-01,EC35,31.3046156,120.5960877,199.9,BUSY,M-P-001,V2
574,574,L-UAV-01,AMZN,31.3044359,120.6002299,100.0,BUSY,M-L-001,V2
574,574,M-UAV-01,M600,31.3108767,120.6039862,30.5,AVAILABLE,,
574,574,M-UAV-02,M600,31.3062683,120.6025389,30.5,CONTINGENCY,,
575,575,EVTOL-01,EC35,31.3042529,120.5960655,199.9,BUSY,M-P-001,V2
575,575,L-UAV-01,AMZN,31.3043166,120.6001544,100.0,BUSY,M-L-001,V2
575,575,M-UAV-01,M600,31.3108767,120.6039862,30.5,AVAILABLE,,
575,575,M-UAV-02,M600,31.3062683,120.6025389,30.5,CONTINGENCY,,
576,576,EVTOL-01,EC35,31.3038902,120.5960433,199.9,BUSY,M-P-001,V2
576,576,L-UAV-01,AMZN,31.3041974,120.6000790,100.0,BUSY,M-L-001,V2
576,576,M-UAV-01,M600,31.3108767,120.6039862,30.5,AVAILABLE,,
576,576,M-UAV-02,M600,31.3062683,120.6025389,30.5,CONTINGENCY,,
577,577,EVTOL-01,EC35,31.3035275,120.5960211,199.9,BUSY,M-P-001,V2
577,577,L-UAV-01,AMZN,31.3040782,120.6000035,100.0,BUSY,M-L-001,V2
577,577,M-UAV-01,M600,31.3108767,120.6039862,30.5,AVAILABLE,,
577,577,M-UAV-02,M600,31.3062683,120.6025389,30.5,CONTINGENCY,,
578,578,EVTOL-01,EC35,31.3031648,120.5959989,199.9,BUSY,M-P-001,V2
578,578,L-UAV-01,AMZN,31.3039590,120.5999280,100.0,BUSY,M-L-001,V2
578,578,M-UAV-01,M600,31.3108767,120.6039862,30.5,AVAILABLE,,
578,578,M-UAV-02,M600,31.3062683,120.6025389,30.5,CONTINGENCY,,
579,579,EVTOL-01,EC35,31.3028021,120.5959767,199.9,BUSY,M-P-001,V2
579,579,L-UAV-01,AMZN,31.3038397,120.5998526,100.0,BUSY,M-L-001,V2
579,579,M-UAV-01,M600,31.3108767,120.6039862,30.5,AVAILABLE,,
579,579,M-UAV-02,M600,31.3062683,120.6025389,30.5,CONTINGENCY,,
580,580,EVTOL-01,EC35,31.3024394,120.5959545,199.9,BUSY,M-P-001,V2
580,580,L-UAV-01,AMZN,31.3037205,120.5997771,100.0,BUSY,M-L-001,V2
580,580,M-UAV-01,M600,31.3108767,120.6039862,30.5,AVAILABLE,,
580,580,M-UAV-02,M600,31.3062683,120.6025389,30.5,CONTINGENCY,,
581,581,EVTOL-01,EC35,31.3020767,120.5959324,199.9,BUSY,M-P-001,V2
581,581,L-UAV-01,AMZN,31.3036013,120.5997016,100.0,BUSY,M-L-001,V2
581,581,M-UAV-01,M600,31.3108767,120.6039862,30.5,AVAILABLE,,
581,581,M-UAV-02,M600,31.3062683,120.6025389,30.5,CONTINGENCY,,
582,582,EVTOL-01,EC35,31.3017140,120.5959102,199.9,BUSY,M-P-001,V2
582,582,L-UAV-01,AMZN,31.3034820,120.5996262,100.0,BUSY,M-L-001,V2
582,582,M-UAV-01,M600,31.3108767,120.6039862,30.5,AVAILABLE,,
582,582,M-UAV-02,M600,31.3062683,120.6025389,30.5,CONTINGENCY,,
583,583,EVTOL-01,EC35,31.3013513,120.5958880,199.9,BUSY,M-P-001,V2
583,583,L-UAV-01,AMZN,31.3033628,120.5995507,100.0,BUSY,M-L-001,V2
583,583,M-UAV-01,M600,31.3108767,120.6039862,30.5,AVAILABLE,,
583,583,M-UAV-02,M600,31.3062683,120.6025389,30.5,CONTINGENCY,,
584,584,EVTOL-01,EC35,31.3009886,120.5958658,199.9,BUSY,M-P-001,V2
584,584,L-UAV-01,AMZN,31.3032436,120.5994752,100.0,BUSY,M-L-001,V2
584,584,M-UAV-01,M600,31.3108767,120.6039862,30.5,AVAILABLE,,
584,584,M-UAV-02,M600,31.3062683,120.6025389,30.5,CONTINGENCY,,
585,585,EVTOL-01,EC35,31.3006259,120.5958436,199.9,BUSY,M-P-001,V2
585,585,L-UAV-01,AMZN,31.3031243,120.5993998,100.0,BUSY,M-L-001,V2
585,585,M-UAV-01,M600,31.3108767,120.6039862,30.5,AVAILABLE,,
585,585,M-UAV-02,M600,31.3062683,120.6025389,30.5,CONTINGENCY,,
586,586,EVTOL-01,EC35,31.3002633,120.5958214,199.9,BUSY,M-P-001,V2
586,586,L-UAV-01,AMZN,31.3030051,120.5993243,100.0,BUSY,M-L-001,V2
586,586,M-UAV-01,M600,31.3108767,120.6039862,30.5,AVAILABLE,,
586,586,M-UAV-02,M600,31.3062683,120.6025389,30.5,CONTINGENCY,,
587,587,EVTOL-01,EC35,31.2999006,120.5957992,199.9,BUSY,M-P-001,V2
587,587,L-UAV-01,AMZN,31.3028859,120.5992489,100.0,BUSY,M-L-001,V2
587,587,M-UAV-01,M600,31.3108767,120.6039862,30.5,AVAILABLE,,
587,587,M-UAV-02,M600,31.3062683,120.6025389,30.5,CONTINGENCY,,
588,588,EVTOL-01,EC35,31.2995379,120.5957771,199.9,BUSY,M-P-001,V2
588,588,L-UAV-01,AMZN,31.3027667,120.5991734,100.0,BUSY,M-L-001,V2
588,588,M-UAV-01,M600,31.3108767,120.6039862,30.5,AVAILABLE,,
588,588,M-UAV-02,M600,31.3062683,120.6025389,30.5,CONTINGENCY,,
589,589,EVTOL-01,EC35,31.2991752,120.5957549,199.9,BUSY,M-P-001,V2
589,589,L-UAV-01,AMZN,31.3026474,120.5990979,100.0,BUSY,M-L-001,V2
589,589,M-UAV-01,M600,31.3108767,120.6039862,30.5,AVAILABLE,,
589,589,M-UAV-02,M600,31.3062683,120.6025389,30.5,CONTINGENCY,,
590,590,EVTOL-01,EC35,31.2988125,120.5957327,199.9,BUSY,M-P-001,V2
590,590,L-UAV-01,AMZN,31.3025282,120.5990225,100.0,BUSY,M-L-001,V2
590,590,M-UAV-01,M600,31.3108767,120.6039862,30.5,AVAILABLE,,
590,590,M-UAV-02,M600,31.3062683,120.6025389,30.5,CONTINGENCY,,
591,591,EVTOL-01,EC35,31.2984498,120.5957105,199.9,BUSY,M-P-001,V2
591,591,L-UAV-01,AMZN,31.3024090,120.5989470,100.0,BUSY,M-L-001,V2
591,591,M-UAV-01,M600,31.3108767,120.6039862,30.5,AVAILABLE,,
591,591,M-UAV-02,M600,31.3062683,120.6025389,30.5,CONTINGENCY,,
592,592,EVTOL-01,EC35,31.2980871,120.5956883,199.9,BUSY,M-P-001,V2
592,592,L-UAV-01,AMZN,31.3022897,120.5988715,100.0,BUSY,M-L-001,V2
592,592,M-UAV-01,M600,31.3108767,120.6039862,30.5,AVAILABLE,,
592,592,M-UAV-02,M600,31.3062683,120.6025389,30.5,CONTINGENCY,,
593,593,EVTOL-01,EC35,31.2977244,120.5956661,199.9,BUSY,M-P-001,V1
593,593,L-UAV-01,AMZN,31.3021705,120.5987961,100.0,BUSY,M-L-001,V2
593,593,M-UAV-01,M600,31.3108767,120.6039862,30.5,AVAILABLE,,
593,593,M-UAV-02,M600,31.3062683,120.6025389,30.5,CONTINGENCY,,
594,594,EVTOL-01,EC35,31.2973619,120.5956921,199.9,BUSY,M-P-001,V1
594,594,L-UAV-01,AMZN,31.3020513,120.5987206,100.0,BUSY,M-L-001,V2
594,594,M-UAV-01,M600,31.3108767,120.6039862,30.5,AVAILABLE,,
594,594,M-UAV-02,M600,31.3062683,120.6025389,30.5,CONTINGENCY,,
595,595,EVTOL-01,EC35,31.2970042,120.5957657,199.9,BUSY,M-P-001,V1
595,595,L-UAV-01,AMZN,31.3019321,120.5986451,100.0,BUSY,M-L-001,V2
595,595,M-UAV-01,M600,31.3108767,120.6039862,30.5,AVAILABLE,,
595,595,M-UAV-02,M600,31.3062683,120.6025389,30.5,CONTINGENCY,,
596,596,EVTOL-01,EC35,31.2966559,120.5958863,199.9,BUSY,M-P-001,V1
596,596,L-UAV-01,AMZN,31.3018128,120.5985697,100.0,BUSY,M-L-001,V2
596,596,M-UAV-01,M600,31.3108767,120.6039862,30.5,AVAILABLE,,
596,596,M-UAV-02,M600,31.3062683,120.6025389,30.5,CONTINGENCY,,
597,597,EVTOL-01,EC35,31.2963215,120.5960521,199.9,BUSY,M-P-001,V1
597,597,L-UAV-01,AMZN,31.3016936,120.5984942,100.0,BUSY,M-L-001,V2
597,597,M-UAV-01,M600,31.3108767,120.6039862,30.5,AVAILABLE,,
597,597,M-UAV-02,M600,31.3062683,120.6025389,30.5,CONTINGENCY,,
598,598,EVTOL-01,EC35,31.2960052,120.5962610,199.9,BUSY,M-P-001,V1
598,598,L-UAV-01,AMZN,31.3015744,120.5984188,100.0,BUSY,M-L-001,V2
598,598,M-UAV-01,M600,31.3108767,120.6039862,30.5,AVAILABLE,,
598,598,M-UAV-02,M600,31.3062683,120.6025389,30.5,CONTINGENCY,,
599,599,EVTOL-01,EC35,31.2957111,120.5965105,199.9,BUSY,M-P-001,V1
599,599,L-UAV-01,AMZN,31.3014551,120.5983433,100.0,BUSY,M-L-001,V2
599,599,M-UAV-01,M600,31.3108767,120.6039862,30.5,AVAILABLE,,
599,599,M-UAV-02,M600,31.3062683,120.6025389,30.5,CONTINGENCY,,
600,600,EVTOL-01,EC35,31.2954430,120.5967972,199.9,BUSY,M-P-001,V1
600,600,L-UAV-01,AMZN,31.3013359,120.5982678,100.0,BUSY,M-L-001,V2
600,600,M-UAV-01,M600,31.3108767,120.6039862,30.5,AVAILABLE,,
600,600,M-UAV-02,M600,31.3062683,120.6025389,30.5,CONTINGENCY,,
601,601,EVTOL-01,EC35,31.2952043,120.5971175,199.9,BUSY,M-P-001,V1
601,601,L-UAV-01,AMZN,31.3012167,120.5981924,100.0,BUSY,M-L-001,V2
601,601,M-UAV-01,M600,31.3108767,120.6039862,30.5,AVAILABLE,,
601,601,M-UAV-02,M600,31.3062683,120.6025389,30.5,CONTINGENCY,,
602,602,EVTOL-01,EC35,31.2949981,120.5974674,199.9,BUSY,M-P-001,V1
602,602,L-UAV-01,AMZN,31.3010975,120.5981169,100.0,BUSY,M-L-001,V2
602,602,M-UAV-01,M600,31.3108767,120.6039862,30.5,AVAILABLE,,
602,602,M-UAV-02,M600,31.3062683,120.6025389,30.5,CONTINGENCY,,
603,603,EVTOL-01,EC35,31.2948269,120.5978423,199.9,BUSY,M-P-001,V1
603,603,L-UAV-01,AMZN,31.3009782,120.5980415,100.0,BUSY,M-L-001,V2
603,603,M-UAV-01,M600,31.3108767,120.6039862,30.5,AVAILABLE,,
603,603,M-UAV-02,M600,31.3062683,120.6025389,30.5,CONTINGENCY,,
604,604,EVTOL-01,EC35,31.2946931,120.5982374,199.9,BUSY,M-P-001,V1
604,604,L-UAV-01,AMZN,31.3008590,120.5979660,100.0,BUSY,M-L-001,V2
604,604,M-UAV-01,M600,31.3108767,120.6039862,30.5,AVAILABLE,,
604,604,M-UAV-02,M600,31.3062683,120.6025389,30.5,CONTINGENCY,,
605,605,EVTOL-01,EC35,31.2945982,120.5986476,199.9,BUSY,M-P-001,V1
605,605,L-UAV-01,AMZN,31.3007398,120.5978905,100.0,BUSY,M-L-001,V2
605,605,M-UAV-01,M600,31.3108767,120.6039862,30.5,AVAILABLE,,
605,605,M-UAV-02,M600,31.3062683,120.6025389,30.5,CONTINGENCY,,
606,606,EVTOL-01,EC35,31.2945436,120.5990678,199.9,BUSY,M-P-001,V1
606,606,L-UAV-01,AMZN,31.3006205,120.5978151,100.0,BUSY,M-L-001,V2
606,606,M-UAV-01,M600,31.3108767,120.6039862,30.5,AVAILABLE,,
606,606,M-UAV-02,M600,31.3062683,120.6025389,30.5,CONTINGENCY,,
607,607,EVTOL-01,EC35,31.2945299,120.5994926,199.9,BUSY,M-P-001,V1
607,607,L-UAV-01,AMZN,31.3005013,120.5977396,100.0,BUSY,M-L-001,V2
607,607,M-UAV-01,M600,31.3108767,120.6039862,30.5,AVAILABLE,,
607,607,M-UAV-02,M600,31.3062683,120.6025389,30.5,CONTINGENCY,,
608,608,EVTOL-01,EC35,31.2945573,120.5999164,199.9,BUSY,M-P-001,V1
608,608,L-UAV-01,AMZN,31.3003821,120.5976642,100.0,BUSY,M-L-001,V2
608,608,M-UAV-01,M600,31.3108767,120.6039862,30.5,AVAILABLE,,
608,608,M-UAV-02,M600,31.3062683,120.6025389,30.5,CONTINGENCY,,
609,609,EVTOL-01,EC35,31.2946254,120.6003339,199.9,BUSY,M-P-001,V1
609,609,L-UAV-01,AMZN,31.3002628,120.5975887,100.0,BUSY,M-L-001,V2
609,609,M-UAV-01,M600,31.3108767,120.6039862,30.5,AVAILABLE,,
609,609,M-UAV-02,M600,31.3062683,120.6025389,30.5,CONTINGENCY,,
610,610,EVTOL-01,EC35,31.2947334,120.6007397,199.9,BUSY,M-P-001,V1
610,610,L-UAV-01,AMZN,31.3001436,120.5975132,100.0,BUSY,M-L-001,V2
610,610,M-UAV-01,M600,31.3108767,120.6039862,30.5,AVAILABLE,,
610,610,M-UAV-02,M600,31.3062683,120.6025389,30.5,CONTINGENCY,,
611,611,EVTOL-01,EC35,31.2948799,120.6011286,199.9,BUSY,M-P-001,V1
611,611,L-UAV-01,AMZN,31.3000244,120.5974378,100.0,BUSY,M-L-001,V2
611,611,M-UAV-01,M600,31.3108767,120.6039862,30.5,AVAILABLE,,
611,611,M-UAV-02,M600,31.3062683,120.6025389,30.5,CONTINGENCY,,
612,612,EVTOL-01,EC35,31.2950631,120.6014956,199.9,BUSY,M-P-001,V1
612,612,L-UAV-01,AMZN,31.2999052,120.5973623,100.0,BUSY,M-L-001,V2
612,612,M-UAV-01,M600,31.3108767,120.6039862,30.5,AVAILABLE,,
612,612,M-UAV-02,M600,31.3062683,120.6025389,30.5,CONTINGENCY,,
613,613,EVTOL-01,EC35,31.2952804,120.6018361,199.9,BUSY,M-P-001,V1
613,613,L-UAV-01,AMZN,31.2997859,120.5972869,100.0,BUSY,M-L-001,V2
613,613,M-UAV-01,M600,31.3108767,120.6039862,30.5,AVAILABLE,,
613,613,M-UAV-02,M600,31.3062683,120.6025389,30.5,CONTINGENCY,,
614,614,EVTOL-01,EC35,31.2955293,120.6021457,199.9,BUSY,M-P-001,V1
614,614,L-UAV-01,AMZN,31.2996667,120.5972114,100.0,BUSY,M-L-001,V2
614,614,M-UAV-01,M600,31.3108767,120.6039862,30.5,AVAILABLE,,
614,614,M-UAV-02,M600,31.3062683,120.6025389,30.5,CONTINGENCY,,
615,615,EVTOL-01,EC35,31.2958064,120.6024204,199.9,BUSY,M-P-001,V1
615,615,L-UAV-01,AMZN,31.2995475,120.5971359,100.0,BUSY,M-L-001,V2
615,615,M-UAV-01,M600,31.3108767,120.6039862,30.5,AVAILABLE,,
615,615,M-UAV-02,M600,31.3062683,120.6025389,30.5,CONTINGENCY,,
616,616,EVTOL-01,EC35,31.2961083,120.6026567,199.9,BUSY,M-P-001,V1
616,616,L-UAV-01,AMZN,31.2994282,120.5970605,100.0,BUSY,M-L-001,V2
616,616,M-UAV-01,M600,31.3108767,120.6039862,30.5,AVAILABLE,,
616,616,M-UAV-02,M600,31.3062683,120.6025389,30.5,CONTINGENCY,,
617,617,EVTOL-01,EC35,31.2964311,120.6028515,199.9,BUSY,M-P-001,V1
617,617,L-UAV-01,AMZN,31.2993090,120.5969850,100.0,BUSY,M-L-001,V2
617,617,M-UAV-01,M600,31.3108767,120.6039862,30.5,AVAILABLE,,
617,617,M-UAV-02,M600,31.3062683,120.6025389,30.5,CONTINGENCY,,
618,618,EVTOL-01,EC35,31.2967707,120.6030024,199.9,BUSY,M-P-001,V1
618,618,L-UAV-01,AMZN,31.2991898,120.5969096,100.0,BUSY,M-L-001,V2
618,618,M-UAV-01,M600,31.3108767,120.6039862,30.5,AVAILABLE,,
618,618,M-UAV-02,M600,31.3062683,120.6025389,30.5,CONTINGENCY,,
619,619,EVTOL-01,EC35,31.2971226,120.6031075,199.9,BUSY,M-P-001,V1
619,619,L-UAV-01,AMZN,31.2990705,120.5968341,100.0,BUSY,M-L-001,V2
619,619,M-UAV-01,M600,31.3108767,120.6039862,30.5,AVAILABLE,,
619,619,M-UAV-02,M600,31.3062683,120.6025389,30.5,CONTINGENCY,,
620,620,EVTOL-01,EC35,31.2974824,120.6031653,199.9,BUSY,M-P-001,V1
620,620,L-UAV-01,AMZN,31.2989513,120.5967587,100.0,BUSY,M-L-001,V2
620,620,M-UAV-01,M600,31.3108767,120.6039862,30.5,AVAILABLE,,
620,620,M-UAV-02,M600,31.3062683,120.6025389,30.5,CONTINGENCY,,
621,621,EVTOL-01,EC35,31.2978451,120.6031875,199.9,BUSY,M-P-001,V1
621,621,L-UAV-01,AMZN,31.2988321,120.5966832,100.0,BUSY,M-L-001,V2
621,621,M-UAV-01,M600,31.3108767,120.6039862,30.5,AVAILABLE,,
621,621,M-UAV-02,M600,31.3062683,120.6025389,30.5,CONTINGENCY,,
622,622,EVTOL-01,EC35,31.2982078,120.6032098,199.9,BUSY,M-P-001,V1
622,622,L-UAV-01,AMZN,31.2987128,120.5966077,100.0,BUSY,M-L-001,V2
622,622,M-UAV-01,M600,31.3108767,120.6039862,30.5,AVAILABLE,,
622,622,M-UAV-02,M600,31.3062683,120.6025389,30.5,CONTINGENCY,,
623,623,EVTOL-01,EC35,31.2985705,120.6032320,199.9,BUSY,M-P-001,V1
623,623,L-UAV-01,AMZN,31.2985936,120.5965323,100.0,BUSY,M-L-001,V2
623,623,M-UAV-01,M600,31.3108767,120.6039862,30.5,AVAILABLE,,
623,623,M-UAV-02,M600,31.3062683,120.6025389,30.5,CONTINGENCY,,
624,624,EVTOL-01,EC35,31.2989332,120.6032542,199.9,BUSY,M-P-001,V1
624,624,L-UAV-01,AMZN,31.2984744,120.5964568,100.0,BUSY,M-L-001,V2
624,624,M-UAV-01,M600,31.3108767,120.6039862,30.5,AVAILABLE,,
624,624,M-UAV-02,M600,31.3062683,120.6025389,30.5,CONTINGENCY,,
625,625,EVTOL-01,EC35,31.2992959,120.6032764,199.9,BUSY,M-P-001,V1
625,625,L-UAV-01,AMZN,31.2983552,120.5963814,100.0,BUSY,M-L-001,V2
625,625,M-UAV-01,M600,31.3108767,120.6039862,30.5,AVAILABLE,,
625,625,M-UAV-02,M600,31.3062683,120.6025389,30.5,CONTINGENCY,,
626,626,EVTOL-01,EC35,31.2996586,120.6032987,199.9,BUSY,M-P-001,V1
626,626,L-UAV-01,AMZN,31.2982359,120.5963059,100.0,BUSY,M-L-001,V2
626,626,M-UAV-01,M600,31.3108767,120.6039862,30.5,AVAILABLE,,
626,626,M-UAV-02,M600,31.3062683,120.6025389,30.5,CONTINGENCY,,
627,627,EVTOL-01,EC35,31.3000212,120.6033209,199.9,BUSY,M-P-001,V1
627,627,L-UAV-01,AMZN,31.2981167,120.5962305,100.0,BUSY,M-L-001,V2
627,627,M-UAV-01,M600,31.3108767,120.6039862,30.5,AVAILABLE,,
627,627,M-UAV-02,M600,31.3062683,120.6025389,30.5,CONTINGENCY,,
628,628,EVTOL-01,EC35,31.3003839,120.6033431,199.9,BUSY,M-P-001,V1
628,628,L-UAV-01,AMZN,31.2979975,120.5961550,100.0,BUSY,M-L-001,V2
628,628,M-UAV-01,M600,31.3108767,120.6039862,30.5,AVAILABLE,,
628,628,M-UAV-02,M600,31.3062683,120.6025389,30.5,CONTINGENCY,,
629,629,EVTOL-01,EC35,31.3007466,120.6033653,199.9,BUSY,M-P-001,V1
629,629,L-UAV-01,AMZN,31.2978782,120.5960795,100.0,BUSY,M-L-001,V3
629,629,M-UAV-01,M600,31.3108767,120.6039862,30.5,AVAILABLE,,
629,629,M-UAV-02,M600,31.3062683,120.6025389,30.5,CONTINGENCY,,
630,630,EVTOL-01,EC35,31.3011093,120.6033876,199.9,BUSY,M-P-001,V1
630,630,L-UAV-01,AMZN,31.2977452,120.5960492,100.0,BUSY,M-L-001,V3
630,630,M-UAV-01,M600,31.3108767,120.6039862,30.5,AVAILABLE,,
630,630,M-UAV-02,M600,31.3062683,120.6025389,30.5,CONTINGENCY,,
631,631,EVTOL-01,EC35,31.3014720,120.6034098,199.9,BUSY,M-P-001,V1
631,631,L-UAV-01,AMZN,31.2976105,120.5960668,100.0,BUSY,M-L-001,V3
631,631,M-UAV-01,M600,31.3108767,120.6039862,30.5,AVAILABLE,,
631,631,M-UAV-02,M600,31.3062683,120.6025389,30.5,CONTINGENCY,,
632,632,EVTOL-01,EC35,31.3018347,120.6034320,199.9,BUSY,M-P-001,V1
632,632,L-UAV-01,AMZN,31.2974864,120.5961307,100.0,BUSY,M-L-001,V3
632,632,M-UAV-01,M600,31.3108767,120.6039862,30.5,AVAILABLE,,
632,632,M-UAV-02,M600,31.3062683,120.6025389,30.5,CONTINGENCY,,
633,633,EVTOL-01,EC35,31.3021974,120.6034542,199.9,BUSY,M-P-001,V1
633,633,L-UAV-01,AMZN,31.2973843,120.5962350,100.0,BUSY,M-L-001,V3
633,633,M-UAV-01,M600,31.3108767,120.6039862,30.5,AVAILABLE,,
633,633,M-UAV-02,M600,31.3062683,120.6025389,30.5,CONTINGENCY,,
634,634,EVTOL-01,EC35,31.3025601,120.6034765,199.9,BUSY,M-P-001,V1
634,634,L-UAV-01,AMZN,31.2973135,120.5963703,100.0,BUSY,M-L-001,V3
634,634,M-UAV-01,M600,31.3108767,120.6039862,30.5,AVAILABLE,,
634,634,M-UAV-02,M600,31.3062683,120.6025389,30.5,CONTINGENCY,,
635,635,EVTOL-01,EC35,31.3029228,120.6034987,199.9,BUSY,M-P-001,V1
635,635,L-UAV-01,AMZN,31.2972805,120.5965242,100.0,BUSY,M-L-001,V3
635,635,M-UAV-01,M600,31.3108767,120.6039862,30.5,AVAILABLE,,
635,635,M-UAV-02,M600,31.3062683,120.6025389,30.5,CONTINGENCY,,
636,636,EVTOL-01,EC35,31.3032855,120.6035209,199.9,BUSY,M-P-001,V1
636,636,L-UAV-01,AMZN,31.2972883,120.5966825,100.0,BUSY,M-L-001,V3
636,636,M-UAV-01,M600,31.3108767,120.6039862,30.5,AVAILABLE,,
636,636,M-UAV-02,M600,31.3062683,120.6025389,30.5,CONTINGENCY,,
637,637,EVTOL-01,EC35,31.3036482,120.6035431,199.9,BUSY,M-P-001,V1
637,637,L-UAV-01,AMZN,31.2973361,120.5968310,100.0,BUSY,M-L-001,V3
637,637,M-UAV-01,M600,31.3108767,120.6039862,30.5,AVAILABLE,,
637,637,M-UAV-02,M600,31.3062683,120.6025389,30.5,CONTINGENCY,,
638,638,EVTOL-01,EC35,31.3040109,120.6035654,199.9,BUSY,M-P-001,V1
638,638,L-UAV-01,AMZN,31.2974196,120.5969559,100.0,BUSY,M-L-001,V3
638,638,M-UAV-01,M600,31.3108767,120.6039862,30.5,AVAILABLE,,
638,638,M-UAV-02,M600,31.3062683,120.6025389,30.5,CONTINGENCY,,
639,639,EVTOL-01,EC35,31.3043736,120.6035876,199.9,BUSY,M-P-001,V1
639,639,L-UAV-01,AMZN,31.2975313,120.5970459,100.0,BUSY,M-L-001,V3
639,639,M-UAV-01,M600,31.3108767,120.6039862,30.5,AVAILABLE,,
639,639,M-UAV-02,M600,31.3062683,120.6025389,30.5,CONTINGENCY,,
640,640,EVTOL-01,EC35,31.3047363,120.6036098,199.9,BUSY,M-P-001,V1
640,640,L-UAV-01,AMZN,31.2976505,120.5971213,100.0,BUSY,M-L-001,V3
640,640,M-UAV-01,M600,31.3108767,120.6039862,30.5,AVAILABLE,,
640,640,M-UAV-02,M600,31.3062683,120.6025389,30.5,CONTINGENCY,,
641,641,EVTOL-01,EC35,31.3050990,120.6036321,199.9,BUSY,M-P-001,V1
641,641,L-UAV-01,AMZN,31.2977697,120.5971968,100.0,BUSY,M-L-001,V3
641,641,M-UAV-01,M600,31.3108767,120.6039862,30.5,AVAILABLE,,
641,641,M-UAV-02,M600,31.3062683,120.6025389,30.5,CONTINGENCY,,
642,642,EVTOL-01,EC35,31.3054616,120.6036543,199.9,BUSY,M-P-001,V1
642,642,L-UAV-01,AMZN,31.2978889,120.5972723,100.0,BUSY,M-L-001,V3
642,642,M-UAV-01,M600,31.3108767,120.6039862,30.5,AVAILABLE,,
642,642,M-UAV-02,M600,31.3062683,120.6025389,30.5,CONTINGENCY,,
643,643,EVTOL-01,EC35,31.3058243,120.6036765,199.9,BUSY,M-P-001,V1
643,643,L-UAV-01,AMZN,31.2980082,120.5973477,100.0,BUSY,M-L-001,V3
643,643,M-UAV-01,M600,31.3108767,120.6039862,30.5,AVAILABLE,,
643,643,M-UAV-02,M600,31.3062683,120.6025389,30.5,CONTINGENCY,,
644,644,EVTOL-01,EC35,31.3061870,120.6036987,199.9,BUSY,M-P-001,V1
644,644,L-UAV-01,AMZN,31.2981274,120.5974232,100.0,BUSY,M-L-001,V3
644,644,M-UAV-01,M600,31.3108767,120.6039862,30.5,AVAILABLE,,
644,644,M-UAV-02,M600,31.3062683,120.6025389,30.5,CONTINGENCY,,
645,645,EVTOL-01,EC35,31.3065497,120.6037210,199.9,BUSY,M-P-001,V1
645,645,L-UAV-01,AMZN,31.2982466,120.5974986,100.0,BUSY,M-L-001,V3
645,645,M-UAV-01,M600,31.3108767,120.6039862,30.5,AVAILABLE,,
645,645,M-UAV-02,M600,31.3062683,120.6025389,30.5,CONTINGENCY,,
646,646,EVTOL-01,EC35,31.3069124,120.6037432,199.9,BUSY,M-P-001,V1
646,646,L-UAV-01,AMZN,31.2983659,120.5975741,100.0,BUSY,M-L-001,V3
646,646,M-UAV-01,M600,31.3108767,120.6039862,30.5,AVAILABLE,,
646,646,M-UAV-02,M600,31.3062683,120.6025389,30.5,CONTINGENCY,,
647,647,EVTOL-01,EC35,31.3072751,120.6037654,199.9,BUSY,M-P-001,V1
647,647,L-UAV-01,AMZN,31.2984851,120.5976495,100.0,BUSY,M-L-001,V3
647,647,M-UAV-01,M600,31.3108767,120.6039862,30.5,AVAILABLE,,
647,647,M-UAV-02,M600,31.3062683,120.6025389,30.5,CONTINGENCY,,
648,648,EVTOL-01,EC35,31.3076378,120.6037876,199.9,BUSY,M-P-001,V1
648,648,L-UAV-01,AMZN,31.2986043,120.5977250,100.0,BUSY,M-L-001,V3
648,648,M-UAV-01,M600,31.3108767,120.6039862,30.5,AVAILABLE,,
648,648,M-UAV-02,M600,31.3062683,120.6025389,30.5,CONTINGENCY,,
649,649,EVTOL-01,EC35,31.3080005,120.6038099,199.9,BUSY,M-P-001,V1
649,649,L-UAV-01,AMZN,31.2987236,120.5978005,100.0,BUSY,M-L-001,V3
649,649,M-UAV-01,M600,31.3108767,120.6039862,30.5,AVAILABLE,,
649,649,M-UAV-02,M600,31.3062683,120.6025389,30.5,CONTINGENCY,,
650,650,EVTOL-01,EC35,31.3083632,120.6038321,199.9,BUSY,M-P-001,V1
650,650,L-UAV-01,AMZN,31.2988428,120.5978759,100.0,BUSY,M-L-001,V3
650,650,M-UAV-01,M600,31.3108767,120.6039862,30.5,AVAILABLE,,
650,650,M-UAV-02,M600,31.3062683,120.6025389,30.5,CONTINGENCY,,
651,651,EVTOL-01,EC35,31.3087259,120.6038543,199.9,BUSY,M-P-001,V1
651,651,L-UAV-01,AMZN,31.2989620,120.5979514,100.0,BUSY,M-L-001,V3
651,651,M-UAV-01,M600,31.3108767,120.6039862,30.5,AVAILABLE,,
651,651,M-UAV-02,M600,31.3062683,120.6025389,30.5,CONTINGENCY,,
652,652,EVTOL-01,EC35,31.3090886,120.6038766,199.9,BUSY,M-P-001,V1
652,652,L-UAV-01,AMZN,31.2990812,120.5980268,100.0,BUSY,M-L-001,V3
652,652,M-UAV-01,M600,31.3108767,120.6039862,30.5,AVAILABLE,,
652,652,M-UAV-02,M600,31.3062683,120.6025389,30.5,CONTINGENCY,,
653,653,EVTOL-01,EC35,31.3094513,120.6038988,199.9,BUSY,M-P-001,V1
653,653,L-UAV-01,AMZN,31.2992005,120.5981023,100.0,BUSY,M-L-001,V3
653,653,M-UAV-01,M600,31.3108767,120.6039862,30.5,AVAILABLE,,
653,653,M-UAV-02,M600,31.3062683,120.6025389,30.5,CONTINGENCY,,
654,654,EVTOL-01,EC35,31.3098140,120.6039210,199.9,BUSY,M-P-001,V1
654,654,L-UAV-01,AMZN,31.2993197,120.5981778,100.0,BUSY,M-L-001,V3
654,654,M-UAV-01,M600,31.3108767,120.6039862,30.5,AVAILABLE,,
654,654,M-UAV-02,M600,31.3062683,120.6025389,30.5,CONTINGENCY,,
655,655,EVTOL-01,EC35,31.3101767,120.6039432,199.9,BUSY,M-P-001,V2
655,655,L-UAV-01,AMZN,31.2994389,120.5982532,100.0,BUSY,M-L-001,V3
655,655,M-UAV-01,M600,31.3108767,120.6039862,30.5,AVAILABLE,,
655,655,M-UAV-02,M600,31.3062683,120.6025389,30.5,CONTINGENCY,,
656,656,EVTOL-01,EC35,31.3105392,120.6039174,199.9,BUSY,M-P-001,V2
656,656,L-UAV-01,AMZN,31.2995582,120.5983287,100.0,BUSY,M-L-001,V3
656,656,M-UAV-01,M600,31.3108767,120.6039862,30.5,AVAILABLE,,
656,656,M-UAV-02,M600,31.3062683,120.6025389,30.5,CONTINGENCY,,
657,657,EVTOL-01,EC35,31.3108969,120.6038437,199.9,BUSY,M-P-001,V2
657,657,L-UAV-01,AMZN,31.2996774,120.5984041,100.0,BUSY,M-L-001,V3
657,657,M-UAV-01,M600,31.3108767,120.6039862,30.5,AVAILABLE,,
657,657,M-UAV-02,M600,31.3062683,120.6025389,30.5,CONTINGENCY,,
658,658,EVTOL-01,EC35,31.3112452,120.6037232,199.9,BUSY,M-P-001,V2
658,658,L-UAV-01,AMZN,31.2997966,120.5984796,100.0,BUSY,M-L-001,V3
658,658,M-UAV-01,M600,31.3108767,120.6039862,30.5,AVAILABLE,,
658,658,M-UAV-02,M600,31.3062683,120.6025389,30.5,CONTINGENCY,,
659,659,EVTOL-01,EC35,31.3115796,120.6035574,199.9,BUSY,M-P-001,V2
659,659,L-UAV-01,AMZN,31.2999159,120.5985551,100.0,BUSY,M-L-001,V3
659,659,M-UAV-01,M600,31.3108767,120.6039862,30.5,AVAILABLE,,
659,659,M-UAV-02,M600,31.3062683,120.6025389,30.5,CONTINGENCY,,
660,660,EVTOL-01,EC35,31.3118959,120.6033485,199.9,BUSY,M-P-001,V2
660,660,L-UAV-01,AMZN,31.3000351,120.5986305,100.0,BUSY,M-L-001,V3
660,660,M-UAV-01,M600,31.3108767,120.6039862,30.5,AVAILABLE,,
660,660,M-UAV-02,M600,31.3062683,120.6025389,30.5,CONTINGENCY,,
661,661,EVTOL-01,EC35,31.3121900,120.6030990,199.9,BUSY,M-P-001,V2
661,661,L-UAV-01,AMZN,31.3001543,120.5987060,100.0,BUSY,M-L-001,V3
661,661,M-UAV-01,M600,31.3108767,120.6039862,30.5,AVAILABLE,,
661,661,M-UAV-02,M600,31.3062683,120.6025389,30.5,CONTINGENCY,,
662,662,EVTOL-01,EC35,31.3124581,120.6028123,199.9,BUSY,M-P-001,V2
662,662,L-UAV-01,AMZN,31.3002735,120.5987814,100.0,BUSY,M-L-001,V3
662,662,M-UAV-01,M600,31.3108767,120.6039862,30.5,AVAILABLE,,
662,662,M-UAV-02,M600,31.3062683,120.6025389,30.5,CONTINGENCY,,
663,663,EVTOL-01,EC35,31.3126968,120.6024919,199.9,BUSY,M-P-001,V2
663,663,L-UAV-01,AMZN,31.3003928,120.5988569,100.0,BUSY,M-L-001,V3
663,663,M-UAV-01,M600,31.3108767,120.6039862,30.5,AVAILABLE,,
663,663,M-UAV-02,M600,31.3062683,120.6025389,30.5,CONTINGENCY,,
664,664,EVTOL-01,EC35,31.3129031,120.6021420,199.9,BUSY,M-P-001,V2
664,664,L-UAV-01,AMZN,31.3005120,120.5989324,100.0,BUSY,M-L-001,V3
664,664,M-UAV-01,M600,31.3108767,120.6039862,30.5,AVAILABLE,,
664,664,M-UAV-02,M600,31.3062683,120.6025389,30.5,CONTINGENCY,,
665,665,EVTOL-01,EC35,31.3130743,120.6017671,199.9,BUSY,M-P-001,V2
665,665,L-UAV-01,AMZN,31.3006312,120.5990078,100.0,BUSY,M-L-001,V3
665,665,M-UAV-01,M600,31.3108767,120.6039862,30.5,AVAILABLE,,
665,665,M-UAV-02,M600,31.3062683,120.6025389,30.5,CONTINGENCY,,
666,666,EVTOL-01,EC35,31.3132082,120.6013719,199.9,BUSY,M-P-001,V2
666,666,L-UAV-01,AMZN,31.3007505,120.5990833,100.0,BUSY,M-L-001,V3
666,666,M-UAV-01,M600,31.3108767,120.6039862,30.5,AVAILABLE,,
666,666,M-UAV-02,M600,31.3062683,120.6025389,30.5,CONTINGENCY,,
667,667,EVTOL-01,EC35,31.3133031,120.6009616,199.9,BUSY,M-P-001,V2
667,667,L-UAV-01,AMZN,31.3008697,120.5991587,100.0,BUSY,M-L-001,V3
667,667,M-UAV-01,M600,31.3108767,120.6039862,30.5,AVAILABLE,,
667,667,M-UAV-02,M600,31.3062683,120.6025389,30.5,CONTINGENCY,,
668,668,EVTOL-01,EC35,31.3133577,120.6005413,199.9,BUSY,M-P-001,V2
668,668,L-UAV-01,AMZN,31.3009889,120.5992342,100.0,BUSY,M-L-001,V3
668,668,M-UAV-01,M600,31.3108767,120.6039862,30.5,AVAILABLE,,
668,668,M-UAV-02,M600,31.3062683,120.6025389,30.5,CONTINGENCY,,
669,669,EVTOL-01,EC35,31.3133715,120.6001165,199.9,BUSY,M-P-001,V2
669,669,L-UAV-01,AMZN,31.3011081,120.5993097,100.0,BUSY,M-L-001,V3
669,669,M-UAV-01,M600,31.3108767,120.6039862,30.5,AVAILABLE,,
669,669,M-UAV-02,M600,31.3062683,120.6025389,30.5,CONTINGENCY,,
670,670,EVTOL-01,EC35,31.3133441,120.5996926,199.9,BUSY,M-P-001,V2
670,670,L-UAV-01,AMZN,31.3012274,120.5993851,100.0,BUSY,M-L-001,V3
670,670,M-UAV-01,M600,31.3108767,120.6039862,30.5,AVAILABLE,,
670,670,M-UAV-02,M600,31.3062683,120.6025389,30.5,CONTINGENCY,,
671,671,EVTOL-01,EC35,31.3132760,120.5992750,199.9,BUSY,M-P-001,V2
671,671,L-UAV-01,AMZN,31.3013466,120.5994606,100.0,BUSY,M-L-001,V3
671,671,M-UAV-01,M600,31.3108767,120.6039862,30.5,AVAILABLE,,
671,671,M-UAV-02,M600,31.3062683,120.6025389,30.5,CONTINGENCY,,
672,672,EVTOL-01,EC35,31.3131680,120.5988691,199.9,BUSY,M-P-001,V2
672,672,L-UAV-01,AMZN,31.3014658,120.5995361,100.0,BUSY,M-L-001,V3
672,672,M-UAV-01,M600,31.3108767,120.6039862,30.5,AVAILABLE,,
672,672,M-UAV-02,M600,31.3062683,120.6025389,30.5,CONTINGENCY,,
673,673,EVTOL-01,EC35,31.3130216,120.5984801,199.9,BUSY,M-P-001,V2
673,673,L-UAV-01,AMZN,31.3015851,120.5996115,100.0,BUSY,M-L-001,V3
673,673,M-UAV-01,M600,31.3108767,120.6039862,30.5,AVAILABLE,,
673,673,M-UAV-02,M600,31.3062683,120.6025389,30.5,CONTINGENCY,,
674,674,EVTOL-01,EC35,31.3128385,120.5981129,199.9,BUSY,M-P-001,V2
674,674,L-UAV-01,AMZN,31.3017043,120.5996870,100.0,BUSY,M-L-001,V3
674,674,M-UAV-01,M600,31.3108767,120.6039862,30.5,AVAILABLE,,
674,674,M-UAV-02,M600,31.3062683,120.6025389,30.5,CONTINGENCY,,
675,675,EVTOL-01,EC35,31.3126212,120.5977724,199.9,BUSY,M-P-001,V2
675,675,L-UAV-01,AMZN,31.3018235,120.5997624,100.0,BUSY,M-L-001,V3
675,675,M-UAV-01,M600,31.3108767,120.6039862,30.5,AVAILABLE,,
675,675,M-UAV-02,M600,31.3062683,120.6025389,30.5,CONTINGENCY,,
676,676,EVTOL-01,EC35,31.3123723,120.5974627,199.9,BUSY,M-P-001,V2
676,676,L-UAV-01,AMZN,31.3019427,120.5998379,100.0,BUSY,M-L-001,V3
676,676,M-UAV-01,M600,31.3108767,120.6039862,30.5,AVAILABLE,,
676,676,M-UAV-02,M600,31.3062683,120.6025389,30.5,CONTINGENCY,,
677,677,EVTOL-01,EC35,31.3120952,120.5971879,199.9,BUSY,M-P-001,V2
677,677,L-UAV-01,AMZN,31.3020620,120.5999134,100.0,BUSY,M-L-001,V3
677,677,M-UAV-01,M600,31.3108767,120.6039862,30.5,AVAILABLE,,
677,677,M-UAV-02,M600,31.3062683,120.6025389,30.5,CONTINGENCY,,
678,678,EVTOL-01,EC35,31.3117933,120.5969516,199.9,BUSY,M-P-001,V2
678,678,L-UAV-01,AMZN,31.3021812,120.5999888,100.0,BUSY,M-L-001,V3
678,678,M-UAV-01,M600,31.3108767,120.6039862,30.5,AVAILABLE,,
678,678,M-UAV-02,M600,31.3062683,120.6025389,30.5,CONTINGENCY,,
679,679,EVTOL-01,EC35,31.3114705,120.5967567,199.9,BUSY,M-P-001,V2
679,679,L-UAV-01,AMZN,31.3023004,120.6000643,100.0,BUSY,M-L-001,V3
679,679,M-UAV-01,M600,31.3108767,120.6039862,30.5,AVAILABLE,,
679,679,M-UAV-02,M600,31.3062683,120.6025389,30.5,CONTINGENCY,,
680,680,EVTOL-01,EC35,31.3111310,120.5966057,199.9,BUSY,M-P-001,V2
680,680,L-UAV-01,AMZN,31.3024197,120.6001398,100.0,BUSY,M-L-001,V3
680,680,M-UAV-01,M600,31.3108767,120.6039862,30.5,AVAILABLE,,
680,680,M-UAV-02,M600,31.3062683,120.6025389,30.5,CONTINGENCY,,
681,681,EVTOL-01,EC35,31.3107791,120.5965006,199.9,BUSY,M-P-001,V2
681,681,L-UAV-01,AMZN,31.3025389,120.6002152,100.0,BUSY,M-L-001,V3
681,681,M-UAV-01,M600,31.3108767,120.6039862,30.5,AVAILABLE,,
681,681,M-UAV-02,M600,31.3062683,120.6025389,30.5,CONTINGENCY,,
682,682,EVTOL-01,EC35,31.3104193,120.5964427,199.9,BUSY,M-P-001,V2
682,682,L-UAV-01,AMZN,31.3026581,120.6002907,100.0,BUSY,M-L-001,V3
682,682,M-UAV-01,M600,31.3108767,120.6039862,30.5,AVAILABLE,,
682,682,M-UAV-02,M600,31.3062683,120.6025389,30.5,CONTINGENCY,,
683,683,EVTOL-01,EC35,31.3100566,120.5964205,199.9,BUSY,M-P-001,V2
683,683,L-UAV-01,AMZN,31.3027773,120.6003662,100.0,BUSY,M-L-001,V3
683,683,M-UAV-01,M600,31.3108767,120.6039862,30.5,AVAILABLE,,
683,683,M-UAV-02,M600,31.3062683,120.6025389,30.5,CONTINGENCY,,
684,684,EVTOL-01,EC35,31.3096939,120.5963983,199.9,BUSY,M-P-001,V2
684,684,L-UAV-01,AMZN,31.3028966,120.6004416,100.0,BUSY,M-L-001,V3
684,684,M-UAV-01,M600,31.3108767,120.6039862,30.5,AVAILABLE,,
684,684,M-UAV-02,M600,31.3062683,120.6025389,30.5,CONTINGENCY,,
685,685,EVTOL-01,EC35,31.3093312,120.5963761,199.9,BUSY,M-P-001,V2
685,685,L-UAV-01,AMZN,31.3030158,120.6005171,100.0,BUSY,M-L-001,V3
685,685,M-UAV-01,M600,31.3108767,120.6039862,30.5,AVAILABLE,,
685,685,M-UAV-02,M600,31.3062683,120.6025389,30.5,CONTINGENCY,,
686,686,EVTOL-01,EC35,31.3089685,120.5963539,199.9,BUSY,M-P-001,V2
686,686,L-UAV-01,AMZN,31.3031350,120.6005926,100.0,BUSY,M-L-001,V3
686,686,M-UAV-01,M600,31.3108767,120.6039862,30.5,AVAILABLE,,
686,686,M-UAV-02,M600,31.3062683,120.6025389,30.5,CONTINGENCY,,
687,687,EVTOL-01,EC35,31.3086058,120.5963318,199.9,BUSY,M-P-001,V2
687,687,L-UAV-01,AMZN,31.3032543,120.6006680,100.0,BUSY,M-L-001,V3
687,687,M-UAV-01,M600,31.3108767,120.6039862,30.5,AVAILABLE,,
687,687,M-UAV-02,M600,31.3062683,120.6025389,30.5,CONTINGENCY,,
688,688,EVTOL-01,EC35,31.3082431,120.5963096,199.9,BUSY,M-P-001,V2
688,688,L-UAV-01,AMZN,31.3033735,120.6007435,100.0,BUSY,M-L-001,V3
688,688,M-UAV-01,M600,31.3108767,120.6039862,30.5,AVAILABLE,,
688,688,M-UAV-02,M600,31.3062683,120.6025389,30.5,CONTINGENCY,,
689,689,EVTOL-01,EC35,31.3078804,120.5962874,199.9,BUSY,M-P-001,V2
689,689,L-UAV-01,AMZN,31.3034927,120.6008190,100.0,BUSY,M-L-001,V3
689,689,M-UAV-01,M600,31.3108767,120.6039862,30.5,AVAILABLE,,
689,689,M-UAV-02,M600,31.3062683,120.6025389,30.5,CONTINGENCY,,
690,690,EVTOL-01,EC35,31.3075177,120.5962652,199.9,BUSY,M-P-001,V2
690,690,L-UAV-01,AMZN,31.3036119,120.6008944,100.0,BUSY,M-L-001,V3
690,690,M-UAV-01,M600,31.3108767,120.6039862,30.5,AVAILABLE,,
690,690,M-UAV-02,M600,31.3062683,120.6025389,30.5,CONTINGENCY,,
691,691,EVTOL-01,EC35,31.3071550,120.5962430,199.9,BUSY,M-P-001,V2
691,691,L-UAV-01,AMZN,31.3037312,120.6009699,100.0,BUSY,M-L-001,V3
691,691,M-UAV-01,M600,31.3108767,120.6039862,30.5,AVAILABLE,,
691,691,M-UAV-02,M600,31.3062683,120.6025389,30.5,CONTINGENCY,,
692,692,EVTOL-01,EC35,31.3067924,120.5962208,199.9,BUSY,M-P-001,V2
692,692,L-UAV-01,AMZN,31.3038504,120.6010454,100.0,BUSY,M-L-001,V3
692,692,M-UAV-01,M600,31.3108767,120.6039862,30.5,AVAILABLE,,
692,692,M-UAV-02,M600,31.3062683,120.6025389,30.5,CONTINGENCY,,
693,693,EVTOL-01,EC35,31.3064297,120.5961986,199.9,BUSY,M-P-001,V2
693,693,L-UAV-01,AMZN,31.3039696,120.6011208,100.0,BUSY,M-L-001,V3
693,693,M-UAV-01,M600,31.3108767,120.6039862,30.5,AVAILABLE,,
693,693,M-UAV-02,M600,31.3062683,120.6025389,30.5,CONTINGENCY,,
694,694,EVTOL-01,EC35,31.3060670,120.5961764,199.9,BUSY,M-P-001,V2
694,694,L-UAV-01,AMZN,31.3040889,120.6011963,100.0,BUSY,M-L-001,V3
694,694,M-UAV-01,M600,31.3108767,120.6039862,30.5,AVAILABLE,,
694,694,M-UAV-02,M600,31.3062683,120.6025389,30.5,CONTINGENCY,,
695,695,EVTOL-01,EC35,31.3057043,120.5961543,199.9,BUSY,M-P-001,V2
695,695,L-UAV-01,AMZN,31.3042081,120.6012718,100.0,BUSY,M-L-001,V3
695,695,M-UAV-01,M600,31.3108767,120.6039862,30.5,AVAILABLE,,
695,695,M-UAV-02,M600,31.3062683,120.6025389,30.5,CONTINGENCY,,
696,696,EVTOL-01,EC35,31.3053416,120.5961321,199.9,BUSY,M-P-001,V2
696,696,L-UAV-01,AMZN,31.3043273,120.6013472,100.0,BUSY,M-L-001,V3
696,696,M-UAV-01,M600,31.3108767,120.6039862,30.5,AVAILABLE,,
696,696,M-UAV-02,M600,31.3062683,120.6025389,30.5,CONTINGENCY,,
697,697,EVTOL-01,EC35,31.3049789,120.5961099,199.9,BUSY,M-P-001,V2
697,697,L-UAV-01,AMZN,31.3044465,120.6014227,100.0,BUSY,M-L-001,V3
697,697,M-UAV-01,M600,31.3108767,120.6039862,30.5,AVAILABLE,,
697,697,M-UAV-02,M600,31.3062683,120.6025389,30.5,CONTINGENCY,,
698,698,EVTOL-01,EC35,31.3046162,120.5960877,199.9,BUSY,M-P-001,V2
698,698,L-UAV-01,AMZN,31.3045658,120.6014982,100.0,BUSY,M-L-001,V3
698,698,M-UAV-01,M600,31.3108767,120.6039862,30.5,AVAILABLE,,
698,698,M-UAV-02,M600,31.3062683,120.6025389,30.5,CONTINGENCY,,
699,699,EVTOL-01,EC35,31.3042535,120.5960655,199.9,BUSY,M-P-001,V2
699,699,L-UAV-01,AMZN,31.3046850,120.6015736,100.0,BUSY,M-L-001,V3
699,699,M-UAV-01,M600,31.3108767,120.6039862,30.5,AVAILABLE,,
699,699,M-UAV-02,M600,31.3062683,120.6025389,30.5,CONTINGENCY,,
700,700,EVTOL-01,EC35,31.3038908,120.5960433,199.9,BUSY,M-P-001,V2
700,700,L-UAV-01,AMZN,31.3048042,120.6016491,100.0,BUSY,M-L-001,V3
700,700,M-UAV-01,M600,31.3108767,120.6039862,30.5,AVAILABLE,,
700,700,M-UAV-02,M600,31.3062683,120.6025389,30.5,CONTINGENCY,,
701,701,EVTOL-01,EC35,31.3035281,120.5960211,199.9,BUSY,M-P-001,V2
701,701,L-UAV-01,AMZN,31.3049234,120.6017246,100.0,BUSY,M-L-001,V3
701,701,M-UAV-01,M600,31.3108767,120.6039862,30.5,AVAILABLE,,
701,701,M-UAV-02,M600,31.3062683,120.6025389,30.5,CONTINGENCY,,
702,702,EVTOL-01,EC35,31.3031654,120.5959989,199.9,BUSY,M-P-001,V2
702,702,L-UAV-01,AMZN,31.3050427,120.6018000,100.0,BUSY,M-L-001,V3
702,702,M-UAV-01,M600,31.3108767,120.6039862,30.5,AVAILABLE,,
702,702,M-UAV-02,M600,31.3062683,120.6025389,30.5,CONTINGENCY,,
703,703,EVTOL-01,EC35,31.3028027,120.5959768,199.9,BUSY,M-P-001,V2
703,703,L-UAV-01,AMZN,31.3051619,120.6018755,100.0,BUSY,M-L-001,V3
703,703,M-UAV-01,M600,31.3108767,120.6039862,30.5,AVAILABLE,,
703,703,M-UAV-02,M600,31.3062683,120.6025389,30.5,CONTINGENCY,,
704,704,EVTOL-01,EC35,31.3024400,120.5959546,199.9,BUSY,M-P-001,V2
704,704,L-UAV-01,AMZN,31.3052811,120.6019510,100.0,BUSY,M-L-001,V3
704,704,M-UAV-01,M600,31.3108767,120.6039862,30.5,AVAILABLE,,
704,704,M-UAV-02,M600,31.3062683,120.6025389,30.5,CONTINGENCY,,
705,705,EVTOL-01,EC35,31.3020773,120.5959324,199.9,BUSY,M-P-001,V2
705,705,L-UAV-01,AMZN,31.3054004,120.6020264,100.0,BUSY,M-L-001,V3
705,705,M-UAV-01,M600,31.3108767,120.6039862,30.5,AVAILABLE,,
705,705,M-UAV-02,M600,31.3062683,120.6025389,30.5,CONTINGENCY,,
706,706,EVTOL-01,EC35,31.3017146,120.5959102,199.9,BUSY,M-P-001,V2
706,706,L-UAV-01,AMZN,31.3055196,120.6021019,100.0,BUSY,M-L-001,V3
706,706,M-UAV-01,M600,31.3108767,120.6039862,30.5,AVAILABLE,,
706,706,M-UAV-02,M600,31.3062683,120.6025389,30.5,CONTINGENCY,,
707,707,EVTOL-01,EC35,31.3013519,120.5958880,199.9,BUSY,M-P-001,V2
707,707,L-UAV-01,AMZN,31.3056388,120.6021774,100.0,BUSY,M-L-001,V3
707,707,M-UAV-01,M600,31.3108767,120.6039862,30.5,AVAILABLE,,
707,707,M-UAV-02,M600,31.3062683,120.6025389,30.5,CONTINGENCY,,
708,708,EVTOL-01,EC35,31.3009892,120.5958658,199.9,BUSY,M-P-001,V2
708,708,L-UAV-01,AMZN,31.3057580,120.6022528,100.0,BUSY,M-L-001,V3
708,708,M-UAV-01,M600,31.3108767,120.6039862,30.5,AVAILABLE,,
708,708,M-UAV-02,M600,31.3062683,120.6025389,30.5,CONTINGENCY,,
709,709,EVTOL-01,EC35,31.3006265,120.5958436,199.9,BUSY,M-P-001,V2
709,709,L-UAV-01,AMZN,31.3058773,120.6023283,100.0,BUSY,M-L-001,V2
709,709,M-UAV-01,M600,31.3108767,120.6039862,30.5,AVAILABLE,,
709,709,M-UAV-02,M600,31.3062683,120.6025389,30.5,CONTINGENCY,,
710,710,EVTOL-01,EC35,31.3002638,120.5958215,199.9,BUSY,M-P-001,V2
710,710,L-UAV-01,AMZN,31.3060103,120.6023586,100.0,BUSY,M-L-001,V2
710,710,M-UAV-01,M600,31.3108767,120.6039862,30.5,AVAILABLE,,
710,710,M-UAV-02,M600,31.3062683,120.6025389,30.5,CONTINGENCY,,
711,711,EVTOL-01,EC35,31.2999011,120.5957993,199.9,BUSY,M-P-001,V2
711,711,L-UAV-01,AMZN,31.3061450,120.6023411,100.0,BUSY,M-L-001,V2
711,711,M-UAV-01,M600,31.3108767,120.6039862,30.5,AVAILABLE,,
711,711,M-UAV-02,M600,31.3062683,120.6025389,30.5,CONTINGENCY,,
712,712,EVTOL-01,EC35,31.2995384,120.5957771,199.9,BUSY,M-P-001,V2
712,712,L-UAV-01,AMZN,31.3062691,120.6022772,100.0,BUSY,M-L-001,V2
712,712,M-UAV-01,M600,31.3108767,120.6039862,30.5,AVAILABLE,,
712,712,M-UAV-02,M600,31.3062683,120.6025389,30.5,CONTINGENCY,,
713,713,EVTOL-01,EC35,31.2991757,120.5957549,199.9,BUSY,M-P-001,V2
713,713,L-UAV-01,AMZN,31.3063712,120.6021728,100.0,BUSY,M-L-001,V2
713,713,M-UAV-01,M600,31.3108767,120.6039862,30.5,AVAILABLE,,
713,713,M-UAV-02,M600,31.3062683,120.6025389,30.5,CONTINGENCY,,
714,714,EVTOL-01,EC35,31.2988131,120.5957327,199.9,BUSY,M-P-001,V2
714,714,L-UAV-01,AMZN,31.3064420,120.6020376,100.0,BUSY,M-L-001,V2
714,714,M-UAV-01,M600,31.3108767,120.6039862,30.5,AVAILABLE,,
714,714,M-UAV-02,M600,31.3062683,120.6025389,30.5,CONTINGENCY,,
715,715,EVTOL-01,EC35,31.2984504,120.5957105,199.9,BUSY,M-P-001,V2
715,715,L-UAV-01,AMZN,31.3064750,120.6018837,100.0,BUSY,M-L-001,V2
715,715,M-UAV-01,M600,31.3108767,120.6039862,30.5,AVAILABLE,,
715,715,M-UAV-02,M600,31.3062683,120.6025389,30.5,CONTINGENCY,,
716,716,EVTOL-01,EC35,31.2980877,120.5956884,199.9,BUSY,M-P-001,V2
716,716,L-UAV-01,AMZN,31.3064673,120.6017253,100.0,BUSY,M-L-001,V2
716,716,M-UAV-01,M600,31.3108767,120.6039862,30.5,AVAILABLE,,
716,716,M-UAV-02,M600,31.3062683,120.6025389,30.5,CONTINGENCY,,
717,717,EVTOL-01,EC35,31.2977250,120.5956662,199.9,BUSY,M-P-001,V1
717,717,L-UAV-01,AMZN,31.3064194,120.6015769,100.0,BUSY,M-L-001,V2
717,717,M-UAV-01,M600,31.3108767,120.6039862,30.5,AVAILABLE,,
717,717,M-UAV-02,M600,31.3062683,120.6025389,30.5,CONTINGENCY,,
718,718,EVTOL-01,EC35,31.2973625,120.5956921,199.9,BUSY,M-P-001,V1
718,718,L-UAV-01,AMZN,31.3063359,120.6014519,100.0,BUSY,M-L-001,V2
718,718,M-UAV-01,M600,31.3108767,120.6039862,30.5,AVAILABLE,,
718,718,M-UAV-02,M600,31.3062683,120.6025389,30.5,CONTINGENCY,,
719,719,EVTOL-01,EC35,31.2970048,120.5957658,199.9,BUSY,M-P-001,V1
719,719,L-UAV-01,AMZN,31.3062243,120.6013619,100.0,BUSY,M-L-001,V2
719,719,M-UAV-01,M600,31.3108767,120.6039862,30.5,AVAILABLE,,
719,719,M-UAV-02,M600,31.3062683,120.6025389,30.5,CONTINGENCY,,
720,720,EVTOL-01,EC35,31.2966565,120.5958863,199.9,BUSY,M-P-001,V1
720,720,L-UAV-01,AMZN,31.3061051,120.6012864,100.0,BUSY,M-L-001,V2
720,720,M-UAV-01,M600,31.3108767,120.6039862,30.5,AVAILABLE,,
720,720,M-UAV-02,M600,31.3062683,120.6025389,30.5,CONTINGENCY,,
721,721,EVTOL-01,EC35,31.2963221,120.5960521,199.9,BUSY,M-P-001,V1
721,721,L-UAV-01,AMZN,31.3059858,120.6012110,100.0,BUSY,M-L-001,V2
721,721,M-UAV-01,M600,31.3108767,120.6039862,30.5,AVAILABLE,,
721,721,M-UAV-02,M600,31.3062683,120.6025389,30.5,CONTINGENCY,,
722,722,EVTOL-01,EC35,31.2960058,120.5962611,199.9,BUSY,M-P-001,V1
722,722,L-UAV-01,AMZN,31.3058666,120.6011355,100.0,BUSY,M-L-001,V2
722,722,M-UAV-01,M600,31.3108767,120.6039862,30.5,AVAILABLE,,
722,722,M-UAV-02,M600,31.3062683,120.6025389,30.5,CONTINGENCY,,
723,723,EVTOL-01,EC35,31.2957117,120.5965105,199.9,BUSY,M-P-001,V1
723,723,L-UAV-01,AMZN,31.3057474,120.6010600,100.0,BUSY,M-L-001,V2
723,723,M-UAV-01,M600,31.3108767,120.6039862,30.5,AVAILABLE,,
723,723,M-UAV-02,M600,31.3062683,120.6025389,30.5,CONTINGENCY,,
724,724,EVTOL-01,EC35,31.2954436,120.5967972,199.9,BUSY,M-P-001,V1
724,724,L-UAV-01,AMZN,31.3056282,120.6009846,100.0,BUSY,M-L-001,V2
724,724,M-UAV-01,M600,31.3108767,120.6039862,30.5,AVAILABLE,,
724,724,M-UAV-02,M600,31.3062683,120.6025389,30.5,CONTINGENCY,,
725,725,EVTOL-01,EC35,31.2952049,120.5971176,199.9,BUSY,M-P-001,V1
725,725,L-UAV-01,AMZN,31.3055089,120.6009091,100.0,BUSY,M-L-001,V2
725,725,M-UAV-01,M600,31.3108767,120.6039862,30.5,AVAILABLE,,
725,725,M-UAV-02,M600,31.3062683,120.6025389,30.5,CONTINGENCY,,
726,726,EVTOL-01,EC35,31.2949987,120.5974674,199.9,BUSY,M-P-001,V1
726,726,L-UAV-01,AMZN,31.3053897,120.6008336,100.0,BUSY,M-L-001,V2
726,726,M-UAV-01,M600,31.3108767,120.6039862,30.5,AVAILABLE,,
726,726,M-UAV-02,M600,31.3062683,120.6025389,30.5,CONTINGENCY,,
727,727,EVTOL-01,EC35,31.2948275,120.5978423,199.9,BUSY,M-P-001,V1
727,727,L-UAV-01,AMZN,31.3052705,120.6007582,100.0,BUSY,M-L-001,V2
727,727,M-UAV-01,M600,31.3108767,120.6039862,30.5,AVAILABLE,,
727,727,M-UAV-02,M600,31.3062683,120.6025389,30.5,CONTINGENCY,,
728,728,EVTOL-01,EC35,31.2946937,120.5982374,199.9,BUSY,M-P-001,V1
728,728,L-UAV-01,AMZN,31.3051512,120.6006827,100.0,BUSY,M-L-001,V2
728,728,M-UAV-01,M600,31.3108767,120.6039862,30.5,AVAILABLE,,
728,728,M-UAV-02,M600,31.3062683,120.6025389,30.5,CONTINGENCY,,
729,729,EVTOL-01,EC35,31.2945988,120.5986477,199.9,BUSY,M-P-001,V1
729,729,L-UAV-01,AMZN,31.3050320,120.6006072,100.0,BUSY,M-L-001,V2
729,729,M-UAV-01,M600,31.3108767,120.6039862,30.5,AVAILABLE,,
729,729,M-UAV-02,M600,31.3062683,120.6025389,30.5,CONTINGENCY,,
730,730,EVTOL-01,EC35,31.2945442,120.5990679,199.9,BUSY,M-P-001,V1
730,730,L-UAV-01,AMZN,31.3049128,120.6005318,100.0,BUSY,M-L-001,V2
730,730,M-UAV-01,M600,31.3108767,120.6039862,30.5,AVAILABLE,,
730,730,M-UAV-02,M600,31.3062683,120.6025389,30.5,CONTINGENCY,,
731,731,EVTOL-01,EC35,31.2945305,120.5994926,199.9,BUSY,M-P-001,V1
731,731,L-UAV-01,AMZN,31.3047936,120.6004563,100.0,BUSY,M-L-001,V2
731,731,M-UAV-01,M600,31.3108767,120.6039862,30.5,AVAILABLE,,
731,731,M-UAV-02,M600,31.3062683,120.6025389,30.5,CONTINGENCY,,
732,732,EVTOL-01,EC35,31.2945579,120.5999164,199.9,BUSY,M-P-001,V1
732,732,L-UAV-01,AMZN,31.3046743,120.6003808,100.0,BUSY,M-L-001,V2
732,732,M-UAV-01,M600,31.3108767,120.6039862,30.5,AVAILABLE,,
732,732,M-UAV-02,M600,31.3062683,120.6025389,30.5,CONTINGENCY,,
733,733,EVTOL-01,EC35,31.2946260,120.6003339,199.9,BUSY,M-P-001,V1
733,733,L-UAV-01,AMZN,31.3045551,120.6003054,100.0,BUSY,M-L-001,V2
733,733,M-UAV-01,M600,31.3108767,120.6039862,30.5,AVAILABLE,,
733,733,M-UAV-02,M600,31.3062683,120.6025389,30.5,CONTINGENCY,,
734,734,EVTOL-01,EC35,31.2947340,120.6007397,199.9,BUSY,M-P-001,V1
734,734,L-UAV-01,AMZN,31.3044359,120.6002299,100.0,BUSY,M-L-001,V2
734,734,M-UAV-01,M600,31.3108767,120.6039862,30.5,AVAILABLE,,
734,734,M-UAV-02,M600,31.3062683,120.6025389,30.5,CONTINGENCY,,
735,735,EVTOL-01,EC35,31.2948805,120.6011286,199.9,BUSY,M-P-001,V1
735,735,L-UAV-01,AMZN,31.3043166,120.6001544,100.0,BUSY,M-L-001,V2
735,735,M-UAV-01,M600,31.3108767,120.6039862,30.5,AVAILABLE,,
735,735,M-UAV-02,M600,31.3062683,120.6025389,30.5,CONTINGENCY,,
736,736,EVTOL-01,EC35,31.2950636,120.6014957,199.9,BUSY,M-P-001,V1
736,736,L-UAV-01,AMZN,31.3041974,120.6000790,100.0,BUSY,M-L-001,V2
736,736,M-UAV-01,M600,31.3108767,120.6039862,30.5,AVAILABLE,,
736,736,M-UAV-02,M600,31.3062683,120.6025389,30.5,CONTINGENCY,,
737,737,EVTOL-01,EC35,31.2952810,120.6018362,199.9,BUSY,M-P-001,V1
737,737,L-UAV-01,AMZN,31.3040782,120.6000035,100.0,BUSY,M-L-001,V2
737,737,M-UAV-01,M600,31.3108767,120.6039862,30.5,AVAILABLE,,
737,737,M-UAV-02,M600,31.3062683,120.6025389,30.5,CONTINGENCY,,
738,738,EVTOL-01,EC35,31.2955299,120.6021457,199.9,BUSY,M-P-001,V1
738,738,L-UAV-01,AMZN,31.3039590,120.5999280,100.0,BUSY,M-L-001,V2
738,738,M-UAV-01,M600,31.3108767,120.6039862,30.5,AVAILABLE,,
738,738,M-UAV-02,M600,31.3062683,120.6025389,30.5,CONTINGENCY,,
739,739,EVTOL-01,EC35,31.2958070,120.6024204,199.9,BUSY,M-P-001,V1
739,739,L-UAV-01,AMZN,31.3038397,120.5998526,100.0,BUSY,M-L-001,V2
739,739,M-UAV-01,M600,31.3108767,120.6039862,30.5,AVAILABLE,,
739,739,M-UAV-02,M600,31.3062683,120.6025389,30.5,CONTINGENCY,,
740,740,EVTOL-01,EC35,31.2961089,120.6026567,199.9,BUSY,M-P-001,V1
740,740,L-UAV-01,AMZN,31.3037205,120.5997771,100.0,BUSY,M-L-001,V2
740,740,M-UAV-01,M600,31.3108767,120.6039862,30.5,AVAILABLE,,
740,740,M-UAV-02,M600,31.3062683,120.6025389,30.5,CONTINGENCY,,
741,741,EVTOL-01,EC35,31.2964317,120.6028516,199.9,BUSY,M-P-001,V1
741,741,L-UAV-01,AMZN,31.3036013,120.5997016,100.0,BUSY,M-L-001,V2
741,741,M-UAV-01,M600,31.3108767,120.6039862,30.5,AVAILABLE,,
741,741,M-UAV-02,M600,31.3062683,120.6025389,30.5,CONTINGENCY,,
742,742,EVTOL-01,EC35,31.2967712,120.6030025,199.9,BUSY,M-P-001,V1
742,742,L-UAV-01,AMZN,31.3034820,120.5996262,100.0,BUSY,M-L-001,V2
742,742,M-UAV-01,M600,31.3108767,120.6039862,30.5,AVAILABLE,,
742,742,M-UAV-02,M600,31.3062683,120.6025389,30.5,CONTINGENCY,,
743,743,EVTOL-01,EC35,31.2971232,120.6031075,199.9,BUSY,M-P-001,V1
743,743,L-UAV-01,AMZN,31.3033628,120.5995507,100.0,BUSY,M-L-001,V2
743,743,M-UAV-01,M600,31.3108767,120.6039862,30.5,AVAILABLE,,
743,743,M-UAV-02,M600,31.3062683,120.6025389,30.5,CONTINGENCY,,
744,744,EVTOL-01,EC35,31.2974830,120.6031654,199.9,BUSY,M-P-001,V1
744,744,L-UAV-01,AMZN,31.3032436,120.5994752,100.0,BUSY,M-L-001,V2
744,744,M-UAV-01,M600,31.3108767,120.6039862,30.5,AVAILABLE,,
744,744,M-UAV-02,M600,31.3062683,120.6025389,30.5,CONTINGENCY,,
745,745,EVTOL-01,EC35,31.2978457,120.6031876,199.9,BUSY,M-P-001,V1
745,745,L-UAV-01,AMZN,31.3031244,120.5993998,100.0,BUSY,M-L-001,V2
745,745,M-UAV-01,M600,31.3108767,120.6039862,30.5,AVAILABLE,,
745,745,M-UAV-02,M600,31.3062683,120.6025389,30.5,CONTINGENCY,,
746,746,EVTOL-01,EC35,31.2982084,120.6032098,199.9,BUSY,M-P-001,V1
746,746,L-UAV-01,AMZN,31.3030051,120.5993243,100.0,BUSY,M-L-001,V2
746,746,M-UAV-01,M600,31.3108767,120.6039862,30.5,AVAILABLE,,
746,746,M-UAV-02,M600,31.3062683,120.6025389,30.5,CONTINGENCY,,
747,747,EVTOL-01,EC35,31.2985711,120.6032320,199.9,BUSY,M-P-001,V1
747,747,L-UAV-01,AMZN,31.3028859,120.5992489,100.0,BUSY,M-L-001,V2
747,747,M-UAV-01,M600,31.3108767,120.6039862,30.5,AVAILABLE,,
747,747,M-UAV-02,M600,31.3062683,120.6025389,30.5,CONTINGENCY,,
748,748,EVTOL-01,EC35,31.2989337,120.6032543,199.9,BUSY,M-P-001,V1
748,748,L-UAV-01,AMZN,31.3027667,120.5991734,100.0,BUSY,M-L-001,V2
748,748,M-UAV-01,M600,31.3108767,120.6039862,30.5,AVAILABLE,,
748,748,M-UAV-02,M600,31.3062683,120.6025389,30.5,CONTINGENCY,,
749,749,EVTOL-01,EC35,31.2992964,120.6032765,199.9,BUSY,M-P-001,V1
749,749,L-UAV-01,AMZN,31.3026474,120.5990979,100.0,BUSY,M-L-001,V2
749,749,M-UAV-01,M600,31.3108767,120.6039862,30.5,AVAILABLE,,
749,749,M-UAV-02,M600,31.3062683,120.6025389,30.5,CONTINGENCY,,
750,750,EVTOL-01,EC35,31.2996591,120.6032987,199.9,BUSY,M-P-001,V1
750,750,L-UAV-01,AMZN,31.3025282,120.5990225,100.0,BUSY,M-L-001,V2
750,750,M-UAV-01,M600,31.3108767,120.6039862,30.5,AVAILABLE,,
750,750,M-UAV-02,M600,31.3062683,120.6025389,30.5,CONTINGENCY,,
751,751,EVTOL-01,EC35,31.3000218,120.6033209,199.9,BUSY,M-P-001,V1
751,751,L-UAV-01,AMZN,31.3024090,120.5989470,100.0,BUSY,M-L-001,V2
751,751,M-UAV-01,M600,31.3108767,120.6039862,30.5,AVAILABLE,,
751,751,M-UAV-02,M600,31.3062683,120.6025389,30.5,CONTINGENCY,,
752,752,EVTOL-01,EC35,31.3003845,120.6033432,199.9,BUSY,M-P-001,V1
752,752,L-UAV-01,AMZN,31.3022898,120.5988715,100.0,BUSY,M-L-001,V2
752,752,M-UAV-01,M600,31.3108767,120.6039862,30.5,AVAILABLE,,
752,752,M-UAV-02,M600,31.3062683,120.6025389,30.5,CONTINGENCY,,
753,753,EVTOL-01,EC35,31.3007472,120.6033654,199.9,BUSY,M-P-001,V1
753,753,L-UAV-01,AMZN,31.3021705,120.5987961,100.0,BUSY,M-L-001,V2
753,753,M-UAV-01,M600,31.3108767,120.6039862,30.5,AVAILABLE,,
753,753,M-UAV-02,M600,31.3062683,120.6025389,30.5,CONTINGENCY,,
754,754,EVTOL-01,EC35,31.3011099,120.6033876,199.9,BUSY,M-P-001,V1
754,754,L-UAV-01,AMZN,31.3020513,120.5987206,100.0,BUSY,M-L-001,V2
754,754,M-UAV-01,M600,31.3108767,120.6039862,30.5,AVAILABLE,,
754,754,M-UAV-02,M600,31.3062683,120.6025389,30.5,CONTINGENCY,,
755,755,EVTOL-01,EC35,31.3014726,120.6034098,199.9,BUSY,M-P-001,V1
755,755,L-UAV-01,AMZN,31.3019321,120.5986452,100.0,BUSY,M-L-001,V2
755,755,M-UAV-01,M600,31.3108767,120.6039862,30.5,AVAILABLE,,
755,755,M-UAV-02,M600,31.3062683,120.6025389,30.5,CONTINGENCY,,
756,756,EVTOL-01,EC35,31.3018353,120.6034321,199.9,BUSY,M-P-001,V1
756,756,L-UAV-01,AMZN,31.3018128,120.5985697,100.0,BUSY,M-L-001,V2
756,756,M-UAV-01,M600,31.3108767,120.6039862,30.5,AVAILABLE,,
756,756,M-UAV-02,M600,31.3062683,120.6025389,30.5,CONTINGENCY,,
757,757,EVTOL-01,EC35,31.3021980,120.6034543,199.9,BUSY,M-P-001,V1
757,757,L-UAV-01,AMZN,31.3016936,120.5984942,100.0,BUSY,M-L-001,V2
757,757,M-UAV-01,M600,31.3108767,120.6039862,30.5,AVAILABLE,,
757,757,M-UAV-02,M600,31.3062683,120.6025389,30.5,CONTINGENCY,,
758,758,EVTOL-01,EC35,31.3025607,120.6034765,199.9,BUSY,M-P-001,V1
758,758,L-UAV-01,AMZN,31.3015744,120.5984188,100.0,BUSY,M-L-001,V2
758,758,M-UAV-01,M600,31.3108767,120.6039862,30.5,AVAILABLE,,
758,758,M-UAV-02,M600,31.3062683,120.6025389,30.5,CONTINGENCY,,
759,759,EVTOL-01,EC35,31.3029234,120.6034987,199.9,BUSY,M-P-001,V1
759,759,L-UAV-01,AMZN,31.3014551,120.5983433,100.0,BUSY,M-L-001,V2
759,759,M-UAV-01,M600,31.3108767,120.6039862,30.5,AVAILABLE,,
759,759,M-UAV-02,M600,31.3062683,120.6025389,30.5,CONTINGENCY,,
760,760,EVTOL-01,EC35,31.3032861,120.6035210,199.9,BUSY,M-P-001,V1
760,760,L-UAV-01,AMZN,31.3013359,120.5982678,100.0,BUSY,M-L-001,V2
760,760,M-UAV-01,M600,31.3108767,120.6039862,30.5,AVAILABLE,,
760,760,M-UAV-02,M600,31.3062683,120.6025389,30.5,CONTINGENCY,,
761,761,EVTOL-01,EC35,31.3036488,120.6035432,199.9,BUSY,M-P-001,V1
761,761,L-UAV-01,AMZN,31.3012167,120.5981924,100.0,BUSY,M-L-001,V2
761,761,M-UAV-01,M600,31.3108767,120.6039862,30.5,AVAILABLE,,
761,761,M-UAV-02,M600,31.3062683,120.6025389,30.5,CONTINGENCY,,
762,762,EVTOL-01,EC35,31.3040115,120.6035654,199.9,BUSY,M-P-001,V1
762,762,L-UAV-01,AMZN,31.3010975,120.5981169,100.0,BUSY,M-L-001,V2
762,762,M-UAV-01,M600,31.3108767,120.6039862,30.5,AVAILABLE,,
762,762,M-UAV-02,M600,31.3062683,120.6025389,30.5,CONTINGENCY,,
763,763,EVTOL-01,EC35,31.3043742,120.6035876,199.9,BUSY,M-P-001,V1
763,763,L-UAV-01,AMZN,31.3009782,120.5980415,100.0,BUSY,M-L-001,V2
763,763,M-UAV-01,M600,31.3108767,120.6039862,30.5,AVAILABLE,,
763,763,M-UAV-02,M600,31.3062683,120.6025389,30.5,CONTINGENCY,,
764,764,EVTOL-01,EC35,31.3047368,120.6036099,199.9,BUSY,M-P-001,V1
764,764,L-UAV-01,AMZN,31.3008590,120.5979660,100.0,BUSY,M-L-001,V2
764,764,M-UAV-01,M600,31.3108767,120.6039862,30.5,AVAILABLE,,
764,764,M-UAV-02,M600,31.3062683,120.6025389,30.5,CONTINGENCY,,
765,765,EVTOL-01,EC35,31.3050995,120.6036321,199.9,BUSY,M-P-001,V1
765,765,L-UAV-01,AMZN,31.3007398,120.5978905,100.0,BUSY,M-L-001,V2
765,765,M-UAV-01,M600,31.3108767,120.6039862,30.5,AVAILABLE,,
765,765,M-UAV-02,M600,31.3062683,120.6025389,30.5,CONTINGENCY,,
766,766,EVTOL-01,EC35,31.3054622,120.6036543,199.9,BUSY,M-P-001,V1
766,766,L-UAV-01,AMZN,31.3006205,120.5978151,100.0,BUSY,M-L-001,V2
766,766,M-UAV-01,M600,31.3108767,120.6039862,30.5,AVAILABLE,,
766,766,M-UAV-02,M600,31.3062683,120.6025389,30.5,CONTINGENCY,,
767,767,EVTOL-01,EC35,31.3058249,120.6036765,199.9,BUSY,M-P-001,V1
767,767,L-UAV-01,AMZN,31.3005013,120.5977396,100.0,BUSY,M-L-001,V2
767,767,M-UAV-01,M600,31.3108767,120.6039862,30.5,AVAILABLE,,
767,767,M-UAV-02,M600,31.3062683,120.6025389,30.5,CONTINGENCY,,
768,768,EVTOL-01,EC35,31.3061876,120.6036988,199.9,BUSY,M-P-001,V1
768,768,L-UAV-01,AMZN,31.3003821,120.5976642,100.0,BUSY,M-L-001,V2
768,768,M-UAV-01,M600,31.3108767,120.6039862,30.5,AVAILABLE,,
768,768,M-UAV-02,M600,31.3062683,120.6025389,30.5,CONTINGENCY,,
769,769,EVTOL-01,EC35,31.3065503,120.6037210,199.9,BUSY,M-P-001,V1
769,769,L-UAV-01,AMZN,31.3002628,120.5975887,100.0,BUSY,M-L-001,V2
769,769,M-UAV-01,M600,31.3108767,120.6039862,30.5,AVAILABLE,,
769,769,M-UAV-02,M600,31.3062683,120.6025389,30.5,CONTINGENCY,,
770,770,EVTOL-01,EC35,31.3069130,120.6037432,199.9,BUSY,M-P-001,V1
770,770,L-UAV-01,AMZN,31.3001436,120.5975132,100.0,BUSY,M-L-001,V2
770,770,M-UAV-01,M600,31.3108767,120.6039862,30.5,AVAILABLE,,
770,770,M-UAV-02,M600,31.3062683,120.6025389,30.5,CONTINGENCY,,
771,771,EVTOL-01,EC35,31.3072757,120.6037655,199.9,BUSY,M-P-001,V1
771,771,L-UAV-01,AMZN,31.3000244,120.5974378,100.0,BUSY,M-L-001,V2
771,771,M-UAV-01,M600,31.3108767,120.6039862,30.5,AVAILABLE,,
771,771,M-UAV-02,M600,31.3062683,120.6025389,30.5,CONTINGENCY,,
772,772,EVTOL-01,EC35,31.3076384,120.6037877,199.9,BUSY,M-P-001,V1
772,772,L-UAV-01,AMZN,31.2999052,120.5973623,100.0,BUSY,M-L-001,V2
772,772,M-UAV-01,M600,31.3108767,120.6039862,30.5,AVAILABLE,,
772,772,M-UAV-02,M600,31.3062683,120.6025389,30.5,CONTINGENCY,,
773,773,EVTOL-01,EC35,31.3080011,120.6038099,199.9,BUSY,M-P-001,V1
773,773,L-UAV-01,AMZN,31.2997859,120.5972869,100.0,BUSY,M-L-001,V2
773,773,M-UAV-01,M600,31.3108767,120.6039862,30.5,AVAILABLE,,
773,773,M-UAV-02,M600,31.3062683,120.6025389,30.5,CONTINGENCY,,
774,774,EVTOL-01,EC35,31.3083638,120.6038321,199.9,BUSY,M-P-001,V1
774,774,L-UAV-01,AMZN,31.2996667,120.5972114,100.0,BUSY,M-L-001,V2
774,774,M-UAV-01,M600,31.3108767,120.6039862,30.5,AVAILABLE,,
774,774,M-UAV-02,M600,31.3062683,120.6025389,30.5,CONTINGENCY,,
775,775,EVTOL-01,EC35,31.3087265,120.6038544,199.9,BUSY,M-P-001,V1
775,775,L-UAV-01,AMZN,31.2995475,120.5971359,100.0,BUSY,M-L-001,V2
775,775,M-UAV-01,M600,31.3108767,120.6039862,30.5,AVAILABLE,,
775,775,M-UAV-02,M600,31.3062683,120.6025389,30.5,CONTINGENCY,,
776,776,EVTOL-01,EC35,31.3090892,120.6038766,199.9,BUSY,M-P-001,V1
776,776,L-UAV-01,AMZN,31.2994282,120.5970605,100.0,BUSY,M-L-001,V2
776,776,M-UAV-01,M600,31.3108767,120.6039862,30.5,AVAILABLE,,
776,776,M-UAV-02,M600,31.3062683,120.6025389,30.5,CONTINGENCY,,
777,777,EVTOL-01,EC35,31.3094519,120.6038988,199.9,BUSY,M-P-001,V1
777,777,L-UAV-01,AMZN,31.2993090,120.5969850,100.0,BUSY,M-L-001,V2
777,777,M-UAV-01,M600,31.3108767,120.6039862,30.5,AVAILABLE,,
777,777,M-UAV-02,M600,31.3062683,120.6025389,30.5,CONTINGENCY,,
778,778,EVTOL-01,EC35,31.3098146,120.6039211,199.9,BUSY,M-P-001,V1
778,778,L-UAV-01,AMZN,31.2991898,120.5969096,100.0,BUSY,M-L-001,V2
778,778,M-UAV-01,M600,31.3108767,120.6039862,30.5,AVAILABLE,,
778,778,M-UAV-02,M600,31.3062683,120.6025389,30.5,CONTINGENCY,,
779,779,EVTOL-01,EC35,31.3101772,120.6039433,199.9,BUSY,M-P-001,V2
779,779,L-UAV-01,AMZN,31.2990705,120.5968341,100.0,BUSY,M-L-001,V2
779,779,M-UAV-01,M600,31.3108767,120.6039862,30.5,AVAILABLE,,
779,779,M-UAV-02,M600,31.3062683,120.6025389,30.5,CONTINGENCY,,
780,780,EVTOL-01,EC35,31.3105398,120.6039174,199.9,BUSY,M-P-001,V2
780,780,L-UAV-01,AMZN,31.2989513,120.5967587,100.0,BUSY,M-L-001,V2
780,780,M-UAV-01,M600,31.3108767,120.6039862,30.5,AVAILABLE,,
780,780,M-UAV-02,M600,31.3062683,120.6025389,30.5,CONTINGENCY,,
781,781,EVTOL-01,EC35,31.3108975,120.6038437,199.9,BUSY,M-P-001,V2
781,781,L-UAV-01,AMZN,31.2988321,120.5966832,100.0,BUSY,M-L-001,V2
781,781,M-UAV-01,M600,31.3108767,120.6039862,30.5,AVAILABLE,,
781,781,M-UAV-02,M600,31.3062683,120.6025389,30.5,CONTINGENCY,,
782,782,EVTOL-01,EC35,31.3112458,120.6037233,199.9,BUSY,M-P-001,V2
782,782,L-UAV-01,AMZN,31.2987129,120.5966077,100.0,BUSY,M-L-001,V2
782,782,M-UAV-01,M600,31.3108767,120.6039862,30.5,AVAILABLE,,
782,782,M-UAV-02,M600,31.3062683,120.6025389,30.5,CONTINGENCY,,
783,783,EVTOL-01,EC35,31.3115802,120.6035575,199.9,BUSY,M-P-001,V2
783,783,L-UAV-01,AMZN,31.2985936,120.5965323,100.0,BUSY,M-L-001,V2
783,783,M-UAV-01,M600,31.3108767,120.6039862,30.5,AVAILABLE,,
783,783,M-UAV-02,M600,31.3062683,120.6025389,30.5,CONTINGENCY,,
784,784,EVTOL-01,EC35,31.3118965,120.6033485,199.9,BUSY,M-P-001,V2
784,784,L-UAV-01,AMZN,31.2984744,120.5964568,100.0,BUSY,M-L-001,V2
784,784,M-UAV-01,M600,31.3108767,120.6039862,30.5,AVAILABLE,,
784,784,M-UAV-02,M600,31.3062683,120.6025389,30.5,CONTINGENCY,,
785,785,EVTOL-01,EC35,31.3121906,120.6030991,199.9,BUSY,M-P-001,V2
785,785,L-UAV-01,AMZN,31.2983552,120.5963814,100.0,BUSY,M-L-001,V2
785,785,M-UAV-01,M600,31.3108767,120.6039862,30.5,AVAILABLE,,
785,785,M-UAV-02,M600,31.3062683,120.6025389,30.5,CONTINGENCY,,
786,786,EVTOL-01,EC35,31.3124587,120.6028123,199.9,BUSY,M-P-001,V2
786,786,L-UAV-01,AMZN,31.2982359,120.5963059,100.0,BUSY,M-L-001,V2
786,786,M-UAV-01,M600,31.3108767,120.6039862,30.5,AVAILABLE,,
786,786,M-UAV-02,M600,31.3062683,120.6025389,30.5,CONTINGENCY,,
787,787,EVTOL-01,EC35,31.3126974,120.6024919,199.9,BUSY,M-P-001,V2
787,787,L-UAV-01,AMZN,31.2981167,120.5962305,100.0,BUSY,M-L-001,V2
787,787,M-UAV-01,M600,31.3108767,120.6039862,30.5,AVAILABLE,,
787,787,M-UAV-02,M600,31.3062683,120.6025389,30.5,CONTINGENCY,,
788,788,EVTOL-01,EC35,31.3129037,120.6021421,199.9,BUSY,M-P-001,V2
788,788,L-UAV-01,AMZN,31.2979975,120.5961550,100.0,BUSY,M-L-001,V2
788,788,M-UAV-01,M600,31.3108767,120.6039862,30.5,AVAILABLE,,
788,788,M-UAV-02,M600,31.3062683,120.6025389,30.5,CONTINGENCY,,
789,789,EVTOL-01,EC35,31.3130749,120.6017671,199.9,BUSY,M-P-001,V2
789,789,L-UAV-01,AMZN,31.2978782,120.5960796,100.0,BUSY,M-L-001,V3
789,789,M-UAV-01,M600,31.3108767,120.6039862,30.5,AVAILABLE,,
789,789,M-UAV-02,M600,31.3062683,120.6025389,30.5,CONTINGENCY,,
790,790,EVTOL-01,EC35,31.3132088,120.6013719,199.9,BUSY,M-P-001,V2
790,790,L-UAV-01,AMZN,31.2977452,120.5960492,100.0,BUSY,M-L-001,V3
790,790,M-UAV-01,M600,31.3108767,120.6039862,30.5,AVAILABLE,,
790,790,M-UAV-02,M600,31.3062683,120.6025389,30.5,CONTINGENCY,,
791,791,EVTOL-01,EC35,31.3133036,120.6009616,199.9,BUSY,M-P-001,V2
791,791,L-UAV-01,AMZN,31.2976105,120.5960668,100.0,BUSY,M-L-001,V3
791,791,M-UAV-01,M600,31.3108767,120.6039862,30.5,AVAILABLE,,
791,791,M-UAV-02,M600,31.3062683,120.6025389,30.5,CONTINGENCY,,
792,792,EVTOL-01,EC35,31.3133583,120.6005413,199.9,BUSY,M-P-001,V2
792,792,L-UAV-01,AMZN,31.2974864,120.5961307,100.0,BUSY,M-L-001,V3
792,792,M-UAV-01,M600,31.3108767,120.6039862,30.5,AVAILABLE,,
792,792,M-UAV-02,M600,31.3062683,120.6025389,30.5,CONTINGENCY,,
793,793,EVTOL-01,EC35,31.3133720,120.6001165,199.9,BUSY,M-P-001,V2
793,793,L-UAV-01,AMZN,31.2973843,120.5962350,100.0,BUSY,M-L-001,V3
793,793,M-UAV-01,M600,31.3108767,120.6039862,30.5,AVAILABLE,,
793,793,M-UAV-02,M600,31.3062683,120.6025389,30.5,CONTINGENCY,,
794,794,EVTOL-01,EC35,31.3133447,120.5996926,199.9,BUSY,M-P-001,V2
794,794,L-UAV-01,AMZN,31.2973135,120.5963703,100.0,BUSY,M-L-001,V3
794,794,M-UAV-01,M600,31.3108767,120.6039862,30.5,AVAILABLE,,
794,794,M-UAV-02,M600,31.3062683,120.6025389,30.5,CONTINGENCY,,
795,795,EVTOL-01,EC35,31.3132766,120.5992750,199.9,BUSY,M-P-001,V2
795,795,L-UAV-01,AMZN,31.2972805,120.5965242,100.0,BUSY,M-L-001,V3
795,795,M-UAV-01,M600,31.3108767,120.6039862,30.5,AVAILABLE,,
795,795,M-UAV-02,M600,31.3062683,120.6025389,30.5,CONTINGENCY,,
796,796,EVTOL-01,EC35,31.3131686,120.5988691,199.9,BUSY,M-P-001,V2
796,796,L-UAV-01,AMZN,31.2972883,120.5966825,100.0,BUSY,M-L-001,V3
796,796,M-UAV-01,M600,31.3108767,120.6039862,30.5,AVAILABLE,,
796,796,M-UAV-02,M600,31.3062683,120.6025389,30.5,CONTINGENCY,,
797,797,EVTOL-01,EC35,31.3130222,120.5984801,199.9,BUSY,M-P-001,V2
797,797,L-UAV-01,AMZN,31.2973361,120.5968310,100.0,BUSY,M-L-001,V3
797,797,M-UAV-01,M600,31.3108767,120.6039862,30.5,AVAILABLE,,
797,797,M-UAV-02,M600,31.3062683,120.6025389,30.5,CONTINGENCY,,
798,798,EVTOL-01,EC35,31.3128391,120.5981130,199.9,BUSY,M-P-001,V2
798,798,L-UAV-01,AMZN,31.2974196,120.5969559,100.0,BUSY,M-L-001,V3
798,798,M-UAV-01,M600,31.3108767,120.6039862,30.5,AVAILABLE,,
798,798,M-UAV-02,M600,31.3062683,120.6025389,30.5,CONTINGENCY,,
799,799,EVTOL-01,EC35,31.3126217,120.5977724,199.9,BUSY,M-P-001,V2
799,799,L-UAV-01,AMZN,31.2975313,120.5970459,100.0,BUSY,M-L-001,V3
799,799,M-UAV-01,M600,31.3108767,120.6039862,30.5,AVAILABLE,,
799,799,M-UAV-02,M600,31.3062683,120.6025389,30.5,CONTINGENCY,,
800,800,EVTOL-01,EC35,31.3123729,120.5974627,199.9,BUSY,M-P-001,V2
800,800,L-UAV-01,AMZN,31.2976505,120.5971213,100.0,BUSY,M-L-001,V3
800,800,M-UAV-01,M600,31.3108767,120.6039862,30.5,AVAILABLE,,
800,800,M-UAV-02,M600,31.3062683,120.6025389,30.5,CONTINGENCY,,
801,801,EVTOL-01,EC35,31.3120958,120.5971880,199.9,BUSY,M-P-001,V2
801,801,L-UAV-01,AMZN,31.2977697,120.5971968,100.0,BUSY,M-L-001,V3
801,801,M-UAV-01,M600,31.3108767,120.6039862,30.5,AVAILABLE,,
801,801,M-UAV-02,M600,31.3062683,120.6025389,30.5,CONTINGENCY,,
802,802,EVTOL-01,EC35,31.3117939,120.5969516,199.9,BUSY,M-P-001,V2
802,802,L-UAV-01,AMZN,31.2978890,120.5972723,100.0,BUSY,M-L-001,V3
802,802,M-UAV-01,M600,31.3108767,120.6039862,30.5,AVAILABLE,,
802,802,M-UAV-02,M600,31.3062683,120.6025389,30.5,CONTINGENCY,,
803,803,EVTOL-01,EC35,31.3114711,120.5967567,199.9,BUSY,M-P-001,V2
803,803,L-UAV-01,AMZN,31.2980082,120.5973477,100.0,BUSY,M-L-001,V3
803,803,M-UAV-01,M600,31.3108767,120.6039862,30.5,AVAILABLE,,
803,803,M-UAV-02,M600,31.3062683,120.6025389,30.5,CONTINGENCY,,
804,804,EVTOL-01,EC35,31.3111316,120.5966057,199.9,BUSY,M-P-001,V2
804,804,L-UAV-01,AMZN,31.2981274,120.5974232,100.0,BUSY,M-L-001,V3
804,804,M-UAV-01,M600,31.3108767,120.6039862,30.5,AVAILABLE,,
804,804,M-UAV-02,M600,31.3062683,120.6025389,30.5,CONTINGENCY,,
805,805,EVTOL-01,EC35,31.3107797,120.5965006,199.9,BUSY,M-P-001,V2
805,805,L-UAV-01,AMZN,31.2982466,120.5974986,100.0,BUSY,M-L-001,V3
805,805,M-UAV-01,M600,31.3108767,120.6039862,30.5,AVAILABLE,,
805,805,M-UAV-02,M600,31.3062683,120.6025389,30.5,CONTINGENCY,,
806,806,EVTOL-01,EC35,31.3104199,120.5964427,199.9,BUSY,M-P-001,V2
806,806,L-UAV-01,AMZN,31.2983659,120.5975741,100.0,BUSY,M-L-001,V3
806,806,M-UAV-01,M600,31.3108767,120.6039862,30.5,AVAILABLE,,
806,806,M-UAV-02,M600,31.3062683,120.6025389,30.5,CONTINGENCY,,
807,807,EVTOL-01,EC35,31.3100572,120.5964205,199.9,BUSY,M-P-001,V2
807,807,L-UAV-01,AMZN,31.2984851,120.5976495,100.0,BUSY,M-L-001,V3
807,807,M-UAV-01,M600,31.3108767,120.6039862,30.5,AVAILABLE,,
807,807,M-UAV-02,M600,31.3062683,120.6025389,30.5,CONTINGENCY,,
808,808,EVTOL-01,EC35,31.3096945,120.5963984,199.9,BUSY,M-P-001,V2
808,808,L-UAV-01,AMZN,31.2986043,120.5977250,100.0,BUSY,M-L-001,V3
808,808,M-UAV-01,M600,31.3108767,120.6039862,30.5,AVAILABLE,,
808,808,M-UAV-02,M600,31.3062683,120.6025389,30.5,CONTINGENCY,,
809,809,EVTOL-01,EC35,31.3093318,120.5963762,199.9,BUSY,M-P-001,V2
809,809,L-UAV-01,AMZN,31.2987236,120.5978005,100.0,BUSY,M-L-001,V3
809,809,M-UAV-01,M600,31.3108767,120.6039862,30.5,AVAILABLE,,
809,809,M-UAV-02,M600,31.3062683,120.6025389,30.5,CONTINGENCY,,
810,810,EVTOL-01,EC35,31.3089691,120.5963540,199.9,BUSY,M-P-001,V2
810,810,L-UAV-01,AMZN,31.2988428,120.5978759,100.0,BUSY,M-L-001,V3
810,810,M-UAV-01,M600,31.3108767,120.6039862,30.5,AVAILABLE,,
810,810,M-UAV-02,M600,31.3062683,120.6025389,30.5,CONTINGENCY,,
811,811,EVTOL-01,EC35,31.3086064,120.5963318,199.9,BUSY,M-P-001,V2
811,811,L-UAV-01,AMZN,31.2989620,120.5979514,100.0,BUSY,M-L-001,V3
811,811,M-UAV-01,M600,31.3108767,120.6039862,30.5,AVAILABLE,,
811,811,M-UAV-02,M600,31.3062683,120.6025389,30.5,CONTINGENCY,,
812,812,EVTOL-01,EC35,31.3082437,120.5963096,199.9,BUSY,M-P-001,V2
812,812,L-UAV-01,AMZN,31.2990813,120.5980268,100.0,BUSY,M-L-001,V3
812,812,M-UAV-01,M600,31.3108767,120.6039862,30.5,AVAILABLE,,
812,812,M-UAV-02,M600,31.3062683,120.6025389,30.5,CONTINGENCY,,
813,813,EVTOL-01,EC35,31.3078810,120.5962874,199.9,BUSY,M-P-001,V2
813,813,L-UAV-01,AMZN,31.2992005,120.5981023,100.0,BUSY,M-L-001,V3
813,813,M-UAV-01,M600,31.3108767,120.6039862,30.5,AVAILABLE,,
813,813,M-UAV-02,M600,31.3062683,120.6025389,30.5,CONTINGENCY,,
814,814,EVTOL-01,EC35,31.3075183,120.5962652,199.9,BUSY,M-P-001,V2
814,814,L-UAV-01,AMZN,31.2993197,120.5981778,100.0,BUSY,M-L-001,V3
814,814,M-UAV-01,M600,31.3108767,120.6039862,30.5,AVAILABLE,,
814,814,M-UAV-02,M600,31.3062683,120.6025389,30.5,CONTINGENCY,,
815,815,EVTOL-01,EC35,31.3071556,120.5962430,199.9,BUSY,M-P-001,V2
815,815,L-UAV-01,AMZN,31.2994389,120.5982532,100.0,BUSY,M-L-001,V3
815,815,M-UAV-01,M600,31.3108767,120.6039862,30.5,AVAILABLE,,
815,815,M-UAV-02,M600,31.3062683,120.6025389,30.5,CONTINGENCY,,
816,816,EVTOL-01,EC35,31.3067929,120.5962209,199.9,BUSY,M-P-001,V2
816,816,L-UAV-01,AMZN,31.2995582,120.5983287,100.0,BUSY,M-L-001,V3
816,816,M-UAV-01,M600,31.3108767,120.6039862,30.5,AVAILABLE,,
816,816,M-UAV-02,M600,31.3062683,120.6025389,30.5,CONTINGENCY,,
817,817,EVTOL-01,EC35,31.3064302,120.5961987,199.9,BUSY,M-P-001,V2
817,817,L-UAV-01,AMZN,31.2996774,120.5984041,100.0,BUSY,M-L-001,V3
817,817,M-UAV-01,M600,31.3108767,120.6039862,30.5,AVAILABLE,,
817,817,M-UAV-02,M600,31.3062683,120.6025389,30.5,CONTINGENCY,,
818,818,EVTOL-01,EC35,31.3060675,120.5961765,199.9,BUSY,M-P-001,V2
818,818,L-UAV-01,AMZN,31.2997966,120.5984796,100.0,BUSY,M-L-001,V3
818,818,M-UAV-01,M600,31.3108767,120.6039862,30.5,AVAILABLE,,
818,818,M-UAV-02,M600,31.3062683,120.6025389,30.5,CONTINGENCY,,
819,819,EVTOL-01,EC35,31.3057048,120.5961543,199.9,BUSY,M-P-001,V2
819,819,L-UAV-01,AMZN,31.2999159,120.5985551,100.0,BUSY,M-L-001,V3
819,819,M-UAV-01,M600,31.3108767,120.6039862,30.5,AVAILABLE,,
819,819,M-UAV-02,M600,31.3062683,120.6025389,30.5,CONTINGENCY,,
820,820,EVTOL-01,EC35,31.3053422,120.5961321,199.9,BUSY,M-P-001,V2
820,820,L-UAV-01,AMZN,31.3000351,120.5986305,100.0,BUSY,M-L-001,V3
820,820,M-UAV-01,M600,31.3108767,120.6039862,30.5,AVAILABLE,,
820,820,M-UAV-02,M600,31.3062683,120.6025389,30.5,CONTINGENCY,,
821,821,EVTOL-01,EC35,31.3049795,120.5961099,199.9,BUSY,M-P-001,V2
821,821,L-UAV-01,AMZN,31.3001543,120.5987060,100.0,BUSY,M-L-001,V3
821,821,M-UAV-01,M600,31.3108767,120.6039862,30.5,AVAILABLE,,
821,821,M-UAV-02,M600,31.3062683,120.6025389,30.5,CONTINGENCY,,
822,822,EVTOL-01,EC35,31.3046168,120.5960877,199.9,BUSY,M-P-001,V2
822,822,L-UAV-01,AMZN,31.3002735,120.5987814,100.0,BUSY,M-L-001,V3
822,822,M-UAV-01,M600,31.3108767,120.6039862,30.5,AVAILABLE,,
822,822,M-UAV-02,M600,31.3062683,120.6025389,30.5,CONTINGENCY,,
823,823,EVTOL-01,EC35,31.3042541,120.5960655,199.9,BUSY,M-P-001,V2
823,823,L-UAV-01,AMZN,31.3003928,120.5988569,100.0,BUSY,M-L-001,V3
823,823,M-UAV-01,M600,31.3108767,120.6039862,30.5,AVAILABLE,,
823,823,M-UAV-02,M600,31.3062683,120.6025389,30.5,CONTINGENCY,,
824,824,EVTOL-01,EC35,31.3038914,120.5960434,199.9,BUSY,M-P-001,V2
824,824,L-UAV-01,AMZN,31.3005120,120.5989324,100.0,BUSY,M-L-001,V3
824,824,M-UAV-01,M600,31.3108767,120.6039862,30.5,AVAILABLE,,
824,824,M-UAV-02,M600,31.3062683,120.6025389,30.5,CONTINGENCY,,
825,825,EVTOL-01,EC35,31.3035287,120.5960212,199.9,BUSY,M-P-001,V2
825,825,L-UAV-01,AMZN,31.3006312,120.5990078,100.0,BUSY,M-L-001,V3
825,825,M-UAV-01,M600,31.3108767,120.6039862,30.5,AVAILABLE,,
825,825,M-UAV-02,M600,31.3062683,120.6025389,30.5,CONTINGENCY,,
826,826,EVTOL-01,EC35,31.3031660,120.5959990,199.9,BUSY,M-P-001,V2
826,826,L-UAV-01,AMZN,31.3007505,120.5990833,100.0,BUSY,M-L-001,V3
826,826,M-UAV-01,M600,31.3108767,120.6039862,30.5,AVAILABLE,,
826,826,M-UAV-02,M600,31.3062683,120.6025389,30.5,CONTINGENCY,,
827,827,EVTOL-01,EC35,31.3028033,120.5959768,199.9,BUSY,M-P-001,V2
827,827,L-UAV-01,AMZN,31.3008697,120.5991587,100.0,BUSY,M-L-001,V3
827,827,M-UAV-01,M600,31.3108767,120.6039862,30.5,AVAILABLE,,
827,827,M-UAV-02,M600,31.3062683,120.6025389,30.5,CONTINGENCY,,
828,828,EVTOL-01,EC35,31.3024406,120.5959546,199.9,BUSY,M-P-001,V2
828,828,L-UAV-01,AMZN,31.3009889,120.5992342,100.0,BUSY,M-L-001,V3
828,828,M-UAV-01,M600,31.3108767,120.6039862,30.5,AVAILABLE,,
828,828,M-UAV-02,M600,31.3062683,120.6025389,30.5,CONTINGENCY,,
829,829,EVTOL-01,EC35,31.3020779,120.5959324,199.9,BUSY,M-P-001,V2
829,829,L-UAV-01,AMZN,31.3011082,120.5993097,100.0,BUSY,M-L-001,V3
829,829,M-UAV-01,M600,31.3108767,120.6039862,30.5,AVAILABLE,,
829,829,M-UAV-02,M600,31.3062683,120.6025389,30.5,CONTINGENCY,,
830,830,EVTOL-01,EC35,31.3017152,120.5959102,199.9,BUSY,M-P-001,V2
830,830,L-UAV-01,AMZN,31.3012274,120.5993851,100.0,BUSY,M-L-001,V3
830,830,M-UAV-01,M600,31.3108767,120.6039862,30.5,AVAILABLE,,
830,830,M-UAV-02,M600,31.3062683,120.6025389,30.5,CONTINGENCY,,
831,831,EVTOL-01,EC35,31.3013525,120.5958881,199.9,BUSY,M-P-001,V2
831,831,L-UAV-01,AMZN,31.3013466,120.5994606,100.0,BUSY,M-L-001,V3
831,831,M-UAV-01,M600,31.3108767,120.6039862,30.5,AVAILABLE,,
831,831,M-UAV-02,M600,31.3062683,120.6025389,30.5,CONTINGENCY,,
832,832,EVTOL-01,EC35,31.3009898,120.5958659,199.9,BUSY,M-P-001,V2
832,832,L-UAV-01,AMZN,31.3014658,120.5995361,100.0,BUSY,M-L-001,V3
832,832,M-UAV-01,M600,31.3108767,120.6039862,30.5,AVAILABLE,,
832,832,M-UAV-02,M600,31.3062683,120.6025389,30.5,CONTINGENCY,,
833,833,EVTOL-01,EC35,31.3006271,120.5958437,199.9,BUSY,M-P-001,V2
833,833,L-UAV-01,AMZN,31.3015851,120.5996115,100.0,BUSY,M-L-001,V3
833,833,M-UAV-01,M600,31.3108767,120.6039862,30.5,AVAILABLE,,
833,833,M-UAV-02,M600,31.3062683,120.6025389,30.5,CONTINGENCY,,
834,834,EVTOL-01,EC35,31.3002644,120.5958215,199.9,BUSY,M-P-001,V2
834,834,L-UAV-01,AMZN,31.3017043,120.5996870,100.0,BUSY,M-L-001,V3
834,834,M-UAV-01,M600,31.3108767,120.6039862,30.5,AVAILABLE,,
834,834,M-UAV-02,M600,31.3062683,120.6025389,30.5,CONTINGENCY,,
835,835,EVTOL-01,EC35,31.2999017,120.5957993,199.9,BUSY,M-P-001,V2
835,835,L-UAV-01,AMZN,31.3018235,120.5997625,100.0,BUSY,M-L-001,V3
835,835,M-UAV-01,M600,31.3108767,120.6039862,30.5,AVAILABLE,,
835,835,M-UAV-02,M600,31.3062683,120.6025389,30.5,CONTINGENCY,,
836,836,EVTOL-01,EC35,31.2995390,120.5957771,199.9,BUSY,M-P-001,V2
836,836,L-UAV-01,AMZN,31.3019428,120.5998379,100.0,BUSY,M-L-001,V3
836,836,M-UAV-01,M600,31.3108767,120.6039862,30.5,AVAILABLE,,
836,836,M-UAV-02,M600,31.3062683,120.6025389,30.5,CONTINGENCY,,
837,837,EVTOL-01,EC35,31.2991763,120.5957549,199.9,BUSY,M-P-001,V2
837,837,L-UAV-01,AMZN,31.3020620,120.5999134,100.0,BUSY,M-L-001,V3
837,837,M-UAV-01,M600,31.3108767,120.6039862,30.5,AVAILABLE,,
837,837,M-UAV-02,M600,31.3062683,120.6025389,30.5,CONTINGENCY,,
838,838,EVTOL-01,EC35,31.2988136,120.5957328,199.9,BUSY,M-P-001,V2
838,838,L-UAV-01,AMZN,31.3021812,120.5999888,100.0,BUSY,M-L-001,V3
838,838,M-UAV-01,M600,31.3108767,120.6039862,30.5,AVAILABLE,,
838,838,M-UAV-02,M600,31.3062683,120.6025389,30.5,CONTINGENCY,,
839,839,EVTOL-01,EC35,31.2984509,120.5957106,199.9,BUSY,M-P-001,V2
839,839,L-UAV-01,AMZN,31.3023004,120.6000643,100.0,BUSY,M-L-001,V3
839,839,M-UAV-01,M600,31.3108767,120.6039862,30.5,AVAILABLE,,
839,839,M-UAV-02,M600,31.3062683,120.6025389,30.5,CONTINGENCY,,
840,840,EVTOL-01,EC35,31.2980882,120.5956884,199.9,BUSY,M-P-001,V2
840,840,L-UAV-01,AMZN,31.3024197,120.6001398,100.0,BUSY,M-L-001,V3
840,840,M-UAV-01,M600,31.3108767,120.6039862,30.5,AVAILABLE,,
840,840,M-UAV-02,M600,31.3062683,120.6025389,30.5,CONTINGENCY,,
841,841,EVTOL-01,EC35,31.2977256,120.5956662,199.9,BUSY,M-P-001,V1
841,841,L-UAV-01,AMZN,31.3025389,120.6002152,100.0,BUSY,M-L-001,V3
841,841,M-UAV-01,M600,31.3108767,120.6039862,30.5,AVAILABLE,,
841,841,M-UAV-02,M600,31.3062683,120.6025389,30.5,CONTINGENCY,,
842,842,EVTOL-01,EC35,31.2973630,120.5956921,199.9,BUSY,M-P-001,V1
842,842,L-UAV-01,AMZN,31.3026581,120.6002907,100.0,BUSY,M-L-001,V3
842,842,M-UAV-01,M600,31.3108767,120.6039862,30.5,AVAILABLE,,
842,842,M-UAV-02,M600,31.3062683,120.6025389,30.5,CONTINGENCY,,
843,843,EVTOL-01,EC35,31.2970053,120.5957658,199.9,BUSY,M-P-001,V1
843,843,L-UAV-01,AMZN,31.3027774,120.6003662,100.0,BUSY,M-L-001,V3
843,843,M-UAV-01,M600,31.3108767,120.6039862,30.5,AVAILABLE,,
843,843,M-UAV-02,M600,31.3062683,120.6025389,30.5,CONTINGENCY,,
844,844,EVTOL-01,EC35,31.2966571,120.5958863,199.9,BUSY,M-P-001,V1
844,844,L-UAV-01,AMZN,31.3028966,120.6004416,100.0,BUSY,M-L-001,V3
844,844,M-UAV-01,M600,31.3108767,120.6039862,30.5,AVAILABLE,,
844,844,M-UAV-02,M600,31.3062683,120.6025389,30.5,CONTINGENCY,,
845,845,EVTOL-01,EC35,31.2963226,120.5960521,199.9,BUSY,M-P-001,V1
845,845,L-UAV-01,AMZN,31.3030158,120.6005171,100.0,BUSY,M-L-001,V3
845,845,M-UAV-01,M600,31.3108767,120.6039862,30.5,AVAILABLE,,
845,845,M-UAV-02,M600,31.3062683,120.6025389,30.5,CONTINGENCY,,
846,846,EVTOL-01,EC35,31.2960064,120.5962611,199.9,BUSY,M-P-001,V1
846,846,L-UAV-01,AMZN,31.3031350,120.6005926,100.0,BUSY,M-L-001,V3
846,846,M-UAV-01,M600,31.3108767,120.6039862,30.5,AVAILABLE,,
846,846,M-UAV-02,M600,31.3062683,120.6025389,30.5,CONTINGENCY,,
847,847,EVTOL-01,EC35,31.2957123,120.5965105,199.9,BUSY,M-P-001,V1
847,847,L-UAV-01,AMZN,31.3032543,120.6006680,100.0,BUSY,M-L-001,V3
847,847,M-UAV-01,M600,31.3108767,120.6039862,30.5,AVAILABLE,,
847,847,M-UAV-02,M600,31.3062683,120.6025389,30.5,CONTINGENCY,,
848,848,EVTOL-01,EC35,31.2954442,120.5967973,199.9,BUSY,M-P-001,V1
848,848,L-UAV-01,AMZN,31.3033735,120.6007435,100.0,BUSY,M-L-001,V3
848,848,M-UAV-01,M600,31.3108767,120.6039862,30.5,AVAILABLE,,
848,848,M-UAV-02,M600,31.3062683,120.6025389,30.5,CONTINGENCY,,
849,849,EVTOL-01,EC35,31.2952055,120.5971176,199.9,BUSY,M-P-001,V1
849,849,L-UAV-01,AMZN,31.3034927,120.6008190,100.0,BUSY,M-L-001,V3
849,849,M-UAV-01,M600,31.3108767,120.6039862,30.5,AVAILABLE,,
849,849,M-UAV-02,M600,31.3062683,120.6025389,30.5,CONTINGENCY,,
850,850,EVTOL-01,EC35,31.2949993,120.5974674,199.9,BUSY,M-P-001,V1
850,850,L-UAV-01,AMZN,31.3036120,120.6008944,100.0,BUSY,M-L-001,V3
850,850,M-UAV-01,M600,31.3108767,120.6039862,30.5,AVAILABLE,,
850,850,M-UAV-02,M600,31.3062683,120.6025389,30.5,CONTINGENCY,,
851,851,EVTOL-01,EC35,31.2948281,120.5978423,199.9,BUSY,M-P-001,V1
851,851,L-UAV-01,AMZN,31.3037312,120.6009699,100.0,BUSY,M-L-001,V3
851,851,M-UAV-01,M600,31.3108767,120.6039862,30.5,AVAILABLE,,
851,851,M-UAV-02,M600,31.3062683,120.6025389,30.5,CONTINGENCY,,
852,852,EVTOL-01,EC35,31.2946943,120.5982374,199.9,BUSY,M-P-001,V1
852,852,L-UAV-01,AMZN,31.3038504,120.6010454,100.0,BUSY,M-L-001,V3
852,852,M-UAV-01,M600,31.3108767,120.6039862,30.5,AVAILABLE,,
852,852,M-UAV-02,M600,31.3062683,120.6025389,30.5,CONTINGENCY,,
853,853,EVTOL-01,EC35,31.2945994,120.5986477,199.9,BUSY,M-P-001,V1
853,853,L-UAV-01,AMZN,31.3039696,120.6011208,100.0,BUSY,M-L-001,V3
853,853,M-UAV-01,M600,31.3108767,120.6039862,30.5,AVAILABLE,,
853,853,M-UAV-02,M600,31.3062683,120.6025389,30.5,CONTINGENCY,,
854,854,EVTOL-01,EC35,31.2945448,120.5990679,199.9,BUSY,M-P-001,V1
854,854,L-UAV-01,AMZN,31.3040889,120.6011963,100.0,BUSY,M-L-001,V3
854,854,M-UAV-01,M600,31.3108767,120.6039862,30.5,AVAILABLE,,
854,854,M-UAV-02,M600,31.3062683,120.6025389,30.5,CONTINGENCY,,
855,855,EVTOL-01,EC35,31.2945311,120.5994926,199.9,BUSY,M-P-001,V1
855,855,L-UAV-01,AMZN,31.3042081,120.6012718,100.0,BUSY,M-L-001,V3
855,855,M-UAV-01,M600,31.3108767,120.6039862,30.5,AVAILABLE,,
855,855,M-UAV-02,M600,31.3062683,120.6025389,30.5,CONTINGENCY,,
856,856,EVTOL-01,EC35,31.2945585,120.5999165,199.9,BUSY,M-P-001,V1
856,856,L-UAV-01,AMZN,31.3043273,120.6013472,100.0,BUSY,M-L-001,V3
856,856,M-UAV-01,M600,31.3108767,120.6039862,30.5,AVAILABLE,,
856,856,M-UAV-02,M600,31.3062683,120.6025389,30.5,CONTINGENCY,,
857,857,EVTOL-01,EC35,31.2946266,120.6003339,199.9,BUSY,M-P-001,V1
857,857,L-UAV-01,AMZN,31.3044465,120.6014227,100.0,BUSY,M-L-001,V3
857,857,M-UAV-01,M600,31.3108767,120.6039862,30.5,AVAILABLE,,
857,857,M-UAV-02,M600,31.3062683,120.6025389,30.5,CONTINGENCY,,
858,858,EVTOL-01,EC35,31.2947346,120.6007397,199.9,BUSY,M-P-001,V1
858,858,L-UAV-01,AMZN,31.3045658,120.6014982,100.0,BUSY,M-L-001,V3
858,858,M-UAV-01,M600,31.3108767,120.6039862,30.5,AVAILABLE,,
858,858,M-UAV-02,M600,31.3062683,120.6025389,30.5,CONTINGENCY,,
859,859,EVTOL-01,EC35,31.2948811,120.6011287,199.9,BUSY,M-P-001,V1
859,859,L-UAV-01,AMZN,31.3046850,120.6015736,100.0,BUSY,M-L-001,V3
859,859,M-UAV-01,M600,31.3108767,120.6039862,30.5,AVAILABLE,,
859,859,M-UAV-02,M600,31.3062683,120.6025389,30.5,CONTINGENCY,,
860,860,EVTOL-01,EC35,31.2950642,120.6014957,199.9,BUSY,M-P-001,V1
860,860,L-UAV-01,AMZN,31.3048042,120.6016491,100.0,BUSY,M-L-001,V3
860,860,M-UAV-01,M600,31.3108767,120.6039862,30.5,AVAILABLE,,
860,860,M-UAV-02,M600,31.3062683,120.6025389,30.5,CONTINGENCY,,
861,861,EVTOL-01,EC35,31.2952816,120.6018362,199.9,BUSY,M-P-001,V1
861,861,L-UAV-01,AMZN,31.3049235,120.6017246,100.0,BUSY,M-L-001,V3
861,861,M-UAV-01,M600,31.3108767,120.6039862,30.5,AVAILABLE,,
861,861,M-UAV-02,M600,31.3062683,120.6025389,30.5,CONTINGENCY,,
862,862,EVTOL-01,EC35,31.2955305,120.6021458,199.9,BUSY,M-P-001,V1
862,862,L-UAV-01,AMZN,31.3050427,120.6018000,100.0,BUSY,M-L-001,V3
862,862,M-UAV-01,M600,31.3108767,120.6039862,30.5,AVAILABLE,,
862,862,M-UAV-02,M600,31.3062683,120.6025389,30.5,CONTINGENCY,,
863,863,EVTOL-01,EC35,31.2958076,120.6024205,199.9,BUSY,M-P-001,V1
863,863,L-UAV-01,AMZN,31.3051619,120.6018755,100.0,BUSY,M-L-001,V3
863,863,M-UAV-01,M600,31.3108767,120.6039862,30.5,AVAILABLE,,
863,863,M-UAV-02,M600,31.3062683,120.6025389,30.5,CONTINGENCY,,
864,864,EVTOL-01,EC35,31.2961095,120.6026567,199.9,BUSY,M-P-001,V1
864,864,L-UAV-01,AMZN,31.3052811,120.6019510,100.0,BUSY,M-L-001,V3
864,864,M-UAV-01,M600,31.3108767,120.6039862,30.5,AVAILABLE,,
864,864,M-UAV-02,M600,31.3062683,120.6025389,30.5,CONTINGENCY,,
865,865,EVTOL-01,EC35,31.2964323,120.6028516,199.9,BUSY,M-P-001,V1
865,865,L-UAV-01,AMZN,31.3054004,120.6020264,100.0,BUSY,M-L-001,V3
865,865,M-UAV-01,M600,31.3108767,120.6039862,30.5,AVAILABLE,,
865,865,M-UAV-02,M600,31.3062683,120.6025389,30.5,CONTINGENCY,,
866,866,EVTOL-01,EC35,31.2967718,120.6030025,199.9,BUSY,M-P-001,V1
866,866,L-UAV-01,AMZN,31.3055196,120.6021019,100.0,BUSY,M-L-001,V3
866,866,M-UAV-01,M600,31.3108767,120.6039862,30.5,AVAILABLE,,
866,866,M-UAV-02,M600,31.3062683,120.6025389,30.5,CONTINGENCY,,
867,867,EVTOL-01,EC35,31.2971237,120.6031076,199.9,BUSY,M-P-001,V1
867,867,L-UAV-01,AMZN,31.3056388,120.6021774,100.0,BUSY,M-L-001,V3
867,867,M-UAV-01,M600,31.3108767,120.6039862,30.5,AVAILABLE,,
867,867,M-UAV-02,M600,31.3062683,120.6025389,30.5,CONTINGENCY,,
868,868,EVTOL-01,EC35,31.2974836,120.6031654,199.9,BUSY,M-P-001,V1
868,868,L-UAV-01,AMZN,31.3057580,120.6022529,100.0,BUSY,M-L-001,V3
868,868,M-UAV-01,M600,31.3108767,120.6039862,30.5,AVAILABLE,,
868,868,M-UAV-02,M600,31.3062683,120.6025389,30.5,CONTINGENCY,,
869,869,EVTOL-01,EC35,31.2978463,120.6031876,199.9,BUSY,M-P-001,V1
869,869,L-UAV-01,AMZN,31.3058773,120.6023283,100.0,BUSY,M-L-001,V2
869,869,M-UAV-01,M600,31.3108767,120.6039862,30.5,AVAILABLE,,
869,869,M-UAV-02,M600,31.3062683,120.6025389,30.5,CONTINGENCY,,
870,870,EVTOL-01,EC35,31.2982089,120.6032098,199.9,BUSY,M-P-001,V1
870,870,L-UAV-01,AMZN,31.3060103,120.6023587,100.0,BUSY,M-L-001,V2
870,870,M-UAV-01,M600,31.3108767,120.6039862,30.5,AVAILABLE,,
870,870,M-UAV-02,M600,31.3062683,120.6025389,30.5,CONTINGENCY,,
871,871,EVTOL-01,EC35,31.2985716,120.6032321,199.9,BUSY,M-P-001,V1
871,871,L-UAV-01,AMZN,31.3061450,120.6023411,100.0,BUSY,M-L-001,V2
871,871,M-UAV-01,M600,31.3108767,120.6039862,30.5,AVAILABLE,,
871,871,M-UAV-02,M600,31.3062683,120.6025389,30.5,CONTINGENCY,,
872,872,EVTOL-01,EC35,31.2989343,120.6032543,199.9,BUSY,M-P-001,V1
872,872,L-UAV-01,AMZN,31.3062691,120.6022772,100.0,BUSY,M-L-001,V2
872,872,M-UAV-01,M600,31.3108767,120.6039862,30.5,AVAILABLE,,
872,872,M-UAV-02,M600,31.3062683,120.6025389,30.5,CONTINGENCY,,
873,873,EVTOL-01,EC35,31.2992970,120.6032765,199.9,BUSY,M-P-001,V1
873,873,L-UAV-01,AMZN,31.3063712,120.6021728,100.0,BUSY,M-L-001,V2
873,873,M-UAV-01,M600,31.3108767,120.6039862,30.5,AVAILABLE,,
873,873,M-UAV-02,M600,31.3062683,120.6025389,30.5,CONTINGENCY,,
874,874,EVTOL-01,EC35,31.2996597,120.6032987,199.9,BUSY,M-P-001,V1
874,874,L-UAV-01,AMZN,31.3064420,120.6020376,100.0,BUSY,M-L-001,V2
874,874,M-UAV-01,M600,31.3108767,120.6039862,30.5,AVAILABLE,,
874,874,M-UAV-02,M600,31.3062683,120.6025389,30.5,CONTINGENCY,,
875,875,EVTOL-01,EC35,31.3000224,120.6033210,199.9,BUSY,M-P-001,V1
875,875,L-UAV-01,AMZN,31.3064750,120.6018837,100.0,BUSY,M-L-001,V2
875,875,M-UAV-01,M600,31.3108767,120.6039862,30.5,AVAILABLE,,
875,875,M-UAV-02,M600,31.3062683,120.6025389,30.5,CONTINGENCY,,
876,876,EVTOL-01,EC35,31.3003851,120.6033432,199.9,BUSY,M-P-001,V1
876,876,L-UAV-01,AMZN,31.3064673,120.6017253,100.0,BUSY,M-L-001,V2
876,876,M-UAV-01,M600,31.3108767,120.6039862,30.5,AVAILABLE,,
876,876,M-UAV-02,M600,31.3062683,120.6025389,30.5,CONTINGENCY,,
877,877,EVTOL-01,EC35,31.3007478,120.6033654,199.9,BUSY,M-P-001,V1
877,877,L-UAV-01,AMZN,31.3064195,120.6015769,100.0,BUSY,M-L-001,V2
877,877,M-UAV-01,M600,31.3108767,120.6039862,30.5,AVAILABLE,,
877,877,M-UAV-02,M600,31.3062683,120.6025389,30.5,CONTINGENCY,,
878,878,EVTOL-01,EC35,31.3011105,120.6033876,199.9,BUSY,M-P-001,V1
878,878,L-UAV-01,AMZN,31.3063359,120.6014519,100.0,BUSY,M-L-001,V2
878,878,M-UAV-01,M600,31.3108767,120.6039862,30.5,AVAILABLE,,
878,878,M-UAV-02,M600,31.3062683,120.6025389,30.5,CONTINGENCY,,
879,879,EVTOL-01,EC35,31.3014732,120.6034099,199.9,BUSY,M-P-001,V1
879,879,L-UAV-01,AMZN,31.3062243,120.6013619,100.0,BUSY,M-L-001,V2
879,879,M-UAV-01,M600,31.3108767,120.6039862,30.5,AVAILABLE,,
879,879,M-UAV-02,M600,31.3062683,120.6025389,30.5,CONTINGENCY,,
880,880,EVTOL-01,EC35,31.3018359,120.6034321,199.9,BUSY,M-P-001,V1
880,880,L-UAV-01,AMZN,31.3061051,120.6012864,100.0,BUSY,M-L-001,V2
880,880,M-UAV-01,M600,31.3108767,120.6039862,30.5,AVAILABLE,,
880,880,M-UAV-02,M600,31.3062683,120.6025389,30.5,CONTINGENCY,,
881,881,EVTOL-01,EC35,31.3021986,120.6034543,199.9,BUSY,M-P-001,V1
881,881,L-UAV-01,AMZN,31.3059858,120.6012110,100.0,BUSY,M-L-001,V2
881,881,M-UAV-01,M600,31.3108767,120.6039862,30.5,AVAILABLE,,
881,881,M-UAV-02,M600,31.3062683,120.6025389,30.5,CONTINGENCY,,
882,882,EVTOL-01,EC35,31.3025613,120.6034765,199.9,BUSY,M-P-001,V1
882,882,L-UAV-01,AMZN,31.3058666,120.6011355,100.0,BUSY,M-L-001,V2
882,882,M-UAV-01,M600,31.3108767,120.6039862,30.5,AVAILABLE,,
882,882,M-UAV-02,M600,31.3062683,120.6025389,30.5,CONTINGENCY,,
883,883,EVTOL-01,EC35,31.3029240,120.6034988,199.9,BUSY,M-P-001,V1
883,883,L-UAV-01,AMZN,31.3057474,120.6010600,100.0,BUSY,M-L-001,V2
883,883,M-UAV-01,M600,31.3108767,120.6039862,30.5,AVAILABLE,,
883,883,M-UAV-02,M600,31.3062683,120.6025389,30.5,CONTINGENCY,,
884,884,EVTOL-01,EC35,31.3032867,120.6035210,199.9,BUSY,M-P-001,V1
884,884,L-UAV-01,AMZN,31.3056282,120.6009846,100.0,BUSY,M-L-001,V2
884,884,M-UAV-01,M600,31.3108767,120.6039862,30.5,AVAILABLE,,
884,884,M-UAV-02,M600,31.3062683,120.6025389,30.5,CONTINGENCY,,
885,885,EVTOL-01,EC35,31.3036493,120.6035432,199.9,BUSY,M-P-001,V1
885,885,L-UAV-01,AMZN,31.3055089,120.6009091,100.0,BUSY,M-L-001,V2
885,885,M-UAV-01,M600,31.3108767,120.6039862,30.5,AVAILABLE,,
885,885,M-UAV-02,M600,31.3062683,120.6025389,30.5,CONTINGENCY,,
886,886,EVTOL-01,EC35,31.3040120,120.6035654,199.9,BUSY,M-P-001,V1
886,886,L-UAV-01,AMZN,31.3053897,120.6008336,100.0,BUSY,M-L-001,V2
886,886,M-UAV-01,M600,31.3108767,120.6039862,30.5,AVAILABLE,,
886,886,M-UAV-02,M600,31.3062683,120.6025389,30.5,CONTINGENCY,,
887,887,EVTOL-01,EC35,31.3043747,120.6035877,199.9,BUSY,M-P-001,V1
887,887,L-UAV-01,AMZN,31.3052705,120.6007582,100.0,BUSY,M-L-001,V2
887,887,M-UAV-01,M600,31.3108767,120.6039862,30.5,AVAILABLE,,
887,887,M-UAV-02,M600,31.3062683,120.6025389,30.5,CONTINGENCY,,
888,888,EVTOL-01,EC35,31.3047374,120.6036099,199.9,BUSY,M-P-001,V1
888,888,L-UAV-01,AMZN,31.3051512,120.6006827,100.0,BUSY,M-L-001,V2
888,888,M-UAV-01,M600,31.3108767,120.6039862,30.5,AVAILABLE,,
888,888,M-UAV-02,M600,31.3062683,120.6025389,30.5,CONTINGENCY,,
889,889,EVTOL-01,EC35,31.3051001,120.6036321,199.9,BUSY,M-P-001,V1
889,889,L-UAV-01,AMZN,31.3050320,120.6006072,100.0,BUSY,M-L-001,V2
889,889,M-UAV-01,M600,31.3108767,120.6039862,30.5,AVAILABLE,,
889,889,M-UAV-02,M600,31.3062683,120.6025389,30.5,CONTINGENCY,,
890,890,EVTOL-01,EC35,31.3054628,120.6036544,199.9,BUSY,M-P-001,V1
890,890,L-UAV-01,AMZN,31.3049128,120.6005318,100.0,BUSY,M-L-001,V2
890,890,M-UAV-01,M600,31.3108767,120.6039862,30.5,AVAILABLE,,
890,890,M-UAV-02,M600,31.3062683,120.6025389,30.5,CONTINGENCY,,
891,891,EVTOL-01,EC35,31.3058255,120.6036766,199.9,BUSY,M-P-001,V1
891,891,L-UAV-01,AMZN,31.3047936,120.6004563,100.0,BUSY,M-L-001,V2
891,891,M-UAV-01,M600,31.3108767,120.6039862,30.5,AVAILABLE,,
891,891,M-UAV-02,M600,31.3062683,120.6025389,30.5,CONTINGENCY,,
892,892,EVTOL-01,EC35,31.3061882,120.6036988,199.9,BUSY,M-P-001,V1
892,892,L-UAV-01,AMZN,31.3046743,120.6003808,100.0,BUSY,M-L-001,V2
892,892,M-UAV-01,M600,31.3108767,120.6039862,30.5,AVAILABLE,,
892,892,M-UAV-02,M600,31.3062683,120.6025389,30.5,CONTINGENCY,,
893,893,EVTOL-01,EC35,31.3065509,120.6037210,199.9,BUSY,M-P-001,V1
893,893,L-UAV-01,AMZN,31.3045551,120.6003054,100.0,BUSY,M-L-001,V2
893,893,M-UAV-01,M600,31.3108767,120.6039862,30.5,AVAILABLE,,
893,893,M-UAV-02,M600,31.3062683,120.6025389,30.5,CONTINGENCY,,
894,894,EVTOL-01,EC35,31.3069136,120.6037433,199.9,BUSY,M-P-001,V1
894,894,L-UAV-01,AMZN,31.3044359,120.6002299,100.0,BUSY,M-L-001,V2
894,894,M-UAV-01,M600,31.3108767,120.6039862,30.5,AVAILABLE,,
894,894,M-UAV-02,M600,31.3062683,120.6025389,30.5,CONTINGENCY,,
895,895,EVTOL-01,EC35,31.3072763,120.6037655,199.9,BUSY,M-P-001,V1
895,895,L-UAV-01,AMZN,31.3043166,120.6001544,100.0,BUSY,M-L-001,V2
895,895,M-UAV-01,M600,31.3108767,120.6039862,30.5,AVAILABLE,,
895,895,M-UAV-02,M600,31.3062683,120.6025389,30.5,CONTINGENCY,,
896,896,EVTOL-01,EC35,31.3076390,120.6037877,199.9,BUSY,M-P-001,V1
896,896,L-UAV-01,AMZN,31.3041974,120.6000790,100.0,BUSY,M-L-001,V2
896,896,M-UAV-01,M600,31.3108767,120.6039862,30.5,AVAILABLE,,
896,896,M-UAV-02,M600,31.3062683,120.6025389,30.5,CONTINGENCY,,
897,897,EVTOL-01,EC35,31.3080017,120.6038099,199.9,BUSY,M-P-001,V1
897,897,L-UAV-01,AMZN,31.3040782,120.6000035,100.0,BUSY,M-L-001,V2
897,897,M-UAV-01,M600,31.3108767,120.6039862,30.5,AVAILABLE,,
897,897,M-UAV-02,M600,31.3062683,120.6025389,30.5,CONTINGENCY,,
898,898,EVTOL-01,EC35,31.3083644,120.6038322,199.9,BUSY,M-P-001,V1
898,898,L-UAV-01,AMZN,31.3039590,120.5999280,100.0,BUSY,M-L-001,V2
898,898,M-UAV-01,M600,31.3108767,120.6039862,30.5,AVAILABLE,,
898,898,M-UAV-02,M600,31.3062683,120.6025389,30.5,CONTINGENCY,,
899,899,EVTOL-01,EC35,31.3087271,120.6038544,199.9,BUSY,M-P-001,V1
899,899,L-UAV-01,AMZN,31.3038397,120.5998526,100.0,BUSY,M-L-001,V2
899,899,M-UAV-01,M600,31.3108767,120.6039862,30.5,AVAILABLE,,
899,899,M-UAV-02,M600,31.3062683,120.6025389,30.5,CONTINGENCY,,
900,900,EVTOL-01,EC35,31.3090898,120.6038766,199.9,BUSY,M-P-001,V1
900,900,L-UAV-01,AMZN,31.3037205,120.5997771,100.0,BUSY,M-L-001,V2
900,900,M-UAV-01,M600,31.3108767,120.6039862,30.5,AVAILABLE,,
900,900,M-UAV-02,M600,31.3062683,120.6025389,30.5,CONTINGENCY,,
