t,sim_time_s,aircraft_id,type,lat,lon,alt_m,status,mission_id,dest
1,1,EVTOL-01,EC35,31.3001354,120.5974389,199.9,BUSY,M-P-001,V1
1,1,L-UAV-01,AMZN,31.2982325,120.5964378,100.0,BUSY,M-L-001,V3
1,1,M-UAV-01,M600,31.3108767,120.6039862,98.5,AVAILABLE,,
1,1,M-UAV-02,M600,31.2971716,120.5956323,98.5,AVAILABLE,,
2,2,EVTOL-01,EC35,31.3004577,120.5976353,199.9,BUSY,M-P-001,V1
2,2,L-UAV-01,AMZN,31.2983464,120.5965243,100.0,BUSY,M-L-001,V3
2,2,M-UAV-01,M600,31.3108767,120.6039862,95.4,AVAILABLE,,
2,2,M-UAV-02,M600,31.2971716,120.5956323,95.4,AVAILABLE,,
3,3,EVTOL-01,EC35,31.3007801,120.5978318,199.9,BUSY,M-P-001,V1
3,3,L-UAV-01,AMZN,31.2984603,120.5966107,100.0,BUSY,M-L-001,V3
3,3,M-UAV-01,M600,31.3108767,120.6039862,90.8,AVAILABLE,,
3,3,M-UAV-02,M600,31.2971716,120.5956323,90.8,AVAILABLE,,
4,4,EVTOL-01,EC35,31.3011024,120.5980282,199.9,BUSY,M-P-001,V1
4,4,L-UAV-01,AMZN,31.2985742,120.5966972,100.0,BUSY,M-L-001,V3
4,4,M-UAV-01,M600,31.3108767,120.6039862,84.7,AVAILABLE,,
4,4,M-UAV-02,M600,31.2971716,120.5956323,84.7,AVAILABLE,,
5,5,EVTOL-01,EC35,31.3014247,120.5982247,199.9,BUSY,M-P-001,V1
5,5,L-UAV-01,AMZN,31.2986880,120.5967837,100.0,BUSY,M-L-001,V3
5,5,M-UAV-01,M600,31.3108767,120.6039862,77.1,AVAILABLE,,
5,5,M-UAV-02,M600,31.2971716,120.5956323,77.1,AVAILABLE,,
6,6,EVTOL-01,EC35,31.3017470,120.5984211,199.9,BUSY,M-P-001,V1
6,6,L-UAV-01,AMZN,31.2988019,120.5968701,100.0,BUSY,M-L-001,V3
6,6,M-UAV-01,M600,31.3108767,120.6039862,69.5,AVAILABLE,,
6,6,M-UAV-02,M600,31.2971716,120.5956323,69.5,AVAILABLE,,
7,7,EVTOL-01,EC35,31.3020693,120.5986176,199.9,BUSY,M-P-001,V1
7,7,L-UAV-01,AMZN,31.2989158,120.5969566,100.0,BUSY,M-L-001,V3
7,7,M-UAV-01,M600,31.3108767,120.6039862,61.9,AVAILABLE,,
7,7,M-UAV-02,M600,31.2971716,120.5956323,61.9,AVAILABLE,,
8,8,EVTOL-01,EC35,31.3023917,120.5988140,199.9,BUSY,M-P-001,V1
8,8,L-UAV-01,AMZN,31.2990297,120.5970430,100.0,BUSY,M-L-001,V3
8,8,M-UAV-01,M600,31.3108767,120.6039862,54.3,AVAILABLE,,
8,8,M-UAV-02,M600,31.2971716,120.5956323,54.3,AVAILABLE,,
9,9,EVTOL-01,EC35,31.3027140,120.5990105,199.9,BUSY,M-P-001,V1
9,9,L-UAV-01,AMZN,31.2991436,120.5971295,100.0,BUSY,M-L-001,V3
9,9,M-UAV-01,M600,31.3108767,120.6039862,46.6,AVAILABLE,,
9,9,M-UAV-02,M600,31.2971716,120.5956323,46.6,AVAILABLE,,
10,10,EVTOL-01,EC35,31.3030363,120.5992069,199.9,BUSY,M-P-001,V1
10,10,L-UAV-01,AMZN,31.2992574,120.5972159,100.0,BUSY,M-L-001,V3
10,10,M-UAV-01,M600,31.3108767,120.6039862,39.0,AVAILABLE,,
10,10,M-UAV-02,M600,31.2971716,120.5956323,39.0,AVAILABLE,,
11,11,EVTOL-01,EC35,31.3033586,120.5994034,199.9,BUSY,M-P-001,V1
11,11,L-UAV-01,AMZN,31.2993713,120.5973024,100.0,BUSY,M-L-001,V3
11,11,M-UAV-01,M600,31.3108767,120.6039862,31.4,AVAILABLE,,
11,11,M-UAV-02,M600,31.2971716,120.5956323,31.4,AVAILABLE,,
12,12,EVTOL-01,EC35,31.3036809,120.5995998,199.9,BUSY,M-P-001,V1
12,12,L-UAV-01,AMZN,31.2994852,120.5973889,100.0,BUSY,M-L-001,V3
12,12,M-UAV-01,M600,31.3108767,120.6039862,30.5,AVAILABLE,,
12,12,M-UAV-02,M600,31.2971716,120.5956323,30.5,AVAILABLE,,
13,13,EVTOL-01,EC35,31.3040033,120.5997963,199.9,BUSY,M-P-001,V1
13,13,L-UAV-01,AMZN,31.2995991,120.5974753,100.0,BUSY,M-L-001,V3
13,13,M-UAV-01,M600,31.3108767,120.6039862,30.5,AVAILABLE,,
13,13,M-UAV-02,M600,31.2971716,120.5956323,30.5,AVAILABLE,,
14,14,EVTOL-01,EC35,31.3043256,120.5999928,199.9,BUSY,M-P-001,V1
14,14,L-UAV-01,AMZN,31.2997130,120.5975618,100.0,BUSY,M-L-001,V3
14,14,M-UAV-01,M600,31.3108767,120.6039862,30.5,AVAILABLE,,
14,14,M-UAV-02,M600,31.2971716,120.5956323,30.5,AVAILABLE,,
15,15,EVTOL-01,EC35,31.3046479,120.6001892,199.9,BUSY,M-P-001,V1
15,15,L-UAV-01,AMZN,31.2998269,120.5976482,100.0,BUSY,M-L-001,V3
15,15,M-UAV-01,M600,31.3108767,120.6039862,30.5,AVAILABLE,,
15,15,M-UAV-02,M600,31.2971716,120.5956323,30.5,AVAILABLE,,
16,16,EVTOL-01,EC35,31.3049702,120.6003857,199.9,BUSY,M-P-001,V1
16,16,L-UAV-01,AMZN,31.2999407,120.5977347,100.0,BUSY,M-L-001,V3
16,16,M-UAV-01,M600,31.3108767,120.6039862,30.5,AVAILABLE,,
16,16,M-UAV-02,M600,31.2971716,120.5956323,30.5,AVAILABLE,,
17,17,EVTOL-01,EC35,31.3052925,120.6005821,199.9,BUSY,M-P-001,V1
17,17,L-UAV-01,AMZN,31.3000546,120.5978211,100.0,BUSY,M-L-001,V3
17,17,M-UAV-01,M600,31.3108767,120.6039862,30.5,AVAILABLE,,
17,17,M-UAV-02,M600,31.2971716,120.5956323,30.5,AVAILABLE,,
18,18,EVTOL-01,EC35,31.3056148,120.6007786,199.9,BUSY,M-P-001,V1
18,18,L-UAV-01,AMZN,31.3001685,120.5979076,100.0,BUSY,M-L-001,V3
18,18,M-UAV-01,M600,31.3108767,120.6039862,30.5,AVAILABLE,,
18,18,M-UAV-02,M600,31.2971716,120.5956323,30.5,AVAILABLE,,
19,19,EVTOL-01,EC35,31.3059371,120.6009751,199.9,BUSY,M-P-001,V1
19,19,L-UAV-01,AMZN,31.3002824,120.5979941,100.0,BUSY,M-L-001,V3
19,19,M-UAV-01,M600,31.3108767,120.6039862,30.5,AVAILABLE,,
19,19,M-UAV-02,M600,31.2971716,120.5956323,30.5,AVAILABLE,,
20,20,EVTOL-01,EC35,31.3062595,120.6011715,199.9,BUSY,M-P-001,V1
20,20,L-UAV-01,AMZN,31.3003963,120.5980805,100.0,BUSY,M-L-001,V3
20,20,M-UAV-01,M600,31.3108767,120.6039862,30.5,AVAILABLE,,
20,20,M-UAV-02,M600,31.2971716,120.5956323,30.5,AVAILABLE,,
21,21,EVTOL-01,EC35,31.3065818,120.6013680,199.9,BUSY,M-P-001,V1
21,21,L-UAV-01,AMZN,31.3005101,120.5981670,100.0,BUSY,M-L-001,V3
21,21,M-UAV-01,M600,31.3108767,120.6039862,30.5,AVAILABLE,,
21,21,M-UAV-02,M600,31.2971716,120.5956323,30.5,AVAILABLE,,
22,22,EVTOL-01,EC35,31.3069041,120.6015645,199.9,BUSY,M-P-001,V1
22,22,L-UAV-01,AMZN,31.3006240,120.5982534,100.0,BUSY,M-L-001,V3
22,22,M-UAV-01,M600,31.3108767,120.6039862,30.5,AVAILABLE,,
22,22,M-UAV-02,M600,31.2971716,120.5956323,30.5,AVAILABLE,,
23,23,EVTOL-01,EC35,31.3072264,120.6017609,199.9,BUSY,M-P-001,V1
23,23,L-UAV-01,AMZN,31.3007379,120.5983399,100.0,BUSY,M-L-001,V3
23,23,M-UAV-01,M600,31.3108767,120.6039862,30.5,AVAILABLE,,
23,23,M-UAV-02,M600,31.2971716,120.5956323,30.5,AVAILABLE,,
24,24,EVTOL-01,EC35,31.3075487,120.6019574,199.9,BUSY,M-P-001,V1
24,24,L-UAV-01,AMZN,31.3008518,120.5984264,100.0,BUSY,M-L-001,V3
24,24,M-UAV-01,M600,31.3108767,120.6039862,30.5,AVAILABLE,,
24,24,M-UAV-02,M600,31.2971716,120.5956323,30.5,AVAILABLE,,
25,25,EVTOL-01,EC35,31.3078710,120.6021539,199.9,BUSY,M-P-001,V1
25,25,L-UAV-01,AMZN,31.3009657,120.5985128,100.0,BUSY,M-L-001,V3
25,25,M-UAV-01,M600,31.3108767,120.6039862,30.5,AVAILABLE,,
25,25,M-UAV-02,M600,31.2971716,120.5956323,30.5,AVAILABLE,,
26,26,EVTOL-01,EC35,31.3081934,120.6023504,199.9,BUSY,M-P-001,V1
26,26,L-UAV-01,AMZN,31.3010795,120.5985993,100.0,BUSY,M-L-001,V3
26,26,M-UAV-01,M600,31.3108767,120.6039862,30.5,AVAILABLE,,
26,26,M-UAV-02,M600,31.2971716,120.5956323,30.5,AVAILABLE,,
27,27,EVTOL-01,EC35,31.3085157,120.6025468,199.9,BUSY,M-P-001,V1
27,27,L-UAV-01,AMZN,31.3011934,120.5986857,100.0,BUSY,M-L-001,V3
27,27,M-UAV-01,M600,31.3108767,120.6039862,30.5,AVAILABLE,,
27,27,M-UAV-02,M600,31.2971716,120.5956323,30.5,AVAILABLE,,
28,28,EVTOL-01,EC35,31.3088380,120.6027433,199.9,BUSY,M-P-001,V1
28,28,L-UAV-01,AMZN,31.3013073,120.5987722,100.0,BUSY,M-L-001,V3
28,28,M-UAV-01,M600,31.3108767,120.6039862,30.5,AVAILABLE,,
28,28,M-UAV-02,M600,31.2971716,120.5956323,30.5,AVAILABLE,,
29,29,EVTOL-01,EC35,31.3091603,120.6029398,199.9,BUSY,M-P-001,V1
29,29,L-UAV-01,AMZN,31.3014212,120.5988587,100.0,BUSY,M-L-001,V3
29,29,M-UAV-01,M600,31.3108767,120.6039862,30.5,AVAILABLE,,
29,29,M-UAV-02,M600,31.2971716,120.5956323,30.5,AVAILABLE,,
30,30,EVTOL-01,EC35,31.3094826,120.6031363,199.9,BUSY,M-P-001,V1
30,30,L-UAV-01,AMZN,31.3015351,120.5989451,100.0,BUSY,M-L-001,V3
30,30,M-UAV-01,M600,31.3108767,120.6039862,30.5,AVAILABLE,,
30,30,M-UAV-02,M600,31.2971716,120.5956323,30.5,AVAILABLE,,
31,31,EVTOL-01,EC35,31.3098049,120.6033328,199.9,BUSY,M-P-001,V1
31,31,L-UAV-01,AMZN,31.3016489,120.5990316,100.0,BUSY,M-L-001,V3
31,31,M-UAV-01,M600,31.3108767,120.6039862,30.5,AVAILABLE,,
31,31,M-UAV-02,M600,31.2971716,120.5956323,30.5,AVAILABLE,,
32,32,EVTOL-01,EC35,31.3101272,120.6035292,199.9,BUSY,M-P-001,V2
32,32,L-UAV-01,AMZN,31.3017628,120.5991180,100.0,BUSY,M-L-001,V3
32,32,M-UAV-01,M600,31.3108767,120.6039862,30.5,AVAILABLE,,
32,32,M-UAV-02,M600,31.2971716,120.5956323,30.5,AVAILABLE,,
33,33,EVTOL-01,EC35,31.3104662,120.6036818,199.9,BUSY,M-P-001,V2
33,33,L-UAV-01,AMZN,31.3018767,120.5992045,100.0,BUSY,M-L-001,V3
33,33,M-UAV-01,M600,31.3108767,120.6039862,30.5,AVAILABLE,,
33,33,M-UAV-02,M600,31.2971716,120.5956323,30.5,AVAILABLE,,
34,34,EVTOL-01,EC35,31.3108178,120.6037884,199.9,BUSY,M-P-001,V2
34,34,L-UAV-01,AMZN,31.3019906,120.5992910,100.0,BUSY,M-L-001,V3
34,34,M-UAV-01,M600,31.3108767,120.6039862,30.5,AVAILABLE,,
34,34,M-UAV-02,M600,31.2971716,120.5956323,30.5,AVAILABLE,,
35,35,EVTOL-01,EC35,31.3111774,120.6038480,199.9,BUSY,M-P-001,V2
35,35,L-UAV-01,AMZN,31.3021045,120.5993774,100.0,BUSY,M-L-001,V3
35,35,M-UAV-01,M600,31.3108767,120.6039862,30.5,AVAILABLE,,
35,35,M-UAV-02,M600,31.2971716,120.5956323,30.5,AVAILABLE,,
36,36,EVTOL-01,EC35,31.3115405,120.6038595,199.9,BUSY,M-P-001,V2
36,36,L-UAV-01,AMZN,31.3022184,120.5994639,100.0,BUSY,M-L-001,V3
36,36,M-UAV-01,M600,31.3108767,120.6039862,30.5,AVAILABLE,,
36,36,M-UAV-02,M600,31.2971716,120.5956323,30.5,AVAILABLE,,
37,37,EVTOL-01,EC35,31.3119023,120.6038230,199.9,BUSY,M-P-001,V2
37,37,L-UAV-01,AMZN,31.3023322,120.5995504,100.0,BUSY,M-L-001,V3
37,37,M-UAV-01,M600,31.3108767,120.6039862,30.5,AVAILABLE,,
37,37,M-UAV-02,M600,31.2971716,120.5956323,30.5,AVAILABLE,,
38,38,EVTOL-01,EC35,31.3122583,120.6037389,199.9,BUSY,M-P-001,V2
38,38,L-UAV-01,AMZN,31.3024461,120.5996368,100.0,BUSY,M-L-001,V3
38,38,M-UAV-01,M600,31.3108767,120.6039862,30.5,AVAILABLE,,
38,38,M-UAV-02,M600,31.2971716,120.5956323,30.5,AVAILABLE,,
39,39,EVTOL-01,EC35,31.3126039,120.6036082,199.9,BUSY,M-P-001,V2
39,39,L-UAV-01,AMZN,31.3025600,120.5997233,100.0,BUSY,M-L-001,V3
39,39,M-UAV-01,M600,31.3108767,120.6039862,30.5,AVAILABLE,,
39,39,M-UAV-02,M600,31.2971716,120.5956323,30.5,AVAILABLE,,
40,40,EVTOL-01,EC35,31.3129347,120.6034327,199.9,BUSY,M-P-001,V2
40,40,L-UAV-01,AMZN,31.3026739,120.5998097,100.0,BUSY,M-L-001,V3
40,40,M-UAV-01,M600,31.3108767,120.6039862,30.5,AVAILABLE,,
40,40,M-UAV-02,M600,31.2971716,120.5956323,30.5,AVAILABLE,,
41,41,EVTOL-01,EC35,31.3132464,120.6032145,199.9,BUSY,M-P-001,V2
41,41,L-UAV-01,AMZN,31.3027878,120.5998962,100.0,BUSY,M-L-001,V3
41,41,M-UAV-01,M600,31.3108767,120.6039862,30.5,AVAILABLE,,
41,41,M-UAV-02,M600,31.2971716,120.5956323,30.5,AVAILABLE,,
42,42,EVTOL-01,EC35,31.3135351,120.6029565,199.9,BUSY,M-P-001,V2
42,42,L-UAV-01,AMZN,31.3029016,120.5999827,100.0,BUSY,M-L-001,V3
42,42,M-UAV-01,M600,31.3108767,120.6039862,30.5,AVAILABLE,,
42,42,M-UAV-02,M600,31.2971716,120.5956323,30.5,AVAILABLE,,
43,43,EVTOL-01,EC35,31.3137970,120.6026620,199.9,BUSY,M-P-001,V2
43,43,L-UAV-01,AMZN,31.3030155,120.6000691,100.0,BUSY,M-L-001,V3
43,43,M-UAV-01,M600,31.3108767,120.6039862,30.5,AVAILABLE,,
43,43,M-UAV-02,M600,31.2971716,120.5956323,30.5,AVAILABLE,,
44,44,EVTOL-01,EC35,31.3140288,120.6023347,199.9,BUSY,M-P-001,V2
44,44,L-UAV-01,AMZN,31.3031294,120.6001556,100.0,BUSY,M-L-001,V3
44,44,M-UAV-01,M600,31.3108767,120.6039862,30.5,AVAILABLE,,
44,44,M-UAV-02,M600,31.2971716,120.5956323,30.5,AVAILABLE,,
45,45,EVTOL-01,EC35,31.3142275,120.6019788,199.9,BUSY,M-P-001,V2
45,45,L-UAV-01,AMZN,31.3032433,120.6002421,100.0,BUSY,M-L-001,V3
45,45,M-UAV-01,M600,31.3108767,120.6039862,30.5,AVAILABLE,,
45,45,M-UAV-02,M600,31.2971716,120.5956323,30.5,AVAILABLE,,
46,46,EVTOL-01,EC35,31.3143906,120.6015990,199.9,BUSY,M-P-001,V2
46,46,L-UAV-01,AMZN,31.3033572,120.6003285,100.0,BUSY,M-L-001,V3
46,46,M-UAV-01,M600,31.3108767,120.6039862,30.5,AVAILABLE,,
46,46,M-UAV-02,M600,31.2971716,120.5956323,30.5,AVAILABLE,,
47,47,EVTOL-01,EC35,31.3145159,120.6012000,199.9,BUSY,M-P-001,V2
47,47,L-UAV-01,AMZN,31.3034710,120.6004150,100.0,BUSY,M-L-001,V3
47,47,M-UAV-01,M600,31.3108767,120.6039862,30.5,AVAILABLE,,
47,47,M-UAV-02,M600,31.2971716,120.5956323,30.5,AVAILABLE,,
48,48,EVTOL-01,EC35,31.3146020,120.6007870,199.9,BUSY,M-P-001,V2
48,48,L-UAV-01,AMZN,31.3035849,120.6005015,100.0,BUSY,M-L-001,V3
48,48,M-UAV-01,M600,31.3108767,120.6039862,30.5,AVAILABLE,,
48,48,M-UAV-02,M600,31.2971716,120.5956323,30.5,AVAILABLE,,
49,49,EVTOL-01,EC35,31.3146476,120.6003652,199.9,BUSY,M-P-001,V2
49,49,L-UAV-01,AMZN,31.3036988,120.6005879,100.0,BUSY,M-L-001,V3
49,49,M-UAV-01,M600,31.3108767,120.6039862,30.5,AVAILABLE,,
49,49,M-UAV-02,M600,31.2971716,120.5956323,30.5,AVAILABLE,,
50,50,EVTOL-01,EC35,31.3146523,120.5999402,199.9,BUSY,M-P-001,V2
50,50,L-UAV-01,AMZN,31.3038127,120.6006744,100.0,BUSY,M-L-001,V3
50,50,M-UAV-01,M600,31.3108767,120.6039862,30.5,AVAILABLE,,
50,50,M-UAV-02,M600,31.2971716,120.5956323,30.5,AVAILABLE,,
51,51,EVTOL-01,EC35,31.3146159,120.5995172,199.9,BUSY,M-P-001,V2
51,51,L-UAV-01,AMZN,31.3039265,120.6007609,100.0,BUSY,M-L-001,V3
51,51,M-UAV-01,M600,31.3108767,120.6039862,30.5,AVAILABLE,,
51,51,M-UAV-02,M600,31.2971716,120.5956323,30.5,AVAILABLE,,
52,52,EVTOL-01,EC35,31.3145388,120.5991017,199.9,BUSY,M-P-001,V2
52,52,L-UAV-01,AMZN,31.3040404,120.6008473,100.0,BUSY,M-L-001,V3
52,52,M-UAV-01,M600,31.3108767,120.6039862,30.5,AVAILABLE,,
52,52,M-UAV-02,M600,31.2971716,120.5956323,30.5,AVAILABLE,,
53,53,EVTOL-01,EC35,31.3144222,120.5986991,199.9,BUSY,M-P-001,V2
53,53,L-UAV-01,AMZN,31.3041543,120.6009338,100.0,BUSY,M-L-001,V3
53,53,M-UAV-01,M600,31.3108767,120.6039862,30.5,AVAILABLE,,
53,53,M-UAV-02,M600,31.2971716,120.5956323,30.5,AVAILABLE,,
54,54,EVTOL-01,EC35,31.3142674,120.5983145,199.9,BUSY,M-P-001,V2
54,54,L-UAV-01,AMZN,31.3042682,120.6010203,100.0,BUSY,M-L-001,V3
54,54,M-UAV-01,M600,31.3108767,120.6039862,30.5,AVAILABLE,,
54,54,M-UAV-02,M600,31.2971716,120.5956323,30.5,AVAILABLE,,
55,55,EVTOL-01,EC35,31.3140766,120.5979529,199.9,BUSY,M-P-001,V2
55,55,L-UAV-01,AMZN,31.3043821,120.6011067,100.0,BUSY,M-L-001,V3
55,55,M-UAV-01,M600,31.3108767,120.6039862,30.5,AVAILABLE,,
55,55,M-UAV-02,M600,31.2971716,120.5956323,30.5,AVAILABLE,,
56,56,EVTOL-01,EC35,31.3138520,120.5976188,199.9,BUSY,M-P-001,V2
56,56,L-UAV-01,AMZN,31.3044959,120.6011932,100.0,BUSY,M-L-001,V3
56,56,M-UAV-01,M600,31.3108767,120.6039862,30.5,AVAILABLE,,
56,56,M-UAV-02,M600,31.2971716,120.5956323,30.5,AVAILABLE,,
57,57,EVTOL-01,EC35,31.3135966,120.5973165,199.9,BUSY,M-P-001,V2
57,57,L-UAV-01,AMZN,31.3046098,120.6012797,100.0,BUSY,M-L-001,V3
57,57,M-UAV-01,M600,31.3108767,120.6039862,30.5,AVAILABLE,,
57,57,M-UAV-02,M600,31.2971716,120.5956323,30.5,AVAILABLE,,
58,58,EVTOL-01,EC35,31.3133137,120.5970500,199.9,BUSY,M-P-001,V2
58,58,L-UAV-01,AMZN,31.3047237,120.6013661,100.0,BUSY,M-L-001,V3
58,58,M-UAV-01,M600,31.3108767,120.6039862,30.5,AVAILABLE,,
58,58,M-UAV-02,M600,31.2971716,120.5956323,30.5,AVAILABLE,,
59,59,EVTOL-01,EC35,31.3130068,120.5968225,199.9,BUSY,M-P-001,V2
59,59,L-UAV-01,AMZN,31.3048376,120.6014526,100.0,BUSY,M-L-001,V3
59,59,M-UAV-01,M600,31.3108767,120.6039862,30.5,AVAILABLE,,
59,59,M-UAV-02,M600,31.2971716,120.5956323,30.5,AVAILABLE,,
60,60,EVTOL-01,EC35,31.3126800,120.5966372,199.9,BUSY,M-P-001,V2
60,60,L-UAV-01,AMZN,31.3049515,120.6015391,100.0,BUSY,M-L-001,V3
60,60,M-UAV-01,M600,31.3108767,120.6039862,30.5,AVAILABLE,,
60,60,M-UAV-02,M600,31.2971716,120.5956323,30.5,AVAILABLE,,
61,61,EVTOL-01,EC35,31.3123373,120.5964962,199.9,BUSY,M-P-001,V2
61,61,L-UAV-01,AMZN,31.3050653,120.6016255,100.0,BUSY,M-L-001,V3
61,61,M-UAV-01,M600,31.3108767,120.6039862,30.5,AVAILABLE,,
61,61,M-UAV-02,M600,31.2971716,120.5956323,30.5,AVAILABLE,,
62,62,EVTOL-01,EC35,31.3119833,120.5964015,199.9,BUSY,M-P-001,V2
62,62,L-UAV-01,AMZN,31.3051792,120.6017120,100.0,BUSY,M-L-001,V3
62,62,M-UAV-01,M600,31.3108767,120.6039862,30.5,AVAILABLE,,
62,62,M-UAV-02,M600,31.2971716,120.5956323,30.5,AVAILABLE,,
63,63,EVTOL-01,EC35,31.3116223,120.5963541,199.9,BUSY,M-P-001,V2
63,63,L-UAV-01,AMZN,31.3052931,120.6017985,100.0,BUSY,M-L-001,V3
63,63,M-UAV-01,M600,31.3108767,120.6039862,30.5,AVAILABLE,,
63,63,M-UAV-02,M600,31.2971716,120.5956323,30.5,AVAILABLE,,
64,64,EVTOL-01,EC35,31.3112595,120.5963360,199.9,BUSY,M-P-001,V2
64,64,L-UAV-01,AMZN,31.3054070,120.6018849,100.0,BUSY,M-L-001,V3
64,64,M-UAV-01,M600,31.3108767,120.6039862,30.5,AVAILABLE,,
64,64,M-UAV-02,M600,31.2971716,120.5956323,30.5,AVAILABLE,,
65,65,EVTOL-01,EC35,31.3108966,120.5963179,199.9,BUSY,M-P-001,V2
65,65,L-UAV-01,AMZN,31.3055209,120.6019714,100.0,BUSY,M-L-001,V3
65,65,M-UAV-01,M600,31.3108767,120.6039862,30.5,AVAILABLE,,
65,65,M-UAV-02,M600,31.2971716,120.5956323,30.5,AVAILABLE,,
66,66,EVTOL-01,EC35,31.3105338,120.5962998,199.9,BUSY,M-P-001,V2
66,66,L-UAV-01,AMZN,31.3056347,120.6020579,100.0,BUSY,M-L-001,V3
66,66,M-UAV-01,M600,31.3108767,120.6039862,30.5,AVAILABLE,,
66,66,M-UAV-02,M600,31.2971716,120.5956323,30.5,AVAILABLE,,
67,67,EVTOL-01,EC35,31.3101709,120.5962816,199.9,BUSY,M-P-001,V2
67,67,L-UAV-01,AMZN,31.3057486,120.6021443,100.0,BUSY,M-L-001,V3
67,67,M-UAV-01,M600,31.3108767,120.6039862,30.5,AVAILABLE,,
67,67,M-UAV-02,M600,31.2971716,120.5956323,30.5,AVAILABLE,,
68,68,EVTOL-01,EC35,31.3098080,120.5962635,199.9,BUSY,M-P-001,V2
68,68,L-UAV-01,AMZN,31.3058625,120.6022308,100.0,BUSY,M-L-001,V2
68,68,M-UAV-01,M600,31.3108767,120.6039862,30.5,AVAILABLE,,
68,68,M-UAV-02,M600,31.2971716,120.5956323,30.5,AVAILABLE,,
69,69,EVTOL-01,EC35,31.3094452,120.5962454,199.9,BUSY,M-P-001,V2
69,69,L-UAV-01,AMZN,31.3059931,120.6022734,100.0,BUSY,M-L-001,V2
69,69,M-UAV-01,M600,31.3108767,120.6039862,30.5,AVAILABLE,,
69,69,M-UAV-02,M600,31.2971716,120.5956323,30.5,AVAILABLE,,
70,70,EVTOL-01,EC35,31.3090823,120.5962272,199.9,BUSY,M-P-001,V2
70,70,L-UAV-01,AMZN,31.3061285,120.6022685,100.0,BUSY,M-L-001,V2
70,70,M-UAV-01,M600,31.3108767,120.6039862,30.5,AVAILABLE,,
70,70,M-UAV-02,M600,31.2971716,120.5956323,30.5,AVAILABLE,,
71,71,EVTOL-01,EC35,31.3087195,120.5962091,199.9,BUSY,M-P-001,V2
71,71,L-UAV-01,AMZN,31.3062566,120.6022164,100.0,BUSY,M-L-001,V2
71,71,M-UAV-01,M600,31.3108767,120.6039862,30.5,AVAILABLE,,
71,71,M-UAV-02,M600,31.2971716,120.5956323,30.5,AVAILABLE,,
72,72,EVTOL-01,EC35,31.3083566,120.5961910,199.9,BUSY,M-P-001,V2
72,72,L-UAV-01,AMZN,31.3063654,120.6021219,100.0,BUSY,M-L-001,V2
72,72,M-UAV-01,M600,31.3108767,120.6039862,30.5,AVAILABLE,,
72,72,M-UAV-02,M600,31.2971716,120.5956323,30.5,AVAILABLE,,
73,73,EVTOL-01,EC35,31.3079937,120.5961729,199.9,BUSY,M-P-001,V2
73,73,L-UAV-01,AMZN,31.3064452,120.6019936,100.0,BUSY,M-L-001,V2
73,73,M-UAV-01,M600,31.3108767,120.6039862,30.5,AVAILABLE,,
73,73,M-UAV-02,M600,31.2971716,120.5956323,30.5,AVAILABLE,,
74,74,EVTOL-01,EC35,31.3076309,120.5961547,199.9,BUSY,M-P-001,V2
74,74,L-UAV-01,AMZN,31.3064886,120.6018433,100.0,BUSY,M-L-001,V2
74,74,M-UAV-01,M600,31.3108767,120.6039862,30.5,AVAILABLE,,
74,74,M-UAV-02,M600,31.2971716,120.5956323,30.5,AVAILABLE,,
75,75,EVTOL-01,EC35,31.3072680,120.5961366,199.9,BUSY,M-P-001,V2
75,75,L-UAV-01,AMZN,31.3064917,120.6016847,100.0,BUSY,M-L-001,V2
75,75,M-UAV-01,M600,31.3108767,120.6039862,30.5,AVAILABLE,,
75,75,M-UAV-02,M600,31.2971716,120.5956323,30.5,AVAILABLE,,
76,76,EVTOL-01,EC35,31.3069052,120.5961185,199.9,BUSY,M-P-001,V2
76,76,L-UAV-01,AMZN,31.3064541,120.6015323,100.0,BUSY,M-L-001,V2
76,76,M-UAV-01,M600,31.3108767,120.6039862,30.5,AVAILABLE,,
76,76,M-UAV-02,M600,31.2971716,120.5956323,30.5,AVAILABLE,,
77,77,EVTOL-01,EC35,31.3065423,120.5961004,199.9,BUSY,M-P-001,V2
77,77,L-UAV-01,AMZN,31.3063793,120.6014000,100.0,BUSY,M-L-001,V2
77,77,M-UAV-01,M600,31.3108767,120.6039862,30.5,AVAILABLE,,
77,77,M-UAV-02,M600,31.2971716,120.5956323,30.5,AVAILABLE,,
78,78,EVTOL-01,EC35,31.3061794,120.5960822,199.9,BUSY,M-P-001,V2
78,78,L-UAV-01,AMZN,31.3062742,120.6012998,100.0,BUSY,M-L-001,V2
78,78,M-UAV-01,M600,31.3108767,120.6039862,30.5,AVAILABLE,,
78,78,M-UAV-02,M600,31.2971716,120.5956323,30.5,AVAILABLE,,
79,79,EVTOL-01,EC35,31.3058166,120.5960641,199.9,BUSY,M-P-001,V2
79,79,L-UAV-01,AMZN,31.3061545,120.6012253,100.0,BUSY,M-L-001,V2
79,79,M-UAV-01,M600,31.3108767,120.6039862,30.5,AVAILABLE,,
79,79,M-UAV-02,M600,31.2971716,120.5956323,30.5,AVAILABLE,,
80,80,EVTOL-01,EC35,31.3054537,120.5960460,199.9,BUSY,M-P-001,V2
80,80,L-UAV-01,AMZN,31.3060348,120.6011508,100.0,BUSY,M-L-001,V2
80,80,M-UAV-01,M600,31.3108767,120.6039862,30.5,AVAILABLE,,
80,80,M-UAV-02,M600,31.2971716,120.5956323,30.5,AVAILABLE,,
81,81,EVTOL-01,EC35,31.3050909,120.5960279,199.9,BUSY,M-P-001,V2
81,81,L-UAV-01,AMZN,31.3059152,120.6010763,100.0,BUSY,M-L-001,V2
81,81,M-UAV-01,M600,31.3108767,120.6039862,30.5,AVAILABLE,,
81,81,M-UAV-02,M600,31.2971716,120.5956323,30.5,AVAILABLE,,
82,82,EVTOL-01,EC35,31.3047280,120.5960097,199.9,BUSY,M-P-001,V2
82,82,L-UAV-01,AMZN,31.3057955,120.6010018,100.0,BUSY,M-L-001,V2
82,82,M-UAV-01,M600,31.3108767,120.6039862,30.5,AVAILABLE,,
82,82,M-UAV-02,M600,31.2971716,120.5956323,30.5,AVAILABLE,,
83,83,EVTOL-01,EC35,31.3043651,120.5959916,199.9,BUSY,M-P-001,V2
83,83,L-UAV-01,AMZN,31.3056758,120.6009272,100.0,BUSY,M-L-001,V2
83,83,M-UAV-01,M600,31.3108767,120.6039862,30.5,AVAILABLE,,
83,83,M-UAV-02,M600,31.2971716,120.5956323,30.5,AVAILABLE,,
84,84,EVTOL-01,EC35,31.3040023,120.5959735,199.9,BUSY,M-P-001,V2
84,84,L-UAV-01,AMZN,31.3055562,120.6008527,100.0,BUSY,M-L-001,V2
84,84,M-UAV-01,M600,31.3108767,120.6039862,30.5,AVAILABLE,,
84,84,M-UAV-02,M600,31.2971716,120.5956323,30.5,AVAILABLE,,
85,85,EVTOL-01,EC35,31.3036394,120.5959554,199.9,BUSY,M-P-001,V2
85,85,L-UAV-01,AMZN,31.3054365,120.6007782,100.0,BUSY,M-L-001,V2
85,85,M-UAV-01,M600,31.3108767,120.6039862,30.5,AVAILABLE,,
85,85,M-UAV-02,M600,31.2971716,120.5956323,30.5,AVAILABLE,,
86,86,EVTOL-01,EC35,31.3032766,120.5959372,199.9,BUSY,M-P-001,V2
86,86,L-UAV-01,AMZN,31.3053168,120.6007037,100.0,BUSY,M-L-001,V2
86,86,M-UAV-01,M600,31.3108767,120.6039862,30.5,AVAILABLE,,
86,86,M-UAV-02,M600,31.2971716,120.5956323,30.5,AVAILABLE,,
87,87,EVTOL-01,EC35,31.3029137,120.5959191,199.9,BUSY,M-P-001,V2
87,87,L-UAV-01,AMZN,31.3051972,120.6006292,100.0,BUSY,M-L-001,V2
87,87,M-UAV-01,M600,31.3108767,120.6039862,30.5,AVAILABLE,,
87,87,M-UAV-02,M600,31.2971716,120.5956323,30.5,AVAILABLE,,
88,88,EVTOL-01,EC35,31.3025508,120.5959010,199.9,BUSY,M-P-001,V2
88,88,L-UAV-01,AMZN,31.3050775,120.6005547,100.0,BUSY,M-L-001,V2
88,88,M-UAV-01,M600,31.3108767,120.6039862,30.5,AVAILABLE,,
88,88,M-UAV-02,M600,31.2971716,120.5956323,30.5,AVAILABLE,,
89,89,EVTOL-01,EC35,31.3021880,120.5958829,199.9,BUSY,M-P-001,V2
89,89,L-UAV-01,AMZN,31.3049579,120.6004802,100.0,BUSY,M-L-001,V2
89,89,M-UAV-01,M600,31.3108767,120.6039862,30.5,AVAILABLE,,
89,89,M-UAV-02,M600,31.2971716,120.5956323,30.5,AVAILABLE,,
90,90,EVTOL-01,EC35,31.3018251,120.5958647,199.9,BUSY,M-P-001,V2
90,90,L-UAV-01,AMZN,31.3048382,120.6004057,100.0,BUSY,M-L-001,V2
90,90,M-UAV-01,M600,31.3108767,120.6039862,30.5,AVAILABLE,,
90,90,M-UAV-02,M600,31.2971716,120.5956323,30.5,AVAILABLE,,
91,91,EVTOL-01,EC35,31.3014623,120.5958466,199.9,BUSY,M-P-001,V2
91,91,L-UAV-01,AMZN,31.3047185,120.6003311,100.0,BUSY,M-L-001,V2
91,91,M-UAV-01,M600,31.3108767,120.6039862,30.5,AVAILABLE,,
91,91,M-UAV-02,M600,31.2971716,120.5956323,30.5,AVAILABLE,,
92,92,EVTOL-01,EC35,31.3010994,120.5958285,199.9,BUSY,M-P-001,V2
92,92,L-UAV-01,AMZN,31.3045989,120.6002566,100.0,BUSY,M-L-001,V2
92,92,M-UAV-01,M600,31.3108767,120.6039862,30.5,AVAILABLE,,
92,92,M-UAV-02,M600,31.2971716,120.5956323,30.5,AVAILABLE,,
93,93,EVTOL-01,EC35,31.3007365,120.5958104,199.9,BUSY,M-P-001,V2
93,93,L-UAV-01,AMZN,31.3044792,120.6001821,100.0,BUSY,M-L-001,V2
93,93,M-UAV-01,M600,31.3108767,120.6039862,30.5,AVAILABLE,,
93,93,M-UAV-02,M600,31.2971716,120.5956323,30.5,AVAILABLE,,
94,94,EVTOL-01,EC35,31.3003737,120.5957923,199.9,BUSY,M-P-001,V2
94,94,L-UAV-01,AMZN,31.3043595,120.6001076,100.0,BUSY,M-L-001,V2
94,94,M-UAV-01,M600,31.3108767,120.6039862,30.5,AVAILABLE,,
94,94,M-UAV-02,M600,31.2971716,120.5956323,30.5,AVAILABLE,,
95,95,EVTOL-01,EC35,31.3000108,120.5957741,199.9,BUSY,M-P-001,V2
95,95,L-UAV-01,AMZN,31.3042399,120.6000331,100.0,BUSY,M-L-001,V2
95,95,M-UAV-01,M600,31.3108767,120.6039862,30.5,AVAILABLE,,
95,95,M-UAV-02,M600,31.2971716,120.5956323,30.5,AVAILABLE,,
96,96,EVTOL-01,EC35,31.2996480,120.5957560,199.9,BUSY,M-P-001,V2
96,96,L-UAV-01,AMZN,31.3041202,120.5999586,100.0,BUSY,M-L-001,V2
96,96,M-UAV-01,M600,31.3108767,120.6039862,30.5,AVAILABLE,,
96,96,M-UAV-02,M600,31.2971716,120.5956323,30.5,AVAILABLE,,
97,97,EVTOL-01,EC35,31.2992851,120.5957379,199.9,BUSY,M-P-001,V2
97,97,L-UAV-01,AMZN,31.3040005,120.5998841,100.0,BUSY,M-L-001,V2
97,97,M-UAV-01,M600,31.3108767,120.6039862,30.5,AVAILABLE,,
97,97,M-UAV-02,M600,31.2971716,120.5956323,30.5,AVAILABLE,,
98,98,EVTOL-01,EC35,31.2989222,120.5957198,199.9,BUSY,M-P-001,V2
98,98,L-UAV-01,AMZN,31.3038809,120.5998096,100.0,BUSY,M-L-001,V2
98,98,M-UAV-01,M600,31.3108767,120.6039862,30.5,AVAILABLE,,
98,98,M-UAV-02,M600,31.2971716,120.5956323,30.5,AVAILABLE,,
99,99,EVTOL-01,EC35,31.2985594,120.5957016,199.9,BUSY,M-P-001,V2
99,99,L-UAV-01,AMZN,31.3037612,120.5997351,100.0,BUSY,M-L-001,V2
99,99,M-UAV-01,M600,31.3108767,120.6039862,30.5,AVAILABLE,,
99,99,M-UAV-02,M600,31.2971716,120.5956323,30.5,AVAILABLE,,
100,100,EVTOL-01,EC35,31.2981965,120.5956835,199.9,BUSY,M-P-001,V2
100,100,L-UAV-01,AMZN,31.3036415,120.5996605,100.0,BUSY,M-L-001,V2
100,100,M-UAV-01,M600,31.3108767,120.6039862,30.5,AVAILABLE,,
100,100,M-UAV-02,M600,31.2971716,120.5956323,30.5,AVAILABLE,,
101,101,EVTOL-01,EC35,31.2978337,120.5956654,199.9,BUSY,M-P-001,V1
101,101,L-UAV-01,AMZN,31.3035219,120.5995860,100.0,BUSY,M-L-001,V2
101,101,M-UAV-01,M600,31.3108767,120.6039862,30.5,AVAILABLE,,
101,101,M-UAV-02,M600,31.2971716,120.5956323,30.5,AVAILABLE,,
102,102,EVTOL-01,EC35,31.2974714,120.5956954,199.9,BUSY,M-P-001,V1
102,102,L-UAV-01,AMZN,31.3034022,120.5995115,100.0,BUSY,M-L-001,V2
102,102,M-UAV-01,M600,31.3108767,120.6039862,30.5,AVAILABLE,,
102,102,M-UAV-02,M600,31.2971716,120.5956323,30.5,AVAILABLE,,
103,103,EVTOL-01,EC35,31.2971143,120.5957731,199.9,BUSY,M-P-001,V1
103,103,L-UAV-01,AMZN,31.3032825,120.5994370,100.0,BUSY,M-L-001,V2
103,103,M-UAV-01,M600,31.3108767,120.6039862,30.5,AVAILABLE,,
103,103,M-UAV-02,M600,31.2971716,120.5956323,30.5,AVAILABLE,,
104,104,EVTOL-01,EC35,31.2967670,120.5958975,199.9,BUSY,M-P-001,V1
104,104,L-UAV-01,AMZN,31.3031629,120.5993625,100.0,BUSY,M-L-001,V2
104,104,M-UAV-01,M600,31.3108767,120.6039862,30.5,AVAILABLE,,
104,104,M-UAV-02,M600,31.2971716,120.5956323,30.5,AVAILABLE,,
105,105,EVTOL-01,EC35,31.2964340,120.5960670,199.9,BUSY,M-P-001,V1
105,105,L-UAV-01,AMZN,31.3030432,120.5992880,100.0,BUSY,M-L-001,V2
105,105,M-UAV-01,M600,31.3108767,120.6039862,30.5,AVAILABLE,,
105,105,M-UAV-02,M600,31.2971716,120.5956323,30.5,AVAILABLE,,
106,106,EVTOL-01,EC35,31.2961194,120.5962795,199.9,BUSY,M-P-001,V1
106,106,L-UAV-01,AMZN,31.3029235,120.5992135,100.0,BUSY,M-L-001,V2
106,106,M-UAV-01,M600,31.3108767,120.6039862,30.5,AVAILABLE,,
106,106,M-UAV-02,M600,31.2971716,120.5956323,30.5,AVAILABLE,,
107,107,EVTOL-01,EC35,31.2958274,120.5965322,199.9,BUSY,M-P-001,V1
107,107,L-UAV-01,AMZN,31.3028039,120.5991390,100.0,BUSY,M-L-001,V2
107,107,M-UAV-01,M600,31.3108767,120.6039862,30.5,AVAILABLE,,
107,107,M-UAV-02,M600,31.2971716,120.5956323,30.5,AVAILABLE,,
108,108,EVTOL-01,EC35,31.2955617,120.5968219,199.9,BUSY,M-P-001,V1
108,108,L-UAV-01,AMZN,31.3026842,120.5990645,100.0,BUSY,M-L-001,V2
108,108,M-UAV-01,M600,31.3108767,120.6039862,30.5,AVAILABLE,,
108,108,M-UAV-02,M600,31.2971716,120.5956323,30.5,AVAILABLE,,
109,109,EVTOL-01,EC35,31.2953256,120.5971449,199.9,BUSY,M-P-001,V1
109,109,L-UAV-01,AMZN,31.3025645,120.5989900,100.0,BUSY,M-L-001,V2
109,109,M-UAV-01,M600,31.3108767,120.6039862,30.5,AVAILABLE,,
109,109,M-UAV-02,M600,31.2971716,120.5956323,30.5,AVAILABLE,,
110,110,EVTOL-01,EC35,31.2951222,120.5974971,199.9,BUSY,M-P-001,V1
110,110,L-UAV-01,AMZN,31.3024449,120.5989155,100.0,BUSY,M-L-001,V2
110,110,M-UAV-01,M600,31.3108767,120.6039862,30.5,AVAILABLE,,
110,110,M-UAV-02,M600,31.2971716,120.5956323,30.5,AVAILABLE,,
111,111,EVTOL-01,EC35,31.2949541,120.5978739,199.9,BUSY,M-P-001,V1
111,111,L-UAV-01,AMZN,31.3023252,120.5988409,100.0,BUSY,M-L-001,V2
111,111,M-UAV-01,M600,31.3108767,120.6039862,30.5,AVAILABLE,,
111,111,M-UAV-02,M600,31.2971716,120.5956323,30.5,AVAILABLE,,
112,112,EVTOL-01,EC35,31.2948235,120.5982704,199.9,BUSY,M-P-001,V1
112,112,L-UAV-01,AMZN,31.3022055,120.5987664,100.0,BUSY,M-L-001,V2
112,112,M-UAV-01,M600,31.3108767,120.6039862,30.5,AVAILABLE,,
112,112,M-UAV-02,M600,31.2971716,120.5956323,30.5,AVAILABLE,,
113,113,EVTOL-01,EC35,31.2947320,120.5986818,199.9,BUSY,M-P-001,V1
113,113,L-UAV-01,AMZN,31.3020859,120.5986919,100.0,BUSY,M-L-001,V2
113,113,M-UAV-01,M600,31.3108767,120.6039862,30.5,AVAILABLE,,
113,113,M-UAV-02,M600,31.2971716,120.5956323,30.5,AVAILABLE,,
114,114,EVTOL-01,EC35,31.2946809,120.5991026,199.9,BUSY,M-P-001,V1
114,114,L-UAV-01,AMZN,31.3019662,120.5986174,100.0,BUSY,M-L-001,V2
114,114,M-UAV-01,M600,31.3108767,120.6039862,30.5,AVAILABLE,,
114,114,M-UAV-02,M600,31.2971716,120.5956323,30.5,AVAILABLE,,
115,115,EVTOL-01,EC35,31.2946706,120.5995274,199.9,BUSY,M-P-001,V1
115,115,L-UAV-01,AMZN,31.3018465,120.5985429,100.0,BUSY,M-L-001,V2
115,115,M-UAV-01,M600,31.3108767,120.6039862,30.5,AVAILABLE,,
115,115,M-UAV-02,M600,31.2971716,120.5956323,30.5,AVAILABLE,,
116,116,EVTOL-01,EC35,31.2947015,120.5999509,199.9,BUSY,M-P-001,V1
116,116,L-UAV-01,AMZN,31.3017269,120.5984684,100.0,BUSY,M-L-001,V2
116,116,M-UAV-01,M600,31.3108767,120.6039862,30.5,AVAILABLE,,
116,116,M-UAV-02,M600,31.2971716,120.5956323,30.5,AVAILABLE,,
117,117,EVTOL-01,EC35,31.2947730,120.6003676,199.9,BUSY,M-P-001,V1
117,117,L-UAV-01,AMZN,31.3016072,120.5983939,100.0,BUSY,M-L-001,V2
117,117,M-UAV-01,M600,31.3108767,120.6039862,30.5,AVAILABLE,,
117,117,M-UAV-02,M600,31.2971716,120.5956323,30.5,AVAILABLE,,
118,118,EVTOL-01,EC35,31.2948843,120.6007722,199.9,BUSY,M-P-001,V1
118,118,L-UAV-01,AMZN,31.3014875,120.5983194,100.0,BUSY,M-L-001,V2
118,118,M-UAV-01,M600,31.3108767,120.6039862,30.5,AVAILABLE,,
118,118,M-UAV-02,M600,31.2971716,120.5956323,30.5,AVAILABLE,,
119,119,EVTOL-01,EC35,31.2950340,120.6011594,199.9,BUSY,M-P-001,V1
119,119,L-UAV-01,AMZN,31.3013679,120.5982449,100.0,BUSY,M-L-001,V2
119,119,M-UAV-01,M600,31.3108767,120.6039862,30.5,AVAILABLE,,
119,119,M-UAV-02,M600,31.2971716,120.5956323,30.5,AVAILABLE,,
120,120,EVTOL-01,EC35,31.2952201,120.6015244,199.9,BUSY,M-P-001,V1
120,120,L-UAV-01,AMZN,31.3012482,120.5981704,100.0,BUSY,M-L-001,V2
120,120,M-UAV-01,M600,31.3108767,120.6039862,30.5,AVAILABLE,,
120,120,M-UAV-02,M600,31.2971716,120.5956323,30.5,AVAILABLE,,
121,121,EVTOL-01,EC35,31.2954403,120.6018625,199.9,BUSY,M-P-001,V1
121,121,L-UAV-01,AMZN,31.3011285,120.5980959,100.0,BUSY,M-L-001,V2
121,121,M-UAV-01,M600,31.3108767,120.6039862,30.5,AVAILABLE,,
121,121,M-UAV-02,M600,31.2971716,120.5956323,30.5,AVAILABLE,,
122,122,EVTOL-01,EC35,31.2956916,120.6021693,199.9,BUSY,M-P-001,V1
122,122,L-UAV-01,AMZN,31.3010089,120.5980214,100.0,BUSY,M-L-001,V2
122,122,M-UAV-01,M600,31.3108767,120.6039862,30.5,AVAILABLE,,
122,122,M-UAV-02,M600,31.2971716,120.5956323,30.5,AVAILABLE,,
123,123,EVTOL-01,EC35,31.2959710,120.6024408,199.9,BUSY,M-P-001,V1
123,123,L-UAV-01,AMZN,31.3008892,120.5979469,100.0,BUSY,M-L-001,V2
123,123,M-UAV-01,M600,31.3108767,120.6039862,30.5,AVAILABLE,,
123,123,M-UAV-02,M600,31.2971716,120.5956323,30.5,AVAILABLE,,
124,124,EVTOL-01,EC35,31.2962748,120.6026737,199.9,BUSY,M-P-001,V1
124,124,L-UAV-01,AMZN,31.3007695,120.5978724,100.0,BUSY,M-L-001,V2
124,124,M-UAV-01,M600,31.3108767,120.6039862,30.5,AVAILABLE,,
124,124,M-UAV-02,M600,31.2971716,120.5956323,30.5,AVAILABLE,,
125,125,EVTOL-01,EC35,31.2965992,120.6028649,199.9,BUSY,M-P-001,V1
125,125,L-UAV-01,AMZN,31.3006499,120.5977978,100.0,BUSY,M-L-001,V2
125,125,M-UAV-01,M600,31.3108767,120.6039862,30.5,AVAILABLE,,
125,125,M-UAV-02,M600,31.2971716,120.5956323,30.5,AVAILABLE,,
126,126,EVTOL-01,EC35,31.2969399,120.6030120,199.9,BUSY,M-P-001,V1
126,126,L-UAV-01,AMZN,31.3005302,120.5977233,100.0,BUSY,M-L-001,V2
126,126,M-UAV-01,M600,31.3108767,120.6039862,30.5,AVAILABLE,,
126,126,M-UAV-02,M600,31.2971716,120.5956323,30.5,AVAILABLE,,
127,127,EVTOL-01,EC35,31.2972927,120.6031131,199.9,BUSY,M-P-001,V1
127,127,L-UAV-01,AMZN,31.3004105,120.5976488,100.0,BUSY,M-L-001,V2
127,127,M-UAV-01,M600,31.3108767,120.6039862,30.5,AVAILABLE,,
127,127,M-UAV-02,M600,31.2971716,120.5956323,30.5,AVAILABLE,,
128,128,EVTOL-01,EC35,31.2976530,120.6031670,199.9,BUSY,M-P-001,V1
128,128,L-UAV-01,AMZN,31.3002909,120.5975743,100.0,BUSY,M-L-001,V2
128,128,M-UAV-01,M600,31.3108767,120.6039862,30.5,AVAILABLE,,
128,128,M-UAV-02,M600,31.2971716,120.5956323,30.5,AVAILABLE,,
129,129,EVTOL-01,EC35,31.2980157,120.6031894,199.9,BUSY,M-P-001,V1
129,129,L-UAV-01,AMZN,31.3001712,120.5974998,100.0,BUSY,M-L-001,V2
129,129,M-UAV-01,M600,31.3108767,120.6039862,30.5,AVAILABLE,,
129,129,M-UAV-02,M600,31.2971716,120.5956323,30.5,AVAILABLE,,
130,130,EVTOL-01,EC35,31.2983783,120.6032119,199.9,BUSY,M-P-001,V1
130,130,L-UAV-01,AMZN,31.3000515,120.5974253,100.0,BUSY,M-L-001,V2
130,130,M-UAV-01,M600,31.3108767,120.6039862,30.5,AVAILABLE,,
130,130,M-UAV-02,M600,31.2971716,120.5956323,30.5,AVAILABLE,,
131,131,EVTOL-01,EC35,31.2987410,120.6032344,199.9,BUSY,M-P-001,V1
131,131,L-UAV-01,AMZN,31.2999319,120.5973508,100.0,BUSY,M-L-001,V2
131,131,M-UAV-01,M600,31.3108767,120.6039862,30.5,AVAILABLE,,
131,131,M-UAV-02,M600,31.2971716,120.5956323,30.5,AVAILABLE,,
132,132,EVTOL-01,EC35,31.2991037,120.6032568,199.9,BUSY,M-P-001,V1
132,132,L-UAV-01,AMZN,31.2998122,120.5972763,100.0,BUSY,M-L-001,V2
132,132,M-UAV-01,M600,31.3108767,120.6039862,30.5,AVAILABLE,,
132,132,M-UAV-02,M600,31.2971716,120.5956323,30.5,AVAILABLE,,
133,133,EVTOL-01,EC35,31.2994664,120.6032793,199.9,BUSY,M-P-001,V1
133,133,L-UAV-01,AMZN,31.2996925,120.5972018,100.0,BUSY,M-L-001,V2
133,133,M-UAV-01,M600,31.3108767,120.6039862,30.5,AVAILABLE,,
133,133,M-UAV-02,M600,31.2971716,120.5956323,30.5,AVAILABLE,,
134,134,EVTOL-01,EC35,31.2998291,120.6033017,199.9,BUSY,M-P-001,V1
134,134,L-UAV-01,AMZN,31.2995728,120.5971273,100.0,BUSY,M-L-001,V2
134,134,M-UAV-01,M600,31.3108767,120.6039862,30.5,AVAILABLE,,
134,134,M-UAV-02,M600,31.2971716,120.5956323,30.5,AVAILABLE,,
135,135,EVTOL-01,EC35,31.3001918,120.6033242,199.9,BUSY,M-P-001,V1
135,135,L-UAV-01,AMZN,31.2994532,120.5970528,100.0,BUSY,M-L-001,V2
135,135,M-UAV-01,M600,31.3108767,120.6039862,30.5,AVAILABLE,,
135,135,M-UAV-02,M600,31.2971716,120.5956323,30.5,AVAILABLE,,
136,136,EVTOL-01,EC35,31.3005544,120.6033467,199.9,BUSY,M-P-001,V1
136,136,L-UAV-01,AMZN,31.2993335,120.5969783,100.0,BUSY,M-L-001,V2
136,136,M-UAV-01,M600,31.3108767,120.6039862,30.5,AVAILABLE,,
136,136,M-UAV-02,M600,31.2971716,120.5956323,30.5,AVAILABLE,,
137,137,EVTOL-01,EC35,31.3009171,120.6033691,199.9,BUSY,M-P-001,V1
137,137,L-UAV-01,AMZN,31.2992138,120.5969038,100.0,BUSY,M-L-001,V2
137,137,M-UAV-01,M600,31.3108767,120.6039862,30.5,AVAILABLE,,
137,137,M-UAV-02,M600,31.2971716,120.5956323,30.5,AVAILABLE,,
138,138,EVTOL-01,EC35,31.3012798,120.6033916,199.9,BUSY,M-P-001,V1
138,138,L-UAV-01,AMZN,31.2990942,120.5968293,100.0,BUSY,M-L-001,V2
138,138,M-UAV-01,M600,31.3108767,120.6039862,30.5,AVAILABLE,,
138,138,M-UAV-02,M600,31.2971716,120.5956323,30.5,AVAILABLE,,
139,139,EVTOL-01,EC35,31.3016425,120.6034141,199.9,BUSY,M-P-001,V1
139,139,L-UAV-01,AMZN,31.2989745,120.5967548,100.0,BUSY,M-L-001,V2
139,139,M-UAV-01,M600,31.3108767,120.6039862,30.5,AVAILABLE,,
139,139,M-UAV-02,M600,31.2971716,120.5956323,30.5,AVAILABLE,,
140,140,EVTOL-01,EC35,31.3020052,120.6034365,199.9,BUSY,M-P-001,V1
140,140,L-UAV-01,AMZN,31.2988548,120.5966803,100.0,BUSY,M-L-001,V2
140,140,M-UAV-01,M600,31.3108767,120.6039862,30.5,AVAILABLE,,
140,140,M-UAV-02,M600,31.2971716,120.5956323,30.5,AVAILABLE,,
141,141,EVTOL-01,EC35,31.3023679,120.6034590,199.9,BUSY,M-P-001,V1
141,141,L-UAV-01,AMZN,31.2987352,120.5966058,100.0,BUSY,M-L-001,V2
141,141,M-UAV-01,M600,31.3108767,120.6039862,30.5,AVAILABLE,,
141,141,M-UAV-02,M600,31.2971716,120.5956323,30.5,AVAILABLE,,
142,142,EVTOL-01,EC35,31.3027305,120.6034815,199.9,BUSY,M-P-001,V1
142,142,L-UAV-01,AMZN,31.2986155,120.5965313,100.0,BUSY,M-L-001,V2
142,142,M-UAV-01,M600,31.3108767,120.6039862,30.5,AVAILABLE,,
142,142,M-UAV-02,M600,31.2971716,120.5956323,30.5,AVAILABLE,,
143,143,EVTOL-01,EC35,31.3030932,120.6035039,199.9,BUSY,M-P-001,V1
143,143,L-UAV-01,AMZN,31.2984958,120.5964568,100.0,BUSY,M-L-001,V2
143,143,M-UAV-01,M600,31.3108767,120.6039862,30.5,AVAILABLE,,
143,143,M-UAV-02,M600,31.2971716,120.5956323,30.5,AVAILABLE,,
144,144,EVTOL-01,EC35,31.3034559,120.6035264,199.9,BUSY,M-P-001,V1
144,144,L-UAV-01,AMZN,31.2983762,120.5963823,100.0,BUSY,M-L-001,V2
144,144,M-UAV-01,M600,31.3108767,120.6039862,30.5,AVAILABLE,,
144,144,M-UAV-02,M600,31.2971716,120.5956323,30.5,AVAILABLE,,
145,145,EVTOL-01,EC35,31.3038186,120.6035489,199.9,BUSY,M-P-001,V1
145,145,L-UAV-01,AMZN,31.2982565,120.5963078,100.0,BUSY,M-L-001,V2
145,145,M-UAV-01,M600,31.3108767,120.6039862,30.5,AVAILABLE,,
145,145,M-UAV-02,M600,31.2971716,120.5956323,30.5,AVAILABLE,,
146,146,EVTOL-01,EC35,31.3041813,120.6035713,199.9,BUSY,M-P-001,V1
146,146,L-UAV-01,AMZN,31.2981368,120.5962333,100.0,BUSY,M-L-001,V2
146,146,M-UAV-01,M600,31.3108767,120.6039862,30.5,AVAILABLE,,
146,146,M-UAV-02,M600,31.2971716,120.5956323,30.5,AVAILABLE,,
147,147,EVTOL-01,EC35,31.3045440,120.6035938,199.9,BUSY,M-P-001,V1
147,147,L-UAV-01,AMZN,31.2980172,120.5961588,100.0,BUSY,M-L-001,V2
147,147,M-UAV-01,M600,31.3108767,120.6039862,30.5,AVAILABLE,,
147,147,M-UAV-02,M600,31.2971716,120.5956323,30.5,AVAILABLE,,
148,148,EVTOL-01,EC35,31.3049066,120.6036163,199.9,BUSY,M-P-001,V1
148,148,L-UAV-01,AMZN,31.2978975,120.5960843,100.0,BUSY,M-L-001,V3
148,148,M-UAV-01,M600,31.3108767,120.6039862,30.5,AVAILABLE,,
148,148,M-UAV-02,M600,31.2971716,120.5956323,30.5,AVAILABLE,,
149,149,EVTOL-01,EC35,31.3052693,120.6036388,199.9,BUSY,M-P-001,V1
149,149,L-UAV-01,AMZN,31.2977643,120.5960550,100.0,BUSY,M-L-001,V3
149,149,M-UAV-01,M600,31.3108767,120.6039862,30.5,AVAILABLE,,
149,149,M-UAV-02,M600,31.2971716,120.5956323,30.5,AVAILABLE,,
150,150,EVTOL-01,EC35,31.3056320,120.6036612,199.9,BUSY,M-P-001,V1
150,150,L-UAV-01,AMZN,31.2976297,120.5960737,100.0,BUSY,M-L-001,V3
150,150,M-UAV-01,M600,31.3108767,120.6039862,30.5,AVAILABLE,,
150,150,M-UAV-02,M600,31.2971716,120.5956323,30.5,AVAILABLE,,
151,151,EVTOL-01,EC35,31.3059947,120.6036837,199.9,BUSY,M-P-001,V1
151,151,L-UAV-01,AMZN,31.2975060,120.5961385,100.0,BUSY,M-L-001,V3
151,151,M-UAV-01,M600,31.3108767,120.6039862,30.5,AVAILABLE,,
151,151,M-UAV-02,M600,31.2971716,120.5956323,30.5,AVAILABLE,,
152,152,EVTOL-01,EC35,31.3063574,120.6037062,199.9,BUSY,M-P-001,V1
152,152,L-UAV-01,AMZN,31.2974045,120.5962437,100.0,BUSY,M-L-001,V3
152,152,M-UAV-01,M600,31.3108767,120.6039862,30.5,AVAILABLE,,
152,152,M-UAV-02,M600,31.2971716,120.5956323,30.5,AVAILABLE,,
153,153,EVTOL-01,EC35,31.3067200,120.6037286,199.9,BUSY,M-P-001,V1
153,153,L-UAV-01,AMZN,31.2973345,120.5963795,100.0,BUSY,M-L-001,V3
153,153,M-UAV-01,M600,31.3108767,120.6039862,30.5,AVAILABLE,,
153,153,M-UAV-02,M600,31.2971716,120.5956323,30.5,AVAILABLE,,
154,154,EVTOL-01,EC35,31.3070827,120.6037511,199.9,BUSY,M-P-001,V1
154,154,L-UAV-01,AMZN,31.2973024,120.5965337,100.0,BUSY,M-L-001,V3
154,154,M-UAV-01,M600,31.3108767,120.6039862,30.5,AVAILABLE,,
154,154,M-UAV-02,M600,31.2971716,120.5956323,30.5,AVAILABLE,,
155,155,EVTOL-01,EC35,31.3074454,120.6037736,199.9,BUSY,M-P-001,V1
155,155,L-UAV-01,AMZN,31.2973111,120.5966920,100.0,BUSY,M-L-001,V3
155,155,M-UAV-01,M600,31.3108767,120.6039862,30.5,AVAILABLE,,
155,155,M-UAV-02,M600,31.2971716,120.5956323,30.5,AVAILABLE,,
156,156,EVTOL-01,EC35,31.3078081,120.6037960,199.9,BUSY,M-P-001,V1
156,156,L-UAV-01,AMZN,31.2973598,120.5968400,100.0,BUSY,M-L-001,V3
156,156,M-UAV-01,M600,31.3108767,120.6039862,30.5,AVAILABLE,,
156,156,M-UAV-02,M600,31.2971716,120.5956323,30.5,AVAILABLE,,
157,157,EVTOL-01,EC35,31.3081708,120.6038185,199.9,BUSY,M-P-001,V1
157,157,L-UAV-01,AMZN,31.2974440,120.5969642,100.0,BUSY,M-L-001,V3
157,157,M-UAV-01,M600,31.3108767,120.6039862,30.5,AVAILABLE,,
157,157,M-UAV-02,M600,31.2971716,120.5956323,30.5,AVAILABLE,,
158,158,EVTOL-01,EC35,31.3085335,120.6038410,199.9,BUSY,M-P-001,V1
158,158,L-UAV-01,AMZN,31.2975562,120.5970534,100.0,BUSY,M-L-001,V3
158,158,M-UAV-01,M600,31.3108767,120.6039862,30.5,AVAILABLE,,
158,158,M-UAV-02,M600,31.2971716,120.5956323,30.5,AVAILABLE,,
159,159,EVTOL-01,EC35,31.3088961,120.6038634,199.9,BUSY,M-P-001,V1
159,159,L-UAV-01,AMZN,31.2976754,120.5971289,100.0,BUSY,M-L-001,V3
159,159,M-UAV-01,M600,31.3108767,120.6039862,30.5,AVAILABLE,,
159,159,M-UAV-02,M600,31.2971716,120.5956323,30.5,AVAILABLE,,
160,160,EVTOL-01,EC35,31.3092588,120.6038859,199.9,BUSY,M-P-001,V1
160,160,L-UAV-01,AMZN,31.2977945,120.5972044,100.0,BUSY,M-L-001,V3
160,160,M-UAV-01,M600,31.3108767,120.6039862,30.5,AVAILABLE,,
160,160,M-UAV-02,M600,31.2971716,120.5956323,30.5,AVAILABLE,,
161,161,EVTOL-01,EC35,31.3096215,120.6039084,199.9,BUSY,M-P-001,V1
161,161,L-UAV-01,AMZN,31.2979137,120.5972800,100.0,BUSY,M-L-001,V3
161,161,M-UAV-01,M600,31.3108767,120.6039862,30.5,AVAILABLE,,
161,161,M-UAV-02,M600,31.2971716,120.5956323,30.5,AVAILABLE,,
162,162,EVTOL-01,EC35,31.3099842,120.6039309,199.9,BUSY,M-P-001,V2
162,162,L-UAV-01,AMZN,31.2980329,120.5973555,100.0,BUSY,M-L-001,V3
162,162,M-UAV-01,M600,31.3108767,120.6039862,30.5,AVAILABLE,,
162,162,M-UAV-02,M600,31.2971716,120.5956323,30.5,AVAILABLE,,
163,163,EVTOL-01,EC35,31.3103467,120.6039052,199.9,BUSY,M-P-001,V2
163,163,L-UAV-01,AMZN,31.2981521,120.5974311,100.0,BUSY,M-L-001,V3
163,163,M-UAV-01,M600,31.3108767,120.6039862,30.5,AVAILABLE,,
163,163,M-UAV-02,M600,31.2971716,120.5956323,30.5,AVAILABLE,,
164,164,EVTOL-01,EC35,31.3107045,120.6038318,199.9,BUSY,M-P-001,V2
164,164,L-UAV-01,AMZN,31.2982713,120.5975066,100.0,BUSY,M-L-001,V3
164,164,M-UAV-01,M600,31.3108767,120.6039862,30.5,AVAILABLE,,
164,164,M-UAV-02,M600,31.2971716,120.5956323,30.5,AVAILABLE,,
165,165,EVTOL-01,EC35,31.3110528,120.6037115,199.9,BUSY,M-P-001,V2
165,165,L-UAV-01,AMZN,31.2983905,120.5975822,100.0,BUSY,M-L-001,V3
165,165,M-UAV-01,M600,31.3108767,120.6039862,30.5,AVAILABLE,,
165,165,M-UAV-02,M600,31.2971716,120.5956323,30.5,AVAILABLE,,
166,166,EVTOL-01,EC35,31.3113873,120.6035460,199.9,BUSY,M-P-001,V2
166,166,L-UAV-01,AMZN,31.2985097,120.5976577,100.0,BUSY,M-L-001,V3
166,166,M-UAV-01,M600,31.3108767,120.6039862,30.5,AVAILABLE,,
166,166,M-UAV-02,M600,31.2971716,120.5956323,30.5,AVAILABLE,,
167,167,EVTOL-01,EC35,31.3117037,120.6033372,199.9,BUSY,M-P-001,V2
167,167,L-UAV-01,AMZN,31.2986289,120.5977332,100.0,BUSY,M-L-001,V3
167,167,M-UAV-01,M600,31.3108767,120.6039862,30.5,AVAILABLE,,
167,167,M-UAV-02,M600,31.2971716,120.5956323,30.5,AVAILABLE,,
168,168,EVTOL-01,EC35,31.3119979,120.6030880,199.9,BUSY,M-P-001,V2
168,168,L-UAV-01,AMZN,31.2987481,120.5978088,100.0,BUSY,M-L-001,V3
168,168,M-UAV-01,M600,31.3108767,120.6039862,30.5,AVAILABLE,,
168,168,M-UAV-02,M600,31.2971716,120.5956323,30.5,AVAILABLE,,
169,169,EVTOL-01,EC35,31.3122662,120.6028014,199.9,BUSY,M-P-001,V2
169,169,L-UAV-01,AMZN,31.2988673,120.5978843,100.0,BUSY,M-L-001,V3
169,169,M-UAV-01,M600,31.3108767,120.6039862,30.5,AVAILABLE,,
169,169,M-UAV-02,M600,31.2971716,120.5956323,30.5,AVAILABLE,,
170,170,EVTOL-01,EC35,31.3125051,120.6024812,199.9,BUSY,M-P-001,V2
170,170,L-UAV-01,AMZN,31.2989865,120.5979599,100.0,BUSY,M-L-001,V3
170,170,M-UAV-01,M600,31.3108767,120.6039862,30.5,AVAILABLE,,
170,170,M-UAV-02,M600,31.2971716,120.5956323,30.5,AVAILABLE,,
171,171,EVTOL-01,EC35,31.3127115,120.6021314,199.9,BUSY,M-P-001,V2
171,171,L-UAV-01,AMZN,31.2991056,120.5980354,100.0,BUSY,M-L-001,V3
171,171,M-UAV-01,M600,31.3108767,120.6039862,30.5,AVAILABLE,,
171,171,M-UAV-02,M600,31.2971716,120.5956323,30.5,AVAILABLE,,
172,172,EVTOL-01,EC35,31.3128829,120.6017566,199.9,BUSY,M-P-001,V2
172,172,L-UAV-01,AMZN,31.2992248,120.5981110,100.0,BUSY,M-L-001,V3
172,172,M-UAV-01,M600,31.3108767,120.6039862,30.5,AVAILABLE,,
172,172,M-UAV-02,M600,31.2971716,120.5956323,30.5,AVAILABLE,,
173,173,EVTOL-01,EC35,31.3130170,120.6013615,199.9,BUSY,M-P-001,V2
173,173,L-UAV-01,AMZN,31.2993440,120.5981865,100.0,BUSY,M-L-001,V3
173,173,M-UAV-01,M600,31.3108767,120.6039862,30.5,AVAILABLE,,
173,173,M-UAV-02,M600,31.2971716,120.5956323,30.5,AVAILABLE,,
174,174,EVTOL-01,EC35,31.3131120,120.6009513,199.9,BUSY,M-P-001,V2
174,174,L-UAV-01,AMZN,31.2994632,120.5982620,100.0,BUSY,M-L-001,V3
174,174,M-UAV-01,M600,31.3108767,120.6039862,30.5,AVAILABLE,,
174,174,M-UAV-02,M600,31.2971716,120.5956323,30.5,AVAILABLE,,
175,175,EVTOL-01,EC35,31.3131669,120.6005310,199.9,BUSY,M-P-001,V2
175,175,L-UAV-01,AMZN,31.2995824,120.5983376,100.0,BUSY,M-L-001,V3
175,175,M-UAV-01,M600,31.3108767,120.6039862,30.5,AVAILABLE,,
175,175,M-UAV-02,M600,31.2971716,120.5956323,30.5,AVAILABLE,,
176,176,EVTOL-01,EC35,31.3131809,120.6001062,199.9,BUSY,M-P-001,V2
176,176,L-UAV-01,AMZN,31.2997016,120.5984131,100.0,BUSY,M-L-001,V3
176,176,M-UAV-01,M600,31.3108767,120.6039862,30.5,AVAILABLE,,
176,176,M-UAV-02,M600,31.2971716,120.5956323,30.5,AVAILABLE,,
177,177,EVTOL-01,EC35,31.3131537,120.5996823,199.9,BUSY,M-P-001,V2
177,177,L-UAV-01,AMZN,31.2998208,120.5984887,100.0,BUSY,M-L-001,V3
177,177,M-UAV-01,M600,31.3108767,120.6039862,30.5,AVAILABLE,,
177,177,M-UAV-02,M600,31.2971716,120.5956323,30.5,AVAILABLE,,
178,178,EVTOL-01,EC35,31.3130858,120.5992647,199.9,BUSY,M-P-001,V2
178,178,L-UAV-01,AMZN,31.2999400,120.5985642,100.0,BUSY,M-L-001,V3
178,178,M-UAV-01,M600,31.3108767,120.6039862,30.5,AVAILABLE,,
178,178,M-UAV-02,M600,31.2971716,120.5956323,30.5,AVAILABLE,,
179,179,EVTOL-01,EC35,31.3129780,120.5988587,199.9,BUSY,M-P-001,V2
179,179,L-UAV-01,AMZN,31.3000592,120.5986398,100.0,BUSY,M-L-001,V3
179,179,M-UAV-01,M600,31.3108767,120.6039862,30.5,AVAILABLE,,
179,179,M-UAV-02,M600,31.2971716,120.5956323,30.5,AVAILABLE,,
180,180,EVTOL-01,EC35,31.3128318,120.5984696,199.9,BUSY,M-P-001,V2
180,180,L-UAV-01,AMZN,31.3001784,120.5987153,100.0,BUSY,M-L-001,V3
180,180,M-UAV-01,M600,31.3108767,120.6039862,30.5,AVAILABLE,,
180,180,M-UAV-02,M600,31.2971716,120.5956323,30.5,AVAILABLE,,
181,181,EVTOL-01,EC35,31.3126489,120.5981023,199.9,BUSY,M-P-001,V2
181,181,L-UAV-01,AMZN,31.3002975,120.5987909,100.0,BUSY,M-L-001,V3
181,181,M-UAV-01,M600,31.3108767,120.6039862,30.5,AVAILABLE,,
181,181,M-UAV-02,M600,31.2971716,120.5956323,30.5,AVAILABLE,,
182,182,EVTOL-01,EC35,31.3124317,120.5977616,199.9,BUSY,M-P-001,V2
182,182,L-UAV-01,AMZN,31.3004167,120.5988664,100.0,BUSY,M-L-001,V3
182,182,M-UAV-01,M600,31.3108767,120.6039862,30.5,AVAILABLE,,
182,182,M-UAV-02,M600,31.2971716,120.5956323,30.5,AVAILABLE,,
183,183,EVTOL-01,EC35,31.3121830,120.5974518,199.9,BUSY,M-P-001,V2
183,183,L-UAV-01,AMZN,31.3005359,120.5989420,100.0,BUSY,M-L-001,V3
183,183,M-UAV-01,M600,31.3108767,120.6039862,30.5,AVAILABLE,,
183,183,M-UAV-02,M600,31.2971716,120.5956323,30.5,AVAILABLE,,
184,184,EVTOL-01,EC35,31.3119060,120.5971768,199.9,BUSY,M-P-001,V2
184,184,L-UAV-01,AMZN,31.3006551,120.5990175,100.0,BUSY,M-L-001,V3
184,184,M-UAV-01,M600,31.3108767,120.6039862,30.5,AVAILABLE,,
184,184,M-UAV-02,M600,31.2971716,120.5956323,30.5,AVAILABLE,,
185,185,EVTOL-01,EC35,31.3116042,120.5969403,199.9,BUSY,M-P-001,V2
185,185,L-UAV-01,AMZN,31.3007743,120.5990930,100.0,BUSY,M-L-001,V3
185,185,M-UAV-01,M600,31.3108767,120.6039862,30.5,AVAILABLE,,
185,185,M-UAV-02,M600,31.2971716,120.5956323,30.5,AVAILABLE,,
186,186,EVTOL-01,EC35,31.3112816,120.5967452,199.9,BUSY,M-P-001,V2
186,186,L-UAV-01,AMZN,31.3008935,120.5991686,100.0,BUSY,M-L-001,V3
186,186,M-UAV-01,M600,31.3108767,120.6039862,30.5,AVAILABLE,,
186,186,M-UAV-02,M600,31.2971716,120.5956323,30.5,AVAILABLE,,
187,187,EVTOL-01,EC35,31.3109421,120.5965940,199.9,BUSY,M-P-001,V2
187,187,L-UAV-01,AMZN,31.3010127,120.5992441,100.0,BUSY,M-L-001,V3
187,187,M-UAV-01,M600,31.3108767,120.6039862,30.5,AVAILABLE,,
187,187,M-UAV-02,M600,31.2971716,120.5956323,30.5,AVAILABLE,,
188,188,EVTOL-01,EC35,31.3105903,120.5964886,199.9,BUSY,M-P-001,V2
188,188,L-UAV-01,AMZN,31.3011319,120.5993197,100.0,BUSY,M-L-001,V3
188,188,M-UAV-01,M600,31.3108767,120.6039862,30.5,AVAILABLE,,
188,188,M-UAV-02,M600,31.2971716,120.5956323,30.5,AVAILABLE,,
189,189,EVTOL-01,EC35,31.3102305,120.5964305,199.9,BUSY,M-P-001,V2
189,189,L-UAV-01,AMZN,31.3012511,120.5993952,100.0,BUSY,M-L-001,V3
189,189,M-UAV-01,M600,31.3108767,120.6039862,30.5,AVAILABLE,,
189,189,M-UAV-02,M600,31.2971716,120.5956323,30.5,AVAILABLE,,
190,190,EVTOL-01,EC35,31.3098678,120.5964083,199.9,BUSY,M-P-001,V2
190,190,L-UAV-01,AMZN,31.3013703,120.5994708,100.0,BUSY,M-L-001,V3
190,190,M-UAV-01,M600,31.3108767,120.6039862,30.5,AVAILABLE,,
190,190,M-UAV-02,M600,31.2971716,120.5956323,30.5,AVAILABLE,,
191,191,EVTOL-01,EC35,31.3095051,120.5963861,199.9,BUSY,M-P-001,V2
191,191,L-UAV-01,AMZN,31.3014894,120.5995463,100.0,BUSY,M-L-001,V3
191,191,M-UAV-01,M600,31.3108767,120.6039862,30.5,AVAILABLE,,
191,191,M-UAV-02,M600,31.2971716,120.5956323,30.5,AVAILABLE,,
192,192,EVTOL-01,EC35,31.3091424,120.5963640,199.9,BUSY,M-P-001,V2
192,192,L-UAV-01,AMZN,31.3016086,120.5996219,100.0,BUSY,M-L-001,V3
192,192,M-UAV-01,M600,31.3108767,120.6039862,30.5,AVAILABLE,,
192,192,M-UAV-02,M600,31.2971716,120.5956323,30.5,AVAILABLE,,
193,193,EVTOL-01,EC35,31.3087797,120.5963418,199.9,BUSY,M-P-001,V2
193,193,L-UAV-01,AMZN,31.3017278,120.5996974,100.0,BUSY,M-L-001,V3
193,193,M-UAV-01,M600,31.3108767,120.6039862,30.5,AVAILABLE,,
193,193,M-UAV-02,M600,31.2971716,120.5956323,30.5,AVAILABLE,,
194,194,EVTOL-01,EC35,31.3084170,120.5963196,199.9,BUSY,M-P-001,V2
194,194,L-UAV-01,AMZN,31.3018470,120.5997730,100.0,BUSY,M-L-001,V3
194,194,M-UAV-01,M600,31.3108767,120.6039862,30.5,AVAILABLE,,
194,194,M-UAV-02,M600,31.2971716,120.5956323,30.5,AVAILABLE,,
195,195,EVTOL-01,EC35,31.3080543,120.5962975,199.9,BUSY,M-P-001,V2
195,195,L-UAV-01,AMZN,31.3019662,120.5998485,100.0,BUSY,M-L-001,V3
195,195,M-UAV-01,M600,31.3108767,120.6039862,30.5,AVAILABLE,,
195,195,M-UAV-02,M600,31.2971716,120.5956323,30.5,AVAILABLE,,
196,196,EVTOL-01,EC35,31.3076916,120.5962753,199.9,BUSY,M-P-001,V2
196,196,L-UAV-01,AMZN,31.3020854,120.5999241,100.0,BUSY,M-L-001,V3
196,196,M-UAV-01,M600,31.3108767,120.6039862,30.5,AVAILABLE,,
196,196,M-UAV-02,M600,31.2971716,120.5956323,30.5,AVAILABLE,,
197,197,EVTOL-01,EC35,31.3073289,120.5962531,199.9,BUSY,M-P-001,V2
197,197,L-UAV-01,AMZN,31.3022046,120.5999996,100.0,BUSY,M-L-001,V3
197,197,M-UAV-01,M600,31.3108767,120.6039862,30.5,AVAILABLE,,
197,197,M-UAV-02,M600,31.2971716,120.5956323,30.5,AVAILABLE,,
198,198,EVTOL-01,EC35,31.3069662,120.5962310,199.9,BUSY,M-P-001,V2
198,198,L-UAV-01,AMZN,31.3023238,120.6000752,100.0,BUSY,M-L-001,V3
198,198,M-UAV-01,M600,31.3108767,120.6039862,30.5,AVAILABLE,,
198,198,M-UAV-02,M600,31.2971716,120.5956323,30.5,AVAILABLE,,
199,199,EVTOL-01,EC35,31.3066035,120.5962088,199.9,BUSY,M-P-001,V2
199,199,L-UAV-01,AMZN,31.3024430,120.6001507,100.0,BUSY,M-L-001,V3
199,199,M-UAV-01,M600,31.3108767,120.6039862,30.5,AVAILABLE,,
199,199,M-UAV-02,M600,31.2971716,120.5956323,30.5,AVAILABLE,,
200,200,EVTOL-01,EC35,31.3062408,120.5961866,199.9,BUSY,M-P-001,V2
200,200,L-UAV-01,AMZN,31.3025621,120.6002263,100.0,BUSY,M-L-001,V3
200,200,M-UAV-01,M600,31.3108767,120.6039862,30.5,AVAILABLE,,
200,200,M-UAV-02,M600,31.2971716,120.5956323,30.5,AVAILABLE,,
201,201,EVTOL-01,EC35,31.3058781,120.5961644,199.9,BUSY,M-P-001,V2
201,201,L-UAV-01,AMZN,31.3026813,120.6003018,100.0,BUSY,M-L-001,V3
201,201,M-UAV-01,M600,31.3108767,120.6039862,30.5,AVAILABLE,,
201,201,M-UAV-02,M600,31.2971716,120.5956323,30.5,AVAILABLE,,
202,202,EVTOL-01,EC35,31.3055154,120.5961423,199.9,BUSY,M-P-001,V2
202,202,L-UAV-01,AMZN,31.3028005,120.6003774,100.0,BUSY,M-L-001,V3
202,202,M-UAV-01,M600,31.3108767,120.6039862,30.5,AVAILABLE,,
202,202,M-UAV-02,M600,31.2971716,120.5956323,30.5,AVAILABLE,,
203,203,EVTOL-01,EC35,31.3051527,120.5961201,199.9,BUSY,M-P-001,V2
203,203,L-UAV-01,AMZN,31.3029197,120.6004529,100.0,BUSY,M-L-001,V3
203,203,M-UAV-01,M600,31.3108767,120.6039862,30.5,AVAILABLE,,
203,203,M-UAV-02,M600,31.2971716,120.5956323,30.5,AVAILABLE,,
204,204,EVTOL-01,EC35,31.3047900,120.5960979,199.9,BUSY,M-P-001,V2
204,204,L-UAV-01,AMZN,31.3030389,120.6005285,100.0,BUSY,M-L-001,V3
204,204,M-UAV-01,M600,31.3108767,120.6039862,30.5,AVAILABLE,,
204,204,M-UAV-02,M600,31.2971716,120.5956323,30.5,AVAILABLE,,
205,205,EVTOL-01,EC35,31.3044273,120.5960758,199.9,BUSY,M-P-001,V2
205,205,L-UAV-01,AMZN,31.3031581,120.6006040,100.0,BUSY,M-L-001,V3
205,205,M-UAV-01,M600,31.3108767,120.6039862,30.5,AVAILABLE,,
205,205,M-UAV-02,M600,31.2971716,120.5956323,30.5,AVAILABLE,,
206,206,EVTOL-01,EC35,31.3040646,120.5960536,199.9,BUSY,M-P-001,V2
206,206,L-UAV-01,AMZN,31.3032773,120.6006796,100.0,BUSY,M-L-001,V3
206,206,M-UAV-01,M600,31.3108767,120.6039862,30.5,AVAILABLE,,
206,206,M-UAV-02,M600,31.2971716,120.5956323,30.5,AVAILABLE,,
207,207,EVTOL-01,EC35,31.3037019,120.5960314,199.9,BUSY,M-P-001,V2
207,207,L-UAV-01,AMZN,31.3033965,120.6007551,100.0,BUSY,M-L-001,V3
207,207,M-UAV-01,M600,31.3108767,120.6039862,30.5,AVAILABLE,,
207,207,M-UAV-02,M600,31.2971716,120.5956323,30.5,AVAILABLE,,
208,208,EVTOL-01,EC35,31.3033392,120.5960093,199.9,BUSY,M-P-001,V2
208,208,L-UAV-01,AMZN,31.3035157,120.6008307,100.0,BUSY,M-L-001,V3
208,208,M-UAV-01,M600,31.3108767,120.6039862,30.5,AVAILABLE,,
208,208,M-UAV-02,M600,31.2971716,120.5956323,30.5,AVAILABLE,,
209,209,EVTOL-01,EC35,31.3029766,120.5959871,199.9,BUSY,M-P-001,V2
209,209,L-UAV-01,AMZN,31.3036349,120.6009062,100.0,BUSY,M-L-001,V3
209,209,M-UAV-01,M600,31.3108767,120.6039862,30.5,AVAILABLE,,
209,209,M-UAV-02,M600,31.2971716,120.5956323,30.5,AVAILABLE,,
210,210,EVTOL-01,EC35,31.3026139,120.5959649,199.9,BUSY,M-P-001,V2
210,210,L-UAV-01,AMZN,31.3037540,120.6009818,100.0,BUSY,M-L-001,V3
210,210,M-UAV-01,M600,31.3108767,120.6039862,30.5,AVAILABLE,,
210,210,M-UAV-02,M600,31.2971716,120.5956323,30.5,AVAILABLE,,
211,211,EVTOL-01,EC35,31.3022512,120.5959428,199.9,BUSY,M-P-001,V2
211,211,L-UAV-01,AMZN,31.3038732,120.6010573,100.0,BUSY,M-L-001,V3
211,211,M-UAV-01,M600,31.3108767,120.6039862,30.5,AVAILABLE,,
211,211,M-UAV-02,M600,31.2971716,120.5956323,30.5,AVAILABLE,,
212,212,EVTOL-01,EC35,31.3018885,120.5959206,199.9,BUSY,M-P-001,V2
212,212,L-UAV-01,AMZN,31.3039924,120.6011329,100.0,BUSY,M-L-001,V3
212,212,M-UAV-01,M600,31.3108767,120.6039862,30.5,AVAILABLE,,
212,212,M-UAV-02,M600,31.2971716,120.5956323,30.5,AVAILABLE,,
213,213,EVTOL-01,EC35,31.3015258,120.5958984,199.9,BUSY,M-P-001,V2
213,213,L-UAV-01,AMZN,31.3041116,120.6012084,100.0,BUSY,M-L-001,V3
213,213,M-UAV-01,M600,31.3108767,120.6039862,30.5,AVAILABLE,,
213,213,M-UAV-02,M600,31.2971716,120.5956323,30.5,AVAILABLE,,
214,214,EVTOL-01,EC35,31.3011631,120.5958763,199.9,BUSY,M-P-001,V2
214,214,L-UAV-01,AMZN,31.3042308,120.6012840,100.0,BUSY,M-L-001,V3
214,214,M-UAV-01,M600,31.3108767,120.6039862,30.5,AVAILABLE,,
214,214,M-UAV-02,M600,31.2971716,120.5956323,30.5,AVAILABLE,,
215,215,EVTOL-01,EC35,31.3008004,120.5958541,199.9,BUSY,M-P-001,V2
215,215,L-UAV-01,AMZN,31.3043500,120.6013595,100.0,BUSY,M-L-001,V3
215,215,M-UAV-01,M600,31.3108767,120.6039862,30.5,AVAILABLE,,
215,215,M-UAV-02,M600,31.2971716,120.5956323,30.5,AVAILABLE,,
216,216,EVTOL-01,EC35,31.3004377,120.5958319,199.9,BUSY,M-P-001,V2
216,216,L-UAV-01,AMZN,31.3044692,120.6014351,100.0,BUSY,M-L-001,V3
216,216,M-UAV-01,M600,31.3108767,120.6039862,30.5,AVAILABLE,,
216,216,M-UAV-02,M600,31.2971716,120.5956323,30.5,AVAILABLE,,
217,217,EVTOL-01,EC35,31.3000750,120.5958098,199.9,BUSY,M-P-001,V2
217,217,L-UAV-01,AMZN,31.3045884,120.6015106,100.0,BUSY,M-L-001,V3
217,217,M-UAV-01,M600,31.3108767,120.6039862,30.5,AVAILABLE,,
217,217,M-UAV-02,M600,31.2971716,120.5956323,30.5,AVAILABLE,,
218,218,EVTOL-01,EC35,31.2997123,120.5957876,199.9,BUSY,M-P-001,V2
218,218,L-UAV-01,AMZN,31.3047075,120.6015862,100.0,BUSY,M-L-001,V3
218,218,M-UAV-01,M600,31.3108767,120.6039862,30.5,AVAILABLE,,
218,218,M-UAV-02,M600,31.2971716,120.5956323,30.5,AVAILABLE,,
219,219,EVTOL-01,EC35,31.2993496,120.5957654,199.9,BUSY,M-P-001,V2
219,219,L-UAV-01,AMZN,31.3048267,120.6016617,100.0,BUSY,M-L-001,V3
219,219,M-UAV-01,M600,31.3108767,120.6039862,30.5,AVAILABLE,,
219,219,M-UAV-02,M600,31.2971716,120.5956323,30.5,AVAILABLE,,
220,220,EVTOL-01,EC35,31.2989869,120.5957433,199.9,BUSY,M-P-001,V2
220,220,L-UAV-01,AMZN,31.3049459,120.6017373,100.0,BUSY,M-L-001,V3
220,220,M-UAV-01,M600,31.3108767,120.6039862,30.5,AVAILABLE,,
220,220,M-UAV-02,M600,31.2971716,120.5956323,30.5,AVAILABLE,,
221,221,EVTOL-01,EC35,31.2986242,120.5957211,199.9,BUSY,M-P-001,V2
221,221,L-UAV-01,AMZN,31.3050651,120.6018129,100.0,BUSY,M-L-001,V3
221,221,M-UAV-01,M600,31.3108767,120.6039862,30.5,AVAILABLE,,
221,221,M-UAV-02,M600,31.2971716,120.5956323,30.5,AVAILABLE,,
222,222,EVTOL-01,EC35,31.2982615,120.5956989,199.9,BUSY,M-P-001,V2
222,222,L-UAV-01,AMZN,31.3051843,120.6018884,100.0,BUSY,M-L-001,V3
222,222,M-UAV-01,M600,31.3108767,120.6039862,30.5,AVAILABLE,,
222,222,M-UAV-02,M600,31.2971716,120.5956323,30.5,AVAILABLE,,
223,223,EVTOL-01,EC35,31.2978988,120.5956768,199.9,BUSY,M-P-001,V1
223,223,L-UAV-01,AMZN,31.3053035,120.6019640,100.0,BUSY,M-L-001,V3
223,223,M-UAV-01,M600,31.3108767,120.6039862,30.5,AVAILABLE,,
223,223,M-UAV-02,M600,31.2971716,120.5956323,30.5,AVAILABLE,,
224,224,EVTOL-01,EC35,31.2975363,120.5957027,199.9,BUSY,M-P-001,V1
224,224,L-UAV-01,AMZN,31.3054227,120.6020395,100.0,BUSY,M-L-001,V3
224,224,M-UAV-01,M600,31.3108767,120.6039862,30.5,AVAILABLE,,
224,224,M-UAV-02,M600,31.2971716,120.5956323,30.5,AVAILABLE,,
225,225,EVTOL-01,EC35,31.2971786,120.5957764,199.9,BUSY,M-P-001,V1
225,225,L-UAV-01,AMZN,31.3055419,120.6021151,100.0,BUSY,M-L-001,V3
225,225,M-UAV-01,M600,31.3108767,120.6039862,30.5,AVAILABLE,,
225,225,M-UAV-02,M600,31.2971716,120.5956323,30.5,AVAILABLE,,
226,226,EVTOL-01,EC35,31.2968303,120.5958970,199.9,BUSY,M-P-001,V1
226,226,L-UAV-01,AMZN,31.3056611,120.6021906,100.0,BUSY,M-L-001,V3
226,226,M-UAV-01,M600,31.3108767,120.6039862,30.5,AVAILABLE,,
226,226,M-UAV-02,M600,31.2971716,120.5956323,30.5,AVAILABLE,,
227,227,EVTOL-01,EC35,31.2964959,120.5960628,199.9,BUSY,M-P-001,V1
227,227,L-UAV-01,AMZN,31.3057802,120.6022662,100.0,BUSY,M-L-001,V2
227,227,M-UAV-01,M600,31.3108767,120.6039862,30.5,AVAILABLE,,
227,227,M-UAV-02,M600,31.2971716,120.5956323,30.5,AVAILABLE,,
228,228,EVTOL-01,EC35,31.2961797,120.5962717,199.9,BUSY,M-P-001,V1
228,228,L-UAV-01,AMZN,31.3059133,120.6022966,100.0,BUSY,M-L-001,V2
228,228,M-UAV-01,M600,31.3108767,120.6039862,30.5,AVAILABLE,,
228,228,M-UAV-02,M600,31.2971716,120.5956323,30.5,AVAILABLE,,
229,229,EVTOL-01,EC35,31.2958856,120.5965212,199.9,BUSY,M-P-001,V1
229,229,L-UAV-01,AMZN,31.3060480,120.6022791,100.0,BUSY,M-L-001,V2
229,229,M-UAV-01,M600,31.3108767,120.6039862,30.5,AVAILABLE,,
229,229,M-UAV-02,M600,31.2971716,120.5956323,30.5,AVAILABLE,,
230,230,EVTOL-01,EC35,31.2956175,120.5968079,199.9,BUSY,M-P-001,V1
230,230,L-UAV-01,AMZN,31.3061721,120.6022153,100.0,BUSY,M-L-001,V2
230,230,M-UAV-01,M600,31.3108767,120.6039862,30.5,AVAILABLE,,
230,230,M-UAV-02,M600,31.2971716,120.5956323,30.5,AVAILABLE,,
231,231,EVTOL-01,EC35,31.2953788,120.5971283,199.9,BUSY,M-P-001,V1
231,231,L-UAV-01,AMZN,31.3062743,120.6021111,100.0,BUSY,M-L-001,V2
231,231,M-UAV-01,M600,31.3108767,120.6039862,30.5,AVAILABLE,,
231,231,M-UAV-02,M600,31.2971716,120.5956323,30.5,AVAILABLE,,
232,232,EVTOL-01,EC35,31.2951726,120.5974781,199.9,BUSY,M-P-001,V1
232,232,L-UAV-01,AMZN,31.3063451,120.6019758,100.0,BUSY,M-L-001,V2
232,232,M-UAV-01,M600,31.3108767,120.6039862,30.5,AVAILABLE,,
232,232,M-UAV-02,M600,31.2971716,120.5956323,30.5,AVAILABLE,,
233,233,EVTOL-01,EC35,31.2950014,120.5978530,199.9,BUSY,M-P-001,V1
233,233,L-UAV-01,AMZN,31.3063782,120.6018220,100.0,BUSY,M-L-001,V2
233,233,M-UAV-01,M600,31.3108767,120.6039862,30.5,AVAILABLE,,
233,233,M-UAV-02,M600,31.2971716,120.5956323,30.5,AVAILABLE,,
234,234,EVTOL-01,EC35,31.2948676,120.5982482,199.9,BUSY,M-P-001,V1
234,234,L-UAV-01,AMZN,31.3063706,120.6016636,100.0,BUSY,M-L-001,V2
234,234,M-UAV-01,M600,31.3108767,120.6039862,30.5,AVAILABLE,,
234,234,M-UAV-02,M600,31.2971716,120.5956323,30.5,AVAILABLE,,
235,235,EVTOL-01,EC35,31.2947728,120.5986584,199.9,BUSY,M-P-001,V1
235,235,L-UAV-01,AMZN,31.3063228,120.6015151,100.0,BUSY,M-L-001,V2
235,235,M-UAV-01,M600,31.3108767,120.6039862,30.5,AVAILABLE,,
235,235,M-UAV-02,M600,31.2971716,120.5956323,30.5,AVAILABLE,,
236,236,EVTOL-01,EC35,31.2947182,120.5990786,199.9,BUSY,M-P-001,V1
236,236,L-UAV-01,AMZN,31.3062393,120.6013901,100.0,BUSY,M-L-001,V2
236,236,M-UAV-01,M600,31.3108767,120.6039862,30.5,AVAILABLE,,
236,236,M-UAV-02,M600,31.2971716,120.5956323,30.5,AVAILABLE,,
237,237,EVTOL-01,EC35,31.2947045,120.5995034,199.9,BUSY,M-P-001,V1
237,237,L-UAV-01,AMZN,31.3061278,120.6013000,100.0,BUSY,M-L-001,V2
237,237,M-UAV-01,M600,31.3108767,120.6039862,30.5,AVAILABLE,,
237,237,M-UAV-02,M600,31.2971716,120.5956323,30.5,AVAILABLE,,
238,238,EVTOL-01,EC35,31.2947319,120.5999272,199.9,BUSY,M-P-001,V1
238,238,L-UAV-01,AMZN,31.3060085,120.6012246,100.0,BUSY,M-L-001,V2
238,238,M-UAV-01,M600,31.3108767,120.6039862,30.5,AVAILABLE,,
238,238,M-UAV-02,M600,31.2971716,120.5956323,30.5,AVAILABLE,,
239,239,EVTOL-01,EC35,31.2948000,120.6003447,199.9,BUSY,M-P-001,V1
239,239,L-UAV-01,AMZN,31.3058893,120.6011491,100.0,BUSY,M-L-001,V2
239,239,M-UAV-01,M600,31.3108767,120.6039862,30.5,AVAILABLE,,
239,239,M-UAV-02,M600,31.2971716,120.5956323,30.5,AVAILABLE,,
240,240,EVTOL-01,EC35,31.2949081,120.6007505,199.9,BUSY,M-P-001,V1
240,240,L-UAV-01,AMZN,31.3057701,120.6010736,100.0,BUSY,M-L-001,V2
240,240,M-UAV-01,M600,31.3108767,120.6039862,30.5,AVAILABLE,,
240,240,M-UAV-02,M600,31.2971716,120.5956323,30.5,AVAILABLE,,
241,241,EVTOL-01,EC35,31.2950546,120.6011394,199.9,BUSY,M-P-001,V1
241,241,L-UAV-01,AMZN,31.3056508,120.6009982,100.0,BUSY,M-L-001,V2
241,241,M-UAV-01,M600,31.3108767,120.6039862,30.5,AVAILABLE,,
241,241,M-UAV-02,M600,31.2971716,120.5956323,30.5,AVAILABLE,,
242,242,EVTOL-01,EC35,31.2952377,120.6015064,199.9,BUSY,M-P-001,V1
242,242,L-UAV-01,AMZN,31.3055316,120.6009227,100.0,BUSY,M-L-001,V2
242,242,M-UAV-01,M600,31.3108767,120.6039862,30.5,AVAILABLE,,
242,242,M-UAV-02,M600,31.2971716,120.5956323,30.5,AVAILABLE,,
243,243,EVTOL-01,EC35,31.2954551,120.6018469,199.9,BUSY,M-P-001,V1
243,243,L-UAV-01,AMZN,31.3054124,120.6008473,100.0,BUSY,M-L-001,V2
243,243,M-UAV-01,M600,31.3108767,120.6039862,30.5,AVAILABLE,,
243,243,M-UAV-02,M600,31.2971716,120.5956323,30.5,AVAILABLE,,
244,244,EVTOL-01,EC35,31.2957040,120.6021565,199.9,BUSY,M-P-001,V1
244,244,L-UAV-01,AMZN,31.3052931,120.6007718,100.0,BUSY,M-L-001,V2
244,244,M-UAV-01,M600,31.3108767,120.6039862,30.5,AVAILABLE,,
244,244,M-UAV-02,M600,31.2971716,120.5956323,30.5,AVAILABLE,,
245,245,EVTOL-01,EC35,31.2959811,120.6024311,199.9,BUSY,M-P-001,V1
245,245,L-UAV-01,AMZN,31.3051739,120.6006963,100.0,BUSY,M-L-001,V2
245,245,M-UAV-01,M600,31.3108767,120.6039862,30.5,AVAILABLE,,
245,245,M-UAV-02,M600,31.2971716,120.5956323,30.5,AVAILABLE,,
246,246,EVTOL-01,EC35,31.2962830,120.6026674,199.9,BUSY,M-P-001,V1
246,246,L-UAV-01,AMZN,31.3050547,120.6006209,100.0,BUSY,M-L-001,V2
246,246,M-UAV-01,M600,31.3108767,120.6039862,30.5,AVAILABLE,,
246,246,M-UAV-02,M600,31.2971716,120.5956323,30.5,AVAILABLE,,
247,247,EVTOL-01,EC35,31.2966058,120.6028622,199.9,BUSY,M-P-001,V1
247,247,L-UAV-01,AMZN,31.3049354,120.6005454,100.0,BUSY,M-L-001,V2
247,247,M-UAV-01,M600,31.3108767,120.6039862,30.5,AVAILABLE,,
247,247,M-UAV-02,M600,31.2971716,120.5956323,30.5,AVAILABLE,,
248,248,EVTOL-01,EC35,31.2969453,120.6030131,199.9,BUSY,M-P-001,V1
248,248,L-UAV-01,AMZN,31.3048162,120.6004700,100.0,BUSY,M-L-001,V2
248,248,M-UAV-01,M600,31.3108767,120.6039862,30.5,AVAILABLE,,
248,248,M-UAV-02,M600,31.2971716,120.5956323,30.5,AVAILABLE,,
249,249,EVTOL-01,EC35,31.2972973,120.6031182,199.9,BUSY,M-P-001,V1
249,249,L-UAV-01,AMZN,31.3046970,120.6003945,100.0,BUSY,M-L-001,V2
249,249,M-UAV-01,M600,31.3108767,120.6039862,30.5,AVAILABLE,,
249,249,M-UAV-02,M600,31.2971716,120.5956323,30.5,AVAILABLE,,
250,250,EVTOL-01,EC35,31.2976571,120.6031760,199.9,BUSY,M-P-001,V1
250,250,L-UAV-01,AMZN,31.3045778,120.6003191,100.0,BUSY,M-L-001,V2
250,250,M-UAV-01,M600,31.3108767,120.6039862,30.5,AVAILABLE,,
250,250,M-UAV-02,M600,31.2971716,120.5956323,30.5,AVAILABLE,,
251,251,EVTOL-01,EC35,31.2980198,120.6031982,199.9,BUSY,M-P-001,V1
251,251,L-UAV-01,AMZN,31.3044585,120.6002436,100.0,BUSY,M-L-001,V2
251,251,M-UAV-01,M600,31.3108767,120.6039862,30.5,AVAILABLE,,
251,251,M-UAV-02,M600,31.2971716,120.5956323,30.5,AVAILABLE,,
252,252,EVTOL-01,EC35,31.2983825,120.6032204,199.9,BUSY,M-P-001,V1
252,252,L-UAV-01,AMZN,31.3043393,120.6001681,100.0,BUSY,M-L-001,V2
252,252,M-UAV-01,M600,31.3108767,120.6039862,30.5,AVAILABLE,,
252,252,M-UAV-02,M600,31.2971716,120.5956323,30.5,AVAILABLE,,
253,253,EVTOL-01,EC35,31.2987452,120.6032427,199.9,BUSY,M-P-001,V1
253,253,L-UAV-01,AMZN,31.3042201,120.6000927,100.0,BUSY,M-L-001,V2
253,253,M-UAV-01,M600,31.3108767,120.6039862,30.5,AVAILABLE,,
253,253,M-UAV-02,M600,31.2971716,120.5956323,30.5,AVAILABLE,,
254,254,EVTOL-01,EC35,31.2991079,120.6032649,199.9,BUSY,M-P-001,V1
254,254,L-UAV-01,AMZN,31.3041008,120.6000172,100.0,BUSY,M-L-001,V2
254,254,M-UAV-01,M600,31.3108767,120.6039862,30.5,AVAILABLE,,
254,254,M-UAV-02,M600,31.2971716,120.5956323,30.5,AVAILABLE,,
255,255,EVTOL-01,EC35,31.2994706,120.6032871,199.9,BUSY,M-P-001,V1
255,255,L-UAV-01,AMZN,31.3039816,120.5999418,100.0,BUSY,M-L-001,V2
255,255,M-UAV-01,M600,31.3108767,120.6039862,30.5,AVAILABLE,,
255,255,M-UAV-02,M600,31.2971716,120.5956323,30.5,AVAILABLE,,
256,256,EVTOL-01,EC35,31.2998332,120.6033093,199.9,BUSY,M-P-001,V1
256,256,L-UAV-01,AMZN,31.3038624,120.5998663,100.0,BUSY,M-L-001,V2
256,256,M-UAV-01,M600,31.3108767,120.6039862,30.5,AVAILABLE,,
256,256,M-UAV-02,M600,31.2971716,120.5956323,30.5,AVAILABLE,,
257,257,EVTOL-01,EC35,31.3001959,120.6033316,199.9,BUSY,M-P-001,V1
257,257,L-UAV-01,AMZN,31.3037431,120.5997908,100.0,BUSY,M-L-001,V2
257,257,M-UAV-01,M600,31.3108767,120.6039862,30.5,AVAILABLE,,
257,257,M-UAV-02,M600,31.2971716,120.5956323,30.5,AVAILABLE,,
258,258,EVTOL-01,EC35,31.3005586,120.6033538,199.9,BUSY,M-P-001,V1
258,258,L-UAV-01,AMZN,31.3036239,120.5997154,100.0,BUSY,M-L-001,V2
258,258,M-UAV-01,M600,31.3108767,120.6039862,30.5,AVAILABLE,,
258,258,M-UAV-02,M600,31.2971716,120.5956323,30.5,AVAILABLE,,
259,259,EVTOL-01,EC35,31.3009213,120.6033760,199.9,BUSY,M-P-001,V1
259,259,L-UAV-01,AMZN,31.3035047,120.5996399,100.0,BUSY,M-L-001,V2
259,259,M-UAV-01,M600,31.3108767,120.6039862,30.5,AVAILABLE,,
259,259,M-UAV-02,M600,31.2971716,120.5956323,30.5,AVAILABLE,,
260,260,EVTOL-01,EC35,31.3012840,120.6033982,199.9,BUSY,M-P-001,V1
260,260,L-UAV-01,AMZN,31.3033854,120.5995645,100.0,BUSY,M-L-001,V2
260,260,M-UAV-01,M600,31.3108767,120.6039862,30.5,AVAILABLE,,
260,260,M-UAV-02,M600,31.2971716,120.5956323,30.5,AVAILABLE,,
261,261,EVTOL-01,EC35,31.3016467,120.6034205,199.9,BUSY,M-P-001,V1
261,261,L-UAV-01,AMZN,31.3032662,120.5994890,100.0,BUSY,M-L-001,V2
261,261,M-UAV-01,M600,31.3108767,120.6039862,30.5,AVAILABLE,,
261,261,M-UAV-02,M600,31.2971716,120.5956323,30.5,AVAILABLE,,
262,262,EVTOL-01,EC35,31.3020094,120.6034427,199.9,BUSY,M-P-001,V1
262,262,L-UAV-01,AMZN,31.3031470,120.5994136,100.0,BUSY,M-L-001,V2
262,262,M-UAV-01,M600,31.3108767,120.6039862,30.5,AVAILABLE,,
262,262,M-UAV-02,M600,31.2971716,120.5956323,30.5,AVAILABLE,,
263,263,EVTOL-01,EC35,31.3023721,120.6034649,199.9,BUSY,M-P-001,V1
263,263,L-UAV-01,AMZN,31.3030277,120.5993381,100.0,BUSY,M-L-001,V2
263,263,M-UAV-01,M600,31.3108767,120.6039862,30.5,AVAILABLE,,
263,263,M-UAV-02,M600,31.2971716,120.5956323,30.5,AVAILABLE,,
264,264,EVTOL-01,EC35,31.3027348,120.6034871,199.9,BUSY,M-P-001,V1
264,264,L-UAV-01,AMZN,31.3029085,120.5992627,100.0,BUSY,M-L-001,V2
264,264,M-UAV-01,M600,31.3108767,120.6039862,30.5,AVAILABLE,,
264,264,M-UAV-02,M600,31.2971716,120.5956323,30.5,AVAILABLE,,
265,265,EVTOL-01,EC35,31.3030975,120.6035094,199.9,BUSY,M-P-001,V1
265,265,L-UAV-01,AMZN,31.3027893,120.5991872,100.0,BUSY,M-L-001,V2
265,265,M-UAV-01,M600,31.3108767,120.6039862,30.5,AVAILABLE,,
265,265,M-UAV-02,M600,31.2971716,120.5956323,30.5,AVAILABLE,,
266,266,EVTOL-01,EC35,31.3034602,120.6035316,199.9,BUSY,M-P-001,V1
266,266,L-UAV-01,AMZN,31.3026700,120.5991117,100.0,BUSY,M-L-001,V2
266,266,M-UAV-01,M600,31.3108767,120.6039862,30.5,AVAILABLE,,
266,266,M-UAV-02,M600,31.2971716,120.5956323,30.5,AVAILABLE,,
267,267,EVTOL-01,EC35,31.3038229,120.6035538,199.9,BUSY,M-P-001,V1
267,267,L-UAV-01,AMZN,31.3025508,120.5990363,100.0,BUSY,M-L-001,V2
267,267,M-UAV-01,M600,31.3108767,120.6039862,30.5,AVAILABLE,,
267,267,M-UAV-02,M600,31.2971716,120.5956323,30.5,AVAILABLE,,
268,268,EVTOL-01,EC35,31.3041856,120.6035761,199.9,BUSY,M-P-001,V1
268,268,L-UAV-01,AMZN,31.3024316,120.5989608,100.0,BUSY,M-L-001,V2
268,268,M-UAV-01,M600,31.3108767,120.6039862,30.5,AVAILABLE,,
268,268,M-UAV-02,M600,31.2971716,120.5956323,30.5,AVAILABLE,,
269,269,EVTOL-01,EC35,31.3045483,120.6035983,199.9,BUSY,M-P-001,V1
269,269,L-UAV-01,AMZN,31.3023123,120.5988854,100.0,BUSY,M-L-001,V2
269,269,M-UAV-01,M600,31.3108767,120.6039862,30.5,AVAILABLE,,
269,269,M-UAV-02,M600,31.2971716,120.5956323,30.5,AVAILABLE,,
270,270,EVTOL-01,EC35,31.3049110,120.6036205,199.9,BUSY,M-P-001,V1
270,270,L-UAV-01,AMZN,31.3021931,120.5988099,100.0,BUSY,M-L-001,V2
270,270,M-UAV-01,M600,31.3108767,120.6039862,30.5,AVAILABLE,,
270,270,M-UAV-02,M600,31.2971716,120.5956323,30.5,AVAILABLE,,
271,271,EVTOL-01,EC35,31.3052737,120.6036427,199.9,BUSY,M-P-001,V1
271,271,L-UAV-01,AMZN,31.3020739,120.5987345,100.0,BUSY,M-L-001,V2
271,271,M-UAV-01,M600,31.3108767,120.6039862,30.5,AVAILABLE,,
271,271,M-UAV-02,M600,31.2971716,120.5956323,30.5,AVAILABLE,,
272,272,EVTOL-01,EC35,31.3056363,120.6036650,199.9,BUSY,M-P-001,V1
272,272,L-UAV-01,AMZN,31.3019546,120.5986590,100.0,BUSY,M-L-001,V2
272,272,M-UAV-01,M600,31.3108767,120.6039862,30.5,AVAILABLE,,
272,272,M-UAV-02,M600,31.2971716,120.5956323,30.5,AVAILABLE,,
273,273,EVTOL-01,EC35,31.3059990,120.6036872,199.9,BUSY,M-P-001,V1
273,273,L-UAV-01,AMZN,31.3018354,120.5985836,100.0,BUSY,M-L-001,V2
273,273,M-UAV-01,M600,31.3108767,120.6039862,30.5,AVAILABLE,,
273,273,M-UAV-02,M600,31.2971716,120.5956323,30.5,AVAILABLE,,
274,274,EVTOL-01,EC35,31.3063617,120.6037094,199.9,BUSY,M-P-001,V1
274,274,L-UAV-01,AMZN,31.3017162,120.5985081,100.0,BUSY,M-L-001,V2
274,274,M-UAV-01,M600,31.3108767,120.6039862,30.5,AVAILABLE,,
274,274,M-UAV-02,M600,31.2971716,120.5956323,30.5,AVAILABLE,,
275,275,EVTOL-01,EC35,31.3067244,120.6037317,199.9,BUSY,M-P-001,V1
275,275,L-UAV-01,AMZN,31.3015969,120.5984327,100.0,BUSY,M-L-001,V2
275,275,M-UAV-01,M600,31.3108767,120.6039862,30.5,AVAILABLE,,
275,275,M-UAV-02,M600,31.2971716,120.5956323,30.5,AVAILABLE,,
276,276,EVTOL-01,EC35,31.3070871,120.6037539,199.9,BUSY,M-P-001,V1
276,276,L-UAV-01,AMZN,31.3014777,120.5983572,100.0,BUSY,M-L-001,V2
276,276,M-UAV-01,M600,31.3108767,120.6039862,30.5,AVAILABLE,,
276,276,M-UAV-02,M600,31.2971716,120.5956323,30.5,AVAILABLE,,
277,277,EVTOL-01,EC35,31.3074498,120.6037761,199.9,BUSY,M-P-001,V1
277,277,L-UAV-01,AMZN,31.3013585,120.5982817,100.0,BUSY,M-L-001,V2
277,277,M-UAV-01,M600,31.3108767,120.6039862,30.5,AVAILABLE,,
277,277,M-UAV-02,M600,31.2971716,120.5956323,30.5,AVAILABLE,,
278,278,EVTOL-01,EC35,31.3078125,120.6037983,199.9,BUSY,M-P-001,V1
278,278,L-UAV-01,AMZN,31.3012392,120.5982063,100.0,BUSY,M-L-001,V2
278,278,M-UAV-01,M600,31.3108767,120.6039862,30.5,AVAILABLE,,
278,278,M-UAV-02,M600,31.2971716,120.5956323,30.5,AVAILABLE,,
279,279,EVTOL-01,EC35,31.3081752,120.6038206,199.9,BUSY,M-P-001,V1
279,279,L-UAV-01,AMZN,31.3011200,120.5981308,100.0,BUSY,M-L-001,V2
279,279,M-UAV-01,M600,31.3108767,120.6039862,30.5,AVAILABLE,,
279,279,M-UAV-02,M600,31.2971716,120.5956323,30.5,AVAILABLE,,
280,280,EVTOL-01,EC35,31.3085379,120.6038428,199.9,BUSY,M-P-001,V1
280,280,L-UAV-01,AMZN,31.3010008,120.5980554,100.0,BUSY,M-L-001,V2
280,280,M-UAV-01,M600,31.3108767,120.6039862,30.5,AVAILABLE,,
280,280,M-UAV-02,M600,31.2971716,120.5956323,30.5,AVAILABLE,,
281,281,EVTOL-01,EC35,31.3089006,120.6038650,199.9,BUSY,M-P-001,V1
281,281,L-UAV-01,AMZN,31.3008815,120.5979799,100.0,BUSY,M-L-001,V2
281,281,M-UAV-01,M600,31.3108767,120.6039862,30.5,AVAILABLE,,
281,281,M-UAV-02,M600,31.2971716,120.5956323,30.5,AVAILABLE,,
282,282,EVTOL-01,EC35,31.3092633,120.6038873,199.9,BUSY,M-P-001,V1
282,282,L-UAV-01,AMZN,31.3007623,120.5979045,100.0,BUSY,M-L-001,V2
282,282,M-UAV-01,M600,31.3108767,120.6039862,30.5,AVAILABLE,,
282,282,M-UAV-02,M600,31.2971716,120.5956323,30.5,AVAILABLE,,
283,283,EVTOL-01,EC35,31.3096260,120.6039095,199.9,BUSY,M-P-001,V1
283,283,L-UAV-01,AMZN,31.3006431,120.5978290,100.0,BUSY,M-L-001,V2
283,283,M-UAV-01,M600,31.3108767,120.6039862,30.5,AVAILABLE,,
283,283,M-UAV-02,M600,31.2971716,120.5956323,30.5,AVAILABLE,,
284,284,EVTOL-01,EC35,31.3099887,120.6039317,199.9,BUSY,M-P-001,V2
284,284,L-UAV-01,AMZN,31.3005238,120.5977536,100.0,BUSY,M-L-001,V2
284,284,M-UAV-01,M600,31.3108767,120.6039862,30.5,AVAILABLE,,
284,284,M-UAV-02,M600,31.2971716,120.5956323,30.5,AVAILABLE,,
285,285,EVTOL-01,EC35,31.3103512,120.6039058,199.9,BUSY,M-P-001,V2
285,285,L-UAV-01,AMZN,31.3004046,120.5976781,100.0,BUSY,M-L-001,V2
285,285,M-UAV-01,M600,31.3108767,120.6039862,30.5,AVAILABLE,,
285,285,M-UAV-02,M600,31.2971716,120.5956323,30.5,AVAILABLE,,
286,286,EVTOL-01,EC35,31.3107089,120.6038322,199.9,BUSY,M-P-001,V2
286,286,L-UAV-01,AMZN,31.3002854,120.5976027,100.0,BUSY,M-L-001,V2
286,286,M-UAV-01,M600,31.3108767,120.6039862,30.5,AVAILABLE,,
286,286,M-UAV-02,M600,31.2971716,120.5956323,30.5,AVAILABLE,,
287,287,EVTOL-01,EC35,31.3110572,120.6037117,199.9,BUSY,M-P-001,V2
287,287,L-UAV-01,AMZN,31.3001661,120.5975272,100.0,BUSY,M-L-001,V2
287,287,M-UAV-01,M600,31.3108767,120.6039862,30.5,AVAILABLE,,
287,287,M-UAV-02,M600,31.2971716,120.5956323,30.5,AVAILABLE,,
288,288,EVTOL-01,EC35,31.3113916,120.6035459,199.9,BUSY,M-P-001,V2
288,288,L-UAV-01,AMZN,31.3000469,120.5974518,100.0,BUSY,M-L-001,V2
288,288,M-UAV-01,M600,31.3108767,120.6039862,30.5,AVAILABLE,,
288,288,M-UAV-02,M600,31.2971716,120.5956323,30.5,AVAILABLE,,
289,289,EVTOL-01,EC35,31.3117079,120.6033370,199.9,BUSY,M-P-001,V2
289,289,L-UAV-01,AMZN,31.2999277,120.5973763,100.0,BUSY,M-L-001,V2
289,289,M-UAV-01,M600,31.3108767,120.6039862,30.5,AVAILABLE,,
289,289,M-UAV-02,M600,31.2971716,120.5956323,30.5,AVAILABLE,,
290,290,EVTOL-01,EC35,31.3120020,120.6030875,199.9,BUSY,M-P-001,V2
290,290,L-UAV-01,AMZN,31.2998084,120.5973009,100.0,BUSY,M-L-001,V2
290,290,M-UAV-01,M600,31.3108767,120.6039862,30.5,AVAILABLE,,
290,290,M-UAV-02,M600,31.2971716,120.5956323,30.5,AVAILABLE,,
291,291,EVTOL-01,EC35,31.3122701,120.6028008,199.9,BUSY,M-P-001,V2
291,291,L-UAV-01,AMZN,31.2996892,120.5972254,100.0,BUSY,M-L-001,V2
291,291,M-UAV-01,M600,31.3108767,120.6039862,30.5,AVAILABLE,,
291,291,M-UAV-02,M600,31.2971716,120.5956323,30.5,AVAILABLE,,
292,292,EVTOL-01,EC35,31.3125088,120.6024804,199.9,BUSY,M-P-001,V2
292,292,L-UAV-01,AMZN,31.2995700,120.5971500,100.0,BUSY,M-L-001,V2
292,292,M-UAV-01,M600,31.3108767,120.6039862,30.5,AVAILABLE,,
292,292,M-UAV-02,M600,31.2971716,120.5956323,30.5,AVAILABLE,,
293,293,EVTOL-01,EC35,31.3127151,120.6021305,199.9,BUSY,M-P-001,V2
293,293,L-UAV-01,AMZN,31.2994507,120.5970745,100.0,BUSY,M-L-001,V2
293,293,M-UAV-01,M600,31.3108767,120.6039862,30.5,AVAILABLE,,
293,293,M-UAV-02,M600,31.2971716,120.5956323,30.5,AVAILABLE,,
294,294,EVTOL-01,EC35,31.3128863,120.6017556,199.9,BUSY,M-P-001,V2
294,294,L-UAV-01,AMZN,31.2993315,120.5969991,100.0,BUSY,M-L-001,V2
294,294,M-UAV-01,M600,31.3108767,120.6039862,30.5,AVAILABLE,,
294,294,M-UAV-02,M600,31.2971716,120.5956323,30.5,AVAILABLE,,
295,295,EVTOL-01,EC35,31.3130202,120.6013604,199.9,BUSY,M-P-001,V2
295,295,L-UAV-01,AMZN,31.2992123,120.5969236,100.0,BUSY,M-L-001,V2
295,295,M-UAV-01,M600,31.3108767,120.6039862,30.5,AVAILABLE,,
295,295,M-UAV-02,M600,31.2971716,120.5956323,30.5,AVAILABLE,,
296,296,EVTOL-01,EC35,31.3131151,120.6009501,199.9,BUSY,M-P-001,V2
296,296,L-UAV-01,AMZN,31.2990930,120.5968482,100.0,BUSY,M-L-001,V2
296,296,M-UAV-01,M600,31.3108767,120.6039862,30.5,AVAILABLE,,
296,296,M-UAV-02,M600,31.2971716,120.5956323,30.5,AVAILABLE,,
297,297,EVTOL-01,EC35,31.3131697,120.6005298,199.9,BUSY,M-P-001,V2
297,297,L-UAV-01,AMZN,31.2989738,120.5967727,100.0,BUSY,M-L-001,V2
297,297,M-UAV-01,M600,31.3108767,120.6039862,30.5,AVAILABLE,,
297,297,M-UAV-02,M600,31.2971716,120.5956323,30.5,AVAILABLE,,
298,298,EVTOL-01,EC35,31.3131835,120.6001050,199.9,BUSY,M-P-001,V2
298,298,L-UAV-01,AMZN,31.2988546,120.5966973,100.0,BUSY,M-L-001,V2
298,298,M-UAV-01,M600,31.3108767,120.6039862,30.5,AVAILABLE,,
298,298,M-UAV-02,M600,31.2971716,120.5956323,30.5,AVAILABLE,,
299,299,EVTOL-01,EC35,31.3131561,120.5996811,199.9,BUSY,M-P-001,V2
299,299,L-UAV-01,AMZN,31.2987353,120.5966218,100.0,BUSY,M-L-001,V2
299,299,M-UAV-01,M600,31.3108767,120.6039862,30.5,AVAILABLE,,
299,299,M-UAV-02,M600,31.2971716,120.5956323,30.5,AVAILABLE,,
300,300,EVTOL-01,EC35,31.3130880,120.5992635,199.9,BUSY,M-P-001,V2
300,300,L-UAV-01,AMZN,31.2986161,120.5965464,100.0,BUSY,M-L-001,V2
300,300,M-UAV-01,M600,31.3108767,120.6039862,30.5,AVAILABLE,,
300,300,M-UAV-02,M600,31.2971716,120.5956323,30.5,AVAILABLE,,
301,301,EVTOL-01,EC35,31.3129801,120.5988576,199.9,BUSY,M-P-001,V2
301,301,L-UAV-01,AMZN,31.2984969,120.5964709,100.0,BUSY,M-L-001,V2
301,301,M-UAV-01,M600,31.3108767,120.6039862,30.5,AVAILABLE,,
301,301,M-UAV-02,M600,31.2971716,120.5956323,30.5,AVAILABLE,,
302,302,EVTOL-01,EC35,31.3128336,120.5984686,199.9,BUSY,M-P-001,V2
302,302,L-UAV-01,AMZN,31.2983776,120.5963955,100.0,BUSY,M-L-001,V2
302,302,M-UAV-01,M600,31.3108767,120.6039862,30.5,AVAILABLE,,
302,302,M-UAV-02,M600,31.2971716,120.5956323,30.5,AVAILABLE,,
303,303,EVTOL-01,EC35,31.3126505,120.5981014,199.9,BUSY,M-P-001,V2
303,303,L-UAV-01,AMZN,31.2982584,120.5963200,100.0,BUSY,M-L-001,V2
303,303,M-UAV-01,M600,31.3108767,120.6039862,30.5,AVAILABLE,,
303,303,M-UAV-02,M600,31.2971716,120.5956323,30.5,AVAILABLE,,
304,304,EVTOL-01,EC35,31.3124332,120.5977609,199.9,BUSY,M-P-001,V2
304,304,L-UAV-01,AMZN,31.2981392,120.5962446,100.0,BUSY,M-L-001,V2
304,304,M-UAV-01,M600,31.3108767,120.6039862,30.5,AVAILABLE,,
304,304,M-UAV-02,M600,31.2971716,120.5956323,30.5,AVAILABLE,,
305,305,EVTOL-01,EC35,31.3121843,120.5974512,199.9,BUSY,M-P-001,V2
305,305,L-UAV-01,AMZN,31.2980199,120.5961691,100.0,BUSY,M-L-001,V2
305,305,M-UAV-01,M600,31.3108767,120.6039862,30.5,AVAILABLE,,
305,305,M-UAV-02,M600,31.2971716,120.5956323,30.5,AVAILABLE,,
306,306,EVTOL-01,EC35,31.3119072,120.5971764,199.9,BUSY,M-P-001,V2
306,306,L-UAV-01,AMZN,31.2979007,120.5960937,100.0,BUSY,M-L-001,V3
306,306,M-UAV-01,M600,31.3108767,120.6039862,30.5,AVAILABLE,,
306,306,M-UAV-02,M600,31.2971716,120.5956323,30.5,AVAILABLE,,
307,307,EVTOL-01,EC35,31.3116053,120.5969401,199.9,BUSY,M-P-001,V2
307,307,L-UAV-01,AMZN,31.2977676,120.5960634,100.0,BUSY,M-L-001,V3
307,307,M-UAV-01,M600,31.3108767,120.6039862,30.5,AVAILABLE,,
307,307,M-UAV-02,M600,31.2971716,120.5956323,30.5,AVAILABLE,,
308,308,EVTOL-01,EC35,31.3112826,120.5967452,199.9,BUSY,M-P-001,V2
308,308,L-UAV-01,AMZN,31.2976329,120.5960810,100.0,BUSY,M-L-001,V3
308,308,M-UAV-01,M600,31.3108767,120.6039862,30.5,AVAILABLE,,
308,308,M-UAV-02,M600,31.2971716,120.5956323,30.5,AVAILABLE,,
309,309,EVTOL-01,EC35,31.3109430,120.5965942,199.9,BUSY,M-P-001,V2
309,309,L-UAV-01,AMZN,31.2975089,120.5961449,100.0,BUSY,M-L-001,V3
309,309,M-UAV-01,M600,31.3108767,120.6039862,30.5,AVAILABLE,,
309,309,M-UAV-02,M600,31.2971716,120.5956323,30.5,AVAILABLE,,
310,310,EVTOL-01,EC35,31.3105911,120.5964891,199.9,BUSY,M-P-001,V2
310,310,L-UAV-01,AMZN,31.2974068,120.5962492,100.0,BUSY,M-L-001,V3
310,310,M-UAV-01,M600,31.3108767,120.6039862,30.5,AVAILABLE,,
310,310,M-UAV-02,M600,31.2971716,120.5956323,30.5,AVAILABLE,,
311,311,EVTOL-01,EC35,31.3102313,120.5964312,199.9,BUSY,M-P-001,V2
311,311,L-UAV-01,AMZN,31.2973360,120.5963845,100.0,BUSY,M-L-001,V3
311,311,M-UAV-01,M600,31.3108767,120.6039862,30.5,AVAILABLE,,
311,311,M-UAV-02,M600,31.2971716,120.5956323,30.5,AVAILABLE,,
312,312,EVTOL-01,EC35,31.3098686,120.5964090,199.9,BUSY,M-P-001,V2
312,312,L-UAV-01,AMZN,31.2973030,120.5965384,100.0,BUSY,M-L-001,V3
312,312,M-UAV-01,M600,31.3108767,120.6039862,30.5,AVAILABLE,,
312,312,M-UAV-02,M600,31.2971716,120.5956323,30.5,AVAILABLE,,
313,313,EVTOL-01,EC35,31.3095059,120.5963868,199.9,BUSY,M-P-001,V2
313,313,L-UAV-01,AMZN,31.2973107,120.5966967,100.0,BUSY,M-L-001,V3
313,313,M-UAV-01,M600,31.3108767,120.6039862,30.5,AVAILABLE,,
313,313,M-UAV-02,M600,31.2971716,120.5956323,30.5,AVAILABLE,,
314,314,EVTOL-01,EC35,31.3091432,120.5963646,199.9,BUSY,M-P-001,V2
314,314,L-UAV-01,AMZN,31.2973586,120.5968451,100.0,BUSY,M-L-001,V3
314,314,M-UAV-01,M600,31.3108767,120.6039862,30.5,AVAILABLE,,
314,314,M-UAV-02,M600,31.2971716,120.5956323,30.5,AVAILABLE,,
315,315,EVTOL-01,EC35,31.3087805,120.5963424,199.9,BUSY,M-P-001,V2
315,315,L-UAV-01,AMZN,31.2974421,120.5969701,100.0,BUSY,M-L-001,V3
315,315,M-UAV-01,M600,31.3108767,120.6039862,30.5,AVAILABLE,,
315,315,M-UAV-02,M600,31.2971716,120.5956323,30.5,AVAILABLE,,
316,316,EVTOL-01,EC35,31.3084178,120.5963202,199.9,BUSY,M-P-001,V2
316,316,L-UAV-01,AMZN,31.2975538,120.5970601,100.0,BUSY,M-L-001,V3
316,316,M-UAV-01,M600,31.3108767,120.6039862,30.5,AVAILABLE,,
316,316,M-UAV-02,M600,31.2971716,120.5956323,30.5,AVAILABLE,,
317,317,EVTOL-01,EC35,31.3080552,120.5962981,199.9,BUSY,M-P-001,V2
317,317,L-UAV-01,AMZN,31.2976730,120.5971355,100.0,BUSY,M-L-001,V3
317,317,M-UAV-01,M600,31.3108767,120.6039862,30.5,AVAILABLE,,
317,317,M-UAV-02,M600,31.2971716,120.5956323,30.5,AVAILABLE,,
318,318,EVTOL-01,EC35,31.3076925,120.5962759,199.9,BUSY,M-P-001,V2
318,318,L-UAV-01,AMZN,31.2977922,120.5972110,100.0,BUSY,M-L-001,V3
318,318,M-UAV-01,M600,31.3108767,120.6039862,30.5,AVAILABLE,,
318,318,M-UAV-02,M600,31.2971716,120.5956323,30.5,AVAILABLE,,
319,319,EVTOL-01,EC35,31.3073298,120.5962537,199.9,BUSY,M-P-001,V2
319,319,L-UAV-01,AMZN,31.2979114,120.5972864,100.0,BUSY,M-L-001,V3
319,319,M-UAV-01,M600,31.3108767,120.6039862,30.5,AVAILABLE,,
319,319,M-UAV-02,M600,31.2971716,120.5956323,30.5,AVAILABLE,,
320,320,EVTOL-01,EC35,31.3069671,120.5962315,199.9,BUSY,M-P-001,V2
320,320,L-UAV-01,AMZN,31.2980307,120.5973619,100.0,BUSY,M-L-001,V3
320,320,M-UAV-01,M600,31.3108767,120.6039862,30.5,AVAILABLE,,
320,320,M-UAV-02,M600,31.2971716,120.5956323,30.5,AVAILABLE,,
321,321,EVTOL-01,EC35,31.3066044,120.5962093,199.9,BUSY,M-P-001,V2
321,321,L-UAV-01,AMZN,31.2981499,120.5974373,100.0,BUSY,M-L-001,V3
321,321,M-UAV-01,M600,31.3108767,120.6039862,30.5,AVAILABLE,,
321,321,M-UAV-02,M600,31.2971716,120.5956323,30.5,AVAILABLE,,
322,322,EVTOL-01,EC35,31.3062417,120.5961871,199.9,BUSY,M-P-001,V2
322,322,L-UAV-01,AMZN,31.2982691,120.5975128,100.0,BUSY,M-L-001,V3
322,322,M-UAV-01,M600,31.3108767,120.6039862,30.5,AVAILABLE,,
322,322,M-UAV-02,M600,31.2971716,120.5956323,30.5,AVAILABLE,,
323,323,EVTOL-01,EC35,31.3058790,120.5961649,199.9,BUSY,M-P-001,V2
323,323,L-UAV-01,AMZN,31.2983884,120.5975883,100.0,BUSY,M-L-001,V3
323,323,M-UAV-01,M600,31.3108767,120.6039862,30.5,AVAILABLE,,
323,323,M-UAV-02,M600,31.2971716,120.5956323,30.5,AVAILABLE,,
324,324,EVTOL-01,EC35,31.3055163,120.5961427,199.9,BUSY,M-P-001,V2
324,324,L-UAV-01,AMZN,31.2985076,120.5976637,100.0,BUSY,M-L-001,V3
324,324,M-UAV-01,M600,31.3108767,120.6039862,30.5,AVAILABLE,,
324,324,M-UAV-02,M600,31.2971716,120.5956323,30.5,AVAILABLE,,
325,325,EVTOL-01,EC35,31.3051536,120.5961206,199.9,BUSY,M-P-001,V2
325,325,L-UAV-01,AMZN,31.2986268,120.5977392,100.0,BUSY,M-L-001,V3
325,325,M-UAV-01,M600,31.3108767,120.6039862,30.5,AVAILABLE,,
325,325,M-UAV-02,M600,31.2971716,120.5956323,30.5,AVAILABLE,,
326,326,EVTOL-01,EC35,31.3047909,120.5960984,199.9,BUSY,M-P-001,V2
326,326,L-UAV-01,AMZN,31.2987461,120.5978146,100.0,BUSY,M-L-001,V3
326,326,M-UAV-01,M600,31.3108767,120.6039862,30.5,AVAILABLE,,
326,326,M-UAV-02,M600,31.2971716,120.5956323,30.5,AVAILABLE,,
327,327,EVTOL-01,EC35,31.3044282,120.5960762,199.9,BUSY,M-P-001,V2
327,327,L-UAV-01,AMZN,31.2988653,120.5978901,100.0,BUSY,M-L-001,V3
327,327,M-UAV-01,M600,31.3108767,120.6039862,30.5,AVAILABLE,,
327,327,M-UAV-02,M600,31.2971716,120.5956323,30.5,AVAILABLE,,
328,328,EVTOL-01,EC35,31.3040655,120.5960540,199.9,BUSY,M-P-001,V2
328,328,L-UAV-01,AMZN,31.2989845,120.5979656,100.0,BUSY,M-L-001,V3
328,328,M-UAV-01,M600,31.3108767,120.6039862,30.5,AVAILABLE,,
328,328,M-UAV-02,M600,31.2971716,120.5956323,30.5,AVAILABLE,,
329,329,EVTOL-01,EC35,31.3037028,120.5960318,199.9,BUSY,M-P-001,V2
329,329,L-UAV-01,AMZN,31.2991037,120.5980410,100.0,BUSY,M-L-001,V3
329,329,M-UAV-01,M600,31.3108767,120.6039862,30.5,AVAILABLE,,
329,329,M-UAV-02,M600,31.2971716,120.5956323,30.5,AVAILABLE,,
330,330,EVTOL-01,EC35,31.3033401,120.5960096,199.9,BUSY,M-P-001,V2
330,330,L-UAV-01,AMZN,31.2992230,120.5981165,100.0,BUSY,M-L-001,V3
330,330,M-UAV-01,M600,31.3108767,120.6039862,30.5,AVAILABLE,,
330,330,M-UAV-02,M600,31.2971716,120.5956323,30.5,AVAILABLE,,
331,331,EVTOL-01,EC35,31.3029774,120.5959874,199.9,BUSY,M-P-001,V2
331,331,L-UAV-01,AMZN,31.2993422,120.5981919,100.0,BUSY,M-L-001,V3
331,331,M-UAV-01,M600,31.3108767,120.6039862,30.5,AVAILABLE,,
331,331,M-UAV-02,M600,31.2971716,120.5956323,30.5,AVAILABLE,,
332,332,EVTOL-01,EC35,31.3026147,120.5959653,199.9,BUSY,M-P-001,V2
332,332,L-UAV-01,AMZN,31.2994614,120.5982674,100.0,BUSY,M-L-001,V3
332,332,M-UAV-01,M600,31.3108767,120.6039862,30.5,AVAILABLE,,
332,332,M-UAV-02,M600,31.2971716,120.5956323,30.5,AVAILABLE,,
333,333,EVTOL-01,EC35,31.3022520,120.5959431,199.9,BUSY,M-P-001,V2
333,333,L-UAV-01,AMZN,31.2995807,120.5983429,100.0,BUSY,M-L-001,V3
333,333,M-UAV-01,M600,31.3108767,120.6039862,30.5,AVAILABLE,,
333,333,M-UAV-02,M600,31.2971716,120.5956323,30.5,AVAILABLE,,
334,334,EVTOL-01,EC35,31.3018893,120.5959209,199.9,BUSY,M-P-001,V2
334,334,L-UAV-01,AMZN,31.2996999,120.5984183,100.0,BUSY,M-L-001,V3
334,334,M-UAV-01,M600,31.3108767,120.6039862,30.5,AVAILABLE,,
334,334,M-UAV-02,M600,31.2971716,120.5956323,30.5,AVAILABLE,,
335,335,EVTOL-01,EC35,31.3015266,120.5958987,199.9,BUSY,M-P-001,V2
335,335,L-UAV-01,AMZN,31.2998191,120.5984938,100.0,BUSY,M-L-001,V3
335,335,M-UAV-01,M600,31.3108767,120.6039862,30.5,AVAILABLE,,
335,335,M-UAV-02,M600,31.2971716,120.5956323,30.5,AVAILABLE,,
336,336,EVTOL-01,EC35,31.3011639,120.5958765,199.9,BUSY,M-P-001,V2
336,336,L-UAV-01,AMZN,31.2999383,120.5985692,100.0,BUSY,M-L-001,V3
336,336,M-UAV-01,M600,31.3108767,120.6039862,30.5,AVAILABLE,,
336,336,M-UAV-02,M600,31.2971716,120.5956323,30.5,AVAILABLE,,
337,337,EVTOL-01,EC35,31.3008012,120.5958543,199.9,BUSY,M-P-001,V2
337,337,L-UAV-01,AMZN,31.3000576,120.5986447,100.0,BUSY,M-L-001,V3
337,337,M-UAV-01,M600,31.3108767,120.6039862,30.5,AVAILABLE,,
337,337,M-UAV-02,M600,31.2971716,120.5956323,30.5,AVAILABLE,,
338,338,EVTOL-01,EC35,31.3004386,120.5958321,199.9,BUSY,M-P-001,V2
338,338,L-UAV-01,AMZN,31.3001768,120.5987202,100.0,BUSY,M-L-001,V3
338,338,M-UAV-01,M600,31.3108767,120.6039862,30.5,AVAILABLE,,
338,338,M-UAV-02,M600,31.2971716,120.5956323,30.5,AVAILABLE,,
339,339,EVTOL-01,EC35,31.3000759,120.5958100,199.9,BUSY,M-P-001,V2
339,339,L-UAV-01,AMZN,31.3002960,120.5987956,100.0,BUSY,M-L-001,V3
339,339,M-UAV-01,M600,31.3108767,120.6039862,30.5,AVAILABLE,,
339,339,M-UAV-02,M600,31.2971716,120.5956323,30.5,AVAILABLE,,
340,340,EVTOL-01,EC35,31.2997132,120.5957878,199.9,BUSY,M-P-001,V2
340,340,L-UAV-01,AMZN,31.3004153,120.5988711,100.0,BUSY,M-L-001,V3
340,340,M-UAV-01,M600,31.3108767,120.6039862,30.5,AVAILABLE,,
340,340,M-UAV-02,M600,31.2971716,120.5956323,30.5,AVAILABLE,,
341,341,EVTOL-01,EC35,31.2993505,120.5957656,199.9,BUSY,M-P-001,V2
341,341,L-UAV-01,AMZN,31.3005345,120.5989465,100.0,BUSY,M-L-001,V3
341,341,M-UAV-01,M600,31.3108767,120.6039862,30.5,AVAILABLE,,
341,341,M-UAV-02,M600,31.2971716,120.5956323,30.5,AVAILABLE,,
342,342,EVTOL-01,EC35,31.2989878,120.5957434,199.9,BUSY,M-P-001,V2
342,342,L-UAV-01,AMZN,31.3006537,120.5990220,100.0,BUSY,M-L-001,V3
342,342,M-UAV-01,M600,31.3108767,120.6039862,30.5,AVAILABLE,,
342,342,M-UAV-02,M600,31.2971716,120.5956323,30.5,AVAILABLE,,
343,343,EVTOL-01,EC35,31.2986251,120.5957212,199.9,BUSY,M-P-001,V2
343,343,L-UAV-01,AMZN,31.3007729,120.5990975,100.0,BUSY,M-L-001,V3
343,343,M-UAV-01,M600,31.3108767,120.6039862,30.5,AVAILABLE,,
343,343,M-UAV-02,M600,31.2971716,120.5956323,30.5,AVAILABLE,,
344,344,EVTOL-01,EC35,31.2982624,120.5956990,199.9,BUSY,M-P-001,V2
344,344,L-UAV-01,AMZN,31.3008922,120.5991729,100.0,BUSY,M-L-001,V3
344,344,M-UAV-01,M600,31.3108767,120.6039862,30.5,AVAILABLE,,
344,344,M-UAV-02,M600,31.2971716,120.5956323,30.5,AVAILABLE,,
345,345,EVTOL-01,EC35,31.2978997,120.5956769,199.9,BUSY,M-P-001,V1
345,345,L-UAV-01,AMZN,31.3010114,120.5992484,100.0,BUSY,M-L-001,V3
345,345,M-UAV-01,M600,31.3108767,120.6039862,30.5,AVAILABLE,,
345,345,M-UAV-02,M600,31.2971716,120.5956323,30.5,AVAILABLE,,
346,346,EVTOL-01,EC35,31.2975372,120.5957028,199.9,BUSY,M-P-001,V1
346,346,L-UAV-01,AMZN,31.3011306,120.5993239,100.0,BUSY,M-L-001,V3
346,346,M-UAV-01,M600,31.3108767,120.6039862,30.5,AVAILABLE,,
346,346,M-UAV-02,M600,31.2971716,120.5956323,30.5,AVAILABLE,,
347,347,EVTOL-01,EC35,31.2971795,120.5957765,199.9,BUSY,M-P-001,V1
347,347,L-UAV-01,AMZN,31.3012499,120.5993993,100.0,BUSY,M-L-001,V3
347,347,M-UAV-01,M600,31.3108767,120.6039862,30.5,AVAILABLE,,
347,347,M-UAV-02,M600,31.2971716,120.5956323,30.5,AVAILABLE,,
348,348,EVTOL-01,EC35,31.2968312,120.5958970,199.9,BUSY,M-P-001,V1
348,348,L-UAV-01,AMZN,31.3013691,120.5994748,100.0,BUSY,M-L-001,V3
348,348,M-UAV-01,M600,31.3108767,120.6039862,30.5,AVAILABLE,,
348,348,M-UAV-02,M600,31.2971716,120.5956323,30.5,AVAILABLE,,
349,349,EVTOL-01,EC35,31.2964968,120.5960628,199.9,BUSY,M-P-001,V1
349,349,L-UAV-01,AMZN,31.3014883,120.5995502,100.0,BUSY,M-L-001,V3
349,349,M-UAV-01,M600,31.3108767,120.6039862,30.5,AVAILABLE,,
349,349,M-UAV-02,M600,31.2971716,120.5956323,30.5,AVAILABLE,,
350,350,EVTOL-01,EC35,31.2961805,120.5962717,199.9,BUSY,M-P-001,V1
350,350,L-UAV-01,AMZN,31.3016075,120.5996257,100.0,BUSY,M-L-001,V3
350,350,M-UAV-01,M600,31.3108767,120.6039862,30.5,AVAILABLE,,
350,350,M-UAV-02,M600,31.2971716,120.5956323,30.5,AVAILABLE,,
351,351,EVTOL-01,EC35,31.2958864,120.5965212,199.9,BUSY,M-P-001,V1
351,351,L-UAV-01,AMZN,31.3017268,120.5997012,100.0,BUSY,M-L-001,V3
351,351,M-UAV-01,M600,31.3108767,120.6039862,30.5,AVAILABLE,,
351,351,M-UAV-02,M600,31.2971716,120.5956323,30.5,AVAILABLE,,
352,352,EVTOL-01,EC35,31.2956183,120.5968079,199.9,BUSY,M-P-001,V1
352,352,L-UAV-01,AMZN,31.3018460,120.5997766,100.0,BUSY,M-L-001,V3
352,352,M-UAV-01,M600,31.3108767,120.6039862,30.5,AVAILABLE,,
352,352,M-UAV-02,M600,31.2971716,120.5956323,30.5,AVAILABLE,,
353,353,EVTOL-01,EC35,31.2953796,120.5971282,199.9,BUSY,M-P-001,V1
353,353,L-UAV-01,AMZN,31.3019652,120.5998521,100.0,BUSY,M-L-001,V3
353,353,M-UAV-01,M600,31.3108767,120.6039862,30.5,AVAILABLE,,
353,353,M-UAV-02,M600,31.2971716,120.5956323,30.5,AVAILABLE,,
354,354,EVTOL-01,EC35,31.2951734,120.5974781,199.9,BUSY,M-P-001,V1
354,354,L-UAV-01,AMZN,31.3020845,120.5999276,100.0,BUSY,M-L-001,V3
354,354,M-UAV-01,M600,31.3108767,120.6039862,30.5,AVAILABLE,,
354,354,M-UAV-02,M600,31.2971716,120.5956323,30.5,AVAILABLE,,
355,355,EVTOL-01,EC35,31.2950022,120.5978530,199.9,BUSY,M-P-001,V1
355,355,L-UAV-01,AMZN,31.3022037,120.6000030,100.0,BUSY,M-L-001,V3
355,355,M-UAV-01,M600,31.3108767,120.6039862,30.5,AVAILABLE,,
355,355,M-UAV-02,M600,31.2971716,120.5956323,30.5,AVAILABLE,,
356,356,EVTOL-01,EC35,31.2948684,120.5982481,199.9,BUSY,M-P-001,V1
356,356,L-UAV-01,AMZN,31.3023229,120.6000785,100.0,BUSY,M-L-001,V3
356,356,M-UAV-01,M600,31.3108767,120.6039862,30.5,AVAILABLE,,
356,356,M-UAV-02,M600,31.2971716,120.5956323,30.5,AVAILABLE,,
357,357,EVTOL-01,EC35,31.2947735,120.5986584,199.9,BUSY,M-P-001,V1
357,357,L-UAV-01,AMZN,31.3024421,120.6001540,100.0,BUSY,M-L-001,V3
357,357,M-UAV-01,M600,31.3108767,120.6039862,30.5,AVAILABLE,,
357,357,M-UAV-02,M600,31.2971716,120.5956323,30.5,AVAILABLE,,
358,358,EVTOL-01,EC35,31.2947189,120.5990786,199.9,BUSY,M-P-001,V1
358,358,L-UAV-01,AMZN,31.3025614,120.6002294,100.0,BUSY,M-L-001,V3
358,358,M-UAV-01,M600,31.3108767,120.6039862,30.5,AVAILABLE,,
358,358,M-UAV-02,M600,31.2971716,120.5956323,30.5,AVAILABLE,,
359,359,EVTOL-01,EC35,31.2947052,120.5995033,199.9,BUSY,M-P-001,V1
359,359,L-UAV-01,AMZN,31.3026806,120.6003049,100.0,BUSY,M-L-001,V3
359,359,M-UAV-01,M600,31.3108767,120.6039862,30.5,AVAILABLE,,
359,359,M-UAV-02,M600,31.2971716,120.5956323,30.5,AVAILABLE,,
360,360,EVTOL-01,EC35,31.2947326,120.5999271,199.9,BUSY,M-P-001,V1
360,360,L-UAV-01,AMZN,31.3027998,120.6003804,100.0,BUSY,M-L-001,V3
360,360,M-UAV-01,M600,31.3108767,120.6039862,30.5,AVAILABLE,,
360,360,M-UAV-02,M600,31.2971716,120.5956323,30.5,AVAILABLE,,
361,361,EVTOL-01,EC35,31.2948007,120.6003446,199.9,BUSY,M-P-001,V1
361,361,L-UAV-01,AMZN,31.3029191,120.6004558,100.0,BUSY,M-L-001,V3
361,361,M-UAV-01,M600,31.3108767,120.6039862,30.5,AVAILABLE,,
361,361,M-UAV-02,M600,31.2971866,120.5956438,32.0,CONTINGENCY,,V3
362,362,EVTOL-01,EC35,31.2949087,120.6007504,199.9,BUSY,M-P-001,V1
362,362,L-UAV-01,AMZN,31.3030383,120.6005313,100.0,BUSY,M-L-001,V3
362,362,M-UAV-01,M600,31.3108767,120.6039862,30.5,AVAILABLE,,
362,362,M-UAV-02,M600,31.2972168,120.5956667,35.1,CONTINGENCY,,V3
363,363,EVTOL-01,EC35,31.2950552,120.6011393,199.9,BUSY,M-P-001,V1
363,363,L-UAV-01,AMZN,31.3031575,120.6006068,100.0,BUSY,M-L-001,V3
363,363,M-UAV-01,M600,31.3108767,120.6039862,30.5,AVAILABLE,,
363,363,M-UAV-02,M600,31.2972621,120.5957011,39.6,CONTINGENCY,,V3
364,364,EVTOL-01,EC35,31.2952384,120.6015064,199.9,BUSY,M-P-001,V1
364,364,L-UAV-01,AMZN,31.3032767,120.6006822,100.0,BUSY,M-L-001,V3
364,364,M-UAV-01,M600,31.3108767,120.6039862,30.5,AVAILABLE,,
364,364,M-UAV-02,M600,31.2973225,120.5957469,45.7,CONTINGENCY,,V3
365,365,EVTOL-01,EC35,31.2954557,120.6018469,199.9,BUSY,M-P-001,V1
365,365,L-UAV-01,AMZN,31.3033960,120.6007577,100.0,BUSY,M-L-001,V3
365,365,M-UAV-01,M600,31.3108767,120.6039862,30.5,AVAILABLE,,
365,365,M-UAV-02,M600,31.2973979,120.5958042,53.3,CONTINGENCY,,V3
366,366,EVTOL-01,EC35,31.2957046,120.6021564,199.9,BUSY,M-P-001,V1
366,366,L-UAV-01,AMZN,31.3035152,120.6008332,100.0,BUSY,M-L-001,V3
366,366,M-UAV-01,M600,31.3108767,120.6039862,30.5,AVAILABLE,,
366,366,M-UAV-02,M600,31.2974884,120.5958729,61.0,CONTINGENCY,,V3
367,367,EVTOL-01,EC35,31.2959817,120.6024311,199.9,BUSY,M-P-001,V1
367,367,L-UAV-01,AMZN,31.3036344,120.6009086,100.0,BUSY,M-L-001,V3
367,367,M-UAV-01,M600,31.3108767,120.6039862,30.5,AVAILABLE,,
367,367,M-UAV-02,M600,31.2975941,120.5959531,68.6,CONTINGENCY,,V3
368,368,EVTOL-01,EC35,31.2962837,120.6026674,199.9,BUSY,M-P-001,V1
368,368,L-UAV-01,AMZN,31.3037537,120.6009841,100.0,BUSY,M-L-001,V3
368,368,M-UAV-01,M600,31.3108767,120.6039862,30.5,AVAILABLE,,
368,368,M-UAV-02,M600,31.2977076,120.5960393,76.2,CONTINGENCY,,V3
369,369,EVTOL-01,EC35,31.2966064,120.6028623,199.9,BUSY,M-P-001,V1
369,369,L-UAV-01,AMZN,31.3038729,120.6010596,100.0,BUSY,M-L-001,V3
369,369,M-UAV-01,M600,31.3108767,120.6039862,30.5,AVAILABLE,,
369,369,M-UAV-02,M600,31.2978212,120.5961255,83.8,CONTINGENCY,,V3
370,370,EVTOL-01,EC35,31.2969460,120.6030132,199.9,BUSY,M-P-001,V1
370,370,L-UAV-01,AMZN,31.3039921,120.6011350,100.0,BUSY,M-L-001,V3
370,370,M-UAV-01,M600,31.3108767,120.6039862,30.5,AVAILABLE,,
370,370,M-UAV-02,M600,31.2979348,120.5962118,91.4,CONTINGENCY,,V3
371,371,EVTOL-01,EC35,31.2972979,120.6031182,199.9,BUSY,M-P-001,V1
371,371,L-UAV-01,AMZN,31.3041113,120.6012105,100.0,BUSY,M-L-001,V3
371,371,M-UAV-01,M600,31.3108767,120.6039862,30.5,AVAILABLE,,
371,371,M-UAV-02,M600,31.2980485,120.5962981,99.1,CONTINGENCY,,V3
372,372,EVTOL-01,EC35,31.2976577,120.6031761,199.9,BUSY,M-P-001,V1
372,372,L-UAV-01,AMZN,31.3042306,120.6012860,100.0,BUSY,M-L-001,V3
372,372,M-UAV-01,M600,31.3108767,120.6039862,30.5,AVAILABLE,,
372,372,M-UAV-02,M600,31.2981622,120.5963844,100.0,CONTINGENCY,,V3
373,373,EVTOL-01,EC35,31.2980204,120.6031983,199.9,BUSY,M-P-001,V1
373,373,L-UAV-01,AMZN,31.3043498,120.6013614,100.0,BUSY,M-L-001,V3
373,373,M-UAV-01,M600,31.3108767,120.6039862,30.5,AVAILABLE,,
373,373,M-UAV-02,M600,31.2982759,120.5964707,100.0,CONTINGENCY,,V3
374,374,EVTOL-01,EC35,31.2983831,120.6032205,199.9,BUSY,M-P-001,V1
374,374,L-UAV-01,AMZN,31.3044690,120.6014369,100.0,BUSY,M-L-001,V3
374,374,M-UAV-01,M600,31.3108767,120.6039862,30.5,AVAILABLE,,
374,374,M-UAV-02,M600,31.2983896,120.5965571,100.0,CONTINGENCY,,V3
375,375,EVTOL-01,EC35,31.2987458,120.6032427,199.9,BUSY,M-P-001,V1
375,375,L-UAV-01,AMZN,31.3045882,120.6015124,100.0,BUSY,M-L-001,V3
375,375,M-UAV-01,M600,31.3108767,120.6039862,30.5,AVAILABLE,,
375,375,M-UAV-02,M600,31.2985034,120.5966434,100.0,CONTINGENCY,,V3
376,376,EVTOL-01,EC35,31.2991085,120.6032650,199.9,BUSY,M-P-001,V1
376,376,L-UAV-01,AMZN,31.3047075,120.6015878,100.0,BUSY,M-L-001,V3
376,376,M-UAV-01,M600,31.3108767,120.6039862,30.5,AVAILABLE,,
376,376,M-UAV-02,M600,31.2986171,120.5967297,100.0,CONTINGENCY,,V3
377,377,EVTOL-01,EC35,31.2994712,120.6032872,199.9,BUSY,M-P-001,V1
377,377,L-UAV-01,AMZN,31.3048267,120.6016633,100.0,BUSY,M-L-001,V3
377,377,M-UAV-01,M600,31.3108767,120.6039862,30.5,AVAILABLE,,
377,377,M-UAV-02,M600,31.2987308,120.5968160,100.0,CONTINGENCY,,V3
378,378,EVTOL-01,EC35,31.2998339,120.6033094,199.9,BUSY,M-P-001,V1
378,378,L-UAV-01,AMZN,31.3049459,120.6017388,100.0,BUSY,M-L-001,V3
378,378,M-UAV-01,M600,31.3108767,120.6039862,30.5,AVAILABLE,,
378,378,M-UAV-02,M600,31.2988445,120.5969024,100.0,CONTINGENCY,,V3
379,379,EVTOL-01,EC35,31.3001965,120.6033316,199.9,BUSY,M-P-001,V1
379,379,L-UAV-01,AMZN,31.3050652,120.6018142,100.0,BUSY,M-L-001,V3
379,379,M-UAV-01,M600,31.3108767,120.6039862,30.5,AVAILABLE,,
379,379,M-UAV-02,M600,31.2989582,120.5969887,100.0,CONTINGENCY,,V3
380,380,EVTOL-01,EC35,31.3005592,120.6033539,199.9,BUSY,M-P-001,V1
380,380,L-UAV-01,AMZN,31.3051844,120.6018897,100.0,BUSY,M-L-001,V3
380,380,M-UAV-01,M600,31.3108767,120.6039862,30.5,AVAILABLE,,
380,380,M-UAV-02,M600,31.2990719,120.5970750,100.0,CONTINGENCY,,V3
381,381,EVTOL-01,EC35,31.3009219,120.6033761,199.9,BUSY,M-P-001,V1
381,381,L-UAV-01,AMZN,31.3053036,120.6019652,100.0,BUSY,M-L-001,V3
381,381,M-UAV-01,M600,31.3108767,120.6039862,30.5,AVAILABLE,,
381,381,M-UAV-02,M600,31.2991857,120.5971614,100.0,CONTINGENCY,,V3
382,382,EVTOL-01,EC35,31.3012846,120.6033983,199.9,BUSY,M-P-001,V1
382,382,L-UAV-01,AMZN,31.3054228,120.6020407,100.0,BUSY,M-L-001,V3
382,382,M-UAV-01,M600,31.3108767,120.6039862,30.5,AVAILABLE,,
382,382,M-UAV-02,M600,31.2992994,120.5972477,100.0,CONTINGENCY,,V3
383,383,EVTOL-01,EC35,31.3016473,120.6034205,199.9,BUSY,M-P-001,V1
383,383,L-UAV-01,AMZN,31.3055421,120.6021161,100.0,BUSY,M-L-001,V3
383,383,M-UAV-01,M600,31.3108767,120.6039862,30.5,AVAILABLE,,
383,383,M-UAV-02,M600,31.2994131,120.5973340,100.0,CONTINGENCY,,V3
384,384,EVTOL-01,EC35,31.3020100,120.6034428,199.9,BUSY,M-P-001,V1
384,384,L-UAV-01,AMZN,31.3056613,120.6021916,100.0,BUSY,M-L-001,V3
384,384,M-UAV-01,M600,31.3108767,120.6039862,30.5,AVAILABLE,,
384,384,M-UAV-02,M600,31.2995268,120.5974204,100.0,CONTINGENCY,,V3
385,385,EVTOL-01,EC35,31.3023727,120.6034650,199.9,BUSY,M-P-001,V1
385,385,L-UAV-01,AMZN,31.3057805,120.6022671,100.0,BUSY,M-L-001,V2
385,385,M-UAV-01,M600,31.3108767,120.6039862,30.5,AVAILABLE,,
385,385,M-UAV-02,M600,31.2996405,120.5975067,100.0,CONTINGENCY,,V3
386,386,EVTOL-01,EC35,31.3027354,120.6034872,199.9,BUSY,M-P-001,V1
386,386,L-UAV-01,AMZN,31.3059136,120.6022974,100.0,BUSY,M-L-001,V2
386,386,M-UAV-01,M600,31.3108767,120.6039862,30.5,AVAILABLE,,
386,386,M-UAV-02,M600,31.2997542,120.5975930,100.0,CONTINGENCY,,V3
387,387,EVTOL-01,EC35,31.3030981,120.6035094,199.9,BUSY,M-P-001,V1
387,387,L-UAV-01,AMZN,31.3060483,120.6022798,100.0,BUSY,M-L-001,V2
387,387,M-UAV-01,M600,31.3108767,120.6039862,30.5,AVAILABLE,,
387,387,M-UAV-02,M600,31.2998680,120.5976794,100.0,CONTINGENCY,,V3
388,388,EVTOL-01,EC35,31.3034608,120.6035317,199.9,BUSY,M-P-001,V1
388,388,L-UAV-01,AMZN,31.3061723,120.6022159,100.0,BUSY,M-L-001,V2
388,388,M-UAV-01,M600,31.3108767,120.6039862,30.5,AVAILABLE,,
388,388,M-UAV-02,M600,31.2999817,120.5977657,100.0,CONTINGENCY,,V3
389,389,EVTOL-01,EC35,31.3038235,120.6035539,199.9,BUSY,M-P-001,V1
389,389,L-UAV-01,AMZN,31.3062744,120.6021116,100.0,BUSY,M-L-001,V2
389,389,M-UAV-01,M600,31.3108767,120.6039862,30.5,AVAILABLE,,
389,389,M-UAV-02,M600,31.3000954,120.5978520,100.0,CONTINGENCY,,V3
390,390,EVTOL-01,EC35,31.3041862,120.6035761,199.9,BUSY,M-P-001,V1
390,390,L-UAV-01,AMZN,31.3063452,120.6019763,100.0,BUSY,M-L-001,V2
390,390,M-UAV-01,M600,31.3108767,120.6039862,30.5,AVAILABLE,,
390,390,M-UAV-02,M600,31.3002091,120.5979384,100.0,CONTINGENCY,,V3
391,391,EVTOL-01,EC35,31.3045489,120.6035983,199.9,BUSY,M-P-001,V1
391,391,L-UAV-01,AMZN,31.3063783,120.6018224,100.0,BUSY,M-L-001,V2
391,391,M-UAV-01,M600,31.3108767,120.6039862,30.5,AVAILABLE,,
391,391,M-UAV-02,M600,31.3003228,120.5980247,100.0,CONTINGENCY,,V3
392,392,EVTOL-01,EC35,31.3049116,120.6036206,199.9,BUSY,M-P-001,V1
392,392,L-UAV-01,AMZN,31.3063705,120.6016641,100.0,BUSY,M-L-001,V2
392,392,M-UAV-01,M600,31.3108767,120.6039862,30.5,AVAILABLE,,
392,392,M-UAV-02,M600,31.3004365,120.5981110,100.0,CONTINGENCY,,V3
393,393,EVTOL-01,EC35,31.3052743,120.6036428,199.9,BUSY,M-P-001,V1
393,393,L-UAV-01,AMZN,31.3063227,120.6015156,100.0,BUSY,M-L-001,V2
393,393,M-UAV-01,M600,31.3108767,120.6039862,30.5,AVAILABLE,,
393,393,M-UAV-02,M600,31.3005502,120.5981974,100.0,CONTINGENCY,,V3
394,394,EVTOL-01,EC35,31.3056370,120.6036650,199.9,BUSY,M-P-001,V1
394,394,L-UAV-01,AMZN,31.3062392,120.6013907,100.0,BUSY,M-L-001,V2
394,394,M-UAV-01,M600,31.3108767,120.6039862,30.5,AVAILABLE,,
394,394,M-UAV-02,M600,31.3006640,120.5982837,100.0,CONTINGENCY,,V3
395,395,EVTOL-01,EC35,31.3059996,120.6036872,199.9,BUSY,M-P-001,V1
395,395,L-UAV-01,AMZN,31.3061275,120.6013007,100.0,BUSY,M-L-001,V2
395,395,M-UAV-01,M600,31.3108767,120.6039862,30.5,AVAILABLE,,
395,395,M-UAV-02,M600,31.3007777,120.5983700,100.0,CONTINGENCY,,V3
396,396,EVTOL-01,EC35,31.3063623,120.6037095,199.9,BUSY,M-P-001,V1
396,396,L-UAV-01,AMZN,31.3060083,120.6012252,100.0,BUSY,M-L-001,V2
396,396,M-UAV-01,M600,31.3108767,120.6039862,30.5,AVAILABLE,,
396,396,M-UAV-02,M600,31.3008914,120.5984564,100.0,CONTINGENCY,,V3
397,397,EVTOL-01,EC35,31.3067250,120.6037317,199.9,BUSY,M-P-001,V1
397,397,L-UAV-01,AMZN,31.3058891,120.6011497,100.0,BUSY,M-L-001,V2
397,397,M-UAV-01,M600,31.3108767,120.6039862,30.5,AVAILABLE,,
397,397,M-UAV-02,M600,31.3010051,120.5985427,100.0,CONTINGENCY,,V3
398,398,EVTOL-01,EC35,31.3070877,120.6037539,199.9,BUSY,M-P-001,V1
398,398,L-UAV-01,AMZN,31.3057699,120.6010743,100.0,BUSY,M-L-001,V2
398,398,M-UAV-01,M600,31.3108767,120.6039862,30.5,AVAILABLE,,
398,398,M-UAV-02,M600,31.3011188,120.5986291,100.0,CONTINGENCY,,V3
399,399,EVTOL-01,EC35,31.3074504,120.6037762,199.9,BUSY,M-P-001,V1
399,399,L-UAV-01,AMZN,31.3056506,120.6009988,100.0,BUSY,M-L-001,V2
399,399,M-UAV-01,M600,31.3108767,120.6039862,30.5,AVAILABLE,,
399,399,M-UAV-02,M600,31.3012325,120.5987154,100.0,CONTINGENCY,,V3
400,400,EVTOL-01,EC35,31.3078131,120.6037984,199.9,BUSY,M-P-001,V1
400,400,L-UAV-01,AMZN,31.3055314,120.6009233,100.0,BUSY,M-L-001,V2
400,400,M-UAV-01,M600,31.3108767,120.6039862,30.5,AVAILABLE,,
400,400,M-UAV-02,M600,31.3013463,120.5988017,100.0,CONTINGENCY,,V3
401,401,EVTOL-01,EC35,31.3081758,120.6038206,199.9,BUSY,M-P-001,V1
401,401,L-UAV-01,AMZN,31.3054122,120.6008479,100.0,BUSY,M-L-001,V2
401,401,M-UAV-01,M600,31.3108767,120.6039862,30.5,AVAILABLE,,
401,401,M-UAV-02,M600,31.3014600,120.5988881,100.0,CONTINGENCY,,V3
402,402,EVTOL-01,EC35,31.3085385,120.6038428,199.9,BUSY,M-P-001,V1
402,402,L-UAV-01,AMZN,31.3052929,120.6007724,100.0,BUSY,M-L-001,V2
402,402,M-UAV-01,M600,31.3108767,120.6039862,30.5,AVAILABLE,,
402,402,M-UAV-02,M600,31.3015737,120.5989744,100.0,CONTINGENCY,,V3
403,403,EVTOL-01,EC35,31.3089012,120.6038651,199.9,BUSY,M-P-001,V1
403,403,L-UAV-01,AMZN,31.3051737,120.6006969,100.0,BUSY,M-L-001,V2
403,403,M-UAV-01,M600,31.3108767,120.6039862,30.5,AVAILABLE,,
403,403,M-UAV-02,M600,31.3016874,120.5990607,100.0,CONTINGENCY,,V3
404,404,EVTOL-01,EC35,31.3092639,120.6038873,199.9,BUSY,M-P-001,V1
404,404,L-UAV-01,AMZN,31.3050545,120.6006215,100.0,BUSY,M-L-001,V2
404,404,M-UAV-01,M600,31.3108767,120.6039862,30.5,AVAILABLE,,
404,404,M-UAV-02,M600,31.3018011,120.5991471,100.0,CONTINGENCY,,V3
405,405,EVTOL-01,EC35,31.3096266,120.6039095,199.9,BUSY,M-P-001,V1
405,405,L-UAV-01,AMZN,31.3049353,120.6005460,100.0,BUSY,M-L-001,V2
405,405,M-UAV-01,M600,31.3108767,120.6039862,30.5,AVAILABLE,,
405,405,M-UAV-02,M600,31.3019148,120.5992334,100.0,CONTINGENCY,,V3
406,406,EVTOL-01,EC35,31.3099893,120.6039318,199.9,BUSY,M-P-001,V2
406,406,L-UAV-01,AMZN,31.3048160,120.6004705,100.0,BUSY,M-L-001,V2
406,406,M-UAV-01,M600,31.3108767,120.6039862,30.5,AVAILABLE,,
406,406,M-UAV-02,M600,31.3020285,120.5993197,100.0,CONTINGENCY,,V3
407,407,EVTOL-01,EC35,31.3103518,120.6039059,199.9,BUSY,M-P-001,V2
407,407,L-UAV-01,AMZN,31.3046968,120.6003951,100.0,BUSY,M-L-001,V2
407,407,M-UAV-01,M600,31.3108767,120.6039862,30.5,AVAILABLE,,
407,407,M-UAV-02,M600,31.3021423,120.5994061,100.0,CONTINGENCY,,V3
408,408,EVTOL-01,EC35,31.3107095,120.6038322,199.9,BUSY,M-P-001,V2
408,408,L-UAV-01,AMZN,31.3045776,120.6003196,100.0,BUSY,M-L-001,V2
408,408,M-UAV-01,M600,31.3108767,120.6039862,30.5,AVAILABLE,,
408,408,M-UAV-02,M600,31.3022560,120.5994924,100.0,CONTINGENCY,,V3
409,409,EVTOL-01,EC35,31.3110578,120.6037117,199.9,BUSY,M-P-001,V2
409,409,L-UAV-01,AMZN,31.3044583,120.6002441,100.0,BUSY,M-L-001,V2
409,409,M-UAV-01,M600,31.3108767,120.6039862,30.5,AVAILABLE,,
409,409,M-UAV-02,M600,31.3023697,120.5995788,100.0,CONTINGENCY,,V3
410,410,EVTOL-01,EC35,31.3113922,120.6035459,199.9,BUSY,M-P-001,V2
410,410,L-UAV-01,AMZN,31.3043391,120.6001687,100.0,BUSY,M-L-001,V2
410,410,M-UAV-01,M600,31.3108767,120.6039862,30.5,AVAILABLE,,
410,410,M-UAV-02,M600,31.3024834,120.5996651,100.0,CONTINGENCY,,V3
411,411,EVTOL-01,EC35,31.3117085,120.6033370,199.9,BUSY,M-P-001,V2
411,411,L-UAV-01,AMZN,31.3042199,120.6000932,100.0,BUSY,M-L-001,V2
411,411,M-UAV-01,M600,31.3108767,120.6039862,30.5,AVAILABLE,,
411,411,M-UAV-02,M600,31.3025971,120.5997514,100.0,CONTINGENCY,,V3
412,412,EVTOL-01,EC35,31.3120026,120.6030875,199.9,BUSY,M-P-001,V2
412,412,L-UAV-01,AMZN,31.3041007,120.6000177,100.0,BUSY,M-L-001,V2
412,412,M-UAV-01,M600,31.3108767,120.6039862,30.5,AVAILABLE,,
412,412,M-UAV-02,M600,31.3027108,120.5998378,100.0,CONTINGENCY,,V3
413,413,EVTOL-01,EC35,31.3122707,120.6028008,199.9,BUSY,M-P-001,V2
413,413,L-UAV-01,AMZN,31.3039814,120.5999423,100.0,BUSY,M-L-001,V2
413,413,M-UAV-01,M600,31.3108767,120.6039862,30.5,AVAILABLE,,
413,413,M-UAV-02,M600,31.3028245,120.5999241,100.0,CONTINGENCY,,V3
414,414,EVTOL-01,EC35,31.3125095,120.6024804,199.9,BUSY,M-P-001,V2
414,414,L-UAV-01,AMZN,31.3038622,120.5998668,100.0,BUSY,M-L-001,V2
414,414,M-UAV-01,M600,31.3108767,120.6039862,30.5,AVAILABLE,,
414,414,M-UAV-02,M600,31.3029383,120.6000104,100.0,CONTINGENCY,,V3
415,415,EVTOL-01,EC35,31.3127157,120.6021305,199.9,BUSY,M-P-001,V2
415,415,L-UAV-01,AMZN,31.3037430,120.5997913,100.0,BUSY,M-L-001,V2
415,415,M-UAV-01,M600,31.3108767,120.6039862,30.5,AVAILABLE,,
415,415,M-UAV-02,M600,31.3030520,120.6000968,100.0,CONTINGENCY,,V3
416,416,EVTOL-01,EC35,31.3128869,120.6017556,199.9,BUSY,M-P-001,V2
416,416,L-UAV-01,AMZN,31.3036237,120.5997159,100.0,BUSY,M-L-001,V2
416,416,M-UAV-01,M600,31.3108767,120.6039862,30.5,AVAILABLE,,
416,416,M-UAV-02,M600,31.3031657,120.6001831,100.0,CONTINGENCY,,V3
417,417,EVTOL-01,EC35,31.3130208,120.6013604,199.9,BUSY,M-P-001,V2
417,417,L-UAV-01,AMZN,31.3035045,120.5996404,100.0,BUSY,M-L-001,V2
417,417,M-UAV-01,M600,31.3108767,120.6039862,30.5,AVAILABLE,,
417,417,M-UAV-02,M600,31.3032794,120.6002695,100.0,CONTINGENCY,,V3
418,418,EVTOL-01,EC35,31.3131157,120.6009501,199.9,BUSY,M-P-001,V2
418,418,L-UAV-01,AMZN,31.3033853,120.5995649,100.0,BUSY,M-L-001,V2
418,418,M-UAV-01,M600,31.3108767,120.6039862,30.5,AVAILABLE,,
418,418,M-UAV-02,M600,31.3033931,120.6003558,100.0,CONTINGENCY,,V3
419,419,EVTOL-01,EC35,31.3131703,120.6005298,199.9,BUSY,M-P-001,V2
419,419,L-UAV-01,AMZN,31.3032661,120.5994895,100.0,BUSY,M-L-001,V2
419,419,M-UAV-01,M600,31.3108767,120.6039862,30.5,AVAILABLE,,
419,419,M-UAV-02,M600,31.3035068,120.6004421,100.0,CONTINGENCY,,V3
420,420,EVTOL-01,EC35,31.3131841,120.6001050,199.9,BUSY,M-P-001,V2
420,420,L-UAV-01,AMZN,31.3031468,120.5994140,100.0,BUSY,M-L-001,V2
420,420,M-UAV-01,M600,31.3108767,120.6039862,30.5,AVAILABLE,,
420,420,M-UAV-02,M600,31.3036205,120.6005285,100.0,CONTINGENCY,,V3
421,421,EVTOL-01,EC35,31.3131567,120.5996811,199.9,BUSY,M-P-001,V2
421,421,L-UAV-01,AMZN,31.3030276,120.5993385,100.0,BUSY,M-L-001,V2
421,421,M-UAV-01,M600,31.3108767,120.6039862,30.5,AVAILABLE,,
421,421,M-UAV-02,M600,31.3037343,120.6006148,100.0,CONTINGENCY,,V3
422,422,EVTOL-01,EC35,31.3130886,120.5992635,199.9,BUSY,M-P-001,V2
422,422,L-UAV-01,AMZN,31.3029084,120.5992631,100.0,BUSY,M-L-001,V2
422,422,M-UAV-01,M600,31.3108767,120.6039862,30.5,AVAILABLE,,
422,422,M-UAV-02,M600,31.3038480,120.6007012,100.0,CONTINGENCY,,V3
423,423,EVTOL-01,EC35,31.3129806,120.5988576,199.9,BUSY,M-P-001,V2
423,423,L-UAV-01,AMZN,31.3027891,120.5991876,100.0,BUSY,M-L-001,V2
423,423,M-UAV-01,M600,31.3108767,120.6039862,30.5,AVAILABLE,,
423,423,M-UAV-02,M600,31.3039617,120.6007875,100.0,CONTINGENCY,,V3
424,424,EVTOL-01,EC35,31.3128342,120.5984686,199.9,BUSY,M-P-001,V2
424,424,L-UAV-01,AMZN,31.3026699,120.5991122,100.0,BUSY,M-L-001,V2
424,424,M-UAV-01,M600,31.3108767,120.6039862,30.5,AVAILABLE,,
424,424,M-UAV-02,M600,31.3040754,120.6008739,100.0,CONTINGENCY,,V3
425,425,EVTOL-01,EC35,31.3126511,120.5981015,199.9,BUSY,M-P-001,V2
425,425,L-UAV-01,AMZN,31.3025507,120.5990367,100.0,BUSY,M-L-001,V2
425,425,M-UAV-01,M600,31.3108767,120.6039862,30.5,AVAILABLE,,
425,425,M-UAV-02,M600,31.3041891,120.6009602,100.0,CONTINGENCY,,V3
426,426,EVTOL-01,EC35,31.3124338,120.5977609,199.9,BUSY,M-P-001,V2
426,426,L-UAV-01,AMZN,31.3024315,120.5989612,100.0,BUSY,M-L-001,V2
426,426,M-UAV-01,M600,31.3108767,120.6039862,30.5,AVAILABLE,,
426,426,M-UAV-02,M600,31.3043028,120.6010465,100.0,CONTINGENCY,,V3
427,427,EVTOL-01,EC35,31.3121849,120.5974512,199.9,BUSY,M-P-001,V2
427,427,L-UAV-01,AMZN,31.3023122,120.5988858,100.0,BUSY,M-L-001,V2
427,427,M-UAV-01,M600,31.3108767,120.6039862,30.5,AVAILABLE,,
427,427,M-UAV-02,M600,31.3044165,120.6011329,100.0,CONTINGENCY,,V3
428,428,EVTOL-01,EC35,31.3119078,120.5971765,199.9,BUSY,M-P-001,V2
428,428,L-UAV-01,AMZN,31.3021930,120.5988103,100.0,BUSY,M-L-001,V2
428,428,M-UAV-01,M600,31.3108767,120.6039862,30.5,AVAILABLE,,
428,428,M-UAV-02,M600,31.3045302,120.6012192,100.0,CONTINGENCY,,V3
429,429,EVTOL-01,EC35,31.3116059,120.5969401,199.9,BUSY,M-P-001,V2
429,429,L-UAV-01,AMZN,31.3020738,120.5987348,100.0,BUSY,M-L-001,V2
429,429,M-UAV-01,M600,31.3108767,120.6039862,30.5,AVAILABLE,,
429,429,M-UAV-02,M600,31.3046440,120.6013056,100.0,CONTINGENCY,,V3
430,430,EVTOL-01,EC35,31.3112831,120.5967452,199.9,BUSY,M-P-001,V2
430,430,L-UAV-01,AMZN,31.3019545,120.5986594,100.0,BUSY,M-L-001,V2
430,430,M-UAV-01,M600,31.3108767,120.6039862,30.5,AVAILABLE,,
430,430,M-UAV-02,M600,31.3047577,120.6013919,100.0,CONTINGENCY,,V3
431,431,EVTOL-01,EC35,31.3109436,120.5965942,199.9,BUSY,M-P-001,V2
431,431,L-UAV-01,AMZN,31.3018353,120.5985839,100.0,BUSY,M-L-001,V2
431,431,M-UAV-01,M600,31.3108767,120.6039862,30.5,AVAILABLE,,
431,431,M-UAV-02,M600,31.3048714,120.6014782,100.0,CONTINGENCY,,V3
432,432,EVTOL-01,EC35,31.3105917,120.5964891,199.9,BUSY,M-P-001,V2
432,432,L-UAV-01,AMZN,31.3017161,120.5985085,100.0,BUSY,M-L-001,V2
432,432,M-UAV-01,M600,31.3108767,120.6039862,30.5,AVAILABLE,,
432,432,M-UAV-02,M600,31.3049851,120.6015646,100.0,CONTINGENCY,,V3
433,433,EVTOL-01,EC35,31.3102319,120.5964312,199.9,BUSY,M-P-001,V2
433,433,L-UAV-01,AMZN,31.3015969,120.5984330,100.0,BUSY,M-L-001,V2
433,433,M-UAV-01,M600,31.3108767,120.6039862,30.5,AVAILABLE,,
433,433,M-UAV-02,M600,31.3050988,120.6016509,100.0,CONTINGENCY,,V3
434,434,EVTOL-01,EC35,31.3098692,120.5964090,199.9,BUSY,M-P-001,V2
434,434,L-UAV-01,AMZN,31.3014776,120.5983575,100.0,BUSY,M-L-001,V2
434,434,M-UAV-01,M600,31.3108767,120.6039862,30.5,AVAILABLE,,
434,434,M-UAV-02,M600,31.3052125,120.6017373,100.0,CONTINGENCY,,V3
435,435,EVTOL-01,EC35,31.3095065,120.5963869,199.9,BUSY,M-P-001,V2
435,435,L-UAV-01,AMZN,31.3013584,120.5982821,100.0,BUSY,M-L-001,V2
435,435,M-UAV-01,M600,31.3108767,120.6039862,30.5,AVAILABLE,,
435,435,M-UAV-02,M600,31.3053262,120.6018236,100.0,CONTINGENCY,,V3
436,436,EVTOL-01,EC35,31.3091438,120.5963647,199.9,BUSY,M-P-001,V2
436,436,L-UAV-01,AMZN,31.3012392,120.5982066,100.0,BUSY,M-L-001,V2
436,436,M-UAV-01,M600,31.3108767,120.6039862,30.5,AVAILABLE,,
436,436,M-UAV-02,M600,31.3054400,120.6019100,100.0,CONTINGENCY,,V3
437,437,EVTOL-01,EC35,31.3087811,120.5963425,199.9,BUSY,M-P-001,V2
437,437,L-UAV-01,AMZN,31.3011199,120.5981311,100.0,BUSY,M-L-001,V2
437,437,M-UAV-01,M600,31.3108767,120.6039862,30.5,AVAILABLE,,
437,437,M-UAV-02,M600,31.3055537,120.6019963,100.0,CONTINGENCY,,V3
438,438,EVTOL-01,EC35,31.3084184,120.5963203,199.9,BUSY,M-P-001,V2
438,438,L-UAV-01,AMZN,31.3010007,120.5980557,100.0,BUSY,M-L-001,V2
438,438,M-UAV-01,M600,31.3108767,120.6039862,30.5,AVAILABLE,,
438,438,M-UAV-02,M600,31.3056674,120.6020826,100.0,CONTINGENCY,,V3
439,439,EVTOL-01,EC35,31.3080557,120.5962981,199.9,BUSY,M-P-001,V2
439,439,L-UAV-01,AMZN,31.3008815,120.5979802,100.0,BUSY,M-L-001,V2
439,439,M-UAV-01,M600,31.3108767,120.6039862,30.5,AVAILABLE,,
439,439,M-UAV-02,M600,31.3057811,120.6021690,100.0,CONTINGENCY,,V3
440,440,EVTOL-01,EC35,31.3076930,120.5962759,199.9,BUSY,M-P-001,V2
440,440,L-UAV-01,AMZN,31.3007622,120.5979048,100.0,BUSY,M-L-001,V2
440,440,M-UAV-01,M600,31.3108767,120.6039862,30.5,AVAILABLE,,
440,440,M-UAV-02,M600,31.3058948,120.6022553,100.0,CONTINGENCY,,
441,441,EVTOL-01,EC35,31.3073304,120.5962537,199.9,BUSY,M-P-001,V2
441,441,L-UAV-01,AMZN,31.3006430,120.5978293,100.0,BUSY,M-L-001,V2
441,441,M-UAV-01,M600,31.3108767,120.6039862,30.5,AVAILABLE,,
441,441,M-UAV-02,M600,31.3059934,120.6023302,98.5,CONTINGENCY,,
442,442,EVTOL-01,EC35,31.3069677,120.5962315,199.9,BUSY,M-P-001,V2
442,442,L-UAV-01,AMZN,31.3005238,120.5977538,100.0,BUSY,M-L-001,V2
442,442,M-UAV-01,M600,31.3108767,120.6039862,30.5,AVAILABLE,,
442,442,M-UAV-02,M600,31.3060770,120.6023937,95.4,CONTINGENCY,,
443,443,EVTOL-01,EC35,31.3066050,120.5962093,199.9,BUSY,M-P-001,V2
443,443,L-UAV-01,AMZN,31.3004046,120.5976784,100.0,BUSY,M-L-001,V2
443,443,M-UAV-01,M600,31.3108767,120.6039862,30.5,AVAILABLE,,
443,443,M-UAV-02,M600,31.3061454,120.6024456,90.8,CONTINGENCY,,
444,444,EVTOL-01,EC35,31.3062423,120.5961872,199.9,BUSY,M-P-001,V2
444,444,L-UAV-01,AMZN,31.3002853,120.5976029,100.0,BUSY,M-L-001,V2
444,444,M-UAV-01,M600,31.3108767,120.6039862,30.5,AVAILABLE,,
444,444,M-UAV-02,M600,31.3061988,120.6024861,84.7,CONTINGENCY,,
445,445,EVTOL-01,EC35,31.3058796,120.5961650,199.9,BUSY,M-P-001,V2
445,445,L-UAV-01,AMZN,31.3001661,120.5975275,100.0,BUSY,M-L-001,V2
445,445,M-UAV-01,M600,31.3108767,120.6039862,30.5,AVAILABLE,,
445,445,M-UAV-02,M600,31.3062370,120.6025152,77.1,CONTINGENCY,,
446,446,EVTOL-01,EC35,31.3055169,120.5961428,199.9,BUSY,M-P-001,V2
446,446,L-UAV-01,AMZN,31.3000469,120.5974520,100.0,BUSY,M-L-001,V2
446,446,M-UAV-01,M600,31.3108767,120.6039862,30.5,AVAILABLE,,
446,446,M-UAV-02,M600,31.3062602,120.6025328,69.5,CONTINGENCY,,
447,447,EVTOL-01,EC35,31.3051542,120.5961206,199.9,BUSY,M-P-001,V2
447,447,L-UAV-01,AMZN,31.2999276,120.5973765,100.0,BUSY,M-L-001,V2
447,447,M-UAV-01,M600,31.3108767,120.6039862,30.5,AVAILABLE,,
447,447,M-UAV-02,M600,31.3062683,120.6025389,61.9,CONTINGENCY,,
448,448,EVTOL-01,EC35,31.3047915,120.5960984,199.9,BUSY,M-P-001,V2
448,448,L-UAV-01,AMZN,31.2998084,120.5973011,100.0,BUSY,M-L-001,V2
448,448,M-UAV-01,M600,31.3108767,120.6039862,30.5,AVAILABLE,,
448,448,M-UAV-02,M600,31.3062683,120.6025389,54.3,CONTINGENCY,,
449,449,EVTOL-01,EC35,31.3044288,120.5960762,199.9,BUSY,M-P-001,V2
449,449,L-UAV-01,AMZN,31.2996892,120.5972256,100.0,BUSY,M-L-001,V2
449,449,M-UAV-01,M600,31.3108767,120.6039862,30.5,AVAILABLE,,
449,449,M-UAV-02,M600,31.3062683,120.6025389,46.6,CONTINGENCY,,
450,450,EVTOL-01,EC35,31.3040661,120.5960540,199.9,BUSY,M-P-001,V2
450,450,L-UAV-01,AMZN,31.2995699,120.5971502,100.0,BUSY,M-L-001,V2
450,450,M-UAV-01,M600,31.3108767,120.6039862,30.5,AVAILABLE,,
450,450,M-UAV-02,M600,31.3062683,120.6025389,39.0,CONTINGENCY,,
451,451,EVTOL-01,EC35,31.3037034,120.5960319,199.9,BUSY,M-P-001,V2
451,451,L-UAV-01,AMZN,31.2994507,120.5970747,100.0,BUSY,M-L-001,V2
451,451,M-UAV-01,M600,31.3108767,120.6039862,30.5,AVAILABLE,,
451,451,M-UAV-02,M600,31.3062683,120.6025389,31.4,CONTINGENCY,,
452,452,EVTOL-01,EC35,31.3033407,120.5960097,199.9,BUSY,M-P-001,V2
452,452,L-UAV-01,AMZN,31.2993315,120.5969993,100.0,BUSY,M-L-001,V2
452,452,M-UAV-01,M600,31.3108767,120.6039862,30.5,AVAILABLE,,
452,452,M-UAV-02,M600,31.3062683,120.6025389,30.5,CONTINGENCY,,
453,453,EVTOL-01,EC35,31.3029780,120.5959875,199.9,BUSY,M-P-001,V2
453,453,L-UAV-01,AMZN,31.2992123,120.5969238,100.0,BUSY,M-L-001,V2
453,453,M-UAV-01,M600,31.3108767,120.6039862,30.5,AVAILABLE,,
453,453,M-UAV-02,M600,31.3062683,120.6025389,30.5,CONTINGENCY,,
454,454,EVTOL-01,EC35,31.3026153,120.5959653,199.9,BUSY,M-P-001,V2
454,454,L-UAV-01,AMZN,31.2990930,120.5968483,100.0,BUSY,M-L-001,V2
454,454,M-UAV-01,M600,31.3108767,120.6039862,30.5,AVAILABLE,,
454,454,M-UAV-02,M600,31.3062683,120.6025389,30.5,CONTINGENCY,,
455,455,EVTOL-01,EC35,31.3022526,120.5959431,199.9,BUSY,M-P-001,V2
455,455,L-UAV-01,AMZN,31.2989738,120.5967729,100.0,BUSY,M-L-001,V2
455,455,M-UAV-01,M600,31.3108767,120.6039862,30.5,AVAILABLE,,
455,455,M-UAV-02,M600,31.3062683,120.6025389,30.5,CONTINGENCY,,
456,456,EVTOL-01,EC35,31.3018899,120.5959209,199.9,BUSY,M-P-001,V2
456,456,L-UAV-01,AMZN,31.2988546,120.5966974,100.0,BUSY,M-L-001,V2
456,456,M-UAV-01,M600,31.3108767,120.6039862,30.5,AVAILABLE,,
456,456,M-UAV-02,M600,31.3062683,120.6025389,30.5,CONTINGENCY,,
457,457,EVTOL-01,EC35,31.3015272,120.5958987,199.9,BUSY,M-P-001,V2
457,457,L-UAV-01,AMZN,31.2987353,120.5966220,100.0,BUSY,M-L-001,V2
457,457,M-UAV-01,M600,31.3108767,120.6039862,30.5,AVAILABLE,,
457,457,M-UAV-02,M600,31.3062683,120.6025389,30.5,CONTINGENCY,,
458,458,EVTOL-01,EC35,31.3011645,120.5958766,199.9,BUSY,M-P-001,V2
458,458,L-UAV-01,AMZN,31.2986161,120.5965465,100.0,BUSY,M-L-001,V2
458,458,M-UAV-01,M600,31.3108767,120.6039862,30.5,AVAILABLE,,
458,458,M-UAV-02,M600,31.3062683,120.6025389,30.5,CONTINGENCY,,
459,459,EVTOL-01,EC35,31.3008018,120.5958544,199.9,BUSY,M-P-001,V2
459,459,L-UAV-01,AMZN,31.2984969,120.5964711,100.0,BUSY,M-L-001,V2
459,459,M-UAV-01,M600,31.3108767,120.6039862,30.5,AVAILABLE,,
459,459,M-UAV-02,M600,31.3062683,120.6025389,30.5,CONTINGENCY,,
460,460,EVTOL-01,EC35,31.3004391,120.5958322,199.9,BUSY,M-P-001,V2
460,460,L-UAV-01,AMZN,31.2983776,120.5963956,100.0,BUSY,M-L-001,V2
460,460,M-UAV-01,M600,31.3108767,120.6039862,30.5,AVAILABLE,,
460,460,M-UAV-02,M600,31.3062683,120.6025389,30.5,CONTINGENCY,,
461,461,EVTOL-01,EC35,31.3000764,120.5958100,199.9,BUSY,M-P-001,V2
461,461,L-UAV-01,AMZN,31.2982584,120.5963201,100.0,BUSY,M-L-001,V2
461,461,M-UAV-01,M600,31.3108767,120.6039862,30.5,AVAILABLE,,
461,461,M-UAV-02,M600,31.3062683,120.6025389,30.5,CONTINGENCY,,
462,462,EVTOL-01,EC35,31.2997138,120.5957878,199.9,BUSY,M-P-001,V2
462,462,L-UAV-01,AMZN,31.2981392,120.5962447,100.0,BUSY,M-L-001,V2
462,462,M-UAV-01,M600,31.3108767,120.6039862,30.5,AVAILABLE,,
462,462,M-UAV-02,M600,31.3062683,120.6025389,30.5,CONTINGENCY,,
463,463,EVTOL-01,EC35,31.2993511,120.5957656,199.9,BUSY,M-P-001,V2
463,463,L-UAV-01,AMZN,31.2980199,120.5961692,100.0,BUSY,M-L-001,V2
463,463,M-UAV-01,M600,31.3108767,120.6039862,30.5,AVAILABLE,,
463,463,M-UAV-02,M600,31.3062683,120.6025389,30.5,CONTINGENCY,,
464,464,EVTOL-01,EC35,31.2989884,120.5957434,199.9,BUSY,M-P-001,V2
464,464,L-UAV-01,AMZN,31.2979007,120.5960938,100.0,BUSY,M-L-001,V3
464,464,M-UAV-01,M600,31.3108767,120.6039862,30.5,AVAILABLE,,
464,464,M-UAV-02,M600,31.3062683,120.6025389,30.5,CONTINGENCY,,
465,465,EVTOL-01,EC35,31.2986257,120.5957213,199.9,BUSY,M-P-001,V2
465,465,L-UAV-01,AMZN,31.2977677,120.5960635,100.0,BUSY,M-L-001,V3
465,465,M-UAV-01,M600,31.3108767,120.6039862,30.5,AVAILABLE,,
465,465,M-UAV-02,M600,31.3062683,120.6025389,30.5,CONTINGENCY,,
466,466,EVTOL-01,EC35,31.2982630,120.5956991,199.9,BUSY,M-P-001,V2
466,466,L-UAV-01,AMZN,31.2976330,120.5960810,100.0,BUSY,M-L-001,V3
466,466,M-UAV-01,M600,31.3108767,120.6039862,30.5,AVAILABLE,,
466,466,M-UAV-02,M600,31.3062683,120.6025389,30.5,CONTINGENCY,,
467,467,EVTOL-01,EC35,31.2979003,120.5956769,199.9,BUSY,M-P-001,V1
467,467,L-UAV-01,AMZN,31.2975089,120.5961449,100.0,BUSY,M-L-001,V3
467,467,M-UAV-01,M600,31.3108767,120.6039862,30.5,AVAILABLE,,
467,467,M-UAV-02,M600,31.3062683,120.6025389,30.5,CONTINGENCY,,
468,468,EVTOL-01,EC35,31.2975378,120.5957028,199.9,BUSY,M-P-001,V1
468,468,L-UAV-01,AMZN,31.2974068,120.5962493,100.0,BUSY,M-L-001,V3
468,468,M-UAV-01,M600,31.3108767,120.6039862,30.5,AVAILABLE,,
468,468,M-UAV-02,M600,31.3062683,120.6025389,30.5,CONTINGENCY,,
469,469,EVTOL-01,EC35,31.2971801,120.5957765,199.9,BUSY,M-P-001,V1
469,469,L-UAV-01,AMZN,31.2973360,120.5963845,100.0,BUSY,M-L-001,V3
469,469,M-UAV-01,M600,31.3108767,120.6039862,30.5,AVAILABLE,,
469,469,M-UAV-02,M600,31.3062683,120.6025389,30.5,CONTINGENCY,,
470,470,EVTOL-01,EC35,31.2968318,120.5958970,199.9,BUSY,M-P-001,V1
470,470,L-UAV-01,AMZN,31.2973030,120.5965384,100.0,BUSY,M-L-001,V3
470,470,M-UAV-01,M600,31.3108767,120.6039862,30.5,AVAILABLE,,
470,470,M-UAV-02,M600,31.3062683,120.6025389,30.5,CONTINGENCY,,
471,471,EVTOL-01,EC35,31.2964974,120.5960628,199.9,BUSY,M-P-001,V1
471,471,L-UAV-01,AMZN,31.2973107,120.5966968,100.0,BUSY,M-L-001,V3
471,471,M-UAV-01,M600,31.3108767,120.6039862,30.5,AVAILABLE,,
471,471,M-UAV-02,M600,31.3062683,120.6025389,30.5,CONTINGENCY,,
472,472,EVTOL-01,EC35,31.2961811,120.5962718,199.9,BUSY,M-P-001,V1
472,472,L-UAV-01,AMZN,31.2973586,120.5968452,100.0,BUSY,M-L-001,V3
472,472,M-UAV-01,M600,31.3108767,120.6039862,30.5,AVAILABLE,,
472,472,M-UAV-02,M600,31.3062683,120.6025389,30.5,CONTINGENCY,,
473,473,EVTOL-01,EC35,31.2958870,120.5965212,199.9,BUSY,M-P-001,V1
473,473,L-UAV-01,AMZN,31.2974421,120.5969701,100.0,BUSY,M-L-001,V3
473,473,M-UAV-01,M600,31.3108767,120.6039862,30.5,AVAILABLE,,
473,473,M-UAV-02,M600,31.3062683,120.6025389,30.5,CONTINGENCY,,
474,474,EVTOL-01,EC35,31.2956189,120.5968079,199.9,BUSY,M-P-001,V1
474,474,L-UAV-01,AMZN,31.2975537,120.5970601,100.0,BUSY,M-L-001,V3
474,474,M-UAV-01,M600,31.3108767,120.6039862,30.5,AVAILABLE,,
474,474,M-UAV-02,M600,31.3062683,120.6025389,30.5,CONTINGENCY,,
475,475,EVTOL-01,EC35,31.2953802,120.5971283,199.9,BUSY,M-P-001,V1
475,475,L-UAV-01,AMZN,31.2976730,120.5971356,100.0,BUSY,M-L-001,V3
475,475,M-UAV-01,M600,31.3108767,120.6039862,30.5,AVAILABLE,,
475,475,M-UAV-02,M600,31.3062683,120.6025389,30.5,CONTINGENCY,,
476,476,EVTOL-01,EC35,31.2951740,120.5974781,199.9,BUSY,M-P-001,V1
476,476,L-UAV-01,AMZN,31.2977922,120.5972110,100.0,BUSY,M-L-001,V3
476,476,M-UAV-01,M600,31.3108767,120.6039862,30.5,AVAILABLE,,
476,476,M-UAV-02,M600,31.3062683,120.6025389,30.5,CONTINGENCY,,
477,477,EVTOL-01,EC35,31.2950028,120.5978530,199.9,BUSY,M-P-001,V1
477,477,L-UAV-01,AMZN,31.2979114,120.5972865,100.0,BUSY,M-L-001,V3
477,477,M-UAV-01,M600,31.3108767,120.6039862,30.5,AVAILABLE,,
477,477,M-UAV-02,M600,31.3062683,120.6025389,30.5,CONTINGENCY,,
478,478,EVTOL-01,EC35,31.2948690,120.5982481,199.9,BUSY,M-P-001,V1
478,478,L-UAV-01,AMZN,31.2980307,120.5973619,100.0,BUSY,M-L-001,V3
478,478,M-UAV-01,M600,31.3108767,120.6039862,30.5,AVAILABLE,,
478,478,M-UAV-02,M600,31.3062683,120.6025389,30.5,CONTINGENCY,,
479,479,EVTOL-01,EC35,31.2947741,120.5986584,199.9,BUSY,M-P-001,V1
479,479,L-UAV-01,AMZN,31.2981499,120.5974374,100.0,BUSY,M-L-001,V3
479,479,M-UAV-01,M600,31.3108767,120.6039862,30.5,AVAILABLE,,
479,479,M-UAV-02,M600,31.3062683,120.6025389,30.5,CONTINGENCY,,
480,480,EVTOL-01,EC35,31.2947195,120.5990786,199.9,BUSY,M-P-001,V1
480,480,L-UAV-01,AMZN,31.2982691,120.5975129,100.0,BUSY,M-L-001,V3
480,480,M-UAV-01,M600,31.3108767,120.6039862,30.5,AVAILABLE,,
480,480,M-UAV-02,M600,31.3062683,120.6025389,30.5,CONTINGENCY,,
481,481,EVTOL-01,EC35,31.2947058,120.5995033,199.9,BUSY,M-P-001,V1
481,481,L-UAV-01,AMZN,31.2983884,120.5975883,100.0,BUSY,M-L-001,V3
481,481,M-UAV-01,M600,31.3108767,120.6039862,30.5,AVAILABLE,,
481,481,M-UAV-02,M600,31.3062683,120.6025389,30.5,CONTINGENCY,,
482,482,EVTOL-01,EC35,31.2947332,120.5999272,199.9,BUSY,M-P-001,V1
482,482,L-UAV-01,AMZN,31.2985076,120.5976638,100.0,BUSY,M-L-001,V3
482,482,M-UAV-01,M600,31.3108767,120.6039862,30.5,AVAILABLE,,
482,482,M-UAV-02,M600,31.3062683,120.6025389,30.5,CONTINGENCY,,
483,483,EVTOL-01,EC35,31.2948013,120.6003446,199.9,BUSY,M-P-001,V1
483,483,L-UAV-01,AMZN,31.2986268,120.5977392,100.0,BUSY,M-L-001,V3
483,483,M-UAV-01,M600,31.3108767,120.6039862,30.5,AVAILABLE,,
483,483,M-UAV-02,M600,31.3062683,120.6025389,30.5,CONTINGENCY,,
484,484,EVTOL-01,EC35,31.2949093,120.6007504,199.9,BUSY,M-P-001,V1
484,484,L-UAV-01,AMZN,31.2987460,120.5978147,100.0,BUSY,M-L-001,V3
484,484,M-UAV-01,M600,31.3108767,120.6039862,30.5,AVAILABLE,,
484,484,M-UAV-02,M600,31.3062683,120.6025389,30.5,CONTINGENCY,,
485,485,EVTOL-01,EC35,31.2950558,120.6011394,199.9,BUSY,M-P-001,V1
485,485,L-UAV-01,AMZN,31.2988653,120.5978901,100.0,BUSY,M-L-001,V3
485,485,M-UAV-01,M600,31.3108767,120.6039862,30.5,AVAILABLE,,
485,485,M-UAV-02,M600,31.3062683,120.6025389,30.5,CONTINGENCY,,
486,486,EVTOL-01,EC35,31.2952389,120.6015064,199.9,BUSY,M-P-001,V1
486,486,L-UAV-01,AMZN,31.2989845,120.5979656,100.0,BUSY,M-L-001,V3
486,486,M-UAV-01,M600,31.3108767,120.6039862,30.5,AVAILABLE,,
486,486,M-UAV-02,M600,31.3062683,120.6025389,30.5,CONTINGENCY,,
487,487,EVTOL-01,EC35,31.2954563,120.6018469,199.9,BUSY,M-P-001,V1
487,487,L-UAV-01,AMZN,31.2991037,120.5980411,100.0,BUSY,M-L-001,V3
487,487,M-UAV-01,M600,31.3108767,120.6039862,30.5,AVAILABLE,,
487,487,M-UAV-02,M600,31.3062683,120.6025389,30.5,CONTINGENCY,,
488,488,EVTOL-01,EC35,31.2957052,120.6021565,199.9,BUSY,M-P-001,V1
488,488,L-UAV-01,AMZN,31.2992230,120.5981165,100.0,BUSY,M-L-001,V3
488,488,M-UAV-01,M600,31.3108767,120.6039862,30.5,AVAILABLE,,
488,488,M-UAV-02,M600,31.3062683,120.6025389,30.5,CONTINGENCY,,
489,489,EVTOL-01,EC35,31.2959823,120.6024312,199.9,BUSY,M-P-001,V1
489,489,L-UAV-01,AMZN,31.2993422,120.5981920,100.0,BUSY,M-L-001,V3
489,489,M-UAV-01,M600,31.3108767,120.6039862,30.5,AVAILABLE,,
489,489,M-UAV-02,M600,31.3062683,120.6025389,30.5,CONTINGENCY,,
490,490,EVTOL-01,EC35,31.2962842,120.6026674,199.9,BUSY,M-P-001,V1
490,490,L-UAV-01,AMZN,31.2994614,120.5982674,100.0,BUSY,M-L-001,V3
490,490,M-UAV-01,M600,31.3108767,120.6039862,30.5,AVAILABLE,,
490,490,M-UAV-02,M600,31.3062683,120.6025389,30.5,CONTINGENCY,,
491,491,EVTOL-01,EC35,31.2966070,120.6028623,199.9,BUSY,M-P-001,V1
491,491,L-UAV-01,AMZN,31.2995806,120.5983429,100.0,BUSY,M-L-001,V3
491,491,M-UAV-01,M600,31.3108767,120.6039862,30.5,AVAILABLE,,
491,491,M-UAV-02,M600,31.3062683,120.6025389,30.5,CONTINGENCY,,
492,492,EVTOL-01,EC35,31.2969465,120.6030132,199.9,BUSY,M-P-001,V1
492,492,L-UAV-01,AMZN,31.2996999,120.5984184,100.0,BUSY,M-L-001,V3
492,492,M-UAV-01,M600,31.3108767,120.6039862,30.5,AVAILABLE,,
492,492,M-UAV-02,M600,31.3062683,120.6025389,30.5,CONTINGENCY,,
493,493,EVTOL-01,EC35,31.2972985,120.6031183,199.9,BUSY,M-P-001,V1
493,493,L-UAV-01,AMZN,31.2998191,120.5984938,100.0,BUSY,M-L-001,V3
493,493,M-UAV-01,M600,31.3108767,120.6039862,30.5,AVAILABLE,,
493,493,M-UAV-02,M600,31.3062683,120.6025389,30.5,CONTINGENCY,,
494,494,EVTOL-01,EC35,31.2976583,120.6031761,199.9,BUSY,M-P-001,V1
494,494,L-UAV-01,AMZN,31.2999383,120.5985693,100.0,BUSY,M-L-001,V3
494,494,M-UAV-01,M600,31.3108767,120.6039862,30.5,AVAILABLE,,
494,494,M-UAV-02,M600,31.3062683,120.6025389,30.5,CONTINGENCY,,
495,495,EVTOL-01,EC35,31.2980210,120.6031983,199.9,BUSY,M-P-001,V1
495,495,L-UAV-01,AMZN,31.3000576,120.5986447,100.0,BUSY,M-L-001,V3
495,495,M-UAV-01,M600,31.3108767,120.6039862,30.5,AVAILABLE,,
495,495,M-UAV-02,M600,31.3062683,120.6025389,30.5,CONTINGENCY,,
496,496,EVTOL-01,EC35,31.2983837,120.6032205,199.9,BUSY,M-P-001,V1
496,496,L-UAV-01,AMZN,31.3001768,120.5987202,100.0,BUSY,M-L-001,V3
496,496,M-UAV-01,M600,31.3108767,120.6039862,30.5,AVAILABLE,,
496,496,M-UAV-02,M600,31.3062683,120.6025389,30.5,CONTINGENCY,,
497,497,EVTOL-01,EC35,31.2987464,120.6032428,199.9,BUSY,M-P-001,V1
497,497,L-UAV-01,AMZN,31.3002960,120.5987957,100.0,BUSY,M-L-001,V3
497,497,M-UAV-01,M600,31.3108767,120.6039862,30.5,AVAILABLE,,
497,497,M-UAV-02,M600,31.3062683,120.6025389,30.5,CONTINGENCY,,
498,498,EVTOL-01,EC35,31.2991091,120.6032650,199.9,BUSY,M-P-001,V1
498,498,L-UAV-01,AMZN,31.3004153,120.5988711,100.0,BUSY,M-L-001,V3
498,498,M-UAV-01,M600,31.3108767,120.6039862,30.5,AVAILABLE,,
498,498,M-UAV-02,M600,31.3062683,120.6025389,30.5,CONTINGENCY,,
499,499,EVTOL-01,EC35,31.2994717,120.6032872,199.9,BUSY,M-P-001,V1
499,499,L-UAV-01,AMZN,31.3005345,120.5989466,100.0,BUSY,M-L-001,V3
499,499,M-UAV-01,M600,31.3108767,120.6039862,30.5,AVAILABLE,,
499,499,M-UAV-02,M600,31.3062683,120.6025389,30.5,CONTINGENCY,,
500,500,EVTOL-01,EC35,31.2998344,120.6033094,199.9,BUSY,M-P-001,V1
500,500,L-UAV-01,AMZN,31.3006537,120.5990221,100.0,BUSY,M-L-001,V3
500,500,M-UAV-01,M600,31.3108767,120.6039862,30.5,AVAILABLE,,
500,500,M-UAV-02,M600,31.3062683,120.6025389,30.5,CONTINGENCY,,
501,501,EVTOL-01,EC35,31.3001971,120.6033317,199.9,BUSY,M-P-001,V1
501,501,L-UAV-01,AMZN,31.3007729,120.5990975,100.0,BUSY,M-L-001,V3
501,501,M-UAV-01,M600,31.3108767,120.6039862,30.5,AVAILABLE,,
501,501,M-UAV-02,M600,31.3062683,120.6025389,30.5,CONTINGENCY,,
502,502,EVTOL-01,EC35,31.3005598,120.6033539,199.9,BUSY,M-P-001,V1
502,502,L-UAV-01,AMZN,31.3008922,120.5991730,100.0,BUSY,M-L-001,V3
502,502,M-UAV-01,M600,31.3108767,120.6039862,30.5,AVAILABLE,,
502,502,M-UAV-02,M600,31.3062683,120.6025389,30.5,CONTINGENCY,,
503,503,EVTOL-01,EC35,31.3009225,120.6033761,199.9,BUSY,M-P-001,V1
503,503,L-UAV-01,AMZN,31.3010114,120.5992484,100.0,BUSY,M-L-001,V3
503,503,M-UAV-01,M600,31.3108767,120.6039862,30.5,AVAILABLE,,
503,503,M-UAV-02,M600,31.3062683,120.6025389,30.5,CONTINGENCY,,
504,504,EVTOL-01,EC35,31.3012852,120.6033983,199.9,BUSY,M-P-001,V1
504,504,L-UAV-01,AMZN,31.3011306,120.5993239,100.0,BUSY,M-L-001,V3
504,504,M-UAV-01,M600,31.3108767,120.6039862,30.5,AVAILABLE,,
504,504,M-UAV-02,M600,31.3062683,120.6025389,30.5,CONTINGENCY,,
505,505,EVTOL-01,EC35,31.3016479,120.6034206,199.9,BUSY,M-P-001,V1
505,505,L-UAV-01,AMZN,31.3012499,120.5993994,100.0,BUSY,M-L-001,V3
505,505,M-UAV-01,M600,31.3108767,120.6039862,30.5,AVAILABLE,,
505,505,M-UAV-02,M600,31.3062683,120.6025389,30.5,CONTINGENCY,,
506,506,EVTOL-01,EC35,31.3020106,120.6034428,199.9,BUSY,M-P-001,V1
506,506,L-UAV-01,AMZN,31.3013691,120.5994748,100.0,BUSY,M-L-001,V3
506,506,M-UAV-01,M600,31.3108767,120.6039862,30.5,AVAILABLE,,
506,506,M-UAV-02,M600,31.3062683,120.6025389,30.5,CONTINGENCY,,
507,507,EVTOL-01,EC35,31.3023733,120.6034650,199.9,BUSY,M-P-001,V1
507,507,L-UAV-01,AMZN,31.3014883,120.5995503,100.0,BUSY,M-L-001,V3
507,507,M-UAV-01,M600,31.3108767,120.6039862,30.5,AVAILABLE,,
507,507,M-UAV-02,M600,31.3062683,120.6025389,30.5,CONTINGENCY,,
508,508,EVTOL-01,EC35,31.3027360,120.6034872,199.9,BUSY,M-P-001,V1
508,508,L-UAV-01,AMZN,31.3016075,120.5996257,100.0,BUSY,M-L-001,V3
508,508,M-UAV-01,M600,31.3108767,120.6039862,30.5,AVAILABLE,,
508,508,M-UAV-02,M600,31.3062683,120.6025389,30.5,CONTINGENCY,,
509,509,EVTOL-01,EC35,31.3030987,120.6035095,199.9,BUSY,M-P-001,V1
509,509,L-UAV-01,AMZN,31.3017268,120.5997012,100.0,BUSY,M-L-001,V3
509,509,M-UAV-01,M600,31.3108767,120.6039862,30.5,AVAILABLE,,
509,509,M-UAV-02,M600,31.3062683,120.6025389,30.5,CONTINGENCY,,
510,510,EVTOL-01,EC35,31.3034614,120.6035317,199.9,BUSY,M-P-001,V1
510,510,L-UAV-01,AMZN,31.3018460,120.5997767,100.0,BUSY,M-L-001,V3
510,510,M-UAV-01,M600,31.3108767,120.6039862,30.5,AVAILABLE,,
510,510,M-UAV-02,M600,31.3062683,120.6025389,30.5,CONTINGENCY,,
511,511,EVTOL-01,EC35,31.3038241,120.6035539,199.9,BUSY,M-P-001,V1
511,511,L-UAV-01,AMZN,31.3019652,120.5998521,100.0,BUSY,M-L-001,V3
511,511,M-UAV-01,M600,31.3108767,120.6039862,30.5,AVAILABLE,,
511,511,M-UAV-02,M600,31.3062683,120.6025389,30.5,CONTINGENCY,,
512,512,EVTOL-01,EC35,31.3041868,120.6035761,199.9,BUSY,M-P-001,V1
512,512,L-UAV-01,AMZN,31.3020845,120.5999276,100.0,BUSY,M-L-001,V3
512,512,M-UAV-01,M600,31.3108767,120.6039862,30.5,AVAILABLE,,
512,512,M-UAV-02,M600,31.3062683,120.6025389,30.5,CONTINGENCY,,
513,513,EVTOL-01,EC35,31.3045495,120.6035984,199.9,BUSY,M-P-001,V1
513,513,L-UAV-01,AMZN,31.3022037,120.6000031,100.0,BUSY,M-L-001,V3
513,513,M-UAV-01,M600,31.3108767,120.6039862,30.5,AVAILABLE,,
513,513,M-UAV-02,M600,31.3062683,120.6025389,30.5,CONTINGENCY,,
514,514,EVTOL-01,EC35,31.3049122,120.6036206,199.9,BUSY,M-P-001,V1
514,514,L-UAV-01,AMZN,31.3023229,120.6000785,100.0,BUSY,M-L-001,V3
514,514,M-UAV-01,M600,31.3108767,120.6039862,30.5,AVAILABLE,,
514,514,M-UAV-02,M600,31.3062683,120.6025389,30.5,CONTINGENCY,,
515,515,EVTOL-01,EC35,31.3052748,120.6036428,199.9,BUSY,M-P-001,V1
515,515,L-UAV-01,AMZN,31.3024421,120.6001540,100.0,BUSY,M-L-001,V3
515,515,M-UAV-01,M600,31.3108767,120.6039862,30.5,AVAILABLE,,
515,515,M-UAV-02,M600,31.3062683,120.6025389,30.5,CONTINGENCY,,
516,516,EVTOL-01,EC35,31.3056375,120.6036651,199.9,BUSY,M-P-001,V1
516,516,L-UAV-01,AMZN,31.3025614,120.6002295,100.0,BUSY,M-L-001,V3
516,516,M-UAV-01,M600,31.3108767,120.6039862,30.5,AVAILABLE,,
516,516,M-UAV-02,M600,31.3062683,120.6025389,30.5,CONTINGENCY,,
517,517,EVTOL-01,EC35,31.3060002,120.6036873,199.9,BUSY,M-P-001,V1
517,517,L-UAV-01,AMZN,31.3026806,120.6003049,100.0,BUSY,M-L-001,V3
517,517,M-UAV-01,M600,31.3108767,120.6039862,30.5,AVAILABLE,,
517,517,M-UAV-02,M600,31.3062683,120.6025389,30.5,CONTINGENCY,,
518,518,EVTOL-01,EC35,31.3063629,120.6037095,199.9,BUSY,M-P-001,V1
518,518,L-UAV-01,AMZN,31.3027998,120.6003804,100.0,BUSY,M-L-001,V3
518,518,M-UAV-01,M600,31.3108767,120.6039862,30.5,AVAILABLE,,
518,518,M-UAV-02,M600,31.3062683,120.6025389,30.5,CONTINGENCY,,
519,519,EVTOL-01,EC35,31.3067256,120.6037317,199.9,BUSY,M-P-001,V1
519,519,L-UAV-01,AMZN,31.3029191,120.6004559,100.0,BUSY,M-L-001,V3
519,519,M-UAV-01,M600,31.3108767,120.6039862,30.5,AVAILABLE,,
519,519,M-UAV-02,M600,31.3062683,120.6025389,30.5,CONTINGENCY,,
520,520,EVTOL-01,EC35,31.3070883,120.6037540,199.9,BUSY,M-P-001,V1
520,520,L-UAV-01,AMZN,31.3030383,120.6005313,100.0,BUSY,M-L-001,V3
520,520,M-UAV-01,M600,31.3108767,120.6039862,30.5,AVAILABLE,,
520,520,M-UAV-02,M600,31.3062683,120.6025389,30.5,CONTINGENCY,,
521,521,EVTOL-01,EC35,31.3074510,120.6037762,199.9,BUSY,M-P-001,V1
521,521,L-UAV-01,AMZN,31.3031575,120.6006068,100.0,BUSY,M-L-001,V3
521,521,M-UAV-01,M600,31.3108767,120.6039862,30.5,AVAILABLE,,
521,521,M-UAV-02,M600,31.3062683,120.6025389,30.5,CONTINGENCY,,
522,522,EVTOL-01,EC35,31.3078137,120.6037984,199.9,BUSY,M-P-001,V1
522,522,L-UAV-01,AMZN,31.3032767,120.6006823,100.0,BUSY,M-L-001,V3
522,522,M-UAV-01,M600,31.3108767,120.6039862,30.5,AVAILABLE,,
522,522,M-UAV-02,M600,31.3062683,120.6025389,30.5,CONTINGENCY,,
523,523,EVTOL-01,EC35,31.3081764,120.6038207,199.9,BUSY,M-P-001,V1
523,523,L-UAV-01,AMZN,31.3033960,120.6007577,100.0,BUSY,M-L-001,V3
523,523,M-UAV-01,M600,31.3108767,120.6039862,30.5,AVAILABLE,,
523,523,M-UAV-02,M600,31.3062683,120.6025389,30.5,CONTINGENCY,,
524,524,EVTOL-01,EC35,31.3085391,120.6038429,199.9,BUSY,M-P-001,V1
524,524,L-UAV-01,AMZN,31.3035152,120.6008332,100.0,BUSY,M-L-001,V3
524,524,M-UAV-01,M600,31.3108767,120.6039862,30.5,AVAILABLE,,
524,524,M-UAV-02,M600,31.3062683,120.6025389,30.5,CONTINGENCY,,
525,525,EVTOL-01,EC35,31.3089018,120.6038651,199.9,BUSY,M-P-001,V1
525,525,L-UAV-01,AMZN,31.3036344,120.6009087,100.0,BUSY,M-L-001,V3
525,525,M-UAV-01,M600,31.3108767,120.6039862,30.5,AVAILABLE,,
525,525,M-UAV-02,M600,31.3062683,120.6025389,30.5,CONTINGENCY,,
526,526,EVTOL-01,EC35,31.3092645,120.6038873,199.9,BUSY,M-P-001,V1
526,526,L-UAV-01,AMZN,31.3037537,120.6009841,100.0,BUSY,M-L-001,V3
526,526,M-UAV-01,M600,31.3108767,120.6039862,30.5,AVAILABLE,,
526,526,M-UAV-02,M600,31.3062683,120.6025389,30.5,CONTINGENCY,,
527,527,EVTOL-01,EC35,31.3096272,120.6039096,199.9,BUSY,M-P-001,V1
527,527,L-UAV-01,AMZN,31.3038729,120.6010596,100.0,BUSY,M-L-001,V3
527,527,M-UAV-01,M600,31.3108767,120.6039862,30.5,AVAILABLE,,
527,527,M-UAV-02,M600,31.3062683,120.6025389,30.5,CONTINGENCY,,
528,528,EVTOL-01,EC35,31.3099899,120.6039318,199.9,BUSY,M-P-001,V2
528,528,L-UAV-01,AMZN,31.3039921,120.6011351,100.0,BUSY,M-L-001,V3
528,528,M-UAV-01,M600,31.3108767,120.6039862,30.5,AVAILABLE,,
528,528,M-UAV-02,M600,31.3062683,120.6025389,30.5,CONTINGENCY,,
529,529,EVTOL-01,EC35,31.3103524,120.6039059,199.9,BUSY,M-P-001,V2
529,529,L-UAV-01,AMZN,31.3041113,120.6012105,100.0,BUSY,M-L-001,V3
529,529,M-UAV-01,M600,31.3108767,120.6039862,30.5,AVAILABLE,,
529,529,M-UAV-02,M600,31.3062683,120.6025389,30.5,CONTINGENCY,,
530,530,EVTOL-01,EC35,31.3107101,120.6038323,199.9,BUSY,M-P-001,V2
530,530,L-UAV-01,AMZN,31.3042306,120.6012860,100.0,BUSY,M-L-001,V3
530,530,M-UAV-01,M600,31.3108767,120.6039862,30.5,AVAILABLE,,
530,530,M-UAV-02,M600,31.3062683,120.6025389,30.5,CONTINGENCY,,
531,531,EVTOL-01,EC35,31.3110584,120.6037118,199.9,BUSY,M-P-001,V2
531,531,L-UAV-01,AMZN,31.3043498,120.6013615,100.0,BUSY,M-L-001,V3
531,531,M-UAV-01,M600,31.3108767,120.6039862,30.5,AVAILABLE,,
531,531,M-UAV-02,M600,31.3062683,120.6025389,30.5,CONTINGENCY,,
532,532,EVTOL-01,EC35,31.3113928,120.6035460,199.9,BUSY,M-P-001,V2
532,532,L-UAV-01,AMZN,31.3044690,120.6014369,100.0,BUSY,M-L-001,V3
532,532,M-UAV-01,M600,31.3108767,120.6039862,30.5,AVAILABLE,,
532,532,M-UAV-02,M600,31.3062683,120.6025389,30.5,CONTINGENCY,,
533,533,EVTOL-01,EC35,31.3117091,120.6033370,199.9,BUSY,M-P-001,V2
533,533,L-UAV-01,AMZN,31.3045882,120.6015124,100.0,BUSY,M-L-001,V3
533,533,M-UAV-01,M600,31.3108767,120.6039862,30.5,AVAILABLE,,
533,533,M-UAV-02,M600,31.3062683,120.6025389,30.5,CONTINGENCY,,
534,534,EVTOL-01,EC35,31.3120032,120.6030876,199.9,BUSY,M-P-001,V2
534,534,L-UAV-01,AMZN,31.3047075,120.6015879,100.0,BUSY,M-L-001,V3
534,534,M-UAV-01,M600,31.3108767,120.6039862,30.5,AVAILABLE,,
534,534,M-UAV-02,M600,31.3062683,120.6025389,30.5,CONTINGENCY,,
535,535,EVTOL-01,EC35,31.3122713,120.6028008,199.9,BUSY,M-P-001,V2
535,535,L-UAV-01,AMZN,31.3048267,120.6016633,100.0,BUSY,M-L-001,V3
535,535,M-UAV-01,M600,31.3108767,120.6039862,30.5,AVAILABLE,,
535,535,M-UAV-02,M600,31.3062683,120.6025389,30.5,CONTINGENCY,,
536,536,EVTOL-01,EC35,31.3125100,120.6024805,199.9,BUSY,M-P-001,V2
536,536,L-UAV-01,AMZN,31.3049459,120.6017388,100.0,BUSY,M-L-001,V3
536,536,M-UAV-01,M600,31.3108767,120.6039862,30.5,AVAILABLE,,
536,536,M-UAV-02,M600,31.3062683,120.6025389,30.5,CONTINGENCY,,
537,537,EVTOL-01,EC35,31.3127163,120.6021306,199.9,BUSY,M-P-001,V2
537,537,L-UAV-01,AMZN,31.3050652,120.6018143,100.0,BUSY,M-L-001,V3
537,537,M-UAV-01,M600,31.3108767,120.6039862,30.5,AVAILABLE,,
537,537,M-UAV-02,M600,31.3062683,120.6025389,30.5,CONTINGENCY,,
538,538,EVTOL-01,EC35,31.3128875,120.6017556,199.9,BUSY,M-P-001,V2
538,538,L-UAV-01,AMZN,31.3051844,120.6018897,100.0,BUSY,M-L-001,V3
538,538,M-UAV-01,M600,31.3108767,120.6039862,30.5,AVAILABLE,,
538,538,M-UAV-02,M600,31.3062683,120.6025389,30.5,CONTINGENCY,,
539,539,EVTOL-01,EC35,31.3130214,120.6013605,199.9,BUSY,M-P-001,V2
539,539,L-UAV-01,AMZN,31.3053036,120.6019652,100.0,BUSY,M-L-001,V3
539,539,M-UAV-01,M600,31.3108767,120.6039862,30.5,AVAILABLE,,
539,539,M-UAV-02,M600,31.3062683,120.6025389,30.5,CONTINGENCY,,
540,540,EVTOL-01,EC35,31.3131163,120.6009501,199.9,BUSY,M-P-001,V2
540,540,L-UAV-01,AMZN,31.3054228,120.6020407,100.0,BUSY,M-L-001,V3
540,540,M-UAV-01,M600,31.3108767,120.6039862,30.5,AVAILABLE,,
540,540,M-UAV-02,M600,31.3062683,120.6025389,30.5,CONTINGENCY,,
541,541,EVTOL-01,EC35,31.3131709,120.6005298,199.9,BUSY,M-P-001,V2
541,541,L-UAV-01,AMZN,31.3055421,120.6021161,100.0,BUSY,M-L-001,V3
541,541,M-UAV-01,M600,31.3108767,120.6039862,30.5,AVAILABLE,,
541,541,M-UAV-02,M600,31.3062683,120.6025389,30.5,CONTINGENCY,,
542,542,EVTOL-01,EC35,31.3131847,120.6001050,199.9,BUSY,M-P-001,V2
542,542,L-UAV-01,AMZN,31.3056613,120.6021916,100.0,BUSY,M-L-001,V3
542,542,M-UAV-01,M600,31.3108767,120.6039862,30.5,AVAILABLE,,
542,542,M-UAV-02,M600,31.3062683,120.6025389,30.5,CONTINGENCY,,
543,543,EVTOL-01,EC35,31.3131573,120.5996811,199.9,BUSY,M-P-001,V2
543,543,L-UAV-01,AMZN,31.3057805,120.6022671,100.0,BUSY,M-L-001,V2
543,543,M-UAV-01,M600,31.3108767,120.6039862,30.5,AVAILABLE,,
543,543,M-UAV-02,M600,31.3062683,120.6025389,30.5,CONTINGENCY,,
544,544,EVTOL-01,EC35,31.3130892,120.5992636,199.9,BUSY,M-P-001,V2
544,544,L-UAV-01,AMZN,31.3059136,120.6022974,100.0,BUSY,M-L-001,V2
544,544,M-UAV-01,M600,31.3108767,120.6039862,30.5,AVAILABLE,,
544,544,M-UAV-02,M600,31.3062683,120.6025389,30.5,CONTINGENCY,,
545,545,EVTOL-01,EC35,31.3129812,120.5988577,199.9,BUSY,M-P-001,V2
545,545,L-UAV-01,AMZN,31.3060483,120.6022798,100.0,BUSY,M-L-001,V2
545,545,M-UAV-01,M600,31.3108767,120.6039862,30.5,AVAILABLE,,
545,545,M-UAV-02,M600,31.3062683,120.6025389,30.5,CONTINGENCY,,
546,546,EVTOL-01,EC35,31.3128348,120.5984687,199.9,BUSY,M-P-001,V2
546,546,L-UAV-01,AMZN,31.3061724,120.6022160,100.0,BUSY,M-L-001,V2
546,546,M-UAV-01,M600,31.3108767,120.6039862,30.5,AVAILABLE,,
546,546,M-UAV-02,M600,31.3062683,120.6025389,30.5,CONTINGENCY,,
547,547,EVTOL-01,EC35,31.3126517,120.5981015,199.9,BUSY,M-P-001,V2
547,547,L-UAV-01,AMZN,31.3062745,120.6021116,100.0,BUSY,M-L-001,V2
547,547,M-UAV-01,M600,31.3108767,120.6039862,30.5,AVAILABLE,,
547,547,M-UAV-02,M600,31.3062683,120.6025389,30.5,CONTINGENCY,,
548,548,EVTOL-01,EC35,31.3124343,120.5977609,199.9,BUSY,M-P-001,V2
548,548,L-UAV-01,AMZN,31.3063453,120.6019763,100.0,BUSY,M-L-001,V2
548,548,M-UAV-01,M600,31.3108767,120.6039862,30.5,AVAILABLE,,
548,548,M-UAV-02,M600,31.3062683,120.6025389,30.5,CONTINGENCY,,
549,549,EVTOL-01,EC35,31.3121855,120.5974513,199.9,BUSY,M-P-001,V2
549,549,L-UAV-01,AMZN,31.3063783,120.6018225,100.0,BUSY,M-L-001,V2
549,549,M-UAV-01,M600,31.3108767,120.6039862,30.5,AVAILABLE,,
549,549,M-UAV-02,M600,31.3062683,120.6025389,30.5,CONTINGENCY,,
550,550,EVTOL-01,EC35,31.3119084,120.5971765,199.9,BUSY,M-P-001,V2
550,550,L-UAV-01,AMZN,31.3063705,120.6016641,100.0,BUSY,M-L-001,V2
550,550,M-UAV-01,M600,31.3108767,120.6039862,30.5,AVAILABLE,,
550,550,M-UAV-02,M600,31.3062683,120.6025389,30.5,CONTINGENCY,,
551,551,EVTOL-01,EC35,31.3116065,120.5969402,199.9,BUSY,M-P-001,V2
551,551,L-UAV-01,AMZN,31.3063227,120.6015156,100.0,BUSY,M-L-001,V2
551,551,M-UAV-01,M600,31.3108767,120.6039862,30.5,AVAILABLE,,
551,551,M-UAV-02,M600,31.3062683,120.6025389,30.5,CONTINGENCY,,
552,552,EVTOL-01,EC35,31.3112837,120.5967452,199.9,BUSY,M-P-001,V2
552,552,L-UAV-01,AMZN,31.3062392,120.6013907,100.0,BUSY,M-L-001,V2
552,552,M-UAV-01,M600,31.3108767,120.6039862,30.5,AVAILABLE,,
552,552,M-UAV-02,M600,31.3062683,120.6025389,30.5,CONTINGENCY,,
553,553,EVTOL-01,EC35,31.3109442,120.5965943,199.9,BUSY,M-P-001,V2
553,553,L-UAV-01,AMZN,31.3061275,120.6013007,100.0,BUSY,M-L-001,V2
553,553,M-UAV-01,M600,31.3108767,120.6039862,30.5,AVAILABLE,,
553,553,M-UAV-02,M600,31.3062683,120.6025389,30.5,CONTINGENCY,,
554,554,EVTOL-01,EC35,31.3105923,120.5964892,199.9,BUSY,M-P-001,V2
554,554,L-UAV-01,AMZN,31.3060083,120.6012252,100.0,BUSY,M-L-001,V2
554,554,M-UAV-01,M600,31.3108767,120.6039862,30.5,AVAILABLE,,
554,554,M-UAV-02,M600,31.3062683,120.6025389,30.5,CONTINGENCY,,
555,555,EVTOL-01,EC35,31.3102325,120.5964313,199.9,BUSY,M-P-001,V2
555,555,L-UAV-01,AMZN,31.3058891,120.6011497,100.0,BUSY,M-L-001,V2
555,555,M-UAV-01,M600,31.3108767,120.6039862,30.5,AVAILABLE,,
555,555,M-UAV-02,M600,31.3062683,120.6025389,30.5,CONTINGENCY,,
556,556,EVTOL-01,EC35,31.3098698,120.5964091,199.9,BUSY,M-P-001,V2
556,556,L-UAV-01,AMZN,31.3057699,120.6010743,100.0,BUSY,M-L-001,V2
556,556,M-UAV-01,M600,31.3108767,120.6039862,30.5,AVAILABLE,,
556,556,M-UAV-02,M600,31.3062683,120.6025389,30.5,CONTINGENCY,,
557,557,EVTOL-01,EC35,31.3095071,120.5963869,199.9,BUSY,M-P-001,V2
557,557,L-UAV-01,AMZN,31.3056506,120.6009988,100.0,BUSY,M-L-001,V2
557,557,M-UAV-01,M600,31.3108767,120.6039862,30.5,AVAILABLE,,
557,557,M-UAV-02,M600,31.3062683,120.6025389,30.5,CONTINGENCY,,
558,558,EVTOL-01,EC35,31.3091444,120.5963647,199.9,BUSY,M-P-001,V2
558,558,L-UAV-01,AMZN,31.3055314,120.6009233,100.0,BUSY,M-L-001,V2
558,558,M-UAV-01,M600,31.3108767,120.6039862,30.5,AVAILABLE,,
558,558,M-UAV-02,M600,31.3062683,120.6025389,30.5,CONTINGENCY,,
559,559,EVTOL-01,EC35,31.3087817,120.5963425,199.9,BUSY,M-P-001,V2
559,559,L-UAV-01,AMZN,31.3054122,120.6008479,100.0,BUSY,M-L-001,V2
559,559,M-UAV-01,M600,31.3108767,120.6039862,30.5,AVAILABLE,,
559,559,M-UAV-02,M600,31.3062683,120.6025389,30.5,CONTINGENCY,,
560,560,EVTOL-01,EC35,31.3084190,120.5963203,199.9,BUSY,M-P-001,V2
560,560,L-UAV-01,AMZN,31.3052930,120.6007724,100.0,BUSY,M-L-001,V2
560,560,M-UAV-01,M600,31.3108767,120.6039862,30.5,AVAILABLE,,
560,560,M-UAV-02,M600,31.3062683,120.6025389,30.5,CONTINGENCY,,
561,561,EVTOL-01,EC35,31.3080563,120.5962981,199.9,BUSY,M-P-001,V2
561,561,L-UAV-01,AMZN,31.3051737,120.6006969,100.0,BUSY,M-L-001,V2
561,561,M-UAV-01,M600,31.3108767,120.6039862,30.5,AVAILABLE,,
561,561,M-UAV-02,M600,31.3062683,120.6025389,30.5,CONTINGENCY,,
562,562,EVTOL-01,EC35,31.3076936,120.5962759,199.9,BUSY,M-P-001,V2
562,562,L-UAV-01,AMZN,31.3050545,120.6006215,100.0,BUSY,M-L-001,V2
562,562,M-UAV-01,M600,31.3108767,120.6039862,30.5,AVAILABLE,,
562,562,M-UAV-02,M600,31.3062683,120.6025389,30.5,CONTINGENCY,,
563,563,EVTOL-01,EC35,31.3073309,120.5962538,199.9,BUSY,M-P-001,V2
563,563,L-UAV-01,AMZN,31.3049353,120.6005460,100.0,BUSY,M-L-001,V2
563,563,M-UAV-01,M600,31.3108767,120.6039862,30.5,AVAILABLE,,
563,563,M-UAV-02,M600,31.3062683,120.6025389,30.5,CONTINGENCY,,
564,564,EVTOL-01,EC35,31.3069682,120.5962316,199.9,BUSY,M-P-001,V2
564,564,L-UAV-01,AMZN,31.3048160,120.6004705,100.0,BUSY,M-L-001,V2
564,564,M-UAV-01,M600,31.3108767,120.6039862,30.5,AVAILABLE,,
564,564,M-UAV-02,M600,31.3062683,120.6025389,30.5,CONTINGENCY,,
565,565,EVTOL-01,EC35,31.3066056,120.5962094,199.9,BUSY,M-P-001,V2
565,565,L-UAV-01,AMZN,31.3046968,120.6003951,100.0,BUSY,M-L-001,V2
565,565,M-UAV-01,M600,31.3108767,120.6039862,30.5,AVAILABLE,,
565,565,M-UAV-02,M600,31.3062683,120.6025389,30.5,CONTINGENCY,,
566,566,EVTOL-01,EC35,31.3062429,120.5961872,199.9,BUSY,M-P-001,V2
566,566,L-UAV-01,AMZN,31.3045776,120.6003196,100.0,BUSY,M-L-001,V2
566,566,M-UAV-01,M600,31.3108767,120.6039862,30.5,AVAILABLE,,
566,566,M-UAV-02,M600,31.3062683,120.6025389,30.5,CONTINGENCY,,
567,567,EVTOL-01,EC35,31.3058802,120.5961650,199.9,BUSY,M-P-001,V2
567,567,L-UAV-01,AMZN,31.3044584,120.6002441,100.0,BUSY,M-L-001,V2
567,567,M-UAV-01,M600,31.3108767,120.6039862,30.5,AVAILABLE,,
567,567,M-UAV-02,M600,31.3062683,120.6025389,30.5,CONTINGENCY,,
568,568,EVTOL-01,EC35,31.3055175,120.5961428,199.9,BUSY,M-P-001,V2
568,568,L-UAV-01,AMZN,31.3043391,120.6001687,100.0,BUSY,M-L-001,V2
568,568,M-UAV-01,M600,31.3108767,120.6039862,30.5,AVAILABLE,,
568,568,M-UAV-02,M600,31.3062683,120.6025389,30.5,CONTINGENCY,,
569,569,EVTOL-01,EC35,31.3051548,120.5961206,199.9,BUSY,M-P-001,V2
569,569,L-UAV-01,AMZN,31.3042199,120.6000932,100.0,BUSY,M-L-001,V2
569,569,M-UAV-01,M600,31.3108767,120.6039862,30.5,AVAILABLE,,
569,569,M-UAV-02,M600,31.3062683,120.6025389,30.5,CONTINGENCY,,
570,570,EVTOL-01,EC35,31.3047921,120.5960984,199.9,BUSY,M-P-001,V2
570,570,L-UAV-01,AMZN,31.3041007,120.6000177,100.0,BUSY,M-L-001,V2
570,570,M-UAV-01,M600,31.3108767,120.6039862,30.5,AVAILABLE,,
570,570,M-UAV-02,M600,31.3062683,120.6025389,30.5,CONTINGENCY,,
571,571,EVTOL-01,EC35,31.3044294,120.5960763,199.9,BUSY,M-P-001,V2
571,571,L-UAV-01,AMZN,31.3039814,120.5999423,100.0,BUSY,M-L-001,V2
571,571,M-UAV-01,M600,31.3108767,120.6039862,30.5,AVAILABLE,,
571,571,M-UAV-02,M600,31.3062683,120.6025389,30.5,CONTINGENCY,,
572,572,EVTOL-01,EC35,31.3040667,120.5960541,199.9,BUSY,M-P-001,V2
572,572,L-UAV-01,AMZN,31.3038622,120.5998668,100.0,BUSY,M-L-001,V2
572,572,M-UAV-01,M600,31.3108767,120.6039862,30.5,AVAILABLE,,
572,572,M-UAV-02,M600,31.3062683,120.6025389,30.5,CONTINGENCY,,
573,573,EVTOL-01,EC35,31.3037040,120.5960319,199.9,BUSY,M-P-001,V2
573,573,L-UAV-01,AMZN,31.3037430,120.5997913,100.0,BUSY,M-L-001,V2
573,573,M-UAV-01,M600,31.3108767,120.6039862,30.5,AVAILABLE,,
573,573,M-UAV-02,M600,31.3062683,120.6025389,30.5,CONTINGENCY,,
574,574,EVTOL-01,EC35,31.3033413,120.5960097,199.9,BUSY,M-P-001,V2
574,574,L-UAV-01,AMZN,31.3036238,120.5997159,100.0,BUSY,M-L-001,V2
574,574,M-UAV-01,M600,31.3108767,120.6039862,30.5,AVAILABLE,,
574,574,M-UAV-02,M600,31.3062683,120.6025389,30.5,CONTINGENCY,,
575,575,EVTOL-01,EC35,31.3029786,120.5959875,199.9,BUSY,M-P-001,V2
575,575,L-UAV-01,AMZN,31.3035045,120.5996404,100.0,BUSY,M-L-001,V2
575,575,M-UAV-01,M600,31.3108767,120.6039862,30.5,AVAILABLE,,
575,575,M-UAV-02,M600,31.3062683,120.6025389,30.5,CONTINGENCY,,
576,576,EVTOL-01,EC35,31.3026159,120.5959653,199.9,BUSY,M-P-001,V2
576,576,L-UAV-01,AMZN,31.3033853,120.5995649,100.0,BUSY,M-L-001,V2
576,576,M-UAV-01,M600,31.3108767,120.6039862,30.5,AVAILABLE,,
576,576,M-UAV-02,M600,31.3062683,120.6025389,30.5,CONTINGENCY,,
577,577,EVTOL-01,EC35,31.3022532,120.5959431,199.9,BUSY,M-P-001,V2
577,577,L-UAV-01,AMZN,31.3032661,120.5994895,100.0,BUSY,M-L-001,V2
577,577,M-UAV-01,M600,31.3108767,120.6039862,30.5,AVAILABLE,,
577,577,M-UAV-02,M600,31.3062683,120.6025389,30.5,CONTINGENCY,,
578,578,EVTOL-01,EC35,31.3018905,120.5959210,199.9,BUSY,M-P-001,V2
578,578,L-UAV-01,AMZN,31.3031468,120.5994140,100.0,BUSY,M-L-001,V2
578,578,M-UAV-01,M600,31.3108767,120.6039862,30.5,AVAILABLE,,
578,578,M-UAV-02,M600,31.3062683,120.6025389,30.5,CONTINGENCY,,
579,579,EVTOL-01,EC35,31.3015278,120.5958988,199.9,BUSY,M-P-001,V2
579,579,L-UAV-01,AMZN,31.3030276,120.5993386,100.0,BUSY,M-L-001,V2
579,579,M-UAV-01,M600,31.3108767,120.6039862,30.5,AVAILABLE,,
579,579,M-UAV-02,M600,31.3062683,120.6025389,30.5,CONTINGENCY,,
580,580,EVTOL-01,EC35,31.3011651,120.5958766,199.9,BUSY,M-P-001,V2
580,580,L-UAV-01,AMZN,31.3029084,120.5992631,100.0,BUSY,M-L-001,V2
580,580,M-UAV-01,M600,31.3108767,120.6039862,30.5,AVAILABLE,,
580,580,M-UAV-02,M600,31.3062683,120.6025389,30.5,CONTINGENCY,,
581,581,EVTOL-01,EC35,31.3008024,120.5958544,199.9,BUSY,M-P-001,V2
581,581,L-UAV-01,AMZN,31.3027892,120.5991876,100.0,BUSY,M-L-001,V2
581,581,M-UAV-01,M600,31.3108767,120.6039862,30.5,AVAILABLE,,
581,581,M-UAV-02,M600,31.3062683,120.6025389,30.5,CONTINGENCY,,
582,582,EVTOL-01,EC35,31.3004397,120.5958322,199.9,BUSY,M-P-001,V2
582,582,L-UAV-01,AMZN,31.3026699,120.5991122,100.0,BUSY,M-L-001,V2
582,582,M-UAV-01,M600,31.3108767,120.6039862,30.5,AVAILABLE,,
582,582,M-UAV-02,M600,31.3062683,120.6025389,30.5,CONTINGENCY,,
583,583,EVTOL-01,EC35,31.3000770,120.5958100,199.9,BUSY,M-P-001,V2
583,583,L-UAV-01,AMZN,31.3025507,120.5990367,100.0,BUSY,M-L-001,V2
583,583,M-UAV-01,M600,31.3108767,120.6039862,30.5,AVAILABLE,,
583,583,M-UAV-02,M600,31.3062683,120.6025389,30.5,CONTINGENCY,,
584,584,EVTOL-01,EC35,31.2997143,120.5957879,199.9,BUSY,M-P-001,V2
584,584,L-UAV-01,AMZN,31.3024315,120.5989612,100.0,BUSY,M-L-001,V2
584,584,M-UAV-01,M600,31.3108767,120.6039862,30.5,AVAILABLE,,
584,584,M-UAV-02,M600,31.3062683,120.6025389,30.5,CONTINGENCY,,
585,585,EVTOL-01,EC35,31.2993516,120.5957657,199.9,BUSY,M-P-001,V2
585,585,L-UAV-01,AMZN,31.3023122,120.5988858,100.0,BUSY,M-L-001,V2
585,585,M-UAV-01,M600,31.3108767,120.6039862,30.5,AVAILABLE,,
585,585,M-UAV-02,M600,31.3062683,120.6025389,30.5,CONTINGENCY,,
586,586,EVTOL-01,EC35,31.2989889,120.5957435,199.9,BUSY,M-P-001,V2
586,586,L-UAV-01,AMZN,31.3021930,120.5988103,100.0,BUSY,M-L-001,V2
586,586,M-UAV-01,M600,31.3108767,120.6039862,30.5,AVAILABLE,,
586,586,M-UAV-02,M600,31.3062683,120.6025389,30.5,CONTINGENCY,,
587,587,EVTOL-01,EC35,31.2986263,120.5957213,199.9,BUSY,M-P-001,V2
587,587,L-UAV-01,AMZN,31.3020738,120.5987348,100.0,BUSY,M-L-001,V2
587,587,M-UAV-01,M600,31.3108767,120.6039862,30.5,AVAILABLE,,
587,587,M-UAV-02,M600,31.3062683,120.6025389,30.5,CONTINGENCY,,
588,588,EVTOL-01,EC35,31.2982636,120.5956991,199.9,BUSY,M-P-001,V2
588,588,L-UAV-01,AMZN,31.3019545,120.5986594,100.0,BUSY,M-L-001,V2
588,588,M-UAV-01,M600,31.3108767,120.6039862,30.5,AVAILABLE,,
588,588,M-UAV-02,M600,31.3062683,120.6025389,30.5,CONTINGENCY,,
589,589,EVTOL-01,EC35,31.2979009,120.5956769,199.9,BUSY,M-P-001,V1
589,589,L-UAV-01,AMZN,31.3018353,120.5985839,100.0,BUSY,M-L-001,V2
589,589,M-UAV-01,M600,31.3108767,120.6039862,30.5,AVAILABLE,,
589,589,M-UAV-02,M600,31.3062683,120.6025389,30.5,CONTINGENCY,,
590,590,EVTOL-01,EC35,31.2975383,120.5957029,199.9,BUSY,M-P-001,V1
590,590,L-UAV-01,AMZN,31.3017161,120.5985085,100.0,BUSY,M-L-001,V2
590,590,M-UAV-01,M600,31.3108767,120.6039862,30.5,AVAILABLE,,
590,590,M-UAV-02,M600,31.3062683,120.6025389,30.5,CONTINGENCY,,
591,591,EVTOL-01,EC35,31.2971807,120.5957765,199.9,BUSY,M-P-001,V1
591,591,L-UAV-01,AMZN,31.3015969,120.5984330,100.0,BUSY,M-L-001,V2
591,591,M-UAV-01,M600,31.3108767,120.6039862,30.5,AVAILABLE,,
591,591,M-UAV-02,M600,31.3062683,120.6025389,30.5,CONTINGENCY,,
592,592,EVTOL-01,EC35,31.2968324,120.5958971,199.9,BUSY,M-P-001,V1
592,592,L-UAV-01,AMZN,31.3014776,120.5983575,100.0,BUSY,M-L-001,V2
592,592,M-UAV-01,M600,31.3108767,120.6039862,30.5,AVAILABLE,,
592,592,M-UAV-02,M600,31.3062683,120.6025389,30.5,CONTINGENCY,,
593,593,EVTOL-01,EC35,31.2964980,120.5960629,199.9,BUSY,M-P-001,V1
593,593,L-UAV-01,AMZN,31.3013584,120.5982821,100.0,BUSY,M-L-001,V2
593,593,M-UAV-01,M600,31.3108767,120.6039862,30.5,AVAILABLE,,
593,593,M-UAV-02,M600,31.3062683,120.6025389,30.5,CONTINGENCY,,
594,594,EVTOL-01,EC35,31.2961817,120.5962718,199.9,BUSY,M-P-001,V1
594,594,L-UAV-01,AMZN,31.3012392,120.5982066,100.0,BUSY,M-L-001,V2
594,594,M-UAV-01,M600,31.3108767,120.6039862,30.5,AVAILABLE,,
594,594,M-UAV-02,M600,31.3062683,120.6025389,30.5,CONTINGENCY,,
595,595,EVTOL-01,EC35,31.2958876,120.5965213,199.9,BUSY,M-P-001,V1
595,595,L-UAV-01,AMZN,31.3011199,120.5981312,100.0,BUSY,M-L-001,V2
595,595,M-UAV-01,M600,31.3108767,120.6039862,30.5,AVAILABLE,,
595,595,M-UAV-02,M600,31.3062683,120.6025389,30.5,CONTINGENCY,,
596,596,EVTOL-01,EC35,31.2956195,120.5968080,199.9,BUSY,M-P-001,V1
596,596,L-UAV-01,AMZN,31.3010007,120.5980557,100.0,BUSY,M-L-001,V2
596,596,M-UAV-01,M600,31.3108767,120.6039862,30.5,AVAILABLE,,
596,596,M-UAV-02,M600,31.3062683,120.6025389,30.5,CONTINGENCY,,
597,597,EVTOL-01,EC35,31.2953808,120.5971283,199.9,BUSY,M-P-001,V1
597,597,L-UAV-01,AMZN,31.3008815,120.5979802,100.0,BUSY,M-L-001,V2
597,597,M-UAV-01,M600,31.3108767,120.6039862,30.5,AVAILABLE,,
597,597,M-UAV-02,M600,31.3062683,120.6025389,30.5,CONTINGENCY,,
598,598,EVTOL-01,EC35,31.2951746,120.5974782,199.9,BUSY,M-P-001,V1
598,598,L-UAV-01,AMZN,31.3007623,120.5979048,100.0,BUSY,M-L-001,V2
598,598,M-UAV-01,M600,31.3108767,120.6039862,30.5,AVAILABLE,,
598,598,M-UAV-02,M600,31.3062683,120.6025389,30.5,CONTINGENCY,,
599,599,EVTOL-01,EC35,31.2950034,120.5978531,199.9,BUSY,M-P-001,V1
599,599,L-UAV-01,AMZN,31.3006430,120.5978293,100.0,BUSY,M-L-001,V2
599,599,M-UAV-01,M600,31.3108767,120.6039862,30.5,AVAILABLE,,
599,599,M-UAV-02,M600,31.3062683,120.6025389,30.5,CONTINGENCY,,
600,600,EVTOL-01,EC35,31.2948696,120.5982482,199.9,BUSY,M-P-001,V1
600,600,L-UAV-01,AMZN,31.3005238,120.5977539,100.0,BUSY,M-L-001,V2
600,600,M-UAV-01,M600,31.3108767,120.6039862,30.5,AVAILABLE,,
600,600,M-UAV-02,M600,31.3062683,120.6025389,30.5,CONTINGENCY,,
601,601,EVTOL-01,EC35,31.2947747,120.5986584,199.9,BUSY,M-P-001,V1
601,601,L-UAV-01,AMZN,31.3004046,120.5976784,100.0,BUSY,M-L-001,V2
601,601,M-UAV-01,M600,31.3108767,120.6039862,30.5,AVAILABLE,,
601,601,M-UAV-02,M600,31.3062683,120.6025389,30.5,CONTINGENCY,,
602,602,EVTOL-01,EC35,31.2947201,120.5990786,199.9,BUSY,M-P-001,V1
602,602,L-UAV-01,AMZN,31.3002853,120.5976029,100.0,BUSY,M-L-001,V2
602,602,M-UAV-01,M600,31.3108767,120.6039862,30.5,AVAILABLE,,
602,602,M-UAV-02,M600,31.3062683,120.6025389,30.5,CONTINGENCY,,
603,603,EVTOL-01,EC35,31.2947064,120.5995034,199.9,BUSY,M-P-001,V1
603,603,L-UAV-01,AMZN,31.3001661,120.5975275,100.0,BUSY,M-L-001,V2
603,603,M-UAV-01,M600,31.3108767,120.6039862,30.5,AVAILABLE,,
603,603,M-UAV-02,M600,31.3062683,120.6025389,30.5,CONTINGENCY,,
604,604,EVTOL-01,EC35,31.2947338,120.5999272,199.9,BUSY,M-P-001,V1
604,604,L-UAV-01,AMZN,31.3000469,120.5974520,100.0,BUSY,M-L-001,V2
604,604,M-UAV-01,M600,31.3108767,120.6039862,30.5,AVAILABLE,,
604,604,M-UAV-02,M600,31.3062683,120.6025389,30.5,CONTINGENCY,,
605,605,EVTOL-01,EC35,31.2948019,120.6003447,199.9,BUSY,M-P-001,V1
605,605,L-UAV-01,AMZN,31.2999276,120.5973766,100.0,BUSY,M-L-001,V2
605,605,M-UAV-01,M600,31.3108767,120.6039862,30.5,AVAILABLE,,
605,605,M-UAV-02,M600,31.3062683,120.6025389,30.5,CONTINGENCY,,
606,606,EVTOL-01,EC35,31.2949099,120.6007505,199.9,BUSY,M-P-001,V1
606,606,L-UAV-01,AMZN,31.2998084,120.5973011,100.0,BUSY,M-L-001,V2
606,606,M-UAV-01,M600,31.3108767,120.6039862,30.5,AVAILABLE,,
606,606,M-UAV-02,M600,31.3062683,120.6025389,30.5,CONTINGENCY,,
607,607,EVTOL-01,EC35,31.2950564,120.6011394,199.9,BUSY,M-P-001,V1
607,607,L-UAV-01,AMZN,31.2996892,120.5972256,100.0,BUSY,M-L-001,V2
607,607,M-UAV-01,M600,31.3108767,120.6039862,30.5,AVAILABLE,,
607,607,M-UAV-02,M600,31.3062683,120.6025389,30.5,CONTINGENCY,,
608,608,EVTOL-01,EC35,31.2952395,120.6015065,199.9,BUSY,M-P-001,V1
608,608,L-UAV-01,AMZN,31.2995700,120.5971502,100.0,BUSY,M-L-001,V2
608,608,M-UAV-01,M600,31.3108767,120.6039862,30.5,AVAILABLE,,
608,608,M-UAV-02,M600,31.3062683,120.6025389,30.5,CONTINGENCY,,
609,609,EVTOL-01,EC35,31.2954569,120.6018469,199.9,BUSY,M-P-001,V1
609,609,L-UAV-01,AMZN,31.2994507,120.5970747,100.0,BUSY,M-L-001,V2
609,609,M-UAV-01,M600,31.3108767,120.6039862,30.5,AVAILABLE,,
609,609,M-UAV-02,M600,31.3062683,120.6025389,30.5,CONTINGENCY,,
610,610,EVTOL-01,EC35,31.2957058,120.6021565,199.9,BUSY,M-P-001,V1
610,610,L-UAV-01,AMZN,31.2993315,120.5969993,100.0,BUSY,M-L-001,V2
610,610,M-UAV-01,M600,31.3108767,120.6039862,30.5,AVAILABLE,,
610,610,M-UAV-02,M600,31.3062683,120.6025389,30.5,CONTINGENCY,,
611,611,EVTOL-01,EC35,31.2959829,120.6024312,199.9,BUSY,M-P-001,V1
611,611,L-UAV-01,AMZN,31.2992123,120.5969238,100.0,BUSY,M-L-001,V2
611,611,M-UAV-01,M600,31.3108767,120.6039862,30.5,AVAILABLE,,
611,611,M-UAV-02,M600,31.3062683,120.6025389,30.5,CONTINGENCY,,
612,612,EVTOL-01,EC35,31.2962848,120.6026675,199.9,BUSY,M-P-001,V1
612,612,L-UAV-01,AMZN,31.2990930,120.5968483,100.0,BUSY,M-L-001,V2
612,612,M-UAV-01,M600,31.3108767,120.6039862,30.5,AVAILABLE,,
612,612,M-UAV-02,M600,31.3062683,120.6025389,30.5,CONTINGENCY,,
613,613,EVTOL-01,EC35,31.2966076,120.6028623,199.9,BUSY,M-P-001,V1
613,613,L-UAV-01,AMZN,31.2989738,120.5967729,100.0,BUSY,M-L-001,V2
613,613,M-UAV-01,M600,31.3108767,120.6039862,30.5,AVAILABLE,,
613,613,M-UAV-02,M600,31.3062683,120.6025389,30.5,CONTINGENCY,,
614,614,EVTOL-01,EC35,31.2969471,120.6030132,199.9,BUSY,M-P-001,V1
614,614,L-UAV-01,AMZN,31.2988546,120.5966974,100.0,BUSY,M-L-001,V2
614,614,M-UAV-01,M600,31.3108767,120.6039862,30.5,AVAILABLE,,
614,614,M-UAV-02,M600,31.3062683,120.6025389,30.5,CONTINGENCY,,
615,615,EVTOL-01,EC35,31.2972991,120.6031183,199.9,BUSY,M-P-001,V1
615,615,L-UAV-01,AMZN,31.2987353,120.5966220,100.0,BUSY,M-L-001,V2
615,615,M-UAV-01,M600,31.3108767,120.6039862,30.5,AVAILABLE,,
615,615,M-UAV-02,M600,31.3062683,120.6025389,30.5,CONTINGENCY,,
616,616,EVTOL-01,EC35,31.2976589,120.6031761,199.9,BUSY,M-P-001,V1
616,616,L-UAV-01,AMZN,31.2986161,120.5965465,100.0,BUSY,M-L-001,V2
616,616,M-UAV-01,M600,31.3108767,120.6039862,30.5,AVAILABLE,,
616,616,M-UAV-02,M600,31.3062683,120.6025389,30.5,CONTINGENCY,,
617,617,EVTOL-01,EC35,31.2980216,120.6031984,199.9,BUSY,M-P-001,V1
617,617,L-UAV-01,AMZN,31.2984969,120.5964711,100.0,BUSY,M-L-001,V2
617,617,M-UAV-01,M600,31.3108767,120.6039862,30.5,AVAILABLE,,
617,617,M-UAV-02,M600,31.3062683,120.6025389,30.5,CONTINGENCY,,
618,618,EVTOL-01,EC35,31.2983843,120.6032206,199.9,BUSY,M-P-001,V1
618,618,L-UAV-01,AMZN,31.2983776,120.5963956,100.0,BUSY,M-L-001,V2
618,618,M-UAV-01,M600,31.3108767,120.6039862,30.5,AVAILABLE,,
618,618,M-UAV-02,M600,31.3062683,120.6025389,30.5,CONTINGENCY,,
619,619,EVTOL-01,EC35,31.2987470,120.6032428,199.9,BUSY,M-P-001,V1
619,619,L-UAV-01,AMZN,31.2982584,120.5963201,100.0,BUSY,M-L-001,V2
619,619,M-UAV-01,M600,31.3108767,120.6039862,30.5,AVAILABLE,,
619,619,M-UAV-02,M600,31.3062683,120.6025389,30.5,CONTINGENCY,,
620,620,EVTOL-01,EC35,31.2991096,120.6032650,199.9,BUSY,M-P-001,V1
620,620,L-UAV-01,AMZN,31.2981392,120.5962447,100.0,BUSY,M-L-001,V2
620,620,M-UAV-01,M600,31.3108767,120.6039862,30.5,AVAILABLE,,
620,620,M-UAV-02,M600,31.3062683,120.6025389,30.5,CONTINGENCY,,
621,621,EVTOL-01,EC35,31.2994723,120.6032873,199.9,BUSY,M-P-001,V1
621,621,L-UAV-01,AMZN,31.2980200,120.5961692,100.0,BUSY,M-L-001,V2
621,621,M-UAV-01,M600,31.3108767,120.6039862,30.5,AVAILABLE,,
621,621,M-UAV-02,M600,31.3062683,120.6025389,30.5,CONTINGENCY,,
622,622,EVTOL-01,EC35,31.2998350,120.6033095,199.9,BUSY,M-P-001,V1
622,622,L-UAV-01,AMZN,31.2979007,120.5960938,100.0,BUSY,M-L-001,V3
622,622,M-UAV-01,M600,31.3108767,120.6039862,30.5,AVAILABLE,,
622,622,M-UAV-02,M600,31.3062683,120.6025389,30.5,CONTINGENCY,,
623,623,EVTOL-01,EC35,31.3001977,120.6033317,199.9,BUSY,M-P-001,V1
623,623,L-UAV-01,AMZN,31.2977677,120.5960635,100.0,BUSY,M-L-001,V3
623,623,M-UAV-01,M600,31.3108767,120.6039862,30.5,AVAILABLE,,
623,623,M-UAV-02,M600,31.3062683,120.6025389,30.5,CONTINGENCY,,
624,624,EVTOL-01,EC35,31.3005604,120.6033539,199.9,BUSY,M-P-001,V1
624,624,L-UAV-01,AMZN,31.2976330,120.5960810,100.0,BUSY,M-L-001,V3
624,624,M-UAV-01,M600,31.3108767,120.6039862,30.5,AVAILABLE,,
624,624,M-UAV-02,M600,31.3062683,120.6025389,30.5,CONTINGENCY,,
625,625,EVTOL-01,EC35,31.3009231,120.6033762,199.9,BUSY,M-P-001,V1
625,625,L-UAV-01,AMZN,31.2975089,120.5961449,100.0,BUSY,M-L-001,V3
625,625,M-UAV-01,M600,31.3108767,120.6039862,30.5,AVAILABLE,,
625,625,M-UAV-02,M600,31.3062683,120.6025389,30.5,CONTINGENCY,,
626,626,EVTOL-01,EC35,31.3012858,120.6033984,199.9,BUSY,M-P-001,V1
626,626,L-UAV-01,AMZN,31.2974068,120.5962493,100.0,BUSY,M-L-001,V3
626,626,M-UAV-01,M600,31.3108767,120.6039862,30.5,AVAILABLE,,
626,626,M-UAV-02,M600,31.3062683,120.6025389,30.5,CONTINGENCY,,
627,627,EVTOL-01,EC35,31.3016485,120.6034206,199.9,BUSY,M-P-001,V1
627,627,L-UAV-01,AMZN,31.2973360,120.5963846,100.0,BUSY,M-L-001,V3
627,627,M-UAV-01,M600,31.3108767,120.6039862,30.5,AVAILABLE,,
627,627,M-UAV-02,M600,31.3062683,120.6025389,30.5,CONTINGENCY,,
628,628,EVTOL-01,EC35,31.3020112,120.6034428,199.9,BUSY,M-P-001,V1
628,628,L-UAV-01,AMZN,31.2973030,120.5965384,100.0,BUSY,M-L-001,V3
628,628,M-UAV-01,M600,31.3108767,120.6039862,30.5,AVAILABLE,,
628,628,M-UAV-02,M600,31.3062683,120.6025389,30.5,CONTINGENCY,,
629,629,EVTOL-01,EC35,31.3023739,120.6034651,199.9,BUSY,M-P-001,V1
629,629,L-UAV-01,AMZN,31.2973107,120.5966968,100.0,BUSY,M-L-001,V3
629,629,M-UAV-01,M600,31.3108767,120.6039862,30.5,AVAILABLE,,
629,629,M-UAV-02,M600,31.3062683,120.6025389,30.5,CONTINGENCY,,
630,630,EVTOL-01,EC35,31.3027366,120.6034873,199.9,BUSY,M-P-001,V1
630,630,L-UAV-01,AMZN,31.2973586,120.5968452,100.0,BUSY,M-L-001,V3
630,630,M-UAV-01,M600,31.3108767,120.6039862,30.5,AVAILABLE,,
630,630,M-UAV-02,M600,31.3062683,120.6025389,30.5,CONTINGENCY,,
631,631,EVTOL-01,EC35,31.3030993,120.6035095,199.9,BUSY,M-P-001,V1
631,631,L-UAV-01,AMZN,31.2974421,120.5969701,100.0,BUSY,M-L-001,V3
631,631,M-UAV-01,M600,31.3108767,120.6039862,30.5,AVAILABLE,,
631,631,M-UAV-02,M600,31.3062683,120.6025389,30.5,CONTINGENCY,,
632,632,EVTOL-01,EC35,31.3034620,120.6035317,199.9,BUSY,M-P-001,V1
632,632,L-UAV-01,AMZN,31.2975537,120.5970601,100.0,BUSY,M-L-001,V3
632,632,M-UAV-01,M600,31.3108767,120.6039862,30.5,AVAILABLE,,
632,632,M-UAV-02,M600,31.3062683,120.6025389,30.5,CONTINGENCY,,
633,633,EVTOL-01,EC35,31.3038247,120.6035540,199.9,BUSY,M-P-001,V1
633,633,L-UAV-01,AMZN,31.2976730,120.5971356,100.0,BUSY,M-L-001,V3
633,633,M-UAV-01,M600,31.3108767,120.6039862,30.5,AVAILABLE,,
633,633,M-UAV-02,M600,31.3062683,120.6025389,30.5,CONTINGENCY,,
634,634,EVTOL-01,EC35,31.3041874,120.6035762,199.9,BUSY,M-P-001,V1
634,634,L-UAV-01,AMZN,31.2977922,120.5972110,100.0,BUSY,M-L-001,V3
634,634,M-UAV-01,M600,31.3108767,120.6039862,30.5,AVAILABLE,,
634,634,M-UAV-02,M600,31.3062683,120.6025389,30.5,CONTINGENCY,,
635,635,EVTOL-01,EC35,31.3045500,120.6035984,199.9,BUSY,M-P-001,V1
635,635,L-UAV-01,AMZN,31.2979114,120.5972865,100.0,BUSY,M-L-001,V3
635,635,M-UAV-01,M600,31.3108767,120.6039862,30.5,AVAILABLE,,
635,635,M-UAV-02,M600,31.3062683,120.6025389,30.5,CONTINGENCY,,
636,636,EVTOL-01,EC35,31.3049127,120.6036206,199.9,BUSY,M-P-001,V1
636,636,L-UAV-01,AMZN,31.2980307,120.5973619,100.0,BUSY,M-L-001,V3
636,636,M-UAV-01,M600,31.3108767,120.6039862,30.5,AVAILABLE,,
636,636,M-UAV-02,M600,31.3062683,120.6025389,30.5,CONTINGENCY,,
637,637,EVTOL-01,EC35,31.3052754,120.6036429,199.9,BUSY,M-P-001,V1
637,637,L-UAV-01,AMZN,31.2981499,120.5974374,100.0,BUSY,M-L-001,V3
637,637,M-UAV-01,M600,31.3108767,120.6039862,30.5,AVAILABLE,,
637,637,M-UAV-02,M600,31.3062683,120.6025389,30.5,CONTINGENCY,,
638,638,EVTOL-01,EC35,31.3056381,120.6036651,199.9,BUSY,M-P-001,V1
638,638,L-UAV-01,AMZN,31.2982691,120.5975129,100.0,BUSY,M-L-001,V3
638,638,M-UAV-01,M600,31.3108767,120.6039862,30.5,AVAILABLE,,
638,638,M-UAV-02,M600,31.3062683,120.6025389,30.5,CONTINGENCY,,
639,639,EVTOL-01,EC35,31.3060008,120.6036873,199.9,BUSY,M-P-001,V1
639,639,L-UAV-01,AMZN,31.2983884,120.5975883,100.0,BUSY,M-L-001,V3
639,639,M-UAV-01,M600,31.3108767,120.6039862,30.5,AVAILABLE,,
639,639,M-UAV-02,M600,31.3062683,120.6025389,30.5,CONTINGENCY,,
640,640,EVTOL-01,EC35,31.3063635,120.6037095,199.9,BUSY,M-P-001,V1
640,640,L-UAV-01,AMZN,31.2985076,120.5976638,100.0,BUSY,M-L-001,V3
640,640,M-UAV-01,M600,31.3108767,120.6039862,30.5,AVAILABLE,,
640,640,M-UAV-02,M600,31.3062683,120.6025389,30.5,CONTINGENCY,,
641,641,EVTOL-01,EC35,31.3067262,120.6037318,199.9,BUSY,M-P-001,V1
641,641,L-UAV-01,AMZN,31.2986268,120.5977392,100.0,BUSY,M-L-001,V3
641,641,M-UAV-01,M600,31.3108767,120.6039862,30.5,AVAILABLE,,
641,641,M-UAV-02,M600,31.3062683,120.6025389,30.5,CONTINGENCY,,
642,642,EVTOL-01,EC35,31.3070889,120.6037540,199.9,BUSY,M-P-001,V1
642,642,L-UAV-01,AMZN,31.2987460,120.5978147,100.0,BUSY,M-L-001,V3
642,642,M-UAV-01,M600,31.3108767,120.6039862,30.5,AVAILABLE,,
642,642,M-UAV-02,M600,31.3062683,120.6025389,30.5,CONTINGENCY,,
643,643,EVTOL-01,EC35,31.3074516,120.6037762,199.9,BUSY,M-P-001,V1
643,643,L-UAV-01,AMZN,31.2988653,120.5978902,100.0,BUSY,M-L-001,V3
643,643,M-UAV-01,M600,31.3108767,120.6039862,30.5,AVAILABLE,,
643,643,M-UAV-02,M600,31.3062683,120.6025389,30.5,CONTINGENCY,,
644,644,EVTOL-01,EC35,31.3078143,120.6037985,199.9,BUSY,M-P-001,V1
644,644,L-UAV-01,AMZN,31.2989845,120.5979656,100.0,BUSY,M-L-001,V3
644,644,M-UAV-01,M600,31.3108767,120.6039862,30.5,AVAILABLE,,
644,644,M-UAV-02,M600,31.3062683,120.6025389,30.5,CONTINGENCY,,
645,645,EVTOL-01,EC35,31.3081770,120.6038207,199.9,BUSY,M-P-001,V1
645,645,L-UAV-01,AMZN,31.2991037,120.5980411,100.0,BUSY,M-L-001,V3
645,645,M-UAV-01,M600,31.3108767,120.6039862,30.5,AVAILABLE,,
645,645,M-UAV-02,M600,31.3062683,120.6025389,30.5,CONTINGENCY,,
646,646,EVTOL-01,EC35,31.3085397,120.6038429,199.9,BUSY,M-P-001,V1
646,646,L-UAV-01,AMZN,31.2992230,120.5981165,100.0,BUSY,M-L-001,V3
646,646,M-UAV-01,M600,31.3108767,120.6039862,30.5,AVAILABLE,,
646,646,M-UAV-02,M600,31.3062683,120.6025389,30.5,CONTINGENCY,,
647,647,EVTOL-01,EC35,31.3089024,120.6038651,199.9,BUSY,M-P-001,V1
647,647,L-UAV-01,AMZN,31.2993422,120.5981920,100.0,BUSY,M-L-001,V3
647,647,M-UAV-01,M600,31.3108767,120.6039862,30.5,AVAILABLE,,
647,647,M-UAV-02,M600,31.3062683,120.6025389,30.5,CONTINGENCY,,
648,648,EVTOL-01,EC35,31.3092651,120.6038874,199.9,BUSY,M-P-001,V1
648,648,L-UAV-01,AMZN,31.2994614,120.5982674,100.0,BUSY,M-L-001,V3
648,648,M-UAV-01,M600,31.3108767,120.6039862,30.5,AVAILABLE,,
648,648,M-UAV-02,M600,31.3062683,120.6025389,30.5,CONTINGENCY,,
649,649,EVTOL-01,EC35,31.3096278,120.6039096,199.9,BUSY,M-P-001,V1
649,649,L-UAV-01,AMZN,31.2995807,120.5983429,100.0,BUSY,M-L-001,V3
649,649,M-UAV-01,M600,31.3108767,120.6039862,30.5,AVAILABLE,,
649,649,M-UAV-02,M600,31.3062683,120.6025389,30.5,CONTINGENCY,,
650,650,EVTOL-01,EC35,31.3099905,120.6039318,199.9,BUSY,M-P-001,V2
650,650,L-UAV-01,AMZN,31.2996999,120.5984184,100.0,BUSY,M-L-001,V3
650,650,M-UAV-01,M600,31.3108767,120.6039862,30.5,AVAILABLE,,
650,650,M-UAV-02,M600,31.3062683,120.6025389,30.5,CONTINGENCY,,
651,651,EVTOL-01,EC35,31.3103530,120.6039060,199.9,BUSY,M-P-001,V2
651,651,L-UAV-01,AMZN,31.2998191,120.5984938,100.0,BUSY,M-L-001,V3
651,651,M-UAV-01,M600,31.3108767,120.6039862,30.5,AVAILABLE,,
651,651,M-UAV-02,M600,31.3062683,120.6025389,30.5,CONTINGENCY,,
652,652,EVTOL-01,EC35,31.3107107,120.6038323,199.9,BUSY,M-P-001,V2
652,652,L-UAV-01,AMZN,31.2999383,120.5985693,100.0,BUSY,M-L-001,V3
652,652,M-UAV-01,M600,31.3108767,120.6039862,30.5,AVAILABLE,,
652,652,M-UAV-02,M600,31.3062683,120.6025389,30.5,CONTINGENCY,,
653,653,EVTOL-01,EC35,31.3110590,120.6037118,199.9,BUSY,M-P-001,V2
653,653,L-UAV-01,AMZN,31.3000576,120.5986447,100.0,BUSY,M-L-001,V3
653,653,M-UAV-01,M600,31.3108767,120.6039862,30.5,AVAILABLE,,
653,653,M-UAV-02,M600,31.3062683,120.6025389,30.5,CONTINGENCY,,
654,654,EVTOL-01,EC35,31.3113934,120.6035460,199.9,BUSY,M-P-001,V2
654,654,L-UAV-01,AMZN,31.3001768,120.5987202,100.0,BUSY,M-L-001,V3
654,654,M-UAV-01,M600,31.3108767,120.6039862,30.5,AVAILABLE,,
654,654,M-UAV-02,M600,31.3062683,120.6025389,30.5,CONTINGENCY,,
655,655,EVTOL-01,EC35,31.3117097,120.6033371,199.9,BUSY,M-P-001,V2
655,655,L-UAV-01,AMZN,31.3002960,120.5987957,100.0,BUSY,M-L-001,V3
655,655,M-UAV-01,M600,31.3108767,120.6039862,30.5,AVAILABLE,,
655,655,M-UAV-02,M600,31.3062683,120.6025389,30.5,CONTINGENCY,,
656,656,EVTOL-01,EC35,31.3120038,120.6030876,199.9,BUSY,M-P-001,V2
656,656,L-UAV-01,AMZN,31.3004153,120.5988711,100.0,BUSY,M-L-001,V3
656,656,M-UAV-01,M600,31.3108767,120.6039862,30.5,AVAILABLE,,
656,656,M-UAV-02,M600,31.3062683,120.6025389,30.5,CONTINGENCY,,
657,657,EVTOL-01,EC35,31.3122719,120.6028009,199.9,BUSY,M-P-001,V2
657,657,L-UAV-01,AMZN,31.3005345,120.5989466,100.0,BUSY,M-L-001,V3
657,657,M-UAV-01,M600,31.3108767,120.6039862,30.5,AVAILABLE,,
657,657,M-UAV-02,M600,31.3062683,120.6025389,30.5,CONTINGENCY,,
658,658,EVTOL-01,EC35,31.3125106,120.6024805,199.9,BUSY,M-P-001,V2
658,658,L-UAV-01,AMZN,31.3006537,120.5990221,100.0,BUSY,M-L-001,V3
658,658,M-UAV-01,M600,31.3108767,120.6039862,30.5,AVAILABLE,,
658,658,M-UAV-02,M600,31.3062683,120.6025389,30.5,CONTINGENCY,,
659,659,EVTOL-01,EC35,31.3127169,120.6021306,199.9,BUSY,M-P-001,V2
659,659,L-UAV-01,AMZN,31.3007729,120.5990975,100.0,BUSY,M-L-001,V3
659,659,M-UAV-01,M600,31.3108767,120.6039862,30.5,AVAILABLE,,
659,659,M-UAV-02,M600,31.3062683,120.6025389,30.5,CONTINGENCY,,
660,660,EVTOL-01,EC35,31.3128881,120.6017557,199.9,BUSY,M-P-001,V2
660,660,L-UAV-01,AMZN,31.3008922,120.5991730,100.0,BUSY,M-L-001,V3
660,660,M-UAV-01,M600,31.3108767,120.6039862,30.5,AVAILABLE,,
660,660,M-UAV-02,M600,31.3062683,120.6025389,30.5,CONTINGENCY,,
661,661,EVTOL-01,EC35,31.3130220,120.6013605,199.9,BUSY,M-P-001,V2
661,661,L-UAV-01,AMZN,31.3010114,120.5992484,100.0,BUSY,M-L-001,V3
661,661,M-UAV-01,M600,31.3108767,120.6039862,30.5,AVAILABLE,,
661,661,M-UAV-02,M600,31.3062683,120.6025389,30.5,CONTINGENCY,,
662,662,EVTOL-01,EC35,31.3131168,120.6009502,199.9,BUSY,M-P-001,V2
662,662,L-UAV-01,AMZN,31.3011306,120.5993239,100.0,BUSY,M-L-001,V3
662,662,M-UAV-01,M600,31.3108767,120.6039862,30.5,AVAILABLE,,
662,662,M-UAV-02,M600,31.3062683,120.6025389,30.5,CONTINGENCY,,
663,663,EVTOL-01,EC35,31.3131715,120.6005299,199.9,BUSY,M-P-001,V2
663,663,L-UAV-01,AMZN,31.3012499,120.5993994,100.0,BUSY,M-L-001,V3
663,663,M-UAV-01,M600,31.3108767,120.6039862,30.5,AVAILABLE,,
663,663,M-UAV-02,M600,31.3062683,120.6025389,30.5,CONTINGENCY,,
664,664,EVTOL-01,EC35,31.3131853,120.6001051,199.9,BUSY,M-P-001,V2
664,664,L-UAV-01,AMZN,31.3013691,120.5994748,100.0,BUSY,M-L-001,V3
664,664,M-UAV-01,M600,31.3108767,120.6039862,30.5,AVAILABLE,,
664,664,M-UAV-02,M600,31.3062683,120.6025389,30.5,CONTINGENCY,,
665,665,EVTOL-01,EC35,31.3131579,120.5996812,199.9,BUSY,M-P-001,V2
665,665,L-UAV-01,AMZN,31.3014883,120.5995503,100.0,BUSY,M-L-001,V3
665,665,M-UAV-01,M600,31.3108767,120.6039862,30.5,AVAILABLE,,
665,665,M-UAV-02,M600,31.3062683,120.6025389,30.5,CONTINGENCY,,
666,666,EVTOL-01,EC35,31.3130898,120.5992636,199.9,BUSY,M-P-001,V2
666,666,L-UAV-01,AMZN,31.3016076,120.5996258,100.0,BUSY,M-L-001,V3
666,666,M-UAV-01,M600,31.3108767,120.6039862,30.5,AVAILABLE,,
666,666,M-UAV-02,M600,31.3062683,120.6025389,30.5,CONTINGENCY,,
667,667,EVTOL-01,EC35,31.3129818,120.5988577,199.9,BUSY,M-P-001,V2
667,667,L-UAV-01,AMZN,31.3017268,120.5997012,100.0,BUSY,M-L-001,V3
667,667,M-UAV-01,M600,31.3108767,120.6039862,30.5,AVAILABLE,,
667,667,M-UAV-02,M600,31.3062683,120.6025389,30.5,CONTINGENCY,,
668,668,EVTOL-01,EC35,31.3128354,120.5984687,199.9,BUSY,M-P-001,V2
668,668,L-UAV-01,AMZN,31.3018460,120.5997767,100.0,BUSY,M-L-001,V3
668,668,M-UAV-01,M600,31.3108767,120.6039862,30.5,AVAILABLE,,
668,668,M-UAV-02,M600,31.3062683,120.6025389,30.5,CONTINGENCY,,
669,669,EVTOL-01,EC35,31.3126523,120.5981015,199.9,BUSY,M-P-001,V2
669,669,L-UAV-01,AMZN,31.3019652,120.5998521,100.0,BUSY,M-L-001,V3
669,669,M-UAV-01,M600,31.3108767,120.6039862,30.5,AVAILABLE,,
669,669,M-UAV-02,M600,31.3062683,120.6025389,30.5,CONTINGENCY,,
670,670,EVTOL-01,EC35,31.3124349,120.5977610,199.9,BUSY,M-P-001,V2
670,670,L-UAV-01,AMZN,31.3020845,120.5999276,100.0,BUSY,M-L-001,V3
670,670,M-UAV-01,M600,31.3108767,120.6039862,30.5,AVAILABLE,,
670,670,M-UAV-02,M600,31.3062683,120.6025389,30.5,CONTINGENCY,,
671,671,EVTOL-01,EC35,31.3121861,120.5974513,199.9,BUSY,M-P-001,V2
671,671,L-UAV-01,AMZN,31.3022037,120.6000031,100.0,BUSY,M-L-001,V3
671,671,M-UAV-01,M600,31.3108767,120.6039862,30.5,AVAILABLE,,
671,671,M-UAV-02,M600,31.3062683,120.6025389,30.5,CONTINGENCY,,
672,672,EVTOL-01,EC35,31.3119090,120.5971765,199.9,BUSY,M-P-001,V2
672,672,L-UAV-01,AMZN,31.3023229,120.6000785,100.0,BUSY,M-L-001,V3
672,672,M-UAV-01,M600,31.3108767,120.6039862,30.5,AVAILABLE,,
672,672,M-UAV-02,M600,31.3062683,120.6025389,30.5,CONTINGENCY,,
673,673,EVTOL-01,EC35,31.3116071,120.5969402,199.9,BUSY,M-P-001,V2
673,673,L-UAV-01,AMZN,31.3024422,120.6001540,100.0,BUSY,M-L-001,V3
673,673,M-UAV-01,M600,31.3108767,120.6039862,30.5,AVAILABLE,,
673,673,M-UAV-02,M600,31.3062683,120.6025389,30.5,CONTINGENCY,,
674,674,EVTOL-01,EC35,31.3112843,120.5967453,199.9,BUSY,M-P-001,V2
674,674,L-UAV-01,AMZN,31.3025614,120.6002295,100.0,BUSY,M-L-001,V3
674,674,M-UAV-01,M600,31.3108767,120.6039862,30.5,AVAILABLE,,
674,674,M-UAV-02,M600,31.3062683,120.6025389,30.5,CONTINGENCY,,
675,675,EVTOL-01,EC35,31.3109448,120.5965943,199.9,BUSY,M-P-001,V2
675,675,L-UAV-01,AMZN,31.3026806,120.6003049,100.0,BUSY,M-L-001,V3
675,675,M-UAV-01,M600,31.3108767,120.6039862,30.5,AVAILABLE,,
675,675,M-UAV-02,M600,31.3062683,120.6025389,30.5,CONTINGENCY,,
676,676,EVTOL-01,EC35,31.3105929,120.5964892,199.9,BUSY,M-P-001,V2
676,676,L-UAV-01,AMZN,31.3027998,120.6003804,100.0,BUSY,M-L-001,V3
676,676,M-UAV-01,M600,31.3108767,120.6039862,30.5,AVAILABLE,,
676,676,M-UAV-02,M600,31.3062683,120.6025389,30.5,CONTINGENCY,,
677,677,EVTOL-01,EC35,31.3102331,120.5964313,199.9,BUSY,M-P-001,V2
677,677,L-UAV-01,AMZN,31.3029191,120.6004559,100.0,BUSY,M-L-001,V3
677,677,M-UAV-01,M600,31.3108767,120.6039862,30.5,AVAILABLE,,
677,677,M-UAV-02,M600,31.3062683,120.6025389,30.5,CONTINGENCY,,
678,678,EVTOL-01,EC35,31.3098704,120.5964091,199.9,BUSY,M-P-001,V2
678,678,L-UAV-01,AMZN,31.3030383,120.6005313,100.0,BUSY,M-L-001,V3
678,678,M-UAV-01,M600,31.3108767,120.6039862,30.5,AVAILABLE,,
678,678,M-UAV-02,M600,31.3062683,120.6025389,30.5,CONTINGENCY,,
679,679,EVTOL-01,EC35,31.3095077,120.5963869,199.9,BUSY,M-P-001,V2
679,679,L-UAV-01,AMZN,31.3031575,120.6006068,100.0,BUSY,M-L-001,V3
679,679,M-UAV-01,M600,31.3108767,120.6039862,30.5,AVAILABLE,,
679,679,M-UAV-02,M600,31.3062683,120.6025389,30.5,CONTINGENCY,,
680,680,EVTOL-01,EC35,31.3091450,120.5963647,199.9,BUSY,M-P-001,V2
680,680,L-UAV-01,AMZN,31.3032767,120.6006823,100.0,BUSY,M-L-001,V3
680,680,M-UAV-01,M600,31.3108767,120.6039862,30.5,AVAILABLE,,
680,680,M-UAV-02,M600,31.3062683,120.6025389,30.5,CONTINGENCY,,
681,681,EVTOL-01,EC35,31.3087823,120.5963425,199.9,BUSY,M-P-001,V2
681,681,L-UAV-01,AMZN,31.3033960,120.6007577,100.0,BUSY,M-L-001,V3
681,681,M-UAV-01,M600,31.3108767,120.6039862,30.5,AVAILABLE,,
681,681,M-UAV-02,M600,31.3062683,120.6025389,30.5,CONTINGENCY,,
682,682,EVTOL-01,EC35,31.3084196,120.5963204,199.9,BUSY,M-P-001,V2
682,682,L-UAV-01,AMZN,31.3035152,120.6008332,100.0,BUSY,M-L-001,V3
682,682,M-UAV-01,M600,31.3108767,120.6039862,30.5,AVAILABLE,,
682,682,M-UAV-02,M600,31.3062683,120.6025389,30.5,CONTINGENCY,,
683,683,EVTOL-01,EC35,31.3080569,120.5962982,199.9,BUSY,M-P-001,V2
683,683,L-UAV-01,AMZN,31.3036344,120.6009087,100.0,BUSY,M-L-001,V3
683,683,M-UAV-01,M600,31.3108767,120.6039862,30.5,AVAILABLE,,
683,683,M-UAV-02,M600,31.3062683,120.6025389,30.5,CONTINGENCY,,
684,684,EVTOL-01,EC35,31.3076942,120.5962760,199.9,BUSY,M-P-001,V2
684,684,L-UAV-01,AMZN,31.3037537,120.6009841,100.0,BUSY,M-L-001,V3
684,684,M-UAV-01,M600,31.3108767,120.6039862,30.5,AVAILABLE,,
684,684,M-UAV-02,M600,31.3062683,120.6025389,30.5,CONTINGENCY,,
685,685,EVTOL-01,EC35,31.3073315,120.5962538,199.9,BUSY,M-P-001,V2
685,685,L-UAV-01,AMZN,31.3038729,120.6010596,100.0,BUSY,M-L-001,V3
685,685,M-UAV-01,M600,31.3108767,120.6039862,30.5,AVAILABLE,,
685,685,M-UAV-02,M600,31.3062683,120.6025389,30.5,CONTINGENCY,,
686,686,EVTOL-01,EC35,31.3069688,120.5962316,199.9,BUSY,M-P-001,V2
686,686,L-UAV-01,AMZN,31.3039921,120.6011351,100.0,BUSY,M-L-001,V3
686,686,M-UAV-01,M600,31.3108767,120.6039862,30.5,AVAILABLE,,
686,686,M-UAV-02,M600,31.3062683,120.6025389,30.5,CONTINGENCY,,
687,687,EVTOL-01,EC35,31.3066061,120.5962094,199.9,BUSY,M-P-001,V2
687,687,L-UAV-01,AMZN,31.3041113,120.6012105,100.0,BUSY,M-L-001,V3
687,687,M-UAV-01,M600,31.3108767,120.6039862,30.5,AVAILABLE,,
687,687,M-UAV-02,M600,31.3062683,120.6025389,30.5,CONTINGENCY,,
688,688,EVTOL-01,EC35,31.3062434,120.5961872,199.9,BUSY,M-P-001,V2
688,688,L-UAV-01,AMZN,31.3042306,120.6012860,100.0,BUSY,M-L-001,V3
688,688,M-UAV-01,M600,31.3108767,120.6039862,30.5,AVAILABLE,,
688,688,M-UAV-02,M600,31.3062683,120.6025389,30.5,CONTINGENCY,,
689,689,EVTOL-01,EC35,31.3058807,120.5961650,199.9,BUSY,M-P-001,V2
689,689,L-UAV-01,AMZN,31.3043498,120.6013615,100.0,BUSY,M-L-001,V3
689,689,M-UAV-01,M600,31.3108767,120.6039862,30.5,AVAILABLE,,
689,689,M-UAV-02,M600,31.3062683,120.6025389,30.5,CONTINGENCY,,
690,690,EVTOL-01,EC35,31.3055181,120.5961429,199.9,BUSY,M-P-001,V2
690,690,L-UAV-01,AMZN,31.3044690,120.6014369,100.0,BUSY,M-L-001,V3
690,690,M-UAV-01,M600,31.3108767,120.6039862,30.5,AVAILABLE,,
690,690,M-UAV-02,M600,31.3062683,120.6025389,30.5,CONTINGENCY,,
691,691,EVTOL-01,EC35,31.3051554,120.5961207,199.9,BUSY,M-P-001,V2
691,691,L-UAV-01,AMZN,31.3045883,120.6015124,100.0,BUSY,M-L-001,V3
691,691,M-UAV-01,M600,31.3108767,120.6039862,30.5,AVAILABLE,,
691,691,M-UAV-02,M600,31.3062683,120.6025389,30.5,CONTINGENCY,,
692,692,EVTOL-01,EC35,31.3047927,120.5960985,199.9,BUSY,M-P-001,V2
692,692,L-UAV-01,AMZN,31.3047075,120.6015879,100.0,BUSY,M-L-001,V3
692,692,M-UAV-01,M600,31.3108767,120.6039862,30.5,AVAILABLE,,
692,692,M-UAV-02,M600,31.3062683,120.6025389,30.5,CONTINGENCY,,
693,693,EVTOL-01,EC35,31.3044300,120.5960763,199.9,BUSY,M-P-001,V2
693,693,L-UAV-01,AMZN,31.3048267,120.6016633,100.0,BUSY,M-L-001,V3
693,693,M-UAV-01,M600,31.3108767,120.6039862,30.5,AVAILABLE,,
693,693,M-UAV-02,M600,31.3062683,120.6025389,30.5,CONTINGENCY,,
694,694,EVTOL-01,EC35,31.3040673,120.5960541,199.9,BUSY,M-P-001,V2
694,694,L-UAV-01,AMZN,31.3049459,120.6017388,100.0,BUSY,M-L-001,V3
694,694,M-UAV-01,M600,31.3108767,120.6039862,30.5,AVAILABLE,,
694,694,M-UAV-02,M600,31.3062683,120.6025389,30.5,CONTINGENCY,,
695,695,EVTOL-01,EC35,31.3037046,120.5960319,199.9,BUSY,M-P-001,V2
695,695,L-UAV-01,AMZN,31.3050652,120.6018143,100.0,BUSY,M-L-001,V3
695,695,M-UAV-01,M600,31.3108767,120.6039862,30.5,AVAILABLE,,
695,695,M-UAV-02,M600,31.3062683,120.6025389,30.5,CONTINGENCY,,
696,696,EVTOL-01,EC35,31.3033419,120.5960097,199.9,BUSY,M-P-001,V2
696,696,L-UAV-01,AMZN,31.3051844,120.6018897,100.0,BUSY,M-L-001,V3
696,696,M-UAV-01,M600,31.3108767,120.6039862,30.5,AVAILABLE,,
696,696,M-UAV-02,M600,31.3062683,120.6025389,30.5,CONTINGENCY,,
697,697,EVTOL-01,EC35,31.3029792,120.5959876,199.9,BUSY,M-P-001,V2
697,697,L-UAV-01,AMZN,31.3053036,120.6019652,100.0,BUSY,M-L-001,V3
697,697,M-UAV-01,M600,31.3108767,120.6039862,30.5,AVAILABLE,,
697,697,M-UAV-02,M600,31.3062683,120.6025389,30.5,CONTINGENCY,,
698,698,EVTOL-01,EC35,31.3026165,120.5959654,199.9,BUSY,M-P-001,V2
698,698,L-UAV-01,AMZN,31.3054228,120.6020407,100.0,BUSY,M-L-001,V3
698,698,M-UAV-01,M600,31.3108767,120.6039862,30.5,AVAILABLE,,
698,698,M-UAV-02,M600,31.3062683,120.6025389,30.5,CONTINGENCY,,
699,699,EVTOL-01,EC35,31.3022538,120.5959432,199.9,BUSY,M-P-001,V2
699,699,L-UAV-01,AMZN,31.3055421,120.6021161,100.0,BUSY,M-L-001,V3
699,699,M-UAV-01,M600,31.3108767,120.6039862,30.5,AVAILABLE,,
699,699,M-UAV-02,M600,31.3062683,120.6025389,30.5,CONTINGENCY,,
700,700,EVTOL-01,EC35,31.3018911,120.5959210,199.9,BUSY,M-P-001,V2
700,700,L-UAV-01,AMZN,31.3056613,120.6021916,100.0,BUSY,M-L-001,V3
700,700,M-UAV-01,M600,31.3108767,120.6039862,30.5,AVAILABLE,,
700,700,M-UAV-02,M600,31.3062683,120.6025389,30.5,CONTINGENCY,,
701,701,EVTOL-01,EC35,31.3015284,120.5958988,199.9,BUSY,M-P-001,V2
701,701,L-UAV-01,AMZN,31.3057805,120.6022671,100.0,BUSY,M-L-001,V2
701,701,M-UAV-01,M600,31.3108767,120.6039862,30.5,AVAILABLE,,
701,701,M-UAV-02,M600,31.3062683,120.6025389,30.5,CONTINGENCY,,
702,702,EVTOL-01,EC35,31.3011657,120.5958766,199.9,BUSY,M-P-001,V2
702,702,L-UAV-01,AMZN,31.3059136,120.6022974,100.0,BUSY,M-L-001,V2
702,702,M-UAV-01,M600,31.3108767,120.6039862,30.5,AVAILABLE,,
702,702,M-UAV-02,M600,31.3062683,120.6025389,30.5,CONTINGENCY,,
703,703,EVTOL-01,EC35,31.3008030,120.5958544,199.9,BUSY,M-P-001,V2
703,703,L-UAV-01,AMZN,31.3060483,120.6022798,100.0,BUSY,M-L-001,V2
703,703,M-UAV-01,M600,31.3108767,120.6039862,30.5,AVAILABLE,,
703,703,M-UAV-02,M600,31.3062683,120.6025389,30.5,CONTINGENCY,,
704,704,EVTOL-01,EC35,31.3004403,120.5958323,199.9,BUSY,M-P-001,V2
704,704,L-UAV-01,AMZN,31.3061724,120.6022160,100.0,BUSY,M-L-001,V2
704,704,M-UAV-01,M600,31.3108767,120.6039862,30.5,AVAILABLE,,
704,704,M-UAV-02,M600,31.3062683,120.6025389,30.5,CONTINGENCY,,
705,705,EVTOL-01,EC35,31.3000776,120.5958101,199.9,BUSY,M-P-001,V2
705,705,L-UAV-01,AMZN,31.3062745,120.6021116,100.0,BUSY,M-L-001,V2
705,705,M-UAV-01,M600,31.3108767,120.6039862,30.5,AVAILABLE,,
705,705,M-UAV-02,M600,31.3062683,120.6025389,30.5,CONTINGENCY,,
706,706,EVTOL-01,EC35,31.2997149,120.5957879,199.9,BUSY,M-P-001,V2
706,706,L-UAV-01,AMZN,31.3063453,120.6019763,100.0,BUSY,M-L-001,V2
706,706,M-UAV-01,M600,31.3108767,120.6039862,30.5,AVAILABLE,,
706,706,M-UAV-02,M600,31.3062683,120.6025389,30.5,CONTINGENCY,,
707,707,EVTOL-01,EC35,31.2993522,120.5957657,199.9,BUSY,M-P-001,V2
707,707,L-UAV-01,AMZN,31.3063783,120.6018225,100.0,BUSY,M-L-001,V2
707,707,M-UAV-01,M600,31.3108767,120.6039862,30.5,AVAILABLE,,
707,707,M-UAV-02,M600,31.3062683,120.6025389,30.5,CONTINGENCY,,
708,708,EVTOL-01,EC35,31.2989895,120.5957435,199.9,BUSY,M-P-001,V2
708,708,L-UAV-01,AMZN,31.3063705,120.6016641,100.0,BUSY,M-L-001,V2
708,708,M-UAV-01,M600,31.3108767,120.6039862,30.5,AVAILABLE,,
708,708,M-UAV-02,M600,31.3062683,120.6025389,30.5,CONTINGENCY,,
709,709,EVTOL-01,EC35,31.2986268,120.5957213,199.9,BUSY,M-P-001,V2
709,709,L-UAV-01,AMZN,31.3063227,120.6015156,100.0,BUSY,M-L-001,V2
709,709,M-UAV-01,M600,31.3108767,120.6039862,30.5,AVAILABLE,,
709,709,M-UAV-02,M600,31.3062683,120.6025389,30.5,CONTINGENCY,,
710,710,EVTOL-01,EC35,31.2982641,120.5956992,199.9,BUSY,M-P-001,V2
710,710,L-UAV-01,AMZN,31.3062392,120.6013907,100.0,BUSY,M-L-001,V2
710,710,M-UAV-01,M600,31.3108767,120.6039862,30.5,AVAILABLE,,
710,710,M-UAV-02,M600,31.3062683,120.6025389,30.5,CONTINGENCY,,
711,711,EVTOL-01,EC35,31.2979015,120.5956770,199.9,BUSY,M-P-001,V1
711,711,L-UAV-01,AMZN,31.3061276,120.6013007,100.0,BUSY,M-L-001,V2
711,711,M-UAV-01,M600,31.3108767,120.6039862,30.5,AVAILABLE,,
711,711,M-UAV-02,M600,31.3062683,120.6025389,30.5,CONTINGENCY,,
712,712,EVTOL-01,EC35,31.2975389,120.5957029,199.9,BUSY,M-P-001,V1
712,712,L-UAV-01,AMZN,31.3060083,120.6012252,100.0,BUSY,M-L-001,V2
712,712,M-UAV-01,M600,31.3108767,120.6039862,30.5,AVAILABLE,,
712,712,M-UAV-02,M600,31.3062683,120.6025389,30.5,CONTINGENCY,,
713,713,EVTOL-01,EC35,31.2971812,120.5957766,199.9,BUSY,M-P-001,V1
713,713,L-UAV-01,AMZN,31.3058891,120.6011497,100.0,BUSY,M-L-001,V2
713,713,M-UAV-01,M600,31.3108767,120.6039862,30.5,AVAILABLE,,
713,713,M-UAV-02,M600,31.3062683,120.6025389,30.5,CONTINGENCY,,
714,714,EVTOL-01,EC35,31.2968330,120.5958971,199.9,BUSY,M-P-001,V1
714,714,L-UAV-01,AMZN,31.3057699,120.6010743,100.0,BUSY,M-L-001,V2
714,714,M-UAV-01,M600,31.3108767,120.6039862,30.5,AVAILABLE,,
714,714,M-UAV-02,M600,31.3062683,120.6025389,30.5,CONTINGENCY,,
715,715,EVTOL-01,EC35,31.2964985,120.5960629,199.9,BUSY,M-P-001,V1
715,715,L-UAV-01,AMZN,31.3056506,120.6009988,100.0,BUSY,M-L-001,V2
715,715,M-UAV-01,M600,31.3108767,120.6039862,30.5,AVAILABLE,,
715,715,M-UAV-02,M600,31.3062683,120.6025389,30.5,CONTINGENCY,,
716,716,EVTOL-01,EC35,31.2961823,120.5962719,199.9,BUSY,M-P-001,V1
716,716,L-UAV-01,AMZN,31.3055314,120.6009233,100.0,BUSY,M-L-001,V2
716,716,M-UAV-01,M600,31.3108767,120.6039862,30.5,AVAILABLE,,
716,716,M-UAV-02,M600,31.3062683,120.6025389,30.5,CONTINGENCY,,
717,717,EVTOL-01,EC35,31.2958882,120.5965213,199.9,BUSY,M-P-001,V1
717,717,L-UAV-01,AMZN,31.3054122,120.6008479,100.0,BUSY,M-L-001,V2
717,717,M-UAV-01,M600,31.3108767,120.6039862,30.5,AVAILABLE,,
717,717,M-UAV-02,M600,31.3062683,120.6025389,30.5,CONTINGENCY,,
718,718,EVTOL-01,EC35,31.2956201,120.5968080,199.9,BUSY,M-P-001,V1
718,718,L-UAV-01,AMZN,31.3052930,120.6007724,100.0,BUSY,M-L-001,V2
718,718,M-UAV-01,M600,31.3108767,120.6039862,30.5,AVAILABLE,,
718,718,M-UAV-02,M600,31.3062683,120.6025389,30.5,CONTINGENCY,,
719,719,EVTOL-01,EC35,31.2953814,120.5971284,199.9,BUSY,M-P-001,V1
719,719,L-UAV-01,AMZN,31.3051737,120.6006969,100.0,BUSY,M-L-001,V2
719,719,M-UAV-01,M600,31.3108767,120.6039862,30.5,AVAILABLE,,
719,719,M-UAV-02,M600,31.3062683,120.6025389,30.5,CONTINGENCY,,
720,720,EVTOL-01,EC35,31.2951752,120.5974782,199.9,BUSY,M-P-001,V1
720,720,L-UAV-01,AMZN,31.3050545,120.6006215,100.0,BUSY,M-L-001,V2
720,720,M-UAV-01,M600,31.3108767,120.6039862,30.5,AVAILABLE,,
720,720,M-UAV-02,M600,31.3062683,120.6025389,30.5,CONTINGENCY,,
721,721,EVTOL-01,EC35,31.2950040,120.5978531,199.9,BUSY,M-P-001,V1
721,721,L-UAV-01,AMZN,31.3049353,120.6005460,100.0,BUSY,M-L-001,V2
721,721,M-UAV-01,M600,31.3108767,120.6039862,30.5,AVAILABLE,,
721,721,M-UAV-02,M600,31.3062683,120.6025389,30.5,CONTINGENCY,,
722,722,EVTOL-01,EC35,31.2948702,120.5982482,199.9,BUSY,M-P-001,V1
722,722,L-UAV-01,AMZN,31.3048160,120.6004705,100.0,BUSY,M-L-001,V2
722,722,M-UAV-01,M600,31.3108767,120.6039862,30.5,AVAILABLE,,
722,722,M-UAV-02,M600,31.3062683,120.6025389,30.5,CONTINGENCY,,
723,723,EVTOL-01,EC35,31.2947753,120.5986585,199.9,BUSY,M-P-001,V1
723,723,L-UAV-01,AMZN,31.3046968,120.6003951,100.0,BUSY,M-L-001,V2
723,723,M-UAV-01,M600,31.3108767,120.6039862,30.5,AVAILABLE,,
723,723,M-UAV-02,M600,31.3062683,120.6025389,30.5,CONTINGENCY,,
724,724,EVTOL-01,EC35,31.2947207,120.5990787,199.9,BUSY,M-P-001,V1
724,724,L-UAV-01,AMZN,31.3045776,120.6003196,100.0,BUSY,M-L-001,V2
724,724,M-UAV-01,M600,31.3108767,120.6039862,30.5,AVAILABLE,,
724,724,M-UAV-02,M600,31.3062683,120.6025389,30.5,CONTINGENCY,,
725,725,EVTOL-01,EC35,31.2947070,120.5995034,199.9,BUSY,M-P-001,V1
725,725,L-UAV-01,AMZN,31.3044584,120.6002441,100.0,BUSY,M-L-001,V2
725,725,M-UAV-01,M600,31.3108767,120.6039862,30.5,AVAILABLE,,
725,725,M-UAV-02,M600,31.3062683,120.6025389,30.5,CONTINGENCY,,
726,726,EVTOL-01,EC35,31.2947344,120.5999272,199.9,BUSY,M-P-001,V1
726,726,L-UAV-01,AMZN,31.3043391,120.6001687,100.0,BUSY,M-L-001,V2
726,726,M-UAV-01,M600,31.3108767,120.6039862,30.5,AVAILABLE,,
726,726,M-UAV-02,M600,31.3062683,120.6025389,30.5,CONTINGENCY,,
727,727,EVTOL-01,EC35,31.2948025,120.6003447,199.9,BUSY,M-P-001,V1
727,727,L-UAV-01,AMZN,31.3042199,120.6000932,100.0,BUSY,M-L-001,V2
727,727,M-UAV-01,M600,31.3108767,120.6039862,30.5,AVAILABLE,,
727,727,M-UAV-02,M600,31.3062683,120.6025389,30.5,CONTINGENCY,,
728,728,EVTOL-01,EC35,31.2949105,120.6007505,199.9,BUSY,M-P-001,V1
728,728,L-UAV-01,AMZN,31.3041007,120.6000177,100.0,BUSY,M-L-001,V2
728,728,M-UAV-01,M600,31.3108767,120.6039862,30.5,AVAILABLE,,
728,728,M-UAV-02,M600,31.3062683,120.6025389,30.5,CONTINGENCY,,
729,729,EVTOL-01,EC35,31.2950570,120.6011394,199.9,BUSY,M-P-001,V1
729,729,L-UAV-01,AMZN,31.3039814,120.5999423,100.0,BUSY,M-L-001,V2
729,729,M-UAV-01,M600,31.3108767,120.6039862,30.5,AVAILABLE,,
729,729,M-UAV-02,M600,31.3062683,120.6025389,30.5,CONTINGENCY,,
730,730,EVTOL-01,EC35,31.2952401,120.6015065,199.9,BUSY,M-P-001,V1
730,730,L-UAV-01,AMZN,31.3038622,120.5998668,100.0,BUSY,M-L-001,V2
730,730,M-UAV-01,M600,31.3108767,120.6039862,30.5,AVAILABLE,,
730,730,M-UAV-02,M600,31.3062683,120.6025389,30.5,CONTINGENCY,,
731,731,EVTOL-01,EC35,31.2954575,120.6018470,199.9,BUSY,M-P-001,V1
731,731,L-UAV-01,AMZN,31.3037430,120.5997913,100.0,BUSY,M-L-001,V2
731,731,M-UAV-01,M600,31.3108767,120.6039862,30.5,AVAILABLE,,
731,731,M-UAV-02,M600,31.3062683,120.6025389,30.5,CONTINGENCY,,
732,732,EVTOL-01,EC35,31.2957064,120.6021566,199.9,BUSY,M-P-001,V1
732,732,L-UAV-01,AMZN,31.3036238,120.5997159,100.0,BUSY,M-L-001,V2
732,732,M-UAV-01,M600,31.3108767,120.6039862,30.5,AVAILABLE,,
732,732,M-UAV-02,M600,31.3062683,120.6025389,30.5,CONTINGENCY,,
733,733,EVTOL-01,EC35,31.2959835,120.6024312,199.9,BUSY,M-P-001,V1
733,733,L-UAV-01,AMZN,31.3035045,120.5996404,100.0,BUSY,M-L-001,V2
733,733,M-UAV-01,M600,31.3108767,120.6039862,30.5,AVAILABLE,,
733,733,M-UAV-02,M600,31.3062683,120.6025389,30.5,CONTINGENCY,,
734,734,EVTOL-01,EC35,31.2962854,120.6026675,199.9,BUSY,M-P-001,V1
734,734,L-UAV-01,AMZN,31.3033853,120.5995649,100.0,BUSY,M-L-001,V2
734,734,M-UAV-01,M600,31.3108767,120.6039862,30.5,AVAILABLE,,
734,734,M-UAV-02,M600,31.3062683,120.6025389,30.5,CONTINGENCY,,
735,735,EVTOL-01,EC35,31.2966082,120.6028624,199.9,BUSY,M-P-001,V1
735,735,L-UAV-01,AMZN,31.3032661,120.5994895,100.0,BUSY,M-L-001,V2
735,735,M-UAV-01,M600,31.3108767,120.6039862,30.5,AVAILABLE,,
735,735,M-UAV-02,M600,31.3062683,120.6025389,30.5,CONTINGENCY,,
736,736,EVTOL-01,EC35,31.2969477,120.6030133,199.9,BUSY,M-P-001,V1
736,736,L-UAV-01,AMZN,31.3031468,120.5994140,100.0,BUSY,M-L-001,V2
736,736,M-UAV-01,M600,31.3108767,120.6039862,30.5,AVAILABLE,,
736,736,M-UAV-02,M600,31.3062683,120.6025389,30.5,CONTINGENCY,,
737,737,EVTOL-01,EC35,31.2972996,120.6031183,199.9,BUSY,M-P-001,V1
737,737,L-UAV-01,AMZN,31.3030276,120.5993386,100.0,BUSY,M-L-001,V2
737,737,M-UAV-01,M600,31.3108767,120.6039862,30.5,AVAILABLE,,
737,737,M-UAV-02,M600,31.3062683,120.6025389,30.5,CONTINGENCY,,
738,738,EVTOL-01,EC35,31.2976595,120.6031762,199.9,BUSY,M-P-001,V1
738,738,L-UAV-01,AMZN,31.3029084,120.5992631,100.0,BUSY,M-L-001,V2
738,738,M-UAV-01,M600,31.3108767,120.6039862,30.5,AVAILABLE,,
738,738,M-UAV-02,M600,31.3062683,120.6025389,30.5,CONTINGENCY,,
739,739,EVTOL-01,EC35,31.2980222,120.6031984,199.9,BUSY,M-P-001,V1
739,739,L-UAV-01,AMZN,31.3027892,120.5991876,100.0,BUSY,M-L-001,V2
739,739,M-UAV-01,M600,31.3108767,120.6039862,30.5,AVAILABLE,,
739,739,M-UAV-02,M600,31.3062683,120.6025389,30.5,CONTINGENCY,,
740,740,EVTOL-01,EC35,31.2983848,120.6032206,199.9,BUSY,M-P-001,V1
740,740,L-UAV-01,AMZN,31.3026699,120.5991122,100.0,BUSY,M-L-001,V2
740,740,M-UAV-01,M600,31.3108767,120.6039862,30.5,AVAILABLE,,
740,740,M-UAV-02,M600,31.3062683,120.6025389,30.5,CONTINGENCY,,
741,741,EVTOL-01,EC35,31.2987475,120.6032428,199.9,BUSY,M-P-001,V1
741,741,L-UAV-01,AMZN,31.3025507,120.5990367,100.0,BUSY,M-L-001,V2
741,741,M-UAV-01,M600,31.3108767,120.6039862,30.5,AVAILABLE,,
741,741,M-UAV-02,M600,31.3062683,120.6025389,30.5,CONTINGENCY,,
742,742,EVTOL-01,EC35,31.2991102,120.6032651,199.9,BUSY,M-P-001,V1
742,742,L-UAV-01,AMZN,31.3024315,120.5989612,100.0,BUSY,M-L-001,V2
742,742,M-UAV-01,M600,31.3108767,120.6039862,30.5,AVAILABLE,,
742,742,M-UAV-02,M600,31.3062683,120.6025389,30.5,CONTINGENCY,,
743,743,EVTOL-01,EC35,31.2994729,120.6032873,199.9,BUSY,M-P-001,V1
743,743,L-UAV-01,AMZN,31.3023122,120.5988858,100.0,BUSY,M-L-001,V2
743,743,M-UAV-01,M600,31.3108767,120.6039862,30.5,AVAILABLE,,
743,743,M-UAV-02,M600,31.3062683,120.6025389,30.5,CONTINGENCY,,
744,744,EVTOL-01,EC35,31.2998356,120.6033095,199.9,BUSY,M-P-001,V1
744,744,L-UAV-01,AMZN,31.3021930,120.5988103,100.0,BUSY,M-L-001,V2
744,744,M-UAV-01,M600,31.3108767,120.6039862,30.5,AVAILABLE,,
744,744,M-UAV-02,M600,31.3062683,120.6025389,30.5,CONTINGENCY,,
745,745,EVTOL-01,EC35,31.3001983,120.6033317,199.9,BUSY,M-P-001,V1
745,745,L-UAV-01,AMZN,31.3020738,120.5987348,100.0,BUSY,M-L-001,V2
745,745,M-UAV-01,M600,31.3108767,120.6039862,30.5,AVAILABLE,,
745,745,M-UAV-02,M600,31.3062683,120.6025389,30.5,CONTINGENCY,,
746,746,EVTOL-01,EC35,31.3005610,120.6033540,199.9,BUSY,M-P-001,V1
746,746,L-UAV-01,AMZN,31.3019546,120.5986594,100.0,BUSY,M-L-001,V2
746,746,M-UAV-01,M600,31.3108767,120.6039862,30.5,AVAILABLE,,
746,746,M-UAV-02,M600,31.3062683,120.6025389,30.5,CONTINGENCY,,
747,747,EVTOL-01,EC35,31.3009237,120.6033762,199.9,BUSY,M-P-001,V1
747,747,L-UAV-01,AMZN,31.3018353,120.5985839,100.0,BUSY,M-L-001,V2
747,747,M-UAV-01,M600,31.3108767,120.6039862,30.5,AVAILABLE,,
747,747,M-UAV-02,M600,31.3062683,120.6025389,30.5,CONTINGENCY,,
748,748,EVTOL-01,EC35,31.3012864,120.6033984,199.9,BUSY,M-P-001,V1
748,748,L-UAV-01,AMZN,31.3017161,120.5985085,100.0,BUSY,M-L-001,V2
748,748,M-UAV-01,M600,31.3108767,120.6039862,30.5,AVAILABLE,,
748,748,M-UAV-02,M600,31.3062683,120.6025389,30.5,CONTINGENCY,,
749,749,EVTOL-01,EC35,31.3016491,120.6034206,199.9,BUSY,M-P-001,V1
749,749,L-UAV-01,AMZN,31.3015969,120.5984330,100.0,BUSY,M-L-001,V2
749,749,M-UAV-01,M600,31.3108767,120.6039862,30.5,AVAILABLE,,
749,749,M-UAV-02,M600,31.3062683,120.6025389,30.5,CONTINGENCY,,
750,750,EVTOL-01,EC35,31.3020118,120.6034429,199.9,BUSY,M-P-001,V1
750,750,L-UAV-01,AMZN,31.3014776,120.5983575,100.0,BUSY,M-L-001,V2
750,750,M-UAV-01,M600,31.3108767,120.6039862,30.5,AVAILABLE,,
750,750,M-UAV-02,M600,31.3062683,120.6025389,30.5,CONTINGENCY,,
751,751,EVTOL-01,EC35,31.3023745,120.6034651,199.9,BUSY,M-P-001,V1
751,751,L-UAV-01,AMZN,31.3013584,120.5982821,100.0,BUSY,M-L-001,V2
751,751,M-UAV-01,M600,31.3108767,120.6039862,30.5,AVAILABLE,,
751,751,M-UAV-02,M600,31.3062683,120.6025389,30.5,CONTINGENCY,,
752,752,EVTOL-01,EC35,31.3027372,120.6034873,199.9,BUSY,M-P-001,V1
752,752,L-UAV-01,AMZN,31.3012392,120.5982066,100.0,BUSY,M-L-001,V2
752,752,M-UAV-01,M600,31.3108767,120.6039862,30.5,AVAILABLE,,
752,752,M-UAV-02,M600,31.3062683,120.6025389,30.5,CONTINGENCY,,
753,753,EVTOL-01,EC35,31.3030999,120.6035095,199.9,BUSY,M-P-001,V1
753,753,L-UAV-01,AMZN,31.3011199,120.5981312,100.0,BUSY,M-L-001,V2
753,753,M-UAV-01,M600,31.3108767,120.6039862,30.5,AVAILABLE,,
753,753,M-UAV-02,M600,31.3062683,120.6025389,30.5,CONTINGENCY,,
754,754,EVTOL-01,EC35,31.3034626,120.6035318,199.9,BUSY,M-P-001,V1
754,754,L-UAV-01,AMZN,31.3010007,120.5980557,100.0,BUSY,M-L-001,V2
754,754,M-UAV-01,M600,31.3108767,120.6039862,30.5,AVAILABLE,,
754,754,M-UAV-02,M600,31.3062683,120.6025389,30.5,CONTINGENCY,,
755,755,EVTOL-01,EC35,31.3038252,120.6035540,199.9,BUSY,M-P-001,V1
755,755,L-UAV-01,AMZN,31.3008815,120.5979802,100.0,BUSY,M-L-001,V2
755,755,M-UAV-01,M600,31.3108767,120.6039862,30.5,AVAILABLE,,
755,755,M-UAV-02,M600,31.3062683,120.6025389,30.5,CONTINGENCY,,
756,756,EVTOL-01,EC35,31.3041879,120.6035762,199.9,BUSY,M-P-001,V1
756,756,L-UAV-01,AMZN,31.3007623,120.5979048,100.0,BUSY,M-L-001,V2
756,756,M-UAV-01,M600,31.3108767,120.6039862,30.5,AVAILABLE,,
756,756,M-UAV-02,M600,31.3062683,120.6025389,30.5,CONTINGENCY,,
757,757,EVTOL-01,EC35,31.3045506,120.6035984,199.9,BUSY,M-P-001,V1
757,757,L-UAV-01,AMZN,31.3006430,120.5978293,100.0,BUSY,M-L-001,V2
757,757,M-UAV-01,M600,31.3108767,120.6039862,30.5,AVAILABLE,,
757,757,M-UAV-02,M600,31.3062683,120.6025389,30.5,CONTINGENCY,,
758,758,EVTOL-01,EC35,31.3049133,120.6036207,199.9,BUSY,M-P-001,V1
758,758,L-UAV-01,AMZN,31.3005238,120.5977539,100.0,BUSY,M-L-001,V2
758,758,M-UAV-01,M600,31.3108767,120.6039862,30.5,AVAILABLE,,
758,758,M-UAV-02,M600,31.3062683,120.6025389,30.5,CONTINGENCY,,
759,759,EVTOL-01,EC35,31.3052760,120.6036429,199.9,BUSY,M-P-001,V1
759,759,L-UAV-01,AMZN,31.3004046,120.5976784,100.0,BUSY,M-L-001,V2
759,759,M-UAV-01,M600,31.3108767,120.6039862,30.5,AVAILABLE,,
759,759,M-UAV-02,M600,31.3062683,120.6025389,30.5,CONTINGENCY,,
760,760,EVTOL-01,EC35,31.3056387,120.6036651,199.9,BUSY,M-P-001,V1
760,760,L-UAV-01,AMZN,31.3002853,120.5976029,100.0,BUSY,M-L-001,V2
760,760,M-UAV-01,M600,31.3108767,120.6039862,30.5,AVAILABLE,,
760,760,M-UAV-02,M600,31.3062683,120.6025389,30.5,CONTINGENCY,,
761,761,EVTOL-01,EC35,31.3060014,120.6036874,199.9,BUSY,M-P-001,V1
761,761,L-UAV-01,AMZN,31.3001661,120.5975275,100.0,BUSY,M-L-001,V2
761,761,M-UAV-01,M600,31.3108767,120.6039862,30.5,AVAILABLE,,
761,761,M-UAV-02,M600,31.3062683,120.6025389,30.5,CONTINGENCY,,
762,762,EVTOL-01,EC35,31.3063641,120.6037096,199.9,BUSY,M-P-001,V1
762,762,L-UAV-01,AMZN,31.3000469,120.5974520,100.0,BUSY,M-L-001,V2
762,762,M-UAV-01,M600,31.3108767,120.6039862,30.5,AVAILABLE,,
762,762,M-UAV-02,M600,31.3062683,120.6025389,30.5,CONTINGENCY,,
763,763,EVTOL-01,EC35,31.3067268,120.6037318,199.9,BUSY,M-P-001,V1
763,763,L-UAV-01,AMZN,31.2999276,120.5973766,100.0,BUSY,M-L-001,V2
763,763,M-UAV-01,M600,31.3108767,120.6039862,30.5,AVAILABLE,,
763,763,M-UAV-02,M600,31.3062683,120.6025389,30.5,CONTINGENCY,,
764,764,EVTOL-01,EC35,31.3070895,120.6037540,199.9,BUSY,M-P-001,V1
764,764,L-UAV-01,AMZN,31.2998084,120.5973011,100.0,BUSY,M-L-001,V2
764,764,M-UAV-01,M600,31.3108767,120.6039862,30.5,AVAILABLE,,
764,764,M-UAV-02,M600,31.3062683,120.6025389,30.5,CONTINGENCY,,
765,765,EVTOL-01,EC35,31.3074522,120.6037763,199.9,BUSY,M-P-001,V1
765,765,L-UAV-01,AMZN,31.2996892,120.5972256,100.0,BUSY,M-L-001,V2
765,765,M-UAV-01,M600,31.3108767,120.6039862,30.5,AVAILABLE,,
765,765,M-UAV-02,M600,31.3062683,120.6025389,30.5,CONTINGENCY,,
766,766,EVTOL-01,EC35,31.3078149,120.6037985,199.9,BUSY,M-P-001,V1
766,766,L-UAV-01,AMZN,31.2995700,120.5971502,100.0,BUSY,M-L-001,V2
766,766,M-UAV-01,M600,31.3108767,120.6039862,30.5,AVAILABLE,,
766,766,M-UAV-02,M600,31.3062683,120.6025389,30.5,CONTINGENCY,,
767,767,EVTOL-01,EC35,31.3081776,120.6038207,199.9,BUSY,M-P-001,V1
767,767,L-UAV-01,AMZN,31.2994507,120.5970747,100.0,BUSY,M-L-001,V2
767,767,M-UAV-01,M600,31.3108767,120.6039862,30.5,AVAILABLE,,
767,767,M-UAV-02,M600,31.3062683,120.6025389,30.5,CONTINGENCY,,
768,768,EVTOL-01,EC35,31.3085403,120.6038430,199.9,BUSY,M-P-001,V1
768,768,L-UAV-01,AMZN,31.2993315,120.5969993,100.0,BUSY,M-L-001,V2
768,768,M-UAV-01,M600,31.3108767,120.6039862,30.5,AVAILABLE,,
768,768,M-UAV-02,M600,31.3062683,120.6025389,30.5,CONTINGENCY,,
769,769,EVTOL-01,EC35,31.3089030,120.6038652,199.9,BUSY,M-P-001,V1
769,769,L-UAV-01,AMZN,31.2992123,120.5969238,100.0,BUSY,M-L-001,V2
769,769,M-UAV-01,M600,31.3108767,120.6039862,30.5,AVAILABLE,,
769,769,M-UAV-02,M600,31.3062683,120.6025389,30.5,CONTINGENCY,,
770,770,EVTOL-01,EC35,31.3092657,120.6038874,199.9,BUSY,M-P-001,V1
770,770,L-UAV-01,AMZN,31.2990930,120.5968484,100.0,BUSY,M-L-001,V2
770,770,M-UAV-01,M600,31.3108767,120.6039862,30.5,AVAILABLE,,
770,770,M-UAV-02,M600,31.3062683,120.6025389,30.5,CONTINGENCY,,
771,771,EVTOL-01,EC35,31.3096283,120.6039096,199.9,BUSY,M-P-001,V1
771,771,L-UAV-01,AMZN,31.2989738,120.5967729,100.0,BUSY,M-L-001,V2
771,771,M-UAV-01,M600,31.3108767,120.6039862,30.5,AVAILABLE,,
771,771,M-UAV-02,M600,31.3062683,120.6025389,30.5,CONTINGENCY,,
772,772,EVTOL-01,EC35,31.3099910,120.6039319,199.9,BUSY,M-P-001,V2
772,772,L-UAV-01,AMZN,31.2988546,120.5966974,100.0,BUSY,M-L-001,V2
772,772,M-UAV-01,M600,31.3108767,120.6039862,30.5,AVAILABLE,,
772,772,M-UAV-02,M600,31.3062683,120.6025389,30.5,CONTINGENCY,,
773,773,EVTOL-01,EC35,31.3103536,120.6039060,199.9,BUSY,M-P-001,V2
773,773,L-UAV-01,AMZN,31.2987353,120.5966220,100.0,BUSY,M-L-001,V2
773,773,M-UAV-01,M600,31.3108767,120.6039862,30.5,AVAILABLE,,
773,773,M-UAV-02,M600,31.3062683,120.6025389,30.5,CONTINGENCY,,
774,774,EVTOL-01,EC35,31.3107113,120.6038323,199.9,BUSY,M-P-001,V2
774,774,L-UAV-01,AMZN,31.2986161,120.5965465,100.0,BUSY,M-L-001,V2
774,774,M-UAV-01,M600,31.3108767,120.6039862,30.5,AVAILABLE,,
774,774,M-UAV-02,M600,31.3062683,120.6025389,30.5,CONTINGENCY,,
775,775,EVTOL-01,EC35,31.3110595,120.6037118,199.9,BUSY,M-P-001,V2
775,775,L-UAV-01,AMZN,31.2984969,120.5964711,100.0,BUSY,M-L-001,V2
775,775,M-UAV-01,M600,31.3108767,120.6039862,30.5,AVAILABLE,,
775,775,M-UAV-02,M600,31.3062683,120.6025389,30.5,CONTINGENCY,,
776,776,EVTOL-01,EC35,31.3113940,120.6035461,199.9,BUSY,M-P-001,V2
776,776,L-UAV-01,AMZN,31.2983777,120.5963956,100.0,BUSY,M-L-001,V2
776,776,M-UAV-01,M600,31.3108767,120.6039862,30.5,AVAILABLE,,
776,776,M-UAV-02,M600,31.3062683,120.6025389,30.5,CONTINGENCY,,
777,777,EVTOL-01,EC35,31.3117103,120.6033371,199.9,BUSY,M-P-001,V2
777,777,L-UAV-01,AMZN,31.2982584,120.5963202,100.0,BUSY,M-L-001,V2
777,777,M-UAV-01,M600,31.3108767,120.6039862,30.5,AVAILABLE,,
777,777,M-UAV-02,M600,31.3062683,120.6025389,30.5,CONTINGENCY,,
778,778,EVTOL-01,EC35,31.3120044,120.6030877,199.9,BUSY,M-P-001,V2
778,778,L-UAV-01,AMZN,31.2981392,120.5962447,100.0,BUSY,M-L-001,V2
778,778,M-UAV-01,M600,31.3108767,120.6039862,30.5,AVAILABLE,,
778,778,M-UAV-02,M600,31.3062683,120.6025389,30.5,CONTINGENCY,,
779,779,EVTOL-01,EC35,31.3122725,120.6028009,199.9,BUSY,M-P-001,V2
779,779,L-UAV-01,AMZN,31.2980200,120.5961692,100.0,BUSY,M-L-001,V2
779,779,M-UAV-01,M600,31.3108767,120.6039862,30.5,AVAILABLE,,
779,779,M-UAV-02,M600,31.3062683,120.6025389,30.5,CONTINGENCY,,
780,780,EVTOL-01,EC35,31.3125112,120.6024805,199.9,BUSY,M-P-001,V2
780,780,L-UAV-01,AMZN,31.2979007,120.5960938,100.0,BUSY,M-L-001,V3
780,780,M-UAV-01,M600,31.3108767,120.6039862,30.5,AVAILABLE,,
780,780,M-UAV-02,M600,31.3062683,120.6025389,30.5,CONTINGENCY,,
781,781,EVTOL-01,EC35,31.3127175,120.6021306,199.9,BUSY,M-P-001,V2
781,781,L-UAV-01,AMZN,31.2977677,120.5960635,100.0,BUSY,M-L-001,V3
781,781,M-UAV-01,M600,31.3108767,120.6039862,30.5,AVAILABLE,,
781,781,M-UAV-02,M600,31.3062683,120.6025389,30.5,CONTINGENCY,,
782,782,EVTOL-01,EC35,31.3128887,120.6017557,199.9,BUSY,M-P-001,V2
782,782,L-UAV-01,AMZN,31.2976330,120.5960810,100.0,BUSY,M-L-001,V3
782,782,M-UAV-01,M600,31.3108767,120.6039862,30.5,AVAILABLE,,
782,782,M-UAV-02,M600,31.3062683,120.6025389,30.5,CONTINGENCY,,
783,783,EVTOL-01,EC35,31.3130226,120.6013605,199.9,BUSY,M-P-001,V2
783,783,L-UAV-01,AMZN,31.2975089,120.5961449,100.0,BUSY,M-L-001,V3
783,783,M-UAV-01,M600,31.3108767,120.6039862,30.5,AVAILABLE,,
783,783,M-UAV-02,M600,31.3062683,120.6025389,30.5,CONTINGENCY,,
784,784,EVTOL-01,EC35,31.3131174,120.6009502,199.9,BUSY,M-P-001,V2
784,784,L-UAV-01,AMZN,31.2974068,120.5962493,100.0,BUSY,M-L-001,V3
784,784,M-UAV-01,M600,31.3108767,120.6039862,30.5,AVAILABLE,,
784,784,M-UAV-02,M600,31.3062683,120.6025389,30.5,CONTINGENCY,,
785,785,EVTOL-01,EC35,31.3131721,120.6005299,199.9,BUSY,M-P-001,V2
785,785,L-UAV-01,AMZN,31.2973360,120.5963846,100.0,BUSY,M-L-001,V3
785,785,M-UAV-01,M600,31.3108767,120.6039862,30.5,AVAILABLE,,
785,785,M-UAV-02,M600,31.3062683,120.6025389,30.5,CONTINGENCY,,
786,786,EVTOL-01,EC35,31.3131858,120.6001051,199.9,BUSY,M-P-001,V2
786,786,L-UAV-01,AMZN,31.2973030,120.5965384,100.0,BUSY,M-L-001,V3
786,786,M-UAV-01,M600,31.3108767,120.6039862,30.5,AVAILABLE,,
786,786,M-UAV-02,M600,31.3062683,120.6025389,30.5,CONTINGENCY,,
787,787,EVTOL-01,EC35,31.3131585,120.5996812,199.9,BUSY,M-P-001,V2
787,787,L-UAV-01,AMZN,31.2973108,120.5966968,100.0,BUSY,M-L-001,V3
787,787,M-UAV-01,M600,31.3108767,120.6039862,30.5,AVAILABLE,,
787,787,M-UAV-02,M600,31.3062683,120.6025389,30.5,CONTINGENCY,,
788,788,EVTOL-01,EC35,31.3130904,120.5992636,199.9,BUSY,M-P-001,V2
788,788,L-UAV-01,AMZN,31.2973586,120.5968452,100.0,BUSY,M-L-001,V3
788,788,M-UAV-01,M600,31.3108767,120.6039862,30.5,AVAILABLE,,
788,788,M-UAV-02,M600,31.3062683,120.6025389,30.5,CONTINGENCY,,
789,789,EVTOL-01,EC35,31.3129824,120.5988577,199.9,BUSY,M-P-001,V2
789,789,L-UAV-01,AMZN,31.2974421,120.5969701,100.0,BUSY,M-L-001,V3
789,789,M-UAV-01,M600,31.3108767,120.6039862,30.5,AVAILABLE,,
789,789,M-UAV-02,M600,31.3062683,120.6025389,30.5,CONTINGENCY,,
790,790,EVTOL-01,EC35,31.3128360,120.5984687,199.9,BUSY,M-P-001,V2
790,790,L-UAV-01,AMZN,31.2975538,120.5970601,100.0,BUSY,M-L-001,V3
790,790,M-UAV-01,M600,31.3108767,120.6039862,30.5,AVAILABLE,,
790,790,M-UAV-02,M600,31.3062683,120.6025389,30.5,CONTINGENCY,,
791,791,EVTOL-01,EC35,31.3126529,120.5981016,199.9,BUSY,M-P-001,V2
791,791,L-UAV-01,AMZN,31.2976730,120.5971356,100.0,BUSY,M-L-001,V3
791,791,M-UAV-01,M600,31.3108767,120.6039862,30.5,AVAILABLE,,
791,791,M-UAV-02,M600,31.3062683,120.6025389,30.5,CONTINGENCY,,
792,792,EVTOL-01,EC35,31.3124355,120.5977610,199.9,BUSY,M-P-001,V2
792,792,L-UAV-01,AMZN,31.2977922,120.5972110,100.0,BUSY,M-L-001,V3
792,792,M-UAV-01,M600,31.3108767,120.6039862,30.5,AVAILABLE,,
792,792,M-UAV-02,M600,31.3062683,120.6025389,30.5,CONTINGENCY,,
793,793,EVTOL-01,EC35,31.3121867,120.5974513,199.9,BUSY,M-P-001,V2
793,793,L-UAV-01,AMZN,31.2979114,120.5972865,100.0,BUSY,M-L-001,V3
793,793,M-UAV-01,M600,31.3108767,120.6039862,30.5,AVAILABLE,,
793,793,M-UAV-02,M600,31.3062683,120.6025389,30.5,CONTINGENCY,,
794,794,EVTOL-01,EC35,31.3119096,120.5971766,199.9,BUSY,M-P-001,V2
794,794,L-UAV-01,AMZN,31.2980307,120.5973619,100.0,BUSY,M-L-001,V3
794,794,M-UAV-01,M600,31.3108767,120.6039862,30.5,AVAILABLE,,
794,794,M-UAV-02,M600,31.3062683,120.6025389,30.5,CONTINGENCY,,
795,795,EVTOL-01,EC35,31.3116077,120.5969402,199.9,BUSY,M-P-001,V2
795,795,L-UAV-01,AMZN,31.2981499,120.5974374,100.0,BUSY,M-L-001,V3
795,795,M-UAV-01,M600,31.3108767,120.6039862,30.5,AVAILABLE,,
795,795,M-UAV-02,M600,31.3062683,120.6025389,30.5,CONTINGENCY,,
796,796,EVTOL-01,EC35,31.3112849,120.5967453,199.9,BUSY,M-P-001,V2
796,796,L-UAV-01,AMZN,31.2982691,120.5975129,100.0,BUSY,M-L-001,V3
796,796,M-UAV-01,M600,31.3108767,120.6039862,30.5,AVAILABLE,,
796,796,M-UAV-02,M600,31.3062683,120.6025389,30.5,CONTINGENCY,,
797,797,EVTOL-01,EC35,31.3109454,120.5965943,199.9,BUSY,M-P-001,V2
797,797,L-UAV-01,AMZN,31.2983884,120.5975883,100.0,BUSY,M-L-001,V3
797,797,M-UAV-01,M600,31.3108767,120.6039862,30.5,AVAILABLE,,
797,797,M-UAV-02,M600,31.3062683,120.6025389,30.5,CONTINGENCY,,
798,798,EVTOL-01,EC35,31.3105935,120.5964892,199.9,BUSY,M-P-001,V2
798,798,L-UAV-01,AMZN,31.2985076,120.5976638,100.0,BUSY,M-L-001,V3
798,798,M-UAV-01,M600,31.3108767,120.6039862,30.5,AVAILABLE,,
798,798,M-UAV-02,M600,31.3062683,120.6025389,30.5,CONTINGENCY,,
799,799,EVTOL-01,EC35,31.3102337,120.5964313,199.9,BUSY,M-P-001,V2
799,799,L-UAV-01,AMZN,31.2986268,120.5977392,100.0,BUSY,M-L-001,V3
799,799,M-UAV-01,M600,31.3108767,120.6039862,30.5,AVAILABLE,,
799,799,M-UAV-02,M600,31.3062683,120.6025389,30.5,CONTINGENCY,,
800,800,EVTOL-01,EC35,31.3098710,120.5964092,199.9,BUSY,M-P-001,V2
800,800,L-UAV-01,AMZN,31.2987461,120.5978147,100.0,BUSY,M-L-001,V3
800,800,M-UAV-01,M600,31.3108767,120.6039862,30.5,AVAILABLE,,
800,800,M-UAV-02,M600,31.3062683,120.6025389,30.5,CONTINGENCY,,
801,801,EVTOL-01,EC35,31.3095083,120.5963870,199.9,BUSY,M-P-001,V2
801,801,L-UAV-01,AMZN,31.2988653,120.5978902,100.0,BUSY,M-L-001,V3
801,801,M-UAV-01,M600,31.3108767,120.6039862,30.5,AVAILABLE,,
801,801,M-UAV-02,M600,31.3062683,120.6025389,30.5,CONTINGENCY,,
802,802,EVTOL-01,EC35,31.3091456,120.5963648,199.9,BUSY,M-P-001,V2
802,802,L-UAV-01,AMZN,31.2989845,120.5979656,100.0,BUSY,M-L-001,V3
802,802,M-UAV-01,M600,31.3108767,120.6039862,30.5,AVAILABLE,,
802,802,M-UAV-02,M600,31.3062683,120.6025389,30.5,CONTINGENCY,,
803,803,EVTOL-01,EC35,31.3087829,120.5963426,199.9,BUSY,M-P-001,V2
803,803,L-UAV-01,AMZN,31.2991037,120.5980411,100.0,BUSY,M-L-001,V3
803,803,M-UAV-01,M600,31.3108767,120.6039862,30.5,AVAILABLE,,
803,803,M-UAV-02,M600,31.3062683,120.6025389,30.5,CONTINGENCY,,
804,804,EVTOL-01,EC35,31.3084202,120.5963204,199.9,BUSY,M-P-001,V2
804,804,L-UAV-01,AMZN,31.2992230,120.5981165,100.0,BUSY,M-L-001,V3
804,804,M-UAV-01,M600,31.3108767,120.6039862,30.5,AVAILABLE,,
804,804,M-UAV-02,M600,31.3062683,120.6025389,30.5,CONTINGENCY,,
805,805,EVTOL-01,EC35,31.3080575,120.5962982,199.9,BUSY,M-P-001,V2
805,805,L-UAV-01,AMZN,31.2993422,120.5981920,100.0,BUSY,M-L-001,V3
805,805,M-UAV-01,M600,31.3108767,120.6039862,30.5,AVAILABLE,,
805,805,M-UAV-02,M600,31.3062683,120.6025389,30.5,CONTINGENCY,,
806,806,EVTOL-01,EC35,31.3076948,120.5962760,199.9,BUSY,M-P-001,V2
806,806,L-UAV-01,AMZN,31.2994614,120.5982675,100.0,BUSY,M-L-001,V3
806,806,M-UAV-01,M600,31.3108767,120.6039862,30.5,AVAILABLE,,
806,806,M-UAV-02,M600,31.3062683,120.6025389,30.5,CONTINGENCY,,
807,807,EVTOL-01,EC35,31.3073321,120.5962538,199.9,BUSY,M-P-001,V2
807,807,L-UAV-01,AMZN,31.2995807,120.5983429,100.0,BUSY,M-L-001,V3
807,807,M-UAV-01,M600,31.3108767,120.6039862,30.5,AVAILABLE,,
807,807,M-UAV-02,M600,31.3062683,120.6025389,30.5,CONTINGENCY,,
808,808,EVTOL-01,EC35,31.3069694,120.5962316,199.9,BUSY,M-P-001,V2
808,808,L-UAV-01,AMZN,31.2996999,120.5984184,100.0,BUSY,M-L-001,V3
808,808,M-UAV-01,M600,31.3108767,120.6039862,30.5,AVAILABLE,,
808,808,M-UAV-02,M600,31.3062683,120.6025389,30.5,CONTINGENCY,,
809,809,EVTOL-01,EC35,31.3066067,120.5962095,199.9,BUSY,M-P-001,V2
809,809,L-UAV-01,AMZN,31.2998191,120.5984938,100.0,BUSY,M-L-001,V3
809,809,M-UAV-01,M600,31.3108767,120.6039862,30.5,AVAILABLE,,
809,809,M-UAV-02,M600,31.3062683,120.6025389,30.5,CONTINGENCY,,
810,810,EVTOL-01,EC35,31.3062440,120.5961873,199.9,BUSY,M-P-001,V2
810,810,L-UAV-01,AMZN,31.2999383,120.5985693,100.0,BUSY,M-L-001,V3
810,810,M-UAV-01,M600,31.3108767,120.6039862,30.5,AVAILABLE,,
810,810,M-UAV-02,M600,31.3062683,120.6025389,30.5,CONTINGENCY,,
811,811,EVTOL-01,EC35,31.3058813,120.5961651,199.9,BUSY,M-P-001,V2
811,811,L-UAV-01,AMZN,31.3000576,120.5986448,100.0,BUSY,M-L-001,V3
811,811,M-UAV-01,M600,31.3108767,120.6039862,30.5,AVAILABLE,,
811,811,M-UAV-02,M600,31.3062683,120.6025389,30.5,CONTINGENCY,,
812,812,EVTOL-01,EC35,31.3055186,120.5961429,199.9,BUSY,M-P-001,V2
812,812,L-UAV-01,AMZN,31.3001768,120.5987202,100.0,BUSY,M-L-001,V3
812,812,M-UAV-01,M600,31.3108767,120.6039862,30.5,AVAILABLE,,
812,812,M-UAV-02,M600,31.3062683,120.6025389,30.5,CONTINGENCY,,
813,813,EVTOL-01,EC35,31.3051559,120.5961207,199.9,BUSY,M-P-001,V2
813,813,L-UAV-01,AMZN,31.3002960,120.5987957,100.0,BUSY,M-L-001,V3
813,813,M-UAV-01,M600,31.3108767,120.6039862,30.5,AVAILABLE,,
813,813,M-UAV-02,M600,31.3062683,120.6025389,30.5,CONTINGENCY,,
814,814,EVTOL-01,EC35,31.3047933,120.5960985,199.9,BUSY,M-P-001,V2
814,814,L-UAV-01,AMZN,31.3004153,120.5988711,100.0,BUSY,M-L-001,V3
814,814,M-UAV-01,M600,31.3108767,120.6039862,30.5,AVAILABLE,,
814,814,M-UAV-02,M600,31.3062683,120.6025389,30.5,CONTINGENCY,,
815,815,EVTOL-01,EC35,31.3044306,120.5960763,199.9,BUSY,M-P-001,V2
815,815,L-UAV-01,AMZN,31.3005345,120.5989466,100.0,BUSY,M-L-001,V3
815,815,M-UAV-01,M600,31.3108767,120.6039862,30.5,AVAILABLE,,
815,815,M-UAV-02,M600,31.3062683,120.6025389,30.5,CONTINGENCY,,
816,816,EVTOL-01,EC35,31.3040679,120.5960541,199.9,BUSY,M-P-001,V2
816,816,L-UAV-01,AMZN,31.3006537,120.5990221,100.0,BUSY,M-L-001,V3
816,816,M-UAV-01,M600,31.3108767,120.6039862,30.5,AVAILABLE,,
816,816,M-UAV-02,M600,31.3062683,120.6025389,30.5,CONTINGENCY,,
817,817,EVTOL-01,EC35,31.3037052,120.5960320,199.9,BUSY,M-P-001,V2
817,817,L-UAV-01,AMZN,31.3007730,120.5990975,100.0,BUSY,M-L-001,V3
817,817,M-UAV-01,M600,31.3108767,120.6039862,30.5,AVAILABLE,,
817,817,M-UAV-02,M600,31.3062683,120.6025389,30.5,CONTINGENCY,,
818,818,EVTOL-01,EC35,31.3033425,120.5960098,199.9,BUSY,M-P-001,V2
818,818,L-UAV-01,AMZN,31.3008922,120.5991730,100.0,BUSY,M-L-001,V3
818,818,M-UAV-01,M600,31.3108767,120.6039862,30.5,AVAILABLE,,
818,818,M-UAV-02,M600,31.3062683,120.6025389,30.5,CONTINGENCY,,
819,819,EVTOL-01,EC35,31.3029798,120.5959876,199.9,BUSY,M-P-001,V2
819,819,L-UAV-01,AMZN,31.3010114,120.5992484,100.0,BUSY,M-L-001,V3
819,819,M-UAV-01,M600,31.3108767,120.6039862,30.5,AVAILABLE,,
819,819,M-UAV-02,M600,31.3062683,120.6025389,30.5,CONTINGENCY,,
820,820,EVTOL-01,EC35,31.3026171,120.5959654,199.9,BUSY,M-P-001,V2
820,820,L-UAV-01,AMZN,31.3011306,120.5993239,100.0,BUSY,M-L-001,V3
820,820,M-UAV-01,M600,31.3108767,120.6039862,30.5,AVAILABLE,,
820,820,M-UAV-02,M600,31.3062683,120.6025389,30.5,CONTINGENCY,,
821,821,EVTOL-01,EC35,31.3022544,120.5959432,199.9,BUSY,M-P-001,V2
821,821,L-UAV-01,AMZN,31.3012499,120.5993994,100.0,BUSY,M-L-001,V3
821,821,M-UAV-01,M600,31.3108767,120.6039862,30.5,AVAILABLE,,
821,821,M-UAV-02,M600,31.3062683,120.6025389,30.5,CONTINGENCY,,
822,822,EVTOL-01,EC35,31.3018917,120.5959210,199.9,BUSY,M-P-001,V2
822,822,L-UAV-01,AMZN,31.3013691,120.5994748,100.0,BUSY,M-L-001,V3
822,822,M-UAV-01,M600,31.3108767,120.6039862,30.5,AVAILABLE,,
822,822,M-UAV-02,M600,31.3062683,120.6025389,30.5,CONTINGENCY,,
823,823,EVTOL-01,EC35,31.3015290,120.5958988,199.9,BUSY,M-P-001,V2
823,823,L-UAV-01,AMZN,31.3014883,120.5995503,100.0,BUSY,M-L-001,V3
823,823,M-UAV-01,M600,31.3108767,120.6039862,30.5,AVAILABLE,,
823,823,M-UAV-02,M600,31.3062683,120.6025389,30.5,CONTINGENCY,,
824,824,EVTOL-01,EC35,31.3011663,120.5958767,199.9,BUSY,M-P-001,V2
824,824,L-UAV-01,AMZN,31.3016076,120.5996258,100.0,BUSY,M-L-001,V3
824,824,M-UAV-01,M600,31.3108767,120.6039862,30.5,AVAILABLE,,
824,824,M-UAV-02,M600,31.3062683,120.6025389,30.5,CONTINGENCY,,
825,825,EVTOL-01,EC35,31.3008036,120.5958545,199.9,BUSY,M-P-001,V2
825,825,L-UAV-01,AMZN,31.3017268,120.5997012,100.0,BUSY,M-L-001,V3
825,825,M-UAV-01,M600,31.3108767,120.6039862,30.5,AVAILABLE,,
825,825,M-UAV-02,M600,31.3062683,120.6025389,30.5,CONTINGENCY,,
826,826,EVTOL-01,EC35,31.3004409,120.5958323,199.9,BUSY,M-P-001,V2
826,826,L-UAV-01,AMZN,31.3018460,120.5997767,100.0,BUSY,M-L-001,V3
826,826,M-UAV-01,M600,31.3108767,120.6039862,30.5,AVAILABLE,,
826,826,M-UAV-02,M600,31.3062683,120.6025389,30.5,CONTINGENCY,,
827,827,EVTOL-01,EC35,31.3000782,120.5958101,199.9,BUSY,M-P-001,V2
827,827,L-UAV-01,AMZN,31.3019652,120.5998521,100.0,BUSY,M-L-001,V3
827,827,M-UAV-01,M600,31.3108767,120.6039862,30.5,AVAILABLE,,
827,827,M-UAV-02,M600,31.3062683,120.6025389,30.5,CONTINGENCY,,
828,828,EVTOL-01,EC35,31.2997155,120.5957879,199.9,BUSY,M-P-001,V2
828,828,L-UAV-01,AMZN,31.3020845,120.5999276,100.0,BUSY,M-L-001,V3
828,828,M-UAV-01,M600,31.3108767,120.6039862,30.5,AVAILABLE,,
828,828,M-UAV-02,M600,31.3062683,120.6025389,30.5,CONTINGENCY,,
829,829,EVTOL-01,EC35,31.2993528,120.5957657,199.9,BUSY,M-P-001,V2
829,829,L-UAV-01,AMZN,31.3022037,120.6000031,100.0,BUSY,M-L-001,V3
829,829,M-UAV-01,M600,31.3108767,120.6039862,30.5,AVAILABLE,,
829,829,M-UAV-02,M600,31.3062683,120.6025389,30.5,CONTINGENCY,,
830,830,EVTOL-01,EC35,31.2989901,120.5957436,199.9,BUSY,M-P-001,V2
830,830,L-UAV-01,AMZN,31.3023229,120.6000785,100.0,BUSY,M-L-001,V3
830,830,M-UAV-01,M600,31.3108767,120.6039862,30.5,AVAILABLE,,
830,830,M-UAV-02,M600,31.3062683,120.6025389,30.5,CONTINGENCY,,
831,831,EVTOL-01,EC35,31.2986274,120.5957214,199.9,BUSY,M-P-001,V2
831,831,L-UAV-01,AMZN,31.3024422,120.6001540,100.0,BUSY,M-L-001,V3
831,831,M-UAV-01,M600,31.3108767,120.6039862,30.5,AVAILABLE,,
831,831,M-UAV-02,M600,31.3062683,120.6025389,30.5,CONTINGENCY,,
832,832,EVTOL-01,EC35,31.2982647,120.5956992,199.9,BUSY,M-P-001,V2
832,832,L-UAV-01,AMZN,31.3025614,120.6002295,100.0,BUSY,M-L-001,V3
832,832,M-UAV-01,M600,31.3108767,120.6039862,30.5,AVAILABLE,,
832,832,M-UAV-02,M600,31.3062683,120.6025389,30.5,CONTINGENCY,,
833,833,EVTOL-01,EC35,31.2979020,120.5956770,199.9,BUSY,M-P-001,V1
833,833,L-UAV-01,AMZN,31.3026806,120.6003049,100.0,BUSY,M-L-001,V3
833,833,M-UAV-01,M600,31.3108767,120.6039862,30.5,AVAILABLE,,
833,833,M-UAV-02,M600,31.3062683,120.6025389,30.5,CONTINGENCY,,
834,834,EVTOL-01,EC35,31.2975395,120.5957029,199.9,BUSY,M-P-001,V1
834,834,L-UAV-01,AMZN,31.3027998,120.6003804,100.0,BUSY,M-L-001,V3
834,834,M-UAV-01,M600,31.3108767,120.6039862,30.5,AVAILABLE,,
834,834,M-UAV-02,M600,31.3062683,120.6025389,30.5,CONTINGENCY,,
835,835,EVTOL-01,EC35,31.2971818,120.5957766,199.9,BUSY,M-P-001,V1
835,835,L-UAV-01,AMZN,31.3029191,120.6004559,100.0,BUSY,M-L-001,V3
835,835,M-UAV-01,M600,31.3108767,120.6039862,30.5,AVAILABLE,,
835,835,M-UAV-02,M600,31.3062683,120.6025389,30.5,CONTINGENCY,,
836,836,EVTOL-01,EC35,31.2968336,120.5958971,199.9,BUSY,M-P-001,V1
836,836,L-UAV-01,AMZN,31.3030383,120.6005313,100.0,BUSY,M-L-001,V3
836,836,M-UAV-01,M600,31.3108767,120.6039862,30.5,AVAILABLE,,
836,836,M-UAV-02,M600,31.3062683,120.6025389,30.5,CONTINGENCY,,
837,837,EVTOL-01,EC35,31.2964991,120.5960629,199.9,BUSY,M-P-001,V1
837,837,L-UAV-01,AMZN,31.3031575,120.6006068,100.0,BUSY,M-L-001,V3
837,837,M-UAV-01,M600,31.3108767,120.6039862,30.5,AVAILABLE,,
837,837,M-UAV-02,M600,31.3062683,120.6025389,30.5,CONTINGENCY,,
838,838,EVTOL-01,EC35,31.2961829,120.5962719,199.9,BUSY,M-P-001,V1
838,838,L-UAV-01,AMZN,31.3032768,120.6006823,100.0,BUSY,M-L-001,V3
838,838,M-UAV-01,M600,31.3108767,120.6039862,30.5,AVAILABLE,,
838,838,M-UAV-02,M600,31.3062683,120.6025389,30.5,CONTINGENCY,,
839,839,EVTOL-01,EC35,31.2958888,120.5965213,199.9,BUSY,M-P-001,V1
839,839,L-UAV-01,AMZN,31.3033960,120.6007577,100.0,BUSY,M-L-001,V3
839,839,M-UAV-01,M600,31.3108767,120.6039862,30.5,AVAILABLE,,
839,839,M-UAV-02,M600,31.3062683,120.6025389,30.5,CONTINGENCY,,
840,840,EVTOL-01,EC35,31.2956207,120.5968081,199.9,BUSY,M-P-001,V1
840,840,L-UAV-01,AMZN,31.3035152,120.6008332,100.0,BUSY,M-L-001,V3
840,840,M-UAV-01,M600,31.3108767,120.6039862,30.5,AVAILABLE,,
840,840,M-UAV-02,M600,31.3062683,120.6025389,30.5,CONTINGENCY,,
841,841,EVTOL-01,EC35,31.2953820,120.5971284,199.9,BUSY,M-P-001,V1
841,841,L-UAV-01,AMZN,31.3036344,120.6009087,100.0,BUSY,M-L-001,V3
841,841,M-UAV-01,M600,31.3108767,120.6039862,30.5,AVAILABLE,,
841,841,M-UAV-02,M600,31.3062683,120.6025389,30.5,CONTINGENCY,,
842,842,EVTOL-01,EC35,31.2951757,120.5974782,199.9,BUSY,M-P-001,V1
842,842,L-UAV-01,AMZN,31.3037537,120.6009841,100.0,BUSY,M-L-001,V3
842,842,M-UAV-01,M600,31.3108767,120.6039862,30.5,AVAILABLE,,
842,842,M-UAV-02,M600,31.3062683,120.6025389,30.5,CONTINGENCY,,
843,843,EVTOL-01,EC35,31.2950046,120.5978531,199.9,BUSY,M-P-001,V1
843,843,L-UAV-01,AMZN,31.3038729,120.6010596,100.0,BUSY,M-L-001,V3
843,843,M-UAV-01,M600,31.3108767,120.6039862,30.5,AVAILABLE,,
843,843,M-UAV-02,M600,31.3062683,120.6025389,30.5,CONTINGENCY,,
844,844,EVTOL-01,EC35,31.2948707,120.5982482,199.9,BUSY,M-P-001,V1
844,844,L-UAV-01,AMZN,31.3039921,120.6011351,100.0,BUSY,M-L-001,V3
844,844,M-UAV-01,M600,31.3108767,120.6039862,30.5,AVAILABLE,,
844,844,M-UAV-02,M600,31.3062683,120.6025389,30.5,CONTINGENCY,,
845,845,EVTOL-01,EC35,31.2947759,120.5986585,199.9,BUSY,M-P-001,V1
845,845,L-UAV-01,AMZN,31.3041114,120.6012105,100.0,BUSY,M-L-001,V3
845,845,M-UAV-01,M600,31.3108767,120.6039862,30.5,AVAILABLE,,
845,845,M-UAV-02,M600,31.3062683,120.6025389,30.5,CONTINGENCY,,
846,846,EVTOL-01,EC35,31.2947213,120.5990787,199.9,BUSY,M-P-001,V1
846,846,L-UAV-01,AMZN,31.3042306,120.6012860,100.0,BUSY,M-L-001,V3
846,846,M-UAV-01,M600,31.3108767,120.6039862,30.5,AVAILABLE,,
846,846,M-UAV-02,M600,31.3062683,120.6025389,30.5,CONTINGENCY,,
847,847,EVTOL-01,EC35,31.2947076,120.5995034,199.9,BUSY,M-P-001,V1
847,847,L-UAV-01,AMZN,31.3043498,120.6013615,100.0,BUSY,M-L-001,V3
847,847,M-UAV-01,M600,31.3108767,120.6039862,30.5,AVAILABLE,,
847,847,M-UAV-02,M600,31.3062683,120.6025389,30.5,CONTINGENCY,,
848,848,EVTOL-01,EC35,31.2947350,120.5999273,199.9,BUSY,M-P-001,V1
848,848,L-UAV-01,AMZN,31.3044690,120.6014369,100.0,BUSY,M-L-001,V3
848,848,M-UAV-01,M600,31.3108767,120.6039862,30.5,AVAILABLE,,
848,848,M-UAV-02,M600,31.3062683,120.6025389,30.5,CONTINGENCY,,
849,849,EVTOL-01,EC35,31.2948031,120.6003447,199.9,BUSY,M-P-001,V1
849,849,L-UAV-01,AMZN,31.3045883,120.6015124,100.0,BUSY,M-L-001,V3
849,849,M-UAV-01,M600,31.3108767,120.6039862,30.5,AVAILABLE,,
849,849,M-UAV-02,M600,31.3062683,120.6025389,30.5,CONTINGENCY,,
850,850,EVTOL-01,EC35,31.2949111,120.6007505,199.9,BUSY,M-P-001,V1
850,850,L-UAV-01,AMZN,31.3047075,120.6015879,100.0,BUSY,M-L-001,V3
850,850,M-UAV-01,M600,31.3108767,120.6039862,30.5,AVAILABLE,,
850,850,M-UAV-02,M600,31.3062683,120.6025389,30.5,CONTINGENCY,,
851,851,EVTOL-01,EC35,31.2950576,120.6011395,199.9,BUSY,M-P-001,V1
851,851,L-UAV-01,AMZN,31.3048267,120.6016633,100.0,BUSY,M-L-001,V3
851,851,M-UAV-01,M600,31.3108767,120.6039862,30.5,AVAILABLE,,
851,851,M-UAV-02,M600,31.3062683,120.6025389,30.5,CONTINGENCY,,
852,852,EVTOL-01,EC35,31.2952407,120.6015065,199.9,BUSY,M-P-001,V1
852,852,L-UAV-01,AMZN,31.3049459,120.6017388,100.0,BUSY,M-L-001,V3
852,852,M-UAV-01,M600,31.3108767,120.6039862,30.5,AVAILABLE,,
852,852,M-UAV-02,M600,31.3062683,120.6025389,30.5,CONTINGENCY,,
853,853,EVTOL-01,EC35,31.2954581,120.6018470,199.9,BUSY,M-P-001,V1
853,853,L-UAV-01,AMZN,31.3050652,120.6018143,100.0,BUSY,M-L-001,V3
853,853,M-UAV-01,M600,31.3108767,120.6039862,30.5,AVAILABLE,,
853,853,M-UAV-02,M600,31.3062683,120.6025389,30.5,CONTINGENCY,,
854,854,EVTOL-01,EC35,31.2957069,120.6021566,199.9,BUSY,M-P-001,V1
854,854,L-UAV-01,AMZN,31.3051844,120.6018897,100.0,BUSY,M-L-001,V3
854,854,M-UAV-01,M600,31.3108767,120.6039862,30.5,AVAILABLE,,
854,854,M-UAV-02,M600,31.3062683,120.6025389,30.5,CONTINGENCY,,
855,855,EVTOL-01,EC35,31.2959841,120.6024313,199.9,BUSY,M-P-001,V1
855,855,L-UAV-01,AMZN,31.3053036,120.6019652,100.0,BUSY,M-L-001,V3
855,855,M-UAV-01,M600,31.3108767,120.6039862,30.5,AVAILABLE,,
855,855,M-UAV-02,M600,31.3062683,120.6025389,30.5,CONTINGENCY,,
856,856,EVTOL-01,EC35,31.2962860,120.6026676,199.9,BUSY,M-P-001,V1
856,856,L-UAV-01,AMZN,31.3054229,120.6020407,100.0,BUSY,M-L-001,V3
856,856,M-UAV-01,M600,31.3108767,120.6039862,30.5,AVAILABLE,,
856,856,M-UAV-02,M600,31.3062683,120.6025389,30.5,CONTINGENCY,,
857,857,EVTOL-01,EC35,31.2966088,120.6028624,199.9,BUSY,M-P-001,V1
857,857,L-UAV-01,AMZN,31.3055421,120.6021161,100.0,BUSY,M-L-001,V3
857,857,M-UAV-01,M600,31.3108767,120.6039862,30.5,AVAILABLE,,
857,857,M-UAV-02,M600,31.3062683,120.6025389,30.5,CONTINGENCY,,
858,858,EVTOL-01,EC35,31.2969483,120.6030133,199.9,BUSY,M-P-001,V1
858,858,L-UAV-01,AMZN,31.3056613,120.6021916,100.0,BUSY,M-L-001,V3
858,858,M-UAV-01,M600,31.3108767,120.6039862,30.5,AVAILABLE,,
858,858,M-UAV-02,M600,31.3062683,120.6025389,30.5,CONTINGENCY,,
859,859,EVTOL-01,EC35,31.2973002,120.6031184,199.9,BUSY,M-P-001,V1
859,859,L-UAV-01,AMZN,31.3057805,120.6022671,100.0,BUSY,M-L-001,V2
859,859,M-UAV-01,M600,31.3108767,120.6039862,30.5,AVAILABLE,,
859,859,M-UAV-02,M600,31.3062683,120.6025389,30.5,CONTINGENCY,,
860,860,EVTOL-01,EC35,31.2976600,120.6031762,199.9,BUSY,M-P-001,V1
860,860,L-UAV-01,AMZN,31.3059136,120.6022974,100.0,BUSY,M-L-001,V2
860,860,M-UAV-01,M600,31.3108767,120.6039862,30.5,AVAILABLE,,
860,860,M-UAV-02,M600,31.3062683,120.6025389,30.5,CONTINGENCY,,
861,861,EVTOL-01,EC35,31.2980227,120.6031984,199.9,BUSY,M-P-001,V1
861,861,L-UAV-01,AMZN,31.3060483,120.6022798,100.0,BUSY,M-L-001,V2
861,861,M-UAV-01,M600,31.3108767,120.6039862,30.5,AVAILABLE,,
861,861,M-UAV-02,M600,31.3062683,120.6025389,30.5,CONTINGENCY,,
862,862,EVTOL-01,EC35,31.2983854,120.6032207,199.9,BUSY,M-P-001,V1
862,862,L-UAV-01,AMZN,31.3061724,120.6022160,100.0,BUSY,M-L-001,V2
862,862,M-UAV-01,M600,31.3108767,120.6039862,30.5,AVAILABLE,,
862,862,M-UAV-02,M600,31.3062683,120.6025389,30.5,CONTINGENCY,,
863,863,EVTOL-01,EC35,31.2987481,120.6032429,199.9,BUSY,M-P-001,V1
863,863,L-UAV-01,AMZN,31.3062745,120.6021116,100.0,BUSY,M-L-001,V2
863,863,M-UAV-01,M600,31.3108767,120.6039862,30.5,AVAILABLE,,
863,863,M-UAV-02,M600,31.3062683,120.6025389,30.5,CONTINGENCY,,
864,864,EVTOL-01,EC35,31.2991108,120.6032651,199.9,BUSY,M-P-001,V1
864,864,L-UAV-01,AMZN,31.3063453,120.6019763,100.0,BUSY,M-L-001,V2
864,864,M-UAV-01,M600,31.3108767,120.6039862,30.5,AVAILABLE,,
864,864,M-UAV-02,M600,31.3062683,120.6025389,30.5,CONTINGENCY,,
865,865,EVTOL-01,EC35,31.2994735,120.6032873,199.9,BUSY,M-P-001,V1
865,865,L-UAV-01,AMZN,31.3063783,120.6018225,100.0,BUSY,M-L-001,V2
865,865,M-UAV-01,M600,31.3108767,120.6039862,30.5,AVAILABLE,,
865,865,M-UAV-02,M600,31.3062683,120.6025389,30.5,CONTINGENCY,,
866,866,EVTOL-01,EC35,31.2998362,120.6033095,199.9,BUSY,M-P-001,V1
866,866,L-UAV-01,AMZN,31.3063705,120.6016641,100.0,BUSY,M-L-001,V2
866,866,M-UAV-01,M600,31.3108767,120.6039862,30.5,AVAILABLE,,
866,866,M-UAV-02,M600,31.3062683,120.6025389,30.5,CONTINGENCY,,
867,867,EVTOL-01,EC35,31.3001989,120.6033318,199.9,BUSY,M-P-001,V1
867,867,L-UAV-01,AMZN,31.3063227,120.6015156,100.0,BUSY,M-L-001,V2
867,867,M-UAV-01,M600,31.3108767,120.6039862,30.5,AVAILABLE,,
867,867,M-UAV-02,M600,31.3062683,120.6025389,30.5,CONTINGENCY,,
868,868,EVTOL-01,EC35,31.3005616,120.6033540,199.9,BUSY,M-P-001,V1
868,868,L-UAV-01,AMZN,31.3062392,120.6013907,100.0,BUSY,M-L-001,V2
868,868,M-UAV-01,M600,31.3108767,120.6039862,30.5,AVAILABLE,,
868,868,M-UAV-02,M600,31.3062683,120.6025389,30.5,CONTINGENCY,,
869,869,EVTOL-01,EC35,31.3009243,120.6033762,199.9,BUSY,M-P-001,V1
869,869,L-UAV-01,AMZN,31.3061276,120.6013007,100.0,BUSY,M-L-001,V2
869,869,M-UAV-01,M600,31.3108767,120.6039862,30.5,AVAILABLE,,
869,869,M-UAV-02,M600,31.3062683,120.6025389,30.5,CONTINGENCY,,
870,870,EVTOL-01,EC35,31.3012870,120.6033984,199.9,BUSY,M-P-001,V1
870,870,L-UAV-01,AMZN,31.3060083,120.6012252,100.0,BUSY,M-L-001,V2
870,870,M-UAV-01,M600,31.3108767,120.6039862,30.5,AVAILABLE,,
870,870,M-UAV-02,M600,31.3062683,120.6025389,30.5,CONTINGENCY,,
871,871,EVTOL-01,EC35,31.3016497,120.6034207,199.9,BUSY,M-P-001,V1
871,871,L-UAV-01,AMZN,31.3058891,120.6011497,100.0,BUSY,M-L-001,V2
871,871,M-UAV-01,M600,31.3108767,120.6039862,30.5,AVAILABLE,,
871,871,M-UAV-02,M600,31.3062683,120.6025389,30.5,CONTINGENCY,,
872,872,EVTOL-01,EC35,31.3020124,120.6034429,199.9,BUSY,M-P-001,V1
872,872,L-UAV-01,AMZN,31.3057699,120.6010743,100.0,BUSY,M-L-001,V2
872,872,M-UAV-01,M600,31.3108767,120.6039862,30.5,AVAILABLE,,
872,872,M-UAV-02,M600,31.3062683,120.6025389,30.5,CONTINGENCY,,
873,873,EVTOL-01,EC35,31.3023751,120.6034651,199.9,BUSY,M-P-001,V1
873,873,L-UAV-01,AMZN,31.3056506,120.6009988,100.0,BUSY,M-L-001,V2
873,873,M-UAV-01,M600,31.3108767,120.6039862,30.5,AVAILABLE,,
873,873,M-UAV-02,M600,31.3062683,120.6025389,30.5,CONTINGENCY,,
874,874,EVTOL-01,EC35,31.3027378,120.6034874,199.9,BUSY,M-P-001,V1
874,874,L-UAV-01,AMZN,31.3055314,120.6009233,100.0,BUSY,M-L-001,V2
874,874,M-UAV-01,M600,31.3108767,120.6039862,30.5,AVAILABLE,,
874,874,M-UAV-02,M600,31.3062683,120.6025389,30.5,CONTINGENCY,,
875,875,EVTOL-01,EC35,31.3031005,120.6035096,199.9,BUSY,M-P-001,V1
875,875,L-UAV-01,AMZN,31.3054122,120.6008479,100.0,BUSY,M-L-001,V2
875,875,M-UAV-01,M600,31.3108767,120.6039862,30.5,AVAILABLE,,
875,875,M-UAV-02,M600,31.3062683,120.6025389,30.5,CONTINGENCY,,
876,876,EVTOL-01,EC35,31.3034631,120.6035318,199.9,BUSY,M-P-001,V1
876,876,L-UAV-01,AMZN,31.3052930,120.6007724,100.0,BUSY,M-L-001,V2
876,876,M-UAV-01,M600,31.3108767,120.6039862,30.5,AVAILABLE,,
876,876,M-UAV-02,M600,31.3062683,120.6025389,30.5,CONTINGENCY,,
877,877,EVTOL-01,EC35,31.3038258,120.6035540,199.9,BUSY,M-P-001,V1
877,877,L-UAV-01,AMZN,31.3051737,120.6006969,100.0,BUSY,M-L-001,V2
877,877,M-UAV-01,M600,31.3108767,120.6039862,30.5,AVAILABLE,,
877,877,M-UAV-02,M600,31.3062683,120.6025389,30.5,CONTINGENCY,,
878,878,EVTOL-01,EC35,31.3041885,120.6035763,199.9,BUSY,M-P-001,V1
878,878,L-UAV-01,AMZN,31.3050545,120.6006215,100.0,BUSY,M-L-001,V2
878,878,M-UAV-01,M600,31.3108767,120.6039862,30.5,AVAILABLE,,
878,878,M-UAV-02,M600,31.3062683,120.6025389,30.5,CONTINGENCY,,
879,879,EVTOL-01,EC35,31.3045512,120.6035985,199.9,BUSY,M-P-001,V1
879,879,L-UAV-01,AMZN,31.3049353,120.6005460,100.0,BUSY,M-L-001,V2
879,879,M-UAV-01,M600,31.3108767,120.6039862,30.5,AVAILABLE,,
879,879,M-UAV-02,M600,31.3062683,120.6025389,30.5,CONTINGENCY,,
880,880,EVTOL-01,EC35,31.3049139,120.6036207,199.9,BUSY,M-P-001,V1
880,880,L-UAV-01,AMZN,31.3048161,120.6004705,100.0,BUSY,M-L-001,V2
880,880,M-UAV-01,M600,31.3108767,120.6039862,30.5,AVAILABLE,,
880,880,M-UAV-02,M600,31.3062683,120.6025389,30.5,CONTINGENCY,,
881,881,EVTOL-01,EC35,31.3052766,120.6036429,199.9,BUSY,M-P-001,V1
881,881,L-UAV-01,AMZN,31.3046968,120.6003951,100.0,BUSY,M-L-001,V2
881,881,M-UAV-01,M600,31.3108767,120.6039862,30.5,AVAILABLE,,
881,881,M-UAV-02,M600,31.3062683,120.6025389,30.5,CONTINGENCY,,
882,882,EVTOL-01,EC35,31.3056393,120.6036652,199.9,BUSY,M-P-001,V1
882,882,L-UAV-01,AMZN,31.3045776,120.6003196,100.0,BUSY,M-L-001,V2
882,882,M-UAV-01,M600,31.3108767,120.6039862,30.5,AVAILABLE,,
882,882,M-UAV-02,M600,31.3062683,120.6025389,30.5,CONTINGENCY,,
883,883,EVTOL-01,EC35,31.3060020,120.6036874,199.9,BUSY,M-P-001,V1
883,883,L-UAV-01,AMZN,31.3044584,120.6002441,100.0,BUSY,M-L-001,V2
883,883,M-UAV-01,M600,31.3108767,120.6039862,30.5,AVAILABLE,,
883,883,M-UAV-02,M600,31.3062683,120.6025389,30.5,CONTINGENCY,,
884,884,EVTOL-01,EC35,31.3063647,120.6037096,199.9,BUSY,M-P-001,V1
884,884,L-UAV-01,AMZN,31.3043391,120.6001687,100.0,BUSY,M-L-001,V2
884,884,M-UAV-01,M600,31.3108767,120.6039862,30.5,AVAILABLE,,
884,884,M-UAV-02,M600,31.3062683,120.6025389,30.5,CONTINGENCY,,
885,885,EVTOL-01,EC35,31.3067274,120.6037318,199.9,BUSY,M-P-001,V1
885,885,L-UAV-01,AMZN,31.3042199,120.6000932,100.0,BUSY,M-L-001,V2
885,885,M-UAV-01,M600,31.3108767,120.6039862,30.5,AVAILABLE,,
885,885,M-UAV-02,M600,31.3062683,120.6025389,30.5,CONTINGENCY,,
886,886,EVTOL-01,EC35,31.3070901,120.6037541,199.9,BUSY,M-P-001,V1
886,886,L-UAV-01,AMZN,31.3041007,120.6000177,100.0,BUSY,M-L-001,V2
886,886,M-UAV-01,M600,31.3108767,120.6039862,30.5,AVAILABLE,,
886,886,M-UAV-02,M600,31.3062683,120.6025389,30.5,CONTINGENCY,,
887,887,EVTOL-01,EC35,31.3074528,120.6037763,199.9,BUSY,M-P-001,V1
887,887,L-UAV-01,AMZN,31.3039815,120.5999423,100.0,BUSY,M-L-001,V2
887,887,M-UAV-01,M600,31.3108767,120.6039862,30.5,AVAILABLE,,
887,887,M-UAV-02,M600,31.3062683,120.6025389,30.5,CONTINGENCY,,
888,888,EVTOL-01,EC35,31.3078155,120.6037985,199.9,BUSY,M-P-001,V1
888,888,L-UAV-01,AMZN,31.3038622,120.5998668,100.0,BUSY,M-L-001,V2
888,888,M-UAV-01,M600,31.3108767,120.6039862,30.5,AVAILABLE,,
888,888,M-UAV-02,M600,31.3062683,120.6025389,30.5,CONTINGENCY,,
889,889,EVTOL-01,EC35,31.3081782,120.6038208,199.9,BUSY,M-P-001,V1
889,889,L-UAV-01,AMZN,31.3037430,120.5997913,100.0,BUSY,M-L-001,V2
889,889,M-UAV-01,M600,31.3108767,120.6039862,30.5,AVAILABLE,,
889,889,M-UAV-02,M600,31.3062683,120.6025389,30.5,CONTINGENCY,,
890,890,EVTOL-01,EC35,31.3085409,120.6038430,199.9,BUSY,M-P-001,V1
890,890,L-UAV-01,AMZN,31.3036238,120.5997159,100.0,BUSY,M-L-001,V2
890,890,M-UAV-01,M600,31.3108767,120.6039862,30.5,AVAILABLE,,
890,890,M-UAV-02,M600,31.3062683,120.6025389,30.5,CONTINGENCY,,
891,891,EVTOL-01,EC35,31.3089035,120.6038652,199.9,BUSY,M-P-001,V1
891,891,L-UAV-01,AMZN,31.3035045,120.5996404,100.0,BUSY,M-L-001,V2
891,891,M-UAV-01,M600,31.3108767,120.6039862,30.5,AVAILABLE,,
891,891,M-UAV-02,M600,31.3062683,120.6025389,30.5,CONTINGENCY,,
892,892,EVTOL-01,EC35,31.3092662,120.6038874,199.9,BUSY,M-P-001,V1
892,892,L-UAV-01,AMZN,31.3033853,120.5995650,100.0,BUSY,M-L-001,V2
892,892,M-UAV-01,M600,31.3108767,120.6039862,30.5,AVAILABLE,,
892,892,M-UAV-02,M600,31.3062683,120.6025389,30.5,CONTINGENCY,,
893,893,EVTOL-01,EC35,31.3096289,120.6039097,199.9,BUSY,M-P-001,V1
893,893,L-UAV-01,AMZN,31.3032661,120.5994895,100.0,BUSY,M-L-001,V2
893,893,M-UAV-01,M600,31.3108767,120.6039862,30.5,AVAILABLE,,
893,893,M-UAV-02,M600,31.3062683,120.6025389,30.5,CONTINGENCY,,
894,894,EVTOL-01,EC35,31.3099916,120.6039319,199.9,BUSY,M-P-001,V2
894,894,L-UAV-01,AMZN,31.3031469,120.5994140,100.0,BUSY,M-L-001,V2
894,894,M-UAV-01,M600,31.3108767,120.6039862,30.5,AVAILABLE,,
894,894,M-UAV-02,M600,31.3062683,120.6025389,30.5,CONTINGENCY,,
895,895,EVTOL-01,EC35,31.3103541,120.6039060,199.9,BUSY,M-P-001,V2
895,895,L-UAV-01,AMZN,31.3030276,120.5993386,100.0,BUSY,M-L-001,V2
895,895,M-UAV-01,M600,31.3108767,120.6039862,30.5,AVAILABLE,,
895,895,M-UAV-02,M600,31.3062683,120.6025389,30.5,CONTINGENCY,,
896,896,EVTOL-01,EC35,31.3107118,120.6038324,199.9,BUSY,M-P-001,V2
896,896,L-UAV-01,AMZN,31.3029084,120.5992631,100.0,BUSY,M-L-001,V2
896,896,M-UAV-01,M600,31.3108767,120.6039862,30.5,AVAILABLE,,
896,896,M-UAV-02,M600,31.3062683,120.6025389,30.5,CONTINGENCY,,
897,897,EVTOL-01,EC35,31.3110601,120.6037119,199.9,BUSY,M-P-001,V2
897,897,L-UAV-01,AMZN,31.3027892,120.5991876,100.0,BUSY,M-L-001,V2
897,897,M-UAV-01,M600,31.3108767,120.6039862,30.5,AVAILABLE,,
897,897,M-UAV-02,M600,31.3062683,120.6025389,30.5,CONTINGENCY,,
898,898,EVTOL-01,EC35,31.3113946,120.6035461,199.9,BUSY,M-P-001,V2
898,898,L-UAV-01,AMZN,31.3026699,120.5991122,100.0,BUSY,M-L-001,V2
898,898,M-UAV-01,M600,31.3108767,120.6039862,30.5,AVAILABLE,,
898,898,M-UAV-02,M600,31.3062683,120.6025389,30.5,CONTINGENCY,,
899,899,EVTOL-01,EC35,31.3117109,120.6033371,199.9,BUSY,M-P-001,V2
899,899,L-UAV-01,AMZN,31.3025507,120.5990367,100.0,BUSY,M-L-001,V2
899,899,M-UAV-01,M600,31.3108767,120.6039862,30.5,AVAILABLE,,
899,899,M-UAV-02,M600,31.3062683,120.6025389,30.5,CONTINGENCY,,
900,900,EVTOL-01,EC35,31.3120049,120.6030877,199.9,BUSY,M-P-001,V2
900,900,L-UAV-01,AMZN,31.3024315,120.5989612,100.0,BUSY,M-L-001,V2
900,900,M-UAV-01,M600,31.3108767,120.6039862,30.5,AVAILABLE,,
900,900,M-UAV-02,M600,31.3062683,120.6025389,30.5,CONTINGENCY,,
