site,scenario,level,seed,policy,horizon_s,eligible_tasks,completed,overdue_en_route,overdue_assigned,run,registry_sha256
A,E3_L1_F1_C2,L1,20240601,B0,900,1,1,0,0,runs/experiment3/E3_L1_F1_C2/seed20240601/B0,31cf6de6c723812825a7e89c188b195a6affdef15c150d89b7a41f7916b2c787
A,E3_L1_F1_C2,L1,20240601,B1,900,1,1,0,0,runs/experiment3/E3_L1_F1_C2/seed20240601/B1,2bd5ac12ce609aa2c74ffaaee1661def7ee08e93d98805a426032cd23ab493c7
A,E3_L1_F1_C2,L1,20240601,B2,900,1,1,0,0,runs/experiment3/E3_L1_F1_C2/seed20240601/B2,2bd5ac12ce609aa2c74ffaaee1661def7ee08e93d98805a426032cd23ab493c7
A,E3_L1_F1_C2,L1,20240601,B4b,900,1,1,0,0,runs/experiment3/E3_L1_F1_C2/seed20240601/B4b,0f018ae8d9a7bea15f92ee234ca1bcfbf9d38f9c53561dc6b0febbefd9839a4c
A,E3_L1_F1_C2,L1,20240602,B0,900,1,1,0,0,runs/experiment3/E3_L1_F1_C2/seed20240602/B0,1b09b49c302d01ba015e5e2e328432d1891b3f8200b4232c0b8c732cb8bc55f4
A,E3_L1_F1_C2,L1,20240602,B1,900,1,1,0,0,runs/experiment3/E3_L1_F1_C2/seed20240602/B1,3507d6545765c486610acabf60970be26c094bee61b1d09680aad73e13c4c8fc
A,E3_L1_F1_C2,L1,20240602,B2,900,1,1,0,0,runs/experiment3/E3_L1_F1_C2/seed20240602/B2,3507d6545765c486610acabf60970be26c094bee61b1d09680aad73e13c4c8fc
A,E3_L1_F1_C2,L1,20240602,B4b,900,1,1,0,0,runs/experiment3/E3_L1_F1_C2/seed20240602/B4b,3507d6545765c486610acabf60970be26c094bee61b1d09680aad73e13c4c8fc
A,E3_L1_F1_C2,L1,20240603,B0,900,1,1,0,0,runs/experiment3/E3_L1_F1_C2/seed20240603/B0,1973d9c0e1363681adde2ee0bd7ca39463e07c29e23882a8ffefc9cbc6e19018
A,E3_L1_F1_C2,L1,20240603,B1,900,1,1,0,0,runs/experiment3/E3_L1_F1_C2/seed20240603/B1,dc3fe0bbbe3c749699b088d058ea506f23b9c8b0e1ee3f7eac7193d1f407302d
A,E3_L1_F1_C2,L1,20240603,B2,900,1,1,0,0,runs/experiment3/E3_L1_F1_C2/seed20240603/B2,dc3fe0bbbe3c749699b088d058ea506f23b9c8b0e1ee3f7eac7193d1f407302d
A,E3_L1_F1_C2,L1,20240603,B4b,900,1,1,0,0,runs/experiment3/E3_L1_F1_C2/seed20240603/B4b,dc3fe0bbbe3c749699b088d058ea506f23b9c8b0e1ee3f7eac7193d1f407302d
A,E3_L1_F1_C2,L1,20240604,B0,900,1,1,0,0,runs/experiment3/E3_L1_F1_C2/seed20240604/B0,94d4e648571ac6c750aa7ba4e2ce08e91d80f01647923fd1481aefbbc251c7ea
A,E3_L1_F1_C2,L1,20240604,B1,900,1,1,0,0,runs/experiment3/E3_L1_F1_C2/seed20240604/B1,e42e7ccd3bb756044f4305fa8161d65379a277871bc4cd40911c08a8d386291a
A,E3_L1_F1_C2,L1,20240604,B2,900,1,1,0,0,runs/experiment3/E3_L1_F1_C2/seed20240604/B2,e42e7ccd3bb756044f4305fa8161d65379a277871bc4cd40911c08a8d386291a
A,E3_L1_F1_C2,L1,20240604,B4b,900,1,1,0,0,runs/experiment3/E3_L1_F1_C2/seed20240604/B4b,e42e7ccd3bb756044f4305fa8161d65379a277871bc4cd40911c08a8d386291a
A,E3_L1_F1_C2,L1,20240605,B0,900,1,1,0,0,runs/experiment3/E3_L1_F1_C2/seed20240605/B0,4e3526abec0de2440adb7a4563b15a84b03e22c24511012011fd9878828a6879
A,E3_L1_F1_C2,L1,20240605,B1,900,1,1,0,0,runs/experiment3/E3_L1_F1_C2/seed20240605/B1,9965c491e53d22f423adb3bf412c0c204de4ac1666f6c72feba6afbc8ccaaf75
A,E3_L1_F1_C2,L1,20240605,B2,900,1,1,0,0,runs/experiment3/E3_L1_F1_C2/seed20240605/B2,9965c491e53d22f423adb3bf412c0c204de4ac1666f6c72feba6afbc8ccaaf75
A,E3_L1_F1_C2,L1,20240605,B4b,900,1,1,0,0,runs/experiment3/E3_L1_F1_C2/seed20240605/B4b,9965c491e53d22f423adb3bf412c0c204de4ac1666f6c72feba6afbc8ccaaf75
A,E3_L1_F1_C2,L1,20240606,B0,900,1,1,0,0,runs/experiment3/E3_L1_F1_C2/seed20240606/B0,64b7e027d10a18773e76a3d589a944f42610dc0c80996c75565ab20f7dfe8de7
A,E3_L1_F1_C2,L1,20240606,B1,900,1,1,0,0,runs/experiment3/E3_L1_F1_C2/seed20240606/B1,627a31b0b2ad6316f99fa4b3826cf6792ec38c3bea50d253d840d94430d9e8f3
A,E3_L1_F1_C2,L1,20240606,B2,900,1,1,0,0,runs/experiment3/E3_L1_F1_C2/seed20240606/B2,627a31b0b2ad6316f99fa4b3826cf6792ec38c3bea50d253d840d94430d9e8f3
A,E3_L1_F1_C2,L1,20240606,B4b,900,1,1,0,0,runs/experiment3/E3_L1_F1_C2/seed20240606/B4b,627a31b0b2ad6316f99fa4b3826cf6792ec38c3bea50d253d840d94430d9e8f3
A,E3_L1_F1_C2,L1,20240607,B0,900,1,1,0,0,runs/experiment3/E3_L1_F1_C2/seed20240607/B0,17325a9624ce1709fc9958038d8ca3dce259164501fad6096f32253bb5f45af0
A,E3_L1_F1_C2,L1,20240607,B1,900,1,1,0,0,runs/experiment3/E3_L1_F1_C2/seed20240607/B1,df09b61c9bdfb4787dc4eeceae1832f3ed93e8c5bf756817228f427541ccce5b
A,E3_L1_F1_C2,L1,20240607,B2,900,1,1,0,0,runs/experiment3/E3_L1_F1_C2/seed20240607/B2,df09b61c9bdfb4787dc4eeceae1832f3ed93e8c5bf756817228f427541ccce5b
A,E3_L1_F1_C2,L1,20240607,B4b,900,1,1,0,0,runs/experiment3/E3_L1_F1_C2/seed20240607/B4b,df09b61c9bdfb4787dc4eeceae1832f3ed93e8c5bf756817228f427541ccce5b
A,E3_L1_F1_C2,L1,20240608,B0,900,1,1,0,0,runs/experiment3/E3_L1_F1_C2/seed20240608/B0,0f83fd0bf30357684db85fe24ee4578a10ca7567e97e75a7a0b196cbda3bf090
A,E3_L1_F1_C2,L1,20240608,B1,900,1,1,0,0,runs/experiment3/E3_L1_F1_C2/seed20240608/B1,1cdd25f9ff4ae6f6c75d5907ff91fc0567ebf78fa588dd8d5c9c8ed22483997d
A,E3_L1_F1_C2,L1,20240608,B2,900,1,1,0,0,runs/experiment3/E3_L1_F1_C2/seed20240608/B2,1cdd25f9ff4ae6f6c75d5907ff91fc0567ebf78fa588dd8d5c9c8ed22483997d
A,E3_L1_F1_C2,L1,20240608,B4b,900,1,1,0,0,runs/experiment3/E3_L1_F1_C2/seed20240608/B4b,1cdd25f9ff4ae6f6c75d5907ff91fc0567ebf78fa588dd8d5c9c8ed22483997d
A,E3_L1_F1_C2,L1,20240609,B0,900,1,1,0,0,runs/experiment3/E3_L1_F1_C2/seed20240609/B0,6c0843ec18c4e7128307525cad1241ac724b120865929d3928acdc3fc83582e9
A,E3_L1_F1_C2,L1,20240609,B1,900,1,1,0,0,runs/experiment3/E3_L1_F1_C2/seed20240609/B1,9a435069caa9d7af57d341130f7e448bc7e2085441fdec65eec7188f24659f15
A,E3_L1_F1_C2,L1,20240609,B2,900,1,1,0,0,runs/experiment3/E3_L1_F1_C2/seed20240609/B2,9a435069caa9d7af57d341130f7e448bc7e2085441fdec65eec7188f24659f15
A,E3_L1_F1_C2,L1,20240609,B4b,900,1,1,0,0,runs/experiment3/E3_L1_F1_C2/seed20240609/B4b,9a435069caa9d7af57d341130f7e448bc7e2085441fdec65eec7188f24659f15
A,E3_L1_F1_C2,L1,20240610,B0,900,1,1,0,0,runs/experiment3/E3_L1_F1_C2/seed20240610/B0,e3c3600bf047e746c49716d5d5ca79ab0f7900c46b8ca40dc8b6362cc54dadd0
A,E3_L1_F1_C2,L1,20240610,B1,900,1,1,0,0,runs/experiment3/E3_L1_F1_C2/seed20240610/B1,62edf1fe050e920dcdeb69f1dfcec0b5349f9fced60803197342dcff6a944ca5
A,E3_L1_F1_C2,L1,20240610,B2,900,1,1,0,0,runs/experiment3/E3_L1_F1_C2/seed20240610/B2,62edf1fe050e920dcdeb69f1dfcec0b5349f9fced60803197342dcff6a944ca5
A,E3_L1_F1_C2,L1,20240610,B4b,900,1,1,0,0,runs/experiment3/E3_L1_F1_C2/seed20240610/B4b,62edf1fe050e920dcdeb69f1dfcec0b5349f9fced60803197342dcff6a944ca5
A,E3_L1_F1_C2,L1,20240611,B0,900,1,1,0,0,runs/experiment3/E3_L1_F1_C2/seed20240611/B0,314d79a242f5461a3b19cec9b96e58cc6c1833b972106b569aadc285af1af30a
A,E3_L1_F1_C2,L1,20240611,B1,900,1,1,0,0,runs/experiment3/E3_L1_F1_C2/seed20240611/B1,c3e8c2b73ddd879c93ab0ad829710115ce500e84d32ff85029e4f8befbd715c3
A,E3_L1_F1_C2,L1,20240611,B2,900,1,1,0,0,runs/experiment3/E3_L1_F1_C2/seed20240611/B2,c3e8c2b73ddd879c93ab0ad829710115ce500e84d32ff85029e4f8befbd715c3
A,E3_L1_F1_C2,L1,20240611,B4b,900,1,1,0,0,runs/experiment3/E3_L1_F1_C2/seed20240611/B4b,c3e8c2b73ddd879c93ab0ad829710115ce500e84d32ff85029e4f8befbd715c3
A,E3_L1_F1_C2,L1,20240612,B0,900,1,1,0,0,runs/experiment3/E3_L1_F1_C2/seed20240612/B0,de54b4e36483766a3feac6b47cf0ddb3e2d1943daff6fa5cc77b6109f215bf58
A,E3_L1_F1_C2,L1,20240612,B1,900,1,1,0,0,runs/experiment3/E3_L1_F1_C2/seed20240612/B1,55486bc4726c24aa7e7e59b8643f632b685135154bf0b6a30a60b30d842c3a73
A,E3_L1_F1_C2,L1,20240612,B2,900,1,1,0,0,runs/experiment3/E3_L1_F1_C2/seed20240612/B2,55486bc4726c24aa7e7e59b8643f632b685135154bf0b6a30a60b30d842c3a73
A,E3_L1_F1_C2,L1,20240612,B4b,900,1,1,0,0,runs/experiment3/E3_L1_F1_C2/seed20240612/B4b,55486bc4726c24aa7e7e59b8643f632b685135154bf0b6a30a60b30d842c3a73
A,E3_L1_F1_C2,L1,20240613,B0,900,1,1,0,0,runs/experiment3/E3_L1_F1_C2/seed20240613/B0,0db972855f75895987a828362e6a85aedcdbb09ba25b0cf1f6ad03a176c3d378
A,E3_L1_F1_C2,L1,20240613,B1,900,1,1,0,0,runs/experiment3/E3_L1_F1_C2/seed20240613/B1,33652f83304afea0a9374dcc2307ca0f52588fb041e38903b2b28843eeb4729e
A,E3_L1_F1_C2,L1,20240613,B2,900,1,1,0,0,runs/experiment3/E3_L1_F1_C2/seed20240613/B2,33652f83304afea0a9374dcc2307ca0f52588fb041e38903b2b28843eeb4729e
A,E3_L1_F1_C2,L1,20240613,B4b,900,1,1,0,0,runs/experiment3/E3_L1_F1_C2/seed20240613/B4b,33652f83304afea0a9374dcc2307ca0f52588fb041e38903b2b28843eeb4729e
A,E3_L1_F1_C2,L1,20240614,B0,900,1,1,0,0,runs/experiment3/E3_L1_F1_C2/seed20240614/B0,6724f4d7815e03a3068f9a663856c998c4254673539f7ef26339ec2c7b0b8bbe
A,E3_L1_F1_C2,L1,20240614,B1,900,1,1,0,0,runs/experiment3/E3_L1_F1_C2/seed20240614/B1,683572102f3383ed9a10fe054eb0267746d29123c2d116361149dd66805bc808
A,E3_L1_F1_C2,L1,20240614,B2,900,1,1,0,0,runs/experiment3/E3_L1_F1_C2/seed20240614/B2,683572102f3383ed9a10fe054eb0267746d29123c2d116361149dd66805bc808
A,E3_L1_F1_C2,L1,20240614,B4b,900,1,1,0,0,runs/experiment3/E3_L1_F1_C2/seed20240614/B4b,683572102f3383ed9a10fe054eb0267746d29123c2d116361149dd66805bc808
A,E3_L1_F1_C2,L1,20240615,B0,900,1,1,0,0,runs/experiment3/E3_L1_F1_C2/seed20240615/B0,1811a8b239012814123a4fd4766db2c0d636c70e6a5a58862879f7aa12f2a842
A,E3_L1_F1_C2,L1,20240615,B1,900,1,1,0,0,runs/experiment3/E3_L1_F1_C2/seed20240615/B1,70eb746a297a1369038b8f40973428d863066a1966deedf3bb43b523d7aedf86
A,E3_L1_F1_C2,L1,20240615,B2,900,1,1,0,0,runs/experiment3/E3_L1_F1_C2/seed20240615/B2,70eb746a297a1369038b8f40973428d863066a1966deedf3bb43b523d7aedf86
A,E3_L1_F1_C2,L1,20240615,B4b,900,1,1,0,0,runs/experiment3/E3_L1_F1_C2/seed20240615/B4b,70eb746a297a1369038b8f40973428d863066a1966deedf3bb43b523d7aedf86
A,E3_L1_F1_C2,L1,20240616,B0,900,1,1,0,0,runs/experiment3/E3_L1_F1_C2/seed20240616/B0,4f86997e984a5e66d9317a56f02103dd0176bd95f7707bac09262b174f7fef91
A,E3_L1_F1_C2,L1,20240616,B1,900,1,1,0,0,runs/experiment3/E3_L1_F1_C2/seed20240616/B1,c3196aa9ba4138ed31cf94a76c07d12f34171aa6eae20de94f003cd80718c043
A,E3_L1_F1_C2,L1,20240616,B2,900,1,1,0,0,runs/experiment3/E3_L1_F1_C2/seed20240616/B2,c3196aa9ba4138ed31cf94a76c07d12f34171aa6eae20de94f003cd80718c043
A,E3_L1_F1_C2,L1,20240616,B4b,900,1,1,0,0,runs/experiment3/E3_L1_F1_C2/seed20240616/B4b,c3196aa9ba4138ed31cf94a76c07d12f34171aa6eae20de94f003cd80718c043
A,E3_L1_F1_C2,L1,20240617,B0,900,1,1,0,0,runs/experiment3/E3_L1_F1_C2/seed20240617/B0,ee81e23ecd945c1b9934aee5f2b3586fd2b89466f3cfcaaf5705b22e29e4a3a8
A,E3_L1_F1_C2,L1,20240617,B1,900,1,1,0,0,runs/experiment3/E3_L1_F1_C2/seed20240617/B1,83a049acd9a233d1ff256b191061afcc8a47b3beb1f11f1c1d5e1bdb22aa8107
A,E3_L1_F1_C2,L1,20240617,B2,900,1,1,0,0,runs/experiment3/E3_L1_F1_C2/seed20240617/B2,83a049acd9a233d1ff256b191061afcc8a47b3beb1f11f1c1d5e1bdb22aa8107
A,E3_L1_F1_C2,L1,20240617,B4b,900,1,1,0,0,runs/experiment3/E3_L1_F1_C2/seed20240617/B4b,83a049acd9a233d1ff256b191061afcc8a47b3beb1f11f1c1d5e1bdb22aa8107
A,E3_L1_F1_C2,L1,20240618,B0,900,1,1,0,0,runs/experiment3/E3_L1_F1_C2/seed20240618/B0,727f39524853fc64daccf975fc2e005dcea5ce538bb2903285c60899887bc3c7
A,E3_L1_F1_C2,L1,20240618,B1,900,1,1,0,0,runs/experiment3/E3_L1_F1_C2/seed20240618/B1,c9eac295867fce2d4068c1a3afd2f8f5a61b532a996fa670a779d76f2f4ca8a1
A,E3_L1_F1_C2,L1,20240618,B2,900,1,1,0,0,runs/experiment3/E3_L1_F1_C2/seed20240618/B2,c9eac295867fce2d4068c1a3afd2f8f5a61b532a996fa670a779d76f2f4ca8a1
A,E3_L1_F1_C2,L1,20240618,B4b,900,1,1,0,0,runs/experiment3/E3_L1_F1_C2/seed20240618/B4b,c9eac295867fce2d4068c1a3afd2f8f5a61b532a996fa670a779d76f2f4ca8a1
A,E3_L1_F1_C2,L1,20240619,B0,900,1,1,0,0,runs/experiment3/E3_L1_F1_C2/seed20240619/B0,1df42ac80093c08d61837c627eb09c99ed8ef220800b89cdd91833a8c0ab54f5
A,E3_L1_F1_C2,L1,20240619,B1,900,1,1,0,0,runs/experiment3/E3_L1_F1_C2/seed20240619/B1,120f30978774e417dc66aefcf5285c598e0731ac3337d8c73e1bf3844b99e840
A,E3_L1_F1_C2,L1,20240619,B2,900,1,1,0,0,runs/experiment3/E3_L1_F1_C2/seed20240619/B2,120f30978774e417dc66aefcf5285c598e0731ac3337d8c73e1bf3844b99e840
A,E3_L1_F1_C2,L1,20240619,B4b,900,1,1,0,0,runs/experiment3/E3_L1_F1_C2/seed20240619/B4b,120f30978774e417dc66aefcf5285c598e0731ac3337d8c73e1bf3844b99e840
A,E3_L1_F1_C2,L1,20240620,B0,900,1,1,0,0,runs/experiment3/E3_L1_F1_C2/seed20240620/B0,e83de6afdab6cb586f86717a91b5fe8717326ac99f8d0e2e3e3817ec8a666fac
A,E3_L1_F1_C2,L1,20240620,B1,900,1,1,0,0,runs/experiment3/E3_L1_F1_C2/seed20240620/B1,98403a90d493ada6c3ba10e97184f050107ea82c90e41e9b0fd27f6b7a1fbefd
A,E3_L1_F1_C2,L1,20240620,B2,900,1,1,0,0,runs/experiment3/E3_L1_F1_C2/seed20240620/B2,98403a90d493ada6c3ba10e97184f050107ea82c90e41e9b0fd27f6b7a1fbefd
A,E3_L1_F1_C2,L1,20240620,B4b,900,1,1,0,0,runs/experiment3/E3_L1_F1_C2/seed20240620/B4b,98403a90d493ada6c3ba10e97184f050107ea82c90e41e9b0fd27f6b7a1fbefd
A,E3_L1_F5_C2,L1,20240601,B0,900,1,1,0,0,runs/experiment3/E3_L1_F5_C2/seed20240601/B0,9dbec6499c4d59db4381fa714eb5776bd86f9515414ba98549cde4ef9caceb87
A,E3_L1_F5_C2,L1,20240601,B1,900,1,1,0,0,runs/experiment3/E3_L1_F5_C2/seed20240601/B1,ec41cf4ebb21e6dfbd006037da645438820a6b21817a529b2fbfdf23354acadb
A,E3_L1_F5_C2,L1,20240601,B2,900,1,1,0,0,runs/experiment3/E3_L1_F5_C2/seed20240601/B2,ec41cf4ebb21e6dfbd006037da645438820a6b21817a529b2fbfdf23354acadb
A,E3_L1_F5_C2,L1,20240601,B4b,900,1,1,0,0,runs/experiment3/E3_L1_F5_C2/seed20240601/B4b,ec41cf4ebb21e6dfbd006037da645438820a6b21817a529b2fbfdf23354acadb
A,E3_L1_F5_C2,L1,20240602,B0,900,1,1,0,0,runs/experiment3/E3_L1_F5_C2/seed20240602/B0,24a39038eb060f870224bc7b5b6b73a714280db94b9b9013bcea84262988ab44
A,E3_L1_F5_C2,L1,20240602,B1,900,1,1,0,0,runs/experiment3/E3_L1_F5_C2/seed20240602/B1,c7ce7b05b4757ce68a249223d869b64a797e242eab1e42b3b82794ca03f3e51f
A,E3_L1_F5_C2,L1,20240602,B2,900,1,1,0,0,runs/experiment3/E3_L1_F5_C2/seed20240602/B2,c7ce7b05b4757ce68a249223d869b64a797e242eab1e42b3b82794ca03f3e51f
A,E3_L1_F5_C2,L1,20240602,B4b,900,1,1,0,0,runs/experiment3/E3_L1_F5_C2/seed20240602/B4b,c7ce7b05b4757ce68a249223d869b64a797e242eab1e42b3b82794ca03f3e51f
A,E3_L1_F5_C2,L1,20240603,B0,900,1,1,0,0,runs/experiment3/E3_L1_F5_C2/seed20240603/B0,60a76b9ab651e498e10abbbb678a54235589baae9959e5c5dcc330c4a8152370
A,E3_L1_F5_C2,L1,20240603,B1,900,1,1,0,0,runs/experiment3/E3_L1_F5_C2/seed20240603/B1,480cc1838d779992094265bfbd85b828793dd4c1ebe728288bbe26c3397e773e
A,E3_L1_F5_C2,L1,20240603,B2,900,1,1,0,0,runs/experiment3/E3_L1_F5_C2/seed20240603/B2,480cc1838d779992094265bfbd85b828793dd4c1ebe728288bbe26c3397e773e
A,E3_L1_F5_C2,L1,20240603,B4b,900,1,1,0,0,runs/experiment3/E3_L1_F5_C2/seed20240603/B4b,480cc1838d779992094265bfbd85b828793dd4c1ebe728288bbe26c3397e773e
A,E3_L1_F5_C2,L1,20240604,B0,900,1,1,0,0,runs/experiment3/E3_L1_F5_C2/seed20240604/B0,6c227911ff1e3a1a2e4c7a68e17e17fcaae2412c1338d71727283c924b26a2d6
A,E3_L1_F5_C2,L1,20240604,B1,900,1,1,0,0,runs/experiment3/E3_L1_F5_C2/seed20240604/B1,fa1fbfaa99732c2e828840850ae54985e808d11b462c008b3c97977e80890434
A,E3_L1_F5_C2,L1,20240604,B2,900,1,1,0,0,runs/experiment3/E3_L1_F5_C2/seed20240604/B2,fa1fbfaa99732c2e828840850ae54985e808d11b462c008b3c97977e80890434
A,E3_L1_F5_C2,L1,20240604,B4b,900,1,1,0,0,runs/experiment3/E3_L1_F5_C2/seed20240604/B4b,fa1fbfaa99732c2e828840850ae54985e808d11b462c008b3c97977e80890434
A,E3_L1_F5_C2,L1,20240605,B0,900,1,1,0,0,runs/experiment3/E3_L1_F5_C2/seed20240605/B0,ed15a4dde3a26096ed11c5f8c857a381893a672d540c7f4af11a045d40e2101e
A,E3_L1_F5_C2,L1,20240605,B1,900,1,1,0,0,runs/experiment3/E3_L1_F5_C2/seed20240605/B1,708340137de35128acc3f588f54cdc181516a439c42ab9ebaa64301557142e5d
A,E3_L1_F5_C2,L1,20240605,B2,900,1,1,0,0,runs/experiment3/E3_L1_F5_C2/seed20240605/B2,708340137de35128acc3f588f54cdc181516a439c42ab9ebaa64301557142e5d
A,E3_L1_F5_C2,L1,20240605,B4b,900,1,1,0,0,runs/experiment3/E3_L1_F5_C2/seed20240605/B4b,708340137de35128acc3f588f54cdc181516a439c42ab9ebaa64301557142e5d
A,E3_L1_F5_C2,L1,20240606,B0,900,1,1,0,0,runs/experiment3/E3_L1_F5_C2/seed20240606/B0,1a14e4527da28335142bc8e735a8213ad11b7787db1a21b49d8d845921831106
A,E3_L1_F5_C2,L1,20240606,B1,900,1,1,0,0,runs/experiment3/E3_L1_F5_C2/seed20240606/B1,ff968c985626787f7cca7b805722b795de6aebdcf67f378c16c2db6b3712a76b
A,E3_L1_F5_C2,L1,20240606,B2,900,1,1,0,0,runs/experiment3/E3_L1_F5_C2/seed20240606/B2,ff968c985626787f7cca7b805722b795de6aebdcf67f378c16c2db6b3712a76b
A,E3_L1_F5_C2,L1,20240606,B4b,900,1,1,0,0,runs/experiment3/E3_L1_F5_C2/seed20240606/B4b,ff968c985626787f7cca7b805722b795de6aebdcf67f378c16c2db6b3712a76b
A,E3_L1_F5_C2,L1,20240607,B0,900,1,1,0,0,runs/experiment3/E3_L1_F5_C2/seed20240607/B0,012343580102550e30b393ce265cc2e02a9ab923b5e62f89993747fe102195f0
A,E3_L1_F5_C2,L1,20240607,B1,900,1,1,0,0,runs/experiment3/E3_L1_F5_C2/seed20240607/B1,c7869ecd98496c9e6510a17926f335331b7eceed5b30204a47f3b33519714c8d
A,E3_L1_F5_C2,L1,20240607,B2,900,1,1,0,0,runs/experiment3/E3_L1_F5_C2/seed20240607/B2,c7869ecd98496c9e6510a17926f335331b7eceed5b30204a47f3b33519714c8d
A,E3_L1_F5_C2,L1,20240607,B4b,900,1,1,0,0,runs/experiment3/E3_L1_F5_C2/seed20240607/B4b,c7869ecd98496c9e6510a17926f335331b7eceed5b30204a47f3b33519714c8d
A,E3_L1_F5_C2,L1,20240608,B0,900,1,1,0,0,runs/experiment3/E3_L1_F5_C2/seed20240608/B0,5bdcf9c440c926fdcd27cc3f9bcc304bb4a569de5107bc83ee1f1125db6d36c4
A,E3_L1_F5_C2,L1,20240608,B1,900,1,1,0,0,runs/experiment3/E3_L1_F5_C2/seed20240608/B1,40514d4f35bc6e3626254648b5dc683aef66b1d894569cd80f23602da203851e
A,E3_L1_F5_C2,L1,20240608,B2,900,1,1,0,0,runs/experiment3/E3_L1_F5_C2/seed20240608/B2,40514d4f35bc6e3626254648b5dc683aef66b1d894569cd80f23602da203851e
A,E3_L1_F5_C2,L1,20240608,B4b,900,1,1,0,0,runs/experiment3/E3_L1_F5_C2/seed20240608/B4b,40514d4f35bc6e3626254648b5dc683aef66b1d894569cd80f23602da203851e
A,E3_L1_F5_C2,L1,20240609,B0,900,1,1,0,0,runs/experiment3/E3_L1_F5_C2/seed20240609/B0,bed26fe235627bf59f84d2c6b6dfd62fb8328b0ccdc599fa15d078d30bd90e97
A,E3_L1_F5_C2,L1,20240609,B1,900,1,1,0,0,runs/experiment3/E3_L1_F5_C2/seed20240609/B1,36f975ddaa398ef545921b683fb335299ccba900368d056d0f0d065e4193f35f
A,E3_L1_F5_C2,L1,20240609,B2,900,1,1,0,0,runs/experiment3/E3_L1_F5_C2/seed20240609/B2,36f975ddaa398ef545921b683fb335299ccba900368d056d0f0d065e4193f35f
A,E3_L1_F5_C2,L1,20240609,B4b,900,1,1,0,0,runs/experiment3/E3_L1_F5_C2/seed20240609/B4b,36f975ddaa398ef545921b683fb335299ccba900368d056d0f0d065e4193f35f
A,E3_L1_F5_C2,L1,20240610,B0,900,1,1,0,0,runs/experiment3/E3_L1_F5_C2/seed20240610/B0,76ebf382c057346b7d57711b8261a5c722804ae76f6f3ea5b35c76a216dd97c5
A,E3_L1_F5_C2,L1,20240610,B1,900,1,1,0,0,runs/experiment3/E3_L1_F5_C2/seed20240610/B1,14709d3033b5d4671f1eb4e44af90549dd49347b55d6adf636cef1325f881c7a
A,E3_L1_F5_C2,L1,20240610,B2,900,1,1,0,0,runs/experiment3/E3_L1_F5_C2/seed20240610/B2,14709d3033b5d4671f1eb4e44af90549dd49347b55d6adf636cef1325f881c7a
A,E3_L1_F5_C2,L1,20240610,B4b,900,1,1,0,0,runs/experiment3/E3_L1_F5_C2/seed20240610/B4b,14709d3033b5d4671f1eb4e44af90549dd49347b55d6adf636cef1325f881c7a
A,E3_L1_F5_C2,L1,20240611,B0,900,1,1,0,0,runs/experiment3/E3_L1_F5_C2/seed20240611/B0,b86114673675ebd776a870f4f707e782d651a94e05841e536705a33b2b344e3e
A,E3_L1_F5_C2,L1,20240611,B1,900,1,1,0,0,runs/experiment3/E3_L1_F5_C2/seed20240611/B1,0a6d34f10d21f52cc2b86a785ed47423a105a2acd3e39a70465b7cb3b6c72631
A,E3_L1_F5_C2,L1,20240611,B2,900,1,1,0,0,runs/experiment3/E3_L1_F5_C2/seed20240611/B2,0a6d34f10d21f52cc2b86a785ed47423a105a2acd3e39a70465b7cb3b6c72631
A,E3_L1_F5_C2,L1,20240611,B4b,900,1,1,0,0,runs/experiment3/E3_L1_F5_C2/seed20240611/B4b,0a6d34f10d21f52cc2b86a785ed47423a105a2acd3e39a70465b7cb3b6c72631
A,E3_L1_F5_C2,L1,20240612,B0,900,1,1,0,0,runs/experiment3/E3_L1_F5_C2/seed20240612/B0,19fa096d4ed78183152cb2083d928236a8e4f4205d1bccb4a417ee5f7242470a
A,E3_L1_F5_C2,L1,20240612,B1,900,1,1,0,0,runs/experiment3/E3_L1_F5_C2/seed20240612/B1,f9f3a77ee1a4469691322480481bed9d4432412e9428b339417a5fb07a099a2d
A,E3_L1_F5_C2,L1,20240612,B2,900,1,1,0,0,runs/experiment3/E3_L1_F5_C2/seed20240612/B2,f9f3a77ee1a4469691322480481bed9d4432412e9428b339417a5fb07a099a2d
A,E3_L1_F5_C2,L1,20240612,B4b,900,1,1,0,0,runs/experiment3/E3_L1_F5_C2/seed20240612/B4b,f9f3a77ee1a4469691322480481bed9d4432412e9428b339417a5fb07a099a2d
A,E3_L1_F5_C2,L1,20240613,B0,900,1,1,0,0,runs/experiment3/E3_L1_F5_C2/seed20240613/B0,c2d701a27d998c90d2cc4c000d2fe0bf7a33fb0da0c6a718bb0396c94e7c1cfc
A,E3_L1_F5_C2,L1,20240613,B1,900,1,1,0,0,runs/experiment3/E3_L1_F5_C2/seed20240613/B1,52e1c7bac0c74ee085cf55697399bb0c11e91a5b6c34ab4f0b89bb90dfe76aa6
A,E3_L1_F5_C2,L1,20240613,B2,900,1,1,0,0,runs/experiment3/E3_L1_F5_C2/seed20240613/B2,52e1c7bac0c74ee085cf55697399bb0c11e91a5b6c34ab4f0b89bb90dfe76aa6
A,E3_L1_F5_C2,L1,20240613,B4b,900,1,1,0,0,runs/experiment3/E3_L1_F5_C2/seed20240613/B4b,52e1c7bac0c74ee085cf55697399bb0c11e91a5b6c34ab4f0b89bb90dfe76aa6
A,E3_L1_F5_C2,L1,20240614,B0,900,1,1,0,0,runs/experiment3/E3_L1_F5_C2/seed20240614/B0,34851382427c189ca2460f6e84ee1e7f219357b42c5c16b39fe6360f4f81778d
A,E3_L1_F5_C2,L1,20240614,B1,900,1,1,0,0,runs/experiment3/E3_L1_F5_C2/seed20240614/B1,a80088294db4e7454409c2ff82d38916f1d55fdfebdb88cf05d2c99a9b3b43f8
A,E3_L1_F5_C2,L1,20240614,B2,900,1,1,0,0,runs/experiment3/E3_L1_F5_C2/seed20240614/B2,a80088294db4e7454409c2ff82d38916f1d55fdfebdb88cf05d2c99a9b3b43f8
A,E3_L1_F5_C2,L1,20240614,B4b,900,1,1,0,0,runs/experiment3/E3_L1_F5_C2/seed20240614/B4b,a80088294db4e7454409c2ff82d38916f1d55fdfebdb88cf05d2c99a9b3b43f8
A,E3_L1_F5_C2,L1,20240615,B0,900,1,1,0,0,runs/experiment3/E3_L1_F5_C2/seed20240615/B0,57b7fcdfd5c6677e3954cb9ca87bad21ae57e9d97680b7fb9017663a40b13413
A,E3_L1_F5_C2,L1,20240615,B1,900,1,1,0,0,runs/experiment3/E3_L1_F5_C2/seed20240615/B1,59cd3acef9d8e70747b8dcecf54e1a39fc7933c161e2fbf184ba405724eb91b7
A,E3_L1_F5_C2,L1,20240615,B2,900,1,1,0,0,runs/experiment3/E3_L1_F5_C2/seed20240615/B2,59cd3acef9d8e70747b8dcecf54e1a39fc7933c161e2fbf184ba405724eb91b7
A,E3_L1_F5_C2,L1,20240615,B4b,900,1,1,0,0,runs/experiment3/E3_L1_F5_C2/seed20240615/B4b,59cd3acef9d8e70747b8dcecf54e1a39fc7933c161e2fbf184ba405724eb91b7
A,E3_L1_F5_C2,L1,20240616,B0,900,1,1,0,0,runs/experiment3/E3_L1_F5_C2/seed20240616/B0,7178fff96849aaeffe3eec62377430c38c355c540f4017b7d7b87bbe45c6b965
A,E3_L1_F5_C2,L1,20240616,B1,900,1,1,0,0,runs/experiment3/E3_L1_F5_C2/seed20240616/B1,149e3a8a45c4eedd314a8569efdf1ee86e400aa0e0a35a3bc4b9bd43e60dd857
A,E3_L1_F5_C2,L1,20240616,B2,900,1,1,0,0,runs/experiment3/E3_L1_F5_C2/seed20240616/B2,149e3a8a45c4eedd314a8569efdf1ee86e400aa0e0a35a3bc4b9bd43e60dd857
A,E3_L1_F5_C2,L1,20240616,B4b,900,1,1,0,0,runs/experiment3/E3_L1_F5_C2/seed20240616/B4b,149e3a8a45c4eedd314a8569efdf1ee86e400aa0e0a35a3bc4b9bd43e60dd857
A,E3_L1_F5_C2,L1,20240617,B0,900,1,1,0,0,runs/experiment3/E3_L1_F5_C2/seed20240617/B0,9c78c1b6d5e572be51772f6efc69fd0a35c8a3d5a61177991cbd7a1eb38cbf27
A,E3_L1_F5_C2,L1,20240617,B1,900,1,1,0,0,runs/experiment3/E3_L1_F5_C2/seed20240617/B1,e315d61a2842da7b92c69435fa0c07881456cb1a71174b5e9ef422d11a040b33
A,E3_L1_F5_C2,L1,20240617,B2,900,1,1,0,0,runs/experiment3/E3_L1_F5_C2/seed20240617/B2,e315d61a2842da7b92c69435fa0c07881456cb1a71174b5e9ef422d11a040b33
A,E3_L1_F5_C2,L1,20240617,B4b,900,1,1,0,0,runs/experiment3/E3_L1_F5_C2/seed20240617/B4b,e315d61a2842da7b92c69435fa0c07881456cb1a71174b5e9ef422d11a040b33
A,E3_L1_F5_C2,L1,20240618,B0,900,1,1,0,0,runs/experiment3/E3_L1_F5_C2/seed20240618/B0,ef368657ff9e396b9129546aa2ca525e5eedc3bf4c08f05920de521ac3cf99ff
A,E3_L1_F5_C2,L1,20240618,B1,900,1,1,0,0,runs/experiment3/E3_L1_F5_C2/seed20240618/B1,5260a85a7663c4fcb5b1d121997faa126e43b31b29dab28535adfc58817db87a
A,E3_L1_F5_C2,L1,20240618,B2,900,1,1,0,0,runs/experiment3/E3_L1_F5_C2/seed20240618/B2,5260a85a7663c4fcb5b1d121997faa126e43b31b29dab28535adfc58817db87a
A,E3_L1_F5_C2,L1,20240618,B4b,900,1,1,0,0,runs/experiment3/E3_L1_F5_C2/seed20240618/B4b,5260a85a7663c4fcb5b1d121997faa126e43b31b29dab28535adfc58817db87a
A,E3_L1_F5_C2,L1,20240619,B0,900,1,1,0,0,runs/experiment3/E3_L1_F5_C2/seed20240619/B0,e8251bf34b8604486dc28fd43b78a2e436ed7361f568bb6620a4df6ce901af4d
A,E3_L1_F5_C2,L1,20240619,B1,900,1,1,0,0,runs/experiment3/E3_L1_F5_C2/seed20240619/B1,5959f570ba147d62ade67d96eade30f79f6f145c956020abfada2cb6840fd328
A,E3_L1_F5_C2,L1,20240619,B2,900,1,1,0,0,runs/experiment3/E3_L1_F5_C2/seed20240619/B2,5959f570ba147d62ade67d96eade30f79f6f145c956020abfada2cb6840fd328
A,E3_L1_F5_C2,L1,20240619,B4b,900,1,1,0,0,runs/experiment3/E3_L1_F5_C2/seed20240619/B4b,5959f570ba147d62ade67d96eade30f79f6f145c956020abfada2cb6840fd328
A,E3_L1_F5_C2,L1,20240620,B0,900,1,1,0,0,runs/experiment3/E3_L1_F5_C2/seed20240620/B0,5e0d44b4305a1d1199eebbda0cab73a17aaa53fa97c1c947561dc6f840539df6
A,E3_L1_F5_C2,L1,20240620,B1,900,1,1,0,0,runs/experiment3/E3_L1_F5_C2/seed20240620/B1,841413ae689559fbe8d427ad4a4d5a83a8247ea041b1f3b05416a7d76327693a
A,E3_L1_F5_C2,L1,20240620,B2,900,1,1,0,0,runs/experiment3/E3_L1_F5_C2/seed20240620/B2,841413ae689559fbe8d427ad4a4d5a83a8247ea041b1f3b05416a7d76327693a
A,E3_L1_F5_C2,L1,20240620,B4b,900,1,1,0,0,runs/experiment3/E3_L1_F5_C2/seed20240620/B4b,841413ae689559fbe8d427ad4a4d5a83a8247ea041b1f3b05416a7d76327693a
A,E3_L2_F1_F1,L2,20240601,B0,900,1,1,0,0,runs/experiment3/E3_L2_F1_F1/seed20240601/B0,a59bd7e5889c3d7ebae110963ff4be6827303189c99913ef688b2e39bb8bf56e
A,E3_L2_F1_F1,L2,20240601,B1,900,1,1,0,0,runs/experiment3/E3_L2_F1_F1/seed20240601/B1,b541a74454e6b094762aa186d78a9dc3af173ba8780ff601c4bb9540b0e89412
A,E3_L2_F1_F1,L2,20240601,B2,900,1,1,0,0,runs/experiment3/E3_L2_F1_F1/seed20240601/B2,b541a74454e6b094762aa186d78a9dc3af173ba8780ff601c4bb9540b0e89412
A,E3_L2_F1_F1,L2,20240601,B4b,900,1,1,0,0,runs/experiment3/E3_L2_F1_F1/seed20240601/B4b,b541a74454e6b094762aa186d78a9dc3af173ba8780ff601c4bb9540b0e89412
A,E3_L2_F1_F1,L2,20240602,B0,900,1,1,0,0,runs/experiment3/E3_L2_F1_F1/seed20240602/B0,ee33c28c51c0f7edd0da9fb62873387d57a3baf70e423c3e8e224e5ce17fe46a
A,E3_L2_F1_F1,L2,20240602,B1,900,1,1,0,0,runs/experiment3/E3_L2_F1_F1/seed20240602/B1,19f0f90a8b026ef809540969cbc11f6fcaad79384256479c3b8a8de624b19fbd
A,E3_L2_F1_F1,L2,20240602,B2,900,1,1,0,0,runs/experiment3/E3_L2_F1_F1/seed20240602/B2,19f0f90a8b026ef809540969cbc11f6fcaad79384256479c3b8a8de624b19fbd
A,E3_L2_F1_F1,L2,20240602,B4b,900,1,1,0,0,runs/experiment3/E3_L2_F1_F1/seed20240602/B4b,19f0f90a8b026ef809540969cbc11f6fcaad79384256479c3b8a8de624b19fbd
A,E3_L2_F1_F1,L2,20240603,B0,900,1,1,0,0,runs/experiment3/E3_L2_F1_F1/seed20240603/B0,d1fcb91534e5a5ab285b886e48837c55bf1cad42d976d9060798706a354f664e
A,E3_L2_F1_F1,L2,20240603,B1,900,1,1,0,0,runs/experiment3/E3_L2_F1_F1/seed20240603/B1,1a3a0474f262b1ee83227f3d5edc2c1a821525b55bfeaa7087d153bfb448f134
A,E3_L2_F1_F1,L2,20240603,B2,900,1,1,0,0,runs/experiment3/E3_L2_F1_F1/seed20240603/B2,1a3a0474f262b1ee83227f3d5edc2c1a821525b55bfeaa7087d153bfb448f134
A,E3_L2_F1_F1,L2,20240603,B4b,900,1,1,0,0,runs/experiment3/E3_L2_F1_F1/seed20240603/B4b,1a3a0474f262b1ee83227f3d5edc2c1a821525b55bfeaa7087d153bfb448f134
A,E3_L2_F1_F1,L2,20240604,B0,900,1,1,0,0,runs/experiment3/E3_L2_F1_F1/seed20240604/B0,c30508a0eb7f08bc39ab7a906d16fda53e922c2d7063588ac755847ea39f2903
A,E3_L2_F1_F1,L2,20240604,B1,900,1,1,0,0,runs/experiment3/E3_L2_F1_F1/seed20240604/B1,b76baa04582cf9f971739b4dc2ea63e986aea7f3a20654242d064e2fb707383b
A,E3_L2_F1_F1,L2,20240604,B2,900,1,1,0,0,runs/experiment3/E3_L2_F1_F1/seed20240604/B2,b76baa04582cf9f971739b4dc2ea63e986aea7f3a20654242d064e2fb707383b
A,E3_L2_F1_F1,L2,20240604,B4b,900,1,1,0,0,runs/experiment3/E3_L2_F1_F1/seed20240604/B4b,b76baa04582cf9f971739b4dc2ea63e986aea7f3a20654242d064e2fb707383b
A,E3_L2_F1_F1,L2,20240605,B0,900,1,1,0,0,runs/experiment3/E3_L2_F1_F1/seed20240605/B0,3546ddfc7d5172807e7bc98fe229e9fb9f533762d21e3c719997e756601186ed
A,E3_L2_F1_F1,L2,20240605,B1,900,1,1,0,0,runs/experiment3/E3_L2_F1_F1/seed20240605/B1,353b9450baf9bd91a5d56747e56f4aa320623645f098a8643468aa7d0b1eb3f1
A,E3_L2_F1_F1,L2,20240605,B2,900,1,1,0,0,runs/experiment3/E3_L2_F1_F1/seed20240605/B2,353b9450baf9bd91a5d56747e56f4aa320623645f098a8643468aa7d0b1eb3f1
A,E3_L2_F1_F1,L2,20240605,B4b,900,1,1,0,0,runs/experiment3/E3_L2_F1_F1/seed20240605/B4b,353b9450baf9bd91a5d56747e56f4aa320623645f098a8643468aa7d0b1eb3f1
A,E3_L2_F1_F1,L2,20240606,B0,900,1,1,0,0,runs/experiment3/E3_L2_F1_F1/seed20240606/B0,3ce357814469485ba95f26288f78f04e7bf1f6e780519d59aad21da009a323a5
A,E3_L2_F1_F1,L2,20240606,B1,900,1,1,0,0,runs/experiment3/E3_L2_F1_F1/seed20240606/B1,9ff76a7a8660bf0d5720004e79a150d9274795ce6b6a68e7208f3a9ef0bc3c58
A,E3_L2_F1_F1,L2,20240606,B2,900,1,1,0,0,runs/experiment3/E3_L2_F1_F1/seed20240606/B2,9ff76a7a8660bf0d5720004e79a150d9274795ce6b6a68e7208f3a9ef0bc3c58
A,E3_L2_F1_F1,L2,20240606,B4b,900,1,1,0,0,runs/experiment3/E3_L2_F1_F1/seed20240606/B4b,9ff76a7a8660bf0d5720004e79a150d9274795ce6b6a68e7208f3a9ef0bc3c58
A,E3_L2_F1_F1,L2,20240607,B0,900,1,1,0,0,runs/experiment3/E3_L2_F1_F1/seed20240607/B0,66cb4a0303935216f40b712fcb3bf1ea392fbb4cc1da014ef4595b0219dbe621
A,E3_L2_F1_F1,L2,20240607,B1,900,1,1,0,0,runs/experiment3/E3_L2_F1_F1/seed20240607/B1,b359fdfd10607b367619adef969b5deac3a79d877cbb76752b33ba69bc0da90a
A,E3_L2_F1_F1,L2,20240607,B2,900,1,1,0,0,runs/experiment3/E3_L2_F1_F1/seed20240607/B2,b359fdfd10607b367619adef969b5deac3a79d877cbb76752b33ba69bc0da90a
A,E3_L2_F1_F1,L2,20240607,B4b,900,1,1,0,0,runs/experiment3/E3_L2_F1_F1/seed20240607/B4b,b359fdfd10607b367619adef969b5deac3a79d877cbb76752b33ba69bc0da90a
A,E3_L2_F1_F1,L2,20240608,B0,900,1,1,0,0,runs/experiment3/E3_L2_F1_F1/seed20240608/B0,8691c091c03cb1ef3a6eaa2ac8f20ddf76f5ad1ec8b62c0121bcc6e14452f61b
A,E3_L2_F1_F1,L2,20240608,B1,900,1,1,0,0,runs/experiment3/E3_L2_F1_F1/seed20240608/B1,8958e7ae69f58f25cf6cd76e34d8ab51a0bd006b998bfb7c454845eb781aaa47
A,E3_L2_F1_F1,L2,20240608,B2,900,1,1,0,0,runs/experiment3/E3_L2_F1_F1/seed20240608/B2,8958e7ae69f58f25cf6cd76e34d8ab51a0bd006b998bfb7c454845eb781aaa47
A,E3_L2_F1_F1,L2,20240608,B4b,900,1,1,0,0,runs/experiment3/E3_L2_F1_F1/seed20240608/B4b,8958e7ae69f58f25cf6cd76e34d8ab51a0bd006b998bfb7c454845eb781aaa47
A,E3_L2_F1_F1,L2,20240609,B0,900,1,1,0,0,runs/experiment3/E3_L2_F1_F1/seed20240609/B0,9fde61dcfc0277e3d3ada84513559a2192de31baa1af21da95f893304c72b06f
A,E3_L2_F1_F1,L2,20240609,B1,900,1,1,0,0,runs/experiment3/E3_L2_F1_F1/seed20240609/B1,5a77d8a7dd866f4f716aae79b149e2f96a09dcfc0c8f8e0b00d6823062ef37d0
A,E3_L2_F1_F1,L2,20240609,B2,900,1,1,0,0,runs/experiment3/E3_L2_F1_F1/seed20240609/B2,5a77d8a7dd866f4f716aae79b149e2f96a09dcfc0c8f8e0b00d6823062ef37d0
A,E3_L2_F1_F1,L2,20240609,B4b,900,1,1,0,0,runs/experiment3/E3_L2_F1_F1/seed20240609/B4b,5a77d8a7dd866f4f716aae79b149e2f96a09dcfc0c8f8e0b00d6823062ef37d0
A,E3_L2_F1_F1,L2,20240610,B0,900,1,1,0,0,runs/experiment3/E3_L2_F1_F1/seed20240610/B0,0bbe6286043e2b16e77a004bdcf6fbfb6974b61bf981ab2936c08faf35b1cb9d
A,E3_L2_F1_F1,L2,20240610,B1,900,1,1,0,0,runs/experiment3/E3_L2_F1_F1/seed20240610/B1,6c20941f6bf5f63929cd8b7f2d0759f65ae2c7274e4b7bc739a4786aa8a18686
A,E3_L2_F1_F1,L2,20240610,B2,900,1,1,0,0,runs/experiment3/E3_L2_F1_F1/seed20240610/B2,6c20941f6bf5f63929cd8b7f2d0759f65ae2c7274e4b7bc739a4786aa8a18686
A,E3_L2_F1_F1,L2,20240610,B4b,900,1,1,0,0,runs/experiment3/E3_L2_F1_F1/seed20240610/B4b,6c20941f6bf5f63929cd8b7f2d0759f65ae2c7274e4b7bc739a4786aa8a18686
A,E3_L2_F1_F1,L2,20240611,B0,900,1,1,0,0,runs/experiment3/E3_L2_F1_F1/seed20240611/B0,4ca6fc23c42dec35c0bf70afacdbd7885c8cfc232a938eb4111cd6a6f31f228e
A,E3_L2_F1_F1,L2,20240611,B1,900,1,1,0,0,runs/experiment3/E3_L2_F1_F1/seed20240611/B1,6a2278de5c14da8884f4114a0b3c46c0731421f5a2f32cffe68ca5a1e16d4290
A,E3_L2_F1_F1,L2,20240611,B2,900,1,1,0,0,runs/experiment3/E3_L2_F1_F1/seed20240611/B2,6a2278de5c14da8884f4114a0b3c46c0731421f5a2f32cffe68ca5a1e16d4290
A,E3_L2_F1_F1,L2,20240611,B4b,900,1,1,0,0,runs/experiment3/E3_L2_F1_F1/seed20240611/B4b,6a2278de5c14da8884f4114a0b3c46c0731421f5a2f32cffe68ca5a1e16d4290
A,E3_L2_F1_F1,L2,20240612,B0,900,1,1,0,0,runs/experiment3/E3_L2_F1_F1/seed20240612/B0,3c692c77d7b3f420f35e84728e414cb399bfbde54c73fa144e46c03640f97c95
A,E3_L2_F1_F1,L2,20240612,B1,900,1,1,0,0,runs/experiment3/E3_L2_F1_F1/seed20240612/B1,b17e9c9adb1cdd016509b906584a18b0bca5425e2cc93f1903ae7ea985043882
A,E3_L2_F1_F1,L2,20240612,B2,900,1,1,0,0,runs/experiment3/E3_L2_F1_F1/seed20240612/B2,b17e9c9adb1cdd016509b906584a18b0bca5425e2cc93f1903ae7ea985043882
A,E3_L2_F1_F1,L2,20240612,B4b,900,1,1,0,0,runs/experiment3/E3_L2_F1_F1/seed20240612/B4b,b17e9c9adb1cdd016509b906584a18b0bca5425e2cc93f1903ae7ea985043882
A,E3_L2_F1_F1,L2,20240613,B0,900,1,1,0,0,runs/experiment3/E3_L2_F1_F1/seed20240613/B0,6b4512bb065df275d4201ff1d2a6a2a8569c8a9890d03a148ed1f64974925987
A,E3_L2_F1_F1,L2,20240613,B1,900,1,1,0,0,runs/experiment3/E3_L2_F1_F1/seed20240613/B1,5f8af2b8869749adac253170c1038aaefeef88dcdb1c537d172fd826f8639e58
A,E3_L2_F1_F1,L2,20240613,B2,900,1,1,0,0,runs/experiment3/E3_L2_F1_F1/seed20240613/B2,5f8af2b8869749adac253170c1038aaefeef88dcdb1c537d172fd826f8639e58
A,E3_L2_F1_F1,L2,20240613,B4b,900,1,1,0,0,runs/experiment3/E3_L2_F1_F1/seed20240613/B4b,5f8af2b8869749adac253170c1038aaefeef88dcdb1c537d172fd826f8639e58
A,E3_L2_F1_F1,L2,20240614,B0,900,1,1,0,0,runs/experiment3/E3_L2_F1_F1/seed20240614/B0,92b80427b87e6976239265834655b627e27122fa0e559f7b6c333048f5618b47
A,E3_L2_F1_F1,L2,20240614,B1,900,1,1,0,0,runs/experiment3/E3_L2_F1_F1/seed20240614/B1,129dbeb10854baeaa1539614176e51374bc6aa09e956b3fb27ba3417148f05b6
A,E3_L2_F1_F1,L2,20240614,B2,900,1,1,0,0,runs/experiment3/E3_L2_F1_F1/seed20240614/B2,129dbeb10854baeaa1539614176e51374bc6aa09e956b3fb27ba3417148f05b6
A,E3_L2_F1_F1,L2,20240614,B4b,900,1,1,0,0,runs/experiment3/E3_L2_F1_F1/seed20240614/B4b,129dbeb10854baeaa1539614176e51374bc6aa09e956b3fb27ba3417148f05b6
A,E3_L2_F1_F1,L2,20240615,B0,900,1,1,0,0,runs/experiment3/E3_L2_F1_F1/seed20240615/B0,f04c3cb1a3c186959674229ccf36f3e8dd1ec5f9b9a85e28333dedb0612120f7
A,E3_L2_F1_F1,L2,20240615,B1,900,1,1,0,0,runs/experiment3/E3_L2_F1_F1/seed20240615/B1,24bbc4c597d55f2fe619342eb10685fdca1a5c9e7f9ddc9537310e9f00df2aad
A,E3_L2_F1_F1,L2,20240615,B2,900,1,1,0,0,runs/experiment3/E3_L2_F1_F1/seed20240615/B2,24bbc4c597d55f2fe619342eb10685fdca1a5c9e7f9ddc9537310e9f00df2aad
A,E3_L2_F1_F1,L2,20240615,B4b,900,1,1,0,0,runs/experiment3/E3_L2_F1_F1/seed20240615/B4b,24bbc4c597d55f2fe619342eb10685fdca1a5c9e7f9ddc9537310e9f00df2aad
A,E3_L2_F1_F1,L2,20240616,B0,900,1,1,0,0,runs/experiment3/E3_L2_F1_F1/seed20240616/B0,c3fc56a9caa1c968035bfd4c68c6c827df46262a15b9365b038b4ae4e5227781
A,E3_L2_F1_F1,L2,20240616,B1,900,1,1,0,0,runs/experiment3/E3_L2_F1_F1/seed20240616/B1,7f3c23feaf9388e6d9ac38e2582175cfea02fd0c43771321ad5112ccfbf211a6
A,E3_L2_F1_F1,L2,20240616,B2,900,1,1,0,0,runs/experiment3/E3_L2_F1_F1/seed20240616/B2,7f3c23feaf9388e6d9ac38e2582175cfea02fd0c43771321ad5112ccfbf211a6
A,E3_L2_F1_F1,L2,20240616,B4b,900,1,1,0,0,runs/experiment3/E3_L2_F1_F1/seed20240616/B4b,7f3c23feaf9388e6d9ac38e2582175cfea02fd0c43771321ad5112ccfbf211a6
A,E3_L2_F1_F1,L2,20240617,B0,900,1,1,0,0,runs/experiment3/E3_L2_F1_F1/seed20240617/B0,f754a16115ac9e424338ec2d7b8e76d0793a52d7ea799bea109741d08a64fe1e
A,E3_L2_F1_F1,L2,20240617,B1,900,1,1,0,0,runs/experiment3/E3_L2_F1_F1/seed20240617/B1,c8af34a59775f13ccaa66818642105f49c975f6f59628a3193957676a81f5c85
A,E3_L2_F1_F1,L2,20240617,B2,900,1,1,0,0,runs/experiment3/E3_L2_F1_F1/seed20240617/B2,c8af34a59775f13ccaa66818642105f49c975f6f59628a3193957676a81f5c85
A,E3_L2_F1_F1,L2,20240617,B4b,900,1,1,0,0,runs/experiment3/E3_L2_F1_F1/seed20240617/B4b,c8af34a59775f13ccaa66818642105f49c975f6f59628a3193957676a81f5c85
A,E3_L2_F1_F1,L2,20240618,B0,900,1,1,0,0,runs/experiment3/E3_L2_F1_F1/seed20240618/B0,144e9f3e42b409c6f57c45ce77f1da1d261866eb0a176104687f81bc62411618
A,E3_L2_F1_F1,L2,20240618,B1,900,1,1,0,0,runs/experiment3/E3_L2_F1_F1/seed20240618/B1,b80beb9ee0b87ec190dbbc5219b86853eab37695a002f3aced3420be23be421e
A,E3_L2_F1_F1,L2,20240618,B2,900,1,1,0,0,runs/experiment3/E3_L2_F1_F1/seed20240618/B2,b80beb9ee0b87ec190dbbc5219b86853eab37695a002f3aced3420be23be421e
A,E3_L2_F1_F1,L2,20240618,B4b,900,1,1,0,0,runs/experiment3/E3_L2_F1_F1/seed20240618/B4b,b80beb9ee0b87ec190dbbc5219b86853eab37695a002f3aced3420be23be421e
A,E3_L2_F1_F1,L2,20240619,B0,900,1,1,0,0,runs/experiment3/E3_L2_F1_F1/seed20240619/B0,0edffe4f001f165024218cb60a03067c935000eba3ba2987d699a271b6bce1df
A,E3_L2_F1_F1,L2,20240619,B1,900,1,1,0,0,runs/experiment3/E3_L2_F1_F1/seed20240619/B1,4e010314b50dd1af0c489cd3354311194659d9cf1835ac8215a7fc8f96a6b5ee
A,E3_L2_F1_F1,L2,20240619,B2,900,1,1,0,0,runs/experiment3/E3_L2_F1_F1/seed20240619/B2,4e010314b50dd1af0c489cd3354311194659d9cf1835ac8215a7fc8f96a6b5ee
A,E3_L2_F1_F1,L2,20240619,B4b,900,1,1,0,0,runs/experiment3/E3_L2_F1_F1/seed20240619/B4b,4e010314b50dd1af0c489cd3354311194659d9cf1835ac8215a7fc8f96a6b5ee
A,E3_L2_F1_F1,L2,20240620,B0,900,1,1,0,0,runs/experiment3/E3_L2_F1_F1/seed20240620/B0,9a2cdac7abf7994905e66318eb70ef3f6623894d54b91a47bd15ef49f11c7eac
A,E3_L2_F1_F1,L2,20240620,B1,900,1,1,0,0,runs/experiment3/E3_L2_F1_F1/seed20240620/B1,28570b1e47ade77b5db6390c0438644a55c6f4d3102dbd430beb6216446244ac
A,E3_L2_F1_F1,L2,20240620,B2,900,1,1,0,0,runs/experiment3/E3_L2_F1_F1/seed20240620/B2,28570b1e47ade77b5db6390c0438644a55c6f4d3102dbd430beb6216446244ac
A,E3_L2_F1_F1,L2,20240620,B4b,900,1,1,0,0,runs/experiment3/E3_L2_F1_F1/seed20240620/B4b,28570b1e47ade77b5db6390c0438644a55c6f4d3102dbd430beb6216446244ac
A,E3_L2_F1_F5,L2,20240601,B0,900,1,1,0,0,runs/experiment3/E3_L2_F1_F5/seed20240601/B0,31cf6de6c723812825a7e89c188b195a6affdef15c150d89b7a41f7916b2c787
A,E3_L2_F1_F5,L2,20240601,B1,900,1,1,0,0,runs/experiment3/E3_L2_F1_F5/seed20240601/B1,9aa54c65960b2b50f21d1f126636410034f514e1b42b044a6d66de362d4241d8
A,E3_L2_F1_F5,L2,20240601,B2,900,1,1,0,0,runs/experiment3/E3_L2_F1_F5/seed20240601/B2,9aa54c65960b2b50f21d1f126636410034f514e1b42b044a6d66de362d4241d8
A,E3_L2_F1_F5,L2,20240601,B4b,900,1,1,0,0,runs/experiment3/E3_L2_F1_F5/seed20240601/B4b,9aa54c65960b2b50f21d1f126636410034f514e1b42b044a6d66de362d4241d8
A,E3_L2_F1_F5,L2,20240602,B0,900,1,1,0,0,runs/experiment3/E3_L2_F1_F5/seed20240602/B0,1b09b49c302d01ba015e5e2e328432d1891b3f8200b4232c0b8c732cb8bc55f4
A,E3_L2_F1_F5,L2,20240602,B1,900,1,1,0,0,runs/experiment3/E3_L2_F1_F5/seed20240602/B1,b389303485674d77624ee1202c0cdc513faa474a129a56bf444d9ec5162cb05d
A,E3_L2_F1_F5,L2,20240602,B2,900,1,1,0,0,runs/experiment3/E3_L2_F1_F5/seed20240602/B2,b389303485674d77624ee1202c0cdc513faa474a129a56bf444d9ec5162cb05d
A,E3_L2_F1_F5,L2,20240602,B4b,900,1,1,0,0,runs/experiment3/E3_L2_F1_F5/seed20240602/B4b,b389303485674d77624ee1202c0cdc513faa474a129a56bf444d9ec5162cb05d
A,E3_L2_F1_F5,L2,20240603,B0,900,1,1,0,0,runs/experiment3/E3_L2_F1_F5/seed20240603/B0,1973d9c0e1363681adde2ee0bd7ca39463e07c29e23882a8ffefc9cbc6e19018
A,E3_L2_F1_F5,L2,20240603,B1,900,1,1,0,0,runs/experiment3/E3_L2_F1_F5/seed20240603/B1,c4cdc97f7326d15f253ae0952f1135e446d03a02ace0fc77f987571674dcbf25
A,E3_L2_F1_F5,L2,20240603,B2,900,1,1,0,0,runs/experiment3/E3_L2_F1_F5/seed20240603/B2,c4cdc97f7326d15f253ae0952f1135e446d03a02ace0fc77f987571674dcbf25
A,E3_L2_F1_F5,L2,20240603,B4b,900,1,1,0,0,runs/experiment3/E3_L2_F1_F5/seed20240603/B4b,c4cdc97f7326d15f253ae0952f1135e446d03a02ace0fc77f987571674dcbf25
A,E3_L2_F1_F5,L2,20240604,B0,900,1,1,0,0,runs/experiment3/E3_L2_F1_F5/seed20240604/B0,94d4e648571ac6c750aa7ba4e2ce08e91d80f01647923fd1481aefbbc251c7ea
A,E3_L2_F1_F5,L2,20240604,B1,900,1,1,0,0,runs/experiment3/E3_L2_F1_F5/seed20240604/B1,c5fd8993c0c7e2c113f0f5e433cb5a8c6501e8d5ca13766413a91b3c79c0556d
A,E3_L2_F1_F5,L2,20240604,B2,900,1,1,0,0,runs/experiment3/E3_L2_F1_F5/seed20240604/B2,c5fd8993c0c7e2c113f0f5e433cb5a8c6501e8d5ca13766413a91b3c79c0556d
A,E3_L2_F1_F5,L2,20240604,B4b,900,1,1,0,0,runs/experiment3/E3_L2_F1_F5/seed20240604/B4b,c5fd8993c0c7e2c113f0f5e433cb5a8c6501e8d5ca13766413a91b3c79c0556d
A,E3_L2_F1_F5,L2,20240605,B0,900,1,1,0,0,runs/experiment3/E3_L2_F1_F5/seed20240605/B0,4e3526abec0de2440adb7a4563b15a84b03e22c24511012011fd9878828a6879
A,E3_L2_F1_F5,L2,20240605,B1,900,1,1,0,0,runs/experiment3/E3_L2_F1_F5/seed20240605/B1,82efbde2fed8372de3a9473b42475ca5b1e5e3a9f6d366c555d61bc826e01328
A,E3_L2_F1_F5,L2,20240605,B2,900,1,1,0,0,runs/experiment3/E3_L2_F1_F5/seed20240605/B2,82efbde2fed8372de3a9473b42475ca5b1e5e3a9f6d366c555d61bc826e01328
A,E3_L2_F1_F5,L2,20240605,B4b,900,1,1,0,0,runs/experiment3/E3_L2_F1_F5/seed20240605/B4b,82efbde2fed8372de3a9473b42475ca5b1e5e3a9f6d366c555d61bc826e01328
A,E3_L2_F1_F5,L2,20240606,B0,900,1,1,0,0,runs/experiment3/E3_L2_F1_F5/seed20240606/B0,64b7e027d10a18773e76a3d589a944f42610dc0c80996c75565ab20f7dfe8de7
A,E3_L2_F1_F5,L2,20240606,B1,900,1,1,0,0,runs/experiment3/E3_L2_F1_F5/seed20240606/B1,131606cbb533b77b82a764144037b5bcd73156f72fb1054a604445c4d794cb15
A,E3_L2_F1_F5,L2,20240606,B2,900,1,1,0,0,runs/experiment3/E3_L2_F1_F5/seed20240606/B2,131606cbb533b77b82a764144037b5bcd73156f72fb1054a604445c4d794cb15
A,E3_L2_F1_F5,L2,20240606,B4b,900,1,1,0,0,runs/experiment3/E3_L2_F1_F5/seed20240606/B4b,131606cbb533b77b82a764144037b5bcd73156f72fb1054a604445c4d794cb15
A,E3_L2_F1_F5,L2,20240607,B0,900,1,1,0,0,runs/experiment3/E3_L2_F1_F5/seed20240607/B0,17325a9624ce1709fc9958038d8ca3dce259164501fad6096f32253bb5f45af0
A,E3_L2_F1_F5,L2,20240607,B1,900,1,1,0,0,runs/experiment3/E3_L2_F1_F5/seed20240607/B1,3eb297002c9bd2a66014b0471a1884d9f29ea67488cb8c3872029e8735d4222d
A,E3_L2_F1_F5,L2,20240607,B2,900,1,1,0,0,runs/experiment3/E3_L2_F1_F5/seed20240607/B2,3eb297002c9bd2a66014b0471a1884d9f29ea67488cb8c3872029e8735d4222d
A,E3_L2_F1_F5,L2,20240607,B4b,900,1,1,0,0,runs/experiment3/E3_L2_F1_F5/seed20240607/B4b,3eb297002c9bd2a66014b0471a1884d9f29ea67488cb8c3872029e8735d4222d
A,E3_L2_F1_F5,L2,20240608,B0,900,1,1,0,0,runs/experiment3/E3_L2_F1_F5/seed20240608/B0,0f83fd0bf30357684db85fe24ee4578a10ca7567e97e75a7a0b196cbda3bf090
A,E3_L2_F1_F5,L2,20240608,B1,900,1,1,0,0,runs/experiment3/E3_L2_F1_F5/seed20240608/B1,7abccfdaddb3f2c66ac613fa455e71b50e63538b19b8c2e42117c17076539f9b
A,E3_L2_F1_F5,L2,20240608,B2,900,1,1,0,0,runs/experiment3/E3_L2_F1_F5/seed20240608/B2,7abccfdaddb3f2c66ac613fa455e71b50e63538b19b8c2e42117c17076539f9b
A,E3_L2_F1_F5,L2,20240608,B4b,900,1,1,0,0,runs/experiment3/E3_L2_F1_F5/seed20240608/B4b,7abccfdaddb3f2c66ac613fa455e71b50e63538b19b8c2e42117c17076539f9b
A,E3_L2_F1_F5,L2,20240609,B0,900,1,1,0,0,runs/experiment3/E3_L2_F1_F5/seed20240609/B0,6c0843ec18c4e7128307525cad1241ac724b120865929d3928acdc3fc83582e9
A,E3_L2_F1_F5,L2,20240609,B1,900,1,1,0,0,runs/experiment3/E3_L2_F1_F5/seed20240609/B1,3ce50368fb8ea8657a120e48429731a83111da9da8dd572e05a593751dfc05d8
A,E3_L2_F1_F5,L2,20240609,B2,900,1,1,0,0,runs/experiment3/E3_L2_F1_F5/seed20240609/B2,3ce50368fb8ea8657a120e48429731a83111da9da8dd572e05a593751dfc05d8
A,E3_L2_F1_F5,L2,20240609,B4b,900,1,1,0,0,runs/experiment3/E3_L2_F1_F5/seed20240609/B4b,3ce50368fb8ea8657a120e48429731a83111da9da8dd572e05a593751dfc05d8
A,E3_L2_F1_F5,L2,20240610,B0,900,1,1,0,0,runs/experiment3/E3_L2_F1_F5/seed20240610/B0,e3c3600bf047e746c49716d5d5ca79ab0f7900c46b8ca40dc8b6362cc54dadd0
A,E3_L2_F1_F5,L2,20240610,B1,900,1,1,0,0,runs/experiment3/E3_L2_F1_F5/seed20240610/B1,afd41547e50978063709d7ef352045eb7e44fe44f05ccc633a8a461d60c47646
A,E3_L2_F1_F5,L2,20240610,B2,900,1,1,0,0,runs/experiment3/E3_L2_F1_F5/seed20240610/B2,afd41547e50978063709d7ef352045eb7e44fe44f05ccc633a8a461d60c47646
A,E3_L2_F1_F5,L2,20240610,B4b,900,1,1,0,0,runs/experiment3/E3_L2_F1_F5/seed20240610/B4b,afd41547e50978063709d7ef352045eb7e44fe44f05ccc633a8a461d60c47646
A,E3_L2_F1_F5,L2,20240611,B0,900,1,1,0,0,runs/experiment3/E3_L2_F1_F5/seed20240611/B0,314d79a242f5461a3b19cec9b96e58cc6c1833b972106b569aadc285af1af30a
A,E3_L2_F1_F5,L2,20240611,B1,900,1,1,0,0,runs/experiment3/E3_L2_F1_F5/seed20240611/B1,a1a70f082d0ebc3490769743c969809b9ee848ab43e2b97e7ebc888a10bf9dbb
A,E3_L2_F1_F5,L2,20240611,B2,900,1,1,0,0,runs/experiment3/E3_L2_F1_F5/seed20240611/B2,a1a70f082d0ebc3490769743c969809b9ee848ab43e2b97e7ebc888a10bf9dbb
A,E3_L2_F1_F5,L2,20240611,B4b,900,1,1,0,0,runs/experiment3/E3_L2_F1_F5/seed20240611/B4b,a1a70f082d0ebc3490769743c969809b9ee848ab43e2b97e7ebc888a10bf9dbb
A,E3_L2_F1_F5,L2,20240612,B0,900,1,1,0,0,runs/experiment3/E3_L2_F1_F5/seed20240612/B0,de54b4e36483766a3feac6b47cf0ddb3e2d1943daff6fa5cc77b6109f215bf58
A,E3_L2_F1_F5,L2,20240612,B1,900,1,1,0,0,runs/experiment3/E3_L2_F1_F5/seed20240612/B1,088f61e928424a35a9d57a6ec3cc87dda5c1e0200b95f404f647982852548e0d
A,E3_L2_F1_F5,L2,20240612,B2,900,1,1,0,0,runs/experiment3/E3_L2_F1_F5/seed20240612/B2,088f61e928424a35a9d57a6ec3cc87dda5c1e0200b95f404f647982852548e0d
A,E3_L2_F1_F5,L2,20240612,B4b,900,1,1,0,0,runs/experiment3/E3_L2_F1_F5/seed20240612/B4b,088f61e928424a35a9d57a6ec3cc87dda5c1e0200b95f404f647982852548e0d
A,E3_L2_F1_F5,L2,20240613,B0,900,1,1,0,0,runs/experiment3/E3_L2_F1_F5/seed20240613/B0,0db972855f75895987a828362e6a85aedcdbb09ba25b0cf1f6ad03a176c3d378
A,E3_L2_F1_F5,L2,20240613,B1,900,1,1,0,0,runs/experiment3/E3_L2_F1_F5/seed20240613/B1,85ea7846d4ce314d92bf784f740d152bd8cd848c37dc539643228052f764f352
A,E3_L2_F1_F5,L2,20240613,B2,900,1,1,0,0,runs/experiment3/E3_L2_F1_F5/seed20240613/B2,85ea7846d4ce314d92bf784f740d152bd8cd848c37dc539643228052f764f352
A,E3_L2_F1_F5,L2,20240613,B4b,900,1,1,0,0,runs/experiment3/E3_L2_F1_F5/seed20240613/B4b,85ea7846d4ce314d92bf784f740d152bd8cd848c37dc539643228052f764f352
A,E3_L2_F1_F5,L2,20240614,B0,900,1,1,0,0,runs/experiment3/E3_L2_F1_F5/seed20240614/B0,6724f4d7815e03a3068f9a663856c998c4254673539f7ef26339ec2c7b0b8bbe
A,E3_L2_F1_F5,L2,20240614,B1,900,1,1,0,0,runs/experiment3/E3_L2_F1_F5/seed20240614/B1,8df59782bf222fc6f83a3fb28fc8a0ed5781e1b82029104d14d1ba35c2443893
A,E3_L2_F1_F5,L2,20240614,B2,900,1,1,0,0,runs/experiment3/E3_L2_F1_F5/seed20240614/B2,8df59782bf222fc6f83a3fb28fc8a0ed5781e1b82029104d14d1ba35c2443893
A,E3_L2_F1_F5,L2,20240614,B4b,900,1,1,0,0,runs/experiment3/E3_L2_F1_F5/seed20240614/B4b,8df59782bf222fc6f83a3fb28fc8a0ed5781e1b82029104d14d1ba35c2443893
A,E3_L2_F1_F5,L2,20240615,B0,900,1,1,0,0,runs/experiment3/E3_L2_F1_F5/seed20240615/B0,1811a8b239012814123a4fd4766db2c0d636c70e6a5a58862879f7aa12f2a842
A,E3_L2_F1_F5,L2,20240615,B1,900,1,1,0,0,runs/experiment3/E3_L2_F1_F5/seed20240615/B1,83eecfb197e140f057347bdde8435107d892e61f93b65920852de7acdf71ee11
A,E3_L2_F1_F5,L2,20240615,B2,900,1,1,0,0,runs/experiment3/E3_L2_F1_F5/seed20240615/B2,83eecfb197e140f057347bdde8435107d892e61f93b65920852de7acdf71ee11
A,E3_L2_F1_F5,L2,20240615,B4b,900,1,1,0,0,runs/experiment3/E3_L2_F1_F5/seed20240615/B4b,83eecfb197e140f057347bdde8435107d892e61f93b65920852de7acdf71ee11
A,E3_L2_F1_F5,L2,20240616,B0,900,1,1,0,0,runs/experiment3/E3_L2_F1_F5/seed20240616/B0,4f86997e984a5e66d9317a56f02103dd0176bd95f7707bac09262b174f7fef91
A,E3_L2_F1_F5,L2,20240616,B1,900,1,1,0,0,runs/experiment3/E3_L2_F1_F5/seed20240616/B1,5abad86cdc8f710b9e0f14768750e9a9245d63509205a8da2b3f0106b54710dc
A,E3_L2_F1_F5,L2,20240616,B2,900,1,1,0,0,runs/experiment3/E3_L2_F1_F5/seed20240616/B2,5abad86cdc8f710b9e0f14768750e9a9245d63509205a8da2b3f0106b54710dc
A,E3_L2_F1_F5,L2,20240616,B4b,900,1,1,0,0,runs/experiment3/E3_L2_F1_F5/seed20240616/B4b,5abad86cdc8f710b9e0f14768750e9a9245d63509205a8da2b3f0106b54710dc
A,E3_L2_F1_F5,L2,20240617,B0,900,1,1,0,0,runs/experiment3/E3_L2_F1_F5/seed20240617/B0,ee81e23ecd945c1b9934aee5f2b3586fd2b89466f3cfcaaf5705b22e29e4a3a8
A,E3_L2_F1_F5,L2,20240617,B1,900,1,1,0,0,runs/experiment3/E3_L2_F1_F5/seed20240617/B1,0a81ca79d4033bcb26aff353bd53f339ff2b3a6d30d1048af7fb20c493b76c3f
A,E3_L2_F1_F5,L2,20240617,B2,900,1,1,0,0,runs/experiment3/E3_L2_F1_F5/seed20240617/B2,0a81ca79d4033bcb26aff353bd53f339ff2b3a6d30d1048af7fb20c493b76c3f
A,E3_L2_F1_F5,L2,20240617,B4b,900,1,1,0,0,runs/experiment3/E3_L2_F1_F5/seed20240617/B4b,0a81ca79d4033bcb26aff353bd53f339ff2b3a6d30d1048af7fb20c493b76c3f
A,E3_L2_F1_F5,L2,20240618,B0,900,1,1,0,0,runs/experiment3/E3_L2_F1_F5/seed20240618/B0,727f39524853fc64daccf975fc2e005dcea5ce538bb2903285c60899887bc3c7
A,E3_L2_F1_F5,L2,20240618,B1,900,1,1,0,0,runs/experiment3/E3_L2_F1_F5/seed20240618/B1,87cd57e6caf107b5bad2e9a567c5c66f9cc21551bcaa3a2bf32067dd9c3bd2e3
A,E3_L2_F1_F5,L2,20240618,B2,900,1,1,0,0,runs/experiment3/E3_L2_F1_F5/seed20240618/B2,87cd57e6caf107b5bad2e9a567c5c66f9cc21551bcaa3a2bf32067dd9c3bd2e3
A,E3_L2_F1_F5,L2,20240618,B4b,900,1,1,0,0,runs/experiment3/E3_L2_F1_F5/seed20240618/B4b,87cd57e6caf107b5bad2e9a567c5c66f9cc21551bcaa3a2bf32067dd9c3bd2e3
A,E3_L2_F1_F5,L2,20240619,B0,900,1,1,0,0,runs/experiment3/E3_L2_F1_F5/seed20240619/B0,1df42ac80093c08d61837c627eb09c99ed8ef220800b89cdd91833a8c0ab54f5
A,E3_L2_F1_F5,L2,20240619,B1,900,1,1,0,0,runs/experiment3/E3_L2_F1_F5/seed20240619/B1,9df03c82bbe7fc85d05a7374c6f72b381ffda8e1d7056de3e3c45c7e44bb6e2e
A,E3_L2_F1_F5,L2,20240619,B2,900,1,1,0,0,runs/experiment3/E3_L2_F1_F5/seed20240619/B2,9df03c82bbe7fc85d05a7374c6f72b381ffda8e1d7056de3e3c45c7e44bb6e2e
A,E3_L2_F1_F5,L2,20240619,B4b,900,1,1,0,0,runs/experiment3/E3_L2_F1_F5/seed20240619/B4b,9df03c82bbe7fc85d05a7374c6f72b381ffda8e1d7056de3e3c45c7e44bb6e2e
A,E3_L2_F1_F5,L2,20240620,B0,900,1,1,0,0,runs/experiment3/E3_L2_F1_F5/seed20240620/B0,e83de6afdab6cb586f86717a91b5fe8717326ac99f8d0e2e3e3817ec8a666fac
A,E3_L2_F1_F5,L2,20240620,B1,900,1,1,0,0,runs/experiment3/E3_L2_F1_F5/seed20240620/B1,d73b678c4fe2f1632068e737f43b31548fce181b8f8ebba9b058e4668079806e
A,E3_L2_F1_F5,L2,20240620,B2,900,1,1,0,0,runs/experiment3/E3_L2_F1_F5/seed20240620/B2,d73b678c4fe2f1632068e737f43b31548fce181b8f8ebba9b058e4668079806e
A,E3_L2_F1_F5,L2,20240620,B4b,900,1,1,0,0,runs/experiment3/E3_L2_F1_F5/seed20240620/B4b,d73b678c4fe2f1632068e737f43b31548fce181b8f8ebba9b058e4668079806e
A,E3_L2_F2_F4,L2,20240601,B0,900,1,1,0,0,runs/experiment3/E3_L2_F2_F4/seed20240601/B0,f5473f7a73691711dcdae122ecd4d2caadb95cd3d5a2a7a1fce077fc94e32d82
A,E3_L2_F2_F4,L2,20240601,B1,900,1,1,0,0,runs/experiment3/E3_L2_F2_F4/seed20240601/B1,184b0d92280216de0e5e2f1ab8ac618f25ad23d44c401eca73a7970806dccca1
A,E3_L2_F2_F4,L2,20240601,B2,900,1,1,0,0,runs/experiment3/E3_L2_F2_F4/seed20240601/B2,184b0d92280216de0e5e2f1ab8ac618f25ad23d44c401eca73a7970806dccca1
A,E3_L2_F2_F4,L2,20240601,B4b,900,1,1,0,0,runs/experiment3/E3_L2_F2_F4/seed20240601/B4b,184b0d92280216de0e5e2f1ab8ac618f25ad23d44c401eca73a7970806dccca1
A,E3_L2_F2_F4,L2,20240602,B0,900,1,1,0,0,runs/experiment3/E3_L2_F2_F4/seed20240602/B0,d96603da4a2d151d31eda587c6f24dfc9f7d89779b0a32ab0237c31a3d1991ec
A,E3_L2_F2_F4,L2,20240602,B1,900,1,1,0,0,runs/experiment3/E3_L2_F2_F4/seed20240602/B1,dc5b3431bed12185bb73625e4c6534b5d4f9e03759f5c8f947639a918aee2dd7
A,E3_L2_F2_F4,L2,20240602,B2,900,1,1,0,0,runs/experiment3/E3_L2_F2_F4/seed20240602/B2,dc5b3431bed12185bb73625e4c6534b5d4f9e03759f5c8f947639a918aee2dd7
A,E3_L2_F2_F4,L2,20240602,B4b,900,1,1,0,0,runs/experiment3/E3_L2_F2_F4/seed20240602/B4b,dc5b3431bed12185bb73625e4c6534b5d4f9e03759f5c8f947639a918aee2dd7
A,E3_L2_F2_F4,L2,20240603,B0,900,1,1,0,0,runs/experiment3/E3_L2_F2_F4/seed20240603/B0,dad9f03f4e57bbe9351540d68bb37d12509d63f7ba90c5831cbb027e1c9765d4
A,E3_L2_F2_F4,L2,20240603,B1,900,1,1,0,0,runs/experiment3/E3_L2_F2_F4/seed20240603/B1,5e0ab6764d54538277d01894256216557485830fc59f524e83c42b7c1bdc1e62
A,E3_L2_F2_F4,L2,20240603,B2,900,1,1,0,0,runs/experiment3/E3_L2_F2_F4/seed20240603/B2,5e0ab6764d54538277d01894256216557485830fc59f524e83c42b7c1bdc1e62
A,E3_L2_F2_F4,L2,20240603,B4b,900,1,1,0,0,runs/experiment3/E3_L2_F2_F4/seed20240603/B4b,5e0ab6764d54538277d01894256216557485830fc59f524e83c42b7c1bdc1e62
A,E3_L2_F2_F4,L2,20240604,B0,900,1,1,0,0,runs/experiment3/E3_L2_F2_F4/seed20240604/B0,93bd79d9dda9e09099d375e138e53404140c23473f45a8b61e6784711e664e92
A,E3_L2_F2_F4,L2,20240604,B1,900,1,1,0,0,runs/experiment3/E3_L2_F2_F4/seed20240604/B1,f0c82fc6050a82e34d98f46d69924f7e31770db19f9143c631399be69bd5b65c
A,E3_L2_F2_F4,L2,20240604,B2,900,1,1,0,0,runs/experiment3/E3_L2_F2_F4/seed20240604/B2,f0c82fc6050a82e34d98f46d69924f7e31770db19f9143c631399be69bd5b65c
A,E3_L2_F2_F4,L2,20240604,B4b,900,1,1,0,0,runs/experiment3/E3_L2_F2_F4/seed20240604/B4b,f0c82fc6050a82e34d98f46d69924f7e31770db19f9143c631399be69bd5b65c
A,E3_L2_F2_F4,L2,20240605,B0,900,1,1,0,0,runs/experiment3/E3_L2_F2_F4/seed20240605/B0,0cfb7c0f922a8cfa210adc8afe9618639fc00eb344e2a0d2e986f273994f23c3
A,E3_L2_F2_F4,L2,20240605,B1,900,1,1,0,0,runs/experiment3/E3_L2_F2_F4/seed20240605/B1,6703f4f6af7f8691472f29568a45560b6c44d9bb0fd00ae6600ce611eaef9384
A,E3_L2_F2_F4,L2,20240605,B2,900,1,1,0,0,runs/experiment3/E3_L2_F2_F4/seed20240605/B2,6703f4f6af7f8691472f29568a45560b6c44d9bb0fd00ae6600ce611eaef9384
A,E3_L2_F2_F4,L2,20240605,B4b,900,1,1,0,0,runs/experiment3/E3_L2_F2_F4/seed20240605/B4b,6703f4f6af7f8691472f29568a45560b6c44d9bb0fd00ae6600ce611eaef9384
A,E3_L2_F2_F4,L2,20240606,B0,900,1,1,0,0,runs/experiment3/E3_L2_F2_F4/seed20240606/B0,bfd3dd7fbb0943675a7f42810680e0acf154986c5cbcaab8ea3ed4d4d7f39965
A,E3_L2_F2_F4,L2,20240606,B1,900,1,1,0,0,runs/experiment3/E3_L2_F2_F4/seed20240606/B1,b478adb00b822ef672c20aebd7e7346168a10ac2898a4986041dbba5a7192b26
A,E3_L2_F2_F4,L2,20240606,B2,900,1,1,0,0,runs/experiment3/E3_L2_F2_F4/seed20240606/B2,b478adb00b822ef672c20aebd7e7346168a10ac2898a4986041dbba5a7192b26
A,E3_L2_F2_F4,L2,20240606,B4b,900,1,1,0,0,runs/experiment3/E3_L2_F2_F4/seed20240606/B4b,b478adb00b822ef672c20aebd7e7346168a10ac2898a4986041dbba5a7192b26
A,E3_L2_F2_F4,L2,20240607,B0,900,1,1,0,0,runs/experiment3/E3_L2_F2_F4/seed20240607/B0,8eb8c1d941d12ef437cfb5f19c1cb0b1e0d90e951478560de8caf6dcadf5c95f
A,E3_L2_F2_F4,L2,20240607,B1,900,1,1,0,0,runs/experiment3/E3_L2_F2_F4/seed20240607/B1,b84521205d3fb83c098bb409d5af47e54a4d32efcf7cb27fa43bed9a762331a7
A,E3_L2_F2_F4,L2,20240607,B2,900,1,1,0,0,runs/experiment3/E3_L2_F2_F4/seed20240607/B2,b84521205d3fb83c098bb409d5af47e54a4d32efcf7cb27fa43bed9a762331a7
A,E3_L2_F2_F4,L2,20240607,B4b,900,1,1,0,0,runs/experiment3/E3_L2_F2_F4/seed20240607/B4b,b84521205d3fb83c098bb409d5af47e54a4d32efcf7cb27fa43bed9a762331a7
A,E3_L2_F2_F4,L2,20240608,B0,900,1,1,0,0,runs/experiment3/E3_L2_F2_F4/seed20240608/B0,06699c4c0abea5327cde254b76c766f054cc657562a7a8fb8f88e33268b15baf
A,E3_L2_F2_F4,L2,20240608,B1,900,1,1,0,0,runs/experiment3/E3_L2_F2_F4/seed20240608/B1,04d5e940e1dd6fd28b816a80bfefbe051f48fe2e64ae91046a95d2969e47ee34
A,E3_L2_F2_F4,L2,20240608,B2,900,1,1,0,0,runs/experiment3/E3_L2_F2_F4/seed20240608/B2,04d5e940e1dd6fd28b816a80bfefbe051f48fe2e64ae91046a95d2969e47ee34
A,E3_L2_F2_F4,L2,20240608,B4b,900,1,1,0,0,runs/experiment3/E3_L2_F2_F4/seed20240608/B4b,04d5e940e1dd6fd28b816a80bfefbe051f48fe2e64ae91046a95d2969e47ee34
A,E3_L2_F2_F4,L2,20240609,B0,900,1,1,0,0,runs/experiment3/E3_L2_F2_F4/seed20240609/B0,a3b8e937a7da93a2ceb4e5634ff739b71692c8c62cc12ca9281fb66452976847
A,E3_L2_F2_F4,L2,20240609,B1,900,1,1,0,0,runs/experiment3/E3_L2_F2_F4/seed20240609/B1,955d3a3f98a79e77ff0d57336f5e3641b8f84d268ba823e4cef26890d4ced0a7
A,E3_L2_F2_F4,L2,20240609,B2,900,1,1,0,0,runs/experiment3/E3_L2_F2_F4/seed20240609/B2,955d3a3f98a79e77ff0d57336f5e3641b8f84d268ba823e4cef26890d4ced0a7
A,E3_L2_F2_F4,L2,20240609,B4b,900,1,1,0,0,runs/experiment3/E3_L2_F2_F4/seed20240609/B4b,955d3a3f98a79e77ff0d57336f5e3641b8f84d268ba823e4cef26890d4ced0a7
A,E3_L2_F2_F4,L2,20240610,B0,900,1,1,0,0,runs/experiment3/E3_L2_F2_F4/seed20240610/B0,79c1909e85ad8edb3dafc4b286635f815d027cd11be7277618f7d1f11ed62e5f
A,E3_L2_F2_F4,L2,20240610,B1,900,1,1,0,0,runs/experiment3/E3_L2_F2_F4/seed20240610/B1,418187c57728baa2237a4e2cd7d68b3bf2636a687b4d6590aaef4c5e288ac90b
A,E3_L2_F2_F4,L2,20240610,B2,900,1,1,0,0,runs/experiment3/E3_L2_F2_F4/seed20240610/B2,418187c57728baa2237a4e2cd7d68b3bf2636a687b4d6590aaef4c5e288ac90b
A,E3_L2_F2_F4,L2,20240610,B4b,900,1,1,0,0,runs/experiment3/E3_L2_F2_F4/seed20240610/B4b,418187c57728baa2237a4e2cd7d68b3bf2636a687b4d6590aaef4c5e288ac90b
A,E3_L2_F2_F4,L2,20240611,B0,900,1,1,0,0,runs/experiment3/E3_L2_F2_F4/seed20240611/B0,e143862f4ea048b0cbba606053b74a8bff7c306d657ea16cfb28f60fccb67338
A,E3_L2_F2_F4,L2,20240611,B1,900,1,1,0,0,runs/experiment3/E3_L2_F2_F4/seed20240611/B1,da8046fe4ada6abdcd2617ad9dc00ecee9ae6e06e4dbf90edb46ee01e6f27ede
A,E3_L2_F2_F4,L2,20240611,B2,900,1,1,0,0,runs/experiment3/E3_L2_F2_F4/seed20240611/B2,da8046fe4ada6abdcd2617ad9dc00ecee9ae6e06e4dbf90edb46ee01e6f27ede
A,E3_L2_F2_F4,L2,20240611,B4b,900,1,1,0,0,runs/experiment3/E3_L2_F2_F4/seed20240611/B4b,da8046fe4ada6abdcd2617ad9dc00ecee9ae6e06e4dbf90edb46ee01e6f27ede
A,E3_L2_F2_F4,L2,20240612,B0,900,1,1,0,0,runs/experiment3/E3_L2_F2_F4/seed20240612/B0,9f3f8405060b0f4a42c046c2a1c6be26c7a230e1f13dede80ce76cf82d2d8bb3
A,E3_L2_F2_F4,L2,20240612,B1,900,1,1,0,0,runs/experiment3/E3_L2_F2_F4/seed20240612/B1,d3bb2760d49ad40bf60e7c66643d054ca42ad4f8ef894b082234225d894a9111
A,E3_L2_F2_F4,L2,20240612,B2,900,1,1,0,0,runs/experiment3/E3_L2_F2_F4/seed20240612/B2,d3bb2760d49ad40bf60e7c66643d054ca42ad4f8ef894b082234225d894a9111
A,E3_L2_F2_F4,L2,20240612,B4b,900,1,1,0,0,runs/experiment3/E3_L2_F2_F4/seed20240612/B4b,d3bb2760d49ad40bf60e7c66643d054ca42ad4f8ef894b082234225d894a9111
A,E3_L2_F2_F4,L2,20240613,B0,900,1,1,0,0,runs/experiment3/E3_L2_F2_F4/seed20240613/B0,81eeff5f0a7007dbc920c8a069bdf50828115ce22f4365f322a36b9d00391f23
A,E3_L2_F2_F4,L2,20240613,B1,900,1,1,0,0,runs/experiment3/E3_L2_F2_F4/seed20240613/B1,aa900e92d241a2dd66dabcf9d0952f9dfdce62ca7eff71c764b64b864da8feed
A,E3_L2_F2_F4,L2,20240613,B2,900,1,1,0,0,runs/experiment3/E3_L2_F2_F4/seed20240613/B2,aa900e92d241a2dd66dabcf9d0952f9dfdce62ca7eff71c764b64b864da8feed
A,E3_L2_F2_F4,L2,20240613,B4b,900,1,1,0,0,runs/experiment3/E3_L2_F2_F4/seed20240613/B4b,aa900e92d241a2dd66dabcf9d0952f9dfdce62ca7eff71c764b64b864da8feed
A,E3_L2_F2_F4,L2,20240614,B0,900,1,1,0,0,runs/experiment3/E3_L2_F2_F4/seed20240614/B0,f982df8781940c6581a282587801548b88ddefbd1ceae64c9e503a1cfaf5f017
A,E3_L2_F2_F4,L2,20240614,B1,900,1,1,0,0,runs/experiment3/E3_L2_F2_F4/seed20240614/B1,95a1c28a493e5d43fbef8f496ca3be44f253cddb63e5be63f88769530f64a03a
A,E3_L2_F2_F4,L2,20240614,B2,900,1,1,0,0,runs/experiment3/E3_L2_F2_F4/seed20240614/B2,95a1c28a493e5d43fbef8f496ca3be44f253cddb63e5be63f88769530f64a03a
A,E3_L2_F2_F4,L2,20240614,B4b,900,1,1,0,0,runs/experiment3/E3_L2_F2_F4/seed20240614/B4b,95a1c28a493e5d43fbef8f496ca3be44f253cddb63e5be63f88769530f64a03a
A,E3_L2_F2_F4,L2,20240615,B0,900,1,1,0,0,runs/experiment3/E3_L2_F2_F4/seed20240615/B0,37b64731a2dca438b7ab98f261508bbe90a8adf712155538c2b2e3169ec5f4c9
A,E3_L2_F2_F4,L2,20240615,B1,900,1,1,0,0,runs/experiment3/E3_L2_F2_F4/seed20240615/B1,098bf2923d43f65a2fc570430d5c7b19f5956315ddcdf5ba6cc51f2b12ad6793
A,E3_L2_F2_F4,L2,20240615,B2,900,1,1,0,0,runs/experiment3/E3_L2_F2_F4/seed20240615/B2,098bf2923d43f65a2fc570430d5c7b19f5956315ddcdf5ba6cc51f2b12ad6793
A,E3_L2_F2_F4,L2,20240615,B4b,900,1,1,0,0,runs/experiment3/E3_L2_F2_F4/seed20240615/B4b,098bf2923d43f65a2fc570430d5c7b19f5956315ddcdf5ba6cc51f2b12ad6793
A,E3_L2_F2_F4,L2,20240616,B0,900,1,1,0,0,runs/experiment3/E3_L2_F2_F4/seed20240616/B0,1643b47b63330c8245cf93f13e3e362a10c0f87ad8952e1b8db19a3d42a61b67
A,E3_L2_F2_F4,L2,20240616,B1,900,1,1,0,0,runs/experiment3/E3_L2_F2_F4/seed20240616/B1,35f82b189ee56f00b37a8c66e7682dd7e9895190540eef56a670ed32913defa5
A,E3_L2_F2_F4,L2,20240616,B2,900,1,1,0,0,runs/experiment3/E3_L2_F2_F4/seed20240616/B2,35f82b189ee56f00b37a8c66e7682dd7e9895190540eef56a670ed32913defa5
A,E3_L2_F2_F4,L2,20240616,B4b,900,1,1,0,0,runs/experiment3/E3_L2_F2_F4/seed20240616/B4b,35f82b189ee56f00b37a8c66e7682dd7e9895190540eef56a670ed32913defa5
A,E3_L2_F2_F4,L2,20240617,B0,900,1,1,0,0,runs/experiment3/E3_L2_F2_F4/seed20240617/B0,8c1cfe69f052d350ff1baa509edce86e80a8aa6d96a88709fdd43761a5b04cc0
A,E3_L2_F2_F4,L2,20240617,B1,900,1,1,0,0,runs/experiment3/E3_L2_F2_F4/seed20240617/B1,bb61c240f886b77848534c046a99ca34bc8e8ebbd059d3fcf959000030806663
A,E3_L2_F2_F4,L2,20240617,B2,900,1,1,0,0,runs/experiment3/E3_L2_F2_F4/seed20240617/B2,bb61c240f886b77848534c046a99ca34bc8e8ebbd059d3fcf959000030806663
A,E3_L2_F2_F4,L2,20240617,B4b,900,1,1,0,0,runs/experiment3/E3_L2_F2_F4/seed20240617/B4b,bb61c240f886b77848534c046a99ca34bc8e8ebbd059d3fcf959000030806663
A,E3_L2_F2_F4,L2,20240618,B0,900,1,1,0,0,runs/experiment3/E3_L2_F2_F4/seed20240618/B0,c003ec07eb0b1f5522baabaac6275b2d00012a86ee1847ee305b655a31287961
A,E3_L2_F2_F4,L2,20240618,B1,900,1,1,0,0,runs/experiment3/E3_L2_F2_F4/seed20240618/B1,ffdf3e72542926f91260b6274912e405b1a82469f952ce534025a43f097b78de
A,E3_L2_F2_F4,L2,20240618,B2,900,1,1,0,0,runs/experiment3/E3_L2_F2_F4/seed20240618/B2,ffdf3e72542926f91260b6274912e405b1a82469f952ce534025a43f097b78de
A,E3_L2_F2_F4,L2,20240618,B4b,900,1,1,0,0,runs/experiment3/E3_L2_F2_F4/seed20240618/B4b,ffdf3e72542926f91260b6274912e405b1a82469f952ce534025a43f097b78de
A,E3_L2_F2_F4,L2,20240619,B0,900,1,1,0,0,runs/experiment3/E3_L2_F2_F4/seed20240619/B0,3ae3e1bf5b462bf4c1fe643a18a2918c39e7584fb439b3d431308aa87f9f0a26
A,E3_L2_F2_F4,L2,20240619,B1,900,1,1,0,0,runs/experiment3/E3_L2_F2_F4/seed20240619/B1,874ac1869ec9c3da2d1eff0bcc29bb6a701d28ab27f4bca3e2e809924bec0ec6
A,E3_L2_F2_F4,L2,20240619,B2,900,1,1,0,0,runs/experiment3/E3_L2_F2_F4/seed20240619/B2,874ac1869ec9c3da2d1eff0bcc29bb6a701d28ab27f4bca3e2e809924bec0ec6
A,E3_L2_F2_F4,L2,20240619,B4b,900,1,1,0,0,runs/experiment3/E3_L2_F2_F4/seed20240619/B4b,874ac1869ec9c3da2d1eff0bcc29bb6a701d28ab27f4bca3e2e809924bec0ec6
A,E3_L2_F2_F4,L2,20240620,B0,900,1,1,0,0,runs/experiment3/E3_L2_F2_F4/seed20240620/B0,f33142c2d573c6ad5f822860cf9d4cf46ca2017be1933ebe039e3076816c067c
A,E3_L2_F2_F4,L2,20240620,B1,900,1,1,0,0,runs/experiment3/E3_L2_F2_F4/seed20240620/B1,f26493bfa797e337770bbf79a89992c702d08770b57928cfd3d943d55edf0035
A,E3_L2_F2_F4,L2,20240620,B2,900,1,1,0,0,runs/experiment3/E3_L2_F2_F4/seed20240620/B2,f26493bfa797e337770bbf79a89992c702d08770b57928cfd3d943d55edf0035
A,E3_L2_F2_F4,L2,20240620,B4b,900,1,1,0,0,runs/experiment3/E3_L2_F2_F4/seed20240620/B4b,f26493bfa797e337770bbf79a89992c702d08770b57928cfd3d943d55edf0035
A,E3_L2_F6_F5,L2,20240601,B0,900,1,1,0,0,runs/experiment3/E3_L2_F6_F5/seed20240601/B0,929dd939ca4452d3254a23412f047c266ff91e5dedcc10dccf03c9912db0fdb2
A,E3_L2_F6_F5,L2,20240601,B1,900,1,1,0,0,runs/experiment3/E3_L2_F6_F5/seed20240601/B1,afc11119f8e8f1bc5efb41bd17130f3093c24592ab3b52ad26140876c356ecef
A,E3_L2_F6_F5,L2,20240601,B2,900,1,1,0,0,runs/experiment3/E3_L2_F6_F5/seed20240601/B2,afc11119f8e8f1bc5efb41bd17130f3093c24592ab3b52ad26140876c356ecef
A,E3_L2_F6_F5,L2,20240601,B4b,900,1,1,0,0,runs/experiment3/E3_L2_F6_F5/seed20240601/B4b,afc11119f8e8f1bc5efb41bd17130f3093c24592ab3b52ad26140876c356ecef
A,E3_L2_F6_F5,L2,20240602,B0,900,1,1,0,0,runs/experiment3/E3_L2_F6_F5/seed20240602/B0,3490d935cd768996b85075415826130557630dc8040583678548aa55c6ad5949
A,E3_L2_F6_F5,L2,20240602,B1,900,1,1,0,0,runs/experiment3/E3_L2_F6_F5/seed20240602/B1,19e0e5cbbfc6e1e1ef3376b7df3471b9817290b6cc0dc977c77fc95782b38801
A,E3_L2_F6_F5,L2,20240602,B2,900,1,1,0,0,runs/experiment3/E3_L2_F6_F5/seed20240602/B2,19e0e5cbbfc6e1e1ef3376b7df3471b9817290b6cc0dc977c77fc95782b38801
A,E3_L2_F6_F5,L2,20240602,B4b,900,1,1,0,0,runs/experiment3/E3_L2_F6_F5/seed20240602/B4b,19e0e5cbbfc6e1e1ef3376b7df3471b9817290b6cc0dc977c77fc95782b38801
A,E3_L2_F6_F5,L2,20240603,B0,900,1,1,0,0,runs/experiment3/E3_L2_F6_F5/seed20240603/B0,67a19c1dadbed1e9d7294def0cbd71e5fd74d5eefd51a042dd4677a60a4c87dd
A,E3_L2_F6_F5,L2,20240603,B1,900,1,1,0,0,runs/experiment3/E3_L2_F6_F5/seed20240603/B1,ca0f059fdd872ba61e238a1e9999619dd4693336891e94cdfbb4ddab9e2cae4c
A,E3_L2_F6_F5,L2,20240603,B2,900,1,1,0,0,runs/experiment3/E3_L2_F6_F5/seed20240603/B2,ca0f059fdd872ba61e238a1e9999619dd4693336891e94cdfbb4ddab9e2cae4c
A,E3_L2_F6_F5,L2,20240603,B4b,900,1,1,0,0,runs/experiment3/E3_L2_F6_F5/seed20240603/B4b,ca0f059fdd872ba61e238a1e9999619dd4693336891e94cdfbb4ddab9e2cae4c
A,E3_L2_F6_F5,L2,20240604,B0,900,1,1,0,0,runs/experiment3/E3_L2_F6_F5/seed20240604/B0,b972438dfdfe7cc3cbb1ae3be512a9a90ff2429aca6bf8983d5e18813ab401bf
A,E3_L2_F6_F5,L2,20240604,B1,900,1,1,0,0,runs/experiment3/E3_L2_F6_F5/seed20240604/B1,1482eca9772ab248385f5d3b6e3a51bb8595049cec7ea10c7044797fd900bb80
A,E3_L2_F6_F5,L2,20240604,B2,900,1,1,0,0,runs/experiment3/E3_L2_F6_F5/seed20240604/B2,1482eca9772ab248385f5d3b6e3a51bb8595049cec7ea10c7044797fd900bb80
A,E3_L2_F6_F5,L2,20240604,B4b,900,1,1,0,0,runs/experiment3/E3_L2_F6_F5/seed20240604/B4b,1482eca9772ab248385f5d3b6e3a51bb8595049cec7ea10c7044797fd900bb80
A,E3_L2_F6_F5,L2,20240605,B0,900,1,1,0,0,runs/experiment3/E3_L2_F6_F5/seed20240605/B0,fc1c8ecac564fc8a21db386b71d9e0904266f33e3ed66d0cd5d1bf5bf2fea6b4
A,E3_L2_F6_F5,L2,20240605,B1,900,1,1,0,0,runs/experiment3/E3_L2_F6_F5/seed20240605/B1,d48797732bcce8a9202fcebe90d48b427cb2c1d90a996e7d095b1b591e69ea25
A,E3_L2_F6_F5,L2,20240605,B2,900,1,1,0,0,runs/experiment3/E3_L2_F6_F5/seed20240605/B2,d48797732bcce8a9202fcebe90d48b427cb2c1d90a996e7d095b1b591e69ea25
A,E3_L2_F6_F5,L2,20240605,B4b,900,1,1,0,0,runs/experiment3/E3_L2_F6_F5/seed20240605/B4b,d48797732bcce8a9202fcebe90d48b427cb2c1d90a996e7d095b1b591e69ea25
A,E3_L2_F6_F5,L2,20240606,B0,900,1,1,0,0,runs/experiment3/E3_L2_F6_F5/seed20240606/B0,7098d0f1885c7c73ce2cde3a8083152f8159d563d4dad41959c2cb04b6e06b24
A,E3_L2_F6_F5,L2,20240606,B1,900,1,1,0,0,runs/experiment3/E3_L2_F6_F5/seed20240606/B1,6c1b3c7457cd228ba1f91a99f9287242d30a664bfef64f9bf1c7ae68ca32b51b
A,E3_L2_F6_F5,L2,20240606,B2,900,1,1,0,0,runs/experiment3/E3_L2_F6_F5/seed20240606/B2,6c1b3c7457cd228ba1f91a99f9287242d30a664bfef64f9bf1c7ae68ca32b51b
A,E3_L2_F6_F5,L2,20240606,B4b,900,1,1,0,0,runs/experiment3/E3_L2_F6_F5/seed20240606/B4b,6c1b3c7457cd228ba1f91a99f9287242d30a664bfef64f9bf1c7ae68ca32b51b
A,E3_L2_F6_F5,L2,20240607,B0,900,1,1,0,0,runs/experiment3/E3_L2_F6_F5/seed20240607/B0,900b9bc9346b150f9cc2bd4578016ab88cf829cb3658df6cb8f54ec9ce67e8a9
A,E3_L2_F6_F5,L2,20240607,B1,900,1,1,0,0,runs/experiment3/E3_L2_F6_F5/seed20240607/B1,f7e7661afe116b8fe3994c9cfb198a836b2287c94845f1f7515e24797d6f15ce
A,E3_L2_F6_F5,L2,20240607,B2,900,1,1,0,0,runs/experiment3/E3_L2_F6_F5/seed20240607/B2,f7e7661afe116b8fe3994c9cfb198a836b2287c94845f1f7515e24797d6f15ce
A,E3_L2_F6_F5,L2,20240607,B4b,900,1,1,0,0,runs/experiment3/E3_L2_F6_F5/seed20240607/B4b,f7e7661afe116b8fe3994c9cfb198a836b2287c94845f1f7515e24797d6f15ce
A,E3_L2_F6_F5,L2,20240608,B0,900,1,1,0,0,runs/experiment3/E3_L2_F6_F5/seed20240608/B0,19aa3f71f1b6f8ffb608085b28234c6e75475fc1251202b1f8278d3ce692dafa
A,E3_L2_F6_F5,L2,20240608,B1,900,1,1,0,0,runs/experiment3/E3_L2_F6_F5/seed20240608/B1,9c472f26d5a221081e87b10a813a3dcedcae3487f6fc48008341068f515b8762
A,E3_L2_F6_F5,L2,20240608,B2,900,1,1,0,0,runs/experiment3/E3_L2_F6_F5/seed20240608/B2,9c472f26d5a221081e87b10a813a3dcedcae3487f6fc48008341068f515b8762
A,E3_L2_F6_F5,L2,20240608,B4b,900,1,1,0,0,runs/experiment3/E3_L2_F6_F5/seed20240608/B4b,9c472f26d5a221081e87b10a813a3dcedcae3487f6fc48008341068f515b8762
A,E3_L2_F6_F5,L2,20240609,B0,900,1,1,0,0,runs/experiment3/E3_L2_F6_F5/seed20240609/B0,ce359f212549ebdbb1efa081aaf7a3d22f575e19c62729945599f479ffe2a194
A,E3_L2_F6_F5,L2,20240609,B1,900,1,1,0,0,runs/experiment3/E3_L2_F6_F5/seed20240609/B1,05a163c75813e07e00e4fb039988f0534e852513f85b88c5c4e6fb6c1ba4989b
A,E3_L2_F6_F5,L2,20240609,B2,900,1,1,0,0,runs/experiment3/E3_L2_F6_F5/seed20240609/B2,05a163c75813e07e00e4fb039988f0534e852513f85b88c5c4e6fb6c1ba4989b
A,E3_L2_F6_F5,L2,20240609,B4b,900,1,1,0,0,runs/experiment3/E3_L2_F6_F5/seed20240609/B4b,05a163c75813e07e00e4fb039988f0534e852513f85b88c5c4e6fb6c1ba4989b
A,E3_L2_F6_F5,L2,20240610,B0,900,1,1,0,0,runs/experiment3/E3_L2_F6_F5/seed20240610/B0,42da2dd8f46d2dd1ac71de848bacd16523bcefbb50611316753ec310791ea0fb
A,E3_L2_F6_F5,L2,20240610,B1,900,1,1,0,0,runs/experiment3/E3_L2_F6_F5/seed20240610/B1,7d8c75e4356c79fc556b7c32f951b9dc08489ce0f372faee759215fbb03f3761
A,E3_L2_F6_F5,L2,20240610,B2,900,1,1,0,0,runs/experiment3/E3_L2_F6_F5/seed20240610/B2,7d8c75e4356c79fc556b7c32f951b9dc08489ce0f372faee759215fbb03f3761
A,E3_L2_F6_F5,L2,20240610,B4b,900,1,1,0,0,runs/experiment3/E3_L2_F6_F5/seed20240610/B4b,7d8c75e4356c79fc556b7c32f951b9dc08489ce0f372faee759215fbb03f3761
A,E3_L2_F6_F5,L2,20240611,B0,900,1,1,0,0,runs/experiment3/E3_L2_F6_F5/seed20240611/B0,469d032fec6e27457da8fc9eed846375ccd446663876f079df2782d293c16de5
A,E3_L2_F6_F5,L2,20240611,B1,900,1,1,0,0,runs/experiment3/E3_L2_F6_F5/seed20240611/B1,de34636bc8350c776164d401884dc373ed64cf497c3c708795d63bd98928f1d2
A,E3_L2_F6_F5,L2,20240611,B2,900,1,1,0,0,runs/experiment3/E3_L2_F6_F5/seed20240611/B2,de34636bc8350c776164d401884dc373ed64cf497c3c708795d63bd98928f1d2
A,E3_L2_F6_F5,L2,20240611,B4b,900,1,1,0,0,runs/experiment3/E3_L2_F6_F5/seed20240611/B4b,de34636bc8350c776164d401884dc373ed64cf497c3c708795d63bd98928f1d2
A,E3_L2_F6_F5,L2,20240612,B0,900,1,1,0,0,runs/experiment3/E3_L2_F6_F5/seed20240612/B0,39fa614a0fad8de671b8d32f154451cc3e1461167e81ca0fac001a664c98c806
A,E3_L2_F6_F5,L2,20240612,B1,900,1,1,0,0,runs/experiment3/E3_L2_F6_F5/seed20240612/B1,d142970147119a02eaac1403ce55aeb946a3019629c46a0566575c37d21d0cbf
A,E3_L2_F6_F5,L2,20240612,B2,900,1,1,0,0,runs/experiment3/E3_L2_F6_F5/seed20240612/B2,d142970147119a02eaac1403ce55aeb946a3019629c46a0566575c37d21d0cbf
A,E3_L2_F6_F5,L2,20240612,B4b,900,1,1,0,0,runs/experiment3/E3_L2_F6_F5/seed20240612/B4b,d142970147119a02eaac1403ce55aeb946a3019629c46a0566575c37d21d0cbf
A,E3_L2_F6_F5,L2,20240613,B0,900,1,1,0,0,runs/experiment3/E3_L2_F6_F5/seed20240613/B0,bc1403154c37deaaa7ca1895bc0929a05f231ec52995490eeb73289f24a691bc
A,E3_L2_F6_F5,L2,20240613,B1,900,1,1,0,0,runs/experiment3/E3_L2_F6_F5/seed20240613/B1,723db5d0a7c7a1bd44b59376b07d128c4ac9059ed85b60fcc18aed5b65bd9f10
A,E3_L2_F6_F5,L2,20240613,B2,900,1,1,0,0,runs/experiment3/E3_L2_F6_F5/seed20240613/B2,723db5d0a7c7a1bd44b59376b07d128c4ac9059ed85b60fcc18aed5b65bd9f10
A,E3_L2_F6_F5,L2,20240613,B4b,900,1,1,0,0,runs/experiment3/E3_L2_F6_F5/seed20240613/B4b,723db5d0a7c7a1bd44b59376b07d128c4ac9059ed85b60fcc18aed5b65bd9f10
A,E3_L2_F6_F5,L2,20240614,B0,900,1,1,0,0,runs/experiment3/E3_L2_F6_F5/seed20240614/B0,a803aa812d8bcdb1aedf6588064f6e418a8030104d6609c8f0513c784c8ef18b
A,E3_L2_F6_F5,L2,20240614,B1,900,1,1,0,0,runs/experiment3/E3_L2_F6_F5/seed20240614/B1,57caba7716e0cbea4a5c5eeebcba05a317e85857565bea024406026e9c2cdcba
A,E3_L2_F6_F5,L2,20240614,B2,900,1,1,0,0,runs/experiment3/E3_L2_F6_F5/seed20240614/B2,57caba7716e0cbea4a5c5eeebcba05a317e85857565bea024406026e9c2cdcba
A,E3_L2_F6_F5,L2,20240614,B4b,900,1,1,0,0,runs/experiment3/E3_L2_F6_F5/seed20240614/B4b,57caba7716e0cbea4a5c5eeebcba05a317e85857565bea024406026e9c2cdcba
A,E3_L2_F6_F5,L2,20240615,B0,900,1,1,0,0,runs/experiment3/E3_L2_F6_F5/seed20240615/B0,7406a729d127cd4c5a30fd345b6e059c7a13d7a47f26cb07ef509af54675df0e
A,E3_L2_F6_F5,L2,20240615,B1,900,1,1,0,0,runs/experiment3/E3_L2_F6_F5/seed20240615/B1,45e949283d23842a84495d8d2e4013099122df452689c3c32b7867047c66dcf8
A,E3_L2_F6_F5,L2,20240615,B2,900,1,1,0,0,runs/experiment3/E3_L2_F6_F5/seed20240615/B2,45e949283d23842a84495d8d2e4013099122df452689c3c32b7867047c66dcf8
A,E3_L2_F6_F5,L2,20240615,B4b,900,1,1,0,0,runs/experiment3/E3_L2_F6_F5/seed20240615/B4b,45e949283d23842a84495d8d2e4013099122df452689c3c32b7867047c66dcf8
A,E3_L2_F6_F5,L2,20240616,B0,900,1,1,0,0,runs/experiment3/E3_L2_F6_F5/seed20240616/B0,599475f7d2c5234ff5509a37b2c71b8a306d39c2f89421cb50d182680c084ebc
A,E3_L2_F6_F5,L2,20240616,B1,900,1,1,0,0,runs/experiment3/E3_L2_F6_F5/seed20240616/B1,b7514c10febeb2819f006cbe710fb2c8f1b55a711aaeb634d6c5dde3fea5cb40
A,E3_L2_F6_F5,L2,20240616,B2,900,1,1,0,0,runs/experiment3/E3_L2_F6_F5/seed20240616/B2,b7514c10febeb2819f006cbe710fb2c8f1b55a711aaeb634d6c5dde3fea5cb40
A,E3_L2_F6_F5,L2,20240616,B4b,900,1,1,0,0,runs/experiment3/E3_L2_F6_F5/seed20240616/B4b,b7514c10febeb2819f006cbe710fb2c8f1b55a711aaeb634d6c5dde3fea5cb40
A,E3_L2_F6_F5,L2,20240617,B0,900,1,1,0,0,runs/experiment3/E3_L2_F6_F5/seed20240617/B0,f57d7f4366064c23094c2d53900f7a8b7f109debd28e803458991ee1972ef134
A,E3_L2_F6_F5,L2,20240617,B1,900,1,1,0,0,runs/experiment3/E3_L2_F6_F5/seed20240617/B1,45eaae18a1f3f93ddb1ba3a1e3277c7ae133cac7ad2b6dac6e1a6f3a87a90ad5
A,E3_L2_F6_F5,L2,20240617,B2,900,1,1,0,0,runs/experiment3/E3_L2_F6_F5/seed20240617/B2,45eaae18a1f3f93ddb1ba3a1e3277c7ae133cac7ad2b6dac6e1a6f3a87a90ad5
A,E3_L2_F6_F5,L2,20240617,B4b,900,1,1,0,0,runs/experiment3/E3_L2_F6_F5/seed20240617/B4b,45eaae18a1f3f93ddb1ba3a1e3277c7ae133cac7ad2b6dac6e1a6f3a87a90ad5
A,E3_L2_F6_F5,L2,20240618,B0,900,1,1,0,0,runs/experiment3/E3_L2_F6_F5/seed20240618/B0,404982f309096954b845cade15c515fd986ce09efee4386efd62c27434354b78
A,E3_L2_F6_F5,L2,20240618,B1,900,1,1,0,0,runs/experiment3/E3_L2_F6_F5/seed20240618/B1,235c0c1f5c8a999d41633d18938440dad408a36d308d4518dc3c96c1e754e266
A,E3_L2_F6_F5,L2,20240618,B2,900,1,1,0,0,runs/experiment3/E3_L2_F6_F5/seed20240618/B2,235c0c1f5c8a999d41633d18938440dad408a36d308d4518dc3c96c1e754e266
A,E3_L2_F6_F5,L2,20240618,B4b,900,1,1,0,0,runs/experiment3/E3_L2_F6_F5/seed20240618/B4b,235c0c1f5c8a999d41633d18938440dad408a36d308d4518dc3c96c1e754e266
A,E3_L2_F6_F5,L2,20240619,B0,900,1,1,0,0,runs/experiment3/E3_L2_F6_F5/seed20240619/B0,94b7bafb6a8c8b7ecee4d9bd9f8b170076a8f57d823545223827986b4f23649d
A,E3_L2_F6_F5,L2,20240619,B1,900,1,1,0,0,runs/experiment3/E3_L2_F6_F5/seed20240619/B1,5a5cc4f2788eaeef4fc0ed3a7bc0da7324af78553baa52d4128c3084009bfd1a
A,E3_L2_F6_F5,L2,20240619,B2,900,1,1,0,0,runs/experiment3/E3_L2_F6_F5/seed20240619/B2,5a5cc4f2788eaeef4fc0ed3a7bc0da7324af78553baa52d4128c3084009bfd1a
A,E3_L2_F6_F5,L2,20240619,B4b,900,1,1,0,0,runs/experiment3/E3_L2_F6_F5/seed20240619/B4b,5a5cc4f2788eaeef4fc0ed3a7bc0da7324af78553baa52d4128c3084009bfd1a
A,E3_L2_F6_F5,L2,20240620,B0,900,1,1,0,0,runs/experiment3/E3_L2_F6_F5/seed20240620/B0,a36f20f5c72fb4580858db5119a72dd44b4fbf3e5b2be5202985e9025ea29105
A,E3_L2_F6_F5,L2,20240620,B1,900,1,1,0,0,runs/experiment3/E3_L2_F6_F5/seed20240620/B1,59ecd95d86b27f2d64892178f547623245de1a43ac6d8968823f5c6e23f2664b
A,E3_L2_F6_F5,L2,20240620,B2,900,1,1,0,0,runs/experiment3/E3_L2_F6_F5/seed20240620/B2,59ecd95d86b27f2d64892178f547623245de1a43ac6d8968823f5c6e23f2664b
A,E3_L2_F6_F5,L2,20240620,B4b,900,1,1,0,0,runs/experiment3/E3_L2_F6_F5/seed20240620/B4b,59ecd95d86b27f2d64892178f547623245de1a43ac6d8968823f5c6e23f2664b
A,E3_L3_COMP_F1,L3,20240601,B0,1200,2,2,0,0,runs/experiment3/E3_L3_COMP_F1/seed20240601/B0,2c7816551ce00f3feb2c34aa506bf08747a971cfe5402d8c249664ad1b1e43d8
A,E3_L3_COMP_F1,L3,20240601,B1,1200,2,2,0,0,runs/experiment3/E3_L3_COMP_F1/seed20240601/B1,4ad0fcbcf21f6a85f2f09fbef802a75398546c52eb9bc444f665bef5b278ad58
A,E3_L3_COMP_F1,L3,20240601,B2,1200,2,2,0,0,runs/experiment3/E3_L3_COMP_F1/seed20240601/B2,4ad0fcbcf21f6a85f2f09fbef802a75398546c52eb9bc444f665bef5b278ad58
A,E3_L3_COMP_F1,L3,20240601,B4b,1200,2,2,0,0,runs/experiment3/E3_L3_COMP_F1/seed20240601/B4b,4ad0fcbcf21f6a85f2f09fbef802a75398546c52eb9bc444f665bef5b278ad58
A,E3_L3_COMP_F1,L3,20240602,B0,1200,2,2,0,0,runs/experiment3/E3_L3_COMP_F1/seed20240602/B0,b8d9c5b5687e60278debb6161715df156a2f23fc60bc25e53b39ee7792b6adc0
A,E3_L3_COMP_F1,L3,20240602,B1,1200,2,2,0,0,runs/experiment3/E3_L3_COMP_F1/seed20240602/B1,ed3fb94b997994f51815deebc56cd4c45df1d916500ec6a398728f8b8afd2619
A,E3_L3_COMP_F1,L3,20240602,B2,1200,2,2,0,0,runs/experiment3/E3_L3_COMP_F1/seed20240602/B2,ed3fb94b997994f51815deebc56cd4c45df1d916500ec6a398728f8b8afd2619
A,E3_L3_COMP_F1,L3,20240602,B4b,1200,2,2,0,0,runs/experiment3/E3_L3_COMP_F1/seed20240602/B4b,ed3fb94b997994f51815deebc56cd4c45df1d916500ec6a398728f8b8afd2619
A,E3_L3_COMP_F1,L3,20240603,B0,1200,2,2,0,0,runs/experiment3/E3_L3_COMP_F1/seed20240603/B0,0f4cdcc6629ac27918e417a79cd8e57be66c29ba0e0b7589a229b093036384b2
A,E3_L3_COMP_F1,L3,20240603,B1,1200,2,2,0,0,runs/experiment3/E3_L3_COMP_F1/seed20240603/B1,63f0e4483839e5a774ba405f796619ae8d90affc485261f70451e886df2725b8
A,E3_L3_COMP_F1,L3,20240603,B2,1200,2,2,0,0,runs/experiment3/E3_L3_COMP_F1/seed20240603/B2,63f0e4483839e5a774ba405f796619ae8d90affc485261f70451e886df2725b8
A,E3_L3_COMP_F1,L3,20240603,B4b,1200,2,2,0,0,runs/experiment3/E3_L3_COMP_F1/seed20240603/B4b,63f0e4483839e5a774ba405f796619ae8d90affc485261f70451e886df2725b8
A,E3_L3_COMP_F1,L3,20240604,B0,1200,2,2,0,0,runs/experiment3/E3_L3_COMP_F1/seed20240604/B0,f8530469eaf5c1a0fa7f5cbb58fb1617d01872da3f6a9ddf13a86aa32804ea60
A,E3_L3_COMP_F1,L3,20240604,B1,1200,2,2,0,0,runs/experiment3/E3_L3_COMP_F1/seed20240604/B1,b04e1b58912816fd0493557c3eee7f70599554786707e640b947b13992bce081
A,E3_L3_COMP_F1,L3,20240604,B2,1200,2,2,0,0,runs/experiment3/E3_L3_COMP_F1/seed20240604/B2,b04e1b58912816fd0493557c3eee7f70599554786707e640b947b13992bce081
A,E3_L3_COMP_F1,L3,20240604,B4b,1200,2,2,0,0,runs/experiment3/E3_L3_COMP_F1/seed20240604/B4b,b04e1b58912816fd0493557c3eee7f70599554786707e640b947b13992bce081
A,E3_L3_COMP_F1,L3,20240605,B0,1200,2,2,0,0,runs/experiment3/E3_L3_COMP_F1/seed20240605/B0,401250c0a63293a64af69c8cc46c70f1e1c4f723b813197d5738303c346253aa
A,E3_L3_COMP_F1,L3,20240605,B1,1200,2,2,0,0,runs/experiment3/E3_L3_COMP_F1/seed20240605/B1,59f7c4ad3bbc044212fb7f2c03d23edebca4493df8a32a69aadc49829b69df63
A,E3_L3_COMP_F1,L3,20240605,B2,1200,2,2,0,0,runs/experiment3/E3_L3_COMP_F1/seed20240605/B2,59f7c4ad3bbc044212fb7f2c03d23edebca4493df8a32a69aadc49829b69df63
A,E3_L3_COMP_F1,L3,20240605,B4b,1200,2,2,0,0,runs/experiment3/E3_L3_COMP_F1/seed20240605/B4b,59f7c4ad3bbc044212fb7f2c03d23edebca4493df8a32a69aadc49829b69df63
A,E3_L3_COMP_F1,L3,20240606,B0,1200,2,2,0,0,runs/experiment3/E3_L3_COMP_F1/seed20240606/B0,7d519338ab6db0cfa77d6cf194229b857190f442836f93773b8f5e6ac52bbfc0
A,E3_L3_COMP_F1,L3,20240606,B1,1200,2,2,0,0,runs/experiment3/E3_L3_COMP_F1/seed20240606/B1,879265e899c52cfaa7b5d46139de2afc2f5d851629d4c93badf90bca940d6a5a
A,E3_L3_COMP_F1,L3,20240606,B2,1200,2,2,0,0,runs/experiment3/E3_L3_COMP_F1/seed20240606/B2,879265e899c52cfaa7b5d46139de2afc2f5d851629d4c93badf90bca940d6a5a
A,E3_L3_COMP_F1,L3,20240606,B4b,1200,2,2,0,0,runs/experiment3/E3_L3_COMP_F1/seed20240606/B4b,879265e899c52cfaa7b5d46139de2afc2f5d851629d4c93badf90bca940d6a5a
A,E3_L3_COMP_F1,L3,20240607,B0,1200,2,2,0,0,runs/experiment3/E3_L3_COMP_F1/seed20240607/B0,014227cb86f1b0e4ce00dc4a7976e6cacad4de749e49b2fc5ab0cd9ffb8df56d
A,E3_L3_COMP_F1,L3,20240607,B1,1200,2,2,0,0,runs/experiment3/E3_L3_COMP_F1/seed20240607/B1,dbf45bb70f489cbf2034eac0959055e0b252dd4e642b8f6a6c5c7cb78362b093
A,E3_L3_COMP_F1,L3,20240607,B2,1200,2,2,0,0,runs/experiment3/E3_L3_COMP_F1/seed20240607/B2,dbf45bb70f489cbf2034eac0959055e0b252dd4e642b8f6a6c5c7cb78362b093
A,E3_L3_COMP_F1,L3,20240607,B4b,1200,2,2,0,0,runs/experiment3/E3_L3_COMP_F1/seed20240607/B4b,dbf45bb70f489cbf2034eac0959055e0b252dd4e642b8f6a6c5c7cb78362b093
A,E3_L3_COMP_F1,L3,20240608,B0,1200,2,2,0,0,runs/experiment3/E3_L3_COMP_F1/seed20240608/B0,8a2be702fe220f67feaa6b7157fe7a653731127ca6d96258a1b1e800c354395b
A,E3_L3_COMP_F1,L3,20240608,B1,1200,2,2,0,0,runs/experiment3/E3_L3_COMP_F1/seed20240608/B1,aeb28e1b6d23884ede41c021ebcb8d18145bd89fe6d64fe201b26aad1de2c953
A,E3_L3_COMP_F1,L3,20240608,B2,1200,2,2,0,0,runs/experiment3/E3_L3_COMP_F1/seed20240608/B2,aeb28e1b6d23884ede41c021ebcb8d18145bd89fe6d64fe201b26aad1de2c953
A,E3_L3_COMP_F1,L3,20240608,B4b,1200,2,2,0,0,runs/experiment3/E3_L3_COMP_F1/seed20240608/B4b,aeb28e1b6d23884ede41c021ebcb8d18145bd89fe6d64fe201b26aad1de2c953
A,E3_L3_COMP_F1,L3,20240609,B0,1200,2,2,0,0,runs/experiment3/E3_L3_COMP_F1/seed20240609/B0,d515db18e8380868292e7f336078e194e58e420f937ed89c84e6253b8e2dd5f0
A,E3_L3_COMP_F1,L3,20240609,B1,1200,2,2,0,0,runs/experiment3/E3_L3_COMP_F1/seed20240609/B1,9dbde6b6ee6be98a44eaf426f67dcd37511c8c9efea258d901a5fa491fadb5b4
A,E3_L3_COMP_F1,L3,20240609,B2,1200,2,2,0,0,runs/experiment3/E3_L3_COMP_F1/seed20240609/B2,9dbde6b6ee6be98a44eaf426f67dcd37511c8c9efea258d901a5fa491fadb5b4
A,E3_L3_COMP_F1,L3,20240609,B4b,1200,2,2,0,0,runs/experiment3/E3_L3_COMP_F1/seed20240609/B4b,9dbde6b6ee6be98a44eaf426f67dcd37511c8c9efea258d901a5fa491fadb5b4
A,E3_L3_COMP_F1,L3,20240610,B0,1200,2,2,0,0,runs/experiment3/E3_L3_COMP_F1/seed20240610/B0,13649d349c4ae74580ee3c135af135768405fae3c8b77d0502a795798c4a1cf5
A,E3_L3_COMP_F1,L3,20240610,B1,1200,2,2,0,0,runs/experiment3/E3_L3_COMP_F1/seed20240610/B1,ca716bcc6c7eba16353992cc3526199a71962848e9b61730a0925149a3401e92
A,E3_L3_COMP_F1,L3,20240610,B2,1200,2,2,0,0,runs/experiment3/E3_L3_COMP_F1/seed20240610/B2,ca716bcc6c7eba16353992cc3526199a71962848e9b61730a0925149a3401e92
A,E3_L3_COMP_F1,L3,20240610,B4b,1200,2,2,0,0,runs/experiment3/E3_L3_COMP_F1/seed20240610/B4b,ca716bcc6c7eba16353992cc3526199a71962848e9b61730a0925149a3401e92
A,E3_L3_COMP_F1,L3,20240611,B0,1200,2,2,0,0,runs/experiment3/E3_L3_COMP_F1/seed20240611/B0,de51d2d8b4aac76cf00c6dc79952f1b422584e59e2ec94d0d00337468a73a043
A,E3_L3_COMP_F1,L3,20240611,B1,1200,2,2,0,0,runs/experiment3/E3_L3_COMP_F1/seed20240611/B1,a8027e38b8ca9379233eaea2c92d533f7ba828223745919ac9d19f3ca79cf507
A,E3_L3_COMP_F1,L3,20240611,B2,1200,2,2,0,0,runs/experiment3/E3_L3_COMP_F1/seed20240611/B2,a8027e38b8ca9379233eaea2c92d533f7ba828223745919ac9d19f3ca79cf507
A,E3_L3_COMP_F1,L3,20240611,B4b,1200,2,2,0,0,runs/experiment3/E3_L3_COMP_F1/seed20240611/B4b,a8027e38b8ca9379233eaea2c92d533f7ba828223745919ac9d19f3ca79cf507
A,E3_L3_COMP_F1,L3,20240612,B0,1200,2,2,0,0,runs/experiment3/E3_L3_COMP_F1/seed20240612/B0,5f303269951b4451c90e053c1e989ab6111b341c56a3ac6898b08c2c87199c43
A,E3_L3_COMP_F1,L3,20240612,B1,1200,2,2,0,0,runs/experiment3/E3_L3_COMP_F1/seed20240612/B1,2c7e7f95dc385760d148a7f49390a450113578152953884ad62020813314fe63
A,E3_L3_COMP_F1,L3,20240612,B2,1200,2,2,0,0,runs/experiment3/E3_L3_COMP_F1/seed20240612/B2,2c7e7f95dc385760d148a7f49390a450113578152953884ad62020813314fe63
A,E3_L3_COMP_F1,L3,20240612,B4b,1200,2,2,0,0,runs/experiment3/E3_L3_COMP_F1/seed20240612/B4b,2c7e7f95dc385760d148a7f49390a450113578152953884ad62020813314fe63
A,E3_L3_COMP_F1,L3,20240613,B0,1200,2,2,0,0,runs/experiment3/E3_L3_COMP_F1/seed20240613/B0,32992fe334b6d11d1f1b1f72fdbb117438aff11b5ccb1582347bc78f26b54fb4
A,E3_L3_COMP_F1,L3,20240613,B1,1200,2,2,0,0,runs/experiment3/E3_L3_COMP_F1/seed20240613/B1,d2ca5908abcdccfe6f191fdffe8a38b337b40926fd5ca7b61f530e9d415a5259
A,E3_L3_COMP_F1,L3,20240613,B2,1200,2,2,0,0,runs/experiment3/E3_L3_COMP_F1/seed20240613/B2,d2ca5908abcdccfe6f191fdffe8a38b337b40926fd5ca7b61f530e9d415a5259
A,E3_L3_COMP_F1,L3,20240613,B4b,1200,2,2,0,0,runs/experiment3/E3_L3_COMP_F1/seed20240613/B4b,d2ca5908abcdccfe6f191fdffe8a38b337b40926fd5ca7b61f530e9d415a5259
A,E3_L3_COMP_F1,L3,20240614,B0,1200,2,2,0,0,runs/experiment3/E3_L3_COMP_F1/seed20240614/B0,6e9a9928196a9daac68025a67297f1bebe1e5152a7f6b4d4351d860f8169d665
A,E3_L3_COMP_F1,L3,20240614,B1,1200,2,2,0,0,runs/experiment3/E3_L3_COMP_F1/seed20240614/B1,29fcbf9d9d6f546970c13e9efe865f023122777c74820563bafc3abeb1e2fbda
A,E3_L3_COMP_F1,L3,20240614,B2,1200,2,2,0,0,runs/experiment3/E3_L3_COMP_F1/seed20240614/B2,29fcbf9d9d6f546970c13e9efe865f023122777c74820563bafc3abeb1e2fbda
A,E3_L3_COMP_F1,L3,20240614,B4b,1200,2,2,0,0,runs/experiment3/E3_L3_COMP_F1/seed20240614/B4b,29fcbf9d9d6f546970c13e9efe865f023122777c74820563bafc3abeb1e2fbda
A,E3_L3_COMP_F1,L3,20240615,B0,1200,2,2,0,0,runs/experiment3/E3_L3_COMP_F1/seed20240615/B0,f9dc770716dfceb2d9e67ff948e7b84768f83fbcc04e0a73da4649a2172c6e7a
A,E3_L3_COMP_F1,L3,20240615,B1,1200,2,2,0,0,runs/experiment3/E3_L3_COMP_F1/seed20240615/B1,667a9efab30c84549a5f5a68e6cb820a53841ba67d83c3a66400b7a9cbce6f09
A,E3_L3_COMP_F1,L3,20240615,B2,1200,2,2,0,0,runs/experiment3/E3_L3_COMP_F1/seed20240615/B2,667a9efab30c84549a5f5a68e6cb820a53841ba67d83c3a66400b7a9cbce6f09
A,E3_L3_COMP_F1,L3,20240615,B4b,1200,2,2,0,0,runs/experiment3/E3_L3_COMP_F1/seed20240615/B4b,667a9efab30c84549a5f5a68e6cb820a53841ba67d83c3a66400b7a9cbce6f09
A,E3_L3_COMP_F1,L3,20240616,B0,1200,2,2,0,0,runs/experiment3/E3_L3_COMP_F1/seed20240616/B0,02267a6bf395724c217d5ccce4d18a7eabf5fb907c00a2112df5f7ec43cc0522
A,E3_L3_COMP_F1,L3,20240616,B1,1200,2,2,0,0,runs/experiment3/E3_L3_COMP_F1/seed20240616/B1,d67b23c22c935bf3b62b9a6645a84d8753976eaafb08f883f64ef78fba53cf5d
A,E3_L3_COMP_F1,L3,20240616,B2,1200,2,2,0,0,runs/experiment3/E3_L3_COMP_F1/seed20240616/B2,d67b23c22c935bf3b62b9a6645a84d8753976eaafb08f883f64ef78fba53cf5d
A,E3_L3_COMP_F1,L3,20240616,B4b,1200,2,2,0,0,runs/experiment3/E3_L3_COMP_F1/seed20240616/B4b,d67b23c22c935bf3b62b9a6645a84d8753976eaafb08f883f64ef78fba53cf5d
A,E3_L3_COMP_F1,L3,20240617,B0,1200,2,2,0,0,runs/experiment3/E3_L3_COMP_F1/seed20240617/B0,1bbc95438cfc249ce1f19178d09943f59ef8400b65ea87eb93e8a179b57de45d
A,E3_L3_COMP_F1,L3,20240617,B1,1200,2,2,0,0,runs/experiment3/E3_L3_COMP_F1/seed20240617/B1,42b2d7450caba735fc120794d1b11bc3ea374ba4ee2573c28a2dd1a46bbb83b2
A,E3_L3_COMP_F1,L3,20240617,B2,1200,2,2,0,0,runs/experiment3/E3_L3_COMP_F1/seed20240617/B2,42b2d7450caba735fc120794d1b11bc3ea374ba4ee2573c28a2dd1a46bbb83b2
A,E3_L3_COMP_F1,L3,20240617,B4b,1200,2,2,0,0,runs/experiment3/E3_L3_COMP_F1/seed20240617/B4b,42b2d7450caba735fc120794d1b11bc3ea374ba4ee2573c28a2dd1a46bbb83b2
A,E3_L3_COMP_F1,L3,20240618,B0,1200,2,2,0,0,runs/experiment3/E3_L3_COMP_F1/seed20240618/B0,e1698a09cfc79ea1286e12606e6511b2018de49600f89fa257e838bbf0d33d6a
A,E3_L3_COMP_F1,L3,20240618,B1,1200,2,2,0,0,runs/experiment3/E3_L3_COMP_F1/seed20240618/B1,caae648554d386c92a66f99f2c6acdc7e9f62b37f59e5b48d98400787866c6b9
A,E3_L3_COMP_F1,L3,20240618,B2,1200,2,2,0,0,runs/experiment3/E3_L3_COMP_F1/seed20240618/B2,caae648554d386c92a66f99f2c6acdc7e9f62b37f59e5b48d98400787866c6b9
A,E3_L3_COMP_F1,L3,20240618,B4b,1200,2,2,0,0,runs/experiment3/E3_L3_COMP_F1/seed20240618/B4b,caae648554d386c92a66f99f2c6acdc7e9f62b37f59e5b48d98400787866c6b9
A,E3_L3_COMP_F1,L3,20240619,B0,1200,2,2,0,0,runs/experiment3/E3_L3_COMP_F1/seed20240619/B0,a3c36b9a36505436d000deba0c8d7a1a2473517f06b6fdf03930af03093875e7
A,E3_L3_COMP_F1,L3,20240619,B1,1200,2,2,0,0,runs/experiment3/E3_L3_COMP_F1/seed20240619/B1,dd58ded10e575e95dcd13803d74389879b02634adc5ca7fad14bd4e80df9f0d1
A,E3_L3_COMP_F1,L3,20240619,B2,1200,2,2,0,0,runs/experiment3/E3_L3_COMP_F1/seed20240619/B2,dd58ded10e575e95dcd13803d74389879b02634adc5ca7fad14bd4e80df9f0d1
A,E3_L3_COMP_F1,L3,20240619,B4b,1200,2,2,0,0,runs/experiment3/E3_L3_COMP_F1/seed20240619/B4b,dd58ded10e575e95dcd13803d74389879b02634adc5ca7fad14bd4e80df9f0d1
A,E3_L3_COMP_F1,L3,20240620,B0,1200,2,2,0,0,runs/experiment3/E3_L3_COMP_F1/seed20240620/B0,418aa5a89d2c487179c87b8b92e5bfd8a10893b823c545d8d2f1b691f54f6cbf
A,E3_L3_COMP_F1,L3,20240620,B1,1200,2,2,0,0,runs/experiment3/E3_L3_COMP_F1/seed20240620/B1,3b59b5969f3fe6ba949ecbefd0618e7069089e20c59580def32dd6f7cb8baf2d
A,E3_L3_COMP_F1,L3,20240620,B2,1200,2,2,0,0,runs/experiment3/E3_L3_COMP_F1/seed20240620/B2,3b59b5969f3fe6ba949ecbefd0618e7069089e20c59580def32dd6f7cb8baf2d
A,E3_L3_COMP_F1,L3,20240620,B4b,1200,2,2,0,0,runs/experiment3/E3_L3_COMP_F1/seed20240620/B4b,3b59b5969f3fe6ba949ecbefd0618e7069089e20c59580def32dd6f7cb8baf2d
A,E3_L3_COMP_F2,L3,20240601,B0,1200,2,2,0,0,runs/experiment3/E3_L3_COMP_F2/seed20240601/B0,324bf2ef06e0c389eba20718ed6a3ffc83c4d6b65e80f0c1f7dd5680e4ec9ddc
A,E3_L3_COMP_F2,L3,20240601,B1,1200,2,2,0,0,runs/experiment3/E3_L3_COMP_F2/seed20240601/B1,8742c9f128916ad1c6fc10fa8e2202826191851fd4af855a52b17da69c6154ba
A,E3_L3_COMP_F2,L3,20240601,B2,1200,2,2,0,0,runs/experiment3/E3_L3_COMP_F2/seed20240601/B2,8742c9f128916ad1c6fc10fa8e2202826191851fd4af855a52b17da69c6154ba
A,E3_L3_COMP_F2,L3,20240601,B4b,1200,2,2,0,0,runs/experiment3/E3_L3_COMP_F2/seed20240601/B4b,8742c9f128916ad1c6fc10fa8e2202826191851fd4af855a52b17da69c6154ba
A,E3_L3_COMP_F2,L3,20240602,B0,1200,2,2,0,0,runs/experiment3/E3_L3_COMP_F2/seed20240602/B0,41eba9b5c0e2f63bb76da65c1f7dd314ff960b72e610090389e296cf11348b0f
A,E3_L3_COMP_F2,L3,20240602,B1,1200,2,2,0,0,runs/experiment3/E3_L3_COMP_F2/seed20240602/B1,06a31b4045e7d3e0c0ec751d606149323181c9e17cc8403cf27cd304ad61e84d
A,E3_L3_COMP_F2,L3,20240602,B2,1200,2,2,0,0,runs/experiment3/E3_L3_COMP_F2/seed20240602/B2,06a31b4045e7d3e0c0ec751d606149323181c9e17cc8403cf27cd304ad61e84d
A,E3_L3_COMP_F2,L3,20240602,B4b,1200,2,2,0,0,runs/experiment3/E3_L3_COMP_F2/seed20240602/B4b,06a31b4045e7d3e0c0ec751d606149323181c9e17cc8403cf27cd304ad61e84d
A,E3_L3_COMP_F2,L3,20240603,B0,1200,2,2,0,0,runs/experiment3/E3_L3_COMP_F2/seed20240603/B0,0dd8f5bb2d746161e14d3a450ff4fc3a28c4d9736724fe9ac8bc2f2aa4e101b3
A,E3_L3_COMP_F2,L3,20240603,B1,1200,2,2,0,0,runs/experiment3/E3_L3_COMP_F2/seed20240603/B1,3541c2617db5d0c4b500e5fa0d3b49ba447ac60752f1265a271b5514f8ddcbe6
A,E3_L3_COMP_F2,L3,20240603,B2,1200,2,2,0,0,runs/experiment3/E3_L3_COMP_F2/seed20240603/B2,3541c2617db5d0c4b500e5fa0d3b49ba447ac60752f1265a271b5514f8ddcbe6
A,E3_L3_COMP_F2,L3,20240603,B4b,1200,2,2,0,0,runs/experiment3/E3_L3_COMP_F2/seed20240603/B4b,3541c2617db5d0c4b500e5fa0d3b49ba447ac60752f1265a271b5514f8ddcbe6
A,E3_L3_COMP_F2,L3,20240604,B0,1200,2,2,0,0,runs/experiment3/E3_L3_COMP_F2/seed20240604/B0,acc831ec6d2591e8afb1c3f35ad2817b4e9e7cd56ed66509d37abcc022c7dd24
A,E3_L3_COMP_F2,L3,20240604,B1,1200,2,2,0,0,runs/experiment3/E3_L3_COMP_F2/seed20240604/B1,09a17e9ffc126b8e386d02df32270b485ca392be889b31b567427c2f9612c0a0
A,E3_L3_COMP_F2,L3,20240604,B2,1200,2,2,0,0,runs/experiment3/E3_L3_COMP_F2/seed20240604/B2,09a17e9ffc126b8e386d02df32270b485ca392be889b31b567427c2f9612c0a0
A,E3_L3_COMP_F2,L3,20240604,B4b,1200,2,2,0,0,runs/experiment3/E3_L3_COMP_F2/seed20240604/B4b,09a17e9ffc126b8e386d02df32270b485ca392be889b31b567427c2f9612c0a0
A,E3_L3_COMP_F2,L3,20240605,B0,1200,2,2,0,0,runs/experiment3/E3_L3_COMP_F2/seed20240605/B0,78351bbfede894fbfe0aa5b1169e8e0b6ca484e6ec4dcc8f6416691333bb1222
A,E3_L3_COMP_F2,L3,20240605,B1,1200,2,2,0,0,runs/experiment3/E3_L3_COMP_F2/seed20240605/B1,671b70a0ae6899fcb5c16e6252bb5377a510091fdad9734b8da4bbf0c82c0d5f
A,E3_L3_COMP_F2,L3,20240605,B2,1200,2,2,0,0,runs/experiment3/E3_L3_COMP_F2/seed20240605/B2,671b70a0ae6899fcb5c16e6252bb5377a510091fdad9734b8da4bbf0c82c0d5f
A,E3_L3_COMP_F2,L3,20240605,B4b,1200,2,2,0,0,runs/experiment3/E3_L3_COMP_F2/seed20240605/B4b,671b70a0ae6899fcb5c16e6252bb5377a510091fdad9734b8da4bbf0c82c0d5f
A,E3_L3_COMP_F2,L3,20240606,B0,1200,2,2,0,0,runs/experiment3/E3_L3_COMP_F2/seed20240606/B0,5bb946e211caab58999af65d08fa97fd3c8890875af222a8342f77e11f2992ea
A,E3_L3_COMP_F2,L3,20240606,B1,1200,2,2,0,0,runs/experiment3/E3_L3_COMP_F2/seed20240606/B1,c41b57631304965f43557b4dcc5ce0e797f548d6b521d0486c42d9b654a76c3d
A,E3_L3_COMP_F2,L3,20240606,B2,1200,2,2,0,0,runs/experiment3/E3_L3_COMP_F2/seed20240606/B2,c41b57631304965f43557b4dcc5ce0e797f548d6b521d0486c42d9b654a76c3d
A,E3_L3_COMP_F2,L3,20240606,B4b,1200,2,2,0,0,runs/experiment3/E3_L3_COMP_F2/seed20240606/B4b,c41b57631304965f43557b4dcc5ce0e797f548d6b521d0486c42d9b654a76c3d
A,E3_L3_COMP_F2,L3,20240607,B0,1200,2,2,0,0,runs/experiment3/E3_L3_COMP_F2/seed20240607/B0,cfb982d8fb61929f7db5737bb2b2a45b9eaf54fcf834eb0be0bf91aedc94bf22
A,E3_L3_COMP_F2,L3,20240607,B1,1200,2,2,0,0,runs/experiment3/E3_L3_COMP_F2/seed20240607/B1,c93f0d273b8949d043c1d24ce4944e7c83e4ba096597ea4e7a1d6c16ac062191
A,E3_L3_COMP_F2,L3,20240607,B2,1200,2,2,0,0,runs/experiment3/E3_L3_COMP_F2/seed20240607/B2,c93f0d273b8949d043c1d24ce4944e7c83e4ba096597ea4e7a1d6c16ac062191
A,E3_L3_COMP_F2,L3,20240607,B4b,1200,2,2,0,0,runs/experiment3/E3_L3_COMP_F2/seed20240607/B4b,c93f0d273b8949d043c1d24ce4944e7c83e4ba096597ea4e7a1d6c16ac062191
A,E3_L3_COMP_F2,L3,20240608,B0,1200,2,2,0,0,runs/experiment3/E3_L3_COMP_F2/seed20240608/B0,5dbe9f238dd52c1fbdb746056c3f4b03aadf15a60dc3107aaa005d48df0aedc5
A,E3_L3_COMP_F2,L3,20240608,B1,1200,2,2,0,0,runs/experiment3/E3_L3_COMP_F2/seed20240608/B1,e585849556d3680f807ccc73caff00d0e3228c5f2792f8465d6c6cc6c0c67894
A,E3_L3_COMP_F2,L3,20240608,B2,1200,2,2,0,0,runs/experiment3/E3_L3_COMP_F2/seed20240608/B2,e585849556d3680f807ccc73caff00d0e3228c5f2792f8465d6c6cc6c0c67894
A,E3_L3_COMP_F2,L3,20240608,B4b,1200,2,2,0,0,runs/experiment3/E3_L3_COMP_F2/seed20240608/B4b,e585849556d3680f807ccc73caff00d0e3228c5f2792f8465d6c6cc6c0c67894
A,E3_L3_COMP_F2,L3,20240609,B0,1200,2,2,0,0,runs/experiment3/E3_L3_COMP_F2/seed20240609/B0,d9d4cfc3a78e2fe18023e496c0a01a3117c6e14bc1ffa42b8f4353da3e95ae40
A,E3_L3_COMP_F2,L3,20240609,B1,1200,2,2,0,0,runs/experiment3/E3_L3_COMP_F2/seed20240609/B1,708d209c7e0fa3e66bc266a49e48c0a05355c3a61fbc535a0c1863b425e90ba2
A,E3_L3_COMP_F2,L3,20240609,B2,1200,2,2,0,0,runs/experiment3/E3_L3_COMP_F2/seed20240609/B2,708d209c7e0fa3e66bc266a49e48c0a05355c3a61fbc535a0c1863b425e90ba2
A,E3_L3_COMP_F2,L3,20240609,B4b,1200,2,2,0,0,runs/experiment3/E3_L3_COMP_F2/seed20240609/B4b,708d209c7e0fa3e66bc266a49e48c0a05355c3a61fbc535a0c1863b425e90ba2
A,E3_L3_COMP_F2,L3,20240610,B0,1200,2,2,0,0,runs/experiment3/E3_L3_COMP_F2/seed20240610/B0,2d8814c2d615898ef95a813345f66559a11ca757ed2d674d1f4dc0c1dd0055c0
A,E3_L3_COMP_F2,L3,20240610,B1,1200,2,2,0,0,runs/experiment3/E3_L3_COMP_F2/seed20240610/B1,44a0c62ed1b8db48878dbc5dca9d7ba18c3570ff915a3ba9a26db8be869dc85d
A,E3_L3_COMP_F2,L3,20240610,B2,1200,2,2,0,0,runs/experiment3/E3_L3_COMP_F2/seed20240610/B2,44a0c62ed1b8db48878dbc5dca9d7ba18c3570ff915a3ba9a26db8be869dc85d
A,E3_L3_COMP_F2,L3,20240610,B4b,1200,2,2,0,0,runs/experiment3/E3_L3_COMP_F2/seed20240610/B4b,44a0c62ed1b8db48878dbc5dca9d7ba18c3570ff915a3ba9a26db8be869dc85d
A,E3_L3_COMP_F2,L3,20240611,B0,1200,2,2,0,0,runs/experiment3/E3_L3_COMP_F2/seed20240611/B0,dcea14cc80e139c382fefc513b7fbcb622ad8930fd2d8196f8114c26872700d1
A,E3_L3_COMP_F2,L3,20240611,B1,1200,2,2,0,0,runs/experiment3/E3_L3_COMP_F2/seed20240611/B1,becdc13f2e5ba056fed698219fd020230d74848419af6375602fac0f315a5c92
A,E3_L3_COMP_F2,L3,20240611,B2,1200,2,2,0,0,runs/experiment3/E3_L3_COMP_F2/seed20240611/B2,becdc13f2e5ba056fed698219fd020230d74848419af6375602fac0f315a5c92
A,E3_L3_COMP_F2,L3,20240611,B4b,1200,2,2,0,0,runs/experiment3/E3_L3_COMP_F2/seed20240611/B4b,becdc13f2e5ba056fed698219fd020230d74848419af6375602fac0f315a5c92
A,E3_L3_COMP_F2,L3,20240612,B0,1200,2,2,0,0,runs/experiment3/E3_L3_COMP_F2/seed20240612/B0,69e7f085e29b20c1aef8cc2ca13813f149f86a9f412902afbc8f31bf73c12677
A,E3_L3_COMP_F2,L3,20240612,B1,1200,2,2,0,0,runs/experiment3/E3_L3_COMP_F2/seed20240612/B1,be5be5f501fc3a136bba4a86c8b56d350bc119bba3a8ffd7f9340c19d1dc498e
A,E3_L3_COMP_F2,L3,20240612,B2,1200,2,2,0,0,runs/experiment3/E3_L3_COMP_F2/seed20240612/B2,be5be5f501fc3a136bba4a86c8b56d350bc119bba3a8ffd7f9340c19d1dc498e
A,E3_L3_COMP_F2,L3,20240612,B4b,1200,2,2,0,0,runs/experiment3/E3_L3_COMP_F2/seed20240612/B4b,be5be5f501fc3a136bba4a86c8b56d350bc119bba3a8ffd7f9340c19d1dc498e
A,E3_L3_COMP_F2,L3,20240613,B0,1200,2,2,0,0,runs/experiment3/E3_L3_COMP_F2/seed20240613/B0,0ffd20bcfb7385fb8fdf01177a4cd2076beb5c91c7fd9dc8244893537fc4c910
A,E3_L3_COMP_F2,L3,20240613,B1,1200,2,2,0,0,runs/experiment3/E3_L3_COMP_F2/seed20240613/B1,c65fa67976bb4f258f9279535ffea9be5d5f31a7b80ecab6144cb42fcd5c04ac
A,E3_L3_COMP_F2,L3,20240613,B2,1200,2,2,0,0,runs/experiment3/E3_L3_COMP_F2/seed20240613/B2,c65fa67976bb4f258f9279535ffea9be5d5f31a7b80ecab6144cb42fcd5c04ac
A,E3_L3_COMP_F2,L3,20240613,B4b,1200,2,2,0,0,runs/experiment3/E3_L3_COMP_F2/seed20240613/B4b,c65fa67976bb4f258f9279535ffea9be5d5f31a7b80ecab6144cb42fcd5c04ac
A,E3_L3_COMP_F2,L3,20240614,B0,1200,2,2,0,0,runs/experiment3/E3_L3_COMP_F2/seed20240614/B0,70173bf423bc83a4f4ab110e14898003d3b981c07da4f879d784ea5c86cd99b1
A,E3_L3_COMP_F2,L3,20240614,B1,1200,2,2,0,0,runs/experiment3/E3_L3_COMP_F2/seed20240614/B1,9934e5abb1b4c4e708513c7c830a951636166ab547b6a88243a36166d5036bb0
A,E3_L3_COMP_F2,L3,20240614,B2,1200,2,2,0,0,runs/experiment3/E3_L3_COMP_F2/seed20240614/B2,9934e5abb1b4c4e708513c7c830a951636166ab547b6a88243a36166d5036bb0
A,E3_L3_COMP_F2,L3,20240614,B4b,1200,2,2,0,0,runs/experiment3/E3_L3_COMP_F2/seed20240614/B4b,9934e5abb1b4c4e708513c7c830a951636166ab547b6a88243a36166d5036bb0
A,E3_L3_COMP_F2,L3,20240615,B0,1200,2,2,0,0,runs/experiment3/E3_L3_COMP_F2/seed20240615/B0,6f304811a9620e27d680dc4b4bfc9cd31e4afa7caf64283279f5b24d7471fe6d
A,E3_L3_COMP_F2,L3,20240615,B1,1200,2,2,0,0,runs/experiment3/E3_L3_COMP_F2/seed20240615/B1,de2df3fad1cde6bdf81c659ece77c7fa5e1e44cfc099850c328e8b06581143f4
A,E3_L3_COMP_F2,L3,20240615,B2,1200,2,2,0,0,runs/experiment3/E3_L3_COMP_F2/seed20240615/B2,de2df3fad1cde6bdf81c659ece77c7fa5e1e44cfc099850c328e8b06581143f4
A,E3_L3_COMP_F2,L3,20240615,B4b,1200,2,2,0,0,runs/experiment3/E3_L3_COMP_F2/seed20240615/B4b,de2df3fad1cde6bdf81c659ece77c7fa5e1e44cfc099850c328e8b06581143f4
A,E3_L3_COMP_F2,L3,20240616,B0,1200,2,2,0,0,runs/experiment3/E3_L3_COMP_F2/seed20240616/B0,2f95d0f39c9478b5b98e603862b16bdc23593b1a59a1881872479441d12affae
A,E3_L3_COMP_F2,L3,20240616,B1,1200,2,2,0,0,runs/experiment3/E3_L3_COMP_F2/seed20240616/B1,166e3d8ab0f433e219e2910a2bee884ae3a1e49028a3e73db0bab75b57d2cbaf
A,E3_L3_COMP_F2,L3,20240616,B2,1200,2,2,0,0,runs/experiment3/E3_L3_COMP_F2/seed20240616/B2,166e3d8ab0f433e219e2910a2bee884ae3a1e49028a3e73db0bab75b57d2cbaf
A,E3_L3_COMP_F2,L3,20240616,B4b,1200,2,2,0,0,runs/experiment3/E3_L3_COMP_F2/seed20240616/B4b,166e3d8ab0f433e219e2910a2bee884ae3a1e49028a3e73db0bab75b57d2cbaf
A,E3_L3_COMP_F2,L3,20240617,B0,1200,2,2,0,0,runs/experiment3/E3_L3_COMP_F2/seed20240617/B0,b9f90de3428ddb68dcb7d417430fe7d2cbde42591870764bf98e5634714fb9e4
A,E3_L3_COMP_F2,L3,20240617,B1,1200,2,2,0,0,runs/experiment3/E3_L3_COMP_F2/seed20240617/B1,dbd00eb659987f969d45f0d8cafde603c25ccaa82ef719568dac4de9177e40cf
A,E3_L3_COMP_F2,L3,20240617,B2,1200,2,2,0,0,runs/experiment3/E3_L3_COMP_F2/seed20240617/B2,dbd00eb659987f969d45f0d8cafde603c25ccaa82ef719568dac4de9177e40cf
A,E3_L3_COMP_F2,L3,20240617,B4b,1200,2,2,0,0,runs/experiment3/E3_L3_COMP_F2/seed20240617/B4b,dbd00eb659987f969d45f0d8cafde603c25ccaa82ef719568dac4de9177e40cf
A,E3_L3_COMP_F2,L3,20240618,B0,1200,2,2,0,0,runs/experiment3/E3_L3_COMP_F2/seed20240618/B0,0a767a965f52c32087c023a375ce3b59f4b3c20a7114192985ecbc74becb6bea
A,E3_L3_COMP_F2,L3,20240618,B1,1200,2,2,0,0,runs/experiment3/E3_L3_COMP_F2/seed20240618/B1,b3178986ad71dafe39460d0930d4089f398a8de6ab61a03f651c9d2349adf38a
A,E3_L3_COMP_F2,L3,20240618,B2,1200,2,2,0,0,runs/experiment3/E3_L3_COMP_F2/seed20240618/B2,b3178986ad71dafe39460d0930d4089f398a8de6ab61a03f651c9d2349adf38a
A,E3_L3_COMP_F2,L3,20240618,B4b,1200,2,2,0,0,runs/experiment3/E3_L3_COMP_F2/seed20240618/B4b,b3178986ad71dafe39460d0930d4089f398a8de6ab61a03f651c9d2349adf38a
A,E3_L3_COMP_F2,L3,20240619,B0,1200,2,2,0,0,runs/experiment3/E3_L3_COMP_F2/seed20240619/B0,3bda77918a7ef7e21373bd312b18b6074559004296b9a72497d3a29c23a7e960
A,E3_L3_COMP_F2,L3,20240619,B1,1200,2,2,0,0,runs/experiment3/E3_L3_COMP_F2/seed20240619/B1,e81194c263de7a48c02776664781acd952da12774e686072ba857b8d1844f693
A,E3_L3_COMP_F2,L3,20240619,B2,1200,2,2,0,0,runs/experiment3/E3_L3_COMP_F2/seed20240619/B2,e81194c263de7a48c02776664781acd952da12774e686072ba857b8d1844f693
A,E3_L3_COMP_F2,L3,20240619,B4b,1200,2,2,0,0,runs/experiment3/E3_L3_COMP_F2/seed20240619/B4b,e81194c263de7a48c02776664781acd952da12774e686072ba857b8d1844f693
A,E3_L3_COMP_F2,L3,20240620,B0,1200,2,2,0,0,runs/experiment3/E3_L3_COMP_F2/seed20240620/B0,3441cc12afa819371d2d05fdf1d246c9e0618b708f20242dd8e171702d544fca
A,E3_L3_COMP_F2,L3,20240620,B1,1200,2,2,0,0,runs/experiment3/E3_L3_COMP_F2/seed20240620/B1,b94ddf2d4f5a5c93141f63480d274b47ba3d26edd63c700a68dae36489dfc9e4
A,E3_L3_COMP_F2,L3,20240620,B2,1200,2,2,0,0,runs/experiment3/E3_L3_COMP_F2/seed20240620/B2,b94ddf2d4f5a5c93141f63480d274b47ba3d26edd63c700a68dae36489dfc9e4
A,E3_L3_COMP_F2,L3,20240620,B4b,1200,2,2,0,0,runs/experiment3/E3_L3_COMP_F2/seed20240620/B4b,b94ddf2d4f5a5c93141f63480d274b47ba3d26edd63c700a68dae36489dfc9e4
A,E3_L3_COMP_F4,L3,20240601,B0,1200,2,2,0,0,runs/experiment3/E3_L3_COMP_F4/seed20240601/B0,324bf2ef06e0c389eba20718ed6a3ffc83c4d6b65e80f0c1f7dd5680e4ec9ddc
A,E3_L3_COMP_F4,L3,20240601,B1,1200,2,2,0,0,runs/experiment3/E3_L3_COMP_F4/seed20240601/B1,8742c9f128916ad1c6fc10fa8e2202826191851fd4af855a52b17da69c6154ba
A,E3_L3_COMP_F4,L3,20240601,B2,1200,2,2,0,0,runs/experiment3/E3_L3_COMP_F4/seed20240601/B2,8742c9f128916ad1c6fc10fa8e2202826191851fd4af855a52b17da69c6154ba
A,E3_L3_COMP_F4,L3,20240601,B4b,1200,2,2,0,0,runs/experiment3/E3_L3_COMP_F4/seed20240601/B4b,8742c9f128916ad1c6fc10fa8e2202826191851fd4af855a52b17da69c6154ba
A,E3_L3_COMP_F4,L3,20240602,B0,1200,2,2,0,0,runs/experiment3/E3_L3_COMP_F4/seed20240602/B0,41eba9b5c0e2f63bb76da65c1f7dd314ff960b72e610090389e296cf11348b0f
A,E3_L3_COMP_F4,L3,20240602,B1,1200,2,2,0,0,runs/experiment3/E3_L3_COMP_F4/seed20240602/B1,06a31b4045e7d3e0c0ec751d606149323181c9e17cc8403cf27cd304ad61e84d
A,E3_L3_COMP_F4,L3,20240602,B2,1200,2,2,0,0,runs/experiment3/E3_L3_COMP_F4/seed20240602/B2,06a31b4045e7d3e0c0ec751d606149323181c9e17cc8403cf27cd304ad61e84d
A,E3_L3_COMP_F4,L3,20240602,B4b,1200,2,2,0,0,runs/experiment3/E3_L3_COMP_F4/seed20240602/B4b,06a31b4045e7d3e0c0ec751d606149323181c9e17cc8403cf27cd304ad61e84d
A,E3_L3_COMP_F4,L3,20240603,B0,1200,2,2,0,0,runs/experiment3/E3_L3_COMP_F4/seed20240603/B0,6196c1b43402781b69011874ac61f655bc29d4883d9351aa446e9d92dd973f35
A,E3_L3_COMP_F4,L3,20240603,B1,1200,2,2,0,0,runs/experiment3/E3_L3_COMP_F4/seed20240603/B1,9733210c31f92da47aa4510cfe727e366b0ba2da9f073dce25c2daf3912a6d32
A,E3_L3_COMP_F4,L3,20240603,B2,1200,2,2,0,0,runs/experiment3/E3_L3_COMP_F4/seed20240603/B2,9733210c31f92da47aa4510cfe727e366b0ba2da9f073dce25c2daf3912a6d32
A,E3_L3_COMP_F4,L3,20240603,B4b,1200,2,2,0,0,runs/experiment3/E3_L3_COMP_F4/seed20240603/B4b,9733210c31f92da47aa4510cfe727e366b0ba2da9f073dce25c2daf3912a6d32
A,E3_L3_COMP_F4,L3,20240604,B0,1200,2,2,0,0,runs/experiment3/E3_L3_COMP_F4/seed20240604/B0,89b2e74495851e073ce97f2f59feb066b5c5064aa2c12926463f99e80d3680d2
A,E3_L3_COMP_F4,L3,20240604,B1,1200,2,2,0,0,runs/experiment3/E3_L3_COMP_F4/seed20240604/B1,e9210c0efd422da8594a56b7d1ff7db3591d9a07200f2f3a96d56ffec3b02c18
A,E3_L3_COMP_F4,L3,20240604,B2,1200,2,2,0,0,runs/experiment3/E3_L3_COMP_F4/seed20240604/B2,e9210c0efd422da8594a56b7d1ff7db3591d9a07200f2f3a96d56ffec3b02c18
A,E3_L3_COMP_F4,L3,20240604,B4b,1200,2,2,0,0,runs/experiment3/E3_L3_COMP_F4/seed20240604/B4b,e9210c0efd422da8594a56b7d1ff7db3591d9a07200f2f3a96d56ffec3b02c18
A,E3_L3_COMP_F4,L3,20240605,B0,1200,2,2,0,0,runs/experiment3/E3_L3_COMP_F4/seed20240605/B0,78351bbfede894fbfe0aa5b1169e8e0b6ca484e6ec4dcc8f6416691333bb1222
A,E3_L3_COMP_F4,L3,20240605,B1,1200,2,2,0,0,runs/experiment3/E3_L3_COMP_F4/seed20240605/B1,671b70a0ae6899fcb5c16e6252bb5377a510091fdad9734b8da4bbf0c82c0d5f
A,E3_L3_COMP_F4,L3,20240605,B2,1200,2,2,0,0,runs/experiment3/E3_L3_COMP_F4/seed20240605/B2,671b70a0ae6899fcb5c16e6252bb5377a510091fdad9734b8da4bbf0c82c0d5f
A,E3_L3_COMP_F4,L3,20240605,B4b,1200,2,2,0,0,runs/experiment3/E3_L3_COMP_F4/seed20240605/B4b,671b70a0ae6899fcb5c16e6252bb5377a510091fdad9734b8da4bbf0c82c0d5f
A,E3_L3_COMP_F4,L3,20240606,B0,1200,2,2,0,0,runs/experiment3/E3_L3_COMP_F4/seed20240606/B0,ac52f868416a17ac2341fc591b44ee5a428b22f4413999b2068daf76492d56a4
A,E3_L3_COMP_F4,L3,20240606,B1,1200,2,2,0,0,runs/experiment3/E3_L3_COMP_F4/seed20240606/B1,0139cfc4deebeda3447a5eb0b451f7501a51878ed34c2d82fa6b8f4a4fff5ee3
A,E3_L3_COMP_F4,L3,20240606,B2,1200,2,2,0,0,runs/experiment3/E3_L3_COMP_F4/seed20240606/B2,0139cfc4deebeda3447a5eb0b451f7501a51878ed34c2d82fa6b8f4a4fff5ee3
A,E3_L3_COMP_F4,L3,20240606,B4b,1200,2,2,0,0,runs/experiment3/E3_L3_COMP_F4/seed20240606/B4b,0139cfc4deebeda3447a5eb0b451f7501a51878ed34c2d82fa6b8f4a4fff5ee3
A,E3_L3_COMP_F4,L3,20240607,B0,1200,2,2,0,0,runs/experiment3/E3_L3_COMP_F4/seed20240607/B0,ff1aaeb4c43f4d1287ef8b7e8ad9cb21e099a726a5787a8556fcce951dda222b
A,E3_L3_COMP_F4,L3,20240607,B1,1200,2,2,0,0,runs/experiment3/E3_L3_COMP_F4/seed20240607/B1,5b8d52b9e55e9b0412b2ddf9b131d4191c6207c9e8db57dbe760f1207c360c80
A,E3_L3_COMP_F4,L3,20240607,B2,1200,2,2,0,0,runs/experiment3/E3_L3_COMP_F4/seed20240607/B2,5b8d52b9e55e9b0412b2ddf9b131d4191c6207c9e8db57dbe760f1207c360c80
A,E3_L3_COMP_F4,L3,20240607,B4b,1200,2,2,0,0,runs/experiment3/E3_L3_COMP_F4/seed20240607/B4b,5b8d52b9e55e9b0412b2ddf9b131d4191c6207c9e8db57dbe760f1207c360c80
A,E3_L3_COMP_F4,L3,20240608,B0,1200,2,2,0,0,runs/experiment3/E3_L3_COMP_F4/seed20240608/B0,8b021d4f647bd20f42e57f1f878d80575b8b4d0ea3a2a7ff1c4deddff47a2e39
A,E3_L3_COMP_F4,L3,20240608,B1,1200,2,2,0,0,runs/experiment3/E3_L3_COMP_F4/seed20240608/B1,8598a01c395cc8c59882dea68137f28bbc9d1d96b4f3f4f21ca392f04658b289
A,E3_L3_COMP_F4,L3,20240608,B2,1200,2,2,0,0,runs/experiment3/E3_L3_COMP_F4/seed20240608/B2,8598a01c395cc8c59882dea68137f28bbc9d1d96b4f3f4f21ca392f04658b289
A,E3_L3_COMP_F4,L3,20240608,B4b,1200,2,2,0,0,runs/experiment3/E3_L3_COMP_F4/seed20240608/B4b,8598a01c395cc8c59882dea68137f28bbc9d1d96b4f3f4f21ca392f04658b289
A,E3_L3_COMP_F4,L3,20240609,B0,1200,2,2,0,0,runs/experiment3/E3_L3_COMP_F4/seed20240609/B0,5dfbd995b489d3ee2fba7cd4883fc49175826a6921ed76bd7ce9f2b1c9547677
A,E3_L3_COMP_F4,L3,20240609,B1,1200,2,2,0,0,runs/experiment3/E3_L3_COMP_F4/seed20240609/B1,0732d5a9923bbd47a6ae998cecb5279425ce30898f2ec71aa55a8816a62177d1
A,E3_L3_COMP_F4,L3,20240609,B2,1200,2,2,0,0,runs/experiment3/E3_L3_COMP_F4/seed20240609/B2,0732d5a9923bbd47a6ae998cecb5279425ce30898f2ec71aa55a8816a62177d1
A,E3_L3_COMP_F4,L3,20240609,B4b,1200,2,2,0,0,runs/experiment3/E3_L3_COMP_F4/seed20240609/B4b,0732d5a9923bbd47a6ae998cecb5279425ce30898f2ec71aa55a8816a62177d1
A,E3_L3_COMP_F4,L3,20240610,B0,1200,2,2,0,0,runs/experiment3/E3_L3_COMP_F4/seed20240610/B0,2d8814c2d615898ef95a813345f66559a11ca757ed2d674d1f4dc0c1dd0055c0
A,E3_L3_COMP_F4,L3,20240610,B1,1200,2,2,0,0,runs/experiment3/E3_L3_COMP_F4/seed20240610/B1,44a0c62ed1b8db48878dbc5dca9d7ba18c3570ff915a3ba9a26db8be869dc85d
A,E3_L3_COMP_F4,L3,20240610,B2,1200,2,2,0,0,runs/experiment3/E3_L3_COMP_F4/seed20240610/B2,44a0c62ed1b8db48878dbc5dca9d7ba18c3570ff915a3ba9a26db8be869dc85d
A,E3_L3_COMP_F4,L3,20240610,B4b,1200,2,2,0,0,runs/experiment3/E3_L3_COMP_F4/seed20240610/B4b,44a0c62ed1b8db48878dbc5dca9d7ba18c3570ff915a3ba9a26db8be869dc85d
A,E3_L3_COMP_F4,L3,20240611,B0,1200,2,2,0,0,runs/experiment3/E3_L3_COMP_F4/seed20240611/B0,90439e5f72eaa598a697f7f69232e8da08f1a830b758661ac29ae9014efbb0a1
A,E3_L3_COMP_F4,L3,20240611,B1,1200,2,2,0,0,runs/experiment3/E3_L3_COMP_F4/seed20240611/B1,a91413e52bc09dbb9254821eda4b95606a15578825c3319e68dcd6d989857493
A,E3_L3_COMP_F4,L3,20240611,B2,1200,2,2,0,0,runs/experiment3/E3_L3_COMP_F4/seed20240611/B2,a91413e52bc09dbb9254821eda4b95606a15578825c3319e68dcd6d989857493
A,E3_L3_COMP_F4,L3,20240611,B4b,1200,2,2,0,0,runs/experiment3/E3_L3_COMP_F4/seed20240611/B4b,a91413e52bc09dbb9254821eda4b95606a15578825c3319e68dcd6d989857493
A,E3_L3_COMP_F4,L3,20240612,B0,1200,2,2,0,0,runs/experiment3/E3_L3_COMP_F4/seed20240612/B0,42a05a020e2a1f7ef69d36d6fa7c67283623b60dbd3c7939f269cefef3a3f570
A,E3_L3_COMP_F4,L3,20240612,B1,1200,2,2,0,0,runs/experiment3/E3_L3_COMP_F4/seed20240612/B1,45648189146ea0a2d4d449a12170b8d86ddb5dcd232afecc312ca9660cbd2a10
A,E3_L3_COMP_F4,L3,20240612,B2,1200,2,2,0,0,runs/experiment3/E3_L3_COMP_F4/seed20240612/B2,45648189146ea0a2d4d449a12170b8d86ddb5dcd232afecc312ca9660cbd2a10
A,E3_L3_COMP_F4,L3,20240612,B4b,1200,2,2,0,0,runs/experiment3/E3_L3_COMP_F4/seed20240612/B4b,45648189146ea0a2d4d449a12170b8d86ddb5dcd232afecc312ca9660cbd2a10
A,E3_L3_COMP_F4,L3,20240613,B0,1200,2,2,0,0,runs/experiment3/E3_L3_COMP_F4/seed20240613/B0,3059a42dc0c40453b8ed77999c8108ce6c4095bfdbb996b203e6576a79c66431
A,E3_L3_COMP_F4,L3,20240613,B1,1200,2,2,0,0,runs/experiment3/E3_L3_COMP_F4/seed20240613/B1,cb4df316561a6c594856bdc30b765b9e0aa2b9a77441d350edbdd99b83d87b68
A,E3_L3_COMP_F4,L3,20240613,B2,1200,2,2,0,0,runs/experiment3/E3_L3_COMP_F4/seed20240613/B2,cb4df316561a6c594856bdc30b765b9e0aa2b9a77441d350edbdd99b83d87b68
A,E3_L3_COMP_F4,L3,20240613,B4b,1200,2,2,0,0,runs/experiment3/E3_L3_COMP_F4/seed20240613/B4b,cb4df316561a6c594856bdc30b765b9e0aa2b9a77441d350edbdd99b83d87b68
A,E3_L3_COMP_F4,L3,20240614,B0,1200,2,2,0,0,runs/experiment3/E3_L3_COMP_F4/seed20240614/B0,e5d20568e83b0be37de022833e653c42307846ba08ac0433c7afe6c3fc5d6dbb
A,E3_L3_COMP_F4,L3,20240614,B1,1200,2,2,0,0,runs/experiment3/E3_L3_COMP_F4/seed20240614/B1,ea9bfcac01afc38623434424633ebf54b7d6b668d51d4927ef551e447aa5bb99
A,E3_L3_COMP_F4,L3,20240614,B2,1200,2,2,0,0,runs/experiment3/E3_L3_COMP_F4/seed20240614/B2,ea9bfcac01afc38623434424633ebf54b7d6b668d51d4927ef551e447aa5bb99
A,E3_L3_COMP_F4,L3,20240614,B4b,1200,2,2,0,0,runs/experiment3/E3_L3_COMP_F4/seed20240614/B4b,ea9bfcac01afc38623434424633ebf54b7d6b668d51d4927ef551e447aa5bb99
A,E3_L3_COMP_F4,L3,20240615,B0,1200,2,2,0,0,runs/experiment3/E3_L3_COMP_F4/seed20240615/B0,bbb7372839de6245d3222ebd1960e21335bd0daf735ab0353fd0b678e7a33a75
A,E3_L3_COMP_F4,L3,20240615,B1,1200,2,2,0,0,runs/experiment3/E3_L3_COMP_F4/seed20240615/B1,e1fba4371a31db04fb472f93b23c7605a39e09cf0d40d5d1a97cc7e42f8c751f
A,E3_L3_COMP_F4,L3,20240615,B2,1200,2,2,0,0,runs/experiment3/E3_L3_COMP_F4/seed20240615/B2,e1fba4371a31db04fb472f93b23c7605a39e09cf0d40d5d1a97cc7e42f8c751f
A,E3_L3_COMP_F4,L3,20240615,B4b,1200,2,2,0,0,runs/experiment3/E3_L3_COMP_F4/seed20240615/B4b,e1fba4371a31db04fb472f93b23c7605a39e09cf0d40d5d1a97cc7e42f8c751f
A,E3_L3_COMP_F4,L3,20240616,B0,1200,2,2,0,0,runs/experiment3/E3_L3_COMP_F4/seed20240616/B0,447a2ecc051aae3a165d7f30e07ae00e4ebf6eb5b3ea86edf5fc366849723dec
A,E3_L3_COMP_F4,L3,20240616,B1,1200,2,2,0,0,runs/experiment3/E3_L3_COMP_F4/seed20240616/B1,54b2923cd7c478caa958e4fc7f9f6e998e69b876bfdedef92c513e820e5b0d72
A,E3_L3_COMP_F4,L3,20240616,B2,1200,2,2,0,0,runs/experiment3/E3_L3_COMP_F4/seed20240616/B2,54b2923cd7c478caa958e4fc7f9f6e998e69b876bfdedef92c513e820e5b0d72
A,E3_L3_COMP_F4,L3,20240616,B4b,1200,2,2,0,0,runs/experiment3/E3_L3_COMP_F4/seed20240616/B4b,54b2923cd7c478caa958e4fc7f9f6e998e69b876bfdedef92c513e820e5b0d72
A,E3_L3_COMP_F4,L3,20240617,B0,1200,2,2,0,0,runs/experiment3/E3_L3_COMP_F4/seed20240617/B0,b9f90de3428ddb68dcb7d417430fe7d2cbde42591870764bf98e5634714fb9e4
A,E3_L3_COMP_F4,L3,20240617,B1,1200,2,2,0,0,runs/experiment3/E3_L3_COMP_F4/seed20240617/B1,dbd00eb659987f969d45f0d8cafde603c25ccaa82ef719568dac4de9177e40cf
A,E3_L3_COMP_F4,L3,20240617,B2,1200,2,2,0,0,runs/experiment3/E3_L3_COMP_F4/seed20240617/B2,dbd00eb659987f969d45f0d8cafde603c25ccaa82ef719568dac4de9177e40cf
A,E3_L3_COMP_F4,L3,20240617,B4b,1200,2,2,0,0,runs/experiment3/E3_L3_COMP_F4/seed20240617/B4b,dbd00eb659987f969d45f0d8cafde603c25ccaa82ef719568dac4de9177e40cf
A,E3_L3_COMP_F4,L3,20240618,B0,1200,2,2,0,0,runs/experiment3/E3_L3_COMP_F4/seed20240618/B0,bdb6e83c9a3adf4e58e371036dd751b94ac623810b5b2df4789cd65582ab6022
A,E3_L3_COMP_F4,L3,20240618,B1,1200,2,2,0,0,runs/experiment3/E3_L3_COMP_F4/seed20240618/B1,8ce67cf44da50738e12864cb1bf9c842c2096dee4a368ff17b095e3425b33589
A,E3_L3_COMP_F4,L3,20240618,B2,1200,2,2,0,0,runs/experiment3/E3_L3_COMP_F4/seed20240618/B2,8ce67cf44da50738e12864cb1bf9c842c2096dee4a368ff17b095e3425b33589
A,E3_L3_COMP_F4,L3,20240618,B4b,1200,2,2,0,0,runs/experiment3/E3_L3_COMP_F4/seed20240618/B4b,8ce67cf44da50738e12864cb1bf9c842c2096dee4a368ff17b095e3425b33589
A,E3_L3_COMP_F4,L3,20240619,B0,1200,2,2,0,0,runs/experiment3/E3_L3_COMP_F4/seed20240619/B0,3965e9f136cb75cc80adbd686fc9c6ca8b96973591a16375e547c77d536d6429
A,E3_L3_COMP_F4,L3,20240619,B1,1200,2,2,0,0,runs/experiment3/E3_L3_COMP_F4/seed20240619/B1,584aacb5cc9aa6635c41a9463e606b3864d1695835ef253df7724dce5de980c1
A,E3_L3_COMP_F4,L3,20240619,B2,1200,2,2,0,0,runs/experiment3/E3_L3_COMP_F4/seed20240619/B2,584aacb5cc9aa6635c41a9463e606b3864d1695835ef253df7724dce5de980c1
A,E3_L3_COMP_F4,L3,20240619,B4b,1200,2,2,0,0,runs/experiment3/E3_L3_COMP_F4/seed20240619/B4b,584aacb5cc9aa6635c41a9463e606b3864d1695835ef253df7724dce5de980c1
A,E3_L3_COMP_F4,L3,20240620,B0,1200,2,2,0,0,runs/experiment3/E3_L3_COMP_F4/seed20240620/B0,447a76a391306ac270028242f7d5f87cc199ad502c72b20e5b2e72d3a61a0e64
A,E3_L3_COMP_F4,L3,20240620,B1,1200,2,2,0,0,runs/experiment3/E3_L3_COMP_F4/seed20240620/B1,32619cc3881330ac2f0685f640d3d1897fea3bb542857ea324143cadef69c6c5
A,E3_L3_COMP_F4,L3,20240620,B2,1200,2,2,0,0,runs/experiment3/E3_L3_COMP_F4/seed20240620/B2,32619cc3881330ac2f0685f640d3d1897fea3bb542857ea324143cadef69c6c5
A,E3_L3_COMP_F4,L3,20240620,B4b,1200,2,2,0,0,runs/experiment3/E3_L3_COMP_F4/seed20240620/B4b,32619cc3881330ac2f0685f640d3d1897fea3bb542857ea324143cadef69c6c5
A,E3_L3_COMP_F5,L3,20240601,B0,1200,2,2,0,0,runs/experiment3/E3_L3_COMP_F5/seed20240601/B0,324bf2ef06e0c389eba20718ed6a3ffc83c4d6b65e80f0c1f7dd5680e4ec9ddc
A,E3_L3_COMP_F5,L3,20240601,B1,1200,2,2,0,0,runs/experiment3/E3_L3_COMP_F5/seed20240601/B1,8742c9f128916ad1c6fc10fa8e2202826191851fd4af855a52b17da69c6154ba
A,E3_L3_COMP_F5,L3,20240601,B2,1200,2,2,0,0,runs/experiment3/E3_L3_COMP_F5/seed20240601/B2,8742c9f128916ad1c6fc10fa8e2202826191851fd4af855a52b17da69c6154ba
A,E3_L3_COMP_F5,L3,20240601,B4b,1200,2,2,0,0,runs/experiment3/E3_L3_COMP_F5/seed20240601/B4b,8742c9f128916ad1c6fc10fa8e2202826191851fd4af855a52b17da69c6154ba
A,E3_L3_COMP_F5,L3,20240602,B0,1200,2,2,0,0,runs/experiment3/E3_L3_COMP_F5/seed20240602/B0,41eba9b5c0e2f63bb76da65c1f7dd314ff960b72e610090389e296cf11348b0f
A,E3_L3_COMP_F5,L3,20240602,B1,1200,2,2,0,0,runs/experiment3/E3_L3_COMP_F5/seed20240602/B1,06a31b4045e7d3e0c0ec751d606149323181c9e17cc8403cf27cd304ad61e84d
A,E3_L3_COMP_F5,L3,20240602,B2,1200,2,2,0,0,runs/experiment3/E3_L3_COMP_F5/seed20240602/B2,06a31b4045e7d3e0c0ec751d606149323181c9e17cc8403cf27cd304ad61e84d
A,E3_L3_COMP_F5,L3,20240602,B4b,1200,2,2,0,0,runs/experiment3/E3_L3_COMP_F5/seed20240602/B4b,06a31b4045e7d3e0c0ec751d606149323181c9e17cc8403cf27cd304ad61e84d
A,E3_L3_COMP_F5,L3,20240603,B0,1200,2,2,0,0,runs/experiment3/E3_L3_COMP_F5/seed20240603/B0,6196c1b43402781b69011874ac61f655bc29d4883d9351aa446e9d92dd973f35
A,E3_L3_COMP_F5,L3,20240603,B1,1200,2,2,0,0,runs/experiment3/E3_L3_COMP_F5/seed20240603/B1,9733210c31f92da47aa4510cfe727e366b0ba2da9f073dce25c2daf3912a6d32
A,E3_L3_COMP_F5,L3,20240603,B2,1200,2,2,0,0,runs/experiment3/E3_L3_COMP_F5/seed20240603/B2,9733210c31f92da47aa4510cfe727e366b0ba2da9f073dce25c2daf3912a6d32
A,E3_L3_COMP_F5,L3,20240603,B4b,1200,2,2,0,0,runs/experiment3/E3_L3_COMP_F5/seed20240603/B4b,9733210c31f92da47aa4510cfe727e366b0ba2da9f073dce25c2daf3912a6d32
A,E3_L3_COMP_F5,L3,20240604,B0,1200,2,2,0,0,runs/experiment3/E3_L3_COMP_F5/seed20240604/B0,89b2e74495851e073ce97f2f59feb066b5c5064aa2c12926463f99e80d3680d2
A,E3_L3_COMP_F5,L3,20240604,B1,1200,2,2,0,0,runs/experiment3/E3_L3_COMP_F5/seed20240604/B1,e9210c0efd422da8594a56b7d1ff7db3591d9a07200f2f3a96d56ffec3b02c18
A,E3_L3_COMP_F5,L3,20240604,B2,1200,2,2,0,0,runs/experiment3/E3_L3_COMP_F5/seed20240604/B2,e9210c0efd422da8594a56b7d1ff7db3591d9a07200f2f3a96d56ffec3b02c18
A,E3_L3_COMP_F5,L3,20240604,B4b,1200,2,2,0,0,runs/experiment3/E3_L3_COMP_F5/seed20240604/B4b,e9210c0efd422da8594a56b7d1ff7db3591d9a07200f2f3a96d56ffec3b02c18
A,E3_L3_COMP_F5,L3,20240605,B0,1200,2,2,0,0,runs/experiment3/E3_L3_COMP_F5/seed20240605/B0,78351bbfede894fbfe0aa5b1169e8e0b6ca484e6ec4dcc8f6416691333bb1222
A,E3_L3_COMP_F5,L3,20240605,B1,1200,2,2,0,0,runs/experiment3/E3_L3_COMP_F5/seed20240605/B1,671b70a0ae6899fcb5c16e6252bb5377a510091fdad9734b8da4bbf0c82c0d5f
A,E3_L3_COMP_F5,L3,20240605,B2,1200,2,2,0,0,runs/experiment3/E3_L3_COMP_F5/seed20240605/B2,671b70a0ae6899fcb5c16e6252bb5377a510091fdad9734b8da4bbf0c82c0d5f
A,E3_L3_COMP_F5,L3,20240605,B4b,1200,2,2,0,0,runs/experiment3/E3_L3_COMP_F5/seed20240605/B4b,671b70a0ae6899fcb5c16e6252bb5377a510091fdad9734b8da4bbf0c82c0d5f
A,E3_L3_COMP_F5,L3,20240606,B0,1200,2,2,0,0,runs/experiment3/E3_L3_COMP_F5/seed20240606/B0,ac52f868416a17ac2341fc591b44ee5a428b22f4413999b2068daf76492d56a4
A,E3_L3_COMP_F5,L3,20240606,B1,1200,2,2,0,0,runs/experiment3/E3_L3_COMP_F5/seed20240606/B1,0139cfc4deebeda3447a5eb0b451f7501a51878ed34c2d82fa6b8f4a4fff5ee3
A,E3_L3_COMP_F5,L3,20240606,B2,1200,2,2,0,0,runs/experiment3/E3_L3_COMP_F5/seed20240606/B2,0139cfc4deebeda3447a5eb0b451f7501a51878ed34c2d82fa6b8f4a4fff5ee3
A,E3_L3_COMP_F5,L3,20240606,B4b,1200,2,2,0,0,runs/experiment3/E3_L3_COMP_F5/seed20240606/B4b,0139cfc4deebeda3447a5eb0b451f7501a51878ed34c2d82fa6b8f4a4fff5ee3
A,E3_L3_COMP_F5,L3,20240607,B0,1200,2,2,0,0,runs/experiment3/E3_L3_COMP_F5/seed20240607/B0,ff1aaeb4c43f4d1287ef8b7e8ad9cb21e099a726a5787a8556fcce951dda222b
A,E3_L3_COMP_F5,L3,20240607,B1,1200,2,2,0,0,runs/experiment3/E3_L3_COMP_F5/seed20240607/B1,5b8d52b9e55e9b0412b2ddf9b131d4191c6207c9e8db57dbe760f1207c360c80
A,E3_L3_COMP_F5,L3,20240607,B2,1200,2,2,0,0,runs/experiment3/E3_L3_COMP_F5/seed20240607/B2,5b8d52b9e55e9b0412b2ddf9b131d4191c6207c9e8db57dbe760f1207c360c80
A,E3_L3_COMP_F5,L3,20240607,B4b,1200,2,2,0,0,runs/experiment3/E3_L3_COMP_F5/seed20240607/B4b,5b8d52b9e55e9b0412b2ddf9b131d4191c6207c9e8db57dbe760f1207c360c80
A,E3_L3_COMP_F5,L3,20240608,B0,1200,2,2,0,0,runs/experiment3/E3_L3_COMP_F5/seed20240608/B0,8b021d4f647bd20f42e57f1f878d80575b8b4d0ea3a2a7ff1c4deddff47a2e39
A,E3_L3_COMP_F5,L3,20240608,B1,1200,2,2,0,0,runs/experiment3/E3_L3_COMP_F5/seed20240608/B1,8598a01c395cc8c59882dea68137f28bbc9d1d96b4f3f4f21ca392f04658b289
A,E3_L3_COMP_F5,L3,20240608,B2,1200,2,2,0,0,runs/experiment3/E3_L3_COMP_F5/seed20240608/B2,8598a01c395cc8c59882dea68137f28bbc9d1d96b4f3f4f21ca392f04658b289
A,E3_L3_COMP_F5,L3,20240608,B4b,1200,2,2,0,0,runs/experiment3/E3_L3_COMP_F5/seed20240608/B4b,8598a01c395cc8c59882dea68137f28bbc9d1d96b4f3f4f21ca392f04658b289
A,E3_L3_COMP_F5,L3,20240609,B0,1200,2,2,0,0,runs/experiment3/E3_L3_COMP_F5/seed20240609/B0,5dfbd995b489d3ee2fba7cd4883fc49175826a6921ed76bd7ce9f2b1c9547677
A,E3_L3_COMP_F5,L3,20240609,B1,1200,2,2,0,0,runs/experiment3/E3_L3_COMP_F5/seed20240609/B1,0732d5a9923bbd47a6ae998cecb5279425ce30898f2ec71aa55a8816a62177d1
A,E3_L3_COMP_F5,L3,20240609,B2,1200,2,2,0,0,runs/experiment3/E3_L3_COMP_F5/seed20240609/B2,0732d5a9923bbd47a6ae998cecb5279425ce30898f2ec71aa55a8816a62177d1
A,E3_L3_COMP_F5,L3,20240609,B4b,1200,2,2,0,0,runs/experiment3/E3_L3_COMP_F5/seed20240609/B4b,0732d5a9923bbd47a6ae998cecb5279425ce30898f2ec71aa55a8816a62177d1
A,E3_L3_COMP_F5,L3,20240610,B0,1200,2,2,0,0,runs/experiment3/E3_L3_COMP_F5/seed20240610/B0,2d8814c2d615898ef95a813345f66559a11ca757ed2d674d1f4dc0c1dd0055c0
A,E3_L3_COMP_F5,L3,20240610,B1,1200,2,2,0,0,runs/experiment3/E3_L3_COMP_F5/seed20240610/B1,44a0c62ed1b8db48878dbc5dca9d7ba18c3570ff915a3ba9a26db8be869dc85d
A,E3_L3_COMP_F5,L3,20240610,B2,1200,2,2,0,0,runs/experiment3/E3_L3_COMP_F5/seed20240610/B2,44a0c62ed1b8db48878dbc5dca9d7ba18c3570ff915a3ba9a26db8be869dc85d
A,E3_L3_COMP_F5,L3,20240610,B4b,1200,2,2,0,0,runs/experiment3/E3_L3_COMP_F5/seed20240610/B4b,44a0c62ed1b8db48878dbc5dca9d7ba18c3570ff915a3ba9a26db8be869dc85d
A,E3_L3_COMP_F5,L3,20240611,B0,1200,2,2,0,0,runs/experiment3/E3_L3_COMP_F5/seed20240611/B0,90439e5f72eaa598a697f7f69232e8da08f1a830b758661ac29ae9014efbb0a1
A,E3_L3_COMP_F5,L3,20240611,B1,1200,2,2,0,0,runs/experiment3/E3_L3_COMP_F5/seed20240611/B1,a91413e52bc09dbb9254821eda4b95606a15578825c3319e68dcd6d989857493
A,E3_L3_COMP_F5,L3,20240611,B2,1200,2,2,0,0,runs/experiment3/E3_L3_COMP_F5/seed20240611/B2,a91413e52bc09dbb9254821eda4b95606a15578825c3319e68dcd6d989857493
A,E3_L3_COMP_F5,L3,20240611,B4b,1200,2,2,0,0,runs/experiment3/E3_L3_COMP_F5/seed20240611/B4b,a91413e52bc09dbb9254821eda4b95606a15578825c3319e68dcd6d989857493
A,E3_L3_COMP_F5,L3,20240612,B0,1200,2,2,0,0,runs/experiment3/E3_L3_COMP_F5/seed20240612/B0,42a05a020e2a1f7ef69d36d6fa7c67283623b60dbd3c7939f269cefef3a3f570
A,E3_L3_COMP_F5,L3,20240612,B1,1200,2,2,0,0,runs/experiment3/E3_L3_COMP_F5/seed20240612/B1,45648189146ea0a2d4d449a12170b8d86ddb5dcd232afecc312ca9660cbd2a10
A,E3_L3_COMP_F5,L3,20240612,B2,1200,2,2,0,0,runs/experiment3/E3_L3_COMP_F5/seed20240612/B2,45648189146ea0a2d4d449a12170b8d86ddb5dcd232afecc312ca9660cbd2a10
A,E3_L3_COMP_F5,L3,20240612,B4b,1200,2,2,0,0,runs/experiment3/E3_L3_COMP_F5/seed20240612/B4b,45648189146ea0a2d4d449a12170b8d86ddb5dcd232afecc312ca9660cbd2a10
A,E3_L3_COMP_F5,L3,20240613,B0,1200,2,2,0,0,runs/experiment3/E3_L3_COMP_F5/seed20240613/B0,3059a42dc0c40453b8ed77999c8108ce6c4095bfdbb996b203e6576a79c66431
A,E3_L3_COMP_F5,L3,20240613,B1,1200,2,2,0,0,runs/experiment3/E3_L3_COMP_F5/seed20240613/B1,cb4df316561a6c594856bdc30b765b9e0aa2b9a77441d350edbdd99b83d87b68
A,E3_L3_COMP_F5,L3,20240613,B2,1200,2,2,0,0,runs/experiment3/E3_L3_COMP_F5/seed20240613/B2,cb4df316561a6c594856bdc30b765b9e0aa2b9a77441d350edbdd99b83d87b68
A,E3_L3_COMP_F5,L3,20240613,B4b,1200,2,2,0,0,runs/experiment3/E3_L3_COMP_F5/seed20240613/B4b,cb4df316561a6c594856bdc30b765b9e0aa2b9a77441d350edbdd99b83d87b68
A,E3_L3_COMP_F5,L3,20240614,B0,1200,2,2,0,0,runs/experiment3/E3_L3_COMP_F5/seed20240614/B0,e5d20568e83b0be37de022833e653c42307846ba08ac0433c7afe6c3fc5d6dbb
A,E3_L3_COMP_F5,L3,20240614,B1,1200,2,2,0,0,runs/experiment3/E3_L3_COMP_F5/seed20240614/B1,ea9bfcac01afc38623434424633ebf54b7d6b668d51d4927ef551e447aa5bb99
A,E3_L3_COMP_F5,L3,20240614,B2,1200,2,2,0,0,runs/experiment3/E3_L3_COMP_F5/seed20240614/B2,ea9bfcac01afc38623434424633ebf54b7d6b668d51d4927ef551e447aa5bb99
A,E3_L3_COMP_F5,L3,20240614,B4b,1200,2,2,0,0,runs/experiment3/E3_L3_COMP_F5/seed20240614/B4b,ea9bfcac01afc38623434424633ebf54b7d6b668d51d4927ef551e447aa5bb99
A,E3_L3_COMP_F5,L3,20240615,B0,1200,2,2,0,0,runs/experiment3/E3_L3_COMP_F5/seed20240615/B0,bbb7372839de6245d3222ebd1960e21335bd0daf735ab0353fd0b678e7a33a75
A,E3_L3_COMP_F5,L3,20240615,B1,1200,2,2,0,0,runs/experiment3/E3_L3_COMP_F5/seed20240615/B1,e1fba4371a31db04fb472f93b23c7605a39e09cf0d40d5d1a97cc7e42f8c751f
A,E3_L3_COMP_F5,L3,20240615,B2,1200,2,2,0,0,runs/experiment3/E3_L3_COMP_F5/seed20240615/B2,e1fba4371a31db04fb472f93b23c7605a39e09cf0d40d5d1a97cc7e42f8c751f
A,E3_L3_COMP_F5,L3,20240615,B4b,1200,2,2,0,0,runs/experiment3/E3_L3_COMP_F5/seed20240615/B4b,e1fba4371a31db04fb472f93b23c7605a39e09cf0d40d5d1a97cc7e42f8c751f
A,E3_L3_COMP_F5,L3,20240616,B0,1200,2,2,0,0,runs/experiment3/E3_L3_COMP_F5/seed20240616/B0,447a2ecc051aae3a165d7f30e07ae00e4ebf6eb5b3ea86edf5fc366849723dec
A,E3_L3_COMP_F5,L3,20240616,B1,1200,2,2,0,0,runs/experiment3/E3_L3_COMP_F5/seed20240616/B1,54b2923cd7c478caa958e4fc7f9f6e998e69b876bfdedef92c513e820e5b0d72
A,E3_L3_COMP_F5,L3,20240616,B2,1200,2,2,0,0,runs/experiment3/E3_L3_COMP_F5/seed20240616/B2,54b2923cd7c478caa958e4fc7f9f6e998e69b876bfdedef92c513e820e5b0d72
A,E3_L3_COMP_F5,L3,20240616,B4b,1200,2,2,0,0,runs/experiment3/E3_L3_COMP_F5/seed20240616/B4b,54b2923cd7c478caa958e4fc7f9f6e998e69b876bfdedef92c513e820e5b0d72
A,E3_L3_COMP_F5,L3,20240617,B0,1200,2,2,0,0,runs/experiment3/E3_L3_COMP_F5/seed20240617/B0,b9f90de3428ddb68dcb7d417430fe7d2cbde42591870764bf98e5634714fb9e4
A,E3_L3_COMP_F5,L3,20240617,B1,1200,2,2,0,0,runs/experiment3/E3_L3_COMP_F5/seed20240617/B1,dbd00eb659987f969d45f0d8cafde603c25ccaa82ef719568dac4de9177e40cf
A,E3_L3_COMP_F5,L3,20240617,B2,1200,2,2,0,0,runs/experiment3/E3_L3_COMP_F5/seed20240617/B2,dbd00eb659987f969d45f0d8cafde603c25ccaa82ef719568dac4de9177e40cf
A,E3_L3_COMP_F5,L3,20240617,B4b,1200,2,2,0,0,runs/experiment3/E3_L3_COMP_F5/seed20240617/B4b,dbd00eb659987f969d45f0d8cafde603c25ccaa82ef719568dac4de9177e40cf
A,E3_L3_COMP_F5,L3,20240618,B0,1200,2,2,0,0,runs/experiment3/E3_L3_COMP_F5/seed20240618/B0,bdb6e83c9a3adf4e58e371036dd751b94ac623810b5b2df4789cd65582ab6022
A,E3_L3_COMP_F5,L3,20240618,B1,1200,2,2,0,0,runs/experiment3/E3_L3_COMP_F5/seed20240618/B1,8ce67cf44da50738e12864cb1bf9c842c2096dee4a368ff17b095e3425b33589
A,E3_L3_COMP_F5,L3,20240618,B2,1200,2,2,0,0,runs/experiment3/E3_L3_COMP_F5/seed20240618/B2,8ce67cf44da50738e12864cb1bf9c842c2096dee4a368ff17b095e3425b33589
A,E3_L3_COMP_F5,L3,20240618,B4b,1200,2,2,0,0,runs/experiment3/E3_L3_COMP_F5/seed20240618/B4b,8ce67cf44da50738e12864cb1bf9c842c2096dee4a368ff17b095e3425b33589
A,E3_L3_COMP_F5,L3,20240619,B0,1200,2,2,0,0,runs/experiment3/E3_L3_COMP_F5/seed20240619/B0,3965e9f136cb75cc80adbd686fc9c6ca8b96973591a16375e547c77d536d6429
A,E3_L3_COMP_F5,L3,20240619,B1,1200,2,2,0,0,runs/experiment3/E3_L3_COMP_F5/seed20240619/B1,584aacb5cc9aa6635c41a9463e606b3864d1695835ef253df7724dce5de980c1
A,E3_L3_COMP_F5,L3,20240619,B2,1200,2,2,0,0,runs/experiment3/E3_L3_COMP_F5/seed20240619/B2,584aacb5cc9aa6635c41a9463e606b3864d1695835ef253df7724dce5de980c1
A,E3_L3_COMP_F5,L3,20240619,B4b,1200,2,2,0,0,runs/experiment3/E3_L3_COMP_F5/seed20240619/B4b,584aacb5cc9aa6635c41a9463e606b3864d1695835ef253df7724dce5de980c1
A,E3_L3_COMP_F5,L3,20240620,B0,1200,2,2,0,0,runs/experiment3/E3_L3_COMP_F5/seed20240620/B0,447a76a391306ac270028242f7d5f87cc199ad502c72b20e5b2e72d3a61a0e64
A,E3_L3_COMP_F5,L3,20240620,B1,1200,2,2,0,0,runs/experiment3/E3_L3_COMP_F5/seed20240620/B1,32619cc3881330ac2f0685f640d3d1897fea3bb542857ea324143cadef69c6c5
A,E3_L3_COMP_F5,L3,20240620,B2,1200,2,2,0,0,runs/experiment3/E3_L3_COMP_F5/seed20240620/B2,32619cc3881330ac2f0685f640d3d1897fea3bb542857ea324143cadef69c6c5
A,E3_L3_COMP_F5,L3,20240620,B4b,1200,2,2,0,0,runs/experiment3/E3_L3_COMP_F5/seed20240620/B4b,32619cc3881330ac2f0685f640d3d1897fea3bb542857ea324143cadef69c6c5
A,E3_L4_A,L4,20240601,B0,1200,2,2,0,0,runs/experiment3/E3_L4_A/seed20240601/B0,a2419fdce9d2e130a9013e76e2e45f5254505056dd787a74953071cdc209c1f4
A,E3_L4_A,L4,20240601,B1,1200,2,2,0,0,runs/experiment3/E3_L4_A/seed20240601/B1,a9f46858bd8543bd226ad912d88ca3b7aa36b4c54fa290b3ae8029944249510e
A,E3_L4_A,L4,20240601,B2,1200,2,2,0,0,runs/experiment3/E3_L4_A/seed20240601/B2,a9f46858bd8543bd226ad912d88ca3b7aa36b4c54fa290b3ae8029944249510e
A,E3_L4_A,L4,20240601,B4b,1200,2,2,0,0,runs/experiment3/E3_L4_A/seed20240601/B4b,a9f46858bd8543bd226ad912d88ca3b7aa36b4c54fa290b3ae8029944249510e
A,E3_L4_A,L4,20240602,B0,1200,2,2,0,0,runs/experiment3/E3_L4_A/seed20240602/B0,b2d6661dc28e67cca1a1d48ca02ca8d1c976b2d7c92826298fca2811c9b048bc
A,E3_L4_A,L4,20240602,B1,1200,2,2,0,0,runs/experiment3/E3_L4_A/seed20240602/B1,30057564631d37b239919eba30360da26ff5ffcba5fc7d7442b31aa4e580ceab
A,E3_L4_A,L4,20240602,B2,1200,2,2,0,0,runs/experiment3/E3_L4_A/seed20240602/B2,30057564631d37b239919eba30360da26ff5ffcba5fc7d7442b31aa4e580ceab
A,E3_L4_A,L4,20240602,B4b,1200,2,2,0,0,runs/experiment3/E3_L4_A/seed20240602/B4b,30057564631d37b239919eba30360da26ff5ffcba5fc7d7442b31aa4e580ceab
A,E3_L4_A,L4,20240603,B0,1200,2,2,0,0,runs/experiment3/E3_L4_A/seed20240603/B0,7f3088a4fcb82968307d01449d244ce48c1da819de2ffcf473c3e6c5bb8da771
A,E3_L4_A,L4,20240603,B1,1200,2,2,0,0,runs/experiment3/E3_L4_A/seed20240603/B1,ea4ec65f0b7105f9d14a93feaf9be71b4f209cf4aa05da5069f9552b4c2829cc
A,E3_L4_A,L4,20240603,B2,1200,2,2,0,0,runs/experiment3/E3_L4_A/seed20240603/B2,ea4ec65f0b7105f9d14a93feaf9be71b4f209cf4aa05da5069f9552b4c2829cc
A,E3_L4_A,L4,20240603,B4b,1200,2,2,0,0,runs/experiment3/E3_L4_A/seed20240603/B4b,ea4ec65f0b7105f9d14a93feaf9be71b4f209cf4aa05da5069f9552b4c2829cc
A,E3_L4_A,L4,20240604,B0,1200,2,2,0,0,runs/experiment3/E3_L4_A/seed20240604/B0,beb365c077c183c4b1f7a0ff355883b8b51b7850d55884802513b969e76e758d
A,E3_L4_A,L4,20240604,B1,1200,2,2,0,0,runs/experiment3/E3_L4_A/seed20240604/B1,e68fc4d8c4e2b1bce81a5ecd633c0003986ed47d511ca6cfd3b2435c369aba16
A,E3_L4_A,L4,20240604,B2,1200,2,2,0,0,runs/experiment3/E3_L4_A/seed20240604/B2,e68fc4d8c4e2b1bce81a5ecd633c0003986ed47d511ca6cfd3b2435c369aba16
A,E3_L4_A,L4,20240604,B4b,1200,2,2,0,0,runs/experiment3/E3_L4_A/seed20240604/B4b,e68fc4d8c4e2b1bce81a5ecd633c0003986ed47d511ca6cfd3b2435c369aba16
A,E3_L4_A,L4,20240605,B0,1200,2,2,0,0,runs/experiment3/E3_L4_A/seed20240605/B0,9021ce96537abe04282dc154f5718258bbef3b6c10c29ae3917ab4d9cf2b8b3d
A,E3_L4_A,L4,20240605,B1,1200,2,2,0,0,runs/experiment3/E3_L4_A/seed20240605/B1,db2d1fd57a0f38973e9f08759249920a71caa3d917d362bd7ca2dcced8d3c79a
A,E3_L4_A,L4,20240605,B2,1200,2,2,0,0,runs/experiment3/E3_L4_A/seed20240605/B2,db2d1fd57a0f38973e9f08759249920a71caa3d917d362bd7ca2dcced8d3c79a
A,E3_L4_A,L4,20240605,B4b,1200,2,2,0,0,runs/experiment3/E3_L4_A/seed20240605/B4b,db2d1fd57a0f38973e9f08759249920a71caa3d917d362bd7ca2dcced8d3c79a
A,E3_L4_A,L4,20240606,B0,1200,2,2,0,0,runs/experiment3/E3_L4_A/seed20240606/B0,1c47fef30cb8ffa08fd6bb76f1b5271d5d4d852e5b082a660e197dabd5368835
A,E3_L4_A,L4,20240606,B1,1200,2,2,0,0,runs/experiment3/E3_L4_A/seed20240606/B1,6256918eb866effc9399c81ce492d38d1cc3a836cbd2b772179eba4758b69adf
A,E3_L4_A,L4,20240606,B2,1200,2,2,0,0,runs/experiment3/E3_L4_A/seed20240606/B2,6256918eb866effc9399c81ce492d38d1cc3a836cbd2b772179eba4758b69adf
A,E3_L4_A,L4,20240606,B4b,1200,2,2,0,0,runs/experiment3/E3_L4_A/seed20240606/B4b,6256918eb866effc9399c81ce492d38d1cc3a836cbd2b772179eba4758b69adf
A,E3_L4_A,L4,20240607,B0,1200,2,2,0,0,runs/experiment3/E3_L4_A/seed20240607/B0,2a6eafd7327042ce96d9e3c7ae3ca988a34fc23f68c332959b3f6763b9db54d1
A,E3_L4_A,L4,20240607,B1,1200,2,2,0,0,runs/experiment3/E3_L4_A/seed20240607/B1,b24b5c2713d1cc1820c920f44f8af39cac9419de9788a15f8128413b66707502
A,E3_L4_A,L4,20240607,B2,1200,2,2,0,0,runs/experiment3/E3_L4_A/seed20240607/B2,b24b5c2713d1cc1820c920f44f8af39cac9419de9788a15f8128413b66707502
A,E3_L4_A,L4,20240607,B4b,1200,2,2,0,0,runs/experiment3/E3_L4_A/seed20240607/B4b,b24b5c2713d1cc1820c920f44f8af39cac9419de9788a15f8128413b66707502
A,E3_L4_A,L4,20240608,B0,1200,2,2,0,0,runs/experiment3/E3_L4_A/seed20240608/B0,0048de1ad284582483f7fc8efdbd1db4f47018bf332527f54252dbff179996b5
A,E3_L4_A,L4,20240608,B1,1200,2,2,0,0,runs/experiment3/E3_L4_A/seed20240608/B1,c6530f442621ab873173bf810d0001eee38e85f4e56f70df42a80085b63bf2df
A,E3_L4_A,L4,20240608,B2,1200,2,2,0,0,runs/experiment3/E3_L4_A/seed20240608/B2,c6530f442621ab873173bf810d0001eee38e85f4e56f70df42a80085b63bf2df
A,E3_L4_A,L4,20240608,B4b,1200,2,2,0,0,runs/experiment3/E3_L4_A/seed20240608/B4b,c6530f442621ab873173bf810d0001eee38e85f4e56f70df42a80085b63bf2df
A,E3_L4_A,L4,20240609,B0,1200,2,2,0,0,runs/experiment3/E3_L4_A/seed20240609/B0,85db76780187252000193a3353f82e5ddfe92ff1ab1fab0ac8b026e3fe87004c
A,E3_L4_A,L4,20240609,B1,1200,2,2,0,0,runs/experiment3/E3_L4_A/seed20240609/B1,42965bdaf3645885ef1b6df52824154e35b223261593f5b66248b3ee18bac468
A,E3_L4_A,L4,20240609,B2,1200,2,2,0,0,runs/experiment3/E3_L4_A/seed20240609/B2,42965bdaf3645885ef1b6df52824154e35b223261593f5b66248b3ee18bac468
A,E3_L4_A,L4,20240609,B4b,1200,2,2,0,0,runs/experiment3/E3_L4_A/seed20240609/B4b,42965bdaf3645885ef1b6df52824154e35b223261593f5b66248b3ee18bac468
A,E3_L4_A,L4,20240610,B0,1200,2,2,0,0,runs/experiment3/E3_L4_A/seed20240610/B0,54d3fe637316acffd696260c05a208799d72af25be2c6cc8d5d0a7778825ec9c
A,E3_L4_A,L4,20240610,B1,1200,2,2,0,0,runs/experiment3/E3_L4_A/seed20240610/B1,d169c68bfd1045779153c0e0cef51aadf73a3e7c9631b5459b711da35ed2e24e
A,E3_L4_A,L4,20240610,B2,1200,2,2,0,0,runs/experiment3/E3_L4_A/seed20240610/B2,d169c68bfd1045779153c0e0cef51aadf73a3e7c9631b5459b711da35ed2e24e
A,E3_L4_A,L4,20240610,B4b,1200,2,2,0,0,runs/experiment3/E3_L4_A/seed20240610/B4b,d169c68bfd1045779153c0e0cef51aadf73a3e7c9631b5459b711da35ed2e24e
A,E3_L4_A,L4,20240611,B0,1200,2,2,0,0,runs/experiment3/E3_L4_A/seed20240611/B0,3d2a5fe0387837b6fb193c176a5bdcb8975ea0d9d5ed22b3537ef2e676d2caa4
A,E3_L4_A,L4,20240611,B1,1200,2,2,0,0,runs/experiment3/E3_L4_A/seed20240611/B1,18a3845692172b45f75641c2fc283c465cf8953b235f4d6f7e03ebd8c0d27478
A,E3_L4_A,L4,20240611,B2,1200,2,2,0,0,runs/experiment3/E3_L4_A/seed20240611/B2,18a3845692172b45f75641c2fc283c465cf8953b235f4d6f7e03ebd8c0d27478
A,E3_L4_A,L4,20240611,B4b,1200,2,2,0,0,runs/experiment3/E3_L4_A/seed20240611/B4b,18a3845692172b45f75641c2fc283c465cf8953b235f4d6f7e03ebd8c0d27478
A,E3_L4_A,L4,20240612,B0,1200,2,2,0,0,runs/experiment3/E3_L4_A/seed20240612/B0,7bab0c95e33c615f79e316eea1cef233103cf362593c5c3205fc76e65eaba9f8
A,E3_L4_A,L4,20240612,B1,1200,2,2,0,0,runs/experiment3/E3_L4_A/seed20240612/B1,a34dca639b3c1c536d71865912af71e996705d3d9b2ccc57d788c435c4f0bc4c
A,E3_L4_A,L4,20240612,B2,1200,2,2,0,0,runs/experiment3/E3_L4_A/seed20240612/B2,a34dca639b3c1c536d71865912af71e996705d3d9b2ccc57d788c435c4f0bc4c
A,E3_L4_A,L4,20240612,B4b,1200,2,2,0,0,runs/experiment3/E3_L4_A/seed20240612/B4b,a34dca639b3c1c536d71865912af71e996705d3d9b2ccc57d788c435c4f0bc4c
A,E3_L4_A,L4,20240613,B0,1200,2,2,0,0,runs/experiment3/E3_L4_A/seed20240613/B0,f03665b9b5492ff5baa9fe9490be88d8933040bb54833e9c3c48ba3d29b2bebe
A,E3_L4_A,L4,20240613,B1,1200,2,2,0,0,runs/experiment3/E3_L4_A/seed20240613/B1,8b16a61fc30afcfc7b5945de5f412f124b902ffbd8a90168cfac96748b55e974
A,E3_L4_A,L4,20240613,B2,1200,2,2,0,0,runs/experiment3/E3_L4_A/seed20240613/B2,8b16a61fc30afcfc7b5945de5f412f124b902ffbd8a90168cfac96748b55e974
A,E3_L4_A,L4,20240613,B4b,1200,2,2,0,0,runs/experiment3/E3_L4_A/seed20240613/B4b,8b16a61fc30afcfc7b5945de5f412f124b902ffbd8a90168cfac96748b55e974
A,E3_L4_A,L4,20240614,B0,1200,2,2,0,0,runs/experiment3/E3_L4_A/seed20240614/B0,1c27f272b622bc87ab909fc231bc9cfafee78ef29f0295d5954b56dcf400f984
A,E3_L4_A,L4,20240614,B1,1200,2,2,0,0,runs/experiment3/E3_L4_A/seed20240614/B1,38c088e2100dffc009c5d1c5bf1afc4fb08d869120e550c99ab7a8a007e85b6a
A,E3_L4_A,L4,20240614,B2,1200,2,2,0,0,runs/experiment3/E3_L4_A/seed20240614/B2,38c088e2100dffc009c5d1c5bf1afc4fb08d869120e550c99ab7a8a007e85b6a
A,E3_L4_A,L4,20240614,B4b,1200,2,2,0,0,runs/experiment3/E3_L4_A/seed20240614/B4b,38c088e2100dffc009c5d1c5bf1afc4fb08d869120e550c99ab7a8a007e85b6a
A,E3_L4_A,L4,20240615,B0,1200,2,2,0,0,runs/experiment3/E3_L4_A/seed20240615/B0,f03cedc4ae1953616d31dcac505290e8f64b1f2271734e14b570c4ad60a2c6c5
A,E3_L4_A,L4,20240615,B1,1200,2,2,0,0,runs/experiment3/E3_L4_A/seed20240615/B1,c4e0bdb6a5abed23fccf42010bd5d382ff8936718f9ecce1f3c416e6ad122d77
A,E3_L4_A,L4,20240615,B2,1200,2,2,0,0,runs/experiment3/E3_L4_A/seed20240615/B2,c4e0bdb6a5abed23fccf42010bd5d382ff8936718f9ecce1f3c416e6ad122d77
A,E3_L4_A,L4,20240615,B4b,1200,2,2,0,0,runs/experiment3/E3_L4_A/seed20240615/B4b,c4e0bdb6a5abed23fccf42010bd5d382ff8936718f9ecce1f3c416e6ad122d77
A,E3_L4_A,L4,20240616,B0,1200,2,2,0,0,runs/experiment3/E3_L4_A/seed20240616/B0,fe9e590e3c27f7cff7cc25f046cc483fb3b67bebbf7fbdfe6816a8c7bb7a5536
A,E3_L4_A,L4,20240616,B1,1200,2,2,0,0,runs/experiment3/E3_L4_A/seed20240616/B1,3c0fb98aaf77ec69c332a8830c4de7a5d6a44538b9f0915ae05009f2d7d9f3e3
A,E3_L4_A,L4,20240616,B2,1200,2,2,0,0,runs/experiment3/E3_L4_A/seed20240616/B2,3c0fb98aaf77ec69c332a8830c4de7a5d6a44538b9f0915ae05009f2d7d9f3e3
A,E3_L4_A,L4,20240616,B4b,1200,2,2,0,0,runs/experiment3/E3_L4_A/seed20240616/B4b,3c0fb98aaf77ec69c332a8830c4de7a5d6a44538b9f0915ae05009f2d7d9f3e3
A,E3_L4_A,L4,20240617,B0,1200,2,2,0,0,runs/experiment3/E3_L4_A/seed20240617/B0,3d9dc6a76c65a6e7929404fa2339a14cc1895014e1f917849082d7006ac7c20e
A,E3_L4_A,L4,20240617,B1,1200,2,2,0,0,runs/experiment3/E3_L4_A/seed20240617/B1,d52f57c72dba9a51c94d0ca9d36d39fd6c18ed0bb0cf32163eee52cc277c1761
A,E3_L4_A,L4,20240617,B2,1200,2,2,0,0,runs/experiment3/E3_L4_A/seed20240617/B2,d52f57c72dba9a51c94d0ca9d36d39fd6c18ed0bb0cf32163eee52cc277c1761
A,E3_L4_A,L4,20240617,B4b,1200,2,2,0,0,runs/experiment3/E3_L4_A/seed20240617/B4b,d52f57c72dba9a51c94d0ca9d36d39fd6c18ed0bb0cf32163eee52cc277c1761
A,E3_L4_A,L4,20240618,B0,1200,2,2,0,0,runs/experiment3/E3_L4_A/seed20240618/B0,1fe770988d546bf41a2757b666527961906be26459096ade71f99016c4b34cbd
A,E3_L4_A,L4,20240618,B1,1200,2,2,0,0,runs/experiment3/E3_L4_A/seed20240618/B1,c1ce98ea64041489944ac9e8e6b7d35e5693e167d750d13a3c321772f6958e01
A,E3_L4_A,L4,20240618,B2,1200,2,2,0,0,runs/experiment3/E3_L4_A/seed20240618/B2,c1ce98ea64041489944ac9e8e6b7d35e5693e167d750d13a3c321772f6958e01
A,E3_L4_A,L4,20240618,B4b,1200,2,2,0,0,runs/experiment3/E3_L4_A/seed20240618/B4b,c1ce98ea64041489944ac9e8e6b7d35e5693e167d750d13a3c321772f6958e01
A,E3_L4_A,L4,20240619,B0,1200,2,2,0,0,runs/experiment3/E3_L4_A/seed20240619/B0,c4a08948a234d1c992a7b9c5f6821dc7ed18a59ec43546e76aecd35a44345a0b
A,E3_L4_A,L4,20240619,B1,1200,2,2,0,0,runs/experiment3/E3_L4_A/seed20240619/B1,4e151fe0c4f6080a7895467e90cf68e3c3b90b74e40ce9fde510baa5914d6a9b
A,E3_L4_A,L4,20240619,B2,1200,2,2,0,0,runs/experiment3/E3_L4_A/seed20240619/B2,4e151fe0c4f6080a7895467e90cf68e3c3b90b74e40ce9fde510baa5914d6a9b
A,E3_L4_A,L4,20240619,B4b,1200,2,2,0,0,runs/experiment3/E3_L4_A/seed20240619/B4b,4e151fe0c4f6080a7895467e90cf68e3c3b90b74e40ce9fde510baa5914d6a9b
A,E3_L4_A,L4,20240620,B0,1200,2,2,0,0,runs/experiment3/E3_L4_A/seed20240620/B0,9f7ac6c3290d727e763793071fd7a134de2bb7901211a5f5de35c9871d850cde
A,E3_L4_A,L4,20240620,B1,1200,2,2,0,0,runs/experiment3/E3_L4_A/seed20240620/B1,58873ac2871419644d9d03e3247153e40cb4ceaf83eaeeaa421c10c6d58d5ce0
A,E3_L4_A,L4,20240620,B2,1200,2,2,0,0,runs/experiment3/E3_L4_A/seed20240620/B2,58873ac2871419644d9d03e3247153e40cb4ceaf83eaeeaa421c10c6d58d5ce0
A,E3_L4_A,L4,20240620,B4b,1200,2,2,0,0,runs/experiment3/E3_L4_A/seed20240620/B4b,58873ac2871419644d9d03e3247153e40cb4ceaf83eaeeaa421c10c6d58d5ce0
A,E3_L4_B,L4,20240601,B0,1200,2,2,0,0,runs/experiment3/E3_L4_B/seed20240601/B0,1efb6e366b9a03cc4d02552c10bf37626d949bf6fbf2727424bd1fdde8674a61
A,E3_L4_B,L4,20240601,B1,1200,2,2,0,0,runs/experiment3/E3_L4_B/seed20240601/B1,986286b6d4237a35cff8d89ac036a8c02b2b68bdb6439cf1f41775f7c1cefe1f
A,E3_L4_B,L4,20240601,B2,1200,2,2,0,0,runs/experiment3/E3_L4_B/seed20240601/B2,986286b6d4237a35cff8d89ac036a8c02b2b68bdb6439cf1f41775f7c1cefe1f
A,E3_L4_B,L4,20240601,B4b,1200,2,2,0,0,runs/experiment3/E3_L4_B/seed20240601/B4b,986286b6d4237a35cff8d89ac036a8c02b2b68bdb6439cf1f41775f7c1cefe1f
A,E3_L4_B,L4,20240602,B0,1200,2,2,0,0,runs/experiment3/E3_L4_B/seed20240602/B0,4ae77ac1e0f1ffad9263c240162cb869a670edc7f78b8396c19b952040865490
A,E3_L4_B,L4,20240602,B1,1200,2,2,0,0,runs/experiment3/E3_L4_B/seed20240602/B1,b5f234a49e06e10516243d59dbcd28bd352b6be831cd3b85c938f9b2cd515e79
A,E3_L4_B,L4,20240602,B2,1200,2,2,0,0,runs/experiment3/E3_L4_B/seed20240602/B2,b5f234a49e06e10516243d59dbcd28bd352b6be831cd3b85c938f9b2cd515e79
A,E3_L4_B,L4,20240602,B4b,1200,2,2,0,0,runs/experiment3/E3_L4_B/seed20240602/B4b,b5f234a49e06e10516243d59dbcd28bd352b6be831cd3b85c938f9b2cd515e79
A,E3_L4_B,L4,20240603,B0,1200,2,2,0,0,runs/experiment3/E3_L4_B/seed20240603/B0,f34f06de9bc95cffbe416b0a8ebd84a94def34b88b6af1f383c7e40ce422c1d1
A,E3_L4_B,L4,20240603,B1,1200,2,2,0,0,runs/experiment3/E3_L4_B/seed20240603/B1,b22e043c08b4ab8fee14429d0424338d8eccb30dfb55a03a9fc7b1061e81ba80
A,E3_L4_B,L4,20240603,B2,1200,2,2,0,0,runs/experiment3/E3_L4_B/seed20240603/B2,b22e043c08b4ab8fee14429d0424338d8eccb30dfb55a03a9fc7b1061e81ba80
A,E3_L4_B,L4,20240603,B4b,1200,2,2,0,0,runs/experiment3/E3_L4_B/seed20240603/B4b,b22e043c08b4ab8fee14429d0424338d8eccb30dfb55a03a9fc7b1061e81ba80
A,E3_L4_B,L4,20240604,B0,1200,2,2,0,0,runs/experiment3/E3_L4_B/seed20240604/B0,614ad0e2657f29402e1d71fcb1d5306bba186f99a8132a8e933040eca02ba32e
A,E3_L4_B,L4,20240604,B1,1200,2,2,0,0,runs/experiment3/E3_L4_B/seed20240604/B1,75770a126d11eb10baf8800a27525a2c60af588fa7052a7f08378cf1d097d662
A,E3_L4_B,L4,20240604,B2,1200,2,2,0,0,runs/experiment3/E3_L4_B/seed20240604/B2,75770a126d11eb10baf8800a27525a2c60af588fa7052a7f08378cf1d097d662
A,E3_L4_B,L4,20240604,B4b,1200,2,2,0,0,runs/experiment3/E3_L4_B/seed20240604/B4b,75770a126d11eb10baf8800a27525a2c60af588fa7052a7f08378cf1d097d662
A,E3_L4_B,L4,20240605,B0,1200,2,2,0,0,runs/experiment3/E3_L4_B/seed20240605/B0,6776d20ed89d22607073e0b2baa8e246a0a326990a5dcbaf6498c49294d1128d
A,E3_L4_B,L4,20240605,B1,1200,2,2,0,0,runs/experiment3/E3_L4_B/seed20240605/B1,abfe8fbf07f6f272678da44011eb7169f4748a577401b6df25b2b81add023131
A,E3_L4_B,L4,20240605,B2,1200,2,2,0,0,runs/experiment3/E3_L4_B/seed20240605/B2,abfe8fbf07f6f272678da44011eb7169f4748a577401b6df25b2b81add023131
A,E3_L4_B,L4,20240605,B4b,1200,2,2,0,0,runs/experiment3/E3_L4_B/seed20240605/B4b,abfe8fbf07f6f272678da44011eb7169f4748a577401b6df25b2b81add023131
A,E3_L4_B,L4,20240606,B0,1200,2,2,0,0,runs/experiment3/E3_L4_B/seed20240606/B0,7220df29dd1c5c2a0956eb0882d89d9d4df2c6a33c6da1778614a2e997c4158d
A,E3_L4_B,L4,20240606,B1,1200,2,2,0,0,runs/experiment3/E3_L4_B/seed20240606/B1,b27318f407e11a9f4de17667c9d26a7fced420ad88e61757de47625d909d08e2
A,E3_L4_B,L4,20240606,B2,1200,2,2,0,0,runs/experiment3/E3_L4_B/seed20240606/B2,b27318f407e11a9f4de17667c9d26a7fced420ad88e61757de47625d909d08e2
A,E3_L4_B,L4,20240606,B4b,1200,2,2,0,0,runs/experiment3/E3_L4_B/seed20240606/B4b,b27318f407e11a9f4de17667c9d26a7fced420ad88e61757de47625d909d08e2
A,E3_L4_B,L4,20240607,B0,1200,2,2,0,0,runs/experiment3/E3_L4_B/seed20240607/B0,821bba015a7df3f6aef0da679b842818c80d4553032d5d3e0e632d6a53ed1675
A,E3_L4_B,L4,20240607,B1,1200,2,2,0,0,runs/experiment3/E3_L4_B/seed20240607/B1,b80bda5031cd01528b5c19f1ccaaa258c34bf7ab46b3467e5644cf7e03bf2588
A,E3_L4_B,L4,20240607,B2,1200,2,2,0,0,runs/experiment3/E3_L4_B/seed20240607/B2,b80bda5031cd01528b5c19f1ccaaa258c34bf7ab46b3467e5644cf7e03bf2588
A,E3_L4_B,L4,20240607,B4b,1200,2,2,0,0,runs/experiment3/E3_L4_B/seed20240607/B4b,b80bda5031cd01528b5c19f1ccaaa258c34bf7ab46b3467e5644cf7e03bf2588
A,E3_L4_B,L4,20240608,B0,1200,2,2,0,0,runs/experiment3/E3_L4_B/seed20240608/B0,c0eefaf3adfddcee1d4e6a2db3ee89f8f3e73f5187b1d02c2f845722c7cfafac
A,E3_L4_B,L4,20240608,B1,1200,2,2,0,0,runs/experiment3/E3_L4_B/seed20240608/B1,a3dcc0688ea95095b6182845a759af499adb638fb50ef1ba3229492713282b86
A,E3_L4_B,L4,20240608,B2,1200,2,2,0,0,runs/experiment3/E3_L4_B/seed20240608/B2,a3dcc0688ea95095b6182845a759af499adb638fb50ef1ba3229492713282b86
A,E3_L4_B,L4,20240608,B4b,1200,2,2,0,0,runs/experiment3/E3_L4_B/seed20240608/B4b,a3dcc0688ea95095b6182845a759af499adb638fb50ef1ba3229492713282b86
A,E3_L4_B,L4,20240609,B0,1200,2,2,0,0,runs/experiment3/E3_L4_B/seed20240609/B0,4cc993bad0ed48704f34fbc60647317091c0a59105219671f95f0b285c15d6a2
A,E3_L4_B,L4,20240609,B1,1200,2,2,0,0,runs/experiment3/E3_L4_B/seed20240609/B1,a59361fc2ef4e433d2a0a3207191e53af2c4fc8cbb72e4d44f3a904f9d9ed424
A,E3_L4_B,L4,20240609,B2,1200,2,2,0,0,runs/experiment3/E3_L4_B/seed20240609/B2,a59361fc2ef4e433d2a0a3207191e53af2c4fc8cbb72e4d44f3a904f9d9ed424
A,E3_L4_B,L4,20240609,B4b,1200,2,2,0,0,runs/experiment3/E3_L4_B/seed20240609/B4b,a59361fc2ef4e433d2a0a3207191e53af2c4fc8cbb72e4d44f3a904f9d9ed424
A,E3_L4_B,L4,20240610,B0,1200,2,2,0,0,runs/experiment3/E3_L4_B/seed20240610/B0,5fb49e2149695144d775d6afe9f844821d189a6b846f8adbe5580e7695fca4ea
A,E3_L4_B,L4,20240610,B1,1200,2,2,0,0,runs/experiment3/E3_L4_B/seed20240610/B1,3340088eb120921628206cb5f1b31ebbaf71cbfdc9af6da9f7a2f4fabd20a4a0
A,E3_L4_B,L4,20240610,B2,1200,2,2,0,0,runs/experiment3/E3_L4_B/seed20240610/B2,3340088eb120921628206cb5f1b31ebbaf71cbfdc9af6da9f7a2f4fabd20a4a0
A,E3_L4_B,L4,20240610,B4b,1200,2,2,0,0,runs/experiment3/E3_L4_B/seed20240610/B4b,286f2416a328f7fd14ff045cd3322802922252ab703c7ac987910d56d030f5ae
A,E3_L4_B,L4,20240611,B0,1200,2,2,0,0,runs/experiment3/E3_L4_B/seed20240611/B0,44cb672980e3c77b6f84cff7255bdd87a4856063cf9590919b848967c4b13f1b
A,E3_L4_B,L4,20240611,B1,1200,2,2,0,0,runs/experiment3/E3_L4_B/seed20240611/B1,9362a8633e80b2b1c1684af9657ad811e23e1cf6a7cc27ec92d4307354900ca8
A,E3_L4_B,L4,20240611,B2,1200,2,2,0,0,runs/experiment3/E3_L4_B/seed20240611/B2,9362a8633e80b2b1c1684af9657ad811e23e1cf6a7cc27ec92d4307354900ca8
A,E3_L4_B,L4,20240611,B4b,1200,2,2,0,0,runs/experiment3/E3_L4_B/seed20240611/B4b,9362a8633e80b2b1c1684af9657ad811e23e1cf6a7cc27ec92d4307354900ca8
A,E3_L4_B,L4,20240612,B0,1200,2,2,0,0,runs/experiment3/E3_L4_B/seed20240612/B0,e89edcfe15c0ddaa718bee35398c6981bcbfd0e20baa136024b61a48bc6ea009
A,E3_L4_B,L4,20240612,B1,1200,2,2,0,0,runs/experiment3/E3_L4_B/seed20240612/B1,16227af4f62e9253ce7b9fd092b05777d1b5eb61dee4409c17e1939b41a59680
A,E3_L4_B,L4,20240612,B2,1200,2,2,0,0,runs/experiment3/E3_L4_B/seed20240612/B2,16227af4f62e9253ce7b9fd092b05777d1b5eb61dee4409c17e1939b41a59680
A,E3_L4_B,L4,20240612,B4b,1200,2,2,0,0,runs/experiment3/E3_L4_B/seed20240612/B4b,16227af4f62e9253ce7b9fd092b05777d1b5eb61dee4409c17e1939b41a59680
A,E3_L4_B,L4,20240613,B0,1200,2,2,0,0,runs/experiment3/E3_L4_B/seed20240613/B0,5db8fbc56845a05bb2826a301f639892d829e48e8bd66a5143fe0602bbc100fa
A,E3_L4_B,L4,20240613,B1,1200,2,2,0,0,runs/experiment3/E3_L4_B/seed20240613/B1,b9230bf0377b98e19876c3edd0ac6cff54f63c4cc7852c211d31895a68eff4dd
A,E3_L4_B,L4,20240613,B2,1200,2,2,0,0,runs/experiment3/E3_L4_B/seed20240613/B2,b9230bf0377b98e19876c3edd0ac6cff54f63c4cc7852c211d31895a68eff4dd
A,E3_L4_B,L4,20240613,B4b,1200,2,2,0,0,runs/experiment3/E3_L4_B/seed20240613/B4b,b9230bf0377b98e19876c3edd0ac6cff54f63c4cc7852c211d31895a68eff4dd
A,E3_L4_B,L4,20240614,B0,1200,2,2,0,0,runs/experiment3/E3_L4_B/seed20240614/B0,dfc5f75cb55f68c14e785cd4622f412d332e5d9e3c8437dda43e36f51d53ec97
A,E3_L4_B,L4,20240614,B1,1200,2,2,0,0,runs/experiment3/E3_L4_B/seed20240614/B1,0390e8a5645edff757bb32af9b2bcc030bad81c531f1ff248d0f4303a46c07b4
A,E3_L4_B,L4,20240614,B2,1200,2,2,0,0,runs/experiment3/E3_L4_B/seed20240614/B2,0390e8a5645edff757bb32af9b2bcc030bad81c531f1ff248d0f4303a46c07b4
A,E3_L4_B,L4,20240614,B4b,1200,2,2,0,0,runs/experiment3/E3_L4_B/seed20240614/B4b,0390e8a5645edff757bb32af9b2bcc030bad81c531f1ff248d0f4303a46c07b4
A,E3_L4_B,L4,20240615,B0,1200,2,2,0,0,runs/experiment3/E3_L4_B/seed20240615/B0,748bb9a8644d9d4cad356ead3f2b6216110428cfebc3cbfdb687c625b83854aa
A,E3_L4_B,L4,20240615,B1,1200,2,2,0,0,runs/experiment3/E3_L4_B/seed20240615/B1,25707a655e7b5cda2a4b0205a1b4bd6df56eda4df73452f79f4dbfa1f7f5e919
A,E3_L4_B,L4,20240615,B2,1200,2,2,0,0,runs/experiment3/E3_L4_B/seed20240615/B2,25707a655e7b5cda2a4b0205a1b4bd6df56eda4df73452f79f4dbfa1f7f5e919
A,E3_L4_B,L4,20240615,B4b,1200,2,2,0,0,runs/experiment3/E3_L4_B/seed20240615/B4b,25707a655e7b5cda2a4b0205a1b4bd6df56eda4df73452f79f4dbfa1f7f5e919
A,E3_L4_B,L4,20240616,B0,1200,2,2,0,0,runs/experiment3/E3_L4_B/seed20240616/B0,43e11ad9682b68050cee1dcdb4567b35b3b7437e0ee69e4e12eb18f1e86ab787
A,E3_L4_B,L4,20240616,B1,1200,2,2,0,0,runs/experiment3/E3_L4_B/seed20240616/B1,f2982d2f4c1e489d83b2932a27d8549875ebc9c0732b60dd71fab38a1948bb88
A,E3_L4_B,L4,20240616,B2,1200,2,2,0,0,runs/experiment3/E3_L4_B/seed20240616/B2,f2982d2f4c1e489d83b2932a27d8549875ebc9c0732b60dd71fab38a1948bb88
A,E3_L4_B,L4,20240616,B4b,1200,2,2,0,0,runs/experiment3/E3_L4_B/seed20240616/B4b,f2982d2f4c1e489d83b2932a27d8549875ebc9c0732b60dd71fab38a1948bb88
A,E3_L4_B,L4,20240617,B0,1200,2,2,0,0,runs/experiment3/E3_L4_B/seed20240617/B0,ee4908a90afec2147ad3bf9d441541213ae6b550521fd3689c155077bca956f2
A,E3_L4_B,L4,20240617,B1,1200,2,2,0,0,runs/experiment3/E3_L4_B/seed20240617/B1,17df4462bc63006f8473f309782a30dc321a56f10153dfc96f4e3f36d8fd2f84
A,E3_L4_B,L4,20240617,B2,1200,2,2,0,0,runs/experiment3/E3_L4_B/seed20240617/B2,17df4462bc63006f8473f309782a30dc321a56f10153dfc96f4e3f36d8fd2f84
A,E3_L4_B,L4,20240617,B4b,1200,2,2,0,0,runs/experiment3/E3_L4_B/seed20240617/B4b,17df4462bc63006f8473f309782a30dc321a56f10153dfc96f4e3f36d8fd2f84
A,E3_L4_B,L4,20240618,B0,1200,2,2,0,0,runs/experiment3/E3_L4_B/seed20240618/B0,d3270f9c9d3bec61812f55aa5bbd08e31f8efcdb56b34910ace0779091ba6e96
A,E3_L4_B,L4,20240618,B1,1200,2,2,0,0,runs/experiment3/E3_L4_B/seed20240618/B1,8e2ce9eaed5d489b871b994082c88476ccb2f426b60c99ad6d34679ffacf6c42
A,E3_L4_B,L4,20240618,B2,1200,2,2,0,0,runs/experiment3/E3_L4_B/seed20240618/B2,8e2ce9eaed5d489b871b994082c88476ccb2f426b60c99ad6d34679ffacf6c42
A,E3_L4_B,L4,20240618,B4b,1200,2,2,0,0,runs/experiment3/E3_L4_B/seed20240618/B4b,8e2ce9eaed5d489b871b994082c88476ccb2f426b60c99ad6d34679ffacf6c42
A,E3_L4_B,L4,20240619,B0,1200,2,2,0,0,runs/experiment3/E3_L4_B/seed20240619/B0,f6168c61153a20b8add7cae787ccde46b10cbcb2ef789983662cfe6733764956
A,E3_L4_B,L4,20240619,B1,1200,2,2,0,0,runs/experiment3/E3_L4_B/seed20240619/B1,8ca7667ed28c80cb1c2b71d408318c23586dd901f228a4393d32e666a8f39361
A,E3_L4_B,L4,20240619,B2,1200,2,2,0,0,runs/experiment3/E3_L4_B/seed20240619/B2,8ca7667ed28c80cb1c2b71d408318c23586dd901f228a4393d32e666a8f39361
A,E3_L4_B,L4,20240619,B4b,1200,2,2,0,0,runs/experiment3/E3_L4_B/seed20240619/B4b,8ca7667ed28c80cb1c2b71d408318c23586dd901f228a4393d32e666a8f39361
A,E3_L4_B,L4,20240620,B0,1200,2,2,0,0,runs/experiment3/E3_L4_B/seed20240620/B0,ba1982ce3a26aa1cf2e801384bc94037c80256efa31f21626f3efcdb9537f17f
A,E3_L4_B,L4,20240620,B1,1200,2,2,0,0,runs/experiment3/E3_L4_B/seed20240620/B1,6a2b48928e3241ca1d8b1ecddb400c49a9185dbaad0dab8b60fb5f400712d675
A,E3_L4_B,L4,20240620,B2,1200,2,2,0,0,runs/experiment3/E3_L4_B/seed20240620/B2,6a2b48928e3241ca1d8b1ecddb400c49a9185dbaad0dab8b60fb5f400712d675
A,E3_L4_B,L4,20240620,B4b,1200,2,2,0,0,runs/experiment3/E3_L4_B/seed20240620/B4b,6a2b48928e3241ca1d8b1ecddb400c49a9185dbaad0dab8b60fb5f400712d675
B,E3XB_L1_F1_C2,L1,20240601,B0,900,1,1,0,0,runs/experiment3_cross_site/site_b_amsterdam/E3XB_L1_F1_C2/seed20240601/B0,42d08e1a229d54e22eb4bbb2102f6a5b81718bf0628dbac06d141979616c1066
B,E3XB_L1_F1_C2,L1,20240601,B1,900,1,1,0,0,runs/experiment3_cross_site/site_b_amsterdam/E3XB_L1_F1_C2/seed20240601/B1,e97ff2899d5803672b949b182a0c3ea44a4adac3b61d8ecaa0bf828b0ec1817a
B,E3XB_L1_F1_C2,L1,20240601,B2,900,1,1,0,0,runs/experiment3_cross_site/site_b_amsterdam/E3XB_L1_F1_C2/seed20240601/B2,e97ff2899d5803672b949b182a0c3ea44a4adac3b61d8ecaa0bf828b0ec1817a
B,E3XB_L1_F1_C2,L1,20240601,B4b,900,1,1,0,0,runs/experiment3_cross_site/site_b_amsterdam/E3XB_L1_F1_C2/seed20240601/B4b,e97ff2899d5803672b949b182a0c3ea44a4adac3b61d8ecaa0bf828b0ec1817a
B,E3XB_L1_F1_C2,L1,20240602,B0,900,1,1,0,0,runs/experiment3_cross_site/site_b_amsterdam/E3XB_L1_F1_C2/seed20240602/B0,9b542370873e4f4aee1bcb98249b7970d0cc5daaba14367e3fab0ed549e9999d
B,E3XB_L1_F1_C2,L1,20240602,B1,900,1,1,0,0,runs/experiment3_cross_site/site_b_amsterdam/E3XB_L1_F1_C2/seed20240602/B1,404e8e8dd6c88618912e10149c515f241797d3156d4b56f5b01102dba38f8f31
B,E3XB_L1_F1_C2,L1,20240602,B2,900,1,1,0,0,runs/experiment3_cross_site/site_b_amsterdam/E3XB_L1_F1_C2/seed20240602/B2,404e8e8dd6c88618912e10149c515f241797d3156d4b56f5b01102dba38f8f31
B,E3XB_L1_F1_C2,L1,20240602,B4b,900,1,1,0,0,runs/experiment3_cross_site/site_b_amsterdam/E3XB_L1_F1_C2/seed20240602/B4b,404e8e8dd6c88618912e10149c515f241797d3156d4b56f5b01102dba38f8f31
B,E3XB_L1_F1_C2,L1,20240603,B0,900,1,1,0,0,runs/experiment3_cross_site/site_b_amsterdam/E3XB_L1_F1_C2/seed20240603/B0,c3d5aea68f0b7bb0f5349f90a27f54f71a1f3e1a5dd83fb665a2335fdd94afeb
B,E3XB_L1_F1_C2,L1,20240603,B1,900,1,1,0,0,runs/experiment3_cross_site/site_b_amsterdam/E3XB_L1_F1_C2/seed20240603/B1,702ec034e5444a622d6f6991c5edfd816bad9ad7e72b2ee6765b10b4d63960a2
B,E3XB_L1_F1_C2,L1,20240603,B2,900,1,1,0,0,runs/experiment3_cross_site/site_b_amsterdam/E3XB_L1_F1_C2/seed20240603/B2,702ec034e5444a622d6f6991c5edfd816bad9ad7e72b2ee6765b10b4d63960a2
B,E3XB_L1_F1_C2,L1,20240603,B4b,900,1,1,0,0,runs/experiment3_cross_site/site_b_amsterdam/E3XB_L1_F1_C2/seed20240603/B4b,702ec034e5444a622d6f6991c5edfd816bad9ad7e72b2ee6765b10b4d63960a2
B,E3XB_L1_F1_C2,L1,20240604,B0,900,1,1,0,0,runs/experiment3_cross_site/site_b_amsterdam/E3XB_L1_F1_C2/seed20240604/B0,6d90257e7d640f81083a46669e0e0f7728d519ec52825461711416815941e350
B,E3XB_L1_F1_C2,L1,20240604,B1,900,1,1,0,0,runs/experiment3_cross_site/site_b_amsterdam/E3XB_L1_F1_C2/seed20240604/B1,ab03d6b8d604bb03c169af3e83488f37063fd3e8fd2f89b91c5a8e9f68d5f7bb
B,E3XB_L1_F1_C2,L1,20240604,B2,900,1,1,0,0,runs/experiment3_cross_site/site_b_amsterdam/E3XB_L1_F1_C2/seed20240604/B2,ab03d6b8d604bb03c169af3e83488f37063fd3e8fd2f89b91c5a8e9f68d5f7bb
B,E3XB_L1_F1_C2,L1,20240604,B4b,900,1,1,0,0,runs/experiment3_cross_site/site_b_amsterdam/E3XB_L1_F1_C2/seed20240604/B4b,ab03d6b8d604bb03c169af3e83488f37063fd3e8fd2f89b91c5a8e9f68d5f7bb
B,E3XB_L1_F1_C2,L1,20240605,B0,900,1,1,0,0,runs/experiment3_cross_site/site_b_amsterdam/E3XB_L1_F1_C2/seed20240605/B0,d367be2a64a22ee8b750bfc2e5fc99d438e23c3decfb698f0c59c23507da9856
B,E3XB_L1_F1_C2,L1,20240605,B1,900,1,1,0,0,runs/experiment3_cross_site/site_b_amsterdam/E3XB_L1_F1_C2/seed20240605/B1,07ff8df09b18465ef6823ded8d5dfe312c297d5644022386b21a25f6f80862af
B,E3XB_L1_F1_C2,L1,20240605,B2,900,1,1,0,0,runs/experiment3_cross_site/site_b_amsterdam/E3XB_L1_F1_C2/seed20240605/B2,07ff8df09b18465ef6823ded8d5dfe312c297d5644022386b21a25f6f80862af
B,E3XB_L1_F1_C2,L1,20240605,B4b,900,1,1,0,0,runs/experiment3_cross_site/site_b_amsterdam/E3XB_L1_F1_C2/seed20240605/B4b,07ff8df09b18465ef6823ded8d5dfe312c297d5644022386b21a25f6f80862af
B,E3XB_L1_F1_C2,L1,20240606,B0,900,1,1,0,0,runs/experiment3_cross_site/site_b_amsterdam/E3XB_L1_F1_C2/seed20240606/B0,eefa2e01423a9dcfe232a32320d8e73333734110c726560c580b636a8cc44f18
B,E3XB_L1_F1_C2,L1,20240606,B1,900,1,1,0,0,runs/experiment3_cross_site/site_b_amsterdam/E3XB_L1_F1_C2/seed20240606/B1,c7cf44e011a2beaf7125d5e2905484a86c36d329582f859814d5f78e33add0ad
B,E3XB_L1_F1_C2,L1,20240606,B2,900,1,1,0,0,runs/experiment3_cross_site/site_b_amsterdam/E3XB_L1_F1_C2/seed20240606/B2,c7cf44e011a2beaf7125d5e2905484a86c36d329582f859814d5f78e33add0ad
B,E3XB_L1_F1_C2,L1,20240606,B4b,900,1,1,0,0,runs/experiment3_cross_site/site_b_amsterdam/E3XB_L1_F1_C2/seed20240606/B4b,c7cf44e011a2beaf7125d5e2905484a86c36d329582f859814d5f78e33add0ad
B,E3XB_L1_F1_C2,L1,20240607,B0,900,1,1,0,0,runs/experiment3_cross_site/site_b_amsterdam/E3XB_L1_F1_C2/seed20240607/B0,aae2740ffc4ce0ed1935f4c5be88de7f32afc36f0353c81ca70e6726602e4181
B,E3XB_L1_F1_C2,L1,20240607,B1,900,1,1,0,0,runs/experiment3_cross_site/site_b_amsterdam/E3XB_L1_F1_C2/seed20240607/B1,16c0e641bbde5d6f963c1b7f91bf0875b5ea4fe6088a876d538e01042050d64f
B,E3XB_L1_F1_C2,L1,20240607,B2,900,1,1,0,0,runs/experiment3_cross_site/site_b_amsterdam/E3XB_L1_F1_C2/seed20240607/B2,16c0e641bbde5d6f963c1b7f91bf0875b5ea4fe6088a876d538e01042050d64f
B,E3XB_L1_F1_C2,L1,20240607,B4b,900,1,1,0,0,runs/experiment3_cross_site/site_b_amsterdam/E3XB_L1_F1_C2/seed20240607/B4b,16c0e641bbde5d6f963c1b7f91bf0875b5ea4fe6088a876d538e01042050d64f
B,E3XB_L1_F1_C2,L1,20240608,B0,900,1,1,0,0,runs/experiment3_cross_site/site_b_amsterdam/E3XB_L1_F1_C2/seed20240608/B0,21776c913e41fe9e41271ec637e32535a5dca350d2e06c51f8884def7f1365e4
B,E3XB_L1_F1_C2,L1,20240608,B1,900,1,1,0,0,runs/experiment3_cross_site/site_b_amsterdam/E3XB_L1_F1_C2/seed20240608/B1,8557748d69bd66f8a93559b4044a70e9bb1b39b76c9cbe715c6d3ce125ca7e17
B,E3XB_L1_F1_C2,L1,20240608,B2,900,1,1,0,0,runs/experiment3_cross_site/site_b_amsterdam/E3XB_L1_F1_C2/seed20240608/B2,8557748d69bd66f8a93559b4044a70e9bb1b39b76c9cbe715c6d3ce125ca7e17
B,E3XB_L1_F1_C2,L1,20240608,B4b,900,1,1,0,0,runs/experiment3_cross_site/site_b_amsterdam/E3XB_L1_F1_C2/seed20240608/B4b,8557748d69bd66f8a93559b4044a70e9bb1b39b76c9cbe715c6d3ce125ca7e17
B,E3XB_L1_F1_C2,L1,20240609,B0,900,1,1,0,0,runs/experiment3_cross_site/site_b_amsterdam/E3XB_L1_F1_C2/seed20240609/B0,51ee7da51ce538e21a1e8bd677b4d0330d5cc8ce345680f5192db262d9615229
B,E3XB_L1_F1_C2,L1,20240609,B1,900,1,1,0,0,runs/experiment3_cross_site/site_b_amsterdam/E3XB_L1_F1_C2/seed20240609/B1,4766085a2baa4224bf0c37396d6ac1bfd5a672f66857759ed67e88711ad6b617
B,E3XB_L1_F1_C2,L1,20240609,B2,900,1,1,0,0,runs/experiment3_cross_site/site_b_amsterdam/E3XB_L1_F1_C2/seed20240609/B2,4766085a2baa4224bf0c37396d6ac1bfd5a672f66857759ed67e88711ad6b617
B,E3XB_L1_F1_C2,L1,20240609,B4b,900,1,1,0,0,runs/experiment3_cross_site/site_b_amsterdam/E3XB_L1_F1_C2/seed20240609/B4b,4766085a2baa4224bf0c37396d6ac1bfd5a672f66857759ed67e88711ad6b617
B,E3XB_L1_F1_C2,L1,20240610,B0,900,1,1,0,0,runs/experiment3_cross_site/site_b_amsterdam/E3XB_L1_F1_C2/seed20240610/B0,ad440fd94031a873f6786d3a2c4c969353afe6bc39c0f5343769d2aa13e137ab
B,E3XB_L1_F1_C2,L1,20240610,B1,900,1,1,0,0,runs/experiment3_cross_site/site_b_amsterdam/E3XB_L1_F1_C2/seed20240610/B1,8b00bf25fd2bc9ea913e6696d34a019824608a2bd14401026d1697575f6dd19c
B,E3XB_L1_F1_C2,L1,20240610,B2,900,1,1,0,0,runs/experiment3_cross_site/site_b_amsterdam/E3XB_L1_F1_C2/seed20240610/B2,8b00bf25fd2bc9ea913e6696d34a019824608a2bd14401026d1697575f6dd19c
B,E3XB_L1_F1_C2,L1,20240610,B4b,900,1,1,0,0,runs/experiment3_cross_site/site_b_amsterdam/E3XB_L1_F1_C2/seed20240610/B4b,8b00bf25fd2bc9ea913e6696d34a019824608a2bd14401026d1697575f6dd19c
B,E3XB_L1_F1_C2,L1,20240611,B0,900,1,1,0,0,runs/experiment3_cross_site/site_b_amsterdam/E3XB_L1_F1_C2/seed20240611/B0,e664c8a09bd352ec0ac720318e6b63874b59a8dac83fba0cb86efef7b11cc5bd
B,E3XB_L1_F1_C2,L1,20240611,B1,900,1,1,0,0,runs/experiment3_cross_site/site_b_amsterdam/E3XB_L1_F1_C2/seed20240611/B1,f627378ed646d4c4cc3212be492a08b85e4b684f644e0c8962ca650d39cd79db
B,E3XB_L1_F1_C2,L1,20240611,B2,900,1,1,0,0,runs/experiment3_cross_site/site_b_amsterdam/E3XB_L1_F1_C2/seed20240611/B2,f627378ed646d4c4cc3212be492a08b85e4b684f644e0c8962ca650d39cd79db
B,E3XB_L1_F1_C2,L1,20240611,B4b,900,1,1,0,0,runs/experiment3_cross_site/site_b_amsterdam/E3XB_L1_F1_C2/seed20240611/B4b,f627378ed646d4c4cc3212be492a08b85e4b684f644e0c8962ca650d39cd79db
B,E3XB_L1_F1_C2,L1,20240612,B0,900,1,1,0,0,runs/experiment3_cross_site/site_b_amsterdam/E3XB_L1_F1_C2/seed20240612/B0,488b8e2ae8c213217a29e06a1cc36b5fddb8f34d3f66de3537f1d4e2a639d528
B,E3XB_L1_F1_C2,L1,20240612,B1,900,1,1,0,0,runs/experiment3_cross_site/site_b_amsterdam/E3XB_L1_F1_C2/seed20240612/B1,d9048d233b3234724ba0d22a9fa67b08338e71e8d1459d55d2932e5cadb172ae
B,E3XB_L1_F1_C2,L1,20240612,B2,900,1,1,0,0,runs/experiment3_cross_site/site_b_amsterdam/E3XB_L1_F1_C2/seed20240612/B2,d9048d233b3234724ba0d22a9fa67b08338e71e8d1459d55d2932e5cadb172ae
B,E3XB_L1_F1_C2,L1,20240612,B4b,900,1,1,0,0,runs/experiment3_cross_site/site_b_amsterdam/E3XB_L1_F1_C2/seed20240612/B4b,d9048d233b3234724ba0d22a9fa67b08338e71e8d1459d55d2932e5cadb172ae
B,E3XB_L1_F1_C2,L1,20240613,B0,900,1,1,0,0,runs/experiment3_cross_site/site_b_amsterdam/E3XB_L1_F1_C2/seed20240613/B0,80d6bd18b7b3128e2bad3b80e5c02d6ea226fe94dd78fccbb162fed3f67060f7
B,E3XB_L1_F1_C2,L1,20240613,B1,900,1,1,0,0,runs/experiment3_cross_site/site_b_amsterdam/E3XB_L1_F1_C2/seed20240613/B1,e35d5fc8dde361513300326455717fb7c2f8455978bd97042497189ab866a07a
B,E3XB_L1_F1_C2,L1,20240613,B2,900,1,1,0,0,runs/experiment3_cross_site/site_b_amsterdam/E3XB_L1_F1_C2/seed20240613/B2,e35d5fc8dde361513300326455717fb7c2f8455978bd97042497189ab866a07a
B,E3XB_L1_F1_C2,L1,20240613,B4b,900,1,1,0,0,runs/experiment3_cross_site/site_b_amsterdam/E3XB_L1_F1_C2/seed20240613/B4b,e35d5fc8dde361513300326455717fb7c2f8455978bd97042497189ab866a07a
B,E3XB_L1_F1_C2,L1,20240614,B0,900,1,1,0,0,runs/experiment3_cross_site/site_b_amsterdam/E3XB_L1_F1_C2/seed20240614/B0,12e44764893be95de887e48e2fd62cd132007197359b34b08a701315d65efa4e
B,E3XB_L1_F1_C2,L1,20240614,B1,900,1,1,0,0,runs/experiment3_cross_site/site_b_amsterdam/E3XB_L1_F1_C2/seed20240614/B1,5df7868065823e48d4795d38ec6db115c02531e32d6c0b63dc98f1fbb0ceec2f
B,E3XB_L1_F1_C2,L1,20240614,B2,900,1,1,0,0,runs/experiment3_cross_site/site_b_amsterdam/E3XB_L1_F1_C2/seed20240614/B2,5df7868065823e48d4795d38ec6db115c02531e32d6c0b63dc98f1fbb0ceec2f
B,E3XB_L1_F1_C2,L1,20240614,B4b,900,1,1,0,0,runs/experiment3_cross_site/site_b_amsterdam/E3XB_L1_F1_C2/seed20240614/B4b,5df7868065823e48d4795d38ec6db115c02531e32d6c0b63dc98f1fbb0ceec2f
B,E3XB_L1_F1_C2,L1,20240615,B0,900,1,1,0,0,runs/experiment3_cross_site/site_b_amsterdam/E3XB_L1_F1_C2/seed20240615/B0,cf70ff706285d86adb53aa04cea0081dccd790f3acaf61a5b3436f6e18bdcffd
B,E3XB_L1_F1_C2,L1,20240615,B1,900,1,1,0,0,runs/experiment3_cross_site/site_b_amsterdam/E3XB_L1_F1_C2/seed20240615/B1,bfeb1d1798d7c8bef5d194d44a192792b4e1e763bbe4785ff6d18d3f11e40f6c
B,E3XB_L1_F1_C2,L1,20240615,B2,900,1,1,0,0,runs/experiment3_cross_site/site_b_amsterdam/E3XB_L1_F1_C2/seed20240615/B2,bfeb1d1798d7c8bef5d194d44a192792b4e1e763bbe4785ff6d18d3f11e40f6c
B,E3XB_L1_F1_C2,L1,20240615,B4b,900,1,1,0,0,runs/experiment3_cross_site/site_b_amsterdam/E3XB_L1_F1_C2/seed20240615/B4b,bfeb1d1798d7c8bef5d194d44a192792b4e1e763bbe4785ff6d18d3f11e40f6c
B,E3XB_L1_F1_C2,L1,20240616,B0,900,1,1,0,0,runs/experiment3_cross_site/site_b_amsterdam/E3XB_L1_F1_C2/seed20240616/B0,4b55eddcbe80f3f8417f186b895442678e25919aa3296c24558c4f60e1e53563
B,E3XB_L1_F1_C2,L1,20240616,B1,900,1,1,0,0,runs/experiment3_cross_site/site_b_amsterdam/E3XB_L1_F1_C2/seed20240616/B1,e26b7ecec780faa948c1bcadaf35b0d75ded934aa07d6cc6c0c0204b9297d34f
B,E3XB_L1_F1_C2,L1,20240616,B2,900,1,1,0,0,runs/experiment3_cross_site/site_b_amsterdam/E3XB_L1_F1_C2/seed20240616/B2,e26b7ecec780faa948c1bcadaf35b0d75ded934aa07d6cc6c0c0204b9297d34f
B,E3XB_L1_F1_C2,L1,20240616,B4b,900,1,1,0,0,runs/experiment3_cross_site/site_b_amsterdam/E3XB_L1_F1_C2/seed20240616/B4b,e26b7ecec780faa948c1bcadaf35b0d75ded934aa07d6cc6c0c0204b9297d34f
B,E3XB_L1_F1_C2,L1,20240617,B0,900,1,1,0,0,runs/experiment3_cross_site/site_b_amsterdam/E3XB_L1_F1_C2/seed20240617/B0,ba26be7413514893e656c724afca9f96570a9e3e3cb2fe028c32a7baadc05456
B,E3XB_L1_F1_C2,L1,20240617,B1,900,1,1,0,0,runs/experiment3_cross_site/site_b_amsterdam/E3XB_L1_F1_C2/seed20240617/B1,06c3b117f38a68267f59576499ad21b260f92e76e934ce9c439908f9b4e22187
B,E3XB_L1_F1_C2,L1,20240617,B2,900,1,1,0,0,runs/experiment3_cross_site/site_b_amsterdam/E3XB_L1_F1_C2/seed20240617/B2,06c3b117f38a68267f59576499ad21b260f92e76e934ce9c439908f9b4e22187
B,E3XB_L1_F1_C2,L1,20240617,B4b,900,1,1,0,0,runs/experiment3_cross_site/site_b_amsterdam/E3XB_L1_F1_C2/seed20240617/B4b,06c3b117f38a68267f59576499ad21b260f92e76e934ce9c439908f9b4e22187
B,E3XB_L1_F1_C2,L1,20240618,B0,900,1,1,0,0,runs/experiment3_cross_site/site_b_amsterdam/E3XB_L1_F1_C2/seed20240618/B0,c1499666099ae4cedf2a8302d8e52dbf8a95630e5cb97691285e78b9c69416be
B,E3XB_L1_F1_C2,L1,20240618,B1,900,1,1,0,0,runs/experiment3_cross_site/site_b_amsterdam/E3XB_L1_F1_C2/seed20240618/B1,255fc2f7d63792b4707513c8ee61c2639eca027fec52eb834d7f4ba2f95990ff
B,E3XB_L1_F1_C2,L1,20240618,B2,900,1,1,0,0,runs/experiment3_cross_site/site_b_amsterdam/E3XB_L1_F1_C2/seed20240618/B2,255fc2f7d63792b4707513c8ee61c2639eca027fec52eb834d7f4ba2f95990ff
B,E3XB_L1_F1_C2,L1,20240618,B4b,900,1,1,0,0,runs/experiment3_cross_site/site_b_amsterdam/E3XB_L1_F1_C2/seed20240618/B4b,255fc2f7d63792b4707513c8ee61c2639eca027fec52eb834d7f4ba2f95990ff
B,E3XB_L1_F1_C2,L1,20240619,B0,900,1,1,0,0,runs/experiment3_cross_site/site_b_amsterdam/E3XB_L1_F1_C2/seed20240619/B0,70e70dcead3ebe978c8bc2043c966be6832fe51131d104efd46dd63567025837
B,E3XB_L1_F1_C2,L1,20240619,B1,900,1,1,0,0,runs/experiment3_cross_site/site_b_amsterdam/E3XB_L1_F1_C2/seed20240619/B1,5b5c5512b71629232b55cbe867af3d0f9e2952b269330180a4f0f80f3f2367cb
B,E3XB_L1_F1_C2,L1,20240619,B2,900,1,1,0,0,runs/experiment3_cross_site/site_b_amsterdam/E3XB_L1_F1_C2/seed20240619/B2,5b5c5512b71629232b55cbe867af3d0f9e2952b269330180a4f0f80f3f2367cb
B,E3XB_L1_F1_C2,L1,20240619,B4b,900,1,1,0,0,runs/experiment3_cross_site/site_b_amsterdam/E3XB_L1_F1_C2/seed20240619/B4b,5b5c5512b71629232b55cbe867af3d0f9e2952b269330180a4f0f80f3f2367cb
B,E3XB_L1_F1_C2,L1,20240620,B0,900,1,1,0,0,runs/experiment3_cross_site/site_b_amsterdam/E3XB_L1_F1_C2/seed20240620/B0,ae89f308e2ddd5792121620c3581e8669fb8dd6a606a4c7b056250c622d8c5bf
B,E3XB_L1_F1_C2,L1,20240620,B1,900,1,1,0,0,runs/experiment3_cross_site/site_b_amsterdam/E3XB_L1_F1_C2/seed20240620/B1,d025b477a6597fe6530e0f24d0602e8243f70d6a2430478180d5841620835fc0
B,E3XB_L1_F1_C2,L1,20240620,B2,900,1,1,0,0,runs/experiment3_cross_site/site_b_amsterdam/E3XB_L1_F1_C2/seed20240620/B2,d025b477a6597fe6530e0f24d0602e8243f70d6a2430478180d5841620835fc0
B,E3XB_L1_F1_C2,L1,20240620,B4b,900,1,1,0,0,runs/experiment3_cross_site/site_b_amsterdam/E3XB_L1_F1_C2/seed20240620/B4b,d025b477a6597fe6530e0f24d0602e8243f70d6a2430478180d5841620835fc0
B,E3XB_L1_F5_C2,L1,20240601,B0,900,1,1,0,0,runs/experiment3_cross_site/site_b_amsterdam/E3XB_L1_F5_C2/seed20240601/B0,c952d6bc4ead0820c3f429f9d583ca28622aee76f22d0d96f468fd79e80548d1
B,E3XB_L1_F5_C2,L1,20240601,B1,900,1,1,0,0,runs/experiment3_cross_site/site_b_amsterdam/E3XB_L1_F5_C2/seed20240601/B1,ca1ec71190c56e36eecac08ff3a3155f4bca15937e4b47cad03fd46ad60f1123
B,E3XB_L1_F5_C2,L1,20240601,B2,900,1,1,0,0,runs/experiment3_cross_site/site_b_amsterdam/E3XB_L1_F5_C2/seed20240601/B2,ca1ec71190c56e36eecac08ff3a3155f4bca15937e4b47cad03fd46ad60f1123
B,E3XB_L1_F5_C2,L1,20240601,B4b,900,1,1,0,0,runs/experiment3_cross_site/site_b_amsterdam/E3XB_L1_F5_C2/seed20240601/B4b,ca1ec71190c56e36eecac08ff3a3155f4bca15937e4b47cad03fd46ad60f1123
B,E3XB_L1_F5_C2,L1,20240602,B0,900,1,1,0,0,runs/experiment3_cross_site/site_b_amsterdam/E3XB_L1_F5_C2/seed20240602/B0,38f254e2a420fb628310a73829f1b96d7c84ae81ae16984fc50cad112681376d
B,E3XB_L1_F5_C2,L1,20240602,B1,900,1,1,0,0,runs/experiment3_cross_site/site_b_amsterdam/E3XB_L1_F5_C2/seed20240602/B1,57439abc1c19222dbb04723907a295c962cc3b37bb7d710f9572c4a1c28da661
B,E3XB_L1_F5_C2,L1,20240602,B2,900,1,1,0,0,runs/experiment3_cross_site/site_b_amsterdam/E3XB_L1_F5_C2/seed20240602/B2,57439abc1c19222dbb04723907a295c962cc3b37bb7d710f9572c4a1c28da661
B,E3XB_L1_F5_C2,L1,20240602,B4b,900,1,1,0,0,runs/experiment3_cross_site/site_b_amsterdam/E3XB_L1_F5_C2/seed20240602/B4b,57439abc1c19222dbb04723907a295c962cc3b37bb7d710f9572c4a1c28da661
B,E3XB_L1_F5_C2,L1,20240603,B0,900,1,1,0,0,runs/experiment3_cross_site/site_b_amsterdam/E3XB_L1_F5_C2/seed20240603/B0,3d4402c89c009e039c42a574d1bd20c7505ea9b8988c1fe259ee3ae998fd20bb
B,E3XB_L1_F5_C2,L1,20240603,B1,900,1,1,0,0,runs/experiment3_cross_site/site_b_amsterdam/E3XB_L1_F5_C2/seed20240603/B1,782b243a58ad1a55b655216261adbbfdf878d792cc11f2936bb4b6fd004f278c
B,E3XB_L1_F5_C2,L1,20240603,B2,900,1,1,0,0,runs/experiment3_cross_site/site_b_amsterdam/E3XB_L1_F5_C2/seed20240603/B2,782b243a58ad1a55b655216261adbbfdf878d792cc11f2936bb4b6fd004f278c
B,E3XB_L1_F5_C2,L1,20240603,B4b,900,1,1,0,0,runs/experiment3_cross_site/site_b_amsterdam/E3XB_L1_F5_C2/seed20240603/B4b,782b243a58ad1a55b655216261adbbfdf878d792cc11f2936bb4b6fd004f278c
B,E3XB_L1_F5_C2,L1,20240604,B0,900,1,1,0,0,runs/experiment3_cross_site/site_b_amsterdam/E3XB_L1_F5_C2/seed20240604/B0,9dfa319bcdd59e21038279b9d1b51a8c02aa4cecc0cfa03d2a4ba790eed6b109
B,E3XB_L1_F5_C2,L1,20240604,B1,900,1,1,0,0,runs/experiment3_cross_site/site_b_amsterdam/E3XB_L1_F5_C2/seed20240604/B1,360099f2a6baebf0bb0ad5154825734c275315b391f326aafde44c6a9d2fff0e
B,E3XB_L1_F5_C2,L1,20240604,B2,900,1,1,0,0,runs/experiment3_cross_site/site_b_amsterdam/E3XB_L1_F5_C2/seed20240604/B2,360099f2a6baebf0bb0ad5154825734c275315b391f326aafde44c6a9d2fff0e
B,E3XB_L1_F5_C2,L1,20240604,B4b,900,1,1,0,0,runs/experiment3_cross_site/site_b_amsterdam/E3XB_L1_F5_C2/seed20240604/B4b,360099f2a6baebf0bb0ad5154825734c275315b391f326aafde44c6a9d2fff0e
B,E3XB_L1_F5_C2,L1,20240605,B0,900,1,1,0,0,runs/experiment3_cross_site/site_b_amsterdam/E3XB_L1_F5_C2/seed20240605/B0,8c6f2b54d7dbea8fa2a769c4bc6fece9c33527a72370ea11a95b294c50f88610
B,E3XB_L1_F5_C2,L1,20240605,B1,900,1,1,0,0,runs/experiment3_cross_site/site_b_amsterdam/E3XB_L1_F5_C2/seed20240605/B1,5356b1e1cb22691ed196870704acfc73d2a21deb9bead4cfb11ee655538b10a9
B,E3XB_L1_F5_C2,L1,20240605,B2,900,1,1,0,0,runs/experiment3_cross_site/site_b_amsterdam/E3XB_L1_F5_C2/seed20240605/B2,5356b1e1cb22691ed196870704acfc73d2a21deb9bead4cfb11ee655538b10a9
B,E3XB_L1_F5_C2,L1,20240605,B4b,900,1,1,0,0,runs/experiment3_cross_site/site_b_amsterdam/E3XB_L1_F5_C2/seed20240605/B4b,5356b1e1cb22691ed196870704acfc73d2a21deb9bead4cfb11ee655538b10a9
B,E3XB_L1_F5_C2,L1,20240606,B0,900,1,1,0,0,runs/experiment3_cross_site/site_b_amsterdam/E3XB_L1_F5_C2/seed20240606/B0,6d43577b5fd8dddef89066e14ba77eeabb2b04fa3190538eec178984ca2b0e35
B,E3XB_L1_F5_C2,L1,20240606,B1,900,1,1,0,0,runs/experiment3_cross_site/site_b_amsterdam/E3XB_L1_F5_C2/seed20240606/B1,b5a06c1a25d864f4d3f5c8aee126c062c506a9af556d227526b27239e038049a
B,E3XB_L1_F5_C2,L1,20240606,B2,900,1,1,0,0,runs/experiment3_cross_site/site_b_amsterdam/E3XB_L1_F5_C2/seed20240606/B2,b5a06c1a25d864f4d3f5c8aee126c062c506a9af556d227526b27239e038049a
B,E3XB_L1_F5_C2,L1,20240606,B4b,900,1,1,0,0,runs/experiment3_cross_site/site_b_amsterdam/E3XB_L1_F5_C2/seed20240606/B4b,b5a06c1a25d864f4d3f5c8aee126c062c506a9af556d227526b27239e038049a
B,E3XB_L1_F5_C2,L1,20240607,B0,900,1,1,0,0,runs/experiment3_cross_site/site_b_amsterdam/E3XB_L1_F5_C2/seed20240607/B0,48f36e625744a33f3fb1422ae38a51b2b9495248e32684bc412934ab653013d0
B,E3XB_L1_F5_C2,L1,20240607,B1,900,1,1,0,0,runs/experiment3_cross_site/site_b_amsterdam/E3XB_L1_F5_C2/seed20240607/B1,aa81468b40350816ddde1fe4a8b19cc4df8e66f87a2eaa75490f547dd5412bac
B,E3XB_L1_F5_C2,L1,20240607,B2,900,1,1,0,0,runs/experiment3_cross_site/site_b_amsterdam/E3XB_L1_F5_C2/seed20240607/B2,aa81468b40350816ddde1fe4a8b19cc4df8e66f87a2eaa75490f547dd5412bac
B,E3XB_L1_F5_C2,L1,20240607,B4b,900,1,1,0,0,runs/experiment3_cross_site/site_b_amsterdam/E3XB_L1_F5_C2/seed20240607/B4b,aa81468b40350816ddde1fe4a8b19cc4df8e66f87a2eaa75490f547dd5412bac
B,E3XB_L1_F5_C2,L1,20240608,B0,900,1,1,0,0,runs/experiment3_cross_site/site_b_amsterdam/E3XB_L1_F5_C2/seed20240608/B0,d39bd0c2bc059d347dd10e9922604bf21d7faa4579446ee0396acf9a88de56ff
B,E3XB_L1_F5_C2,L1,20240608,B1,900,1,1,0,0,runs/experiment3_cross_site/site_b_amsterdam/E3XB_L1_F5_C2/seed20240608/B1,b8c787c42253e977427705a3a60fd6c0cdcd205b2f1e6b4b4d6f39a261e84661
B,E3XB_L1_F5_C2,L1,20240608,B2,900,1,1,0,0,runs/experiment3_cross_site/site_b_amsterdam/E3XB_L1_F5_C2/seed20240608/B2,b8c787c42253e977427705a3a60fd6c0cdcd205b2f1e6b4b4d6f39a261e84661
B,E3XB_L1_F5_C2,L1,20240608,B4b,900,1,1,0,0,runs/experiment3_cross_site/site_b_amsterdam/E3XB_L1_F5_C2/seed20240608/B4b,b8c787c42253e977427705a3a60fd6c0cdcd205b2f1e6b4b4d6f39a261e84661
B,E3XB_L1_F5_C2,L1,20240609,B0,900,1,1,0,0,runs/experiment3_cross_site/site_b_amsterdam/E3XB_L1_F5_C2/seed20240609/B0,8f2952082cabd89dc87a2b79aeb408b4e0d7c62f9f174edd194836744142baa6
B,E3XB_L1_F5_C2,L1,20240609,B1,900,1,1,0,0,runs/experiment3_cross_site/site_b_amsterdam/E3XB_L1_F5_C2/seed20240609/B1,908f7fcb41836cc3d193582f0193629d69909daa898106396d76f0413978efd3
B,E3XB_L1_F5_C2,L1,20240609,B2,900,1,1,0,0,runs/experiment3_cross_site/site_b_amsterdam/E3XB_L1_F5_C2/seed20240609/B2,908f7fcb41836cc3d193582f0193629d69909daa898106396d76f0413978efd3
B,E3XB_L1_F5_C2,L1,20240609,B4b,900,1,1,0,0,runs/experiment3_cross_site/site_b_amsterdam/E3XB_L1_F5_C2/seed20240609/B4b,908f7fcb41836cc3d193582f0193629d69909daa898106396d76f0413978efd3
B,E3XB_L1_F5_C2,L1,20240610,B0,900,1,1,0,0,runs/experiment3_cross_site/site_b_amsterdam/E3XB_L1_F5_C2/seed20240610/B0,4ee38eca5df0e24a626f55ecfdb0314d9d6b55e69629d1c7367ee77749aa20a1
B,E3XB_L1_F5_C2,L1,20240610,B1,900,1,1,0,0,runs/experiment3_cross_site/site_b_amsterdam/E3XB_L1_F5_C2/seed20240610/B1,4ab87b53c554e3630417a354af195fe238043b362baaefd77296e194a11c4481
B,E3XB_L1_F5_C2,L1,20240610,B2,900,1,1,0,0,runs/experiment3_cross_site/site_b_amsterdam/E3XB_L1_F5_C2/seed20240610/B2,4ab87b53c554e3630417a354af195fe238043b362baaefd77296e194a11c4481
B,E3XB_L1_F5_C2,L1,20240610,B4b,900,1,1,0,0,runs/experiment3_cross_site/site_b_amsterdam/E3XB_L1_F5_C2/seed20240610/B4b,4ab87b53c554e3630417a354af195fe238043b362baaefd77296e194a11c4481
B,E3XB_L1_F5_C2,L1,20240611,B0,900,1,1,0,0,runs/experiment3_cross_site/site_b_amsterdam/E3XB_L1_F5_C2/seed20240611/B0,b52402101fd49b6891de3275b3e97566099a49859b569d768e7a45cb9ee232d9
B,E3XB_L1_F5_C2,L1,20240611,B1,900,1,1,0,0,runs/experiment3_cross_site/site_b_amsterdam/E3XB_L1_F5_C2/seed20240611/B1,7549b771cd84dec6d4aaac8b979fdc95a91dadc35a9b5e261328a83e2f302b31
B,E3XB_L1_F5_C2,L1,20240611,B2,900,1,1,0,0,runs/experiment3_cross_site/site_b_amsterdam/E3XB_L1_F5_C2/seed20240611/B2,7549b771cd84dec6d4aaac8b979fdc95a91dadc35a9b5e261328a83e2f302b31
B,E3XB_L1_F5_C2,L1,20240611,B4b,900,1,1,0,0,runs/experiment3_cross_site/site_b_amsterdam/E3XB_L1_F5_C2/seed20240611/B4b,7549b771cd84dec6d4aaac8b979fdc95a91dadc35a9b5e261328a83e2f302b31
B,E3XB_L1_F5_C2,L1,20240612,B0,900,1,1,0,0,runs/experiment3_cross_site/site_b_amsterdam/E3XB_L1_F5_C2/seed20240612/B0,3979e1f9cd148811e983f38482904d415e43e8af1456b97ec7f897e0abfe00a0
B,E3XB_L1_F5_C2,L1,20240612,B1,900,1,1,0,0,runs/experiment3_cross_site/site_b_amsterdam/E3XB_L1_F5_C2/seed20240612/B1,2c1facc3a059af935e50a4495ebe3f0a8134cae8f1e91a7941ae4640cb595c5b
B,E3XB_L1_F5_C2,L1,20240612,B2,900,1,1,0,0,runs/experiment3_cross_site/site_b_amsterdam/E3XB_L1_F5_C2/seed20240612/B2,2c1facc3a059af935e50a4495ebe3f0a8134cae8f1e91a7941ae4640cb595c5b
B,E3XB_L1_F5_C2,L1,20240612,B4b,900,1,1,0,0,runs/experiment3_cross_site/site_b_amsterdam/E3XB_L1_F5_C2/seed20240612/B4b,2c1facc3a059af935e50a4495ebe3f0a8134cae8f1e91a7941ae4640cb595c5b
B,E3XB_L1_F5_C2,L1,20240613,B0,900,1,1,0,0,runs/experiment3_cross_site/site_b_amsterdam/E3XB_L1_F5_C2/seed20240613/B0,7631f98fca7d51408d9c5eb757ad9e5db2737921832f198299bbd158c28d3c49
B,E3XB_L1_F5_C2,L1,20240613,B1,900,1,1,0,0,runs/experiment3_cross_site/site_b_amsterdam/E3XB_L1_F5_C2/seed20240613/B1,15c40cccd65d7907ffb912f47934da52c181a2a472a1c72763137bf6a0f66467
B,E3XB_L1_F5_C2,L1,20240613,B2,900,1,1,0,0,runs/experiment3_cross_site/site_b_amsterdam/E3XB_L1_F5_C2/seed20240613/B2,15c40cccd65d7907ffb912f47934da52c181a2a472a1c72763137bf6a0f66467
B,E3XB_L1_F5_C2,L1,20240613,B4b,900,1,1,0,0,runs/experiment3_cross_site/site_b_amsterdam/E3XB_L1_F5_C2/seed20240613/B4b,15c40cccd65d7907ffb912f47934da52c181a2a472a1c72763137bf6a0f66467
B,E3XB_L1_F5_C2,L1,20240614,B0,900,1,1,0,0,runs/experiment3_cross_site/site_b_amsterdam/E3XB_L1_F5_C2/seed20240614/B0,eb1d0b3fc7468bec89a55e7cfb546a4fbfb4c7f0e72cf7e84853f5e13ee7461c
B,E3XB_L1_F5_C2,L1,20240614,B1,900,1,1,0,0,runs/experiment3_cross_site/site_b_amsterdam/E3XB_L1_F5_C2/seed20240614/B1,6020f47f49f0c93801c8184264fba97997e7261b9d152d75546748fd565d85f6
B,E3XB_L1_F5_C2,L1,20240614,B2,900,1,1,0,0,runs/experiment3_cross_site/site_b_amsterdam/E3XB_L1_F5_C2/seed20240614/B2,6020f47f49f0c93801c8184264fba97997e7261b9d152d75546748fd565d85f6
B,E3XB_L1_F5_C2,L1,20240614,B4b,900,1,1,0,0,runs/experiment3_cross_site/site_b_amsterdam/E3XB_L1_F5_C2/seed20240614/B4b,6020f47f49f0c93801c8184264fba97997e7261b9d152d75546748fd565d85f6
B,E3XB_L1_F5_C2,L1,20240615,B0,900,1,1,0,0,runs/experiment3_cross_site/site_b_amsterdam/E3XB_L1_F5_C2/seed20240615/B0,d32b90f9c67bc104b9cf6cb4b127856556e4e291631724dd47724a4202e08849
B,E3XB_L1_F5_C2,L1,20240615,B1,900,1,1,0,0,runs/experiment3_cross_site/site_b_amsterdam/E3XB_L1_F5_C2/seed20240615/B1,fa0e47fdca33532fb9c9b58fdcf8718886794aba6c32d638a51cc826be85f867
B,E3XB_L1_F5_C2,L1,20240615,B2,900,1,1,0,0,runs/experiment3_cross_site/site_b_amsterdam/E3XB_L1_F5_C2/seed20240615/B2,fa0e47fdca33532fb9c9b58fdcf8718886794aba6c32d638a51cc826be85f867
B,E3XB_L1_F5_C2,L1,20240615,B4b,900,1,1,0,0,runs/experiment3_cross_site/site_b_amsterdam/E3XB_L1_F5_C2/seed20240615/B4b,fa0e47fdca33532fb9c9b58fdcf8718886794aba6c32d638a51cc826be85f867
B,E3XB_L1_F5_C2,L1,20240616,B0,900,1,1,0,0,runs/experiment3_cross_site/site_b_amsterdam/E3XB_L1_F5_C2/seed20240616/B0,a97036f30c56ac30b3ed1d3fdc53bb0d24f9b50c936d28ccb88ee38334a70657
B,E3XB_L1_F5_C2,L1,20240616,B1,900,1,1,0,0,runs/experiment3_cross_site/site_b_amsterdam/E3XB_L1_F5_C2/seed20240616/B1,1ed34830a49edd481fba23d7c1fa1257d643b51d230ccf7f140014bcef9deb27
B,E3XB_L1_F5_C2,L1,20240616,B2,900,1,1,0,0,runs/experiment3_cross_site/site_b_amsterdam/E3XB_L1_F5_C2/seed20240616/B2,1ed34830a49edd481fba23d7c1fa1257d643b51d230ccf7f140014bcef9deb27
B,E3XB_L1_F5_C2,L1,20240616,B4b,900,1,1,0,0,runs/experiment3_cross_site/site_b_amsterdam/E3XB_L1_F5_C2/seed20240616/B4b,1ed34830a49edd481fba23d7c1fa1257d643b51d230ccf7f140014bcef9deb27
B,E3XB_L1_F5_C2,L1,20240617,B0,900,1,1,0,0,runs/experiment3_cross_site/site_b_amsterdam/E3XB_L1_F5_C2/seed20240617/B0,6a13eb805f78989e1e62ea5017c21a90f1fe20f8f501a6be37c8b77a18743791
B,E3XB_L1_F5_C2,L1,20240617,B1,900,1,1,0,0,runs/experiment3_cross_site/site_b_amsterdam/E3XB_L1_F5_C2/seed20240617/B1,dbb4f1164a76e8c403f20a18932f18db6006d9b74938be851f581ed79656614c
B,E3XB_L1_F5_C2,L1,20240617,B2,900,1,1,0,0,runs/experiment3_cross_site/site_b_amsterdam/E3XB_L1_F5_C2/seed20240617/B2,dbb4f1164a76e8c403f20a18932f18db6006d9b74938be851f581ed79656614c
B,E3XB_L1_F5_C2,L1,20240617,B4b,900,1,1,0,0,runs/experiment3_cross_site/site_b_amsterdam/E3XB_L1_F5_C2/seed20240617/B4b,dbb4f1164a76e8c403f20a18932f18db6006d9b74938be851f581ed79656614c
B,E3XB_L1_F5_C2,L1,20240618,B0,900,1,1,0,0,runs/experiment3_cross_site/site_b_amsterdam/E3XB_L1_F5_C2/seed20240618/B0,f026ce6eddc2d339d591bd0bca6598e3640607a95e99739b43dd88516e608cf3
B,E3XB_L1_F5_C2,L1,20240618,B1,900,1,1,0,0,runs/experiment3_cross_site/site_b_amsterdam/E3XB_L1_F5_C2/seed20240618/B1,f941cbbcbabccdabad2a9bf4d0984eb3f518f2ed2753dce365b236265219e65c
B,E3XB_L1_F5_C2,L1,20240618,B2,900,1,1,0,0,runs/experiment3_cross_site/site_b_amsterdam/E3XB_L1_F5_C2/seed20240618/B2,f941cbbcbabccdabad2a9bf4d0984eb3f518f2ed2753dce365b236265219e65c
B,E3XB_L1_F5_C2,L1,20240618,B4b,900,1,1,0,0,runs/experiment3_cross_site/site_b_amsterdam/E3XB_L1_F5_C2/seed20240618/B4b,f941cbbcbabccdabad2a9bf4d0984eb3f518f2ed2753dce365b236265219e65c
B,E3XB_L1_F5_C2,L1,20240619,B0,900,1,1,0,0,runs/experiment3_cross_site/site_b_amsterdam/E3XB_L1_F5_C2/seed20240619/B0,ed8d4277bee18bbf80b10f8a7b7a88a25f81be98b14ed70c50b00a098d5a6352
B,E3XB_L1_F5_C2,L1,20240619,B1,900,1,1,0,0,runs/experiment3_cross_site/site_b_amsterdam/E3XB_L1_F5_C2/seed20240619/B1,c37dccac7fe45368879835ec25ecb8880db045793cca877f9bec6c29d47b6ed2
B,E3XB_L1_F5_C2,L1,20240619,B2,900,1,1,0,0,runs/experiment3_cross_site/site_b_amsterdam/E3XB_L1_F5_C2/seed20240619/B2,c37dccac7fe45368879835ec25ecb8880db045793cca877f9bec6c29d47b6ed2
B,E3XB_L1_F5_C2,L1,20240619,B4b,900,1,1,0,0,runs/experiment3_cross_site/site_b_amsterdam/E3XB_L1_F5_C2/seed20240619/B4b,c37dccac7fe45368879835ec25ecb8880db045793cca877f9bec6c29d47b6ed2
B,E3XB_L1_F5_C2,L1,20240620,B0,900,1,1,0,0,runs/experiment3_cross_site/site_b_amsterdam/E3XB_L1_F5_C2/seed20240620/B0,0297dd367555d5b63043a4f61e9324aa74ffc9c165d4341511e507c8447d1324
B,E3XB_L1_F5_C2,L1,20240620,B1,900,1,1,0,0,runs/experiment3_cross_site/site_b_amsterdam/E3XB_L1_F5_C2/seed20240620/B1,b212e9e1a2bd2528fd869d8bfba346d4dad5304897e1eb2fe8507065ba436609
B,E3XB_L1_F5_C2,L1,20240620,B2,900,1,1,0,0,runs/experiment3_cross_site/site_b_amsterdam/E3XB_L1_F5_C2/seed20240620/B2,b212e9e1a2bd2528fd869d8bfba346d4dad5304897e1eb2fe8507065ba436609
B,E3XB_L1_F5_C2,L1,20240620,B4b,900,1,1,0,0,runs/experiment3_cross_site/site_b_amsterdam/E3XB_L1_F5_C2/seed20240620/B4b,b212e9e1a2bd2528fd869d8bfba346d4dad5304897e1eb2fe8507065ba436609
B,E3XB_L2_F1_F1,L2,20240601,B0,900,1,1,0,0,runs/experiment3_cross_site/site_b_amsterdam/E3XB_L2_F1_F1/seed20240601/B0,a4dae84d13284a76742df941230857ba4603d3fa28751c94f4f53063f18df885
B,E3XB_L2_F1_F1,L2,20240601,B1,900,1,1,0,0,runs/experiment3_cross_site/site_b_amsterdam/E3XB_L2_F1_F1/seed20240601/B1,49c380ac53e1733e4c248a3532ea929b3d2e46ae7ac1518450aea3c2304dfcb5
B,E3XB_L2_F1_F1,L2,20240601,B2,900,1,1,0,0,runs/experiment3_cross_site/site_b_amsterdam/E3XB_L2_F1_F1/seed20240601/B2,49c380ac53e1733e4c248a3532ea929b3d2e46ae7ac1518450aea3c2304dfcb5
B,E3XB_L2_F1_F1,L2,20240601,B4b,900,1,1,0,0,runs/experiment3_cross_site/site_b_amsterdam/E3XB_L2_F1_F1/seed20240601/B4b,49c380ac53e1733e4c248a3532ea929b3d2e46ae7ac1518450aea3c2304dfcb5
B,E3XB_L2_F1_F1,L2,20240602,B0,900,1,1,0,0,runs/experiment3_cross_site/site_b_amsterdam/E3XB_L2_F1_F1/seed20240602/B0,e62acd9341194ce0fd2a7060ae7385ce868b750023571670dedd4b058631518f
B,E3XB_L2_F1_F1,L2,20240602,B1,900,1,1,0,0,runs/experiment3_cross_site/site_b_amsterdam/E3XB_L2_F1_F1/seed20240602/B1,35d62c9f84ab347a4b19453134fef556ec72b73c78272eeb8a42604ab13fa64b
B,E3XB_L2_F1_F1,L2,20240602,B2,900,1,1,0,0,runs/experiment3_cross_site/site_b_amsterdam/E3XB_L2_F1_F1/seed20240602/B2,35d62c9f84ab347a4b19453134fef556ec72b73c78272eeb8a42604ab13fa64b
B,E3XB_L2_F1_F1,L2,20240602,B4b,900,1,1,0,0,runs/experiment3_cross_site/site_b_amsterdam/E3XB_L2_F1_F1/seed20240602/B4b,35d62c9f84ab347a4b19453134fef556ec72b73c78272eeb8a42604ab13fa64b
B,E3XB_L2_F1_F1,L2,20240603,B0,900,1,1,0,0,runs/experiment3_cross_site/site_b_amsterdam/E3XB_L2_F1_F1/seed20240603/B0,13c0a7bef0a642f7f40c1ea8195b2cee36807e1a120f72ba5c39f862358ea9d4
B,E3XB_L2_F1_F1,L2,20240603,B1,900,1,1,0,0,runs/experiment3_cross_site/site_b_amsterdam/E3XB_L2_F1_F1/seed20240603/B1,6179006703059d06c5202944517cb69a6ec02a5c6ef67905342f318561c31bee
B,E3XB_L2_F1_F1,L2,20240603,B2,900,1,1,0,0,runs/experiment3_cross_site/site_b_amsterdam/E3XB_L2_F1_F1/seed20240603/B2,6179006703059d06c5202944517cb69a6ec02a5c6ef67905342f318561c31bee
B,E3XB_L2_F1_F1,L2,20240603,B4b,900,1,1,0,0,runs/experiment3_cross_site/site_b_amsterdam/E3XB_L2_F1_F1/seed20240603/B4b,6179006703059d06c5202944517cb69a6ec02a5c6ef67905342f318561c31bee
B,E3XB_L2_F1_F1,L2,20240604,B0,900,1,1,0,0,runs/experiment3_cross_site/site_b_amsterdam/E3XB_L2_F1_F1/seed20240604/B0,ca60fb06ba81609617ac2bb5537c434ba20159c218c87efd5b3b183088392d6b
B,E3XB_L2_F1_F1,L2,20240604,B1,900,1,1,0,0,runs/experiment3_cross_site/site_b_amsterdam/E3XB_L2_F1_F1/seed20240604/B1,14080e59de04a6c71a037b21c8072d6865fb99837e36d3e07ff86d2a3029c64e
B,E3XB_L2_F1_F1,L2,20240604,B2,900,1,1,0,0,runs/experiment3_cross_site/site_b_amsterdam/E3XB_L2_F1_F1/seed20240604/B2,14080e59de04a6c71a037b21c8072d6865fb99837e36d3e07ff86d2a3029c64e
B,E3XB_L2_F1_F1,L2,20240604,B4b,900,1,1,0,0,runs/experiment3_cross_site/site_b_amsterdam/E3XB_L2_F1_F1/seed20240604/B4b,14080e59de04a6c71a037b21c8072d6865fb99837e36d3e07ff86d2a3029c64e
B,E3XB_L2_F1_F1,L2,20240605,B0,900,1,1,0,0,runs/experiment3_cross_site/site_b_amsterdam/E3XB_L2_F1_F1/seed20240605/B0,e66c01cc10c244084c5cef7248004abdfc67a3bd69ab1e4c7d6bf3aa2fe4bbee
B,E3XB_L2_F1_F1,L2,20240605,B1,900,1,1,0,0,runs/experiment3_cross_site/site_b_amsterdam/E3XB_L2_F1_F1/seed20240605/B1,67d977e5ec9db9385243ed0461256130e1493528923dc83cf1f0514bbcbaa2d1
B,E3XB_L2_F1_F1,L2,20240605,B2,900,1,1,0,0,runs/experiment3_cross_site/site_b_amsterdam/E3XB_L2_F1_F1/seed20240605/B2,67d977e5ec9db9385243ed0461256130e1493528923dc83cf1f0514bbcbaa2d1
B,E3XB_L2_F1_F1,L2,20240605,B4b,900,1,1,0,0,runs/experiment3_cross_site/site_b_amsterdam/E3XB_L2_F1_F1/seed20240605/B4b,67d977e5ec9db9385243ed0461256130e1493528923dc83cf1f0514bbcbaa2d1
B,E3XB_L2_F1_F1,L2,20240606,B0,900,1,1,0,0,runs/experiment3_cross_site/site_b_amsterdam/E3XB_L2_F1_F1/seed20240606/B0,41b71b439c802c1becf038c69d807ca1fcdff3eef157397af5c3b6556b395afa
B,E3XB_L2_F1_F1,L2,20240606,B1,900,1,1,0,0,runs/experiment3_cross_site/site_b_amsterdam/E3XB_L2_F1_F1/seed20240606/B1,e518bd104a91bc28db68e1716b633956e65286f904f292f946c0ababd20836d3
B,E3XB_L2_F1_F1,L2,20240606,B2,900,1,1,0,0,runs/experiment3_cross_site/site_b_amsterdam/E3XB_L2_F1_F1/seed20240606/B2,e518bd104a91bc28db68e1716b633956e65286f904f292f946c0ababd20836d3
B,E3XB_L2_F1_F1,L2,20240606,B4b,900,1,1,0,0,runs/experiment3_cross_site/site_b_amsterdam/E3XB_L2_F1_F1/seed20240606/B4b,e518bd104a91bc28db68e1716b633956e65286f904f292f946c0ababd20836d3
B,E3XB_L2_F1_F1,L2,20240607,B0,900,1,1,0,0,runs/experiment3_cross_site/site_b_amsterdam/E3XB_L2_F1_F1/seed20240607/B0,397c22edd8fbc1cf49b22794b2e7515c7c1b8c8d481da191d623a8e8be7aa95e
B,E3XB_L2_F1_F1,L2,20240607,B1,900,1,1,0,0,runs/experiment3_cross_site/site_b_amsterdam/E3XB_L2_F1_F1/seed20240607/B1,58fc7acf875187d5dde215d6138d50da16c9ee6a2e4f5d79f1f3f1d70480e367
B,E3XB_L2_F1_F1,L2,20240607,B2,900,1,1,0,0,runs/experiment3_cross_site/site_b_amsterdam/E3XB_L2_F1_F1/seed20240607/B2,58fc7acf875187d5dde215d6138d50da16c9ee6a2e4f5d79f1f3f1d70480e367
B,E3XB_L2_F1_F1,L2,20240607,B4b,900,1,1,0,0,runs/experiment3_cross_site/site_b_amsterdam/E3XB_L2_F1_F1/seed20240607/B4b,58fc7acf875187d5dde215d6138d50da16c9ee6a2e4f5d79f1f3f1d70480e367
B,E3XB_L2_F1_F1,L2,20240608,B0,900,1,1,0,0,runs/experiment3_cross_site/site_b_amsterdam/E3XB_L2_F1_F1/seed20240608/B0,20aa522a86f231ed02b95060276345837e35104dc46fb9e20b54cf4b66f51bed
B,E3XB_L2_F1_F1,L2,20240608,B1,900,1,1,0,0,runs/experiment3_cross_site/site_b_amsterdam/E3XB_L2_F1_F1/seed20240608/B1,9405b1aa9aa7f41dcc4663ab77d94a1bf850fceb1888db9026f409c0c5b68439
B,E3XB_L2_F1_F1,L2,20240608,B2,900,1,1,0,0,runs/experiment3_cross_site/site_b_amsterdam/E3XB_L2_F1_F1/seed20240608/B2,9405b1aa9aa7f41dcc4663ab77d94a1bf850fceb1888db9026f409c0c5b68439
B,E3XB_L2_F1_F1,L2,20240608,B4b,900,1,1,0,0,runs/experiment3_cross_site/site_b_amsterdam/E3XB_L2_F1_F1/seed20240608/B4b,9405b1aa9aa7f41dcc4663ab77d94a1bf850fceb1888db9026f409c0c5b68439
B,E3XB_L2_F1_F1,L2,20240609,B0,900,1,1,0,0,runs/experiment3_cross_site/site_b_amsterdam/E3XB_L2_F1_F1/seed20240609/B0,4c84d513221503231fc18cf22cd5a65ccc0c3c49de37b9ded2d5c2e83f5cf7bb
B,E3XB_L2_F1_F1,L2,20240609,B1,900,1,1,0,0,runs/experiment3_cross_site/site_b_amsterdam/E3XB_L2_F1_F1/seed20240609/B1,845b783646911161acf56429263f1a6455f732638c5398d07ec5aed895fee3e1
B,E3XB_L2_F1_F1,L2,20240609,B2,900,1,1,0,0,runs/experiment3_cross_site/site_b_amsterdam/E3XB_L2_F1_F1/seed20240609/B2,845b783646911161acf56429263f1a6455f732638c5398d07ec5aed895fee3e1
B,E3XB_L2_F1_F1,L2,20240609,B4b,900,1,1,0,0,runs/experiment3_cross_site/site_b_amsterdam/E3XB_L2_F1_F1/seed20240609/B4b,845b783646911161acf56429263f1a6455f732638c5398d07ec5aed895fee3e1
B,E3XB_L2_F1_F1,L2,20240610,B0,900,1,1,0,0,runs/experiment3_cross_site/site_b_amsterdam/E3XB_L2_F1_F1/seed20240610/B0,29224ced8e67d92c11ebf6345e2080271fcd7f310d09add0e8d4c026b31c6149
B,E3XB_L2_F1_F1,L2,20240610,B1,900,1,1,0,0,runs/experiment3_cross_site/site_b_amsterdam/E3XB_L2_F1_F1/seed20240610/B1,3f6741fb3401bf90e91fd2fcea59f9e9da733d876906c42e93ef423ca5f14c12
B,E3XB_L2_F1_F1,L2,20240610,B2,900,1,1,0,0,runs/experiment3_cross_site/site_b_amsterdam/E3XB_L2_F1_F1/seed20240610/B2,3f6741fb3401bf90e91fd2fcea59f9e9da733d876906c42e93ef423ca5f14c12
B,E3XB_L2_F1_F1,L2,20240610,B4b,900,1,1,0,0,runs/experiment3_cross_site/site_b_amsterdam/E3XB_L2_F1_F1/seed20240610/B4b,3f6741fb3401bf90e91fd2fcea59f9e9da733d876906c42e93ef423ca5f14c12
B,E3XB_L2_F1_F1,L2,20240611,B0,900,1,1,0,0,runs/experiment3_cross_site/site_b_amsterdam/E3XB_L2_F1_F1/seed20240611/B0,a13f943405f46222c449fe0c327f724be7b6992eb1d063398a131427ec036c64
B,E3XB_L2_F1_F1,L2,20240611,B1,900,1,1,0,0,runs/experiment3_cross_site/site_b_amsterdam/E3XB_L2_F1_F1/seed20240611/B1,dc80ec897e45d1819f4cec4f685941be1b53bc851e7a61d37da82ec5000239b3
B,E3XB_L2_F1_F1,L2,20240611,B2,900,1,1,0,0,runs/experiment3_cross_site/site_b_amsterdam/E3XB_L2_F1_F1/seed20240611/B2,dc80ec897e45d1819f4cec4f685941be1b53bc851e7a61d37da82ec5000239b3
B,E3XB_L2_F1_F1,L2,20240611,B4b,900,1,1,0,0,runs/experiment3_cross_site/site_b_amsterdam/E3XB_L2_F1_F1/seed20240611/B4b,dc80ec897e45d1819f4cec4f685941be1b53bc851e7a61d37da82ec5000239b3
B,E3XB_L2_F1_F1,L2,20240612,B0,900,1,1,0,0,runs/experiment3_cross_site/site_b_amsterdam/E3XB_L2_F1_F1/seed20240612/B0,4c877932959c82714e14e00d74684dc79d8acae54b377f1d42622981f0448da8
B,E3XB_L2_F1_F1,L2,20240612,B1,900,1,1,0,0,runs/experiment3_cross_site/site_b_amsterdam/E3XB_L2_F1_F1/seed20240612/B1,387cee3007d2f04f608fc757abc2c5ee5074c288a19d64d97d51937edaca7b1f
B,E3XB_L2_F1_F1,L2,20240612,B2,900,1,1,0,0,runs/experiment3_cross_site/site_b_amsterdam/E3XB_L2_F1_F1/seed20240612/B2,387cee3007d2f04f608fc757abc2c5ee5074c288a19d64d97d51937edaca7b1f
B,E3XB_L2_F1_F1,L2,20240612,B4b,900,1,1,0,0,runs/experiment3_cross_site/site_b_amsterdam/E3XB_L2_F1_F1/seed20240612/B4b,387cee3007d2f04f608fc757abc2c5ee5074c288a19d64d97d51937edaca7b1f
B,E3XB_L2_F1_F1,L2,20240613,B0,900,1,1,0,0,runs/experiment3_cross_site/site_b_amsterdam/E3XB_L2_F1_F1/seed20240613/B0,1b1b5d29b27ff149c02ad37746ed0cd86335df619c6d2ff370d1a14ee3c8fbde
B,E3XB_L2_F1_F1,L2,20240613,B1,900,1,1,0,0,runs/experiment3_cross_site/site_b_amsterdam/E3XB_L2_F1_F1/seed20240613/B1,d9003fd5888e21867e6f057e82754dc22ca86dfdd0486f7b93e5d1004d834327
B,E3XB_L2_F1_F1,L2,20240613,B2,900,1,1,0,0,runs/experiment3_cross_site/site_b_amsterdam/E3XB_L2_F1_F1/seed20240613/B2,d9003fd5888e21867e6f057e82754dc22ca86dfdd0486f7b93e5d1004d834327
B,E3XB_L2_F1_F1,L2,20240613,B4b,900,1,1,0,0,runs/experiment3_cross_site/site_b_amsterdam/E3XB_L2_F1_F1/seed20240613/B4b,d9003fd5888e21867e6f057e82754dc22ca86dfdd0486f7b93e5d1004d834327
B,E3XB_L2_F1_F1,L2,20240614,B0,900,1,1,0,0,runs/experiment3_cross_site/site_b_amsterdam/E3XB_L2_F1_F1/seed20240614/B0,406466d6bd4265c7d08e6727ed1a35918adef52b2ffba58115e75666db9416c8
B,E3XB_L2_F1_F1,L2,20240614,B1,900,1,1,0,0,runs/experiment3_cross_site/site_b_amsterdam/E3XB_L2_F1_F1/seed20240614/B1,4d8026ba14f4a2815a5bb1292774cea58edc1c6ae1e5a0fa1d16183f0415cbca
B,E3XB_L2_F1_F1,L2,20240614,B2,900,1,1,0,0,runs/experiment3_cross_site/site_b_amsterdam/E3XB_L2_F1_F1/seed20240614/B2,4d8026ba14f4a2815a5bb1292774cea58edc1c6ae1e5a0fa1d16183f0415cbca
B,E3XB_L2_F1_F1,L2,20240614,B4b,900,1,1,0,0,runs/experiment3_cross_site/site_b_amsterdam/E3XB_L2_F1_F1/seed20240614/B4b,4d8026ba14f4a2815a5bb1292774cea58edc1c6ae1e5a0fa1d16183f0415cbca
B,E3XB_L2_F1_F1,L2,20240615,B0,900,1,1,0,0,runs/experiment3_cross_site/site_b_amsterdam/E3XB_L2_F1_F1/seed20240615/B0,01090214286ba941952e5d90fe541d18de4fcf809845bfc49dfd8b428fbd43b6
B,E3XB_L2_F1_F1,L2,20240615,B1,900,1,1,0,0,runs/experiment3_cross_site/site_b_amsterdam/E3XB_L2_F1_F1/seed20240615/B1,7adc1abd89906761de6e82d06ec1f6dc579cbdabe62929ae6b07593708b5c0a1
B,E3XB_L2_F1_F1,L2,20240615,B2,900,1,1,0,0,runs/experiment3_cross_site/site_b_amsterdam/E3XB_L2_F1_F1/seed20240615/B2,7adc1abd89906761de6e82d06ec1f6dc579cbdabe62929ae6b07593708b5c0a1
B,E3XB_L2_F1_F1,L2,20240615,B4b,900,1,1,0,0,runs/experiment3_cross_site/site_b_amsterdam/E3XB_L2_F1_F1/seed20240615/B4b,7adc1abd89906761de6e82d06ec1f6dc579cbdabe62929ae6b07593708b5c0a1
B,E3XB_L2_F1_F1,L2,20240616,B0,900,1,1,0,0,runs/experiment3_cross_site/site_b_amsterdam/E3XB_L2_F1_F1/seed20240616/B0,a062f1448d4bd5fb7c3bd9ba423938ee9773a21d9caafed924ffe2c519484124
B,E3XB_L2_F1_F1,L2,20240616,B1,900,1,1,0,0,runs/experiment3_cross_site/site_b_amsterdam/E3XB_L2_F1_F1/seed20240616/B1,671849d53c78981a9f3f1613a3634d3ad882283f65a1406a9392d71ddd94e800
B,E3XB_L2_F1_F1,L2,20240616,B2,900,1,1,0,0,runs/experiment3_cross_site/site_b_amsterdam/E3XB_L2_F1_F1/seed20240616/B2,671849d53c78981a9f3f1613a3634d3ad882283f65a1406a9392d71ddd94e800
B,E3XB_L2_F1_F1,L2,20240616,B4b,900,1,1,0,0,runs/experiment3_cross_site/site_b_amsterdam/E3XB_L2_F1_F1/seed20240616/B4b,671849d53c78981a9f3f1613a3634d3ad882283f65a1406a9392d71ddd94e800
B,E3XB_L2_F1_F1,L2,20240617,B0,900,1,1,0,0,runs/experiment3_cross_site/site_b_amsterdam/E3XB_L2_F1_F1/seed20240617/B0,04d6e5cf7b54b163d4ad22260b0cae9076265b21dc7421142506f021e1190004
B,E3XB_L2_F1_F1,L2,20240617,B1,900,1,1,0,0,runs/experiment3_cross_site/site_b_amsterdam/E3XB_L2_F1_F1/seed20240617/B1,068c5ade0bcb2ac8462e70bdc95764eecfe59477cbf750a619307a5408570052
B,E3XB_L2_F1_F1,L2,20240617,B2,900,1,1,0,0,runs/experiment3_cross_site/site_b_amsterdam/E3XB_L2_F1_F1/seed20240617/B2,068c5ade0bcb2ac8462e70bdc95764eecfe59477cbf750a619307a5408570052
B,E3XB_L2_F1_F1,L2,20240617,B4b,900,1,1,0,0,runs/experiment3_cross_site/site_b_amsterdam/E3XB_L2_F1_F1/seed20240617/B4b,068c5ade0bcb2ac8462e70bdc95764eecfe59477cbf750a619307a5408570052
B,E3XB_L2_F1_F1,L2,20240618,B0,900,1,1,0,0,runs/experiment3_cross_site/site_b_amsterdam/E3XB_L2_F1_F1/seed20240618/B0,550314e49fbd23de193812e4de2b20a13f05e1857ac98e355a415c8cab8bf8d5
B,E3XB_L2_F1_F1,L2,20240618,B1,900,1,1,0,0,runs/experiment3_cross_site/site_b_amsterdam/E3XB_L2_F1_F1/seed20240618/B1,109ddf54c521c8ee2ecc7bd3246f3c1cca5b6fa88152dfb651f5ffe4fdcdfd86
B,E3XB_L2_F1_F1,L2,20240618,B2,900,1,1,0,0,runs/experiment3_cross_site/site_b_amsterdam/E3XB_L2_F1_F1/seed20240618/B2,109ddf54c521c8ee2ecc7bd3246f3c1cca5b6fa88152dfb651f5ffe4fdcdfd86
B,E3XB_L2_F1_F1,L2,20240618,B4b,900,1,1,0,0,runs/experiment3_cross_site/site_b_amsterdam/E3XB_L2_F1_F1/seed20240618/B4b,109ddf54c521c8ee2ecc7bd3246f3c1cca5b6fa88152dfb651f5ffe4fdcdfd86
B,E3XB_L2_F1_F1,L2,20240619,B0,900,1,1,0,0,runs/experiment3_cross_site/site_b_amsterdam/E3XB_L2_F1_F1/seed20240619/B0,7ed50bf6aa7479070c789037406b916a3c7661e151d8dcf8e6b3b872b4235291
B,E3XB_L2_F1_F1,L2,20240619,B1,900,1,1,0,0,runs/experiment3_cross_site/site_b_amsterdam/E3XB_L2_F1_F1/seed20240619/B1,39b0ddd5213a172d35d7efc5b8ce95f7f155178a3e7bb3692f5176b1e3f7dfd7
B,E3XB_L2_F1_F1,L2,20240619,B2,900,1,1,0,0,runs/experiment3_cross_site/site_b_amsterdam/E3XB_L2_F1_F1/seed20240619/B2,39b0ddd5213a172d35d7efc5b8ce95f7f155178a3e7bb3692f5176b1e3f7dfd7
B,E3XB_L2_F1_F1,L2,20240619,B4b,900,1,1,0,0,runs/experiment3_cross_site/site_b_amsterdam/E3XB_L2_F1_F1/seed20240619/B4b,39b0ddd5213a172d35d7efc5b8ce95f7f155178a3e7bb3692f5176b1e3f7dfd7
B,E3XB_L2_F1_F1,L2,20240620,B0,900,1,1,0,0,runs/experiment3_cross_site/site_b_amsterdam/E3XB_L2_F1_F1/seed20240620/B0,f0bb71685fcb762d834c23151a9f3b7dd09d02d29de23dfaeae70f090cf6359e
B,E3XB_L2_F1_F1,L2,20240620,B1,900,1,1,0,0,runs/experiment3_cross_site/site_b_amsterdam/E3XB_L2_F1_F1/seed20240620/B1,7f3caf945d21bf8d9a972d1b7708f02fc8cf143993fefe9dba6b4ff2dece2f49
B,E3XB_L2_F1_F1,L2,20240620,B2,900,1,1,0,0,runs/experiment3_cross_site/site_b_amsterdam/E3XB_L2_F1_F1/seed20240620/B2,7f3caf945d21bf8d9a972d1b7708f02fc8cf143993fefe9dba6b4ff2dece2f49
B,E3XB_L2_F1_F1,L2,20240620,B4b,900,1,1,0,0,runs/experiment3_cross_site/site_b_amsterdam/E3XB_L2_F1_F1/seed20240620/B4b,7f3caf945d21bf8d9a972d1b7708f02fc8cf143993fefe9dba6b4ff2dece2f49
B,E3XB_L2_F1_F5,L2,20240601,B0,900,1,1,0,0,runs/experiment3_cross_site/site_b_amsterdam/E3XB_L2_F1_F5/seed20240601/B0,42d08e1a229d54e22eb4bbb2102f6a5b81718bf0628dbac06d141979616c1066
B,E3XB_L2_F1_F5,L2,20240601,B1,900,1,1,0,0,runs/experiment3_cross_site/site_b_amsterdam/E3XB_L2_F1_F5/seed20240601/B1,e97ff2899d5803672b949b182a0c3ea44a4adac3b61d8ecaa0bf828b0ec1817a
B,E3XB_L2_F1_F5,L2,20240601,B2,900,1,1,0,0,runs/experiment3_cross_site/site_b_amsterdam/E3XB_L2_F1_F5/seed20240601/B2,e97ff2899d5803672b949b182a0c3ea44a4adac3b61d8ecaa0bf828b0ec1817a
B,E3XB_L2_F1_F5,L2,20240601,B4b,900,1,1,0,0,runs/experiment3_cross_site/site_b_amsterdam/E3XB_L2_F1_F5/seed20240601/B4b,e97ff2899d5803672b949b182a0c3ea44a4adac3b61d8ecaa0bf828b0ec1817a
B,E3XB_L2_F1_F5,L2,20240602,B0,900,1,1,0,0,runs/experiment3_cross_site/site_b_amsterdam/E3XB_L2_F1_F5/seed20240602/B0,9b542370873e4f4aee1bcb98249b7970d0cc5daaba14367e3fab0ed549e9999d
B,E3XB_L2_F1_F5,L2,20240602,B1,900,1,1,0,0,runs/experiment3_cross_site/site_b_amsterdam/E3XB_L2_F1_F5/seed20240602/B1,404e8e8dd6c88618912e10149c515f241797d3156d4b56f5b01102dba38f8f31
B,E3XB_L2_F1_F5,L2,20240602,B2,900,1,1,0,0,runs/experiment3_cross_site/site_b_amsterdam/E3XB_L2_F1_F5/seed20240602/B2,404e8e8dd6c88618912e10149c515f241797d3156d4b56f5b01102dba38f8f31
B,E3XB_L2_F1_F5,L2,20240602,B4b,900,1,1,0,0,runs/experiment3_cross_site/site_b_amsterdam/E3XB_L2_F1_F5/seed20240602/B4b,404e8e8dd6c88618912e10149c515f241797d3156d4b56f5b01102dba38f8f31
B,E3XB_L2_F1_F5,L2,20240603,B0,900,1,1,0,0,runs/experiment3_cross_site/site_b_amsterdam/E3XB_L2_F1_F5/seed20240603/B0,c3d5aea68f0b7bb0f5349f90a27f54f71a1f3e1a5dd83fb665a2335fdd94afeb
B,E3XB_L2_F1_F5,L2,20240603,B1,900,1,1,0,0,runs/experiment3_cross_site/site_b_amsterdam/E3XB_L2_F1_F5/seed20240603/B1,702ec034e5444a622d6f6991c5edfd816bad9ad7e72b2ee6765b10b4d63960a2
B,E3XB_L2_F1_F5,L2,20240603,B2,900,1,1,0,0,runs/experiment3_cross_site/site_b_amsterdam/E3XB_L2_F1_F5/seed20240603/B2,702ec034e5444a622d6f6991c5edfd816bad9ad7e72b2ee6765b10b4d63960a2
B,E3XB_L2_F1_F5,L2,20240603,B4b,900,1,1,0,0,runs/experiment3_cross_site/site_b_amsterdam/E3XB_L2_F1_F5/seed20240603/B4b,702ec034e5444a622d6f6991c5edfd816bad9ad7e72b2ee6765b10b4d63960a2
B,E3XB_L2_F1_F5,L2,20240604,B0,900,1,1,0,0,runs/experiment3_cross_site/site_b_amsterdam/E3XB_L2_F1_F5/seed20240604/B0,6d90257e7d640f81083a46669e0e0f7728d519ec52825461711416815941e350
B,E3XB_L2_F1_F5,L2,20240604,B1,900,1,1,0,0,runs/experiment3_cross_site/site_b_amsterdam/E3XB_L2_F1_F5/seed20240604/B1,ab03d6b8d604bb03c169af3e83488f37063fd3e8fd2f89b91c5a8e9f68d5f7bb
B,E3XB_L2_F1_F5,L2,20240604,B2,900,1,1,0,0,runs/experiment3_cross_site/site_b_amsterdam/E3XB_L2_F1_F5/seed20240604/B2,ab03d6b8d604bb03c169af3e83488f37063fd3e8fd2f89b91c5a8e9f68d5f7bb
B,E3XB_L2_F1_F5,L2,20240604,B4b,900,1,1,0,0,runs/experiment3_cross_site/site_b_amsterdam/E3XB_L2_F1_F5/seed20240604/B4b,ab03d6b8d604bb03c169af3e83488f37063fd3e8fd2f89b91c5a8e9f68d5f7bb
B,E3XB_L2_F1_F5,L2,20240605,B0,900,1,1,0,0,runs/experiment3_cross_site/site_b_amsterdam/E3XB_L2_F1_F5/seed20240605/B0,d367be2a64a22ee8b750bfc2e5fc99d438e23c3decfb698f0c59c23507da9856
B,E3XB_L2_F1_F5,L2,20240605,B1,900,1,1,0,0,runs/experiment3_cross_site/site_b_amsterdam/E3XB_L2_F1_F5/seed20240605/B1,07ff8df09b18465ef6823ded8d5dfe312c297d5644022386b21a25f6f80862af
B,E3XB_L2_F1_F5,L2,20240605,B2,900,1,1,0,0,runs/experiment3_cross_site/site_b_amsterdam/E3XB_L2_F1_F5/seed20240605/B2,07ff8df09b18465ef6823ded8d5dfe312c297d5644022386b21a25f6f80862af
B,E3XB_L2_F1_F5,L2,20240605,B4b,900,1,1,0,0,runs/experiment3_cross_site/site_b_amsterdam/E3XB_L2_F1_F5/seed20240605/B4b,07ff8df09b18465ef6823ded8d5dfe312c297d5644022386b21a25f6f80862af
B,E3XB_L2_F1_F5,L2,20240606,B0,900,1,1,0,0,runs/experiment3_cross_site/site_b_amsterdam/E3XB_L2_F1_F5/seed20240606/B0,eefa2e01423a9dcfe232a32320d8e73333734110c726560c580b636a8cc44f18
B,E3XB_L2_F1_F5,L2,20240606,B1,900,1,1,0,0,runs/experiment3_cross_site/site_b_amsterdam/E3XB_L2_F1_F5/seed20240606/B1,c7cf44e011a2beaf7125d5e2905484a86c36d329582f859814d5f78e33add0ad
B,E3XB_L2_F1_F5,L2,20240606,B2,900,1,1,0,0,runs/experiment3_cross_site/site_b_amsterdam/E3XB_L2_F1_F5/seed20240606/B2,c7cf44e011a2beaf7125d5e2905484a86c36d329582f859814d5f78e33add0ad
B,E3XB_L2_F1_F5,L2,20240606,B4b,900,1,1,0,0,runs/experiment3_cross_site/site_b_amsterdam/E3XB_L2_F1_F5/seed20240606/B4b,c7cf44e011a2beaf7125d5e2905484a86c36d329582f859814d5f78e33add0ad
B,E3XB_L2_F1_F5,L2,20240607,B0,900,1,1,0,0,runs/experiment3_cross_site/site_b_amsterdam/E3XB_L2_F1_F5/seed20240607/B0,aae2740ffc4ce0ed1935f4c5be88de7f32afc36f0353c81ca70e6726602e4181
B,E3XB_L2_F1_F5,L2,20240607,B1,900,1,1,0,0,runs/experiment3_cross_site/site_b_amsterdam/E3XB_L2_F1_F5/seed20240607/B1,16c0e641bbde5d6f963c1b7f91bf0875b5ea4fe6088a876d538e01042050d64f
B,E3XB_L2_F1_F5,L2,20240607,B2,900,1,1,0,0,runs/experiment3_cross_site/site_b_amsterdam/E3XB_L2_F1_F5/seed20240607/B2,16c0e641bbde5d6f963c1b7f91bf0875b5ea4fe6088a876d538e01042050d64f
B,E3XB_L2_F1_F5,L2,20240607,B4b,900,1,1,0,0,runs/experiment3_cross_site/site_b_amsterdam/E3XB_L2_F1_F5/seed20240607/B4b,16c0e641bbde5d6f963c1b7f91bf0875b5ea4fe6088a876d538e01042050d64f
B,E3XB_L2_F1_F5,L2,20240608,B0,900,1,1,0,0,runs/experiment3_cross_site/site_b_amsterdam/E3XB_L2_F1_F5/seed20240608/B0,21776c913e41fe9e41271ec637e32535a5dca350d2e06c51f8884def7f1365e4
B,E3XB_L2_F1_F5,L2,20240608,B1,900,1,1,0,0,runs/experiment3_cross_site/site_b_amsterdam/E3XB_L2_F1_F5/seed20240608/B1,8557748d69bd66f8a93559b4044a70e9bb1b39b76c9cbe715c6d3ce125ca7e17
B,E3XB_L2_F1_F5,L2,20240608,B2,900,1,1,0,0,runs/experiment3_cross_site/site_b_amsterdam/E3XB_L2_F1_F5/seed20240608/B2,8557748d69bd66f8a93559b4044a70e9bb1b39b76c9cbe715c6d3ce125ca7e17
B,E3XB_L2_F1_F5,L2,20240608,B4b,900,1,1,0,0,runs/experiment3_cross_site/site_b_amsterdam/E3XB_L2_F1_F5/seed20240608/B4b,8557748d69bd66f8a93559b4044a70e9bb1b39b76c9cbe715c6d3ce125ca7e17
B,E3XB_L2_F1_F5,L2,20240609,B0,900,1,1,0,0,runs/experiment3_cross_site/site_b_amsterdam/E3XB_L2_F1_F5/seed20240609/B0,51ee7da51ce538e21a1e8bd677b4d0330d5cc8ce345680f5192db262d9615229
B,E3XB_L2_F1_F5,L2,20240609,B1,900,1,1,0,0,runs/experiment3_cross_site/site_b_amsterdam/E3XB_L2_F1_F5/seed20240609/B1,4766085a2baa4224bf0c37396d6ac1bfd5a672f66857759ed67e88711ad6b617
B,E3XB_L2_F1_F5,L2,20240609,B2,900,1,1,0,0,runs/experiment3_cross_site/site_b_amsterdam/E3XB_L2_F1_F5/seed20240609/B2,4766085a2baa4224bf0c37396d6ac1bfd5a672f66857759ed67e88711ad6b617
B,E3XB_L2_F1_F5,L2,20240609,B4b,900,1,1,0,0,runs/experiment3_cross_site/site_b_amsterdam/E3XB_L2_F1_F5/seed20240609/B4b,4766085a2baa4224bf0c37396d6ac1bfd5a672f66857759ed67e88711ad6b617
B,E3XB_L2_F1_F5,L2,20240610,B0,900,1,1,0,0,runs/experiment3_cross_site/site_b_amsterdam/E3XB_L2_F1_F5/seed20240610/B0,ad440fd94031a873f6786d3a2c4c969353afe6bc39c0f5343769d2aa13e137ab
B,E3XB_L2_F1_F5,L2,20240610,B1,900,1,1,0,0,runs/experiment3_cross_site/site_b_amsterdam/E3XB_L2_F1_F5/seed20240610/B1,8b00bf25fd2bc9ea913e6696d34a019824608a2bd14401026d1697575f6dd19c
B,E3XB_L2_F1_F5,L2,20240610,B2,900,1,1,0,0,runs/experiment3_cross_site/site_b_amsterdam/E3XB_L2_F1_F5/seed20240610/B2,8b00bf25fd2bc9ea913e6696d34a019824608a2bd14401026d1697575f6dd19c
B,E3XB_L2_F1_F5,L2,20240610,B4b,900,1,1,0,0,runs/experiment3_cross_site/site_b_amsterdam/E3XB_L2_F1_F5/seed20240610/B4b,8b00bf25fd2bc9ea913e6696d34a019824608a2bd14401026d1697575f6dd19c
B,E3XB_L2_F1_F5,L2,20240611,B0,900,1,1,0,0,runs/experiment3_cross_site/site_b_amsterdam/E3XB_L2_F1_F5/seed20240611/B0,e664c8a09bd352ec0ac720318e6b63874b59a8dac83fba0cb86efef7b11cc5bd
B,E3XB_L2_F1_F5,L2,20240611,B1,900,1,1,0,0,runs/experiment3_cross_site/site_b_amsterdam/E3XB_L2_F1_F5/seed20240611/B1,f627378ed646d4c4cc3212be492a08b85e4b684f644e0c8962ca650d39cd79db
B,E3XB_L2_F1_F5,L2,20240611,B2,900,1,1,0,0,runs/experiment3_cross_site/site_b_amsterdam/E3XB_L2_F1_F5/seed20240611/B2,f627378ed646d4c4cc3212be492a08b85e4b684f644e0c8962ca650d39cd79db
B,E3XB_L2_F1_F5,L2,20240611,B4b,900,1,1,0,0,runs/experiment3_cross_site/site_b_amsterdam/E3XB_L2_F1_F5/seed20240611/B4b,f627378ed646d4c4cc3212be492a08b85e4b684f644e0c8962ca650d39cd79db
B,E3XB_L2_F1_F5,L2,20240612,B0,900,1,1,0,0,runs/experiment3_cross_site/site_b_amsterdam/E3XB_L2_F1_F5/seed20240612/B0,488b8e2ae8c213217a29e06a1cc36b5fddb8f34d3f66de3537f1d4e2a639d528
B,E3XB_L2_F1_F5,L2,20240612,B1,900,1,1,0,0,runs/experiment3_cross_site/site_b_amsterdam/E3XB_L2_F1_F5/seed20240612/B1,d9048d233b3234724ba0d22a9fa67b08338e71e8d1459d55d2932e5cadb172ae
B,E3XB_L2_F1_F5,L2,20240612,B2,900,1,1,0,0,runs/experiment3_cross_site/site_b_amsterdam/E3XB_L2_F1_F5/seed20240612/B2,d9048d233b3234724ba0d22a9fa67b08338e71e8d1459d55d2932e5cadb172ae
B,E3XB_L2_F1_F5,L2,20240612,B4b,900,1,1,0,0,runs/experiment3_cross_site/site_b_amsterdam/E3XB_L2_F1_F5/seed20240612/B4b,d9048d233b3234724ba0d22a9fa67b08338e71e8d1459d55d2932e5cadb172ae
B,E3XB_L2_F1_F5,L2,20240613,B0,900,1,1,0,0,runs/experiment3_cross_site/site_b_amsterdam/E3XB_L2_F1_F5/seed20240613/B0,80d6bd18b7b3128e2bad3b80e5c02d6ea226fe94dd78fccbb162fed3f67060f7
B,E3XB_L2_F1_F5,L2,20240613,B1,900,1,1,0,0,runs/experiment3_cross_site/site_b_amsterdam/E3XB_L2_F1_F5/seed20240613/B1,e35d5fc8dde361513300326455717fb7c2f8455978bd97042497189ab866a07a
B,E3XB_L2_F1_F5,L2,20240613,B2,900,1,1,0,0,runs/experiment3_cross_site/site_b_amsterdam/E3XB_L2_F1_F5/seed20240613/B2,e35d5fc8dde361513300326455717fb7c2f8455978bd97042497189ab866a07a
B,E3XB_L2_F1_F5,L2,20240613,B4b,900,1,1,0,0,runs/experiment3_cross_site/site_b_amsterdam/E3XB_L2_F1_F5/seed20240613/B4b,e35d5fc8dde361513300326455717fb7c2f8455978bd97042497189ab866a07a
B,E3XB_L2_F1_F5,L2,20240614,B0,900,1,1,0,0,runs/experiment3_cross_site/site_b_amsterdam/E3XB_L2_F1_F5/seed20240614/B0,12e44764893be95de887e48e2fd62cd132007197359b34b08a701315d65efa4e
B,E3XB_L2_F1_F5,L2,20240614,B1,900,1,1,0,0,runs/experiment3_cross_site/site_b_amsterdam/E3XB_L2_F1_F5/seed20240614/B1,5df7868065823e48d4795d38ec6db115c02531e32d6c0b63dc98f1fbb0ceec2f
B,E3XB_L2_F1_F5,L2,20240614,B2,900,1,1,0,0,runs/experiment3_cross_site/site_b_amsterdam/E3XB_L2_F1_F5/seed20240614/B2,5df7868065823e48d4795d38ec6db115c02531e32d6c0b63dc98f1fbb0ceec2f
B,E3XB_L2_F1_F5,L2,20240614,B4b,900,1,1,0,0,runs/experiment3_cross_site/site_b_amsterdam/E3XB_L2_F1_F5/seed20240614/B4b,5df7868065823e48d4795d38ec6db115c02531e32d6c0b63dc98f1fbb0ceec2f
B,E3XB_L2_F1_F5,L2,20240615,B0,900,1,1,0,0,runs/experiment3_cross_site/site_b_amsterdam/E3XB_L2_F1_F5/seed20240615/B0,cf70ff706285d86adb53aa04cea0081dccd790f3acaf61a5b3436f6e18bdcffd
B,E3XB_L2_F1_F5,L2,20240615,B1,900,1,1,0,0,runs/experiment3_cross_site/site_b_amsterdam/E3XB_L2_F1_F5/seed20240615/B1,bfeb1d1798d7c8bef5d194d44a192792b4e1e763bbe4785ff6d18d3f11e40f6c
B,E3XB_L2_F1_F5,L2,20240615,B2,900,1,1,0,0,runs/experiment3_cross_site/site_b_amsterdam/E3XB_L2_F1_F5/seed20240615/B2,bfeb1d1798d7c8bef5d194d44a192792b4e1e763bbe4785ff6d18d3f11e40f6c
B,E3XB_L2_F1_F5,L2,20240615,B4b,900,1,1,0,0,runs/experiment3_cross_site/site_b_amsterdam/E3XB_L2_F1_F5/seed20240615/B4b,bfeb1d1798d7c8bef5d194d44a192792b4e1e763bbe4785ff6d18d3f11e40f6c
B,E3XB_L2_F1_F5,L2,20240616,B0,900,1,1,0,0,runs/experiment3_cross_site/site_b_amsterdam/E3XB_L2_F1_F5/seed20240616/B0,4b55eddcbe80f3f8417f186b895442678e25919aa3296c24558c4f60e1e53563
B,E3XB_L2_F1_F5,L2,20240616,B1,900,1,1,0,0,runs/experiment3_cross_site/site_b_amsterdam/E3XB_L2_F1_F5/seed20240616/B1,e26b7ecec780faa948c1bcadaf35b0d75ded934aa07d6cc6c0c0204b9297d34f
B,E3XB_L2_F1_F5,L2,20240616,B2,900,1,1,0,0,runs/experiment3_cross_site/site_b_amsterdam/E3XB_L2_F1_F5/seed20240616/B2,e26b7ecec780faa948c1bcadaf35b0d75ded934aa07d6cc6c0c0204b9297d34f
B,E3XB_L2_F1_F5,L2,20240616,B4b,900,1,1,0,0,runs/experiment3_cross_site/site_b_amsterdam/E3XB_L2_F1_F5/seed20240616/B4b,e26b7ecec780faa948c1bcadaf35b0d75ded934aa07d6cc6c0c0204b9297d34f
B,E3XB_L2_F1_F5,L2,20240617,B0,900,1,1,0,0,runs/experiment3_cross_site/site_b_amsterdam/E3XB_L2_F1_F5/seed20240617/B0,ba26be7413514893e656c724afca9f96570a9e3e3cb2fe028c32a7baadc05456
B,E3XB_L2_F1_F5,L2,20240617,B1,900,1,1,0,0,runs/experiment3_cross_site/site_b_amsterdam/E3XB_L2_F1_F5/seed20240617/B1,06c3b117f38a68267f59576499ad21b260f92e76e934ce9c439908f9b4e22187
B,E3XB_L2_F1_F5,L2,20240617,B2,900,1,1,0,0,runs/experiment3_cross_site/site_b_amsterdam/E3XB_L2_F1_F5/seed20240617/B2,06c3b117f38a68267f59576499ad21b260f92e76e934ce9c439908f9b4e22187
B,E3XB_L2_F1_F5,L2,20240617,B4b,900,1,1,0,0,runs/experiment3_cross_site/site_b_amsterdam/E3XB_L2_F1_F5/seed20240617/B4b,06c3b117f38a68267f59576499ad21b260f92e76e934ce9c439908f9b4e22187
B,E3XB_L2_F1_F5,L2,20240618,B0,900,1,1,0,0,runs/experiment3_cross_site/site_b_amsterdam/E3XB_L2_F1_F5/seed20240618/B0,c1499666099ae4cedf2a8302d8e52dbf8a95630e5cb97691285e78b9c69416be
B,E3XB_L2_F1_F5,L2,20240618,B1,900,1,1,0,0,runs/experiment3_cross_site/site_b_amsterdam/E3XB_L2_F1_F5/seed20240618/B1,255fc2f7d63792b4707513c8ee61c2639eca027fec52eb834d7f4ba2f95990ff
B,E3XB_L2_F1_F5,L2,20240618,B2,900,1,1,0,0,runs/experiment3_cross_site/site_b_amsterdam/E3XB_L2_F1_F5/seed20240618/B2,255fc2f7d63792b4707513c8ee61c2639eca027fec52eb834d7f4ba2f95990ff
B,E3XB_L2_F1_F5,L2,20240618,B4b,900,1,1,0,0,runs/experiment3_cross_site/site_b_amsterdam/E3XB_L2_F1_F5/seed20240618/B4b,255fc2f7d63792b4707513c8ee61c2639eca027fec52eb834d7f4ba2f95990ff
B,E3XB_L2_F1_F5,L2,20240619,B0,900,1,1,0,0,runs/experiment3_cross_site/site_b_amsterdam/E3XB_L2_F1_F5/seed20240619/B0,70e70dcead3ebe978c8bc2043c966be6832fe51131d104efd46dd63567025837
B,E3XB_L2_F1_F5,L2,20240619,B1,900,1,1,0,0,runs/experiment3_cross_site/site_b_amsterdam/E3XB_L2_F1_F5/seed20240619/B1,5b5c5512b71629232b55cbe867af3d0f9e2952b269330180a4f0f80f3f2367cb
B,E3XB_L2_F1_F5,L2,20240619,B2,900,1,1,0,0,runs/experiment3_cross_site/site_b_amsterdam/E3XB_L2_F1_F5/seed20240619/B2,5b5c5512b71629232b55cbe867af3d0f9e2952b269330180a4f0f80f3f2367cb
B,E3XB_L2_F1_F5,L2,20240619,B4b,900,1,1,0,0,runs/experiment3_cross_site/site_b_amsterdam/E3XB_L2_F1_F5/seed20240619/B4b,5b5c5512b71629232b55cbe867af3d0f9e2952b269330180a4f0f80f3f2367cb
B,E3XB_L2_F1_F5,L2,20240620,B0,900,1,1,0,0,runs/experiment3_cross_site/site_b_amsterdam/E3XB_L2_F1_F5/seed20240620/B0,ae89f308e2ddd5792121620c3581e8669fb8dd6a606a4c7b056250c622d8c5bf
B,E3XB_L2_F1_F5,L2,20240620,B1,900,1,1,0,0,runs/experiment3_cross_site/site_b_amsterdam/E3XB_L2_F1_F5/seed20240620/B1,d025b477a6597fe6530e0f24d0602e8243f70d6a2430478180d5841620835fc0
B,E3XB_L2_F1_F5,L2,20240620,B2,900,1,1,0,0,runs/experiment3_cross_site/site_b_amsterdam/E3XB_L2_F1_F5/seed20240620/B2,d025b477a6597fe6530e0f24d0602e8243f70d6a2430478180d5841620835fc0
B,E3XB_L2_F1_F5,L2,20240620,B4b,900,1,1,0,0,runs/experiment3_cross_site/site_b_amsterdam/E3XB_L2_F1_F5/seed20240620/B4b,d025b477a6597fe6530e0f24d0602e8243f70d6a2430478180d5841620835fc0
B,E3XB_L2_F2_F4,L2,20240601,B0,900,1,1,0,0,runs/experiment3_cross_site/site_b_amsterdam/E3XB_L2_F2_F4/seed20240601/B0,eb714078e1c5c692f7262dd92785ddf53fcdf50c1e324f00a61a61f03cedb98a
B,E3XB_L2_F2_F4,L2,20240601,B1,900,1,1,0,0,runs/experiment3_cross_site/site_b_amsterdam/E3XB_L2_F2_F4/seed20240601/B1,fa39c5b46c67114ebee6592db0eaa2c6abf97a96a800cb1ead678d79a392c969
B,E3XB_L2_F2_F4,L2,20240601,B2,900,1,1,0,0,runs/experiment3_cross_site/site_b_amsterdam/E3XB_L2_F2_F4/seed20240601/B2,fa39c5b46c67114ebee6592db0eaa2c6abf97a96a800cb1ead678d79a392c969
B,E3XB_L2_F2_F4,L2,20240601,B4b,900,1,1,0,0,runs/experiment3_cross_site/site_b_amsterdam/E3XB_L2_F2_F4/seed20240601/B4b,fa39c5b46c67114ebee6592db0eaa2c6abf97a96a800cb1ead678d79a392c969
B,E3XB_L2_F2_F4,L2,20240602,B0,900,1,1,0,0,runs/experiment3_cross_site/site_b_amsterdam/E3XB_L2_F2_F4/seed20240602/B0,62bcf6fea44bc183331c4e89eb38ee444fe3eea05082c6513a915f82da04e469
B,E3XB_L2_F2_F4,L2,20240602,B1,900,1,1,0,0,runs/experiment3_cross_site/site_b_amsterdam/E3XB_L2_F2_F4/seed20240602/B1,f2c9774a557a0a2c03a40aca1df39131ff563a9530e57a0920e60abc09678a4d
B,E3XB_L2_F2_F4,L2,20240602,B2,900,1,1,0,0,runs/experiment3_cross_site/site_b_amsterdam/E3XB_L2_F2_F4/seed20240602/B2,f2c9774a557a0a2c03a40aca1df39131ff563a9530e57a0920e60abc09678a4d
B,E3XB_L2_F2_F4,L2,20240602,B4b,900,1,1,0,0,runs/experiment3_cross_site/site_b_amsterdam/E3XB_L2_F2_F4/seed20240602/B4b,f2c9774a557a0a2c03a40aca1df39131ff563a9530e57a0920e60abc09678a4d
B,E3XB_L2_F2_F4,L2,20240603,B0,900,1,1,0,0,runs/experiment3_cross_site/site_b_amsterdam/E3XB_L2_F2_F4/seed20240603/B0,71a132dfdd35f67d12dcd24dda1d2dcb0ecbdd8ddc05f8a8b68361b5fa270cc7
B,E3XB_L2_F2_F4,L2,20240603,B1,900,1,1,0,0,runs/experiment3_cross_site/site_b_amsterdam/E3XB_L2_F2_F4/seed20240603/B1,91e0f0ddc99a78fba7fdbbc70cc907d7fa80602c24ea3cbb2ca612177391e108
B,E3XB_L2_F2_F4,L2,20240603,B2,900,1,1,0,0,runs/experiment3_cross_site/site_b_amsterdam/E3XB_L2_F2_F4/seed20240603/B2,91e0f0ddc99a78fba7fdbbc70cc907d7fa80602c24ea3cbb2ca612177391e108
B,E3XB_L2_F2_F4,L2,20240603,B4b,900,1,1,0,0,runs/experiment3_cross_site/site_b_amsterdam/E3XB_L2_F2_F4/seed20240603/B4b,91e0f0ddc99a78fba7fdbbc70cc907d7fa80602c24ea3cbb2ca612177391e108
B,E3XB_L2_F2_F4,L2,20240604,B0,900,1,1,0,0,runs/experiment3_cross_site/site_b_amsterdam/E3XB_L2_F2_F4/seed20240604/B0,e9c17c83b91243ef95b876514c2a21560fbb767466c49a3a8c4e36b3fc50a553
B,E3XB_L2_F2_F4,L2,20240604,B1,900,1,1,0,0,runs/experiment3_cross_site/site_b_amsterdam/E3XB_L2_F2_F4/seed20240604/B1,74cb0b44497d3addde20def5eb93e74bd81348f7df7e6d802ce161405e3c58cf
B,E3XB_L2_F2_F4,L2,20240604,B2,900,1,1,0,0,runs/experiment3_cross_site/site_b_amsterdam/E3XB_L2_F2_F4/seed20240604/B2,74cb0b44497d3addde20def5eb93e74bd81348f7df7e6d802ce161405e3c58cf
B,E3XB_L2_F2_F4,L2,20240604,B4b,900,1,1,0,0,runs/experiment3_cross_site/site_b_amsterdam/E3XB_L2_F2_F4/seed20240604/B4b,74cb0b44497d3addde20def5eb93e74bd81348f7df7e6d802ce161405e3c58cf
B,E3XB_L2_F2_F4,L2,20240605,B0,900,1,1,0,0,runs/experiment3_cross_site/site_b_amsterdam/E3XB_L2_F2_F4/seed20240605/B0,5d323780ab978744df7d44326e18d24d7bb8cc14b13bb3be0975e195b3c545b9
B,E3XB_L2_F2_F4,L2,20240605,B1,900,1,1,0,0,runs/experiment3_cross_site/site_b_amsterdam/E3XB_L2_F2_F4/seed20240605/B1,5466c90a30d6aa3c664d9be2e8a2bd0d477ae741caa94dc88ea7c4699351ec9a
B,E3XB_L2_F2_F4,L2,20240605,B2,900,1,1,0,0,runs/experiment3_cross_site/site_b_amsterdam/E3XB_L2_F2_F4/seed20240605/B2,5466c90a30d6aa3c664d9be2e8a2bd0d477ae741caa94dc88ea7c4699351ec9a
B,E3XB_L2_F2_F4,L2,20240605,B4b,900,1,1,0,0,runs/experiment3_cross_site/site_b_amsterdam/E3XB_L2_F2_F4/seed20240605/B4b,5466c90a30d6aa3c664d9be2e8a2bd0d477ae741caa94dc88ea7c4699351ec9a
B,E3XB_L2_F2_F4,L2,20240606,B0,900,1,1,0,0,runs/experiment3_cross_site/site_b_amsterdam/E3XB_L2_F2_F4/seed20240606/B0,6163a12504d8cbae7e78dd7555c1ce2f08421afb2d8dadf6e2b7a0d7945d5cd1
B,E3XB_L2_F2_F4,L2,20240606,B1,900,1,1,0,0,runs/experiment3_cross_site/site_b_amsterdam/E3XB_L2_F2_F4/seed20240606/B1,80f9a8e95ec2c332f39adc00d9f801b155f24851061cfe36193af916c7de37d6
B,E3XB_L2_F2_F4,L2,20240606,B2,900,1,1,0,0,runs/experiment3_cross_site/site_b_amsterdam/E3XB_L2_F2_F4/seed20240606/B2,80f9a8e95ec2c332f39adc00d9f801b155f24851061cfe36193af916c7de37d6
B,E3XB_L2_F2_F4,L2,20240606,B4b,900,1,1,0,0,runs/experiment3_cross_site/site_b_amsterdam/E3XB_L2_F2_F4/seed20240606/B4b,80f9a8e95ec2c332f39adc00d9f801b155f24851061cfe36193af916c7de37d6
B,E3XB_L2_F2_F4,L2,20240607,B0,900,1,1,0,0,runs/experiment3_cross_site/site_b_amsterdam/E3XB_L2_F2_F4/seed20240607/B0,9267ecb6850a2820e72cf8a773dc1d78e9cd1078eb70f659fb7fbe5194e79e74
B,E3XB_L2_F2_F4,L2,20240607,B1,900,1,1,0,0,runs/experiment3_cross_site/site_b_amsterdam/E3XB_L2_F2_F4/seed20240607/B1,9cc105fce7a25d292f607686ba7e70f82fbf3430b142abe2aa9edd597b14dbdf
B,E3XB_L2_F2_F4,L2,20240607,B2,900,1,1,0,0,runs/experiment3_cross_site/site_b_amsterdam/E3XB_L2_F2_F4/seed20240607/B2,9cc105fce7a25d292f607686ba7e70f82fbf3430b142abe2aa9edd597b14dbdf
B,E3XB_L2_F2_F4,L2,20240607,B4b,900,1,1,0,0,runs/experiment3_cross_site/site_b_amsterdam/E3XB_L2_F2_F4/seed20240607/B4b,9cc105fce7a25d292f607686ba7e70f82fbf3430b142abe2aa9edd597b14dbdf
B,E3XB_L2_F2_F4,L2,20240608,B0,900,1,1,0,0,runs/experiment3_cross_site/site_b_amsterdam/E3XB_L2_F2_F4/seed20240608/B0,ee9b2a687a1ee49348f1041401ceeb09c2e1a402accb31958ec1d199beaf10b0
B,E3XB_L2_F2_F4,L2,20240608,B1,900,1,1,0,0,runs/experiment3_cross_site/site_b_amsterdam/E3XB_L2_F2_F4/seed20240608/B1,0e46b2badafa2ceac0f3cf8df6bda54545c7d5864ba49065f7abf4413908c382
B,E3XB_L2_F2_F4,L2,20240608,B2,900,1,1,0,0,runs/experiment3_cross_site/site_b_amsterdam/E3XB_L2_F2_F4/seed20240608/B2,0e46b2badafa2ceac0f3cf8df6bda54545c7d5864ba49065f7abf4413908c382
B,E3XB_L2_F2_F4,L2,20240608,B4b,900,1,1,0,0,runs/experiment3_cross_site/site_b_amsterdam/E3XB_L2_F2_F4/seed20240608/B4b,0e46b2badafa2ceac0f3cf8df6bda54545c7d5864ba49065f7abf4413908c382
B,E3XB_L2_F2_F4,L2,20240609,B0,900,1,1,0,0,runs/experiment3_cross_site/site_b_amsterdam/E3XB_L2_F2_F4/seed20240609/B0,cac31db87d6ee10e450841a446edc9d61134331d0bb5b1039c90f78e542d0132
B,E3XB_L2_F2_F4,L2,20240609,B1,900,1,1,0,0,runs/experiment3_cross_site/site_b_amsterdam/E3XB_L2_F2_F4/seed20240609/B1,fdbf36cdcbc91bfa36b56a05d859ffc0b623797aabf8e333af5206c008a961ea
B,E3XB_L2_F2_F4,L2,20240609,B2,900,1,1,0,0,runs/experiment3_cross_site/site_b_amsterdam/E3XB_L2_F2_F4/seed20240609/B2,fdbf36cdcbc91bfa36b56a05d859ffc0b623797aabf8e333af5206c008a961ea
B,E3XB_L2_F2_F4,L2,20240609,B4b,900,1,1,0,0,runs/experiment3_cross_site/site_b_amsterdam/E3XB_L2_F2_F4/seed20240609/B4b,fdbf36cdcbc91bfa36b56a05d859ffc0b623797aabf8e333af5206c008a961ea
B,E3XB_L2_F2_F4,L2,20240610,B0,900,1,1,0,0,runs/experiment3_cross_site/site_b_amsterdam/E3XB_L2_F2_F4/seed20240610/B0,719e78d07f60322e76b8af41c5ce68aedcada675c36b9e6a574a7f1fe0577e80
B,E3XB_L2_F2_F4,L2,20240610,B1,900,1,1,0,0,runs/experiment3_cross_site/site_b_amsterdam/E3XB_L2_F2_F4/seed20240610/B1,4776cf8b450592a6470df42c1c0df11eb8f0a1658c384f41b59de4e0fb8dae56
B,E3XB_L2_F2_F4,L2,20240610,B2,900,1,1,0,0,runs/experiment3_cross_site/site_b_amsterdam/E3XB_L2_F2_F4/seed20240610/B2,4776cf8b450592a6470df42c1c0df11eb8f0a1658c384f41b59de4e0fb8dae56
B,E3XB_L2_F2_F4,L2,20240610,B4b,900,1,1,0,0,runs/experiment3_cross_site/site_b_amsterdam/E3XB_L2_F2_F4/seed20240610/B4b,4776cf8b450592a6470df42c1c0df11eb8f0a1658c384f41b59de4e0fb8dae56
B,E3XB_L2_F2_F4,L2,20240611,B0,900,1,1,0,0,runs/experiment3_cross_site/site_b_amsterdam/E3XB_L2_F2_F4/seed20240611/B0,4fd1ea4e782506f4b5add44d0c01b2bf53d8867ab8329ba845fe6e36974b7486
B,E3XB_L2_F2_F4,L2,20240611,B1,900,1,1,0,0,runs/experiment3_cross_site/site_b_amsterdam/E3XB_L2_F2_F4/seed20240611/B1,981f4eb93d6647562c94480321f9fe4aec94e1a9c5c87215b181dbbafa0f82c3
B,E3XB_L2_F2_F4,L2,20240611,B2,900,1,1,0,0,runs/experiment3_cross_site/site_b_amsterdam/E3XB_L2_F2_F4/seed20240611/B2,981f4eb93d6647562c94480321f9fe4aec94e1a9c5c87215b181dbbafa0f82c3
B,E3XB_L2_F2_F4,L2,20240611,B4b,900,1,1,0,0,runs/experiment3_cross_site/site_b_amsterdam/E3XB_L2_F2_F4/seed20240611/B4b,981f4eb93d6647562c94480321f9fe4aec94e1a9c5c87215b181dbbafa0f82c3
B,E3XB_L2_F2_F4,L2,20240612,B0,900,1,1,0,0,runs/experiment3_cross_site/site_b_amsterdam/E3XB_L2_F2_F4/seed20240612/B0,6feed73ae2caf07dcf1a945e77e1c512d4c3eccb9b810f892b2af00284c60b33
B,E3XB_L2_F2_F4,L2,20240612,B1,900,1,1,0,0,runs/experiment3_cross_site/site_b_amsterdam/E3XB_L2_F2_F4/seed20240612/B1,907b8130442de5b53ad6c153ae89c4b3a124cd8f95f2b46f46feae86b04b25db
B,E3XB_L2_F2_F4,L2,20240612,B2,900,1,1,0,0,runs/experiment3_cross_site/site_b_amsterdam/E3XB_L2_F2_F4/seed20240612/B2,907b8130442de5b53ad6c153ae89c4b3a124cd8f95f2b46f46feae86b04b25db
B,E3XB_L2_F2_F4,L2,20240612,B4b,900,1,1,0,0,runs/experiment3_cross_site/site_b_amsterdam/E3XB_L2_F2_F4/seed20240612/B4b,907b8130442de5b53ad6c153ae89c4b3a124cd8f95f2b46f46feae86b04b25db
B,E3XB_L2_F2_F4,L2,20240613,B0,900,1,1,0,0,runs/experiment3_cross_site/site_b_amsterdam/E3XB_L2_F2_F4/seed20240613/B0,7229557c5beb6d145917f807c4057165578a2eae4324cd809f3f2521f0596b3e
B,E3XB_L2_F2_F4,L2,20240613,B1,900,1,1,0,0,runs/experiment3_cross_site/site_b_amsterdam/E3XB_L2_F2_F4/seed20240613/B1,30a335343fb429ffc5fc3161b99bbc6838f7a839beb951b3ef38492af0a93c8c
B,E3XB_L2_F2_F4,L2,20240613,B2,900,1,1,0,0,runs/experiment3_cross_site/site_b_amsterdam/E3XB_L2_F2_F4/seed20240613/B2,30a335343fb429ffc5fc3161b99bbc6838f7a839beb951b3ef38492af0a93c8c
B,E3XB_L2_F2_F4,L2,20240613,B4b,900,1,1,0,0,runs/experiment3_cross_site/site_b_amsterdam/E3XB_L2_F2_F4/seed20240613/B4b,30a335343fb429ffc5fc3161b99bbc6838f7a839beb951b3ef38492af0a93c8c
B,E3XB_L2_F2_F4,L2,20240614,B0,900,1,1,0,0,runs/experiment3_cross_site/site_b_amsterdam/E3XB_L2_F2_F4/seed20240614/B0,c9aa74db53a0d656d5e524d66833a3779efc376fd7169751a71b8e4582dd4449
B,E3XB_L2_F2_F4,L2,20240614,B1,900,1,1,0,0,runs/experiment3_cross_site/site_b_amsterdam/E3XB_L2_F2_F4/seed20240614/B1,bb4408eb6a0e4a02ddd9ee9477fdb2b0c528b7187c9fbe59240fffb1fc0bc29d
B,E3XB_L2_F2_F4,L2,20240614,B2,900,1,1,0,0,runs/experiment3_cross_site/site_b_amsterdam/E3XB_L2_F2_F4/seed20240614/B2,bb4408eb6a0e4a02ddd9ee9477fdb2b0c528b7187c9fbe59240fffb1fc0bc29d
B,E3XB_L2_F2_F4,L2,20240614,B4b,900,1,1,0,0,runs/experiment3_cross_site/site_b_amsterdam/E3XB_L2_F2_F4/seed20240614/B4b,bb4408eb6a0e4a02ddd9ee9477fdb2b0c528b7187c9fbe59240fffb1fc0bc29d
B,E3XB_L2_F2_F4,L2,20240615,B0,900,1,1,0,0,runs/experiment3_cross_site/site_b_amsterdam/E3XB_L2_F2_F4/seed20240615/B0,932658263408647b92670b65c6b4e3666046c492471e367b205ec57e788fd7a4
B,E3XB_L2_F2_F4,L2,20240615,B1,900,1,1,0,0,runs/experiment3_cross_site/site_b_amsterdam/E3XB_L2_F2_F4/seed20240615/B1,4b04bccb296608a63349755ba67e41c1da0e0ca05e83026c455152fcc45f92f2
B,E3XB_L2_F2_F4,L2,20240615,B2,900,1,1,0,0,runs/experiment3_cross_site/site_b_amsterdam/E3XB_L2_F2_F4/seed20240615/B2,4b04bccb296608a63349755ba67e41c1da0e0ca05e83026c455152fcc45f92f2
B,E3XB_L2_F2_F4,L2,20240615,B4b,900,1,1,0,0,runs/experiment3_cross_site/site_b_amsterdam/E3XB_L2_F2_F4/seed20240615/B4b,4b04bccb296608a63349755ba67e41c1da0e0ca05e83026c455152fcc45f92f2
B,E3XB_L2_F2_F4,L2,20240616,B0,900,1,1,0,0,runs/experiment3_cross_site/site_b_amsterdam/E3XB_L2_F2_F4/seed20240616/B0,2b4dcbe5b3552ebcd5d706deedbba6bddc1fe250ceeb6cb58cb6481ba91e58fd
B,E3XB_L2_F2_F4,L2,20240616,B1,900,1,1,0,0,runs/experiment3_cross_site/site_b_amsterdam/E3XB_L2_F2_F4/seed20240616/B1,d58ba8e5a2c1ca27fab483840f5db776e5f0995a765c8f786d7b3159b087d277
B,E3XB_L2_F2_F4,L2,20240616,B2,900,1,1,0,0,runs/experiment3_cross_site/site_b_amsterdam/E3XB_L2_F2_F4/seed20240616/B2,d58ba8e5a2c1ca27fab483840f5db776e5f0995a765c8f786d7b3159b087d277
B,E3XB_L2_F2_F4,L2,20240616,B4b,900,1,1,0,0,runs/experiment3_cross_site/site_b_amsterdam/E3XB_L2_F2_F4/seed20240616/B4b,d58ba8e5a2c1ca27fab483840f5db776e5f0995a765c8f786d7b3159b087d277
B,E3XB_L2_F2_F4,L2,20240617,B0,900,1,1,0,0,runs/experiment3_cross_site/site_b_amsterdam/E3XB_L2_F2_F4/seed20240617/B0,72161a3e22044e7cdf97d376ffd725a091e3c10f370dfee65d29d37e3f6037d4
B,E3XB_L2_F2_F4,L2,20240617,B1,900,1,1,0,0,runs/experiment3_cross_site/site_b_amsterdam/E3XB_L2_F2_F4/seed20240617/B1,c4a0a6f236725815143edcedd006b4f5880a5b7421571762eedd4cbbb7b47ba1
B,E3XB_L2_F2_F4,L2,20240617,B2,900,1,1,0,0,runs/experiment3_cross_site/site_b_amsterdam/E3XB_L2_F2_F4/seed20240617/B2,c4a0a6f236725815143edcedd006b4f5880a5b7421571762eedd4cbbb7b47ba1
B,E3XB_L2_F2_F4,L2,20240617,B4b,900,1,1,0,0,runs/experiment3_cross_site/site_b_amsterdam/E3XB_L2_F2_F4/seed20240617/B4b,c4a0a6f236725815143edcedd006b4f5880a5b7421571762eedd4cbbb7b47ba1
B,E3XB_L2_F2_F4,L2,20240618,B0,900,1,1,0,0,runs/experiment3_cross_site/site_b_amsterdam/E3XB_L2_F2_F4/seed20240618/B0,41b685fbdea42cd5acff6bb4d530f66139efd868b920da1d584bb38a1c2ff0ea
B,E3XB_L2_F2_F4,L2,20240618,B1,900,1,1,0,0,runs/experiment3_cross_site/site_b_amsterdam/E3XB_L2_F2_F4/seed20240618/B1,ce8b4e02bc4199a0297fae04bb86f4693461099d2ecd46a61dd69aa7f394ae1b
B,E3XB_L2_F2_F4,L2,20240618,B2,900,1,1,0,0,runs/experiment3_cross_site/site_b_amsterdam/E3XB_L2_F2_F4/seed20240618/B2,ce8b4e02bc4199a0297fae04bb86f4693461099d2ecd46a61dd69aa7f394ae1b
B,E3XB_L2_F2_F4,L2,20240618,B4b,900,1,1,0,0,runs/experiment3_cross_site/site_b_amsterdam/E3XB_L2_F2_F4/seed20240618/B4b,ce8b4e02bc4199a0297fae04bb86f4693461099d2ecd46a61dd69aa7f394ae1b
B,E3XB_L2_F2_F4,L2,20240619,B0,900,1,1,0,0,runs/experiment3_cross_site/site_b_amsterdam/E3XB_L2_F2_F4/seed20240619/B0,0149372c51f2aae0c128a6a7bee6a1191f989dada4871ad387ae01b39dc90399
B,E3XB_L2_F2_F4,L2,20240619,B1,900,1,1,0,0,runs/experiment3_cross_site/site_b_amsterdam/E3XB_L2_F2_F4/seed20240619/B1,a1af4da0f545712c6cbe3d6b20b2654758acb785ba6121004617e8fdfd12d5bf
B,E3XB_L2_F2_F4,L2,20240619,B2,900,1,1,0,0,runs/experiment3_cross_site/site_b_amsterdam/E3XB_L2_F2_F4/seed20240619/B2,a1af4da0f545712c6cbe3d6b20b2654758acb785ba6121004617e8fdfd12d5bf
B,E3XB_L2_F2_F4,L2,20240619,B4b,900,1,1,0,0,runs/experiment3_cross_site/site_b_amsterdam/E3XB_L2_F2_F4/seed20240619/B4b,a1af4da0f545712c6cbe3d6b20b2654758acb785ba6121004617e8fdfd12d5bf
B,E3XB_L2_F2_F4,L2,20240620,B0,900,1,1,0,0,runs/experiment3_cross_site/site_b_amsterdam/E3XB_L2_F2_F4/seed20240620/B0,9a521719ce39baae35849bb317a7ff06009b8e4d71444b4a458946e0279300ac
B,E3XB_L2_F2_F4,L2,20240620,B1,900,1,1,0,0,runs/experiment3_cross_site/site_b_amsterdam/E3XB_L2_F2_F4/seed20240620/B1,27de5234b2bd2d5062f06927546951e7ace54a97af63c5aebe2d15459b8851d4
B,E3XB_L2_F2_F4,L2,20240620,B2,900,1,1,0,0,runs/experiment3_cross_site/site_b_amsterdam/E3XB_L2_F2_F4/seed20240620/B2,27de5234b2bd2d5062f06927546951e7ace54a97af63c5aebe2d15459b8851d4
B,E3XB_L2_F2_F4,L2,20240620,B4b,900,1,1,0,0,runs/experiment3_cross_site/site_b_amsterdam/E3XB_L2_F2_F4/seed20240620/B4b,27de5234b2bd2d5062f06927546951e7ace54a97af63c5aebe2d15459b8851d4
B,E3XB_L2_F6_F5,L2,20240601,B0,900,1,1,0,0,runs/experiment3_cross_site/site_b_amsterdam/E3XB_L2_F6_F5/seed20240601/B0,b308b108542fd1b52ef5569e116c392dd742157a661d05e789ed3e7fccf8ed75
B,E3XB_L2_F6_F5,L2,20240601,B1,900,1,1,0,0,runs/experiment3_cross_site/site_b_amsterdam/E3XB_L2_F6_F5/seed20240601/B1,b010f94e6251c511118c660614bfdbf06ecea3dbc46321a8a2a05a1d25e67c75
B,E3XB_L2_F6_F5,L2,20240601,B2,900,1,1,0,0,runs/experiment3_cross_site/site_b_amsterdam/E3XB_L2_F6_F5/seed20240601/B2,b010f94e6251c511118c660614bfdbf06ecea3dbc46321a8a2a05a1d25e67c75
B,E3XB_L2_F6_F5,L2,20240601,B4b,900,1,1,0,0,runs/experiment3_cross_site/site_b_amsterdam/E3XB_L2_F6_F5/seed20240601/B4b,b010f94e6251c511118c660614bfdbf06ecea3dbc46321a8a2a05a1d25e67c75
B,E3XB_L2_F6_F5,L2,20240602,B0,900,1,1,0,0,runs/experiment3_cross_site/site_b_amsterdam/E3XB_L2_F6_F5/seed20240602/B0,ff0a2fdd924db547c9399e578c8b30d64cdde2a04a6b10a27e66ca5ad05b3b99
B,E3XB_L2_F6_F5,L2,20240602,B1,900,1,1,0,0,runs/experiment3_cross_site/site_b_amsterdam/E3XB_L2_F6_F5/seed20240602/B1,7aecd096b5a069c68c2425bf0fcb94d9a3aa1d9bcf3f147acd1e4bd4a2b376f0
B,E3XB_L2_F6_F5,L2,20240602,B2,900,1,1,0,0,runs/experiment3_cross_site/site_b_amsterdam/E3XB_L2_F6_F5/seed20240602/B2,7aecd096b5a069c68c2425bf0fcb94d9a3aa1d9bcf3f147acd1e4bd4a2b376f0
B,E3XB_L2_F6_F5,L2,20240602,B4b,900,1,1,0,0,runs/experiment3_cross_site/site_b_amsterdam/E3XB_L2_F6_F5/seed20240602/B4b,7aecd096b5a069c68c2425bf0fcb94d9a3aa1d9bcf3f147acd1e4bd4a2b376f0
B,E3XB_L2_F6_F5,L2,20240603,B0,900,1,1,0,0,runs/experiment3_cross_site/site_b_amsterdam/E3XB_L2_F6_F5/seed20240603/B0,fb1d0889c15ff73c6508c4aaadd9b4da7d15db76f62b24175900a96279617db6
B,E3XB_L2_F6_F5,L2,20240603,B1,900,1,1,0,0,runs/experiment3_cross_site/site_b_amsterdam/E3XB_L2_F6_F5/seed20240603/B1,ed614ced6ba76fd8002a071a12148011b59d6fed7aea6020fc9ab2bad172f29f
B,E3XB_L2_F6_F5,L2,20240603,B2,900,1,1,0,0,runs/experiment3_cross_site/site_b_amsterdam/E3XB_L2_F6_F5/seed20240603/B2,ed614ced6ba76fd8002a071a12148011b59d6fed7aea6020fc9ab2bad172f29f
B,E3XB_L2_F6_F5,L2,20240603,B4b,900,1,1,0,0,runs/experiment3_cross_site/site_b_amsterdam/E3XB_L2_F6_F5/seed20240603/B4b,ed614ced6ba76fd8002a071a12148011b59d6fed7aea6020fc9ab2bad172f29f
B,E3XB_L2_F6_F5,L2,20240604,B0,900,1,1,0,0,runs/experiment3_cross_site/site_b_amsterdam/E3XB_L2_F6_F5/seed20240604/B0,df70ac6d2b321c86a03a8464ee421402a5608ee2f19d44eecd56a68527c4576b
B,E3XB_L2_F6_F5,L2,20240604,B1,900,1,1,0,0,runs/experiment3_cross_site/site_b_amsterdam/E3XB_L2_F6_F5/seed20240604/B1,3fc607934f268986c670ce70f7e494c8b270f8da1ff78e29145f018c8e7053d6
B,E3XB_L2_F6_F5,L2,20240604,B2,900,1,1,0,0,runs/experiment3_cross_site/site_b_amsterdam/E3XB_L2_F6_F5/seed20240604/B2,3fc607934f268986c670ce70f7e494c8b270f8da1ff78e29145f018c8e7053d6
B,E3XB_L2_F6_F5,L2,20240604,B4b,900,1,1,0,0,runs/experiment3_cross_site/site_b_amsterdam/E3XB_L2_F6_F5/seed20240604/B4b,3fc607934f268986c670ce70f7e494c8b270f8da1ff78e29145f018c8e7053d6
B,E3XB_L2_F6_F5,L2,20240605,B0,900,1,1,0,0,runs/experiment3_cross_site/site_b_amsterdam/E3XB_L2_F6_F5/seed20240605/B0,dd3ba6842e6988ef43f15f80f06649e67c5878ec5574bd05b68b093f6276e8da
B,E3XB_L2_F6_F5,L2,20240605,B1,900,1,1,0,0,runs/experiment3_cross_site/site_b_amsterdam/E3XB_L2_F6_F5/seed20240605/B1,d16204df63da342c3b0d2ae7f8eb1d5626f06569c1c7357bc04d6b3776e21f70
B,E3XB_L2_F6_F5,L2,20240605,B2,900,1,1,0,0,runs/experiment3_cross_site/site_b_amsterdam/E3XB_L2_F6_F5/seed20240605/B2,d16204df63da342c3b0d2ae7f8eb1d5626f06569c1c7357bc04d6b3776e21f70
B,E3XB_L2_F6_F5,L2,20240605,B4b,900,1,1,0,0,runs/experiment3_cross_site/site_b_amsterdam/E3XB_L2_F6_F5/seed20240605/B4b,d16204df63da342c3b0d2ae7f8eb1d5626f06569c1c7357bc04d6b3776e21f70
B,E3XB_L2_F6_F5,L2,20240606,B0,900,1,1,0,0,runs/experiment3_cross_site/site_b_amsterdam/E3XB_L2_F6_F5/seed20240606/B0,5c1b11b6f9fb040183b2c30ee79c6afbba12f54e06b1c8cd23f8c8b68bc6d513
B,E3XB_L2_F6_F5,L2,20240606,B1,900,1,1,0,0,runs/experiment3_cross_site/site_b_amsterdam/E3XB_L2_F6_F5/seed20240606/B1,07f3e607fe07896136509070bf4ed2f548b33554ec0f7e6c60808d236fe5769f
B,E3XB_L2_F6_F5,L2,20240606,B2,900,1,1,0,0,runs/experiment3_cross_site/site_b_amsterdam/E3XB_L2_F6_F5/seed20240606/B2,07f3e607fe07896136509070bf4ed2f548b33554ec0f7e6c60808d236fe5769f
B,E3XB_L2_F6_F5,L2,20240606,B4b,900,1,1,0,0,runs/experiment3_cross_site/site_b_amsterdam/E3XB_L2_F6_F5/seed20240606/B4b,07f3e607fe07896136509070bf4ed2f548b33554ec0f7e6c60808d236fe5769f
B,E3XB_L2_F6_F5,L2,20240607,B0,900,1,1,0,0,runs/experiment3_cross_site/site_b_amsterdam/E3XB_L2_F6_F5/seed20240607/B0,f3caf13917e616425a4729f2bf29bdda0a3102cbc3b62b20ab9ebad3f195aeb6
B,E3XB_L2_F6_F5,L2,20240607,B1,900,1,1,0,0,runs/experiment3_cross_site/site_b_amsterdam/E3XB_L2_F6_F5/seed20240607/B1,ff38a15ac30053b63c313ecc6824e5b53d0b9dfc814f1f22a7710f1cef5c2229
B,E3XB_L2_F6_F5,L2,20240607,B2,900,1,1,0,0,runs/experiment3_cross_site/site_b_amsterdam/E3XB_L2_F6_F5/seed20240607/B2,ff38a15ac30053b63c313ecc6824e5b53d0b9dfc814f1f22a7710f1cef5c2229
B,E3XB_L2_F6_F5,L2,20240607,B4b,900,1,1,0,0,runs/experiment3_cross_site/site_b_amsterdam/E3XB_L2_F6_F5/seed20240607/B4b,ff38a15ac30053b63c313ecc6824e5b53d0b9dfc814f1f22a7710f1cef5c2229
B,E3XB_L2_F6_F5,L2,20240608,B0,900,1,1,0,0,runs/experiment3_cross_site/site_b_amsterdam/E3XB_L2_F6_F5/seed20240608/B0,bcd6f64931ea707cb50b6e63219c166953f8374282f2a86fa072cf2f039fcdf0
B,E3XB_L2_F6_F5,L2,20240608,B1,900,1,1,0,0,runs/experiment3_cross_site/site_b_amsterdam/E3XB_L2_F6_F5/seed20240608/B1,780459babc2a5a73b81632593cf07817087f2f2e532657adeb0237ddecff473f
B,E3XB_L2_F6_F5,L2,20240608,B2,900,1,1,0,0,runs/experiment3_cross_site/site_b_amsterdam/E3XB_L2_F6_F5/seed20240608/B2,780459babc2a5a73b81632593cf07817087f2f2e532657adeb0237ddecff473f
B,E3XB_L2_F6_F5,L2,20240608,B4b,900,1,1,0,0,runs/experiment3_cross_site/site_b_amsterdam/E3XB_L2_F6_F5/seed20240608/B4b,780459babc2a5a73b81632593cf07817087f2f2e532657adeb0237ddecff473f
B,E3XB_L2_F6_F5,L2,20240609,B0,900,1,1,0,0,runs/experiment3_cross_site/site_b_amsterdam/E3XB_L2_F6_F5/seed20240609/B0,07b4dae9936f3071fd61a5619e644316b029a9efc0dbf1e29b1e29a113b40c63
B,E3XB_L2_F6_F5,L2,20240609,B1,900,1,1,0,0,runs/experiment3_cross_site/site_b_amsterdam/E3XB_L2_F6_F5/seed20240609/B1,630ffd98747c6bd942d4631cc1da3a1897d2cf8713016be63ed4a8e030175143
B,E3XB_L2_F6_F5,L2,20240609,B2,900,1,1,0,0,runs/experiment3_cross_site/site_b_amsterdam/E3XB_L2_F6_F5/seed20240609/B2,630ffd98747c6bd942d4631cc1da3a1897d2cf8713016be63ed4a8e030175143
B,E3XB_L2_F6_F5,L2,20240609,B4b,900,1,1,0,0,runs/experiment3_cross_site/site_b_amsterdam/E3XB_L2_F6_F5/seed20240609/B4b,630ffd98747c6bd942d4631cc1da3a1897d2cf8713016be63ed4a8e030175143
B,E3XB_L2_F6_F5,L2,20240610,B0,900,1,1,0,0,runs/experiment3_cross_site/site_b_amsterdam/E3XB_L2_F6_F5/seed20240610/B0,089c4a5f39c0d04212b75c901ff6f21002ed108b12ec0897eefe1e27058ac409
B,E3XB_L2_F6_F5,L2,20240610,B1,900,1,1,0,0,runs/experiment3_cross_site/site_b_amsterdam/E3XB_L2_F6_F5/seed20240610/B1,d1dee3b96c4fe7c03a558fc6cc3ae5d0f80892f1bedbf1528b5f218e0e2c93be
B,E3XB_L2_F6_F5,L2,20240610,B2,900,1,1,0,0,runs/experiment3_cross_site/site_b_amsterdam/E3XB_L2_F6_F5/seed20240610/B2,d1dee3b96c4fe7c03a558fc6cc3ae5d0f80892f1bedbf1528b5f218e0e2c93be
B,E3XB_L2_F6_F5,L2,20240610,B4b,900,1,1,0,0,runs/experiment3_cross_site/site_b_amsterdam/E3XB_L2_F6_F5/seed20240610/B4b,d1dee3b96c4fe7c03a558fc6cc3ae5d0f80892f1bedbf1528b5f218e0e2c93be
B,E3XB_L2_F6_F5,L2,20240611,B0,900,1,1,0,0,runs/experiment3_cross_site/site_b_amsterdam/E3XB_L2_F6_F5/seed20240611/B0,6c725a73521ab8c452cb3fab7d2635445e6fe79993b2b692d364d54832bc6bc2
B,E3XB_L2_F6_F5,L2,20240611,B1,900,1,1,0,0,runs/experiment3_cross_site/site_b_amsterdam/E3XB_L2_F6_F5/seed20240611/B1,835ad0ac6826aca5bb9575746fb7b8934fe1ffe41bcce3626e6d5fef88f6aafc
B,E3XB_L2_F6_F5,L2,20240611,B2,900,1,1,0,0,runs/experiment3_cross_site/site_b_amsterdam/E3XB_L2_F6_F5/seed20240611/B2,835ad0ac6826aca5bb9575746fb7b8934fe1ffe41bcce3626e6d5fef88f6aafc
B,E3XB_L2_F6_F5,L2,20240611,B4b,900,1,1,0,0,runs/experiment3_cross_site/site_b_amsterdam/E3XB_L2_F6_F5/seed20240611/B4b,835ad0ac6826aca5bb9575746fb7b8934fe1ffe41bcce3626e6d5fef88f6aafc
B,E3XB_L2_F6_F5,L2,20240612,B0,900,1,1,0,0,runs/experiment3_cross_site/site_b_amsterdam/E3XB_L2_F6_F5/seed20240612/B0,1b54ad937181d49a7aadfe0839968c76a81a7afd32f47e3195a1bb4a4733f032
B,E3XB_L2_F6_F5,L2,20240612,B1,900,1,1,0,0,runs/experiment3_cross_site/site_b_amsterdam/E3XB_L2_F6_F5/seed20240612/B1,01dc87392b07f972fc0dfb132b4a575bbf307deb08ef6830da2d824f7e6f4b65
B,E3XB_L2_F6_F5,L2,20240612,B2,900,1,1,0,0,runs/experiment3_cross_site/site_b_amsterdam/E3XB_L2_F6_F5/seed20240612/B2,01dc87392b07f972fc0dfb132b4a575bbf307deb08ef6830da2d824f7e6f4b65
B,E3XB_L2_F6_F5,L2,20240612,B4b,900,1,1,0,0,runs/experiment3_cross_site/site_b_amsterdam/E3XB_L2_F6_F5/seed20240612/B4b,01dc87392b07f972fc0dfb132b4a575bbf307deb08ef6830da2d824f7e6f4b65
B,E3XB_L2_F6_F5,L2,20240613,B0,900,1,1,0,0,runs/experiment3_cross_site/site_b_amsterdam/E3XB_L2_F6_F5/seed20240613/B0,f5863eb1fd4f2c089a1586257a1954295ed879f0a6e69ee6efdffb1d43dcdaad
B,E3XB_L2_F6_F5,L2,20240613,B1,900,1,1,0,0,runs/experiment3_cross_site/site_b_amsterdam/E3XB_L2_F6_F5/seed20240613/B1,d3a2d0aaf6397e48314cc018a2ad4eb009e75d71c5fd4791ffa6d34f931e79f7
B,E3XB_L2_F6_F5,L2,20240613,B2,900,1,1,0,0,runs/experiment3_cross_site/site_b_amsterdam/E3XB_L2_F6_F5/seed20240613/B2,d3a2d0aaf6397e48314cc018a2ad4eb009e75d71c5fd4791ffa6d34f931e79f7
B,E3XB_L2_F6_F5,L2,20240613,B4b,900,1,1,0,0,runs/experiment3_cross_site/site_b_amsterdam/E3XB_L2_F6_F5/seed20240613/B4b,d3a2d0aaf6397e48314cc018a2ad4eb009e75d71c5fd4791ffa6d34f931e79f7
B,E3XB_L2_F6_F5,L2,20240614,B0,900,1,1,0,0,runs/experiment3_cross_site/site_b_amsterdam/E3XB_L2_F6_F5/seed20240614/B0,f8177b0c4cfcfc377e48d62f425185495edb24e7023ced061a54e319bee50dd0
B,E3XB_L2_F6_F5,L2,20240614,B1,900,1,1,0,0,runs/experiment3_cross_site/site_b_amsterdam/E3XB_L2_F6_F5/seed20240614/B1,743477d6c7a60131998aa81094601eaadc35238dff3870a28ded75b3a592755f
B,E3XB_L2_F6_F5,L2,20240614,B2,900,1,1,0,0,runs/experiment3_cross_site/site_b_amsterdam/E3XB_L2_F6_F5/seed20240614/B2,743477d6c7a60131998aa81094601eaadc35238dff3870a28ded75b3a592755f
B,E3XB_L2_F6_F5,L2,20240614,B4b,900,1,1,0,0,runs/experiment3_cross_site/site_b_amsterdam/E3XB_L2_F6_F5/seed20240614/B4b,743477d6c7a60131998aa81094601eaadc35238dff3870a28ded75b3a592755f
B,E3XB_L2_F6_F5,L2,20240615,B0,900,1,1,0,0,runs/experiment3_cross_site/site_b_amsterdam/E3XB_L2_F6_F5/seed20240615/B0,2f3be9706264217dc35cc1b4020cead69af94201c08ee55774d939ab07abc18a
B,E3XB_L2_F6_F5,L2,20240615,B1,900,1,1,0,0,runs/experiment3_cross_site/site_b_amsterdam/E3XB_L2_F6_F5/seed20240615/B1,0a87e94fa96f59c62eaafbe122cfe8400f403ef22df9f759da59b854674ecde4
B,E3XB_L2_F6_F5,L2,20240615,B2,900,1,1,0,0,runs/experiment3_cross_site/site_b_amsterdam/E3XB_L2_F6_F5/seed20240615/B2,0a87e94fa96f59c62eaafbe122cfe8400f403ef22df9f759da59b854674ecde4
B,E3XB_L2_F6_F5,L2,20240615,B4b,900,1,1,0,0,runs/experiment3_cross_site/site_b_amsterdam/E3XB_L2_F6_F5/seed20240615/B4b,0a87e94fa96f59c62eaafbe122cfe8400f403ef22df9f759da59b854674ecde4
B,E3XB_L2_F6_F5,L2,20240616,B0,900,1,1,0,0,runs/experiment3_cross_site/site_b_amsterdam/E3XB_L2_F6_F5/seed20240616/B0,51a6d2ad84c4fdb1ae8e9ded236abc9d9bafc17387f45626dcbd0b05073ce48d
B,E3XB_L2_F6_F5,L2,20240616,B1,900,1,1,0,0,runs/experiment3_cross_site/site_b_amsterdam/E3XB_L2_F6_F5/seed20240616/B1,4e09ddb3da976b13e95d504b9433b43c4e36a90fa6f7650c524ca3201f40f733
B,E3XB_L2_F6_F5,L2,20240616,B2,900,1,1,0,0,runs/experiment3_cross_site/site_b_amsterdam/E3XB_L2_F6_F5/seed20240616/B2,4e09ddb3da976b13e95d504b9433b43c4e36a90fa6f7650c524ca3201f40f733
B,E3XB_L2_F6_F5,L2,20240616,B4b,900,1,1,0,0,runs/experiment3_cross_site/site_b_amsterdam/E3XB_L2_F6_F5/seed20240616/B4b,4e09ddb3da976b13e95d504b9433b43c4e36a90fa6f7650c524ca3201f40f733
B,E3XB_L2_F6_F5,L2,20240617,B0,900,1,1,0,0,runs/experiment3_cross_site/site_b_amsterdam/E3XB_L2_F6_F5/seed20240617/B0,36356664947397e6a8ba0a10003b2efc9162019114775beb62b8f2cdcf05c1fd
B,E3XB_L2_F6_F5,L2,20240617,B1,900,1,1,0,0,runs/experiment3_cross_site/site_b_amsterdam/E3XB_L2_F6_F5/seed20240617/B1,c077f43fff87212283ef4e39b6157a8b73d302b014234c026fadd4e154814015
B,E3XB_L2_F6_F5,L2,20240617,B2,900,1,1,0,0,runs/experiment3_cross_site/site_b_amsterdam/E3XB_L2_F6_F5/seed20240617/B2,c077f43fff87212283ef4e39b6157a8b73d302b014234c026fadd4e154814015
B,E3XB_L2_F6_F5,L2,20240617,B4b,900,1,1,0,0,runs/experiment3_cross_site/site_b_amsterdam/E3XB_L2_F6_F5/seed20240617/B4b,c077f43fff87212283ef4e39b6157a8b73d302b014234c026fadd4e154814015
B,E3XB_L2_F6_F5,L2,20240618,B0,900,1,1,0,0,runs/experiment3_cross_site/site_b_amsterdam/E3XB_L2_F6_F5/seed20240618/B0,859219a615686cd74e6d0c383bb459a61059221202baa15ab555e9bc908d48d0
B,E3XB_L2_F6_F5,L2,20240618,B1,900,1,1,0,0,runs/experiment3_cross_site/site_b_amsterdam/E3XB_L2_F6_F5/seed20240618/B1,8db65fb90bb87eb4090fcb9f35f46e1dd6328468d36d0c4b17efb84f2eed228b
B,E3XB_L2_F6_F5,L2,20240618,B2,900,1,1,0,0,runs/experiment3_cross_site/site_b_amsterdam/E3XB_L2_F6_F5/seed20240618/B2,8db65fb90bb87eb4090fcb9f35f46e1dd6328468d36d0c4b17efb84f2eed228b
B,E3XB_L2_F6_F5,L2,20240618,B4b,900,1,1,0,0,runs/experiment3_cross_site/site_b_amsterdam/E3XB_L2_F6_F5/seed20240618/B4b,8db65fb90bb87eb4090fcb9f35f46e1dd6328468d36d0c4b17efb84f2eed228b
B,E3XB_L2_F6_F5,L2,20240619,B0,900,1,1,0,0,runs/experiment3_cross_site/site_b_amsterdam/E3XB_L2_F6_F5/seed20240619/B0,9c0b19cc987d6c9b18dfb8a6573925dd755f30c0f3ce88ca8e1202e6b93e8ff9
B,E3XB_L2_F6_F5,L2,20240619,B1,900,1,1,0,0,runs/experiment3_cross_site/site_b_amsterdam/E3XB_L2_F6_F5/seed20240619/B1,108857baa49024aa763b9f24507adc1d8f655a24aa14b2b8fa8dba028b9858d7
B,E3XB_L2_F6_F5,L2,20240619,B2,900,1,1,0,0,runs/experiment3_cross_site/site_b_amsterdam/E3XB_L2_F6_F5/seed20240619/B2,108857baa49024aa763b9f24507adc1d8f655a24aa14b2b8fa8dba028b9858d7
B,E3XB_L2_F6_F5,L2,20240619,B4b,900,1,1,0,0,runs/experiment3_cross_site/site_b_amsterdam/E3XB_L2_F6_F5/seed20240619/B4b,108857baa49024aa763b9f24507adc1d8f655a24aa14b2b8fa8dba028b9858d7
B,E3XB_L2_F6_F5,L2,20240620,B0,900,1,1,0,0,runs/experiment3_cross_site/site_b_amsterdam/E3XB_L2_F6_F5/seed20240620/B0,e93166d63fcfb85415e3fb39c6e68d6512734a76c9157585f25726a73d4a5324
B,E3XB_L2_F6_F5,L2,20240620,B1,900,1,1,0,0,runs/experiment3_cross_site/site_b_amsterdam/E3XB_L2_F6_F5/seed20240620/B1,7891416b3506f7d6e9406af368a6849da63cd36e232860ea714865b9fdd695ed
B,E3XB_L2_F6_F5,L2,20240620,B2,900,1,1,0,0,runs/experiment3_cross_site/site_b_amsterdam/E3XB_L2_F6_F5/seed20240620/B2,7891416b3506f7d6e9406af368a6849da63cd36e232860ea714865b9fdd695ed
B,E3XB_L2_F6_F5,L2,20240620,B4b,900,1,1,0,0,runs/experiment3_cross_site/site_b_amsterdam/E3XB_L2_F6_F5/seed20240620/B4b,7891416b3506f7d6e9406af368a6849da63cd36e232860ea714865b9fdd695ed
B,E3XB_L3_COMP_F1,L3,20240601,B0,1200,2,2,0,0,runs/experiment3_cross_site/site_b_amsterdam/E3XB_L3_COMP_F1/seed20240601/B0,536fa0dd43b2c71794966226cc381f779676782e3f6c9d3013b4744896a0fb6a
B,E3XB_L3_COMP_F1,L3,20240601,B1,1200,2,2,0,0,runs/experiment3_cross_site/site_b_amsterdam/E3XB_L3_COMP_F1/seed20240601/B1,ace9a1e3e9a0749e3f35357d1f3c5896ed276cd3e1d1ae39ba7632b3fc869cf7
B,E3XB_L3_COMP_F1,L3,20240601,B2,1200,2,2,0,0,runs/experiment3_cross_site/site_b_amsterdam/E3XB_L3_COMP_F1/seed20240601/B2,ace9a1e3e9a0749e3f35357d1f3c5896ed276cd3e1d1ae39ba7632b3fc869cf7
B,E3XB_L3_COMP_F1,L3,20240601,B4b,1200,2,2,0,0,runs/experiment3_cross_site/site_b_amsterdam/E3XB_L3_COMP_F1/seed20240601/B4b,ace9a1e3e9a0749e3f35357d1f3c5896ed276cd3e1d1ae39ba7632b3fc869cf7
B,E3XB_L3_COMP_F1,L3,20240602,B0,1200,2,2,0,0,runs/experiment3_cross_site/site_b_amsterdam/E3XB_L3_COMP_F1/seed20240602/B0,ad719f2251b9cdcb42c276d51682baf1861cd7fa6558feceff602ccce276f563
B,E3XB_L3_COMP_F1,L3,20240602,B1,1200,2,2,0,0,runs/experiment3_cross_site/site_b_amsterdam/E3XB_L3_COMP_F1/seed20240602/B1,63ad3e553b0dd6626a5da7e8986e32e732d9525fdd9c71d20c3430a7ed6a61d0
B,E3XB_L3_COMP_F1,L3,20240602,B2,1200,2,2,0,0,runs/experiment3_cross_site/site_b_amsterdam/E3XB_L3_COMP_F1/seed20240602/B2,63ad3e553b0dd6626a5da7e8986e32e732d9525fdd9c71d20c3430a7ed6a61d0
B,E3XB_L3_COMP_F1,L3,20240602,B4b,1200,2,2,0,0,runs/experiment3_cross_site/site_b_amsterdam/E3XB_L3_COMP_F1/seed20240602/B4b,63ad3e553b0dd6626a5da7e8986e32e732d9525fdd9c71d20c3430a7ed6a61d0
B,E3XB_L3_COMP_F1,L3,20240603,B0,1200,2,2,0,0,runs/experiment3_cross_site/site_b_amsterdam/E3XB_L3_COMP_F1/seed20240603/B0,e97d092e4d3fcb132f3006fb6e40ec5664ed73e053ec49ae89340d69e3d44081
B,E3XB_L3_COMP_F1,L3,20240603,B1,1200,2,2,0,0,runs/experiment3_cross_site/site_b_amsterdam/E3XB_L3_COMP_F1/seed20240603/B1,64f6c75185a3fd0349040ea84da7562a09805a15eb651a37b5e2d91816efa8da
B,E3XB_L3_COMP_F1,L3,20240603,B2,1200,2,2,0,0,runs/experiment3_cross_site/site_b_amsterdam/E3XB_L3_COMP_F1/seed20240603/B2,64f6c75185a3fd0349040ea84da7562a09805a15eb651a37b5e2d91816efa8da
B,E3XB_L3_COMP_F1,L3,20240603,B4b,1200,2,2,0,0,runs/experiment3_cross_site/site_b_amsterdam/E3XB_L3_COMP_F1/seed20240603/B4b,64f6c75185a3fd0349040ea84da7562a09805a15eb651a37b5e2d91816efa8da
B,E3XB_L3_COMP_F1,L3,20240604,B0,1200,2,2,0,0,runs/experiment3_cross_site/site_b_amsterdam/E3XB_L3_COMP_F1/seed20240604/B0,fa9661ed8335a3aade63d21ac9514211c99aa94fdb5e1141cab8bb1baec27b20
B,E3XB_L3_COMP_F1,L3,20240604,B1,1200,2,2,0,0,runs/experiment3_cross_site/site_b_amsterdam/E3XB_L3_COMP_F1/seed20240604/B1,08005a59f669dc05d9fb7acf286e650cc71ce23799453951e60b5978e84e35df
B,E3XB_L3_COMP_F1,L3,20240604,B2,1200,2,2,0,0,runs/experiment3_cross_site/site_b_amsterdam/E3XB_L3_COMP_F1/seed20240604/B2,08005a59f669dc05d9fb7acf286e650cc71ce23799453951e60b5978e84e35df
B,E3XB_L3_COMP_F1,L3,20240604,B4b,1200,2,2,0,0,runs/experiment3_cross_site/site_b_amsterdam/E3XB_L3_COMP_F1/seed20240604/B4b,08005a59f669dc05d9fb7acf286e650cc71ce23799453951e60b5978e84e35df
B,E3XB_L3_COMP_F1,L3,20240605,B0,1200,2,2,0,0,runs/experiment3_cross_site/site_b_amsterdam/E3XB_L3_COMP_F1/seed20240605/B0,90ec21e8009bb013c62fbc2cf01840d3d8416d57657d51c71852395ee25c0240
B,E3XB_L3_COMP_F1,L3,20240605,B1,1200,2,2,0,0,runs/experiment3_cross_site/site_b_amsterdam/E3XB_L3_COMP_F1/seed20240605/B1,c893d0cc9b5afb5342780df38863b878d3938d98ccb6ec5a5cd10473e0f21f30
B,E3XB_L3_COMP_F1,L3,20240605,B2,1200,2,2,0,0,runs/experiment3_cross_site/site_b_amsterdam/E3XB_L3_COMP_F1/seed20240605/B2,c893d0cc9b5afb5342780df38863b878d3938d98ccb6ec5a5cd10473e0f21f30
B,E3XB_L3_COMP_F1,L3,20240605,B4b,1200,2,2,0,0,runs/experiment3_cross_site/site_b_amsterdam/E3XB_L3_COMP_F1/seed20240605/B4b,c893d0cc9b5afb5342780df38863b878d3938d98ccb6ec5a5cd10473e0f21f30
B,E3XB_L3_COMP_F1,L3,20240606,B0,1200,2,2,0,0,runs/experiment3_cross_site/site_b_amsterdam/E3XB_L3_COMP_F1/seed20240606/B0,d286115192b000ec8fb66455ba3439ab54a5904a7564e6d609508a395adc2942
B,E3XB_L3_COMP_F1,L3,20240606,B1,1200,2,2,0,0,runs/experiment3_cross_site/site_b_amsterdam/E3XB_L3_COMP_F1/seed20240606/B1,47ad75def4b5bf7b0704952dcffbba81656e1db61818ad0d37bb1b23c8030d87
B,E3XB_L3_COMP_F1,L3,20240606,B2,1200,2,2,0,0,runs/experiment3_cross_site/site_b_amsterdam/E3XB_L3_COMP_F1/seed20240606/B2,47ad75def4b5bf7b0704952dcffbba81656e1db61818ad0d37bb1b23c8030d87
B,E3XB_L3_COMP_F1,L3,20240606,B4b,1200,2,2,0,0,runs/experiment3_cross_site/site_b_amsterdam/E3XB_L3_COMP_F1/seed20240606/B4b,47ad75def4b5bf7b0704952dcffbba81656e1db61818ad0d37bb1b23c8030d87
B,E3XB_L3_COMP_F1,L3,20240607,B0,1200,2,2,0,0,runs/experiment3_cross_site/site_b_amsterdam/E3XB_L3_COMP_F1/seed20240607/B0,242afe10d6711cff82212131c1e989f4d7e539e85319c17ac98ed1effa8ca6ca
B,E3XB_L3_COMP_F1,L3,20240607,B1,1200,2,2,0,0,runs/experiment3_cross_site/site_b_amsterdam/E3XB_L3_COMP_F1/seed20240607/B1,9bc43bd15857c12516b47dd6d41802be494830c65c481c528a327d5c855502b5
B,E3XB_L3_COMP_F1,L3,20240607,B2,1200,2,2,0,0,runs/experiment3_cross_site/site_b_amsterdam/E3XB_L3_COMP_F1/seed20240607/B2,9bc43bd15857c12516b47dd6d41802be494830c65c481c528a327d5c855502b5
B,E3XB_L3_COMP_F1,L3,20240607,B4b,1200,2,2,0,0,runs/experiment3_cross_site/site_b_amsterdam/E3XB_L3_COMP_F1/seed20240607/B4b,9bc43bd15857c12516b47dd6d41802be494830c65c481c528a327d5c855502b5
B,E3XB_L3_COMP_F1,L3,20240608,B0,1200,2,2,0,0,runs/experiment3_cross_site/site_b_amsterdam/E3XB_L3_COMP_F1/seed20240608/B0,0e53c3e5e259b22ffeabbe1d5c9dec4a66910b65278e8c49fb60994afccd18db
B,E3XB_L3_COMP_F1,L3,20240608,B1,1200,2,2,0,0,runs/experiment3_cross_site/site_b_amsterdam/E3XB_L3_COMP_F1/seed20240608/B1,3d2666b6197d1fbae68dfa1c534e3d6cd247cb170f2e2a3b54a986d699aae61e
B,E3XB_L3_COMP_F1,L3,20240608,B2,1200,2,2,0,0,runs/experiment3_cross_site/site_b_amsterdam/E3XB_L3_COMP_F1/seed20240608/B2,3d2666b6197d1fbae68dfa1c534e3d6cd247cb170f2e2a3b54a986d699aae61e
B,E3XB_L3_COMP_F1,L3,20240608,B4b,1200,2,2,0,0,runs/experiment3_cross_site/site_b_amsterdam/E3XB_L3_COMP_F1/seed20240608/B4b,3d2666b6197d1fbae68dfa1c534e3d6cd247cb170f2e2a3b54a986d699aae61e
B,E3XB_L3_COMP_F1,L3,20240609,B0,1200,2,2,0,0,runs/experiment3_cross_site/site_b_amsterdam/E3XB_L3_COMP_F1/seed20240609/B0,3f27729aecc60c0df955ffaa63d793da8a1152bafbd596999182821cd305feac
B,E3XB_L3_COMP_F1,L3,20240609,B1,1200,2,2,0,0,runs/experiment3_cross_site/site_b_amsterdam/E3XB_L3_COMP_F1/seed20240609/B1,6c5cc89d687f9e1e77ecc13753a50fa9315ccd3fdbf4ffc7487693db854d5e65
B,E3XB_L3_COMP_F1,L3,20240609,B2,1200,2,2,0,0,runs/experiment3_cross_site/site_b_amsterdam/E3XB_L3_COMP_F1/seed20240609/B2,6c5cc89d687f9e1e77ecc13753a50fa9315ccd3fdbf4ffc7487693db854d5e65
B,E3XB_L3_COMP_F1,L3,20240609,B4b,1200,2,2,0,0,runs/experiment3_cross_site/site_b_amsterdam/E3XB_L3_COMP_F1/seed20240609/B4b,6c5cc89d687f9e1e77ecc13753a50fa9315ccd3fdbf4ffc7487693db854d5e65
B,E3XB_L3_COMP_F1,L3,20240610,B0,1200,2,2,0,0,runs/experiment3_cross_site/site_b_amsterdam/E3XB_L3_COMP_F1/seed20240610/B0,dbc9285237c1128c6c22e2f3c84595f7a5b4faf4a53c5ec7db5d040d82311165
B,E3XB_L3_COMP_F1,L3,20240610,B1,1200,2,2,0,0,runs/experiment3_cross_site/site_b_amsterdam/E3XB_L3_COMP_F1/seed20240610/B1,c0cba860da227dac969c90bc651469e21cefde1f00b8413d1c2e2b7023e4a094
B,E3XB_L3_COMP_F1,L3,20240610,B2,1200,2,2,0,0,runs/experiment3_cross_site/site_b_amsterdam/E3XB_L3_COMP_F1/seed20240610/B2,c0cba860da227dac969c90bc651469e21cefde1f00b8413d1c2e2b7023e4a094
B,E3XB_L3_COMP_F1,L3,20240610,B4b,1200,2,2,0,0,runs/experiment3_cross_site/site_b_amsterdam/E3XB_L3_COMP_F1/seed20240610/B4b,c0cba860da227dac969c90bc651469e21cefde1f00b8413d1c2e2b7023e4a094
B,E3XB_L3_COMP_F1,L3,20240611,B0,1200,2,2,0,0,runs/experiment3_cross_site/site_b_amsterdam/E3XB_L3_COMP_F1/seed20240611/B0,87a815f55f306c5311e23332db341f501ab3a7b356722611f0a8c88b64e6e22d
B,E3XB_L3_COMP_F1,L3,20240611,B1,1200,2,2,0,0,runs/experiment3_cross_site/site_b_amsterdam/E3XB_L3_COMP_F1/seed20240611/B1,09a63f6f0166ece801db3ebca2de666d960f9a033dda83afecf091eb55bae55a
B,E3XB_L3_COMP_F1,L3,20240611,B2,1200,2,2,0,0,runs/experiment3_cross_site/site_b_amsterdam/E3XB_L3_COMP_F1/seed20240611/B2,09a63f6f0166ece801db3ebca2de666d960f9a033dda83afecf091eb55bae55a
B,E3XB_L3_COMP_F1,L3,20240611,B4b,1200,2,2,0,0,runs/experiment3_cross_site/site_b_amsterdam/E3XB_L3_COMP_F1/seed20240611/B4b,09a63f6f0166ece801db3ebca2de666d960f9a033dda83afecf091eb55bae55a
B,E3XB_L3_COMP_F1,L3,20240612,B0,1200,2,2,0,0,runs/experiment3_cross_site/site_b_amsterdam/E3XB_L3_COMP_F1/seed20240612/B0,714f6616f69a4bfe524f9faa85e2d5a068be45c9d4bd3dd6a885f6d7bbe0521d
B,E3XB_L3_COMP_F1,L3,20240612,B1,1200,2,2,0,0,runs/experiment3_cross_site/site_b_amsterdam/E3XB_L3_COMP_F1/seed20240612/B1,8f04ceffe1f23de85c7ca052592f7984af3015d9b8b88960efb890bee4cd80e8
B,E3XB_L3_COMP_F1,L3,20240612,B2,1200,2,2,0,0,runs/experiment3_cross_site/site_b_amsterdam/E3XB_L3_COMP_F1/seed20240612/B2,8f04ceffe1f23de85c7ca052592f7984af3015d9b8b88960efb890bee4cd80e8
B,E3XB_L3_COMP_F1,L3,20240612,B4b,1200,2,2,0,0,runs/experiment3_cross_site/site_b_amsterdam/E3XB_L3_COMP_F1/seed20240612/B4b,8f04ceffe1f23de85c7ca052592f7984af3015d9b8b88960efb890bee4cd80e8
B,E3XB_L3_COMP_F1,L3,20240613,B0,1200,2,2,0,0,runs/experiment3_cross_site/site_b_amsterdam/E3XB_L3_COMP_F1/seed20240613/B0,d24e7e7e21a5f9e7298e732620cc3517ce86a854121b713a8d195cb95dc57e6f
B,E3XB_L3_COMP_F1,L3,20240613,B1,1200,2,2,0,0,runs/experiment3_cross_site/site_b_amsterdam/E3XB_L3_COMP_F1/seed20240613/B1,5f1b2e37e67c0170ef51a5bb1ec6449286ddb669b63e4bfbd526fa79dcb7d6ff
B,E3XB_L3_COMP_F1,L3,20240613,B2,1200,2,2,0,0,runs/experiment3_cross_site/site_b_amsterdam/E3XB_L3_COMP_F1/seed20240613/B2,5f1b2e37e67c0170ef51a5bb1ec6449286ddb669b63e4bfbd526fa79dcb7d6ff
B,E3XB_L3_COMP_F1,L3,20240613,B4b,1200,2,2,0,0,runs/experiment3_cross_site/site_b_amsterdam/E3XB_L3_COMP_F1/seed20240613/B4b,5f1b2e37e67c0170ef51a5bb1ec6449286ddb669b63e4bfbd526fa79dcb7d6ff
B,E3XB_L3_COMP_F1,L3,20240614,B0,1200,2,2,0,0,runs/experiment3_cross_site/site_b_amsterdam/E3XB_L3_COMP_F1/seed20240614/B0,1003774720180185b9b364694c9b224c75d4a2aaaca01e50718ff16d20dc4e24
B,E3XB_L3_COMP_F1,L3,20240614,B1,1200,2,2,0,0,runs/experiment3_cross_site/site_b_amsterdam/E3XB_L3_COMP_F1/seed20240614/B1,57b185fba51b8f6a0c34fc7b2eb2de73ca24dd78c407f5c90a57fcff8a34deb5
B,E3XB_L3_COMP_F1,L3,20240614,B2,1200,2,2,0,0,runs/experiment3_cross_site/site_b_amsterdam/E3XB_L3_COMP_F1/seed20240614/B2,57b185fba51b8f6a0c34fc7b2eb2de73ca24dd78c407f5c90a57fcff8a34deb5
B,E3XB_L3_COMP_F1,L3,20240614,B4b,1200,2,2,0,0,runs/experiment3_cross_site/site_b_amsterdam/E3XB_L3_COMP_F1/seed20240614/B4b,57b185fba51b8f6a0c34fc7b2eb2de73ca24dd78c407f5c90a57fcff8a34deb5
B,E3XB_L3_COMP_F1,L3,20240615,B0,1200,2,2,0,0,runs/experiment3_cross_site/site_b_amsterdam/E3XB_L3_COMP_F1/seed20240615/B0,ceb5140b01af92542dfb567b6e41a8efe25ec6d9480cf394d1f6e59e373de3d3
B,E3XB_L3_COMP_F1,L3,20240615,B1,1200,2,2,0,0,runs/experiment3_cross_site/site_b_amsterdam/E3XB_L3_COMP_F1/seed20240615/B1,459bf028abe49ebee48cd34258c27903cabdf7736b68702adb82e7d4b3287b9c
B,E3XB_L3_COMP_F1,L3,20240615,B2,1200,2,2,0,0,runs/experiment3_cross_site/site_b_amsterdam/E3XB_L3_COMP_F1/seed20240615/B2,459bf028abe49ebee48cd34258c27903cabdf7736b68702adb82e7d4b3287b9c
B,E3XB_L3_COMP_F1,L3,20240615,B4b,1200,2,2,0,0,runs/experiment3_cross_site/site_b_amsterdam/E3XB_L3_COMP_F1/seed20240615/B4b,459bf028abe49ebee48cd34258c27903cabdf7736b68702adb82e7d4b3287b9c
B,E3XB_L3_COMP_F1,L3,20240616,B0,1200,2,2,0,0,runs/experiment3_cross_site/site_b_amsterdam/E3XB_L3_COMP_F1/seed20240616/B0,4e56d065953670d4fb96d50ef8c0c30eaf6778d41757423eddc7da26c3d9cf8a
B,E3XB_L3_COMP_F1,L3,20240616,B1,1200,2,2,0,0,runs/experiment3_cross_site/site_b_amsterdam/E3XB_L3_COMP_F1/seed20240616/B1,6382c7b857ff24b4496f16a60ed56661ec3a571b0a53a7e21c29c856de66d2ae
B,E3XB_L3_COMP_F1,L3,20240616,B2,1200,2,2,0,0,runs/experiment3_cross_site/site_b_amsterdam/E3XB_L3_COMP_F1/seed20240616/B2,6382c7b857ff24b4496f16a60ed56661ec3a571b0a53a7e21c29c856de66d2ae
B,E3XB_L3_COMP_F1,L3,20240616,B4b,1200,2,2,0,0,runs/experiment3_cross_site/site_b_amsterdam/E3XB_L3_COMP_F1/seed20240616/B4b,6382c7b857ff24b4496f16a60ed56661ec3a571b0a53a7e21c29c856de66d2ae
B,E3XB_L3_COMP_F1,L3,20240617,B0,1200,2,2,0,0,runs/experiment3_cross_site/site_b_amsterdam/E3XB_L3_COMP_F1/seed20240617/B0,6cba48fee874e1e008ece5319d060f2490b99db05254fbbb514a7c398d63321f
B,E3XB_L3_COMP_F1,L3,20240617,B1,1200,2,2,0,0,runs/experiment3_cross_site/site_b_amsterdam/E3XB_L3_COMP_F1/seed20240617/B1,b53d85124681981e33e004b30b3712b78a141015ff57c56b85e03cbf1e77e534
B,E3XB_L3_COMP_F1,L3,20240617,B2,1200,2,2,0,0,runs/experiment3_cross_site/site_b_amsterdam/E3XB_L3_COMP_F1/seed20240617/B2,b53d85124681981e33e004b30b3712b78a141015ff57c56b85e03cbf1e77e534
B,E3XB_L3_COMP_F1,L3,20240617,B4b,1200,2,2,0,0,runs/experiment3_cross_site/site_b_amsterdam/E3XB_L3_COMP_F1/seed20240617/B4b,b53d85124681981e33e004b30b3712b78a141015ff57c56b85e03cbf1e77e534
B,E3XB_L3_COMP_F1,L3,20240618,B0,1200,2,2,0,0,runs/experiment3_cross_site/site_b_amsterdam/E3XB_L3_COMP_F1/seed20240618/B0,775dcc116d9b3d4007b45322b66883a48f0dfc14c299d269068aefabc454dba9
B,E3XB_L3_COMP_F1,L3,20240618,B1,1200,2,2,0,0,runs/experiment3_cross_site/site_b_amsterdam/E3XB_L3_COMP_F1/seed20240618/B1,30a2f874448408b9b980007fa76a2cc9854e1414e72c596e4553e7ed98881e4b
B,E3XB_L3_COMP_F1,L3,20240618,B2,1200,2,2,0,0,runs/experiment3_cross_site/site_b_amsterdam/E3XB_L3_COMP_F1/seed20240618/B2,30a2f874448408b9b980007fa76a2cc9854e1414e72c596e4553e7ed98881e4b
B,E3XB_L3_COMP_F1,L3,20240618,B4b,1200,2,2,0,0,runs/experiment3_cross_site/site_b_amsterdam/E3XB_L3_COMP_F1/seed20240618/B4b,30a2f874448408b9b980007fa76a2cc9854e1414e72c596e4553e7ed98881e4b
B,E3XB_L3_COMP_F1,L3,20240619,B0,1200,2,2,0,0,runs/experiment3_cross_site/site_b_amsterdam/E3XB_L3_COMP_F1/seed20240619/B0,bd0ff6103026ab1bba391b7648d711b82ae0bf8cc59f852b9f0255457086ae23
B,E3XB_L3_COMP_F1,L3,20240619,B1,1200,2,2,0,0,runs/experiment3_cross_site/site_b_amsterdam/E3XB_L3_COMP_F1/seed20240619/B1,ead516800f2691e63e7f717f11c59a06e8b4fcc9575c34b15c06baedc556a941
B,E3XB_L3_COMP_F1,L3,20240619,B2,1200,2,2,0,0,runs/experiment3_cross_site/site_b_amsterdam/E3XB_L3_COMP_F1/seed20240619/B2,ead516800f2691e63e7f717f11c59a06e8b4fcc9575c34b15c06baedc556a941
B,E3XB_L3_COMP_F1,L3,20240619,B4b,1200,2,2,0,0,runs/experiment3_cross_site/site_b_amsterdam/E3XB_L3_COMP_F1/seed20240619/B4b,ead516800f2691e63e7f717f11c59a06e8b4fcc9575c34b15c06baedc556a941
B,E3XB_L3_COMP_F1,L3,20240620,B0,1200,2,2,0,0,runs/experiment3_cross_site/site_b_amsterdam/E3XB_L3_COMP_F1/seed20240620/B0,b1f8615ee455f8130bc2cf535cb5f007a7a668bbb8b05d6d121a93a190bccb00
B,E3XB_L3_COMP_F1,L3,20240620,B1,1200,2,2,0,0,runs/experiment3_cross_site/site_b_amsterdam/E3XB_L3_COMP_F1/seed20240620/B1,15d665587eb70f6dfcf0196f09bce4aabf54e91d130167f73b160479b49b8c1c
B,E3XB_L3_COMP_F1,L3,20240620,B2,1200,2,2,0,0,runs/experiment3_cross_site/site_b_amsterdam/E3XB_L3_COMP_F1/seed20240620/B2,15d665587eb70f6dfcf0196f09bce4aabf54e91d130167f73b160479b49b8c1c
B,E3XB_L3_COMP_F1,L3,20240620,B4b,1200,2,2,0,0,runs/experiment3_cross_site/site_b_amsterdam/E3XB_L3_COMP_F1/seed20240620/B4b,15d665587eb70f6dfcf0196f09bce4aabf54e91d130167f73b160479b49b8c1c
B,E3XB_L3_COMP_F2,L3,20240601,B0,1200,2,2,0,0,runs/experiment3_cross_site/site_b_amsterdam/E3XB_L3_COMP_F2/seed20240601/B0,63b72d552d771cb9d7a409477be93c3ef509e43f59cd7d6ae9e163be61c5a204
B,E3XB_L3_COMP_F2,L3,20240601,B1,1200,2,2,0,0,runs/experiment3_cross_site/site_b_amsterdam/E3XB_L3_COMP_F2/seed20240601/B1,66e62de8a302869cfed59219180b66cb4494c50cbeb626a0631b6c6e2eb91e01
B,E3XB_L3_COMP_F2,L3,20240601,B2,1200,2,2,0,0,runs/experiment3_cross_site/site_b_amsterdam/E3XB_L3_COMP_F2/seed20240601/B2,66e62de8a302869cfed59219180b66cb4494c50cbeb626a0631b6c6e2eb91e01
B,E3XB_L3_COMP_F2,L3,20240601,B4b,1200,2,2,0,0,runs/experiment3_cross_site/site_b_amsterdam/E3XB_L3_COMP_F2/seed20240601/B4b,66e62de8a302869cfed59219180b66cb4494c50cbeb626a0631b6c6e2eb91e01
B,E3XB_L3_COMP_F2,L3,20240602,B0,1200,2,2,0,0,runs/experiment3_cross_site/site_b_amsterdam/E3XB_L3_COMP_F2/seed20240602/B0,dd53a091fec28872eb9c45ed0df83d67385c969661de2dafaecc79feac27b582
B,E3XB_L3_COMP_F2,L3,20240602,B1,1200,2,2,0,0,runs/experiment3_cross_site/site_b_amsterdam/E3XB_L3_COMP_F2/seed20240602/B1,1768876b52be422b866d1b4fa3bdb20b69bea04a9e8f4e1ee07d8213dc7d5cf2
B,E3XB_L3_COMP_F2,L3,20240602,B2,1200,2,2,0,0,runs/experiment3_cross_site/site_b_amsterdam/E3XB_L3_COMP_F2/seed20240602/B2,1768876b52be422b866d1b4fa3bdb20b69bea04a9e8f4e1ee07d8213dc7d5cf2
B,E3XB_L3_COMP_F2,L3,20240602,B4b,1200,2,2,0,0,runs/experiment3_cross_site/site_b_amsterdam/E3XB_L3_COMP_F2/seed20240602/B4b,1768876b52be422b866d1b4fa3bdb20b69bea04a9e8f4e1ee07d8213dc7d5cf2
B,E3XB_L3_COMP_F2,L3,20240603,B0,1200,2,2,0,0,runs/experiment3_cross_site/site_b_amsterdam/E3XB_L3_COMP_F2/seed20240603/B0,d6c6d18b5b5b6263ae0539181d95de753cf1652eba5c1fe070e122ec0bb572ca
B,E3XB_L3_COMP_F2,L3,20240603,B1,1200,2,2,0,0,runs/experiment3_cross_site/site_b_amsterdam/E3XB_L3_COMP_F2/seed20240603/B1,4d9d50157c3e608dd0addb1c9124443e7ff6566fecb666d3b84e60670dd42d0c
B,E3XB_L3_COMP_F2,L3,20240603,B2,1200,2,2,0,0,runs/experiment3_cross_site/site_b_amsterdam/E3XB_L3_COMP_F2/seed20240603/B2,4d9d50157c3e608dd0addb1c9124443e7ff6566fecb666d3b84e60670dd42d0c
B,E3XB_L3_COMP_F2,L3,20240603,B4b,1200,2,2,0,0,runs/experiment3_cross_site/site_b_amsterdam/E3XB_L3_COMP_F2/seed20240603/B4b,4d9d50157c3e608dd0addb1c9124443e7ff6566fecb666d3b84e60670dd42d0c
B,E3XB_L3_COMP_F2,L3,20240604,B0,1200,2,2,0,0,runs/experiment3_cross_site/site_b_amsterdam/E3XB_L3_COMP_F2/seed20240604/B0,b5a5e655c52d5a3f9f66d992f3f9a6326b65532c4adb704448564510b1b5514a
B,E3XB_L3_COMP_F2,L3,20240604,B1,1200,2,2,0,0,runs/experiment3_cross_site/site_b_amsterdam/E3XB_L3_COMP_F2/seed20240604/B1,b92e58c2e9979661d2d097c0269423a97c1d63bf9354b7bdc80988e3efffd8dd
B,E3XB_L3_COMP_F2,L3,20240604,B2,1200,2,2,0,0,runs/experiment3_cross_site/site_b_amsterdam/E3XB_L3_COMP_F2/seed20240604/B2,b92e58c2e9979661d2d097c0269423a97c1d63bf9354b7bdc80988e3efffd8dd
B,E3XB_L3_COMP_F2,L3,20240604,B4b,1200,2,2,0,0,runs/experiment3_cross_site/site_b_amsterdam/E3XB_L3_COMP_F2/seed20240604/B4b,b92e58c2e9979661d2d097c0269423a97c1d63bf9354b7bdc80988e3efffd8dd
B,E3XB_L3_COMP_F2,L3,20240605,B0,1200,2,2,0,0,runs/experiment3_cross_site/site_b_amsterdam/E3XB_L3_COMP_F2/seed20240605/B0,7121aec5d65969964786290fdf034ffffbbb134da690960ba59fbbde68064e14
B,E3XB_L3_COMP_F2,L3,20240605,B1,1200,2,2,0,0,runs/experiment3_cross_site/site_b_amsterdam/E3XB_L3_COMP_F2/seed20240605/B1,bb3dfd4b93999bac24ee51632f916d13e335ff4c1c4621e57e15b9dc18d9ddb1
B,E3XB_L3_COMP_F2,L3,20240605,B2,1200,2,2,0,0,runs/experiment3_cross_site/site_b_amsterdam/E3XB_L3_COMP_F2/seed20240605/B2,bb3dfd4b93999bac24ee51632f916d13e335ff4c1c4621e57e15b9dc18d9ddb1
B,E3XB_L3_COMP_F2,L3,20240605,B4b,1200,2,2,0,0,runs/experiment3_cross_site/site_b_amsterdam/E3XB_L3_COMP_F2/seed20240605/B4b,bb3dfd4b93999bac24ee51632f916d13e335ff4c1c4621e57e15b9dc18d9ddb1
B,E3XB_L3_COMP_F2,L3,20240606,B0,1200,2,2,0,0,runs/experiment3_cross_site/site_b_amsterdam/E3XB_L3_COMP_F2/seed20240606/B0,145f03f1837fc81a399b9a8a0b70e2acd4e4c8444f67139a70a109750326e6d3
B,E3XB_L3_COMP_F2,L3,20240606,B1,1200,2,2,0,0,runs/experiment3_cross_site/site_b_amsterdam/E3XB_L3_COMP_F2/seed20240606/B1,134c83b76692bf83a89294115efc5209bd446c5991ba8598a7a29f77370234f8
B,E3XB_L3_COMP_F2,L3,20240606,B2,1200,2,2,0,0,runs/experiment3_cross_site/site_b_amsterdam/E3XB_L3_COMP_F2/seed20240606/B2,134c83b76692bf83a89294115efc5209bd446c5991ba8598a7a29f77370234f8
B,E3XB_L3_COMP_F2,L3,20240606,B4b,1200,2,2,0,0,runs/experiment3_cross_site/site_b_amsterdam/E3XB_L3_COMP_F2/seed20240606/B4b,134c83b76692bf83a89294115efc5209bd446c5991ba8598a7a29f77370234f8
B,E3XB_L3_COMP_F2,L3,20240607,B0,1200,2,2,0,0,runs/experiment3_cross_site/site_b_amsterdam/E3XB_L3_COMP_F2/seed20240607/B0,37fbef35997a02bd05f7819432afd11526580d2c745851e49e4f9fbe9d78d7e6
B,E3XB_L3_COMP_F2,L3,20240607,B1,1200,2,2,0,0,runs/experiment3_cross_site/site_b_amsterdam/E3XB_L3_COMP_F2/seed20240607/B1,1637fdd5d5d9aef2d38f906d3596f88e414ecdfbefeed3c2fda3f3d7850a9e5f
B,E3XB_L3_COMP_F2,L3,20240607,B2,1200,2,2,0,0,runs/experiment3_cross_site/site_b_amsterdam/E3XB_L3_COMP_F2/seed20240607/B2,1637fdd5d5d9aef2d38f906d3596f88e414ecdfbefeed3c2fda3f3d7850a9e5f
B,E3XB_L3_COMP_F2,L3,20240607,B4b,1200,2,2,0,0,runs/experiment3_cross_site/site_b_amsterdam/E3XB_L3_COMP_F2/seed20240607/B4b,1637fdd5d5d9aef2d38f906d3596f88e414ecdfbefeed3c2fda3f3d7850a9e5f
B,E3XB_L3_COMP_F2,L3,20240608,B0,1200,2,2,0,0,runs/experiment3_cross_site/site_b_amsterdam/E3XB_L3_COMP_F2/seed20240608/B0,98d6b962256417c281d62fb50097075acf78c216272616a6cd06a7ec99095420
B,E3XB_L3_COMP_F2,L3,20240608,B1,1200,2,2,0,0,runs/experiment3_cross_site/site_b_amsterdam/E3XB_L3_COMP_F2/seed20240608/B1,6a94bdd8072bc523b4fcec23ad17b76e70999874a8e2c1481023424bcfc0dbe3
B,E3XB_L3_COMP_F2,L3,20240608,B2,1200,2,2,0,0,runs/experiment3_cross_site/site_b_amsterdam/E3XB_L3_COMP_F2/seed20240608/B2,6a94bdd8072bc523b4fcec23ad17b76e70999874a8e2c1481023424bcfc0dbe3
B,E3XB_L3_COMP_F2,L3,20240608,B4b,1200,2,2,0,0,runs/experiment3_cross_site/site_b_amsterdam/E3XB_L3_COMP_F2/seed20240608/B4b,6a94bdd8072bc523b4fcec23ad17b76e70999874a8e2c1481023424bcfc0dbe3
B,E3XB_L3_COMP_F2,L3,20240609,B0,1200,2,2,0,0,runs/experiment3_cross_site/site_b_amsterdam/E3XB_L3_COMP_F2/seed20240609/B0,ab7b13b2b47162c4268fefd8d148700038059d5a30f3a6fab3acd0ab79da7834
B,E3XB_L3_COMP_F2,L3,20240609,B1,1200,2,2,0,0,runs/experiment3_cross_site/site_b_amsterdam/E3XB_L3_COMP_F2/seed20240609/B1,4dd11fdc123599f9b4172106cfb06f2979eabd19aeb580c71b403a3448a8a99d
B,E3XB_L3_COMP_F2,L3,20240609,B2,1200,2,2,0,0,runs/experiment3_cross_site/site_b_amsterdam/E3XB_L3_COMP_F2/seed20240609/B2,4dd11fdc123599f9b4172106cfb06f2979eabd19aeb580c71b403a3448a8a99d
B,E3XB_L3_COMP_F2,L3,20240609,B4b,1200,2,2,0,0,runs/experiment3_cross_site/site_b_amsterdam/E3XB_L3_COMP_F2/seed20240609/B4b,4dd11fdc123599f9b4172106cfb06f2979eabd19aeb580c71b403a3448a8a99d
B,E3XB_L3_COMP_F2,L3,20240610,B0,1200,2,2,0,0,runs/experiment3_cross_site/site_b_amsterdam/E3XB_L3_COMP_F2/seed20240610/B0,76f2e033e32c5cfec4530d4354232173e2ea8c5e17bad9f7149aa3fc5b58be42
B,E3XB_L3_COMP_F2,L3,20240610,B1,1200,2,2,0,0,runs/experiment3_cross_site/site_b_amsterdam/E3XB_L3_COMP_F2/seed20240610/B1,0226e591190168f45088bbd3fb0e9af734f4e9892442f2c4cfaba4d9b3fe9478
B,E3XB_L3_COMP_F2,L3,20240610,B2,1200,2,2,0,0,runs/experiment3_cross_site/site_b_amsterdam/E3XB_L3_COMP_F2/seed20240610/B2,0226e591190168f45088bbd3fb0e9af734f4e9892442f2c4cfaba4d9b3fe9478
B,E3XB_L3_COMP_F2,L3,20240610,B4b,1200,2,2,0,0,runs/experiment3_cross_site/site_b_amsterdam/E3XB_L3_COMP_F2/seed20240610/B4b,0226e591190168f45088bbd3fb0e9af734f4e9892442f2c4cfaba4d9b3fe9478
B,E3XB_L3_COMP_F2,L3,20240611,B0,1200,2,2,0,0,runs/experiment3_cross_site/site_b_amsterdam/E3XB_L3_COMP_F2/seed20240611/B0,8b8b895f5b635deb4e4341d78a00b536ebd0f6b0e57acdbdf0760ffdec59c0b5
B,E3XB_L3_COMP_F2,L3,20240611,B1,1200,2,2,0,0,runs/experiment3_cross_site/site_b_amsterdam/E3XB_L3_COMP_F2/seed20240611/B1,f2b866dfb6ac7d29bfdca2060ab2a978a77fbc532847c30399496d5337d04617
B,E3XB_L3_COMP_F2,L3,20240611,B2,1200,2,2,0,0,runs/experiment3_cross_site/site_b_amsterdam/E3XB_L3_COMP_F2/seed20240611/B2,f2b866dfb6ac7d29bfdca2060ab2a978a77fbc532847c30399496d5337d04617
B,E3XB_L3_COMP_F2,L3,20240611,B4b,1200,2,2,0,0,runs/experiment3_cross_site/site_b_amsterdam/E3XB_L3_COMP_F2/seed20240611/B4b,f2b866dfb6ac7d29bfdca2060ab2a978a77fbc532847c30399496d5337d04617
B,E3XB_L3_COMP_F2,L3,20240612,B0,1200,2,2,0,0,runs/experiment3_cross_site/site_b_amsterdam/E3XB_L3_COMP_F2/seed20240612/B0,5eafa1ecc58c934f9cecd53d69bef6f7fc62a2be1a9c4055befcaeef1e2a284d
B,E3XB_L3_COMP_F2,L3,20240612,B1,1200,2,2,0,0,runs/experiment3_cross_site/site_b_amsterdam/E3XB_L3_COMP_F2/seed20240612/B1,b03f37612f9988ad2e5f2dc9e03a7e85efbfda6caaa844ed05c5530f3a4ce01f
B,E3XB_L3_COMP_F2,L3,20240612,B2,1200,2,2,0,0,runs/experiment3_cross_site/site_b_amsterdam/E3XB_L3_COMP_F2/seed20240612/B2,b03f37612f9988ad2e5f2dc9e03a7e85efbfda6caaa844ed05c5530f3a4ce01f
B,E3XB_L3_COMP_F2,L3,20240612,B4b,1200,2,2,0,0,runs/experiment3_cross_site/site_b_amsterdam/E3XB_L3_COMP_F2/seed20240612/B4b,b03f37612f9988ad2e5f2dc9e03a7e85efbfda6caaa844ed05c5530f3a4ce01f
B,E3XB_L3_COMP_F2,L3,20240613,B0,1200,2,2,0,0,runs/experiment3_cross_site/site_b_amsterdam/E3XB_L3_COMP_F2/seed20240613/B0,1dc7604a63435888c23bf7dd4872f4178e291200c559860c9ef23014a1c740e7
B,E3XB_L3_COMP_F2,L3,20240613,B1,1200,2,2,0,0,runs/experiment3_cross_site/site_b_amsterdam/E3XB_L3_COMP_F2/seed20240613/B1,00f729e0a0e439bb53f914e8fd1d9c5388e934dd839b7f9ba8e97421cd06204a
B,E3XB_L3_COMP_F2,L3,20240613,B2,1200,2,2,0,0,runs/experiment3_cross_site/site_b_amsterdam/E3XB_L3_COMP_F2/seed20240613/B2,00f729e0a0e439bb53f914e8fd1d9c5388e934dd839b7f9ba8e97421cd06204a
B,E3XB_L3_COMP_F2,L3,20240613,B4b,1200,2,2,0,0,runs/experiment3_cross_site/site_b_amsterdam/E3XB_L3_COMP_F2/seed20240613/B4b,00f729e0a0e439bb53f914e8fd1d9c5388e934dd839b7f9ba8e97421cd06204a
B,E3XB_L3_COMP_F2,L3,20240614,B0,1200,2,2,0,0,runs/experiment3_cross_site/site_b_amsterdam/E3XB_L3_COMP_F2/seed20240614/B0,b9a99e83bc0fce7faf452df255cf4ea643c6301f814d7ecbe84564d28514f4a6
B,E3XB_L3_COMP_F2,L3,20240614,B1,1200,2,2,0,0,runs/experiment3_cross_site/site_b_amsterdam/E3XB_L3_COMP_F2/seed20240614/B1,10806947b393bbb988baa926ce5cf9100377b16b2d0495b692f777ea0a0d6fa5
B,E3XB_L3_COMP_F2,L3,20240614,B2,1200,2,2,0,0,runs/experiment3_cross_site/site_b_amsterdam/E3XB_L3_COMP_F2/seed20240614/B2,10806947b393bbb988baa926ce5cf9100377b16b2d0495b692f777ea0a0d6fa5
B,E3XB_L3_COMP_F2,L3,20240614,B4b,1200,2,2,0,0,runs/experiment3_cross_site/site_b_amsterdam/E3XB_L3_COMP_F2/seed20240614/B4b,10806947b393bbb988baa926ce5cf9100377b16b2d0495b692f777ea0a0d6fa5
B,E3XB_L3_COMP_F2,L3,20240615,B0,1200,2,2,0,0,runs/experiment3_cross_site/site_b_amsterdam/E3XB_L3_COMP_F2/seed20240615/B0,6ac111be7593107a034791d0659c3991c0b8d10988d60f125c0ba36bd9a8bd33
B,E3XB_L3_COMP_F2,L3,20240615,B1,1200,2,2,0,0,runs/experiment3_cross_site/site_b_amsterdam/E3XB_L3_COMP_F2/seed20240615/B1,5b240bb8aa98f723f6246ceddd6fe341e18515baabdbe766a51fd73e68ae5b4b
B,E3XB_L3_COMP_F2,L3,20240615,B2,1200,2,2,0,0,runs/experiment3_cross_site/site_b_amsterdam/E3XB_L3_COMP_F2/seed20240615/B2,5b240bb8aa98f723f6246ceddd6fe341e18515baabdbe766a51fd73e68ae5b4b
B,E3XB_L3_COMP_F2,L3,20240615,B4b,1200,2,2,0,0,runs/experiment3_cross_site/site_b_amsterdam/E3XB_L3_COMP_F2/seed20240615/B4b,5b240bb8aa98f723f6246ceddd6fe341e18515baabdbe766a51fd73e68ae5b4b
B,E3XB_L3_COMP_F2,L3,20240616,B0,1200,2,2,0,0,runs/experiment3_cross_site/site_b_amsterdam/E3XB_L3_COMP_F2/seed20240616/B0,96a0bcde9916b986e5f1cc67cc14f58118c85585177f71b4ef0e04132e81ff95
B,E3XB_L3_COMP_F2,L3,20240616,B1,1200,2,2,0,0,runs/experiment3_cross_site/site_b_amsterdam/E3XB_L3_COMP_F2/seed20240616/B1,cfed3a98a35ae3a84a9d99551b54adfbe94ddbf93af2fe0305798c5b3943531d
B,E3XB_L3_COMP_F2,L3,20240616,B2,1200,2,2,0,0,runs/experiment3_cross_site/site_b_amsterdam/E3XB_L3_COMP_F2/seed20240616/B2,cfed3a98a35ae3a84a9d99551b54adfbe94ddbf93af2fe0305798c5b3943531d
B,E3XB_L3_COMP_F2,L3,20240616,B4b,1200,2,2,0,0,runs/experiment3_cross_site/site_b_amsterdam/E3XB_L3_COMP_F2/seed20240616/B4b,cfed3a98a35ae3a84a9d99551b54adfbe94ddbf93af2fe0305798c5b3943531d
B,E3XB_L3_COMP_F2,L3,20240617,B0,1200,2,2,0,0,runs/experiment3_cross_site/site_b_amsterdam/E3XB_L3_COMP_F2/seed20240617/B0,57054f264d4112d8897a9256c122c5ba51a9bb233e7111641d18f713fcea5e52
B,E3XB_L3_COMP_F2,L3,20240617,B1,1200,2,2,0,0,runs/experiment3_cross_site/site_b_amsterdam/E3XB_L3_COMP_F2/seed20240617/B1,a939aff2ef71a10763093dec50b8816f4f17a9ee6b75ad53017ca595b4d2e88e
B,E3XB_L3_COMP_F2,L3,20240617,B2,1200,2,2,0,0,runs/experiment3_cross_site/site_b_amsterdam/E3XB_L3_COMP_F2/seed20240617/B2,a939aff2ef71a10763093dec50b8816f4f17a9ee6b75ad53017ca595b4d2e88e
B,E3XB_L3_COMP_F2,L3,20240617,B4b,1200,2,2,0,0,runs/experiment3_cross_site/site_b_amsterdam/E3XB_L3_COMP_F2/seed20240617/B4b,a939aff2ef71a10763093dec50b8816f4f17a9ee6b75ad53017ca595b4d2e88e
B,E3XB_L3_COMP_F2,L3,20240618,B0,1200,2,2,0,0,runs/experiment3_cross_site/site_b_amsterdam/E3XB_L3_COMP_F2/seed20240618/B0,fe10f20dedea595d025d5a87f43684b38ae22f5b1ec69eaee38dc80c4812b0b6
B,E3XB_L3_COMP_F2,L3,20240618,B1,1200,2,2,0,0,runs/experiment3_cross_site/site_b_amsterdam/E3XB_L3_COMP_F2/seed20240618/B1,311e5b56f453c5cc2ccea95f98fd90223fe9abfbe7d298e900769901123a9b36
B,E3XB_L3_COMP_F2,L3,20240618,B2,1200,2,2,0,0,runs/experiment3_cross_site/site_b_amsterdam/E3XB_L3_COMP_F2/seed20240618/B2,311e5b56f453c5cc2ccea95f98fd90223fe9abfbe7d298e900769901123a9b36
B,E3XB_L3_COMP_F2,L3,20240618,B4b,1200,2,2,0,0,runs/experiment3_cross_site/site_b_amsterdam/E3XB_L3_COMP_F2/seed20240618/B4b,311e5b56f453c5cc2ccea95f98fd90223fe9abfbe7d298e900769901123a9b36
B,E3XB_L3_COMP_F2,L3,20240619,B0,1200,2,2,0,0,runs/experiment3_cross_site/site_b_amsterdam/E3XB_L3_COMP_F2/seed20240619/B0,f1391c54fc1fe1e014302d1d1b30bc103a3705ea26aefbbdb7eff9c3fa822bea
B,E3XB_L3_COMP_F2,L3,20240619,B1,1200,2,2,0,0,runs/experiment3_cross_site/site_b_amsterdam/E3XB_L3_COMP_F2/seed20240619/B1,c28278a3dc5011859ec4c775d29631c8a715b21dcbd0378d5d796e80ffcf8c69
B,E3XB_L3_COMP_F2,L3,20240619,B2,1200,2,2,0,0,runs/experiment3_cross_site/site_b_amsterdam/E3XB_L3_COMP_F2/seed20240619/B2,c28278a3dc5011859ec4c775d29631c8a715b21dcbd0378d5d796e80ffcf8c69
B,E3XB_L3_COMP_F2,L3,20240619,B4b,1200,2,2,0,0,runs/experiment3_cross_site/site_b_amsterdam/E3XB_L3_COMP_F2/seed20240619/B4b,c28278a3dc5011859ec4c775d29631c8a715b21dcbd0378d5d796e80ffcf8c69
B,E3XB_L3_COMP_F2,L3,20240620,B0,1200,2,2,0,0,runs/experiment3_cross_site/site_b_amsterdam/E3XB_L3_COMP_F2/seed20240620/B0,6ab09993c14ae0b137d7f7f0a983969e410a4ae4d6d188d86071f65e18429911
B,E3XB_L3_COMP_F2,L3,20240620,B1,1200,2,2,0,0,runs/experiment3_cross_site/site_b_amsterdam/E3XB_L3_COMP_F2/seed20240620/B1,24e4609d765abd46dc61ca669b2f54a5ee147fec3e729dc2c2c2d11a33e4b8a2
B,E3XB_L3_COMP_F2,L3,20240620,B2,1200,2,2,0,0,runs/experiment3_cross_site/site_b_amsterdam/E3XB_L3_COMP_F2/seed20240620/B2,24e4609d765abd46dc61ca669b2f54a5ee147fec3e729dc2c2c2d11a33e4b8a2
B,E3XB_L3_COMP_F2,L3,20240620,B4b,1200,2,2,0,0,runs/experiment3_cross_site/site_b_amsterdam/E3XB_L3_COMP_F2/seed20240620/B4b,24e4609d765abd46dc61ca669b2f54a5ee147fec3e729dc2c2c2d11a33e4b8a2
B,E3XB_L3_COMP_F4,L3,20240601,B0,1200,2,2,0,0,runs/experiment3_cross_site/site_b_amsterdam/E3XB_L3_COMP_F4/seed20240601/B0,63b72d552d771cb9d7a409477be93c3ef509e43f59cd7d6ae9e163be61c5a204
B,E3XB_L3_COMP_F4,L3,20240601,B1,1200,2,2,0,0,runs/experiment3_cross_site/site_b_amsterdam/E3XB_L3_COMP_F4/seed20240601/B1,66e62de8a302869cfed59219180b66cb4494c50cbeb626a0631b6c6e2eb91e01
B,E3XB_L3_COMP_F4,L3,20240601,B2,1200,2,2,0,0,runs/experiment3_cross_site/site_b_amsterdam/E3XB_L3_COMP_F4/seed20240601/B2,66e62de8a302869cfed59219180b66cb4494c50cbeb626a0631b6c6e2eb91e01
B,E3XB_L3_COMP_F4,L3,20240601,B4b,1200,2,2,0,0,runs/experiment3_cross_site/site_b_amsterdam/E3XB_L3_COMP_F4/seed20240601/B4b,66e62de8a302869cfed59219180b66cb4494c50cbeb626a0631b6c6e2eb91e01
B,E3XB_L3_COMP_F4,L3,20240602,B0,1200,2,2,0,0,runs/experiment3_cross_site/site_b_amsterdam/E3XB_L3_COMP_F4/seed20240602/B0,dd53a091fec28872eb9c45ed0df83d67385c969661de2dafaecc79feac27b582
B,E3XB_L3_COMP_F4,L3,20240602,B1,1200,2,2,0,0,runs/experiment3_cross_site/site_b_amsterdam/E3XB_L3_COMP_F4/seed20240602/B1,1768876b52be422b866d1b4fa3bdb20b69bea04a9e8f4e1ee07d8213dc7d5cf2
B,E3XB_L3_COMP_F4,L3,20240602,B2,1200,2,2,0,0,runs/experiment3_cross_site/site_b_amsterdam/E3XB_L3_COMP_F4/seed20240602/B2,1768876b52be422b866d1b4fa3bdb20b69bea04a9e8f4e1ee07d8213dc7d5cf2
B,E3XB_L3_COMP_F4,L3,20240602,B4b,1200,2,2,0,0,runs/experiment3_cross_site/site_b_amsterdam/E3XB_L3_COMP_F4/seed20240602/B4b,1768876b52be422b866d1b4fa3bdb20b69bea04a9e8f4e1ee07d8213dc7d5cf2
B,E3XB_L3_COMP_F4,L3,20240603,B0,1200,2,2,0,0,runs/experiment3_cross_site/site_b_amsterdam/E3XB_L3_COMP_F4/seed20240603/B0,ddc5e1e7342225bf3311497115871b8a398b708dbffe84c9470c6fa3a6dfce57
B,E3XB_L3_COMP_F4,L3,20240603,B1,1200,2,2,0,0,runs/experiment3_cross_site/site_b_amsterdam/E3XB_L3_COMP_F4/seed20240603/B1,33873681f66e523a2ac861da29e261735d1093c84b6ef0c5a315e73b7e1b0379
B,E3XB_L3_COMP_F4,L3,20240603,B2,1200,2,2,0,0,runs/experiment3_cross_site/site_b_amsterdam/E3XB_L3_COMP_F4/seed20240603/B2,33873681f66e523a2ac861da29e261735d1093c84b6ef0c5a315e73b7e1b0379
B,E3XB_L3_COMP_F4,L3,20240603,B4b,1200,2,2,0,0,runs/experiment3_cross_site/site_b_amsterdam/E3XB_L3_COMP_F4/seed20240603/B4b,33873681f66e523a2ac861da29e261735d1093c84b6ef0c5a315e73b7e1b0379
B,E3XB_L3_COMP_F4,L3,20240604,B0,1200,2,2,0,0,runs/experiment3_cross_site/site_b_amsterdam/E3XB_L3_COMP_F4/seed20240604/B0,b5a5e655c52d5a3f9f66d992f3f9a6326b65532c4adb704448564510b1b5514a
B,E3XB_L3_COMP_F4,L3,20240604,B1,1200,2,2,0,0,runs/experiment3_cross_site/site_b_amsterdam/E3XB_L3_COMP_F4/seed20240604/B1,b92e58c2e9979661d2d097c0269423a97c1d63bf9354b7bdc80988e3efffd8dd
B,E3XB_L3_COMP_F4,L3,20240604,B2,1200,2,2,0,0,runs/experiment3_cross_site/site_b_amsterdam/E3XB_L3_COMP_F4/seed20240604/B2,b92e58c2e9979661d2d097c0269423a97c1d63bf9354b7bdc80988e3efffd8dd
B,E3XB_L3_COMP_F4,L3,20240604,B4b,1200,2,2,0,0,runs/experiment3_cross_site/site_b_amsterdam/E3XB_L3_COMP_F4/seed20240604/B4b,b92e58c2e9979661d2d097c0269423a97c1d63bf9354b7bdc80988e3efffd8dd
B,E3XB_L3_COMP_F4,L3,20240605,B0,1200,2,2,0,0,runs/experiment3_cross_site/site_b_amsterdam/E3XB_L3_COMP_F4/seed20240605/B0,7121aec5d65969964786290fdf034ffffbbb134da690960ba59fbbde68064e14
B,E3XB_L3_COMP_F4,L3,20240605,B1,1200,2,2,0,0,runs/experiment3_cross_site/site_b_amsterdam/E3XB_L3_COMP_F4/seed20240605/B1,bb3dfd4b93999bac24ee51632f916d13e335ff4c1c4621e57e15b9dc18d9ddb1
B,E3XB_L3_COMP_F4,L3,20240605,B2,1200,2,2,0,0,runs/experiment3_cross_site/site_b_amsterdam/E3XB_L3_COMP_F4/seed20240605/B2,bb3dfd4b93999bac24ee51632f916d13e335ff4c1c4621e57e15b9dc18d9ddb1
B,E3XB_L3_COMP_F4,L3,20240605,B4b,1200,2,2,0,0,runs/experiment3_cross_site/site_b_amsterdam/E3XB_L3_COMP_F4/seed20240605/B4b,bb3dfd4b93999bac24ee51632f916d13e335ff4c1c4621e57e15b9dc18d9ddb1
B,E3XB_L3_COMP_F4,L3,20240606,B0,1200,2,2,0,0,runs/experiment3_cross_site/site_b_amsterdam/E3XB_L3_COMP_F4/seed20240606/B0,73f73d9bc07b9160945dfc37dea5c4af4b561d3ae1fa85a7bbcdcd82f8ed8730
B,E3XB_L3_COMP_F4,L3,20240606,B1,1200,2,2,0,0,runs/experiment3_cross_site/site_b_amsterdam/E3XB_L3_COMP_F4/seed20240606/B1,d2a0fc5114b9da32ad89b1938af592d40229e685e3b0c8672edb4d88246a6477
B,E3XB_L3_COMP_F4,L3,20240606,B2,1200,2,2,0,0,runs/experiment3_cross_site/site_b_amsterdam/E3XB_L3_COMP_F4/seed20240606/B2,d2a0fc5114b9da32ad89b1938af592d40229e685e3b0c8672edb4d88246a6477
B,E3XB_L3_COMP_F4,L3,20240606,B4b,1200,2,2,0,0,runs/experiment3_cross_site/site_b_amsterdam/E3XB_L3_COMP_F4/seed20240606/B4b,d2a0fc5114b9da32ad89b1938af592d40229e685e3b0c8672edb4d88246a6477
B,E3XB_L3_COMP_F4,L3,20240607,B0,1200,2,2,0,0,runs/experiment3_cross_site/site_b_amsterdam/E3XB_L3_COMP_F4/seed20240607/B0,37fbef35997a02bd05f7819432afd11526580d2c745851e49e4f9fbe9d78d7e6
B,E3XB_L3_COMP_F4,L3,20240607,B1,1200,2,2,0,0,runs/experiment3_cross_site/site_b_amsterdam/E3XB_L3_COMP_F4/seed20240607/B1,1637fdd5d5d9aef2d38f906d3596f88e414ecdfbefeed3c2fda3f3d7850a9e5f
B,E3XB_L3_COMP_F4,L3,20240607,B2,1200,2,2,0,0,runs/experiment3_cross_site/site_b_amsterdam/E3XB_L3_COMP_F4/seed20240607/B2,1637fdd5d5d9aef2d38f906d3596f88e414ecdfbefeed3c2fda3f3d7850a9e5f
B,E3XB_L3_COMP_F4,L3,20240607,B4b,1200,2,2,0,0,runs/experiment3_cross_site/site_b_amsterdam/E3XB_L3_COMP_F4/seed20240607/B4b,1637fdd5d5d9aef2d38f906d3596f88e414ecdfbefeed3c2fda3f3d7850a9e5f
B,E3XB_L3_COMP_F4,L3,20240608,B0,1200,2,2,0,0,runs/experiment3_cross_site/site_b_amsterdam/E3XB_L3_COMP_F4/seed20240608/B0,2d4caa3d20647eb192ae5e22fb1c2e2f7b0939aa1bc71a5077fb59be2b0646b8
B,E3XB_L3_COMP_F4,L3,20240608,B1,1200,2,2,0,0,runs/experiment3_cross_site/site_b_amsterdam/E3XB_L3_COMP_F4/seed20240608/B1,55ba64eee343f91be7f81230a2d1c3faf20ada0012e88137beee3b0e4113ccde
B,E3XB_L3_COMP_F4,L3,20240608,B2,1200,2,2,0,0,runs/experiment3_cross_site/site_b_amsterdam/E3XB_L3_COMP_F4/seed20240608/B2,55ba64eee343f91be7f81230a2d1c3faf20ada0012e88137beee3b0e4113ccde
B,E3XB_L3_COMP_F4,L3,20240608,B4b,1200,2,2,0,0,runs/experiment3_cross_site/site_b_amsterdam/E3XB_L3_COMP_F4/seed20240608/B4b,55ba64eee343f91be7f81230a2d1c3faf20ada0012e88137beee3b0e4113ccde
B,E3XB_L3_COMP_F4,L3,20240609,B0,1200,2,2,0,0,runs/experiment3_cross_site/site_b_amsterdam/E3XB_L3_COMP_F4/seed20240609/B0,110e77e598a246b20433286c662520e0afb1c12270bff32061ce612ec9490341
B,E3XB_L3_COMP_F4,L3,20240609,B1,1200,2,2,0,0,runs/experiment3_cross_site/site_b_amsterdam/E3XB_L3_COMP_F4/seed20240609/B1,84a2a6cd3814f524a0bd1c1f5573545f133bb5d1f23a216ee1b9bf7345df91b0
B,E3XB_L3_COMP_F4,L3,20240609,B2,1200,2,2,0,0,runs/experiment3_cross_site/site_b_amsterdam/E3XB_L3_COMP_F4/seed20240609/B2,84a2a6cd3814f524a0bd1c1f5573545f133bb5d1f23a216ee1b9bf7345df91b0
B,E3XB_L3_COMP_F4,L3,20240609,B4b,1200,2,2,0,0,runs/experiment3_cross_site/site_b_amsterdam/E3XB_L3_COMP_F4/seed20240609/B4b,84a2a6cd3814f524a0bd1c1f5573545f133bb5d1f23a216ee1b9bf7345df91b0
B,E3XB_L3_COMP_F4,L3,20240610,B0,1200,2,2,0,0,runs/experiment3_cross_site/site_b_amsterdam/E3XB_L3_COMP_F4/seed20240610/B0,3e861796e49993b76b4334a3773df93bb672f38b99afc2d396693e068ddaf679
B,E3XB_L3_COMP_F4,L3,20240610,B1,1200,2,2,0,0,runs/experiment3_cross_site/site_b_amsterdam/E3XB_L3_COMP_F4/seed20240610/B1,154dea1cdfbe4a9b40b43a20e1f3864bfcf62288f52fbbce59d6d7f06e8781f8
B,E3XB_L3_COMP_F4,L3,20240610,B2,1200,2,2,0,0,runs/experiment3_cross_site/site_b_amsterdam/E3XB_L3_COMP_F4/seed20240610/B2,154dea1cdfbe4a9b40b43a20e1f3864bfcf62288f52fbbce59d6d7f06e8781f8
B,E3XB_L3_COMP_F4,L3,20240610,B4b,1200,2,2,0,0,runs/experiment3_cross_site/site_b_amsterdam/E3XB_L3_COMP_F4/seed20240610/B4b,154dea1cdfbe4a9b40b43a20e1f3864bfcf62288f52fbbce59d6d7f06e8781f8
B,E3XB_L3_COMP_F4,L3,20240611,B0,1200,2,2,0,0,runs/experiment3_cross_site/site_b_amsterdam/E3XB_L3_COMP_F4/seed20240611/B0,1a9b4ada2cf030180a58508c0456c837bd4160a3ce40824c05c6e31daeaba79e
B,E3XB_L3_COMP_F4,L3,20240611,B1,1200,2,2,0,0,runs/experiment3_cross_site/site_b_amsterdam/E3XB_L3_COMP_F4/seed20240611/B1,4934f3576450804e92131836a87a5b5bb36edf8e335b0759319996d64bde660c
B,E3XB_L3_COMP_F4,L3,20240611,B2,1200,2,2,0,0,runs/experiment3_cross_site/site_b_amsterdam/E3XB_L3_COMP_F4/seed20240611/B2,4934f3576450804e92131836a87a5b5bb36edf8e335b0759319996d64bde660c
B,E3XB_L3_COMP_F4,L3,20240611,B4b,1200,2,2,0,0,runs/experiment3_cross_site/site_b_amsterdam/E3XB_L3_COMP_F4/seed20240611/B4b,4934f3576450804e92131836a87a5b5bb36edf8e335b0759319996d64bde660c
B,E3XB_L3_COMP_F4,L3,20240612,B0,1200,2,2,0,0,runs/experiment3_cross_site/site_b_amsterdam/E3XB_L3_COMP_F4/seed20240612/B0,5eafa1ecc58c934f9cecd53d69bef6f7fc62a2be1a9c4055befcaeef1e2a284d
B,E3XB_L3_COMP_F4,L3,20240612,B1,1200,2,2,0,0,runs/experiment3_cross_site/site_b_amsterdam/E3XB_L3_COMP_F4/seed20240612/B1,b03f37612f9988ad2e5f2dc9e03a7e85efbfda6caaa844ed05c5530f3a4ce01f
B,E3XB_L3_COMP_F4,L3,20240612,B2,1200,2,2,0,0,runs/experiment3_cross_site/site_b_amsterdam/E3XB_L3_COMP_F4/seed20240612/B2,b03f37612f9988ad2e5f2dc9e03a7e85efbfda6caaa844ed05c5530f3a4ce01f
B,E3XB_L3_COMP_F4,L3,20240612,B4b,1200,2,2,0,0,runs/experiment3_cross_site/site_b_amsterdam/E3XB_L3_COMP_F4/seed20240612/B4b,b03f37612f9988ad2e5f2dc9e03a7e85efbfda6caaa844ed05c5530f3a4ce01f
B,E3XB_L3_COMP_F4,L3,20240613,B0,1200,2,2,0,0,runs/experiment3_cross_site/site_b_amsterdam/E3XB_L3_COMP_F4/seed20240613/B0,ce7775778fda402a2c4f005762e0cef8d83fed3987b4c0fb0d2c2bebfe8caeb3
B,E3XB_L3_COMP_F4,L3,20240613,B1,1200,2,2,0,0,runs/experiment3_cross_site/site_b_amsterdam/E3XB_L3_COMP_F4/seed20240613/B1,4758c5254251a64b3403f79514519557056c0d56a74691ae88a103e1e140fe91
B,E3XB_L3_COMP_F4,L3,20240613,B2,1200,2,2,0,0,runs/experiment3_cross_site/site_b_amsterdam/E3XB_L3_COMP_F4/seed20240613/B2,4758c5254251a64b3403f79514519557056c0d56a74691ae88a103e1e140fe91
B,E3XB_L3_COMP_F4,L3,20240613,B4b,1200,2,2,0,0,runs/experiment3_cross_site/site_b_amsterdam/E3XB_L3_COMP_F4/seed20240613/B4b,4758c5254251a64b3403f79514519557056c0d56a74691ae88a103e1e140fe91
B,E3XB_L3_COMP_F4,L3,20240614,B0,1200,2,2,0,0,runs/experiment3_cross_site/site_b_amsterdam/E3XB_L3_COMP_F4/seed20240614/B0,2166edd4e950bdf5ffd4ffb6a38ae314fb404e9e666b047aaf182493a33fda19
B,E3XB_L3_COMP_F4,L3,20240614,B1,1200,2,2,0,0,runs/experiment3_cross_site/site_b_amsterdam/E3XB_L3_COMP_F4/seed20240614/B1,04806d16c8387912d2850cf89bb462e085a73131595876db63a84243de75301d
B,E3XB_L3_COMP_F4,L3,20240614,B2,1200,2,2,0,0,runs/experiment3_cross_site/site_b_amsterdam/E3XB_L3_COMP_F4/seed20240614/B2,04806d16c8387912d2850cf89bb462e085a73131595876db63a84243de75301d
B,E3XB_L3_COMP_F4,L3,20240614,B4b,1200,2,2,0,0,runs/experiment3_cross_site/site_b_amsterdam/E3XB_L3_COMP_F4/seed20240614/B4b,04806d16c8387912d2850cf89bb462e085a73131595876db63a84243de75301d
B,E3XB_L3_COMP_F4,L3,20240615,B0,1200,2,2,0,0,runs/experiment3_cross_site/site_b_amsterdam/E3XB_L3_COMP_F4/seed20240615/B0,8b54fbe942c7f27bf5d06a6606e5e34b5aeb542ae61bb05069ca4cd4a955eee5
B,E3XB_L3_COMP_F4,L3,20240615,B1,1200,2,2,0,0,runs/experiment3_cross_site/site_b_amsterdam/E3XB_L3_COMP_F4/seed20240615/B1,f4b8e32e799bdea9306d9a59bf7ab6b4415ae61bf46ca537371bfc7aa5a34d42
B,E3XB_L3_COMP_F4,L3,20240615,B2,1200,2,2,0,0,runs/experiment3_cross_site/site_b_amsterdam/E3XB_L3_COMP_F4/seed20240615/B2,f4b8e32e799bdea9306d9a59bf7ab6b4415ae61bf46ca537371bfc7aa5a34d42
B,E3XB_L3_COMP_F4,L3,20240615,B4b,1200,2,2,0,0,runs/experiment3_cross_site/site_b_amsterdam/E3XB_L3_COMP_F4/seed20240615/B4b,f4b8e32e799bdea9306d9a59bf7ab6b4415ae61bf46ca537371bfc7aa5a34d42
B,E3XB_L3_COMP_F4,L3,20240616,B0,1200,2,2,0,0,runs/experiment3_cross_site/site_b_amsterdam/E3XB_L3_COMP_F4/seed20240616/B0,f90e384d906d4d68cfd1af8cb04c3ea49529f8e2be4bae4bba4ff3d66c85d336
B,E3XB_L3_COMP_F4,L3,20240616,B1,1200,2,2,0,0,runs/experiment3_cross_site/site_b_amsterdam/E3XB_L3_COMP_F4/seed20240616/B1,27d805ebfc042c13049c7f1d345b5f8e5aa2cc179c548c28db64c72f070ba2f7
B,E3XB_L3_COMP_F4,L3,20240616,B2,1200,2,2,0,0,runs/experiment3_cross_site/site_b_amsterdam/E3XB_L3_COMP_F4/seed20240616/B2,27d805ebfc042c13049c7f1d345b5f8e5aa2cc179c548c28db64c72f070ba2f7
B,E3XB_L3_COMP_F4,L3,20240616,B4b,1200,2,2,0,0,runs/experiment3_cross_site/site_b_amsterdam/E3XB_L3_COMP_F4/seed20240616/B4b,27d805ebfc042c13049c7f1d345b5f8e5aa2cc179c548c28db64c72f070ba2f7
B,E3XB_L3_COMP_F4,L3,20240617,B0,1200,2,2,0,0,runs/experiment3_cross_site/site_b_amsterdam/E3XB_L3_COMP_F4/seed20240617/B0,57054f264d4112d8897a9256c122c5ba51a9bb233e7111641d18f713fcea5e52
B,E3XB_L3_COMP_F4,L3,20240617,B1,1200,2,2,0,0,runs/experiment3_cross_site/site_b_amsterdam/E3XB_L3_COMP_F4/seed20240617/B1,a939aff2ef71a10763093dec50b8816f4f17a9ee6b75ad53017ca595b4d2e88e
B,E3XB_L3_COMP_F4,L3,20240617,B2,1200,2,2,0,0,runs/experiment3_cross_site/site_b_amsterdam/E3XB_L3_COMP_F4/seed20240617/B2,a939aff2ef71a10763093dec50b8816f4f17a9ee6b75ad53017ca595b4d2e88e
B,E3XB_L3_COMP_F4,L3,20240617,B4b,1200,2,2,0,0,runs/experiment3_cross_site/site_b_amsterdam/E3XB_L3_COMP_F4/seed20240617/B4b,a939aff2ef71a10763093dec50b8816f4f17a9ee6b75ad53017ca595b4d2e88e
B,E3XB_L3_COMP_F4,L3,20240618,B0,1200,2,2,0,0,runs/experiment3_cross_site/site_b_amsterdam/E3XB_L3_COMP_F4/seed20240618/B0,eb7345fd8b5d4bcdad6de446b211e69413b749adbe822f0730fff0c845db1b1c
B,E3XB_L3_COMP_F4,L3,20240618,B1,1200,2,2,0,0,runs/experiment3_cross_site/site_b_amsterdam/E3XB_L3_COMP_F4/seed20240618/B1,1a6f097d53865c8e02b0e151abb124b9854745286454e5eef1186b771a5ae4c0
B,E3XB_L3_COMP_F4,L3,20240618,B2,1200,2,2,0,0,runs/experiment3_cross_site/site_b_amsterdam/E3XB_L3_COMP_F4/seed20240618/B2,1a6f097d53865c8e02b0e151abb124b9854745286454e5eef1186b771a5ae4c0
B,E3XB_L3_COMP_F4,L3,20240618,B4b,1200,2,2,0,0,runs/experiment3_cross_site/site_b_amsterdam/E3XB_L3_COMP_F4/seed20240618/B4b,1a6f097d53865c8e02b0e151abb124b9854745286454e5eef1186b771a5ae4c0
B,E3XB_L3_COMP_F4,L3,20240619,B0,1200,2,2,0,0,runs/experiment3_cross_site/site_b_amsterdam/E3XB_L3_COMP_F4/seed20240619/B0,0ca84e2c5dd66a96d1c1120d1cf67b1d8b1ce3b69097708a2c179455ef4f8549
B,E3XB_L3_COMP_F4,L3,20240619,B1,1200,2,2,0,0,runs/experiment3_cross_site/site_b_amsterdam/E3XB_L3_COMP_F4/seed20240619/B1,ff711de42cbc70419abc6e0b2e1dbc54079f79c07336a6548cb9ea6a746efc9f
B,E3XB_L3_COMP_F4,L3,20240619,B2,1200,2,2,0,0,runs/experiment3_cross_site/site_b_amsterdam/E3XB_L3_COMP_F4/seed20240619/B2,ff711de42cbc70419abc6e0b2e1dbc54079f79c07336a6548cb9ea6a746efc9f
B,E3XB_L3_COMP_F4,L3,20240619,B4b,1200,2,2,0,0,runs/experiment3_cross_site/site_b_amsterdam/E3XB_L3_COMP_F4/seed20240619/B4b,ff711de42cbc70419abc6e0b2e1dbc54079f79c07336a6548cb9ea6a746efc9f
B,E3XB_L3_COMP_F4,L3,20240620,B0,1200,2,2,0,0,runs/experiment3_cross_site/site_b_amsterdam/E3XB_L3_COMP_F4/seed20240620/B0,00b4422a791cd541e0f9e23b3ab4168bdd7aa7b75a455901713dcfa840e70c53
B,E3XB_L3_COMP_F4,L3,20240620,B1,1200,2,2,0,0,runs/experiment3_cross_site/site_b_amsterdam/E3XB_L3_COMP_F4/seed20240620/B1,49a9cb6c858849c6a5cb8ab2440bda64a67a86458967c639ac3118a927dfa7c9
B,E3XB_L3_COMP_F4,L3,20240620,B2,1200,2,2,0,0,runs/experiment3_cross_site/site_b_amsterdam/E3XB_L3_COMP_F4/seed20240620/B2,49a9cb6c858849c6a5cb8ab2440bda64a67a86458967c639ac3118a927dfa7c9
B,E3XB_L3_COMP_F4,L3,20240620,B4b,1200,2,2,0,0,runs/experiment3_cross_site/site_b_amsterdam/E3XB_L3_COMP_F4/seed20240620/B4b,49a9cb6c858849c6a5cb8ab2440bda64a67a86458967c639ac3118a927dfa7c9
B,E3XB_L3_COMP_F5,L3,20240601,B0,1200,2,2,0,0,runs/experiment3_cross_site/site_b_amsterdam/E3XB_L3_COMP_F5/seed20240601/B0,63b72d552d771cb9d7a409477be93c3ef509e43f59cd7d6ae9e163be61c5a204
B,E3XB_L3_COMP_F5,L3,20240601,B1,1200,2,2,0,0,runs/experiment3_cross_site/site_b_amsterdam/E3XB_L3_COMP_F5/seed20240601/B1,66e62de8a302869cfed59219180b66cb4494c50cbeb626a0631b6c6e2eb91e01
B,E3XB_L3_COMP_F5,L3,20240601,B2,1200,2,2,0,0,runs/experiment3_cross_site/site_b_amsterdam/E3XB_L3_COMP_F5/seed20240601/B2,66e62de8a302869cfed59219180b66cb4494c50cbeb626a0631b6c6e2eb91e01
B,E3XB_L3_COMP_F5,L3,20240601,B4b,1200,2,2,0,0,runs/experiment3_cross_site/site_b_amsterdam/E3XB_L3_COMP_F5/seed20240601/B4b,66e62de8a302869cfed59219180b66cb4494c50cbeb626a0631b6c6e2eb91e01
B,E3XB_L3_COMP_F5,L3,20240602,B0,1200,2,2,0,0,runs/experiment3_cross_site/site_b_amsterdam/E3XB_L3_COMP_F5/seed20240602/B0,dd53a091fec28872eb9c45ed0df83d67385c969661de2dafaecc79feac27b582
B,E3XB_L3_COMP_F5,L3,20240602,B1,1200,2,2,0,0,runs/experiment3_cross_site/site_b_amsterdam/E3XB_L3_COMP_F5/seed20240602/B1,1768876b52be422b866d1b4fa3bdb20b69bea04a9e8f4e1ee07d8213dc7d5cf2
B,E3XB_L3_COMP_F5,L3,20240602,B2,1200,2,2,0,0,runs/experiment3_cross_site/site_b_amsterdam/E3XB_L3_COMP_F5/seed20240602/B2,1768876b52be422b866d1b4fa3bdb20b69bea04a9e8f4e1ee07d8213dc7d5cf2
B,E3XB_L3_COMP_F5,L3,20240602,B4b,1200,2,2,0,0,runs/experiment3_cross_site/site_b_amsterdam/E3XB_L3_COMP_F5/seed20240602/B4b,1768876b52be422b866d1b4fa3bdb20b69bea04a9e8f4e1ee07d8213dc7d5cf2
B,E3XB_L3_COMP_F5,L3,20240603,B0,1200,2,2,0,0,runs/experiment3_cross_site/site_b_amsterdam/E3XB_L3_COMP_F5/seed20240603/B0,ddc5e1e7342225bf3311497115871b8a398b708dbffe84c9470c6fa3a6dfce57
B,E3XB_L3_COMP_F5,L3,20240603,B1,1200,2,2,0,0,runs/experiment3_cross_site/site_b_amsterdam/E3XB_L3_COMP_F5/seed20240603/B1,33873681f66e523a2ac861da29e261735d1093c84b6ef0c5a315e73b7e1b0379
B,E3XB_L3_COMP_F5,L3,20240603,B2,1200,2,2,0,0,runs/experiment3_cross_site/site_b_amsterdam/E3XB_L3_COMP_F5/seed20240603/B2,33873681f66e523a2ac861da29e261735d1093c84b6ef0c5a315e73b7e1b0379
B,E3XB_L3_COMP_F5,L3,20240603,B4b,1200,2,2,0,0,runs/experiment3_cross_site/site_b_amsterdam/E3XB_L3_COMP_F5/seed20240603/B4b,33873681f66e523a2ac861da29e261735d1093c84b6ef0c5a315e73b7e1b0379
B,E3XB_L3_COMP_F5,L3,20240604,B0,1200,2,2,0,0,runs/experiment3_cross_site/site_b_amsterdam/E3XB_L3_COMP_F5/seed20240604/B0,b5a5e655c52d5a3f9f66d992f3f9a6326b65532c4adb704448564510b1b5514a
B,E3XB_L3_COMP_F5,L3,20240604,B1,1200,2,2,0,0,runs/experiment3_cross_site/site_b_amsterdam/E3XB_L3_COMP_F5/seed20240604/B1,b92e58c2e9979661d2d097c0269423a97c1d63bf9354b7bdc80988e3efffd8dd
B,E3XB_L3_COMP_F5,L3,20240604,B2,1200,2,2,0,0,runs/experiment3_cross_site/site_b_amsterdam/E3XB_L3_COMP_F5/seed20240604/B2,b92e58c2e9979661d2d097c0269423a97c1d63bf9354b7bdc80988e3efffd8dd
B,E3XB_L3_COMP_F5,L3,20240604,B4b,1200,2,2,0,0,runs/experiment3_cross_site/site_b_amsterdam/E3XB_L3_COMP_F5/seed20240604/B4b,b92e58c2e9979661d2d097c0269423a97c1d63bf9354b7bdc80988e3efffd8dd
B,E3XB_L3_COMP_F5,L3,20240605,B0,1200,2,2,0,0,runs/experiment3_cross_site/site_b_amsterdam/E3XB_L3_COMP_F5/seed20240605/B0,7121aec5d65969964786290fdf034ffffbbb134da690960ba59fbbde68064e14
B,E3XB_L3_COMP_F5,L3,20240605,B1,1200,2,2,0,0,runs/experiment3_cross_site/site_b_amsterdam/E3XB_L3_COMP_F5/seed20240605/B1,bb3dfd4b93999bac24ee51632f916d13e335ff4c1c4621e57e15b9dc18d9ddb1
B,E3XB_L3_COMP_F5,L3,20240605,B2,1200,2,2,0,0,runs/experiment3_cross_site/site_b_amsterdam/E3XB_L3_COMP_F5/seed20240605/B2,bb3dfd4b93999bac24ee51632f916d13e335ff4c1c4621e57e15b9dc18d9ddb1
B,E3XB_L3_COMP_F5,L3,20240605,B4b,1200,2,2,0,0,runs/experiment3_cross_site/site_b_amsterdam/E3XB_L3_COMP_F5/seed20240605/B4b,bb3dfd4b93999bac24ee51632f916d13e335ff4c1c4621e57e15b9dc18d9ddb1
B,E3XB_L3_COMP_F5,L3,20240606,B0,1200,2,2,0,0,runs/experiment3_cross_site/site_b_amsterdam/E3XB_L3_COMP_F5/seed20240606/B0,73f73d9bc07b9160945dfc37dea5c4af4b561d3ae1fa85a7bbcdcd82f8ed8730
B,E3XB_L3_COMP_F5,L3,20240606,B1,1200,2,2,0,0,runs/experiment3_cross_site/site_b_amsterdam/E3XB_L3_COMP_F5/seed20240606/B1,d2a0fc5114b9da32ad89b1938af592d40229e685e3b0c8672edb4d88246a6477
B,E3XB_L3_COMP_F5,L3,20240606,B2,1200,2,2,0,0,runs/experiment3_cross_site/site_b_amsterdam/E3XB_L3_COMP_F5/seed20240606/B2,d2a0fc5114b9da32ad89b1938af592d40229e685e3b0c8672edb4d88246a6477
B,E3XB_L3_COMP_F5,L3,20240606,B4b,1200,2,2,0,0,runs/experiment3_cross_site/site_b_amsterdam/E3XB_L3_COMP_F5/seed20240606/B4b,d2a0fc5114b9da32ad89b1938af592d40229e685e3b0c8672edb4d88246a6477
B,E3XB_L3_COMP_F5,L3,20240607,B0,1200,2,2,0,0,runs/experiment3_cross_site/site_b_amsterdam/E3XB_L3_COMP_F5/seed20240607/B0,37fbef35997a02bd05f7819432afd11526580d2c745851e49e4f9fbe9d78d7e6
B,E3XB_L3_COMP_F5,L3,20240607,B1,1200,2,2,0,0,runs/experiment3_cross_site/site_b_amsterdam/E3XB_L3_COMP_F5/seed20240607/B1,1637fdd5d5d9aef2d38f906d3596f88e414ecdfbefeed3c2fda3f3d7850a9e5f
B,E3XB_L3_COMP_F5,L3,20240607,B2,1200,2,2,0,0,runs/experiment3_cross_site/site_b_amsterdam/E3XB_L3_COMP_F5/seed20240607/B2,1637fdd5d5d9aef2d38f906d3596f88e414ecdfbefeed3c2fda3f3d7850a9e5f
B,E3XB_L3_COMP_F5,L3,20240607,B4b,1200,2,2,0,0,runs/experiment3_cross_site/site_b_amsterdam/E3XB_L3_COMP_F5/seed20240607/B4b,1637fdd5d5d9aef2d38f906d3596f88e414ecdfbefeed3c2fda3f3d7850a9e5f
B,E3XB_L3_COMP_F5,L3,20240608,B0,1200,2,2,0,0,runs/experiment3_cross_site/site_b_amsterdam/E3XB_L3_COMP_F5/seed20240608/B0,2d4caa3d20647eb192ae5e22fb1c2e2f7b0939aa1bc71a5077fb59be2b0646b8
B,E3XB_L3_COMP_F5,L3,20240608,B1,1200,2,2,0,0,runs/experiment3_cross_site/site_b_amsterdam/E3XB_L3_COMP_F5/seed20240608/B1,55ba64eee343f91be7f81230a2d1c3faf20ada0012e88137beee3b0e4113ccde
B,E3XB_L3_COMP_F5,L3,20240608,B2,1200,2,2,0,0,runs/experiment3_cross_site/site_b_amsterdam/E3XB_L3_COMP_F5/seed20240608/B2,55ba64eee343f91be7f81230a2d1c3faf20ada0012e88137beee3b0e4113ccde
B,E3XB_L3_COMP_F5,L3,20240608,B4b,1200,2,2,0,0,runs/experiment3_cross_site/site_b_amsterdam/E3XB_L3_COMP_F5/seed20240608/B4b,55ba64eee343f91be7f81230a2d1c3faf20ada0012e88137beee3b0e4113ccde
B,E3XB_L3_COMP_F5,L3,20240609,B0,1200,2,2,0,0,runs/experiment3_cross_site/site_b_amsterdam/E3XB_L3_COMP_F5/seed20240609/B0,110e77e598a246b20433286c662520e0afb1c12270bff32061ce612ec9490341
B,E3XB_L3_COMP_F5,L3,20240609,B1,1200,2,2,0,0,runs/experiment3_cross_site/site_b_amsterdam/E3XB_L3_COMP_F5/seed20240609/B1,84a2a6cd3814f524a0bd1c1f5573545f133bb5d1f23a216ee1b9bf7345df91b0
B,E3XB_L3_COMP_F5,L3,20240609,B2,1200,2,2,0,0,runs/experiment3_cross_site/site_b_amsterdam/E3XB_L3_COMP_F5/seed20240609/B2,84a2a6cd3814f524a0bd1c1f5573545f133bb5d1f23a216ee1b9bf7345df91b0
B,E3XB_L3_COMP_F5,L3,20240609,B4b,1200,2,2,0,0,runs/experiment3_cross_site/site_b_amsterdam/E3XB_L3_COMP_F5/seed20240609/B4b,84a2a6cd3814f524a0bd1c1f5573545f133bb5d1f23a216ee1b9bf7345df91b0
B,E3XB_L3_COMP_F5,L3,20240610,B0,1200,2,2,0,0,runs/experiment3_cross_site/site_b_amsterdam/E3XB_L3_COMP_F5/seed20240610/B0,3e861796e49993b76b4334a3773df93bb672f38b99afc2d396693e068ddaf679
B,E3XB_L3_COMP_F5,L3,20240610,B1,1200,2,2,0,0,runs/experiment3_cross_site/site_b_amsterdam/E3XB_L3_COMP_F5/seed20240610/B1,154dea1cdfbe4a9b40b43a20e1f3864bfcf62288f52fbbce59d6d7f06e8781f8
B,E3XB_L3_COMP_F5,L3,20240610,B2,1200,2,2,0,0,runs/experiment3_cross_site/site_b_amsterdam/E3XB_L3_COMP_F5/seed20240610/B2,154dea1cdfbe4a9b40b43a20e1f3864bfcf62288f52fbbce59d6d7f06e8781f8
B,E3XB_L3_COMP_F5,L3,20240610,B4b,1200,2,2,0,0,runs/experiment3_cross_site/site_b_amsterdam/E3XB_L3_COMP_F5/seed20240610/B4b,154dea1cdfbe4a9b40b43a20e1f3864bfcf62288f52fbbce59d6d7f06e8781f8
B,E3XB_L3_COMP_F5,L3,20240611,B0,1200,2,2,0,0,runs/experiment3_cross_site/site_b_amsterdam/E3XB_L3_COMP_F5/seed20240611/B0,1a9b4ada2cf030180a58508c0456c837bd4160a3ce40824c05c6e31daeaba79e
B,E3XB_L3_COMP_F5,L3,20240611,B1,1200,2,2,0,0,runs/experiment3_cross_site/site_b_amsterdam/E3XB_L3_COMP_F5/seed20240611/B1,4934f3576450804e92131836a87a5b5bb36edf8e335b0759319996d64bde660c
B,E3XB_L3_COMP_F5,L3,20240611,B2,1200,2,2,0,0,runs/experiment3_cross_site/site_b_amsterdam/E3XB_L3_COMP_F5/seed20240611/B2,4934f3576450804e92131836a87a5b5bb36edf8e335b0759319996d64bde660c
B,E3XB_L3_COMP_F5,L3,20240611,B4b,1200,2,2,0,0,runs/experiment3_cross_site/site_b_amsterdam/E3XB_L3_COMP_F5/seed20240611/B4b,4934f3576450804e92131836a87a5b5bb36edf8e335b0759319996d64bde660c
B,E3XB_L3_COMP_F5,L3,20240612,B0,1200,2,2,0,0,runs/experiment3_cross_site/site_b_amsterdam/E3XB_L3_COMP_F5/seed20240612/B0,5eafa1ecc58c934f9cecd53d69bef6f7fc62a2be1a9c4055befcaeef1e2a284d
B,E3XB_L3_COMP_F5,L3,20240612,B1,1200,2,2,0,0,runs/experiment3_cross_site/site_b_amsterdam/E3XB_L3_COMP_F5/seed20240612/B1,b03f37612f9988ad2e5f2dc9e03a7e85efbfda6caaa844ed05c5530f3a4ce01f
B,E3XB_L3_COMP_F5,L3,20240612,B2,1200,2,2,0,0,runs/experiment3_cross_site/site_b_amsterdam/E3XB_L3_COMP_F5/seed20240612/B2,b03f37612f9988ad2e5f2dc9e03a7e85efbfda6caaa844ed05c5530f3a4ce01f
B,E3XB_L3_COMP_F5,L3,20240612,B4b,1200,2,2,0,0,runs/experiment3_cross_site/site_b_amsterdam/E3XB_L3_COMP_F5/seed20240612/B4b,b03f37612f9988ad2e5f2dc9e03a7e85efbfda6caaa844ed05c5530f3a4ce01f
B,E3XB_L3_COMP_F5,L3,20240613,B0,1200,2,2,0,0,runs/experiment3_cross_site/site_b_amsterdam/E3XB_L3_COMP_F5/seed20240613/B0,ce7775778fda402a2c4f005762e0cef8d83fed3987b4c0fb0d2c2bebfe8caeb3
B,E3XB_L3_COMP_F5,L3,20240613,B1,1200,2,2,0,0,runs/experiment3_cross_site/site_b_amsterdam/E3XB_L3_COMP_F5/seed20240613/B1,4758c5254251a64b3403f79514519557056c0d56a74691ae88a103e1e140fe91
B,E3XB_L3_COMP_F5,L3,20240613,B2,1200,2,2,0,0,runs/experiment3_cross_site/site_b_amsterdam/E3XB_L3_COMP_F5/seed20240613/B2,4758c5254251a64b3403f79514519557056c0d56a74691ae88a103e1e140fe91
B,E3XB_L3_COMP_F5,L3,20240613,B4b,1200,2,2,0,0,runs/experiment3_cross_site/site_b_amsterdam/E3XB_L3_COMP_F5/seed20240613/B4b,4758c5254251a64b3403f79514519557056c0d56a74691ae88a103e1e140fe91
B,E3XB_L3_COMP_F5,L3,20240614,B0,1200,2,2,0,0,runs/experiment3_cross_site/site_b_amsterdam/E3XB_L3_COMP_F5/seed20240614/B0,2166edd4e950bdf5ffd4ffb6a38ae314fb404e9e666b047aaf182493a33fda19
B,E3XB_L3_COMP_F5,L3,20240614,B1,1200,2,2,0,0,runs/experiment3_cross_site/site_b_amsterdam/E3XB_L3_COMP_F5/seed20240614/B1,04806d16c8387912d2850cf89bb462e085a73131595876db63a84243de75301d
B,E3XB_L3_COMP_F5,L3,20240614,B2,1200,2,2,0,0,runs/experiment3_cross_site/site_b_amsterdam/E3XB_L3_COMP_F5/seed20240614/B2,04806d16c8387912d2850cf89bb462e085a73131595876db63a84243de75301d
B,E3XB_L3_COMP_F5,L3,20240614,B4b,1200,2,2,0,0,runs/experiment3_cross_site/site_b_amsterdam/E3XB_L3_COMP_F5/seed20240614/B4b,04806d16c8387912d2850cf89bb462e085a73131595876db63a84243de75301d
B,E3XB_L3_COMP_F5,L3,20240615,B0,1200,2,2,0,0,runs/experiment3_cross_site/site_b_amsterdam/E3XB_L3_COMP_F5/seed20240615/B0,8b54fbe942c7f27bf5d06a6606e5e34b5aeb542ae61bb05069ca4cd4a955eee5
B,E3XB_L3_COMP_F5,L3,20240615,B1,1200,2,2,0,0,runs/experiment3_cross_site/site_b_amsterdam/E3XB_L3_COMP_F5/seed20240615/B1,f4b8e32e799bdea9306d9a59bf7ab6b4415ae61bf46ca537371bfc7aa5a34d42
B,E3XB_L3_COMP_F5,L3,20240615,B2,1200,2,2,0,0,runs/experiment3_cross_site/site_b_amsterdam/E3XB_L3_COMP_F5/seed20240615/B2,f4b8e32e799bdea9306d9a59bf7ab6b4415ae61bf46ca537371bfc7aa5a34d42
B,E3XB_L3_COMP_F5,L3,20240615,B4b,1200,2,2,0,0,runs/experiment3_cross_site/site_b_amsterdam/E3XB_L3_COMP_F5/seed20240615/B4b,f4b8e32e799bdea9306d9a59bf7ab6b4415ae61bf46ca537371bfc7aa5a34d42
B,E3XB_L3_COMP_F5,L3,20240616,B0,1200,2,2,0,0,runs/experiment3_cross_site/site_b_amsterdam/E3XB_L3_COMP_F5/seed20240616/B0,f90e384d906d4d68cfd1af8cb04c3ea49529f8e2be4bae4bba4ff3d66c85d336
B,E3XB_L3_COMP_F5,L3,20240616,B1,1200,2,2,0,0,runs/experiment3_cross_site/site_b_amsterdam/E3XB_L3_COMP_F5/seed20240616/B1,27d805ebfc042c13049c7f1d345b5f8e5aa2cc179c548c28db64c72f070ba2f7
B,E3XB_L3_COMP_F5,L3,20240616,B2,1200,2,2,0,0,runs/experiment3_cross_site/site_b_amsterdam/E3XB_L3_COMP_F5/seed20240616/B2,27d805ebfc042c13049c7f1d345b5f8e5aa2cc179c548c28db64c72f070ba2f7
B,E3XB_L3_COMP_F5,L3,20240616,B4b,1200,2,2,0,0,runs/experiment3_cross_site/site_b_amsterdam/E3XB_L3_COMP_F5/seed20240616/B4b,27d805ebfc042c13049c7f1d345b5f8e5aa2cc179c548c28db64c72f070ba2f7
B,E3XB_L3_COMP_F5,L3,20240617,B0,1200,2,2,0,0,runs/experiment3_cross_site/site_b_amsterdam/E3XB_L3_COMP_F5/seed20240617/B0,57054f264d4112d8897a9256c122c5ba51a9bb233e7111641d18f713fcea5e52
B,E3XB_L3_COMP_F5,L3,20240617,B1,1200,2,2,0,0,runs/experiment3_cross_site/site_b_amsterdam/E3XB_L3_COMP_F5/seed20240617/B1,a939aff2ef71a10763093dec50b8816f4f17a9ee6b75ad53017ca595b4d2e88e
B,E3XB_L3_COMP_F5,L3,20240617,B2,1200,2,2,0,0,runs/experiment3_cross_site/site_b_amsterdam/E3XB_L3_COMP_F5/seed20240617/B2,a939aff2ef71a10763093dec50b8816f4f17a9ee6b75ad53017ca595b4d2e88e
B,E3XB_L3_COMP_F5,L3,20240617,B4b,1200,2,2,0,0,runs/experiment3_cross_site/site_b_amsterdam/E3XB_L3_COMP_F5/seed20240617/B4b,a939aff2ef71a10763093dec50b8816f4f17a9ee6b75ad53017ca595b4d2e88e
B,E3XB_L3_COMP_F5,L3,20240618,B0,1200,2,2,0,0,runs/experiment3_cross_site/site_b_amsterdam/E3XB_L3_COMP_F5/seed20240618/B0,eb7345fd8b5d4bcdad6de446b211e69413b749adbe822f0730fff0c845db1b1c
B,E3XB_L3_COMP_F5,L3,20240618,B1,1200,2,2,0,0,runs/experiment3_cross_site/site_b_amsterdam/E3XB_L3_COMP_F5/seed20240618/B1,1a6f097d53865c8e02b0e151abb124b9854745286454e5eef1186b771a5ae4c0
B,E3XB_L3_COMP_F5,L3,20240618,B2,1200,2,2,0,0,runs/experiment3_cross_site/site_b_amsterdam/E3XB_L3_COMP_F5/seed20240618/B2,1a6f097d53865c8e02b0e151abb124b9854745286454e5eef1186b771a5ae4c0
B,E3XB_L3_COMP_F5,L3,20240618,B4b,1200,2,2,0,0,runs/experiment3_cross_site/site_b_amsterdam/E3XB_L3_COMP_F5/seed20240618/B4b,1a6f097d53865c8e02b0e151abb124b9854745286454e5eef1186b771a5ae4c0
B,E3XB_L3_COMP_F5,L3,20240619,B0,1200,2,2,0,0,runs/experiment3_cross_site/site_b_amsterdam/E3XB_L3_COMP_F5/seed20240619/B0,0ca84e2c5dd66a96d1c1120d1cf67b1d8b1ce3b69097708a2c179455ef4f8549
B,E3XB_L3_COMP_F5,L3,20240619,B1,1200,2,2,0,0,runs/experiment3_cross_site/site_b_amsterdam/E3XB_L3_COMP_F5/seed20240619/B1,ff711de42cbc70419abc6e0b2e1dbc54079f79c07336a6548cb9ea6a746efc9f
B,E3XB_L3_COMP_F5,L3,20240619,B2,1200,2,2,0,0,runs/experiment3_cross_site/site_b_amsterdam/E3XB_L3_COMP_F5/seed20240619/B2,ff711de42cbc70419abc6e0b2e1dbc54079f79c07336a6548cb9ea6a746efc9f
B,E3XB_L3_COMP_F5,L3,20240619,B4b,1200,2,2,0,0,runs/experiment3_cross_site/site_b_amsterdam/E3XB_L3_COMP_F5/seed20240619/B4b,ff711de42cbc70419abc6e0b2e1dbc54079f79c07336a6548cb9ea6a746efc9f
B,E3XB_L3_COMP_F5,L3,20240620,B0,1200,2,2,0,0,runs/experiment3_cross_site/site_b_amsterdam/E3XB_L3_COMP_F5/seed20240620/B0,00b4422a791cd541e0f9e23b3ab4168bdd7aa7b75a455901713dcfa840e70c53
B,E3XB_L3_COMP_F5,L3,20240620,B1,1200,2,2,0,0,runs/experiment3_cross_site/site_b_amsterdam/E3XB_L3_COMP_F5/seed20240620/B1,49a9cb6c858849c6a5cb8ab2440bda64a67a86458967c639ac3118a927dfa7c9
B,E3XB_L3_COMP_F5,L3,20240620,B2,1200,2,2,0,0,runs/experiment3_cross_site/site_b_amsterdam/E3XB_L3_COMP_F5/seed20240620/B2,49a9cb6c858849c6a5cb8ab2440bda64a67a86458967c639ac3118a927dfa7c9
B,E3XB_L3_COMP_F5,L3,20240620,B4b,1200,2,2,0,0,runs/experiment3_cross_site/site_b_amsterdam/E3XB_L3_COMP_F5/seed20240620/B4b,49a9cb6c858849c6a5cb8ab2440bda64a67a86458967c639ac3118a927dfa7c9
B,E3XB_L4_A,L4,20240601,B0,1200,2,2,0,0,runs/experiment3_cross_site/site_b_amsterdam/E3XB_L4_A/seed20240601/B0,4b73a3656ebc3c7579073b4b7698d2c9a278ee688d6d7005b2246c92d50fe4c3
B,E3XB_L4_A,L4,20240601,B1,1200,2,2,0,0,runs/experiment3_cross_site/site_b_amsterdam/E3XB_L4_A/seed20240601/B1,f25b6605188a3c8088767774b56c0aa67b187c1ec30521a764e197fe041db5d8
B,E3XB_L4_A,L4,20240601,B2,1200,2,2,0,0,runs/experiment3_cross_site/site_b_amsterdam/E3XB_L4_A/seed20240601/B2,f25b6605188a3c8088767774b56c0aa67b187c1ec30521a764e197fe041db5d8
B,E3XB_L4_A,L4,20240601,B4b,1200,2,2,0,0,runs/experiment3_cross_site/site_b_amsterdam/E3XB_L4_A/seed20240601/B4b,f25b6605188a3c8088767774b56c0aa67b187c1ec30521a764e197fe041db5d8
B,E3XB_L4_A,L4,20240602,B0,1200,2,2,0,0,runs/experiment3_cross_site/site_b_amsterdam/E3XB_L4_A/seed20240602/B0,d57522186ea9e475bd8ba495491bc3fe566f8cfa8d545175de8229aaa352d29c
B,E3XB_L4_A,L4,20240602,B1,1200,2,2,0,0,runs/experiment3_cross_site/site_b_amsterdam/E3XB_L4_A/seed20240602/B1,a6f15ddb41e240ab79e6dca9508aaf12aedd482c9138aad1fad5d4ee1c306248
B,E3XB_L4_A,L4,20240602,B2,1200,2,2,0,0,runs/experiment3_cross_site/site_b_amsterdam/E3XB_L4_A/seed20240602/B2,a6f15ddb41e240ab79e6dca9508aaf12aedd482c9138aad1fad5d4ee1c306248
B,E3XB_L4_A,L4,20240602,B4b,1200,2,2,0,0,runs/experiment3_cross_site/site_b_amsterdam/E3XB_L4_A/seed20240602/B4b,a6f15ddb41e240ab79e6dca9508aaf12aedd482c9138aad1fad5d4ee1c306248
B,E3XB_L4_A,L4,20240603,B0,1200,2,2,0,0,runs/experiment3_cross_site/site_b_amsterdam/E3XB_L4_A/seed20240603/B0,98e09b609f4bd95d22630cb2633af07221dda335853c035e5c57e17c3d9c1d5f
B,E3XB_L4_A,L4,20240603,B1,1200,2,2,0,0,runs/experiment3_cross_site/site_b_amsterdam/E3XB_L4_A/seed20240603/B1,7da88993c4bae30c7bb9c5dc55b79094b689766fbf369285aba0e9dd239031d7
B,E3XB_L4_A,L4,20240603,B2,1200,2,2,0,0,runs/experiment3_cross_site/site_b_amsterdam/E3XB_L4_A/seed20240603/B2,7da88993c4bae30c7bb9c5dc55b79094b689766fbf369285aba0e9dd239031d7
B,E3XB_L4_A,L4,20240603,B4b,1200,2,2,0,0,runs/experiment3_cross_site/site_b_amsterdam/E3XB_L4_A/seed20240603/B4b,7da88993c4bae30c7bb9c5dc55b79094b689766fbf369285aba0e9dd239031d7
B,E3XB_L4_A,L4,20240604,B0,1200,2,2,0,0,runs/experiment3_cross_site/site_b_amsterdam/E3XB_L4_A/seed20240604/B0,b98a224f98e84a0f3ef20a2f583a808bcc5e64388c076cd5af48d6469c8fda93
B,E3XB_L4_A,L4,20240604,B1,1200,2,2,0,0,runs/experiment3_cross_site/site_b_amsterdam/E3XB_L4_A/seed20240604/B1,eae27e089857c1f948130a0f520b82cf30dfad44c7242476745ae83e0560f274
B,E3XB_L4_A,L4,20240604,B2,1200,2,2,0,0,runs/experiment3_cross_site/site_b_amsterdam/E3XB_L4_A/seed20240604/B2,eae27e089857c1f948130a0f520b82cf30dfad44c7242476745ae83e0560f274
B,E3XB_L4_A,L4,20240604,B4b,1200,2,2,0,0,runs/experiment3_cross_site/site_b_amsterdam/E3XB_L4_A/seed20240604/B4b,eae27e089857c1f948130a0f520b82cf30dfad44c7242476745ae83e0560f274
B,E3XB_L4_A,L4,20240605,B0,1200,2,2,0,0,runs/experiment3_cross_site/site_b_amsterdam/E3XB_L4_A/seed20240605/B0,690689f4c17605ff951b63c3a83aeb96cd72a5e54a9564b32afbdce2942938c7
B,E3XB_L4_A,L4,20240605,B1,1200,2,2,0,0,runs/experiment3_cross_site/site_b_amsterdam/E3XB_L4_A/seed20240605/B1,f9c1df8af06475fad4788690dfad9f9be8e655fc83d143bf5727799c3741fa61
B,E3XB_L4_A,L4,20240605,B2,1200,2,2,0,0,runs/experiment3_cross_site/site_b_amsterdam/E3XB_L4_A/seed20240605/B2,f9c1df8af06475fad4788690dfad9f9be8e655fc83d143bf5727799c3741fa61
B,E3XB_L4_A,L4,20240605,B4b,1200,2,2,0,0,runs/experiment3_cross_site/site_b_amsterdam/E3XB_L4_A/seed20240605/B4b,f9c1df8af06475fad4788690dfad9f9be8e655fc83d143bf5727799c3741fa61
B,E3XB_L4_A,L4,20240606,B0,1200,2,2,0,0,runs/experiment3_cross_site/site_b_amsterdam/E3XB_L4_A/seed20240606/B0,3bc67d2ac6445040dc5698ce918f771324bae8840e5b5e62bcb9e5f838ab5d73
B,E3XB_L4_A,L4,20240606,B1,1200,2,2,0,0,runs/experiment3_cross_site/site_b_amsterdam/E3XB_L4_A/seed20240606/B1,380f0aacc1bfdf6b3f0c57e436bd861c0544ff3bb8f60ab40c62b64e640b5586
B,E3XB_L4_A,L4,20240606,B2,1200,2,2,0,0,runs/experiment3_cross_site/site_b_amsterdam/E3XB_L4_A/seed20240606/B2,380f0aacc1bfdf6b3f0c57e436bd861c0544ff3bb8f60ab40c62b64e640b5586
B,E3XB_L4_A,L4,20240606,B4b,1200,2,2,0,0,runs/experiment3_cross_site/site_b_amsterdam/E3XB_L4_A/seed20240606/B4b,380f0aacc1bfdf6b3f0c57e436bd861c0544ff3bb8f60ab40c62b64e640b5586
B,E3XB_L4_A,L4,20240607,B0,1200,2,2,0,0,runs/experiment3_cross_site/site_b_amsterdam/E3XB_L4_A/seed20240607/B0,784ba4c5f58faf51401e7de0fc86ae4a51120b9f6b4e31cca2d0c512d4a834e8
B,E3XB_L4_A,L4,20240607,B1,1200,2,2,0,0,runs/experiment3_cross_site/site_b_amsterdam/E3XB_L4_A/seed20240607/B1,c598ddcf78109ddffab6b3fb45916dc5d6445a028b21ce79b4ef7f6fa92c34bc
B,E3XB_L4_A,L4,20240607,B2,1200,2,2,0,0,runs/experiment3_cross_site/site_b_amsterdam/E3XB_L4_A/seed20240607/B2,c598ddcf78109ddffab6b3fb45916dc5d6445a028b21ce79b4ef7f6fa92c34bc
B,E3XB_L4_A,L4,20240607,B4b,1200,2,2,0,0,runs/experiment3_cross_site/site_b_amsterdam/E3XB_L4_A/seed20240607/B4b,c598ddcf78109ddffab6b3fb45916dc5d6445a028b21ce79b4ef7f6fa92c34bc
B,E3XB_L4_A,L4,20240608,B0,1200,2,2,0,0,runs/experiment3_cross_site/site_b_amsterdam/E3XB_L4_A/seed20240608/B0,5a531a2d97c60462b1c2f9191957c8633b79495f3d294e598f19e2f45b3b3c02
B,E3XB_L4_A,L4,20240608,B1,1200,2,2,0,0,runs/experiment3_cross_site/site_b_amsterdam/E3XB_L4_A/seed20240608/B1,aead6fea963a93bbccf40290dbf2bcfdbb907965bee6c9828dbb6757c70836c3
B,E3XB_L4_A,L4,20240608,B2,1200,2,2,0,0,runs/experiment3_cross_site/site_b_amsterdam/E3XB_L4_A/seed20240608/B2,aead6fea963a93bbccf40290dbf2bcfdbb907965bee6c9828dbb6757c70836c3
B,E3XB_L4_A,L4,20240608,B4b,1200,2,2,0,0,runs/experiment3_cross_site/site_b_amsterdam/E3XB_L4_A/seed20240608/B4b,aead6fea963a93bbccf40290dbf2bcfdbb907965bee6c9828dbb6757c70836c3
B,E3XB_L4_A,L4,20240609,B0,1200,2,2,0,0,runs/experiment3_cross_site/site_b_amsterdam/E3XB_L4_A/seed20240609/B0,d97703975300da19520638972889ff4eb684e9a61400905222420b86468c80fd
B,E3XB_L4_A,L4,20240609,B1,1200,2,2,0,0,runs/experiment3_cross_site/site_b_amsterdam/E3XB_L4_A/seed20240609/B1,227f9811b7907e028f6c6f780b8b22257ac836a83f1a264689907fdbcbd3c382
B,E3XB_L4_A,L4,20240609,B2,1200,2,2,0,0,runs/experiment3_cross_site/site_b_amsterdam/E3XB_L4_A/seed20240609/B2,227f9811b7907e028f6c6f780b8b22257ac836a83f1a264689907fdbcbd3c382
B,E3XB_L4_A,L4,20240609,B4b,1200,2,2,0,0,runs/experiment3_cross_site/site_b_amsterdam/E3XB_L4_A/seed20240609/B4b,227f9811b7907e028f6c6f780b8b22257ac836a83f1a264689907fdbcbd3c382
B,E3XB_L4_A,L4,20240610,B0,1200,2,2,0,0,runs/experiment3_cross_site/site_b_amsterdam/E3XB_L4_A/seed20240610/B0,a97a3962bf8d6fdffaef414c8791154600ae77cafc8de9100cece7219ac3c302
B,E3XB_L4_A,L4,20240610,B1,1200,2,2,0,0,runs/experiment3_cross_site/site_b_amsterdam/E3XB_L4_A/seed20240610/B1,efdfcecacd2517816d4678b9d8d5e0313bdfb4fe041a7cae049b484bf12946c9
B,E3XB_L4_A,L4,20240610,B2,1200,2,2,0,0,runs/experiment3_cross_site/site_b_amsterdam/E3XB_L4_A/seed20240610/B2,efdfcecacd2517816d4678b9d8d5e0313bdfb4fe041a7cae049b484bf12946c9
B,E3XB_L4_A,L4,20240610,B4b,1200,2,2,0,0,runs/experiment3_cross_site/site_b_amsterdam/E3XB_L4_A/seed20240610/B4b,efdfcecacd2517816d4678b9d8d5e0313bdfb4fe041a7cae049b484bf12946c9
B,E3XB_L4_A,L4,20240611,B0,1200,2,2,0,0,runs/experiment3_cross_site/site_b_amsterdam/E3XB_L4_A/seed20240611/B0,347076171d6bab4d7e52e33d457483255445c00b9da119a705bf819b9452400c
B,E3XB_L4_A,L4,20240611,B1,1200,2,2,0,0,runs/experiment3_cross_site/site_b_amsterdam/E3XB_L4_A/seed20240611/B1,1ce017e336d8131f9a6b6b05217548fb82a3e61ad3bc483fe6191b5efa548f3f
B,E3XB_L4_A,L4,20240611,B2,1200,2,2,0,0,runs/experiment3_cross_site/site_b_amsterdam/E3XB_L4_A/seed20240611/B2,1ce017e336d8131f9a6b6b05217548fb82a3e61ad3bc483fe6191b5efa548f3f
B,E3XB_L4_A,L4,20240611,B4b,1200,2,2,0,0,runs/experiment3_cross_site/site_b_amsterdam/E3XB_L4_A/seed20240611/B4b,1ce017e336d8131f9a6b6b05217548fb82a3e61ad3bc483fe6191b5efa548f3f
B,E3XB_L4_A,L4,20240612,B0,1200,2,2,0,0,runs/experiment3_cross_site/site_b_amsterdam/E3XB_L4_A/seed20240612/B0,c490dcc2314ae994b4f8be96ddd96a970cbfa4e8e2befc4234995b1b97696f69
B,E3XB_L4_A,L4,20240612,B1,1200,2,2,0,0,runs/experiment3_cross_site/site_b_amsterdam/E3XB_L4_A/seed20240612/B1,8c24e410fbb8a04a188d1dff261db773ba4ebe63dbd872b9749f4ba42bd8ce17
B,E3XB_L4_A,L4,20240612,B2,1200,2,2,0,0,runs/experiment3_cross_site/site_b_amsterdam/E3XB_L4_A/seed20240612/B2,8c24e410fbb8a04a188d1dff261db773ba4ebe63dbd872b9749f4ba42bd8ce17
B,E3XB_L4_A,L4,20240612,B4b,1200,2,2,0,0,runs/experiment3_cross_site/site_b_amsterdam/E3XB_L4_A/seed20240612/B4b,8c24e410fbb8a04a188d1dff261db773ba4ebe63dbd872b9749f4ba42bd8ce17
B,E3XB_L4_A,L4,20240613,B0,1200,2,2,0,0,runs/experiment3_cross_site/site_b_amsterdam/E3XB_L4_A/seed20240613/B0,63c428a359112ab51ea402347d1485a76aea70c19a6bf343ababce1e1e938552
B,E3XB_L4_A,L4,20240613,B1,1200,2,2,0,0,runs/experiment3_cross_site/site_b_amsterdam/E3XB_L4_A/seed20240613/B1,22a6f4b5bec1a70d1a6b1b831a1daab87ff2f4006748c465664361223ead1527
B,E3XB_L4_A,L4,20240613,B2,1200,2,2,0,0,runs/experiment3_cross_site/site_b_amsterdam/E3XB_L4_A/seed20240613/B2,22a6f4b5bec1a70d1a6b1b831a1daab87ff2f4006748c465664361223ead1527
B,E3XB_L4_A,L4,20240613,B4b,1200,2,2,0,0,runs/experiment3_cross_site/site_b_amsterdam/E3XB_L4_A/seed20240613/B4b,22a6f4b5bec1a70d1a6b1b831a1daab87ff2f4006748c465664361223ead1527
B,E3XB_L4_A,L4,20240614,B0,1200,2,2,0,0,runs/experiment3_cross_site/site_b_amsterdam/E3XB_L4_A/seed20240614/B0,b77722ce78766a3ad833b91dfb18023fc9e81d36f311634b6d894bc963ba78c7
B,E3XB_L4_A,L4,20240614,B1,1200,2,2,0,0,runs/experiment3_cross_site/site_b_amsterdam/E3XB_L4_A/seed20240614/B1,bd9043704c69cac13e68f8b1bf9723003741d39564cf83fdf743af02b87f461b
B,E3XB_L4_A,L4,20240614,B2,1200,2,2,0,0,runs/experiment3_cross_site/site_b_amsterdam/E3XB_L4_A/seed20240614/B2,bd9043704c69cac13e68f8b1bf9723003741d39564cf83fdf743af02b87f461b
B,E3XB_L4_A,L4,20240614,B4b,1200,2,2,0,0,runs/experiment3_cross_site/site_b_amsterdam/E3XB_L4_A/seed20240614/B4b,bd9043704c69cac13e68f8b1bf9723003741d39564cf83fdf743af02b87f461b
B,E3XB_L4_A,L4,20240615,B0,1200,2,2,0,0,runs/experiment3_cross_site/site_b_amsterdam/E3XB_L4_A/seed20240615/B0,00a9cc5f57866e8a2834f386896b720f05b1a6833080ec9123ae7db73e6e8d31
B,E3XB_L4_A,L4,20240615,B1,1200,2,2,0,0,runs/experiment3_cross_site/site_b_amsterdam/E3XB_L4_A/seed20240615/B1,59add9ff9911fbf4e0475235918eb5930c13856568b2a33c49fd65f939a3b4fd
B,E3XB_L4_A,L4,20240615,B2,1200,2,2,0,0,runs/experiment3_cross_site/site_b_amsterdam/E3XB_L4_A/seed20240615/B2,59add9ff9911fbf4e0475235918eb5930c13856568b2a33c49fd65f939a3b4fd
B,E3XB_L4_A,L4,20240615,B4b,1200,2,2,0,0,runs/experiment3_cross_site/site_b_amsterdam/E3XB_L4_A/seed20240615/B4b,59add9ff9911fbf4e0475235918eb5930c13856568b2a33c49fd65f939a3b4fd
B,E3XB_L4_A,L4,20240616,B0,1200,2,2,0,0,runs/experiment3_cross_site/site_b_amsterdam/E3XB_L4_A/seed20240616/B0,5b4ad44de80cf9457c36d37a725e3ad25c62930786c94a0023ec0ffa76180cdd
B,E3XB_L4_A,L4,20240616,B1,1200,2,2,0,0,runs/experiment3_cross_site/site_b_amsterdam/E3XB_L4_A/seed20240616/B1,10b3724396e329eb8afd9cc7765185e6f62819c32c7cd135188c6fef9972c5cc
B,E3XB_L4_A,L4,20240616,B2,1200,2,2,0,0,runs/experiment3_cross_site/site_b_amsterdam/E3XB_L4_A/seed20240616/B2,10b3724396e329eb8afd9cc7765185e6f62819c32c7cd135188c6fef9972c5cc
B,E3XB_L4_A,L4,20240616,B4b,1200,2,2,0,0,runs/experiment3_cross_site/site_b_amsterdam/E3XB_L4_A/seed20240616/B4b,903da1a9af61aaed5bfc49c3583fd5d76107c4460460ba0bad8ffb692da493ca
B,E3XB_L4_A,L4,20240617,B0,1200,2,2,0,0,runs/experiment3_cross_site/site_b_amsterdam/E3XB_L4_A/seed20240617/B0,01851ea1cfd9806f07dc55a36dc0960e2ad6a16dafd354950a6f9dd7b00d3c9c
B,E3XB_L4_A,L4,20240617,B1,1200,2,2,0,0,runs/experiment3_cross_site/site_b_amsterdam/E3XB_L4_A/seed20240617/B1,f3ee1da71738ccf340a2a717b8c1268d23ee764bf095ef67c424bb9d0d8847fe
B,E3XB_L4_A,L4,20240617,B2,1200,2,2,0,0,runs/experiment3_cross_site/site_b_amsterdam/E3XB_L4_A/seed20240617/B2,f3ee1da71738ccf340a2a717b8c1268d23ee764bf095ef67c424bb9d0d8847fe
B,E3XB_L4_A,L4,20240617,B4b,1200,2,2,0,0,runs/experiment3_cross_site/site_b_amsterdam/E3XB_L4_A/seed20240617/B4b,f3ee1da71738ccf340a2a717b8c1268d23ee764bf095ef67c424bb9d0d8847fe
B,E3XB_L4_A,L4,20240618,B0,1200,2,2,0,0,runs/experiment3_cross_site/site_b_amsterdam/E3XB_L4_A/seed20240618/B0,9905d6c9c3ef6b7dac7871678b3f5297679355f67847f784fb08c406aed72b86
B,E3XB_L4_A,L4,20240618,B1,1200,2,2,0,0,runs/experiment3_cross_site/site_b_amsterdam/E3XB_L4_A/seed20240618/B1,7b82fedfd00fc5283915f2d7c3890f0ca7b2db97fb6b9776fc97d1933cde5455
B,E3XB_L4_A,L4,20240618,B2,1200,2,2,0,0,runs/experiment3_cross_site/site_b_amsterdam/E3XB_L4_A/seed20240618/B2,7b82fedfd00fc5283915f2d7c3890f0ca7b2db97fb6b9776fc97d1933cde5455
B,E3XB_L4_A,L4,20240618,B4b,1200,2,2,0,0,runs/experiment3_cross_site/site_b_amsterdam/E3XB_L4_A/seed20240618/B4b,7b82fedfd00fc5283915f2d7c3890f0ca7b2db97fb6b9776fc97d1933cde5455
B,E3XB_L4_A,L4,20240619,B0,1200,2,2,0,0,runs/experiment3_cross_site/site_b_amsterdam/E3XB_L4_A/seed20240619/B0,553b95bbc33f11a317166e13b7e40bbcf0eb77d458e2b593cc84281eb6dff963
B,E3XB_L4_A,L4,20240619,B1,1200,2,2,0,0,runs/experiment3_cross_site/site_b_amsterdam/E3XB_L4_A/seed20240619/B1,0fd5998bc4d41a3d1e80dc3f5f7ed00dfe357d44b0d3bf605d1c7b860ab35b76
B,E3XB_L4_A,L4,20240619,B2,1200,2,2,0,0,runs/experiment3_cross_site/site_b_amsterdam/E3XB_L4_A/seed20240619/B2,0fd5998bc4d41a3d1e80dc3f5f7ed00dfe357d44b0d3bf605d1c7b860ab35b76
B,E3XB_L4_A,L4,20240619,B4b,1200,2,2,0,0,runs/experiment3_cross_site/site_b_amsterdam/E3XB_L4_A/seed20240619/B4b,0fd5998bc4d41a3d1e80dc3f5f7ed00dfe357d44b0d3bf605d1c7b860ab35b76
B,E3XB_L4_A,L4,20240620,B0,1200,2,2,0,0,runs/experiment3_cross_site/site_b_amsterdam/E3XB_L4_A/seed20240620/B0,2d11095be6ad4b57cf1b9513363ddd2f223b53f01916e71b2e3447a31854c908
B,E3XB_L4_A,L4,20240620,B1,1200,2,2,0,0,runs/experiment3_cross_site/site_b_amsterdam/E3XB_L4_A/seed20240620/B1,fe9e88c3662fc69abc85c8673e4d4142e18ff705c9540839b895b23b587a6fac
B,E3XB_L4_A,L4,20240620,B2,1200,2,2,0,0,runs/experiment3_cross_site/site_b_amsterdam/E3XB_L4_A/seed20240620/B2,fe9e88c3662fc69abc85c8673e4d4142e18ff705c9540839b895b23b587a6fac
B,E3XB_L4_A,L4,20240620,B4b,1200,2,2,0,0,runs/experiment3_cross_site/site_b_amsterdam/E3XB_L4_A/seed20240620/B4b,fe9e88c3662fc69abc85c8673e4d4142e18ff705c9540839b895b23b587a6fac
B,E3XB_L4_B,L4,20240601,B0,1200,2,2,0,0,runs/experiment3_cross_site/site_b_amsterdam/E3XB_L4_B/seed20240601/B0,5ad0277ced366dd06abeaf45fc77ec8b906afc1ba34d955ac39e5491d05dca4b
B,E3XB_L4_B,L4,20240601,B1,1200,2,2,0,0,runs/experiment3_cross_site/site_b_amsterdam/E3XB_L4_B/seed20240601/B1,5b631fda31e15bf91334cb90e28e19d1f883a0df30a612cbe39db33e770a0021
B,E3XB_L4_B,L4,20240601,B2,1200,2,2,0,0,runs/experiment3_cross_site/site_b_amsterdam/E3XB_L4_B/seed20240601/B2,5b631fda31e15bf91334cb90e28e19d1f883a0df30a612cbe39db33e770a0021
B,E3XB_L4_B,L4,20240601,B4b,1200,2,2,0,0,runs/experiment3_cross_site/site_b_amsterdam/E3XB_L4_B/seed20240601/B4b,5b631fda31e15bf91334cb90e28e19d1f883a0df30a612cbe39db33e770a0021
B,E3XB_L4_B,L4,20240602,B0,1200,2,2,0,0,runs/experiment3_cross_site/site_b_amsterdam/E3XB_L4_B/seed20240602/B0,d0c088bec1ed06a2f4a078511c676ae3e4ad4f0918ce22d317ac75ed83cd2b82
B,E3XB_L4_B,L4,20240602,B1,1200,2,2,0,0,runs/experiment3_cross_site/site_b_amsterdam/E3XB_L4_B/seed20240602/B1,e40d427af18c07ac69ad6eaa0e811e0110d670364eab7a24e89710f32d13de21
B,E3XB_L4_B,L4,20240602,B2,1200,2,2,0,0,runs/experiment3_cross_site/site_b_amsterdam/E3XB_L4_B/seed20240602/B2,e40d427af18c07ac69ad6eaa0e811e0110d670364eab7a24e89710f32d13de21
B,E3XB_L4_B,L4,20240602,B4b,1200,2,2,0,0,runs/experiment3_cross_site/site_b_amsterdam/E3XB_L4_B/seed20240602/B4b,e40d427af18c07ac69ad6eaa0e811e0110d670364eab7a24e89710f32d13de21
B,E3XB_L4_B,L4,20240603,B0,1200,2,2,0,0,runs/experiment3_cross_site/site_b_amsterdam/E3XB_L4_B/seed20240603/B0,b7e1f7b191d5cba87d3d96065811827a8b1a8fa29ad8de425b7c567c31b99738
B,E3XB_L4_B,L4,20240603,B1,1200,2,2,0,0,runs/experiment3_cross_site/site_b_amsterdam/E3XB_L4_B/seed20240603/B1,edbd0f0a885c12cfd6d5396ff4aa532940a3d5c2e2745a032650b83ec2d45493
B,E3XB_L4_B,L4,20240603,B2,1200,2,2,0,0,runs/experiment3_cross_site/site_b_amsterdam/E3XB_L4_B/seed20240603/B2,edbd0f0a885c12cfd6d5396ff4aa532940a3d5c2e2745a032650b83ec2d45493
B,E3XB_L4_B,L4,20240603,B4b,1200,2,2,0,0,runs/experiment3_cross_site/site_b_amsterdam/E3XB_L4_B/seed20240603/B4b,edbd0f0a885c12cfd6d5396ff4aa532940a3d5c2e2745a032650b83ec2d45493
B,E3XB_L4_B,L4,20240604,B0,1200,2,2,0,0,runs/experiment3_cross_site/site_b_amsterdam/E3XB_L4_B/seed20240604/B0,f766afc581d43dee453818b537981f2d25b055c328d8aef9616e43e829d7de5d
B,E3XB_L4_B,L4,20240604,B1,1200,2,2,0,0,runs/experiment3_cross_site/site_b_amsterdam/E3XB_L4_B/seed20240604/B1,953506e576d0b3e1341296c927d991e2a687122c6ef151d2a92462acdfe601dd
B,E3XB_L4_B,L4,20240604,B2,1200,2,2,0,0,runs/experiment3_cross_site/site_b_amsterdam/E3XB_L4_B/seed20240604/B2,953506e576d0b3e1341296c927d991e2a687122c6ef151d2a92462acdfe601dd
B,E3XB_L4_B,L4,20240604,B4b,1200,2,2,0,0,runs/experiment3_cross_site/site_b_amsterdam/E3XB_L4_B/seed20240604/B4b,953506e576d0b3e1341296c927d991e2a687122c6ef151d2a92462acdfe601dd
B,E3XB_L4_B,L4,20240605,B0,1200,2,2,0,0,runs/experiment3_cross_site/site_b_amsterdam/E3XB_L4_B/seed20240605/B0,c17e5928e588365a73cd6aca78d611ecc2a985d51ed229e1b081a675439717fe
B,E3XB_L4_B,L4,20240605,B1,1200,2,2,0,0,runs/experiment3_cross_site/site_b_amsterdam/E3XB_L4_B/seed20240605/B1,ce43b420f13056d4fcbf87e58b5626a7ce972d5d49e4635476bf9736bc5e1db3
B,E3XB_L4_B,L4,20240605,B2,1200,2,2,0,0,runs/experiment3_cross_site/site_b_amsterdam/E3XB_L4_B/seed20240605/B2,ce43b420f13056d4fcbf87e58b5626a7ce972d5d49e4635476bf9736bc5e1db3
B,E3XB_L4_B,L4,20240605,B4b,1200,2,2,0,0,runs/experiment3_cross_site/site_b_amsterdam/E3XB_L4_B/seed20240605/B4b,ce43b420f13056d4fcbf87e58b5626a7ce972d5d49e4635476bf9736bc5e1db3
B,E3XB_L4_B,L4,20240606,B0,1200,2,2,0,0,runs/experiment3_cross_site/site_b_amsterdam/E3XB_L4_B/seed20240606/B0,79042c53b2297c95b468e5c0d2db950bb0ba959343107affce19e4febed4db43
B,E3XB_L4_B,L4,20240606,B1,1200,2,2,0,0,runs/experiment3_cross_site/site_b_amsterdam/E3XB_L4_B/seed20240606/B1,8b1be97fd07fd0f551a9123d62dea93a326c1cb3184161b8f1ec8fa5131077d6
B,E3XB_L4_B,L4,20240606,B2,1200,2,2,0,0,runs/experiment3_cross_site/site_b_amsterdam/E3XB_L4_B/seed20240606/B2,8b1be97fd07fd0f551a9123d62dea93a326c1cb3184161b8f1ec8fa5131077d6
B,E3XB_L4_B,L4,20240606,B4b,1200,2,2,0,0,runs/experiment3_cross_site/site_b_amsterdam/E3XB_L4_B/seed20240606/B4b,8b1be97fd07fd0f551a9123d62dea93a326c1cb3184161b8f1ec8fa5131077d6
B,E3XB_L4_B,L4,20240607,B0,1200,2,2,0,0,runs/experiment3_cross_site/site_b_amsterdam/E3XB_L4_B/seed20240607/B0,f83ec2dcb7070d0890a803dbb2ee179554f584daab08ebb572cc6e11242f66ba
B,E3XB_L4_B,L4,20240607,B1,1200,2,2,0,0,runs/experiment3_cross_site/site_b_amsterdam/E3XB_L4_B/seed20240607/B1,5060209527c64af9db40acbeebaad0f3d2453dac57e9254a6ad5bebe3ba96d0f
B,E3XB_L4_B,L4,20240607,B2,1200,2,2,0,0,runs/experiment3_cross_site/site_b_amsterdam/E3XB_L4_B/seed20240607/B2,5060209527c64af9db40acbeebaad0f3d2453dac57e9254a6ad5bebe3ba96d0f
B,E3XB_L4_B,L4,20240607,B4b,1200,2,2,0,0,runs/experiment3_cross_site/site_b_amsterdam/E3XB_L4_B/seed20240607/B4b,5060209527c64af9db40acbeebaad0f3d2453dac57e9254a6ad5bebe3ba96d0f
B,E3XB_L4_B,L4,20240608,B0,1200,2,2,0,0,runs/experiment3_cross_site/site_b_amsterdam/E3XB_L4_B/seed20240608/B0,3cff97e502baf09fbeabc91bf0327862fac0da80ee71f37ed71bc879f644dcc2
B,E3XB_L4_B,L4,20240608,B1,1200,2,2,0,0,runs/experiment3_cross_site/site_b_amsterdam/E3XB_L4_B/seed20240608/B1,9b209328d32b17bb7cebb66c5b4d716d53ae389b04ebe433b135cbe4ed38f326
B,E3XB_L4_B,L4,20240608,B2,1200,2,2,0,0,runs/experiment3_cross_site/site_b_amsterdam/E3XB_L4_B/seed20240608/B2,9b209328d32b17bb7cebb66c5b4d716d53ae389b04ebe433b135cbe4ed38f326
B,E3XB_L4_B,L4,20240608,B4b,1200,2,2,0,0,runs/experiment3_cross_site/site_b_amsterdam/E3XB_L4_B/seed20240608/B4b,9b209328d32b17bb7cebb66c5b4d716d53ae389b04ebe433b135cbe4ed38f326
B,E3XB_L4_B,L4,20240609,B0,1200,2,2,0,0,runs/experiment3_cross_site/site_b_amsterdam/E3XB_L4_B/seed20240609/B0,ab3ee824884e58fd93ae9d2f949ce66806ac29180302a85399f743e0990945b8
B,E3XB_L4_B,L4,20240609,B1,1200,2,2,0,0,runs/experiment3_cross_site/site_b_amsterdam/E3XB_L4_B/seed20240609/B1,3d092e6847bd94cde51e625a7854faff4d2fd6b143e6ee275d6af9ee91634596
B,E3XB_L4_B,L4,20240609,B2,1200,2,2,0,0,runs/experiment3_cross_site/site_b_amsterdam/E3XB_L4_B/seed20240609/B2,3d092e6847bd94cde51e625a7854faff4d2fd6b143e6ee275d6af9ee91634596
B,E3XB_L4_B,L4,20240609,B4b,1200,2,2,0,0,runs/experiment3_cross_site/site_b_amsterdam/E3XB_L4_B/seed20240609/B4b,3d092e6847bd94cde51e625a7854faff4d2fd6b143e6ee275d6af9ee91634596
B,E3XB_L4_B,L4,20240610,B0,1200,2,2,0,0,runs/experiment3_cross_site/site_b_amsterdam/E3XB_L4_B/seed20240610/B0,6eb3f733a3e06d50cf527776f3b8e8fb78b0529e38d0789f96c63b3f3809d345
B,E3XB_L4_B,L4,20240610,B1,1200,2,2,0,0,runs/experiment3_cross_site/site_b_amsterdam/E3XB_L4_B/seed20240610/B1,acd81e101aa43e58657d1f167c106a0cd175f5b20e2c173f1a2d484503fea7f8
B,E3XB_L4_B,L4,20240610,B2,1200,2,2,0,0,runs/experiment3_cross_site/site_b_amsterdam/E3XB_L4_B/seed20240610/B2,acd81e101aa43e58657d1f167c106a0cd175f5b20e2c173f1a2d484503fea7f8
B,E3XB_L4_B,L4,20240610,B4b,1200,2,2,0,0,runs/experiment3_cross_site/site_b_amsterdam/E3XB_L4_B/seed20240610/B4b,acd81e101aa43e58657d1f167c106a0cd175f5b20e2c173f1a2d484503fea7f8
B,E3XB_L4_B,L4,20240611,B0,1200,2,2,0,0,runs/experiment3_cross_site/site_b_amsterdam/E3XB_L4_B/seed20240611/B0,45ec56550433a29fab282ab090e255478898f31e34123c3202494cf9dffad748
B,E3XB_L4_B,L4,20240611,B1,1200,2,2,0,0,runs/experiment3_cross_site/site_b_amsterdam/E3XB_L4_B/seed20240611/B1,2813320aefac813a1cbaf2c12ed20174a7fb2ba2288e4315ec12b7d5d457631b
B,E3XB_L4_B,L4,20240611,B2,1200,2,2,0,0,runs/experiment3_cross_site/site_b_amsterdam/E3XB_L4_B/seed20240611/B2,2813320aefac813a1cbaf2c12ed20174a7fb2ba2288e4315ec12b7d5d457631b
B,E3XB_L4_B,L4,20240611,B4b,1200,2,2,0,0,runs/experiment3_cross_site/site_b_amsterdam/E3XB_L4_B/seed20240611/B4b,2813320aefac813a1cbaf2c12ed20174a7fb2ba2288e4315ec12b7d5d457631b
B,E3XB_L4_B,L4,20240612,B0,1200,2,2,0,0,runs/experiment3_cross_site/site_b_amsterdam/E3XB_L4_B/seed20240612/B0,c467a01605d03589745cd423e0f857758d82093483c29c2acb023d293628bd6c
B,E3XB_L4_B,L4,20240612,B1,1200,2,2,0,0,runs/experiment3_cross_site/site_b_amsterdam/E3XB_L4_B/seed20240612/B1,6b3012fd1e3662a094fae1d89798c77ab45fde89fc8bbda2fe91415fd300ce59
B,E3XB_L4_B,L4,20240612,B2,1200,2,2,0,0,runs/experiment3_cross_site/site_b_amsterdam/E3XB_L4_B/seed20240612/B2,6b3012fd1e3662a094fae1d89798c77ab45fde89fc8bbda2fe91415fd300ce59
B,E3XB_L4_B,L4,20240612,B4b,1200,2,2,0,0,runs/experiment3_cross_site/site_b_amsterdam/E3XB_L4_B/seed20240612/B4b,6b3012fd1e3662a094fae1d89798c77ab45fde89fc8bbda2fe91415fd300ce59
B,E3XB_L4_B,L4,20240613,B0,1200,2,2,0,0,runs/experiment3_cross_site/site_b_amsterdam/E3XB_L4_B/seed20240613/B0,110e0231ae16102d57586108bf320e31b0fbadd209f7481f2fd277e82441a1ff
B,E3XB_L4_B,L4,20240613,B1,1200,2,2,0,0,runs/experiment3_cross_site/site_b_amsterdam/E3XB_L4_B/seed20240613/B1,8ae0cabd48110e4302b8e8a99c04572efd3a94227d4358d7f58dada647686ead
B,E3XB_L4_B,L4,20240613,B2,1200,2,2,0,0,runs/experiment3_cross_site/site_b_amsterdam/E3XB_L4_B/seed20240613/B2,8ae0cabd48110e4302b8e8a99c04572efd3a94227d4358d7f58dada647686ead
B,E3XB_L4_B,L4,20240613,B4b,1200,2,2,0,0,runs/experiment3_cross_site/site_b_amsterdam/E3XB_L4_B/seed20240613/B4b,8ae0cabd48110e4302b8e8a99c04572efd3a94227d4358d7f58dada647686ead
B,E3XB_L4_B,L4,20240614,B0,1200,2,2,0,0,runs/experiment3_cross_site/site_b_amsterdam/E3XB_L4_B/seed20240614/B0,567b1a0885b1306d49c3e5fb6f84606cc37a8ebc21819f406127d91b7245a82a
B,E3XB_L4_B,L4,20240614,B1,1200,2,2,0,0,runs/experiment3_cross_site/site_b_amsterdam/E3XB_L4_B/seed20240614/B1,eebfeba485508684e648af57e3094b4fbe0344c0a3450bb2c8806f6c621ff707
B,E3XB_L4_B,L4,20240614,B2,1200,2,2,0,0,runs/experiment3_cross_site/site_b_amsterdam/E3XB_L4_B/seed20240614/B2,eebfeba485508684e648af57e3094b4fbe0344c0a3450bb2c8806f6c621ff707
B,E3XB_L4_B,L4,20240614,B4b,1200,2,2,0,0,runs/experiment3_cross_site/site_b_amsterdam/E3XB_L4_B/seed20240614/B4b,eebfeba485508684e648af57e3094b4fbe0344c0a3450bb2c8806f6c621ff707
B,E3XB_L4_B,L4,20240615,B0,1200,2,2,0,0,runs/experiment3_cross_site/site_b_amsterdam/E3XB_L4_B/seed20240615/B0,e4b84afd83b57d632ade5c22c2f668dac32afa6d43f0d2d645978e0ca4ee3fbc
B,E3XB_L4_B,L4,20240615,B1,1200,2,2,0,0,runs/experiment3_cross_site/site_b_amsterdam/E3XB_L4_B/seed20240615/B1,0a92299fc4867c3325de1a85e67080e367478ad5ae5045ace72f4ab608282028
B,E3XB_L4_B,L4,20240615,B2,1200,2,2,0,0,runs/experiment3_cross_site/site_b_amsterdam/E3XB_L4_B/seed20240615/B2,0a92299fc4867c3325de1a85e67080e367478ad5ae5045ace72f4ab608282028
B,E3XB_L4_B,L4,20240615,B4b,1200,2,2,0,0,runs/experiment3_cross_site/site_b_amsterdam/E3XB_L4_B/seed20240615/B4b,0a92299fc4867c3325de1a85e67080e367478ad5ae5045ace72f4ab608282028
B,E3XB_L4_B,L4,20240616,B0,1200,2,2,0,0,runs/experiment3_cross_site/site_b_amsterdam/E3XB_L4_B/seed20240616/B0,009c0afd49b328766df574d4c2e7843cb9233af08aa30fd2bf6ed107088c42dd
B,E3XB_L4_B,L4,20240616,B1,1200,2,2,0,0,runs/experiment3_cross_site/site_b_amsterdam/E3XB_L4_B/seed20240616/B1,d731dcb5fb58c250c419069b6ce885ce6ed665e61d04f03593a5e601a9fd4e19
B,E3XB_L4_B,L4,20240616,B2,1200,2,2,0,0,runs/experiment3_cross_site/site_b_amsterdam/E3XB_L4_B/seed20240616/B2,d731dcb5fb58c250c419069b6ce885ce6ed665e61d04f03593a5e601a9fd4e19
B,E3XB_L4_B,L4,20240616,B4b,1200,2,2,0,0,runs/experiment3_cross_site/site_b_amsterdam/E3XB_L4_B/seed20240616/B4b,d731dcb5fb58c250c419069b6ce885ce6ed665e61d04f03593a5e601a9fd4e19
B,E3XB_L4_B,L4,20240617,B0,1200,2,2,0,0,runs/experiment3_cross_site/site_b_amsterdam/E3XB_L4_B/seed20240617/B0,4a08ee067e78611329060d70b8db7958adf09217280630429dcf7230d269dfb1
B,E3XB_L4_B,L4,20240617,B1,1200,2,2,0,0,runs/experiment3_cross_site/site_b_amsterdam/E3XB_L4_B/seed20240617/B1,ed0625cbd73bda35662091501616bea194fe9866e3f4121466230946f12aea09
B,E3XB_L4_B,L4,20240617,B2,1200,2,2,0,0,runs/experiment3_cross_site/site_b_amsterdam/E3XB_L4_B/seed20240617/B2,ed0625cbd73bda35662091501616bea194fe9866e3f4121466230946f12aea09
B,E3XB_L4_B,L4,20240617,B4b,1200,2,2,0,0,runs/experiment3_cross_site/site_b_amsterdam/E3XB_L4_B/seed20240617/B4b,ed0625cbd73bda35662091501616bea194fe9866e3f4121466230946f12aea09
B,E3XB_L4_B,L4,20240618,B0,1200,2,2,0,0,runs/experiment3_cross_site/site_b_amsterdam/E3XB_L4_B/seed20240618/B0,4497885fc0cff9eba380016c37d17dff625f31003cae05de574b7848d1cccc05
B,E3XB_L4_B,L4,20240618,B1,1200,2,2,0,0,runs/experiment3_cross_site/site_b_amsterdam/E3XB_L4_B/seed20240618/B1,8e4835f7f9e4cdb6dab17087307da665638a69cc05ab74578d94c2ce5c6f4de0
B,E3XB_L4_B,L4,20240618,B2,1200,2,2,0,0,runs/experiment3_cross_site/site_b_amsterdam/E3XB_L4_B/seed20240618/B2,8e4835f7f9e4cdb6dab17087307da665638a69cc05ab74578d94c2ce5c6f4de0
B,E3XB_L4_B,L4,20240618,B4b,1200,2,2,0,0,runs/experiment3_cross_site/site_b_amsterdam/E3XB_L4_B/seed20240618/B4b,8e4835f7f9e4cdb6dab17087307da665638a69cc05ab74578d94c2ce5c6f4de0
B,E3XB_L4_B,L4,20240619,B0,1200,2,2,0,0,runs/experiment3_cross_site/site_b_amsterdam/E3XB_L4_B/seed20240619/B0,24cc9062cba59799a8f43e4f9b6df048f68cbe387a145ca65142e16effca7486
B,E3XB_L4_B,L4,20240619,B1,1200,2,2,0,0,runs/experiment3_cross_site/site_b_amsterdam/E3XB_L4_B/seed20240619/B1,809b9d66392a20b47e103c1633fc56b03b0ca8a386b6c9224e5eb3be080d8a4d
B,E3XB_L4_B,L4,20240619,B2,1200,2,2,0,0,runs/experiment3_cross_site/site_b_amsterdam/E3XB_L4_B/seed20240619/B2,809b9d66392a20b47e103c1633fc56b03b0ca8a386b6c9224e5eb3be080d8a4d
B,E3XB_L4_B,L4,20240619,B4b,1200,2,2,0,0,runs/experiment3_cross_site/site_b_amsterdam/E3XB_L4_B/seed20240619/B4b,809b9d66392a20b47e103c1633fc56b03b0ca8a386b6c9224e5eb3be080d8a4d
B,E3XB_L4_B,L4,20240620,B0,1200,2,2,0,0,runs/experiment3_cross_site/site_b_amsterdam/E3XB_L4_B/seed20240620/B0,c719b7890230410c6756859b7e8f4cd1eb87c45ef82857ab5207e109b76c8143
B,E3XB_L4_B,L4,20240620,B1,1200,2,2,0,0,runs/experiment3_cross_site/site_b_amsterdam/E3XB_L4_B/seed20240620/B1,6647f50741a2809ed61c56139e1d1b8c54fc4bb5d0cecc69106452b1da2a6e7d
B,E3XB_L4_B,L4,20240620,B2,1200,2,2,0,0,runs/experiment3_cross_site/site_b_amsterdam/E3XB_L4_B/seed20240620/B2,6647f50741a2809ed61c56139e1d1b8c54fc4bb5d0cecc69106452b1da2a6e7d
B,E3XB_L4_B,L4,20240620,B4b,1200,2,2,0,0,runs/experiment3_cross_site/site_b_amsterdam/E3XB_L4_B/seed20240620/B4b,6647f50741a2809ed61c56139e1d1b8c54fc4bb5d0cecc69106452b1da2a6e7d
C,E3XC_L1_F1_C2,L1,20240601,B0,900,1,1,0,0,runs/experiment3_cross_site/site_c_edmonton/E3XC_L1_F1_C2/seed20240601/B0,a4510e2af03048396ab238cdbca9b8706bbc50db4a480fd24cf3e5b33197f88a
C,E3XC_L1_F1_C2,L1,20240601,B1,900,1,1,0,0,runs/experiment3_cross_site/site_c_edmonton/E3XC_L1_F1_C2/seed20240601/B1,ef49f32e75e3afa9a7f7df802c8de73de41164ebbdfdc67f5916e00355105ad4
C,E3XC_L1_F1_C2,L1,20240601,B2,900,1,1,0,0,runs/experiment3_cross_site/site_c_edmonton/E3XC_L1_F1_C2/seed20240601/B2,ef49f32e75e3afa9a7f7df802c8de73de41164ebbdfdc67f5916e00355105ad4
C,E3XC_L1_F1_C2,L1,20240601,B4b,900,1,1,0,0,runs/experiment3_cross_site/site_c_edmonton/E3XC_L1_F1_C2/seed20240601/B4b,ef49f32e75e3afa9a7f7df802c8de73de41164ebbdfdc67f5916e00355105ad4
C,E3XC_L1_F1_C2,L1,20240602,B0,900,1,1,0,0,runs/experiment3_cross_site/site_c_edmonton/E3XC_L1_F1_C2/seed20240602/B0,2179d532448f892d40086ebd711bae910e16012b519169f08cd2f532648a52c5
C,E3XC_L1_F1_C2,L1,20240602,B1,900,1,1,0,0,runs/experiment3_cross_site/site_c_edmonton/E3XC_L1_F1_C2/seed20240602/B1,f20f9918912de5d6ea9d7529d90e65c701bbdc0032d275b4ff97997565ca7636
C,E3XC_L1_F1_C2,L1,20240602,B2,900,1,1,0,0,runs/experiment3_cross_site/site_c_edmonton/E3XC_L1_F1_C2/seed20240602/B2,f20f9918912de5d6ea9d7529d90e65c701bbdc0032d275b4ff97997565ca7636
C,E3XC_L1_F1_C2,L1,20240602,B4b,900,1,1,0,0,runs/experiment3_cross_site/site_c_edmonton/E3XC_L1_F1_C2/seed20240602/B4b,f20f9918912de5d6ea9d7529d90e65c701bbdc0032d275b4ff97997565ca7636
C,E3XC_L1_F1_C2,L1,20240603,B0,900,1,1,0,0,runs/experiment3_cross_site/site_c_edmonton/E3XC_L1_F1_C2/seed20240603/B0,1909e28f350b4b85a2db3851086558eb0af26e303ce58060689a3af7969918b8
C,E3XC_L1_F1_C2,L1,20240603,B1,900,1,1,0,0,runs/experiment3_cross_site/site_c_edmonton/E3XC_L1_F1_C2/seed20240603/B1,1a5b418328c2b32d23524da728e758eaf99090a0f06e98f4b16c0b732d6aec4d
C,E3XC_L1_F1_C2,L1,20240603,B2,900,1,1,0,0,runs/experiment3_cross_site/site_c_edmonton/E3XC_L1_F1_C2/seed20240603/B2,1a5b418328c2b32d23524da728e758eaf99090a0f06e98f4b16c0b732d6aec4d
C,E3XC_L1_F1_C2,L1,20240603,B4b,900,1,1,0,0,runs/experiment3_cross_site/site_c_edmonton/E3XC_L1_F1_C2/seed20240603/B4b,1a5b418328c2b32d23524da728e758eaf99090a0f06e98f4b16c0b732d6aec4d
C,E3XC_L1_F1_C2,L1,20240604,B0,900,1,1,0,0,runs/experiment3_cross_site/site_c_edmonton/E3XC_L1_F1_C2/seed20240604/B0,50cc2cdfb25f0e8e0afcc18ed7322e5c8ac53261aa0c6136a85050090a332816
C,E3XC_L1_F1_C2,L1,20240604,B1,900,1,1,0,0,runs/experiment3_cross_site/site_c_edmonton/E3XC_L1_F1_C2/seed20240604/B1,e53e8219ba1fa33c94ce29c96f21ce5f2e8562ddbc65e84516c7fbc6f2da2017
C,E3XC_L1_F1_C2,L1,20240604,B2,900,1,1,0,0,runs/experiment3_cross_site/site_c_edmonton/E3XC_L1_F1_C2/seed20240604/B2,e53e8219ba1fa33c94ce29c96f21ce5f2e8562ddbc65e84516c7fbc6f2da2017
C,E3XC_L1_F1_C2,L1,20240604,B4b,900,1,1,0,0,runs/experiment3_cross_site/site_c_edmonton/E3XC_L1_F1_C2/seed20240604/B4b,e53e8219ba1fa33c94ce29c96f21ce5f2e8562ddbc65e84516c7fbc6f2da2017
C,E3XC_L1_F1_C2,L1,20240605,B0,900,1,1,0,0,runs/experiment3_cross_site/site_c_edmonton/E3XC_L1_F1_C2/seed20240605/B0,6a81c6a3562458ac564aa90461a2815e8555c92985f36069f7c5bfc6ccf5181f
C,E3XC_L1_F1_C2,L1,20240605,B1,900,1,1,0,0,runs/experiment3_cross_site/site_c_edmonton/E3XC_L1_F1_C2/seed20240605/B1,e9db3ef47828908b0cfc7137999c25a0ff7bc44e48621c22dfb40bf79a76bb3b
C,E3XC_L1_F1_C2,L1,20240605,B2,900,1,1,0,0,runs/experiment3_cross_site/site_c_edmonton/E3XC_L1_F1_C2/seed20240605/B2,e9db3ef47828908b0cfc7137999c25a0ff7bc44e48621c22dfb40bf79a76bb3b
C,E3XC_L1_F1_C2,L1,20240605,B4b,900,1,1,0,0,runs/experiment3_cross_site/site_c_edmonton/E3XC_L1_F1_C2/seed20240605/B4b,e9db3ef47828908b0cfc7137999c25a0ff7bc44e48621c22dfb40bf79a76bb3b
C,E3XC_L1_F1_C2,L1,20240606,B0,900,1,1,0,0,runs/experiment3_cross_site/site_c_edmonton/E3XC_L1_F1_C2/seed20240606/B0,3327df022584ae8b4d253c89b868aad936af7a18bbd7f28979c6e282475f90bd
C,E3XC_L1_F1_C2,L1,20240606,B1,900,1,1,0,0,runs/experiment3_cross_site/site_c_edmonton/E3XC_L1_F1_C2/seed20240606/B1,21da7211a61d1e4aeea69b292d000fcdb1bb02354a4e87e12c110147cccec49f
C,E3XC_L1_F1_C2,L1,20240606,B2,900,1,1,0,0,runs/experiment3_cross_site/site_c_edmonton/E3XC_L1_F1_C2/seed20240606/B2,21da7211a61d1e4aeea69b292d000fcdb1bb02354a4e87e12c110147cccec49f
C,E3XC_L1_F1_C2,L1,20240606,B4b,900,1,1,0,0,runs/experiment3_cross_site/site_c_edmonton/E3XC_L1_F1_C2/seed20240606/B4b,21da7211a61d1e4aeea69b292d000fcdb1bb02354a4e87e12c110147cccec49f
C,E3XC_L1_F1_C2,L1,20240607,B0,900,1,1,0,0,runs/experiment3_cross_site/site_c_edmonton/E3XC_L1_F1_C2/seed20240607/B0,b285071fb8ae4c7bd5c65c03217b0cb3a71e865a5003333af112e29fb01cae0a
C,E3XC_L1_F1_C2,L1,20240607,B1,900,1,1,0,0,runs/experiment3_cross_site/site_c_edmonton/E3XC_L1_F1_C2/seed20240607/B1,e44f8dfebedc3213ba35b8a2c0f99d9eb0ac05cd38d315eba839c6d41c4c8eb1
C,E3XC_L1_F1_C2,L1,20240607,B2,900,1,1,0,0,runs/experiment3_cross_site/site_c_edmonton/E3XC_L1_F1_C2/seed20240607/B2,e44f8dfebedc3213ba35b8a2c0f99d9eb0ac05cd38d315eba839c6d41c4c8eb1
C,E3XC_L1_F1_C2,L1,20240607,B4b,900,1,1,0,0,runs/experiment3_cross_site/site_c_edmonton/E3XC_L1_F1_C2/seed20240607/B4b,e44f8dfebedc3213ba35b8a2c0f99d9eb0ac05cd38d315eba839c6d41c4c8eb1
C,E3XC_L1_F1_C2,L1,20240608,B0,900,1,1,0,0,runs/experiment3_cross_site/site_c_edmonton/E3XC_L1_F1_C2/seed20240608/B0,872ac7724a6374f46270b07b8966c7124a836b42388190504577368a6e63c7c8
C,E3XC_L1_F1_C2,L1,20240608,B1,900,1,1,0,0,runs/experiment3_cross_site/site_c_edmonton/E3XC_L1_F1_C2/seed20240608/B1,28bcbfcf674d3bf7b9a80da8b8ca848176404ff9848fef876a2970e8e3eb31ca
C,E3XC_L1_F1_C2,L1,20240608,B2,900,1,1,0,0,runs/experiment3_cross_site/site_c_edmonton/E3XC_L1_F1_C2/seed20240608/B2,28bcbfcf674d3bf7b9a80da8b8ca848176404ff9848fef876a2970e8e3eb31ca
C,E3XC_L1_F1_C2,L1,20240608,B4b,900,1,1,0,0,runs/experiment3_cross_site/site_c_edmonton/E3XC_L1_F1_C2/seed20240608/B4b,28bcbfcf674d3bf7b9a80da8b8ca848176404ff9848fef876a2970e8e3eb31ca
C,E3XC_L1_F1_C2,L1,20240609,B0,900,1,1,0,0,runs/experiment3_cross_site/site_c_edmonton/E3XC_L1_F1_C2/seed20240609/B0,ebb2066cc94e2b51f75840e7e4eeca817bd9c2cd4b9523465bd1e51cece53f16
C,E3XC_L1_F1_C2,L1,20240609,B1,900,1,1,0,0,runs/experiment3_cross_site/site_c_edmonton/E3XC_L1_F1_C2/seed20240609/B1,285df67b2eb6eaf36eafe0e4dfa51ffe994230d40391dc4f5777684ef1cdb76d
C,E3XC_L1_F1_C2,L1,20240609,B2,900,1,1,0,0,runs/experiment3_cross_site/site_c_edmonton/E3XC_L1_F1_C2/seed20240609/B2,285df67b2eb6eaf36eafe0e4dfa51ffe994230d40391dc4f5777684ef1cdb76d
C,E3XC_L1_F1_C2,L1,20240609,B4b,900,1,1,0,0,runs/experiment3_cross_site/site_c_edmonton/E3XC_L1_F1_C2/seed20240609/B4b,285df67b2eb6eaf36eafe0e4dfa51ffe994230d40391dc4f5777684ef1cdb76d
C,E3XC_L1_F1_C2,L1,20240610,B0,900,1,1,0,0,runs/experiment3_cross_site/site_c_edmonton/E3XC_L1_F1_C2/seed20240610/B0,74ad60a0cefa39be1c117e4b9ad88f0f53ef2f9db8b43b805afb92e221894361
C,E3XC_L1_F1_C2,L1,20240610,B1,900,1,1,0,0,runs/experiment3_cross_site/site_c_edmonton/E3XC_L1_F1_C2/seed20240610/B1,8e78eace98575ed5a3fc1a544b026c6419a92428c2c56f9a8966e72350b3a1b2
C,E3XC_L1_F1_C2,L1,20240610,B2,900,1,1,0,0,runs/experiment3_cross_site/site_c_edmonton/E3XC_L1_F1_C2/seed20240610/B2,8e78eace98575ed5a3fc1a544b026c6419a92428c2c56f9a8966e72350b3a1b2
C,E3XC_L1_F1_C2,L1,20240610,B4b,900,1,1,0,0,runs/experiment3_cross_site/site_c_edmonton/E3XC_L1_F1_C2/seed20240610/B4b,8e78eace98575ed5a3fc1a544b026c6419a92428c2c56f9a8966e72350b3a1b2
C,E3XC_L1_F1_C2,L1,20240611,B0,900,1,1,0,0,runs/experiment3_cross_site/site_c_edmonton/E3XC_L1_F1_C2/seed20240611/B0,2702336a85e6950c447c624888daab4468843f670c3cbc634d9936609575cdcd
C,E3XC_L1_F1_C2,L1,20240611,B1,900,1,1,0,0,runs/experiment3_cross_site/site_c_edmonton/E3XC_L1_F1_C2/seed20240611/B1,9d218e1cf4f0d648f42d33c00c29d5c5b44ae78b61f8af063e27eacb125665f5
C,E3XC_L1_F1_C2,L1,20240611,B2,900,1,1,0,0,runs/experiment3_cross_site/site_c_edmonton/E3XC_L1_F1_C2/seed20240611/B2,9d218e1cf4f0d648f42d33c00c29d5c5b44ae78b61f8af063e27eacb125665f5
C,E3XC_L1_F1_C2,L1,20240611,B4b,900,1,1,0,0,runs/experiment3_cross_site/site_c_edmonton/E3XC_L1_F1_C2/seed20240611/B4b,9d218e1cf4f0d648f42d33c00c29d5c5b44ae78b61f8af063e27eacb125665f5
C,E3XC_L1_F1_C2,L1,20240612,B0,900,1,1,0,0,runs/experiment3_cross_site/site_c_edmonton/E3XC_L1_F1_C2/seed20240612/B0,6ef2689e67f2d051b27bca1916b6caceda2249a36d39173737f30fced458fee5
C,E3XC_L1_F1_C2,L1,20240612,B1,900,1,1,0,0,runs/experiment3_cross_site/site_c_edmonton/E3XC_L1_F1_C2/seed20240612/B1,80fa75fd8811788672acbc535883fa36d94e851e371aeef6476c8232791310d2
C,E3XC_L1_F1_C2,L1,20240612,B2,900,1,1,0,0,runs/experiment3_cross_site/site_c_edmonton/E3XC_L1_F1_C2/seed20240612/B2,80fa75fd8811788672acbc535883fa36d94e851e371aeef6476c8232791310d2
C,E3XC_L1_F1_C2,L1,20240612,B4b,900,1,1,0,0,runs/experiment3_cross_site/site_c_edmonton/E3XC_L1_F1_C2/seed20240612/B4b,80fa75fd8811788672acbc535883fa36d94e851e371aeef6476c8232791310d2
C,E3XC_L1_F1_C2,L1,20240613,B0,900,1,1,0,0,runs/experiment3_cross_site/site_c_edmonton/E3XC_L1_F1_C2/seed20240613/B0,937ace685968fc612be059848c01f138dec379e7272f47c3eaa4406907dd1e7c
C,E3XC_L1_F1_C2,L1,20240613,B1,900,1,1,0,0,runs/experiment3_cross_site/site_c_edmonton/E3XC_L1_F1_C2/seed20240613/B1,9f1b00fab6a171627a02e41b2456b7e5189683e5fb23ea38b85eddc2ff7018e4
C,E3XC_L1_F1_C2,L1,20240613,B2,900,1,1,0,0,runs/experiment3_cross_site/site_c_edmonton/E3XC_L1_F1_C2/seed20240613/B2,9f1b00fab6a171627a02e41b2456b7e5189683e5fb23ea38b85eddc2ff7018e4
C,E3XC_L1_F1_C2,L1,20240613,B4b,900,1,1,0,0,runs/experiment3_cross_site/site_c_edmonton/E3XC_L1_F1_C2/seed20240613/B4b,9f1b00fab6a171627a02e41b2456b7e5189683e5fb23ea38b85eddc2ff7018e4
C,E3XC_L1_F1_C2,L1,20240614,B0,900,1,1,0,0,runs/experiment3_cross_site/site_c_edmonton/E3XC_L1_F1_C2/seed20240614/B0,27292f71570441fc44be287dcdfc7b3af8047985bd073d43c427cc007169f588
C,E3XC_L1_F1_C2,L1,20240614,B1,900,1,1,0,0,runs/experiment3_cross_site/site_c_edmonton/E3XC_L1_F1_C2/seed20240614/B1,b80dec979f810ac0827d98d5b7d69f0aeb1a97cb395454422b258bffcb16f0d7
C,E3XC_L1_F1_C2,L1,20240614,B2,900,1,1,0,0,runs/experiment3_cross_site/site_c_edmonton/E3XC_L1_F1_C2/seed20240614/B2,b80dec979f810ac0827d98d5b7d69f0aeb1a97cb395454422b258bffcb16f0d7
C,E3XC_L1_F1_C2,L1,20240614,B4b,900,1,1,0,0,runs/experiment3_cross_site/site_c_edmonton/E3XC_L1_F1_C2/seed20240614/B4b,b80dec979f810ac0827d98d5b7d69f0aeb1a97cb395454422b258bffcb16f0d7
C,E3XC_L1_F1_C2,L1,20240615,B0,900,1,1,0,0,runs/experiment3_cross_site/site_c_edmonton/E3XC_L1_F1_C2/seed20240615/B0,94a181ae700d1052782f744bef54f3823faf5ada312dcede80f5abafb300c4d5
C,E3XC_L1_F1_C2,L1,20240615,B1,900,1,1,0,0,runs/experiment3_cross_site/site_c_edmonton/E3XC_L1_F1_C2/seed20240615/B1,595c4e2730f333ea69c38870027fc3db8741c5fb99ec048de9e12f4c1fb549b7
C,E3XC_L1_F1_C2,L1,20240615,B2,900,1,1,0,0,runs/experiment3_cross_site/site_c_edmonton/E3XC_L1_F1_C2/seed20240615/B2,595c4e2730f333ea69c38870027fc3db8741c5fb99ec048de9e12f4c1fb549b7
C,E3XC_L1_F1_C2,L1,20240615,B4b,900,1,1,0,0,runs/experiment3_cross_site/site_c_edmonton/E3XC_L1_F1_C2/seed20240615/B4b,595c4e2730f333ea69c38870027fc3db8741c5fb99ec048de9e12f4c1fb549b7
C,E3XC_L1_F1_C2,L1,20240616,B0,900,1,1,0,0,runs/experiment3_cross_site/site_c_edmonton/E3XC_L1_F1_C2/seed20240616/B0,c278dee64ad99761d9dedb60c039c8ca6352ab7d1d88754f605bbfa18587ed3e
C,E3XC_L1_F1_C2,L1,20240616,B1,900,1,1,0,0,runs/experiment3_cross_site/site_c_edmonton/E3XC_L1_F1_C2/seed20240616/B1,d25e4f50a70af4db40f01aefd77c456e31f34543975fb6bf778d0803d19285c7
C,E3XC_L1_F1_C2,L1,20240616,B2,900,1,1,0,0,runs/experiment3_cross_site/site_c_edmonton/E3XC_L1_F1_C2/seed20240616/B2,d25e4f50a70af4db40f01aefd77c456e31f34543975fb6bf778d0803d19285c7
C,E3XC_L1_F1_C2,L1,20240616,B4b,900,1,1,0,0,runs/experiment3_cross_site/site_c_edmonton/E3XC_L1_F1_C2/seed20240616/B4b,d25e4f50a70af4db40f01aefd77c456e31f34543975fb6bf778d0803d19285c7
C,E3XC_L1_F1_C2,L1,20240617,B0,900,1,1,0,0,runs/experiment3_cross_site/site_c_edmonton/E3XC_L1_F1_C2/seed20240617/B0,624fe439b65a3572df536491fe4e9a386f7321b98346fc2a13b16f9a8833d2d1
C,E3XC_L1_F1_C2,L1,20240617,B1,900,1,1,0,0,runs/experiment3_cross_site/site_c_edmonton/E3XC_L1_F1_C2/seed20240617/B1,7d013d18e84800785ada96c2ac0d9ba8759b42af4a7c74deaf15a7549282063f
C,E3XC_L1_F1_C2,L1,20240617,B2,900,1,1,0,0,runs/experiment3_cross_site/site_c_edmonton/E3XC_L1_F1_C2/seed20240617/B2,7d013d18e84800785ada96c2ac0d9ba8759b42af4a7c74deaf15a7549282063f
C,E3XC_L1_F1_C2,L1,20240617,B4b,900,1,1,0,0,runs/experiment3_cross_site/site_c_edmonton/E3XC_L1_F1_C2/seed20240617/B4b,7d013d18e84800785ada96c2ac0d9ba8759b42af4a7c74deaf15a7549282063f
C,E3XC_L1_F1_C2,L1,20240618,B0,900,1,1,0,0,runs/experiment3_cross_site/site_c_edmonton/E3XC_L1_F1_C2/seed20240618/B0,78ae738533eb6864644c66e75ec2cb0d97ad44214d03cb89d5340c14c62eaed5
C,E3XC_L1_F1_C2,L1,20240618,B1,900,1,1,0,0,runs/experiment3_cross_site/site_c_edmonton/E3XC_L1_F1_C2/seed20240618/B1,97d6c521daafccd8e3642035c4ddedcf9e76219d70c6a5182eca4fae946156e6
C,E3XC_L1_F1_C2,L1,20240618,B2,900,1,1,0,0,runs/experiment3_cross_site/site_c_edmonton/E3XC_L1_F1_C2/seed20240618/B2,97d6c521daafccd8e3642035c4ddedcf9e76219d70c6a5182eca4fae946156e6
C,E3XC_L1_F1_C2,L1,20240618,B4b,900,1,1,0,0,runs/experiment3_cross_site/site_c_edmonton/E3XC_L1_F1_C2/seed20240618/B4b,97d6c521daafccd8e3642035c4ddedcf9e76219d70c6a5182eca4fae946156e6
C,E3XC_L1_F1_C2,L1,20240619,B0,900,1,1,0,0,runs/experiment3_cross_site/site_c_edmonton/E3XC_L1_F1_C2/seed20240619/B0,a7e67b777b30041a69d271eb7c61ea86967e8ddbab56d9c704f94d22fc0c3897
C,E3XC_L1_F1_C2,L1,20240619,B1,900,1,1,0,0,runs/experiment3_cross_site/site_c_edmonton/E3XC_L1_F1_C2/seed20240619/B1,2701c811e51b8becb2b568be2f7fad8555471913428be9dae486b4a2e1b789ef
C,E3XC_L1_F1_C2,L1,20240619,B2,900,1,1,0,0,runs/experiment3_cross_site/site_c_edmonton/E3XC_L1_F1_C2/seed20240619/B2,2701c811e51b8becb2b568be2f7fad8555471913428be9dae486b4a2e1b789ef
C,E3XC_L1_F1_C2,L1,20240619,B4b,900,1,1,0,0,runs/experiment3_cross_site/site_c_edmonton/E3XC_L1_F1_C2/seed20240619/B4b,2701c811e51b8becb2b568be2f7fad8555471913428be9dae486b4a2e1b789ef
C,E3XC_L1_F1_C2,L1,20240620,B0,900,1,1,0,0,runs/experiment3_cross_site/site_c_edmonton/E3XC_L1_F1_C2/seed20240620/B0,20af9e5fef93dc2fcb4434b904649d63a385698b3e920d2044dacb05c939259a
C,E3XC_L1_F1_C2,L1,20240620,B1,900,1,1,0,0,runs/experiment3_cross_site/site_c_edmonton/E3XC_L1_F1_C2/seed20240620/B1,9f92abd27fe091ab5fab657a8f098072156457f0d68d1da84dbdc7f27ef7fa83
C,E3XC_L1_F1_C2,L1,20240620,B2,900,1,1,0,0,runs/experiment3_cross_site/site_c_edmonton/E3XC_L1_F1_C2/seed20240620/B2,9f92abd27fe091ab5fab657a8f098072156457f0d68d1da84dbdc7f27ef7fa83
C,E3XC_L1_F1_C2,L1,20240620,B4b,900,1,1,0,0,runs/experiment3_cross_site/site_c_edmonton/E3XC_L1_F1_C2/seed20240620/B4b,9f92abd27fe091ab5fab657a8f098072156457f0d68d1da84dbdc7f27ef7fa83
C,E3XC_L1_F5_C2,L1,20240601,B0,900,1,1,0,0,runs/experiment3_cross_site/site_c_edmonton/E3XC_L1_F5_C2/seed20240601/B0,1b60bcf654f6b4be69a48a1e708b62e077d5b7c209c442a5b96b77a9427ff39e
C,E3XC_L1_F5_C2,L1,20240601,B1,900,1,1,0,0,runs/experiment3_cross_site/site_c_edmonton/E3XC_L1_F5_C2/seed20240601/B1,c70d96384704fc48fc37e1295d1634600c018f9f2a409e3335ec405088265830
C,E3XC_L1_F5_C2,L1,20240601,B2,900,1,1,0,0,runs/experiment3_cross_site/site_c_edmonton/E3XC_L1_F5_C2/seed20240601/B2,c70d96384704fc48fc37e1295d1634600c018f9f2a409e3335ec405088265830
C,E3XC_L1_F5_C2,L1,20240601,B4b,900,1,1,0,0,runs/experiment3_cross_site/site_c_edmonton/E3XC_L1_F5_C2/seed20240601/B4b,c70d96384704fc48fc37e1295d1634600c018f9f2a409e3335ec405088265830
C,E3XC_L1_F5_C2,L1,20240602,B0,900,1,1,0,0,runs/experiment3_cross_site/site_c_edmonton/E3XC_L1_F5_C2/seed20240602/B0,d4546fd7255dce20f29f1723459056ae0e980eeacbd62f031f2a53bcb5aad433
C,E3XC_L1_F5_C2,L1,20240602,B1,900,1,1,0,0,runs/experiment3_cross_site/site_c_edmonton/E3XC_L1_F5_C2/seed20240602/B1,c48d9763cde413eac5194c7ab0e0f6b15c8787fc5ad12bae6ef0c5fdfe7f1cbd
C,E3XC_L1_F5_C2,L1,20240602,B2,900,1,1,0,0,runs/experiment3_cross_site/site_c_edmonton/E3XC_L1_F5_C2/seed20240602/B2,c48d9763cde413eac5194c7ab0e0f6b15c8787fc5ad12bae6ef0c5fdfe7f1cbd
C,E3XC_L1_F5_C2,L1,20240602,B4b,900,1,1,0,0,runs/experiment3_cross_site/site_c_edmonton/E3XC_L1_F5_C2/seed20240602/B4b,c48d9763cde413eac5194c7ab0e0f6b15c8787fc5ad12bae6ef0c5fdfe7f1cbd
C,E3XC_L1_F5_C2,L1,20240603,B0,900,1,1,0,0,runs/experiment3_cross_site/site_c_edmonton/E3XC_L1_F5_C2/seed20240603/B0,312aa425642fac9716ee590853c1bca518478b3bc28e96cabe6bbe24913c1775
C,E3XC_L1_F5_C2,L1,20240603,B1,900,1,1,0,0,runs/experiment3_cross_site/site_c_edmonton/E3XC_L1_F5_C2/seed20240603/B1,ddf35e73d1314ceb47c08ecfe527201d746099e93ee06733f813cc7a64177edc
C,E3XC_L1_F5_C2,L1,20240603,B2,900,1,1,0,0,runs/experiment3_cross_site/site_c_edmonton/E3XC_L1_F5_C2/seed20240603/B2,ddf35e73d1314ceb47c08ecfe527201d746099e93ee06733f813cc7a64177edc
C,E3XC_L1_F5_C2,L1,20240603,B4b,900,1,1,0,0,runs/experiment3_cross_site/site_c_edmonton/E3XC_L1_F5_C2/seed20240603/B4b,ddf35e73d1314ceb47c08ecfe527201d746099e93ee06733f813cc7a64177edc
C,E3XC_L1_F5_C2,L1,20240604,B0,900,1,1,0,0,runs/experiment3_cross_site/site_c_edmonton/E3XC_L1_F5_C2/seed20240604/B0,f125dc94430072072a179249e146051f07efd5cc0511a62fefb76571446580fe
C,E3XC_L1_F5_C2,L1,20240604,B1,900,1,1,0,0,runs/experiment3_cross_site/site_c_edmonton/E3XC_L1_F5_C2/seed20240604/B1,5501a4ab8f88724b0ca87b86a288554e2fcc101608360875ac0cba55e70f9e98
C,E3XC_L1_F5_C2,L1,20240604,B2,900,1,1,0,0,runs/experiment3_cross_site/site_c_edmonton/E3XC_L1_F5_C2/seed20240604/B2,5501a4ab8f88724b0ca87b86a288554e2fcc101608360875ac0cba55e70f9e98
C,E3XC_L1_F5_C2,L1,20240604,B4b,900,1,1,0,0,runs/experiment3_cross_site/site_c_edmonton/E3XC_L1_F5_C2/seed20240604/B4b,5501a4ab8f88724b0ca87b86a288554e2fcc101608360875ac0cba55e70f9e98
C,E3XC_L1_F5_C2,L1,20240605,B0,900,1,1,0,0,runs/experiment3_cross_site/site_c_edmonton/E3XC_L1_F5_C2/seed20240605/B0,f4526ebc5e5657d6663e91e3c01ff6c1eeb907c83fcd596bb00d3b2279fece85
C,E3XC_L1_F5_C2,L1,20240605,B1,900,1,1,0,0,runs/experiment3_cross_site/site_c_edmonton/E3XC_L1_F5_C2/seed20240605/B1,d587ab5794b2d357a8e32405b2ecf71509b3ab4f786b08a9ca09792a4442d6d1
C,E3XC_L1_F5_C2,L1,20240605,B2,900,1,1,0,0,runs/experiment3_cross_site/site_c_edmonton/E3XC_L1_F5_C2/seed20240605/B2,d587ab5794b2d357a8e32405b2ecf71509b3ab4f786b08a9ca09792a4442d6d1
C,E3XC_L1_F5_C2,L1,20240605,B4b,900,1,1,0,0,runs/experiment3_cross_site/site_c_edmonton/E3XC_L1_F5_C2/seed20240605/B4b,d587ab5794b2d357a8e32405b2ecf71509b3ab4f786b08a9ca09792a4442d6d1
C,E3XC_L1_F5_C2,L1,20240606,B0,900,1,1,0,0,runs/experiment3_cross_site/site_c_edmonton/E3XC_L1_F5_C2/seed20240606/B0,28850f867c2af56abf4dbcfd51979270aced2809babe2ca4eaab61ebd250f3ae
C,E3XC_L1_F5_C2,L1,20240606,B1,900,1,1,0,0,runs/experiment3_cross_site/site_c_edmonton/E3XC_L1_F5_C2/seed20240606/B1,b15f819b35a738a201a56a7bb83870eec7aa391a916d8fa9cb215694800cac51
C,E3XC_L1_F5_C2,L1,20240606,B2,900,1,1,0,0,runs/experiment3_cross_site/site_c_edmonton/E3XC_L1_F5_C2/seed20240606/B2,b15f819b35a738a201a56a7bb83870eec7aa391a916d8fa9cb215694800cac51
C,E3XC_L1_F5_C2,L1,20240606,B4b,900,1,1,0,0,runs/experiment3_cross_site/site_c_edmonton/E3XC_L1_F5_C2/seed20240606/B4b,b15f819b35a738a201a56a7bb83870eec7aa391a916d8fa9cb215694800cac51
C,E3XC_L1_F5_C2,L1,20240607,B0,900,1,1,0,0,runs/experiment3_cross_site/site_c_edmonton/E3XC_L1_F5_C2/seed20240607/B0,ba301f7a1c620619117585fc1585af681dc7b85a8478046dc13b5df4ba1d0d47
C,E3XC_L1_F5_C2,L1,20240607,B1,900,1,1,0,0,runs/experiment3_cross_site/site_c_edmonton/E3XC_L1_F5_C2/seed20240607/B1,dbc8124da6baaa1e690fe617765bec4581e21fc4fbe198ebb2e34766b18782ca
C,E3XC_L1_F5_C2,L1,20240607,B2,900,1,1,0,0,runs/experiment3_cross_site/site_c_edmonton/E3XC_L1_F5_C2/seed20240607/B2,dbc8124da6baaa1e690fe617765bec4581e21fc4fbe198ebb2e34766b18782ca
C,E3XC_L1_F5_C2,L1,20240607,B4b,900,1,1,0,0,runs/experiment3_cross_site/site_c_edmonton/E3XC_L1_F5_C2/seed20240607/B4b,dbc8124da6baaa1e690fe617765bec4581e21fc4fbe198ebb2e34766b18782ca
C,E3XC_L1_F5_C2,L1,20240608,B0,900,1,1,0,0,runs/experiment3_cross_site/site_c_edmonton/E3XC_L1_F5_C2/seed20240608/B0,5a140e16139ba9a5344d55d92d43ab56fc8bf518bd40aef8bacc196be2efd3c3
C,E3XC_L1_F5_C2,L1,20240608,B1,900,1,1,0,0,runs/experiment3_cross_site/site_c_edmonton/E3XC_L1_F5_C2/seed20240608/B1,5daebcd29d3878d3351d957b58d99b6cf8b4eb1e2e4afbe5d36c19915aed2c17
C,E3XC_L1_F5_C2,L1,20240608,B2,900,1,1,0,0,runs/experiment3_cross_site/site_c_edmonton/E3XC_L1_F5_C2/seed20240608/B2,5daebcd29d3878d3351d957b58d99b6cf8b4eb1e2e4afbe5d36c19915aed2c17
C,E3XC_L1_F5_C2,L1,20240608,B4b,900,1,1,0,0,runs/experiment3_cross_site/site_c_edmonton/E3XC_L1_F5_C2/seed20240608/B4b,5daebcd29d3878d3351d957b58d99b6cf8b4eb1e2e4afbe5d36c19915aed2c17
C,E3XC_L1_F5_C2,L1,20240609,B0,900,1,1,0,0,runs/experiment3_cross_site/site_c_edmonton/E3XC_L1_F5_C2/seed20240609/B0,dc6be09574cb37e72a226fa01c0451a02f183ebfa0d63ab13d73290fbfe4ce6c
C,E3XC_L1_F5_C2,L1,20240609,B1,900,1,1,0,0,runs/experiment3_cross_site/site_c_edmonton/E3XC_L1_F5_C2/seed20240609/B1,bc3393ec82c5baa4a2ad313b577eb0a649fecf3092b4df3e5d736e76769a81e4
C,E3XC_L1_F5_C2,L1,20240609,B2,900,1,1,0,0,runs/experiment3_cross_site/site_c_edmonton/E3XC_L1_F5_C2/seed20240609/B2,bc3393ec82c5baa4a2ad313b577eb0a649fecf3092b4df3e5d736e76769a81e4
C,E3XC_L1_F5_C2,L1,20240609,B4b,900,1,1,0,0,runs/experiment3_cross_site/site_c_edmonton/E3XC_L1_F5_C2/seed20240609/B4b,bc3393ec82c5baa4a2ad313b577eb0a649fecf3092b4df3e5d736e76769a81e4
C,E3XC_L1_F5_C2,L1,20240610,B0,900,1,1,0,0,runs/experiment3_cross_site/site_c_edmonton/E3XC_L1_F5_C2/seed20240610/B0,302386597baaccde561e62f8de27b796798d0a9cdca92d7a24d6e4a86042ecc7
C,E3XC_L1_F5_C2,L1,20240610,B1,900,1,1,0,0,runs/experiment3_cross_site/site_c_edmonton/E3XC_L1_F5_C2/seed20240610/B1,cade13c495061e1f872155ca567b39a1273bbc87ee74c2124a72f87cf848e416
C,E3XC_L1_F5_C2,L1,20240610,B2,900,1,1,0,0,runs/experiment3_cross_site/site_c_edmonton/E3XC_L1_F5_C2/seed20240610/B2,cade13c495061e1f872155ca567b39a1273bbc87ee74c2124a72f87cf848e416
C,E3XC_L1_F5_C2,L1,20240610,B4b,900,1,1,0,0,runs/experiment3_cross_site/site_c_edmonton/E3XC_L1_F5_C2/seed20240610/B4b,cade13c495061e1f872155ca567b39a1273bbc87ee74c2124a72f87cf848e416
C,E3XC_L1_F5_C2,L1,20240611,B0,900,1,1,0,0,runs/experiment3_cross_site/site_c_edmonton/E3XC_L1_F5_C2/seed20240611/B0,914b044872eb59189d9b9e8e6b5361749a3e750b71799bd592818c5e4c673db7
C,E3XC_L1_F5_C2,L1,20240611,B1,900,1,1,0,0,runs/experiment3_cross_site/site_c_edmonton/E3XC_L1_F5_C2/seed20240611/B1,d9be79ff8c021541b3551dadc13ae73f8cc7865547b935cc6979e57062cb0499
C,E3XC_L1_F5_C2,L1,20240611,B2,900,1,1,0,0,runs/experiment3_cross_site/site_c_edmonton/E3XC_L1_F5_C2/seed20240611/B2,d9be79ff8c021541b3551dadc13ae73f8cc7865547b935cc6979e57062cb0499
C,E3XC_L1_F5_C2,L1,20240611,B4b,900,1,1,0,0,runs/experiment3_cross_site/site_c_edmonton/E3XC_L1_F5_C2/seed20240611/B4b,d9be79ff8c021541b3551dadc13ae73f8cc7865547b935cc6979e57062cb0499
C,E3XC_L1_F5_C2,L1,20240612,B0,900,1,1,0,0,runs/experiment3_cross_site/site_c_edmonton/E3XC_L1_F5_C2/seed20240612/B0,d45895095eca8dd4d4488f1600fcfe914fbb1db39902bed68e52c99707edb378
C,E3XC_L1_F5_C2,L1,20240612,B1,900,1,1,0,0,runs/experiment3_cross_site/site_c_edmonton/E3XC_L1_F5_C2/seed20240612/B1,a5df6555a5b642596f04cfea5e466995a705f56eaaf6647cfd0389f7a7ddd0e8
C,E3XC_L1_F5_C2,L1,20240612,B2,900,1,1,0,0,runs/experiment3_cross_site/site_c_edmonton/E3XC_L1_F5_C2/seed20240612/B2,a5df6555a5b642596f04cfea5e466995a705f56eaaf6647cfd0389f7a7ddd0e8
C,E3XC_L1_F5_C2,L1,20240612,B4b,900,1,1,0,0,runs/experiment3_cross_site/site_c_edmonton/E3XC_L1_F5_C2/seed20240612/B4b,a5df6555a5b642596f04cfea5e466995a705f56eaaf6647cfd0389f7a7ddd0e8
C,E3XC_L1_F5_C2,L1,20240613,B0,900,1,1,0,0,runs/experiment3_cross_site/site_c_edmonton/E3XC_L1_F5_C2/seed20240613/B0,c73e6ebc51718a23c74c7a8933807efe5f12d6c6fcb6ca026b190d5b84875223
C,E3XC_L1_F5_C2,L1,20240613,B1,900,1,1,0,0,runs/experiment3_cross_site/site_c_edmonton/E3XC_L1_F5_C2/seed20240613/B1,a57442b7d13cd9dd6a6eb104ae3b68d0b39fac81ebcbe03664a54bf7bff93aa6
C,E3XC_L1_F5_C2,L1,20240613,B2,900,1,1,0,0,runs/experiment3_cross_site/site_c_edmonton/E3XC_L1_F5_C2/seed20240613/B2,a57442b7d13cd9dd6a6eb104ae3b68d0b39fac81ebcbe03664a54bf7bff93aa6
C,E3XC_L1_F5_C2,L1,20240613,B4b,900,1,1,0,0,runs/experiment3_cross_site/site_c_edmonton/E3XC_L1_F5_C2/seed20240613/B4b,a57442b7d13cd9dd6a6eb104ae3b68d0b39fac81ebcbe03664a54bf7bff93aa6
C,E3XC_L1_F5_C2,L1,20240614,B0,900,1,1,0,0,runs/experiment3_cross_site/site_c_edmonton/E3XC_L1_F5_C2/seed20240614/B0,09dee7c63eb1c91cc4e3e47f563697860f45ca9b924c9023cece3c77a9e1403e
C,E3XC_L1_F5_C2,L1,20240614,B1,900,1,1,0,0,runs/experiment3_cross_site/site_c_edmonton/E3XC_L1_F5_C2/seed20240614/B1,bdf259dbbdf7604f6e2af23e80b384556d4cc0410a46f2ec4329666414d49163
C,E3XC_L1_F5_C2,L1,20240614,B2,900,1,1,0,0,runs/experiment3_cross_site/site_c_edmonton/E3XC_L1_F5_C2/seed20240614/B2,bdf259dbbdf7604f6e2af23e80b384556d4cc0410a46f2ec4329666414d49163
C,E3XC_L1_F5_C2,L1,20240614,B4b,900,1,1,0,0,runs/experiment3_cross_site/site_c_edmonton/E3XC_L1_F5_C2/seed20240614/B4b,bdf259dbbdf7604f6e2af23e80b384556d4cc0410a46f2ec4329666414d49163
C,E3XC_L1_F5_C2,L1,20240615,B0,900,1,1,0,0,runs/experiment3_cross_site/site_c_edmonton/E3XC_L1_F5_C2/seed20240615/B0,38cdf2679e1eb51f492fedf876840daffc56123d774eb6e636fe9a8797b713c1
C,E3XC_L1_F5_C2,L1,20240615,B1,900,1,1,0,0,runs/experiment3_cross_site/site_c_edmonton/E3XC_L1_F5_C2/seed20240615/B1,26ba1e507515648869f97ea471d2ce51a60ae93b1731845e5462ebe11f12f95e
C,E3XC_L1_F5_C2,L1,20240615,B2,900,1,1,0,0,runs/experiment3_cross_site/site_c_edmonton/E3XC_L1_F5_C2/seed20240615/B2,26ba1e507515648869f97ea471d2ce51a60ae93b1731845e5462ebe11f12f95e
C,E3XC_L1_F5_C2,L1,20240615,B4b,900,1,1,0,0,runs/experiment3_cross_site/site_c_edmonton/E3XC_L1_F5_C2/seed20240615/B4b,26ba1e507515648869f97ea471d2ce51a60ae93b1731845e5462ebe11f12f95e
C,E3XC_L1_F5_C2,L1,20240616,B0,900,1,1,0,0,runs/experiment3_cross_site/site_c_edmonton/E3XC_L1_F5_C2/seed20240616/B0,c883916930c5d33c64a537477ab9b07879bf59c2fd1c906d8f31d92133e6fa90
C,E3XC_L1_F5_C2,L1,20240616,B1,900,1,1,0,0,runs/experiment3_cross_site/site_c_edmonton/E3XC_L1_F5_C2/seed20240616/B1,f928f72a127dd5d16e45c807f2f07c8581f871dfd3d070898bdac1ad8db1e9aa
C,E3XC_L1_F5_C2,L1,20240616,B2,900,1,1,0,0,runs/experiment3_cross_site/site_c_edmonton/E3XC_L1_F5_C2/seed20240616/B2,f928f72a127dd5d16e45c807f2f07c8581f871dfd3d070898bdac1ad8db1e9aa
C,E3XC_L1_F5_C2,L1,20240616,B4b,900,1,1,0,0,runs/experiment3_cross_site/site_c_edmonton/E3XC_L1_F5_C2/seed20240616/B4b,f928f72a127dd5d16e45c807f2f07c8581f871dfd3d070898bdac1ad8db1e9aa
C,E3XC_L1_F5_C2,L1,20240617,B0,900,1,1,0,0,runs/experiment3_cross_site/site_c_edmonton/E3XC_L1_F5_C2/seed20240617/B0,0fa0dfd50c41885e46de413170c9bf2682340279514d345523826e7cb97669ff
C,E3XC_L1_F5_C2,L1,20240617,B1,900,1,1,0,0,runs/experiment3_cross_site/site_c_edmonton/E3XC_L1_F5_C2/seed20240617/B1,8a50f944aa0325116283d23eab343e51019a426f9e265fb8b73b171ba4e61fb2
C,E3XC_L1_F5_C2,L1,20240617,B2,900,1,1,0,0,runs/experiment3_cross_site/site_c_edmonton/E3XC_L1_F5_C2/seed20240617/B2,8a50f944aa0325116283d23eab343e51019a426f9e265fb8b73b171ba4e61fb2
C,E3XC_L1_F5_C2,L1,20240617,B4b,900,1,1,0,0,runs/experiment3_cross_site/site_c_edmonton/E3XC_L1_F5_C2/seed20240617/B4b,8a50f944aa0325116283d23eab343e51019a426f9e265fb8b73b171ba4e61fb2
C,E3XC_L1_F5_C2,L1,20240618,B0,900,1,1,0,0,runs/experiment3_cross_site/site_c_edmonton/E3XC_L1_F5_C2/seed20240618/B0,c53db8e5df40df7812fc6aa8c3c55141af33842cd0a6b5bd2487eee565206492
C,E3XC_L1_F5_C2,L1,20240618,B1,900,1,1,0,0,runs/experiment3_cross_site/site_c_edmonton/E3XC_L1_F5_C2/seed20240618/B1,2cb72b16c3596c9a29d4793cf517a4be7b03507605281a8b590ad717f164dc8b
C,E3XC_L1_F5_C2,L1,20240618,B2,900,1,1,0,0,runs/experiment3_cross_site/site_c_edmonton/E3XC_L1_F5_C2/seed20240618/B2,2cb72b16c3596c9a29d4793cf517a4be7b03507605281a8b590ad717f164dc8b
C,E3XC_L1_F5_C2,L1,20240618,B4b,900,1,1,0,0,runs/experiment3_cross_site/site_c_edmonton/E3XC_L1_F5_C2/seed20240618/B4b,2cb72b16c3596c9a29d4793cf517a4be7b03507605281a8b590ad717f164dc8b
C,E3XC_L1_F5_C2,L1,20240619,B0,900,1,1,0,0,runs/experiment3_cross_site/site_c_edmonton/E3XC_L1_F5_C2/seed20240619/B0,199e3a331f71cadf4dd2116390657fbab40acc94d31e9c1101f0adc358ad72d5
C,E3XC_L1_F5_C2,L1,20240619,B1,900,1,1,0,0,runs/experiment3_cross_site/site_c_edmonton/E3XC_L1_F5_C2/seed20240619/B1,d8fc2ad2aba7490446ee87a5e2db159f276215e8d54a07df72d0fc6fd19e5a65
C,E3XC_L1_F5_C2,L1,20240619,B2,900,1,1,0,0,runs/experiment3_cross_site/site_c_edmonton/E3XC_L1_F5_C2/seed20240619/B2,d8fc2ad2aba7490446ee87a5e2db159f276215e8d54a07df72d0fc6fd19e5a65
C,E3XC_L1_F5_C2,L1,20240619,B4b,900,1,1,0,0,runs/experiment3_cross_site/site_c_edmonton/E3XC_L1_F5_C2/seed20240619/B4b,d8fc2ad2aba7490446ee87a5e2db159f276215e8d54a07df72d0fc6fd19e5a65
C,E3XC_L1_F5_C2,L1,20240620,B0,900,1,1,0,0,runs/experiment3_cross_site/site_c_edmonton/E3XC_L1_F5_C2/seed20240620/B0,8a7038ffc14a51eec5b905989da77b67688973a4b9a54583f9737e267b223165
C,E3XC_L1_F5_C2,L1,20240620,B1,900,1,1,0,0,runs/experiment3_cross_site/site_c_edmonton/E3XC_L1_F5_C2/seed20240620/B1,4fc9c2d672ece87062eebf26506a8fd4b40004e43a6ccc27504d56cf11e12d62
C,E3XC_L1_F5_C2,L1,20240620,B2,900,1,1,0,0,runs/experiment3_cross_site/site_c_edmonton/E3XC_L1_F5_C2/seed20240620/B2,4fc9c2d672ece87062eebf26506a8fd4b40004e43a6ccc27504d56cf11e12d62
C,E3XC_L1_F5_C2,L1,20240620,B4b,900,1,1,0,0,runs/experiment3_cross_site/site_c_edmonton/E3XC_L1_F5_C2/seed20240620/B4b,4fc9c2d672ece87062eebf26506a8fd4b40004e43a6ccc27504d56cf11e12d62
C,E3XC_L2_F1_F1,L2,20240601,B0,900,1,1,0,0,runs/experiment3_cross_site/site_c_edmonton/E3XC_L2_F1_F1/seed20240601/B0,3f18205bb5bcb8a3adc56a52b0cac1d21048bd38f55c83b6ca48f472a56b1579
C,E3XC_L2_F1_F1,L2,20240601,B1,900,1,1,0,0,runs/experiment3_cross_site/site_c_edmonton/E3XC_L2_F1_F1/seed20240601/B1,ee8bb3131046bc651f31148f72311166b13617f351f1976ae8e36d2e2af697b9
C,E3XC_L2_F1_F1,L2,20240601,B2,900,1,1,0,0,runs/experiment3_cross_site/site_c_edmonton/E3XC_L2_F1_F1/seed20240601/B2,ee8bb3131046bc651f31148f72311166b13617f351f1976ae8e36d2e2af697b9
C,E3XC_L2_F1_F1,L2,20240601,B4b,900,1,1,0,0,runs/experiment3_cross_site/site_c_edmonton/E3XC_L2_F1_F1/seed20240601/B4b,ee8bb3131046bc651f31148f72311166b13617f351f1976ae8e36d2e2af697b9
C,E3XC_L2_F1_F1,L2,20240602,B0,900,1,1,0,0,runs/experiment3_cross_site/site_c_edmonton/E3XC_L2_F1_F1/seed20240602/B0,843ecc281dd60f5eff808f05672249e10fa797864f1c416c06daf2046c23bb1e
C,E3XC_L2_F1_F1,L2,20240602,B1,900,1,1,0,0,runs/experiment3_cross_site/site_c_edmonton/E3XC_L2_F1_F1/seed20240602/B1,6905e1a93e44ff0903e3bbb9ed113af1e5cef6797c4cec5525ee348cb591ddc5
C,E3XC_L2_F1_F1,L2,20240602,B2,900,1,1,0,0,runs/experiment3_cross_site/site_c_edmonton/E3XC_L2_F1_F1/seed20240602/B2,6905e1a93e44ff0903e3bbb9ed113af1e5cef6797c4cec5525ee348cb591ddc5
C,E3XC_L2_F1_F1,L2,20240602,B4b,900,1,1,0,0,runs/experiment3_cross_site/site_c_edmonton/E3XC_L2_F1_F1/seed20240602/B4b,6905e1a93e44ff0903e3bbb9ed113af1e5cef6797c4cec5525ee348cb591ddc5
C,E3XC_L2_F1_F1,L2,20240603,B0,900,1,1,0,0,runs/experiment3_cross_site/site_c_edmonton/E3XC_L2_F1_F1/seed20240603/B0,6d5478117645c49451cf9b193fd53a868b8a59cf1efbde5e827c7b070705d2cc
C,E3XC_L2_F1_F1,L2,20240603,B1,900,1,1,0,0,runs/experiment3_cross_site/site_c_edmonton/E3XC_L2_F1_F1/seed20240603/B1,a6921951fb8aed3987f13feb3fd13a22d0482489b81c8b04f8e981fce8fc576f
C,E3XC_L2_F1_F1,L2,20240603,B2,900,1,1,0,0,runs/experiment3_cross_site/site_c_edmonton/E3XC_L2_F1_F1/seed20240603/B2,a6921951fb8aed3987f13feb3fd13a22d0482489b81c8b04f8e981fce8fc576f
C,E3XC_L2_F1_F1,L2,20240603,B4b,900,1,1,0,0,runs/experiment3_cross_site/site_c_edmonton/E3XC_L2_F1_F1/seed20240603/B4b,a6921951fb8aed3987f13feb3fd13a22d0482489b81c8b04f8e981fce8fc576f
C,E3XC_L2_F1_F1,L2,20240604,B0,900,1,1,0,0,runs/experiment3_cross_site/site_c_edmonton/E3XC_L2_F1_F1/seed20240604/B0,1c22d10e1f5efbfefa30bca46745725cc813fe99e1c486ae82d8087f37be1154
C,E3XC_L2_F1_F1,L2,20240604,B1,900,1,1,0,0,runs/experiment3_cross_site/site_c_edmonton/E3XC_L2_F1_F1/seed20240604/B1,c06342d27a23c96ed26808b4224554a941e98c5bfbb0c3cc747bdb0b9a18bfcf
C,E3XC_L2_F1_F1,L2,20240604,B2,900,1,1,0,0,runs/experiment3_cross_site/site_c_edmonton/E3XC_L2_F1_F1/seed20240604/B2,c06342d27a23c96ed26808b4224554a941e98c5bfbb0c3cc747bdb0b9a18bfcf
C,E3XC_L2_F1_F1,L2,20240604,B4b,900,1,1,0,0,runs/experiment3_cross_site/site_c_edmonton/E3XC_L2_F1_F1/seed20240604/B4b,c06342d27a23c96ed26808b4224554a941e98c5bfbb0c3cc747bdb0b9a18bfcf
C,E3XC_L2_F1_F1,L2,20240605,B0,900,1,1,0,0,runs/experiment3_cross_site/site_c_edmonton/E3XC_L2_F1_F1/seed20240605/B0,e03b523e9fc04e3cc48cc0a37a9151bc1db2d3801419b1471c9a1120ef68c128
C,E3XC_L2_F1_F1,L2,20240605,B1,900,1,1,0,0,runs/experiment3_cross_site/site_c_edmonton/E3XC_L2_F1_F1/seed20240605/B1,d9b235184178cbdf1976fa03c6c7827c140ea69ed531168c563fdfc3999f8eab
C,E3XC_L2_F1_F1,L2,20240605,B2,900,1,1,0,0,runs/experiment3_cross_site/site_c_edmonton/E3XC_L2_F1_F1/seed20240605/B2,d9b235184178cbdf1976fa03c6c7827c140ea69ed531168c563fdfc3999f8eab
C,E3XC_L2_F1_F1,L2,20240605,B4b,900,1,1,0,0,runs/experiment3_cross_site/site_c_edmonton/E3XC_L2_F1_F1/seed20240605/B4b,d9b235184178cbdf1976fa03c6c7827c140ea69ed531168c563fdfc3999f8eab
C,E3XC_L2_F1_F1,L2,20240606,B0,900,1,1,0,0,runs/experiment3_cross_site/site_c_edmonton/E3XC_L2_F1_F1/seed20240606/B0,bcad58e0a773c17830dc2fc6593fbf1d30ee21da484d4284ab1dd0c839c3cfd3
C,E3XC_L2_F1_F1,L2,20240606,B1,900,1,1,0,0,runs/experiment3_cross_site/site_c_edmonton/E3XC_L2_F1_F1/seed20240606/B1,3822d99941e217718f74aa064fe27f7a061ba9b656f876e4e1e9431eb71182a8
C,E3XC_L2_F1_F1,L2,20240606,B2,900,1,1,0,0,runs/experiment3_cross_site/site_c_edmonton/E3XC_L2_F1_F1/seed20240606/B2,3822d99941e217718f74aa064fe27f7a061ba9b656f876e4e1e9431eb71182a8
C,E3XC_L2_F1_F1,L2,20240606,B4b,900,1,1,0,0,runs/experiment3_cross_site/site_c_edmonton/E3XC_L2_F1_F1/seed20240606/B4b,3822d99941e217718f74aa064fe27f7a061ba9b656f876e4e1e9431eb71182a8
C,E3XC_L2_F1_F1,L2,20240607,B0,900,1,1,0,0,runs/experiment3_cross_site/site_c_edmonton/E3XC_L2_F1_F1/seed20240607/B0,a6397cf97e1b4e65b6e7299882c6778c86cc2e544cd2b5bec1a0933e7984efbf
C,E3XC_L2_F1_F1,L2,20240607,B1,900,1,1,0,0,runs/experiment3_cross_site/site_c_edmonton/E3XC_L2_F1_F1/seed20240607/B1,6f2729d0aaa048e9b06c22e8d3351103aac9548af52a2564095dfe8e34845720
C,E3XC_L2_F1_F1,L2,20240607,B2,900,1,1,0,0,runs/experiment3_cross_site/site_c_edmonton/E3XC_L2_F1_F1/seed20240607/B2,6f2729d0aaa048e9b06c22e8d3351103aac9548af52a2564095dfe8e34845720
C,E3XC_L2_F1_F1,L2,20240607,B4b,900,1,1,0,0,runs/experiment3_cross_site/site_c_edmonton/E3XC_L2_F1_F1/seed20240607/B4b,6f2729d0aaa048e9b06c22e8d3351103aac9548af52a2564095dfe8e34845720
C,E3XC_L2_F1_F1,L2,20240608,B0,900,1,1,0,0,runs/experiment3_cross_site/site_c_edmonton/E3XC_L2_F1_F1/seed20240608/B0,2b1e6227e5a47ffc306dca1267c79b81357985fed000c04012679321ec6ec4c4
C,E3XC_L2_F1_F1,L2,20240608,B1,900,1,1,0,0,runs/experiment3_cross_site/site_c_edmonton/E3XC_L2_F1_F1/seed20240608/B1,70bf0e8b9d61359971eebd6fb929cfc64e795d578068b35aa374d2476f4af99d
C,E3XC_L2_F1_F1,L2,20240608,B2,900,1,1,0,0,runs/experiment3_cross_site/site_c_edmonton/E3XC_L2_F1_F1/seed20240608/B2,70bf0e8b9d61359971eebd6fb929cfc64e795d578068b35aa374d2476f4af99d
C,E3XC_L2_F1_F1,L2,20240608,B4b,900,1,1,0,0,runs/experiment3_cross_site/site_c_edmonton/E3XC_L2_F1_F1/seed20240608/B4b,70bf0e8b9d61359971eebd6fb929cfc64e795d578068b35aa374d2476f4af99d
C,E3XC_L2_F1_F1,L2,20240609,B0,900,1,1,0,0,runs/experiment3_cross_site/site_c_edmonton/E3XC_L2_F1_F1/seed20240609/B0,a2a4b9c9e6eaea056f2ce82e8e750ea41b7a2971f6287e1683bb6e77c7b1f7c3
C,E3XC_L2_F1_F1,L2,20240609,B1,900,1,1,0,0,runs/experiment3_cross_site/site_c_edmonton/E3XC_L2_F1_F1/seed20240609/B1,6f9337ca7aa9570264bfbc49894368e0d383f4d42121c8b5ed77cfb610c6b901
C,E3XC_L2_F1_F1,L2,20240609,B2,900,1,1,0,0,runs/experiment3_cross_site/site_c_edmonton/E3XC_L2_F1_F1/seed20240609/B2,6f9337ca7aa9570264bfbc49894368e0d383f4d42121c8b5ed77cfb610c6b901
C,E3XC_L2_F1_F1,L2,20240609,B4b,900,1,1,0,0,runs/experiment3_cross_site/site_c_edmonton/E3XC_L2_F1_F1/seed20240609/B4b,6f9337ca7aa9570264bfbc49894368e0d383f4d42121c8b5ed77cfb610c6b901
C,E3XC_L2_F1_F1,L2,20240610,B0,900,1,1,0,0,runs/experiment3_cross_site/site_c_edmonton/E3XC_L2_F1_F1/seed20240610/B0,2d64d81c15d3c92b9c9ada4c8b3c111dcf7aa948c58242da5cf69772dae355e7
C,E3XC_L2_F1_F1,L2,20240610,B1,900,1,1,0,0,runs/experiment3_cross_site/site_c_edmonton/E3XC_L2_F1_F1/seed20240610/B1,6d8d7a88611aeb14b9f7e786ffb86d48083e2fae807140025ddfb83408f83ae3
C,E3XC_L2_F1_F1,L2,20240610,B2,900,1,1,0,0,runs/experiment3_cross_site/site_c_edmonton/E3XC_L2_F1_F1/seed20240610/B2,6d8d7a88611aeb14b9f7e786ffb86d48083e2fae807140025ddfb83408f83ae3
C,E3XC_L2_F1_F1,L2,20240610,B4b,900,1,1,0,0,runs/experiment3_cross_site/site_c_edmonton/E3XC_L2_F1_F1/seed20240610/B4b,6d8d7a88611aeb14b9f7e786ffb86d48083e2fae807140025ddfb83408f83ae3
C,E3XC_L2_F1_F1,L2,20240611,B0,900,1,1,0,0,runs/experiment3_cross_site/site_c_edmonton/E3XC_L2_F1_F1/seed20240611/B0,1652a46dae018bd42ab17075dfc1c3a83ee7065cb62c9779041136ce0af9798e
C,E3XC_L2_F1_F1,L2,20240611,B1,900,1,1,0,0,runs/experiment3_cross_site/site_c_edmonton/E3XC_L2_F1_F1/seed20240611/B1,4e3ae5f22a3df91893ef43fa7865c57efd1827855886190bdcc539b7965ddc5f
C,E3XC_L2_F1_F1,L2,20240611,B2,900,1,1,0,0,runs/experiment3_cross_site/site_c_edmonton/E3XC_L2_F1_F1/seed20240611/B2,4e3ae5f22a3df91893ef43fa7865c57efd1827855886190bdcc539b7965ddc5f
C,E3XC_L2_F1_F1,L2,20240611,B4b,900,1,1,0,0,runs/experiment3_cross_site/site_c_edmonton/E3XC_L2_F1_F1/seed20240611/B4b,4e3ae5f22a3df91893ef43fa7865c57efd1827855886190bdcc539b7965ddc5f
C,E3XC_L2_F1_F1,L2,20240612,B0,900,1,1,0,0,runs/experiment3_cross_site/site_c_edmonton/E3XC_L2_F1_F1/seed20240612/B0,c3782e0d7baac8fae5d91be50798d53032ab893e8823d18a670ceef0caaf7647
C,E3XC_L2_F1_F1,L2,20240612,B1,900,1,1,0,0,runs/experiment3_cross_site/site_c_edmonton/E3XC_L2_F1_F1/seed20240612/B1,d688ffb08b9a19877cbe5d63b5d79f8276523622c4c00fb674abb3570604bd48
C,E3XC_L2_F1_F1,L2,20240612,B2,900,1,1,0,0,runs/experiment3_cross_site/site_c_edmonton/E3XC_L2_F1_F1/seed20240612/B2,d688ffb08b9a19877cbe5d63b5d79f8276523622c4c00fb674abb3570604bd48
C,E3XC_L2_F1_F1,L2,20240612,B4b,900,1,1,0,0,runs/experiment3_cross_site/site_c_edmonton/E3XC_L2_F1_F1/seed20240612/B4b,abe2dd1644a60a31f80dff96b8ac16717ee49585b49a9cd1f2c1d076e0cdf5b5
C,E3XC_L2_F1_F1,L2,20240613,B0,900,1,1,0,0,runs/experiment3_cross_site/site_c_edmonton/E3XC_L2_F1_F1/seed20240613/B0,13a071868179b67e9a151caac1108fc563ef8c4122ba0dbaec41bba4cb81e9cb
C,E3XC_L2_F1_F1,L2,20240613,B1,900,1,1,0,0,runs/experiment3_cross_site/site_c_edmonton/E3XC_L2_F1_F1/seed20240613/B1,23768a45bd3563a073329adde66f53ac04cba84f94394ac7d0dc0bdde8efc1b7
C,E3XC_L2_F1_F1,L2,20240613,B2,900,1,1,0,0,runs/experiment3_cross_site/site_c_edmonton/E3XC_L2_F1_F1/seed20240613/B2,23768a45bd3563a073329adde66f53ac04cba84f94394ac7d0dc0bdde8efc1b7
C,E3XC_L2_F1_F1,L2,20240613,B4b,900,1,1,0,0,runs/experiment3_cross_site/site_c_edmonton/E3XC_L2_F1_F1/seed20240613/B4b,23768a45bd3563a073329adde66f53ac04cba84f94394ac7d0dc0bdde8efc1b7
C,E3XC_L2_F1_F1,L2,20240614,B0,900,1,1,0,0,runs/experiment3_cross_site/site_c_edmonton/E3XC_L2_F1_F1/seed20240614/B0,7fb073293b870fc432b6a3406cb1889a7a1306e361e2faca15f8c1d68785f061
C,E3XC_L2_F1_F1,L2,20240614,B1,900,1,1,0,0,runs/experiment3_cross_site/site_c_edmonton/E3XC_L2_F1_F1/seed20240614/B1,9364f8af356b489e8496b881223d9a35e8cc6afa8664c2abb6af88478023bf0d
C,E3XC_L2_F1_F1,L2,20240614,B2,900,1,1,0,0,runs/experiment3_cross_site/site_c_edmonton/E3XC_L2_F1_F1/seed20240614/B2,9364f8af356b489e8496b881223d9a35e8cc6afa8664c2abb6af88478023bf0d
C,E3XC_L2_F1_F1,L2,20240614,B4b,900,1,1,0,0,runs/experiment3_cross_site/site_c_edmonton/E3XC_L2_F1_F1/seed20240614/B4b,9364f8af356b489e8496b881223d9a35e8cc6afa8664c2abb6af88478023bf0d
C,E3XC_L2_F1_F1,L2,20240615,B0,900,1,1,0,0,runs/experiment3_cross_site/site_c_edmonton/E3XC_L2_F1_F1/seed20240615/B0,d51c4f7fa923187f344c445122acb98a4054e7556a3e7711eaa1bc529ced8404
C,E3XC_L2_F1_F1,L2,20240615,B1,900,1,1,0,0,runs/experiment3_cross_site/site_c_edmonton/E3XC_L2_F1_F1/seed20240615/B1,6987da7a2d638e32c87b3d68806f7e5ba53c37cc941f1c709faefac77b91b293
C,E3XC_L2_F1_F1,L2,20240615,B2,900,1,1,0,0,runs/experiment3_cross_site/site_c_edmonton/E3XC_L2_F1_F1/seed20240615/B2,6987da7a2d638e32c87b3d68806f7e5ba53c37cc941f1c709faefac77b91b293
C,E3XC_L2_F1_F1,L2,20240615,B4b,900,1,1,0,0,runs/experiment3_cross_site/site_c_edmonton/E3XC_L2_F1_F1/seed20240615/B4b,6987da7a2d638e32c87b3d68806f7e5ba53c37cc941f1c709faefac77b91b293
C,E3XC_L2_F1_F1,L2,20240616,B0,900,1,1,0,0,runs/experiment3_cross_site/site_c_edmonton/E3XC_L2_F1_F1/seed20240616/B0,4fc5a2a8260795d7360ed3ed6705341fa842d18d4c5b61fd5d556253b6bed19b
C,E3XC_L2_F1_F1,L2,20240616,B1,900,1,1,0,0,runs/experiment3_cross_site/site_c_edmonton/E3XC_L2_F1_F1/seed20240616/B1,f397408c0fba13c8d362599a092b4d41e9ae798aa61d2970c93c67ee8a02b08c
C,E3XC_L2_F1_F1,L2,20240616,B2,900,1,1,0,0,runs/experiment3_cross_site/site_c_edmonton/E3XC_L2_F1_F1/seed20240616/B2,f397408c0fba13c8d362599a092b4d41e9ae798aa61d2970c93c67ee8a02b08c
C,E3XC_L2_F1_F1,L2,20240616,B4b,900,1,1,0,0,runs/experiment3_cross_site/site_c_edmonton/E3XC_L2_F1_F1/seed20240616/B4b,f397408c0fba13c8d362599a092b4d41e9ae798aa61d2970c93c67ee8a02b08c
C,E3XC_L2_F1_F1,L2,20240617,B0,900,1,1,0,0,runs/experiment3_cross_site/site_c_edmonton/E3XC_L2_F1_F1/seed20240617/B0,274bfe5693c1bc09c7ffd6d5369310e51b8f4bbde7c97476b332b3d8e4639fff
C,E3XC_L2_F1_F1,L2,20240617,B1,900,1,1,0,0,runs/experiment3_cross_site/site_c_edmonton/E3XC_L2_F1_F1/seed20240617/B1,315f6b03896362631397b5d40f5f926c8fd9e8615a4d820cec9bf225cc57f78e
C,E3XC_L2_F1_F1,L2,20240617,B2,900,1,1,0,0,runs/experiment3_cross_site/site_c_edmonton/E3XC_L2_F1_F1/seed20240617/B2,315f6b03896362631397b5d40f5f926c8fd9e8615a4d820cec9bf225cc57f78e
C,E3XC_L2_F1_F1,L2,20240617,B4b,900,1,1,0,0,runs/experiment3_cross_site/site_c_edmonton/E3XC_L2_F1_F1/seed20240617/B4b,315f6b03896362631397b5d40f5f926c8fd9e8615a4d820cec9bf225cc57f78e
C,E3XC_L2_F1_F1,L2,20240618,B0,900,1,1,0,0,runs/experiment3_cross_site/site_c_edmonton/E3XC_L2_F1_F1/seed20240618/B0,5197a16150c5dbe0e98aa7d7273aa50da9de0e977efaf711e7e13623fab76c01
C,E3XC_L2_F1_F1,L2,20240618,B1,900,1,1,0,0,runs/experiment3_cross_site/site_c_edmonton/E3XC_L2_F1_F1/seed20240618/B1,78a82067777de8aa7ef0cd39f4b2903a965d948a23143d3e0dee869558f70ca0
C,E3XC_L2_F1_F1,L2,20240618,B2,900,1,1,0,0,runs/experiment3_cross_site/site_c_edmonton/E3XC_L2_F1_F1/seed20240618/B2,78a82067777de8aa7ef0cd39f4b2903a965d948a23143d3e0dee869558f70ca0
C,E3XC_L2_F1_F1,L2,20240618,B4b,900,1,1,0,0,runs/experiment3_cross_site/site_c_edmonton/E3XC_L2_F1_F1/seed20240618/B4b,78a82067777de8aa7ef0cd39f4b2903a965d948a23143d3e0dee869558f70ca0
C,E3XC_L2_F1_F1,L2,20240619,B0,900,1,1,0,0,runs/experiment3_cross_site/site_c_edmonton/E3XC_L2_F1_F1/seed20240619/B0,6db5b4a04af438945bb558c12e124b74df1563c4e2bfbb430b1132a33fa88df7
C,E3XC_L2_F1_F1,L2,20240619,B1,900,1,1,0,0,runs/experiment3_cross_site/site_c_edmonton/E3XC_L2_F1_F1/seed20240619/B1,fb8a6fe8ffd7d81493f768ab2dec9166482c46824d0c7885dda50b21c9e45346
C,E3XC_L2_F1_F1,L2,20240619,B2,900,1,1,0,0,runs/experiment3_cross_site/site_c_edmonton/E3XC_L2_F1_F1/seed20240619/B2,fb8a6fe8ffd7d81493f768ab2dec9166482c46824d0c7885dda50b21c9e45346
C,E3XC_L2_F1_F1,L2,20240619,B4b,900,1,1,0,0,runs/experiment3_cross_site/site_c_edmonton/E3XC_L2_F1_F1/seed20240619/B4b,fb8a6fe8ffd7d81493f768ab2dec9166482c46824d0c7885dda50b21c9e45346
C,E3XC_L2_F1_F1,L2,20240620,B0,900,1,1,0,0,runs/experiment3_cross_site/site_c_edmonton/E3XC_L2_F1_F1/seed20240620/B0,11acb30fb1912b2a29927b56a1d41a503f5f3711e8938401147f1622d9348487
C,E3XC_L2_F1_F1,L2,20240620,B1,900,1,1,0,0,runs/experiment3_cross_site/site_c_edmonton/E3XC_L2_F1_F1/seed20240620/B1,d73cf23365108adc69da32f0ed1a47cbba80219d60a876761b4979f4d0a3c6e5
C,E3XC_L2_F1_F1,L2,20240620,B2,900,1,1,0,0,runs/experiment3_cross_site/site_c_edmonton/E3XC_L2_F1_F1/seed20240620/B2,d73cf23365108adc69da32f0ed1a47cbba80219d60a876761b4979f4d0a3c6e5
C,E3XC_L2_F1_F1,L2,20240620,B4b,900,1,1,0,0,runs/experiment3_cross_site/site_c_edmonton/E3XC_L2_F1_F1/seed20240620/B4b,d73cf23365108adc69da32f0ed1a47cbba80219d60a876761b4979f4d0a3c6e5
C,E3XC_L2_F1_F5,L2,20240601,B0,900,1,1,0,0,runs/experiment3_cross_site/site_c_edmonton/E3XC_L2_F1_F5/seed20240601/B0,a4510e2af03048396ab238cdbca9b8706bbc50db4a480fd24cf3e5b33197f88a
C,E3XC_L2_F1_F5,L2,20240601,B1,900,1,1,0,0,runs/experiment3_cross_site/site_c_edmonton/E3XC_L2_F1_F5/seed20240601/B1,2ddbd6b1bb165ab5f5a3b8be40def809a6ee455ec2488875219515e63132d008
C,E3XC_L2_F1_F5,L2,20240601,B2,900,1,1,0,0,runs/experiment3_cross_site/site_c_edmonton/E3XC_L2_F1_F5/seed20240601/B2,2ddbd6b1bb165ab5f5a3b8be40def809a6ee455ec2488875219515e63132d008
C,E3XC_L2_F1_F5,L2,20240601,B4b,900,1,1,0,0,runs/experiment3_cross_site/site_c_edmonton/E3XC_L2_F1_F5/seed20240601/B4b,2ddbd6b1bb165ab5f5a3b8be40def809a6ee455ec2488875219515e63132d008
C,E3XC_L2_F1_F5,L2,20240602,B0,900,1,1,0,0,runs/experiment3_cross_site/site_c_edmonton/E3XC_L2_F1_F5/seed20240602/B0,2179d532448f892d40086ebd711bae910e16012b519169f08cd2f532648a52c5
C,E3XC_L2_F1_F5,L2,20240602,B1,900,1,1,0,0,runs/experiment3_cross_site/site_c_edmonton/E3XC_L2_F1_F5/seed20240602/B1,06475472c06ca0c12ec7c3b2cd97ae0b175f2fa167fafebfc383dc2d53f1c79b
C,E3XC_L2_F1_F5,L2,20240602,B2,900,1,1,0,0,runs/experiment3_cross_site/site_c_edmonton/E3XC_L2_F1_F5/seed20240602/B2,06475472c06ca0c12ec7c3b2cd97ae0b175f2fa167fafebfc383dc2d53f1c79b
C,E3XC_L2_F1_F5,L2,20240602,B4b,900,1,1,0,0,runs/experiment3_cross_site/site_c_edmonton/E3XC_L2_F1_F5/seed20240602/B4b,06475472c06ca0c12ec7c3b2cd97ae0b175f2fa167fafebfc383dc2d53f1c79b
C,E3XC_L2_F1_F5,L2,20240603,B0,900,1,1,0,0,runs/experiment3_cross_site/site_c_edmonton/E3XC_L2_F1_F5/seed20240603/B0,1909e28f350b4b85a2db3851086558eb0af26e303ce58060689a3af7969918b8
C,E3XC_L2_F1_F5,L2,20240603,B1,900,1,1,0,0,runs/experiment3_cross_site/site_c_edmonton/E3XC_L2_F1_F5/seed20240603/B1,09e0b643b962c26b3af378bdcce6b304350f3441d348a644e030d79e4c4bec2a
C,E3XC_L2_F1_F5,L2,20240603,B2,900,1,1,0,0,runs/experiment3_cross_site/site_c_edmonton/E3XC_L2_F1_F5/seed20240603/B2,09e0b643b962c26b3af378bdcce6b304350f3441d348a644e030d79e4c4bec2a
C,E3XC_L2_F1_F5,L2,20240603,B4b,900,1,1,0,0,runs/experiment3_cross_site/site_c_edmonton/E3XC_L2_F1_F5/seed20240603/B4b,09e0b643b962c26b3af378bdcce6b304350f3441d348a644e030d79e4c4bec2a
C,E3XC_L2_F1_F5,L2,20240604,B0,900,1,1,0,0,runs/experiment3_cross_site/site_c_edmonton/E3XC_L2_F1_F5/seed20240604/B0,50cc2cdfb25f0e8e0afcc18ed7322e5c8ac53261aa0c6136a85050090a332816
C,E3XC_L2_F1_F5,L2,20240604,B1,900,1,1,0,0,runs/experiment3_cross_site/site_c_edmonton/E3XC_L2_F1_F5/seed20240604/B1,d82f8aac7a7585747524ce991c4b7b402a360cd2e1bf7f0c47220b5f2a71cc34
C,E3XC_L2_F1_F5,L2,20240604,B2,900,1,1,0,0,runs/experiment3_cross_site/site_c_edmonton/E3XC_L2_F1_F5/seed20240604/B2,d82f8aac7a7585747524ce991c4b7b402a360cd2e1bf7f0c47220b5f2a71cc34
C,E3XC_L2_F1_F5,L2,20240604,B4b,900,1,1,0,0,runs/experiment3_cross_site/site_c_edmonton/E3XC_L2_F1_F5/seed20240604/B4b,d82f8aac7a7585747524ce991c4b7b402a360cd2e1bf7f0c47220b5f2a71cc34
C,E3XC_L2_F1_F5,L2,20240605,B0,900,1,1,0,0,runs/experiment3_cross_site/site_c_edmonton/E3XC_L2_F1_F5/seed20240605/B0,6a81c6a3562458ac564aa90461a2815e8555c92985f36069f7c5bfc6ccf5181f
C,E3XC_L2_F1_F5,L2,20240605,B1,900,1,1,0,0,runs/experiment3_cross_site/site_c_edmonton/E3XC_L2_F1_F5/seed20240605/B1,d8f2b328e32655f916effa2847b1177fbbb4013ab50a20233ab33af18424e3a9
C,E3XC_L2_F1_F5,L2,20240605,B2,900,1,1,0,0,runs/experiment3_cross_site/site_c_edmonton/E3XC_L2_F1_F5/seed20240605/B2,d8f2b328e32655f916effa2847b1177fbbb4013ab50a20233ab33af18424e3a9
C,E3XC_L2_F1_F5,L2,20240605,B4b,900,1,1,0,0,runs/experiment3_cross_site/site_c_edmonton/E3XC_L2_F1_F5/seed20240605/B4b,d8f2b328e32655f916effa2847b1177fbbb4013ab50a20233ab33af18424e3a9
C,E3XC_L2_F1_F5,L2,20240606,B0,900,1,1,0,0,runs/experiment3_cross_site/site_c_edmonton/E3XC_L2_F1_F5/seed20240606/B0,3327df022584ae8b4d253c89b868aad936af7a18bbd7f28979c6e282475f90bd
C,E3XC_L2_F1_F5,L2,20240606,B1,900,1,1,0,0,runs/experiment3_cross_site/site_c_edmonton/E3XC_L2_F1_F5/seed20240606/B1,5be07909f1ee64b620856cf49797af943c41034c8c9324f43b35df08ef5aaead
C,E3XC_L2_F1_F5,L2,20240606,B2,900,1,1,0,0,runs/experiment3_cross_site/site_c_edmonton/E3XC_L2_F1_F5/seed20240606/B2,5be07909f1ee64b620856cf49797af943c41034c8c9324f43b35df08ef5aaead
C,E3XC_L2_F1_F5,L2,20240606,B4b,900,1,1,0,0,runs/experiment3_cross_site/site_c_edmonton/E3XC_L2_F1_F5/seed20240606/B4b,5be07909f1ee64b620856cf49797af943c41034c8c9324f43b35df08ef5aaead
C,E3XC_L2_F1_F5,L2,20240607,B0,900,1,1,0,0,runs/experiment3_cross_site/site_c_edmonton/E3XC_L2_F1_F5/seed20240607/B0,b285071fb8ae4c7bd5c65c03217b0cb3a71e865a5003333af112e29fb01cae0a
C,E3XC_L2_F1_F5,L2,20240607,B1,900,1,1,0,0,runs/experiment3_cross_site/site_c_edmonton/E3XC_L2_F1_F5/seed20240607/B1,b2ac4ec2f47364d838dd54bf828d7036205e77c59b2c67b3336547033c332a11
C,E3XC_L2_F1_F5,L2,20240607,B2,900,1,1,0,0,runs/experiment3_cross_site/site_c_edmonton/E3XC_L2_F1_F5/seed20240607/B2,b2ac4ec2f47364d838dd54bf828d7036205e77c59b2c67b3336547033c332a11
C,E3XC_L2_F1_F5,L2,20240607,B4b,900,1,1,0,0,runs/experiment3_cross_site/site_c_edmonton/E3XC_L2_F1_F5/seed20240607/B4b,b2ac4ec2f47364d838dd54bf828d7036205e77c59b2c67b3336547033c332a11
C,E3XC_L2_F1_F5,L2,20240608,B0,900,1,1,0,0,runs/experiment3_cross_site/site_c_edmonton/E3XC_L2_F1_F5/seed20240608/B0,872ac7724a6374f46270b07b8966c7124a836b42388190504577368a6e63c7c8
C,E3XC_L2_F1_F5,L2,20240608,B1,900,1,1,0,0,runs/experiment3_cross_site/site_c_edmonton/E3XC_L2_F1_F5/seed20240608/B1,81c6c946a797588488fe1b55f461a6cee1fa623fc85f3ce287404e43b43a752d
C,E3XC_L2_F1_F5,L2,20240608,B2,900,1,1,0,0,runs/experiment3_cross_site/site_c_edmonton/E3XC_L2_F1_F5/seed20240608/B2,81c6c946a797588488fe1b55f461a6cee1fa623fc85f3ce287404e43b43a752d
C,E3XC_L2_F1_F5,L2,20240608,B4b,900,1,1,0,0,runs/experiment3_cross_site/site_c_edmonton/E3XC_L2_F1_F5/seed20240608/B4b,81c6c946a797588488fe1b55f461a6cee1fa623fc85f3ce287404e43b43a752d
C,E3XC_L2_F1_F5,L2,20240609,B0,900,1,1,0,0,runs/experiment3_cross_site/site_c_edmonton/E3XC_L2_F1_F5/seed20240609/B0,ebb2066cc94e2b51f75840e7e4eeca817bd9c2cd4b9523465bd1e51cece53f16
C,E3XC_L2_F1_F5,L2,20240609,B1,900,1,1,0,0,runs/experiment3_cross_site/site_c_edmonton/E3XC_L2_F1_F5/seed20240609/B1,b96539c3b91ec8780d9e040907a3d01173afd1bf48fc5d133555dfac4134d6a6
C,E3XC_L2_F1_F5,L2,20240609,B2,900,1,1,0,0,runs/experiment3_cross_site/site_c_edmonton/E3XC_L2_F1_F5/seed20240609/B2,b96539c3b91ec8780d9e040907a3d01173afd1bf48fc5d133555dfac4134d6a6
C,E3XC_L2_F1_F5,L2,20240609,B4b,900,1,1,0,0,runs/experiment3_cross_site/site_c_edmonton/E3XC_L2_F1_F5/seed20240609/B4b,b96539c3b91ec8780d9e040907a3d01173afd1bf48fc5d133555dfac4134d6a6
C,E3XC_L2_F1_F5,L2,20240610,B0,900,1,1,0,0,runs/experiment3_cross_site/site_c_edmonton/E3XC_L2_F1_F5/seed20240610/B0,74ad60a0cefa39be1c117e4b9ad88f0f53ef2f9db8b43b805afb92e221894361
C,E3XC_L2_F1_F5,L2,20240610,B1,900,1,1,0,0,runs/experiment3_cross_site/site_c_edmonton/E3XC_L2_F1_F5/seed20240610/B1,c45cfd8a34d57b0bb198cc79866422198b997ec174d45573911eee93c46d5edc
C,E3XC_L2_F1_F5,L2,20240610,B2,900,1,1,0,0,runs/experiment3_cross_site/site_c_edmonton/E3XC_L2_F1_F5/seed20240610/B2,c45cfd8a34d57b0bb198cc79866422198b997ec174d45573911eee93c46d5edc
C,E3XC_L2_F1_F5,L2,20240610,B4b,900,1,1,0,0,runs/experiment3_cross_site/site_c_edmonton/E3XC_L2_F1_F5/seed20240610/B4b,c45cfd8a34d57b0bb198cc79866422198b997ec174d45573911eee93c46d5edc
C,E3XC_L2_F1_F5,L2,20240611,B0,900,1,1,0,0,runs/experiment3_cross_site/site_c_edmonton/E3XC_L2_F1_F5/seed20240611/B0,2702336a85e6950c447c624888daab4468843f670c3cbc634d9936609575cdcd
C,E3XC_L2_F1_F5,L2,20240611,B1,900,1,1,0,0,runs/experiment3_cross_site/site_c_edmonton/E3XC_L2_F1_F5/seed20240611/B1,77e874ce5178e95ed7bb143ce83f49ed79136c06c54a171590cba136265574f9
C,E3XC_L2_F1_F5,L2,20240611,B2,900,1,1,0,0,runs/experiment3_cross_site/site_c_edmonton/E3XC_L2_F1_F5/seed20240611/B2,77e874ce5178e95ed7bb143ce83f49ed79136c06c54a171590cba136265574f9
C,E3XC_L2_F1_F5,L2,20240611,B4b,900,1,1,0,0,runs/experiment3_cross_site/site_c_edmonton/E3XC_L2_F1_F5/seed20240611/B4b,77e874ce5178e95ed7bb143ce83f49ed79136c06c54a171590cba136265574f9
C,E3XC_L2_F1_F5,L2,20240612,B0,900,1,1,0,0,runs/experiment3_cross_site/site_c_edmonton/E3XC_L2_F1_F5/seed20240612/B0,6ef2689e67f2d051b27bca1916b6caceda2249a36d39173737f30fced458fee5
C,E3XC_L2_F1_F5,L2,20240612,B1,900,1,1,0,0,runs/experiment3_cross_site/site_c_edmonton/E3XC_L2_F1_F5/seed20240612/B1,cc4a837096eaea66f7c85585317672bd1393a5e7d0f9dc1d66e146c44bc404f3
C,E3XC_L2_F1_F5,L2,20240612,B2,900,1,1,0,0,runs/experiment3_cross_site/site_c_edmonton/E3XC_L2_F1_F5/seed20240612/B2,cc4a837096eaea66f7c85585317672bd1393a5e7d0f9dc1d66e146c44bc404f3
C,E3XC_L2_F1_F5,L2,20240612,B4b,900,1,1,0,0,runs/experiment3_cross_site/site_c_edmonton/E3XC_L2_F1_F5/seed20240612/B4b,cc4a837096eaea66f7c85585317672bd1393a5e7d0f9dc1d66e146c44bc404f3
C,E3XC_L2_F1_F5,L2,20240613,B0,900,1,1,0,0,runs/experiment3_cross_site/site_c_edmonton/E3XC_L2_F1_F5/seed20240613/B0,937ace685968fc612be059848c01f138dec379e7272f47c3eaa4406907dd1e7c
C,E3XC_L2_F1_F5,L2,20240613,B1,900,1,1,0,0,runs/experiment3_cross_site/site_c_edmonton/E3XC_L2_F1_F5/seed20240613/B1,69c06e40b38d632892b368223103332caeacc581bc2d39ad99cff7a91b9c6323
C,E3XC_L2_F1_F5,L2,20240613,B2,900,1,1,0,0,runs/experiment3_cross_site/site_c_edmonton/E3XC_L2_F1_F5/seed20240613/B2,69c06e40b38d632892b368223103332caeacc581bc2d39ad99cff7a91b9c6323
C,E3XC_L2_F1_F5,L2,20240613,B4b,900,1,1,0,0,runs/experiment3_cross_site/site_c_edmonton/E3XC_L2_F1_F5/seed20240613/B4b,69c06e40b38d632892b368223103332caeacc581bc2d39ad99cff7a91b9c6323
C,E3XC_L2_F1_F5,L2,20240614,B0,900,1,1,0,0,runs/experiment3_cross_site/site_c_edmonton/E3XC_L2_F1_F5/seed20240614/B0,27292f71570441fc44be287dcdfc7b3af8047985bd073d43c427cc007169f588
C,E3XC_L2_F1_F5,L2,20240614,B1,900,1,1,0,0,runs/experiment3_cross_site/site_c_edmonton/E3XC_L2_F1_F5/seed20240614/B1,2a767395352b197fb300c35935308cfdab6df3694b95794148d422689b8fc483
C,E3XC_L2_F1_F5,L2,20240614,B2,900,1,1,0,0,runs/experiment3_cross_site/site_c_edmonton/E3XC_L2_F1_F5/seed20240614/B2,2a767395352b197fb300c35935308cfdab6df3694b95794148d422689b8fc483
C,E3XC_L2_F1_F5,L2,20240614,B4b,900,1,1,0,0,runs/experiment3_cross_site/site_c_edmonton/E3XC_L2_F1_F5/seed20240614/B4b,2a767395352b197fb300c35935308cfdab6df3694b95794148d422689b8fc483
C,E3XC_L2_F1_F5,L2,20240615,B0,900,1,1,0,0,runs/experiment3_cross_site/site_c_edmonton/E3XC_L2_F1_F5/seed20240615/B0,94a181ae700d1052782f744bef54f3823faf5ada312dcede80f5abafb300c4d5
C,E3XC_L2_F1_F5,L2,20240615,B1,900,1,1,0,0,runs/experiment3_cross_site/site_c_edmonton/E3XC_L2_F1_F5/seed20240615/B1,96a4b39a3b62a167bd04e7d7acf74092a44c07c70552131e862e3d7c2d50cc32
C,E3XC_L2_F1_F5,L2,20240615,B2,900,1,1,0,0,runs/experiment3_cross_site/site_c_edmonton/E3XC_L2_F1_F5/seed20240615/B2,96a4b39a3b62a167bd04e7d7acf74092a44c07c70552131e862e3d7c2d50cc32
C,E3XC_L2_F1_F5,L2,20240615,B4b,900,1,1,0,0,runs/experiment3_cross_site/site_c_edmonton/E3XC_L2_F1_F5/seed20240615/B4b,96a4b39a3b62a167bd04e7d7acf74092a44c07c70552131e862e3d7c2d50cc32
C,E3XC_L2_F1_F5,L2,20240616,B0,900,1,1,0,0,runs/experiment3_cross_site/site_c_edmonton/E3XC_L2_F1_F5/seed20240616/B0,c278dee64ad99761d9dedb60c039c8ca6352ab7d1d88754f605bbfa18587ed3e
C,E3XC_L2_F1_F5,L2,20240616,B1,900,1,1,0,0,runs/experiment3_cross_site/site_c_edmonton/E3XC_L2_F1_F5/seed20240616/B1,4f068066e374a68b6d62399f916a3eb3d91351c4f0041e13c147567c20082d1e
C,E3XC_L2_F1_F5,L2,20240616,B2,900,1,1,0,0,runs/experiment3_cross_site/site_c_edmonton/E3XC_L2_F1_F5/seed20240616/B2,4f068066e374a68b6d62399f916a3eb3d91351c4f0041e13c147567c20082d1e
C,E3XC_L2_F1_F5,L2,20240616,B4b,900,1,1,0,0,runs/experiment3_cross_site/site_c_edmonton/E3XC_L2_F1_F5/seed20240616/B4b,4f068066e374a68b6d62399f916a3eb3d91351c4f0041e13c147567c20082d1e
C,E3XC_L2_F1_F5,L2,20240617,B0,900,1,1,0,0,runs/experiment3_cross_site/site_c_edmonton/E3XC_L2_F1_F5/seed20240617/B0,624fe439b65a3572df536491fe4e9a386f7321b98346fc2a13b16f9a8833d2d1
C,E3XC_L2_F1_F5,L2,20240617,B1,900,1,1,0,0,runs/experiment3_cross_site/site_c_edmonton/E3XC_L2_F1_F5/seed20240617/B1,87932335d5f141fadbf51a495f70f120b34e870f249906cb63fdb9610f62dc47
C,E3XC_L2_F1_F5,L2,20240617,B2,900,1,1,0,0,runs/experiment3_cross_site/site_c_edmonton/E3XC_L2_F1_F5/seed20240617/B2,87932335d5f141fadbf51a495f70f120b34e870f249906cb63fdb9610f62dc47
C,E3XC_L2_F1_F5,L2,20240617,B4b,900,1,1,0,0,runs/experiment3_cross_site/site_c_edmonton/E3XC_L2_F1_F5/seed20240617/B4b,87932335d5f141fadbf51a495f70f120b34e870f249906cb63fdb9610f62dc47
C,E3XC_L2_F1_F5,L2,20240618,B0,900,1,1,0,0,runs/experiment3_cross_site/site_c_edmonton/E3XC_L2_F1_F5/seed20240618/B0,78ae738533eb6864644c66e75ec2cb0d97ad44214d03cb89d5340c14c62eaed5
C,E3XC_L2_F1_F5,L2,20240618,B1,900,1,1,0,0,runs/experiment3_cross_site/site_c_edmonton/E3XC_L2_F1_F5/seed20240618/B1,5257cbaefb489e2cc10c9e6156cf8b36e61eca20f8ec3b6d3683fbe75b74afb6
C,E3XC_L2_F1_F5,L2,20240618,B2,900,1,1,0,0,runs/experiment3_cross_site/site_c_edmonton/E3XC_L2_F1_F5/seed20240618/B2,5257cbaefb489e2cc10c9e6156cf8b36e61eca20f8ec3b6d3683fbe75b74afb6
C,E3XC_L2_F1_F5,L2,20240618,B4b,900,1,1,0,0,runs/experiment3_cross_site/site_c_edmonton/E3XC_L2_F1_F5/seed20240618/B4b,5257cbaefb489e2cc10c9e6156cf8b36e61eca20f8ec3b6d3683fbe75b74afb6
C,E3XC_L2_F1_F5,L2,20240619,B0,900,1,1,0,0,runs/experiment3_cross_site/site_c_edmonton/E3XC_L2_F1_F5/seed20240619/B0,a7e67b777b30041a69d271eb7c61ea86967e8ddbab56d9c704f94d22fc0c3897
C,E3XC_L2_F1_F5,L2,20240619,B1,900,1,1,0,0,runs/experiment3_cross_site/site_c_edmonton/E3XC_L2_F1_F5/seed20240619/B1,e1b97a2aa41e8f011a890a9a513d94f56d73a8a539c9651f794e7611dfcfdee9
C,E3XC_L2_F1_F5,L2,20240619,B2,900,1,1,0,0,runs/experiment3_cross_site/site_c_edmonton/E3XC_L2_F1_F5/seed20240619/B2,e1b97a2aa41e8f011a890a9a513d94f56d73a8a539c9651f794e7611dfcfdee9
C,E3XC_L2_F1_F5,L2,20240619,B4b,900,1,1,0,0,runs/experiment3_cross_site/site_c_edmonton/E3XC_L2_F1_F5/seed20240619/B4b,e1b97a2aa41e8f011a890a9a513d94f56d73a8a539c9651f794e7611dfcfdee9
C,E3XC_L2_F1_F5,L2,20240620,B0,900,1,1,0,0,runs/experiment3_cross_site/site_c_edmonton/E3XC_L2_F1_F5/seed20240620/B0,20af9e5fef93dc2fcb4434b904649d63a385698b3e920d2044dacb05c939259a
C,E3XC_L2_F1_F5,L2,20240620,B1,900,1,1,0,0,runs/experiment3_cross_site/site_c_edmonton/E3XC_L2_F1_F5/seed20240620/B1,d1854786cffda66dba83d6023f846145b3f7c226eedef80bf27eefeb727746e5
C,E3XC_L2_F1_F5,L2,20240620,B2,900,1,1,0,0,runs/experiment3_cross_site/site_c_edmonton/E3XC_L2_F1_F5/seed20240620/B2,d1854786cffda66dba83d6023f846145b3f7c226eedef80bf27eefeb727746e5
C,E3XC_L2_F1_F5,L2,20240620,B4b,900,1,1,0,0,runs/experiment3_cross_site/site_c_edmonton/E3XC_L2_F1_F5/seed20240620/B4b,d1854786cffda66dba83d6023f846145b3f7c226eedef80bf27eefeb727746e5
C,E3XC_L2_F2_F4,L2,20240601,B0,900,1,1,0,0,runs/experiment3_cross_site/site_c_edmonton/E3XC_L2_F2_F4/seed20240601/B0,ebd2fcba1f94bfddb48c6fcf6d39983519efaabe51137243def6ce1c220b6ce9
C,E3XC_L2_F2_F4,L2,20240601,B1,900,1,1,0,0,runs/experiment3_cross_site/site_c_edmonton/E3XC_L2_F2_F4/seed20240601/B1,d84a915f14ac2cc4c309f9737d90049c0abebe1f45a2cd1784ce3a92ad567bb2
C,E3XC_L2_F2_F4,L2,20240601,B2,900,1,1,0,0,runs/experiment3_cross_site/site_c_edmonton/E3XC_L2_F2_F4/seed20240601/B2,d84a915f14ac2cc4c309f9737d90049c0abebe1f45a2cd1784ce3a92ad567bb2
C,E3XC_L2_F2_F4,L2,20240601,B4b,900,1,1,0,0,runs/experiment3_cross_site/site_c_edmonton/E3XC_L2_F2_F4/seed20240601/B4b,d84a915f14ac2cc4c309f9737d90049c0abebe1f45a2cd1784ce3a92ad567bb2
C,E3XC_L2_F2_F4,L2,20240602,B0,900,1,1,0,0,runs/experiment3_cross_site/site_c_edmonton/E3XC_L2_F2_F4/seed20240602/B0,9d407f42c2cc3ec5430216f789e48e1b61bb3b6e7eb182da2ea914f08ce781a5
C,E3XC_L2_F2_F4,L2,20240602,B1,900,1,1,0,0,runs/experiment3_cross_site/site_c_edmonton/E3XC_L2_F2_F4/seed20240602/B1,8b775c245984ea9e18f0882125f49cb5bca5743a893a79f6aad0ee19f39f2129
C,E3XC_L2_F2_F4,L2,20240602,B2,900,1,1,0,0,runs/experiment3_cross_site/site_c_edmonton/E3XC_L2_F2_F4/seed20240602/B2,8b775c245984ea9e18f0882125f49cb5bca5743a893a79f6aad0ee19f39f2129
C,E3XC_L2_F2_F4,L2,20240602,B4b,900,1,1,0,0,runs/experiment3_cross_site/site_c_edmonton/E3XC_L2_F2_F4/seed20240602/B4b,8b775c245984ea9e18f0882125f49cb5bca5743a893a79f6aad0ee19f39f2129
C,E3XC_L2_F2_F4,L2,20240603,B0,900,1,1,0,0,runs/experiment3_cross_site/site_c_edmonton/E3XC_L2_F2_F4/seed20240603/B0,ed89a8cd2afada3fab37acb8c518d99cd71cce7037a17738a802373e8bca2156
C,E3XC_L2_F2_F4,L2,20240603,B1,900,1,1,0,0,runs/experiment3_cross_site/site_c_edmonton/E3XC_L2_F2_F4/seed20240603/B1,8ace415b3d95f1c0279238619c7f782922e15373c092a95a2cbdd6383ea77d13
C,E3XC_L2_F2_F4,L2,20240603,B2,900,1,1,0,0,runs/experiment3_cross_site/site_c_edmonton/E3XC_L2_F2_F4/seed20240603/B2,8ace415b3d95f1c0279238619c7f782922e15373c092a95a2cbdd6383ea77d13
C,E3XC_L2_F2_F4,L2,20240603,B4b,900,1,1,0,0,runs/experiment3_cross_site/site_c_edmonton/E3XC_L2_F2_F4/seed20240603/B4b,8ace415b3d95f1c0279238619c7f782922e15373c092a95a2cbdd6383ea77d13
C,E3XC_L2_F2_F4,L2,20240604,B0,900,1,1,0,0,runs/experiment3_cross_site/site_c_edmonton/E3XC_L2_F2_F4/seed20240604/B0,95354fb542382c69aab213ec3f53f2c95d0ed0f923dff786314923295785e682
C,E3XC_L2_F2_F4,L2,20240604,B1,900,1,1,0,0,runs/experiment3_cross_site/site_c_edmonton/E3XC_L2_F2_F4/seed20240604/B1,ee9c42aeed00d8dcac3c23eb52a2826062412258a9112bf6c79bcf1822962a75
C,E3XC_L2_F2_F4,L2,20240604,B2,900,1,1,0,0,runs/experiment3_cross_site/site_c_edmonton/E3XC_L2_F2_F4/seed20240604/B2,ee9c42aeed00d8dcac3c23eb52a2826062412258a9112bf6c79bcf1822962a75
C,E3XC_L2_F2_F4,L2,20240604,B4b,900,1,1,0,0,runs/experiment3_cross_site/site_c_edmonton/E3XC_L2_F2_F4/seed20240604/B4b,ee9c42aeed00d8dcac3c23eb52a2826062412258a9112bf6c79bcf1822962a75
C,E3XC_L2_F2_F4,L2,20240605,B0,900,1,1,0,0,runs/experiment3_cross_site/site_c_edmonton/E3XC_L2_F2_F4/seed20240605/B0,e9c0f659c6f0e6c16285c92ac0e7852dc32c23842aca385041d7e31ba627311e
C,E3XC_L2_F2_F4,L2,20240605,B1,900,1,1,0,0,runs/experiment3_cross_site/site_c_edmonton/E3XC_L2_F2_F4/seed20240605/B1,03f81ed9b91ac122bc4c07bd8bd2557a2035d08e6a6fef489f75cd1d46fa9ffa
C,E3XC_L2_F2_F4,L2,20240605,B2,900,1,1,0,0,runs/experiment3_cross_site/site_c_edmonton/E3XC_L2_F2_F4/seed20240605/B2,03f81ed9b91ac122bc4c07bd8bd2557a2035d08e6a6fef489f75cd1d46fa9ffa
C,E3XC_L2_F2_F4,L2,20240605,B4b,900,1,1,0,0,runs/experiment3_cross_site/site_c_edmonton/E3XC_L2_F2_F4/seed20240605/B4b,03f81ed9b91ac122bc4c07bd8bd2557a2035d08e6a6fef489f75cd1d46fa9ffa
C,E3XC_L2_F2_F4,L2,20240606,B0,900,1,1,0,0,runs/experiment3_cross_site/site_c_edmonton/E3XC_L2_F2_F4/seed20240606/B0,c0b5a1eb7960ba96274795d526bdcc17d3fabbf89b576cbcf7f5eb338a417957
C,E3XC_L2_F2_F4,L2,20240606,B1,900,1,1,0,0,runs/experiment3_cross_site/site_c_edmonton/E3XC_L2_F2_F4/seed20240606/B1,050ce91c3d9a4e485d33aff0c85103150215f7602c2f08239bbbbbd4f911a254
C,E3XC_L2_F2_F4,L2,20240606,B2,900,1,1,0,0,runs/experiment3_cross_site/site_c_edmonton/E3XC_L2_F2_F4/seed20240606/B2,050ce91c3d9a4e485d33aff0c85103150215f7602c2f08239bbbbbd4f911a254
C,E3XC_L2_F2_F4,L2,20240606,B4b,900,1,1,0,0,runs/experiment3_cross_site/site_c_edmonton/E3XC_L2_F2_F4/seed20240606/B4b,050ce91c3d9a4e485d33aff0c85103150215f7602c2f08239bbbbbd4f911a254
C,E3XC_L2_F2_F4,L2,20240607,B0,900,1,1,0,0,runs/experiment3_cross_site/site_c_edmonton/E3XC_L2_F2_F4/seed20240607/B0,ab17e9aa9f59203800d1d4916c391a3343a6510a7fed5919a7bc177de258d846
C,E3XC_L2_F2_F4,L2,20240607,B1,900,1,1,0,0,runs/experiment3_cross_site/site_c_edmonton/E3XC_L2_F2_F4/seed20240607/B1,98fb396799d61ad4b26b5a8ed9c397691e172c4da7ab1f1481c639870946ebbc
C,E3XC_L2_F2_F4,L2,20240607,B2,900,1,1,0,0,runs/experiment3_cross_site/site_c_edmonton/E3XC_L2_F2_F4/seed20240607/B2,98fb396799d61ad4b26b5a8ed9c397691e172c4da7ab1f1481c639870946ebbc
C,E3XC_L2_F2_F4,L2,20240607,B4b,900,1,1,0,0,runs/experiment3_cross_site/site_c_edmonton/E3XC_L2_F2_F4/seed20240607/B4b,98fb396799d61ad4b26b5a8ed9c397691e172c4da7ab1f1481c639870946ebbc
C,E3XC_L2_F2_F4,L2,20240608,B0,900,1,1,0,0,runs/experiment3_cross_site/site_c_edmonton/E3XC_L2_F2_F4/seed20240608/B0,9596bc2a4bb676c0730511532f80bc814cb3d6af84c8f8f91a3c24cdbeabdccb
C,E3XC_L2_F2_F4,L2,20240608,B1,900,1,1,0,0,runs/experiment3_cross_site/site_c_edmonton/E3XC_L2_F2_F4/seed20240608/B1,24e62224e3445fff08d83c3584e2e01ca6f006b7d4d15d3fdaf484fa0e55bad8
C,E3XC_L2_F2_F4,L2,20240608,B2,900,1,1,0,0,runs/experiment3_cross_site/site_c_edmonton/E3XC_L2_F2_F4/seed20240608/B2,24e62224e3445fff08d83c3584e2e01ca6f006b7d4d15d3fdaf484fa0e55bad8
C,E3XC_L2_F2_F4,L2,20240608,B4b,900,1,1,0,0,runs/experiment3_cross_site/site_c_edmonton/E3XC_L2_F2_F4/seed20240608/B4b,24e62224e3445fff08d83c3584e2e01ca6f006b7d4d15d3fdaf484fa0e55bad8
C,E3XC_L2_F2_F4,L2,20240609,B0,900,1,1,0,0,runs/experiment3_cross_site/site_c_edmonton/E3XC_L2_F2_F4/seed20240609/B0,4fc9460d043e0edd660b147643eb9e66f2525ca5d981101cf58993c2d9ca7ed3
C,E3XC_L2_F2_F4,L2,20240609,B1,900,1,1,0,0,runs/experiment3_cross_site/site_c_edmonton/E3XC_L2_F2_F4/seed20240609/B1,386e03570962779b9e97708802e44031e49158f60b85e5b90843f5c731bdad94
C,E3XC_L2_F2_F4,L2,20240609,B2,900,1,1,0,0,runs/experiment3_cross_site/site_c_edmonton/E3XC_L2_F2_F4/seed20240609/B2,386e03570962779b9e97708802e44031e49158f60b85e5b90843f5c731bdad94
C,E3XC_L2_F2_F4,L2,20240609,B4b,900,1,1,0,0,runs/experiment3_cross_site/site_c_edmonton/E3XC_L2_F2_F4/seed20240609/B4b,386e03570962779b9e97708802e44031e49158f60b85e5b90843f5c731bdad94
C,E3XC_L2_F2_F4,L2,20240610,B0,900,1,1,0,0,runs/experiment3_cross_site/site_c_edmonton/E3XC_L2_F2_F4/seed20240610/B0,03b3a71085441b40a8aad7053fac59c121a8ecb1ee98cc75ba55fc67431d3fb4
C,E3XC_L2_F2_F4,L2,20240610,B1,900,1,1,0,0,runs/experiment3_cross_site/site_c_edmonton/E3XC_L2_F2_F4/seed20240610/B1,2cc912f74a83980d34100c37e2611d5ab84466d8462143e775d21f2ae426ba18
C,E3XC_L2_F2_F4,L2,20240610,B2,900,1,1,0,0,runs/experiment3_cross_site/site_c_edmonton/E3XC_L2_F2_F4/seed20240610/B2,2cc912f74a83980d34100c37e2611d5ab84466d8462143e775d21f2ae426ba18
C,E3XC_L2_F2_F4,L2,20240610,B4b,900,1,1,0,0,runs/experiment3_cross_site/site_c_edmonton/E3XC_L2_F2_F4/seed20240610/B4b,2cc912f74a83980d34100c37e2611d5ab84466d8462143e775d21f2ae426ba18
C,E3XC_L2_F2_F4,L2,20240611,B0,900,1,1,0,0,runs/experiment3_cross_site/site_c_edmonton/E3XC_L2_F2_F4/seed20240611/B0,ba5d2cf37c8f0a52eefd292aa91a77e8828f1f7269f119989d6a56c80e7c1b5c
C,E3XC_L2_F2_F4,L2,20240611,B1,900,1,1,0,0,runs/experiment3_cross_site/site_c_edmonton/E3XC_L2_F2_F4/seed20240611/B1,a1f5f52bd6a78d4ffdf6053ef59b5091763501993c9ee331adb36ac84e500e1a
C,E3XC_L2_F2_F4,L2,20240611,B2,900,1,1,0,0,runs/experiment3_cross_site/site_c_edmonton/E3XC_L2_F2_F4/seed20240611/B2,a1f5f52bd6a78d4ffdf6053ef59b5091763501993c9ee331adb36ac84e500e1a
C,E3XC_L2_F2_F4,L2,20240611,B4b,900,1,1,0,0,runs/experiment3_cross_site/site_c_edmonton/E3XC_L2_F2_F4/seed20240611/B4b,a1f5f52bd6a78d4ffdf6053ef59b5091763501993c9ee331adb36ac84e500e1a
C,E3XC_L2_F2_F4,L2,20240612,B0,900,1,1,0,0,runs/experiment3_cross_site/site_c_edmonton/E3XC_L2_F2_F4/seed20240612/B0,726908f5a3d907380353dbcb306dbc6e6753fe402e635e1a38a155e3fb516836
C,E3XC_L2_F2_F4,L2,20240612,B1,900,1,1,0,0,runs/experiment3_cross_site/site_c_edmonton/E3XC_L2_F2_F4/seed20240612/B1,5d312a2ddf9911dde6f40e31503b570ff64fb4677c08e29d9400c922bc384dbe
C,E3XC_L2_F2_F4,L2,20240612,B2,900,1,1,0,0,runs/experiment3_cross_site/site_c_edmonton/E3XC_L2_F2_F4/seed20240612/B2,5d312a2ddf9911dde6f40e31503b570ff64fb4677c08e29d9400c922bc384dbe
C,E3XC_L2_F2_F4,L2,20240612,B4b,900,1,1,0,0,runs/experiment3_cross_site/site_c_edmonton/E3XC_L2_F2_F4/seed20240612/B4b,5d312a2ddf9911dde6f40e31503b570ff64fb4677c08e29d9400c922bc384dbe
C,E3XC_L2_F2_F4,L2,20240613,B0,900,1,1,0,0,runs/experiment3_cross_site/site_c_edmonton/E3XC_L2_F2_F4/seed20240613/B0,2789b83e83d3774025ae434ff15a647aee0e5255fe578bd8eae2c468cf16b200
C,E3XC_L2_F2_F4,L2,20240613,B1,900,1,1,0,0,runs/experiment3_cross_site/site_c_edmonton/E3XC_L2_F2_F4/seed20240613/B1,e61898ea703238d5bd047272d9f4b14f2a8ca3d8272fe7547aab0e9f53a4984d
C,E3XC_L2_F2_F4,L2,20240613,B2,900,1,1,0,0,runs/experiment3_cross_site/site_c_edmonton/E3XC_L2_F2_F4/seed20240613/B2,e61898ea703238d5bd047272d9f4b14f2a8ca3d8272fe7547aab0e9f53a4984d
C,E3XC_L2_F2_F4,L2,20240613,B4b,900,1,1,0,0,runs/experiment3_cross_site/site_c_edmonton/E3XC_L2_F2_F4/seed20240613/B4b,e61898ea703238d5bd047272d9f4b14f2a8ca3d8272fe7547aab0e9f53a4984d
C,E3XC_L2_F2_F4,L2,20240614,B0,900,1,1,0,0,runs/experiment3_cross_site/site_c_edmonton/E3XC_L2_F2_F4/seed20240614/B0,a76bbea701cb4d17d338b6c4dc11482f480a53bd337fa58124bf837bf4dc9652
C,E3XC_L2_F2_F4,L2,20240614,B1,900,1,1,0,0,runs/experiment3_cross_site/site_c_edmonton/E3XC_L2_F2_F4/seed20240614/B1,a8ddbf85934f31cf73795c887a7492eea48ab0621cc85cb36e24032bbb3bf553
C,E3XC_L2_F2_F4,L2,20240614,B2,900,1,1,0,0,runs/experiment3_cross_site/site_c_edmonton/E3XC_L2_F2_F4/seed20240614/B2,a8ddbf85934f31cf73795c887a7492eea48ab0621cc85cb36e24032bbb3bf553
C,E3XC_L2_F2_F4,L2,20240614,B4b,900,1,1,0,0,runs/experiment3_cross_site/site_c_edmonton/E3XC_L2_F2_F4/seed20240614/B4b,a8ddbf85934f31cf73795c887a7492eea48ab0621cc85cb36e24032bbb3bf553
C,E3XC_L2_F2_F4,L2,20240615,B0,900,1,1,0,0,runs/experiment3_cross_site/site_c_edmonton/E3XC_L2_F2_F4/seed20240615/B0,835fa9b43ac5ef694b2e94302dc33807a6cf7f6ea64ef1b2e6c0a12669f5a5f1
C,E3XC_L2_F2_F4,L2,20240615,B1,900,1,1,0,0,runs/experiment3_cross_site/site_c_edmonton/E3XC_L2_F2_F4/seed20240615/B1,320f20337a45533ae15224222f0f9699f091f572703988813d0dfcb9f8fefc5a
C,E3XC_L2_F2_F4,L2,20240615,B2,900,1,1,0,0,runs/experiment3_cross_site/site_c_edmonton/E3XC_L2_F2_F4/seed20240615/B2,320f20337a45533ae15224222f0f9699f091f572703988813d0dfcb9f8fefc5a
C,E3XC_L2_F2_F4,L2,20240615,B4b,900,1,1,0,0,runs/experiment3_cross_site/site_c_edmonton/E3XC_L2_F2_F4/seed20240615/B4b,320f20337a45533ae15224222f0f9699f091f572703988813d0dfcb9f8fefc5a
C,E3XC_L2_F2_F4,L2,20240616,B0,900,1,1,0,0,runs/experiment3_cross_site/site_c_edmonton/E3XC_L2_F2_F4/seed20240616/B0,6892da39ef75f44d676ae9fa6de620ec450b76db4914a130aa517b439444d43b
C,E3XC_L2_F2_F4,L2,20240616,B1,900,1,1,0,0,runs/experiment3_cross_site/site_c_edmonton/E3XC_L2_F2_F4/seed20240616/B1,af43e11a326a7f2746cf2ac7d5e40fe1b1abf4f94233f37ef894b2ec1b0e1089
C,E3XC_L2_F2_F4,L2,20240616,B2,900,1,1,0,0,runs/experiment3_cross_site/site_c_edmonton/E3XC_L2_F2_F4/seed20240616/B2,af43e11a326a7f2746cf2ac7d5e40fe1b1abf4f94233f37ef894b2ec1b0e1089
C,E3XC_L2_F2_F4,L2,20240616,B4b,900,1,1,0,0,runs/experiment3_cross_site/site_c_edmonton/E3XC_L2_F2_F4/seed20240616/B4b,af43e11a326a7f2746cf2ac7d5e40fe1b1abf4f94233f37ef894b2ec1b0e1089
C,E3XC_L2_F2_F4,L2,20240617,B0,900,1,1,0,0,runs/experiment3_cross_site/site_c_edmonton/E3XC_L2_F2_F4/seed20240617/B0,17ae7dfc0ec5f4ce432794635883d307a8dac5d36d5885dedd23400872fc0c06
C,E3XC_L2_F2_F4,L2,20240617,B1,900,1,1,0,0,runs/experiment3_cross_site/site_c_edmonton/E3XC_L2_F2_F4/seed20240617/B1,345930c8c7cd02a7a887ae714e9ba46c1fa712cf1f888273fb2ebc7b441792c3
C,E3XC_L2_F2_F4,L2,20240617,B2,900,1,1,0,0,runs/experiment3_cross_site/site_c_edmonton/E3XC_L2_F2_F4/seed20240617/B2,345930c8c7cd02a7a887ae714e9ba46c1fa712cf1f888273fb2ebc7b441792c3
C,E3XC_L2_F2_F4,L2,20240617,B4b,900,1,1,0,0,runs/experiment3_cross_site/site_c_edmonton/E3XC_L2_F2_F4/seed20240617/B4b,345930c8c7cd02a7a887ae714e9ba46c1fa712cf1f888273fb2ebc7b441792c3
C,E3XC_L2_F2_F4,L2,20240618,B0,900,1,1,0,0,runs/experiment3_cross_site/site_c_edmonton/E3XC_L2_F2_F4/seed20240618/B0,42162c42d7626ba33ea6a07550a1005891ba8eae99c9d708a60294628f94b3b4
C,E3XC_L2_F2_F4,L2,20240618,B1,900,1,1,0,0,runs/experiment3_cross_site/site_c_edmonton/E3XC_L2_F2_F4/seed20240618/B1,98e72aa48bc616ef6009851f9ae77713fb256b76a6643b53e21d77c59fefeed4
C,E3XC_L2_F2_F4,L2,20240618,B2,900,1,1,0,0,runs/experiment3_cross_site/site_c_edmonton/E3XC_L2_F2_F4/seed20240618/B2,98e72aa48bc616ef6009851f9ae77713fb256b76a6643b53e21d77c59fefeed4
C,E3XC_L2_F2_F4,L2,20240618,B4b,900,1,1,0,0,runs/experiment3_cross_site/site_c_edmonton/E3XC_L2_F2_F4/seed20240618/B4b,98e72aa48bc616ef6009851f9ae77713fb256b76a6643b53e21d77c59fefeed4
C,E3XC_L2_F2_F4,L2,20240619,B0,900,1,1,0,0,runs/experiment3_cross_site/site_c_edmonton/E3XC_L2_F2_F4/seed20240619/B0,49deaa014e64cee77825cc5244ce100642d1094bba204cccdd4aa2b2a289c557
C,E3XC_L2_F2_F4,L2,20240619,B1,900,1,1,0,0,runs/experiment3_cross_site/site_c_edmonton/E3XC_L2_F2_F4/seed20240619/B1,8e54884d298c8cd6d7e367a805f767f0e321ad1f6a8e9870a27be07b789306e0
C,E3XC_L2_F2_F4,L2,20240619,B2,900,1,1,0,0,runs/experiment3_cross_site/site_c_edmonton/E3XC_L2_F2_F4/seed20240619/B2,8e54884d298c8cd6d7e367a805f767f0e321ad1f6a8e9870a27be07b789306e0
C,E3XC_L2_F2_F4,L2,20240619,B4b,900,1,1,0,0,runs/experiment3_cross_site/site_c_edmonton/E3XC_L2_F2_F4/seed20240619/B4b,8e54884d298c8cd6d7e367a805f767f0e321ad1f6a8e9870a27be07b789306e0
C,E3XC_L2_F2_F4,L2,20240620,B0,900,1,1,0,0,runs/experiment3_cross_site/site_c_edmonton/E3XC_L2_F2_F4/seed20240620/B0,72eaa91d5fa007a3cf9a121b6ed3f8f5a4921a9b9dadb0885f4758cbe748dd81
C,E3XC_L2_F2_F4,L2,20240620,B1,900,1,1,0,0,runs/experiment3_cross_site/site_c_edmonton/E3XC_L2_F2_F4/seed20240620/B1,3fbf92fcb0430720f9e15eaf16ffe7cf9746658439983091e20330cfe49236c2
C,E3XC_L2_F2_F4,L2,20240620,B2,900,1,1,0,0,runs/experiment3_cross_site/site_c_edmonton/E3XC_L2_F2_F4/seed20240620/B2,3fbf92fcb0430720f9e15eaf16ffe7cf9746658439983091e20330cfe49236c2
C,E3XC_L2_F2_F4,L2,20240620,B4b,900,1,1,0,0,runs/experiment3_cross_site/site_c_edmonton/E3XC_L2_F2_F4/seed20240620/B4b,3fbf92fcb0430720f9e15eaf16ffe7cf9746658439983091e20330cfe49236c2
C,E3XC_L2_F6_F5,L2,20240601,B0,900,1,1,0,0,runs/experiment3_cross_site/site_c_edmonton/E3XC_L2_F6_F5/seed20240601/B0,aa7d3ded794a6da229a94c3d826433b051c636213997f3e3b2ad00dc5d135dc1
C,E3XC_L2_F6_F5,L2,20240601,B1,900,1,1,0,0,runs/experiment3_cross_site/site_c_edmonton/E3XC_L2_F6_F5/seed20240601/B1,dee21e542a82fb635b02d540aaed2bf39937cba0af54a6f64bd2ae12d3ced50e
C,E3XC_L2_F6_F5,L2,20240601,B2,900,1,1,0,0,runs/experiment3_cross_site/site_c_edmonton/E3XC_L2_F6_F5/seed20240601/B2,dee21e542a82fb635b02d540aaed2bf39937cba0af54a6f64bd2ae12d3ced50e
C,E3XC_L2_F6_F5,L2,20240601,B4b,900,1,1,0,0,runs/experiment3_cross_site/site_c_edmonton/E3XC_L2_F6_F5/seed20240601/B4b,dee21e542a82fb635b02d540aaed2bf39937cba0af54a6f64bd2ae12d3ced50e
C,E3XC_L2_F6_F5,L2,20240602,B0,900,1,1,0,0,runs/experiment3_cross_site/site_c_edmonton/E3XC_L2_F6_F5/seed20240602/B0,c26c3fdd5f3e48afc41b4c988d55fa29ecb6b398881f4129c72c1d36706c9656
C,E3XC_L2_F6_F5,L2,20240602,B1,900,1,1,0,0,runs/experiment3_cross_site/site_c_edmonton/E3XC_L2_F6_F5/seed20240602/B1,5954fd4c2a2911361a22946629ebb2ee56e0e352d60e15da03286ed7f4d6b163
C,E3XC_L2_F6_F5,L2,20240602,B2,900,1,1,0,0,runs/experiment3_cross_site/site_c_edmonton/E3XC_L2_F6_F5/seed20240602/B2,5954fd4c2a2911361a22946629ebb2ee56e0e352d60e15da03286ed7f4d6b163
C,E3XC_L2_F6_F5,L2,20240602,B4b,900,1,1,0,0,runs/experiment3_cross_site/site_c_edmonton/E3XC_L2_F6_F5/seed20240602/B4b,5954fd4c2a2911361a22946629ebb2ee56e0e352d60e15da03286ed7f4d6b163
C,E3XC_L2_F6_F5,L2,20240603,B0,900,1,1,0,0,runs/experiment3_cross_site/site_c_edmonton/E3XC_L2_F6_F5/seed20240603/B0,ee7d690b9dbe3e15ccb4795883a929ab99b0633313fb87382e36fe494d851efa
C,E3XC_L2_F6_F5,L2,20240603,B1,900,1,1,0,0,runs/experiment3_cross_site/site_c_edmonton/E3XC_L2_F6_F5/seed20240603/B1,64bf3caf74cea8d62ccef53726bd2870c8234252c74a6a355bdd07704c72789c
C,E3XC_L2_F6_F5,L2,20240603,B2,900,1,1,0,0,runs/experiment3_cross_site/site_c_edmonton/E3XC_L2_F6_F5/seed20240603/B2,64bf3caf74cea8d62ccef53726bd2870c8234252c74a6a355bdd07704c72789c
C,E3XC_L2_F6_F5,L2,20240603,B4b,900,1,1,0,0,runs/experiment3_cross_site/site_c_edmonton/E3XC_L2_F6_F5/seed20240603/B4b,64bf3caf74cea8d62ccef53726bd2870c8234252c74a6a355bdd07704c72789c
C,E3XC_L2_F6_F5,L2,20240604,B0,900,1,1,0,0,runs/experiment3_cross_site/site_c_edmonton/E3XC_L2_F6_F5/seed20240604/B0,59f68f93a0e2a2d66528dabbca7ffc4581d3ce11130397f8653d827ca85d0362
C,E3XC_L2_F6_F5,L2,20240604,B1,900,1,1,0,0,runs/experiment3_cross_site/site_c_edmonton/E3XC_L2_F6_F5/seed20240604/B1,c00efae80c834267d049f7475d8c4180c8f9f61b557895532154ff2519aa8def
C,E3XC_L2_F6_F5,L2,20240604,B2,900,1,1,0,0,runs/experiment3_cross_site/site_c_edmonton/E3XC_L2_F6_F5/seed20240604/B2,c00efae80c834267d049f7475d8c4180c8f9f61b557895532154ff2519aa8def
C,E3XC_L2_F6_F5,L2,20240604,B4b,900,1,1,0,0,runs/experiment3_cross_site/site_c_edmonton/E3XC_L2_F6_F5/seed20240604/B4b,c00efae80c834267d049f7475d8c4180c8f9f61b557895532154ff2519aa8def
C,E3XC_L2_F6_F5,L2,20240605,B0,900,1,1,0,0,runs/experiment3_cross_site/site_c_edmonton/E3XC_L2_F6_F5/seed20240605/B0,84ebe79e5eb222ba4e2bcee22350a8d6cf18320230f9d40f6c4eb3eec2df55a0
C,E3XC_L2_F6_F5,L2,20240605,B1,900,1,1,0,0,runs/experiment3_cross_site/site_c_edmonton/E3XC_L2_F6_F5/seed20240605/B1,3b682a7459571fa1d7cad1f894a76ca640ea71b71e7ee0819fe915536ac35fdc
C,E3XC_L2_F6_F5,L2,20240605,B2,900,1,1,0,0,runs/experiment3_cross_site/site_c_edmonton/E3XC_L2_F6_F5/seed20240605/B2,3b682a7459571fa1d7cad1f894a76ca640ea71b71e7ee0819fe915536ac35fdc
C,E3XC_L2_F6_F5,L2,20240605,B4b,900,1,1,0,0,runs/experiment3_cross_site/site_c_edmonton/E3XC_L2_F6_F5/seed20240605/B4b,3b682a7459571fa1d7cad1f894a76ca640ea71b71e7ee0819fe915536ac35fdc
C,E3XC_L2_F6_F5,L2,20240606,B0,900,1,1,0,0,runs/experiment3_cross_site/site_c_edmonton/E3XC_L2_F6_F5/seed20240606/B0,ac96d7032706e56f6039874e559c7eaa0b6c5b4e2cbf65f62f7fe2c805a94019
C,E3XC_L2_F6_F5,L2,20240606,B1,900,1,1,0,0,runs/experiment3_cross_site/site_c_edmonton/E3XC_L2_F6_F5/seed20240606/B1,1d9df0c112f105eb13eb9e7a6199fe091c2837fd2ec1ff2f04819885d2f142e5
C,E3XC_L2_F6_F5,L2,20240606,B2,900,1,1,0,0,runs/experiment3_cross_site/site_c_edmonton/E3XC_L2_F6_F5/seed20240606/B2,1d9df0c112f105eb13eb9e7a6199fe091c2837fd2ec1ff2f04819885d2f142e5
C,E3XC_L2_F6_F5,L2,20240606,B4b,900,1,1,0,0,runs/experiment3_cross_site/site_c_edmonton/E3XC_L2_F6_F5/seed20240606/B4b,1d9df0c112f105eb13eb9e7a6199fe091c2837fd2ec1ff2f04819885d2f142e5
C,E3XC_L2_F6_F5,L2,20240607,B0,900,1,1,0,0,runs/experiment3_cross_site/site_c_edmonton/E3XC_L2_F6_F5/seed20240607/B0,1e3c9a37d0b6bc47a8997ccb2187d9230f8d347fb657914d09a3fe9e1c5cd5fe
C,E3XC_L2_F6_F5,L2,20240607,B1,900,1,1,0,0,runs/experiment3_cross_site/site_c_edmonton/E3XC_L2_F6_F5/seed20240607/B1,e7512e2eb701cf8f1cdedcca1aad74b64cbbd22019bf5fdc4faf882ac96168f7
C,E3XC_L2_F6_F5,L2,20240607,B2,900,1,1,0,0,runs/experiment3_cross_site/site_c_edmonton/E3XC_L2_F6_F5/seed20240607/B2,e7512e2eb701cf8f1cdedcca1aad74b64cbbd22019bf5fdc4faf882ac96168f7
C,E3XC_L2_F6_F5,L2,20240607,B4b,900,1,1,0,0,runs/experiment3_cross_site/site_c_edmonton/E3XC_L2_F6_F5/seed20240607/B4b,e7512e2eb701cf8f1cdedcca1aad74b64cbbd22019bf5fdc4faf882ac96168f7
C,E3XC_L2_F6_F5,L2,20240608,B0,900,1,1,0,0,runs/experiment3_cross_site/site_c_edmonton/E3XC_L2_F6_F5/seed20240608/B0,3201b5f9b3424c2ada3a4ac49373d91e85d8e23b08a3bb4ffccc74e2c9327e2d
C,E3XC_L2_F6_F5,L2,20240608,B1,900,1,1,0,0,runs/experiment3_cross_site/site_c_edmonton/E3XC_L2_F6_F5/seed20240608/B1,b29d25d8e50501a8d9f133a9e6a4597349256c1f45c7c06ef872d1280ed0781e
C,E3XC_L2_F6_F5,L2,20240608,B2,900,1,1,0,0,runs/experiment3_cross_site/site_c_edmonton/E3XC_L2_F6_F5/seed20240608/B2,b29d25d8e50501a8d9f133a9e6a4597349256c1f45c7c06ef872d1280ed0781e
C,E3XC_L2_F6_F5,L2,20240608,B4b,900,1,1,0,0,runs/experiment3_cross_site/site_c_edmonton/E3XC_L2_F6_F5/seed20240608/B4b,b29d25d8e50501a8d9f133a9e6a4597349256c1f45c7c06ef872d1280ed0781e
C,E3XC_L2_F6_F5,L2,20240609,B0,900,1,1,0,0,runs/experiment3_cross_site/site_c_edmonton/E3XC_L2_F6_F5/seed20240609/B0,17a6c821207e9ce795ec064d88225e8bf8797e8179736f0a923a7e04c13dd9fb
C,E3XC_L2_F6_F5,L2,20240609,B1,900,1,1,0,0,runs/experiment3_cross_site/site_c_edmonton/E3XC_L2_F6_F5/seed20240609/B1,4db94c36ab9cf1c3e7a683e5a3cbe7c25bfe0f4bc28c681f0caabd1adddf1c3d
C,E3XC_L2_F6_F5,L2,20240609,B2,900,1,1,0,0,runs/experiment3_cross_site/site_c_edmonton/E3XC_L2_F6_F5/seed20240609/B2,4db94c36ab9cf1c3e7a683e5a3cbe7c25bfe0f4bc28c681f0caabd1adddf1c3d
C,E3XC_L2_F6_F5,L2,20240609,B4b,900,1,1,0,0,runs/experiment3_cross_site/site_c_edmonton/E3XC_L2_F6_F5/seed20240609/B4b,4db94c36ab9cf1c3e7a683e5a3cbe7c25bfe0f4bc28c681f0caabd1adddf1c3d
C,E3XC_L2_F6_F5,L2,20240610,B0,900,1,1,0,0,runs/experiment3_cross_site/site_c_edmonton/E3XC_L2_F6_F5/seed20240610/B0,1f2c55e4692802411a66279b486284865f354a3beae581380f101af738cf06d1
C,E3XC_L2_F6_F5,L2,20240610,B1,900,1,1,0,0,runs/experiment3_cross_site/site_c_edmonton/E3XC_L2_F6_F5/seed20240610/B1,cc95e7a03ad4e5249c0a3d55ec8a2c32dec547cd55246e9137f81796799093e5
C,E3XC_L2_F6_F5,L2,20240610,B2,900,1,1,0,0,runs/experiment3_cross_site/site_c_edmonton/E3XC_L2_F6_F5/seed20240610/B2,cc95e7a03ad4e5249c0a3d55ec8a2c32dec547cd55246e9137f81796799093e5
C,E3XC_L2_F6_F5,L2,20240610,B4b,900,1,1,0,0,runs/experiment3_cross_site/site_c_edmonton/E3XC_L2_F6_F5/seed20240610/B4b,cc95e7a03ad4e5249c0a3d55ec8a2c32dec547cd55246e9137f81796799093e5
C,E3XC_L2_F6_F5,L2,20240611,B0,900,1,1,0,0,runs/experiment3_cross_site/site_c_edmonton/E3XC_L2_F6_F5/seed20240611/B0,f84fc205248f1a99ef13caeb8f1d568d85a8a26ae14ab08bd39593c306acc8d2
C,E3XC_L2_F6_F5,L2,20240611,B1,900,1,1,0,0,runs/experiment3_cross_site/site_c_edmonton/E3XC_L2_F6_F5/seed20240611/B1,a7d42e74254564f48d658aa1cd698be52b125cc6852d8ec8ecc230d3fd07c030
C,E3XC_L2_F6_F5,L2,20240611,B2,900,1,1,0,0,runs/experiment3_cross_site/site_c_edmonton/E3XC_L2_F6_F5/seed20240611/B2,a7d42e74254564f48d658aa1cd698be52b125cc6852d8ec8ecc230d3fd07c030
C,E3XC_L2_F6_F5,L2,20240611,B4b,900,1,1,0,0,runs/experiment3_cross_site/site_c_edmonton/E3XC_L2_F6_F5/seed20240611/B4b,a7d42e74254564f48d658aa1cd698be52b125cc6852d8ec8ecc230d3fd07c030
C,E3XC_L2_F6_F5,L2,20240612,B0,900,1,1,0,0,runs/experiment3_cross_site/site_c_edmonton/E3XC_L2_F6_F5/seed20240612/B0,d4719faf00edd68a8b758ecd94b5741617ced31e9d156116c5f632313a73f0fc
C,E3XC_L2_F6_F5,L2,20240612,B1,900,1,1,0,0,runs/experiment3_cross_site/site_c_edmonton/E3XC_L2_F6_F5/seed20240612/B1,180816f0a56183225daf285df53f2530c06c834b60849090c59c75c3c57c0813
C,E3XC_L2_F6_F5,L2,20240612,B2,900,1,1,0,0,runs/experiment3_cross_site/site_c_edmonton/E3XC_L2_F6_F5/seed20240612/B2,180816f0a56183225daf285df53f2530c06c834b60849090c59c75c3c57c0813
C,E3XC_L2_F6_F5,L2,20240612,B4b,900,1,1,0,0,runs/experiment3_cross_site/site_c_edmonton/E3XC_L2_F6_F5/seed20240612/B4b,180816f0a56183225daf285df53f2530c06c834b60849090c59c75c3c57c0813
C,E3XC_L2_F6_F5,L2,20240613,B0,900,1,1,0,0,runs/experiment3_cross_site/site_c_edmonton/E3XC_L2_F6_F5/seed20240613/B0,d09660866a45b0efd33f93062327b2436bc4601dde2939811a46b182719396ab
C,E3XC_L2_F6_F5,L2,20240613,B1,900,1,1,0,0,runs/experiment3_cross_site/site_c_edmonton/E3XC_L2_F6_F5/seed20240613/B1,03540b5015fe39ef43cb36630c21135d77c20e413f30c7698de89442b0278970
C,E3XC_L2_F6_F5,L2,20240613,B2,900,1,1,0,0,runs/experiment3_cross_site/site_c_edmonton/E3XC_L2_F6_F5/seed20240613/B2,03540b5015fe39ef43cb36630c21135d77c20e413f30c7698de89442b0278970
C,E3XC_L2_F6_F5,L2,20240613,B4b,900,1,1,0,0,runs/experiment3_cross_site/site_c_edmonton/E3XC_L2_F6_F5/seed20240613/B4b,03540b5015fe39ef43cb36630c21135d77c20e413f30c7698de89442b0278970
C,E3XC_L2_F6_F5,L2,20240614,B0,900,1,1,0,0,runs/experiment3_cross_site/site_c_edmonton/E3XC_L2_F6_F5/seed20240614/B0,e0afe0f30bbb99a29dc5ce2da6340c235e0908d577f971495f434da77bbc1a1b
C,E3XC_L2_F6_F5,L2,20240614,B1,900,1,1,0,0,runs/experiment3_cross_site/site_c_edmonton/E3XC_L2_F6_F5/seed20240614/B1,b2c2451a8966c27e494200cbc161193b35380d095fba86b8b138b795724249c8
C,E3XC_L2_F6_F5,L2,20240614,B2,900,1,1,0,0,runs/experiment3_cross_site/site_c_edmonton/E3XC_L2_F6_F5/seed20240614/B2,b2c2451a8966c27e494200cbc161193b35380d095fba86b8b138b795724249c8
C,E3XC_L2_F6_F5,L2,20240614,B4b,900,1,1,0,0,runs/experiment3_cross_site/site_c_edmonton/E3XC_L2_F6_F5/seed20240614/B4b,b2c2451a8966c27e494200cbc161193b35380d095fba86b8b138b795724249c8
C,E3XC_L2_F6_F5,L2,20240615,B0,900,1,1,0,0,runs/experiment3_cross_site/site_c_edmonton/E3XC_L2_F6_F5/seed20240615/B0,1071ac43f142183be46b9f9dd377ede2d494993885530f21d4ae9f71d2d25bf8
C,E3XC_L2_F6_F5,L2,20240615,B1,900,1,1,0,0,runs/experiment3_cross_site/site_c_edmonton/E3XC_L2_F6_F5/seed20240615/B1,65580fe94f2c5e59828c13b8fe443c5d3b761650f3ca3411f144fac2036934fa
C,E3XC_L2_F6_F5,L2,20240615,B2,900,1,1,0,0,runs/experiment3_cross_site/site_c_edmonton/E3XC_L2_F6_F5/seed20240615/B2,65580fe94f2c5e59828c13b8fe443c5d3b761650f3ca3411f144fac2036934fa
C,E3XC_L2_F6_F5,L2,20240615,B4b,900,1,1,0,0,runs/experiment3_cross_site/site_c_edmonton/E3XC_L2_F6_F5/seed20240615/B4b,65580fe94f2c5e59828c13b8fe443c5d3b761650f3ca3411f144fac2036934fa
C,E3XC_L2_F6_F5,L2,20240616,B0,900,1,1,0,0,runs/experiment3_cross_site/site_c_edmonton/E3XC_L2_F6_F5/seed20240616/B0,c0658d2a291a5e799e4e9fe675da13c568b53b11884da63f83f3a5491b9c334c
C,E3XC_L2_F6_F5,L2,20240616,B1,900,1,1,0,0,runs/experiment3_cross_site/site_c_edmonton/E3XC_L2_F6_F5/seed20240616/B1,cdf890ed3cf41e4be5592acb9ce8a182a7f1958f468420694fb3426f0c9a00dc
C,E3XC_L2_F6_F5,L2,20240616,B2,900,1,1,0,0,runs/experiment3_cross_site/site_c_edmonton/E3XC_L2_F6_F5/seed20240616/B2,cdf890ed3cf41e4be5592acb9ce8a182a7f1958f468420694fb3426f0c9a00dc
C,E3XC_L2_F6_F5,L2,20240616,B4b,900,1,1,0,0,runs/experiment3_cross_site/site_c_edmonton/E3XC_L2_F6_F5/seed20240616/B4b,cdf890ed3cf41e4be5592acb9ce8a182a7f1958f468420694fb3426f0c9a00dc
C,E3XC_L2_F6_F5,L2,20240617,B0,900,1,1,0,0,runs/experiment3_cross_site/site_c_edmonton/E3XC_L2_F6_F5/seed20240617/B0,fc884b8206d51573610e6d95c14482cbb756b0395a8fd11d1df2c52c11602cb0
C,E3XC_L2_F6_F5,L2,20240617,B1,900,1,1,0,0,runs/experiment3_cross_site/site_c_edmonton/E3XC_L2_F6_F5/seed20240617/B1,b1408f8c26098988cda6038d0e9f535d451e3bafe7c1e1c4c0846a4d8b39b1e6
C,E3XC_L2_F6_F5,L2,20240617,B2,900,1,1,0,0,runs/experiment3_cross_site/site_c_edmonton/E3XC_L2_F6_F5/seed20240617/B2,b1408f8c26098988cda6038d0e9f535d451e3bafe7c1e1c4c0846a4d8b39b1e6
C,E3XC_L2_F6_F5,L2,20240617,B4b,900,1,1,0,0,runs/experiment3_cross_site/site_c_edmonton/E3XC_L2_F6_F5/seed20240617/B4b,b1408f8c26098988cda6038d0e9f535d451e3bafe7c1e1c4c0846a4d8b39b1e6
C,E3XC_L2_F6_F5,L2,20240618,B0,900,1,1,0,0,runs/experiment3_cross_site/site_c_edmonton/E3XC_L2_F6_F5/seed20240618/B0,f58f0b8133f5ace924a8962155e5cf585fd438ba6a235f534caf950cd80bacb1
C,E3XC_L2_F6_F5,L2,20240618,B1,900,1,1,0,0,runs/experiment3_cross_site/site_c_edmonton/E3XC_L2_F6_F5/seed20240618/B1,a24169860a8465aaa1f79134cf01b21827ada908b34ed0fff79a224d6d30a690
C,E3XC_L2_F6_F5,L2,20240618,B2,900,1,1,0,0,runs/experiment3_cross_site/site_c_edmonton/E3XC_L2_F6_F5/seed20240618/B2,a24169860a8465aaa1f79134cf01b21827ada908b34ed0fff79a224d6d30a690
C,E3XC_L2_F6_F5,L2,20240618,B4b,900,1,1,0,0,runs/experiment3_cross_site/site_c_edmonton/E3XC_L2_F6_F5/seed20240618/B4b,a24169860a8465aaa1f79134cf01b21827ada908b34ed0fff79a224d6d30a690
C,E3XC_L2_F6_F5,L2,20240619,B0,900,1,1,0,0,runs/experiment3_cross_site/site_c_edmonton/E3XC_L2_F6_F5/seed20240619/B0,44ab7a67f362d292fddc21a0a7d5c48cf8b16a561d4d423e9602767a72e52199
C,E3XC_L2_F6_F5,L2,20240619,B1,900,1,1,0,0,runs/experiment3_cross_site/site_c_edmonton/E3XC_L2_F6_F5/seed20240619/B1,e9aba6be934a69f75d22ca7466d0125c2fac4dc78613a673ad53b02d3bd938f2
C,E3XC_L2_F6_F5,L2,20240619,B2,900,1,1,0,0,runs/experiment3_cross_site/site_c_edmonton/E3XC_L2_F6_F5/seed20240619/B2,e9aba6be934a69f75d22ca7466d0125c2fac4dc78613a673ad53b02d3bd938f2
C,E3XC_L2_F6_F5,L2,20240619,B4b,900,1,1,0,0,runs/experiment3_cross_site/site_c_edmonton/E3XC_L2_F6_F5/seed20240619/B4b,e9aba6be934a69f75d22ca7466d0125c2fac4dc78613a673ad53b02d3bd938f2
C,E3XC_L2_F6_F5,L2,20240620,B0,900,1,1,0,0,runs/experiment3_cross_site/site_c_edmonton/E3XC_L2_F6_F5/seed20240620/B0,5c5788f1c328068a0dc0b9c17eff95b4f1d984b947a7f7c51d7f00509d29581b
C,E3XC_L2_F6_F5,L2,20240620,B1,900,1,1,0,0,runs/experiment3_cross_site/site_c_edmonton/E3XC_L2_F6_F5/seed20240620/B1,eeb90e9513d68199182b1979030fa8e48f8e5ccb347f55c34cd9d788f3735f72
C,E3XC_L2_F6_F5,L2,20240620,B2,900,1,1,0,0,runs/experiment3_cross_site/site_c_edmonton/E3XC_L2_F6_F5/seed20240620/B2,eeb90e9513d68199182b1979030fa8e48f8e5ccb347f55c34cd9d788f3735f72
C,E3XC_L2_F6_F5,L2,20240620,B4b,900,1,1,0,0,runs/experiment3_cross_site/site_c_edmonton/E3XC_L2_F6_F5/seed20240620/B4b,eeb90e9513d68199182b1979030fa8e48f8e5ccb347f55c34cd9d788f3735f72
C,E3XC_L3_COMP_F1,L3,20240601,B0,1200,2,2,0,0,runs/experiment3_cross_site/site_c_edmonton/E3XC_L3_COMP_F1/seed20240601/B0,0f81d98a91ca9712dbc04ef5e69ffb869daa0a821a4c9d30c2b9459f4edd8b3a
C,E3XC_L3_COMP_F1,L3,20240601,B1,1200,2,2,0,0,runs/experiment3_cross_site/site_c_edmonton/E3XC_L3_COMP_F1/seed20240601/B1,dcaa2bd3a2e0210acc26e12d8b7dfe68bcd3a904a41ec935b5cabbfa8345479f
C,E3XC_L3_COMP_F1,L3,20240601,B2,1200,2,2,0,0,runs/experiment3_cross_site/site_c_edmonton/E3XC_L3_COMP_F1/seed20240601/B2,dcaa2bd3a2e0210acc26e12d8b7dfe68bcd3a904a41ec935b5cabbfa8345479f
C,E3XC_L3_COMP_F1,L3,20240601,B4b,1200,2,2,0,0,runs/experiment3_cross_site/site_c_edmonton/E3XC_L3_COMP_F1/seed20240601/B4b,dcaa2bd3a2e0210acc26e12d8b7dfe68bcd3a904a41ec935b5cabbfa8345479f
C,E3XC_L3_COMP_F1,L3,20240602,B0,1200,2,2,0,0,runs/experiment3_cross_site/site_c_edmonton/E3XC_L3_COMP_F1/seed20240602/B0,2c341a1a0c74eeedf2862241552f037e2815947537ce754a8a264f43ad74b4a7
C,E3XC_L3_COMP_F1,L3,20240602,B1,1200,2,2,0,0,runs/experiment3_cross_site/site_c_edmonton/E3XC_L3_COMP_F1/seed20240602/B1,98e6a6d89f2018c9748024ca2498b0d26c4cfdd539ae06479063708de1687db5
C,E3XC_L3_COMP_F1,L3,20240602,B2,1200,2,2,0,0,runs/experiment3_cross_site/site_c_edmonton/E3XC_L3_COMP_F1/seed20240602/B2,98e6a6d89f2018c9748024ca2498b0d26c4cfdd539ae06479063708de1687db5
C,E3XC_L3_COMP_F1,L3,20240602,B4b,1200,2,2,0,0,runs/experiment3_cross_site/site_c_edmonton/E3XC_L3_COMP_F1/seed20240602/B4b,98e6a6d89f2018c9748024ca2498b0d26c4cfdd539ae06479063708de1687db5
C,E3XC_L3_COMP_F1,L3,20240603,B0,1200,2,2,0,0,runs/experiment3_cross_site/site_c_edmonton/E3XC_L3_COMP_F1/seed20240603/B0,9cf8313243901dfca26c25d245c66a8e9ee259f85209e83b86a89da57f65dcf4
C,E3XC_L3_COMP_F1,L3,20240603,B1,1200,2,2,0,0,runs/experiment3_cross_site/site_c_edmonton/E3XC_L3_COMP_F1/seed20240603/B1,664c2b944e8629dc3dc262da58f1eb74e5651d61c41395c71f7c07054865084b
C,E3XC_L3_COMP_F1,L3,20240603,B2,1200,2,2,0,0,runs/experiment3_cross_site/site_c_edmonton/E3XC_L3_COMP_F1/seed20240603/B2,664c2b944e8629dc3dc262da58f1eb74e5651d61c41395c71f7c07054865084b
C,E3XC_L3_COMP_F1,L3,20240603,B4b,1200,2,2,0,0,runs/experiment3_cross_site/site_c_edmonton/E3XC_L3_COMP_F1/seed20240603/B4b,664c2b944e8629dc3dc262da58f1eb74e5651d61c41395c71f7c07054865084b
C,E3XC_L3_COMP_F1,L3,20240604,B0,1200,2,2,0,0,runs/experiment3_cross_site/site_c_edmonton/E3XC_L3_COMP_F1/seed20240604/B0,fcf945163659f1350e90d8284bb2d5b72550605159bfd8a2b4735a16c8cd7f03
C,E3XC_L3_COMP_F1,L3,20240604,B1,1200,2,2,0,0,runs/experiment3_cross_site/site_c_edmonton/E3XC_L3_COMP_F1/seed20240604/B1,3cb9639078fe7b37c0d2b617b586773a3355602de2dbfe4603be0eb0bd027393
C,E3XC_L3_COMP_F1,L3,20240604,B2,1200,2,2,0,0,runs/experiment3_cross_site/site_c_edmonton/E3XC_L3_COMP_F1/seed20240604/B2,3cb9639078fe7b37c0d2b617b586773a3355602de2dbfe4603be0eb0bd027393
C,E3XC_L3_COMP_F1,L3,20240604,B4b,1200,2,2,0,0,runs/experiment3_cross_site/site_c_edmonton/E3XC_L3_COMP_F1/seed20240604/B4b,3cb9639078fe7b37c0d2b617b586773a3355602de2dbfe4603be0eb0bd027393
C,E3XC_L3_COMP_F1,L3,20240605,B0,1200,2,2,0,0,runs/experiment3_cross_site/site_c_edmonton/E3XC_L3_COMP_F1/seed20240605/B0,08e5b71268d59875d93f7f44b8785801b10d14761faa3fd84d57d8019ed6400a
C,E3XC_L3_COMP_F1,L3,20240605,B1,1200,2,2,0,0,runs/experiment3_cross_site/site_c_edmonton/E3XC_L3_COMP_F1/seed20240605/B1,1bdf6b3714929eb8bb833c2c43d23698fd2a945ff6e5fb77a3da597043a1df43
C,E3XC_L3_COMP_F1,L3,20240605,B2,1200,2,2,0,0,runs/experiment3_cross_site/site_c_edmonton/E3XC_L3_COMP_F1/seed20240605/B2,1bdf6b3714929eb8bb833c2c43d23698fd2a945ff6e5fb77a3da597043a1df43
C,E3XC_L3_COMP_F1,L3,20240605,B4b,1200,2,2,0,0,runs/experiment3_cross_site/site_c_edmonton/E3XC_L3_COMP_F1/seed20240605/B4b,1bdf6b3714929eb8bb833c2c43d23698fd2a945ff6e5fb77a3da597043a1df43
C,E3XC_L3_COMP_F1,L3,20240606,B0,1200,2,2,0,0,runs/experiment3_cross_site/site_c_edmonton/E3XC_L3_COMP_F1/seed20240606/B0,d855a71f824ebc298c4c797473f3b9518dcbd1bc7c358ce55f4a124944da6832
C,E3XC_L3_COMP_F1,L3,20240606,B1,1200,2,2,0,0,runs/experiment3_cross_site/site_c_edmonton/E3XC_L3_COMP_F1/seed20240606/B1,3ecfd0247b5bc0cc24a395552d9edd2c4724bcf1aa1aac4ff276389d315071cd
C,E3XC_L3_COMP_F1,L3,20240606,B2,1200,2,2,0,0,runs/experiment3_cross_site/site_c_edmonton/E3XC_L3_COMP_F1/seed20240606/B2,3ecfd0247b5bc0cc24a395552d9edd2c4724bcf1aa1aac4ff276389d315071cd
C,E3XC_L3_COMP_F1,L3,20240606,B4b,1200,2,2,0,0,runs/experiment3_cross_site/site_c_edmonton/E3XC_L3_COMP_F1/seed20240606/B4b,3ecfd0247b5bc0cc24a395552d9edd2c4724bcf1aa1aac4ff276389d315071cd
C,E3XC_L3_COMP_F1,L3,20240607,B0,1200,2,2,0,0,runs/experiment3_cross_site/site_c_edmonton/E3XC_L3_COMP_F1/seed20240607/B0,08ec6a0f06b66afa894f4b10ac29c07363106027a86fa22c0940cca9639484b5
C,E3XC_L3_COMP_F1,L3,20240607,B1,1200,2,2,0,0,runs/experiment3_cross_site/site_c_edmonton/E3XC_L3_COMP_F1/seed20240607/B1,2219ffaeab161538152a3040750058e25f87cf2a6d5a3386f4047725ff395528
C,E3XC_L3_COMP_F1,L3,20240607,B2,1200,2,2,0,0,runs/experiment3_cross_site/site_c_edmonton/E3XC_L3_COMP_F1/seed20240607/B2,2219ffaeab161538152a3040750058e25f87cf2a6d5a3386f4047725ff395528
C,E3XC_L3_COMP_F1,L3,20240607,B4b,1200,2,2,0,0,runs/experiment3_cross_site/site_c_edmonton/E3XC_L3_COMP_F1/seed20240607/B4b,2219ffaeab161538152a3040750058e25f87cf2a6d5a3386f4047725ff395528
C,E3XC_L3_COMP_F1,L3,20240608,B0,1200,2,2,0,0,runs/experiment3_cross_site/site_c_edmonton/E3XC_L3_COMP_F1/seed20240608/B0,2e1d2da1f90283b7ff701262aaf23eb15d38a3724e5988643fc11c454de7e93d
C,E3XC_L3_COMP_F1,L3,20240608,B1,1200,2,2,0,0,runs/experiment3_cross_site/site_c_edmonton/E3XC_L3_COMP_F1/seed20240608/B1,790f11fe3ab5372f5cc232352a26033a15f92a1d6374ef9d679410c29021d44d
C,E3XC_L3_COMP_F1,L3,20240608,B2,1200,2,2,0,0,runs/experiment3_cross_site/site_c_edmonton/E3XC_L3_COMP_F1/seed20240608/B2,790f11fe3ab5372f5cc232352a26033a15f92a1d6374ef9d679410c29021d44d
C,E3XC_L3_COMP_F1,L3,20240608,B4b,1200,2,2,0,0,runs/experiment3_cross_site/site_c_edmonton/E3XC_L3_COMP_F1/seed20240608/B4b,790f11fe3ab5372f5cc232352a26033a15f92a1d6374ef9d679410c29021d44d
C,E3XC_L3_COMP_F1,L3,20240609,B0,1200,2,2,0,0,runs/experiment3_cross_site/site_c_edmonton/E3XC_L3_COMP_F1/seed20240609/B0,5d20798a284858088ffc45a10fa7b3cbb36d8224e625d7fb938a1f9e28ca2f60
C,E3XC_L3_COMP_F1,L3,20240609,B1,1200,2,2,0,0,runs/experiment3_cross_site/site_c_edmonton/E3XC_L3_COMP_F1/seed20240609/B1,80ef0264a3113de95926798140e7ab10bcf92d07b803f8a4ba7f2692fc8ebc12
C,E3XC_L3_COMP_F1,L3,20240609,B2,1200,2,2,0,0,runs/experiment3_cross_site/site_c_edmonton/E3XC_L3_COMP_F1/seed20240609/B2,80ef0264a3113de95926798140e7ab10bcf92d07b803f8a4ba7f2692fc8ebc12
C,E3XC_L3_COMP_F1,L3,20240609,B4b,1200,2,2,0,0,runs/experiment3_cross_site/site_c_edmonton/E3XC_L3_COMP_F1/seed20240609/B4b,80ef0264a3113de95926798140e7ab10bcf92d07b803f8a4ba7f2692fc8ebc12
C,E3XC_L3_COMP_F1,L3,20240610,B0,1200,2,2,0,0,runs/experiment3_cross_site/site_c_edmonton/E3XC_L3_COMP_F1/seed20240610/B0,4e5fbb0428f14a0b6e0ca302efb76d8a9cfccf0bd9825f5be4ee7966a6a7aa7d
C,E3XC_L3_COMP_F1,L3,20240610,B1,1200,2,2,0,0,runs/experiment3_cross_site/site_c_edmonton/E3XC_L3_COMP_F1/seed20240610/B1,ef4249f52d601e8a786344b7495114674c7cf9d2be46c2562615b4faab166e64
C,E3XC_L3_COMP_F1,L3,20240610,B2,1200,2,2,0,0,runs/experiment3_cross_site/site_c_edmonton/E3XC_L3_COMP_F1/seed20240610/B2,ef4249f52d601e8a786344b7495114674c7cf9d2be46c2562615b4faab166e64
C,E3XC_L3_COMP_F1,L3,20240610,B4b,1200,2,2,0,0,runs/experiment3_cross_site/site_c_edmonton/E3XC_L3_COMP_F1/seed20240610/B4b,ef4249f52d601e8a786344b7495114674c7cf9d2be46c2562615b4faab166e64
C,E3XC_L3_COMP_F1,L3,20240611,B0,1200,2,2,0,0,runs/experiment3_cross_site/site_c_edmonton/E3XC_L3_COMP_F1/seed20240611/B0,dc1d5c87ed6cdf9e0f3aaa31784ca41804ccdc5fe6ace40ca6bd8b11e5d4715b
C,E3XC_L3_COMP_F1,L3,20240611,B1,1200,2,2,0,0,runs/experiment3_cross_site/site_c_edmonton/E3XC_L3_COMP_F1/seed20240611/B1,3310bab198748912d2f7c3b938d7f90dfd41ce254344f31e0af6534c90494abb
C,E3XC_L3_COMP_F1,L3,20240611,B2,1200,2,2,0,0,runs/experiment3_cross_site/site_c_edmonton/E3XC_L3_COMP_F1/seed20240611/B2,3310bab198748912d2f7c3b938d7f90dfd41ce254344f31e0af6534c90494abb
C,E3XC_L3_COMP_F1,L3,20240611,B4b,1200,2,2,0,0,runs/experiment3_cross_site/site_c_edmonton/E3XC_L3_COMP_F1/seed20240611/B4b,3310bab198748912d2f7c3b938d7f90dfd41ce254344f31e0af6534c90494abb
C,E3XC_L3_COMP_F1,L3,20240612,B0,1200,2,2,0,0,runs/experiment3_cross_site/site_c_edmonton/E3XC_L3_COMP_F1/seed20240612/B0,ec9181b96b0a2171683f8f5d8c927ca96276ea2cb02ae8f3787cfd00198b9c4f
C,E3XC_L3_COMP_F1,L3,20240612,B1,1200,2,2,0,0,runs/experiment3_cross_site/site_c_edmonton/E3XC_L3_COMP_F1/seed20240612/B1,f4909597f858270ed7b6bd08fc3b975230a0c0a6bf32220477bc747feddd09e5
C,E3XC_L3_COMP_F1,L3,20240612,B2,1200,2,2,0,0,runs/experiment3_cross_site/site_c_edmonton/E3XC_L3_COMP_F1/seed20240612/B2,f4909597f858270ed7b6bd08fc3b975230a0c0a6bf32220477bc747feddd09e5
C,E3XC_L3_COMP_F1,L3,20240612,B4b,1200,2,2,0,0,runs/experiment3_cross_site/site_c_edmonton/E3XC_L3_COMP_F1/seed20240612/B4b,f4909597f858270ed7b6bd08fc3b975230a0c0a6bf32220477bc747feddd09e5
C,E3XC_L3_COMP_F1,L3,20240613,B0,1200,2,2,0,0,runs/experiment3_cross_site/site_c_edmonton/E3XC_L3_COMP_F1/seed20240613/B0,5caf17880895be2e1393739106f26b98ac22eccc486ec38f78a8d043864adddc
C,E3XC_L3_COMP_F1,L3,20240613,B1,1200,2,2,0,0,runs/experiment3_cross_site/site_c_edmonton/E3XC_L3_COMP_F1/seed20240613/B1,585526e05c885f96e29523701a2f0306026238f4bcd4cb52cfeb0b4b3db3db49
C,E3XC_L3_COMP_F1,L3,20240613,B2,1200,2,2,0,0,runs/experiment3_cross_site/site_c_edmonton/E3XC_L3_COMP_F1/seed20240613/B2,585526e05c885f96e29523701a2f0306026238f4bcd4cb52cfeb0b4b3db3db49
C,E3XC_L3_COMP_F1,L3,20240613,B4b,1200,2,2,0,0,runs/experiment3_cross_site/site_c_edmonton/E3XC_L3_COMP_F1/seed20240613/B4b,585526e05c885f96e29523701a2f0306026238f4bcd4cb52cfeb0b4b3db3db49
C,E3XC_L3_COMP_F1,L3,20240614,B0,1200,2,2,0,0,runs/experiment3_cross_site/site_c_edmonton/E3XC_L3_COMP_F1/seed20240614/B0,b6fff9a52f30ad259b98502888998dfbd090d2a8a941601685737e0c27425d0d
C,E3XC_L3_COMP_F1,L3,20240614,B1,1200,2,2,0,0,runs/experiment3_cross_site/site_c_edmonton/E3XC_L3_COMP_F1/seed20240614/B1,5b4379c4b3686f0b4bdf0981196f91267459cd2faa89e5550fc4e8d5d98f7924
C,E3XC_L3_COMP_F1,L3,20240614,B2,1200,2,2,0,0,runs/experiment3_cross_site/site_c_edmonton/E3XC_L3_COMP_F1/seed20240614/B2,5b4379c4b3686f0b4bdf0981196f91267459cd2faa89e5550fc4e8d5d98f7924
C,E3XC_L3_COMP_F1,L3,20240614,B4b,1200,2,2,0,0,runs/experiment3_cross_site/site_c_edmonton/E3XC_L3_COMP_F1/seed20240614/B4b,5b4379c4b3686f0b4bdf0981196f91267459cd2faa89e5550fc4e8d5d98f7924
C,E3XC_L3_COMP_F1,L3,20240615,B0,1200,2,2,0,0,runs/experiment3_cross_site/site_c_edmonton/E3XC_L3_COMP_F1/seed20240615/B0,5f6b5776a27c5ba0976b6dc98e3fd6931701875d782c5cd52399a99a286df412
C,E3XC_L3_COMP_F1,L3,20240615,B1,1200,2,2,0,0,runs/experiment3_cross_site/site_c_edmonton/E3XC_L3_COMP_F1/seed20240615/B1,28a0f1e33731113a07858c4692546e4341f17e39fd528060001a95e413f7b994
C,E3XC_L3_COMP_F1,L3,20240615,B2,1200,2,2,0,0,runs/experiment3_cross_site/site_c_edmonton/E3XC_L3_COMP_F1/seed20240615/B2,28a0f1e33731113a07858c4692546e4341f17e39fd528060001a95e413f7b994
C,E3XC_L3_COMP_F1,L3,20240615,B4b,1200,2,2,0,0,runs/experiment3_cross_site/site_c_edmonton/E3XC_L3_COMP_F1/seed20240615/B4b,28a0f1e33731113a07858c4692546e4341f17e39fd528060001a95e413f7b994
C,E3XC_L3_COMP_F1,L3,20240616,B0,1200,2,2,0,0,runs/experiment3_cross_site/site_c_edmonton/E3XC_L3_COMP_F1/seed20240616/B0,1fc37b6e16f43018a01f057269d13354719a0c9a6e8b12c7937210b26ded0c09
C,E3XC_L3_COMP_F1,L3,20240616,B1,1200,2,2,0,0,runs/experiment3_cross_site/site_c_edmonton/E3XC_L3_COMP_F1/seed20240616/B1,3c90e4f822c7c95cf47e2f5efb2b3af49eb4e22dee313c0419d87857f14abafb
C,E3XC_L3_COMP_F1,L3,20240616,B2,1200,2,2,0,0,runs/experiment3_cross_site/site_c_edmonton/E3XC_L3_COMP_F1/seed20240616/B2,3c90e4f822c7c95cf47e2f5efb2b3af49eb4e22dee313c0419d87857f14abafb
C,E3XC_L3_COMP_F1,L3,20240616,B4b,1200,2,2,0,0,runs/experiment3_cross_site/site_c_edmonton/E3XC_L3_COMP_F1/seed20240616/B4b,3c90e4f822c7c95cf47e2f5efb2b3af49eb4e22dee313c0419d87857f14abafb
C,E3XC_L3_COMP_F1,L3,20240617,B0,1200,2,2,0,0,runs/experiment3_cross_site/site_c_edmonton/E3XC_L3_COMP_F1/seed20240617/B0,31e9736f5ce7a16d5a62b2480627fad2a4b795fb49c509804d3eba350f97f261
C,E3XC_L3_COMP_F1,L3,20240617,B1,1200,2,2,0,0,runs/experiment3_cross_site/site_c_edmonton/E3XC_L3_COMP_F1/seed20240617/B1,ecd9beb546553cc3cb960866fd7e362201cc672f40dbc1b7124ad83226d2418a
C,E3XC_L3_COMP_F1,L3,20240617,B2,1200,2,2,0,0,runs/experiment3_cross_site/site_c_edmonton/E3XC_L3_COMP_F1/seed20240617/B2,ecd9beb546553cc3cb960866fd7e362201cc672f40dbc1b7124ad83226d2418a
C,E3XC_L3_COMP_F1,L3,20240617,B4b,1200,2,2,0,0,runs/experiment3_cross_site/site_c_edmonton/E3XC_L3_COMP_F1/seed20240617/B4b,ecd9beb546553cc3cb960866fd7e362201cc672f40dbc1b7124ad83226d2418a
C,E3XC_L3_COMP_F1,L3,20240618,B0,1200,2,2,0,0,runs/experiment3_cross_site/site_c_edmonton/E3XC_L3_COMP_F1/seed20240618/B0,0d6df1a8d5999ec909cdb22a2ce16f21f7d74580a0a7ef00108e97a54f30043b
C,E3XC_L3_COMP_F1,L3,20240618,B1,1200,2,2,0,0,runs/experiment3_cross_site/site_c_edmonton/E3XC_L3_COMP_F1/seed20240618/B1,2b3b1fccae6ad2d97a81d323ed80a40040ed5a6e4a00fa862eeece43f0564253
C,E3XC_L3_COMP_F1,L3,20240618,B2,1200,2,2,0,0,runs/experiment3_cross_site/site_c_edmonton/E3XC_L3_COMP_F1/seed20240618/B2,2b3b1fccae6ad2d97a81d323ed80a40040ed5a6e4a00fa862eeece43f0564253
C,E3XC_L3_COMP_F1,L3,20240618,B4b,1200,2,2,0,0,runs/experiment3_cross_site/site_c_edmonton/E3XC_L3_COMP_F1/seed20240618/B4b,2b3b1fccae6ad2d97a81d323ed80a40040ed5a6e4a00fa862eeece43f0564253
C,E3XC_L3_COMP_F1,L3,20240619,B0,1200,2,2,0,0,runs/experiment3_cross_site/site_c_edmonton/E3XC_L3_COMP_F1/seed20240619/B0,c9d58795c616dc758c366c43274c4c09a988cc5c831e09ba258d550617981c26
C,E3XC_L3_COMP_F1,L3,20240619,B1,1200,2,2,0,0,runs/experiment3_cross_site/site_c_edmonton/E3XC_L3_COMP_F1/seed20240619/B1,9116d8f5845b8ef50e44d444720d1b506421b3d888af7f2fd95372c7d242a0d2
C,E3XC_L3_COMP_F1,L3,20240619,B2,1200,2,2,0,0,runs/experiment3_cross_site/site_c_edmonton/E3XC_L3_COMP_F1/seed20240619/B2,9116d8f5845b8ef50e44d444720d1b506421b3d888af7f2fd95372c7d242a0d2
C,E3XC_L3_COMP_F1,L3,20240619,B4b,1200,2,2,0,0,runs/experiment3_cross_site/site_c_edmonton/E3XC_L3_COMP_F1/seed20240619/B4b,9116d8f5845b8ef50e44d444720d1b506421b3d888af7f2fd95372c7d242a0d2
C,E3XC_L3_COMP_F1,L3,20240620,B0,1200,2,2,0,0,runs/experiment3_cross_site/site_c_edmonton/E3XC_L3_COMP_F1/seed20240620/B0,9ab2505f06897a4bcfc91188b2100f6f793ddf904ffe85c4e5c290d1b78a388f
C,E3XC_L3_COMP_F1,L3,20240620,B1,1200,2,2,0,0,runs/experiment3_cross_site/site_c_edmonton/E3XC_L3_COMP_F1/seed20240620/B1,6534d72593a1bd76b261c36e1810acbb624df574bbdff86b9906a5e89fbd7c25
C,E3XC_L3_COMP_F1,L3,20240620,B2,1200,2,2,0,0,runs/experiment3_cross_site/site_c_edmonton/E3XC_L3_COMP_F1/seed20240620/B2,6534d72593a1bd76b261c36e1810acbb624df574bbdff86b9906a5e89fbd7c25
C,E3XC_L3_COMP_F1,L3,20240620,B4b,1200,2,2,0,0,runs/experiment3_cross_site/site_c_edmonton/E3XC_L3_COMP_F1/seed20240620/B4b,6534d72593a1bd76b261c36e1810acbb624df574bbdff86b9906a5e89fbd7c25
C,E3XC_L3_COMP_F2,L3,20240601,B0,1200,2,2,0,0,runs/experiment3_cross_site/site_c_edmonton/E3XC_L3_COMP_F2/seed20240601/B0,5d4728b89e2fa7e3ebb0ea036d6d9cc9ff819e4f0554464bcd0a7b1e6d91990e
C,E3XC_L3_COMP_F2,L3,20240601,B1,1200,2,2,0,0,runs/experiment3_cross_site/site_c_edmonton/E3XC_L3_COMP_F2/seed20240601/B1,5bea4764e459ec08442459ba619ad1fb5884ace660fd5df52b89db8cb5ec4681
C,E3XC_L3_COMP_F2,L3,20240601,B2,1200,2,2,0,0,runs/experiment3_cross_site/site_c_edmonton/E3XC_L3_COMP_F2/seed20240601/B2,5bea4764e459ec08442459ba619ad1fb5884ace660fd5df52b89db8cb5ec4681
C,E3XC_L3_COMP_F2,L3,20240601,B4b,1200,2,2,0,0,runs/experiment3_cross_site/site_c_edmonton/E3XC_L3_COMP_F2/seed20240601/B4b,5bea4764e459ec08442459ba619ad1fb5884ace660fd5df52b89db8cb5ec4681
C,E3XC_L3_COMP_F2,L3,20240602,B0,1200,2,2,0,0,runs/experiment3_cross_site/site_c_edmonton/E3XC_L3_COMP_F2/seed20240602/B0,240c0c786b4bdbff21e823b59070e142485e4a68228a0ba91f6d59bf045075ee
C,E3XC_L3_COMP_F2,L3,20240602,B1,1200,2,2,0,0,runs/experiment3_cross_site/site_c_edmonton/E3XC_L3_COMP_F2/seed20240602/B1,1a97a11fec446706a0d6a5e26640aeef7af6095b8b65c57450fe7fc0c87b0f84
C,E3XC_L3_COMP_F2,L3,20240602,B2,1200,2,2,0,0,runs/experiment3_cross_site/site_c_edmonton/E3XC_L3_COMP_F2/seed20240602/B2,1a97a11fec446706a0d6a5e26640aeef7af6095b8b65c57450fe7fc0c87b0f84
C,E3XC_L3_COMP_F2,L3,20240602,B4b,1200,2,2,0,0,runs/experiment3_cross_site/site_c_edmonton/E3XC_L3_COMP_F2/seed20240602/B4b,1a97a11fec446706a0d6a5e26640aeef7af6095b8b65c57450fe7fc0c87b0f84
C,E3XC_L3_COMP_F2,L3,20240603,B0,1200,2,2,0,0,runs/experiment3_cross_site/site_c_edmonton/E3XC_L3_COMP_F2/seed20240603/B0,870f5b090bd5f00100cc572c9bbc072211d19700c4f167b3e68c3510054cb61d
C,E3XC_L3_COMP_F2,L3,20240603,B1,1200,2,2,0,0,runs/experiment3_cross_site/site_c_edmonton/E3XC_L3_COMP_F2/seed20240603/B1,bdfc56d893e54aa1831cfc8378492d2021ea2cfa2ddeab4ed850b9b58884fe66
C,E3XC_L3_COMP_F2,L3,20240603,B2,1200,2,2,0,0,runs/experiment3_cross_site/site_c_edmonton/E3XC_L3_COMP_F2/seed20240603/B2,bdfc56d893e54aa1831cfc8378492d2021ea2cfa2ddeab4ed850b9b58884fe66
C,E3XC_L3_COMP_F2,L3,20240603,B4b,1200,2,2,0,0,runs/experiment3_cross_site/site_c_edmonton/E3XC_L3_COMP_F2/seed20240603/B4b,bdfc56d893e54aa1831cfc8378492d2021ea2cfa2ddeab4ed850b9b58884fe66
C,E3XC_L3_COMP_F2,L3,20240604,B0,1200,2,2,0,0,runs/experiment3_cross_site/site_c_edmonton/E3XC_L3_COMP_F2/seed20240604/B0,e1df0d7f84c3f88427a203903a5286da4498d5d9b895730015c52dba3c27038e
C,E3XC_L3_COMP_F2,L3,20240604,B1,1200,2,2,0,0,runs/experiment3_cross_site/site_c_edmonton/E3XC_L3_COMP_F2/seed20240604/B1,89e1ef3ea60c4e703fccc69c877b0e7a6f23703961e13db52b82a2be89c76818
C,E3XC_L3_COMP_F2,L3,20240604,B2,1200,2,2,0,0,runs/experiment3_cross_site/site_c_edmonton/E3XC_L3_COMP_F2/seed20240604/B2,89e1ef3ea60c4e703fccc69c877b0e7a6f23703961e13db52b82a2be89c76818
C,E3XC_L3_COMP_F2,L3,20240604,B4b,1200,2,2,0,0,runs/experiment3_cross_site/site_c_edmonton/E3XC_L3_COMP_F2/seed20240604/B4b,89e1ef3ea60c4e703fccc69c877b0e7a6f23703961e13db52b82a2be89c76818
C,E3XC_L3_COMP_F2,L3,20240605,B0,1200,2,2,0,0,runs/experiment3_cross_site/site_c_edmonton/E3XC_L3_COMP_F2/seed20240605/B0,c65c60fd82d3f2aa9eeccf7d6695356319abc9d68270f42569cc08ad044381b6
C,E3XC_L3_COMP_F2,L3,20240605,B1,1200,2,2,0,0,runs/experiment3_cross_site/site_c_edmonton/E3XC_L3_COMP_F2/seed20240605/B1,717c63bb5045cf26140e07942463dccdd689e762ea938a8170cf5b36fe0486c9
C,E3XC_L3_COMP_F2,L3,20240605,B2,1200,2,2,0,0,runs/experiment3_cross_site/site_c_edmonton/E3XC_L3_COMP_F2/seed20240605/B2,717c63bb5045cf26140e07942463dccdd689e762ea938a8170cf5b36fe0486c9
C,E3XC_L3_COMP_F2,L3,20240605,B4b,1200,2,2,0,0,runs/experiment3_cross_site/site_c_edmonton/E3XC_L3_COMP_F2/seed20240605/B4b,717c63bb5045cf26140e07942463dccdd689e762ea938a8170cf5b36fe0486c9
C,E3XC_L3_COMP_F2,L3,20240606,B0,1200,2,2,0,0,runs/experiment3_cross_site/site_c_edmonton/E3XC_L3_COMP_F2/seed20240606/B0,669e04bb4f44dc0d15e65d14fb36067522f453f65da32a1eaf820475edcd18fc
C,E3XC_L3_COMP_F2,L3,20240606,B1,1200,2,2,0,0,runs/experiment3_cross_site/site_c_edmonton/E3XC_L3_COMP_F2/seed20240606/B1,707a149e64e699524e8852dcfbf1ba6d71affbc83b0eda743c1e503a1bc803a3
C,E3XC_L3_COMP_F2,L3,20240606,B2,1200,2,2,0,0,runs/experiment3_cross_site/site_c_edmonton/E3XC_L3_COMP_F2/seed20240606/B2,707a149e64e699524e8852dcfbf1ba6d71affbc83b0eda743c1e503a1bc803a3
C,E3XC_L3_COMP_F2,L3,20240606,B4b,1200,2,2,0,0,runs/experiment3_cross_site/site_c_edmonton/E3XC_L3_COMP_F2/seed20240606/B4b,707a149e64e699524e8852dcfbf1ba6d71affbc83b0eda743c1e503a1bc803a3
C,E3XC_L3_COMP_F2,L3,20240607,B0,1200,2,2,0,0,runs/experiment3_cross_site/site_c_edmonton/E3XC_L3_COMP_F2/seed20240607/B0,2429cec32925b74434cfb9a7910ce85a08d972c5526831b037f14ffbdf7e72dc
C,E3XC_L3_COMP_F2,L3,20240607,B1,1200,2,2,0,0,runs/experiment3_cross_site/site_c_edmonton/E3XC_L3_COMP_F2/seed20240607/B1,6c29505445fa5bd862445502bdd1db51fc28be7d3a61623700bcf5e894a479c3
C,E3XC_L3_COMP_F2,L3,20240607,B2,1200,2,2,0,0,runs/experiment3_cross_site/site_c_edmonton/E3XC_L3_COMP_F2/seed20240607/B2,6c29505445fa5bd862445502bdd1db51fc28be7d3a61623700bcf5e894a479c3
C,E3XC_L3_COMP_F2,L3,20240607,B4b,1200,2,2,0,0,runs/experiment3_cross_site/site_c_edmonton/E3XC_L3_COMP_F2/seed20240607/B4b,6c29505445fa5bd862445502bdd1db51fc28be7d3a61623700bcf5e894a479c3
C,E3XC_L3_COMP_F2,L3,20240608,B0,1200,2,2,0,0,runs/experiment3_cross_site/site_c_edmonton/E3XC_L3_COMP_F2/seed20240608/B0,81d53a6467e6fdae93bff89d1e578e263e2f3a95eb1cc650eeff5ea8e4e85666
C,E3XC_L3_COMP_F2,L3,20240608,B1,1200,2,2,0,0,runs/experiment3_cross_site/site_c_edmonton/E3XC_L3_COMP_F2/seed20240608/B1,f42eaea517132186c1eb1a6e15386ecebd2d8e0f40a00e34286cc0ba73e733a5
C,E3XC_L3_COMP_F2,L3,20240608,B2,1200,2,2,0,0,runs/experiment3_cross_site/site_c_edmonton/E3XC_L3_COMP_F2/seed20240608/B2,f42eaea517132186c1eb1a6e15386ecebd2d8e0f40a00e34286cc0ba73e733a5
C,E3XC_L3_COMP_F2,L3,20240608,B4b,1200,2,2,0,0,runs/experiment3_cross_site/site_c_edmonton/E3XC_L3_COMP_F2/seed20240608/B4b,f42eaea517132186c1eb1a6e15386ecebd2d8e0f40a00e34286cc0ba73e733a5
C,E3XC_L3_COMP_F2,L3,20240609,B0,1200,2,2,0,0,runs/experiment3_cross_site/site_c_edmonton/E3XC_L3_COMP_F2/seed20240609/B0,d57806d4aad772fd08920341de7132f4684e455ea2816e1152ba9ee793de95d9
C,E3XC_L3_COMP_F2,L3,20240609,B1,1200,2,2,0,0,runs/experiment3_cross_site/site_c_edmonton/E3XC_L3_COMP_F2/seed20240609/B1,4b01068bf9b7b5626a67c459ac0b7c4f1c909f829be3abdeae447a7c260a8462
C,E3XC_L3_COMP_F2,L3,20240609,B2,1200,2,2,0,0,runs/experiment3_cross_site/site_c_edmonton/E3XC_L3_COMP_F2/seed20240609/B2,4b01068bf9b7b5626a67c459ac0b7c4f1c909f829be3abdeae447a7c260a8462
C,E3XC_L3_COMP_F2,L3,20240609,B4b,1200,2,2,0,0,runs/experiment3_cross_site/site_c_edmonton/E3XC_L3_COMP_F2/seed20240609/B4b,4b01068bf9b7b5626a67c459ac0b7c4f1c909f829be3abdeae447a7c260a8462
C,E3XC_L3_COMP_F2,L3,20240610,B0,1200,2,2,0,0,runs/experiment3_cross_site/site_c_edmonton/E3XC_L3_COMP_F2/seed20240610/B0,f2945baf7df4db95e3455812ebd90bb943466c985265ce759d79bf6e6e757482
C,E3XC_L3_COMP_F2,L3,20240610,B1,1200,2,2,0,0,runs/experiment3_cross_site/site_c_edmonton/E3XC_L3_COMP_F2/seed20240610/B1,ae11cc83db2647ad6ff2ad1d3f9a6063b059db33db11c2681fe107b583e4b72c
C,E3XC_L3_COMP_F2,L3,20240610,B2,1200,2,2,0,0,runs/experiment3_cross_site/site_c_edmonton/E3XC_L3_COMP_F2/seed20240610/B2,ae11cc83db2647ad6ff2ad1d3f9a6063b059db33db11c2681fe107b583e4b72c
C,E3XC_L3_COMP_F2,L3,20240610,B4b,1200,2,2,0,0,runs/experiment3_cross_site/site_c_edmonton/E3XC_L3_COMP_F2/seed20240610/B4b,ae11cc83db2647ad6ff2ad1d3f9a6063b059db33db11c2681fe107b583e4b72c
C,E3XC_L3_COMP_F2,L3,20240611,B0,1200,2,2,0,0,runs/experiment3_cross_site/site_c_edmonton/E3XC_L3_COMP_F2/seed20240611/B0,7aff52303a2602fcdcc79b1af6e4837e48d01c1b8a63f9e533f00fea77089cef
C,E3XC_L3_COMP_F2,L3,20240611,B1,1200,2,2,0,0,runs/experiment3_cross_site/site_c_edmonton/E3XC_L3_COMP_F2/seed20240611/B1,7ca4a8f7b03419c0477c4e2e3e09a5ba4b6e6454240432958a41b57b28fc00d0
C,E3XC_L3_COMP_F2,L3,20240611,B2,1200,2,2,0,0,runs/experiment3_cross_site/site_c_edmonton/E3XC_L3_COMP_F2/seed20240611/B2,7ca4a8f7b03419c0477c4e2e3e09a5ba4b6e6454240432958a41b57b28fc00d0
C,E3XC_L3_COMP_F2,L3,20240611,B4b,1200,2,2,0,0,runs/experiment3_cross_site/site_c_edmonton/E3XC_L3_COMP_F2/seed20240611/B4b,7ca4a8f7b03419c0477c4e2e3e09a5ba4b6e6454240432958a41b57b28fc00d0
C,E3XC_L3_COMP_F2,L3,20240612,B0,1200,2,2,0,0,runs/experiment3_cross_site/site_c_edmonton/E3XC_L3_COMP_F2/seed20240612/B0,d80a2ae26bec884681e949d5245987ecdb570b5de038040180b6e529684108e8
C,E3XC_L3_COMP_F2,L3,20240612,B1,1200,2,2,0,0,runs/experiment3_cross_site/site_c_edmonton/E3XC_L3_COMP_F2/seed20240612/B1,a4b8a64b80596fe6ea5690c4fac40f832bc371bd06103f951df07b84b34b06ec
C,E3XC_L3_COMP_F2,L3,20240612,B2,1200,2,2,0,0,runs/experiment3_cross_site/site_c_edmonton/E3XC_L3_COMP_F2/seed20240612/B2,a4b8a64b80596fe6ea5690c4fac40f832bc371bd06103f951df07b84b34b06ec
C,E3XC_L3_COMP_F2,L3,20240612,B4b,1200,2,2,0,0,runs/experiment3_cross_site/site_c_edmonton/E3XC_L3_COMP_F2/seed20240612/B4b,a4b8a64b80596fe6ea5690c4fac40f832bc371bd06103f951df07b84b34b06ec
C,E3XC_L3_COMP_F2,L3,20240613,B0,1200,2,2,0,0,runs/experiment3_cross_site/site_c_edmonton/E3XC_L3_COMP_F2/seed20240613/B0,b7abf680b8791dbadb345c4a7cc56e5d1649f97eff0888c17e732cca882331db
C,E3XC_L3_COMP_F2,L3,20240613,B1,1200,2,2,0,0,runs/experiment3_cross_site/site_c_edmonton/E3XC_L3_COMP_F2/seed20240613/B1,2544e9c247640f1068bc7b6e62e0c22d59c1b2d4a3592f3110f281dd7e6aa34a
C,E3XC_L3_COMP_F2,L3,20240613,B2,1200,2,2,0,0,runs/experiment3_cross_site/site_c_edmonton/E3XC_L3_COMP_F2/seed20240613/B2,2544e9c247640f1068bc7b6e62e0c22d59c1b2d4a3592f3110f281dd7e6aa34a
C,E3XC_L3_COMP_F2,L3,20240613,B4b,1200,2,2,0,0,runs/experiment3_cross_site/site_c_edmonton/E3XC_L3_COMP_F2/seed20240613/B4b,2544e9c247640f1068bc7b6e62e0c22d59c1b2d4a3592f3110f281dd7e6aa34a
C,E3XC_L3_COMP_F2,L3,20240614,B0,1200,2,2,0,0,runs/experiment3_cross_site/site_c_edmonton/E3XC_L3_COMP_F2/seed20240614/B0,d6ad262b8504834b99ddc318372b7e3bf9c382e9111fbbcfd874d66e2b8b8607
C,E3XC_L3_COMP_F2,L3,20240614,B1,1200,2,2,0,0,runs/experiment3_cross_site/site_c_edmonton/E3XC_L3_COMP_F2/seed20240614/B1,35d1807210d544ab924999cb1cde00346bc2a407c5dbeb7a3e26d3708ddfb0fd
C,E3XC_L3_COMP_F2,L3,20240614,B2,1200,2,2,0,0,runs/experiment3_cross_site/site_c_edmonton/E3XC_L3_COMP_F2/seed20240614/B2,35d1807210d544ab924999cb1cde00346bc2a407c5dbeb7a3e26d3708ddfb0fd
C,E3XC_L3_COMP_F2,L3,20240614,B4b,1200,2,2,0,0,runs/experiment3_cross_site/site_c_edmonton/E3XC_L3_COMP_F2/seed20240614/B4b,35d1807210d544ab924999cb1cde00346bc2a407c5dbeb7a3e26d3708ddfb0fd
C,E3XC_L3_COMP_F2,L3,20240615,B0,1200,2,2,0,0,runs/experiment3_cross_site/site_c_edmonton/E3XC_L3_COMP_F2/seed20240615/B0,f0fdf184e237e9b55c8b657d1db5f1b71480ac511fad862b332923296ee8e8e3
C,E3XC_L3_COMP_F2,L3,20240615,B1,1200,2,2,0,0,runs/experiment3_cross_site/site_c_edmonton/E3XC_L3_COMP_F2/seed20240615/B1,46a44042d3c7af3faa535044d76ece995a800da85fdb6225fec026daa33a7aec
C,E3XC_L3_COMP_F2,L3,20240615,B2,1200,2,2,0,0,runs/experiment3_cross_site/site_c_edmonton/E3XC_L3_COMP_F2/seed20240615/B2,46a44042d3c7af3faa535044d76ece995a800da85fdb6225fec026daa33a7aec
C,E3XC_L3_COMP_F2,L3,20240615,B4b,1200,2,2,0,0,runs/experiment3_cross_site/site_c_edmonton/E3XC_L3_COMP_F2/seed20240615/B4b,46a44042d3c7af3faa535044d76ece995a800da85fdb6225fec026daa33a7aec
C,E3XC_L3_COMP_F2,L3,20240616,B0,1200,2,2,0,0,runs/experiment3_cross_site/site_c_edmonton/E3XC_L3_COMP_F2/seed20240616/B0,be746dc95001d93b12138ef77da67164d393b10d9c31514937be5aa48d2bc028
C,E3XC_L3_COMP_F2,L3,20240616,B1,1200,2,2,0,0,runs/experiment3_cross_site/site_c_edmonton/E3XC_L3_COMP_F2/seed20240616/B1,23d90df0b843b817eac9356cd530164dd844f270e504fa67cd9154c09f4104d8
C,E3XC_L3_COMP_F2,L3,20240616,B2,1200,2,2,0,0,runs/experiment3_cross_site/site_c_edmonton/E3XC_L3_COMP_F2/seed20240616/B2,23d90df0b843b817eac9356cd530164dd844f270e504fa67cd9154c09f4104d8
C,E3XC_L3_COMP_F2,L3,20240616,B4b,1200,2,2,0,0,runs/experiment3_cross_site/site_c_edmonton/E3XC_L3_COMP_F2/seed20240616/B4b,23d90df0b843b817eac9356cd530164dd844f270e504fa67cd9154c09f4104d8
C,E3XC_L3_COMP_F2,L3,20240617,B0,1200,2,2,0,0,runs/experiment3_cross_site/site_c_edmonton/E3XC_L3_COMP_F2/seed20240617/B0,0e0237cca34563413dea5e350321bcf258c83ddab04bad967b2e43442a5e218f
C,E3XC_L3_COMP_F2,L3,20240617,B1,1200,2,2,0,0,runs/experiment3_cross_site/site_c_edmonton/E3XC_L3_COMP_F2/seed20240617/B1,b2a3b82acdbce41473da704485fe92050f742583a2357493ba49b83fc7e019a2
C,E3XC_L3_COMP_F2,L3,20240617,B2,1200,2,2,0,0,runs/experiment3_cross_site/site_c_edmonton/E3XC_L3_COMP_F2/seed20240617/B2,b2a3b82acdbce41473da704485fe92050f742583a2357493ba49b83fc7e019a2
C,E3XC_L3_COMP_F2,L3,20240617,B4b,1200,2,2,0,0,runs/experiment3_cross_site/site_c_edmonton/E3XC_L3_COMP_F2/seed20240617/B4b,b2a3b82acdbce41473da704485fe92050f742583a2357493ba49b83fc7e019a2
C,E3XC_L3_COMP_F2,L3,20240618,B0,1200,2,2,0,0,runs/experiment3_cross_site/site_c_edmonton/E3XC_L3_COMP_F2/seed20240618/B0,ef37ef2f2b0197d2b287006f0ed32e9af91694a2097b2ba07ccc75146a7da662
C,E3XC_L3_COMP_F2,L3,20240618,B1,1200,2,2,0,0,runs/experiment3_cross_site/site_c_edmonton/E3XC_L3_COMP_F2/seed20240618/B1,ca9d855cc2e4ac006ad9692722a49c8b0a2128bf9c1a5840d7e239af46c19e8f
C,E3XC_L3_COMP_F2,L3,20240618,B2,1200,2,2,0,0,runs/experiment3_cross_site/site_c_edmonton/E3XC_L3_COMP_F2/seed20240618/B2,ca9d855cc2e4ac006ad9692722a49c8b0a2128bf9c1a5840d7e239af46c19e8f
C,E3XC_L3_COMP_F2,L3,20240618,B4b,1200,2,2,0,0,runs/experiment3_cross_site/site_c_edmonton/E3XC_L3_COMP_F2/seed20240618/B4b,ca9d855cc2e4ac006ad9692722a49c8b0a2128bf9c1a5840d7e239af46c19e8f
C,E3XC_L3_COMP_F2,L3,20240619,B0,1200,2,2,0,0,runs/experiment3_cross_site/site_c_edmonton/E3XC_L3_COMP_F2/seed20240619/B0,37175080c719287fccf3cffc274304200ddf400c365a917b161af890eca26f56
C,E3XC_L3_COMP_F2,L3,20240619,B1,1200,2,2,0,0,runs/experiment3_cross_site/site_c_edmonton/E3XC_L3_COMP_F2/seed20240619/B1,6a16a81eb7a30dd847708214d0579892ad948d7c07354dd41969cbe0ae65e73d
C,E3XC_L3_COMP_F2,L3,20240619,B2,1200,2,2,0,0,runs/experiment3_cross_site/site_c_edmonton/E3XC_L3_COMP_F2/seed20240619/B2,6a16a81eb7a30dd847708214d0579892ad948d7c07354dd41969cbe0ae65e73d
C,E3XC_L3_COMP_F2,L3,20240619,B4b,1200,2,2,0,0,runs/experiment3_cross_site/site_c_edmonton/E3XC_L3_COMP_F2/seed20240619/B4b,6a16a81eb7a30dd847708214d0579892ad948d7c07354dd41969cbe0ae65e73d
C,E3XC_L3_COMP_F2,L3,20240620,B0,1200,2,2,0,0,runs/experiment3_cross_site/site_c_edmonton/E3XC_L3_COMP_F2/seed20240620/B0,c052e89343dcf4a78f71500f2f4a31340a084f772ab7dc2a9b66636ca47609cf
C,E3XC_L3_COMP_F2,L3,20240620,B1,1200,2,2,0,0,runs/experiment3_cross_site/site_c_edmonton/E3XC_L3_COMP_F2/seed20240620/B1,2038543fb00bdbd036f7ec3fbe8d02e4c075ccac6f6054b2774ca17ddcb55e19
C,E3XC_L3_COMP_F2,L3,20240620,B2,1200,2,2,0,0,runs/experiment3_cross_site/site_c_edmonton/E3XC_L3_COMP_F2/seed20240620/B2,2038543fb00bdbd036f7ec3fbe8d02e4c075ccac6f6054b2774ca17ddcb55e19
C,E3XC_L3_COMP_F2,L3,20240620,B4b,1200,2,2,0,0,runs/experiment3_cross_site/site_c_edmonton/E3XC_L3_COMP_F2/seed20240620/B4b,2038543fb00bdbd036f7ec3fbe8d02e4c075ccac6f6054b2774ca17ddcb55e19
C,E3XC_L3_COMP_F4,L3,20240601,B0,1200,2,2,0,0,runs/experiment3_cross_site/site_c_edmonton/E3XC_L3_COMP_F4/seed20240601/B0,5d4728b89e2fa7e3ebb0ea036d6d9cc9ff819e4f0554464bcd0a7b1e6d91990e
C,E3XC_L3_COMP_F4,L3,20240601,B1,1200,2,2,0,0,runs/experiment3_cross_site/site_c_edmonton/E3XC_L3_COMP_F4/seed20240601/B1,5bea4764e459ec08442459ba619ad1fb5884ace660fd5df52b89db8cb5ec4681
C,E3XC_L3_COMP_F4,L3,20240601,B2,1200,2,2,0,0,runs/experiment3_cross_site/site_c_edmonton/E3XC_L3_COMP_F4/seed20240601/B2,5bea4764e459ec08442459ba619ad1fb5884ace660fd5df52b89db8cb5ec4681
C,E3XC_L3_COMP_F4,L3,20240601,B4b,1200,2,2,0,0,runs/experiment3_cross_site/site_c_edmonton/E3XC_L3_COMP_F4/seed20240601/B4b,5bea4764e459ec08442459ba619ad1fb5884ace660fd5df52b89db8cb5ec4681
C,E3XC_L3_COMP_F4,L3,20240602,B0,1200,2,2,0,0,runs/experiment3_cross_site/site_c_edmonton/E3XC_L3_COMP_F4/seed20240602/B0,240c0c786b4bdbff21e823b59070e142485e4a68228a0ba91f6d59bf045075ee
C,E3XC_L3_COMP_F4,L3,20240602,B1,1200,2,2,0,0,runs/experiment3_cross_site/site_c_edmonton/E3XC_L3_COMP_F4/seed20240602/B1,1a97a11fec446706a0d6a5e26640aeef7af6095b8b65c57450fe7fc0c87b0f84
C,E3XC_L3_COMP_F4,L3,20240602,B2,1200,2,2,0,0,runs/experiment3_cross_site/site_c_edmonton/E3XC_L3_COMP_F4/seed20240602/B2,1a97a11fec446706a0d6a5e26640aeef7af6095b8b65c57450fe7fc0c87b0f84
C,E3XC_L3_COMP_F4,L3,20240602,B4b,1200,2,2,0,0,runs/experiment3_cross_site/site_c_edmonton/E3XC_L3_COMP_F4/seed20240602/B4b,1a97a11fec446706a0d6a5e26640aeef7af6095b8b65c57450fe7fc0c87b0f84
C,E3XC_L3_COMP_F4,L3,20240603,B0,1200,2,2,0,0,runs/experiment3_cross_site/site_c_edmonton/E3XC_L3_COMP_F4/seed20240603/B0,870f5b090bd5f00100cc572c9bbc072211d19700c4f167b3e68c3510054cb61d
C,E3XC_L3_COMP_F4,L3,20240603,B1,1200,2,2,0,0,runs/experiment3_cross_site/site_c_edmonton/E3XC_L3_COMP_F4/seed20240603/B1,bdfc56d893e54aa1831cfc8378492d2021ea2cfa2ddeab4ed850b9b58884fe66
C,E3XC_L3_COMP_F4,L3,20240603,B2,1200,2,2,0,0,runs/experiment3_cross_site/site_c_edmonton/E3XC_L3_COMP_F4/seed20240603/B2,bdfc56d893e54aa1831cfc8378492d2021ea2cfa2ddeab4ed850b9b58884fe66
C,E3XC_L3_COMP_F4,L3,20240603,B4b,1200,2,2,0,0,runs/experiment3_cross_site/site_c_edmonton/E3XC_L3_COMP_F4/seed20240603/B4b,bdfc56d893e54aa1831cfc8378492d2021ea2cfa2ddeab4ed850b9b58884fe66
C,E3XC_L3_COMP_F4,L3,20240604,B0,1200,2,2,0,0,runs/experiment3_cross_site/site_c_edmonton/E3XC_L3_COMP_F4/seed20240604/B0,e1df0d7f84c3f88427a203903a5286da4498d5d9b895730015c52dba3c27038e
C,E3XC_L3_COMP_F4,L3,20240604,B1,1200,2,2,0,0,runs/experiment3_cross_site/site_c_edmonton/E3XC_L3_COMP_F4/seed20240604/B1,89e1ef3ea60c4e703fccc69c877b0e7a6f23703961e13db52b82a2be89c76818
C,E3XC_L3_COMP_F4,L3,20240604,B2,1200,2,2,0,0,runs/experiment3_cross_site/site_c_edmonton/E3XC_L3_COMP_F4/seed20240604/B2,89e1ef3ea60c4e703fccc69c877b0e7a6f23703961e13db52b82a2be89c76818
C,E3XC_L3_COMP_F4,L3,20240604,B4b,1200,2,2,0,0,runs/experiment3_cross_site/site_c_edmonton/E3XC_L3_COMP_F4/seed20240604/B4b,89e1ef3ea60c4e703fccc69c877b0e7a6f23703961e13db52b82a2be89c76818
C,E3XC_L3_COMP_F4,L3,20240605,B0,1200,2,2,0,0,runs/experiment3_cross_site/site_c_edmonton/E3XC_L3_COMP_F4/seed20240605/B0,c65c60fd82d3f2aa9eeccf7d6695356319abc9d68270f42569cc08ad044381b6
C,E3XC_L3_COMP_F4,L3,20240605,B1,1200,2,2,0,0,runs/experiment3_cross_site/site_c_edmonton/E3XC_L3_COMP_F4/seed20240605/B1,717c63bb5045cf26140e07942463dccdd689e762ea938a8170cf5b36fe0486c9
C,E3XC_L3_COMP_F4,L3,20240605,B2,1200,2,2,0,0,runs/experiment3_cross_site/site_c_edmonton/E3XC_L3_COMP_F4/seed20240605/B2,717c63bb5045cf26140e07942463dccdd689e762ea938a8170cf5b36fe0486c9
C,E3XC_L3_COMP_F4,L3,20240605,B4b,1200,2,2,0,0,runs/experiment3_cross_site/site_c_edmonton/E3XC_L3_COMP_F4/seed20240605/B4b,717c63bb5045cf26140e07942463dccdd689e762ea938a8170cf5b36fe0486c9
C,E3XC_L3_COMP_F4,L3,20240606,B0,1200,2,2,0,0,runs/experiment3_cross_site/site_c_edmonton/E3XC_L3_COMP_F4/seed20240606/B0,669e04bb4f44dc0d15e65d14fb36067522f453f65da32a1eaf820475edcd18fc
C,E3XC_L3_COMP_F4,L3,20240606,B1,1200,2,2,0,0,runs/experiment3_cross_site/site_c_edmonton/E3XC_L3_COMP_F4/seed20240606/B1,707a149e64e699524e8852dcfbf1ba6d71affbc83b0eda743c1e503a1bc803a3
C,E3XC_L3_COMP_F4,L3,20240606,B2,1200,2,2,0,0,runs/experiment3_cross_site/site_c_edmonton/E3XC_L3_COMP_F4/seed20240606/B2,707a149e64e699524e8852dcfbf1ba6d71affbc83b0eda743c1e503a1bc803a3
C,E3XC_L3_COMP_F4,L3,20240606,B4b,1200,2,2,0,0,runs/experiment3_cross_site/site_c_edmonton/E3XC_L3_COMP_F4/seed20240606/B4b,707a149e64e699524e8852dcfbf1ba6d71affbc83b0eda743c1e503a1bc803a3
C,E3XC_L3_COMP_F4,L3,20240607,B0,1200,2,2,0,0,runs/experiment3_cross_site/site_c_edmonton/E3XC_L3_COMP_F4/seed20240607/B0,2429cec32925b74434cfb9a7910ce85a08d972c5526831b037f14ffbdf7e72dc
C,E3XC_L3_COMP_F4,L3,20240607,B1,1200,2,2,0,0,runs/experiment3_cross_site/site_c_edmonton/E3XC_L3_COMP_F4/seed20240607/B1,6c29505445fa5bd862445502bdd1db51fc28be7d3a61623700bcf5e894a479c3
C,E3XC_L3_COMP_F4,L3,20240607,B2,1200,2,2,0,0,runs/experiment3_cross_site/site_c_edmonton/E3XC_L3_COMP_F4/seed20240607/B2,6c29505445fa5bd862445502bdd1db51fc28be7d3a61623700bcf5e894a479c3
C,E3XC_L3_COMP_F4,L3,20240607,B4b,1200,2,2,0,0,runs/experiment3_cross_site/site_c_edmonton/E3XC_L3_COMP_F4/seed20240607/B4b,6c29505445fa5bd862445502bdd1db51fc28be7d3a61623700bcf5e894a479c3
C,E3XC_L3_COMP_F4,L3,20240608,B0,1200,2,2,0,0,runs/experiment3_cross_site/site_c_edmonton/E3XC_L3_COMP_F4/seed20240608/B0,81d53a6467e6fdae93bff89d1e578e263e2f3a95eb1cc650eeff5ea8e4e85666
C,E3XC_L3_COMP_F4,L3,20240608,B1,1200,2,2,0,0,runs/experiment3_cross_site/site_c_edmonton/E3XC_L3_COMP_F4/seed20240608/B1,f42eaea517132186c1eb1a6e15386ecebd2d8e0f40a00e34286cc0ba73e733a5
C,E3XC_L3_COMP_F4,L3,20240608,B2,1200,2,2,0,0,runs/experiment3_cross_site/site_c_edmonton/E3XC_L3_COMP_F4/seed20240608/B2,f42eaea517132186c1eb1a6e15386ecebd2d8e0f40a00e34286cc0ba73e733a5
C,E3XC_L3_COMP_F4,L3,20240608,B4b,1200,2,2,0,0,runs/experiment3_cross_site/site_c_edmonton/E3XC_L3_COMP_F4/seed20240608/B4b,f42eaea517132186c1eb1a6e15386ecebd2d8e0f40a00e34286cc0ba73e733a5
C,E3XC_L3_COMP_F4,L3,20240609,B0,1200,2,2,0,0,runs/experiment3_cross_site/site_c_edmonton/E3XC_L3_COMP_F4/seed20240609/B0,d57806d4aad772fd08920341de7132f4684e455ea2816e1152ba9ee793de95d9
C,E3XC_L3_COMP_F4,L3,20240609,B1,1200,2,2,0,0,runs/experiment3_cross_site/site_c_edmonton/E3XC_L3_COMP_F4/seed20240609/B1,4b01068bf9b7b5626a67c459ac0b7c4f1c909f829be3abdeae447a7c260a8462
C,E3XC_L3_COMP_F4,L3,20240609,B2,1200,2,2,0,0,runs/experiment3_cross_site/site_c_edmonton/E3XC_L3_COMP_F4/seed20240609/B2,4b01068bf9b7b5626a67c459ac0b7c4f1c909f829be3abdeae447a7c260a8462
C,E3XC_L3_COMP_F4,L3,20240609,B4b,1200,2,2,0,0,runs/experiment3_cross_site/site_c_edmonton/E3XC_L3_COMP_F4/seed20240609/B4b,4b01068bf9b7b5626a67c459ac0b7c4f1c909f829be3abdeae447a7c260a8462
C,E3XC_L3_COMP_F4,L3,20240610,B0,1200,2,2,0,0,runs/experiment3_cross_site/site_c_edmonton/E3XC_L3_COMP_F4/seed20240610/B0,f2945baf7df4db95e3455812ebd90bb943466c985265ce759d79bf6e6e757482
C,E3XC_L3_COMP_F4,L3,20240610,B1,1200,2,2,0,0,runs/experiment3_cross_site/site_c_edmonton/E3XC_L3_COMP_F4/seed20240610/B1,ae11cc83db2647ad6ff2ad1d3f9a6063b059db33db11c2681fe107b583e4b72c
C,E3XC_L3_COMP_F4,L3,20240610,B2,1200,2,2,0,0,runs/experiment3_cross_site/site_c_edmonton/E3XC_L3_COMP_F4/seed20240610/B2,ae11cc83db2647ad6ff2ad1d3f9a6063b059db33db11c2681fe107b583e4b72c
C,E3XC_L3_COMP_F4,L3,20240610,B4b,1200,2,2,0,0,runs/experiment3_cross_site/site_c_edmonton/E3XC_L3_COMP_F4/seed20240610/B4b,ae11cc83db2647ad6ff2ad1d3f9a6063b059db33db11c2681fe107b583e4b72c
C,E3XC_L3_COMP_F4,L3,20240611,B0,1200,2,2,0,0,runs/experiment3_cross_site/site_c_edmonton/E3XC_L3_COMP_F4/seed20240611/B0,7aff52303a2602fcdcc79b1af6e4837e48d01c1b8a63f9e533f00fea77089cef
C,E3XC_L3_COMP_F4,L3,20240611,B1,1200,2,2,0,0,runs/experiment3_cross_site/site_c_edmonton/E3XC_L3_COMP_F4/seed20240611/B1,7ca4a8f7b03419c0477c4e2e3e09a5ba4b6e6454240432958a41b57b28fc00d0
C,E3XC_L3_COMP_F4,L3,20240611,B2,1200,2,2,0,0,runs/experiment3_cross_site/site_c_edmonton/E3XC_L3_COMP_F4/seed20240611/B2,7ca4a8f7b03419c0477c4e2e3e09a5ba4b6e6454240432958a41b57b28fc00d0
C,E3XC_L3_COMP_F4,L3,20240611,B4b,1200,2,2,0,0,runs/experiment3_cross_site/site_c_edmonton/E3XC_L3_COMP_F4/seed20240611/B4b,7ca4a8f7b03419c0477c4e2e3e09a5ba4b6e6454240432958a41b57b28fc00d0
C,E3XC_L3_COMP_F4,L3,20240612,B0,1200,2,2,0,0,runs/experiment3_cross_site/site_c_edmonton/E3XC_L3_COMP_F4/seed20240612/B0,8da9eb8c82cb6f90b9161a69f0eb2fe4affb1ab265da66c2ea3e2a9cdceb068d
C,E3XC_L3_COMP_F4,L3,20240612,B1,1200,2,2,0,0,runs/experiment3_cross_site/site_c_edmonton/E3XC_L3_COMP_F4/seed20240612/B1,a11de68629b886844e37c2898921351ddfa68fa6acd8a77d1915c49e19515ddb
C,E3XC_L3_COMP_F4,L3,20240612,B2,1200,2,2,0,0,runs/experiment3_cross_site/site_c_edmonton/E3XC_L3_COMP_F4/seed20240612/B2,a11de68629b886844e37c2898921351ddfa68fa6acd8a77d1915c49e19515ddb
C,E3XC_L3_COMP_F4,L3,20240612,B4b,1200,2,2,0,0,runs/experiment3_cross_site/site_c_edmonton/E3XC_L3_COMP_F4/seed20240612/B4b,a11de68629b886844e37c2898921351ddfa68fa6acd8a77d1915c49e19515ddb
C,E3XC_L3_COMP_F4,L3,20240613,B0,1200,2,2,0,0,runs/experiment3_cross_site/site_c_edmonton/E3XC_L3_COMP_F4/seed20240613/B0,b7abf680b8791dbadb345c4a7cc56e5d1649f97eff0888c17e732cca882331db
C,E3XC_L3_COMP_F4,L3,20240613,B1,1200,2,2,0,0,runs/experiment3_cross_site/site_c_edmonton/E3XC_L3_COMP_F4/seed20240613/B1,2544e9c247640f1068bc7b6e62e0c22d59c1b2d4a3592f3110f281dd7e6aa34a
C,E3XC_L3_COMP_F4,L3,20240613,B2,1200,2,2,0,0,runs/experiment3_cross_site/site_c_edmonton/E3XC_L3_COMP_F4/seed20240613/B2,2544e9c247640f1068bc7b6e62e0c22d59c1b2d4a3592f3110f281dd7e6aa34a
C,E3XC_L3_COMP_F4,L3,20240613,B4b,1200,2,2,0,0,runs/experiment3_cross_site/site_c_edmonton/E3XC_L3_COMP_F4/seed20240613/B4b,2544e9c247640f1068bc7b6e62e0c22d59c1b2d4a3592f3110f281dd7e6aa34a
C,E3XC_L3_COMP_F4,L3,20240614,B0,1200,2,2,0,0,runs/experiment3_cross_site/site_c_edmonton/E3XC_L3_COMP_F4/seed20240614/B0,d6ad262b8504834b99ddc318372b7e3bf9c382e9111fbbcfd874d66e2b8b8607
C,E3XC_L3_COMP_F4,L3,20240614,B1,1200,2,2,0,0,runs/experiment3_cross_site/site_c_edmonton/E3XC_L3_COMP_F4/seed20240614/B1,35d1807210d544ab924999cb1cde00346bc2a407c5dbeb7a3e26d3708ddfb0fd
C,E3XC_L3_COMP_F4,L3,20240614,B2,1200,2,2,0,0,runs/experiment3_cross_site/site_c_edmonton/E3XC_L3_COMP_F4/seed20240614/B2,35d1807210d544ab924999cb1cde00346bc2a407c5dbeb7a3e26d3708ddfb0fd
C,E3XC_L3_COMP_F4,L3,20240614,B4b,1200,2,2,0,0,runs/experiment3_cross_site/site_c_edmonton/E3XC_L3_COMP_F4/seed20240614/B4b,35d1807210d544ab924999cb1cde00346bc2a407c5dbeb7a3e26d3708ddfb0fd
C,E3XC_L3_COMP_F4,L3,20240615,B0,1200,2,2,0,0,runs/experiment3_cross_site/site_c_edmonton/E3XC_L3_COMP_F4/seed20240615/B0,f0fdf184e237e9b55c8b657d1db5f1b71480ac511fad862b332923296ee8e8e3
C,E3XC_L3_COMP_F4,L3,20240615,B1,1200,2,2,0,0,runs/experiment3_cross_site/site_c_edmonton/E3XC_L3_COMP_F4/seed20240615/B1,46a44042d3c7af3faa535044d76ece995a800da85fdb6225fec026daa33a7aec
C,E3XC_L3_COMP_F4,L3,20240615,B2,1200,2,2,0,0,runs/experiment3_cross_site/site_c_edmonton/E3XC_L3_COMP_F4/seed20240615/B2,46a44042d3c7af3faa535044d76ece995a800da85fdb6225fec026daa33a7aec
C,E3XC_L3_COMP_F4,L3,20240615,B4b,1200,2,2,0,0,runs/experiment3_cross_site/site_c_edmonton/E3XC_L3_COMP_F4/seed20240615/B4b,46a44042d3c7af3faa535044d76ece995a800da85fdb6225fec026daa33a7aec
C,E3XC_L3_COMP_F4,L3,20240616,B0,1200,2,2,0,0,runs/experiment3_cross_site/site_c_edmonton/E3XC_L3_COMP_F4/seed20240616/B0,b3a1fa84a8139768db370ce84a45e4e120daa3024ae4482947e8fffb963627b8
C,E3XC_L3_COMP_F4,L3,20240616,B1,1200,2,2,0,0,runs/experiment3_cross_site/site_c_edmonton/E3XC_L3_COMP_F4/seed20240616/B1,a873bd2dd441992ce313a6359daadac9af4e06ae49ba5f1059752dd2edf4154e
C,E3XC_L3_COMP_F4,L3,20240616,B2,1200,2,2,0,0,runs/experiment3_cross_site/site_c_edmonton/E3XC_L3_COMP_F4/seed20240616/B2,a873bd2dd441992ce313a6359daadac9af4e06ae49ba5f1059752dd2edf4154e
C,E3XC_L3_COMP_F4,L3,20240616,B4b,1200,2,2,0,0,runs/experiment3_cross_site/site_c_edmonton/E3XC_L3_COMP_F4/seed20240616/B4b,a873bd2dd441992ce313a6359daadac9af4e06ae49ba5f1059752dd2edf4154e
C,E3XC_L3_COMP_F4,L3,20240617,B0,1200,2,2,0,0,runs/experiment3_cross_site/site_c_edmonton/E3XC_L3_COMP_F4/seed20240617/B0,0e0237cca34563413dea5e350321bcf258c83ddab04bad967b2e43442a5e218f
C,E3XC_L3_COMP_F4,L3,20240617,B1,1200,2,2,0,0,runs/experiment3_cross_site/site_c_edmonton/E3XC_L3_COMP_F4/seed20240617/B1,b2a3b82acdbce41473da704485fe92050f742583a2357493ba49b83fc7e019a2
C,E3XC_L3_COMP_F4,L3,20240617,B2,1200,2,2,0,0,runs/experiment3_cross_site/site_c_edmonton/E3XC_L3_COMP_F4/seed20240617/B2,b2a3b82acdbce41473da704485fe92050f742583a2357493ba49b83fc7e019a2
C,E3XC_L3_COMP_F4,L3,20240617,B4b,1200,2,2,0,0,runs/experiment3_cross_site/site_c_edmonton/E3XC_L3_COMP_F4/seed20240617/B4b,b2a3b82acdbce41473da704485fe92050f742583a2357493ba49b83fc7e019a2
C,E3XC_L3_COMP_F4,L3,20240618,B0,1200,2,2,0,0,runs/experiment3_cross_site/site_c_edmonton/E3XC_L3_COMP_F4/seed20240618/B0,ef37ef2f2b0197d2b287006f0ed32e9af91694a2097b2ba07ccc75146a7da662
C,E3XC_L3_COMP_F4,L3,20240618,B1,1200,2,2,0,0,runs/experiment3_cross_site/site_c_edmonton/E3XC_L3_COMP_F4/seed20240618/B1,ca9d855cc2e4ac006ad9692722a49c8b0a2128bf9c1a5840d7e239af46c19e8f
C,E3XC_L3_COMP_F4,L3,20240618,B2,1200,2,2,0,0,runs/experiment3_cross_site/site_c_edmonton/E3XC_L3_COMP_F4/seed20240618/B2,ca9d855cc2e4ac006ad9692722a49c8b0a2128bf9c1a5840d7e239af46c19e8f
C,E3XC_L3_COMP_F4,L3,20240618,B4b,1200,2,2,0,0,runs/experiment3_cross_site/site_c_edmonton/E3XC_L3_COMP_F4/seed20240618/B4b,ca9d855cc2e4ac006ad9692722a49c8b0a2128bf9c1a5840d7e239af46c19e8f
C,E3XC_L3_COMP_F4,L3,20240619,B0,1200,2,2,0,0,runs/experiment3_cross_site/site_c_edmonton/E3XC_L3_COMP_F4/seed20240619/B0,37175080c719287fccf3cffc274304200ddf400c365a917b161af890eca26f56
C,E3XC_L3_COMP_F4,L3,20240619,B1,1200,2,2,0,0,runs/experiment3_cross_site/site_c_edmonton/E3XC_L3_COMP_F4/seed20240619/B1,6a16a81eb7a30dd847708214d0579892ad948d7c07354dd41969cbe0ae65e73d
C,E3XC_L3_COMP_F4,L3,20240619,B2,1200,2,2,0,0,runs/experiment3_cross_site/site_c_edmonton/E3XC_L3_COMP_F4/seed20240619/B2,6a16a81eb7a30dd847708214d0579892ad948d7c07354dd41969cbe0ae65e73d
C,E3XC_L3_COMP_F4,L3,20240619,B4b,1200,2,2,0,0,runs/experiment3_cross_site/site_c_edmonton/E3XC_L3_COMP_F4/seed20240619/B4b,6a16a81eb7a30dd847708214d0579892ad948d7c07354dd41969cbe0ae65e73d
C,E3XC_L3_COMP_F4,L3,20240620,B0,1200,2,2,0,0,runs/experiment3_cross_site/site_c_edmonton/E3XC_L3_COMP_F4/seed20240620/B0,c052e89343dcf4a78f71500f2f4a31340a084f772ab7dc2a9b66636ca47609cf
C,E3XC_L3_COMP_F4,L3,20240620,B1,1200,2,2,0,0,runs/experiment3_cross_site/site_c_edmonton/E3XC_L3_COMP_F4/seed20240620/B1,2038543fb00bdbd036f7ec3fbe8d02e4c075ccac6f6054b2774ca17ddcb55e19
C,E3XC_L3_COMP_F4,L3,20240620,B2,1200,2,2,0,0,runs/experiment3_cross_site/site_c_edmonton/E3XC_L3_COMP_F4/seed20240620/B2,2038543fb00bdbd036f7ec3fbe8d02e4c075ccac6f6054b2774ca17ddcb55e19
C,E3XC_L3_COMP_F4,L3,20240620,B4b,1200,2,2,0,0,runs/experiment3_cross_site/site_c_edmonton/E3XC_L3_COMP_F4/seed20240620/B4b,2038543fb00bdbd036f7ec3fbe8d02e4c075ccac6f6054b2774ca17ddcb55e19
C,E3XC_L3_COMP_F5,L3,20240601,B0,1200,2,2,0,0,runs/experiment3_cross_site/site_c_edmonton/E3XC_L3_COMP_F5/seed20240601/B0,5d4728b89e2fa7e3ebb0ea036d6d9cc9ff819e4f0554464bcd0a7b1e6d91990e
C,E3XC_L3_COMP_F5,L3,20240601,B1,1200,2,2,0,0,runs/experiment3_cross_site/site_c_edmonton/E3XC_L3_COMP_F5/seed20240601/B1,5bea4764e459ec08442459ba619ad1fb5884ace660fd5df52b89db8cb5ec4681
C,E3XC_L3_COMP_F5,L3,20240601,B2,1200,2,2,0,0,runs/experiment3_cross_site/site_c_edmonton/E3XC_L3_COMP_F5/seed20240601/B2,5bea4764e459ec08442459ba619ad1fb5884ace660fd5df52b89db8cb5ec4681
C,E3XC_L3_COMP_F5,L3,20240601,B4b,1200,2,2,0,0,runs/experiment3_cross_site/site_c_edmonton/E3XC_L3_COMP_F5/seed20240601/B4b,5bea4764e459ec08442459ba619ad1fb5884ace660fd5df52b89db8cb5ec4681
C,E3XC_L3_COMP_F5,L3,20240602,B0,1200,2,2,0,0,runs/experiment3_cross_site/site_c_edmonton/E3XC_L3_COMP_F5/seed20240602/B0,240c0c786b4bdbff21e823b59070e142485e4a68228a0ba91f6d59bf045075ee
C,E3XC_L3_COMP_F5,L3,20240602,B1,1200,2,2,0,0,runs/experiment3_cross_site/site_c_edmonton/E3XC_L3_COMP_F5/seed20240602/B1,1a97a11fec446706a0d6a5e26640aeef7af6095b8b65c57450fe7fc0c87b0f84
C,E3XC_L3_COMP_F5,L3,20240602,B2,1200,2,2,0,0,runs/experiment3_cross_site/site_c_edmonton/E3XC_L3_COMP_F5/seed20240602/B2,1a97a11fec446706a0d6a5e26640aeef7af6095b8b65c57450fe7fc0c87b0f84
C,E3XC_L3_COMP_F5,L3,20240602,B4b,1200,2,2,0,0,runs/experiment3_cross_site/site_c_edmonton/E3XC_L3_COMP_F5/seed20240602/B4b,1a97a11fec446706a0d6a5e26640aeef7af6095b8b65c57450fe7fc0c87b0f84
C,E3XC_L3_COMP_F5,L3,20240603,B0,1200,2,2,0,0,runs/experiment3_cross_site/site_c_edmonton/E3XC_L3_COMP_F5/seed20240603/B0,870f5b090bd5f00100cc572c9bbc072211d19700c4f167b3e68c3510054cb61d
C,E3XC_L3_COMP_F5,L3,20240603,B1,1200,2,2,0,0,runs/experiment3_cross_site/site_c_edmonton/E3XC_L3_COMP_F5/seed20240603/B1,bdfc56d893e54aa1831cfc8378492d2021ea2cfa2ddeab4ed850b9b58884fe66
C,E3XC_L3_COMP_F5,L3,20240603,B2,1200,2,2,0,0,runs/experiment3_cross_site/site_c_edmonton/E3XC_L3_COMP_F5/seed20240603/B2,bdfc56d893e54aa1831cfc8378492d2021ea2cfa2ddeab4ed850b9b58884fe66
C,E3XC_L3_COMP_F5,L3,20240603,B4b,1200,2,2,0,0,runs/experiment3_cross_site/site_c_edmonton/E3XC_L3_COMP_F5/seed20240603/B4b,bdfc56d893e54aa1831cfc8378492d2021ea2cfa2ddeab4ed850b9b58884fe66
C,E3XC_L3_COMP_F5,L3,20240604,B0,1200,2,2,0,0,runs/experiment3_cross_site/site_c_edmonton/E3XC_L3_COMP_F5/seed20240604/B0,e1df0d7f84c3f88427a203903a5286da4498d5d9b895730015c52dba3c27038e
C,E3XC_L3_COMP_F5,L3,20240604,B1,1200,2,2,0,0,runs/experiment3_cross_site/site_c_edmonton/E3XC_L3_COMP_F5/seed20240604/B1,89e1ef3ea60c4e703fccc69c877b0e7a6f23703961e13db52b82a2be89c76818
C,E3XC_L3_COMP_F5,L3,20240604,B2,1200,2,2,0,0,runs/experiment3_cross_site/site_c_edmonton/E3XC_L3_COMP_F5/seed20240604/B2,89e1ef3ea60c4e703fccc69c877b0e7a6f23703961e13db52b82a2be89c76818
C,E3XC_L3_COMP_F5,L3,20240604,B4b,1200,2,2,0,0,runs/experiment3_cross_site/site_c_edmonton/E3XC_L3_COMP_F5/seed20240604/B4b,89e1ef3ea60c4e703fccc69c877b0e7a6f23703961e13db52b82a2be89c76818
C,E3XC_L3_COMP_F5,L3,20240605,B0,1200,2,2,0,0,runs/experiment3_cross_site/site_c_edmonton/E3XC_L3_COMP_F5/seed20240605/B0,c65c60fd82d3f2aa9eeccf7d6695356319abc9d68270f42569cc08ad044381b6
C,E3XC_L3_COMP_F5,L3,20240605,B1,1200,2,2,0,0,runs/experiment3_cross_site/site_c_edmonton/E3XC_L3_COMP_F5/seed20240605/B1,717c63bb5045cf26140e07942463dccdd689e762ea938a8170cf5b36fe0486c9
C,E3XC_L3_COMP_F5,L3,20240605,B2,1200,2,2,0,0,runs/experiment3_cross_site/site_c_edmonton/E3XC_L3_COMP_F5/seed20240605/B2,717c63bb5045cf26140e07942463dccdd689e762ea938a8170cf5b36fe0486c9
C,E3XC_L3_COMP_F5,L3,20240605,B4b,1200,2,2,0,0,runs/experiment3_cross_site/site_c_edmonton/E3XC_L3_COMP_F5/seed20240605/B4b,717c63bb5045cf26140e07942463dccdd689e762ea938a8170cf5b36fe0486c9
C,E3XC_L3_COMP_F5,L3,20240606,B0,1200,2,2,0,0,runs/experiment3_cross_site/site_c_edmonton/E3XC_L3_COMP_F5/seed20240606/B0,669e04bb4f44dc0d15e65d14fb36067522f453f65da32a1eaf820475edcd18fc
C,E3XC_L3_COMP_F5,L3,20240606,B1,1200,2,2,0,0,runs/experiment3_cross_site/site_c_edmonton/E3XC_L3_COMP_F5/seed20240606/B1,707a149e64e699524e8852dcfbf1ba6d71affbc83b0eda743c1e503a1bc803a3
C,E3XC_L3_COMP_F5,L3,20240606,B2,1200,2,2,0,0,runs/experiment3_cross_site/site_c_edmonton/E3XC_L3_COMP_F5/seed20240606/B2,707a149e64e699524e8852dcfbf1ba6d71affbc83b0eda743c1e503a1bc803a3
C,E3XC_L3_COMP_F5,L3,20240606,B4b,1200,2,2,0,0,runs/experiment3_cross_site/site_c_edmonton/E3XC_L3_COMP_F5/seed20240606/B4b,707a149e64e699524e8852dcfbf1ba6d71affbc83b0eda743c1e503a1bc803a3
C,E3XC_L3_COMP_F5,L3,20240607,B0,1200,2,2,0,0,runs/experiment3_cross_site/site_c_edmonton/E3XC_L3_COMP_F5/seed20240607/B0,2429cec32925b74434cfb9a7910ce85a08d972c5526831b037f14ffbdf7e72dc
C,E3XC_L3_COMP_F5,L3,20240607,B1,1200,2,2,0,0,runs/experiment3_cross_site/site_c_edmonton/E3XC_L3_COMP_F5/seed20240607/B1,6c29505445fa5bd862445502bdd1db51fc28be7d3a61623700bcf5e894a479c3
C,E3XC_L3_COMP_F5,L3,20240607,B2,1200,2,2,0,0,runs/experiment3_cross_site/site_c_edmonton/E3XC_L3_COMP_F5/seed20240607/B2,6c29505445fa5bd862445502bdd1db51fc28be7d3a61623700bcf5e894a479c3
C,E3XC_L3_COMP_F5,L3,20240607,B4b,1200,2,2,0,0,runs/experiment3_cross_site/site_c_edmonton/E3XC_L3_COMP_F5/seed20240607/B4b,6c29505445fa5bd862445502bdd1db51fc28be7d3a61623700bcf5e894a479c3
C,E3XC_L3_COMP_F5,L3,20240608,B0,1200,2,2,0,0,runs/experiment3_cross_site/site_c_edmonton/E3XC_L3_COMP_F5/seed20240608/B0,81d53a6467e6fdae93bff89d1e578e263e2f3a95eb1cc650eeff5ea8e4e85666
C,E3XC_L3_COMP_F5,L3,20240608,B1,1200,2,2,0,0,runs/experiment3_cross_site/site_c_edmonton/E3XC_L3_COMP_F5/seed20240608/B1,f42eaea517132186c1eb1a6e15386ecebd2d8e0f40a00e34286cc0ba73e733a5
C,E3XC_L3_COMP_F5,L3,20240608,B2,1200,2,2,0,0,runs/experiment3_cross_site/site_c_edmonton/E3XC_L3_COMP_F5/seed20240608/B2,f42eaea517132186c1eb1a6e15386ecebd2d8e0f40a00e34286cc0ba73e733a5
C,E3XC_L3_COMP_F5,L3,20240608,B4b,1200,2,2,0,0,runs/experiment3_cross_site/site_c_edmonton/E3XC_L3_COMP_F5/seed20240608/B4b,f42eaea517132186c1eb1a6e15386ecebd2d8e0f40a00e34286cc0ba73e733a5
C,E3XC_L3_COMP_F5,L3,20240609,B0,1200,2,2,0,0,runs/experiment3_cross_site/site_c_edmonton/E3XC_L3_COMP_F5/seed20240609/B0,d57806d4aad772fd08920341de7132f4684e455ea2816e1152ba9ee793de95d9
C,E3XC_L3_COMP_F5,L3,20240609,B1,1200,2,2,0,0,runs/experiment3_cross_site/site_c_edmonton/E3XC_L3_COMP_F5/seed20240609/B1,4b01068bf9b7b5626a67c459ac0b7c4f1c909f829be3abdeae447a7c260a8462
C,E3XC_L3_COMP_F5,L3,20240609,B2,1200,2,2,0,0,runs/experiment3_cross_site/site_c_edmonton/E3XC_L3_COMP_F5/seed20240609/B2,4b01068bf9b7b5626a67c459ac0b7c4f1c909f829be3abdeae447a7c260a8462
C,E3XC_L3_COMP_F5,L3,20240609,B4b,1200,2,2,0,0,runs/experiment3_cross_site/site_c_edmonton/E3XC_L3_COMP_F5/seed20240609/B4b,4b01068bf9b7b5626a67c459ac0b7c4f1c909f829be3abdeae447a7c260a8462
C,E3XC_L3_COMP_F5,L3,20240610,B0,1200,2,2,0,0,runs/experiment3_cross_site/site_c_edmonton/E3XC_L3_COMP_F5/seed20240610/B0,f2945baf7df4db95e3455812ebd90bb943466c985265ce759d79bf6e6e757482
C,E3XC_L3_COMP_F5,L3,20240610,B1,1200,2,2,0,0,runs/experiment3_cross_site/site_c_edmonton/E3XC_L3_COMP_F5/seed20240610/B1,ae11cc83db2647ad6ff2ad1d3f9a6063b059db33db11c2681fe107b583e4b72c
C,E3XC_L3_COMP_F5,L3,20240610,B2,1200,2,2,0,0,runs/experiment3_cross_site/site_c_edmonton/E3XC_L3_COMP_F5/seed20240610/B2,ae11cc83db2647ad6ff2ad1d3f9a6063b059db33db11c2681fe107b583e4b72c
C,E3XC_L3_COMP_F5,L3,20240610,B4b,1200,2,2,0,0,runs/experiment3_cross_site/site_c_edmonton/E3XC_L3_COMP_F5/seed20240610/B4b,ae11cc83db2647ad6ff2ad1d3f9a6063b059db33db11c2681fe107b583e4b72c
C,E3XC_L3_COMP_F5,L3,20240611,B0,1200,2,2,0,0,runs/experiment3_cross_site/site_c_edmonton/E3XC_L3_COMP_F5/seed20240611/B0,7aff52303a2602fcdcc79b1af6e4837e48d01c1b8a63f9e533f00fea77089cef
C,E3XC_L3_COMP_F5,L3,20240611,B1,1200,2,2,0,0,runs/experiment3_cross_site/site_c_edmonton/E3XC_L3_COMP_F5/seed20240611/B1,7ca4a8f7b03419c0477c4e2e3e09a5ba4b6e6454240432958a41b57b28fc00d0
C,E3XC_L3_COMP_F5,L3,20240611,B2,1200,2,2,0,0,runs/experiment3_cross_site/site_c_edmonton/E3XC_L3_COMP_F5/seed20240611/B2,7ca4a8f7b03419c0477c4e2e3e09a5ba4b6e6454240432958a41b57b28fc00d0
C,E3XC_L3_COMP_F5,L3,20240611,B4b,1200,2,2,0,0,runs/experiment3_cross_site/site_c_edmonton/E3XC_L3_COMP_F5/seed20240611/B4b,7ca4a8f7b03419c0477c4e2e3e09a5ba4b6e6454240432958a41b57b28fc00d0
C,E3XC_L3_COMP_F5,L3,20240612,B0,1200,2,2,0,0,runs/experiment3_cross_site/site_c_edmonton/E3XC_L3_COMP_F5/seed20240612/B0,8da9eb8c82cb6f90b9161a69f0eb2fe4affb1ab265da66c2ea3e2a9cdceb068d
C,E3XC_L3_COMP_F5,L3,20240612,B1,1200,2,2,0,0,runs/experiment3_cross_site/site_c_edmonton/E3XC_L3_COMP_F5/seed20240612/B1,a11de68629b886844e37c2898921351ddfa68fa6acd8a77d1915c49e19515ddb
C,E3XC_L3_COMP_F5,L3,20240612,B2,1200,2,2,0,0,runs/experiment3_cross_site/site_c_edmonton/E3XC_L3_COMP_F5/seed20240612/B2,a11de68629b886844e37c2898921351ddfa68fa6acd8a77d1915c49e19515ddb
C,E3XC_L3_COMP_F5,L3,20240612,B4b,1200,2,2,0,0,runs/experiment3_cross_site/site_c_edmonton/E3XC_L3_COMP_F5/seed20240612/B4b,a11de68629b886844e37c2898921351ddfa68fa6acd8a77d1915c49e19515ddb
C,E3XC_L3_COMP_F5,L3,20240613,B0,1200,2,2,0,0,runs/experiment3_cross_site/site_c_edmonton/E3XC_L3_COMP_F5/seed20240613/B0,b7abf680b8791dbadb345c4a7cc56e5d1649f97eff0888c17e732cca882331db
C,E3XC_L3_COMP_F5,L3,20240613,B1,1200,2,2,0,0,runs/experiment3_cross_site/site_c_edmonton/E3XC_L3_COMP_F5/seed20240613/B1,2544e9c247640f1068bc7b6e62e0c22d59c1b2d4a3592f3110f281dd7e6aa34a
C,E3XC_L3_COMP_F5,L3,20240613,B2,1200,2,2,0,0,runs/experiment3_cross_site/site_c_edmonton/E3XC_L3_COMP_F5/seed20240613/B2,2544e9c247640f1068bc7b6e62e0c22d59c1b2d4a3592f3110f281dd7e6aa34a
C,E3XC_L3_COMP_F5,L3,20240613,B4b,1200,2,2,0,0,runs/experiment3_cross_site/site_c_edmonton/E3XC_L3_COMP_F5/seed20240613/B4b,2544e9c247640f1068bc7b6e62e0c22d59c1b2d4a3592f3110f281dd7e6aa34a
C,E3XC_L3_COMP_F5,L3,20240614,B0,1200,2,2,0,0,runs/experiment3_cross_site/site_c_edmonton/E3XC_L3_COMP_F5/seed20240614/B0,d6ad262b8504834b99ddc318372b7e3bf9c382e9111fbbcfd874d66e2b8b8607
C,E3XC_L3_COMP_F5,L3,20240614,B1,1200,2,2,0,0,runs/experiment3_cross_site/site_c_edmonton/E3XC_L3_COMP_F5/seed20240614/B1,35d1807210d544ab924999cb1cde00346bc2a407c5dbeb7a3e26d3708ddfb0fd
C,E3XC_L3_COMP_F5,L3,20240614,B2,1200,2,2,0,0,runs/experiment3_cross_site/site_c_edmonton/E3XC_L3_COMP_F5/seed20240614/B2,35d1807210d544ab924999cb1cde00346bc2a407c5dbeb7a3e26d3708ddfb0fd
C,E3XC_L3_COMP_F5,L3,20240614,B4b,1200,2,2,0,0,runs/experiment3_cross_site/site_c_edmonton/E3XC_L3_COMP_F5/seed20240614/B4b,35d1807210d544ab924999cb1cde00346bc2a407c5dbeb7a3e26d3708ddfb0fd
C,E3XC_L3_COMP_F5,L3,20240615,B0,1200,2,2,0,0,runs/experiment3_cross_site/site_c_edmonton/E3XC_L3_COMP_F5/seed20240615/B0,f0fdf184e237e9b55c8b657d1db5f1b71480ac511fad862b332923296ee8e8e3
C,E3XC_L3_COMP_F5,L3,20240615,B1,1200,2,2,0,0,runs/experiment3_cross_site/site_c_edmonton/E3XC_L3_COMP_F5/seed20240615/B1,46a44042d3c7af3faa535044d76ece995a800da85fdb6225fec026daa33a7aec
C,E3XC_L3_COMP_F5,L3,20240615,B2,1200,2,2,0,0,runs/experiment3_cross_site/site_c_edmonton/E3XC_L3_COMP_F5/seed20240615/B2,46a44042d3c7af3faa535044d76ece995a800da85fdb6225fec026daa33a7aec
C,E3XC_L3_COMP_F5,L3,20240615,B4b,1200,2,2,0,0,runs/experiment3_cross_site/site_c_edmonton/E3XC_L3_COMP_F5/seed20240615/B4b,46a44042d3c7af3faa535044d76ece995a800da85fdb6225fec026daa33a7aec
C,E3XC_L3_COMP_F5,L3,20240616,B0,1200,2,2,0,0,runs/experiment3_cross_site/site_c_edmonton/E3XC_L3_COMP_F5/seed20240616/B0,b3a1fa84a8139768db370ce84a45e4e120daa3024ae4482947e8fffb963627b8
C,E3XC_L3_COMP_F5,L3,20240616,B1,1200,2,2,0,0,runs/experiment3_cross_site/site_c_edmonton/E3XC_L3_COMP_F5/seed20240616/B1,a873bd2dd441992ce313a6359daadac9af4e06ae49ba5f1059752dd2edf4154e
C,E3XC_L3_COMP_F5,L3,20240616,B2,1200,2,2,0,0,runs/experiment3_cross_site/site_c_edmonton/E3XC_L3_COMP_F5/seed20240616/B2,a873bd2dd441992ce313a6359daadac9af4e06ae49ba5f1059752dd2edf4154e
C,E3XC_L3_COMP_F5,L3,20240616,B4b,1200,2,2,0,0,runs/experiment3_cross_site/site_c_edmonton/E3XC_L3_COMP_F5/seed20240616/B4b,a873bd2dd441992ce313a6359daadac9af4e06ae49ba5f1059752dd2edf4154e
C,E3XC_L3_COMP_F5,L3,20240617,B0,1200,2,2,0,0,runs/experiment3_cross_site/site_c_edmonton/E3XC_L3_COMP_F5/seed20240617/B0,0e0237cca34563413dea5e350321bcf258c83ddab04bad967b2e43442a5e218f
C,E3XC_L3_COMP_F5,L3,20240617,B1,1200,2,2,0,0,runs/experiment3_cross_site/site_c_edmonton/E3XC_L3_COMP_F5/seed20240617/B1,b2a3b82acdbce41473da704485fe92050f742583a2357493ba49b83fc7e019a2
C,E3XC_L3_COMP_F5,L3,20240617,B2,1200,2,2,0,0,runs/experiment3_cross_site/site_c_edmonton/E3XC_L3_COMP_F5/seed20240617/B2,b2a3b82acdbce41473da704485fe92050f742583a2357493ba49b83fc7e019a2
C,E3XC_L3_COMP_F5,L3,20240617,B4b,1200,2,2,0,0,runs/experiment3_cross_site/site_c_edmonton/E3XC_L3_COMP_F5/seed20240617/B4b,b2a3b82acdbce41473da704485fe92050f742583a2357493ba49b83fc7e019a2
C,E3XC_L3_COMP_F5,L3,20240618,B0,1200,2,2,0,0,runs/experiment3_cross_site/site_c_edmonton/E3XC_L3_COMP_F5/seed20240618/B0,ef37ef2f2b0197d2b287006f0ed32e9af91694a2097b2ba07ccc75146a7da662
C,E3XC_L3_COMP_F5,L3,20240618,B1,1200,2,2,0,0,runs/experiment3_cross_site/site_c_edmonton/E3XC_L3_COMP_F5/seed20240618/B1,ca9d855cc2e4ac006ad9692722a49c8b0a2128bf9c1a5840d7e239af46c19e8f
C,E3XC_L3_COMP_F5,L3,20240618,B2,1200,2,2,0,0,runs/experiment3_cross_site/site_c_edmonton/E3XC_L3_COMP_F5/seed20240618/B2,ca9d855cc2e4ac006ad9692722a49c8b0a2128bf9c1a5840d7e239af46c19e8f
C,E3XC_L3_COMP_F5,L3,20240618,B4b,1200,2,2,0,0,runs/experiment3_cross_site/site_c_edmonton/E3XC_L3_COMP_F5/seed20240618/B4b,ca9d855cc2e4ac006ad9692722a49c8b0a2128bf9c1a5840d7e239af46c19e8f
C,E3XC_L3_COMP_F5,L3,20240619,B0,1200,2,2,0,0,runs/experiment3_cross_site/site_c_edmonton/E3XC_L3_COMP_F5/seed20240619/B0,37175080c719287fccf3cffc274304200ddf400c365a917b161af890eca26f56
C,E3XC_L3_COMP_F5,L3,20240619,B1,1200,2,2,0,0,runs/experiment3_cross_site/site_c_edmonton/E3XC_L3_COMP_F5/seed20240619/B1,6a16a81eb7a30dd847708214d0579892ad948d7c07354dd41969cbe0ae65e73d
C,E3XC_L3_COMP_F5,L3,20240619,B2,1200,2,2,0,0,runs/experiment3_cross_site/site_c_edmonton/E3XC_L3_COMP_F5/seed20240619/B2,6a16a81eb7a30dd847708214d0579892ad948d7c07354dd41969cbe0ae65e73d
C,E3XC_L3_COMP_F5,L3,20240619,B4b,1200,2,2,0,0,runs/experiment3_cross_site/site_c_edmonton/E3XC_L3_COMP_F5/seed20240619/B4b,6a16a81eb7a30dd847708214d0579892ad948d7c07354dd41969cbe0ae65e73d
C,E3XC_L3_COMP_F5,L3,20240620,B0,1200,2,2,0,0,runs/experiment3_cross_site/site_c_edmonton/E3XC_L3_COMP_F5/seed20240620/B0,c052e89343dcf4a78f71500f2f4a31340a084f772ab7dc2a9b66636ca47609cf
C,E3XC_L3_COMP_F5,L3,20240620,B1,1200,2,2,0,0,runs/experiment3_cross_site/site_c_edmonton/E3XC_L3_COMP_F5/seed20240620/B1,2038543fb00bdbd036f7ec3fbe8d02e4c075ccac6f6054b2774ca17ddcb55e19
C,E3XC_L3_COMP_F5,L3,20240620,B2,1200,2,2,0,0,runs/experiment3_cross_site/site_c_edmonton/E3XC_L3_COMP_F5/seed20240620/B2,2038543fb00bdbd036f7ec3fbe8d02e4c075ccac6f6054b2774ca17ddcb55e19
C,E3XC_L3_COMP_F5,L3,20240620,B4b,1200,2,2,0,0,runs/experiment3_cross_site/site_c_edmonton/E3XC_L3_COMP_F5/seed20240620/B4b,2038543fb00bdbd036f7ec3fbe8d02e4c075ccac6f6054b2774ca17ddcb55e19
C,E3XC_L4_A,L4,20240601,B0,1200,2,2,0,0,runs/experiment3_cross_site/site_c_edmonton/E3XC_L4_A/seed20240601/B0,3197afe237796fea7aa3103b18b28f103158cb592f6b5cb7ec5fd34258dd2bdc
C,E3XC_L4_A,L4,20240601,B1,1200,2,2,0,0,runs/experiment3_cross_site/site_c_edmonton/E3XC_L4_A/seed20240601/B1,95f3432e27ac94798413bbe7ba38f272bd8a7a1aeec2d4307892d5519e988a84
C,E3XC_L4_A,L4,20240601,B2,1200,2,2,0,0,runs/experiment3_cross_site/site_c_edmonton/E3XC_L4_A/seed20240601/B2,95f3432e27ac94798413bbe7ba38f272bd8a7a1aeec2d4307892d5519e988a84
C,E3XC_L4_A,L4,20240601,B4b,1200,2,2,0,0,runs/experiment3_cross_site/site_c_edmonton/E3XC_L4_A/seed20240601/B4b,95f3432e27ac94798413bbe7ba38f272bd8a7a1aeec2d4307892d5519e988a84
C,E3XC_L4_A,L4,20240602,B0,1200,2,2,0,0,runs/experiment3_cross_site/site_c_edmonton/E3XC_L4_A/seed20240602/B0,f6ba5c5c20fa996e480e28e3522572102e104be886dbe90d2d667b60f955d9d2
C,E3XC_L4_A,L4,20240602,B1,1200,2,2,0,0,runs/experiment3_cross_site/site_c_edmonton/E3XC_L4_A/seed20240602/B1,7dfa53c894d5e5f394e51461c85f09f6d143e2ba1e4cbc885850633b8add995e
C,E3XC_L4_A,L4,20240602,B2,1200,2,2,0,0,runs/experiment3_cross_site/site_c_edmonton/E3XC_L4_A/seed20240602/B2,7dfa53c894d5e5f394e51461c85f09f6d143e2ba1e4cbc885850633b8add995e
C,E3XC_L4_A,L4,20240602,B4b,1200,2,2,0,0,runs/experiment3_cross_site/site_c_edmonton/E3XC_L4_A/seed20240602/B4b,7dfa53c894d5e5f394e51461c85f09f6d143e2ba1e4cbc885850633b8add995e
C,E3XC_L4_A,L4,20240603,B0,1200,2,2,0,0,runs/experiment3_cross_site/site_c_edmonton/E3XC_L4_A/seed20240603/B0,6669764f17d377b7121c5cc1fb797b500e9e0029aeb7968292dc7b67036ffacf
C,E3XC_L4_A,L4,20240603,B1,1200,2,2,0,0,runs/experiment3_cross_site/site_c_edmonton/E3XC_L4_A/seed20240603/B1,516f2162724f2007202b10413be95f02d32c4c223f070cabcf11107eebbbba05
C,E3XC_L4_A,L4,20240603,B2,1200,2,2,0,0,runs/experiment3_cross_site/site_c_edmonton/E3XC_L4_A/seed20240603/B2,516f2162724f2007202b10413be95f02d32c4c223f070cabcf11107eebbbba05
C,E3XC_L4_A,L4,20240603,B4b,1200,2,2,0,0,runs/experiment3_cross_site/site_c_edmonton/E3XC_L4_A/seed20240603/B4b,516f2162724f2007202b10413be95f02d32c4c223f070cabcf11107eebbbba05
C,E3XC_L4_A,L4,20240604,B0,1200,2,2,0,0,runs/experiment3_cross_site/site_c_edmonton/E3XC_L4_A/seed20240604/B0,936ad900b0f5066e4b7f9edc151b2613fd58e459a3658e35302753349a1d48e3
C,E3XC_L4_A,L4,20240604,B1,1200,2,2,0,0,runs/experiment3_cross_site/site_c_edmonton/E3XC_L4_A/seed20240604/B1,ad1d11797af76c90a7401eda7cc0a114bc7a57da6aba6c742c62994ebb487dc1
C,E3XC_L4_A,L4,20240604,B2,1200,2,2,0,0,runs/experiment3_cross_site/site_c_edmonton/E3XC_L4_A/seed20240604/B2,ad1d11797af76c90a7401eda7cc0a114bc7a57da6aba6c742c62994ebb487dc1
C,E3XC_L4_A,L4,20240604,B4b,1200,2,2,0,0,runs/experiment3_cross_site/site_c_edmonton/E3XC_L4_A/seed20240604/B4b,ad1d11797af76c90a7401eda7cc0a114bc7a57da6aba6c742c62994ebb487dc1
C,E3XC_L4_A,L4,20240605,B0,1200,2,2,0,0,runs/experiment3_cross_site/site_c_edmonton/E3XC_L4_A/seed20240605/B0,6acce97ca8d318bd7f8f1dc72ff4c2dd89916f134861187474354fa943c4e01c
C,E3XC_L4_A,L4,20240605,B1,1200,2,2,0,0,runs/experiment3_cross_site/site_c_edmonton/E3XC_L4_A/seed20240605/B1,1563c50d2015eef46cba281d5020a1b7f49cdfefbacd2bf059c1b57305df6156
C,E3XC_L4_A,L4,20240605,B2,1200,2,2,0,0,runs/experiment3_cross_site/site_c_edmonton/E3XC_L4_A/seed20240605/B2,1563c50d2015eef46cba281d5020a1b7f49cdfefbacd2bf059c1b57305df6156
C,E3XC_L4_A,L4,20240605,B4b,1200,2,2,0,0,runs/experiment3_cross_site/site_c_edmonton/E3XC_L4_A/seed20240605/B4b,1563c50d2015eef46cba281d5020a1b7f49cdfefbacd2bf059c1b57305df6156
C,E3XC_L4_A,L4,20240606,B0,1200,2,2,0,0,runs/experiment3_cross_site/site_c_edmonton/E3XC_L4_A/seed20240606/B0,13af77f26919fd27bd7f3fa39013db216eea25bac9ea6dad7e9fd18f5a4ae6f2
C,E3XC_L4_A,L4,20240606,B1,1200,2,2,0,0,runs/experiment3_cross_site/site_c_edmonton/E3XC_L4_A/seed20240606/B1,c5a71ccc52340c9c70edc99bceea165710d61a952e1ec1628257ab92254883ae
C,E3XC_L4_A,L4,20240606,B2,1200,2,2,0,0,runs/experiment3_cross_site/site_c_edmonton/E3XC_L4_A/seed20240606/B2,c5a71ccc52340c9c70edc99bceea165710d61a952e1ec1628257ab92254883ae
C,E3XC_L4_A,L4,20240606,B4b,1200,2,2,0,0,runs/experiment3_cross_site/site_c_edmonton/E3XC_L4_A/seed20240606/B4b,c5a71ccc52340c9c70edc99bceea165710d61a952e1ec1628257ab92254883ae
C,E3XC_L4_A,L4,20240607,B0,1200,2,2,0,0,runs/experiment3_cross_site/site_c_edmonton/E3XC_L4_A/seed20240607/B0,c0975cdc619b4517e834c749d7eeb7d2863e9dc09bf88b8fc244ee7e74113265
C,E3XC_L4_A,L4,20240607,B1,1200,2,2,0,0,runs/experiment3_cross_site/site_c_edmonton/E3XC_L4_A/seed20240607/B1,13c37bbc473a4bfb26411f53115ecfa9e43515c5f4d779dc0fdf959a38e33db6
C,E3XC_L4_A,L4,20240607,B2,1200,2,2,0,0,runs/experiment3_cross_site/site_c_edmonton/E3XC_L4_A/seed20240607/B2,13c37bbc473a4bfb26411f53115ecfa9e43515c5f4d779dc0fdf959a38e33db6
C,E3XC_L4_A,L4,20240607,B4b,1200,2,2,0,0,runs/experiment3_cross_site/site_c_edmonton/E3XC_L4_A/seed20240607/B4b,13c37bbc473a4bfb26411f53115ecfa9e43515c5f4d779dc0fdf959a38e33db6
C,E3XC_L4_A,L4,20240608,B0,1200,2,2,0,0,runs/experiment3_cross_site/site_c_edmonton/E3XC_L4_A/seed20240608/B0,2a12743c4d7e9f06071c7fedf3a7fcb54317ae9e63d1d64eae8bd830390b7e9d
C,E3XC_L4_A,L4,20240608,B1,1200,2,2,0,0,runs/experiment3_cross_site/site_c_edmonton/E3XC_L4_A/seed20240608/B1,57c87e759dc4df2e51aa6036060411182ac6e359dc48bbefa9b0dbfa3062ed0d
C,E3XC_L4_A,L4,20240608,B2,1200,2,2,0,0,runs/experiment3_cross_site/site_c_edmonton/E3XC_L4_A/seed20240608/B2,57c87e759dc4df2e51aa6036060411182ac6e359dc48bbefa9b0dbfa3062ed0d
C,E3XC_L4_A,L4,20240608,B4b,1200,2,2,0,0,runs/experiment3_cross_site/site_c_edmonton/E3XC_L4_A/seed20240608/B4b,57c87e759dc4df2e51aa6036060411182ac6e359dc48bbefa9b0dbfa3062ed0d
C,E3XC_L4_A,L4,20240609,B0,1200,2,2,0,0,runs/experiment3_cross_site/site_c_edmonton/E3XC_L4_A/seed20240609/B0,6be669491125ba5ea59f4c220d03481e195620c86c27b358c973d311a38b6619
C,E3XC_L4_A,L4,20240609,B1,1200,2,2,0,0,runs/experiment3_cross_site/site_c_edmonton/E3XC_L4_A/seed20240609/B1,f78593fc64bb263c39b47e0b0542017121b63c83b50533727757960bf401c08c
C,E3XC_L4_A,L4,20240609,B2,1200,2,2,0,0,runs/experiment3_cross_site/site_c_edmonton/E3XC_L4_A/seed20240609/B2,f78593fc64bb263c39b47e0b0542017121b63c83b50533727757960bf401c08c
C,E3XC_L4_A,L4,20240609,B4b,1200,2,2,0,0,runs/experiment3_cross_site/site_c_edmonton/E3XC_L4_A/seed20240609/B4b,f78593fc64bb263c39b47e0b0542017121b63c83b50533727757960bf401c08c
C,E3XC_L4_A,L4,20240610,B0,1200,2,2,0,0,runs/experiment3_cross_site/site_c_edmonton/E3XC_L4_A/seed20240610/B0,39e784e7b61c258c3bc9d115e899d9fd3946ed026cefae571d20a8cc2eead685
C,E3XC_L4_A,L4,20240610,B1,1200,2,2,0,0,runs/experiment3_cross_site/site_c_edmonton/E3XC_L4_A/seed20240610/B1,c671a05de9400db51378d6f64dd90e835fc6f5356172cddf6189e5302b841973
C,E3XC_L4_A,L4,20240610,B2,1200,2,2,0,0,runs/experiment3_cross_site/site_c_edmonton/E3XC_L4_A/seed20240610/B2,c671a05de9400db51378d6f64dd90e835fc6f5356172cddf6189e5302b841973
C,E3XC_L4_A,L4,20240610,B4b,1200,2,2,0,0,runs/experiment3_cross_site/site_c_edmonton/E3XC_L4_A/seed20240610/B4b,c671a05de9400db51378d6f64dd90e835fc6f5356172cddf6189e5302b841973
C,E3XC_L4_A,L4,20240611,B0,1200,2,2,0,0,runs/experiment3_cross_site/site_c_edmonton/E3XC_L4_A/seed20240611/B0,dfcd7dc3672b4a9bf417ce2704531e2f8e35937cfced77e3c921cd3a2915708d
C,E3XC_L4_A,L4,20240611,B1,1200,2,2,0,0,runs/experiment3_cross_site/site_c_edmonton/E3XC_L4_A/seed20240611/B1,d90a9af32f1151d6af3be11d956f569d934e8b0379b3141166a9dc2e23b6b780
C,E3XC_L4_A,L4,20240611,B2,1200,2,2,0,0,runs/experiment3_cross_site/site_c_edmonton/E3XC_L4_A/seed20240611/B2,d90a9af32f1151d6af3be11d956f569d934e8b0379b3141166a9dc2e23b6b780
C,E3XC_L4_A,L4,20240611,B4b,1200,2,2,0,0,runs/experiment3_cross_site/site_c_edmonton/E3XC_L4_A/seed20240611/B4b,d90a9af32f1151d6af3be11d956f569d934e8b0379b3141166a9dc2e23b6b780
C,E3XC_L4_A,L4,20240612,B0,1200,2,2,0,0,runs/experiment3_cross_site/site_c_edmonton/E3XC_L4_A/seed20240612/B0,735b58e7f2bf5d1096436ae77920a45014fd8030a14ac0acc354fe8229db4c02
C,E3XC_L4_A,L4,20240612,B1,1200,2,2,0,0,runs/experiment3_cross_site/site_c_edmonton/E3XC_L4_A/seed20240612/B1,6df774920bb97095561526a6dee017e501c7f12a8b4ebac8e3b8721a4ae74a11
C,E3XC_L4_A,L4,20240612,B2,1200,2,2,0,0,runs/experiment3_cross_site/site_c_edmonton/E3XC_L4_A/seed20240612/B2,6df774920bb97095561526a6dee017e501c7f12a8b4ebac8e3b8721a4ae74a11
C,E3XC_L4_A,L4,20240612,B4b,1200,2,2,0,0,runs/experiment3_cross_site/site_c_edmonton/E3XC_L4_A/seed20240612/B4b,6df774920bb97095561526a6dee017e501c7f12a8b4ebac8e3b8721a4ae74a11
C,E3XC_L4_A,L4,20240613,B0,1200,2,2,0,0,runs/experiment3_cross_site/site_c_edmonton/E3XC_L4_A/seed20240613/B0,b9d1e6e5970f03e7a453c435786a9afe662b9b9991955deb0ffe6f334345c1ff
C,E3XC_L4_A,L4,20240613,B1,1200,2,2,0,0,runs/experiment3_cross_site/site_c_edmonton/E3XC_L4_A/seed20240613/B1,ce68538a7b5479e6fde7bcecf2bac2af0423ad19d71be251698e35198bfc6d12
C,E3XC_L4_A,L4,20240613,B2,1200,2,2,0,0,runs/experiment3_cross_site/site_c_edmonton/E3XC_L4_A/seed20240613/B2,ce68538a7b5479e6fde7bcecf2bac2af0423ad19d71be251698e35198bfc6d12
C,E3XC_L4_A,L4,20240613,B4b,1200,2,2,0,0,runs/experiment3_cross_site/site_c_edmonton/E3XC_L4_A/seed20240613/B4b,ce68538a7b5479e6fde7bcecf2bac2af0423ad19d71be251698e35198bfc6d12
C,E3XC_L4_A,L4,20240614,B0,1200,2,2,0,0,runs/experiment3_cross_site/site_c_edmonton/E3XC_L4_A/seed20240614/B0,06e2fb55f5cc10218dd9ac7b79eef7285186e4b4fd64c0d2a4450c55b94111ea
C,E3XC_L4_A,L4,20240614,B1,1200,2,2,0,0,runs/experiment3_cross_site/site_c_edmonton/E3XC_L4_A/seed20240614/B1,0deb87bc20213f5ff68b33cb1d54087d0c61e6139725d2ba6dfef16800d6e148
C,E3XC_L4_A,L4,20240614,B2,1200,2,2,0,0,runs/experiment3_cross_site/site_c_edmonton/E3XC_L4_A/seed20240614/B2,0deb87bc20213f5ff68b33cb1d54087d0c61e6139725d2ba6dfef16800d6e148
C,E3XC_L4_A,L4,20240614,B4b,1200,2,2,0,0,runs/experiment3_cross_site/site_c_edmonton/E3XC_L4_A/seed20240614/B4b,0deb87bc20213f5ff68b33cb1d54087d0c61e6139725d2ba6dfef16800d6e148
C,E3XC_L4_A,L4,20240615,B0,1200,2,2,0,0,runs/experiment3_cross_site/site_c_edmonton/E3XC_L4_A/seed20240615/B0,23e22a16003c9aea923093d378c7e4a2cef591e99040b425c130298baec05b8f
C,E3XC_L4_A,L4,20240615,B1,1200,2,2,0,0,runs/experiment3_cross_site/site_c_edmonton/E3XC_L4_A/seed20240615/B1,31c8490980c4b672f6a59063f9d044ab2f007bb599188bea63b3ad4f99a5cd67
C,E3XC_L4_A,L4,20240615,B2,1200,2,2,0,0,runs/experiment3_cross_site/site_c_edmonton/E3XC_L4_A/seed20240615/B2,31c8490980c4b672f6a59063f9d044ab2f007bb599188bea63b3ad4f99a5cd67
C,E3XC_L4_A,L4,20240615,B4b,1200,2,2,0,0,runs/experiment3_cross_site/site_c_edmonton/E3XC_L4_A/seed20240615/B4b,31c8490980c4b672f6a59063f9d044ab2f007bb599188bea63b3ad4f99a5cd67
C,E3XC_L4_A,L4,20240616,B0,1200,2,2,0,0,runs/experiment3_cross_site/site_c_edmonton/E3XC_L4_A/seed20240616/B0,9c428b3ffa32c1cf45127b33f03e9534ed23bb3bcf96a255c844275863218a2e
C,E3XC_L4_A,L4,20240616,B1,1200,2,2,0,0,runs/experiment3_cross_site/site_c_edmonton/E3XC_L4_A/seed20240616/B1,39be27a1b15d14355a270f7ef5c26a3824bf353b479aa6d2571ebef90e299ac9
C,E3XC_L4_A,L4,20240616,B2,1200,2,2,0,0,runs/experiment3_cross_site/site_c_edmonton/E3XC_L4_A/seed20240616/B2,39be27a1b15d14355a270f7ef5c26a3824bf353b479aa6d2571ebef90e299ac9
C,E3XC_L4_A,L4,20240616,B4b,1200,2,2,0,0,runs/experiment3_cross_site/site_c_edmonton/E3XC_L4_A/seed20240616/B4b,39be27a1b15d14355a270f7ef5c26a3824bf353b479aa6d2571ebef90e299ac9
C,E3XC_L4_A,L4,20240617,B0,1200,2,2,0,0,runs/experiment3_cross_site/site_c_edmonton/E3XC_L4_A/seed20240617/B0,9d056d46584358d3dfc684ccf114f0980574dbb0f434a6e31206b06ad9723df6
C,E3XC_L4_A,L4,20240617,B1,1200,2,2,0,0,runs/experiment3_cross_site/site_c_edmonton/E3XC_L4_A/seed20240617/B1,46d00877d6963576541e5cdaa2c87731ed71f4b83b773b4bfe696b83afae4830
C,E3XC_L4_A,L4,20240617,B2,1200,2,2,0,0,runs/experiment3_cross_site/site_c_edmonton/E3XC_L4_A/seed20240617/B2,46d00877d6963576541e5cdaa2c87731ed71f4b83b773b4bfe696b83afae4830
C,E3XC_L4_A,L4,20240617,B4b,1200,2,2,0,0,runs/experiment3_cross_site/site_c_edmonton/E3XC_L4_A/seed20240617/B4b,46d00877d6963576541e5cdaa2c87731ed71f4b83b773b4bfe696b83afae4830
C,E3XC_L4_A,L4,20240618,B0,1200,2,2,0,0,runs/experiment3_cross_site/site_c_edmonton/E3XC_L4_A/seed20240618/B0,516063d1ce9a94b998a25d876402f48291f70fcdbac01f8d355f13885b174cd9
C,E3XC_L4_A,L4,20240618,B1,1200,2,2,0,0,runs/experiment3_cross_site/site_c_edmonton/E3XC_L4_A/seed20240618/B1,5f1c043f23650bf5dd49faa0035faade4d49a650da215a41208223ff643d10ca
C,E3XC_L4_A,L4,20240618,B2,1200,2,2,0,0,runs/experiment3_cross_site/site_c_edmonton/E3XC_L4_A/seed20240618/B2,5f1c043f23650bf5dd49faa0035faade4d49a650da215a41208223ff643d10ca
C,E3XC_L4_A,L4,20240618,B4b,1200,2,2,0,0,runs/experiment3_cross_site/site_c_edmonton/E3XC_L4_A/seed20240618/B4b,5f1c043f23650bf5dd49faa0035faade4d49a650da215a41208223ff643d10ca
C,E3XC_L4_A,L4,20240619,B0,1200,2,2,0,0,runs/experiment3_cross_site/site_c_edmonton/E3XC_L4_A/seed20240619/B0,a550c6e20b1fd2e1c372bd241098846b159ade9e49d61507a138100865e3eb86
C,E3XC_L4_A,L4,20240619,B1,1200,2,2,0,0,runs/experiment3_cross_site/site_c_edmonton/E3XC_L4_A/seed20240619/B1,301613e37e7338c04a6658e5ab85cd877f2abd21fb1691b651c1eea8db963478
C,E3XC_L4_A,L4,20240619,B2,1200,2,2,0,0,runs/experiment3_cross_site/site_c_edmonton/E3XC_L4_A/seed20240619/B2,301613e37e7338c04a6658e5ab85cd877f2abd21fb1691b651c1eea8db963478
C,E3XC_L4_A,L4,20240619,B4b,1200,2,2,0,0,runs/experiment3_cross_site/site_c_edmonton/E3XC_L4_A/seed20240619/B4b,301613e37e7338c04a6658e5ab85cd877f2abd21fb1691b651c1eea8db963478
C,E3XC_L4_A,L4,20240620,B0,1200,2,2,0,0,runs/experiment3_cross_site/site_c_edmonton/E3XC_L4_A/seed20240620/B0,a021d55a7925594cdb452d6426dd4a09736f3a34a45ab520e4af41b50e2dbb44
C,E3XC_L4_A,L4,20240620,B1,1200,2,2,0,0,runs/experiment3_cross_site/site_c_edmonton/E3XC_L4_A/seed20240620/B1,2b274697f6811d7a6592405059089ab7e31d30b21829f74a7a8d5b95e6b817cf
C,E3XC_L4_A,L4,20240620,B2,1200,2,2,0,0,runs/experiment3_cross_site/site_c_edmonton/E3XC_L4_A/seed20240620/B2,2b274697f6811d7a6592405059089ab7e31d30b21829f74a7a8d5b95e6b817cf
C,E3XC_L4_A,L4,20240620,B4b,1200,2,2,0,0,runs/experiment3_cross_site/site_c_edmonton/E3XC_L4_A/seed20240620/B4b,2b274697f6811d7a6592405059089ab7e31d30b21829f74a7a8d5b95e6b817cf
C,E3XC_L4_B,L4,20240601,B0,1200,2,2,0,0,runs/experiment3_cross_site/site_c_edmonton/E3XC_L4_B/seed20240601/B0,5e2477175b6ba8ab554c208bb4d1ef85e521589628eeb99ccfa432b495d4e51e
C,E3XC_L4_B,L4,20240601,B1,1200,2,2,0,0,runs/experiment3_cross_site/site_c_edmonton/E3XC_L4_B/seed20240601/B1,d707a01327ebe77ed2f9363e28de873f4ec8ed0404defaafaf72e7d74ea779a7
C,E3XC_L4_B,L4,20240601,B2,1200,2,2,0,0,runs/experiment3_cross_site/site_c_edmonton/E3XC_L4_B/seed20240601/B2,d707a01327ebe77ed2f9363e28de873f4ec8ed0404defaafaf72e7d74ea779a7
C,E3XC_L4_B,L4,20240601,B4b,1200,2,2,0,0,runs/experiment3_cross_site/site_c_edmonton/E3XC_L4_B/seed20240601/B4b,d707a01327ebe77ed2f9363e28de873f4ec8ed0404defaafaf72e7d74ea779a7
C,E3XC_L4_B,L4,20240602,B0,1200,2,2,0,0,runs/experiment3_cross_site/site_c_edmonton/E3XC_L4_B/seed20240602/B0,e13aa98915c80b459c281f5cbca6b923bc893fb18e6ad75513d6009a4dd5cb69
C,E3XC_L4_B,L4,20240602,B1,1200,2,2,0,0,runs/experiment3_cross_site/site_c_edmonton/E3XC_L4_B/seed20240602/B1,b2aab1a64074d0e2288c8a6841a4db3341e71ef73c0c571f51c19060b3253441
C,E3XC_L4_B,L4,20240602,B2,1200,2,2,0,0,runs/experiment3_cross_site/site_c_edmonton/E3XC_L4_B/seed20240602/B2,b2aab1a64074d0e2288c8a6841a4db3341e71ef73c0c571f51c19060b3253441
C,E3XC_L4_B,L4,20240602,B4b,1200,2,2,0,0,runs/experiment3_cross_site/site_c_edmonton/E3XC_L4_B/seed20240602/B4b,b2aab1a64074d0e2288c8a6841a4db3341e71ef73c0c571f51c19060b3253441
C,E3XC_L4_B,L4,20240603,B0,1200,2,2,0,0,runs/experiment3_cross_site/site_c_edmonton/E3XC_L4_B/seed20240603/B0,ce49434e7511ad0387d0772f6ccf13a45cdcdbc6d2a67c2e7dfc06e6142d2f8e
C,E3XC_L4_B,L4,20240603,B1,1200,2,2,0,0,runs/experiment3_cross_site/site_c_edmonton/E3XC_L4_B/seed20240603/B1,075c8af4e4a89345ca151744d1d2ff1020f789b9adafa9c984cc02fa3e0259c7
C,E3XC_L4_B,L4,20240603,B2,1200,2,2,0,0,runs/experiment3_cross_site/site_c_edmonton/E3XC_L4_B/seed20240603/B2,075c8af4e4a89345ca151744d1d2ff1020f789b9adafa9c984cc02fa3e0259c7
C,E3XC_L4_B,L4,20240603,B4b,1200,2,2,0,0,runs/experiment3_cross_site/site_c_edmonton/E3XC_L4_B/seed20240603/B4b,075c8af4e4a89345ca151744d1d2ff1020f789b9adafa9c984cc02fa3e0259c7
C,E3XC_L4_B,L4,20240604,B0,1200,2,2,0,0,runs/experiment3_cross_site/site_c_edmonton/E3XC_L4_B/seed20240604/B0,ce0ff805a116ca81239b615e40eadae7046bca28b63293a9e6ba6e90b8a1e45a
C,E3XC_L4_B,L4,20240604,B1,1200,2,2,0,0,runs/experiment3_cross_site/site_c_edmonton/E3XC_L4_B/seed20240604/B1,c9fe1f2629b91ede04b30b32dfb9a530fc33eb228ed2702c2d6aca5e12d1f1c0
C,E3XC_L4_B,L4,20240604,B2,1200,2,2,0,0,runs/experiment3_cross_site/site_c_edmonton/E3XC_L4_B/seed20240604/B2,c9fe1f2629b91ede04b30b32dfb9a530fc33eb228ed2702c2d6aca5e12d1f1c0
C,E3XC_L4_B,L4,20240604,B4b,1200,2,2,0,0,runs/experiment3_cross_site/site_c_edmonton/E3XC_L4_B/seed20240604/B4b,c9fe1f2629b91ede04b30b32dfb9a530fc33eb228ed2702c2d6aca5e12d1f1c0
C,E3XC_L4_B,L4,20240605,B0,1200,2,2,0,0,runs/experiment3_cross_site/site_c_edmonton/E3XC_L4_B/seed20240605/B0,6c8f50b212b76f8a482ede010f388d01e239753fe479078a34f0b909bdfbc905
C,E3XC_L4_B,L4,20240605,B1,1200,2,2,0,0,runs/experiment3_cross_site/site_c_edmonton/E3XC_L4_B/seed20240605/B1,22dce85e0be138d715dc4e1050577cb0821720a229c4a8bcbcdc0247e63e0cc7
C,E3XC_L4_B,L4,20240605,B2,1200,2,2,0,0,runs/experiment3_cross_site/site_c_edmonton/E3XC_L4_B/seed20240605/B2,22dce85e0be138d715dc4e1050577cb0821720a229c4a8bcbcdc0247e63e0cc7
C,E3XC_L4_B,L4,20240605,B4b,1200,2,2,0,0,runs/experiment3_cross_site/site_c_edmonton/E3XC_L4_B/seed20240605/B4b,22dce85e0be138d715dc4e1050577cb0821720a229c4a8bcbcdc0247e63e0cc7
C,E3XC_L4_B,L4,20240606,B0,1200,2,2,0,0,runs/experiment3_cross_site/site_c_edmonton/E3XC_L4_B/seed20240606/B0,809f45da8989d1f2dfb18d3377dce8240198e839f91d3ae7fc8ee7dd76553c8d
C,E3XC_L4_B,L4,20240606,B1,1200,2,2,0,0,runs/experiment3_cross_site/site_c_edmonton/E3XC_L4_B/seed20240606/B1,919d3ac87f360fcd1c52ac85ae743e5592d9e6e0a881d89f42c4074214b8d7b9
C,E3XC_L4_B,L4,20240606,B2,1200,2,2,0,0,runs/experiment3_cross_site/site_c_edmonton/E3XC_L4_B/seed20240606/B2,919d3ac87f360fcd1c52ac85ae743e5592d9e6e0a881d89f42c4074214b8d7b9
C,E3XC_L4_B,L4,20240606,B4b,1200,2,2,0,0,runs/experiment3_cross_site/site_c_edmonton/E3XC_L4_B/seed20240606/B4b,919d3ac87f360fcd1c52ac85ae743e5592d9e6e0a881d89f42c4074214b8d7b9
C,E3XC_L4_B,L4,20240607,B0,1200,2,2,0,0,runs/experiment3_cross_site/site_c_edmonton/E3XC_L4_B/seed20240607/B0,4b870c10f5fc351ad9a83a327c541ee8fa449ce96bccfcedd0330a684dc7ee11
C,E3XC_L4_B,L4,20240607,B1,1200,2,2,0,0,runs/experiment3_cross_site/site_c_edmonton/E3XC_L4_B/seed20240607/B1,37d5e4feed4afc5724ae0983ff2f34cad04e95e9a5bbc7fe425a079202d4b5f5
C,E3XC_L4_B,L4,20240607,B2,1200,2,2,0,0,runs/experiment3_cross_site/site_c_edmonton/E3XC_L4_B/seed20240607/B2,37d5e4feed4afc5724ae0983ff2f34cad04e95e9a5bbc7fe425a079202d4b5f5
C,E3XC_L4_B,L4,20240607,B4b,1200,2,2,0,0,runs/experiment3_cross_site/site_c_edmonton/E3XC_L4_B/seed20240607/B4b,37d5e4feed4afc5724ae0983ff2f34cad04e95e9a5bbc7fe425a079202d4b5f5
C,E3XC_L4_B,L4,20240608,B0,1200,2,2,0,0,runs/experiment3_cross_site/site_c_edmonton/E3XC_L4_B/seed20240608/B0,c8ecc53d94880fac8d128161b42b6b1f99fa9f72a9d05ad7dbf5535ab86ad0c3
C,E3XC_L4_B,L4,20240608,B1,1200,2,2,0,0,runs/experiment3_cross_site/site_c_edmonton/E3XC_L4_B/seed20240608/B1,aa5642eb23c3f7e52ddbea43320d4bce475c854893eccce2cdf47c6aa637612b
C,E3XC_L4_B,L4,20240608,B2,1200,2,2,0,0,runs/experiment3_cross_site/site_c_edmonton/E3XC_L4_B/seed20240608/B2,aa5642eb23c3f7e52ddbea43320d4bce475c854893eccce2cdf47c6aa637612b
C,E3XC_L4_B,L4,20240608,B4b,1200,2,2,0,0,runs/experiment3_cross_site/site_c_edmonton/E3XC_L4_B/seed20240608/B4b,aa5642eb23c3f7e52ddbea43320d4bce475c854893eccce2cdf47c6aa637612b
C,E3XC_L4_B,L4,20240609,B0,1200,2,2,0,0,runs/experiment3_cross_site/site_c_edmonton/E3XC_L4_B/seed20240609/B0,24f9bdca4c8487eb7c7f7e1ad382d742c9241470b58c78568d6e654ee5c096e4
C,E3XC_L4_B,L4,20240609,B1,1200,2,2,0,0,runs/experiment3_cross_site/site_c_edmonton/E3XC_L4_B/seed20240609/B1,8bd6bbadd23f8da652b4fc73a875332560092781236eaf26b43aa7730aca3f0b
C,E3XC_L4_B,L4,20240609,B2,1200,2,2,0,0,runs/experiment3_cross_site/site_c_edmonton/E3XC_L4_B/seed20240609/B2,8bd6bbadd23f8da652b4fc73a875332560092781236eaf26b43aa7730aca3f0b
C,E3XC_L4_B,L4,20240609,B4b,1200,2,2,0,0,runs/experiment3_cross_site/site_c_edmonton/E3XC_L4_B/seed20240609/B4b,8bd6bbadd23f8da652b4fc73a875332560092781236eaf26b43aa7730aca3f0b
C,E3XC_L4_B,L4,20240610,B0,1200,2,2,0,0,runs/experiment3_cross_site/site_c_edmonton/E3XC_L4_B/seed20240610/B0,2293d412ce37c854a3a77e4484fb96c3c648b0e38c40c4598d90bfee25cf01c6
C,E3XC_L4_B,L4,20240610,B1,1200,2,2,0,0,runs/experiment3_cross_site/site_c_edmonton/E3XC_L4_B/seed20240610/B1,40448443f442ea1a21f0078284091cea7c8aa5404ddd281f251c0343e12b88d7
C,E3XC_L4_B,L4,20240610,B2,1200,2,2,0,0,runs/experiment3_cross_site/site_c_edmonton/E3XC_L4_B/seed20240610/B2,40448443f442ea1a21f0078284091cea7c8aa5404ddd281f251c0343e12b88d7
C,E3XC_L4_B,L4,20240610,B4b,1200,2,2,0,0,runs/experiment3_cross_site/site_c_edmonton/E3XC_L4_B/seed20240610/B4b,40448443f442ea1a21f0078284091cea7c8aa5404ddd281f251c0343e12b88d7
C,E3XC_L4_B,L4,20240611,B0,1200,2,2,0,0,runs/experiment3_cross_site/site_c_edmonton/E3XC_L4_B/seed20240611/B0,359a0994216818c1bcc876aa09be129265377c2f805c98a55ce5e993f6997657
C,E3XC_L4_B,L4,20240611,B1,1200,2,2,0,0,runs/experiment3_cross_site/site_c_edmonton/E3XC_L4_B/seed20240611/B1,f061597809fce321439301d0074396013dc0ac471c1a0b6c1531f83266bcbddf
C,E3XC_L4_B,L4,20240611,B2,1200,2,2,0,0,runs/experiment3_cross_site/site_c_edmonton/E3XC_L4_B/seed20240611/B2,f061597809fce321439301d0074396013dc0ac471c1a0b6c1531f83266bcbddf
C,E3XC_L4_B,L4,20240611,B4b,1200,2,2,0,0,runs/experiment3_cross_site/site_c_edmonton/E3XC_L4_B/seed20240611/B4b,f061597809fce321439301d0074396013dc0ac471c1a0b6c1531f83266bcbddf
C,E3XC_L4_B,L4,20240612,B0,1200,2,2,0,0,runs/experiment3_cross_site/site_c_edmonton/E3XC_L4_B/seed20240612/B0,dd12577a97a561aa367c21bdad52c700964b5d5c6f464f43d32570b6613a0ce6
C,E3XC_L4_B,L4,20240612,B1,1200,2,2,0,0,runs/experiment3_cross_site/site_c_edmonton/E3XC_L4_B/seed20240612/B1,d41d95d2e72940cad3629afdff3d59384fef31c558e31a738dc299c5eb937b6c
C,E3XC_L4_B,L4,20240612,B2,1200,2,2,0,0,runs/experiment3_cross_site/site_c_edmonton/E3XC_L4_B/seed20240612/B2,d41d95d2e72940cad3629afdff3d59384fef31c558e31a738dc299c5eb937b6c
C,E3XC_L4_B,L4,20240612,B4b,1200,2,2,0,0,runs/experiment3_cross_site/site_c_edmonton/E3XC_L4_B/seed20240612/B4b,f2ad3edbf37afde011521959435640f7e6079936a9110a74220c7c8a2cecd825
C,E3XC_L4_B,L4,20240613,B0,1200,2,2,0,0,runs/experiment3_cross_site/site_c_edmonton/E3XC_L4_B/seed20240613/B0,75c327e9027ffdb8d4cbcf16854514355cba1d36fb8675973453c7408f87c76e
C,E3XC_L4_B,L4,20240613,B1,1200,2,2,0,0,runs/experiment3_cross_site/site_c_edmonton/E3XC_L4_B/seed20240613/B1,5e205a9915f1ed2d6be2ce1dbbbc2cc9a6a5ff2d65cf466fcafdeecf5b6577ac
C,E3XC_L4_B,L4,20240613,B2,1200,2,2,0,0,runs/experiment3_cross_site/site_c_edmonton/E3XC_L4_B/seed20240613/B2,5e205a9915f1ed2d6be2ce1dbbbc2cc9a6a5ff2d65cf466fcafdeecf5b6577ac
C,E3XC_L4_B,L4,20240613,B4b,1200,2,2,0,0,runs/experiment3_cross_site/site_c_edmonton/E3XC_L4_B/seed20240613/B4b,5e205a9915f1ed2d6be2ce1dbbbc2cc9a6a5ff2d65cf466fcafdeecf5b6577ac
C,E3XC_L4_B,L4,20240614,B0,1200,2,2,0,0,runs/experiment3_cross_site/site_c_edmonton/E3XC_L4_B/seed20240614/B0,5f1886f0d9a08127fefbd58f918d777726c36c8cdeb4ccf1ee8db8fd6015db08
C,E3XC_L4_B,L4,20240614,B1,1200,2,2,0,0,runs/experiment3_cross_site/site_c_edmonton/E3XC_L4_B/seed20240614/B1,0ca31df217bbbd15c7cceb93d29c0682ca720c6b1ea3ff460e6346a826ee158d
C,E3XC_L4_B,L4,20240614,B2,1200,2,2,0,0,runs/experiment3_cross_site/site_c_edmonton/E3XC_L4_B/seed20240614/B2,0ca31df217bbbd15c7cceb93d29c0682ca720c6b1ea3ff460e6346a826ee158d
C,E3XC_L4_B,L4,20240614,B4b,1200,2,2,0,0,runs/experiment3_cross_site/site_c_edmonton/E3XC_L4_B/seed20240614/B4b,0ca31df217bbbd15c7cceb93d29c0682ca720c6b1ea3ff460e6346a826ee158d
C,E3XC_L4_B,L4,20240615,B0,1200,2,2,0,0,runs/experiment3_cross_site/site_c_edmonton/E3XC_L4_B/seed20240615/B0,406cf7a5d78e6444fa02ee74f37af4118fd014e5b8dec913cfd81bd6056ed714
C,E3XC_L4_B,L4,20240615,B1,1200,2,2,0,0,runs/experiment3_cross_site/site_c_edmonton/E3XC_L4_B/seed20240615/B1,d385a2086323219ba2f1159334800302a55083ffe65e6a7f847e9cb4476cf456
C,E3XC_L4_B,L4,20240615,B2,1200,2,2,0,0,runs/experiment3_cross_site/site_c_edmonton/E3XC_L4_B/seed20240615/B2,d385a2086323219ba2f1159334800302a55083ffe65e6a7f847e9cb4476cf456
C,E3XC_L4_B,L4,20240615,B4b,1200,2,2,0,0,runs/experiment3_cross_site/site_c_edmonton/E3XC_L4_B/seed20240615/B4b,d385a2086323219ba2f1159334800302a55083ffe65e6a7f847e9cb4476cf456
C,E3XC_L4_B,L4,20240616,B0,1200,2,2,0,0,runs/experiment3_cross_site/site_c_edmonton/E3XC_L4_B/seed20240616/B0,543ee3bc208db195c38b58ccc010553622f40dfe6ea1e044caadf89356e4a910
C,E3XC_L4_B,L4,20240616,B1,1200,2,2,0,0,runs/experiment3_cross_site/site_c_edmonton/E3XC_L4_B/seed20240616/B1,8cade4103fbc9e5d705304210e6f85c3deca3e55d056d27af0dd1c5c15031eab
C,E3XC_L4_B,L4,20240616,B2,1200,2,2,0,0,runs/experiment3_cross_site/site_c_edmonton/E3XC_L4_B/seed20240616/B2,8cade4103fbc9e5d705304210e6f85c3deca3e55d056d27af0dd1c5c15031eab
C,E3XC_L4_B,L4,20240616,B4b,1200,2,2,0,0,runs/experiment3_cross_site/site_c_edmonton/E3XC_L4_B/seed20240616/B4b,8cade4103fbc9e5d705304210e6f85c3deca3e55d056d27af0dd1c5c15031eab
C,E3XC_L4_B,L4,20240617,B0,1200,2,2,0,0,runs/experiment3_cross_site/site_c_edmonton/E3XC_L4_B/seed20240617/B0,e28a264cfd5ba52ae6019c1332b94ab58168eb8268b3efcbeaa5dac178685388
C,E3XC_L4_B,L4,20240617,B1,1200,2,2,0,0,runs/experiment3_cross_site/site_c_edmonton/E3XC_L4_B/seed20240617/B1,9c8c1c308091e012834b6a73c8d457eb3b45fa55535478d9766f71288e93e549
C,E3XC_L4_B,L4,20240617,B2,1200,2,2,0,0,runs/experiment3_cross_site/site_c_edmonton/E3XC_L4_B/seed20240617/B2,9c8c1c308091e012834b6a73c8d457eb3b45fa55535478d9766f71288e93e549
C,E3XC_L4_B,L4,20240617,B4b,1200,2,2,0,0,runs/experiment3_cross_site/site_c_edmonton/E3XC_L4_B/seed20240617/B4b,9c8c1c308091e012834b6a73c8d457eb3b45fa55535478d9766f71288e93e549
C,E3XC_L4_B,L4,20240618,B0,1200,2,2,0,0,runs/experiment3_cross_site/site_c_edmonton/E3XC_L4_B/seed20240618/B0,ae7b63ce917e74e3c8ff7c3fac6c30a3270551e09f260ad0f1059e7e806c7c1b
C,E3XC_L4_B,L4,20240618,B1,1200,2,2,0,0,runs/experiment3_cross_site/site_c_edmonton/E3XC_L4_B/seed20240618/B1,01de21ed6bedfa77dbc38031020f1f0d1efa3457c3d49a52ea8c52060d190a9d
C,E3XC_L4_B,L4,20240618,B2,1200,2,2,0,0,runs/experiment3_cross_site/site_c_edmonton/E3XC_L4_B/seed20240618/B2,01de21ed6bedfa77dbc38031020f1f0d1efa3457c3d49a52ea8c52060d190a9d
C,E3XC_L4_B,L4,20240618,B4b,1200,2,2,0,0,runs/experiment3_cross_site/site_c_edmonton/E3XC_L4_B/seed20240618/B4b,01de21ed6bedfa77dbc38031020f1f0d1efa3457c3d49a52ea8c52060d190a9d
C,E3XC_L4_B,L4,20240619,B0,1200,2,2,0,0,runs/experiment3_cross_site/site_c_edmonton/E3XC_L4_B/seed20240619/B0,8d3b5262f584f67cd828a76a2f457bc9cff338627df1a2d52c9e35233f40784c
C,E3XC_L4_B,L4,20240619,B1,1200,2,2,0,0,runs/experiment3_cross_site/site_c_edmonton/E3XC_L4_B/seed20240619/B1,ca02ae44789934452eca0871a86f28fb268f3c3cf727ddb15d1a6c9f15600731
C,E3XC_L4_B,L4,20240619,B2,1200,2,2,0,0,runs/experiment3_cross_site/site_c_edmonton/E3XC_L4_B/seed20240619/B2,ca02ae44789934452eca0871a86f28fb268f3c3cf727ddb15d1a6c9f15600731
C,E3XC_L4_B,L4,20240619,B4b,1200,2,2,0,0,runs/experiment3_cross_site/site_c_edmonton/E3XC_L4_B/seed20240619/B4b,ca02ae44789934452eca0871a86f28fb268f3c3cf727ddb15d1a6c9f15600731
C,E3XC_L4_B,L4,20240620,B0,1200,2,2,0,0,runs/experiment3_cross_site/site_c_edmonton/E3XC_L4_B/seed20240620/B0,20385234b85f786d988d206b380c37cec516a3b007695760454f6daa8c310b19
C,E3XC_L4_B,L4,20240620,B1,1200,2,2,0,0,runs/experiment3_cross_site/site_c_edmonton/E3XC_L4_B/seed20240620/B1,0dc91aedec10b0d86d04e844f7b782301d65f0675d1a33a51f54cfbf00705f44
C,E3XC_L4_B,L4,20240620,B2,1200,2,2,0,0,runs/experiment3_cross_site/site_c_edmonton/E3XC_L4_B/seed20240620/B2,0dc91aedec10b0d86d04e844f7b782301d65f0675d1a33a51f54cfbf00705f44
C,E3XC_L4_B,L4,20240620,B4b,1200,2,2,0,0,runs/experiment3_cross_site/site_c_edmonton/E3XC_L4_B/seed20240620/B4b,0dc91aedec10b0d86d04e844f7b782301d65f0675d1a33a51f54cfbf00705f44
