t,sim_time_s,aircraft_id,type,lat,lon,alt_m,status,mission_id,dest
1,1,EVTOL-01,EC35,31.3019363,120.5985366,199.9,BUSY,M-P-001,V1
1,1,L-UAV-01,AMZN,31.3004745,120.5981401,100.0,BUSY,M-L-001,V3
1,1,M-UAV-01,M600,31.3108767,120.6039862,98.5,AVAILABLE,,
1,1,M-UAV-02,M600,31.2971716,120.5956323,98.5,AVAILABLE,,
2,2,EVTOL-01,EC35,31.3022586,120.5987330,199.9,BUSY,M-P-001,V1
2,2,L-UAV-01,AMZN,31.3005884,120.5982265,100.0,BUSY,M-L-001,V3
2,2,M-UAV-01,M600,31.3108767,120.6039862,95.4,AVAILABLE,,
2,2,M-UAV-02,M600,31.2971716,120.5956323,95.4,AVAILABLE,,
3,3,EVTOL-01,EC35,31.3025809,120.5989295,199.9,BUSY,M-P-001,V1
3,3,L-UAV-01,AMZN,31.3007023,120.5983130,100.0,BUSY,M-L-001,V3
3,3,M-UAV-01,M600,31.3108767,120.6039862,90.8,AVAILABLE,,
3,3,M-UAV-02,M600,31.2971716,120.5956323,90.8,AVAILABLE,,
4,4,EVTOL-01,EC35,31.3029032,120.5991259,199.9,BUSY,M-P-001,V1
4,4,L-UAV-01,AMZN,31.3008162,120.5983994,100.0,BUSY,M-L-001,V3
4,4,M-UAV-01,M600,31.3108767,120.6039862,84.7,AVAILABLE,,
4,4,M-UAV-02,M600,31.2971716,120.5956323,84.7,AVAILABLE,,
5,5,EVTOL-01,EC35,31.3032256,120.5993224,199.9,BUSY,M-P-001,V1
5,5,L-UAV-01,AMZN,31.3009300,120.5984859,100.0,BUSY,M-L-001,V3
5,5,M-UAV-01,M600,31.3108767,120.6039862,77.1,AVAILABLE,,
5,5,M-UAV-02,M600,31.2971716,120.5956323,77.1,AVAILABLE,,
6,6,EVTOL-01,EC35,31.3035479,120.5995188,199.9,BUSY,M-P-001,V1
6,6,L-UAV-01,AMZN,31.3010439,120.5985724,100.0,BUSY,M-L-001,V3
6,6,M-UAV-01,M600,31.3108767,120.6039862,69.5,AVAILABLE,,
6,6,M-UAV-02,M600,31.2971716,120.5956323,69.5,AVAILABLE,,
7,7,EVTOL-01,EC35,31.3038702,120.5997153,199.9,BUSY,M-P-001,V1
7,7,L-UAV-01,AMZN,31.3011578,120.5986588,100.0,BUSY,M-L-001,V3
7,7,M-UAV-01,M600,31.3108767,120.6039862,61.9,AVAILABLE,,
7,7,M-UAV-02,M600,31.2971716,120.5956323,61.9,AVAILABLE,,
8,8,EVTOL-01,EC35,31.3041925,120.5999117,199.9,BUSY,M-P-001,V1
8,8,L-UAV-01,AMZN,31.3012717,120.5987453,100.0,BUSY,M-L-001,V3
8,8,M-UAV-01,M600,31.3108767,120.6039862,54.3,AVAILABLE,,
8,8,M-UAV-02,M600,31.2971716,120.5956323,54.3,AVAILABLE,,
9,9,EVTOL-01,EC35,31.3045148,120.6001082,199.9,BUSY,M-P-001,V1
9,9,L-UAV-01,AMZN,31.3013856,120.5988317,100.0,BUSY,M-L-001,V3
9,9,M-UAV-01,M600,31.3108767,120.6039862,46.6,AVAILABLE,,
9,9,M-UAV-02,M600,31.2971716,120.5956323,46.6,AVAILABLE,,
10,10,EVTOL-01,EC35,31.3048372,120.6003047,199.9,BUSY,M-P-001,V1
10,10,L-UAV-01,AMZN,31.3014994,120.5989182,100.0,BUSY,M-L-001,V3
10,10,M-UAV-01,M600,31.3108767,120.6039862,39.0,AVAILABLE,,
10,10,M-UAV-02,M600,31.2971716,120.5956323,39.0,AVAILABLE,,
11,11,EVTOL-01,EC35,31.3051595,120.6005011,199.9,BUSY,M-P-001,V1
11,11,L-UAV-01,AMZN,31.3016133,120.5990047,100.0,BUSY,M-L-001,V3
11,11,M-UAV-01,M600,31.3108767,120.6039862,31.4,AVAILABLE,,
11,11,M-UAV-02,M600,31.2971716,120.5956323,31.4,AVAILABLE,,
12,12,EVTOL-01,EC35,31.3054818,120.6006976,199.9,BUSY,M-P-001,V1
12,12,L-UAV-01,AMZN,31.3017272,120.5990911,100.0,BUSY,M-L-001,V3
12,12,M-UAV-01,M600,31.3108767,120.6039862,30.5,AVAILABLE,,
12,12,M-UAV-02,M600,31.2971716,120.5956323,30.5,AVAILABLE,,
13,13,EVTOL-01,EC35,31.3058041,120.6008940,199.9,BUSY,M-P-001,V1
13,13,L-UAV-01,AMZN,31.3018411,120.5991776,100.0,BUSY,M-L-001,V3
13,13,M-UAV-01,M600,31.3108767,120.6039862,30.5,AVAILABLE,,
13,13,M-UAV-02,M600,31.2971716,120.5956323,30.5,AVAILABLE,,
14,14,EVTOL-01,EC35,31.3061264,120.6010905,199.9,BUSY,M-P-001,V1
14,14,L-UAV-01,AMZN,31.3019550,120.5992640,100.0,BUSY,M-L-001,V3
14,14,M-UAV-01,M600,31.3108767,120.6039862,30.5,AVAILABLE,,
14,14,M-UAV-02,M600,31.2971716,120.5956323,30.5,AVAILABLE,,
15,15,EVTOL-01,EC35,31.3064487,120.6012870,199.9,BUSY,M-P-001,V1
15,15,L-UAV-01,AMZN,31.3020689,120.5993505,100.0,BUSY,M-L-001,V3
15,15,M-UAV-01,M600,31.3108767,120.6039862,30.5,AVAILABLE,,
15,15,M-UAV-02,M600,31.2971716,120.5956323,30.5,AVAILABLE,,
16,16,EVTOL-01,EC35,31.3067711,120.6014834,199.9,BUSY,M-P-001,V1
16,16,L-UAV-01,AMZN,31.3021827,120.5994370,100.0,BUSY,M-L-001,V3
16,16,M-UAV-01,M600,31.3108767,120.6039862,30.5,AVAILABLE,,
16,16,M-UAV-02,M600,31.2971716,120.5956323,30.5,AVAILABLE,,
17,17,EVTOL-01,EC35,31.3070934,120.6016799,199.9,BUSY,M-P-001,V1
17,17,L-UAV-01,AMZN,31.3022966,120.5995234,100.0,BUSY,M-L-001,V3
17,17,M-UAV-01,M600,31.3108767,120.6039862,30.5,AVAILABLE,,
17,17,M-UAV-02,M600,31.2971716,120.5956323,30.5,AVAILABLE,,
18,18,EVTOL-01,EC35,31.3074157,120.6018764,199.9,BUSY,M-P-001,V1
18,18,L-UAV-01,AMZN,31.3024105,120.5996099,100.0,BUSY,M-L-001,V3
18,18,M-UAV-01,M600,31.3108767,120.6039862,30.5,AVAILABLE,,
18,18,M-UAV-02,M600,31.2971716,120.5956323,30.5,AVAILABLE,,
19,19,EVTOL-01,EC35,31.3077380,120.6020728,199.9,BUSY,M-P-001,V1
19,19,L-UAV-01,AMZN,31.3025244,120.5996963,100.0,BUSY,M-L-001,V3
19,19,M-UAV-01,M600,31.3108767,120.6039862,30.5,AVAILABLE,,
19,19,M-UAV-02,M600,31.2971716,120.5956323,30.5,AVAILABLE,,
20,20,EVTOL-01,EC35,31.3080603,120.6022693,199.9,BUSY,M-P-001,V1
20,20,L-UAV-01,AMZN,31.3026383,120.5997828,100.0,BUSY,M-L-001,V3
20,20,M-UAV-01,M600,31.3108767,120.6039862,30.5,AVAILABLE,,
20,20,M-UAV-02,M600,31.2971716,120.5956323,30.5,AVAILABLE,,
21,21,EVTOL-01,EC35,31.3083826,120.6024658,199.9,BUSY,M-P-001,V1
21,21,L-UAV-01,AMZN,31.3027521,120.5998693,100.0,BUSY,M-L-001,V3
21,21,M-UAV-01,M600,31.3108767,120.6039862,30.5,AVAILABLE,,
21,21,M-UAV-02,M600,31.2971716,120.5956323,30.5,AVAILABLE,,
22,22,EVTOL-01,EC35,31.3087050,120.6026623,199.9,BUSY,M-P-001,V1
22,22,L-UAV-01,AMZN,31.3028660,120.5999557,100.0,BUSY,M-L-001,V3
22,22,M-UAV-01,M600,31.3108767,120.6039862,30.5,AVAILABLE,,
22,22,M-UAV-02,M600,31.2971716,120.5956323,30.5,AVAILABLE,,
23,23,EVTOL-01,EC35,31.3090273,120.6028587,199.9,BUSY,M-P-001,V1
23,23,L-UAV-01,AMZN,31.3029799,120.6000422,100.0,BUSY,M-L-001,V3
23,23,M-UAV-01,M600,31.3108767,120.6039862,30.5,AVAILABLE,,
23,23,M-UAV-02,M600,31.2971716,120.5956323,30.5,AVAILABLE,,
24,24,EVTOL-01,EC35,31.3093496,120.6030552,199.9,BUSY,M-P-001,V1
24,24,L-UAV-01,AMZN,31.3030938,120.6001286,100.0,BUSY,M-L-001,V3
24,24,M-UAV-01,M600,31.3108767,120.6039862,30.5,AVAILABLE,,
24,24,M-UAV-02,M600,31.2971716,120.5956323,30.5,AVAILABLE,,
25,25,EVTOL-01,EC35,31.3096719,120.6032517,199.9,BUSY,M-P-001,V1
25,25,L-UAV-01,AMZN,31.3032077,120.6002151,100.0,BUSY,M-L-001,V3
25,25,M-UAV-01,M600,31.3108767,120.6039862,30.5,AVAILABLE,,
25,25,M-UAV-02,M600,31.2971716,120.5956323,30.5,AVAILABLE,,
26,26,EVTOL-01,EC35,31.3099942,120.6034482,199.9,BUSY,M-P-001,V1
26,26,L-UAV-01,AMZN,31.3033215,120.6003016,100.0,BUSY,M-L-001,V3
26,26,M-UAV-01,M600,31.3108767,120.6039862,30.5,AVAILABLE,,
26,26,M-UAV-02,M600,31.2971716,120.5956323,30.5,AVAILABLE,,
27,27,EVTOL-01,EC35,31.3103165,120.6036446,199.9,BUSY,M-P-001,V2
27,27,L-UAV-01,AMZN,31.3034354,120.6003880,100.0,BUSY,M-L-001,V3
27,27,M-UAV-01,M600,31.3108767,120.6039862,30.5,AVAILABLE,,
27,27,M-UAV-02,M600,31.2971716,120.5956323,30.5,AVAILABLE,,
28,28,EVTOL-01,EC35,31.3106555,120.6037972,199.9,BUSY,M-P-001,V2
28,28,L-UAV-01,AMZN,31.3035493,120.6004745,100.0,BUSY,M-L-001,V3
28,28,M-UAV-01,M600,31.3108767,120.6039862,30.5,AVAILABLE,,
28,28,M-UAV-02,M600,31.2971716,120.5956323,30.5,AVAILABLE,,
29,29,EVTOL-01,EC35,31.3110071,120.6039038,199.9,BUSY,M-P-001,V2
29,29,L-UAV-01,AMZN,31.3036632,120.6005610,100.0,BUSY,M-L-001,V3
29,29,M-UAV-01,M600,31.3108767,120.6039862,30.5,AVAILABLE,,
29,29,M-UAV-02,M600,31.2971716,120.5956323,30.5,AVAILABLE,,
30,30,EVTOL-01,EC35,31.3113667,120.6039634,199.9,BUSY,M-P-001,V2
30,30,L-UAV-01,AMZN,31.3037771,120.6006474,100.0,BUSY,M-L-001,V3
30,30,M-UAV-01,M600,31.3108767,120.6039862,30.5,AVAILABLE,,
30,30,M-UAV-02,M600,31.2971716,120.5956323,30.5,AVAILABLE,,
31,31,EVTOL-01,EC35,31.3117298,120.6039749,199.9,BUSY,M-P-001,V2
31,31,L-UAV-01,AMZN,31.3038909,120.6007339,100.0,BUSY,M-L-001,V3
31,31,M-UAV-01,M600,31.3108767,120.6039862,30.5,AVAILABLE,,
31,31,M-UAV-02,M600,31.2971716,120.5956323,30.5,AVAILABLE,,
32,32,EVTOL-01,EC35,31.3120916,120.6039384,199.9,BUSY,M-P-001,V2
32,32,L-UAV-01,AMZN,31.3040048,120.6008204,100.0,BUSY,M-L-001,V3
32,32,M-UAV-01,M600,31.3108767,120.6039862,30.5,AVAILABLE,,
32,32,M-UAV-02,M600,31.2971716,120.5956323,30.5,AVAILABLE,,
33,33,EVTOL-01,EC35,31.3124476,120.6038543,199.9,BUSY,M-P-001,V2
33,33,L-UAV-01,AMZN,31.3041187,120.6009068,100.0,BUSY,M-L-001,V3
33,33,M-UAV-01,M600,31.3108767,120.6039862,30.5,AVAILABLE,,
33,33,M-UAV-02,M600,31.2971716,120.5956323,30.5,AVAILABLE,,
34,34,EVTOL-01,EC35,31.3127932,120.6037236,199.9,BUSY,M-P-001,V2
34,34,L-UAV-01,AMZN,31.3042326,120.6009933,100.0,BUSY,M-L-001,V3
34,34,M-UAV-01,M600,31.3108767,120.6039862,30.5,AVAILABLE,,
34,34,M-UAV-02,M600,31.2971716,120.5956323,30.5,AVAILABLE,,
35,35,EVTOL-01,EC35,31.3131240,120.6035480,199.9,BUSY,M-P-001,V2
35,35,L-UAV-01,AMZN,31.3043465,120.6010797,100.0,BUSY,M-L-001,V3
35,35,M-UAV-01,M600,31.3108767,120.6039862,30.5,AVAILABLE,,
35,35,M-UAV-02,M600,31.2971716,120.5956323,30.5,AVAILABLE,,
36,36,EVTOL-01,EC35,31.3134357,120.6033299,199.9,BUSY,M-P-001,V2
36,36,L-UAV-01,AMZN,31.3044603,120.6011662,100.0,BUSY,M-L-001,V3
36,36,M-UAV-01,M600,31.3108767,120.6039862,30.5,AVAILABLE,,
36,36,M-UAV-02,M600,31.2971716,120.5956323,30.5,AVAILABLE,,
37,37,EVTOL-01,EC35,31.3137244,120.6030719,199.9,BUSY,M-P-001,V2
37,37,L-UAV-01,AMZN,31.3045742,120.6012527,100.0,BUSY,M-L-001,V3
37,37,M-UAV-01,M600,31.3108767,120.6039862,30.5,AVAILABLE,,
37,37,M-UAV-02,M600,31.2971716,120.5956323,30.5,AVAILABLE,,
38,38,EVTOL-01,EC35,31.3139863,120.6027773,199.9,BUSY,M-P-001,V2
38,38,L-UAV-01,AMZN,31.3046881,120.6013391,100.0,BUSY,M-L-001,V3
38,38,M-UAV-01,M600,31.3108767,120.6039862,30.5,AVAILABLE,,
38,38,M-UAV-02,M600,31.2971716,120.5956323,30.5,AVAILABLE,,
39,39,EVTOL-01,EC35,31.3142181,120.6024500,199.9,BUSY,M-P-001,V2
39,39,L-UAV-01,AMZN,31.3048020,120.6014256,100.0,BUSY,M-L-001,V3
39,39,M-UAV-01,M600,31.3108767,120.6039862,30.5,AVAILABLE,,
39,39,M-UAV-02,M600,31.2971716,120.5956323,30.5,AVAILABLE,,
40,40,EVTOL-01,EC35,31.3144168,120.6020942,199.9,BUSY,M-P-001,V2
40,40,L-UAV-01,AMZN,31.3049159,120.6015121,100.0,BUSY,M-L-001,V3
40,40,M-UAV-01,M600,31.3108767,120.6039862,30.5,AVAILABLE,,
40,40,M-UAV-02,M600,31.2971716,120.5956323,30.5,AVAILABLE,,
41,41,EVTOL-01,EC35,31.3145799,120.6017143,199.9,BUSY,M-P-001,V2
41,41,L-UAV-01,AMZN,31.3050297,120.6015985,100.0,BUSY,M-L-001,V3
41,41,M-UAV-01,M600,31.3108767,120.6039862,30.5,AVAILABLE,,
41,41,M-UAV-02,M600,31.2971716,120.5956323,30.5,AVAILABLE,,
42,42,EVTOL-01,EC35,31.3147052,120.6013154,199.9,BUSY,M-P-001,V2
42,42,L-UAV-01,AMZN,31.3051436,120.6016850,100.0,BUSY,M-L-001,V3
42,42,M-UAV-01,M600,31.3108767,120.6039862,30.5,AVAILABLE,,
42,42,M-UAV-02,M600,31.2971716,120.5956323,30.5,AVAILABLE,,
43,43,EVTOL-01,EC35,31.3147913,120.6009024,199.9,BUSY,M-P-001,V2
43,43,L-UAV-01,AMZN,31.3052575,120.6017715,100.0,BUSY,M-L-001,V3
43,43,M-UAV-01,M600,31.3108767,120.6039862,30.5,AVAILABLE,,
43,43,M-UAV-02,M600,31.2971716,120.5956323,30.5,AVAILABLE,,
44,44,EVTOL-01,EC35,31.3148369,120.6004806,199.9,BUSY,M-P-001,V2
44,44,L-UAV-01,AMZN,31.3053714,120.6018579,100.0,BUSY,M-L-001,V3
44,44,M-UAV-01,M600,31.3108767,120.6039862,30.5,AVAILABLE,,
44,44,M-UAV-02,M600,31.2971716,120.5956323,30.5,AVAILABLE,,
45,45,EVTOL-01,EC35,31.3148416,120.6000555,199.9,BUSY,M-P-001,V2
45,45,L-UAV-01,AMZN,31.3054853,120.6019444,100.0,BUSY,M-L-001,V3
45,45,M-UAV-01,M600,31.3108767,120.6039862,30.5,AVAILABLE,,
45,45,M-UAV-02,M600,31.2971716,120.5956323,30.5,AVAILABLE,,
46,46,EVTOL-01,EC35,31.3148051,120.5996325,199.9,BUSY,M-P-001,V2
46,46,L-UAV-01,AMZN,31.3055991,120.6020309,100.0,BUSY,M-L-001,V3
46,46,M-UAV-01,M600,31.3108767,120.6039862,30.5,AVAILABLE,,
46,46,M-UAV-02,M600,31.2971716,120.5956323,30.5,AVAILABLE,,
47,47,EVTOL-01,EC35,31.3147281,120.5992171,199.9,BUSY,M-P-001,V2
47,47,L-UAV-01,AMZN,31.3057130,120.6021173,100.0,BUSY,M-L-001,V3
47,47,M-UAV-01,M600,31.3108767,120.6039862,30.5,AVAILABLE,,
47,47,M-UAV-02,M600,31.2971716,120.5956323,30.5,AVAILABLE,,
48,48,EVTOL-01,EC35,31.3146115,120.5988145,199.9,BUSY,M-P-001,V2
48,48,L-UAV-01,AMZN,31.3058269,120.6022038,100.0,BUSY,M-L-001,V2
48,48,M-UAV-01,M600,31.3108767,120.6039862,30.5,AVAILABLE,,
48,48,M-UAV-02,M600,31.2971716,120.5956323,30.5,AVAILABLE,,
49,49,EVTOL-01,EC35,31.3144567,120.5984299,199.9,BUSY,M-P-001,V2
49,49,L-UAV-01,AMZN,31.3059575,120.6022464,100.0,BUSY,M-L-001,V2
49,49,M-UAV-01,M600,31.3108767,120.6039862,30.5,AVAILABLE,,
49,49,M-UAV-02,M600,31.2971716,120.5956323,30.5,AVAILABLE,,
50,50,EVTOL-01,EC35,31.3142658,120.5980682,199.9,BUSY,M-P-001,V2
50,50,L-UAV-01,AMZN,31.3060929,120.6022415,100.0,BUSY,M-L-001,V2
50,50,M-UAV-01,M600,31.3108767,120.6039862,30.5,AVAILABLE,,
50,50,M-UAV-02,M600,31.2971716,120.5956323,30.5,AVAILABLE,,
51,51,EVTOL-01,EC35,31.3140412,120.5977341,199.9,BUSY,M-P-001,V2
51,51,L-UAV-01,AMZN,31.3062210,120.6021894,100.0,BUSY,M-L-001,V2
51,51,M-UAV-01,M600,31.3108767,120.6039862,30.5,AVAILABLE,,
51,51,M-UAV-02,M600,31.2971716,120.5956323,30.5,AVAILABLE,,
52,52,EVTOL-01,EC35,31.3137859,120.5974319,199.9,BUSY,M-P-001,V2
52,52,L-UAV-01,AMZN,31.3063298,120.6020949,100.0,BUSY,M-L-001,V2
52,52,M-UAV-01,M600,31.3108767,120.6039862,30.5,AVAILABLE,,
52,52,M-UAV-02,M600,31.2971716,120.5956323,30.5,AVAILABLE,,
53,53,EVTOL-01,EC35,31.3135029,120.5971653,199.9,BUSY,M-P-001,V2
53,53,L-UAV-01,AMZN,31.3064096,120.6019666,100.0,BUSY,M-L-001,V2
53,53,M-UAV-01,M600,31.3108767,120.6039862,30.5,AVAILABLE,,
53,53,M-UAV-02,M600,31.2971716,120.5956323,30.5,AVAILABLE,,
54,54,EVTOL-01,EC35,31.3131961,120.5969379,199.9,BUSY,M-P-001,V2
54,54,L-UAV-01,AMZN,31.3064530,120.6018163,100.0,BUSY,M-L-001,V2
54,54,M-UAV-01,M600,31.3108767,120.6039862,30.5,AVAILABLE,,
54,54,M-UAV-02,M600,31.2971716,120.5956323,30.5,AVAILABLE,,
55,55,EVTOL-01,EC35,31.3128692,120.5967525,199.9,BUSY,M-P-001,V2
55,55,L-UAV-01,AMZN,31.3064561,120.6016577,100.0,BUSY,M-L-001,V2
55,55,M-UAV-01,M600,31.3108767,120.6039862,30.5,AVAILABLE,,
55,55,M-UAV-02,M600,31.2971716,120.5956323,30.5,AVAILABLE,,
56,56,EVTOL-01,EC35,31.3125266,120.5966116,199.9,BUSY,M-P-001,V2
56,56,L-UAV-01,AMZN,31.3064185,120.6015053,100.0,BUSY,M-L-001,V2
56,56,M-UAV-01,M600,31.3108767,120.6039862,30.5,AVAILABLE,,
56,56,M-UAV-02,M600,31.2971716,120.5956323,30.5,AVAILABLE,,
57,57,EVTOL-01,EC35,31.3121725,120.5965168,199.9,BUSY,M-P-001,V2
57,57,L-UAV-01,AMZN,31.3063437,120.6013729,100.0,BUSY,M-L-001,V2
57,57,M-UAV-01,M600,31.3108767,120.6039862,30.5,AVAILABLE,,
57,57,M-UAV-02,M600,31.2971716,120.5956323,30.5,AVAILABLE,,
58,58,EVTOL-01,EC35,31.3118116,120.5964695,199.9,BUSY,M-P-001,V2
58,58,L-UAV-01,AMZN,31.3062386,120.6012728,100.0,BUSY,M-L-001,V2
58,58,M-UAV-01,M600,31.3108767,120.6039862,30.5,AVAILABLE,,
58,58,M-UAV-02,M600,31.2971716,120.5956323,30.5,AVAILABLE,,
59,59,EVTOL-01,EC35,31.3114488,120.5964488,199.9,BUSY,M-P-001,V2
59,59,L-UAV-01,AMZN,31.3061189,120.6011983,100.0,BUSY,M-L-001,V2
59,59,M-UAV-01,M600,31.3108767,120.6039862,30.5,AVAILABLE,,
59,59,M-UAV-02,M600,31.2971716,120.5956323,30.5,AVAILABLE,,
60,60,EVTOL-01,EC35,31.3110861,120.5964280,199.9,BUSY,M-P-001,V2
60,60,L-UAV-01,AMZN,31.3059992,120.6011239,100.0,BUSY,M-L-001,V2
60,60,M-UAV-01,M600,31.3108767,120.6039862,30.5,AVAILABLE,,
60,60,M-UAV-02,M600,31.2971716,120.5956323,30.5,AVAILABLE,,
61,61,EVTOL-01,EC35,31.3107233,120.5964073,199.9,BUSY,M-P-001,V2
61,61,L-UAV-01,AMZN,31.3058795,120.6010494,100.0,BUSY,M-L-001,V2
61,61,M-UAV-01,M600,31.3108767,120.6039862,30.5,AVAILABLE,,
61,61,M-UAV-02,M600,31.2971716,120.5956323,30.5,AVAILABLE,,
62,62,EVTOL-01,EC35,31.3103606,120.5963865,199.9,BUSY,M-P-001,V2
62,62,L-UAV-01,AMZN,31.3057598,120.6009750,100.0,BUSY,M-L-001,V2
62,62,M-UAV-01,M600,31.3108767,120.6039862,30.5,AVAILABLE,,
62,62,M-UAV-02,M600,31.2971716,120.5956323,30.5,AVAILABLE,,
63,63,EVTOL-01,EC35,31.3099978,120.5963658,199.9,BUSY,M-P-001,V2
63,63,L-UAV-01,AMZN,31.3056401,120.6009005,100.0,BUSY,M-L-001,V2
63,63,M-UAV-01,M600,31.3108767,120.6039862,30.5,AVAILABLE,,
63,63,M-UAV-02,M600,31.2971716,120.5956323,30.5,AVAILABLE,,
64,64,EVTOL-01,EC35,31.3096351,120.5963450,199.9,BUSY,M-P-001,V2
64,64,L-UAV-01,AMZN,31.3055204,120.6008260,100.0,BUSY,M-L-001,V2
64,64,M-UAV-01,M600,31.3108767,120.6039862,30.5,AVAILABLE,,
64,64,M-UAV-02,M600,31.2971716,120.5956323,30.5,AVAILABLE,,
65,65,EVTOL-01,EC35,31.3092723,120.5963243,199.9,BUSY,M-P-001,V2
65,65,L-UAV-01,AMZN,31.3054008,120.6007516,100.0,BUSY,M-L-001,V2
65,65,M-UAV-01,M600,31.3108767,120.6039862,30.5,AVAILABLE,,
65,65,M-UAV-02,M600,31.2971716,120.5956323,30.5,AVAILABLE,,
66,66,EVTOL-01,EC35,31.3089095,120.5963035,199.9,BUSY,M-P-001,V2
66,66,L-UAV-01,AMZN,31.3052811,120.6006771,100.0,BUSY,M-L-001,V2
66,66,M-UAV-01,M600,31.3108767,120.6039862,30.5,AVAILABLE,,
66,66,M-UAV-02,M600,31.2971716,120.5956323,30.5,AVAILABLE,,
67,67,EVTOL-01,EC35,31.3085468,120.5962828,199.9,BUSY,M-P-001,V2
67,67,L-UAV-01,AMZN,31.3051614,120.6006026,100.0,BUSY,M-L-001,V2
67,67,M-UAV-01,M600,31.3108767,120.6039862,30.5,AVAILABLE,,
67,67,M-UAV-02,M600,31.2971716,120.5956323,30.5,AVAILABLE,,
68,68,EVTOL-01,EC35,31.3081840,120.5962620,199.9,BUSY,M-P-001,V2
68,68,L-UAV-01,AMZN,31.3050417,120.6005282,100.0,BUSY,M-L-001,V2
68,68,M-UAV-01,M600,31.3108767,120.6039862,30.5,AVAILABLE,,
68,68,M-UAV-02,M600,31.2971716,120.5956323,30.5,AVAILABLE,,
69,69,EVTOL-01,EC35,31.3078213,120.5962413,199.9,BUSY,M-P-001,V2
69,69,L-UAV-01,AMZN,31.3049220,120.6004537,100.0,BUSY,M-L-001,V2
69,69,M-UAV-01,M600,31.3108767,120.6039862,30.5,AVAILABLE,,
69,69,M-UAV-02,M600,31.2971716,120.5956323,30.5,AVAILABLE,,
70,70,EVTOL-01,EC35,31.3074585,120.5962206,199.9,BUSY,M-P-001,V2
70,70,L-UAV-01,AMZN,31.3048023,120.6003792,100.0,BUSY,M-L-001,V2
70,70,M-UAV-01,M600,31.3108767,120.6039862,30.5,AVAILABLE,,
70,70,M-UAV-02,M600,31.2971716,120.5956323,30.5,AVAILABLE,,
71,71,EVTOL-01,EC35,31.3070957,120.5961998,199.9,BUSY,M-P-001,V2
71,71,L-UAV-01,AMZN,31.3046826,120.6003048,100.0,BUSY,M-L-001,V2
71,71,M-UAV-01,M600,31.3108767,120.6039862,30.5,AVAILABLE,,
71,71,M-UAV-02,M600,31.2971716,120.5956323,30.5,AVAILABLE,,
72,72,EVTOL-01,EC35,31.3067330,120.5961791,199.9,BUSY,M-P-001,V2
72,72,L-UAV-01,AMZN,31.3045629,120.6002303,100.0,BUSY,M-L-001,V2
72,72,M-UAV-01,M600,31.3108767,120.6039862,30.5,AVAILABLE,,
72,72,M-UAV-02,M600,31.2971716,120.5956323,30.5,AVAILABLE,,
73,73,EVTOL-01,EC35,31.3063702,120.5961583,199.9,BUSY,M-P-001,V2
73,73,L-UAV-01,AMZN,31.3044433,120.6001559,100.0,BUSY,M-L-001,V2
73,73,M-UAV-01,M600,31.3108767,120.6039862,30.5,AVAILABLE,,
73,73,M-UAV-02,M600,31.2971716,120.5956323,30.5,AVAILABLE,,
74,74,EVTOL-01,EC35,31.3060075,120.5961376,199.9,BUSY,M-P-001,V2
74,74,L-UAV-01,AMZN,31.3043236,120.6000814,100.0,BUSY,M-L-001,V2
74,74,M-UAV-01,M600,31.3108767,120.6039862,30.5,AVAILABLE,,
74,74,M-UAV-02,M600,31.2971716,120.5956323,30.5,AVAILABLE,,
75,75,EVTOL-01,EC35,31.3056447,120.5961168,199.9,BUSY,M-P-001,V2
75,75,L-UAV-01,AMZN,31.3042039,120.6000069,100.0,BUSY,M-L-001,V2
75,75,M-UAV-01,M600,31.3108767,120.6039862,30.5,AVAILABLE,,
75,75,M-UAV-02,M600,31.2971716,120.5956323,30.5,AVAILABLE,,
76,76,EVTOL-01,EC35,31.3052820,120.5960961,199.9,BUSY,M-P-001,V2
76,76,L-UAV-01,AMZN,31.3040842,120.5999325,100.0,BUSY,M-L-001,V2
76,76,M-UAV-01,M600,31.3108767,120.6039862,30.5,AVAILABLE,,
76,76,M-UAV-02,M600,31.2971716,120.5956323,30.5,AVAILABLE,,
77,77,EVTOL-01,EC35,31.3049192,120.5960753,199.9,BUSY,M-P-001,V2
77,77,L-UAV-01,AMZN,31.3039645,120.5998580,100.0,BUSY,M-L-001,V2
77,77,M-UAV-01,M600,31.3108767,120.6039862,30.5,AVAILABLE,,
77,77,M-UAV-02,M600,31.2971716,120.5956323,30.5,AVAILABLE,,
78,78,EVTOL-01,EC35,31.3045564,120.5960546,199.9,BUSY,M-P-001,V2
78,78,L-UAV-01,AMZN,31.3038448,120.5997836,100.0,BUSY,M-L-001,V2
78,78,M-UAV-01,M600,31.3108767,120.6039862,30.5,AVAILABLE,,
78,78,M-UAV-02,M600,31.2971716,120.5956323,30.5,AVAILABLE,,
79,79,EVTOL-01,EC35,31.3041937,120.5960339,199.9,BUSY,M-P-001,V2
79,79,L-UAV-01,AMZN,31.3037251,120.5997091,100.0,BUSY,M-L-001,V2
79,79,M-UAV-01,M600,31.3108767,120.6039862,30.5,AVAILABLE,,
79,79,M-UAV-02,M600,31.2971716,120.5956323,30.5,AVAILABLE,,
80,80,EVTOL-01,EC35,31.3038309,120.5960131,199.9,BUSY,M-P-001,V2
80,80,L-UAV-01,AMZN,31.3036054,120.5996346,100.0,BUSY,M-L-001,V2
80,80,M-UAV-01,M600,31.3108767,120.6039862,30.5,AVAILABLE,,
80,80,M-UAV-02,M600,31.2971716,120.5956323,30.5,AVAILABLE,,
81,81,EVTOL-01,EC35,31.3034682,120.5959924,199.9,BUSY,M-P-001,V2
81,81,L-UAV-01,AMZN,31.3034857,120.5995602,100.0,BUSY,M-L-001,V2
81,81,M-UAV-01,M600,31.3108767,120.6039862,30.5,AVAILABLE,,
81,81,M-UAV-02,M600,31.2971716,120.5956323,30.5,AVAILABLE,,
82,82,EVTOL-01,EC35,31.3031054,120.5959716,199.9,BUSY,M-P-001,V2
82,82,L-UAV-01,AMZN,31.3033661,120.5994857,100.0,BUSY,M-L-001,V2
82,82,M-UAV-01,M600,31.3108767,120.6039862,30.5,AVAILABLE,,
82,82,M-UAV-02,M600,31.2971716,120.5956323,30.5,AVAILABLE,,
83,83,EVTOL-01,EC35,31.3027427,120.5959509,199.9,BUSY,M-P-001,V2
83,83,L-UAV-01,AMZN,31.3032464,120.5994113,100.0,BUSY,M-L-001,V2
83,83,M-UAV-01,M600,31.3108767,120.6039862,30.5,AVAILABLE,,
83,83,M-UAV-02,M600,31.2971716,120.5956323,30.5,AVAILABLE,,
84,84,EVTOL-01,EC35,31.3023799,120.5959301,199.9,BUSY,M-P-001,V2
84,84,L-UAV-01,AMZN,31.3031267,120.5993368,100.0,BUSY,M-L-001,V2
84,84,M-UAV-01,M600,31.3108767,120.6039862,30.5,AVAILABLE,,
84,84,M-UAV-02,M600,31.2971716,120.5956323,30.5,AVAILABLE,,
85,85,EVTOL-01,EC35,31.3020171,120.5959094,199.9,BUSY,M-P-001,V2
85,85,L-UAV-01,AMZN,31.3030070,120.5992623,100.0,BUSY,M-L-001,V2
85,85,M-UAV-01,M600,31.3108767,120.6039862,30.5,AVAILABLE,,
85,85,M-UAV-02,M600,31.2971716,120.5956323,30.5,AVAILABLE,,
86,86,EVTOL-01,EC35,31.3016544,120.5958886,199.9,BUSY,M-P-001,V2
86,86,L-UAV-01,AMZN,31.3028873,120.5991879,100.0,BUSY,M-L-001,V2
86,86,M-UAV-01,M600,31.3108767,120.6039862,30.5,AVAILABLE,,
86,86,M-UAV-02,M600,31.2971716,120.5956323,30.5,AVAILABLE,,
87,87,EVTOL-01,EC35,31.3012916,120.5958679,199.9,BUSY,M-P-001,V2
87,87,L-UAV-01,AMZN,31.3027676,120.5991134,100.0,BUSY,M-L-001,V2
87,87,M-UAV-01,M600,31.3108767,120.6039862,30.5,AVAILABLE,,
87,87,M-UAV-02,M600,31.2971716,120.5956323,30.5,AVAILABLE,,
88,88,EVTOL-01,EC35,31.3009289,120.5958472,199.9,BUSY,M-P-001,V2
88,88,L-UAV-01,AMZN,31.3026479,120.5990390,100.0,BUSY,M-L-001,V2
88,88,M-UAV-01,M600,31.3108767,120.6039862,30.5,AVAILABLE,,
88,88,M-UAV-02,M600,31.2971716,120.5956323,30.5,AVAILABLE,,
89,89,EVTOL-01,EC35,31.3005661,120.5958264,199.9,BUSY,M-P-001,V2
89,89,L-UAV-01,AMZN,31.3025282,120.5989645,100.0,BUSY,M-L-001,V2
89,89,M-UAV-01,M600,31.3108767,120.6039862,30.5,AVAILABLE,,
89,89,M-UAV-02,M600,31.2971716,120.5956323,30.5,AVAILABLE,,
90,90,EVTOL-01,EC35,31.3002034,120.5958057,199.9,BUSY,M-P-001,V2
90,90,L-UAV-01,AMZN,31.3024085,120.5988900,100.0,BUSY,M-L-001,V2
90,90,M-UAV-01,M600,31.3108767,120.6039862,30.5,AVAILABLE,,
90,90,M-UAV-02,M600,31.2971716,120.5956323,30.5,AVAILABLE,,
91,91,EVTOL-01,EC35,31.2998406,120.5957849,199.9,BUSY,M-P-001,V2
91,91,L-UAV-01,AMZN,31.3022889,120.5988156,100.0,BUSY,M-L-001,V2
91,91,M-UAV-01,M600,31.3108767,120.6039862,30.5,AVAILABLE,,
91,91,M-UAV-02,M600,31.2971716,120.5956323,30.5,AVAILABLE,,
92,92,EVTOL-01,EC35,31.2994778,120.5957642,199.9,BUSY,M-P-001,V2
92,92,L-UAV-01,AMZN,31.3021692,120.5987411,100.0,BUSY,M-L-001,V2
92,92,M-UAV-01,M600,31.3108767,120.6039862,30.5,AVAILABLE,,
92,92,M-UAV-02,M600,31.2971716,120.5956323,30.5,AVAILABLE,,
93,93,EVTOL-01,EC35,31.2991151,120.5957435,199.9,BUSY,M-P-001,V2
93,93,L-UAV-01,AMZN,31.3020495,120.5986667,100.0,BUSY,M-L-001,V2
93,93,M-UAV-01,M600,31.3108767,120.6039862,30.5,AVAILABLE,,
93,93,M-UAV-02,M600,31.2971716,120.5956323,30.5,AVAILABLE,,
94,94,EVTOL-01,EC35,31.2987523,120.5957227,199.9,BUSY,M-P-001,V2
94,94,L-UAV-01,AMZN,31.3019298,120.5985922,100.0,BUSY,M-L-001,V2
94,94,M-UAV-01,M600,31.3108767,120.6039862,30.5,AVAILABLE,,
94,94,M-UAV-02,M600,31.2971716,120.5956323,30.5,AVAILABLE,,
95,95,EVTOL-01,EC35,31.2983896,120.5957020,199.9,BUSY,M-P-001,V2
95,95,L-UAV-01,AMZN,31.3018101,120.5985177,100.0,BUSY,M-L-001,V2
95,95,M-UAV-01,M600,31.3108767,120.6039862,30.5,AVAILABLE,,
95,95,M-UAV-02,M600,31.2971716,120.5956323,30.5,AVAILABLE,,
96,96,EVTOL-01,EC35,31.2980268,120.5956812,199.9,BUSY,M-P-001,V1
96,96,L-UAV-01,AMZN,31.3016904,120.5984433,100.0,BUSY,M-L-001,V2
96,96,M-UAV-01,M600,31.3108767,120.6039862,30.5,AVAILABLE,,
96,96,M-UAV-02,M600,31.2971716,120.5956323,30.5,AVAILABLE,,
97,97,EVTOL-01,EC35,31.2976644,120.5957086,199.9,BUSY,M-P-001,V1
97,97,L-UAV-01,AMZN,31.3015707,120.5983688,100.0,BUSY,M-L-001,V2
97,97,M-UAV-01,M600,31.3108767,120.6039862,30.5,AVAILABLE,,
97,97,M-UAV-02,M600,31.2971716,120.5956323,30.5,AVAILABLE,,
98,98,EVTOL-01,EC35,31.2973069,120.5957837,199.9,BUSY,M-P-001,V1
98,98,L-UAV-01,AMZN,31.3014510,120.5982944,100.0,BUSY,M-L-001,V2
98,98,M-UAV-01,M600,31.3108767,120.6039862,30.5,AVAILABLE,,
98,98,M-UAV-02,M600,31.2971716,120.5956323,30.5,AVAILABLE,,
99,99,EVTOL-01,EC35,31.2969590,120.5959056,199.9,BUSY,M-P-001,V1
99,99,L-UAV-01,AMZN,31.3013313,120.5982199,100.0,BUSY,M-L-001,V2
99,99,M-UAV-01,M600,31.3108767,120.6039862,30.5,AVAILABLE,,
99,99,M-UAV-02,M600,31.2971716,120.5956323,30.5,AVAILABLE,,
100,100,EVTOL-01,EC35,31.2966250,120.5960727,199.9,BUSY,M-P-001,V1
100,100,L-UAV-01,AMZN,31.3012116,120.5981455,100.0,BUSY,M-L-001,V2
100,100,M-UAV-01,M600,31.3108767,120.6039862,30.5,AVAILABLE,,
100,100,M-UAV-02,M600,31.2971716,120.5956323,30.5,AVAILABLE,,
101,101,EVTOL-01,EC35,31.2963094,120.5962829,199.9,BUSY,M-P-001,V1
101,101,L-UAV-01,AMZN,31.3010920,120.5980710,100.0,BUSY,M-L-001,V2
101,101,M-UAV-01,M600,31.3108767,120.6039862,30.5,AVAILABLE,,
101,101,M-UAV-02,M600,31.2971716,120.5956323,30.5,AVAILABLE,,
102,102,EVTOL-01,EC35,31.2960160,120.5965335,199.9,BUSY,M-P-001,V1
102,102,L-UAV-01,AMZN,31.3009723,120.5979966,100.0,BUSY,M-L-001,V2
102,102,M-UAV-01,M600,31.3108767,120.6039862,30.5,AVAILABLE,,
102,102,M-UAV-02,M600,31.2971716,120.5956323,30.5,AVAILABLE,,
103,103,EVTOL-01,EC35,31.2957488,120.5968213,199.9,BUSY,M-P-001,V1
103,103,L-UAV-01,AMZN,31.3008526,120.5979221,100.0,BUSY,M-L-001,V2
103,103,M-UAV-01,M600,31.3108767,120.6039862,30.5,AVAILABLE,,
103,103,M-UAV-02,M600,31.2971716,120.5956323,30.5,AVAILABLE,,
104,104,EVTOL-01,EC35,31.2955110,120.5971426,199.9,BUSY,M-P-001,V1
104,104,L-UAV-01,AMZN,31.3007329,120.5978476,100.0,BUSY,M-L-001,V2
104,104,M-UAV-01,M600,31.3108767,120.6039862,30.5,AVAILABLE,,
104,104,M-UAV-02,M600,31.2971716,120.5956323,30.5,AVAILABLE,,
105,105,EVTOL-01,EC35,31.2953058,120.5974933,199.9,BUSY,M-P-001,V1
105,105,L-UAV-01,AMZN,31.3006132,120.5977732,100.0,BUSY,M-L-001,V2
105,105,M-UAV-01,M600,31.3108767,120.6039862,30.5,AVAILABLE,,
105,105,M-UAV-02,M600,31.2971716,120.5956323,30.5,AVAILABLE,,
106,106,EVTOL-01,EC35,31.2951357,120.5978689,199.9,BUSY,M-P-001,V1
106,106,L-UAV-01,AMZN,31.3004935,120.5976987,100.0,BUSY,M-L-001,V2
106,106,M-UAV-01,M600,31.3108767,120.6039862,30.5,AVAILABLE,,
106,106,M-UAV-02,M600,31.2971716,120.5956323,30.5,AVAILABLE,,
107,107,EVTOL-01,EC35,31.2950030,120.5982645,199.9,BUSY,M-P-001,V1
107,107,L-UAV-01,AMZN,31.3003738,120.5976243,100.0,BUSY,M-L-001,V2
107,107,M-UAV-01,M600,31.3108767,120.6039862,30.5,AVAILABLE,,
107,107,M-UAV-02,M600,31.2971716,120.5956323,30.5,AVAILABLE,,
108,108,EVTOL-01,EC35,31.2949093,120.5986752,199.9,BUSY,M-P-001,V1
108,108,L-UAV-01,AMZN,31.3002541,120.5975498,100.0,BUSY,M-L-001,V2
108,108,M-UAV-01,M600,31.3108767,120.6039862,30.5,AVAILABLE,,
108,108,M-UAV-02,M600,31.2971716,120.5956323,30.5,AVAILABLE,,
109,109,EVTOL-01,EC35,31.2948559,120.5990956,199.9,BUSY,M-P-001,V1
109,109,L-UAV-01,AMZN,31.3001344,120.5974754,100.0,BUSY,M-L-001,V2
109,109,M-UAV-01,M600,31.3108767,120.6039862,30.5,AVAILABLE,,
109,109,M-UAV-02,M600,31.2971716,120.5956323,30.5,AVAILABLE,,
110,110,EVTOL-01,EC35,31.2948435,120.5995203,199.9,BUSY,M-P-001,V1
110,110,L-UAV-01,AMZN,31.3000147,120.5974009,100.0,BUSY,M-L-001,V2
110,110,M-UAV-01,M600,31.3108767,120.6039862,30.5,AVAILABLE,,
110,110,M-UAV-02,M600,31.2971716,120.5956323,30.5,AVAILABLE,,
111,111,EVTOL-01,EC35,31.2948721,120.5999441,199.9,BUSY,M-P-001,V1
111,111,L-UAV-01,AMZN,31.2998951,120.5973265,100.0,BUSY,M-L-001,V2
111,111,M-UAV-01,M600,31.3108767,120.6039862,30.5,AVAILABLE,,
111,111,M-UAV-02,M600,31.2971716,120.5956323,30.5,AVAILABLE,,
112,112,EVTOL-01,EC35,31.2949414,120.6003613,199.9,BUSY,M-P-001,V1
112,112,L-UAV-01,AMZN,31.2997754,120.5972520,100.0,BUSY,M-L-001,V2
112,112,M-UAV-01,M600,31.3108767,120.6039862,30.5,AVAILABLE,,
112,112,M-UAV-02,M600,31.2971716,120.5956323,30.5,AVAILABLE,,
113,113,EVTOL-01,EC35,31.2950506,120.6007666,199.9,BUSY,M-P-001,V1
113,113,L-UAV-01,AMZN,31.2996557,120.5971775,100.0,BUSY,M-L-001,V2
113,113,M-UAV-01,M600,31.3108767,120.6039862,30.5,AVAILABLE,,
113,113,M-UAV-02,M600,31.2971716,120.5956323,30.5,AVAILABLE,,
114,114,EVTOL-01,EC35,31.2951982,120.6011550,199.9,BUSY,M-P-001,V1
114,114,L-UAV-01,AMZN,31.2995360,120.5971031,100.0,BUSY,M-L-001,V2
114,114,M-UAV-01,M600,31.3108767,120.6039862,30.5,AVAILABLE,,
114,114,M-UAV-02,M600,31.2971716,120.5956323,30.5,AVAILABLE,,
115,115,EVTOL-01,EC35,31.2953824,120.6015213,199.9,BUSY,M-P-001,V1
115,115,L-UAV-01,AMZN,31.2994163,120.5970286,100.0,BUSY,M-L-001,V2
115,115,M-UAV-01,M600,31.3108767,120.6039862,30.5,AVAILABLE,,
115,115,M-UAV-02,M600,31.2971716,120.5956323,30.5,AVAILABLE,,
116,116,EVTOL-01,EC35,31.2956008,120.6018609,199.9,BUSY,M-P-001,V1
116,116,L-UAV-01,AMZN,31.2992966,120.5969542,100.0,BUSY,M-L-001,V2
116,116,M-UAV-01,M600,31.3108767,120.6039862,30.5,AVAILABLE,,
116,116,M-UAV-02,M600,31.2971716,120.5956323,30.5,AVAILABLE,,
117,117,EVTOL-01,EC35,31.2958505,120.6021695,199.9,BUSY,M-P-001,V1
117,117,L-UAV-01,AMZN,31.2991769,120.5968797,100.0,BUSY,M-L-001,V2
117,117,M-UAV-01,M600,31.3108767,120.6039862,30.5,AVAILABLE,,
117,117,M-UAV-02,M600,31.2971716,120.5956323,30.5,AVAILABLE,,
118,118,EVTOL-01,EC35,31.2961285,120.6024431,199.9,BUSY,M-P-001,V1
118,118,L-UAV-01,AMZN,31.2990572,120.5968053,100.0,BUSY,M-L-001,V2
118,118,M-UAV-01,M600,31.3108767,120.6039862,30.5,AVAILABLE,,
118,118,M-UAV-02,M600,31.2971716,120.5956323,30.5,AVAILABLE,,
119,119,EVTOL-01,EC35,31.2964311,120.6026782,199.9,BUSY,M-P-001,V1
119,119,L-UAV-01,AMZN,31.2989375,120.5967308,100.0,BUSY,M-L-001,V2
119,119,M-UAV-01,M600,31.3108767,120.6039862,30.5,AVAILABLE,,
119,119,M-UAV-02,M600,31.2971716,120.5956323,30.5,AVAILABLE,,
120,120,EVTOL-01,EC35,31.2967544,120.6028717,199.9,BUSY,M-P-001,V1
120,120,L-UAV-01,AMZN,31.2988178,120.5966564,100.0,BUSY,M-L-001,V2
120,120,M-UAV-01,M600,31.3108767,120.6039862,30.5,AVAILABLE,,
120,120,M-UAV-02,M600,31.2971716,120.5956323,30.5,AVAILABLE,,
121,121,EVTOL-01,EC35,31.2970944,120.6030213,199.9,BUSY,M-P-001,V1
121,121,L-UAV-01,AMZN,31.2986982,120.5965819,100.0,BUSY,M-L-001,V2
121,121,M-UAV-01,M600,31.3108767,120.6039862,30.5,AVAILABLE,,
121,121,M-UAV-02,M600,31.2971716,120.5956323,30.5,AVAILABLE,,
122,122,EVTOL-01,EC35,31.2974466,120.6031249,199.9,BUSY,M-P-001,V1
122,122,L-UAV-01,AMZN,31.2985785,120.5965075,100.0,BUSY,M-L-001,V2
122,122,M-UAV-01,M600,31.3108767,120.6039862,30.5,AVAILABLE,,
122,122,M-UAV-02,M600,31.2971716,120.5956323,30.5,AVAILABLE,,
123,123,EVTOL-01,EC35,31.2978066,120.6031814,199.9,BUSY,M-P-001,V1
123,123,L-UAV-01,AMZN,31.2984588,120.5964330,100.0,BUSY,M-L-001,V2
123,123,M-UAV-01,M600,31.3108767,120.6039862,30.5,AVAILABLE,,
123,123,M-UAV-02,M600,31.2971716,120.5956323,30.5,AVAILABLE,,
124,124,EVTOL-01,EC35,31.2981693,120.6032037,199.9,BUSY,M-P-001,V1
124,124,L-UAV-01,AMZN,31.2983391,120.5963586,100.0,BUSY,M-L-001,V2
124,124,M-UAV-01,M600,31.3108767,120.6039862,30.5,AVAILABLE,,
124,124,M-UAV-02,M600,31.2971716,120.5956323,30.5,AVAILABLE,,
125,125,EVTOL-01,EC35,31.2985320,120.6032260,199.9,BUSY,M-P-001,V1
125,125,L-UAV-01,AMZN,31.2982194,120.5962841,100.0,BUSY,M-L-001,V2
125,125,M-UAV-01,M600,31.3108767,120.6039862,30.5,AVAILABLE,,
125,125,M-UAV-02,M600,31.2971716,120.5956323,30.5,AVAILABLE,,
126,126,EVTOL-01,EC35,31.2988947,120.6032483,199.9,BUSY,M-P-001,V1
126,126,L-UAV-01,AMZN,31.2980997,120.5962097,100.0,BUSY,M-L-001,V2
126,126,M-UAV-01,M600,31.3108767,120.6039862,30.5,AVAILABLE,,
126,126,M-UAV-02,M600,31.2971716,120.5956323,30.5,AVAILABLE,,
127,127,EVTOL-01,EC35,31.2992573,120.6032707,199.9,BUSY,M-P-001,V1
127,127,L-UAV-01,AMZN,31.2979800,120.5961352,100.0,BUSY,M-L-001,V2
127,127,M-UAV-01,M600,31.3108767,120.6039862,30.5,AVAILABLE,,
127,127,M-UAV-02,M600,31.2971716,120.5956323,30.5,AVAILABLE,,
128,128,EVTOL-01,EC35,31.2996200,120.6032930,199.9,BUSY,M-P-001,V1
128,128,L-UAV-01,AMZN,31.2978603,120.5960608,100.0,BUSY,M-L-001,V3
128,128,M-UAV-01,M600,31.3108767,120.6039862,30.5,AVAILABLE,,
128,128,M-UAV-02,M600,31.2971716,120.5956323,30.5,AVAILABLE,,
129,129,EVTOL-01,EC35,31.2999827,120.6033153,199.9,BUSY,M-P-001,V1
129,129,L-UAV-01,AMZN,31.2977271,120.5960316,100.0,BUSY,M-L-001,V3
129,129,M-UAV-01,M600,31.3108767,120.6039862,30.5,AVAILABLE,,
129,129,M-UAV-02,M600,31.2971716,120.5956323,30.5,AVAILABLE,,
130,130,EVTOL-01,EC35,31.3003454,120.6033377,199.9,BUSY,M-P-001,V1
130,130,L-UAV-01,AMZN,31.2975925,120.5960503,100.0,BUSY,M-L-001,V3
130,130,M-UAV-01,M600,31.3108767,120.6039862,30.5,AVAILABLE,,
130,130,M-UAV-02,M600,31.2971716,120.5956323,30.5,AVAILABLE,,
131,131,EVTOL-01,EC35,31.3007081,120.6033600,199.9,BUSY,M-P-001,V1
131,131,L-UAV-01,AMZN,31.2974688,120.5961152,100.0,BUSY,M-L-001,V3
131,131,M-UAV-01,M600,31.3108767,120.6039862,30.5,AVAILABLE,,
131,131,M-UAV-02,M600,31.2971716,120.5956323,30.5,AVAILABLE,,
132,132,EVTOL-01,EC35,31.3010708,120.6033823,199.9,BUSY,M-P-001,V1
132,132,L-UAV-01,AMZN,31.2973674,120.5962204,100.0,BUSY,M-L-001,V3
132,132,M-UAV-01,M600,31.3108767,120.6039862,30.5,AVAILABLE,,
132,132,M-UAV-02,M600,31.2971716,120.5956323,30.5,AVAILABLE,,
133,133,EVTOL-01,EC35,31.3014335,120.6034047,199.9,BUSY,M-P-001,V1
133,133,L-UAV-01,AMZN,31.2972974,120.5963563,100.0,BUSY,M-L-001,V3
133,133,M-UAV-01,M600,31.3108767,120.6039862,30.5,AVAILABLE,,
133,133,M-UAV-02,M600,31.2971716,120.5956323,30.5,AVAILABLE,,
134,134,EVTOL-01,EC35,31.3017962,120.6034270,199.9,BUSY,M-P-001,V1
134,134,L-UAV-01,AMZN,31.2972653,120.5965104,100.0,BUSY,M-L-001,V3
134,134,M-UAV-01,M600,31.3108767,120.6039862,30.5,AVAILABLE,,
134,134,M-UAV-02,M600,31.2971716,120.5956323,30.5,AVAILABLE,,
135,135,EVTOL-01,EC35,31.3021589,120.6034493,199.9,BUSY,M-P-001,V1
135,135,L-UAV-01,AMZN,31.2972741,120.5966687,100.0,BUSY,M-L-001,V3
135,135,M-UAV-01,M600,31.3108767,120.6039862,30.5,AVAILABLE,,
135,135,M-UAV-02,M600,31.2971716,120.5956323,30.5,AVAILABLE,,
136,136,EVTOL-01,EC35,31.3025215,120.6034717,199.9,BUSY,M-P-001,V1
136,136,L-UAV-01,AMZN,31.2973228,120.5968167,100.0,BUSY,M-L-001,V3
136,136,M-UAV-01,M600,31.3108767,120.6039862,30.5,AVAILABLE,,
136,136,M-UAV-02,M600,31.2971716,120.5956323,30.5,AVAILABLE,,
137,137,EVTOL-01,EC35,31.3028842,120.6034940,199.9,BUSY,M-P-001,V1
137,137,L-UAV-01,AMZN,31.2974071,120.5969409,100.0,BUSY,M-L-001,V3
137,137,M-UAV-01,M600,31.3108767,120.6039862,30.5,AVAILABLE,,
137,137,M-UAV-02,M600,31.2971716,120.5956323,30.5,AVAILABLE,,
138,138,EVTOL-01,EC35,31.3032469,120.6035163,199.9,BUSY,M-P-001,V1
138,138,L-UAV-01,AMZN,31.2975193,120.5970300,100.0,BUSY,M-L-001,V3
138,138,M-UAV-01,M600,31.3108767,120.6039862,30.5,AVAILABLE,,
138,138,M-UAV-02,M600,31.2971716,120.5956323,30.5,AVAILABLE,,
139,139,EVTOL-01,EC35,31.3036096,120.6035387,199.9,BUSY,M-P-001,V1
139,139,L-UAV-01,AMZN,31.2976385,120.5971055,100.0,BUSY,M-L-001,V3
139,139,M-UAV-01,M600,31.3108767,120.6039862,30.5,AVAILABLE,,
139,139,M-UAV-02,M600,31.2971716,120.5956323,30.5,AVAILABLE,,
140,140,EVTOL-01,EC35,31.3039723,120.6035610,199.9,BUSY,M-P-001,V1
140,140,L-UAV-01,AMZN,31.2977577,120.5971811,100.0,BUSY,M-L-001,V3
140,140,M-UAV-01,M600,31.3108767,120.6039862,30.5,AVAILABLE,,
140,140,M-UAV-02,M600,31.2971716,120.5956323,30.5,AVAILABLE,,
141,141,EVTOL-01,EC35,31.3043350,120.6035833,199.9,BUSY,M-P-001,V1
141,141,L-UAV-01,AMZN,31.2978769,120.5972566,100.0,BUSY,M-L-001,V3
141,141,M-UAV-01,M600,31.3108767,120.6039862,30.5,AVAILABLE,,
141,141,M-UAV-02,M600,31.2971716,120.5956323,30.5,AVAILABLE,,
142,142,EVTOL-01,EC35,31.3046977,120.6036056,199.9,BUSY,M-P-001,V1
142,142,L-UAV-01,AMZN,31.2979960,120.5973321,100.0,BUSY,M-L-001,V3
142,142,M-UAV-01,M600,31.3108767,120.6039862,30.5,AVAILABLE,,
142,142,M-UAV-02,M600,31.2971716,120.5956323,30.5,AVAILABLE,,
143,143,EVTOL-01,EC35,31.3050604,120.6036280,199.9,BUSY,M-P-001,V1
143,143,L-UAV-01,AMZN,31.2981152,120.5974077,100.0,BUSY,M-L-001,V3
143,143,M-UAV-01,M600,31.3108767,120.6039862,30.5,AVAILABLE,,
143,143,M-UAV-02,M600,31.2971716,120.5956323,30.5,AVAILABLE,,
144,144,EVTOL-01,EC35,31.3054231,120.6036503,199.9,BUSY,M-P-001,V1
144,144,L-UAV-01,AMZN,31.2982344,120.5974832,100.0,BUSY,M-L-001,V3
144,144,M-UAV-01,M600,31.3108767,120.6039862,30.5,AVAILABLE,,
144,144,M-UAV-02,M600,31.2971716,120.5956323,30.5,AVAILABLE,,
145,145,EVTOL-01,EC35,31.3057857,120.6036726,199.9,BUSY,M-P-001,V1
145,145,L-UAV-01,AMZN,31.2983536,120.5975588,100.0,BUSY,M-L-001,V3
145,145,M-UAV-01,M600,31.3108767,120.6039862,30.5,AVAILABLE,,
145,145,M-UAV-02,M600,31.2971716,120.5956323,30.5,AVAILABLE,,
146,146,EVTOL-01,EC35,31.3061484,120.6036950,199.9,BUSY,M-P-001,V1
146,146,L-UAV-01,AMZN,31.2984728,120.5976343,100.0,BUSY,M-L-001,V3
146,146,M-UAV-01,M600,31.3108767,120.6039862,30.5,AVAILABLE,,
146,146,M-UAV-02,M600,31.2971716,120.5956323,30.5,AVAILABLE,,
147,147,EVTOL-01,EC35,31.3065111,120.6037173,199.9,BUSY,M-P-001,V1
147,147,L-UAV-01,AMZN,31.2985920,120.5977099,100.0,BUSY,M-L-001,V3
147,147,M-UAV-01,M600,31.3108767,120.6039862,30.5,AVAILABLE,,
147,147,M-UAV-02,M600,31.2971716,120.5956323,30.5,AVAILABLE,,
148,148,EVTOL-01,EC35,31.3068738,120.6037396,199.9,BUSY,M-P-001,V1
148,148,L-UAV-01,AMZN,31.2987112,120.5977854,100.0,BUSY,M-L-001,V3
148,148,M-UAV-01,M600,31.3108767,120.6039862,30.5,AVAILABLE,,
148,148,M-UAV-02,M600,31.2971716,120.5956323,30.5,AVAILABLE,,
149,149,EVTOL-01,EC35,31.3072365,120.6037620,199.9,BUSY,M-P-001,V1
149,149,L-UAV-01,AMZN,31.2988304,120.5978609,100.0,BUSY,M-L-001,V3
149,149,M-UAV-01,M600,31.3108767,120.6039862,30.5,AVAILABLE,,
149,149,M-UAV-02,M600,31.2971716,120.5956323,30.5,AVAILABLE,,
150,150,EVTOL-01,EC35,31.3075992,120.6037843,199.9,BUSY,M-P-001,V1
150,150,L-UAV-01,AMZN,31.2989496,120.5979365,100.0,BUSY,M-L-001,V3
150,150,M-UAV-01,M600,31.3108767,120.6039862,30.5,AVAILABLE,,
150,150,M-UAV-02,M600,31.2971716,120.5956323,30.5,AVAILABLE,,
151,151,EVTOL-01,EC35,31.3079619,120.6038067,199.9,BUSY,M-P-001,V1
151,151,L-UAV-01,AMZN,31.2990688,120.5980120,100.0,BUSY,M-L-001,V3
151,151,M-UAV-01,M600,31.3108767,120.6039862,30.5,AVAILABLE,,
151,151,M-UAV-02,M600,31.2971716,120.5956323,30.5,AVAILABLE,,
152,152,EVTOL-01,EC35,31.3083246,120.6038290,199.9,BUSY,M-P-001,V1
152,152,L-UAV-01,AMZN,31.2991879,120.5980876,100.0,BUSY,M-L-001,V3
152,152,M-UAV-01,M600,31.3108767,120.6039862,30.5,AVAILABLE,,
152,152,M-UAV-02,M600,31.2971716,120.5956323,30.5,AVAILABLE,,
153,153,EVTOL-01,EC35,31.3086873,120.6038513,199.9,BUSY,M-P-001,V1
153,153,L-UAV-01,AMZN,31.2993071,120.5981631,100.0,BUSY,M-L-001,V3
153,153,M-UAV-01,M600,31.3108767,120.6039862,30.5,AVAILABLE,,
153,153,M-UAV-02,M600,31.2971716,120.5956323,30.5,AVAILABLE,,
154,154,EVTOL-01,EC35,31.3090499,120.6038737,199.9,BUSY,M-P-001,V1
154,154,L-UAV-01,AMZN,31.2994263,120.5982387,100.0,BUSY,M-L-001,V3
154,154,M-UAV-01,M600,31.3108767,120.6039862,30.5,AVAILABLE,,
154,154,M-UAV-02,M600,31.2971716,120.5956323,30.5,AVAILABLE,,
155,155,EVTOL-01,EC35,31.3094126,120.6038960,199.9,BUSY,M-P-001,V1
155,155,L-UAV-01,AMZN,31.2995455,120.5983142,100.0,BUSY,M-L-001,V3
155,155,M-UAV-01,M600,31.3108767,120.6039862,30.5,AVAILABLE,,
155,155,M-UAV-02,M600,31.2971716,120.5956323,30.5,AVAILABLE,,
156,156,EVTOL-01,EC35,31.3097753,120.6039183,199.9,BUSY,M-P-001,V1
156,156,L-UAV-01,AMZN,31.2996647,120.5983898,100.0,BUSY,M-L-001,V3
156,156,M-UAV-01,M600,31.3108767,120.6039862,30.5,AVAILABLE,,
156,156,M-UAV-02,M600,31.2971716,120.5956323,30.5,AVAILABLE,,
157,157,EVTOL-01,EC35,31.3101380,120.6039407,199.9,BUSY,M-P-001,V2
157,157,L-UAV-01,AMZN,31.2997839,120.5984653,100.0,BUSY,M-L-001,V3
157,157,M-UAV-01,M600,31.3108767,120.6039862,30.5,AVAILABLE,,
157,157,M-UAV-02,M600,31.2971716,120.5956323,30.5,AVAILABLE,,
158,158,EVTOL-01,EC35,31.3105005,120.6039149,199.9,BUSY,M-P-001,V2
158,158,L-UAV-01,AMZN,31.2999031,120.5985408,100.0,BUSY,M-L-001,V3
158,158,M-UAV-01,M600,31.3108767,120.6039862,30.5,AVAILABLE,,
158,158,M-UAV-02,M600,31.2971716,120.5956323,30.5,AVAILABLE,,
159,159,EVTOL-01,EC35,31.3108582,120.6038413,199.9,BUSY,M-P-001,V2
159,159,L-UAV-01,AMZN,31.3000223,120.5986164,100.0,BUSY,M-L-001,V3
159,159,M-UAV-01,M600,31.3108767,120.6039862,30.5,AVAILABLE,,
159,159,M-UAV-02,M600,31.2971716,120.5956323,30.5,AVAILABLE,,
160,160,EVTOL-01,EC35,31.3112066,120.6037209,199.9,BUSY,M-P-001,V2
160,160,L-UAV-01,AMZN,31.3001415,120.5986919,100.0,BUSY,M-L-001,V3
160,160,M-UAV-01,M600,31.3108767,120.6039862,30.5,AVAILABLE,,
160,160,M-UAV-02,M600,31.2971716,120.5956323,30.5,AVAILABLE,,
161,161,EVTOL-01,EC35,31.3115410,120.6035553,199.9,BUSY,M-P-001,V2
161,161,L-UAV-01,AMZN,31.3002607,120.5987675,100.0,BUSY,M-L-001,V3
161,161,M-UAV-01,M600,31.3108767,120.6039862,30.5,AVAILABLE,,
161,161,M-UAV-02,M600,31.2971716,120.5956323,30.5,AVAILABLE,,
162,162,EVTOL-01,EC35,31.3118574,120.6033464,199.9,BUSY,M-P-001,V2
162,162,L-UAV-01,AMZN,31.3003799,120.5988430,100.0,BUSY,M-L-001,V3
162,162,M-UAV-01,M600,31.3108767,120.6039862,30.5,AVAILABLE,,
162,162,M-UAV-02,M600,31.2971716,120.5956323,30.5,AVAILABLE,,
163,163,EVTOL-01,EC35,31.3121515,120.6030970,199.9,BUSY,M-P-001,V2
163,163,L-UAV-01,AMZN,31.3004990,120.5989186,100.0,BUSY,M-L-001,V3
163,163,M-UAV-01,M600,31.3108767,120.6039862,30.5,AVAILABLE,,
163,163,M-UAV-02,M600,31.2971716,120.5956323,30.5,AVAILABLE,,
164,164,EVTOL-01,EC35,31.3124197,120.6028104,199.9,BUSY,M-P-001,V2
164,164,L-UAV-01,AMZN,31.3006182,120.5989941,100.0,BUSY,M-L-001,V3
164,164,M-UAV-01,M600,31.3108767,120.6039862,30.5,AVAILABLE,,
164,164,M-UAV-02,M600,31.2971716,120.5956323,30.5,AVAILABLE,,
165,165,EVTOL-01,EC35,31.3126585,120.6024901,199.9,BUSY,M-P-001,V2
165,165,L-UAV-01,AMZN,31.3007374,120.5990697,100.0,BUSY,M-L-001,V3
165,165,M-UAV-01,M600,31.3108767,120.6039862,30.5,AVAILABLE,,
165,165,M-UAV-02,M600,31.2971716,120.5956323,30.5,AVAILABLE,,
166,166,EVTOL-01,EC35,31.3128648,120.6021402,199.9,BUSY,M-P-001,V2
166,166,L-UAV-01,AMZN,31.3008566,120.5991452,100.0,BUSY,M-L-001,V3
166,166,M-UAV-01,M600,31.3108767,120.6039862,30.5,AVAILABLE,,
166,166,M-UAV-02,M600,31.2971716,120.5956323,30.5,AVAILABLE,,
167,167,EVTOL-01,EC35,31.3130361,120.6017653,199.9,BUSY,M-P-001,V2
167,167,L-UAV-01,AMZN,31.3009758,120.5992208,100.0,BUSY,M-L-001,V3
167,167,M-UAV-01,M600,31.3108767,120.6039862,30.5,AVAILABLE,,
167,167,M-UAV-02,M600,31.2971716,120.5956323,30.5,AVAILABLE,,
168,168,EVTOL-01,EC35,31.3131701,120.6013702,199.9,BUSY,M-P-001,V2
168,168,L-UAV-01,AMZN,31.3010950,120.5992963,100.0,BUSY,M-L-001,V3
168,168,M-UAV-01,M600,31.3108767,120.6039862,30.5,AVAILABLE,,
168,168,M-UAV-02,M600,31.2971716,120.5956323,30.5,AVAILABLE,,
169,169,EVTOL-01,EC35,31.3132650,120.6009599,199.9,BUSY,M-P-001,V2
169,169,L-UAV-01,AMZN,31.3012142,120.5993719,100.0,BUSY,M-L-001,V3
169,169,M-UAV-01,M600,31.3108767,120.6039862,30.5,AVAILABLE,,
169,169,M-UAV-02,M600,31.2971716,120.5956323,30.5,AVAILABLE,,
170,170,EVTOL-01,EC35,31.3133198,120.6005396,199.9,BUSY,M-P-001,V2
170,170,L-UAV-01,AMZN,31.3013334,120.5994474,100.0,BUSY,M-L-001,V3
170,170,M-UAV-01,M600,31.3108767,120.6039862,30.5,AVAILABLE,,
170,170,M-UAV-02,M600,31.2971716,120.5956323,30.5,AVAILABLE,,
171,171,EVTOL-01,EC35,31.3133336,120.6001148,199.9,BUSY,M-P-001,V2
171,171,L-UAV-01,AMZN,31.3014526,120.5995230,100.0,BUSY,M-L-001,V3
171,171,M-UAV-01,M600,31.3108767,120.6039862,30.5,AVAILABLE,,
171,171,M-UAV-02,M600,31.2971716,120.5956323,30.5,AVAILABLE,,
172,172,EVTOL-01,EC35,31.3133064,120.5996909,199.9,BUSY,M-P-001,V2
172,172,L-UAV-01,AMZN,31.3015717,120.5995985,100.0,BUSY,M-L-001,V3
172,172,M-UAV-01,M600,31.3108767,120.6039862,30.5,AVAILABLE,,
172,172,M-UAV-02,M600,31.2971716,120.5956323,30.5,AVAILABLE,,
173,173,EVTOL-01,EC35,31.3132383,120.5992733,199.9,BUSY,M-P-001,V2
173,173,L-UAV-01,AMZN,31.3016909,120.5996741,100.0,BUSY,M-L-001,V3
173,173,M-UAV-01,M600,31.3108767,120.6039862,30.5,AVAILABLE,,
173,173,M-UAV-02,M600,31.2971716,120.5956323,30.5,AVAILABLE,,
174,174,EVTOL-01,EC35,31.3131305,120.5988674,199.9,BUSY,M-P-001,V2
174,174,L-UAV-01,AMZN,31.3018101,120.5997496,100.0,BUSY,M-L-001,V3
174,174,M-UAV-01,M600,31.3108767,120.6039862,30.5,AVAILABLE,,
174,174,M-UAV-02,M600,31.2971716,120.5956323,30.5,AVAILABLE,,
175,175,EVTOL-01,EC35,31.3129841,120.5984783,199.9,BUSY,M-P-001,V2
175,175,L-UAV-01,AMZN,31.3019293,120.5998251,100.0,BUSY,M-L-001,V3
175,175,M-UAV-01,M600,31.3108767,120.6039862,30.5,AVAILABLE,,
175,175,M-UAV-02,M600,31.2971716,120.5956323,30.5,AVAILABLE,,
176,176,EVTOL-01,EC35,31.3128011,120.5981111,199.9,BUSY,M-P-001,V2
176,176,L-UAV-01,AMZN,31.3020485,120.5999007,100.0,BUSY,M-L-001,V3
176,176,M-UAV-01,M600,31.3108767,120.6039862,30.5,AVAILABLE,,
176,176,M-UAV-02,M600,31.2971716,120.5956323,30.5,AVAILABLE,,
177,177,EVTOL-01,EC35,31.3125838,120.5977705,199.9,BUSY,M-P-001,V2
177,177,L-UAV-01,AMZN,31.3021677,120.5999762,100.0,BUSY,M-L-001,V3
177,177,M-UAV-01,M600,31.3108767,120.6039862,30.5,AVAILABLE,,
177,177,M-UAV-02,M600,31.2971716,120.5956323,30.5,AVAILABLE,,
178,178,EVTOL-01,EC35,31.3123350,120.5974608,199.9,BUSY,M-P-001,V2
178,178,L-UAV-01,AMZN,31.3022869,120.6000518,100.0,BUSY,M-L-001,V3
178,178,M-UAV-01,M600,31.3108767,120.6039862,30.5,AVAILABLE,,
178,178,M-UAV-02,M600,31.2971716,120.5956323,30.5,AVAILABLE,,
179,179,EVTOL-01,EC35,31.3120580,120.5971859,199.9,BUSY,M-P-001,V2
179,179,L-UAV-01,AMZN,31.3024061,120.6001273,100.0,BUSY,M-L-001,V3
179,179,M-UAV-01,M600,31.3108767,120.6039862,30.5,AVAILABLE,,
179,179,M-UAV-02,M600,31.2971716,120.5956323,30.5,AVAILABLE,,
180,180,EVTOL-01,EC35,31.3117561,120.5969495,199.9,BUSY,M-P-001,V2
180,180,L-UAV-01,AMZN,31.3025253,120.6002029,100.0,BUSY,M-L-001,V3
180,180,M-UAV-01,M600,31.3108767,120.6039862,30.5,AVAILABLE,,
180,180,M-UAV-02,M600,31.2971716,120.5956323,30.5,AVAILABLE,,
181,181,EVTOL-01,EC35,31.3114334,120.5967545,199.9,BUSY,M-P-001,V2
181,181,L-UAV-01,AMZN,31.3026445,120.6002784,100.0,BUSY,M-L-001,V3
181,181,M-UAV-01,M600,31.3108767,120.6039862,30.5,AVAILABLE,,
181,181,M-UAV-02,M600,31.2971716,120.5956323,30.5,AVAILABLE,,
182,182,EVTOL-01,EC35,31.3110939,120.5966034,199.9,BUSY,M-P-001,V2
182,182,L-UAV-01,AMZN,31.3027636,120.6003540,100.0,BUSY,M-L-001,V3
182,182,M-UAV-01,M600,31.3108767,120.6039862,30.5,AVAILABLE,,
182,182,M-UAV-02,M600,31.2971716,120.5956323,30.5,AVAILABLE,,
183,183,EVTOL-01,EC35,31.3107420,120.5964982,199.9,BUSY,M-P-001,V2
183,183,L-UAV-01,AMZN,31.3028828,120.6004295,100.0,BUSY,M-L-001,V3
183,183,M-UAV-01,M600,31.3108767,120.6039862,30.5,AVAILABLE,,
183,183,M-UAV-02,M600,31.2971716,120.5956323,30.5,AVAILABLE,,
184,184,EVTOL-01,EC35,31.3103822,120.5964402,199.9,BUSY,M-P-001,V2
184,184,L-UAV-01,AMZN,31.3030020,120.6005051,100.0,BUSY,M-L-001,V3
184,184,M-UAV-01,M600,31.3108767,120.6039862,30.5,AVAILABLE,,
184,184,M-UAV-02,M600,31.2971716,120.5956323,30.5,AVAILABLE,,
185,185,EVTOL-01,EC35,31.3100196,120.5964180,199.9,BUSY,M-P-001,V2
185,185,L-UAV-01,AMZN,31.3031212,120.6005806,100.0,BUSY,M-L-001,V3
185,185,M-UAV-01,M600,31.3108767,120.6039862,30.5,AVAILABLE,,
185,185,M-UAV-02,M600,31.2971716,120.5956323,30.5,AVAILABLE,,
186,186,EVTOL-01,EC35,31.3096569,120.5963958,199.9,BUSY,M-P-001,V2
186,186,L-UAV-01,AMZN,31.3032404,120.6006562,100.0,BUSY,M-L-001,V3
186,186,M-UAV-01,M600,31.3108767,120.6039862,30.5,AVAILABLE,,
186,186,M-UAV-02,M600,31.2971716,120.5956323,30.5,AVAILABLE,,
187,187,EVTOL-01,EC35,31.3092942,120.5963736,199.9,BUSY,M-P-001,V2
187,187,L-UAV-01,AMZN,31.3033596,120.6007317,100.0,BUSY,M-L-001,V3
187,187,M-UAV-01,M600,31.3108767,120.6039862,30.5,AVAILABLE,,
187,187,M-UAV-02,M600,31.2971716,120.5956323,30.5,AVAILABLE,,
188,188,EVTOL-01,EC35,31.3089315,120.5963515,199.9,BUSY,M-P-001,V2
188,188,L-UAV-01,AMZN,31.3034788,120.6008073,100.0,BUSY,M-L-001,V3
188,188,M-UAV-01,M600,31.3108767,120.6039862,30.5,AVAILABLE,,
188,188,M-UAV-02,M600,31.2971716,120.5956323,30.5,AVAILABLE,,
189,189,EVTOL-01,EC35,31.3085688,120.5963293,199.9,BUSY,M-P-001,V2
189,189,L-UAV-01,AMZN,31.3035980,120.6008828,100.0,BUSY,M-L-001,V3
189,189,M-UAV-01,M600,31.3108767,120.6039862,30.5,AVAILABLE,,
189,189,M-UAV-02,M600,31.2971716,120.5956323,30.5,AVAILABLE,,
190,190,EVTOL-01,EC35,31.3082061,120.5963071,199.9,BUSY,M-P-001,V2
190,190,L-UAV-01,AMZN,31.3037172,120.6009584,100.0,BUSY,M-L-001,V3
190,190,M-UAV-01,M600,31.3108767,120.6039862,30.5,AVAILABLE,,
190,190,M-UAV-02,M600,31.2971716,120.5956323,30.5,AVAILABLE,,
191,191,EVTOL-01,EC35,31.3078434,120.5962849,199.9,BUSY,M-P-001,V2
191,191,L-UAV-01,AMZN,31.3038363,120.6010339,100.0,BUSY,M-L-001,V3
191,191,M-UAV-01,M600,31.3108767,120.6039862,30.5,AVAILABLE,,
191,191,M-UAV-02,M600,31.2971716,120.5956323,30.5,AVAILABLE,,
192,192,EVTOL-01,EC35,31.3074807,120.5962627,199.9,BUSY,M-P-001,V2
192,192,L-UAV-01,AMZN,31.3039555,120.6011095,100.0,BUSY,M-L-001,V3
192,192,M-UAV-01,M600,31.3108767,120.6039862,30.5,AVAILABLE,,
192,192,M-UAV-02,M600,31.2971716,120.5956323,30.5,AVAILABLE,,
193,193,EVTOL-01,EC35,31.3071180,120.5962406,199.9,BUSY,M-P-001,V2
193,193,L-UAV-01,AMZN,31.3040747,120.6011851,100.0,BUSY,M-L-001,V3
193,193,M-UAV-01,M600,31.3108767,120.6039862,30.5,AVAILABLE,,
193,193,M-UAV-02,M600,31.2971716,120.5956323,30.5,AVAILABLE,,
194,194,EVTOL-01,EC35,31.3067553,120.5962184,199.9,BUSY,M-P-001,V2
194,194,L-UAV-01,AMZN,31.3041939,120.6012606,100.0,BUSY,M-L-001,V3
194,194,M-UAV-01,M600,31.3108767,120.6039862,30.5,AVAILABLE,,
194,194,M-UAV-02,M600,31.2971716,120.5956323,30.5,AVAILABLE,,
195,195,EVTOL-01,EC35,31.3063926,120.5961962,199.9,BUSY,M-P-001,V2
195,195,L-UAV-01,AMZN,31.3043131,120.6013362,100.0,BUSY,M-L-001,V3
195,195,M-UAV-01,M600,31.3108767,120.6039862,30.5,AVAILABLE,,
195,195,M-UAV-02,M600,31.2971716,120.5956323,30.5,AVAILABLE,,
196,196,EVTOL-01,EC35,31.3060299,120.5961740,199.9,BUSY,M-P-001,V2
196,196,L-UAV-01,AMZN,31.3044323,120.6014117,100.0,BUSY,M-L-001,V3
196,196,M-UAV-01,M600,31.3108767,120.6039862,30.5,AVAILABLE,,
196,196,M-UAV-02,M600,31.2971716,120.5956323,30.5,AVAILABLE,,
197,197,EVTOL-01,EC35,31.3056672,120.5961518,199.9,BUSY,M-P-001,V2
197,197,L-UAV-01,AMZN,31.3045515,120.6014873,100.0,BUSY,M-L-001,V3
197,197,M-UAV-01,M600,31.3108767,120.6039862,30.5,AVAILABLE,,
197,197,M-UAV-02,M600,31.2971716,120.5956323,30.5,AVAILABLE,,
198,198,EVTOL-01,EC35,31.3053045,120.5961296,199.9,BUSY,M-P-001,V2
198,198,L-UAV-01,AMZN,31.3046707,120.6015628,100.0,BUSY,M-L-001,V3
198,198,M-UAV-01,M600,31.3108767,120.6039862,30.5,AVAILABLE,,
198,198,M-UAV-02,M600,31.2971716,120.5956323,30.5,AVAILABLE,,
199,199,EVTOL-01,EC35,31.3049418,120.5961075,199.9,BUSY,M-P-001,V2
199,199,L-UAV-01,AMZN,31.3047899,120.6016384,100.0,BUSY,M-L-001,V3
199,199,M-UAV-01,M600,31.3108767,120.6039862,30.5,AVAILABLE,,
199,199,M-UAV-02,M600,31.2971716,120.5956323,30.5,AVAILABLE,,
200,200,EVTOL-01,EC35,31.3045791,120.5960853,199.9,BUSY,M-P-001,V2
200,200,L-UAV-01,AMZN,31.3049090,120.6017139,100.0,BUSY,M-L-001,V3
200,200,M-UAV-01,M600,31.3108767,120.6039862,30.5,AVAILABLE,,
200,200,M-UAV-02,M600,31.2971716,120.5956323,30.5,AVAILABLE,,
201,201,EVTOL-01,EC35,31.3042164,120.5960631,199.9,BUSY,M-P-001,V2
201,201,L-UAV-01,AMZN,31.3050282,120.6017895,100.0,BUSY,M-L-001,V3
201,201,M-UAV-01,M600,31.3108767,120.6039862,30.5,AVAILABLE,,
201,201,M-UAV-02,M600,31.2971716,120.5956323,30.5,AVAILABLE,,
202,202,EVTOL-01,EC35,31.3038537,120.5960409,199.9,BUSY,M-P-001,V2
202,202,L-UAV-01,AMZN,31.3051474,120.6018650,100.0,BUSY,M-L-001,V3
202,202,M-UAV-01,M600,31.3108767,120.6039862,30.5,AVAILABLE,,
202,202,M-UAV-02,M600,31.2971716,120.5956323,30.5,AVAILABLE,,
203,203,EVTOL-01,EC35,31.3034910,120.5960187,199.9,BUSY,M-P-001,V2
203,203,L-UAV-01,AMZN,31.3052666,120.6019406,100.0,BUSY,M-L-001,V3
203,203,M-UAV-01,M600,31.3108767,120.6039862,30.5,AVAILABLE,,
203,203,M-UAV-02,M600,31.2971716,120.5956323,30.5,AVAILABLE,,
204,204,EVTOL-01,EC35,31.3031283,120.5959966,199.9,BUSY,M-P-001,V2
204,204,L-UAV-01,AMZN,31.3053858,120.6020161,100.0,BUSY,M-L-001,V3
204,204,M-UAV-01,M600,31.3108767,120.6039862,30.5,AVAILABLE,,
204,204,M-UAV-02,M600,31.2971716,120.5956323,30.5,AVAILABLE,,
205,205,EVTOL-01,EC35,31.3027656,120.5959744,199.9,BUSY,M-P-001,V2
205,205,L-UAV-01,AMZN,31.3055050,120.6020917,100.0,BUSY,M-L-001,V3
205,205,M-UAV-01,M600,31.3108767,120.6039862,30.5,AVAILABLE,,
205,205,M-UAV-02,M600,31.2971716,120.5956323,30.5,AVAILABLE,,
206,206,EVTOL-01,EC35,31.3024029,120.5959522,199.9,BUSY,M-P-001,V2
206,206,L-UAV-01,AMZN,31.3056242,120.6021672,100.0,BUSY,M-L-001,V3
206,206,M-UAV-01,M600,31.3108767,120.6039862,30.5,AVAILABLE,,
206,206,M-UAV-02,M600,31.2971716,120.5956323,30.5,AVAILABLE,,
207,207,EVTOL-01,EC35,31.3020402,120.5959300,199.9,BUSY,M-P-001,V2
207,207,L-UAV-01,AMZN,31.3057434,120.6022428,100.0,BUSY,M-L-001,V3
207,207,M-UAV-01,M600,31.3108767,120.6039862,30.5,AVAILABLE,,
207,207,M-UAV-02,M600,31.2971716,120.5956323,30.5,AVAILABLE,,
208,208,EVTOL-01,EC35,31.3016776,120.5959079,199.9,BUSY,M-P-001,V2
208,208,L-UAV-01,AMZN,31.3058625,120.6023184,100.0,BUSY,M-L-001,V2
208,208,M-UAV-01,M600,31.3108767,120.6039862,30.5,AVAILABLE,,
208,208,M-UAV-02,M600,31.2971716,120.5956323,30.5,AVAILABLE,,
209,209,EVTOL-01,EC35,31.3013149,120.5958857,199.9,BUSY,M-P-001,V2
209,209,L-UAV-01,AMZN,31.3059956,120.6023488,100.0,BUSY,M-L-001,V2
209,209,M-UAV-01,M600,31.3108767,120.6039862,30.5,AVAILABLE,,
209,209,M-UAV-02,M600,31.2971716,120.5956323,30.5,AVAILABLE,,
210,210,EVTOL-01,EC35,31.3009522,120.5958635,199.9,BUSY,M-P-001,V2
210,210,L-UAV-01,AMZN,31.3061303,120.6023313,100.0,BUSY,M-L-001,V2
210,210,M-UAV-01,M600,31.3108767,120.6039862,30.5,AVAILABLE,,
210,210,M-UAV-02,M600,31.2971716,120.5956323,30.5,AVAILABLE,,
211,211,EVTOL-01,EC35,31.3005895,120.5958413,199.9,BUSY,M-P-001,V2
211,211,L-UAV-01,AMZN,31.3062544,120.6022675,100.0,BUSY,M-L-001,V2
211,211,M-UAV-01,M600,31.3108767,120.6039862,30.5,AVAILABLE,,
211,211,M-UAV-02,M600,31.2971716,120.5956323,30.5,AVAILABLE,,
212,212,EVTOL-01,EC35,31.3002268,120.5958191,199.9,BUSY,M-P-001,V2
212,212,L-UAV-01,AMZN,31.3063566,120.6021632,100.0,BUSY,M-L-001,V2
212,212,M-UAV-01,M600,31.3108767,120.6039862,30.5,AVAILABLE,,
212,212,M-UAV-02,M600,31.2971716,120.5956323,30.5,AVAILABLE,,
213,213,EVTOL-01,EC35,31.2998641,120.5957970,199.9,BUSY,M-P-001,V2
213,213,L-UAV-01,AMZN,31.3064274,120.6020280,100.0,BUSY,M-L-001,V2
213,213,M-UAV-01,M600,31.3108767,120.6039862,30.5,AVAILABLE,,
213,213,M-UAV-02,M600,31.2971716,120.5956323,30.5,AVAILABLE,,
214,214,EVTOL-01,EC35,31.2995014,120.5957748,199.9,BUSY,M-P-001,V2
214,214,L-UAV-01,AMZN,31.3064605,120.6018742,100.0,BUSY,M-L-001,V2
214,214,M-UAV-01,M600,31.3108767,120.6039862,30.5,AVAILABLE,,
214,214,M-UAV-02,M600,31.2971716,120.5956323,30.5,AVAILABLE,,
215,215,EVTOL-01,EC35,31.2991387,120.5957526,199.9,BUSY,M-P-001,V2
215,215,L-UAV-01,AMZN,31.3064529,120.6017158,100.0,BUSY,M-L-001,V2
215,215,M-UAV-01,M600,31.3108767,120.6039862,30.5,AVAILABLE,,
215,215,M-UAV-02,M600,31.2971716,120.5956323,30.5,AVAILABLE,,
216,216,EVTOL-01,EC35,31.2987760,120.5957304,199.9,BUSY,M-P-001,V2
216,216,L-UAV-01,AMZN,31.3064051,120.6015673,100.0,BUSY,M-L-001,V2
216,216,M-UAV-01,M600,31.3108767,120.6039862,30.5,AVAILABLE,,
216,216,M-UAV-02,M600,31.2971716,120.5956323,30.5,AVAILABLE,,
217,217,EVTOL-01,EC35,31.2984133,120.5957083,199.9,BUSY,M-P-001,V2
217,217,L-UAV-01,AMZN,31.3063216,120.6014423,100.0,BUSY,M-L-001,V2
217,217,M-UAV-01,M600,31.3108767,120.6039862,30.5,AVAILABLE,,
217,217,M-UAV-02,M600,31.2971716,120.5956323,30.5,AVAILABLE,,
218,218,EVTOL-01,EC35,31.2980506,120.5956861,199.9,BUSY,M-P-001,V1
218,218,L-UAV-01,AMZN,31.3062101,120.6013522,100.0,BUSY,M-L-001,V2
218,218,M-UAV-01,M600,31.3108767,120.6039862,30.5,AVAILABLE,,
218,218,M-UAV-02,M600,31.2971716,120.5956323,30.5,AVAILABLE,,
219,219,EVTOL-01,EC35,31.2976881,120.5957120,199.9,BUSY,M-P-001,V1
219,219,L-UAV-01,AMZN,31.3060908,120.6012767,100.0,BUSY,M-L-001,V2
219,219,M-UAV-01,M600,31.3108767,120.6039862,30.5,AVAILABLE,,
219,219,M-UAV-02,M600,31.2971716,120.5956323,30.5,AVAILABLE,,
220,220,EVTOL-01,EC35,31.2973304,120.5957857,199.9,BUSY,M-P-001,V1
220,220,L-UAV-01,AMZN,31.3059716,120.6012013,100.0,BUSY,M-L-001,V2
220,220,M-UAV-01,M600,31.3108767,120.6039862,30.5,AVAILABLE,,
220,220,M-UAV-02,M600,31.2971716,120.5956323,30.5,AVAILABLE,,
221,221,EVTOL-01,EC35,31.2969821,120.5959062,199.9,BUSY,M-P-001,V1
221,221,L-UAV-01,AMZN,31.3058524,120.6011258,100.0,BUSY,M-L-001,V2
221,221,M-UAV-01,M600,31.3108767,120.6039862,30.5,AVAILABLE,,
221,221,M-UAV-02,M600,31.2971716,120.5956323,30.5,AVAILABLE,,
222,222,EVTOL-01,EC35,31.2966477,120.5960720,199.9,BUSY,M-P-001,V1
222,222,L-UAV-01,AMZN,31.3057331,120.6010504,100.0,BUSY,M-L-001,V2
222,222,M-UAV-01,M600,31.3108767,120.6039862,30.5,AVAILABLE,,
222,222,M-UAV-02,M600,31.2971716,120.5956323,30.5,AVAILABLE,,
223,223,EVTOL-01,EC35,31.2963314,120.5962810,199.9,BUSY,M-P-001,V1
223,223,L-UAV-01,AMZN,31.3056139,120.6009749,100.0,BUSY,M-L-001,V2
223,223,M-UAV-01,M600,31.3108767,120.6039862,30.5,AVAILABLE,,
223,223,M-UAV-02,M600,31.2971716,120.5956323,30.5,AVAILABLE,,
224,224,EVTOL-01,EC35,31.2960374,120.5965304,199.9,BUSY,M-P-001,V1
224,224,L-UAV-01,AMZN,31.3054947,120.6008994,100.0,BUSY,M-L-001,V2
224,224,M-UAV-01,M600,31.3108767,120.6039862,30.5,AVAILABLE,,
224,224,M-UAV-02,M600,31.2971716,120.5956323,30.5,AVAILABLE,,
225,225,EVTOL-01,EC35,31.2957693,120.5968172,199.9,BUSY,M-P-001,V1
225,225,L-UAV-01,AMZN,31.3053755,120.6008240,100.0,BUSY,M-L-001,V2
225,225,M-UAV-01,M600,31.3108767,120.6039862,30.5,AVAILABLE,,
225,225,M-UAV-02,M600,31.2971716,120.5956323,30.5,AVAILABLE,,
226,226,EVTOL-01,EC35,31.2955306,120.5971375,199.9,BUSY,M-P-001,V1
226,226,L-UAV-01,AMZN,31.3052562,120.6007485,100.0,BUSY,M-L-001,V2
226,226,M-UAV-01,M600,31.3108767,120.6039862,30.5,AVAILABLE,,
226,226,M-UAV-02,M600,31.2971716,120.5956323,30.5,AVAILABLE,,
227,227,EVTOL-01,EC35,31.2953243,120.5974874,199.9,BUSY,M-P-001,V1
227,227,L-UAV-01,AMZN,31.3051370,120.6006730,100.0,BUSY,M-L-001,V2
227,227,M-UAV-01,M600,31.3108767,120.6039862,30.5,AVAILABLE,,
227,227,M-UAV-02,M600,31.2971716,120.5956323,30.5,AVAILABLE,,
228,228,EVTOL-01,EC35,31.2951532,120.5978623,199.9,BUSY,M-P-001,V1
228,228,L-UAV-01,AMZN,31.3050178,120.6005976,100.0,BUSY,M-L-001,V2
228,228,M-UAV-01,M600,31.3108767,120.6039862,30.5,AVAILABLE,,
228,228,M-UAV-02,M600,31.2971716,120.5956323,30.5,AVAILABLE,,
229,229,EVTOL-01,EC35,31.2950193,120.5982574,199.9,BUSY,M-P-001,V1
229,229,L-UAV-01,AMZN,31.3048985,120.6005221,100.0,BUSY,M-L-001,V2
229,229,M-UAV-01,M600,31.3108767,120.6039862,30.5,AVAILABLE,,
229,229,M-UAV-02,M600,31.2971716,120.5956323,30.5,AVAILABLE,,
230,230,EVTOL-01,EC35,31.2949245,120.5986677,199.9,BUSY,M-P-001,V1
230,230,L-UAV-01,AMZN,31.3047793,120.6004467,100.0,BUSY,M-L-001,V2
230,230,M-UAV-01,M600,31.3108767,120.6039862,30.5,AVAILABLE,,
230,230,M-UAV-02,M600,31.2971716,120.5956323,30.5,AVAILABLE,,
231,231,EVTOL-01,EC35,31.2948699,120.5990878,199.9,BUSY,M-P-001,V1
231,231,L-UAV-01,AMZN,31.3046601,120.6003712,100.0,BUSY,M-L-001,V2
231,231,M-UAV-01,M600,31.3108767,120.6039862,30.5,AVAILABLE,,
231,231,M-UAV-02,M600,31.2971716,120.5956323,30.5,AVAILABLE,,
232,232,EVTOL-01,EC35,31.2948562,120.5995126,199.9,BUSY,M-P-001,V1
232,232,L-UAV-01,AMZN,31.3045408,120.6002958,100.0,BUSY,M-L-001,V2
232,232,M-UAV-01,M600,31.3108767,120.6039862,30.5,AVAILABLE,,
232,232,M-UAV-02,M600,31.2971716,120.5956323,30.5,AVAILABLE,,
233,233,EVTOL-01,EC35,31.2948836,120.5999364,199.9,BUSY,M-P-001,V1
233,233,L-UAV-01,AMZN,31.3044216,120.6002203,100.0,BUSY,M-L-001,V2
233,233,M-UAV-01,M600,31.3108767,120.6039862,30.5,AVAILABLE,,
233,233,M-UAV-02,M600,31.2971716,120.5956323,30.5,AVAILABLE,,
234,234,EVTOL-01,EC35,31.2949517,120.6003539,199.9,BUSY,M-P-001,V1
234,234,L-UAV-01,AMZN,31.3043024,120.6001448,100.0,BUSY,M-L-001,V2
234,234,M-UAV-01,M600,31.3108767,120.6039862,30.5,AVAILABLE,,
234,234,M-UAV-02,M600,31.2971716,120.5956323,30.5,AVAILABLE,,
235,235,EVTOL-01,EC35,31.2950597,120.6007597,199.9,BUSY,M-P-001,V1
235,235,L-UAV-01,AMZN,31.3041831,120.6000694,100.0,BUSY,M-L-001,V2
235,235,M-UAV-01,M600,31.3108767,120.6039862,30.5,AVAILABLE,,
235,235,M-UAV-02,M600,31.2971716,120.5956323,30.5,AVAILABLE,,
236,236,EVTOL-01,EC35,31.2952062,120.6011486,199.9,BUSY,M-P-001,V1
236,236,L-UAV-01,AMZN,31.3040639,120.5999939,100.0,BUSY,M-L-001,V2
236,236,M-UAV-01,M600,31.3108767,120.6039862,30.5,AVAILABLE,,
236,236,M-UAV-02,M600,31.2971716,120.5956323,30.5,AVAILABLE,,
237,237,EVTOL-01,EC35,31.2953893,120.6015156,199.9,BUSY,M-P-001,V1
237,237,L-UAV-01,AMZN,31.3039447,120.5999185,100.0,BUSY,M-L-001,V2
237,237,M-UAV-01,M600,31.3108767,120.6039862,30.5,AVAILABLE,,
237,237,M-UAV-02,M600,31.2971716,120.5956323,30.5,AVAILABLE,,
238,238,EVTOL-01,EC35,31.2956067,120.6018561,199.9,BUSY,M-P-001,V1
238,238,L-UAV-01,AMZN,31.3038254,120.5998430,100.0,BUSY,M-L-001,V2
238,238,M-UAV-01,M600,31.3108767,120.6039862,30.5,AVAILABLE,,
238,238,M-UAV-02,M600,31.2971716,120.5956323,30.5,AVAILABLE,,
239,239,EVTOL-01,EC35,31.2958556,120.6021657,199.9,BUSY,M-P-001,V1
239,239,L-UAV-01,AMZN,31.3037062,120.5997675,100.0,BUSY,M-L-001,V2
239,239,M-UAV-01,M600,31.3108767,120.6039862,30.5,AVAILABLE,,
239,239,M-UAV-02,M600,31.2971716,120.5956323,30.5,AVAILABLE,,
240,240,EVTOL-01,EC35,31.2961327,120.6024404,199.9,BUSY,M-P-001,V1
240,240,L-UAV-01,AMZN,31.3035870,120.5996921,100.0,BUSY,M-L-001,V2
240,240,M-UAV-01,M600,31.3108767,120.6039862,30.5,AVAILABLE,,
240,240,M-UAV-02,M600,31.2971716,120.5956323,30.5,AVAILABLE,,
241,241,EVTOL-01,EC35,31.2964347,120.6026767,199.9,BUSY,M-P-001,V1
241,241,L-UAV-01,AMZN,31.3034677,120.5996166,100.0,BUSY,M-L-001,V2
241,241,M-UAV-01,M600,31.3108767,120.6039862,30.5,AVAILABLE,,
241,241,M-UAV-02,M600,31.2971716,120.5956323,30.5,AVAILABLE,,
242,242,EVTOL-01,EC35,31.2967574,120.6028715,199.9,BUSY,M-P-001,V1
242,242,L-UAV-01,AMZN,31.3033485,120.5995412,100.0,BUSY,M-L-001,V2
242,242,M-UAV-01,M600,31.3108767,120.6039862,30.5,AVAILABLE,,
242,242,M-UAV-02,M600,31.2971716,120.5956323,30.5,AVAILABLE,,
243,243,EVTOL-01,EC35,31.2970970,120.6030224,199.9,BUSY,M-P-001,V1
243,243,L-UAV-01,AMZN,31.3032293,120.5994657,100.0,BUSY,M-L-001,V2
243,243,M-UAV-01,M600,31.3108767,120.6039862,30.5,AVAILABLE,,
243,243,M-UAV-02,M600,31.2971716,120.5956323,30.5,AVAILABLE,,
244,244,EVTOL-01,EC35,31.2974489,120.6031275,199.9,BUSY,M-P-001,V1
244,244,L-UAV-01,AMZN,31.3031100,120.5993903,100.0,BUSY,M-L-001,V2
244,244,M-UAV-01,M600,31.3108767,120.6039862,30.5,AVAILABLE,,
244,244,M-UAV-02,M600,31.2971716,120.5956323,30.5,AVAILABLE,,
245,245,EVTOL-01,EC35,31.2978087,120.6031853,199.9,BUSY,M-P-001,V1
245,245,L-UAV-01,AMZN,31.3029908,120.5993148,100.0,BUSY,M-L-001,V2
245,245,M-UAV-01,M600,31.3108767,120.6039862,30.5,AVAILABLE,,
245,245,M-UAV-02,M600,31.2971716,120.5956323,30.5,AVAILABLE,,
246,246,EVTOL-01,EC35,31.2981714,120.6032075,199.9,BUSY,M-P-001,V1
246,246,L-UAV-01,AMZN,31.3028716,120.5992393,100.0,BUSY,M-L-001,V2
246,246,M-UAV-01,M600,31.3108767,120.6039862,30.5,AVAILABLE,,
246,246,M-UAV-02,M600,31.2971716,120.5956323,30.5,AVAILABLE,,
247,247,EVTOL-01,EC35,31.2985341,120.6032297,199.9,BUSY,M-P-001,V1
247,247,L-UAV-01,AMZN,31.3027523,120.5991639,100.0,BUSY,M-L-001,V2
247,247,M-UAV-01,M600,31.3108767,120.6039862,30.5,AVAILABLE,,
247,247,M-UAV-02,M600,31.2971716,120.5956323,30.5,AVAILABLE,,
248,248,EVTOL-01,EC35,31.2988968,120.6032520,199.9,BUSY,M-P-001,V1
248,248,L-UAV-01,AMZN,31.3026331,120.5990884,100.0,BUSY,M-L-001,V2
248,248,M-UAV-01,M600,31.3108767,120.6039862,30.5,AVAILABLE,,
248,248,M-UAV-02,M600,31.2971716,120.5956323,30.5,AVAILABLE,,
249,249,EVTOL-01,EC35,31.2992595,120.6032742,199.9,BUSY,M-P-001,V1
249,249,L-UAV-01,AMZN,31.3025139,120.5990130,100.0,BUSY,M-L-001,V2
249,249,M-UAV-01,M600,31.3108767,120.6039862,30.5,AVAILABLE,,
249,249,M-UAV-02,M600,31.2971716,120.5956323,30.5,AVAILABLE,,
250,250,EVTOL-01,EC35,31.2996222,120.6032964,199.9,BUSY,M-P-001,V1
250,250,L-UAV-01,AMZN,31.3023947,120.5989375,100.0,BUSY,M-L-001,V2
250,250,M-UAV-01,M600,31.3108767,120.6039862,30.5,AVAILABLE,,
250,250,M-UAV-02,M600,31.2971716,120.5956323,30.5,AVAILABLE,,
251,251,EVTOL-01,EC35,31.2999849,120.6033186,199.9,BUSY,M-P-001,V1
251,251,L-UAV-01,AMZN,31.3022754,120.5988621,100.0,BUSY,M-L-001,V2
251,251,M-UAV-01,M600,31.3108767,120.6039862,30.5,AVAILABLE,,
251,251,M-UAV-02,M600,31.2971716,120.5956323,30.5,AVAILABLE,,
252,252,EVTOL-01,EC35,31.3003476,120.6033409,199.9,BUSY,M-P-001,V1
252,252,L-UAV-01,AMZN,31.3021562,120.5987866,100.0,BUSY,M-L-001,V2
252,252,M-UAV-01,M600,31.3108767,120.6039862,30.5,AVAILABLE,,
252,252,M-UAV-02,M600,31.2971716,120.5956323,30.5,AVAILABLE,,
253,253,EVTOL-01,EC35,31.3007102,120.6033631,199.9,BUSY,M-P-001,V1
253,253,L-UAV-01,AMZN,31.3020370,120.5987112,100.0,BUSY,M-L-001,V2
253,253,M-UAV-01,M600,31.3108767,120.6039862,30.5,AVAILABLE,,
253,253,M-UAV-02,M600,31.2971716,120.5956323,30.5,AVAILABLE,,
254,254,EVTOL-01,EC35,31.3010729,120.6033853,199.9,BUSY,M-P-001,V1
254,254,L-UAV-01,AMZN,31.3019177,120.5986357,100.0,BUSY,M-L-001,V2
254,254,M-UAV-01,M600,31.3108767,120.6039862,30.5,AVAILABLE,,
254,254,M-UAV-02,M600,31.2971716,120.5956323,30.5,AVAILABLE,,
255,255,EVTOL-01,EC35,31.3014356,120.6034075,199.9,BUSY,M-P-001,V1
255,255,L-UAV-01,AMZN,31.3017985,120.5985602,100.0,BUSY,M-L-001,V2
255,255,M-UAV-01,M600,31.3108767,120.6039862,30.5,AVAILABLE,,
255,255,M-UAV-02,M600,31.2971716,120.5956323,30.5,AVAILABLE,,
256,256,EVTOL-01,EC35,31.3017983,120.6034298,199.9,BUSY,M-P-001,V1
256,256,L-UAV-01,AMZN,31.3016793,120.5984848,100.0,BUSY,M-L-001,V2
256,256,M-UAV-01,M600,31.3108767,120.6039862,30.5,AVAILABLE,,
256,256,M-UAV-02,M600,31.2971716,120.5956323,30.5,AVAILABLE,,
257,257,EVTOL-01,EC35,31.3021610,120.6034520,199.9,BUSY,M-P-001,V1
257,257,L-UAV-01,AMZN,31.3015600,120.5984093,100.0,BUSY,M-L-001,V2
257,257,M-UAV-01,M600,31.3108767,120.6039862,30.5,AVAILABLE,,
257,257,M-UAV-02,M600,31.2971716,120.5956323,30.5,AVAILABLE,,
258,258,EVTOL-01,EC35,31.3025237,120.6034742,199.9,BUSY,M-P-001,V1
258,258,L-UAV-01,AMZN,31.3014408,120.5983339,100.0,BUSY,M-L-001,V2
258,258,M-UAV-01,M600,31.3108767,120.6039862,30.5,AVAILABLE,,
258,258,M-UAV-02,M600,31.2971716,120.5956323,30.5,AVAILABLE,,
259,259,EVTOL-01,EC35,31.3028864,120.6034964,199.9,BUSY,M-P-001,V1
259,259,L-UAV-01,AMZN,31.3013216,120.5982584,100.0,BUSY,M-L-001,V2
259,259,M-UAV-01,M600,31.3108767,120.6039862,30.5,AVAILABLE,,
259,259,M-UAV-02,M600,31.2971716,120.5956323,30.5,AVAILABLE,,
260,260,EVTOL-01,EC35,31.3032491,120.6035187,199.9,BUSY,M-P-001,V1
260,260,L-UAV-01,AMZN,31.3012023,120.5981830,100.0,BUSY,M-L-001,V2
260,260,M-UAV-01,M600,31.3108767,120.6039862,30.5,AVAILABLE,,
260,260,M-UAV-02,M600,31.2971716,120.5956323,30.5,AVAILABLE,,
261,261,EVTOL-01,EC35,31.3036118,120.6035409,199.9,BUSY,M-P-001,V1
261,261,L-UAV-01,AMZN,31.3010831,120.5981075,100.0,BUSY,M-L-001,V2
261,261,M-UAV-01,M600,31.3108767,120.6039862,30.5,AVAILABLE,,
261,261,M-UAV-02,M600,31.2971716,120.5956323,30.5,AVAILABLE,,
262,262,EVTOL-01,EC35,31.3039745,120.6035631,199.9,BUSY,M-P-001,V1
262,262,L-UAV-01,AMZN,31.3009639,120.5980321,100.0,BUSY,M-L-001,V2
262,262,M-UAV-01,M600,31.3108767,120.6039862,30.5,AVAILABLE,,
262,262,M-UAV-02,M600,31.2971716,120.5956323,30.5,AVAILABLE,,
263,263,EVTOL-01,EC35,31.3043372,120.6035854,199.9,BUSY,M-P-001,V1
263,263,L-UAV-01,AMZN,31.3008446,120.5979566,100.0,BUSY,M-L-001,V2
263,263,M-UAV-01,M600,31.3108767,120.6039862,30.5,AVAILABLE,,
263,263,M-UAV-02,M600,31.2971716,120.5956323,30.5,AVAILABLE,,
264,264,EVTOL-01,EC35,31.3046999,120.6036076,199.9,BUSY,M-P-001,V1
264,264,L-UAV-01,AMZN,31.3007254,120.5978812,100.0,BUSY,M-L-001,V2
264,264,M-UAV-01,M600,31.3108767,120.6039862,30.5,AVAILABLE,,
264,264,M-UAV-02,M600,31.2971716,120.5956323,30.5,AVAILABLE,,
265,265,EVTOL-01,EC35,31.3050626,120.6036298,199.9,BUSY,M-P-001,V1
265,265,L-UAV-01,AMZN,31.3006062,120.5978057,100.0,BUSY,M-L-001,V2
265,265,M-UAV-01,M600,31.3108767,120.6039862,30.5,AVAILABLE,,
265,265,M-UAV-02,M600,31.2971716,120.5956323,30.5,AVAILABLE,,
266,266,EVTOL-01,EC35,31.3054253,120.6036520,199.9,BUSY,M-P-001,V1
266,266,L-UAV-01,AMZN,31.3004869,120.5977303,100.0,BUSY,M-L-001,V2
266,266,M-UAV-01,M600,31.3108767,120.6039862,30.5,AVAILABLE,,
266,266,M-UAV-02,M600,31.2971716,120.5956323,30.5,AVAILABLE,,
267,267,EVTOL-01,EC35,31.3057880,120.6036743,199.9,BUSY,M-P-001,V1
267,267,L-UAV-01,AMZN,31.3003677,120.5976548,100.0,BUSY,M-L-001,V2
267,267,M-UAV-01,M600,31.3108767,120.6039862,30.5,AVAILABLE,,
267,267,M-UAV-02,M600,31.2971716,120.5956323,30.5,AVAILABLE,,
268,268,EVTOL-01,EC35,31.3061507,120.6036965,199.9,BUSY,M-P-001,V1
268,268,L-UAV-01,AMZN,31.3002485,120.5975794,100.0,BUSY,M-L-001,V2
268,268,M-UAV-01,M600,31.3108767,120.6039862,30.5,AVAILABLE,,
268,268,M-UAV-02,M600,31.2971716,120.5956323,30.5,AVAILABLE,,
269,269,EVTOL-01,EC35,31.3065133,120.6037187,199.9,BUSY,M-P-001,V1
269,269,L-UAV-01,AMZN,31.3001292,120.5975039,100.0,BUSY,M-L-001,V2
269,269,M-UAV-01,M600,31.3108767,120.6039862,30.5,AVAILABLE,,
269,269,M-UAV-02,M600,31.2971716,120.5956323,30.5,AVAILABLE,,
270,270,EVTOL-01,EC35,31.3068760,120.6037410,199.9,BUSY,M-P-001,V1
270,270,L-UAV-01,AMZN,31.3000100,120.5974284,100.0,BUSY,M-L-001,V2
270,270,M-UAV-01,M600,31.3108767,120.6039862,30.5,AVAILABLE,,
270,270,M-UAV-02,M600,31.2971716,120.5956323,30.5,AVAILABLE,,
271,271,EVTOL-01,EC35,31.3072387,120.6037632,199.9,BUSY,M-P-001,V1
271,271,L-UAV-01,AMZN,31.2998908,120.5973530,100.0,BUSY,M-L-001,V2
271,271,M-UAV-01,M600,31.3108767,120.6039862,30.5,AVAILABLE,,
271,271,M-UAV-02,M600,31.2971716,120.5956323,30.5,AVAILABLE,,
272,272,EVTOL-01,EC35,31.3076014,120.6037854,199.9,BUSY,M-P-001,V1
272,272,L-UAV-01,AMZN,31.2997715,120.5972775,100.0,BUSY,M-L-001,V2
272,272,M-UAV-01,M600,31.3108767,120.6039862,30.5,AVAILABLE,,
272,272,M-UAV-02,M600,31.2971716,120.5956323,30.5,AVAILABLE,,
273,273,EVTOL-01,EC35,31.3079641,120.6038076,199.9,BUSY,M-P-001,V1
273,273,L-UAV-01,AMZN,31.2996523,120.5972021,100.0,BUSY,M-L-001,V2
273,273,M-UAV-01,M600,31.3108767,120.6039862,30.5,AVAILABLE,,
273,273,M-UAV-02,M600,31.2971716,120.5956323,30.5,AVAILABLE,,
274,274,EVTOL-01,EC35,31.3083268,120.6038299,199.9,BUSY,M-P-001,V1
274,274,L-UAV-01,AMZN,31.2995331,120.5971266,100.0,BUSY,M-L-001,V2
274,274,M-UAV-01,M600,31.3108767,120.6039862,30.5,AVAILABLE,,
274,274,M-UAV-02,M600,31.2971716,120.5956323,30.5,AVAILABLE,,
275,275,EVTOL-01,EC35,31.3086895,120.6038521,199.9,BUSY,M-P-001,V1
275,275,L-UAV-01,AMZN,31.2994138,120.5970512,100.0,BUSY,M-L-001,V2
275,275,M-UAV-01,M600,31.3108767,120.6039862,30.5,AVAILABLE,,
275,275,M-UAV-02,M600,31.2971716,120.5956323,30.5,AVAILABLE,,
276,276,EVTOL-01,EC35,31.3090522,120.6038743,199.9,BUSY,M-P-001,V1
276,276,L-UAV-01,AMZN,31.2992946,120.5969757,100.0,BUSY,M-L-001,V2
276,276,M-UAV-01,M600,31.3108767,120.6039862,30.5,AVAILABLE,,
276,276,M-UAV-02,M600,31.2971716,120.5956323,30.5,AVAILABLE,,
277,277,EVTOL-01,EC35,31.3094149,120.6038966,199.9,BUSY,M-P-001,V1
277,277,L-UAV-01,AMZN,31.2991754,120.5969003,100.0,BUSY,M-L-001,V2
277,277,M-UAV-01,M600,31.3108767,120.6039862,30.5,AVAILABLE,,
277,277,M-UAV-02,M600,31.2971716,120.5956323,30.5,AVAILABLE,,
278,278,EVTOL-01,EC35,31.3097776,120.6039188,199.9,BUSY,M-P-001,V1
278,278,L-UAV-01,AMZN,31.2990561,120.5968248,100.0,BUSY,M-L-001,V2
278,278,M-UAV-01,M600,31.3108767,120.6039862,30.5,AVAILABLE,,
278,278,M-UAV-02,M600,31.2971716,120.5956323,30.5,AVAILABLE,,
279,279,EVTOL-01,EC35,31.3101403,120.6039410,199.9,BUSY,M-P-001,V2
279,279,L-UAV-01,AMZN,31.2989369,120.5967494,100.0,BUSY,M-L-001,V2
279,279,M-UAV-01,M600,31.3108767,120.6039862,30.5,AVAILABLE,,
279,279,M-UAV-02,M600,31.2971716,120.5956323,30.5,AVAILABLE,,
280,280,EVTOL-01,EC35,31.3105028,120.6039151,199.9,BUSY,M-P-001,V2
280,280,L-UAV-01,AMZN,31.2988177,120.5966739,100.0,BUSY,M-L-001,V2
280,280,M-UAV-01,M600,31.3108767,120.6039862,30.5,AVAILABLE,,
280,280,M-UAV-02,M600,31.2971716,120.5956323,30.5,AVAILABLE,,
281,281,EVTOL-01,EC35,31.3108605,120.6038415,199.9,BUSY,M-P-001,V2
281,281,L-UAV-01,AMZN,31.2986984,120.5965985,100.0,BUSY,M-L-001,V2
281,281,M-UAV-01,M600,31.3108767,120.6039862,30.5,AVAILABLE,,
281,281,M-UAV-02,M600,31.2971716,120.5956323,30.5,AVAILABLE,,
282,282,EVTOL-01,EC35,31.3112088,120.6037210,199.9,BUSY,M-P-001,V2
282,282,L-UAV-01,AMZN,31.2985792,120.5965230,100.0,BUSY,M-L-001,V2
282,282,M-UAV-01,M600,31.3108767,120.6039862,30.5,AVAILABLE,,
282,282,M-UAV-02,M600,31.2971716,120.5956323,30.5,AVAILABLE,,
283,283,EVTOL-01,EC35,31.3115432,120.6035552,199.9,BUSY,M-P-001,V2
283,283,L-UAV-01,AMZN,31.2984600,120.5964476,100.0,BUSY,M-L-001,V2
283,283,M-UAV-01,M600,31.3108767,120.6039862,30.5,AVAILABLE,,
283,283,M-UAV-02,M600,31.2971716,120.5956323,30.5,AVAILABLE,,
284,284,EVTOL-01,EC35,31.3118595,120.6033462,199.9,BUSY,M-P-001,V2
284,284,L-UAV-01,AMZN,31.2983407,120.5963721,100.0,BUSY,M-L-001,V2
284,284,M-UAV-01,M600,31.3108767,120.6039862,30.5,AVAILABLE,,
284,284,M-UAV-02,M600,31.2971716,120.5956323,30.5,AVAILABLE,,
285,285,EVTOL-01,EC35,31.3121536,120.6030968,199.9,BUSY,M-P-001,V2
285,285,L-UAV-01,AMZN,31.2982215,120.5962967,100.0,BUSY,M-L-001,V2
285,285,M-UAV-01,M600,31.3108767,120.6039862,30.5,AVAILABLE,,
285,285,M-UAV-02,M600,31.2971716,120.5956323,30.5,AVAILABLE,,
286,286,EVTOL-01,EC35,31.3124217,120.6028101,199.9,BUSY,M-P-001,V2
286,286,L-UAV-01,AMZN,31.2981023,120.5962212,100.0,BUSY,M-L-001,V2
286,286,M-UAV-01,M600,31.3108767,120.6039862,30.5,AVAILABLE,,
286,286,M-UAV-02,M600,31.2971716,120.5956323,30.5,AVAILABLE,,
287,287,EVTOL-01,EC35,31.3126605,120.6024897,199.9,BUSY,M-P-001,V2
287,287,L-UAV-01,AMZN,31.2979830,120.5961458,100.0,BUSY,M-L-001,V2
287,287,M-UAV-01,M600,31.3108767,120.6039862,30.5,AVAILABLE,,
287,287,M-UAV-02,M600,31.2971716,120.5956323,30.5,AVAILABLE,,
288,288,EVTOL-01,EC35,31.3128667,120.6021398,199.9,BUSY,M-P-001,V2
288,288,L-UAV-01,AMZN,31.2978638,120.5960703,100.0,BUSY,M-L-001,V3
288,288,M-UAV-01,M600,31.3108767,120.6039862,30.5,AVAILABLE,,
288,288,M-UAV-02,M600,31.2971716,120.5956323,30.5,AVAILABLE,,
289,289,EVTOL-01,EC35,31.3130379,120.6017649,199.9,BUSY,M-P-001,V2
289,289,L-UAV-01,AMZN,31.2977307,120.5960400,100.0,BUSY,M-L-001,V3
289,289,M-UAV-01,M600,31.3108767,120.6039862,30.5,AVAILABLE,,
289,289,M-UAV-02,M600,31.2971716,120.5956323,30.5,AVAILABLE,,
290,290,EVTOL-01,EC35,31.3131718,120.6013697,199.9,BUSY,M-P-001,V2
290,290,L-UAV-01,AMZN,31.2975960,120.5960576,100.0,BUSY,M-L-001,V3
290,290,M-UAV-01,M600,31.3108767,120.6039862,30.5,AVAILABLE,,
290,290,M-UAV-02,M600,31.2971716,120.5956323,30.5,AVAILABLE,,
291,291,EVTOL-01,EC35,31.3132667,120.6009593,199.9,BUSY,M-P-001,V2
291,291,L-UAV-01,AMZN,31.2974720,120.5961215,100.0,BUSY,M-L-001,V3
291,291,M-UAV-01,M600,31.3108767,120.6039862,30.5,AVAILABLE,,
291,291,M-UAV-02,M600,31.2971716,120.5956323,30.5,AVAILABLE,,
292,292,EVTOL-01,EC35,31.3133213,120.6005391,199.9,BUSY,M-P-001,V2
292,292,L-UAV-01,AMZN,31.2973699,120.5962259,100.0,BUSY,M-L-001,V3
292,292,M-UAV-01,M600,31.3108767,120.6039862,30.5,AVAILABLE,,
292,292,M-UAV-02,M600,31.2971716,120.5956323,30.5,AVAILABLE,,
293,293,EVTOL-01,EC35,31.3133351,120.6001143,199.9,BUSY,M-P-001,V2
293,293,L-UAV-01,AMZN,31.2972991,120.5963612,100.0,BUSY,M-L-001,V3
293,293,M-UAV-01,M600,31.3108767,120.6039862,30.5,AVAILABLE,,
293,293,M-UAV-02,M600,31.2971716,120.5956323,30.5,AVAILABLE,,
294,294,EVTOL-01,EC35,31.3133077,120.5996904,199.9,BUSY,M-P-001,V2
294,294,L-UAV-01,AMZN,31.2972661,120.5965150,100.0,BUSY,M-L-001,V3
294,294,M-UAV-01,M600,31.3108767,120.6039862,30.5,AVAILABLE,,
294,294,M-UAV-02,M600,31.2971716,120.5956323,30.5,AVAILABLE,,
295,295,EVTOL-01,EC35,31.3132396,120.5992728,199.9,BUSY,M-P-001,V2
295,295,L-UAV-01,AMZN,31.2972738,120.5966734,100.0,BUSY,M-L-001,V3
295,295,M-UAV-01,M600,31.3108767,120.6039862,30.5,AVAILABLE,,
295,295,M-UAV-02,M600,31.2971716,120.5956323,30.5,AVAILABLE,,
296,296,EVTOL-01,EC35,31.3131317,120.5988669,199.9,BUSY,M-P-001,V2
296,296,L-UAV-01,AMZN,31.2973217,120.5968218,100.0,BUSY,M-L-001,V3
296,296,M-UAV-01,M600,31.3108767,120.6039862,30.5,AVAILABLE,,
296,296,M-UAV-02,M600,31.2971716,120.5956323,30.5,AVAILABLE,,
297,297,EVTOL-01,EC35,31.3129852,120.5984779,199.9,BUSY,M-P-001,V2
297,297,L-UAV-01,AMZN,31.2974052,120.5969467,100.0,BUSY,M-L-001,V3
297,297,M-UAV-01,M600,31.3108767,120.6039862,30.5,AVAILABLE,,
297,297,M-UAV-02,M600,31.2971716,120.5956323,30.5,AVAILABLE,,
298,298,EVTOL-01,EC35,31.3128021,120.5981107,199.9,BUSY,M-P-001,V2
298,298,L-UAV-01,AMZN,31.2975168,120.5970367,100.0,BUSY,M-L-001,V3
298,298,M-UAV-01,M600,31.3108767,120.6039862,30.5,AVAILABLE,,
298,298,M-UAV-02,M600,31.2971716,120.5956323,30.5,AVAILABLE,,
299,299,EVTOL-01,EC35,31.3125848,120.5977701,199.9,BUSY,M-P-001,V2
299,299,L-UAV-01,AMZN,31.2976361,120.5971122,100.0,BUSY,M-L-001,V3
299,299,M-UAV-01,M600,31.3108767,120.6039862,30.5,AVAILABLE,,
299,299,M-UAV-02,M600,31.2971716,120.5956323,30.5,AVAILABLE,,
300,300,EVTOL-01,EC35,31.3123359,120.5974605,199.9,BUSY,M-P-001,V2
300,300,L-UAV-01,AMZN,31.2977553,120.5971876,100.0,BUSY,M-L-001,V3
300,300,M-UAV-01,M600,31.3108767,120.6039862,30.5,AVAILABLE,,
300,300,M-UAV-02,M600,31.2971716,120.5956323,30.5,AVAILABLE,,
301,301,EVTOL-01,EC35,31.3120588,120.5971857,199.9,BUSY,M-P-001,V2
301,301,L-UAV-01,AMZN,31.2978745,120.5972631,100.0,BUSY,M-L-001,V3
301,301,M-UAV-01,M600,31.3108767,120.6039862,30.5,AVAILABLE,,
301,301,M-UAV-02,M600,31.2971716,120.5956323,30.5,AVAILABLE,,
302,302,EVTOL-01,EC35,31.3117569,120.5969494,199.9,BUSY,M-P-001,V2
302,302,L-UAV-01,AMZN,31.2979938,120.5973385,100.0,BUSY,M-L-001,V3
302,302,M-UAV-01,M600,31.3108767,120.6039862,30.5,AVAILABLE,,
302,302,M-UAV-02,M600,31.2971716,120.5956323,30.5,AVAILABLE,,
303,303,EVTOL-01,EC35,31.3114342,120.5967545,199.9,BUSY,M-P-001,V2
303,303,L-UAV-01,AMZN,31.2981130,120.5974140,100.0,BUSY,M-L-001,V3
303,303,M-UAV-01,M600,31.3108767,120.6039862,30.5,AVAILABLE,,
303,303,M-UAV-02,M600,31.2971716,120.5956323,30.5,AVAILABLE,,
304,304,EVTOL-01,EC35,31.3110947,120.5966035,199.9,BUSY,M-P-001,V2
304,304,L-UAV-01,AMZN,31.2982322,120.5974895,100.0,BUSY,M-L-001,V3
304,304,M-UAV-01,M600,31.3108767,120.6039862,30.5,AVAILABLE,,
304,304,M-UAV-02,M600,31.2971716,120.5956323,30.5,AVAILABLE,,
305,305,EVTOL-01,EC35,31.3107427,120.5964984,199.9,BUSY,M-P-001,V2
305,305,L-UAV-01,AMZN,31.2983515,120.5975649,100.0,BUSY,M-L-001,V3
305,305,M-UAV-01,M600,31.3108767,120.6039862,30.5,AVAILABLE,,
305,305,M-UAV-02,M600,31.2971716,120.5956323,30.5,AVAILABLE,,
306,306,EVTOL-01,EC35,31.3103829,120.5964405,199.9,BUSY,M-P-001,V2
306,306,L-UAV-01,AMZN,31.2984707,120.5976404,100.0,BUSY,M-L-001,V3
306,306,M-UAV-01,M600,31.3108767,120.6039862,30.5,AVAILABLE,,
306,306,M-UAV-02,M600,31.2971716,120.5956323,30.5,AVAILABLE,,
307,307,EVTOL-01,EC35,31.3100202,120.5964183,199.9,BUSY,M-P-001,V2
307,307,L-UAV-01,AMZN,31.2985899,120.5977158,100.0,BUSY,M-L-001,V3
307,307,M-UAV-01,M600,31.3108767,120.6039862,30.5,AVAILABLE,,
307,307,M-UAV-02,M600,31.2971716,120.5956323,30.5,AVAILABLE,,
308,308,EVTOL-01,EC35,31.3096575,120.5963961,199.9,BUSY,M-P-001,V2
308,308,L-UAV-01,AMZN,31.2987091,120.5977913,100.0,BUSY,M-L-001,V3
308,308,M-UAV-01,M600,31.3108767,120.6039862,30.5,AVAILABLE,,
308,308,M-UAV-02,M600,31.2971716,120.5956323,30.5,AVAILABLE,,
309,309,EVTOL-01,EC35,31.3092948,120.5963739,199.9,BUSY,M-P-001,V2
309,309,L-UAV-01,AMZN,31.2988284,120.5978667,100.0,BUSY,M-L-001,V3
309,309,M-UAV-01,M600,31.3108767,120.6039862,30.5,AVAILABLE,,
309,309,M-UAV-02,M600,31.2971716,120.5956323,30.5,AVAILABLE,,
310,310,EVTOL-01,EC35,31.3089322,120.5963517,199.9,BUSY,M-P-001,V2
310,310,L-UAV-01,AMZN,31.2989476,120.5979422,100.0,BUSY,M-L-001,V3
310,310,M-UAV-01,M600,31.3108767,120.6039862,30.5,AVAILABLE,,
310,310,M-UAV-02,M600,31.2971716,120.5956323,30.5,AVAILABLE,,
311,311,EVTOL-01,EC35,31.3085695,120.5963295,199.9,BUSY,M-P-001,V2
311,311,L-UAV-01,AMZN,31.2990668,120.5980177,100.0,BUSY,M-L-001,V3
311,311,M-UAV-01,M600,31.3108767,120.6039862,30.5,AVAILABLE,,
311,311,M-UAV-02,M600,31.2971716,120.5956323,30.5,AVAILABLE,,
312,312,EVTOL-01,EC35,31.3082068,120.5963073,199.9,BUSY,M-P-001,V2
312,312,L-UAV-01,AMZN,31.2991861,120.5980931,100.0,BUSY,M-L-001,V3
312,312,M-UAV-01,M600,31.3108767,120.6039862,30.5,AVAILABLE,,
312,312,M-UAV-02,M600,31.2971716,120.5956323,30.5,AVAILABLE,,
313,313,EVTOL-01,EC35,31.3078441,120.5962852,199.9,BUSY,M-P-001,V2
313,313,L-UAV-01,AMZN,31.2993053,120.5981686,100.0,BUSY,M-L-001,V3
313,313,M-UAV-01,M600,31.3108767,120.6039862,30.5,AVAILABLE,,
313,313,M-UAV-02,M600,31.2971716,120.5956323,30.5,AVAILABLE,,
314,314,EVTOL-01,EC35,31.3074814,120.5962630,199.9,BUSY,M-P-001,V2
314,314,L-UAV-01,AMZN,31.2994245,120.5982440,100.0,BUSY,M-L-001,V3
314,314,M-UAV-01,M600,31.3108767,120.6039862,30.5,AVAILABLE,,
314,314,M-UAV-02,M600,31.2971716,120.5956323,30.5,AVAILABLE,,
315,315,EVTOL-01,EC35,31.3071187,120.5962408,199.9,BUSY,M-P-001,V2
315,315,L-UAV-01,AMZN,31.2995438,120.5983195,100.0,BUSY,M-L-001,V3
315,315,M-UAV-01,M600,31.3108767,120.6039862,30.5,AVAILABLE,,
315,315,M-UAV-02,M600,31.2971716,120.5956323,30.5,AVAILABLE,,
316,316,EVTOL-01,EC35,31.3067560,120.5962186,199.9,BUSY,M-P-001,V2
316,316,L-UAV-01,AMZN,31.2996630,120.5983950,100.0,BUSY,M-L-001,V3
316,316,M-UAV-01,M600,31.3108767,120.6039862,30.5,AVAILABLE,,
316,316,M-UAV-02,M600,31.2971716,120.5956323,30.5,AVAILABLE,,
317,317,EVTOL-01,EC35,31.3063933,120.5961964,199.9,BUSY,M-P-001,V2
317,317,L-UAV-01,AMZN,31.2997822,120.5984704,100.0,BUSY,M-L-001,V3
317,317,M-UAV-01,M600,31.3108767,120.6039862,30.5,AVAILABLE,,
317,317,M-UAV-02,M600,31.2971716,120.5956323,30.5,AVAILABLE,,
318,318,EVTOL-01,EC35,31.3060306,120.5961742,199.9,BUSY,M-P-001,V2
318,318,L-UAV-01,AMZN,31.2999014,120.5985459,100.0,BUSY,M-L-001,V3
318,318,M-UAV-01,M600,31.3108767,120.6039862,30.5,AVAILABLE,,
318,318,M-UAV-02,M600,31.2971716,120.5956323,30.5,AVAILABLE,,
319,319,EVTOL-01,EC35,31.3056679,120.5961520,199.9,BUSY,M-P-001,V2
319,319,L-UAV-01,AMZN,31.3000207,120.5986213,100.0,BUSY,M-L-001,V3
319,319,M-UAV-01,M600,31.3108767,120.6039862,30.5,AVAILABLE,,
319,319,M-UAV-02,M600,31.2971716,120.5956323,30.5,AVAILABLE,,
320,320,EVTOL-01,EC35,31.3053052,120.5961298,199.9,BUSY,M-P-001,V2
320,320,L-UAV-01,AMZN,31.3001399,120.5986968,100.0,BUSY,M-L-001,V3
320,320,M-UAV-01,M600,31.3108767,120.6039862,30.5,AVAILABLE,,
320,320,M-UAV-02,M600,31.2971716,120.5956323,30.5,AVAILABLE,,
321,321,EVTOL-01,EC35,31.3049425,120.5961077,199.9,BUSY,M-P-001,V2
321,321,L-UAV-01,AMZN,31.3002591,120.5987723,100.0,BUSY,M-L-001,V3
321,321,M-UAV-01,M600,31.3108767,120.6039862,30.5,AVAILABLE,,
321,321,M-UAV-02,M600,31.2971716,120.5956323,30.5,AVAILABLE,,
322,322,EVTOL-01,EC35,31.3045798,120.5960855,199.9,BUSY,M-P-001,V2
322,322,L-UAV-01,AMZN,31.3003784,120.5988477,100.0,BUSY,M-L-001,V3
322,322,M-UAV-01,M600,31.3108767,120.6039862,30.5,AVAILABLE,,
322,322,M-UAV-02,M600,31.2971716,120.5956323,30.5,AVAILABLE,,
323,323,EVTOL-01,EC35,31.3042171,120.5960633,199.9,BUSY,M-P-001,V2
323,323,L-UAV-01,AMZN,31.3004976,120.5989232,100.0,BUSY,M-L-001,V3
323,323,M-UAV-01,M600,31.3108767,120.6039862,30.5,AVAILABLE,,
323,323,M-UAV-02,M600,31.2971716,120.5956323,30.5,AVAILABLE,,
324,324,EVTOL-01,EC35,31.3038544,120.5960411,199.9,BUSY,M-P-001,V2
324,324,L-UAV-01,AMZN,31.3006168,120.5989987,100.0,BUSY,M-L-001,V3
324,324,M-UAV-01,M600,31.3108767,120.6039862,30.5,AVAILABLE,,
324,324,M-UAV-02,M600,31.2971716,120.5956323,30.5,AVAILABLE,,
325,325,EVTOL-01,EC35,31.3034917,120.5960189,199.9,BUSY,M-P-001,V2
325,325,L-UAV-01,AMZN,31.3007360,120.5990741,100.0,BUSY,M-L-001,V3
325,325,M-UAV-01,M600,31.3108767,120.6039862,30.5,AVAILABLE,,
325,325,M-UAV-02,M600,31.2971716,120.5956323,30.5,AVAILABLE,,
326,326,EVTOL-01,EC35,31.3031290,120.5959967,199.9,BUSY,M-P-001,V2
326,326,L-UAV-01,AMZN,31.3008553,120.5991496,100.0,BUSY,M-L-001,V3
326,326,M-UAV-01,M600,31.3108767,120.6039862,30.5,AVAILABLE,,
326,326,M-UAV-02,M600,31.2971716,120.5956323,30.5,AVAILABLE,,
327,327,EVTOL-01,EC35,31.3027663,120.5959745,199.9,BUSY,M-P-001,V2
327,327,L-UAV-01,AMZN,31.3009745,120.5992250,100.0,BUSY,M-L-001,V3
327,327,M-UAV-01,M600,31.3108767,120.6039862,30.5,AVAILABLE,,
327,327,M-UAV-02,M600,31.2971716,120.5956323,30.5,AVAILABLE,,
328,328,EVTOL-01,EC35,31.3024036,120.5959523,199.9,BUSY,M-P-001,V2
328,328,L-UAV-01,AMZN,31.3010937,120.5993005,100.0,BUSY,M-L-001,V3
328,328,M-UAV-01,M600,31.3108767,120.6039862,30.5,AVAILABLE,,
328,328,M-UAV-02,M600,31.2971716,120.5956323,30.5,AVAILABLE,,
329,329,EVTOL-01,EC35,31.3020409,120.5959302,199.9,BUSY,M-P-001,V2
329,329,L-UAV-01,AMZN,31.3012130,120.5993760,100.0,BUSY,M-L-001,V3
329,329,M-UAV-01,M600,31.3108767,120.6039862,30.5,AVAILABLE,,
329,329,M-UAV-02,M600,31.2971716,120.5956323,30.5,AVAILABLE,,
330,330,EVTOL-01,EC35,31.3016782,120.5959080,199.9,BUSY,M-P-001,V2
330,330,L-UAV-01,AMZN,31.3013322,120.5994514,100.0,BUSY,M-L-001,V3
330,330,M-UAV-01,M600,31.3108767,120.6039862,30.5,AVAILABLE,,
330,330,M-UAV-02,M600,31.2971716,120.5956323,30.5,AVAILABLE,,
331,331,EVTOL-01,EC35,31.3013155,120.5958858,199.9,BUSY,M-P-001,V2
331,331,L-UAV-01,AMZN,31.3014514,120.5995269,100.0,BUSY,M-L-001,V3
331,331,M-UAV-01,M600,31.3108767,120.6039862,30.5,AVAILABLE,,
331,331,M-UAV-02,M600,31.2971716,120.5956323,30.5,AVAILABLE,,
332,332,EVTOL-01,EC35,31.3009529,120.5958636,199.9,BUSY,M-P-001,V2
332,332,L-UAV-01,AMZN,31.3015706,120.5996024,100.0,BUSY,M-L-001,V3
332,332,M-UAV-01,M600,31.3108767,120.6039862,30.5,AVAILABLE,,
332,332,M-UAV-02,M600,31.2971716,120.5956323,30.5,AVAILABLE,,
333,333,EVTOL-01,EC35,31.3005902,120.5958414,199.9,BUSY,M-P-001,V2
333,333,L-UAV-01,AMZN,31.3016899,120.5996778,100.0,BUSY,M-L-001,V3
333,333,M-UAV-01,M600,31.3108767,120.6039862,30.5,AVAILABLE,,
333,333,M-UAV-02,M600,31.2971716,120.5956323,30.5,AVAILABLE,,
334,334,EVTOL-01,EC35,31.3002275,120.5958192,199.9,BUSY,M-P-001,V2
334,334,L-UAV-01,AMZN,31.3018091,120.5997533,100.0,BUSY,M-L-001,V3
334,334,M-UAV-01,M600,31.3108767,120.6039862,30.5,AVAILABLE,,
334,334,M-UAV-02,M600,31.2971716,120.5956323,30.5,AVAILABLE,,
335,335,EVTOL-01,EC35,31.2998648,120.5957971,199.9,BUSY,M-P-001,V2
335,335,L-UAV-01,AMZN,31.3019283,120.5998288,100.0,BUSY,M-L-001,V3
335,335,M-UAV-01,M600,31.3108767,120.6039862,30.5,AVAILABLE,,
335,335,M-UAV-02,M600,31.2971716,120.5956323,30.5,AVAILABLE,,
336,336,EVTOL-01,EC35,31.2995021,120.5957749,199.9,BUSY,M-P-001,V2
336,336,L-UAV-01,AMZN,31.3020476,120.5999042,100.0,BUSY,M-L-001,V3
336,336,M-UAV-01,M600,31.3108767,120.6039862,30.5,AVAILABLE,,
336,336,M-UAV-02,M600,31.2971716,120.5956323,30.5,AVAILABLE,,
337,337,EVTOL-01,EC35,31.2991394,120.5957527,199.9,BUSY,M-P-001,V2
337,337,L-UAV-01,AMZN,31.3021668,120.5999797,100.0,BUSY,M-L-001,V3
337,337,M-UAV-01,M600,31.3108767,120.6039862,30.5,AVAILABLE,,
337,337,M-UAV-02,M600,31.2971716,120.5956323,30.5,AVAILABLE,,
338,338,EVTOL-01,EC35,31.2987767,120.5957305,199.9,BUSY,M-P-001,V2
338,338,L-UAV-01,AMZN,31.3022860,120.6000551,100.0,BUSY,M-L-001,V3
338,338,M-UAV-01,M600,31.3108767,120.6039862,30.5,AVAILABLE,,
338,338,M-UAV-02,M600,31.2971716,120.5956323,30.5,AVAILABLE,,
339,339,EVTOL-01,EC35,31.2984140,120.5957083,199.9,BUSY,M-P-001,V2
339,339,L-UAV-01,AMZN,31.3024052,120.6001306,100.0,BUSY,M-L-001,V3
339,339,M-UAV-01,M600,31.3108767,120.6039862,30.5,AVAILABLE,,
339,339,M-UAV-02,M600,31.2971716,120.5956323,30.5,AVAILABLE,,
340,340,EVTOL-01,EC35,31.2980513,120.5956861,199.9,BUSY,M-P-001,V1
340,340,L-UAV-01,AMZN,31.3025245,120.6002061,100.0,BUSY,M-L-001,V3
340,340,M-UAV-01,M600,31.3108767,120.6039862,30.5,AVAILABLE,,
340,340,M-UAV-02,M600,31.2971716,120.5956323,30.5,AVAILABLE,,
341,341,EVTOL-01,EC35,31.2976888,120.5957121,199.9,BUSY,M-P-001,V1
341,341,L-UAV-01,AMZN,31.3026437,120.6002815,100.0,BUSY,M-L-001,V3
341,341,M-UAV-01,M600,31.3108767,120.6039862,30.5,AVAILABLE,,
341,341,M-UAV-02,M600,31.2971716,120.5956323,30.5,AVAILABLE,,
342,342,EVTOL-01,EC35,31.2973311,120.5957857,199.9,BUSY,M-P-001,V1
342,342,L-UAV-01,AMZN,31.3027629,120.6003570,100.0,BUSY,M-L-001,V3
342,342,M-UAV-01,M600,31.3108767,120.6039862,30.5,AVAILABLE,,
342,342,M-UAV-02,M600,31.2971716,120.5956323,30.5,AVAILABLE,,
343,343,EVTOL-01,EC35,31.2969828,120.5959063,199.9,BUSY,M-P-001,V1
343,343,L-UAV-01,AMZN,31.3028822,120.6004325,100.0,BUSY,M-L-001,V3
343,343,M-UAV-01,M600,31.3108767,120.6039862,30.5,AVAILABLE,,
343,343,M-UAV-02,M600,31.2971716,120.5956323,30.5,AVAILABLE,,
344,344,EVTOL-01,EC35,31.2966484,120.5960721,199.9,BUSY,M-P-001,V1
344,344,L-UAV-01,AMZN,31.3030014,120.6005079,100.0,BUSY,M-L-001,V3
344,344,M-UAV-01,M600,31.3108767,120.6039862,30.5,AVAILABLE,,
344,344,M-UAV-02,M600,31.2971716,120.5956323,30.5,AVAILABLE,,
345,345,EVTOL-01,EC35,31.2963321,120.5962810,199.9,BUSY,M-P-001,V1
345,345,L-UAV-01,AMZN,31.3031206,120.6005834,100.0,BUSY,M-L-001,V3
345,345,M-UAV-01,M600,31.3108767,120.6039862,30.5,AVAILABLE,,
345,345,M-UAV-02,M600,31.2971716,120.5956323,30.5,AVAILABLE,,
346,346,EVTOL-01,EC35,31.2960380,120.5965305,199.9,BUSY,M-P-001,V1
346,346,L-UAV-01,AMZN,31.3032398,120.6006589,100.0,BUSY,M-L-001,V3
346,346,M-UAV-01,M600,31.3108767,120.6039862,30.5,AVAILABLE,,
346,346,M-UAV-02,M600,31.2971716,120.5956323,30.5,AVAILABLE,,
347,347,EVTOL-01,EC35,31.2957699,120.5968172,199.9,BUSY,M-P-001,V1
347,347,L-UAV-01,AMZN,31.3033591,120.6007343,100.0,BUSY,M-L-001,V3
347,347,M-UAV-01,M600,31.3108767,120.6039862,30.5,AVAILABLE,,
347,347,M-UAV-02,M600,31.2971716,120.5956323,30.5,AVAILABLE,,
348,348,EVTOL-01,EC35,31.2955312,120.5971375,199.9,BUSY,M-P-001,V1
348,348,L-UAV-01,AMZN,31.3034783,120.6008098,100.0,BUSY,M-L-001,V3
348,348,M-UAV-01,M600,31.3108767,120.6039862,30.5,AVAILABLE,,
348,348,M-UAV-02,M600,31.2971716,120.5956323,30.5,AVAILABLE,,
349,349,EVTOL-01,EC35,31.2953250,120.5974874,199.9,BUSY,M-P-001,V1
349,349,L-UAV-01,AMZN,31.3035975,120.6008853,100.0,BUSY,M-L-001,V3
349,349,M-UAV-01,M600,31.3108767,120.6039862,30.5,AVAILABLE,,
349,349,M-UAV-02,M600,31.2971716,120.5956323,30.5,AVAILABLE,,
350,350,EVTOL-01,EC35,31.2951539,120.5978623,199.9,BUSY,M-P-001,V1
350,350,L-UAV-01,AMZN,31.3037167,120.6009607,100.0,BUSY,M-L-001,V3
350,350,M-UAV-01,M600,31.3108767,120.6039862,30.5,AVAILABLE,,
350,350,M-UAV-02,M600,31.2971716,120.5956323,30.5,AVAILABLE,,
351,351,EVTOL-01,EC35,31.2950200,120.5982574,199.9,BUSY,M-P-001,V1
351,351,L-UAV-01,AMZN,31.3038360,120.6010362,100.0,BUSY,M-L-001,V3
351,351,M-UAV-01,M600,31.3108767,120.6039862,30.5,AVAILABLE,,
351,351,M-UAV-02,M600,31.2971716,120.5956323,30.5,AVAILABLE,,
352,352,EVTOL-01,EC35,31.2949252,120.5986677,199.9,BUSY,M-P-001,V1
352,352,L-UAV-01,AMZN,31.3039552,120.6011117,100.0,BUSY,M-L-001,V3
352,352,M-UAV-01,M600,31.3108767,120.6039862,30.5,AVAILABLE,,
352,352,M-UAV-02,M600,31.2971716,120.5956323,30.5,AVAILABLE,,
353,353,EVTOL-01,EC35,31.2948705,120.5990878,199.9,BUSY,M-P-001,V1
353,353,L-UAV-01,AMZN,31.3040744,120.6011871,100.0,BUSY,M-L-001,V3
353,353,M-UAV-01,M600,31.3108767,120.6039862,30.5,AVAILABLE,,
353,353,M-UAV-02,M600,31.2971716,120.5956323,30.5,AVAILABLE,,
354,354,EVTOL-01,EC35,31.2948568,120.5995126,199.9,BUSY,M-P-001,V1
354,354,L-UAV-01,AMZN,31.3041937,120.6012626,100.0,BUSY,M-L-001,V3
354,354,M-UAV-01,M600,31.3108767,120.6039862,30.5,AVAILABLE,,
354,354,M-UAV-02,M600,31.2971716,120.5956323,30.5,AVAILABLE,,
355,355,EVTOL-01,EC35,31.2948842,120.5999364,199.9,BUSY,M-P-001,V1
355,355,L-UAV-01,AMZN,31.3043129,120.6013381,100.0,BUSY,M-L-001,V3
355,355,M-UAV-01,M600,31.3108767,120.6039862,30.5,AVAILABLE,,
355,355,M-UAV-02,M600,31.2971716,120.5956323,30.5,AVAILABLE,,
356,356,EVTOL-01,EC35,31.2949523,120.6003539,199.9,BUSY,M-P-001,V1
356,356,L-UAV-01,AMZN,31.3044321,120.6014135,100.0,BUSY,M-L-001,V3
356,356,M-UAV-01,M600,31.3108767,120.6039862,30.5,AVAILABLE,,
356,356,M-UAV-02,M600,31.2971716,120.5956323,30.5,AVAILABLE,,
357,357,EVTOL-01,EC35,31.2950604,120.6007597,199.9,BUSY,M-P-001,V1
357,357,L-UAV-01,AMZN,31.3045513,120.6014890,100.0,BUSY,M-L-001,V3
357,357,M-UAV-01,M600,31.3108767,120.6039862,30.5,AVAILABLE,,
357,357,M-UAV-02,M600,31.2971716,120.5956323,30.5,AVAILABLE,,
358,358,EVTOL-01,EC35,31.2952068,120.6011486,199.9,BUSY,M-P-001,V1
358,358,L-UAV-01,AMZN,31.3046706,120.6015645,100.0,BUSY,M-L-001,V3
358,358,M-UAV-01,M600,31.3108767,120.6039862,30.5,AVAILABLE,,
358,358,M-UAV-02,M600,31.2971716,120.5956323,30.5,AVAILABLE,,
359,359,EVTOL-01,EC35,31.2953900,120.6015157,199.9,BUSY,M-P-001,V1
359,359,L-UAV-01,AMZN,31.3047898,120.6016400,100.0,BUSY,M-L-001,V3
359,359,M-UAV-01,M600,31.3108767,120.6039862,30.5,AVAILABLE,,
359,359,M-UAV-02,M600,31.2971716,120.5956323,30.5,AVAILABLE,,
360,360,EVTOL-01,EC35,31.2956073,120.6018562,199.9,BUSY,M-P-001,V1
360,360,L-UAV-01,AMZN,31.3049090,120.6017154,100.0,BUSY,M-L-001,V3
360,360,M-UAV-01,M600,31.3108767,120.6039862,30.5,AVAILABLE,,
360,360,M-UAV-02,M600,31.2971716,120.5956323,30.5,AVAILABLE,,
361,361,EVTOL-01,EC35,31.2958562,120.6021657,199.9,BUSY,M-P-001,V1
361,361,L-UAV-01,AMZN,31.3050283,120.6017909,100.0,BUSY,M-L-001,V3
361,361,M-UAV-01,M600,31.3108767,120.6039862,30.5,AVAILABLE,,
361,361,M-UAV-02,M600,31.2971866,120.5956438,32.0,CONTINGENCY,,V3
362,362,EVTOL-01,EC35,31.2961334,120.6024404,199.9,BUSY,M-P-001,V1
362,362,L-UAV-01,AMZN,31.3051475,120.6018664,100.0,BUSY,M-L-001,V3
362,362,M-UAV-01,M600,31.3108767,120.6039862,30.5,AVAILABLE,,
362,362,M-UAV-02,M600,31.2972168,120.5956667,35.1,CONTINGENCY,,V3
363,363,EVTOL-01,EC35,31.2964353,120.6026767,199.9,BUSY,M-P-001,V1
363,363,L-UAV-01,AMZN,31.3052667,120.6019418,100.0,BUSY,M-L-001,V3
363,363,M-UAV-01,M600,31.3108767,120.6039862,30.5,AVAILABLE,,
363,363,M-UAV-02,M600,31.2972621,120.5957011,39.6,CONTINGENCY,,V3
364,364,EVTOL-01,EC35,31.2967580,120.6028715,199.9,BUSY,M-P-001,V1
364,364,L-UAV-01,AMZN,31.3053859,120.6020173,100.0,BUSY,M-L-001,V3
364,364,M-UAV-01,M600,31.3108767,120.6039862,30.5,AVAILABLE,,
364,364,M-UAV-02,M600,31.2973225,120.5957469,45.7,CONTINGENCY,,V3
365,365,EVTOL-01,EC35,31.2970976,120.6030225,199.9,BUSY,M-P-001,V1
365,365,L-UAV-01,AMZN,31.3055052,120.6020928,100.0,BUSY,M-L-001,V3
365,365,M-UAV-01,M600,31.3108767,120.6039862,30.5,AVAILABLE,,
365,365,M-UAV-02,M600,31.2973979,120.5958042,53.3,CONTINGENCY,,V3
366,366,EVTOL-01,EC35,31.2974495,120.6031275,199.9,BUSY,M-P-001,V1
366,366,L-UAV-01,AMZN,31.3056244,120.6021682,100.0,BUSY,M-L-001,V3
366,366,M-UAV-01,M600,31.3108767,120.6039862,30.5,AVAILABLE,,
366,366,M-UAV-02,M600,31.2974884,120.5958729,61.0,CONTINGENCY,,V3
367,367,EVTOL-01,EC35,31.2978093,120.6031853,199.9,BUSY,M-P-001,V1
367,367,L-UAV-01,AMZN,31.3057436,120.6022437,100.0,BUSY,M-L-001,V3
367,367,M-UAV-01,M600,31.3108767,120.6039862,30.5,AVAILABLE,,
367,367,M-UAV-02,M600,31.2975941,120.5959531,68.6,CONTINGENCY,,V3
368,368,EVTOL-01,EC35,31.2981720,120.6032076,199.9,BUSY,M-P-001,V1
368,368,L-UAV-01,AMZN,31.3058628,120.6023192,100.0,BUSY,M-L-001,V2
368,368,M-UAV-01,M600,31.3108767,120.6039862,30.5,AVAILABLE,,
368,368,M-UAV-02,M600,31.2977076,120.5960393,76.2,CONTINGENCY,,V3
369,369,EVTOL-01,EC35,31.2985347,120.6032298,199.9,BUSY,M-P-001,V1
369,369,L-UAV-01,AMZN,31.3059959,120.6023495,100.0,BUSY,M-L-001,V2
369,369,M-UAV-01,M600,31.3108767,120.6039862,30.5,AVAILABLE,,
369,369,M-UAV-02,M600,31.2978212,120.5961255,83.8,CONTINGENCY,,V3
370,370,EVTOL-01,EC35,31.2988974,120.6032520,199.9,BUSY,M-P-001,V1
370,370,L-UAV-01,AMZN,31.3061306,120.6023319,100.0,BUSY,M-L-001,V2
370,370,M-UAV-01,M600,31.3108767,120.6039862,30.5,AVAILABLE,,
370,370,M-UAV-02,M600,31.2979348,120.5962118,91.4,CONTINGENCY,,V3
371,371,EVTOL-01,EC35,31.2992601,120.6032742,199.9,BUSY,M-P-001,V1
371,371,L-UAV-01,AMZN,31.3062547,120.6022681,100.0,BUSY,M-L-001,V2
371,371,M-UAV-01,M600,31.3108767,120.6039862,30.5,AVAILABLE,,
371,371,M-UAV-02,M600,31.2980485,120.5962981,99.1,CONTINGENCY,,V3
372,372,EVTOL-01,EC35,31.2996228,120.6032965,199.9,BUSY,M-P-001,V1
372,372,L-UAV-01,AMZN,31.3063568,120.6021637,100.0,BUSY,M-L-001,V2
372,372,M-UAV-01,M600,31.3108767,120.6039862,30.5,AVAILABLE,,
372,372,M-UAV-02,M600,31.2981622,120.5963844,100.0,CONTINGENCY,,V3
373,373,EVTOL-01,EC35,31.2999855,120.6033187,199.9,BUSY,M-P-001,V1
373,373,L-UAV-01,AMZN,31.3064276,120.6020284,100.0,BUSY,M-L-001,V2
373,373,M-UAV-01,M600,31.3108767,120.6039862,30.5,AVAILABLE,,
373,373,M-UAV-02,M600,31.2982759,120.5964707,100.0,CONTINGENCY,,V3
374,374,EVTOL-01,EC35,31.3003482,120.6033409,199.9,BUSY,M-P-001,V1
374,374,L-UAV-01,AMZN,31.3064606,120.6018746,100.0,BUSY,M-L-001,V2
374,374,M-UAV-01,M600,31.3108767,120.6039862,30.5,AVAILABLE,,
374,374,M-UAV-02,M600,31.2983896,120.5965571,100.0,CONTINGENCY,,V3
375,375,EVTOL-01,EC35,31.3007108,120.6033631,199.9,BUSY,M-P-001,V1
375,375,L-UAV-01,AMZN,31.3064528,120.6017162,100.0,BUSY,M-L-001,V2
375,375,M-UAV-01,M600,31.3108767,120.6039862,30.5,AVAILABLE,,
375,375,M-UAV-02,M600,31.2985034,120.5966434,100.0,CONTINGENCY,,V3
376,376,EVTOL-01,EC35,31.3010735,120.6033854,199.9,BUSY,M-P-001,V1
376,376,L-UAV-01,AMZN,31.3064050,120.6015677,100.0,BUSY,M-L-001,V2
376,376,M-UAV-01,M600,31.3108767,120.6039862,30.5,AVAILABLE,,
376,376,M-UAV-02,M600,31.2986171,120.5967297,100.0,CONTINGENCY,,V3
377,377,EVTOL-01,EC35,31.3014362,120.6034076,199.9,BUSY,M-P-001,V1
377,377,L-UAV-01,AMZN,31.3063215,120.6014428,100.0,BUSY,M-L-001,V2
377,377,M-UAV-01,M600,31.3108767,120.6039862,30.5,AVAILABLE,,
377,377,M-UAV-02,M600,31.2987308,120.5968160,100.0,CONTINGENCY,,V3
378,378,EVTOL-01,EC35,31.3017989,120.6034298,199.9,BUSY,M-P-001,V1
378,378,L-UAV-01,AMZN,31.3062099,120.6013528,100.0,BUSY,M-L-001,V2
378,378,M-UAV-01,M600,31.3108767,120.6039862,30.5,AVAILABLE,,
378,378,M-UAV-02,M600,31.2988445,120.5969024,100.0,CONTINGENCY,,V3
379,379,EVTOL-01,EC35,31.3021616,120.6034520,199.9,BUSY,M-P-001,V1
379,379,L-UAV-01,AMZN,31.3060906,120.6012773,100.0,BUSY,M-L-001,V2
379,379,M-UAV-01,M600,31.3108767,120.6039862,30.5,AVAILABLE,,
379,379,M-UAV-02,M600,31.2989582,120.5969887,100.0,CONTINGENCY,,V3
380,380,EVTOL-01,EC35,31.3025243,120.6034743,199.9,BUSY,M-P-001,V1
380,380,L-UAV-01,AMZN,31.3059714,120.6012018,100.0,BUSY,M-L-001,V2
380,380,M-UAV-01,M600,31.3108767,120.6039862,30.5,AVAILABLE,,
380,380,M-UAV-02,M600,31.2990719,120.5970750,100.0,CONTINGENCY,,V3
381,381,EVTOL-01,EC35,31.3028870,120.6034965,199.9,BUSY,M-P-001,V1
381,381,L-UAV-01,AMZN,31.3058522,120.6011264,100.0,BUSY,M-L-001,V2
381,381,M-UAV-01,M600,31.3108767,120.6039862,30.5,AVAILABLE,,
381,381,M-UAV-02,M600,31.2991857,120.5971614,100.0,CONTINGENCY,,V3
382,382,EVTOL-01,EC35,31.3032497,120.6035187,199.9,BUSY,M-P-001,V1
382,382,L-UAV-01,AMZN,31.3057330,120.6010509,100.0,BUSY,M-L-001,V2
382,382,M-UAV-01,M600,31.3108767,120.6039862,30.5,AVAILABLE,,
382,382,M-UAV-02,M600,31.2992994,120.5972477,100.0,CONTINGENCY,,V3
383,383,EVTOL-01,EC35,31.3036124,120.6035409,199.9,BUSY,M-P-001,V1
383,383,L-UAV-01,AMZN,31.3056137,120.6009754,100.0,BUSY,M-L-001,V2
383,383,M-UAV-01,M600,31.3108767,120.6039862,30.5,AVAILABLE,,
383,383,M-UAV-02,M600,31.2994131,120.5973340,100.0,CONTINGENCY,,V3
384,384,EVTOL-01,EC35,31.3039751,120.6035632,199.9,BUSY,M-P-001,V1
384,384,L-UAV-01,AMZN,31.3054945,120.6009000,100.0,BUSY,M-L-001,V2
384,384,M-UAV-01,M600,31.3108767,120.6039862,30.5,AVAILABLE,,
384,384,M-UAV-02,M600,31.2995268,120.5974204,100.0,CONTINGENCY,,V3
385,385,EVTOL-01,EC35,31.3043378,120.6035854,199.9,BUSY,M-P-001,V1
385,385,L-UAV-01,AMZN,31.3053753,120.6008245,100.0,BUSY,M-L-001,V2
385,385,M-UAV-01,M600,31.3108767,120.6039862,30.5,AVAILABLE,,
385,385,M-UAV-02,M600,31.2996405,120.5975067,100.0,CONTINGENCY,,V3
386,386,EVTOL-01,EC35,31.3047005,120.6036076,199.9,BUSY,M-P-001,V1
386,386,L-UAV-01,AMZN,31.3052560,120.6007490,100.0,BUSY,M-L-001,V2
386,386,M-UAV-01,M600,31.3108767,120.6039862,30.5,AVAILABLE,,
386,386,M-UAV-02,M600,31.2997542,120.5975930,100.0,CONTINGENCY,,V3
387,387,EVTOL-01,EC35,31.3050632,120.6036299,199.9,BUSY,M-P-001,V1
387,387,L-UAV-01,AMZN,31.3051368,120.6006736,100.0,BUSY,M-L-001,V2
387,387,M-UAV-01,M600,31.3108767,120.6039862,30.5,AVAILABLE,,
387,387,M-UAV-02,M600,31.2998680,120.5976794,100.0,CONTINGENCY,,V3
388,388,EVTOL-01,EC35,31.3054259,120.6036521,199.9,BUSY,M-P-001,V1
388,388,L-UAV-01,AMZN,31.3050176,120.6005981,100.0,BUSY,M-L-001,V2
388,388,M-UAV-01,M600,31.3108767,120.6039862,30.5,AVAILABLE,,
388,388,M-UAV-02,M600,31.2999817,120.5977657,100.0,CONTINGENCY,,V3
389,389,EVTOL-01,EC35,31.3057886,120.6036743,199.9,BUSY,M-P-001,V1
389,389,L-UAV-01,AMZN,31.3048984,120.6005226,100.0,BUSY,M-L-001,V2
389,389,M-UAV-01,M600,31.3108767,120.6039862,30.5,AVAILABLE,,
389,389,M-UAV-02,M600,31.3000954,120.5978520,100.0,CONTINGENCY,,V3
390,390,EVTOL-01,EC35,31.3061512,120.6036965,199.9,BUSY,M-P-001,V1
390,390,L-UAV-01,AMZN,31.3047791,120.6004472,100.0,BUSY,M-L-001,V2
390,390,M-UAV-01,M600,31.3108767,120.6039862,30.5,AVAILABLE,,
390,390,M-UAV-02,M600,31.3002091,120.5979384,100.0,CONTINGENCY,,V3
391,391,EVTOL-01,EC35,31.3065139,120.6037188,199.9,BUSY,M-P-001,V1
391,391,L-UAV-01,AMZN,31.3046599,120.6003717,100.0,BUSY,M-L-001,V2
391,391,M-UAV-01,M600,31.3108767,120.6039862,30.5,AVAILABLE,,
391,391,M-UAV-02,M600,31.3003228,120.5980247,100.0,CONTINGENCY,,V3
392,392,EVTOL-01,EC35,31.3068766,120.6037410,199.9,BUSY,M-P-001,V1
392,392,L-UAV-01,AMZN,31.3045407,120.6002962,100.0,BUSY,M-L-001,V2
392,392,M-UAV-01,M600,31.3108767,120.6039862,30.5,AVAILABLE,,
392,392,M-UAV-02,M600,31.3004365,120.5981110,100.0,CONTINGENCY,,V3
393,393,EVTOL-01,EC35,31.3072393,120.6037632,199.9,BUSY,M-P-001,V1
393,393,L-UAV-01,AMZN,31.3044214,120.6002208,100.0,BUSY,M-L-001,V2
393,393,M-UAV-01,M600,31.3108767,120.6039862,30.5,AVAILABLE,,
393,393,M-UAV-02,M600,31.3005502,120.5981974,100.0,CONTINGENCY,,V3
394,394,EVTOL-01,EC35,31.3076020,120.6037854,199.9,BUSY,M-P-001,V1
394,394,L-UAV-01,AMZN,31.3043022,120.6001453,100.0,BUSY,M-L-001,V2
394,394,M-UAV-01,M600,31.3108767,120.6039862,30.5,AVAILABLE,,
394,394,M-UAV-02,M600,31.3006640,120.5982837,100.0,CONTINGENCY,,V3
395,395,EVTOL-01,EC35,31.3079647,120.6038077,199.9,BUSY,M-P-001,V1
395,395,L-UAV-01,AMZN,31.3041830,120.6000698,100.0,BUSY,M-L-001,V2
395,395,M-UAV-01,M600,31.3108767,120.6039862,30.5,AVAILABLE,,
395,395,M-UAV-02,M600,31.3007777,120.5983700,100.0,CONTINGENCY,,V3
396,396,EVTOL-01,EC35,31.3083274,120.6038299,199.9,BUSY,M-P-001,V1
396,396,L-UAV-01,AMZN,31.3040638,120.5999944,100.0,BUSY,M-L-001,V2
396,396,M-UAV-01,M600,31.3108767,120.6039862,30.5,AVAILABLE,,
396,396,M-UAV-02,M600,31.3008914,120.5984564,100.0,CONTINGENCY,,V3
397,397,EVTOL-01,EC35,31.3086901,120.6038521,199.9,BUSY,M-P-001,V1
397,397,L-UAV-01,AMZN,31.3039445,120.5999189,100.0,BUSY,M-L-001,V2
397,397,M-UAV-01,M600,31.3108767,120.6039862,30.5,AVAILABLE,,
397,397,M-UAV-02,M600,31.3010051,120.5985427,100.0,CONTINGENCY,,V3
398,398,EVTOL-01,EC35,31.3090528,120.6038744,199.9,BUSY,M-P-001,V1
398,398,L-UAV-01,AMZN,31.3038253,120.5998434,100.0,BUSY,M-L-001,V2
398,398,M-UAV-01,M600,31.3108767,120.6039862,30.5,AVAILABLE,,
398,398,M-UAV-02,M600,31.3011188,120.5986291,100.0,CONTINGENCY,,V3
399,399,EVTOL-01,EC35,31.3094155,120.6038966,199.9,BUSY,M-P-001,V1
399,399,L-UAV-01,AMZN,31.3037061,120.5997680,100.0,BUSY,M-L-001,V2
399,399,M-UAV-01,M600,31.3108767,120.6039862,30.5,AVAILABLE,,
399,399,M-UAV-02,M600,31.3012325,120.5987154,100.0,CONTINGENCY,,V3
400,400,EVTOL-01,EC35,31.3097782,120.6039188,199.9,BUSY,M-P-001,V1
400,400,L-UAV-01,AMZN,31.3035868,120.5996925,100.0,BUSY,M-L-001,V2
400,400,M-UAV-01,M600,31.3108767,120.6039862,30.5,AVAILABLE,,
400,400,M-UAV-02,M600,31.3013463,120.5988017,100.0,CONTINGENCY,,V3
401,401,EVTOL-01,EC35,31.3101409,120.6039411,199.9,BUSY,M-P-001,V2
401,401,L-UAV-01,AMZN,31.3034676,120.5996170,100.0,BUSY,M-L-001,V2
401,401,M-UAV-01,M600,31.3108767,120.6039862,30.5,AVAILABLE,,
401,401,M-UAV-02,M600,31.3014600,120.5988881,100.0,CONTINGENCY,,V3
402,402,EVTOL-01,EC35,31.3105034,120.6039152,199.9,BUSY,M-P-001,V2
402,402,L-UAV-01,AMZN,31.3033484,120.5995416,100.0,BUSY,M-L-001,V2
402,402,M-UAV-01,M600,31.3108767,120.6039862,30.5,AVAILABLE,,
402,402,M-UAV-02,M600,31.3015737,120.5989744,100.0,CONTINGENCY,,V3
403,403,EVTOL-01,EC35,31.3108611,120.6038415,199.9,BUSY,M-P-001,V2
403,403,L-UAV-01,AMZN,31.3032292,120.5994661,100.0,BUSY,M-L-001,V2
403,403,M-UAV-01,M600,31.3108767,120.6039862,30.5,AVAILABLE,,
403,403,M-UAV-02,M600,31.3016874,120.5990607,100.0,CONTINGENCY,,V3
404,404,EVTOL-01,EC35,31.3112094,120.6037210,199.9,BUSY,M-P-001,V2
404,404,L-UAV-01,AMZN,31.3031099,120.5993907,100.0,BUSY,M-L-001,V2
404,404,M-UAV-01,M600,31.3108767,120.6039862,30.5,AVAILABLE,,
404,404,M-UAV-02,M600,31.3018011,120.5991471,100.0,CONTINGENCY,,V3
405,405,EVTOL-01,EC35,31.3115438,120.6035552,199.9,BUSY,M-P-001,V2
405,405,L-UAV-01,AMZN,31.3029907,120.5993152,100.0,BUSY,M-L-001,V2
405,405,M-UAV-01,M600,31.3108767,120.6039862,30.5,AVAILABLE,,
405,405,M-UAV-02,M600,31.3019148,120.5992334,100.0,CONTINGENCY,,V3
406,406,EVTOL-01,EC35,31.3118601,120.6033463,199.9,BUSY,M-P-001,V2
406,406,L-UAV-01,AMZN,31.3028715,120.5992397,100.0,BUSY,M-L-001,V2
406,406,M-UAV-01,M600,31.3108767,120.6039862,30.5,AVAILABLE,,
406,406,M-UAV-02,M600,31.3020285,120.5993197,100.0,CONTINGENCY,,V3
407,407,EVTOL-01,EC35,31.3121542,120.6030968,199.9,BUSY,M-P-001,V2
407,407,L-UAV-01,AMZN,31.3027522,120.5991643,100.0,BUSY,M-L-001,V2
407,407,M-UAV-01,M600,31.3108767,120.6039862,30.5,AVAILABLE,,
407,407,M-UAV-02,M600,31.3021423,120.5994061,100.0,CONTINGENCY,,V3
408,408,EVTOL-01,EC35,31.3124223,120.6028101,199.9,BUSY,M-P-001,V2
408,408,L-UAV-01,AMZN,31.3026330,120.5990888,100.0,BUSY,M-L-001,V2
408,408,M-UAV-01,M600,31.3108767,120.6039862,30.5,AVAILABLE,,
408,408,M-UAV-02,M600,31.3022560,120.5994924,100.0,CONTINGENCY,,V3
409,409,EVTOL-01,EC35,31.3126611,120.6024897,199.9,BUSY,M-P-001,V2
409,409,L-UAV-01,AMZN,31.3025138,120.5990133,100.0,BUSY,M-L-001,V2
409,409,M-UAV-01,M600,31.3108767,120.6039862,30.5,AVAILABLE,,
409,409,M-UAV-02,M600,31.3023697,120.5995788,100.0,CONTINGENCY,,V3
410,410,EVTOL-01,EC35,31.3128673,120.6021398,199.9,BUSY,M-P-001,V2
410,410,L-UAV-01,AMZN,31.3023946,120.5989379,100.0,BUSY,M-L-001,V2
410,410,M-UAV-01,M600,31.3108767,120.6039862,30.5,AVAILABLE,,
410,410,M-UAV-02,M600,31.3024834,120.5996651,100.0,CONTINGENCY,,V3
411,411,EVTOL-01,EC35,31.3130385,120.6017649,199.9,BUSY,M-P-001,V2
411,411,L-UAV-01,AMZN,31.3022753,120.5988624,100.0,BUSY,M-L-001,V2
411,411,M-UAV-01,M600,31.3108767,120.6039862,30.5,AVAILABLE,,
411,411,M-UAV-02,M600,31.3025971,120.5997514,100.0,CONTINGENCY,,V3
412,412,EVTOL-01,EC35,31.3131724,120.6013697,199.9,BUSY,M-P-001,V2
412,412,L-UAV-01,AMZN,31.3021561,120.5987869,100.0,BUSY,M-L-001,V2
412,412,M-UAV-01,M600,31.3108767,120.6039862,30.5,AVAILABLE,,
412,412,M-UAV-02,M600,31.3027108,120.5998378,100.0,CONTINGENCY,,V3
413,413,EVTOL-01,EC35,31.3132673,120.6009594,199.9,BUSY,M-P-001,V2
413,413,L-UAV-01,AMZN,31.3020369,120.5987115,100.0,BUSY,M-L-001,V2
413,413,M-UAV-01,M600,31.3108767,120.6039862,30.5,AVAILABLE,,
413,413,M-UAV-02,M600,31.3028245,120.5999241,100.0,CONTINGENCY,,V3
414,414,EVTOL-01,EC35,31.3133219,120.6005391,199.9,BUSY,M-P-001,V2
414,414,L-UAV-01,AMZN,31.3019176,120.5986360,100.0,BUSY,M-L-001,V2
414,414,M-UAV-01,M600,31.3108767,120.6039862,30.5,AVAILABLE,,
414,414,M-UAV-02,M600,31.3029383,120.6000104,100.0,CONTINGENCY,,V3
415,415,EVTOL-01,EC35,31.3133357,120.6001143,199.9,BUSY,M-P-001,V2
415,415,L-UAV-01,AMZN,31.3017984,120.5985606,100.0,BUSY,M-L-001,V2
415,415,M-UAV-01,M600,31.3108767,120.6039862,30.5,AVAILABLE,,
415,415,M-UAV-02,M600,31.3030520,120.6000968,100.0,CONTINGENCY,,V3
416,416,EVTOL-01,EC35,31.3133083,120.5996904,199.9,BUSY,M-P-001,V2
416,416,L-UAV-01,AMZN,31.3016792,120.5984851,100.0,BUSY,M-L-001,V2
416,416,M-UAV-01,M600,31.3108767,120.6039862,30.5,AVAILABLE,,
416,416,M-UAV-02,M600,31.3031657,120.6001831,100.0,CONTINGENCY,,V3
417,417,EVTOL-01,EC35,31.3132402,120.5992728,199.9,BUSY,M-P-001,V2
417,417,L-UAV-01,AMZN,31.3015599,120.5984096,100.0,BUSY,M-L-001,V2
417,417,M-UAV-01,M600,31.3108767,120.6039862,30.5,AVAILABLE,,
417,417,M-UAV-02,M600,31.3032794,120.6002695,100.0,CONTINGENCY,,V3
418,418,EVTOL-01,EC35,31.3131323,120.5988669,199.9,BUSY,M-P-001,V2
418,418,L-UAV-01,AMZN,31.3014407,120.5983342,100.0,BUSY,M-L-001,V2
418,418,M-UAV-01,M600,31.3108767,120.6039862,30.5,AVAILABLE,,
418,418,M-UAV-02,M600,31.3033931,120.6003558,100.0,CONTINGENCY,,V3
419,419,EVTOL-01,EC35,31.3129858,120.5984779,199.9,BUSY,M-P-001,V2
419,419,L-UAV-01,AMZN,31.3013215,120.5982587,100.0,BUSY,M-L-001,V2
419,419,M-UAV-01,M600,31.3108767,120.6039862,30.5,AVAILABLE,,
419,419,M-UAV-02,M600,31.3035068,120.6004421,100.0,CONTINGENCY,,V3
420,420,EVTOL-01,EC35,31.3128027,120.5981108,199.9,BUSY,M-P-001,V2
420,420,L-UAV-01,AMZN,31.3012023,120.5981833,100.0,BUSY,M-L-001,V2
420,420,M-UAV-01,M600,31.3108767,120.6039862,30.5,AVAILABLE,,
420,420,M-UAV-02,M600,31.3036205,120.6005285,100.0,CONTINGENCY,,V3
421,421,EVTOL-01,EC35,31.3125854,120.5977702,199.9,BUSY,M-P-001,V2
421,421,L-UAV-01,AMZN,31.3010830,120.5981078,100.0,BUSY,M-L-001,V2
421,421,M-UAV-01,M600,31.3108767,120.6039862,30.5,AVAILABLE,,
421,421,M-UAV-02,M600,31.3037343,120.6006148,100.0,CONTINGENCY,,V3
422,422,EVTOL-01,EC35,31.3123365,120.5974605,199.9,BUSY,M-P-001,V2
422,422,L-UAV-01,AMZN,31.3009638,120.5980323,100.0,BUSY,M-L-001,V2
422,422,M-UAV-01,M600,31.3108767,120.6039862,30.5,AVAILABLE,,
422,422,M-UAV-02,M600,31.3038480,120.6007012,100.0,CONTINGENCY,,V3
423,423,EVTOL-01,EC35,31.3120594,120.5971858,199.9,BUSY,M-P-001,V2
423,423,L-UAV-01,AMZN,31.3008446,120.5979569,100.0,BUSY,M-L-001,V2
423,423,M-UAV-01,M600,31.3108767,120.6039862,30.5,AVAILABLE,,
423,423,M-UAV-02,M600,31.3039617,120.6007875,100.0,CONTINGENCY,,V3
424,424,EVTOL-01,EC35,31.3117575,120.5969494,199.9,BUSY,M-P-001,V2
424,424,L-UAV-01,AMZN,31.3007253,120.5978814,100.0,BUSY,M-L-001,V2
424,424,M-UAV-01,M600,31.3108767,120.6039862,30.5,AVAILABLE,,
424,424,M-UAV-02,M600,31.3040754,120.6008739,100.0,CONTINGENCY,,V3
425,425,EVTOL-01,EC35,31.3114348,120.5967545,199.9,BUSY,M-P-001,V2
425,425,L-UAV-01,AMZN,31.3006061,120.5978059,100.0,BUSY,M-L-001,V2
425,425,M-UAV-01,M600,31.3108767,120.6039862,30.5,AVAILABLE,,
425,425,M-UAV-02,M600,31.3041891,120.6009602,100.0,CONTINGENCY,,V3
426,426,EVTOL-01,EC35,31.3110952,120.5966035,199.9,BUSY,M-P-001,V2
426,426,L-UAV-01,AMZN,31.3004869,120.5977305,100.0,BUSY,M-L-001,V2
426,426,M-UAV-01,M600,31.3108767,120.6039862,30.5,AVAILABLE,,
426,426,M-UAV-02,M600,31.3043028,120.6010465,100.0,CONTINGENCY,,V3
427,427,EVTOL-01,EC35,31.3107433,120.5964984,199.9,BUSY,M-P-001,V2
427,427,L-UAV-01,AMZN,31.3003677,120.5976550,100.0,BUSY,M-L-001,V2
427,427,M-UAV-01,M600,31.3108767,120.6039862,30.5,AVAILABLE,,
427,427,M-UAV-02,M600,31.3044165,120.6011329,100.0,CONTINGENCY,,V3
428,428,EVTOL-01,EC35,31.3103835,120.5964405,199.9,BUSY,M-P-001,V2
428,428,L-UAV-01,AMZN,31.3002484,120.5975796,100.0,BUSY,M-L-001,V2
428,428,M-UAV-01,M600,31.3108767,120.6039862,30.5,AVAILABLE,,
428,428,M-UAV-02,M600,31.3045302,120.6012192,100.0,CONTINGENCY,,V3
429,429,EVTOL-01,EC35,31.3100208,120.5964183,199.9,BUSY,M-P-001,V2
429,429,L-UAV-01,AMZN,31.3001292,120.5975041,100.0,BUSY,M-L-001,V2
429,429,M-UAV-01,M600,31.3108767,120.6039862,30.5,AVAILABLE,,
429,429,M-UAV-02,M600,31.3046440,120.6013056,100.0,CONTINGENCY,,V3
430,430,EVTOL-01,EC35,31.3096581,120.5963961,199.9,BUSY,M-P-001,V2
430,430,L-UAV-01,AMZN,31.3000100,120.5974287,100.0,BUSY,M-L-001,V2
430,430,M-UAV-01,M600,31.3108767,120.6039862,30.5,AVAILABLE,,
430,430,M-UAV-02,M600,31.3047577,120.6013919,100.0,CONTINGENCY,,V3
431,431,EVTOL-01,EC35,31.3092954,120.5963739,199.9,BUSY,M-P-001,V2
431,431,L-UAV-01,AMZN,31.2998907,120.5973532,100.0,BUSY,M-L-001,V2
431,431,M-UAV-01,M600,31.3108767,120.6039862,30.5,AVAILABLE,,
431,431,M-UAV-02,M600,31.3048714,120.6014782,100.0,CONTINGENCY,,V3
432,432,EVTOL-01,EC35,31.3089327,120.5963518,199.9,BUSY,M-P-001,V2
432,432,L-UAV-01,AMZN,31.2997715,120.5972777,100.0,BUSY,M-L-001,V2
432,432,M-UAV-01,M600,31.3108767,120.6039862,30.5,AVAILABLE,,
432,432,M-UAV-02,M600,31.3049851,120.6015646,100.0,CONTINGENCY,,V3
433,433,EVTOL-01,EC35,31.3085700,120.5963296,199.9,BUSY,M-P-001,V2
433,433,L-UAV-01,AMZN,31.2996523,120.5972023,100.0,BUSY,M-L-001,V2
433,433,M-UAV-01,M600,31.3108767,120.6039862,30.5,AVAILABLE,,
433,433,M-UAV-02,M600,31.3050988,120.6016509,100.0,CONTINGENCY,,V3
434,434,EVTOL-01,EC35,31.3082073,120.5963074,199.9,BUSY,M-P-001,V2
434,434,L-UAV-01,AMZN,31.2995330,120.5971268,100.0,BUSY,M-L-001,V2
434,434,M-UAV-01,M600,31.3108767,120.6039862,30.5,AVAILABLE,,
434,434,M-UAV-02,M600,31.3052125,120.6017373,100.0,CONTINGENCY,,V3
435,435,EVTOL-01,EC35,31.3078447,120.5962852,199.9,BUSY,M-P-001,V2
435,435,L-UAV-01,AMZN,31.2994138,120.5970514,100.0,BUSY,M-L-001,V2
435,435,M-UAV-01,M600,31.3108767,120.6039862,30.5,AVAILABLE,,
435,435,M-UAV-02,M600,31.3053262,120.6018236,100.0,CONTINGENCY,,V3
436,436,EVTOL-01,EC35,31.3074820,120.5962630,199.9,BUSY,M-P-001,V2
436,436,L-UAV-01,AMZN,31.2992946,120.5969759,100.0,BUSY,M-L-001,V2
436,436,M-UAV-01,M600,31.3108767,120.6039862,30.5,AVAILABLE,,
436,436,M-UAV-02,M600,31.3054400,120.6019100,100.0,CONTINGENCY,,V3
437,437,EVTOL-01,EC35,31.3071193,120.5962408,199.9,BUSY,M-P-001,V2
437,437,L-UAV-01,AMZN,31.2991754,120.5969004,100.0,BUSY,M-L-001,V2
437,437,M-UAV-01,M600,31.3108767,120.6039862,30.5,AVAILABLE,,
437,437,M-UAV-02,M600,31.3055537,120.6019963,100.0,CONTINGENCY,,V3
438,438,EVTOL-01,EC35,31.3067566,120.5962186,199.9,BUSY,M-P-001,V2
438,438,L-UAV-01,AMZN,31.2990561,120.5968250,100.0,BUSY,M-L-001,V2
438,438,M-UAV-01,M600,31.3108767,120.6039862,30.5,AVAILABLE,,
438,438,M-UAV-02,M600,31.3056674,120.6020826,100.0,CONTINGENCY,,V3
439,439,EVTOL-01,EC35,31.3063939,120.5961964,199.9,BUSY,M-P-001,V2
439,439,L-UAV-01,AMZN,31.2989369,120.5967495,100.0,BUSY,M-L-001,V2
439,439,M-UAV-01,M600,31.3108767,120.6039862,30.5,AVAILABLE,,
439,439,M-UAV-02,M600,31.3057811,120.6021690,100.0,CONTINGENCY,,V3
440,440,EVTOL-01,EC35,31.3060312,120.5961743,199.9,BUSY,M-P-001,V2
440,440,L-UAV-01,AMZN,31.2988177,120.5966741,100.0,BUSY,M-L-001,V2
440,440,M-UAV-01,M600,31.3108767,120.6039862,30.5,AVAILABLE,,
440,440,M-UAV-02,M600,31.3058948,120.6022553,100.0,CONTINGENCY,,
441,441,EVTOL-01,EC35,31.3056685,120.5961521,199.9,BUSY,M-P-001,V2
441,441,L-UAV-01,AMZN,31.2986984,120.5965986,100.0,BUSY,M-L-001,V2
441,441,M-UAV-01,M600,31.3108767,120.6039862,30.5,AVAILABLE,,
441,441,M-UAV-02,M600,31.3059934,120.6023302,98.5,CONTINGENCY,,
442,442,EVTOL-01,EC35,31.3053058,120.5961299,199.9,BUSY,M-P-001,V2
442,442,L-UAV-01,AMZN,31.2985792,120.5965232,100.0,BUSY,M-L-001,V2
442,442,M-UAV-01,M600,31.3108767,120.6039862,30.5,AVAILABLE,,
442,442,M-UAV-02,M600,31.3060770,120.6023937,95.4,CONTINGENCY,,
443,443,EVTOL-01,EC35,31.3049431,120.5961077,199.9,BUSY,M-P-001,V2
443,443,L-UAV-01,AMZN,31.2984600,120.5964477,100.0,BUSY,M-L-001,V2
443,443,M-UAV-01,M600,31.3108767,120.6039862,30.5,AVAILABLE,,
443,443,M-UAV-02,M600,31.3061454,120.6024456,90.8,CONTINGENCY,,
444,444,EVTOL-01,EC35,31.3045804,120.5960855,199.9,BUSY,M-P-001,V2
444,444,L-UAV-01,AMZN,31.2983407,120.5963722,100.0,BUSY,M-L-001,V2
444,444,M-UAV-01,M600,31.3108767,120.6039862,30.5,AVAILABLE,,
444,444,M-UAV-02,M600,31.3061988,120.6024861,84.7,CONTINGENCY,,
445,445,EVTOL-01,EC35,31.3042177,120.5960633,199.9,BUSY,M-P-001,V2
445,445,L-UAV-01,AMZN,31.2982215,120.5962968,100.0,BUSY,M-L-001,V2
445,445,M-UAV-01,M600,31.3108767,120.6039862,30.5,AVAILABLE,,
445,445,M-UAV-02,M600,31.3062370,120.6025152,77.1,CONTINGENCY,,
446,446,EVTOL-01,EC35,31.3038550,120.5960411,199.9,BUSY,M-P-001,V2
446,446,L-UAV-01,AMZN,31.2981023,120.5962213,100.0,BUSY,M-L-001,V2
446,446,M-UAV-01,M600,31.3108767,120.6039862,30.5,AVAILABLE,,
446,446,M-UAV-02,M600,31.3062602,120.6025328,69.5,CONTINGENCY,,
447,447,EVTOL-01,EC35,31.3034923,120.5960189,199.9,BUSY,M-P-001,V2
447,447,L-UAV-01,AMZN,31.2979830,120.5961459,100.0,BUSY,M-L-001,V2
447,447,M-UAV-01,M600,31.3108767,120.6039862,30.5,AVAILABLE,,
447,447,M-UAV-02,M600,31.3062683,120.6025389,61.9,CONTINGENCY,,
448,448,EVTOL-01,EC35,31.3031296,120.5959968,199.9,BUSY,M-P-001,V2
448,448,L-UAV-01,AMZN,31.2978638,120.5960704,100.0,BUSY,M-L-001,V3
448,448,M-UAV-01,M600,31.3108767,120.6039862,30.5,AVAILABLE,,
448,448,M-UAV-02,M600,31.3062683,120.6025389,54.3,CONTINGENCY,,
449,449,EVTOL-01,EC35,31.3027669,120.5959746,199.9,BUSY,M-P-001,V2
449,449,L-UAV-01,AMZN,31.2977308,120.5960401,100.0,BUSY,M-L-001,V3
449,449,M-UAV-01,M600,31.3108767,120.6039862,30.5,AVAILABLE,,
449,449,M-UAV-02,M600,31.3062683,120.6025389,46.6,CONTINGENCY,,
450,450,EVTOL-01,EC35,31.3024042,120.5959524,199.9,BUSY,M-P-001,V2
450,450,L-UAV-01,AMZN,31.2975961,120.5960577,100.0,BUSY,M-L-001,V3
450,450,M-UAV-01,M600,31.3108767,120.6039862,30.5,AVAILABLE,,
450,450,M-UAV-02,M600,31.3062683,120.6025389,39.0,CONTINGENCY,,
451,451,EVTOL-01,EC35,31.3020415,120.5959302,199.9,BUSY,M-P-001,V2
451,451,L-UAV-01,AMZN,31.2974720,120.5961216,100.0,BUSY,M-L-001,V3
451,451,M-UAV-01,M600,31.3108767,120.6039862,30.5,AVAILABLE,,
451,451,M-UAV-02,M600,31.3062683,120.6025389,31.4,CONTINGENCY,,
452,452,EVTOL-01,EC35,31.3016788,120.5959080,199.9,BUSY,M-P-001,V2
452,452,L-UAV-01,AMZN,31.2973699,120.5962259,100.0,BUSY,M-L-001,V3
452,452,M-UAV-01,M600,31.3108767,120.6039862,30.5,AVAILABLE,,
452,452,M-UAV-02,M600,31.3062683,120.6025389,30.5,CONTINGENCY,,
453,453,EVTOL-01,EC35,31.3013161,120.5958858,199.9,BUSY,M-P-001,V2
453,453,L-UAV-01,AMZN,31.2972991,120.5963612,100.0,BUSY,M-L-001,V3
453,453,M-UAV-01,M600,31.3108767,120.6039862,30.5,AVAILABLE,,
453,453,M-UAV-02,M600,31.3062683,120.6025389,30.5,CONTINGENCY,,
454,454,EVTOL-01,EC35,31.3009534,120.5958636,199.9,BUSY,M-P-001,V2
454,454,L-UAV-01,AMZN,31.2972661,120.5965150,100.0,BUSY,M-L-001,V3
454,454,M-UAV-01,M600,31.3108767,120.6039862,30.5,AVAILABLE,,
454,454,M-UAV-02,M600,31.3062683,120.6025389,30.5,CONTINGENCY,,
455,455,EVTOL-01,EC35,31.3005907,120.5958415,199.9,BUSY,M-P-001,V2
455,455,L-UAV-01,AMZN,31.2972738,120.5966734,100.0,BUSY,M-L-001,V3
455,455,M-UAV-01,M600,31.3108767,120.6039862,30.5,AVAILABLE,,
455,455,M-UAV-02,M600,31.3062683,120.6025389,30.5,CONTINGENCY,,
456,456,EVTOL-01,EC35,31.3002281,120.5958193,199.9,BUSY,M-P-001,V2
456,456,L-UAV-01,AMZN,31.2973217,120.5968218,100.0,BUSY,M-L-001,V3
456,456,M-UAV-01,M600,31.3108767,120.6039862,30.5,AVAILABLE,,
456,456,M-UAV-02,M600,31.3062683,120.6025389,30.5,CONTINGENCY,,
457,457,EVTOL-01,EC35,31.2998654,120.5957971,199.9,BUSY,M-P-001,V2
457,457,L-UAV-01,AMZN,31.2974052,120.5969468,100.0,BUSY,M-L-001,V3
457,457,M-UAV-01,M600,31.3108767,120.6039862,30.5,AVAILABLE,,
457,457,M-UAV-02,M600,31.3062683,120.6025389,30.5,CONTINGENCY,,
458,458,EVTOL-01,EC35,31.2995027,120.5957749,199.9,BUSY,M-P-001,V2
458,458,L-UAV-01,AMZN,31.2975168,120.5970368,100.0,BUSY,M-L-001,V3
458,458,M-UAV-01,M600,31.3108767,120.6039862,30.5,AVAILABLE,,
458,458,M-UAV-02,M600,31.3062683,120.6025389,30.5,CONTINGENCY,,
459,459,EVTOL-01,EC35,31.2991400,120.5957527,199.9,BUSY,M-P-001,V2
459,459,L-UAV-01,AMZN,31.2976361,120.5971122,100.0,BUSY,M-L-001,V3
459,459,M-UAV-01,M600,31.3108767,120.6039862,30.5,AVAILABLE,,
459,459,M-UAV-02,M600,31.3062683,120.6025389,30.5,CONTINGENCY,,
460,460,EVTOL-01,EC35,31.2987773,120.5957305,199.9,BUSY,M-P-001,V2
460,460,L-UAV-01,AMZN,31.2977553,120.5971877,100.0,BUSY,M-L-001,V3
460,460,M-UAV-01,M600,31.3108767,120.6039862,30.5,AVAILABLE,,
460,460,M-UAV-02,M600,31.3062683,120.6025389,30.5,CONTINGENCY,,
461,461,EVTOL-01,EC35,31.2984146,120.5957084,199.9,BUSY,M-P-001,V2
461,461,L-UAV-01,AMZN,31.2978745,120.5972631,100.0,BUSY,M-L-001,V3
461,461,M-UAV-01,M600,31.3108767,120.6039862,30.5,AVAILABLE,,
461,461,M-UAV-02,M600,31.3062683,120.6025389,30.5,CONTINGENCY,,
462,462,EVTOL-01,EC35,31.2980519,120.5956862,199.9,BUSY,M-P-001,V1
462,462,L-UAV-01,AMZN,31.2979938,120.5973386,100.0,BUSY,M-L-001,V3
462,462,M-UAV-01,M600,31.3108767,120.6039862,30.5,AVAILABLE,,
462,462,M-UAV-02,M600,31.3062683,120.6025389,30.5,CONTINGENCY,,
463,463,EVTOL-01,EC35,31.2976894,120.5957121,199.9,BUSY,M-P-001,V1
463,463,L-UAV-01,AMZN,31.2981130,120.5974140,100.0,BUSY,M-L-001,V3
463,463,M-UAV-01,M600,31.3108767,120.6039862,30.5,AVAILABLE,,
463,463,M-UAV-02,M600,31.3062683,120.6025389,30.5,CONTINGENCY,,
464,464,EVTOL-01,EC35,31.2973317,120.5957858,199.9,BUSY,M-P-001,V1
464,464,L-UAV-01,AMZN,31.2982322,120.5974895,100.0,BUSY,M-L-001,V3
464,464,M-UAV-01,M600,31.3108767,120.6039862,30.5,AVAILABLE,,
464,464,M-UAV-02,M600,31.3062683,120.6025389,30.5,CONTINGENCY,,
465,465,EVTOL-01,EC35,31.2969834,120.5959063,199.9,BUSY,M-P-001,V1
465,465,L-UAV-01,AMZN,31.2983514,120.5975650,100.0,BUSY,M-L-001,V3
465,465,M-UAV-01,M600,31.3108767,120.6039862,30.5,AVAILABLE,,
465,465,M-UAV-02,M600,31.3062683,120.6025389,30.5,CONTINGENCY,,
466,466,EVTOL-01,EC35,31.2966490,120.5960721,199.9,BUSY,M-P-001,V1
466,466,L-UAV-01,AMZN,31.2984707,120.5976404,100.0,BUSY,M-L-001,V3
466,466,M-UAV-01,M600,31.3108767,120.6039862,30.5,AVAILABLE,,
466,466,M-UAV-02,M600,31.3062683,120.6025389,30.5,CONTINGENCY,,
467,467,EVTOL-01,EC35,31.2963327,120.5962811,199.9,BUSY,M-P-001,V1
467,467,L-UAV-01,AMZN,31.2985899,120.5977159,100.0,BUSY,M-L-001,V3
467,467,M-UAV-01,M600,31.3108767,120.6039862,30.5,AVAILABLE,,
467,467,M-UAV-02,M600,31.3062683,120.6025389,30.5,CONTINGENCY,,
468,468,EVTOL-01,EC35,31.2960386,120.5965305,199.9,BUSY,M-P-001,V1
468,468,L-UAV-01,AMZN,31.2987091,120.5977913,100.0,BUSY,M-L-001,V3
468,468,M-UAV-01,M600,31.3108767,120.6039862,30.5,AVAILABLE,,
468,468,M-UAV-02,M600,31.3062683,120.6025389,30.5,CONTINGENCY,,
469,469,EVTOL-01,EC35,31.2957705,120.5968172,199.9,BUSY,M-P-001,V1
469,469,L-UAV-01,AMZN,31.2988284,120.5978668,100.0,BUSY,M-L-001,V3
469,469,M-UAV-01,M600,31.3108767,120.6039862,30.5,AVAILABLE,,
469,469,M-UAV-02,M600,31.3062683,120.6025389,30.5,CONTINGENCY,,
470,470,EVTOL-01,EC35,31.2955318,120.5971376,199.9,BUSY,M-P-001,V1
470,470,L-UAV-01,AMZN,31.2989476,120.5979422,100.0,BUSY,M-L-001,V3
470,470,M-UAV-01,M600,31.3108767,120.6039862,30.5,AVAILABLE,,
470,470,M-UAV-02,M600,31.3062683,120.6025389,30.5,CONTINGENCY,,
471,471,EVTOL-01,EC35,31.2953256,120.5974874,199.9,BUSY,M-P-001,V1
471,471,L-UAV-01,AMZN,31.2990668,120.5980177,100.0,BUSY,M-L-001,V3
471,471,M-UAV-01,M600,31.3108767,120.6039862,30.5,AVAILABLE,,
471,471,M-UAV-02,M600,31.3062683,120.6025389,30.5,CONTINGENCY,,
472,472,EVTOL-01,EC35,31.2951544,120.5978623,199.9,BUSY,M-P-001,V1
472,472,L-UAV-01,AMZN,31.2991861,120.5980932,100.0,BUSY,M-L-001,V3
472,472,M-UAV-01,M600,31.3108767,120.6039862,30.5,AVAILABLE,,
472,472,M-UAV-02,M600,31.3062683,120.6025389,30.5,CONTINGENCY,,
473,473,EVTOL-01,EC35,31.2950206,120.5982574,199.9,BUSY,M-P-001,V1
473,473,L-UAV-01,AMZN,31.2993053,120.5981686,100.0,BUSY,M-L-001,V3
473,473,M-UAV-01,M600,31.3108767,120.6039862,30.5,AVAILABLE,,
473,473,M-UAV-02,M600,31.3062683,120.6025389,30.5,CONTINGENCY,,
474,474,EVTOL-01,EC35,31.2949257,120.5986677,199.9,BUSY,M-P-001,V1
474,474,L-UAV-01,AMZN,31.2994245,120.5982441,100.0,BUSY,M-L-001,V3
474,474,M-UAV-01,M600,31.3108767,120.6039862,30.5,AVAILABLE,,
474,474,M-UAV-02,M600,31.3062683,120.6025389,30.5,CONTINGENCY,,
475,475,EVTOL-01,EC35,31.2948711,120.5990879,199.9,BUSY,M-P-001,V1
475,475,L-UAV-01,AMZN,31.2995437,120.5983195,100.0,BUSY,M-L-001,V3
475,475,M-UAV-01,M600,31.3108767,120.6039862,30.5,AVAILABLE,,
475,475,M-UAV-02,M600,31.3062683,120.6025389,30.5,CONTINGENCY,,
476,476,EVTOL-01,EC35,31.2948574,120.5995126,199.9,BUSY,M-P-001,V1
476,476,L-UAV-01,AMZN,31.2996630,120.5983950,100.0,BUSY,M-L-001,V3
476,476,M-UAV-01,M600,31.3108767,120.6039862,30.5,AVAILABLE,,
476,476,M-UAV-02,M600,31.3062683,120.6025389,30.5,CONTINGENCY,,
477,477,EVTOL-01,EC35,31.2948848,120.5999364,199.9,BUSY,M-P-001,V1
477,477,L-UAV-01,AMZN,31.2997822,120.5984705,100.0,BUSY,M-L-001,V3
477,477,M-UAV-01,M600,31.3108767,120.6039862,30.5,AVAILABLE,,
477,477,M-UAV-02,M600,31.3062683,120.6025389,30.5,CONTINGENCY,,
478,478,EVTOL-01,EC35,31.2949529,120.6003539,199.9,BUSY,M-P-001,V1
478,478,L-UAV-01,AMZN,31.2999014,120.5985459,100.0,BUSY,M-L-001,V3
478,478,M-UAV-01,M600,31.3108767,120.6039862,30.5,AVAILABLE,,
478,478,M-UAV-02,M600,31.3062683,120.6025389,30.5,CONTINGENCY,,
479,479,EVTOL-01,EC35,31.2950609,120.6007597,199.9,BUSY,M-P-001,V1
479,479,L-UAV-01,AMZN,31.3000207,120.5986214,100.0,BUSY,M-L-001,V3
479,479,M-UAV-01,M600,31.3108767,120.6039862,30.5,AVAILABLE,,
479,479,M-UAV-02,M600,31.3062683,120.6025389,30.5,CONTINGENCY,,
480,480,EVTOL-01,EC35,31.2952074,120.6011486,199.9,BUSY,M-P-001,V1
480,480,L-UAV-01,AMZN,31.3001399,120.5986968,100.0,BUSY,M-L-001,V3
480,480,M-UAV-01,M600,31.3108767,120.6039862,30.5,AVAILABLE,,
480,480,M-UAV-02,M600,31.3062683,120.6025389,30.5,CONTINGENCY,,
481,481,EVTOL-01,EC35,31.2953905,120.6015157,199.9,BUSY,M-P-001,V1
481,481,L-UAV-01,AMZN,31.3002591,120.5987723,100.0,BUSY,M-L-001,V3
481,481,M-UAV-01,M600,31.3108767,120.6039862,30.5,AVAILABLE,,
481,481,M-UAV-02,M600,31.3062683,120.6025389,30.5,CONTINGENCY,,
482,482,EVTOL-01,EC35,31.2956079,120.6018562,199.9,BUSY,M-P-001,V1
482,482,L-UAV-01,AMZN,31.3003784,120.5988478,100.0,BUSY,M-L-001,V3
482,482,M-UAV-01,M600,31.3108767,120.6039862,30.5,AVAILABLE,,
482,482,M-UAV-02,M600,31.3062683,120.6025389,30.5,CONTINGENCY,,
483,483,EVTOL-01,EC35,31.2958568,120.6021658,199.9,BUSY,M-P-001,V1
483,483,L-UAV-01,AMZN,31.3004976,120.5989232,100.0,BUSY,M-L-001,V3
483,483,M-UAV-01,M600,31.3108767,120.6039862,30.5,AVAILABLE,,
483,483,M-UAV-02,M600,31.3062683,120.6025389,30.5,CONTINGENCY,,
484,484,EVTOL-01,EC35,31.2961339,120.6024405,199.9,BUSY,M-P-001,V1
484,484,L-UAV-01,AMZN,31.3006168,120.5989987,100.0,BUSY,M-L-001,V3
484,484,M-UAV-01,M600,31.3108767,120.6039862,30.5,AVAILABLE,,
484,484,M-UAV-02,M600,31.3062683,120.6025389,30.5,CONTINGENCY,,
485,485,EVTOL-01,EC35,31.2964358,120.6026767,199.9,BUSY,M-P-001,V1
485,485,L-UAV-01,AMZN,31.3007360,120.5990742,100.0,BUSY,M-L-001,V3
485,485,M-UAV-01,M600,31.3108767,120.6039862,30.5,AVAILABLE,,
485,485,M-UAV-02,M600,31.3062683,120.6025389,30.5,CONTINGENCY,,
486,486,EVTOL-01,EC35,31.2967586,120.6028716,199.9,BUSY,M-P-001,V1
486,486,L-UAV-01,AMZN,31.3008553,120.5991496,100.0,BUSY,M-L-001,V3
486,486,M-UAV-01,M600,31.3108767,120.6039862,30.5,AVAILABLE,,
486,486,M-UAV-02,M600,31.3062683,120.6025389,30.5,CONTINGENCY,,
487,487,EVTOL-01,EC35,31.2970982,120.6030225,199.9,BUSY,M-P-001,V1
487,487,L-UAV-01,AMZN,31.3009745,120.5992251,100.0,BUSY,M-L-001,V3
487,487,M-UAV-01,M600,31.3108767,120.6039862,30.5,AVAILABLE,,
487,487,M-UAV-02,M600,31.3062683,120.6025389,30.5,CONTINGENCY,,
488,488,EVTOL-01,EC35,31.2974501,120.6031275,199.9,BUSY,M-P-001,V1
488,488,L-UAV-01,AMZN,31.3010937,120.5993005,100.0,BUSY,M-L-001,V3
488,488,M-UAV-01,M600,31.3108767,120.6039862,30.5,AVAILABLE,,
488,488,M-UAV-02,M600,31.3062683,120.6025389,30.5,CONTINGENCY,,
489,489,EVTOL-01,EC35,31.2978099,120.6031854,199.9,BUSY,M-P-001,V1
489,489,L-UAV-01,AMZN,31.3012130,120.5993760,100.0,BUSY,M-L-001,V3
489,489,M-UAV-01,M600,31.3108767,120.6039862,30.5,AVAILABLE,,
489,489,M-UAV-02,M600,31.3062683,120.6025389,30.5,CONTINGENCY,,
490,490,EVTOL-01,EC35,31.2981726,120.6032076,199.9,BUSY,M-P-001,V1
490,490,L-UAV-01,AMZN,31.3013322,120.5994515,100.0,BUSY,M-L-001,V3
490,490,M-UAV-01,M600,31.3108767,120.6039862,30.5,AVAILABLE,,
490,490,M-UAV-02,M600,31.3062683,120.6025389,30.5,CONTINGENCY,,
491,491,EVTOL-01,EC35,31.2985353,120.6032298,199.9,BUSY,M-P-001,V1
491,491,L-UAV-01,AMZN,31.3014514,120.5995269,100.0,BUSY,M-L-001,V3
491,491,M-UAV-01,M600,31.3108767,120.6039862,30.5,AVAILABLE,,
491,491,M-UAV-02,M600,31.3062683,120.6025389,30.5,CONTINGENCY,,
492,492,EVTOL-01,EC35,31.2988980,120.6032521,199.9,BUSY,M-P-001,V1
492,492,L-UAV-01,AMZN,31.3015706,120.5996024,100.0,BUSY,M-L-001,V3
492,492,M-UAV-01,M600,31.3108767,120.6039862,30.5,AVAILABLE,,
492,492,M-UAV-02,M600,31.3062683,120.6025389,30.5,CONTINGENCY,,
493,493,EVTOL-01,EC35,31.2992607,120.6032743,199.9,BUSY,M-P-001,V1
493,493,L-UAV-01,AMZN,31.3016899,120.5996779,100.0,BUSY,M-L-001,V3
493,493,M-UAV-01,M600,31.3108767,120.6039862,30.5,AVAILABLE,,
493,493,M-UAV-02,M600,31.3062683,120.6025389,30.5,CONTINGENCY,,
494,494,EVTOL-01,EC35,31.2996234,120.6032965,199.9,BUSY,M-P-001,V1
494,494,L-UAV-01,AMZN,31.3018091,120.5997533,100.0,BUSY,M-L-001,V3
494,494,M-UAV-01,M600,31.3108767,120.6039862,30.5,AVAILABLE,,
494,494,M-UAV-02,M600,31.3062683,120.6025389,30.5,CONTINGENCY,,
495,495,EVTOL-01,EC35,31.2999860,120.6033187,199.9,BUSY,M-P-001,V1
495,495,L-UAV-01,AMZN,31.3019283,120.5998288,100.0,BUSY,M-L-001,V3
495,495,M-UAV-01,M600,31.3108767,120.6039862,30.5,AVAILABLE,,
495,495,M-UAV-02,M600,31.3062683,120.6025389,30.5,CONTINGENCY,,
496,496,EVTOL-01,EC35,31.3003487,120.6033410,199.9,BUSY,M-P-001,V1
496,496,L-UAV-01,AMZN,31.3020476,120.5999042,100.0,BUSY,M-L-001,V3
496,496,M-UAV-01,M600,31.3108767,120.6039862,30.5,AVAILABLE,,
496,496,M-UAV-02,M600,31.3062683,120.6025389,30.5,CONTINGENCY,,
497,497,EVTOL-01,EC35,31.3007114,120.6033632,199.9,BUSY,M-P-001,V1
497,497,L-UAV-01,AMZN,31.3021668,120.5999797,100.0,BUSY,M-L-001,V3
497,497,M-UAV-01,M600,31.3108767,120.6039862,30.5,AVAILABLE,,
497,497,M-UAV-02,M600,31.3062683,120.6025389,30.5,CONTINGENCY,,
498,498,EVTOL-01,EC35,31.3010741,120.6033854,199.9,BUSY,M-P-001,V1
498,498,L-UAV-01,AMZN,31.3022860,120.6000552,100.0,BUSY,M-L-001,V3
498,498,M-UAV-01,M600,31.3108767,120.6039862,30.5,AVAILABLE,,
498,498,M-UAV-02,M600,31.3062683,120.6025389,30.5,CONTINGENCY,,
499,499,EVTOL-01,EC35,31.3014368,120.6034076,199.9,BUSY,M-P-001,V1
499,499,L-UAV-01,AMZN,31.3024052,120.6001306,100.0,BUSY,M-L-001,V3
499,499,M-UAV-01,M600,31.3108767,120.6039862,30.5,AVAILABLE,,
499,499,M-UAV-02,M600,31.3062683,120.6025389,30.5,CONTINGENCY,,
500,500,EVTOL-01,EC35,31.3017995,120.6034299,199.9,BUSY,M-P-001,V1
500,500,L-UAV-01,AMZN,31.3025245,120.6002061,100.0,BUSY,M-L-001,V3
500,500,M-UAV-01,M600,31.3108767,120.6039862,30.5,AVAILABLE,,
500,500,M-UAV-02,M600,31.3062683,120.6025389,30.5,CONTINGENCY,,
501,501,EVTOL-01,EC35,31.3021622,120.6034521,199.9,BUSY,M-P-001,V1
501,501,L-UAV-01,AMZN,31.3026437,120.6002816,100.0,BUSY,M-L-001,V3
501,501,M-UAV-01,M600,31.3108767,120.6039862,30.5,AVAILABLE,,
501,501,M-UAV-02,M600,31.3062683,120.6025389,30.5,CONTINGENCY,,
502,502,EVTOL-01,EC35,31.3025249,120.6034743,199.9,BUSY,M-P-001,V1
502,502,L-UAV-01,AMZN,31.3027629,120.6003570,100.0,BUSY,M-L-001,V3
502,502,M-UAV-01,M600,31.3108767,120.6039862,30.5,AVAILABLE,,
502,502,M-UAV-02,M600,31.3062683,120.6025389,30.5,CONTINGENCY,,
503,503,EVTOL-01,EC35,31.3028876,120.6034965,199.9,BUSY,M-P-001,V1
503,503,L-UAV-01,AMZN,31.3028822,120.6004325,100.0,BUSY,M-L-001,V3
503,503,M-UAV-01,M600,31.3108767,120.6039862,30.5,AVAILABLE,,
503,503,M-UAV-02,M600,31.3062683,120.6025389,30.5,CONTINGENCY,,
504,504,EVTOL-01,EC35,31.3032503,120.6035188,199.9,BUSY,M-P-001,V1
504,504,L-UAV-01,AMZN,31.3030014,120.6005080,100.0,BUSY,M-L-001,V3
504,504,M-UAV-01,M600,31.3108767,120.6039862,30.5,AVAILABLE,,
504,504,M-UAV-02,M600,31.3062683,120.6025389,30.5,CONTINGENCY,,
505,505,EVTOL-01,EC35,31.3036130,120.6035410,199.9,BUSY,M-P-001,V1
505,505,L-UAV-01,AMZN,31.3031206,120.6005834,100.0,BUSY,M-L-001,V3
505,505,M-UAV-01,M600,31.3108767,120.6039862,30.5,AVAILABLE,,
505,505,M-UAV-02,M600,31.3062683,120.6025389,30.5,CONTINGENCY,,
506,506,EVTOL-01,EC35,31.3039757,120.6035632,199.9,BUSY,M-P-001,V1
506,506,L-UAV-01,AMZN,31.3032398,120.6006589,100.0,BUSY,M-L-001,V3
506,506,M-UAV-01,M600,31.3108767,120.6039862,30.5,AVAILABLE,,
506,506,M-UAV-02,M600,31.3062683,120.6025389,30.5,CONTINGENCY,,
507,507,EVTOL-01,EC35,31.3043384,120.6035854,199.9,BUSY,M-P-001,V1
507,507,L-UAV-01,AMZN,31.3033591,120.6007344,100.0,BUSY,M-L-001,V3
507,507,M-UAV-01,M600,31.3108767,120.6039862,30.5,AVAILABLE,,
507,507,M-UAV-02,M600,31.3062683,120.6025389,30.5,CONTINGENCY,,
508,508,EVTOL-01,EC35,31.3047011,120.6036077,199.9,BUSY,M-P-001,V1
508,508,L-UAV-01,AMZN,31.3034783,120.6008098,100.0,BUSY,M-L-001,V3
508,508,M-UAV-01,M600,31.3108767,120.6039862,30.5,AVAILABLE,,
508,508,M-UAV-02,M600,31.3062683,120.6025389,30.5,CONTINGENCY,,
509,509,EVTOL-01,EC35,31.3050638,120.6036299,199.9,BUSY,M-P-001,V1
509,509,L-UAV-01,AMZN,31.3035975,120.6008853,100.0,BUSY,M-L-001,V3
509,509,M-UAV-01,M600,31.3108767,120.6039862,30.5,AVAILABLE,,
509,509,M-UAV-02,M600,31.3062683,120.6025389,30.5,CONTINGENCY,,
510,510,EVTOL-01,EC35,31.3054265,120.6036521,199.9,BUSY,M-P-001,V1
510,510,L-UAV-01,AMZN,31.3037168,120.6009608,100.0,BUSY,M-L-001,V3
510,510,M-UAV-01,M600,31.3108767,120.6039862,30.5,AVAILABLE,,
510,510,M-UAV-02,M600,31.3062683,120.6025389,30.5,CONTINGENCY,,
511,511,EVTOL-01,EC35,31.3057891,120.6036743,199.9,BUSY,M-P-001,V1
511,511,L-UAV-01,AMZN,31.3038360,120.6010362,100.0,BUSY,M-L-001,V3
511,511,M-UAV-01,M600,31.3108767,120.6039862,30.5,AVAILABLE,,
511,511,M-UAV-02,M600,31.3062683,120.6025389,30.5,CONTINGENCY,,
512,512,EVTOL-01,EC35,31.3061518,120.6036966,199.9,BUSY,M-P-001,V1
512,512,L-UAV-01,AMZN,31.3039552,120.6011117,100.0,BUSY,M-L-001,V3
512,512,M-UAV-01,M600,31.3108767,120.6039862,30.5,AVAILABLE,,
512,512,M-UAV-02,M600,31.3062683,120.6025389,30.5,CONTINGENCY,,
513,513,EVTOL-01,EC35,31.3065145,120.6037188,199.9,BUSY,M-P-001,V1
513,513,L-UAV-01,AMZN,31.3040744,120.6011872,100.0,BUSY,M-L-001,V3
513,513,M-UAV-01,M600,31.3108767,120.6039862,30.5,AVAILABLE,,
513,513,M-UAV-02,M600,31.3062683,120.6025389,30.5,CONTINGENCY,,
514,514,EVTOL-01,EC35,31.3068772,120.6037410,199.9,BUSY,M-P-001,V1
514,514,L-UAV-01,AMZN,31.3041937,120.6012626,100.0,BUSY,M-L-001,V3
514,514,M-UAV-01,M600,31.3108767,120.6039862,30.5,AVAILABLE,,
514,514,M-UAV-02,M600,31.3062683,120.6025389,30.5,CONTINGENCY,,
515,515,EVTOL-01,EC35,31.3072399,120.6037633,199.9,BUSY,M-P-001,V1
515,515,L-UAV-01,AMZN,31.3043129,120.6013381,100.0,BUSY,M-L-001,V3
515,515,M-UAV-01,M600,31.3108767,120.6039862,30.5,AVAILABLE,,
515,515,M-UAV-02,M600,31.3062683,120.6025389,30.5,CONTINGENCY,,
516,516,EVTOL-01,EC35,31.3076026,120.6037855,199.9,BUSY,M-P-001,V1
516,516,L-UAV-01,AMZN,31.3044321,120.6014136,100.0,BUSY,M-L-001,V3
516,516,M-UAV-01,M600,31.3108767,120.6039862,30.5,AVAILABLE,,
516,516,M-UAV-02,M600,31.3062683,120.6025389,30.5,CONTINGENCY,,
517,517,EVTOL-01,EC35,31.3079653,120.6038077,199.9,BUSY,M-P-001,V1
517,517,L-UAV-01,AMZN,31.3045513,120.6014890,100.0,BUSY,M-L-001,V3
517,517,M-UAV-01,M600,31.3108767,120.6039862,30.5,AVAILABLE,,
517,517,M-UAV-02,M600,31.3062683,120.6025389,30.5,CONTINGENCY,,
518,518,EVTOL-01,EC35,31.3083280,120.6038299,199.9,BUSY,M-P-001,V1
518,518,L-UAV-01,AMZN,31.3046706,120.6015645,100.0,BUSY,M-L-001,V3
518,518,M-UAV-01,M600,31.3108767,120.6039862,30.5,AVAILABLE,,
518,518,M-UAV-02,M600,31.3062683,120.6025389,30.5,CONTINGENCY,,
519,519,EVTOL-01,EC35,31.3086907,120.6038522,199.9,BUSY,M-P-001,V1
519,519,L-UAV-01,AMZN,31.3047898,120.6016400,100.0,BUSY,M-L-001,V3
519,519,M-UAV-01,M600,31.3108767,120.6039862,30.5,AVAILABLE,,
519,519,M-UAV-02,M600,31.3062683,120.6025389,30.5,CONTINGENCY,,
520,520,EVTOL-01,EC35,31.3090534,120.6038744,199.9,BUSY,M-P-001,V1
520,520,L-UAV-01,AMZN,31.3049090,120.6017154,100.0,BUSY,M-L-001,V3
520,520,M-UAV-01,M600,31.3108767,120.6039862,30.5,AVAILABLE,,
520,520,M-UAV-02,M600,31.3062683,120.6025389,30.5,CONTINGENCY,,
521,521,EVTOL-01,EC35,31.3094161,120.6038966,199.9,BUSY,M-P-001,V1
521,521,L-UAV-01,AMZN,31.3050283,120.6017909,100.0,BUSY,M-L-001,V3
521,521,M-UAV-01,M600,31.3108767,120.6039862,30.5,AVAILABLE,,
521,521,M-UAV-02,M600,31.3062683,120.6025389,30.5,CONTINGENCY,,
522,522,EVTOL-01,EC35,31.3097788,120.6039189,199.9,BUSY,M-P-001,V1
522,522,L-UAV-01,AMZN,31.3051475,120.6018664,100.0,BUSY,M-L-001,V3
522,522,M-UAV-01,M600,31.3108767,120.6039862,30.5,AVAILABLE,,
522,522,M-UAV-02,M600,31.3062683,120.6025389,30.5,CONTINGENCY,,
523,523,EVTOL-01,EC35,31.3101415,120.6039411,199.9,BUSY,M-P-001,V2
523,523,L-UAV-01,AMZN,31.3052667,120.6019418,100.0,BUSY,M-L-001,V3
523,523,M-UAV-01,M600,31.3108767,120.6039862,30.5,AVAILABLE,,
523,523,M-UAV-02,M600,31.3062683,120.6025389,30.5,CONTINGENCY,,
524,524,EVTOL-01,EC35,31.3105040,120.6039152,199.9,BUSY,M-P-001,V2
524,524,L-UAV-01,AMZN,31.3053859,120.6020173,100.0,BUSY,M-L-001,V3
524,524,M-UAV-01,M600,31.3108767,120.6039862,30.5,AVAILABLE,,
524,524,M-UAV-02,M600,31.3062683,120.6025389,30.5,CONTINGENCY,,
525,525,EVTOL-01,EC35,31.3108617,120.6038416,199.9,BUSY,M-P-001,V2
525,525,L-UAV-01,AMZN,31.3055052,120.6020928,100.0,BUSY,M-L-001,V3
525,525,M-UAV-01,M600,31.3108767,120.6039862,30.5,AVAILABLE,,
525,525,M-UAV-02,M600,31.3062683,120.6025389,30.5,CONTINGENCY,,
526,526,EVTOL-01,EC35,31.3112100,120.6037211,199.9,BUSY,M-P-001,V2
526,526,L-UAV-01,AMZN,31.3056244,120.6021682,100.0,BUSY,M-L-001,V3
526,526,M-UAV-01,M600,31.3108767,120.6039862,30.5,AVAILABLE,,
526,526,M-UAV-02,M600,31.3062683,120.6025389,30.5,CONTINGENCY,,
527,527,EVTOL-01,EC35,31.3115444,120.6035553,199.9,BUSY,M-P-001,V2
527,527,L-UAV-01,AMZN,31.3057436,120.6022437,100.0,BUSY,M-L-001,V3
527,527,M-UAV-01,M600,31.3108767,120.6039862,30.5,AVAILABLE,,
527,527,M-UAV-02,M600,31.3062683,120.6025389,30.5,CONTINGENCY,,
528,528,EVTOL-01,EC35,31.3118607,120.6033463,199.9,BUSY,M-P-001,V2
528,528,L-UAV-01,AMZN,31.3058628,120.6023192,100.0,BUSY,M-L-001,V2
528,528,M-UAV-01,M600,31.3108767,120.6039862,30.5,AVAILABLE,,
528,528,M-UAV-02,M600,31.3062683,120.6025389,30.5,CONTINGENCY,,
529,529,EVTOL-01,EC35,31.3121548,120.6030969,199.9,BUSY,M-P-001,V2
529,529,L-UAV-01,AMZN,31.3059959,120.6023495,100.0,BUSY,M-L-001,V2
529,529,M-UAV-01,M600,31.3108767,120.6039862,30.5,AVAILABLE,,
529,529,M-UAV-02,M600,31.3062683,120.6025389,30.5,CONTINGENCY,,
530,530,EVTOL-01,EC35,31.3124229,120.6028101,199.9,BUSY,M-P-001,V2
530,530,L-UAV-01,AMZN,31.3061306,120.6023319,100.0,BUSY,M-L-001,V2
530,530,M-UAV-01,M600,31.3108767,120.6039862,30.5,AVAILABLE,,
530,530,M-UAV-02,M600,31.3062683,120.6025389,30.5,CONTINGENCY,,
531,531,EVTOL-01,EC35,31.3126616,120.6024898,199.9,BUSY,M-P-001,V2
531,531,L-UAV-01,AMZN,31.3062547,120.6022681,100.0,BUSY,M-L-001,V2
531,531,M-UAV-01,M600,31.3108767,120.6039862,30.5,AVAILABLE,,
531,531,M-UAV-02,M600,31.3062683,120.6025389,30.5,CONTINGENCY,,
532,532,EVTOL-01,EC35,31.3128679,120.6021399,199.9,BUSY,M-P-001,V2
532,532,L-UAV-01,AMZN,31.3063568,120.6021637,100.0,BUSY,M-L-001,V2
532,532,M-UAV-01,M600,31.3108767,120.6039862,30.5,AVAILABLE,,
532,532,M-UAV-02,M600,31.3062683,120.6025389,30.5,CONTINGENCY,,
533,533,EVTOL-01,EC35,31.3130391,120.6017649,199.9,BUSY,M-P-001,V2
533,533,L-UAV-01,AMZN,31.3064276,120.6020284,100.0,BUSY,M-L-001,V2
533,533,M-UAV-01,M600,31.3108767,120.6039862,30.5,AVAILABLE,,
533,533,M-UAV-02,M600,31.3062683,120.6025389,30.5,CONTINGENCY,,
534,534,EVTOL-01,EC35,31.3131730,120.6013698,199.9,BUSY,M-P-001,V2
534,534,L-UAV-01,AMZN,31.3064606,120.6018746,100.0,BUSY,M-L-001,V2
534,534,M-UAV-01,M600,31.3108767,120.6039862,30.5,AVAILABLE,,
534,534,M-UAV-02,M600,31.3062683,120.6025389,30.5,CONTINGENCY,,
535,535,EVTOL-01,EC35,31.3132679,120.6009594,199.9,BUSY,M-P-001,V2
535,535,L-UAV-01,AMZN,31.3064529,120.6017162,100.0,BUSY,M-L-001,V2
535,535,M-UAV-01,M600,31.3108767,120.6039862,30.5,AVAILABLE,,
535,535,M-UAV-02,M600,31.3062683,120.6025389,30.5,CONTINGENCY,,
536,536,EVTOL-01,EC35,31.3133225,120.6005391,199.9,BUSY,M-P-001,V2
536,536,L-UAV-01,AMZN,31.3064050,120.6015677,100.0,BUSY,M-L-001,V2
536,536,M-UAV-01,M600,31.3108767,120.6039862,30.5,AVAILABLE,,
536,536,M-UAV-02,M600,31.3062683,120.6025389,30.5,CONTINGENCY,,
537,537,EVTOL-01,EC35,31.3133363,120.6001143,199.9,BUSY,M-P-001,V2
537,537,L-UAV-01,AMZN,31.3063215,120.6014428,100.0,BUSY,M-L-001,V2
537,537,M-UAV-01,M600,31.3108767,120.6039862,30.5,AVAILABLE,,
537,537,M-UAV-02,M600,31.3062683,120.6025389,30.5,CONTINGENCY,,
538,538,EVTOL-01,EC35,31.3133089,120.5996904,199.9,BUSY,M-P-001,V2
538,538,L-UAV-01,AMZN,31.3062099,120.6013528,100.0,BUSY,M-L-001,V2
538,538,M-UAV-01,M600,31.3108767,120.6039862,30.5,AVAILABLE,,
538,538,M-UAV-02,M600,31.3062683,120.6025389,30.5,CONTINGENCY,,
539,539,EVTOL-01,EC35,31.3132408,120.5992728,199.9,BUSY,M-P-001,V2
539,539,L-UAV-01,AMZN,31.3060906,120.6012773,100.0,BUSY,M-L-001,V2
539,539,M-UAV-01,M600,31.3108767,120.6039862,30.5,AVAILABLE,,
539,539,M-UAV-02,M600,31.3062683,120.6025389,30.5,CONTINGENCY,,
540,540,EVTOL-01,EC35,31.3131328,120.5988670,199.9,BUSY,M-P-001,V2
540,540,L-UAV-01,AMZN,31.3059714,120.6012018,100.0,BUSY,M-L-001,V2
540,540,M-UAV-01,M600,31.3108767,120.6039862,30.5,AVAILABLE,,
540,540,M-UAV-02,M600,31.3062683,120.6025389,30.5,CONTINGENCY,,
541,541,EVTOL-01,EC35,31.3129864,120.5984779,199.9,BUSY,M-P-001,V2
541,541,L-UAV-01,AMZN,31.3058522,120.6011264,100.0,BUSY,M-L-001,V2
541,541,M-UAV-01,M600,31.3108767,120.6039862,30.5,AVAILABLE,,
541,541,M-UAV-02,M600,31.3062683,120.6025389,30.5,CONTINGENCY,,
542,542,EVTOL-01,EC35,31.3128033,120.5981108,199.9,BUSY,M-P-001,V2
542,542,L-UAV-01,AMZN,31.3057330,120.6010509,100.0,BUSY,M-L-001,V2
542,542,M-UAV-01,M600,31.3108767,120.6039862,30.5,AVAILABLE,,
542,542,M-UAV-02,M600,31.3062683,120.6025389,30.5,CONTINGENCY,,
543,543,EVTOL-01,EC35,31.3125860,120.5977702,199.9,BUSY,M-P-001,V2
543,543,L-UAV-01,AMZN,31.3056137,120.6009754,100.0,BUSY,M-L-001,V2
543,543,M-UAV-01,M600,31.3108767,120.6039862,30.5,AVAILABLE,,
543,543,M-UAV-02,M600,31.3062683,120.6025389,30.5,CONTINGENCY,,
544,544,EVTOL-01,EC35,31.3123371,120.5974606,199.9,BUSY,M-P-001,V2
544,544,L-UAV-01,AMZN,31.3054945,120.6009000,100.0,BUSY,M-L-001,V2
544,544,M-UAV-01,M600,31.3108767,120.6039862,30.5,AVAILABLE,,
544,544,M-UAV-02,M600,31.3062683,120.6025389,30.5,CONTINGENCY,,
545,545,EVTOL-01,EC35,31.3120600,120.5971858,199.9,BUSY,M-P-001,V2
545,545,L-UAV-01,AMZN,31.3053753,120.6008245,100.0,BUSY,M-L-001,V2
545,545,M-UAV-01,M600,31.3108767,120.6039862,30.5,AVAILABLE,,
545,545,M-UAV-02,M600,31.3062683,120.6025389,30.5,CONTINGENCY,,
546,546,EVTOL-01,EC35,31.3117581,120.5969494,199.9,BUSY,M-P-001,V2
546,546,L-UAV-01,AMZN,31.3052560,120.6007490,100.0,BUSY,M-L-001,V2
546,546,M-UAV-01,M600,31.3108767,120.6039862,30.5,AVAILABLE,,
546,546,M-UAV-02,M600,31.3062683,120.6025389,30.5,CONTINGENCY,,
547,547,EVTOL-01,EC35,31.3114353,120.5967545,199.9,BUSY,M-P-001,V2
547,547,L-UAV-01,AMZN,31.3051368,120.6006736,100.0,BUSY,M-L-001,V2
547,547,M-UAV-01,M600,31.3108767,120.6039862,30.5,AVAILABLE,,
547,547,M-UAV-02,M600,31.3062683,120.6025389,30.5,CONTINGENCY,,
548,548,EVTOL-01,EC35,31.3110958,120.5966035,199.9,BUSY,M-P-001,V2
548,548,L-UAV-01,AMZN,31.3050176,120.6005981,100.0,BUSY,M-L-001,V2
548,548,M-UAV-01,M600,31.3108767,120.6039862,30.5,AVAILABLE,,
548,548,M-UAV-02,M600,31.3062683,120.6025389,30.5,CONTINGENCY,,
549,549,EVTOL-01,EC35,31.3107439,120.5964984,199.9,BUSY,M-P-001,V2
549,549,L-UAV-01,AMZN,31.3048984,120.6005226,100.0,BUSY,M-L-001,V2
549,549,M-UAV-01,M600,31.3108767,120.6039862,30.5,AVAILABLE,,
549,549,M-UAV-02,M600,31.3062683,120.6025389,30.5,CONTINGENCY,,
550,550,EVTOL-01,EC35,31.3103841,120.5964405,199.9,BUSY,M-P-001,V2
550,550,L-UAV-01,AMZN,31.3047791,120.6004472,100.0,BUSY,M-L-001,V2
550,550,M-UAV-01,M600,31.3108767,120.6039862,30.5,AVAILABLE,,
550,550,M-UAV-02,M600,31.3062683,120.6025389,30.5,CONTINGENCY,,
551,551,EVTOL-01,EC35,31.3100214,120.5964184,199.9,BUSY,M-P-001,V2
551,551,L-UAV-01,AMZN,31.3046599,120.6003717,100.0,BUSY,M-L-001,V2
551,551,M-UAV-01,M600,31.3108767,120.6039862,30.5,AVAILABLE,,
551,551,M-UAV-02,M600,31.3062683,120.6025389,30.5,CONTINGENCY,,
552,552,EVTOL-01,EC35,31.3096587,120.5963962,199.9,BUSY,M-P-001,V2
552,552,L-UAV-01,AMZN,31.3045407,120.6002962,100.0,BUSY,M-L-001,V2
552,552,M-UAV-01,M600,31.3108767,120.6039862,30.5,AVAILABLE,,
552,552,M-UAV-02,M600,31.3062683,120.6025389,30.5,CONTINGENCY,,
553,553,EVTOL-01,EC35,31.3092960,120.5963740,199.9,BUSY,M-P-001,V2
553,553,L-UAV-01,AMZN,31.3044215,120.6002208,100.0,BUSY,M-L-001,V2
553,553,M-UAV-01,M600,31.3108767,120.6039862,30.5,AVAILABLE,,
553,553,M-UAV-02,M600,31.3062683,120.6025389,30.5,CONTINGENCY,,
554,554,EVTOL-01,EC35,31.3089333,120.5963518,199.9,BUSY,M-P-001,V2
554,554,L-UAV-01,AMZN,31.3043022,120.6001453,100.0,BUSY,M-L-001,V2
554,554,M-UAV-01,M600,31.3108767,120.6039862,30.5,AVAILABLE,,
554,554,M-UAV-02,M600,31.3062683,120.6025389,30.5,CONTINGENCY,,
555,555,EVTOL-01,EC35,31.3085706,120.5963296,199.9,BUSY,M-P-001,V2
555,555,L-UAV-01,AMZN,31.3041830,120.6000698,100.0,BUSY,M-L-001,V2
555,555,M-UAV-01,M600,31.3108767,120.6039862,30.5,AVAILABLE,,
555,555,M-UAV-02,M600,31.3062683,120.6025389,30.5,CONTINGENCY,,
556,556,EVTOL-01,EC35,31.3082079,120.5963074,199.9,BUSY,M-P-001,V2
556,556,L-UAV-01,AMZN,31.3040638,120.5999944,100.0,BUSY,M-L-001,V2
556,556,M-UAV-01,M600,31.3108767,120.6039862,30.5,AVAILABLE,,
556,556,M-UAV-02,M600,31.3062683,120.6025389,30.5,CONTINGENCY,,
557,557,EVTOL-01,EC35,31.3078452,120.5962852,199.9,BUSY,M-P-001,V2
557,557,L-UAV-01,AMZN,31.3039445,120.5999189,100.0,BUSY,M-L-001,V2
557,557,M-UAV-01,M600,31.3108767,120.6039862,30.5,AVAILABLE,,
557,557,M-UAV-02,M600,31.3062683,120.6025389,30.5,CONTINGENCY,,
558,558,EVTOL-01,EC35,31.3074825,120.5962630,199.9,BUSY,M-P-001,V2
558,558,L-UAV-01,AMZN,31.3038253,120.5998434,100.0,BUSY,M-L-001,V2
558,558,M-UAV-01,M600,31.3108767,120.6039862,30.5,AVAILABLE,,
558,558,M-UAV-02,M600,31.3062683,120.6025389,30.5,CONTINGENCY,,
559,559,EVTOL-01,EC35,31.3071199,120.5962408,199.9,BUSY,M-P-001,V2
559,559,L-UAV-01,AMZN,31.3037061,120.5997680,100.0,BUSY,M-L-001,V2
559,559,M-UAV-01,M600,31.3108767,120.6039862,30.5,AVAILABLE,,
559,559,M-UAV-02,M600,31.3062683,120.6025389,30.5,CONTINGENCY,,
560,560,EVTOL-01,EC35,31.3067572,120.5962187,199.9,BUSY,M-P-001,V2
560,560,L-UAV-01,AMZN,31.3035869,120.5996925,100.0,BUSY,M-L-001,V2
560,560,M-UAV-01,M600,31.3108767,120.6039862,30.5,AVAILABLE,,
560,560,M-UAV-02,M600,31.3062683,120.6025389,30.5,CONTINGENCY,,
561,561,EVTOL-01,EC35,31.3063945,120.5961965,199.9,BUSY,M-P-001,V2
561,561,L-UAV-01,AMZN,31.3034676,120.5996170,100.0,BUSY,M-L-001,V2
561,561,M-UAV-01,M600,31.3108767,120.6039862,30.5,AVAILABLE,,
561,561,M-UAV-02,M600,31.3062683,120.6025389,30.5,CONTINGENCY,,
562,562,EVTOL-01,EC35,31.3060318,120.5961743,199.9,BUSY,M-P-001,V2
562,562,L-UAV-01,AMZN,31.3033484,120.5995416,100.0,BUSY,M-L-001,V2
562,562,M-UAV-01,M600,31.3108767,120.6039862,30.5,AVAILABLE,,
562,562,M-UAV-02,M600,31.3062683,120.6025389,30.5,CONTINGENCY,,
563,563,EVTOL-01,EC35,31.3056691,120.5961521,199.9,BUSY,M-P-001,V2
563,563,L-UAV-01,AMZN,31.3032292,120.5994661,100.0,BUSY,M-L-001,V2
563,563,M-UAV-01,M600,31.3108767,120.6039862,30.5,AVAILABLE,,
563,563,M-UAV-02,M600,31.3062683,120.6025389,30.5,CONTINGENCY,,
564,564,EVTOL-01,EC35,31.3053064,120.5961299,199.9,BUSY,M-P-001,V2
564,564,L-UAV-01,AMZN,31.3031099,120.5993907,100.0,BUSY,M-L-001,V2
564,564,M-UAV-01,M600,31.3108767,120.6039862,30.5,AVAILABLE,,
564,564,M-UAV-02,M600,31.3062683,120.6025389,30.5,CONTINGENCY,,
565,565,EVTOL-01,EC35,31.3049437,120.5961077,199.9,BUSY,M-P-001,V2
565,565,L-UAV-01,AMZN,31.3029907,120.5993152,100.0,BUSY,M-L-001,V2
565,565,M-UAV-01,M600,31.3108767,120.6039862,30.5,AVAILABLE,,
565,565,M-UAV-02,M600,31.3062683,120.6025389,30.5,CONTINGENCY,,
566,566,EVTOL-01,EC35,31.3045810,120.5960855,199.9,BUSY,M-P-001,V2
566,566,L-UAV-01,AMZN,31.3028715,120.5992397,100.0,BUSY,M-L-001,V2
566,566,M-UAV-01,M600,31.3108767,120.6039862,30.5,AVAILABLE,,
566,566,M-UAV-02,M600,31.3062683,120.6025389,30.5,CONTINGENCY,,
567,567,EVTOL-01,EC35,31.3042183,120.5960634,199.9,BUSY,M-P-001,V2
567,567,L-UAV-01,AMZN,31.3027522,120.5991643,100.0,BUSY,M-L-001,V2
567,567,M-UAV-01,M600,31.3108767,120.6039862,30.5,AVAILABLE,,
567,567,M-UAV-02,M600,31.3062683,120.6025389,30.5,CONTINGENCY,,
568,568,EVTOL-01,EC35,31.3038556,120.5960412,199.9,BUSY,M-P-001,V2
568,568,L-UAV-01,AMZN,31.3026330,120.5990888,100.0,BUSY,M-L-001,V2
568,568,M-UAV-01,M600,31.3108767,120.6039862,30.5,AVAILABLE,,
568,568,M-UAV-02,M600,31.3062683,120.6025389,30.5,CONTINGENCY,,
569,569,EVTOL-01,EC35,31.3034929,120.5960190,199.9,BUSY,M-P-001,V2
569,569,L-UAV-01,AMZN,31.3025138,120.5990133,100.0,BUSY,M-L-001,V2
569,569,M-UAV-01,M600,31.3108767,120.6039862,30.5,AVAILABLE,,
569,569,M-UAV-02,M600,31.3062683,120.6025389,30.5,CONTINGENCY,,
570,570,EVTOL-01,EC35,31.3031302,120.5959968,199.9,BUSY,M-P-001,V2
570,570,L-UAV-01,AMZN,31.3023946,120.5989379,100.0,BUSY,M-L-001,V2
570,570,M-UAV-01,M600,31.3108767,120.6039862,30.5,AVAILABLE,,
570,570,M-UAV-02,M600,31.3062683,120.6025389,30.5,CONTINGENCY,,
571,571,EVTOL-01,EC35,31.3027675,120.5959746,199.9,BUSY,M-P-001,V2
571,571,L-UAV-01,AMZN,31.3022753,120.5988624,100.0,BUSY,M-L-001,V2
571,571,M-UAV-01,M600,31.3108767,120.6039862,30.5,AVAILABLE,,
571,571,M-UAV-02,M600,31.3062683,120.6025389,30.5,CONTINGENCY,,
572,572,EVTOL-01,EC35,31.3024048,120.5959524,199.9,BUSY,M-P-001,V2
572,572,L-UAV-01,AMZN,31.3021561,120.5987870,100.0,BUSY,M-L-001,V2
572,572,M-UAV-01,M600,31.3108767,120.6039862,30.5,AVAILABLE,,
572,572,M-UAV-02,M600,31.3062683,120.6025389,30.5,CONTINGENCY,,
573,573,EVTOL-01,EC35,31.3020421,120.5959302,199.9,BUSY,M-P-001,V2
573,573,L-UAV-01,AMZN,31.3020369,120.5987115,100.0,BUSY,M-L-001,V2
573,573,M-UAV-01,M600,31.3108767,120.6039862,30.5,AVAILABLE,,
573,573,M-UAV-02,M600,31.3062683,120.6025389,30.5,CONTINGENCY,,
574,574,EVTOL-01,EC35,31.3016794,120.5959081,199.9,BUSY,M-P-001,V2
574,574,L-UAV-01,AMZN,31.3019176,120.5986360,100.0,BUSY,M-L-001,V2
574,574,M-UAV-01,M600,31.3108767,120.6039862,30.5,AVAILABLE,,
574,574,M-UAV-02,M600,31.3062683,120.6025389,30.5,CONTINGENCY,,
575,575,EVTOL-01,EC35,31.3013167,120.5958859,199.9,BUSY,M-P-001,V2
575,575,L-UAV-01,AMZN,31.3017984,120.5985606,100.0,BUSY,M-L-001,V2
575,575,M-UAV-01,M600,31.3108767,120.6039862,30.5,AVAILABLE,,
575,575,M-UAV-02,M600,31.3062683,120.6025389,30.5,CONTINGENCY,,
576,576,EVTOL-01,EC35,31.3009540,120.5958637,199.9,BUSY,M-P-001,V2
576,576,L-UAV-01,AMZN,31.3016792,120.5984851,100.0,BUSY,M-L-001,V2
576,576,M-UAV-01,M600,31.3108767,120.6039862,30.5,AVAILABLE,,
576,576,M-UAV-02,M600,31.3062683,120.6025389,30.5,CONTINGENCY,,
577,577,EVTOL-01,EC35,31.3005913,120.5958415,199.9,BUSY,M-P-001,V2
577,577,L-UAV-01,AMZN,31.3015600,120.5984096,100.0,BUSY,M-L-001,V2
577,577,M-UAV-01,M600,31.3108767,120.6039862,30.5,AVAILABLE,,
577,577,M-UAV-02,M600,31.3062683,120.6025389,30.5,CONTINGENCY,,
578,578,EVTOL-01,EC35,31.3002286,120.5958193,199.9,BUSY,M-P-001,V2
578,578,L-UAV-01,AMZN,31.3014407,120.5983342,100.0,BUSY,M-L-001,V2
578,578,M-UAV-01,M600,31.3108767,120.6039862,30.5,AVAILABLE,,
578,578,M-UAV-02,M600,31.3062683,120.6025389,30.5,CONTINGENCY,,
579,579,EVTOL-01,EC35,31.2998659,120.5957971,199.9,BUSY,M-P-001,V2
579,579,L-UAV-01,AMZN,31.3013215,120.5982587,100.0,BUSY,M-L-001,V2
579,579,M-UAV-01,M600,31.3108767,120.6039862,30.5,AVAILABLE,,
579,579,M-UAV-02,M600,31.3062683,120.6025389,30.5,CONTINGENCY,,
580,580,EVTOL-01,EC35,31.2995033,120.5957749,199.9,BUSY,M-P-001,V2
580,580,L-UAV-01,AMZN,31.3012023,120.5981833,100.0,BUSY,M-L-001,V2
580,580,M-UAV-01,M600,31.3108767,120.6039862,30.5,AVAILABLE,,
580,580,M-UAV-02,M600,31.3062683,120.6025389,30.5,CONTINGENCY,,
581,581,EVTOL-01,EC35,31.2991406,120.5957528,199.9,BUSY,M-P-001,V2
581,581,L-UAV-01,AMZN,31.3010830,120.5981078,100.0,BUSY,M-L-001,V2
581,581,M-UAV-01,M600,31.3108767,120.6039862,30.5,AVAILABLE,,
581,581,M-UAV-02,M600,31.3062683,120.6025389,30.5,CONTINGENCY,,
582,582,EVTOL-01,EC35,31.2987779,120.5957306,199.9,BUSY,M-P-001,V2
582,582,L-UAV-01,AMZN,31.3009638,120.5980323,100.0,BUSY,M-L-001,V2
582,582,M-UAV-01,M600,31.3108767,120.6039862,30.5,AVAILABLE,,
582,582,M-UAV-02,M600,31.3062683,120.6025389,30.5,CONTINGENCY,,
583,583,EVTOL-01,EC35,31.2984152,120.5957084,199.9,BUSY,M-P-001,V2
583,583,L-UAV-01,AMZN,31.3008446,120.5979569,100.0,BUSY,M-L-001,V2
583,583,M-UAV-01,M600,31.3108767,120.6039862,30.5,AVAILABLE,,
583,583,M-UAV-02,M600,31.3062683,120.6025389,30.5,CONTINGENCY,,
584,584,EVTOL-01,EC35,31.2980525,120.5956862,199.9,BUSY,M-P-001,V1
584,584,L-UAV-01,AMZN,31.3007253,120.5978814,100.0,BUSY,M-L-001,V2
584,584,M-UAV-01,M600,31.3108767,120.6039862,30.5,AVAILABLE,,
584,584,M-UAV-02,M600,31.3062683,120.6025389,30.5,CONTINGENCY,,
585,585,EVTOL-01,EC35,31.2976900,120.5957121,199.9,BUSY,M-P-001,V1
585,585,L-UAV-01,AMZN,31.3006061,120.5978060,100.0,BUSY,M-L-001,V2
585,585,M-UAV-01,M600,31.3108767,120.6039862,30.5,AVAILABLE,,
585,585,M-UAV-02,M600,31.3062683,120.6025389,30.5,CONTINGENCY,,
586,586,EVTOL-01,EC35,31.2973323,120.5957858,199.9,BUSY,M-P-001,V1
586,586,L-UAV-01,AMZN,31.3004869,120.5977305,100.0,BUSY,M-L-001,V2
586,586,M-UAV-01,M600,31.3108767,120.6039862,30.5,AVAILABLE,,
586,586,M-UAV-02,M600,31.3062683,120.6025389,30.5,CONTINGENCY,,
587,587,EVTOL-01,EC35,31.2969840,120.5959063,199.9,BUSY,M-P-001,V1
587,587,L-UAV-01,AMZN,31.3003677,120.5976550,100.0,BUSY,M-L-001,V2
587,587,M-UAV-01,M600,31.3108767,120.6039862,30.5,AVAILABLE,,
587,587,M-UAV-02,M600,31.3062683,120.6025389,30.5,CONTINGENCY,,
588,588,EVTOL-01,EC35,31.2966496,120.5960721,199.9,BUSY,M-P-001,V1
588,588,L-UAV-01,AMZN,31.3002484,120.5975796,100.0,BUSY,M-L-001,V2
588,588,M-UAV-01,M600,31.3108767,120.6039862,30.5,AVAILABLE,,
588,588,M-UAV-02,M600,31.3062683,120.6025389,30.5,CONTINGENCY,,
589,589,EVTOL-01,EC35,31.2963333,120.5962811,199.9,BUSY,M-P-001,V1
589,589,L-UAV-01,AMZN,31.3001292,120.5975041,100.0,BUSY,M-L-001,V2
589,589,M-UAV-01,M600,31.3108767,120.6039862,30.5,AVAILABLE,,
589,589,M-UAV-02,M600,31.3062683,120.6025389,30.5,CONTINGENCY,,
590,590,EVTOL-01,EC35,31.2960392,120.5965305,199.9,BUSY,M-P-001,V1
590,590,L-UAV-01,AMZN,31.3000100,120.5974287,100.0,BUSY,M-L-001,V2
590,590,M-UAV-01,M600,31.3108767,120.6039862,30.5,AVAILABLE,,
590,590,M-UAV-02,M600,31.3062683,120.6025389,30.5,CONTINGENCY,,
591,591,EVTOL-01,EC35,31.2957711,120.5968173,199.9,BUSY,M-P-001,V1
591,591,L-UAV-01,AMZN,31.2998907,120.5973532,100.0,BUSY,M-L-001,V2
591,591,M-UAV-01,M600,31.3108767,120.6039862,30.5,AVAILABLE,,
591,591,M-UAV-02,M600,31.3062683,120.6025389,30.5,CONTINGENCY,,
592,592,EVTOL-01,EC35,31.2955324,120.5971376,199.9,BUSY,M-P-001,V1
592,592,L-UAV-01,AMZN,31.2997715,120.5972777,100.0,BUSY,M-L-001,V2
592,592,M-UAV-01,M600,31.3108767,120.6039862,30.5,AVAILABLE,,
592,592,M-UAV-02,M600,31.3062683,120.6025389,30.5,CONTINGENCY,,
593,593,EVTOL-01,EC35,31.2953262,120.5974874,199.9,BUSY,M-P-001,V1
593,593,L-UAV-01,AMZN,31.2996523,120.5972023,100.0,BUSY,M-L-001,V2
593,593,M-UAV-01,M600,31.3108767,120.6039862,30.5,AVAILABLE,,
593,593,M-UAV-02,M600,31.3062683,120.6025389,30.5,CONTINGENCY,,
594,594,EVTOL-01,EC35,31.2951550,120.5978623,199.9,BUSY,M-P-001,V1
594,594,L-UAV-01,AMZN,31.2995330,120.5971268,100.0,BUSY,M-L-001,V2
594,594,M-UAV-01,M600,31.3108767,120.6039862,30.5,AVAILABLE,,
594,594,M-UAV-02,M600,31.3062683,120.6025389,30.5,CONTINGENCY,,
595,595,EVTOL-01,EC35,31.2950212,120.5982574,199.9,BUSY,M-P-001,V1
595,595,L-UAV-01,AMZN,31.2994138,120.5970514,100.0,BUSY,M-L-001,V2
595,595,M-UAV-01,M600,31.3108767,120.6039862,30.5,AVAILABLE,,
595,595,M-UAV-02,M600,31.3062683,120.6025389,30.5,CONTINGENCY,,
596,596,EVTOL-01,EC35,31.2949263,120.5986677,199.9,BUSY,M-P-001,V1
596,596,L-UAV-01,AMZN,31.2992946,120.5969759,100.0,BUSY,M-L-001,V2
596,596,M-UAV-01,M600,31.3108767,120.6039862,30.5,AVAILABLE,,
596,596,M-UAV-02,M600,31.3062683,120.6025389,30.5,CONTINGENCY,,
597,597,EVTOL-01,EC35,31.2948717,120.5990879,199.9,BUSY,M-P-001,V1
597,597,L-UAV-01,AMZN,31.2991754,120.5969004,100.0,BUSY,M-L-001,V2
597,597,M-UAV-01,M600,31.3108767,120.6039862,30.5,AVAILABLE,,
597,597,M-UAV-02,M600,31.3062683,120.6025389,30.5,CONTINGENCY,,
598,598,EVTOL-01,EC35,31.2948580,120.5995126,199.9,BUSY,M-P-001,V1
598,598,L-UAV-01,AMZN,31.2990561,120.5968250,100.0,BUSY,M-L-001,V2
598,598,M-UAV-01,M600,31.3108767,120.6039862,30.5,AVAILABLE,,
598,598,M-UAV-02,M600,31.3062683,120.6025389,30.5,CONTINGENCY,,
599,599,EVTOL-01,EC35,31.2948854,120.5999365,199.9,BUSY,M-P-001,V1
599,599,L-UAV-01,AMZN,31.2989369,120.5967495,100.0,BUSY,M-L-001,V2
599,599,M-UAV-01,M600,31.3108767,120.6039862,30.5,AVAILABLE,,
599,599,M-UAV-02,M600,31.3062683,120.6025389,30.5,CONTINGENCY,,
600,600,EVTOL-01,EC35,31.2949535,120.6003539,199.9,BUSY,M-P-001,V1
600,600,L-UAV-01,AMZN,31.2988177,120.5966741,100.0,BUSY,M-L-001,V2
600,600,M-UAV-01,M600,31.3108767,120.6039862,30.5,AVAILABLE,,
600,600,M-UAV-02,M600,31.3062683,120.6025389,30.5,CONTINGENCY,,
601,601,EVTOL-01,EC35,31.2950615,120.6007598,199.9,BUSY,M-P-001,V1
601,601,L-UAV-01,AMZN,31.2986984,120.5965986,100.0,BUSY,M-L-001,V2
601,601,M-UAV-01,M600,31.3108767,120.6039862,30.5,AVAILABLE,,
601,601,M-UAV-02,M600,31.3062683,120.6025389,30.5,CONTINGENCY,,
602,602,EVTOL-01,EC35,31.2952080,120.6011487,199.9,BUSY,M-P-001,V1
602,602,L-UAV-01,AMZN,31.2985792,120.5965232,100.0,BUSY,M-L-001,V2
602,602,M-UAV-01,M600,31.3108767,120.6039862,30.5,AVAILABLE,,
602,602,M-UAV-02,M600,31.3062683,120.6025389,30.5,CONTINGENCY,,
603,603,EVTOL-01,EC35,31.2953911,120.6015157,199.9,BUSY,M-P-001,V1
603,603,L-UAV-01,AMZN,31.2984600,120.5964477,100.0,BUSY,M-L-001,V2
603,603,M-UAV-01,M600,31.3108767,120.6039862,30.5,AVAILABLE,,
603,603,M-UAV-02,M600,31.3062683,120.6025389,30.5,CONTINGENCY,,
604,604,EVTOL-01,EC35,31.2956085,120.6018562,199.9,BUSY,M-P-001,V1
604,604,L-UAV-01,AMZN,31.2983407,120.5963723,100.0,BUSY,M-L-001,V2
604,604,M-UAV-01,M600,31.3108767,120.6039862,30.5,AVAILABLE,,
604,604,M-UAV-02,M600,31.3062683,120.6025389,30.5,CONTINGENCY,,
605,605,EVTOL-01,EC35,31.2958574,120.6021658,199.9,BUSY,M-P-001,V1
605,605,L-UAV-01,AMZN,31.2982215,120.5962968,100.0,BUSY,M-L-001,V2
605,605,M-UAV-01,M600,31.3108767,120.6039862,30.5,AVAILABLE,,
605,605,M-UAV-02,M600,31.3062683,120.6025389,30.5,CONTINGENCY,,
606,606,EVTOL-01,EC35,31.2961345,120.6024405,199.9,BUSY,M-P-001,V1
606,606,L-UAV-01,AMZN,31.2981023,120.5962213,100.0,BUSY,M-L-001,V2
606,606,M-UAV-01,M600,31.3108767,120.6039862,30.5,AVAILABLE,,
606,606,M-UAV-02,M600,31.3062683,120.6025389,30.5,CONTINGENCY,,
607,607,EVTOL-01,EC35,31.2964364,120.6026768,199.9,BUSY,M-P-001,V1
607,607,L-UAV-01,AMZN,31.2979831,120.5961459,100.0,BUSY,M-L-001,V2
607,607,M-UAV-01,M600,31.3108767,120.6039862,30.5,AVAILABLE,,
607,607,M-UAV-02,M600,31.3062683,120.6025389,30.5,CONTINGENCY,,
608,608,EVTOL-01,EC35,31.2967592,120.6028716,199.9,BUSY,M-P-001,V1
608,608,L-UAV-01,AMZN,31.2978638,120.5960704,100.0,BUSY,M-L-001,V3
608,608,M-UAV-01,M600,31.3108767,120.6039862,30.5,AVAILABLE,,
608,608,M-UAV-02,M600,31.3062683,120.6025389,30.5,CONTINGENCY,,
609,609,EVTOL-01,EC35,31.2970987,120.6030225,199.9,BUSY,M-P-001,V1
609,609,L-UAV-01,AMZN,31.2977308,120.5960401,100.0,BUSY,M-L-001,V3
609,609,M-UAV-01,M600,31.3108767,120.6039862,30.5,AVAILABLE,,
609,609,M-UAV-02,M600,31.3062683,120.6025389,30.5,CONTINGENCY,,
610,610,EVTOL-01,EC35,31.2974507,120.6031276,199.9,BUSY,M-P-001,V1
610,610,L-UAV-01,AMZN,31.2975961,120.5960577,100.0,BUSY,M-L-001,V3
610,610,M-UAV-01,M600,31.3108767,120.6039862,30.5,AVAILABLE,,
610,610,M-UAV-02,M600,31.3062683,120.6025389,30.5,CONTINGENCY,,
611,611,EVTOL-01,EC35,31.2978105,120.6031854,199.9,BUSY,M-P-001,V1
611,611,L-UAV-01,AMZN,31.2974720,120.5961216,100.0,BUSY,M-L-001,V3
611,611,M-UAV-01,M600,31.3108767,120.6039862,30.5,AVAILABLE,,
611,611,M-UAV-02,M600,31.3062683,120.6025389,30.5,CONTINGENCY,,
612,612,EVTOL-01,EC35,31.2981732,120.6032076,199.9,BUSY,M-P-001,V1
612,612,L-UAV-01,AMZN,31.2973699,120.5962259,100.0,BUSY,M-L-001,V3
612,612,M-UAV-01,M600,31.3108767,120.6039862,30.5,AVAILABLE,,
612,612,M-UAV-02,M600,31.3062683,120.6025389,30.5,CONTINGENCY,,
613,613,EVTOL-01,EC35,31.2985359,120.6032299,199.9,BUSY,M-P-001,V1
613,613,L-UAV-01,AMZN,31.2972991,120.5963612,100.0,BUSY,M-L-001,V3
613,613,M-UAV-01,M600,31.3108767,120.6039862,30.5,AVAILABLE,,
613,613,M-UAV-02,M600,31.3062683,120.6025389,30.5,CONTINGENCY,,
614,614,EVTOL-01,EC35,31.2988986,120.6032521,199.9,BUSY,M-P-001,V1
614,614,L-UAV-01,AMZN,31.2972661,120.5965150,100.0,BUSY,M-L-001,V3
614,614,M-UAV-01,M600,31.3108767,120.6039862,30.5,AVAILABLE,,
614,614,M-UAV-02,M600,31.3062683,120.6025389,30.5,CONTINGENCY,,
615,615,EVTOL-01,EC35,31.2992612,120.6032743,199.9,BUSY,M-P-001,V1
615,615,L-UAV-01,AMZN,31.2972738,120.5966734,100.0,BUSY,M-L-001,V3
615,615,M-UAV-01,M600,31.3108767,120.6039862,30.5,AVAILABLE,,
615,615,M-UAV-02,M600,31.3062683,120.6025389,30.5,CONTINGENCY,,
616,616,EVTOL-01,EC35,31.2996239,120.6032965,199.9,BUSY,M-P-001,V1
616,616,L-UAV-01,AMZN,31.2973217,120.5968218,100.0,BUSY,M-L-001,V3
616,616,M-UAV-01,M600,31.3108767,120.6039862,30.5,AVAILABLE,,
616,616,M-UAV-02,M600,31.3062683,120.6025389,30.5,CONTINGENCY,,
617,617,EVTOL-01,EC35,31.2999866,120.6033188,199.9,BUSY,M-P-001,V1
617,617,L-UAV-01,AMZN,31.2974052,120.5969468,100.0,BUSY,M-L-001,V3
617,617,M-UAV-01,M600,31.3108767,120.6039862,30.5,AVAILABLE,,
617,617,M-UAV-02,M600,31.3062683,120.6025389,30.5,CONTINGENCY,,
618,618,EVTOL-01,EC35,31.3003493,120.6033410,199.9,BUSY,M-P-001,V1
618,618,L-UAV-01,AMZN,31.2975168,120.5970368,100.0,BUSY,M-L-001,V3
618,618,M-UAV-01,M600,31.3108767,120.6039862,30.5,AVAILABLE,,
618,618,M-UAV-02,M600,31.3062683,120.6025389,30.5,CONTINGENCY,,
619,619,EVTOL-01,EC35,31.3007120,120.6033632,199.9,BUSY,M-P-001,V1
619,619,L-UAV-01,AMZN,31.2976361,120.5971122,100.0,BUSY,M-L-001,V3
619,619,M-UAV-01,M600,31.3108767,120.6039862,30.5,AVAILABLE,,
619,619,M-UAV-02,M600,31.3062683,120.6025389,30.5,CONTINGENCY,,
620,620,EVTOL-01,EC35,31.3010747,120.6033854,199.9,BUSY,M-P-001,V1
620,620,L-UAV-01,AMZN,31.2977553,120.5971877,100.0,BUSY,M-L-001,V3
620,620,M-UAV-01,M600,31.3108767,120.6039862,30.5,AVAILABLE,,
620,620,M-UAV-02,M600,31.3062683,120.6025389,30.5,CONTINGENCY,,
621,621,EVTOL-01,EC35,31.3014374,120.6034077,199.9,BUSY,M-P-001,V1
621,621,L-UAV-01,AMZN,31.2978745,120.5972631,100.0,BUSY,M-L-001,V3
621,621,M-UAV-01,M600,31.3108767,120.6039862,30.5,AVAILABLE,,
621,621,M-UAV-02,M600,31.3062683,120.6025389,30.5,CONTINGENCY,,
622,622,EVTOL-01,EC35,31.3018001,120.6034299,199.9,BUSY,M-P-001,V1
622,622,L-UAV-01,AMZN,31.2979938,120.5973386,100.0,BUSY,M-L-001,V3
622,622,M-UAV-01,M600,31.3108767,120.6039862,30.5,AVAILABLE,,
622,622,M-UAV-02,M600,31.3062683,120.6025389,30.5,CONTINGENCY,,
623,623,EVTOL-01,EC35,31.3021628,120.6034521,199.9,BUSY,M-P-001,V1
623,623,L-UAV-01,AMZN,31.2981130,120.5974140,100.0,BUSY,M-L-001,V3
623,623,M-UAV-01,M600,31.3108767,120.6039862,30.5,AVAILABLE,,
623,623,M-UAV-02,M600,31.3062683,120.6025389,30.5,CONTINGENCY,,
624,624,EVTOL-01,EC35,31.3025255,120.6034743,199.9,BUSY,M-P-001,V1
624,624,L-UAV-01,AMZN,31.2982322,120.5974895,100.0,BUSY,M-L-001,V3
624,624,M-UAV-01,M600,31.3108767,120.6039862,30.5,AVAILABLE,,
624,624,M-UAV-02,M600,31.3062683,120.6025389,30.5,CONTINGENCY,,
625,625,EVTOL-01,EC35,31.3028882,120.6034966,199.9,BUSY,M-P-001,V1
625,625,L-UAV-01,AMZN,31.2983515,120.5975650,100.0,BUSY,M-L-001,V3
625,625,M-UAV-01,M600,31.3108767,120.6039862,30.5,AVAILABLE,,
625,625,M-UAV-02,M600,31.3062683,120.6025389,30.5,CONTINGENCY,,
626,626,EVTOL-01,EC35,31.3032509,120.6035188,199.9,BUSY,M-P-001,V1
626,626,L-UAV-01,AMZN,31.2984707,120.5976404,100.0,BUSY,M-L-001,V3
626,626,M-UAV-01,M600,31.3108767,120.6039862,30.5,AVAILABLE,,
626,626,M-UAV-02,M600,31.3062683,120.6025389,30.5,CONTINGENCY,,
627,627,EVTOL-01,EC35,31.3036136,120.6035410,199.9,BUSY,M-P-001,V1
627,627,L-UAV-01,AMZN,31.2985899,120.5977159,100.0,BUSY,M-L-001,V3
627,627,M-UAV-01,M600,31.3108767,120.6039862,30.5,AVAILABLE,,
627,627,M-UAV-02,M600,31.3062683,120.6025389,30.5,CONTINGENCY,,
628,628,EVTOL-01,EC35,31.3039763,120.6035632,199.9,BUSY,M-P-001,V1
628,628,L-UAV-01,AMZN,31.2987091,120.5977913,100.0,BUSY,M-L-001,V3
628,628,M-UAV-01,M600,31.3108767,120.6039862,30.5,AVAILABLE,,
628,628,M-UAV-02,M600,31.3062683,120.6025389,30.5,CONTINGENCY,,
629,629,EVTOL-01,EC35,31.3043390,120.6035855,199.9,BUSY,M-P-001,V1
629,629,L-UAV-01,AMZN,31.2988284,120.5978668,100.0,BUSY,M-L-001,V3
629,629,M-UAV-01,M600,31.3108767,120.6039862,30.5,AVAILABLE,,
629,629,M-UAV-02,M600,31.3062683,120.6025389,30.5,CONTINGENCY,,
630,630,EVTOL-01,EC35,31.3047017,120.6036077,199.9,BUSY,M-P-001,V1
630,630,L-UAV-01,AMZN,31.2989476,120.5979423,100.0,BUSY,M-L-001,V3
630,630,M-UAV-01,M600,31.3108767,120.6039862,30.5,AVAILABLE,,
630,630,M-UAV-02,M600,31.3062683,120.6025389,30.5,CONTINGENCY,,
631,631,EVTOL-01,EC35,31.3050643,120.6036299,199.9,BUSY,M-P-001,V1
631,631,L-UAV-01,AMZN,31.2990668,120.5980177,100.0,BUSY,M-L-001,V3
631,631,M-UAV-01,M600,31.3108767,120.6039862,30.5,AVAILABLE,,
631,631,M-UAV-02,M600,31.3062683,120.6025389,30.5,CONTINGENCY,,
632,632,EVTOL-01,EC35,31.3054270,120.6036522,199.9,BUSY,M-P-001,V1
632,632,L-UAV-01,AMZN,31.2991861,120.5980932,100.0,BUSY,M-L-001,V3
632,632,M-UAV-01,M600,31.3108767,120.6039862,30.5,AVAILABLE,,
632,632,M-UAV-02,M600,31.3062683,120.6025389,30.5,CONTINGENCY,,
633,633,EVTOL-01,EC35,31.3057897,120.6036744,199.9,BUSY,M-P-001,V1
633,633,L-UAV-01,AMZN,31.2993053,120.5981686,100.0,BUSY,M-L-001,V3
633,633,M-UAV-01,M600,31.3108767,120.6039862,30.5,AVAILABLE,,
633,633,M-UAV-02,M600,31.3062683,120.6025389,30.5,CONTINGENCY,,
634,634,EVTOL-01,EC35,31.3061524,120.6036966,199.9,BUSY,M-P-001,V1
634,634,L-UAV-01,AMZN,31.2994245,120.5982441,100.0,BUSY,M-L-001,V3
634,634,M-UAV-01,M600,31.3108767,120.6039862,30.5,AVAILABLE,,
634,634,M-UAV-02,M600,31.3062683,120.6025389,30.5,CONTINGENCY,,
635,635,EVTOL-01,EC35,31.3065151,120.6037188,199.9,BUSY,M-P-001,V1
635,635,L-UAV-01,AMZN,31.2995438,120.5983196,100.0,BUSY,M-L-001,V3
635,635,M-UAV-01,M600,31.3108767,120.6039862,30.5,AVAILABLE,,
635,635,M-UAV-02,M600,31.3062683,120.6025389,30.5,CONTINGENCY,,
636,636,EVTOL-01,EC35,31.3068778,120.6037411,199.9,BUSY,M-P-001,V1
636,636,L-UAV-01,AMZN,31.2996630,120.5983950,100.0,BUSY,M-L-001,V3
636,636,M-UAV-01,M600,31.3108767,120.6039862,30.5,AVAILABLE,,
636,636,M-UAV-02,M600,31.3062683,120.6025389,30.5,CONTINGENCY,,
637,637,EVTOL-01,EC35,31.3072405,120.6037633,199.9,BUSY,M-P-001,V1
637,637,L-UAV-01,AMZN,31.2997822,120.5984705,100.0,BUSY,M-L-001,V3
637,637,M-UAV-01,M600,31.3108767,120.6039862,30.5,AVAILABLE,,
637,637,M-UAV-02,M600,31.3062683,120.6025389,30.5,CONTINGENCY,,
638,638,EVTOL-01,EC35,31.3076032,120.6037855,199.9,BUSY,M-P-001,V1
638,638,L-UAV-01,AMZN,31.2999014,120.5985459,100.0,BUSY,M-L-001,V3
638,638,M-UAV-01,M600,31.3108767,120.6039862,30.5,AVAILABLE,,
638,638,M-UAV-02,M600,31.3062683,120.6025389,30.5,CONTINGENCY,,
639,639,EVTOL-01,EC35,31.3079659,120.6038078,199.9,BUSY,M-P-001,V1
639,639,L-UAV-01,AMZN,31.3000207,120.5986214,100.0,BUSY,M-L-001,V3
639,639,M-UAV-01,M600,31.3108767,120.6039862,30.5,AVAILABLE,,
639,639,M-UAV-02,M600,31.3062683,120.6025389,30.5,CONTINGENCY,,
640,640,EVTOL-01,EC35,31.3083286,120.6038300,199.9,BUSY,M-P-001,V1
640,640,L-UAV-01,AMZN,31.3001399,120.5986969,100.0,BUSY,M-L-001,V3
640,640,M-UAV-01,M600,31.3108767,120.6039862,30.5,AVAILABLE,,
640,640,M-UAV-02,M600,31.3062683,120.6025389,30.5,CONTINGENCY,,
641,641,EVTOL-01,EC35,31.3086913,120.6038522,199.9,BUSY,M-P-001,V1
641,641,L-UAV-01,AMZN,31.3002591,120.5987723,100.0,BUSY,M-L-001,V3
641,641,M-UAV-01,M600,31.3108767,120.6039862,30.5,AVAILABLE,,
641,641,M-UAV-02,M600,31.3062683,120.6025389,30.5,CONTINGENCY,,
642,642,EVTOL-01,EC35,31.3090540,120.6038744,199.9,BUSY,M-P-001,V1
642,642,L-UAV-01,AMZN,31.3003784,120.5988478,100.0,BUSY,M-L-001,V3
642,642,M-UAV-01,M600,31.3108767,120.6039862,30.5,AVAILABLE,,
642,642,M-UAV-02,M600,31.3062683,120.6025389,30.5,CONTINGENCY,,
643,643,EVTOL-01,EC35,31.3094167,120.6038967,199.9,BUSY,M-P-001,V1
643,643,L-UAV-01,AMZN,31.3004976,120.5989232,100.0,BUSY,M-L-001,V3
643,643,M-UAV-01,M600,31.3108767,120.6039862,30.5,AVAILABLE,,
643,643,M-UAV-02,M600,31.3062683,120.6025389,30.5,CONTINGENCY,,
644,644,EVTOL-01,EC35,31.3097794,120.6039189,199.9,BUSY,M-P-001,V1
644,644,L-UAV-01,AMZN,31.3006168,120.5989987,100.0,BUSY,M-L-001,V3
644,644,M-UAV-01,M600,31.3108767,120.6039862,30.5,AVAILABLE,,
644,644,M-UAV-02,M600,31.3062683,120.6025389,30.5,CONTINGENCY,,
645,645,EVTOL-01,EC35,31.3101421,120.6039411,199.9,BUSY,M-P-001,V2
645,645,L-UAV-01,AMZN,31.3007360,120.5990742,100.0,BUSY,M-L-001,V3
645,645,M-UAV-01,M600,31.3108767,120.6039862,30.5,AVAILABLE,,
645,645,M-UAV-02,M600,31.3062683,120.6025389,30.5,CONTINGENCY,,
646,646,EVTOL-01,EC35,31.3105046,120.6039152,199.9,BUSY,M-P-001,V2
646,646,L-UAV-01,AMZN,31.3008553,120.5991496,100.0,BUSY,M-L-001,V3
646,646,M-UAV-01,M600,31.3108767,120.6039862,30.5,AVAILABLE,,
646,646,M-UAV-02,M600,31.3062683,120.6025389,30.5,CONTINGENCY,,
647,647,EVTOL-01,EC35,31.3108623,120.6038416,199.9,BUSY,M-P-001,V2
647,647,L-UAV-01,AMZN,31.3009745,120.5992251,100.0,BUSY,M-L-001,V3
647,647,M-UAV-01,M600,31.3108767,120.6039862,30.5,AVAILABLE,,
647,647,M-UAV-02,M600,31.3062683,120.6025389,30.5,CONTINGENCY,,
648,648,EVTOL-01,EC35,31.3112106,120.6037211,199.9,BUSY,M-P-001,V2
648,648,L-UAV-01,AMZN,31.3010937,120.5993005,100.0,BUSY,M-L-001,V3
648,648,M-UAV-01,M600,31.3108767,120.6039862,30.5,AVAILABLE,,
648,648,M-UAV-02,M600,31.3062683,120.6025389,30.5,CONTINGENCY,,
649,649,EVTOL-01,EC35,31.3115450,120.6035553,199.9,BUSY,M-P-001,V2
649,649,L-UAV-01,AMZN,31.3012130,120.5993760,100.0,BUSY,M-L-001,V3
649,649,M-UAV-01,M600,31.3108767,120.6039862,30.5,AVAILABLE,,
649,649,M-UAV-02,M600,31.3062683,120.6025389,30.5,CONTINGENCY,,
650,650,EVTOL-01,EC35,31.3118613,120.6033464,199.9,BUSY,M-P-001,V2
650,650,L-UAV-01,AMZN,31.3013322,120.5994515,100.0,BUSY,M-L-001,V3
650,650,M-UAV-01,M600,31.3108767,120.6039862,30.5,AVAILABLE,,
650,650,M-UAV-02,M600,31.3062683,120.6025389,30.5,CONTINGENCY,,
651,651,EVTOL-01,EC35,31.3121554,120.6030969,199.9,BUSY,M-P-001,V2
651,651,L-UAV-01,AMZN,31.3014514,120.5995269,100.0,BUSY,M-L-001,V3
651,651,M-UAV-01,M600,31.3108767,120.6039862,30.5,AVAILABLE,,
651,651,M-UAV-02,M600,31.3062683,120.6025389,30.5,CONTINGENCY,,
652,652,EVTOL-01,EC35,31.3124235,120.6028102,199.9,BUSY,M-P-001,V2
652,652,L-UAV-01,AMZN,31.3015706,120.5996024,100.0,BUSY,M-L-001,V3
652,652,M-UAV-01,M600,31.3108767,120.6039862,30.5,AVAILABLE,,
652,652,M-UAV-02,M600,31.3062683,120.6025389,30.5,CONTINGENCY,,
653,653,EVTOL-01,EC35,31.3126622,120.6024898,199.9,BUSY,M-P-001,V2
653,653,L-UAV-01,AMZN,31.3016899,120.5996779,100.0,BUSY,M-L-001,V3
653,653,M-UAV-01,M600,31.3108767,120.6039862,30.5,AVAILABLE,,
653,653,M-UAV-02,M600,31.3062683,120.6025389,30.5,CONTINGENCY,,
654,654,EVTOL-01,EC35,31.3128685,120.6021399,199.9,BUSY,M-P-001,V2
654,654,L-UAV-01,AMZN,31.3018091,120.5997533,100.0,BUSY,M-L-001,V3
654,654,M-UAV-01,M600,31.3108767,120.6039862,30.5,AVAILABLE,,
654,654,M-UAV-02,M600,31.3062683,120.6025389,30.5,CONTINGENCY,,
655,655,EVTOL-01,EC35,31.3130397,120.6017650,199.9,BUSY,M-P-001,V2
655,655,L-UAV-01,AMZN,31.3019283,120.5998288,100.0,BUSY,M-L-001,V3
655,655,M-UAV-01,M600,31.3108767,120.6039862,30.5,AVAILABLE,,
655,655,M-UAV-02,M600,31.3062683,120.6025389,30.5,CONTINGENCY,,
656,656,EVTOL-01,EC35,31.3131736,120.6013698,199.9,BUSY,M-P-001,V2
656,656,L-UAV-01,AMZN,31.3020476,120.5999043,100.0,BUSY,M-L-001,V3
656,656,M-UAV-01,M600,31.3108767,120.6039862,30.5,AVAILABLE,,
656,656,M-UAV-02,M600,31.3062683,120.6025389,30.5,CONTINGENCY,,
657,657,EVTOL-01,EC35,31.3132685,120.6009594,199.9,BUSY,M-P-001,V2
657,657,L-UAV-01,AMZN,31.3021668,120.5999797,100.0,BUSY,M-L-001,V3
657,657,M-UAV-01,M600,31.3108767,120.6039862,30.5,AVAILABLE,,
657,657,M-UAV-02,M600,31.3062683,120.6025389,30.5,CONTINGENCY,,
658,658,EVTOL-01,EC35,31.3133231,120.6005392,199.9,BUSY,M-P-001,V2
658,658,L-UAV-01,AMZN,31.3022860,120.6000552,100.0,BUSY,M-L-001,V3
658,658,M-UAV-01,M600,31.3108767,120.6039862,30.5,AVAILABLE,,
658,658,M-UAV-02,M600,31.3062683,120.6025389,30.5,CONTINGENCY,,
659,659,EVTOL-01,EC35,31.3133369,120.6001144,199.9,BUSY,M-P-001,V2
659,659,L-UAV-01,AMZN,31.3024052,120.6001306,100.0,BUSY,M-L-001,V3
659,659,M-UAV-01,M600,31.3108767,120.6039862,30.5,AVAILABLE,,
659,659,M-UAV-02,M600,31.3062683,120.6025389,30.5,CONTINGENCY,,
660,660,EVTOL-01,EC35,31.3133095,120.5996905,199.9,BUSY,M-P-001,V2
660,660,L-UAV-01,AMZN,31.3025245,120.6002061,100.0,BUSY,M-L-001,V3
660,660,M-UAV-01,M600,31.3108767,120.6039862,30.5,AVAILABLE,,
660,660,M-UAV-02,M600,31.3062683,120.6025389,30.5,CONTINGENCY,,
661,661,EVTOL-01,EC35,31.3132414,120.5992729,199.9,BUSY,M-P-001,V2
661,661,L-UAV-01,AMZN,31.3026437,120.6002816,100.0,BUSY,M-L-001,V3
661,661,M-UAV-01,M600,31.3108767,120.6039862,30.5,AVAILABLE,,
661,661,M-UAV-02,M600,31.3062683,120.6025389,30.5,CONTINGENCY,,
662,662,EVTOL-01,EC35,31.3131334,120.5988670,199.9,BUSY,M-P-001,V2
662,662,L-UAV-01,AMZN,31.3027629,120.6003570,100.0,BUSY,M-L-001,V3
662,662,M-UAV-01,M600,31.3108767,120.6039862,30.5,AVAILABLE,,
662,662,M-UAV-02,M600,31.3062683,120.6025389,30.5,CONTINGENCY,,
663,663,EVTOL-01,EC35,31.3129870,120.5984780,199.9,BUSY,M-P-001,V2
663,663,L-UAV-01,AMZN,31.3028822,120.6004325,100.0,BUSY,M-L-001,V3
663,663,M-UAV-01,M600,31.3108767,120.6039862,30.5,AVAILABLE,,
663,663,M-UAV-02,M600,31.3062683,120.6025389,30.5,CONTINGENCY,,
664,664,EVTOL-01,EC35,31.3128039,120.5981108,199.9,BUSY,M-P-001,V2
664,664,L-UAV-01,AMZN,31.3030014,120.6005080,100.0,BUSY,M-L-001,V3
664,664,M-UAV-01,M600,31.3108767,120.6039862,30.5,AVAILABLE,,
664,664,M-UAV-02,M600,31.3062683,120.6025389,30.5,CONTINGENCY,,
665,665,EVTOL-01,EC35,31.3125865,120.5977702,199.9,BUSY,M-P-001,V2
665,665,L-UAV-01,AMZN,31.3031206,120.6005834,100.0,BUSY,M-L-001,V3
665,665,M-UAV-01,M600,31.3108767,120.6039862,30.5,AVAILABLE,,
665,665,M-UAV-02,M600,31.3062683,120.6025389,30.5,CONTINGENCY,,
666,666,EVTOL-01,EC35,31.3123377,120.5974606,199.9,BUSY,M-P-001,V2
666,666,L-UAV-01,AMZN,31.3032398,120.6006589,100.0,BUSY,M-L-001,V3
666,666,M-UAV-01,M600,31.3108767,120.6039862,30.5,AVAILABLE,,
666,666,M-UAV-02,M600,31.3062683,120.6025389,30.5,CONTINGENCY,,
667,667,EVTOL-01,EC35,31.3120606,120.5971858,199.9,BUSY,M-P-001,V2
667,667,L-UAV-01,AMZN,31.3033591,120.6007344,100.0,BUSY,M-L-001,V3
667,667,M-UAV-01,M600,31.3108767,120.6039862,30.5,AVAILABLE,,
667,667,M-UAV-02,M600,31.3062683,120.6025389,30.5,CONTINGENCY,,
668,668,EVTOL-01,EC35,31.3117587,120.5969495,199.9,BUSY,M-P-001,V2
668,668,L-UAV-01,AMZN,31.3034783,120.6008098,100.0,BUSY,M-L-001,V3
668,668,M-UAV-01,M600,31.3108767,120.6039862,30.5,AVAILABLE,,
668,668,M-UAV-02,M600,31.3062683,120.6025389,30.5,CONTINGENCY,,
669,669,EVTOL-01,EC35,31.3114359,120.5967546,199.9,BUSY,M-P-001,V2
669,669,L-UAV-01,AMZN,31.3035975,120.6008853,100.0,BUSY,M-L-001,V3
669,669,M-UAV-01,M600,31.3108767,120.6039862,30.5,AVAILABLE,,
669,669,M-UAV-02,M600,31.3062683,120.6025389,30.5,CONTINGENCY,,
670,670,EVTOL-01,EC35,31.3110964,120.5966036,199.9,BUSY,M-P-001,V2
670,670,L-UAV-01,AMZN,31.3037168,120.6009608,100.0,BUSY,M-L-001,V3
670,670,M-UAV-01,M600,31.3108767,120.6039862,30.5,AVAILABLE,,
670,670,M-UAV-02,M600,31.3062683,120.6025389,30.5,CONTINGENCY,,
671,671,EVTOL-01,EC35,31.3107445,120.5964985,199.9,BUSY,M-P-001,V2
671,671,L-UAV-01,AMZN,31.3038360,120.6010362,100.0,BUSY,M-L-001,V3
671,671,M-UAV-01,M600,31.3108767,120.6039862,30.5,AVAILABLE,,
671,671,M-UAV-02,M600,31.3062683,120.6025389,30.5,CONTINGENCY,,
672,672,EVTOL-01,EC35,31.3103847,120.5964406,199.9,BUSY,M-P-001,V2
672,672,L-UAV-01,AMZN,31.3039552,120.6011117,100.0,BUSY,M-L-001,V3
672,672,M-UAV-01,M600,31.3108767,120.6039862,30.5,AVAILABLE,,
672,672,M-UAV-02,M600,31.3062683,120.6025389,30.5,CONTINGENCY,,
673,673,EVTOL-01,EC35,31.3100220,120.5964184,199.9,BUSY,M-P-001,V2
673,673,L-UAV-01,AMZN,31.3040744,120.6011872,100.0,BUSY,M-L-001,V3
673,673,M-UAV-01,M600,31.3108767,120.6039862,30.5,AVAILABLE,,
673,673,M-UAV-02,M600,31.3062683,120.6025389,30.5,CONTINGENCY,,
674,674,EVTOL-01,EC35,31.3096593,120.5963962,199.9,BUSY,M-P-001,V2
674,674,L-UAV-01,AMZN,31.3041937,120.6012626,100.0,BUSY,M-L-001,V3
674,674,M-UAV-01,M600,31.3108767,120.6039862,30.5,AVAILABLE,,
674,674,M-UAV-02,M600,31.3062683,120.6025389,30.5,CONTINGENCY,,
675,675,EVTOL-01,EC35,31.3092966,120.5963740,199.9,BUSY,M-P-001,V2
675,675,L-UAV-01,AMZN,31.3043129,120.6013381,100.0,BUSY,M-L-001,V3
675,675,M-UAV-01,M600,31.3108767,120.6039862,30.5,AVAILABLE,,
675,675,M-UAV-02,M600,31.3062683,120.6025389,30.5,CONTINGENCY,,
676,676,EVTOL-01,EC35,31.3089339,120.5963518,199.9,BUSY,M-P-001,V2
676,676,L-UAV-01,AMZN,31.3044321,120.6014136,100.0,BUSY,M-L-001,V3
676,676,M-UAV-01,M600,31.3108767,120.6039862,30.5,AVAILABLE,,
676,676,M-UAV-02,M600,31.3062683,120.6025389,30.5,CONTINGENCY,,
677,677,EVTOL-01,EC35,31.3085712,120.5963296,199.9,BUSY,M-P-001,V2
677,677,L-UAV-01,AMZN,31.3045514,120.6014890,100.0,BUSY,M-L-001,V3
677,677,M-UAV-01,M600,31.3108767,120.6039862,30.5,AVAILABLE,,
677,677,M-UAV-02,M600,31.3062683,120.6025389,30.5,CONTINGENCY,,
678,678,EVTOL-01,EC35,31.3082085,120.5963075,199.9,BUSY,M-P-001,V2
678,678,L-UAV-01,AMZN,31.3046706,120.6015645,100.0,BUSY,M-L-001,V3
678,678,M-UAV-01,M600,31.3108767,120.6039862,30.5,AVAILABLE,,
678,678,M-UAV-02,M600,31.3062683,120.6025389,30.5,CONTINGENCY,,
679,679,EVTOL-01,EC35,31.3078458,120.5962853,199.9,BUSY,M-P-001,V2
679,679,L-UAV-01,AMZN,31.3047898,120.6016400,100.0,BUSY,M-L-001,V3
679,679,M-UAV-01,M600,31.3108767,120.6039862,30.5,AVAILABLE,,
679,679,M-UAV-02,M600,31.3062683,120.6025389,30.5,CONTINGENCY,,
680,680,EVTOL-01,EC35,31.3074831,120.5962631,199.9,BUSY,M-P-001,V2
680,680,L-UAV-01,AMZN,31.3049090,120.6017154,100.0,BUSY,M-L-001,V3
680,680,M-UAV-01,M600,31.3108767,120.6039862,30.5,AVAILABLE,,
680,680,M-UAV-02,M600,31.3062683,120.6025389,30.5,CONTINGENCY,,
681,681,EVTOL-01,EC35,31.3071204,120.5962409,199.9,BUSY,M-P-001,V2
681,681,L-UAV-01,AMZN,31.3050283,120.6017909,100.0,BUSY,M-L-001,V3
681,681,M-UAV-01,M600,31.3108767,120.6039862,30.5,AVAILABLE,,
681,681,M-UAV-02,M600,31.3062683,120.6025389,30.5,CONTINGENCY,,
682,682,EVTOL-01,EC35,31.3067577,120.5962187,199.9,BUSY,M-P-001,V2
682,682,L-UAV-01,AMZN,31.3051475,120.6018664,100.0,BUSY,M-L-001,V3
682,682,M-UAV-01,M600,31.3108767,120.6039862,30.5,AVAILABLE,,
682,682,M-UAV-02,M600,31.3062683,120.6025389,30.5,CONTINGENCY,,
683,683,EVTOL-01,EC35,31.3063951,120.5961965,199.9,BUSY,M-P-001,V2
683,683,L-UAV-01,AMZN,31.3052667,120.6019418,100.0,BUSY,M-L-001,V3
683,683,M-UAV-01,M600,31.3108767,120.6039862,30.5,AVAILABLE,,
683,683,M-UAV-02,M600,31.3062683,120.6025389,30.5,CONTINGENCY,,
684,684,EVTOL-01,EC35,31.3060324,120.5961743,199.9,BUSY,M-P-001,V2
684,684,L-UAV-01,AMZN,31.3053859,120.6020173,100.0,BUSY,M-L-001,V3
684,684,M-UAV-01,M600,31.3108767,120.6039862,30.5,AVAILABLE,,
684,684,M-UAV-02,M600,31.3062683,120.6025389,30.5,CONTINGENCY,,
685,685,EVTOL-01,EC35,31.3056697,120.5961521,199.9,BUSY,M-P-001,V2
685,685,L-UAV-01,AMZN,31.3055052,120.6020928,100.0,BUSY,M-L-001,V3
685,685,M-UAV-01,M600,31.3108767,120.6039862,30.5,AVAILABLE,,
685,685,M-UAV-02,M600,31.3062683,120.6025389,30.5,CONTINGENCY,,
686,686,EVTOL-01,EC35,31.3053070,120.5961299,199.9,BUSY,M-P-001,V2
686,686,L-UAV-01,AMZN,31.3056244,120.6021683,100.0,BUSY,M-L-001,V3
686,686,M-UAV-01,M600,31.3108767,120.6039862,30.5,AVAILABLE,,
686,686,M-UAV-02,M600,31.3062683,120.6025389,30.5,CONTINGENCY,,
687,687,EVTOL-01,EC35,31.3049443,120.5961078,199.9,BUSY,M-P-001,V2
687,687,L-UAV-01,AMZN,31.3057436,120.6022437,100.0,BUSY,M-L-001,V3
687,687,M-UAV-01,M600,31.3108767,120.6039862,30.5,AVAILABLE,,
687,687,M-UAV-02,M600,31.3062683,120.6025389,30.5,CONTINGENCY,,
688,688,EVTOL-01,EC35,31.3045816,120.5960856,199.9,BUSY,M-P-001,V2
688,688,L-UAV-01,AMZN,31.3058629,120.6023192,100.0,BUSY,M-L-001,V2
688,688,M-UAV-01,M600,31.3108767,120.6039862,30.5,AVAILABLE,,
688,688,M-UAV-02,M600,31.3062683,120.6025389,30.5,CONTINGENCY,,
689,689,EVTOL-01,EC35,31.3042189,120.5960634,199.9,BUSY,M-P-001,V2
689,689,L-UAV-01,AMZN,31.3059959,120.6023495,100.0,BUSY,M-L-001,V2
689,689,M-UAV-01,M600,31.3108767,120.6039862,30.5,AVAILABLE,,
689,689,M-UAV-02,M600,31.3062683,120.6025389,30.5,CONTINGENCY,,
690,690,EVTOL-01,EC35,31.3038562,120.5960412,199.9,BUSY,M-P-001,V2
690,690,L-UAV-01,AMZN,31.3061306,120.6023319,100.0,BUSY,M-L-001,V2
690,690,M-UAV-01,M600,31.3108767,120.6039862,30.5,AVAILABLE,,
690,690,M-UAV-02,M600,31.3062683,120.6025389,30.5,CONTINGENCY,,
691,691,EVTOL-01,EC35,31.3034935,120.5960190,199.9,BUSY,M-P-001,V2
691,691,L-UAV-01,AMZN,31.3062547,120.6022681,100.0,BUSY,M-L-001,V2
691,691,M-UAV-01,M600,31.3108767,120.6039862,30.5,AVAILABLE,,
691,691,M-UAV-02,M600,31.3062683,120.6025389,30.5,CONTINGENCY,,
692,692,EVTOL-01,EC35,31.3031308,120.5959968,199.9,BUSY,M-P-001,V2
692,692,L-UAV-01,AMZN,31.3063568,120.6021637,100.0,BUSY,M-L-001,V2
692,692,M-UAV-01,M600,31.3108767,120.6039862,30.5,AVAILABLE,,
692,692,M-UAV-02,M600,31.3062683,120.6025389,30.5,CONTINGENCY,,
693,693,EVTOL-01,EC35,31.3027681,120.5959746,199.9,BUSY,M-P-001,V2
693,693,L-UAV-01,AMZN,31.3064276,120.6020284,100.0,BUSY,M-L-001,V2
693,693,M-UAV-01,M600,31.3108767,120.6039862,30.5,AVAILABLE,,
693,693,M-UAV-02,M600,31.3062683,120.6025389,30.5,CONTINGENCY,,
694,694,EVTOL-01,EC35,31.3024054,120.5959525,199.9,BUSY,M-P-001,V2
694,694,L-UAV-01,AMZN,31.3064606,120.6018746,100.0,BUSY,M-L-001,V2
694,694,M-UAV-01,M600,31.3108767,120.6039862,30.5,AVAILABLE,,
694,694,M-UAV-02,M600,31.3062683,120.6025389,30.5,CONTINGENCY,,
695,695,EVTOL-01,EC35,31.3020427,120.5959303,199.9,BUSY,M-P-001,V2
695,695,L-UAV-01,AMZN,31.3064529,120.6017162,100.0,BUSY,M-L-001,V2
695,695,M-UAV-01,M600,31.3108767,120.6039862,30.5,AVAILABLE,,
695,695,M-UAV-02,M600,31.3062683,120.6025389,30.5,CONTINGENCY,,
696,696,EVTOL-01,EC35,31.3016800,120.5959081,199.9,BUSY,M-P-001,V2
696,696,L-UAV-01,AMZN,31.3064050,120.6015677,100.0,BUSY,M-L-001,V2
696,696,M-UAV-01,M600,31.3108767,120.6039862,30.5,AVAILABLE,,
696,696,M-UAV-02,M600,31.3062683,120.6025389,30.5,CONTINGENCY,,
697,697,EVTOL-01,EC35,31.3013173,120.5958859,199.9,BUSY,M-P-001,V2
697,697,L-UAV-01,AMZN,31.3063215,120.6014428,100.0,BUSY,M-L-001,V2
697,697,M-UAV-01,M600,31.3108767,120.6039862,30.5,AVAILABLE,,
697,697,M-UAV-02,M600,31.3062683,120.6025389,30.5,CONTINGENCY,,
698,698,EVTOL-01,EC35,31.3009546,120.5958637,199.9,BUSY,M-P-001,V2
698,698,L-UAV-01,AMZN,31.3062099,120.6013528,100.0,BUSY,M-L-001,V2
698,698,M-UAV-01,M600,31.3108767,120.6039862,30.5,AVAILABLE,,
698,698,M-UAV-02,M600,31.3062683,120.6025389,30.5,CONTINGENCY,,
699,699,EVTOL-01,EC35,31.3005919,120.5958415,199.9,BUSY,M-P-001,V2
699,699,L-UAV-01,AMZN,31.3060907,120.6012773,100.0,BUSY,M-L-001,V2
699,699,M-UAV-01,M600,31.3108767,120.6039862,30.5,AVAILABLE,,
699,699,M-UAV-02,M600,31.3062683,120.6025389,30.5,CONTINGENCY,,
700,700,EVTOL-01,EC35,31.3002292,120.5958193,199.9,BUSY,M-P-001,V2
700,700,L-UAV-01,AMZN,31.3059714,120.6012019,100.0,BUSY,M-L-001,V2
700,700,M-UAV-01,M600,31.3108767,120.6039862,30.5,AVAILABLE,,
700,700,M-UAV-02,M600,31.3062683,120.6025389,30.5,CONTINGENCY,,
701,701,EVTOL-01,EC35,31.2998665,120.5957972,199.9,BUSY,M-P-001,V2
701,701,L-UAV-01,AMZN,31.3058522,120.6011264,100.0,BUSY,M-L-001,V2
701,701,M-UAV-01,M600,31.3108767,120.6039862,30.5,AVAILABLE,,
701,701,M-UAV-02,M600,31.3062683,120.6025389,30.5,CONTINGENCY,,
702,702,EVTOL-01,EC35,31.2995038,120.5957750,199.9,BUSY,M-P-001,V2
702,702,L-UAV-01,AMZN,31.3057330,120.6010509,100.0,BUSY,M-L-001,V2
702,702,M-UAV-01,M600,31.3108767,120.6039862,30.5,AVAILABLE,,
702,702,M-UAV-02,M600,31.3062683,120.6025389,30.5,CONTINGENCY,,
703,703,EVTOL-01,EC35,31.2991411,120.5957528,199.9,BUSY,M-P-001,V2
703,703,L-UAV-01,AMZN,31.3056137,120.6009754,100.0,BUSY,M-L-001,V2
703,703,M-UAV-01,M600,31.3108767,120.6039862,30.5,AVAILABLE,,
703,703,M-UAV-02,M600,31.3062683,120.6025389,30.5,CONTINGENCY,,
704,704,EVTOL-01,EC35,31.2987784,120.5957306,199.9,BUSY,M-P-001,V2
704,704,L-UAV-01,AMZN,31.3054945,120.6009000,100.0,BUSY,M-L-001,V2
704,704,M-UAV-01,M600,31.3108767,120.6039862,30.5,AVAILABLE,,
704,704,M-UAV-02,M600,31.3062683,120.6025389,30.5,CONTINGENCY,,
705,705,EVTOL-01,EC35,31.2984158,120.5957084,199.9,BUSY,M-P-001,V2
705,705,L-UAV-01,AMZN,31.3053753,120.6008245,100.0,BUSY,M-L-001,V2
705,705,M-UAV-01,M600,31.3108767,120.6039862,30.5,AVAILABLE,,
705,705,M-UAV-02,M600,31.3062683,120.6025389,30.5,CONTINGENCY,,
706,706,EVTOL-01,EC35,31.2980531,120.5956862,199.9,BUSY,M-P-001,V1
706,706,L-UAV-01,AMZN,31.3052561,120.6007490,100.0,BUSY,M-L-001,V2
706,706,M-UAV-01,M600,31.3108767,120.6039862,30.5,AVAILABLE,,
706,706,M-UAV-02,M600,31.3062683,120.6025389,30.5,CONTINGENCY,,
707,707,EVTOL-01,EC35,31.2976905,120.5957122,199.9,BUSY,M-P-001,V1
707,707,L-UAV-01,AMZN,31.3051368,120.6006736,100.0,BUSY,M-L-001,V2
707,707,M-UAV-01,M600,31.3108767,120.6039862,30.5,AVAILABLE,,
707,707,M-UAV-02,M600,31.3062683,120.6025389,30.5,CONTINGENCY,,
708,708,EVTOL-01,EC35,31.2973329,120.5957859,199.9,BUSY,M-P-001,V1
708,708,L-UAV-01,AMZN,31.3050176,120.6005981,100.0,BUSY,M-L-001,V2
708,708,M-UAV-01,M600,31.3108767,120.6039862,30.5,AVAILABLE,,
708,708,M-UAV-02,M600,31.3062683,120.6025389,30.5,CONTINGENCY,,
709,709,EVTOL-01,EC35,31.2969846,120.5959064,199.9,BUSY,M-P-001,V1
709,709,L-UAV-01,AMZN,31.3048984,120.6005226,100.0,BUSY,M-L-001,V2
709,709,M-UAV-01,M600,31.3108767,120.6039862,30.5,AVAILABLE,,
709,709,M-UAV-02,M600,31.3062683,120.6025389,30.5,CONTINGENCY,,
710,710,EVTOL-01,EC35,31.2966501,120.5960722,199.9,BUSY,M-P-001,V1
710,710,L-UAV-01,AMZN,31.3047791,120.6004472,100.0,BUSY,M-L-001,V2
710,710,M-UAV-01,M600,31.3108767,120.6039862,30.5,AVAILABLE,,
710,710,M-UAV-02,M600,31.3062683,120.6025389,30.5,CONTINGENCY,,
711,711,EVTOL-01,EC35,31.2963339,120.5962811,199.9,BUSY,M-P-001,V1
711,711,L-UAV-01,AMZN,31.3046599,120.6003717,100.0,BUSY,M-L-001,V2
711,711,M-UAV-01,M600,31.3108767,120.6039862,30.5,AVAILABLE,,
711,711,M-UAV-02,M600,31.3062683,120.6025389,30.5,CONTINGENCY,,
712,712,EVTOL-01,EC35,31.2960398,120.5965306,199.9,BUSY,M-P-001,V1
712,712,L-UAV-01,AMZN,31.3045407,120.6002962,100.0,BUSY,M-L-001,V2
712,712,M-UAV-01,M600,31.3108767,120.6039862,30.5,AVAILABLE,,
712,712,M-UAV-02,M600,31.3062683,120.6025389,30.5,CONTINGENCY,,
713,713,EVTOL-01,EC35,31.2957717,120.5968173,199.9,BUSY,M-P-001,V1
713,713,L-UAV-01,AMZN,31.3044215,120.6002208,100.0,BUSY,M-L-001,V2
713,713,M-UAV-01,M600,31.3108767,120.6039862,30.5,AVAILABLE,,
713,713,M-UAV-02,M600,31.3062683,120.6025389,30.5,CONTINGENCY,,
714,714,EVTOL-01,EC35,31.2955330,120.5971376,199.9,BUSY,M-P-001,V1
714,714,L-UAV-01,AMZN,31.3043022,120.6001453,100.0,BUSY,M-L-001,V2
714,714,M-UAV-01,M600,31.3108767,120.6039862,30.5,AVAILABLE,,
714,714,M-UAV-02,M600,31.3062683,120.6025389,30.5,CONTINGENCY,,
715,715,EVTOL-01,EC35,31.2953268,120.5974875,199.9,BUSY,M-P-001,V1
715,715,L-UAV-01,AMZN,31.3041830,120.6000698,100.0,BUSY,M-L-001,V2
715,715,M-UAV-01,M600,31.3108767,120.6039862,30.5,AVAILABLE,,
715,715,M-UAV-02,M600,31.3062683,120.6025389,30.5,CONTINGENCY,,
716,716,EVTOL-01,EC35,31.2951556,120.5978624,199.9,BUSY,M-P-001,V1
716,716,L-UAV-01,AMZN,31.3040638,120.5999944,100.0,BUSY,M-L-001,V2
716,716,M-UAV-01,M600,31.3108767,120.6039862,30.5,AVAILABLE,,
716,716,M-UAV-02,M600,31.3062683,120.6025389,30.5,CONTINGENCY,,
717,717,EVTOL-01,EC35,31.2950218,120.5982575,199.9,BUSY,M-P-001,V1
717,717,L-UAV-01,AMZN,31.3039445,120.5999189,100.0,BUSY,M-L-001,V2
717,717,M-UAV-01,M600,31.3108767,120.6039862,30.5,AVAILABLE,,
717,717,M-UAV-02,M600,31.3062683,120.6025389,30.5,CONTINGENCY,,
718,718,EVTOL-01,EC35,31.2949269,120.5986678,199.9,BUSY,M-P-001,V1
718,718,L-UAV-01,AMZN,31.3038253,120.5998434,100.0,BUSY,M-L-001,V2
718,718,M-UAV-01,M600,31.3108767,120.6039862,30.5,AVAILABLE,,
718,718,M-UAV-02,M600,31.3062683,120.6025389,30.5,CONTINGENCY,,
719,719,EVTOL-01,EC35,31.2948723,120.5990880,199.9,BUSY,M-P-001,V1
719,719,L-UAV-01,AMZN,31.3037061,120.5997680,100.0,BUSY,M-L-001,V2
719,719,M-UAV-01,M600,31.3108767,120.6039862,30.5,AVAILABLE,,
719,719,M-UAV-02,M600,31.3062683,120.6025389,30.5,CONTINGENCY,,
720,720,EVTOL-01,EC35,31.2948586,120.5995127,199.9,BUSY,M-P-001,V1
720,720,L-UAV-01,AMZN,31.3035869,120.5996925,100.0,BUSY,M-L-001,V2
720,720,M-UAV-01,M600,31.3108767,120.6039862,30.5,AVAILABLE,,
720,720,M-UAV-02,M600,31.3062683,120.6025389,30.5,CONTINGENCY,,
721,721,EVTOL-01,EC35,31.2948860,120.5999365,199.9,BUSY,M-P-001,V1
721,721,L-UAV-01,AMZN,31.3034676,120.5996171,100.0,BUSY,M-L-001,V2
721,721,M-UAV-01,M600,31.3108767,120.6039862,30.5,AVAILABLE,,
721,721,M-UAV-02,M600,31.3062683,120.6025389,30.5,CONTINGENCY,,
722,722,EVTOL-01,EC35,31.2949541,120.6003540,199.9,BUSY,M-P-001,V1
722,722,L-UAV-01,AMZN,31.3033484,120.5995416,100.0,BUSY,M-L-001,V2
722,722,M-UAV-01,M600,31.3108767,120.6039862,30.5,AVAILABLE,,
722,722,M-UAV-02,M600,31.3062683,120.6025389,30.5,CONTINGENCY,,
723,723,EVTOL-01,EC35,31.2950621,120.6007598,199.9,BUSY,M-P-001,V1
723,723,L-UAV-01,AMZN,31.3032292,120.5994661,100.0,BUSY,M-L-001,V2
723,723,M-UAV-01,M600,31.3108767,120.6039862,30.5,AVAILABLE,,
723,723,M-UAV-02,M600,31.3062683,120.6025389,30.5,CONTINGENCY,,
724,724,EVTOL-01,EC35,31.2952086,120.6011487,199.9,BUSY,M-P-001,V1
724,724,L-UAV-01,AMZN,31.3031099,120.5993907,100.0,BUSY,M-L-001,V2
724,724,M-UAV-01,M600,31.3108767,120.6039862,30.5,AVAILABLE,,
724,724,M-UAV-02,M600,31.3062683,120.6025389,30.5,CONTINGENCY,,
725,725,EVTOL-01,EC35,31.2953917,120.6015158,199.9,BUSY,M-P-001,V1
725,725,L-UAV-01,AMZN,31.3029907,120.5993152,100.0,BUSY,M-L-001,V2
725,725,M-UAV-01,M600,31.3108767,120.6039862,30.5,AVAILABLE,,
725,725,M-UAV-02,M600,31.3062683,120.6025389,30.5,CONTINGENCY,,
726,726,EVTOL-01,EC35,31.2956091,120.6018563,199.9,BUSY,M-P-001,V1
726,726,L-UAV-01,AMZN,31.3028715,120.5992397,100.0,BUSY,M-L-001,V2
726,726,M-UAV-01,M600,31.3108767,120.6039862,30.5,AVAILABLE,,
726,726,M-UAV-02,M600,31.3062683,120.6025389,30.5,CONTINGENCY,,
727,727,EVTOL-01,EC35,31.2958580,120.6021658,199.9,BUSY,M-P-001,V1
727,727,L-UAV-01,AMZN,31.3027523,120.5991643,100.0,BUSY,M-L-001,V2
727,727,M-UAV-01,M600,31.3108767,120.6039862,30.5,AVAILABLE,,
727,727,M-UAV-02,M600,31.3062683,120.6025389,30.5,CONTINGENCY,,
728,728,EVTOL-01,EC35,31.2961351,120.6024405,199.9,BUSY,M-P-001,V1
728,728,L-UAV-01,AMZN,31.3026330,120.5990888,100.0,BUSY,M-L-001,V2
728,728,M-UAV-01,M600,31.3108767,120.6039862,30.5,AVAILABLE,,
728,728,M-UAV-02,M600,31.3062683,120.6025389,30.5,CONTINGENCY,,
729,729,EVTOL-01,EC35,31.2964370,120.6026768,199.9,BUSY,M-P-001,V1
729,729,L-UAV-01,AMZN,31.3025138,120.5990133,100.0,BUSY,M-L-001,V2
729,729,M-UAV-01,M600,31.3108767,120.6039862,30.5,AVAILABLE,,
729,729,M-UAV-02,M600,31.3062683,120.6025389,30.5,CONTINGENCY,,
730,730,EVTOL-01,EC35,31.2967598,120.6028716,199.9,BUSY,M-P-001,V1
730,730,L-UAV-01,AMZN,31.3023946,120.5989379,100.0,BUSY,M-L-001,V2
730,730,M-UAV-01,M600,31.3108767,120.6039862,30.5,AVAILABLE,,
730,730,M-UAV-02,M600,31.3062683,120.6025389,30.5,CONTINGENCY,,
731,731,EVTOL-01,EC35,31.2970993,120.6030226,199.9,BUSY,M-P-001,V1
731,731,L-UAV-01,AMZN,31.3022753,120.5988624,100.0,BUSY,M-L-001,V2
731,731,M-UAV-01,M600,31.3108767,120.6039862,30.5,AVAILABLE,,
731,731,M-UAV-02,M600,31.3062683,120.6025389,30.5,CONTINGENCY,,
732,732,EVTOL-01,EC35,31.2974513,120.6031276,199.9,BUSY,M-P-001,V1
732,732,L-UAV-01,AMZN,31.3021561,120.5987870,100.0,BUSY,M-L-001,V2
732,732,M-UAV-01,M600,31.3108767,120.6039862,30.5,AVAILABLE,,
732,732,M-UAV-02,M600,31.3062683,120.6025389,30.5,CONTINGENCY,,
733,733,EVTOL-01,EC35,31.2978111,120.6031855,199.9,BUSY,M-P-001,V1
733,733,L-UAV-01,AMZN,31.3020369,120.5987115,100.0,BUSY,M-L-001,V2
733,733,M-UAV-01,M600,31.3108767,120.6039862,30.5,AVAILABLE,,
733,733,M-UAV-02,M600,31.3062683,120.6025389,30.5,CONTINGENCY,,
734,734,EVTOL-01,EC35,31.2981738,120.6032077,199.9,BUSY,M-P-001,V1
734,734,L-UAV-01,AMZN,31.3019177,120.5986360,100.0,BUSY,M-L-001,V2
734,734,M-UAV-01,M600,31.3108767,120.6039862,30.5,AVAILABLE,,
734,734,M-UAV-02,M600,31.3062683,120.6025389,30.5,CONTINGENCY,,
735,735,EVTOL-01,EC35,31.2985364,120.6032299,199.9,BUSY,M-P-001,V1
735,735,L-UAV-01,AMZN,31.3017984,120.5985606,100.0,BUSY,M-L-001,V2
735,735,M-UAV-01,M600,31.3108767,120.6039862,30.5,AVAILABLE,,
735,735,M-UAV-02,M600,31.3062683,120.6025389,30.5,CONTINGENCY,,
736,736,EVTOL-01,EC35,31.2988991,120.6032521,199.9,BUSY,M-P-001,V1
736,736,L-UAV-01,AMZN,31.3016792,120.5984851,100.0,BUSY,M-L-001,V2
736,736,M-UAV-01,M600,31.3108767,120.6039862,30.5,AVAILABLE,,
736,736,M-UAV-02,M600,31.3062683,120.6025389,30.5,CONTINGENCY,,
737,737,EVTOL-01,EC35,31.2992618,120.6032743,199.9,BUSY,M-P-001,V1
737,737,L-UAV-01,AMZN,31.3015600,120.5984096,100.0,BUSY,M-L-001,V2
737,737,M-UAV-01,M600,31.3108767,120.6039862,30.5,AVAILABLE,,
737,737,M-UAV-02,M600,31.3062683,120.6025389,30.5,CONTINGENCY,,
738,738,EVTOL-01,EC35,31.2996245,120.6032966,199.9,BUSY,M-P-001,V1
738,738,L-UAV-01,AMZN,31.3014407,120.5983342,100.0,BUSY,M-L-001,V2
738,738,M-UAV-01,M600,31.3108767,120.6039862,30.5,AVAILABLE,,
738,738,M-UAV-02,M600,31.3062683,120.6025389,30.5,CONTINGENCY,,
739,739,EVTOL-01,EC35,31.2999872,120.6033188,199.9,BUSY,M-P-001,V1
739,739,L-UAV-01,AMZN,31.3013215,120.5982587,100.0,BUSY,M-L-001,V2
739,739,M-UAV-01,M600,31.3108767,120.6039862,30.5,AVAILABLE,,
739,739,M-UAV-02,M600,31.3062683,120.6025389,30.5,CONTINGENCY,,
740,740,EVTOL-01,EC35,31.3003499,120.6033410,199.9,BUSY,M-P-001,V1
740,740,L-UAV-01,AMZN,31.3012023,120.5981833,100.0,BUSY,M-L-001,V2
740,740,M-UAV-01,M600,31.3108767,120.6039862,30.5,AVAILABLE,,
740,740,M-UAV-02,M600,31.3062683,120.6025389,30.5,CONTINGENCY,,
741,741,EVTOL-01,EC35,31.3007126,120.6033632,199.9,BUSY,M-P-001,V1
741,741,L-UAV-01,AMZN,31.3010830,120.5981078,100.0,BUSY,M-L-001,V2
741,741,M-UAV-01,M600,31.3108767,120.6039862,30.5,AVAILABLE,,
741,741,M-UAV-02,M600,31.3062683,120.6025389,30.5,CONTINGENCY,,
742,742,EVTOL-01,EC35,31.3010753,120.6033855,199.9,BUSY,M-P-001,V1
742,742,L-UAV-01,AMZN,31.3009638,120.5980323,100.0,BUSY,M-L-001,V2
742,742,M-UAV-01,M600,31.3108767,120.6039862,30.5,AVAILABLE,,
742,742,M-UAV-02,M600,31.3062683,120.6025389,30.5,CONTINGENCY,,
743,743,EVTOL-01,EC35,31.3014380,120.6034077,199.9,BUSY,M-P-001,V1
743,743,L-UAV-01,AMZN,31.3008446,120.5979569,100.0,BUSY,M-L-001,V2
743,743,M-UAV-01,M600,31.3108767,120.6039862,30.5,AVAILABLE,,
743,743,M-UAV-02,M600,31.3062683,120.6025389,30.5,CONTINGENCY,,
744,744,EVTOL-01,EC35,31.3018007,120.6034299,199.9,BUSY,M-P-001,V1
744,744,L-UAV-01,AMZN,31.3007254,120.5978814,100.0,BUSY,M-L-001,V2
744,744,M-UAV-01,M600,31.3108767,120.6039862,30.5,AVAILABLE,,
744,744,M-UAV-02,M600,31.3062683,120.6025389,30.5,CONTINGENCY,,
745,745,EVTOL-01,EC35,31.3021634,120.6034522,199.9,BUSY,M-P-001,V1
745,745,L-UAV-01,AMZN,31.3006061,120.5978060,100.0,BUSY,M-L-001,V2
745,745,M-UAV-01,M600,31.3108767,120.6039862,30.5,AVAILABLE,,
745,745,M-UAV-02,M600,31.3062683,120.6025389,30.5,CONTINGENCY,,
746,746,EVTOL-01,EC35,31.3025261,120.6034744,199.9,BUSY,M-P-001,V1
746,746,L-UAV-01,AMZN,31.3004869,120.5977305,100.0,BUSY,M-L-001,V2
746,746,M-UAV-01,M600,31.3108767,120.6039862,30.5,AVAILABLE,,
746,746,M-UAV-02,M600,31.3062683,120.6025389,30.5,CONTINGENCY,,
747,747,EVTOL-01,EC35,31.3028888,120.6034966,199.9,BUSY,M-P-001,V1
747,747,L-UAV-01,AMZN,31.3003677,120.5976550,100.0,BUSY,M-L-001,V2
747,747,M-UAV-01,M600,31.3108767,120.6039862,30.5,AVAILABLE,,
747,747,M-UAV-02,M600,31.3062683,120.6025389,30.5,CONTINGENCY,,
748,748,EVTOL-01,EC35,31.3032515,120.6035188,199.9,BUSY,M-P-001,V1
748,748,L-UAV-01,AMZN,31.3002484,120.5975796,100.0,BUSY,M-L-001,V2
748,748,M-UAV-01,M600,31.3108767,120.6039862,30.5,AVAILABLE,,
748,748,M-UAV-02,M600,31.3062683,120.6025389,30.5,CONTINGENCY,,
749,749,EVTOL-01,EC35,31.3036142,120.6035411,199.9,BUSY,M-P-001,V1
749,749,L-UAV-01,AMZN,31.3001292,120.5975041,100.0,BUSY,M-L-001,V2
749,749,M-UAV-01,M600,31.3108767,120.6039862,30.5,AVAILABLE,,
749,749,M-UAV-02,M600,31.3062683,120.6025389,30.5,CONTINGENCY,,
750,750,EVTOL-01,EC35,31.3039769,120.6035633,199.9,BUSY,M-P-001,V1
750,750,L-UAV-01,AMZN,31.3000100,120.5974287,100.0,BUSY,M-L-001,V2
750,750,M-UAV-01,M600,31.3108767,120.6039862,30.5,AVAILABLE,,
750,750,M-UAV-02,M600,31.3062683,120.6025389,30.5,CONTINGENCY,,
751,751,EVTOL-01,EC35,31.3043395,120.6035855,199.9,BUSY,M-P-001,V1
751,751,L-UAV-01,AMZN,31.2998907,120.5973532,100.0,BUSY,M-L-001,V2
751,751,M-UAV-01,M600,31.3108767,120.6039862,30.5,AVAILABLE,,
751,751,M-UAV-02,M600,31.3062683,120.6025389,30.5,CONTINGENCY,,
752,752,EVTOL-01,EC35,31.3047022,120.6036077,199.9,BUSY,M-P-001,V1
752,752,L-UAV-01,AMZN,31.2997715,120.5972777,100.0,BUSY,M-L-001,V2
752,752,M-UAV-01,M600,31.3108767,120.6039862,30.5,AVAILABLE,,
752,752,M-UAV-02,M600,31.3062683,120.6025389,30.5,CONTINGENCY,,
753,753,EVTOL-01,EC35,31.3050649,120.6036300,199.9,BUSY,M-P-001,V1
753,753,L-UAV-01,AMZN,31.2996523,120.5972023,100.0,BUSY,M-L-001,V2
753,753,M-UAV-01,M600,31.3108767,120.6039862,30.5,AVAILABLE,,
753,753,M-UAV-02,M600,31.3062683,120.6025389,30.5,CONTINGENCY,,
754,754,EVTOL-01,EC35,31.3054276,120.6036522,199.9,BUSY,M-P-001,V1
754,754,L-UAV-01,AMZN,31.2995331,120.5971268,100.0,BUSY,M-L-001,V2
754,754,M-UAV-01,M600,31.3108767,120.6039862,30.5,AVAILABLE,,
754,754,M-UAV-02,M600,31.3062683,120.6025389,30.5,CONTINGENCY,,
755,755,EVTOL-01,EC35,31.3057903,120.6036744,199.9,BUSY,M-P-001,V1
755,755,L-UAV-01,AMZN,31.2994138,120.5970514,100.0,BUSY,M-L-001,V2
755,755,M-UAV-01,M600,31.3108767,120.6039862,30.5,AVAILABLE,,
755,755,M-UAV-02,M600,31.3062683,120.6025389,30.5,CONTINGENCY,,
756,756,EVTOL-01,EC35,31.3061530,120.6036966,199.9,BUSY,M-P-001,V1
756,756,L-UAV-01,AMZN,31.2992946,120.5969759,100.0,BUSY,M-L-001,V2
756,756,M-UAV-01,M600,31.3108767,120.6039862,30.5,AVAILABLE,,
756,756,M-UAV-02,M600,31.3062683,120.6025389,30.5,CONTINGENCY,,
757,757,EVTOL-01,EC35,31.3065157,120.6037189,199.9,BUSY,M-P-001,V1
757,757,L-UAV-01,AMZN,31.2991754,120.5969005,100.0,BUSY,M-L-001,V2
757,757,M-UAV-01,M600,31.3108767,120.6039862,30.5,AVAILABLE,,
757,757,M-UAV-02,M600,31.3062683,120.6025389,30.5,CONTINGENCY,,
758,758,EVTOL-01,EC35,31.3068784,120.6037411,199.9,BUSY,M-P-001,V1
758,758,L-UAV-01,AMZN,31.2990561,120.5968250,100.0,BUSY,M-L-001,V2
758,758,M-UAV-01,M600,31.3108767,120.6039862,30.5,AVAILABLE,,
758,758,M-UAV-02,M600,31.3062683,120.6025389,30.5,CONTINGENCY,,
759,759,EVTOL-01,EC35,31.3072411,120.6037633,199.9,BUSY,M-P-001,V1
759,759,L-UAV-01,AMZN,31.2989369,120.5967495,100.0,BUSY,M-L-001,V2
759,759,M-UAV-01,M600,31.3108767,120.6039862,30.5,AVAILABLE,,
759,759,M-UAV-02,M600,31.3062683,120.6025389,30.5,CONTINGENCY,,
760,760,EVTOL-01,EC35,31.3076038,120.6037856,199.9,BUSY,M-P-001,V1
760,760,L-UAV-01,AMZN,31.2988177,120.5966741,100.0,BUSY,M-L-001,V2
760,760,M-UAV-01,M600,31.3108767,120.6039862,30.5,AVAILABLE,,
760,760,M-UAV-02,M600,31.3062683,120.6025389,30.5,CONTINGENCY,,
761,761,EVTOL-01,EC35,31.3079665,120.6038078,199.9,BUSY,M-P-001,V1
761,761,L-UAV-01,AMZN,31.2986984,120.5965986,100.0,BUSY,M-L-001,V2
761,761,M-UAV-01,M600,31.3108767,120.6039862,30.5,AVAILABLE,,
761,761,M-UAV-02,M600,31.3062683,120.6025389,30.5,CONTINGENCY,,
762,762,EVTOL-01,EC35,31.3083292,120.6038300,199.9,BUSY,M-P-001,V1
762,762,L-UAV-01,AMZN,31.2985792,120.5965232,100.0,BUSY,M-L-001,V2
762,762,M-UAV-01,M600,31.3108767,120.6039862,30.5,AVAILABLE,,
762,762,M-UAV-02,M600,31.3062683,120.6025389,30.5,CONTINGENCY,,
763,763,EVTOL-01,EC35,31.3086919,120.6038522,199.9,BUSY,M-P-001,V1
763,763,L-UAV-01,AMZN,31.2984600,120.5964477,100.0,BUSY,M-L-001,V2
763,763,M-UAV-01,M600,31.3108767,120.6039862,30.5,AVAILABLE,,
763,763,M-UAV-02,M600,31.3062683,120.6025389,30.5,CONTINGENCY,,
764,764,EVTOL-01,EC35,31.3090546,120.6038745,199.9,BUSY,M-P-001,V1
764,764,L-UAV-01,AMZN,31.2983407,120.5963723,100.0,BUSY,M-L-001,V2
764,764,M-UAV-01,M600,31.3108767,120.6039862,30.5,AVAILABLE,,
764,764,M-UAV-02,M600,31.3062683,120.6025389,30.5,CONTINGENCY,,
765,765,EVTOL-01,EC35,31.3094173,120.6038967,199.9,BUSY,M-P-001,V1
765,765,L-UAV-01,AMZN,31.2982215,120.5962968,100.0,BUSY,M-L-001,V2
765,765,M-UAV-01,M600,31.3108767,120.6039862,30.5,AVAILABLE,,
765,765,M-UAV-02,M600,31.3062683,120.6025389,30.5,CONTINGENCY,,
766,766,EVTOL-01,EC35,31.3097799,120.6039189,199.9,BUSY,M-P-001,V1
766,766,L-UAV-01,AMZN,31.2981023,120.5962213,100.0,BUSY,M-L-001,V2
766,766,M-UAV-01,M600,31.3108767,120.6039862,30.5,AVAILABLE,,
766,766,M-UAV-02,M600,31.3062683,120.6025389,30.5,CONTINGENCY,,
767,767,EVTOL-01,EC35,31.3101426,120.6039412,199.9,BUSY,M-P-001,V2
767,767,L-UAV-01,AMZN,31.2979831,120.5961459,100.0,BUSY,M-L-001,V2
767,767,M-UAV-01,M600,31.3108767,120.6039862,30.5,AVAILABLE,,
767,767,M-UAV-02,M600,31.3062683,120.6025389,30.5,CONTINGENCY,,
768,768,EVTOL-01,EC35,31.3105052,120.6039153,199.9,BUSY,M-P-001,V2
768,768,L-UAV-01,AMZN,31.2978638,120.5960704,100.0,BUSY,M-L-001,V3
768,768,M-UAV-01,M600,31.3108767,120.6039862,30.5,AVAILABLE,,
768,768,M-UAV-02,M600,31.3062683,120.6025389,30.5,CONTINGENCY,,
769,769,EVTOL-01,EC35,31.3108629,120.6038416,199.9,BUSY,M-P-001,V2
769,769,L-UAV-01,AMZN,31.2977308,120.5960401,100.0,BUSY,M-L-001,V3
769,769,M-UAV-01,M600,31.3108767,120.6039862,30.5,AVAILABLE,,
769,769,M-UAV-02,M600,31.3062683,120.6025389,30.5,CONTINGENCY,,
770,770,EVTOL-01,EC35,31.3112112,120.6037211,199.9,BUSY,M-P-001,V2
770,770,L-UAV-01,AMZN,31.2975961,120.5960577,100.0,BUSY,M-L-001,V3
770,770,M-UAV-01,M600,31.3108767,120.6039862,30.5,AVAILABLE,,
770,770,M-UAV-02,M600,31.3062683,120.6025389,30.5,CONTINGENCY,,
771,771,EVTOL-01,EC35,31.3115456,120.6035553,199.9,BUSY,M-P-001,V2
771,771,L-UAV-01,AMZN,31.2974720,120.5961216,100.0,BUSY,M-L-001,V3
771,771,M-UAV-01,M600,31.3108767,120.6039862,30.5,AVAILABLE,,
771,771,M-UAV-02,M600,31.3062683,120.6025389,30.5,CONTINGENCY,,
772,772,EVTOL-01,EC35,31.3118619,120.6033464,199.9,BUSY,M-P-001,V2
772,772,L-UAV-01,AMZN,31.2973699,120.5962259,100.0,BUSY,M-L-001,V3
772,772,M-UAV-01,M600,31.3108767,120.6039862,30.5,AVAILABLE,,
772,772,M-UAV-02,M600,31.3062683,120.6025389,30.5,CONTINGENCY,,
773,773,EVTOL-01,EC35,31.3121560,120.6030969,199.9,BUSY,M-P-001,V2
773,773,L-UAV-01,AMZN,31.2972991,120.5963612,100.0,BUSY,M-L-001,V3
773,773,M-UAV-01,M600,31.3108767,120.6039862,30.5,AVAILABLE,,
773,773,M-UAV-02,M600,31.3062683,120.6025389,30.5,CONTINGENCY,,
774,774,EVTOL-01,EC35,31.3124241,120.6028102,199.9,BUSY,M-P-001,V2
774,774,L-UAV-01,AMZN,31.2972661,120.5965151,100.0,BUSY,M-L-001,V3
774,774,M-UAV-01,M600,31.3108767,120.6039862,30.5,AVAILABLE,,
774,774,M-UAV-02,M600,31.3062683,120.6025389,30.5,CONTINGENCY,,
775,775,EVTOL-01,EC35,31.3126628,120.6024898,199.9,BUSY,M-P-001,V2
775,775,L-UAV-01,AMZN,31.2972738,120.5966734,100.0,BUSY,M-L-001,V3
775,775,M-UAV-01,M600,31.3108767,120.6039862,30.5,AVAILABLE,,
775,775,M-UAV-02,M600,31.3062683,120.6025389,30.5,CONTINGENCY,,
776,776,EVTOL-01,EC35,31.3128691,120.6021399,199.9,BUSY,M-P-001,V2
776,776,L-UAV-01,AMZN,31.2973217,120.5968218,100.0,BUSY,M-L-001,V3
776,776,M-UAV-01,M600,31.3108767,120.6039862,30.5,AVAILABLE,,
776,776,M-UAV-02,M600,31.3062683,120.6025389,30.5,CONTINGENCY,,
777,777,EVTOL-01,EC35,31.3130403,120.6017650,199.9,BUSY,M-P-001,V2
777,777,L-UAV-01,AMZN,31.2974052,120.5969468,100.0,BUSY,M-L-001,V3
777,777,M-UAV-01,M600,31.3108767,120.6039862,30.5,AVAILABLE,,
777,777,M-UAV-02,M600,31.3062683,120.6025389,30.5,CONTINGENCY,,
778,778,EVTOL-01,EC35,31.3131742,120.6013698,199.9,BUSY,M-P-001,V2
778,778,L-UAV-01,AMZN,31.2975168,120.5970368,100.0,BUSY,M-L-001,V3
778,778,M-UAV-01,M600,31.3108767,120.6039862,30.5,AVAILABLE,,
778,778,M-UAV-02,M600,31.3062683,120.6025389,30.5,CONTINGENCY,,
779,779,EVTOL-01,EC35,31.3132690,120.6009595,199.9,BUSY,M-P-001,V2
779,779,L-UAV-01,AMZN,31.2976361,120.5971122,100.0,BUSY,M-L-001,V3
779,779,M-UAV-01,M600,31.3108767,120.6039862,30.5,AVAILABLE,,
779,779,M-UAV-02,M600,31.3062683,120.6025389,30.5,CONTINGENCY,,
780,780,EVTOL-01,EC35,31.3133237,120.6005392,199.9,BUSY,M-P-001,V2
780,780,L-UAV-01,AMZN,31.2977553,120.5971877,100.0,BUSY,M-L-001,V3
780,780,M-UAV-01,M600,31.3108767,120.6039862,30.5,AVAILABLE,,
780,780,M-UAV-02,M600,31.3062683,120.6025389,30.5,CONTINGENCY,,
781,781,EVTOL-01,EC35,31.3133374,120.6001144,199.9,BUSY,M-P-001,V2
781,781,L-UAV-01,AMZN,31.2978745,120.5972631,100.0,BUSY,M-L-001,V3
781,781,M-UAV-01,M600,31.3108767,120.6039862,30.5,AVAILABLE,,
781,781,M-UAV-02,M600,31.3062683,120.6025389,30.5,CONTINGENCY,,
782,782,EVTOL-01,EC35,31.3133101,120.5996905,199.9,BUSY,M-P-001,V2
782,782,L-UAV-01,AMZN,31.2979938,120.5973386,100.0,BUSY,M-L-001,V3
782,782,M-UAV-01,M600,31.3108767,120.6039862,30.5,AVAILABLE,,
782,782,M-UAV-02,M600,31.3062683,120.6025389,30.5,CONTINGENCY,,
783,783,EVTOL-01,EC35,31.3132420,120.5992729,199.9,BUSY,M-P-001,V2
783,783,L-UAV-01,AMZN,31.2981130,120.5974141,100.0,BUSY,M-L-001,V3
783,783,M-UAV-01,M600,31.3108767,120.6039862,30.5,AVAILABLE,,
783,783,M-UAV-02,M600,31.3062683,120.6025389,30.5,CONTINGENCY,,
784,784,EVTOL-01,EC35,31.3131340,120.5988670,199.9,BUSY,M-P-001,V2
784,784,L-UAV-01,AMZN,31.2982322,120.5974895,100.0,BUSY,M-L-001,V3
784,784,M-UAV-01,M600,31.3108767,120.6039862,30.5,AVAILABLE,,
784,784,M-UAV-02,M600,31.3062683,120.6025389,30.5,CONTINGENCY,,
785,785,EVTOL-01,EC35,31.3129876,120.5984780,199.9,BUSY,M-P-001,V2
785,785,L-UAV-01,AMZN,31.2983515,120.5975650,100.0,BUSY,M-L-001,V3
785,785,M-UAV-01,M600,31.3108767,120.6039862,30.5,AVAILABLE,,
785,785,M-UAV-02,M600,31.3062683,120.6025389,30.5,CONTINGENCY,,
786,786,EVTOL-01,EC35,31.3128045,120.5981109,199.9,BUSY,M-P-001,V2
786,786,L-UAV-01,AMZN,31.2984707,120.5976404,100.0,BUSY,M-L-001,V3
786,786,M-UAV-01,M600,31.3108767,120.6039862,30.5,AVAILABLE,,
786,786,M-UAV-02,M600,31.3062683,120.6025389,30.5,CONTINGENCY,,
787,787,EVTOL-01,EC35,31.3125871,120.5977703,199.9,BUSY,M-P-001,V2
787,787,L-UAV-01,AMZN,31.2985899,120.5977159,100.0,BUSY,M-L-001,V3
787,787,M-UAV-01,M600,31.3108767,120.6039862,30.5,AVAILABLE,,
787,787,M-UAV-02,M600,31.3062683,120.6025389,30.5,CONTINGENCY,,
788,788,EVTOL-01,EC35,31.3123383,120.5974606,199.9,BUSY,M-P-001,V2
788,788,L-UAV-01,AMZN,31.2987092,120.5977913,100.0,BUSY,M-L-001,V3
788,788,M-UAV-01,M600,31.3108767,120.6039862,30.5,AVAILABLE,,
788,788,M-UAV-02,M600,31.3062683,120.6025389,30.5,CONTINGENCY,,
789,789,EVTOL-01,EC35,31.3120612,120.5971859,199.9,BUSY,M-P-001,V2
789,789,L-UAV-01,AMZN,31.2988284,120.5978668,100.0,BUSY,M-L-001,V3
789,789,M-UAV-01,M600,31.3108767,120.6039862,30.5,AVAILABLE,,
789,789,M-UAV-02,M600,31.3062683,120.6025389,30.5,CONTINGENCY,,
790,790,EVTOL-01,EC35,31.3117593,120.5969495,199.9,BUSY,M-P-001,V2
790,790,L-UAV-01,AMZN,31.2989476,120.5979423,100.0,BUSY,M-L-001,V3
790,790,M-UAV-01,M600,31.3108767,120.6039862,30.5,AVAILABLE,,
790,790,M-UAV-02,M600,31.3062683,120.6025389,30.5,CONTINGENCY,,
791,791,EVTOL-01,EC35,31.3114365,120.5967546,199.9,BUSY,M-P-001,V2
791,791,L-UAV-01,AMZN,31.2990668,120.5980177,100.0,BUSY,M-L-001,V3
791,791,M-UAV-01,M600,31.3108767,120.6039862,30.5,AVAILABLE,,
791,791,M-UAV-02,M600,31.3062683,120.6025389,30.5,CONTINGENCY,,
792,792,EVTOL-01,EC35,31.3110970,120.5966036,199.9,BUSY,M-P-001,V2
792,792,L-UAV-01,AMZN,31.2991861,120.5980932,100.0,BUSY,M-L-001,V3
792,792,M-UAV-01,M600,31.3108767,120.6039862,30.5,AVAILABLE,,
792,792,M-UAV-02,M600,31.3062683,120.6025389,30.5,CONTINGENCY,,
793,793,EVTOL-01,EC35,31.3107451,120.5964985,199.9,BUSY,M-P-001,V2
793,793,L-UAV-01,AMZN,31.2993053,120.5981686,100.0,BUSY,M-L-001,V3
793,793,M-UAV-01,M600,31.3108767,120.6039862,30.5,AVAILABLE,,
793,793,M-UAV-02,M600,31.3062683,120.6025389,30.5,CONTINGENCY,,
794,794,EVTOL-01,EC35,31.3103853,120.5964406,199.9,BUSY,M-P-001,V2
794,794,L-UAV-01,AMZN,31.2994245,120.5982441,100.0,BUSY,M-L-001,V3
794,794,M-UAV-01,M600,31.3108767,120.6039862,30.5,AVAILABLE,,
794,794,M-UAV-02,M600,31.3062683,120.6025389,30.5,CONTINGENCY,,
795,795,EVTOL-01,EC35,31.3100226,120.5964184,199.9,BUSY,M-P-001,V2
795,795,L-UAV-01,AMZN,31.2995438,120.5983196,100.0,BUSY,M-L-001,V3
795,795,M-UAV-01,M600,31.3108767,120.6039862,30.5,AVAILABLE,,
795,795,M-UAV-02,M600,31.3062683,120.6025389,30.5,CONTINGENCY,,
796,796,EVTOL-01,EC35,31.3096599,120.5963962,199.9,BUSY,M-P-001,V2
796,796,L-UAV-01,AMZN,31.2996630,120.5983950,100.0,BUSY,M-L-001,V3
796,796,M-UAV-01,M600,31.3108767,120.6039862,30.5,AVAILABLE,,
796,796,M-UAV-02,M600,31.3062683,120.6025389,30.5,CONTINGENCY,,
797,797,EVTOL-01,EC35,31.3092972,120.5963741,199.9,BUSY,M-P-001,V2
797,797,L-UAV-01,AMZN,31.2997822,120.5984705,100.0,BUSY,M-L-001,V3
797,797,M-UAV-01,M600,31.3108767,120.6039862,30.5,AVAILABLE,,
797,797,M-UAV-02,M600,31.3062683,120.6025389,30.5,CONTINGENCY,,
798,798,EVTOL-01,EC35,31.3089345,120.5963519,199.9,BUSY,M-P-001,V2
798,798,L-UAV-01,AMZN,31.2999014,120.5985459,100.0,BUSY,M-L-001,V3
798,798,M-UAV-01,M600,31.3108767,120.6039862,30.5,AVAILABLE,,
798,798,M-UAV-02,M600,31.3062683,120.6025389,30.5,CONTINGENCY,,
799,799,EVTOL-01,EC35,31.3085718,120.5963297,199.9,BUSY,M-P-001,V2
799,799,L-UAV-01,AMZN,31.3000207,120.5986214,100.0,BUSY,M-L-001,V3
799,799,M-UAV-01,M600,31.3108767,120.6039862,30.5,AVAILABLE,,
799,799,M-UAV-02,M600,31.3062683,120.6025389,30.5,CONTINGENCY,,
800,800,EVTOL-01,EC35,31.3082091,120.5963075,199.9,BUSY,M-P-001,V2
800,800,L-UAV-01,AMZN,31.3001399,120.5986969,100.0,BUSY,M-L-001,V3
800,800,M-UAV-01,M600,31.3108767,120.6039862,30.5,AVAILABLE,,
800,800,M-UAV-02,M600,31.3062683,120.6025389,30.5,CONTINGENCY,,
801,801,EVTOL-01,EC35,31.3078464,120.5962853,199.9,BUSY,M-P-001,V2
801,801,L-UAV-01,AMZN,31.3002591,120.5987723,100.0,BUSY,M-L-001,V3
801,801,M-UAV-01,M600,31.3108767,120.6039862,30.5,AVAILABLE,,
801,801,M-UAV-02,M600,31.3062683,120.6025389,30.5,CONTINGENCY,,
802,802,EVTOL-01,EC35,31.3074837,120.5962631,199.9,BUSY,M-P-001,V2
802,802,L-UAV-01,AMZN,31.3003784,120.5988478,100.0,BUSY,M-L-001,V3
802,802,M-UAV-01,M600,31.3108767,120.6039862,30.5,AVAILABLE,,
802,802,M-UAV-02,M600,31.3062683,120.6025389,30.5,CONTINGENCY,,
803,803,EVTOL-01,EC35,31.3071210,120.5962409,199.9,BUSY,M-P-001,V2
803,803,L-UAV-01,AMZN,31.3004976,120.5989232,100.0,BUSY,M-L-001,V3
803,803,M-UAV-01,M600,31.3108767,120.6039862,30.5,AVAILABLE,,
803,803,M-UAV-02,M600,31.3062683,120.6025389,30.5,CONTINGENCY,,
804,804,EVTOL-01,EC35,31.3067583,120.5962187,199.9,BUSY,M-P-001,V2
804,804,L-UAV-01,AMZN,31.3006168,120.5989987,100.0,BUSY,M-L-001,V3
804,804,M-UAV-01,M600,31.3108767,120.6039862,30.5,AVAILABLE,,
804,804,M-UAV-02,M600,31.3062683,120.6025389,30.5,CONTINGENCY,,
805,805,EVTOL-01,EC35,31.3063956,120.5961965,199.9,BUSY,M-P-001,V2
805,805,L-UAV-01,AMZN,31.3007361,120.5990742,100.0,BUSY,M-L-001,V3
805,805,M-UAV-01,M600,31.3108767,120.6039862,30.5,AVAILABLE,,
805,805,M-UAV-02,M600,31.3062683,120.6025389,30.5,CONTINGENCY,,
806,806,EVTOL-01,EC35,31.3060329,120.5961744,199.9,BUSY,M-P-001,V2
806,806,L-UAV-01,AMZN,31.3008553,120.5991496,100.0,BUSY,M-L-001,V3
806,806,M-UAV-01,M600,31.3108767,120.6039862,30.5,AVAILABLE,,
806,806,M-UAV-02,M600,31.3062683,120.6025389,30.5,CONTINGENCY,,
807,807,EVTOL-01,EC35,31.3056702,120.5961522,199.9,BUSY,M-P-001,V2
807,807,L-UAV-01,AMZN,31.3009745,120.5992251,100.0,BUSY,M-L-001,V3
807,807,M-UAV-01,M600,31.3108767,120.6039862,30.5,AVAILABLE,,
807,807,M-UAV-02,M600,31.3062683,120.6025389,30.5,CONTINGENCY,,
808,808,EVTOL-01,EC35,31.3053076,120.5961300,199.9,BUSY,M-P-001,V2
808,808,L-UAV-01,AMZN,31.3010937,120.5993005,100.0,BUSY,M-L-001,V3
808,808,M-UAV-01,M600,31.3108767,120.6039862,30.5,AVAILABLE,,
808,808,M-UAV-02,M600,31.3062683,120.6025389,30.5,CONTINGENCY,,
809,809,EVTOL-01,EC35,31.3049449,120.5961078,199.9,BUSY,M-P-001,V2
809,809,L-UAV-01,AMZN,31.3012130,120.5993760,100.0,BUSY,M-L-001,V3
809,809,M-UAV-01,M600,31.3108767,120.6039862,30.5,AVAILABLE,,
809,809,M-UAV-02,M600,31.3062683,120.6025389,30.5,CONTINGENCY,,
810,810,EVTOL-01,EC35,31.3045822,120.5960856,199.9,BUSY,M-P-001,V2
810,810,L-UAV-01,AMZN,31.3013322,120.5994515,100.0,BUSY,M-L-001,V3
810,810,M-UAV-01,M600,31.3108767,120.6039862,30.5,AVAILABLE,,
810,810,M-UAV-02,M600,31.3062683,120.6025389,30.5,CONTINGENCY,,
811,811,EVTOL-01,EC35,31.3042195,120.5960634,199.9,BUSY,M-P-001,V2
811,811,L-UAV-01,AMZN,31.3014514,120.5995269,100.0,BUSY,M-L-001,V3
811,811,M-UAV-01,M600,31.3108767,120.6039862,30.5,AVAILABLE,,
811,811,M-UAV-02,M600,31.3062683,120.6025389,30.5,CONTINGENCY,,
812,812,EVTOL-01,EC35,31.3038568,120.5960412,199.9,BUSY,M-P-001,V2
812,812,L-UAV-01,AMZN,31.3015707,120.5996024,100.0,BUSY,M-L-001,V3
812,812,M-UAV-01,M600,31.3108767,120.6039862,30.5,AVAILABLE,,
812,812,M-UAV-02,M600,31.3062683,120.6025389,30.5,CONTINGENCY,,
813,813,EVTOL-01,EC35,31.3034941,120.5960191,199.9,BUSY,M-P-001,V2
813,813,L-UAV-01,AMZN,31.3016899,120.5996779,100.0,BUSY,M-L-001,V3
813,813,M-UAV-01,M600,31.3108767,120.6039862,30.5,AVAILABLE,,
813,813,M-UAV-02,M600,31.3062683,120.6025389,30.5,CONTINGENCY,,
814,814,EVTOL-01,EC35,31.3031314,120.5959969,199.9,BUSY,M-P-001,V2
814,814,L-UAV-01,AMZN,31.3018091,120.5997533,100.0,BUSY,M-L-001,V3
814,814,M-UAV-01,M600,31.3108767,120.6039862,30.5,AVAILABLE,,
814,814,M-UAV-02,M600,31.3062683,120.6025389,30.5,CONTINGENCY,,
815,815,EVTOL-01,EC35,31.3027687,120.5959747,199.9,BUSY,M-P-001,V2
815,815,L-UAV-01,AMZN,31.3019283,120.5998288,100.0,BUSY,M-L-001,V3
815,815,M-UAV-01,M600,31.3108767,120.6039862,30.5,AVAILABLE,,
815,815,M-UAV-02,M600,31.3062683,120.6025389,30.5,CONTINGENCY,,
816,816,EVTOL-01,EC35,31.3024060,120.5959525,199.9,BUSY,M-P-001,V2
816,816,L-UAV-01,AMZN,31.3020476,120.5999043,100.0,BUSY,M-L-001,V3
816,816,M-UAV-01,M600,31.3108767,120.6039862,30.5,AVAILABLE,,
816,816,M-UAV-02,M600,31.3062683,120.6025389,30.5,CONTINGENCY,,
817,817,EVTOL-01,EC35,31.3020433,120.5959303,199.9,BUSY,M-P-001,V2
817,817,L-UAV-01,AMZN,31.3021668,120.5999797,100.0,BUSY,M-L-001,V3
817,817,M-UAV-01,M600,31.3108767,120.6039862,30.5,AVAILABLE,,
817,817,M-UAV-02,M600,31.3062683,120.6025389,30.5,CONTINGENCY,,
818,818,EVTOL-01,EC35,31.3016806,120.5959081,199.9,BUSY,M-P-001,V2
818,818,L-UAV-01,AMZN,31.3022860,120.6000552,100.0,BUSY,M-L-001,V3
818,818,M-UAV-01,M600,31.3108767,120.6039862,30.5,AVAILABLE,,
818,818,M-UAV-02,M600,31.3062683,120.6025389,30.5,CONTINGENCY,,
819,819,EVTOL-01,EC35,31.3013179,120.5958859,199.9,BUSY,M-P-001,V2
819,819,L-UAV-01,AMZN,31.3024053,120.6001306,100.0,BUSY,M-L-001,V3
819,819,M-UAV-01,M600,31.3108767,120.6039862,30.5,AVAILABLE,,
819,819,M-UAV-02,M600,31.3062683,120.6025389,30.5,CONTINGENCY,,
820,820,EVTOL-01,EC35,31.3009552,120.5958638,199.9,BUSY,M-P-001,V2
820,820,L-UAV-01,AMZN,31.3025245,120.6002061,100.0,BUSY,M-L-001,V3
820,820,M-UAV-01,M600,31.3108767,120.6039862,30.5,AVAILABLE,,
820,820,M-UAV-02,M600,31.3062683,120.6025389,30.5,CONTINGENCY,,
821,821,EVTOL-01,EC35,31.3005925,120.5958416,199.9,BUSY,M-P-001,V2
821,821,L-UAV-01,AMZN,31.3026437,120.6002816,100.0,BUSY,M-L-001,V3
821,821,M-UAV-01,M600,31.3108767,120.6039862,30.5,AVAILABLE,,
821,821,M-UAV-02,M600,31.3062683,120.6025389,30.5,CONTINGENCY,,
822,822,EVTOL-01,EC35,31.3002298,120.5958194,199.9,BUSY,M-P-001,V2
822,822,L-UAV-01,AMZN,31.3027629,120.6003570,100.0,BUSY,M-L-001,V3
822,822,M-UAV-01,M600,31.3108767,120.6039862,30.5,AVAILABLE,,
822,822,M-UAV-02,M600,31.3062683,120.6025389,30.5,CONTINGENCY,,
823,823,EVTOL-01,EC35,31.2998671,120.5957972,199.9,BUSY,M-P-001,V2
823,823,L-UAV-01,AMZN,31.3028822,120.6004325,100.0,BUSY,M-L-001,V3
823,823,M-UAV-01,M600,31.3108767,120.6039862,30.5,AVAILABLE,,
823,823,M-UAV-02,M600,31.3062683,120.6025389,30.5,CONTINGENCY,,
824,824,EVTOL-01,EC35,31.2995044,120.5957750,199.9,BUSY,M-P-001,V2
824,824,L-UAV-01,AMZN,31.3030014,120.6005080,100.0,BUSY,M-L-001,V3
824,824,M-UAV-01,M600,31.3108767,120.6039862,30.5,AVAILABLE,,
824,824,M-UAV-02,M600,31.3062683,120.6025389,30.5,CONTINGENCY,,
825,825,EVTOL-01,EC35,31.2991417,120.5957528,199.9,BUSY,M-P-001,V2
825,825,L-UAV-01,AMZN,31.3031206,120.6005834,100.0,BUSY,M-L-001,V3
825,825,M-UAV-01,M600,31.3108767,120.6039862,30.5,AVAILABLE,,
825,825,M-UAV-02,M600,31.3062683,120.6025389,30.5,CONTINGENCY,,
826,826,EVTOL-01,EC35,31.2987790,120.5957306,199.9,BUSY,M-P-001,V2
826,826,L-UAV-01,AMZN,31.3032399,120.6006589,100.0,BUSY,M-L-001,V3
826,826,M-UAV-01,M600,31.3108767,120.6039862,30.5,AVAILABLE,,
826,826,M-UAV-02,M600,31.3062683,120.6025389,30.5,CONTINGENCY,,
827,827,EVTOL-01,EC35,31.2984163,120.5957085,199.9,BUSY,M-P-001,V2
827,827,L-UAV-01,AMZN,31.3033591,120.6007344,100.0,BUSY,M-L-001,V3
827,827,M-UAV-01,M600,31.3108767,120.6039862,30.5,AVAILABLE,,
827,827,M-UAV-02,M600,31.3062683,120.6025389,30.5,CONTINGENCY,,
828,828,EVTOL-01,EC35,31.2980536,120.5956863,199.9,BUSY,M-P-001,V1
828,828,L-UAV-01,AMZN,31.3034783,120.6008098,100.0,BUSY,M-L-001,V3
828,828,M-UAV-01,M600,31.3108767,120.6039862,30.5,AVAILABLE,,
828,828,M-UAV-02,M600,31.3062683,120.6025389,30.5,CONTINGENCY,,
829,829,EVTOL-01,EC35,31.2976911,120.5957122,199.9,BUSY,M-P-001,V1
829,829,L-UAV-01,AMZN,31.3035975,120.6008853,100.0,BUSY,M-L-001,V3
829,829,M-UAV-01,M600,31.3108767,120.6039862,30.5,AVAILABLE,,
829,829,M-UAV-02,M600,31.3062683,120.6025389,30.5,CONTINGENCY,,
830,830,EVTOL-01,EC35,31.2973334,120.5957859,199.9,BUSY,M-P-001,V1
830,830,L-UAV-01,AMZN,31.3037168,120.6009608,100.0,BUSY,M-L-001,V3
830,830,M-UAV-01,M600,31.3108767,120.6039862,30.5,AVAILABLE,,
830,830,M-UAV-02,M600,31.3062683,120.6025389,30.5,CONTINGENCY,,
831,831,EVTOL-01,EC35,31.2969852,120.5959064,199.9,BUSY,M-P-001,V1
831,831,L-UAV-01,AMZN,31.3038360,120.6010362,100.0,BUSY,M-L-001,V3
831,831,M-UAV-01,M600,31.3108767,120.6039862,30.5,AVAILABLE,,
831,831,M-UAV-02,M600,31.3062683,120.6025389,30.5,CONTINGENCY,,
832,832,EVTOL-01,EC35,31.2966507,120.5960722,199.9,BUSY,M-P-001,V1
832,832,L-UAV-01,AMZN,31.3039552,120.6011117,100.0,BUSY,M-L-001,V3
832,832,M-UAV-01,M600,31.3108767,120.6039862,30.5,AVAILABLE,,
832,832,M-UAV-02,M600,31.3062683,120.6025389,30.5,CONTINGENCY,,
833,833,EVTOL-01,EC35,31.2963345,120.5962812,199.9,BUSY,M-P-001,V1
833,833,L-UAV-01,AMZN,31.3040744,120.6011872,100.0,BUSY,M-L-001,V3
833,833,M-UAV-01,M600,31.3108767,120.6039862,30.5,AVAILABLE,,
833,833,M-UAV-02,M600,31.3062683,120.6025389,30.5,CONTINGENCY,,
834,834,EVTOL-01,EC35,31.2960404,120.5965306,199.9,BUSY,M-P-001,V1
834,834,L-UAV-01,AMZN,31.3041937,120.6012626,100.0,BUSY,M-L-001,V3
834,834,M-UAV-01,M600,31.3108767,120.6039862,30.5,AVAILABLE,,
834,834,M-UAV-02,M600,31.3062683,120.6025389,30.5,CONTINGENCY,,
835,835,EVTOL-01,EC35,31.2957723,120.5968173,199.9,BUSY,M-P-001,V1
835,835,L-UAV-01,AMZN,31.3043129,120.6013381,100.0,BUSY,M-L-001,V3
835,835,M-UAV-01,M600,31.3108767,120.6039862,30.5,AVAILABLE,,
835,835,M-UAV-02,M600,31.3062683,120.6025389,30.5,CONTINGENCY,,
836,836,EVTOL-01,EC35,31.2955336,120.5971377,199.9,BUSY,M-P-001,V1
836,836,L-UAV-01,AMZN,31.3044321,120.6014136,100.0,BUSY,M-L-001,V3
836,836,M-UAV-01,M600,31.3108767,120.6039862,30.5,AVAILABLE,,
836,836,M-UAV-02,M600,31.3062683,120.6025389,30.5,CONTINGENCY,,
837,837,EVTOL-01,EC35,31.2953274,120.5974875,199.9,BUSY,M-P-001,V1
837,837,L-UAV-01,AMZN,31.3045514,120.6014890,100.0,BUSY,M-L-001,V3
837,837,M-UAV-01,M600,31.3108767,120.6039862,30.5,AVAILABLE,,
837,837,M-UAV-02,M600,31.3062683,120.6025389,30.5,CONTINGENCY,,
838,838,EVTOL-01,EC35,31.2951562,120.5978624,199.9,BUSY,M-P-001,V1
838,838,L-UAV-01,AMZN,31.3046706,120.6015645,100.0,BUSY,M-L-001,V3
838,838,M-UAV-01,M600,31.3108767,120.6039862,30.5,AVAILABLE,,
838,838,M-UAV-02,M600,31.3062683,120.6025389,30.5,CONTINGENCY,,
839,839,EVTOL-01,EC35,31.2950224,120.5982575,199.9,BUSY,M-P-001,V1
839,839,L-UAV-01,AMZN,31.3047898,120.6016400,100.0,BUSY,M-L-001,V3
839,839,M-UAV-01,M600,31.3108767,120.6039862,30.5,AVAILABLE,,
839,839,M-UAV-02,M600,31.3062683,120.6025389,30.5,CONTINGENCY,,
840,840,EVTOL-01,EC35,31.2949275,120.5986678,199.9,BUSY,M-P-001,V1
840,840,L-UAV-01,AMZN,31.3049090,120.6017154,100.0,BUSY,M-L-001,V3
840,840,M-UAV-01,M600,31.3108767,120.6039862,30.5,AVAILABLE,,
840,840,M-UAV-02,M600,31.3062683,120.6025389,30.5,CONTINGENCY,,
841,841,EVTOL-01,EC35,31.2948729,120.5990880,199.9,BUSY,M-P-001,V1
841,841,L-UAV-01,AMZN,31.3050283,120.6017909,100.0,BUSY,M-L-001,V3
841,841,M-UAV-01,M600,31.3108767,120.6039862,30.5,AVAILABLE,,
841,841,M-UAV-02,M600,31.3062683,120.6025389,30.5,CONTINGENCY,,
842,842,EVTOL-01,EC35,31.2948592,120.5995127,199.9,BUSY,M-P-001,V1
842,842,L-UAV-01,AMZN,31.3051475,120.6018664,100.0,BUSY,M-L-001,V3
842,842,M-UAV-01,M600,31.3108767,120.6039862,30.5,AVAILABLE,,
842,842,M-UAV-02,M600,31.3062683,120.6025389,30.5,CONTINGENCY,,
843,843,EVTOL-01,EC35,31.2948866,120.5999365,199.9,BUSY,M-P-001,V1
843,843,L-UAV-01,AMZN,31.3052667,120.6019419,100.0,BUSY,M-L-001,V3
843,843,M-UAV-01,M600,31.3108767,120.6039862,30.5,AVAILABLE,,
843,843,M-UAV-02,M600,31.3062683,120.6025389,30.5,CONTINGENCY,,
844,844,EVTOL-01,EC35,31.2949547,120.6003540,199.9,BUSY,M-P-001,V1
844,844,L-UAV-01,AMZN,31.3053860,120.6020173,100.0,BUSY,M-L-001,V3
844,844,M-UAV-01,M600,31.3108767,120.6039862,30.5,AVAILABLE,,
844,844,M-UAV-02,M600,31.3062683,120.6025389,30.5,CONTINGENCY,,
845,845,EVTOL-01,EC35,31.2950627,120.6007598,199.9,BUSY,M-P-001,V1
845,845,L-UAV-01,AMZN,31.3055052,120.6020928,100.0,BUSY,M-L-001,V3
845,845,M-UAV-01,M600,31.3108767,120.6039862,30.5,AVAILABLE,,
845,845,M-UAV-02,M600,31.3062683,120.6025389,30.5,CONTINGENCY,,
846,846,EVTOL-01,EC35,31.2952092,120.6011487,199.9,BUSY,M-P-001,V1
846,846,L-UAV-01,AMZN,31.3056244,120.6021683,100.0,BUSY,M-L-001,V3
846,846,M-UAV-01,M600,31.3108767,120.6039862,30.5,AVAILABLE,,
846,846,M-UAV-02,M600,31.3062683,120.6025389,30.5,CONTINGENCY,,
847,847,EVTOL-01,EC35,31.2953923,120.6015158,199.9,BUSY,M-P-001,V1
847,847,L-UAV-01,AMZN,31.3057436,120.6022437,100.0,BUSY,M-L-001,V3
847,847,M-UAV-01,M600,31.3108767,120.6039862,30.5,AVAILABLE,,
847,847,M-UAV-02,M600,31.3062683,120.6025389,30.5,CONTINGENCY,,
848,848,EVTOL-01,EC35,31.2956097,120.6018563,199.9,BUSY,M-P-001,V1
848,848,L-UAV-01,AMZN,31.3058629,120.6023192,100.0,BUSY,M-L-001,V2
848,848,M-UAV-01,M600,31.3108767,120.6039862,30.5,AVAILABLE,,
848,848,M-UAV-02,M600,31.3062683,120.6025389,30.5,CONTINGENCY,,
849,849,EVTOL-01,EC35,31.2958586,120.6021659,199.9,BUSY,M-P-001,V1
849,849,L-UAV-01,AMZN,31.3059959,120.6023495,100.0,BUSY,M-L-001,V2
849,849,M-UAV-01,M600,31.3108767,120.6039862,30.5,AVAILABLE,,
849,849,M-UAV-02,M600,31.3062683,120.6025389,30.5,CONTINGENCY,,
850,850,EVTOL-01,EC35,31.2961357,120.6024406,199.9,BUSY,M-P-001,V1
850,850,L-UAV-01,AMZN,31.3061306,120.6023320,100.0,BUSY,M-L-001,V2
850,850,M-UAV-01,M600,31.3108767,120.6039862,30.5,AVAILABLE,,
850,850,M-UAV-02,M600,31.3062683,120.6025389,30.5,CONTINGENCY,,
851,851,EVTOL-01,EC35,31.2964376,120.6026768,199.9,BUSY,M-P-001,V1
851,851,L-UAV-01,AMZN,31.3062547,120.6022681,100.0,BUSY,M-L-001,V2
851,851,M-UAV-01,M600,31.3108767,120.6039862,30.5,AVAILABLE,,
851,851,M-UAV-02,M600,31.3062683,120.6025389,30.5,CONTINGENCY,,
852,852,EVTOL-01,EC35,31.2967604,120.6028717,199.9,BUSY,M-P-001,V1
852,852,L-UAV-01,AMZN,31.3063568,120.6021637,100.0,BUSY,M-L-001,V2
852,852,M-UAV-01,M600,31.3108767,120.6039862,30.5,AVAILABLE,,
852,852,M-UAV-02,M600,31.3062683,120.6025389,30.5,CONTINGENCY,,
853,853,EVTOL-01,EC35,31.2970999,120.6030226,199.9,BUSY,M-P-001,V1
853,853,L-UAV-01,AMZN,31.3064276,120.6020284,100.0,BUSY,M-L-001,V2
853,853,M-UAV-01,M600,31.3108767,120.6039862,30.5,AVAILABLE,,
853,853,M-UAV-02,M600,31.3062683,120.6025389,30.5,CONTINGENCY,,
854,854,EVTOL-01,EC35,31.2974518,120.6031276,199.9,BUSY,M-P-001,V1
854,854,L-UAV-01,AMZN,31.3064606,120.6018746,100.0,BUSY,M-L-001,V2
854,854,M-UAV-01,M600,31.3108767,120.6039862,30.5,AVAILABLE,,
854,854,M-UAV-02,M600,31.3062683,120.6025389,30.5,CONTINGENCY,,
855,855,EVTOL-01,EC35,31.2978117,120.6031855,199.9,BUSY,M-P-001,V1
855,855,L-UAV-01,AMZN,31.3064529,120.6017162,100.0,BUSY,M-L-001,V2
855,855,M-UAV-01,M600,31.3108767,120.6039862,30.5,AVAILABLE,,
855,855,M-UAV-02,M600,31.3062683,120.6025389,30.5,CONTINGENCY,,
856,856,EVTOL-01,EC35,31.2981743,120.6032077,199.9,BUSY,M-P-001,V1
856,856,L-UAV-01,AMZN,31.3064050,120.6015677,100.0,BUSY,M-L-001,V2
856,856,M-UAV-01,M600,31.3108767,120.6039862,30.5,AVAILABLE,,
856,856,M-UAV-02,M600,31.3062683,120.6025389,30.5,CONTINGENCY,,
857,857,EVTOL-01,EC35,31.2985370,120.6032299,199.9,BUSY,M-P-001,V1
857,857,L-UAV-01,AMZN,31.3063215,120.6014428,100.0,BUSY,M-L-001,V2
857,857,M-UAV-01,M600,31.3108767,120.6039862,30.5,AVAILABLE,,
857,857,M-UAV-02,M600,31.3062683,120.6025389,30.5,CONTINGENCY,,
858,858,EVTOL-01,EC35,31.2988997,120.6032522,199.9,BUSY,M-P-001,V1
858,858,L-UAV-01,AMZN,31.3062099,120.6013528,100.0,BUSY,M-L-001,V2
858,858,M-UAV-01,M600,31.3108767,120.6039862,30.5,AVAILABLE,,
858,858,M-UAV-02,M600,31.3062683,120.6025389,30.5,CONTINGENCY,,
859,859,EVTOL-01,EC35,31.2992624,120.6032744,199.9,BUSY,M-P-001,V1
859,859,L-UAV-01,AMZN,31.3060907,120.6012773,100.0,BUSY,M-L-001,V2
859,859,M-UAV-01,M600,31.3108767,120.6039862,30.5,AVAILABLE,,
859,859,M-UAV-02,M600,31.3062683,120.6025389,30.5,CONTINGENCY,,
860,860,EVTOL-01,EC35,31.2996251,120.6032966,199.9,BUSY,M-P-001,V1
860,860,L-UAV-01,AMZN,31.3059714,120.6012019,100.0,BUSY,M-L-001,V2
860,860,M-UAV-01,M600,31.3108767,120.6039862,30.5,AVAILABLE,,
860,860,M-UAV-02,M600,31.3062683,120.6025389,30.5,CONTINGENCY,,
861,861,EVTOL-01,EC35,31.2999878,120.6033188,199.9,BUSY,M-P-001,V1
861,861,L-UAV-01,AMZN,31.3058522,120.6011264,100.0,BUSY,M-L-001,V2
861,861,M-UAV-01,M600,31.3108767,120.6039862,30.5,AVAILABLE,,
861,861,M-UAV-02,M600,31.3062683,120.6025389,30.5,CONTINGENCY,,
862,862,EVTOL-01,EC35,31.3003505,120.6033411,199.9,BUSY,M-P-001,V1
862,862,L-UAV-01,AMZN,31.3057330,120.6010509,100.0,BUSY,M-L-001,V2
862,862,M-UAV-01,M600,31.3108767,120.6039862,30.5,AVAILABLE,,
862,862,M-UAV-02,M600,31.3062683,120.6025389,30.5,CONTINGENCY,,
863,863,EVTOL-01,EC35,31.3007132,120.6033633,199.9,BUSY,M-P-001,V1
863,863,L-UAV-01,AMZN,31.3056137,120.6009755,100.0,BUSY,M-L-001,V2
863,863,M-UAV-01,M600,31.3108767,120.6039862,30.5,AVAILABLE,,
863,863,M-UAV-02,M600,31.3062683,120.6025389,30.5,CONTINGENCY,,
864,864,EVTOL-01,EC35,31.3010759,120.6033855,199.9,BUSY,M-P-001,V1
864,864,L-UAV-01,AMZN,31.3054945,120.6009000,100.0,BUSY,M-L-001,V2
864,864,M-UAV-01,M600,31.3108767,120.6039862,30.5,AVAILABLE,,
864,864,M-UAV-02,M600,31.3062683,120.6025389,30.5,CONTINGENCY,,
865,865,EVTOL-01,EC35,31.3014386,120.6034077,199.9,BUSY,M-P-001,V1
865,865,L-UAV-01,AMZN,31.3053753,120.6008245,100.0,BUSY,M-L-001,V2
865,865,M-UAV-01,M600,31.3108767,120.6039862,30.5,AVAILABLE,,
865,865,M-UAV-02,M600,31.3062683,120.6025389,30.5,CONTINGENCY,,
866,866,EVTOL-01,EC35,31.3018013,120.6034300,199.9,BUSY,M-P-001,V1
866,866,L-UAV-01,AMZN,31.3052561,120.6007490,100.0,BUSY,M-L-001,V2
866,866,M-UAV-01,M600,31.3108767,120.6039862,30.5,AVAILABLE,,
866,866,M-UAV-02,M600,31.3062683,120.6025389,30.5,CONTINGENCY,,
867,867,EVTOL-01,EC35,31.3021640,120.6034522,199.9,BUSY,M-P-001,V1
867,867,L-UAV-01,AMZN,31.3051368,120.6006736,100.0,BUSY,M-L-001,V2
867,867,M-UAV-01,M600,31.3108767,120.6039862,30.5,AVAILABLE,,
867,867,M-UAV-02,M600,31.3062683,120.6025389,30.5,CONTINGENCY,,
868,868,EVTOL-01,EC35,31.3025267,120.6034744,199.9,BUSY,M-P-001,V1
868,868,L-UAV-01,AMZN,31.3050176,120.6005981,100.0,BUSY,M-L-001,V2
868,868,M-UAV-01,M600,31.3108767,120.6039862,30.5,AVAILABLE,,
868,868,M-UAV-02,M600,31.3062683,120.6025389,30.5,CONTINGENCY,,
869,869,EVTOL-01,EC35,31.3028894,120.6034966,199.9,BUSY,M-P-001,V1
869,869,L-UAV-01,AMZN,31.3048984,120.6005226,100.0,BUSY,M-L-001,V2
869,869,M-UAV-01,M600,31.3108767,120.6039862,30.5,AVAILABLE,,
869,869,M-UAV-02,M600,31.3062683,120.6025389,30.5,CONTINGENCY,,
870,870,EVTOL-01,EC35,31.3032521,120.6035189,199.9,BUSY,M-P-001,V1
870,870,L-UAV-01,AMZN,31.3047791,120.6004472,100.0,BUSY,M-L-001,V2
870,870,M-UAV-01,M600,31.3108767,120.6039862,30.5,AVAILABLE,,
870,870,M-UAV-02,M600,31.3062683,120.6025389,30.5,CONTINGENCY,,
871,871,EVTOL-01,EC35,31.3036147,120.6035411,199.9,BUSY,M-P-001,V1
871,871,L-UAV-01,AMZN,31.3046599,120.6003717,100.0,BUSY,M-L-001,V2
871,871,M-UAV-01,M600,31.3108767,120.6039862,30.5,AVAILABLE,,
871,871,M-UAV-02,M600,31.3062683,120.6025389,30.5,CONTINGENCY,,
872,872,EVTOL-01,EC35,31.3039774,120.6035633,199.9,BUSY,M-P-001,V1
872,872,L-UAV-01,AMZN,31.3045407,120.6002962,100.0,BUSY,M-L-001,V2
872,872,M-UAV-01,M600,31.3108767,120.6039862,30.5,AVAILABLE,,
872,872,M-UAV-02,M600,31.3062683,120.6025389,30.5,CONTINGENCY,,
873,873,EVTOL-01,EC35,31.3043401,120.6035855,199.9,BUSY,M-P-001,V1
873,873,L-UAV-01,AMZN,31.3044215,120.6002208,100.0,BUSY,M-L-001,V2
873,873,M-UAV-01,M600,31.3108767,120.6039862,30.5,AVAILABLE,,
873,873,M-UAV-02,M600,31.3062683,120.6025389,30.5,CONTINGENCY,,
874,874,EVTOL-01,EC35,31.3047028,120.6036078,199.9,BUSY,M-P-001,V1
874,874,L-UAV-01,AMZN,31.3043022,120.6001453,100.0,BUSY,M-L-001,V2
874,874,M-UAV-01,M600,31.3108767,120.6039862,30.5,AVAILABLE,,
874,874,M-UAV-02,M600,31.3062683,120.6025389,30.5,CONTINGENCY,,
875,875,EVTOL-01,EC35,31.3050655,120.6036300,199.9,BUSY,M-P-001,V1
875,875,L-UAV-01,AMZN,31.3041830,120.6000698,100.0,BUSY,M-L-001,V2
875,875,M-UAV-01,M600,31.3108767,120.6039862,30.5,AVAILABLE,,
875,875,M-UAV-02,M600,31.3062683,120.6025389,30.5,CONTINGENCY,,
876,876,EVTOL-01,EC35,31.3054282,120.6036522,199.9,BUSY,M-P-001,V1
876,876,L-UAV-01,AMZN,31.3040638,120.5999944,100.0,BUSY,M-L-001,V2
876,876,M-UAV-01,M600,31.3108767,120.6039862,30.5,AVAILABLE,,
876,876,M-UAV-02,M600,31.3062683,120.6025389,30.5,CONTINGENCY,,
877,877,EVTOL-01,EC35,31.3057909,120.6036745,199.9,BUSY,M-P-001,V1
877,877,L-UAV-01,AMZN,31.3039445,120.5999189,100.0,BUSY,M-L-001,V2
877,877,M-UAV-01,M600,31.3108767,120.6039862,30.5,AVAILABLE,,
877,877,M-UAV-02,M600,31.3062683,120.6025389,30.5,CONTINGENCY,,
878,878,EVTOL-01,EC35,31.3061536,120.6036967,199.9,BUSY,M-P-001,V1
878,878,L-UAV-01,AMZN,31.3038253,120.5998435,100.0,BUSY,M-L-001,V2
878,878,M-UAV-01,M600,31.3108767,120.6039862,30.5,AVAILABLE,,
878,878,M-UAV-02,M600,31.3062683,120.6025389,30.5,CONTINGENCY,,
879,879,EVTOL-01,EC35,31.3065163,120.6037189,199.9,BUSY,M-P-001,V1
879,879,L-UAV-01,AMZN,31.3037061,120.5997680,100.0,BUSY,M-L-001,V2
879,879,M-UAV-01,M600,31.3108767,120.6039862,30.5,AVAILABLE,,
879,879,M-UAV-02,M600,31.3062683,120.6025389,30.5,CONTINGENCY,,
880,880,EVTOL-01,EC35,31.3068790,120.6037411,199.9,BUSY,M-P-001,V1
880,880,L-UAV-01,AMZN,31.3035869,120.5996925,100.0,BUSY,M-L-001,V2
880,880,M-UAV-01,M600,31.3108767,120.6039862,30.5,AVAILABLE,,
880,880,M-UAV-02,M600,31.3062683,120.6025389,30.5,CONTINGENCY,,
881,881,EVTOL-01,EC35,31.3072417,120.6037634,199.9,BUSY,M-P-001,V1
881,881,L-UAV-01,AMZN,31.3034676,120.5996171,100.0,BUSY,M-L-001,V2
881,881,M-UAV-01,M600,31.3108767,120.6039862,30.5,AVAILABLE,,
881,881,M-UAV-02,M600,31.3062683,120.6025389,30.5,CONTINGENCY,,
882,882,EVTOL-01,EC35,31.3076044,120.6037856,199.9,BUSY,M-P-001,V1
882,882,L-UAV-01,AMZN,31.3033484,120.5995416,100.0,BUSY,M-L-001,V2
882,882,M-UAV-01,M600,31.3108767,120.6039862,30.5,AVAILABLE,,
882,882,M-UAV-02,M600,31.3062683,120.6025389,30.5,CONTINGENCY,,
883,883,EVTOL-01,EC35,31.3079671,120.6038078,199.9,BUSY,M-P-001,V1
883,883,L-UAV-01,AMZN,31.3032292,120.5994661,100.0,BUSY,M-L-001,V2
883,883,M-UAV-01,M600,31.3108767,120.6039862,30.5,AVAILABLE,,
883,883,M-UAV-02,M600,31.3062683,120.6025389,30.5,CONTINGENCY,,
884,884,EVTOL-01,EC35,31.3083298,120.6038301,199.9,BUSY,M-P-001,V1
884,884,L-UAV-01,AMZN,31.3031099,120.5993907,100.0,BUSY,M-L-001,V2
884,884,M-UAV-01,M600,31.3108767,120.6039862,30.5,AVAILABLE,,
884,884,M-UAV-02,M600,31.3062683,120.6025389,30.5,CONTINGENCY,,
885,885,EVTOL-01,EC35,31.3086925,120.6038523,199.9,BUSY,M-P-001,V1
885,885,L-UAV-01,AMZN,31.3029907,120.5993152,100.0,BUSY,M-L-001,V2
885,885,M-UAV-01,M600,31.3108767,120.6039862,30.5,AVAILABLE,,
885,885,M-UAV-02,M600,31.3062683,120.6025389,30.5,CONTINGENCY,,
886,886,EVTOL-01,EC35,31.3090552,120.6038745,199.9,BUSY,M-P-001,V1
886,886,L-UAV-01,AMZN,31.3028715,120.5992397,100.0,BUSY,M-L-001,V2
886,886,M-UAV-01,M600,31.3108767,120.6039862,30.5,AVAILABLE,,
886,886,M-UAV-02,M600,31.3062683,120.6025389,30.5,CONTINGENCY,,
887,887,EVTOL-01,EC35,31.3094178,120.6038967,199.9,BUSY,M-P-001,V1
887,887,L-UAV-01,AMZN,31.3027523,120.5991643,100.0,BUSY,M-L-001,V2
887,887,M-UAV-01,M600,31.3108767,120.6039862,30.5,AVAILABLE,,
887,887,M-UAV-02,M600,31.3062683,120.6025389,30.5,CONTINGENCY,,
888,888,EVTOL-01,EC35,31.3097805,120.6039190,199.9,BUSY,M-P-001,V1
888,888,L-UAV-01,AMZN,31.3026330,120.5990888,100.0,BUSY,M-L-001,V2
888,888,M-UAV-01,M600,31.3108767,120.6039862,30.5,AVAILABLE,,
888,888,M-UAV-02,M600,31.3062683,120.6025389,30.5,CONTINGENCY,,
889,889,EVTOL-01,EC35,31.3101432,120.6039412,199.9,BUSY,M-P-001,V2
889,889,L-UAV-01,AMZN,31.3025138,120.5990133,100.0,BUSY,M-L-001,V2
889,889,M-UAV-01,M600,31.3108767,120.6039862,30.5,AVAILABLE,,
889,889,M-UAV-02,M600,31.3062683,120.6025389,30.5,CONTINGENCY,,
890,890,EVTOL-01,EC35,31.3105057,120.6039153,199.9,BUSY,M-P-001,V2
890,890,L-UAV-01,AMZN,31.3023946,120.5989379,100.0,BUSY,M-L-001,V2
890,890,M-UAV-01,M600,31.3108767,120.6039862,30.5,AVAILABLE,,
890,890,M-UAV-02,M600,31.3062683,120.6025389,30.5,CONTINGENCY,,
891,891,EVTOL-01,EC35,31.3108634,120.6038417,199.9,BUSY,M-P-001,V2
891,891,L-UAV-01,AMZN,31.3022753,120.5988624,100.0,BUSY,M-L-001,V2
891,891,M-UAV-01,M600,31.3108767,120.6039862,30.5,AVAILABLE,,
891,891,M-UAV-02,M600,31.3062683,120.6025389,30.5,CONTINGENCY,,
892,892,EVTOL-01,EC35,31.3112117,120.6037212,199.9,BUSY,M-P-001,V2
892,892,L-UAV-01,AMZN,31.3021561,120.5987870,100.0,BUSY,M-L-001,V2
892,892,M-UAV-01,M600,31.3108767,120.6039862,30.5,AVAILABLE,,
892,892,M-UAV-02,M600,31.3062683,120.6025389,30.5,CONTINGENCY,,
893,893,EVTOL-01,EC35,31.3115462,120.6035554,199.9,BUSY,M-P-001,V2
893,893,L-UAV-01,AMZN,31.3020369,120.5987115,100.0,BUSY,M-L-001,V2
893,893,M-UAV-01,M600,31.3108767,120.6039862,30.5,AVAILABLE,,
893,893,M-UAV-02,M600,31.3062683,120.6025389,30.5,CONTINGENCY,,
894,894,EVTOL-01,EC35,31.3118625,120.6033464,199.9,BUSY,M-P-001,V2
894,894,L-UAV-01,AMZN,31.3019177,120.5986360,100.0,BUSY,M-L-001,V2
894,894,M-UAV-01,M600,31.3108767,120.6039862,30.5,AVAILABLE,,
894,894,M-UAV-02,M600,31.3062683,120.6025389,30.5,CONTINGENCY,,
895,895,EVTOL-01,EC35,31.3121566,120.6030970,199.9,BUSY,M-P-001,V2
895,895,L-UAV-01,AMZN,31.3017984,120.5985606,100.0,BUSY,M-L-001,V2
895,895,M-UAV-01,M600,31.3108767,120.6039862,30.5,AVAILABLE,,
895,895,M-UAV-02,M600,31.3062683,120.6025389,30.5,CONTINGENCY,,
896,896,EVTOL-01,EC35,31.3124247,120.6028102,199.9,BUSY,M-P-001,V2
896,896,L-UAV-01,AMZN,31.3016792,120.5984851,100.0,BUSY,M-L-001,V2
896,896,M-UAV-01,M600,31.3108767,120.6039862,30.5,AVAILABLE,,
896,896,M-UAV-02,M600,31.3062683,120.6025389,30.5,CONTINGENCY,,
897,897,EVTOL-01,EC35,31.3126634,120.6024899,199.9,BUSY,M-P-001,V2
897,897,L-UAV-01,AMZN,31.3015600,120.5984096,100.0,BUSY,M-L-001,V2
897,897,M-UAV-01,M600,31.3108767,120.6039862,30.5,AVAILABLE,,
897,897,M-UAV-02,M600,31.3062683,120.6025389,30.5,CONTINGENCY,,
898,898,EVTOL-01,EC35,31.3128697,120.6021400,199.9,BUSY,M-P-001,V2
898,898,L-UAV-01,AMZN,31.3014407,120.5983342,100.0,BUSY,M-L-001,V2
898,898,M-UAV-01,M600,31.3108767,120.6039862,30.5,AVAILABLE,,
898,898,M-UAV-02,M600,31.3062683,120.6025389,30.5,CONTINGENCY,,
899,899,EVTOL-01,EC35,31.3130409,120.6017650,199.9,BUSY,M-P-001,V2
899,899,L-UAV-01,AMZN,31.3013215,120.5982587,100.0,BUSY,M-L-001,V2
899,899,M-UAV-01,M600,31.3108767,120.6039862,30.5,AVAILABLE,,
899,899,M-UAV-02,M600,31.3062683,120.6025389,30.5,CONTINGENCY,,
900,900,EVTOL-01,EC35,31.3131747,120.6013699,199.9,BUSY,M-P-001,V2
900,900,L-UAV-01,AMZN,31.3012023,120.5981833,100.0,BUSY,M-L-001,V2
900,900,M-UAV-01,M600,31.3108767,120.6039862,30.5,AVAILABLE,,
900,900,M-UAV-02,M600,31.3062683,120.6025389,30.5,CONTINGENCY,,
