t,sim_time_s,aircraft_id,type,lat,lon,alt_m,status,mission_id,dest
1,1,EVTOL-01,EC35,31.3008189,120.5978555,199.9,BUSY,M-P-001,V1
1,1,L-UAV-01,AMZN,31.2997525,120.5975919,100.0,BUSY,M-L-001,V3
1,1,M-UAV-01,M600,31.3108767,120.6039862,98.5,AVAILABLE,,
1,1,M-UAV-02,M600,31.2971716,120.5956323,98.5,AVAILABLE,,
2,2,EVTOL-01,EC35,31.3011412,120.5980519,199.9,BUSY,M-P-001,V1
2,2,L-UAV-01,AMZN,31.2998664,120.5976784,100.0,BUSY,M-L-001,V3
2,2,M-UAV-01,M600,31.3108767,120.6039862,95.4,AVAILABLE,,
2,2,M-UAV-02,M600,31.2971716,120.5956323,95.4,AVAILABLE,,
3,3,EVTOL-01,EC35,31.3014635,120.5982484,199.9,BUSY,M-P-001,V1
3,3,L-UAV-01,AMZN,31.2999803,120.5977648,100.0,BUSY,M-L-001,V3
3,3,M-UAV-01,M600,31.3108767,120.6039862,90.8,AVAILABLE,,
3,3,M-UAV-02,M600,31.2971716,120.5956323,90.8,AVAILABLE,,
4,4,EVTOL-01,EC35,31.3017858,120.5984448,199.9,BUSY,M-P-001,V1
4,4,L-UAV-01,AMZN,31.3000942,120.5978513,100.0,BUSY,M-L-001,V3
4,4,M-UAV-01,M600,31.3108767,120.6039862,84.7,AVAILABLE,,
4,4,M-UAV-02,M600,31.2971716,120.5956323,84.7,AVAILABLE,,
5,5,EVTOL-01,EC35,31.3021082,120.5986413,199.9,BUSY,M-P-001,V1
5,5,L-UAV-01,AMZN,31.3002081,120.5979377,100.0,BUSY,M-L-001,V3
5,5,M-UAV-01,M600,31.3108767,120.6039862,77.1,AVAILABLE,,
5,5,M-UAV-02,M600,31.2971716,120.5956323,77.1,AVAILABLE,,
6,6,EVTOL-01,EC35,31.3024305,120.5988377,199.9,BUSY,M-P-001,V1
6,6,L-UAV-01,AMZN,31.3003220,120.5980242,100.0,BUSY,M-L-001,V3
6,6,M-UAV-01,M600,31.3108767,120.6039862,69.5,AVAILABLE,,
6,6,M-UAV-02,M600,31.2971716,120.5956323,69.5,AVAILABLE,,
7,7,EVTOL-01,EC35,31.3027528,120.5990342,199.9,BUSY,M-P-001,V1
7,7,L-UAV-01,AMZN,31.3004358,120.5981107,100.0,BUSY,M-L-001,V3
7,7,M-UAV-01,M600,31.3108767,120.6039862,61.9,AVAILABLE,,
7,7,M-UAV-02,M600,31.2971716,120.5956323,61.9,AVAILABLE,,
8,8,EVTOL-01,EC35,31.3030751,120.5992306,199.9,BUSY,M-P-001,V1
8,8,L-UAV-01,AMZN,31.3005497,120.5981971,100.0,BUSY,M-L-001,V3
8,8,M-UAV-01,M600,31.3108767,120.6039862,54.3,AVAILABLE,,
8,8,M-UAV-02,M600,31.2971716,120.5956323,54.3,AVAILABLE,,
9,9,EVTOL-01,EC35,31.3033974,120.5994271,199.9,BUSY,M-P-001,V1
9,9,L-UAV-01,AMZN,31.3006636,120.5982836,100.0,BUSY,M-L-001,V3
9,9,M-UAV-01,M600,31.3108767,120.6039862,46.6,AVAILABLE,,
9,9,M-UAV-02,M600,31.2971716,120.5956323,46.6,AVAILABLE,,
10,10,EVTOL-01,EC35,31.3037198,120.5996235,199.9,BUSY,M-P-001,V1
10,10,L-UAV-01,AMZN,31.3007775,120.5983700,100.0,BUSY,M-L-001,V3
10,10,M-UAV-01,M600,31.3108767,120.6039862,39.0,AVAILABLE,,
10,10,M-UAV-02,M600,31.2971716,120.5956323,39.0,AVAILABLE,,
11,11,EVTOL-01,EC35,31.3040421,120.5998200,199.9,BUSY,M-P-001,V1
11,11,L-UAV-01,AMZN,31.3008914,120.5984565,100.0,BUSY,M-L-001,V3
11,11,M-UAV-01,M600,31.3108767,120.6039862,31.4,AVAILABLE,,
11,11,M-UAV-02,M600,31.2971716,120.5956323,31.4,AVAILABLE,,
12,12,EVTOL-01,EC35,31.3043644,120.6000165,199.9,BUSY,M-P-001,V1
12,12,L-UAV-01,AMZN,31.3010052,120.5985430,100.0,BUSY,M-L-001,V3
12,12,M-UAV-01,M600,31.3108767,120.6039862,30.5,AVAILABLE,,
12,12,M-UAV-02,M600,31.2971716,120.5956323,30.5,AVAILABLE,,
13,13,EVTOL-01,EC35,31.3046867,120.6002129,199.9,BUSY,M-P-001,V1
13,13,L-UAV-01,AMZN,31.3011191,120.5986294,100.0,BUSY,M-L-001,V3
13,13,M-UAV-01,M600,31.3108767,120.6039862,30.5,AVAILABLE,,
13,13,M-UAV-02,M600,31.2971716,120.5956323,30.5,AVAILABLE,,
14,14,EVTOL-01,EC35,31.3050090,120.6004094,199.9,BUSY,M-P-001,V1
14,14,L-UAV-01,AMZN,31.3012330,120.5987159,100.0,BUSY,M-L-001,V3
14,14,M-UAV-01,M600,31.3108767,120.6039862,30.5,AVAILABLE,,
14,14,M-UAV-02,M600,31.2971716,120.5956323,30.5,AVAILABLE,,
15,15,EVTOL-01,EC35,31.3053313,120.6006058,199.9,BUSY,M-P-001,V1
15,15,L-UAV-01,AMZN,31.3013469,120.5988023,100.0,BUSY,M-L-001,V3
15,15,M-UAV-01,M600,31.3108767,120.6039862,30.5,AVAILABLE,,
15,15,M-UAV-02,M600,31.2971716,120.5956323,30.5,AVAILABLE,,
16,16,EVTOL-01,EC35,31.3056537,120.6008023,199.9,BUSY,M-P-001,V1
16,16,L-UAV-01,AMZN,31.3014608,120.5988888,100.0,BUSY,M-L-001,V3
16,16,M-UAV-01,M600,31.3108767,120.6039862,30.5,AVAILABLE,,
16,16,M-UAV-02,M600,31.2971716,120.5956323,30.5,AVAILABLE,,
17,17,EVTOL-01,EC35,31.3059760,120.6009988,199.9,BUSY,M-P-001,V1
17,17,L-UAV-01,AMZN,31.3015746,120.5989753,100.0,BUSY,M-L-001,V3
17,17,M-UAV-01,M600,31.3108767,120.6039862,30.5,AVAILABLE,,
17,17,M-UAV-02,M600,31.2971716,120.5956323,30.5,AVAILABLE,,
18,18,EVTOL-01,EC35,31.3062983,120.6011952,199.9,BUSY,M-P-001,V1
18,18,L-UAV-01,AMZN,31.3016885,120.5990617,100.0,BUSY,M-L-001,V3
18,18,M-UAV-01,M600,31.3108767,120.6039862,30.5,AVAILABLE,,
18,18,M-UAV-02,M600,31.2971716,120.5956323,30.5,AVAILABLE,,
19,19,EVTOL-01,EC35,31.3066206,120.6013917,199.9,BUSY,M-P-001,V1
19,19,L-UAV-01,AMZN,31.3018024,120.5991482,100.0,BUSY,M-L-001,V3
19,19,M-UAV-01,M600,31.3108767,120.6039862,30.5,AVAILABLE,,
19,19,M-UAV-02,M600,31.2971716,120.5956323,30.5,AVAILABLE,,
20,20,EVTOL-01,EC35,31.3069429,120.6015882,199.9,BUSY,M-P-001,V1
20,20,L-UAV-01,AMZN,31.3019163,120.5992346,100.0,BUSY,M-L-001,V3
20,20,M-UAV-01,M600,31.3108767,120.6039862,30.5,AVAILABLE,,
20,20,M-UAV-02,M600,31.2971716,120.5956323,30.5,AVAILABLE,,
21,21,EVTOL-01,EC35,31.3072652,120.6017846,199.9,BUSY,M-P-001,V1
21,21,L-UAV-01,AMZN,31.3020302,120.5993211,100.0,BUSY,M-L-001,V3
21,21,M-UAV-01,M600,31.3108767,120.6039862,30.5,AVAILABLE,,
21,21,M-UAV-02,M600,31.2971716,120.5956323,30.5,AVAILABLE,,
22,22,EVTOL-01,EC35,31.3075876,120.6019811,199.9,BUSY,M-P-001,V1
22,22,L-UAV-01,AMZN,31.3021441,120.5994076,100.0,BUSY,M-L-001,V3
22,22,M-UAV-01,M600,31.3108767,120.6039862,30.5,AVAILABLE,,
22,22,M-UAV-02,M600,31.2971716,120.5956323,30.5,AVAILABLE,,
23,23,EVTOL-01,EC35,31.3079099,120.6021776,199.9,BUSY,M-P-001,V1
23,23,L-UAV-01,AMZN,31.3022579,120.5994940,100.0,BUSY,M-L-001,V3
23,23,M-UAV-01,M600,31.3108767,120.6039862,30.5,AVAILABLE,,
23,23,M-UAV-02,M600,31.2971716,120.5956323,30.5,AVAILABLE,,
24,24,EVTOL-01,EC35,31.3082322,120.6023740,199.9,BUSY,M-P-001,V1
24,24,L-UAV-01,AMZN,31.3023718,120.5995805,100.0,BUSY,M-L-001,V3
24,24,M-UAV-01,M600,31.3108767,120.6039862,30.5,AVAILABLE,,
24,24,M-UAV-02,M600,31.2971716,120.5956323,30.5,AVAILABLE,,
25,25,EVTOL-01,EC35,31.3085545,120.6025705,199.9,BUSY,M-P-001,V1
25,25,L-UAV-01,AMZN,31.3024857,120.5996669,100.0,BUSY,M-L-001,V3
25,25,M-UAV-01,M600,31.3108767,120.6039862,30.5,AVAILABLE,,
25,25,M-UAV-02,M600,31.2971716,120.5956323,30.5,AVAILABLE,,
26,26,EVTOL-01,EC35,31.3088768,120.6027670,199.9,BUSY,M-P-001,V1
26,26,L-UAV-01,AMZN,31.3025996,120.5997534,100.0,BUSY,M-L-001,V3
26,26,M-UAV-01,M600,31.3108767,120.6039862,30.5,AVAILABLE,,
26,26,M-UAV-02,M600,31.2971716,120.5956323,30.5,AVAILABLE,,
27,27,EVTOL-01,EC35,31.3091991,120.6029635,199.9,BUSY,M-P-001,V1
27,27,L-UAV-01,AMZN,31.3027135,120.5998399,100.0,BUSY,M-L-001,V3
27,27,M-UAV-01,M600,31.3108767,120.6039862,30.5,AVAILABLE,,
27,27,M-UAV-02,M600,31.2971716,120.5956323,30.5,AVAILABLE,,
28,28,EVTOL-01,EC35,31.3095214,120.6031600,199.9,BUSY,M-P-001,V1
28,28,L-UAV-01,AMZN,31.3028273,120.5999263,100.0,BUSY,M-L-001,V3
28,28,M-UAV-01,M600,31.3108767,120.6039862,30.5,AVAILABLE,,
28,28,M-UAV-02,M600,31.2971716,120.5956323,30.5,AVAILABLE,,
29,29,EVTOL-01,EC35,31.3098437,120.6033564,199.9,BUSY,M-P-001,V1
29,29,L-UAV-01,AMZN,31.3029412,120.6000128,100.0,BUSY,M-L-001,V3
29,29,M-UAV-01,M600,31.3108767,120.6039862,30.5,AVAILABLE,,
29,29,M-UAV-02,M600,31.2971716,120.5956323,30.5,AVAILABLE,,
30,30,EVTOL-01,EC35,31.3101661,120.6035529,199.9,BUSY,M-P-001,V2
30,30,L-UAV-01,AMZN,31.3030551,120.6000993,100.0,BUSY,M-L-001,V3
30,30,M-UAV-01,M600,31.3108767,120.6039862,30.5,AVAILABLE,,
30,30,M-UAV-02,M600,31.2971716,120.5956323,30.5,AVAILABLE,,
31,31,EVTOL-01,EC35,31.3105051,120.6037054,199.9,BUSY,M-P-001,V2
31,31,L-UAV-01,AMZN,31.3031690,120.6001857,100.0,BUSY,M-L-001,V3
31,31,M-UAV-01,M600,31.3108767,120.6039862,30.5,AVAILABLE,,
31,31,M-UAV-02,M600,31.2971716,120.5956323,30.5,AVAILABLE,,
32,32,EVTOL-01,EC35,31.3108566,120.6038121,199.9,BUSY,M-P-001,V2
32,32,L-UAV-01,AMZN,31.3032829,120.6002722,100.0,BUSY,M-L-001,V3
32,32,M-UAV-01,M600,31.3108767,120.6039862,30.5,AVAILABLE,,
32,32,M-UAV-02,M600,31.2971716,120.5956323,30.5,AVAILABLE,,
33,33,EVTOL-01,EC35,31.3112162,120.6038716,199.9,BUSY,M-P-001,V2
33,33,L-UAV-01,AMZN,31.3033967,120.6003586,100.0,BUSY,M-L-001,V3
33,33,M-UAV-01,M600,31.3108767,120.6039862,30.5,AVAILABLE,,
33,33,M-UAV-02,M600,31.2971716,120.5956323,30.5,AVAILABLE,,
34,34,EVTOL-01,EC35,31.3115793,120.6038832,199.9,BUSY,M-P-001,V2
34,34,L-UAV-01,AMZN,31.3035106,120.6004451,100.0,BUSY,M-L-001,V3
34,34,M-UAV-01,M600,31.3108767,120.6039862,30.5,AVAILABLE,,
34,34,M-UAV-02,M600,31.2971716,120.5956323,30.5,AVAILABLE,,
35,35,EVTOL-01,EC35,31.3119412,120.6038467,199.9,BUSY,M-P-001,V2
35,35,L-UAV-01,AMZN,31.3036245,120.6005316,100.0,BUSY,M-L-001,V3
35,35,M-UAV-01,M600,31.3108767,120.6039862,30.5,AVAILABLE,,
35,35,M-UAV-02,M600,31.2971716,120.5956323,30.5,AVAILABLE,,
36,36,EVTOL-01,EC35,31.3122972,120.6037626,199.9,BUSY,M-P-001,V2
36,36,L-UAV-01,AMZN,31.3037384,120.6006180,100.0,BUSY,M-L-001,V3
36,36,M-UAV-01,M600,31.3108767,120.6039862,30.5,AVAILABLE,,
36,36,M-UAV-02,M600,31.2971716,120.5956323,30.5,AVAILABLE,,
37,37,EVTOL-01,EC35,31.3126428,120.6036319,199.9,BUSY,M-P-001,V2
37,37,L-UAV-01,AMZN,31.3038523,120.6007045,100.0,BUSY,M-L-001,V3
37,37,M-UAV-01,M600,31.3108767,120.6039862,30.5,AVAILABLE,,
37,37,M-UAV-02,M600,31.2971716,120.5956323,30.5,AVAILABLE,,
38,38,EVTOL-01,EC35,31.3129735,120.6034563,199.9,BUSY,M-P-001,V2
38,38,L-UAV-01,AMZN,31.3039661,120.6007910,100.0,BUSY,M-L-001,V3
38,38,M-UAV-01,M600,31.3108767,120.6039862,30.5,AVAILABLE,,
38,38,M-UAV-02,M600,31.2971716,120.5956323,30.5,AVAILABLE,,
39,39,EVTOL-01,EC35,31.3132852,120.6032382,199.9,BUSY,M-P-001,V2
39,39,L-UAV-01,AMZN,31.3040800,120.6008774,100.0,BUSY,M-L-001,V3
39,39,M-UAV-01,M600,31.3108767,120.6039862,30.5,AVAILABLE,,
39,39,M-UAV-02,M600,31.2971716,120.5956323,30.5,AVAILABLE,,
40,40,EVTOL-01,EC35,31.3135739,120.6029802,199.9,BUSY,M-P-001,V2
40,40,L-UAV-01,AMZN,31.3041939,120.6009639,100.0,BUSY,M-L-001,V3
40,40,M-UAV-01,M600,31.3108767,120.6039862,30.5,AVAILABLE,,
40,40,M-UAV-02,M600,31.2971716,120.5956323,30.5,AVAILABLE,,
41,41,EVTOL-01,EC35,31.3138358,120.6026856,199.9,BUSY,M-P-001,V2
41,41,L-UAV-01,AMZN,31.3043078,120.6010504,100.0,BUSY,M-L-001,V3
41,41,M-UAV-01,M600,31.3108767,120.6039862,30.5,AVAILABLE,,
41,41,M-UAV-02,M600,31.2971716,120.5956323,30.5,AVAILABLE,,
42,42,EVTOL-01,EC35,31.3140676,120.6023583,199.9,BUSY,M-P-001,V2
42,42,L-UAV-01,AMZN,31.3044217,120.6011368,100.0,BUSY,M-L-001,V3
42,42,M-UAV-01,M600,31.3108767,120.6039862,30.5,AVAILABLE,,
42,42,M-UAV-02,M600,31.2971716,120.5956323,30.5,AVAILABLE,,
43,43,EVTOL-01,EC35,31.3142663,120.6020025,199.9,BUSY,M-P-001,V2
43,43,L-UAV-01,AMZN,31.3045355,120.6012233,100.0,BUSY,M-L-001,V3
43,43,M-UAV-01,M600,31.3108767,120.6039862,30.5,AVAILABLE,,
43,43,M-UAV-02,M600,31.2971716,120.5956323,30.5,AVAILABLE,,
44,44,EVTOL-01,EC35,31.3144294,120.6016226,199.9,BUSY,M-P-001,V2
44,44,L-UAV-01,AMZN,31.3046494,120.6013098,100.0,BUSY,M-L-001,V3
44,44,M-UAV-01,M600,31.3108767,120.6039862,30.5,AVAILABLE,,
44,44,M-UAV-02,M600,31.2971716,120.5956323,30.5,AVAILABLE,,
45,45,EVTOL-01,EC35,31.3145548,120.6012237,199.9,BUSY,M-P-001,V2
45,45,L-UAV-01,AMZN,31.3047633,120.6013962,100.0,BUSY,M-L-001,V3
45,45,M-UAV-01,M600,31.3108767,120.6039862,30.5,AVAILABLE,,
45,45,M-UAV-02,M600,31.2971716,120.5956323,30.5,AVAILABLE,,
46,46,EVTOL-01,EC35,31.3146408,120.6008107,199.9,BUSY,M-P-001,V2
46,46,L-UAV-01,AMZN,31.3048772,120.6014827,100.0,BUSY,M-L-001,V3
46,46,M-UAV-01,M600,31.3108767,120.6039862,30.5,AVAILABLE,,
46,46,M-UAV-02,M600,31.2971716,120.5956323,30.5,AVAILABLE,,
47,47,EVTOL-01,EC35,31.3146865,120.6003889,199.9,BUSY,M-P-001,V2
47,47,L-UAV-01,AMZN,31.3049911,120.6015692,100.0,BUSY,M-L-001,V3
47,47,M-UAV-01,M600,31.3108767,120.6039862,30.5,AVAILABLE,,
47,47,M-UAV-02,M600,31.2971716,120.5956323,30.5,AVAILABLE,,
48,48,EVTOL-01,EC35,31.3146911,120.5999638,199.9,BUSY,M-P-001,V2
48,48,L-UAV-01,AMZN,31.3051049,120.6016556,100.0,BUSY,M-L-001,V3
48,48,M-UAV-01,M600,31.3108767,120.6039862,30.5,AVAILABLE,,
48,48,M-UAV-02,M600,31.2971716,120.5956323,30.5,AVAILABLE,,
49,49,EVTOL-01,EC35,31.3146547,120.5995408,199.9,BUSY,M-P-001,V2
49,49,L-UAV-01,AMZN,31.3052188,120.6017421,100.0,BUSY,M-L-001,V3
49,49,M-UAV-01,M600,31.3108767,120.6039862,30.5,AVAILABLE,,
49,49,M-UAV-02,M600,31.2971716,120.5956323,30.5,AVAILABLE,,
50,50,EVTOL-01,EC35,31.3145777,120.5991254,199.9,BUSY,M-P-001,V2
50,50,L-UAV-01,AMZN,31.3053327,120.6018286,100.0,BUSY,M-L-001,V3
50,50,M-UAV-01,M600,31.3108767,120.6039862,30.5,AVAILABLE,,
50,50,M-UAV-02,M600,31.2971716,120.5956323,30.5,AVAILABLE,,
51,51,EVTOL-01,EC35,31.3144610,120.5987228,199.9,BUSY,M-P-001,V2
51,51,L-UAV-01,AMZN,31.3054466,120.6019150,100.0,BUSY,M-L-001,V3
51,51,M-UAV-01,M600,31.3108767,120.6039862,30.5,AVAILABLE,,
51,51,M-UAV-02,M600,31.2971716,120.5956323,30.5,AVAILABLE,,
52,52,EVTOL-01,EC35,31.3143063,120.5983382,199.9,BUSY,M-P-001,V2
52,52,L-UAV-01,AMZN,31.3055605,120.6020015,100.0,BUSY,M-L-001,V3
52,52,M-UAV-01,M600,31.3108767,120.6039862,30.5,AVAILABLE,,
52,52,M-UAV-02,M600,31.2971716,120.5956323,30.5,AVAILABLE,,
53,53,EVTOL-01,EC35,31.3141154,120.5979765,199.9,BUSY,M-P-001,V2
53,53,L-UAV-01,AMZN,31.3056743,120.6020880,100.0,BUSY,M-L-001,V3
53,53,M-UAV-01,M600,31.3108767,120.6039862,30.5,AVAILABLE,,
53,53,M-UAV-02,M600,31.2971716,120.5956323,30.5,AVAILABLE,,
54,54,EVTOL-01,EC35,31.3138908,120.5976424,199.9,BUSY,M-P-001,V2
54,54,L-UAV-01,AMZN,31.3057882,120.6021744,100.0,BUSY,M-L-001,V3
54,54,M-UAV-01,M600,31.3108767,120.6039862,30.5,AVAILABLE,,
54,54,M-UAV-02,M600,31.2971716,120.5956323,30.5,AVAILABLE,,
55,55,EVTOL-01,EC35,31.3136354,120.5973402,199.9,BUSY,M-P-001,V2
55,55,L-UAV-01,AMZN,31.3059021,120.6022609,100.0,BUSY,M-L-001,V2
55,55,M-UAV-01,M600,31.3108767,120.6039862,30.5,AVAILABLE,,
55,55,M-UAV-02,M600,31.2971716,120.5956323,30.5,AVAILABLE,,
56,56,EVTOL-01,EC35,31.3133525,120.5970736,199.9,BUSY,M-P-001,V2
56,56,L-UAV-01,AMZN,31.3060327,120.6023035,100.0,BUSY,M-L-001,V2
56,56,M-UAV-01,M600,31.3108767,120.6039862,30.5,AVAILABLE,,
56,56,M-UAV-02,M600,31.2971716,120.5956323,30.5,AVAILABLE,,
57,57,EVTOL-01,EC35,31.3130456,120.5968462,199.9,BUSY,M-P-001,V2
57,57,L-UAV-01,AMZN,31.3061681,120.6022986,100.0,BUSY,M-L-001,V2
57,57,M-UAV-01,M600,31.3108767,120.6039862,30.5,AVAILABLE,,
57,57,M-UAV-02,M600,31.2971716,120.5956323,30.5,AVAILABLE,,
58,58,EVTOL-01,EC35,31.3127188,120.5966608,199.9,BUSY,M-P-001,V2
58,58,L-UAV-01,AMZN,31.3062962,120.6022464,100.0,BUSY,M-L-001,V2
58,58,M-UAV-01,M600,31.3108767,120.6039862,30.5,AVAILABLE,,
58,58,M-UAV-02,M600,31.2971716,120.5956323,30.5,AVAILABLE,,
59,59,EVTOL-01,EC35,31.3123762,120.5965199,199.9,BUSY,M-P-001,V2
59,59,L-UAV-01,AMZN,31.3064050,120.6021519,100.0,BUSY,M-L-001,V2
59,59,M-UAV-01,M600,31.3108767,120.6039862,30.5,AVAILABLE,,
59,59,M-UAV-02,M600,31.2971716,120.5956323,30.5,AVAILABLE,,
60,60,EVTOL-01,EC35,31.3120221,120.5964251,199.9,BUSY,M-P-001,V2
60,60,L-UAV-01,AMZN,31.3064848,120.6020237,100.0,BUSY,M-L-001,V2
60,60,M-UAV-01,M600,31.3108767,120.6039862,30.5,AVAILABLE,,
60,60,M-UAV-02,M600,31.2971716,120.5956323,30.5,AVAILABLE,,
61,61,EVTOL-01,EC35,31.3116612,120.5963778,199.9,BUSY,M-P-001,V2
61,61,L-UAV-01,AMZN,31.3065282,120.6018734,100.0,BUSY,M-L-001,V2
61,61,M-UAV-01,M600,31.3108767,120.6039862,30.5,AVAILABLE,,
61,61,M-UAV-02,M600,31.2971716,120.5956323,30.5,AVAILABLE,,
62,62,EVTOL-01,EC35,31.3112983,120.5963591,199.9,BUSY,M-P-001,V2
62,62,L-UAV-01,AMZN,31.3065313,120.6017148,100.0,BUSY,M-L-001,V2
62,62,M-UAV-01,M600,31.3108767,120.6039862,30.5,AVAILABLE,,
62,62,M-UAV-02,M600,31.2971716,120.5956323,30.5,AVAILABLE,,
63,63,EVTOL-01,EC35,31.3109355,120.5963405,199.9,BUSY,M-P-001,V2
63,63,L-UAV-01,AMZN,31.3064937,120.6015624,100.0,BUSY,M-L-001,V2
63,63,M-UAV-01,M600,31.3108767,120.6039862,30.5,AVAILABLE,,
63,63,M-UAV-02,M600,31.2971716,120.5956323,30.5,AVAILABLE,,
64,64,EVTOL-01,EC35,31.3105726,120.5963218,199.9,BUSY,M-P-001,V2
64,64,L-UAV-01,AMZN,31.3064189,120.6014300,100.0,BUSY,M-L-001,V2
64,64,M-UAV-01,M600,31.3108767,120.6039862,30.5,AVAILABLE,,
64,64,M-UAV-02,M600,31.2971716,120.5956323,30.5,AVAILABLE,,
65,65,EVTOL-01,EC35,31.3102098,120.5963031,199.9,BUSY,M-P-001,V2
65,65,L-UAV-01,AMZN,31.3063138,120.6013299,100.0,BUSY,M-L-001,V2
65,65,M-UAV-01,M600,31.3108767,120.6039862,30.5,AVAILABLE,,
65,65,M-UAV-02,M600,31.2971716,120.5956323,30.5,AVAILABLE,,
66,66,EVTOL-01,EC35,31.3098470,120.5962845,199.9,BUSY,M-P-001,V2
66,66,L-UAV-01,AMZN,31.3061941,120.6012553,100.0,BUSY,M-L-001,V2
66,66,M-UAV-01,M600,31.3108767,120.6039862,30.5,AVAILABLE,,
66,66,M-UAV-02,M600,31.2971716,120.5956323,30.5,AVAILABLE,,
67,67,EVTOL-01,EC35,31.3094841,120.5962658,199.9,BUSY,M-P-001,V2
67,67,L-UAV-01,AMZN,31.3060745,120.6011808,100.0,BUSY,M-L-001,V2
67,67,M-UAV-01,M600,31.3108767,120.6039862,30.5,AVAILABLE,,
67,67,M-UAV-02,M600,31.2971716,120.5956323,30.5,AVAILABLE,,
68,68,EVTOL-01,EC35,31.3091213,120.5962471,199.9,BUSY,M-P-001,V2
68,68,L-UAV-01,AMZN,31.3059548,120.6011062,100.0,BUSY,M-L-001,V2
68,68,M-UAV-01,M600,31.3108767,120.6039862,30.5,AVAILABLE,,
68,68,M-UAV-02,M600,31.2971716,120.5956323,30.5,AVAILABLE,,
69,69,EVTOL-01,EC35,31.3087584,120.5962284,199.9,BUSY,M-P-001,V2
69,69,L-UAV-01,AMZN,31.3058352,120.6010316,100.0,BUSY,M-L-001,V2
69,69,M-UAV-01,M600,31.3108767,120.6039862,30.5,AVAILABLE,,
69,69,M-UAV-02,M600,31.2971716,120.5956323,30.5,AVAILABLE,,
70,70,EVTOL-01,EC35,31.3083956,120.5962098,199.9,BUSY,M-P-001,V2
70,70,L-UAV-01,AMZN,31.3057156,120.6009570,100.0,BUSY,M-L-001,V2
70,70,M-UAV-01,M600,31.3108767,120.6039862,30.5,AVAILABLE,,
70,70,M-UAV-02,M600,31.2971716,120.5956323,30.5,AVAILABLE,,
71,71,EVTOL-01,EC35,31.3080328,120.5961911,199.9,BUSY,M-P-001,V2
71,71,L-UAV-01,AMZN,31.3055959,120.6008825,100.0,BUSY,M-L-001,V2
71,71,M-UAV-01,M600,31.3108767,120.6039862,30.5,AVAILABLE,,
71,71,M-UAV-02,M600,31.2971716,120.5956323,30.5,AVAILABLE,,
72,72,EVTOL-01,EC35,31.3076699,120.5961724,199.9,BUSY,M-P-001,V2
72,72,L-UAV-01,AMZN,31.3054763,120.6008079,100.0,BUSY,M-L-001,V2
72,72,M-UAV-01,M600,31.3108767,120.6039862,30.5,AVAILABLE,,
72,72,M-UAV-02,M600,31.2971716,120.5956323,30.5,AVAILABLE,,
73,73,EVTOL-01,EC35,31.3073071,120.5961538,199.9,BUSY,M-P-001,V2
73,73,L-UAV-01,AMZN,31.3053566,120.6007333,100.0,BUSY,M-L-001,V2
73,73,M-UAV-01,M600,31.3108767,120.6039862,30.5,AVAILABLE,,
73,73,M-UAV-02,M600,31.2971716,120.5956323,30.5,AVAILABLE,,
74,74,EVTOL-01,EC35,31.3069442,120.5961351,199.9,BUSY,M-P-001,V2
74,74,L-UAV-01,AMZN,31.3052370,120.6006588,100.0,BUSY,M-L-001,V2
74,74,M-UAV-01,M600,31.3108767,120.6039862,30.5,AVAILABLE,,
74,74,M-UAV-02,M600,31.2971716,120.5956323,30.5,AVAILABLE,,
75,75,EVTOL-01,EC35,31.3065814,120.5961164,199.9,BUSY,M-P-001,V2
75,75,L-UAV-01,AMZN,31.3051174,120.6005842,100.0,BUSY,M-L-001,V2
75,75,M-UAV-01,M600,31.3108767,120.6039862,30.5,AVAILABLE,,
75,75,M-UAV-02,M600,31.2971716,120.5956323,30.5,AVAILABLE,,
76,76,EVTOL-01,EC35,31.3062186,120.5960978,199.9,BUSY,M-P-001,V2
76,76,L-UAV-01,AMZN,31.3049977,120.6005096,100.0,BUSY,M-L-001,V2
76,76,M-UAV-01,M600,31.3108767,120.6039862,30.5,AVAILABLE,,
76,76,M-UAV-02,M600,31.2971716,120.5956323,30.5,AVAILABLE,,
77,77,EVTOL-01,EC35,31.3058557,120.5960791,199.9,BUSY,M-P-001,V2
77,77,L-UAV-01,AMZN,31.3048781,120.6004351,100.0,BUSY,M-L-001,V2
77,77,M-UAV-01,M600,31.3108767,120.6039862,30.5,AVAILABLE,,
77,77,M-UAV-02,M600,31.2971716,120.5956323,30.5,AVAILABLE,,
78,78,EVTOL-01,EC35,31.3054929,120.5960604,199.9,BUSY,M-P-001,V2
78,78,L-UAV-01,AMZN,31.3047584,120.6003605,100.0,BUSY,M-L-001,V2
78,78,M-UAV-01,M600,31.3108767,120.6039862,30.5,AVAILABLE,,
78,78,M-UAV-02,M600,31.2971716,120.5956323,30.5,AVAILABLE,,
79,79,EVTOL-01,EC35,31.3051300,120.5960418,199.9,BUSY,M-P-001,V2
79,79,L-UAV-01,AMZN,31.3046388,120.6002859,100.0,BUSY,M-L-001,V2
79,79,M-UAV-01,M600,31.3108767,120.6039862,30.5,AVAILABLE,,
79,79,M-UAV-02,M600,31.2971716,120.5956323,30.5,AVAILABLE,,
80,80,EVTOL-01,EC35,31.3047672,120.5960231,199.9,BUSY,M-P-001,V2
80,80,L-UAV-01,AMZN,31.3045192,120.6002114,100.0,BUSY,M-L-001,V2
80,80,M-UAV-01,M600,31.3108767,120.6039862,30.5,AVAILABLE,,
80,80,M-UAV-02,M600,31.2971716,120.5956323,30.5,AVAILABLE,,
81,81,EVTOL-01,EC35,31.3044044,120.5960044,199.9,BUSY,M-P-001,V2
81,81,L-UAV-01,AMZN,31.3043995,120.6001368,100.0,BUSY,M-L-001,V2
81,81,M-UAV-01,M600,31.3108767,120.6039862,30.5,AVAILABLE,,
81,81,M-UAV-02,M600,31.2971716,120.5956323,30.5,AVAILABLE,,
82,82,EVTOL-01,EC35,31.3040415,120.5959858,199.9,BUSY,M-P-001,V2
82,82,L-UAV-01,AMZN,31.3042799,120.6000622,100.0,BUSY,M-L-001,V2
82,82,M-UAV-01,M600,31.3108767,120.6039862,30.5,AVAILABLE,,
82,82,M-UAV-02,M600,31.2971716,120.5956323,30.5,AVAILABLE,,
83,83,EVTOL-01,EC35,31.3036787,120.5959671,199.9,BUSY,M-P-001,V2
83,83,L-UAV-01,AMZN,31.3041602,120.5999877,100.0,BUSY,M-L-001,V2
83,83,M-UAV-01,M600,31.3108767,120.6039862,30.5,AVAILABLE,,
83,83,M-UAV-02,M600,31.2971716,120.5956323,30.5,AVAILABLE,,
84,84,EVTOL-01,EC35,31.3033158,120.5959484,199.9,BUSY,M-P-001,V2
84,84,L-UAV-01,AMZN,31.3040406,120.5999131,100.0,BUSY,M-L-001,V2
84,84,M-UAV-01,M600,31.3108767,120.6039862,30.5,AVAILABLE,,
84,84,M-UAV-02,M600,31.2971716,120.5956323,30.5,AVAILABLE,,
85,85,EVTOL-01,EC35,31.3029530,120.5959298,199.9,BUSY,M-P-001,V2
85,85,L-UAV-01,AMZN,31.3039210,120.5998385,100.0,BUSY,M-L-001,V2
85,85,M-UAV-01,M600,31.3108767,120.6039862,30.5,AVAILABLE,,
85,85,M-UAV-02,M600,31.2971716,120.5956323,30.5,AVAILABLE,,
86,86,EVTOL-01,EC35,31.3025902,120.5959111,199.9,BUSY,M-P-001,V2
86,86,L-UAV-01,AMZN,31.3038013,120.5997640,100.0,BUSY,M-L-001,V2
86,86,M-UAV-01,M600,31.3108767,120.6039862,30.5,AVAILABLE,,
86,86,M-UAV-02,M600,31.2971716,120.5956323,30.5,AVAILABLE,,
87,87,EVTOL-01,EC35,31.3022273,120.5958924,199.9,BUSY,M-P-001,V2
87,87,L-UAV-01,AMZN,31.3036817,120.5996894,100.0,BUSY,M-L-001,V2
87,87,M-UAV-01,M600,31.3108767,120.6039862,30.5,AVAILABLE,,
87,87,M-UAV-02,M600,31.2971716,120.5956323,30.5,AVAILABLE,,
88,88,EVTOL-01,EC35,31.3018645,120.5958737,199.9,BUSY,M-P-001,V2
88,88,L-UAV-01,AMZN,31.3035620,120.5996148,100.0,BUSY,M-L-001,V2
88,88,M-UAV-01,M600,31.3108767,120.6039862,30.5,AVAILABLE,,
88,88,M-UAV-02,M600,31.2971716,120.5956323,30.5,AVAILABLE,,
89,89,EVTOL-01,EC35,31.3015016,120.5958551,199.9,BUSY,M-P-001,V2
89,89,L-UAV-01,AMZN,31.3034424,120.5995403,100.0,BUSY,M-L-001,V2
89,89,M-UAV-01,M600,31.3108767,120.6039862,30.5,AVAILABLE,,
89,89,M-UAV-02,M600,31.2971716,120.5956323,30.5,AVAILABLE,,
90,90,EVTOL-01,EC35,31.3011388,120.5958364,199.9,BUSY,M-P-001,V2
90,90,L-UAV-01,AMZN,31.3033228,120.5994657,100.0,BUSY,M-L-001,V2
90,90,M-UAV-01,M600,31.3108767,120.6039862,30.5,AVAILABLE,,
90,90,M-UAV-02,M600,31.2971716,120.5956323,30.5,AVAILABLE,,
91,91,EVTOL-01,EC35,31.3007760,120.5958177,199.9,BUSY,M-P-001,V2
91,91,L-UAV-01,AMZN,31.3032031,120.5993911,100.0,BUSY,M-L-001,V2
91,91,M-UAV-01,M600,31.3108767,120.6039862,30.5,AVAILABLE,,
91,91,M-UAV-02,M600,31.2971716,120.5956323,30.5,AVAILABLE,,
92,92,EVTOL-01,EC35,31.3004131,120.5957991,199.9,BUSY,M-P-001,V2
92,92,L-UAV-01,AMZN,31.3030835,120.5993166,100.0,BUSY,M-L-001,V2
92,92,M-UAV-01,M600,31.3108767,120.6039862,30.5,AVAILABLE,,
92,92,M-UAV-02,M600,31.2971716,120.5956323,30.5,AVAILABLE,,
93,93,EVTOL-01,EC35,31.3000503,120.5957804,199.9,BUSY,M-P-001,V2
93,93,L-UAV-01,AMZN,31.3029638,120.5992420,100.0,BUSY,M-L-001,V2
93,93,M-UAV-01,M600,31.3108767,120.6039862,30.5,AVAILABLE,,
93,93,M-UAV-02,M600,31.2971716,120.5956323,30.5,AVAILABLE,,
94,94,EVTOL-01,EC35,31.2996874,120.5957618,199.9,BUSY,M-P-001,V2
94,94,L-UAV-01,AMZN,31.3028442,120.5991675,100.0,BUSY,M-L-001,V2
94,94,M-UAV-01,M600,31.3108767,120.6039862,30.5,AVAILABLE,,
94,94,M-UAV-02,M600,31.2971716,120.5956323,30.5,AVAILABLE,,
95,95,EVTOL-01,EC35,31.2993246,120.5957431,199.9,BUSY,M-P-001,V2
95,95,L-UAV-01,AMZN,31.3027245,120.5990929,100.0,BUSY,M-L-001,V2
95,95,M-UAV-01,M600,31.3108767,120.6039862,30.5,AVAILABLE,,
95,95,M-UAV-02,M600,31.2971716,120.5956323,30.5,AVAILABLE,,
96,96,EVTOL-01,EC35,31.2989618,120.5957244,199.9,BUSY,M-P-001,V2
96,96,L-UAV-01,AMZN,31.3026049,120.5990183,100.0,BUSY,M-L-001,V2
96,96,M-UAV-01,M600,31.3108767,120.6039862,30.5,AVAILABLE,,
96,96,M-UAV-02,M600,31.2971716,120.5956323,30.5,AVAILABLE,,
97,97,EVTOL-01,EC35,31.2985989,120.5957058,199.9,BUSY,M-P-001,V2
97,97,L-UAV-01,AMZN,31.3024853,120.5989438,100.0,BUSY,M-L-001,V2
97,97,M-UAV-01,M600,31.3108767,120.6039862,30.5,AVAILABLE,,
97,97,M-UAV-02,M600,31.2971716,120.5956323,30.5,AVAILABLE,,
98,98,EVTOL-01,EC35,31.2982361,120.5956871,199.9,BUSY,M-P-001,V2
98,98,L-UAV-01,AMZN,31.3023656,120.5988692,100.0,BUSY,M-L-001,V2
98,98,M-UAV-01,M600,31.3108767,120.6039862,30.5,AVAILABLE,,
98,98,M-UAV-02,M600,31.2971716,120.5956323,30.5,AVAILABLE,,
99,99,EVTOL-01,EC35,31.2978732,120.5956684,199.9,BUSY,M-P-001,V1
99,99,L-UAV-01,AMZN,31.3022460,120.5987946,100.0,BUSY,M-L-001,V2
99,99,M-UAV-01,M600,31.3108767,120.6039862,30.5,AVAILABLE,,
99,99,M-UAV-02,M600,31.2971716,120.5956323,30.5,AVAILABLE,,
100,100,EVTOL-01,EC35,31.2975109,120.5956979,199.9,BUSY,M-P-001,V1
100,100,L-UAV-01,AMZN,31.3021263,120.5987201,100.0,BUSY,M-L-001,V2
100,100,M-UAV-01,M600,31.3108767,120.6039862,30.5,AVAILABLE,,
100,100,M-UAV-02,M600,31.2971716,120.5956323,30.5,AVAILABLE,,
101,101,EVTOL-01,EC35,31.2971538,120.5957750,199.9,BUSY,M-P-001,V1
101,101,L-UAV-01,AMZN,31.3020067,120.5986455,100.0,BUSY,M-L-001,V2
101,101,M-UAV-01,M600,31.3108767,120.6039862,30.5,AVAILABLE,,
101,101,M-UAV-02,M600,31.2971716,120.5956323,30.5,AVAILABLE,,
102,102,EVTOL-01,EC35,31.2968063,120.5958989,199.9,BUSY,M-P-001,V1
102,102,L-UAV-01,AMZN,31.3018871,120.5985709,100.0,BUSY,M-L-001,V2
102,102,M-UAV-01,M600,31.3108767,120.6039862,30.5,AVAILABLE,,
102,102,M-UAV-02,M600,31.2971716,120.5956323,30.5,AVAILABLE,,
103,103,EVTOL-01,EC35,31.2964731,120.5960679,199.9,BUSY,M-P-001,V1
103,103,L-UAV-01,AMZN,31.3017674,120.5984964,100.0,BUSY,M-L-001,V2
103,103,M-UAV-01,M600,31.3108767,120.6039862,30.5,AVAILABLE,,
103,103,M-UAV-02,M600,31.2971716,120.5956323,30.5,AVAILABLE,,
104,104,EVTOL-01,EC35,31.2961583,120.5962800,199.9,BUSY,M-P-001,V1
104,104,L-UAV-01,AMZN,31.3016478,120.5984218,100.0,BUSY,M-L-001,V2
104,104,M-UAV-01,M600,31.3108767,120.6039862,30.5,AVAILABLE,,
104,104,M-UAV-02,M600,31.2971716,120.5956323,30.5,AVAILABLE,,
105,105,EVTOL-01,EC35,31.2958660,120.5965322,199.9,BUSY,M-P-001,V1
105,105,L-UAV-01,AMZN,31.3015281,120.5983473,100.0,BUSY,M-L-001,V2
105,105,M-UAV-01,M600,31.3108767,120.6039862,30.5,AVAILABLE,,
105,105,M-UAV-02,M600,31.2971716,120.5956323,30.5,AVAILABLE,,
106,106,EVTOL-01,EC35,31.2956000,120.5968216,199.9,BUSY,M-P-001,V1
106,106,L-UAV-01,AMZN,31.3014085,120.5982727,100.0,BUSY,M-L-001,V2
106,106,M-UAV-01,M600,31.3108767,120.6039862,30.5,AVAILABLE,,
106,106,M-UAV-02,M600,31.2971716,120.5956323,30.5,AVAILABLE,,
107,107,EVTOL-01,EC35,31.2953636,120.5971442,199.9,BUSY,M-P-001,V1
107,107,L-UAV-01,AMZN,31.3012888,120.5981981,100.0,BUSY,M-L-001,V2
107,107,M-UAV-01,M600,31.3108767,120.6039862,30.5,AVAILABLE,,
107,107,M-UAV-02,M600,31.2971716,120.5956323,30.5,AVAILABLE,,
108,108,EVTOL-01,EC35,31.2951598,120.5974960,199.9,BUSY,M-P-001,V1
108,108,L-UAV-01,AMZN,31.3011692,120.5981236,100.0,BUSY,M-L-001,V2
108,108,M-UAV-01,M600,31.3108767,120.6039862,30.5,AVAILABLE,,
108,108,M-UAV-02,M600,31.2971716,120.5956323,30.5,AVAILABLE,,
109,109,EVTOL-01,EC35,31.2949913,120.5978726,199.9,BUSY,M-P-001,V1
109,109,L-UAV-01,AMZN,31.3010496,120.5980490,100.0,BUSY,M-L-001,V2
109,109,M-UAV-01,M600,31.3108767,120.6039862,30.5,AVAILABLE,,
109,109,M-UAV-02,M600,31.2971716,120.5956323,30.5,AVAILABLE,,
110,110,EVTOL-01,EC35,31.2948603,120.5982690,199.9,BUSY,M-P-001,V1
110,110,L-UAV-01,AMZN,31.3009299,120.5979744,100.0,BUSY,M-L-001,V2
110,110,M-UAV-01,M600,31.3108767,120.6039862,30.5,AVAILABLE,,
110,110,M-UAV-02,M600,31.2971716,120.5956323,30.5,AVAILABLE,,
111,111,EVTOL-01,EC35,31.2947683,120.5986802,199.9,BUSY,M-P-001,V1
111,111,L-UAV-01,AMZN,31.3008103,120.5978999,100.0,BUSY,M-L-001,V2
111,111,M-UAV-01,M600,31.3108767,120.6039862,30.5,AVAILABLE,,
111,111,M-UAV-02,M600,31.2971716,120.5956323,30.5,AVAILABLE,,
112,112,EVTOL-01,EC35,31.2947167,120.5991009,199.9,BUSY,M-P-001,V1
112,112,L-UAV-01,AMZN,31.3006906,120.5978253,100.0,BUSY,M-L-001,V2
112,112,M-UAV-01,M600,31.3108767,120.6039862,30.5,AVAILABLE,,
112,112,M-UAV-02,M600,31.2971716,120.5956323,30.5,AVAILABLE,,
113,113,EVTOL-01,EC35,31.2947060,120.5995257,199.9,BUSY,M-P-001,V1
113,113,L-UAV-01,AMZN,31.3005710,120.5977508,100.0,BUSY,M-L-001,V2
113,113,M-UAV-01,M600,31.3108767,120.6039862,30.5,AVAILABLE,,
113,113,M-UAV-02,M600,31.2971716,120.5956323,30.5,AVAILABLE,,
114,114,EVTOL-01,EC35,31.2947364,120.5999492,199.9,BUSY,M-P-001,V1
114,114,L-UAV-01,AMZN,31.3004514,120.5976762,100.0,BUSY,M-L-001,V2
114,114,M-UAV-01,M600,31.3108767,120.6039862,30.5,AVAILABLE,,
114,114,M-UAV-02,M600,31.2971716,120.5956323,30.5,AVAILABLE,,
115,115,EVTOL-01,EC35,31.2948075,120.6003661,199.9,BUSY,M-P-001,V1
115,115,L-UAV-01,AMZN,31.3003317,120.5976016,100.0,BUSY,M-L-001,V2
115,115,M-UAV-01,M600,31.3108767,120.6039862,30.5,AVAILABLE,,
115,115,M-UAV-02,M600,31.2971716,120.5956323,30.5,AVAILABLE,,
116,116,EVTOL-01,EC35,31.2949183,120.6007708,199.9,BUSY,M-P-001,V1
116,116,L-UAV-01,AMZN,31.3002121,120.5975271,100.0,BUSY,M-L-001,V2
116,116,M-UAV-01,M600,31.3108767,120.6039862,30.5,AVAILABLE,,
116,116,M-UAV-02,M600,31.2971716,120.5956323,30.5,AVAILABLE,,
117,117,EVTOL-01,EC35,31.2950676,120.6011583,199.9,BUSY,M-P-001,V1
117,117,L-UAV-01,AMZN,31.3000924,120.5974525,100.0,BUSY,M-L-001,V2
117,117,M-UAV-01,M600,31.3108767,120.6039862,30.5,AVAILABLE,,
117,117,M-UAV-02,M600,31.2971716,120.5956323,30.5,AVAILABLE,,
118,118,EVTOL-01,EC35,31.2952533,120.6015235,199.9,BUSY,M-P-001,V1
118,118,L-UAV-01,AMZN,31.2999728,120.5973780,100.0,BUSY,M-L-001,V2
118,118,M-UAV-01,M600,31.3108767,120.6039862,30.5,AVAILABLE,,
118,118,M-UAV-02,M600,31.2971716,120.5956323,30.5,AVAILABLE,,
119,119,EVTOL-01,EC35,31.2954731,120.6018619,199.9,BUSY,M-P-001,V1
119,119,L-UAV-01,AMZN,31.2998531,120.5973034,100.0,BUSY,M-L-001,V2
119,119,M-UAV-01,M600,31.3108767,120.6039862,30.5,AVAILABLE,,
119,119,M-UAV-02,M600,31.2971716,120.5956323,30.5,AVAILABLE,,
120,120,EVTOL-01,EC35,31.2957241,120.6021691,199.9,BUSY,M-P-001,V1
120,120,L-UAV-01,AMZN,31.2997335,120.5972288,100.0,BUSY,M-L-001,V2
120,120,M-UAV-01,M600,31.3108767,120.6039862,30.5,AVAILABLE,,
120,120,M-UAV-02,M600,31.2971716,120.5956323,30.5,AVAILABLE,,
121,121,EVTOL-01,EC35,31.2960032,120.6024411,199.9,BUSY,M-P-001,V1
121,121,L-UAV-01,AMZN,31.2996139,120.5971543,100.0,BUSY,M-L-001,V2
121,121,M-UAV-01,M600,31.3108767,120.6039862,30.5,AVAILABLE,,
121,121,M-UAV-02,M600,31.2971716,120.5956323,30.5,AVAILABLE,,
122,122,EVTOL-01,EC35,31.2963068,120.6026744,199.9,BUSY,M-P-001,V1
122,122,L-UAV-01,AMZN,31.2994942,120.5970797,100.0,BUSY,M-L-001,V2
122,122,M-UAV-01,M600,31.3108767,120.6039862,30.5,AVAILABLE,,
122,122,M-UAV-02,M600,31.2971716,120.5956323,30.5,AVAILABLE,,
123,123,EVTOL-01,EC35,31.2966309,120.6028661,199.9,BUSY,M-P-001,V1
123,123,L-UAV-01,AMZN,31.2993746,120.5970052,100.0,BUSY,M-L-001,V2
123,123,M-UAV-01,M600,31.3108767,120.6039862,30.5,AVAILABLE,,
123,123,M-UAV-02,M600,31.2971716,120.5956323,30.5,AVAILABLE,,
124,124,EVTOL-01,EC35,31.2969715,120.6030137,199.9,BUSY,M-P-001,V1
124,124,L-UAV-01,AMZN,31.2992549,120.5969306,100.0,BUSY,M-L-001,V2
124,124,M-UAV-01,M600,31.3108767,120.6039862,30.5,AVAILABLE,,
124,124,M-UAV-02,M600,31.2971716,120.5956323,30.5,AVAILABLE,,
125,125,EVTOL-01,EC35,31.2973242,120.6031154,199.9,BUSY,M-P-001,V1
125,125,L-UAV-01,AMZN,31.2991353,120.5968560,100.0,BUSY,M-L-001,V2
125,125,M-UAV-01,M600,31.3108767,120.6039862,30.5,AVAILABLE,,
125,125,M-UAV-02,M600,31.2971716,120.5956323,30.5,AVAILABLE,,
126,126,EVTOL-01,EC35,31.2976844,120.6031697,199.9,BUSY,M-P-001,V1
126,126,L-UAV-01,AMZN,31.2990156,120.5967815,100.0,BUSY,M-L-001,V2
126,126,M-UAV-01,M600,31.3108767,120.6039862,30.5,AVAILABLE,,
126,126,M-UAV-02,M600,31.2971716,120.5956323,30.5,AVAILABLE,,
127,127,EVTOL-01,EC35,31.2980470,120.6031922,199.9,BUSY,M-P-001,V1
127,127,L-UAV-01,AMZN,31.2988960,120.5967069,100.0,BUSY,M-L-001,V2
127,127,M-UAV-01,M600,31.3108767,120.6039862,30.5,AVAILABLE,,
127,127,M-UAV-02,M600,31.2971716,120.5956323,30.5,AVAILABLE,,
128,128,EVTOL-01,EC35,31.2984097,120.6032146,199.9,BUSY,M-P-001,V1
128,128,L-UAV-01,AMZN,31.2987764,120.5966324,100.0,BUSY,M-L-001,V2
128,128,M-UAV-01,M600,31.3108767,120.6039862,30.5,AVAILABLE,,
128,128,M-UAV-02,M600,31.2971716,120.5956323,30.5,AVAILABLE,,
129,129,EVTOL-01,EC35,31.2987724,120.6032370,199.9,BUSY,M-P-001,V1
129,129,L-UAV-01,AMZN,31.2986567,120.5965578,100.0,BUSY,M-L-001,V2
129,129,M-UAV-01,M600,31.3108767,120.6039862,30.5,AVAILABLE,,
129,129,M-UAV-02,M600,31.2971716,120.5956323,30.5,AVAILABLE,,
130,130,EVTOL-01,EC35,31.2991351,120.6032595,199.9,BUSY,M-P-001,V1
130,130,L-UAV-01,AMZN,31.2985371,120.5964833,100.0,BUSY,M-L-001,V2
130,130,M-UAV-01,M600,31.3108767,120.6039862,30.5,AVAILABLE,,
130,130,M-UAV-02,M600,31.2971716,120.5956323,30.5,AVAILABLE,,
131,131,EVTOL-01,EC35,31.2994978,120.6032819,199.9,BUSY,M-P-001,V1
131,131,L-UAV-01,AMZN,31.2984174,120.5964087,100.0,BUSY,M-L-001,V2
131,131,M-UAV-01,M600,31.3108767,120.6039862,30.5,AVAILABLE,,
131,131,M-UAV-02,M600,31.2971716,120.5956323,30.5,AVAILABLE,,
132,132,EVTOL-01,EC35,31.2998605,120.6033044,199.9,BUSY,M-P-001,V1
132,132,L-UAV-01,AMZN,31.2982978,120.5963341,100.0,BUSY,M-L-001,V2
132,132,M-UAV-01,M600,31.3108767,120.6039862,30.5,AVAILABLE,,
132,132,M-UAV-02,M600,31.2971716,120.5956323,30.5,AVAILABLE,,
133,133,EVTOL-01,EC35,31.3002231,120.6033268,199.9,BUSY,M-P-001,V1
133,133,L-UAV-01,AMZN,31.2981781,120.5962596,100.0,BUSY,M-L-001,V2
133,133,M-UAV-01,M600,31.3108767,120.6039862,30.5,AVAILABLE,,
133,133,M-UAV-02,M600,31.2971716,120.5956323,30.5,AVAILABLE,,
134,134,EVTOL-01,EC35,31.3005858,120.6033493,199.9,BUSY,M-P-001,V1
134,134,L-UAV-01,AMZN,31.2980585,120.5961850,100.0,BUSY,M-L-001,V2
134,134,M-UAV-01,M600,31.3108767,120.6039862,30.5,AVAILABLE,,
134,134,M-UAV-02,M600,31.2971716,120.5956323,30.5,AVAILABLE,,
135,135,EVTOL-01,EC35,31.3009485,120.6033717,199.9,BUSY,M-P-001,V1
135,135,L-UAV-01,AMZN,31.2979389,120.5961105,100.0,BUSY,M-L-001,V3
135,135,M-UAV-01,M600,31.3108767,120.6039862,30.5,AVAILABLE,,
135,135,M-UAV-02,M600,31.2971716,120.5956323,30.5,AVAILABLE,,
136,136,EVTOL-01,EC35,31.3013112,120.6033941,199.9,BUSY,M-P-001,V1
136,136,L-UAV-01,AMZN,31.2978056,120.5960812,100.0,BUSY,M-L-001,V3
136,136,M-UAV-01,M600,31.3108767,120.6039862,30.5,AVAILABLE,,
136,136,M-UAV-02,M600,31.2971716,120.5956323,30.5,AVAILABLE,,
137,137,EVTOL-01,EC35,31.3016739,120.6034166,199.9,BUSY,M-P-001,V1
137,137,L-UAV-01,AMZN,31.2976710,120.5960998,100.0,BUSY,M-L-001,V3
137,137,M-UAV-01,M600,31.3108767,120.6039862,30.5,AVAILABLE,,
137,137,M-UAV-02,M600,31.2971716,120.5956323,30.5,AVAILABLE,,
138,138,EVTOL-01,EC35,31.3020366,120.6034390,199.9,BUSY,M-P-001,V1
138,138,L-UAV-01,AMZN,31.2975473,120.5961646,100.0,BUSY,M-L-001,V3
138,138,M-UAV-01,M600,31.3108767,120.6039862,30.5,AVAILABLE,,
138,138,M-UAV-02,M600,31.2971716,120.5956323,30.5,AVAILABLE,,
139,139,EVTOL-01,EC35,31.3023993,120.6034615,199.9,BUSY,M-P-001,V1
139,139,L-UAV-01,AMZN,31.2974458,120.5962697,100.0,BUSY,M-L-001,V3
139,139,M-UAV-01,M600,31.3108767,120.6039862,30.5,AVAILABLE,,
139,139,M-UAV-02,M600,31.2971716,120.5956323,30.5,AVAILABLE,,
140,140,EVTOL-01,EC35,31.3027619,120.6034839,199.9,BUSY,M-P-001,V1
140,140,L-UAV-01,AMZN,31.2973758,120.5964055,100.0,BUSY,M-L-001,V3
140,140,M-UAV-01,M600,31.3108767,120.6039862,30.5,AVAILABLE,,
140,140,M-UAV-02,M600,31.2971716,120.5956323,30.5,AVAILABLE,,
141,141,EVTOL-01,EC35,31.3031246,120.6035064,199.9,BUSY,M-P-001,V1
141,141,L-UAV-01,AMZN,31.2973436,120.5965596,100.0,BUSY,M-L-001,V3
141,141,M-UAV-01,M600,31.3108767,120.6039862,30.5,AVAILABLE,,
141,141,M-UAV-02,M600,31.2971716,120.5956323,30.5,AVAILABLE,,
142,142,EVTOL-01,EC35,31.3034873,120.6035288,199.9,BUSY,M-P-001,V1
142,142,L-UAV-01,AMZN,31.2973522,120.5967179,100.0,BUSY,M-L-001,V3
142,142,M-UAV-01,M600,31.3108767,120.6039862,30.5,AVAILABLE,,
142,142,M-UAV-02,M600,31.2971716,120.5956323,30.5,AVAILABLE,,
143,143,EVTOL-01,EC35,31.3038500,120.6035513,199.9,BUSY,M-P-001,V1
143,143,L-UAV-01,AMZN,31.2974009,120.5968660,100.0,BUSY,M-L-001,V3
143,143,M-UAV-01,M600,31.3108767,120.6039862,30.5,AVAILABLE,,
143,143,M-UAV-02,M600,31.2971716,120.5956323,30.5,AVAILABLE,,
144,144,EVTOL-01,EC35,31.3042127,120.6035737,199.9,BUSY,M-P-001,V1
144,144,L-UAV-01,AMZN,31.2974851,120.5969902,100.0,BUSY,M-L-001,V3
144,144,M-UAV-01,M600,31.3108767,120.6039862,30.5,AVAILABLE,,
144,144,M-UAV-02,M600,31.2971716,120.5956323,30.5,AVAILABLE,,
145,145,EVTOL-01,EC35,31.3045754,120.6035961,199.9,BUSY,M-P-001,V1
145,145,L-UAV-01,AMZN,31.2975972,120.5970794,100.0,BUSY,M-L-001,V3
145,145,M-UAV-01,M600,31.3108767,120.6039862,30.5,AVAILABLE,,
145,145,M-UAV-02,M600,31.2971716,120.5956323,30.5,AVAILABLE,,
146,146,EVTOL-01,EC35,31.3049380,120.6036186,199.9,BUSY,M-P-001,V1
146,146,L-UAV-01,AMZN,31.2977164,120.5971549,100.0,BUSY,M-L-001,V3
146,146,M-UAV-01,M600,31.3108767,120.6039862,30.5,AVAILABLE,,
146,146,M-UAV-02,M600,31.2971716,120.5956323,30.5,AVAILABLE,,
147,147,EVTOL-01,EC35,31.3053007,120.6036410,199.9,BUSY,M-P-001,V1
147,147,L-UAV-01,AMZN,31.2978356,120.5972305,100.0,BUSY,M-L-001,V3
147,147,M-UAV-01,M600,31.3108767,120.6039862,30.5,AVAILABLE,,
147,147,M-UAV-02,M600,31.2971716,120.5956323,30.5,AVAILABLE,,
148,148,EVTOL-01,EC35,31.3056634,120.6036635,199.9,BUSY,M-P-001,V1
148,148,L-UAV-01,AMZN,31.2979548,120.5973060,100.0,BUSY,M-L-001,V3
148,148,M-UAV-01,M600,31.3108767,120.6039862,30.5,AVAILABLE,,
148,148,M-UAV-02,M600,31.2971716,120.5956323,30.5,AVAILABLE,,
149,149,EVTOL-01,EC35,31.3060261,120.6036859,199.9,BUSY,M-P-001,V1
149,149,L-UAV-01,AMZN,31.2980740,120.5973816,100.0,BUSY,M-L-001,V3
149,149,M-UAV-01,M600,31.3108767,120.6039862,30.5,AVAILABLE,,
149,149,M-UAV-02,M600,31.2971716,120.5956323,30.5,AVAILABLE,,
150,150,EVTOL-01,EC35,31.3063888,120.6037084,199.9,BUSY,M-P-001,V1
150,150,L-UAV-01,AMZN,31.2981932,120.5974571,100.0,BUSY,M-L-001,V3
150,150,M-UAV-01,M600,31.3108767,120.6039862,30.5,AVAILABLE,,
150,150,M-UAV-02,M600,31.2971716,120.5956323,30.5,AVAILABLE,,
151,151,EVTOL-01,EC35,31.3067515,120.6037308,199.9,BUSY,M-P-001,V1
151,151,L-UAV-01,AMZN,31.2983123,120.5975327,100.0,BUSY,M-L-001,V3
151,151,M-UAV-01,M600,31.3108767,120.6039862,30.5,AVAILABLE,,
151,151,M-UAV-02,M600,31.2971716,120.5956323,30.5,AVAILABLE,,
152,152,EVTOL-01,EC35,31.3071141,120.6037533,199.9,BUSY,M-P-001,V1
152,152,L-UAV-01,AMZN,31.2984315,120.5976082,100.0,BUSY,M-L-001,V3
152,152,M-UAV-01,M600,31.3108767,120.6039862,30.5,AVAILABLE,,
152,152,M-UAV-02,M600,31.2971716,120.5956323,30.5,AVAILABLE,,
153,153,EVTOL-01,EC35,31.3074768,120.6037757,199.9,BUSY,M-P-001,V1
153,153,L-UAV-01,AMZN,31.2985507,120.5976837,100.0,BUSY,M-L-001,V3
153,153,M-UAV-01,M600,31.3108767,120.6039862,30.5,AVAILABLE,,
153,153,M-UAV-02,M600,31.2971716,120.5956323,30.5,AVAILABLE,,
154,154,EVTOL-01,EC35,31.3078395,120.6037982,199.9,BUSY,M-P-001,V1
154,154,L-UAV-01,AMZN,31.2986699,120.5977593,100.0,BUSY,M-L-001,V3
154,154,M-UAV-01,M600,31.3108767,120.6039862,30.5,AVAILABLE,,
154,154,M-UAV-02,M600,31.2971716,120.5956323,30.5,AVAILABLE,,
155,155,EVTOL-01,EC35,31.3082022,120.6038206,199.9,BUSY,M-P-001,V1
155,155,L-UAV-01,AMZN,31.2987891,120.5978348,100.0,BUSY,M-L-001,V3
155,155,M-UAV-01,M600,31.3108767,120.6039862,30.5,AVAILABLE,,
155,155,M-UAV-02,M600,31.2971716,120.5956323,30.5,AVAILABLE,,
156,156,EVTOL-01,EC35,31.3085649,120.6038431,199.9,BUSY,M-P-001,V1
156,156,L-UAV-01,AMZN,31.2989083,120.5979104,100.0,BUSY,M-L-001,V3
156,156,M-UAV-01,M600,31.3108767,120.6039862,30.5,AVAILABLE,,
156,156,M-UAV-02,M600,31.2971716,120.5956323,30.5,AVAILABLE,,
157,157,EVTOL-01,EC35,31.3089276,120.6038655,199.9,BUSY,M-P-001,V1
157,157,L-UAV-01,AMZN,31.2990275,120.5979859,100.0,BUSY,M-L-001,V3
157,157,M-UAV-01,M600,31.3108767,120.6039862,30.5,AVAILABLE,,
157,157,M-UAV-02,M600,31.2971716,120.5956323,30.5,AVAILABLE,,
158,158,EVTOL-01,EC35,31.3092902,120.6038880,199.9,BUSY,M-P-001,V1
158,158,L-UAV-01,AMZN,31.2991467,120.5980615,100.0,BUSY,M-L-001,V3
158,158,M-UAV-01,M600,31.3108767,120.6039862,30.5,AVAILABLE,,
158,158,M-UAV-02,M600,31.2971716,120.5956323,30.5,AVAILABLE,,
159,159,EVTOL-01,EC35,31.3096529,120.6039104,199.9,BUSY,M-P-001,V1
159,159,L-UAV-01,AMZN,31.2992659,120.5981370,100.0,BUSY,M-L-001,V3
159,159,M-UAV-01,M600,31.3108767,120.6039862,30.5,AVAILABLE,,
159,159,M-UAV-02,M600,31.2971716,120.5956323,30.5,AVAILABLE,,
160,160,EVTOL-01,EC35,31.3100156,120.6039329,199.9,BUSY,M-P-001,V2
160,160,L-UAV-01,AMZN,31.2993851,120.5982125,100.0,BUSY,M-L-001,V3
160,160,M-UAV-01,M600,31.3108767,120.6039862,30.5,AVAILABLE,,
160,160,M-UAV-02,M600,31.2971716,120.5956323,30.5,AVAILABLE,,
161,161,EVTOL-01,EC35,31.3103781,120.6039072,199.9,BUSY,M-P-001,V2
161,161,L-UAV-01,AMZN,31.2995043,120.5982881,100.0,BUSY,M-L-001,V3
161,161,M-UAV-01,M600,31.3108767,120.6039862,30.5,AVAILABLE,,
161,161,M-UAV-02,M600,31.2971716,120.5956323,30.5,AVAILABLE,,
162,162,EVTOL-01,EC35,31.3107359,120.6038338,199.9,BUSY,M-P-001,V2
162,162,L-UAV-01,AMZN,31.2996234,120.5983636,100.0,BUSY,M-L-001,V3
162,162,M-UAV-01,M600,31.3108767,120.6039862,30.5,AVAILABLE,,
162,162,M-UAV-02,M600,31.2971716,120.5956323,30.5,AVAILABLE,,
163,163,EVTOL-01,EC35,31.3110842,120.6037135,199.9,BUSY,M-P-001,V2
163,163,L-UAV-01,AMZN,31.2997426,120.5984392,100.0,BUSY,M-L-001,V3
163,163,M-UAV-01,M600,31.3108767,120.6039862,30.5,AVAILABLE,,
163,163,M-UAV-02,M600,31.2971716,120.5956323,30.5,AVAILABLE,,
164,164,EVTOL-01,EC35,31.3114187,120.6035479,199.9,BUSY,M-P-001,V2
164,164,L-UAV-01,AMZN,31.2998618,120.5985147,100.0,BUSY,M-L-001,V3
164,164,M-UAV-01,M600,31.3108767,120.6039862,30.5,AVAILABLE,,
164,164,M-UAV-02,M600,31.2971716,120.5956323,30.5,AVAILABLE,,
165,165,EVTOL-01,EC35,31.3117351,120.6033391,199.9,BUSY,M-P-001,V2
165,165,L-UAV-01,AMZN,31.2999810,120.5985903,100.0,BUSY,M-L-001,V3
165,165,M-UAV-01,M600,31.3108767,120.6039862,30.5,AVAILABLE,,
165,165,M-UAV-02,M600,31.2971716,120.5956323,30.5,AVAILABLE,,
166,166,EVTOL-01,EC35,31.3120293,120.6030899,199.9,BUSY,M-P-001,V2
166,166,L-UAV-01,AMZN,31.3001002,120.5986658,100.0,BUSY,M-L-001,V3
166,166,M-UAV-01,M600,31.3108767,120.6039862,30.5,AVAILABLE,,
166,166,M-UAV-02,M600,31.2971716,120.5956323,30.5,AVAILABLE,,
167,167,EVTOL-01,EC35,31.3122976,120.6028033,199.9,BUSY,M-P-001,V2
167,167,L-UAV-01,AMZN,31.3002194,120.5987414,100.0,BUSY,M-L-001,V3
167,167,M-UAV-01,M600,31.3108767,120.6039862,30.5,AVAILABLE,,
167,167,M-UAV-02,M600,31.2971716,120.5956323,30.5,AVAILABLE,,
168,168,EVTOL-01,EC35,31.3125364,120.6024830,199.9,BUSY,M-P-001,V2
168,168,L-UAV-01,AMZN,31.3003386,120.5988169,100.0,BUSY,M-L-001,V3
168,168,M-UAV-01,M600,31.3108767,120.6039862,30.5,AVAILABLE,,
168,168,M-UAV-02,M600,31.2971716,120.5956323,30.5,AVAILABLE,,
169,169,EVTOL-01,EC35,31.3127429,120.6021333,199.9,BUSY,M-P-001,V2
169,169,L-UAV-01,AMZN,31.3004578,120.5988924,100.0,BUSY,M-L-001,V3
169,169,M-UAV-01,M600,31.3108767,120.6039862,30.5,AVAILABLE,,
169,169,M-UAV-02,M600,31.2971716,120.5956323,30.5,AVAILABLE,,
170,170,EVTOL-01,EC35,31.3129142,120.6017584,199.9,BUSY,M-P-001,V2
170,170,L-UAV-01,AMZN,31.3005770,120.5989680,100.0,BUSY,M-L-001,V3
170,170,M-UAV-01,M600,31.3108767,120.6039862,30.5,AVAILABLE,,
170,170,M-UAV-02,M600,31.2971716,120.5956323,30.5,AVAILABLE,,
171,171,EVTOL-01,EC35,31.3130483,120.6013634,199.9,BUSY,M-P-001,V2
171,171,L-UAV-01,AMZN,31.3006962,120.5990435,100.0,BUSY,M-L-001,V3
171,171,M-UAV-01,M600,31.3108767,120.6039862,30.5,AVAILABLE,,
171,171,M-UAV-02,M600,31.2971716,120.5956323,30.5,AVAILABLE,,
172,172,EVTOL-01,EC35,31.3131433,120.6009531,199.9,BUSY,M-P-001,V2
172,172,L-UAV-01,AMZN,31.3008153,120.5991191,100.0,BUSY,M-L-001,V3
172,172,M-UAV-01,M600,31.3108767,120.6039862,30.5,AVAILABLE,,
172,172,M-UAV-02,M600,31.2971716,120.5956323,30.5,AVAILABLE,,
173,173,EVTOL-01,EC35,31.3131982,120.6005328,199.9,BUSY,M-P-001,V2
173,173,L-UAV-01,AMZN,31.3009345,120.5991946,100.0,BUSY,M-L-001,V3
173,173,M-UAV-01,M600,31.3108767,120.6039862,30.5,AVAILABLE,,
173,173,M-UAV-02,M600,31.2971716,120.5956323,30.5,AVAILABLE,,
174,174,EVTOL-01,EC35,31.3132121,120.6001080,199.9,BUSY,M-P-001,V2
174,174,L-UAV-01,AMZN,31.3010537,120.5992702,100.0,BUSY,M-L-001,V3
174,174,M-UAV-01,M600,31.3108767,120.6039862,30.5,AVAILABLE,,
174,174,M-UAV-02,M600,31.2971716,120.5956323,30.5,AVAILABLE,,
175,175,EVTOL-01,EC35,31.3131849,120.5996841,199.9,BUSY,M-P-001,V2
175,175,L-UAV-01,AMZN,31.3011729,120.5993457,100.0,BUSY,M-L-001,V3
175,175,M-UAV-01,M600,31.3108767,120.6039862,30.5,AVAILABLE,,
175,175,M-UAV-02,M600,31.2971716,120.5956323,30.5,AVAILABLE,,
176,176,EVTOL-01,EC35,31.3131170,120.5992665,199.9,BUSY,M-P-001,V2
176,176,L-UAV-01,AMZN,31.3012921,120.5994213,100.0,BUSY,M-L-001,V3
176,176,M-UAV-01,M600,31.3108767,120.6039862,30.5,AVAILABLE,,
176,176,M-UAV-02,M600,31.2971716,120.5956323,30.5,AVAILABLE,,
177,177,EVTOL-01,EC35,31.3130092,120.5988605,199.9,BUSY,M-P-001,V2
177,177,L-UAV-01,AMZN,31.3014113,120.5994968,100.0,BUSY,M-L-001,V3
177,177,M-UAV-01,M600,31.3108767,120.6039862,30.5,AVAILABLE,,
177,177,M-UAV-02,M600,31.2971716,120.5956323,30.5,AVAILABLE,,
178,178,EVTOL-01,EC35,31.3128629,120.5984714,199.9,BUSY,M-P-001,V2
178,178,L-UAV-01,AMZN,31.3015305,120.5995724,100.0,BUSY,M-L-001,V3
178,178,M-UAV-01,M600,31.3108767,120.6039862,30.5,AVAILABLE,,
178,178,M-UAV-02,M600,31.2971716,120.5956323,30.5,AVAILABLE,,
179,179,EVTOL-01,EC35,31.3126800,120.5981042,199.9,BUSY,M-P-001,V2
179,179,L-UAV-01,AMZN,31.3016497,120.5996479,100.0,BUSY,M-L-001,V3
179,179,M-UAV-01,M600,31.3108767,120.6039862,30.5,AVAILABLE,,
179,179,M-UAV-02,M600,31.2971716,120.5956323,30.5,AVAILABLE,,
180,180,EVTOL-01,EC35,31.3124628,120.5977635,199.9,BUSY,M-P-001,V2
180,180,L-UAV-01,AMZN,31.3017689,120.5997235,100.0,BUSY,M-L-001,V3
180,180,M-UAV-01,M600,31.3108767,120.6039862,30.5,AVAILABLE,,
180,180,M-UAV-02,M600,31.2971716,120.5956323,30.5,AVAILABLE,,
181,181,EVTOL-01,EC35,31.3122141,120.5974537,199.9,BUSY,M-P-001,V2
181,181,L-UAV-01,AMZN,31.3018881,120.5997990,100.0,BUSY,M-L-001,V3
181,181,M-UAV-01,M600,31.3108767,120.6039862,30.5,AVAILABLE,,
181,181,M-UAV-02,M600,31.2971716,120.5956323,30.5,AVAILABLE,,
182,182,EVTOL-01,EC35,31.3119371,120.5971787,199.9,BUSY,M-P-001,V2
182,182,L-UAV-01,AMZN,31.3020072,120.5998746,100.0,BUSY,M-L-001,V3
182,182,M-UAV-01,M600,31.3108767,120.6039862,30.5,AVAILABLE,,
182,182,M-UAV-02,M600,31.2971716,120.5956323,30.5,AVAILABLE,,
183,183,EVTOL-01,EC35,31.3116353,120.5969422,199.9,BUSY,M-P-001,V2
183,183,L-UAV-01,AMZN,31.3021264,120.5999501,100.0,BUSY,M-L-001,V3
183,183,M-UAV-01,M600,31.3108767,120.6039862,30.5,AVAILABLE,,
183,183,M-UAV-02,M600,31.2971716,120.5956323,30.5,AVAILABLE,,
184,184,EVTOL-01,EC35,31.3113126,120.5967471,199.9,BUSY,M-P-001,V2
184,184,L-UAV-01,AMZN,31.3022456,120.6000257,100.0,BUSY,M-L-001,V3
184,184,M-UAV-01,M600,31.3108767,120.6039862,30.5,AVAILABLE,,
184,184,M-UAV-02,M600,31.2971716,120.5956323,30.5,AVAILABLE,,
185,185,EVTOL-01,EC35,31.3109732,120.5965959,199.9,BUSY,M-P-001,V2
185,185,L-UAV-01,AMZN,31.3023648,120.6001012,100.0,BUSY,M-L-001,V3
185,185,M-UAV-01,M600,31.3108767,120.6039862,30.5,AVAILABLE,,
185,185,M-UAV-02,M600,31.2971716,120.5956323,30.5,AVAILABLE,,
186,186,EVTOL-01,EC35,31.3106213,120.5964906,199.9,BUSY,M-P-001,V2
186,186,L-UAV-01,AMZN,31.3024840,120.6001768,100.0,BUSY,M-L-001,V3
186,186,M-UAV-01,M600,31.3108767,120.6039862,30.5,AVAILABLE,,
186,186,M-UAV-02,M600,31.2971716,120.5956323,30.5,AVAILABLE,,
187,187,EVTOL-01,EC35,31.3102616,120.5964325,199.9,BUSY,M-P-001,V2
187,187,L-UAV-01,AMZN,31.3026032,120.6002523,100.0,BUSY,M-L-001,V3
187,187,M-UAV-01,M600,31.3108767,120.6039862,30.5,AVAILABLE,,
187,187,M-UAV-02,M600,31.2971716,120.5956323,30.5,AVAILABLE,,
188,188,EVTOL-01,EC35,31.3098989,120.5964103,199.9,BUSY,M-P-001,V2
188,188,L-UAV-01,AMZN,31.3027224,120.6003279,100.0,BUSY,M-L-001,V3
188,188,M-UAV-01,M600,31.3108767,120.6039862,30.5,AVAILABLE,,
188,188,M-UAV-02,M600,31.2971716,120.5956323,30.5,AVAILABLE,,
189,189,EVTOL-01,EC35,31.3095362,120.5963881,199.9,BUSY,M-P-001,V2
189,189,L-UAV-01,AMZN,31.3028416,120.6004034,100.0,BUSY,M-L-001,V3
189,189,M-UAV-01,M600,31.3108767,120.6039862,30.5,AVAILABLE,,
189,189,M-UAV-02,M600,31.2971716,120.5956323,30.5,AVAILABLE,,
190,190,EVTOL-01,EC35,31.3091735,120.5963660,199.9,BUSY,M-P-001,V2
190,190,L-UAV-01,AMZN,31.3029608,120.6004790,100.0,BUSY,M-L-001,V3
190,190,M-UAV-01,M600,31.3108767,120.6039862,30.5,AVAILABLE,,
190,190,M-UAV-02,M600,31.2971716,120.5956323,30.5,AVAILABLE,,
191,191,EVTOL-01,EC35,31.3088108,120.5963438,199.9,BUSY,M-P-001,V2
191,191,L-UAV-01,AMZN,31.3030799,120.6005545,100.0,BUSY,M-L-001,V3
191,191,M-UAV-01,M600,31.3108767,120.6039862,30.5,AVAILABLE,,
191,191,M-UAV-02,M600,31.2971716,120.5956323,30.5,AVAILABLE,,
192,192,EVTOL-01,EC35,31.3084481,120.5963216,199.9,BUSY,M-P-001,V2
192,192,L-UAV-01,AMZN,31.3031991,120.6006301,100.0,BUSY,M-L-001,V3
192,192,M-UAV-01,M600,31.3108767,120.6039862,30.5,AVAILABLE,,
192,192,M-UAV-02,M600,31.2971716,120.5956323,30.5,AVAILABLE,,
193,193,EVTOL-01,EC35,31.3080854,120.5962994,199.9,BUSY,M-P-001,V2
193,193,L-UAV-01,AMZN,31.3033183,120.6007056,100.0,BUSY,M-L-001,V3
193,193,M-UAV-01,M600,31.3108767,120.6039862,30.5,AVAILABLE,,
193,193,M-UAV-02,M600,31.2971716,120.5956323,30.5,AVAILABLE,,
194,194,EVTOL-01,EC35,31.3077227,120.5962773,199.9,BUSY,M-P-001,V2
194,194,L-UAV-01,AMZN,31.3034375,120.6007812,100.0,BUSY,M-L-001,V3
194,194,M-UAV-01,M600,31.3108767,120.6039862,30.5,AVAILABLE,,
194,194,M-UAV-02,M600,31.2971716,120.5956323,30.5,AVAILABLE,,
195,195,EVTOL-01,EC35,31.3073600,120.5962551,199.9,BUSY,M-P-001,V2
195,195,L-UAV-01,AMZN,31.3035567,120.6008567,100.0,BUSY,M-L-001,V3
195,195,M-UAV-01,M600,31.3108767,120.6039862,30.5,AVAILABLE,,
195,195,M-UAV-02,M600,31.2971716,120.5956323,30.5,AVAILABLE,,
196,196,EVTOL-01,EC35,31.3069973,120.5962329,199.9,BUSY,M-P-001,V2
196,196,L-UAV-01,AMZN,31.3036759,120.6009323,100.0,BUSY,M-L-001,V3
196,196,M-UAV-01,M600,31.3108767,120.6039862,30.5,AVAILABLE,,
196,196,M-UAV-02,M600,31.2971716,120.5956323,30.5,AVAILABLE,,
197,197,EVTOL-01,EC35,31.3066346,120.5962107,199.9,BUSY,M-P-001,V2
197,197,L-UAV-01,AMZN,31.3037951,120.6010078,100.0,BUSY,M-L-001,V3
197,197,M-UAV-01,M600,31.3108767,120.6039862,30.5,AVAILABLE,,
197,197,M-UAV-02,M600,31.2971716,120.5956323,30.5,AVAILABLE,,
198,198,EVTOL-01,EC35,31.3062719,120.5961886,199.9,BUSY,M-P-001,V2
198,198,L-UAV-01,AMZN,31.3039143,120.6010834,100.0,BUSY,M-L-001,V3
198,198,M-UAV-01,M600,31.3108767,120.6039862,30.5,AVAILABLE,,
198,198,M-UAV-02,M600,31.2971716,120.5956323,30.5,AVAILABLE,,
199,199,EVTOL-01,EC35,31.3059092,120.5961664,199.9,BUSY,M-P-001,V2
199,199,L-UAV-01,AMZN,31.3040335,120.6011589,100.0,BUSY,M-L-001,V3
199,199,M-UAV-01,M600,31.3108767,120.6039862,30.5,AVAILABLE,,
199,199,M-UAV-02,M600,31.2971716,120.5956323,30.5,AVAILABLE,,
200,200,EVTOL-01,EC35,31.3055465,120.5961442,199.9,BUSY,M-P-001,V2
200,200,L-UAV-01,AMZN,31.3041526,120.6012345,100.0,BUSY,M-L-001,V3
200,200,M-UAV-01,M600,31.3108767,120.6039862,30.5,AVAILABLE,,
200,200,M-UAV-02,M600,31.2971716,120.5956323,30.5,AVAILABLE,,
201,201,EVTOL-01,EC35,31.3051838,120.5961221,199.9,BUSY,M-P-001,V2
201,201,L-UAV-01,AMZN,31.3042718,120.6013100,100.0,BUSY,M-L-001,V3
201,201,M-UAV-01,M600,31.3108767,120.6039862,30.5,AVAILABLE,,
201,201,M-UAV-02,M600,31.2971716,120.5956323,30.5,AVAILABLE,,
202,202,EVTOL-01,EC35,31.3048211,120.5960999,199.9,BUSY,M-P-001,V2
202,202,L-UAV-01,AMZN,31.3043910,120.6013856,100.0,BUSY,M-L-001,V3
202,202,M-UAV-01,M600,31.3108767,120.6039862,30.5,AVAILABLE,,
202,202,M-UAV-02,M600,31.2971716,120.5956323,30.5,AVAILABLE,,
203,203,EVTOL-01,EC35,31.3044584,120.5960777,199.9,BUSY,M-P-001,V2
203,203,L-UAV-01,AMZN,31.3045102,120.6014611,100.0,BUSY,M-L-001,V3
203,203,M-UAV-01,M600,31.3108767,120.6039862,30.5,AVAILABLE,,
203,203,M-UAV-02,M600,31.2971716,120.5956323,30.5,AVAILABLE,,
204,204,EVTOL-01,EC35,31.3040957,120.5960555,199.9,BUSY,M-P-001,V2
204,204,L-UAV-01,AMZN,31.3046294,120.6015367,100.0,BUSY,M-L-001,V3
204,204,M-UAV-01,M600,31.3108767,120.6039862,30.5,AVAILABLE,,
204,204,M-UAV-02,M600,31.2971716,120.5956323,30.5,AVAILABLE,,
205,205,EVTOL-01,EC35,31.3037330,120.5960334,199.9,BUSY,M-P-001,V2
205,205,L-UAV-01,AMZN,31.3047486,120.6016122,100.0,BUSY,M-L-001,V3
205,205,M-UAV-01,M600,31.3108767,120.6039862,30.5,AVAILABLE,,
205,205,M-UAV-02,M600,31.2971716,120.5956323,30.5,AVAILABLE,,
206,206,EVTOL-01,EC35,31.3033703,120.5960112,199.9,BUSY,M-P-001,V2
206,206,L-UAV-01,AMZN,31.3048678,120.6016878,100.0,BUSY,M-L-001,V3
206,206,M-UAV-01,M600,31.3108767,120.6039862,30.5,AVAILABLE,,
206,206,M-UAV-02,M600,31.2971716,120.5956323,30.5,AVAILABLE,,
207,207,EVTOL-01,EC35,31.3030076,120.5959890,199.9,BUSY,M-P-001,V2
207,207,L-UAV-01,AMZN,31.3049870,120.6017633,100.0,BUSY,M-L-001,V3
207,207,M-UAV-01,M600,31.3108767,120.6039862,30.5,AVAILABLE,,
207,207,M-UAV-02,M600,31.2971716,120.5956323,30.5,AVAILABLE,,
208,208,EVTOL-01,EC35,31.3026449,120.5959669,199.9,BUSY,M-P-001,V2
208,208,L-UAV-01,AMZN,31.3051062,120.6018389,100.0,BUSY,M-L-001,V3
208,208,M-UAV-01,M600,31.3108767,120.6039862,30.5,AVAILABLE,,
208,208,M-UAV-02,M600,31.2971716,120.5956323,30.5,AVAILABLE,,
209,209,EVTOL-01,EC35,31.3022822,120.5959447,199.9,BUSY,M-P-001,V2
209,209,L-UAV-01,AMZN,31.3052253,120.6019144,100.0,BUSY,M-L-001,V3
209,209,M-UAV-01,M600,31.3108767,120.6039862,30.5,AVAILABLE,,
209,209,M-UAV-02,M600,31.2971716,120.5956323,30.5,AVAILABLE,,
210,210,EVTOL-01,EC35,31.3019195,120.5959225,199.9,BUSY,M-P-001,V2
210,210,L-UAV-01,AMZN,31.3053445,120.6019900,100.0,BUSY,M-L-001,V3
210,210,M-UAV-01,M600,31.3108767,120.6039862,30.5,AVAILABLE,,
210,210,M-UAV-02,M600,31.2971716,120.5956323,30.5,AVAILABLE,,
211,211,EVTOL-01,EC35,31.3015568,120.5959004,199.9,BUSY,M-P-001,V2
211,211,L-UAV-01,AMZN,31.3054637,120.6020655,100.0,BUSY,M-L-001,V3
211,211,M-UAV-01,M600,31.3108767,120.6039862,30.5,AVAILABLE,,
211,211,M-UAV-02,M600,31.2971716,120.5956323,30.5,AVAILABLE,,
212,212,EVTOL-01,EC35,31.3011942,120.5958782,199.9,BUSY,M-P-001,V2
212,212,L-UAV-01,AMZN,31.3055829,120.6021411,100.0,BUSY,M-L-001,V3
212,212,M-UAV-01,M600,31.3108767,120.6039862,30.5,AVAILABLE,,
212,212,M-UAV-02,M600,31.2971716,120.5956323,30.5,AVAILABLE,,
213,213,EVTOL-01,EC35,31.3008315,120.5958560,199.9,BUSY,M-P-001,V2
213,213,L-UAV-01,AMZN,31.3057021,120.6022166,100.0,BUSY,M-L-001,V3
213,213,M-UAV-01,M600,31.3108767,120.6039862,30.5,AVAILABLE,,
213,213,M-UAV-02,M600,31.2971716,120.5956323,30.5,AVAILABLE,,
214,214,EVTOL-01,EC35,31.3004688,120.5958339,199.9,BUSY,M-P-001,V2
214,214,L-UAV-01,AMZN,31.3058213,120.6022922,100.0,BUSY,M-L-001,V2
214,214,M-UAV-01,M600,31.3108767,120.6039862,30.5,AVAILABLE,,
214,214,M-UAV-02,M600,31.2971716,120.5956323,30.5,AVAILABLE,,
215,215,EVTOL-01,EC35,31.3001061,120.5958117,199.9,BUSY,M-P-001,V2
215,215,L-UAV-01,AMZN,31.3059543,120.6023226,100.0,BUSY,M-L-001,V2
215,215,M-UAV-01,M600,31.3108767,120.6039862,30.5,AVAILABLE,,
215,215,M-UAV-02,M600,31.2971716,120.5956323,30.5,AVAILABLE,,
216,216,EVTOL-01,EC35,31.2997434,120.5957895,199.9,BUSY,M-P-001,V2
216,216,L-UAV-01,AMZN,31.3060890,120.6023051,100.0,BUSY,M-L-001,V2
216,216,M-UAV-01,M600,31.3108767,120.6039862,30.5,AVAILABLE,,
216,216,M-UAV-02,M600,31.2971716,120.5956323,30.5,AVAILABLE,,
217,217,EVTOL-01,EC35,31.2993807,120.5957673,199.9,BUSY,M-P-001,V2
217,217,L-UAV-01,AMZN,31.3062131,120.6022414,100.0,BUSY,M-L-001,V2
217,217,M-UAV-01,M600,31.3108767,120.6039862,30.5,AVAILABLE,,
217,217,M-UAV-02,M600,31.2971716,120.5956323,30.5,AVAILABLE,,
218,218,EVTOL-01,EC35,31.2990180,120.5957452,199.9,BUSY,M-P-001,V2
218,218,L-UAV-01,AMZN,31.3063153,120.6021371,100.0,BUSY,M-L-001,V2
218,218,M-UAV-01,M600,31.3108767,120.6039862,30.5,AVAILABLE,,
218,218,M-UAV-02,M600,31.2971716,120.5956323,30.5,AVAILABLE,,
219,219,EVTOL-01,EC35,31.2986553,120.5957230,199.9,BUSY,M-P-001,V2
219,219,L-UAV-01,AMZN,31.3063862,120.6020018,100.0,BUSY,M-L-001,V2
219,219,M-UAV-01,M600,31.3108767,120.6039862,30.5,AVAILABLE,,
219,219,M-UAV-02,M600,31.2971716,120.5956323,30.5,AVAILABLE,,
220,220,EVTOL-01,EC35,31.2982926,120.5957008,199.9,BUSY,M-P-001,V2
220,220,L-UAV-01,AMZN,31.3064193,120.6018480,100.0,BUSY,M-L-001,V2
220,220,M-UAV-01,M600,31.3108767,120.6039862,30.5,AVAILABLE,,
220,220,M-UAV-02,M600,31.2971716,120.5956323,30.5,AVAILABLE,,
221,221,EVTOL-01,EC35,31.2979299,120.5956787,199.9,BUSY,M-P-001,V1
221,221,L-UAV-01,AMZN,31.3064116,120.6016896,100.0,BUSY,M-L-001,V2
221,221,M-UAV-01,M600,31.3108767,120.6039862,30.5,AVAILABLE,,
221,221,M-UAV-02,M600,31.2971716,120.5956323,30.5,AVAILABLE,,
222,222,EVTOL-01,EC35,31.2975674,120.5957046,199.9,BUSY,M-P-001,V1
222,222,L-UAV-01,AMZN,31.3063639,120.6015411,100.0,BUSY,M-L-001,V2
222,222,M-UAV-01,M600,31.3108767,120.6039862,30.5,AVAILABLE,,
222,222,M-UAV-02,M600,31.2971716,120.5956323,30.5,AVAILABLE,,
223,223,EVTOL-01,EC35,31.2972097,120.5957783,199.9,BUSY,M-P-001,V1
223,223,L-UAV-01,AMZN,31.3062804,120.6014161,100.0,BUSY,M-L-001,V2
223,223,M-UAV-01,M600,31.3108767,120.6039862,30.5,AVAILABLE,,
223,223,M-UAV-02,M600,31.2971716,120.5956323,30.5,AVAILABLE,,
224,224,EVTOL-01,EC35,31.2968614,120.5958988,199.9,BUSY,M-P-001,V1
224,224,L-UAV-01,AMZN,31.3061688,120.6013260,100.0,BUSY,M-L-001,V2
224,224,M-UAV-01,M600,31.3108767,120.6039862,30.5,AVAILABLE,,
224,224,M-UAV-02,M600,31.2971716,120.5956323,30.5,AVAILABLE,,
225,225,EVTOL-01,EC35,31.2965270,120.5960647,199.9,BUSY,M-P-001,V1
225,225,L-UAV-01,AMZN,31.3060496,120.6012506,100.0,BUSY,M-L-001,V2
225,225,M-UAV-01,M600,31.3108767,120.6039862,30.5,AVAILABLE,,
225,225,M-UAV-02,M600,31.2971716,120.5956323,30.5,AVAILABLE,,
226,226,EVTOL-01,EC35,31.2962107,120.5962736,199.9,BUSY,M-P-001,V1
226,226,L-UAV-01,AMZN,31.3059303,120.6011751,100.0,BUSY,M-L-001,V2
226,226,M-UAV-01,M600,31.3108767,120.6039862,30.5,AVAILABLE,,
226,226,M-UAV-02,M600,31.2971716,120.5956323,30.5,AVAILABLE,,
227,227,EVTOL-01,EC35,31.2959167,120.5965231,199.9,BUSY,M-P-001,V1
227,227,L-UAV-01,AMZN,31.3058111,120.6010997,100.0,BUSY,M-L-001,V2
227,227,M-UAV-01,M600,31.3108767,120.6039862,30.5,AVAILABLE,,
227,227,M-UAV-02,M600,31.2971716,120.5956323,30.5,AVAILABLE,,
228,228,EVTOL-01,EC35,31.2956486,120.5968098,199.9,BUSY,M-P-001,V1
228,228,L-UAV-01,AMZN,31.3056919,120.6010242,100.0,BUSY,M-L-001,V2
228,228,M-UAV-01,M600,31.3108767,120.6039862,30.5,AVAILABLE,,
228,228,M-UAV-02,M600,31.2971716,120.5956323,30.5,AVAILABLE,,
229,229,EVTOL-01,EC35,31.2954099,120.5971302,199.9,BUSY,M-P-001,V1
229,229,L-UAV-01,AMZN,31.3055727,120.6009487,100.0,BUSY,M-L-001,V2
229,229,M-UAV-01,M600,31.3108767,120.6039862,30.5,AVAILABLE,,
229,229,M-UAV-02,M600,31.2971716,120.5956323,30.5,AVAILABLE,,
230,230,EVTOL-01,EC35,31.2952037,120.5974800,199.9,BUSY,M-P-001,V1
230,230,L-UAV-01,AMZN,31.3054534,120.6008733,100.0,BUSY,M-L-001,V2
230,230,M-UAV-01,M600,31.3108767,120.6039862,30.5,AVAILABLE,,
230,230,M-UAV-02,M600,31.2971716,120.5956323,30.5,AVAILABLE,,
231,231,EVTOL-01,EC35,31.2950325,120.5978549,199.9,BUSY,M-P-001,V1
231,231,L-UAV-01,AMZN,31.3053342,120.6007978,100.0,BUSY,M-L-001,V2
231,231,M-UAV-01,M600,31.3108767,120.6039862,30.5,AVAILABLE,,
231,231,M-UAV-02,M600,31.2971716,120.5956323,30.5,AVAILABLE,,
232,232,EVTOL-01,EC35,31.2948987,120.5982500,199.9,BUSY,M-P-001,V1
232,232,L-UAV-01,AMZN,31.3052150,120.6007224,100.0,BUSY,M-L-001,V2
232,232,M-UAV-01,M600,31.3108767,120.6039862,30.5,AVAILABLE,,
232,232,M-UAV-02,M600,31.2971716,120.5956323,30.5,AVAILABLE,,
233,233,EVTOL-01,EC35,31.2948038,120.5986603,199.9,BUSY,M-P-001,V1
233,233,L-UAV-01,AMZN,31.3050957,120.6006469,100.0,BUSY,M-L-001,V2
233,233,M-UAV-01,M600,31.3108767,120.6039862,30.5,AVAILABLE,,
233,233,M-UAV-02,M600,31.2971716,120.5956323,30.5,AVAILABLE,,
234,234,EVTOL-01,EC35,31.2947492,120.5990805,199.9,BUSY,M-P-001,V1
234,234,L-UAV-01,AMZN,31.3049765,120.6005714,100.0,BUSY,M-L-001,V2
234,234,M-UAV-01,M600,31.3108767,120.6039862,30.5,AVAILABLE,,
234,234,M-UAV-02,M600,31.2971716,120.5956323,30.5,AVAILABLE,,
235,235,EVTOL-01,EC35,31.2947355,120.5995053,199.9,BUSY,M-P-001,V1
235,235,L-UAV-01,AMZN,31.3048573,120.6004960,100.0,BUSY,M-L-001,V2
235,235,M-UAV-01,M600,31.3108767,120.6039862,30.5,AVAILABLE,,
235,235,M-UAV-02,M600,31.2971716,120.5956323,30.5,AVAILABLE,,
236,236,EVTOL-01,EC35,31.2947629,120.5999291,199.9,BUSY,M-P-001,V1
236,236,L-UAV-01,AMZN,31.3047380,120.6004205,100.0,BUSY,M-L-001,V2
236,236,M-UAV-01,M600,31.3108767,120.6039862,30.5,AVAILABLE,,
236,236,M-UAV-02,M600,31.2971716,120.5956323,30.5,AVAILABLE,,
237,237,EVTOL-01,EC35,31.2948311,120.6003465,199.9,BUSY,M-P-001,V1
237,237,L-UAV-01,AMZN,31.3046188,120.6003451,100.0,BUSY,M-L-001,V2
237,237,M-UAV-01,M600,31.3108767,120.6039862,30.5,AVAILABLE,,
237,237,M-UAV-02,M600,31.2971716,120.5956323,30.5,AVAILABLE,,
238,238,EVTOL-01,EC35,31.2949391,120.6007523,199.9,BUSY,M-P-001,V1
238,238,L-UAV-01,AMZN,31.3044996,120.6002696,100.0,BUSY,M-L-001,V2
238,238,M-UAV-01,M600,31.3108767,120.6039862,30.5,AVAILABLE,,
238,238,M-UAV-02,M600,31.2971716,120.5956323,30.5,AVAILABLE,,
239,239,EVTOL-01,EC35,31.2950856,120.6011413,199.9,BUSY,M-P-001,V1
239,239,L-UAV-01,AMZN,31.3043803,120.6001941,100.0,BUSY,M-L-001,V2
239,239,M-UAV-01,M600,31.3108767,120.6039862,30.5,AVAILABLE,,
239,239,M-UAV-02,M600,31.2971716,120.5956323,30.5,AVAILABLE,,
240,240,EVTOL-01,EC35,31.2952687,120.6015083,199.9,BUSY,M-P-001,V1
240,240,L-UAV-01,AMZN,31.3042611,120.6001187,100.0,BUSY,M-L-001,V2
240,240,M-UAV-01,M600,31.3108767,120.6039862,30.5,AVAILABLE,,
240,240,M-UAV-02,M600,31.2971716,120.5956323,30.5,AVAILABLE,,
241,241,EVTOL-01,EC35,31.2954861,120.6018488,199.9,BUSY,M-P-001,V1
241,241,L-UAV-01,AMZN,31.3041419,120.6000432,100.0,BUSY,M-L-001,V2
241,241,M-UAV-01,M600,31.3108767,120.6039862,30.5,AVAILABLE,,
241,241,M-UAV-02,M600,31.2971716,120.5956323,30.5,AVAILABLE,,
242,242,EVTOL-01,EC35,31.2957350,120.6021584,199.9,BUSY,M-P-001,V1
242,242,L-UAV-01,AMZN,31.3040226,120.5999678,100.0,BUSY,M-L-001,V2
242,242,M-UAV-01,M600,31.3108767,120.6039862,30.5,AVAILABLE,,
242,242,M-UAV-02,M600,31.2971716,120.5956323,30.5,AVAILABLE,,
243,243,EVTOL-01,EC35,31.2960122,120.6024330,199.9,BUSY,M-P-001,V1
243,243,L-UAV-01,AMZN,31.3039034,120.5998923,100.0,BUSY,M-L-001,V2
243,243,M-UAV-01,M600,31.3108767,120.6039862,30.5,AVAILABLE,,
243,243,M-UAV-02,M600,31.2971716,120.5956323,30.5,AVAILABLE,,
244,244,EVTOL-01,EC35,31.2963141,120.6026693,199.9,BUSY,M-P-001,V1
244,244,L-UAV-01,AMZN,31.3037842,120.5998169,100.0,BUSY,M-L-001,V2
244,244,M-UAV-01,M600,31.3108767,120.6039862,30.5,AVAILABLE,,
244,244,M-UAV-02,M600,31.2971716,120.5956323,30.5,AVAILABLE,,
245,245,EVTOL-01,EC35,31.2966369,120.6028641,199.9,BUSY,M-P-001,V1
245,245,L-UAV-01,AMZN,31.3036649,120.5997414,100.0,BUSY,M-L-001,V2
245,245,M-UAV-01,M600,31.3108767,120.6039862,30.5,AVAILABLE,,
245,245,M-UAV-02,M600,31.2971716,120.5956323,30.5,AVAILABLE,,
246,246,EVTOL-01,EC35,31.2969764,120.6030150,199.9,BUSY,M-P-001,V1
246,246,L-UAV-01,AMZN,31.3035457,120.5996659,100.0,BUSY,M-L-001,V2
246,246,M-UAV-01,M600,31.3108767,120.6039862,30.5,AVAILABLE,,
246,246,M-UAV-02,M600,31.2971716,120.5956323,30.5,AVAILABLE,,
247,247,EVTOL-01,EC35,31.2973283,120.6031201,199.9,BUSY,M-P-001,V1
247,247,L-UAV-01,AMZN,31.3034265,120.5995905,100.0,BUSY,M-L-001,V2
247,247,M-UAV-01,M600,31.3108767,120.6039862,30.5,AVAILABLE,,
247,247,M-UAV-02,M600,31.2971716,120.5956323,30.5,AVAILABLE,,
248,248,EVTOL-01,EC35,31.2976881,120.6031779,199.9,BUSY,M-P-001,V1
248,248,L-UAV-01,AMZN,31.3033072,120.5995150,100.0,BUSY,M-L-001,V2
248,248,M-UAV-01,M600,31.3108767,120.6039862,30.5,AVAILABLE,,
248,248,M-UAV-02,M600,31.2971716,120.5956323,30.5,AVAILABLE,,
249,249,EVTOL-01,EC35,31.2980508,120.6032001,199.9,BUSY,M-P-001,V1
249,249,L-UAV-01,AMZN,31.3031880,120.5994396,100.0,BUSY,M-L-001,V2
249,249,M-UAV-01,M600,31.3108767,120.6039862,30.5,AVAILABLE,,
249,249,M-UAV-02,M600,31.2971716,120.5956323,30.5,AVAILABLE,,
250,250,EVTOL-01,EC35,31.2984135,120.6032223,199.9,BUSY,M-P-001,V1
250,250,L-UAV-01,AMZN,31.3030688,120.5993641,100.0,BUSY,M-L-001,V2
250,250,M-UAV-01,M600,31.3108767,120.6039862,30.5,AVAILABLE,,
250,250,M-UAV-02,M600,31.2971716,120.5956323,30.5,AVAILABLE,,
251,251,EVTOL-01,EC35,31.2987762,120.6032446,199.9,BUSY,M-P-001,V1
251,251,L-UAV-01,AMZN,31.3029495,120.5992887,100.0,BUSY,M-L-001,V2
251,251,M-UAV-01,M600,31.3108767,120.6039862,30.5,AVAILABLE,,
251,251,M-UAV-02,M600,31.2971716,120.5956323,30.5,AVAILABLE,,
252,252,EVTOL-01,EC35,31.2991389,120.6032668,199.9,BUSY,M-P-001,V1
252,252,L-UAV-01,AMZN,31.3028303,120.5992132,100.0,BUSY,M-L-001,V2
252,252,M-UAV-01,M600,31.3108767,120.6039862,30.5,AVAILABLE,,
252,252,M-UAV-02,M600,31.2971716,120.5956323,30.5,AVAILABLE,,
253,253,EVTOL-01,EC35,31.2995016,120.6032890,199.9,BUSY,M-P-001,V1
253,253,L-UAV-01,AMZN,31.3027111,120.5991378,100.0,BUSY,M-L-001,V2
253,253,M-UAV-01,M600,31.3108767,120.6039862,30.5,AVAILABLE,,
253,253,M-UAV-02,M600,31.2971716,120.5956323,30.5,AVAILABLE,,
254,254,EVTOL-01,EC35,31.2998643,120.6033112,199.9,BUSY,M-P-001,V1
254,254,L-UAV-01,AMZN,31.3025918,120.5990623,100.0,BUSY,M-L-001,V2
254,254,M-UAV-01,M600,31.3108767,120.6039862,30.5,AVAILABLE,,
254,254,M-UAV-02,M600,31.2971716,120.5956323,30.5,AVAILABLE,,
255,255,EVTOL-01,EC35,31.3002270,120.6033335,199.9,BUSY,M-P-001,V1
255,255,L-UAV-01,AMZN,31.3024726,120.5989868,100.0,BUSY,M-L-001,V2
255,255,M-UAV-01,M600,31.3108767,120.6039862,30.5,AVAILABLE,,
255,255,M-UAV-02,M600,31.2971716,120.5956323,30.5,AVAILABLE,,
256,256,EVTOL-01,EC35,31.3005897,120.6033557,199.9,BUSY,M-P-001,V1
256,256,L-UAV-01,AMZN,31.3023534,120.5989114,100.0,BUSY,M-L-001,V2
256,256,M-UAV-01,M600,31.3108767,120.6039862,30.5,AVAILABLE,,
256,256,M-UAV-02,M600,31.2971716,120.5956323,30.5,AVAILABLE,,
257,257,EVTOL-01,EC35,31.3009524,120.6033779,199.9,BUSY,M-P-001,V1
257,257,L-UAV-01,AMZN,31.3022342,120.5988359,100.0,BUSY,M-L-001,V2
257,257,M-UAV-01,M600,31.3108767,120.6039862,30.5,AVAILABLE,,
257,257,M-UAV-02,M600,31.2971716,120.5956323,30.5,AVAILABLE,,
258,258,EVTOL-01,EC35,31.3013151,120.6034001,199.9,BUSY,M-P-001,V1
258,258,L-UAV-01,AMZN,31.3021149,120.5987605,100.0,BUSY,M-L-001,V2
258,258,M-UAV-01,M600,31.3108767,120.6039862,30.5,AVAILABLE,,
258,258,M-UAV-02,M600,31.2971716,120.5956323,30.5,AVAILABLE,,
259,259,EVTOL-01,EC35,31.3016778,120.6034224,199.9,BUSY,M-P-001,V1
259,259,L-UAV-01,AMZN,31.3019957,120.5986850,100.0,BUSY,M-L-001,V2
259,259,M-UAV-01,M600,31.3108767,120.6039862,30.5,AVAILABLE,,
259,259,M-UAV-02,M600,31.2971716,120.5956323,30.5,AVAILABLE,,
260,260,EVTOL-01,EC35,31.3020405,120.6034446,199.9,BUSY,M-P-001,V1
260,260,L-UAV-01,AMZN,31.3018765,120.5986096,100.0,BUSY,M-L-001,V2
260,260,M-UAV-01,M600,31.3108767,120.6039862,30.5,AVAILABLE,,
260,260,M-UAV-02,M600,31.2971716,120.5956323,30.5,AVAILABLE,,
261,261,EVTOL-01,EC35,31.3024032,120.6034668,199.9,BUSY,M-P-001,V1
261,261,L-UAV-01,AMZN,31.3017572,120.5985341,100.0,BUSY,M-L-001,V2
261,261,M-UAV-01,M600,31.3108767,120.6039862,30.5,AVAILABLE,,
261,261,M-UAV-02,M600,31.2971716,120.5956323,30.5,AVAILABLE,,
262,262,EVTOL-01,EC35,31.3027658,120.6034890,199.9,BUSY,M-P-001,V1
262,262,L-UAV-01,AMZN,31.3016380,120.5984587,100.0,BUSY,M-L-001,V2
262,262,M-UAV-01,M600,31.3108767,120.6039862,30.5,AVAILABLE,,
262,262,M-UAV-02,M600,31.2971716,120.5956323,30.5,AVAILABLE,,
263,263,EVTOL-01,EC35,31.3031285,120.6035113,199.9,BUSY,M-P-001,V1
263,263,L-UAV-01,AMZN,31.3015188,120.5983832,100.0,BUSY,M-L-001,V2
263,263,M-UAV-01,M600,31.3108767,120.6039862,30.5,AVAILABLE,,
263,263,M-UAV-02,M600,31.2971716,120.5956323,30.5,AVAILABLE,,
264,264,EVTOL-01,EC35,31.3034912,120.6035335,199.9,BUSY,M-P-001,V1
264,264,L-UAV-01,AMZN,31.3013995,120.5983077,100.0,BUSY,M-L-001,V2
264,264,M-UAV-01,M600,31.3108767,120.6039862,30.5,AVAILABLE,,
264,264,M-UAV-02,M600,31.2971716,120.5956323,30.5,AVAILABLE,,
265,265,EVTOL-01,EC35,31.3038539,120.6035557,199.9,BUSY,M-P-001,V1
265,265,L-UAV-01,AMZN,31.3012803,120.5982323,100.0,BUSY,M-L-001,V2
265,265,M-UAV-01,M600,31.3108767,120.6039862,30.5,AVAILABLE,,
265,265,M-UAV-02,M600,31.2971716,120.5956323,30.5,AVAILABLE,,
266,266,EVTOL-01,EC35,31.3042166,120.6035780,199.9,BUSY,M-P-001,V1
266,266,L-UAV-01,AMZN,31.3011611,120.5981568,100.0,BUSY,M-L-001,V2
266,266,M-UAV-01,M600,31.3108767,120.6039862,30.5,AVAILABLE,,
266,266,M-UAV-02,M600,31.2971716,120.5956323,30.5,AVAILABLE,,
267,267,EVTOL-01,EC35,31.3045793,120.6036002,199.9,BUSY,M-P-001,V1
267,267,L-UAV-01,AMZN,31.3010418,120.5980814,100.0,BUSY,M-L-001,V2
267,267,M-UAV-01,M600,31.3108767,120.6039862,30.5,AVAILABLE,,
267,267,M-UAV-02,M600,31.2971716,120.5956323,30.5,AVAILABLE,,
268,268,EVTOL-01,EC35,31.3049420,120.6036224,199.9,BUSY,M-P-001,V1
268,268,L-UAV-01,AMZN,31.3009226,120.5980059,100.0,BUSY,M-L-001,V2
268,268,M-UAV-01,M600,31.3108767,120.6039862,30.5,AVAILABLE,,
268,268,M-UAV-02,M600,31.2971716,120.5956323,30.5,AVAILABLE,,
269,269,EVTOL-01,EC35,31.3053047,120.6036446,199.9,BUSY,M-P-001,V1
269,269,L-UAV-01,AMZN,31.3008034,120.5979305,100.0,BUSY,M-L-001,V2
269,269,M-UAV-01,M600,31.3108767,120.6039862,30.5,AVAILABLE,,
269,269,M-UAV-02,M600,31.2971716,120.5956323,30.5,AVAILABLE,,
270,270,EVTOL-01,EC35,31.3056674,120.6036669,199.9,BUSY,M-P-001,V1
270,270,L-UAV-01,AMZN,31.3006841,120.5978550,100.0,BUSY,M-L-001,V2
270,270,M-UAV-01,M600,31.3108767,120.6039862,30.5,AVAILABLE,,
270,270,M-UAV-02,M600,31.2971716,120.5956323,30.5,AVAILABLE,,
271,271,EVTOL-01,EC35,31.3060301,120.6036891,199.9,BUSY,M-P-001,V1
271,271,L-UAV-01,AMZN,31.3005649,120.5977796,100.0,BUSY,M-L-001,V2
271,271,M-UAV-01,M600,31.3108767,120.6039862,30.5,AVAILABLE,,
271,271,M-UAV-02,M600,31.2971716,120.5956323,30.5,AVAILABLE,,
272,272,EVTOL-01,EC35,31.3063928,120.6037113,199.9,BUSY,M-P-001,V1
272,272,L-UAV-01,AMZN,31.3004457,120.5977041,100.0,BUSY,M-L-001,V2
272,272,M-UAV-01,M600,31.3108767,120.6039862,30.5,AVAILABLE,,
272,272,M-UAV-02,M600,31.2971716,120.5956323,30.5,AVAILABLE,,
273,273,EVTOL-01,EC35,31.3067555,120.6037336,199.9,BUSY,M-P-001,V1
273,273,L-UAV-01,AMZN,31.3003264,120.5976287,100.0,BUSY,M-L-001,V2
273,273,M-UAV-01,M600,31.3108767,120.6039862,30.5,AVAILABLE,,
273,273,M-UAV-02,M600,31.2971716,120.5956323,30.5,AVAILABLE,,
274,274,EVTOL-01,EC35,31.3071182,120.6037558,199.9,BUSY,M-P-001,V1
274,274,L-UAV-01,AMZN,31.3002072,120.5975532,100.0,BUSY,M-L-001,V2
274,274,M-UAV-01,M600,31.3108767,120.6039862,30.5,AVAILABLE,,
274,274,M-UAV-02,M600,31.2971716,120.5956323,30.5,AVAILABLE,,
275,275,EVTOL-01,EC35,31.3074809,120.6037780,199.9,BUSY,M-P-001,V1
275,275,L-UAV-01,AMZN,31.3000880,120.5974778,100.0,BUSY,M-L-001,V2
275,275,M-UAV-01,M600,31.3108767,120.6039862,30.5,AVAILABLE,,
275,275,M-UAV-02,M600,31.2971716,120.5956323,30.5,AVAILABLE,,
276,276,EVTOL-01,EC35,31.3078436,120.6038002,199.9,BUSY,M-P-001,V1
276,276,L-UAV-01,AMZN,31.2999687,120.5974023,100.0,BUSY,M-L-001,V2
276,276,M-UAV-01,M600,31.3108767,120.6039862,30.5,AVAILABLE,,
276,276,M-UAV-02,M600,31.2971716,120.5956323,30.5,AVAILABLE,,
277,277,EVTOL-01,EC35,31.3082062,120.6038225,199.9,BUSY,M-P-001,V1
277,277,L-UAV-01,AMZN,31.2998495,120.5973269,100.0,BUSY,M-L-001,V2
277,277,M-UAV-01,M600,31.3108767,120.6039862,30.5,AVAILABLE,,
277,277,M-UAV-02,M600,31.2971716,120.5956323,30.5,AVAILABLE,,
278,278,EVTOL-01,EC35,31.3085689,120.6038447,199.9,BUSY,M-P-001,V1
278,278,L-UAV-01,AMZN,31.2997303,120.5972514,100.0,BUSY,M-L-001,V2
278,278,M-UAV-01,M600,31.3108767,120.6039862,30.5,AVAILABLE,,
278,278,M-UAV-02,M600,31.2971716,120.5956323,30.5,AVAILABLE,,
279,279,EVTOL-01,EC35,31.3089316,120.6038669,199.9,BUSY,M-P-001,V1
279,279,L-UAV-01,AMZN,31.2996110,120.5971760,100.0,BUSY,M-L-001,V2
279,279,M-UAV-01,M600,31.3108767,120.6039862,30.5,AVAILABLE,,
279,279,M-UAV-02,M600,31.2971716,120.5956323,30.5,AVAILABLE,,
280,280,EVTOL-01,EC35,31.3092943,120.6038892,199.9,BUSY,M-P-001,V1
280,280,L-UAV-01,AMZN,31.2994918,120.5971005,100.0,BUSY,M-L-001,V2
280,280,M-UAV-01,M600,31.3108767,120.6039862,30.5,AVAILABLE,,
280,280,M-UAV-02,M600,31.2971716,120.5956323,30.5,AVAILABLE,,
281,281,EVTOL-01,EC35,31.3096570,120.6039114,199.9,BUSY,M-P-001,V1
281,281,L-UAV-01,AMZN,31.2993726,120.5970251,100.0,BUSY,M-L-001,V2
281,281,M-UAV-01,M600,31.3108767,120.6039862,30.5,AVAILABLE,,
281,281,M-UAV-02,M600,31.2971716,120.5956323,30.5,AVAILABLE,,
282,282,EVTOL-01,EC35,31.3100197,120.6039336,199.9,BUSY,M-P-001,V2
282,282,L-UAV-01,AMZN,31.2992533,120.5969496,100.0,BUSY,M-L-001,V2
282,282,M-UAV-01,M600,31.3108767,120.6039862,30.5,AVAILABLE,,
282,282,M-UAV-02,M600,31.2971716,120.5956323,30.5,AVAILABLE,,
283,283,EVTOL-01,EC35,31.3103822,120.6039077,199.9,BUSY,M-P-001,V2
283,283,L-UAV-01,AMZN,31.2991341,120.5968742,100.0,BUSY,M-L-001,V2
283,283,M-UAV-01,M600,31.3108767,120.6039862,30.5,AVAILABLE,,
283,283,M-UAV-02,M600,31.2971716,120.5956323,30.5,AVAILABLE,,
284,284,EVTOL-01,EC35,31.3107399,120.6038341,199.9,BUSY,M-P-001,V2
284,284,L-UAV-01,AMZN,31.2990148,120.5967987,100.0,BUSY,M-L-001,V2
284,284,M-UAV-01,M600,31.3108767,120.6039862,30.5,AVAILABLE,,
284,284,M-UAV-02,M600,31.2971716,120.5956323,30.5,AVAILABLE,,
285,285,EVTOL-01,EC35,31.3110882,120.6037136,199.9,BUSY,M-P-001,V2
285,285,L-UAV-01,AMZN,31.2988956,120.5967233,100.0,BUSY,M-L-001,V2
285,285,M-UAV-01,M600,31.3108767,120.6039862,30.5,AVAILABLE,,
285,285,M-UAV-02,M600,31.2971716,120.5956323,30.5,AVAILABLE,,
286,286,EVTOL-01,EC35,31.3114227,120.6035478,199.9,BUSY,M-P-001,V2
286,286,L-UAV-01,AMZN,31.2987764,120.5966478,100.0,BUSY,M-L-001,V2
286,286,M-UAV-01,M600,31.3108767,120.6039862,30.5,AVAILABLE,,
286,286,M-UAV-02,M600,31.2971716,120.5956323,30.5,AVAILABLE,,
287,287,EVTOL-01,EC35,31.3117389,120.6033389,199.9,BUSY,M-P-001,V2
287,287,L-UAV-01,AMZN,31.2986571,120.5965724,100.0,BUSY,M-L-001,V2
287,287,M-UAV-01,M600,31.3108767,120.6039862,30.5,AVAILABLE,,
287,287,M-UAV-02,M600,31.2971716,120.5956323,30.5,AVAILABLE,,
288,288,EVTOL-01,EC35,31.3120330,120.6030894,199.9,BUSY,M-P-001,V2
288,288,L-UAV-01,AMZN,31.2985379,120.5964969,100.0,BUSY,M-L-001,V2
288,288,M-UAV-01,M600,31.3108767,120.6039862,30.5,AVAILABLE,,
288,288,M-UAV-02,M600,31.2971716,120.5956323,30.5,AVAILABLE,,
289,289,EVTOL-01,EC35,31.3123012,120.6028027,199.9,BUSY,M-P-001,V2
289,289,L-UAV-01,AMZN,31.2984187,120.5964215,100.0,BUSY,M-L-001,V2
289,289,M-UAV-01,M600,31.3108767,120.6039862,30.5,AVAILABLE,,
289,289,M-UAV-02,M600,31.2971716,120.5956323,30.5,AVAILABLE,,
290,290,EVTOL-01,EC35,31.3125399,120.6024823,199.9,BUSY,M-P-001,V2
290,290,L-UAV-01,AMZN,31.2982994,120.5963460,100.0,BUSY,M-L-001,V2
290,290,M-UAV-01,M600,31.3108767,120.6039862,30.5,AVAILABLE,,
290,290,M-UAV-02,M600,31.2971716,120.5956323,30.5,AVAILABLE,,
291,291,EVTOL-01,EC35,31.3127462,120.6021324,199.9,BUSY,M-P-001,V2
291,291,L-UAV-01,AMZN,31.2981802,120.5962706,100.0,BUSY,M-L-001,V2
291,291,M-UAV-01,M600,31.3108767,120.6039862,30.5,AVAILABLE,,
291,291,M-UAV-02,M600,31.2971716,120.5956323,30.5,AVAILABLE,,
292,292,EVTOL-01,EC35,31.3129173,120.6017575,199.9,BUSY,M-P-001,V2
292,292,L-UAV-01,AMZN,31.2980610,120.5961951,100.0,BUSY,M-L-001,V2
292,292,M-UAV-01,M600,31.3108767,120.6039862,30.5,AVAILABLE,,
292,292,M-UAV-02,M600,31.2971716,120.5956323,30.5,AVAILABLE,,
293,293,EVTOL-01,EC35,31.3130512,120.6013623,199.9,BUSY,M-P-001,V2
293,293,L-UAV-01,AMZN,31.2979417,120.5961197,100.0,BUSY,M-L-001,V3
293,293,M-UAV-01,M600,31.3108767,120.6039862,30.5,AVAILABLE,,
293,293,M-UAV-02,M600,31.2971716,120.5956323,30.5,AVAILABLE,,
294,294,EVTOL-01,EC35,31.3131461,120.6009520,199.9,BUSY,M-P-001,V2
294,294,L-UAV-01,AMZN,31.2978087,120.5960894,100.0,BUSY,M-L-001,V3
294,294,M-UAV-01,M600,31.3108767,120.6039862,30.5,AVAILABLE,,
294,294,M-UAV-02,M600,31.2971716,120.5956323,30.5,AVAILABLE,,
295,295,EVTOL-01,EC35,31.3132008,120.6005317,199.9,BUSY,M-P-001,V2
295,295,L-UAV-01,AMZN,31.2976740,120.5961070,100.0,BUSY,M-L-001,V3
295,295,M-UAV-01,M600,31.3108767,120.6039862,30.5,AVAILABLE,,
295,295,M-UAV-02,M600,31.2971716,120.5956323,30.5,AVAILABLE,,
296,296,EVTOL-01,EC35,31.3132145,120.6001069,199.9,BUSY,M-P-001,V2
296,296,L-UAV-01,AMZN,31.2975499,120.5961708,100.0,BUSY,M-L-001,V3
296,296,M-UAV-01,M600,31.3108767,120.6039862,30.5,AVAILABLE,,
296,296,M-UAV-02,M600,31.2971716,120.5956323,30.5,AVAILABLE,,
297,297,EVTOL-01,EC35,31.3131872,120.5996830,199.9,BUSY,M-P-001,V2
297,297,L-UAV-01,AMZN,31.2974478,120.5962752,100.0,BUSY,M-L-001,V3
297,297,M-UAV-01,M600,31.3108767,120.6039862,30.5,AVAILABLE,,
297,297,M-UAV-02,M600,31.2971716,120.5956323,30.5,AVAILABLE,,
298,298,EVTOL-01,EC35,31.3131191,120.5992654,199.9,BUSY,M-P-001,V2
298,298,L-UAV-01,AMZN,31.2973770,120.5964105,100.0,BUSY,M-L-001,V3
298,298,M-UAV-01,M600,31.3108767,120.6039862,30.5,AVAILABLE,,
298,298,M-UAV-02,M600,31.2971716,120.5956323,30.5,AVAILABLE,,
299,299,EVTOL-01,EC35,31.3130111,120.5988595,199.9,BUSY,M-P-001,V2
299,299,L-UAV-01,AMZN,31.2973440,120.5965643,100.0,BUSY,M-L-001,V3
299,299,M-UAV-01,M600,31.3108767,120.6039862,30.5,AVAILABLE,,
299,299,M-UAV-02,M600,31.2971716,120.5956323,30.5,AVAILABLE,,
300,300,EVTOL-01,EC35,31.3128646,120.5984705,199.9,BUSY,M-P-001,V2
300,300,L-UAV-01,AMZN,31.2973518,120.5967227,100.0,BUSY,M-L-001,V3
300,300,M-UAV-01,M600,31.3108767,120.6039862,30.5,AVAILABLE,,
300,300,M-UAV-02,M600,31.2971716,120.5956323,30.5,AVAILABLE,,
301,301,EVTOL-01,EC35,31.3126816,120.5981033,199.9,BUSY,M-P-001,V2
301,301,L-UAV-01,AMZN,31.2973996,120.5968711,100.0,BUSY,M-L-001,V3
301,301,M-UAV-01,M600,31.3108767,120.6039862,30.5,AVAILABLE,,
301,301,M-UAV-02,M600,31.2971716,120.5956323,30.5,AVAILABLE,,
302,302,EVTOL-01,EC35,31.3124642,120.5977628,199.9,BUSY,M-P-001,V2
302,302,L-UAV-01,AMZN,31.2974832,120.5969960,100.0,BUSY,M-L-001,V3
302,302,M-UAV-01,M600,31.3108767,120.6039862,30.5,AVAILABLE,,
302,302,M-UAV-02,M600,31.2971716,120.5956323,30.5,AVAILABLE,,
303,303,EVTOL-01,EC35,31.3122154,120.5974531,199.9,BUSY,M-P-001,V2
303,303,L-UAV-01,AMZN,31.2975948,120.5970860,100.0,BUSY,M-L-001,V3
303,303,M-UAV-01,M600,31.3108767,120.6039862,30.5,AVAILABLE,,
303,303,M-UAV-02,M600,31.2971716,120.5956323,30.5,AVAILABLE,,
304,304,EVTOL-01,EC35,31.3119383,120.5971783,199.9,BUSY,M-P-001,V2
304,304,L-UAV-01,AMZN,31.2977140,120.5971615,100.0,BUSY,M-L-001,V3
304,304,M-UAV-01,M600,31.3108767,120.6039862,30.5,AVAILABLE,,
304,304,M-UAV-02,M600,31.2971716,120.5956323,30.5,AVAILABLE,,
305,305,EVTOL-01,EC35,31.3116364,120.5969420,199.9,BUSY,M-P-001,V2
305,305,L-UAV-01,AMZN,31.2978333,120.5972369,100.0,BUSY,M-L-001,V3
305,305,M-UAV-01,M600,31.3108767,120.6039862,30.5,AVAILABLE,,
305,305,M-UAV-02,M600,31.2971716,120.5956323,30.5,AVAILABLE,,
306,306,EVTOL-01,EC35,31.3113136,120.5967471,199.9,BUSY,M-P-001,V2
306,306,L-UAV-01,AMZN,31.2979525,120.5973124,100.0,BUSY,M-L-001,V3
306,306,M-UAV-01,M600,31.3108767,120.6039862,30.5,AVAILABLE,,
306,306,M-UAV-02,M600,31.2971716,120.5956323,30.5,AVAILABLE,,
307,307,EVTOL-01,EC35,31.3109741,120.5965961,199.9,BUSY,M-P-001,V2
307,307,L-UAV-01,AMZN,31.2980717,120.5973879,100.0,BUSY,M-L-001,V3
307,307,M-UAV-01,M600,31.3108767,120.6039862,30.5,AVAILABLE,,
307,307,M-UAV-02,M600,31.2971716,120.5956323,30.5,AVAILABLE,,
308,308,EVTOL-01,EC35,31.3106222,120.5964910,199.9,BUSY,M-P-001,V2
308,308,L-UAV-01,AMZN,31.2981910,120.5974633,100.0,BUSY,M-L-001,V3
308,308,M-UAV-01,M600,31.3108767,120.6039862,30.5,AVAILABLE,,
308,308,M-UAV-02,M600,31.2971716,120.5956323,30.5,AVAILABLE,,
309,309,EVTOL-01,EC35,31.3102624,120.5964331,199.9,BUSY,M-P-001,V2
309,309,L-UAV-01,AMZN,31.2983102,120.5975388,100.0,BUSY,M-L-001,V3
309,309,M-UAV-01,M600,31.3108767,120.6039862,30.5,AVAILABLE,,
309,309,M-UAV-02,M600,31.2971716,120.5956323,30.5,AVAILABLE,,
310,310,EVTOL-01,EC35,31.3098997,120.5964109,199.9,BUSY,M-P-001,V2
310,310,L-UAV-01,AMZN,31.2984294,120.5976142,100.0,BUSY,M-L-001,V3
310,310,M-UAV-01,M600,31.3108767,120.6039862,30.5,AVAILABLE,,
310,310,M-UAV-02,M600,31.2971716,120.5956323,30.5,AVAILABLE,,
311,311,EVTOL-01,EC35,31.3095370,120.5963887,199.9,BUSY,M-P-001,V2
311,311,L-UAV-01,AMZN,31.2985486,120.5976897,100.0,BUSY,M-L-001,V3
311,311,M-UAV-01,M600,31.3108767,120.6039862,30.5,AVAILABLE,,
311,311,M-UAV-02,M600,31.2971716,120.5956323,30.5,AVAILABLE,,
312,312,EVTOL-01,EC35,31.3091743,120.5963665,199.9,BUSY,M-P-001,V2
312,312,L-UAV-01,AMZN,31.2986679,120.5977652,100.0,BUSY,M-L-001,V3
312,312,M-UAV-01,M600,31.3108767,120.6039862,30.5,AVAILABLE,,
312,312,M-UAV-02,M600,31.2971716,120.5956323,30.5,AVAILABLE,,
313,313,EVTOL-01,EC35,31.3088116,120.5963443,199.9,BUSY,M-P-001,V2
313,313,L-UAV-01,AMZN,31.2987871,120.5978406,100.0,BUSY,M-L-001,V3
313,313,M-UAV-01,M600,31.3108767,120.6039862,30.5,AVAILABLE,,
313,313,M-UAV-02,M600,31.2971716,120.5956323,30.5,AVAILABLE,,
314,314,EVTOL-01,EC35,31.3084489,120.5963221,199.9,BUSY,M-P-001,V2
314,314,L-UAV-01,AMZN,31.2989063,120.5979161,100.0,BUSY,M-L-001,V3
314,314,M-UAV-01,M600,31.3108767,120.6039862,30.5,AVAILABLE,,
314,314,M-UAV-02,M600,31.2971716,120.5956323,30.5,AVAILABLE,,
315,315,EVTOL-01,EC35,31.3080862,120.5963000,199.9,BUSY,M-P-001,V2
315,315,L-UAV-01,AMZN,31.2990256,120.5979915,100.0,BUSY,M-L-001,V3
315,315,M-UAV-01,M600,31.3108767,120.6039862,30.5,AVAILABLE,,
315,315,M-UAV-02,M600,31.2971716,120.5956323,30.5,AVAILABLE,,
316,316,EVTOL-01,EC35,31.3077235,120.5962778,199.9,BUSY,M-P-001,V2
316,316,L-UAV-01,AMZN,31.2991448,120.5980670,100.0,BUSY,M-L-001,V3
316,316,M-UAV-01,M600,31.3108767,120.6039862,30.5,AVAILABLE,,
316,316,M-UAV-02,M600,31.2971716,120.5956323,30.5,AVAILABLE,,
317,317,EVTOL-01,EC35,31.3073608,120.5962556,199.9,BUSY,M-P-001,V2
317,317,L-UAV-01,AMZN,31.2992640,120.5981425,100.0,BUSY,M-L-001,V3
317,317,M-UAV-01,M600,31.3108767,120.6039862,30.5,AVAILABLE,,
317,317,M-UAV-02,M600,31.2971716,120.5956323,30.5,AVAILABLE,,
318,318,EVTOL-01,EC35,31.3069981,120.5962334,199.9,BUSY,M-P-001,V2
318,318,L-UAV-01,AMZN,31.2993833,120.5982179,100.0,BUSY,M-L-001,V3
318,318,M-UAV-01,M600,31.3108767,120.6039862,30.5,AVAILABLE,,
318,318,M-UAV-02,M600,31.2971716,120.5956323,30.5,AVAILABLE,,
319,319,EVTOL-01,EC35,31.3066354,120.5962112,199.9,BUSY,M-P-001,V2
319,319,L-UAV-01,AMZN,31.2995025,120.5982934,100.0,BUSY,M-L-001,V3
319,319,M-UAV-01,M600,31.3108767,120.6039862,30.5,AVAILABLE,,
319,319,M-UAV-02,M600,31.2971716,120.5956323,30.5,AVAILABLE,,
320,320,EVTOL-01,EC35,31.3062727,120.5961890,199.9,BUSY,M-P-001,V2
320,320,L-UAV-01,AMZN,31.2996217,120.5983688,100.0,BUSY,M-L-001,V3
320,320,M-UAV-01,M600,31.3108767,120.6039862,30.5,AVAILABLE,,
320,320,M-UAV-02,M600,31.2971716,120.5956323,30.5,AVAILABLE,,
321,321,EVTOL-01,EC35,31.3059100,120.5961668,199.9,BUSY,M-P-001,V2
321,321,L-UAV-01,AMZN,31.2997409,120.5984443,100.0,BUSY,M-L-001,V3
321,321,M-UAV-01,M600,31.3108767,120.6039862,30.5,AVAILABLE,,
321,321,M-UAV-02,M600,31.2971716,120.5956323,30.5,AVAILABLE,,
322,322,EVTOL-01,EC35,31.3055473,120.5961446,199.9,BUSY,M-P-001,V2
322,322,L-UAV-01,AMZN,31.2998602,120.5985198,100.0,BUSY,M-L-001,V3
322,322,M-UAV-01,M600,31.3108767,120.6039862,30.5,AVAILABLE,,
322,322,M-UAV-02,M600,31.2971716,120.5956323,30.5,AVAILABLE,,
323,323,EVTOL-01,EC35,31.3051846,120.5961225,199.9,BUSY,M-P-001,V2
323,323,L-UAV-01,AMZN,31.2999794,120.5985952,100.0,BUSY,M-L-001,V3
323,323,M-UAV-01,M600,31.3108767,120.6039862,30.5,AVAILABLE,,
323,323,M-UAV-02,M600,31.2971716,120.5956323,30.5,AVAILABLE,,
324,324,EVTOL-01,EC35,31.3048219,120.5961003,199.9,BUSY,M-P-001,V2
324,324,L-UAV-01,AMZN,31.3000986,120.5986707,100.0,BUSY,M-L-001,V3
324,324,M-UAV-01,M600,31.3108767,120.6039862,30.5,AVAILABLE,,
324,324,M-UAV-02,M600,31.2971716,120.5956323,30.5,AVAILABLE,,
325,325,EVTOL-01,EC35,31.3044592,120.5960781,199.9,BUSY,M-P-001,V2
325,325,L-UAV-01,AMZN,31.3002179,120.5987461,100.0,BUSY,M-L-001,V3
325,325,M-UAV-01,M600,31.3108767,120.6039862,30.5,AVAILABLE,,
325,325,M-UAV-02,M600,31.2971716,120.5956323,30.5,AVAILABLE,,
326,326,EVTOL-01,EC35,31.3040966,120.5960559,199.9,BUSY,M-P-001,V2
326,326,L-UAV-01,AMZN,31.3003371,120.5988216,100.0,BUSY,M-L-001,V3
326,326,M-UAV-01,M600,31.3108767,120.6039862,30.5,AVAILABLE,,
326,326,M-UAV-02,M600,31.2971716,120.5956323,30.5,AVAILABLE,,
327,327,EVTOL-01,EC35,31.3037339,120.5960337,199.9,BUSY,M-P-001,V2
327,327,L-UAV-01,AMZN,31.3004563,120.5988971,100.0,BUSY,M-L-001,V3
327,327,M-UAV-01,M600,31.3108767,120.6039862,30.5,AVAILABLE,,
327,327,M-UAV-02,M600,31.2971716,120.5956323,30.5,AVAILABLE,,
328,328,EVTOL-01,EC35,31.3033712,120.5960115,199.9,BUSY,M-P-001,V2
328,328,L-UAV-01,AMZN,31.3005755,120.5989725,100.0,BUSY,M-L-001,V3
328,328,M-UAV-01,M600,31.3108767,120.6039862,30.5,AVAILABLE,,
328,328,M-UAV-02,M600,31.2971716,120.5956323,30.5,AVAILABLE,,
329,329,EVTOL-01,EC35,31.3030085,120.5959893,199.9,BUSY,M-P-001,V2
329,329,L-UAV-01,AMZN,31.3006948,120.5990480,100.0,BUSY,M-L-001,V3
329,329,M-UAV-01,M600,31.3108767,120.6039862,30.5,AVAILABLE,,
329,329,M-UAV-02,M600,31.2971716,120.5956323,30.5,AVAILABLE,,
330,330,EVTOL-01,EC35,31.3026458,120.5959672,199.9,BUSY,M-P-001,V2
330,330,L-UAV-01,AMZN,31.3008140,120.5991235,100.0,BUSY,M-L-001,V3
330,330,M-UAV-01,M600,31.3108767,120.6039862,30.5,AVAILABLE,,
330,330,M-UAV-02,M600,31.2971716,120.5956323,30.5,AVAILABLE,,
331,331,EVTOL-01,EC35,31.3022831,120.5959450,199.9,BUSY,M-P-001,V2
331,331,L-UAV-01,AMZN,31.3009332,120.5991989,100.0,BUSY,M-L-001,V3
331,331,M-UAV-01,M600,31.3108767,120.6039862,30.5,AVAILABLE,,
331,331,M-UAV-02,M600,31.2971716,120.5956323,30.5,AVAILABLE,,
332,332,EVTOL-01,EC35,31.3019204,120.5959228,199.9,BUSY,M-P-001,V2
332,332,L-UAV-01,AMZN,31.3010525,120.5992744,100.0,BUSY,M-L-001,V3
332,332,M-UAV-01,M600,31.3108767,120.6039862,30.5,AVAILABLE,,
332,332,M-UAV-02,M600,31.2971716,120.5956323,30.5,AVAILABLE,,
333,333,EVTOL-01,EC35,31.3015577,120.5959006,199.9,BUSY,M-P-001,V2
333,333,L-UAV-01,AMZN,31.3011717,120.5993498,100.0,BUSY,M-L-001,V3
333,333,M-UAV-01,M600,31.3108767,120.6039862,30.5,AVAILABLE,,
333,333,M-UAV-02,M600,31.2971716,120.5956323,30.5,AVAILABLE,,
334,334,EVTOL-01,EC35,31.3011950,120.5958784,199.9,BUSY,M-P-001,V2
334,334,L-UAV-01,AMZN,31.3012909,120.5994253,100.0,BUSY,M-L-001,V3
334,334,M-UAV-01,M600,31.3108767,120.6039862,30.5,AVAILABLE,,
334,334,M-UAV-02,M600,31.2971716,120.5956323,30.5,AVAILABLE,,
335,335,EVTOL-01,EC35,31.3008323,120.5958562,199.9,BUSY,M-P-001,V2
335,335,L-UAV-01,AMZN,31.3014101,120.5995008,100.0,BUSY,M-L-001,V3
335,335,M-UAV-01,M600,31.3108767,120.6039862,30.5,AVAILABLE,,
335,335,M-UAV-02,M600,31.2971716,120.5956323,30.5,AVAILABLE,,
336,336,EVTOL-01,EC35,31.3004696,120.5958340,199.9,BUSY,M-P-001,V2
336,336,L-UAV-01,AMZN,31.3015294,120.5995762,100.0,BUSY,M-L-001,V3
336,336,M-UAV-01,M600,31.3108767,120.6039862,30.5,AVAILABLE,,
336,336,M-UAV-02,M600,31.2971716,120.5956323,30.5,AVAILABLE,,
337,337,EVTOL-01,EC35,31.3001069,120.5958119,199.9,BUSY,M-P-001,V2
337,337,L-UAV-01,AMZN,31.3016486,120.5996517,100.0,BUSY,M-L-001,V3
337,337,M-UAV-01,M600,31.3108767,120.6039862,30.5,AVAILABLE,,
337,337,M-UAV-02,M600,31.2971716,120.5956323,30.5,AVAILABLE,,
338,338,EVTOL-01,EC35,31.2997442,120.5957897,199.9,BUSY,M-P-001,V2
338,338,L-UAV-01,AMZN,31.3017678,120.5997272,100.0,BUSY,M-L-001,V3
338,338,M-UAV-01,M600,31.3108767,120.6039862,30.5,AVAILABLE,,
338,338,M-UAV-02,M600,31.2971716,120.5956323,30.5,AVAILABLE,,
339,339,EVTOL-01,EC35,31.2993815,120.5957675,199.9,BUSY,M-P-001,V2
339,339,L-UAV-01,AMZN,31.3018871,120.5998026,100.0,BUSY,M-L-001,V3
339,339,M-UAV-01,M600,31.3108767,120.6039862,30.5,AVAILABLE,,
339,339,M-UAV-02,M600,31.2971716,120.5956323,30.5,AVAILABLE,,
340,340,EVTOL-01,EC35,31.2990188,120.5957453,199.9,BUSY,M-P-001,V2
340,340,L-UAV-01,AMZN,31.3020063,120.5998781,100.0,BUSY,M-L-001,V3
340,340,M-UAV-01,M600,31.3108767,120.6039862,30.5,AVAILABLE,,
340,340,M-UAV-02,M600,31.2971716,120.5956323,30.5,AVAILABLE,,
341,341,EVTOL-01,EC35,31.2986561,120.5957231,199.9,BUSY,M-P-001,V2
341,341,L-UAV-01,AMZN,31.3021255,120.5999536,100.0,BUSY,M-L-001,V3
341,341,M-UAV-01,M600,31.3108767,120.6039862,30.5,AVAILABLE,,
341,341,M-UAV-02,M600,31.2971716,120.5956323,30.5,AVAILABLE,,
342,342,EVTOL-01,EC35,31.2982934,120.5957009,199.9,BUSY,M-P-001,V2
342,342,L-UAV-01,AMZN,31.3022447,120.6000290,100.0,BUSY,M-L-001,V3
342,342,M-UAV-01,M600,31.3108767,120.6039862,30.5,AVAILABLE,,
342,342,M-UAV-02,M600,31.2971716,120.5956323,30.5,AVAILABLE,,
343,343,EVTOL-01,EC35,31.2979307,120.5956788,199.9,BUSY,M-P-001,V1
343,343,L-UAV-01,AMZN,31.3023640,120.6001045,100.0,BUSY,M-L-001,V3
343,343,M-UAV-01,M600,31.3108767,120.6039862,30.5,AVAILABLE,,
343,343,M-UAV-02,M600,31.2971716,120.5956323,30.5,AVAILABLE,,
344,344,EVTOL-01,EC35,31.2975682,120.5957047,199.9,BUSY,M-P-001,V1
344,344,L-UAV-01,AMZN,31.3024832,120.6001800,100.0,BUSY,M-L-001,V3
344,344,M-UAV-01,M600,31.3108767,120.6039862,30.5,AVAILABLE,,
344,344,M-UAV-02,M600,31.2971716,120.5956323,30.5,AVAILABLE,,
345,345,EVTOL-01,EC35,31.2972105,120.5957784,199.9,BUSY,M-P-001,V1
345,345,L-UAV-01,AMZN,31.3026024,120.6002554,100.0,BUSY,M-L-001,V3
345,345,M-UAV-01,M600,31.3108767,120.6039862,30.5,AVAILABLE,,
345,345,M-UAV-02,M600,31.2971716,120.5956323,30.5,AVAILABLE,,
346,346,EVTOL-01,EC35,31.2968622,120.5958989,199.9,BUSY,M-P-001,V1
346,346,L-UAV-01,AMZN,31.3027217,120.6003309,100.0,BUSY,M-L-001,V3
346,346,M-UAV-01,M600,31.3108767,120.6039862,30.5,AVAILABLE,,
346,346,M-UAV-02,M600,31.2971716,120.5956323,30.5,AVAILABLE,,
347,347,EVTOL-01,EC35,31.2965278,120.5960647,199.9,BUSY,M-P-001,V1
347,347,L-UAV-01,AMZN,31.3028409,120.6004063,100.0,BUSY,M-L-001,V3
347,347,M-UAV-01,M600,31.3108767,120.6039862,30.5,AVAILABLE,,
347,347,M-UAV-02,M600,31.2971716,120.5956323,30.5,AVAILABLE,,
348,348,EVTOL-01,EC35,31.2962116,120.5962736,199.9,BUSY,M-P-001,V1
348,348,L-UAV-01,AMZN,31.3029601,120.6004818,100.0,BUSY,M-L-001,V3
348,348,M-UAV-01,M600,31.3108767,120.6039862,30.5,AVAILABLE,,
348,348,M-UAV-02,M600,31.2971716,120.5956323,30.5,AVAILABLE,,
349,349,EVTOL-01,EC35,31.2959175,120.5965231,199.9,BUSY,M-P-001,V1
349,349,L-UAV-01,AMZN,31.3030793,120.6005573,100.0,BUSY,M-L-001,V3
349,349,M-UAV-01,M600,31.3108767,120.6039862,30.5,AVAILABLE,,
349,349,M-UAV-02,M600,31.2971716,120.5956323,30.5,AVAILABLE,,
350,350,EVTOL-01,EC35,31.2956494,120.5968098,199.9,BUSY,M-P-001,V1
350,350,L-UAV-01,AMZN,31.3031986,120.6006327,100.0,BUSY,M-L-001,V3
350,350,M-UAV-01,M600,31.3108767,120.6039862,30.5,AVAILABLE,,
350,350,M-UAV-02,M600,31.2971716,120.5956323,30.5,AVAILABLE,,
351,351,EVTOL-01,EC35,31.2954107,120.5971301,199.9,BUSY,M-P-001,V1
351,351,L-UAV-01,AMZN,31.3033178,120.6007082,100.0,BUSY,M-L-001,V3
351,351,M-UAV-01,M600,31.3108767,120.6039862,30.5,AVAILABLE,,
351,351,M-UAV-02,M600,31.2971716,120.5956323,30.5,AVAILABLE,,
352,352,EVTOL-01,EC35,31.2952044,120.5974800,199.9,BUSY,M-P-001,V1
352,352,L-UAV-01,AMZN,31.3034370,120.6007837,100.0,BUSY,M-L-001,V3
352,352,M-UAV-01,M600,31.3108767,120.6039862,30.5,AVAILABLE,,
352,352,M-UAV-02,M600,31.2971716,120.5956323,30.5,AVAILABLE,,
353,353,EVTOL-01,EC35,31.2950333,120.5978549,199.9,BUSY,M-P-001,V1
353,353,L-UAV-01,AMZN,31.3035563,120.6008591,100.0,BUSY,M-L-001,V3
353,353,M-UAV-01,M600,31.3108767,120.6039862,30.5,AVAILABLE,,
353,353,M-UAV-02,M600,31.2971716,120.5956323,30.5,AVAILABLE,,
354,354,EVTOL-01,EC35,31.2948994,120.5982500,199.9,BUSY,M-P-001,V1
354,354,L-UAV-01,AMZN,31.3036755,120.6009346,100.0,BUSY,M-L-001,V3
354,354,M-UAV-01,M600,31.3108767,120.6039862,30.5,AVAILABLE,,
354,354,M-UAV-02,M600,31.2971716,120.5956323,30.5,AVAILABLE,,
355,355,EVTOL-01,EC35,31.2948046,120.5986603,199.9,BUSY,M-P-001,V1
355,355,L-UAV-01,AMZN,31.3037947,120.6010101,100.0,BUSY,M-L-001,V3
355,355,M-UAV-01,M600,31.3108767,120.6039862,30.5,AVAILABLE,,
355,355,M-UAV-02,M600,31.2971716,120.5956323,30.5,AVAILABLE,,
356,356,EVTOL-01,EC35,31.2947500,120.5990805,199.9,BUSY,M-P-001,V1
356,356,L-UAV-01,AMZN,31.3039139,120.6010855,100.0,BUSY,M-L-001,V3
356,356,M-UAV-01,M600,31.3108767,120.6039862,30.5,AVAILABLE,,
356,356,M-UAV-02,M600,31.2971716,120.5956323,30.5,AVAILABLE,,
357,357,EVTOL-01,EC35,31.2947363,120.5995052,199.9,BUSY,M-P-001,V1
357,357,L-UAV-01,AMZN,31.3040332,120.6011610,100.0,BUSY,M-L-001,V3
357,357,M-UAV-01,M600,31.3108767,120.6039862,30.5,AVAILABLE,,
357,357,M-UAV-02,M600,31.2971716,120.5956323,30.5,AVAILABLE,,
358,358,EVTOL-01,EC35,31.2947637,120.5999290,199.9,BUSY,M-P-001,V1
358,358,L-UAV-01,AMZN,31.3041524,120.6012365,100.0,BUSY,M-L-001,V3
358,358,M-UAV-01,M600,31.3108767,120.6039862,30.5,AVAILABLE,,
358,358,M-UAV-02,M600,31.2971716,120.5956323,30.5,AVAILABLE,,
359,359,EVTOL-01,EC35,31.2948318,120.6003465,199.9,BUSY,M-P-001,V1
359,359,L-UAV-01,AMZN,31.3042716,120.6013120,100.0,BUSY,M-L-001,V3
359,359,M-UAV-01,M600,31.3108767,120.6039862,30.5,AVAILABLE,,
359,359,M-UAV-02,M600,31.2971716,120.5956323,30.5,AVAILABLE,,
360,360,EVTOL-01,EC35,31.2949398,120.6007523,199.9,BUSY,M-P-001,V1
360,360,L-UAV-01,AMZN,31.3043908,120.6013874,100.0,BUSY,M-L-001,V3
360,360,M-UAV-01,M600,31.3108767,120.6039862,30.5,AVAILABLE,,
360,360,M-UAV-02,M600,31.2971716,120.5956323,30.5,AVAILABLE,,
361,361,EVTOL-01,EC35,31.2950863,120.6011412,199.9,BUSY,M-P-001,V1
361,361,L-UAV-01,AMZN,31.3045101,120.6014629,100.0,BUSY,M-L-001,V3
361,361,M-UAV-01,M600,31.3108767,120.6039862,30.5,AVAILABLE,,
361,361,M-UAV-02,M600,31.2971866,120.5956438,32.0,CONTINGENCY,,V3
362,362,EVTOL-01,EC35,31.2952694,120.6015083,199.9,BUSY,M-P-001,V1
362,362,L-UAV-01,AMZN,31.3046293,120.6015384,100.0,BUSY,M-L-001,V3
362,362,M-UAV-01,M600,31.3108767,120.6039862,30.5,AVAILABLE,,
362,362,M-UAV-02,M600,31.2972168,120.5956667,35.1,CONTINGENCY,,V3
363,363,EVTOL-01,EC35,31.2954868,120.6018488,199.9,BUSY,M-P-001,V1
363,363,L-UAV-01,AMZN,31.3047485,120.6016138,100.0,BUSY,M-L-001,V3
363,363,M-UAV-01,M600,31.3108767,120.6039862,30.5,AVAILABLE,,
363,363,M-UAV-02,M600,31.2972621,120.5957011,39.6,CONTINGENCY,,V3
364,364,EVTOL-01,EC35,31.2957356,120.6021583,199.9,BUSY,M-P-001,V1
364,364,L-UAV-01,AMZN,31.3048678,120.6016893,100.0,BUSY,M-L-001,V3
364,364,M-UAV-01,M600,31.3108767,120.6039862,30.5,AVAILABLE,,
364,364,M-UAV-02,M600,31.2973225,120.5957469,45.7,CONTINGENCY,,V3
365,365,EVTOL-01,EC35,31.2960128,120.6024330,199.9,BUSY,M-P-001,V1
365,365,L-UAV-01,AMZN,31.3049870,120.6017648,100.0,BUSY,M-L-001,V3
365,365,M-UAV-01,M600,31.3108767,120.6039862,30.5,AVAILABLE,,
365,365,M-UAV-02,M600,31.2973979,120.5958042,53.3,CONTINGENCY,,V3
366,366,EVTOL-01,EC35,31.2963147,120.6026693,199.9,BUSY,M-P-001,V1
366,366,L-UAV-01,AMZN,31.3051062,120.6018402,100.0,BUSY,M-L-001,V3
366,366,M-UAV-01,M600,31.3108767,120.6039862,30.5,AVAILABLE,,
366,366,M-UAV-02,M600,31.2974884,120.5958729,61.0,CONTINGENCY,,V3
367,367,EVTOL-01,EC35,31.2966375,120.6028642,199.9,BUSY,M-P-001,V1
367,367,L-UAV-01,AMZN,31.3052254,120.6019157,100.0,BUSY,M-L-001,V3
367,367,M-UAV-01,M600,31.3108767,120.6039862,30.5,AVAILABLE,,
367,367,M-UAV-02,M600,31.2975941,120.5959531,68.6,CONTINGENCY,,V3
368,368,EVTOL-01,EC35,31.2969770,120.6030151,199.9,BUSY,M-P-001,V1
368,368,L-UAV-01,AMZN,31.3053447,120.6019912,100.0,BUSY,M-L-001,V3
368,368,M-UAV-01,M600,31.3108767,120.6039862,30.5,AVAILABLE,,
368,368,M-UAV-02,M600,31.2977076,120.5960393,76.2,CONTINGENCY,,V3
369,369,EVTOL-01,EC35,31.2973289,120.6031201,199.9,BUSY,M-P-001,V1
369,369,L-UAV-01,AMZN,31.3054639,120.6020666,100.0,BUSY,M-L-001,V3
369,369,M-UAV-01,M600,31.3108767,120.6039862,30.5,AVAILABLE,,
369,369,M-UAV-02,M600,31.2978212,120.5961255,83.8,CONTINGENCY,,V3
370,370,EVTOL-01,EC35,31.2976887,120.6031780,199.9,BUSY,M-P-001,V1
370,370,L-UAV-01,AMZN,31.3055831,120.6021421,100.0,BUSY,M-L-001,V3
370,370,M-UAV-01,M600,31.3108767,120.6039862,30.5,AVAILABLE,,
370,370,M-UAV-02,M600,31.2979348,120.5962118,91.4,CONTINGENCY,,V3
371,371,EVTOL-01,EC35,31.2980514,120.6032002,199.9,BUSY,M-P-001,V1
371,371,L-UAV-01,AMZN,31.3057023,120.6022176,100.0,BUSY,M-L-001,V3
371,371,M-UAV-01,M600,31.3108767,120.6039862,30.5,AVAILABLE,,
371,371,M-UAV-02,M600,31.2980485,120.5962981,99.1,CONTINGENCY,,V3
372,372,EVTOL-01,EC35,31.2984141,120.6032224,199.9,BUSY,M-P-001,V1
372,372,L-UAV-01,AMZN,31.3058216,120.6022931,100.0,BUSY,M-L-001,V2
372,372,M-UAV-01,M600,31.3108767,120.6039862,30.5,AVAILABLE,,
372,372,M-UAV-02,M600,31.2981622,120.5963844,100.0,CONTINGENCY,,V3
373,373,EVTOL-01,EC35,31.2987768,120.6032446,199.9,BUSY,M-P-001,V1
373,373,L-UAV-01,AMZN,31.3059546,120.6023234,100.0,BUSY,M-L-001,V2
373,373,M-UAV-01,M600,31.3108767,120.6039862,30.5,AVAILABLE,,
373,373,M-UAV-02,M600,31.2982759,120.5964707,100.0,CONTINGENCY,,V3
374,374,EVTOL-01,EC35,31.2991395,120.6032669,199.9,BUSY,M-P-001,V1
374,374,L-UAV-01,AMZN,31.3060893,120.6023058,100.0,BUSY,M-L-001,V2
374,374,M-UAV-01,M600,31.3108767,120.6039862,30.5,AVAILABLE,,
374,374,M-UAV-02,M600,31.2983896,120.5965571,100.0,CONTINGENCY,,V3
375,375,EVTOL-01,EC35,31.2995022,120.6032891,199.9,BUSY,M-P-001,V1
375,375,L-UAV-01,AMZN,31.3062134,120.6022419,100.0,BUSY,M-L-001,V2
375,375,M-UAV-01,M600,31.3108767,120.6039862,30.5,AVAILABLE,,
375,375,M-UAV-02,M600,31.2985034,120.5966434,100.0,CONTINGENCY,,V3
376,376,EVTOL-01,EC35,31.2998649,120.6033113,199.9,BUSY,M-P-001,V1
376,376,L-UAV-01,AMZN,31.3063155,120.6021376,100.0,BUSY,M-L-001,V2
376,376,M-UAV-01,M600,31.3108767,120.6039862,30.5,AVAILABLE,,
376,376,M-UAV-02,M600,31.2986171,120.5967297,100.0,CONTINGENCY,,V3
377,377,EVTOL-01,EC35,31.3002276,120.6033335,199.9,BUSY,M-P-001,V1
377,377,L-UAV-01,AMZN,31.3063863,120.6020023,100.0,BUSY,M-L-001,V2
377,377,M-UAV-01,M600,31.3108767,120.6039862,30.5,AVAILABLE,,
377,377,M-UAV-02,M600,31.2987308,120.5968160,100.0,CONTINGENCY,,V3
378,378,EVTOL-01,EC35,31.3005903,120.6033558,199.9,BUSY,M-P-001,V1
378,378,L-UAV-01,AMZN,31.3064193,120.6018484,100.0,BUSY,M-L-001,V2
378,378,M-UAV-01,M600,31.3108767,120.6039862,30.5,AVAILABLE,,
378,378,M-UAV-02,M600,31.2988445,120.5969024,100.0,CONTINGENCY,,V3
379,379,EVTOL-01,EC35,31.3009530,120.6033780,199.9,BUSY,M-P-001,V1
379,379,L-UAV-01,AMZN,31.3064116,120.6016900,100.0,BUSY,M-L-001,V2
379,379,M-UAV-01,M600,31.3108767,120.6039862,30.5,AVAILABLE,,
379,379,M-UAV-02,M600,31.2989582,120.5969887,100.0,CONTINGENCY,,V3
380,380,EVTOL-01,EC35,31.3013157,120.6034002,199.9,BUSY,M-P-001,V1
380,380,L-UAV-01,AMZN,31.3063637,120.6015416,100.0,BUSY,M-L-001,V2
380,380,M-UAV-01,M600,31.3108767,120.6039862,30.5,AVAILABLE,,
380,380,M-UAV-02,M600,31.2990719,120.5970750,100.0,CONTINGENCY,,V3
381,381,EVTOL-01,EC35,31.3016784,120.6034224,199.9,BUSY,M-P-001,V1
381,381,L-UAV-01,AMZN,31.3062802,120.6014167,100.0,BUSY,M-L-001,V2
381,381,M-UAV-01,M600,31.3108767,120.6039862,30.5,AVAILABLE,,
381,381,M-UAV-02,M600,31.2991857,120.5971614,100.0,CONTINGENCY,,V3
382,382,EVTOL-01,EC35,31.3020411,120.6034447,199.9,BUSY,M-P-001,V1
382,382,L-UAV-01,AMZN,31.3061686,120.6013267,100.0,BUSY,M-L-001,V2
382,382,M-UAV-01,M600,31.3108767,120.6039862,30.5,AVAILABLE,,
382,382,M-UAV-02,M600,31.2992994,120.5972477,100.0,CONTINGENCY,,V3
383,383,EVTOL-01,EC35,31.3024038,120.6034669,199.9,BUSY,M-P-001,V1
383,383,L-UAV-01,AMZN,31.3060494,120.6012512,100.0,BUSY,M-L-001,V2
383,383,M-UAV-01,M600,31.3108767,120.6039862,30.5,AVAILABLE,,
383,383,M-UAV-02,M600,31.2994131,120.5973340,100.0,CONTINGENCY,,V3
384,384,EVTOL-01,EC35,31.3027664,120.6034891,199.9,BUSY,M-P-001,V1
384,384,L-UAV-01,AMZN,31.3059301,120.6011757,100.0,BUSY,M-L-001,V2
384,384,M-UAV-01,M600,31.3108767,120.6039862,30.5,AVAILABLE,,
384,384,M-UAV-02,M600,31.2995268,120.5974204,100.0,CONTINGENCY,,V3
385,385,EVTOL-01,EC35,31.3031291,120.6035113,199.9,BUSY,M-P-001,V1
385,385,L-UAV-01,AMZN,31.3058109,120.6011002,100.0,BUSY,M-L-001,V2
385,385,M-UAV-01,M600,31.3108767,120.6039862,30.5,AVAILABLE,,
385,385,M-UAV-02,M600,31.2996405,120.5975067,100.0,CONTINGENCY,,V3
386,386,EVTOL-01,EC35,31.3034918,120.6035336,199.9,BUSY,M-P-001,V1
386,386,L-UAV-01,AMZN,31.3056917,120.6010248,100.0,BUSY,M-L-001,V2
386,386,M-UAV-01,M600,31.3108767,120.6039862,30.5,AVAILABLE,,
386,386,M-UAV-02,M600,31.2997542,120.5975930,100.0,CONTINGENCY,,V3
387,387,EVTOL-01,EC35,31.3038545,120.6035558,199.9,BUSY,M-P-001,V1
387,387,L-UAV-01,AMZN,31.3055725,120.6009493,100.0,BUSY,M-L-001,V2
387,387,M-UAV-01,M600,31.3108767,120.6039862,30.5,AVAILABLE,,
387,387,M-UAV-02,M600,31.2998680,120.5976794,100.0,CONTINGENCY,,V3
388,388,EVTOL-01,EC35,31.3042172,120.6035780,199.9,BUSY,M-P-001,V1
388,388,L-UAV-01,AMZN,31.3054532,120.6008738,100.0,BUSY,M-L-001,V2
388,388,M-UAV-01,M600,31.3108767,120.6039862,30.5,AVAILABLE,,
388,388,M-UAV-02,M600,31.2999817,120.5977657,100.0,CONTINGENCY,,V3
389,389,EVTOL-01,EC35,31.3045799,120.6036002,199.9,BUSY,M-P-001,V1
389,389,L-UAV-01,AMZN,31.3053340,120.6007984,100.0,BUSY,M-L-001,V2
389,389,M-UAV-01,M600,31.3108767,120.6039862,30.5,AVAILABLE,,
389,389,M-UAV-02,M600,31.3000954,120.5978520,100.0,CONTINGENCY,,V3
390,390,EVTOL-01,EC35,31.3049426,120.6036225,199.9,BUSY,M-P-001,V1
390,390,L-UAV-01,AMZN,31.3052148,120.6007229,100.0,BUSY,M-L-001,V2
390,390,M-UAV-01,M600,31.3108767,120.6039862,30.5,AVAILABLE,,
390,390,M-UAV-02,M600,31.3002091,120.5979384,100.0,CONTINGENCY,,V3
391,391,EVTOL-01,EC35,31.3053053,120.6036447,199.9,BUSY,M-P-001,V1
391,391,L-UAV-01,AMZN,31.3050955,120.6006474,100.0,BUSY,M-L-001,V2
391,391,M-UAV-01,M600,31.3108767,120.6039862,30.5,AVAILABLE,,
391,391,M-UAV-02,M600,31.3003228,120.5980247,100.0,CONTINGENCY,,V3
392,392,EVTOL-01,EC35,31.3056680,120.6036669,199.9,BUSY,M-P-001,V1
392,392,L-UAV-01,AMZN,31.3049763,120.6005720,100.0,BUSY,M-L-001,V2
392,392,M-UAV-01,M600,31.3108767,120.6039862,30.5,AVAILABLE,,
392,392,M-UAV-02,M600,31.3004365,120.5981110,100.0,CONTINGENCY,,V3
393,393,EVTOL-01,EC35,31.3060307,120.6036892,199.9,BUSY,M-P-001,V1
393,393,L-UAV-01,AMZN,31.3048571,120.6004965,100.0,BUSY,M-L-001,V2
393,393,M-UAV-01,M600,31.3108767,120.6039862,30.5,AVAILABLE,,
393,393,M-UAV-02,M600,31.3005502,120.5981974,100.0,CONTINGENCY,,V3
394,394,EVTOL-01,EC35,31.3063934,120.6037114,199.9,BUSY,M-P-001,V1
394,394,L-UAV-01,AMZN,31.3047379,120.6004210,100.0,BUSY,M-L-001,V2
394,394,M-UAV-01,M600,31.3108767,120.6039862,30.5,AVAILABLE,,
394,394,M-UAV-02,M600,31.3006640,120.5982837,100.0,CONTINGENCY,,V3
395,395,EVTOL-01,EC35,31.3067561,120.6037336,199.9,BUSY,M-P-001,V1
395,395,L-UAV-01,AMZN,31.3046186,120.6003456,100.0,BUSY,M-L-001,V2
395,395,M-UAV-01,M600,31.3108767,120.6039862,30.5,AVAILABLE,,
395,395,M-UAV-02,M600,31.3007777,120.5983700,100.0,CONTINGENCY,,V3
396,396,EVTOL-01,EC35,31.3071188,120.6037558,199.9,BUSY,M-P-001,V1
396,396,L-UAV-01,AMZN,31.3044994,120.6002701,100.0,BUSY,M-L-001,V2
396,396,M-UAV-01,M600,31.3108767,120.6039862,30.5,AVAILABLE,,
396,396,M-UAV-02,M600,31.3008914,120.5984564,100.0,CONTINGENCY,,V3
397,397,EVTOL-01,EC35,31.3074815,120.6037781,199.9,BUSY,M-P-001,V1
397,397,L-UAV-01,AMZN,31.3043802,120.6001946,100.0,BUSY,M-L-001,V2
397,397,M-UAV-01,M600,31.3108767,120.6039862,30.5,AVAILABLE,,
397,397,M-UAV-02,M600,31.3010051,120.5985427,100.0,CONTINGENCY,,V3
398,398,EVTOL-01,EC35,31.3078442,120.6038003,199.9,BUSY,M-P-001,V1
398,398,L-UAV-01,AMZN,31.3042609,120.6001192,100.0,BUSY,M-L-001,V2
398,398,M-UAV-01,M600,31.3108767,120.6039862,30.5,AVAILABLE,,
398,398,M-UAV-02,M600,31.3011188,120.5986291,100.0,CONTINGENCY,,V3
399,399,EVTOL-01,EC35,31.3082069,120.6038225,199.9,BUSY,M-P-001,V1
399,399,L-UAV-01,AMZN,31.3041417,120.6000437,100.0,BUSY,M-L-001,V2
399,399,M-UAV-01,M600,31.3108767,120.6039862,30.5,AVAILABLE,,
399,399,M-UAV-02,M600,31.3012325,120.5987154,100.0,CONTINGENCY,,V3
400,400,EVTOL-01,EC35,31.3085695,120.6038447,199.9,BUSY,M-P-001,V1
400,400,L-UAV-01,AMZN,31.3040225,120.5999682,100.0,BUSY,M-L-001,V2
400,400,M-UAV-01,M600,31.3108767,120.6039862,30.5,AVAILABLE,,
400,400,M-UAV-02,M600,31.3013463,120.5988017,100.0,CONTINGENCY,,V3
401,401,EVTOL-01,EC35,31.3089322,120.6038670,199.9,BUSY,M-P-001,V1
401,401,L-UAV-01,AMZN,31.3039033,120.5998928,100.0,BUSY,M-L-001,V2
401,401,M-UAV-01,M600,31.3108767,120.6039862,30.5,AVAILABLE,,
401,401,M-UAV-02,M600,31.3014600,120.5988881,100.0,CONTINGENCY,,V3
402,402,EVTOL-01,EC35,31.3092949,120.6038892,199.9,BUSY,M-P-001,V1
402,402,L-UAV-01,AMZN,31.3037840,120.5998173,100.0,BUSY,M-L-001,V2
402,402,M-UAV-01,M600,31.3108767,120.6039862,30.5,AVAILABLE,,
402,402,M-UAV-02,M600,31.3015737,120.5989744,100.0,CONTINGENCY,,V3
403,403,EVTOL-01,EC35,31.3096576,120.6039114,199.9,BUSY,M-P-001,V1
403,403,L-UAV-01,AMZN,31.3036648,120.5997418,100.0,BUSY,M-L-001,V2
403,403,M-UAV-01,M600,31.3108767,120.6039862,30.5,AVAILABLE,,
403,403,M-UAV-02,M600,31.3016874,120.5990607,100.0,CONTINGENCY,,V3
404,404,EVTOL-01,EC35,31.3100203,120.6039337,199.9,BUSY,M-P-001,V2
404,404,L-UAV-01,AMZN,31.3035456,120.5996664,100.0,BUSY,M-L-001,V2
404,404,M-UAV-01,M600,31.3108767,120.6039862,30.5,AVAILABLE,,
404,404,M-UAV-02,M600,31.3018011,120.5991471,100.0,CONTINGENCY,,V3
405,405,EVTOL-01,EC35,31.3103828,120.6039078,199.9,BUSY,M-P-001,V2
405,405,L-UAV-01,AMZN,31.3034263,120.5995909,100.0,BUSY,M-L-001,V2
405,405,M-UAV-01,M600,31.3108767,120.6039862,30.5,AVAILABLE,,
405,405,M-UAV-02,M600,31.3019148,120.5992334,100.0,CONTINGENCY,,V3
406,406,EVTOL-01,EC35,31.3107405,120.6038341,199.9,BUSY,M-P-001,V2
406,406,L-UAV-01,AMZN,31.3033071,120.5995155,100.0,BUSY,M-L-001,V2
406,406,M-UAV-01,M600,31.3108767,120.6039862,30.5,AVAILABLE,,
406,406,M-UAV-02,M600,31.3020285,120.5993197,100.0,CONTINGENCY,,V3
407,407,EVTOL-01,EC35,31.3110888,120.6037136,199.9,BUSY,M-P-001,V2
407,407,L-UAV-01,AMZN,31.3031879,120.5994400,100.0,BUSY,M-L-001,V2
407,407,M-UAV-01,M600,31.3108767,120.6039862,30.5,AVAILABLE,,
407,407,M-UAV-02,M600,31.3021423,120.5994061,100.0,CONTINGENCY,,V3
408,408,EVTOL-01,EC35,31.3114233,120.6035478,199.9,BUSY,M-P-001,V2
408,408,L-UAV-01,AMZN,31.3030687,120.5993645,100.0,BUSY,M-L-001,V2
408,408,M-UAV-01,M600,31.3108767,120.6039862,30.5,AVAILABLE,,
408,408,M-UAV-02,M600,31.3022560,120.5994924,100.0,CONTINGENCY,,V3
409,409,EVTOL-01,EC35,31.3117395,120.6033389,199.9,BUSY,M-P-001,V2
409,409,L-UAV-01,AMZN,31.3029494,120.5992891,100.0,BUSY,M-L-001,V2
409,409,M-UAV-01,M600,31.3108767,120.6039862,30.5,AVAILABLE,,
409,409,M-UAV-02,M600,31.3023697,120.5995788,100.0,CONTINGENCY,,V3
410,410,EVTOL-01,EC35,31.3120336,120.6030894,199.9,BUSY,M-P-001,V2
410,410,L-UAV-01,AMZN,31.3028302,120.5992136,100.0,BUSY,M-L-001,V2
410,410,M-UAV-01,M600,31.3108767,120.6039862,30.5,AVAILABLE,,
410,410,M-UAV-02,M600,31.3024834,120.5996651,100.0,CONTINGENCY,,V3
411,411,EVTOL-01,EC35,31.3123018,120.6028027,199.9,BUSY,M-P-001,V2
411,411,L-UAV-01,AMZN,31.3027110,120.5991381,100.0,BUSY,M-L-001,V2
411,411,M-UAV-01,M600,31.3108767,120.6039862,30.5,AVAILABLE,,
411,411,M-UAV-02,M600,31.3025971,120.5997514,100.0,CONTINGENCY,,V3
412,412,EVTOL-01,EC35,31.3125405,120.6024823,199.9,BUSY,M-P-001,V2
412,412,L-UAV-01,AMZN,31.3025917,120.5990627,100.0,BUSY,M-L-001,V2
412,412,M-UAV-01,M600,31.3108767,120.6039862,30.5,AVAILABLE,,
412,412,M-UAV-02,M600,31.3027108,120.5998378,100.0,CONTINGENCY,,V3
413,413,EVTOL-01,EC35,31.3127468,120.6021324,199.9,BUSY,M-P-001,V2
413,413,L-UAV-01,AMZN,31.3024725,120.5989872,100.0,BUSY,M-L-001,V2
413,413,M-UAV-01,M600,31.3108767,120.6039862,30.5,AVAILABLE,,
413,413,M-UAV-02,M600,31.3028245,120.5999241,100.0,CONTINGENCY,,V3
414,414,EVTOL-01,EC35,31.3129179,120.6017575,199.9,BUSY,M-P-001,V2
414,414,L-UAV-01,AMZN,31.3023533,120.5989117,100.0,BUSY,M-L-001,V2
414,414,M-UAV-01,M600,31.3108767,120.6039862,30.5,AVAILABLE,,
414,414,M-UAV-02,M600,31.3029383,120.6000104,100.0,CONTINGENCY,,V3
415,415,EVTOL-01,EC35,31.3130518,120.6013623,199.9,BUSY,M-P-001,V2
415,415,L-UAV-01,AMZN,31.3022341,120.5988363,100.0,BUSY,M-L-001,V2
415,415,M-UAV-01,M600,31.3108767,120.6039862,30.5,AVAILABLE,,
415,415,M-UAV-02,M600,31.3030520,120.6000968,100.0,CONTINGENCY,,V3
416,416,EVTOL-01,EC35,31.3131467,120.6009520,199.9,BUSY,M-P-001,V2
416,416,L-UAV-01,AMZN,31.3021148,120.5987608,100.0,BUSY,M-L-001,V2
416,416,M-UAV-01,M600,31.3108767,120.6039862,30.5,AVAILABLE,,
416,416,M-UAV-02,M600,31.3031657,120.6001831,100.0,CONTINGENCY,,V3
417,417,EVTOL-01,EC35,31.3132014,120.6005317,199.9,BUSY,M-P-001,V2
417,417,L-UAV-01,AMZN,31.3019956,120.5986854,100.0,BUSY,M-L-001,V2
417,417,M-UAV-01,M600,31.3108767,120.6039862,30.5,AVAILABLE,,
417,417,M-UAV-02,M600,31.3032794,120.6002695,100.0,CONTINGENCY,,V3
418,418,EVTOL-01,EC35,31.3132151,120.6001069,199.9,BUSY,M-P-001,V2
418,418,L-UAV-01,AMZN,31.3018764,120.5986099,100.0,BUSY,M-L-001,V2
418,418,M-UAV-01,M600,31.3108767,120.6039862,30.5,AVAILABLE,,
418,418,M-UAV-02,M600,31.3033931,120.6003558,100.0,CONTINGENCY,,V3
419,419,EVTOL-01,EC35,31.3131878,120.5996830,199.9,BUSY,M-P-001,V2
419,419,L-UAV-01,AMZN,31.3017571,120.5985344,100.0,BUSY,M-L-001,V2
419,419,M-UAV-01,M600,31.3108767,120.6039862,30.5,AVAILABLE,,
419,419,M-UAV-02,M600,31.3035068,120.6004421,100.0,CONTINGENCY,,V3
420,420,EVTOL-01,EC35,31.3131197,120.5992654,199.9,BUSY,M-P-001,V2
420,420,L-UAV-01,AMZN,31.3016379,120.5984590,100.0,BUSY,M-L-001,V2
420,420,M-UAV-01,M600,31.3108767,120.6039862,30.5,AVAILABLE,,
420,420,M-UAV-02,M600,31.3036205,120.6005285,100.0,CONTINGENCY,,V3
421,421,EVTOL-01,EC35,31.3130117,120.5988595,199.9,BUSY,M-P-001,V2
421,421,L-UAV-01,AMZN,31.3015187,120.5983835,100.0,BUSY,M-L-001,V2
421,421,M-UAV-01,M600,31.3108767,120.6039862,30.5,AVAILABLE,,
421,421,M-UAV-02,M600,31.3037343,120.6006148,100.0,CONTINGENCY,,V3
422,422,EVTOL-01,EC35,31.3128652,120.5984705,199.9,BUSY,M-P-001,V2
422,422,L-UAV-01,AMZN,31.3013994,120.5983081,100.0,BUSY,M-L-001,V2
422,422,M-UAV-01,M600,31.3108767,120.6039862,30.5,AVAILABLE,,
422,422,M-UAV-02,M600,31.3038480,120.6007012,100.0,CONTINGENCY,,V3
423,423,EVTOL-01,EC35,31.3126822,120.5981034,199.9,BUSY,M-P-001,V2
423,423,L-UAV-01,AMZN,31.3012802,120.5982326,100.0,BUSY,M-L-001,V2
423,423,M-UAV-01,M600,31.3108767,120.6039862,30.5,AVAILABLE,,
423,423,M-UAV-02,M600,31.3039617,120.6007875,100.0,CONTINGENCY,,V3
424,424,EVTOL-01,EC35,31.3124648,120.5977628,199.9,BUSY,M-P-001,V2
424,424,L-UAV-01,AMZN,31.3011610,120.5981571,100.0,BUSY,M-L-001,V2
424,424,M-UAV-01,M600,31.3108767,120.6039862,30.5,AVAILABLE,,
424,424,M-UAV-02,M600,31.3040754,120.6008739,100.0,CONTINGENCY,,V3
425,425,EVTOL-01,EC35,31.3122160,120.5974531,199.9,BUSY,M-P-001,V2
425,425,L-UAV-01,AMZN,31.3010418,120.5980817,100.0,BUSY,M-L-001,V2
425,425,M-UAV-01,M600,31.3108767,120.6039862,30.5,AVAILABLE,,
425,425,M-UAV-02,M600,31.3041891,120.6009602,100.0,CONTINGENCY,,V3
426,426,EVTOL-01,EC35,31.3119388,120.5971784,199.9,BUSY,M-P-001,V2
426,426,L-UAV-01,AMZN,31.3009225,120.5980062,100.0,BUSY,M-L-001,V2
426,426,M-UAV-01,M600,31.3108767,120.6039862,30.5,AVAILABLE,,
426,426,M-UAV-02,M600,31.3043028,120.6010465,100.0,CONTINGENCY,,V3
427,427,EVTOL-01,EC35,31.3116370,120.5969420,199.9,BUSY,M-P-001,V2
427,427,L-UAV-01,AMZN,31.3008033,120.5979307,100.0,BUSY,M-L-001,V2
427,427,M-UAV-01,M600,31.3108767,120.6039862,30.5,AVAILABLE,,
427,427,M-UAV-02,M600,31.3044165,120.6011329,100.0,CONTINGENCY,,V3
428,428,EVTOL-01,EC35,31.3113142,120.5967471,199.9,BUSY,M-P-001,V2
428,428,L-UAV-01,AMZN,31.3006841,120.5978553,100.0,BUSY,M-L-001,V2
428,428,M-UAV-01,M600,31.3108767,120.6039862,30.5,AVAILABLE,,
428,428,M-UAV-02,M600,31.3045302,120.6012192,100.0,CONTINGENCY,,V3
429,429,EVTOL-01,EC35,31.3109747,120.5965961,199.9,BUSY,M-P-001,V2
429,429,L-UAV-01,AMZN,31.3005648,120.5977798,100.0,BUSY,M-L-001,V2
429,429,M-UAV-01,M600,31.3108767,120.6039862,30.5,AVAILABLE,,
429,429,M-UAV-02,M600,31.3046440,120.6013056,100.0,CONTINGENCY,,V3
430,430,EVTOL-01,EC35,31.3106228,120.5964910,199.9,BUSY,M-P-001,V2
430,430,L-UAV-01,AMZN,31.3004456,120.5977044,100.0,BUSY,M-L-001,V2
430,430,M-UAV-01,M600,31.3108767,120.6039862,30.5,AVAILABLE,,
430,430,M-UAV-02,M600,31.3047577,120.6013919,100.0,CONTINGENCY,,V3
431,431,EVTOL-01,EC35,31.3102630,120.5964331,199.9,BUSY,M-P-001,V2
431,431,L-UAV-01,AMZN,31.3003264,120.5976289,100.0,BUSY,M-L-001,V2
431,431,M-UAV-01,M600,31.3108767,120.6039862,30.5,AVAILABLE,,
431,431,M-UAV-02,M600,31.3048714,120.6014782,100.0,CONTINGENCY,,V3
432,432,EVTOL-01,EC35,31.3099003,120.5964109,199.9,BUSY,M-P-001,V2
432,432,L-UAV-01,AMZN,31.3002072,120.5975535,100.0,BUSY,M-L-001,V2
432,432,M-UAV-01,M600,31.3108767,120.6039862,30.5,AVAILABLE,,
432,432,M-UAV-02,M600,31.3049851,120.6015646,100.0,CONTINGENCY,,V3
433,433,EVTOL-01,EC35,31.3095376,120.5963888,199.9,BUSY,M-P-001,V2
433,433,L-UAV-01,AMZN,31.3000879,120.5974780,100.0,BUSY,M-L-001,V2
433,433,M-UAV-01,M600,31.3108767,120.6039862,30.5,AVAILABLE,,
433,433,M-UAV-02,M600,31.3050988,120.6016509,100.0,CONTINGENCY,,V3
434,434,EVTOL-01,EC35,31.3091749,120.5963666,199.9,BUSY,M-P-001,V2
434,434,L-UAV-01,AMZN,31.2999687,120.5974025,100.0,BUSY,M-L-001,V2
434,434,M-UAV-01,M600,31.3108767,120.6039862,30.5,AVAILABLE,,
434,434,M-UAV-02,M600,31.3052125,120.6017373,100.0,CONTINGENCY,,V3
435,435,EVTOL-01,EC35,31.3088122,120.5963444,199.9,BUSY,M-P-001,V2
435,435,L-UAV-01,AMZN,31.2998495,120.5973271,100.0,BUSY,M-L-001,V2
435,435,M-UAV-01,M600,31.3108767,120.6039862,30.5,AVAILABLE,,
435,435,M-UAV-02,M600,31.3053262,120.6018236,100.0,CONTINGENCY,,V3
436,436,EVTOL-01,EC35,31.3084495,120.5963222,199.9,BUSY,M-P-001,V2
436,436,L-UAV-01,AMZN,31.2997302,120.5972516,100.0,BUSY,M-L-001,V2
436,436,M-UAV-01,M600,31.3108767,120.6039862,30.5,AVAILABLE,,
436,436,M-UAV-02,M600,31.3054400,120.6019100,100.0,CONTINGENCY,,V3
437,437,EVTOL-01,EC35,31.3080868,120.5963000,199.9,BUSY,M-P-001,V2
437,437,L-UAV-01,AMZN,31.2996110,120.5971762,100.0,BUSY,M-L-001,V2
437,437,M-UAV-01,M600,31.3108767,120.6039862,30.5,AVAILABLE,,
437,437,M-UAV-02,M600,31.3055537,120.6019963,100.0,CONTINGENCY,,V3
438,438,EVTOL-01,EC35,31.3077241,120.5962778,199.9,BUSY,M-P-001,V2
438,438,L-UAV-01,AMZN,31.2994918,120.5971007,100.0,BUSY,M-L-001,V2
438,438,M-UAV-01,M600,31.3108767,120.6039862,30.5,AVAILABLE,,
438,438,M-UAV-02,M600,31.3056674,120.6020826,100.0,CONTINGENCY,,V3
439,439,EVTOL-01,EC35,31.3073614,120.5962556,199.9,BUSY,M-P-001,V2
439,439,L-UAV-01,AMZN,31.2993725,120.5970252,100.0,BUSY,M-L-001,V2
439,439,M-UAV-01,M600,31.3108767,120.6039862,30.5,AVAILABLE,,
439,439,M-UAV-02,M600,31.3057811,120.6021690,100.0,CONTINGENCY,,V3
440,440,EVTOL-01,EC35,31.3069987,120.5962334,199.9,BUSY,M-P-001,V2
440,440,L-UAV-01,AMZN,31.2992533,120.5969498,100.0,BUSY,M-L-001,V2
440,440,M-UAV-01,M600,31.3108767,120.6039862,30.5,AVAILABLE,,
440,440,M-UAV-02,M600,31.3058948,120.6022553,100.0,CONTINGENCY,,
441,441,EVTOL-01,EC35,31.3066360,120.5962112,199.9,BUSY,M-P-001,V2
441,441,L-UAV-01,AMZN,31.2991341,120.5968743,100.0,BUSY,M-L-001,V2
441,441,M-UAV-01,M600,31.3108767,120.6039862,30.5,AVAILABLE,,
441,441,M-UAV-02,M600,31.3059934,120.6023302,98.5,CONTINGENCY,,
442,442,EVTOL-01,EC35,31.3062733,120.5961891,199.9,BUSY,M-P-001,V2
442,442,L-UAV-01,AMZN,31.2990148,120.5967989,100.0,BUSY,M-L-001,V2
442,442,M-UAV-01,M600,31.3108767,120.6039862,30.5,AVAILABLE,,
442,442,M-UAV-02,M600,31.3060770,120.6023937,95.4,CONTINGENCY,,
443,443,EVTOL-01,EC35,31.3059106,120.5961669,199.9,BUSY,M-P-001,V2
443,443,L-UAV-01,AMZN,31.2988956,120.5967234,100.0,BUSY,M-L-001,V2
443,443,M-UAV-01,M600,31.3108767,120.6039862,30.5,AVAILABLE,,
443,443,M-UAV-02,M600,31.3061454,120.6024456,90.8,CONTINGENCY,,
444,444,EVTOL-01,EC35,31.3055479,120.5961447,199.9,BUSY,M-P-001,V2
444,444,L-UAV-01,AMZN,31.2987764,120.5966480,100.0,BUSY,M-L-001,V2
444,444,M-UAV-01,M600,31.3108767,120.6039862,30.5,AVAILABLE,,
444,444,M-UAV-02,M600,31.3061988,120.6024861,84.7,CONTINGENCY,,
445,445,EVTOL-01,EC35,31.3051852,120.5961225,199.9,BUSY,M-P-001,V2
445,445,L-UAV-01,AMZN,31.2986572,120.5965725,100.0,BUSY,M-L-001,V2
445,445,M-UAV-01,M600,31.3108767,120.6039862,30.5,AVAILABLE,,
445,445,M-UAV-02,M600,31.3062370,120.6025152,77.1,CONTINGENCY,,
446,446,EVTOL-01,EC35,31.3048225,120.5961003,199.9,BUSY,M-P-001,V2
446,446,L-UAV-01,AMZN,31.2985379,120.5964970,100.0,BUSY,M-L-001,V2
446,446,M-UAV-01,M600,31.3108767,120.6039862,30.5,AVAILABLE,,
446,446,M-UAV-02,M600,31.3062602,120.6025328,69.5,CONTINGENCY,,
447,447,EVTOL-01,EC35,31.3044598,120.5960781,199.9,BUSY,M-P-001,V2
447,447,L-UAV-01,AMZN,31.2984187,120.5964216,100.0,BUSY,M-L-001,V2
447,447,M-UAV-01,M600,31.3108767,120.6039862,30.5,AVAILABLE,,
447,447,M-UAV-02,M600,31.3062683,120.6025389,61.9,CONTINGENCY,,
448,448,EVTOL-01,EC35,31.3040971,120.5960559,199.9,BUSY,M-P-001,V2
448,448,L-UAV-01,AMZN,31.2982995,120.5963461,100.0,BUSY,M-L-001,V2
448,448,M-UAV-01,M600,31.3108767,120.6039862,30.5,AVAILABLE,,
448,448,M-UAV-02,M600,31.3062683,120.6025389,54.3,CONTINGENCY,,
449,449,EVTOL-01,EC35,31.3037344,120.5960338,199.9,BUSY,M-P-001,V2
449,449,L-UAV-01,AMZN,31.2981802,120.5962707,100.0,BUSY,M-L-001,V2
449,449,M-UAV-01,M600,31.3108767,120.6039862,30.5,AVAILABLE,,
449,449,M-UAV-02,M600,31.3062683,120.6025389,46.6,CONTINGENCY,,
450,450,EVTOL-01,EC35,31.3033718,120.5960116,199.9,BUSY,M-P-001,V2
450,450,L-UAV-01,AMZN,31.2980610,120.5961952,100.0,BUSY,M-L-001,V2
450,450,M-UAV-01,M600,31.3108767,120.6039862,30.5,AVAILABLE,,
450,450,M-UAV-02,M600,31.3062683,120.6025389,39.0,CONTINGENCY,,
451,451,EVTOL-01,EC35,31.3030091,120.5959894,199.9,BUSY,M-P-001,V2
451,451,L-UAV-01,AMZN,31.2979418,120.5961198,100.0,BUSY,M-L-001,V3
451,451,M-UAV-01,M600,31.3108767,120.6039862,30.5,AVAILABLE,,
451,451,M-UAV-02,M600,31.3062683,120.6025389,31.4,CONTINGENCY,,
452,452,EVTOL-01,EC35,31.3026464,120.5959672,199.9,BUSY,M-P-001,V2
452,452,L-UAV-01,AMZN,31.2978087,120.5960894,100.0,BUSY,M-L-001,V3
452,452,M-UAV-01,M600,31.3108767,120.6039862,30.5,AVAILABLE,,
452,452,M-UAV-02,M600,31.3062683,120.6025389,30.5,CONTINGENCY,,
453,453,EVTOL-01,EC35,31.3022837,120.5959450,199.9,BUSY,M-P-001,V2
453,453,L-UAV-01,AMZN,31.2976740,120.5961070,100.0,BUSY,M-L-001,V3
453,453,M-UAV-01,M600,31.3108767,120.6039862,30.5,AVAILABLE,,
453,453,M-UAV-02,M600,31.3062683,120.6025389,30.5,CONTINGENCY,,
454,454,EVTOL-01,EC35,31.3019210,120.5959228,199.9,BUSY,M-P-001,V2
454,454,L-UAV-01,AMZN,31.2975499,120.5961709,100.0,BUSY,M-L-001,V3
454,454,M-UAV-01,M600,31.3108767,120.6039862,30.5,AVAILABLE,,
454,454,M-UAV-02,M600,31.3062683,120.6025389,30.5,CONTINGENCY,,
455,455,EVTOL-01,EC35,31.3015583,120.5959006,199.9,BUSY,M-P-001,V2
455,455,L-UAV-01,AMZN,31.2974478,120.5962753,100.0,BUSY,M-L-001,V3
455,455,M-UAV-01,M600,31.3108767,120.6039862,30.5,AVAILABLE,,
455,455,M-UAV-02,M600,31.3062683,120.6025389,30.5,CONTINGENCY,,
456,456,EVTOL-01,EC35,31.3011956,120.5958785,199.9,BUSY,M-P-001,V2
456,456,L-UAV-01,AMZN,31.2973771,120.5964105,100.0,BUSY,M-L-001,V3
456,456,M-UAV-01,M600,31.3108767,120.6039862,30.5,AVAILABLE,,
456,456,M-UAV-02,M600,31.3062683,120.6025389,30.5,CONTINGENCY,,
457,457,EVTOL-01,EC35,31.3008329,120.5958563,199.9,BUSY,M-P-001,V2
457,457,L-UAV-01,AMZN,31.2973440,120.5965644,100.0,BUSY,M-L-001,V3
457,457,M-UAV-01,M600,31.3108767,120.6039862,30.5,AVAILABLE,,
457,457,M-UAV-02,M600,31.3062683,120.6025389,30.5,CONTINGENCY,,
458,458,EVTOL-01,EC35,31.3004702,120.5958341,199.9,BUSY,M-P-001,V2
458,458,L-UAV-01,AMZN,31.2973518,120.5967228,100.0,BUSY,M-L-001,V3
458,458,M-UAV-01,M600,31.3108767,120.6039862,30.5,AVAILABLE,,
458,458,M-UAV-02,M600,31.3062683,120.6025389,30.5,CONTINGENCY,,
459,459,EVTOL-01,EC35,31.3001075,120.5958119,199.9,BUSY,M-P-001,V2
459,459,L-UAV-01,AMZN,31.2973996,120.5968712,100.0,BUSY,M-L-001,V3
459,459,M-UAV-01,M600,31.3108767,120.6039862,30.5,AVAILABLE,,
459,459,M-UAV-02,M600,31.3062683,120.6025389,30.5,CONTINGENCY,,
460,460,EVTOL-01,EC35,31.2997448,120.5957897,199.9,BUSY,M-P-001,V2
460,460,L-UAV-01,AMZN,31.2974832,120.5969961,100.0,BUSY,M-L-001,V3
460,460,M-UAV-01,M600,31.3108767,120.6039862,30.5,AVAILABLE,,
460,460,M-UAV-02,M600,31.3062683,120.6025389,30.5,CONTINGENCY,,
461,461,EVTOL-01,EC35,31.2993821,120.5957675,199.9,BUSY,M-P-001,V2
461,461,L-UAV-01,AMZN,31.2975948,120.5970861,100.0,BUSY,M-L-001,V3
461,461,M-UAV-01,M600,31.3108767,120.6039862,30.5,AVAILABLE,,
461,461,M-UAV-02,M600,31.3062683,120.6025389,30.5,CONTINGENCY,,
462,462,EVTOL-01,EC35,31.2990194,120.5957453,199.9,BUSY,M-P-001,V2
462,462,L-UAV-01,AMZN,31.2977140,120.5971616,100.0,BUSY,M-L-001,V3
462,462,M-UAV-01,M600,31.3108767,120.6039862,30.5,AVAILABLE,,
462,462,M-UAV-02,M600,31.3062683,120.6025389,30.5,CONTINGENCY,,
463,463,EVTOL-01,EC35,31.2986567,120.5957232,199.9,BUSY,M-P-001,V2
463,463,L-UAV-01,AMZN,31.2978333,120.5972370,100.0,BUSY,M-L-001,V3
463,463,M-UAV-01,M600,31.3108767,120.6039862,30.5,AVAILABLE,,
463,463,M-UAV-02,M600,31.3062683,120.6025389,30.5,CONTINGENCY,,
464,464,EVTOL-01,EC35,31.2982940,120.5957010,199.9,BUSY,M-P-001,V2
464,464,L-UAV-01,AMZN,31.2979525,120.5973125,100.0,BUSY,M-L-001,V3
464,464,M-UAV-01,M600,31.3108767,120.6039862,30.5,AVAILABLE,,
464,464,M-UAV-02,M600,31.3062683,120.6025389,30.5,CONTINGENCY,,
465,465,EVTOL-01,EC35,31.2979313,120.5956788,199.9,BUSY,M-P-001,V1
465,465,L-UAV-01,AMZN,31.2980717,120.5973879,100.0,BUSY,M-L-001,V3
465,465,M-UAV-01,M600,31.3108767,120.6039862,30.5,AVAILABLE,,
465,465,M-UAV-02,M600,31.3062683,120.6025389,30.5,CONTINGENCY,,
466,466,EVTOL-01,EC35,31.2975688,120.5957047,199.9,BUSY,M-P-001,V1
466,466,L-UAV-01,AMZN,31.2981909,120.5974634,100.0,BUSY,M-L-001,V3
466,466,M-UAV-01,M600,31.3108767,120.6039862,30.5,AVAILABLE,,
466,466,M-UAV-02,M600,31.3062683,120.6025389,30.5,CONTINGENCY,,
467,467,EVTOL-01,EC35,31.2972111,120.5957784,199.9,BUSY,M-P-001,V1
467,467,L-UAV-01,AMZN,31.2983102,120.5975388,100.0,BUSY,M-L-001,V3
467,467,M-UAV-01,M600,31.3108767,120.6039862,30.5,AVAILABLE,,
467,467,M-UAV-02,M600,31.3062683,120.6025389,30.5,CONTINGENCY,,
468,468,EVTOL-01,EC35,31.2968628,120.5958989,199.9,BUSY,M-P-001,V1
468,468,L-UAV-01,AMZN,31.2984294,120.5976143,100.0,BUSY,M-L-001,V3
468,468,M-UAV-01,M600,31.3108767,120.6039862,30.5,AVAILABLE,,
468,468,M-UAV-02,M600,31.3062683,120.6025389,30.5,CONTINGENCY,,
469,469,EVTOL-01,EC35,31.2965284,120.5960647,199.9,BUSY,M-P-001,V1
469,469,L-UAV-01,AMZN,31.2985486,120.5976898,100.0,BUSY,M-L-001,V3
469,469,M-UAV-01,M600,31.3108767,120.6039862,30.5,AVAILABLE,,
469,469,M-UAV-02,M600,31.3062683,120.6025389,30.5,CONTINGENCY,,
470,470,EVTOL-01,EC35,31.2962121,120.5962737,199.9,BUSY,M-P-001,V1
470,470,L-UAV-01,AMZN,31.2986679,120.5977652,100.0,BUSY,M-L-001,V3
470,470,M-UAV-01,M600,31.3108767,120.6039862,30.5,AVAILABLE,,
470,470,M-UAV-02,M600,31.3062683,120.6025389,30.5,CONTINGENCY,,
471,471,EVTOL-01,EC35,31.2959181,120.5965231,199.9,BUSY,M-P-001,V1
471,471,L-UAV-01,AMZN,31.2987871,120.5978407,100.0,BUSY,M-L-001,V3
471,471,M-UAV-01,M600,31.3108767,120.6039862,30.5,AVAILABLE,,
471,471,M-UAV-02,M600,31.3062683,120.6025389,30.5,CONTINGENCY,,
472,472,EVTOL-01,EC35,31.2956500,120.5968098,199.9,BUSY,M-P-001,V1
472,472,L-UAV-01,AMZN,31.2989063,120.5979161,100.0,BUSY,M-L-001,V3
472,472,M-UAV-01,M600,31.3108767,120.6039862,30.5,AVAILABLE,,
472,472,M-UAV-02,M600,31.3062683,120.6025389,30.5,CONTINGENCY,,
473,473,EVTOL-01,EC35,31.2954113,120.5971302,199.9,BUSY,M-P-001,V1
473,473,L-UAV-01,AMZN,31.2990256,120.5979916,100.0,BUSY,M-L-001,V3
473,473,M-UAV-01,M600,31.3108767,120.6039862,30.5,AVAILABLE,,
473,473,M-UAV-02,M600,31.3062683,120.6025389,30.5,CONTINGENCY,,
474,474,EVTOL-01,EC35,31.2952050,120.5974800,199.9,BUSY,M-P-001,V1
474,474,L-UAV-01,AMZN,31.2991448,120.5980670,100.0,BUSY,M-L-001,V3
474,474,M-UAV-01,M600,31.3108767,120.6039862,30.5,AVAILABLE,,
474,474,M-UAV-02,M600,31.3062683,120.6025389,30.5,CONTINGENCY,,
475,475,EVTOL-01,EC35,31.2950339,120.5978549,199.9,BUSY,M-P-001,V1
475,475,L-UAV-01,AMZN,31.2992640,120.5981425,100.0,BUSY,M-L-001,V3
475,475,M-UAV-01,M600,31.3108767,120.6039862,30.5,AVAILABLE,,
475,475,M-UAV-02,M600,31.3062683,120.6025389,30.5,CONTINGENCY,,
476,476,EVTOL-01,EC35,31.2949000,120.5982500,199.9,BUSY,M-P-001,V1
476,476,L-UAV-01,AMZN,31.2993832,120.5982180,100.0,BUSY,M-L-001,V3
476,476,M-UAV-01,M600,31.3108767,120.6039862,30.5,AVAILABLE,,
476,476,M-UAV-02,M600,31.3062683,120.6025389,30.5,CONTINGENCY,,
477,477,EVTOL-01,EC35,31.2948052,120.5986603,199.9,BUSY,M-P-001,V1
477,477,L-UAV-01,AMZN,31.2995025,120.5982934,100.0,BUSY,M-L-001,V3
477,477,M-UAV-01,M600,31.3108767,120.6039862,30.5,AVAILABLE,,
477,477,M-UAV-02,M600,31.3062683,120.6025389,30.5,CONTINGENCY,,
478,478,EVTOL-01,EC35,31.2947506,120.5990805,199.9,BUSY,M-P-001,V1
478,478,L-UAV-01,AMZN,31.2996217,120.5983689,100.0,BUSY,M-L-001,V3
478,478,M-UAV-01,M600,31.3108767,120.6039862,30.5,AVAILABLE,,
478,478,M-UAV-02,M600,31.3062683,120.6025389,30.5,CONTINGENCY,,
479,479,EVTOL-01,EC35,31.2947369,120.5995052,199.9,BUSY,M-P-001,V1
479,479,L-UAV-01,AMZN,31.2997409,120.5984443,100.0,BUSY,M-L-001,V3
479,479,M-UAV-01,M600,31.3108767,120.6039862,30.5,AVAILABLE,,
479,479,M-UAV-02,M600,31.3062683,120.6025389,30.5,CONTINGENCY,,
480,480,EVTOL-01,EC35,31.2947642,120.5999291,199.9,BUSY,M-P-001,V1
480,480,L-UAV-01,AMZN,31.2998602,120.5985198,100.0,BUSY,M-L-001,V3
480,480,M-UAV-01,M600,31.3108767,120.6039862,30.5,AVAILABLE,,
480,480,M-UAV-02,M600,31.3062683,120.6025389,30.5,CONTINGENCY,,
481,481,EVTOL-01,EC35,31.2948324,120.6003465,199.9,BUSY,M-P-001,V1
481,481,L-UAV-01,AMZN,31.2999794,120.5985953,100.0,BUSY,M-L-001,V3
481,481,M-UAV-01,M600,31.3108767,120.6039862,30.5,AVAILABLE,,
481,481,M-UAV-02,M600,31.3062683,120.6025389,30.5,CONTINGENCY,,
482,482,EVTOL-01,EC35,31.2949404,120.6007523,199.9,BUSY,M-P-001,V1
482,482,L-UAV-01,AMZN,31.3000986,120.5986707,100.0,BUSY,M-L-001,V3
482,482,M-UAV-01,M600,31.3108767,120.6039862,30.5,AVAILABLE,,
482,482,M-UAV-02,M600,31.3062683,120.6025389,30.5,CONTINGENCY,,
483,483,EVTOL-01,EC35,31.2950869,120.6011413,199.9,BUSY,M-P-001,V1
483,483,L-UAV-01,AMZN,31.3002179,120.5987462,100.0,BUSY,M-L-001,V3
483,483,M-UAV-01,M600,31.3108767,120.6039862,30.5,AVAILABLE,,
483,483,M-UAV-02,M600,31.3062683,120.6025389,30.5,CONTINGENCY,,
484,484,EVTOL-01,EC35,31.2952700,120.6015083,199.9,BUSY,M-P-001,V1
484,484,L-UAV-01,AMZN,31.3003371,120.5988217,100.0,BUSY,M-L-001,V3
484,484,M-UAV-01,M600,31.3108767,120.6039862,30.5,AVAILABLE,,
484,484,M-UAV-02,M600,31.3062683,120.6025389,30.5,CONTINGENCY,,
485,485,EVTOL-01,EC35,31.2954874,120.6018488,199.9,BUSY,M-P-001,V1
485,485,L-UAV-01,AMZN,31.3004563,120.5988971,100.0,BUSY,M-L-001,V3
485,485,M-UAV-01,M600,31.3108767,120.6039862,30.5,AVAILABLE,,
485,485,M-UAV-02,M600,31.3062683,120.6025389,30.5,CONTINGENCY,,
486,486,EVTOL-01,EC35,31.2957362,120.6021584,199.9,BUSY,M-P-001,V1
486,486,L-UAV-01,AMZN,31.3005755,120.5989726,100.0,BUSY,M-L-001,V3
486,486,M-UAV-01,M600,31.3108767,120.6039862,30.5,AVAILABLE,,
486,486,M-UAV-02,M600,31.3062683,120.6025389,30.5,CONTINGENCY,,
487,487,EVTOL-01,EC35,31.2960134,120.6024331,199.9,BUSY,M-P-001,V1
487,487,L-UAV-01,AMZN,31.3006948,120.5990480,100.0,BUSY,M-L-001,V3
487,487,M-UAV-01,M600,31.3108767,120.6039862,30.5,AVAILABLE,,
487,487,M-UAV-02,M600,31.3062683,120.6025389,30.5,CONTINGENCY,,
488,488,EVTOL-01,EC35,31.2963153,120.6026693,199.9,BUSY,M-P-001,V1
488,488,L-UAV-01,AMZN,31.3008140,120.5991235,100.0,BUSY,M-L-001,V3
488,488,M-UAV-01,M600,31.3108767,120.6039862,30.5,AVAILABLE,,
488,488,M-UAV-02,M600,31.3062683,120.6025389,30.5,CONTINGENCY,,
489,489,EVTOL-01,EC35,31.2966381,120.6028642,199.9,BUSY,M-P-001,V1
489,489,L-UAV-01,AMZN,31.3009332,120.5991990,100.0,BUSY,M-L-001,V3
489,489,M-UAV-01,M600,31.3108767,120.6039862,30.5,AVAILABLE,,
489,489,M-UAV-02,M600,31.3062683,120.6025389,30.5,CONTINGENCY,,
490,490,EVTOL-01,EC35,31.2969776,120.6030151,199.9,BUSY,M-P-001,V1
490,490,L-UAV-01,AMZN,31.3010525,120.5992744,100.0,BUSY,M-L-001,V3
490,490,M-UAV-01,M600,31.3108767,120.6039862,30.5,AVAILABLE,,
490,490,M-UAV-02,M600,31.3062683,120.6025389,30.5,CONTINGENCY,,
491,491,EVTOL-01,EC35,31.2973295,120.6031202,199.9,BUSY,M-P-001,V1
491,491,L-UAV-01,AMZN,31.3011717,120.5993499,100.0,BUSY,M-L-001,V3
491,491,M-UAV-01,M600,31.3108767,120.6039862,30.5,AVAILABLE,,
491,491,M-UAV-02,M600,31.3062683,120.6025389,30.5,CONTINGENCY,,
492,492,EVTOL-01,EC35,31.2976893,120.6031780,199.9,BUSY,M-P-001,V1
492,492,L-UAV-01,AMZN,31.3012909,120.5994253,100.0,BUSY,M-L-001,V3
492,492,M-UAV-01,M600,31.3108767,120.6039862,30.5,AVAILABLE,,
492,492,M-UAV-02,M600,31.3062683,120.6025389,30.5,CONTINGENCY,,
493,493,EVTOL-01,EC35,31.2980520,120.6032002,199.9,BUSY,M-P-001,V1
493,493,L-UAV-01,AMZN,31.3014101,120.5995008,100.0,BUSY,M-L-001,V3
493,493,M-UAV-01,M600,31.3108767,120.6039862,30.5,AVAILABLE,,
493,493,M-UAV-02,M600,31.3062683,120.6025389,30.5,CONTINGENCY,,
494,494,EVTOL-01,EC35,31.2984147,120.6032224,199.9,BUSY,M-P-001,V1
494,494,L-UAV-01,AMZN,31.3015294,120.5995763,100.0,BUSY,M-L-001,V3
494,494,M-UAV-01,M600,31.3108767,120.6039862,30.5,AVAILABLE,,
494,494,M-UAV-02,M600,31.3062683,120.6025389,30.5,CONTINGENCY,,
495,495,EVTOL-01,EC35,31.2987774,120.6032447,199.9,BUSY,M-P-001,V1
495,495,L-UAV-01,AMZN,31.3016486,120.5996517,100.0,BUSY,M-L-001,V3
495,495,M-UAV-01,M600,31.3108767,120.6039862,30.5,AVAILABLE,,
495,495,M-UAV-02,M600,31.3062683,120.6025389,30.5,CONTINGENCY,,
496,496,EVTOL-01,EC35,31.2991401,120.6032669,199.9,BUSY,M-P-001,V1
496,496,L-UAV-01,AMZN,31.3017678,120.5997272,100.0,BUSY,M-L-001,V3
496,496,M-UAV-01,M600,31.3108767,120.6039862,30.5,AVAILABLE,,
496,496,M-UAV-02,M600,31.3062683,120.6025389,30.5,CONTINGENCY,,
497,497,EVTOL-01,EC35,31.2995028,120.6032891,199.9,BUSY,M-P-001,V1
497,497,L-UAV-01,AMZN,31.3018871,120.5998027,100.0,BUSY,M-L-001,V3
497,497,M-UAV-01,M600,31.3108767,120.6039862,30.5,AVAILABLE,,
497,497,M-UAV-02,M600,31.3062683,120.6025389,30.5,CONTINGENCY,,
498,498,EVTOL-01,EC35,31.2998655,120.6033113,199.9,BUSY,M-P-001,V1
498,498,L-UAV-01,AMZN,31.3020063,120.5998781,100.0,BUSY,M-L-001,V3
498,498,M-UAV-01,M600,31.3108767,120.6039862,30.5,AVAILABLE,,
498,498,M-UAV-02,M600,31.3062683,120.6025389,30.5,CONTINGENCY,,
499,499,EVTOL-01,EC35,31.3002282,120.6033336,199.9,BUSY,M-P-001,V1
499,499,L-UAV-01,AMZN,31.3021255,120.5999536,100.0,BUSY,M-L-001,V3
499,499,M-UAV-01,M600,31.3108767,120.6039862,30.5,AVAILABLE,,
499,499,M-UAV-02,M600,31.3062683,120.6025389,30.5,CONTINGENCY,,
500,500,EVTOL-01,EC35,31.3005909,120.6033558,199.9,BUSY,M-P-001,V1
500,500,L-UAV-01,AMZN,31.3022447,120.6000291,100.0,BUSY,M-L-001,V3
500,500,M-UAV-01,M600,31.3108767,120.6039862,30.5,AVAILABLE,,
500,500,M-UAV-02,M600,31.3062683,120.6025389,30.5,CONTINGENCY,,
501,501,EVTOL-01,EC35,31.3009536,120.6033780,199.9,BUSY,M-P-001,V1
501,501,L-UAV-01,AMZN,31.3023640,120.6001045,100.0,BUSY,M-L-001,V3
501,501,M-UAV-01,M600,31.3108767,120.6039862,30.5,AVAILABLE,,
501,501,M-UAV-02,M600,31.3062683,120.6025389,30.5,CONTINGENCY,,
502,502,EVTOL-01,EC35,31.3013163,120.6034002,199.9,BUSY,M-P-001,V1
502,502,L-UAV-01,AMZN,31.3024832,120.6001800,100.0,BUSY,M-L-001,V3
502,502,M-UAV-01,M600,31.3108767,120.6039862,30.5,AVAILABLE,,
502,502,M-UAV-02,M600,31.3062683,120.6025389,30.5,CONTINGENCY,,
503,503,EVTOL-01,EC35,31.3016790,120.6034225,199.9,BUSY,M-P-001,V1
503,503,L-UAV-01,AMZN,31.3026024,120.6002554,100.0,BUSY,M-L-001,V3
503,503,M-UAV-01,M600,31.3108767,120.6039862,30.5,AVAILABLE,,
503,503,M-UAV-02,M600,31.3062683,120.6025389,30.5,CONTINGENCY,,
504,504,EVTOL-01,EC35,31.3020417,120.6034447,199.9,BUSY,M-P-001,V1
504,504,L-UAV-01,AMZN,31.3027217,120.6003309,100.0,BUSY,M-L-001,V3
504,504,M-UAV-01,M600,31.3108767,120.6039862,30.5,AVAILABLE,,
504,504,M-UAV-02,M600,31.3062683,120.6025389,30.5,CONTINGENCY,,
505,505,EVTOL-01,EC35,31.3024043,120.6034669,199.9,BUSY,M-P-001,V1
505,505,L-UAV-01,AMZN,31.3028409,120.6004064,100.0,BUSY,M-L-001,V3
505,505,M-UAV-01,M600,31.3108767,120.6039862,30.5,AVAILABLE,,
505,505,M-UAV-02,M600,31.3062683,120.6025389,30.5,CONTINGENCY,,
506,506,EVTOL-01,EC35,31.3027670,120.6034891,199.9,BUSY,M-P-001,V1
506,506,L-UAV-01,AMZN,31.3029601,120.6004818,100.0,BUSY,M-L-001,V3
506,506,M-UAV-01,M600,31.3108767,120.6039862,30.5,AVAILABLE,,
506,506,M-UAV-02,M600,31.3062683,120.6025389,30.5,CONTINGENCY,,
507,507,EVTOL-01,EC35,31.3031297,120.6035114,199.9,BUSY,M-P-001,V1
507,507,L-UAV-01,AMZN,31.3030793,120.6005573,100.0,BUSY,M-L-001,V3
507,507,M-UAV-01,M600,31.3108767,120.6039862,30.5,AVAILABLE,,
507,507,M-UAV-02,M600,31.3062683,120.6025389,30.5,CONTINGENCY,,
508,508,EVTOL-01,EC35,31.3034924,120.6035336,199.9,BUSY,M-P-001,V1
508,508,L-UAV-01,AMZN,31.3031986,120.6006328,100.0,BUSY,M-L-001,V3
508,508,M-UAV-01,M600,31.3108767,120.6039862,30.5,AVAILABLE,,
508,508,M-UAV-02,M600,31.3062683,120.6025389,30.5,CONTINGENCY,,
509,509,EVTOL-01,EC35,31.3038551,120.6035558,199.9,BUSY,M-P-001,V1
509,509,L-UAV-01,AMZN,31.3033178,120.6007082,100.0,BUSY,M-L-001,V3
509,509,M-UAV-01,M600,31.3108767,120.6039862,30.5,AVAILABLE,,
509,509,M-UAV-02,M600,31.3062683,120.6025389,30.5,CONTINGENCY,,
510,510,EVTOL-01,EC35,31.3042178,120.6035781,199.9,BUSY,M-P-001,V1
510,510,L-UAV-01,AMZN,31.3034370,120.6007837,100.0,BUSY,M-L-001,V3
510,510,M-UAV-01,M600,31.3108767,120.6039862,30.5,AVAILABLE,,
510,510,M-UAV-02,M600,31.3062683,120.6025389,30.5,CONTINGENCY,,
511,511,EVTOL-01,EC35,31.3045805,120.6036003,199.9,BUSY,M-P-001,V1
511,511,L-UAV-01,AMZN,31.3035563,120.6008592,100.0,BUSY,M-L-001,V3
511,511,M-UAV-01,M600,31.3108767,120.6039862,30.5,AVAILABLE,,
511,511,M-UAV-02,M600,31.3062683,120.6025389,30.5,CONTINGENCY,,
512,512,EVTOL-01,EC35,31.3049432,120.6036225,199.9,BUSY,M-P-001,V1
512,512,L-UAV-01,AMZN,31.3036755,120.6009346,100.0,BUSY,M-L-001,V3
512,512,M-UAV-01,M600,31.3108767,120.6039862,30.5,AVAILABLE,,
512,512,M-UAV-02,M600,31.3062683,120.6025389,30.5,CONTINGENCY,,
513,513,EVTOL-01,EC35,31.3053059,120.6036447,199.9,BUSY,M-P-001,V1
513,513,L-UAV-01,AMZN,31.3037947,120.6010101,100.0,BUSY,M-L-001,V3
513,513,M-UAV-01,M600,31.3108767,120.6039862,30.5,AVAILABLE,,
513,513,M-UAV-02,M600,31.3062683,120.6025389,30.5,CONTINGENCY,,
514,514,EVTOL-01,EC35,31.3056686,120.6036670,199.9,BUSY,M-P-001,V1
514,514,L-UAV-01,AMZN,31.3039139,120.6010856,100.0,BUSY,M-L-001,V3
514,514,M-UAV-01,M600,31.3108767,120.6039862,30.5,AVAILABLE,,
514,514,M-UAV-02,M600,31.3062683,120.6025389,30.5,CONTINGENCY,,
515,515,EVTOL-01,EC35,31.3060313,120.6036892,199.9,BUSY,M-P-001,V1
515,515,L-UAV-01,AMZN,31.3040332,120.6011610,100.0,BUSY,M-L-001,V3
515,515,M-UAV-01,M600,31.3108767,120.6039862,30.5,AVAILABLE,,
515,515,M-UAV-02,M600,31.3062683,120.6025389,30.5,CONTINGENCY,,
516,516,EVTOL-01,EC35,31.3063940,120.6037114,199.9,BUSY,M-P-001,V1
516,516,L-UAV-01,AMZN,31.3041524,120.6012365,100.0,BUSY,M-L-001,V3
516,516,M-UAV-01,M600,31.3108767,120.6039862,30.5,AVAILABLE,,
516,516,M-UAV-02,M600,31.3062683,120.6025389,30.5,CONTINGENCY,,
517,517,EVTOL-01,EC35,31.3067567,120.6037336,199.9,BUSY,M-P-001,V1
517,517,L-UAV-01,AMZN,31.3042716,120.6013120,100.0,BUSY,M-L-001,V3
517,517,M-UAV-01,M600,31.3108767,120.6039862,30.5,AVAILABLE,,
517,517,M-UAV-02,M600,31.3062683,120.6025389,30.5,CONTINGENCY,,
518,518,EVTOL-01,EC35,31.3071194,120.6037559,199.9,BUSY,M-P-001,V1
518,518,L-UAV-01,AMZN,31.3043908,120.6013874,100.0,BUSY,M-L-001,V3
518,518,M-UAV-01,M600,31.3108767,120.6039862,30.5,AVAILABLE,,
518,518,M-UAV-02,M600,31.3062683,120.6025389,30.5,CONTINGENCY,,
519,519,EVTOL-01,EC35,31.3074821,120.6037781,199.9,BUSY,M-P-001,V1
519,519,L-UAV-01,AMZN,31.3045101,120.6014629,100.0,BUSY,M-L-001,V3
519,519,M-UAV-01,M600,31.3108767,120.6039862,30.5,AVAILABLE,,
519,519,M-UAV-02,M600,31.3062683,120.6025389,30.5,CONTINGENCY,,
520,520,EVTOL-01,EC35,31.3078447,120.6038003,199.9,BUSY,M-P-001,V1
520,520,L-UAV-01,AMZN,31.3046293,120.6015384,100.0,BUSY,M-L-001,V3
520,520,M-UAV-01,M600,31.3108767,120.6039862,30.5,AVAILABLE,,
520,520,M-UAV-02,M600,31.3062683,120.6025389,30.5,CONTINGENCY,,
521,521,EVTOL-01,EC35,31.3082074,120.6038226,199.9,BUSY,M-P-001,V1
521,521,L-UAV-01,AMZN,31.3047485,120.6016138,100.0,BUSY,M-L-001,V3
521,521,M-UAV-01,M600,31.3108767,120.6039862,30.5,AVAILABLE,,
521,521,M-UAV-02,M600,31.3062683,120.6025389,30.5,CONTINGENCY,,
522,522,EVTOL-01,EC35,31.3085701,120.6038448,199.9,BUSY,M-P-001,V1
522,522,L-UAV-01,AMZN,31.3048678,120.6016893,100.0,BUSY,M-L-001,V3
522,522,M-UAV-01,M600,31.3108767,120.6039862,30.5,AVAILABLE,,
522,522,M-UAV-02,M600,31.3062683,120.6025389,30.5,CONTINGENCY,,
523,523,EVTOL-01,EC35,31.3089328,120.6038670,199.9,BUSY,M-P-001,V1
523,523,L-UAV-01,AMZN,31.3049870,120.6017648,100.0,BUSY,M-L-001,V3
523,523,M-UAV-01,M600,31.3108767,120.6039862,30.5,AVAILABLE,,
523,523,M-UAV-02,M600,31.3062683,120.6025389,30.5,CONTINGENCY,,
524,524,EVTOL-01,EC35,31.3092955,120.6038892,199.9,BUSY,M-P-001,V1
524,524,L-UAV-01,AMZN,31.3051062,120.6018402,100.0,BUSY,M-L-001,V3
524,524,M-UAV-01,M600,31.3108767,120.6039862,30.5,AVAILABLE,,
524,524,M-UAV-02,M600,31.3062683,120.6025389,30.5,CONTINGENCY,,
525,525,EVTOL-01,EC35,31.3096582,120.6039115,199.9,BUSY,M-P-001,V1
525,525,L-UAV-01,AMZN,31.3052254,120.6019157,100.0,BUSY,M-L-001,V3
525,525,M-UAV-01,M600,31.3108767,120.6039862,30.5,AVAILABLE,,
525,525,M-UAV-02,M600,31.3062683,120.6025389,30.5,CONTINGENCY,,
526,526,EVTOL-01,EC35,31.3100209,120.6039337,199.9,BUSY,M-P-001,V2
526,526,L-UAV-01,AMZN,31.3053447,120.6019912,100.0,BUSY,M-L-001,V3
526,526,M-UAV-01,M600,31.3108767,120.6039862,30.5,AVAILABLE,,
526,526,M-UAV-02,M600,31.3062683,120.6025389,30.5,CONTINGENCY,,
527,527,EVTOL-01,EC35,31.3103834,120.6039078,199.9,BUSY,M-P-001,V2
527,527,L-UAV-01,AMZN,31.3054639,120.6020667,100.0,BUSY,M-L-001,V3
527,527,M-UAV-01,M600,31.3108767,120.6039862,30.5,AVAILABLE,,
527,527,M-UAV-02,M600,31.3062683,120.6025389,30.5,CONTINGENCY,,
528,528,EVTOL-01,EC35,31.3107411,120.6038342,199.9,BUSY,M-P-001,V2
528,528,L-UAV-01,AMZN,31.3055831,120.6021421,100.0,BUSY,M-L-001,V3
528,528,M-UAV-01,M600,31.3108767,120.6039862,30.5,AVAILABLE,,
528,528,M-UAV-02,M600,31.3062683,120.6025389,30.5,CONTINGENCY,,
529,529,EVTOL-01,EC35,31.3110894,120.6037137,199.9,BUSY,M-P-001,V2
529,529,L-UAV-01,AMZN,31.3057024,120.6022176,100.0,BUSY,M-L-001,V3
529,529,M-UAV-01,M600,31.3108767,120.6039862,30.5,AVAILABLE,,
529,529,M-UAV-02,M600,31.3062683,120.6025389,30.5,CONTINGENCY,,
530,530,EVTOL-01,EC35,31.3114239,120.6035479,199.9,BUSY,M-P-001,V2
530,530,L-UAV-01,AMZN,31.3058216,120.6022931,100.0,BUSY,M-L-001,V2
530,530,M-UAV-01,M600,31.3108767,120.6039862,30.5,AVAILABLE,,
530,530,M-UAV-02,M600,31.3062683,120.6025389,30.5,CONTINGENCY,,
531,531,EVTOL-01,EC35,31.3117401,120.6033389,199.9,BUSY,M-P-001,V2
531,531,L-UAV-01,AMZN,31.3059546,120.6023234,100.0,BUSY,M-L-001,V2
531,531,M-UAV-01,M600,31.3108767,120.6039862,30.5,AVAILABLE,,
531,531,M-UAV-02,M600,31.3062683,120.6025389,30.5,CONTINGENCY,,
532,532,EVTOL-01,EC35,31.3120342,120.6030895,199.9,BUSY,M-P-001,V2
532,532,L-UAV-01,AMZN,31.3060893,120.6023058,100.0,BUSY,M-L-001,V2
532,532,M-UAV-01,M600,31.3108767,120.6039862,30.5,AVAILABLE,,
532,532,M-UAV-02,M600,31.3062683,120.6025389,30.5,CONTINGENCY,,
533,533,EVTOL-01,EC35,31.3123024,120.6028027,199.9,BUSY,M-P-001,V2
533,533,L-UAV-01,AMZN,31.3062134,120.6022419,100.0,BUSY,M-L-001,V2
533,533,M-UAV-01,M600,31.3108767,120.6039862,30.5,AVAILABLE,,
533,533,M-UAV-02,M600,31.3062683,120.6025389,30.5,CONTINGENCY,,
534,534,EVTOL-01,EC35,31.3125411,120.6024824,199.9,BUSY,M-P-001,V2
534,534,L-UAV-01,AMZN,31.3063155,120.6021376,100.0,BUSY,M-L-001,V2
534,534,M-UAV-01,M600,31.3108767,120.6039862,30.5,AVAILABLE,,
534,534,M-UAV-02,M600,31.3062683,120.6025389,30.5,CONTINGENCY,,
535,535,EVTOL-01,EC35,31.3127474,120.6021325,199.9,BUSY,M-P-001,V2
535,535,L-UAV-01,AMZN,31.3063863,120.6020023,100.0,BUSY,M-L-001,V2
535,535,M-UAV-01,M600,31.3108767,120.6039862,30.5,AVAILABLE,,
535,535,M-UAV-02,M600,31.3062683,120.6025389,30.5,CONTINGENCY,,
536,536,EVTOL-01,EC35,31.3129185,120.6017575,199.9,BUSY,M-P-001,V2
536,536,L-UAV-01,AMZN,31.3064193,120.6018484,100.0,BUSY,M-L-001,V2
536,536,M-UAV-01,M600,31.3108767,120.6039862,30.5,AVAILABLE,,
536,536,M-UAV-02,M600,31.3062683,120.6025389,30.5,CONTINGENCY,,
537,537,EVTOL-01,EC35,31.3130524,120.6013624,199.9,BUSY,M-P-001,V2
537,537,L-UAV-01,AMZN,31.3064116,120.6016901,100.0,BUSY,M-L-001,V2
537,537,M-UAV-01,M600,31.3108767,120.6039862,30.5,AVAILABLE,,
537,537,M-UAV-02,M600,31.3062683,120.6025389,30.5,CONTINGENCY,,
538,538,EVTOL-01,EC35,31.3131473,120.6009520,199.9,BUSY,M-P-001,V2
538,538,L-UAV-01,AMZN,31.3063638,120.6015416,100.0,BUSY,M-L-001,V2
538,538,M-UAV-01,M600,31.3108767,120.6039862,30.5,AVAILABLE,,
538,538,M-UAV-02,M600,31.3062683,120.6025389,30.5,CONTINGENCY,,
539,539,EVTOL-01,EC35,31.3132020,120.6005318,199.9,BUSY,M-P-001,V2
539,539,L-UAV-01,AMZN,31.3062802,120.6014167,100.0,BUSY,M-L-001,V2
539,539,M-UAV-01,M600,31.3108767,120.6039862,30.5,AVAILABLE,,
539,539,M-UAV-02,M600,31.3062683,120.6025389,30.5,CONTINGENCY,,
540,540,EVTOL-01,EC35,31.3132157,120.6001069,199.9,BUSY,M-P-001,V2
540,540,L-UAV-01,AMZN,31.3061686,120.6013267,100.0,BUSY,M-L-001,V2
540,540,M-UAV-01,M600,31.3108767,120.6039862,30.5,AVAILABLE,,
540,540,M-UAV-02,M600,31.3062683,120.6025389,30.5,CONTINGENCY,,
541,541,EVTOL-01,EC35,31.3131884,120.5996830,199.9,BUSY,M-P-001,V2
541,541,L-UAV-01,AMZN,31.3060494,120.6012512,100.0,BUSY,M-L-001,V2
541,541,M-UAV-01,M600,31.3108767,120.6039862,30.5,AVAILABLE,,
541,541,M-UAV-02,M600,31.3062683,120.6025389,30.5,CONTINGENCY,,
542,542,EVTOL-01,EC35,31.3131203,120.5992655,199.9,BUSY,M-P-001,V2
542,542,L-UAV-01,AMZN,31.3059301,120.6011757,100.0,BUSY,M-L-001,V2
542,542,M-UAV-01,M600,31.3108767,120.6039862,30.5,AVAILABLE,,
542,542,M-UAV-02,M600,31.3062683,120.6025389,30.5,CONTINGENCY,,
543,543,EVTOL-01,EC35,31.3130123,120.5988596,199.9,BUSY,M-P-001,V2
543,543,L-UAV-01,AMZN,31.3058109,120.6011003,100.0,BUSY,M-L-001,V2
543,543,M-UAV-01,M600,31.3108767,120.6039862,30.5,AVAILABLE,,
543,543,M-UAV-02,M600,31.3062683,120.6025389,30.5,CONTINGENCY,,
544,544,EVTOL-01,EC35,31.3128658,120.5984706,199.9,BUSY,M-P-001,V2
544,544,L-UAV-01,AMZN,31.3056917,120.6010248,100.0,BUSY,M-L-001,V2
544,544,M-UAV-01,M600,31.3108767,120.6039862,30.5,AVAILABLE,,
544,544,M-UAV-02,M600,31.3062683,120.6025389,30.5,CONTINGENCY,,
545,545,EVTOL-01,EC35,31.3126827,120.5981034,199.9,BUSY,M-P-001,V2
545,545,L-UAV-01,AMZN,31.3055725,120.6009493,100.0,BUSY,M-L-001,V2
545,545,M-UAV-01,M600,31.3108767,120.6039862,30.5,AVAILABLE,,
545,545,M-UAV-02,M600,31.3062683,120.6025389,30.5,CONTINGENCY,,
546,546,EVTOL-01,EC35,31.3124654,120.5977628,199.9,BUSY,M-P-001,V2
546,546,L-UAV-01,AMZN,31.3054532,120.6008739,100.0,BUSY,M-L-001,V2
546,546,M-UAV-01,M600,31.3108767,120.6039862,30.5,AVAILABLE,,
546,546,M-UAV-02,M600,31.3062683,120.6025389,30.5,CONTINGENCY,,
547,547,EVTOL-01,EC35,31.3122166,120.5974532,199.9,BUSY,M-P-001,V2
547,547,L-UAV-01,AMZN,31.3053340,120.6007984,100.0,BUSY,M-L-001,V2
547,547,M-UAV-01,M600,31.3108767,120.6039862,30.5,AVAILABLE,,
547,547,M-UAV-02,M600,31.3062683,120.6025389,30.5,CONTINGENCY,,
548,548,EVTOL-01,EC35,31.3119394,120.5971784,199.9,BUSY,M-P-001,V2
548,548,L-UAV-01,AMZN,31.3052148,120.6007229,100.0,BUSY,M-L-001,V2
548,548,M-UAV-01,M600,31.3108767,120.6039862,30.5,AVAILABLE,,
548,548,M-UAV-02,M600,31.3062683,120.6025389,30.5,CONTINGENCY,,
549,549,EVTOL-01,EC35,31.3116375,120.5969421,199.9,BUSY,M-P-001,V2
549,549,L-UAV-01,AMZN,31.3050956,120.6006474,100.0,BUSY,M-L-001,V2
549,549,M-UAV-01,M600,31.3108767,120.6039862,30.5,AVAILABLE,,
549,549,M-UAV-02,M600,31.3062683,120.6025389,30.5,CONTINGENCY,,
550,550,EVTOL-01,EC35,31.3113148,120.5967471,199.9,BUSY,M-P-001,V2
550,550,L-UAV-01,AMZN,31.3049763,120.6005720,100.0,BUSY,M-L-001,V2
550,550,M-UAV-01,M600,31.3108767,120.6039862,30.5,AVAILABLE,,
550,550,M-UAV-02,M600,31.3062683,120.6025389,30.5,CONTINGENCY,,
551,551,EVTOL-01,EC35,31.3109753,120.5965962,199.9,BUSY,M-P-001,V2
551,551,L-UAV-01,AMZN,31.3048571,120.6004965,100.0,BUSY,M-L-001,V2
551,551,M-UAV-01,M600,31.3108767,120.6039862,30.5,AVAILABLE,,
551,551,M-UAV-02,M600,31.3062683,120.6025389,30.5,CONTINGENCY,,
552,552,EVTOL-01,EC35,31.3106234,120.5964911,199.9,BUSY,M-P-001,V2
552,552,L-UAV-01,AMZN,31.3047379,120.6004210,100.0,BUSY,M-L-001,V2
552,552,M-UAV-01,M600,31.3108767,120.6039862,30.5,AVAILABLE,,
552,552,M-UAV-02,M600,31.3062683,120.6025389,30.5,CONTINGENCY,,
553,553,EVTOL-01,EC35,31.3102636,120.5964332,199.9,BUSY,M-P-001,V2
553,553,L-UAV-01,AMZN,31.3046186,120.6003456,100.0,BUSY,M-L-001,V2
553,553,M-UAV-01,M600,31.3108767,120.6039862,30.5,AVAILABLE,,
553,553,M-UAV-02,M600,31.3062683,120.6025389,30.5,CONTINGENCY,,
554,554,EVTOL-01,EC35,31.3099009,120.5964110,199.9,BUSY,M-P-001,V2
554,554,L-UAV-01,AMZN,31.3044994,120.6002701,100.0,BUSY,M-L-001,V2
554,554,M-UAV-01,M600,31.3108767,120.6039862,30.5,AVAILABLE,,
554,554,M-UAV-02,M600,31.3062683,120.6025389,30.5,CONTINGENCY,,
555,555,EVTOL-01,EC35,31.3095382,120.5963888,199.9,BUSY,M-P-001,V2
555,555,L-UAV-01,AMZN,31.3043802,120.6001947,100.0,BUSY,M-L-001,V2
555,555,M-UAV-01,M600,31.3108767,120.6039862,30.5,AVAILABLE,,
555,555,M-UAV-02,M600,31.3062683,120.6025389,30.5,CONTINGENCY,,
556,556,EVTOL-01,EC35,31.3091755,120.5963666,199.9,BUSY,M-P-001,V2
556,556,L-UAV-01,AMZN,31.3042610,120.6001192,100.0,BUSY,M-L-001,V2
556,556,M-UAV-01,M600,31.3108767,120.6039862,30.5,AVAILABLE,,
556,556,M-UAV-02,M600,31.3062683,120.6025389,30.5,CONTINGENCY,,
557,557,EVTOL-01,EC35,31.3088128,120.5963444,199.9,BUSY,M-P-001,V2
557,557,L-UAV-01,AMZN,31.3041417,120.6000437,100.0,BUSY,M-L-001,V2
557,557,M-UAV-01,M600,31.3108767,120.6039862,30.5,AVAILABLE,,
557,557,M-UAV-02,M600,31.3062683,120.6025389,30.5,CONTINGENCY,,
558,558,EVTOL-01,EC35,31.3084501,120.5963222,199.9,BUSY,M-P-001,V2
558,558,L-UAV-01,AMZN,31.3040225,120.5999683,100.0,BUSY,M-L-001,V2
558,558,M-UAV-01,M600,31.3108767,120.6039862,30.5,AVAILABLE,,
558,558,M-UAV-02,M600,31.3062683,120.6025389,30.5,CONTINGENCY,,
559,559,EVTOL-01,EC35,31.3080874,120.5963000,199.9,BUSY,M-P-001,V2
559,559,L-UAV-01,AMZN,31.3039033,120.5998928,100.0,BUSY,M-L-001,V2
559,559,M-UAV-01,M600,31.3108767,120.6039862,30.5,AVAILABLE,,
559,559,M-UAV-02,M600,31.3062683,120.6025389,30.5,CONTINGENCY,,
560,560,EVTOL-01,EC35,31.3077247,120.5962778,199.9,BUSY,M-P-001,V2
560,560,L-UAV-01,AMZN,31.3037840,120.5998173,100.0,BUSY,M-L-001,V2
560,560,M-UAV-01,M600,31.3108767,120.6039862,30.5,AVAILABLE,,
560,560,M-UAV-02,M600,31.3062683,120.6025389,30.5,CONTINGENCY,,
561,561,EVTOL-01,EC35,31.3073620,120.5962557,199.9,BUSY,M-P-001,V2
561,561,L-UAV-01,AMZN,31.3036648,120.5997419,100.0,BUSY,M-L-001,V2
561,561,M-UAV-01,M600,31.3108767,120.6039862,30.5,AVAILABLE,,
561,561,M-UAV-02,M600,31.3062683,120.6025389,30.5,CONTINGENCY,,
562,562,EVTOL-01,EC35,31.3069993,120.5962335,199.9,BUSY,M-P-001,V2
562,562,L-UAV-01,AMZN,31.3035456,120.5996664,100.0,BUSY,M-L-001,V2
562,562,M-UAV-01,M600,31.3108767,120.6039862,30.5,AVAILABLE,,
562,562,M-UAV-02,M600,31.3062683,120.6025389,30.5,CONTINGENCY,,
563,563,EVTOL-01,EC35,31.3066366,120.5962113,199.9,BUSY,M-P-001,V2
563,563,L-UAV-01,AMZN,31.3034264,120.5995909,100.0,BUSY,M-L-001,V2
563,563,M-UAV-01,M600,31.3108767,120.6039862,30.5,AVAILABLE,,
563,563,M-UAV-02,M600,31.3062683,120.6025389,30.5,CONTINGENCY,,
564,564,EVTOL-01,EC35,31.3062739,120.5961891,199.9,BUSY,M-P-001,V2
564,564,L-UAV-01,AMZN,31.3033071,120.5995155,100.0,BUSY,M-L-001,V2
564,564,M-UAV-01,M600,31.3108767,120.6039862,30.5,AVAILABLE,,
564,564,M-UAV-02,M600,31.3062683,120.6025389,30.5,CONTINGENCY,,
565,565,EVTOL-01,EC35,31.3059112,120.5961669,199.9,BUSY,M-P-001,V2
565,565,L-UAV-01,AMZN,31.3031879,120.5994400,100.0,BUSY,M-L-001,V2
565,565,M-UAV-01,M600,31.3108767,120.6039862,30.5,AVAILABLE,,
565,565,M-UAV-02,M600,31.3062683,120.6025389,30.5,CONTINGENCY,,
566,566,EVTOL-01,EC35,31.3055485,120.5961447,199.9,BUSY,M-P-001,V2
566,566,L-UAV-01,AMZN,31.3030687,120.5993645,100.0,BUSY,M-L-001,V2
566,566,M-UAV-01,M600,31.3108767,120.6039862,30.5,AVAILABLE,,
566,566,M-UAV-02,M600,31.3062683,120.6025389,30.5,CONTINGENCY,,
567,567,EVTOL-01,EC35,31.3051858,120.5961225,199.9,BUSY,M-P-001,V2
567,567,L-UAV-01,AMZN,31.3029494,120.5992891,100.0,BUSY,M-L-001,V2
567,567,M-UAV-01,M600,31.3108767,120.6039862,30.5,AVAILABLE,,
567,567,M-UAV-02,M600,31.3062683,120.6025389,30.5,CONTINGENCY,,
568,568,EVTOL-01,EC35,31.3048231,120.5961003,199.9,BUSY,M-P-001,V2
568,568,L-UAV-01,AMZN,31.3028302,120.5992136,100.0,BUSY,M-L-001,V2
568,568,M-UAV-01,M600,31.3108767,120.6039862,30.5,AVAILABLE,,
568,568,M-UAV-02,M600,31.3062683,120.6025389,30.5,CONTINGENCY,,
569,569,EVTOL-01,EC35,31.3044604,120.5960782,199.9,BUSY,M-P-001,V2
569,569,L-UAV-01,AMZN,31.3027110,120.5991381,100.0,BUSY,M-L-001,V2
569,569,M-UAV-01,M600,31.3108767,120.6039862,30.5,AVAILABLE,,
569,569,M-UAV-02,M600,31.3062683,120.6025389,30.5,CONTINGENCY,,
570,570,EVTOL-01,EC35,31.3040977,120.5960560,199.9,BUSY,M-P-001,V2
570,570,L-UAV-01,AMZN,31.3025917,120.5990627,100.0,BUSY,M-L-001,V2
570,570,M-UAV-01,M600,31.3108767,120.6039862,30.5,AVAILABLE,,
570,570,M-UAV-02,M600,31.3062683,120.6025389,30.5,CONTINGENCY,,
571,571,EVTOL-01,EC35,31.3037350,120.5960338,199.9,BUSY,M-P-001,V2
571,571,L-UAV-01,AMZN,31.3024725,120.5989872,100.0,BUSY,M-L-001,V2
571,571,M-UAV-01,M600,31.3108767,120.6039862,30.5,AVAILABLE,,
571,571,M-UAV-02,M600,31.3062683,120.6025389,30.5,CONTINGENCY,,
572,572,EVTOL-01,EC35,31.3033723,120.5960116,199.9,BUSY,M-P-001,V2
572,572,L-UAV-01,AMZN,31.3023533,120.5989118,100.0,BUSY,M-L-001,V2
572,572,M-UAV-01,M600,31.3108767,120.6039862,30.5,AVAILABLE,,
572,572,M-UAV-02,M600,31.3062683,120.6025389,30.5,CONTINGENCY,,
573,573,EVTOL-01,EC35,31.3030096,120.5959894,199.9,BUSY,M-P-001,V2
573,573,L-UAV-01,AMZN,31.3022341,120.5988363,100.0,BUSY,M-L-001,V2
573,573,M-UAV-01,M600,31.3108767,120.6039862,30.5,AVAILABLE,,
573,573,M-UAV-02,M600,31.3062683,120.6025389,30.5,CONTINGENCY,,
574,574,EVTOL-01,EC35,31.3026469,120.5959672,199.9,BUSY,M-P-001,V2
574,574,L-UAV-01,AMZN,31.3021148,120.5987608,100.0,BUSY,M-L-001,V2
574,574,M-UAV-01,M600,31.3108767,120.6039862,30.5,AVAILABLE,,
574,574,M-UAV-02,M600,31.3062683,120.6025389,30.5,CONTINGENCY,,
575,575,EVTOL-01,EC35,31.3022843,120.5959450,199.9,BUSY,M-P-001,V2
575,575,L-UAV-01,AMZN,31.3019956,120.5986854,100.0,BUSY,M-L-001,V2
575,575,M-UAV-01,M600,31.3108767,120.6039862,30.5,AVAILABLE,,
575,575,M-UAV-02,M600,31.3062683,120.6025389,30.5,CONTINGENCY,,
576,576,EVTOL-01,EC35,31.3019216,120.5959229,199.9,BUSY,M-P-001,V2
576,576,L-UAV-01,AMZN,31.3018764,120.5986099,100.0,BUSY,M-L-001,V2
576,576,M-UAV-01,M600,31.3108767,120.6039862,30.5,AVAILABLE,,
576,576,M-UAV-02,M600,31.3062683,120.6025389,30.5,CONTINGENCY,,
577,577,EVTOL-01,EC35,31.3015589,120.5959007,199.9,BUSY,M-P-001,V2
577,577,L-UAV-01,AMZN,31.3017571,120.5985344,100.0,BUSY,M-L-001,V2
577,577,M-UAV-01,M600,31.3108767,120.6039862,30.5,AVAILABLE,,
577,577,M-UAV-02,M600,31.3062683,120.6025389,30.5,CONTINGENCY,,
578,578,EVTOL-01,EC35,31.3011962,120.5958785,199.9,BUSY,M-P-001,V2
578,578,L-UAV-01,AMZN,31.3016379,120.5984590,100.0,BUSY,M-L-001,V2
578,578,M-UAV-01,M600,31.3108767,120.6039862,30.5,AVAILABLE,,
578,578,M-UAV-02,M600,31.3062683,120.6025389,30.5,CONTINGENCY,,
579,579,EVTOL-01,EC35,31.3008335,120.5958563,199.9,BUSY,M-P-001,V2
579,579,L-UAV-01,AMZN,31.3015187,120.5983835,100.0,BUSY,M-L-001,V2
579,579,M-UAV-01,M600,31.3108767,120.6039862,30.5,AVAILABLE,,
579,579,M-UAV-02,M600,31.3062683,120.6025389,30.5,CONTINGENCY,,
580,580,EVTOL-01,EC35,31.3004708,120.5958341,199.9,BUSY,M-P-001,V2
580,580,L-UAV-01,AMZN,31.3013995,120.5983081,100.0,BUSY,M-L-001,V2
580,580,M-UAV-01,M600,31.3108767,120.6039862,30.5,AVAILABLE,,
580,580,M-UAV-02,M600,31.3062683,120.6025389,30.5,CONTINGENCY,,
581,581,EVTOL-01,EC35,31.3001081,120.5958119,199.9,BUSY,M-P-001,V2
581,581,L-UAV-01,AMZN,31.3012802,120.5982326,100.0,BUSY,M-L-001,V2
581,581,M-UAV-01,M600,31.3108767,120.6039862,30.5,AVAILABLE,,
581,581,M-UAV-02,M600,31.3062683,120.6025389,30.5,CONTINGENCY,,
582,582,EVTOL-01,EC35,31.2997454,120.5957898,199.9,BUSY,M-P-001,V2
582,582,L-UAV-01,AMZN,31.3011610,120.5981571,100.0,BUSY,M-L-001,V2
582,582,M-UAV-01,M600,31.3108767,120.6039862,30.5,AVAILABLE,,
582,582,M-UAV-02,M600,31.3062683,120.6025389,30.5,CONTINGENCY,,
583,583,EVTOL-01,EC35,31.2993827,120.5957676,199.9,BUSY,M-P-001,V2
583,583,L-UAV-01,AMZN,31.3010418,120.5980817,100.0,BUSY,M-L-001,V2
583,583,M-UAV-01,M600,31.3108767,120.6039862,30.5,AVAILABLE,,
583,583,M-UAV-02,M600,31.3062683,120.6025389,30.5,CONTINGENCY,,
584,584,EVTOL-01,EC35,31.2990200,120.5957454,199.9,BUSY,M-P-001,V2
584,584,L-UAV-01,AMZN,31.3009225,120.5980062,100.0,BUSY,M-L-001,V2
584,584,M-UAV-01,M600,31.3108767,120.6039862,30.5,AVAILABLE,,
584,584,M-UAV-02,M600,31.3062683,120.6025389,30.5,CONTINGENCY,,
585,585,EVTOL-01,EC35,31.2986573,120.5957232,199.9,BUSY,M-P-001,V2
585,585,L-UAV-01,AMZN,31.3008033,120.5979308,100.0,BUSY,M-L-001,V2
585,585,M-UAV-01,M600,31.3108767,120.6039862,30.5,AVAILABLE,,
585,585,M-UAV-02,M600,31.3062683,120.6025389,30.5,CONTINGENCY,,
586,586,EVTOL-01,EC35,31.2982946,120.5957010,199.9,BUSY,M-P-001,V2
586,586,L-UAV-01,AMZN,31.3006841,120.5978553,100.0,BUSY,M-L-001,V2
586,586,M-UAV-01,M600,31.3108767,120.6039862,30.5,AVAILABLE,,
586,586,M-UAV-02,M600,31.3062683,120.6025389,30.5,CONTINGENCY,,
587,587,EVTOL-01,EC35,31.2979319,120.5956788,199.9,BUSY,M-P-001,V1
587,587,L-UAV-01,AMZN,31.3005648,120.5977798,100.0,BUSY,M-L-001,V2
587,587,M-UAV-01,M600,31.3108767,120.6039862,30.5,AVAILABLE,,
587,587,M-UAV-02,M600,31.3062683,120.6025389,30.5,CONTINGENCY,,
588,588,EVTOL-01,EC35,31.2975694,120.5957048,199.9,BUSY,M-P-001,V1
588,588,L-UAV-01,AMZN,31.3004456,120.5977044,100.0,BUSY,M-L-001,V2
588,588,M-UAV-01,M600,31.3108767,120.6039862,30.5,AVAILABLE,,
588,588,M-UAV-02,M600,31.3062683,120.6025389,30.5,CONTINGENCY,,
589,589,EVTOL-01,EC35,31.2972117,120.5957784,199.9,BUSY,M-P-001,V1
589,589,L-UAV-01,AMZN,31.3003264,120.5976289,100.0,BUSY,M-L-001,V2
589,589,M-UAV-01,M600,31.3108767,120.6039862,30.5,AVAILABLE,,
589,589,M-UAV-02,M600,31.3062683,120.6025389,30.5,CONTINGENCY,,
590,590,EVTOL-01,EC35,31.2968634,120.5958990,199.9,BUSY,M-P-001,V1
590,590,L-UAV-01,AMZN,31.3002072,120.5975535,100.0,BUSY,M-L-001,V2
590,590,M-UAV-01,M600,31.3108767,120.6039862,30.5,AVAILABLE,,
590,590,M-UAV-02,M600,31.3062683,120.6025389,30.5,CONTINGENCY,,
591,591,EVTOL-01,EC35,31.2965290,120.5960648,199.9,BUSY,M-P-001,V1
591,591,L-UAV-01,AMZN,31.3000879,120.5974780,100.0,BUSY,M-L-001,V2
591,591,M-UAV-01,M600,31.3108767,120.6039862,30.5,AVAILABLE,,
591,591,M-UAV-02,M600,31.3062683,120.6025389,30.5,CONTINGENCY,,
592,592,EVTOL-01,EC35,31.2962127,120.5962737,199.9,BUSY,M-P-001,V1
592,592,L-UAV-01,AMZN,31.2999687,120.5974025,100.0,BUSY,M-L-001,V2
592,592,M-UAV-01,M600,31.3108767,120.6039862,30.5,AVAILABLE,,
592,592,M-UAV-02,M600,31.3062683,120.6025389,30.5,CONTINGENCY,,
593,593,EVTOL-01,EC35,31.2959187,120.5965232,199.9,BUSY,M-P-001,V1
593,593,L-UAV-01,AMZN,31.2998495,120.5973271,100.0,BUSY,M-L-001,V2
593,593,M-UAV-01,M600,31.3108767,120.6039862,30.5,AVAILABLE,,
593,593,M-UAV-02,M600,31.3062683,120.6025389,30.5,CONTINGENCY,,
594,594,EVTOL-01,EC35,31.2956506,120.5968099,199.9,BUSY,M-P-001,V1
594,594,L-UAV-01,AMZN,31.2997302,120.5972516,100.0,BUSY,M-L-001,V2
594,594,M-UAV-01,M600,31.3108767,120.6039862,30.5,AVAILABLE,,
594,594,M-UAV-02,M600,31.3062683,120.6025389,30.5,CONTINGENCY,,
595,595,EVTOL-01,EC35,31.2954119,120.5971302,199.9,BUSY,M-P-001,V1
595,595,L-UAV-01,AMZN,31.2996110,120.5971762,100.0,BUSY,M-L-001,V2
595,595,M-UAV-01,M600,31.3108767,120.6039862,30.5,AVAILABLE,,
595,595,M-UAV-02,M600,31.3062683,120.6025389,30.5,CONTINGENCY,,
596,596,EVTOL-01,EC35,31.2952056,120.5974801,199.9,BUSY,M-P-001,V1
596,596,L-UAV-01,AMZN,31.2994918,120.5971007,100.0,BUSY,M-L-001,V2
596,596,M-UAV-01,M600,31.3108767,120.6039862,30.5,AVAILABLE,,
596,596,M-UAV-02,M600,31.3062683,120.6025389,30.5,CONTINGENCY,,
597,597,EVTOL-01,EC35,31.2950345,120.5978550,199.9,BUSY,M-P-001,V1
597,597,L-UAV-01,AMZN,31.2993725,120.5970252,100.0,BUSY,M-L-001,V2
597,597,M-UAV-01,M600,31.3108767,120.6039862,30.5,AVAILABLE,,
597,597,M-UAV-02,M600,31.3062683,120.6025389,30.5,CONTINGENCY,,
598,598,EVTOL-01,EC35,31.2949006,120.5982501,199.9,BUSY,M-P-001,V1
598,598,L-UAV-01,AMZN,31.2992533,120.5969498,100.0,BUSY,M-L-001,V2
598,598,M-UAV-01,M600,31.3108767,120.6039862,30.5,AVAILABLE,,
598,598,M-UAV-02,M600,31.3062683,120.6025389,30.5,CONTINGENCY,,
599,599,EVTOL-01,EC35,31.2948058,120.5986603,199.9,BUSY,M-P-001,V1
599,599,L-UAV-01,AMZN,31.2991341,120.5968743,100.0,BUSY,M-L-001,V2
599,599,M-UAV-01,M600,31.3108767,120.6039862,30.5,AVAILABLE,,
599,599,M-UAV-02,M600,31.3062683,120.6025389,30.5,CONTINGENCY,,
600,600,EVTOL-01,EC35,31.2947511,120.5990805,199.9,BUSY,M-P-001,V1
600,600,L-UAV-01,AMZN,31.2990149,120.5967989,100.0,BUSY,M-L-001,V2
600,600,M-UAV-01,M600,31.3108767,120.6039862,30.5,AVAILABLE,,
600,600,M-UAV-02,M600,31.3062683,120.6025389,30.5,CONTINGENCY,,
601,601,EVTOL-01,EC35,31.2947374,120.5995053,199.9,BUSY,M-P-001,V1
601,601,L-UAV-01,AMZN,31.2988956,120.5967234,100.0,BUSY,M-L-001,V2
601,601,M-UAV-01,M600,31.3108767,120.6039862,30.5,AVAILABLE,,
601,601,M-UAV-02,M600,31.3062683,120.6025389,30.5,CONTINGENCY,,
602,602,EVTOL-01,EC35,31.2947648,120.5999291,199.9,BUSY,M-P-001,V1
602,602,L-UAV-01,AMZN,31.2987764,120.5966480,100.0,BUSY,M-L-001,V2
602,602,M-UAV-01,M600,31.3108767,120.6039862,30.5,AVAILABLE,,
602,602,M-UAV-02,M600,31.3062683,120.6025389,30.5,CONTINGENCY,,
603,603,EVTOL-01,EC35,31.2948330,120.6003466,199.9,BUSY,M-P-001,V1
603,603,L-UAV-01,AMZN,31.2986572,120.5965725,100.0,BUSY,M-L-001,V2
603,603,M-UAV-01,M600,31.3108767,120.6039862,30.5,AVAILABLE,,
603,603,M-UAV-02,M600,31.3062683,120.6025389,30.5,CONTINGENCY,,
604,604,EVTOL-01,EC35,31.2949410,120.6007524,199.9,BUSY,M-P-001,V1
604,604,L-UAV-01,AMZN,31.2985379,120.5964970,100.0,BUSY,M-L-001,V2
604,604,M-UAV-01,M600,31.3108767,120.6039862,30.5,AVAILABLE,,
604,604,M-UAV-02,M600,31.3062683,120.6025389,30.5,CONTINGENCY,,
605,605,EVTOL-01,EC35,31.2950875,120.6011413,199.9,BUSY,M-P-001,V1
605,605,L-UAV-01,AMZN,31.2984187,120.5964216,100.0,BUSY,M-L-001,V2
605,605,M-UAV-01,M600,31.3108767,120.6039862,30.5,AVAILABLE,,
605,605,M-UAV-02,M600,31.3062683,120.6025389,30.5,CONTINGENCY,,
606,606,EVTOL-01,EC35,31.2952706,120.6015084,199.9,BUSY,M-P-001,V1
606,606,L-UAV-01,AMZN,31.2982995,120.5963461,100.0,BUSY,M-L-001,V2
606,606,M-UAV-01,M600,31.3108767,120.6039862,30.5,AVAILABLE,,
606,606,M-UAV-02,M600,31.3062683,120.6025389,30.5,CONTINGENCY,,
607,607,EVTOL-01,EC35,31.2954880,120.6018488,199.9,BUSY,M-P-001,V1
607,607,L-UAV-01,AMZN,31.2981802,120.5962707,100.0,BUSY,M-L-001,V2
607,607,M-UAV-01,M600,31.3108767,120.6039862,30.5,AVAILABLE,,
607,607,M-UAV-02,M600,31.3062683,120.6025389,30.5,CONTINGENCY,,
608,608,EVTOL-01,EC35,31.2957368,120.6021584,199.9,BUSY,M-P-001,V1
608,608,L-UAV-01,AMZN,31.2980610,120.5961952,100.0,BUSY,M-L-001,V2
608,608,M-UAV-01,M600,31.3108767,120.6039862,30.5,AVAILABLE,,
608,608,M-UAV-02,M600,31.3062683,120.6025389,30.5,CONTINGENCY,,
609,609,EVTOL-01,EC35,31.2960140,120.6024331,199.9,BUSY,M-P-001,V1
609,609,L-UAV-01,AMZN,31.2979418,120.5961198,100.0,BUSY,M-L-001,V3
609,609,M-UAV-01,M600,31.3108767,120.6039862,30.5,AVAILABLE,,
609,609,M-UAV-02,M600,31.3062683,120.6025389,30.5,CONTINGENCY,,
610,610,EVTOL-01,EC35,31.2963159,120.6026694,199.9,BUSY,M-P-001,V1
610,610,L-UAV-01,AMZN,31.2978087,120.5960894,100.0,BUSY,M-L-001,V3
610,610,M-UAV-01,M600,31.3108767,120.6039862,30.5,AVAILABLE,,
610,610,M-UAV-02,M600,31.3062683,120.6025389,30.5,CONTINGENCY,,
611,611,EVTOL-01,EC35,31.2966387,120.6028642,199.9,BUSY,M-P-001,V1
611,611,L-UAV-01,AMZN,31.2976740,120.5961070,100.0,BUSY,M-L-001,V3
611,611,M-UAV-01,M600,31.3108767,120.6039862,30.5,AVAILABLE,,
611,611,M-UAV-02,M600,31.3062683,120.6025389,30.5,CONTINGENCY,,
612,612,EVTOL-01,EC35,31.2969782,120.6030151,199.9,BUSY,M-P-001,V1
612,612,L-UAV-01,AMZN,31.2975500,120.5961709,100.0,BUSY,M-L-001,V3
612,612,M-UAV-01,M600,31.3108767,120.6039862,30.5,AVAILABLE,,
612,612,M-UAV-02,M600,31.3062683,120.6025389,30.5,CONTINGENCY,,
613,613,EVTOL-01,EC35,31.2973301,120.6031202,199.9,BUSY,M-P-001,V1
613,613,L-UAV-01,AMZN,31.2974479,120.5962753,100.0,BUSY,M-L-001,V3
613,613,M-UAV-01,M600,31.3108767,120.6039862,30.5,AVAILABLE,,
613,613,M-UAV-02,M600,31.3062683,120.6025389,30.5,CONTINGENCY,,
614,614,EVTOL-01,EC35,31.2976899,120.6031780,199.9,BUSY,M-P-001,V1
614,614,L-UAV-01,AMZN,31.2973771,120.5964105,100.0,BUSY,M-L-001,V3
614,614,M-UAV-01,M600,31.3108767,120.6039862,30.5,AVAILABLE,,
614,614,M-UAV-02,M600,31.3062683,120.6025389,30.5,CONTINGENCY,,
615,615,EVTOL-01,EC35,31.2980526,120.6032003,199.9,BUSY,M-P-001,V1
615,615,L-UAV-01,AMZN,31.2973440,120.5965644,100.0,BUSY,M-L-001,V3
615,615,M-UAV-01,M600,31.3108767,120.6039862,30.5,AVAILABLE,,
615,615,M-UAV-02,M600,31.3062683,120.6025389,30.5,CONTINGENCY,,
616,616,EVTOL-01,EC35,31.2984153,120.6032225,199.9,BUSY,M-P-001,V1
616,616,L-UAV-01,AMZN,31.2973518,120.5967228,100.0,BUSY,M-L-001,V3
616,616,M-UAV-01,M600,31.3108767,120.6039862,30.5,AVAILABLE,,
616,616,M-UAV-02,M600,31.3062683,120.6025389,30.5,CONTINGENCY,,
617,617,EVTOL-01,EC35,31.2987780,120.6032447,199.9,BUSY,M-P-001,V1
617,617,L-UAV-01,AMZN,31.2973996,120.5968712,100.0,BUSY,M-L-001,V3
617,617,M-UAV-01,M600,31.3108767,120.6039862,30.5,AVAILABLE,,
617,617,M-UAV-02,M600,31.3062683,120.6025389,30.5,CONTINGENCY,,
618,618,EVTOL-01,EC35,31.2991407,120.6032669,199.9,BUSY,M-P-001,V1
618,618,L-UAV-01,AMZN,31.2974832,120.5969961,100.0,BUSY,M-L-001,V3
618,618,M-UAV-01,M600,31.3108767,120.6039862,30.5,AVAILABLE,,
618,618,M-UAV-02,M600,31.3062683,120.6025389,30.5,CONTINGENCY,,
619,619,EVTOL-01,EC35,31.2995034,120.6032892,199.9,BUSY,M-P-001,V1
619,619,L-UAV-01,AMZN,31.2975948,120.5970861,100.0,BUSY,M-L-001,V3
619,619,M-UAV-01,M600,31.3108767,120.6039862,30.5,AVAILABLE,,
619,619,M-UAV-02,M600,31.3062683,120.6025389,30.5,CONTINGENCY,,
620,620,EVTOL-01,EC35,31.2998661,120.6033114,199.9,BUSY,M-P-001,V1
620,620,L-UAV-01,AMZN,31.2977140,120.5971616,100.0,BUSY,M-L-001,V3
620,620,M-UAV-01,M600,31.3108767,120.6039862,30.5,AVAILABLE,,
620,620,M-UAV-02,M600,31.3062683,120.6025389,30.5,CONTINGENCY,,
621,621,EVTOL-01,EC35,31.3002288,120.6033336,199.9,BUSY,M-P-001,V1
621,621,L-UAV-01,AMZN,31.2978333,120.5972370,100.0,BUSY,M-L-001,V3
621,621,M-UAV-01,M600,31.3108767,120.6039862,30.5,AVAILABLE,,
621,621,M-UAV-02,M600,31.3062683,120.6025389,30.5,CONTINGENCY,,
622,622,EVTOL-01,EC35,31.3005915,120.6033558,199.9,BUSY,M-P-001,V1
622,622,L-UAV-01,AMZN,31.2979525,120.5973125,100.0,BUSY,M-L-001,V3
622,622,M-UAV-01,M600,31.3108767,120.6039862,30.5,AVAILABLE,,
622,622,M-UAV-02,M600,31.3062683,120.6025389,30.5,CONTINGENCY,,
623,623,EVTOL-01,EC35,31.3009542,120.6033781,199.9,BUSY,M-P-001,V1
623,623,L-UAV-01,AMZN,31.2980717,120.5973879,100.0,BUSY,M-L-001,V3
623,623,M-UAV-01,M600,31.3108767,120.6039862,30.5,AVAILABLE,,
623,623,M-UAV-02,M600,31.3062683,120.6025389,30.5,CONTINGENCY,,
624,624,EVTOL-01,EC35,31.3013169,120.6034003,199.9,BUSY,M-P-001,V1
624,624,L-UAV-01,AMZN,31.2981910,120.5974634,100.0,BUSY,M-L-001,V3
624,624,M-UAV-01,M600,31.3108767,120.6039862,30.5,AVAILABLE,,
624,624,M-UAV-02,M600,31.3062683,120.6025389,30.5,CONTINGENCY,,
625,625,EVTOL-01,EC35,31.3016795,120.6034225,199.9,BUSY,M-P-001,V1
625,625,L-UAV-01,AMZN,31.2983102,120.5975388,100.0,BUSY,M-L-001,V3
625,625,M-UAV-01,M600,31.3108767,120.6039862,30.5,AVAILABLE,,
625,625,M-UAV-02,M600,31.3062683,120.6025389,30.5,CONTINGENCY,,
626,626,EVTOL-01,EC35,31.3020422,120.6034447,199.9,BUSY,M-P-001,V1
626,626,L-UAV-01,AMZN,31.2984294,120.5976143,100.0,BUSY,M-L-001,V3
626,626,M-UAV-01,M600,31.3108767,120.6039862,30.5,AVAILABLE,,
626,626,M-UAV-02,M600,31.3062683,120.6025389,30.5,CONTINGENCY,,
627,627,EVTOL-01,EC35,31.3024049,120.6034670,199.9,BUSY,M-P-001,V1
627,627,L-UAV-01,AMZN,31.2985486,120.5976898,100.0,BUSY,M-L-001,V3
627,627,M-UAV-01,M600,31.3108767,120.6039862,30.5,AVAILABLE,,
627,627,M-UAV-02,M600,31.3062683,120.6025389,30.5,CONTINGENCY,,
628,628,EVTOL-01,EC35,31.3027676,120.6034892,199.9,BUSY,M-P-001,V1
628,628,L-UAV-01,AMZN,31.2986679,120.5977652,100.0,BUSY,M-L-001,V3
628,628,M-UAV-01,M600,31.3108767,120.6039862,30.5,AVAILABLE,,
628,628,M-UAV-02,M600,31.3062683,120.6025389,30.5,CONTINGENCY,,
629,629,EVTOL-01,EC35,31.3031303,120.6035114,199.9,BUSY,M-P-001,V1
629,629,L-UAV-01,AMZN,31.2987871,120.5978407,100.0,BUSY,M-L-001,V3
629,629,M-UAV-01,M600,31.3108767,120.6039862,30.5,AVAILABLE,,
629,629,M-UAV-02,M600,31.3062683,120.6025389,30.5,CONTINGENCY,,
630,630,EVTOL-01,EC35,31.3034930,120.6035336,199.9,BUSY,M-P-001,V1
630,630,L-UAV-01,AMZN,31.2989063,120.5979161,100.0,BUSY,M-L-001,V3
630,630,M-UAV-01,M600,31.3108767,120.6039862,30.5,AVAILABLE,,
630,630,M-UAV-02,M600,31.3062683,120.6025389,30.5,CONTINGENCY,,
631,631,EVTOL-01,EC35,31.3038557,120.6035559,199.9,BUSY,M-P-001,V1
631,631,L-UAV-01,AMZN,31.2990256,120.5979916,100.0,BUSY,M-L-001,V3
631,631,M-UAV-01,M600,31.3108767,120.6039862,30.5,AVAILABLE,,
631,631,M-UAV-02,M600,31.3062683,120.6025389,30.5,CONTINGENCY,,
632,632,EVTOL-01,EC35,31.3042184,120.6035781,199.9,BUSY,M-P-001,V1
632,632,L-UAV-01,AMZN,31.2991448,120.5980671,100.0,BUSY,M-L-001,V3
632,632,M-UAV-01,M600,31.3108767,120.6039862,30.5,AVAILABLE,,
632,632,M-UAV-02,M600,31.3062683,120.6025389,30.5,CONTINGENCY,,
633,633,EVTOL-01,EC35,31.3045811,120.6036003,199.9,BUSY,M-P-001,V1
633,633,L-UAV-01,AMZN,31.2992640,120.5981425,100.0,BUSY,M-L-001,V3
633,633,M-UAV-01,M600,31.3108767,120.6039862,30.5,AVAILABLE,,
633,633,M-UAV-02,M600,31.3062683,120.6025389,30.5,CONTINGENCY,,
634,634,EVTOL-01,EC35,31.3049438,120.6036225,199.9,BUSY,M-P-001,V1
634,634,L-UAV-01,AMZN,31.2993833,120.5982180,100.0,BUSY,M-L-001,V3
634,634,M-UAV-01,M600,31.3108767,120.6039862,30.5,AVAILABLE,,
634,634,M-UAV-02,M600,31.3062683,120.6025389,30.5,CONTINGENCY,,
635,635,EVTOL-01,EC35,31.3053065,120.6036448,199.9,BUSY,M-P-001,V1
635,635,L-UAV-01,AMZN,31.2995025,120.5982934,100.0,BUSY,M-L-001,V3
635,635,M-UAV-01,M600,31.3108767,120.6039862,30.5,AVAILABLE,,
635,635,M-UAV-02,M600,31.3062683,120.6025389,30.5,CONTINGENCY,,
636,636,EVTOL-01,EC35,31.3056692,120.6036670,199.9,BUSY,M-P-001,V1
636,636,L-UAV-01,AMZN,31.2996217,120.5983689,100.0,BUSY,M-L-001,V3
636,636,M-UAV-01,M600,31.3108767,120.6039862,30.5,AVAILABLE,,
636,636,M-UAV-02,M600,31.3062683,120.6025389,30.5,CONTINGENCY,,
637,637,EVTOL-01,EC35,31.3060319,120.6036892,199.9,BUSY,M-P-001,V1
637,637,L-UAV-01,AMZN,31.2997409,120.5984444,100.0,BUSY,M-L-001,V3
637,637,M-UAV-01,M600,31.3108767,120.6039862,30.5,AVAILABLE,,
637,637,M-UAV-02,M600,31.3062683,120.6025389,30.5,CONTINGENCY,,
638,638,EVTOL-01,EC35,31.3063946,120.6037115,199.9,BUSY,M-P-001,V1
638,638,L-UAV-01,AMZN,31.2998602,120.5985198,100.0,BUSY,M-L-001,V3
638,638,M-UAV-01,M600,31.3108767,120.6039862,30.5,AVAILABLE,,
638,638,M-UAV-02,M600,31.3062683,120.6025389,30.5,CONTINGENCY,,
639,639,EVTOL-01,EC35,31.3067573,120.6037337,199.9,BUSY,M-P-001,V1
639,639,L-UAV-01,AMZN,31.2999794,120.5985953,100.0,BUSY,M-L-001,V3
639,639,M-UAV-01,M600,31.3108767,120.6039862,30.5,AVAILABLE,,
639,639,M-UAV-02,M600,31.3062683,120.6025389,30.5,CONTINGENCY,,
640,640,EVTOL-01,EC35,31.3071199,120.6037559,199.9,BUSY,M-P-001,V1
640,640,L-UAV-01,AMZN,31.3000986,120.5986707,100.0,BUSY,M-L-001,V3
640,640,M-UAV-01,M600,31.3108767,120.6039862,30.5,AVAILABLE,,
640,640,M-UAV-02,M600,31.3062683,120.6025389,30.5,CONTINGENCY,,
641,641,EVTOL-01,EC35,31.3074826,120.6037781,199.9,BUSY,M-P-001,V1
641,641,L-UAV-01,AMZN,31.3002179,120.5987462,100.0,BUSY,M-L-001,V3
641,641,M-UAV-01,M600,31.3108767,120.6039862,30.5,AVAILABLE,,
641,641,M-UAV-02,M600,31.3062683,120.6025389,30.5,CONTINGENCY,,
642,642,EVTOL-01,EC35,31.3078453,120.6038004,199.9,BUSY,M-P-001,V1
642,642,L-UAV-01,AMZN,31.3003371,120.5988217,100.0,BUSY,M-L-001,V3
642,642,M-UAV-01,M600,31.3108767,120.6039862,30.5,AVAILABLE,,
642,642,M-UAV-02,M600,31.3062683,120.6025389,30.5,CONTINGENCY,,
643,643,EVTOL-01,EC35,31.3082080,120.6038226,199.9,BUSY,M-P-001,V1
643,643,L-UAV-01,AMZN,31.3004563,120.5988971,100.0,BUSY,M-L-001,V3
643,643,M-UAV-01,M600,31.3108767,120.6039862,30.5,AVAILABLE,,
643,643,M-UAV-02,M600,31.3062683,120.6025389,30.5,CONTINGENCY,,
644,644,EVTOL-01,EC35,31.3085707,120.6038448,199.9,BUSY,M-P-001,V1
644,644,L-UAV-01,AMZN,31.3005755,120.5989726,100.0,BUSY,M-L-001,V3
644,644,M-UAV-01,M600,31.3108767,120.6039862,30.5,AVAILABLE,,
644,644,M-UAV-02,M600,31.3062683,120.6025389,30.5,CONTINGENCY,,
645,645,EVTOL-01,EC35,31.3089334,120.6038670,199.9,BUSY,M-P-001,V1
645,645,L-UAV-01,AMZN,31.3006948,120.5990480,100.0,BUSY,M-L-001,V3
645,645,M-UAV-01,M600,31.3108767,120.6039862,30.5,AVAILABLE,,
645,645,M-UAV-02,M600,31.3062683,120.6025389,30.5,CONTINGENCY,,
646,646,EVTOL-01,EC35,31.3092961,120.6038893,199.9,BUSY,M-P-001,V1
646,646,L-UAV-01,AMZN,31.3008140,120.5991235,100.0,BUSY,M-L-001,V3
646,646,M-UAV-01,M600,31.3108767,120.6039862,30.5,AVAILABLE,,
646,646,M-UAV-02,M600,31.3062683,120.6025389,30.5,CONTINGENCY,,
647,647,EVTOL-01,EC35,31.3096588,120.6039115,199.9,BUSY,M-P-001,V1
647,647,L-UAV-01,AMZN,31.3009332,120.5991990,100.0,BUSY,M-L-001,V3
647,647,M-UAV-01,M600,31.3108767,120.6039862,30.5,AVAILABLE,,
647,647,M-UAV-02,M600,31.3062683,120.6025389,30.5,CONTINGENCY,,
648,648,EVTOL-01,EC35,31.3100215,120.6039337,199.9,BUSY,M-P-001,V2
648,648,L-UAV-01,AMZN,31.3010525,120.5992744,100.0,BUSY,M-L-001,V3
648,648,M-UAV-01,M600,31.3108767,120.6039862,30.5,AVAILABLE,,
648,648,M-UAV-02,M600,31.3062683,120.6025389,30.5,CONTINGENCY,,
649,649,EVTOL-01,EC35,31.3103840,120.6039079,199.9,BUSY,M-P-001,V2
649,649,L-UAV-01,AMZN,31.3011717,120.5993499,100.0,BUSY,M-L-001,V3
649,649,M-UAV-01,M600,31.3108767,120.6039862,30.5,AVAILABLE,,
649,649,M-UAV-02,M600,31.3062683,120.6025389,30.5,CONTINGENCY,,
650,650,EVTOL-01,EC35,31.3107417,120.6038342,199.9,BUSY,M-P-001,V2
650,650,L-UAV-01,AMZN,31.3012909,120.5994253,100.0,BUSY,M-L-001,V3
650,650,M-UAV-01,M600,31.3108767,120.6039862,30.5,AVAILABLE,,
650,650,M-UAV-02,M600,31.3062683,120.6025389,30.5,CONTINGENCY,,
651,651,EVTOL-01,EC35,31.3110900,120.6037137,199.9,BUSY,M-P-001,V2
651,651,L-UAV-01,AMZN,31.3014101,120.5995008,100.0,BUSY,M-L-001,V3
651,651,M-UAV-01,M600,31.3108767,120.6039862,30.5,AVAILABLE,,
651,651,M-UAV-02,M600,31.3062683,120.6025389,30.5,CONTINGENCY,,
652,652,EVTOL-01,EC35,31.3114244,120.6035479,199.9,BUSY,M-P-001,V2
652,652,L-UAV-01,AMZN,31.3015294,120.5995763,100.0,BUSY,M-L-001,V3
652,652,M-UAV-01,M600,31.3108767,120.6039862,30.5,AVAILABLE,,
652,652,M-UAV-02,M600,31.3062683,120.6025389,30.5,CONTINGENCY,,
653,653,EVTOL-01,EC35,31.3117407,120.6033390,199.9,BUSY,M-P-001,V2
653,653,L-UAV-01,AMZN,31.3016486,120.5996517,100.0,BUSY,M-L-001,V3
653,653,M-UAV-01,M600,31.3108767,120.6039862,30.5,AVAILABLE,,
653,653,M-UAV-02,M600,31.3062683,120.6025389,30.5,CONTINGENCY,,
654,654,EVTOL-01,EC35,31.3120348,120.6030895,199.9,BUSY,M-P-001,V2
654,654,L-UAV-01,AMZN,31.3017678,120.5997272,100.0,BUSY,M-L-001,V3
654,654,M-UAV-01,M600,31.3108767,120.6039862,30.5,AVAILABLE,,
654,654,M-UAV-02,M600,31.3062683,120.6025389,30.5,CONTINGENCY,,
655,655,EVTOL-01,EC35,31.3123029,120.6028028,199.9,BUSY,M-P-001,V2
655,655,L-UAV-01,AMZN,31.3018871,120.5998027,100.0,BUSY,M-L-001,V3
655,655,M-UAV-01,M600,31.3108767,120.6039862,30.5,AVAILABLE,,
655,655,M-UAV-02,M600,31.3062683,120.6025389,30.5,CONTINGENCY,,
656,656,EVTOL-01,EC35,31.3125417,120.6024824,199.9,BUSY,M-P-001,V2
656,656,L-UAV-01,AMZN,31.3020063,120.5998781,100.0,BUSY,M-L-001,V3
656,656,M-UAV-01,M600,31.3108767,120.6039862,30.5,AVAILABLE,,
656,656,M-UAV-02,M600,31.3062683,120.6025389,30.5,CONTINGENCY,,
657,657,EVTOL-01,EC35,31.3127479,120.6021325,199.9,BUSY,M-P-001,V2
657,657,L-UAV-01,AMZN,31.3021255,120.5999536,100.0,BUSY,M-L-001,V3
657,657,M-UAV-01,M600,31.3108767,120.6039862,30.5,AVAILABLE,,
657,657,M-UAV-02,M600,31.3062683,120.6025389,30.5,CONTINGENCY,,
658,658,EVTOL-01,EC35,31.3129191,120.6017576,199.9,BUSY,M-P-001,V2
658,658,L-UAV-01,AMZN,31.3022447,120.6000291,100.0,BUSY,M-L-001,V3
658,658,M-UAV-01,M600,31.3108767,120.6039862,30.5,AVAILABLE,,
658,658,M-UAV-02,M600,31.3062683,120.6025389,30.5,CONTINGENCY,,
659,659,EVTOL-01,EC35,31.3130530,120.6013624,199.9,BUSY,M-P-001,V2
659,659,L-UAV-01,AMZN,31.3023640,120.6001045,100.0,BUSY,M-L-001,V3
659,659,M-UAV-01,M600,31.3108767,120.6039862,30.5,AVAILABLE,,
659,659,M-UAV-02,M600,31.3062683,120.6025389,30.5,CONTINGENCY,,
660,660,EVTOL-01,EC35,31.3131479,120.6009521,199.9,BUSY,M-P-001,V2
660,660,L-UAV-01,AMZN,31.3024832,120.6001800,100.0,BUSY,M-L-001,V3
660,660,M-UAV-01,M600,31.3108767,120.6039862,30.5,AVAILABLE,,
660,660,M-UAV-02,M600,31.3062683,120.6025389,30.5,CONTINGENCY,,
661,661,EVTOL-01,EC35,31.3132026,120.6005318,199.9,BUSY,M-P-001,V2
661,661,L-UAV-01,AMZN,31.3026024,120.6002555,100.0,BUSY,M-L-001,V3
661,661,M-UAV-01,M600,31.3108767,120.6039862,30.5,AVAILABLE,,
661,661,M-UAV-02,M600,31.3062683,120.6025389,30.5,CONTINGENCY,,
662,662,EVTOL-01,EC35,31.3132163,120.6001070,199.9,BUSY,M-P-001,V2
662,662,L-UAV-01,AMZN,31.3027217,120.6003309,100.0,BUSY,M-L-001,V3
662,662,M-UAV-01,M600,31.3108767,120.6039862,30.5,AVAILABLE,,
662,662,M-UAV-02,M600,31.3062683,120.6025389,30.5,CONTINGENCY,,
663,663,EVTOL-01,EC35,31.3131889,120.5996831,199.9,BUSY,M-P-001,V2
663,663,L-UAV-01,AMZN,31.3028409,120.6004064,100.0,BUSY,M-L-001,V3
663,663,M-UAV-01,M600,31.3108767,120.6039862,30.5,AVAILABLE,,
663,663,M-UAV-02,M600,31.3062683,120.6025389,30.5,CONTINGENCY,,
664,664,EVTOL-01,EC35,31.3131208,120.5992655,199.9,BUSY,M-P-001,V2
664,664,L-UAV-01,AMZN,31.3029601,120.6004818,100.0,BUSY,M-L-001,V3
664,664,M-UAV-01,M600,31.3108767,120.6039862,30.5,AVAILABLE,,
664,664,M-UAV-02,M600,31.3062683,120.6025389,30.5,CONTINGENCY,,
665,665,EVTOL-01,EC35,31.3130129,120.5988596,199.9,BUSY,M-P-001,V2
665,665,L-UAV-01,AMZN,31.3030793,120.6005573,100.0,BUSY,M-L-001,V3
665,665,M-UAV-01,M600,31.3108767,120.6039862,30.5,AVAILABLE,,
665,665,M-UAV-02,M600,31.3062683,120.6025389,30.5,CONTINGENCY,,
666,666,EVTOL-01,EC35,31.3128664,120.5984706,199.9,BUSY,M-P-001,V2
666,666,L-UAV-01,AMZN,31.3031986,120.6006328,100.0,BUSY,M-L-001,V3
666,666,M-UAV-01,M600,31.3108767,120.6039862,30.5,AVAILABLE,,
666,666,M-UAV-02,M600,31.3062683,120.6025389,30.5,CONTINGENCY,,
667,667,EVTOL-01,EC35,31.3126833,120.5981034,199.9,BUSY,M-P-001,V2
667,667,L-UAV-01,AMZN,31.3033178,120.6007082,100.0,BUSY,M-L-001,V3
667,667,M-UAV-01,M600,31.3108767,120.6039862,30.5,AVAILABLE,,
667,667,M-UAV-02,M600,31.3062683,120.6025389,30.5,CONTINGENCY,,
668,668,EVTOL-01,EC35,31.3124660,120.5977629,199.9,BUSY,M-P-001,V2
668,668,L-UAV-01,AMZN,31.3034370,120.6007837,100.0,BUSY,M-L-001,V3
668,668,M-UAV-01,M600,31.3108767,120.6039862,30.5,AVAILABLE,,
668,668,M-UAV-02,M600,31.3062683,120.6025389,30.5,CONTINGENCY,,
669,669,EVTOL-01,EC35,31.3122172,120.5974532,199.9,BUSY,M-P-001,V2
669,669,L-UAV-01,AMZN,31.3035563,120.6008592,100.0,BUSY,M-L-001,V3
669,669,M-UAV-01,M600,31.3108767,120.6039862,30.5,AVAILABLE,,
669,669,M-UAV-02,M600,31.3062683,120.6025389,30.5,CONTINGENCY,,
670,670,EVTOL-01,EC35,31.3119400,120.5971784,199.9,BUSY,M-P-001,V2
670,670,L-UAV-01,AMZN,31.3036755,120.6009346,100.0,BUSY,M-L-001,V3
670,670,M-UAV-01,M600,31.3108767,120.6039862,30.5,AVAILABLE,,
670,670,M-UAV-02,M600,31.3062683,120.6025389,30.5,CONTINGENCY,,
671,671,EVTOL-01,EC35,31.3116381,120.5969421,199.9,BUSY,M-P-001,V2
671,671,L-UAV-01,AMZN,31.3037947,120.6010101,100.0,BUSY,M-L-001,V3
671,671,M-UAV-01,M600,31.3108767,120.6039862,30.5,AVAILABLE,,
671,671,M-UAV-02,M600,31.3062683,120.6025389,30.5,CONTINGENCY,,
672,672,EVTOL-01,EC35,31.3113154,120.5967472,199.9,BUSY,M-P-001,V2
672,672,L-UAV-01,AMZN,31.3039139,120.6010856,100.0,BUSY,M-L-001,V3
672,672,M-UAV-01,M600,31.3108767,120.6039862,30.5,AVAILABLE,,
672,672,M-UAV-02,M600,31.3062683,120.6025389,30.5,CONTINGENCY,,
673,673,EVTOL-01,EC35,31.3109759,120.5965962,199.9,BUSY,M-P-001,V2
673,673,L-UAV-01,AMZN,31.3040332,120.6011610,100.0,BUSY,M-L-001,V3
673,673,M-UAV-01,M600,31.3108767,120.6039862,30.5,AVAILABLE,,
673,673,M-UAV-02,M600,31.3062683,120.6025389,30.5,CONTINGENCY,,
674,674,EVTOL-01,EC35,31.3106239,120.5964911,199.9,BUSY,M-P-001,V2
674,674,L-UAV-01,AMZN,31.3041524,120.6012365,100.0,BUSY,M-L-001,V3
674,674,M-UAV-01,M600,31.3108767,120.6039862,30.5,AVAILABLE,,
674,674,M-UAV-02,M600,31.3062683,120.6025389,30.5,CONTINGENCY,,
675,675,EVTOL-01,EC35,31.3102641,120.5964332,199.9,BUSY,M-P-001,V2
675,675,L-UAV-01,AMZN,31.3042716,120.6013120,100.0,BUSY,M-L-001,V3
675,675,M-UAV-01,M600,31.3108767,120.6039862,30.5,AVAILABLE,,
675,675,M-UAV-02,M600,31.3062683,120.6025389,30.5,CONTINGENCY,,
676,676,EVTOL-01,EC35,31.3099014,120.5964110,199.9,BUSY,M-P-001,V2
676,676,L-UAV-01,AMZN,31.3043909,120.6013874,100.0,BUSY,M-L-001,V3
676,676,M-UAV-01,M600,31.3108767,120.6039862,30.5,AVAILABLE,,
676,676,M-UAV-02,M600,31.3062683,120.6025389,30.5,CONTINGENCY,,
677,677,EVTOL-01,EC35,31.3095387,120.5963888,199.9,BUSY,M-P-001,V2
677,677,L-UAV-01,AMZN,31.3045101,120.6014629,100.0,BUSY,M-L-001,V3
677,677,M-UAV-01,M600,31.3108767,120.6039862,30.5,AVAILABLE,,
677,677,M-UAV-02,M600,31.3062683,120.6025389,30.5,CONTINGENCY,,
678,678,EVTOL-01,EC35,31.3091761,120.5963666,199.9,BUSY,M-P-001,V2
678,678,L-UAV-01,AMZN,31.3046293,120.6015384,100.0,BUSY,M-L-001,V3
678,678,M-UAV-01,M600,31.3108767,120.6039862,30.5,AVAILABLE,,
678,678,M-UAV-02,M600,31.3062683,120.6025389,30.5,CONTINGENCY,,
679,679,EVTOL-01,EC35,31.3088134,120.5963444,199.9,BUSY,M-P-001,V2
679,679,L-UAV-01,AMZN,31.3047485,120.6016138,100.0,BUSY,M-L-001,V3
679,679,M-UAV-01,M600,31.3108767,120.6039862,30.5,AVAILABLE,,
679,679,M-UAV-02,M600,31.3062683,120.6025389,30.5,CONTINGENCY,,
680,680,EVTOL-01,EC35,31.3084507,120.5963223,199.9,BUSY,M-P-001,V2
680,680,L-UAV-01,AMZN,31.3048678,120.6016893,100.0,BUSY,M-L-001,V3
680,680,M-UAV-01,M600,31.3108767,120.6039862,30.5,AVAILABLE,,
680,680,M-UAV-02,M600,31.3062683,120.6025389,30.5,CONTINGENCY,,
681,681,EVTOL-01,EC35,31.3080880,120.5963001,199.9,BUSY,M-P-001,V2
681,681,L-UAV-01,AMZN,31.3049870,120.6017648,100.0,BUSY,M-L-001,V3
681,681,M-UAV-01,M600,31.3108767,120.6039862,30.5,AVAILABLE,,
681,681,M-UAV-02,M600,31.3062683,120.6025389,30.5,CONTINGENCY,,
682,682,EVTOL-01,EC35,31.3077253,120.5962779,199.9,BUSY,M-P-001,V2
682,682,L-UAV-01,AMZN,31.3051062,120.6018403,100.0,BUSY,M-L-001,V3
682,682,M-UAV-01,M600,31.3108767,120.6039862,30.5,AVAILABLE,,
682,682,M-UAV-02,M600,31.3062683,120.6025389,30.5,CONTINGENCY,,
683,683,EVTOL-01,EC35,31.3073626,120.5962557,199.9,BUSY,M-P-001,V2
683,683,L-UAV-01,AMZN,31.3052254,120.6019157,100.0,BUSY,M-L-001,V3
683,683,M-UAV-01,M600,31.3108767,120.6039862,30.5,AVAILABLE,,
683,683,M-UAV-02,M600,31.3062683,120.6025389,30.5,CONTINGENCY,,
684,684,EVTOL-01,EC35,31.3069999,120.5962335,199.9,BUSY,M-P-001,V2
684,684,L-UAV-01,AMZN,31.3053447,120.6019912,100.0,BUSY,M-L-001,V3
684,684,M-UAV-01,M600,31.3108767,120.6039862,30.5,AVAILABLE,,
684,684,M-UAV-02,M600,31.3062683,120.6025389,30.5,CONTINGENCY,,
685,685,EVTOL-01,EC35,31.3066372,120.5962113,199.9,BUSY,M-P-001,V2
685,685,L-UAV-01,AMZN,31.3054639,120.6020667,100.0,BUSY,M-L-001,V3
685,685,M-UAV-01,M600,31.3108767,120.6039862,30.5,AVAILABLE,,
685,685,M-UAV-02,M600,31.3062683,120.6025389,30.5,CONTINGENCY,,
686,686,EVTOL-01,EC35,31.3062745,120.5961891,199.9,BUSY,M-P-001,V2
686,686,L-UAV-01,AMZN,31.3055831,120.6021421,100.0,BUSY,M-L-001,V3
686,686,M-UAV-01,M600,31.3108767,120.6039862,30.5,AVAILABLE,,
686,686,M-UAV-02,M600,31.3062683,120.6025389,30.5,CONTINGENCY,,
687,687,EVTOL-01,EC35,31.3059118,120.5961669,199.9,BUSY,M-P-001,V2
687,687,L-UAV-01,AMZN,31.3057024,120.6022176,100.0,BUSY,M-L-001,V3
687,687,M-UAV-01,M600,31.3108767,120.6039862,30.5,AVAILABLE,,
687,687,M-UAV-02,M600,31.3062683,120.6025389,30.5,CONTINGENCY,,
688,688,EVTOL-01,EC35,31.3055491,120.5961448,199.9,BUSY,M-P-001,V2
688,688,L-UAV-01,AMZN,31.3058216,120.6022931,100.0,BUSY,M-L-001,V2
688,688,M-UAV-01,M600,31.3108767,120.6039862,30.5,AVAILABLE,,
688,688,M-UAV-02,M600,31.3062683,120.6025389,30.5,CONTINGENCY,,
689,689,EVTOL-01,EC35,31.3051864,120.5961226,199.9,BUSY,M-P-001,V2
689,689,L-UAV-01,AMZN,31.3059546,120.6023234,100.0,BUSY,M-L-001,V2
689,689,M-UAV-01,M600,31.3108767,120.6039862,30.5,AVAILABLE,,
689,689,M-UAV-02,M600,31.3062683,120.6025389,30.5,CONTINGENCY,,
690,690,EVTOL-01,EC35,31.3048237,120.5961004,199.9,BUSY,M-P-001,V2
690,690,L-UAV-01,AMZN,31.3060893,120.6023058,100.0,BUSY,M-L-001,V2
690,690,M-UAV-01,M600,31.3108767,120.6039862,30.5,AVAILABLE,,
690,690,M-UAV-02,M600,31.3062683,120.6025389,30.5,CONTINGENCY,,
691,691,EVTOL-01,EC35,31.3044610,120.5960782,199.9,BUSY,M-P-001,V2
691,691,L-UAV-01,AMZN,31.3062134,120.6022419,100.0,BUSY,M-L-001,V2
691,691,M-UAV-01,M600,31.3108767,120.6039862,30.5,AVAILABLE,,
691,691,M-UAV-02,M600,31.3062683,120.6025389,30.5,CONTINGENCY,,
692,692,EVTOL-01,EC35,31.3040983,120.5960560,199.9,BUSY,M-P-001,V2
692,692,L-UAV-01,AMZN,31.3063155,120.6021376,100.0,BUSY,M-L-001,V2
692,692,M-UAV-01,M600,31.3108767,120.6039862,30.5,AVAILABLE,,
692,692,M-UAV-02,M600,31.3062683,120.6025389,30.5,CONTINGENCY,,
693,693,EVTOL-01,EC35,31.3037356,120.5960338,199.9,BUSY,M-P-001,V2
693,693,L-UAV-01,AMZN,31.3063863,120.6020023,100.0,BUSY,M-L-001,V2
693,693,M-UAV-01,M600,31.3108767,120.6039862,30.5,AVAILABLE,,
693,693,M-UAV-02,M600,31.3062683,120.6025389,30.5,CONTINGENCY,,
694,694,EVTOL-01,EC35,31.3033729,120.5960116,199.9,BUSY,M-P-001,V2
694,694,L-UAV-01,AMZN,31.3064193,120.6018484,100.0,BUSY,M-L-001,V2
694,694,M-UAV-01,M600,31.3108767,120.6039862,30.5,AVAILABLE,,
694,694,M-UAV-02,M600,31.3062683,120.6025389,30.5,CONTINGENCY,,
695,695,EVTOL-01,EC35,31.3030102,120.5959895,199.9,BUSY,M-P-001,V2
695,695,L-UAV-01,AMZN,31.3064116,120.6016901,100.0,BUSY,M-L-001,V2
695,695,M-UAV-01,M600,31.3108767,120.6039862,30.5,AVAILABLE,,
695,695,M-UAV-02,M600,31.3062683,120.6025389,30.5,CONTINGENCY,,
696,696,EVTOL-01,EC35,31.3026475,120.5959673,199.9,BUSY,M-P-001,V2
696,696,L-UAV-01,AMZN,31.3063638,120.6015416,100.0,BUSY,M-L-001,V2
696,696,M-UAV-01,M600,31.3108767,120.6039862,30.5,AVAILABLE,,
696,696,M-UAV-02,M600,31.3062683,120.6025389,30.5,CONTINGENCY,,
697,697,EVTOL-01,EC35,31.3022848,120.5959451,199.9,BUSY,M-P-001,V2
697,697,L-UAV-01,AMZN,31.3062802,120.6014167,100.0,BUSY,M-L-001,V2
697,697,M-UAV-01,M600,31.3108767,120.6039862,30.5,AVAILABLE,,
697,697,M-UAV-02,M600,31.3062683,120.6025389,30.5,CONTINGENCY,,
698,698,EVTOL-01,EC35,31.3019221,120.5959229,199.9,BUSY,M-P-001,V2
698,698,L-UAV-01,AMZN,31.3061686,120.6013267,100.0,BUSY,M-L-001,V2
698,698,M-UAV-01,M600,31.3108767,120.6039862,30.5,AVAILABLE,,
698,698,M-UAV-02,M600,31.3062683,120.6025389,30.5,CONTINGENCY,,
699,699,EVTOL-01,EC35,31.3015595,120.5959007,199.9,BUSY,M-P-001,V2
699,699,L-UAV-01,AMZN,31.3060494,120.6012512,100.0,BUSY,M-L-001,V2
699,699,M-UAV-01,M600,31.3108767,120.6039862,30.5,AVAILABLE,,
699,699,M-UAV-02,M600,31.3062683,120.6025389,30.5,CONTINGENCY,,
700,700,EVTOL-01,EC35,31.3011968,120.5958785,199.9,BUSY,M-P-001,V2
700,700,L-UAV-01,AMZN,31.3059302,120.6011757,100.0,BUSY,M-L-001,V2
700,700,M-UAV-01,M600,31.3108767,120.6039862,30.5,AVAILABLE,,
700,700,M-UAV-02,M600,31.3062683,120.6025389,30.5,CONTINGENCY,,
701,701,EVTOL-01,EC35,31.3008341,120.5958563,199.9,BUSY,M-P-001,V2
701,701,L-UAV-01,AMZN,31.3058109,120.6011003,100.0,BUSY,M-L-001,V2
701,701,M-UAV-01,M600,31.3108767,120.6039862,30.5,AVAILABLE,,
701,701,M-UAV-02,M600,31.3062683,120.6025389,30.5,CONTINGENCY,,
702,702,EVTOL-01,EC35,31.3004714,120.5958342,199.9,BUSY,M-P-001,V2
702,702,L-UAV-01,AMZN,31.3056917,120.6010248,100.0,BUSY,M-L-001,V2
702,702,M-UAV-01,M600,31.3108767,120.6039862,30.5,AVAILABLE,,
702,702,M-UAV-02,M600,31.3062683,120.6025389,30.5,CONTINGENCY,,
703,703,EVTOL-01,EC35,31.3001087,120.5958120,199.9,BUSY,M-P-001,V2
703,703,L-UAV-01,AMZN,31.3055725,120.6009493,100.0,BUSY,M-L-001,V2
703,703,M-UAV-01,M600,31.3108767,120.6039862,30.5,AVAILABLE,,
703,703,M-UAV-02,M600,31.3062683,120.6025389,30.5,CONTINGENCY,,
704,704,EVTOL-01,EC35,31.2997460,120.5957898,199.9,BUSY,M-P-001,V2
704,704,L-UAV-01,AMZN,31.3054532,120.6008739,100.0,BUSY,M-L-001,V2
704,704,M-UAV-01,M600,31.3108767,120.6039862,30.5,AVAILABLE,,
704,704,M-UAV-02,M600,31.3062683,120.6025389,30.5,CONTINGENCY,,
705,705,EVTOL-01,EC35,31.2993833,120.5957676,199.9,BUSY,M-P-001,V2
705,705,L-UAV-01,AMZN,31.3053340,120.6007984,100.0,BUSY,M-L-001,V2
705,705,M-UAV-01,M600,31.3108767,120.6039862,30.5,AVAILABLE,,
705,705,M-UAV-02,M600,31.3062683,120.6025389,30.5,CONTINGENCY,,
706,706,EVTOL-01,EC35,31.2990206,120.5957454,199.9,BUSY,M-P-001,V2
706,706,L-UAV-01,AMZN,31.3052148,120.6007229,100.0,BUSY,M-L-001,V2
706,706,M-UAV-01,M600,31.3108767,120.6039862,30.5,AVAILABLE,,
706,706,M-UAV-02,M600,31.3062683,120.6025389,30.5,CONTINGENCY,,
707,707,EVTOL-01,EC35,31.2986579,120.5957232,199.9,BUSY,M-P-001,V2
707,707,L-UAV-01,AMZN,31.3050956,120.6006475,100.0,BUSY,M-L-001,V2
707,707,M-UAV-01,M600,31.3108767,120.6039862,30.5,AVAILABLE,,
707,707,M-UAV-02,M600,31.3062683,120.6025389,30.5,CONTINGENCY,,
708,708,EVTOL-01,EC35,31.2982952,120.5957011,199.9,BUSY,M-P-001,V2
708,708,L-UAV-01,AMZN,31.3049763,120.6005720,100.0,BUSY,M-L-001,V2
708,708,M-UAV-01,M600,31.3108767,120.6039862,30.5,AVAILABLE,,
708,708,M-UAV-02,M600,31.3062683,120.6025389,30.5,CONTINGENCY,,
709,709,EVTOL-01,EC35,31.2979325,120.5956789,199.9,BUSY,M-P-001,V1
709,709,L-UAV-01,AMZN,31.3048571,120.6004965,100.0,BUSY,M-L-001,V2
709,709,M-UAV-01,M600,31.3108767,120.6039862,30.5,AVAILABLE,,
709,709,M-UAV-02,M600,31.3062683,120.6025389,30.5,CONTINGENCY,,
710,710,EVTOL-01,EC35,31.2975700,120.5957048,199.9,BUSY,M-P-001,V1
710,710,L-UAV-01,AMZN,31.3047379,120.6004211,100.0,BUSY,M-L-001,V2
710,710,M-UAV-01,M600,31.3108767,120.6039862,30.5,AVAILABLE,,
710,710,M-UAV-02,M600,31.3062683,120.6025389,30.5,CONTINGENCY,,
711,711,EVTOL-01,EC35,31.2972123,120.5957785,199.9,BUSY,M-P-001,V1
711,711,L-UAV-01,AMZN,31.3046186,120.6003456,100.0,BUSY,M-L-001,V2
711,711,M-UAV-01,M600,31.3108767,120.6039862,30.5,AVAILABLE,,
711,711,M-UAV-02,M600,31.3062683,120.6025389,30.5,CONTINGENCY,,
712,712,EVTOL-01,EC35,31.2968640,120.5958990,199.9,BUSY,M-P-001,V1
712,712,L-UAV-01,AMZN,31.3044994,120.6002701,100.0,BUSY,M-L-001,V2
712,712,M-UAV-01,M600,31.3108767,120.6039862,30.5,AVAILABLE,,
712,712,M-UAV-02,M600,31.3062683,120.6025389,30.5,CONTINGENCY,,
713,713,EVTOL-01,EC35,31.2965296,120.5960648,199.9,BUSY,M-P-001,V1
713,713,L-UAV-01,AMZN,31.3043802,120.6001947,100.0,BUSY,M-L-001,V2
713,713,M-UAV-01,M600,31.3108767,120.6039862,30.5,AVAILABLE,,
713,713,M-UAV-02,M600,31.3062683,120.6025389,30.5,CONTINGENCY,,
714,714,EVTOL-01,EC35,31.2962133,120.5962738,199.9,BUSY,M-P-001,V1
714,714,L-UAV-01,AMZN,31.3042610,120.6001192,100.0,BUSY,M-L-001,V2
714,714,M-UAV-01,M600,31.3108767,120.6039862,30.5,AVAILABLE,,
714,714,M-UAV-02,M600,31.3062683,120.6025389,30.5,CONTINGENCY,,
715,715,EVTOL-01,EC35,31.2959193,120.5965232,199.9,BUSY,M-P-001,V1
715,715,L-UAV-01,AMZN,31.3041417,120.6000437,100.0,BUSY,M-L-001,V2
715,715,M-UAV-01,M600,31.3108767,120.6039862,30.5,AVAILABLE,,
715,715,M-UAV-02,M600,31.3062683,120.6025389,30.5,CONTINGENCY,,
716,716,EVTOL-01,EC35,31.2956511,120.5968099,199.9,BUSY,M-P-001,V1
716,716,L-UAV-01,AMZN,31.3040225,120.5999683,100.0,BUSY,M-L-001,V2
716,716,M-UAV-01,M600,31.3108767,120.6039862,30.5,AVAILABLE,,
716,716,M-UAV-02,M600,31.3062683,120.6025389,30.5,CONTINGENCY,,
717,717,EVTOL-01,EC35,31.2954124,120.5971303,199.9,BUSY,M-P-001,V1
717,717,L-UAV-01,AMZN,31.3039033,120.5998928,100.0,BUSY,M-L-001,V2
717,717,M-UAV-01,M600,31.3108767,120.6039862,30.5,AVAILABLE,,
717,717,M-UAV-02,M600,31.3062683,120.6025389,30.5,CONTINGENCY,,
718,718,EVTOL-01,EC35,31.2952062,120.5974801,199.9,BUSY,M-P-001,V1
718,718,L-UAV-01,AMZN,31.3037840,120.5998173,100.0,BUSY,M-L-001,V2
718,718,M-UAV-01,M600,31.3108767,120.6039862,30.5,AVAILABLE,,
718,718,M-UAV-02,M600,31.3062683,120.6025389,30.5,CONTINGENCY,,
719,719,EVTOL-01,EC35,31.2950351,120.5978550,199.9,BUSY,M-P-001,V1
719,719,L-UAV-01,AMZN,31.3036648,120.5997419,100.0,BUSY,M-L-001,V2
719,719,M-UAV-01,M600,31.3108767,120.6039862,30.5,AVAILABLE,,
719,719,M-UAV-02,M600,31.3062683,120.6025389,30.5,CONTINGENCY,,
720,720,EVTOL-01,EC35,31.2949012,120.5982501,199.9,BUSY,M-P-001,V1
720,720,L-UAV-01,AMZN,31.3035456,120.5996664,100.0,BUSY,M-L-001,V2
720,720,M-UAV-01,M600,31.3108767,120.6039862,30.5,AVAILABLE,,
720,720,M-UAV-02,M600,31.3062683,120.6025389,30.5,CONTINGENCY,,
721,721,EVTOL-01,EC35,31.2948064,120.5986604,199.9,BUSY,M-P-001,V1
721,721,L-UAV-01,AMZN,31.3034264,120.5995909,100.0,BUSY,M-L-001,V2
721,721,M-UAV-01,M600,31.3108767,120.6039862,30.5,AVAILABLE,,
721,721,M-UAV-02,M600,31.3062683,120.6025389,30.5,CONTINGENCY,,
722,722,EVTOL-01,EC35,31.2947517,120.5990806,199.9,BUSY,M-P-001,V1
722,722,L-UAV-01,AMZN,31.3033071,120.5995155,100.0,BUSY,M-L-001,V2
722,722,M-UAV-01,M600,31.3108767,120.6039862,30.5,AVAILABLE,,
722,722,M-UAV-02,M600,31.3062683,120.6025389,30.5,CONTINGENCY,,
723,723,EVTOL-01,EC35,31.2947380,120.5995053,199.9,BUSY,M-P-001,V1
723,723,L-UAV-01,AMZN,31.3031879,120.5994400,100.0,BUSY,M-L-001,V2
723,723,M-UAV-01,M600,31.3108767,120.6039862,30.5,AVAILABLE,,
723,723,M-UAV-02,M600,31.3062683,120.6025389,30.5,CONTINGENCY,,
724,724,EVTOL-01,EC35,31.2947654,120.5999291,199.9,BUSY,M-P-001,V1
724,724,L-UAV-01,AMZN,31.3030687,120.5993645,100.0,BUSY,M-L-001,V2
724,724,M-UAV-01,M600,31.3108767,120.6039862,30.5,AVAILABLE,,
724,724,M-UAV-02,M600,31.3062683,120.6025389,30.5,CONTINGENCY,,
725,725,EVTOL-01,EC35,31.2948336,120.6003466,199.9,BUSY,M-P-001,V1
725,725,L-UAV-01,AMZN,31.3029494,120.5992891,100.0,BUSY,M-L-001,V2
725,725,M-UAV-01,M600,31.3108767,120.6039862,30.5,AVAILABLE,,
725,725,M-UAV-02,M600,31.3062683,120.6025389,30.5,CONTINGENCY,,
726,726,EVTOL-01,EC35,31.2949416,120.6007524,199.9,BUSY,M-P-001,V1
726,726,L-UAV-01,AMZN,31.3028302,120.5992136,100.0,BUSY,M-L-001,V2
726,726,M-UAV-01,M600,31.3108767,120.6039862,30.5,AVAILABLE,,
726,726,M-UAV-02,M600,31.3062683,120.6025389,30.5,CONTINGENCY,,
727,727,EVTOL-01,EC35,31.2950881,120.6011413,199.9,BUSY,M-P-001,V1
727,727,L-UAV-01,AMZN,31.3027110,120.5991381,100.0,BUSY,M-L-001,V2
727,727,M-UAV-01,M600,31.3108767,120.6039862,30.5,AVAILABLE,,
727,727,M-UAV-02,M600,31.3062683,120.6025389,30.5,CONTINGENCY,,
728,728,EVTOL-01,EC35,31.2952712,120.6015084,199.9,BUSY,M-P-001,V1
728,728,L-UAV-01,AMZN,31.3025918,120.5990627,100.0,BUSY,M-L-001,V2
728,728,M-UAV-01,M600,31.3108767,120.6039862,30.5,AVAILABLE,,
728,728,M-UAV-02,M600,31.3062683,120.6025389,30.5,CONTINGENCY,,
729,729,EVTOL-01,EC35,31.2954885,120.6018489,199.9,BUSY,M-P-001,V1
729,729,L-UAV-01,AMZN,31.3024725,120.5989872,100.0,BUSY,M-L-001,V2
729,729,M-UAV-01,M600,31.3108767,120.6039862,30.5,AVAILABLE,,
729,729,M-UAV-02,M600,31.3062683,120.6025389,30.5,CONTINGENCY,,
730,730,EVTOL-01,EC35,31.2957374,120.6021585,199.9,BUSY,M-P-001,V1
730,730,L-UAV-01,AMZN,31.3023533,120.5989118,100.0,BUSY,M-L-001,V2
730,730,M-UAV-01,M600,31.3108767,120.6039862,30.5,AVAILABLE,,
730,730,M-UAV-02,M600,31.3062683,120.6025389,30.5,CONTINGENCY,,
731,731,EVTOL-01,EC35,31.2960146,120.6024331,199.9,BUSY,M-P-001,V1
731,731,L-UAV-01,AMZN,31.3022341,120.5988363,100.0,BUSY,M-L-001,V2
731,731,M-UAV-01,M600,31.3108767,120.6039862,30.5,AVAILABLE,,
731,731,M-UAV-02,M600,31.3062683,120.6025389,30.5,CONTINGENCY,,
732,732,EVTOL-01,EC35,31.2963165,120.6026694,199.9,BUSY,M-P-001,V1
732,732,L-UAV-01,AMZN,31.3021148,120.5987608,100.0,BUSY,M-L-001,V2
732,732,M-UAV-01,M600,31.3108767,120.6039862,30.5,AVAILABLE,,
732,732,M-UAV-02,M600,31.3062683,120.6025389,30.5,CONTINGENCY,,
733,733,EVTOL-01,EC35,31.2966392,120.6028643,199.9,BUSY,M-P-001,V1
733,733,L-UAV-01,AMZN,31.3019956,120.5986854,100.0,BUSY,M-L-001,V2
733,733,M-UAV-01,M600,31.3108767,120.6039862,30.5,AVAILABLE,,
733,733,M-UAV-02,M600,31.3062683,120.6025389,30.5,CONTINGENCY,,
734,734,EVTOL-01,EC35,31.2969788,120.6030152,199.9,BUSY,M-P-001,V1
734,734,L-UAV-01,AMZN,31.3018764,120.5986099,100.0,BUSY,M-L-001,V2
734,734,M-UAV-01,M600,31.3108767,120.6039862,30.5,AVAILABLE,,
734,734,M-UAV-02,M600,31.3062683,120.6025389,30.5,CONTINGENCY,,
735,735,EVTOL-01,EC35,31.2973307,120.6031202,199.9,BUSY,M-P-001,V1
735,735,L-UAV-01,AMZN,31.3017572,120.5985344,100.0,BUSY,M-L-001,V2
735,735,M-UAV-01,M600,31.3108767,120.6039862,30.5,AVAILABLE,,
735,735,M-UAV-02,M600,31.3062683,120.6025389,30.5,CONTINGENCY,,
736,736,EVTOL-01,EC35,31.2976905,120.6031781,199.9,BUSY,M-P-001,V1
736,736,L-UAV-01,AMZN,31.3016379,120.5984590,100.0,BUSY,M-L-001,V2
736,736,M-UAV-01,M600,31.3108767,120.6039862,30.5,AVAILABLE,,
736,736,M-UAV-02,M600,31.3062683,120.6025389,30.5,CONTINGENCY,,
737,737,EVTOL-01,EC35,31.2980532,120.6032003,199.9,BUSY,M-P-001,V1
737,737,L-UAV-01,AMZN,31.3015187,120.5983835,100.0,BUSY,M-L-001,V2
737,737,M-UAV-01,M600,31.3108767,120.6039862,30.5,AVAILABLE,,
737,737,M-UAV-02,M600,31.3062683,120.6025389,30.5,CONTINGENCY,,
738,738,EVTOL-01,EC35,31.2984159,120.6032225,199.9,BUSY,M-P-001,V1
738,738,L-UAV-01,AMZN,31.3013995,120.5983081,100.0,BUSY,M-L-001,V2
738,738,M-UAV-01,M600,31.3108767,120.6039862,30.5,AVAILABLE,,
738,738,M-UAV-02,M600,31.3062683,120.6025389,30.5,CONTINGENCY,,
739,739,EVTOL-01,EC35,31.2987786,120.6032447,199.9,BUSY,M-P-001,V1
739,739,L-UAV-01,AMZN,31.3012802,120.5982326,100.0,BUSY,M-L-001,V2
739,739,M-UAV-01,M600,31.3108767,120.6039862,30.5,AVAILABLE,,
739,739,M-UAV-02,M600,31.3062683,120.6025389,30.5,CONTINGENCY,,
740,740,EVTOL-01,EC35,31.2991413,120.6032670,199.9,BUSY,M-P-001,V1
740,740,L-UAV-01,AMZN,31.3011610,120.5981571,100.0,BUSY,M-L-001,V2
740,740,M-UAV-01,M600,31.3108767,120.6039862,30.5,AVAILABLE,,
740,740,M-UAV-02,M600,31.3062683,120.6025389,30.5,CONTINGENCY,,
741,741,EVTOL-01,EC35,31.2995040,120.6032892,199.9,BUSY,M-P-001,V1
741,741,L-UAV-01,AMZN,31.3010418,120.5980817,100.0,BUSY,M-L-001,V2
741,741,M-UAV-01,M600,31.3108767,120.6039862,30.5,AVAILABLE,,
741,741,M-UAV-02,M600,31.3062683,120.6025389,30.5,CONTINGENCY,,
742,742,EVTOL-01,EC35,31.2998667,120.6033114,199.9,BUSY,M-P-001,V1
742,742,L-UAV-01,AMZN,31.3009225,120.5980062,100.0,BUSY,M-L-001,V2
742,742,M-UAV-01,M600,31.3108767,120.6039862,30.5,AVAILABLE,,
742,742,M-UAV-02,M600,31.3062683,120.6025389,30.5,CONTINGENCY,,
743,743,EVTOL-01,EC35,31.3002294,120.6033336,199.9,BUSY,M-P-001,V1
743,743,L-UAV-01,AMZN,31.3008033,120.5979308,100.0,BUSY,M-L-001,V2
743,743,M-UAV-01,M600,31.3108767,120.6039862,30.5,AVAILABLE,,
743,743,M-UAV-02,M600,31.3062683,120.6025389,30.5,CONTINGENCY,,
744,744,EVTOL-01,EC35,31.3005921,120.6033559,199.9,BUSY,M-P-001,V1
744,744,L-UAV-01,AMZN,31.3006841,120.5978553,100.0,BUSY,M-L-001,V2
744,744,M-UAV-01,M600,31.3108767,120.6039862,30.5,AVAILABLE,,
744,744,M-UAV-02,M600,31.3062683,120.6025389,30.5,CONTINGENCY,,
745,745,EVTOL-01,EC35,31.3009547,120.6033781,199.9,BUSY,M-P-001,V1
745,745,L-UAV-01,AMZN,31.3005649,120.5977798,100.0,BUSY,M-L-001,V2
745,745,M-UAV-01,M600,31.3108767,120.6039862,30.5,AVAILABLE,,
745,745,M-UAV-02,M600,31.3062683,120.6025389,30.5,CONTINGENCY,,
746,746,EVTOL-01,EC35,31.3013174,120.6034003,199.9,BUSY,M-P-001,V1
746,746,L-UAV-01,AMZN,31.3004456,120.5977044,100.0,BUSY,M-L-001,V2
746,746,M-UAV-01,M600,31.3108767,120.6039862,30.5,AVAILABLE,,
746,746,M-UAV-02,M600,31.3062683,120.6025389,30.5,CONTINGENCY,,
747,747,EVTOL-01,EC35,31.3016801,120.6034225,199.9,BUSY,M-P-001,V1
747,747,L-UAV-01,AMZN,31.3003264,120.5976289,100.0,BUSY,M-L-001,V2
747,747,M-UAV-01,M600,31.3108767,120.6039862,30.5,AVAILABLE,,
747,747,M-UAV-02,M600,31.3062683,120.6025389,30.5,CONTINGENCY,,
748,748,EVTOL-01,EC35,31.3020428,120.6034448,199.9,BUSY,M-P-001,V1
748,748,L-UAV-01,AMZN,31.3002072,120.5975535,100.0,BUSY,M-L-001,V2
748,748,M-UAV-01,M600,31.3108767,120.6039862,30.5,AVAILABLE,,
748,748,M-UAV-02,M600,31.3062683,120.6025389,30.5,CONTINGENCY,,
749,749,EVTOL-01,EC35,31.3024055,120.6034670,199.9,BUSY,M-P-001,V1
749,749,L-UAV-01,AMZN,31.3000879,120.5974780,100.0,BUSY,M-L-001,V2
749,749,M-UAV-01,M600,31.3108767,120.6039862,30.5,AVAILABLE,,
749,749,M-UAV-02,M600,31.3062683,120.6025389,30.5,CONTINGENCY,,
750,750,EVTOL-01,EC35,31.3027682,120.6034892,199.9,BUSY,M-P-001,V1
750,750,L-UAV-01,AMZN,31.2999687,120.5974025,100.0,BUSY,M-L-001,V2
750,750,M-UAV-01,M600,31.3108767,120.6039862,30.5,AVAILABLE,,
750,750,M-UAV-02,M600,31.3062683,120.6025389,30.5,CONTINGENCY,,
751,751,EVTOL-01,EC35,31.3031309,120.6035114,199.9,BUSY,M-P-001,V1
751,751,L-UAV-01,AMZN,31.2998495,120.5973271,100.0,BUSY,M-L-001,V2
751,751,M-UAV-01,M600,31.3108767,120.6039862,30.5,AVAILABLE,,
751,751,M-UAV-02,M600,31.3062683,120.6025389,30.5,CONTINGENCY,,
752,752,EVTOL-01,EC35,31.3034936,120.6035337,199.9,BUSY,M-P-001,V1
752,752,L-UAV-01,AMZN,31.2997302,120.5972516,100.0,BUSY,M-L-001,V2
752,752,M-UAV-01,M600,31.3108767,120.6039862,30.5,AVAILABLE,,
752,752,M-UAV-02,M600,31.3062683,120.6025389,30.5,CONTINGENCY,,
753,753,EVTOL-01,EC35,31.3038563,120.6035559,199.9,BUSY,M-P-001,V1
753,753,L-UAV-01,AMZN,31.2996110,120.5971762,100.0,BUSY,M-L-001,V2
753,753,M-UAV-01,M600,31.3108767,120.6039862,30.5,AVAILABLE,,
753,753,M-UAV-02,M600,31.3062683,120.6025389,30.5,CONTINGENCY,,
754,754,EVTOL-01,EC35,31.3042190,120.6035781,199.9,BUSY,M-P-001,V1
754,754,L-UAV-01,AMZN,31.2994918,120.5971007,100.0,BUSY,M-L-001,V2
754,754,M-UAV-01,M600,31.3108767,120.6039862,30.5,AVAILABLE,,
754,754,M-UAV-02,M600,31.3062683,120.6025389,30.5,CONTINGENCY,,
755,755,EVTOL-01,EC35,31.3045817,120.6036003,199.9,BUSY,M-P-001,V1
755,755,L-UAV-01,AMZN,31.2993726,120.5970252,100.0,BUSY,M-L-001,V2
755,755,M-UAV-01,M600,31.3108767,120.6039862,30.5,AVAILABLE,,
755,755,M-UAV-02,M600,31.3062683,120.6025389,30.5,CONTINGENCY,,
756,756,EVTOL-01,EC35,31.3049444,120.6036226,199.9,BUSY,M-P-001,V1
756,756,L-UAV-01,AMZN,31.2992533,120.5969498,100.0,BUSY,M-L-001,V2
756,756,M-UAV-01,M600,31.3108767,120.6039862,30.5,AVAILABLE,,
756,756,M-UAV-02,M600,31.3062683,120.6025389,30.5,CONTINGENCY,,
757,757,EVTOL-01,EC35,31.3053071,120.6036448,199.9,BUSY,M-P-001,V1
757,757,L-UAV-01,AMZN,31.2991341,120.5968743,100.0,BUSY,M-L-001,V2
757,757,M-UAV-01,M600,31.3108767,120.6039862,30.5,AVAILABLE,,
757,757,M-UAV-02,M600,31.3062683,120.6025389,30.5,CONTINGENCY,,
758,758,EVTOL-01,EC35,31.3056698,120.6036670,199.9,BUSY,M-P-001,V1
758,758,L-UAV-01,AMZN,31.2990149,120.5967989,100.0,BUSY,M-L-001,V2
758,758,M-UAV-01,M600,31.3108767,120.6039862,30.5,AVAILABLE,,
758,758,M-UAV-02,M600,31.3062683,120.6025389,30.5,CONTINGENCY,,
759,759,EVTOL-01,EC35,31.3060325,120.6036893,199.9,BUSY,M-P-001,V1
759,759,L-UAV-01,AMZN,31.2988956,120.5967234,100.0,BUSY,M-L-001,V2
759,759,M-UAV-01,M600,31.3108767,120.6039862,30.5,AVAILABLE,,
759,759,M-UAV-02,M600,31.3062683,120.6025389,30.5,CONTINGENCY,,
760,760,EVTOL-01,EC35,31.3063952,120.6037115,199.9,BUSY,M-P-001,V1
760,760,L-UAV-01,AMZN,31.2987764,120.5966480,100.0,BUSY,M-L-001,V2
760,760,M-UAV-01,M600,31.3108767,120.6039862,30.5,AVAILABLE,,
760,760,M-UAV-02,M600,31.3062683,120.6025389,30.5,CONTINGENCY,,
761,761,EVTOL-01,EC35,31.3067578,120.6037337,199.9,BUSY,M-P-001,V1
761,761,L-UAV-01,AMZN,31.2986572,120.5965725,100.0,BUSY,M-L-001,V2
761,761,M-UAV-01,M600,31.3108767,120.6039862,30.5,AVAILABLE,,
761,761,M-UAV-02,M600,31.3062683,120.6025389,30.5,CONTINGENCY,,
762,762,EVTOL-01,EC35,31.3071205,120.6037559,199.9,BUSY,M-P-001,V1
762,762,L-UAV-01,AMZN,31.2985379,120.5964970,100.0,BUSY,M-L-001,V2
762,762,M-UAV-01,M600,31.3108767,120.6039862,30.5,AVAILABLE,,
762,762,M-UAV-02,M600,31.3062683,120.6025389,30.5,CONTINGENCY,,
763,763,EVTOL-01,EC35,31.3074832,120.6037782,199.9,BUSY,M-P-001,V1
763,763,L-UAV-01,AMZN,31.2984187,120.5964216,100.0,BUSY,M-L-001,V2
763,763,M-UAV-01,M600,31.3108767,120.6039862,30.5,AVAILABLE,,
763,763,M-UAV-02,M600,31.3062683,120.6025389,30.5,CONTINGENCY,,
764,764,EVTOL-01,EC35,31.3078459,120.6038004,199.9,BUSY,M-P-001,V1
764,764,L-UAV-01,AMZN,31.2982995,120.5963461,100.0,BUSY,M-L-001,V2
764,764,M-UAV-01,M600,31.3108767,120.6039862,30.5,AVAILABLE,,
764,764,M-UAV-02,M600,31.3062683,120.6025389,30.5,CONTINGENCY,,
765,765,EVTOL-01,EC35,31.3082086,120.6038226,199.9,BUSY,M-P-001,V1
765,765,L-UAV-01,AMZN,31.2981802,120.5962707,100.0,BUSY,M-L-001,V2
765,765,M-UAV-01,M600,31.3108767,120.6039862,30.5,AVAILABLE,,
765,765,M-UAV-02,M600,31.3062683,120.6025389,30.5,CONTINGENCY,,
766,766,EVTOL-01,EC35,31.3085713,120.6038449,199.9,BUSY,M-P-001,V1
766,766,L-UAV-01,AMZN,31.2980610,120.5961952,100.0,BUSY,M-L-001,V2
766,766,M-UAV-01,M600,31.3108767,120.6039862,30.5,AVAILABLE,,
766,766,M-UAV-02,M600,31.3062683,120.6025389,30.5,CONTINGENCY,,
767,767,EVTOL-01,EC35,31.3089340,120.6038671,199.9,BUSY,M-P-001,V1
767,767,L-UAV-01,AMZN,31.2979418,120.5961198,100.0,BUSY,M-L-001,V3
767,767,M-UAV-01,M600,31.3108767,120.6039862,30.5,AVAILABLE,,
767,767,M-UAV-02,M600,31.3062683,120.6025389,30.5,CONTINGENCY,,
768,768,EVTOL-01,EC35,31.3092967,120.6038893,199.9,BUSY,M-P-001,V1
768,768,L-UAV-01,AMZN,31.2978087,120.5960894,100.0,BUSY,M-L-001,V3
768,768,M-UAV-01,M600,31.3108767,120.6039862,30.5,AVAILABLE,,
768,768,M-UAV-02,M600,31.3062683,120.6025389,30.5,CONTINGENCY,,
769,769,EVTOL-01,EC35,31.3096594,120.6039115,199.9,BUSY,M-P-001,V1
769,769,L-UAV-01,AMZN,31.2976740,120.5961070,100.0,BUSY,M-L-001,V3
769,769,M-UAV-01,M600,31.3108767,120.6039862,30.5,AVAILABLE,,
769,769,M-UAV-02,M600,31.3062683,120.6025389,30.5,CONTINGENCY,,
770,770,EVTOL-01,EC35,31.3100221,120.6039338,199.9,BUSY,M-P-001,V2
770,770,L-UAV-01,AMZN,31.2975500,120.5961709,100.0,BUSY,M-L-001,V3
770,770,M-UAV-01,M600,31.3108767,120.6039862,30.5,AVAILABLE,,
770,770,M-UAV-02,M600,31.3062683,120.6025389,30.5,CONTINGENCY,,
771,771,EVTOL-01,EC35,31.3103846,120.6039079,199.9,BUSY,M-P-001,V2
771,771,L-UAV-01,AMZN,31.2974479,120.5962753,100.0,BUSY,M-L-001,V3
771,771,M-UAV-01,M600,31.3108767,120.6039862,30.5,AVAILABLE,,
771,771,M-UAV-02,M600,31.3062683,120.6025389,30.5,CONTINGENCY,,
772,772,EVTOL-01,EC35,31.3107423,120.6038342,199.9,BUSY,M-P-001,V2
772,772,L-UAV-01,AMZN,31.2973771,120.5964105,100.0,BUSY,M-L-001,V3
772,772,M-UAV-01,M600,31.3108767,120.6039862,30.5,AVAILABLE,,
772,772,M-UAV-02,M600,31.3062683,120.6025389,30.5,CONTINGENCY,,
773,773,EVTOL-01,EC35,31.3110906,120.6037137,199.9,BUSY,M-P-001,V2
773,773,L-UAV-01,AMZN,31.2973440,120.5965644,100.0,BUSY,M-L-001,V3
773,773,M-UAV-01,M600,31.3108767,120.6039862,30.5,AVAILABLE,,
773,773,M-UAV-02,M600,31.3062683,120.6025389,30.5,CONTINGENCY,,
774,774,EVTOL-01,EC35,31.3114250,120.6035480,199.9,BUSY,M-P-001,V2
774,774,L-UAV-01,AMZN,31.2973518,120.5967228,100.0,BUSY,M-L-001,V3
774,774,M-UAV-01,M600,31.3108767,120.6039862,30.5,AVAILABLE,,
774,774,M-UAV-02,M600,31.3062683,120.6025389,30.5,CONTINGENCY,,
775,775,EVTOL-01,EC35,31.3117413,120.6033390,199.9,BUSY,M-P-001,V2
775,775,L-UAV-01,AMZN,31.2973996,120.5968712,100.0,BUSY,M-L-001,V3
775,775,M-UAV-01,M600,31.3108767,120.6039862,30.5,AVAILABLE,,
775,775,M-UAV-02,M600,31.3062683,120.6025389,30.5,CONTINGENCY,,
776,776,EVTOL-01,EC35,31.3120354,120.6030896,199.9,BUSY,M-P-001,V2
776,776,L-UAV-01,AMZN,31.2974832,120.5969961,100.0,BUSY,M-L-001,V3
776,776,M-UAV-01,M600,31.3108767,120.6039862,30.5,AVAILABLE,,
776,776,M-UAV-02,M600,31.3062683,120.6025389,30.5,CONTINGENCY,,
777,777,EVTOL-01,EC35,31.3123035,120.6028028,199.9,BUSY,M-P-001,V2
777,777,L-UAV-01,AMZN,31.2975948,120.5970861,100.0,BUSY,M-L-001,V3
777,777,M-UAV-01,M600,31.3108767,120.6039862,30.5,AVAILABLE,,
777,777,M-UAV-02,M600,31.3062683,120.6025389,30.5,CONTINGENCY,,
778,778,EVTOL-01,EC35,31.3125423,120.6024824,199.9,BUSY,M-P-001,V2
778,778,L-UAV-01,AMZN,31.2977140,120.5971616,100.0,BUSY,M-L-001,V3
778,778,M-UAV-01,M600,31.3108767,120.6039862,30.5,AVAILABLE,,
778,778,M-UAV-02,M600,31.3062683,120.6025389,30.5,CONTINGENCY,,
779,779,EVTOL-01,EC35,31.3127485,120.6021325,199.9,BUSY,M-P-001,V2
779,779,L-UAV-01,AMZN,31.2978333,120.5972370,100.0,BUSY,M-L-001,V3
779,779,M-UAV-01,M600,31.3108767,120.6039862,30.5,AVAILABLE,,
779,779,M-UAV-02,M600,31.3062683,120.6025389,30.5,CONTINGENCY,,
780,780,EVTOL-01,EC35,31.3129197,120.6017576,199.9,BUSY,M-P-001,V2
780,780,L-UAV-01,AMZN,31.2979525,120.5973125,100.0,BUSY,M-L-001,V3
780,780,M-UAV-01,M600,31.3108767,120.6039862,30.5,AVAILABLE,,
780,780,M-UAV-02,M600,31.3062683,120.6025389,30.5,CONTINGENCY,,
781,781,EVTOL-01,EC35,31.3130536,120.6013624,199.9,BUSY,M-P-001,V2
781,781,L-UAV-01,AMZN,31.2980717,120.5973879,100.0,BUSY,M-L-001,V3
781,781,M-UAV-01,M600,31.3108767,120.6039862,30.5,AVAILABLE,,
781,781,M-UAV-02,M600,31.3062683,120.6025389,30.5,CONTINGENCY,,
782,782,EVTOL-01,EC35,31.3131485,120.6009521,199.9,BUSY,M-P-001,V2
782,782,L-UAV-01,AMZN,31.2981910,120.5974634,100.0,BUSY,M-L-001,V3
782,782,M-UAV-01,M600,31.3108767,120.6039862,30.5,AVAILABLE,,
782,782,M-UAV-02,M600,31.3062683,120.6025389,30.5,CONTINGENCY,,
783,783,EVTOL-01,EC35,31.3132031,120.6005318,199.9,BUSY,M-P-001,V2
783,783,L-UAV-01,AMZN,31.2983102,120.5975388,100.0,BUSY,M-L-001,V3
783,783,M-UAV-01,M600,31.3108767,120.6039862,30.5,AVAILABLE,,
783,783,M-UAV-02,M600,31.3062683,120.6025389,30.5,CONTINGENCY,,
784,784,EVTOL-01,EC35,31.3132169,120.6001070,199.9,BUSY,M-P-001,V2
784,784,L-UAV-01,AMZN,31.2984294,120.5976143,100.0,BUSY,M-L-001,V3
784,784,M-UAV-01,M600,31.3108767,120.6039862,30.5,AVAILABLE,,
784,784,M-UAV-02,M600,31.3062683,120.6025389,30.5,CONTINGENCY,,
785,785,EVTOL-01,EC35,31.3131895,120.5996831,199.9,BUSY,M-P-001,V2
785,785,L-UAV-01,AMZN,31.2985486,120.5976898,100.0,BUSY,M-L-001,V3
785,785,M-UAV-01,M600,31.3108767,120.6039862,30.5,AVAILABLE,,
785,785,M-UAV-02,M600,31.3062683,120.6025389,30.5,CONTINGENCY,,
786,786,EVTOL-01,EC35,31.3131214,120.5992655,199.9,BUSY,M-P-001,V2
786,786,L-UAV-01,AMZN,31.2986679,120.5977652,100.0,BUSY,M-L-001,V3
786,786,M-UAV-01,M600,31.3108767,120.6039862,30.5,AVAILABLE,,
786,786,M-UAV-02,M600,31.3062683,120.6025389,30.5,CONTINGENCY,,
787,787,EVTOL-01,EC35,31.3130135,120.5988596,199.9,BUSY,M-P-001,V2
787,787,L-UAV-01,AMZN,31.2987871,120.5978407,100.0,BUSY,M-L-001,V3
787,787,M-UAV-01,M600,31.3108767,120.6039862,30.5,AVAILABLE,,
787,787,M-UAV-02,M600,31.3062683,120.6025389,30.5,CONTINGENCY,,
788,788,EVTOL-01,EC35,31.3128670,120.5984706,199.9,BUSY,M-P-001,V2
788,788,L-UAV-01,AMZN,31.2989063,120.5979161,100.0,BUSY,M-L-001,V3
788,788,M-UAV-01,M600,31.3108767,120.6039862,30.5,AVAILABLE,,
788,788,M-UAV-02,M600,31.3062683,120.6025389,30.5,CONTINGENCY,,
789,789,EVTOL-01,EC35,31.3126839,120.5981035,199.9,BUSY,M-P-001,V2
789,789,L-UAV-01,AMZN,31.2990256,120.5979916,100.0,BUSY,M-L-001,V3
789,789,M-UAV-01,M600,31.3108767,120.6039862,30.5,AVAILABLE,,
789,789,M-UAV-02,M600,31.3062683,120.6025389,30.5,CONTINGENCY,,
790,790,EVTOL-01,EC35,31.3124666,120.5977629,199.9,BUSY,M-P-001,V2
790,790,L-UAV-01,AMZN,31.2991448,120.5980671,100.0,BUSY,M-L-001,V3
790,790,M-UAV-01,M600,31.3108767,120.6039862,30.5,AVAILABLE,,
790,790,M-UAV-02,M600,31.3062683,120.6025389,30.5,CONTINGENCY,,
791,791,EVTOL-01,EC35,31.3122177,120.5974532,199.9,BUSY,M-P-001,V2
791,791,L-UAV-01,AMZN,31.2992640,120.5981425,100.0,BUSY,M-L-001,V3
791,791,M-UAV-01,M600,31.3108767,120.6039862,30.5,AVAILABLE,,
791,791,M-UAV-02,M600,31.3062683,120.6025389,30.5,CONTINGENCY,,
792,792,EVTOL-01,EC35,31.3119406,120.5971785,199.9,BUSY,M-P-001,V2
792,792,L-UAV-01,AMZN,31.2993833,120.5982180,100.0,BUSY,M-L-001,V3
792,792,M-UAV-01,M600,31.3108767,120.6039862,30.5,AVAILABLE,,
792,792,M-UAV-02,M600,31.3062683,120.6025389,30.5,CONTINGENCY,,
793,793,EVTOL-01,EC35,31.3116387,120.5969421,199.9,BUSY,M-P-001,V2
793,793,L-UAV-01,AMZN,31.2995025,120.5982934,100.0,BUSY,M-L-001,V3
793,793,M-UAV-01,M600,31.3108767,120.6039862,30.5,AVAILABLE,,
793,793,M-UAV-02,M600,31.3062683,120.6025389,30.5,CONTINGENCY,,
794,794,EVTOL-01,EC35,31.3113160,120.5967472,199.9,BUSY,M-P-001,V2
794,794,L-UAV-01,AMZN,31.2996217,120.5983689,100.0,BUSY,M-L-001,V3
794,794,M-UAV-01,M600,31.3108767,120.6039862,30.5,AVAILABLE,,
794,794,M-UAV-02,M600,31.3062683,120.6025389,30.5,CONTINGENCY,,
795,795,EVTOL-01,EC35,31.3109764,120.5965962,199.9,BUSY,M-P-001,V2
795,795,L-UAV-01,AMZN,31.2997409,120.5984444,100.0,BUSY,M-L-001,V3
795,795,M-UAV-01,M600,31.3108767,120.6039862,30.5,AVAILABLE,,
795,795,M-UAV-02,M600,31.3062683,120.6025389,30.5,CONTINGENCY,,
796,796,EVTOL-01,EC35,31.3106245,120.5964911,199.9,BUSY,M-P-001,V2
796,796,L-UAV-01,AMZN,31.2998602,120.5985198,100.0,BUSY,M-L-001,V3
796,796,M-UAV-01,M600,31.3108767,120.6039862,30.5,AVAILABLE,,
796,796,M-UAV-02,M600,31.3062683,120.6025389,30.5,CONTINGENCY,,
797,797,EVTOL-01,EC35,31.3102647,120.5964332,199.9,BUSY,M-P-001,V2
797,797,L-UAV-01,AMZN,31.2999794,120.5985953,100.0,BUSY,M-L-001,V3
797,797,M-UAV-01,M600,31.3108767,120.6039862,30.5,AVAILABLE,,
797,797,M-UAV-02,M600,31.3062683,120.6025389,30.5,CONTINGENCY,,
798,798,EVTOL-01,EC35,31.3099020,120.5964111,199.9,BUSY,M-P-001,V2
798,798,L-UAV-01,AMZN,31.3000986,120.5986707,100.0,BUSY,M-L-001,V3
798,798,M-UAV-01,M600,31.3108767,120.6039862,30.5,AVAILABLE,,
798,798,M-UAV-02,M600,31.3062683,120.6025389,30.5,CONTINGENCY,,
799,799,EVTOL-01,EC35,31.3095393,120.5963889,199.9,BUSY,M-P-001,V2
799,799,L-UAV-01,AMZN,31.3002179,120.5987462,100.0,BUSY,M-L-001,V3
799,799,M-UAV-01,M600,31.3108767,120.6039862,30.5,AVAILABLE,,
799,799,M-UAV-02,M600,31.3062683,120.6025389,30.5,CONTINGENCY,,
800,800,EVTOL-01,EC35,31.3091766,120.5963667,199.9,BUSY,M-P-001,V2
800,800,L-UAV-01,AMZN,31.3003371,120.5988217,100.0,BUSY,M-L-001,V3
800,800,M-UAV-01,M600,31.3108767,120.6039862,30.5,AVAILABLE,,
800,800,M-UAV-02,M600,31.3062683,120.6025389,30.5,CONTINGENCY,,
801,801,EVTOL-01,EC35,31.3088139,120.5963445,199.9,BUSY,M-P-001,V2
801,801,L-UAV-01,AMZN,31.3004563,120.5988971,100.0,BUSY,M-L-001,V3
801,801,M-UAV-01,M600,31.3108767,120.6039862,30.5,AVAILABLE,,
801,801,M-UAV-02,M600,31.3062683,120.6025389,30.5,CONTINGENCY,,
802,802,EVTOL-01,EC35,31.3084513,120.5963223,199.9,BUSY,M-P-001,V2
802,802,L-UAV-01,AMZN,31.3005756,120.5989726,100.0,BUSY,M-L-001,V3
802,802,M-UAV-01,M600,31.3108767,120.6039862,30.5,AVAILABLE,,
802,802,M-UAV-02,M600,31.3062683,120.6025389,30.5,CONTINGENCY,,
803,803,EVTOL-01,EC35,31.3080886,120.5963001,199.9,BUSY,M-P-001,V2
803,803,L-UAV-01,AMZN,31.3006948,120.5990480,100.0,BUSY,M-L-001,V3
803,803,M-UAV-01,M600,31.3108767,120.6039862,30.5,AVAILABLE,,
803,803,M-UAV-02,M600,31.3062683,120.6025389,30.5,CONTINGENCY,,
804,804,EVTOL-01,EC35,31.3077259,120.5962779,199.9,BUSY,M-P-001,V2
804,804,L-UAV-01,AMZN,31.3008140,120.5991235,100.0,BUSY,M-L-001,V3
804,804,M-UAV-01,M600,31.3108767,120.6039862,30.5,AVAILABLE,,
804,804,M-UAV-02,M600,31.3062683,120.6025389,30.5,CONTINGENCY,,
805,805,EVTOL-01,EC35,31.3073632,120.5962557,199.9,BUSY,M-P-001,V2
805,805,L-UAV-01,AMZN,31.3009332,120.5991990,100.0,BUSY,M-L-001,V3
805,805,M-UAV-01,M600,31.3108767,120.6039862,30.5,AVAILABLE,,
805,805,M-UAV-02,M600,31.3062683,120.6025389,30.5,CONTINGENCY,,
806,806,EVTOL-01,EC35,31.3070005,120.5962335,199.9,BUSY,M-P-001,V2
806,806,L-UAV-01,AMZN,31.3010525,120.5992744,100.0,BUSY,M-L-001,V3
806,806,M-UAV-01,M600,31.3108767,120.6039862,30.5,AVAILABLE,,
806,806,M-UAV-02,M600,31.3062683,120.6025389,30.5,CONTINGENCY,,
807,807,EVTOL-01,EC35,31.3066378,120.5962114,199.9,BUSY,M-P-001,V2
807,807,L-UAV-01,AMZN,31.3011717,120.5993499,100.0,BUSY,M-L-001,V3
807,807,M-UAV-01,M600,31.3108767,120.6039862,30.5,AVAILABLE,,
807,807,M-UAV-02,M600,31.3062683,120.6025389,30.5,CONTINGENCY,,
808,808,EVTOL-01,EC35,31.3062751,120.5961892,199.9,BUSY,M-P-001,V2
808,808,L-UAV-01,AMZN,31.3012909,120.5994254,100.0,BUSY,M-L-001,V3
808,808,M-UAV-01,M600,31.3108767,120.6039862,30.5,AVAILABLE,,
808,808,M-UAV-02,M600,31.3062683,120.6025389,30.5,CONTINGENCY,,
809,809,EVTOL-01,EC35,31.3059124,120.5961670,199.9,BUSY,M-P-001,V2
809,809,L-UAV-01,AMZN,31.3014102,120.5995008,100.0,BUSY,M-L-001,V3
809,809,M-UAV-01,M600,31.3108767,120.6039862,30.5,AVAILABLE,,
809,809,M-UAV-02,M600,31.3062683,120.6025389,30.5,CONTINGENCY,,
810,810,EVTOL-01,EC35,31.3055497,120.5961448,199.9,BUSY,M-P-001,V2
810,810,L-UAV-01,AMZN,31.3015294,120.5995763,100.0,BUSY,M-L-001,V3
810,810,M-UAV-01,M600,31.3108767,120.6039862,30.5,AVAILABLE,,
810,810,M-UAV-02,M600,31.3062683,120.6025389,30.5,CONTINGENCY,,
811,811,EVTOL-01,EC35,31.3051870,120.5961226,199.9,BUSY,M-P-001,V2
811,811,L-UAV-01,AMZN,31.3016486,120.5996517,100.0,BUSY,M-L-001,V3
811,811,M-UAV-01,M600,31.3108767,120.6039862,30.5,AVAILABLE,,
811,811,M-UAV-02,M600,31.3062683,120.6025389,30.5,CONTINGENCY,,
812,812,EVTOL-01,EC35,31.3048243,120.5961004,199.9,BUSY,M-P-001,V2
812,812,L-UAV-01,AMZN,31.3017678,120.5997272,100.0,BUSY,M-L-001,V3
812,812,M-UAV-01,M600,31.3108767,120.6039862,30.5,AVAILABLE,,
812,812,M-UAV-02,M600,31.3062683,120.6025389,30.5,CONTINGENCY,,
813,813,EVTOL-01,EC35,31.3044616,120.5960782,199.9,BUSY,M-P-001,V2
813,813,L-UAV-01,AMZN,31.3018871,120.5998027,100.0,BUSY,M-L-001,V3
813,813,M-UAV-01,M600,31.3108767,120.6039862,30.5,AVAILABLE,,
813,813,M-UAV-02,M600,31.3062683,120.6025389,30.5,CONTINGENCY,,
814,814,EVTOL-01,EC35,31.3040989,120.5960560,199.9,BUSY,M-P-001,V2
814,814,L-UAV-01,AMZN,31.3020063,120.5998781,100.0,BUSY,M-L-001,V3
814,814,M-UAV-01,M600,31.3108767,120.6039862,30.5,AVAILABLE,,
814,814,M-UAV-02,M600,31.3062683,120.6025389,30.5,CONTINGENCY,,
815,815,EVTOL-01,EC35,31.3037362,120.5960339,199.9,BUSY,M-P-001,V2
815,815,L-UAV-01,AMZN,31.3021255,120.5999536,100.0,BUSY,M-L-001,V3
815,815,M-UAV-01,M600,31.3108767,120.6039862,30.5,AVAILABLE,,
815,815,M-UAV-02,M600,31.3062683,120.6025389,30.5,CONTINGENCY,,
816,816,EVTOL-01,EC35,31.3033735,120.5960117,199.9,BUSY,M-P-001,V2
816,816,L-UAV-01,AMZN,31.3022448,120.6000291,100.0,BUSY,M-L-001,V3
816,816,M-UAV-01,M600,31.3108767,120.6039862,30.5,AVAILABLE,,
816,816,M-UAV-02,M600,31.3062683,120.6025389,30.5,CONTINGENCY,,
817,817,EVTOL-01,EC35,31.3030108,120.5959895,199.9,BUSY,M-P-001,V2
817,817,L-UAV-01,AMZN,31.3023640,120.6001045,100.0,BUSY,M-L-001,V3
817,817,M-UAV-01,M600,31.3108767,120.6039862,30.5,AVAILABLE,,
817,817,M-UAV-02,M600,31.3062683,120.6025389,30.5,CONTINGENCY,,
818,818,EVTOL-01,EC35,31.3026481,120.5959673,199.9,BUSY,M-P-001,V2
818,818,L-UAV-01,AMZN,31.3024832,120.6001800,100.0,BUSY,M-L-001,V3
818,818,M-UAV-01,M600,31.3108767,120.6039862,30.5,AVAILABLE,,
818,818,M-UAV-02,M600,31.3062683,120.6025389,30.5,CONTINGENCY,,
819,819,EVTOL-01,EC35,31.3022854,120.5959451,199.9,BUSY,M-P-001,V2
819,819,L-UAV-01,AMZN,31.3026024,120.6002555,100.0,BUSY,M-L-001,V3
819,819,M-UAV-01,M600,31.3108767,120.6039862,30.5,AVAILABLE,,
819,819,M-UAV-02,M600,31.3062683,120.6025389,30.5,CONTINGENCY,,
820,820,EVTOL-01,EC35,31.3019227,120.5959229,199.9,BUSY,M-P-001,V2
820,820,L-UAV-01,AMZN,31.3027217,120.6003309,100.0,BUSY,M-L-001,V3
820,820,M-UAV-01,M600,31.3108767,120.6039862,30.5,AVAILABLE,,
820,820,M-UAV-02,M600,31.3062683,120.6025389,30.5,CONTINGENCY,,
821,821,EVTOL-01,EC35,31.3015600,120.5959007,199.9,BUSY,M-P-001,V2
821,821,L-UAV-01,AMZN,31.3028409,120.6004064,100.0,BUSY,M-L-001,V3
821,821,M-UAV-01,M600,31.3108767,120.6039862,30.5,AVAILABLE,,
821,821,M-UAV-02,M600,31.3062683,120.6025389,30.5,CONTINGENCY,,
822,822,EVTOL-01,EC35,31.3011973,120.5958786,199.9,BUSY,M-P-001,V2
822,822,L-UAV-01,AMZN,31.3029601,120.6004819,100.0,BUSY,M-L-001,V3
822,822,M-UAV-01,M600,31.3108767,120.6039862,30.5,AVAILABLE,,
822,822,M-UAV-02,M600,31.3062683,120.6025389,30.5,CONTINGENCY,,
823,823,EVTOL-01,EC35,31.3008346,120.5958564,199.9,BUSY,M-P-001,V2
823,823,L-UAV-01,AMZN,31.3030794,120.6005573,100.0,BUSY,M-L-001,V3
823,823,M-UAV-01,M600,31.3108767,120.6039862,30.5,AVAILABLE,,
823,823,M-UAV-02,M600,31.3062683,120.6025389,30.5,CONTINGENCY,,
824,824,EVTOL-01,EC35,31.3004720,120.5958342,199.9,BUSY,M-P-001,V2
824,824,L-UAV-01,AMZN,31.3031986,120.6006328,100.0,BUSY,M-L-001,V3
824,824,M-UAV-01,M600,31.3108767,120.6039862,30.5,AVAILABLE,,
824,824,M-UAV-02,M600,31.3062683,120.6025389,30.5,CONTINGENCY,,
825,825,EVTOL-01,EC35,31.3001093,120.5958120,199.9,BUSY,M-P-001,V2
825,825,L-UAV-01,AMZN,31.3033178,120.6007082,100.0,BUSY,M-L-001,V3
825,825,M-UAV-01,M600,31.3108767,120.6039862,30.5,AVAILABLE,,
825,825,M-UAV-02,M600,31.3062683,120.6025389,30.5,CONTINGENCY,,
826,826,EVTOL-01,EC35,31.2997466,120.5957898,199.9,BUSY,M-P-001,V2
826,826,L-UAV-01,AMZN,31.3034370,120.6007837,100.0,BUSY,M-L-001,V3
826,826,M-UAV-01,M600,31.3108767,120.6039862,30.5,AVAILABLE,,
826,826,M-UAV-02,M600,31.3062683,120.6025389,30.5,CONTINGENCY,,
827,827,EVTOL-01,EC35,31.2993839,120.5957676,199.9,BUSY,M-P-001,V2
827,827,L-UAV-01,AMZN,31.3035563,120.6008592,100.0,BUSY,M-L-001,V3
827,827,M-UAV-01,M600,31.3108767,120.6039862,30.5,AVAILABLE,,
827,827,M-UAV-02,M600,31.3062683,120.6025389,30.5,CONTINGENCY,,
828,828,EVTOL-01,EC35,31.2990212,120.5957455,199.9,BUSY,M-P-001,V2
828,828,L-UAV-01,AMZN,31.3036755,120.6009346,100.0,BUSY,M-L-001,V3
828,828,M-UAV-01,M600,31.3108767,120.6039862,30.5,AVAILABLE,,
828,828,M-UAV-02,M600,31.3062683,120.6025389,30.5,CONTINGENCY,,
829,829,EVTOL-01,EC35,31.2986585,120.5957233,199.9,BUSY,M-P-001,V2
829,829,L-UAV-01,AMZN,31.3037947,120.6010101,100.0,BUSY,M-L-001,V3
829,829,M-UAV-01,M600,31.3108767,120.6039862,30.5,AVAILABLE,,
829,829,M-UAV-02,M600,31.3062683,120.6025389,30.5,CONTINGENCY,,
830,830,EVTOL-01,EC35,31.2982958,120.5957011,199.9,BUSY,M-P-001,V2
830,830,L-UAV-01,AMZN,31.3039140,120.6010856,100.0,BUSY,M-L-001,V3
830,830,M-UAV-01,M600,31.3108767,120.6039862,30.5,AVAILABLE,,
830,830,M-UAV-02,M600,31.3062683,120.6025389,30.5,CONTINGENCY,,
831,831,EVTOL-01,EC35,31.2979331,120.5956789,199.9,BUSY,M-P-001,V1
831,831,L-UAV-01,AMZN,31.3040332,120.6011610,100.0,BUSY,M-L-001,V3
831,831,M-UAV-01,M600,31.3108767,120.6039862,30.5,AVAILABLE,,
831,831,M-UAV-02,M600,31.3062683,120.6025389,30.5,CONTINGENCY,,
832,832,EVTOL-01,EC35,31.2975706,120.5957048,199.9,BUSY,M-P-001,V1
832,832,L-UAV-01,AMZN,31.3041524,120.6012365,100.0,BUSY,M-L-001,V3
832,832,M-UAV-01,M600,31.3108767,120.6039862,30.5,AVAILABLE,,
832,832,M-UAV-02,M600,31.3062683,120.6025389,30.5,CONTINGENCY,,
833,833,EVTOL-01,EC35,31.2972129,120.5957785,199.9,BUSY,M-P-001,V1
833,833,L-UAV-01,AMZN,31.3042716,120.6013120,100.0,BUSY,M-L-001,V3
833,833,M-UAV-01,M600,31.3108767,120.6039862,30.5,AVAILABLE,,
833,833,M-UAV-02,M600,31.3062683,120.6025389,30.5,CONTINGENCY,,
834,834,EVTOL-01,EC35,31.2968646,120.5958990,199.9,BUSY,M-P-001,V1
834,834,L-UAV-01,AMZN,31.3043909,120.6013874,100.0,BUSY,M-L-001,V3
834,834,M-UAV-01,M600,31.3108767,120.6039862,30.5,AVAILABLE,,
834,834,M-UAV-02,M600,31.3062683,120.6025389,30.5,CONTINGENCY,,
835,835,EVTOL-01,EC35,31.2965302,120.5960648,199.9,BUSY,M-P-001,V1
835,835,L-UAV-01,AMZN,31.3045101,120.6014629,100.0,BUSY,M-L-001,V3
835,835,M-UAV-01,M600,31.3108767,120.6039862,30.5,AVAILABLE,,
835,835,M-UAV-02,M600,31.3062683,120.6025389,30.5,CONTINGENCY,,
836,836,EVTOL-01,EC35,31.2962139,120.5962738,199.9,BUSY,M-P-001,V1
836,836,L-UAV-01,AMZN,31.3046293,120.6015384,100.0,BUSY,M-L-001,V3
836,836,M-UAV-01,M600,31.3108767,120.6039862,30.5,AVAILABLE,,
836,836,M-UAV-02,M600,31.3062683,120.6025389,30.5,CONTINGENCY,,
837,837,EVTOL-01,EC35,31.2959198,120.5965232,199.9,BUSY,M-P-001,V1
837,837,L-UAV-01,AMZN,31.3047485,120.6016139,100.0,BUSY,M-L-001,V3
837,837,M-UAV-01,M600,31.3108767,120.6039862,30.5,AVAILABLE,,
837,837,M-UAV-02,M600,31.3062683,120.6025389,30.5,CONTINGENCY,,
838,838,EVTOL-01,EC35,31.2956517,120.5968100,199.9,BUSY,M-P-001,V1
838,838,L-UAV-01,AMZN,31.3048678,120.6016893,100.0,BUSY,M-L-001,V3
838,838,M-UAV-01,M600,31.3108767,120.6039862,30.5,AVAILABLE,,
838,838,M-UAV-02,M600,31.3062683,120.6025389,30.5,CONTINGENCY,,
839,839,EVTOL-01,EC35,31.2954130,120.5971303,199.9,BUSY,M-P-001,V1
839,839,L-UAV-01,AMZN,31.3049870,120.6017648,100.0,BUSY,M-L-001,V3
839,839,M-UAV-01,M600,31.3108767,120.6039862,30.5,AVAILABLE,,
839,839,M-UAV-02,M600,31.3062683,120.6025389,30.5,CONTINGENCY,,
840,840,EVTOL-01,EC35,31.2952068,120.5974801,199.9,BUSY,M-P-001,V1
840,840,L-UAV-01,AMZN,31.3051062,120.6018403,100.0,BUSY,M-L-001,V3
840,840,M-UAV-01,M600,31.3108767,120.6039862,30.5,AVAILABLE,,
840,840,M-UAV-02,M600,31.3062683,120.6025389,30.5,CONTINGENCY,,
841,841,EVTOL-01,EC35,31.2950356,120.5978550,199.9,BUSY,M-P-001,V1
841,841,L-UAV-01,AMZN,31.3052255,120.6019157,100.0,BUSY,M-L-001,V3
841,841,M-UAV-01,M600,31.3108767,120.6039862,30.5,AVAILABLE,,
841,841,M-UAV-02,M600,31.3062683,120.6025389,30.5,CONTINGENCY,,
842,842,EVTOL-01,EC35,31.2949018,120.5982501,199.9,BUSY,M-P-001,V1
842,842,L-UAV-01,AMZN,31.3053447,120.6019912,100.0,BUSY,M-L-001,V3
842,842,M-UAV-01,M600,31.3108767,120.6039862,30.5,AVAILABLE,,
842,842,M-UAV-02,M600,31.3062683,120.6025389,30.5,CONTINGENCY,,
843,843,EVTOL-01,EC35,31.2948069,120.5986604,199.9,BUSY,M-P-001,V1
843,843,L-UAV-01,AMZN,31.3054639,120.6020667,100.0,BUSY,M-L-001,V3
843,843,M-UAV-01,M600,31.3108767,120.6039862,30.5,AVAILABLE,,
843,843,M-UAV-02,M600,31.3062683,120.6025389,30.5,CONTINGENCY,,
844,844,EVTOL-01,EC35,31.2947523,120.5990806,199.9,BUSY,M-P-001,V1
844,844,L-UAV-01,AMZN,31.3055831,120.6021421,100.0,BUSY,M-L-001,V3
844,844,M-UAV-01,M600,31.3108767,120.6039862,30.5,AVAILABLE,,
844,844,M-UAV-02,M600,31.3062683,120.6025389,30.5,CONTINGENCY,,
845,845,EVTOL-01,EC35,31.2947386,120.5995053,199.9,BUSY,M-P-001,V1
845,845,L-UAV-01,AMZN,31.3057024,120.6022176,100.0,BUSY,M-L-001,V3
845,845,M-UAV-01,M600,31.3108767,120.6039862,30.5,AVAILABLE,,
845,845,M-UAV-02,M600,31.3062683,120.6025389,30.5,CONTINGENCY,,
846,846,EVTOL-01,EC35,31.2947660,120.5999292,199.9,BUSY,M-P-001,V1
846,846,L-UAV-01,AMZN,31.3058216,120.6022931,100.0,BUSY,M-L-001,V2
846,846,M-UAV-01,M600,31.3108767,120.6039862,30.5,AVAILABLE,,
846,846,M-UAV-02,M600,31.3062683,120.6025389,30.5,CONTINGENCY,,
847,847,EVTOL-01,EC35,31.2948341,120.6003466,199.9,BUSY,M-P-001,V1
847,847,L-UAV-01,AMZN,31.3059546,120.6023234,100.0,BUSY,M-L-001,V2
847,847,M-UAV-01,M600,31.3108767,120.6039862,30.5,AVAILABLE,,
847,847,M-UAV-02,M600,31.3062683,120.6025389,30.5,CONTINGENCY,,
848,848,EVTOL-01,EC35,31.2949421,120.6007524,199.9,BUSY,M-P-001,V1
848,848,L-UAV-01,AMZN,31.3060894,120.6023058,100.0,BUSY,M-L-001,V2
848,848,M-UAV-01,M600,31.3108767,120.6039862,30.5,AVAILABLE,,
848,848,M-UAV-02,M600,31.3062683,120.6025389,30.5,CONTINGENCY,,
849,849,EVTOL-01,EC35,31.2950886,120.6011414,199.9,BUSY,M-P-001,V1
849,849,L-UAV-01,AMZN,31.3062134,120.6022419,100.0,BUSY,M-L-001,V2
849,849,M-UAV-01,M600,31.3108767,120.6039862,30.5,AVAILABLE,,
849,849,M-UAV-02,M600,31.3062683,120.6025389,30.5,CONTINGENCY,,
850,850,EVTOL-01,EC35,31.2952718,120.6015084,199.9,BUSY,M-P-001,V1
850,850,L-UAV-01,AMZN,31.3063155,120.6021376,100.0,BUSY,M-L-001,V2
850,850,M-UAV-01,M600,31.3108767,120.6039862,30.5,AVAILABLE,,
850,850,M-UAV-02,M600,31.3062683,120.6025389,30.5,CONTINGENCY,,
851,851,EVTOL-01,EC35,31.2954891,120.6018489,199.9,BUSY,M-P-001,V1
851,851,L-UAV-01,AMZN,31.3063863,120.6020023,100.0,BUSY,M-L-001,V2
851,851,M-UAV-01,M600,31.3108767,120.6039862,30.5,AVAILABLE,,
851,851,M-UAV-02,M600,31.3062683,120.6025389,30.5,CONTINGENCY,,
852,852,EVTOL-01,EC35,31.2957380,120.6021585,199.9,BUSY,M-P-001,V1
852,852,L-UAV-01,AMZN,31.3064194,120.6018484,100.0,BUSY,M-L-001,V2
852,852,M-UAV-01,M600,31.3108767,120.6039862,30.5,AVAILABLE,,
852,852,M-UAV-02,M600,31.3062683,120.6025389,30.5,CONTINGENCY,,
853,853,EVTOL-01,EC35,31.2960151,120.6024332,199.9,BUSY,M-P-001,V1
853,853,L-UAV-01,AMZN,31.3064116,120.6016901,100.0,BUSY,M-L-001,V2
853,853,M-UAV-01,M600,31.3108767,120.6039862,30.5,AVAILABLE,,
853,853,M-UAV-02,M600,31.3062683,120.6025389,30.5,CONTINGENCY,,
854,854,EVTOL-01,EC35,31.2963171,120.6026695,199.9,BUSY,M-P-001,V1
854,854,L-UAV-01,AMZN,31.3063638,120.6015416,100.0,BUSY,M-L-001,V2
854,854,M-UAV-01,M600,31.3108767,120.6039862,30.5,AVAILABLE,,
854,854,M-UAV-02,M600,31.3062683,120.6025389,30.5,CONTINGENCY,,
855,855,EVTOL-01,EC35,31.2966398,120.6028643,199.9,BUSY,M-P-001,V1
855,855,L-UAV-01,AMZN,31.3062802,120.6014167,100.0,BUSY,M-L-001,V2
855,855,M-UAV-01,M600,31.3108767,120.6039862,30.5,AVAILABLE,,
855,855,M-UAV-02,M600,31.3062683,120.6025389,30.5,CONTINGENCY,,
856,856,EVTOL-01,EC35,31.2969794,120.6030152,199.9,BUSY,M-P-001,V1
856,856,L-UAV-01,AMZN,31.3061686,120.6013267,100.0,BUSY,M-L-001,V2
856,856,M-UAV-01,M600,31.3108767,120.6039862,30.5,AVAILABLE,,
856,856,M-UAV-02,M600,31.3062683,120.6025389,30.5,CONTINGENCY,,
857,857,EVTOL-01,EC35,31.2973313,120.6031203,199.9,BUSY,M-P-001,V1
857,857,L-UAV-01,AMZN,31.3060494,120.6012512,100.0,BUSY,M-L-001,V2
857,857,M-UAV-01,M600,31.3108767,120.6039862,30.5,AVAILABLE,,
857,857,M-UAV-02,M600,31.3062683,120.6025389,30.5,CONTINGENCY,,
858,858,EVTOL-01,EC35,31.2976911,120.6031781,199.9,BUSY,M-P-001,V1
858,858,L-UAV-01,AMZN,31.3059302,120.6011757,100.0,BUSY,M-L-001,V2
858,858,M-UAV-01,M600,31.3108767,120.6039862,30.5,AVAILABLE,,
858,858,M-UAV-02,M600,31.3062683,120.6025389,30.5,CONTINGENCY,,
859,859,EVTOL-01,EC35,31.2980538,120.6032003,199.9,BUSY,M-P-001,V1
859,859,L-UAV-01,AMZN,31.3058109,120.6011003,100.0,BUSY,M-L-001,V2
859,859,M-UAV-01,M600,31.3108767,120.6039862,30.5,AVAILABLE,,
859,859,M-UAV-02,M600,31.3062683,120.6025389,30.5,CONTINGENCY,,
860,860,EVTOL-01,EC35,31.2984165,120.6032226,199.9,BUSY,M-P-001,V1
860,860,L-UAV-01,AMZN,31.3056917,120.6010248,100.0,BUSY,M-L-001,V2
860,860,M-UAV-01,M600,31.3108767,120.6039862,30.5,AVAILABLE,,
860,860,M-UAV-02,M600,31.3062683,120.6025389,30.5,CONTINGENCY,,
861,861,EVTOL-01,EC35,31.2987792,120.6032448,199.9,BUSY,M-P-001,V1
861,861,L-UAV-01,AMZN,31.3055725,120.6009493,100.0,BUSY,M-L-001,V2
861,861,M-UAV-01,M600,31.3108767,120.6039862,30.5,AVAILABLE,,
861,861,M-UAV-02,M600,31.3062683,120.6025389,30.5,CONTINGENCY,,
862,862,EVTOL-01,EC35,31.2991419,120.6032670,199.9,BUSY,M-P-001,V1
862,862,L-UAV-01,AMZN,31.3054532,120.6008739,100.0,BUSY,M-L-001,V2
862,862,M-UAV-01,M600,31.3108767,120.6039862,30.5,AVAILABLE,,
862,862,M-UAV-02,M600,31.3062683,120.6025389,30.5,CONTINGENCY,,
863,863,EVTOL-01,EC35,31.2995046,120.6032892,199.9,BUSY,M-P-001,V1
863,863,L-UAV-01,AMZN,31.3053340,120.6007984,100.0,BUSY,M-L-001,V2
863,863,M-UAV-01,M600,31.3108767,120.6039862,30.5,AVAILABLE,,
863,863,M-UAV-02,M600,31.3062683,120.6025389,30.5,CONTINGENCY,,
864,864,EVTOL-01,EC35,31.2998673,120.6033115,199.9,BUSY,M-P-001,V1
864,864,L-UAV-01,AMZN,31.3052148,120.6007229,100.0,BUSY,M-L-001,V2
864,864,M-UAV-01,M600,31.3108767,120.6039862,30.5,AVAILABLE,,
864,864,M-UAV-02,M600,31.3062683,120.6025389,30.5,CONTINGENCY,,
865,865,EVTOL-01,EC35,31.3002299,120.6033337,199.9,BUSY,M-P-001,V1
865,865,L-UAV-01,AMZN,31.3050956,120.6006475,100.0,BUSY,M-L-001,V2
865,865,M-UAV-01,M600,31.3108767,120.6039862,30.5,AVAILABLE,,
865,865,M-UAV-02,M600,31.3062683,120.6025389,30.5,CONTINGENCY,,
866,866,EVTOL-01,EC35,31.3005926,120.6033559,199.9,BUSY,M-P-001,V1
866,866,L-UAV-01,AMZN,31.3049763,120.6005720,100.0,BUSY,M-L-001,V2
866,866,M-UAV-01,M600,31.3108767,120.6039862,30.5,AVAILABLE,,
866,866,M-UAV-02,M600,31.3062683,120.6025389,30.5,CONTINGENCY,,
867,867,EVTOL-01,EC35,31.3009553,120.6033781,199.9,BUSY,M-P-001,V1
867,867,L-UAV-01,AMZN,31.3048571,120.6004965,100.0,BUSY,M-L-001,V2
867,867,M-UAV-01,M600,31.3108767,120.6039862,30.5,AVAILABLE,,
867,867,M-UAV-02,M600,31.3062683,120.6025389,30.5,CONTINGENCY,,
868,868,EVTOL-01,EC35,31.3013180,120.6034004,199.9,BUSY,M-P-001,V1
868,868,L-UAV-01,AMZN,31.3047379,120.6004211,100.0,BUSY,M-L-001,V2
868,868,M-UAV-01,M600,31.3108767,120.6039862,30.5,AVAILABLE,,
868,868,M-UAV-02,M600,31.3062683,120.6025389,30.5,CONTINGENCY,,
869,869,EVTOL-01,EC35,31.3016807,120.6034226,199.9,BUSY,M-P-001,V1
869,869,L-UAV-01,AMZN,31.3046187,120.6003456,100.0,BUSY,M-L-001,V2
869,869,M-UAV-01,M600,31.3108767,120.6039862,30.5,AVAILABLE,,
869,869,M-UAV-02,M600,31.3062683,120.6025389,30.5,CONTINGENCY,,
870,870,EVTOL-01,EC35,31.3020434,120.6034448,199.9,BUSY,M-P-001,V1
870,870,L-UAV-01,AMZN,31.3044994,120.6002701,100.0,BUSY,M-L-001,V2
870,870,M-UAV-01,M600,31.3108767,120.6039862,30.5,AVAILABLE,,
870,870,M-UAV-02,M600,31.3062683,120.6025389,30.5,CONTINGENCY,,
871,871,EVTOL-01,EC35,31.3024061,120.6034670,199.9,BUSY,M-P-001,V1
871,871,L-UAV-01,AMZN,31.3043802,120.6001947,100.0,BUSY,M-L-001,V2
871,871,M-UAV-01,M600,31.3108767,120.6039862,30.5,AVAILABLE,,
871,871,M-UAV-02,M600,31.3062683,120.6025389,30.5,CONTINGENCY,,
872,872,EVTOL-01,EC35,31.3027688,120.6034893,199.9,BUSY,M-P-001,V1
872,872,L-UAV-01,AMZN,31.3042610,120.6001192,100.0,BUSY,M-L-001,V2
872,872,M-UAV-01,M600,31.3108767,120.6039862,30.5,AVAILABLE,,
872,872,M-UAV-02,M600,31.3062683,120.6025389,30.5,CONTINGENCY,,
873,873,EVTOL-01,EC35,31.3031315,120.6035115,199.9,BUSY,M-P-001,V1
873,873,L-UAV-01,AMZN,31.3041417,120.6000437,100.0,BUSY,M-L-001,V2
873,873,M-UAV-01,M600,31.3108767,120.6039862,30.5,AVAILABLE,,
873,873,M-UAV-02,M600,31.3062683,120.6025389,30.5,CONTINGENCY,,
874,874,EVTOL-01,EC35,31.3034942,120.6035337,199.9,BUSY,M-P-001,V1
874,874,L-UAV-01,AMZN,31.3040225,120.5999683,100.0,BUSY,M-L-001,V2
874,874,M-UAV-01,M600,31.3108767,120.6039862,30.5,AVAILABLE,,
874,874,M-UAV-02,M600,31.3062683,120.6025389,30.5,CONTINGENCY,,
875,875,EVTOL-01,EC35,31.3038569,120.6035559,199.9,BUSY,M-P-001,V1
875,875,L-UAV-01,AMZN,31.3039033,120.5998928,100.0,BUSY,M-L-001,V2
875,875,M-UAV-01,M600,31.3108767,120.6039862,30.5,AVAILABLE,,
875,875,M-UAV-02,M600,31.3062683,120.6025389,30.5,CONTINGENCY,,
876,876,EVTOL-01,EC35,31.3042196,120.6035782,199.9,BUSY,M-P-001,V1
876,876,L-UAV-01,AMZN,31.3037841,120.5998173,100.0,BUSY,M-L-001,V2
876,876,M-UAV-01,M600,31.3108767,120.6039862,30.5,AVAILABLE,,
876,876,M-UAV-02,M600,31.3062683,120.6025389,30.5,CONTINGENCY,,
877,877,EVTOL-01,EC35,31.3045823,120.6036004,199.9,BUSY,M-P-001,V1
877,877,L-UAV-01,AMZN,31.3036648,120.5997419,100.0,BUSY,M-L-001,V2
877,877,M-UAV-01,M600,31.3108767,120.6039862,30.5,AVAILABLE,,
877,877,M-UAV-02,M600,31.3062683,120.6025389,30.5,CONTINGENCY,,
878,878,EVTOL-01,EC35,31.3049450,120.6036226,199.9,BUSY,M-P-001,V1
878,878,L-UAV-01,AMZN,31.3035456,120.5996664,100.0,BUSY,M-L-001,V2
878,878,M-UAV-01,M600,31.3108767,120.6039862,30.5,AVAILABLE,,
878,878,M-UAV-02,M600,31.3062683,120.6025389,30.5,CONTINGENCY,,
879,879,EVTOL-01,EC35,31.3053077,120.6036448,199.9,BUSY,M-P-001,V1
879,879,L-UAV-01,AMZN,31.3034264,120.5995909,100.0,BUSY,M-L-001,V2
879,879,M-UAV-01,M600,31.3108767,120.6039862,30.5,AVAILABLE,,
879,879,M-UAV-02,M600,31.3062683,120.6025389,30.5,CONTINGENCY,,
880,880,EVTOL-01,EC35,31.3056704,120.6036671,199.9,BUSY,M-P-001,V1
880,880,L-UAV-01,AMZN,31.3033071,120.5995155,100.0,BUSY,M-L-001,V2
880,880,M-UAV-01,M600,31.3108767,120.6039862,30.5,AVAILABLE,,
880,880,M-UAV-02,M600,31.3062683,120.6025389,30.5,CONTINGENCY,,
881,881,EVTOL-01,EC35,31.3060330,120.6036893,199.9,BUSY,M-P-001,V1
881,881,L-UAV-01,AMZN,31.3031879,120.5994400,100.0,BUSY,M-L-001,V2
881,881,M-UAV-01,M600,31.3108767,120.6039862,30.5,AVAILABLE,,
881,881,M-UAV-02,M600,31.3062683,120.6025389,30.5,CONTINGENCY,,
882,882,EVTOL-01,EC35,31.3063957,120.6037115,199.9,BUSY,M-P-001,V1
882,882,L-UAV-01,AMZN,31.3030687,120.5993645,100.0,BUSY,M-L-001,V2
882,882,M-UAV-01,M600,31.3108767,120.6039862,30.5,AVAILABLE,,
882,882,M-UAV-02,M600,31.3062683,120.6025389,30.5,CONTINGENCY,,
883,883,EVTOL-01,EC35,31.3067584,120.6037338,199.9,BUSY,M-P-001,V1
883,883,L-UAV-01,AMZN,31.3029494,120.5992891,100.0,BUSY,M-L-001,V2
883,883,M-UAV-01,M600,31.3108767,120.6039862,30.5,AVAILABLE,,
883,883,M-UAV-02,M600,31.3062683,120.6025389,30.5,CONTINGENCY,,
884,884,EVTOL-01,EC35,31.3071211,120.6037560,199.9,BUSY,M-P-001,V1
884,884,L-UAV-01,AMZN,31.3028302,120.5992136,100.0,BUSY,M-L-001,V2
884,884,M-UAV-01,M600,31.3108767,120.6039862,30.5,AVAILABLE,,
884,884,M-UAV-02,M600,31.3062683,120.6025389,30.5,CONTINGENCY,,
885,885,EVTOL-01,EC35,31.3074838,120.6037782,199.9,BUSY,M-P-001,V1
885,885,L-UAV-01,AMZN,31.3027110,120.5991382,100.0,BUSY,M-L-001,V2
885,885,M-UAV-01,M600,31.3108767,120.6039862,30.5,AVAILABLE,,
885,885,M-UAV-02,M600,31.3062683,120.6025389,30.5,CONTINGENCY,,
886,886,EVTOL-01,EC35,31.3078465,120.6038004,199.9,BUSY,M-P-001,V1
886,886,L-UAV-01,AMZN,31.3025918,120.5990627,100.0,BUSY,M-L-001,V2
886,886,M-UAV-01,M600,31.3108767,120.6039862,30.5,AVAILABLE,,
886,886,M-UAV-02,M600,31.3062683,120.6025389,30.5,CONTINGENCY,,
887,887,EVTOL-01,EC35,31.3082092,120.6038227,199.9,BUSY,M-P-001,V1
887,887,L-UAV-01,AMZN,31.3024725,120.5989872,100.0,BUSY,M-L-001,V2
887,887,M-UAV-01,M600,31.3108767,120.6039862,30.5,AVAILABLE,,
887,887,M-UAV-02,M600,31.3062683,120.6025389,30.5,CONTINGENCY,,
888,888,EVTOL-01,EC35,31.3085719,120.6038449,199.9,BUSY,M-P-001,V1
888,888,L-UAV-01,AMZN,31.3023533,120.5989118,100.0,BUSY,M-L-001,V2
888,888,M-UAV-01,M600,31.3108767,120.6039862,30.5,AVAILABLE,,
888,888,M-UAV-02,M600,31.3062683,120.6025389,30.5,CONTINGENCY,,
889,889,EVTOL-01,EC35,31.3089346,120.6038671,199.9,BUSY,M-P-001,V1
889,889,L-UAV-01,AMZN,31.3022341,120.5988363,100.0,BUSY,M-L-001,V2
889,889,M-UAV-01,M600,31.3108767,120.6039862,30.5,AVAILABLE,,
889,889,M-UAV-02,M600,31.3062683,120.6025389,30.5,CONTINGENCY,,
890,890,EVTOL-01,EC35,31.3092973,120.6038893,199.9,BUSY,M-P-001,V1
890,890,L-UAV-01,AMZN,31.3021148,120.5987608,100.0,BUSY,M-L-001,V2
890,890,M-UAV-01,M600,31.3108767,120.6039862,30.5,AVAILABLE,,
890,890,M-UAV-02,M600,31.3062683,120.6025389,30.5,CONTINGENCY,,
891,891,EVTOL-01,EC35,31.3096600,120.6039116,199.9,BUSY,M-P-001,V1
891,891,L-UAV-01,AMZN,31.3019956,120.5986854,100.0,BUSY,M-L-001,V2
891,891,M-UAV-01,M600,31.3108767,120.6039862,30.5,AVAILABLE,,
891,891,M-UAV-02,M600,31.3062683,120.6025389,30.5,CONTINGENCY,,
892,892,EVTOL-01,EC35,31.3100227,120.6039338,199.9,BUSY,M-P-001,V2
892,892,L-UAV-01,AMZN,31.3018764,120.5986099,100.0,BUSY,M-L-001,V2
892,892,M-UAV-01,M600,31.3108767,120.6039862,30.5,AVAILABLE,,
892,892,M-UAV-02,M600,31.3062683,120.6025389,30.5,CONTINGENCY,,
893,893,EVTOL-01,EC35,31.3103852,120.6039079,199.9,BUSY,M-P-001,V2
893,893,L-UAV-01,AMZN,31.3017572,120.5985345,100.0,BUSY,M-L-001,V2
893,893,M-UAV-01,M600,31.3108767,120.6039862,30.5,AVAILABLE,,
893,893,M-UAV-02,M600,31.3062683,120.6025389,30.5,CONTINGENCY,,
894,894,EVTOL-01,EC35,31.3107429,120.6038343,199.9,BUSY,M-P-001,V2
894,894,L-UAV-01,AMZN,31.3016379,120.5984590,100.0,BUSY,M-L-001,V2
894,894,M-UAV-01,M600,31.3108767,120.6039862,30.5,AVAILABLE,,
894,894,M-UAV-02,M600,31.3062683,120.6025389,30.5,CONTINGENCY,,
895,895,EVTOL-01,EC35,31.3110912,120.6037138,199.9,BUSY,M-P-001,V2
895,895,L-UAV-01,AMZN,31.3015187,120.5983835,100.0,BUSY,M-L-001,V2
895,895,M-UAV-01,M600,31.3108767,120.6039862,30.5,AVAILABLE,,
895,895,M-UAV-02,M600,31.3062683,120.6025389,30.5,CONTINGENCY,,
896,896,EVTOL-01,EC35,31.3114256,120.6035480,199.9,BUSY,M-P-001,V2
896,896,L-UAV-01,AMZN,31.3013995,120.5983081,100.0,BUSY,M-L-001,V2
896,896,M-UAV-01,M600,31.3108767,120.6039862,30.5,AVAILABLE,,
896,896,M-UAV-02,M600,31.3062683,120.6025389,30.5,CONTINGENCY,,
897,897,EVTOL-01,EC35,31.3117419,120.6033390,199.9,BUSY,M-P-001,V2
897,897,L-UAV-01,AMZN,31.3012802,120.5982326,100.0,BUSY,M-L-001,V2
897,897,M-UAV-01,M600,31.3108767,120.6039862,30.5,AVAILABLE,,
897,897,M-UAV-02,M600,31.3062683,120.6025389,30.5,CONTINGENCY,,
898,898,EVTOL-01,EC35,31.3120360,120.6030896,199.9,BUSY,M-P-001,V2
898,898,L-UAV-01,AMZN,31.3011610,120.5981571,100.0,BUSY,M-L-001,V2
898,898,M-UAV-01,M600,31.3108767,120.6039862,30.5,AVAILABLE,,
898,898,M-UAV-02,M600,31.3062683,120.6025389,30.5,CONTINGENCY,,
899,899,EVTOL-01,EC35,31.3123041,120.6028028,199.9,BUSY,M-P-001,V2
899,899,L-UAV-01,AMZN,31.3010418,120.5980817,100.0,BUSY,M-L-001,V2
899,899,M-UAV-01,M600,31.3108767,120.6039862,30.5,AVAILABLE,,
899,899,M-UAV-02,M600,31.3062683,120.6025389,30.5,CONTINGENCY,,
900,900,EVTOL-01,EC35,31.3125429,120.6024825,199.9,BUSY,M-P-001,V2
900,900,L-UAV-01,AMZN,31.3009225,120.5980062,100.0,BUSY,M-L-001,V2
900,900,M-UAV-01,M600,31.3108767,120.6039862,30.5,AVAILABLE,,
900,900,M-UAV-02,M600,31.3062683,120.6025389,30.5,CONTINGENCY,,
